{"type":"FeatureCollection","features":[{"type":"Feature","geometry":{"type":"MultiPolygon","coordinates":[[[[-113.8565,44.32782],[-113.8565,44.32836],[-113.85574,44.32836],[-113.85574,44.32782],[-113.8565,44.32782]]],[[[-113.85348,44.32782],[-113.85348,44.32863],[-113.85311,44.32863],[-113.85311,44.32944],[-113.85273,44.32944],[-113.85273,44.32971],[-113.85198,44.32971],[-113.85198,44.33025],[-113.8516,44.33025],[-113.8516,44.33051],[-113.85047,44.33051],[-113.85047,44.33025],[-113.85009,44.33025],[-113.85009,44.32998],[-113.84971,44.32998],[-113.84971,44.32971],[-113.84934,44.32971],[-113.84934,44.32917],[-113.84896,44.32917],[-113.84896,44.32863],[-113.84858,44.32863],[-113.84858,44.32809],[-113.84783,44.32809],[-113.84783,44.32782],[-113.84708,44.32782],[-113.84708,44.32755],[-113.8467,44.32755],[-113.8467,44.32782],[-113.84632,44.32782],[-113.84632,44.32809],[-113.84595,44.32809],[-113.84595,44.32836],[-113.84557,44.32836],[-113.84557,44.3289],[-113.84519,44.3289],[-113.84519,44.32917],[-113.84444,44.32944],[-113.84444,44.32971],[-113.84406,44.32971],[-113.84406,44.32998],[-113.84444,44.32998],[-113.84444,44.33025],[-113.84595,44.33025],[-113.84595,44.33078],[-113.84632,44.33078],[-113.84632,44.33105],[-113.8467,44.33105],[-113.8467,44.33132],[-113.84708,44.33132],[-113.84708,44.33159],[-113.84745,44.33159],[-113.84745,44.33186],[-113.84783,44.33186],[-113.84783,44.33213],[-113.84858,44.3324],[-113.84858,44.33267],[-113.84896,44.33267],[-113.84896,44.33321],[-113.84934,44.33321],[-113.84934,44.3351],[-113.84858,44.3351],[-113.84858,44.33537],[-113.84783,44.33564],[-113.84783,44.33617],[-113.84745,44.33617],[-113.84745,44.33671],[-113.84708,44.33671],[-113.84708,44.33725],[-113.84595,44.33725],[-113.84595,44.33752],[-113.84519,44.33752],[-113.84519,44.33698],[-113.84444,44.33698],[-113.84444,44.33725],[-113.84293,44.33752],[-113.84293,44.33779],[-113.84105,44.33779],[-113.84105,44.33806],[-113.84067,44.33806],[-113.84067,44.33833],[-113.8403,44.33833],[-113.8403,44.33887],[-113.83954,44.33887],[-113.83954,44.33914],[-113.83578,44.33914],[-113.83578,44.33941],[-113.83502,44.33941],[-113.83502,44.33968],[-113.83427,44.33968],[-113.83427,44.33995],[-113.83352,44.34022],[-113.83352,44.34049],[-113.83276,44.34076],[-113.83276,44.34103],[-113.83163,44.34103],[-113.83163,44.34129],[-113.82975,44.34129],[-113.82975,44.34103],[-113.82937,44.34103],[-113.82937,44.34076],[-113.82862,44.34049],[-113.82862,44.34022],[-113.82824,44.34022],[-113.82824,44.33995],[-113.82862,44.33995],[-113.82862,44.33968],[-113.82899,44.33968],[-113.82899,44.33941],[-113.82937,44.33941],[-113.82937,44.33914],[-113.82975,44.33914],[-113.82975,44.33887],[-113.83012,44.33887],[-113.83012,44.3386],[-113.8305,44.3386],[-113.8305,44.33833],[-113.83088,44.33833],[-113.83088,44.33806],[-113.83125,44.33806],[-113.83125,44.33779],[-113.83201,44.33752],[-113.83201,44.33725],[-113.83163,44.33725],[-113.83163,44.33698],[-113.8305,44.33698],[-113.8305,44.33671],[-113.82937,44.33671],[-113.82937,44.33644],[-113.82899,44.33644],[-113.82899,44.33537],[-113.82937,44.33537],[-113.82937,44.33483],[-113.82975,44.33483],[-113.82975,44.33456],[-113.83088,44.33456],[-113.83088,44.33429],[-113.83239,44.33429],[-113.83239,44.33402],[-113.83201,44.33402],[-113.83201,44.33294],[-113.83163,44.33294],[-113.83163,44.33186],[-113.83125,44.33186],[-113.83125,44.33078],[-113.83088,44.33078],[-113.83088,44.32998],[-113.8305,44.32998],[-113.8305,44.33025],[-113.83012,44.33025],[-113.83012,44.33051],[-113.82862,44.33078],[-113.82862,44.33105],[-113.82711,44.33105],[-113.82711,44.33078],[-113.82598,44.33078],[-113.82598,44.33051],[-113.82523,44.33051],[-113.82523,44.33025],[-113.82485,44.33025],[-113.82485,44.32971],[-113.82447,44.32971],[-113.82447,44.32944],[-113.82372,44.32917],[-113.82372,44.32863],[-113.82297,44.32836],[-113.82297,44.32674],[-113.82334,44.32674],[-113.82334,44.32593],[-113.82372,44.32593],[-113.82372,44.32513],[-113.8241,44.32513],[-113.8241,44.32486],[-113.82447,44.32486],[-113.82447,44.32459],[-113.82485,44.32459],[-113.82485,44.32432],[-113.82523,44.32432],[-113.82523,44.32405],[-113.8256,44.32405],[-113.8256,44.32378],[-113.82636,44.32378],[-113.82636,44.32351],[-113.82711,44.32351],[-113.82711,44.32324],[-113.82899,44.32324],[-113.82899,44.32351],[-113.82975,44.32351],[-113.82975,44.32378],[-113.83088,44.32378],[-113.83088,44.32405],[-113.83239,44.32432],[-113.83239,44.32405],[-113.83427,44.32405],[-113.83427,44.32378],[-113.83465,44.32378],[-113.83465,44.32351],[-113.8354,44.32324],[-113.8354,44.32297],[-113.83615,44.32297],[-113.83615,44.3227],[-113.83728,44.3227],[-113.83728,44.32243],[-113.83879,44.32243],[-113.83879,44.32216],[-113.83954,44.32189],[-113.83954,44.32162],[-113.8403,44.32135],[-113.8403,44.32108],[-113.84067,44.32108],[-113.84067,44.32054],[-113.84105,44.32054],[-113.84105,44.32027],[-113.8418,44.32],[-113.8418,44.31974],[-113.84256,44.31947],[-113.84256,44.3192],[-113.84293,44.3192],[-113.84293,44.31893],[-113.84331,44.31893],[-113.84331,44.31866],[-113.84369,44.31866],[-113.84369,44.3192],[-113.84444,44.31947],[-113.84444,44.31893],[-113.84482,44.31893],[-113.84482,44.31839],[-113.84519,44.31839],[-113.84519,44.31785],[-113.84557,44.31785],[-113.84557,44.31758],[-113.84595,44.31758],[-113.84595,44.31731],[-113.84708,44.31731],[-113.84708,44.31704],[-113.84858,44.31704],[-113.84858,44.31677],[-113.85009,44.31677],[-113.85009,44.3165],[-113.85122,44.3165],[-113.85122,44.31704],[-113.85273,44.31704],[-113.85273,44.31677],[-113.85311,44.31677],[-113.85311,44.31704],[-113.85461,44.31731],[-113.85461,44.31758],[-113.85537,44.31758],[-113.85537,44.31731],[-113.8565,44.31731],[-113.8565,44.31704],[-113.85913,44.31704],[-113.85913,44.31731],[-113.85951,44.31731],[-113.85951,44.31758],[-113.85989,44.31758],[-113.85989,44.31785],[-113.86026,44.31785],[-113.86026,44.31866],[-113.86064,44.31866],[-113.86064,44.32081],[-113.86026,44.32081],[-113.86026,44.32135],[-113.85989,44.32135],[-113.85989,44.32162],[-113.85951,44.32162],[-113.85951,44.32189],[-113.85913,44.32189],[-113.85913,44.32216],[-113.85876,44.32216],[-113.85876,44.32243],[-113.85838,44.32243],[-113.85838,44.32324],[-113.85725,44.32324],[-113.85725,44.32351],[-113.8565,44.32351],[-113.8565,44.32378],[-113.85612,44.32378],[-113.85612,44.32405],[-113.85537,44.32405],[-113.85537,44.32539],[-113.85499,44.32539],[-113.85499,44.32593],[-113.85461,44.32593],[-113.85461,44.32728],[-113.85499,44.32728],[-113.85499,44.32755],[-113.85574,44.32755],[-113.85574,44.32782],[-113.85348,44.32782]]]]},"properties":{"layer":"observed_perimeter","fire_name":"Doublesprings","irwin_id":"{960C064B-1764-4834-BD28-90FB69A4AB4A}","model":"arrival_run","checkpoint_epoch":216,"decode":"connected_causal","operating_point":{"floor":0.0,"mult":0.9},"val_precision":null,"val_recall":null,"model_caveat":"arrival_run chosen for best RECALL among the six FlameFlux v3 candidates on the production-valid t0-window corpus (R=0.624 on the fc2 held-out fires, R=0.432 on Dillon -- see candidate_comparison.md from the 2026-07-24 comparison). It does NOT meet the project's P>=0.50/R>=0.80 target: precision is the WORST of the six (P=0.120 on fc2 -- most flagged growth is wrong), and wind_run actually edges it on F1. IMPORTANT CAVEAT: arrival_run trained on the leaky 'observed' corpus (crop centered/sized on t0|t1, i.e. it saw the future perimeter's geometry during training) and has NEVER seen a t0-window crop -- the ONLY geometry this live pipeline can ever produce at forecast time (the future perimeter is, by definition, unknown). So every live prediction from this model is out-of-distribution relative to its own training. The measured t0-window numbers above already reflect that (they are not a surprise), but this is 'best available', not 'production-ready' -- represent it that way. The operating_point (floor=0.0, mult=0.9) is the VAL-selected connected-causal decode point; it did NOT clear the 0.50 precision floor during selection (feasible=False, val P=0.270/R=0.259) -- it's the best-F1 fallback point, not a precision-guaranteed one.","issued_at_utc":"2026-08-05 02:36:31.645281+00:00","valid_from_utc":"2026-08-05 00:00:00","valid_to_utc":"2026-08-06 00:00:00","wfigs_date_current_utc":"2026-08-05 02:05:06+00:00","pixel_size_m":30,"veg_source":"refreshed_d4","physics_source":"eikonal_fbfm40","history_n_dates":1,"degraded_history":true,"containment_pct":0.0,"acres_wfigs":1021.012899130312}},{"type":"Feature","geometry":{"type":"MultiPolygon","coordinates":[[[[-113.86591,44.30626],[-113.86629,44.30626],[-113.86629,44.30653],[-113.86591,44.30653],[-113.86591,44.30626]]],[[[-113.86704,44.30707],[-113.86667,44.30707],[-113.86667,44.3068],[-113.86629,44.3068],[-113.86629,44.30653],[-113.86704,44.30653],[-113.86704,44.30707]]],[[[-113.86855,44.30815],[-113.86817,44.30815],[-113.86817,44.30788],[-113.86855,44.30788],[-113.86855,44.30815]]],[[[-113.86554,44.31003],[-113.86516,44.31003],[-113.86516,44.30976],[-113.86554,44.30976],[-113.86554,44.31003]]],[[[-113.86478,44.31057],[-113.86629,44.3103],[-113.86629,44.31057],[-113.86667,44.31057],[-113.86667,44.31084],[-113.86742,44.31084],[-113.86742,44.31111],[-113.8678,44.31111],[-113.8678,44.31084],[-113.86817,44.31084],[-113.86817,44.31057],[-113.86855,44.31057],[-113.86855,44.31084],[-113.86931,44.31084],[-113.86931,44.31111],[-113.87006,44.31111],[-113.87006,44.31138],[-113.87044,44.31138],[-113.87044,44.31165],[-113.87081,44.31165],[-113.87081,44.31138],[-113.87157,44.31165],[-113.87157,44.31219],[-113.87119,44.31219],[-113.87119,44.31273],[-113.87157,44.31273],[-113.87157,44.313],[-113.86968,44.313],[-113.86968,44.31327],[-113.86893,44.31327],[-113.86893,44.31354],[-113.86855,44.31354],[-113.86855,44.31435],[-113.87044,44.31435],[-113.87044,44.31461],[-113.87081,44.31461],[-113.87081,44.31515],[-113.87119,44.31515],[-113.87119,44.31569],[-113.87157,44.31569],[-113.87157,44.31623],[-113.87194,44.31623],[-113.87194,44.31677],[-113.8727,44.31704],[-113.8727,44.31785],[-113.87307,44.31785],[-113.87307,44.31866],[-113.87345,44.31866],[-113.87345,44.31893],[-113.87307,44.31893],[-113.87307,44.3192],[-113.8727,44.3192],[-113.8727,44.32108],[-113.87307,44.32108],[-113.87307,44.32189],[-113.87345,44.32189],[-113.87345,44.32243],[-113.87383,44.32243],[-113.87383,44.32297],[-113.8742,44.32297],[-113.8742,44.32351],[-113.87458,44.32351],[-113.87458,44.32405],[-113.87496,44.32405],[-113.87496,44.32432],[-113.87571,44.32459],[-113.87571,44.32486],[-113.87684,44.32486],[-113.87684,44.32432],[-113.87722,44.32432],[-113.87722,44.32351],[-113.87797,44.32351],[-113.87797,44.32378],[-113.87835,44.32378],[-113.87835,44.32432],[-113.87872,44.32432],[-113.87872,44.32459],[-113.87835,44.32459],[-113.87835,44.32513],[-113.87797,44.32513],[-113.87797,44.32593],[-113.87835,44.32593],[-113.87835,44.32647],[-113.87872,44.32647],[-113.87872,44.32674],[-113.87948,44.32701],[-113.87948,44.32755],[-113.87985,44.32755],[-113.87985,44.32782],[-113.88061,44.32782],[-113.88061,44.32809],[-113.88211,44.32809],[-113.88211,44.32836],[-113.88362,44.32863],[-113.88362,44.3289],[-113.884,44.3289],[-113.884,44.32917],[-113.88475,44.32944],[-113.88475,44.32971],[-113.88513,44.32971],[-113.88513,44.32998],[-113.88626,44.32998],[-113.88626,44.32971],[-113.88663,44.32971],[-113.88663,44.32917],[-113.88626,44.32917],[-113.88626,44.32782],[-113.88701,44.32782],[-113.88701,44.32809],[-113.88814,44.32809],[-113.88814,44.32782],[-113.8889,44.32755],[-113.8889,44.32728],[-113.88965,44.32701],[-113.88965,44.32674],[-113.89003,44.32674],[-113.89003,44.32539],[-113.88927,44.32513],[-113.88927,44.32405],[-113.88965,44.32405],[-113.88965,44.32378],[-113.89078,44.32378],[-113.89078,44.3227],[-113.89003,44.32243],[-113.89003,44.32135],[-113.88965,44.32135],[-113.88965,44.32081],[-113.88927,44.32081],[-113.88927,44.32054],[-113.89003,44.32054],[-113.89003,44.32081],[-113.89153,44.32081],[-113.89153,44.32108],[-113.89191,44.32108],[-113.89191,44.32216],[-113.89266,44.32216],[-113.89266,44.32243],[-113.89342,44.32243],[-113.89342,44.3227],[-113.89417,44.32243],[-113.89417,44.32162],[-113.89379,44.32162],[-113.89379,44.32081],[-113.89342,44.32081],[-113.89342,44.32027],[-113.89266,44.32],[-113.89266,44.31947],[-113.89304,44.31947],[-113.89304,44.3192],[-113.89379,44.3192],[-113.89379,44.31893],[-113.89455,44.31893],[-113.89455,44.31866],[-113.8953,44.31839],[-113.8953,44.31785],[-113.89492,44.31785],[-113.89492,44.31704],[-113.89379,44.31704],[-113.89379,44.31731],[-113.89266,44.31731],[-113.89266,44.31704],[-113.89229,44.31704],[-113.89229,44.31731],[-113.8904,44.31731],[-113.8904,44.31677],[-113.89078,44.31677],[-113.89078,44.3165],[-113.89116,44.3165],[-113.89116,44.31623],[-113.89191,44.31623],[-113.89191,44.31596],[-113.89266,44.31569],[-113.89266,44.31542],[-113.89304,44.31542],[-113.89304,44.31488],[-113.89342,44.31488],[-113.89342,44.31461],[-113.89417,44.31461],[-113.89417,44.31435],[-113.89492,44.31435],[-113.89492,44.31408],[-113.89568,44.31408],[-113.89568,44.31381],[-113.89643,44.31381],[-113.89643,44.31354],[-113.89794,44.31354],[-113.89794,44.31327],[-113.9002,44.31327],[-113.9002,44.313],[-113.90095,44.313],[-113.90095,44.31273],[-113.90283,44.31273],[-113.90283,44.313],[-113.90396,44.313],[-113.90396,44.31327],[-113.90698,44.31327],[-113.90698,44.31354],[-113.90773,44.31354],[-113.90773,44.31381],[-113.90849,44.31381],[-113.90849,44.31408],[-113.90924,44.31408],[-113.90924,44.31435],[-113.90999,44.31435],[-113.90999,44.31461],[-113.91075,44.31488],[-113.91075,44.31381],[-113.91037,44.31381],[-113.91037,44.31354],[-113.90999,44.31354],[-113.90999,44.31327],[-113.90962,44.31327],[-113.90962,44.31273],[-113.90849,44.31273],[-113.90849,44.31246],[-113.90773,44.31246],[-113.90773,44.31219],[-113.90133,44.31219],[-113.90133,44.31246],[-113.9002,44.31246],[-113.9002,44.31273],[-113.89944,44.31273],[-113.89944,44.31246],[-113.89794,44.31246],[-113.89794,44.31219],[-113.89681,44.31219],[-113.89681,44.31246],[-113.8953,44.31246],[-113.8953,44.31219],[-113.89492,44.31219],[-113.89492,44.31165],[-113.8953,44.31165],[-113.8953,44.31084],[-113.89568,44.31084],[-113.89568,44.3103],[-113.89605,44.3103],[-113.89605,44.31003],[-113.89643,44.31003],[-113.89643,44.30976],[-113.89681,44.30976],[-113.89681,44.30949],[-113.89718,44.30949],[-113.89718,44.30922],[-113.89756,44.30922],[-113.89756,44.30896],[-113.89794,44.30896],[-113.89794,44.30815],[-113.89681,44.30815],[-113.89681,44.30734],[-113.89718,44.30734],[-113.89718,44.30707],[-113.89831,44.30707],[-113.89831,44.3068],[-113.89907,44.30653],[-113.89907,44.30599],[-113.89944,44.30599],[-113.89944,44.30572],[-113.89907,44.30572],[-113.89907,44.30545],[-113.89831,44.30545],[-113.89831,44.30572],[-113.89756,44.30572],[-113.89756,44.30545],[-113.89718,44.30545],[-113.89718,44.30491],[-113.89681,44.30491],[-113.89681,44.30384],[-113.89643,44.30384],[-113.89643,44.30357],[-113.89681,44.30357],[-113.89681,44.3033],[-113.89756,44.3033],[-113.89756,44.30303],[-113.89831,44.30276],[-113.89831,44.30249],[-113.89907,44.30222],[-113.89907,44.30195],[-113.89982,44.30195],[-113.89982,44.30168],[-113.90133,44.30141],[-113.90133,44.30114],[-113.90246,44.30114],[-113.90246,44.30087],[-113.90396,44.30087],[-113.90396,44.3006],[-113.90547,44.30033],[-113.90547,44.30006],[-113.90623,44.30006],[-113.90623,44.29925],[-113.9066,44.29925],[-113.9066,44.29871],[-113.90698,44.29871],[-113.90698,44.29845],[-113.90736,44.29845],[-113.90736,44.29791],[-113.90773,44.29791],[-113.90773,44.29413],[-113.90811,44.29413],[-113.90811,44.29332],[-113.90849,44.29332],[-113.90849,44.29198],[-113.90886,44.29198],[-113.90886,44.29144],[-113.90924,44.29144],[-113.90924,44.29063],[-113.90962,44.29063],[-113.90962,44.28982],[-113.90999,44.28982],[-113.90999,44.28928],[-113.91075,44.28901],[-113.91075,44.28847],[-113.91112,44.28847],[-113.91112,44.28659],[-113.91188,44.28632],[-113.91188,44.28605],[-113.91263,44.28578],[-113.91263,44.28551],[-113.91376,44.28551],[-113.91376,44.28794],[-113.91414,44.28794],[-113.91414,44.28901],[-113.91376,44.28901],[-113.91376,44.28955],[-113.91301,44.28982],[-113.91301,44.2909],[-113.91338,44.2909],[-113.91338,44.29144],[-113.91414,44.29171],[-113.91414,44.29225],[-113.91376,44.29225],[-113.91376,44.29386],[-113.91414,44.29386],[-113.91414,44.29467],[-113.91376,44.29467],[-113.91376,44.29656],[-113.91414,44.29656],[-113.91414,44.29737],[-113.91451,44.29737],[-113.91451,44.29791],[-113.91489,44.29791],[-113.91489,44.29925],[-113.91527,44.29925],[-113.91527,44.29979],[-113.91414,44.29979],[-113.91414,44.29871],[-113.91376,44.29871],[-113.91376,44.29845],[-113.91263,44.29845],[-113.91263,44.29871],[-113.91225,44.29871],[-113.91225,44.29952],[-113.91301,44.29952],[-113.91301,44.29979],[-113.91338,44.29979],[-113.91338,44.3006],[-113.91301,44.3006],[-113.91301,44.30141],[-113.91263,44.30141],[-113.91263,44.30168],[-113.91301,44.30168],[-113.91301,44.30195],[-113.91263,44.30195],[-113.91263,44.30249],[-113.91225,44.30249],[-113.91225,44.30303],[-113.91263,44.30303],[-113.91263,44.3033],[-113.91338,44.30357],[-113.91338,44.30384],[-113.91414,44.3041],[-113.91414,44.30437],[-113.91451,44.30437],[-113.91451,44.30464],[-113.91489,44.30464],[-113.91489,44.30518],[-113.91414,44.30518],[-113.91414,44.30545],[-113.91451,44.30545],[-113.91451,44.30599],[-113.91489,44.30599],[-113.91489,44.3068],[-113.91527,44.3068],[-113.91527,44.30842],[-113.91451,44.30842],[-113.91451,44.30869],[-113.91376,44.30896],[-113.91376,44.30976],[-113.91414,44.30976],[-113.91414,44.3103],[-113.91451,44.3103],[-113.91451,44.31138],[-113.91376,44.31138],[-113.91376,44.31111],[-113.91301,44.31084],[-113.91301,44.31057],[-113.91225,44.3103],[-113.91225,44.30976],[-113.9115,44.30949],[-113.9115,44.30896],[-113.91112,44.30896],[-113.91112,44.30869],[-113.91075,44.30869],[-113.91075,44.30842],[-113.91037,44.30842],[-113.91037,44.30788],[-113.90999,44.30788],[-113.90999,44.30761],[-113.90924,44.30734],[-113.90924,44.30707],[-113.90811,44.30707],[-113.90811,44.30788],[-113.90773,44.30788],[-113.90773,44.30842],[-113.90811,44.30842],[-113.90811,44.30896],[-113.90773,44.30896],[-113.90773,44.30922],[-113.90811,44.30922],[-113.90811,44.30976],[-113.90849,44.30976],[-113.90849,44.31111],[-113.90886,44.31111],[-113.90886,44.31165],[-113.90924,44.31165],[-113.90924,44.31219],[-113.90962,44.31219],[-113.90962,44.31246],[-113.91037,44.31273],[-113.91037,44.313],[-113.91075,44.313],[-113.91075,44.31354],[-113.91112,44.31354],[-113.91112,44.31381],[-113.9115,44.31381],[-113.9115,44.31408],[-113.91225,44.31408],[-113.91225,44.31435],[-113.91263,44.31435],[-113.91263,44.31488],[-113.91301,44.31488],[-113.91301,44.31569],[-113.91263,44.31569],[-113.91263,44.31623],[-113.91188,44.31623],[-113.91188,44.31704],[-113.91263,44.31731],[-113.91263,44.31785],[-113.91301,44.31785],[-113.91301,44.3192],[-113.91338,44.3192],[-113.91338,44.31974],[-113.91414,44.32],[-113.91414,44.32081],[-113.91376,44.32081],[-113.91376,44.32108],[-113.91414,44.32108],[-113.91414,44.32243],[-113.91376,44.32243],[-113.91376,44.3227],[-113.91301,44.3227],[-113.91301,44.32243],[-113.91188,44.32243],[-113.91188,44.32216],[-113.91037,44.32216],[-113.91037,44.32189],[-113.90924,44.32189],[-113.90924,44.32162],[-113.9066,44.32162],[-113.9066,44.32189],[-113.90623,44.32189],[-113.90623,44.32216],[-113.90585,44.32216],[-113.90585,44.32243],[-113.90547,44.32243],[-113.90547,44.3227],[-113.90133,44.3227],[-113.90133,44.32297],[-113.89907,44.32297],[-113.89907,44.3227],[-113.89794,44.3227],[-113.89794,44.32243],[-113.89718,44.32243],[-113.89718,44.32216],[-113.89681,44.32216],[-113.89681,44.32189],[-113.89605,44.32189],[-113.89605,44.32162],[-113.89568,44.32162],[-113.89568,44.32216],[-113.8953,44.32216],[-113.8953,44.32297],[-113.89568,44.32297],[-113.89568,44.32324],[-113.89718,44.32324],[-113.89718,44.32351],[-113.9002,44.32351],[-113.9002,44.32378],[-113.90283,44.32378],[-113.90283,44.32351],[-113.90623,44.32351],[-113.90623,44.32378],[-113.90849,44.32378],[-113.90849,44.32405],[-113.90886,44.32405],[-113.90886,44.32432],[-113.91037,44.32432],[-113.91037,44.32459],[-113.91263,44.32486],[-113.91263,44.32513],[-113.91414,44.32539],[-113.91414,44.32566],[-113.91489,44.32566],[-113.91489,44.32593],[-113.91527,44.32593],[-113.91527,44.32647],[-113.91489,44.32647],[-113.91489,44.32998],[-113.91451,44.32998],[-113.91451,44.33294],[-113.91414,44.33294],[-113.91414,44.33321],[-113.91376,44.33321],[-113.91376,44.33348],[-113.91225,44.33348],[-113.91225,44.33375],[-113.91188,44.33375],[-113.91188,44.33402],[-113.91225,44.33402],[-113.91225,44.33429],[-113.91263,44.33429],[-113.91263,44.33456],[-113.9179,44.33456],[-113.9179,44.33429],[-113.91866,44.33429],[-113.91866,44.33456],[-113.91979,44.33456],[-113.91979,44.3359],[-113.91941,44.3359],[-113.91941,44.33617],[-113.91903,44.33617],[-113.91903,44.33644],[-113.91866,44.33644],[-113.91866,44.33671],[-113.91828,44.33671],[-113.91828,44.33698],[-113.9164,44.33698],[-113.9164,44.33644],[-113.91564,44.33644],[-113.91564,44.33725],[-113.91602,44.33725],[-113.91602,44.33779],[-113.9164,44.33779],[-113.9164,44.33968],[-113.9179,44.33995],[-113.9179,44.34022],[-113.91866,44.34049],[-113.91866,44.34103],[-113.91941,44.34129],[-113.91941,44.34183],[-113.92016,44.3421],[-113.92016,44.34264],[-113.92092,44.34291],[-113.92092,44.34426],[-113.92129,44.34426],[-113.92129,44.34507],[-113.92167,44.34507],[-113.92167,44.34588],[-113.92129,44.34588],[-113.92129,44.34722],[-113.91979,44.34695],[-113.91979,44.34668],[-113.91941,44.34668],[-113.91941,44.34642],[-113.91903,44.34642],[-113.91903,44.34615],[-113.91866,44.34615],[-113.91866,44.34588],[-113.91828,44.34588],[-113.91828,44.34561],[-113.91753,44.34561],[-113.91753,44.34534],[-113.91715,44.34534],[-113.91715,44.34507],[-113.9164,44.34507],[-113.9164,44.3448],[-113.91564,44.3448],[-113.91564,44.34453],[-113.91414,44.3448],[-113.91414,44.34507],[-113.91376,44.34507],[-113.91376,44.34695],[-113.91414,44.34695],[-113.91414,44.34722],[-113.91489,44.34749],[-113.91489,44.3483],[-113.91451,44.3483],[-113.91451,44.34857],[-113.91376,44.34884],[-113.91376,44.34938],[-113.91338,44.34938],[-113.91338,44.35019],[-113.91376,44.35019],[-113.91376,44.35073],[-113.91489,44.35073],[-113.91489,44.351],[-113.91564,44.351],[-113.91564,44.35127],[-113.91602,44.35127],[-113.91602,44.35154],[-113.91828,44.3518],[-113.91828,44.35207],[-113.91903,44.35207],[-113.91903,44.35234],[-113.91941,44.35234],[-113.91941,44.35261],[-113.91979,44.35261],[-113.91979,44.35288],[-113.92054,44.35288],[-113.92054,44.35315],[-113.92092,44.35315],[-113.92092,44.35342],[-113.92129,44.35342],[-113.92129,44.35369],[-113.92167,44.35369],[-113.92167,44.35477],[-113.92129,44.35477],[-113.92129,44.3545],[-113.92016,44.3545],[-113.92016,44.35531],[-113.92054,44.35531],[-113.92054,44.35585],[-113.92016,44.35585],[-113.92016,44.35612],[-113.91903,44.35612],[-113.91903,44.35719],[-113.91941,44.35719],[-113.91941,44.35773],[-113.91979,44.35773],[-113.91979,44.35854],[-113.91903,44.35854],[-113.91903,44.35827],[-113.91866,44.35827],[-113.91866,44.35773],[-113.9179,44.35746],[-113.9179,44.35693],[-113.91753,44.35693],[-113.91753,44.35612],[-113.91715,44.35612],[-113.91715,44.35477],[-113.91753,44.35477],[-113.91753,44.3545],[-113.91828,44.3545],[-113.91828,44.35342],[-113.91677,44.35342],[-113.91677,44.35315],[-113.9164,44.35315],[-113.9164,44.35342],[-113.91564,44.35342],[-113.91564,44.35369],[-113.91489,44.35369],[-113.91489,44.35396],[-113.91451,44.35396],[-113.91451,44.3545],[-113.91489,44.3545],[-113.91489,44.35477],[-113.91527,44.35477],[-113.91527,44.35531],[-113.91564,44.35531],[-113.91564,44.35612],[-113.91489,44.35639],[-113.91489,44.358],[-113.91451,44.358],[-113.91451,44.35989],[-113.91414,44.35989],[-113.91414,44.36151],[-113.91376,44.36151],[-113.91376,44.36232],[-113.91338,44.36232],[-113.91338,44.36339],[-113.91301,44.36339],[-113.91301,44.36744],[-113.91338,44.36744],[-113.91338,44.36824],[-113.91376,44.36824],[-113.91376,44.36932],[-113.91338,44.36932],[-113.91338,44.3704],[-113.91263,44.3704],[-113.91263,44.37067],[-113.91225,44.37067],[-113.91225,44.3704],[-113.91112,44.3704],[-113.91112,44.37229],[-113.91075,44.37229],[-113.91075,44.37283],[-113.90999,44.37309],[-113.90999,44.37444],[-113.91037,44.37444],[-113.91037,44.37471],[-113.90999,44.37471],[-113.90999,44.37498],[-113.90962,44.37498],[-113.90962,44.37525],[-113.9066,44.37525],[-113.9066,44.37579],[-113.90623,44.37579],[-113.90623,44.37606],[-113.90585,44.37606],[-113.90585,44.37633],[-113.90547,44.37633],[-113.90547,44.37687],[-113.90585,44.37687],[-113.90585,44.37714],[-113.90698,44.37714],[-113.90698,44.37741],[-113.90773,44.37741],[-113.90773,44.37768],[-113.90849,44.37795],[-113.90849,44.37902],[-113.90773,44.37929],[-113.90773,44.37956],[-113.90698,44.37956],[-113.90698,44.37983],[-113.9066,44.37983],[-113.9066,44.3801],[-113.90547,44.3801],[-113.90547,44.38037],[-113.90509,44.38037],[-113.90509,44.38064],[-113.90434,44.38064],[-113.90434,44.38037],[-113.90283,44.38037],[-113.90283,44.38064],[-113.90208,44.38064],[-113.90208,44.38091],[-113.9017,44.38091],[-113.9017,44.38064],[-113.90133,44.38064],[-113.90133,44.3801],[-113.90095,44.3801],[-113.90095,44.37956],[-113.9002,44.37929],[-113.9002,44.37848],[-113.89982,44.37848],[-113.89982,44.37741],[-113.89944,44.37741],[-113.89944,44.37687],[-113.89907,44.37687],[-113.89907,44.37633],[-113.89869,44.37633],[-113.89869,44.37606],[-113.89831,44.37606],[-113.89831,44.37579],[-113.89756,44.37579],[-113.89756,44.37552],[-113.89718,44.37552],[-113.89718,44.37525],[-113.89643,44.37525],[-113.89643,44.37552],[-113.89605,44.37552],[-113.89605,44.37579],[-113.89568,44.37579],[-113.89568,44.37633],[-113.89417,44.37633],[-113.89417,44.3766],[-113.89379,44.3766],[-113.89379,44.37714],[-113.89417,44.37714],[-113.89417,44.37768],[-113.89379,44.37768],[-113.89379,44.37956],[-113.89304,44.37956],[-113.89304,44.37929],[-113.89229,44.37902],[-113.89229,44.37875],[-113.89191,44.37875],[-113.89191,44.37848],[-113.89116,44.37848],[-113.89116,44.37822],[-113.89003,44.37822],[-113.89003,44.37795],[-113.88927,44.37795],[-113.88927,44.37768],[-113.88814,44.37768],[-113.88814,44.37795],[-113.88739,44.37795],[-113.88739,44.37822],[-113.88701,44.37822],[-113.88701,44.37848],[-113.88588,44.37848],[-113.88588,44.37875],[-113.8855,44.37875],[-113.8855,44.37848],[-113.88475,44.37848],[-113.88475,44.37795],[-113.88513,44.37795],[-113.88513,44.37768],[-113.88588,44.37768],[-113.88588,44.37741],[-113.88626,44.37741],[-113.88626,44.37714],[-113.88701,44.37714],[-113.88701,44.37687],[-113.88739,44.37687],[-113.88739,44.3766],[-113.88814,44.3766],[-113.88814,44.37552],[-113.88739,44.37552],[-113.88739,44.37525],[-113.88701,44.37525],[-113.88701,44.37444],[-113.88663,44.37444],[-113.88663,44.37417],[-113.88626,44.37417],[-113.88626,44.3739],[-113.8855,44.3739],[-113.8855,44.37363],[-113.88324,44.3739],[-113.88324,44.37336],[-113.88362,44.37336],[-113.88362,44.37283],[-113.88249,44.37283],[-113.88249,44.37309],[-113.88098,44.37309],[-113.88098,44.37283],[-113.87872,44.37283],[-113.87872,44.37309],[-113.87759,44.37309],[-113.87759,44.37336],[-113.87684,44.37363],[-113.87684,44.3739],[-113.87609,44.37417],[-113.87609,44.37444],[-113.87571,44.37444],[-113.87571,44.37471],[-113.87533,44.37471],[-113.87533,44.37525],[-113.87383,44.37525],[-113.87383,44.3739],[-113.8742,44.3739],[-113.8742,44.37363],[-113.87157,44.37363],[-113.87157,44.3739],[-113.87081,44.3739],[-113.87081,44.37417],[-113.86667,44.37417],[-113.86667,44.37444],[-113.86591,44.37444],[-113.86591,44.37471],[-113.86516,44.37471],[-113.86516,44.37498],[-113.86441,44.37498],[-113.86441,44.37525],[-113.86403,44.37525],[-113.86403,44.37498],[-113.86328,44.37498],[-113.86328,44.37471],[-113.86252,44.37471],[-113.86252,44.37444],[-113.86139,44.37444],[-113.86139,44.37471],[-113.86064,44.37471],[-113.86064,44.37498],[-113.86026,44.37498],[-113.86026,44.37525],[-113.85951,44.37552],[-113.85951,44.37579],[-113.86026,44.37606],[-113.86026,44.37714],[-113.85989,44.37714],[-113.85989,44.37768],[-113.85913,44.37768],[-113.85913,44.37795],[-113.85876,44.37795],[-113.85876,44.37902],[-113.85913,44.37902],[-113.85913,44.38037],[-113.85876,44.38037],[-113.85876,44.38064],[-113.85838,44.38064],[-113.85838,44.38091],[-113.85687,44.38091],[-113.85687,44.38064],[-113.85537,44.38037],[-113.85537,44.3801],[-113.85235,44.3801],[-113.85235,44.38037],[-113.85198,44.38037],[-113.85198,44.38064],[-113.85122,44.38064],[-113.85122,44.38091],[-113.85085,44.38091],[-113.85085,44.38118],[-113.84821,44.38118],[-113.84821,44.38145],[-113.8467,44.38172],[-113.8467,44.38199],[-113.84595,44.38199],[-113.84595,44.38226],[-113.84557,44.38226],[-113.84557,44.3828],[-113.84331,44.3828],[-113.84331,44.38307],[-113.84218,44.38307],[-113.84218,44.38334],[-113.8403,44.38334],[-113.8403,44.38307],[-113.83954,44.38307],[-113.83954,44.3828],[-113.83917,44.3828],[-113.83917,44.38226],[-113.83879,44.38226],[-113.83879,44.38199],[-113.83804,44.38199],[-113.83804,44.38172],[-113.83691,44.38172],[-113.83691,44.38253],[-113.83766,44.3828],[-113.83766,44.38361],[-113.83804,44.38361],[-113.83804,44.38387],[-113.83766,44.38387],[-113.83766,44.38414],[-113.8354,44.38414],[-113.8354,44.38441],[-113.83427,44.38441],[-113.83427,44.38468],[-113.83276,44.38468],[-113.83276,44.38441],[-113.83239,44.38441],[-113.83239,44.38468],[-113.83201,44.38468],[-113.83201,44.38441],[-113.83088,44.38441],[-113.83088,44.38414],[-113.8305,44.38414],[-113.8305,44.38387],[-113.82937,44.38387],[-113.82937,44.38361],[-113.82899,44.38361],[-113.82899,44.38334],[-113.82749,44.38334],[-113.82749,44.38307],[-113.82711,44.38307],[-113.82711,44.3828],[-113.82598,44.3828],[-113.82598,44.38226],[-113.82523,44.38226],[-113.82523,44.38199],[-113.82447,44.38172],[-113.82447,44.38145],[-113.82372,44.38145],[-113.82372,44.38118],[-113.82221,44.38118],[-113.82221,44.38064],[-113.82146,44.38064],[-113.82146,44.38037],[-113.81995,44.3801],[-113.81995,44.37983],[-113.81845,44.37983],[-113.81845,44.37956],[-113.81769,44.37929],[-113.81769,44.37848],[-113.81807,44.37848],[-113.81807,44.37822],[-113.81845,44.37822],[-113.81845,44.37795],[-113.81807,44.37795],[-113.81807,44.37768],[-113.81769,44.37768],[-113.81769,44.37741],[-113.81732,44.37741],[-113.81732,44.3766],[-113.81656,44.37633],[-113.81656,44.37579],[-113.81619,44.37579],[-113.81619,44.37552],[-113.81393,44.37552],[-113.81393,44.37525],[-113.81242,44.37525],[-113.81242,44.37498],[-113.81204,44.37498],[-113.81204,44.37471],[-113.81091,44.37471],[-113.81091,44.37363],[-113.81016,44.3739],[-113.81016,44.37363],[-113.8094,44.37363],[-113.8094,44.37336],[-113.80903,44.37336],[-113.80903,44.37363],[-113.80827,44.37363],[-113.80827,44.3739],[-113.8079,44.3739],[-113.8079,44.37363],[-113.80714,44.37363],[-113.80714,44.37309],[-113.80639,44.37309],[-113.80639,44.37283],[-113.80564,44.37283],[-113.80564,44.37256],[-113.80413,44.37256],[-113.80413,44.37229],[-113.80338,44.37229],[-113.80338,44.37121],[-113.803,44.37121],[-113.803,44.37148],[-113.80112,44.37148],[-113.80112,44.3704],[-113.80074,44.3704],[-113.80074,44.36986],[-113.80036,44.36986],[-113.80036,44.36932],[-113.79961,44.36932],[-113.79961,44.36878],[-113.79886,44.36851],[-113.79886,44.36771],[-113.7981,44.36771],[-113.7981,44.36717],[-113.79735,44.36717],[-113.79735,44.36663],[-113.79697,44.36663],[-113.79697,44.36636],[-113.79735,44.36636],[-113.79735,44.36609],[-113.7966,44.36609],[-113.7966,44.36501],[-113.79622,44.36501],[-113.79622,44.36447],[-113.79584,44.36447],[-113.79584,44.36393],[-113.79509,44.36393],[-113.79509,44.36366],[-113.79433,44.36339],[-113.79433,44.36232],[-113.7932,44.36232],[-113.7932,44.36205],[-113.79283,44.36205],[-113.79283,44.36151],[-113.79358,44.36151],[-113.79358,44.36016],[-113.79283,44.36016],[-113.79283,44.35962],[-113.79132,44.35935],[-113.79132,44.35854],[-113.79094,44.35854],[-113.79094,44.358],[-113.79057,44.358],[-113.79057,44.35746],[-113.78981,44.35746],[-113.78981,44.35719],[-113.78906,44.35719],[-113.78906,44.35693],[-113.78793,44.35693],[-113.78793,44.35666],[-113.78755,44.35666],[-113.78755,44.35639],[-113.78718,44.35639],[-113.78718,44.35585],[-113.7868,44.35585],[-113.7868,44.35531],[-113.78642,44.35531],[-113.78642,44.35477],[-113.78605,44.35477],[-113.78605,44.3545],[-113.78529,44.35423],[-113.78529,44.35369],[-113.78454,44.35342],[-113.78454,44.35288],[-113.78416,44.35288],[-113.78416,44.35207],[-113.78379,44.35207],[-113.78379,44.35154],[-113.78341,44.35154],[-113.78341,44.351],[-113.78303,44.351],[-113.78303,44.35046],[-113.78266,44.35046],[-113.78266,44.34911],[-113.78303,44.34911],[-113.78303,44.34884],[-113.78266,44.34884],[-113.78266,44.34857],[-113.78303,44.34857],[-113.78303,44.3483],[-113.78266,44.3483],[-113.78266,44.34803],[-113.7819,44.34776],[-113.7819,44.34749],[-113.78153,44.34749],[-113.78153,44.34722],[-113.7819,44.34722],[-113.7819,44.34668],[-113.78153,44.34668],[-113.78153,44.34507],[-113.78115,44.34507],[-113.78115,44.34264],[-113.78077,44.34264],[-113.78077,44.34183],[-113.7804,44.34183],[-113.7804,44.34156],[-113.78077,44.34156],[-113.78077,44.33968],[-113.7804,44.33968],[-113.7804,44.33941],[-113.78077,44.33941],[-113.78077,44.33887],[-113.78115,44.33887],[-113.78115,44.33806],[-113.78077,44.33806],[-113.78077,44.33779],[-113.78115,44.33779],[-113.78115,44.33698],[-113.78153,44.33698],[-113.78153,44.3359],[-113.78077,44.3359],[-113.78077,44.33537],[-113.7804,44.33537],[-113.7804,44.33456],[-113.78077,44.33456],[-113.78077,44.33348],[-113.78002,44.33348],[-113.78002,44.33375],[-113.77964,44.33375],[-113.77964,44.33402],[-113.77851,44.33402],[-113.77851,44.33375],[-113.77776,44.33375],[-113.77776,44.33213],[-113.77851,44.33186],[-113.77851,44.33051],[-113.77927,44.33025],[-113.77927,44.32971],[-113.78002,44.32944],[-113.78002,44.32863],[-113.78077,44.32836],[-113.78077,44.32755],[-113.78115,44.32755],[-113.78115,44.32701],[-113.78153,44.32701],[-113.78153,44.3262],[-113.7819,44.3262],[-113.7819,44.32486],[-113.78115,44.32486],[-113.78115,44.32513],[-113.7804,44.32539],[-113.7804,44.32566],[-113.77964,44.32566],[-113.77964,44.3262],[-113.77851,44.3262],[-113.77851,44.32566],[-113.77814,44.32566],[-113.77814,44.32539],[-113.77851,44.32539],[-113.77851,44.32513],[-113.77814,44.32513],[-113.77814,44.32486],[-113.77851,44.32486],[-113.77851,44.32432],[-113.77927,44.32432],[-113.77927,44.32351],[-113.78002,44.32324],[-113.78002,44.3227],[-113.78077,44.32243],[-113.78077,44.32189],[-113.78115,44.32189],[-113.78115,44.32108],[-113.78153,44.32108],[-113.78153,44.32054],[-113.7819,44.32054],[-113.7819,44.32027],[-113.78228,44.32027],[-113.78228,44.32],[-113.78303,44.32],[-113.78303,44.31974],[-113.78341,44.31974],[-113.78341,44.31947],[-113.78454,44.31947],[-113.78454,44.3192],[-113.78529,44.3192],[-113.78529,44.31893],[-113.78605,44.31893],[-113.78605,44.3192],[-113.78718,44.3192],[-113.78718,44.31893],[-113.78755,44.31893],[-113.78755,44.31812],[-113.78718,44.31812],[-113.78718,44.31704],[-113.78755,44.31704],[-113.78755,44.31677],[-113.78831,44.3165],[-113.78831,44.31623],[-113.78868,44.31623],[-113.78868,44.31569],[-113.78906,44.31569],[-113.78906,44.31515],[-113.78944,44.31515],[-113.78944,44.31461],[-113.78981,44.31461],[-113.78981,44.31408],[-113.79019,44.31408],[-113.79019,44.31381],[-113.79094,44.31354],[-113.79094,44.313],[-113.7917,44.313],[-113.7917,44.31273],[-113.79207,44.31273],[-113.79207,44.31246],[-113.79245,44.31246],[-113.79245,44.31219],[-113.79283,44.31219],[-113.79283,44.31192],[-113.7932,44.31192],[-113.7932,44.31165],[-113.79396,44.31165],[-113.79396,44.31138],[-113.79433,44.31138],[-113.79433,44.31111],[-113.79509,44.31111],[-113.79509,44.31057],[-113.79584,44.31057],[-113.79584,44.3103],[-113.79622,44.3103],[-113.79622,44.30976],[-113.79697,44.30976],[-113.79697,44.30949],[-113.79735,44.30949],[-113.79735,44.30896],[-113.79773,44.30896],[-113.79773,44.30815],[-113.7981,44.30815],[-113.7981,44.30761],[-113.79848,44.30761],[-113.79848,44.30707],[-113.79886,44.30707],[-113.79886,44.30518],[-113.79923,44.30518],[-113.79923,44.30437],[-113.79961,44.30437],[-113.79961,44.30249],[-113.79999,44.30249],[-113.79999,44.30195],[-113.80036,44.30195],[-113.80036,44.29925],[-113.80074,44.29925],[-113.80074,44.29737],[-113.80112,44.29737],[-113.80112,44.2971],[-113.80074,44.2971],[-113.80074,44.29683],[-113.80112,44.29683],[-113.80112,44.29656],[-113.80149,44.29656],[-113.80149,44.29629],[-113.80187,44.29629],[-113.80187,44.29494],[-113.80149,44.29494],[-113.80149,44.29413],[-113.80187,44.29413],[-113.80187,44.29386],[-113.80149,44.29386],[-113.80149,44.29144],[-113.80187,44.29144],[-113.80187,44.29063],[-113.80225,44.29063],[-113.80225,44.28955],[-113.80262,44.28955],[-113.80262,44.28847],[-113.803,44.28847],[-113.803,44.2882],[-113.80375,44.28794],[-113.80375,44.28767],[-113.80413,44.28767],[-113.80413,44.28686],[-113.80451,44.28686],[-113.80451,44.28632],[-113.80488,44.28632],[-113.80488,44.28578],[-113.80526,44.28578],[-113.80526,44.28551],[-113.80601,44.28524],[-113.80601,44.28497],[-113.80639,44.28497],[-113.80639,44.28443],[-113.80714,44.28443],[-113.80714,44.2847],[-113.80677,44.2847],[-113.80677,44.28497],[-113.80714,44.28497],[-113.80714,44.28524],[-113.8094,44.28497],[-113.8094,44.28524],[-113.80978,44.28524],[-113.80978,44.28551],[-113.81016,44.28551],[-113.81016,44.28524],[-113.81053,44.28524],[-113.81053,44.28497],[-113.81091,44.28497],[-113.81091,44.2847],[-113.81129,44.2847],[-113.81129,44.28497],[-113.81166,44.28497],[-113.81166,44.28551],[-113.81204,44.28551],[-113.81204,44.28578],[-113.81279,44.28578],[-113.81279,44.28605],[-113.81317,44.28605],[-113.81317,44.28632],[-113.81355,44.28632],[-113.81355,44.2874],[-113.81317,44.2874],[-113.81317,44.28767],[-113.81279,44.28767],[-113.81279,44.28794],[-113.81204,44.28794],[-113.81204,44.2882],[-113.81053,44.2882],[-113.81053,44.28847],[-113.81016,44.28847],[-113.81016,44.28874],[-113.8094,44.28874],[-113.8094,44.28955],[-113.80978,44.28955],[-113.80978,44.29009],[-113.8094,44.29009],[-113.8094,44.29036],[-113.80903,44.29036],[-113.80903,44.29063],[-113.80677,44.29063],[-113.80677,44.2909],[-113.80601,44.29063],[-113.80601,44.29144],[-113.80677,44.29144],[-113.80677,44.29171],[-113.80752,44.29171],[-113.80752,44.29198],[-113.8079,44.29198],[-113.8079,44.29171],[-113.80865,44.29198],[-113.80865,44.29306],[-113.80903,44.29306],[-113.80903,44.29413],[-113.80865,44.29413],[-113.80865,44.2944],[-113.80827,44.2944],[-113.80827,44.29467],[-113.80752,44.29467],[-113.80752,44.29494],[-113.80714,44.29494],[-113.80714,44.29629],[-113.80752,44.29629],[-113.80752,44.29845],[-113.8079,44.29845],[-113.8079,44.29898],[-113.80827,44.29898],[-113.80827,44.29925],[-113.80903,44.29952],[-113.80903,44.29979],[-113.8094,44.29979],[-113.8094,44.30033],[-113.81016,44.30033],[-113.81016,44.3006],[-113.81053,44.3006],[-113.81053,44.30087],[-113.81166,44.30087],[-113.81166,44.3006],[-113.81204,44.3006],[-113.81204,44.30006],[-113.81242,44.30006],[-113.81242,44.29979],[-113.81317,44.29952],[-113.81317,44.29925],[-113.81355,44.29925],[-113.81355,44.29871],[-113.81393,44.29871],[-113.81393,44.29845],[-113.81355,44.29845],[-113.81355,44.2971],[-113.81506,44.2971],[-113.81506,44.29818],[-113.81543,44.29818],[-113.81543,44.29845],[-113.81581,44.29845],[-113.81581,44.29871],[-113.81656,44.29871],[-113.81656,44.29845],[-113.81732,44.29818],[-113.81732,44.29791],[-113.81845,44.29791],[-113.81845,44.29818],[-113.81882,44.29818],[-113.81882,44.29845],[-113.81995,44.29845],[-113.81995,44.29871],[-113.82071,44.29871],[-113.82071,44.29952],[-113.82108,44.29952],[-113.82108,44.30033],[-113.82071,44.30033],[-113.82071,44.30087],[-113.81995,44.30087],[-113.81995,44.30114],[-113.81845,44.30114],[-113.81845,44.30222],[-113.81882,44.30222],[-113.81882,44.30249],[-113.81958,44.30249],[-113.81958,44.30276],[-113.81995,44.30276],[-113.81995,44.30303],[-113.82146,44.30303],[-113.82146,44.30276],[-113.82221,44.30276],[-113.82221,44.30249],[-113.82259,44.30249],[-113.82259,44.30195],[-113.82297,44.30195],[-113.82297,44.30168],[-113.82372,44.30141],[-113.82372,44.30114],[-113.82485,44.30114],[-113.82485,44.30141],[-113.82523,44.30141],[-113.82523,44.30168],[-113.82485,44.30168],[-113.82485,44.30222],[-113.82523,44.30222],[-113.82523,44.30249],[-113.82598,44.30249],[-113.82598,44.30222],[-113.82749,44.30222],[-113.82749,44.30249],[-113.82786,44.30249],[-113.82786,44.30276],[-113.82862,44.30276],[-113.82862,44.30249],[-113.83012,44.30249],[-113.83012,44.30437],[-113.82975,44.30437],[-113.82975,44.30518],[-113.83012,44.30518],[-113.83012,44.30545],[-113.8305,44.30545],[-113.8305,44.30572],[-113.83088,44.30572],[-113.83088,44.30599],[-113.83125,44.30599],[-113.83125,44.30626],[-113.83239,44.30626],[-113.83239,44.30572],[-113.83314,44.30545],[-113.83314,44.30491],[-113.83389,44.30464],[-113.83389,44.3041],[-113.83465,44.3041],[-113.83465,44.30491],[-113.83427,44.30491],[-113.83427,44.30545],[-113.83502,44.30545],[-113.83502,44.30572],[-113.83653,44.30599],[-113.83653,44.30626],[-113.83841,44.30626],[-113.83841,44.30599],[-113.83917,44.30599],[-113.83917,44.30572],[-113.83992,44.30545],[-113.83992,44.30491],[-113.84067,44.30464],[-113.84067,44.30437],[-113.84143,44.30437],[-113.84143,44.3041],[-113.8418,44.3041],[-113.8418,44.30384],[-113.84256,44.30384],[-113.84256,44.30357],[-113.84331,44.30357],[-113.84331,44.30384],[-113.84369,44.30384],[-113.84369,44.30357],[-113.84444,44.30357],[-113.84444,44.30384],[-113.84482,44.30384],[-113.84482,44.3041],[-113.84519,44.3041],[-113.84519,44.30437],[-113.84557,44.30437],[-113.84557,44.30464],[-113.84519,44.30464],[-113.84519,44.30491],[-113.84595,44.30518],[-113.84595,44.30599],[-113.8467,44.30626],[-113.8467,44.30599],[-113.84745,44.30572],[-113.84745,44.30545],[-113.8467,44.30545],[-113.8467,44.30437],[-113.84745,44.3041],[-113.84745,44.30357],[-113.84858,44.30357],[-113.84858,44.30384],[-113.84896,44.30384],[-113.84896,44.30357],[-113.84971,44.3033],[-113.84971,44.30303],[-113.85047,44.30303],[-113.85047,44.30276],[-113.85122,44.30249],[-113.85122,44.30222],[-113.8516,44.30222],[-113.8516,44.30249],[-113.85235,44.30222],[-113.85235,44.30249],[-113.85273,44.30249],[-113.85273,44.30276],[-113.85235,44.30276],[-113.85235,44.3041],[-113.85273,44.3041],[-113.85273,44.30437],[-113.85424,44.30437],[-113.85424,44.30464],[-113.85461,44.30464],[-113.85461,44.30518],[-113.85499,44.30518],[-113.85499,44.30572],[-113.85574,44.30572],[-113.85574,44.30599],[-113.86026,44.30599],[-113.86026,44.30572],[-113.86064,44.30572],[-113.86064,44.30599],[-113.86139,44.30599],[-113.86139,44.30626],[-113.86215,44.30653],[-113.86215,44.30707],[-113.86365,44.30707],[-113.86365,44.3068],[-113.86516,44.30707],[-113.86516,44.3068],[-113.86629,44.3068],[-113.86629,44.30707],[-113.86667,44.30707],[-113.86667,44.30734],[-113.86817,44.30734],[-113.86817,44.30788],[-113.86704,44.30788],[-113.86704,44.30761],[-113.86667,44.30761],[-113.86667,44.30842],[-113.86629,44.30842],[-113.86629,44.30869],[-113.86591,44.30869],[-113.86591,44.30896],[-113.86554,44.30896],[-113.86554,44.30922],[-113.86516,44.30922],[-113.86516,44.30949],[-113.86478,44.30949],[-113.86478,44.31003],[-113.86516,44.31003],[-113.86516,44.3103],[-113.86478,44.3103],[-113.86478,44.31057]],[[-113.84482,44.30491],[-113.84482,44.30572],[-113.84519,44.30572],[-113.84519,44.30491],[-113.84482,44.30491]],[[-113.84444,44.30572],[-113.84444,44.30599],[-113.84482,44.30599],[-113.84482,44.30572],[-113.84444,44.30572]],[[-113.84595,44.30626],[-113.84595,44.30653],[-113.84632,44.30653],[-113.84632,44.30626],[-113.84595,44.30626]],[[-113.84557,44.30653],[-113.84557,44.3068],[-113.84595,44.3068],[-113.84595,44.30653],[-113.84557,44.30653]],[[-113.86893,44.37283],[-113.86931,44.37283],[-113.86931,44.37256],[-113.86968,44.37256],[-113.86968,44.37229],[-113.87044,44.37229],[-113.87044,44.37202],[-113.87119,44.37175],[-113.87119,44.37148],[-113.86893,44.37148],[-113.86893,44.37175],[-113.86742,44.37175],[-113.86742,44.37148],[-113.86704,44.37148],[-113.86704,44.37121],[-113.86554,44.37148],[-113.86554,44.37229],[-113.86629,44.37229],[-113.86629,44.37256],[-113.86667,44.37256],[-113.86667,44.37283],[-113.86742,44.37283],[-113.86742,44.37309],[-113.86817,44.37309],[-113.86817,44.37336],[-113.86855,44.37336],[-113.86855,44.37309],[-113.86893,44.37309],[-113.86893,44.37283]],[[-113.90962,44.36878],[-113.90999,44.36878],[-113.90999,44.36851],[-113.90811,44.36851],[-113.90811,44.36905],[-113.90773,44.36905],[-113.90773,44.36932],[-113.90736,44.36932],[-113.90736,44.36959],[-113.90849,44.36959],[-113.90849,44.36905],[-113.90962,44.36905],[-113.90962,44.36878]],[[-113.86328,44.36851],[-113.86403,44.36824],[-113.86403,44.36771],[-113.86252,44.36744],[-113.86252,44.36771],[-113.86215,44.36771],[-113.86215,44.36824],[-113.86177,44.36824],[-113.86177,44.36878],[-113.86215,44.36878],[-113.86215,44.36905],[-113.86252,44.36905],[-113.86252,44.36878],[-113.86328,44.36878],[-113.86328,44.36851]],[[-113.86629,44.36717],[-113.8678,44.3669],[-113.8678,44.36663],[-113.86817,44.36663],[-113.86817,44.36636],[-113.86855,44.36636],[-113.86855,44.36609],[-113.86893,44.36609],[-113.86893,44.36582],[-113.87044,44.36555],[-113.87044,44.36528],[-113.87119,44.36501],[-113.87119,44.36447],[-113.87081,44.36447],[-113.87081,44.36312],[-113.87157,44.36312],[-113.87157,44.36285],[-113.87232,44.36258],[-113.87232,44.36178],[-113.87194,44.36178],[-113.87194,44.36124],[-113.87157,44.36124],[-113.87157,44.36151],[-113.87119,44.36151],[-113.87119,44.36178],[-113.87081,44.36178],[-113.87081,44.36205],[-113.87044,44.36205],[-113.87044,44.36232],[-113.86968,44.36232],[-113.86968,44.36258],[-113.86931,44.36258],[-113.86931,44.36232],[-113.86855,44.36258],[-113.86855,44.36205],[-113.86817,44.36205],[-113.86817,44.36232],[-113.86742,44.36258],[-113.86742,44.36285],[-113.86667,44.36285],[-113.86667,44.36339],[-113.86591,44.36339],[-113.86591,44.36393],[-113.86516,44.36393],[-113.86516,44.3642],[-113.86478,44.3642],[-113.86478,44.36447],[-113.86403,44.36447],[-113.86403,44.36528],[-113.86478,44.36528],[-113.86478,44.36744],[-113.86554,44.36771],[-113.86554,44.36744],[-113.86629,44.36744],[-113.86629,44.36717]],[[-113.86139,44.36663],[-113.86177,44.36663],[-113.86177,44.36609],[-113.86139,44.36609],[-113.86139,44.36663]],[[-113.91715,44.34291],[-113.91753,44.34291],[-113.91753,44.34237],[-113.91564,44.34237],[-113.91564,44.34264],[-113.91527,44.34264],[-113.91527,44.34372],[-113.91564,44.34372],[-113.91564,44.34399],[-113.91677,44.34399],[-113.91677,44.34372],[-113.91715,44.34372],[-113.91715,44.34291]],[[-113.87119,44.34103],[-113.87157,44.34103],[-113.87157,44.34076],[-113.87232,44.34076],[-113.87232,44.34049],[-113.8727,44.34049],[-113.8727,44.34022],[-113.87345,44.34022],[-113.87345,44.33995],[-113.87496,44.33995],[-113.87496,44.33968],[-113.87533,44.33968],[-113.87533,44.33941],[-113.87496,44.33941],[-113.87496,44.33914],[-113.8727,44.33914],[-113.8727,44.33941],[-113.87194,44.33941],[-113.87194,44.33968],[-113.87157,44.33968],[-113.87157,44.33995],[-113.87081,44.33995],[-113.87081,44.34022],[-113.87006,44.34049],[-113.87006,44.34103],[-113.86968,44.34103],[-113.86968,44.34129],[-113.87044,44.34156],[-113.87044,44.34129],[-113.87119,44.34129],[-113.87119,44.34103]],[[-113.83163,44.33752],[-113.83201,44.33752],[-113.83201,44.33725],[-113.83163,44.33725],[-113.83163,44.33752]],[[-113.91602,44.3351],[-113.91677,44.3351],[-113.91677,44.33483],[-113.91602,44.33483],[-113.91602,44.3351]],[[-113.83201,44.33429],[-113.83239,44.33429],[-113.83239,44.33402],[-113.83201,44.33402],[-113.83201,44.33429]],[[-113.83163,44.33321],[-113.83201,44.33321],[-113.83201,44.33294],[-113.83163,44.33294],[-113.83163,44.33321]],[[-113.88287,44.33105],[-113.88211,44.33078],[-113.88211,44.33025],[-113.88174,44.33025],[-113.88174,44.32998],[-113.88136,44.32998],[-113.88136,44.32971],[-113.88061,44.32971],[-113.88061,44.32944],[-113.87985,44.32917],[-113.87985,44.32863],[-113.87948,44.32863],[-113.87948,44.32836],[-113.87872,44.32836],[-113.87872,44.32809],[-113.87835,44.32809],[-113.87835,44.32782],[-113.87797,44.32782],[-113.87797,44.32755],[-113.87759,44.32755],[-113.87759,44.32728],[-113.87646,44.32728],[-113.87646,44.32701],[-113.87571,44.32701],[-113.87571,44.32674],[-113.87496,44.32674],[-113.87496,44.32647],[-113.87345,44.32647],[-113.87345,44.32674],[-113.87307,44.32674],[-113.87307,44.32728],[-113.8727,44.32728],[-113.8727,44.32782],[-113.87307,44.32782],[-113.87307,44.32809],[-113.8742,44.32809],[-113.8742,44.32836],[-113.87533,44.32836],[-113.87533,44.32863],[-113.87646,44.32863],[-113.87646,44.3289],[-113.87684,44.3289],[-113.87684,44.32917],[-113.87722,44.32917],[-113.87722,44.32944],[-113.87759,44.32944],[-113.87759,44.32971],[-113.87797,44.32971],[-113.87797,44.32998],[-113.87835,44.32998],[-113.87835,44.33025],[-113.87872,44.33025],[-113.87872,44.33051],[-113.87948,44.33078],[-113.87948,44.33105],[-113.88174,44.33132],[-113.88174,44.33159],[-113.88211,44.33159],[-113.88211,44.33186],[-113.88249,44.33186],[-113.88249,44.33213],[-113.88287,44.33213],[-113.88287,44.3324],[-113.88324,44.3324],[-113.88324,44.33159],[-113.88287,44.33159],[-113.88287,44.33105]],[[-113.8889,44.32998],[-113.88777,44.32998],[-113.88777,44.33159],[-113.88814,44.33159],[-113.88814,44.33186],[-113.8889,44.33159],[-113.8889,44.32998]],[[-113.86704,44.32944],[-113.86742,44.32944],[-113.86742,44.32917],[-113.86704,44.32917],[-113.86704,44.32944]],[[-113.82297,44.32674],[-113.82334,44.32674],[-113.82334,44.32647],[-113.82297,44.32647],[-113.82297,44.32674]],[[-113.87307,44.32405],[-113.87232,44.32405],[-113.87232,44.32432],[-113.87194,44.32432],[-113.87194,44.32539],[-113.87345,44.32539],[-113.87345,44.32459],[-113.87307,44.32459],[-113.87307,44.32405]],[[-113.86328,44.31084],[-113.86365,44.31084],[-113.86365,44.31057],[-113.86328,44.31057],[-113.86328,44.31084]],[[-113.86403,44.3103],[-113.86441,44.3103],[-113.86441,44.31003],[-113.86403,44.31003],[-113.86403,44.3103]],[[-113.90133,44.30761],[-113.90208,44.30761],[-113.90208,44.30734],[-113.90133,44.30734],[-113.90133,44.30761]],[[-113.81242,44.30195],[-113.81317,44.30195],[-113.81317,44.30087],[-113.81242,44.30087],[-113.81242,44.30195]],[[-113.81732,44.30087],[-113.81769,44.30087],[-113.81769,44.3006],[-113.81619,44.30006],[-113.81619,44.30114],[-113.81543,44.30114],[-113.81543,44.30141],[-113.81694,44.30141],[-113.81694,44.30114],[-113.81732,44.30114],[-113.81732,44.30087]],[[-113.80564,44.28982],[-113.80564,44.28955],[-113.80526,44.28955],[-113.80526,44.28982],[-113.80564,44.28982]],[[-113.80639,44.28955],[-113.80639,44.28928],[-113.80677,44.28928],[-113.80677,44.28901],[-113.80752,44.28901],[-113.80752,44.28874],[-113.8079,44.28874],[-113.8079,44.2874],[-113.80827,44.2874],[-113.80827,44.28713],[-113.81016,44.28713],[-113.81016,44.28686],[-113.81053,44.28686],[-113.81053,44.28632],[-113.80903,44.28632],[-113.80903,44.28659],[-113.80714,44.28659],[-113.80714,44.28686],[-113.80677,44.28686],[-113.80677,44.28713],[-113.80601,44.28713],[-113.80601,44.28794],[-113.80564,44.28794],[-113.80564,44.28955],[-113.80639,44.28955]]]]},"properties":{"layer":"predicted_perimeter_24h","fire_name":"Doublesprings","irwin_id":"{960C064B-1764-4834-BD28-90FB69A4AB4A}","model":"arrival_run","checkpoint_epoch":216,"decode":"connected_causal","operating_point":{"floor":0.0,"mult":0.9},"val_precision":null,"val_recall":null,"model_caveat":"arrival_run chosen for best RECALL among the six FlameFlux v3 candidates on the production-valid t0-window corpus (R=0.624 on the fc2 held-out fires, R=0.432 on Dillon -- see candidate_comparison.md from the 2026-07-24 comparison). It does NOT meet the project's P>=0.50/R>=0.80 target: precision is the WORST of the six (P=0.120 on fc2 -- most flagged growth is wrong), and wind_run actually edges it on F1. IMPORTANT CAVEAT: arrival_run trained on the leaky 'observed' corpus (crop centered/sized on t0|t1, i.e. it saw the future perimeter's geometry during training) and has NEVER seen a t0-window crop -- the ONLY geometry this live pipeline can ever produce at forecast time (the future perimeter is, by definition, unknown). So every live prediction from this model is out-of-distribution relative to its own training. The measured t0-window numbers above already reflect that (they are not a surprise), but this is 'best available', not 'production-ready' -- represent it that way. The operating_point (floor=0.0, mult=0.9) is the VAL-selected connected-causal decode point; it did NOT clear the 0.50 precision floor during selection (feasible=False, val P=0.270/R=0.259) -- it's the best-F1 fallback point, not a precision-guaranteed one.","issued_at_utc":"2026-08-05 02:36:31.645281+00:00","valid_from_utc":"2026-08-05 00:00:00","valid_to_utc":"2026-08-06 00:00:00","wfigs_date_current_utc":"2026-08-05 02:05:06+00:00","pixel_size_m":30,"veg_source":"refreshed_d4","physics_source":"eikonal_fbfm40","history_n_dates":1,"degraded_history":true,"containment_pct":0.0,"acres_wfigs":1021.012899130312}},{"type":"Feature","geometry":{"type":"MultiPolygon","coordinates":[[[[-113.86591,44.30626],[-113.86629,44.30626],[-113.86629,44.30653],[-113.86591,44.30653],[-113.86591,44.30626]]],[[[-113.86704,44.30707],[-113.86667,44.30707],[-113.86667,44.3068],[-113.86629,44.3068],[-113.86629,44.30653],[-113.86704,44.30653],[-113.86704,44.30707]]],[[[-113.86855,44.30815],[-113.86817,44.30815],[-113.86817,44.30788],[-113.86855,44.30788],[-113.86855,44.30815]]],[[[-113.86554,44.31003],[-113.86516,44.31003],[-113.86516,44.30976],[-113.86554,44.30976],[-113.86554,44.31003]]],[[[-113.86478,44.31057],[-113.86629,44.3103],[-113.86629,44.31057],[-113.86667,44.31057],[-113.86667,44.31084],[-113.86742,44.31084],[-113.86742,44.31111],[-113.8678,44.31111],[-113.8678,44.31084],[-113.86817,44.31084],[-113.86817,44.31057],[-113.86855,44.31057],[-113.86855,44.31084],[-113.86931,44.31084],[-113.86931,44.31111],[-113.87006,44.31111],[-113.87006,44.31138],[-113.87044,44.31138],[-113.87044,44.31165],[-113.87081,44.31165],[-113.87081,44.31138],[-113.87157,44.31165],[-113.87157,44.31219],[-113.87119,44.31219],[-113.87119,44.31273],[-113.87157,44.31273],[-113.87157,44.313],[-113.86968,44.313],[-113.86968,44.31327],[-113.86893,44.31327],[-113.86893,44.31354],[-113.86855,44.31354],[-113.86855,44.31435],[-113.87044,44.31435],[-113.87044,44.31461],[-113.87081,44.31461],[-113.87081,44.31515],[-113.87119,44.31515],[-113.87119,44.31569],[-113.87157,44.31569],[-113.87157,44.31623],[-113.87194,44.31623],[-113.87194,44.31677],[-113.8727,44.31704],[-113.8727,44.31785],[-113.87307,44.31785],[-113.87307,44.31866],[-113.87345,44.31866],[-113.87345,44.31893],[-113.87307,44.31893],[-113.87307,44.3192],[-113.8727,44.3192],[-113.8727,44.32108],[-113.87307,44.32108],[-113.87307,44.32189],[-113.87345,44.32189],[-113.87345,44.32243],[-113.87383,44.32243],[-113.87383,44.32297],[-113.8742,44.32297],[-113.8742,44.32351],[-113.87458,44.32351],[-113.87458,44.32405],[-113.87496,44.32405],[-113.87496,44.32432],[-113.87571,44.32459],[-113.87571,44.32486],[-113.87684,44.32486],[-113.87684,44.32432],[-113.87722,44.32432],[-113.87722,44.32351],[-113.87797,44.32351],[-113.87797,44.32378],[-113.87835,44.32378],[-113.87835,44.32432],[-113.87872,44.32432],[-113.87872,44.32459],[-113.87835,44.32459],[-113.87835,44.32513],[-113.87797,44.32513],[-113.87797,44.32593],[-113.87835,44.32593],[-113.87835,44.32647],[-113.87872,44.32647],[-113.87872,44.32674],[-113.87948,44.32701],[-113.87948,44.32755],[-113.87985,44.32755],[-113.87985,44.32782],[-113.88061,44.32782],[-113.88061,44.32809],[-113.88211,44.32809],[-113.88211,44.32836],[-113.88362,44.32863],[-113.88362,44.3289],[-113.884,44.3289],[-113.884,44.32917],[-113.88475,44.32944],[-113.88475,44.32971],[-113.88513,44.32971],[-113.88513,44.32998],[-113.88626,44.32998],[-113.88626,44.32971],[-113.88663,44.32971],[-113.88663,44.32917],[-113.88626,44.32917],[-113.88626,44.32782],[-113.88701,44.32782],[-113.88701,44.32809],[-113.88814,44.32809],[-113.88814,44.32782],[-113.8889,44.32755],[-113.8889,44.32728],[-113.88965,44.32701],[-113.88965,44.32674],[-113.89003,44.32674],[-113.89003,44.32539],[-113.88927,44.32513],[-113.88927,44.32405],[-113.88965,44.32405],[-113.88965,44.32378],[-113.89078,44.32378],[-113.89078,44.3227],[-113.89003,44.32243],[-113.89003,44.32135],[-113.88965,44.32135],[-113.88965,44.32081],[-113.88927,44.32081],[-113.88927,44.32054],[-113.89003,44.32054],[-113.89003,44.32081],[-113.89153,44.32081],[-113.89153,44.32108],[-113.89191,44.32108],[-113.89191,44.32216],[-113.89266,44.32216],[-113.89266,44.32243],[-113.89342,44.32243],[-113.89342,44.3227],[-113.89417,44.32243],[-113.89417,44.32162],[-113.89379,44.32162],[-113.89379,44.32081],[-113.89342,44.32081],[-113.89342,44.32027],[-113.89266,44.32],[-113.89266,44.31947],[-113.89304,44.31947],[-113.89304,44.3192],[-113.89379,44.3192],[-113.89379,44.31893],[-113.89455,44.31893],[-113.89455,44.31866],[-113.8953,44.31839],[-113.8953,44.31785],[-113.89492,44.31785],[-113.89492,44.31704],[-113.89379,44.31704],[-113.89379,44.31731],[-113.89266,44.31731],[-113.89266,44.31704],[-113.89229,44.31704],[-113.89229,44.31731],[-113.8904,44.31731],[-113.8904,44.31677],[-113.89078,44.31677],[-113.89078,44.3165],[-113.89116,44.3165],[-113.89116,44.31623],[-113.89191,44.31623],[-113.89191,44.31596],[-113.89266,44.31569],[-113.89266,44.31542],[-113.89304,44.31542],[-113.89304,44.31488],[-113.89342,44.31488],[-113.89342,44.31461],[-113.89417,44.31461],[-113.89417,44.31435],[-113.89492,44.31435],[-113.89492,44.31408],[-113.89568,44.31408],[-113.89568,44.31381],[-113.89643,44.31381],[-113.89643,44.31354],[-113.89794,44.31354],[-113.89794,44.31327],[-113.9002,44.31327],[-113.9002,44.313],[-113.90095,44.313],[-113.90095,44.31273],[-113.90283,44.31273],[-113.90283,44.313],[-113.90396,44.313],[-113.90396,44.31327],[-113.90698,44.31327],[-113.90698,44.31354],[-113.90773,44.31354],[-113.90773,44.31381],[-113.90849,44.31381],[-113.90849,44.31408],[-113.90924,44.31408],[-113.90924,44.31435],[-113.90999,44.31435],[-113.90999,44.31461],[-113.91075,44.31488],[-113.91075,44.31381],[-113.91037,44.31381],[-113.91037,44.31354],[-113.90999,44.31354],[-113.90999,44.31327],[-113.90962,44.31327],[-113.90962,44.31273],[-113.90849,44.31273],[-113.90849,44.31246],[-113.90773,44.31246],[-113.90773,44.31219],[-113.90133,44.31219],[-113.90133,44.31246],[-113.9002,44.31246],[-113.9002,44.31273],[-113.89944,44.31273],[-113.89944,44.31246],[-113.89794,44.31246],[-113.89794,44.31219],[-113.89681,44.31219],[-113.89681,44.31246],[-113.8953,44.31246],[-113.8953,44.31219],[-113.89492,44.31219],[-113.89492,44.31165],[-113.8953,44.31165],[-113.8953,44.31084],[-113.89568,44.31084],[-113.89568,44.3103],[-113.89605,44.3103],[-113.89605,44.31003],[-113.89643,44.31003],[-113.89643,44.30976],[-113.89681,44.30976],[-113.89681,44.30949],[-113.89718,44.30949],[-113.89718,44.30922],[-113.89756,44.30922],[-113.89756,44.30896],[-113.89794,44.30896],[-113.89794,44.30815],[-113.89681,44.30815],[-113.89681,44.30734],[-113.89718,44.30734],[-113.89718,44.30707],[-113.89831,44.30707],[-113.89831,44.3068],[-113.89907,44.30653],[-113.89907,44.30599],[-113.89944,44.30599],[-113.89944,44.30572],[-113.89907,44.30572],[-113.89907,44.30545],[-113.89831,44.30545],[-113.89831,44.30572],[-113.89756,44.30572],[-113.89756,44.30545],[-113.89718,44.30545],[-113.89718,44.30491],[-113.89681,44.30491],[-113.89681,44.30384],[-113.89643,44.30384],[-113.89643,44.30357],[-113.89681,44.30357],[-113.89681,44.3033],[-113.89756,44.3033],[-113.89756,44.30303],[-113.89831,44.30276],[-113.89831,44.30249],[-113.89907,44.30222],[-113.89907,44.30195],[-113.89982,44.30195],[-113.89982,44.30168],[-113.90133,44.30141],[-113.90133,44.30114],[-113.90246,44.30114],[-113.90246,44.30087],[-113.90396,44.30087],[-113.90396,44.3006],[-113.90547,44.30033],[-113.90547,44.30006],[-113.90623,44.30006],[-113.90623,44.29925],[-113.9066,44.29925],[-113.9066,44.29871],[-113.90698,44.29871],[-113.90698,44.29845],[-113.90736,44.29845],[-113.90736,44.29791],[-113.90773,44.29791],[-113.90773,44.29413],[-113.90811,44.29413],[-113.90811,44.29332],[-113.90849,44.29332],[-113.90849,44.29198],[-113.90886,44.29198],[-113.90886,44.29144],[-113.90924,44.29144],[-113.90924,44.29063],[-113.90962,44.29063],[-113.90962,44.28982],[-113.90999,44.28982],[-113.90999,44.28928],[-113.91075,44.28901],[-113.91075,44.28847],[-113.91112,44.28847],[-113.91112,44.28659],[-113.91188,44.28632],[-113.91188,44.28605],[-113.91263,44.28578],[-113.91263,44.28551],[-113.91376,44.28551],[-113.91376,44.28794],[-113.91414,44.28794],[-113.91414,44.28901],[-113.91376,44.28901],[-113.91376,44.28955],[-113.91301,44.28982],[-113.91301,44.2909],[-113.91338,44.2909],[-113.91338,44.29144],[-113.91414,44.29171],[-113.91414,44.29225],[-113.91376,44.29225],[-113.91376,44.29386],[-113.91414,44.29386],[-113.91414,44.29467],[-113.91376,44.29467],[-113.91376,44.29656],[-113.91414,44.29656],[-113.91414,44.29737],[-113.91451,44.29737],[-113.91451,44.29791],[-113.91489,44.29791],[-113.91489,44.29925],[-113.91527,44.29925],[-113.91527,44.29979],[-113.91414,44.29979],[-113.91414,44.29871],[-113.91376,44.29871],[-113.91376,44.29845],[-113.91263,44.29845],[-113.91263,44.29871],[-113.91225,44.29871],[-113.91225,44.29952],[-113.91301,44.29952],[-113.91301,44.29979],[-113.91338,44.29979],[-113.91338,44.3006],[-113.91301,44.3006],[-113.91301,44.30141],[-113.91263,44.30141],[-113.91263,44.30168],[-113.91301,44.30168],[-113.91301,44.30195],[-113.91263,44.30195],[-113.91263,44.30249],[-113.91225,44.30249],[-113.91225,44.30303],[-113.91263,44.30303],[-113.91263,44.3033],[-113.91338,44.30357],[-113.91338,44.30384],[-113.91414,44.3041],[-113.91414,44.30437],[-113.91451,44.30437],[-113.91451,44.30464],[-113.91489,44.30464],[-113.91489,44.30518],[-113.91414,44.30518],[-113.91414,44.30545],[-113.91451,44.30545],[-113.91451,44.30599],[-113.91489,44.30599],[-113.91489,44.3068],[-113.91527,44.3068],[-113.91527,44.30842],[-113.91451,44.30842],[-113.91451,44.30869],[-113.91376,44.30896],[-113.91376,44.30976],[-113.91414,44.30976],[-113.91414,44.3103],[-113.91451,44.3103],[-113.91451,44.31138],[-113.91376,44.31138],[-113.91376,44.31111],[-113.91301,44.31084],[-113.91301,44.31057],[-113.91225,44.3103],[-113.91225,44.30976],[-113.9115,44.30949],[-113.9115,44.30896],[-113.91112,44.30896],[-113.91112,44.30869],[-113.91075,44.30869],[-113.91075,44.30842],[-113.91037,44.30842],[-113.91037,44.30788],[-113.90999,44.30788],[-113.90999,44.30761],[-113.90924,44.30734],[-113.90924,44.30707],[-113.90811,44.30707],[-113.90811,44.30788],[-113.90773,44.30788],[-113.90773,44.30842],[-113.90811,44.30842],[-113.90811,44.30896],[-113.90773,44.30896],[-113.90773,44.30922],[-113.90811,44.30922],[-113.90811,44.30976],[-113.90849,44.30976],[-113.90849,44.31111],[-113.90886,44.31111],[-113.90886,44.31165],[-113.90924,44.31165],[-113.90924,44.31219],[-113.90962,44.31219],[-113.90962,44.31246],[-113.91037,44.31273],[-113.91037,44.313],[-113.91075,44.313],[-113.91075,44.31354],[-113.91112,44.31354],[-113.91112,44.31381],[-113.9115,44.31381],[-113.9115,44.31408],[-113.91225,44.31408],[-113.91225,44.31435],[-113.91263,44.31435],[-113.91263,44.31488],[-113.91301,44.31488],[-113.91301,44.31569],[-113.91263,44.31569],[-113.91263,44.31623],[-113.91188,44.31623],[-113.91188,44.31704],[-113.91263,44.31731],[-113.91263,44.31785],[-113.91301,44.31785],[-113.91301,44.3192],[-113.91338,44.3192],[-113.91338,44.31974],[-113.91414,44.32],[-113.91414,44.32081],[-113.91376,44.32081],[-113.91376,44.32108],[-113.91414,44.32108],[-113.91414,44.32243],[-113.91376,44.32243],[-113.91376,44.3227],[-113.91301,44.3227],[-113.91301,44.32243],[-113.91188,44.32243],[-113.91188,44.32216],[-113.91037,44.32216],[-113.91037,44.32189],[-113.90924,44.32189],[-113.90924,44.32162],[-113.9066,44.32162],[-113.9066,44.32189],[-113.90623,44.32189],[-113.90623,44.32216],[-113.90585,44.32216],[-113.90585,44.32243],[-113.90547,44.32243],[-113.90547,44.3227],[-113.90133,44.3227],[-113.90133,44.32297],[-113.89907,44.32297],[-113.89907,44.3227],[-113.89794,44.3227],[-113.89794,44.32243],[-113.89718,44.32243],[-113.89718,44.32216],[-113.89681,44.32216],[-113.89681,44.32189],[-113.89605,44.32189],[-113.89605,44.32162],[-113.89568,44.32162],[-113.89568,44.32216],[-113.8953,44.32216],[-113.8953,44.32297],[-113.89568,44.32297],[-113.89568,44.32324],[-113.89718,44.32324],[-113.89718,44.32351],[-113.9002,44.32351],[-113.9002,44.32378],[-113.90283,44.32378],[-113.90283,44.32351],[-113.90623,44.32351],[-113.90623,44.32378],[-113.90849,44.32378],[-113.90849,44.32405],[-113.90886,44.32405],[-113.90886,44.32432],[-113.91037,44.32432],[-113.91037,44.32459],[-113.91263,44.32486],[-113.91263,44.32513],[-113.91414,44.32539],[-113.91414,44.32566],[-113.91489,44.32566],[-113.91489,44.32593],[-113.91527,44.32593],[-113.91527,44.32647],[-113.91489,44.32647],[-113.91489,44.32998],[-113.91451,44.32998],[-113.91451,44.33294],[-113.91414,44.33294],[-113.91414,44.33321],[-113.91376,44.33321],[-113.91376,44.33348],[-113.91225,44.33348],[-113.91225,44.33375],[-113.91188,44.33375],[-113.91188,44.33402],[-113.91225,44.33402],[-113.91225,44.33429],[-113.91263,44.33429],[-113.91263,44.33456],[-113.9179,44.33456],[-113.9179,44.33429],[-113.91866,44.33429],[-113.91866,44.33456],[-113.91979,44.33456],[-113.91979,44.3359],[-113.91941,44.3359],[-113.91941,44.33617],[-113.91903,44.33617],[-113.91903,44.33644],[-113.91866,44.33644],[-113.91866,44.33671],[-113.91828,44.33671],[-113.91828,44.33698],[-113.9164,44.33698],[-113.9164,44.33644],[-113.91564,44.33644],[-113.91564,44.33725],[-113.91602,44.33725],[-113.91602,44.33779],[-113.9164,44.33779],[-113.9164,44.33968],[-113.9179,44.33995],[-113.9179,44.34022],[-113.91866,44.34049],[-113.91866,44.34103],[-113.91941,44.34129],[-113.91941,44.34183],[-113.92016,44.3421],[-113.92016,44.34264],[-113.92092,44.34291],[-113.92092,44.34426],[-113.92129,44.34426],[-113.92129,44.34507],[-113.92167,44.34507],[-113.92167,44.34588],[-113.92129,44.34588],[-113.92129,44.34722],[-113.91979,44.34695],[-113.91979,44.34668],[-113.91941,44.34668],[-113.91941,44.34642],[-113.91903,44.34642],[-113.91903,44.34615],[-113.91866,44.34615],[-113.91866,44.34588],[-113.91828,44.34588],[-113.91828,44.34561],[-113.91753,44.34561],[-113.91753,44.34534],[-113.91715,44.34534],[-113.91715,44.34507],[-113.9164,44.34507],[-113.9164,44.3448],[-113.91564,44.3448],[-113.91564,44.34453],[-113.91414,44.3448],[-113.91414,44.34507],[-113.91376,44.34507],[-113.91376,44.34695],[-113.91414,44.34695],[-113.91414,44.34722],[-113.91489,44.34749],[-113.91489,44.3483],[-113.91451,44.3483],[-113.91451,44.34857],[-113.91376,44.34884],[-113.91376,44.34938],[-113.91338,44.34938],[-113.91338,44.35019],[-113.91376,44.35019],[-113.91376,44.35073],[-113.91489,44.35073],[-113.91489,44.351],[-113.91564,44.351],[-113.91564,44.35127],[-113.91602,44.35127],[-113.91602,44.35154],[-113.91828,44.3518],[-113.91828,44.35207],[-113.91903,44.35207],[-113.91903,44.35234],[-113.91941,44.35234],[-113.91941,44.35261],[-113.91979,44.35261],[-113.91979,44.35288],[-113.92054,44.35288],[-113.92054,44.35315],[-113.92092,44.35315],[-113.92092,44.35342],[-113.92129,44.35342],[-113.92129,44.35369],[-113.92167,44.35369],[-113.92167,44.35477],[-113.92129,44.35477],[-113.92129,44.3545],[-113.92016,44.3545],[-113.92016,44.35531],[-113.92054,44.35531],[-113.92054,44.35585],[-113.92016,44.35585],[-113.92016,44.35612],[-113.91903,44.35612],[-113.91903,44.35719],[-113.91941,44.35719],[-113.91941,44.35773],[-113.91979,44.35773],[-113.91979,44.35854],[-113.91903,44.35854],[-113.91903,44.35827],[-113.91866,44.35827],[-113.91866,44.35773],[-113.9179,44.35746],[-113.9179,44.35693],[-113.91753,44.35693],[-113.91753,44.35612],[-113.91715,44.35612],[-113.91715,44.35477],[-113.91753,44.35477],[-113.91753,44.3545],[-113.91828,44.3545],[-113.91828,44.35342],[-113.91677,44.35342],[-113.91677,44.35315],[-113.9164,44.35315],[-113.9164,44.35342],[-113.91564,44.35342],[-113.91564,44.35369],[-113.91489,44.35369],[-113.91489,44.35396],[-113.91451,44.35396],[-113.91451,44.3545],[-113.91489,44.3545],[-113.91489,44.35477],[-113.91527,44.35477],[-113.91527,44.35531],[-113.91564,44.35531],[-113.91564,44.35612],[-113.91489,44.35639],[-113.91489,44.358],[-113.91451,44.358],[-113.91451,44.35989],[-113.91414,44.35989],[-113.91414,44.36151],[-113.91376,44.36151],[-113.91376,44.36232],[-113.91338,44.36232],[-113.91338,44.36339],[-113.91301,44.36339],[-113.91301,44.36744],[-113.91338,44.36744],[-113.91338,44.36824],[-113.91376,44.36824],[-113.91376,44.36932],[-113.91338,44.36932],[-113.91338,44.3704],[-113.91263,44.3704],[-113.91263,44.37067],[-113.91225,44.37067],[-113.91225,44.3704],[-113.91112,44.3704],[-113.91112,44.37229],[-113.91075,44.37229],[-113.91075,44.37283],[-113.90999,44.37309],[-113.90999,44.37444],[-113.91037,44.37444],[-113.91037,44.37471],[-113.90999,44.37471],[-113.90999,44.37498],[-113.90962,44.37498],[-113.90962,44.37525],[-113.9066,44.37525],[-113.9066,44.37579],[-113.90623,44.37579],[-113.90623,44.37606],[-113.90585,44.37606],[-113.90585,44.37633],[-113.90547,44.37633],[-113.90547,44.37687],[-113.90585,44.37687],[-113.90585,44.37714],[-113.90698,44.37714],[-113.90698,44.37741],[-113.90773,44.37741],[-113.90773,44.37768],[-113.90849,44.37795],[-113.90849,44.37902],[-113.90773,44.37929],[-113.90773,44.37956],[-113.90698,44.37956],[-113.90698,44.37983],[-113.9066,44.37983],[-113.9066,44.3801],[-113.90547,44.3801],[-113.90547,44.38037],[-113.90509,44.38037],[-113.90509,44.38064],[-113.90434,44.38064],[-113.90434,44.38037],[-113.90283,44.38037],[-113.90283,44.38064],[-113.90208,44.38064],[-113.90208,44.38091],[-113.9017,44.38091],[-113.9017,44.38064],[-113.90133,44.38064],[-113.90133,44.3801],[-113.90095,44.3801],[-113.90095,44.37956],[-113.9002,44.37929],[-113.9002,44.37848],[-113.89982,44.37848],[-113.89982,44.37741],[-113.89944,44.37741],[-113.89944,44.37687],[-113.89907,44.37687],[-113.89907,44.37633],[-113.89869,44.37633],[-113.89869,44.37606],[-113.89831,44.37606],[-113.89831,44.37579],[-113.89756,44.37579],[-113.89756,44.37552],[-113.89718,44.37552],[-113.89718,44.37525],[-113.89643,44.37525],[-113.89643,44.37552],[-113.89605,44.37552],[-113.89605,44.37579],[-113.89568,44.37579],[-113.89568,44.37633],[-113.89417,44.37633],[-113.89417,44.3766],[-113.89379,44.3766],[-113.89379,44.37714],[-113.89417,44.37714],[-113.89417,44.37768],[-113.89379,44.37768],[-113.89379,44.37956],[-113.89304,44.37956],[-113.89304,44.37929],[-113.89229,44.37902],[-113.89229,44.37875],[-113.89191,44.37875],[-113.89191,44.37848],[-113.89116,44.37848],[-113.89116,44.37822],[-113.89003,44.37822],[-113.89003,44.37795],[-113.88927,44.37795],[-113.88927,44.37768],[-113.88814,44.37768],[-113.88814,44.37795],[-113.88739,44.37795],[-113.88739,44.37822],[-113.88701,44.37822],[-113.88701,44.37848],[-113.88588,44.37848],[-113.88588,44.37875],[-113.8855,44.37875],[-113.8855,44.37848],[-113.88475,44.37848],[-113.88475,44.37795],[-113.88513,44.37795],[-113.88513,44.37768],[-113.88588,44.37768],[-113.88588,44.37741],[-113.88626,44.37741],[-113.88626,44.37714],[-113.88701,44.37714],[-113.88701,44.37687],[-113.88739,44.37687],[-113.88739,44.3766],[-113.88814,44.3766],[-113.88814,44.37552],[-113.88739,44.37552],[-113.88739,44.37525],[-113.88701,44.37525],[-113.88701,44.37444],[-113.88663,44.37444],[-113.88663,44.37417],[-113.88626,44.37417],[-113.88626,44.3739],[-113.8855,44.3739],[-113.8855,44.37363],[-113.88324,44.3739],[-113.88324,44.37336],[-113.88362,44.37336],[-113.88362,44.37283],[-113.88249,44.37283],[-113.88249,44.37309],[-113.88098,44.37309],[-113.88098,44.37283],[-113.87872,44.37283],[-113.87872,44.37309],[-113.87759,44.37309],[-113.87759,44.37336],[-113.87684,44.37363],[-113.87684,44.3739],[-113.87609,44.37417],[-113.87609,44.37444],[-113.87571,44.37444],[-113.87571,44.37471],[-113.87533,44.37471],[-113.87533,44.37525],[-113.87383,44.37525],[-113.87383,44.3739],[-113.8742,44.3739],[-113.8742,44.37363],[-113.87157,44.37363],[-113.87157,44.3739],[-113.87081,44.3739],[-113.87081,44.37417],[-113.86667,44.37417],[-113.86667,44.37444],[-113.86591,44.37444],[-113.86591,44.37471],[-113.86516,44.37471],[-113.86516,44.37498],[-113.86441,44.37498],[-113.86441,44.37525],[-113.86403,44.37525],[-113.86403,44.37498],[-113.86328,44.37498],[-113.86328,44.37471],[-113.86252,44.37471],[-113.86252,44.37444],[-113.86139,44.37444],[-113.86139,44.37471],[-113.86064,44.37471],[-113.86064,44.37498],[-113.86026,44.37498],[-113.86026,44.37525],[-113.85951,44.37552],[-113.85951,44.37579],[-113.86026,44.37606],[-113.86026,44.37714],[-113.85989,44.37714],[-113.85989,44.37768],[-113.85913,44.37768],[-113.85913,44.37795],[-113.85876,44.37795],[-113.85876,44.37902],[-113.85913,44.37902],[-113.85913,44.38037],[-113.85876,44.38037],[-113.85876,44.38064],[-113.85838,44.38064],[-113.85838,44.38091],[-113.85687,44.38091],[-113.85687,44.38064],[-113.85537,44.38037],[-113.85537,44.3801],[-113.85235,44.3801],[-113.85235,44.38037],[-113.85198,44.38037],[-113.85198,44.38064],[-113.85122,44.38064],[-113.85122,44.38091],[-113.85085,44.38091],[-113.85085,44.38118],[-113.84821,44.38118],[-113.84821,44.38145],[-113.8467,44.38172],[-113.8467,44.38199],[-113.84595,44.38199],[-113.84595,44.38226],[-113.84557,44.38226],[-113.84557,44.3828],[-113.84331,44.3828],[-113.84331,44.38307],[-113.84218,44.38307],[-113.84218,44.38334],[-113.8403,44.38334],[-113.8403,44.38307],[-113.83954,44.38307],[-113.83954,44.3828],[-113.83917,44.3828],[-113.83917,44.38226],[-113.83879,44.38226],[-113.83879,44.38199],[-113.83804,44.38199],[-113.83804,44.38172],[-113.83691,44.38172],[-113.83691,44.38253],[-113.83766,44.3828],[-113.83766,44.38361],[-113.83804,44.38361],[-113.83804,44.38387],[-113.83766,44.38387],[-113.83766,44.38414],[-113.8354,44.38414],[-113.8354,44.38441],[-113.83427,44.38441],[-113.83427,44.38468],[-113.83276,44.38468],[-113.83276,44.38441],[-113.83239,44.38441],[-113.83239,44.38468],[-113.83201,44.38468],[-113.83201,44.38441],[-113.83088,44.38441],[-113.83088,44.38414],[-113.8305,44.38414],[-113.8305,44.38387],[-113.82937,44.38387],[-113.82937,44.38361],[-113.82899,44.38361],[-113.82899,44.38334],[-113.82749,44.38334],[-113.82749,44.38307],[-113.82711,44.38307],[-113.82711,44.3828],[-113.82598,44.3828],[-113.82598,44.38226],[-113.82523,44.38226],[-113.82523,44.38199],[-113.82447,44.38172],[-113.82447,44.38145],[-113.82372,44.38145],[-113.82372,44.38118],[-113.82221,44.38118],[-113.82221,44.38064],[-113.82146,44.38064],[-113.82146,44.38037],[-113.81995,44.3801],[-113.81995,44.37983],[-113.81845,44.37983],[-113.81845,44.37956],[-113.81769,44.37929],[-113.81769,44.37848],[-113.81807,44.37848],[-113.81807,44.37822],[-113.81845,44.37822],[-113.81845,44.37795],[-113.81807,44.37795],[-113.81807,44.37768],[-113.81769,44.37768],[-113.81769,44.37741],[-113.81732,44.37741],[-113.81732,44.3766],[-113.81656,44.37633],[-113.81656,44.37579],[-113.81619,44.37579],[-113.81619,44.37552],[-113.81393,44.37552],[-113.81393,44.37525],[-113.81242,44.37525],[-113.81242,44.37498],[-113.81204,44.37498],[-113.81204,44.37471],[-113.81091,44.37471],[-113.81091,44.37363],[-113.81016,44.3739],[-113.81016,44.37363],[-113.8094,44.37363],[-113.8094,44.37336],[-113.80903,44.37336],[-113.80903,44.37363],[-113.80827,44.37363],[-113.80827,44.3739],[-113.8079,44.3739],[-113.8079,44.37363],[-113.80714,44.37363],[-113.80714,44.37309],[-113.80639,44.37309],[-113.80639,44.37283],[-113.80564,44.37283],[-113.80564,44.37256],[-113.80413,44.37256],[-113.80413,44.37229],[-113.80338,44.37229],[-113.80338,44.37121],[-113.803,44.37121],[-113.803,44.37148],[-113.80112,44.37148],[-113.80112,44.3704],[-113.80074,44.3704],[-113.80074,44.36986],[-113.80036,44.36986],[-113.80036,44.36932],[-113.79961,44.36932],[-113.79961,44.36878],[-113.79886,44.36851],[-113.79886,44.36771],[-113.7981,44.36771],[-113.7981,44.36717],[-113.79735,44.36717],[-113.79735,44.36663],[-113.79697,44.36663],[-113.79697,44.36636],[-113.79735,44.36636],[-113.79735,44.36609],[-113.7966,44.36609],[-113.7966,44.36501],[-113.79622,44.36501],[-113.79622,44.36447],[-113.79584,44.36447],[-113.79584,44.36393],[-113.79509,44.36393],[-113.79509,44.36366],[-113.79433,44.36339],[-113.79433,44.36232],[-113.7932,44.36232],[-113.7932,44.36205],[-113.79283,44.36205],[-113.79283,44.36151],[-113.79358,44.36151],[-113.79358,44.36016],[-113.79283,44.36016],[-113.79283,44.35962],[-113.79132,44.35935],[-113.79132,44.35854],[-113.79094,44.35854],[-113.79094,44.358],[-113.79057,44.358],[-113.79057,44.35746],[-113.78981,44.35746],[-113.78981,44.35719],[-113.78906,44.35719],[-113.78906,44.35693],[-113.78793,44.35693],[-113.78793,44.35666],[-113.78755,44.35666],[-113.78755,44.35639],[-113.78718,44.35639],[-113.78718,44.35585],[-113.7868,44.35585],[-113.7868,44.35531],[-113.78642,44.35531],[-113.78642,44.35477],[-113.78605,44.35477],[-113.78605,44.3545],[-113.78529,44.35423],[-113.78529,44.35369],[-113.78454,44.35342],[-113.78454,44.35288],[-113.78416,44.35288],[-113.78416,44.35207],[-113.78379,44.35207],[-113.78379,44.35154],[-113.78341,44.35154],[-113.78341,44.351],[-113.78303,44.351],[-113.78303,44.35046],[-113.78266,44.35046],[-113.78266,44.34911],[-113.78303,44.34911],[-113.78303,44.34884],[-113.78266,44.34884],[-113.78266,44.34857],[-113.78303,44.34857],[-113.78303,44.3483],[-113.78266,44.3483],[-113.78266,44.34803],[-113.7819,44.34776],[-113.7819,44.34749],[-113.78153,44.34749],[-113.78153,44.34722],[-113.7819,44.34722],[-113.7819,44.34668],[-113.78153,44.34668],[-113.78153,44.34507],[-113.78115,44.34507],[-113.78115,44.34264],[-113.78077,44.34264],[-113.78077,44.34183],[-113.7804,44.34183],[-113.7804,44.34156],[-113.78077,44.34156],[-113.78077,44.33968],[-113.7804,44.33968],[-113.7804,44.33941],[-113.78077,44.33941],[-113.78077,44.33887],[-113.78115,44.33887],[-113.78115,44.33806],[-113.78077,44.33806],[-113.78077,44.33779],[-113.78115,44.33779],[-113.78115,44.33698],[-113.78153,44.33698],[-113.78153,44.3359],[-113.78077,44.3359],[-113.78077,44.33537],[-113.7804,44.33537],[-113.7804,44.33456],[-113.78077,44.33456],[-113.78077,44.33348],[-113.78002,44.33348],[-113.78002,44.33375],[-113.77964,44.33375],[-113.77964,44.33402],[-113.77851,44.33402],[-113.77851,44.33375],[-113.77776,44.33375],[-113.77776,44.33213],[-113.77851,44.33186],[-113.77851,44.33051],[-113.77927,44.33025],[-113.77927,44.32971],[-113.78002,44.32944],[-113.78002,44.32863],[-113.78077,44.32836],[-113.78077,44.32755],[-113.78115,44.32755],[-113.78115,44.32701],[-113.78153,44.32701],[-113.78153,44.3262],[-113.7819,44.3262],[-113.7819,44.32486],[-113.78115,44.32486],[-113.78115,44.32513],[-113.7804,44.32539],[-113.7804,44.32566],[-113.77964,44.32566],[-113.77964,44.3262],[-113.77851,44.3262],[-113.77851,44.32566],[-113.77814,44.32566],[-113.77814,44.32539],[-113.77851,44.32539],[-113.77851,44.32513],[-113.77814,44.32513],[-113.77814,44.32486],[-113.77851,44.32486],[-113.77851,44.32432],[-113.77927,44.32432],[-113.77927,44.32351],[-113.78002,44.32324],[-113.78002,44.3227],[-113.78077,44.32243],[-113.78077,44.32189],[-113.78115,44.32189],[-113.78115,44.32108],[-113.78153,44.32108],[-113.78153,44.32054],[-113.7819,44.32054],[-113.7819,44.32027],[-113.78228,44.32027],[-113.78228,44.32],[-113.78303,44.32],[-113.78303,44.31974],[-113.78341,44.31974],[-113.78341,44.31947],[-113.78454,44.31947],[-113.78454,44.3192],[-113.78529,44.3192],[-113.78529,44.31893],[-113.78605,44.31893],[-113.78605,44.3192],[-113.78718,44.3192],[-113.78718,44.31893],[-113.78755,44.31893],[-113.78755,44.31812],[-113.78718,44.31812],[-113.78718,44.31704],[-113.78755,44.31704],[-113.78755,44.31677],[-113.78831,44.3165],[-113.78831,44.31623],[-113.78868,44.31623],[-113.78868,44.31569],[-113.78906,44.31569],[-113.78906,44.31515],[-113.78944,44.31515],[-113.78944,44.31461],[-113.78981,44.31461],[-113.78981,44.31408],[-113.79019,44.31408],[-113.79019,44.31381],[-113.79094,44.31354],[-113.79094,44.313],[-113.7917,44.313],[-113.7917,44.31273],[-113.79207,44.31273],[-113.79207,44.31246],[-113.79245,44.31246],[-113.79245,44.31219],[-113.79283,44.31219],[-113.79283,44.31192],[-113.7932,44.31192],[-113.7932,44.31165],[-113.79396,44.31165],[-113.79396,44.31138],[-113.79433,44.31138],[-113.79433,44.31111],[-113.79509,44.31111],[-113.79509,44.31057],[-113.79584,44.31057],[-113.79584,44.3103],[-113.79622,44.3103],[-113.79622,44.30976],[-113.79697,44.30976],[-113.79697,44.30949],[-113.79735,44.30949],[-113.79735,44.30896],[-113.79773,44.30896],[-113.79773,44.30815],[-113.7981,44.30815],[-113.7981,44.30761],[-113.79848,44.30761],[-113.79848,44.30707],[-113.79886,44.30707],[-113.79886,44.30518],[-113.79923,44.30518],[-113.79923,44.30437],[-113.79961,44.30437],[-113.79961,44.30249],[-113.79999,44.30249],[-113.79999,44.30195],[-113.80036,44.30195],[-113.80036,44.29925],[-113.80074,44.29925],[-113.80074,44.29737],[-113.80112,44.29737],[-113.80112,44.2971],[-113.80074,44.2971],[-113.80074,44.29683],[-113.80112,44.29683],[-113.80112,44.29656],[-113.80149,44.29656],[-113.80149,44.29629],[-113.80187,44.29629],[-113.80187,44.29494],[-113.80149,44.29494],[-113.80149,44.29413],[-113.80187,44.29413],[-113.80187,44.29386],[-113.80149,44.29386],[-113.80149,44.29144],[-113.80187,44.29144],[-113.80187,44.29063],[-113.80225,44.29063],[-113.80225,44.28955],[-113.80262,44.28955],[-113.80262,44.28847],[-113.803,44.28847],[-113.803,44.2882],[-113.80375,44.28794],[-113.80375,44.28767],[-113.80413,44.28767],[-113.80413,44.28686],[-113.80451,44.28686],[-113.80451,44.28632],[-113.80488,44.28632],[-113.80488,44.28578],[-113.80526,44.28578],[-113.80526,44.28551],[-113.80601,44.28524],[-113.80601,44.28497],[-113.80639,44.28497],[-113.80639,44.28443],[-113.80714,44.28443],[-113.80714,44.2847],[-113.80677,44.2847],[-113.80677,44.28497],[-113.80714,44.28497],[-113.80714,44.28524],[-113.8094,44.28497],[-113.8094,44.28524],[-113.80978,44.28524],[-113.80978,44.28551],[-113.81016,44.28551],[-113.81016,44.28524],[-113.81053,44.28524],[-113.81053,44.28497],[-113.81091,44.28497],[-113.81091,44.2847],[-113.81129,44.2847],[-113.81129,44.28497],[-113.81166,44.28497],[-113.81166,44.28551],[-113.81204,44.28551],[-113.81204,44.28578],[-113.81279,44.28578],[-113.81279,44.28605],[-113.81317,44.28605],[-113.81317,44.28632],[-113.81355,44.28632],[-113.81355,44.2874],[-113.81317,44.2874],[-113.81317,44.28767],[-113.81279,44.28767],[-113.81279,44.28794],[-113.81204,44.28794],[-113.81204,44.2882],[-113.81053,44.2882],[-113.81053,44.28847],[-113.81016,44.28847],[-113.81016,44.28874],[-113.8094,44.28874],[-113.8094,44.28955],[-113.80978,44.28955],[-113.80978,44.29009],[-113.8094,44.29009],[-113.8094,44.29036],[-113.80903,44.29036],[-113.80903,44.29063],[-113.80677,44.29063],[-113.80677,44.2909],[-113.80601,44.29063],[-113.80601,44.29144],[-113.80677,44.29144],[-113.80677,44.29171],[-113.80752,44.29171],[-113.80752,44.29198],[-113.8079,44.29198],[-113.8079,44.29171],[-113.80865,44.29198],[-113.80865,44.29306],[-113.80903,44.29306],[-113.80903,44.29413],[-113.80865,44.29413],[-113.80865,44.2944],[-113.80827,44.2944],[-113.80827,44.29467],[-113.80752,44.29467],[-113.80752,44.29494],[-113.80714,44.29494],[-113.80714,44.29629],[-113.80752,44.29629],[-113.80752,44.29845],[-113.8079,44.29845],[-113.8079,44.29898],[-113.80827,44.29898],[-113.80827,44.29925],[-113.80903,44.29952],[-113.80903,44.29979],[-113.8094,44.29979],[-113.8094,44.30033],[-113.81016,44.30033],[-113.81016,44.3006],[-113.81053,44.3006],[-113.81053,44.30087],[-113.81166,44.30087],[-113.81166,44.3006],[-113.81204,44.3006],[-113.81204,44.30006],[-113.81242,44.30006],[-113.81242,44.29979],[-113.81317,44.29952],[-113.81317,44.29925],[-113.81355,44.29925],[-113.81355,44.29871],[-113.81393,44.29871],[-113.81393,44.29845],[-113.81355,44.29845],[-113.81355,44.2971],[-113.81506,44.2971],[-113.81506,44.29818],[-113.81543,44.29818],[-113.81543,44.29845],[-113.81581,44.29845],[-113.81581,44.29871],[-113.81656,44.29871],[-113.81656,44.29845],[-113.81732,44.29818],[-113.81732,44.29791],[-113.81845,44.29791],[-113.81845,44.29818],[-113.81882,44.29818],[-113.81882,44.29845],[-113.81995,44.29845],[-113.81995,44.29871],[-113.82071,44.29871],[-113.82071,44.29952],[-113.82108,44.29952],[-113.82108,44.30033],[-113.82071,44.30033],[-113.82071,44.30087],[-113.81995,44.30087],[-113.81995,44.30114],[-113.81845,44.30114],[-113.81845,44.30222],[-113.81882,44.30222],[-113.81882,44.30249],[-113.81958,44.30249],[-113.81958,44.30276],[-113.81995,44.30276],[-113.81995,44.30303],[-113.82146,44.30303],[-113.82146,44.30276],[-113.82221,44.30276],[-113.82221,44.30249],[-113.82259,44.30249],[-113.82259,44.30195],[-113.82297,44.30195],[-113.82297,44.30168],[-113.82372,44.30141],[-113.82372,44.30114],[-113.82485,44.30114],[-113.82485,44.30141],[-113.82523,44.30141],[-113.82523,44.30168],[-113.82485,44.30168],[-113.82485,44.30222],[-113.82523,44.30222],[-113.82523,44.30249],[-113.82598,44.30249],[-113.82598,44.30222],[-113.82749,44.30222],[-113.82749,44.30249],[-113.82786,44.30249],[-113.82786,44.30276],[-113.82862,44.30276],[-113.82862,44.30249],[-113.83012,44.30249],[-113.83012,44.30437],[-113.82975,44.30437],[-113.82975,44.30518],[-113.83012,44.30518],[-113.83012,44.30545],[-113.8305,44.30545],[-113.8305,44.30572],[-113.83088,44.30572],[-113.83088,44.30599],[-113.83125,44.30599],[-113.83125,44.30626],[-113.83239,44.30626],[-113.83239,44.30572],[-113.83314,44.30545],[-113.83314,44.30491],[-113.83389,44.30464],[-113.83389,44.3041],[-113.83465,44.3041],[-113.83465,44.30491],[-113.83427,44.30491],[-113.83427,44.30545],[-113.83502,44.30545],[-113.83502,44.30572],[-113.83653,44.30599],[-113.83653,44.30626],[-113.83841,44.30626],[-113.83841,44.30599],[-113.83917,44.30599],[-113.83917,44.30572],[-113.83992,44.30545],[-113.83992,44.30491],[-113.84067,44.30464],[-113.84067,44.30437],[-113.84143,44.30437],[-113.84143,44.3041],[-113.8418,44.3041],[-113.8418,44.30384],[-113.84256,44.30384],[-113.84256,44.30357],[-113.84331,44.30357],[-113.84331,44.30384],[-113.84369,44.30384],[-113.84369,44.30357],[-113.84444,44.30357],[-113.84444,44.30384],[-113.84482,44.30384],[-113.84482,44.3041],[-113.84519,44.3041],[-113.84519,44.30437],[-113.84557,44.30437],[-113.84557,44.30464],[-113.84519,44.30464],[-113.84519,44.30491],[-113.84595,44.30518],[-113.84595,44.30599],[-113.8467,44.30626],[-113.8467,44.30599],[-113.84745,44.30572],[-113.84745,44.30545],[-113.8467,44.30545],[-113.8467,44.30437],[-113.84745,44.3041],[-113.84745,44.30357],[-113.84858,44.30357],[-113.84858,44.30384],[-113.84896,44.30384],[-113.84896,44.30357],[-113.84971,44.3033],[-113.84971,44.30303],[-113.85047,44.30303],[-113.85047,44.30276],[-113.85122,44.30249],[-113.85122,44.30222],[-113.8516,44.30222],[-113.8516,44.30249],[-113.85235,44.30222],[-113.85235,44.30249],[-113.85273,44.30249],[-113.85273,44.30276],[-113.85235,44.30276],[-113.85235,44.3041],[-113.85273,44.3041],[-113.85273,44.30437],[-113.85424,44.30437],[-113.85424,44.30464],[-113.85461,44.30464],[-113.85461,44.30518],[-113.85499,44.30518],[-113.85499,44.30572],[-113.85574,44.30572],[-113.85574,44.30599],[-113.86026,44.30599],[-113.86026,44.30572],[-113.86064,44.30572],[-113.86064,44.30599],[-113.86139,44.30599],[-113.86139,44.30626],[-113.86215,44.30653],[-113.86215,44.30707],[-113.86365,44.30707],[-113.86365,44.3068],[-113.86516,44.30707],[-113.86516,44.3068],[-113.86629,44.3068],[-113.86629,44.30707],[-113.86667,44.30707],[-113.86667,44.30734],[-113.86817,44.30734],[-113.86817,44.30788],[-113.86704,44.30788],[-113.86704,44.30761],[-113.86667,44.30761],[-113.86667,44.30842],[-113.86629,44.30842],[-113.86629,44.30869],[-113.86591,44.30869],[-113.86591,44.30896],[-113.86554,44.30896],[-113.86554,44.30922],[-113.86516,44.30922],[-113.86516,44.30949],[-113.86478,44.30949],[-113.86478,44.31003],[-113.86516,44.31003],[-113.86516,44.3103],[-113.86478,44.3103],[-113.86478,44.31057]],[[-113.84482,44.30491],[-113.84482,44.30572],[-113.84519,44.30572],[-113.84519,44.30491],[-113.84482,44.30491]],[[-113.84444,44.30572],[-113.84444,44.30599],[-113.84482,44.30599],[-113.84482,44.30572],[-113.84444,44.30572]],[[-113.84595,44.30626],[-113.84595,44.30653],[-113.84632,44.30653],[-113.84632,44.30626],[-113.84595,44.30626]],[[-113.84557,44.30653],[-113.84557,44.3068],[-113.84595,44.3068],[-113.84595,44.30653],[-113.84557,44.30653]],[[-113.86893,44.37283],[-113.86931,44.37283],[-113.86931,44.37256],[-113.86968,44.37256],[-113.86968,44.37229],[-113.87044,44.37229],[-113.87044,44.37202],[-113.87119,44.37175],[-113.87119,44.37148],[-113.86893,44.37148],[-113.86893,44.37175],[-113.86742,44.37175],[-113.86742,44.37148],[-113.86704,44.37148],[-113.86704,44.37121],[-113.86554,44.37148],[-113.86554,44.37229],[-113.86629,44.37229],[-113.86629,44.37256],[-113.86667,44.37256],[-113.86667,44.37283],[-113.86742,44.37283],[-113.86742,44.37309],[-113.86817,44.37309],[-113.86817,44.37336],[-113.86855,44.37336],[-113.86855,44.37309],[-113.86893,44.37309],[-113.86893,44.37283]],[[-113.90962,44.36878],[-113.90999,44.36878],[-113.90999,44.36851],[-113.90811,44.36851],[-113.90811,44.36905],[-113.90773,44.36905],[-113.90773,44.36932],[-113.90736,44.36932],[-113.90736,44.36959],[-113.90849,44.36959],[-113.90849,44.36905],[-113.90962,44.36905],[-113.90962,44.36878]],[[-113.86328,44.36851],[-113.86403,44.36824],[-113.86403,44.36771],[-113.86252,44.36744],[-113.86252,44.36771],[-113.86215,44.36771],[-113.86215,44.36824],[-113.86177,44.36824],[-113.86177,44.36878],[-113.86215,44.36878],[-113.86215,44.36905],[-113.86252,44.36905],[-113.86252,44.36878],[-113.86328,44.36878],[-113.86328,44.36851]],[[-113.86629,44.36717],[-113.8678,44.3669],[-113.8678,44.36663],[-113.86817,44.36663],[-113.86817,44.36636],[-113.86855,44.36636],[-113.86855,44.36609],[-113.86893,44.36609],[-113.86893,44.36582],[-113.87044,44.36555],[-113.87044,44.36528],[-113.87119,44.36501],[-113.87119,44.36447],[-113.87081,44.36447],[-113.87081,44.36312],[-113.87157,44.36312],[-113.87157,44.36285],[-113.87232,44.36258],[-113.87232,44.36178],[-113.87194,44.36178],[-113.87194,44.36124],[-113.87157,44.36124],[-113.87157,44.36151],[-113.87119,44.36151],[-113.87119,44.36178],[-113.87081,44.36178],[-113.87081,44.36205],[-113.87044,44.36205],[-113.87044,44.36232],[-113.86968,44.36232],[-113.86968,44.36258],[-113.86931,44.36258],[-113.86931,44.36232],[-113.86855,44.36258],[-113.86855,44.36205],[-113.86817,44.36205],[-113.86817,44.36232],[-113.86742,44.36258],[-113.86742,44.36285],[-113.86667,44.36285],[-113.86667,44.36339],[-113.86591,44.36339],[-113.86591,44.36393],[-113.86516,44.36393],[-113.86516,44.3642],[-113.86478,44.3642],[-113.86478,44.36447],[-113.86403,44.36447],[-113.86403,44.36528],[-113.86478,44.36528],[-113.86478,44.36744],[-113.86554,44.36771],[-113.86554,44.36744],[-113.86629,44.36744],[-113.86629,44.36717]],[[-113.86139,44.36663],[-113.86177,44.36663],[-113.86177,44.36609],[-113.86139,44.36609],[-113.86139,44.36663]],[[-113.91715,44.34291],[-113.91753,44.34291],[-113.91753,44.34237],[-113.91564,44.34237],[-113.91564,44.34264],[-113.91527,44.34264],[-113.91527,44.34372],[-113.91564,44.34372],[-113.91564,44.34399],[-113.91677,44.34399],[-113.91677,44.34372],[-113.91715,44.34372],[-113.91715,44.34291]],[[-113.87119,44.34103],[-113.87157,44.34103],[-113.87157,44.34076],[-113.87232,44.34076],[-113.87232,44.34049],[-113.8727,44.34049],[-113.8727,44.34022],[-113.87345,44.34022],[-113.87345,44.33995],[-113.87496,44.33995],[-113.87496,44.33968],[-113.87533,44.33968],[-113.87533,44.33941],[-113.87496,44.33941],[-113.87496,44.33914],[-113.8727,44.33914],[-113.8727,44.33941],[-113.87194,44.33941],[-113.87194,44.33968],[-113.87157,44.33968],[-113.87157,44.33995],[-113.87081,44.33995],[-113.87081,44.34022],[-113.87006,44.34049],[-113.87006,44.34103],[-113.86968,44.34103],[-113.86968,44.34129],[-113.87044,44.34156],[-113.87044,44.34129],[-113.87119,44.34129],[-113.87119,44.34103]],[[-113.85499,44.32728],[-113.85461,44.32728],[-113.85461,44.32593],[-113.85499,44.32593],[-113.85499,44.32539],[-113.85537,44.32539],[-113.85537,44.32405],[-113.85612,44.32405],[-113.85612,44.32378],[-113.8565,44.32378],[-113.8565,44.32351],[-113.85725,44.32351],[-113.85725,44.32324],[-113.85838,44.32324],[-113.85838,44.32243],[-113.85876,44.32243],[-113.85876,44.32216],[-113.85951,44.32189],[-113.85951,44.32162],[-113.85989,44.32162],[-113.85989,44.32135],[-113.86026,44.32135],[-113.86026,44.32081],[-113.86064,44.32081],[-113.86064,44.31866],[-113.86026,44.31866],[-113.86026,44.31785],[-113.85989,44.31785],[-113.85989,44.31758],[-113.85913,44.31731],[-113.85913,44.31704],[-113.8565,44.31704],[-113.8565,44.31731],[-113.85537,44.31731],[-113.85537,44.31758],[-113.85461,44.31758],[-113.85461,44.31731],[-113.85311,44.31704],[-113.85311,44.31677],[-113.85273,44.31677],[-113.85273,44.31704],[-113.85122,44.31704],[-113.85122,44.3165],[-113.85009,44.3165],[-113.85009,44.31677],[-113.84858,44.31677],[-113.84858,44.31704],[-113.84708,44.31704],[-113.84708,44.31731],[-113.84595,44.31731],[-113.84595,44.31758],[-113.84519,44.31785],[-113.84519,44.31839],[-113.84482,44.31839],[-113.84482,44.31893],[-113.84444,44.31893],[-113.84444,44.31947],[-113.84406,44.31947],[-113.84406,44.3192],[-113.84369,44.3192],[-113.84369,44.31866],[-113.84331,44.31866],[-113.84331,44.31893],[-113.84293,44.31893],[-113.84293,44.3192],[-113.84256,44.3192],[-113.84256,44.31947],[-113.84218,44.31947],[-113.84218,44.31974],[-113.8418,44.31974],[-113.8418,44.32],[-113.84143,44.32],[-113.84143,44.32027],[-113.84105,44.32027],[-113.84105,44.32054],[-113.84067,44.32054],[-113.84067,44.32108],[-113.8403,44.32108],[-113.8403,44.32135],[-113.83954,44.32162],[-113.83954,44.32189],[-113.83879,44.32216],[-113.83879,44.32243],[-113.83728,44.32243],[-113.83728,44.3227],[-113.83615,44.3227],[-113.83615,44.32297],[-113.8354,44.32297],[-113.8354,44.32324],[-113.83465,44.32351],[-113.83465,44.32378],[-113.83427,44.32378],[-113.83427,44.32405],[-113.83239,44.32405],[-113.83239,44.32432],[-113.83163,44.32432],[-113.83163,44.32405],[-113.83088,44.32405],[-113.83088,44.32378],[-113.82975,44.32378],[-113.82975,44.32351],[-113.82899,44.32351],[-113.82899,44.32324],[-113.82711,44.32324],[-113.82711,44.32351],[-113.82636,44.32351],[-113.82636,44.32378],[-113.8256,44.32378],[-113.8256,44.32405],[-113.82523,44.32405],[-113.82523,44.32432],[-113.82447,44.32459],[-113.82447,44.32486],[-113.82372,44.32513],[-113.82372,44.32593],[-113.82334,44.32593],[-113.82334,44.32647],[-113.82297,44.32647],[-113.82297,44.32836],[-113.82372,44.32863],[-113.82372,44.32917],[-113.8241,44.32917],[-113.8241,44.32944],[-113.82447,44.32944],[-113.82447,44.32971],[-113.82485,44.32971],[-113.82485,44.33025],[-113.82523,44.33025],[-113.82523,44.33051],[-113.82598,44.33051],[-113.82598,44.33078],[-113.82711,44.33078],[-113.82711,44.33105],[-113.82862,44.33105],[-113.82862,44.33078],[-113.83012,44.33051],[-113.83012,44.33025],[-113.83088,44.32998],[-113.83088,44.33078],[-113.83125,44.33078],[-113.83125,44.33186],[-113.83163,44.33186],[-113.83163,44.33321],[-113.83201,44.33321],[-113.83201,44.33429],[-113.82975,44.33456],[-113.82975,44.33483],[-113.82937,44.33483],[-113.82937,44.33537],[-113.82899,44.33537],[-113.82899,44.33644],[-113.82937,44.33644],[-113.82937,44.33671],[-113.8305,44.33671],[-113.8305,44.33698],[-113.83163,44.33698],[-113.83163,44.33779],[-113.83125,44.33779],[-113.83125,44.33806],[-113.8305,44.33833],[-113.8305,44.3386],[-113.83012,44.3386],[-113.83012,44.33887],[-113.82975,44.33887],[-113.82975,44.33914],[-113.82937,44.33914],[-113.82937,44.33941],[-113.82899,44.33941],[-113.82899,44.33968],[-113.82862,44.33968],[-113.82862,44.33995],[-113.82824,44.33995],[-113.82824,44.34022],[-113.82862,44.34022],[-113.82862,44.34049],[-113.82899,44.34049],[-113.82899,44.34076],[-113.82937,44.34076],[-113.82937,44.34103],[-113.82975,44.34103],[-113.82975,44.34129],[-113.83163,44.34129],[-113.83163,44.34103],[-113.83276,44.34103],[-113.83276,44.34076],[-113.83352,44.34049],[-113.83352,44.34022],[-113.83427,44.33995],[-113.83427,44.33968],[-113.83502,44.33968],[-113.83502,44.33941],[-113.83578,44.33941],[-113.83578,44.33914],[-113.83954,44.33914],[-113.83954,44.33887],[-113.8403,44.33887],[-113.8403,44.33833],[-113.84067,44.33833],[-113.84067,44.33806],[-113.84105,44.33806],[-113.84105,44.33779],[-113.84293,44.33779],[-113.84293,44.33752],[-113.84369,44.33752],[-113.84369,44.33725],[-113.84444,44.33725],[-113.84444,44.33698],[-113.84519,44.33698],[-113.84519,44.33752],[-113.84595,44.33752],[-113.84595,44.33725],[-113.84708,44.33725],[-113.84708,44.33671],[-113.84745,44.33671],[-113.84745,44.33617],[-113.84783,44.33617],[-113.84783,44.33564],[-113.84821,44.33564],[-113.84821,44.33537],[-113.84858,44.33537],[-113.84858,44.3351],[-113.84934,44.3351],[-113.84934,44.33321],[-113.84896,44.33321],[-113.84896,44.33267],[-113.84858,44.33267],[-113.84858,44.3324],[-113.84783,44.33213],[-113.84783,44.33186],[-113.84745,44.33186],[-113.84745,44.33159],[-113.84708,44.33159],[-113.84708,44.33132],[-113.8467,44.33132],[-113.8467,44.33105],[-113.84632,44.33105],[-113.84632,44.33078],[-113.84595,44.33078],[-113.84595,44.33025],[-113.84444,44.33025],[-113.84444,44.32998],[-113.84406,44.32998],[-113.84406,44.32971],[-113.84444,44.32971],[-113.84444,44.32944],[-113.84519,44.32917],[-113.84519,44.3289],[-113.84557,44.3289],[-113.84557,44.32836],[-113.84595,44.32836],[-113.84595,44.32809],[-113.84632,44.32809],[-113.84632,44.32782],[-113.84708,44.32755],[-113.84708,44.32782],[-113.84858,44.32809],[-113.84858,44.32863],[-113.84896,44.32863],[-113.84896,44.32917],[-113.84934,44.32917],[-113.84934,44.32971],[-113.84971,44.32971],[-113.84971,44.32998],[-113.85047,44.33025],[-113.85047,44.33051],[-113.8516,44.33051],[-113.8516,44.33025],[-113.85198,44.33025],[-113.85198,44.32971],[-113.85273,44.32971],[-113.85273,44.32944],[-113.85311,44.32944],[-113.85311,44.32863],[-113.85348,44.32863],[-113.85348,44.32782],[-113.85574,44.32782],[-113.85574,44.32755],[-113.85499,44.32755],[-113.85499,44.32728]],[[-113.85574,44.32836],[-113.8565,44.32836],[-113.8565,44.32782],[-113.85574,44.32782],[-113.85574,44.32836]],[[-113.91602,44.3351],[-113.91677,44.3351],[-113.91677,44.33483],[-113.91602,44.33483],[-113.91602,44.3351]],[[-113.88287,44.33105],[-113.88211,44.33078],[-113.88211,44.33025],[-113.88174,44.33025],[-113.88174,44.32998],[-113.88136,44.32998],[-113.88136,44.32971],[-113.88061,44.32971],[-113.88061,44.32944],[-113.87985,44.32917],[-113.87985,44.32863],[-113.87948,44.32863],[-113.87948,44.32836],[-113.87872,44.32836],[-113.87872,44.32809],[-113.87835,44.32809],[-113.87835,44.32782],[-113.87797,44.32782],[-113.87797,44.32755],[-113.87759,44.32755],[-113.87759,44.32728],[-113.87646,44.32728],[-113.87646,44.32701],[-113.87571,44.32701],[-113.87571,44.32674],[-113.87496,44.32674],[-113.87496,44.32647],[-113.87345,44.32647],[-113.87345,44.32674],[-113.87307,44.32674],[-113.87307,44.32728],[-113.8727,44.32728],[-113.8727,44.32782],[-113.87307,44.32782],[-113.87307,44.32809],[-113.8742,44.32809],[-113.8742,44.32836],[-113.87533,44.32836],[-113.87533,44.32863],[-113.87646,44.32863],[-113.87646,44.3289],[-113.87684,44.3289],[-113.87684,44.32917],[-113.87722,44.32917],[-113.87722,44.32944],[-113.87759,44.32944],[-113.87759,44.32971],[-113.87797,44.32971],[-113.87797,44.32998],[-113.87835,44.32998],[-113.87835,44.33025],[-113.87872,44.33025],[-113.87872,44.33051],[-113.87948,44.33078],[-113.87948,44.33105],[-113.88174,44.33132],[-113.88174,44.33159],[-113.88211,44.33159],[-113.88211,44.33186],[-113.88249,44.33186],[-113.88249,44.33213],[-113.88287,44.33213],[-113.88287,44.3324],[-113.88324,44.3324],[-113.88324,44.33159],[-113.88287,44.33159],[-113.88287,44.33105]],[[-113.8889,44.32998],[-113.88777,44.32998],[-113.88777,44.33159],[-113.88814,44.33159],[-113.88814,44.33186],[-113.8889,44.33159],[-113.8889,44.32998]],[[-113.86704,44.32944],[-113.86742,44.32944],[-113.86742,44.32917],[-113.86704,44.32917],[-113.86704,44.32944]],[[-113.87307,44.32405],[-113.87232,44.32405],[-113.87232,44.32432],[-113.87194,44.32432],[-113.87194,44.32539],[-113.87345,44.32539],[-113.87345,44.32459],[-113.87307,44.32459],[-113.87307,44.32405]],[[-113.86328,44.31084],[-113.86365,44.31084],[-113.86365,44.31057],[-113.86328,44.31057],[-113.86328,44.31084]],[[-113.86403,44.3103],[-113.86441,44.3103],[-113.86441,44.31003],[-113.86403,44.31003],[-113.86403,44.3103]],[[-113.90133,44.30761],[-113.90208,44.30761],[-113.90208,44.30734],[-113.90133,44.30734],[-113.90133,44.30761]],[[-113.81242,44.30195],[-113.81317,44.30195],[-113.81317,44.30087],[-113.81242,44.30087],[-113.81242,44.30195]],[[-113.81732,44.30087],[-113.81769,44.30087],[-113.81769,44.3006],[-113.81619,44.30006],[-113.81619,44.30114],[-113.81543,44.30114],[-113.81543,44.30141],[-113.81694,44.30141],[-113.81694,44.30114],[-113.81732,44.30114],[-113.81732,44.30087]],[[-113.80564,44.28982],[-113.80564,44.28955],[-113.80526,44.28955],[-113.80526,44.28982],[-113.80564,44.28982]],[[-113.80639,44.28955],[-113.80639,44.28928],[-113.80677,44.28928],[-113.80677,44.28901],[-113.80752,44.28901],[-113.80752,44.28874],[-113.8079,44.28874],[-113.8079,44.2874],[-113.80827,44.2874],[-113.80827,44.28713],[-113.81016,44.28713],[-113.81016,44.28686],[-113.81053,44.28686],[-113.81053,44.28632],[-113.80903,44.28632],[-113.80903,44.28659],[-113.80714,44.28659],[-113.80714,44.28686],[-113.80677,44.28686],[-113.80677,44.28713],[-113.80601,44.28713],[-113.80601,44.28794],[-113.80564,44.28794],[-113.80564,44.28955],[-113.80639,44.28955]]]]},"properties":{"layer":"predicted_growth_24h","fire_name":"Doublesprings","irwin_id":"{960C064B-1764-4834-BD28-90FB69A4AB4A}","model":"arrival_run","checkpoint_epoch":216,"decode":"connected_causal","operating_point":{"floor":0.0,"mult":0.9},"val_precision":null,"val_recall":null,"model_caveat":"arrival_run chosen for best RECALL among the six FlameFlux v3 candidates on the production-valid t0-window corpus (R=0.624 on the fc2 held-out fires, R=0.432 on Dillon -- see candidate_comparison.md from the 2026-07-24 comparison). It does NOT meet the project's P>=0.50/R>=0.80 target: precision is the WORST of the six (P=0.120 on fc2 -- most flagged growth is wrong), and wind_run actually edges it on F1. IMPORTANT CAVEAT: arrival_run trained on the leaky 'observed' corpus (crop centered/sized on t0|t1, i.e. it saw the future perimeter's geometry during training) and has NEVER seen a t0-window crop -- the ONLY geometry this live pipeline can ever produce at forecast time (the future perimeter is, by definition, unknown). So every live prediction from this model is out-of-distribution relative to its own training. The measured t0-window numbers above already reflect that (they are not a surprise), but this is 'best available', not 'production-ready' -- represent it that way. The operating_point (floor=0.0, mult=0.9) is the VAL-selected connected-causal decode point; it did NOT clear the 0.50 precision floor during selection (feasible=False, val P=0.270/R=0.259) -- it's the best-F1 fallback point, not a precision-guaranteed one.","issued_at_utc":"2026-08-05 02:36:31.645281+00:00","valid_from_utc":"2026-08-05 00:00:00","valid_to_utc":"2026-08-06 00:00:00","wfigs_date_current_utc":"2026-08-05 02:05:06+00:00","pixel_size_m":30,"veg_source":"refreshed_d4","physics_source":"eikonal_fbfm40","history_n_dates":1,"degraded_history":true,"containment_pct":0.0,"acres_wfigs":1021.012899130312}},{"type":"Feature","geometry":{"type":"MultiPolygon","coordinates":[[[[-113.83954,44.31866],[-113.83879,44.31893],[-113.83879,44.31812],[-113.83917,44.31812],[-113.83917,44.31785],[-113.83954,44.31785],[-113.83954,44.31758],[-113.8403,44.31758],[-113.8403,44.31731],[-113.84067,44.31731],[-113.84067,44.31866],[-113.83992,44.31866],[-113.83992,44.31893],[-113.83954,44.31893],[-113.83954,44.31866]]],[[[-113.83653,44.31839],[-113.83691,44.31839],[-113.83691,44.31866],[-113.83766,44.31839],[-113.83766,44.31893],[-113.83691,44.31893],[-113.83691,44.3192],[-113.83653,44.3192],[-113.83653,44.31839]]],[[[-113.83502,44.3192],[-113.83578,44.3192],[-113.83578,44.31866],[-113.83615,44.31866],[-113.83615,44.31974],[-113.8354,44.31947],[-113.8354,44.32],[-113.83502,44.32],[-113.83502,44.3192]]],[[[-113.82975,44.34156],[-113.82937,44.34156],[-113.82937,44.34129],[-113.82862,44.34103],[-113.82862,44.34076],[-113.82824,44.34076],[-113.82824,44.34049],[-113.82786,44.34049],[-113.82786,44.33968],[-113.82824,44.33968],[-113.82824,44.33941],[-113.82862,44.33941],[-113.82862,44.33914],[-113.82899,44.33914],[-113.82899,44.33887],[-113.82937,44.33887],[-113.82937,44.3386],[-113.82975,44.3386],[-113.82975,44.33833],[-113.8305,44.33806],[-113.8305,44.33779],[-113.83088,44.33779],[-113.83088,44.33725],[-113.82975,44.33725],[-113.82975,44.33698],[-113.82899,44.33698],[-113.82899,44.33671],[-113.82862,44.33671],[-113.82862,44.3351],[-113.82899,44.3351],[-113.82899,44.33483],[-113.82937,44.33483],[-113.82937,44.33456],[-113.82975,44.33456],[-113.82975,44.33429],[-113.83125,44.33429],[-113.83125,44.33402],[-113.83201,44.33375],[-113.83201,44.33348],[-113.83163,44.33348],[-113.83163,44.33321],[-113.83201,44.33321],[-113.83201,44.33294],[-113.83125,44.33267],[-113.83125,44.33159],[-113.83088,44.33159],[-113.83088,44.33078],[-113.8305,44.33078],[-113.8305,44.33051],[-113.83012,44.33051],[-113.83012,44.33078],[-113.82937,44.33078],[-113.82937,44.33105],[-113.82824,44.33105],[-113.82824,44.33132],[-113.82711,44.33132],[-113.82711,44.33105],[-113.82598,44.33105],[-113.82598,44.33078],[-113.82523,44.33078],[-113.82523,44.33051],[-113.82485,44.33051],[-113.82485,44.33025],[-113.82447,44.33025],[-113.82447,44.32998],[-113.8241,44.32998],[-113.8241,44.32971],[-113.82372,44.32971],[-113.82372,44.32917],[-113.82297,44.3289],[-113.82297,44.32836],[-113.82259,44.32836],[-113.82259,44.32782],[-113.82221,44.32782],[-113.82221,44.32674],[-113.82259,44.32674],[-113.82259,44.3262],[-113.82334,44.32593],[-113.82334,44.32513],[-113.82372,44.32513],[-113.82372,44.32459],[-113.8241,44.32459],[-113.8241,44.32432],[-113.82447,44.32432],[-113.82447,44.32405],[-113.82485,44.32405],[-113.82485,44.32378],[-113.8256,44.32351],[-113.8256,44.32324],[-113.82636,44.32324],[-113.82636,44.32297],[-113.82711,44.32297],[-113.82711,44.3227],[-113.82899,44.3227],[-113.82899,44.32297],[-113.83012,44.32297],[-113.83012,44.32324],[-113.83088,44.32324],[-113.83088,44.32351],[-113.83352,44.32351],[-113.83352,44.32324],[-113.83427,44.32324],[-113.83427,44.32297],[-113.83465,44.32297],[-113.83465,44.3227],[-113.83502,44.3227],[-113.83502,44.32243],[-113.83578,44.32243],[-113.83578,44.32216],[-113.83804,44.32189],[-113.83804,44.32162],[-113.83841,44.32162],[-113.83841,44.32135],[-113.83917,44.32135],[-113.83917,44.32108],[-113.83954,44.32108],[-113.83954,44.32054],[-113.83992,44.32054],[-113.83992,44.32],[-113.8403,44.32],[-113.8403,44.31947],[-113.84067,44.31947],[-113.84067,44.3192],[-113.84105,44.3192],[-113.84105,44.31893],[-113.8418,44.31893],[-113.8418,44.31866],[-113.84218,44.31866],[-113.84218,44.31839],[-113.84406,44.31839],[-113.84406,44.31812],[-113.84444,44.31812],[-113.84444,44.31731],[-113.84482,44.31731],[-113.84482,44.31677],[-113.84519,44.31677],[-113.84519,44.3165],[-113.84783,44.3165],[-113.84783,44.31623],[-113.84971,44.31623],[-113.84971,44.31596],[-113.85122,44.31596],[-113.85122,44.31623],[-113.85198,44.31623],[-113.85198,44.3165],[-113.85386,44.3165],[-113.85386,44.31677],[-113.85499,44.31677],[-113.85499,44.31704],[-113.85537,44.31704],[-113.85537,44.31677],[-113.85687,44.31677],[-113.85687,44.3165],[-113.85876,44.3165],[-113.85876,44.31677],[-113.85951,44.31677],[-113.85951,44.31704],[-113.86026,44.31704],[-113.86026,44.31731],[-113.86064,44.31731],[-113.86064,44.31785],[-113.86102,44.31785],[-113.86102,44.31866],[-113.86139,44.31866],[-113.86139,44.32],[-113.86102,44.32],[-113.86102,44.32081],[-113.86064,44.32081],[-113.86064,44.32135],[-113.86026,44.32135],[-113.86026,44.32162],[-113.85989,44.32162],[-113.85989,44.32189],[-113.85951,44.32189],[-113.85951,44.32216],[-113.85913,44.32216],[-113.85913,44.32243],[-113.85876,44.32243],[-113.85876,44.32297],[-113.858,44.32324],[-113.858,44.32351],[-113.85725,44.32351],[-113.85725,44.32378],[-113.8565,44.32378],[-113.8565,44.32405],[-113.85574,44.32432],[-113.85574,44.32539],[-113.85537,44.32539],[-113.85537,44.32593],[-113.85499,44.32593],[-113.85499,44.32701],[-113.85574,44.32728],[-113.85574,44.32755],[-113.85612,44.32755],[-113.85612,44.32782],[-113.85687,44.32782],[-113.85687,44.32836],[-113.8565,44.32836],[-113.8565,44.32863],[-113.85574,44.32863],[-113.85574,44.32836],[-113.85537,44.32836],[-113.85537,44.32809],[-113.85386,44.32836],[-113.85386,44.32917],[-113.85348,44.32917],[-113.85348,44.32971],[-113.85311,44.32971],[-113.85311,44.32998],[-113.85273,44.32998],[-113.85273,44.33025],[-113.85198,44.33051],[-113.85198,44.33078],[-113.85122,44.33078],[-113.85122,44.33105],[-113.85047,44.33105],[-113.85047,44.33078],[-113.85009,44.33078],[-113.85009,44.33051],[-113.84934,44.33051],[-113.84934,44.33025],[-113.84896,44.33025],[-113.84896,44.32998],[-113.84858,44.32998],[-113.84858,44.32944],[-113.84821,44.32944],[-113.84821,44.3289],[-113.84783,44.3289],[-113.84783,44.32863],[-113.84745,44.32863],[-113.84745,44.32836],[-113.8467,44.32836],[-113.8467,44.32863],[-113.84632,44.32863],[-113.84632,44.3289],[-113.84595,44.3289],[-113.84595,44.32917],[-113.84519,44.32944],[-113.84519,44.32998],[-113.84595,44.32998],[-113.84595,44.33025],[-113.84632,44.33025],[-113.84632,44.33051],[-113.84708,44.33078],[-113.84708,44.33105],[-113.84783,44.33105],[-113.84783,44.33132],[-113.84858,44.33159],[-113.84858,44.33213],[-113.84896,44.33213],[-113.84896,44.3324],[-113.84971,44.33267],[-113.84971,44.33348],[-113.85009,44.33348],[-113.85009,44.33456],[-113.84971,44.33456],[-113.84971,44.3351],[-113.84934,44.3351],[-113.84934,44.33537],[-113.84896,44.33537],[-113.84896,44.33564],[-113.84821,44.3359],[-113.84821,44.33644],[-113.84783,44.33644],[-113.84783,44.33698],[-113.84745,44.33698],[-113.84745,44.33725],[-113.8467,44.33752],[-113.8467,44.33779],[-113.84557,44.33779],[-113.84557,44.33806],[-113.84519,44.33806],[-113.84519,44.33779],[-113.84482,44.33779],[-113.84482,44.33752],[-113.84444,44.33752],[-113.84444,44.33779],[-113.84331,44.33779],[-113.84331,44.33806],[-113.84256,44.33806],[-113.84256,44.33833],[-113.84105,44.33833],[-113.84105,44.3386],[-113.84067,44.3386],[-113.84067,44.33887],[-113.8403,44.33887],[-113.8403,44.33914],[-113.83954,44.33914],[-113.83954,44.33941],[-113.83578,44.33941],[-113.83578,44.33968],[-113.83502,44.33968],[-113.83502,44.33995],[-113.83427,44.33995],[-113.83427,44.34022],[-113.83389,44.34022],[-113.83389,44.34076],[-113.83352,44.34076],[-113.83352,44.34103],[-113.83314,44.34103],[-113.83314,44.34129],[-113.83239,44.34129],[-113.83239,44.34156],[-113.83125,44.34156],[-113.83125,44.34183],[-113.82975,44.34183],[-113.82975,44.34156]],[[-113.83163,44.33725],[-113.83163,44.33752],[-113.83201,44.33752],[-113.83201,44.33725],[-113.83163,44.33725]],[[-113.83201,44.33402],[-113.83201,44.33429],[-113.83239,44.33429],[-113.83239,44.33402],[-113.83201,44.33402]],[[-113.82297,44.32647],[-113.82297,44.32674],[-113.82334,44.32674],[-113.82334,44.32647],[-113.82297,44.32647]]]]},"properties":{"layer":"predicted_reach_h01","fire_name":"Doublesprings","irwin_id":"{960C064B-1764-4834-BD28-90FB69A4AB4A}","model":"arrival_run","checkpoint_epoch":216,"decode":"connected_causal","operating_point":{"floor":0.0,"mult":0.9},"val_precision":null,"val_recall":null,"model_caveat":"arrival_run chosen for best RECALL among the six FlameFlux v3 candidates on the production-valid t0-window corpus (R=0.624 on the fc2 held-out fires, R=0.432 on Dillon -- see candidate_comparison.md from the 2026-07-24 comparison). It does NOT meet the project's P>=0.50/R>=0.80 target: precision is the WORST of the six (P=0.120 on fc2 -- most flagged growth is wrong), and wind_run actually edges it on F1. IMPORTANT CAVEAT: arrival_run trained on the leaky 'observed' corpus (crop centered/sized on t0|t1, i.e. it saw the future perimeter's geometry during training) and has NEVER seen a t0-window crop -- the ONLY geometry this live pipeline can ever produce at forecast time (the future perimeter is, by definition, unknown). So every live prediction from this model is out-of-distribution relative to its own training. The measured t0-window numbers above already reflect that (they are not a surprise), but this is 'best available', not 'production-ready' -- represent it that way. The operating_point (floor=0.0, mult=0.9) is the VAL-selected connected-causal decode point; it did NOT clear the 0.50 precision floor during selection (feasible=False, val P=0.270/R=0.259) -- it's the best-F1 fallback point, not a precision-guaranteed one.","issued_at_utc":"2026-08-05 02:36:31.645281+00:00","valid_from_utc":"2026-08-05 00:00:00","valid_to_utc":"2026-08-06 00:00:00","wfigs_date_current_utc":"2026-08-05 02:05:06+00:00","pixel_size_m":30,"veg_source":"refreshed_d4","physics_source":"eikonal_fbfm40","history_n_dates":1,"degraded_history":true,"containment_pct":0.0,"acres_wfigs":1021.012899130312,"hour":1,"valid_at_utc":"2026-08-05 01:00:00"}},{"type":"Feature","geometry":{"type":"MultiPolygon","coordinates":[[[[-113.82937,44.34183],[-113.82937,44.34156],[-113.82862,44.34129],[-113.82862,44.34103],[-113.82824,44.34103],[-113.82824,44.34049],[-113.82786,44.34049],[-113.82786,44.33968],[-113.82824,44.33968],[-113.82824,44.33914],[-113.82862,44.33914],[-113.82862,44.33887],[-113.82937,44.3386],[-113.82937,44.33833],[-113.83012,44.33806],[-113.83012,44.33779],[-113.83088,44.33779],[-113.83088,44.33752],[-113.8305,44.33752],[-113.8305,44.33725],[-113.82937,44.33725],[-113.82937,44.33698],[-113.82862,44.33671],[-113.82862,44.33644],[-113.82824,44.33644],[-113.82824,44.33564],[-113.82862,44.33564],[-113.82862,44.3351],[-113.82899,44.3351],[-113.82899,44.33456],[-113.82937,44.33456],[-113.82937,44.33429],[-113.83088,44.33429],[-113.83088,44.33402],[-113.83163,44.33402],[-113.83163,44.33321],[-113.83201,44.33321],[-113.83201,44.33294],[-113.83125,44.33267],[-113.83125,44.33186],[-113.83088,44.33186],[-113.83088,44.33105],[-113.8305,44.33105],[-113.8305,44.33078],[-113.82937,44.33078],[-113.82937,44.33105],[-113.82862,44.33105],[-113.82862,44.33132],[-113.82673,44.33132],[-113.82673,44.33105],[-113.8256,44.33105],[-113.8256,44.33078],[-113.82485,44.33078],[-113.82485,44.33051],[-113.82447,44.33051],[-113.82447,44.33025],[-113.8241,44.33025],[-113.8241,44.32998],[-113.82372,44.32998],[-113.82372,44.32944],[-113.82334,44.32944],[-113.82334,44.3289],[-113.82297,44.3289],[-113.82297,44.32836],[-113.82221,44.32809],[-113.82221,44.32647],[-113.82297,44.3262],[-113.82297,44.32566],[-113.82334,44.32566],[-113.82334,44.32486],[-113.82372,44.32486],[-113.82372,44.32432],[-113.82447,44.32405],[-113.82447,44.32351],[-113.82523,44.32351],[-113.82523,44.32324],[-113.82598,44.32297],[-113.82598,44.3227],[-113.82711,44.3227],[-113.82711,44.32243],[-113.82899,44.32243],[-113.82899,44.3227],[-113.83012,44.3227],[-113.83012,44.32297],[-113.83201,44.32297],[-113.83201,44.32243],[-113.8305,44.32216],[-113.8305,44.32189],[-113.83012,44.32189],[-113.83012,44.32162],[-113.82975,44.32162],[-113.82975,44.32135],[-113.82937,44.32135],[-113.82937,44.32108],[-113.82899,44.32108],[-113.82899,44.32081],[-113.82862,44.32081],[-113.82862,44.32054],[-113.82824,44.32054],[-113.82824,44.32027],[-113.82636,44.32027],[-113.82636,44.32],[-113.82598,44.32],[-113.82598,44.31974],[-113.82523,44.31974],[-113.82523,44.31947],[-113.82334,44.31947],[-113.82334,44.3192],[-113.82297,44.3192],[-113.82297,44.31812],[-113.82221,44.31785],[-113.82221,44.31731],[-113.82146,44.31704],[-113.82146,44.3165],[-113.81995,44.31623],[-113.81995,44.31596],[-113.81958,44.31596],[-113.81958,44.31569],[-113.81995,44.31569],[-113.81995,44.31542],[-113.82146,44.31542],[-113.82146,44.31515],[-113.82184,44.31515],[-113.82184,44.31542],[-113.82334,44.31542],[-113.82334,44.31569],[-113.82485,44.31569],[-113.82485,44.31542],[-113.82598,44.31542],[-113.82598,44.31515],[-113.82636,44.31515],[-113.82636,44.31542],[-113.82786,44.31542],[-113.82786,44.31569],[-113.83163,44.31596],[-113.83163,44.31569],[-113.83201,44.31569],[-113.83201,44.31542],[-113.83239,44.31542],[-113.83239,44.31515],[-113.83352,44.31515],[-113.83352,44.31488],[-113.83578,44.31488],[-113.83578,44.31461],[-113.83653,44.31461],[-113.83653,44.31435],[-113.83841,44.31435],[-113.83841,44.31408],[-113.83917,44.31408],[-113.83917,44.31381],[-113.84143,44.31381],[-113.84143,44.31408],[-113.8418,44.31408],[-113.8418,44.31381],[-113.84293,44.31381],[-113.84293,44.31408],[-113.84369,44.31408],[-113.84369,44.31435],[-113.84444,44.31461],[-113.84444,44.31488],[-113.84519,44.31488],[-113.84519,44.31515],[-113.84557,44.31515],[-113.84557,44.31488],[-113.84595,44.31488],[-113.84595,44.31515],[-113.84632,44.31515],[-113.84632,44.31488],[-113.84708,44.31515],[-113.84708,44.31488],[-113.84783,44.31488],[-113.84783,44.31435],[-113.84708,44.31435],[-113.84708,44.31408],[-113.84632,44.31408],[-113.84632,44.31381],[-113.84708,44.31381],[-113.84708,44.31354],[-113.84745,44.31354],[-113.84745,44.31381],[-113.84783,44.31381],[-113.84783,44.31354],[-113.84821,44.31354],[-113.84821,44.31381],[-113.84858,44.31381],[-113.84858,44.31354],[-113.84971,44.31354],[-113.84971,44.31381],[-113.85047,44.31381],[-113.85047,44.31515],[-113.85122,44.31542],[-113.85122,44.31596],[-113.8516,44.31596],[-113.8516,44.31623],[-113.85348,44.31623],[-113.85348,44.3165],[-113.85461,44.3165],[-113.85461,44.31677],[-113.85537,44.31677],[-113.85537,44.3165],[-113.85687,44.3165],[-113.85687,44.31623],[-113.858,44.31623],[-113.858,44.3165],[-113.85951,44.3165],[-113.85951,44.31677],[-113.86026,44.31704],[-113.86026,44.31731],[-113.86102,44.31758],[-113.86102,44.31839],[-113.86139,44.31839],[-113.86139,44.32027],[-113.86102,44.32027],[-113.86102,44.32081],[-113.86064,44.32081],[-113.86064,44.32135],[-113.86026,44.32135],[-113.86026,44.32162],[-113.85951,44.32189],[-113.85951,44.32216],[-113.85913,44.32216],[-113.85913,44.3227],[-113.85876,44.3227],[-113.85876,44.32297],[-113.85838,44.32297],[-113.85838,44.32324],[-113.858,44.32324],[-113.858,44.32351],[-113.85725,44.32351],[-113.85725,44.32378],[-113.8565,44.32378],[-113.8565,44.32405],[-113.85574,44.32432],[-113.85574,44.32539],[-113.85537,44.32539],[-113.85537,44.3262],[-113.85499,44.3262],[-113.85499,44.32674],[-113.85537,44.32674],[-113.85537,44.32728],[-113.85574,44.32728],[-113.85574,44.32755],[-113.85687,44.32755],[-113.85687,44.32836],[-113.8565,44.32836],[-113.8565,44.32863],[-113.85612,44.32863],[-113.85612,44.3289],[-113.85574,44.3289],[-113.85574,44.32863],[-113.85537,44.32863],[-113.85537,44.32836],[-113.85424,44.32836],[-113.85424,44.32863],[-113.85386,44.32863],[-113.85386,44.32944],[-113.85348,44.32944],[-113.85348,44.32971],[-113.85311,44.32971],[-113.85311,44.32998],[-113.85273,44.32998],[-113.85273,44.33025],[-113.85235,44.33025],[-113.85235,44.33051],[-113.8516,44.33078],[-113.8516,44.33105],[-113.85009,44.33105],[-113.85009,44.33078],[-113.84934,44.33051],[-113.84934,44.33025],[-113.84896,44.33025],[-113.84896,44.32998],[-113.84858,44.32998],[-113.84858,44.32971],[-113.84821,44.32971],[-113.84821,44.32944],[-113.84783,44.32944],[-113.84783,44.32917],[-113.84745,44.32917],[-113.84745,44.3289],[-113.84708,44.3289],[-113.84708,44.32863],[-113.8467,44.32863],[-113.8467,44.3289],[-113.84595,44.3289],[-113.84595,44.32917],[-113.84519,44.32944],[-113.84519,44.32971],[-113.84557,44.32971],[-113.84557,44.32998],[-113.84632,44.32998],[-113.84632,44.33051],[-113.8467,44.33051],[-113.8467,44.33078],[-113.84745,44.33078],[-113.84745,44.33105],[-113.84821,44.33132],[-113.84821,44.33159],[-113.84896,44.33186],[-113.84896,44.33213],[-113.84934,44.33213],[-113.84934,44.33267],[-113.84971,44.33267],[-113.84971,44.33321],[-113.85009,44.33321],[-113.85009,44.33483],[-113.84971,44.33483],[-113.84971,44.3351],[-113.84934,44.3351],[-113.84934,44.33537],[-113.84896,44.33537],[-113.84896,44.33564],[-113.84858,44.33564],[-113.84858,44.33617],[-113.84821,44.33617],[-113.84821,44.33671],[-113.84783,44.33671],[-113.84783,44.33725],[-113.84745,44.33725],[-113.84745,44.33752],[-113.84708,44.33752],[-113.84708,44.33779],[-113.84595,44.33779],[-113.84595,44.33806],[-113.84369,44.33779],[-113.84369,44.33806],[-113.84293,44.33806],[-113.84293,44.33833],[-113.84143,44.33833],[-113.84143,44.3386],[-113.84067,44.3386],[-113.84067,44.33887],[-113.8403,44.33887],[-113.8403,44.33914],[-113.83954,44.33914],[-113.83954,44.33941],[-113.83578,44.33941],[-113.83578,44.33968],[-113.83502,44.33968],[-113.83502,44.33995],[-113.83465,44.33995],[-113.83465,44.34022],[-113.83427,44.34022],[-113.83427,44.34049],[-113.83352,44.34076],[-113.83352,44.34103],[-113.83276,44.34129],[-113.83276,44.34156],[-113.83163,44.34156],[-113.83163,44.34183],[-113.82937,44.34183]],[[-113.83201,44.33725],[-113.83163,44.33725],[-113.83163,44.33752],[-113.83201,44.33752],[-113.83201,44.33725]],[[-113.83239,44.33402],[-113.83201,44.33402],[-113.83201,44.33429],[-113.83239,44.33429],[-113.83239,44.33402]],[[-113.82334,44.32647],[-113.82297,44.32647],[-113.82297,44.32674],[-113.82334,44.32674],[-113.82334,44.32647]],[[-113.83276,44.31785],[-113.83389,44.31785],[-113.83389,44.31758],[-113.83427,44.31758],[-113.83427,44.31704],[-113.83276,44.31704],[-113.83276,44.31677],[-113.82899,44.31677],[-113.82899,44.31704],[-113.82862,44.31704],[-113.82862,44.31731],[-113.82937,44.31758],[-113.82937,44.31785],[-113.83163,44.31785],[-113.83163,44.31812],[-113.83276,44.31812],[-113.83276,44.31785]],[[-113.82749,44.31704],[-113.82786,44.31704],[-113.82786,44.31677],[-113.82749,44.31677],[-113.82749,44.3165],[-113.82711,44.3165],[-113.82711,44.31623],[-113.82598,44.31623],[-113.82598,44.3165],[-113.8256,44.3165],[-113.8256,44.31704],[-113.82636,44.31704],[-113.82636,44.31731],[-113.82749,44.31731],[-113.82749,44.31704]],[[-113.84858,44.31461],[-113.84821,44.31461],[-113.84821,44.31488],[-113.84858,44.31488],[-113.84858,44.31461]]],[[[-113.82447,44.35127],[-113.82372,44.35127],[-113.82372,44.351],[-113.82297,44.351],[-113.82297,44.35073],[-113.82221,44.351],[-113.82221,44.35073],[-113.82071,44.35046],[-113.82071,44.35019],[-113.82033,44.35019],[-113.82033,44.35073],[-113.8192,44.35073],[-113.8192,44.34911],[-113.81882,44.34911],[-113.81882,44.34857],[-113.81845,44.34857],[-113.81845,44.3483],[-113.81769,44.34803],[-113.81769,44.34776],[-113.81694,44.34749],[-113.81694,44.34722],[-113.81619,44.34722],[-113.81619,44.34668],[-113.81543,44.34642],[-113.81543,44.34588],[-113.81468,44.34588],[-113.81468,44.34453],[-113.8143,44.34453],[-113.8143,44.34426],[-113.81279,44.34426],[-113.81279,44.34453],[-113.81166,44.34453],[-113.81166,44.34426],[-113.81091,44.34426],[-113.81091,44.34372],[-113.81016,44.34372],[-113.81016,44.34345],[-113.8094,44.34345],[-113.8094,44.34372],[-113.80903,44.34372],[-113.80903,44.34399],[-113.80865,44.34399],[-113.80865,44.34372],[-113.80752,44.34372],[-113.80752,44.34345],[-113.80714,44.34345],[-113.80714,44.34291],[-113.80639,44.34264],[-113.80639,44.34049],[-113.80714,44.34049],[-113.80714,44.34076],[-113.80752,44.34076],[-113.80752,44.34129],[-113.8079,44.34129],[-113.8079,44.34156],[-113.80827,44.34156],[-113.80827,44.34183],[-113.8094,44.34183],[-113.8094,44.34129],[-113.80978,44.34129],[-113.80978,44.34076],[-113.81053,44.34076],[-113.81053,44.34129],[-113.81091,44.34129],[-113.81091,44.34156],[-113.81166,44.34156],[-113.81166,44.34129],[-113.81279,44.34129],[-113.81279,44.3421],[-113.81317,44.3421],[-113.81317,44.34264],[-113.81393,44.34291],[-113.81393,44.34318],[-113.8143,44.34318],[-113.8143,44.34345],[-113.81769,44.34345],[-113.81769,44.34399],[-113.81807,44.34399],[-113.81807,44.34453],[-113.81845,44.34453],[-113.81845,44.34507],[-113.81882,44.34507],[-113.81882,44.34561],[-113.8192,44.34561],[-113.8192,44.34615],[-113.81958,44.34615],[-113.81958,44.34695],[-113.82033,44.34722],[-113.82033,44.34776],[-113.82071,44.34776],[-113.82071,44.34803],[-113.82146,44.34803],[-113.82146,44.3483],[-113.82221,44.34857],[-113.82221,44.34884],[-113.82259,44.34884],[-113.82259,44.34911],[-113.82297,44.34911],[-113.82297,44.34938],[-113.82334,44.34938],[-113.82334,44.34965],[-113.82372,44.34965],[-113.82372,44.34992],[-113.8241,44.34992],[-113.8241,44.35019],[-113.82447,44.35019],[-113.82447,44.35046],[-113.82485,44.35046],[-113.82485,44.351],[-113.82523,44.351],[-113.82523,44.35127],[-113.82485,44.35127],[-113.82485,44.35154],[-113.82447,44.35154],[-113.82447,44.35127]]],[[[-113.81393,44.34776],[-113.8143,44.34776],[-113.8143,44.34803],[-113.81393,44.34803],[-113.81393,44.34776]]]]},"properties":{"layer":"predicted_reach_h02","fire_name":"Doublesprings","irwin_id":"{960C064B-1764-4834-BD28-90FB69A4AB4A}","model":"arrival_run","checkpoint_epoch":216,"decode":"connected_causal","operating_point":{"floor":0.0,"mult":0.9},"val_precision":null,"val_recall":null,"model_caveat":"arrival_run chosen for best RECALL among the six FlameFlux v3 candidates on the production-valid t0-window corpus (R=0.624 on the fc2 held-out fires, R=0.432 on Dillon -- see candidate_comparison.md from the 2026-07-24 comparison). It does NOT meet the project's P>=0.50/R>=0.80 target: precision is the WORST of the six (P=0.120 on fc2 -- most flagged growth is wrong), and wind_run actually edges it on F1. IMPORTANT CAVEAT: arrival_run trained on the leaky 'observed' corpus (crop centered/sized on t0|t1, i.e. it saw the future perimeter's geometry during training) and has NEVER seen a t0-window crop -- the ONLY geometry this live pipeline can ever produce at forecast time (the future perimeter is, by definition, unknown). So every live prediction from this model is out-of-distribution relative to its own training. The measured t0-window numbers above already reflect that (they are not a surprise), but this is 'best available', not 'production-ready' -- represent it that way. The operating_point (floor=0.0, mult=0.9) is the VAL-selected connected-causal decode point; it did NOT clear the 0.50 precision floor during selection (feasible=False, val P=0.270/R=0.259) -- it's the best-F1 fallback point, not a precision-guaranteed one.","issued_at_utc":"2026-08-05 02:36:31.645281+00:00","valid_from_utc":"2026-08-05 00:00:00","valid_to_utc":"2026-08-06 00:00:00","wfigs_date_current_utc":"2026-08-05 02:05:06+00:00","pixel_size_m":30,"veg_source":"refreshed_d4","physics_source":"eikonal_fbfm40","history_n_dates":1,"degraded_history":true,"containment_pct":0.0,"acres_wfigs":1021.012899130312,"hour":2,"valid_at_utc":"2026-08-05 02:00:00"}},{"type":"Feature","geometry":{"type":"MultiPolygon","coordinates":[[[[-113.81279,44.31408],[-113.81279,44.31435],[-113.81393,44.31435],[-113.81393,44.31461],[-113.8143,44.31461],[-113.8143,44.31488],[-113.81242,44.31488],[-113.81242,44.31408],[-113.81279,44.31408]]],[[[-113.80903,44.31542],[-113.80903,44.31461],[-113.8094,44.31461],[-113.8094,44.31435],[-113.81053,44.31435],[-113.81053,44.31515],[-113.81016,44.31515],[-113.81016,44.31542],[-113.80978,44.31542],[-113.80978,44.31569],[-113.80903,44.31542]]],[[[-113.80488,44.31866],[-113.80488,44.3192],[-113.80413,44.31947],[-113.80413,44.31866],[-113.80488,44.31866]]],[[[-113.82899,44.34156],[-113.82899,44.34129],[-113.82862,44.34129],[-113.82862,44.34103],[-113.82786,44.34076],[-113.82786,44.34022],[-113.82749,44.34022],[-113.82749,44.33968],[-113.82786,44.33968],[-113.82786,44.33941],[-113.82824,44.33941],[-113.82824,44.33914],[-113.82862,44.33914],[-113.82862,44.33887],[-113.82937,44.3386],[-113.82937,44.33833],[-113.83012,44.33806],[-113.83012,44.33779],[-113.8305,44.33779],[-113.8305,44.33725],[-113.82899,44.33725],[-113.82899,44.33698],[-113.82862,44.33698],[-113.82862,44.33644],[-113.82824,44.33644],[-113.82824,44.33537],[-113.82862,44.33537],[-113.82862,44.33483],[-113.82899,44.33483],[-113.82899,44.33456],[-113.82937,44.33456],[-113.82937,44.33429],[-113.83012,44.33429],[-113.83012,44.33402],[-113.83163,44.33402],[-113.83163,44.33321],[-113.83201,44.33321],[-113.83201,44.33294],[-113.83125,44.33294],[-113.83125,44.33186],[-113.83088,44.33186],[-113.83088,44.33105],[-113.8305,44.33105],[-113.8305,44.33078],[-113.82975,44.33078],[-113.82975,44.33105],[-113.82862,44.33105],[-113.82862,44.33132],[-113.82673,44.33132],[-113.82673,44.33105],[-113.8256,44.33105],[-113.8256,44.33078],[-113.82485,44.33078],[-113.82485,44.33051],[-113.82447,44.33051],[-113.82447,44.33025],[-113.8241,44.33025],[-113.8241,44.32998],[-113.82372,44.32998],[-113.82372,44.32944],[-113.82334,44.32944],[-113.82334,44.3289],[-113.82297,44.3289],[-113.82297,44.32863],[-113.82259,44.32863],[-113.82259,44.32836],[-113.82221,44.32836],[-113.82221,44.32782],[-113.82184,44.32782],[-113.82184,44.32647],[-113.82221,44.32647],[-113.82221,44.3262],[-113.82297,44.32593],[-113.82297,44.32539],[-113.82334,44.32539],[-113.82334,44.32459],[-113.82372,44.32459],[-113.82372,44.32378],[-113.8241,44.32378],[-113.8241,44.32351],[-113.82485,44.32324],[-113.82485,44.32297],[-113.82523,44.32297],[-113.82523,44.3227],[-113.82598,44.32243],[-113.82598,44.32162],[-113.82523,44.32162],[-113.82523,44.32108],[-113.82485,44.32108],[-113.82485,44.32081],[-113.82447,44.32081],[-113.82447,44.32054],[-113.8241,44.32054],[-113.8241,44.32027],[-113.82372,44.32027],[-113.82372,44.32],[-113.82297,44.32],[-113.82297,44.31947],[-113.82221,44.31947],[-113.82221,44.31893],[-113.82071,44.31866],[-113.82071,44.31839],[-113.82033,44.31839],[-113.82033,44.31812],[-113.81958,44.31812],[-113.81958,44.31785],[-113.8192,44.31785],[-113.8192,44.31758],[-113.81807,44.31758],[-113.81807,44.31785],[-113.81732,44.31785],[-113.81732,44.31677],[-113.81694,44.31677],[-113.81694,44.31596],[-113.81619,44.31596],[-113.81619,44.31569],[-113.81581,44.31569],[-113.81581,44.31542],[-113.81543,44.31542],[-113.81543,44.31515],[-113.81506,44.31515],[-113.81506,44.31488],[-113.81543,44.31488],[-113.81543,44.31461],[-113.81656,44.31461],[-113.81656,44.31488],[-113.81694,44.31488],[-113.81694,44.31461],[-113.81732,44.31461],[-113.81732,44.31488],[-113.82334,44.31488],[-113.82334,44.31515],[-113.82447,44.31515],[-113.82447,44.31461],[-113.82711,44.31461],[-113.82711,44.31488],[-113.82786,44.31488],[-113.82786,44.31515],[-113.82937,44.31515],[-113.82937,44.31488],[-113.83125,44.31488],[-113.83125,44.31461],[-113.83239,44.31461],[-113.83239,44.31435],[-113.83314,44.31435],[-113.83314,44.31408],[-113.83389,44.31408],[-113.83389,44.31381],[-113.83502,44.31381],[-113.83502,44.31354],[-113.83691,44.31354],[-113.83691,44.31381],[-113.83728,44.31381],[-113.83728,44.31354],[-113.83841,44.31354],[-113.83841,44.31327],[-113.8467,44.31327],[-113.8467,44.313],[-113.85612,44.313],[-113.85612,44.31273],[-113.85725,44.31273],[-113.85725,44.31246],[-113.85951,44.31246],[-113.85951,44.31273],[-113.86026,44.31273],[-113.86026,44.313],[-113.86139,44.313],[-113.86139,44.31327],[-113.8629,44.31354],[-113.8629,44.31381],[-113.86215,44.31381],[-113.86215,44.31408],[-113.86177,44.31408],[-113.86177,44.31461],[-113.86139,44.31461],[-113.86139,44.31488],[-113.86064,44.31488],[-113.86064,44.31515],[-113.85951,44.31515],[-113.85951,44.31542],[-113.85876,44.31569],[-113.85876,44.31623],[-113.85913,44.31623],[-113.85913,44.3165],[-113.85989,44.3165],[-113.85989,44.31677],[-113.86064,44.31704],[-113.86064,44.31758],[-113.86102,44.31758],[-113.86102,44.31812],[-113.86139,44.31812],[-113.86139,44.32054],[-113.86102,44.32054],[-113.86102,44.32108],[-113.86064,44.32108],[-113.86064,44.32135],[-113.86026,44.32135],[-113.86026,44.32162],[-113.85989,44.32162],[-113.85989,44.32216],[-113.85951,44.32216],[-113.85951,44.32243],[-113.85913,44.32243],[-113.85913,44.3227],[-113.85876,44.3227],[-113.85876,44.32324],[-113.85838,44.32324],[-113.85838,44.32351],[-113.85763,44.32351],[-113.85763,44.32378],[-113.85687,44.32378],[-113.85687,44.32405],[-113.85612,44.32405],[-113.85612,44.32459],[-113.85574,44.32459],[-113.85574,44.32566],[-113.85537,44.32566],[-113.85537,44.32647],[-113.85499,44.32647],[-113.85499,44.32674],[-113.85537,44.32674],[-113.85537,44.32728],[-113.85687,44.32755],[-113.85687,44.32782],[-113.85725,44.32782],[-113.85725,44.32836],[-113.85687,44.32836],[-113.85687,44.32863],[-113.8565,44.32863],[-113.8565,44.3289],[-113.85574,44.3289],[-113.85574,44.32863],[-113.85537,44.32863],[-113.85537,44.32836],[-113.85424,44.32836],[-113.85424,44.3289],[-113.85386,44.3289],[-113.85386,44.32944],[-113.85348,44.32944],[-113.85348,44.32971],[-113.85311,44.32971],[-113.85311,44.32998],[-113.85273,44.32998],[-113.85273,44.33025],[-113.85235,44.33025],[-113.85235,44.33051],[-113.8516,44.33078],[-113.8516,44.33105],[-113.85009,44.33105],[-113.85009,44.33078],[-113.84971,44.33078],[-113.84971,44.33051],[-113.84896,44.33051],[-113.84896,44.33025],[-113.84858,44.33025],[-113.84858,44.32998],[-113.84783,44.32998],[-113.84783,44.32971],[-113.84745,44.32971],[-113.84745,44.32944],[-113.84708,44.32944],[-113.84708,44.32917],[-113.8467,44.32917],[-113.8467,44.3289],[-113.84632,44.3289],[-113.84632,44.32917],[-113.84557,44.32917],[-113.84557,44.32998],[-113.84632,44.32998],[-113.84632,44.33025],[-113.8467,44.33025],[-113.8467,44.33078],[-113.84745,44.33078],[-113.84745,44.33105],[-113.84783,44.33105],[-113.84783,44.33132],[-113.84858,44.33132],[-113.84858,44.33186],[-113.84934,44.33213],[-113.84934,44.3324],[-113.84971,44.3324],[-113.84971,44.33294],[-113.85009,44.33294],[-113.85009,44.3351],[-113.84971,44.3351],[-113.84971,44.33537],[-113.84934,44.33537],[-113.84934,44.33564],[-113.84896,44.33564],[-113.84896,44.3359],[-113.84858,44.3359],[-113.84858,44.33617],[-113.84821,44.33617],[-113.84821,44.33671],[-113.84783,44.33671],[-113.84783,44.33725],[-113.84745,44.33725],[-113.84745,44.33752],[-113.84708,44.33752],[-113.84708,44.33779],[-113.84632,44.33779],[-113.84632,44.33806],[-113.84557,44.33806],[-113.84557,44.33833],[-113.84482,44.33806],[-113.84482,44.33779],[-113.84406,44.33779],[-113.84406,44.33806],[-113.84293,44.33806],[-113.84293,44.33833],[-113.84143,44.33833],[-113.84143,44.3386],[-113.84105,44.3386],[-113.84105,44.33887],[-113.8403,44.33887],[-113.8403,44.33914],[-113.83992,44.33914],[-113.83992,44.33941],[-113.83615,44.33941],[-113.83615,44.33968],[-113.83502,44.33968],[-113.83502,44.33995],[-113.83465,44.33995],[-113.83465,44.34022],[-113.83427,44.34022],[-113.83427,44.34049],[-113.83352,44.34076],[-113.83352,44.34103],[-113.83276,44.34129],[-113.83276,44.34156],[-113.83201,44.34156],[-113.83201,44.34183],[-113.82937,44.34183],[-113.82937,44.34156],[-113.82899,44.34156]],[[-113.83163,44.33752],[-113.83201,44.33752],[-113.83201,44.33725],[-113.83163,44.33725],[-113.83163,44.33752]],[[-113.83201,44.33429],[-113.83239,44.33429],[-113.83239,44.33402],[-113.83201,44.33402],[-113.83201,44.33429]],[[-113.82297,44.32674],[-113.82334,44.32674],[-113.82334,44.32647],[-113.82297,44.32647],[-113.82297,44.32674]],[[-113.83314,44.31731],[-113.83239,44.31731],[-113.83239,44.31704],[-113.83012,44.31704],[-113.83012,44.31758],[-113.83125,44.31758],[-113.83125,44.31785],[-113.83276,44.31785],[-113.83276,44.31758],[-113.83314,44.31758],[-113.83314,44.31731]],[[-113.85386,44.31461],[-113.85348,44.31461],[-113.85348,44.31488],[-113.85273,44.31461],[-113.85273,44.31515],[-113.85235,44.31515],[-113.85235,44.31542],[-113.85386,44.31515],[-113.85386,44.31461]]],[[[-113.80187,44.33186],[-113.80187,44.33159],[-113.80149,44.33159],[-113.80149,44.33132],[-113.80074,44.33132],[-113.80074,44.33105],[-113.80036,44.33105],[-113.80036,44.33078],[-113.79961,44.33051],[-113.79961,44.32998],[-113.79923,44.32998],[-113.79923,44.32917],[-113.79961,44.32917],[-113.79961,44.32755],[-113.79999,44.32755],[-113.79999,44.32782],[-113.80074,44.32782],[-113.80074,44.32836],[-113.80112,44.32836],[-113.80112,44.3289],[-113.80149,44.3289],[-113.80149,44.32917],[-113.80112,44.32917],[-113.80112,44.32971],[-113.80149,44.32971],[-113.80149,44.33025],[-113.80187,44.33025],[-113.80187,44.33051],[-113.80262,44.33051],[-113.80262,44.33078],[-113.803,44.33078],[-113.803,44.33132],[-113.80338,44.33132],[-113.80338,44.33186],[-113.803,44.33186],[-113.803,44.33213],[-113.80262,44.33213],[-113.80262,44.33186],[-113.80187,44.33186]]],[[[-113.80149,44.33914],[-113.80149,44.33887],[-113.80112,44.33887],[-113.80112,44.3386],[-113.80036,44.3386],[-113.80036,44.33806],[-113.80187,44.33806],[-113.80187,44.33779],[-113.80225,44.33779],[-113.80225,44.33806],[-113.803,44.33806],[-113.803,44.3386],[-113.80375,44.33887],[-113.80375,44.33914],[-113.803,44.33914],[-113.803,44.33941],[-113.80187,44.33941],[-113.80187,44.33914],[-113.80149,44.33914]]],[[[-113.84971,44.34534],[-113.84971,44.34507],[-113.85047,44.3448],[-113.85047,44.34561],[-113.84934,44.34561],[-113.84934,44.34534],[-113.84971,44.34534]]],[[[-113.82146,44.3518],[-113.82108,44.3518],[-113.82108,44.35207],[-113.82071,44.35207],[-113.82071,44.3518],[-113.82033,44.3518],[-113.82033,44.35207],[-113.8192,44.35207],[-113.8192,44.3518],[-113.81882,44.3518],[-113.81882,44.35127],[-113.81845,44.35127],[-113.81845,44.35019],[-113.81807,44.35019],[-113.81807,44.34992],[-113.81769,44.34992],[-113.81769,44.34965],[-113.81732,44.34965],[-113.81732,44.34884],[-113.81694,44.34884],[-113.81694,44.34803],[-113.81656,44.34803],[-113.81656,44.34776],[-113.81619,44.34776],[-113.81619,44.34749],[-113.81506,44.34749],[-113.81506,44.34884],[-113.81468,44.34884],[-113.81468,44.34911],[-113.8143,44.34911],[-113.8143,44.34938],[-113.81317,44.34938],[-113.81317,44.34749],[-113.81242,44.34722],[-113.81242,44.34668],[-113.81204,44.34668],[-113.81204,44.34695],[-113.81129,44.34695],[-113.81129,44.34722],[-113.81053,44.34722],[-113.81053,44.34749],[-113.80978,44.34749],[-113.80978,44.34722],[-113.8094,44.34722],[-113.8094,44.34695],[-113.80865,44.34695],[-113.80865,44.34668],[-113.8079,44.34642],[-113.8079,44.34615],[-113.80752,44.34615],[-113.80752,44.34588],[-113.80677,44.34561],[-113.80677,44.34399],[-113.80639,44.34399],[-113.80639,44.34345],[-113.80564,44.34345],[-113.80564,44.34318],[-113.80488,44.34291],[-113.80488,44.3421],[-113.80338,44.3421],[-113.80338,44.34129],[-113.80375,44.34129],[-113.80375,44.34103],[-113.80413,44.34103],[-113.80413,44.34049],[-113.80451,44.34049],[-113.80451,44.33941],[-113.80526,44.33941],[-113.80526,44.33968],[-113.80601,44.33968],[-113.80601,44.33995],[-113.80752,44.33995],[-113.80752,44.34022],[-113.80827,44.34022],[-113.80827,44.34049],[-113.80865,44.34049],[-113.80865,44.34022],[-113.8094,44.33995],[-113.8094,44.33941],[-113.81016,44.33941],[-113.81016,44.33914],[-113.81053,44.33914],[-113.81053,44.33941],[-113.81091,44.33941],[-113.81091,44.33968],[-113.81166,44.33968],[-113.81166,44.33995],[-113.81204,44.33995],[-113.81204,44.34022],[-113.81279,44.34022],[-113.81279,44.34076],[-113.81317,44.34076],[-113.81317,44.34129],[-113.81355,44.34129],[-113.81355,44.3421],[-113.81393,44.3421],[-113.81393,44.34264],[-113.8143,44.34264],[-113.8143,44.34291],[-113.81581,44.34291],[-113.81581,44.34318],[-113.81656,44.34318],[-113.81656,44.34291],[-113.81807,44.34291],[-113.81807,44.34345],[-113.81845,44.34345],[-113.81845,44.34399],[-113.81882,44.34399],[-113.81882,44.34453],[-113.8192,44.34453],[-113.8192,44.34507],[-113.81958,44.34507],[-113.81958,44.34588],[-113.81995,44.34588],[-113.81995,44.34668],[-113.82033,44.34668],[-113.82033,44.34722],[-113.82071,44.34722],[-113.82071,44.34749],[-113.82108,44.34749],[-113.82108,44.34776],[-113.82184,44.34776],[-113.82184,44.34803],[-113.82221,44.34803],[-113.82221,44.3483],[-113.82259,44.3483],[-113.82259,44.34857],[-113.82297,44.34857],[-113.82297,44.34884],[-113.82334,44.34884],[-113.82334,44.34911],[-113.82372,44.34911],[-113.82372,44.34938],[-113.8241,44.34938],[-113.8241,44.34965],[-113.82447,44.34965],[-113.82447,44.34992],[-113.82485,44.34992],[-113.82485,44.35019],[-113.82523,44.35019],[-113.82523,44.35073],[-113.8256,44.35073],[-113.8256,44.351],[-113.82636,44.35127],[-113.82636,44.35154],[-113.82711,44.3518],[-113.82711,44.35234],[-113.82221,44.35234],[-113.82221,44.35207],[-113.82146,44.35207],[-113.82146,44.3518]]],[[[-113.84557,44.34642],[-113.84482,44.34668],[-113.84482,44.34588],[-113.84557,44.34588],[-113.84557,44.34642]]]]},"properties":{"layer":"predicted_reach_h03","fire_name":"Doublesprings","irwin_id":"{960C064B-1764-4834-BD28-90FB69A4AB4A}","model":"arrival_run","checkpoint_epoch":216,"decode":"connected_causal","operating_point":{"floor":0.0,"mult":0.9},"val_precision":null,"val_recall":null,"model_caveat":"arrival_run chosen for best RECALL among the six FlameFlux v3 candidates on the production-valid t0-window corpus (R=0.624 on the fc2 held-out fires, R=0.432 on Dillon -- see candidate_comparison.md from the 2026-07-24 comparison). It does NOT meet the project's P>=0.50/R>=0.80 target: precision is the WORST of the six (P=0.120 on fc2 -- most flagged growth is wrong), and wind_run actually edges it on F1. IMPORTANT CAVEAT: arrival_run trained on the leaky 'observed' corpus (crop centered/sized on t0|t1, i.e. it saw the future perimeter's geometry during training) and has NEVER seen a t0-window crop -- the ONLY geometry this live pipeline can ever produce at forecast time (the future perimeter is, by definition, unknown). So every live prediction from this model is out-of-distribution relative to its own training. The measured t0-window numbers above already reflect that (they are not a surprise), but this is 'best available', not 'production-ready' -- represent it that way. The operating_point (floor=0.0, mult=0.9) is the VAL-selected connected-causal decode point; it did NOT clear the 0.50 precision floor during selection (feasible=False, val P=0.270/R=0.259) -- it's the best-F1 fallback point, not a precision-guaranteed one.","issued_at_utc":"2026-08-05 02:36:31.645281+00:00","valid_from_utc":"2026-08-05 00:00:00","valid_to_utc":"2026-08-06 00:00:00","wfigs_date_current_utc":"2026-08-05 02:05:06+00:00","pixel_size_m":30,"veg_source":"refreshed_d4","physics_source":"eikonal_fbfm40","history_n_dates":1,"degraded_history":true,"containment_pct":0.0,"acres_wfigs":1021.012899130312,"hour":3,"valid_at_utc":"2026-08-05 03:00:00"}},{"type":"Feature","geometry":{"type":"MultiPolygon","coordinates":[[[[-113.82184,44.32054],[-113.82146,44.32054],[-113.82146,44.32027],[-113.82184,44.32027],[-113.82184,44.32054]]],[[[-113.82146,44.3192],[-113.82108,44.3192],[-113.82108,44.31893],[-113.82071,44.31893],[-113.82071,44.31866],[-113.81995,44.31866],[-113.81995,44.31839],[-113.81958,44.31839],[-113.81958,44.31866],[-113.8192,44.31866],[-113.8192,44.31839],[-113.81732,44.31839],[-113.81732,44.31812],[-113.81656,44.31785],[-113.81656,44.31758],[-113.81619,44.31758],[-113.81619,44.31731],[-113.81543,44.31731],[-113.81543,44.31704],[-113.81619,44.31677],[-113.81619,44.31623],[-113.81543,44.31623],[-113.81543,44.31596],[-113.81506,44.31596],[-113.81506,44.31569],[-113.81279,44.31569],[-113.81279,44.31596],[-113.81242,44.31596],[-113.81242,44.31569],[-113.81091,44.31569],[-113.81091,44.31623],[-113.81053,44.31623],[-113.81053,44.3165],[-113.80978,44.3165],[-113.80978,44.31677],[-113.8079,44.31677],[-113.8079,44.31623],[-113.80827,44.31623],[-113.80827,44.31569],[-113.80639,44.31569],[-113.80639,44.31596],[-113.80601,44.31596],[-113.80601,44.31731],[-113.80564,44.31731],[-113.80564,44.32],[-113.80526,44.32],[-113.80526,44.32054],[-113.80488,44.32054],[-113.80488,44.32108],[-113.80451,44.32108],[-113.80451,44.32135],[-113.80375,44.32135],[-113.80375,44.32162],[-113.80338,44.32162],[-113.80338,44.32135],[-113.80225,44.32135],[-113.80225,44.3227],[-113.80187,44.3227],[-113.80187,44.32324],[-113.80149,44.32324],[-113.80149,44.32432],[-113.80074,44.32432],[-113.80074,44.32486],[-113.79999,44.32486],[-113.79999,44.32513],[-113.80036,44.32513],[-113.80036,44.32539],[-113.79999,44.32539],[-113.79999,44.32674],[-113.80036,44.32674],[-113.80036,44.32728],[-113.80074,44.32728],[-113.80074,44.32782],[-113.80112,44.32782],[-113.80112,44.32836],[-113.80149,44.32836],[-113.80149,44.32863],[-113.80225,44.32863],[-113.80225,44.3289],[-113.803,44.3289],[-113.803,44.32917],[-113.80375,44.32917],[-113.80375,44.32944],[-113.80451,44.32944],[-113.80451,44.32971],[-113.80375,44.32998],[-113.80375,44.3324],[-113.80338,44.3324],[-113.80338,44.33267],[-113.80262,44.33267],[-113.80262,44.3324],[-113.80112,44.33213],[-113.80112,44.33186],[-113.79961,44.33186],[-113.79961,44.33159],[-113.79886,44.33159],[-113.79886,44.33105],[-113.79848,44.33105],[-113.79848,44.33051],[-113.7981,44.33051],[-113.7981,44.33025],[-113.79773,44.33025],[-113.79773,44.33051],[-113.79697,44.33025],[-113.79697,44.32998],[-113.79735,44.32998],[-113.79735,44.32917],[-113.7981,44.32944],[-113.7981,44.32917],[-113.79886,44.32917],[-113.79886,44.3289],[-113.79923,44.3289],[-113.79923,44.32755],[-113.79886,44.32755],[-113.79886,44.32701],[-113.7981,44.32674],[-113.7981,44.3262],[-113.79773,44.3262],[-113.79773,44.32539],[-113.7981,44.32539],[-113.7981,44.32432],[-113.79886,44.32405],[-113.79886,44.32378],[-113.79923,44.32378],[-113.79923,44.32351],[-113.79961,44.32351],[-113.79961,44.32108],[-113.80036,44.32108],[-113.80036,44.32081],[-113.80112,44.32054],[-113.80112,44.31974],[-113.80187,44.31947],[-113.80187,44.3192],[-113.80262,44.31893],[-113.80262,44.31866],[-113.803,44.31866],[-113.803,44.31812],[-113.80338,44.31812],[-113.80338,44.31758],[-113.80413,44.31731],[-113.80413,44.31677],[-113.80451,44.31677],[-113.80451,44.31623],[-113.80488,44.31623],[-113.80488,44.31542],[-113.80526,44.31542],[-113.80526,44.31515],[-113.80601,44.31515],[-113.80601,44.31488],[-113.80865,44.31488],[-113.80865,44.31408],[-113.8079,44.31381],[-113.8079,44.31354],[-113.80827,44.31354],[-113.80827,44.31327],[-113.81204,44.31327],[-113.81204,44.31354],[-113.81242,44.31354],[-113.81242,44.31381],[-113.81317,44.31381],[-113.81317,44.31408],[-113.8143,44.31408],[-113.8143,44.31435],[-113.81807,44.31435],[-113.81807,44.31461],[-113.82108,44.31461],[-113.82108,44.31435],[-113.82146,44.31435],[-113.82146,44.31461],[-113.82334,44.31461],[-113.82334,44.31435],[-113.82372,44.31435],[-113.82372,44.31408],[-113.82711,44.31408],[-113.82711,44.31435],[-113.82749,44.31435],[-113.82749,44.31461],[-113.82899,44.31488],[-113.82899,44.31461],[-113.83125,44.31435],[-113.83125,44.31408],[-113.83201,44.31408],[-113.83201,44.31381],[-113.83276,44.31381],[-113.83276,44.31354],[-113.83389,44.31354],[-113.83389,44.31327],[-113.83502,44.31327],[-113.83502,44.313],[-113.84519,44.313],[-113.84519,44.31327],[-113.84557,44.31327],[-113.84557,44.313],[-113.84745,44.313],[-113.84745,44.31273],[-113.84934,44.31273],[-113.84934,44.313],[-113.85047,44.313],[-113.85047,44.31273],[-113.85198,44.31273],[-113.85198,44.313],[-113.85311,44.313],[-113.85311,44.31273],[-113.85574,44.31273],[-113.85574,44.31246],[-113.85687,44.31246],[-113.85687,44.31219],[-113.858,44.31219],[-113.858,44.31192],[-113.85876,44.31192],[-113.85876,44.31219],[-113.86026,44.31219],[-113.86026,44.31246],[-113.86064,44.31246],[-113.86064,44.31273],[-113.86177,44.31273],[-113.86177,44.313],[-113.86441,44.313],[-113.86441,44.31381],[-113.86365,44.31381],[-113.86365,44.31408],[-113.86328,44.31408],[-113.86328,44.31435],[-113.86252,44.31435],[-113.86252,44.31461],[-113.86215,44.31461],[-113.86215,44.31488],[-113.86177,44.31488],[-113.86177,44.31515],[-113.86139,44.31515],[-113.86139,44.31542],[-113.86102,44.31542],[-113.86102,44.31596],[-113.86064,44.31596],[-113.86064,44.31623],[-113.86139,44.31623],[-113.86139,44.31677],[-113.86102,44.31677],[-113.86102,44.31758],[-113.86139,44.31758],[-113.86139,44.31866],[-113.86177,44.31866],[-113.86177,44.31974],[-113.86139,44.31974],[-113.86139,44.32054],[-113.86102,44.32054],[-113.86102,44.32108],[-113.86026,44.32135],[-113.86026,44.32189],[-113.85989,44.32189],[-113.85989,44.32216],[-113.85951,44.32216],[-113.85951,44.32243],[-113.85913,44.32243],[-113.85913,44.3227],[-113.85876,44.3227],[-113.85876,44.32324],[-113.85838,44.32324],[-113.85838,44.32351],[-113.85763,44.32351],[-113.85763,44.32378],[-113.85612,44.32405],[-113.85612,44.32459],[-113.85574,44.32459],[-113.85574,44.32566],[-113.85537,44.32566],[-113.85537,44.32728],[-113.85687,44.32755],[-113.85687,44.32782],[-113.85725,44.32782],[-113.85725,44.32836],[-113.85687,44.32836],[-113.85687,44.32863],[-113.8565,44.32863],[-113.8565,44.3289],[-113.85537,44.3289],[-113.85537,44.32836],[-113.85424,44.32836],[-113.85424,44.3289],[-113.85386,44.3289],[-113.85386,44.32944],[-113.85348,44.32944],[-113.85348,44.32971],[-113.85311,44.32971],[-113.85311,44.32998],[-113.85273,44.32998],[-113.85273,44.33025],[-113.85235,44.33025],[-113.85235,44.33051],[-113.8516,44.33078],[-113.8516,44.33105],[-113.85009,44.33105],[-113.85009,44.33078],[-113.84934,44.33078],[-113.84934,44.33051],[-113.84821,44.33051],[-113.84821,44.33025],[-113.84745,44.32998],[-113.84745,44.32971],[-113.8467,44.32944],[-113.8467,44.32917],[-113.84595,44.32917],[-113.84595,44.32944],[-113.84557,44.32944],[-113.84557,44.32971],[-113.84632,44.32998],[-113.84632,44.33025],[-113.8467,44.33025],[-113.8467,44.33051],[-113.84708,44.33051],[-113.84708,44.33078],[-113.84745,44.33078],[-113.84745,44.33105],[-113.84821,44.33105],[-113.84821,44.33132],[-113.84896,44.33159],[-113.84896,44.33213],[-113.84934,44.33213],[-113.84934,44.3324],[-113.84971,44.3324],[-113.84971,44.33294],[-113.85009,44.33294],[-113.85009,44.3351],[-113.84971,44.3351],[-113.84971,44.33537],[-113.84934,44.33537],[-113.84934,44.33564],[-113.84896,44.33564],[-113.84896,44.3359],[-113.84858,44.3359],[-113.84858,44.33644],[-113.84821,44.33644],[-113.84821,44.33698],[-113.84783,44.33698],[-113.84783,44.33752],[-113.84745,44.33752],[-113.84745,44.33779],[-113.8467,44.33779],[-113.8467,44.33806],[-113.84595,44.33806],[-113.84595,44.33833],[-113.84482,44.33833],[-113.84482,44.33806],[-113.8418,44.33833],[-113.8418,44.3386],[-113.84105,44.3386],[-113.84105,44.33887],[-113.8403,44.33887],[-113.8403,44.33914],[-113.83992,44.33914],[-113.83992,44.33941],[-113.83917,44.33941],[-113.83917,44.33968],[-113.83615,44.33941],[-113.83615,44.33968],[-113.8354,44.33968],[-113.8354,44.33995],[-113.83465,44.33995],[-113.83465,44.34022],[-113.83427,44.34022],[-113.83427,44.34049],[-113.83352,44.34076],[-113.83352,44.34129],[-113.83276,44.34129],[-113.83276,44.34156],[-113.83201,44.34156],[-113.83201,44.34183],[-113.83088,44.34183],[-113.83088,44.3421],[-113.82975,44.3421],[-113.82975,44.34183],[-113.82937,44.34183],[-113.82937,44.34156],[-113.82899,44.34156],[-113.82899,44.34129],[-113.82862,44.34129],[-113.82862,44.34103],[-113.82824,44.34103],[-113.82824,44.34076],[-113.82749,44.34049],[-113.82749,44.33941],[-113.82786,44.33941],[-113.82786,44.33914],[-113.82824,44.33914],[-113.82824,44.33887],[-113.82862,44.33887],[-113.82862,44.3386],[-113.82899,44.3386],[-113.82899,44.33833],[-113.82937,44.33833],[-113.82937,44.33806],[-113.83012,44.33806],[-113.83012,44.33779],[-113.8305,44.33779],[-113.8305,44.33725],[-113.82899,44.33725],[-113.82899,44.33698],[-113.82862,44.33698],[-113.82862,44.33671],[-113.82824,44.33671],[-113.82824,44.3351],[-113.82862,44.3351],[-113.82862,44.33456],[-113.82899,44.33456],[-113.82899,44.33429],[-113.82975,44.33429],[-113.82975,44.33402],[-113.83163,44.33402],[-113.83163,44.33321],[-113.83201,44.33321],[-113.83201,44.33294],[-113.83125,44.33294],[-113.83125,44.33213],[-113.83088,44.33213],[-113.83088,44.33132],[-113.8305,44.33132],[-113.8305,44.33078],[-113.82975,44.33078],[-113.82975,44.33105],[-113.82862,44.33105],[-113.82862,44.33132],[-113.82636,44.33132],[-113.82636,44.33105],[-113.82523,44.33105],[-113.82523,44.33078],[-113.82485,44.33078],[-113.82485,44.33051],[-113.8241,44.33051],[-113.8241,44.33025],[-113.82372,44.33025],[-113.82372,44.32971],[-113.82334,44.32971],[-113.82334,44.3289],[-113.82297,44.3289],[-113.82297,44.32863],[-113.82259,44.32863],[-113.82259,44.32836],[-113.82221,44.32836],[-113.82221,44.32809],[-113.82184,44.32809],[-113.82184,44.32782],[-113.82108,44.32782],[-113.82108,44.32809],[-113.82033,44.32782],[-113.82033,44.32809],[-113.81995,44.32809],[-113.81995,44.32674],[-113.82108,44.32674],[-113.82108,44.32701],[-113.82146,44.32701],[-113.82146,44.32647],[-113.82221,44.32647],[-113.82221,44.3262],[-113.82297,44.32593],[-113.82297,44.32539],[-113.82334,44.32539],[-113.82334,44.32405],[-113.82221,44.32405],[-113.82221,44.32378],[-113.82033,44.32378],[-113.82033,44.32405],[-113.81995,44.32405],[-113.81995,44.32459],[-113.82033,44.32459],[-113.82033,44.32486],[-113.82071,44.32486],[-113.82071,44.32539],[-113.82108,44.32539],[-113.82108,44.3262],[-113.81995,44.3262],[-113.81995,44.32566],[-113.8192,44.32539],[-113.8192,44.32486],[-113.81845,44.32459],[-113.81845,44.32432],[-113.8192,44.32432],[-113.8192,44.32405],[-113.81958,44.32405],[-113.81958,44.32351],[-113.81995,44.32351],[-113.81995,44.32297],[-113.82071,44.3227],[-113.82071,44.32243],[-113.82033,44.32243],[-113.82033,44.32162],[-113.81995,44.32162],[-113.81995,44.32135],[-113.82108,44.32135],[-113.82108,44.32162],[-113.82184,44.32189],[-113.82184,44.3227],[-113.82259,44.32243],[-113.82259,44.32216],[-113.82221,44.32216],[-113.82221,44.32081],[-113.82184,44.32081],[-113.82184,44.32054],[-113.82221,44.32054],[-113.82221,44.31974],[-113.82146,44.31974],[-113.82146,44.3192]],[[-113.83201,44.33752],[-113.83201,44.33725],[-113.83163,44.33725],[-113.83163,44.33752],[-113.83201,44.33752]],[[-113.83239,44.33429],[-113.83239,44.33402],[-113.83201,44.33402],[-113.83201,44.33429],[-113.83239,44.33429]],[[-113.82334,44.32674],[-113.82334,44.32647],[-113.82297,44.32647],[-113.82297,44.32674],[-113.82334,44.32674]]],[[[-113.81807,44.32863],[-113.81769,44.32863],[-113.81769,44.32755],[-113.81882,44.32755],[-113.81882,44.32782],[-113.81958,44.32782],[-113.81958,44.32971],[-113.81845,44.32971],[-113.81845,44.32917],[-113.81807,44.32917],[-113.81807,44.32863]]],[[[-113.84369,44.34776],[-113.84331,44.34776],[-113.84331,44.34642],[-113.84406,44.34642],[-113.84406,44.34588],[-113.84444,44.34588],[-113.84444,44.3448],[-113.84519,44.3448],[-113.84519,44.34507],[-113.84595,44.34507],[-113.84595,44.34534],[-113.84896,44.34534],[-113.84896,44.34507],[-113.84934,44.34507],[-113.84934,44.3448],[-113.85009,44.34453],[-113.85009,44.34426],[-113.85085,44.34399],[-113.85085,44.34318],[-113.85047,44.34318],[-113.85047,44.34291],[-113.85009,44.34291],[-113.85009,44.34264],[-113.85047,44.34264],[-113.85047,44.34237],[-113.85085,44.34237],[-113.85085,44.3421],[-113.85198,44.3421],[-113.85198,44.34291],[-113.85235,44.34291],[-113.85235,44.34345],[-113.85273,44.34345],[-113.85273,44.34453],[-113.85235,44.34453],[-113.85235,44.3448],[-113.8516,44.34507],[-113.8516,44.34561],[-113.85122,44.34561],[-113.85122,44.34615],[-113.85047,44.34615],[-113.85047,44.34642],[-113.84858,44.34642],[-113.84858,44.34615],[-113.84783,44.34615],[-113.84783,44.34588],[-113.84708,44.34588],[-113.84708,44.34561],[-113.8467,44.34561],[-113.8467,44.34588],[-113.84632,44.34588],[-113.84632,44.34615],[-113.84595,44.34615],[-113.84595,44.34722],[-113.84519,44.34749],[-113.84519,44.34803],[-113.84482,44.34803],[-113.84482,44.3483],[-113.84406,44.3483],[-113.84406,44.34803],[-113.84369,44.34803],[-113.84369,44.34776]]],[[[-113.84143,44.35046],[-113.8418,44.35046],[-113.8418,44.35073],[-113.84105,44.351],[-113.84105,44.35019],[-113.84143,44.35019],[-113.84143,44.35046]]],[[[-113.81732,44.35315],[-113.81694,44.35315],[-113.81694,44.35288],[-113.81732,44.35288],[-113.81732,44.35315]]],[[[-113.83276,44.35666],[-113.83201,44.35639],[-113.83201,44.35558],[-113.83276,44.35558],[-113.83276,44.35504],[-113.83314,44.35504],[-113.83314,44.3545],[-113.83465,44.3545],[-113.83465,44.35504],[-113.83804,44.35504],[-113.83804,44.35558],[-113.83841,44.35558],[-113.83841,44.35612],[-113.83804,44.35612],[-113.83804,44.35639],[-113.83691,44.35639],[-113.83691,44.35612],[-113.83352,44.35612],[-113.83352,44.35719],[-113.83314,44.35719],[-113.83314,44.35693],[-113.83276,44.35693],[-113.83276,44.35666]]],[[[-113.83352,44.35719],[-113.83389,44.35719],[-113.83389,44.35746],[-113.83352,44.35746],[-113.83352,44.35719]]],[[[-113.8143,44.32216],[-113.81393,44.32216],[-113.81393,44.32189],[-113.8143,44.32189],[-113.8143,44.32216]]],[[[-113.81506,44.32243],[-113.81468,44.32243],[-113.81468,44.32216],[-113.81506,44.32216],[-113.81506,44.32243]]],[[[-113.79697,44.32998],[-113.7966,44.32998],[-113.7966,44.32971],[-113.79697,44.32971],[-113.79697,44.32998]]],[[[-113.80677,44.33025],[-113.80714,44.33025],[-113.80714,44.32998],[-113.8079,44.32998],[-113.8079,44.33051],[-113.80752,44.33051],[-113.80752,44.33078],[-113.80677,44.33051],[-113.80677,44.33025]]],[[[-113.79999,44.33294],[-113.80036,44.33294],[-113.80036,44.33267],[-113.80112,44.33267],[-113.80112,44.33321],[-113.80074,44.33321],[-113.80074,44.33348],[-113.80036,44.33348],[-113.80036,44.33321],[-113.79999,44.33321],[-113.79999,44.33294]]],[[[-113.79547,44.33402],[-113.79584,44.33402],[-113.79584,44.33348],[-113.79622,44.33348],[-113.79622,44.33321],[-113.79773,44.33294],[-113.79773,44.33348],[-113.79697,44.33375],[-113.79697,44.33429],[-113.79622,44.33456],[-113.79622,44.33483],[-113.79547,44.33456],[-113.79547,44.33402]]],[[[-113.81807,44.351],[-113.81769,44.351],[-113.81769,44.35019],[-113.81732,44.35019],[-113.81732,44.34992],[-113.81656,44.34992],[-113.81656,44.34965],[-113.81619,44.34965],[-113.81619,44.34857],[-113.81656,44.34857],[-113.81656,44.34803],[-113.81619,44.34803],[-113.81619,44.34776],[-113.81543,44.34803],[-113.81543,44.34911],[-113.81506,44.34911],[-113.81506,44.34965],[-113.81468,44.34965],[-113.81468,44.34992],[-113.81393,44.34992],[-113.81393,44.35019],[-113.81317,44.35019],[-113.81317,44.34992],[-113.81279,44.34992],[-113.81279,44.34938],[-113.81242,44.34938],[-113.81242,44.34911],[-113.81279,44.34911],[-113.81279,44.34884],[-113.81242,44.34884],[-113.81242,44.34857],[-113.81279,44.34857],[-113.81279,44.3483],[-113.81242,44.3483],[-113.81242,44.34803],[-113.81279,44.34803],[-113.81279,44.34776],[-113.81242,44.34776],[-113.81242,44.34749],[-113.81129,44.34749],[-113.81129,44.34776],[-113.80903,44.34776],[-113.80903,44.34722],[-113.80827,44.34722],[-113.80827,44.34668],[-113.80752,44.34668],[-113.80752,44.34642],[-113.80714,44.34642],[-113.80714,44.34615],[-113.80677,44.34615],[-113.80677,44.34588],[-113.80639,44.34588],[-113.80639,44.34453],[-113.80601,44.34453],[-113.80601,44.34399],[-113.80564,44.34399],[-113.80564,44.34372],[-113.80488,44.34345],[-113.80488,44.34318],[-113.80451,44.34318],[-113.80451,44.34291],[-113.80375,44.34264],[-113.80375,44.34237],[-113.79999,44.34237],[-113.79999,44.3421],[-113.79923,44.34183],[-113.79923,44.34129],[-113.79961,44.34129],[-113.79961,44.34103],[-113.79999,44.34103],[-113.79999,44.34129],[-113.80112,44.34129],[-113.80112,44.34156],[-113.80149,44.34156],[-113.80149,44.34183],[-113.80187,44.34183],[-113.80187,44.34156],[-113.80225,44.34156],[-113.80225,44.34129],[-113.80262,44.34129],[-113.80262,44.34103],[-113.803,44.34103],[-113.803,44.34076],[-113.80338,44.34076],[-113.80338,44.34049],[-113.80375,44.34049],[-113.80375,44.33995],[-113.80338,44.33995],[-113.80338,44.33968],[-113.80187,44.33995],[-113.80187,44.33968],[-113.80112,44.33941],[-113.80112,44.33914],[-113.79961,44.33914],[-113.79961,44.33887],[-113.7981,44.33941],[-113.7981,44.33914],[-113.79735,44.33914],[-113.79735,44.33887],[-113.79697,44.33887],[-113.79697,44.3386],[-113.7966,44.3386],[-113.7966,44.33833],[-113.79697,44.33833],[-113.79697,44.33806],[-113.7981,44.33806],[-113.7981,44.33779],[-113.79886,44.33806],[-113.79886,44.33779],[-113.79961,44.33779],[-113.79961,44.33752],[-113.79999,44.33752],[-113.79999,44.33725],[-113.80338,44.33725],[-113.80338,44.33698],[-113.80375,44.33698],[-113.80375,44.33671],[-113.80338,44.33671],[-113.80338,44.3351],[-113.80375,44.3351],[-113.80375,44.33483],[-113.80413,44.33483],[-113.80413,44.33456],[-113.80488,44.33456],[-113.80488,44.33429],[-113.80564,44.33456],[-113.80564,44.33483],[-113.80601,44.33483],[-113.80601,44.33537],[-113.80639,44.33537],[-113.80639,44.3359],[-113.80601,44.3359],[-113.80601,44.33617],[-113.80564,44.33617],[-113.80564,44.33644],[-113.80526,44.33644],[-113.80526,44.33671],[-113.80488,44.33671],[-113.80488,44.33698],[-113.80413,44.33725],[-113.80413,44.3386],[-113.80451,44.3386],[-113.80451,44.33887],[-113.80526,44.33887],[-113.80526,44.33914],[-113.80564,44.33914],[-113.80564,44.33941],[-113.80639,44.33941],[-113.80639,44.33968],[-113.80865,44.33995],[-113.80865,44.33941],[-113.8094,44.33941],[-113.8094,44.33914],[-113.81016,44.33887],[-113.81016,44.3386],[-113.81166,44.33833],[-113.81166,44.33779],[-113.81204,44.33779],[-113.81204,44.33752],[-113.81279,44.33725],[-113.81279,44.33698],[-113.81355,44.33698],[-113.81355,44.33833],[-113.81204,44.33833],[-113.81204,44.33887],[-113.81166,44.33887],[-113.81166,44.33914],[-113.81204,44.33914],[-113.81204,44.33968],[-113.81242,44.33968],[-113.81242,44.33995],[-113.81317,44.34022],[-113.81317,44.34076],[-113.81355,44.34076],[-113.81355,44.34156],[-113.81393,44.34156],[-113.81393,44.3421],[-113.8143,44.3421],[-113.8143,44.34264],[-113.81506,44.34264],[-113.81506,44.34291],[-113.81656,44.34291],[-113.81656,44.34264],[-113.81732,44.34264],[-113.81732,44.34237],[-113.81807,44.34237],[-113.81807,44.34264],[-113.81845,44.34264],[-113.81845,44.34318],[-113.81882,44.34318],[-113.81882,44.34372],[-113.8192,44.34372],[-113.8192,44.34426],[-113.81958,44.34426],[-113.81958,44.34507],[-113.81995,44.34507],[-113.81995,44.34588],[-113.82033,44.34588],[-113.82033,44.34668],[-113.82071,44.34668],[-113.82071,44.34722],[-113.82108,44.34722],[-113.82108,44.34749],[-113.82184,44.34749],[-113.82184,44.34776],[-113.82221,44.34776],[-113.82221,44.34803],[-113.82297,44.34803],[-113.82297,44.3483],[-113.82372,44.34857],[-113.82372,44.34911],[-113.8241,44.34911],[-113.8241,44.34938],[-113.82447,44.34938],[-113.82447,44.34965],[-113.82485,44.34965],[-113.82485,44.34992],[-113.82523,44.34992],[-113.82523,44.35019],[-113.8256,44.35019],[-113.8256,44.35073],[-113.82598,44.35073],[-113.82598,44.351],[-113.82636,44.351],[-113.82636,44.35127],[-113.82673,44.35127],[-113.82673,44.35154],[-113.82711,44.35154],[-113.82711,44.3518],[-113.82749,44.3518],[-113.82749,44.35261],[-113.82033,44.35261],[-113.82033,44.35288],[-113.81958,44.35288],[-113.81958,44.35315],[-113.81769,44.35315],[-113.81769,44.35234],[-113.81807,44.35234],[-113.81807,44.351]]],[[[-113.81732,44.35261],[-113.81694,44.35261],[-113.81694,44.35234],[-113.81732,44.35234],[-113.81732,44.35261]]]]},"properties":{"layer":"predicted_reach_h04","fire_name":"Doublesprings","irwin_id":"{960C064B-1764-4834-BD28-90FB69A4AB4A}","model":"arrival_run","checkpoint_epoch":216,"decode":"connected_causal","operating_point":{"floor":0.0,"mult":0.9},"val_precision":null,"val_recall":null,"model_caveat":"arrival_run chosen for best RECALL among the six FlameFlux v3 candidates on the production-valid t0-window corpus (R=0.624 on the fc2 held-out fires, R=0.432 on Dillon -- see candidate_comparison.md from the 2026-07-24 comparison). It does NOT meet the project's P>=0.50/R>=0.80 target: precision is the WORST of the six (P=0.120 on fc2 -- most flagged growth is wrong), and wind_run actually edges it on F1. IMPORTANT CAVEAT: arrival_run trained on the leaky 'observed' corpus (crop centered/sized on t0|t1, i.e. it saw the future perimeter's geometry during training) and has NEVER seen a t0-window crop -- the ONLY geometry this live pipeline can ever produce at forecast time (the future perimeter is, by definition, unknown). So every live prediction from this model is out-of-distribution relative to its own training. The measured t0-window numbers above already reflect that (they are not a surprise), but this is 'best available', not 'production-ready' -- represent it that way. The operating_point (floor=0.0, mult=0.9) is the VAL-selected connected-causal decode point; it did NOT clear the 0.50 precision floor during selection (feasible=False, val P=0.270/R=0.259) -- it's the best-F1 fallback point, not a precision-guaranteed one.","issued_at_utc":"2026-08-05 02:36:31.645281+00:00","valid_from_utc":"2026-08-05 00:00:00","valid_to_utc":"2026-08-06 00:00:00","wfigs_date_current_utc":"2026-08-05 02:05:06+00:00","pixel_size_m":30,"veg_source":"refreshed_d4","physics_source":"eikonal_fbfm40","history_n_dates":1,"degraded_history":true,"containment_pct":0.0,"acres_wfigs":1021.012899130312,"hour":4,"valid_at_utc":"2026-08-05 04:00:00"}},{"type":"Feature","geometry":{"type":"MultiPolygon","coordinates":[[[[-113.84745,44.30896],[-113.84745,44.30869],[-113.84858,44.30869],[-113.84858,44.30896],[-113.84708,44.30922],[-113.84708,44.30896],[-113.84745,44.30896]]],[[[-113.79773,44.32593],[-113.79773,44.32405],[-113.7981,44.32405],[-113.7981,44.32378],[-113.79848,44.32378],[-113.79848,44.32351],[-113.79886,44.32351],[-113.79886,44.3227],[-113.79923,44.3227],[-113.79923,44.32243],[-113.79886,44.32243],[-113.79886,44.32216],[-113.79923,44.32216],[-113.79923,44.32189],[-113.79886,44.32189],[-113.79886,44.32162],[-113.79923,44.32162],[-113.79923,44.32108],[-113.79961,44.32108],[-113.79961,44.32081],[-113.80036,44.32054],[-113.80036,44.32027],[-113.80074,44.32027],[-113.80074,44.31947],[-113.80112,44.31947],[-113.80112,44.31893],[-113.80149,44.31893],[-113.80149,44.31866],[-113.80225,44.31839],[-113.80225,44.31758],[-113.803,44.31731],[-113.803,44.31677],[-113.80375,44.31677],[-113.80375,44.31623],[-113.80413,44.31623],[-113.80413,44.31569],[-113.80451,44.31569],[-113.80451,44.31515],[-113.80488,44.31515],[-113.80488,44.31488],[-113.80564,44.31488],[-113.80564,44.31461],[-113.8079,44.31461],[-113.8079,44.31381],[-113.80752,44.31381],[-113.80752,44.31327],[-113.8079,44.31327],[-113.8079,44.313],[-113.81166,44.313],[-113.81166,44.31327],[-113.81242,44.31327],[-113.81242,44.31354],[-113.81317,44.31354],[-113.81317,44.31381],[-113.8143,44.31381],[-113.8143,44.31408],[-113.81845,44.31408],[-113.81845,44.31435],[-113.81995,44.31435],[-113.81995,44.31408],[-113.82334,44.31408],[-113.82334,44.31381],[-113.82372,44.31381],[-113.82372,44.31354],[-113.82485,44.31354],[-113.82485,44.31381],[-113.82749,44.31381],[-113.82749,44.31408],[-113.82824,44.31435],[-113.82824,44.31461],[-113.82862,44.31461],[-113.82862,44.31435],[-113.82975,44.31435],[-113.82975,44.31408],[-113.83012,44.31408],[-113.83012,44.31381],[-113.83125,44.31381],[-113.83125,44.31354],[-113.83201,44.31354],[-113.83201,44.31327],[-113.83239,44.31327],[-113.83239,44.313],[-113.83427,44.313],[-113.83427,44.31273],[-113.83578,44.31273],[-113.83578,44.31246],[-113.83691,44.31246],[-113.83691,44.31273],[-113.8418,44.31273],[-113.8418,44.313],[-113.84708,44.313],[-113.84708,44.31273],[-113.85499,44.31273],[-113.85499,44.31246],[-113.8565,44.31246],[-113.8565,44.31219],[-113.85763,44.31219],[-113.85763,44.31192],[-113.86026,44.31192],[-113.86026,44.31219],[-113.86064,44.31219],[-113.86064,44.31246],[-113.86177,44.31246],[-113.86177,44.31273],[-113.86403,44.31273],[-113.86403,44.31246],[-113.86516,44.31246],[-113.86516,44.31273],[-113.86478,44.31273],[-113.86478,44.31381],[-113.86403,44.31408],[-113.86403,44.31435],[-113.86365,44.31435],[-113.86365,44.31461],[-113.8629,44.31461],[-113.8629,44.31488],[-113.86215,44.31515],[-113.86215,44.31623],[-113.86252,44.31623],[-113.86252,44.31704],[-113.86215,44.31704],[-113.86215,44.31758],[-113.86177,44.31758],[-113.86177,44.32],[-113.86139,44.32],[-113.86139,44.32054],[-113.86102,44.32054],[-113.86102,44.32108],[-113.86026,44.32135],[-113.86026,44.32189],[-113.85989,44.32189],[-113.85989,44.32216],[-113.85951,44.32216],[-113.85951,44.32243],[-113.85913,44.32243],[-113.85913,44.3227],[-113.85876,44.3227],[-113.85876,44.32324],[-113.85838,44.32324],[-113.85838,44.32351],[-113.85763,44.32351],[-113.85763,44.32378],[-113.85612,44.32405],[-113.85612,44.32459],[-113.85574,44.32459],[-113.85574,44.32566],[-113.85537,44.32566],[-113.85537,44.32728],[-113.85612,44.32728],[-113.85612,44.32755],[-113.85725,44.32755],[-113.85725,44.32863],[-113.8565,44.32863],[-113.8565,44.3289],[-113.85537,44.3289],[-113.85537,44.32863],[-113.85461,44.32836],[-113.85461,44.32863],[-113.85386,44.3289],[-113.85386,44.32971],[-113.85348,44.32971],[-113.85348,44.32998],[-113.85273,44.32998],[-113.85273,44.33025],[-113.85235,44.33025],[-113.85235,44.33051],[-113.8516,44.33078],[-113.8516,44.33105],[-113.84971,44.33105],[-113.84971,44.33078],[-113.84821,44.33078],[-113.84821,44.33051],[-113.84783,44.33051],[-113.84783,44.32998],[-113.84745,44.32998],[-113.84745,44.32971],[-113.8467,44.32944],[-113.8467,44.32917],[-113.84595,44.32917],[-113.84595,44.32944],[-113.84557,44.32944],[-113.84557,44.32971],[-113.84632,44.32998],[-113.84632,44.33025],[-113.8467,44.33025],[-113.8467,44.33051],[-113.84708,44.33051],[-113.84708,44.33078],[-113.84858,44.33105],[-113.84858,44.33159],[-113.84934,44.33186],[-113.84934,44.3324],[-113.84971,44.3324],[-113.84971,44.33294],[-113.85009,44.33294],[-113.85009,44.3351],[-113.84971,44.3351],[-113.84971,44.33537],[-113.84934,44.33537],[-113.84934,44.33564],[-113.84896,44.33564],[-113.84896,44.3359],[-113.84858,44.3359],[-113.84858,44.33644],[-113.84821,44.33644],[-113.84821,44.33698],[-113.84783,44.33698],[-113.84783,44.33806],[-113.84595,44.33806],[-113.84595,44.33833],[-113.84557,44.33833],[-113.84557,44.3386],[-113.84519,44.3386],[-113.84519,44.33833],[-113.84482,44.33833],[-113.84482,44.33806],[-113.84331,44.33806],[-113.84331,44.33833],[-113.84218,44.33833],[-113.84218,44.3386],[-113.84105,44.3386],[-113.84105,44.33887],[-113.84067,44.33887],[-113.84067,44.33914],[-113.83992,44.33914],[-113.83992,44.33941],[-113.83917,44.33941],[-113.83917,44.33968],[-113.8354,44.33968],[-113.8354,44.33995],[-113.83465,44.33995],[-113.83465,44.34022],[-113.83389,44.34049],[-113.83389,44.34103],[-113.83352,44.34103],[-113.83352,44.34129],[-113.83314,44.34129],[-113.83314,44.34156],[-113.83239,44.34156],[-113.83239,44.34183],[-113.83125,44.34183],[-113.83125,44.3421],[-113.82975,44.3421],[-113.82975,44.34183],[-113.82899,44.34183],[-113.82899,44.34156],[-113.82862,44.34156],[-113.82862,44.34129],[-113.82824,44.34129],[-113.82824,44.34103],[-113.82749,44.34076],[-113.82749,44.34022],[-113.82711,44.34022],[-113.82711,44.33941],[-113.82749,44.33941],[-113.82749,44.33914],[-113.82824,44.33914],[-113.82824,44.33887],[-113.82862,44.33887],[-113.82862,44.3386],[-113.82899,44.3386],[-113.82899,44.33833],[-113.82975,44.33806],[-113.82975,44.33779],[-113.83012,44.33779],[-113.83012,44.33725],[-113.82862,44.33725],[-113.82862,44.33698],[-113.82824,44.33698],[-113.82824,44.33617],[-113.82786,44.33617],[-113.82786,44.33564],[-113.82824,44.33564],[-113.82824,44.33483],[-113.82862,44.33483],[-113.82862,44.33456],[-113.82937,44.33429],[-113.82937,44.33402],[-113.83125,44.33402],[-113.83125,44.33375],[-113.83163,44.33375],[-113.83163,44.33321],[-113.83125,44.33321],[-113.83125,44.33213],[-113.83088,44.33213],[-113.83088,44.33132],[-113.8305,44.33132],[-113.8305,44.33078],[-113.82975,44.33078],[-113.82975,44.33105],[-113.82899,44.33105],[-113.82899,44.33132],[-113.82636,44.33132],[-113.82636,44.33105],[-113.82523,44.33105],[-113.82523,44.33078],[-113.82447,44.33078],[-113.82447,44.33051],[-113.82259,44.33051],[-113.82259,44.33025],[-113.82221,44.33025],[-113.82221,44.32998],[-113.82334,44.32998],[-113.82334,44.32917],[-113.82297,44.32917],[-113.82297,44.32863],[-113.82221,44.32836],[-113.82221,44.32809],[-113.82146,44.32809],[-113.82146,44.32836],[-113.82108,44.32836],[-113.82108,44.32863],[-113.82033,44.32863],[-113.82033,44.33078],[-113.81995,44.33078],[-113.81995,44.33105],[-113.81882,44.33105],[-113.81882,44.33132],[-113.81845,44.33132],[-113.81845,44.33105],[-113.81807,44.33105],[-113.81807,44.33078],[-113.81769,44.33078],[-113.81769,44.33051],[-113.81581,44.33051],[-113.81581,44.33078],[-113.81506,44.33078],[-113.81506,44.33105],[-113.81393,44.33105],[-113.81393,44.33078],[-113.81355,44.33078],[-113.81355,44.33025],[-113.81317,44.33025],[-113.81317,44.32998],[-113.81242,44.33025],[-113.81242,44.33105],[-113.81204,44.33105],[-113.81204,44.33132],[-113.81129,44.33132],[-113.81129,44.33159],[-113.80978,44.33159],[-113.80978,44.33186],[-113.8094,44.33186],[-113.8094,44.33159],[-113.80865,44.33159],[-113.80865,44.33105],[-113.80827,44.33105],[-113.80827,44.33132],[-113.8079,44.33132],[-113.8079,44.33105],[-113.80752,44.33105],[-113.80752,44.33132],[-113.80714,44.33132],[-113.80714,44.33105],[-113.80639,44.33105],[-113.80639,44.32944],[-113.80827,44.32944],[-113.80827,44.32971],[-113.80865,44.32971],[-113.80865,44.33025],[-113.80903,44.33025],[-113.80903,44.33051],[-113.81053,44.33051],[-113.81053,44.33025],[-113.81091,44.33025],[-113.81091,44.32998],[-113.81166,44.32998],[-113.81166,44.32971],[-113.81317,44.32944],[-113.81317,44.32917],[-113.81468,44.3289],[-113.81468,44.32836],[-113.81543,44.32836],[-113.81543,44.32782],[-113.81581,44.32782],[-113.81581,44.32755],[-113.81619,44.32755],[-113.81619,44.32728],[-113.81694,44.32728],[-113.81694,44.32701],[-113.8192,44.32701],[-113.8192,44.32674],[-113.81958,44.32674],[-113.81958,44.32566],[-113.8192,44.32566],[-113.8192,44.32539],[-113.81882,44.32539],[-113.81882,44.32513],[-113.81845,44.32513],[-113.81845,44.32486],[-113.81807,44.32486],[-113.81807,44.32459],[-113.81769,44.32459],[-113.81769,44.32432],[-113.81732,44.32432],[-113.81732,44.32405],[-113.81845,44.32405],[-113.81845,44.32378],[-113.8192,44.32378],[-113.8192,44.32324],[-113.81958,44.32324],[-113.81958,44.32189],[-113.8192,44.32189],[-113.8192,44.32162],[-113.81845,44.32162],[-113.81845,44.32108],[-113.81769,44.32108],[-113.81769,44.32027],[-113.82071,44.32],[-113.82071,44.31893],[-113.81995,44.31893],[-113.81995,44.31866],[-113.81845,44.31866],[-113.81845,44.31893],[-113.81769,44.31893],[-113.81769,44.31866],[-113.81732,44.31866],[-113.81732,44.31839],[-113.81656,44.31839],[-113.81656,44.31812],[-113.81619,44.31812],[-113.81619,44.31785],[-113.81468,44.31758],[-113.81468,44.31731],[-113.8143,44.31731],[-113.8143,44.31704],[-113.81393,44.31704],[-113.81393,44.31677],[-113.81355,44.31677],[-113.81355,44.3165],[-113.81242,44.3165],[-113.81242,44.31623],[-113.81204,44.31623],[-113.81204,44.3165],[-113.81166,44.3165],[-113.81166,44.31677],[-113.81129,44.31677],[-113.81129,44.31704],[-113.81091,44.31704],[-113.81091,44.31731],[-113.80677,44.31731],[-113.80677,44.31758],[-113.80601,44.31785],[-113.80601,44.31839],[-113.80677,44.31866],[-113.80677,44.32],[-113.80714,44.32],[-113.80714,44.32027],[-113.80827,44.32027],[-113.80827,44.32162],[-113.80865,44.32162],[-113.80865,44.32054],[-113.8094,44.32054],[-113.8094,44.32027],[-113.81129,44.32027],[-113.81129,44.31974],[-113.81166,44.31974],[-113.81166,44.3192],[-113.81242,44.3192],[-113.81242,44.31893],[-113.81355,44.31893],[-113.81355,44.31947],[-113.8143,44.31974],[-113.8143,44.32027],[-113.81506,44.32027],[-113.81506,44.32054],[-113.81543,44.32054],[-113.81543,44.32081],[-113.81581,44.32081],[-113.81581,44.32108],[-113.81543,44.32108],[-113.81543,44.32135],[-113.81581,44.32135],[-113.81581,44.32243],[-113.81656,44.3227],[-113.81656,44.32351],[-113.81694,44.32351],[-113.81694,44.32405],[-113.81656,44.32405],[-113.81656,44.32432],[-113.81581,44.32432],[-113.81581,44.32459],[-113.81506,44.32459],[-113.81506,44.32486],[-113.81279,44.32486],[-113.81279,44.32459],[-113.81242,44.32459],[-113.81242,44.32432],[-113.81166,44.32432],[-113.81166,44.32459],[-113.80903,44.32459],[-113.80903,44.32486],[-113.80752,44.32513],[-113.80752,44.32539],[-113.80488,44.32539],[-113.80488,44.32459],[-113.80413,44.32486],[-113.80413,44.32297],[-113.80488,44.3227],[-113.80488,44.32243],[-113.803,44.32243],[-113.803,44.32378],[-113.80338,44.32378],[-113.80338,44.32405],[-113.803,44.32405],[-113.803,44.32486],[-113.80225,44.32486],[-113.80225,44.32513],[-113.803,44.32513],[-113.803,44.32593],[-113.80262,44.32593],[-113.80262,44.3262],[-113.80225,44.3262],[-113.80225,44.32647],[-113.80149,44.32647],[-113.80149,44.32701],[-113.80112,44.32701],[-113.80112,44.32809],[-113.80149,44.32809],[-113.80149,44.32836],[-113.80225,44.32836],[-113.80225,44.32863],[-113.803,44.32863],[-113.803,44.3289],[-113.80375,44.3289],[-113.80375,44.32917],[-113.80526,44.32917],[-113.80526,44.32971],[-113.80488,44.32971],[-113.80488,44.33051],[-113.80413,44.33078],[-113.80413,44.33159],[-113.80375,44.33159],[-113.80375,44.33267],[-113.803,44.33267],[-113.803,44.33294],[-113.80262,44.33294],[-113.80262,44.33267],[-113.80187,44.33267],[-113.80187,44.33294],[-113.80149,44.33294],[-113.80149,44.33321],[-113.80074,44.33348],[-113.80074,44.33375],[-113.79961,44.33375],[-113.79961,44.33213],[-113.79886,44.33213],[-113.79886,44.33186],[-113.79848,44.33186],[-113.79848,44.33159],[-113.79773,44.33159],[-113.79773,44.33132],[-113.79697,44.33105],[-113.79697,44.33078],[-113.79622,44.33051],[-113.79622,44.33025],[-113.79584,44.33025],[-113.79584,44.32998],[-113.79547,44.32998],[-113.79547,44.32944],[-113.79509,44.32944],[-113.79509,44.32809],[-113.79584,44.32782],[-113.79584,44.32755],[-113.79697,44.32755],[-113.79697,44.32728],[-113.79773,44.32728],[-113.79773,44.3262],[-113.79735,44.3262],[-113.79735,44.32593],[-113.79773,44.32593]],[[-113.83201,44.33321],[-113.83201,44.33294],[-113.83163,44.33294],[-113.83163,44.33321],[-113.83201,44.33321]],[[-113.81129,44.32054],[-113.81091,44.32054],[-113.81091,44.32081],[-113.81166,44.32108],[-113.81166,44.32027],[-113.81129,44.32027],[-113.81129,44.32054]],[[-113.81355,44.31974],[-113.81355,44.32],[-113.81393,44.32],[-113.81393,44.31974],[-113.81355,44.31974]],[[-113.79773,44.32782],[-113.7981,44.32782],[-113.7981,44.32863],[-113.79886,44.32863],[-113.79886,44.32755],[-113.79848,44.32755],[-113.79848,44.32728],[-113.79773,44.32728],[-113.79773,44.32782]],[[-113.83201,44.33752],[-113.83201,44.33725],[-113.83163,44.33725],[-113.83163,44.33752],[-113.83201,44.33752]],[[-113.83239,44.33429],[-113.83239,44.33402],[-113.83201,44.33402],[-113.83201,44.33429],[-113.83239,44.33429]],[[-113.82334,44.32674],[-113.82334,44.32647],[-113.82297,44.32647],[-113.82297,44.32674],[-113.82334,44.32674]],[[-113.82297,44.32566],[-113.82297,44.32513],[-113.82334,44.32513],[-113.82334,44.32459],[-113.82297,44.32459],[-113.82297,44.32432],[-113.82259,44.32432],[-113.82259,44.32405],[-113.82108,44.32405],[-113.82108,44.32432],[-113.82071,44.32432],[-113.82071,44.32459],[-113.82108,44.32459],[-113.82108,44.32513],[-113.82146,44.32513],[-113.82146,44.32593],[-113.82184,44.32593],[-113.82184,44.3262],[-113.82221,44.3262],[-113.82221,44.32593],[-113.82297,44.32566]],[[-113.80488,44.32432],[-113.80488,44.32405],[-113.80564,44.32432],[-113.80564,44.32378],[-113.80451,44.32378],[-113.80451,44.32432],[-113.80488,44.32432]]],[[[-113.84632,44.34022],[-113.84595,44.34022],[-113.84595,44.33995],[-113.84632,44.33995],[-113.84632,44.34022]]],[[[-113.84557,44.34049],[-113.84557,44.34022],[-113.84595,44.34022],[-113.84595,44.34049],[-113.84557,44.34049]]],[[[-113.84557,44.34049],[-113.84557,44.34076],[-113.84482,44.34076],[-113.84482,44.34049],[-113.84557,44.34049]]],[[[-113.8418,44.35234],[-113.84067,44.35234],[-113.84067,44.35207],[-113.83992,44.35207],[-113.83992,44.3518],[-113.83917,44.35154],[-113.83917,44.35127],[-113.83954,44.35127],[-113.83954,44.35073],[-113.83992,44.35073],[-113.83992,44.34965],[-113.83954,44.34965],[-113.83954,44.34911],[-113.8403,44.34884],[-113.8403,44.34938],[-113.84067,44.34938],[-113.84067,44.34965],[-113.84331,44.34965],[-113.84331,44.34938],[-113.84369,44.34938],[-113.84369,44.34911],[-113.84406,44.34911],[-113.84406,44.34884],[-113.84331,44.34857],[-113.84331,44.34776],[-113.84293,44.34776],[-113.84293,44.34615],[-113.84331,44.34615],[-113.84331,44.34561],[-113.84406,44.34534],[-113.84406,44.34426],[-113.84519,44.34426],[-113.84519,44.34453],[-113.84557,44.34453],[-113.84557,44.3448],[-113.84632,44.3448],[-113.84632,44.34507],[-113.84896,44.34507],[-113.84896,44.3448],[-113.84934,44.3448],[-113.84934,44.34453],[-113.85009,44.34426],[-113.85009,44.34345],[-113.84934,44.34345],[-113.84934,44.34264],[-113.85009,44.34264],[-113.85009,44.34237],[-113.85085,44.3421],[-113.85085,44.34156],[-113.85235,44.34156],[-113.85235,44.34237],[-113.85273,44.34237],[-113.85273,44.34372],[-113.85348,44.34399],[-113.85348,44.34453],[-113.85311,44.34453],[-113.85311,44.3448],[-113.85273,44.3448],[-113.85273,44.34507],[-113.85235,44.34507],[-113.85235,44.34561],[-113.85198,44.34561],[-113.85198,44.34615],[-113.8516,44.34615],[-113.8516,44.34642],[-113.85085,44.34668],[-113.85085,44.34695],[-113.84858,44.34695],[-113.84858,44.34668],[-113.84783,44.34642],[-113.84783,44.34615],[-113.84632,44.34615],[-113.84632,44.34695],[-113.8467,44.34695],[-113.8467,44.34776],[-113.84595,44.34776],[-113.84595,44.34857],[-113.8467,44.34857],[-113.8467,44.34884],[-113.84595,44.34911],[-113.84595,44.34938],[-113.84444,44.34965],[-113.84444,44.34992],[-113.84369,44.35019],[-113.84369,44.351],[-113.84331,44.351],[-113.84331,44.3518],[-113.84369,44.3518],[-113.84369,44.35207],[-113.84444,44.35234],[-113.84444,44.35261],[-113.84406,44.35261],[-113.84406,44.35288],[-113.84218,44.35288],[-113.84218,44.35261],[-113.8418,44.35261],[-113.8418,44.35234]]],[[[-113.83578,44.35908],[-113.8354,44.35908],[-113.8354,44.35854],[-113.83502,44.35854],[-113.83502,44.35827],[-113.83465,44.35827],[-113.83465,44.358],[-113.83389,44.358],[-113.83389,44.35773],[-113.83352,44.35773],[-113.83352,44.35746],[-113.83276,44.35746],[-113.83276,44.35719],[-113.83201,44.35693],[-113.83201,44.35612],[-113.83163,44.35612],[-113.83163,44.35558],[-113.83201,44.35558],[-113.83201,44.35504],[-113.83276,44.35477],[-113.83276,44.35396],[-113.83314,44.35396],[-113.83314,44.35369],[-113.83389,44.35369],[-113.83389,44.35342],[-113.8354,44.35342],[-113.8354,44.35369],[-113.83615,44.35396],[-113.83615,44.35423],[-113.83653,44.35423],[-113.83653,44.35396],[-113.83691,44.35396],[-113.83691,44.35369],[-113.83728,44.35369],[-113.83728,44.35396],[-113.83766,44.35396],[-113.83766,44.3545],[-113.83804,44.3545],[-113.83804,44.35477],[-113.83841,44.35477],[-113.83841,44.35504],[-113.83879,44.35504],[-113.83879,44.35639],[-113.83841,44.35639],[-113.83841,44.35693],[-113.83728,44.35693],[-113.83728,44.35666],[-113.83653,44.35666],[-113.83653,44.35639],[-113.83427,44.35639],[-113.83427,44.35719],[-113.83465,44.35719],[-113.83465,44.35746],[-113.83502,44.35746],[-113.83502,44.35773],[-113.8354,44.35773],[-113.8354,44.358],[-113.83578,44.358],[-113.83578,44.35827],[-113.83615,44.35827],[-113.83615,44.35854],[-113.83653,44.35854],[-113.83653,44.35935],[-113.83691,44.35935],[-113.83691,44.36016],[-113.83615,44.36016],[-113.83615,44.35962],[-113.83578,44.35962],[-113.83578,44.35908]]],[[[-113.8143,44.3192],[-113.8143,44.31947],[-113.81393,44.31947],[-113.81393,44.3192],[-113.8143,44.3192]]],[[[-113.81581,44.32],[-113.81543,44.32],[-113.81543,44.31974],[-113.81581,44.31974],[-113.81581,44.32]]],[[[-113.81506,44.32],[-113.81468,44.32],[-113.81468,44.31974],[-113.81506,44.31974],[-113.81506,44.32]]],[[[-113.81581,44.32054],[-113.81543,44.32054],[-113.81543,44.32027],[-113.81581,44.32027],[-113.81581,44.32054]]],[[[-113.80375,44.32432],[-113.80338,44.32432],[-113.80338,44.32405],[-113.80375,44.32405],[-113.80375,44.32432]]],[[[-113.82108,44.34049],[-113.82146,44.34049],[-113.82146,44.34022],[-113.82221,44.33995],[-113.82221,44.33968],[-113.82259,44.33968],[-113.82259,44.33941],[-113.82297,44.33941],[-113.82297,44.33914],[-113.82334,44.33914],[-113.82334,44.33887],[-113.82372,44.33887],[-113.82372,44.3386],[-113.82485,44.3386],[-113.82485,44.33887],[-113.8256,44.33887],[-113.8256,44.33941],[-113.8241,44.33968],[-113.8241,44.33995],[-113.82334,44.34022],[-113.82334,44.34076],[-113.82259,44.34076],[-113.82259,44.34103],[-113.82146,44.34103],[-113.82146,44.34076],[-113.82108,44.34076],[-113.82108,44.34049]]],[[[-113.81543,44.3518],[-113.81732,44.3518],[-113.81732,44.35154],[-113.81769,44.35154],[-113.81769,44.351],[-113.81732,44.351],[-113.81732,44.35046],[-113.81656,44.35046],[-113.81656,44.35019],[-113.81506,44.35019],[-113.81506,44.35046],[-113.8143,44.35046],[-113.8143,44.35073],[-113.81355,44.35073],[-113.81355,44.35046],[-113.81242,44.35046],[-113.81242,44.34992],[-113.81204,44.34992],[-113.81204,44.34938],[-113.81166,44.34938],[-113.81166,44.34911],[-113.81204,44.34911],[-113.81204,44.34884],[-113.81166,44.34884],[-113.81166,44.34857],[-113.81204,44.34857],[-113.81204,44.34803],[-113.80903,44.34803],[-113.80903,44.34776],[-113.80827,44.34749],[-113.80827,44.34722],[-113.80752,44.34722],[-113.80752,44.34668],[-113.80677,44.34668],[-113.80677,44.34615],[-113.80601,44.34615],[-113.80601,44.34453],[-113.80564,44.34453],[-113.80564,44.34399],[-113.80526,44.34399],[-113.80526,44.34372],[-113.80488,44.34372],[-113.80488,44.34345],[-113.80413,44.34345],[-113.80413,44.34318],[-113.80375,44.34318],[-113.80375,44.34291],[-113.80262,44.34291],[-113.80262,44.34264],[-113.79999,44.34264],[-113.79999,44.34237],[-113.79923,44.34237],[-113.79923,44.3421],[-113.79886,44.3421],[-113.79886,44.34183],[-113.79848,44.34183],[-113.79848,44.34103],[-113.79886,44.34103],[-113.79886,44.34076],[-113.79961,44.34076],[-113.79961,44.34049],[-113.80074,44.34049],[-113.80074,44.34076],[-113.80112,44.34076],[-113.80112,44.34049],[-113.80149,44.34049],[-113.80149,44.34022],[-113.80112,44.34022],[-113.80112,44.33968],[-113.80074,44.33968],[-113.80074,44.33941],[-113.79773,44.33968],[-113.79773,44.33941],[-113.79735,44.33941],[-113.79735,44.33914],[-113.7966,44.33914],[-113.7966,44.33887],[-113.79584,44.3386],[-113.79584,44.33833],[-113.79547,44.33833],[-113.79547,44.33779],[-113.79584,44.33779],[-113.79584,44.33671],[-113.79547,44.33671],[-113.79547,44.3351],[-113.79509,44.3351],[-113.79509,44.33456],[-113.79471,44.33456],[-113.79471,44.33375],[-113.79509,44.33375],[-113.79509,44.33348],[-113.79584,44.33348],[-113.79584,44.33321],[-113.7966,44.33294],[-113.7966,44.33267],[-113.7981,44.33267],[-113.7981,44.33294],[-113.79848,44.33294],[-113.79848,44.33348],[-113.79886,44.33348],[-113.79886,44.33375],[-113.79848,44.33375],[-113.79848,44.33402],[-113.79773,44.33402],[-113.79773,44.33429],[-113.79697,44.33456],[-113.79697,44.33698],[-113.79773,44.33698],[-113.79773,44.33725],[-113.79999,44.33725],[-113.79999,44.33698],[-113.80262,44.33698],[-113.80262,44.33671],[-113.803,44.33671],[-113.803,44.3351],[-113.80338,44.3351],[-113.80338,44.33483],[-113.80375,44.33483],[-113.80375,44.33456],[-113.80413,44.33456],[-113.80413,44.33429],[-113.80601,44.33429],[-113.80601,44.33483],[-113.80677,44.3351],[-113.80677,44.3359],[-113.80639,44.3359],[-113.80639,44.33617],[-113.80601,44.33617],[-113.80601,44.33644],[-113.80564,44.33644],[-113.80564,44.33671],[-113.80526,44.33671],[-113.80526,44.33698],[-113.80488,44.33698],[-113.80488,44.33752],[-113.80451,44.33752],[-113.80451,44.33833],[-113.80488,44.33833],[-113.80488,44.3386],[-113.80526,44.3386],[-113.80526,44.33887],[-113.80564,44.33887],[-113.80564,44.33914],[-113.80601,44.33914],[-113.80601,44.33941],[-113.80827,44.33968],[-113.80827,44.33941],[-113.80865,44.33941],[-113.80865,44.33914],[-113.8094,44.33914],[-113.8094,44.33887],[-113.81016,44.3386],[-113.81016,44.33833],[-113.81091,44.33833],[-113.81091,44.33806],[-113.81129,44.33806],[-113.81129,44.33779],[-113.81166,44.33779],[-113.81166,44.33725],[-113.81242,44.33725],[-113.81242,44.33698],[-113.81317,44.33671],[-113.81317,44.33644],[-113.81468,44.33617],[-113.81468,44.33564],[-113.81506,44.33564],[-113.81506,44.33537],[-113.81543,44.33537],[-113.81543,44.3351],[-113.81694,44.33483],[-113.81694,44.33456],[-113.81769,44.33429],[-113.81769,44.33375],[-113.81807,44.33375],[-113.81807,44.33348],[-113.81845,44.33348],[-113.81845,44.33321],[-113.8192,44.33321],[-113.8192,44.33294],[-113.82071,44.33294],[-113.82071,44.33267],[-113.82146,44.33267],[-113.82146,44.3324],[-113.82221,44.3324],[-113.82221,44.33267],[-113.82259,44.33267],[-113.82259,44.33321],[-113.82334,44.33348],[-113.82334,44.33402],[-113.82372,44.33402],[-113.82372,44.33429],[-113.8241,44.33429],[-113.8241,44.33456],[-113.82334,44.33456],[-113.82334,44.33483],[-113.82297,44.33483],[-113.82297,44.33456],[-113.82033,44.33456],[-113.82033,44.33483],[-113.81882,44.33483],[-113.81882,44.3351],[-113.81807,44.33537],[-113.81807,44.33564],[-113.81732,44.33564],[-113.81732,44.3359],[-113.81694,44.3359],[-113.81694,44.33617],[-113.81619,44.33644],[-113.81619,44.33698],[-113.81581,44.33698],[-113.81581,44.33725],[-113.81543,44.33725],[-113.81543,44.33752],[-113.81506,44.33752],[-113.81506,44.33779],[-113.81468,44.33779],[-113.81468,44.33806],[-113.81393,44.33833],[-113.81393,44.3386],[-113.81279,44.3386],[-113.81279,44.33887],[-113.81242,44.33887],[-113.81242,44.33968],[-113.81279,44.33968],[-113.81279,44.33995],[-113.81317,44.33995],[-113.81317,44.34022],[-113.81355,44.34022],[-113.81355,44.34103],[-113.81393,44.34103],[-113.81393,44.34183],[-113.8143,44.34183],[-113.8143,44.34237],[-113.81468,44.34237],[-113.81468,44.34264],[-113.81694,44.34264],[-113.81694,44.34237],[-113.81732,44.34237],[-113.81732,44.3421],[-113.81807,44.34183],[-113.81807,44.34156],[-113.81845,44.34156],[-113.81845,44.34129],[-113.8192,44.34156],[-113.8192,44.34183],[-113.81882,44.34183],[-113.81882,44.34318],[-113.81958,44.34345],[-113.81958,44.34426],[-113.81995,44.34426],[-113.81995,44.3448],[-113.82033,44.3448],[-113.82033,44.34588],[-113.82071,44.34588],[-113.82071,44.34668],[-113.82108,44.34668],[-113.82108,44.34722],[-113.82184,44.34722],[-113.82184,44.34749],[-113.82221,44.34749],[-113.82221,44.34776],[-113.82259,44.34776],[-113.82259,44.34803],[-113.82334,44.34803],[-113.82334,44.34857],[-113.82372,44.34857],[-113.82372,44.34884],[-113.82447,44.34911],[-113.82447,44.34938],[-113.82523,44.34965],[-113.82523,44.35019],[-113.8256,44.35019],[-113.8256,44.35046],[-113.82636,44.35073],[-113.82636,44.35127],[-113.82711,44.35127],[-113.82711,44.35154],[-113.82786,44.3518],[-113.82786,44.35288],[-113.82071,44.35288],[-113.82071,44.35315],[-113.81958,44.35315],[-113.81958,44.35342],[-113.81882,44.35342],[-113.81882,44.35369],[-113.81769,44.35369],[-113.81769,44.35396],[-113.81581,44.35396],[-113.81581,44.35369],[-113.81543,44.35369],[-113.81543,44.3518]]]]},"properties":{"layer":"predicted_reach_h05","fire_name":"Doublesprings","irwin_id":"{960C064B-1764-4834-BD28-90FB69A4AB4A}","model":"arrival_run","checkpoint_epoch":216,"decode":"connected_causal","operating_point":{"floor":0.0,"mult":0.9},"val_precision":null,"val_recall":null,"model_caveat":"arrival_run chosen for best RECALL among the six FlameFlux v3 candidates on the production-valid t0-window corpus (R=0.624 on the fc2 held-out fires, R=0.432 on Dillon -- see candidate_comparison.md from the 2026-07-24 comparison). It does NOT meet the project's P>=0.50/R>=0.80 target: precision is the WORST of the six (P=0.120 on fc2 -- most flagged growth is wrong), and wind_run actually edges it on F1. IMPORTANT CAVEAT: arrival_run trained on the leaky 'observed' corpus (crop centered/sized on t0|t1, i.e. it saw the future perimeter's geometry during training) and has NEVER seen a t0-window crop -- the ONLY geometry this live pipeline can ever produce at forecast time (the future perimeter is, by definition, unknown). So every live prediction from this model is out-of-distribution relative to its own training. The measured t0-window numbers above already reflect that (they are not a surprise), but this is 'best available', not 'production-ready' -- represent it that way. The operating_point (floor=0.0, mult=0.9) is the VAL-selected connected-causal decode point; it did NOT clear the 0.50 precision floor during selection (feasible=False, val P=0.270/R=0.259) -- it's the best-F1 fallback point, not a precision-guaranteed one.","issued_at_utc":"2026-08-05 02:36:31.645281+00:00","valid_from_utc":"2026-08-05 00:00:00","valid_to_utc":"2026-08-06 00:00:00","wfigs_date_current_utc":"2026-08-05 02:05:06+00:00","pixel_size_m":30,"veg_source":"refreshed_d4","physics_source":"eikonal_fbfm40","history_n_dates":1,"degraded_history":true,"containment_pct":0.0,"acres_wfigs":1021.012899130312,"hour":5,"valid_at_utc":"2026-08-05 05:00:00"}},{"type":"Feature","geometry":{"type":"MultiPolygon","coordinates":[[[[-113.85085,44.30788],[-113.85122,44.30788],[-113.85122,44.30761],[-113.85198,44.30761],[-113.85198,44.30788],[-113.8516,44.30788],[-113.8516,44.30815],[-113.85122,44.30815],[-113.85122,44.30842],[-113.85047,44.30842],[-113.85047,44.30815],[-113.85085,44.30815],[-113.85085,44.30788]]],[[[-113.84632,44.30896],[-113.84708,44.30896],[-113.84708,44.30869],[-113.84745,44.30869],[-113.84745,44.30842],[-113.84821,44.30842],[-113.84821,44.30815],[-113.84858,44.30815],[-113.84858,44.30842],[-113.84934,44.30842],[-113.84934,44.30896],[-113.84858,44.30896],[-113.84858,44.30922],[-113.84783,44.30922],[-113.84783,44.30949],[-113.8467,44.30949],[-113.8467,44.30976],[-113.84595,44.30976],[-113.84595,44.30922],[-113.84632,44.30922],[-113.84632,44.30896]]],[[[-113.82108,44.34426],[-113.82108,44.34534],[-113.82146,44.34534],[-113.82146,44.34561],[-113.82108,44.34561],[-113.82108,44.34588],[-113.82146,44.34588],[-113.82146,44.34615],[-113.82108,44.34615],[-113.82108,44.34642],[-113.82184,44.34668],[-113.82184,44.34722],[-113.82259,44.34722],[-113.82259,44.34749],[-113.82334,44.34776],[-113.82334,44.3483],[-113.82372,44.3483],[-113.82372,44.34857],[-113.82447,44.34884],[-113.82447,44.34911],[-113.82485,44.34911],[-113.82485,44.34965],[-113.82523,44.34965],[-113.82523,44.34992],[-113.82598,44.35019],[-113.82598,44.35073],[-113.82636,44.35073],[-113.82636,44.351],[-113.82673,44.351],[-113.82673,44.35127],[-113.82749,44.35127],[-113.82749,44.35154],[-113.82786,44.35154],[-113.82786,44.35207],[-113.82824,44.35207],[-113.82824,44.35261],[-113.82862,44.35261],[-113.82862,44.35288],[-113.82297,44.35288],[-113.82297,44.35315],[-113.82033,44.35315],[-113.82033,44.35342],[-113.81958,44.35342],[-113.81958,44.35369],[-113.81845,44.35369],[-113.81845,44.35396],[-113.81732,44.35396],[-113.81732,44.35423],[-113.81581,44.35423],[-113.81581,44.35396],[-113.81506,44.35369],[-113.81506,44.35315],[-113.8143,44.35288],[-113.8143,44.35154],[-113.81355,44.35127],[-113.81355,44.351],[-113.81242,44.351],[-113.81242,44.35073],[-113.81166,44.35046],[-113.81166,44.35019],[-113.81204,44.35019],[-113.81204,44.34992],[-113.81129,44.34965],[-113.81129,44.3483],[-113.81053,44.34857],[-113.81053,44.3483],[-113.80865,44.3483],[-113.80865,44.34803],[-113.80827,44.34803],[-113.80827,44.34776],[-113.80752,44.34776],[-113.80752,44.34722],[-113.80714,44.34722],[-113.80714,44.34695],[-113.80677,44.34695],[-113.80677,44.34668],[-113.80601,44.34668],[-113.80601,44.34615],[-113.80564,44.34615],[-113.80564,44.34453],[-113.80526,44.34453],[-113.80526,44.34399],[-113.80451,44.34399],[-113.80451,44.34372],[-113.80413,44.34372],[-113.80413,44.34345],[-113.80225,44.34345],[-113.80225,44.34291],[-113.80036,44.34291],[-113.80036,44.34264],[-113.79886,44.34237],[-113.79886,44.3421],[-113.7981,44.34183],[-113.7981,44.34049],[-113.79848,44.34049],[-113.79848,44.34022],[-113.7981,44.34022],[-113.7981,44.33995],[-113.79735,44.33968],[-113.79735,44.33941],[-113.79584,44.33914],[-113.79584,44.33887],[-113.79547,44.33887],[-113.79547,44.33833],[-113.79509,44.33833],[-113.79509,44.33779],[-113.79433,44.33752],[-113.79433,44.33725],[-113.79471,44.33725],[-113.79471,44.33698],[-113.79433,44.33698],[-113.79433,44.33671],[-113.79471,44.33671],[-113.79471,44.33617],[-113.79509,44.33617],[-113.79509,44.3351],[-113.79433,44.33483],[-113.79433,44.33429],[-113.79396,44.33429],[-113.79396,44.33402],[-113.79433,44.33402],[-113.79433,44.33348],[-113.79584,44.33321],[-113.79584,44.33294],[-113.79622,44.33294],[-113.79622,44.33267],[-113.79697,44.33267],[-113.79697,44.3324],[-113.79773,44.3324],[-113.79773,44.33159],[-113.79735,44.33159],[-113.79735,44.33132],[-113.7966,44.33105],[-113.7966,44.33078],[-113.79584,44.33051],[-113.79584,44.33025],[-113.79547,44.33025],[-113.79547,44.32998],[-113.79509,44.32998],[-113.79509,44.32944],[-113.79471,44.32944],[-113.79471,44.3289],[-113.79433,44.3289],[-113.79433,44.32863],[-113.79471,44.32863],[-113.79471,44.32836],[-113.79433,44.32836],[-113.79433,44.32755],[-113.79471,44.32755],[-113.79471,44.32728],[-113.79509,44.32728],[-113.79509,44.32701],[-113.79697,44.32701],[-113.79697,44.32674],[-113.79735,44.32674],[-113.79735,44.32432],[-113.79773,44.32432],[-113.79773,44.32405],[-113.79735,44.32405],[-113.79735,44.32378],[-113.79773,44.32378],[-113.79773,44.32324],[-113.79848,44.32297],[-113.79848,44.32135],[-113.79923,44.32108],[-113.79923,44.32054],[-113.79999,44.32054],[-113.79999,44.32],[-113.80036,44.32],[-113.80036,44.31947],[-113.80074,44.31947],[-113.80074,44.31893],[-113.80112,44.31893],[-113.80112,44.31839],[-113.80149,44.31839],[-113.80149,44.31785],[-113.80187,44.31785],[-113.80187,44.31731],[-113.80225,44.31731],[-113.80225,44.3165],[-113.803,44.31623],[-113.803,44.31569],[-113.80375,44.31569],[-113.80375,44.31515],[-113.80451,44.31515],[-113.80451,44.31488],[-113.80488,44.31488],[-113.80488,44.31461],[-113.80601,44.31461],[-113.80601,44.31435],[-113.80714,44.31435],[-113.80714,44.31408],[-113.80752,44.31408],[-113.80752,44.31381],[-113.80714,44.31381],[-113.80714,44.31354],[-113.80752,44.31354],[-113.80752,44.313],[-113.8079,44.313],[-113.8079,44.31273],[-113.81242,44.313],[-113.81242,44.31327],[-113.81393,44.31354],[-113.81393,44.31381],[-113.81769,44.31381],[-113.81769,44.31408],[-113.81845,44.31381],[-113.81845,44.31408],[-113.82033,44.31408],[-113.82033,44.31381],[-113.82146,44.31381],[-113.82146,44.31354],[-113.82259,44.31354],[-113.82259,44.31327],[-113.82447,44.31327],[-113.82447,44.313],[-113.82485,44.313],[-113.82485,44.31273],[-113.8241,44.31273],[-113.8241,44.31219],[-113.82372,44.31219],[-113.82372,44.31192],[-113.82447,44.31192],[-113.82447,44.31219],[-113.82523,44.31219],[-113.82523,44.31246],[-113.8256,44.31246],[-113.8256,44.313],[-113.82598,44.313],[-113.82598,44.31354],[-113.82786,44.31354],[-113.82786,44.31381],[-113.82824,44.31381],[-113.82824,44.31408],[-113.82937,44.31408],[-113.82937,44.31381],[-113.8305,44.31381],[-113.8305,44.31354],[-113.83163,44.31354],[-113.83163,44.31327],[-113.83239,44.313],[-113.83239,44.31273],[-113.83615,44.31246],[-113.83615,44.31219],[-113.83728,44.31219],[-113.83728,44.31246],[-113.83804,44.31246],[-113.83804,44.31273],[-113.84444,44.31273],[-113.84444,44.313],[-113.84632,44.313],[-113.84632,44.31273],[-113.85311,44.31273],[-113.85311,44.31246],[-113.85612,44.31246],[-113.85612,44.31219],[-113.85725,44.31219],[-113.85725,44.31192],[-113.858,44.31192],[-113.858,44.31165],[-113.86026,44.31165],[-113.86026,44.31192],[-113.86102,44.31219],[-113.86102,44.31246],[-113.86441,44.31246],[-113.86441,44.31219],[-113.86704,44.31219],[-113.86704,44.31273],[-113.86554,44.31273],[-113.86554,44.313],[-113.86516,44.313],[-113.86516,44.31381],[-113.86478,44.31381],[-113.86478,44.31435],[-113.86403,44.31461],[-113.86403,44.31488],[-113.86328,44.31488],[-113.86328,44.31515],[-113.8629,44.31515],[-113.8629,44.3192],[-113.86215,44.3192],[-113.86215,44.31947],[-113.86177,44.31947],[-113.86177,44.32],[-113.86139,44.32],[-113.86139,44.32054],[-113.86102,44.32054],[-113.86102,44.32108],[-113.86064,44.32108],[-113.86064,44.32162],[-113.86026,44.32162],[-113.86026,44.32189],[-113.85951,44.32216],[-113.85951,44.32243],[-113.85913,44.32243],[-113.85913,44.32297],[-113.85876,44.32297],[-113.85876,44.32324],[-113.85838,44.32324],[-113.85838,44.32351],[-113.85763,44.32351],[-113.85763,44.32378],[-113.85687,44.32378],[-113.85687,44.32405],[-113.85612,44.32405],[-113.85612,44.32486],[-113.85574,44.32486],[-113.85574,44.32566],[-113.85537,44.32566],[-113.85537,44.32701],[-113.85574,44.32701],[-113.85574,44.32728],[-113.85687,44.32728],[-113.85687,44.32755],[-113.85725,44.32755],[-113.85725,44.32863],[-113.85687,44.32863],[-113.85687,44.3289],[-113.85612,44.3289],[-113.85612,44.32917],[-113.85574,44.32917],[-113.85574,44.3289],[-113.85537,44.3289],[-113.85537,44.32863],[-113.85424,44.32863],[-113.85424,44.32917],[-113.85386,44.32917],[-113.85386,44.32971],[-113.85348,44.32971],[-113.85348,44.32998],[-113.85311,44.32998],[-113.85311,44.33025],[-113.85273,44.33025],[-113.85273,44.33051],[-113.85235,44.33051],[-113.85235,44.33078],[-113.8516,44.33078],[-113.8516,44.33105],[-113.85122,44.33105],[-113.85122,44.33132],[-113.84896,44.33105],[-113.84896,44.33186],[-113.84934,44.33186],[-113.84934,44.3324],[-113.84971,44.3324],[-113.84971,44.33294],[-113.85009,44.33294],[-113.85009,44.3351],[-113.84971,44.3351],[-113.84971,44.33537],[-113.84934,44.33537],[-113.84934,44.33564],[-113.84896,44.33564],[-113.84896,44.3359],[-113.84858,44.3359],[-113.84858,44.33671],[-113.84821,44.33671],[-113.84821,44.33833],[-113.84783,44.33833],[-113.84783,44.3386],[-113.84632,44.33833],[-113.84632,44.3386],[-113.84595,44.3386],[-113.84595,44.33914],[-113.84557,44.33914],[-113.84557,44.33887],[-113.84519,44.33887],[-113.84519,44.3386],[-113.84482,44.3386],[-113.84482,44.33833],[-113.84444,44.33833],[-113.84444,44.33806],[-113.84369,44.33806],[-113.84369,44.33833],[-113.84256,44.33833],[-113.84256,44.3386],[-113.84143,44.3386],[-113.84143,44.33887],[-113.83992,44.33914],[-113.83992,44.33941],[-113.83917,44.33941],[-113.83917,44.33968],[-113.8354,44.33968],[-113.8354,44.33995],[-113.83465,44.33995],[-113.83465,44.34022],[-113.83389,44.34049],[-113.83389,44.34129],[-113.83352,44.34129],[-113.83352,44.34156],[-113.83276,44.34156],[-113.83276,44.34183],[-113.83163,44.34183],[-113.83163,44.3421],[-113.82937,44.3421],[-113.82937,44.34183],[-113.82862,44.34183],[-113.82862,44.34156],[-113.82749,44.34156],[-113.82749,44.34183],[-113.82636,44.34183],[-113.82636,44.3421],[-113.82598,44.3421],[-113.82598,44.34237],[-113.8256,44.34237],[-113.8256,44.34264],[-113.82523,44.34264],[-113.82523,44.34237],[-113.82447,44.34237],[-113.82447,44.34183],[-113.82372,44.34183],[-113.82372,44.34129],[-113.82334,44.34129],[-113.82334,44.34156],[-113.82259,44.34129],[-113.82259,44.34156],[-113.82184,44.34156],[-113.82184,44.34183],[-113.82108,44.34183],[-113.82108,44.3421],[-113.82071,44.3421],[-113.82071,44.34237],[-113.82033,44.34237],[-113.82033,44.34264],[-113.82108,44.34264],[-113.82108,44.34372],[-113.82071,44.34372],[-113.82071,44.34399],[-113.82033,44.34399],[-113.82033,44.34426],[-113.82108,44.34426]],[[-113.82598,44.34183],[-113.8256,44.34183],[-113.8256,44.3421],[-113.82598,44.3421],[-113.82598,44.34183]],[[-113.82071,44.34183],[-113.82033,44.34183],[-113.82033,44.3421],[-113.82071,44.3421],[-113.82071,44.34183]],[[-113.82071,44.34345],[-113.82033,44.34345],[-113.82033,44.34372],[-113.82071,44.34372],[-113.82071,44.34345]],[[-113.81694,44.351],[-113.81694,44.35073],[-113.81619,44.35046],[-113.81619,44.351],[-113.81581,44.351],[-113.81581,44.35127],[-113.81619,44.35127],[-113.81619,44.35154],[-113.81694,44.35154],[-113.81694,44.35127],[-113.81732,44.35127],[-113.81732,44.351],[-113.81694,44.351]],[[-113.82071,44.34318],[-113.82071,44.34291],[-113.82033,44.34291],[-113.82033,44.34318],[-113.82071,44.34318]],[[-113.81995,44.34318],[-113.81995,44.34291],[-113.81958,44.34291],[-113.81958,44.34318],[-113.81995,44.34318]],[[-113.81995,44.34264],[-113.81995,44.34237],[-113.81958,44.34237],[-113.81958,44.34264],[-113.81995,44.34264]],[[-113.81732,44.3421],[-113.81732,44.34183],[-113.81769,44.34183],[-113.81769,44.34129],[-113.81807,44.34129],[-113.81807,44.34103],[-113.81845,44.34103],[-113.81845,44.34076],[-113.81958,44.34076],[-113.81958,44.34103],[-113.81995,44.34103],[-113.81995,44.34049],[-113.82071,44.34049],[-113.82071,44.34022],[-113.82146,44.33995],[-113.82146,44.33968],[-113.82221,44.33968],[-113.82221,44.33914],[-113.82297,44.33887],[-113.82297,44.33833],[-113.82372,44.33833],[-113.82372,44.33806],[-113.82485,44.33806],[-113.82485,44.33833],[-113.82523,44.33833],[-113.82523,44.33806],[-113.82598,44.33806],[-113.82598,44.33698],[-113.82636,44.33698],[-113.82636,44.33671],[-113.82786,44.33698],[-113.82786,44.33564],[-113.82711,44.33564],[-113.82711,44.3359],[-113.82334,44.3359],[-113.82334,44.33617],[-113.82297,44.33617],[-113.82297,44.3359],[-113.82259,44.3359],[-113.82259,44.33617],[-113.82184,44.3359],[-113.82184,44.33617],[-113.82146,44.33617],[-113.82146,44.3359],[-113.82033,44.3359],[-113.82033,44.33564],[-113.81995,44.33564],[-113.81995,44.33537],[-113.81882,44.33537],[-113.81882,44.33564],[-113.81732,44.3359],[-113.81732,44.33644],[-113.81656,44.33671],[-113.81656,44.33725],[-113.81619,44.33725],[-113.81619,44.33752],[-113.81543,44.33779],[-113.81543,44.33806],[-113.81468,44.33833],[-113.81468,44.3386],[-113.81355,44.3386],[-113.81355,44.33887],[-113.81279,44.33887],[-113.81279,44.33968],[-113.81355,44.33995],[-113.81355,44.34049],[-113.81393,44.34049],[-113.81393,44.34129],[-113.8143,44.34129],[-113.8143,44.3421],[-113.81468,44.3421],[-113.81468,44.34237],[-113.81506,44.34237],[-113.81506,44.34264],[-113.81656,44.34264],[-113.81656,44.34237],[-113.81732,44.3421]],[[-113.82523,44.3421],[-113.82523,44.34183],[-113.82485,44.34183],[-113.82485,44.3421],[-113.82523,44.3421]],[[-113.82447,44.34156],[-113.82447,44.34129],[-113.8241,44.34129],[-113.8241,44.34156],[-113.82447,44.34156]],[[-113.82071,44.34156],[-113.82071,44.34129],[-113.82033,44.34129],[-113.82033,44.34156],[-113.82071,44.34156]],[[-113.83088,44.33132],[-113.8305,44.33132],[-113.8305,44.33078],[-113.82975,44.33078],[-113.82975,44.33105],[-113.82899,44.33105],[-113.82899,44.33132],[-113.82636,44.33132],[-113.82636,44.33105],[-113.82523,44.33105],[-113.82523,44.33078],[-113.82221,44.33078],[-113.82221,44.33105],[-113.82108,44.33105],[-113.82108,44.33132],[-113.81958,44.33159],[-113.81958,44.33186],[-113.8192,44.33186],[-113.8192,44.33213],[-113.81769,44.33213],[-113.81769,44.33186],[-113.81694,44.33186],[-113.81694,44.33105],[-113.81506,44.33105],[-113.81506,44.33132],[-113.81393,44.33132],[-113.81393,44.33105],[-113.81355,44.33105],[-113.81355,44.33132],[-113.81242,44.33132],[-113.81242,44.33159],[-113.81129,44.33159],[-113.81129,44.33186],[-113.81016,44.33186],[-113.81016,44.33213],[-113.80865,44.33213],[-113.80865,44.33186],[-113.8079,44.33186],[-113.8079,44.33159],[-113.80714,44.33159],[-113.80714,44.33132],[-113.80564,44.33105],[-113.80564,44.33051],[-113.80601,44.33051],[-113.80601,44.32998],[-113.80526,44.32998],[-113.80526,44.33078],[-113.80451,44.33078],[-113.80451,44.33105],[-113.80413,44.33105],[-113.80413,44.3324],[-113.80375,44.3324],[-113.80375,44.33294],[-113.80187,44.33294],[-113.80187,44.33321],[-113.80149,44.33321],[-113.80149,44.33348],[-113.80074,44.33348],[-113.80074,44.33375],[-113.80036,44.33375],[-113.80036,44.33402],[-113.79961,44.33402],[-113.79961,44.33375],[-113.79923,44.33375],[-113.79923,44.33402],[-113.79848,44.33402],[-113.79848,44.33429],[-113.79773,44.33456],[-113.79773,44.33483],[-113.79735,44.33483],[-113.79735,44.33671],[-113.79773,44.33671],[-113.79773,44.33698],[-113.79848,44.33698],[-113.79848,44.33725],[-113.79961,44.33725],[-113.79961,44.33698],[-113.79999,44.33698],[-113.79999,44.33671],[-113.80262,44.33671],[-113.80262,44.33537],[-113.803,44.33537],[-113.803,44.3351],[-113.80375,44.33483],[-113.80375,44.33456],[-113.80451,44.33429],[-113.80451,44.33402],[-113.80601,44.33402],[-113.80601,44.33429],[-113.80677,44.33456],[-113.80677,44.3351],[-113.80714,44.3351],[-113.80714,44.33537],[-113.80677,44.33537],[-113.80677,44.33617],[-113.80639,44.33617],[-113.80639,44.33644],[-113.80564,44.33671],[-113.80564,44.33698],[-113.80526,44.33698],[-113.80526,44.33752],[-113.80488,44.33752],[-113.80488,44.33833],[-113.80526,44.33833],[-113.80526,44.3386],[-113.80601,44.33887],[-113.80601,44.33914],[-113.80677,44.33914],[-113.80677,44.33941],[-113.80865,44.33941],[-113.80865,44.33914],[-113.8094,44.33887],[-113.8094,44.3386],[-113.81016,44.3386],[-113.81016,44.33833],[-113.81053,44.33833],[-113.81053,44.33806],[-113.81091,44.33806],[-113.81091,44.33779],[-113.81129,44.33779],[-113.81129,44.33752],[-113.81204,44.33725],[-113.81204,44.33698],[-113.81242,44.33698],[-113.81242,44.33671],[-113.81317,44.33644],[-113.81317,44.33617],[-113.81393,44.33617],[-113.81393,44.3359],[-113.81468,44.33564],[-113.81468,44.3351],[-113.81506,44.3351],[-113.81506,44.33483],[-113.81656,44.33456],[-113.81656,44.33429],[-113.81732,44.33402],[-113.81732,44.33375],[-113.81769,44.33375],[-113.81769,44.33321],[-113.81807,44.33321],[-113.81807,44.33294],[-113.81882,44.33267],[-113.81882,44.3324],[-113.82146,44.3324],[-113.82146,44.33213],[-113.82221,44.33213],[-113.82221,44.3324],[-113.82297,44.33267],[-113.82297,44.33321],[-113.82334,44.33321],[-113.82334,44.33348],[-113.82372,44.33348],[-113.82372,44.33375],[-113.8241,44.33375],[-113.8241,44.33402],[-113.82447,44.33402],[-113.82447,44.33429],[-113.82485,44.33429],[-113.82485,44.33456],[-113.82598,44.33456],[-113.82598,44.33429],[-113.82786,44.33429],[-113.82786,44.33456],[-113.82862,44.33456],[-113.82862,44.33429],[-113.82899,44.33429],[-113.82899,44.33402],[-113.83125,44.33402],[-113.83125,44.33375],[-113.83163,44.33375],[-113.83163,44.33321],[-113.83125,44.33321],[-113.83125,44.33213],[-113.83088,44.33213],[-113.83088,44.33132]],[[-113.83201,44.33321],[-113.83201,44.33294],[-113.83163,44.33294],[-113.83163,44.33321],[-113.83201,44.33321]],[[-113.82899,44.33833],[-113.82899,44.33806],[-113.82937,44.33806],[-113.82937,44.33779],[-113.83012,44.33779],[-113.83012,44.33752],[-113.82899,44.33752],[-113.82899,44.33725],[-113.82862,44.33725],[-113.82862,44.33752],[-113.82786,44.33752],[-113.82786,44.33779],[-113.82711,44.33806],[-113.82711,44.3386],[-113.82749,44.3386],[-113.82749,44.33887],[-113.82824,44.33887],[-113.82824,44.3386],[-113.82899,44.33833]],[[-113.83201,44.33752],[-113.83201,44.33725],[-113.83163,44.33725],[-113.83163,44.33752],[-113.83201,44.33752]],[[-113.82824,44.3351],[-113.82824,44.33483],[-113.82786,44.33483],[-113.82786,44.3351],[-113.82824,44.3351]],[[-113.83239,44.33429],[-113.83239,44.33402],[-113.83201,44.33402],[-113.83201,44.33429],[-113.83239,44.33429]],[[-113.84708,44.32998],[-113.84708,44.32971],[-113.84632,44.32944],[-113.84632,44.32917],[-113.84557,44.32944],[-113.84557,44.32971],[-113.84632,44.32998],[-113.84632,44.33025],[-113.8467,44.33025],[-113.8467,44.33051],[-113.84708,44.33051],[-113.84708,44.33078],[-113.84783,44.33078],[-113.84783,44.33025],[-113.84708,44.32998]],[[-113.81279,44.32539],[-113.81242,44.32539],[-113.81242,44.32513],[-113.81204,44.32513],[-113.81204,44.32486],[-113.8094,44.32486],[-113.8094,44.32513],[-113.80865,44.32513],[-113.80865,44.32539],[-113.8079,44.32539],[-113.8079,44.32566],[-113.80677,44.32566],[-113.80677,44.32593],[-113.80526,44.32593],[-113.80526,44.3262],[-113.80225,44.32647],[-113.80225,44.32674],[-113.80149,44.32674],[-113.80149,44.32809],[-113.80187,44.32809],[-113.80187,44.32836],[-113.803,44.32836],[-113.803,44.32863],[-113.80338,44.32863],[-113.80338,44.3289],[-113.80526,44.3289],[-113.80526,44.32917],[-113.80714,44.32917],[-113.80714,44.3289],[-113.8079,44.3289],[-113.8079,44.32863],[-113.8094,44.32863],[-113.8094,44.32944],[-113.80903,44.32944],[-113.80903,44.33025],[-113.81053,44.33025],[-113.81053,44.32998],[-113.81091,44.32998],[-113.81091,44.32971],[-113.81166,44.32971],[-113.81166,44.32944],[-113.81204,44.32944],[-113.81204,44.32917],[-113.81317,44.32917],[-113.81317,44.3289],[-113.81355,44.3289],[-113.81355,44.32863],[-113.81393,44.32863],[-113.81393,44.32836],[-113.81468,44.32809],[-113.81468,44.32782],[-113.81543,44.32755],[-113.81543,44.32701],[-113.81619,44.32701],[-113.81619,44.32674],[-113.81543,44.32647],[-113.81543,44.32566],[-113.81279,44.32566],[-113.81279,44.32539]],[[-113.81619,44.32647],[-113.81619,44.3262],[-113.81581,44.3262],[-113.81581,44.32647],[-113.81619,44.32647]],[[-113.82297,44.32917],[-113.82297,44.32863],[-113.82259,44.32863],[-113.82259,44.32836],[-113.82184,44.32836],[-113.82184,44.32863],[-113.82108,44.3289],[-113.82108,44.32944],[-113.82184,44.32944],[-113.82184,44.32971],[-113.82297,44.32971],[-113.82297,44.32944],[-113.82334,44.32944],[-113.82334,44.32917],[-113.82297,44.32917]],[[-113.82334,44.32674],[-113.82334,44.32647],[-113.82297,44.32647],[-113.82297,44.32674],[-113.82334,44.32674]],[[-113.81882,44.32566],[-113.81882,44.32539],[-113.81845,44.32539],[-113.81845,44.32513],[-113.81807,44.32513],[-113.81807,44.32486],[-113.81769,44.32486],[-113.81769,44.32459],[-113.81581,44.32459],[-113.81581,44.32593],[-113.81656,44.32593],[-113.81656,44.32647],[-113.81807,44.32647],[-113.81807,44.32674],[-113.81882,44.32674],[-113.81882,44.32647],[-113.8192,44.32647],[-113.8192,44.32566],[-113.81882,44.32566]],[[-113.82108,44.32432],[-113.82108,44.32459],[-113.82146,44.32459],[-113.82146,44.32566],[-113.82184,44.32566],[-113.82184,44.32593],[-113.82259,44.32593],[-113.82259,44.32566],[-113.82297,44.32566],[-113.82297,44.32432],[-113.82108,44.32432]],[[-113.81882,44.32216],[-113.81882,44.32189],[-113.81845,44.32189],[-113.81845,44.32162],[-113.81769,44.32162],[-113.81769,44.32135],[-113.81619,44.32135],[-113.81619,44.32243],[-113.81694,44.3227],[-113.81694,44.32351],[-113.81732,44.32351],[-113.81732,44.32378],[-113.81882,44.32378],[-113.81882,44.32351],[-113.8192,44.32351],[-113.8192,44.32216],[-113.81882,44.32216]],[[-113.81882,44.31893],[-113.81882,44.3192],[-113.81845,44.3192],[-113.81845,44.31974],[-113.82033,44.31974],[-113.82033,44.3192],[-113.81995,44.3192],[-113.81995,44.31893],[-113.81882,44.31893]],[[-113.8094,44.31839],[-113.8094,44.31866],[-113.80903,44.31866],[-113.80903,44.31974],[-113.81091,44.31974],[-113.81091,44.31947],[-113.81129,44.31947],[-113.81129,44.31839],[-113.8094,44.31839]],[[-113.81581,44.31839],[-113.81581,44.31893],[-113.81656,44.31893],[-113.81656,44.31866],[-113.81581,44.31839]]],[[[-113.85499,44.33833],[-113.85461,44.33833],[-113.85461,44.33806],[-113.85499,44.33806],[-113.85499,44.33833]]],[[[-113.85311,44.33914],[-113.85386,44.33887],[-113.85386,44.33833],[-113.85461,44.33833],[-113.85461,44.33887],[-113.85386,44.33914],[-113.85386,44.34022],[-113.85348,44.34022],[-113.85348,44.34049],[-113.85273,44.34049],[-113.85273,44.33941],[-113.85311,44.33941],[-113.85311,44.33914]]],[[[-113.84369,44.34049],[-113.84406,44.34049],[-113.84406,44.34022],[-113.84557,44.34022],[-113.84557,44.33941],[-113.8467,44.33941],[-113.8467,44.34049],[-113.84632,44.34049],[-113.84632,44.34076],[-113.84557,44.34076],[-113.84557,44.34103],[-113.84406,44.34103],[-113.84406,44.34076],[-113.84369,44.34076],[-113.84369,44.34049]]],[[[-113.85499,44.34345],[-113.85499,44.34318],[-113.85612,44.34318],[-113.85612,44.34372],[-113.85574,44.34372],[-113.85574,44.34399],[-113.85499,44.34399],[-113.85499,44.34372],[-113.85537,44.34372],[-113.85537,44.34345],[-113.85499,44.34345]]],[[[-113.85311,44.3448],[-113.85311,44.34507],[-113.85273,44.34507],[-113.85273,44.34588],[-113.85386,44.34588],[-113.85386,44.34615],[-113.85424,44.34615],[-113.85424,44.34642],[-113.85386,44.34642],[-113.85386,44.34668],[-113.8516,44.34668],[-113.8516,44.34722],[-113.85122,44.34722],[-113.85122,44.34749],[-113.8516,44.34749],[-113.8516,44.34884],[-113.85047,44.34884],[-113.85047,44.3483],[-113.84971,44.3483],[-113.84971,44.34749],[-113.84896,44.34749],[-113.84896,44.34722],[-113.84745,44.34722],[-113.84745,44.34776],[-113.84708,44.34776],[-113.84708,44.34803],[-113.84745,44.34803],[-113.84745,44.3483],[-113.84783,44.3483],[-113.84783,44.34857],[-113.84858,44.34857],[-113.84858,44.34965],[-113.84821,44.34965],[-113.84821,44.34992],[-113.84745,44.35019],[-113.84745,44.35046],[-113.8467,44.35073],[-113.8467,44.351],[-113.84632,44.351],[-113.84632,44.35315],[-113.84595,44.35315],[-113.84595,44.35369],[-113.84557,44.35369],[-113.84557,44.35423],[-113.84519,44.35423],[-113.84519,44.3545],[-113.84557,44.3545],[-113.84557,44.35477],[-113.84519,44.35477],[-113.84519,44.35531],[-113.84482,44.35531],[-113.84482,44.35477],[-113.84444,44.35477],[-113.84444,44.35423],[-113.84406,44.35423],[-113.84406,44.35369],[-113.84369,44.35369],[-113.84369,44.35342],[-113.84293,44.35342],[-113.84293,44.35315],[-113.84105,44.35315],[-113.84105,44.35288],[-113.84067,44.35288],[-113.84067,44.35261],[-113.83992,44.35261],[-113.83992,44.35234],[-113.83954,44.35234],[-113.83954,44.35207],[-113.83804,44.35207],[-113.83804,44.35261],[-113.83766,44.35261],[-113.83766,44.35315],[-113.83804,44.35315],[-113.83804,44.35396],[-113.83841,44.35396],[-113.83841,44.3545],[-113.83917,44.35477],[-113.83917,44.35693],[-113.83954,44.35693],[-113.83954,44.35773],[-113.83992,44.35773],[-113.83992,44.358],[-113.83879,44.358],[-113.83879,44.35773],[-113.83841,44.35773],[-113.83841,44.35746],[-113.83766,44.35746],[-113.83766,44.35719],[-113.83728,44.35719],[-113.83728,44.35693],[-113.83653,44.35693],[-113.83653,44.35666],[-113.83502,44.35666],[-113.83502,44.35746],[-113.8354,44.35746],[-113.8354,44.35773],[-113.83578,44.35773],[-113.83578,44.358],[-113.83653,44.358],[-113.83653,44.35827],[-113.83691,44.35827],[-113.83691,44.35881],[-113.83728,44.35881],[-113.83728,44.35908],[-113.83804,44.35935],[-113.83804,44.35962],[-113.83766,44.35962],[-113.83766,44.36016],[-113.83728,44.36016],[-113.83728,44.36043],[-113.83766,44.36043],[-113.83766,44.3607],[-113.83728,44.3607],[-113.83728,44.36097],[-113.83691,44.36097],[-113.83691,44.3607],[-113.83615,44.3607],[-113.83615,44.36016],[-113.83578,44.36016],[-113.83578,44.35962],[-113.8354,44.35962],[-113.8354,44.35908],[-113.83502,44.35908],[-113.83502,44.35854],[-113.83427,44.35854],[-113.83427,44.35827],[-113.83389,44.35827],[-113.83389,44.358],[-113.83314,44.358],[-113.83314,44.35746],[-113.83239,44.35746],[-113.83239,44.35719],[-113.83201,44.35719],[-113.83201,44.35666],[-113.83163,44.35666],[-113.83163,44.35585],[-113.83125,44.35585],[-113.83125,44.35558],[-113.83163,44.35558],[-113.83163,44.35504],[-113.83201,44.35504],[-113.83201,44.3545],[-113.83239,44.3545],[-113.83239,44.35369],[-113.83314,44.35369],[-113.83314,44.35342],[-113.83427,44.35342],[-113.83427,44.35315],[-113.83653,44.35315],[-113.83653,44.35288],[-113.83691,44.35288],[-113.83691,44.35154],[-113.83728,44.35154],[-113.83728,44.351],[-113.83766,44.351],[-113.83766,44.35073],[-113.83841,44.35073],[-113.83841,44.35046],[-113.83917,44.35019],[-113.83917,44.34938],[-113.83954,44.34938],[-113.83954,44.34884],[-113.83992,44.34884],[-113.83992,44.34857],[-113.84067,44.34857],[-113.84067,44.34938],[-113.84218,44.34938],[-113.84218,44.34911],[-113.84293,44.34884],[-113.84293,44.34722],[-113.84256,44.34722],[-113.84256,44.34642],[-113.84293,44.34642],[-113.84293,44.34561],[-113.84331,44.34561],[-113.84331,44.34534],[-113.84369,44.34534],[-113.84369,44.3448],[-113.84406,44.3448],[-113.84406,44.34453],[-113.84369,44.34453],[-113.84369,44.34426],[-113.84406,44.34426],[-113.84406,44.34399],[-113.84482,44.34399],[-113.84482,44.34426],[-113.84519,44.34426],[-113.84519,44.34453],[-113.84595,44.34453],[-113.84595,44.3448],[-113.84783,44.3448],[-113.84783,44.34507],[-113.84858,44.34507],[-113.84858,44.3448],[-113.84934,44.3448],[-113.84934,44.34426],[-113.84971,44.34426],[-113.84971,44.34372],[-113.84896,44.34345],[-113.84896,44.34291],[-113.84934,44.34291],[-113.84934,44.34264],[-113.85009,44.34237],[-113.85009,44.3421],[-113.85047,44.3421],[-113.85047,44.34183],[-113.85085,44.34183],[-113.85085,44.34156],[-113.85122,44.34156],[-113.85122,44.34129],[-113.8516,44.34129],[-113.8516,44.34103],[-113.85273,44.34103],[-113.85273,44.3421],[-113.85311,44.3421],[-113.85311,44.34264],[-113.85348,44.34264],[-113.85348,44.34291],[-113.85311,44.34291],[-113.85311,44.34372],[-113.85348,44.34372],[-113.85348,44.34399],[-113.85386,44.34399],[-113.85386,44.34426],[-113.85424,44.34426],[-113.85424,44.34399],[-113.85499,44.34399],[-113.85499,44.34453],[-113.85386,44.34453],[-113.85386,44.3448],[-113.85311,44.3448]],[[-113.8467,44.34642],[-113.8467,44.34695],[-113.84745,44.34695],[-113.84745,44.34615],[-113.8467,44.34642]]],[[[-113.83766,44.36124],[-113.83728,44.36124],[-113.83728,44.36097],[-113.83766,44.36097],[-113.83766,44.36124]]],[[[-113.82146,44.31057],[-113.82108,44.31057],[-113.82108,44.3103],[-113.82146,44.3103],[-113.82146,44.31057]]],[[[-113.82184,44.31084],[-113.82146,44.31084],[-113.82146,44.31057],[-113.82184,44.31057],[-113.82184,44.31084]]],[[[-113.82297,44.31138],[-113.82334,44.31138],[-113.82334,44.31165],[-113.82184,44.31138],[-113.82184,44.31084],[-113.82259,44.31084],[-113.82259,44.31111],[-113.82297,44.31111],[-113.82297,44.31138]]],[[[-113.82485,44.34372],[-113.82447,44.34372],[-113.82447,44.34318],[-113.82485,44.34318],[-113.82485,44.34372]]],[[[-113.80225,44.34615],[-113.80187,44.34615],[-113.80187,44.34588],[-113.80225,44.34588],[-113.80225,44.34561],[-113.80187,44.34561],[-113.80187,44.34534],[-113.80225,44.34534],[-113.80225,44.34507],[-113.80187,44.34507],[-113.80187,44.3448],[-113.80225,44.3448],[-113.80225,44.34426],[-113.803,44.34426],[-113.803,44.3448],[-113.80338,44.3448],[-113.80338,44.34534],[-113.80375,44.34534],[-113.80375,44.34561],[-113.80338,44.34561],[-113.80338,44.34588],[-113.80375,44.34588],[-113.80375,44.34615],[-113.80338,44.34615],[-113.80338,44.34642],[-113.80375,44.34642],[-113.80375,44.34668],[-113.80338,44.34668],[-113.80338,44.34695],[-113.80375,44.34695],[-113.80375,44.34722],[-113.80262,44.34722],[-113.80262,44.34668],[-113.80225,44.34668],[-113.80225,44.34615]]],[[[-113.80375,44.34776],[-113.80338,44.34776],[-113.80338,44.34749],[-113.80375,44.34749],[-113.80375,44.34776]]],[[[-113.80752,44.34857],[-113.80752,44.34884],[-113.80714,44.34884],[-113.80714,44.34911],[-113.80752,44.34911],[-113.80752,44.34938],[-113.80677,44.34938],[-113.80677,44.34884],[-113.80639,44.34884],[-113.80639,44.34857],[-113.80752,44.34857]]],[[[-113.82899,44.35315],[-113.82899,44.35288],[-113.82975,44.35288],[-113.82975,44.35315],[-113.82899,44.35315]]]]},"properties":{"layer":"predicted_reach_h06","fire_name":"Doublesprings","irwin_id":"{960C064B-1764-4834-BD28-90FB69A4AB4A}","model":"arrival_run","checkpoint_epoch":216,"decode":"connected_causal","operating_point":{"floor":0.0,"mult":0.9},"val_precision":null,"val_recall":null,"model_caveat":"arrival_run chosen for best RECALL among the six FlameFlux v3 candidates on the production-valid t0-window corpus (R=0.624 on the fc2 held-out fires, R=0.432 on Dillon -- see candidate_comparison.md from the 2026-07-24 comparison). It does NOT meet the project's P>=0.50/R>=0.80 target: precision is the WORST of the six (P=0.120 on fc2 -- most flagged growth is wrong), and wind_run actually edges it on F1. IMPORTANT CAVEAT: arrival_run trained on the leaky 'observed' corpus (crop centered/sized on t0|t1, i.e. it saw the future perimeter's geometry during training) and has NEVER seen a t0-window crop -- the ONLY geometry this live pipeline can ever produce at forecast time (the future perimeter is, by definition, unknown). So every live prediction from this model is out-of-distribution relative to its own training. The measured t0-window numbers above already reflect that (they are not a surprise), but this is 'best available', not 'production-ready' -- represent it that way. The operating_point (floor=0.0, mult=0.9) is the VAL-selected connected-causal decode point; it did NOT clear the 0.50 precision floor during selection (feasible=False, val P=0.270/R=0.259) -- it's the best-F1 fallback point, not a precision-guaranteed one.","issued_at_utc":"2026-08-05 02:36:31.645281+00:00","valid_from_utc":"2026-08-05 00:00:00","valid_to_utc":"2026-08-06 00:00:00","wfigs_date_current_utc":"2026-08-05 02:05:06+00:00","pixel_size_m":30,"veg_source":"refreshed_d4","physics_source":"eikonal_fbfm40","history_n_dates":1,"degraded_history":true,"containment_pct":0.0,"acres_wfigs":1021.012899130312,"hour":6,"valid_at_utc":"2026-08-05 06:00:00"}},{"type":"Feature","geometry":{"type":"MultiPolygon","coordinates":[[[[-113.84595,44.30922],[-113.84595,44.30896],[-113.8467,44.30896],[-113.8467,44.30869],[-113.84708,44.30869],[-113.84708,44.30842],[-113.84783,44.30842],[-113.84783,44.30815],[-113.85047,44.30815],[-113.85047,44.30788],[-113.85122,44.30761],[-113.85122,44.30734],[-113.85198,44.30734],[-113.85198,44.30761],[-113.85311,44.30761],[-113.85311,44.30788],[-113.85273,44.30788],[-113.85273,44.30815],[-113.85311,44.30815],[-113.85311,44.30842],[-113.85085,44.30842],[-113.85085,44.30869],[-113.85009,44.30869],[-113.85009,44.30896],[-113.84896,44.30896],[-113.84896,44.30922],[-113.84821,44.30922],[-113.84821,44.30949],[-113.84708,44.30949],[-113.84708,44.30976],[-113.84632,44.30976],[-113.84632,44.31003],[-113.84519,44.31003],[-113.84519,44.30922],[-113.84595,44.30922]]],[[[-113.84406,44.31003],[-113.84406,44.31057],[-113.84331,44.31057],[-113.84331,44.31003],[-113.84406,44.31003]]],[[[-113.8418,44.31084],[-113.8418,44.31111],[-113.84105,44.31111],[-113.84105,44.31084],[-113.8418,44.31084]]],[[[-113.79471,44.32593],[-113.79471,44.32566],[-113.79509,44.32566],[-113.79509,44.3262],[-113.79396,44.3262],[-113.79396,44.32593],[-113.79471,44.32593]]],[[[-113.79207,44.32917],[-113.79207,44.33025],[-113.7917,44.33025],[-113.7917,44.33051],[-113.79094,44.33051],[-113.79094,44.32917],[-113.79207,44.32917]]],[[[-113.82297,44.34534],[-113.82297,44.34507],[-113.82334,44.34507],[-113.82334,44.34588],[-113.82372,44.34588],[-113.82372,44.34615],[-113.8241,44.34615],[-113.8241,44.34642],[-113.8256,44.34642],[-113.8256,44.34668],[-113.82485,44.34668],[-113.82485,44.34695],[-113.82334,44.34722],[-113.82334,44.34803],[-113.82372,44.34803],[-113.82372,44.3483],[-113.8241,44.3483],[-113.8241,44.34857],[-113.82447,44.34857],[-113.82447,44.34911],[-113.82485,44.34911],[-113.82485,44.34938],[-113.8256,44.34965],[-113.8256,44.35019],[-113.82598,44.35019],[-113.82598,44.35046],[-113.82636,44.35046],[-113.82636,44.35073],[-113.82673,44.35073],[-113.82673,44.351],[-113.82711,44.351],[-113.82711,44.35127],[-113.82786,44.35127],[-113.82786,44.3518],[-113.82824,44.3518],[-113.82824,44.35234],[-113.82862,44.35234],[-113.82862,44.35261],[-113.83012,44.35288],[-113.83012,44.35315],[-113.8305,44.35315],[-113.8305,44.35342],[-113.83163,44.35342],[-113.83163,44.35369],[-113.83239,44.35369],[-113.83239,44.35342],[-113.83389,44.35342],[-113.83389,44.35315],[-113.83578,44.35315],[-113.83578,44.35288],[-113.83653,44.35288],[-113.83653,44.35234],[-113.83691,44.35234],[-113.83691,44.35207],[-113.83653,44.35207],[-113.83653,44.35154],[-113.83691,44.35154],[-113.83691,44.35127],[-113.83728,44.35127],[-113.83728,44.351],[-113.83766,44.351],[-113.83766,44.35073],[-113.83804,44.35073],[-113.83804,44.35046],[-113.83841,44.35046],[-113.83841,44.35019],[-113.83879,44.35019],[-113.83879,44.34965],[-113.83917,44.34965],[-113.83917,44.34911],[-113.83954,44.34911],[-113.83954,44.34857],[-113.84105,44.34857],[-113.84105,44.34911],[-113.84218,44.34911],[-113.84218,44.34884],[-113.84256,44.34884],[-113.84256,44.34803],[-113.84293,44.34803],[-113.84293,44.34776],[-113.84256,44.34776],[-113.84256,44.34615],[-113.84293,44.34615],[-113.84293,44.34534],[-113.84369,44.34507],[-113.84369,44.34399],[-113.84519,44.34399],[-113.84519,44.34426],[-113.84595,44.34426],[-113.84595,44.34453],[-113.84896,44.3448],[-113.84896,44.34426],[-113.84934,44.34426],[-113.84934,44.34399],[-113.84896,44.34399],[-113.84896,44.34264],[-113.84934,44.34264],[-113.84934,44.34237],[-113.84971,44.34237],[-113.84971,44.3421],[-113.85009,44.3421],[-113.85009,44.34183],[-113.85047,44.34183],[-113.85047,44.34156],[-113.85085,44.34156],[-113.85085,44.34129],[-113.85122,44.34129],[-113.85122,44.34103],[-113.85198,44.34103],[-113.85198,44.34076],[-113.85235,44.34076],[-113.85235,44.33995],[-113.85273,44.33995],[-113.85273,44.33914],[-113.85348,44.33887],[-113.85348,44.33833],[-113.85424,44.33806],[-113.85424,44.33779],[-113.85574,44.33752],[-113.85574,44.33806],[-113.85537,44.33806],[-113.85537,44.3386],[-113.85499,44.3386],[-113.85499,44.33887],[-113.85424,44.33914],[-113.85424,44.34022],[-113.85386,44.34022],[-113.85386,44.34103],[-113.85311,44.34129],[-113.85311,44.34156],[-113.85348,44.34156],[-113.85348,44.3421],[-113.85461,44.3421],[-113.85461,44.34237],[-113.85424,44.34237],[-113.85424,44.34264],[-113.85386,44.34264],[-113.85386,44.34291],[-113.85348,44.34291],[-113.85348,44.34372],[-113.85386,44.34372],[-113.85386,44.34399],[-113.85461,44.34372],[-113.85461,44.34318],[-113.85499,44.34318],[-113.85499,44.34264],[-113.85537,44.34264],[-113.85537,44.34291],[-113.8565,44.34291],[-113.8565,44.34318],[-113.85687,44.34318],[-113.85687,44.34372],[-113.8565,44.34372],[-113.8565,44.34399],[-113.85574,44.34426],[-113.85574,44.34453],[-113.85499,44.34453],[-113.85499,44.3448],[-113.85348,44.3448],[-113.85348,44.34507],[-113.85311,44.34507],[-113.85311,44.34561],[-113.85348,44.34561],[-113.85348,44.34588],[-113.85461,44.34588],[-113.85461,44.34615],[-113.85537,44.34615],[-113.85537,44.34642],[-113.85499,44.34642],[-113.85499,44.34668],[-113.85348,44.34668],[-113.85348,44.34695],[-113.85273,44.34695],[-113.85273,44.34722],[-113.85235,44.34722],[-113.85235,44.34938],[-113.85198,44.34938],[-113.85198,44.34965],[-113.85085,44.34965],[-113.85085,44.34992],[-113.85047,44.34992],[-113.85047,44.35046],[-113.85009,44.35046],[-113.85009,44.35073],[-113.84971,44.35073],[-113.84971,44.35046],[-113.84821,44.35046],[-113.84821,44.35073],[-113.84745,44.351],[-113.84745,44.35154],[-113.84708,44.35154],[-113.84708,44.3518],[-113.84783,44.3518],[-113.84783,44.35261],[-113.84745,44.35261],[-113.84745,44.35288],[-113.84708,44.35288],[-113.84708,44.35315],[-113.8467,44.35315],[-113.8467,44.35396],[-113.84632,44.35396],[-113.84632,44.35477],[-113.84595,44.35477],[-113.84595,44.35531],[-113.84557,44.35531],[-113.84557,44.35585],[-113.84519,44.35585],[-113.84519,44.35666],[-113.84406,44.35666],[-113.84406,44.35639],[-113.84218,44.35639],[-113.84218,44.35558],[-113.84256,44.35558],[-113.84256,44.35531],[-113.84218,44.35531],[-113.84218,44.3545],[-113.84256,44.3545],[-113.84256,44.35342],[-113.84067,44.35342],[-113.84067,44.35315],[-113.8403,44.35315],[-113.8403,44.35288],[-113.83992,44.35288],[-113.83992,44.35261],[-113.83879,44.35261],[-113.83879,44.35342],[-113.83917,44.35342],[-113.83917,44.35369],[-113.83992,44.35396],[-113.83992,44.35423],[-113.8403,44.35423],[-113.8403,44.35477],[-113.84105,44.35504],[-113.84105,44.35585],[-113.84067,44.35585],[-113.84067,44.35639],[-113.8403,44.35639],[-113.8403,44.35773],[-113.84067,44.35773],[-113.84067,44.35881],[-113.84105,44.35881],[-113.84105,44.35935],[-113.84143,44.35935],[-113.84143,44.35962],[-113.8403,44.35962],[-113.8403,44.35935],[-113.83992,44.35935],[-113.83992,44.35908],[-113.83917,44.35908],[-113.83917,44.35854],[-113.83841,44.35854],[-113.83841,44.358],[-113.83766,44.358],[-113.83766,44.35773],[-113.83728,44.35773],[-113.83728,44.35746],[-113.83653,44.35719],[-113.83653,44.35693],[-113.83578,44.35693],[-113.83578,44.35719],[-113.83615,44.35719],[-113.83615,44.35773],[-113.83691,44.35773],[-113.83691,44.35827],[-113.83766,44.35854],[-113.83766,44.35881],[-113.83879,44.35881],[-113.83879,44.35908],[-113.83841,44.35908],[-113.83841,44.35935],[-113.83879,44.35935],[-113.83879,44.35962],[-113.83841,44.35962],[-113.83841,44.36016],[-113.83804,44.36016],[-113.83804,44.36097],[-113.83841,44.36097],[-113.83841,44.36151],[-113.83879,44.36151],[-113.83879,44.36232],[-113.83804,44.36232],[-113.83804,44.36205],[-113.83766,44.36205],[-113.83766,44.36178],[-113.83728,44.36178],[-113.83728,44.36124],[-113.83691,44.36124],[-113.83691,44.36097],[-113.83653,44.36097],[-113.83653,44.3607],[-113.83578,44.3607],[-113.83578,44.36016],[-113.8354,44.36016],[-113.8354,44.35935],[-113.83502,44.35935],[-113.83502,44.35881],[-113.83465,44.35881],[-113.83465,44.35854],[-113.83352,44.35854],[-113.83352,44.35827],[-113.83314,44.35827],[-113.83314,44.358],[-113.83239,44.358],[-113.83239,44.35746],[-113.83163,44.35719],[-113.83163,44.35639],[-113.83125,44.35639],[-113.83125,44.35504],[-113.83163,44.35504],[-113.83163,44.35423],[-113.83125,44.35423],[-113.83125,44.35396],[-113.8305,44.35423],[-113.8305,44.35396],[-113.83012,44.35396],[-113.83012,44.35369],[-113.82937,44.35369],[-113.82937,44.35342],[-113.82899,44.35342],[-113.82899,44.35315],[-113.82108,44.35315],[-113.82108,44.35342],[-113.81995,44.35342],[-113.81995,44.35369],[-113.81882,44.35369],[-113.81882,44.35396],[-113.81807,44.35396],[-113.81807,44.35423],[-113.81543,44.35423],[-113.81543,44.35396],[-113.81506,44.35396],[-113.81506,44.35369],[-113.81468,44.35369],[-113.81468,44.35342],[-113.8143,44.35342],[-113.8143,44.35315],[-113.81393,44.35315],[-113.81393,44.35288],[-113.81355,44.35288],[-113.81355,44.35261],[-113.81317,44.35261],[-113.81317,44.35288],[-113.81166,44.35261],[-113.81166,44.35207],[-113.81129,44.35207],[-113.81129,44.35154],[-113.81166,44.35154],[-113.81166,44.35127],[-113.81204,44.35127],[-113.81204,44.351],[-113.81166,44.351],[-113.81166,44.35046],[-113.81129,44.35046],[-113.81129,44.34992],[-113.81091,44.34992],[-113.81091,44.34938],[-113.81053,44.34938],[-113.81053,44.34884],[-113.80978,44.34884],[-113.80978,44.34857],[-113.80903,44.34857],[-113.80903,44.3483],[-113.8079,44.3483],[-113.8079,44.34857],[-113.80827,44.34857],[-113.80827,44.34884],[-113.8079,44.34884],[-113.8079,44.34911],[-113.80827,44.34911],[-113.80827,44.34938],[-113.8079,44.34938],[-113.8079,44.34992],[-113.80714,44.34992],[-113.80714,44.34965],[-113.80639,44.34938],[-113.80639,44.34911],[-113.80601,44.34911],[-113.80601,44.3483],[-113.80677,44.34803],[-113.80677,44.34722],[-113.80601,44.34722],[-113.80601,44.34668],[-113.80526,44.34642],[-113.80526,44.34507],[-113.80488,44.34507],[-113.80488,44.3448],[-113.80526,44.3448],[-113.80526,44.34453],[-113.80451,44.34426],[-113.80451,44.34399],[-113.80413,44.34399],[-113.80413,44.3448],[-113.80451,44.3448],[-113.80451,44.34507],[-113.80413,44.34507],[-113.80413,44.34534],[-113.80451,44.34534],[-113.80451,44.34561],[-113.80413,44.34561],[-113.80413,44.34642],[-113.80451,44.34642],[-113.80451,44.34668],[-113.80413,44.34668],[-113.80413,44.34695],[-113.80451,44.34695],[-113.80451,44.34722],[-113.80413,44.34722],[-113.80413,44.34749],[-113.80451,44.34749],[-113.80451,44.34776],[-113.80413,44.34776],[-113.80413,44.34803],[-113.80338,44.34803],[-113.80338,44.34776],[-113.803,44.34776],[-113.803,44.34749],[-113.80262,44.34749],[-113.80262,44.34722],[-113.80225,44.34722],[-113.80225,44.34668],[-113.80187,44.34668],[-113.80187,44.34615],[-113.80149,44.34615],[-113.80149,44.34588],[-113.80187,44.34588],[-113.80187,44.34561],[-113.80149,44.34561],[-113.80149,44.34534],[-113.80187,44.34534],[-113.80187,44.34372],[-113.80149,44.34372],[-113.80149,44.34345],[-113.80074,44.34318],[-113.80074,44.34291],[-113.79961,44.34291],[-113.79961,44.34264],[-113.79923,44.34264],[-113.79923,44.34237],[-113.79848,44.34237],[-113.79848,44.34183],[-113.79773,44.34183],[-113.79773,44.34049],[-113.7981,44.34049],[-113.7981,44.34022],[-113.79773,44.34022],[-113.79773,44.33968],[-113.79697,44.33968],[-113.79697,44.33941],[-113.79584,44.33941],[-113.79584,44.33914],[-113.79547,44.33914],[-113.79547,44.3386],[-113.79509,44.3386],[-113.79509,44.33833],[-113.79471,44.33833],[-113.79471,44.33806],[-113.79433,44.33806],[-113.79433,44.33752],[-113.79358,44.33725],[-113.79358,44.33617],[-113.79433,44.33617],[-113.79433,44.33564],[-113.79471,44.33564],[-113.79471,44.33537],[-113.79433,44.33537],[-113.79433,44.33483],[-113.79358,44.33483],[-113.79358,44.33456],[-113.79283,44.33429],[-113.79283,44.33402],[-113.7932,44.33402],[-113.7932,44.33348],[-113.79547,44.33321],[-113.79547,44.33294],[-113.79584,44.33294],[-113.79584,44.33267],[-113.79735,44.3324],[-113.79735,44.33132],[-113.79697,44.33132],[-113.79697,44.33105],[-113.79622,44.33105],[-113.79622,44.33051],[-113.79547,44.33025],[-113.79547,44.32998],[-113.79471,44.32971],[-113.79471,44.32944],[-113.79433,44.32944],[-113.79433,44.3289],[-113.79396,44.3289],[-113.79396,44.32836],[-113.79207,44.32836],[-113.79207,44.32809],[-113.79245,44.32809],[-113.79245,44.32755],[-113.7932,44.32755],[-113.7932,44.32728],[-113.79358,44.32728],[-113.79358,44.32701],[-113.79433,44.32701],[-113.79433,44.32647],[-113.79697,44.32647],[-113.79697,44.32539],[-113.79735,44.32539],[-113.79735,44.32297],[-113.79773,44.32297],[-113.79773,44.3227],[-113.7981,44.3227],[-113.7981,44.32216],[-113.79848,44.32216],[-113.79848,44.32189],[-113.7981,44.32189],[-113.7981,44.32108],[-113.79886,44.32081],[-113.79886,44.32054],[-113.79961,44.32027],[-113.79961,44.32],[-113.79999,44.32],[-113.79999,44.3192],[-113.80074,44.31893],[-113.80074,44.31866],[-113.80036,44.31866],[-113.80036,44.31839],[-113.80074,44.31839],[-113.80074,44.31812],[-113.80112,44.31812],[-113.80112,44.31785],[-113.80149,44.31785],[-113.80149,44.31677],[-113.80187,44.31677],[-113.80187,44.31623],[-113.80225,44.31623],[-113.80225,44.31569],[-113.803,44.31569],[-113.803,44.31515],[-113.80375,44.31515],[-113.80375,44.31488],[-113.80413,44.31488],[-113.80413,44.31461],[-113.80488,44.31461],[-113.80488,44.31435],[-113.80526,44.31435],[-113.80526,44.31408],[-113.80677,44.31408],[-113.80677,44.31354],[-113.80714,44.31354],[-113.80714,44.313],[-113.80752,44.313],[-113.80752,44.31273],[-113.80827,44.31273],[-113.80827,44.31246],[-113.80865,44.31246],[-113.80865,44.31273],[-113.81166,44.31273],[-113.81166,44.313],[-113.81279,44.313],[-113.81279,44.31327],[-113.81355,44.31327],[-113.81355,44.31354],[-113.81845,44.31354],[-113.81845,44.31381],[-113.82033,44.31381],[-113.82033,44.31354],[-113.82108,44.31354],[-113.82108,44.31327],[-113.82146,44.31327],[-113.82146,44.313],[-113.82259,44.313],[-113.82259,44.31273],[-113.82334,44.31246],[-113.82334,44.31219],[-113.82259,44.31192],[-113.82259,44.31165],[-113.82184,44.31165],[-113.82184,44.31111],[-113.82146,44.31111],[-113.82146,44.31084],[-113.82108,44.31084],[-113.82108,44.31057],[-113.82033,44.31057],[-113.82033,44.3103],[-113.81995,44.3103],[-113.81995,44.31003],[-113.8192,44.31003],[-113.8192,44.30976],[-113.82108,44.30976],[-113.82108,44.31003],[-113.82146,44.31003],[-113.82146,44.3103],[-113.82221,44.3103],[-113.82221,44.31057],[-113.82259,44.31057],[-113.82259,44.31084],[-113.82297,44.31084],[-113.82297,44.31111],[-113.82334,44.31111],[-113.82334,44.31138],[-113.82372,44.31138],[-113.82372,44.31165],[-113.82447,44.31165],[-113.82447,44.31192],[-113.82523,44.31192],[-113.82523,44.31165],[-113.82636,44.31165],[-113.82636,44.31219],[-113.82598,44.31219],[-113.82598,44.313],[-113.82636,44.313],[-113.82636,44.31327],[-113.82711,44.31327],[-113.82711,44.31354],[-113.82862,44.31354],[-113.82862,44.31381],[-113.83088,44.31354],[-113.83088,44.31327],[-113.83163,44.31327],[-113.83163,44.313],[-113.83201,44.313],[-113.83201,44.31273],[-113.83276,44.31273],[-113.83276,44.31246],[-113.8354,44.31246],[-113.8354,44.31219],[-113.83653,44.31219],[-113.83653,44.31192],[-113.83766,44.31192],[-113.83766,44.31219],[-113.83804,44.31219],[-113.83804,44.31246],[-113.84143,44.31246],[-113.84143,44.31273],[-113.84519,44.31273],[-113.84519,44.313],[-113.84595,44.313],[-113.84595,44.31273],[-113.84745,44.31273],[-113.84745,44.31246],[-113.85009,44.31246],[-113.85009,44.31273],[-113.85047,44.31273],[-113.85047,44.31246],[-113.85198,44.31246],[-113.85198,44.31273],[-113.85235,44.31273],[-113.85235,44.31246],[-113.85574,44.31246],[-113.85574,44.31219],[-113.85687,44.31219],[-113.85687,44.31192],[-113.85763,44.31192],[-113.85763,44.31165],[-113.86102,44.31165],[-113.86102,44.31192],[-113.86139,44.31192],[-113.86139,44.31219],[-113.86441,44.31219],[-113.86441,44.31192],[-113.8678,44.31192],[-113.8678,44.31273],[-113.86742,44.31273],[-113.86742,44.31327],[-113.86704,44.31327],[-113.86704,44.31354],[-113.86554,44.31327],[-113.86554,44.31381],[-113.86516,44.31381],[-113.86516,44.31435],[-113.86441,44.31461],[-113.86441,44.31515],[-113.86365,44.31542],[-113.86365,44.31704],[-113.86328,44.31704],[-113.86328,44.31731],[-113.86365,44.31731],[-113.86365,44.31758],[-113.86328,44.31758],[-113.86328,44.31785],[-113.86365,44.31785],[-113.86365,44.3192],[-113.8629,44.3192],[-113.8629,44.31947],[-113.86252,44.31947],[-113.86252,44.31974],[-113.86177,44.31974],[-113.86177,44.32],[-113.86139,44.32],[-113.86139,44.32081],[-113.86102,44.32081],[-113.86102,44.32108],[-113.86064,44.32108],[-113.86064,44.32162],[-113.86026,44.32162],[-113.86026,44.32189],[-113.85951,44.32216],[-113.85951,44.32243],[-113.85913,44.32243],[-113.85913,44.32297],[-113.85876,44.32297],[-113.85876,44.32324],[-113.85838,44.32324],[-113.85838,44.32351],[-113.858,44.32351],[-113.858,44.32378],[-113.85687,44.32378],[-113.85687,44.32405],[-113.85612,44.32432],[-113.85612,44.32486],[-113.85574,44.32486],[-113.85574,44.32566],[-113.85537,44.32566],[-113.85537,44.32701],[-113.85574,44.32701],[-113.85574,44.32728],[-113.858,44.32728],[-113.858,44.32755],[-113.85763,44.32755],[-113.85763,44.32836],[-113.85725,44.32836],[-113.85725,44.3289],[-113.85574,44.32917],[-113.85574,44.3289],[-113.85537,44.3289],[-113.85537,44.32863],[-113.85424,44.32863],[-113.85424,44.32944],[-113.85386,44.32944],[-113.85386,44.32971],[-113.85348,44.32971],[-113.85348,44.32998],[-113.85311,44.32998],[-113.85311,44.33025],[-113.85273,44.33025],[-113.85273,44.33051],[-113.85235,44.33051],[-113.85235,44.33078],[-113.85198,44.33078],[-113.85198,44.33105],[-113.85122,44.33105],[-113.85122,44.33132],[-113.84934,44.33132],[-113.84934,44.33213],[-113.84971,44.33213],[-113.84971,44.33267],[-113.85009,44.33267],[-113.85009,44.33537],[-113.84934,44.33537],[-113.84934,44.33564],[-113.84896,44.33564],[-113.84896,44.33617],[-113.84858,44.33617],[-113.84858,44.33698],[-113.84821,44.33698],[-113.84821,44.33887],[-113.84783,44.33887],[-113.84783,44.33941],[-113.84708,44.33968],[-113.84708,44.34049],[-113.8467,44.34049],[-113.8467,44.34076],[-113.84595,44.34076],[-113.84595,44.34103],[-113.84557,44.34103],[-113.84557,44.34129],[-113.84406,44.34129],[-113.84406,44.34103],[-113.84331,44.34076],[-113.84331,44.33995],[-113.84406,44.33995],[-113.84406,44.34022],[-113.84557,44.33995],[-113.84557,44.33914],[-113.84519,44.33914],[-113.84519,44.33887],[-113.84444,44.3386],[-113.84444,44.33833],[-113.84293,44.33833],[-113.84293,44.3386],[-113.84067,44.33887],[-113.84067,44.33914],[-113.83992,44.33914],[-113.83992,44.33941],[-113.83954,44.33941],[-113.83954,44.33968],[-113.8354,44.33968],[-113.8354,44.33995],[-113.83465,44.33995],[-113.83465,44.34022],[-113.83389,44.34049],[-113.83389,44.34129],[-113.83465,44.34156],[-113.83465,44.34264],[-113.83502,44.34264],[-113.83502,44.34291],[-113.83465,44.34291],[-113.83465,44.34318],[-113.83427,44.34318],[-113.83427,44.34345],[-113.83239,44.34345],[-113.83239,44.34291],[-113.83276,44.34291],[-113.83276,44.34237],[-113.83314,44.34237],[-113.83314,44.34183],[-113.83201,44.34183],[-113.83201,44.3421],[-113.83125,44.3421],[-113.83125,44.34237],[-113.83088,44.34237],[-113.83088,44.34264],[-113.8305,44.34264],[-113.8305,44.34237],[-113.82975,44.34264],[-113.82975,44.34237],[-113.82937,44.34237],[-113.82937,44.34264],[-113.82899,44.34264],[-113.82899,44.34291],[-113.82786,44.34291],[-113.82786,44.34345],[-113.82711,44.34345],[-113.82711,44.34372],[-113.82673,44.34372],[-113.82673,44.34399],[-113.8256,44.34399],[-113.8256,44.34426],[-113.82523,44.34426],[-113.82523,44.34453],[-113.8241,44.34453],[-113.8241,44.3448],[-113.82372,44.3448],[-113.82372,44.34453],[-113.82297,44.34426],[-113.82297,44.34399],[-113.82259,44.34399],[-113.82259,44.34426],[-113.82221,44.34426],[-113.82221,44.34453],[-113.82259,44.34453],[-113.82259,44.34534],[-113.82297,44.34534]],[[-113.82673,44.34345],[-113.82636,44.34345],[-113.82636,44.34372],[-113.82673,44.34372],[-113.82673,44.34345]],[[-113.82221,44.34399],[-113.82184,44.34399],[-113.82184,44.34426],[-113.82221,44.34426],[-113.82221,44.34399]],[[-113.82184,44.34453],[-113.82184,44.3448],[-113.82221,44.3448],[-113.82221,44.34453],[-113.82184,44.34453]],[[-113.84934,44.34776],[-113.84783,44.34722],[-113.84783,44.34776],[-113.84745,44.34776],[-113.84745,44.34803],[-113.84821,44.34803],[-113.84821,44.3483],[-113.84896,44.34857],[-113.84896,44.3483],[-113.84934,44.3483],[-113.84934,44.34776]],[[-113.82334,44.34264],[-113.82372,44.34264],[-113.82372,44.34237],[-113.82334,44.34237],[-113.82334,44.3421],[-113.82297,44.3421],[-113.82297,44.34183],[-113.82259,44.34183],[-113.82259,44.34237],[-113.82184,44.34237],[-113.82184,44.34264],[-113.82221,44.34264],[-113.82221,44.34291],[-113.82259,44.34291],[-113.82259,44.34318],[-113.82297,44.34318],[-113.82297,44.34291],[-113.82334,44.34291],[-113.82334,44.34264]],[[-113.81694,44.3421],[-113.81732,44.3421],[-113.81732,44.34156],[-113.81769,44.34156],[-113.81769,44.34103],[-113.81807,44.34103],[-113.81807,44.34076],[-113.81845,44.34076],[-113.81845,44.34049],[-113.8192,44.34049],[-113.8192,44.34022],[-113.82033,44.34022],[-113.82033,44.33995],[-113.82108,44.33995],[-113.82108,44.33968],[-113.82184,44.33968],[-113.82184,44.33941],[-113.82221,44.33941],[-113.82221,44.3386],[-113.82297,44.33833],[-113.82297,44.33752],[-113.82221,44.33725],[-113.82221,44.33698],[-113.82184,44.33698],[-113.82184,44.33725],[-113.82146,44.33725],[-113.82146,44.33698],[-113.82071,44.33698],[-113.82071,44.33671],[-113.81995,44.33644],[-113.81995,44.3359],[-113.8192,44.3359],[-113.8192,44.33564],[-113.81882,44.33564],[-113.81882,44.3359],[-113.81807,44.3359],[-113.81807,44.33617],[-113.81732,44.33644],[-113.81732,44.33698],[-113.81656,44.33725],[-113.81656,44.33779],[-113.81619,44.33779],[-113.81619,44.33806],[-113.81581,44.33806],[-113.81581,44.33833],[-113.81506,44.33833],[-113.81506,44.3386],[-113.8143,44.3386],[-113.8143,44.33887],[-113.81355,44.33887],[-113.81355,44.33914],[-113.81279,44.33914],[-113.81279,44.33941],[-113.81355,44.33968],[-113.81355,44.33995],[-113.81393,44.33995],[-113.81393,44.34049],[-113.8143,44.34049],[-113.8143,44.34183],[-113.81468,44.34183],[-113.81468,44.34237],[-113.81581,44.34237],[-113.81581,44.34264],[-113.81619,44.34264],[-113.81619,44.34237],[-113.81694,44.34237],[-113.81694,44.3421]],[[-113.81204,44.33159],[-113.81204,44.33186],[-113.81091,44.33186],[-113.81091,44.33213],[-113.80865,44.3324],[-113.80865,44.33213],[-113.80714,44.33186],[-113.80714,44.33159],[-113.80564,44.33132],[-113.80564,44.33105],[-113.80451,44.33105],[-113.80451,44.33159],[-113.80413,44.33159],[-113.80413,44.33267],[-113.80375,44.33267],[-113.80375,44.33294],[-113.80338,44.33294],[-113.80338,44.33321],[-113.80262,44.33321],[-113.80262,44.33294],[-113.80225,44.33294],[-113.80225,44.33321],[-113.80149,44.33321],[-113.80149,44.33348],[-113.80074,44.33375],[-113.80074,44.33402],[-113.79886,44.33402],[-113.79886,44.33429],[-113.79848,44.33429],[-113.79848,44.33456],[-113.7981,44.33456],[-113.7981,44.33483],[-113.79773,44.33483],[-113.79773,44.33564],[-113.79735,44.33564],[-113.79735,44.33644],[-113.79773,44.33644],[-113.79773,44.33671],[-113.7981,44.33671],[-113.7981,44.33698],[-113.79961,44.33698],[-113.79961,44.33671],[-113.80036,44.33671],[-113.80036,44.33644],[-113.80112,44.33644],[-113.80112,44.33671],[-113.80225,44.33671],[-113.80225,44.33644],[-113.80262,44.33644],[-113.80262,44.3351],[-113.803,44.3351],[-113.803,44.33483],[-113.80338,44.33483],[-113.80338,44.33456],[-113.80413,44.33429],[-113.80413,44.33402],[-113.80488,44.33402],[-113.80488,44.33375],[-113.80526,44.33375],[-113.80526,44.33402],[-113.80639,44.33402],[-113.80639,44.33429],[-113.80714,44.33456],[-113.80714,44.3359],[-113.80677,44.3359],[-113.80677,44.33644],[-113.80639,44.33644],[-113.80639,44.33671],[-113.80564,44.33698],[-113.80564,44.33725],[-113.80526,44.33725],[-113.80526,44.33833],[-113.80564,44.33833],[-113.80564,44.3386],[-113.80639,44.33887],[-113.80639,44.33914],[-113.80752,44.33914],[-113.80752,44.33941],[-113.8079,44.33941],[-113.8079,44.33914],[-113.8094,44.33887],[-113.8094,44.3386],[-113.80978,44.3386],[-113.80978,44.33833],[-113.81016,44.33833],[-113.81016,44.33806],[-113.81053,44.33806],[-113.81053,44.33779],[-113.81091,44.33779],[-113.81091,44.33752],[-113.81129,44.33752],[-113.81129,44.33725],[-113.81166,44.33725],[-113.81166,44.33698],[-113.81204,44.33698],[-113.81204,44.33671],[-113.81242,44.33671],[-113.81242,44.33644],[-113.81317,44.33617],[-113.81317,44.3359],[-113.81355,44.3359],[-113.81355,44.33564],[-113.81393,44.33564],[-113.81393,44.33537],[-113.81468,44.3351],[-113.81468,44.33456],[-113.81619,44.33456],[-113.81619,44.33429],[-113.81656,44.33429],[-113.81656,44.33402],[-113.81694,44.33402],[-113.81694,44.33321],[-113.81732,44.33321],[-113.81732,44.33294],[-113.81694,44.33294],[-113.81694,44.33267],[-113.81619,44.33294],[-113.81619,44.33213],[-113.81581,44.33213],[-113.81581,44.33186],[-113.81543,44.33186],[-113.81543,44.33159],[-113.81204,44.33159]],[[-113.81769,44.33294],[-113.81769,44.33267],[-113.81732,44.33267],[-113.81732,44.33294],[-113.81769,44.33294]],[[-113.81619,44.33186],[-113.81619,44.33159],[-113.81581,44.33159],[-113.81581,44.33186],[-113.81619,44.33186]],[[-113.82862,44.33806],[-113.82899,44.33806],[-113.82899,44.33779],[-113.82975,44.33779],[-113.82975,44.33752],[-113.82862,44.33752],[-113.82862,44.33779],[-113.82786,44.33779],[-113.82786,44.3386],[-113.82862,44.33833],[-113.82862,44.33806]],[[-113.8256,44.33698],[-113.82523,44.33698],[-113.82523,44.33644],[-113.82485,44.33644],[-113.82485,44.33779],[-113.8256,44.33752],[-113.8256,44.33698]],[[-113.83163,44.33752],[-113.83201,44.33752],[-113.83201,44.33725],[-113.83163,44.33725],[-113.83163,44.33752]],[[-113.83201,44.33429],[-113.83239,44.33429],[-113.83239,44.33402],[-113.83201,44.33402],[-113.83201,44.33429]],[[-113.83088,44.3324],[-113.83088,44.33159],[-113.8305,44.33159],[-113.8305,44.33078],[-113.82975,44.33078],[-113.82975,44.33105],[-113.82899,44.33105],[-113.82899,44.33132],[-113.82786,44.33132],[-113.82786,44.33159],[-113.82749,44.33159],[-113.82749,44.33132],[-113.82598,44.33132],[-113.82598,44.33105],[-113.82523,44.33105],[-113.82523,44.33078],[-113.82372,44.33078],[-113.82372,44.33105],[-113.82221,44.33105],[-113.82221,44.33132],[-113.82184,44.33132],[-113.82184,44.33186],[-113.82221,44.33186],[-113.82221,44.33213],[-113.82297,44.3324],[-113.82297,44.33294],[-113.82334,44.33294],[-113.82334,44.33321],[-113.8241,44.33348],[-113.8241,44.33375],[-113.82485,44.33402],[-113.82485,44.33429],[-113.82636,44.33429],[-113.82636,44.33402],[-113.82749,44.33402],[-113.82749,44.33429],[-113.82862,44.33429],[-113.82862,44.33402],[-113.83125,44.33402],[-113.83125,44.33375],[-113.83163,44.33375],[-113.83163,44.33321],[-113.83125,44.33321],[-113.83125,44.3324],[-113.83088,44.3324]],[[-113.83201,44.33321],[-113.83201,44.33294],[-113.83163,44.33294],[-113.83163,44.33321],[-113.83201,44.33321]],[[-113.84745,44.32998],[-113.84708,44.32998],[-113.84708,44.32971],[-113.8467,44.32971],[-113.8467,44.32944],[-113.84557,44.32944],[-113.84557,44.32971],[-113.84632,44.32998],[-113.84632,44.33025],[-113.8467,44.33025],[-113.8467,44.33051],[-113.84708,44.33051],[-113.84708,44.33078],[-113.84783,44.33078],[-113.84783,44.33051],[-113.84745,44.33051],[-113.84745,44.32998]],[[-113.81053,44.32863],[-113.80978,44.3289],[-113.80978,44.32971],[-113.8094,44.32971],[-113.8094,44.32998],[-113.80978,44.32998],[-113.80978,44.33025],[-113.81016,44.33025],[-113.81016,44.32998],[-113.81053,44.32998],[-113.81053,44.32971],[-113.81091,44.32971],[-113.81091,44.32944],[-113.81129,44.32944],[-113.81129,44.32917],[-113.81242,44.32917],[-113.81242,44.3289],[-113.81279,44.3289],[-113.81279,44.32863],[-113.81355,44.32863],[-113.81355,44.32836],[-113.81393,44.32836],[-113.81393,44.32782],[-113.81468,44.32755],[-113.81468,44.32674],[-113.8143,44.32674],[-113.8143,44.32647],[-113.81393,44.32647],[-113.81393,44.3262],[-113.81317,44.32647],[-113.81317,44.3262],[-113.81279,44.3262],[-113.81279,44.32566],[-113.81242,44.32566],[-113.81242,44.32539],[-113.81204,44.32539],[-113.81204,44.32513],[-113.8094,44.32513],[-113.8094,44.32539],[-113.8079,44.32566],[-113.8079,44.32593],[-113.80677,44.32593],[-113.80677,44.3262],[-113.80601,44.3262],[-113.80601,44.32647],[-113.80488,44.32647],[-113.80488,44.32674],[-113.80187,44.32674],[-113.80187,44.32701],[-113.80149,44.32701],[-113.80149,44.32809],[-113.80225,44.32809],[-113.80225,44.32836],[-113.803,44.32836],[-113.803,44.32863],[-113.80413,44.32863],[-113.80413,44.3289],[-113.80677,44.3289],[-113.80677,44.32863],[-113.80714,44.32863],[-113.80714,44.32836],[-113.80865,44.32836],[-113.80865,44.32809],[-113.8094,44.32809],[-113.8094,44.32782],[-113.80978,44.32782],[-113.80978,44.32755],[-113.81053,44.32755],[-113.81053,44.32863]],[[-113.80978,44.32809],[-113.81016,44.32809],[-113.81016,44.32782],[-113.80978,44.32782],[-113.80978,44.32809]],[[-113.82221,44.32836],[-113.82184,44.32836],[-113.82184,44.32944],[-113.82297,44.32944],[-113.82297,44.32863],[-113.82221,44.32863],[-113.82221,44.32836]],[[-113.82297,44.32674],[-113.82334,44.32674],[-113.82334,44.32647],[-113.82297,44.32647],[-113.82297,44.32674]],[[-113.81882,44.32566],[-113.81845,44.32566],[-113.81845,44.32513],[-113.81769,44.32513],[-113.81769,44.32486],[-113.81694,44.32486],[-113.81694,44.32513],[-113.81656,44.32513],[-113.81656,44.32539],[-113.81694,44.32539],[-113.81694,44.32566],[-113.81732,44.32566],[-113.81732,44.32593],[-113.81769,44.32593],[-113.81769,44.3262],[-113.81807,44.3262],[-113.81807,44.32647],[-113.81882,44.3262],[-113.81882,44.32566]],[[-113.82297,44.32459],[-113.82259,44.32459],[-113.82259,44.32432],[-113.82184,44.32432],[-113.82184,44.32459],[-113.82146,44.32459],[-113.82146,44.32513],[-113.82184,44.32513],[-113.82184,44.32593],[-113.82259,44.32593],[-113.82259,44.32566],[-113.82297,44.32566],[-113.82297,44.32459]],[[-113.81882,44.32297],[-113.8192,44.32297],[-113.8192,44.32243],[-113.81882,44.32243],[-113.81882,44.32216],[-113.81845,44.32216],[-113.81845,44.32189],[-113.81769,44.32189],[-113.81769,44.32162],[-113.81656,44.32162],[-113.81656,44.32243],[-113.81694,44.32243],[-113.81694,44.32297],[-113.81732,44.32297],[-113.81732,44.32351],[-113.81769,44.32351],[-113.81769,44.32378],[-113.81807,44.32378],[-113.81807,44.32351],[-113.81882,44.32351],[-113.81882,44.32297]],[[-113.81995,44.3192],[-113.8192,44.31893],[-113.8192,44.3192],[-113.81882,44.3192],[-113.81882,44.31947],[-113.81958,44.31974],[-113.81958,44.31947],[-113.81995,44.31947],[-113.81995,44.3192]],[[-113.80978,44.31893],[-113.8094,44.31893],[-113.8094,44.31947],[-113.81091,44.31947],[-113.81091,44.31866],[-113.80978,44.31866],[-113.80978,44.31893]]],[[[-113.8565,44.33725],[-113.8565,44.33698],[-113.85687,44.33698],[-113.85687,44.33671],[-113.85838,44.33671],[-113.85838,44.33725],[-113.85687,44.33725],[-113.85687,44.33752],[-113.85612,44.33752],[-113.85612,44.33725],[-113.8565,44.33725]]],[[[-113.82862,44.36097],[-113.82862,44.36151],[-113.82899,44.36151],[-113.82899,44.36178],[-113.82786,44.36178],[-113.82786,44.36097],[-113.82862,44.36097]]]]},"properties":{"layer":"predicted_reach_h07","fire_name":"Doublesprings","irwin_id":"{960C064B-1764-4834-BD28-90FB69A4AB4A}","model":"arrival_run","checkpoint_epoch":216,"decode":"connected_causal","operating_point":{"floor":0.0,"mult":0.9},"val_precision":null,"val_recall":null,"model_caveat":"arrival_run chosen for best RECALL among the six FlameFlux v3 candidates on the production-valid t0-window corpus (R=0.624 on the fc2 held-out fires, R=0.432 on Dillon -- see candidate_comparison.md from the 2026-07-24 comparison). It does NOT meet the project's P>=0.50/R>=0.80 target: precision is the WORST of the six (P=0.120 on fc2 -- most flagged growth is wrong), and wind_run actually edges it on F1. IMPORTANT CAVEAT: arrival_run trained on the leaky 'observed' corpus (crop centered/sized on t0|t1, i.e. it saw the future perimeter's geometry during training) and has NEVER seen a t0-window crop -- the ONLY geometry this live pipeline can ever produce at forecast time (the future perimeter is, by definition, unknown). So every live prediction from this model is out-of-distribution relative to its own training. The measured t0-window numbers above already reflect that (they are not a surprise), but this is 'best available', not 'production-ready' -- represent it that way. The operating_point (floor=0.0, mult=0.9) is the VAL-selected connected-causal decode point; it did NOT clear the 0.50 precision floor during selection (feasible=False, val P=0.270/R=0.259) -- it's the best-F1 fallback point, not a precision-guaranteed one.","issued_at_utc":"2026-08-05 02:36:31.645281+00:00","valid_from_utc":"2026-08-05 00:00:00","valid_to_utc":"2026-08-06 00:00:00","wfigs_date_current_utc":"2026-08-05 02:05:06+00:00","pixel_size_m":30,"veg_source":"refreshed_d4","physics_source":"eikonal_fbfm40","history_n_dates":1,"degraded_history":true,"containment_pct":0.0,"acres_wfigs":1021.012899130312,"hour":7,"valid_at_utc":"2026-08-05 07:00:00"}},{"type":"Feature","geometry":{"type":"MultiPolygon","coordinates":[[[[-113.8403,44.31084],[-113.84331,44.3103],[-113.84331,44.31003],[-113.84406,44.30976],[-113.84406,44.30949],[-113.84482,44.30949],[-113.84482,44.30922],[-113.84519,44.30922],[-113.84519,44.30896],[-113.8467,44.30869],[-113.8467,44.30842],[-113.84745,44.30842],[-113.84745,44.30815],[-113.84783,44.30815],[-113.84783,44.30788],[-113.84858,44.30788],[-113.84858,44.30761],[-113.84896,44.30761],[-113.84896,44.30788],[-113.85047,44.30788],[-113.85047,44.30761],[-113.85122,44.30734],[-113.85122,44.30707],[-113.8516,44.30707],[-113.8516,44.30734],[-113.85273,44.30734],[-113.85273,44.30761],[-113.85424,44.30761],[-113.85424,44.30842],[-113.8516,44.30842],[-113.8516,44.30869],[-113.84934,44.30896],[-113.84934,44.30922],[-113.84858,44.30922],[-113.84858,44.30949],[-113.84745,44.30949],[-113.84745,44.30976],[-113.84595,44.31003],[-113.84595,44.3103],[-113.84444,44.3103],[-113.84444,44.31057],[-113.84369,44.31057],[-113.84369,44.31084],[-113.84218,44.31084],[-113.84218,44.31111],[-113.8418,44.31111],[-113.8418,44.31138],[-113.84067,44.31138],[-113.84067,44.31111],[-113.8403,44.31111],[-113.8403,44.31084]]],[[[-113.83728,44.34076],[-113.83766,44.34076],[-113.83766,44.34183],[-113.83691,44.34183],[-113.83691,44.34156],[-113.83728,44.34156],[-113.83728,44.34076]]],[[[-113.84293,44.34345],[-113.84143,44.34345],[-113.84143,44.34318],[-113.84293,44.34318],[-113.84293,44.34345]]],[[[-113.83728,44.34615],[-113.83653,44.34615],[-113.83653,44.34588],[-113.83691,44.34588],[-113.83691,44.34561],[-113.83653,44.34561],[-113.83653,44.34534],[-113.83691,44.34534],[-113.83691,44.3448],[-113.83728,44.3448],[-113.83728,44.34507],[-113.83804,44.34507],[-113.83804,44.34534],[-113.83879,44.34561],[-113.83879,44.34668],[-113.83804,44.34668],[-113.83804,44.34695],[-113.83766,44.34695],[-113.83766,44.34668],[-113.83728,44.34668],[-113.83728,44.34615]]],[[[-113.83653,44.34668],[-113.83578,44.34668],[-113.83578,44.34642],[-113.83653,44.34642],[-113.83653,44.34668]]],[[[-113.83766,44.34722],[-113.83728,44.34722],[-113.83728,44.34695],[-113.83766,44.34695],[-113.83766,44.34722]]],[[[-113.83691,44.34776],[-113.83615,44.34776],[-113.83615,44.34749],[-113.83691,44.34749],[-113.83691,44.34776]]],[[[-113.83389,44.36124],[-113.83465,44.36151],[-113.83465,44.36178],[-113.83352,44.36178],[-113.83352,44.36151],[-113.83389,44.36151],[-113.83389,44.36124]]],[[[-113.84482,44.36447],[-113.84369,44.36447],[-113.84369,44.36393],[-113.84482,44.36393],[-113.84482,44.36447]]],[[[-113.78906,44.33348],[-113.78831,44.33348],[-113.78831,44.33321],[-113.78906,44.33321],[-113.78906,44.33348]]],[[[-113.78944,44.33321],[-113.79019,44.33348],[-113.79019,44.33375],[-113.78906,44.33375],[-113.78906,44.33348],[-113.78944,44.33348],[-113.78944,44.33321]]],[[[-113.7932,44.3359],[-113.79283,44.3359],[-113.79283,44.33564],[-113.7932,44.33564],[-113.7932,44.3359]]],[[[-113.83766,44.36232],[-113.83728,44.36232],[-113.83728,44.36151],[-113.83691,44.36151],[-113.83691,44.36124],[-113.83615,44.36097],[-113.83615,44.3607],[-113.8354,44.3607],[-113.8354,44.35989],[-113.83502,44.35989],[-113.83502,44.35908],[-113.83314,44.35908],[-113.83314,44.35854],[-113.83239,44.35854],[-113.83239,44.358],[-113.83163,44.358],[-113.83163,44.35746],[-113.83125,44.35746],[-113.83125,44.35719],[-113.83163,44.35719],[-113.83163,44.35693],[-113.83125,44.35693],[-113.83125,44.35639],[-113.83088,44.35639],[-113.83088,44.35531],[-113.8305,44.35531],[-113.8305,44.35504],[-113.83088,44.35504],[-113.83088,44.35477],[-113.8305,44.35477],[-113.8305,44.3545],[-113.82975,44.35423],[-113.82975,44.35396],[-113.82937,44.35396],[-113.82937,44.35369],[-113.82862,44.35342],[-113.82862,44.35315],[-113.82221,44.35315],[-113.82221,44.35342],[-113.82033,44.35342],[-113.82033,44.35369],[-113.8192,44.35369],[-113.8192,44.35396],[-113.81845,44.35396],[-113.81845,44.35423],[-113.81732,44.35423],[-113.81732,44.3545],[-113.81581,44.3545],[-113.81581,44.35423],[-113.81506,44.35423],[-113.81506,44.35396],[-113.81468,44.35396],[-113.81468,44.35369],[-113.81393,44.35369],[-113.81393,44.35342],[-113.81355,44.35342],[-113.81355,44.35315],[-113.81279,44.35342],[-113.81279,44.35315],[-113.81242,44.35315],[-113.81242,44.35288],[-113.81204,44.35288],[-113.81204,44.35261],[-113.81166,44.35261],[-113.81166,44.35234],[-113.81129,44.35234],[-113.81129,44.35207],[-113.81091,44.35207],[-113.81091,44.3518],[-113.81129,44.3518],[-113.81129,44.35154],[-113.81091,44.35154],[-113.81091,44.35127],[-113.81129,44.35127],[-113.81129,44.351],[-113.81091,44.351],[-113.81091,44.35073],[-113.81129,44.35073],[-113.81129,44.35046],[-113.81053,44.35046],[-113.81053,44.34992],[-113.81016,44.34992],[-113.81016,44.34965],[-113.81053,44.34965],[-113.81053,44.34938],[-113.80978,44.34938],[-113.80978,44.34884],[-113.80865,44.34884],[-113.80865,44.34992],[-113.8079,44.34992],[-113.8079,44.35019],[-113.80752,44.35019],[-113.80752,44.34992],[-113.80677,44.34992],[-113.80677,44.34965],[-113.80601,44.34938],[-113.80601,44.34884],[-113.80564,44.34884],[-113.80564,44.3483],[-113.80338,44.3483],[-113.80338,44.34803],[-113.80262,44.34776],[-113.80262,44.34749],[-113.80187,44.34722],[-113.80187,44.34668],[-113.80149,44.34668],[-113.80149,44.34399],[-113.80112,44.34399],[-113.80112,44.34345],[-113.80036,44.34345],[-113.80036,44.34318],[-113.79999,44.34318],[-113.79999,44.34291],[-113.79923,44.34291],[-113.79923,44.34264],[-113.79886,44.34264],[-113.79886,44.34237],[-113.7981,44.34237],[-113.7981,44.3421],[-113.79735,44.34183],[-113.79735,44.34049],[-113.79773,44.34049],[-113.79773,44.34022],[-113.79735,44.34022],[-113.79735,44.33995],[-113.79697,44.33995],[-113.79697,44.33968],[-113.79584,44.33968],[-113.79584,44.33941],[-113.79509,44.33914],[-113.79509,44.3386],[-113.79471,44.3386],[-113.79471,44.33806],[-113.79433,44.33806],[-113.79433,44.33779],[-113.79358,44.33752],[-113.79358,44.33725],[-113.7932,44.33725],[-113.7932,44.33644],[-113.79283,44.33644],[-113.79283,44.33617],[-113.7932,44.33617],[-113.7932,44.3359],[-113.79396,44.33564],[-113.79396,44.33537],[-113.79283,44.33537],[-113.79283,44.33483],[-113.79245,44.33483],[-113.79245,44.33348],[-113.79358,44.33348],[-113.79358,44.33321],[-113.79509,44.33321],[-113.79509,44.33294],[-113.79584,44.33294],[-113.79584,44.33267],[-113.79622,44.33267],[-113.79622,44.3324],[-113.79697,44.3324],[-113.79697,44.33213],[-113.79735,44.33213],[-113.79735,44.33159],[-113.79697,44.33159],[-113.79697,44.33132],[-113.7966,44.33132],[-113.7966,44.33105],[-113.79622,44.33105],[-113.79622,44.33078],[-113.79584,44.33078],[-113.79584,44.33051],[-113.79547,44.33051],[-113.79547,44.33025],[-113.79509,44.33025],[-113.79509,44.32998],[-113.79471,44.32998],[-113.79471,44.32944],[-113.79433,44.32944],[-113.79433,44.32917],[-113.79396,44.32917],[-113.79396,44.3289],[-113.79358,44.3289],[-113.79358,44.32917],[-113.7932,44.32917],[-113.7932,44.32944],[-113.79283,44.32944],[-113.79283,44.32971],[-113.79245,44.32971],[-113.79245,44.33051],[-113.7917,44.33078],[-113.7917,44.33105],[-113.79094,44.33105],[-113.79094,44.33051],[-113.79057,44.33051],[-113.79057,44.32998],[-113.78981,44.32998],[-113.78981,44.32971],[-113.79019,44.32971],[-113.79019,44.32944],[-113.78981,44.32944],[-113.78981,44.32917],[-113.79057,44.32917],[-113.79057,44.3289],[-113.79132,44.32863],[-113.79132,44.32836],[-113.79207,44.32809],[-113.79207,44.32755],[-113.79245,44.32755],[-113.79245,44.32728],[-113.79283,44.32728],[-113.79283,44.32701],[-113.7932,44.32701],[-113.7932,44.32647],[-113.79358,44.32647],[-113.79358,44.3262],[-113.7932,44.3262],[-113.7932,44.32593],[-113.79358,44.32593],[-113.79358,44.32539],[-113.79547,44.32539],[-113.79547,44.32593],[-113.79697,44.32593],[-113.79697,44.32297],[-113.79773,44.3227],[-113.79773,44.32108],[-113.7981,44.32108],[-113.7981,44.32054],[-113.79848,44.32054],[-113.79848,44.32027],[-113.79923,44.32],[-113.79923,44.31947],[-113.79961,44.31947],[-113.79961,44.31893],[-113.79999,44.31893],[-113.79999,44.31839],[-113.80036,44.31839],[-113.80036,44.31785],[-113.80074,44.31785],[-113.80074,44.31731],[-113.80112,44.31731],[-113.80112,44.31677],[-113.80149,44.31677],[-113.80149,44.31623],[-113.80187,44.31623],[-113.80187,44.31569],[-113.80225,44.31569],[-113.80225,44.31542],[-113.80262,44.31542],[-113.80262,44.31515],[-113.803,44.31515],[-113.803,44.31488],[-113.80338,44.31488],[-113.80338,44.31461],[-113.80413,44.31461],[-113.80413,44.31435],[-113.80451,44.31435],[-113.80451,44.31408],[-113.80526,44.31408],[-113.80526,44.31381],[-113.80564,44.31381],[-113.80564,44.31354],[-113.80639,44.31354],[-113.80639,44.31327],[-113.80677,44.31327],[-113.80677,44.313],[-113.80714,44.313],[-113.80714,44.31273],[-113.80752,44.31273],[-113.80752,44.31246],[-113.81091,44.31246],[-113.81091,44.31273],[-113.81242,44.31273],[-113.81242,44.313],[-113.81355,44.313],[-113.81355,44.31327],[-113.81468,44.31327],[-113.81468,44.31354],[-113.81506,44.31354],[-113.81506,44.31327],[-113.81769,44.31327],[-113.81769,44.31354],[-113.82071,44.31354],[-113.82071,44.31327],[-113.82108,44.31327],[-113.82108,44.313],[-113.82146,44.313],[-113.82146,44.31273],[-113.82184,44.31273],[-113.82184,44.31246],[-113.82259,44.31246],[-113.82259,44.31219],[-113.82221,44.31219],[-113.82221,44.31192],[-113.82184,44.31192],[-113.82184,44.31165],[-113.82146,44.31165],[-113.82146,44.31111],[-113.82108,44.31111],[-113.82108,44.31084],[-113.82033,44.31084],[-113.82033,44.31057],[-113.81995,44.31057],[-113.81995,44.3103],[-113.8192,44.3103],[-113.8192,44.31003],[-113.81845,44.31003],[-113.81845,44.30976],[-113.81882,44.30976],[-113.81882,44.30949],[-113.81958,44.30949],[-113.81958,44.30976],[-113.82146,44.30976],[-113.82146,44.31003],[-113.82221,44.3103],[-113.82221,44.31057],[-113.82259,44.31057],[-113.82259,44.31084],[-113.82334,44.31084],[-113.82334,44.31138],[-113.8241,44.31138],[-113.8241,44.31165],[-113.82636,44.31138],[-113.82636,44.31165],[-113.82673,44.31165],[-113.82673,44.31219],[-113.82636,44.31219],[-113.82636,44.313],[-113.82673,44.313],[-113.82673,44.31327],[-113.82824,44.31327],[-113.82824,44.31354],[-113.8305,44.31354],[-113.8305,44.31327],[-113.83125,44.31327],[-113.83125,44.313],[-113.83201,44.313],[-113.83201,44.31273],[-113.83239,44.31273],[-113.83239,44.31246],[-113.83615,44.31219],[-113.83615,44.31192],[-113.83691,44.31192],[-113.83691,44.31165],[-113.83879,44.31165],[-113.83879,44.31192],[-113.83841,44.31192],[-113.83841,44.31219],[-113.83917,44.31219],[-113.83917,44.31246],[-113.83992,44.31246],[-113.83992,44.31219],[-113.84105,44.31219],[-113.84105,44.31246],[-113.84218,44.31246],[-113.84218,44.31273],[-113.84708,44.31273],[-113.84708,44.31246],[-113.85499,44.31246],[-113.85499,44.31219],[-113.8565,44.31219],[-113.8565,44.31192],[-113.85763,44.31192],[-113.85763,44.31165],[-113.85913,44.31165],[-113.85913,44.31138],[-113.86064,44.31138],[-113.86064,44.31165],[-113.86328,44.31165],[-113.86328,44.31192],[-113.86403,44.31192],[-113.86403,44.31165],[-113.86704,44.31165],[-113.86704,44.31192],[-113.86817,44.31192],[-113.86817,44.31273],[-113.8678,44.31273],[-113.8678,44.31327],[-113.86742,44.31327],[-113.86742,44.31381],[-113.86554,44.31381],[-113.86554,44.31435],[-113.86478,44.31461],[-113.86478,44.31542],[-113.86441,44.31542],[-113.86441,44.31677],[-113.86478,44.31677],[-113.86478,44.31704],[-113.86441,44.31704],[-113.86441,44.31812],[-113.86403,44.31812],[-113.86403,44.3192],[-113.86328,44.3192],[-113.86328,44.31947],[-113.8629,44.31947],[-113.8629,44.31974],[-113.86215,44.31974],[-113.86215,44.32],[-113.86139,44.32027],[-113.86139,44.32081],[-113.86064,44.32108],[-113.86064,44.32162],[-113.86026,44.32162],[-113.86026,44.32189],[-113.85951,44.32216],[-113.85951,44.32243],[-113.85913,44.32243],[-113.85913,44.32297],[-113.85876,44.32297],[-113.85876,44.32324],[-113.85838,44.32324],[-113.85838,44.32351],[-113.858,44.32351],[-113.858,44.32378],[-113.85687,44.32378],[-113.85687,44.32405],[-113.85612,44.32432],[-113.85612,44.32513],[-113.85574,44.32513],[-113.85574,44.32566],[-113.85537,44.32566],[-113.85537,44.32701],[-113.85574,44.32701],[-113.85574,44.32728],[-113.85725,44.32728],[-113.85725,44.32701],[-113.85838,44.32701],[-113.85838,44.32728],[-113.85876,44.32728],[-113.85876,44.32809],[-113.858,44.32836],[-113.858,44.3289],[-113.85725,44.3289],[-113.85725,44.32917],[-113.85537,44.32917],[-113.85537,44.3289],[-113.85461,44.32863],[-113.85461,44.3289],[-113.85424,44.3289],[-113.85424,44.32944],[-113.85386,44.32944],[-113.85386,44.32971],[-113.85348,44.32971],[-113.85348,44.32998],[-113.85311,44.32998],[-113.85311,44.33025],[-113.85273,44.33025],[-113.85273,44.33051],[-113.85235,44.33051],[-113.85235,44.33078],[-113.85198,44.33078],[-113.85198,44.33105],[-113.85122,44.33105],[-113.85122,44.33132],[-113.84971,44.33132],[-113.84971,44.33267],[-113.85009,44.33267],[-113.85009,44.33348],[-113.85047,44.33348],[-113.85047,44.33483],[-113.85009,44.33483],[-113.85009,44.33537],[-113.84971,44.33537],[-113.84971,44.33564],[-113.84934,44.33564],[-113.84934,44.3359],[-113.84896,44.3359],[-113.84896,44.33644],[-113.84858,44.33644],[-113.84858,44.33914],[-113.84821,44.33914],[-113.84821,44.33968],[-113.84783,44.33968],[-113.84783,44.33995],[-113.84708,44.34022],[-113.84708,44.34076],[-113.8467,44.34076],[-113.8467,44.34103],[-113.84595,44.34103],[-113.84595,44.34129],[-113.84331,44.34129],[-113.84331,44.34076],[-113.84293,44.34076],[-113.84293,44.33941],[-113.84331,44.33941],[-113.84331,44.33968],[-113.84369,44.33968],[-113.84369,44.33995],[-113.84519,44.33995],[-113.84519,44.33914],[-113.84482,44.33914],[-113.84482,44.3386],[-113.84406,44.3386],[-113.84406,44.33833],[-113.84331,44.33833],[-113.84331,44.3386],[-113.84218,44.3386],[-113.84218,44.33887],[-113.84105,44.33887],[-113.84105,44.33914],[-113.83992,44.33914],[-113.83992,44.33941],[-113.83954,44.33941],[-113.83954,44.33968],[-113.8354,44.33968],[-113.8354,44.33995],[-113.83465,44.33995],[-113.83465,44.34022],[-113.83427,44.34022],[-113.83427,44.34076],[-113.83389,44.34076],[-113.83389,44.34129],[-113.83427,44.34129],[-113.83427,44.34156],[-113.83502,44.34183],[-113.83502,44.34264],[-113.8354,44.34264],[-113.8354,44.34318],[-113.83578,44.34318],[-113.83578,44.34372],[-113.83201,44.34372],[-113.83201,44.34345],[-113.83125,44.34345],[-113.83125,44.34291],[-113.82937,44.34291],[-113.82937,44.34318],[-113.82899,44.34318],[-113.82899,44.34345],[-113.82862,44.34345],[-113.82862,44.34372],[-113.82824,44.34372],[-113.82824,44.34399],[-113.82749,44.34426],[-113.82749,44.34453],[-113.82636,44.34453],[-113.82636,44.3448],[-113.8256,44.34453],[-113.8256,44.3448],[-113.82485,44.34507],[-113.82485,44.34588],[-113.82523,44.34588],[-113.82523,44.34561],[-113.8256,44.34561],[-113.8256,44.34588],[-113.82636,44.34588],[-113.82636,44.34642],[-113.82673,44.34642],[-113.82673,44.34668],[-113.82636,44.34668],[-113.82636,44.34722],[-113.82598,44.34722],[-113.82598,44.34776],[-113.8241,44.34776],[-113.8241,44.34803],[-113.82485,44.3483],[-113.82485,44.34911],[-113.8256,44.34938],[-113.8256,44.34992],[-113.82636,44.35019],[-113.82636,44.35073],[-113.82673,44.35073],[-113.82673,44.351],[-113.82749,44.351],[-113.82749,44.35127],[-113.82824,44.35154],[-113.82824,44.35207],[-113.82862,44.35207],[-113.82862,44.35234],[-113.82899,44.35234],[-113.82899,44.35261],[-113.82975,44.35261],[-113.82975,44.35288],[-113.8305,44.35288],[-113.8305,44.35315],[-113.83125,44.35315],[-113.83125,44.35342],[-113.83314,44.35342],[-113.83314,44.35315],[-113.83502,44.35315],[-113.83502,44.35288],[-113.83615,44.35288],[-113.83615,44.35261],[-113.83653,44.35261],[-113.83653,44.35127],[-113.83691,44.35127],[-113.83691,44.351],[-113.83728,44.351],[-113.83728,44.35073],[-113.83766,44.35073],[-113.83766,44.35046],[-113.83804,44.35046],[-113.83804,44.35019],[-113.83841,44.35019],[-113.83841,44.34992],[-113.83879,44.34992],[-113.83879,44.34938],[-113.83917,44.34938],[-113.83917,44.34884],[-113.83954,44.34884],[-113.83954,44.34857],[-113.83992,44.34857],[-113.83992,44.3483],[-113.84105,44.3483],[-113.84105,44.34857],[-113.84143,44.34857],[-113.84143,44.34884],[-113.84218,44.34884],[-113.84218,44.34857],[-113.84256,44.34857],[-113.84256,44.34722],[-113.84218,44.34722],[-113.84218,44.34668],[-113.84256,44.34668],[-113.84256,44.34588],[-113.84293,44.34588],[-113.84293,44.34534],[-113.84369,44.34507],[-113.84369,44.34426],[-113.84331,44.34426],[-113.84331,44.34372],[-113.84482,44.34372],[-113.84482,44.34399],[-113.84557,44.34399],[-113.84557,44.34426],[-113.84745,44.34426],[-113.84745,44.34453],[-113.84783,44.34453],[-113.84783,44.3448],[-113.84858,44.3448],[-113.84858,44.34453],[-113.84896,44.34453],[-113.84896,44.34399],[-113.84858,44.34399],[-113.84858,44.34291],[-113.84934,44.34264],[-113.84934,44.34237],[-113.84971,44.34237],[-113.84971,44.3421],[-113.85009,44.3421],[-113.85009,44.34156],[-113.85047,44.34156],[-113.85047,44.34129],[-113.85085,44.34129],[-113.85085,44.34103],[-113.8516,44.34103],[-113.8516,44.34076],[-113.85198,44.34076],[-113.85198,44.34022],[-113.85235,44.34022],[-113.85235,44.33941],[-113.85311,44.33914],[-113.85311,44.3386],[-113.85386,44.33833],[-113.85386,44.33779],[-113.85461,44.33779],[-113.85461,44.33752],[-113.85612,44.33725],[-113.85612,44.33698],[-113.8565,44.33698],[-113.8565,44.33671],[-113.85989,44.33671],[-113.85989,44.33698],[-113.85951,44.33698],[-113.85951,44.33725],[-113.85876,44.33725],[-113.85876,44.33752],[-113.8565,44.33752],[-113.8565,44.33779],[-113.85574,44.33806],[-113.85574,44.3386],[-113.85537,44.3386],[-113.85537,44.33914],[-113.85461,44.33941],[-113.85461,44.34103],[-113.85499,44.34103],[-113.85499,44.34183],[-113.85537,44.34183],[-113.85537,44.34237],[-113.85574,44.34237],[-113.85574,44.34264],[-113.8565,44.34264],[-113.8565,44.34291],[-113.85725,44.34318],[-113.85725,44.34372],[-113.85687,44.34372],[-113.85687,44.34399],[-113.8565,44.34399],[-113.8565,44.34426],[-113.85612,44.34426],[-113.85612,44.34453],[-113.85574,44.34453],[-113.85574,44.3448],[-113.85424,44.3448],[-113.85424,44.34507],[-113.85348,44.34507],[-113.85348,44.34561],[-113.85424,44.34561],[-113.85424,44.34588],[-113.85537,44.34588],[-113.85537,44.34615],[-113.85574,44.34615],[-113.85574,44.34668],[-113.85499,44.34668],[-113.85499,44.34695],[-113.85386,44.34695],[-113.85386,44.34722],[-113.85348,44.34722],[-113.85348,44.34776],[-113.85311,44.34776],[-113.85311,44.34884],[-113.85273,44.34884],[-113.85273,44.34965],[-113.85235,44.34965],[-113.85235,44.34992],[-113.85122,44.34992],[-113.85122,44.35019],[-113.85085,44.35019],[-113.85085,44.351],[-113.85047,44.351],[-113.85047,44.35154],[-113.85009,44.35154],[-113.85009,44.35127],[-113.84971,44.35127],[-113.84971,44.351],[-113.84858,44.351],[-113.84858,44.35127],[-113.84896,44.35127],[-113.84896,44.3518],[-113.84971,44.3518],[-113.84971,44.35207],[-113.84934,44.35207],[-113.84934,44.35261],[-113.84858,44.35261],[-113.84858,44.35288],[-113.84821,44.35288],[-113.84821,44.35315],[-113.84745,44.35315],[-113.84745,44.35369],[-113.84708,44.35369],[-113.84708,44.35423],[-113.8467,44.35423],[-113.8467,44.35477],[-113.84632,44.35477],[-113.84632,44.35531],[-113.84595,44.35531],[-113.84595,44.35639],[-113.84557,44.35639],[-113.84557,44.35693],[-113.84406,44.35693],[-113.84406,44.35666],[-113.84331,44.35666],[-113.84331,44.35639],[-113.84293,44.35639],[-113.84293,44.35666],[-113.84105,44.35666],[-113.84105,44.35746],[-113.84067,44.35746],[-113.84067,44.358],[-113.84105,44.358],[-113.84105,44.35854],[-113.84143,44.35854],[-113.84143,44.35881],[-113.84218,44.35908],[-113.84218,44.35962],[-113.8418,44.35962],[-113.8418,44.35989],[-113.84143,44.35989],[-113.84143,44.36016],[-113.84105,44.36016],[-113.84105,44.35989],[-113.83992,44.35989],[-113.83992,44.35962],[-113.83917,44.35962],[-113.83917,44.36016],[-113.83841,44.36043],[-113.83841,44.36097],[-113.83879,44.36097],[-113.83879,44.36151],[-113.83917,44.36151],[-113.83917,44.36178],[-113.83879,44.36178],[-113.83879,44.36285],[-113.83804,44.36285],[-113.83804,44.36258],[-113.83766,44.36258],[-113.83766,44.36232]],[[-113.84067,44.35369],[-113.84067,44.3545],[-113.8418,44.3545],[-113.8418,44.35423],[-113.84218,44.35423],[-113.84218,44.35369],[-113.84067,44.35369]],[[-113.84896,44.34803],[-113.84896,44.34776],[-113.84821,44.34776],[-113.84821,44.34803],[-113.84896,44.34803]],[[-113.80601,44.34803],[-113.80601,44.34776],[-113.80488,44.34776],[-113.80488,44.34803],[-113.80601,44.34803]],[[-113.80601,44.34749],[-113.80601,44.34722],[-113.80526,44.34722],[-113.80526,44.34749],[-113.80601,44.34749]],[[-113.80526,44.34695],[-113.80526,44.34668],[-113.80488,44.34668],[-113.80488,44.34695],[-113.80526,44.34695]],[[-113.85424,44.34372],[-113.85424,44.34318],[-113.85386,44.34318],[-113.85386,44.34372],[-113.85424,44.34372]],[[-113.83201,44.34264],[-113.83201,44.34237],[-113.83163,44.34237],[-113.83163,44.34264],[-113.83201,44.34264]],[[-113.81732,44.34183],[-113.81732,44.34103],[-113.81769,44.34103],[-113.81769,44.34076],[-113.81845,44.34049],[-113.81845,44.34022],[-113.81995,44.33995],[-113.81995,44.33968],[-113.82108,44.33968],[-113.82108,44.33941],[-113.82146,44.33941],[-113.82146,44.33914],[-113.82184,44.33914],[-113.82184,44.33887],[-113.82221,44.33887],[-113.82221,44.33779],[-113.82146,44.33779],[-113.82146,44.33752],[-113.82108,44.33752],[-113.82108,44.33833],[-113.82071,44.33833],[-113.82071,44.33806],[-113.81995,44.33806],[-113.81995,44.33698],[-113.8192,44.33671],[-113.8192,44.33617],[-113.81845,44.33617],[-113.81845,44.33644],[-113.81807,44.33644],[-113.81807,44.33698],[-113.81732,44.33698],[-113.81732,44.33752],[-113.81656,44.33779],[-113.81656,44.33806],[-113.81581,44.33833],[-113.81581,44.3386],[-113.81506,44.3386],[-113.81506,44.33887],[-113.81468,44.33887],[-113.81468,44.33914],[-113.81355,44.33914],[-113.81355,44.33968],[-113.81393,44.33968],[-113.81393,44.33995],[-113.8143,44.33995],[-113.8143,44.34049],[-113.81468,44.34049],[-113.81468,44.3421],[-113.81506,44.3421],[-113.81506,44.34237],[-113.81656,44.34237],[-113.81656,44.3421],[-113.81732,44.34183]],[[-113.81468,44.33321],[-113.81468,44.33213],[-113.81393,44.33213],[-113.81393,44.33186],[-113.81204,44.33186],[-113.81204,44.33213],[-113.81053,44.33213],[-113.81053,44.3324],[-113.81016,44.3324],[-113.81016,44.33267],[-113.80752,44.33267],[-113.80752,44.3324],[-113.80714,44.3324],[-113.80714,44.33186],[-113.80677,44.33186],[-113.80677,44.33159],[-113.80601,44.33159],[-113.80601,44.33132],[-113.80451,44.33132],[-113.80451,44.3324],[-113.80413,44.3324],[-113.80413,44.33294],[-113.80375,44.33294],[-113.80375,44.33321],[-113.80187,44.33321],[-113.80187,44.33348],[-113.80149,44.33348],[-113.80149,44.33375],[-113.80074,44.33375],[-113.80074,44.33429],[-113.79886,44.33429],[-113.79886,44.33456],[-113.7981,44.33483],[-113.7981,44.3351],[-113.79773,44.3351],[-113.79773,44.33644],[-113.7981,44.33644],[-113.7981,44.33671],[-113.79999,44.33671],[-113.79999,44.33644],[-113.80149,44.33644],[-113.80149,44.33671],[-113.80187,44.33671],[-113.80187,44.33644],[-113.80262,44.33617],[-113.80262,44.3351],[-113.803,44.3351],[-113.803,44.33456],[-113.80375,44.33429],[-113.80375,44.33402],[-113.80451,44.33402],[-113.80451,44.33375],[-113.80639,44.33375],[-113.80639,44.33402],[-113.80677,44.33402],[-113.80677,44.33429],[-113.80752,44.33456],[-113.80752,44.3359],[-113.80714,44.3359],[-113.80714,44.33617],[-113.80677,44.33617],[-113.80677,44.33644],[-113.80639,44.33644],[-113.80639,44.33671],[-113.80601,44.33671],[-113.80601,44.33698],[-113.80564,44.33698],[-113.80564,44.33752],[-113.80526,44.33752],[-113.80526,44.33833],[-113.80564,44.33833],[-113.80564,44.3386],[-113.80601,44.3386],[-113.80601,44.33887],[-113.80677,44.33887],[-113.80677,44.33914],[-113.8079,44.33914],[-113.8079,44.33887],[-113.80865,44.33887],[-113.80865,44.3386],[-113.8094,44.3386],[-113.8094,44.33833],[-113.81016,44.33833],[-113.81016,44.33806],[-113.81053,44.33806],[-113.81053,44.33779],[-113.81091,44.33779],[-113.81091,44.33752],[-113.81166,44.33725],[-113.81166,44.33671],[-113.81242,44.33671],[-113.81242,44.33617],[-113.81317,44.33617],[-113.81317,44.33537],[-113.81393,44.3351],[-113.81393,44.33456],[-113.81468,44.33456],[-113.81468,44.33375],[-113.81543,44.33348],[-113.81543,44.33321],[-113.81468,44.33321]],[[-113.81506,44.33402],[-113.81543,44.33402],[-113.81543,44.33375],[-113.81506,44.33375],[-113.81506,44.33402]],[[-113.83201,44.33752],[-113.83201,44.33725],[-113.83163,44.33725],[-113.83163,44.33752],[-113.83201,44.33752]],[[-113.83239,44.33429],[-113.83239,44.33402],[-113.83201,44.33402],[-113.83201,44.33429],[-113.83239,44.33429]],[[-113.83088,44.33159],[-113.8305,44.33159],[-113.8305,44.33105],[-113.82899,44.33105],[-113.82899,44.33132],[-113.82786,44.33132],[-113.82786,44.33159],[-113.82711,44.33159],[-113.82711,44.33132],[-113.82598,44.33132],[-113.82598,44.33105],[-113.82485,44.33105],[-113.82485,44.33078],[-113.82447,44.33078],[-113.82447,44.33105],[-113.82259,44.33105],[-113.82259,44.33132],[-113.82221,44.33132],[-113.82221,44.33186],[-113.82259,44.33186],[-113.82259,44.3324],[-113.82334,44.33267],[-113.82334,44.33321],[-113.82372,44.33321],[-113.82372,44.33348],[-113.82447,44.33348],[-113.82447,44.33375],[-113.82485,44.33375],[-113.82485,44.33402],[-113.83125,44.33402],[-113.83125,44.33375],[-113.83163,44.33375],[-113.83163,44.33321],[-113.83125,44.33321],[-113.83125,44.3324],[-113.83088,44.3324],[-113.83088,44.33159]],[[-113.83201,44.33321],[-113.83201,44.33294],[-113.83163,44.33294],[-113.83163,44.33321],[-113.83201,44.33321]],[[-113.81619,44.33402],[-113.81619,44.33375],[-113.81581,44.33375],[-113.81581,44.33402],[-113.81619,44.33402]],[[-113.8467,44.32971],[-113.8467,44.32944],[-113.84595,44.32944],[-113.84595,44.32971],[-113.8467,44.32998],[-113.8467,44.33051],[-113.84745,44.33051],[-113.84745,44.32998],[-113.8467,44.32971]],[[-113.82184,44.32863],[-113.82184,44.32917],[-113.82221,44.32917],[-113.82221,44.32944],[-113.82297,44.32944],[-113.82297,44.3289],[-113.82259,44.3289],[-113.82259,44.32863],[-113.82184,44.32863]],[[-113.81242,44.32863],[-113.81242,44.32836],[-113.81204,44.32836],[-113.81204,44.32863],[-113.81242,44.32863]],[[-113.81166,44.32863],[-113.81166,44.32836],[-113.81129,44.32836],[-113.81129,44.32863],[-113.81166,44.32863]],[[-113.80564,44.32809],[-113.80564,44.32782],[-113.80488,44.32782],[-113.80488,44.32755],[-113.80413,44.32755],[-113.80413,44.32728],[-113.80375,44.32728],[-113.80375,44.32701],[-113.803,44.32701],[-113.803,44.32674],[-113.80225,44.32674],[-113.80225,44.32701],[-113.80187,44.32701],[-113.80187,44.32728],[-113.80149,44.32728],[-113.80149,44.32782],[-113.80187,44.32782],[-113.80187,44.32809],[-113.80262,44.32809],[-113.80262,44.32836],[-113.80338,44.32836],[-113.80338,44.32863],[-113.80488,44.32863],[-113.80488,44.32836],[-113.80564,44.32809]],[[-113.80978,44.32647],[-113.80978,44.32674],[-113.81016,44.32674],[-113.81016,44.32701],[-113.81091,44.32701],[-113.81091,44.32728],[-113.81129,44.32728],[-113.81129,44.32755],[-113.81166,44.32755],[-113.81166,44.32701],[-113.81242,44.32701],[-113.81242,44.32566],[-113.81204,44.32566],[-113.81204,44.32539],[-113.81091,44.32539],[-113.81091,44.32513],[-113.80978,44.32513],[-113.80978,44.32539],[-113.8094,44.32539],[-113.8094,44.32566],[-113.80865,44.32566],[-113.80865,44.32593],[-113.80827,44.32593],[-113.80827,44.3262],[-113.80677,44.3262],[-113.80677,44.32647],[-113.80601,44.32674],[-113.80601,44.32701],[-113.80677,44.32728],[-113.80677,44.32755],[-113.80714,44.32755],[-113.80714,44.32728],[-113.8079,44.32755],[-113.8079,44.32728],[-113.80865,44.32701],[-113.80865,44.32647],[-113.80978,44.32647]],[[-113.80601,44.32728],[-113.80601,44.32755],[-113.80639,44.32755],[-113.80639,44.32728],[-113.80601,44.32728]],[[-113.80827,44.32755],[-113.80865,44.32755],[-113.80865,44.32728],[-113.80827,44.32728],[-113.80827,44.32755]],[[-113.80564,44.32755],[-113.80564,44.32728],[-113.80526,44.32728],[-113.80526,44.32755],[-113.80564,44.32755]],[[-113.82334,44.32674],[-113.82334,44.32647],[-113.82297,44.32647],[-113.82297,44.32674],[-113.82334,44.32674]],[[-113.81845,44.32593],[-113.81845,44.32566],[-113.81807,44.32566],[-113.81807,44.32593],[-113.81845,44.32593]],[[-113.82184,44.32459],[-113.82184,44.32566],[-113.82259,44.32566],[-113.82259,44.32539],[-113.82297,44.32539],[-113.82297,44.32459],[-113.82184,44.32459]],[[-113.81845,44.32243],[-113.81845,44.32216],[-113.81769,44.32216],[-113.81769,44.32189],[-113.81732,44.32189],[-113.81732,44.32162],[-113.81656,44.32189],[-113.81656,44.32216],[-113.81732,44.32243],[-113.81732,44.32324],[-113.81769,44.32324],[-113.81769,44.32351],[-113.81845,44.32351],[-113.81845,44.32324],[-113.81882,44.32324],[-113.81882,44.32243],[-113.81845,44.32243]],[[-113.81053,44.3192],[-113.81053,44.31893],[-113.81016,44.31893],[-113.81016,44.3192],[-113.81053,44.3192]]],[[[-113.82862,44.34884],[-113.82824,44.34884],[-113.82824,44.34857],[-113.82975,44.34857],[-113.82975,44.34911],[-113.83012,44.34911],[-113.83012,44.34938],[-113.82824,44.34938],[-113.82824,44.34911],[-113.82862,44.34911],[-113.82862,44.34884]]],[[[-113.83125,44.3607],[-113.83012,44.3607],[-113.83012,44.36043],[-113.83125,44.36043],[-113.83125,44.3607]]],[[[-113.83314,44.36097],[-113.83314,44.3607],[-113.83276,44.3607],[-113.83276,44.36043],[-113.83352,44.36043],[-113.83352,44.36097],[-113.83389,44.36097],[-113.83389,44.36124],[-113.83352,44.36124],[-113.83352,44.36151],[-113.83314,44.36151],[-113.83314,44.36124],[-113.83239,44.36124],[-113.83239,44.36097],[-113.83314,44.36097]]],[[[-113.82786,44.36097],[-113.82786,44.36043],[-113.82937,44.36043],[-113.82937,44.3607],[-113.82899,44.3607],[-113.82899,44.36097],[-113.82937,44.36097],[-113.82937,44.36124],[-113.82899,44.36124],[-113.82899,44.36151],[-113.82937,44.36151],[-113.82937,44.36178],[-113.82899,44.36178],[-113.82899,44.36205],[-113.82937,44.36205],[-113.82937,44.36232],[-113.82899,44.36232],[-113.82899,44.36258],[-113.82937,44.36258],[-113.82937,44.36285],[-113.82862,44.36285],[-113.82862,44.36232],[-113.82749,44.36232],[-113.82749,44.36097],[-113.82786,44.36097]]]]},"properties":{"layer":"predicted_reach_h08","fire_name":"Doublesprings","irwin_id":"{960C064B-1764-4834-BD28-90FB69A4AB4A}","model":"arrival_run","checkpoint_epoch":216,"decode":"connected_causal","operating_point":{"floor":0.0,"mult":0.9},"val_precision":null,"val_recall":null,"model_caveat":"arrival_run chosen for best RECALL among the six FlameFlux v3 candidates on the production-valid t0-window corpus (R=0.624 on the fc2 held-out fires, R=0.432 on Dillon -- see candidate_comparison.md from the 2026-07-24 comparison). It does NOT meet the project's P>=0.50/R>=0.80 target: precision is the WORST of the six (P=0.120 on fc2 -- most flagged growth is wrong), and wind_run actually edges it on F1. IMPORTANT CAVEAT: arrival_run trained on the leaky 'observed' corpus (crop centered/sized on t0|t1, i.e. it saw the future perimeter's geometry during training) and has NEVER seen a t0-window crop -- the ONLY geometry this live pipeline can ever produce at forecast time (the future perimeter is, by definition, unknown). So every live prediction from this model is out-of-distribution relative to its own training. The measured t0-window numbers above already reflect that (they are not a surprise), but this is 'best available', not 'production-ready' -- represent it that way. The operating_point (floor=0.0, mult=0.9) is the VAL-selected connected-causal decode point; it did NOT clear the 0.50 precision floor during selection (feasible=False, val P=0.270/R=0.259) -- it's the best-F1 fallback point, not a precision-guaranteed one.","issued_at_utc":"2026-08-05 02:36:31.645281+00:00","valid_from_utc":"2026-08-05 00:00:00","valid_to_utc":"2026-08-06 00:00:00","wfigs_date_current_utc":"2026-08-05 02:05:06+00:00","pixel_size_m":30,"veg_source":"refreshed_d4","physics_source":"eikonal_fbfm40","history_n_dates":1,"degraded_history":true,"containment_pct":0.0,"acres_wfigs":1021.012899130312,"hour":8,"valid_at_utc":"2026-08-05 08:00:00"}},{"type":"Feature","geometry":{"type":"MultiPolygon","coordinates":[[[[-113.78981,44.32755],[-113.78981,44.32701],[-113.79019,44.32701],[-113.79019,44.32755],[-113.79057,44.32755],[-113.79057,44.32782],[-113.78944,44.32782],[-113.78944,44.32755],[-113.78981,44.32755]]],[[[-113.85838,44.33078],[-113.85838,44.33105],[-113.858,44.33105],[-113.858,44.33078],[-113.85838,44.33078]]],[[[-113.85725,44.33348],[-113.85725,44.33294],[-113.85763,44.33294],[-113.85763,44.33267],[-113.858,44.33267],[-113.858,44.3324],[-113.85838,44.3324],[-113.85838,44.33105],[-113.85913,44.33078],[-113.85913,44.33132],[-113.85951,44.33132],[-113.85951,44.33159],[-113.85913,44.33159],[-113.85913,44.33267],[-113.85876,44.33267],[-113.85876,44.33321],[-113.85838,44.33321],[-113.85838,44.33375],[-113.858,44.33375],[-113.858,44.33402],[-113.85838,44.33402],[-113.85838,44.33429],[-113.85687,44.33429],[-113.85687,44.33348],[-113.85725,44.33348]]],[[[-113.82786,44.36285],[-113.82786,44.36258],[-113.82711,44.36232],[-113.82711,44.36097],[-113.82749,44.36097],[-113.82749,44.36043],[-113.82786,44.36043],[-113.82786,44.36016],[-113.82824,44.36016],[-113.82824,44.35989],[-113.83012,44.35989],[-113.83012,44.35962],[-113.83239,44.35989],[-113.83239,44.35935],[-113.83276,44.35935],[-113.83276,44.35908],[-113.83239,44.35908],[-113.83239,44.35854],[-113.83163,44.35854],[-113.83163,44.358],[-113.83088,44.358],[-113.83088,44.35639],[-113.8305,44.35639],[-113.8305,44.35531],[-113.83012,44.35531],[-113.83012,44.35477],[-113.82975,44.35477],[-113.82975,44.35423],[-113.82937,44.35423],[-113.82937,44.35396],[-113.82862,44.35369],[-113.82862,44.35342],[-113.82636,44.35342],[-113.82636,44.35315],[-113.82598,44.35315],[-113.82598,44.35342],[-113.8256,44.35342],[-113.8256,44.35315],[-113.82372,44.35315],[-113.82372,44.35342],[-113.82297,44.35315],[-113.82297,44.35342],[-113.82108,44.35342],[-113.82108,44.35369],[-113.81882,44.35396],[-113.81882,44.35423],[-113.81769,44.35423],[-113.81769,44.3545],[-113.81543,44.3545],[-113.81543,44.35423],[-113.81355,44.35423],[-113.81355,44.35369],[-113.81279,44.35369],[-113.81279,44.35342],[-113.81242,44.35342],[-113.81242,44.35315],[-113.81166,44.35288],[-113.81166,44.35261],[-113.81129,44.35261],[-113.81129,44.35207],[-113.81091,44.35207],[-113.81091,44.35154],[-113.81053,44.35154],[-113.81053,44.35046],[-113.80752,44.35046],[-113.80752,44.35019],[-113.80677,44.35019],[-113.80677,44.34992],[-113.80639,44.34992],[-113.80639,44.34965],[-113.80564,44.34938],[-113.80564,44.34911],[-113.80488,44.34884],[-113.80488,44.34857],[-113.80375,44.34857],[-113.80375,44.3483],[-113.803,44.3483],[-113.803,44.34803],[-113.80262,44.34803],[-113.80262,44.34776],[-113.80225,44.34776],[-113.80225,44.34749],[-113.80187,44.34749],[-113.80187,44.34722],[-113.80149,44.34722],[-113.80149,44.34668],[-113.80112,44.34668],[-113.80112,44.34453],[-113.80074,44.34453],[-113.80074,44.34399],[-113.80036,44.34399],[-113.80036,44.34345],[-113.79961,44.34345],[-113.79961,44.34318],[-113.79923,44.34318],[-113.79923,44.34291],[-113.79886,44.34291],[-113.79886,44.34264],[-113.79848,44.34264],[-113.79848,44.34237],[-113.79773,44.34237],[-113.79773,44.34183],[-113.79697,44.34183],[-113.79697,44.33995],[-113.79622,44.33995],[-113.79622,44.33968],[-113.79509,44.33968],[-113.79509,44.33914],[-113.79471,44.33914],[-113.79471,44.33833],[-113.79433,44.33833],[-113.79433,44.33806],[-113.79396,44.33806],[-113.79396,44.33779],[-113.79358,44.33779],[-113.79358,44.33752],[-113.7932,44.33752],[-113.7932,44.33698],[-113.79283,44.33698],[-113.79283,44.33644],[-113.79245,44.33644],[-113.79245,44.3359],[-113.79207,44.3359],[-113.79207,44.3351],[-113.79245,44.3351],[-113.79245,44.33483],[-113.79207,44.33483],[-113.79207,44.33402],[-113.7917,44.33402],[-113.7917,44.33375],[-113.79057,44.33375],[-113.79057,44.33429],[-113.79019,44.33429],[-113.79019,44.33402],[-113.78906,44.33402],[-113.78906,44.33375],[-113.78868,44.33375],[-113.78868,44.33348],[-113.78793,44.33348],[-113.78793,44.33321],[-113.78755,44.33321],[-113.78755,44.33294],[-113.79132,44.33294],[-113.79132,44.33348],[-113.79433,44.33321],[-113.79433,44.33294],[-113.79547,44.33294],[-113.79547,44.33267],[-113.79697,44.3324],[-113.79697,44.33132],[-113.7966,44.33132],[-113.7966,44.33105],[-113.79622,44.33105],[-113.79622,44.33078],[-113.79584,44.33078],[-113.79584,44.33051],[-113.79547,44.33051],[-113.79547,44.33025],[-113.79509,44.33025],[-113.79509,44.32998],[-113.79471,44.32998],[-113.79471,44.32971],[-113.79433,44.32971],[-113.79433,44.32944],[-113.7932,44.32944],[-113.7932,44.32971],[-113.79283,44.32971],[-113.79283,44.33025],[-113.79245,44.33025],[-113.79245,44.33078],[-113.79207,44.33078],[-113.79207,44.33105],[-113.7917,44.33105],[-113.7917,44.33132],[-113.79094,44.33132],[-113.79094,44.33105],[-113.79057,44.33105],[-113.79057,44.33051],[-113.78981,44.33025],[-113.78981,44.32998],[-113.78868,44.32998],[-113.78868,44.32917],[-113.78944,44.32917],[-113.78944,44.3289],[-113.78981,44.3289],[-113.78981,44.32863],[-113.79057,44.32863],[-113.79057,44.32836],[-113.79132,44.32809],[-113.79132,44.32782],[-113.79207,44.32755],[-113.79207,44.32728],[-113.79283,44.32701],[-113.79283,44.32647],[-113.7932,44.32647],[-113.7932,44.3262],[-113.79283,44.3262],[-113.79283,44.32593],[-113.7932,44.32593],[-113.7932,44.32566],[-113.79283,44.32566],[-113.79283,44.32539],[-113.79358,44.32539],[-113.79358,44.32513],[-113.79584,44.32513],[-113.79584,44.32539],[-113.79697,44.32539],[-113.79697,44.3227],[-113.79735,44.3227],[-113.79735,44.32108],[-113.79773,44.32108],[-113.79773,44.32054],[-113.7981,44.32054],[-113.7981,44.32027],[-113.79848,44.32027],[-113.79848,44.32],[-113.79886,44.32],[-113.79886,44.31947],[-113.79923,44.31947],[-113.79923,44.31866],[-113.79999,44.31839],[-113.79999,44.31758],[-113.80074,44.31731],[-113.80074,44.31677],[-113.80112,44.31677],[-113.80112,44.31623],[-113.80149,44.31623],[-113.80149,44.31569],[-113.80187,44.31569],[-113.80187,44.31542],[-113.80225,44.31542],[-113.80225,44.31515],[-113.80262,44.31515],[-113.80262,44.31488],[-113.803,44.31488],[-113.803,44.31461],[-113.80375,44.31461],[-113.80375,44.31435],[-113.80413,44.31435],[-113.80413,44.31408],[-113.80451,44.31408],[-113.80451,44.31381],[-113.80488,44.31381],[-113.80488,44.31354],[-113.80564,44.31327],[-113.80564,44.313],[-113.80677,44.313],[-113.80677,44.31273],[-113.80714,44.31273],[-113.80714,44.31246],[-113.80865,44.31219],[-113.80865,44.31246],[-113.81166,44.31246],[-113.81166,44.31273],[-113.81317,44.31273],[-113.81317,44.313],[-113.81393,44.313],[-113.81393,44.31327],[-113.81506,44.31327],[-113.81506,44.313],[-113.81882,44.313],[-113.81882,44.31327],[-113.82033,44.31327],[-113.82033,44.313],[-113.82108,44.31273],[-113.82108,44.31246],[-113.82184,44.31246],[-113.82184,44.31219],[-113.82146,44.31219],[-113.82146,44.31138],[-113.82108,44.31138],[-113.82108,44.31111],[-113.82033,44.31084],[-113.82033,44.31057],[-113.81882,44.3103],[-113.81882,44.31003],[-113.81769,44.31003],[-113.81769,44.30949],[-113.82108,44.30949],[-113.82108,44.30976],[-113.82146,44.30976],[-113.82146,44.31003],[-113.82221,44.31003],[-113.82221,44.3103],[-113.82259,44.3103],[-113.82259,44.31057],[-113.82297,44.31057],[-113.82297,44.31084],[-113.82334,44.31084],[-113.82334,44.31111],[-113.82372,44.31111],[-113.82372,44.31138],[-113.8256,44.31138],[-113.8256,44.31111],[-113.82598,44.31111],[-113.82598,44.31138],[-113.82673,44.31138],[-113.82673,44.313],[-113.82749,44.313],[-113.82749,44.31327],[-113.82862,44.31327],[-113.82862,44.31354],[-113.83012,44.31354],[-113.83012,44.31327],[-113.83125,44.31327],[-113.83125,44.313],[-113.83201,44.31273],[-113.83201,44.31246],[-113.83578,44.31219],[-113.83578,44.31192],[-113.83653,44.31192],[-113.83653,44.31165],[-113.83728,44.31165],[-113.83728,44.31138],[-113.83917,44.31138],[-113.83917,44.31219],[-113.83992,44.31219],[-113.83992,44.31192],[-113.8403,44.31192],[-113.8403,44.31165],[-113.83992,44.31165],[-113.83992,44.31111],[-113.84067,44.31084],[-113.84067,44.31057],[-113.84143,44.31057],[-113.84143,44.3103],[-113.84293,44.3103],[-113.84293,44.31003],[-113.84331,44.31003],[-113.84331,44.30976],[-113.84406,44.30949],[-113.84406,44.30922],[-113.84482,44.30922],[-113.84482,44.30896],[-113.84519,44.30896],[-113.84519,44.30869],[-113.84632,44.30869],[-113.84632,44.30842],[-113.84708,44.30842],[-113.84708,44.30815],[-113.84745,44.30815],[-113.84745,44.30788],[-113.84821,44.30788],[-113.84821,44.30761],[-113.84858,44.30761],[-113.84858,44.30734],[-113.84934,44.30734],[-113.84934,44.30761],[-113.85047,44.30761],[-113.85047,44.30707],[-113.85235,44.30707],[-113.85235,44.30734],[-113.85424,44.30734],[-113.85424,44.30761],[-113.85461,44.30761],[-113.85461,44.30815],[-113.85386,44.30842],[-113.85386,44.30869],[-113.85085,44.30869],[-113.85085,44.30896],[-113.84934,44.30896],[-113.84934,44.30922],[-113.84858,44.30922],[-113.84858,44.30949],[-113.84783,44.30949],[-113.84783,44.30976],[-113.84632,44.31003],[-113.84632,44.3103],[-113.84557,44.3103],[-113.84557,44.31057],[-113.84444,44.31057],[-113.84444,44.31084],[-113.84293,44.31084],[-113.84293,44.31111],[-113.84218,44.31111],[-113.84218,44.31138],[-113.84143,44.31165],[-113.84143,44.31246],[-113.84406,44.31246],[-113.84406,44.31273],[-113.8467,44.31273],[-113.8467,44.31246],[-113.85348,44.31246],[-113.85348,44.31219],[-113.85612,44.31219],[-113.85612,44.31192],[-113.85763,44.31192],[-113.85763,44.31165],[-113.85838,44.31165],[-113.85838,44.31138],[-113.86441,44.31138],[-113.86441,44.31165],[-113.86817,44.31165],[-113.86817,44.31192],[-113.86893,44.31192],[-113.86893,44.31219],[-113.86855,44.31219],[-113.86855,44.31246],[-113.86817,44.31246],[-113.86817,44.313],[-113.8678,44.313],[-113.8678,44.31354],[-113.86742,44.31354],[-113.86742,44.31381],[-113.86704,44.31381],[-113.86704,44.31408],[-113.86591,44.31408],[-113.86591,44.31435],[-113.86516,44.31461],[-113.86516,44.31623],[-113.86554,44.31623],[-113.86554,44.3165],[-113.86516,44.3165],[-113.86516,44.31758],[-113.86478,44.31758],[-113.86478,44.31893],[-113.86441,44.31893],[-113.86441,44.3192],[-113.86365,44.3192],[-113.86365,44.31947],[-113.86328,44.31947],[-113.86328,44.31974],[-113.86252,44.31974],[-113.86252,44.32],[-113.86177,44.32],[-113.86177,44.32027],[-113.86139,44.32027],[-113.86139,44.32081],[-113.86064,44.32108],[-113.86064,44.32162],[-113.86026,44.32162],[-113.86026,44.32189],[-113.85951,44.32216],[-113.85951,44.32243],[-113.85913,44.32243],[-113.85913,44.32297],[-113.85876,44.32297],[-113.85876,44.32324],[-113.85838,44.32324],[-113.85838,44.32351],[-113.858,44.32351],[-113.858,44.32378],[-113.85687,44.32378],[-113.85687,44.32405],[-113.85612,44.32432],[-113.85612,44.32513],[-113.85574,44.32513],[-113.85574,44.32593],[-113.85537,44.32593],[-113.85537,44.32701],[-113.85574,44.32701],[-113.85574,44.32728],[-113.85687,44.32728],[-113.85687,44.32701],[-113.85876,44.32701],[-113.85876,44.32728],[-113.85913,44.32728],[-113.85913,44.32836],[-113.85838,44.32863],[-113.85838,44.32917],[-113.85763,44.32944],[-113.85763,44.32998],[-113.8565,44.32998],[-113.8565,44.32944],[-113.85537,44.32944],[-113.85537,44.32917],[-113.85461,44.3289],[-113.85461,44.32917],[-113.85424,44.32917],[-113.85424,44.32971],[-113.85386,44.32971],[-113.85386,44.32998],[-113.85311,44.32998],[-113.85311,44.33025],[-113.85273,44.33025],[-113.85273,44.33051],[-113.85235,44.33051],[-113.85235,44.33078],[-113.85198,44.33078],[-113.85198,44.33105],[-113.8516,44.33105],[-113.8516,44.33132],[-113.85047,44.33132],[-113.85047,44.33159],[-113.84971,44.33159],[-113.84971,44.3324],[-113.85009,44.3324],[-113.85009,44.33321],[-113.85047,44.33321],[-113.85047,44.33483],[-113.85009,44.33483],[-113.85009,44.33537],[-113.84971,44.33537],[-113.84971,44.33564],[-113.84934,44.33564],[-113.84934,44.3359],[-113.84896,44.3359],[-113.84896,44.33698],[-113.84858,44.33698],[-113.84858,44.33833],[-113.84896,44.33833],[-113.84896,44.3386],[-113.84858,44.3386],[-113.84858,44.33887],[-113.84896,44.33887],[-113.84896,44.33914],[-113.84858,44.33914],[-113.84858,44.33968],[-113.84821,44.33968],[-113.84821,44.34022],[-113.84745,44.34022],[-113.84745,44.34076],[-113.84708,44.34076],[-113.84708,44.34103],[-113.84595,44.34103],[-113.84595,44.34129],[-113.84519,44.34129],[-113.84519,44.34156],[-113.84369,44.34156],[-113.84369,44.34129],[-113.84256,44.34129],[-113.84256,44.34183],[-113.84143,44.34183],[-113.84143,44.34103],[-113.84293,44.34103],[-113.84293,44.33995],[-113.84256,44.33995],[-113.84256,44.33914],[-113.8403,44.33914],[-113.8403,44.33941],[-113.83954,44.33941],[-113.83954,44.33968],[-113.8354,44.33968],[-113.8354,44.33995],[-113.83502,44.33995],[-113.83502,44.34022],[-113.83427,44.34022],[-113.83427,44.34076],[-113.83389,44.34076],[-113.83389,44.34103],[-113.83427,44.34103],[-113.83427,44.34129],[-113.83502,44.34156],[-113.83502,44.3421],[-113.8354,44.3421],[-113.8354,44.34264],[-113.83578,44.34264],[-113.83578,44.34291],[-113.83653,44.34291],[-113.83653,44.34264],[-113.83691,44.34264],[-113.83691,44.34103],[-113.83728,44.34103],[-113.83728,44.34076],[-113.83804,44.34076],[-113.83804,44.34156],[-113.83766,44.34156],[-113.83766,44.34264],[-113.83804,44.34264],[-113.83804,44.34318],[-113.83841,44.34318],[-113.83841,44.34345],[-113.83691,44.34345],[-113.83691,44.34426],[-113.83766,44.34453],[-113.83766,44.3448],[-113.83841,44.3448],[-113.83841,44.34507],[-113.83879,44.34507],[-113.83879,44.34534],[-113.8403,44.34534],[-113.8403,44.34642],[-113.84067,44.34642],[-113.84067,44.34668],[-113.8403,44.34668],[-113.8403,44.34695],[-113.83917,44.34695],[-113.83917,44.34722],[-113.83841,44.34722],[-113.83841,44.34749],[-113.83804,44.34749],[-113.83804,44.34776],[-113.83728,44.34776],[-113.83728,44.3483],[-113.83578,44.3483],[-113.83578,44.34722],[-113.8354,44.34722],[-113.8354,44.34588],[-113.83615,44.34588],[-113.83615,44.34507],[-113.83578,44.34507],[-113.83578,44.34453],[-113.8354,44.34453],[-113.8354,44.34399],[-113.83427,44.34399],[-113.83427,44.34372],[-113.83352,44.34372],[-113.83352,44.34399],[-113.83163,44.34399],[-113.83163,44.34372],[-113.83125,44.34372],[-113.83125,44.34345],[-113.82937,44.34345],[-113.82937,44.34372],[-113.82862,44.34399],[-113.82862,44.34426],[-113.82786,44.34453],[-113.82786,44.34507],[-113.82711,44.34507],[-113.82711,44.34534],[-113.82749,44.34534],[-113.82749,44.34561],[-113.82711,44.34561],[-113.82711,44.34588],[-113.82749,44.34588],[-113.82749,44.34642],[-113.82786,44.34642],[-113.82786,44.34668],[-113.82749,44.34668],[-113.82749,44.34695],[-113.82824,44.34695],[-113.82824,44.34749],[-113.82899,44.34749],[-113.82899,44.34776],[-113.82937,44.34776],[-113.82937,44.34803],[-113.83012,44.34803],[-113.83012,44.34857],[-113.83088,44.34857],[-113.83088,44.34884],[-113.8305,44.34884],[-113.8305,44.34938],[-113.83012,44.34938],[-113.83012,44.34992],[-113.82975,44.34992],[-113.82975,44.35019],[-113.82937,44.35019],[-113.82937,44.34992],[-113.82786,44.34992],[-113.82786,44.34938],[-113.82598,44.34938],[-113.82598,44.34965],[-113.82636,44.34965],[-113.82636,44.35046],[-113.82673,44.35046],[-113.82673,44.35073],[-113.82711,44.35073],[-113.82711,44.351],[-113.82786,44.351],[-113.82786,44.35127],[-113.82824,44.35127],[-113.82824,44.35154],[-113.82862,44.35154],[-113.82862,44.35234],[-113.82937,44.35234],[-113.82937,44.35261],[-113.83012,44.35261],[-113.83012,44.35288],[-113.83163,44.35315],[-113.83163,44.35342],[-113.83276,44.35342],[-113.83276,44.35315],[-113.83427,44.35315],[-113.83427,44.35288],[-113.83578,44.35288],[-113.83578,44.35261],[-113.83653,44.35234],[-113.83653,44.35127],[-113.83691,44.35127],[-113.83691,44.351],[-113.83728,44.351],[-113.83728,44.35073],[-113.83766,44.35073],[-113.83766,44.35046],[-113.83804,44.35046],[-113.83804,44.35019],[-113.83841,44.35019],[-113.83841,44.34965],[-113.83917,44.34938],[-113.83917,44.34884],[-113.83954,44.34884],[-113.83954,44.34857],[-113.83992,44.34857],[-113.83992,44.3483],[-113.84143,44.3483],[-113.84143,44.34857],[-113.84218,44.34857],[-113.84218,44.34803],[-113.84256,44.34803],[-113.84256,44.34776],[-113.8418,44.34749],[-113.8418,44.34668],[-113.84256,44.34642],[-113.84256,44.34561],[-113.84331,44.34534],[-113.84331,44.34399],[-113.84105,44.34399],[-113.84105,44.34426],[-113.84143,44.34426],[-113.84143,44.34453],[-113.83992,44.34453],[-113.83992,44.34345],[-113.83954,44.34345],[-113.83954,44.34318],[-113.8403,44.34318],[-113.8403,44.34291],[-113.84067,44.34291],[-113.84067,44.34264],[-113.84143,44.34264],[-113.84143,44.3421],[-113.84218,44.3421],[-113.84218,44.34264],[-113.84293,44.34264],[-113.84293,44.34291],[-113.84331,44.34291],[-113.84331,44.34318],[-113.84369,44.34318],[-113.84369,44.34372],[-113.84519,44.34372],[-113.84519,44.34399],[-113.84745,44.34399],[-113.84745,44.34426],[-113.84783,44.34426],[-113.84783,44.34453],[-113.84858,44.34453],[-113.84858,44.34399],[-113.84821,44.34399],[-113.84821,44.34318],[-113.84858,44.34318],[-113.84858,44.34264],[-113.84934,44.34237],[-113.84934,44.3421],[-113.85009,44.34183],[-113.85009,44.34156],[-113.85047,44.34156],[-113.85047,44.34103],[-113.85122,44.34103],[-113.85122,44.34076],[-113.85198,44.34049],[-113.85198,44.33995],[-113.85235,44.33995],[-113.85235,44.33941],[-113.85273,44.33941],[-113.85273,44.33887],[-113.85311,44.33887],[-113.85311,44.33833],[-113.85386,44.33806],[-113.85386,44.33779],[-113.85461,44.33752],[-113.85461,44.33725],[-113.85537,44.33725],[-113.85537,44.33698],[-113.85687,44.33671],[-113.85687,44.33644],[-113.85989,44.33644],[-113.85989,44.33671],[-113.86064,44.33671],[-113.86064,44.33725],[-113.86026,44.33725],[-113.86026,44.33752],[-113.85876,44.33752],[-113.85876,44.33779],[-113.85838,44.33779],[-113.85838,44.33887],[-113.85913,44.33887],[-113.85913,44.33941],[-113.85951,44.33941],[-113.85951,44.33968],[-113.85913,44.33968],[-113.85913,44.34022],[-113.85876,44.34022],[-113.85876,44.34049],[-113.85838,44.34049],[-113.85838,44.34076],[-113.858,44.34076],[-113.858,44.34022],[-113.85763,44.34022],[-113.85763,44.33968],[-113.85687,44.33968],[-113.85687,44.33941],[-113.85574,44.33941],[-113.85574,44.33968],[-113.85537,44.33968],[-113.85537,44.34103],[-113.85612,44.34129],[-113.85612,44.34237],[-113.8565,44.34237],[-113.8565,44.34264],[-113.85725,44.34264],[-113.85725,44.34291],[-113.85763,44.34291],[-113.85763,44.34345],[-113.85725,44.34345],[-113.85725,44.34399],[-113.8565,44.34399],[-113.8565,44.34426],[-113.85612,44.34426],[-113.85612,44.34453],[-113.85537,44.3448],[-113.85537,44.34507],[-113.85386,44.34507],[-113.85386,44.34561],[-113.85499,44.34561],[-113.85499,44.34588],[-113.85574,44.34588],[-113.85574,44.34615],[-113.85612,44.34615],[-113.85612,44.34668],[-113.85574,44.34668],[-113.85574,44.34695],[-113.85537,44.34695],[-113.85537,44.34722],[-113.85461,44.34722],[-113.85461,44.34749],[-113.85386,44.34776],[-113.85386,44.3483],[-113.85348,44.3483],[-113.85348,44.34884],[-113.85311,44.34884],[-113.85311,44.35046],[-113.85273,44.35046],[-113.85273,44.35073],[-113.85235,44.35073],[-113.85235,44.35046],[-113.8516,44.35046],[-113.8516,44.351],[-113.85198,44.351],[-113.85198,44.35154],[-113.85122,44.35154],[-113.85122,44.3518],[-113.85047,44.35207],[-113.85047,44.35261],[-113.85009,44.35261],[-113.85009,44.35288],[-113.84971,44.35288],[-113.84971,44.35315],[-113.84896,44.35315],[-113.84896,44.35342],[-113.84858,44.35342],[-113.84858,44.35369],[-113.84783,44.35369],[-113.84783,44.35396],[-113.84745,44.35396],[-113.84745,44.3545],[-113.84708,44.3545],[-113.84708,44.35504],[-113.8467,44.35504],[-113.8467,44.35558],[-113.84632,44.35558],[-113.84632,44.35639],[-113.84595,44.35639],[-113.84595,44.35693],[-113.84557,44.35693],[-113.84557,44.35719],[-113.84444,44.35719],[-113.84444,44.35693],[-113.84369,44.35693],[-113.84369,44.35666],[-113.84256,44.35666],[-113.84256,44.35693],[-113.84143,44.35693],[-113.84143,44.35719],[-113.84105,44.35719],[-113.84105,44.35827],[-113.84143,44.35827],[-113.84143,44.35854],[-113.84218,44.35881],[-113.84218,44.35908],[-113.84256,44.35908],[-113.84256,44.35962],[-113.84218,44.35962],[-113.84218,44.36016],[-113.83917,44.36016],[-113.83917,44.36232],[-113.83879,44.36232],[-113.83879,44.36258],[-113.83917,44.36258],[-113.83917,44.36285],[-113.83879,44.36285],[-113.83879,44.36312],[-113.83841,44.36312],[-113.83841,44.36285],[-113.83728,44.36285],[-113.83728,44.36232],[-113.83691,44.36232],[-113.83691,44.36151],[-113.83653,44.36151],[-113.83653,44.36124],[-113.83502,44.36124],[-113.83502,44.36151],[-113.8354,44.36151],[-113.8354,44.36178],[-113.83502,44.36178],[-113.83502,44.36205],[-113.8354,44.36205],[-113.8354,44.36232],[-113.83465,44.36258],[-113.83465,44.36232],[-113.83239,44.36232],[-113.83239,44.36178],[-113.83201,44.36178],[-113.83201,44.36151],[-113.83163,44.36151],[-113.83163,44.36124],[-113.8305,44.36124],[-113.8305,44.36097],[-113.82975,44.36097],[-113.82975,44.36124],[-113.82937,44.36124],[-113.82937,44.36205],[-113.82975,44.36205],[-113.82975,44.36258],[-113.83012,44.36258],[-113.83012,44.36285],[-113.82975,44.36285],[-113.82975,44.36339],[-113.82862,44.36339],[-113.82862,44.36285],[-113.82786,44.36285]],[[-113.83502,44.36016],[-113.83465,44.36016],[-113.83465,44.35962],[-113.83352,44.35962],[-113.83352,44.35989],[-113.83389,44.35989],[-113.83389,44.36016],[-113.83352,44.36016],[-113.83352,44.36043],[-113.83427,44.3607],[-113.83427,44.36097],[-113.8354,44.36097],[-113.8354,44.3607],[-113.83502,44.3607],[-113.83502,44.36016]],[[-113.83201,44.36043],[-113.83239,44.36043],[-113.83239,44.36016],[-113.83201,44.36016],[-113.83201,44.36043]],[[-113.84105,44.35423],[-113.8418,44.35423],[-113.8418,44.35396],[-113.84105,44.35396],[-113.84105,44.35423]],[[-113.81393,44.35396],[-113.8143,44.35396],[-113.8143,44.35369],[-113.81393,44.35369],[-113.81393,44.35396]],[[-113.8094,44.34965],[-113.80978,44.34965],[-113.80978,44.34938],[-113.8094,44.34938],[-113.8094,44.34965]],[[-113.82636,44.34911],[-113.82749,44.34911],[-113.82749,44.34884],[-113.82636,44.34884],[-113.82636,44.34911]],[[-113.8403,44.34426],[-113.84067,44.34426],[-113.84067,44.34399],[-113.8403,44.34399],[-113.8403,44.34426]],[[-113.81694,44.34129],[-113.81732,44.34129],[-113.81732,44.34049],[-113.81769,44.34049],[-113.81769,44.34022],[-113.8192,44.33995],[-113.8192,44.33752],[-113.81732,44.33752],[-113.81732,44.33779],[-113.81694,44.33779],[-113.81694,44.33806],[-113.81656,44.33806],[-113.81656,44.3386],[-113.81581,44.3386],[-113.81581,44.33914],[-113.81506,44.33914],[-113.81506,44.3421],[-113.81656,44.3421],[-113.81656,44.34183],[-113.81694,44.34183],[-113.81694,44.34129]],[[-113.84519,44.33941],[-113.84482,44.33941],[-113.84482,44.33914],[-113.84406,44.33914],[-113.84406,44.3386],[-113.84256,44.3386],[-113.84256,44.33887],[-113.84293,44.33887],[-113.84293,44.33914],[-113.84331,44.33914],[-113.84331,44.33941],[-113.84406,44.33941],[-113.84406,44.33968],[-113.84444,44.33968],[-113.84444,44.33995],[-113.84482,44.33995],[-113.84482,44.33968],[-113.84519,44.33968],[-113.84519,44.33941]],[[-113.85763,44.33806],[-113.85687,44.33779],[-113.85687,44.33806],[-113.85612,44.33806],[-113.85612,44.3386],[-113.8565,44.3386],[-113.8565,44.33887],[-113.85725,44.33887],[-113.85725,44.33833],[-113.85763,44.33833],[-113.85763,44.33806]],[[-113.80903,44.33833],[-113.80978,44.33833],[-113.80978,44.33806],[-113.81016,44.33806],[-113.81016,44.33779],[-113.81053,44.33779],[-113.81053,44.33752],[-113.81091,44.33752],[-113.81091,44.33725],[-113.81166,44.33698],[-113.81166,44.33671],[-113.81242,44.33644],[-113.81242,44.3359],[-113.81279,44.3359],[-113.81279,44.3351],[-113.81317,44.3351],[-113.81317,44.33456],[-113.81355,44.33456],[-113.81355,44.33402],[-113.81393,44.33402],[-113.81393,44.33321],[-113.81355,44.33321],[-113.81355,44.33294],[-113.81393,44.33294],[-113.81393,44.33267],[-113.81317,44.33267],[-113.81317,44.33213],[-113.81279,44.33213],[-113.81279,44.3324],[-113.81204,44.33213],[-113.81204,44.33267],[-113.81129,44.33267],[-113.81129,44.33294],[-113.81053,44.33267],[-113.81053,44.33348],[-113.81016,44.33348],[-113.81016,44.33321],[-113.8094,44.33348],[-113.8094,44.33321],[-113.80903,44.33321],[-113.80903,44.33348],[-113.8079,44.33348],[-113.8079,44.33375],[-113.80752,44.33375],[-113.80752,44.33456],[-113.8079,44.33456],[-113.8079,44.33483],[-113.80752,44.33483],[-113.80752,44.3351],[-113.8079,44.3351],[-113.8079,44.33537],[-113.80752,44.33537],[-113.80752,44.33617],[-113.80714,44.33617],[-113.80714,44.33644],[-113.80677,44.33644],[-113.80677,44.33671],[-113.80639,44.33671],[-113.80639,44.33698],[-113.80601,44.33698],[-113.80601,44.33725],[-113.80564,44.33725],[-113.80564,44.33833],[-113.80601,44.33833],[-113.80601,44.3386],[-113.80639,44.3386],[-113.80639,44.33887],[-113.80827,44.33887],[-113.80827,44.3386],[-113.80903,44.3386],[-113.80903,44.33833]],[[-113.83163,44.33752],[-113.83201,44.33752],[-113.83201,44.33725],[-113.83163,44.33725],[-113.83163,44.33752]],[[-113.80714,44.33267],[-113.80677,44.33267],[-113.80677,44.33213],[-113.80639,44.33213],[-113.80639,44.33159],[-113.80488,44.33132],[-113.80488,44.33159],[-113.80451,44.33159],[-113.80451,44.33267],[-113.80413,44.33267],[-113.80413,44.33294],[-113.80375,44.33294],[-113.80375,44.33321],[-113.80187,44.33321],[-113.80187,44.33348],[-113.80149,44.33348],[-113.80149,44.33375],[-113.80074,44.33402],[-113.80074,44.33429],[-113.79923,44.33429],[-113.79923,44.33456],[-113.79848,44.33456],[-113.79848,44.3351],[-113.79773,44.33537],[-113.79773,44.33617],[-113.7981,44.33617],[-113.7981,44.33644],[-113.79848,44.33644],[-113.79848,44.33671],[-113.79961,44.33671],[-113.79961,44.33644],[-113.80036,44.33644],[-113.80036,44.33617],[-113.80112,44.33617],[-113.80112,44.33644],[-113.80225,44.33644],[-113.80225,44.33537],[-113.80262,44.33537],[-113.80262,44.33483],[-113.803,44.33483],[-113.803,44.33456],[-113.80338,44.33456],[-113.80338,44.33429],[-113.80375,44.33429],[-113.80375,44.33402],[-113.80413,44.33402],[-113.80413,44.33375],[-113.80488,44.33375],[-113.80488,44.33348],[-113.80639,44.33348],[-113.80639,44.33321],[-113.80714,44.33294],[-113.80714,44.33267]],[[-113.80677,44.33348],[-113.80714,44.33348],[-113.80714,44.33321],[-113.80677,44.33321],[-113.80677,44.33348]],[[-113.83201,44.33429],[-113.83239,44.33429],[-113.83239,44.33402],[-113.83201,44.33402],[-113.83201,44.33429]],[[-113.83088,44.33159],[-113.8305,44.33159],[-113.8305,44.33105],[-113.82899,44.33105],[-113.82899,44.33132],[-113.82824,44.33132],[-113.82824,44.33159],[-113.82711,44.33159],[-113.82711,44.33132],[-113.8256,44.33132],[-113.8256,44.33105],[-113.82334,44.33105],[-113.82334,44.33132],[-113.82259,44.33132],[-113.82259,44.33159],[-113.82221,44.33159],[-113.82221,44.33186],[-113.82259,44.33186],[-113.82259,44.33213],[-113.82334,44.3324],[-113.82334,44.33294],[-113.82372,44.33294],[-113.82372,44.33321],[-113.8241,44.33321],[-113.8241,44.33348],[-113.82447,44.33348],[-113.82447,44.33375],[-113.82485,44.33375],[-113.82485,44.33402],[-113.82673,44.33402],[-113.82673,44.33375],[-113.82711,44.33375],[-113.82711,44.33402],[-113.83125,44.33402],[-113.83125,44.3324],[-113.83088,44.3324],[-113.83088,44.33159]],[[-113.83163,44.33321],[-113.83201,44.33321],[-113.83201,44.33294],[-113.83163,44.33294],[-113.83163,44.33321]],[[-113.84745,44.33025],[-113.84708,44.33025],[-113.84708,44.33051],[-113.84745,44.33051],[-113.84745,44.33025]],[[-113.84708,44.32998],[-113.8467,44.32998],[-113.8467,44.33025],[-113.84708,44.33025],[-113.84708,44.32998]],[[-113.8467,44.32971],[-113.84632,44.32971],[-113.84632,44.32998],[-113.8467,44.32998],[-113.8467,44.32971]],[[-113.84632,44.32944],[-113.84595,44.32944],[-113.84595,44.32971],[-113.84632,44.32971],[-113.84632,44.32944]],[[-113.82259,44.32863],[-113.82221,44.32863],[-113.82221,44.32917],[-113.82297,44.32917],[-113.82297,44.3289],[-113.82259,44.3289],[-113.82259,44.32863]],[[-113.80451,44.32782],[-113.80413,44.32782],[-113.80413,44.32755],[-113.80375,44.32755],[-113.80375,44.32728],[-113.80338,44.32728],[-113.80338,44.32701],[-113.80187,44.32701],[-113.80187,44.32782],[-113.80225,44.32782],[-113.80225,44.32809],[-113.803,44.32809],[-113.803,44.32836],[-113.80375,44.32836],[-113.80375,44.32863],[-113.80451,44.32836],[-113.80451,44.32782]],[[-113.82297,44.32674],[-113.82334,44.32674],[-113.82334,44.32647],[-113.82297,44.32647],[-113.82297,44.32674]],[[-113.81166,44.3262],[-113.81204,44.3262],[-113.81204,44.32593],[-113.81166,44.32593],[-113.81166,44.32566],[-113.81129,44.32566],[-113.81129,44.32539],[-113.81016,44.32539],[-113.81016,44.32566],[-113.80978,44.32566],[-113.80978,44.32647],[-113.81091,44.32647],[-113.81091,44.32674],[-113.81129,44.32674],[-113.81129,44.32647],[-113.81166,44.32647],[-113.81166,44.3262]],[[-113.82297,44.32486],[-113.82259,44.32486],[-113.82259,44.32459],[-113.82184,44.32459],[-113.82184,44.32539],[-113.82259,44.32566],[-113.82259,44.32539],[-113.82297,44.32539],[-113.82297,44.32486]],[[-113.81769,44.32324],[-113.81845,44.32324],[-113.81845,44.32243],[-113.81769,44.32243],[-113.81769,44.32324]]],[[[-113.84067,44.3448],[-113.84067,44.34507],[-113.83992,44.34507],[-113.83992,44.3448],[-113.84067,44.3448]]],[[[-113.83917,44.36312],[-113.83917,44.36339],[-113.83879,44.36339],[-113.83879,44.36312],[-113.83917,44.36312]]],[[[-113.83163,44.36339],[-113.83163,44.36312],[-113.83201,44.36312],[-113.83201,44.36258],[-113.83314,44.36258],[-113.83314,44.36285],[-113.83276,44.36285],[-113.83276,44.36312],[-113.83314,44.36312],[-113.83314,44.36393],[-113.83239,44.36393],[-113.83239,44.36339],[-113.83163,44.36339]]],[[[-113.84331,44.36393],[-113.84369,44.36393],[-113.84369,44.36366],[-113.84557,44.36366],[-113.84557,44.36393],[-113.84595,44.36393],[-113.84595,44.3642],[-113.84557,44.3642],[-113.84557,44.36447],[-113.84406,44.36447],[-113.84406,44.36474],[-113.84369,44.36474],[-113.84369,44.36447],[-113.84331,44.36447],[-113.84331,44.36393]]],[[[-113.84218,44.36636],[-113.84293,44.36636],[-113.84293,44.3669],[-113.84331,44.3669],[-113.84331,44.36717],[-113.84256,44.36717],[-113.84256,44.3669],[-113.84218,44.3669],[-113.84218,44.36636]]]]},"properties":{"layer":"predicted_reach_h09","fire_name":"Doublesprings","irwin_id":"{960C064B-1764-4834-BD28-90FB69A4AB4A}","model":"arrival_run","checkpoint_epoch":216,"decode":"connected_causal","operating_point":{"floor":0.0,"mult":0.9},"val_precision":null,"val_recall":null,"model_caveat":"arrival_run chosen for best RECALL among the six FlameFlux v3 candidates on the production-valid t0-window corpus (R=0.624 on the fc2 held-out fires, R=0.432 on Dillon -- see candidate_comparison.md from the 2026-07-24 comparison). It does NOT meet the project's P>=0.50/R>=0.80 target: precision is the WORST of the six (P=0.120 on fc2 -- most flagged growth is wrong), and wind_run actually edges it on F1. IMPORTANT CAVEAT: arrival_run trained on the leaky 'observed' corpus (crop centered/sized on t0|t1, i.e. it saw the future perimeter's geometry during training) and has NEVER seen a t0-window crop -- the ONLY geometry this live pipeline can ever produce at forecast time (the future perimeter is, by definition, unknown). So every live prediction from this model is out-of-distribution relative to its own training. The measured t0-window numbers above already reflect that (they are not a surprise), but this is 'best available', not 'production-ready' -- represent it that way. The operating_point (floor=0.0, mult=0.9) is the VAL-selected connected-causal decode point; it did NOT clear the 0.50 precision floor during selection (feasible=False, val P=0.270/R=0.259) -- it's the best-F1 fallback point, not a precision-guaranteed one.","issued_at_utc":"2026-08-05 02:36:31.645281+00:00","valid_from_utc":"2026-08-05 00:00:00","valid_to_utc":"2026-08-06 00:00:00","wfigs_date_current_utc":"2026-08-05 02:05:06+00:00","pixel_size_m":30,"veg_source":"refreshed_d4","physics_source":"eikonal_fbfm40","history_n_dates":1,"degraded_history":true,"containment_pct":0.0,"acres_wfigs":1021.012899130312,"hour":9,"valid_at_utc":"2026-08-05 09:00:00"}},{"type":"Feature","geometry":{"type":"MultiPolygon","coordinates":[[[[-113.8143,44.30842],[-113.81393,44.30842],[-113.81393,44.30788],[-113.8143,44.30788],[-113.8143,44.30761],[-113.81543,44.30761],[-113.81543,44.30788],[-113.81506,44.30788],[-113.81506,44.30842],[-113.81468,44.30842],[-113.81468,44.30869],[-113.8143,44.30869],[-113.8143,44.30842]]],[[[-113.87006,44.31677],[-113.87006,44.3165],[-113.87044,44.3165],[-113.87044,44.31677],[-113.87081,44.31677],[-113.87081,44.31704],[-113.86968,44.31704],[-113.86968,44.31677],[-113.87006,44.31677]]],[[[-113.79019,44.33483],[-113.79019,44.33429],[-113.78868,44.33402],[-113.78868,44.33375],[-113.78793,44.33348],[-113.78793,44.33321],[-113.78718,44.33294],[-113.78718,44.33267],[-113.79019,44.33267],[-113.79019,44.3324],[-113.79132,44.3324],[-113.79132,44.33294],[-113.79207,44.33294],[-113.79207,44.33321],[-113.7932,44.33321],[-113.7932,44.33294],[-113.79509,44.33294],[-113.79509,44.33267],[-113.7966,44.3324],[-113.7966,44.33213],[-113.79697,44.33213],[-113.79697,44.33159],[-113.7966,44.33159],[-113.7966,44.33132],[-113.79622,44.33132],[-113.79622,44.33105],[-113.79584,44.33105],[-113.79584,44.33051],[-113.79509,44.33051],[-113.79509,44.32998],[-113.79471,44.32998],[-113.79471,44.32971],[-113.79433,44.32971],[-113.79433,44.32944],[-113.7932,44.32944],[-113.7932,44.32998],[-113.79283,44.32998],[-113.79283,44.33051],[-113.79245,44.33051],[-113.79245,44.33105],[-113.79207,44.33105],[-113.79207,44.33132],[-113.7917,44.33132],[-113.7917,44.33159],[-113.79094,44.33159],[-113.79094,44.33105],[-113.79057,44.33105],[-113.79057,44.33078],[-113.79019,44.33078],[-113.79019,44.33051],[-113.78944,44.33051],[-113.78944,44.33025],[-113.78906,44.33025],[-113.78906,44.32998],[-113.78831,44.32998],[-113.78831,44.32944],[-113.78868,44.32944],[-113.78868,44.3289],[-113.78944,44.32863],[-113.78944,44.32728],[-113.78981,44.32728],[-113.78981,44.32674],[-113.79019,44.32674],[-113.79019,44.32701],[-113.79094,44.32728],[-113.79094,44.32755],[-113.7917,44.32755],[-113.7917,44.32728],[-113.79245,44.32701],[-113.79245,44.32674],[-113.79283,44.32674],[-113.79283,44.32566],[-113.79245,44.32566],[-113.79245,44.32539],[-113.79283,44.32539],[-113.79283,44.32513],[-113.79547,44.32513],[-113.79547,44.32486],[-113.79622,44.32513],[-113.79622,44.32486],[-113.79697,44.32486],[-113.79697,44.32459],[-113.7966,44.32459],[-113.7966,44.32432],[-113.79697,44.32432],[-113.79697,44.32405],[-113.7966,44.32405],[-113.7966,44.3227],[-113.79697,44.3227],[-113.79697,44.32108],[-113.79735,44.32108],[-113.79735,44.32054],[-113.79773,44.32054],[-113.79773,44.32027],[-113.79848,44.32],[-113.79848,44.31947],[-113.79886,44.31947],[-113.79886,44.31893],[-113.79923,44.31893],[-113.79923,44.31812],[-113.79961,44.31812],[-113.79961,44.31731],[-113.79999,44.31731],[-113.79999,44.31704],[-113.80036,44.31704],[-113.80036,44.31677],[-113.80074,44.31677],[-113.80074,44.31623],[-113.80112,44.31623],[-113.80112,44.31596],[-113.80149,44.31596],[-113.80149,44.31569],[-113.80187,44.31569],[-113.80187,44.31515],[-113.80225,44.31515],[-113.80225,44.31488],[-113.80262,44.31488],[-113.80262,44.31461],[-113.80338,44.31461],[-113.80338,44.31435],[-113.80375,44.31435],[-113.80375,44.31408],[-113.80413,44.31408],[-113.80413,44.31381],[-113.80451,44.31381],[-113.80451,44.31354],[-113.80488,44.31354],[-113.80488,44.31327],[-113.80564,44.313],[-113.80564,44.31273],[-113.80639,44.31273],[-113.80639,44.31246],[-113.80714,44.31246],[-113.80714,44.31219],[-113.81016,44.31219],[-113.81016,44.31246],[-113.81279,44.31246],[-113.81279,44.31273],[-113.81355,44.31273],[-113.81355,44.313],[-113.81656,44.313],[-113.81656,44.31273],[-113.81732,44.31273],[-113.81732,44.31246],[-113.81882,44.31246],[-113.81882,44.31273],[-113.8192,44.31273],[-113.8192,44.313],[-113.82033,44.313],[-113.82033,44.31273],[-113.81995,44.31273],[-113.81995,44.31246],[-113.82108,44.31246],[-113.82108,44.31138],[-113.82071,44.31138],[-113.82071,44.31111],[-113.82033,44.31111],[-113.82033,44.31084],[-113.81958,44.31084],[-113.81958,44.31057],[-113.81882,44.31057],[-113.81882,44.3103],[-113.81732,44.31003],[-113.81732,44.30949],[-113.81807,44.30949],[-113.81807,44.30922],[-113.8192,44.30922],[-113.8192,44.30949],[-113.82108,44.30949],[-113.82108,44.30976],[-113.82184,44.30976],[-113.82184,44.31003],[-113.82221,44.31003],[-113.82221,44.3103],[-113.82297,44.3103],[-113.82297,44.31057],[-113.82334,44.31057],[-113.82334,44.31084],[-113.82372,44.31084],[-113.82372,44.31111],[-113.8241,44.31111],[-113.8241,44.31138],[-113.82523,44.31138],[-113.82523,44.31111],[-113.82673,44.31111],[-113.82673,44.31138],[-113.82711,44.31138],[-113.82711,44.31219],[-113.82673,44.31219],[-113.82673,44.31273],[-113.82711,44.31273],[-113.82711,44.313],[-113.82824,44.313],[-113.82824,44.31327],[-113.83088,44.31327],[-113.83088,44.313],[-113.83163,44.313],[-113.83163,44.31273],[-113.83239,44.31246],[-113.83239,44.31219],[-113.83465,44.31219],[-113.83465,44.31192],[-113.83653,44.31192],[-113.83653,44.31165],[-113.83728,44.31165],[-113.83728,44.31138],[-113.83954,44.31138],[-113.83954,44.31111],[-113.8403,44.31084],[-113.8403,44.31057],[-113.84105,44.31057],[-113.84105,44.3103],[-113.84256,44.3103],[-113.84256,44.31003],[-113.84331,44.30976],[-113.84331,44.30949],[-113.84369,44.30949],[-113.84369,44.30922],[-113.84444,44.30922],[-113.84444,44.30896],[-113.84482,44.30896],[-113.84482,44.30869],[-113.84557,44.30869],[-113.84557,44.30842],[-113.84632,44.30842],[-113.84632,44.30815],[-113.84708,44.30815],[-113.84708,44.30788],[-113.84783,44.30788],[-113.84783,44.30761],[-113.84821,44.30761],[-113.84821,44.30734],[-113.84896,44.30734],[-113.84896,44.30707],[-113.85009,44.30707],[-113.85009,44.30653],[-113.85085,44.30653],[-113.85085,44.3068],[-113.8516,44.3068],[-113.8516,44.30707],[-113.85461,44.30734],[-113.85461,44.30761],[-113.85499,44.30761],[-113.85499,44.30788],[-113.85461,44.30788],[-113.85461,44.30842],[-113.85424,44.30842],[-113.85424,44.30869],[-113.8516,44.30869],[-113.8516,44.30896],[-113.84971,44.30896],[-113.84971,44.30922],[-113.84896,44.30922],[-113.84896,44.30949],[-113.84821,44.30949],[-113.84821,44.30976],[-113.84745,44.30976],[-113.84745,44.31003],[-113.8467,44.31003],[-113.8467,44.3103],[-113.84519,44.31057],[-113.84519,44.31084],[-113.84406,44.31084],[-113.84406,44.31111],[-113.84256,44.31111],[-113.84256,44.31138],[-113.8418,44.31165],[-113.8418,44.31246],[-113.84482,44.31246],[-113.84482,44.31273],[-113.84632,44.31273],[-113.84632,44.31246],[-113.85273,44.31246],[-113.85273,44.31219],[-113.85574,44.31219],[-113.85574,44.31192],[-113.85725,44.31192],[-113.85725,44.31165],[-113.858,44.31165],[-113.858,44.31138],[-113.86215,44.31138],[-113.86215,44.31111],[-113.86252,44.31111],[-113.86252,44.31138],[-113.8629,44.31138],[-113.8629,44.31111],[-113.86328,44.31111],[-113.86328,44.31138],[-113.86742,44.31138],[-113.86742,44.31165],[-113.86855,44.31165],[-113.86855,44.31192],[-113.86931,44.31192],[-113.86931,44.31219],[-113.86893,44.31219],[-113.86893,44.31246],[-113.86855,44.31246],[-113.86855,44.31273],[-113.86817,44.31273],[-113.86817,44.31327],[-113.8678,44.31327],[-113.8678,44.31381],[-113.86742,44.31381],[-113.86742,44.31408],[-113.86667,44.31408],[-113.86667,44.31435],[-113.86591,44.31435],[-113.86591,44.31488],[-113.86554,44.31488],[-113.86554,44.31569],[-113.86591,44.31569],[-113.86591,44.31704],[-113.86554,44.31704],[-113.86554,44.31866],[-113.86516,44.31866],[-113.86516,44.3192],[-113.86441,44.3192],[-113.86441,44.31947],[-113.86365,44.31947],[-113.86365,44.31974],[-113.8629,44.31974],[-113.8629,44.32],[-113.86215,44.32],[-113.86215,44.32027],[-113.86139,44.32027],[-113.86139,44.32081],[-113.86102,44.32081],[-113.86102,44.32135],[-113.86064,44.32135],[-113.86064,44.32162],[-113.86026,44.32162],[-113.86026,44.32189],[-113.85989,44.32189],[-113.85989,44.32216],[-113.85951,44.32216],[-113.85951,44.32243],[-113.85913,44.32243],[-113.85913,44.32297],[-113.85876,44.32297],[-113.85876,44.32324],[-113.85838,44.32324],[-113.85838,44.32351],[-113.858,44.32351],[-113.858,44.32378],[-113.85687,44.32378],[-113.85687,44.32405],[-113.85612,44.32432],[-113.85612,44.32513],[-113.85574,44.32513],[-113.85574,44.32593],[-113.85537,44.32593],[-113.85537,44.32701],[-113.85612,44.32701],[-113.85612,44.32728],[-113.8565,44.32728],[-113.8565,44.32701],[-113.85763,44.32701],[-113.85763,44.32674],[-113.85838,44.32674],[-113.85838,44.32701],[-113.85913,44.32701],[-113.85913,44.32755],[-113.85951,44.32755],[-113.85951,44.32836],[-113.85913,44.32836],[-113.85913,44.3289],[-113.85876,44.3289],[-113.85876,44.32917],[-113.85838,44.32917],[-113.85838,44.32944],[-113.858,44.32944],[-113.858,44.32998],[-113.85763,44.32998],[-113.85763,44.33025],[-113.85838,44.33051],[-113.85838,44.33078],[-113.85989,44.33078],[-113.85989,44.33159],[-113.85951,44.33159],[-113.85951,44.33186],[-113.85989,44.33186],[-113.85989,44.33213],[-113.85951,44.33213],[-113.85951,44.33294],[-113.85989,44.33294],[-113.85989,44.33348],[-113.85951,44.33348],[-113.85951,44.33375],[-113.85913,44.33375],[-113.85913,44.33402],[-113.85876,44.33402],[-113.85876,44.33429],[-113.85838,44.33429],[-113.85838,44.33456],[-113.858,44.33456],[-113.858,44.33483],[-113.85725,44.33483],[-113.85725,44.33456],[-113.8565,44.33456],[-113.8565,44.33429],[-113.85612,44.33429],[-113.85612,44.33402],[-113.8565,44.33402],[-113.8565,44.33348],[-113.85687,44.33348],[-113.85687,44.33294],[-113.85725,44.33294],[-113.85725,44.3324],[-113.85763,44.3324],[-113.85763,44.33186],[-113.858,44.33186],[-113.858,44.33159],[-113.85763,44.33159],[-113.85763,44.33132],[-113.85725,44.33132],[-113.85725,44.33105],[-113.85537,44.33105],[-113.85537,44.33051],[-113.85499,44.33051],[-113.85499,44.33025],[-113.85537,44.33025],[-113.85537,44.32998],[-113.85499,44.32998],[-113.85499,44.32944],[-113.85424,44.32944],[-113.85424,44.32971],[-113.85348,44.32998],[-113.85348,44.33025],[-113.85273,44.33025],[-113.85273,44.33051],[-113.85235,44.33051],[-113.85235,44.33078],[-113.8516,44.33105],[-113.8516,44.33132],[-113.85085,44.33132],[-113.85085,44.33159],[-113.85009,44.33186],[-113.85009,44.33321],[-113.85047,44.33321],[-113.85047,44.3351],[-113.84971,44.33537],[-113.84971,44.3359],[-113.84934,44.3359],[-113.84934,44.33644],[-113.84896,44.33644],[-113.84896,44.33887],[-113.84934,44.33887],[-113.84934,44.33914],[-113.84896,44.33914],[-113.84896,44.33968],[-113.84858,44.33968],[-113.84858,44.34022],[-113.84821,44.34022],[-113.84821,44.34076],[-113.84783,44.34076],[-113.84783,44.34103],[-113.84632,44.34103],[-113.84632,44.34129],[-113.84557,44.34129],[-113.84557,44.34156],[-113.84482,44.34156],[-113.84482,44.34183],[-113.84331,44.34183],[-113.84331,44.34318],[-113.84369,44.34318],[-113.84369,44.34345],[-113.84406,44.34345],[-113.84406,44.34372],[-113.84783,44.34372],[-113.84783,44.34318],[-113.84821,44.34318],[-113.84821,44.34291],[-113.84858,44.34291],[-113.84858,44.34264],[-113.84896,44.34264],[-113.84896,44.3421],[-113.84971,44.3421],[-113.84971,44.34156],[-113.85009,44.34156],[-113.85009,44.34103],[-113.85085,44.34103],[-113.85085,44.34076],[-113.85122,44.34076],[-113.85122,44.34049],[-113.8516,44.34049],[-113.8516,44.34022],[-113.85198,44.34022],[-113.85198,44.33968],[-113.85235,44.33968],[-113.85235,44.33914],[-113.85273,44.33914],[-113.85273,44.3386],[-113.85311,44.3386],[-113.85311,44.33833],[-113.85348,44.33833],[-113.85348,44.33779],[-113.85386,44.33779],[-113.85386,44.33752],[-113.85424,44.33752],[-113.85424,44.33725],[-113.85461,44.33725],[-113.85461,44.33564],[-113.85499,44.33564],[-113.85499,44.33537],[-113.85537,44.33537],[-113.85537,44.33644],[-113.85499,44.33644],[-113.85499,44.33671],[-113.8565,44.33671],[-113.8565,44.33644],[-113.85951,44.33644],[-113.85951,44.33617],[-113.85989,44.33617],[-113.85989,44.33644],[-113.86064,44.33644],[-113.86064,44.33671],[-113.86177,44.33671],[-113.86177,44.33698],[-113.86139,44.33698],[-113.86139,44.33725],[-113.86102,44.33725],[-113.86102,44.33752],[-113.86026,44.33752],[-113.86026,44.33779],[-113.85913,44.33779],[-113.85913,44.33887],[-113.85951,44.33887],[-113.85951,44.33941],[-113.85989,44.33941],[-113.85989,44.33995],[-113.86026,44.33995],[-113.86026,44.34022],[-113.85989,44.34022],[-113.85989,44.34183],[-113.85951,44.34183],[-113.85951,44.34237],[-113.85913,44.34237],[-113.85913,44.34291],[-113.85838,44.34291],[-113.85838,44.34318],[-113.858,44.34318],[-113.858,44.34345],[-113.85763,44.34345],[-113.85763,44.34372],[-113.85687,44.34399],[-113.85687,44.34426],[-113.8565,44.34426],[-113.8565,44.34453],[-113.85574,44.3448],[-113.85574,44.34507],[-113.85424,44.34507],[-113.85424,44.34561],[-113.85574,44.34561],[-113.85574,44.34588],[-113.85612,44.34588],[-113.85612,44.34615],[-113.8565,44.34615],[-113.8565,44.34668],[-113.85612,44.34668],[-113.85612,44.34722],[-113.85574,44.34722],[-113.85574,44.34776],[-113.85461,44.34776],[-113.85461,44.3483],[-113.85424,44.3483],[-113.85424,44.34884],[-113.85386,44.34884],[-113.85386,44.34911],[-113.85461,44.34911],[-113.85461,44.34938],[-113.85424,44.34938],[-113.85424,44.34965],[-113.85461,44.34965],[-113.85461,44.34992],[-113.85424,44.34992],[-113.85424,44.35019],[-113.85461,44.35019],[-113.85461,44.35046],[-113.85424,44.35046],[-113.85424,44.35073],[-113.85461,44.35073],[-113.85461,44.351],[-113.85424,44.351],[-113.85424,44.35127],[-113.85386,44.35127],[-113.85386,44.35154],[-113.85311,44.35154],[-113.85311,44.3518],[-113.85198,44.3518],[-113.85198,44.35207],[-113.85122,44.35207],[-113.85122,44.35234],[-113.85047,44.35261],[-113.85047,44.35288],[-113.84971,44.35315],[-113.84971,44.35342],[-113.84934,44.35342],[-113.84934,44.35369],[-113.84821,44.35369],[-113.84821,44.35396],[-113.84745,44.35423],[-113.84745,44.35477],[-113.84708,44.35477],[-113.84708,44.35531],[-113.8467,44.35531],[-113.8467,44.35612],[-113.84632,44.35612],[-113.84632,44.35666],[-113.84557,44.35693],[-113.84557,44.35719],[-113.84519,44.35719],[-113.84519,44.35746],[-113.84482,44.35746],[-113.84482,44.35719],[-113.84406,44.35719],[-113.84406,44.35693],[-113.84218,44.35693],[-113.84218,44.35719],[-113.84143,44.35746],[-113.84143,44.35827],[-113.8418,44.35827],[-113.8418,44.35854],[-113.84218,44.35854],[-113.84218,44.35881],[-113.84256,44.35881],[-113.84256,44.35935],[-113.84293,44.35935],[-113.84293,44.35962],[-113.84256,44.35962],[-113.84256,44.36016],[-113.84218,44.36016],[-113.84218,44.36043],[-113.8418,44.36043],[-113.8418,44.3607],[-113.84105,44.3607],[-113.84105,44.36043],[-113.83954,44.36043],[-113.83954,44.36178],[-113.83917,44.36178],[-113.83917,44.36366],[-113.83879,44.36366],[-113.83879,44.36339],[-113.83804,44.36339],[-113.83804,44.36312],[-113.83691,44.36312],[-113.83691,44.36285],[-113.83653,44.36285],[-113.83653,44.36258],[-113.83691,44.36258],[-113.83691,44.36232],[-113.83653,44.36232],[-113.83653,44.36178],[-113.83578,44.36178],[-113.83578,44.36258],[-113.83615,44.36258],[-113.83615,44.36285],[-113.83578,44.36285],[-113.83578,44.36312],[-113.8354,44.36312],[-113.8354,44.36285],[-113.83427,44.36285],[-113.83427,44.36258],[-113.83389,44.36258],[-113.83389,44.36285],[-113.83352,44.36285],[-113.83352,44.36312],[-113.83389,44.36312],[-113.83389,44.36339],[-113.83352,44.36339],[-113.83352,44.36366],[-113.83389,44.36366],[-113.83389,44.36393],[-113.83276,44.36393],[-113.83276,44.3642],[-113.83239,44.3642],[-113.83239,44.36393],[-113.83163,44.36366],[-113.83163,44.36339],[-113.83125,44.36339],[-113.83125,44.36312],[-113.83088,44.36312],[-113.83088,44.36339],[-113.82975,44.36339],[-113.82975,44.36366],[-113.82862,44.36366],[-113.82862,44.36339],[-113.82786,44.36312],[-113.82786,44.36285],[-113.82711,44.36285],[-113.82711,44.36178],[-113.82673,44.36178],[-113.82673,44.36151],[-113.82711,44.36151],[-113.82711,44.36043],[-113.82749,44.36043],[-113.82749,44.36016],[-113.82786,44.36016],[-113.82786,44.35989],[-113.82862,44.35989],[-113.82862,44.35962],[-113.82899,44.35962],[-113.82899,44.35935],[-113.83088,44.35935],[-113.83088,44.35908],[-113.83125,44.35908],[-113.83125,44.35854],[-113.83088,44.35854],[-113.83088,44.358],[-113.8305,44.358],[-113.8305,44.35693],[-113.83012,44.35693],[-113.83012,44.35666],[-113.8305,44.35666],[-113.8305,44.35639],[-113.83012,44.35639],[-113.83012,44.35531],[-113.82975,44.35531],[-113.82975,44.35477],[-113.82937,44.35477],[-113.82937,44.35423],[-113.82899,44.35423],[-113.82899,44.35396],[-113.82862,44.35396],[-113.82862,44.35369],[-113.82786,44.35369],[-113.82786,44.35342],[-113.82184,44.35342],[-113.82184,44.35369],[-113.82033,44.35369],[-113.82033,44.35396],[-113.81958,44.35396],[-113.81958,44.35423],[-113.81807,44.35423],[-113.81807,44.3545],[-113.81732,44.3545],[-113.81732,44.35477],[-113.81581,44.35477],[-113.81581,44.3545],[-113.81355,44.3545],[-113.81355,44.35423],[-113.81317,44.35423],[-113.81317,44.35396],[-113.81279,44.35396],[-113.81279,44.35369],[-113.81242,44.35369],[-113.81242,44.35342],[-113.81204,44.35342],[-113.81204,44.35315],[-113.81166,44.35315],[-113.81166,44.35261],[-113.81129,44.35261],[-113.81129,44.35234],[-113.81091,44.35234],[-113.81091,44.35207],[-113.81053,44.35207],[-113.81053,44.35154],[-113.81016,44.35154],[-113.81016,44.351],[-113.80978,44.351],[-113.80978,44.35073],[-113.80903,44.35073],[-113.80903,44.35046],[-113.80865,44.35046],[-113.80865,44.35073],[-113.80827,44.35073],[-113.80827,44.35046],[-113.80677,44.35046],[-113.80677,44.35019],[-113.80639,44.35019],[-113.80639,44.34992],[-113.80564,44.34992],[-113.80564,44.34965],[-113.80526,44.34965],[-113.80526,44.34884],[-113.803,44.34857],[-113.803,44.3483],[-113.80225,44.34803],[-113.80225,44.34776],[-113.80149,44.34776],[-113.80149,44.34722],[-113.80112,44.34722],[-113.80112,44.34668],[-113.80074,44.34668],[-113.80074,44.34453],[-113.79999,44.34453],[-113.79999,44.34399],[-113.79961,44.34399],[-113.79961,44.34345],[-113.79923,44.34345],[-113.79923,44.34318],[-113.79886,44.34318],[-113.79886,44.34291],[-113.79848,44.34291],[-113.79848,44.34264],[-113.79773,44.34264],[-113.79773,44.34237],[-113.79735,44.34237],[-113.79735,44.3421],[-113.7966,44.34183],[-113.7966,44.34156],[-113.79697,44.34156],[-113.79697,44.34129],[-113.7966,44.34129],[-113.7966,44.34022],[-113.79509,44.34022],[-113.79509,44.33968],[-113.79471,44.33968],[-113.79471,44.3386],[-113.79433,44.3386],[-113.79433,44.33833],[-113.79396,44.33833],[-113.79396,44.33806],[-113.79358,44.33806],[-113.79358,44.33779],[-113.7932,44.33779],[-113.7932,44.33752],[-113.79207,44.33752],[-113.79207,44.33725],[-113.79245,44.33725],[-113.79245,44.33644],[-113.79207,44.33644],[-113.79207,44.3359],[-113.7917,44.3359],[-113.7917,44.33537],[-113.79132,44.33537],[-113.79132,44.3351],[-113.79094,44.3351],[-113.79094,44.33483],[-113.79019,44.33483]],[[-113.83163,44.36312],[-113.83163,44.36285],[-113.83125,44.36285],[-113.83125,44.36312],[-113.83163,44.36312]],[[-113.83088,44.36285],[-113.8305,44.36285],[-113.8305,44.36312],[-113.83088,44.36312],[-113.83088,44.36285]],[[-113.83125,44.35935],[-113.83163,44.35935],[-113.83163,44.35908],[-113.83125,44.35908],[-113.83125,44.35935]],[[-113.7917,44.3351],[-113.7917,44.33483],[-113.79132,44.33483],[-113.79132,44.3351],[-113.7917,44.3351]],[[-113.83125,44.36151],[-113.83088,44.36151],[-113.83088,44.36124],[-113.82975,44.36124],[-113.82975,44.36205],[-113.83012,44.36205],[-113.83012,44.36232],[-113.8305,44.36232],[-113.8305,44.36258],[-113.83163,44.36258],[-113.83163,44.36178],[-113.83125,44.36178],[-113.83125,44.36151]],[[-113.83578,44.35261],[-113.83615,44.35261],[-113.83615,44.3518],[-113.83653,44.3518],[-113.83653,44.351],[-113.83804,44.35046],[-113.83804,44.34992],[-113.83879,44.34965],[-113.83879,44.34911],[-113.83917,44.34911],[-113.83917,44.34857],[-113.83954,44.34857],[-113.83954,44.3483],[-113.8403,44.3483],[-113.8403,44.34803],[-113.84143,44.34803],[-113.84143,44.3483],[-113.84218,44.3483],[-113.84218,44.34776],[-113.84143,44.34749],[-113.84143,44.34695],[-113.84218,44.34668],[-113.84218,44.34615],[-113.84256,44.34615],[-113.84256,44.34534],[-113.84331,44.34507],[-113.84331,44.34426],[-113.84293,44.34426],[-113.84293,44.34399],[-113.84218,44.34399],[-113.84218,44.34426],[-113.84143,44.34453],[-113.84143,44.34507],[-113.84067,44.34534],[-113.84067,44.34695],[-113.83992,44.34695],[-113.83992,44.34722],[-113.83917,44.34722],[-113.83917,44.34749],[-113.83879,44.34749],[-113.83879,44.34776],[-113.83804,44.34776],[-113.83804,44.3483],[-113.83728,44.3483],[-113.83728,44.34857],[-113.83691,44.34857],[-113.83691,44.34884],[-113.83653,44.34884],[-113.83653,44.34911],[-113.83615,44.34911],[-113.83615,44.34938],[-113.8354,44.34911],[-113.8354,44.34722],[-113.83502,44.34722],[-113.83502,44.34588],[-113.83578,44.34561],[-113.83578,44.34507],[-113.8354,44.34507],[-113.8354,44.34453],[-113.83502,44.34453],[-113.83502,44.34426],[-113.83465,44.34426],[-113.83465,44.34399],[-113.82937,44.34399],[-113.82937,44.34426],[-113.82862,44.34453],[-113.82862,44.34507],[-113.82824,44.34507],[-113.82824,44.34588],[-113.82862,44.34588],[-113.82862,44.34615],[-113.82824,44.34615],[-113.82824,44.34642],[-113.82862,44.34642],[-113.82862,44.34695],[-113.82899,44.34695],[-113.82899,44.34722],[-113.82937,44.34722],[-113.82937,44.34749],[-113.83012,44.34749],[-113.83012,44.34776],[-113.8305,44.34776],[-113.8305,44.34803],[-113.83125,44.34803],[-113.83125,44.3483],[-113.83088,44.3483],[-113.83088,44.34857],[-113.83125,44.34857],[-113.83125,44.34938],[-113.83088,44.34938],[-113.83088,44.34992],[-113.8305,44.34992],[-113.8305,44.35046],[-113.83012,44.35046],[-113.83012,44.35073],[-113.82937,44.35073],[-113.82937,44.35046],[-113.82786,44.35046],[-113.82786,44.35019],[-113.82749,44.35019],[-113.82749,44.34992],[-113.82673,44.34992],[-113.82673,44.35019],[-113.82711,44.35019],[-113.82711,44.35073],[-113.82786,44.35073],[-113.82786,44.351],[-113.82824,44.351],[-113.82824,44.35127],[-113.82862,44.35127],[-113.82862,44.3518],[-113.82899,44.3518],[-113.82899,44.35234],[-113.82975,44.35234],[-113.82975,44.35261],[-113.8305,44.35261],[-113.8305,44.35288],[-113.83125,44.35288],[-113.83125,44.35315],[-113.83578,44.35288],[-113.83578,44.35261]],[[-113.83804,44.34372],[-113.83766,44.34372],[-113.83766,44.34426],[-113.83879,44.34426],[-113.83879,44.34399],[-113.83804,44.34399],[-113.83804,44.34372]],[[-113.83992,44.34264],[-113.84067,44.34264],[-113.84067,44.34237],[-113.84143,44.3421],[-113.84143,44.34183],[-113.84105,44.34183],[-113.84105,44.34129],[-113.84143,44.34129],[-113.84143,44.34103],[-113.8418,44.34103],[-113.8418,44.34076],[-113.84256,44.34076],[-113.84256,44.33968],[-113.84218,44.33968],[-113.84218,44.33914],[-113.8403,44.33914],[-113.8403,44.33941],[-113.83954,44.33941],[-113.83954,44.33968],[-113.83578,44.33968],[-113.83578,44.33995],[-113.83502,44.33995],[-113.83502,44.34022],[-113.83427,44.34022],[-113.83427,44.34129],[-113.83465,44.34129],[-113.83465,44.34156],[-113.8354,44.34183],[-113.8354,44.34237],[-113.83578,44.34237],[-113.83578,44.34264],[-113.83653,44.34264],[-113.83653,44.34129],[-113.83691,44.34129],[-113.83691,44.34076],[-113.83728,44.34076],[-113.83728,44.34049],[-113.83804,44.34049],[-113.83804,44.34183],[-113.83766,44.34183],[-113.83766,44.34237],[-113.83804,44.34237],[-113.83804,44.34291],[-113.83879,44.34291],[-113.83879,44.34318],[-113.83917,44.34318],[-113.83917,44.34291],[-113.83992,44.34291],[-113.83992,44.34264]],[[-113.858,44.34156],[-113.85838,44.34156],[-113.85838,44.34129],[-113.85725,44.34129],[-113.85725,44.34183],[-113.85687,44.34183],[-113.85687,44.34237],[-113.85763,44.34264],[-113.85763,44.3421],[-113.858,44.3421],[-113.858,44.34156]],[[-113.81581,44.34103],[-113.81506,44.34129],[-113.81506,44.34183],[-113.81543,44.34183],[-113.81543,44.3421],[-113.81619,44.3421],[-113.81619,44.34183],[-113.81656,44.34183],[-113.81656,44.34156],[-113.81694,44.34156],[-113.81694,44.34076],[-113.81656,44.34076],[-113.81656,44.34049],[-113.81619,44.34049],[-113.81619,44.34076],[-113.81581,44.34076],[-113.81581,44.34103]],[[-113.81694,44.34049],[-113.81694,44.34022],[-113.81656,44.34022],[-113.81656,44.34049],[-113.81694,44.34049]],[[-113.81619,44.33995],[-113.81694,44.33995],[-113.81694,44.33941],[-113.81732,44.33941],[-113.81732,44.33995],[-113.81769,44.33995],[-113.81769,44.33968],[-113.81845,44.33995],[-113.81845,44.33914],[-113.81882,44.33914],[-113.81882,44.33887],[-113.81845,44.33887],[-113.81845,44.33806],[-113.81732,44.33806],[-113.81732,44.33833],[-113.81694,44.33833],[-113.81694,44.3386],[-113.81656,44.3386],[-113.81656,44.33941],[-113.81581,44.33968],[-113.81581,44.34049],[-113.81619,44.34049],[-113.81619,44.33995]],[[-113.85725,44.33995],[-113.85612,44.33995],[-113.85612,44.34076],[-113.8565,44.34076],[-113.8565,44.34103],[-113.85763,44.34103],[-113.85763,44.34076],[-113.85725,44.34076],[-113.85725,44.33995]],[[-113.80903,44.33806],[-113.80978,44.33806],[-113.80978,44.33779],[-113.81053,44.33752],[-113.81053,44.33725],[-113.81091,44.33725],[-113.81091,44.33698],[-113.81166,44.33671],[-113.81166,44.33644],[-113.81242,44.33617],[-113.81242,44.33483],[-113.81279,44.33483],[-113.81279,44.33429],[-113.81242,44.33429],[-113.81242,44.33375],[-113.81204,44.33375],[-113.81204,44.33402],[-113.81129,44.33375],[-113.81129,44.33402],[-113.81053,44.33402],[-113.81053,44.33429],[-113.8094,44.33429],[-113.8094,44.33402],[-113.80865,44.33402],[-113.80865,44.33375],[-113.80827,44.33375],[-113.80827,44.33537],[-113.8079,44.33537],[-113.8079,44.3359],[-113.80752,44.3359],[-113.80752,44.33644],[-113.80677,44.33644],[-113.80677,44.33698],[-113.80601,44.33698],[-113.80601,44.33833],[-113.80639,44.33833],[-113.80639,44.3386],[-113.8079,44.3386],[-113.8079,44.33833],[-113.80903,44.33833],[-113.80903,44.33806]],[[-113.83163,44.33752],[-113.83201,44.33752],[-113.83201,44.33725],[-113.83163,44.33725],[-113.83163,44.33752]],[[-113.79999,44.33617],[-113.80225,44.33617],[-113.80225,44.3351],[-113.80262,44.3351],[-113.80262,44.33456],[-113.80338,44.33429],[-113.80338,44.33402],[-113.80413,44.33375],[-113.80413,44.33348],[-113.80488,44.33348],[-113.80488,44.33321],[-113.80639,44.33294],[-113.80639,44.33267],[-113.80601,44.33267],[-113.80601,44.3324],[-113.80639,44.3324],[-113.80639,44.33213],[-113.80601,44.33213],[-113.80601,44.33186],[-113.80564,44.33186],[-113.80564,44.33159],[-113.80488,44.33159],[-113.80488,44.33213],[-113.80451,44.33213],[-113.80451,44.3324],[-113.80488,44.3324],[-113.80488,44.33267],[-113.80451,44.33267],[-113.80451,44.33321],[-113.80375,44.33321],[-113.80375,44.33348],[-113.80187,44.33348],[-113.80187,44.33375],[-113.80149,44.33375],[-113.80149,44.33402],[-113.80112,44.33402],[-113.80112,44.33429],[-113.80074,44.33429],[-113.80074,44.33456],[-113.79886,44.33456],[-113.79886,44.33483],[-113.79848,44.33483],[-113.79848,44.33537],[-113.7981,44.33537],[-113.7981,44.33644],[-113.79848,44.33644],[-113.79848,44.33671],[-113.79923,44.33671],[-113.79923,44.33644],[-113.79999,44.33644],[-113.79999,44.33617]],[[-113.79132,44.33456],[-113.7917,44.33456],[-113.7917,44.33429],[-113.79132,44.33429],[-113.79132,44.33456]],[[-113.83201,44.33429],[-113.83239,44.33429],[-113.83239,44.33402],[-113.83201,44.33402],[-113.83201,44.33429]],[[-113.83125,44.3324],[-113.83088,44.3324],[-113.83088,44.33159],[-113.8305,44.33159],[-113.8305,44.33105],[-113.82899,44.33105],[-113.82899,44.33132],[-113.82824,44.33132],[-113.82824,44.33159],[-113.82711,44.33159],[-113.82711,44.33132],[-113.8256,44.33132],[-113.8256,44.33105],[-113.8241,44.33105],[-113.8241,44.33132],[-113.82297,44.33132],[-113.82297,44.33159],[-113.82259,44.33159],[-113.82259,44.33186],[-113.82297,44.33186],[-113.82297,44.3324],[-113.82334,44.3324],[-113.82334,44.33294],[-113.82372,44.33294],[-113.82372,44.33321],[-113.8241,44.33321],[-113.8241,44.33348],[-113.82485,44.33348],[-113.82485,44.33375],[-113.82523,44.33375],[-113.82523,44.33402],[-113.82598,44.33402],[-113.82598,44.33375],[-113.82786,44.33375],[-113.82786,44.33402],[-113.82824,44.33402],[-113.82824,44.33375],[-113.82975,44.33375],[-113.82975,44.33402],[-113.83088,44.33402],[-113.83088,44.33375],[-113.83125,44.33375],[-113.83125,44.3324]],[[-113.83163,44.33321],[-113.83201,44.33321],[-113.83201,44.33294],[-113.83163,44.33294],[-113.83163,44.33321]],[[-113.8467,44.33025],[-113.84708,44.33025],[-113.84708,44.32998],[-113.8467,44.32998],[-113.8467,44.33025]],[[-113.80375,44.32755],[-113.80338,44.32755],[-113.80338,44.32728],[-113.80262,44.32728],[-113.80262,44.32701],[-113.80187,44.32728],[-113.80187,44.32782],[-113.80225,44.32782],[-113.80225,44.32809],[-113.80375,44.32809],[-113.80375,44.32836],[-113.80413,44.32836],[-113.80413,44.32782],[-113.80375,44.32782],[-113.80375,44.32755]],[[-113.82297,44.32674],[-113.82334,44.32674],[-113.82334,44.32647],[-113.82297,44.32647],[-113.82297,44.32674]],[[-113.81053,44.32593],[-113.81091,44.32593],[-113.81091,44.32566],[-113.81053,44.32566],[-113.81053,44.32593]],[[-113.82221,44.32566],[-113.82259,44.32566],[-113.82259,44.32486],[-113.82221,44.32486],[-113.82221,44.32566]]],[[[-113.83578,44.36312],[-113.83653,44.36312],[-113.83653,44.36339],[-113.83578,44.36339],[-113.83578,44.36312]]],[[[-113.84331,44.3642],[-113.84331,44.36393],[-113.84369,44.36393],[-113.84369,44.36366],[-113.84632,44.36366],[-113.84632,44.36393],[-113.8467,44.36393],[-113.8467,44.3642],[-113.84708,44.3642],[-113.84708,44.36447],[-113.84519,44.36447],[-113.84519,44.36474],[-113.84293,44.36474],[-113.84293,44.3642],[-113.84331,44.3642]]],[[[-113.84293,44.36744],[-113.84293,44.36717],[-113.84218,44.36717],[-113.84218,44.3669],[-113.8418,44.3669],[-113.8418,44.36636],[-113.84218,44.36636],[-113.84218,44.36609],[-113.84293,44.36609],[-113.84293,44.36636],[-113.84331,44.36636],[-113.84331,44.3669],[-113.84369,44.3669],[-113.84369,44.36771],[-113.84293,44.36744]]]]},"properties":{"layer":"predicted_reach_h10","fire_name":"Doublesprings","irwin_id":"{960C064B-1764-4834-BD28-90FB69A4AB4A}","model":"arrival_run","checkpoint_epoch":216,"decode":"connected_causal","operating_point":{"floor":0.0,"mult":0.9},"val_precision":null,"val_recall":null,"model_caveat":"arrival_run chosen for best RECALL among the six FlameFlux v3 candidates on the production-valid t0-window corpus (R=0.624 on the fc2 held-out fires, R=0.432 on Dillon -- see candidate_comparison.md from the 2026-07-24 comparison). It does NOT meet the project's P>=0.50/R>=0.80 target: precision is the WORST of the six (P=0.120 on fc2 -- most flagged growth is wrong), and wind_run actually edges it on F1. IMPORTANT CAVEAT: arrival_run trained on the leaky 'observed' corpus (crop centered/sized on t0|t1, i.e. it saw the future perimeter's geometry during training) and has NEVER seen a t0-window crop -- the ONLY geometry this live pipeline can ever produce at forecast time (the future perimeter is, by definition, unknown). So every live prediction from this model is out-of-distribution relative to its own training. The measured t0-window numbers above already reflect that (they are not a surprise), but this is 'best available', not 'production-ready' -- represent it that way. The operating_point (floor=0.0, mult=0.9) is the VAL-selected connected-causal decode point; it did NOT clear the 0.50 precision floor during selection (feasible=False, val P=0.270/R=0.259) -- it's the best-F1 fallback point, not a precision-guaranteed one.","issued_at_utc":"2026-08-05 02:36:31.645281+00:00","valid_from_utc":"2026-08-05 00:00:00","valid_to_utc":"2026-08-06 00:00:00","wfigs_date_current_utc":"2026-08-05 02:05:06+00:00","pixel_size_m":30,"veg_source":"refreshed_d4","physics_source":"eikonal_fbfm40","history_n_dates":1,"degraded_history":true,"containment_pct":0.0,"acres_wfigs":1021.012899130312,"hour":10,"valid_at_utc":"2026-08-05 10:00:00"}},{"type":"Feature","geometry":{"type":"MultiPolygon","coordinates":[[[[-113.85612,44.30815],[-113.85612,44.30842],[-113.85574,44.30842],[-113.85574,44.30815],[-113.85612,44.30815]]],[[[-113.85461,44.31138],[-113.85461,44.31165],[-113.85424,44.31165],[-113.85424,44.31138],[-113.85461,44.31138]]],[[[-113.87081,44.3165],[-113.87081,44.31677],[-113.87119,44.31677],[-113.87119,44.31704],[-113.87081,44.31704],[-113.87081,44.31731],[-113.86968,44.31731],[-113.86968,44.3165],[-113.87081,44.3165]]],[[[-113.85198,44.33294],[-113.85235,44.33294],[-113.85235,44.33267],[-113.85198,44.33267],[-113.85198,44.3324],[-113.85348,44.3324],[-113.85348,44.33321],[-113.85273,44.33321],[-113.85273,44.33348],[-113.85235,44.33348],[-113.85235,44.33375],[-113.8516,44.33375],[-113.8516,44.33348],[-113.85198,44.33348],[-113.85198,44.33294]]],[[[-113.84745,44.36501],[-113.84708,44.36501],[-113.84708,44.36474],[-113.84406,44.36474],[-113.84406,44.36501],[-113.84293,44.36501],[-113.84293,44.36393],[-113.84331,44.36393],[-113.84331,44.36366],[-113.84406,44.36366],[-113.84406,44.36339],[-113.84557,44.36339],[-113.84557,44.36366],[-113.84708,44.36393],[-113.84708,44.3642],[-113.84783,44.36447],[-113.84783,44.36474],[-113.84858,44.36474],[-113.84858,44.36501],[-113.84896,44.36501],[-113.84896,44.36528],[-113.84934,44.36528],[-113.84934,44.36555],[-113.84783,44.36582],[-113.84783,44.36555],[-113.84745,44.36555],[-113.84745,44.36501]]],[[[-113.84369,44.36797],[-113.84369,44.36771],[-113.84218,44.36744],[-113.84218,44.36717],[-113.8418,44.36717],[-113.8418,44.36663],[-113.84143,44.36663],[-113.84143,44.36636],[-113.8418,44.36636],[-113.8418,44.36609],[-113.84256,44.36609],[-113.84256,44.36582],[-113.84331,44.36609],[-113.84331,44.36636],[-113.84406,44.36636],[-113.84406,44.36744],[-113.84444,44.36744],[-113.84444,44.36797],[-113.84482,44.36797],[-113.84482,44.36824],[-113.84406,44.36824],[-113.84406,44.36797],[-113.84369,44.36797]]],[[[-113.81355,44.30707],[-113.8143,44.30707],[-113.8143,44.30734],[-113.81543,44.30734],[-113.81543,44.30761],[-113.81581,44.30761],[-113.81581,44.30788],[-113.81506,44.30815],[-113.81506,44.30896],[-113.81355,44.30869],[-113.81355,44.30707]]],[[[-113.83125,44.31165],[-113.8305,44.31165],[-113.8305,44.31084],[-113.83125,44.31084],[-113.83125,44.31165]]],[[[-113.83201,44.3642],[-113.83201,44.36393],[-113.83125,44.36393],[-113.83125,44.36366],[-113.83088,44.36366],[-113.83088,44.36339],[-113.8305,44.36339],[-113.8305,44.36393],[-113.82862,44.36393],[-113.82862,44.36366],[-113.82824,44.36366],[-113.82824,44.36339],[-113.82711,44.36339],[-113.82711,44.36285],[-113.82673,44.36285],[-113.82673,44.36097],[-113.82711,44.36097],[-113.82711,44.36043],[-113.82749,44.36043],[-113.82749,44.35989],[-113.82786,44.35989],[-113.82786,44.35962],[-113.82824,44.35962],[-113.82824,44.35935],[-113.82937,44.35935],[-113.82937,44.35908],[-113.82975,44.35908],[-113.82975,44.35881],[-113.8305,44.35881],[-113.8305,44.35854],[-113.83012,44.35854],[-113.83012,44.35639],[-113.82975,44.35639],[-113.82975,44.35531],[-113.82937,44.35531],[-113.82937,44.35477],[-113.82899,44.35477],[-113.82899,44.35423],[-113.82824,44.35396],[-113.82824,44.35369],[-113.8256,44.35369],[-113.8256,44.35342],[-113.82372,44.35342],[-113.82372,44.35369],[-113.82334,44.35369],[-113.82334,44.35342],[-113.82297,44.35342],[-113.82297,44.35369],[-113.82071,44.35369],[-113.82071,44.35396],[-113.81995,44.35396],[-113.81995,44.35423],[-113.81845,44.35423],[-113.81845,44.3545],[-113.81732,44.3545],[-113.81732,44.35477],[-113.81355,44.35477],[-113.81355,44.3545],[-113.81279,44.35423],[-113.81279,44.35396],[-113.81204,44.35369],[-113.81204,44.35315],[-113.81129,44.35288],[-113.81129,44.35261],[-113.81091,44.35261],[-113.81091,44.35207],[-113.81053,44.35207],[-113.81053,44.35154],[-113.80978,44.35154],[-113.80978,44.351],[-113.8079,44.351],[-113.8079,44.35073],[-113.80714,44.35073],[-113.80714,44.35046],[-113.80488,44.35046],[-113.80488,44.35019],[-113.80526,44.35019],[-113.80526,44.34992],[-113.80488,44.34992],[-113.80488,44.34965],[-113.80526,44.34965],[-113.80526,44.34938],[-113.80451,44.34938],[-113.80451,44.34884],[-113.80262,44.34884],[-113.80262,44.3483],[-113.80187,44.3483],[-113.80187,44.34803],[-113.80149,44.34803],[-113.80149,44.34776],[-113.80074,44.34749],[-113.80074,44.34668],[-113.80036,44.34668],[-113.80036,44.34642],[-113.80074,44.34642],[-113.80074,44.34615],[-113.80036,44.34615],[-113.80036,44.34561],[-113.79999,44.34561],[-113.79999,44.34453],[-113.79923,44.34453],[-113.79923,44.34399],[-113.79886,44.34399],[-113.79886,44.34372],[-113.79923,44.34372],[-113.79923,44.34345],[-113.79848,44.34345],[-113.79848,44.34291],[-113.79773,44.34291],[-113.79773,44.34264],[-113.79735,44.34264],[-113.79735,44.34237],[-113.7966,44.34237],[-113.7966,44.34183],[-113.79622,44.34183],[-113.79622,44.34076],[-113.79471,44.34076],[-113.79471,44.34049],[-113.79509,44.34049],[-113.79509,44.34022],[-113.79471,44.34022],[-113.79471,44.33914],[-113.79433,44.33914],[-113.79433,44.3386],[-113.79396,44.3386],[-113.79396,44.33806],[-113.79207,44.33806],[-113.79207,44.33779],[-113.79132,44.33779],[-113.79132,44.33698],[-113.7917,44.33698],[-113.7917,44.3359],[-113.79132,44.3359],[-113.79132,44.33564],[-113.79094,44.33564],[-113.79094,44.33537],[-113.79057,44.33537],[-113.79057,44.3351],[-113.79019,44.3351],[-113.79019,44.33483],[-113.78981,44.33483],[-113.78981,44.33456],[-113.78944,44.33456],[-113.78944,44.33429],[-113.78906,44.33429],[-113.78906,44.33402],[-113.78831,44.33375],[-113.78831,44.33348],[-113.78755,44.33348],[-113.78755,44.33321],[-113.78718,44.33321],[-113.78718,44.33267],[-113.78755,44.33267],[-113.78755,44.3324],[-113.79057,44.3324],[-113.79057,44.33213],[-113.79094,44.33213],[-113.79094,44.33159],[-113.79057,44.33159],[-113.79057,44.33105],[-113.79019,44.33105],[-113.79019,44.33078],[-113.78944,44.33051],[-113.78944,44.33025],[-113.78868,44.33025],[-113.78868,44.32998],[-113.78831,44.32998],[-113.78831,44.32917],[-113.78868,44.32917],[-113.78868,44.32863],[-113.78906,44.32863],[-113.78906,44.32782],[-113.78944,44.32782],[-113.78944,44.32701],[-113.78981,44.32701],[-113.78981,44.32647],[-113.79019,44.32647],[-113.79019,44.32674],[-113.79057,44.32674],[-113.79057,44.32701],[-113.79094,44.32701],[-113.79094,44.32728],[-113.7917,44.32728],[-113.7917,44.32701],[-113.79245,44.32701],[-113.79245,44.32566],[-113.79207,44.32566],[-113.79207,44.32539],[-113.79245,44.32539],[-113.79245,44.32513],[-113.79283,44.32513],[-113.79283,44.32486],[-113.7966,44.32486],[-113.7966,44.32108],[-113.79697,44.32108],[-113.79697,44.32081],[-113.79735,44.32081],[-113.79735,44.32054],[-113.79773,44.32054],[-113.79773,44.32],[-113.7981,44.32],[-113.7981,44.31947],[-113.79848,44.31947],[-113.79848,44.31893],[-113.79886,44.31893],[-113.79886,44.31839],[-113.79923,44.31839],[-113.79923,44.31758],[-113.79961,44.31758],[-113.79961,44.31704],[-113.80036,44.31677],[-113.80036,44.31623],[-113.80074,44.31623],[-113.80074,44.31596],[-113.80112,44.31596],[-113.80112,44.31569],[-113.80149,44.31569],[-113.80149,44.31542],[-113.80187,44.31542],[-113.80187,44.31515],[-113.80225,44.31515],[-113.80225,44.31488],[-113.80262,44.31488],[-113.80262,44.31461],[-113.803,44.31461],[-113.803,44.31435],[-113.80338,44.31435],[-113.80338,44.31408],[-113.80413,44.31381],[-113.80413,44.31354],[-113.80451,44.31354],[-113.80451,44.31327],[-113.80488,44.31327],[-113.80488,44.313],[-113.80564,44.31273],[-113.80564,44.31246],[-113.80677,44.31246],[-113.80677,44.31219],[-113.80752,44.31219],[-113.80752,44.31192],[-113.80865,44.31192],[-113.80865,44.31219],[-113.81129,44.31219],[-113.81129,44.31246],[-113.81355,44.31246],[-113.81355,44.31273],[-113.81468,44.31273],[-113.81468,44.313],[-113.81506,44.313],[-113.81506,44.31273],[-113.81656,44.31273],[-113.81656,44.31246],[-113.81732,44.31246],[-113.81732,44.31219],[-113.81769,44.31219],[-113.81769,44.31192],[-113.8192,44.31192],[-113.8192,44.31246],[-113.82033,44.31246],[-113.82033,44.31219],[-113.82108,44.31192],[-113.82108,44.31165],[-113.82071,44.31165],[-113.82071,44.31138],[-113.82033,44.31138],[-113.82033,44.31111],[-113.81995,44.31111],[-113.81995,44.31084],[-113.8192,44.31084],[-113.8192,44.31057],[-113.81807,44.31057],[-113.81807,44.3103],[-113.81732,44.3103],[-113.81732,44.31003],[-113.81694,44.31003],[-113.81694,44.30976],[-113.81656,44.30976],[-113.81656,44.30949],[-113.81732,44.30949],[-113.81732,44.30922],[-113.82033,44.30922],[-113.82033,44.30949],[-113.82146,44.30949],[-113.82146,44.30976],[-113.82221,44.30976],[-113.82221,44.31003],[-113.82259,44.31003],[-113.82259,44.3103],[-113.82334,44.31057],[-113.82334,44.31084],[-113.8241,44.31084],[-113.8241,44.31111],[-113.82523,44.31111],[-113.82523,44.31084],[-113.82598,44.31084],[-113.82598,44.3103],[-113.82636,44.3103],[-113.82636,44.31084],[-113.82711,44.31111],[-113.82711,44.31165],[-113.82786,44.31192],[-113.82786,44.31219],[-113.82711,44.31219],[-113.82711,44.31273],[-113.82749,44.31273],[-113.82749,44.313],[-113.8305,44.31327],[-113.8305,44.313],[-113.83125,44.313],[-113.83125,44.31273],[-113.83163,44.31273],[-113.83163,44.31246],[-113.83239,44.31246],[-113.83239,44.31219],[-113.83276,44.31219],[-113.83276,44.31192],[-113.83314,44.31192],[-113.83314,44.31219],[-113.83389,44.31219],[-113.83389,44.31192],[-113.83653,44.31192],[-113.83653,44.31165],[-113.83691,44.31165],[-113.83691,44.31138],[-113.83879,44.31138],[-113.83879,44.31111],[-113.8403,44.31084],[-113.8403,44.31057],[-113.84067,44.31057],[-113.84067,44.3103],[-113.84143,44.3103],[-113.84143,44.31003],[-113.84293,44.31003],[-113.84293,44.30976],[-113.84331,44.30976],[-113.84331,44.30949],[-113.84369,44.30949],[-113.84369,44.30922],[-113.84406,44.30922],[-113.84406,44.30896],[-113.84444,44.30896],[-113.84444,44.30869],[-113.84519,44.30869],[-113.84519,44.30842],[-113.84557,44.30842],[-113.84557,44.30815],[-113.8467,44.30815],[-113.8467,44.30788],[-113.84745,44.30788],[-113.84745,44.30761],[-113.84783,44.30761],[-113.84783,44.30734],[-113.84934,44.30707],[-113.84934,44.3068],[-113.84971,44.3068],[-113.84971,44.30653],[-113.85122,44.30653],[-113.85122,44.3068],[-113.8516,44.3068],[-113.8516,44.30707],[-113.85424,44.30707],[-113.85424,44.30734],[-113.85499,44.30734],[-113.85499,44.30761],[-113.85537,44.30761],[-113.85537,44.30788],[-113.85499,44.30788],[-113.85499,44.30842],[-113.85424,44.30842],[-113.85424,44.30869],[-113.85348,44.30869],[-113.85348,44.30896],[-113.85009,44.30896],[-113.85009,44.30922],[-113.84934,44.30922],[-113.84934,44.30949],[-113.84821,44.30949],[-113.84821,44.30976],[-113.8467,44.31003],[-113.8467,44.3103],[-113.84632,44.3103],[-113.84632,44.31057],[-113.84557,44.31057],[-113.84557,44.31084],[-113.84519,44.31084],[-113.84519,44.31111],[-113.84293,44.31111],[-113.84293,44.31138],[-113.84218,44.31138],[-113.84218,44.31246],[-113.84519,44.31246],[-113.84519,44.31273],[-113.84595,44.31273],[-113.84595,44.31246],[-113.84745,44.31246],[-113.84745,44.31219],[-113.85386,44.31219],[-113.85386,44.31192],[-113.85687,44.31192],[-113.85687,44.31165],[-113.858,44.31165],[-113.858,44.31138],[-113.86139,44.31138],[-113.86139,44.31111],[-113.86177,44.31111],[-113.86177,44.31138],[-113.86215,44.31138],[-113.86215,44.31111],[-113.86478,44.31111],[-113.86478,44.31138],[-113.86817,44.31138],[-113.86817,44.31165],[-113.86931,44.31165],[-113.86931,44.31192],[-113.86968,44.31192],[-113.86968,44.31219],[-113.86931,44.31219],[-113.86931,44.31246],[-113.86893,44.31246],[-113.86893,44.31273],[-113.86855,44.31273],[-113.86855,44.313],[-113.86817,44.313],[-113.86817,44.31327],[-113.8678,44.31327],[-113.8678,44.31408],[-113.86629,44.31461],[-113.86629,44.31569],[-113.86667,44.31569],[-113.86667,44.31623],[-113.86704,44.31623],[-113.86704,44.3165],[-113.86667,44.3165],[-113.86667,44.31704],[-113.86591,44.31731],[-113.86591,44.31866],[-113.86554,44.31866],[-113.86554,44.31974],[-113.86403,44.31947],[-113.86403,44.31974],[-113.8629,44.31974],[-113.8629,44.32],[-113.86139,44.32027],[-113.86139,44.32081],[-113.86102,44.32081],[-113.86102,44.32135],[-113.86064,44.32135],[-113.86064,44.32162],[-113.86026,44.32162],[-113.86026,44.32189],[-113.85989,44.32189],[-113.85989,44.32216],[-113.85951,44.32216],[-113.85951,44.32243],[-113.85913,44.32243],[-113.85913,44.32324],[-113.85612,44.32432],[-113.85612,44.32513],[-113.85574,44.32513],[-113.85574,44.32593],[-113.85537,44.32593],[-113.85537,44.32701],[-113.85725,44.32701],[-113.85725,44.32674],[-113.85876,44.32674],[-113.85876,44.32701],[-113.85951,44.32728],[-113.85951,44.32782],[-113.85989,44.32782],[-113.85989,44.32809],[-113.85951,44.32809],[-113.85951,44.32863],[-113.85876,44.3289],[-113.85876,44.32944],[-113.85838,44.32944],[-113.85838,44.32998],[-113.858,44.32998],[-113.858,44.33025],[-113.85838,44.33025],[-113.85838,44.33051],[-113.86026,44.33051],[-113.86026,44.33105],[-113.85989,44.33105],[-113.85989,44.33186],[-113.86026,44.33186],[-113.86026,44.3324],[-113.86064,44.3324],[-113.86064,44.33294],[-113.86102,44.33294],[-113.86102,44.33321],[-113.86026,44.33348],[-113.86026,44.33375],[-113.85951,44.33375],[-113.85951,44.33429],[-113.85876,44.33429],[-113.85876,44.33483],[-113.85612,44.33483],[-113.85612,44.33537],[-113.85574,44.33537],[-113.85574,44.33644],[-113.85725,44.33644],[-113.85725,44.33617],[-113.86064,44.33617],[-113.86064,44.33644],[-113.86139,44.33644],[-113.86139,44.33671],[-113.86252,44.33671],[-113.86252,44.33644],[-113.86328,44.33617],[-113.86328,44.33671],[-113.86365,44.33671],[-113.86365,44.33752],[-113.86215,44.33752],[-113.86215,44.33725],[-113.86177,44.33725],[-113.86177,44.33752],[-113.86064,44.33752],[-113.86064,44.33779],[-113.86026,44.33779],[-113.86026,44.33806],[-113.85951,44.33806],[-113.85951,44.33914],[-113.85989,44.33914],[-113.85989,44.33968],[-113.86064,44.33995],[-113.86064,44.34183],[-113.86026,44.34183],[-113.86026,44.34237],[-113.85989,44.34237],[-113.85989,44.34291],[-113.85951,44.34291],[-113.85951,44.34318],[-113.85913,44.34318],[-113.85913,44.34345],[-113.858,44.34345],[-113.858,44.34372],[-113.85763,44.34372],[-113.85763,44.34399],[-113.85687,44.34399],[-113.85687,44.34453],[-113.85612,44.34453],[-113.85612,44.34507],[-113.85574,44.34507],[-113.85574,44.34561],[-113.8565,44.34588],[-113.8565,44.34642],[-113.85687,44.34642],[-113.85687,44.34668],[-113.8565,44.34668],[-113.8565,44.34803],[-113.85687,44.34803],[-113.85687,44.34884],[-113.8565,44.34884],[-113.8565,44.34938],[-113.85574,44.34938],[-113.85574,44.351],[-113.85499,44.35127],[-113.85499,44.35154],[-113.85386,44.35154],[-113.85386,44.3518],[-113.85311,44.3518],[-113.85311,44.35207],[-113.8516,44.35207],[-113.8516,44.35234],[-113.85085,44.35261],[-113.85085,44.35288],[-113.85009,44.35315],[-113.85009,44.35342],[-113.84971,44.35342],[-113.84971,44.35369],[-113.84821,44.35396],[-113.84821,44.35423],[-113.84783,44.35423],[-113.84783,44.35477],[-113.84745,44.35477],[-113.84745,44.35531],[-113.84708,44.35531],[-113.84708,44.35585],[-113.8467,44.35585],[-113.8467,44.35639],[-113.84632,44.35639],[-113.84632,44.35693],[-113.84595,44.35693],[-113.84595,44.35719],[-113.84557,44.35719],[-113.84557,44.35746],[-113.84369,44.35746],[-113.84369,44.35719],[-113.84256,44.35719],[-113.84256,44.35746],[-113.8418,44.35746],[-113.8418,44.35827],[-113.84218,44.35827],[-113.84218,44.35854],[-113.84256,44.35854],[-113.84256,44.35908],[-113.84293,44.35908],[-113.84293,44.36016],[-113.84256,44.36016],[-113.84256,44.3607],[-113.8418,44.3607],[-113.8418,44.36097],[-113.84143,44.36097],[-113.84143,44.3607],[-113.83954,44.3607],[-113.83954,44.36232],[-113.83917,44.36232],[-113.83917,44.36312],[-113.83954,44.36312],[-113.83954,44.36393],[-113.83841,44.36393],[-113.83841,44.36339],[-113.83804,44.36339],[-113.83804,44.36366],[-113.83766,44.36366],[-113.83766,44.36339],[-113.83728,44.36339],[-113.83728,44.36366],[-113.83615,44.36366],[-113.83615,44.36339],[-113.83427,44.36339],[-113.83427,44.36366],[-113.83389,44.36366],[-113.83389,44.36447],[-113.83239,44.36447],[-113.83239,44.3642],[-113.83201,44.3642]],[[-113.83012,44.36205],[-113.83125,44.36205],[-113.83125,44.36178],[-113.83012,44.36178],[-113.83012,44.36205]],[[-113.8354,44.35261],[-113.83615,44.35234],[-113.83615,44.35154],[-113.83653,44.35154],[-113.83653,44.351],[-113.83691,44.351],[-113.83691,44.35073],[-113.83728,44.35073],[-113.83728,44.35046],[-113.83766,44.35046],[-113.83766,44.35019],[-113.83804,44.35019],[-113.83804,44.34992],[-113.83841,44.34992],[-113.83841,44.34965],[-113.83879,44.34965],[-113.83879,44.34911],[-113.83917,44.34911],[-113.83917,44.3483],[-113.83954,44.3483],[-113.83954,44.34803],[-113.8418,44.34803],[-113.8418,44.34776],[-113.84143,44.34776],[-113.84143,44.34749],[-113.84105,44.34749],[-113.84105,44.34722],[-113.83954,44.34722],[-113.83954,44.34749],[-113.83917,44.34749],[-113.83917,44.34776],[-113.83841,44.34803],[-113.83841,44.3483],[-113.83766,44.34857],[-113.83766,44.34884],[-113.83728,44.34884],[-113.83728,44.34911],[-113.83691,44.34911],[-113.83691,44.34938],[-113.83502,44.34938],[-113.83502,44.34722],[-113.83465,44.34722],[-113.83465,44.34695],[-113.83502,44.34695],[-113.83502,44.34668],[-113.83465,44.34668],[-113.83465,44.34588],[-113.83502,44.34588],[-113.83502,44.34534],[-113.8354,44.34534],[-113.8354,44.34507],[-113.83502,44.34507],[-113.83502,44.34453],[-113.83465,44.34453],[-113.83465,44.34426],[-113.83163,44.34426],[-113.83163,44.34453],[-113.83012,44.34453],[-113.83012,44.3448],[-113.82937,44.34453],[-113.82937,44.34507],[-113.82899,44.34507],[-113.82899,44.34534],[-113.82937,44.34534],[-113.82937,44.34561],[-113.82899,44.34561],[-113.82899,44.34588],[-113.82937,44.34588],[-113.82937,44.34615],[-113.82899,44.34615],[-113.82899,44.34642],[-113.82937,44.34642],[-113.82937,44.34695],[-113.83012,44.34695],[-113.83012,44.34749],[-113.83125,44.34749],[-113.83125,44.34803],[-113.83239,44.34803],[-113.83239,44.3483],[-113.83201,44.3483],[-113.83201,44.34857],[-113.83239,44.34857],[-113.83239,44.34884],[-113.83201,44.34884],[-113.83201,44.34938],[-113.83163,44.34938],[-113.83163,44.34965],[-113.83088,44.34992],[-113.83088,44.35046],[-113.8305,44.35046],[-113.8305,44.351],[-113.82937,44.351],[-113.82937,44.35154],[-113.82899,44.35154],[-113.82899,44.3518],[-113.82937,44.3518],[-113.82937,44.35234],[-113.83012,44.35234],[-113.83012,44.35261],[-113.8305,44.35261],[-113.8305,44.35288],[-113.83125,44.35288],[-113.83125,44.35315],[-113.83314,44.35315],[-113.83314,44.35288],[-113.8354,44.35288],[-113.8354,44.35261]],[[-113.84218,44.34615],[-113.84256,44.34615],[-113.84256,44.34534],[-113.84331,44.34507],[-113.84331,44.34453],[-113.84293,44.34453],[-113.84293,44.34426],[-113.84218,44.34426],[-113.84218,44.34453],[-113.84143,44.3448],[-113.84143,44.34534],[-113.84067,44.34561],[-113.84067,44.34642],[-113.84105,44.34642],[-113.84105,44.34668],[-113.8418,44.34668],[-113.8418,44.34642],[-113.84218,44.34642],[-113.84218,44.34615]],[[-113.84745,44.34318],[-113.84783,44.34318],[-113.84783,44.34291],[-113.84821,44.34291],[-113.84821,44.34264],[-113.84858,44.34264],[-113.84858,44.34237],[-113.84896,44.34237],[-113.84896,44.3421],[-113.84971,44.34183],[-113.84971,44.34103],[-113.85047,44.34103],[-113.85047,44.34076],[-113.85122,44.34049],[-113.85122,44.34022],[-113.85198,44.33995],[-113.85198,44.33941],[-113.85235,44.33941],[-113.85235,44.33887],[-113.85273,44.33887],[-113.85273,44.33833],[-113.85311,44.33833],[-113.85311,44.33779],[-113.85348,44.33779],[-113.85348,44.33752],[-113.85386,44.33752],[-113.85386,44.33698],[-113.85424,44.33698],[-113.85424,44.33617],[-113.85461,44.33617],[-113.85461,44.33537],[-113.85499,44.33537],[-113.85499,44.3351],[-113.85574,44.33483],[-113.85574,44.33402],[-113.85612,44.33402],[-113.85612,44.33321],[-113.8565,44.33321],[-113.8565,44.33267],[-113.85574,44.33267],[-113.85574,44.3324],[-113.85612,44.3324],[-113.85612,44.33213],[-113.85574,44.33213],[-113.85574,44.33186],[-113.85612,44.33186],[-113.85612,44.33159],[-113.85574,44.33159],[-113.85574,44.33132],[-113.85537,44.33132],[-113.85537,44.33105],[-113.85499,44.33105],[-113.85499,44.33078],[-113.85461,44.33078],[-113.85461,44.32998],[-113.85348,44.32998],[-113.85348,44.33025],[-113.85311,44.33025],[-113.85311,44.33051],[-113.85273,44.33051],[-113.85273,44.33078],[-113.85235,44.33078],[-113.85235,44.33105],[-113.8516,44.33105],[-113.8516,44.33132],[-113.85085,44.33159],[-113.85085,44.33186],[-113.85009,44.33213],[-113.85009,44.33294],[-113.85047,44.33294],[-113.85047,44.33402],[-113.85085,44.33402],[-113.85085,44.33429],[-113.85047,44.33429],[-113.85047,44.33456],[-113.85085,44.33456],[-113.85085,44.33483],[-113.85047,44.33483],[-113.85047,44.33537],[-113.85009,44.33537],[-113.85009,44.3359],[-113.84934,44.3359],[-113.84934,44.33617],[-113.84971,44.33617],[-113.84971,44.33644],[-113.84934,44.33644],[-113.84934,44.33968],[-113.84896,44.33968],[-113.84896,44.34022],[-113.84858,44.34022],[-113.84858,44.34103],[-113.84821,44.34103],[-113.84821,44.34129],[-113.84595,44.34129],[-113.84595,44.34156],[-113.84519,44.34156],[-113.84519,44.34183],[-113.84406,44.34183],[-113.84406,44.3421],[-113.84369,44.3421],[-113.84369,44.34318],[-113.84406,44.34318],[-113.84406,44.34345],[-113.84444,44.34345],[-113.84444,44.34372],[-113.84632,44.34372],[-113.84632,44.34345],[-113.84708,44.34372],[-113.84708,44.34345],[-113.84745,44.34345],[-113.84745,44.34318]],[[-113.8403,44.34237],[-113.84105,44.3421],[-113.84105,44.34103],[-113.84256,44.34049],[-113.84256,44.33968],[-113.84218,44.33968],[-113.84218,44.33941],[-113.84143,44.33941],[-113.84143,44.33914],[-113.8403,44.33914],[-113.8403,44.33941],[-113.83954,44.33941],[-113.83954,44.33968],[-113.83578,44.33968],[-113.83578,44.33995],[-113.83502,44.33995],[-113.83502,44.34022],[-113.83427,44.34022],[-113.83427,44.34103],[-113.83502,44.34129],[-113.83502,44.34183],[-113.83578,44.3421],[-113.83578,44.34237],[-113.83653,44.3421],[-113.83653,44.34103],[-113.83691,44.34103],[-113.83691,44.34049],[-113.83804,44.34049],[-113.83804,44.34076],[-113.83841,44.34076],[-113.83841,44.34129],[-113.83804,44.34129],[-113.83804,44.34264],[-113.83841,44.34264],[-113.83841,44.34291],[-113.83917,44.34291],[-113.83917,44.34264],[-113.8403,44.34264],[-113.8403,44.34237]],[[-113.83163,44.33752],[-113.83201,44.33752],[-113.83201,44.33725],[-113.83163,44.33725],[-113.83163,44.33752]],[[-113.80677,44.33698],[-113.80677,44.33752],[-113.80752,44.33752],[-113.80752,44.33725],[-113.80827,44.33698],[-113.80827,44.33671],[-113.80677,44.33698]],[[-113.80865,44.33671],[-113.80865,44.33644],[-113.80827,44.33644],[-113.80827,44.33671],[-113.80865,44.33671]],[[-113.80036,44.3359],[-113.80187,44.3359],[-113.80187,44.33483],[-113.80262,44.33456],[-113.80262,44.33375],[-113.80225,44.33375],[-113.80225,44.33402],[-113.80149,44.33429],[-113.80149,44.33456],[-113.80074,44.33456],[-113.80074,44.33483],[-113.80036,44.33483],[-113.80036,44.33456],[-113.79961,44.33483],[-113.79961,44.33456],[-113.79923,44.33456],[-113.79923,44.33483],[-113.79886,44.33483],[-113.79886,44.3351],[-113.79848,44.3351],[-113.79848,44.3359],[-113.7981,44.3359],[-113.7981,44.33617],[-113.79848,44.33617],[-113.79848,44.33644],[-113.79961,44.33644],[-113.79961,44.33617],[-113.80036,44.33617],[-113.80036,44.3359]],[[-113.81204,44.33456],[-113.81129,44.33429],[-113.81129,44.33456],[-113.81091,44.33456],[-113.81091,44.33483],[-113.80978,44.33483],[-113.80978,44.3359],[-113.81053,44.3359],[-113.81053,44.33617],[-113.81166,44.33617],[-113.81166,44.33537],[-113.81204,44.33537],[-113.81204,44.33456]],[[-113.83201,44.33429],[-113.83239,44.33429],[-113.83239,44.33402],[-113.83201,44.33402],[-113.83201,44.33429]],[[-113.83125,44.33267],[-113.83088,44.33267],[-113.83088,44.33159],[-113.8305,44.33159],[-113.8305,44.33105],[-113.82899,44.33105],[-113.82899,44.33132],[-113.82824,44.33132],[-113.82824,44.33159],[-113.82673,44.33159],[-113.82673,44.33132],[-113.82523,44.33132],[-113.82523,44.33105],[-113.82447,44.33105],[-113.82447,44.33132],[-113.82297,44.33132],[-113.82297,44.33159],[-113.82259,44.33159],[-113.82259,44.33186],[-113.82334,44.33213],[-113.82334,44.33267],[-113.82372,44.33267],[-113.82372,44.33294],[-113.8241,44.33294],[-113.8241,44.33321],[-113.82447,44.33321],[-113.82447,44.33348],[-113.82485,44.33348],[-113.82485,44.33375],[-113.8305,44.33375],[-113.8305,44.33402],[-113.83088,44.33402],[-113.83088,44.33375],[-113.83125,44.33375],[-113.83125,44.33267]],[[-113.83163,44.33321],[-113.83201,44.33321],[-113.83201,44.33294],[-113.83163,44.33294],[-113.83163,44.33321]],[[-113.79547,44.3324],[-113.7966,44.3324],[-113.7966,44.33132],[-113.79622,44.33132],[-113.79622,44.33105],[-113.79584,44.33105],[-113.79584,44.33078],[-113.79509,44.33051],[-113.79509,44.33025],[-113.79471,44.33025],[-113.79471,44.32998],[-113.79433,44.32998],[-113.79433,44.32971],[-113.79396,44.32971],[-113.79396,44.32944],[-113.7932,44.32971],[-113.7932,44.33025],[-113.79283,44.33025],[-113.79283,44.33105],[-113.79245,44.33105],[-113.79245,44.33132],[-113.79207,44.33132],[-113.79207,44.33159],[-113.7917,44.33159],[-113.7917,44.33213],[-113.79132,44.33213],[-113.79132,44.3324],[-113.7917,44.3324],[-113.7917,44.33294],[-113.79471,44.33294],[-113.79471,44.33267],[-113.79547,44.33267],[-113.79547,44.3324]],[[-113.8565,44.3324],[-113.85687,44.3324],[-113.85687,44.33213],[-113.8565,44.33213],[-113.8565,44.3324]],[[-113.8565,44.33186],[-113.85725,44.33186],[-113.85725,44.33159],[-113.8565,44.33159],[-113.8565,44.33186]],[[-113.80262,44.32728],[-113.80225,44.32728],[-113.80225,44.32782],[-113.803,44.32782],[-113.803,44.32755],[-113.80262,44.32755],[-113.80262,44.32728]],[[-113.82297,44.32674],[-113.82334,44.32674],[-113.82334,44.32647],[-113.82297,44.32647],[-113.82297,44.32674]],[[-113.82221,44.32539],[-113.82259,44.32539],[-113.82259,44.32486],[-113.82221,44.32486],[-113.82221,44.32539]]],[[[-113.83239,44.34749],[-113.83276,44.34749],[-113.83276,44.34722],[-113.83239,44.34722],[-113.83239,44.34695],[-113.83276,44.34695],[-113.83276,44.34668],[-113.83239,44.34668],[-113.83239,44.34642],[-113.83314,44.34642],[-113.83314,44.34695],[-113.83352,44.34695],[-113.83352,44.34749],[-113.83389,44.34749],[-113.83389,44.34776],[-113.83314,44.34776],[-113.83314,44.3483],[-113.83276,44.3483],[-113.83276,44.34776],[-113.83239,44.34776],[-113.83239,44.34749]]],[[[-113.83766,44.36501],[-113.83804,44.36501],[-113.83804,44.36528],[-113.83841,44.36528],[-113.83841,44.36555],[-113.83728,44.36555],[-113.83728,44.36528],[-113.83766,44.36528],[-113.83766,44.36501]]]]},"properties":{"layer":"predicted_reach_h11","fire_name":"Doublesprings","irwin_id":"{960C064B-1764-4834-BD28-90FB69A4AB4A}","model":"arrival_run","checkpoint_epoch":216,"decode":"connected_causal","operating_point":{"floor":0.0,"mult":0.9},"val_precision":null,"val_recall":null,"model_caveat":"arrival_run chosen for best RECALL among the six FlameFlux v3 candidates on the production-valid t0-window corpus (R=0.624 on the fc2 held-out fires, R=0.432 on Dillon -- see candidate_comparison.md from the 2026-07-24 comparison). It does NOT meet the project's P>=0.50/R>=0.80 target: precision is the WORST of the six (P=0.120 on fc2 -- most flagged growth is wrong), and wind_run actually edges it on F1. IMPORTANT CAVEAT: arrival_run trained on the leaky 'observed' corpus (crop centered/sized on t0|t1, i.e. it saw the future perimeter's geometry during training) and has NEVER seen a t0-window crop -- the ONLY geometry this live pipeline can ever produce at forecast time (the future perimeter is, by definition, unknown). So every live prediction from this model is out-of-distribution relative to its own training. The measured t0-window numbers above already reflect that (they are not a surprise), but this is 'best available', not 'production-ready' -- represent it that way. The operating_point (floor=0.0, mult=0.9) is the VAL-selected connected-causal decode point; it did NOT clear the 0.50 precision floor during selection (feasible=False, val P=0.270/R=0.259) -- it's the best-F1 fallback point, not a precision-guaranteed one.","issued_at_utc":"2026-08-05 02:36:31.645281+00:00","valid_from_utc":"2026-08-05 00:00:00","valid_to_utc":"2026-08-06 00:00:00","wfigs_date_current_utc":"2026-08-05 02:05:06+00:00","pixel_size_m":30,"veg_source":"refreshed_d4","physics_source":"eikonal_fbfm40","history_n_dates":1,"degraded_history":true,"containment_pct":0.0,"acres_wfigs":1021.012899130312,"hour":11,"valid_at_utc":"2026-08-05 11:00:00"}},{"type":"Feature","geometry":{"type":"MultiPolygon","coordinates":[[[[-113.81355,44.30896],[-113.81355,44.30869],[-113.81317,44.30869],[-113.81317,44.30815],[-113.81355,44.30815],[-113.81355,44.30734],[-113.81317,44.30734],[-113.81317,44.3068],[-113.81393,44.3068],[-113.81393,44.30707],[-113.81543,44.30707],[-113.81543,44.30734],[-113.81581,44.30734],[-113.81581,44.30815],[-113.81543,44.30815],[-113.81543,44.30922],[-113.81468,44.30922],[-113.81468,44.30896],[-113.81355,44.30896]]],[[[-113.81543,44.30949],[-113.81543,44.30922],[-113.81581,44.30922],[-113.81581,44.30949],[-113.81543,44.30949]]],[[[-113.8305,44.31084],[-113.8305,44.31057],[-113.83125,44.31057],[-113.83125,44.31084],[-113.83163,44.31084],[-113.83163,44.31165],[-113.83012,44.31165],[-113.83012,44.31084],[-113.8305,44.31084]]],[[[-113.86931,44.31704],[-113.86931,44.3165],[-113.86968,44.3165],[-113.86968,44.31623],[-113.87081,44.31623],[-113.87081,44.3165],[-113.87119,44.3165],[-113.87119,44.31731],[-113.86968,44.31731],[-113.86968,44.31704],[-113.86931,44.31704]]],[[[-113.85386,44.33159],[-113.85348,44.33159],[-113.85348,44.33132],[-113.85386,44.33132],[-113.85386,44.33159]]],[[[-113.83653,44.36555],[-113.83653,44.36528],[-113.83691,44.36528],[-113.83691,44.36474],[-113.83917,44.36474],[-113.83917,44.36447],[-113.83841,44.3642],[-113.83841,44.36393],[-113.83578,44.36393],[-113.83578,44.36366],[-113.83502,44.36366],[-113.83502,44.36393],[-113.83427,44.36393],[-113.83427,44.3642],[-113.83465,44.3642],[-113.83465,44.36447],[-113.83427,44.36447],[-113.83427,44.36474],[-113.83465,44.36474],[-113.83465,44.36501],[-113.83427,44.36501],[-113.83427,44.36555],[-113.83352,44.36555],[-113.83352,44.36582],[-113.83389,44.36582],[-113.83389,44.36609],[-113.83239,44.36609],[-113.83239,44.36582],[-113.83276,44.36582],[-113.83276,44.36528],[-113.83314,44.36528],[-113.83314,44.36501],[-113.83239,44.36474],[-113.83239,44.36447],[-113.83125,44.36447],[-113.83125,44.3642],[-113.83088,44.3642],[-113.83088,44.36393],[-113.8305,44.36393],[-113.8305,44.3642],[-113.83012,44.3642],[-113.83012,44.36447],[-113.82899,44.36447],[-113.82899,44.3642],[-113.82862,44.3642],[-113.82862,44.36393],[-113.82786,44.36393],[-113.82786,44.36339],[-113.82749,44.36339],[-113.82749,44.36366],[-113.82711,44.36366],[-113.82711,44.36339],[-113.82636,44.36339],[-113.82636,44.36312],[-113.82673,44.36312],[-113.82673,44.36285],[-113.82636,44.36285],[-113.82636,44.36258],[-113.82673,44.36258],[-113.82673,44.36232],[-113.82636,44.36232],[-113.82636,44.36205],[-113.82673,44.36205],[-113.82673,44.36043],[-113.82711,44.36043],[-113.82711,44.36016],[-113.82749,44.36016],[-113.82749,44.35989],[-113.82786,44.35989],[-113.82786,44.35935],[-113.82862,44.35935],[-113.82862,44.35908],[-113.82899,44.35908],[-113.82899,44.35881],[-113.82975,44.35881],[-113.82975,44.35827],[-113.83012,44.35827],[-113.83012,44.358],[-113.82975,44.358],[-113.82975,44.35773],[-113.83012,44.35773],[-113.83012,44.35746],[-113.82975,44.35746],[-113.82975,44.35639],[-113.82937,44.35639],[-113.82937,44.35477],[-113.82862,44.35477],[-113.82862,44.35423],[-113.82786,44.35423],[-113.82786,44.35396],[-113.82711,44.35396],[-113.82711,44.35369],[-113.82146,44.35369],[-113.82146,44.35396],[-113.8192,44.35423],[-113.8192,44.3545],[-113.81807,44.3545],[-113.81807,44.35477],[-113.81355,44.35477],[-113.81355,44.3545],[-113.81279,44.3545],[-113.81279,44.35423],[-113.81242,44.35423],[-113.81242,44.35396],[-113.81204,44.35396],[-113.81204,44.35369],[-113.81166,44.35369],[-113.81166,44.35315],[-113.81129,44.35315],[-113.81129,44.35261],[-113.81053,44.35261],[-113.81053,44.35207],[-113.81016,44.35207],[-113.81016,44.3518],[-113.80978,44.3518],[-113.80978,44.35154],[-113.80903,44.35154],[-113.80903,44.351],[-113.80827,44.35127],[-113.80827,44.351],[-113.80677,44.351],[-113.80677,44.35073],[-113.80601,44.35073],[-113.80601,44.35046],[-113.80564,44.35046],[-113.80564,44.35073],[-113.80526,44.35073],[-113.80526,44.35046],[-113.80413,44.35046],[-113.80413,44.34965],[-113.80451,44.34965],[-113.80451,44.34938],[-113.80375,44.34938],[-113.80375,44.34884],[-113.803,44.34911],[-113.803,44.34884],[-113.80187,44.34884],[-113.80187,44.34857],[-113.80225,44.34857],[-113.80225,44.3483],[-113.80112,44.3483],[-113.80112,44.34776],[-113.80074,44.34776],[-113.80074,44.34722],[-113.80036,44.34722],[-113.80036,44.34668],[-113.79999,44.34668],[-113.79999,44.34561],[-113.79961,44.34561],[-113.79961,44.34507],[-113.79923,44.34507],[-113.79923,44.34453],[-113.79848,44.34453],[-113.79848,44.34345],[-113.79773,44.34345],[-113.79773,44.34291],[-113.79697,44.34291],[-113.79697,44.34237],[-113.79622,44.34237],[-113.79622,44.34183],[-113.79584,44.34183],[-113.79584,44.34129],[-113.79471,44.34129],[-113.79471,44.34103],[-113.79433,44.34103],[-113.79433,44.34049],[-113.79471,44.34049],[-113.79471,44.34022],[-113.79433,44.34022],[-113.79433,44.33995],[-113.79471,44.33995],[-113.79471,44.33968],[-113.79433,44.33968],[-113.79433,44.33887],[-113.79396,44.33887],[-113.79396,44.3386],[-113.79358,44.3386],[-113.79358,44.33833],[-113.7932,44.33833],[-113.7932,44.33806],[-113.79132,44.33806],[-113.79132,44.33779],[-113.79094,44.33779],[-113.79094,44.33698],[-113.7917,44.33671],[-113.7917,44.33644],[-113.79132,44.33644],[-113.79132,44.3359],[-113.79094,44.3359],[-113.79094,44.33537],[-113.79019,44.33537],[-113.79019,44.33483],[-113.78981,44.33483],[-113.78981,44.33456],[-113.78944,44.33456],[-113.78944,44.33429],[-113.78868,44.33429],[-113.78868,44.33402],[-113.78793,44.33375],[-113.78793,44.33348],[-113.78718,44.33321],[-113.78718,44.3324],[-113.78981,44.3324],[-113.78981,44.33213],[-113.79057,44.33186],[-113.79057,44.33132],[-113.79019,44.33132],[-113.79019,44.33105],[-113.78981,44.33105],[-113.78981,44.33078],[-113.78906,44.33051],[-113.78906,44.33025],[-113.78831,44.33025],[-113.78831,44.32917],[-113.78868,44.32917],[-113.78868,44.32836],[-113.78906,44.32836],[-113.78906,44.32755],[-113.78944,44.32755],[-113.78944,44.32674],[-113.78981,44.32674],[-113.78981,44.32647],[-113.79057,44.32647],[-113.79057,44.32674],[-113.79094,44.32674],[-113.79094,44.32701],[-113.79207,44.32701],[-113.79207,44.32674],[-113.79245,44.32674],[-113.79245,44.32593],[-113.79207,44.32593],[-113.79207,44.32539],[-113.7917,44.32539],[-113.7917,44.32486],[-113.79547,44.32486],[-113.79547,44.32459],[-113.79622,44.32459],[-113.79622,44.32216],[-113.7966,44.32216],[-113.7966,44.32189],[-113.79622,44.32189],[-113.79622,44.32162],[-113.7966,44.32162],[-113.7966,44.32081],[-113.79697,44.32081],[-113.79697,44.32054],[-113.79735,44.32054],[-113.79735,44.32027],[-113.79773,44.32027],[-113.79773,44.31947],[-113.79848,44.3192],[-113.79848,44.31866],[-113.79886,44.31866],[-113.79886,44.31785],[-113.79923,44.31785],[-113.79923,44.31704],[-113.79999,44.31677],[-113.79999,44.31623],[-113.80074,44.31623],[-113.80074,44.31569],[-113.80112,44.31569],[-113.80112,44.31542],[-113.80149,44.31542],[-113.80149,44.31515],[-113.80187,44.31515],[-113.80187,44.31488],[-113.80225,44.31488],[-113.80225,44.31461],[-113.80262,44.31461],[-113.80262,44.31435],[-113.803,44.31435],[-113.803,44.31408],[-113.80375,44.31408],[-113.80375,44.31354],[-113.80413,44.31354],[-113.80413,44.31327],[-113.80451,44.31327],[-113.80451,44.313],[-113.80526,44.313],[-113.80526,44.31273],[-113.80601,44.31246],[-113.80601,44.31219],[-113.80677,44.31219],[-113.80677,44.31192],[-113.81053,44.31192],[-113.81053,44.31219],[-113.81242,44.31219],[-113.81242,44.31246],[-113.81468,44.31246],[-113.81468,44.31273],[-113.81506,44.31273],[-113.81506,44.31246],[-113.81656,44.31246],[-113.81656,44.31219],[-113.81732,44.31219],[-113.81732,44.31192],[-113.81769,44.31192],[-113.81769,44.31165],[-113.81807,44.31165],[-113.81807,44.31138],[-113.8192,44.31138],[-113.8192,44.31165],[-113.81958,44.31165],[-113.81958,44.31192],[-113.82033,44.31192],[-113.82033,44.31111],[-113.81882,44.31111],[-113.81882,44.31084],[-113.81807,44.31084],[-113.81807,44.31057],[-113.81769,44.31057],[-113.81769,44.3103],[-113.81732,44.3103],[-113.81732,44.31003],[-113.81656,44.31003],[-113.81656,44.30976],[-113.81619,44.30976],[-113.81619,44.30949],[-113.81656,44.30949],[-113.81656,44.30922],[-113.82108,44.30922],[-113.82108,44.30949],[-113.82184,44.30949],[-113.82184,44.30976],[-113.82221,44.30976],[-113.82221,44.31003],[-113.82259,44.31003],[-113.82259,44.3103],[-113.82334,44.3103],[-113.82334,44.31057],[-113.82372,44.31057],[-113.82372,44.31084],[-113.8256,44.31084],[-113.8256,44.30976],[-113.82673,44.30976],[-113.82673,44.31084],[-113.82711,44.31084],[-113.82711,44.31138],[-113.82786,44.31138],[-113.82786,44.31192],[-113.82937,44.31246],[-113.82937,44.31273],[-113.82899,44.31273],[-113.82899,44.313],[-113.83125,44.313],[-113.83125,44.31273],[-113.83201,44.31246],[-113.83201,44.31192],[-113.83615,44.31192],[-113.83615,44.31165],[-113.83691,44.31165],[-113.83691,44.31138],[-113.83728,44.31138],[-113.83728,44.31111],[-113.83954,44.31111],[-113.83954,44.31084],[-113.8403,44.31057],[-113.8403,44.3103],[-113.84105,44.3103],[-113.84105,44.31003],[-113.84218,44.31003],[-113.84218,44.30976],[-113.84331,44.30976],[-113.84331,44.30922],[-113.84406,44.30922],[-113.84406,44.30896],[-113.84482,44.30869],[-113.84482,44.30842],[-113.84557,44.30815],[-113.84557,44.30788],[-113.84783,44.30761],[-113.84783,44.30734],[-113.84858,44.30707],[-113.84858,44.3068],[-113.84934,44.3068],[-113.84934,44.30653],[-113.85085,44.30626],[-113.85085,44.30653],[-113.85122,44.30653],[-113.85122,44.3068],[-113.85198,44.3068],[-113.85198,44.30707],[-113.85461,44.30707],[-113.85461,44.30734],[-113.85537,44.30734],[-113.85537,44.30761],[-113.85687,44.30761],[-113.85687,44.30788],[-113.8565,44.30788],[-113.8565,44.30842],[-113.85461,44.30842],[-113.85461,44.30869],[-113.85386,44.30869],[-113.85386,44.30896],[-113.85085,44.30896],[-113.85085,44.30922],[-113.84934,44.30922],[-113.84934,44.30949],[-113.84858,44.30949],[-113.84858,44.30976],[-113.84783,44.30976],[-113.84783,44.31003],[-113.84708,44.31003],[-113.84708,44.3103],[-113.84632,44.3103],[-113.84632,44.31057],[-113.84557,44.31084],[-113.84557,44.31111],[-113.84256,44.31138],[-113.84256,44.31165],[-113.84218,44.31165],[-113.84218,44.31219],[-113.84256,44.31219],[-113.84256,44.31246],[-113.84293,44.31246],[-113.84293,44.31219],[-113.84406,44.31219],[-113.84406,44.31246],[-113.84708,44.31246],[-113.84708,44.31219],[-113.85311,44.31219],[-113.85311,44.31192],[-113.85386,44.31192],[-113.85386,44.31165],[-113.85348,44.31165],[-113.85348,44.31138],[-113.85386,44.31138],[-113.85386,44.31111],[-113.85499,44.31111],[-113.85499,44.31165],[-113.85461,44.31165],[-113.85461,44.31192],[-113.85687,44.31192],[-113.85687,44.31165],[-113.85763,44.31165],[-113.85763,44.31138],[-113.85913,44.31138],[-113.85913,44.31111],[-113.86328,44.31111],[-113.86328,44.31084],[-113.86365,44.31084],[-113.86365,44.31111],[-113.86478,44.31111],[-113.86478,44.31084],[-113.86516,44.31084],[-113.86516,44.31111],[-113.86554,44.31111],[-113.86554,44.31138],[-113.86629,44.31111],[-113.86629,44.31138],[-113.86893,44.31138],[-113.86893,44.31165],[-113.86968,44.31165],[-113.86968,44.31192],[-113.87006,44.31192],[-113.87006,44.31219],[-113.86968,44.31219],[-113.86968,44.31246],[-113.86893,44.31246],[-113.86893,44.31273],[-113.86817,44.313],[-113.86817,44.31354],[-113.8678,44.31354],[-113.8678,44.31408],[-113.86704,44.31435],[-113.86704,44.31542],[-113.8678,44.31569],[-113.8678,44.3165],[-113.86817,44.3165],[-113.86817,44.31677],[-113.8678,44.31677],[-113.8678,44.31704],[-113.86704,44.31731],[-113.86704,44.31758],[-113.86629,44.31758],[-113.86629,44.31812],[-113.86591,44.31812],[-113.86591,44.31947],[-113.86629,44.31947],[-113.86629,44.31974],[-113.86554,44.31974],[-113.86554,44.32],[-113.86516,44.32],[-113.86516,44.31974],[-113.86365,44.31974],[-113.86365,44.32],[-113.86252,44.32],[-113.86252,44.32027],[-113.86177,44.32027],[-113.86177,44.32054],[-113.86139,44.32054],[-113.86139,44.32081],[-113.86102,44.32081],[-113.86102,44.32135],[-113.86064,44.32135],[-113.86064,44.32162],[-113.86026,44.32162],[-113.86026,44.32189],[-113.85989,44.32189],[-113.85989,44.32216],[-113.85951,44.32216],[-113.85951,44.32243],[-113.85913,44.32243],[-113.85913,44.32324],[-113.85612,44.32432],[-113.85612,44.32513],[-113.85574,44.32513],[-113.85574,44.32593],[-113.85537,44.32593],[-113.85537,44.32701],[-113.85687,44.32701],[-113.85687,44.32674],[-113.85913,44.32674],[-113.85913,44.32701],[-113.85951,44.32701],[-113.85951,44.32755],[-113.85989,44.32755],[-113.85989,44.32836],[-113.85951,44.32836],[-113.85951,44.3289],[-113.85913,44.3289],[-113.85913,44.32944],[-113.85838,44.32971],[-113.85838,44.33025],[-113.85876,44.33025],[-113.85876,44.33051],[-113.85913,44.33051],[-113.85913,44.33025],[-113.86026,44.33025],[-113.86026,44.33186],[-113.86064,44.33186],[-113.86064,44.3324],[-113.86139,44.3324],[-113.86139,44.33294],[-113.8629,44.33294],[-113.8629,44.33267],[-113.86365,44.33267],[-113.86365,44.3324],[-113.86441,44.3324],[-113.86441,44.33267],[-113.86403,44.33267],[-113.86403,44.33321],[-113.86328,44.33321],[-113.86328,44.33348],[-113.86252,44.33348],[-113.86252,44.33375],[-113.86064,44.33375],[-113.86064,44.33402],[-113.85989,44.33402],[-113.85989,44.33429],[-113.85913,44.33456],[-113.85913,44.33483],[-113.85876,44.33483],[-113.85876,44.3351],[-113.8565,44.3351],[-113.8565,44.33537],[-113.85612,44.33537],[-113.85612,44.3359],[-113.85574,44.3359],[-113.85574,44.33617],[-113.85951,44.33617],[-113.85951,44.3359],[-113.85989,44.3359],[-113.85989,44.33617],[-113.86139,44.33617],[-113.86139,44.33644],[-113.86252,44.33644],[-113.86252,44.33617],[-113.8629,44.33617],[-113.8629,44.3359],[-113.86365,44.3359],[-113.86365,44.33644],[-113.86403,44.33644],[-113.86403,44.33779],[-113.8629,44.33779],[-113.8629,44.33752],[-113.86102,44.33752],[-113.86102,44.33779],[-113.86064,44.33779],[-113.86064,44.33806],[-113.85989,44.33833],[-113.85989,44.33941],[-113.86026,44.33941],[-113.86026,44.33968],[-113.86064,44.33968],[-113.86064,44.33995],[-113.86102,44.33995],[-113.86102,44.34049],[-113.86139,44.34049],[-113.86139,44.34103],[-113.86177,44.34103],[-113.86177,44.34129],[-113.86139,44.34129],[-113.86139,44.34183],[-113.86102,44.34183],[-113.86102,44.34237],[-113.86064,44.34237],[-113.86064,44.34264],[-113.86026,44.34264],[-113.86026,44.34291],[-113.85989,44.34291],[-113.85989,44.34345],[-113.85838,44.34345],[-113.85838,44.34372],[-113.85763,44.34372],[-113.85763,44.34399],[-113.85687,44.34426],[-113.85687,44.34453],[-113.85612,44.3448],[-113.85612,44.34561],[-113.8565,44.34561],[-113.8565,44.34615],[-113.85687,44.34615],[-113.85687,44.34776],[-113.85763,44.34803],[-113.85763,44.34857],[-113.858,44.34857],[-113.858,44.34911],[-113.85838,44.34911],[-113.85838,44.34938],[-113.85763,44.34938],[-113.85763,44.34965],[-113.85687,44.34965],[-113.85687,44.34992],[-113.8565,44.34992],[-113.8565,44.35046],[-113.85612,44.35046],[-113.85612,44.35127],[-113.85574,44.35127],[-113.85574,44.35154],[-113.85537,44.35154],[-113.85537,44.3518],[-113.85235,44.35207],[-113.85235,44.35234],[-113.8516,44.35234],[-113.8516,44.35261],[-113.85085,44.35261],[-113.85085,44.35288],[-113.85009,44.35315],[-113.85009,44.35369],[-113.84858,44.35396],[-113.84858,44.35423],[-113.84783,44.3545],[-113.84783,44.35504],[-113.84745,44.35504],[-113.84745,44.35558],[-113.84708,44.35558],[-113.84708,44.35639],[-113.8467,44.35639],[-113.8467,44.35666],[-113.84632,44.35666],[-113.84632,44.35693],[-113.84595,44.35693],[-113.84595,44.35746],[-113.84519,44.35746],[-113.84519,44.35773],[-113.84293,44.35746],[-113.84293,44.35773],[-113.84218,44.358],[-113.84218,44.35827],[-113.84256,44.35827],[-113.84256,44.35881],[-113.84331,44.35908],[-113.84331,44.36016],[-113.84293,44.36016],[-113.84293,44.3607],[-113.84256,44.3607],[-113.84256,44.36124],[-113.8418,44.36124],[-113.8418,44.36151],[-113.84143,44.36151],[-113.84143,44.36124],[-113.84067,44.36097],[-113.84067,44.3607],[-113.83992,44.3607],[-113.83992,44.36178],[-113.83954,44.36178],[-113.83954,44.36555],[-113.83841,44.36555],[-113.83841,44.36582],[-113.83804,44.36582],[-113.83804,44.36609],[-113.83691,44.36609],[-113.83691,44.36555],[-113.83653,44.36555]],[[-113.83502,44.35261],[-113.83578,44.35261],[-113.83578,44.35234],[-113.83615,44.35234],[-113.83615,44.35127],[-113.83653,44.35127],[-113.83653,44.351],[-113.83728,44.35073],[-113.83728,44.35046],[-113.83766,44.35046],[-113.83766,44.35019],[-113.83841,44.34992],[-113.83841,44.34938],[-113.83879,44.34938],[-113.83879,44.34857],[-113.83917,44.34857],[-113.83917,44.3483],[-113.83841,44.3483],[-113.83841,44.34857],[-113.83766,44.34884],[-113.83766,44.34911],[-113.83728,44.34911],[-113.83728,44.34938],[-113.83653,44.34938],[-113.83653,44.34965],[-113.83502,44.34965],[-113.83502,44.34938],[-113.83465,44.34938],[-113.83465,44.34884],[-113.83427,44.34884],[-113.83427,44.34857],[-113.83465,44.34857],[-113.83465,44.3483],[-113.83352,44.3483],[-113.83352,44.34884],[-113.83276,44.34884],[-113.83276,44.34938],[-113.83201,44.34965],[-113.83201,44.34992],[-113.83125,44.34992],[-113.83125,44.35046],[-113.83088,44.35046],[-113.83088,44.351],[-113.8305,44.351],[-113.8305,44.35127],[-113.83012,44.35127],[-113.83012,44.35154],[-113.82975,44.35154],[-113.82975,44.35234],[-113.8305,44.35234],[-113.8305,44.35261],[-113.83088,44.35261],[-113.83088,44.35288],[-113.83163,44.35288],[-113.83163,44.35315],[-113.83276,44.35315],[-113.83276,44.35288],[-113.83502,44.35288],[-113.83502,44.35261]],[[-113.84067,44.34722],[-113.8403,44.34722],[-113.8403,44.34749],[-113.83992,44.34749],[-113.83992,44.34776],[-113.83917,44.34776],[-113.83917,44.34803],[-113.84105,44.34803],[-113.84105,44.34749],[-113.84067,44.34749],[-113.84067,44.34722]],[[-113.83163,44.34749],[-113.83201,44.34749],[-113.83201,44.34722],[-113.83163,44.34722],[-113.83163,44.34749]],[[-113.8305,44.34695],[-113.83201,44.34695],[-113.83201,44.34668],[-113.8305,44.34668],[-113.8305,44.34695]],[[-113.84218,44.34588],[-113.84256,44.34588],[-113.84256,44.34534],[-113.84293,44.34534],[-113.84293,44.34453],[-113.84218,44.34453],[-113.84218,44.3448],[-113.84143,44.34507],[-113.84143,44.34561],[-113.84105,44.34561],[-113.84105,44.34668],[-113.8418,44.34668],[-113.8418,44.34642],[-113.84218,44.34642],[-113.84218,44.34588]],[[-113.83012,44.34642],[-113.83125,44.34642],[-113.83125,44.34615],[-113.83012,44.34615],[-113.83012,44.34642]],[[-113.83427,44.3448],[-113.83465,44.3448],[-113.83465,44.34453],[-113.83163,44.34453],[-113.83163,44.3448],[-113.83201,44.3448],[-113.83201,44.34507],[-113.83163,44.34507],[-113.83163,44.34534],[-113.83465,44.34534],[-113.83465,44.34507],[-113.83427,44.34507],[-113.83427,44.3448]],[[-113.84708,44.34318],[-113.84745,44.34318],[-113.84745,44.34264],[-113.84821,44.34264],[-113.84821,44.34237],[-113.84858,44.34237],[-113.84858,44.3421],[-113.84934,44.34183],[-113.84934,44.34129],[-113.84632,44.34129],[-113.84632,44.34156],[-113.84595,44.34156],[-113.84595,44.34183],[-113.84482,44.34183],[-113.84482,44.3421],[-113.84444,44.3421],[-113.84444,44.34237],[-113.84406,44.34237],[-113.84406,44.34345],[-113.84444,44.34345],[-113.84444,44.34372],[-113.84595,44.34372],[-113.84595,44.34345],[-113.84708,44.34345],[-113.84708,44.34318]],[[-113.84067,44.34129],[-113.84105,44.34129],[-113.84105,44.34076],[-113.8418,44.34076],[-113.8418,44.34049],[-113.84218,44.34049],[-113.84218,44.33968],[-113.8418,44.33968],[-113.8418,44.33941],[-113.84143,44.33941],[-113.84143,44.33914],[-113.8403,44.33914],[-113.8403,44.33941],[-113.83954,44.33941],[-113.83954,44.33968],[-113.83578,44.33968],[-113.83578,44.33995],[-113.83502,44.33995],[-113.83502,44.34022],[-113.83465,44.34022],[-113.83465,44.34049],[-113.83427,44.34049],[-113.83427,44.34103],[-113.83465,44.34103],[-113.83465,44.34129],[-113.8354,44.34156],[-113.8354,44.34183],[-113.83615,44.3421],[-113.83615,44.34156],[-113.83653,44.34156],[-113.83653,44.34076],[-113.83691,44.34076],[-113.83691,44.34049],[-113.83728,44.34049],[-113.83728,44.34022],[-113.83804,44.34022],[-113.83804,44.34049],[-113.83841,44.34049],[-113.83841,44.34156],[-113.83804,44.34156],[-113.83804,44.34237],[-113.83841,44.34237],[-113.83841,44.34264],[-113.83992,44.34264],[-113.83992,44.34237],[-113.84067,44.34237],[-113.84067,44.34129]],[[-113.85386,44.33375],[-113.85311,44.33375],[-113.85311,44.33429],[-113.85198,44.33429],[-113.85198,44.33456],[-113.85235,44.33456],[-113.85235,44.33483],[-113.85085,44.33483],[-113.85085,44.3351],[-113.85122,44.3351],[-113.85122,44.33537],[-113.85085,44.33537],[-113.85085,44.33564],[-113.8516,44.33564],[-113.8516,44.33617],[-113.85198,44.33617],[-113.85198,44.33644],[-113.8516,44.33644],[-113.8516,44.33671],[-113.85198,44.33671],[-113.85198,44.33698],[-113.85047,44.33698],[-113.85047,44.33725],[-113.85085,44.33725],[-113.85085,44.33752],[-113.85009,44.33752],[-113.85009,44.33914],[-113.84971,44.33914],[-113.84971,44.33968],[-113.84934,44.33968],[-113.84934,44.34022],[-113.84896,44.34022],[-113.84896,44.34049],[-113.85047,44.34049],[-113.85047,44.34022],[-113.85085,44.34022],[-113.85085,44.33995],[-113.8516,44.33995],[-113.8516,44.33968],[-113.85198,44.33968],[-113.85198,44.33914],[-113.85235,44.33914],[-113.85235,44.3386],[-113.85273,44.3386],[-113.85273,44.33779],[-113.85311,44.33779],[-113.85311,44.33725],[-113.85348,44.33725],[-113.85348,44.33698],[-113.85386,44.33698],[-113.85386,44.33644],[-113.85424,44.33644],[-113.85424,44.33564],[-113.85461,44.33564],[-113.85461,44.3351],[-113.85537,44.33483],[-113.85537,44.33321],[-113.85499,44.33321],[-113.85499,44.3324],[-113.85537,44.3324],[-113.85537,44.33159],[-113.85499,44.33159],[-113.85499,44.33132],[-113.85461,44.33132],[-113.85461,44.33105],[-113.85386,44.33105],[-113.85386,44.33078],[-113.85424,44.33078],[-113.85424,44.33051],[-113.85348,44.33025],[-113.85348,44.33051],[-113.85273,44.33051],[-113.85273,44.33078],[-113.85235,44.33078],[-113.85235,44.33105],[-113.85198,44.33105],[-113.85198,44.33132],[-113.85122,44.33159],[-113.85122,44.33186],[-113.8516,44.33186],[-113.8516,44.33213],[-113.85085,44.33213],[-113.85085,44.3324],[-113.85198,44.3324],[-113.85198,44.33186],[-113.85311,44.33186],[-113.85311,44.33159],[-113.85348,44.33159],[-113.85348,44.33186],[-113.85386,44.33186],[-113.85386,44.33375]],[[-113.83163,44.33752],[-113.83201,44.33752],[-113.83201,44.33725],[-113.83163,44.33725],[-113.83163,44.33752]],[[-113.83201,44.33429],[-113.83239,44.33429],[-113.83239,44.33402],[-113.83201,44.33402],[-113.83201,44.33429]],[[-113.83088,44.33186],[-113.8305,44.33186],[-113.8305,44.33105],[-113.82824,44.33132],[-113.82824,44.33159],[-113.82636,44.33159],[-113.82636,44.33132],[-113.82372,44.33132],[-113.82372,44.33159],[-113.82297,44.33159],[-113.82297,44.33186],[-113.82334,44.33186],[-113.82334,44.3324],[-113.82372,44.3324],[-113.82372,44.33294],[-113.82447,44.33294],[-113.82447,44.33321],[-113.82523,44.33348],[-113.82523,44.33375],[-113.82598,44.33375],[-113.82598,44.33348],[-113.82711,44.33348],[-113.82711,44.33375],[-113.83125,44.33375],[-113.83125,44.33267],[-113.83088,44.33267],[-113.83088,44.33186]],[[-113.85085,44.33294],[-113.85122,44.33294],[-113.85122,44.33267],[-113.85047,44.33267],[-113.85047,44.33348],[-113.85122,44.33348],[-113.85122,44.33321],[-113.85085,44.33321],[-113.85085,44.33294]],[[-113.83163,44.33321],[-113.83201,44.33321],[-113.83201,44.33294],[-113.83163,44.33294],[-113.83163,44.33321]],[[-113.79509,44.3324],[-113.79584,44.3324],[-113.79584,44.33213],[-113.79622,44.33213],[-113.79622,44.33159],[-113.79584,44.33159],[-113.79584,44.33105],[-113.79547,44.33105],[-113.79547,44.33051],[-113.79509,44.33051],[-113.79509,44.33025],[-113.79433,44.32998],[-113.79433,44.32971],[-113.79358,44.32971],[-113.79358,44.32998],[-113.7932,44.32998],[-113.7932,44.33078],[-113.79283,44.33078],[-113.79283,44.33132],[-113.79245,44.33132],[-113.79245,44.33159],[-113.79207,44.33159],[-113.79207,44.33213],[-113.7917,44.33213],[-113.7917,44.3324],[-113.79207,44.3324],[-113.79207,44.33294],[-113.79358,44.33294],[-113.79358,44.33267],[-113.79509,44.33267],[-113.79509,44.3324]],[[-113.82297,44.32674],[-113.82334,44.32674],[-113.82334,44.32647],[-113.82297,44.32647],[-113.82297,44.32674]],[[-113.82786,44.31273],[-113.82824,44.31273],[-113.82824,44.31246],[-113.82786,44.31246],[-113.82786,44.31273]]],[[[-113.84708,44.36555],[-113.84708,44.36501],[-113.84632,44.36501],[-113.84632,44.36474],[-113.84557,44.36474],[-113.84557,44.36501],[-113.84331,44.36501],[-113.84331,44.36528],[-113.84293,44.36528],[-113.84293,44.36501],[-113.84256,44.36501],[-113.84256,44.36474],[-113.84293,44.36474],[-113.84293,44.36447],[-113.84256,44.36447],[-113.84256,44.3642],[-113.84293,44.3642],[-113.84293,44.36366],[-113.84369,44.36366],[-113.84369,44.36339],[-113.84595,44.36339],[-113.84595,44.36366],[-113.8467,44.36366],[-113.8467,44.36393],[-113.84708,44.36393],[-113.84708,44.3642],[-113.84783,44.3642],[-113.84783,44.36447],[-113.84821,44.36447],[-113.84821,44.36474],[-113.84896,44.36474],[-113.84896,44.36501],[-113.84971,44.36528],[-113.84971,44.36582],[-113.84934,44.36582],[-113.84934,44.36609],[-113.84745,44.36609],[-113.84745,44.36555],[-113.84708,44.36555]]],[[[-113.85311,44.36582],[-113.85348,44.36582],[-113.85348,44.36555],[-113.85424,44.36555],[-113.85424,44.36528],[-113.85461,44.36528],[-113.85461,44.36609],[-113.85424,44.36609],[-113.85424,44.3669],[-113.85348,44.3669],[-113.85348,44.36663],[-113.85311,44.36663],[-113.85311,44.36582]]],[[[-113.84406,44.36824],[-113.84331,44.36797],[-113.84331,44.36771],[-113.84256,44.36771],[-113.84256,44.36744],[-113.84218,44.36744],[-113.84218,44.36717],[-113.84143,44.36717],[-113.84143,44.36609],[-113.84218,44.36609],[-113.84218,44.36582],[-113.84519,44.36582],[-113.84519,44.36555],[-113.84595,44.36582],[-113.84595,44.36609],[-113.84482,44.36609],[-113.84482,44.36636],[-113.84406,44.36663],[-113.84406,44.3669],[-113.84444,44.3669],[-113.84444,44.36744],[-113.84482,44.36744],[-113.84482,44.36797],[-113.84519,44.36797],[-113.84519,44.36824],[-113.84482,44.36824],[-113.84482,44.36932],[-113.84444,44.36932],[-113.84444,44.36878],[-113.84406,44.36878],[-113.84406,44.36824]]]]},"properties":{"layer":"predicted_reach_h12","fire_name":"Doublesprings","irwin_id":"{960C064B-1764-4834-BD28-90FB69A4AB4A}","model":"arrival_run","checkpoint_epoch":216,"decode":"connected_causal","operating_point":{"floor":0.0,"mult":0.9},"val_precision":null,"val_recall":null,"model_caveat":"arrival_run chosen for best RECALL among the six FlameFlux v3 candidates on the production-valid t0-window corpus (R=0.624 on the fc2 held-out fires, R=0.432 on Dillon -- see candidate_comparison.md from the 2026-07-24 comparison). It does NOT meet the project's P>=0.50/R>=0.80 target: precision is the WORST of the six (P=0.120 on fc2 -- most flagged growth is wrong), and wind_run actually edges it on F1. IMPORTANT CAVEAT: arrival_run trained on the leaky 'observed' corpus (crop centered/sized on t0|t1, i.e. it saw the future perimeter's geometry during training) and has NEVER seen a t0-window crop -- the ONLY geometry this live pipeline can ever produce at forecast time (the future perimeter is, by definition, unknown). So every live prediction from this model is out-of-distribution relative to its own training. The measured t0-window numbers above already reflect that (they are not a surprise), but this is 'best available', not 'production-ready' -- represent it that way. The operating_point (floor=0.0, mult=0.9) is the VAL-selected connected-causal decode point; it did NOT clear the 0.50 precision floor during selection (feasible=False, val P=0.270/R=0.259) -- it's the best-F1 fallback point, not a precision-guaranteed one.","issued_at_utc":"2026-08-05 02:36:31.645281+00:00","valid_from_utc":"2026-08-05 00:00:00","valid_to_utc":"2026-08-06 00:00:00","wfigs_date_current_utc":"2026-08-05 02:05:06+00:00","pixel_size_m":30,"veg_source":"refreshed_d4","physics_source":"eikonal_fbfm40","history_n_dates":1,"degraded_history":true,"containment_pct":0.0,"acres_wfigs":1021.012899130312,"hour":12,"valid_at_utc":"2026-08-05 12:00:00"}},{"type":"Feature","geometry":{"type":"MultiPolygon","coordinates":[[[[-113.85913,44.30707],[-113.85913,44.30734],[-113.85876,44.30734],[-113.85876,44.30707],[-113.85913,44.30707]]],[[[-113.85838,44.30734],[-113.85725,44.30734],[-113.85725,44.30707],[-113.85838,44.30707],[-113.85838,44.30734]]],[[[-113.85047,44.31084],[-113.85122,44.31057],[-113.85122,44.31084],[-113.8516,44.31084],[-113.8516,44.31111],[-113.85085,44.31138],[-113.85085,44.31111],[-113.85047,44.31111],[-113.85047,44.31084]]],[[[-113.8467,44.35908],[-113.84595,44.35908],[-113.84595,44.35881],[-113.8467,44.35881],[-113.8467,44.35908]]],[[[-113.85311,44.36663],[-113.85273,44.36663],[-113.85273,44.36582],[-113.85311,44.36582],[-113.85311,44.36555],[-113.85348,44.36555],[-113.85348,44.36528],[-113.85461,44.36528],[-113.85461,44.36501],[-113.85537,44.36501],[-113.85537,44.36528],[-113.85574,44.36528],[-113.85574,44.36663],[-113.85499,44.3669],[-113.85499,44.36717],[-113.85348,44.36744],[-113.85348,44.36717],[-113.85311,44.36717],[-113.85311,44.36663]]],[[[-113.84632,44.37094],[-113.84595,44.37094],[-113.84595,44.37067],[-113.84632,44.37067],[-113.84632,44.37094]]],[[[-113.84557,44.37094],[-113.84519,44.37094],[-113.84519,44.37067],[-113.84557,44.37067],[-113.84557,44.37094]]],[[[-113.84482,44.37283],[-113.84519,44.37283],[-113.84519,44.37229],[-113.84632,44.37229],[-113.84632,44.37283],[-113.8467,44.37283],[-113.8467,44.37309],[-113.84632,44.37309],[-113.84632,44.37336],[-113.84519,44.37336],[-113.84519,44.37309],[-113.84482,44.37309],[-113.84482,44.37283]]],[[[-113.80752,44.30437],[-113.80827,44.30437],[-113.80827,44.30491],[-113.80752,44.30464],[-113.80752,44.30437]]],[[[-113.82786,44.30896],[-113.82749,44.30896],[-113.82749,44.30869],[-113.82711,44.30869],[-113.82711,44.30842],[-113.82636,44.30842],[-113.82636,44.30788],[-113.82598,44.30788],[-113.82598,44.30734],[-113.8256,44.30734],[-113.8256,44.3068],[-113.82636,44.3068],[-113.82636,44.30653],[-113.82673,44.30653],[-113.82673,44.3068],[-113.82749,44.30707],[-113.82749,44.30734],[-113.82862,44.30734],[-113.82862,44.30761],[-113.82899,44.30761],[-113.82899,44.30869],[-113.82937,44.30869],[-113.82937,44.30922],[-113.82862,44.30922],[-113.82862,44.30949],[-113.82824,44.30949],[-113.82824,44.30922],[-113.82786,44.30922],[-113.82786,44.30896]]],[[[-113.83389,44.30842],[-113.83465,44.30842],[-113.83465,44.30896],[-113.83352,44.30896],[-113.83352,44.30869],[-113.83389,44.30869],[-113.83389,44.30842]]],[[[-113.82975,44.31165],[-113.82975,44.31084],[-113.83012,44.31084],[-113.83012,44.3103],[-113.8305,44.3103],[-113.8305,44.31003],[-113.83088,44.31003],[-113.83088,44.3103],[-113.83163,44.3103],[-113.83163,44.31084],[-113.83201,44.31084],[-113.83201,44.31138],[-113.83389,44.31138],[-113.83389,44.31165],[-113.83502,44.31165],[-113.83502,44.31192],[-113.83578,44.31192],[-113.83578,44.31165],[-113.83728,44.31138],[-113.83728,44.31111],[-113.83917,44.31111],[-113.83917,44.31084],[-113.83954,44.31084],[-113.83954,44.31057],[-113.8403,44.31057],[-113.8403,44.3103],[-113.84067,44.3103],[-113.84067,44.31003],[-113.84293,44.30976],[-113.84293,44.30949],[-113.84331,44.30949],[-113.84331,44.30922],[-113.84369,44.30922],[-113.84369,44.30896],[-113.84406,44.30896],[-113.84406,44.30869],[-113.84444,44.30869],[-113.84444,44.30842],[-113.84482,44.30842],[-113.84482,44.30815],[-113.84557,44.30815],[-113.84557,44.30761],[-113.84708,44.30761],[-113.84708,44.30734],[-113.84783,44.30734],[-113.84783,44.30707],[-113.84821,44.30707],[-113.84821,44.3068],[-113.84896,44.3068],[-113.84896,44.30653],[-113.84934,44.30653],[-113.84934,44.30626],[-113.85122,44.30626],[-113.85122,44.30653],[-113.8516,44.30653],[-113.8516,44.3068],[-113.85235,44.3068],[-113.85235,44.30707],[-113.85537,44.30707],[-113.85537,44.30734],[-113.85574,44.30734],[-113.85574,44.30761],[-113.85612,44.30761],[-113.85612,44.30734],[-113.85725,44.30734],[-113.85725,44.30761],[-113.85687,44.30761],[-113.85687,44.30815],[-113.85612,44.30842],[-113.85612,44.30869],[-113.85537,44.30869],[-113.85537,44.30842],[-113.85499,44.30842],[-113.85499,44.30869],[-113.85424,44.30869],[-113.85424,44.30896],[-113.8516,44.30896],[-113.8516,44.30922],[-113.84971,44.30922],[-113.84971,44.30949],[-113.84896,44.30949],[-113.84896,44.30976],[-113.84821,44.30976],[-113.84821,44.31003],[-113.84745,44.31003],[-113.84745,44.3103],[-113.8467,44.3103],[-113.8467,44.31057],[-113.84632,44.31057],[-113.84632,44.31084],[-113.84595,44.31084],[-113.84595,44.31111],[-113.84519,44.31111],[-113.84519,44.31138],[-113.84369,44.31138],[-113.84369,44.31165],[-113.84256,44.31165],[-113.84256,44.31219],[-113.84331,44.31192],[-113.84331,44.31219],[-113.84444,44.31219],[-113.84444,44.31246],[-113.84595,44.31246],[-113.84595,44.31219],[-113.84632,44.31219],[-113.84632,44.31246],[-113.8467,44.31246],[-113.8467,44.31219],[-113.85009,44.31219],[-113.85009,44.31192],[-113.85122,44.31192],[-113.85122,44.31219],[-113.85198,44.31219],[-113.85198,44.31192],[-113.85235,44.31192],[-113.85235,44.31219],[-113.85273,44.31219],[-113.85273,44.31192],[-113.85311,44.31192],[-113.85311,44.31111],[-113.85386,44.31111],[-113.85386,44.31084],[-113.85537,44.31111],[-113.85537,44.31192],[-113.8565,44.31192],[-113.8565,44.31165],[-113.85763,44.31165],[-113.85763,44.31138],[-113.85876,44.31138],[-113.85876,44.31111],[-113.86215,44.31111],[-113.86215,44.31084],[-113.86516,44.31084],[-113.86516,44.31111],[-113.86704,44.31111],[-113.86704,44.31138],[-113.86968,44.31138],[-113.86968,44.31165],[-113.87006,44.31165],[-113.87006,44.31246],[-113.86968,44.31246],[-113.86968,44.31273],[-113.86855,44.31273],[-113.86855,44.313],[-113.86817,44.313],[-113.86817,44.31381],[-113.8678,44.31381],[-113.8678,44.31435],[-113.86742,44.31435],[-113.86742,44.31515],[-113.8678,44.31515],[-113.8678,44.31569],[-113.86855,44.31596],[-113.86855,44.31623],[-113.87044,44.31623],[-113.87044,44.31596],[-113.87081,44.31596],[-113.87081,44.31623],[-113.87119,44.31623],[-113.87119,44.31704],[-113.87157,44.31704],[-113.87157,44.31731],[-113.87119,44.31731],[-113.87119,44.31758],[-113.86968,44.31758],[-113.86968,44.31731],[-113.86931,44.31731],[-113.86931,44.31704],[-113.86893,44.31704],[-113.86893,44.31677],[-113.86855,44.31677],[-113.86855,44.31704],[-113.86817,44.31704],[-113.86817,44.31731],[-113.86742,44.31731],[-113.86742,44.31758],[-113.86704,44.31758],[-113.86704,44.31785],[-113.86629,44.31812],[-113.86629,44.31947],[-113.86667,44.31947],[-113.86667,44.32],[-113.86516,44.32027],[-113.86516,44.32],[-113.86441,44.32],[-113.86441,44.31974],[-113.86403,44.31974],[-113.86403,44.32],[-113.8629,44.32],[-113.8629,44.32027],[-113.86139,44.32054],[-113.86139,44.32081],[-113.86102,44.32081],[-113.86102,44.32135],[-113.86064,44.32135],[-113.86064,44.32162],[-113.85989,44.32189],[-113.85989,44.32216],[-113.85951,44.32216],[-113.85951,44.3227],[-113.85913,44.3227],[-113.85913,44.32324],[-113.85612,44.32432],[-113.85612,44.32539],[-113.85574,44.32539],[-113.85574,44.32593],[-113.85537,44.32593],[-113.85537,44.32701],[-113.8565,44.32701],[-113.8565,44.32674],[-113.858,44.32674],[-113.858,44.32647],[-113.85838,44.32647],[-113.85838,44.32674],[-113.85913,44.32674],[-113.85913,44.32701],[-113.85989,44.32728],[-113.85989,44.32863],[-113.85951,44.32863],[-113.85951,44.32917],[-113.85876,44.32944],[-113.85876,44.33025],[-113.86064,44.33025],[-113.86064,44.33213],[-113.86139,44.33213],[-113.86139,44.3324],[-113.86177,44.3324],[-113.86177,44.33267],[-113.86252,44.33267],[-113.86252,44.3324],[-113.86365,44.3324],[-113.86365,44.33213],[-113.86403,44.33213],[-113.86403,44.33186],[-113.86441,44.33186],[-113.86441,44.33213],[-113.86516,44.3324],[-113.86516,44.33267],[-113.86478,44.33267],[-113.86478,44.33321],[-113.86441,44.33321],[-113.86441,44.33348],[-113.86328,44.33348],[-113.86328,44.33375],[-113.86252,44.33375],[-113.86252,44.33402],[-113.86064,44.33402],[-113.86064,44.33429],[-113.85989,44.33429],[-113.85989,44.33456],[-113.85951,44.33456],[-113.85951,44.33483],[-113.85876,44.3351],[-113.85876,44.33537],[-113.8565,44.33537],[-113.8565,44.33617],[-113.858,44.33617],[-113.858,44.3359],[-113.86064,44.3359],[-113.86064,44.33617],[-113.86252,44.33617],[-113.86252,44.3359],[-113.8629,44.3359],[-113.8629,44.33564],[-113.86365,44.33564],[-113.86365,44.3359],[-113.86403,44.3359],[-113.86403,44.33644],[-113.86441,44.33644],[-113.86441,44.33752],[-113.86403,44.33752],[-113.86403,44.33806],[-113.86328,44.33806],[-113.86328,44.33779],[-113.86102,44.33779],[-113.86102,44.33806],[-113.86026,44.33833],[-113.86026,44.3386],[-113.85989,44.3386],[-113.85989,44.33914],[-113.86026,44.33914],[-113.86026,44.33941],[-113.86064,44.33941],[-113.86064,44.33968],[-113.86102,44.33968],[-113.86102,44.34022],[-113.86139,44.34022],[-113.86139,44.34049],[-113.86252,44.34049],[-113.86252,44.34076],[-113.86403,44.34076],[-113.86403,44.34103],[-113.86441,44.34103],[-113.86441,44.34129],[-113.86403,44.34129],[-113.86403,44.34156],[-113.86215,44.34156],[-113.86215,44.34183],[-113.86139,44.34183],[-113.86139,44.34237],[-113.86102,44.34237],[-113.86102,44.34264],[-113.86026,44.34291],[-113.86026,44.34345],[-113.85989,44.34345],[-113.85989,44.34372],[-113.858,44.34372],[-113.858,44.34399],[-113.85725,44.34399],[-113.85725,44.34426],[-113.8565,44.34453],[-113.8565,44.34588],[-113.85687,44.34588],[-113.85687,44.34642],[-113.85725,44.34642],[-113.85725,44.34695],[-113.85763,44.34695],[-113.85763,44.34722],[-113.85725,44.34722],[-113.85725,44.34749],[-113.85838,44.34749],[-113.85838,44.34803],[-113.85876,44.34803],[-113.85876,44.34857],[-113.85913,44.34857],[-113.85913,44.34938],[-113.85876,44.34938],[-113.85876,44.34992],[-113.85725,44.34992],[-113.85725,44.35019],[-113.85687,44.35019],[-113.85687,44.351],[-113.8565,44.351],[-113.8565,44.35154],[-113.85612,44.35154],[-113.85612,44.35207],[-113.85311,44.35207],[-113.85311,44.35234],[-113.8516,44.35234],[-113.8516,44.35261],[-113.85122,44.35261],[-113.85122,44.35288],[-113.85085,44.35288],[-113.85085,44.35315],[-113.85047,44.35315],[-113.85047,44.35342],[-113.85009,44.35342],[-113.85009,44.35369],[-113.84971,44.35369],[-113.84971,44.35396],[-113.84821,44.35423],[-113.84821,44.35477],[-113.84783,44.35477],[-113.84783,44.35531],[-113.84745,44.35531],[-113.84745,44.35585],[-113.84708,44.35585],[-113.84708,44.35639],[-113.8467,44.35639],[-113.8467,44.35693],[-113.84632,44.35693],[-113.84632,44.35719],[-113.84557,44.35746],[-113.84557,44.358],[-113.84293,44.358],[-113.84293,44.35827],[-113.84331,44.35827],[-113.84331,44.35854],[-113.84293,44.35854],[-113.84293,44.35881],[-113.84406,44.35881],[-113.84406,44.35908],[-113.84369,44.35908],[-113.84369,44.35935],[-113.84406,44.35935],[-113.84406,44.35962],[-113.84369,44.35962],[-113.84369,44.36016],[-113.84331,44.36016],[-113.84331,44.36043],[-113.84406,44.36043],[-113.84406,44.3607],[-113.84369,44.3607],[-113.84369,44.36097],[-113.84482,44.36097],[-113.84482,44.36124],[-113.84444,44.36124],[-113.84444,44.36151],[-113.84519,44.36151],[-113.84519,44.36178],[-113.84482,44.36178],[-113.84482,44.36205],[-113.84444,44.36205],[-113.84444,44.36232],[-113.84293,44.36232],[-113.84293,44.36178],[-113.83992,44.36178],[-113.83992,44.36205],[-113.83954,44.36205],[-113.83954,44.36366],[-113.83992,44.36366],[-113.83992,44.36447],[-113.83954,44.36447],[-113.83954,44.36474],[-113.83992,44.36474],[-113.83992,44.36555],[-113.83954,44.36555],[-113.83954,44.36582],[-113.83841,44.36582],[-113.83841,44.36609],[-113.83804,44.36609],[-113.83804,44.36636],[-113.83728,44.36636],[-113.83728,44.36663],[-113.83653,44.36663],[-113.83653,44.3669],[-113.83615,44.3669],[-113.83615,44.36636],[-113.83653,44.36636],[-113.83653,44.36609],[-113.83615,44.36609],[-113.83615,44.36555],[-113.83465,44.36555],[-113.83465,44.36609],[-113.83389,44.36609],[-113.83389,44.36663],[-113.83163,44.36663],[-113.83163,44.36609],[-113.83088,44.36609],[-113.83088,44.36582],[-113.83163,44.36582],[-113.83163,44.36528],[-113.83239,44.36528],[-113.83239,44.36501],[-113.82937,44.36501],[-113.82937,44.36447],[-113.82862,44.36447],[-113.82862,44.3642],[-113.82824,44.3642],[-113.82824,44.36393],[-113.82636,44.36393],[-113.82636,44.36339],[-113.82598,44.36339],[-113.82598,44.36312],[-113.82636,44.36312],[-113.82636,44.36285],[-113.82598,44.36285],[-113.82598,44.36258],[-113.82636,44.36258],[-113.82636,44.36097],[-113.82673,44.36097],[-113.82673,44.36043],[-113.82711,44.36043],[-113.82711,44.35989],[-113.82749,44.35989],[-113.82749,44.35962],[-113.82824,44.35935],[-113.82824,44.35908],[-113.82862,44.35908],[-113.82862,44.35881],[-113.82937,44.35881],[-113.82937,44.35827],[-113.82975,44.35827],[-113.82975,44.35693],[-113.82937,44.35693],[-113.82937,44.35585],[-113.82899,44.35585],[-113.82899,44.35504],[-113.82824,44.35477],[-113.82824,44.3545],[-113.82786,44.3545],[-113.82786,44.35423],[-113.82711,44.35423],[-113.82711,44.35396],[-113.82636,44.35396],[-113.82636,44.35369],[-113.82184,44.35369],[-113.82184,44.35396],[-113.82108,44.35396],[-113.82108,44.35423],[-113.81958,44.35423],[-113.81958,44.3545],[-113.81845,44.3545],[-113.81845,44.35477],[-113.81694,44.35477],[-113.81694,44.35504],[-113.81581,44.35504],[-113.81581,44.35477],[-113.81543,44.35477],[-113.81543,44.35504],[-113.81393,44.35504],[-113.81393,44.35477],[-113.81317,44.35477],[-113.81317,44.3545],[-113.81279,44.3545],[-113.81279,44.35423],[-113.81204,44.35423],[-113.81204,44.35369],[-113.81129,44.35369],[-113.81129,44.35315],[-113.81091,44.35315],[-113.81091,44.35261],[-113.81053,44.35261],[-113.81053,44.35234],[-113.81016,44.35234],[-113.81016,44.35207],[-113.8094,44.35207],[-113.8094,44.35154],[-113.80752,44.35154],[-113.80752,44.35127],[-113.80677,44.35127],[-113.80677,44.351],[-113.80451,44.351],[-113.80451,44.35073],[-113.80375,44.35073],[-113.80375,44.35046],[-113.80338,44.35046],[-113.80338,44.34992],[-113.803,44.34992],[-113.803,44.34938],[-113.80262,44.34938],[-113.80262,44.34992],[-113.80225,44.34992],[-113.80225,44.34938],[-113.80149,44.34938],[-113.80149,44.3483],[-113.80074,44.3483],[-113.80074,44.34776],[-113.79999,44.34776],[-113.79999,44.34668],[-113.79961,44.34668],[-113.79961,44.34642],[-113.79999,44.34642],[-113.79999,44.34615],[-113.79961,44.34615],[-113.79961,44.34561],[-113.79923,44.34561],[-113.79923,44.34507],[-113.79848,44.34507],[-113.79848,44.34453],[-113.7981,44.34453],[-113.7981,44.34399],[-113.79773,44.34399],[-113.79773,44.34345],[-113.79735,44.34345],[-113.79735,44.34291],[-113.7966,44.34291],[-113.7966,44.34264],[-113.79584,44.34237],[-113.79584,44.34183],[-113.79547,44.34183],[-113.79547,44.34129],[-113.79358,44.34129],[-113.79358,44.34103],[-113.79396,44.34103],[-113.79396,44.34049],[-113.79433,44.34049],[-113.79433,44.33914],[-113.79396,44.33914],[-113.79396,44.3386],[-113.79094,44.33806],[-113.79094,44.33752],[-113.79057,44.33752],[-113.79057,44.33725],[-113.79094,44.33725],[-113.79094,44.3359],[-113.79057,44.3359],[-113.79057,44.33537],[-113.79019,44.33537],[-113.79019,44.3351],[-113.78981,44.3351],[-113.78981,44.33483],[-113.78944,44.33483],[-113.78944,44.33456],[-113.78906,44.33456],[-113.78906,44.33429],[-113.78868,44.33429],[-113.78868,44.33402],[-113.78831,44.33402],[-113.78831,44.33375],[-113.78793,44.33375],[-113.78793,44.33348],[-113.78755,44.33348],[-113.78755,44.33321],[-113.78718,44.33321],[-113.78718,44.33267],[-113.7868,44.33267],[-113.7868,44.3324],[-113.78906,44.3324],[-113.78906,44.33213],[-113.78981,44.33213],[-113.78981,44.33186],[-113.79019,44.33186],[-113.79019,44.33105],[-113.78944,44.33105],[-113.78944,44.33051],[-113.78868,44.33051],[-113.78868,44.33025],[-113.78831,44.33025],[-113.78831,44.3289],[-113.78868,44.3289],[-113.78868,44.32809],[-113.78906,44.32809],[-113.78906,44.32755],[-113.78944,44.32755],[-113.78944,44.32674],[-113.78981,44.32674],[-113.78981,44.3262],[-113.79057,44.3262],[-113.79057,44.32647],[-113.79094,44.32647],[-113.79094,44.32674],[-113.79132,44.32674],[-113.79132,44.32701],[-113.7917,44.32701],[-113.7917,44.32674],[-113.79207,44.32674],[-113.79207,44.32566],[-113.79132,44.32566],[-113.79132,44.32486],[-113.7932,44.32486],[-113.7932,44.32459],[-113.79584,44.32459],[-113.79584,44.32432],[-113.79622,44.32432],[-113.79622,44.32405],[-113.79584,44.32405],[-113.79584,44.32378],[-113.79622,44.32378],[-113.79622,44.32351],[-113.79584,44.32351],[-113.79584,44.32324],[-113.79622,44.32324],[-113.79622,44.32297],[-113.79584,44.32297],[-113.79584,44.3227],[-113.79622,44.3227],[-113.79622,44.32108],[-113.7966,44.32108],[-113.7966,44.32054],[-113.79697,44.32054],[-113.79697,44.32027],[-113.79735,44.32027],[-113.79735,44.32],[-113.79773,44.32],[-113.79773,44.3192],[-113.79848,44.31893],[-113.79848,44.31812],[-113.79886,44.31812],[-113.79886,44.31731],[-113.79923,44.31731],[-113.79923,44.31677],[-113.79961,44.31677],[-113.79961,44.31623],[-113.80036,44.31623],[-113.80036,44.31596],[-113.80112,44.31569],[-113.80112,44.31542],[-113.80149,44.31542],[-113.80149,44.31515],[-113.80187,44.31515],[-113.80187,44.31461],[-113.80225,44.31461],[-113.80225,44.31435],[-113.80262,44.31435],[-113.80262,44.31408],[-113.80338,44.31408],[-113.80338,44.31381],[-113.80375,44.31381],[-113.80375,44.31327],[-113.80413,44.31327],[-113.80413,44.313],[-113.80488,44.313],[-113.80488,44.31273],[-113.80564,44.31246],[-113.80564,44.31219],[-113.80639,44.31219],[-113.80639,44.31192],[-113.80752,44.31192],[-113.80752,44.31165],[-113.80827,44.31165],[-113.80827,44.31192],[-113.81166,44.31192],[-113.81166,44.31219],[-113.81393,44.31219],[-113.81393,44.31246],[-113.81619,44.31246],[-113.81619,44.31219],[-113.81656,44.31219],[-113.81656,44.31192],[-113.81732,44.31192],[-113.81732,44.31138],[-113.81807,44.31138],[-113.81807,44.31111],[-113.81769,44.31111],[-113.81769,44.31057],[-113.81732,44.31057],[-113.81732,44.3103],[-113.81656,44.3103],[-113.81656,44.31003],[-113.81581,44.30976],[-113.81581,44.30949],[-113.81468,44.30949],[-113.81468,44.30922],[-113.8143,44.30922],[-113.8143,44.30896],[-113.81317,44.30896],[-113.81317,44.30869],[-113.81279,44.30869],[-113.81279,44.30815],[-113.81317,44.30815],[-113.81317,44.30707],[-113.81279,44.30707],[-113.81279,44.3068],[-113.81242,44.3068],[-113.81242,44.30653],[-113.81393,44.30653],[-113.81393,44.3068],[-113.8143,44.3068],[-113.8143,44.30707],[-113.81581,44.30707],[-113.81581,44.30734],[-113.81619,44.30734],[-113.81619,44.30788],[-113.81581,44.30788],[-113.81581,44.30842],[-113.81543,44.30842],[-113.81543,44.30896],[-113.81581,44.30896],[-113.81581,44.30922],[-113.81807,44.30922],[-113.81807,44.30896],[-113.8192,44.30896],[-113.8192,44.30922],[-113.82146,44.30922],[-113.82146,44.30949],[-113.82184,44.30949],[-113.82184,44.30976],[-113.82259,44.30976],[-113.82259,44.31003],[-113.82297,44.31003],[-113.82297,44.3103],[-113.82372,44.3103],[-113.82372,44.31057],[-113.8241,44.31057],[-113.8241,44.31084],[-113.82523,44.31084],[-113.82523,44.3103],[-113.8256,44.3103],[-113.8256,44.31003],[-113.82523,44.31003],[-113.82523,44.30976],[-113.8256,44.30976],[-113.8256,44.30949],[-113.82673,44.30949],[-113.82673,44.31003],[-113.82711,44.31003],[-113.82711,44.31084],[-113.82749,44.31084],[-113.82749,44.31111],[-113.82786,44.31111],[-113.82786,44.31138],[-113.82862,44.31111],[-113.82862,44.31192],[-113.82899,44.31192],[-113.82899,44.31219],[-113.82975,44.31219],[-113.82975,44.31192],[-113.83012,44.31192],[-113.83012,44.31165],[-113.82975,44.31165]],[[-113.82975,44.31246],[-113.8305,44.31246],[-113.8305,44.31273],[-113.83088,44.31273],[-113.83088,44.31219],[-113.82975,44.31219],[-113.82975,44.31246]],[[-113.83615,44.36528],[-113.83615,44.36501],[-113.83578,44.36501],[-113.83578,44.36528],[-113.83615,44.36528]],[[-113.83578,44.36393],[-113.83578,44.36447],[-113.8354,44.36447],[-113.8354,44.36474],[-113.83691,44.36474],[-113.83691,44.36447],[-113.83615,44.36447],[-113.83615,44.36393],[-113.83578,44.36393]],[[-113.84369,44.36151],[-113.84369,44.36124],[-113.84331,44.36124],[-113.84331,44.36151],[-113.84369,44.36151]],[[-113.83578,44.35234],[-113.83578,44.3518],[-113.83615,44.3518],[-113.83615,44.35127],[-113.83653,44.35127],[-113.83653,44.35073],[-113.83691,44.35073],[-113.83691,44.35046],[-113.83728,44.35046],[-113.83728,44.35019],[-113.83804,44.35019],[-113.83804,44.34965],[-113.83841,44.34965],[-113.83841,44.34911],[-113.83879,44.34911],[-113.83879,44.34884],[-113.83804,44.34884],[-113.83804,44.34911],[-113.83766,44.34911],[-113.83766,44.34938],[-113.83691,44.34938],[-113.83691,44.34965],[-113.83653,44.34965],[-113.83653,44.34992],[-113.83502,44.34992],[-113.83502,44.34965],[-113.83465,44.34965],[-113.83465,44.34938],[-113.83352,44.34938],[-113.83352,44.34965],[-113.83389,44.34965],[-113.83389,44.34992],[-113.83352,44.34992],[-113.83352,44.35046],[-113.83427,44.35073],[-113.83427,44.351],[-113.83352,44.351],[-113.83352,44.35127],[-113.83389,44.35127],[-113.83389,44.35154],[-113.83352,44.35154],[-113.83352,44.3518],[-113.83201,44.35154],[-113.83201,44.35207],[-113.83163,44.35207],[-113.83163,44.35154],[-113.83125,44.35154],[-113.83125,44.35288],[-113.83389,44.35288],[-113.83389,44.35261],[-113.8354,44.35261],[-113.8354,44.35234],[-113.83578,44.35234]],[[-113.84067,44.34776],[-113.84067,44.34749],[-113.8403,44.34749],[-113.8403,44.34776],[-113.84067,44.34776]],[[-113.8418,44.34534],[-113.84143,44.34534],[-113.84143,44.34588],[-113.84105,44.34588],[-113.84105,44.34642],[-113.84218,44.34642],[-113.84218,44.34534],[-113.84256,44.34534],[-113.84256,44.3448],[-113.84218,44.3448],[-113.84218,44.34507],[-113.8418,44.34507],[-113.8418,44.34534]],[[-113.84293,44.3448],[-113.84293,44.34453],[-113.84256,44.34453],[-113.84256,44.3448],[-113.84293,44.3448]],[[-113.84708,44.34318],[-113.84708,44.34291],[-113.84745,44.34291],[-113.84745,44.34264],[-113.84783,44.34264],[-113.84783,44.34237],[-113.84821,44.34237],[-113.84821,44.3421],[-113.84858,44.3421],[-113.84858,44.34183],[-113.84783,44.34183],[-113.84783,44.34156],[-113.84632,44.34156],[-113.84632,44.34183],[-113.84519,44.34183],[-113.84519,44.3421],[-113.84482,44.3421],[-113.84482,44.34237],[-113.84406,44.34237],[-113.84406,44.34318],[-113.84444,44.34318],[-113.84444,44.34345],[-113.84482,44.34345],[-113.84482,44.34372],[-113.84557,44.34372],[-113.84557,44.34345],[-113.84708,44.34318]],[[-113.84067,44.3421],[-113.84067,44.34103],[-113.84105,44.34103],[-113.84105,44.34076],[-113.84143,44.34076],[-113.84143,44.34049],[-113.84218,44.34049],[-113.84218,44.33968],[-113.8418,44.33968],[-113.8418,44.33941],[-113.83954,44.33941],[-113.83954,44.33968],[-113.83879,44.33968],[-113.83879,44.33995],[-113.83841,44.33995],[-113.83841,44.33968],[-113.83578,44.33968],[-113.83578,44.33995],[-113.83502,44.33995],[-113.83502,44.34022],[-113.83465,44.34022],[-113.83465,44.34049],[-113.83427,44.34049],[-113.83427,44.34103],[-113.83465,44.34103],[-113.83465,44.34129],[-113.8354,44.34156],[-113.8354,44.34183],[-113.83615,44.34183],[-113.83615,44.34129],[-113.83653,44.34129],[-113.83653,44.34076],[-113.83691,44.34076],[-113.83691,44.34049],[-113.83728,44.34049],[-113.83728,44.34022],[-113.83841,44.34022],[-113.83841,44.34183],[-113.83804,44.34183],[-113.83804,44.3421],[-113.83841,44.3421],[-113.83841,44.34264],[-113.83954,44.34264],[-113.83954,44.34237],[-113.8403,44.34237],[-113.8403,44.3421],[-113.84067,44.3421]],[[-113.8516,44.33914],[-113.85122,44.33914],[-113.85122,44.33941],[-113.8516,44.33941],[-113.8516,44.33914]],[[-113.85198,44.33914],[-113.85198,44.33887],[-113.85235,44.33887],[-113.85235,44.3386],[-113.85198,44.3386],[-113.85198,44.33833],[-113.85235,44.33833],[-113.85235,44.33806],[-113.85122,44.33806],[-113.85122,44.33833],[-113.8516,44.33833],[-113.8516,44.3386],[-113.85122,44.3386],[-113.85122,44.33887],[-113.85198,44.33914]],[[-113.83201,44.33752],[-113.83201,44.33725],[-113.83163,44.33725],[-113.83163,44.33752],[-113.83201,44.33752]],[[-113.85461,44.33537],[-113.85461,44.3351],[-113.85499,44.3351],[-113.85499,44.33375],[-113.85386,44.33375],[-113.85386,44.33402],[-113.85311,44.33429],[-113.85311,44.33483],[-113.85273,44.33483],[-113.85273,44.3351],[-113.85311,44.3351],[-113.85311,44.33537],[-113.85273,44.33537],[-113.85273,44.3359],[-113.85235,44.3359],[-113.85235,44.33617],[-113.85273,44.33617],[-113.85273,44.33671],[-113.85386,44.33671],[-113.85386,44.3359],[-113.85424,44.3359],[-113.85424,44.33537],[-113.85461,44.33537]],[[-113.83239,44.33429],[-113.83239,44.33402],[-113.83201,44.33402],[-113.83201,44.33429],[-113.83239,44.33429]],[[-113.8305,44.33186],[-113.8305,44.33132],[-113.83012,44.33132],[-113.83012,44.33105],[-113.82937,44.33105],[-113.82937,44.33132],[-113.82862,44.33132],[-113.82862,44.33159],[-113.82485,44.33159],[-113.82485,44.33132],[-113.82334,44.33159],[-113.82334,44.33213],[-113.82372,44.33213],[-113.82372,44.33267],[-113.8241,44.33267],[-113.8241,44.33294],[-113.82485,44.33294],[-113.82485,44.33321],[-113.82523,44.33321],[-113.82523,44.33348],[-113.82937,44.33348],[-113.82937,44.33375],[-113.83125,44.33375],[-113.83125,44.33267],[-113.83088,44.33267],[-113.83088,44.33186],[-113.8305,44.33186]],[[-113.83201,44.33321],[-113.83201,44.33294],[-113.83163,44.33294],[-113.83163,44.33321],[-113.83201,44.33321]],[[-113.79433,44.33213],[-113.79433,44.33186],[-113.79547,44.33186],[-113.79547,44.33105],[-113.79471,44.33078],[-113.79471,44.33025],[-113.79433,44.33025],[-113.79433,44.32998],[-113.79358,44.32998],[-113.79358,44.33025],[-113.7932,44.33025],[-113.7932,44.33105],[-113.79283,44.33105],[-113.79283,44.33159],[-113.79207,44.33186],[-113.79207,44.33267],[-113.79358,44.33267],[-113.79358,44.3324],[-113.79471,44.3324],[-113.79471,44.33213],[-113.79433,44.33213]],[[-113.85499,44.3324],[-113.85499,44.33159],[-113.85424,44.33159],[-113.85424,44.3324],[-113.85499,44.3324]],[[-113.85311,44.33132],[-113.85311,44.33105],[-113.85235,44.33105],[-113.85235,44.33132],[-113.85311,44.33132]],[[-113.82334,44.32674],[-113.82334,44.32647],[-113.82297,44.32647],[-113.82297,44.32674],[-113.82334,44.32674]],[[-113.83012,44.313],[-113.83012,44.31273],[-113.82975,44.31273],[-113.82975,44.313],[-113.83012,44.313]]],[[[-113.8305,44.36609],[-113.83012,44.36609],[-113.83012,44.36582],[-113.8305,44.36582],[-113.8305,44.36609]]],[[[-113.82975,44.36609],[-113.82937,44.36609],[-113.82937,44.36582],[-113.82975,44.36582],[-113.82975,44.36609]]],[[[-113.84595,44.36986],[-113.84557,44.36986],[-113.84557,44.3704],[-113.84482,44.3704],[-113.84482,44.37013],[-113.84519,44.37013],[-113.84519,44.36986],[-113.84444,44.36986],[-113.84444,44.36932],[-113.84406,44.36932],[-113.84406,44.36878],[-113.84369,44.36878],[-113.84369,44.36824],[-113.84293,44.36797],[-113.84293,44.36771],[-113.84218,44.36771],[-113.84218,44.36744],[-113.8418,44.36744],[-113.8418,44.36717],[-113.84143,44.36717],[-113.84143,44.3669],[-113.84105,44.3669],[-113.84105,44.36663],[-113.83992,44.36663],[-113.83992,44.36609],[-113.83954,44.36609],[-113.83954,44.36582],[-113.8403,44.36582],[-113.8403,44.36636],[-113.84143,44.36636],[-113.84143,44.36609],[-113.8418,44.36609],[-113.8418,44.36582],[-113.84256,44.36582],[-113.84256,44.3642],[-113.84293,44.3642],[-113.84293,44.36366],[-113.84331,44.36366],[-113.84331,44.36339],[-113.84632,44.36339],[-113.84632,44.36366],[-113.84708,44.36366],[-113.84708,44.36393],[-113.84745,44.36393],[-113.84745,44.3642],[-113.84783,44.3642],[-113.84783,44.36447],[-113.84934,44.36474],[-113.84934,44.36501],[-113.85009,44.36528],[-113.85009,44.36609],[-113.84896,44.36609],[-113.84896,44.36636],[-113.84821,44.36636],[-113.84821,44.36663],[-113.84783,44.36663],[-113.84783,44.36636],[-113.84745,44.36636],[-113.84745,44.36609],[-113.84632,44.36609],[-113.84632,44.36636],[-113.84482,44.36663],[-113.84482,44.36744],[-113.84519,44.36744],[-113.84519,44.36905],[-113.84557,44.36905],[-113.84557,44.36959],[-113.84632,44.36959],[-113.84632,44.36986],[-113.84708,44.36986],[-113.84708,44.37013],[-113.84821,44.37013],[-113.84821,44.3704],[-113.84896,44.3704],[-113.84896,44.37094],[-113.84783,44.37094],[-113.84783,44.37148],[-113.8467,44.37148],[-113.8467,44.3704],[-113.84595,44.3704],[-113.84595,44.36986]],[[-113.84632,44.36528],[-113.84632,44.36582],[-113.8467,44.36582],[-113.8467,44.36501],[-113.84557,44.36501],[-113.84557,44.36528],[-113.84632,44.36528]],[[-113.84444,44.36555],[-113.84444,44.36501],[-113.84369,44.36501],[-113.84369,44.36555],[-113.84444,44.36555]]]]},"properties":{"layer":"predicted_reach_h13","fire_name":"Doublesprings","irwin_id":"{960C064B-1764-4834-BD28-90FB69A4AB4A}","model":"arrival_run","checkpoint_epoch":216,"decode":"connected_causal","operating_point":{"floor":0.0,"mult":0.9},"val_precision":null,"val_recall":null,"model_caveat":"arrival_run chosen for best RECALL among the six FlameFlux v3 candidates on the production-valid t0-window corpus (R=0.624 on the fc2 held-out fires, R=0.432 on Dillon -- see candidate_comparison.md from the 2026-07-24 comparison). It does NOT meet the project's P>=0.50/R>=0.80 target: precision is the WORST of the six (P=0.120 on fc2 -- most flagged growth is wrong), and wind_run actually edges it on F1. IMPORTANT CAVEAT: arrival_run trained on the leaky 'observed' corpus (crop centered/sized on t0|t1, i.e. it saw the future perimeter's geometry during training) and has NEVER seen a t0-window crop -- the ONLY geometry this live pipeline can ever produce at forecast time (the future perimeter is, by definition, unknown). So every live prediction from this model is out-of-distribution relative to its own training. The measured t0-window numbers above already reflect that (they are not a surprise), but this is 'best available', not 'production-ready' -- represent it that way. The operating_point (floor=0.0, mult=0.9) is the VAL-selected connected-causal decode point; it did NOT clear the 0.50 precision floor during selection (feasible=False, val P=0.270/R=0.259) -- it's the best-F1 fallback point, not a precision-guaranteed one.","issued_at_utc":"2026-08-05 02:36:31.645281+00:00","valid_from_utc":"2026-08-05 00:00:00","valid_to_utc":"2026-08-06 00:00:00","wfigs_date_current_utc":"2026-08-05 02:05:06+00:00","pixel_size_m":30,"veg_source":"refreshed_d4","physics_source":"eikonal_fbfm40","history_n_dates":1,"degraded_history":true,"containment_pct":0.0,"acres_wfigs":1021.012899130312,"hour":13,"valid_at_utc":"2026-08-05 13:00:00"}},{"type":"Feature","geometry":{"type":"MultiPolygon","coordinates":[[[[-113.86328,44.33025],[-113.86365,44.33025],[-113.86365,44.32971],[-113.86478,44.32971],[-113.86478,44.33078],[-113.86441,44.33078],[-113.86441,44.33051],[-113.86328,44.33051],[-113.86328,44.33025]]],[[[-113.89982,44.35234],[-113.90057,44.35207],[-113.90057,44.35315],[-113.9002,44.35315],[-113.9002,44.35261],[-113.89982,44.35261],[-113.89982,44.35234]]],[[[-113.8467,44.3607],[-113.84632,44.3607],[-113.84632,44.36043],[-113.84745,44.36043],[-113.84745,44.3607],[-113.84708,44.3607],[-113.84708,44.36097],[-113.84745,44.36097],[-113.84745,44.36124],[-113.84632,44.36124],[-113.84632,44.36097],[-113.8467,44.36097],[-113.8467,44.3607]]],[[[-113.85273,44.3669],[-113.85273,44.36555],[-113.85311,44.36555],[-113.85311,44.36528],[-113.85386,44.36528],[-113.85386,44.36501],[-113.85461,44.36501],[-113.85461,44.36474],[-113.85612,44.36474],[-113.85612,44.36528],[-113.8565,44.36528],[-113.8565,44.36609],[-113.85612,44.36609],[-113.85612,44.36663],[-113.85574,44.36663],[-113.85574,44.3669],[-113.85537,44.3669],[-113.85537,44.36717],[-113.85499,44.36717],[-113.85499,44.36744],[-113.85348,44.36771],[-113.85348,44.36744],[-113.85311,44.36744],[-113.85311,44.3669],[-113.85273,44.3669]]],[[[-113.84293,44.3704],[-113.84293,44.37013],[-113.84331,44.37013],[-113.84331,44.3704],[-113.84293,44.3704]]],[[[-113.84256,44.3704],[-113.84218,44.3704],[-113.84218,44.37013],[-113.84256,44.37013],[-113.84256,44.3704]]],[[[-113.84331,44.37148],[-113.84218,44.37148],[-113.84218,44.37121],[-113.84331,44.37121],[-113.84331,44.37148]]],[[[-113.84406,44.37202],[-113.84369,44.37202],[-113.84369,44.37175],[-113.84406,44.37175],[-113.84406,44.37202]]],[[[-113.84293,44.37202],[-113.84293,44.37175],[-113.84331,44.37175],[-113.84331,44.37202],[-113.84293,44.37202]]],[[[-113.84218,44.37202],[-113.84218,44.37175],[-113.84256,44.37175],[-113.84256,44.37202],[-113.84218,44.37202]]],[[[-113.84067,44.37202],[-113.83992,44.37202],[-113.83992,44.37121],[-113.8418,44.37121],[-113.8418,44.37148],[-113.84105,44.37148],[-113.84105,44.37175],[-113.8418,44.37175],[-113.8418,44.37202],[-113.84105,44.37202],[-113.84105,44.37229],[-113.8418,44.37229],[-113.8418,44.37256],[-113.83992,44.37256],[-113.83992,44.37229],[-113.84067,44.37229],[-113.84067,44.37202]],[[-113.84067,44.37175],[-113.84067,44.37148],[-113.8403,44.37148],[-113.8403,44.37175],[-113.84067,44.37175]]],[[[-113.80752,44.30384],[-113.80865,44.30384],[-113.80865,44.30464],[-113.80903,44.30464],[-113.80903,44.30518],[-113.8079,44.30518],[-113.8079,44.30491],[-113.80752,44.30491],[-113.80752,44.30384]]],[[[-113.82146,44.30464],[-113.82221,44.30464],[-113.82221,44.30518],[-113.82184,44.30518],[-113.82184,44.30491],[-113.82146,44.30491],[-113.82146,44.30464]]],[[[-113.81053,44.30626],[-113.81053,44.30599],[-113.81166,44.30599],[-113.81166,44.30626],[-113.81053,44.30626]]],[[[-113.83954,44.30815],[-113.83954,44.30869],[-113.83879,44.30842],[-113.83879,44.30815],[-113.83954,44.30815]]],[[[-113.83314,44.30869],[-113.83352,44.30869],[-113.83352,44.30815],[-113.83465,44.30815],[-113.83465,44.30842],[-113.83502,44.30842],[-113.83502,44.30896],[-113.83465,44.30896],[-113.83465,44.30922],[-113.83389,44.30922],[-113.83389,44.30896],[-113.83314,44.30896],[-113.83314,44.30869]]],[[[-113.84444,44.37283],[-113.84444,44.37256],[-113.84369,44.37256],[-113.84369,44.37229],[-113.84444,44.37229],[-113.84444,44.37175],[-113.84519,44.37175],[-113.84519,44.37148],[-113.84369,44.37148],[-113.84369,44.37121],[-113.84444,44.37121],[-113.84444,44.37094],[-113.84293,44.37094],[-113.84293,44.37067],[-113.84369,44.37067],[-113.84369,44.36878],[-113.84331,44.36878],[-113.84331,44.36824],[-113.84293,44.36824],[-113.84293,44.36797],[-113.84218,44.36797],[-113.84218,44.36771],[-113.84143,44.36771],[-113.84143,44.36717],[-113.83992,44.3669],[-113.83992,44.36663],[-113.83917,44.36636],[-113.83917,44.36609],[-113.83804,44.36609],[-113.83804,44.36636],[-113.83766,44.36636],[-113.83766,44.36663],[-113.83728,44.36663],[-113.83728,44.3669],[-113.83578,44.36717],[-113.83578,44.36797],[-113.8354,44.36797],[-113.8354,44.36771],[-113.83502,44.36771],[-113.83502,44.36744],[-113.8354,44.36744],[-113.8354,44.3669],[-113.83578,44.3669],[-113.83578,44.36636],[-113.83615,44.36636],[-113.83615,44.36609],[-113.83465,44.36609],[-113.83465,44.36636],[-113.83427,44.36636],[-113.83427,44.36663],[-113.83352,44.36663],[-113.83352,44.3669],[-113.83239,44.3669],[-113.83239,44.36663],[-113.82937,44.36663],[-113.82937,44.36636],[-113.82862,44.36636],[-113.82862,44.36609],[-113.82824,44.36609],[-113.82824,44.36582],[-113.82862,44.36582],[-113.82862,44.36555],[-113.82824,44.36555],[-113.82824,44.36528],[-113.82862,44.36528],[-113.82862,44.36501],[-113.82824,44.36501],[-113.82824,44.36447],[-113.82749,44.36447],[-113.82749,44.3642],[-113.82636,44.3642],[-113.82636,44.36393],[-113.8256,44.36393],[-113.8256,44.36258],[-113.82598,44.36258],[-113.82598,44.36205],[-113.82636,44.36205],[-113.82636,44.36043],[-113.82673,44.36043],[-113.82673,44.35989],[-113.82711,44.35989],[-113.82711,44.35962],[-113.82749,44.35962],[-113.82749,44.35935],[-113.82786,44.35935],[-113.82786,44.35908],[-113.82824,44.35908],[-113.82824,44.35881],[-113.82899,44.35881],[-113.82899,44.35854],[-113.82937,44.35854],[-113.82937,44.35693],[-113.82899,44.35693],[-113.82899,44.35666],[-113.82937,44.35666],[-113.82937,44.35639],[-113.82899,44.35639],[-113.82899,44.35585],[-113.82862,44.35585],[-113.82862,44.35531],[-113.82824,44.35531],[-113.82824,44.35477],[-113.82749,44.35477],[-113.82749,44.35423],[-113.82636,44.35423],[-113.82636,44.35396],[-113.82334,44.35396],[-113.82334,44.35369],[-113.82297,44.35369],[-113.82297,44.35396],[-113.81995,44.35423],[-113.81995,44.3545],[-113.81882,44.3545],[-113.81882,44.35477],[-113.81732,44.35477],[-113.81732,44.35504],[-113.81355,44.35504],[-113.81355,44.35477],[-113.81279,44.35477],[-113.81279,44.3545],[-113.81204,44.35423],[-113.81204,44.35396],[-113.81129,44.35369],[-113.81129,44.35315],[-113.81053,44.35315],[-113.81053,44.35261],[-113.80978,44.35261],[-113.80978,44.35207],[-113.80827,44.35207],[-113.80827,44.3518],[-113.80752,44.3518],[-113.80752,44.35154],[-113.80601,44.35154],[-113.80601,44.35127],[-113.80526,44.35127],[-113.80526,44.351],[-113.80451,44.35127],[-113.80451,44.351],[-113.80375,44.351],[-113.80375,44.35073],[-113.80338,44.35073],[-113.80338,44.35046],[-113.80262,44.35046],[-113.80262,44.35019],[-113.80225,44.35019],[-113.80225,44.34992],[-113.80112,44.34992],[-113.80112,44.34938],[-113.80074,44.34938],[-113.80074,44.34911],[-113.80112,44.34911],[-113.80112,44.34884],[-113.80074,44.34884],[-113.80074,44.3483],[-113.79999,44.3483],[-113.79999,44.34776],[-113.79961,44.34776],[-113.79961,44.34722],[-113.79923,44.34722],[-113.79923,44.34695],[-113.79961,44.34695],[-113.79961,44.34668],[-113.79923,44.34668],[-113.79923,44.34615],[-113.79886,44.34615],[-113.79886,44.34588],[-113.79923,44.34588],[-113.79923,44.34561],[-113.79848,44.34561],[-113.79848,44.34507],[-113.79773,44.34507],[-113.79773,44.34399],[-113.79735,44.34399],[-113.79735,44.34345],[-113.79697,44.34345],[-113.79697,44.34291],[-113.79622,44.34291],[-113.79622,44.34264],[-113.79584,44.34264],[-113.79584,44.34237],[-113.79509,44.34237],[-113.79509,44.34183],[-113.79396,44.34183],[-113.79396,44.34129],[-113.7932,44.34129],[-113.7932,44.34076],[-113.79396,44.34049],[-113.79396,44.33914],[-113.79358,44.33914],[-113.79358,44.3386],[-113.79245,44.3386],[-113.79245,44.33833],[-113.79132,44.33833],[-113.79132,44.33806],[-113.79057,44.33806],[-113.79057,44.33671],[-113.79094,44.33671],[-113.79094,44.3359],[-113.79019,44.33564],[-113.79019,44.3351],[-113.78981,44.3351],[-113.78981,44.33483],[-113.78944,44.33483],[-113.78944,44.33456],[-113.78868,44.33429],[-113.78868,44.33402],[-113.78831,44.33402],[-113.78831,44.33375],[-113.78755,44.33375],[-113.78755,44.33348],[-113.78718,44.33348],[-113.78718,44.33294],[-113.7868,44.33294],[-113.7868,44.3324],[-113.78718,44.3324],[-113.78718,44.33213],[-113.78944,44.33213],[-113.78944,44.33186],[-113.78981,44.33186],[-113.78981,44.33105],[-113.78944,44.33105],[-113.78944,44.33078],[-113.78906,44.33078],[-113.78906,44.33051],[-113.78868,44.33051],[-113.78868,44.33025],[-113.78831,44.33025],[-113.78831,44.32998],[-113.78793,44.32998],[-113.78793,44.32971],[-113.78831,44.32971],[-113.78831,44.3289],[-113.78868,44.3289],[-113.78868,44.32809],[-113.78906,44.32809],[-113.78906,44.32728],[-113.78944,44.32728],[-113.78944,44.32647],[-113.79019,44.3262],[-113.79019,44.32593],[-113.79057,44.32593],[-113.79057,44.3262],[-113.79132,44.32647],[-113.79132,44.32674],[-113.79207,44.32647],[-113.79207,44.32593],[-113.7917,44.32593],[-113.7917,44.32566],[-113.79094,44.32566],[-113.79094,44.32486],[-113.79132,44.32486],[-113.79132,44.32459],[-113.79509,44.32459],[-113.79509,44.32432],[-113.79584,44.32432],[-113.79584,44.32162],[-113.79622,44.32162],[-113.79622,44.32081],[-113.7966,44.32081],[-113.7966,44.32027],[-113.79735,44.32],[-113.79735,44.31947],[-113.79773,44.31947],[-113.79773,44.31893],[-113.7981,44.31893],[-113.7981,44.31839],[-113.79848,44.31839],[-113.79848,44.31758],[-113.79886,44.31758],[-113.79886,44.31677],[-113.79923,44.31677],[-113.79923,44.3165],[-113.79999,44.31623],[-113.79999,44.31596],[-113.80074,44.31569],[-113.80074,44.31542],[-113.80149,44.31515],[-113.80149,44.31488],[-113.80187,44.31488],[-113.80187,44.31461],[-113.80262,44.31435],[-113.80262,44.31408],[-113.80338,44.31381],[-113.80338,44.31354],[-113.80375,44.31354],[-113.80375,44.313],[-113.80451,44.313],[-113.80451,44.31273],[-113.80526,44.31246],[-113.80526,44.31219],[-113.80601,44.31219],[-113.80601,44.31192],[-113.80714,44.31192],[-113.80714,44.31165],[-113.8094,44.31165],[-113.8094,44.31192],[-113.81506,44.31192],[-113.81506,44.31219],[-113.81581,44.31219],[-113.81581,44.31192],[-113.81656,44.31192],[-113.81656,44.31165],[-113.81732,44.31138],[-113.81732,44.31057],[-113.81656,44.31057],[-113.81656,44.31003],[-113.81506,44.30976],[-113.81506,44.30949],[-113.81468,44.30949],[-113.81468,44.30922],[-113.81355,44.30922],[-113.81355,44.30896],[-113.81129,44.30896],[-113.81129,44.30815],[-113.81279,44.30815],[-113.81279,44.30707],[-113.81242,44.30707],[-113.81242,44.3068],[-113.81166,44.3068],[-113.81166,44.30626],[-113.81242,44.30626],[-113.81242,44.30653],[-113.81393,44.30653],[-113.81393,44.3068],[-113.81468,44.3068],[-113.81468,44.30707],[-113.81581,44.30707],[-113.81581,44.30734],[-113.81619,44.30734],[-113.81619,44.30815],[-113.81543,44.30842],[-113.81543,44.30869],[-113.81581,44.30869],[-113.81581,44.30896],[-113.81619,44.30896],[-113.81619,44.30922],[-113.81732,44.30922],[-113.81732,44.30896],[-113.81958,44.30896],[-113.81958,44.30922],[-113.82033,44.30896],[-113.82033,44.30922],[-113.82108,44.30922],[-113.82108,44.30896],[-113.82146,44.30896],[-113.82146,44.30922],[-113.82221,44.30922],[-113.82221,44.30949],[-113.82259,44.30949],[-113.82259,44.30976],[-113.82372,44.30976],[-113.82372,44.3103],[-113.82447,44.3103],[-113.82447,44.31057],[-113.82485,44.31057],[-113.82485,44.30976],[-113.82523,44.30976],[-113.82523,44.30949],[-113.8256,44.30949],[-113.8256,44.30922],[-113.82636,44.30922],[-113.82636,44.30842],[-113.82598,44.30842],[-113.82598,44.30788],[-113.8256,44.30788],[-113.8256,44.30734],[-113.82523,44.30734],[-113.82523,44.30653],[-113.82636,44.30653],[-113.82636,44.30626],[-113.82711,44.30626],[-113.82711,44.30653],[-113.82786,44.3068],[-113.82786,44.30707],[-113.82937,44.30707],[-113.82937,44.30761],[-113.82975,44.30761],[-113.82975,44.30788],[-113.83012,44.30788],[-113.83012,44.30815],[-113.8305,44.30815],[-113.8305,44.30949],[-113.83088,44.30949],[-113.83088,44.30976],[-113.83125,44.30976],[-113.83125,44.31003],[-113.83163,44.31003],[-113.83163,44.3103],[-113.83201,44.3103],[-113.83201,44.31084],[-113.83427,44.31111],[-113.83427,44.31138],[-113.83465,44.31138],[-113.83465,44.31165],[-113.83653,44.31165],[-113.83653,44.31138],[-113.83728,44.31138],[-113.83728,44.31111],[-113.83954,44.31084],[-113.83954,44.31057],[-113.83992,44.31057],[-113.83992,44.3103],[-113.84067,44.3103],[-113.84067,44.31003],[-113.84143,44.31003],[-113.84143,44.30976],[-113.84256,44.30976],[-113.84256,44.30949],[-113.84293,44.30949],[-113.84293,44.30922],[-113.84331,44.30922],[-113.84331,44.30896],[-113.84406,44.30896],[-113.84406,44.30869],[-113.84444,44.30869],[-113.84444,44.30842],[-113.84519,44.30815],[-113.84519,44.30788],[-113.84557,44.30788],[-113.84557,44.30761],[-113.84632,44.30761],[-113.84632,44.30734],[-113.84783,44.30734],[-113.84783,44.30707],[-113.84858,44.3068],[-113.84858,44.30626],[-113.84896,44.30626],[-113.84896,44.30599],[-113.85085,44.30599],[-113.85085,44.30626],[-113.8516,44.30653],[-113.8516,44.3068],[-113.85273,44.3068],[-113.85273,44.30707],[-113.85537,44.30707],[-113.85537,44.30734],[-113.8565,44.30734],[-113.8565,44.30707],[-113.85763,44.30707],[-113.85763,44.3068],[-113.85951,44.3068],[-113.85951,44.30734],[-113.85763,44.30734],[-113.85763,44.30761],[-113.85687,44.30788],[-113.85687,44.30842],[-113.8565,44.30842],[-113.8565,44.30869],[-113.85461,44.30869],[-113.85461,44.30896],[-113.85386,44.30896],[-113.85386,44.30922],[-113.85047,44.30922],[-113.85047,44.30949],[-113.84934,44.30949],[-113.84934,44.30976],[-113.84896,44.30976],[-113.84896,44.31003],[-113.84745,44.31003],[-113.84745,44.3103],[-113.84708,44.3103],[-113.84708,44.31057],[-113.84632,44.31057],[-113.84632,44.31111],[-113.84557,44.31138],[-113.84557,44.31219],[-113.84595,44.31219],[-113.84595,44.31192],[-113.84821,44.31192],[-113.84821,44.31165],[-113.84858,44.31165],[-113.84858,44.31192],[-113.84896,44.31192],[-113.84896,44.31165],[-113.85009,44.31165],[-113.85009,44.31111],[-113.84971,44.31111],[-113.84971,44.31084],[-113.85009,44.31084],[-113.85009,44.31057],[-113.85047,44.31057],[-113.85047,44.3103],[-113.8516,44.3103],[-113.8516,44.31057],[-113.85198,44.31057],[-113.85198,44.31084],[-113.85235,44.31084],[-113.85235,44.31111],[-113.85311,44.31111],[-113.85311,44.31084],[-113.85537,44.31084],[-113.85537,44.31165],[-113.85725,44.31165],[-113.85725,44.31138],[-113.85838,44.31138],[-113.85838,44.31111],[-113.86177,44.31111],[-113.86177,44.31084],[-113.86554,44.31084],[-113.86554,44.31111],[-113.8678,44.31111],[-113.8678,44.31138],[-113.86855,44.31111],[-113.86855,44.31138],[-113.86968,44.31138],[-113.86968,44.31165],[-113.87006,44.31165],[-113.87006,44.31246],[-113.86968,44.31246],[-113.86968,44.31273],[-113.86893,44.31273],[-113.86893,44.313],[-113.86817,44.31327],[-113.86817,44.31381],[-113.8678,44.31381],[-113.8678,44.31435],[-113.86742,44.31435],[-113.86742,44.31488],[-113.8678,44.31488],[-113.8678,44.31515],[-113.86817,44.31515],[-113.86817,44.31542],[-113.86893,44.31542],[-113.86893,44.31596],[-113.87081,44.31596],[-113.87081,44.31623],[-113.87119,44.31623],[-113.87119,44.31677],[-113.87157,44.31677],[-113.87157,44.31758],[-113.86968,44.31758],[-113.86968,44.31731],[-113.86893,44.31731],[-113.86893,44.31704],[-113.86855,44.31704],[-113.86855,44.31731],[-113.8678,44.31731],[-113.8678,44.31758],[-113.86704,44.31785],[-113.86704,44.31812],[-113.86629,44.31839],[-113.86629,44.31893],[-113.86667,44.31893],[-113.86667,44.31947],[-113.86742,44.31974],[-113.86742,44.32],[-113.8678,44.32],[-113.8678,44.32054],[-113.86817,44.32054],[-113.86817,44.32081],[-113.8678,44.32081],[-113.8678,44.32108],[-113.86742,44.32108],[-113.86742,44.32081],[-113.86704,44.32081],[-113.86704,44.32054],[-113.86667,44.32054],[-113.86667,44.32027],[-113.86478,44.32027],[-113.86478,44.32],[-113.86365,44.32],[-113.86365,44.32027],[-113.86139,44.32054],[-113.86139,44.32108],[-113.86064,44.32135],[-113.86064,44.32189],[-113.86026,44.32189],[-113.86026,44.32216],[-113.85951,44.32243],[-113.85951,44.3227],[-113.85913,44.3227],[-113.85913,44.32324],[-113.85838,44.32351],[-113.85838,44.32378],[-113.85725,44.32378],[-113.85725,44.32405],[-113.8565,44.32405],[-113.8565,44.32432],[-113.85612,44.32432],[-113.85612,44.32539],[-113.85574,44.32539],[-113.85574,44.3262],[-113.85537,44.3262],[-113.85537,44.32674],[-113.85574,44.32674],[-113.85574,44.32701],[-113.8565,44.32701],[-113.8565,44.32674],[-113.85725,44.32674],[-113.85725,44.32647],[-113.85876,44.32647],[-113.85876,44.32674],[-113.85951,44.32674],[-113.85951,44.32701],[-113.85989,44.32701],[-113.85989,44.32755],[-113.86026,44.32755],[-113.86026,44.32836],[-113.85989,44.32836],[-113.85989,44.3289],[-113.85951,44.3289],[-113.85951,44.32944],[-113.85913,44.32944],[-113.85913,44.32998],[-113.86026,44.32998],[-113.86026,44.33025],[-113.86064,44.33025],[-113.86064,44.33186],[-113.86102,44.33186],[-113.86102,44.33213],[-113.86252,44.3324],[-113.86252,44.33213],[-113.86328,44.33213],[-113.86328,44.33186],[-113.86441,44.33186],[-113.86441,44.33159],[-113.86516,44.33186],[-113.86516,44.33321],[-113.86478,44.33321],[-113.86478,44.33375],[-113.8629,44.33375],[-113.8629,44.33402],[-113.86252,44.33402],[-113.86252,44.33429],[-113.86026,44.33429],[-113.86026,44.33456],[-113.85989,44.33456],[-113.85989,44.33483],[-113.85951,44.33483],[-113.85951,44.3351],[-113.85913,44.3351],[-113.85913,44.33537],[-113.85876,44.33537],[-113.85876,44.33564],[-113.86026,44.33564],[-113.86026,44.3359],[-113.86102,44.3359],[-113.86102,44.33617],[-113.86215,44.33617],[-113.86215,44.3359],[-113.86252,44.3359],[-113.86252,44.33564],[-113.86403,44.33564],[-113.86403,44.3359],[-113.86441,44.3359],[-113.86441,44.33671],[-113.86478,44.33671],[-113.86478,44.33752],[-113.86441,44.33752],[-113.86441,44.33806],[-113.86252,44.33806],[-113.86252,44.33779],[-113.86139,44.33779],[-113.86139,44.33806],[-113.86102,44.33806],[-113.86102,44.33833],[-113.86064,44.33833],[-113.86064,44.3386],[-113.86026,44.3386],[-113.86026,44.33941],[-113.86064,44.33941],[-113.86064,44.33968],[-113.86102,44.33968],[-113.86102,44.33995],[-113.86139,44.33995],[-113.86139,44.34022],[-113.86177,44.34022],[-113.86177,44.34049],[-113.86403,44.34049],[-113.86403,44.34076],[-113.86478,44.34076],[-113.86478,44.34103],[-113.86554,44.34103],[-113.86554,44.34129],[-113.86516,44.34129],[-113.86516,44.34183],[-113.86441,44.34183],[-113.86441,44.3421],[-113.8629,44.3421],[-113.8629,44.34183],[-113.86215,44.34183],[-113.86215,44.3421],[-113.86177,44.3421],[-113.86177,44.34237],[-113.86139,44.34237],[-113.86139,44.34264],[-113.86102,44.34264],[-113.86102,44.34318],[-113.86064,44.34318],[-113.86064,44.34345],[-113.85989,44.34372],[-113.85989,44.34399],[-113.85876,44.34399],[-113.85876,44.34372],[-113.85838,44.34372],[-113.85838,44.34399],[-113.85763,44.34399],[-113.85763,44.34426],[-113.85687,44.34453],[-113.85687,44.34507],[-113.8565,44.34507],[-113.8565,44.34534],[-113.85687,44.34534],[-113.85687,44.34588],[-113.85725,44.34588],[-113.85725,44.34642],[-113.85763,44.34642],[-113.85763,44.34695],[-113.85989,44.34695],[-113.85989,44.34776],[-113.85951,44.34776],[-113.85951,44.3483],[-113.86026,44.34857],[-113.86026,44.34911],[-113.85951,44.34938],[-113.85951,44.34992],[-113.85913,44.34992],[-113.85913,44.35019],[-113.85763,44.35019],[-113.85763,44.35046],[-113.85725,44.35046],[-113.85725,44.35154],[-113.85687,44.35154],[-113.85687,44.35207],[-113.8565,44.35207],[-113.8565,44.35261],[-113.85537,44.35261],[-113.85537,44.35234],[-113.85499,44.35234],[-113.85499,44.35207],[-113.85386,44.35207],[-113.85386,44.35234],[-113.85235,44.35234],[-113.85235,44.35261],[-113.85122,44.35261],[-113.85122,44.35288],[-113.85047,44.35315],[-113.85047,44.35369],[-113.84971,44.35369],[-113.84971,44.35396],[-113.84934,44.35396],[-113.84934,44.35423],[-113.84858,44.35423],[-113.84858,44.3545],[-113.84821,44.3545],[-113.84821,44.35504],[-113.84783,44.35504],[-113.84783,44.35585],[-113.84745,44.35585],[-113.84745,44.35639],[-113.84708,44.35639],[-113.84708,44.35666],[-113.8467,44.35666],[-113.8467,44.35693],[-113.84632,44.35693],[-113.84632,44.35746],[-113.84595,44.35746],[-113.84595,44.358],[-113.84557,44.358],[-113.84557,44.35827],[-113.84632,44.35827],[-113.84632,44.35854],[-113.84708,44.35881],[-113.84708,44.35935],[-113.84745,44.35935],[-113.84745,44.35962],[-113.84708,44.35962],[-113.84708,44.35989],[-113.84745,44.35989],[-113.84745,44.36016],[-113.8467,44.36016],[-113.8467,44.35962],[-113.84632,44.35962],[-113.84632,44.35935],[-113.84557,44.35908],[-113.84557,44.35854],[-113.84482,44.35854],[-113.84482,44.35908],[-113.84444,44.35908],[-113.84444,44.35962],[-113.84406,44.35962],[-113.84406,44.36043],[-113.84519,44.36043],[-113.84519,44.36097],[-113.84557,44.36097],[-113.84557,44.36151],[-113.84783,44.36151],[-113.84783,44.36178],[-113.84708,44.36178],[-113.84708,44.36205],[-113.84632,44.36205],[-113.84632,44.36232],[-113.84444,44.36232],[-113.84444,44.36258],[-113.84406,44.36258],[-113.84406,44.36285],[-113.84293,44.36285],[-113.84293,44.36258],[-113.84256,44.36258],[-113.84256,44.36232],[-113.8418,44.36232],[-113.8418,44.36205],[-113.84067,44.36205],[-113.84067,44.36178],[-113.8403,44.36178],[-113.8403,44.36205],[-113.83992,44.36205],[-113.83992,44.36258],[-113.83954,44.36258],[-113.83954,44.36312],[-113.83992,44.36312],[-113.83992,44.36528],[-113.8403,44.36528],[-113.8403,44.36582],[-113.84067,44.36582],[-113.84067,44.36609],[-113.8418,44.36609],[-113.8418,44.36582],[-113.84256,44.36555],[-113.84256,44.36366],[-113.84331,44.36339],[-113.84331,44.36312],[-113.84557,44.36312],[-113.84557,44.36339],[-113.8467,44.36339],[-113.8467,44.36366],[-113.84745,44.36393],[-113.84745,44.3642],[-113.84896,44.36447],[-113.84896,44.36474],[-113.84934,44.36474],[-113.84934,44.36501],[-113.85009,44.36501],[-113.85009,44.36555],[-113.85047,44.36555],[-113.85047,44.36582],[-113.85085,44.36582],[-113.85085,44.36636],[-113.85122,44.36636],[-113.85122,44.36744],[-113.85047,44.36717],[-113.85047,44.3669],[-113.85085,44.3669],[-113.85085,44.36663],[-113.85047,44.36663],[-113.85047,44.36636],[-113.84896,44.36636],[-113.84896,44.36663],[-113.84708,44.36663],[-113.84708,44.36636],[-113.84632,44.36636],[-113.84632,44.36663],[-113.84557,44.36663],[-113.84557,44.36744],[-113.84595,44.36744],[-113.84595,44.36771],[-113.84557,44.36771],[-113.84557,44.36932],[-113.84708,44.36959],[-113.84708,44.36986],[-113.84745,44.36986],[-113.84745,44.37013],[-113.84971,44.37013],[-113.84971,44.37094],[-113.84934,44.37094],[-113.84934,44.37121],[-113.84896,44.37121],[-113.84896,44.37148],[-113.84783,44.37148],[-113.84783,44.37202],[-113.84708,44.37202],[-113.84708,44.37229],[-113.84745,44.37229],[-113.84745,44.37283],[-113.84783,44.37283],[-113.84783,44.37309],[-113.84934,44.37336],[-113.84934,44.37363],[-113.84482,44.37363],[-113.84482,44.37309],[-113.84369,44.37309],[-113.84369,44.37283],[-113.84444,44.37283]],[[-113.83615,44.351],[-113.83653,44.351],[-113.83653,44.35073],[-113.83728,44.35046],[-113.83728,44.35019],[-113.83766,44.35019],[-113.83766,44.34992],[-113.83804,44.34992],[-113.83804,44.34938],[-113.83728,44.34938],[-113.83728,44.34965],[-113.83691,44.34965],[-113.83691,44.34992],[-113.83653,44.34992],[-113.83653,44.35019],[-113.83615,44.35019],[-113.83615,44.35046],[-113.83502,44.35046],[-113.83502,44.351],[-113.83465,44.351],[-113.83465,44.35154],[-113.83427,44.35154],[-113.83427,44.3518],[-113.83352,44.35207],[-113.83352,44.35261],[-113.8354,44.35261],[-113.8354,44.35234],[-113.83578,44.35234],[-113.83578,44.35154],[-113.83615,44.35154],[-113.83615,44.351]],[[-113.83314,44.35207],[-113.83276,44.35207],[-113.83276,44.35234],[-113.83314,44.35234],[-113.83314,44.35207]],[[-113.84745,44.34183],[-113.84632,44.34183],[-113.84632,44.3421],[-113.84557,44.3421],[-113.84557,44.34237],[-113.84482,44.34237],[-113.84482,44.34291],[-113.84444,44.34291],[-113.84444,44.34345],[-113.84482,44.34345],[-113.84482,44.34318],[-113.84557,44.34318],[-113.84557,44.34345],[-113.84708,44.34318],[-113.84708,44.34264],[-113.84745,44.34264],[-113.84745,44.34183]],[[-113.84067,44.34076],[-113.84105,44.34076],[-113.84105,44.34049],[-113.8418,44.34049],[-113.8418,44.34022],[-113.84218,44.34022],[-113.84218,44.33968],[-113.84143,44.33968],[-113.84143,44.33941],[-113.83992,44.33941],[-113.83992,44.33968],[-113.83879,44.33968],[-113.83879,44.33995],[-113.83841,44.33995],[-113.83841,44.34049],[-113.83879,44.34049],[-113.83879,44.34103],[-113.83841,44.34103],[-113.83841,44.34237],[-113.83992,44.34237],[-113.83992,44.3421],[-113.8403,44.3421],[-113.8403,44.34183],[-113.84067,44.34183],[-113.84067,44.34076]],[[-113.83691,44.34022],[-113.83766,44.33995],[-113.83766,44.33968],[-113.83578,44.33968],[-113.83578,44.33995],[-113.83502,44.33995],[-113.83502,44.34022],[-113.83465,44.34022],[-113.83465,44.34049],[-113.83427,44.34049],[-113.83427,44.34076],[-113.83465,44.34076],[-113.83465,44.34103],[-113.8354,44.34129],[-113.8354,44.34156],[-113.83615,44.34156],[-113.83615,44.34103],[-113.83653,44.34103],[-113.83653,44.34049],[-113.83691,44.34049],[-113.83691,44.34022]],[[-113.83201,44.33725],[-113.83163,44.33725],[-113.83163,44.33752],[-113.83201,44.33752],[-113.83201,44.33725]],[[-113.85348,44.3359],[-113.85311,44.3359],[-113.85311,44.33617],[-113.85348,44.33617],[-113.85348,44.3359]],[[-113.85687,44.3359],[-113.858,44.3359],[-113.858,44.33564],[-113.85763,44.33564],[-113.85763,44.33537],[-113.85687,44.33537],[-113.85687,44.3359]],[[-113.85386,44.33456],[-113.85348,44.33456],[-113.85348,44.33537],[-113.85311,44.33537],[-113.85311,44.33564],[-113.85424,44.33564],[-113.85424,44.3351],[-113.85461,44.3351],[-113.85461,44.33429],[-113.85386,44.33429],[-113.85386,44.33456]],[[-113.83239,44.33402],[-113.83201,44.33402],[-113.83201,44.33429],[-113.83239,44.33429],[-113.83239,44.33402]],[[-113.8305,44.33132],[-113.83012,44.33132],[-113.83012,44.33105],[-113.82937,44.33105],[-113.82937,44.33132],[-113.82862,44.33132],[-113.82862,44.33159],[-113.82673,44.33159],[-113.82673,44.33186],[-113.82598,44.33213],[-113.82598,44.3324],[-113.82636,44.3324],[-113.82636,44.33267],[-113.82598,44.33267],[-113.82598,44.33321],[-113.82749,44.33321],[-113.82749,44.33348],[-113.82975,44.33348],[-113.82975,44.33375],[-113.83125,44.33375],[-113.83125,44.33267],[-113.83088,44.33267],[-113.83088,44.33186],[-113.8305,44.33186],[-113.8305,44.33132]],[[-113.83201,44.33294],[-113.83163,44.33294],[-113.83163,44.33321],[-113.83201,44.33321],[-113.83201,44.33294]],[[-113.82372,44.33213],[-113.8241,44.33213],[-113.8241,44.33186],[-113.82447,44.33186],[-113.82447,44.33159],[-113.82372,44.33159],[-113.82372,44.33213]],[[-113.7932,44.33159],[-113.79283,44.33159],[-113.79283,44.33186],[-113.7932,44.33186],[-113.7932,44.33159]],[[-113.82334,44.32647],[-113.82297,44.32647],[-113.82297,44.32674],[-113.82334,44.32674],[-113.82334,44.32647]],[[-113.85198,44.31165],[-113.8516,44.31165],[-113.8516,44.31192],[-113.85198,44.31192],[-113.85198,44.31165]],[[-113.82937,44.31165],[-113.82899,44.31165],[-113.82899,44.31192],[-113.82937,44.31192],[-113.82937,44.31165]],[[-113.82937,44.31057],[-113.83012,44.3103],[-113.83012,44.30949],[-113.82749,44.30949],[-113.82749,44.30922],[-113.82711,44.30922],[-113.82711,44.3103],[-113.82749,44.3103],[-113.82749,44.31084],[-113.82937,44.31084],[-113.82937,44.31057]],[[-113.82711,44.30896],[-113.82673,44.30896],[-113.82673,44.30922],[-113.82711,44.30922],[-113.82711,44.30896]]],[[[-113.79094,44.34022],[-113.79094,44.33995],[-113.79207,44.33995],[-113.79207,44.34022],[-113.79094,44.34022]]],[[[-113.8354,44.36824],[-113.83502,44.36824],[-113.83502,44.36797],[-113.8354,44.36797],[-113.8354,44.36824]]],[[[-113.83314,44.37498],[-113.83314,44.37444],[-113.83352,44.37444],[-113.83352,44.37471],[-113.83427,44.37498],[-113.83427,44.37552],[-113.83352,44.37525],[-113.83352,44.37498],[-113.83314,44.37498]]],[[[-113.83502,44.37552],[-113.83502,44.37579],[-113.83427,44.37579],[-113.83427,44.37552],[-113.83502,44.37552]]]]},"properties":{"layer":"predicted_reach_h14","fire_name":"Doublesprings","irwin_id":"{960C064B-1764-4834-BD28-90FB69A4AB4A}","model":"arrival_run","checkpoint_epoch":216,"decode":"connected_causal","operating_point":{"floor":0.0,"mult":0.9},"val_precision":null,"val_recall":null,"model_caveat":"arrival_run chosen for best RECALL among the six FlameFlux v3 candidates on the production-valid t0-window corpus (R=0.624 on the fc2 held-out fires, R=0.432 on Dillon -- see candidate_comparison.md from the 2026-07-24 comparison). It does NOT meet the project's P>=0.50/R>=0.80 target: precision is the WORST of the six (P=0.120 on fc2 -- most flagged growth is wrong), and wind_run actually edges it on F1. IMPORTANT CAVEAT: arrival_run trained on the leaky 'observed' corpus (crop centered/sized on t0|t1, i.e. it saw the future perimeter's geometry during training) and has NEVER seen a t0-window crop -- the ONLY geometry this live pipeline can ever produce at forecast time (the future perimeter is, by definition, unknown). So every live prediction from this model is out-of-distribution relative to its own training. The measured t0-window numbers above already reflect that (they are not a surprise), but this is 'best available', not 'production-ready' -- represent it that way. The operating_point (floor=0.0, mult=0.9) is the VAL-selected connected-causal decode point; it did NOT clear the 0.50 precision floor during selection (feasible=False, val P=0.270/R=0.259) -- it's the best-F1 fallback point, not a precision-guaranteed one.","issued_at_utc":"2026-08-05 02:36:31.645281+00:00","valid_from_utc":"2026-08-05 00:00:00","valid_to_utc":"2026-08-06 00:00:00","wfigs_date_current_utc":"2026-08-05 02:05:06+00:00","pixel_size_m":30,"veg_source":"refreshed_d4","physics_source":"eikonal_fbfm40","history_n_dates":1,"degraded_history":true,"containment_pct":0.0,"acres_wfigs":1021.012899130312,"hour":14,"valid_at_utc":"2026-08-05 14:00:00"}},{"type":"Feature","geometry":{"type":"MultiPolygon","coordinates":[[[[-113.8953,44.34722],[-113.89492,44.34722],[-113.89492,44.34695],[-113.8953,44.34695],[-113.8953,44.34642],[-113.89568,44.34642],[-113.89568,44.34561],[-113.89605,44.34561],[-113.89605,44.34642],[-113.89643,44.34642],[-113.89643,44.34695],[-113.89681,44.34695],[-113.89681,44.34776],[-113.89605,44.34776],[-113.89605,44.34803],[-113.89568,44.34803],[-113.89568,44.34776],[-113.8953,44.34776],[-113.8953,44.34722]]],[[[-113.88513,44.35073],[-113.8855,44.35073],[-113.8855,44.35154],[-113.88475,44.35154],[-113.88475,44.35127],[-113.88513,44.35127],[-113.88513,44.35073]]],[[[-113.89907,44.35288],[-113.89944,44.35288],[-113.89944,44.35261],[-113.89907,44.35261],[-113.89907,44.35207],[-113.89869,44.35207],[-113.89869,44.351],[-113.89907,44.351],[-113.89907,44.35127],[-113.89944,44.35127],[-113.89944,44.351],[-113.89982,44.351],[-113.89982,44.35127],[-113.90057,44.35127],[-113.90057,44.3518],[-113.90095,44.3518],[-113.90095,44.35288],[-113.90057,44.35288],[-113.90057,44.35342],[-113.89982,44.35342],[-113.89982,44.35369],[-113.89944,44.35369],[-113.89944,44.35315],[-113.89907,44.35315],[-113.89907,44.35288]]],[[[-113.90057,44.35504],[-113.90057,44.35585],[-113.89982,44.35585],[-113.89982,44.35612],[-113.89944,44.35612],[-113.89944,44.35558],[-113.9002,44.35558],[-113.9002,44.35504],[-113.90057,44.35504]]],[[[-113.89568,44.35558],[-113.89568,44.35531],[-113.89605,44.35531],[-113.89605,44.35558],[-113.89643,44.35558],[-113.89643,44.35531],[-113.89681,44.35531],[-113.89681,44.35558],[-113.89831,44.35558],[-113.89831,44.35639],[-113.89756,44.35639],[-113.89756,44.35666],[-113.89718,44.35666],[-113.89718,44.35639],[-113.89492,44.35639],[-113.89492,44.35558],[-113.89568,44.35558]]],[[[-113.9017,44.35854],[-113.90095,44.35854],[-113.90095,44.35746],[-113.90057,44.35746],[-113.90057,44.35693],[-113.9002,44.35693],[-113.9002,44.35666],[-113.90095,44.35666],[-113.90095,44.35504],[-113.90133,44.35504],[-113.90133,44.35558],[-113.90208,44.35558],[-113.90208,44.35612],[-113.90246,44.35612],[-113.90246,44.35693],[-113.90208,44.35693],[-113.90208,44.35719],[-113.90246,44.35719],[-113.90246,44.35746],[-113.90208,44.35746],[-113.90208,44.35827],[-113.9017,44.35827],[-113.9017,44.35854]]],[[[-113.90246,44.35746],[-113.90283,44.35746],[-113.90283,44.358],[-113.90246,44.358],[-113.90246,44.35746]]],[[[-113.90133,44.36016],[-113.90095,44.36016],[-113.90095,44.35962],[-113.90133,44.35962],[-113.90133,44.36016]]],[[[-113.89417,44.36043],[-113.89417,44.36016],[-113.89492,44.36016],[-113.89492,44.36043],[-113.8953,44.36043],[-113.8953,44.36097],[-113.89455,44.36097],[-113.89455,44.36124],[-113.89417,44.36124],[-113.89417,44.3607],[-113.89379,44.3607],[-113.89379,44.36043],[-113.89417,44.36043]]],[[[-113.90208,44.36097],[-113.90208,44.36151],[-113.9017,44.36151],[-113.9017,44.36124],[-113.90095,44.36124],[-113.90095,44.36097],[-113.90208,44.36097]]],[[[-113.89116,44.36447],[-113.8904,44.36447],[-113.8904,44.3642],[-113.89116,44.3642],[-113.89116,44.36447]]],[[[-113.82146,44.30437],[-113.82221,44.30437],[-113.82221,44.30491],[-113.82259,44.30491],[-113.82259,44.30545],[-113.82184,44.30545],[-113.82184,44.30518],[-113.82146,44.30518],[-113.82146,44.30437]]],[[[-113.83879,44.30788],[-113.83954,44.30788],[-113.83954,44.30815],[-113.83992,44.30815],[-113.83992,44.30896],[-113.83917,44.30896],[-113.83917,44.30869],[-113.83879,44.30869],[-113.83879,44.30788]]],[[[-113.83427,44.30788],[-113.83427,44.30815],[-113.83502,44.30815],[-113.83502,44.30842],[-113.8354,44.30842],[-113.8354,44.30896],[-113.83502,44.30896],[-113.83502,44.30922],[-113.83314,44.30922],[-113.83314,44.30815],[-113.83352,44.30815],[-113.83352,44.30788],[-113.83427,44.30788]]],[[[-113.83879,44.31003],[-113.83879,44.30976],[-113.83917,44.30976],[-113.83917,44.31003],[-113.83879,44.31003]]],[[[-113.8678,44.33213],[-113.86817,44.33213],[-113.86817,44.33267],[-113.86742,44.33267],[-113.86742,44.3324],[-113.8678,44.3324],[-113.8678,44.33213]]],[[[-113.85009,44.30464],[-113.84971,44.30464],[-113.84971,44.30572],[-113.85009,44.30572],[-113.85009,44.30599],[-113.8516,44.30599],[-113.8516,44.3068],[-113.85348,44.3068],[-113.85348,44.30707],[-113.85725,44.30707],[-113.85725,44.3068],[-113.85876,44.3068],[-113.85876,44.30653],[-113.85951,44.30653],[-113.85951,44.30734],[-113.858,44.30734],[-113.858,44.30761],[-113.85725,44.30761],[-113.85725,44.30815],[-113.8565,44.30842],[-113.8565,44.30869],[-113.85612,44.30869],[-113.85612,44.30896],[-113.85424,44.30896],[-113.85424,44.30922],[-113.85386,44.30922],[-113.85386,44.30949],[-113.8516,44.30949],[-113.8516,44.30976],[-113.85085,44.30976],[-113.85085,44.31003],[-113.85198,44.31003],[-113.85198,44.3103],[-113.85235,44.3103],[-113.85235,44.31084],[-113.85348,44.31084],[-113.85348,44.31057],[-113.85537,44.31057],[-113.85537,44.31084],[-113.85574,44.31084],[-113.85574,44.31165],[-113.85725,44.31165],[-113.85725,44.31138],[-113.858,44.31138],[-113.858,44.31111],[-113.86139,44.31111],[-113.86139,44.31084],[-113.8629,44.31084],[-113.8629,44.31057],[-113.86328,44.31057],[-113.86328,44.31084],[-113.86365,44.31084],[-113.86365,44.31057],[-113.86478,44.31057],[-113.86478,44.31084],[-113.86667,44.31084],[-113.86667,44.31111],[-113.86931,44.31111],[-113.86931,44.31138],[-113.87006,44.31138],[-113.87006,44.31165],[-113.87044,44.31165],[-113.87044,44.31246],[-113.87006,44.31246],[-113.87006,44.31273],[-113.86893,44.31273],[-113.86893,44.313],[-113.86817,44.31327],[-113.86817,44.31408],[-113.8678,44.31408],[-113.8678,44.31488],[-113.86817,44.31488],[-113.86817,44.31515],[-113.86931,44.31515],[-113.86931,44.31488],[-113.87006,44.31488],[-113.87006,44.31542],[-113.86968,44.31542],[-113.86968,44.31569],[-113.87081,44.31569],[-113.87081,44.31623],[-113.87157,44.3165],[-113.87157,44.31731],[-113.87194,44.31731],[-113.87194,44.31758],[-113.86931,44.31758],[-113.86931,44.31731],[-113.86817,44.31731],[-113.86817,44.31758],[-113.86742,44.31758],[-113.86742,44.31785],[-113.86704,44.31785],[-113.86704,44.31812],[-113.86667,44.31812],[-113.86667,44.3192],[-113.86704,44.3192],[-113.86704,44.31947],[-113.8678,44.31974],[-113.8678,44.32],[-113.86817,44.32],[-113.86817,44.32081],[-113.86855,44.32081],[-113.86855,44.32108],[-113.86817,44.32108],[-113.86817,44.32135],[-113.86742,44.32135],[-113.86742,44.32108],[-113.86704,44.32108],[-113.86704,44.32054],[-113.86554,44.32054],[-113.86554,44.32027],[-113.8629,44.32027],[-113.8629,44.32054],[-113.86177,44.32054],[-113.86177,44.32081],[-113.86139,44.32081],[-113.86139,44.32108],[-113.86064,44.32135],[-113.86064,44.32189],[-113.86026,44.32189],[-113.86026,44.32216],[-113.85951,44.32243],[-113.85951,44.3227],[-113.85913,44.3227],[-113.85913,44.32324],[-113.85838,44.32351],[-113.85838,44.32378],[-113.85725,44.32378],[-113.85725,44.32405],[-113.8565,44.32405],[-113.8565,44.32432],[-113.85612,44.32432],[-113.85612,44.32539],[-113.85574,44.32539],[-113.85574,44.3262],[-113.85537,44.3262],[-113.85537,44.32674],[-113.85687,44.32674],[-113.85687,44.32647],[-113.85913,44.32647],[-113.85913,44.32674],[-113.85951,44.32674],[-113.85951,44.32701],[-113.86026,44.32728],[-113.86026,44.32782],[-113.86064,44.32782],[-113.86064,44.32836],[-113.86026,44.32836],[-113.86026,44.32863],[-113.85989,44.32863],[-113.85989,44.3289],[-113.85951,44.3289],[-113.85951,44.32971],[-113.86026,44.32971],[-113.86026,44.32998],[-113.86102,44.33025],[-113.86102,44.33186],[-113.86177,44.33186],[-113.86177,44.33213],[-113.86215,44.33213],[-113.86215,44.33186],[-113.8629,44.33186],[-113.8629,44.33132],[-113.86328,44.33132],[-113.86328,44.33186],[-113.86365,44.33186],[-113.86365,44.33159],[-113.86403,44.33159],[-113.86403,44.33132],[-113.86441,44.33132],[-113.86441,44.33105],[-113.86403,44.33105],[-113.86403,44.33078],[-113.86328,44.33105],[-113.86328,44.32971],[-113.86403,44.32971],[-113.86403,44.32944],[-113.86516,44.32944],[-113.86516,44.32971],[-113.86554,44.32971],[-113.86554,44.32998],[-113.86516,44.32998],[-113.86516,44.3324],[-113.86554,44.3324],[-113.86554,44.33321],[-113.86516,44.33321],[-113.86516,44.33375],[-113.86403,44.33375],[-113.86403,44.33402],[-113.86328,44.33402],[-113.86328,44.33429],[-113.86102,44.33429],[-113.86102,44.33456],[-113.86026,44.33456],[-113.86026,44.33483],[-113.85989,44.33483],[-113.85989,44.33564],[-113.86064,44.33564],[-113.86064,44.3359],[-113.86252,44.3359],[-113.86252,44.33564],[-113.8629,44.33564],[-113.8629,44.33537],[-113.86365,44.33537],[-113.86365,44.33564],[-113.86441,44.33564],[-113.86441,44.3359],[-113.86478,44.3359],[-113.86478,44.33671],[-113.86516,44.33671],[-113.86516,44.33752],[-113.86478,44.33752],[-113.86478,44.33779],[-113.86403,44.33806],[-113.86403,44.33833],[-113.86328,44.33833],[-113.86328,44.33806],[-113.86139,44.33806],[-113.86139,44.33833],[-113.86064,44.3386],[-113.86064,44.33941],[-113.86139,44.33968],[-113.86139,44.33995],[-113.86177,44.33995],[-113.86177,44.34022],[-113.86252,44.34022],[-113.86252,44.34049],[-113.86441,44.34049],[-113.86441,44.34076],[-113.86516,44.34076],[-113.86516,44.34103],[-113.86629,44.34103],[-113.86629,44.34129],[-113.86591,44.34129],[-113.86591,44.34156],[-113.86554,44.34156],[-113.86554,44.34183],[-113.86478,44.3421],[-113.86478,44.34237],[-113.86177,44.34237],[-113.86177,44.34264],[-113.86139,44.34264],[-113.86139,44.34291],[-113.86102,44.34291],[-113.86102,44.34345],[-113.86064,44.34345],[-113.86064,44.34372],[-113.86026,44.34372],[-113.86026,44.34399],[-113.85763,44.34399],[-113.85763,44.34426],[-113.85687,44.34453],[-113.85687,44.34588],[-113.85725,44.34588],[-113.85725,44.34615],[-113.858,44.34642],[-113.858,44.34668],[-113.86026,44.34668],[-113.86026,44.34695],[-113.86064,44.34695],[-113.86064,44.34722],[-113.86026,44.34722],[-113.86026,44.34776],[-113.85989,44.34776],[-113.85989,44.34803],[-113.86026,44.34803],[-113.86026,44.34857],[-113.86064,44.34857],[-113.86064,44.34911],[-113.86026,44.34911],[-113.86026,44.34965],[-113.85951,44.34992],[-113.85951,44.35046],[-113.858,44.35046],[-113.858,44.35073],[-113.85763,44.35073],[-113.85763,44.35207],[-113.85725,44.35207],[-113.85725,44.35261],[-113.85687,44.35261],[-113.85687,44.35288],[-113.85537,44.35288],[-113.85537,44.35261],[-113.85461,44.35261],[-113.85461,44.35234],[-113.8516,44.35261],[-113.8516,44.35288],[-113.85122,44.35288],[-113.85122,44.35315],[-113.85085,44.35315],[-113.85085,44.35342],[-113.85047,44.35342],[-113.85047,44.35369],[-113.85009,44.35369],[-113.85009,44.35396],[-113.84971,44.35396],[-113.84971,44.35423],[-113.84896,44.35423],[-113.84896,44.3545],[-113.84821,44.35477],[-113.84821,44.35531],[-113.84783,44.35531],[-113.84783,44.35612],[-113.84708,44.35639],[-113.84708,44.35693],[-113.8467,44.35693],[-113.8467,44.35719],[-113.84632,44.35719],[-113.84632,44.35827],[-113.8467,44.35827],[-113.8467,44.35854],[-113.84708,44.35854],[-113.84708,44.35881],[-113.84745,44.35881],[-113.84745,44.35935],[-113.84783,44.35935],[-113.84783,44.36097],[-113.84858,44.36097],[-113.84858,44.36151],[-113.84934,44.36151],[-113.84934,44.36178],[-113.84858,44.36178],[-113.84858,44.36205],[-113.84783,44.36205],[-113.84783,44.36232],[-113.84557,44.36232],[-113.84557,44.36258],[-113.84482,44.36258],[-113.84482,44.36285],[-113.84444,44.36285],[-113.84444,44.36312],[-113.84632,44.36312],[-113.84632,44.36339],[-113.84708,44.36366],[-113.84708,44.36393],[-113.84858,44.3642],[-113.84858,44.36447],[-113.84896,44.36447],[-113.84896,44.36474],[-113.84971,44.36474],[-113.84971,44.36501],[-113.85009,44.36501],[-113.85009,44.36528],[-113.85047,44.36528],[-113.85047,44.36555],[-113.85085,44.36555],[-113.85085,44.36582],[-113.85122,44.36582],[-113.85122,44.36609],[-113.8516,44.36609],[-113.8516,44.36636],[-113.85235,44.36636],[-113.85235,44.36582],[-113.85273,44.36582],[-113.85273,44.36555],[-113.85311,44.36555],[-113.85311,44.36528],[-113.85386,44.36528],[-113.85386,44.36501],[-113.85424,44.36501],[-113.85424,44.36474],[-113.85499,44.36474],[-113.85499,44.36447],[-113.85537,44.36447],[-113.85537,44.3642],[-113.8565,44.3642],[-113.8565,44.36528],[-113.85687,44.36528],[-113.85687,44.36609],[-113.8565,44.36609],[-113.8565,44.36663],[-113.85612,44.36663],[-113.85612,44.3669],[-113.85537,44.36717],[-113.85537,44.36744],[-113.85499,44.36744],[-113.85499,44.36771],[-113.85311,44.36771],[-113.85311,44.36717],[-113.85273,44.36717],[-113.85273,44.36663],[-113.8516,44.36663],[-113.8516,44.36771],[-113.85085,44.36771],[-113.85085,44.36797],[-113.85047,44.36797],[-113.85047,44.36717],[-113.85009,44.36717],[-113.85009,44.36663],[-113.84858,44.36663],[-113.84858,44.3669],[-113.84783,44.3669],[-113.84783,44.36717],[-113.84745,44.36717],[-113.84745,44.36744],[-113.84708,44.36744],[-113.84708,44.36771],[-113.84595,44.36771],[-113.84595,44.36824],[-113.84557,44.36824],[-113.84557,44.36905],[-113.84595,44.36905],[-113.84595,44.36932],[-113.84745,44.36959],[-113.84745,44.36986],[-113.84783,44.36986],[-113.84783,44.37013],[-113.84934,44.37013],[-113.84934,44.36986],[-113.85009,44.36986],[-113.85009,44.37094],[-113.84971,44.37094],[-113.84971,44.37148],[-113.84934,44.37148],[-113.84934,44.37175],[-113.84858,44.37175],[-113.84858,44.37202],[-113.84783,44.37202],[-113.84783,44.37229],[-113.84821,44.37229],[-113.84821,44.37283],[-113.84934,44.37283],[-113.84934,44.37309],[-113.84971,44.37309],[-113.84971,44.37444],[-113.84896,44.37444],[-113.84896,44.37417],[-113.84444,44.37417],[-113.84444,44.3739],[-113.84406,44.3739],[-113.84406,44.37417],[-113.84331,44.37417],[-113.84331,44.37444],[-113.84293,44.37444],[-113.84293,44.37417],[-113.84218,44.37444],[-113.84218,44.37417],[-113.84143,44.37417],[-113.84143,44.37363],[-113.8403,44.37363],[-113.8403,44.37417],[-113.83992,44.37417],[-113.83992,44.37363],[-113.83917,44.37363],[-113.83917,44.37256],[-113.83841,44.37256],[-113.83841,44.37175],[-113.83879,44.37175],[-113.83879,44.37121],[-113.83917,44.37121],[-113.83917,44.37067],[-113.83992,44.37067],[-113.83992,44.37013],[-113.84067,44.37013],[-113.84067,44.36959],[-113.84293,44.36959],[-113.84293,44.36905],[-113.84331,44.36905],[-113.84331,44.36878],[-113.84293,44.36878],[-113.84293,44.36824],[-113.84218,44.36824],[-113.84218,44.36797],[-113.8418,44.36797],[-113.8418,44.36771],[-113.84067,44.36771],[-113.84067,44.36717],[-113.83954,44.36717],[-113.83954,44.3669],[-113.83917,44.3669],[-113.83917,44.36636],[-113.83804,44.36636],[-113.83804,44.36663],[-113.83728,44.36663],[-113.83728,44.3669],[-113.83653,44.36717],[-113.83653,44.36744],[-113.83578,44.36771],[-113.83578,44.36851],[-113.83465,44.36851],[-113.83465,44.36717],[-113.83239,44.36717],[-113.83239,44.3669],[-113.82975,44.3669],[-113.82975,44.36663],[-113.82862,44.36663],[-113.82862,44.36636],[-113.82786,44.36636],[-113.82786,44.36555],[-113.82749,44.36555],[-113.82749,44.36528],[-113.82786,44.36528],[-113.82786,44.36501],[-113.82711,44.36501],[-113.82711,44.36447],[-113.82598,44.36447],[-113.82598,44.36474],[-113.8256,44.36474],[-113.8256,44.36447],[-113.82485,44.36447],[-113.82485,44.36285],[-113.8256,44.36258],[-113.8256,44.36151],[-113.82598,44.36151],[-113.82598,44.36097],[-113.82636,44.36097],[-113.82636,44.36016],[-113.82673,44.36016],[-113.82673,44.35989],[-113.82749,44.35962],[-113.82749,44.35935],[-113.82786,44.35935],[-113.82786,44.35881],[-113.82862,44.35881],[-113.82862,44.35854],[-113.82937,44.35827],[-113.82937,44.35746],[-113.82899,44.35746],[-113.82899,44.35639],[-113.82862,44.35639],[-113.82862,44.35585],[-113.82824,44.35585],[-113.82824,44.35531],[-113.82749,44.35531],[-113.82749,44.35477],[-113.82711,44.35477],[-113.82711,44.3545],[-113.82673,44.3545],[-113.82673,44.35423],[-113.82485,44.35423],[-113.82485,44.35396],[-113.82221,44.35396],[-113.82221,44.35423],[-113.8192,44.3545],[-113.8192,44.35477],[-113.81769,44.35477],[-113.81769,44.35504],[-113.81355,44.35504],[-113.81355,44.35477],[-113.81204,44.3545],[-113.81204,44.35423],[-113.81166,44.35423],[-113.81166,44.35396],[-113.81129,44.35396],[-113.81129,44.35369],[-113.81091,44.35369],[-113.81091,44.35315],[-113.81053,44.35315],[-113.81053,44.35288],[-113.81016,44.35288],[-113.81016,44.35261],[-113.80903,44.35261],[-113.80903,44.35234],[-113.80827,44.35234],[-113.80827,44.35207],[-113.80639,44.35207],[-113.80639,44.3518],[-113.80601,44.3518],[-113.80601,44.35154],[-113.80564,44.35154],[-113.80564,44.3518],[-113.80526,44.3518],[-113.80526,44.35154],[-113.80413,44.35154],[-113.80413,44.35127],[-113.80375,44.35127],[-113.80375,44.351],[-113.803,44.351],[-113.803,44.35073],[-113.80262,44.35073],[-113.80262,44.35046],[-113.80149,44.35046],[-113.80149,44.35019],[-113.80074,44.34992],[-113.80074,44.34938],[-113.80036,44.34938],[-113.80036,44.34884],[-113.79999,44.34884],[-113.79999,44.3483],[-113.79961,44.3483],[-113.79961,44.34776],[-113.79923,44.34776],[-113.79923,44.34722],[-113.79886,44.34722],[-113.79886,44.34695],[-113.79923,44.34695],[-113.79923,44.34668],[-113.79848,44.34668],[-113.79848,44.34561],[-113.79773,44.34561],[-113.79773,44.34507],[-113.79735,44.34507],[-113.79735,44.34453],[-113.79697,44.34453],[-113.79697,44.34345],[-113.79622,44.34345],[-113.79622,44.34291],[-113.79547,44.34291],[-113.79547,44.34237],[-113.79471,44.34237],[-113.79471,44.3421],[-113.79433,44.3421],[-113.79433,44.34183],[-113.79358,44.34183],[-113.79358,44.34156],[-113.7932,44.34156],[-113.7932,44.34129],[-113.79283,44.34129],[-113.79283,44.34076],[-113.79132,44.34076],[-113.79132,44.34049],[-113.79057,44.34022],[-113.79057,44.33995],[-113.79132,44.33968],[-113.79132,44.33941],[-113.79207,44.33941],[-113.79207,44.33995],[-113.79245,44.33995],[-113.79245,44.34049],[-113.79358,44.34049],[-113.79358,44.34022],[-113.79396,44.34022],[-113.79396,44.33968],[-113.79358,44.33968],[-113.79358,44.33914],[-113.79283,44.33887],[-113.79283,44.3386],[-113.7917,44.3386],[-113.7917,44.33833],[-113.79094,44.33833],[-113.79094,44.33806],[-113.79057,44.33806],[-113.79057,44.33752],[-113.79019,44.33752],[-113.79019,44.33725],[-113.79057,44.33725],[-113.79057,44.3359],[-113.79019,44.3359],[-113.79019,44.33537],[-113.78981,44.33537],[-113.78981,44.3351],[-113.78906,44.33483],[-113.78906,44.33456],[-113.78868,44.33456],[-113.78868,44.33429],[-113.78831,44.33429],[-113.78831,44.33402],[-113.78793,44.33402],[-113.78793,44.33375],[-113.78755,44.33375],[-113.78755,44.33348],[-113.78718,44.33348],[-113.78718,44.33321],[-113.7868,44.33321],[-113.7868,44.33213],[-113.78868,44.33213],[-113.78868,44.33186],[-113.78944,44.33186],[-113.78944,44.33105],[-113.78906,44.33105],[-113.78906,44.33078],[-113.78831,44.33051],[-113.78831,44.33025],[-113.78793,44.33025],[-113.78793,44.32944],[-113.78831,44.32944],[-113.78831,44.32863],[-113.78868,44.32863],[-113.78868,44.32782],[-113.78906,44.32782],[-113.78906,44.32728],[-113.78944,44.32728],[-113.78944,44.32647],[-113.78981,44.32647],[-113.78981,44.32593],[-113.79057,44.32566],[-113.79057,44.32513],[-113.79094,44.32513],[-113.79094,44.32459],[-113.7917,44.32459],[-113.7917,44.32432],[-113.79245,44.32432],[-113.79245,44.32459],[-113.79471,44.32459],[-113.79471,44.32432],[-113.79547,44.32432],[-113.79547,44.32216],[-113.79584,44.32216],[-113.79584,44.32108],[-113.79622,44.32108],[-113.79622,44.32054],[-113.7966,44.32054],[-113.7966,44.32],[-113.79697,44.32],[-113.79697,44.31947],[-113.79735,44.31947],[-113.79735,44.31893],[-113.79773,44.31893],[-113.79773,44.31839],[-113.7981,44.31839],[-113.7981,44.31785],[-113.79848,44.31785],[-113.79848,44.31704],[-113.79923,44.31677],[-113.79923,44.31623],[-113.79961,44.31623],[-113.79961,44.31596],[-113.79999,44.31596],[-113.79999,44.31569],[-113.80036,44.31569],[-113.80036,44.31542],[-113.80074,44.31542],[-113.80074,44.31515],[-113.80149,44.31515],[-113.80149,44.31461],[-113.80187,44.31461],[-113.80187,44.31435],[-113.80225,44.31435],[-113.80225,44.31408],[-113.80262,44.31408],[-113.80262,44.31381],[-113.803,44.31381],[-113.803,44.31354],[-113.80338,44.31354],[-113.80338,44.31327],[-113.80413,44.313],[-113.80413,44.31273],[-113.80451,44.31273],[-113.80451,44.31246],[-113.80526,44.31246],[-113.80526,44.31219],[-113.80564,44.31219],[-113.80564,44.31192],[-113.80677,44.31192],[-113.80677,44.31165],[-113.80752,44.31165],[-113.80752,44.31138],[-113.80903,44.31138],[-113.80903,44.31165],[-113.81317,44.31165],[-113.81317,44.31192],[-113.81393,44.31165],[-113.81393,44.31138],[-113.81543,44.31138],[-113.81543,44.31192],[-113.81581,44.31192],[-113.81581,44.31165],[-113.81656,44.31138],[-113.81656,44.31057],[-113.81619,44.31057],[-113.81619,44.3103],[-113.81543,44.31003],[-113.81543,44.30976],[-113.81468,44.30976],[-113.81468,44.30949],[-113.81393,44.30949],[-113.81393,44.30922],[-113.81129,44.30922],[-113.81129,44.30896],[-113.81053,44.30896],[-113.81053,44.30815],[-113.81129,44.30815],[-113.81129,44.30788],[-113.81242,44.30788],[-113.81242,44.30761],[-113.81279,44.30761],[-113.81279,44.30734],[-113.81204,44.30734],[-113.81204,44.30707],[-113.81166,44.30707],[-113.81166,44.3068],[-113.81129,44.3068],[-113.81129,44.30653],[-113.81091,44.30653],[-113.81091,44.30626],[-113.81016,44.30626],[-113.81016,44.30599],[-113.80978,44.30599],[-113.80978,44.30572],[-113.80903,44.30572],[-113.80903,44.30545],[-113.80827,44.30545],[-113.80827,44.30518],[-113.80752,44.30518],[-113.80752,44.30464],[-113.80714,44.30464],[-113.80714,44.3041],[-113.8079,44.30384],[-113.8079,44.30357],[-113.80827,44.30357],[-113.80827,44.3033],[-113.80903,44.3033],[-113.80903,44.30357],[-113.8094,44.30357],[-113.8094,44.3041],[-113.80903,44.3041],[-113.80903,44.30491],[-113.8094,44.30491],[-113.8094,44.30518],[-113.80978,44.30518],[-113.80978,44.30545],[-113.81129,44.30572],[-113.81129,44.30599],[-113.81204,44.30599],[-113.81204,44.30626],[-113.81355,44.30626],[-113.81355,44.30653],[-113.8143,44.30653],[-113.8143,44.3068],[-113.81543,44.3068],[-113.81543,44.30707],[-113.81619,44.30707],[-113.81619,44.30734],[-113.81656,44.30734],[-113.81656,44.30788],[-113.81619,44.30788],[-113.81619,44.30842],[-113.81581,44.30842],[-113.81581,44.30896],[-113.81732,44.30896],[-113.81732,44.30869],[-113.81882,44.30842],[-113.81882,44.30869],[-113.82184,44.30869],[-113.82184,44.30896],[-113.82221,44.30896],[-113.82221,44.30922],[-113.82297,44.30922],[-113.82297,44.30949],[-113.82485,44.30949],[-113.82485,44.30922],[-113.8256,44.30922],[-113.8256,44.30869],[-113.82598,44.30869],[-113.82598,44.30842],[-113.8256,44.30842],[-113.8256,44.30761],[-113.82523,44.30761],[-113.82523,44.30734],[-113.82485,44.30734],[-113.82485,44.30707],[-113.82334,44.3068],[-113.82334,44.30599],[-113.82372,44.30599],[-113.82372,44.30626],[-113.82447,44.30626],[-113.82447,44.30653],[-113.82749,44.30626],[-113.82749,44.30653],[-113.82786,44.30653],[-113.82786,44.3068],[-113.82899,44.3068],[-113.82899,44.30707],[-113.82975,44.30707],[-113.82975,44.30734],[-113.83012,44.30734],[-113.83012,44.30761],[-113.83088,44.30761],[-113.83088,44.30949],[-113.83125,44.30949],[-113.83125,44.30976],[-113.83201,44.30976],[-113.83201,44.3103],[-113.83276,44.3103],[-113.83276,44.31084],[-113.83389,44.31084],[-113.83389,44.31111],[-113.83465,44.31111],[-113.83465,44.31138],[-113.83502,44.31138],[-113.83502,44.31165],[-113.83615,44.31165],[-113.83615,44.31138],[-113.83766,44.31111],[-113.83766,44.31084],[-113.83917,44.31084],[-113.83917,44.31057],[-113.83954,44.31057],[-113.83954,44.3103],[-113.8403,44.3103],[-113.8403,44.31003],[-113.84105,44.31003],[-113.84105,44.30976],[-113.84218,44.30976],[-113.84218,44.30949],[-113.84293,44.30949],[-113.84293,44.30922],[-113.84331,44.30922],[-113.84331,44.30896],[-113.84406,44.30869],[-113.84406,44.30842],[-113.84444,44.30842],[-113.84444,44.30815],[-113.84482,44.30815],[-113.84482,44.30788],[-113.84519,44.30788],[-113.84519,44.30761],[-113.84557,44.30761],[-113.84557,44.30734],[-113.84745,44.30734],[-113.84745,44.30707],[-113.84783,44.30707],[-113.84783,44.3068],[-113.84821,44.3068],[-113.84821,44.30653],[-113.84858,44.30653],[-113.84858,44.30572],[-113.84821,44.30572],[-113.84821,44.30545],[-113.84858,44.30545],[-113.84858,44.30518],[-113.84896,44.30518],[-113.84896,44.30491],[-113.84934,44.30491],[-113.84934,44.30437],[-113.85009,44.30437],[-113.85009,44.30464]],[[-113.84896,44.30545],[-113.84934,44.30545],[-113.84934,44.30518],[-113.84896,44.30518],[-113.84896,44.30545]],[[-113.84218,44.37363],[-113.8418,44.37363],[-113.8418,44.3739],[-113.84218,44.3739],[-113.84218,44.37363]],[[-113.83992,44.37309],[-113.83954,44.37309],[-113.83954,44.37336],[-113.83992,44.37336],[-113.83992,44.37309]],[[-113.84067,44.3704],[-113.8403,44.3704],[-113.8403,44.37067],[-113.84067,44.37067],[-113.84067,44.3704]],[[-113.84256,44.36366],[-113.84293,44.36366],[-113.84293,44.36285],[-113.84218,44.36285],[-113.84218,44.36232],[-113.84105,44.36232],[-113.84105,44.36205],[-113.8403,44.36205],[-113.8403,44.36339],[-113.83992,44.36339],[-113.83992,44.36474],[-113.8403,44.36474],[-113.8403,44.36555],[-113.84067,44.36555],[-113.84067,44.36582],[-113.84105,44.36582],[-113.84105,44.36609],[-113.84143,44.36609],[-113.84143,44.36582],[-113.84218,44.36582],[-113.84218,44.36528],[-113.84256,44.36528],[-113.84256,44.36366]],[[-113.84482,44.35962],[-113.84444,44.35962],[-113.84444,44.35989],[-113.84595,44.36043],[-113.84595,44.35962],[-113.84557,44.35962],[-113.84557,44.35908],[-113.84482,44.35908],[-113.84482,44.35962]],[[-113.8354,44.35154],[-113.83465,44.35154],[-113.83465,44.3518],[-113.8354,44.3518],[-113.8354,44.35154]],[[-113.84557,44.34318],[-113.84557,44.34345],[-113.84595,44.34345],[-113.84595,44.34318],[-113.84557,44.34318]],[[-113.8467,44.34318],[-113.8467,44.34291],[-113.84595,44.34291],[-113.84595,44.34318],[-113.8467,44.34318]],[[-113.84708,44.34291],[-113.84708,44.34237],[-113.8467,44.34237],[-113.8467,44.34291],[-113.84708,44.34291]],[[-113.84595,44.34264],[-113.84632,44.34264],[-113.84632,44.3421],[-113.84595,44.3421],[-113.84595,44.34237],[-113.84519,44.34264],[-113.84519,44.34291],[-113.84595,44.34291],[-113.84595,44.34264]],[[-113.84067,44.34076],[-113.84105,44.34076],[-113.84105,44.34049],[-113.8418,44.34049],[-113.8418,44.33968],[-113.84143,44.33968],[-113.84143,44.33941],[-113.83992,44.33941],[-113.83992,44.33968],[-113.83917,44.33968],[-113.83917,44.33995],[-113.83879,44.33995],[-113.83879,44.34156],[-113.83841,44.34156],[-113.83841,44.3421],[-113.83879,44.3421],[-113.83879,44.34237],[-113.83992,44.34237],[-113.83992,44.3421],[-113.8403,44.3421],[-113.8403,44.34103],[-113.84067,44.34103],[-113.84067,44.34076]],[[-113.83691,44.34022],[-113.83728,44.34022],[-113.83728,44.33995],[-113.83691,44.33995],[-113.83691,44.33968],[-113.83615,44.33968],[-113.83615,44.33995],[-113.83465,44.34022],[-113.83465,44.34103],[-113.83502,44.34103],[-113.83502,44.34129],[-113.83615,44.34129],[-113.83615,44.34076],[-113.83653,44.34076],[-113.83653,44.34049],[-113.83691,44.34049],[-113.83691,44.34022]],[[-113.83201,44.33725],[-113.83163,44.33725],[-113.83163,44.33752],[-113.83201,44.33752],[-113.83201,44.33725]],[[-113.83239,44.33402],[-113.83201,44.33402],[-113.83201,44.33429],[-113.83239,44.33429],[-113.83239,44.33402]],[[-113.8305,44.33159],[-113.83012,44.33159],[-113.83012,44.33105],[-113.82937,44.33105],[-113.82937,44.33132],[-113.82862,44.33132],[-113.82862,44.33159],[-113.82749,44.33159],[-113.82749,44.33186],[-113.82711,44.33186],[-113.82711,44.3324],[-113.82749,44.3324],[-113.82749,44.33321],[-113.82824,44.33321],[-113.82824,44.33348],[-113.83125,44.33375],[-113.83125,44.33294],[-113.83088,44.33294],[-113.83088,44.33186],[-113.8305,44.33186],[-113.8305,44.33159]],[[-113.83201,44.33294],[-113.83163,44.33294],[-113.83163,44.33321],[-113.83201,44.33321],[-113.83201,44.33294]],[[-113.82334,44.32647],[-113.82297,44.32647],[-113.82297,44.32674],[-113.82334,44.32674],[-113.82334,44.32647]],[[-113.7917,44.3262],[-113.79132,44.3262],[-113.79132,44.32647],[-113.7917,44.32647],[-113.7917,44.3262]],[[-113.84896,44.31111],[-113.84858,44.31111],[-113.84858,44.31138],[-113.84896,44.31138],[-113.84896,44.31111]],[[-113.84783,44.31057],[-113.84708,44.31057],[-113.84708,44.31084],[-113.84783,44.31111],[-113.84783,44.31084],[-113.84821,44.31084],[-113.84821,44.3103],[-113.84783,44.3103],[-113.84783,44.31057]],[[-113.82937,44.31003],[-113.82824,44.31003],[-113.82824,44.31057],[-113.82937,44.31057],[-113.82937,44.31003]],[[-113.84971,44.30976],[-113.84934,44.30976],[-113.84934,44.3103],[-113.85047,44.3103],[-113.85047,44.30976],[-113.85009,44.30976],[-113.85009,44.31003],[-113.84971,44.31003],[-113.84971,44.30976]]],[[[-113.8727,44.3483],[-113.8727,44.34857],[-113.87194,44.34857],[-113.87194,44.34803],[-113.8727,44.3483]]],[[[-113.85085,44.35962],[-113.85122,44.35962],[-113.85122,44.35935],[-113.85235,44.35935],[-113.85235,44.35962],[-113.85198,44.35962],[-113.85198,44.36016],[-113.85047,44.36016],[-113.85047,44.35989],[-113.85085,44.35989],[-113.85085,44.35962]]],[[[-113.85386,44.37094],[-113.85386,44.37067],[-113.85574,44.37067],[-113.85574,44.37094],[-113.85537,44.37094],[-113.85537,44.37148],[-113.85461,44.37148],[-113.85461,44.37121],[-113.85386,44.37094]]],[[[-113.83427,44.37606],[-113.83427,44.37579],[-113.83389,44.37579],[-113.83389,44.37552],[-113.83314,44.37525],[-113.83314,44.37498],[-113.83276,44.37498],[-113.83276,44.3739],[-113.83352,44.3739],[-113.83352,44.37444],[-113.83427,44.37444],[-113.83427,44.37498],[-113.83465,44.37498],[-113.83465,44.37525],[-113.8354,44.37552],[-113.8354,44.37606],[-113.83578,44.37606],[-113.83578,44.37687],[-113.83502,44.37687],[-113.83502,44.3766],[-113.83465,44.3766],[-113.83465,44.37606],[-113.83427,44.37606]]]]},"properties":{"layer":"predicted_reach_h15","fire_name":"Doublesprings","irwin_id":"{960C064B-1764-4834-BD28-90FB69A4AB4A}","model":"arrival_run","checkpoint_epoch":216,"decode":"connected_causal","operating_point":{"floor":0.0,"mult":0.9},"val_precision":null,"val_recall":null,"model_caveat":"arrival_run chosen for best RECALL among the six FlameFlux v3 candidates on the production-valid t0-window corpus (R=0.624 on the fc2 held-out fires, R=0.432 on Dillon -- see candidate_comparison.md from the 2026-07-24 comparison). It does NOT meet the project's P>=0.50/R>=0.80 target: precision is the WORST of the six (P=0.120 on fc2 -- most flagged growth is wrong), and wind_run actually edges it on F1. IMPORTANT CAVEAT: arrival_run trained on the leaky 'observed' corpus (crop centered/sized on t0|t1, i.e. it saw the future perimeter's geometry during training) and has NEVER seen a t0-window crop -- the ONLY geometry this live pipeline can ever produce at forecast time (the future perimeter is, by definition, unknown). So every live prediction from this model is out-of-distribution relative to its own training. The measured t0-window numbers above already reflect that (they are not a surprise), but this is 'best available', not 'production-ready' -- represent it that way. The operating_point (floor=0.0, mult=0.9) is the VAL-selected connected-causal decode point; it did NOT clear the 0.50 precision floor during selection (feasible=False, val P=0.270/R=0.259) -- it's the best-F1 fallback point, not a precision-guaranteed one.","issued_at_utc":"2026-08-05 02:36:31.645281+00:00","valid_from_utc":"2026-08-05 00:00:00","valid_to_utc":"2026-08-06 00:00:00","wfigs_date_current_utc":"2026-08-05 02:05:06+00:00","pixel_size_m":30,"veg_source":"refreshed_d4","physics_source":"eikonal_fbfm40","history_n_dates":1,"degraded_history":true,"containment_pct":0.0,"acres_wfigs":1021.012899130312,"hour":15,"valid_at_utc":"2026-08-05 15:00:00"}},{"type":"Feature","geometry":{"type":"MultiPolygon","coordinates":[[[[-113.87044,44.33078],[-113.87081,44.33078],[-113.87081,44.33105],[-113.87119,44.33105],[-113.87119,44.33132],[-113.87006,44.33132],[-113.87006,44.33105],[-113.87044,44.33105],[-113.87044,44.33078]]],[[[-113.86742,44.3324],[-113.86742,44.33213],[-113.86817,44.33186],[-113.86817,44.3324],[-113.86855,44.3324],[-113.86855,44.33267],[-113.86817,44.33267],[-113.86817,44.33294],[-113.86742,44.33294],[-113.86742,44.33267],[-113.86704,44.33267],[-113.86704,44.3324],[-113.86742,44.3324]]],[[[-113.89003,44.34291],[-113.89003,44.34264],[-113.8904,44.34264],[-113.8904,44.3421],[-113.89153,44.3421],[-113.89153,44.34345],[-113.89078,44.34345],[-113.89078,44.34318],[-113.89003,44.34291]]],[[[-113.90623,44.34264],[-113.90623,44.34237],[-113.9066,44.34237],[-113.9066,44.34264],[-113.90773,44.34264],[-113.90773,44.34291],[-113.90811,44.34291],[-113.90811,44.34318],[-113.90886,44.34318],[-113.90886,44.34345],[-113.90924,44.34345],[-113.90924,44.34399],[-113.90773,44.34399],[-113.90773,44.34345],[-113.90547,44.34345],[-113.90547,44.34264],[-113.90623,44.34264]]],[[[-113.87232,44.34749],[-113.87232,44.34803],[-113.87307,44.3483],[-113.87307,44.34857],[-113.87345,44.34857],[-113.87345,44.34884],[-113.87194,44.34884],[-113.87194,44.34857],[-113.87157,44.34857],[-113.87157,44.34749],[-113.87232,44.34749]]],[[[-113.87345,44.34911],[-113.87345,44.34884],[-113.87383,44.34884],[-113.87383,44.34911],[-113.87345,44.34911]]],[[[-113.86328,44.35073],[-113.86328,44.35046],[-113.86403,44.35046],[-113.86403,44.35019],[-113.86441,44.35019],[-113.86441,44.34965],[-113.86516,44.34965],[-113.86516,44.34938],[-113.86554,44.34938],[-113.86554,44.34965],[-113.86629,44.34965],[-113.86629,44.34992],[-113.86554,44.35019],[-113.86554,44.35046],[-113.86478,44.35073],[-113.86478,44.351],[-113.86328,44.35127],[-113.86328,44.351],[-113.8629,44.351],[-113.8629,44.35073],[-113.86328,44.35073]]],[[[-113.884,44.3518],[-113.88437,44.3518],[-113.88437,44.35073],[-113.88475,44.35073],[-113.88475,44.35019],[-113.88588,44.35019],[-113.88588,44.35073],[-113.88626,44.35073],[-113.88626,44.35154],[-113.88588,44.35154],[-113.88588,44.3518],[-113.8855,44.3518],[-113.8855,44.35207],[-113.88475,44.35207],[-113.88475,44.35234],[-113.88437,44.35234],[-113.88437,44.35207],[-113.884,44.35207],[-113.884,44.3518]]],[[[-113.88362,44.35261],[-113.88362,44.35234],[-113.884,44.35234],[-113.884,44.35261],[-113.88362,44.35261]]],[[[-113.90509,44.35154],[-113.90434,44.35154],[-113.90434,44.3518],[-113.90321,44.3518],[-113.90321,44.35154],[-113.90283,44.35154],[-113.90283,44.35127],[-113.90246,44.35127],[-113.90246,44.351],[-113.90133,44.351],[-113.90133,44.35154],[-113.90095,44.35154],[-113.90095,44.3518],[-113.90133,44.3518],[-113.90133,44.35207],[-113.90095,44.35207],[-113.90095,44.35315],[-113.90057,44.35315],[-113.90057,44.35369],[-113.9002,44.35369],[-113.9002,44.35423],[-113.90057,44.35423],[-113.90057,44.3545],[-113.90095,44.3545],[-113.90095,44.35477],[-113.90133,44.35477],[-113.90133,44.35504],[-113.9017,44.35504],[-113.9017,44.35531],[-113.90208,44.35531],[-113.90208,44.35585],[-113.90246,44.35585],[-113.90246,44.35639],[-113.90283,44.35639],[-113.90283,44.35719],[-113.90321,44.35719],[-113.90321,44.35773],[-113.90359,44.35773],[-113.90359,44.358],[-113.90321,44.358],[-113.90321,44.35881],[-113.90359,44.35881],[-113.90359,44.35962],[-113.90246,44.35962],[-113.90246,44.36016],[-113.90208,44.36016],[-113.90208,44.36043],[-113.90283,44.3607],[-113.90283,44.36097],[-113.90396,44.36097],[-113.90396,44.36016],[-113.90434,44.36016],[-113.90434,44.36043],[-113.90472,44.36043],[-113.90472,44.36097],[-113.90509,44.36097],[-113.90509,44.36151],[-113.90585,44.36178],[-113.90585,44.36285],[-113.90434,44.36232],[-113.90434,44.36285],[-113.90396,44.36285],[-113.90396,44.36393],[-113.90283,44.36393],[-113.90283,44.36339],[-113.90246,44.36339],[-113.90246,44.36312],[-113.90283,44.36312],[-113.90283,44.36285],[-113.90246,44.36285],[-113.90246,44.36232],[-113.90133,44.36232],[-113.90133,44.36205],[-113.90095,44.36205],[-113.90095,44.36178],[-113.9002,44.36178],[-113.9002,44.3607],[-113.89794,44.3607],[-113.89794,44.35962],[-113.89718,44.35935],[-113.89718,44.35854],[-113.89869,44.35827],[-113.89869,44.35773],[-113.89982,44.35773],[-113.89982,44.35719],[-113.89944,44.35719],[-113.89944,44.35693],[-113.89831,44.35693],[-113.89831,44.35746],[-113.89794,44.35746],[-113.89794,44.35719],[-113.89605,44.35719],[-113.89605,44.358],[-113.89492,44.358],[-113.89492,44.35773],[-113.89417,44.35773],[-113.89417,44.35746],[-113.89342,44.35746],[-113.89342,44.35666],[-113.89417,44.35666],[-113.89417,44.35639],[-113.89379,44.35639],[-113.89379,44.35612],[-113.89417,44.35612],[-113.89417,44.35585],[-113.89379,44.35585],[-113.89379,44.35558],[-113.89417,44.35558],[-113.89417,44.35504],[-113.89643,44.35504],[-113.89643,44.35477],[-113.89681,44.35477],[-113.89681,44.35504],[-113.89907,44.35504],[-113.89907,44.35477],[-113.89944,44.35477],[-113.89944,44.35423],[-113.89907,44.35423],[-113.89907,44.35369],[-113.89643,44.35369],[-113.89643,44.35288],[-113.89681,44.35288],[-113.89681,44.35234],[-113.89718,44.35234],[-113.89718,44.35154],[-113.89681,44.35154],[-113.89681,44.351],[-113.89643,44.351],[-113.89643,44.35046],[-113.89756,44.35046],[-113.89756,44.35019],[-113.89794,44.35019],[-113.89794,44.34938],[-113.89756,44.34938],[-113.89756,44.34911],[-113.89718,44.34911],[-113.89718,44.34884],[-113.89568,44.34884],[-113.89568,44.3483],[-113.89492,44.3483],[-113.89492,44.34776],[-113.89455,44.34776],[-113.89455,44.34642],[-113.89492,44.34642],[-113.89492,44.34507],[-113.89417,44.3448],[-113.89417,44.34372],[-113.8953,44.34372],[-113.8953,44.34399],[-113.89605,44.34426],[-113.89605,44.34507],[-113.89643,44.34507],[-113.89643,44.34561],[-113.89681,44.34561],[-113.89681,44.34668],[-113.89718,44.34668],[-113.89718,44.34749],[-113.89756,44.34749],[-113.89756,44.34803],[-113.89794,44.34803],[-113.89794,44.34857],[-113.89831,44.34857],[-113.89831,44.34911],[-113.89907,44.34911],[-113.89907,44.35019],[-113.89982,44.35019],[-113.89982,44.35073],[-113.9002,44.35073],[-113.9002,44.35046],[-113.90095,44.35073],[-113.90095,44.35019],[-113.9002,44.34992],[-113.9002,44.34938],[-113.89944,44.34938],[-113.89944,44.3483],[-113.89907,44.3483],[-113.89907,44.34803],[-113.89944,44.34803],[-113.89944,44.34722],[-113.9002,44.34695],[-113.9002,44.34642],[-113.90095,44.34642],[-113.90095,44.34615],[-113.90133,44.34615],[-113.90133,44.34588],[-113.90246,44.34588],[-113.90246,44.34615],[-113.90283,44.34615],[-113.90283,44.34668],[-113.90359,44.34695],[-113.90359,44.34749],[-113.90396,44.34749],[-113.90396,44.34776],[-113.90434,44.34776],[-113.90434,44.34803],[-113.90472,44.34803],[-113.90472,44.3483],[-113.90509,44.3483],[-113.90509,44.34857],[-113.90585,44.34857],[-113.90585,44.34911],[-113.90698,44.34911],[-113.90698,44.34884],[-113.90736,44.34884],[-113.90736,44.34992],[-113.9066,44.34992],[-113.9066,44.35019],[-113.90623,44.35019],[-113.90623,44.35046],[-113.90585,44.35046],[-113.90585,44.351],[-113.90509,44.351],[-113.90509,44.35154]],[[-113.90623,44.34992],[-113.90585,44.34992],[-113.90585,44.35019],[-113.90623,44.35019],[-113.90623,44.34992]],[[-113.90623,44.34938],[-113.90585,44.34938],[-113.90585,44.34965],[-113.90623,44.34965],[-113.90623,44.34938]]],[[[-113.88852,44.35746],[-113.88852,44.35773],[-113.88814,44.35773],[-113.88814,44.35719],[-113.8889,44.35719],[-113.8889,44.35746],[-113.88852,44.35746]]],[[[-113.89455,44.36124],[-113.89455,44.36151],[-113.89379,44.36151],[-113.89379,44.36124],[-113.89342,44.36124],[-113.89342,44.35989],[-113.8953,44.35989],[-113.8953,44.36043],[-113.89605,44.36043],[-113.89605,44.36097],[-113.89681,44.36097],[-113.89681,44.36151],[-113.89718,44.36151],[-113.89718,44.36178],[-113.89681,44.36178],[-113.89681,44.36232],[-113.89605,44.36232],[-113.89605,44.36178],[-113.89568,44.36178],[-113.89568,44.36124],[-113.89455,44.36124]]],[[[-113.89342,44.36178],[-113.89342,44.36151],[-113.89379,44.36151],[-113.89379,44.36178],[-113.89342,44.36178]]],[[[-113.8904,44.36393],[-113.8904,44.36366],[-113.89078,44.36366],[-113.89078,44.36339],[-113.89153,44.36312],[-113.89153,44.36366],[-113.89191,44.36366],[-113.89191,44.3642],[-113.89229,44.3642],[-113.89229,44.36447],[-113.89191,44.36447],[-113.89191,44.36474],[-113.89116,44.36474],[-113.89116,44.36501],[-113.88965,44.36501],[-113.88965,44.3642],[-113.8904,44.36393]]],[[[-113.85085,44.3041],[-113.85047,44.3041],[-113.85047,44.30384],[-113.85085,44.30384],[-113.85085,44.3041]]],[[[-113.8403,44.30707],[-113.8403,44.3068],[-113.84067,44.3068],[-113.84067,44.30707],[-113.8403,44.30707]]],[[[-113.84105,44.30761],[-113.84105,44.30734],[-113.84067,44.30734],[-113.84067,44.30707],[-113.84143,44.3068],[-113.84143,44.30761],[-113.84105,44.30761]]],[[[-113.83992,44.30734],[-113.83992,44.30707],[-113.8403,44.30707],[-113.8403,44.30734],[-113.83992,44.30734]]],[[[-113.85951,44.30896],[-113.85951,44.30922],[-113.85989,44.30922],[-113.85989,44.30949],[-113.85876,44.30949],[-113.85876,44.30922],[-113.85951,44.30896]]],[[[-113.83465,44.31057],[-113.83465,44.3103],[-113.83502,44.3103],[-113.83502,44.31057],[-113.83465,44.31057]]],[[[-113.83389,44.31057],[-113.83389,44.3103],[-113.83427,44.3103],[-113.83427,44.31057],[-113.83389,44.31057]]],[[[-113.81204,44.30572],[-113.81204,44.30599],[-113.81279,44.30599],[-113.81279,44.30626],[-113.81393,44.30626],[-113.81393,44.30653],[-113.81468,44.30653],[-113.81468,44.3068],[-113.81619,44.3068],[-113.81619,44.30707],[-113.81769,44.30734],[-113.81769,44.30761],[-113.81845,44.30788],[-113.81845,44.30815],[-113.8192,44.30815],[-113.8192,44.30842],[-113.81958,44.30842],[-113.81958,44.30815],[-113.81995,44.30815],[-113.81995,44.30842],[-113.82108,44.30842],[-113.82108,44.30815],[-113.82146,44.30815],[-113.82146,44.30842],[-113.82221,44.30842],[-113.82221,44.30869],[-113.82259,44.30869],[-113.82259,44.30896],[-113.82334,44.30896],[-113.82334,44.30922],[-113.82485,44.30922],[-113.82485,44.30869],[-113.8256,44.30869],[-113.8256,44.30842],[-113.82523,44.30842],[-113.82523,44.30761],[-113.82485,44.30761],[-113.82485,44.30734],[-113.82447,44.30734],[-113.82447,44.30707],[-113.82334,44.30707],[-113.82334,44.3068],[-113.82297,44.3068],[-113.82297,44.30599],[-113.82259,44.30599],[-113.82259,44.30572],[-113.82184,44.30572],[-113.82184,44.30545],[-113.82108,44.30518],[-113.82108,44.30464],[-113.82146,44.30464],[-113.82146,44.30437],[-113.82184,44.30437],[-113.82184,44.3041],[-113.82221,44.3041],[-113.82221,44.30437],[-113.82259,44.30437],[-113.82259,44.30518],[-113.82297,44.30518],[-113.82297,44.30545],[-113.82334,44.30545],[-113.82334,44.30572],[-113.82372,44.30572],[-113.82372,44.30599],[-113.8241,44.30599],[-113.8241,44.30626],[-113.82485,44.30626],[-113.82485,44.30653],[-113.8256,44.30653],[-113.8256,44.30626],[-113.82673,44.30626],[-113.82673,44.30599],[-113.82749,44.30599],[-113.82749,44.30626],[-113.82824,44.30653],[-113.82824,44.3068],[-113.82937,44.3068],[-113.82937,44.30707],[-113.83012,44.30707],[-113.83012,44.30734],[-113.83125,44.30734],[-113.83125,44.30761],[-113.83163,44.30761],[-113.83163,44.30815],[-113.83125,44.30815],[-113.83125,44.30896],[-113.83201,44.30896],[-113.83201,44.30922],[-113.83239,44.30922],[-113.83239,44.30869],[-113.83276,44.30869],[-113.83276,44.30815],[-113.83314,44.30815],[-113.83314,44.30788],[-113.83465,44.30788],[-113.83465,44.30815],[-113.8354,44.30815],[-113.8354,44.30869],[-113.83578,44.30869],[-113.83578,44.30896],[-113.8354,44.30896],[-113.8354,44.30922],[-113.83502,44.30922],[-113.83502,44.30949],[-113.83276,44.30949],[-113.83276,44.31003],[-113.83314,44.31003],[-113.83314,44.3103],[-113.83389,44.31057],[-113.83389,44.31084],[-113.83502,44.31084],[-113.83502,44.31138],[-113.8354,44.31138],[-113.8354,44.31111],[-113.83615,44.31138],[-113.83615,44.31111],[-113.83691,44.31111],[-113.83691,44.31084],[-113.83728,44.31084],[-113.83728,44.31057],[-113.83841,44.31057],[-113.83841,44.30976],[-113.83879,44.30976],[-113.83879,44.30949],[-113.83841,44.30949],[-113.83841,44.30842],[-113.83804,44.30842],[-113.83804,44.30815],[-113.83841,44.30815],[-113.83841,44.30788],[-113.83879,44.30788],[-113.83879,44.30761],[-113.83992,44.30761],[-113.83992,44.30815],[-113.8403,44.30815],[-113.8403,44.30976],[-113.84143,44.30976],[-113.84143,44.30949],[-113.84293,44.30922],[-113.84293,44.30896],[-113.84369,44.30896],[-113.84369,44.30869],[-113.84444,44.30842],[-113.84444,44.30788],[-113.84482,44.30788],[-113.84482,44.30761],[-113.84632,44.30734],[-113.84632,44.30707],[-113.84783,44.30707],[-113.84783,44.3068],[-113.84821,44.3068],[-113.84821,44.30599],[-113.84783,44.30599],[-113.84783,44.30545],[-113.84821,44.30545],[-113.84821,44.30518],[-113.84858,44.30518],[-113.84858,44.30491],[-113.84896,44.30491],[-113.84896,44.30437],[-113.84934,44.30437],[-113.84934,44.3041],[-113.85047,44.3041],[-113.85047,44.30464],[-113.85009,44.30464],[-113.85009,44.30572],[-113.85122,44.30572],[-113.85122,44.30599],[-113.8516,44.30599],[-113.8516,44.30653],[-113.85198,44.30653],[-113.85198,44.3068],[-113.85499,44.3068],[-113.85499,44.30707],[-113.85687,44.30707],[-113.85687,44.3068],[-113.85763,44.3068],[-113.85763,44.30653],[-113.85989,44.30653],[-113.85989,44.30734],[-113.85913,44.30734],[-113.85913,44.30761],[-113.85763,44.30761],[-113.85763,44.30788],[-113.85687,44.30815],[-113.85687,44.30869],[-113.8565,44.30869],[-113.8565,44.30896],[-113.85499,44.30896],[-113.85499,44.30976],[-113.85461,44.30976],[-113.85461,44.31003],[-113.85348,44.31003],[-113.85348,44.30976],[-113.85311,44.30976],[-113.85311,44.31003],[-113.85235,44.31003],[-113.85235,44.3103],[-113.85612,44.3103],[-113.85612,44.31003],[-113.85537,44.31003],[-113.85537,44.30976],[-113.85612,44.30976],[-113.85612,44.30949],[-113.8565,44.30949],[-113.8565,44.30976],[-113.85725,44.30976],[-113.85725,44.3103],[-113.85687,44.3103],[-113.85687,44.31057],[-113.8565,44.31057],[-113.8565,44.31084],[-113.85612,44.31084],[-113.85612,44.31138],[-113.85763,44.31138],[-113.85763,44.31111],[-113.86102,44.31111],[-113.86102,44.31084],[-113.86215,44.31084],[-113.86215,44.31057],[-113.86328,44.31057],[-113.86328,44.31084],[-113.86365,44.31084],[-113.86365,44.31057],[-113.86629,44.31057],[-113.86629,44.31084],[-113.86704,44.31084],[-113.86704,44.31111],[-113.86855,44.31111],[-113.86855,44.31084],[-113.86893,44.31084],[-113.86893,44.31111],[-113.87006,44.31111],[-113.87006,44.31138],[-113.87044,44.31138],[-113.87044,44.31246],[-113.87006,44.31246],[-113.87006,44.31273],[-113.86931,44.31273],[-113.86931,44.313],[-113.86855,44.313],[-113.86855,44.31354],[-113.86817,44.31354],[-113.86817,44.31408],[-113.8678,44.31408],[-113.8678,44.31488],[-113.87006,44.31488],[-113.87006,44.31515],[-113.87044,44.31515],[-113.87044,44.31569],[-113.87119,44.31596],[-113.87119,44.3165],[-113.87157,44.3165],[-113.87157,44.31704],[-113.87194,44.31704],[-113.87194,44.31758],[-113.87157,44.31758],[-113.87157,44.31785],[-113.87044,44.31785],[-113.87044,44.31758],[-113.86893,44.31758],[-113.86893,44.31731],[-113.86855,44.31731],[-113.86855,44.31758],[-113.8678,44.31758],[-113.8678,44.31785],[-113.86704,44.31812],[-113.86704,44.31839],[-113.86667,44.31839],[-113.86667,44.3192],[-113.86704,44.3192],[-113.86704,44.31947],[-113.8678,44.31974],[-113.8678,44.32],[-113.86817,44.32],[-113.86817,44.32054],[-113.86855,44.32054],[-113.86855,44.32135],[-113.86817,44.32135],[-113.86817,44.32162],[-113.86742,44.32162],[-113.86742,44.32135],[-113.86704,44.32135],[-113.86704,44.32081],[-113.86667,44.32081],[-113.86667,44.32054],[-113.86478,44.32054],[-113.86478,44.32027],[-113.86365,44.32027],[-113.86365,44.32054],[-113.86252,44.32054],[-113.86252,44.32081],[-113.86139,44.32081],[-113.86139,44.32108],[-113.86102,44.32108],[-113.86102,44.32162],[-113.86064,44.32162],[-113.86064,44.32189],[-113.85989,44.32216],[-113.85989,44.32243],[-113.85951,44.32243],[-113.85951,44.32297],[-113.85913,44.32297],[-113.85913,44.32351],[-113.85763,44.32378],[-113.85763,44.32405],[-113.85687,44.32405],[-113.85687,44.32432],[-113.85612,44.32432],[-113.85612,44.32566],[-113.85574,44.32566],[-113.85574,44.32674],[-113.8565,44.32674],[-113.8565,44.32647],[-113.85951,44.32647],[-113.85951,44.32674],[-113.86026,44.32701],[-113.86026,44.32755],[-113.86064,44.32755],[-113.86064,44.32836],[-113.86026,44.32836],[-113.86026,44.3289],[-113.85989,44.3289],[-113.85989,44.32971],[-113.86064,44.32971],[-113.86064,44.32998],[-113.86102,44.32998],[-113.86102,44.33078],[-113.86139,44.33078],[-113.86139,44.33105],[-113.86102,44.33105],[-113.86102,44.33159],[-113.86139,44.33159],[-113.86139,44.33186],[-113.86215,44.33186],[-113.86215,44.33159],[-113.8629,44.33132],[-113.8629,44.32971],[-113.86441,44.32944],[-113.86441,44.32917],[-113.86516,44.32917],[-113.86516,44.32944],[-113.86554,44.32944],[-113.86554,44.33105],[-113.86516,44.33105],[-113.86516,44.33186],[-113.86554,44.33186],[-113.86554,44.3324],[-113.86591,44.3324],[-113.86591,44.33321],[-113.86554,44.33321],[-113.86554,44.33348],[-113.86591,44.33348],[-113.86591,44.33375],[-113.86667,44.33402],[-113.86667,44.33429],[-113.86554,44.33429],[-113.86554,44.33402],[-113.86403,44.33402],[-113.86403,44.33429],[-113.8629,44.33429],[-113.8629,44.33456],[-113.86102,44.33456],[-113.86102,44.33483],[-113.86026,44.33483],[-113.86026,44.33537],[-113.86064,44.33537],[-113.86064,44.33564],[-113.86215,44.33564],[-113.86215,44.33537],[-113.86403,44.33537],[-113.86403,44.33564],[-113.86478,44.33564],[-113.86478,44.3359],[-113.86516,44.3359],[-113.86516,44.33698],[-113.86554,44.33698],[-113.86554,44.33725],[-113.86478,44.33752],[-113.86478,44.33806],[-113.86441,44.33806],[-113.86441,44.33833],[-113.8629,44.33833],[-113.8629,44.33806],[-113.86177,44.33806],[-113.86177,44.33833],[-113.86139,44.33833],[-113.86139,44.3386],[-113.86102,44.3386],[-113.86102,44.33968],[-113.86139,44.33968],[-113.86139,44.33995],[-113.86177,44.33995],[-113.86177,44.34022],[-113.86365,44.34022],[-113.86365,44.34049],[-113.86478,44.34049],[-113.86478,44.34076],[-113.86704,44.34076],[-113.86704,44.34129],[-113.86629,44.34156],[-113.86629,44.34237],[-113.86516,44.34237],[-113.86516,44.34264],[-113.8629,44.34264],[-113.8629,44.34237],[-113.86252,44.34237],[-113.86252,44.34264],[-113.86177,44.34264],[-113.86177,44.34291],[-113.86139,44.34291],[-113.86139,44.34345],[-113.86102,44.34345],[-113.86102,44.34372],[-113.86026,44.34399],[-113.86026,44.34426],[-113.858,44.34426],[-113.858,44.34453],[-113.85763,44.34453],[-113.85763,44.34507],[-113.85725,44.34507],[-113.85725,44.34534],[-113.85763,44.34534],[-113.85763,44.34588],[-113.858,44.34588],[-113.858,44.34642],[-113.85913,44.34642],[-113.85913,44.34668],[-113.86102,44.34668],[-113.86102,44.34749],[-113.86064,44.34749],[-113.86064,44.34857],[-113.86102,44.34857],[-113.86102,44.34938],[-113.86064,44.34938],[-113.86064,44.34992],[-113.86026,44.34992],[-113.86026,44.35019],[-113.85951,44.35046],[-113.85951,44.35073],[-113.85838,44.35073],[-113.85838,44.351],[-113.85763,44.35127],[-113.85763,44.35288],[-113.85725,44.35288],[-113.85725,44.35315],[-113.85499,44.35315],[-113.85499,44.35288],[-113.85461,44.35288],[-113.85461,44.35261],[-113.85198,44.35261],[-113.85198,44.35288],[-113.85122,44.35288],[-113.85122,44.35315],[-113.85085,44.35315],[-113.85085,44.35369],[-113.85047,44.35369],[-113.85047,44.35396],[-113.85009,44.35396],[-113.85009,44.35423],[-113.84934,44.35423],[-113.84934,44.3545],[-113.84858,44.35477],[-113.84858,44.35531],[-113.84821,44.35531],[-113.84821,44.35585],[-113.84783,44.35585],[-113.84783,44.35639],[-113.84745,44.35639],[-113.84745,44.35693],[-113.84708,44.35693],[-113.84708,44.35719],[-113.8467,44.35719],[-113.8467,44.35746],[-113.84632,44.35746],[-113.84632,44.35773],[-113.8467,44.35773],[-113.8467,44.35827],[-113.84708,44.35827],[-113.84708,44.35881],[-113.84783,44.35908],[-113.84783,44.35962],[-113.84858,44.35989],[-113.84858,44.3607],[-113.84896,44.3607],[-113.84896,44.36097],[-113.85047,44.36097],[-113.85047,44.36124],[-113.85009,44.36124],[-113.85009,44.36178],[-113.84971,44.36178],[-113.84971,44.36205],[-113.85009,44.36205],[-113.85009,44.36232],[-113.84745,44.36232],[-113.84745,44.36258],[-113.84595,44.36258],[-113.84595,44.36285],[-113.84557,44.36285],[-113.84557,44.36312],[-113.8467,44.36312],[-113.8467,44.36339],[-113.84708,44.36339],[-113.84708,44.36366],[-113.84745,44.36366],[-113.84745,44.36393],[-113.84783,44.36393],[-113.84783,44.3642],[-113.84934,44.36447],[-113.84934,44.36474],[-113.85009,44.36474],[-113.85009,44.36528],[-113.85085,44.36528],[-113.85085,44.36582],[-113.8516,44.36582],[-113.8516,44.36609],[-113.85235,44.36582],[-113.85235,44.36555],[-113.85273,44.36555],[-113.85273,44.36528],[-113.85424,44.36501],[-113.85424,44.36474],[-113.85461,44.36474],[-113.85461,44.36447],[-113.85499,44.36447],[-113.85499,44.3642],[-113.85537,44.3642],[-113.85537,44.36393],[-113.85612,44.36366],[-113.85612,44.36339],[-113.85687,44.36339],[-113.85687,44.36663],[-113.8565,44.36663],[-113.8565,44.3669],[-113.85612,44.3669],[-113.85612,44.36717],[-113.85574,44.36717],[-113.85574,44.36744],[-113.85537,44.36744],[-113.85537,44.36771],[-113.85461,44.36771],[-113.85461,44.36797],[-113.85311,44.36797],[-113.85311,44.36771],[-113.85273,44.36771],[-113.85273,44.36717],[-113.85198,44.36717],[-113.85198,44.36744],[-113.85235,44.36744],[-113.85235,44.36851],[-113.85198,44.36851],[-113.85198,44.36824],[-113.85009,44.36824],[-113.85009,44.3669],[-113.84971,44.3669],[-113.84971,44.36663],[-113.84896,44.36663],[-113.84896,44.3669],[-113.84821,44.3669],[-113.84821,44.36717],[-113.84783,44.36717],[-113.84783,44.36771],[-113.8467,44.36771],[-113.8467,44.36797],[-113.84595,44.36797],[-113.84595,44.36905],[-113.84632,44.36905],[-113.84632,44.36932],[-113.84708,44.36932],[-113.84708,44.36959],[-113.84745,44.36959],[-113.84745,44.36986],[-113.84971,44.36986],[-113.84971,44.36959],[-113.85047,44.36959],[-113.85047,44.37094],[-113.85009,44.37094],[-113.85009,44.37202],[-113.84934,44.37202],[-113.84934,44.37283],[-113.85009,44.37283],[-113.85009,44.37498],[-113.84896,44.37498],[-113.84896,44.37471],[-113.84632,44.37471],[-113.84632,44.37525],[-113.84557,44.37525],[-113.84557,44.37552],[-113.84519,44.37552],[-113.84519,44.37525],[-113.84444,44.37525],[-113.84444,44.37471],[-113.84406,44.37471],[-113.84406,44.37498],[-113.84331,44.37498],[-113.84331,44.37525],[-113.84256,44.37525],[-113.84256,44.37579],[-113.84218,44.37579],[-113.84218,44.37525],[-113.84143,44.37552],[-113.84143,44.37525],[-113.84067,44.37525],[-113.84067,44.37498],[-113.83917,44.37471],[-113.83917,44.37417],[-113.83879,44.37417],[-113.83879,44.37444],[-113.83841,44.37444],[-113.83841,44.37417],[-113.83804,44.37417],[-113.83804,44.37444],[-113.83728,44.37417],[-113.83728,44.37444],[-113.83691,44.37444],[-113.83691,44.37417],[-113.83653,44.37417],[-113.83653,44.3739],[-113.83691,44.3739],[-113.83691,44.37336],[-113.83766,44.37336],[-113.83766,44.37175],[-113.83804,44.37175],[-113.83804,44.37121],[-113.83841,44.37121],[-113.83841,44.37067],[-113.83879,44.37067],[-113.83879,44.37013],[-113.83917,44.37013],[-113.83917,44.36959],[-113.83954,44.36959],[-113.83954,44.36905],[-113.83992,44.36905],[-113.83992,44.36824],[-113.83917,44.36824],[-113.83917,44.36797],[-113.83954,44.36797],[-113.83954,44.36771],[-113.83917,44.36771],[-113.83917,44.36744],[-113.83954,44.36744],[-113.83954,44.36717],[-113.83917,44.36717],[-113.83917,44.36663],[-113.83766,44.36663],[-113.83766,44.3669],[-113.83728,44.3669],[-113.83728,44.36717],[-113.83691,44.36717],[-113.83691,44.36744],[-113.83653,44.36744],[-113.83653,44.36771],[-113.83615,44.36771],[-113.83615,44.36797],[-113.83653,44.36797],[-113.83653,44.36824],[-113.83615,44.36824],[-113.83615,44.36851],[-113.83578,44.36851],[-113.83578,44.36878],[-113.83465,44.36878],[-113.83465,44.36824],[-113.83389,44.36797],[-113.83389,44.36744],[-113.83314,44.36744],[-113.83314,44.36717],[-113.83012,44.36717],[-113.83012,44.3669],[-113.82862,44.3669],[-113.82862,44.36663],[-113.82786,44.36663],[-113.82786,44.36636],[-113.82711,44.36609],[-113.82711,44.36555],[-113.82636,44.36555],[-113.82636,44.36501],[-113.8256,44.36528],[-113.8256,44.36501],[-113.82485,44.36501],[-113.82485,44.36474],[-113.82447,44.36474],[-113.82447,44.36447],[-113.82372,44.36447],[-113.82372,44.3642],[-113.8241,44.3642],[-113.8241,44.36393],[-113.82372,44.36393],[-113.82372,44.36366],[-113.8241,44.36366],[-113.8241,44.36339],[-113.82372,44.36339],[-113.82372,44.36312],[-113.8241,44.36312],[-113.8241,44.36258],[-113.82485,44.36258],[-113.82485,44.36205],[-113.82523,44.36205],[-113.82523,44.36151],[-113.8256,44.36151],[-113.8256,44.36097],[-113.82598,44.36097],[-113.82598,44.36043],[-113.82636,44.36043],[-113.82636,44.35989],[-113.82673,44.35989],[-113.82673,44.35962],[-113.82749,44.35935],[-113.82749,44.35908],[-113.82824,44.35881],[-113.82824,44.35854],[-113.82862,44.35854],[-113.82862,44.35827],[-113.82899,44.35827],[-113.82899,44.35693],[-113.82862,44.35693],[-113.82862,44.35639],[-113.82824,44.35639],[-113.82824,44.35612],[-113.82749,44.35585],[-113.82749,44.35531],[-113.82711,44.35531],[-113.82711,44.35477],[-113.82673,44.35477],[-113.82673,44.3545],[-113.82636,44.3545],[-113.82636,44.35423],[-113.82146,44.35423],[-113.82146,44.3545],[-113.81995,44.3545],[-113.81995,44.35477],[-113.81807,44.35477],[-113.81807,44.35504],[-113.81656,44.35504],[-113.81656,44.35531],[-113.81393,44.35531],[-113.81393,44.35504],[-113.81317,44.35504],[-113.81317,44.35477],[-113.81204,44.35477],[-113.81204,44.3545],[-113.81166,44.3545],[-113.81166,44.35423],[-113.81129,44.35423],[-113.81129,44.35396],[-113.81091,44.35396],[-113.81091,44.35369],[-113.81053,44.35369],[-113.81053,44.35315],[-113.80978,44.35315],[-113.80978,44.35288],[-113.8094,44.35288],[-113.8094,44.35261],[-113.80714,44.35261],[-113.80714,44.35234],[-113.80677,44.35234],[-113.80677,44.35207],[-113.80413,44.35207],[-113.80413,44.3518],[-113.80375,44.3518],[-113.80375,44.35154],[-113.80338,44.35154],[-113.80338,44.35127],[-113.803,44.35127],[-113.803,44.351],[-113.80149,44.35073],[-113.80149,44.35046],[-113.80074,44.35019],[-113.80074,44.34992],[-113.79999,44.34965],[-113.79999,44.34884],[-113.79961,44.34884],[-113.79961,44.3483],[-113.79923,44.3483],[-113.79923,44.34803],[-113.79886,44.34803],[-113.79886,44.34776],[-113.79848,44.34776],[-113.79848,44.34722],[-113.7981,44.34722],[-113.7981,44.34695],[-113.79848,44.34695],[-113.79848,44.34668],[-113.79773,44.34668],[-113.79773,44.34561],[-113.79735,44.34561],[-113.79735,44.34507],[-113.79697,44.34507],[-113.79697,44.34453],[-113.7966,44.34453],[-113.7966,44.34399],[-113.79622,44.34399],[-113.79622,44.34345],[-113.79547,44.34318],[-113.79547,44.34291],[-113.79471,44.34291],[-113.79471,44.34237],[-113.79396,44.34237],[-113.79396,44.3421],[-113.7932,44.34183],[-113.7932,44.34156],[-113.79283,44.34156],[-113.79283,44.34129],[-113.79245,44.34129],[-113.79245,44.34103],[-113.7917,44.34103],[-113.7917,44.34076],[-113.79094,44.34076],[-113.79094,44.34049],[-113.79057,44.34049],[-113.79057,44.33968],[-113.79094,44.33968],[-113.79094,44.33941],[-113.7917,44.33941],[-113.7917,44.33914],[-113.79207,44.33914],[-113.79207,44.33941],[-113.79283,44.33941],[-113.79283,44.33995],[-113.79358,44.33995],[-113.79358,44.33968],[-113.7932,44.33968],[-113.7932,44.33914],[-113.79245,44.33914],[-113.79245,44.33887],[-113.79207,44.33887],[-113.79207,44.3386],[-113.79094,44.3386],[-113.79094,44.33833],[-113.79019,44.33806],[-113.79019,44.33564],[-113.78981,44.33564],[-113.78981,44.3351],[-113.78944,44.3351],[-113.78944,44.33483],[-113.78906,44.33483],[-113.78906,44.33456],[-113.78831,44.33429],[-113.78831,44.33402],[-113.78793,44.33402],[-113.78793,44.33375],[-113.78755,44.33375],[-113.78755,44.33348],[-113.78718,44.33348],[-113.78718,44.33321],[-113.7868,44.33321],[-113.7868,44.33213],[-113.78831,44.33213],[-113.78831,44.33186],[-113.78906,44.33186],[-113.78906,44.33105],[-113.78868,44.33105],[-113.78868,44.33051],[-113.78793,44.33025],[-113.78793,44.32944],[-113.78831,44.32944],[-113.78831,44.32863],[-113.78868,44.32863],[-113.78868,44.32782],[-113.78906,44.32782],[-113.78906,44.32701],[-113.78944,44.32701],[-113.78944,44.32647],[-113.78981,44.32647],[-113.78981,44.32593],[-113.79019,44.32593],[-113.79019,44.32539],[-113.79057,44.32539],[-113.79057,44.32486],[-113.79094,44.32486],[-113.79094,44.32459],[-113.79132,44.32459],[-113.79132,44.32432],[-113.79509,44.32432],[-113.79509,44.3227],[-113.79547,44.3227],[-113.79547,44.32162],[-113.79584,44.32162],[-113.79584,44.32081],[-113.79622,44.32081],[-113.79622,44.32],[-113.7966,44.32],[-113.7966,44.31947],[-113.79697,44.31947],[-113.79697,44.31893],[-113.79735,44.31893],[-113.79735,44.31839],[-113.79773,44.31839],[-113.79773,44.31785],[-113.7981,44.31785],[-113.7981,44.31731],[-113.79848,44.31731],[-113.79848,44.31677],[-113.79886,44.31677],[-113.79886,44.31623],[-113.79923,44.31623],[-113.79923,44.31596],[-113.79961,44.31596],[-113.79961,44.31569],[-113.79999,44.31569],[-113.79999,44.31542],[-113.80074,44.31542],[-113.80074,44.31515],[-113.80149,44.31488],[-113.80149,44.31435],[-113.80187,44.31435],[-113.80187,44.31408],[-113.80225,44.31408],[-113.80225,44.31381],[-113.80262,44.31381],[-113.80262,44.31354],[-113.803,44.31354],[-113.803,44.313],[-113.80375,44.313],[-113.80375,44.31273],[-113.80451,44.31246],[-113.80451,44.31219],[-113.80601,44.31192],[-113.80601,44.31165],[-113.80714,44.31165],[-113.80714,44.31138],[-113.81393,44.31138],[-113.81393,44.31111],[-113.8143,44.31111],[-113.8143,44.31084],[-113.81543,44.31084],[-113.81543,44.31003],[-113.81468,44.31003],[-113.81468,44.30976],[-113.8143,44.30976],[-113.8143,44.30949],[-113.81053,44.30949],[-113.81053,44.30922],[-113.80978,44.30896],[-113.80978,44.30842],[-113.81053,44.30815],[-113.81053,44.30761],[-113.81091,44.30761],[-113.81091,44.3068],[-113.81053,44.3068],[-113.81053,44.30653],[-113.81016,44.30653],[-113.81016,44.30626],[-113.8094,44.30626],[-113.8094,44.30599],[-113.80903,44.30599],[-113.80903,44.30572],[-113.80827,44.30572],[-113.80827,44.30545],[-113.8079,44.30545],[-113.8079,44.30518],[-113.80714,44.30491],[-113.80714,44.30384],[-113.8079,44.30357],[-113.8079,44.3033],[-113.80978,44.3033],[-113.80978,44.30357],[-113.81091,44.30357],[-113.81091,44.30384],[-113.81129,44.30384],[-113.81129,44.30437],[-113.81166,44.30437],[-113.81166,44.30518],[-113.81091,44.30518],[-113.81091,44.30545],[-113.81166,44.30545],[-113.81166,44.30572],[-113.81204,44.30572]],[[-113.81091,44.30491],[-113.81053,44.30491],[-113.81053,44.30518],[-113.81091,44.30518],[-113.81091,44.30491]],[[-113.81053,44.30464],[-113.80978,44.30464],[-113.80978,44.30491],[-113.81053,44.30491],[-113.81053,44.30464]],[[-113.84218,44.36851],[-113.84218,44.36824],[-113.8403,44.36824],[-113.8403,44.36851],[-113.84067,44.36851],[-113.84067,44.36878],[-113.8403,44.36878],[-113.8403,44.36905],[-113.84218,44.36905],[-113.84218,44.36878],[-113.8418,44.36878],[-113.8418,44.36851],[-113.84218,44.36851]],[[-113.84218,44.36528],[-113.84218,44.36501],[-113.8418,44.36501],[-113.8418,44.36474],[-113.84218,44.36474],[-113.84218,44.36366],[-113.84256,44.36366],[-113.84256,44.36339],[-113.84218,44.36339],[-113.84218,44.36285],[-113.84105,44.36285],[-113.84105,44.36393],[-113.84067,44.36393],[-113.84067,44.3642],[-113.84105,44.3642],[-113.84105,44.36501],[-113.8403,44.36501],[-113.8403,44.36528],[-113.84067,44.36528],[-113.84067,44.36582],[-113.84105,44.36582],[-113.84105,44.36555],[-113.84143,44.36555],[-113.84143,44.36528],[-113.84218,44.36528]],[[-113.8403,44.34183],[-113.8403,44.34076],[-113.8418,44.34022],[-113.8418,44.33995],[-113.84105,44.33968],[-113.84105,44.33941],[-113.8403,44.33941],[-113.8403,44.33968],[-113.83879,44.33995],[-113.83879,44.34237],[-113.8403,44.34183]],[[-113.83653,44.34049],[-113.83653,44.34022],[-113.83691,44.34022],[-113.83691,44.33995],[-113.8354,44.33995],[-113.8354,44.34022],[-113.83465,44.34049],[-113.83465,44.34076],[-113.83502,44.34076],[-113.83502,44.34103],[-113.8354,44.34103],[-113.8354,44.34129],[-113.83578,44.34129],[-113.83578,44.34103],[-113.83615,44.34103],[-113.83615,44.34049],[-113.83653,44.34049]],[[-113.83201,44.33752],[-113.83201,44.33725],[-113.83163,44.33725],[-113.83163,44.33752],[-113.83201,44.33752]],[[-113.83239,44.33429],[-113.83239,44.33402],[-113.83201,44.33402],[-113.83201,44.33429],[-113.83239,44.33429]],[[-113.8305,44.33213],[-113.8305,44.33159],[-113.83012,44.33159],[-113.83012,44.33132],[-113.82862,44.33132],[-113.82862,44.33159],[-113.82786,44.33159],[-113.82786,44.33186],[-113.82749,44.33186],[-113.82749,44.3324],[-113.82786,44.3324],[-113.82786,44.33294],[-113.82824,44.33294],[-113.82824,44.33321],[-113.82899,44.33321],[-113.82899,44.33348],[-113.83012,44.33348],[-113.83012,44.33375],[-113.83125,44.33375],[-113.83125,44.33294],[-113.83088,44.33294],[-113.83088,44.33213],[-113.8305,44.33213]],[[-113.83201,44.33321],[-113.83201,44.33294],[-113.83163,44.33294],[-113.83163,44.33321],[-113.83201,44.33321]],[[-113.82334,44.32674],[-113.82334,44.32647],[-113.82297,44.32647],[-113.82297,44.32674],[-113.82334,44.32674]],[[-113.81732,44.30815],[-113.81732,44.30788],[-113.81694,44.30788],[-113.81694,44.30815],[-113.81732,44.30815]]],[[[-113.86365,44.34776],[-113.86365,44.34803],[-113.86403,44.34803],[-113.86403,44.34857],[-113.8629,44.34857],[-113.8629,44.34749],[-113.86365,44.34776]]],[[[-113.85085,44.35962],[-113.85085,44.35935],[-113.8516,44.35935],[-113.8516,44.35908],[-113.85198,44.35908],[-113.85198,44.35881],[-113.85273,44.35908],[-113.85273,44.35989],[-113.85198,44.36016],[-113.85198,44.36043],[-113.85122,44.36043],[-113.85122,44.3607],[-113.85009,44.3607],[-113.85009,44.35989],[-113.85085,44.35962]]],[[[-113.85348,44.36097],[-113.85348,44.36124],[-113.85386,44.36124],[-113.85386,44.36151],[-113.85311,44.36151],[-113.85311,44.36124],[-113.85273,44.36124],[-113.85273,44.36097],[-113.85348,44.36097]]],[[[-113.85348,44.37121],[-113.85348,44.3704],[-113.85311,44.3704],[-113.85311,44.37013],[-113.85386,44.37013],[-113.85386,44.3704],[-113.85537,44.37013],[-113.85537,44.3704],[-113.85612,44.37067],[-113.85612,44.37094],[-113.85574,44.37094],[-113.85574,44.37148],[-113.85537,44.37148],[-113.85537,44.37175],[-113.85461,44.37175],[-113.85461,44.37148],[-113.85386,44.37148],[-113.85386,44.37121],[-113.85348,44.37121]]],[[[-113.84821,44.37579],[-113.84821,44.37552],[-113.84858,44.37552],[-113.84858,44.37579],[-113.84821,44.37579]]],[[[-113.8354,44.37795],[-113.8354,44.37741],[-113.83502,44.37741],[-113.83502,44.37687],[-113.83427,44.3766],[-113.83427,44.37633],[-113.83389,44.37633],[-113.83389,44.37579],[-113.83352,44.37579],[-113.83352,44.37552],[-113.83276,44.37525],[-113.83276,44.37498],[-113.83239,44.37498],[-113.83239,44.3739],[-113.83352,44.3739],[-113.83352,44.37417],[-113.83427,44.37417],[-113.83427,44.37444],[-113.83465,44.37444],[-113.83465,44.37498],[-113.8354,44.37525],[-113.8354,44.37579],[-113.83615,44.37606],[-113.83615,44.3766],[-113.83653,44.3766],[-113.83653,44.37768],[-113.83691,44.37768],[-113.83691,44.37848],[-113.83615,44.37848],[-113.83615,44.37822],[-113.8354,44.37795]]]]},"properties":{"layer":"predicted_reach_h16","fire_name":"Doublesprings","irwin_id":"{960C064B-1764-4834-BD28-90FB69A4AB4A}","model":"arrival_run","checkpoint_epoch":216,"decode":"connected_causal","operating_point":{"floor":0.0,"mult":0.9},"val_precision":null,"val_recall":null,"model_caveat":"arrival_run chosen for best RECALL among the six FlameFlux v3 candidates on the production-valid t0-window corpus (R=0.624 on the fc2 held-out fires, R=0.432 on Dillon -- see candidate_comparison.md from the 2026-07-24 comparison). It does NOT meet the project's P>=0.50/R>=0.80 target: precision is the WORST of the six (P=0.120 on fc2 -- most flagged growth is wrong), and wind_run actually edges it on F1. IMPORTANT CAVEAT: arrival_run trained on the leaky 'observed' corpus (crop centered/sized on t0|t1, i.e. it saw the future perimeter's geometry during training) and has NEVER seen a t0-window crop -- the ONLY geometry this live pipeline can ever produce at forecast time (the future perimeter is, by definition, unknown). So every live prediction from this model is out-of-distribution relative to its own training. The measured t0-window numbers above already reflect that (they are not a surprise), but this is 'best available', not 'production-ready' -- represent it that way. The operating_point (floor=0.0, mult=0.9) is the VAL-selected connected-causal decode point; it did NOT clear the 0.50 precision floor during selection (feasible=False, val P=0.270/R=0.259) -- it's the best-F1 fallback point, not a precision-guaranteed one.","issued_at_utc":"2026-08-05 02:36:31.645281+00:00","valid_from_utc":"2026-08-05 00:00:00","valid_to_utc":"2026-08-06 00:00:00","wfigs_date_current_utc":"2026-08-05 02:05:06+00:00","pixel_size_m":30,"veg_source":"refreshed_d4","physics_source":"eikonal_fbfm40","history_n_dates":1,"degraded_history":true,"containment_pct":0.0,"acres_wfigs":1021.012899130312,"hour":16,"valid_at_utc":"2026-08-05 16:00:00"}},{"type":"Feature","geometry":{"type":"MultiPolygon","coordinates":[[[[-113.90057,44.33617],[-113.90057,44.33671],[-113.90095,44.33671],[-113.90095,44.33698],[-113.90057,44.33698],[-113.90057,44.33752],[-113.89907,44.33752],[-113.89907,44.33725],[-113.89869,44.33725],[-113.89869,44.33617],[-113.90057,44.33617]]],[[[-113.89455,44.34076],[-113.89455,44.34049],[-113.89492,44.34049],[-113.89492,44.34022],[-113.8953,44.34022],[-113.8953,44.33995],[-113.89568,44.33995],[-113.89568,44.33968],[-113.89605,44.33968],[-113.89605,44.33995],[-113.89681,44.33995],[-113.89681,44.34156],[-113.89568,44.34156],[-113.89568,44.34129],[-113.89492,44.34129],[-113.89492,44.34076],[-113.89455,44.34076]]],[[[-113.90472,44.34426],[-113.90472,44.34291],[-113.90509,44.34291],[-113.90509,44.34237],[-113.90547,44.34237],[-113.90547,44.34183],[-113.90623,44.34183],[-113.90623,44.34156],[-113.9066,44.34156],[-113.9066,44.34183],[-113.90736,44.34183],[-113.90736,44.3421],[-113.90773,44.3421],[-113.90773,44.34237],[-113.90811,44.34237],[-113.90811,44.34264],[-113.90886,44.34264],[-113.90886,44.34291],[-113.90962,44.34318],[-113.90962,44.34345],[-113.91037,44.34372],[-113.91037,44.3448],[-113.90886,44.3448],[-113.90886,44.34453],[-113.90773,44.34453],[-113.90773,44.34426],[-113.90736,44.34426],[-113.90736,44.34399],[-113.90585,44.34399],[-113.90585,44.3448],[-113.90547,44.3448],[-113.90547,44.34453],[-113.90472,44.34426]]],[[[-113.90585,44.34507],[-113.90585,44.3448],[-113.9066,44.3448],[-113.9066,44.34561],[-113.90623,44.34561],[-113.90623,44.34507],[-113.90585,44.34507]]],[[[-113.8904,44.3483],[-113.8904,44.34776],[-113.89078,44.34776],[-113.89078,44.3483],[-113.8904,44.3483]]],[[[-113.89116,44.3483],[-113.89116,44.34803],[-113.89153,44.34803],[-113.89153,44.3483],[-113.89116,44.3483]]],[[[-113.89153,44.35019],[-113.89153,44.35127],[-113.89116,44.35127],[-113.89116,44.35154],[-113.8904,44.35154],[-113.8904,44.35046],[-113.89078,44.35046],[-113.89078,44.35019],[-113.89153,44.35019]]],[[[-113.89794,44.36636],[-113.89794,44.36609],[-113.89756,44.36609],[-113.89756,44.36636],[-113.89643,44.36636],[-113.89643,44.36609],[-113.89568,44.36609],[-113.89568,44.36555],[-113.89417,44.36555],[-113.89417,44.36501],[-113.89342,44.36501],[-113.89342,44.36474],[-113.89304,44.36474],[-113.89304,44.36501],[-113.89153,44.36501],[-113.89153,44.36528],[-113.88965,44.36528],[-113.88965,44.36501],[-113.8889,44.36501],[-113.8889,44.3642],[-113.88965,44.3642],[-113.88965,44.36366],[-113.89003,44.36366],[-113.89003,44.36339],[-113.8904,44.36339],[-113.8904,44.36312],[-113.89078,44.36312],[-113.89078,44.36285],[-113.89116,44.36285],[-113.89116,44.36258],[-113.89153,44.36258],[-113.89153,44.36285],[-113.89191,44.36285],[-113.89191,44.36312],[-113.89304,44.36312],[-113.89304,44.36366],[-113.89379,44.36366],[-113.89379,44.36393],[-113.89455,44.36393],[-113.89455,44.3642],[-113.89643,44.3642],[-113.89643,44.36285],[-113.89605,44.36285],[-113.89605,44.36232],[-113.89568,44.36232],[-113.89568,44.36178],[-113.8953,44.36178],[-113.8953,44.36151],[-113.89455,44.36151],[-113.89455,44.36178],[-113.89417,44.36178],[-113.89417,44.36232],[-113.89379,44.36232],[-113.89379,44.36285],[-113.89304,44.36285],[-113.89304,44.36232],[-113.89266,44.36232],[-113.89266,44.36178],[-113.89153,44.36178],[-113.89153,44.3607],[-113.89116,44.3607],[-113.89116,44.36016],[-113.8904,44.36016],[-113.8904,44.35989],[-113.89191,44.35989],[-113.89191,44.35962],[-113.89266,44.35962],[-113.89266,44.35935],[-113.89304,44.35935],[-113.89304,44.35989],[-113.89568,44.35989],[-113.89568,44.36016],[-113.89643,44.36043],[-113.89643,44.36016],[-113.89681,44.36016],[-113.89681,44.35908],[-113.89643,44.35908],[-113.89643,44.35881],[-113.89492,44.35854],[-113.89492,44.35827],[-113.89455,44.35827],[-113.89455,44.358],[-113.89304,44.358],[-113.89304,44.35827],[-113.89266,44.35827],[-113.89266,44.358],[-113.88852,44.358],[-113.88852,44.35827],[-113.88739,44.35827],[-113.88739,44.358],[-113.88701,44.358],[-113.88701,44.35773],[-113.88739,44.35773],[-113.88739,44.35666],[-113.88927,44.35666],[-113.88927,44.35612],[-113.88965,44.35612],[-113.88965,44.35558],[-113.8904,44.35558],[-113.8904,44.35531],[-113.89153,44.35531],[-113.89153,44.35504],[-113.89342,44.35504],[-113.89342,44.35477],[-113.89568,44.35477],[-113.89568,44.3545],[-113.89605,44.3545],[-113.89605,44.35423],[-113.89568,44.35423],[-113.89568,44.35369],[-113.8953,44.35369],[-113.8953,44.35342],[-113.89568,44.35342],[-113.89568,44.35288],[-113.89643,44.35261],[-113.89643,44.351],[-113.89568,44.351],[-113.89568,44.35046],[-113.89492,44.35046],[-113.89492,44.34884],[-113.89455,44.34884],[-113.89455,44.3483],[-113.89417,44.3483],[-113.89417,44.34776],[-113.89379,44.34776],[-113.89379,44.34749],[-113.89417,44.34749],[-113.89417,44.34507],[-113.89342,44.3448],[-113.89342,44.34318],[-113.89379,44.34318],[-113.89379,44.34291],[-113.89304,44.34291],[-113.89304,44.34345],[-113.89266,44.34345],[-113.89266,44.34372],[-113.89304,44.34372],[-113.89304,44.34453],[-113.89266,44.34453],[-113.89266,44.3448],[-113.89229,44.3448],[-113.89229,44.34507],[-113.89191,44.34507],[-113.89191,44.3448],[-113.89116,44.3448],[-113.89116,44.34453],[-113.89078,44.34453],[-113.89078,44.34399],[-113.8904,44.34399],[-113.8904,44.34372],[-113.89003,44.34372],[-113.89003,44.34345],[-113.88927,44.34345],[-113.88927,44.34318],[-113.8889,44.34318],[-113.8889,44.34291],[-113.88852,44.34291],[-113.88852,44.34264],[-113.88814,44.34264],[-113.88814,44.34237],[-113.88739,44.34237],[-113.88739,44.3421],[-113.8889,44.3421],[-113.8889,44.34183],[-113.88965,44.34183],[-113.88965,44.34156],[-113.8904,44.34129],[-113.8904,44.34103],[-113.89078,44.34103],[-113.89078,44.34129],[-113.89153,44.34129],[-113.89153,44.34156],[-113.89191,44.34156],[-113.89191,44.34183],[-113.89229,44.34183],[-113.89229,44.3421],[-113.89304,44.3421],[-113.89304,44.34264],[-113.8953,44.34264],[-113.8953,44.34318],[-113.89568,44.34318],[-113.89568,44.34372],[-113.89605,44.34372],[-113.89605,44.34426],[-113.89643,44.34426],[-113.89643,44.3448],[-113.89681,44.3448],[-113.89681,44.34534],[-113.89718,44.34534],[-113.89718,44.34615],[-113.89756,44.34615],[-113.89756,44.34695],[-113.89794,44.34695],[-113.89794,44.34749],[-113.89869,44.34749],[-113.89869,44.34722],[-113.89831,44.34722],[-113.89831,44.34695],[-113.89869,44.34695],[-113.89869,44.34668],[-113.89831,44.34668],[-113.89831,44.34642],[-113.89869,44.34642],[-113.89869,44.34615],[-113.89831,44.34615],[-113.89831,44.34588],[-113.89869,44.34588],[-113.89869,44.34507],[-113.89831,44.34507],[-113.89831,44.34534],[-113.89756,44.34507],[-113.89756,44.34372],[-113.89907,44.34372],[-113.89907,44.34399],[-113.89944,44.34399],[-113.89944,44.34372],[-113.9002,44.34372],[-113.9002,44.34426],[-113.90057,44.34426],[-113.90057,44.3448],[-113.9017,44.3448],[-113.9017,44.34453],[-113.90208,44.34453],[-113.90208,44.34534],[-113.90283,44.34561],[-113.90283,44.34615],[-113.90359,44.34642],[-113.90359,44.34695],[-113.90396,44.34695],[-113.90396,44.34722],[-113.90434,44.34722],[-113.90434,44.34749],[-113.90472,44.34749],[-113.90472,44.34776],[-113.90509,44.34776],[-113.90509,44.34803],[-113.90585,44.34803],[-113.90585,44.3483],[-113.90698,44.3483],[-113.90698,44.34803],[-113.90736,44.34803],[-113.90736,44.34749],[-113.90773,44.34749],[-113.90773,44.34722],[-113.90736,44.34722],[-113.90736,44.34695],[-113.90962,44.34695],[-113.90962,44.34776],[-113.90924,44.34776],[-113.90924,44.3483],[-113.90886,44.3483],[-113.90886,44.34884],[-113.90811,44.34911],[-113.90811,44.34965],[-113.90773,44.34965],[-113.90773,44.34992],[-113.90698,44.35019],[-113.90698,44.35046],[-113.9066,44.35046],[-113.9066,44.35073],[-113.90585,44.351],[-113.90585,44.35127],[-113.90547,44.35127],[-113.90547,44.35154],[-113.90509,44.35154],[-113.90509,44.35234],[-113.90585,44.35234],[-113.90585,44.35288],[-113.90623,44.35288],[-113.90623,44.35234],[-113.9066,44.35234],[-113.9066,44.35288],[-113.90698,44.35288],[-113.90698,44.35234],[-113.90736,44.35234],[-113.90736,44.35207],[-113.90773,44.35207],[-113.90773,44.3518],[-113.90886,44.3518],[-113.90886,44.35234],[-113.90924,44.35234],[-113.90924,44.35261],[-113.90886,44.35261],[-113.90886,44.35342],[-113.90811,44.35342],[-113.90811,44.35423],[-113.90773,44.35423],[-113.90773,44.35477],[-113.90736,44.35477],[-113.90736,44.35746],[-113.9066,44.35746],[-113.9066,44.35773],[-113.90736,44.35773],[-113.90736,44.358],[-113.9066,44.358],[-113.9066,44.35827],[-113.90811,44.35827],[-113.90811,44.35908],[-113.90736,44.35908],[-113.90736,44.35962],[-113.9066,44.35962],[-113.9066,44.35989],[-113.90623,44.35989],[-113.90623,44.35962],[-113.90585,44.35962],[-113.90585,44.35935],[-113.90547,44.35935],[-113.90547,44.35881],[-113.90472,44.35854],[-113.90472,44.358],[-113.90359,44.358],[-113.90359,44.35827],[-113.90396,44.35827],[-113.90396,44.35854],[-113.90359,44.35854],[-113.90359,44.35908],[-113.90396,44.35908],[-113.90396,44.35962],[-113.90434,44.35962],[-113.90434,44.36016],[-113.90509,44.36043],[-113.90509,44.36097],[-113.90547,44.36097],[-113.90547,44.36151],[-113.90585,44.36151],[-113.90585,44.36205],[-113.90623,44.36205],[-113.90623,44.36258],[-113.9066,44.36258],[-113.9066,44.36312],[-113.90698,44.36312],[-113.90698,44.36393],[-113.9066,44.36393],[-113.9066,44.36447],[-113.90585,44.36447],[-113.90585,44.36501],[-113.90434,44.36501],[-113.90434,44.36528],[-113.90396,44.36528],[-113.90396,44.36501],[-113.90321,44.36528],[-113.90321,44.36501],[-113.90283,44.36501],[-113.90283,44.36555],[-113.90208,44.36555],[-113.90208,44.36609],[-113.90133,44.36609],[-113.90133,44.36663],[-113.89869,44.36663],[-113.89869,44.36609],[-113.89794,44.36636]],[[-113.90246,44.36501],[-113.90208,44.36501],[-113.90208,44.36528],[-113.90246,44.36528],[-113.90246,44.36501]],[[-113.9017,44.36447],[-113.90133,44.36447],[-113.90133,44.36474],[-113.9017,44.36474],[-113.9017,44.36447]],[[-113.9017,44.36285],[-113.90133,44.36285],[-113.90133,44.36258],[-113.90095,44.36258],[-113.90095,44.36232],[-113.90057,44.36232],[-113.90057,44.36205],[-113.9002,44.36205],[-113.9002,44.36178],[-113.89944,44.36178],[-113.89944,44.36151],[-113.89869,44.36151],[-113.89869,44.36124],[-113.89756,44.36124],[-113.89756,44.36178],[-113.89718,44.36178],[-113.89718,44.36232],[-113.89681,44.36232],[-113.89681,44.36339],[-113.89756,44.36366],[-113.89756,44.3642],[-113.89831,44.3642],[-113.89831,44.36474],[-113.89944,44.36474],[-113.89944,44.36447],[-113.9002,44.36447],[-113.9002,44.3642],[-113.9017,44.3642],[-113.9017,44.36285]],[[-113.90434,44.35288],[-113.90396,44.35288],[-113.90396,44.35234],[-113.90359,44.35234],[-113.90359,44.35207],[-113.90283,44.3518],[-113.90283,44.35154],[-113.90208,44.35154],[-113.90208,44.35127],[-113.9017,44.35127],[-113.9017,44.35154],[-113.90133,44.35154],[-113.90133,44.35288],[-113.90095,44.35288],[-113.90095,44.35342],[-113.90057,44.35342],[-113.90057,44.35423],[-113.90095,44.35423],[-113.90095,44.3545],[-113.9017,44.35477],[-113.9017,44.35504],[-113.90208,44.35504],[-113.90208,44.35558],[-113.90246,44.35558],[-113.90246,44.35612],[-113.90283,44.35612],[-113.90283,44.35666],[-113.90321,44.35666],[-113.90321,44.35719],[-113.90359,44.35719],[-113.90359,44.35773],[-113.90434,44.35773],[-113.90434,44.35719],[-113.90472,44.35719],[-113.90472,44.35315],[-113.90434,44.35315],[-113.90434,44.35288]],[[-113.89681,44.3545],[-113.89756,44.3545],[-113.89756,44.35477],[-113.89869,44.35477],[-113.89869,44.35396],[-113.89756,44.35396],[-113.89756,44.35423],[-113.89681,44.35423],[-113.89681,44.3545]]],[[[-113.90698,44.36016],[-113.90698,44.35989],[-113.90736,44.35989],[-113.90736,44.36016],[-113.90698,44.36016]]],[[[-113.90886,44.36043],[-113.90886,44.3607],[-113.90773,44.3607],[-113.90773,44.35989],[-113.90811,44.35989],[-113.90811,44.36043],[-113.90886,44.36043]]],[[[-113.89342,44.36339],[-113.89342,44.36312],[-113.89379,44.36312],[-113.89379,44.36339],[-113.89342,44.36339]]],[[[-113.89417,44.36609],[-113.89417,44.36582],[-113.89455,44.36582],[-113.89455,44.36636],[-113.89304,44.36663],[-113.89304,44.36636],[-113.89342,44.36636],[-113.89342,44.36609],[-113.89417,44.36609]]],[[[-113.90698,44.3669],[-113.90698,44.36717],[-113.90773,44.36744],[-113.90773,44.36771],[-113.90736,44.36771],[-113.90736,44.36797],[-113.9066,44.36797],[-113.9066,44.36771],[-113.90623,44.36771],[-113.90623,44.3669],[-113.90698,44.3669]]],[[[-113.90472,44.36771],[-113.90472,44.36744],[-113.90585,44.36744],[-113.90585,44.36771],[-113.90472,44.36771]]],[[[-113.90396,44.36824],[-113.90396,44.36851],[-113.90321,44.36851],[-113.90321,44.36797],[-113.90434,44.36797],[-113.90434,44.36824],[-113.90396,44.36824]]],[[[-113.90547,44.36932],[-113.90547,44.36959],[-113.90509,44.36959],[-113.90509,44.36905],[-113.90585,44.36905],[-113.90585,44.36932],[-113.90547,44.36932]]],[[[-113.85085,44.30384],[-113.85085,44.30357],[-113.85122,44.30357],[-113.85122,44.30384],[-113.85085,44.30384]]],[[[-113.86064,44.30869],[-113.86064,44.30842],[-113.86102,44.30842],[-113.86102,44.30869],[-113.86064,44.30869]]],[[[-113.85913,44.30896],[-113.85913,44.30869],[-113.86064,44.30869],[-113.86064,44.30896],[-113.86026,44.30896],[-113.86026,44.30949],[-113.85951,44.30949],[-113.85951,44.30976],[-113.85838,44.30976],[-113.85838,44.30922],[-113.85913,44.30896]]],[[[-113.87157,44.33105],[-113.87157,44.33132],[-113.87119,44.33132],[-113.87119,44.33159],[-113.87006,44.33159],[-113.87006,44.33078],[-113.87119,44.33078],[-113.87119,44.33105],[-113.87157,44.33105]]],[[[-113.86629,44.31057],[-113.86629,44.31084],[-113.86742,44.31084],[-113.86742,44.31111],[-113.8678,44.31111],[-113.8678,44.31084],[-113.86931,44.31084],[-113.86931,44.31111],[-113.87006,44.31111],[-113.87006,44.31138],[-113.87044,44.31138],[-113.87044,44.31273],[-113.86968,44.31273],[-113.86968,44.313],[-113.86893,44.313],[-113.86893,44.31327],[-113.86817,44.31354],[-113.86817,44.31488],[-113.86931,44.31488],[-113.86931,44.31461],[-113.87006,44.31461],[-113.87006,44.31488],[-113.87044,44.31488],[-113.87044,44.31542],[-113.87081,44.31542],[-113.87081,44.31596],[-113.87119,44.31596],[-113.87119,44.31623],[-113.87157,44.31623],[-113.87157,44.31677],[-113.87194,44.31677],[-113.87194,44.31785],[-113.86968,44.31785],[-113.86968,44.31758],[-113.86817,44.31758],[-113.86817,44.31785],[-113.86742,44.31785],[-113.86742,44.31812],[-113.86704,44.31812],[-113.86704,44.31866],[-113.86667,44.31866],[-113.86667,44.31893],[-113.86704,44.31893],[-113.86704,44.3192],[-113.86742,44.3192],[-113.86742,44.31947],[-113.86817,44.31974],[-113.86817,44.32027],[-113.86855,44.32027],[-113.86855,44.32108],[-113.86893,44.32108],[-113.86893,44.32135],[-113.86817,44.32162],[-113.86817,44.32189],[-113.86704,44.32189],[-113.86704,44.32135],[-113.86667,44.32135],[-113.86667,44.32081],[-113.86478,44.32081],[-113.86478,44.32054],[-113.86365,44.32054],[-113.86365,44.32081],[-113.86139,44.32081],[-113.86139,44.32135],[-113.86102,44.32135],[-113.86102,44.32162],[-113.86064,44.32162],[-113.86064,44.32189],[-113.86026,44.32189],[-113.86026,44.32216],[-113.85989,44.32216],[-113.85989,44.3227],[-113.85913,44.32297],[-113.85913,44.32351],[-113.85763,44.32378],[-113.85763,44.32405],[-113.85687,44.32405],[-113.85687,44.32432],[-113.85612,44.32459],[-113.85612,44.32566],[-113.85574,44.32566],[-113.85574,44.32647],[-113.858,44.32647],[-113.858,44.3262],[-113.85838,44.3262],[-113.85838,44.32647],[-113.85989,44.32647],[-113.85989,44.32674],[-113.86064,44.32701],[-113.86064,44.32755],[-113.86139,44.32782],[-113.86139,44.32836],[-113.86102,44.32836],[-113.86102,44.32863],[-113.86026,44.3289],[-113.86026,44.32944],[-113.86064,44.32944],[-113.86064,44.32971],[-113.86102,44.32971],[-113.86102,44.32998],[-113.86139,44.32998],[-113.86139,44.33159],[-113.86215,44.33159],[-113.86215,44.33132],[-113.86252,44.33132],[-113.86252,44.32971],[-113.8629,44.32971],[-113.8629,44.32944],[-113.86403,44.32944],[-113.86403,44.32917],[-113.86554,44.32917],[-113.86554,44.32944],[-113.86591,44.32944],[-113.86591,44.33078],[-113.86554,44.33078],[-113.86554,44.33213],[-113.86591,44.33213],[-113.86591,44.3324],[-113.86704,44.3324],[-113.86704,44.33213],[-113.86742,44.33213],[-113.86742,44.33186],[-113.86855,44.33186],[-113.86855,44.33294],[-113.8678,44.33294],[-113.8678,44.33321],[-113.86742,44.33321],[-113.86742,44.33294],[-113.86629,44.33294],[-113.86629,44.33348],[-113.86704,44.33348],[-113.86704,44.33429],[-113.86629,44.33429],[-113.86629,44.33456],[-113.86591,44.33456],[-113.86591,44.33429],[-113.86365,44.33429],[-113.86365,44.33456],[-113.86328,44.33456],[-113.86328,44.33483],[-113.8629,44.33483],[-113.8629,44.3351],[-113.86365,44.3351],[-113.86365,44.33537],[-113.86516,44.33564],[-113.86516,44.33617],[-113.86554,44.33617],[-113.86554,44.33752],[-113.86478,44.33779],[-113.86478,44.33833],[-113.86441,44.33833],[-113.86441,44.3386],[-113.86328,44.3386],[-113.86328,44.33833],[-113.86177,44.33833],[-113.86177,44.3386],[-113.86139,44.3386],[-113.86139,44.33887],[-113.86102,44.33887],[-113.86102,44.33941],[-113.86139,44.33941],[-113.86139,44.33968],[-113.86215,44.33995],[-113.86215,44.34022],[-113.86441,44.34022],[-113.86441,44.34049],[-113.86516,44.34049],[-113.86516,44.34076],[-113.86667,44.34076],[-113.86667,44.34049],[-113.86704,44.34049],[-113.86704,44.34076],[-113.86742,44.34076],[-113.86742,44.34129],[-113.86704,44.34129],[-113.86704,44.34156],[-113.86742,44.34156],[-113.86742,44.34237],[-113.86704,44.34237],[-113.86704,44.34264],[-113.86554,44.34264],[-113.86554,44.34291],[-113.86177,44.34291],[-113.86177,44.34318],[-113.86139,44.34318],[-113.86139,44.34345],[-113.86102,44.34345],[-113.86102,44.34399],[-113.86064,44.34399],[-113.86064,44.34426],[-113.85989,44.34453],[-113.85989,44.3448],[-113.85913,44.3448],[-113.85913,44.34507],[-113.85838,44.3448],[-113.85838,44.34588],[-113.85876,44.34588],[-113.85876,44.34615],[-113.86102,44.34642],[-113.86102,44.34668],[-113.86139,44.34668],[-113.86139,44.34695],[-113.8629,44.34695],[-113.8629,44.34722],[-113.86328,44.34722],[-113.86328,44.34749],[-113.86365,44.34749],[-113.86365,44.34776],[-113.86403,44.34776],[-113.86403,44.34803],[-113.86554,44.34803],[-113.86554,44.3483],[-113.86629,44.34857],[-113.86629,44.34911],[-113.86704,44.34911],[-113.86704,44.34938],[-113.86742,44.34938],[-113.86742,44.34965],[-113.86704,44.34965],[-113.86704,44.34992],[-113.86629,44.35019],[-113.86629,44.351],[-113.86591,44.351],[-113.86591,44.35127],[-113.86478,44.35127],[-113.86478,44.35154],[-113.86328,44.35154],[-113.86328,44.35127],[-113.86252,44.351],[-113.86252,44.35019],[-113.86403,44.35019],[-113.86403,44.34992],[-113.86441,44.34992],[-113.86441,44.34938],[-113.86403,44.34938],[-113.86403,44.34911],[-113.8629,44.34911],[-113.8629,44.34938],[-113.86252,44.34938],[-113.86252,44.34992],[-113.86064,44.34992],[-113.86064,44.35019],[-113.86026,44.35019],[-113.86026,44.35046],[-113.85989,44.35046],[-113.85989,44.35073],[-113.85951,44.35073],[-113.85951,44.351],[-113.85838,44.351],[-113.85838,44.35127],[-113.858,44.35127],[-113.858,44.35288],[-113.85876,44.35315],[-113.85876,44.35396],[-113.858,44.35369],[-113.858,44.35342],[-113.85763,44.35342],[-113.85763,44.35315],[-113.85574,44.35315],[-113.85574,44.35342],[-113.85537,44.35342],[-113.85537,44.35315],[-113.85461,44.35315],[-113.85461,44.35288],[-113.85424,44.35288],[-113.85424,44.35261],[-113.85311,44.35261],[-113.85311,44.35288],[-113.8516,44.35288],[-113.8516,44.35315],[-113.85122,44.35315],[-113.85122,44.35342],[-113.85085,44.35342],[-113.85085,44.35369],[-113.85047,44.35369],[-113.85047,44.35423],[-113.85009,44.35423],[-113.85009,44.3545],[-113.84971,44.3545],[-113.84971,44.35477],[-113.84896,44.35477],[-113.84896,44.35531],[-113.84858,44.35531],[-113.84858,44.35585],[-113.84821,44.35585],[-113.84821,44.35639],[-113.84783,44.35639],[-113.84783,44.35666],[-113.84745,44.35666],[-113.84745,44.35693],[-113.84708,44.35693],[-113.84708,44.35827],[-113.84745,44.35827],[-113.84745,44.35854],[-113.84783,44.35854],[-113.84783,44.35881],[-113.84821,44.35881],[-113.84821,44.35935],[-113.84858,44.35935],[-113.84858,44.35962],[-113.84896,44.35962],[-113.84896,44.35989],[-113.84971,44.35989],[-113.84971,44.35962],[-113.85009,44.35962],[-113.85009,44.35935],[-113.85122,44.35935],[-113.85122,44.35908],[-113.8516,44.35908],[-113.8516,44.35881],[-113.85311,44.35881],[-113.85311,44.35962],[-113.85273,44.35962],[-113.85273,44.36043],[-113.85348,44.3607],[-113.85348,44.36097],[-113.85424,44.36097],[-113.85424,44.36124],[-113.85461,44.36124],[-113.85461,44.36151],[-113.85424,44.36151],[-113.85424,44.36178],[-113.85273,44.36178],[-113.85273,44.36151],[-113.85235,44.36151],[-113.85235,44.36124],[-113.85198,44.36124],[-113.85198,44.3607],[-113.85122,44.3607],[-113.85122,44.36151],[-113.85085,44.36151],[-113.85085,44.36312],[-113.85047,44.36312],[-113.85047,44.36285],[-113.84971,44.36285],[-113.84971,44.36258],[-113.84708,44.36258],[-113.84708,44.36339],[-113.84745,44.36339],[-113.84745,44.36366],[-113.84821,44.36393],[-113.84821,44.3642],[-113.84971,44.36447],[-113.84971,44.36474],[-113.85047,44.36501],[-113.85047,44.36528],[-113.85122,44.36555],[-113.85122,44.36582],[-113.85235,44.36582],[-113.85235,44.36555],[-113.85311,44.36528],[-113.85311,44.36501],[-113.85386,44.36501],[-113.85386,44.36474],[-113.85461,44.36474],[-113.85461,44.36447],[-113.85499,44.36447],[-113.85499,44.36393],[-113.85537,44.36393],[-113.85537,44.36366],[-113.85574,44.36366],[-113.85574,44.36312],[-113.85612,44.36312],[-113.85612,44.36151],[-113.85687,44.36151],[-113.85687,44.36205],[-113.85725,44.36205],[-113.85725,44.36636],[-113.85687,44.36636],[-113.85687,44.3669],[-113.8565,44.3669],[-113.8565,44.36717],[-113.85574,44.36744],[-113.85574,44.36771],[-113.85499,44.36771],[-113.85499,44.36797],[-113.85348,44.36824],[-113.85348,44.36878],[-113.85311,44.36878],[-113.85311,44.36905],[-113.85348,44.36905],[-113.85348,44.36959],[-113.85386,44.36959],[-113.85386,44.37013],[-113.85574,44.37013],[-113.85574,44.3704],[-113.85612,44.3704],[-113.85612,44.37148],[-113.85574,44.37148],[-113.85574,44.37202],[-113.85461,44.37202],[-113.85461,44.37175],[-113.85424,44.37175],[-113.85424,44.37148],[-113.85348,44.37148],[-113.85348,44.37094],[-113.85311,44.37094],[-113.85311,44.3704],[-113.85273,44.3704],[-113.85273,44.36986],[-113.85235,44.36986],[-113.85235,44.36905],[-113.85198,44.36905],[-113.85198,44.36878],[-113.8516,44.36878],[-113.8516,44.36851],[-113.85085,44.36851],[-113.85085,44.36878],[-113.85009,44.36851],[-113.85009,44.36797],[-113.84971,44.36797],[-113.84971,44.3669],[-113.84858,44.3669],[-113.84858,44.36717],[-113.84821,44.36717],[-113.84821,44.36744],[-113.84783,44.36744],[-113.84783,44.36771],[-113.84745,44.36771],[-113.84745,44.36797],[-113.8467,44.36824],[-113.8467,44.36851],[-113.84708,44.36851],[-113.84708,44.36905],[-113.84745,44.36905],[-113.84745,44.36932],[-113.84783,44.36932],[-113.84783,44.36959],[-113.85047,44.36959],[-113.85047,44.36932],[-113.85085,44.36932],[-113.85085,44.37094],[-113.85047,44.37094],[-113.85047,44.37175],[-113.85085,44.37175],[-113.85085,44.37202],[-113.85047,44.37202],[-113.85047,44.37363],[-113.85009,44.37363],[-113.85009,44.37444],[-113.85047,44.37444],[-113.85047,44.37498],[-113.85085,44.37498],[-113.85085,44.37525],[-113.85009,44.37525],[-113.85009,44.37552],[-113.84971,44.37552],[-113.84971,44.37579],[-113.84934,44.37579],[-113.84934,44.37606],[-113.84896,44.37606],[-113.84896,44.37633],[-113.84482,44.37633],[-113.84482,44.3766],[-113.84557,44.3766],[-113.84557,44.37687],[-113.84482,44.37687],[-113.84482,44.37714],[-113.84444,44.37714],[-113.84444,44.37687],[-113.84369,44.37687],[-113.84369,44.37633],[-113.84067,44.37633],[-113.84067,44.37579],[-113.8403,44.37579],[-113.8403,44.37552],[-113.83992,44.37552],[-113.83992,44.37525],[-113.83954,44.37525],[-113.83954,44.37552],[-113.83917,44.37552],[-113.83917,44.37525],[-113.83879,44.37525],[-113.83879,44.37552],[-113.83841,44.37552],[-113.83841,44.37525],[-113.83766,44.37525],[-113.83766,44.37498],[-113.83728,44.37498],[-113.83728,44.37471],[-113.83653,44.37471],[-113.83653,44.37444],[-113.83578,44.37417],[-113.83578,44.37336],[-113.83615,44.37336],[-113.83615,44.37309],[-113.83653,44.37309],[-113.83653,44.37283],[-113.83691,44.37283],[-113.83691,44.37256],[-113.83653,44.37256],[-113.83653,44.37229],[-113.83691,44.37229],[-113.83691,44.37175],[-113.83728,44.37175],[-113.83728,44.37148],[-113.83766,44.37148],[-113.83766,44.37094],[-113.83841,44.37067],[-113.83841,44.37013],[-113.83879,44.37013],[-113.83879,44.36959],[-113.83917,44.36959],[-113.83917,44.36932],[-113.83879,44.36932],[-113.83879,44.36905],[-113.83917,44.36905],[-113.83917,44.36878],[-113.83804,44.36878],[-113.83804,44.36905],[-113.83766,44.36905],[-113.83766,44.36878],[-113.83578,44.36878],[-113.83578,44.36905],[-113.83502,44.36878],[-113.83502,44.36905],[-113.83465,44.36905],[-113.83465,44.36878],[-113.83389,44.36851],[-113.83389,44.36797],[-113.83352,44.36797],[-113.83352,44.36771],[-113.83276,44.36771],[-113.83276,44.36744],[-113.83163,44.36744],[-113.83163,44.36717],[-113.82899,44.36717],[-113.82899,44.3669],[-113.82786,44.3669],[-113.82786,44.36663],[-113.82711,44.36663],[-113.82711,44.36636],[-113.82636,44.36636],[-113.82636,44.36609],[-113.8256,44.36609],[-113.8256,44.36555],[-113.82447,44.36555],[-113.82447,44.36582],[-113.82372,44.36555],[-113.82372,44.36582],[-113.82334,44.36582],[-113.82334,44.36555],[-113.82259,44.36528],[-113.82259,44.36474],[-113.82297,44.36474],[-113.82297,44.3642],[-113.82334,44.3642],[-113.82334,44.36393],[-113.82297,44.36393],[-113.82297,44.36366],[-113.82334,44.36366],[-113.82334,44.36339],[-113.82297,44.36339],[-113.82297,44.36312],[-113.82334,44.36312],[-113.82334,44.36232],[-113.82372,44.36232],[-113.82372,44.36205],[-113.82447,44.36178],[-113.82447,44.36151],[-113.82523,44.36124],[-113.82523,44.36097],[-113.8256,44.36097],[-113.8256,44.36016],[-113.82598,44.36016],[-113.82598,44.35989],[-113.82673,44.35962],[-113.82673,44.35935],[-113.82711,44.35935],[-113.82711,44.35908],[-113.82749,44.35908],[-113.82749,44.35881],[-113.82786,44.35881],[-113.82786,44.35854],[-113.82824,44.35854],[-113.82824,44.35827],[-113.82862,44.35827],[-113.82862,44.35693],[-113.82824,44.35693],[-113.82824,44.35666],[-113.82786,44.35666],[-113.82786,44.35639],[-113.82711,44.35639],[-113.82711,44.35585],[-113.82673,44.35585],[-113.82673,44.35558],[-113.82711,44.35558],[-113.82711,44.35531],[-113.82673,44.35531],[-113.82673,44.35477],[-113.82598,44.35477],[-113.82598,44.3545],[-113.8241,44.3545],[-113.8241,44.35423],[-113.82221,44.35423],[-113.82221,44.3545],[-113.82108,44.3545],[-113.82108,44.35477],[-113.81845,44.35477],[-113.81845,44.35504],[-113.81732,44.35504],[-113.81732,44.35531],[-113.81355,44.35531],[-113.81355,44.35504],[-113.81279,44.35504],[-113.81279,44.35477],[-113.81166,44.35477],[-113.81166,44.3545],[-113.81129,44.3545],[-113.81129,44.35423],[-113.81053,44.35423],[-113.81053,44.35369],[-113.80978,44.35369],[-113.80978,44.35315],[-113.80827,44.35315],[-113.80827,44.35288],[-113.80752,44.35288],[-113.80752,44.35261],[-113.80714,44.35261],[-113.80714,44.35288],[-113.80677,44.35288],[-113.80677,44.35261],[-113.80375,44.35261],[-113.80375,44.35207],[-113.80338,44.35207],[-113.80338,44.3518],[-113.803,44.3518],[-113.803,44.35154],[-113.80225,44.35154],[-113.80225,44.35127],[-113.80074,44.351],[-113.80074,44.35046],[-113.80036,44.35046],[-113.80036,44.35019],[-113.79999,44.35019],[-113.79999,44.34992],[-113.79961,44.34992],[-113.79961,44.34938],[-113.79923,44.34938],[-113.79923,44.34884],[-113.79848,44.34857],[-113.79848,44.3483],[-113.7981,44.3483],[-113.7981,44.34803],[-113.79773,44.34803],[-113.79773,44.34722],[-113.79735,44.34722],[-113.79735,44.34695],[-113.79773,44.34695],[-113.79773,44.34668],[-113.79735,44.34668],[-113.79735,44.34615],[-113.79697,44.34615],[-113.79697,44.34507],[-113.79622,44.3448],[-113.79622,44.34399],[-113.79547,44.34372],[-113.79547,44.34345],[-113.79471,44.34318],[-113.79471,44.34291],[-113.79396,44.34264],[-113.79396,44.34237],[-113.7932,44.34237],[-113.7932,44.34183],[-113.79245,44.34183],[-113.79245,44.34129],[-113.7917,44.34129],[-113.7917,44.34103],[-113.79132,44.34103],[-113.79132,44.34076],[-113.79057,44.34076],[-113.79057,44.34022],[-113.79019,44.34022],[-113.79019,44.33968],[-113.79094,44.33941],[-113.79094,44.3386],[-113.78944,44.33833],[-113.78944,44.3359],[-113.78981,44.3359],[-113.78981,44.33537],[-113.78944,44.33537],[-113.78944,44.3351],[-113.78906,44.3351],[-113.78906,44.33483],[-113.78868,44.33483],[-113.78868,44.33429],[-113.78831,44.33429],[-113.78831,44.33402],[-113.78793,44.33402],[-113.78793,44.33375],[-113.78718,44.33375],[-113.78718,44.33348],[-113.7868,44.33348],[-113.7868,44.33213],[-113.78718,44.33213],[-113.78718,44.33186],[-113.78868,44.33186],[-113.78868,44.33078],[-113.78793,44.33051],[-113.78793,44.32917],[-113.78831,44.32917],[-113.78831,44.32836],[-113.78868,44.32836],[-113.78868,44.32782],[-113.78906,44.32782],[-113.78906,44.32701],[-113.78944,44.32701],[-113.78944,44.3262],[-113.78981,44.3262],[-113.78981,44.32566],[-113.79019,44.32566],[-113.79019,44.32513],[-113.79094,44.32486],[-113.79094,44.32432],[-113.7917,44.32432],[-113.7917,44.32405],[-113.79283,44.32405],[-113.79283,44.32432],[-113.79433,44.32432],[-113.79433,44.32405],[-113.79471,44.32405],[-113.79471,44.32243],[-113.79509,44.32243],[-113.79509,44.32162],[-113.79547,44.32162],[-113.79547,44.32108],[-113.79584,44.32108],[-113.79584,44.32054],[-113.79622,44.32054],[-113.79622,44.31947],[-113.7966,44.31947],[-113.7966,44.31893],[-113.79697,44.31893],[-113.79697,44.31839],[-113.79735,44.31839],[-113.79735,44.31785],[-113.7981,44.31758],[-113.7981,44.31704],[-113.79848,44.31704],[-113.79848,44.3165],[-113.79923,44.31623],[-113.79923,44.31569],[-113.79961,44.31569],[-113.79961,44.31542],[-113.79999,44.31542],[-113.79999,44.31515],[-113.80074,44.31515],[-113.80074,44.31488],[-113.80149,44.31461],[-113.80149,44.31408],[-113.80225,44.31408],[-113.80225,44.31354],[-113.80262,44.31354],[-113.80262,44.313],[-113.803,44.313],[-113.803,44.31273],[-113.80338,44.31273],[-113.80338,44.31246],[-113.80413,44.31246],[-113.80413,44.31219],[-113.80488,44.31219],[-113.80488,44.31192],[-113.80564,44.31192],[-113.80564,44.31165],[-113.80677,44.31165],[-113.80677,44.31138],[-113.80827,44.31111],[-113.80827,44.31084],[-113.80865,44.31084],[-113.80865,44.31111],[-113.81053,44.31111],[-113.81053,44.31084],[-113.81204,44.31084],[-113.81204,44.31111],[-113.81242,44.31111],[-113.81242,44.31138],[-113.81279,44.31138],[-113.81279,44.31111],[-113.81355,44.31111],[-113.81355,44.31084],[-113.8143,44.31084],[-113.8143,44.31057],[-113.81393,44.31057],[-113.81393,44.3103],[-113.8143,44.3103],[-113.8143,44.31003],[-113.81279,44.31003],[-113.81279,44.30976],[-113.81053,44.30976],[-113.81053,44.30949],[-113.80978,44.30949],[-113.80978,44.30896],[-113.80865,44.30896],[-113.80865,44.30869],[-113.80827,44.30869],[-113.80827,44.30815],[-113.80865,44.30815],[-113.80865,44.30788],[-113.80903,44.30788],[-113.80903,44.30761],[-113.81016,44.30761],[-113.81016,44.30707],[-113.80978,44.30707],[-113.80978,44.3068],[-113.8094,44.3068],[-113.8094,44.30653],[-113.80903,44.30653],[-113.80903,44.30626],[-113.80865,44.30626],[-113.80865,44.30599],[-113.80827,44.30599],[-113.80827,44.30572],[-113.8079,44.30572],[-113.8079,44.30545],[-113.80714,44.30518],[-113.80714,44.30464],[-113.80677,44.30464],[-113.80677,44.30384],[-113.80714,44.30384],[-113.80714,44.30357],[-113.80752,44.30357],[-113.80752,44.3033],[-113.8079,44.3033],[-113.8079,44.30303],[-113.81016,44.30303],[-113.81016,44.3033],[-113.81091,44.3033],[-113.81091,44.30357],[-113.81129,44.30357],[-113.81129,44.3041],[-113.81166,44.3041],[-113.81166,44.30437],[-113.81204,44.30437],[-113.81204,44.30491],[-113.81242,44.30491],[-113.81242,44.30599],[-113.81355,44.30599],[-113.81355,44.30626],[-113.81506,44.30626],[-113.81506,44.30653],[-113.81581,44.30653],[-113.81581,44.30626],[-113.81619,44.30626],[-113.81619,44.30653],[-113.81807,44.30653],[-113.81807,44.3068],[-113.81845,44.3068],[-113.81845,44.30707],[-113.81882,44.30707],[-113.81882,44.30734],[-113.8192,44.30734],[-113.8192,44.30761],[-113.82184,44.30761],[-113.82184,44.30734],[-113.82297,44.30734],[-113.82297,44.30761],[-113.82372,44.30788],[-113.82372,44.30815],[-113.82447,44.30815],[-113.82447,44.30788],[-113.82485,44.30788],[-113.82485,44.30761],[-113.82447,44.30761],[-113.82447,44.30734],[-113.82334,44.30734],[-113.82334,44.30707],[-113.82297,44.30707],[-113.82297,44.30626],[-113.82221,44.30599],[-113.82221,44.30572],[-113.82146,44.30572],[-113.82146,44.30545],[-113.82108,44.30545],[-113.82108,44.30437],[-113.82146,44.30437],[-113.82146,44.3041],[-113.82259,44.3041],[-113.82259,44.30464],[-113.82297,44.30464],[-113.82297,44.30518],[-113.82334,44.30518],[-113.82334,44.30545],[-113.82372,44.30545],[-113.82372,44.30572],[-113.8241,44.30572],[-113.8241,44.30599],[-113.82447,44.30599],[-113.82447,44.30626],[-113.82636,44.30626],[-113.82636,44.30599],[-113.82711,44.30572],[-113.82711,44.30599],[-113.82786,44.30626],[-113.82786,44.30653],[-113.82899,44.30653],[-113.82899,44.3068],[-113.82975,44.3068],[-113.82975,44.30707],[-113.83088,44.30707],[-113.83088,44.30734],[-113.83163,44.30734],[-113.83163,44.30761],[-113.83201,44.30761],[-113.83201,44.30788],[-113.83276,44.30788],[-113.83276,44.30761],[-113.83465,44.30761],[-113.83465,44.30788],[-113.83578,44.30788],[-113.83578,44.30815],[-113.83653,44.30815],[-113.83653,44.30788],[-113.83728,44.30788],[-113.83728,44.30761],[-113.83879,44.30761],[-113.83879,44.30734],[-113.83917,44.30734],[-113.83917,44.30707],[-113.83954,44.30707],[-113.83954,44.3068],[-113.83992,44.3068],[-113.83992,44.30653],[-113.8418,44.30653],[-113.8418,44.30788],[-113.84218,44.30788],[-113.84218,44.30815],[-113.84256,44.30815],[-113.84256,44.30842],[-113.84369,44.30842],[-113.84369,44.30815],[-113.84406,44.30815],[-113.84406,44.30788],[-113.84482,44.30788],[-113.84482,44.30761],[-113.84557,44.30734],[-113.84557,44.30707],[-113.84632,44.30707],[-113.84632,44.3068],[-113.8467,44.3068],[-113.8467,44.30707],[-113.84708,44.30707],[-113.84708,44.3068],[-113.84783,44.3068],[-113.84783,44.30572],[-113.84745,44.30572],[-113.84745,44.30545],[-113.84783,44.30545],[-113.84783,44.30518],[-113.84821,44.30518],[-113.84821,44.30491],[-113.84858,44.30491],[-113.84858,44.30464],[-113.84896,44.30464],[-113.84896,44.30437],[-113.84934,44.30437],[-113.84934,44.3041],[-113.85009,44.30384],[-113.85009,44.30357],[-113.85047,44.30357],[-113.85047,44.30384],[-113.85085,44.30384],[-113.85085,44.30464],[-113.85047,44.30464],[-113.85047,44.30545],[-113.8516,44.30545],[-113.8516,44.30518],[-113.85198,44.30518],[-113.85198,44.30572],[-113.8516,44.30572],[-113.8516,44.30653],[-113.85235,44.30653],[-113.85235,44.3068],[-113.85574,44.3068],[-113.85574,44.30707],[-113.8565,44.30707],[-113.8565,44.3068],[-113.85725,44.3068],[-113.85725,44.30653],[-113.85989,44.30653],[-113.85989,44.30734],[-113.85951,44.30734],[-113.85951,44.30761],[-113.85763,44.30761],[-113.85763,44.30788],[-113.85725,44.30788],[-113.85725,44.30842],[-113.85687,44.30842],[-113.85687,44.30896],[-113.8565,44.30896],[-113.8565,44.30949],[-113.85725,44.30949],[-113.85725,44.30976],[-113.858,44.30949],[-113.858,44.31084],[-113.86215,44.31084],[-113.86215,44.31057],[-113.8629,44.31057],[-113.8629,44.3103],[-113.86365,44.3103],[-113.86365,44.31057],[-113.86554,44.31057],[-113.86554,44.3103],[-113.86591,44.3103],[-113.86591,44.31057],[-113.86629,44.31057]],[[-113.86328,44.31057],[-113.86328,44.31084],[-113.86365,44.31084],[-113.86365,44.31057],[-113.86328,44.31057]],[[-113.83917,44.36717],[-113.83879,44.36717],[-113.83879,44.3669],[-113.83841,44.3669],[-113.83841,44.36663],[-113.83804,44.36663],[-113.83804,44.3669],[-113.83728,44.36717],[-113.83728,44.36744],[-113.83653,44.36771],[-113.83653,44.36797],[-113.83691,44.36797],[-113.83691,44.36824],[-113.83841,44.36824],[-113.83841,44.36797],[-113.83879,44.36797],[-113.83879,44.36771],[-113.83917,44.36771],[-113.83917,44.36717]],[[-113.86139,44.34776],[-113.86102,44.34776],[-113.86102,44.3483],[-113.86139,44.3483],[-113.86139,44.34857],[-113.86215,44.34857],[-113.86215,44.34776],[-113.86177,44.34776],[-113.86177,44.34749],[-113.86139,44.34749],[-113.86139,44.34776]],[[-113.84067,44.34049],[-113.84143,44.34022],[-113.84143,44.33968],[-113.83954,44.33968],[-113.83954,44.33995],[-113.83917,44.33995],[-113.83917,44.34129],[-113.83879,44.34129],[-113.83879,44.3421],[-113.83992,44.3421],[-113.83992,44.34129],[-113.8403,44.34129],[-113.8403,44.34076],[-113.84067,44.34076],[-113.84067,44.34049]],[[-113.83653,44.33995],[-113.83502,44.34022],[-113.83502,44.34103],[-113.83578,44.34103],[-113.83578,44.34076],[-113.83615,44.34076],[-113.83615,44.34022],[-113.83653,44.34022],[-113.83653,44.33995]],[[-113.83201,44.33725],[-113.83163,44.33725],[-113.83163,44.33752],[-113.83201,44.33752],[-113.83201,44.33725]],[[-113.86139,44.33483],[-113.86102,44.33483],[-113.86102,44.33537],[-113.86215,44.33537],[-113.86215,44.3351],[-113.86252,44.3351],[-113.86252,44.33456],[-113.86139,44.33456],[-113.86139,44.33483]],[[-113.83239,44.33402],[-113.83201,44.33402],[-113.83201,44.33429],[-113.83239,44.33429],[-113.83239,44.33402]],[[-113.83088,44.33213],[-113.8305,44.33213],[-113.8305,44.33159],[-113.83012,44.33159],[-113.83012,44.33132],[-113.82937,44.33132],[-113.82937,44.33159],[-113.82824,44.33159],[-113.82824,44.33186],[-113.82786,44.33186],[-113.82786,44.3324],[-113.82824,44.3324],[-113.82824,44.33294],[-113.82862,44.33294],[-113.82862,44.33321],[-113.82975,44.33321],[-113.82975,44.33348],[-113.8305,44.33348],[-113.8305,44.33375],[-113.83125,44.33348],[-113.83125,44.33294],[-113.83088,44.33294],[-113.83088,44.33213]],[[-113.83201,44.33294],[-113.83163,44.33294],[-113.83163,44.33321],[-113.83201,44.33321],[-113.83201,44.33294]],[[-113.82334,44.32647],[-113.82297,44.32647],[-113.82297,44.32674],[-113.82334,44.32674],[-113.82334,44.32647]]],[[[-113.8678,44.34426],[-113.8678,44.34453],[-113.86742,44.34453],[-113.86742,44.34399],[-113.86817,44.34399],[-113.86817,44.34426],[-113.8678,44.34426]]],[[[-113.8889,44.34615],[-113.8889,44.34561],[-113.88927,44.34561],[-113.88927,44.34615],[-113.8889,44.34615]]],[[[-113.88739,44.34642],[-113.88739,44.34668],[-113.88777,44.34668],[-113.88777,44.34722],[-113.88588,44.34722],[-113.88588,44.34615],[-113.88626,44.34615],[-113.88626,44.34642],[-113.88739,44.34642]]],[[[-113.8904,44.34749],[-113.8904,44.34776],[-113.89003,44.34776],[-113.89003,44.3483],[-113.88965,44.3483],[-113.88965,44.34776],[-113.8889,44.34776],[-113.8889,44.34749],[-113.8904,44.34749]]],[[[-113.87157,44.34884],[-113.87157,44.34857],[-113.87119,44.34857],[-113.87119,44.34776],[-113.87157,44.34776],[-113.87157,44.34695],[-113.87232,44.34695],[-113.87232,44.34749],[-113.8727,44.34749],[-113.8727,44.34803],[-113.87307,44.34803],[-113.87307,44.3483],[-113.87383,44.34857],[-113.87383,44.34884],[-113.87458,44.34884],[-113.87458,44.34911],[-113.87496,44.34911],[-113.87496,44.34938],[-113.87345,44.34938],[-113.87345,44.34911],[-113.87232,44.34911],[-113.87232,44.34884],[-113.87157,44.34884]]],[[[-113.87948,44.35315],[-113.87948,44.35288],[-113.88098,44.35288],[-113.88098,44.35261],[-113.88174,44.35261],[-113.88174,44.35234],[-113.88287,44.35234],[-113.88287,44.35207],[-113.88362,44.3518],[-113.88362,44.35127],[-113.884,44.35127],[-113.884,44.35073],[-113.88437,44.35073],[-113.88437,44.35019],[-113.88513,44.34992],[-113.88513,44.34965],[-113.88588,44.34965],[-113.88588,44.35019],[-113.88626,44.35019],[-113.88626,44.351],[-113.88701,44.35127],[-113.88701,44.3518],[-113.88852,44.3518],[-113.88852,44.35261],[-113.88777,44.35234],[-113.88777,44.35207],[-113.88663,44.35207],[-113.88663,44.3518],[-113.88626,44.3518],[-113.88626,44.35207],[-113.8855,44.35207],[-113.8855,44.35261],[-113.88437,44.35261],[-113.88437,44.35288],[-113.884,44.35288],[-113.884,44.35315],[-113.88324,44.35315],[-113.88324,44.35342],[-113.88249,44.35342],[-113.88249,44.35369],[-113.88174,44.35369],[-113.88174,44.35396],[-113.87835,44.35396],[-113.87835,44.35342],[-113.8791,44.35342],[-113.8791,44.35315],[-113.87948,44.35315]]],[[[-113.88475,44.35854],[-113.88475,44.35881],[-113.88513,44.35881],[-113.88513,44.35908],[-113.884,44.35908],[-113.884,44.35881],[-113.88362,44.35881],[-113.88362,44.35854],[-113.88475,44.35854]]],[[[-113.85989,44.3607],[-113.85989,44.36097],[-113.85913,44.36124],[-113.85913,44.36043],[-113.86026,44.36043],[-113.86026,44.3607],[-113.85989,44.3607]]],[[[-113.88701,44.36366],[-113.88701,44.3642],[-113.88777,44.3642],[-113.88777,44.36447],[-113.88626,44.36447],[-113.88626,44.36393],[-113.88588,44.36393],[-113.88588,44.36366],[-113.88701,44.36366]]],[[[-113.85763,44.37256],[-113.85763,44.37229],[-113.85876,44.37229],[-113.85876,44.37256],[-113.85763,44.37256]]],[[[-113.8354,44.37822],[-113.8354,44.37768],[-113.83465,44.37741],[-113.83465,44.37687],[-113.83427,44.37687],[-113.83427,44.37633],[-113.83389,44.37633],[-113.83389,44.37606],[-113.83314,44.37579],[-113.83314,44.37552],[-113.83239,44.37525],[-113.83239,44.37471],[-113.83201,44.37471],[-113.83201,44.37363],[-113.83239,44.37363],[-113.83239,44.37336],[-113.83314,44.37336],[-113.83314,44.37363],[-113.83352,44.37363],[-113.83352,44.3739],[-113.83389,44.3739],[-113.83389,44.37417],[-113.83427,44.37417],[-113.83427,44.37444],[-113.83465,44.37444],[-113.83465,44.37471],[-113.8354,44.37498],[-113.8354,44.37552],[-113.83578,44.37552],[-113.83578,44.37579],[-113.83615,44.37579],[-113.83615,44.37606],[-113.83653,44.37606],[-113.83653,44.37687],[-113.83691,44.37687],[-113.83691,44.37768],[-113.83728,44.37768],[-113.83728,44.37822],[-113.83766,44.37822],[-113.83766,44.37848],[-113.83728,44.37848],[-113.83728,44.37875],[-113.83615,44.37875],[-113.83615,44.37848],[-113.8354,44.37822]]]]},"properties":{"layer":"predicted_reach_h17","fire_name":"Doublesprings","irwin_id":"{960C064B-1764-4834-BD28-90FB69A4AB4A}","model":"arrival_run","checkpoint_epoch":216,"decode":"connected_causal","operating_point":{"floor":0.0,"mult":0.9},"val_precision":null,"val_recall":null,"model_caveat":"arrival_run chosen for best RECALL among the six FlameFlux v3 candidates on the production-valid t0-window corpus (R=0.624 on the fc2 held-out fires, R=0.432 on Dillon -- see candidate_comparison.md from the 2026-07-24 comparison). It does NOT meet the project's P>=0.50/R>=0.80 target: precision is the WORST of the six (P=0.120 on fc2 -- most flagged growth is wrong), and wind_run actually edges it on F1. IMPORTANT CAVEAT: arrival_run trained on the leaky 'observed' corpus (crop centered/sized on t0|t1, i.e. it saw the future perimeter's geometry during training) and has NEVER seen a t0-window crop -- the ONLY geometry this live pipeline can ever produce at forecast time (the future perimeter is, by definition, unknown). So every live prediction from this model is out-of-distribution relative to its own training. The measured t0-window numbers above already reflect that (they are not a surprise), but this is 'best available', not 'production-ready' -- represent it that way. The operating_point (floor=0.0, mult=0.9) is the VAL-selected connected-causal decode point; it did NOT clear the 0.50 precision floor during selection (feasible=False, val P=0.270/R=0.259) -- it's the best-F1 fallback point, not a precision-guaranteed one.","issued_at_utc":"2026-08-05 02:36:31.645281+00:00","valid_from_utc":"2026-08-05 00:00:00","valid_to_utc":"2026-08-06 00:00:00","wfigs_date_current_utc":"2026-08-05 02:05:06+00:00","pixel_size_m":30,"veg_source":"refreshed_d4","physics_source":"eikonal_fbfm40","history_n_dates":1,"degraded_history":true,"containment_pct":0.0,"acres_wfigs":1021.012899130312,"hour":17,"valid_at_utc":"2026-08-05 17:00:00"}},{"type":"Feature","geometry":{"type":"MultiPolygon","coordinates":[[[[-113.87157,44.33078],[-113.87157,44.33159],[-113.86968,44.33159],[-113.86968,44.33078],[-113.87157,44.33078]]],[[[-113.87948,44.34291],[-113.87985,44.34291],[-113.87985,44.34372],[-113.8791,44.34372],[-113.8791,44.34264],[-113.87948,44.34264],[-113.87948,44.34291]]],[[[-113.87533,44.34965],[-113.87345,44.34965],[-113.87345,44.34938],[-113.8727,44.34938],[-113.8727,44.34911],[-113.87157,44.34911],[-113.87157,44.34884],[-113.87119,44.34884],[-113.87119,44.34588],[-113.87044,44.34561],[-113.87044,44.34534],[-113.87081,44.34534],[-113.87081,44.3448],[-113.87119,44.3448],[-113.87119,44.34534],[-113.87157,44.34534],[-113.87157,44.34588],[-113.87194,44.34588],[-113.87194,44.34642],[-113.87232,44.34642],[-113.87232,44.34695],[-113.8727,44.34695],[-113.8727,44.34749],[-113.87307,44.34749],[-113.87307,44.34803],[-113.87345,44.34803],[-113.87345,44.3483],[-113.87383,44.3483],[-113.87383,44.34857],[-113.87533,44.34884],[-113.87533,44.34911],[-113.87646,44.34911],[-113.87646,44.34938],[-113.87684,44.34938],[-113.87684,44.34965],[-113.87759,44.34965],[-113.87759,44.35019],[-113.87533,44.34992],[-113.87533,44.34965]]],[[[-113.86893,44.35154],[-113.86855,44.35154],[-113.86855,44.35127],[-113.86893,44.35127],[-113.86893,44.35154]]],[[[-113.90359,44.36905],[-113.90208,44.36905],[-113.90208,44.36932],[-113.90133,44.36932],[-113.90133,44.36959],[-113.90057,44.36959],[-113.90057,44.36986],[-113.89982,44.36986],[-113.89982,44.36959],[-113.9002,44.36959],[-113.9002,44.36905],[-113.90095,44.36905],[-113.90095,44.36878],[-113.9017,44.36851],[-113.9017,44.36797],[-113.90246,44.36797],[-113.90246,44.36771],[-113.90359,44.36771],[-113.90359,44.36744],[-113.90434,44.36744],[-113.90434,44.36717],[-113.90472,44.36717],[-113.90472,44.3669],[-113.90547,44.3669],[-113.90547,44.36636],[-113.90585,44.36636],[-113.90585,44.36609],[-113.90472,44.36609],[-113.90472,44.36582],[-113.90283,44.36582],[-113.90283,44.36609],[-113.90208,44.36609],[-113.90208,44.36636],[-113.90133,44.36663],[-113.90133,44.3669],[-113.90057,44.3669],[-113.90057,44.36717],[-113.89643,44.36717],[-113.89643,44.3669],[-113.89568,44.3669],[-113.89568,44.36663],[-113.89417,44.36663],[-113.89417,44.3669],[-113.89342,44.3669],[-113.89342,44.36717],[-113.89229,44.36717],[-113.89229,44.36663],[-113.89191,44.36663],[-113.89191,44.36555],[-113.8889,44.36555],[-113.8889,44.36528],[-113.88701,44.36528],[-113.88701,44.36501],[-113.88588,44.36501],[-113.88588,44.36474],[-113.8855,44.36474],[-113.8855,44.36447],[-113.88513,44.36447],[-113.88513,44.3642],[-113.88437,44.36393],[-113.88437,44.36339],[-113.884,44.36339],[-113.884,44.36312],[-113.88437,44.36312],[-113.88437,44.36285],[-113.884,44.36285],[-113.884,44.36258],[-113.88437,44.36258],[-113.88437,44.36205],[-113.8855,44.36205],[-113.8855,44.36258],[-113.88626,44.36258],[-113.88626,44.36312],[-113.88739,44.36312],[-113.88739,44.36339],[-113.88777,44.36339],[-113.88777,44.36366],[-113.88965,44.36366],[-113.88965,44.36312],[-113.8904,44.36312],[-113.8904,44.36285],[-113.89116,44.36258],[-113.89116,44.36178],[-113.89078,44.36178],[-113.89078,44.36124],[-113.8904,44.36124],[-113.8904,44.3607],[-113.8889,44.3607],[-113.8889,44.35989],[-113.8904,44.35989],[-113.8904,44.35962],[-113.89191,44.35962],[-113.89191,44.35935],[-113.89266,44.35935],[-113.89266,44.35881],[-113.89229,44.35881],[-113.89229,44.35854],[-113.89191,44.35854],[-113.89191,44.35827],[-113.88927,44.35827],[-113.88927,44.35854],[-113.88777,44.35854],[-113.88777,44.35881],[-113.88701,44.35881],[-113.88701,44.35908],[-113.88588,44.35908],[-113.88588,44.35935],[-113.88513,44.35935],[-113.88513,44.35962],[-113.884,44.35962],[-113.884,44.35935],[-113.88362,44.35935],[-113.88362,44.35908],[-113.87985,44.35908],[-113.87985,44.35935],[-113.87872,44.35935],[-113.87872,44.35908],[-113.8791,44.35908],[-113.8791,44.35881],[-113.88023,44.35881],[-113.88023,44.35854],[-113.88098,44.35854],[-113.88098,44.35827],[-113.88136,44.35827],[-113.88136,44.35773],[-113.88249,44.35773],[-113.88249,44.358],[-113.88475,44.358],[-113.88475,44.35827],[-113.88513,44.35827],[-113.88513,44.358],[-113.88626,44.358],[-113.88626,44.35773],[-113.88663,44.35773],[-113.88663,44.35612],[-113.88701,44.35612],[-113.88701,44.35585],[-113.8889,44.35585],[-113.8889,44.35558],[-113.8904,44.35531],[-113.8904,44.35504],[-113.89191,44.35504],[-113.89191,44.35477],[-113.89304,44.35477],[-113.89304,44.3545],[-113.89492,44.3545],[-113.89492,44.35396],[-113.89417,44.35396],[-113.89417,44.35342],[-113.89492,44.35342],[-113.89492,44.35315],[-113.89568,44.35288],[-113.89568,44.35234],[-113.89605,44.35234],[-113.89605,44.35127],[-113.89568,44.35127],[-113.89568,44.351],[-113.89492,44.351],[-113.89492,44.35073],[-113.89417,44.35073],[-113.89417,44.35046],[-113.89342,44.35046],[-113.89342,44.35019],[-113.89417,44.35019],[-113.89417,44.34884],[-113.89379,44.34884],[-113.89379,44.34938],[-113.89342,44.34938],[-113.89342,44.34884],[-113.89304,44.34884],[-113.89304,44.34911],[-113.89266,44.34911],[-113.89266,44.34884],[-113.89229,44.34884],[-113.89229,44.34911],[-113.89191,44.34911],[-113.89191,44.34884],[-113.88965,44.34884],[-113.88965,44.34857],[-113.88927,44.34857],[-113.88927,44.3483],[-113.88852,44.3483],[-113.88852,44.34803],[-113.88814,44.34803],[-113.88814,44.34776],[-113.88626,44.34776],[-113.88626,44.34857],[-113.88663,44.34857],[-113.88663,44.34938],[-113.88626,44.34938],[-113.88626,44.35019],[-113.88663,44.35019],[-113.88663,44.35073],[-113.88701,44.35073],[-113.88701,44.35127],[-113.88777,44.35127],[-113.88777,44.35154],[-113.88965,44.35154],[-113.88965,44.35073],[-113.89003,44.35073],[-113.89003,44.35019],[-113.89078,44.34992],[-113.89078,44.34965],[-113.89229,44.34965],[-113.89229,44.34992],[-113.89304,44.34992],[-113.89304,44.35073],[-113.89266,44.35073],[-113.89266,44.351],[-113.89191,44.351],[-113.89191,44.35127],[-113.89153,44.35127],[-113.89153,44.35154],[-113.89078,44.3518],[-113.89078,44.35207],[-113.8904,44.35207],[-113.8904,44.35234],[-113.89003,44.35234],[-113.89003,44.35261],[-113.88739,44.35261],[-113.88739,44.35234],[-113.88663,44.35234],[-113.88663,44.35207],[-113.88626,44.35207],[-113.88626,44.35234],[-113.8855,44.35261],[-113.8855,44.35288],[-113.88513,44.35288],[-113.88513,44.35315],[-113.88437,44.35315],[-113.88437,44.35342],[-113.884,44.35342],[-113.884,44.35369],[-113.88324,44.35369],[-113.88324,44.35396],[-113.88211,44.35396],[-113.88211,44.35423],[-113.88098,44.35423],[-113.88098,44.3545],[-113.87797,44.3545],[-113.87797,44.35477],[-113.87759,44.35477],[-113.87759,44.3545],[-113.87684,44.3545],[-113.87684,44.35423],[-113.87646,44.35423],[-113.87646,44.35396],[-113.87684,44.35396],[-113.87684,44.35342],[-113.87797,44.35342],[-113.87797,44.35315],[-113.87872,44.35315],[-113.87872,44.35288],[-113.8791,44.35288],[-113.8791,44.35261],[-113.88061,44.35261],[-113.88061,44.35234],[-113.88174,44.35234],[-113.88174,44.35207],[-113.88249,44.35207],[-113.88249,44.3518],[-113.88287,44.3518],[-113.88287,44.35154],[-113.88324,44.35154],[-113.88324,44.35127],[-113.88362,44.35127],[-113.88362,44.35046],[-113.884,44.35046],[-113.884,44.35019],[-113.88437,44.35019],[-113.88437,44.34992],[-113.88513,44.34965],[-113.88513,44.34938],[-113.8855,44.34938],[-113.8855,44.34857],[-113.88588,44.34857],[-113.88588,44.3483],[-113.8855,44.3483],[-113.8855,44.34803],[-113.88588,44.34803],[-113.88588,44.34776],[-113.8855,44.34776],[-113.8855,44.34668],[-113.88513,44.34668],[-113.88513,44.34588],[-113.88663,44.34588],[-113.88663,44.34615],[-113.88701,44.34615],[-113.88701,44.34642],[-113.88814,44.34642],[-113.88814,44.34588],[-113.88852,44.34588],[-113.88852,44.34534],[-113.8889,44.34534],[-113.8889,44.34507],[-113.89003,44.34507],[-113.89003,44.34399],[-113.88965,44.34399],[-113.88965,44.34372],[-113.8889,44.34372],[-113.8889,44.34345],[-113.88814,44.34345],[-113.88814,44.34318],[-113.88739,44.34318],[-113.88739,44.34291],[-113.88701,44.34291],[-113.88701,44.34318],[-113.88626,44.34318],[-113.88626,44.34345],[-113.8855,44.34345],[-113.8855,44.34372],[-113.88475,44.34372],[-113.88475,44.34399],[-113.88324,44.34399],[-113.88324,44.34372],[-113.88287,44.34372],[-113.88287,44.34264],[-113.88437,44.34264],[-113.88437,44.34237],[-113.88475,44.34237],[-113.88475,44.3421],[-113.8855,44.34183],[-113.8855,44.34156],[-113.88814,44.34156],[-113.88814,44.34103],[-113.88965,44.34103],[-113.88965,44.34076],[-113.89078,44.34076],[-113.89078,44.34103],[-113.89153,44.34103],[-113.89153,44.34129],[-113.89229,44.34156],[-113.89229,44.34183],[-113.89342,44.34183],[-113.89342,44.3421],[-113.89492,44.3421],[-113.89492,44.34156],[-113.89417,44.34129],[-113.89417,44.34076],[-113.89342,44.34049],[-113.89342,44.34022],[-113.89266,44.33995],[-113.89266,44.33968],[-113.89229,44.33968],[-113.89229,44.33914],[-113.89191,44.33914],[-113.89191,44.3386],[-113.89153,44.3386],[-113.89153,44.33806],[-113.89116,44.33806],[-113.89116,44.33779],[-113.89304,44.33779],[-113.89304,44.33806],[-113.89379,44.33806],[-113.89379,44.33833],[-113.89417,44.33833],[-113.89417,44.33806],[-113.89455,44.33806],[-113.89455,44.33779],[-113.89568,44.33779],[-113.89568,44.33671],[-113.89605,44.33671],[-113.89605,44.33617],[-113.89794,44.33617],[-113.89794,44.3359],[-113.89643,44.3359],[-113.89643,44.33564],[-113.89718,44.33564],[-113.89718,44.33537],[-113.89568,44.33537],[-113.89568,44.3351],[-113.8953,44.3351],[-113.8953,44.33483],[-113.89492,44.33483],[-113.89492,44.33456],[-113.89455,44.33456],[-113.89455,44.33429],[-113.89379,44.33429],[-113.89379,44.33402],[-113.89342,44.33402],[-113.89342,44.33348],[-113.89643,44.33348],[-113.89643,44.33402],[-113.89681,44.33402],[-113.89681,44.3351],[-113.89982,44.3351],[-113.89982,44.33537],[-113.90133,44.33564],[-113.90133,44.3359],[-113.9017,44.3359],[-113.9017,44.33617],[-113.90283,44.33617],[-113.90283,44.33644],[-113.90359,44.33671],[-113.90359,44.33752],[-113.90321,44.33752],[-113.90321,44.33698],[-113.90283,44.33698],[-113.90283,44.33752],[-113.90208,44.33752],[-113.90208,44.33779],[-113.90396,44.33779],[-113.90396,44.33833],[-113.90434,44.33833],[-113.90434,44.33887],[-113.90509,44.33887],[-113.90509,44.34076],[-113.90359,44.34022],[-113.90359,44.33995],[-113.90396,44.33995],[-113.90396,44.33914],[-113.90321,44.33914],[-113.90321,44.3386],[-113.90208,44.3386],[-113.90208,44.33968],[-113.90133,44.33968],[-113.90133,44.34022],[-113.90057,44.34022],[-113.90057,44.34049],[-113.90133,44.34049],[-113.90133,44.34076],[-113.90057,44.34076],[-113.90057,44.34103],[-113.9017,44.34103],[-113.9017,44.34049],[-113.90283,44.34049],[-113.90283,44.34291],[-113.90246,44.34291],[-113.90246,44.34507],[-113.90283,44.34507],[-113.90283,44.34588],[-113.90321,44.34588],[-113.90321,44.34615],[-113.90359,44.34615],[-113.90359,44.34642],[-113.90396,44.34642],[-113.90396,44.34695],[-113.90434,44.34695],[-113.90434,44.34722],[-113.90472,44.34722],[-113.90472,44.34749],[-113.90547,44.34749],[-113.90547,44.34776],[-113.90585,44.34776],[-113.90585,44.34803],[-113.90623,44.34803],[-113.90623,44.34776],[-113.9066,44.34776],[-113.9066,44.34749],[-113.90698,44.34749],[-113.90698,44.34668],[-113.9066,44.34668],[-113.9066,44.34615],[-113.90585,44.34588],[-113.90585,44.34534],[-113.90547,44.34534],[-113.90547,44.3448],[-113.90509,44.3448],[-113.90509,44.34453],[-113.90472,44.34453],[-113.90472,44.34399],[-113.90434,44.34399],[-113.90434,44.34264],[-113.90472,44.34264],[-113.90472,44.3421],[-113.90547,44.34183],[-113.90547,44.34129],[-113.90736,44.34129],[-113.90736,44.34156],[-113.90811,44.34156],[-113.90811,44.34183],[-113.90849,44.34183],[-113.90849,44.3421],[-113.90924,44.34237],[-113.90924,44.34264],[-113.90962,44.34264],[-113.90962,44.34291],[-113.90999,44.34291],[-113.90999,44.34318],[-113.91037,44.34318],[-113.91037,44.34372],[-113.91112,44.34399],[-113.91112,44.34507],[-113.91075,44.34507],[-113.91075,44.34561],[-113.91037,44.34561],[-113.91037,44.34642],[-113.91112,44.34668],[-113.91112,44.34749],[-113.90962,44.34776],[-113.90962,44.34884],[-113.90924,44.34884],[-113.90924,44.34911],[-113.90886,44.34911],[-113.90886,44.34938],[-113.90849,44.34938],[-113.90849,44.34965],[-113.90811,44.34965],[-113.90811,44.34992],[-113.90773,44.34992],[-113.90773,44.35019],[-113.90736,44.35019],[-113.90736,44.35073],[-113.90698,44.35073],[-113.90698,44.351],[-113.9066,44.351],[-113.9066,44.35127],[-113.90585,44.35127],[-113.90585,44.3518],[-113.90698,44.3518],[-113.90698,44.35154],[-113.90849,44.35127],[-113.90849,44.351],[-113.90962,44.351],[-113.90962,44.35127],[-113.90999,44.35127],[-113.90999,44.3518],[-113.91075,44.3518],[-113.91075,44.35261],[-113.91037,44.35261],[-113.91037,44.35288],[-113.90999,44.35288],[-113.90999,44.35315],[-113.90962,44.35315],[-113.90962,44.35369],[-113.90924,44.35369],[-113.90924,44.35396],[-113.90962,44.35396],[-113.90962,44.35531],[-113.90886,44.35531],[-113.90886,44.35558],[-113.90962,44.35558],[-113.90962,44.35585],[-113.90886,44.35585],[-113.90886,44.35612],[-113.90962,44.35612],[-113.90962,44.35666],[-113.90999,44.35666],[-113.90999,44.35693],[-113.90962,44.35693],[-113.90962,44.358],[-113.90924,44.358],[-113.90924,44.35854],[-113.90886,44.35854],[-113.90886,44.35881],[-113.90962,44.35908],[-113.90962,44.35989],[-113.90999,44.35989],[-113.90999,44.36097],[-113.91037,44.36097],[-113.91037,44.36232],[-113.90999,44.36232],[-113.90999,44.36285],[-113.90962,44.36285],[-113.90962,44.36312],[-113.90999,44.36312],[-113.90999,44.36339],[-113.90886,44.36339],[-113.90886,44.36285],[-113.90849,44.36285],[-113.90849,44.36258],[-113.90886,44.36258],[-113.90886,44.36232],[-113.90849,44.36232],[-113.90849,44.36178],[-113.90811,44.36178],[-113.90811,44.36151],[-113.90773,44.36151],[-113.90773,44.36124],[-113.90736,44.36124],[-113.90736,44.36097],[-113.90698,44.36097],[-113.90698,44.3607],[-113.90623,44.36043],[-113.90623,44.36016],[-113.90585,44.36016],[-113.90585,44.35989],[-113.90547,44.35989],[-113.90547,44.35962],[-113.90509,44.35962],[-113.90509,44.35908],[-113.90434,44.35881],[-113.90434,44.35962],[-113.90472,44.35962],[-113.90472,44.36016],[-113.90509,44.36016],[-113.90509,44.3607],[-113.90547,44.3607],[-113.90547,44.36124],[-113.90585,44.36124],[-113.90585,44.36178],[-113.90623,44.36178],[-113.90623,44.36232],[-113.9066,44.36232],[-113.9066,44.36285],[-113.90736,44.36312],[-113.90736,44.36447],[-113.90698,44.36447],[-113.90698,44.36528],[-113.9066,44.36528],[-113.9066,44.36609],[-113.90736,44.36636],[-113.90736,44.3669],[-113.90773,44.3669],[-113.90773,44.36717],[-113.90849,44.36744],[-113.90849,44.36771],[-113.90811,44.36771],[-113.90811,44.36824],[-113.90736,44.36824],[-113.90736,44.36851],[-113.9066,44.36878],[-113.9066,44.36932],[-113.90623,44.36932],[-113.90623,44.36959],[-113.90547,44.36959],[-113.90547,44.36986],[-113.90396,44.36986],[-113.90396,44.36932],[-113.90359,44.36932],[-113.90359,44.36905]],[[-113.89266,44.36582],[-113.89266,44.36555],[-113.89229,44.36555],[-113.89229,44.36582],[-113.89266,44.36582]],[[-113.90095,44.36366],[-113.90095,44.36258],[-113.90057,44.36258],[-113.90057,44.36232],[-113.9002,44.36232],[-113.9002,44.36205],[-113.89944,44.36205],[-113.89944,44.36178],[-113.89756,44.36178],[-113.89756,44.36205],[-113.89718,44.36205],[-113.89718,44.36312],[-113.89756,44.36312],[-113.89756,44.36366],[-113.89831,44.36366],[-113.89831,44.36393],[-113.89907,44.36393],[-113.89907,44.3642],[-113.89944,44.3642],[-113.89944,44.36393],[-113.90057,44.36393],[-113.90057,44.36366],[-113.90095,44.36366]],[[-113.89417,44.36232],[-113.89417,44.36258],[-113.89455,44.36258],[-113.89455,44.36366],[-113.89568,44.36366],[-113.89568,44.36178],[-113.89455,44.36178],[-113.89455,44.36232],[-113.89417,44.36232]],[[-113.89492,44.35881],[-113.89492,44.35854],[-113.89417,44.35854],[-113.89417,44.35827],[-113.89379,44.35827],[-113.89379,44.35854],[-113.89304,44.35854],[-113.89304,44.35935],[-113.89379,44.35935],[-113.89379,44.35962],[-113.89492,44.35962],[-113.89492,44.35935],[-113.8953,44.35935],[-113.8953,44.35962],[-113.89568,44.35962],[-113.89568,44.35908],[-113.89492,44.35881]],[[-113.90321,44.35261],[-113.90321,44.35207],[-113.90283,44.35207],[-113.90283,44.3518],[-113.90208,44.35154],[-113.90208,44.3518],[-113.90133,44.35207],[-113.90133,44.35342],[-113.90095,44.35342],[-113.90095,44.35423],[-113.90133,44.35423],[-113.90133,44.3545],[-113.9017,44.3545],[-113.9017,44.35477],[-113.90208,44.35477],[-113.90208,44.35531],[-113.90246,44.35531],[-113.90246,44.35585],[-113.90283,44.35585],[-113.90283,44.35639],[-113.90321,44.35639],[-113.90321,44.35666],[-113.90359,44.35666],[-113.90359,44.35693],[-113.90396,44.35693],[-113.90396,44.35315],[-113.90359,44.35315],[-113.90359,44.35261],[-113.90321,44.35261]],[[-113.89342,44.34695],[-113.89342,44.34642],[-113.89379,44.34642],[-113.89379,44.34561],[-113.89342,44.34561],[-113.89342,44.34507],[-113.89304,44.34507],[-113.89304,44.34534],[-113.89153,44.34534],[-113.89153,44.34561],[-113.8904,44.34561],[-113.8904,44.34588],[-113.89003,44.34588],[-113.89003,44.34695],[-113.8904,44.34695],[-113.8904,44.34722],[-113.89116,44.34722],[-113.89116,44.34749],[-113.89266,44.34749],[-113.89266,44.34722],[-113.89342,44.34695]],[[-113.90999,44.34588],[-113.90999,44.34561],[-113.90962,44.34561],[-113.90962,44.34534],[-113.90924,44.34534],[-113.90924,44.34507],[-113.90849,44.34507],[-113.90849,44.3448],[-113.90736,44.3448],[-113.90736,44.34615],[-113.90773,44.34615],[-113.90773,44.34642],[-113.90924,44.34668],[-113.90924,44.34642],[-113.90962,44.34642],[-113.90962,44.34588],[-113.90999,44.34588]],[[-113.89794,44.34103],[-113.89794,44.34076],[-113.89756,44.34076],[-113.89756,44.34103],[-113.89794,44.34103]],[[-113.89869,44.33833],[-113.89869,44.33779],[-113.89831,44.33779],[-113.89831,44.33752],[-113.89794,44.33752],[-113.89794,44.33725],[-113.89756,44.33725],[-113.89756,44.33752],[-113.89681,44.33752],[-113.89681,44.33833],[-113.89756,44.3386],[-113.89756,44.33941],[-113.89794,44.33941],[-113.89794,44.33914],[-113.89869,44.33941],[-113.89869,44.33887],[-113.89907,44.33887],[-113.89907,44.33833],[-113.89869,44.33833]],[[-113.90321,44.33833],[-113.90321,44.33806],[-113.90283,44.33806],[-113.90283,44.33833],[-113.90321,44.33833]],[[-113.89643,44.33779],[-113.89643,44.33752],[-113.89605,44.33752],[-113.89605,44.33779],[-113.89643,44.33779]]],[[[-113.86931,44.35207],[-113.86893,44.35207],[-113.86893,44.3518],[-113.86931,44.3518],[-113.86931,44.35207]]],[[[-113.87609,44.35908],[-113.87759,44.35908],[-113.87759,44.35962],[-113.87646,44.35962],[-113.87646,44.35935],[-113.87609,44.35935],[-113.87609,44.35908]]],[[[-113.83578,44.37875],[-113.83578,44.37848],[-113.8354,44.37848],[-113.8354,44.37795],[-113.83465,44.37768],[-113.83465,44.37714],[-113.83389,44.37687],[-113.83389,44.37633],[-113.83352,44.37633],[-113.83352,44.37606],[-113.83276,44.37579],[-113.83276,44.37552],[-113.83239,44.37552],[-113.83239,44.37498],[-113.83201,44.37498],[-113.83201,44.37444],[-113.83163,44.37444],[-113.83163,44.37336],[-113.83201,44.37336],[-113.83201,44.37309],[-113.83239,44.37309],[-113.83239,44.37283],[-113.83276,44.37283],[-113.83276,44.37309],[-113.83352,44.37309],[-113.83352,44.37336],[-113.83427,44.37363],[-113.83427,44.37417],[-113.83502,44.37417],[-113.83502,44.37444],[-113.8354,44.37444],[-113.8354,44.37363],[-113.83502,44.37363],[-113.83502,44.37336],[-113.8354,44.37336],[-113.8354,44.37283],[-113.83578,44.37283],[-113.83578,44.37256],[-113.8354,44.37256],[-113.8354,44.37229],[-113.83578,44.37229],[-113.83578,44.37175],[-113.83615,44.37175],[-113.83615,44.37148],[-113.83691,44.37148],[-113.83691,44.37121],[-113.83728,44.37121],[-113.83728,44.37067],[-113.83766,44.37067],[-113.83766,44.37013],[-113.83841,44.36986],[-113.83841,44.36932],[-113.83389,44.36932],[-113.83389,44.36878],[-113.83352,44.36878],[-113.83352,44.36824],[-113.83276,44.36797],[-113.83276,44.36771],[-113.83201,44.36771],[-113.83201,44.36744],[-113.82824,44.36717],[-113.82824,44.3669],[-113.82711,44.3669],[-113.82711,44.36663],[-113.8241,44.36663],[-113.8241,44.36636],[-113.82259,44.36609],[-113.82259,44.36555],[-113.82221,44.36555],[-113.82221,44.3642],[-113.82259,44.3642],[-113.82259,44.36393],[-113.82221,44.36393],[-113.82221,44.36312],[-113.82259,44.36312],[-113.82259,44.36232],[-113.82334,44.36205],[-113.82334,44.36151],[-113.82372,44.36151],[-113.82372,44.36124],[-113.8241,44.36124],[-113.8241,44.36097],[-113.82485,44.36097],[-113.82485,44.35989],[-113.82636,44.35962],[-113.82636,44.35935],[-113.82673,44.35935],[-113.82673,44.35908],[-113.82711,44.35908],[-113.82711,44.35881],[-113.82749,44.35881],[-113.82749,44.35854],[-113.82786,44.35854],[-113.82786,44.35827],[-113.82824,44.35827],[-113.82824,44.35719],[-113.82786,44.35719],[-113.82786,44.35693],[-113.82711,44.35693],[-113.82711,44.35639],[-113.82636,44.35639],[-113.82636,44.35477],[-113.82447,44.35477],[-113.82447,44.3545],[-113.82146,44.3545],[-113.82146,44.35477],[-113.8192,44.35477],[-113.8192,44.35504],[-113.81769,44.35504],[-113.81769,44.35531],[-113.81279,44.35531],[-113.81279,44.35504],[-113.81204,44.35504],[-113.81204,44.35477],[-113.81053,44.35477],[-113.81053,44.35423],[-113.80978,44.35423],[-113.80978,44.35369],[-113.80903,44.35369],[-113.80903,44.35342],[-113.80827,44.35342],[-113.80827,44.35315],[-113.8079,44.35315],[-113.8079,44.35342],[-113.80752,44.35342],[-113.80752,44.35315],[-113.80714,44.35315],[-113.80714,44.35342],[-113.80677,44.35342],[-113.80677,44.35315],[-113.80639,44.35315],[-113.80639,44.35342],[-113.80564,44.35315],[-113.80564,44.35342],[-113.80526,44.35342],[-113.80526,44.35315],[-113.80488,44.35315],[-113.80488,44.35342],[-113.80413,44.35342],[-113.80413,44.35369],[-113.80375,44.35369],[-113.80375,44.35315],[-113.80338,44.35315],[-113.80338,44.35261],[-113.803,44.35261],[-113.803,44.35207],[-113.80149,44.3518],[-113.80149,44.35154],[-113.79999,44.35154],[-113.79999,44.35046],[-113.79923,44.35019],[-113.79923,44.34965],[-113.79848,44.34938],[-113.79848,44.34884],[-113.7981,44.34884],[-113.7981,44.34857],[-113.79773,44.34857],[-113.79773,44.3483],[-113.79697,44.3483],[-113.79697,44.34776],[-113.7966,44.34776],[-113.7966,44.34749],[-113.79697,44.34749],[-113.79697,44.34722],[-113.7966,44.34722],[-113.7966,44.34695],[-113.79697,44.34695],[-113.79697,44.34668],[-113.7966,44.34668],[-113.7966,44.34588],[-113.79622,44.34588],[-113.79622,44.34507],[-113.79584,44.34507],[-113.79584,44.34453],[-113.79547,44.34453],[-113.79547,44.34399],[-113.79509,44.34399],[-113.79509,44.34372],[-113.79471,44.34372],[-113.79471,44.34345],[-113.79433,44.34345],[-113.79433,44.34318],[-113.79396,44.34318],[-113.79396,44.34291],[-113.79358,44.34291],[-113.79358,44.34264],[-113.7932,44.34264],[-113.7932,44.34237],[-113.79283,44.34237],[-113.79283,44.3421],[-113.79207,44.34183],[-113.79207,44.34156],[-113.7917,44.34156],[-113.7917,44.34129],[-113.79132,44.34129],[-113.79132,44.34103],[-113.79094,44.34103],[-113.79094,44.34076],[-113.79019,44.34076],[-113.79019,44.33914],[-113.79057,44.33914],[-113.79057,44.33887],[-113.79019,44.33887],[-113.79019,44.3386],[-113.78944,44.33887],[-113.78944,44.3386],[-113.78868,44.33833],[-113.78868,44.33617],[-113.78906,44.33617],[-113.78906,44.33564],[-113.78944,44.33564],[-113.78944,44.33537],[-113.78906,44.33537],[-113.78906,44.33483],[-113.78868,44.33483],[-113.78868,44.33456],[-113.78831,44.33456],[-113.78831,44.33429],[-113.78793,44.33429],[-113.78793,44.33402],[-113.78718,44.33375],[-113.78718,44.33348],[-113.7868,44.33348],[-113.7868,44.33267],[-113.78642,44.33267],[-113.78642,44.3324],[-113.7868,44.3324],[-113.7868,44.33186],[-113.78831,44.33186],[-113.78831,44.33159],[-113.78868,44.33159],[-113.78868,44.33105],[-113.78831,44.33105],[-113.78831,44.33051],[-113.78793,44.33051],[-113.78793,44.32917],[-113.78831,44.32917],[-113.78831,44.32836],[-113.78868,44.32836],[-113.78868,44.32755],[-113.78906,44.32755],[-113.78906,44.32674],[-113.78944,44.32674],[-113.78944,44.3262],[-113.78981,44.3262],[-113.78981,44.32566],[-113.79019,44.32566],[-113.79019,44.32513],[-113.79057,44.32513],[-113.79057,44.32459],[-113.79094,44.32459],[-113.79094,44.32432],[-113.79132,44.32432],[-113.79132,44.32405],[-113.79207,44.32405],[-113.79207,44.32378],[-113.79245,44.32378],[-113.79245,44.32405],[-113.79396,44.32405],[-113.79396,44.3227],[-113.79471,44.32243],[-113.79471,44.32189],[-113.79509,44.32189],[-113.79509,44.32135],[-113.79547,44.32135],[-113.79547,44.32054],[-113.79584,44.32054],[-113.79584,44.32],[-113.79622,44.32],[-113.79622,44.31893],[-113.7966,44.31893],[-113.7966,44.31839],[-113.79697,44.31839],[-113.79697,44.31785],[-113.79773,44.31758],[-113.79773,44.31704],[-113.7981,44.31704],[-113.7981,44.3165],[-113.79886,44.31623],[-113.79886,44.31569],[-113.79923,44.31569],[-113.79923,44.31542],[-113.79961,44.31542],[-113.79961,44.31515],[-113.79999,44.31515],[-113.79999,44.31488],[-113.80036,44.31488],[-113.80036,44.31461],[-113.80112,44.31461],[-113.80112,44.31408],[-113.80149,44.31408],[-113.80149,44.31381],[-113.80225,44.31354],[-113.80225,44.313],[-113.80262,44.313],[-113.80262,44.31273],[-113.80338,44.31246],[-113.80338,44.31219],[-113.80413,44.31219],[-113.80413,44.31192],[-113.80488,44.31192],[-113.80488,44.31165],[-113.80601,44.31165],[-113.80601,44.31138],[-113.80752,44.31111],[-113.80752,44.31084],[-113.80827,44.31057],[-113.80827,44.3103],[-113.8094,44.3103],[-113.8094,44.31057],[-113.81016,44.31057],[-113.81016,44.3103],[-113.81053,44.3103],[-113.81053,44.31003],[-113.80978,44.31003],[-113.80978,44.30976],[-113.8094,44.30976],[-113.8094,44.30949],[-113.80903,44.30949],[-113.80903,44.30922],[-113.80827,44.30922],[-113.80827,44.30896],[-113.8079,44.30896],[-113.8079,44.30869],[-113.80752,44.30869],[-113.80752,44.30842],[-113.80677,44.30842],[-113.80677,44.30815],[-113.80714,44.30815],[-113.80714,44.30788],[-113.8079,44.30788],[-113.8079,44.30761],[-113.80865,44.30734],[-113.80865,44.3068],[-113.80827,44.3068],[-113.80827,44.30626],[-113.80752,44.30599],[-113.80752,44.30572],[-113.80714,44.30572],[-113.80714,44.30545],[-113.80677,44.30545],[-113.80677,44.30464],[-113.80639,44.30464],[-113.80639,44.3041],[-113.80677,44.3041],[-113.80677,44.30357],[-113.80714,44.30357],[-113.80714,44.3033],[-113.80752,44.3033],[-113.80752,44.30303],[-113.8079,44.30303],[-113.8079,44.30249],[-113.80752,44.30249],[-113.80752,44.30222],[-113.80827,44.30222],[-113.80827,44.30276],[-113.80903,44.30276],[-113.80903,44.30303],[-113.81091,44.30303],[-113.81091,44.3033],[-113.81129,44.3033],[-113.81129,44.30384],[-113.81166,44.30384],[-113.81166,44.3041],[-113.81242,44.30437],[-113.81242,44.30464],[-113.81393,44.30491],[-113.81393,44.30518],[-113.81468,44.30518],[-113.81468,44.30545],[-113.81619,44.30545],[-113.81619,44.30572],[-113.81694,44.30572],[-113.81694,44.30599],[-113.81845,44.30626],[-113.81845,44.30653],[-113.81882,44.30653],[-113.81882,44.30707],[-113.8192,44.30707],[-113.8192,44.30734],[-113.82108,44.30734],[-113.82108,44.30707],[-113.82184,44.30707],[-113.82184,44.3068],[-113.82221,44.3068],[-113.82221,44.30653],[-113.82259,44.30653],[-113.82259,44.30626],[-113.82221,44.30626],[-113.82221,44.30599],[-113.82184,44.30599],[-113.82184,44.30572],[-113.82146,44.30572],[-113.82146,44.30545],[-113.82108,44.30545],[-113.82108,44.30491],[-113.82071,44.30491],[-113.82071,44.30464],[-113.82108,44.30464],[-113.82108,44.3041],[-113.82146,44.3041],[-113.82146,44.30384],[-113.82259,44.30384],[-113.82259,44.30437],[-113.82297,44.30437],[-113.82297,44.30491],[-113.82334,44.30491],[-113.82334,44.30518],[-113.82447,44.30518],[-113.82447,44.30599],[-113.82485,44.30599],[-113.82485,44.30626],[-113.82598,44.30626],[-113.82598,44.30599],[-113.82673,44.30599],[-113.82673,44.30572],[-113.82749,44.30545],[-113.82749,44.30572],[-113.82786,44.30572],[-113.82786,44.30626],[-113.82824,44.30626],[-113.82824,44.30653],[-113.82937,44.30653],[-113.82937,44.3068],[-113.83012,44.3068],[-113.83012,44.30707],[-113.83125,44.30707],[-113.83125,44.30734],[-113.83427,44.30734],[-113.83427,44.30761],[-113.83766,44.30761],[-113.83766,44.30734],[-113.83879,44.30734],[-113.83879,44.30707],[-113.83954,44.30707],[-113.83954,44.30653],[-113.84105,44.30626],[-113.84105,44.30599],[-113.8418,44.30599],[-113.8418,44.30545],[-113.84256,44.30545],[-113.84256,44.30572],[-113.84218,44.30572],[-113.84218,44.30599],[-113.84256,44.30599],[-113.84256,44.30626],[-113.84218,44.30626],[-113.84218,44.30788],[-113.84293,44.30788],[-113.84293,44.30815],[-113.84331,44.30815],[-113.84331,44.30788],[-113.84444,44.30788],[-113.84444,44.30761],[-113.84519,44.30734],[-113.84519,44.30707],[-113.84595,44.3068],[-113.84595,44.30653],[-113.84745,44.30653],[-113.84745,44.30545],[-113.84783,44.30545],[-113.84783,44.30491],[-113.84858,44.30464],[-113.84858,44.30437],[-113.84896,44.30437],[-113.84896,44.3041],[-113.84934,44.3041],[-113.84934,44.30384],[-113.85009,44.30384],[-113.85009,44.30357],[-113.85047,44.30357],[-113.85047,44.3033],[-113.8516,44.3033],[-113.8516,44.30357],[-113.85122,44.30357],[-113.85122,44.30491],[-113.85273,44.30491],[-113.85273,44.30518],[-113.85235,44.30518],[-113.85235,44.30572],[-113.85198,44.30572],[-113.85198,44.30653],[-113.85273,44.30653],[-113.85273,44.3068],[-113.85687,44.3068],[-113.85687,44.30653],[-113.86026,44.30653],[-113.86026,44.30707],[-113.85989,44.30707],[-113.85989,44.30734],[-113.85951,44.30734],[-113.85951,44.30761],[-113.858,44.30761],[-113.858,44.30788],[-113.85725,44.30815],[-113.85725,44.30922],[-113.85838,44.30922],[-113.85838,44.30896],[-113.85876,44.30896],[-113.85876,44.30869],[-113.85951,44.30869],[-113.85951,44.30842],[-113.86177,44.30815],[-113.86177,44.30869],[-113.86139,44.30869],[-113.86139,44.30896],[-113.86064,44.30896],[-113.86064,44.30922],[-113.86026,44.30922],[-113.86026,44.30976],[-113.85989,44.30976],[-113.85989,44.31003],[-113.85876,44.31003],[-113.85876,44.3103],[-113.85838,44.3103],[-113.85838,44.31057],[-113.85876,44.31057],[-113.85876,44.31084],[-113.86177,44.31084],[-113.86177,44.31057],[-113.8629,44.31057],[-113.8629,44.3103],[-113.86478,44.3103],[-113.86478,44.31057],[-113.86629,44.3103],[-113.86629,44.31057],[-113.86667,44.31057],[-113.86667,44.31084],[-113.86742,44.31084],[-113.86742,44.31111],[-113.8678,44.31111],[-113.8678,44.31084],[-113.86931,44.31084],[-113.86931,44.31111],[-113.87006,44.31111],[-113.87006,44.31138],[-113.87081,44.31165],[-113.87081,44.31246],[-113.87044,44.31246],[-113.87044,44.31273],[-113.87006,44.31273],[-113.87006,44.313],[-113.86893,44.313],[-113.86893,44.31327],[-113.86855,44.31327],[-113.86855,44.31381],[-113.86817,44.31381],[-113.86817,44.31461],[-113.86855,44.31461],[-113.86855,44.31488],[-113.86893,44.31488],[-113.86893,44.31461],[-113.87006,44.31461],[-113.87006,44.31488],[-113.87044,44.31488],[-113.87044,44.31542],[-113.87119,44.31569],[-113.87119,44.31623],[-113.87157,44.31623],[-113.87157,44.31677],[-113.87194,44.31677],[-113.87194,44.31731],[-113.87232,44.31731],[-113.87232,44.31785],[-113.86931,44.31785],[-113.86931,44.31758],[-113.86855,44.31758],[-113.86855,44.31785],[-113.8678,44.31785],[-113.8678,44.31812],[-113.86704,44.31839],[-113.86704,44.3192],[-113.86742,44.3192],[-113.86742,44.31947],[-113.86817,44.31947],[-113.86817,44.32],[-113.86855,44.32],[-113.86855,44.32081],[-113.86893,44.32081],[-113.86893,44.32189],[-113.86667,44.32189],[-113.86667,44.32135],[-113.86629,44.32135],[-113.86629,44.32081],[-113.86554,44.32081],[-113.86554,44.32108],[-113.86365,44.32108],[-113.86365,44.32135],[-113.86328,44.32135],[-113.86328,44.32108],[-113.86139,44.32108],[-113.86139,44.32135],[-113.86102,44.32135],[-113.86102,44.32189],[-113.86064,44.32189],[-113.86064,44.32216],[-113.86026,44.32216],[-113.86026,44.32243],[-113.85989,44.32243],[-113.85989,44.32297],[-113.85951,44.32297],[-113.85951,44.32324],[-113.85913,44.32324],[-113.85913,44.32351],[-113.85876,44.32351],[-113.85876,44.32378],[-113.858,44.32378],[-113.858,44.32405],[-113.85687,44.32405],[-113.85687,44.32432],[-113.85612,44.32459],[-113.85612,44.3262],[-113.8565,44.3262],[-113.8565,44.32647],[-113.85725,44.32647],[-113.85725,44.3262],[-113.85913,44.3262],[-113.85913,44.32647],[-113.86064,44.32674],[-113.86064,44.32701],[-113.86102,44.32701],[-113.86102,44.32755],[-113.86177,44.32782],[-113.86177,44.32863],[-113.86215,44.32863],[-113.86215,44.3289],[-113.86139,44.3289],[-113.86139,44.32971],[-113.86177,44.32971],[-113.86177,44.33105],[-113.86252,44.33078],[-113.86252,44.33051],[-113.86215,44.33051],[-113.86215,44.32971],[-113.86252,44.32971],[-113.86252,44.32944],[-113.86365,44.32944],[-113.86365,44.32917],[-113.86516,44.32917],[-113.86516,44.3289],[-113.86554,44.3289],[-113.86554,44.32917],[-113.86591,44.32917],[-113.86591,44.32971],[-113.86629,44.32971],[-113.86629,44.33051],[-113.86591,44.33051],[-113.86591,44.33132],[-113.86554,44.33132],[-113.86554,44.33186],[-113.86591,44.33186],[-113.86591,44.33213],[-113.86629,44.33213],[-113.86629,44.3324],[-113.86667,44.3324],[-113.86667,44.33213],[-113.86742,44.33213],[-113.86742,44.33186],[-113.8678,44.33186],[-113.8678,44.33159],[-113.86855,44.33159],[-113.86855,44.3324],[-113.86893,44.3324],[-113.86893,44.33267],[-113.86855,44.33267],[-113.86855,44.33321],[-113.8678,44.33321],[-113.8678,44.33348],[-113.86742,44.33348],[-113.86742,44.33429],[-113.86704,44.33429],[-113.86704,44.33456],[-113.86629,44.33456],[-113.86629,44.33483],[-113.86591,44.33483],[-113.86591,44.33456],[-113.86516,44.33456],[-113.86516,44.33429],[-113.86403,44.33429],[-113.86403,44.33456],[-113.86365,44.33456],[-113.86365,44.3351],[-113.86403,44.3351],[-113.86403,44.33537],[-113.86554,44.33564],[-113.86554,44.33617],[-113.86591,44.33617],[-113.86591,44.33752],[-113.86554,44.33752],[-113.86554,44.33779],[-113.86516,44.33779],[-113.86516,44.33806],[-113.86478,44.33806],[-113.86478,44.3386],[-113.8629,44.3386],[-113.8629,44.33833],[-113.86215,44.33833],[-113.86215,44.3386],[-113.86139,44.33887],[-113.86139,44.33968],[-113.86177,44.33968],[-113.86177,44.33995],[-113.8629,44.33995],[-113.8629,44.34022],[-113.86478,44.34022],[-113.86478,44.34049],[-113.86742,44.34049],[-113.86742,44.34076],[-113.8678,44.34076],[-113.8678,44.34291],[-113.86855,44.34291],[-113.86855,44.34318],[-113.86931,44.34345],[-113.86931,44.34372],[-113.86855,44.34399],[-113.86855,44.3448],[-113.86704,44.3448],[-113.86704,44.34318],[-113.86591,44.34318],[-113.86591,44.34291],[-113.86252,44.34291],[-113.86252,44.34318],[-113.86177,44.34318],[-113.86177,44.34345],[-113.86139,44.34345],[-113.86139,44.34399],[-113.86102,44.34399],[-113.86102,44.34426],[-113.86026,44.34453],[-113.86026,44.34507],[-113.85989,44.34507],[-113.85989,44.34588],[-113.86026,44.34588],[-113.86026,44.34615],[-113.86102,44.34615],[-113.86102,44.34642],[-113.86177,44.34642],[-113.86177,44.34668],[-113.86252,44.34668],[-113.86252,44.34695],[-113.86328,44.34695],[-113.86328,44.34722],[-113.86403,44.34749],[-113.86403,44.34776],[-113.86478,44.34776],[-113.86478,44.34803],[-113.86629,44.34803],[-113.86629,44.34857],[-113.86667,44.34857],[-113.86667,44.34884],[-113.86817,44.34884],[-113.86817,44.34911],[-113.86855,44.34911],[-113.86855,44.34938],[-113.86817,44.34938],[-113.86817,44.35019],[-113.86855,44.35019],[-113.86855,44.35073],[-113.86893,44.35073],[-113.86893,44.351],[-113.86817,44.351],[-113.86817,44.35046],[-113.86704,44.35046],[-113.86704,44.35073],[-113.86667,44.35073],[-113.86667,44.35127],[-113.86629,44.35127],[-113.86629,44.35154],[-113.86554,44.3518],[-113.86554,44.35207],[-113.86365,44.35207],[-113.86365,44.3518],[-113.8629,44.3518],[-113.8629,44.35154],[-113.86215,44.35127],[-113.86215,44.35046],[-113.86177,44.35046],[-113.86177,44.35019],[-113.86064,44.35019],[-113.86064,44.35046],[-113.85989,44.35073],[-113.85989,44.351],[-113.85838,44.35127],[-113.85838,44.35154],[-113.858,44.35154],[-113.858,44.35234],[-113.85838,44.35234],[-113.85838,44.35288],[-113.85913,44.35288],[-113.85913,44.35315],[-113.85951,44.35315],[-113.85951,44.35477],[-113.85913,44.35477],[-113.85913,44.35612],[-113.85951,44.35612],[-113.85951,44.35693],[-113.85876,44.35693],[-113.85876,44.35666],[-113.85838,44.35666],[-113.85838,44.35612],[-113.858,44.35612],[-113.858,44.35531],[-113.85838,44.35531],[-113.85838,44.35423],[-113.858,44.35423],[-113.858,44.35369],[-113.85763,44.35369],[-113.85763,44.35342],[-113.8516,44.35315],[-113.8516,44.35342],[-113.85085,44.35369],[-113.85085,44.35423],[-113.85047,44.35423],[-113.85047,44.3545],[-113.85009,44.3545],[-113.85009,44.35477],[-113.84971,44.35477],[-113.84971,44.35504],[-113.84934,44.35504],[-113.84934,44.35531],[-113.84896,44.35531],[-113.84896,44.35585],[-113.84858,44.35585],[-113.84858,44.35639],[-113.84783,44.35666],[-113.84783,44.35746],[-113.84745,44.35746],[-113.84745,44.35827],[-113.84783,44.35827],[-113.84783,44.35854],[-113.84821,44.35854],[-113.84821,44.35881],[-113.84934,44.35881],[-113.84934,44.35908],[-113.85047,44.35908],[-113.85047,44.35881],[-113.85198,44.35854],[-113.85198,44.35827],[-113.85273,44.35827],[-113.85273,44.35854],[-113.85348,44.35881],[-113.85348,44.35962],[-113.85311,44.35962],[-113.85311,44.36016],[-113.85348,44.36016],[-113.85348,44.3607],[-113.85424,44.3607],[-113.85424,44.36097],[-113.85499,44.36124],[-113.85499,44.36151],[-113.85461,44.36151],[-113.85461,44.36178],[-113.85348,44.36178],[-113.85348,44.36205],[-113.85273,44.36205],[-113.85273,44.36178],[-113.8516,44.36178],[-113.8516,44.36205],[-113.85122,44.36205],[-113.85122,44.36258],[-113.8516,44.36258],[-113.8516,44.36312],[-113.85198,44.36312],[-113.85198,44.36393],[-113.85085,44.36393],[-113.85085,44.36366],[-113.85009,44.36339],[-113.85009,44.36312],[-113.84934,44.36312],[-113.84934,44.36285],[-113.84783,44.36285],[-113.84783,44.36366],[-113.84821,44.36366],[-113.84821,44.36393],[-113.84858,44.36393],[-113.84858,44.3642],[-113.84971,44.3642],[-113.84971,44.36447],[-113.85009,44.36447],[-113.85009,44.36474],[-113.85085,44.36474],[-113.85085,44.36501],[-113.85122,44.36501],[-113.85122,44.36528],[-113.85273,44.36528],[-113.85273,44.36501],[-113.85348,44.36501],[-113.85348,44.36474],[-113.85386,44.36474],[-113.85386,44.36447],[-113.85461,44.3642],[-113.85461,44.36393],[-113.85499,44.36393],[-113.85499,44.36366],[-113.85574,44.36339],[-113.85574,44.36151],[-113.85612,44.36151],[-113.85612,44.36124],[-113.85725,44.36124],[-113.85725,44.36151],[-113.85763,44.36151],[-113.85763,44.36124],[-113.858,44.36124],[-113.858,44.36097],[-113.85838,44.36097],[-113.85838,44.3607],[-113.85913,44.36043],[-113.85913,44.36016],[-113.85989,44.36016],[-113.85989,44.35989],[-113.86064,44.35989],[-113.86064,44.36016],[-113.86102,44.36016],[-113.86102,44.36043],[-113.86177,44.36043],[-113.86177,44.3607],[-113.86102,44.3607],[-113.86102,44.36124],[-113.86026,44.36124],[-113.86026,44.36232],[-113.85951,44.36232],[-113.85951,44.36258],[-113.85876,44.36258],[-113.85876,44.36285],[-113.858,44.36285],[-113.858,44.36339],[-113.85763,44.36339],[-113.85763,44.3642],[-113.85725,44.3642],[-113.85725,44.36663],[-113.85687,44.36663],[-113.85687,44.3669],[-113.8565,44.3669],[-113.8565,44.36717],[-113.85612,44.36717],[-113.85612,44.36744],[-113.85574,44.36744],[-113.85574,44.36771],[-113.85537,44.36771],[-113.85537,44.36824],[-113.85499,44.36824],[-113.85499,44.36905],[-113.85537,44.36905],[-113.85537,44.36986],[-113.85574,44.36986],[-113.85574,44.37013],[-113.85612,44.37013],[-113.85612,44.37067],[-113.8565,44.37067],[-113.8565,44.37229],[-113.85499,44.37229],[-113.85499,44.37202],[-113.85348,44.37175],[-113.85348,44.37148],[-113.85311,44.37148],[-113.85311,44.37094],[-113.85273,44.37094],[-113.85273,44.3704],[-113.85235,44.3704],[-113.85235,44.36986],[-113.85198,44.36986],[-113.85198,44.36932],[-113.85122,44.36932],[-113.85122,44.3704],[-113.85085,44.3704],[-113.85085,44.37067],[-113.85122,44.37067],[-113.85122,44.37094],[-113.85085,44.37094],[-113.85085,44.37121],[-113.85122,44.37121],[-113.85122,44.37229],[-113.85085,44.37229],[-113.85085,44.37309],[-113.85047,44.37309],[-113.85047,44.37444],[-113.85085,44.37444],[-113.85085,44.37498],[-113.8516,44.37525],[-113.8516,44.37579],[-113.85047,44.37579],[-113.85047,44.37606],[-113.85009,44.37606],[-113.85009,44.37633],[-113.84934,44.37633],[-113.84934,44.3766],[-113.84858,44.3766],[-113.84858,44.37687],[-113.84783,44.37687],[-113.84783,44.37714],[-113.84708,44.37714],[-113.84708,44.37741],[-113.84632,44.37741],[-113.84632,44.37768],[-113.8467,44.37768],[-113.8467,44.37795],[-113.84444,44.37795],[-113.84444,44.37741],[-113.84369,44.37741],[-113.84369,44.37714],[-113.84293,44.37714],[-113.84293,44.37687],[-113.84256,44.37687],[-113.84256,44.37741],[-113.84143,44.37741],[-113.84143,44.37714],[-113.84105,44.37714],[-113.84105,44.37687],[-113.8403,44.37687],[-113.8403,44.37633],[-113.83992,44.37633],[-113.83992,44.37606],[-113.83917,44.37606],[-113.83917,44.37579],[-113.83804,44.37579],[-113.83804,44.37552],[-113.83766,44.37552],[-113.83766,44.37525],[-113.83691,44.37525],[-113.83691,44.37498],[-113.83653,44.37498],[-113.83653,44.37471],[-113.8354,44.37471],[-113.8354,44.37498],[-113.83578,44.37498],[-113.83578,44.37552],[-113.83615,44.37552],[-113.83615,44.37579],[-113.83653,44.37579],[-113.83653,44.37606],[-113.83691,44.37606],[-113.83691,44.3766],[-113.83728,44.3766],[-113.83728,44.37714],[-113.83766,44.37714],[-113.83766,44.37768],[-113.83804,44.37768],[-113.83804,44.37822],[-113.83879,44.37822],[-113.83879,44.37848],[-113.83804,44.37848],[-113.83804,44.37875],[-113.83766,44.37875],[-113.83766,44.37902],[-113.83615,44.37902],[-113.83615,44.37875],[-113.83578,44.37875]],[[-113.85424,44.36878],[-113.85386,44.36878],[-113.85386,44.36959],[-113.85461,44.36959],[-113.85461,44.36932],[-113.85424,44.36932],[-113.85424,44.36878]],[[-113.84971,44.36771],[-113.84934,44.36771],[-113.84934,44.36744],[-113.84858,44.36717],[-113.84858,44.36905],[-113.85047,44.36905],[-113.85047,44.36878],[-113.84971,44.36878],[-113.84971,44.36771]],[[-113.83804,44.36717],[-113.83728,44.36744],[-113.83728,44.36797],[-113.83841,44.36797],[-113.83841,44.3669],[-113.83804,44.3669],[-113.83804,44.36717]],[[-113.86403,44.34938],[-113.86328,44.34938],[-113.86328,44.34992],[-113.86365,44.34992],[-113.86365,44.34965],[-113.86403,44.34965],[-113.86403,44.34938]],[[-113.8403,44.34049],[-113.84067,44.34049],[-113.84067,44.33968],[-113.8403,44.33968],[-113.8403,44.33995],[-113.83954,44.33995],[-113.83954,44.34129],[-113.83917,44.34129],[-113.83917,44.34183],[-113.83992,44.34183],[-113.83992,44.34076],[-113.8403,44.34076],[-113.8403,44.34049]],[[-113.83163,44.33752],[-113.83201,44.33752],[-113.83201,44.33725],[-113.83163,44.33725],[-113.83163,44.33752]],[[-113.83201,44.33429],[-113.83239,44.33429],[-113.83239,44.33402],[-113.83201,44.33402],[-113.83201,44.33429]],[[-113.83125,44.33321],[-113.83088,44.33321],[-113.83088,44.3324],[-113.8305,44.3324],[-113.8305,44.33186],[-113.83012,44.33186],[-113.83012,44.33159],[-113.82899,44.33159],[-113.82899,44.33186],[-113.82824,44.33186],[-113.82824,44.33294],[-113.82899,44.33294],[-113.82899,44.33321],[-113.8305,44.33348],[-113.8305,44.33375],[-113.83088,44.33375],[-113.83088,44.33348],[-113.83125,44.33348],[-113.83125,44.33321]],[[-113.83163,44.33321],[-113.83201,44.33321],[-113.83201,44.33294],[-113.83163,44.33294],[-113.83163,44.33321]],[[-113.86064,44.32917],[-113.86102,44.32917],[-113.86102,44.3289],[-113.86064,44.3289],[-113.86064,44.32917]],[[-113.82297,44.32674],[-113.82334,44.32674],[-113.82334,44.32647],[-113.82297,44.32647],[-113.82297,44.32674]],[[-113.86328,44.31084],[-113.86365,44.31084],[-113.86365,44.31057],[-113.86328,44.31057],[-113.86328,44.31084]]],[[[-113.86177,44.35585],[-113.86139,44.35585],[-113.86139,44.35558],[-113.86177,44.35558],[-113.86177,44.35585]]],[[[-113.86177,44.35585],[-113.86215,44.35585],[-113.86215,44.35612],[-113.86177,44.35612],[-113.86177,44.35585]]],[[[-113.86252,44.35639],[-113.86215,44.35639],[-113.86215,44.35612],[-113.86252,44.35612],[-113.86252,44.35639]]],[[[-113.86328,44.35719],[-113.8629,44.35719],[-113.8629,44.35666],[-113.86328,44.35666],[-113.86328,44.35719]]],[[[-113.84934,44.36824],[-113.84896,44.36824],[-113.84896,44.36797],[-113.84934,44.36797],[-113.84934,44.36824]]],[[[-113.8565,44.37229],[-113.85725,44.37229],[-113.85725,44.37202],[-113.858,44.37175],[-113.858,44.37202],[-113.85876,44.37202],[-113.85876,44.37283],[-113.85725,44.37283],[-113.85725,44.37256],[-113.8565,44.37256],[-113.8565,44.37229]]]]},"properties":{"layer":"predicted_reach_h18","fire_name":"Doublesprings","irwin_id":"{960C064B-1764-4834-BD28-90FB69A4AB4A}","model":"arrival_run","checkpoint_epoch":216,"decode":"connected_causal","operating_point":{"floor":0.0,"mult":0.9},"val_precision":null,"val_recall":null,"model_caveat":"arrival_run chosen for best RECALL among the six FlameFlux v3 candidates on the production-valid t0-window corpus (R=0.624 on the fc2 held-out fires, R=0.432 on Dillon -- see candidate_comparison.md from the 2026-07-24 comparison). It does NOT meet the project's P>=0.50/R>=0.80 target: precision is the WORST of the six (P=0.120 on fc2 -- most flagged growth is wrong), and wind_run actually edges it on F1. IMPORTANT CAVEAT: arrival_run trained on the leaky 'observed' corpus (crop centered/sized on t0|t1, i.e. it saw the future perimeter's geometry during training) and has NEVER seen a t0-window crop -- the ONLY geometry this live pipeline can ever produce at forecast time (the future perimeter is, by definition, unknown). So every live prediction from this model is out-of-distribution relative to its own training. The measured t0-window numbers above already reflect that (they are not a surprise), but this is 'best available', not 'production-ready' -- represent it that way. The operating_point (floor=0.0, mult=0.9) is the VAL-selected connected-causal decode point; it did NOT clear the 0.50 precision floor during selection (feasible=False, val P=0.270/R=0.259) -- it's the best-F1 fallback point, not a precision-guaranteed one.","issued_at_utc":"2026-08-05 02:36:31.645281+00:00","valid_from_utc":"2026-08-05 00:00:00","valid_to_utc":"2026-08-06 00:00:00","wfigs_date_current_utc":"2026-08-05 02:05:06+00:00","pixel_size_m":30,"veg_source":"refreshed_d4","physics_source":"eikonal_fbfm40","history_n_dates":1,"degraded_history":true,"containment_pct":0.0,"acres_wfigs":1021.012899130312,"hour":18,"valid_at_utc":"2026-08-05 18:00:00"}},{"type":"Feature","geometry":{"type":"MultiPolygon","coordinates":[[[[-113.80752,44.3006],[-113.80752,44.30087],[-113.80714,44.30087],[-113.80714,44.3006],[-113.80752,44.3006]]],[[[-113.81769,44.30384],[-113.81769,44.30357],[-113.81732,44.30357],[-113.81732,44.30303],[-113.81845,44.30303],[-113.81845,44.3033],[-113.8192,44.30357],[-113.8192,44.3041],[-113.81769,44.30384]]],[[[-113.87119,44.31165],[-113.87081,44.31165],[-113.87081,44.31138],[-113.87119,44.31138],[-113.87119,44.31165]]],[[[-113.86591,44.3359],[-113.86591,44.33671],[-113.86629,44.33671],[-113.86629,44.33779],[-113.86554,44.33779],[-113.86554,44.33806],[-113.86478,44.33833],[-113.86478,44.33887],[-113.86328,44.33887],[-113.86328,44.3386],[-113.86215,44.3386],[-113.86215,44.33887],[-113.86177,44.33887],[-113.86177,44.33968],[-113.86215,44.33968],[-113.86215,44.33995],[-113.86441,44.33995],[-113.86441,44.34022],[-113.86516,44.34022],[-113.86516,44.34049],[-113.8678,44.34049],[-113.8678,44.34103],[-113.86817,44.34103],[-113.86817,44.34264],[-113.86855,44.34264],[-113.86855,44.34291],[-113.86931,44.34318],[-113.86931,44.34345],[-113.87044,44.34345],[-113.87044,44.34372],[-113.87119,44.34372],[-113.87119,44.34426],[-113.87157,44.34426],[-113.87157,44.34534],[-113.87232,44.34561],[-113.87232,44.34642],[-113.8727,44.34642],[-113.8727,44.34695],[-113.87307,44.34695],[-113.87307,44.34749],[-113.87345,44.34749],[-113.87345,44.34803],[-113.87383,44.34803],[-113.87383,44.3483],[-113.87458,44.3483],[-113.87458,44.34857],[-113.87533,44.34857],[-113.87533,44.34884],[-113.87609,44.34884],[-113.87609,44.34911],[-113.87684,44.34911],[-113.87684,44.34938],[-113.87759,44.34938],[-113.87759,44.34965],[-113.87835,44.34965],[-113.87835,44.34992],[-113.87797,44.34992],[-113.87797,44.35046],[-113.87609,44.35046],[-113.87609,44.35019],[-113.87496,44.35019],[-113.87496,44.34992],[-113.87345,44.34992],[-113.87345,44.34965],[-113.8727,44.34965],[-113.8727,44.34938],[-113.87157,44.34938],[-113.87157,44.34911],[-113.87119,44.34911],[-113.87119,44.34857],[-113.87081,44.34857],[-113.87081,44.34749],[-113.87119,44.34749],[-113.87119,44.34642],[-113.87044,44.34615],[-113.87044,44.34507],[-113.87006,44.34507],[-113.87006,44.3448],[-113.87044,44.3448],[-113.87044,44.34426],[-113.86968,44.34426],[-113.86968,44.34399],[-113.86931,44.34399],[-113.86931,44.34453],[-113.86893,44.34453],[-113.86893,44.34507],[-113.86704,44.34507],[-113.86704,44.3448],[-113.86667,44.3448],[-113.86667,44.34345],[-113.86591,44.34345],[-113.86591,44.34318],[-113.86252,44.34318],[-113.86252,44.34345],[-113.86177,44.34345],[-113.86177,44.34399],[-113.86102,44.34426],[-113.86102,44.3448],[-113.86064,44.3448],[-113.86064,44.34588],[-113.86139,44.34588],[-113.86139,44.34615],[-113.86177,44.34615],[-113.86177,44.34642],[-113.8629,44.34642],[-113.8629,44.34668],[-113.86365,44.34668],[-113.86365,44.34722],[-113.86403,44.34722],[-113.86403,44.34749],[-113.86591,44.34749],[-113.86591,44.34776],[-113.86629,44.34776],[-113.86629,44.34803],[-113.86667,44.34803],[-113.86667,44.3483],[-113.86704,44.3483],[-113.86704,44.34857],[-113.86817,44.34857],[-113.86817,44.34884],[-113.86893,44.34884],[-113.86893,44.35019],[-113.86931,44.35019],[-113.86931,44.35073],[-113.86968,44.35073],[-113.86968,44.35154],[-113.87006,44.35154],[-113.87006,44.35234],[-113.87081,44.35234],[-113.87081,44.35261],[-113.86931,44.35288],[-113.86931,44.35261],[-113.86855,44.35261],[-113.86855,44.35234],[-113.86817,44.35234],[-113.86817,44.35207],[-113.86742,44.35207],[-113.86742,44.3518],[-113.86629,44.3518],[-113.86629,44.35207],[-113.86554,44.35207],[-113.86554,44.35234],[-113.86478,44.35234],[-113.86478,44.35261],[-113.86441,44.35261],[-113.86441,44.35234],[-113.86365,44.35234],[-113.86365,44.35207],[-113.86215,44.35207],[-113.86215,44.3518],[-113.86177,44.3518],[-113.86177,44.35154],[-113.86102,44.35154],[-113.86102,44.35127],[-113.85876,44.35127],[-113.85876,44.35154],[-113.85838,44.35154],[-113.85838,44.35234],[-113.85876,44.35234],[-113.85876,44.35261],[-113.85913,44.35261],[-113.85913,44.35288],[-113.85989,44.35288],[-113.85989,44.35315],[-113.86026,44.35315],[-113.86026,44.35342],[-113.86064,44.35342],[-113.86064,44.35369],[-113.86026,44.35369],[-113.86026,44.35396],[-113.86064,44.35396],[-113.86064,44.35423],[-113.86026,44.35423],[-113.86026,44.3545],[-113.86064,44.3545],[-113.86064,44.35477],[-113.86102,44.35477],[-113.86102,44.35504],[-113.86177,44.35504],[-113.86177,44.35531],[-113.86252,44.35558],[-113.86252,44.35612],[-113.8629,44.35612],[-113.8629,44.35639],[-113.86328,44.35639],[-113.86328,44.35666],[-113.86403,44.35693],[-113.86403,44.35719],[-113.86441,44.35719],[-113.86441,44.35854],[-113.86403,44.35854],[-113.86403,44.35935],[-113.86328,44.35935],[-113.86328,44.35962],[-113.8629,44.35962],[-113.8629,44.35746],[-113.86177,44.35746],[-113.86177,44.358],[-113.86102,44.358],[-113.86102,44.35773],[-113.858,44.35773],[-113.858,44.358],[-113.85763,44.358],[-113.85763,44.35854],[-113.85687,44.35881],[-113.85687,44.358],[-113.85725,44.358],[-113.85725,44.35773],[-113.85763,44.35773],[-113.85763,44.35719],[-113.858,44.35719],[-113.858,44.35639],[-113.85763,44.35639],[-113.85763,44.35558],[-113.858,44.35558],[-113.858,44.35396],[-113.85763,44.35396],[-113.85763,44.35369],[-113.85348,44.35369],[-113.85348,44.35342],[-113.85311,44.35342],[-113.85311,44.35369],[-113.8516,44.35369],[-113.8516,44.35396],[-113.85085,44.35423],[-113.85085,44.35477],[-113.85047,44.35477],[-113.85047,44.35504],[-113.84971,44.35531],[-113.84971,44.35558],[-113.84934,44.35558],[-113.84934,44.35666],[-113.84971,44.35666],[-113.84971,44.35693],[-113.84934,44.35693],[-113.84934,44.35746],[-113.84858,44.35746],[-113.84858,44.35773],[-113.84821,44.35773],[-113.84821,44.35827],[-113.84896,44.35827],[-113.84896,44.35854],[-113.85009,44.35854],[-113.85009,44.35881],[-113.85047,44.35881],[-113.85047,44.35854],[-113.85122,44.35854],[-113.85122,44.35827],[-113.85198,44.35827],[-113.85198,44.358],[-113.85348,44.35827],[-113.85348,44.36016],[-113.85386,44.36016],[-113.85386,44.36043],[-113.85424,44.36043],[-113.85424,44.3607],[-113.85461,44.3607],[-113.85461,44.36097],[-113.858,44.36097],[-113.858,44.3607],[-113.85876,44.36043],[-113.85876,44.36016],[-113.85951,44.35989],[-113.85951,44.35962],[-113.86026,44.35962],[-113.86026,44.35935],[-113.86102,44.35935],[-113.86102,44.35962],[-113.86139,44.35962],[-113.86139,44.35989],[-113.86252,44.35989],[-113.86252,44.36043],[-113.8629,44.36043],[-113.8629,44.3607],[-113.86252,44.3607],[-113.86252,44.36124],[-113.86215,44.36124],[-113.86215,44.36178],[-113.86177,44.36178],[-113.86177,44.36285],[-113.86102,44.36258],[-113.86102,44.36285],[-113.85951,44.36285],[-113.85951,44.36312],[-113.85838,44.36312],[-113.85838,44.36339],[-113.858,44.36339],[-113.858,44.36393],[-113.85763,44.36393],[-113.85763,44.36636],[-113.85725,44.36636],[-113.85725,44.3669],[-113.8565,44.36717],[-113.8565,44.36771],[-113.85574,44.36797],[-113.85574,44.36986],[-113.8565,44.37013],[-113.8565,44.37067],[-113.85687,44.37067],[-113.85687,44.37121],[-113.85725,44.37121],[-113.85725,44.37148],[-113.85763,44.37148],[-113.85763,44.37175],[-113.85838,44.37175],[-113.85838,44.37202],[-113.85876,44.37202],[-113.85876,44.37229],[-113.85913,44.37229],[-113.85913,44.37283],[-113.85838,44.37283],[-113.85838,44.37309],[-113.85687,44.37309],[-113.85687,44.37283],[-113.8565,44.37283],[-113.8565,44.37256],[-113.85424,44.37229],[-113.85424,44.37202],[-113.85386,44.37202],[-113.85386,44.37175],[-113.85311,44.37175],[-113.85311,44.37148],[-113.85273,44.37148],[-113.85273,44.37094],[-113.85235,44.37094],[-113.85235,44.37067],[-113.8516,44.3704],[-113.8516,44.37148],[-113.85198,44.37148],[-113.85198,44.37202],[-113.8516,44.37202],[-113.8516,44.37229],[-113.85122,44.37229],[-113.85122,44.37283],[-113.85085,44.37283],[-113.85085,44.37444],[-113.8516,44.37471],[-113.8516,44.37552],[-113.85198,44.37552],[-113.85198,44.37633],[-113.85085,44.37633],[-113.85085,44.3766],[-113.85047,44.3766],[-113.85047,44.37687],[-113.84971,44.37687],[-113.84971,44.37714],[-113.84934,44.37714],[-113.84934,44.37741],[-113.84858,44.37741],[-113.84858,44.37768],[-113.84708,44.37795],[-113.84708,44.37848],[-113.84632,44.37848],[-113.84632,44.37875],[-113.84519,44.37875],[-113.84519,44.37848],[-113.84444,44.37848],[-113.84444,44.37822],[-113.84369,44.37795],[-113.84369,44.37768],[-113.84256,44.37768],[-113.84256,44.37795],[-113.84143,44.37795],[-113.84143,44.37822],[-113.8418,44.37822],[-113.8418,44.37848],[-113.84143,44.37848],[-113.84143,44.37875],[-113.8403,44.37875],[-113.8403,44.37902],[-113.83766,44.37902],[-113.83766,44.37929],[-113.83615,44.37929],[-113.83615,44.37902],[-113.8354,44.37902],[-113.8354,44.37848],[-113.83465,44.37822],[-113.83465,44.37768],[-113.83427,44.37768],[-113.83427,44.37714],[-113.83389,44.37714],[-113.83389,44.3766],[-113.83352,44.3766],[-113.83352,44.37633],[-113.83314,44.37633],[-113.83314,44.37606],[-113.83276,44.37606],[-113.83276,44.37579],[-113.83239,44.37579],[-113.83239,44.37525],[-113.83163,44.37498],[-113.83163,44.37417],[-113.83125,44.37417],[-113.83125,44.37283],[-113.83163,44.37283],[-113.83163,44.37256],[-113.83125,44.37256],[-113.83125,44.37229],[-113.83201,44.37202],[-113.83201,44.37229],[-113.83276,44.37229],[-113.83276,44.37256],[-113.83352,44.37256],[-113.83352,44.37283],[-113.83389,44.37283],[-113.83389,44.37256],[-113.83427,44.37256],[-113.83427,44.37229],[-113.83465,44.37229],[-113.83465,44.37202],[-113.83427,44.37202],[-113.83427,44.37175],[-113.83389,44.37175],[-113.83389,44.37148],[-113.83352,44.37148],[-113.83352,44.37175],[-113.83276,44.37148],[-113.83276,44.37121],[-113.83314,44.37121],[-113.83314,44.37067],[-113.83352,44.37067],[-113.83352,44.37094],[-113.83389,44.37094],[-113.83389,44.37067],[-113.83615,44.37067],[-113.83615,44.3704],[-113.83691,44.37067],[-113.83691,44.36959],[-113.83314,44.36959],[-113.83314,44.36932],[-113.83276,44.36932],[-113.83276,44.36851],[-113.83314,44.36851],[-113.83314,44.36824],[-113.83239,44.36824],[-113.83239,44.36797],[-113.83201,44.36797],[-113.83201,44.36771],[-113.8305,44.36771],[-113.8305,44.36744],[-113.82862,44.36744],[-113.82862,44.36717],[-113.82523,44.36717],[-113.82523,44.3669],[-113.82297,44.36663],[-113.82297,44.36636],[-113.82259,44.36636],[-113.82259,44.36609],[-113.82184,44.36609],[-113.82184,44.36555],[-113.82108,44.36555],[-113.82108,44.36447],[-113.8192,44.36447],[-113.8192,44.36501],[-113.81807,44.36501],[-113.81807,44.36447],[-113.81732,44.36447],[-113.81732,44.36393],[-113.81769,44.36393],[-113.81769,44.36366],[-113.81995,44.36366],[-113.81995,44.3642],[-113.82033,44.3642],[-113.82033,44.36393],[-113.82108,44.3642],[-113.82108,44.36366],[-113.82146,44.36366],[-113.82146,44.36312],[-113.82184,44.36312],[-113.82184,44.36285],[-113.82146,44.36285],[-113.82146,44.36258],[-113.82184,44.36258],[-113.82184,44.36232],[-113.82146,44.36232],[-113.82146,44.36205],[-113.82184,44.36205],[-113.82184,44.36124],[-113.82146,44.36124],[-113.82146,44.36151],[-113.82071,44.36124],[-113.82071,44.36151],[-113.82033,44.36151],[-113.82033,44.36124],[-113.81958,44.36124],[-113.81958,44.3607],[-113.8192,44.3607],[-113.8192,44.36043],[-113.81958,44.36043],[-113.81958,44.36016],[-113.8192,44.36016],[-113.8192,44.35989],[-113.81958,44.35989],[-113.81958,44.35935],[-113.82108,44.35935],[-113.82108,44.35908],[-113.82146,44.35908],[-113.82146,44.35935],[-113.82184,44.35935],[-113.82184,44.35908],[-113.82259,44.35935],[-113.82259,44.35881],[-113.82297,44.35881],[-113.82297,44.35908],[-113.82334,44.35908],[-113.82334,44.35881],[-113.8241,44.35908],[-113.8241,44.35881],[-113.82447,44.35881],[-113.82447,44.35908],[-113.82523,44.35908],[-113.82523,44.35935],[-113.8256,44.35935],[-113.8256,44.35908],[-113.82711,44.35881],[-113.82711,44.35746],[-113.82636,44.35719],[-113.82636,44.35666],[-113.82598,44.35666],[-113.82598,44.35639],[-113.8256,44.35639],[-113.8256,44.35558],[-113.82598,44.35558],[-113.82598,44.35531],[-113.82523,44.35531],[-113.82523,44.35504],[-113.82447,44.35504],[-113.82447,44.35477],[-113.82146,44.35477],[-113.82146,44.35504],[-113.81882,44.35504],[-113.81882,44.35531],[-113.81694,44.35531],[-113.81694,44.35558],[-113.81656,44.35558],[-113.81656,44.35531],[-113.81053,44.35531],[-113.81053,44.35504],[-113.80978,44.35477],[-113.80978,44.3545],[-113.80903,44.3545],[-113.80903,44.35423],[-113.80827,44.35423],[-113.80827,44.35396],[-113.80752,44.35396],[-113.80752,44.35369],[-113.80714,44.35369],[-113.80714,44.35396],[-113.80639,44.35396],[-113.80639,44.35423],[-113.80488,44.35423],[-113.80488,44.3545],[-113.80451,44.3545],[-113.80451,44.35423],[-113.80413,44.35423],[-113.80413,44.3545],[-113.80375,44.3545],[-113.80375,44.35423],[-113.803,44.35423],[-113.803,44.35369],[-113.80262,44.35369],[-113.80262,44.35342],[-113.803,44.35342],[-113.803,44.35315],[-113.80225,44.35288],[-113.80225,44.35234],[-113.80149,44.35234],[-113.80149,44.35207],[-113.80036,44.35207],[-113.80036,44.3518],[-113.79961,44.35154],[-113.79961,44.351],[-113.79923,44.351],[-113.79923,44.35046],[-113.79886,44.35046],[-113.79886,44.34992],[-113.79848,44.34992],[-113.79848,44.34938],[-113.79773,44.34938],[-113.79773,44.34884],[-113.79697,44.34884],[-113.79697,44.3483],[-113.79622,44.34803],[-113.79622,44.34722],[-113.79584,44.34722],[-113.79584,44.34695],[-113.79622,44.34695],[-113.79622,44.34668],[-113.79584,44.34668],[-113.79584,44.34615],[-113.79547,44.34615],[-113.79547,44.34507],[-113.79509,44.34507],[-113.79509,44.34453],[-113.79471,44.34453],[-113.79471,44.34399],[-113.79433,44.34399],[-113.79433,44.34372],[-113.79396,44.34372],[-113.79396,44.34345],[-113.79358,44.34345],[-113.79358,44.34318],[-113.7932,44.34318],[-113.7932,44.34291],[-113.79283,44.34291],[-113.79283,44.34264],[-113.79207,44.34237],[-113.79207,44.3421],[-113.7917,44.3421],[-113.7917,44.34183],[-113.79132,44.34183],[-113.79132,44.34156],[-113.79094,44.34156],[-113.79094,44.34129],[-113.79057,44.34129],[-113.79057,44.34103],[-113.79019,44.34103],[-113.79019,44.34049],[-113.78944,44.34022],[-113.78944,44.33914],[-113.78906,44.33914],[-113.78906,44.33887],[-113.78868,44.33887],[-113.78868,44.33833],[-113.78831,44.33833],[-113.78831,44.33617],[-113.78868,44.33617],[-113.78868,44.33564],[-113.78906,44.33564],[-113.78906,44.33537],[-113.78868,44.33537],[-113.78868,44.33483],[-113.78831,44.33483],[-113.78831,44.33429],[-113.78793,44.33429],[-113.78793,44.33402],[-113.78718,44.33402],[-113.78718,44.33375],[-113.7868,44.33375],[-113.7868,44.33294],[-113.78642,44.33294],[-113.78642,44.33213],[-113.7868,44.33213],[-113.7868,44.33186],[-113.78755,44.33186],[-113.78755,44.33159],[-113.78831,44.33159],[-113.78831,44.33078],[-113.78793,44.33078],[-113.78793,44.3289],[-113.78831,44.3289],[-113.78831,44.32809],[-113.78868,44.32809],[-113.78868,44.32755],[-113.78906,44.32755],[-113.78906,44.32674],[-113.78944,44.32674],[-113.78944,44.32593],[-113.78981,44.32593],[-113.78981,44.32539],[-113.79019,44.32539],[-113.79019,44.32486],[-113.79057,44.32486],[-113.79057,44.32459],[-113.79094,44.32459],[-113.79094,44.32432],[-113.79132,44.32432],[-113.79132,44.32405],[-113.7917,44.32405],[-113.7917,44.32378],[-113.7932,44.32351],[-113.7932,44.3227],[-113.79358,44.3227],[-113.79358,44.32243],[-113.79433,44.32216],[-113.79433,44.32189],[-113.79471,44.32189],[-113.79471,44.32135],[-113.79509,44.32135],[-113.79509,44.32081],[-113.79547,44.32081],[-113.79547,44.32],[-113.79584,44.32],[-113.79584,44.3192],[-113.79622,44.3192],[-113.79622,44.31812],[-113.79697,44.31785],[-113.79697,44.31731],[-113.79773,44.31704],[-113.79773,44.3165],[-113.79848,44.31623],[-113.79848,44.31569],[-113.79923,44.31542],[-113.79923,44.31488],[-113.80074,44.31435],[-113.80074,44.31381],[-113.80112,44.31381],[-113.80112,44.31354],[-113.80149,44.31354],[-113.80149,44.31327],[-113.80187,44.31327],[-113.80187,44.31273],[-113.80225,44.31273],[-113.80225,44.31246],[-113.80262,44.31246],[-113.80262,44.31219],[-113.80413,44.31192],[-113.80413,44.31165],[-113.80488,44.31165],[-113.80488,44.31138],[-113.80601,44.31138],[-113.80601,44.31111],[-113.80677,44.31111],[-113.80677,44.3103],[-113.80752,44.3103],[-113.80752,44.31003],[-113.80714,44.31003],[-113.80714,44.30976],[-113.80752,44.30976],[-113.80752,44.30949],[-113.80714,44.30949],[-113.80714,44.30896],[-113.80601,44.30896],[-113.80601,44.30869],[-113.80564,44.30869],[-113.80564,44.30842],[-113.80451,44.30842],[-113.80451,44.30788],[-113.80526,44.30788],[-113.80526,44.30761],[-113.80752,44.30761],[-113.80752,44.30707],[-113.8079,44.30707],[-113.8079,44.3068],[-113.80752,44.3068],[-113.80752,44.30626],[-113.80677,44.30626],[-113.80677,44.30599],[-113.80639,44.30599],[-113.80639,44.30545],[-113.80601,44.30545],[-113.80601,44.30437],[-113.80639,44.30437],[-113.80639,44.30357],[-113.80677,44.30357],[-113.80677,44.3033],[-113.80714,44.3033],[-113.80714,44.30303],[-113.80752,44.30303],[-113.80752,44.30222],[-113.80714,44.30222],[-113.80714,44.30168],[-113.80752,44.30168],[-113.80752,44.30141],[-113.80714,44.30141],[-113.80714,44.30114],[-113.8079,44.30114],[-113.8079,44.30168],[-113.80827,44.30168],[-113.80827,44.30222],[-113.80865,44.30222],[-113.80865,44.30249],[-113.80903,44.30249],[-113.80903,44.30276],[-113.81091,44.30276],[-113.81091,44.30303],[-113.81129,44.30303],[-113.81129,44.30357],[-113.81166,44.30357],[-113.81166,44.30384],[-113.81204,44.30384],[-113.81204,44.3041],[-113.81317,44.3041],[-113.81317,44.30437],[-113.81393,44.30437],[-113.81393,44.30464],[-113.8143,44.30464],[-113.8143,44.30491],[-113.81543,44.30491],[-113.81543,44.30518],[-113.81694,44.30545],[-113.81694,44.30572],[-113.81807,44.30572],[-113.81807,44.30599],[-113.81845,44.30599],[-113.81845,44.30626],[-113.8192,44.30653],[-113.8192,44.3068],[-113.81958,44.3068],[-113.81958,44.30707],[-113.82108,44.30707],[-113.82108,44.3068],[-113.82184,44.30653],[-113.82184,44.30626],[-113.82108,44.30599],[-113.82108,44.30545],[-113.82071,44.30545],[-113.82071,44.30437],[-113.82108,44.30437],[-113.82108,44.3041],[-113.82184,44.30384],[-113.82184,44.30357],[-113.82259,44.30357],[-113.82259,44.3041],[-113.82297,44.3041],[-113.82297,44.30464],[-113.82334,44.30464],[-113.82334,44.30491],[-113.82485,44.30491],[-113.82485,44.30599],[-113.82636,44.30599],[-113.82636,44.30572],[-113.82711,44.30545],[-113.82711,44.30518],[-113.82786,44.30491],[-113.82786,44.30599],[-113.82824,44.30599],[-113.82824,44.30626],[-113.82899,44.30626],[-113.82899,44.30653],[-113.83012,44.30653],[-113.83012,44.3068],[-113.83163,44.30707],[-113.83163,44.30734],[-113.83276,44.30734],[-113.83276,44.30707],[-113.83389,44.30707],[-113.83389,44.30734],[-113.83804,44.30734],[-113.83804,44.30707],[-113.83954,44.3068],[-113.83954,44.30653],[-113.8403,44.30626],[-113.8403,44.30599],[-113.84105,44.30599],[-113.84105,44.30572],[-113.84143,44.30572],[-113.84143,44.30545],[-113.8418,44.30545],[-113.8418,44.30518],[-113.84218,44.30518],[-113.84218,44.30491],[-113.84293,44.30491],[-113.84293,44.30599],[-113.84256,44.30599],[-113.84256,44.30734],[-113.84293,44.30734],[-113.84293,44.30761],[-113.84444,44.30761],[-113.84444,44.30734],[-113.84519,44.30734],[-113.84519,44.30707],[-113.84557,44.30707],[-113.84557,44.3068],[-113.84595,44.3068],[-113.84595,44.30653],[-113.84632,44.30653],[-113.84632,44.30626],[-113.84708,44.30626],[-113.84708,44.30572],[-113.84745,44.30572],[-113.84745,44.30518],[-113.84783,44.30518],[-113.84783,44.30491],[-113.84821,44.30491],[-113.84821,44.30464],[-113.84858,44.30464],[-113.84858,44.3041],[-113.84896,44.3041],[-113.84896,44.30384],[-113.84971,44.30384],[-113.84971,44.30357],[-113.85009,44.30357],[-113.85009,44.3033],[-113.85085,44.3033],[-113.85085,44.30303],[-113.85122,44.30303],[-113.85122,44.30276],[-113.8516,44.30276],[-113.8516,44.30249],[-113.85198,44.30249],[-113.85198,44.3033],[-113.8516,44.3033],[-113.8516,44.30464],[-113.85273,44.30464],[-113.85273,44.30491],[-113.85311,44.30491],[-113.85311,44.30518],[-113.85235,44.30545],[-113.85235,44.30599],[-113.85198,44.30599],[-113.85198,44.30653],[-113.85386,44.30653],[-113.85386,44.3068],[-113.85687,44.3068],[-113.85687,44.30653],[-113.85763,44.30653],[-113.85763,44.30626],[-113.85989,44.30626],[-113.85989,44.30653],[-113.86026,44.30653],[-113.86026,44.30734],[-113.85989,44.30734],[-113.85989,44.30761],[-113.85951,44.30761],[-113.85951,44.30788],[-113.858,44.30788],[-113.858,44.30815],[-113.85763,44.30815],[-113.85763,44.30842],[-113.85838,44.30869],[-113.85838,44.30842],[-113.85951,44.30842],[-113.85951,44.30815],[-113.86139,44.30815],[-113.86139,44.30788],[-113.86215,44.30815],[-113.86215,44.30842],[-113.86177,44.30842],[-113.86177,44.30869],[-113.86139,44.30869],[-113.86139,44.30896],[-113.86064,44.30922],[-113.86064,44.30976],[-113.86026,44.30976],[-113.86026,44.31003],[-113.85989,44.31003],[-113.85989,44.3103],[-113.85913,44.3103],[-113.85913,44.31057],[-113.85951,44.31057],[-113.85951,44.31084],[-113.86139,44.31084],[-113.86139,44.31057],[-113.86252,44.31057],[-113.86252,44.3103],[-113.86328,44.31003],[-113.86328,44.3103],[-113.86478,44.3103],[-113.86478,44.31057],[-113.86629,44.3103],[-113.86629,44.31057],[-113.86667,44.31057],[-113.86667,44.31084],[-113.86742,44.31084],[-113.86742,44.31111],[-113.8678,44.31111],[-113.8678,44.31084],[-113.86817,44.31084],[-113.86817,44.31057],[-113.86855,44.31057],[-113.86855,44.31084],[-113.87006,44.31111],[-113.87006,44.31138],[-113.87081,44.31165],[-113.87081,44.31246],[-113.87044,44.31246],[-113.87044,44.31273],[-113.87006,44.31273],[-113.87006,44.313],[-113.86893,44.313],[-113.86893,44.31327],[-113.86855,44.31327],[-113.86855,44.31381],[-113.86817,44.31381],[-113.86817,44.31435],[-113.86855,44.31435],[-113.86855,44.31461],[-113.87044,44.31461],[-113.87044,44.31515],[-113.87081,44.31515],[-113.87081,44.31569],[-113.87157,44.31596],[-113.87157,44.3165],[-113.87194,44.3165],[-113.87194,44.31704],[-113.87232,44.31704],[-113.87232,44.31812],[-113.87081,44.31812],[-113.87081,44.31785],[-113.86817,44.31785],[-113.86817,44.31812],[-113.8678,44.31812],[-113.8678,44.31839],[-113.86742,44.31839],[-113.86742,44.31866],[-113.86704,44.31866],[-113.86704,44.31893],[-113.8678,44.3192],[-113.8678,44.31947],[-113.86855,44.31974],[-113.86855,44.32027],[-113.86893,44.32027],[-113.86893,44.32108],[-113.86931,44.32108],[-113.86931,44.32189],[-113.86893,44.32189],[-113.86893,44.32216],[-113.86667,44.32216],[-113.86667,44.32189],[-113.86629,44.32189],[-113.86629,44.32135],[-113.86478,44.32135],[-113.86478,44.3227],[-113.86516,44.3227],[-113.86516,44.32297],[-113.86403,44.32297],[-113.86403,44.32243],[-113.86328,44.32243],[-113.86328,44.32189],[-113.8629,44.32189],[-113.8629,44.32162],[-113.86215,44.32162],[-113.86215,44.32189],[-113.86139,44.32189],[-113.86139,44.32243],[-113.86064,44.32243],[-113.86064,44.32324],[-113.86026,44.32324],[-113.86026,44.32351],[-113.85951,44.32351],[-113.85951,44.32378],[-113.85876,44.32378],[-113.85876,44.32405],[-113.85725,44.32405],[-113.85725,44.32432],[-113.8565,44.32432],[-113.8565,44.32486],[-113.85612,44.32486],[-113.85612,44.3262],[-113.85989,44.3262],[-113.85989,44.32647],[-113.86064,44.32647],[-113.86064,44.32674],[-113.86102,44.32674],[-113.86102,44.32701],[-113.86139,44.32701],[-113.86139,44.32755],[-113.86177,44.32755],[-113.86177,44.32782],[-113.86215,44.32782],[-113.86215,44.32809],[-113.86252,44.32809],[-113.86252,44.32917],[-113.86441,44.32917],[-113.86441,44.3289],[-113.86591,44.3289],[-113.86591,44.32917],[-113.86629,44.32917],[-113.86629,44.33025],[-113.86667,44.33025],[-113.86667,44.33051],[-113.86629,44.33051],[-113.86629,44.33105],[-113.86591,44.33105],[-113.86591,44.33213],[-113.86704,44.33213],[-113.86704,44.33186],[-113.8678,44.33159],[-113.8678,44.33132],[-113.86893,44.33132],[-113.86893,44.33078],[-113.87006,44.33078],[-113.87006,44.33051],[-113.87157,44.33051],[-113.87157,44.33105],[-113.87194,44.33105],[-113.87194,44.33159],[-113.87157,44.33159],[-113.87157,44.33186],[-113.87006,44.33186],[-113.87006,44.33159],[-113.86893,44.33159],[-113.86893,44.33294],[-113.86931,44.33294],[-113.86931,44.33375],[-113.86817,44.33375],[-113.86817,44.33402],[-113.8678,44.33402],[-113.8678,44.33483],[-113.86704,44.33483],[-113.86704,44.3351],[-113.86667,44.3351],[-113.86667,44.33537],[-113.86591,44.33537],[-113.86591,44.33564],[-113.86629,44.33564],[-113.86629,44.3359],[-113.86591,44.3359]],[[-113.83427,44.37283],[-113.83465,44.37283],[-113.83465,44.37256],[-113.83427,44.37256],[-113.83427,44.37283]],[[-113.83465,44.37175],[-113.83465,44.37148],[-113.83427,44.37148],[-113.83427,44.37175],[-113.83465,44.37175]],[[-113.86591,44.33483],[-113.86554,44.33483],[-113.86554,44.33456],[-113.86403,44.33456],[-113.86403,44.3351],[-113.86441,44.3351],[-113.86441,44.33537],[-113.86591,44.33537],[-113.86591,44.33483]],[[-113.83841,44.37714],[-113.83841,44.37741],[-113.83879,44.37741],[-113.83879,44.37768],[-113.83954,44.37768],[-113.83954,44.37822],[-113.83992,44.37822],[-113.83992,44.37795],[-113.84067,44.37795],[-113.84067,44.37768],[-113.84143,44.37768],[-113.84143,44.37741],[-113.84067,44.37741],[-113.84067,44.37714],[-113.83992,44.37714],[-113.83992,44.3766],[-113.83954,44.3766],[-113.83954,44.37633],[-113.83841,44.37633],[-113.83841,44.37606],[-113.83766,44.37606],[-113.83766,44.3766],[-113.83804,44.3766],[-113.83804,44.37714],[-113.83841,44.37714]],[[-113.83766,44.37579],[-113.83728,44.37579],[-113.83728,44.37606],[-113.83766,44.37606],[-113.83766,44.37579]],[[-113.83691,44.37552],[-113.83691,44.37525],[-113.83653,44.37525],[-113.83653,44.37552],[-113.83691,44.37552]],[[-113.83465,44.37121],[-113.83465,44.37094],[-113.83427,44.37094],[-113.83427,44.37121],[-113.83465,44.37121]],[[-113.85273,44.36501],[-113.85273,44.36474],[-113.85424,44.36447],[-113.85424,44.3642],[-113.85461,44.3642],[-113.85461,44.36366],[-113.85537,44.36339],[-113.85537,44.36205],[-113.85461,44.36178],[-113.85461,44.36205],[-113.85235,44.36205],[-113.85235,44.36232],[-113.85198,44.36232],[-113.85198,44.36285],[-113.85235,44.36285],[-113.85235,44.36393],[-113.85198,44.36393],[-113.85198,44.3642],[-113.85085,44.3642],[-113.85085,44.36474],[-113.8516,44.36474],[-113.8516,44.36501],[-113.85273,44.36501]],[[-113.85085,44.36393],[-113.85047,44.36393],[-113.85047,44.36366],[-113.85009,44.36366],[-113.85009,44.36339],[-113.84934,44.36339],[-113.84934,44.36312],[-113.84821,44.36312],[-113.84821,44.36366],[-113.84858,44.36366],[-113.84858,44.36393],[-113.84934,44.36393],[-113.84934,44.3642],[-113.85085,44.3642],[-113.85085,44.36393]],[[-113.82184,44.36097],[-113.82184,44.3607],[-113.82146,44.3607],[-113.82146,44.36097],[-113.82184,44.36097]],[[-113.82108,44.36097],[-113.82108,44.3607],[-113.82071,44.3607],[-113.82071,44.36097],[-113.82108,44.36097]],[[-113.82033,44.36097],[-113.82033,44.3607],[-113.81995,44.3607],[-113.81995,44.36097],[-113.82033,44.36097]],[[-113.82184,44.36043],[-113.82184,44.36016],[-113.82146,44.36016],[-113.82146,44.36043],[-113.82184,44.36043]],[[-113.82108,44.36043],[-113.82108,44.36016],[-113.82071,44.36016],[-113.82071,44.36043],[-113.82108,44.36043]],[[-113.82033,44.36043],[-113.82033,44.36016],[-113.81995,44.36016],[-113.81995,44.36043],[-113.82033,44.36043]],[[-113.82184,44.35989],[-113.82184,44.35962],[-113.82146,44.35962],[-113.82146,44.35989],[-113.82184,44.35989]],[[-113.82108,44.35989],[-113.82108,44.35962],[-113.82071,44.35962],[-113.82071,44.35989],[-113.82108,44.35989]],[[-113.82033,44.35989],[-113.82033,44.35962],[-113.81995,44.35962],[-113.81995,44.35989],[-113.82033,44.35989]],[[-113.86139,44.35719],[-113.86139,44.35693],[-113.86102,44.35693],[-113.86102,44.35719],[-113.86139,44.35719]],[[-113.86026,44.35558],[-113.86026,44.35612],[-113.86064,44.35612],[-113.86064,44.35531],[-113.85989,44.35531],[-113.85989,44.35558],[-113.86026,44.35558]],[[-113.86704,44.35073],[-113.86704,44.35127],[-113.8678,44.35127],[-113.8678,44.351],[-113.86704,44.35073]],[[-113.83201,44.33752],[-113.83201,44.33725],[-113.83163,44.33725],[-113.83163,44.33752],[-113.83201,44.33752]],[[-113.83239,44.33429],[-113.83239,44.33402],[-113.83201,44.33402],[-113.83201,44.33429],[-113.83239,44.33429]],[[-113.83012,44.33213],[-113.83012,44.33186],[-113.82862,44.33213],[-113.82862,44.33294],[-113.82937,44.33294],[-113.82937,44.33321],[-113.83012,44.33321],[-113.83012,44.33348],[-113.83088,44.33348],[-113.83088,44.33267],[-113.8305,44.33267],[-113.8305,44.33213],[-113.83012,44.33213]],[[-113.83201,44.33321],[-113.83201,44.33294],[-113.83163,44.33294],[-113.83163,44.33321],[-113.83201,44.33321]],[[-113.82334,44.32674],[-113.82334,44.32647],[-113.82297,44.32647],[-113.82297,44.32674],[-113.82334,44.32674]],[[-113.86365,44.31084],[-113.86365,44.31057],[-113.86328,44.31057],[-113.86328,44.31084],[-113.86365,44.31084]]],[[[-113.91037,44.34992],[-113.90999,44.34992],[-113.90999,44.34938],[-113.91037,44.34938],[-113.91037,44.34992]]],[[[-113.91225,44.35019],[-113.91225,44.35046],[-113.91188,44.35046],[-113.91188,44.35019],[-113.91225,44.35019]]],[[[-113.87157,44.35019],[-113.87157,44.35046],[-113.87044,44.35046],[-113.87044,44.35019],[-113.87157,44.35019]]],[[[-113.9017,44.37067],[-113.9017,44.3704],[-113.89907,44.3704],[-113.89907,44.36986],[-113.89869,44.36986],[-113.89869,44.36959],[-113.89907,44.36959],[-113.89907,44.36932],[-113.89944,44.36932],[-113.89944,44.36905],[-113.9002,44.36905],[-113.9002,44.36878],[-113.90095,44.36851],[-113.90095,44.36797],[-113.9017,44.36797],[-113.9017,44.36771],[-113.90246,44.36771],[-113.90246,44.36744],[-113.90359,44.36744],[-113.90359,44.36717],[-113.90434,44.3669],[-113.90434,44.36636],[-113.90396,44.36636],[-113.90396,44.36609],[-113.90283,44.36609],[-113.90283,44.36636],[-113.90208,44.36636],[-113.90208,44.36663],[-113.90133,44.3669],[-113.90133,44.36717],[-113.90057,44.36717],[-113.90057,44.36744],[-113.89756,44.36744],[-113.89756,44.36771],[-113.89605,44.36771],[-113.89605,44.36744],[-113.89568,44.36744],[-113.89568,44.36717],[-113.89417,44.3669],[-113.89417,44.36717],[-113.89342,44.36717],[-113.89342,44.36744],[-113.89304,44.36744],[-113.89304,44.36771],[-113.89229,44.36771],[-113.89229,44.36797],[-113.89116,44.36797],[-113.89116,44.36771],[-113.88965,44.36771],[-113.88965,44.36717],[-113.8889,44.36717],[-113.8889,44.3669],[-113.88852,44.3669],[-113.88852,44.36663],[-113.88777,44.36663],[-113.88777,44.36609],[-113.88739,44.36609],[-113.88739,44.36582],[-113.88701,44.36582],[-113.88701,44.36555],[-113.88626,44.36555],[-113.88626,44.36528],[-113.8855,44.36528],[-113.8855,44.36501],[-113.88475,44.36501],[-113.88475,44.36447],[-113.884,44.3642],[-113.884,44.36393],[-113.88324,44.36393],[-113.88324,44.36366],[-113.88249,44.36339],[-113.88249,44.36312],[-113.88287,44.36312],[-113.88287,44.36258],[-113.88324,44.36258],[-113.88324,44.36232],[-113.88362,44.36232],[-113.88362,44.36205],[-113.884,44.36205],[-113.884,44.36178],[-113.88437,44.36178],[-113.88437,44.36151],[-113.88513,44.36151],[-113.88513,44.36124],[-113.88588,44.36124],[-113.88588,44.36097],[-113.88701,44.36097],[-113.88701,44.36151],[-113.88739,44.36151],[-113.88739,44.36205],[-113.88777,44.36205],[-113.88777,44.36285],[-113.88814,44.36285],[-113.88814,44.36312],[-113.88965,44.36312],[-113.88965,44.36285],[-113.8904,44.36285],[-113.8904,44.36124],[-113.88965,44.36124],[-113.88965,44.36097],[-113.8889,44.36097],[-113.8889,44.3607],[-113.88814,44.3607],[-113.88814,44.35908],[-113.88777,44.35908],[-113.88777,44.35935],[-113.88701,44.35935],[-113.88701,44.35962],[-113.8855,44.35962],[-113.8855,44.35989],[-113.884,44.35989],[-113.884,44.35962],[-113.88287,44.35962],[-113.88287,44.35935],[-113.87985,44.35935],[-113.87985,44.35962],[-113.87759,44.35962],[-113.87759,44.35989],[-113.87609,44.35989],[-113.87609,44.35962],[-113.87533,44.35962],[-113.87533,44.35908],[-113.87571,44.35908],[-113.87571,44.35881],[-113.87759,44.35881],[-113.87759,44.35908],[-113.87797,44.35908],[-113.87797,44.35881],[-113.8791,44.35881],[-113.8791,44.35854],[-113.87948,44.35854],[-113.87948,44.35827],[-113.87985,44.35827],[-113.87985,44.358],[-113.88023,44.358],[-113.88023,44.35773],[-113.88061,44.35773],[-113.88061,44.35746],[-113.88098,44.35746],[-113.88098,44.35719],[-113.88249,44.35719],[-113.88249,44.35693],[-113.88287,44.35693],[-113.88287,44.35666],[-113.88437,44.35666],[-113.88437,44.35639],[-113.8855,44.35639],[-113.8855,44.35612],[-113.88701,44.35585],[-113.88701,44.35558],[-113.8889,44.35558],[-113.8889,44.35531],[-113.8904,44.35504],[-113.8904,44.35477],[-113.89191,44.35477],[-113.89191,44.3545],[-113.89266,44.3545],[-113.89266,44.35423],[-113.89304,44.35423],[-113.89304,44.35396],[-113.89266,44.35396],[-113.89266,44.35369],[-113.8904,44.35369],[-113.8904,44.35342],[-113.89003,44.35342],[-113.89003,44.35315],[-113.88814,44.35315],[-113.88814,44.35288],[-113.88739,44.35288],[-113.88739,44.35261],[-113.88626,44.35261],[-113.88626,44.35288],[-113.88588,44.35288],[-113.88588,44.35315],[-113.88513,44.35315],[-113.88513,44.35342],[-113.88475,44.35342],[-113.88475,44.35369],[-113.884,44.35369],[-113.884,44.35396],[-113.88287,44.35396],[-113.88287,44.35423],[-113.88174,44.35423],[-113.88174,44.3545],[-113.88098,44.3545],[-113.88098,44.35477],[-113.87872,44.35477],[-113.87872,44.35504],[-113.87684,44.35504],[-113.87684,44.35477],[-113.8742,44.35477],[-113.8742,44.3545],[-113.8727,44.35423],[-113.8727,44.35396],[-113.87232,44.35396],[-113.87232,44.35369],[-113.87119,44.35369],[-113.87119,44.35342],[-113.87044,44.35315],[-113.87044,44.35288],[-113.87081,44.35288],[-113.87081,44.35261],[-113.87119,44.35261],[-113.87119,44.35234],[-113.87157,44.35234],[-113.87157,44.35261],[-113.87345,44.35261],[-113.87345,44.35288],[-113.87458,44.35288],[-113.87458,44.35315],[-113.87571,44.35315],[-113.87571,44.35342],[-113.87609,44.35342],[-113.87609,44.35315],[-113.87684,44.35315],[-113.87684,44.35288],[-113.87835,44.35288],[-113.87835,44.35261],[-113.8791,44.35261],[-113.8791,44.35234],[-113.88023,44.35234],[-113.88023,44.35207],[-113.88136,44.35207],[-113.88136,44.3518],[-113.88249,44.3518],[-113.88249,44.35154],[-113.88324,44.35127],[-113.88324,44.35073],[-113.88362,44.35073],[-113.88362,44.34992],[-113.88513,44.34938],[-113.88513,44.34695],[-113.88475,44.34695],[-113.88475,44.34588],[-113.88626,44.34534],[-113.88626,44.34561],[-113.88663,44.34561],[-113.88663,44.34588],[-113.88739,44.34588],[-113.88739,44.34615],[-113.88777,44.34615],[-113.88777,44.34588],[-113.88814,44.34588],[-113.88814,44.3448],[-113.8889,44.3448],[-113.8889,44.34399],[-113.88739,44.34372],[-113.88739,44.34345],[-113.88701,44.34345],[-113.88701,44.34372],[-113.88626,44.34372],[-113.88626,44.34399],[-113.8855,44.34399],[-113.8855,44.34426],[-113.88475,44.34399],[-113.88475,44.34426],[-113.88362,44.34426],[-113.88362,44.34453],[-113.88211,44.34453],[-113.88211,44.34399],[-113.88098,44.34399],[-113.88098,44.34426],[-113.87948,44.34426],[-113.87948,44.34399],[-113.8791,44.34399],[-113.8791,44.34372],[-113.87872,44.34372],[-113.87872,44.34183],[-113.8791,44.34183],[-113.8791,44.3421],[-113.87948,44.3421],[-113.87948,44.34237],[-113.87985,44.34237],[-113.87985,44.34264],[-113.88023,44.34264],[-113.88023,44.34318],[-113.88061,44.34318],[-113.88061,44.34372],[-113.88136,44.34372],[-113.88136,44.34291],[-113.88211,44.34264],[-113.88211,44.34237],[-113.88437,44.3421],[-113.88437,44.34156],[-113.88513,44.34129],[-113.88513,44.34103],[-113.88588,44.34103],[-113.88588,44.34076],[-113.88701,44.34076],[-113.88701,44.34049],[-113.88777,44.34049],[-113.88777,44.34022],[-113.89003,44.34022],[-113.89003,44.34049],[-113.89116,44.34049],[-113.89116,44.34076],[-113.89153,44.34076],[-113.89153,44.34103],[-113.89191,44.34103],[-113.89191,44.34129],[-113.89229,44.34129],[-113.89229,44.34156],[-113.89417,44.34156],[-113.89417,44.34129],[-113.89379,44.34129],[-113.89379,44.34103],[-113.89342,44.34103],[-113.89342,44.34076],[-113.89304,44.34076],[-113.89304,44.34049],[-113.89266,44.34049],[-113.89266,44.34022],[-113.89229,44.34022],[-113.89229,44.33995],[-113.89191,44.33995],[-113.89191,44.33968],[-113.89116,44.33941],[-113.89116,44.33914],[-113.89078,44.33914],[-113.89078,44.3386],[-113.8904,44.3386],[-113.8904,44.33779],[-113.89078,44.33779],[-113.89078,44.33725],[-113.89191,44.33725],[-113.89191,44.33698],[-113.89266,44.33698],[-113.89266,44.33671],[-113.89417,44.33671],[-113.89417,44.33617],[-113.89455,44.33617],[-113.89455,44.33564],[-113.89492,44.33564],[-113.89492,44.33537],[-113.89455,44.33537],[-113.89455,44.33483],[-113.89266,44.33483],[-113.89266,44.33429],[-113.89229,44.33429],[-113.89229,44.33402],[-113.89266,44.33402],[-113.89266,44.33321],[-113.89304,44.33321],[-113.89304,44.33294],[-113.89417,44.33294],[-113.89417,44.33321],[-113.89455,44.33321],[-113.89455,44.33294],[-113.8953,44.33294],[-113.8953,44.33321],[-113.89643,44.33321],[-113.89643,44.33348],[-113.89718,44.33348],[-113.89718,44.33375],[-113.89756,44.33375],[-113.89756,44.33402],[-113.89831,44.33402],[-113.89831,44.33429],[-113.89869,44.33429],[-113.89869,44.33456],[-113.89944,44.33456],[-113.89944,44.33483],[-113.89982,44.33483],[-113.89982,44.3351],[-113.90095,44.3351],[-113.90095,44.33537],[-113.90133,44.33537],[-113.90133,44.33564],[-113.90208,44.33564],[-113.90208,44.3359],[-113.90359,44.3359],[-113.90359,44.33617],[-113.90434,44.33644],[-113.90434,44.33779],[-113.90509,44.33806],[-113.90509,44.33887],[-113.90547,44.33887],[-113.90547,44.33995],[-113.90585,44.33995],[-113.90585,44.34049],[-113.90886,44.34103],[-113.90886,44.34156],[-113.90924,44.34156],[-113.90924,44.3421],[-113.90962,44.3421],[-113.90962,44.34264],[-113.90999,44.34264],[-113.90999,44.34291],[-113.91037,44.34291],[-113.91037,44.34318],[-113.91075,44.34318],[-113.91075,44.34372],[-113.91112,44.34372],[-113.91112,44.34399],[-113.9115,44.34399],[-113.9115,44.34426],[-113.91188,44.34426],[-113.91188,44.34453],[-113.9115,44.34453],[-113.9115,44.34642],[-113.91188,44.34642],[-113.91188,44.34749],[-113.9115,44.34749],[-113.9115,44.34776],[-113.91037,44.34776],[-113.91037,44.34803],[-113.90962,44.3483],[-113.90962,44.34938],[-113.90886,44.34938],[-113.90886,44.34965],[-113.90811,44.34992],[-113.90811,44.35019],[-113.90773,44.35019],[-113.90773,44.35073],[-113.90886,44.35073],[-113.90886,44.35046],[-113.90924,44.35046],[-113.90924,44.35019],[-113.90999,44.35019],[-113.90999,44.35073],[-113.91037,44.35073],[-113.91037,44.35127],[-113.91112,44.35127],[-113.91112,44.3518],[-113.9115,44.3518],[-113.9115,44.35261],[-113.91112,44.35261],[-113.91112,44.35342],[-113.91037,44.35369],[-113.91037,44.3545],[-113.91112,44.3545],[-113.91112,44.35504],[-113.9115,44.35504],[-113.9115,44.35531],[-113.91112,44.35531],[-113.91112,44.35558],[-113.9115,44.35558],[-113.9115,44.35585],[-113.91112,44.35585],[-113.91112,44.36151],[-113.9115,44.36151],[-113.9115,44.36178],[-113.91112,44.36178],[-113.91112,44.36339],[-113.91075,44.36339],[-113.91075,44.36528],[-113.91112,44.36528],[-113.91112,44.36663],[-113.91037,44.36663],[-113.91037,44.36636],[-113.90999,44.36636],[-113.90999,44.36609],[-113.90962,44.36609],[-113.90962,44.36582],[-113.90924,44.36582],[-113.90924,44.36447],[-113.90886,44.36447],[-113.90886,44.36393],[-113.90773,44.36393],[-113.90773,44.36447],[-113.90736,44.36447],[-113.90736,44.36528],[-113.90698,44.36528],[-113.90698,44.36582],[-113.90736,44.36582],[-113.90736,44.36636],[-113.90773,44.36636],[-113.90773,44.36663],[-113.90849,44.3669],[-113.90849,44.36744],[-113.90924,44.36744],[-113.90924,44.36771],[-113.90999,44.36771],[-113.90999,44.36797],[-113.90849,44.36797],[-113.90849,44.36824],[-113.90773,44.36824],[-113.90773,44.36851],[-113.90698,44.36878],[-113.90698,44.36932],[-113.9066,44.36932],[-113.9066,44.36959],[-113.90623,44.36959],[-113.90623,44.36986],[-113.90547,44.36986],[-113.90547,44.37013],[-113.90509,44.37013],[-113.90509,44.3704],[-113.90396,44.3704],[-113.90396,44.37067],[-113.90321,44.37067],[-113.90321,44.37094],[-113.90133,44.37094],[-113.90133,44.37067],[-113.9017,44.37067]],[[-113.89078,44.36636],[-113.89116,44.36636],[-113.89116,44.36609],[-113.89078,44.36609],[-113.89078,44.36636]],[[-113.89982,44.36232],[-113.89907,44.36232],[-113.89907,44.36205],[-113.89756,44.36205],[-113.89756,44.36232],[-113.89718,44.36232],[-113.89718,44.36258],[-113.89756,44.36258],[-113.89756,44.36339],[-113.89831,44.36339],[-113.89831,44.36366],[-113.9002,44.36366],[-113.9002,44.36285],[-113.89982,44.36285],[-113.89982,44.36232]],[[-113.90811,44.36205],[-113.90773,44.36205],[-113.90773,44.36151],[-113.90736,44.36151],[-113.90736,44.36124],[-113.9066,44.36097],[-113.9066,44.3607],[-113.90585,44.3607],[-113.90585,44.36151],[-113.90623,44.36151],[-113.90623,44.36205],[-113.9066,44.36205],[-113.9066,44.36258],[-113.90736,44.36258],[-113.90736,44.36285],[-113.90773,44.36285],[-113.90773,44.36258],[-113.90811,44.36258],[-113.90811,44.36205]],[[-113.89455,44.36258],[-113.8953,44.36258],[-113.8953,44.36205],[-113.89455,44.36205],[-113.89455,44.36258]],[[-113.89191,44.35854],[-113.88927,44.35854],[-113.88927,44.35881],[-113.88852,44.35908],[-113.88852,44.35935],[-113.89003,44.35935],[-113.89003,44.35962],[-113.8904,44.35962],[-113.8904,44.35935],[-113.89191,44.35935],[-113.89191,44.35854]],[[-113.89379,44.35935],[-113.89417,44.35935],[-113.89417,44.35881],[-113.89379,44.35881],[-113.89379,44.35935]],[[-113.90359,44.35531],[-113.90321,44.35531],[-113.90321,44.35477],[-113.90283,44.35477],[-113.90283,44.3545],[-113.90321,44.3545],[-113.90321,44.35423],[-113.90283,44.35423],[-113.90283,44.35342],[-113.90321,44.35342],[-113.90321,44.35261],[-113.90283,44.35261],[-113.90283,44.35207],[-113.9017,44.35207],[-113.9017,44.35315],[-113.90133,44.35315],[-113.90133,44.35423],[-113.9017,44.35423],[-113.9017,44.3545],[-113.90246,44.35477],[-113.90246,44.35504],[-113.90283,44.35504],[-113.90283,44.35585],[-113.90321,44.35585],[-113.90321,44.35612],[-113.90396,44.35612],[-113.90396,44.35585],[-113.90359,44.35585],[-113.90359,44.35531]],[[-113.8953,44.35234],[-113.89568,44.35234],[-113.89568,44.35154],[-113.8953,44.35154],[-113.8953,44.35127],[-113.89492,44.35127],[-113.89492,44.351],[-113.89304,44.351],[-113.89304,44.35127],[-113.89229,44.35127],[-113.89229,44.35154],[-113.89153,44.3518],[-113.89153,44.35288],[-113.89304,44.35288],[-113.89304,44.35315],[-113.89492,44.35315],[-113.89492,44.35288],[-113.8953,44.35288],[-113.8953,44.35234]],[[-113.88927,44.35019],[-113.88965,44.35019],[-113.88965,44.34965],[-113.89003,44.34965],[-113.89003,44.34938],[-113.88965,44.34938],[-113.88965,44.34884],[-113.8889,44.34884],[-113.8889,44.34857],[-113.88852,44.34857],[-113.88852,44.3483],[-113.88701,44.3483],[-113.88701,44.35073],[-113.88777,44.35073],[-113.88777,44.351],[-113.8889,44.351],[-113.8889,44.35073],[-113.88927,44.35073],[-113.88927,44.35019]],[[-113.90585,44.34615],[-113.90547,44.34615],[-113.90547,44.34534],[-113.90509,44.34534],[-113.90509,44.34507],[-113.90472,44.34507],[-113.90472,44.3448],[-113.90434,44.3448],[-113.90434,44.34426],[-113.90396,44.34426],[-113.90396,44.34399],[-113.90283,44.34399],[-113.90283,44.34426],[-113.90321,44.34426],[-113.90321,44.34453],[-113.90283,44.34453],[-113.90283,44.3448],[-113.90321,44.3448],[-113.90321,44.34534],[-113.90359,44.34534],[-113.90359,44.34615],[-113.90396,44.34615],[-113.90396,44.34642],[-113.90472,44.34668],[-113.90472,44.34695],[-113.90547,44.34722],[-113.90547,44.34749],[-113.90623,44.34749],[-113.90623,44.34642],[-113.90585,44.34642],[-113.90585,44.34615]],[[-113.89078,44.34668],[-113.89116,44.34668],[-113.89116,44.34695],[-113.89191,44.34695],[-113.89191,44.34615],[-113.89078,44.34615],[-113.89078,44.34668]],[[-113.90849,44.34534],[-113.90811,44.34534],[-113.90811,44.34615],[-113.90886,44.34615],[-113.90886,44.34642],[-113.90924,44.34642],[-113.90924,44.34561],[-113.90849,44.34561],[-113.90849,44.34534]],[[-113.89229,44.34642],[-113.89266,44.34642],[-113.89266,44.34615],[-113.89229,44.34615],[-113.89229,44.34642]],[[-113.90359,44.3421],[-113.90472,44.3421],[-113.90472,44.34103],[-113.90359,44.34103],[-113.90359,44.3421]]],[[[-113.78981,44.35342],[-113.78944,44.35342],[-113.78944,44.35315],[-113.78981,44.35315],[-113.78981,44.35342]]],[[[-113.80036,44.3545],[-113.80187,44.3545],[-113.80187,44.35504],[-113.80149,44.35504],[-113.80149,44.35531],[-113.80074,44.35531],[-113.80074,44.35504],[-113.80036,44.35504],[-113.80036,44.3545]]]]},"properties":{"layer":"predicted_reach_h19","fire_name":"Doublesprings","irwin_id":"{960C064B-1764-4834-BD28-90FB69A4AB4A}","model":"arrival_run","checkpoint_epoch":216,"decode":"connected_causal","operating_point":{"floor":0.0,"mult":0.9},"val_precision":null,"val_recall":null,"model_caveat":"arrival_run chosen for best RECALL among the six FlameFlux v3 candidates on the production-valid t0-window corpus (R=0.624 on the fc2 held-out fires, R=0.432 on Dillon -- see candidate_comparison.md from the 2026-07-24 comparison). It does NOT meet the project's P>=0.50/R>=0.80 target: precision is the WORST of the six (P=0.120 on fc2 -- most flagged growth is wrong), and wind_run actually edges it on F1. IMPORTANT CAVEAT: arrival_run trained on the leaky 'observed' corpus (crop centered/sized on t0|t1, i.e. it saw the future perimeter's geometry during training) and has NEVER seen a t0-window crop -- the ONLY geometry this live pipeline can ever produce at forecast time (the future perimeter is, by definition, unknown). So every live prediction from this model is out-of-distribution relative to its own training. The measured t0-window numbers above already reflect that (they are not a surprise), but this is 'best available', not 'production-ready' -- represent it that way. The operating_point (floor=0.0, mult=0.9) is the VAL-selected connected-causal decode point; it did NOT clear the 0.50 precision floor during selection (feasible=False, val P=0.270/R=0.259) -- it's the best-F1 fallback point, not a precision-guaranteed one.","issued_at_utc":"2026-08-05 02:36:31.645281+00:00","valid_from_utc":"2026-08-05 00:00:00","valid_to_utc":"2026-08-06 00:00:00","wfigs_date_current_utc":"2026-08-05 02:05:06+00:00","pixel_size_m":30,"veg_source":"refreshed_d4","physics_source":"eikonal_fbfm40","history_n_dates":1,"degraded_history":true,"containment_pct":0.0,"acres_wfigs":1021.012899130312,"hour":19,"valid_at_utc":"2026-08-05 19:00:00"}},{"type":"Feature","geometry":{"type":"MultiPolygon","coordinates":[[[[-113.90283,44.30815],[-113.90321,44.30815],[-113.90321,44.30896],[-113.90208,44.30896],[-113.90208,44.30842],[-113.90283,44.30842],[-113.90283,44.30815]]],[[[-113.89869,44.30922],[-113.89944,44.30922],[-113.89944,44.31003],[-113.89869,44.31003],[-113.89869,44.3103],[-113.89831,44.3103],[-113.89831,44.30949],[-113.89869,44.30949],[-113.89869,44.30922]]],[[[-113.90547,44.31542],[-113.90472,44.31569],[-113.90472,44.31488],[-113.90547,44.31488],[-113.90547,44.31542]]],[[[-113.89756,44.31758],[-113.89756,44.31785],[-113.89681,44.31785],[-113.89681,44.31704],[-113.89794,44.31704],[-113.89794,44.31758],[-113.89756,44.31758]]],[[[-113.89116,44.32863],[-113.89116,44.32809],[-113.89153,44.32809],[-113.89153,44.32782],[-113.89229,44.32782],[-113.89229,44.32809],[-113.89266,44.32809],[-113.89266,44.32863],[-113.89304,44.32863],[-113.89304,44.3289],[-113.89229,44.32917],[-113.89229,44.3289],[-113.89153,44.3289],[-113.89153,44.32863],[-113.89116,44.32863]]],[[[-113.87081,44.32998],[-113.87044,44.32998],[-113.87044,44.32971],[-113.87081,44.32971],[-113.87081,44.32998]]],[[[-113.90924,44.33105],[-113.90999,44.33105],[-113.90999,44.33078],[-113.91075,44.33078],[-113.91075,44.33051],[-113.91263,44.33051],[-113.91263,44.33105],[-113.91188,44.33105],[-113.91188,44.33159],[-113.90999,44.33159],[-113.90999,44.33132],[-113.90924,44.33132],[-113.90924,44.33105]]],[[[-113.90698,44.33644],[-113.90623,44.33617],[-113.90623,44.33564],[-113.90585,44.33564],[-113.90585,44.33537],[-113.90547,44.33537],[-113.90547,44.33429],[-113.90509,44.33429],[-113.90509,44.33294],[-113.90547,44.33294],[-113.90547,44.33105],[-113.90623,44.33105],[-113.90623,44.33078],[-113.90736,44.33078],[-113.90736,44.33267],[-113.90698,44.33267],[-113.90698,44.33321],[-113.9066,44.33321],[-113.9066,44.33429],[-113.90623,44.33429],[-113.90623,44.33483],[-113.9066,44.33483],[-113.9066,44.3351],[-113.90698,44.3351],[-113.90698,44.33537],[-113.90736,44.33537],[-113.90736,44.33564],[-113.90773,44.33564],[-113.90773,44.3359],[-113.90811,44.3359],[-113.90811,44.33644],[-113.90849,44.33644],[-113.90849,44.33671],[-113.90773,44.33698],[-113.90773,44.33671],[-113.90698,44.33671],[-113.90698,44.33644]]],[[[-113.87383,44.35989],[-113.87383,44.36043],[-113.87307,44.36043],[-113.87307,44.36016],[-113.87383,44.35989]]],[[[-113.87194,44.36663],[-113.87194,44.36636],[-113.87232,44.36636],[-113.87232,44.36663],[-113.87194,44.36663]]],[[[-113.87232,44.36717],[-113.87194,44.36717],[-113.87194,44.3669],[-113.87232,44.3669],[-113.87232,44.36717]]],[[[-113.81279,44.30276],[-113.81242,44.30276],[-113.81242,44.30222],[-113.81355,44.30222],[-113.81355,44.30249],[-113.8143,44.30276],[-113.8143,44.3033],[-113.81317,44.3033],[-113.81317,44.30303],[-113.81279,44.30303],[-113.81279,44.30276]]],[[[-113.81769,44.30384],[-113.81694,44.30384],[-113.81694,44.3033],[-113.81656,44.3033],[-113.81656,44.30276],[-113.81694,44.30276],[-113.81694,44.30249],[-113.81845,44.30276],[-113.81845,44.30303],[-113.8192,44.3033],[-113.8192,44.30357],[-113.81958,44.30357],[-113.81958,44.30437],[-113.81845,44.30437],[-113.81845,44.3041],[-113.81769,44.3041],[-113.81769,44.30384]]],[[[-113.82598,44.3033],[-113.82598,44.30303],[-113.82636,44.30303],[-113.82636,44.3033],[-113.82711,44.30357],[-113.82711,44.3041],[-113.82598,44.3041],[-113.82598,44.30437],[-113.82523,44.30437],[-113.82523,44.30357],[-113.82598,44.3033]]],[[[-113.86403,44.30761],[-113.86403,44.30815],[-113.86328,44.30788],[-113.86328,44.30761],[-113.86403,44.30761]]],[[[-113.86328,44.30815],[-113.8629,44.30815],[-113.8629,44.30788],[-113.86328,44.30788],[-113.86328,44.30815]]],[[[-113.86328,44.30842],[-113.86328,44.30815],[-113.86365,44.30815],[-113.86365,44.30842],[-113.86328,44.30842]]],[[[-113.86365,44.30922],[-113.86365,44.30896],[-113.86403,44.30896],[-113.86403,44.30922],[-113.86365,44.30922]]],[[[-113.89003,44.33914],[-113.89003,44.33671],[-113.8904,44.33671],[-113.8904,44.33617],[-113.89003,44.33617],[-113.89003,44.33537],[-113.8904,44.33537],[-113.8904,44.3351],[-113.89153,44.3351],[-113.89153,44.33402],[-113.89191,44.33402],[-113.89191,44.33267],[-113.89153,44.33267],[-113.89153,44.3324],[-113.89191,44.3324],[-113.89191,44.33213],[-113.89153,44.33213],[-113.89153,44.33186],[-113.89229,44.33186],[-113.89229,44.33132],[-113.89266,44.33132],[-113.89266,44.33105],[-113.89342,44.33105],[-113.89342,44.33132],[-113.89379,44.33132],[-113.89379,44.33159],[-113.89342,44.33159],[-113.89342,44.3324],[-113.89379,44.3324],[-113.89379,44.33267],[-113.89568,44.33267],[-113.89568,44.33294],[-113.89718,44.33294],[-113.89718,44.33321],[-113.89794,44.33321],[-113.89794,44.33348],[-113.89831,44.33348],[-113.89831,44.33375],[-113.89907,44.33375],[-113.89907,44.33402],[-113.89982,44.33429],[-113.89982,44.33456],[-113.90133,44.33483],[-113.90133,44.3351],[-113.90208,44.33537],[-113.90208,44.33564],[-113.90434,44.33564],[-113.90434,44.33617],[-113.90472,44.33617],[-113.90472,44.33752],[-113.90509,44.33752],[-113.90509,44.33806],[-113.90585,44.33833],[-113.90585,44.33995],[-113.90623,44.33995],[-113.90623,44.34022],[-113.90773,44.34022],[-113.90773,44.34049],[-113.90849,44.34049],[-113.90849,44.34076],[-113.90886,44.34076],[-113.90886,44.34103],[-113.90962,44.34129],[-113.90962,44.34183],[-113.90999,44.34183],[-113.90999,44.34237],[-113.91037,44.34237],[-113.91037,44.34291],[-113.91075,44.34291],[-113.91075,44.34318],[-113.9115,44.34345],[-113.9115,44.34372],[-113.91188,44.34372],[-113.91188,44.34399],[-113.91263,44.34399],[-113.91263,44.34453],[-113.91225,44.34453],[-113.91225,44.34507],[-113.91188,44.34507],[-113.91188,44.34534],[-113.91225,44.34534],[-113.91225,44.34776],[-113.91188,44.34776],[-113.91188,44.34938],[-113.91225,44.34938],[-113.91225,44.34992],[-113.91263,44.34992],[-113.91263,44.35046],[-113.91225,44.35046],[-113.91225,44.35127],[-113.91301,44.35154],[-113.91301,44.35207],[-113.91263,44.35207],[-113.91263,44.35261],[-113.91225,44.35261],[-113.91225,44.35288],[-113.91301,44.35288],[-113.91301,44.35315],[-113.91263,44.35315],[-113.91263,44.35342],[-113.91301,44.35342],[-113.91301,44.35369],[-113.91263,44.35369],[-113.91263,44.35396],[-113.91301,44.35396],[-113.91301,44.35423],[-113.91263,44.35423],[-113.91263,44.3545],[-113.91301,44.3545],[-113.91301,44.35504],[-113.91338,44.35504],[-113.91338,44.35531],[-113.91301,44.35531],[-113.91301,44.35558],[-113.91338,44.35558],[-113.91338,44.35585],[-113.91301,44.35585],[-113.91301,44.35666],[-113.91338,44.35666],[-113.91338,44.35746],[-113.91301,44.35746],[-113.91301,44.35854],[-113.91263,44.35854],[-113.91263,44.3607],[-113.91225,44.3607],[-113.91225,44.36178],[-113.91188,44.36178],[-113.91188,44.36339],[-113.9115,44.36339],[-113.9115,44.36447],[-113.91112,44.36447],[-113.91112,44.36528],[-113.9115,44.36528],[-113.9115,44.36636],[-113.91188,44.36636],[-113.91188,44.36663],[-113.9115,44.36663],[-113.9115,44.36744],[-113.91112,44.36744],[-113.91112,44.36824],[-113.91037,44.36824],[-113.91037,44.36797],[-113.90849,44.36797],[-113.90849,44.36824],[-113.90811,44.36824],[-113.90811,44.36851],[-113.90773,44.36851],[-113.90773,44.36878],[-113.90736,44.36878],[-113.90736,44.36905],[-113.90698,44.36905],[-113.90698,44.36932],[-113.9066,44.36932],[-113.9066,44.36986],[-113.90623,44.36986],[-113.90623,44.3704],[-113.90585,44.3704],[-113.90585,44.37094],[-113.90509,44.37094],[-113.90509,44.37121],[-113.90396,44.37121],[-113.90396,44.37148],[-113.90208,44.37148],[-113.90208,44.37121],[-113.9017,44.37121],[-113.9017,44.37148],[-113.89982,44.37148],[-113.89982,44.37175],[-113.89907,44.37148],[-113.89907,44.37175],[-113.89869,44.37175],[-113.89869,44.37148],[-113.89831,44.37148],[-113.89831,44.37094],[-113.89794,44.37094],[-113.89794,44.37013],[-113.89831,44.37013],[-113.89831,44.36959],[-113.89869,44.36959],[-113.89869,44.36905],[-113.89944,44.36905],[-113.89944,44.36878],[-113.89982,44.36878],[-113.89982,44.36851],[-113.90057,44.36824],[-113.90057,44.36771],[-113.89756,44.36771],[-113.89756,44.36797],[-113.89718,44.36797],[-113.89718,44.36824],[-113.89605,44.36824],[-113.89605,44.36797],[-113.89568,44.36797],[-113.89568,44.36744],[-113.89417,44.36717],[-113.89417,44.36744],[-113.89379,44.36744],[-113.89379,44.36771],[-113.89304,44.36771],[-113.89304,44.36797],[-113.89266,44.36797],[-113.89266,44.36824],[-113.89191,44.36824],[-113.89191,44.36851],[-113.8904,44.36851],[-113.8904,44.36824],[-113.88965,44.36824],[-113.88965,44.36797],[-113.88927,44.36797],[-113.88927,44.36771],[-113.8889,44.36771],[-113.8889,44.36744],[-113.88739,44.36717],[-113.88739,44.3669],[-113.88701,44.3669],[-113.88701,44.36663],[-113.88626,44.36663],[-113.88626,44.36636],[-113.8855,44.36609],[-113.8855,44.36582],[-113.88475,44.36582],[-113.88475,44.36555],[-113.88437,44.36555],[-113.88437,44.36501],[-113.884,44.36501],[-113.884,44.36474],[-113.88362,44.36474],[-113.88362,44.36447],[-113.88136,44.36447],[-113.88136,44.3642],[-113.87985,44.3642],[-113.87985,44.36447],[-113.87948,44.36447],[-113.87948,44.36501],[-113.8791,44.36501],[-113.8791,44.36528],[-113.87985,44.36555],[-113.87985,44.36609],[-113.87948,44.36609],[-113.87948,44.36636],[-113.8791,44.36636],[-113.8791,44.36663],[-113.87872,44.36663],[-113.87872,44.3669],[-113.87835,44.3669],[-113.87835,44.36663],[-113.87759,44.36663],[-113.87759,44.36636],[-113.87835,44.36636],[-113.87835,44.36528],[-113.87722,44.36528],[-113.87722,44.36555],[-113.87571,44.36555],[-113.87571,44.36528],[-113.87533,44.36528],[-113.87533,44.36555],[-113.87496,44.36555],[-113.87496,44.36582],[-113.87458,44.36582],[-113.87458,44.36609],[-113.8742,44.36609],[-113.8742,44.36717],[-113.87383,44.36717],[-113.87383,44.36744],[-113.8742,44.36744],[-113.8742,44.36771],[-113.87345,44.36771],[-113.87345,44.36717],[-113.8727,44.36717],[-113.8727,44.3669],[-113.87307,44.3669],[-113.87307,44.36663],[-113.8727,44.36663],[-113.8727,44.36582],[-113.87345,44.36582],[-113.87345,44.36555],[-113.8742,44.36528],[-113.8742,44.36501],[-113.87496,44.36501],[-113.87496,44.36474],[-113.87609,44.36474],[-113.87609,44.3642],[-113.87646,44.3642],[-113.87646,44.36366],[-113.87684,44.36366],[-113.87684,44.36339],[-113.87722,44.36339],[-113.87722,44.36312],[-113.87759,44.36312],[-113.87759,44.36285],[-113.87797,44.36285],[-113.87797,44.36258],[-113.88098,44.36258],[-113.88098,44.36232],[-113.88136,44.36232],[-113.88136,44.36205],[-113.88249,44.36205],[-113.88249,44.36178],[-113.88287,44.36178],[-113.88287,44.36151],[-113.88362,44.36151],[-113.88362,44.36124],[-113.88437,44.36097],[-113.88437,44.36016],[-113.88362,44.36016],[-113.88362,44.35989],[-113.88211,44.35989],[-113.88211,44.35962],[-113.8791,44.35962],[-113.8791,44.36016],[-113.87872,44.36016],[-113.87872,44.36043],[-113.87835,44.36043],[-113.87835,44.3607],[-113.87722,44.3607],[-113.87722,44.36016],[-113.87609,44.36016],[-113.87609,44.36043],[-113.87571,44.36043],[-113.87571,44.36016],[-113.87533,44.36016],[-113.87533,44.35989],[-113.87496,44.35989],[-113.87496,44.35962],[-113.87458,44.35962],[-113.87458,44.35935],[-113.87496,44.35935],[-113.87496,44.35908],[-113.87571,44.35881],[-113.87571,44.35854],[-113.87759,44.35854],[-113.87759,44.35881],[-113.87797,44.35881],[-113.87797,44.35854],[-113.87872,44.35854],[-113.87872,44.358],[-113.8791,44.358],[-113.8791,44.35773],[-113.87985,44.35746],[-113.87985,44.35719],[-113.88061,44.35719],[-113.88061,44.35693],[-113.88287,44.35666],[-113.88287,44.35639],[-113.884,44.35639],[-113.884,44.35612],[-113.8855,44.35612],[-113.8855,44.35585],[-113.88626,44.35585],[-113.88626,44.35558],[-113.88739,44.35558],[-113.88739,44.35531],[-113.8889,44.35531],[-113.8889,44.35504],[-113.88965,44.35504],[-113.88965,44.35477],[-113.89078,44.35477],[-113.89078,44.3545],[-113.89191,44.3545],[-113.89191,44.35423],[-113.88965,44.35396],[-113.88965,44.35369],[-113.88927,44.35369],[-113.88927,44.35342],[-113.88739,44.35342],[-113.88739,44.35315],[-113.88663,44.35315],[-113.88663,44.35369],[-113.88475,44.35369],[-113.88475,44.35396],[-113.884,44.35396],[-113.884,44.35423],[-113.88249,44.35423],[-113.88249,44.3545],[-113.88174,44.3545],[-113.88174,44.35477],[-113.88098,44.35477],[-113.88098,44.35504],[-113.87872,44.35504],[-113.87872,44.35531],[-113.87383,44.35531],[-113.87383,44.35504],[-113.87345,44.35504],[-113.87345,44.35477],[-113.8727,44.35477],[-113.8727,44.3545],[-113.87194,44.3545],[-113.87194,44.35423],[-113.86968,44.35423],[-113.86968,44.35396],[-113.87006,44.35396],[-113.87006,44.35369],[-113.86931,44.35369],[-113.86931,44.35342],[-113.86893,44.35342],[-113.86893,44.35315],[-113.86817,44.35315],[-113.86817,44.35288],[-113.8678,44.35288],[-113.8678,44.35261],[-113.86742,44.35261],[-113.86742,44.35234],[-113.86591,44.35234],[-113.86591,44.35261],[-113.86478,44.35261],[-113.86478,44.35288],[-113.86403,44.35288],[-113.86403,44.35261],[-113.86215,44.35261],[-113.86215,44.35234],[-113.86139,44.35207],[-113.86139,44.3518],[-113.86064,44.3518],[-113.86064,44.35154],[-113.85876,44.35154],[-113.85876,44.35234],[-113.85951,44.35234],[-113.85951,44.35261],[-113.86026,44.35261],[-113.86026,44.35288],[-113.86102,44.35288],[-113.86102,44.35315],[-113.86139,44.35315],[-113.86139,44.35396],[-113.86102,44.35396],[-113.86102,44.3545],[-113.86139,44.3545],[-113.86139,44.35477],[-113.86177,44.35477],[-113.86177,44.35504],[-113.86215,44.35504],[-113.86215,44.35531],[-113.86252,44.35531],[-113.86252,44.35585],[-113.8629,44.35585],[-113.8629,44.35612],[-113.86328,44.35612],[-113.86328,44.35639],[-113.86365,44.35639],[-113.86365,44.35666],[-113.86403,44.35666],[-113.86403,44.35693],[-113.86441,44.35693],[-113.86441,44.35719],[-113.86478,44.35719],[-113.86478,44.35773],[-113.86516,44.35773],[-113.86516,44.35989],[-113.86441,44.36016],[-113.86441,44.36043],[-113.86478,44.36043],[-113.86478,44.3607],[-113.86441,44.3607],[-113.86441,44.36124],[-113.86403,44.36124],[-113.86403,44.36151],[-113.86328,44.36151],[-113.86328,44.36178],[-113.86252,44.36205],[-113.86252,44.36285],[-113.86215,44.36285],[-113.86215,44.36312],[-113.86026,44.36312],[-113.86026,44.36339],[-113.85913,44.36339],[-113.85913,44.36366],[-113.85838,44.36366],[-113.85838,44.3642],[-113.858,44.3642],[-113.858,44.36609],[-113.85763,44.36609],[-113.85763,44.3669],[-113.85687,44.36717],[-113.85687,44.36771],[-113.8565,44.36771],[-113.8565,44.36824],[-113.85612,44.36824],[-113.85612,44.36986],[-113.85687,44.37013],[-113.85687,44.37067],[-113.85725,44.37067],[-113.85725,44.37121],[-113.85763,44.37121],[-113.85763,44.37148],[-113.85838,44.37148],[-113.85838,44.37175],[-113.85913,44.37202],[-113.85913,44.37229],[-113.86177,44.37229],[-113.86177,44.37256],[-113.86026,44.37256],[-113.86026,44.37283],[-113.85913,44.37283],[-113.85913,44.37309],[-113.8565,44.37309],[-113.8565,44.37283],[-113.85499,44.37283],[-113.85499,44.37256],[-113.85348,44.37256],[-113.85348,44.37229],[-113.85311,44.37229],[-113.85311,44.37256],[-113.85235,44.37256],[-113.85235,44.37309],[-113.85198,44.37309],[-113.85198,44.37363],[-113.8516,44.37363],[-113.8516,44.37444],[-113.85235,44.37471],[-113.85235,44.37687],[-113.8516,44.37687],[-113.8516,44.37714],[-113.85122,44.37714],[-113.85122,44.37741],[-113.85047,44.37741],[-113.85047,44.37768],[-113.84934,44.37768],[-113.84934,44.37795],[-113.84858,44.37795],[-113.84858,44.37822],[-113.84821,44.37822],[-113.84821,44.37848],[-113.84745,44.37848],[-113.84745,44.37875],[-113.8467,44.37875],[-113.8467,44.37902],[-113.84444,44.37902],[-113.84444,44.37875],[-113.84406,44.37875],[-113.84406,44.37848],[-113.84293,44.37848],[-113.84293,44.37822],[-113.84256,44.37822],[-113.84256,44.37848],[-113.8418,44.37848],[-113.8418,44.37902],[-113.84105,44.37902],[-113.84105,44.37929],[-113.8403,44.37902],[-113.8403,44.37929],[-113.83879,44.37929],[-113.83879,44.37956],[-113.83615,44.37956],[-113.83615,44.37929],[-113.83465,44.37902],[-113.83465,44.37875],[-113.83389,44.37848],[-113.83389,44.37714],[-113.83314,44.37687],[-113.83314,44.37633],[-113.83239,44.37633],[-113.83239,44.37579],[-113.83163,44.37552],[-113.83163,44.37498],[-113.83125,44.37498],[-113.83125,44.37444],[-113.8305,44.37417],[-113.8305,44.37229],[-113.83088,44.37229],[-113.83088,44.37175],[-113.83125,44.37175],[-113.83125,44.37148],[-113.83163,44.37148],[-113.83163,44.37094],[-113.83239,44.37067],[-113.83239,44.37013],[-113.83314,44.37013],[-113.83314,44.36986],[-113.83239,44.36986],[-113.83239,44.36959],[-113.83201,44.36959],[-113.83201,44.36878],[-113.83239,44.36878],[-113.83239,44.36824],[-113.83088,44.36797],[-113.83088,44.36771],[-113.82824,44.36771],[-113.82824,44.36744],[-113.82485,44.36744],[-113.82485,44.36717],[-113.82372,44.36717],[-113.82372,44.3669],[-113.82297,44.3669],[-113.82297,44.36663],[-113.82221,44.36663],[-113.82221,44.36636],[-113.82184,44.36636],[-113.82184,44.36609],[-113.8192,44.36609],[-113.8192,44.36636],[-113.81882,44.36636],[-113.81882,44.36609],[-113.81807,44.36609],[-113.81807,44.36555],[-113.81732,44.36555],[-113.81732,44.36501],[-113.81694,44.36501],[-113.81694,44.36447],[-113.81656,44.36447],[-113.81656,44.3642],[-113.81694,44.3642],[-113.81694,44.36366],[-113.81732,44.36366],[-113.81732,44.36312],[-113.81807,44.36312],[-113.81807,44.36285],[-113.81732,44.36258],[-113.81732,44.36178],[-113.81694,44.36178],[-113.81694,44.36151],[-113.81732,44.36151],[-113.81732,44.36124],[-113.81694,44.36124],[-113.81694,44.36097],[-113.81732,44.36097],[-113.81732,44.36043],[-113.81807,44.36043],[-113.81807,44.36016],[-113.81732,44.36016],[-113.81732,44.35989],[-113.81807,44.35989],[-113.81807,44.35962],[-113.81769,44.35962],[-113.81769,44.35935],[-113.81807,44.35935],[-113.81807,44.35881],[-113.81882,44.35881],[-113.81882,44.35827],[-113.81958,44.35827],[-113.81958,44.35773],[-113.82033,44.35773],[-113.82033,44.35746],[-113.82071,44.35746],[-113.82071,44.35719],[-113.82221,44.35719],[-113.82221,44.35773],[-113.82334,44.35773],[-113.82334,44.358],[-113.82372,44.358],[-113.82372,44.35827],[-113.82485,44.35827],[-113.82485,44.35854],[-113.82523,44.35854],[-113.82523,44.35881],[-113.8256,44.35881],[-113.8256,44.35854],[-113.82636,44.35827],[-113.82636,44.358],[-113.8256,44.35773],[-113.8256,44.35746],[-113.82523,44.35746],[-113.82523,44.35719],[-113.8256,44.35719],[-113.8256,44.35693],[-113.82447,44.35693],[-113.82447,44.35666],[-113.82485,44.35666],[-113.82485,44.35531],[-113.8241,44.35531],[-113.8241,44.35504],[-113.82108,44.35504],[-113.82108,44.35531],[-113.82033,44.35531],[-113.82033,44.35504],[-113.81995,44.35504],[-113.81995,44.35531],[-113.81769,44.35531],[-113.81769,44.35558],[-113.8094,44.35558],[-113.8094,44.35531],[-113.80903,44.35531],[-113.80903,44.35477],[-113.80752,44.35477],[-113.80752,44.3545],[-113.80639,44.3545],[-113.80639,44.35477],[-113.80564,44.35477],[-113.80564,44.35504],[-113.80413,44.35504],[-113.80413,44.35477],[-113.80262,44.3545],[-113.80262,44.35477],[-113.80225,44.35477],[-113.80225,44.35531],[-113.80187,44.35531],[-113.80187,44.35558],[-113.80112,44.35558],[-113.80112,44.35531],[-113.79999,44.35531],[-113.79999,44.35504],[-113.79961,44.35504],[-113.79961,44.3545],[-113.79999,44.3545],[-113.79999,44.35423],[-113.80036,44.35423],[-113.80036,44.35396],[-113.80074,44.35396],[-113.80074,44.35261],[-113.79999,44.35261],[-113.79999,44.35207],[-113.79923,44.35207],[-113.79923,44.35154],[-113.79886,44.35154],[-113.79886,44.351],[-113.79848,44.351],[-113.79848,44.35046],[-113.7981,44.35046],[-113.7981,44.34992],[-113.79773,44.34992],[-113.79773,44.34938],[-113.79697,44.34938],[-113.79697,44.34884],[-113.7966,44.34884],[-113.7966,44.34857],[-113.79622,44.34857],[-113.79622,44.3483],[-113.79584,44.3483],[-113.79584,44.34776],[-113.79547,44.34776],[-113.79547,44.34668],[-113.79509,44.34668],[-113.79509,44.34615],[-113.79471,44.34615],[-113.79471,44.34561],[-113.79433,44.34561],[-113.79433,44.3448],[-113.79396,44.3448],[-113.79396,44.34426],[-113.7932,44.34399],[-113.7932,44.34345],[-113.79283,44.34345],[-113.79283,44.34318],[-113.79207,44.34291],[-113.79207,44.34264],[-113.79132,44.34237],[-113.79132,44.34183],[-113.79094,44.34183],[-113.79094,44.34156],[-113.79019,44.34129],[-113.79019,44.34103],[-113.78981,44.34103],[-113.78981,44.34076],[-113.78944,44.34076],[-113.78944,44.34022],[-113.78906,44.34022],[-113.78906,44.33968],[-113.78868,44.33968],[-113.78868,44.33887],[-113.78831,44.33887],[-113.78831,44.33833],[-113.78793,44.33833],[-113.78793,44.33617],[-113.78831,44.33617],[-113.78831,44.33483],[-113.78793,44.33483],[-113.78793,44.33429],[-113.78755,44.33429],[-113.78755,44.33402],[-113.78718,44.33402],[-113.78718,44.33375],[-113.7868,44.33375],[-113.7868,44.33321],[-113.78642,44.33321],[-113.78642,44.33186],[-113.78793,44.33132],[-113.78793,44.33051],[-113.78755,44.33051],[-113.78755,44.32944],[-113.78793,44.32944],[-113.78793,44.32863],[-113.78831,44.32863],[-113.78831,44.32809],[-113.78868,44.32809],[-113.78868,44.32728],[-113.78906,44.32728],[-113.78906,44.32647],[-113.78944,44.32647],[-113.78944,44.32593],[-113.78981,44.32593],[-113.78981,44.32539],[-113.79019,44.32539],[-113.79019,44.32486],[-113.79057,44.32486],[-113.79057,44.32432],[-113.79094,44.32432],[-113.79094,44.32405],[-113.7917,44.32378],[-113.7917,44.32351],[-113.79245,44.32324],[-113.79245,44.3227],[-113.79283,44.3227],[-113.79283,44.32243],[-113.7932,44.32243],[-113.7932,44.32216],[-113.79396,44.32189],[-113.79396,44.32162],[-113.79471,44.32135],[-113.79471,44.32081],[-113.79509,44.32081],[-113.79509,44.32],[-113.79547,44.32],[-113.79547,44.31893],[-113.79584,44.31893],[-113.79584,44.31812],[-113.79622,44.31812],[-113.79622,44.31758],[-113.7966,44.31758],[-113.7966,44.31704],[-113.79735,44.31677],[-113.79735,44.31623],[-113.79773,44.31623],[-113.79773,44.31569],[-113.7981,44.31569],[-113.7981,44.31542],[-113.79848,44.31542],[-113.79848,44.31515],[-113.79886,44.31515],[-113.79886,44.31488],[-113.79923,44.31488],[-113.79923,44.31461],[-113.79961,44.31461],[-113.79961,44.31408],[-113.79999,44.31408],[-113.79999,44.31381],[-113.80036,44.31381],[-113.80036,44.31354],[-113.80074,44.31354],[-113.80074,44.313],[-113.80112,44.313],[-113.80112,44.31273],[-113.80149,44.31273],[-113.80149,44.31246],[-113.80187,44.31246],[-113.80187,44.31219],[-113.80338,44.31192],[-113.80338,44.31165],[-113.80413,44.31165],[-113.80413,44.31138],[-113.80451,44.31138],[-113.80451,44.31111],[-113.80526,44.31084],[-113.80526,44.30976],[-113.80564,44.30976],[-113.80564,44.30922],[-113.80526,44.30922],[-113.80526,44.30896],[-113.80451,44.30896],[-113.80451,44.30869],[-113.80375,44.30842],[-113.80375,44.30788],[-113.80413,44.30788],[-113.80413,44.30761],[-113.80451,44.30761],[-113.80451,44.30734],[-113.80601,44.30707],[-113.80601,44.30626],[-113.80564,44.30626],[-113.80564,44.3041],[-113.80601,44.3041],[-113.80601,44.30357],[-113.80639,44.30357],[-113.80639,44.30303],[-113.80714,44.30276],[-113.80714,44.30249],[-113.80677,44.30249],[-113.80677,44.30222],[-113.80714,44.30222],[-113.80714,44.29952],[-113.80752,44.29952],[-113.80752,44.29979],[-113.80827,44.30006],[-113.80827,44.30168],[-113.80865,44.30168],[-113.80865,44.30222],[-113.80903,44.30222],[-113.80903,44.30249],[-113.81129,44.30249],[-113.81129,44.30276],[-113.81166,44.30276],[-113.81166,44.30357],[-113.81204,44.30357],[-113.81204,44.30384],[-113.81393,44.30384],[-113.81393,44.3041],[-113.81468,44.30437],[-113.81468,44.30464],[-113.81619,44.30491],[-113.81619,44.30518],[-113.81694,44.30518],[-113.81694,44.30545],[-113.81807,44.30545],[-113.81807,44.30572],[-113.81845,44.30572],[-113.81845,44.30599],[-113.8192,44.30626],[-113.8192,44.30653],[-113.81958,44.30653],[-113.81958,44.3068],[-113.82071,44.3068],[-113.82071,44.30653],[-113.82108,44.30653],[-113.82108,44.30599],[-113.82071,44.30599],[-113.82071,44.30545],[-113.82033,44.30545],[-113.82033,44.30437],[-113.82071,44.30437],[-113.82071,44.3041],[-113.82146,44.30384],[-113.82146,44.30357],[-113.82221,44.30357],[-113.82221,44.3033],[-113.82259,44.3033],[-113.82259,44.30357],[-113.82297,44.30357],[-113.82297,44.30437],[-113.82334,44.30437],[-113.82334,44.30464],[-113.82485,44.30464],[-113.82485,44.30437],[-113.82523,44.30437],[-113.82523,44.30572],[-113.8256,44.30572],[-113.8256,44.30599],[-113.82598,44.30599],[-113.82598,44.30572],[-113.82673,44.30545],[-113.82673,44.30518],[-113.82711,44.30518],[-113.82711,44.30437],[-113.82786,44.30437],[-113.82786,44.30464],[-113.82824,44.30464],[-113.82824,44.30599],[-113.82899,44.30599],[-113.82899,44.30626],[-113.8305,44.30653],[-113.8305,44.3068],[-113.83163,44.3068],[-113.83163,44.30707],[-113.83276,44.30707],[-113.83276,44.3068],[-113.83389,44.3068],[-113.83389,44.30707],[-113.83841,44.30707],[-113.83841,44.3068],[-113.83879,44.3068],[-113.83879,44.30653],[-113.83954,44.30653],[-113.83954,44.30626],[-113.8403,44.30599],[-113.8403,44.30572],[-113.84067,44.30572],[-113.84067,44.30545],[-113.84143,44.30518],[-113.84143,44.30491],[-113.84218,44.30491],[-113.84218,44.30464],[-113.84293,44.30464],[-113.84293,44.30437],[-113.84331,44.30437],[-113.84331,44.30518],[-113.84293,44.30518],[-113.84293,44.30545],[-113.84331,44.30545],[-113.84331,44.30572],[-113.84293,44.30572],[-113.84293,44.30707],[-113.84331,44.30707],[-113.84331,44.30734],[-113.84444,44.30734],[-113.84444,44.30707],[-113.84595,44.3068],[-113.84595,44.30653],[-113.84632,44.30653],[-113.84632,44.30626],[-113.8467,44.30626],[-113.8467,44.30599],[-113.84708,44.30599],[-113.84708,44.30572],[-113.84745,44.30572],[-113.84745,44.30545],[-113.84708,44.30545],[-113.84708,44.30518],[-113.84745,44.30518],[-113.84745,44.30491],[-113.84783,44.30491],[-113.84783,44.30464],[-113.84821,44.30464],[-113.84821,44.30437],[-113.84896,44.3041],[-113.84896,44.30384],[-113.84934,44.30384],[-113.84934,44.30357],[-113.84971,44.30357],[-113.84971,44.3033],[-113.85047,44.3033],[-113.85047,44.30303],[-113.85085,44.30303],[-113.85085,44.30276],[-113.8516,44.30276],[-113.8516,44.30249],[-113.85198,44.30249],[-113.85198,44.30222],[-113.85235,44.30222],[-113.85235,44.30303],[-113.85198,44.30303],[-113.85198,44.30437],[-113.85311,44.30437],[-113.85311,44.30545],[-113.85273,44.30545],[-113.85273,44.30599],[-113.85235,44.30599],[-113.85235,44.30626],[-113.85311,44.30626],[-113.85311,44.30653],[-113.85725,44.30653],[-113.85725,44.30626],[-113.86026,44.30626],[-113.86026,44.30653],[-113.86064,44.30653],[-113.86064,44.3068],[-113.86026,44.3068],[-113.86026,44.30761],[-113.85989,44.30761],[-113.85989,44.30788],[-113.86252,44.30788],[-113.86252,44.30842],[-113.86215,44.30842],[-113.86215,44.30896],[-113.86177,44.30896],[-113.86177,44.30922],[-113.86139,44.30922],[-113.86139,44.30949],[-113.86102,44.30949],[-113.86102,44.30976],[-113.86064,44.30976],[-113.86064,44.31057],[-113.8629,44.3103],[-113.8629,44.30949],[-113.86328,44.30949],[-113.86328,44.30922],[-113.86365,44.30922],[-113.86365,44.30976],[-113.86403,44.30976],[-113.86403,44.3103],[-113.86441,44.3103],[-113.86441,44.31003],[-113.86516,44.31003],[-113.86516,44.3103],[-113.86478,44.3103],[-113.86478,44.31057],[-113.86629,44.3103],[-113.86629,44.31057],[-113.86667,44.31057],[-113.86667,44.31084],[-113.86742,44.31084],[-113.86742,44.31111],[-113.8678,44.31111],[-113.8678,44.31084],[-113.86817,44.31084],[-113.86817,44.31057],[-113.86855,44.31057],[-113.86855,44.31084],[-113.86931,44.31084],[-113.86931,44.31111],[-113.87006,44.31111],[-113.87006,44.31138],[-113.87044,44.31138],[-113.87044,44.31165],[-113.87119,44.31138],[-113.87119,44.31219],[-113.87081,44.31219],[-113.87081,44.31273],[-113.87044,44.31273],[-113.87044,44.313],[-113.86931,44.313],[-113.86931,44.31327],[-113.86855,44.31354],[-113.86855,44.31461],[-113.87006,44.31435],[-113.87006,44.31461],[-113.87081,44.31488],[-113.87081,44.31542],[-113.87119,44.31542],[-113.87119,44.31596],[-113.87157,44.31596],[-113.87157,44.3165],[-113.87194,44.3165],[-113.87194,44.31704],[-113.87232,44.31704],[-113.87232,44.31758],[-113.8727,44.31758],[-113.8727,44.31839],[-113.87194,44.31839],[-113.87194,44.31812],[-113.86931,44.31812],[-113.86931,44.31785],[-113.86855,44.31785],[-113.86855,44.31812],[-113.86817,44.31812],[-113.86817,44.31839],[-113.8678,44.31839],[-113.8678,44.31866],[-113.86742,44.31866],[-113.86742,44.31893],[-113.8678,44.31893],[-113.8678,44.3192],[-113.86817,44.3192],[-113.86817,44.31947],[-113.86855,44.31947],[-113.86855,44.32],[-113.86893,44.32],[-113.86893,44.32054],[-113.86931,44.32054],[-113.86931,44.32216],[-113.86893,44.32216],[-113.86893,44.32243],[-113.86704,44.32243],[-113.86704,44.32216],[-113.86591,44.32216],[-113.86591,44.32243],[-113.86554,44.32243],[-113.86554,44.3227],[-113.86591,44.3227],[-113.86591,44.32324],[-113.86554,44.32324],[-113.86554,44.32378],[-113.86516,44.32378],[-113.86516,44.32405],[-113.86403,44.32405],[-113.86403,44.32378],[-113.86328,44.32378],[-113.86328,44.32351],[-113.8629,44.32351],[-113.8629,44.32378],[-113.86252,44.32378],[-113.86252,44.32405],[-113.85913,44.32405],[-113.85913,44.32432],[-113.858,44.32432],[-113.858,44.32459],[-113.8565,44.32459],[-113.8565,44.32513],[-113.85612,44.32513],[-113.85612,44.32593],[-113.8565,44.32593],[-113.8565,44.3262],[-113.858,44.3262],[-113.858,44.32593],[-113.85838,44.32593],[-113.85838,44.3262],[-113.86064,44.3262],[-113.86064,44.32647],[-113.86102,44.32647],[-113.86102,44.32674],[-113.86139,44.32674],[-113.86139,44.32701],[-113.86177,44.32701],[-113.86177,44.32728],[-113.86215,44.32728],[-113.86215,44.32755],[-113.86252,44.32755],[-113.86252,44.32782],[-113.8629,44.32782],[-113.8629,44.32863],[-113.86328,44.32863],[-113.86328,44.3289],[-113.86629,44.3289],[-113.86629,44.32971],[-113.86667,44.32971],[-113.86667,44.33025],[-113.86704,44.33025],[-113.86704,44.33105],[-113.86629,44.33105],[-113.86629,44.33186],[-113.86704,44.33159],[-113.86704,44.33132],[-113.86742,44.33132],[-113.86742,44.33105],[-113.86893,44.33078],[-113.86893,44.33051],[-113.87044,44.33051],[-113.87044,44.33025],[-113.87081,44.33025],[-113.87081,44.32998],[-113.87119,44.32998],[-113.87119,44.33051],[-113.87194,44.33078],[-113.87194,44.33132],[-113.87232,44.33132],[-113.87232,44.33159],[-113.87157,44.33186],[-113.87157,44.33213],[-113.87044,44.33213],[-113.87044,44.33186],[-113.86968,44.33186],[-113.86968,44.33213],[-113.86931,44.33213],[-113.86931,44.33267],[-113.86968,44.33267],[-113.86968,44.33321],[-113.87006,44.33321],[-113.87006,44.33375],[-113.86855,44.33402],[-113.86855,44.33456],[-113.8678,44.33483],[-113.8678,44.33537],[-113.86704,44.33537],[-113.86704,44.33564],[-113.86667,44.33564],[-113.86667,44.33725],[-113.86704,44.33725],[-113.86704,44.33752],[-113.86667,44.33752],[-113.86667,44.33806],[-113.86554,44.33806],[-113.86554,44.33833],[-113.86516,44.33833],[-113.86516,44.33887],[-113.86478,44.33887],[-113.86478,44.33914],[-113.86328,44.33914],[-113.86328,44.33887],[-113.86215,44.33887],[-113.86215,44.33968],[-113.86252,44.33968],[-113.86252,44.33995],[-113.86478,44.33995],[-113.86478,44.34022],[-113.86554,44.34022],[-113.86554,44.34049],[-113.86629,44.34049],[-113.86629,44.34022],[-113.8678,44.34022],[-113.8678,44.34049],[-113.86817,44.34049],[-113.86817,44.34103],[-113.86855,44.34103],[-113.86855,44.34129],[-113.86817,44.34129],[-113.86817,44.34237],[-113.86855,44.34237],[-113.86855,44.34264],[-113.86931,44.34291],[-113.86931,44.34318],[-113.87006,44.34318],[-113.87006,44.34345],[-113.87081,44.34345],[-113.87081,44.34372],[-113.87157,44.34399],[-113.87157,44.34453],[-113.87194,44.34453],[-113.87194,44.34534],[-113.8727,44.34561],[-113.8727,44.34642],[-113.87345,44.34668],[-113.87345,44.34749],[-113.87383,44.34749],[-113.87383,44.34776],[-113.8742,44.34776],[-113.8742,44.34803],[-113.87496,44.34803],[-113.87496,44.3483],[-113.87533,44.3483],[-113.87533,44.34857],[-113.87684,44.34884],[-113.87684,44.34911],[-113.87835,44.34911],[-113.87835,44.34884],[-113.87872,44.34884],[-113.87872,44.34857],[-113.8791,44.34857],[-113.8791,44.34803],[-113.87985,44.34803],[-113.87985,44.34749],[-113.88061,44.34722],[-113.88061,44.34668],[-113.88136,44.34642],[-113.88136,44.34534],[-113.88174,44.34534],[-113.88174,44.34507],[-113.88136,44.34507],[-113.88136,44.3448],[-113.87948,44.3448],[-113.87948,44.34453],[-113.8791,44.34453],[-113.8791,44.34399],[-113.87872,44.34399],[-113.87872,44.34345],[-113.87835,44.34345],[-113.87835,44.34264],[-113.87797,44.34264],[-113.87797,44.34076],[-113.87759,44.34076],[-113.87759,44.33995],[-113.87835,44.33995],[-113.87835,44.34022],[-113.87872,44.34022],[-113.87872,44.34076],[-113.8791,44.34076],[-113.8791,44.34156],[-113.87948,44.34156],[-113.87948,44.34183],[-113.87985,44.34183],[-113.87985,44.3421],[-113.88023,44.3421],[-113.88023,44.34237],[-113.88211,44.34237],[-113.88211,44.3421],[-113.88362,44.3421],[-113.88362,44.34183],[-113.884,44.34183],[-113.884,44.34156],[-113.88437,44.34156],[-113.88437,44.34129],[-113.88475,44.34129],[-113.88475,44.34103],[-113.88513,44.34103],[-113.88513,44.34076],[-113.88663,44.34049],[-113.88663,44.34022],[-113.88701,44.34022],[-113.88701,44.33995],[-113.89078,44.33995],[-113.89078,44.34022],[-113.89116,44.34022],[-113.89116,44.33968],[-113.8904,44.33968],[-113.8904,44.33914],[-113.89003,44.33914]],[[-113.89116,44.34049],[-113.89153,44.34049],[-113.89153,44.34076],[-113.89229,44.34103],[-113.89229,44.34129],[-113.89304,44.34129],[-113.89304,44.34076],[-113.89229,44.34076],[-113.89229,44.34049],[-113.89191,44.34049],[-113.89191,44.34022],[-113.89116,44.34022],[-113.89116,44.34049]],[[-113.90396,44.3669],[-113.90396,44.36663],[-113.90359,44.36663],[-113.90359,44.36636],[-113.90208,44.36663],[-113.90208,44.36717],[-113.90246,44.36717],[-113.90246,44.36744],[-113.90321,44.36744],[-113.90321,44.36717],[-113.90396,44.3669]],[[-113.90924,44.36663],[-113.90924,44.36609],[-113.90886,44.36609],[-113.90886,44.36501],[-113.90849,44.36501],[-113.90849,44.36447],[-113.90811,44.36447],[-113.90811,44.36474],[-113.90773,44.36474],[-113.90773,44.36501],[-113.90736,44.36501],[-113.90736,44.36609],[-113.90773,44.36609],[-113.90773,44.36636],[-113.90849,44.36663],[-113.90849,44.3669],[-113.90999,44.36717],[-113.90999,44.3669],[-113.90924,44.36663]],[[-113.85424,44.3642],[-113.85424,44.36393],[-113.85461,44.36393],[-113.85461,44.36339],[-113.85499,44.36339],[-113.85499,44.36205],[-113.85273,44.36232],[-113.85273,44.36393],[-113.85235,44.36393],[-113.85235,44.36474],[-113.85273,44.36474],[-113.85273,44.36447],[-113.85386,44.36447],[-113.85386,44.3642],[-113.85424,44.3642]],[[-113.89907,44.36285],[-113.89907,44.36258],[-113.89869,44.36258],[-113.89869,44.36232],[-113.89756,44.36232],[-113.89756,44.36285],[-113.89794,44.36285],[-113.89794,44.36312],[-113.89831,44.36312],[-113.89831,44.36339],[-113.89869,44.36339],[-113.89869,44.36312],[-113.89944,44.36312],[-113.89944,44.36285],[-113.89907,44.36285]],[[-113.88965,44.36205],[-113.88965,44.36178],[-113.8889,44.36151],[-113.8889,44.36124],[-113.88777,44.36124],[-113.88777,44.36151],[-113.88814,44.36151],[-113.88814,44.36232],[-113.88852,44.36232],[-113.88852,44.36258],[-113.88965,44.36258],[-113.88965,44.36232],[-113.89003,44.36232],[-113.89003,44.36205],[-113.88965,44.36205]],[[-113.9066,44.36151],[-113.9066,44.36205],[-113.90736,44.36232],[-113.90736,44.36178],[-113.9066,44.36151]],[[-113.85838,44.36016],[-113.85838,44.35989],[-113.85913,44.35962],[-113.85913,44.35935],[-113.85989,44.35935],[-113.85989,44.35908],[-113.86026,44.35908],[-113.86026,44.35827],[-113.85838,44.35827],[-113.85838,44.35854],[-113.858,44.35854],[-113.858,44.35908],[-113.85687,44.35908],[-113.85687,44.35935],[-113.85612,44.35908],[-113.85612,44.358],[-113.8565,44.358],[-113.8565,44.35746],[-113.85687,44.35746],[-113.85687,44.35693],[-113.85725,44.35693],[-113.85725,44.35558],[-113.85763,44.35558],[-113.85763,44.3545],[-113.85725,44.3545],[-113.85725,44.35423],[-113.85687,44.35423],[-113.85687,44.35396],[-113.85612,44.35396],[-113.85612,44.35423],[-113.85386,44.35423],[-113.85386,44.3545],[-113.85235,44.35477],[-113.85235,44.35504],[-113.8516,44.35504],[-113.8516,44.35531],[-113.85122,44.35531],[-113.85122,44.35585],[-113.85085,44.35585],[-113.85085,44.35693],[-113.85047,44.35693],[-113.85047,44.35719],[-113.85009,44.35719],[-113.85009,44.35746],[-113.84971,44.35746],[-113.84971,44.35827],[-113.85122,44.35827],[-113.85122,44.358],[-113.85198,44.358],[-113.85198,44.35773],[-113.85386,44.35773],[-113.85386,44.36016],[-113.85424,44.36016],[-113.85424,44.36043],[-113.85461,44.36043],[-113.85461,44.3607],[-113.85574,44.3607],[-113.85574,44.36043],[-113.8565,44.36043],[-113.8565,44.3607],[-113.85763,44.3607],[-113.85763,44.36043],[-113.858,44.36043],[-113.858,44.36016],[-113.85838,44.36016]],[[-113.90246,44.35342],[-113.90246,44.35315],[-113.90208,44.35315],[-113.90208,44.35342],[-113.90246,44.35342]],[[-113.90246,44.35288],[-113.90246,44.35261],[-113.90208,44.35261],[-113.90208,44.35288],[-113.90246,44.35288]],[[-113.87872,44.35207],[-113.87872,44.3518],[-113.88061,44.3518],[-113.88061,44.35154],[-113.88174,44.35154],[-113.88174,44.35127],[-113.88249,44.35127],[-113.88249,44.351],[-113.88287,44.351],[-113.88287,44.35046],[-113.88324,44.35046],[-113.88324,44.34992],[-113.88362,44.34992],[-113.88362,44.34965],[-113.884,44.34965],[-113.884,44.34938],[-113.88475,44.34938],[-113.88475,44.34749],[-113.88437,44.34749],[-113.88437,44.34668],[-113.884,44.34668],[-113.884,44.34615],[-113.88437,44.34615],[-113.88437,44.34588],[-113.88475,44.34588],[-113.88475,44.34561],[-113.88513,44.34561],[-113.88513,44.34534],[-113.88663,44.34507],[-113.88663,44.34453],[-113.884,44.34453],[-113.884,44.3448],[-113.88249,44.34507],[-113.88249,44.34534],[-113.88211,44.34534],[-113.88211,44.34561],[-113.88174,44.34561],[-113.88174,44.34588],[-113.88249,44.34588],[-113.88249,44.3483],[-113.88174,44.3483],[-113.88174,44.34857],[-113.88098,44.3483],[-113.88098,44.34884],[-113.88023,44.34884],[-113.88023,44.34965],[-113.87948,44.34965],[-113.87948,44.35019],[-113.87872,44.35046],[-113.87872,44.35073],[-113.87835,44.35073],[-113.87835,44.351],[-113.87533,44.35073],[-113.87533,44.351],[-113.87496,44.351],[-113.87496,44.35154],[-113.87458,44.35154],[-113.87458,44.35234],[-113.87496,44.35234],[-113.87496,44.35261],[-113.87759,44.35261],[-113.87759,44.35234],[-113.87835,44.35234],[-113.87835,44.35207],[-113.87872,44.35207]],[[-113.89266,44.35207],[-113.89229,44.35207],[-113.89229,44.35234],[-113.89266,44.35234],[-113.89266,44.35207]],[[-113.89304,44.35207],[-113.89304,44.3518],[-113.89266,44.3518],[-113.89266,44.35207],[-113.89304,44.35207]],[[-113.89342,44.3518],[-113.89342,44.35154],[-113.89304,44.35154],[-113.89304,44.3518],[-113.89342,44.3518]],[[-113.89492,44.3518],[-113.89492,44.35154],[-113.89455,44.35154],[-113.89455,44.3518],[-113.89492,44.3518]],[[-113.8742,44.35046],[-113.8742,44.35019],[-113.87345,44.35019],[-113.87345,44.35046],[-113.87307,44.35046],[-113.87307,44.35073],[-113.87345,44.35073],[-113.87345,44.351],[-113.87383,44.351],[-113.87383,44.35127],[-113.87458,44.35127],[-113.87458,44.35073],[-113.87496,44.35073],[-113.87496,44.35046],[-113.8742,44.35046]],[[-113.88777,44.34884],[-113.88777,44.34965],[-113.88739,44.34965],[-113.88739,44.35019],[-113.88777,44.35019],[-113.88777,44.35046],[-113.88852,44.35046],[-113.88852,44.35019],[-113.8889,44.35019],[-113.8889,44.34884],[-113.88777,44.34884]],[[-113.87044,44.34884],[-113.87044,44.34857],[-113.86968,44.34857],[-113.86968,44.34911],[-113.87006,44.34911],[-113.87006,44.34938],[-113.87081,44.34911],[-113.87081,44.34884],[-113.87044,44.34884]],[[-113.90999,44.3483],[-113.90999,44.34857],[-113.91037,44.34857],[-113.91037,44.34884],[-113.91075,44.34884],[-113.91075,44.34857],[-113.9115,44.34857],[-113.9115,44.3483],[-113.90999,44.3483]],[[-113.87044,44.34668],[-113.87044,44.34615],[-113.86968,44.34642],[-113.86968,44.34803],[-113.87044,44.34803],[-113.87044,44.34776],[-113.87081,44.34776],[-113.87081,44.34668],[-113.87044,44.34668]],[[-113.86893,44.34615],[-113.86893,44.34588],[-113.86931,44.34588],[-113.86931,44.34534],[-113.86667,44.34534],[-113.86667,44.34507],[-113.86591,44.3448],[-113.86591,44.34399],[-113.86554,44.34399],[-113.86554,44.34372],[-113.86516,44.34372],[-113.86516,44.34345],[-113.8629,44.34345],[-113.8629,44.34372],[-113.86215,44.34372],[-113.86215,44.34399],[-113.86177,44.34399],[-113.86177,44.34453],[-113.86139,44.34453],[-113.86139,44.3448],[-113.86102,44.3448],[-113.86102,44.34561],[-113.86139,44.34561],[-113.86139,44.34588],[-113.86215,44.34588],[-113.86215,44.34615],[-113.8629,44.34615],[-113.8629,44.34642],[-113.86403,44.34642],[-113.86403,44.34695],[-113.86441,44.34695],[-113.86441,44.34722],[-113.86591,44.34722],[-113.86591,44.34668],[-113.86629,44.34668],[-113.86629,44.34642],[-113.86667,44.34642],[-113.86667,44.34615],[-113.86742,44.34615],[-113.86742,44.34642],[-113.8678,44.34642],[-113.8678,44.34695],[-113.86742,44.34695],[-113.86742,44.34722],[-113.86704,44.34722],[-113.86704,44.34749],[-113.86667,44.34749],[-113.86667,44.34776],[-113.86704,44.34776],[-113.86704,44.34803],[-113.86817,44.34803],[-113.86817,44.34695],[-113.86855,44.34695],[-113.86855,44.34615],[-113.86893,44.34615]],[[-113.83201,44.33752],[-113.83201,44.33725],[-113.83163,44.33725],[-113.83163,44.33752],[-113.83201,44.33752]],[[-113.86554,44.3351],[-113.86554,44.33483],[-113.86441,44.33483],[-113.86441,44.3351],[-113.86554,44.3351]],[[-113.83239,44.33429],[-113.83239,44.33402],[-113.83201,44.33402],[-113.83201,44.33429],[-113.83239,44.33429]],[[-113.83201,44.33321],[-113.83201,44.33294],[-113.83163,44.33294],[-113.83163,44.33321],[-113.83201,44.33321]],[[-113.82975,44.3324],[-113.82975,44.33267],[-113.82937,44.33267],[-113.82937,44.33294],[-113.83012,44.33294],[-113.83012,44.33213],[-113.82937,44.33213],[-113.82937,44.3324],[-113.82975,44.3324]],[[-113.82334,44.32674],[-113.82334,44.32647],[-113.82297,44.32647],[-113.82297,44.32674],[-113.82334,44.32674]],[[-113.86365,44.31084],[-113.86365,44.31057],[-113.86328,44.31057],[-113.86328,44.31084],[-113.86365,44.31084]]],[[[-113.78868,44.35315],[-113.78868,44.35288],[-113.78981,44.35288],[-113.78981,44.35315],[-113.79057,44.35342],[-113.79057,44.35369],[-113.78944,44.35369],[-113.78944,44.35342],[-113.78868,44.35315]]],[[[-113.86968,44.35962],[-113.86968,44.35935],[-113.87044,44.35935],[-113.87044,44.35962],[-113.86968,44.35962]]]]},"properties":{"layer":"predicted_reach_h20","fire_name":"Doublesprings","irwin_id":"{960C064B-1764-4834-BD28-90FB69A4AB4A}","model":"arrival_run","checkpoint_epoch":216,"decode":"connected_causal","operating_point":{"floor":0.0,"mult":0.9},"val_precision":null,"val_recall":null,"model_caveat":"arrival_run chosen for best RECALL among the six FlameFlux v3 candidates on the production-valid t0-window corpus (R=0.624 on the fc2 held-out fires, R=0.432 on Dillon -- see candidate_comparison.md from the 2026-07-24 comparison). It does NOT meet the project's P>=0.50/R>=0.80 target: precision is the WORST of the six (P=0.120 on fc2 -- most flagged growth is wrong), and wind_run actually edges it on F1. IMPORTANT CAVEAT: arrival_run trained on the leaky 'observed' corpus (crop centered/sized on t0|t1, i.e. it saw the future perimeter's geometry during training) and has NEVER seen a t0-window crop -- the ONLY geometry this live pipeline can ever produce at forecast time (the future perimeter is, by definition, unknown). So every live prediction from this model is out-of-distribution relative to its own training. The measured t0-window numbers above already reflect that (they are not a surprise), but this is 'best available', not 'production-ready' -- represent it that way. The operating_point (floor=0.0, mult=0.9) is the VAL-selected connected-causal decode point; it did NOT clear the 0.50 precision floor during selection (feasible=False, val P=0.270/R=0.259) -- it's the best-F1 fallback point, not a precision-guaranteed one.","issued_at_utc":"2026-08-05 02:36:31.645281+00:00","valid_from_utc":"2026-08-05 00:00:00","valid_to_utc":"2026-08-06 00:00:00","wfigs_date_current_utc":"2026-08-05 02:05:06+00:00","pixel_size_m":30,"veg_source":"refreshed_d4","physics_source":"eikonal_fbfm40","history_n_dates":1,"degraded_history":true,"containment_pct":0.0,"acres_wfigs":1021.012899130312,"hour":20,"valid_at_utc":"2026-08-05 20:00:00"}},{"type":"Feature","geometry":{"type":"MultiPolygon","coordinates":[[[[-113.90133,44.30896],[-113.90095,44.30896],[-113.90095,44.30869],[-113.90133,44.30869],[-113.90133,44.30842],[-113.9017,44.30842],[-113.9017,44.30815],[-113.90246,44.30815],[-113.90246,44.30788],[-113.90283,44.30788],[-113.90283,44.30761],[-113.90396,44.30761],[-113.90396,44.30949],[-113.90246,44.30949],[-113.90246,44.30922],[-113.90133,44.30922],[-113.90133,44.30896]]],[[[-113.89643,44.31084],[-113.89643,44.31057],[-113.89681,44.31057],[-113.89681,44.31003],[-113.89756,44.31003],[-113.89756,44.30949],[-113.89831,44.30922],[-113.89831,44.30869],[-113.9002,44.30869],[-113.9002,44.30976],[-113.89982,44.30976],[-113.89982,44.31057],[-113.89869,44.31057],[-113.89869,44.31084],[-113.89718,44.31111],[-113.89718,44.31138],[-113.89681,44.31138],[-113.89681,44.31111],[-113.89605,44.31111],[-113.89605,44.31084],[-113.89643,44.31084]]],[[[-113.90585,44.31623],[-113.90585,44.3165],[-113.90472,44.3165],[-113.90472,44.31677],[-113.90396,44.31677],[-113.90396,44.31704],[-113.90208,44.31704],[-113.90208,44.31596],[-113.90283,44.31596],[-113.90283,44.31569],[-113.90396,44.31569],[-113.90396,44.31515],[-113.90434,44.31515],[-113.90434,44.31461],[-113.90472,44.31461],[-113.90472,44.31435],[-113.90509,44.31435],[-113.90509,44.31408],[-113.90623,44.31408],[-113.90623,44.31435],[-113.90698,44.31461],[-113.90698,44.31488],[-113.90773,44.31515],[-113.90773,44.31569],[-113.90849,44.31596],[-113.90849,44.31704],[-113.90773,44.31704],[-113.90773,44.3165],[-113.90698,44.3165],[-113.90698,44.31623],[-113.90585,44.31623]]],[[[-113.90434,44.31974],[-113.90434,44.31947],[-113.90472,44.31947],[-113.90472,44.31974],[-113.90434,44.31974]]],[[[-113.90509,44.31974],[-113.90509,44.32],[-113.90472,44.32],[-113.90472,44.31974],[-113.90509,44.31974]]],[[[-113.90509,44.32027],[-113.90509,44.32],[-113.90547,44.32],[-113.90547,44.32027],[-113.90509,44.32027]]],[[[-113.90773,44.32081],[-113.90773,44.32108],[-113.90736,44.32108],[-113.90736,44.32135],[-113.90623,44.32135],[-113.90623,44.32108],[-113.90585,44.32108],[-113.90585,44.32054],[-113.90547,44.32054],[-113.90547,44.32027],[-113.90623,44.32027],[-113.90623,44.32054],[-113.90773,44.32081]]],[[[-113.90509,44.32539],[-113.90623,44.32539],[-113.90623,44.3262],[-113.90472,44.3262],[-113.90472,44.32566],[-113.90509,44.32566],[-113.90509,44.32539]]],[[[-113.91075,44.33483],[-113.91075,44.33456],[-113.91112,44.33456],[-113.91112,44.33483],[-113.91075,44.33483]]],[[[-113.90773,44.37148],[-113.90773,44.37121],[-113.90811,44.37121],[-113.90811,44.37148],[-113.90773,44.37148]]],[[[-113.90773,44.37202],[-113.90773,44.37175],[-113.90811,44.37175],[-113.90811,44.37202],[-113.90773,44.37202]]],[[[-113.90698,44.37256],[-113.90698,44.37229],[-113.90773,44.37229],[-113.90773,44.37256],[-113.90698,44.37256]]],[[[-113.90623,44.37256],[-113.90698,44.37256],[-113.90698,44.37283],[-113.90623,44.37283],[-113.90623,44.37256]]],[[[-113.90623,44.37309],[-113.90585,44.37309],[-113.90585,44.37283],[-113.90623,44.37283],[-113.90623,44.37309]]],[[[-113.9017,44.37363],[-113.90133,44.37363],[-113.90133,44.37336],[-113.9017,44.37336],[-113.9017,44.37363]]],[[[-113.84595,44.30599],[-113.84632,44.30599],[-113.84632,44.30626],[-113.84595,44.30626],[-113.84595,44.30599]]],[[[-113.84595,44.30653],[-113.84557,44.30653],[-113.84557,44.30626],[-113.84595,44.30626],[-113.84595,44.30653]]],[[[-113.86516,44.31003],[-113.86516,44.30976],[-113.86554,44.30976],[-113.86554,44.31003],[-113.86516,44.31003]]],[[[-113.89304,44.3165],[-113.89304,44.31623],[-113.89342,44.31623],[-113.89342,44.3165],[-113.89379,44.3165],[-113.89379,44.31704],[-113.89304,44.31731],[-113.89304,44.31704],[-113.89266,44.31704],[-113.89266,44.3165],[-113.89304,44.3165]]],[[[-113.89605,44.31812],[-113.89605,44.31758],[-113.89568,44.31758],[-113.89568,44.31731],[-113.89605,44.31731],[-113.89605,44.31704],[-113.89643,44.31704],[-113.89643,44.31677],[-113.89681,44.31677],[-113.89681,44.3165],[-113.89756,44.3165],[-113.89756,44.31623],[-113.89831,44.31623],[-113.89831,44.3165],[-113.89869,44.3165],[-113.89869,44.31731],[-113.89794,44.31758],[-113.89794,44.31812],[-113.89756,44.31812],[-113.89756,44.31866],[-113.89681,44.31866],[-113.89681,44.31893],[-113.89643,44.31893],[-113.89643,44.31866],[-113.89568,44.31866],[-113.89568,44.31812],[-113.89605,44.31812]]],[[[-113.87006,44.32378],[-113.87006,44.32351],[-113.87044,44.32351],[-113.87044,44.32378],[-113.87006,44.32378]]],[[[-113.88437,44.33779],[-113.88437,44.33698],[-113.884,44.33698],[-113.884,44.33671],[-113.88513,44.33671],[-113.88513,44.3351],[-113.88626,44.3351],[-113.88626,44.33564],[-113.88663,44.33564],[-113.88663,44.33914],[-113.88626,44.33914],[-113.88626,44.33941],[-113.88475,44.33914],[-113.88475,44.33779],[-113.88437,44.33779]]],[[[-113.83465,44.37956],[-113.83465,44.37929],[-113.83239,44.37929],[-113.83239,44.37902],[-113.83163,44.37902],[-113.83163,44.37848],[-113.83088,44.37848],[-113.83088,44.37795],[-113.83012,44.37795],[-113.83012,44.37579],[-113.8305,44.37579],[-113.8305,44.37498],[-113.83012,44.37498],[-113.83012,44.37417],[-113.82937,44.3739],[-113.82937,44.37283],[-113.82975,44.37283],[-113.82975,44.37202],[-113.83012,44.37202],[-113.83012,44.37121],[-113.8305,44.37121],[-113.8305,44.37094],[-113.83125,44.37067],[-113.83125,44.3704],[-113.83163,44.3704],[-113.83163,44.36959],[-113.83088,44.36932],[-113.83088,44.36878],[-113.8305,44.36878],[-113.8305,44.36851],[-113.82937,44.36851],[-113.82937,44.36824],[-113.82862,44.36851],[-113.82862,44.36824],[-113.82711,44.36824],[-113.82711,44.36797],[-113.82485,44.36797],[-113.82485,44.36771],[-113.82334,44.36771],[-113.82334,44.36744],[-113.82259,44.36744],[-113.82259,44.36717],[-113.82146,44.36717],[-113.82146,44.3669],[-113.81845,44.3669],[-113.81845,44.36663],[-113.81769,44.36663],[-113.81769,44.36636],[-113.81694,44.36609],[-113.81694,44.36582],[-113.81619,44.36555],[-113.81619,44.36501],[-113.81581,44.36501],[-113.81581,44.36393],[-113.81506,44.36366],[-113.81506,44.36285],[-113.81468,44.36285],[-113.81468,44.36232],[-113.8143,44.36232],[-113.8143,44.36124],[-113.81355,44.36097],[-113.81355,44.35962],[-113.8143,44.35935],[-113.8143,44.35881],[-113.81468,44.35881],[-113.81468,44.35827],[-113.81506,44.35827],[-113.81506,44.35773],[-113.81581,44.35773],[-113.81581,44.35719],[-113.81732,44.35719],[-113.81732,44.35693],[-113.81769,44.35693],[-113.81769,44.35719],[-113.81845,44.35693],[-113.81845,44.35719],[-113.81882,44.35719],[-113.81882,44.35693],[-113.81958,44.35693],[-113.81958,44.35666],[-113.82108,44.35666],[-113.82108,44.35639],[-113.82297,44.35639],[-113.82297,44.35666],[-113.82334,44.35666],[-113.82334,44.35639],[-113.8241,44.35612],[-113.8241,44.35558],[-113.82372,44.35558],[-113.82372,44.35531],[-113.82297,44.35531],[-113.82297,44.35504],[-113.82184,44.35504],[-113.82184,44.35531],[-113.81882,44.35531],[-113.81882,44.35558],[-113.81732,44.35558],[-113.81732,44.35585],[-113.81543,44.35585],[-113.81543,44.35558],[-113.81506,44.35558],[-113.81506,44.35585],[-113.81016,44.35585],[-113.81016,44.35612],[-113.80978,44.35612],[-113.80978,44.35585],[-113.8094,44.35585],[-113.8094,44.35612],[-113.80903,44.35612],[-113.80903,44.35585],[-113.80714,44.35585],[-113.80714,44.35612],[-113.80677,44.35612],[-113.80677,44.35585],[-113.80639,44.35585],[-113.80639,44.35612],[-113.80601,44.35612],[-113.80601,44.35639],[-113.80564,44.35639],[-113.80564,44.35612],[-113.80451,44.35612],[-113.80451,44.35585],[-113.80413,44.35585],[-113.80413,44.35612],[-113.80375,44.35612],[-113.80375,44.35585],[-113.80338,44.35585],[-113.80338,44.35612],[-113.80225,44.35612],[-113.80225,44.35585],[-113.80112,44.35585],[-113.80112,44.35558],[-113.79961,44.35558],[-113.79961,44.35531],[-113.79886,44.35504],[-113.79886,44.35342],[-113.79923,44.35342],[-113.79923,44.35315],[-113.79886,44.35315],[-113.79886,44.35261],[-113.79848,44.35261],[-113.79848,44.3518],[-113.7981,44.3518],[-113.7981,44.35127],[-113.79773,44.35127],[-113.79773,44.35046],[-113.79735,44.35046],[-113.79735,44.34992],[-113.79697,44.34992],[-113.79697,44.34965],[-113.79622,44.34938],[-113.79622,44.34911],[-113.79584,44.34911],[-113.79584,44.34857],[-113.79509,44.3483],[-113.79509,44.34749],[-113.79471,44.34749],[-113.79471,44.34695],[-113.79433,44.34695],[-113.79433,44.34615],[-113.79396,44.34615],[-113.79396,44.34534],[-113.79358,44.34534],[-113.79358,44.3448],[-113.79283,44.34453],[-113.79283,44.34399],[-113.79245,44.34399],[-113.79245,44.34372],[-113.79207,44.34372],[-113.79207,44.34345],[-113.7917,44.34345],[-113.7917,44.34291],[-113.79132,44.34291],[-113.79132,44.34264],[-113.79094,44.34264],[-113.79094,44.34237],[-113.79057,44.34237],[-113.79057,44.34183],[-113.79019,44.34183],[-113.79019,44.34129],[-113.78981,44.34129],[-113.78981,44.34103],[-113.78944,44.34103],[-113.78944,44.34076],[-113.78906,44.34076],[-113.78906,44.34049],[-113.78868,44.34049],[-113.78868,44.33995],[-113.78831,44.33995],[-113.78831,44.33941],[-113.78793,44.33941],[-113.78793,44.33887],[-113.78755,44.33887],[-113.78755,44.33833],[-113.78718,44.33833],[-113.78718,44.33617],[-113.78755,44.33617],[-113.78755,44.3351],[-113.78718,44.3351],[-113.78718,44.33429],[-113.7868,44.33429],[-113.7868,44.33375],[-113.78642,44.33375],[-113.78642,44.33159],[-113.78718,44.33132],[-113.78718,44.33078],[-113.78755,44.33078],[-113.78755,44.32917],[-113.78793,44.32917],[-113.78793,44.32836],[-113.78831,44.32836],[-113.78831,44.32755],[-113.78868,44.32755],[-113.78868,44.32674],[-113.78906,44.32674],[-113.78906,44.3262],[-113.78944,44.3262],[-113.78944,44.32566],[-113.78981,44.32566],[-113.78981,44.32513],[-113.79019,44.32513],[-113.79019,44.32459],[-113.79057,44.32459],[-113.79057,44.32405],[-113.79094,44.32405],[-113.79094,44.32378],[-113.79132,44.32378],[-113.79132,44.32351],[-113.7917,44.32351],[-113.7917,44.32297],[-113.79207,44.32297],[-113.79207,44.32243],[-113.79245,44.32243],[-113.79245,44.32189],[-113.7932,44.32162],[-113.7932,44.32135],[-113.79396,44.32108],[-113.79396,44.32081],[-113.79433,44.32081],[-113.79433,44.32027],[-113.79471,44.32027],[-113.79471,44.31893],[-113.79509,44.31893],[-113.79509,44.31812],[-113.79547,44.31812],[-113.79547,44.31758],[-113.79584,44.31758],[-113.79584,44.31677],[-113.79622,44.31677],[-113.79622,44.31623],[-113.7966,44.31623],[-113.7966,44.31569],[-113.79697,44.31569],[-113.79697,44.31542],[-113.79735,44.31542],[-113.79735,44.31515],[-113.79773,44.31515],[-113.79773,44.31488],[-113.7981,44.31488],[-113.7981,44.31461],[-113.79848,44.31461],[-113.79848,44.31408],[-113.79886,44.31408],[-113.79886,44.31354],[-113.79923,44.31354],[-113.79923,44.313],[-113.79961,44.313],[-113.79961,44.31246],[-113.80036,44.31246],[-113.80036,44.31219],[-113.80074,44.31219],[-113.80074,44.31192],[-113.80225,44.31165],[-113.80225,44.31138],[-113.803,44.31138],[-113.803,44.31111],[-113.80262,44.31111],[-113.80262,44.31003],[-113.803,44.31003],[-113.803,44.30896],[-113.80262,44.30896],[-113.80262,44.30815],[-113.803,44.30815],[-113.803,44.30761],[-113.80338,44.30761],[-113.80338,44.30734],[-113.80375,44.30734],[-113.80375,44.30707],[-113.80413,44.30707],[-113.80413,44.3068],[-113.80451,44.3068],[-113.80451,44.30653],[-113.80488,44.30653],[-113.80488,44.30384],[-113.80526,44.30384],[-113.80526,44.3033],[-113.80601,44.3033],[-113.80601,44.30276],[-113.80639,44.30276],[-113.80639,44.30168],[-113.80677,44.30168],[-113.80677,44.30141],[-113.80639,44.30141],[-113.80639,44.30114],[-113.80677,44.30114],[-113.80677,44.30087],[-113.80639,44.30087],[-113.80639,44.30006],[-113.80677,44.30006],[-113.80677,44.29898],[-113.80752,44.29898],[-113.80752,44.29925],[-113.80827,44.29952],[-113.80827,44.30114],[-113.80865,44.30114],[-113.80865,44.30168],[-113.80903,44.30168],[-113.80903,44.30222],[-113.81166,44.30222],[-113.81166,44.30168],[-113.81317,44.30195],[-113.81317,44.30033],[-113.81393,44.30006],[-113.81393,44.29952],[-113.8143,44.29952],[-113.8143,44.29925],[-113.81468,44.29925],[-113.81468,44.29898],[-113.81543,44.29898],[-113.81543,44.29979],[-113.81506,44.29979],[-113.81506,44.30087],[-113.8143,44.30114],[-113.8143,44.30168],[-113.81393,44.30168],[-113.81393,44.30222],[-113.8143,44.30222],[-113.8143,44.30249],[-113.81506,44.30276],[-113.81506,44.30303],[-113.81619,44.30303],[-113.81619,44.30249],[-113.81656,44.30249],[-113.81656,44.30222],[-113.81694,44.30222],[-113.81694,44.30195],[-113.81769,44.30195],[-113.81769,44.30249],[-113.81807,44.30249],[-113.81807,44.30276],[-113.81882,44.30276],[-113.81882,44.30303],[-113.8192,44.30303],[-113.8192,44.3033],[-113.81995,44.3033],[-113.81995,44.30357],[-113.82071,44.30384],[-113.82071,44.30357],[-113.82221,44.3033],[-113.82221,44.30303],[-113.82297,44.30303],[-113.82297,44.30276],[-113.82334,44.30276],[-113.82334,44.30222],[-113.8241,44.30195],[-113.8241,44.30303],[-113.82334,44.3033],[-113.82334,44.3041],[-113.82372,44.3041],[-113.82372,44.30437],[-113.8241,44.30437],[-113.8241,44.3041],[-113.82485,44.30384],[-113.82485,44.30357],[-113.82523,44.30357],[-113.82523,44.30303],[-113.82598,44.30303],[-113.82598,44.30276],[-113.82711,44.30276],[-113.82711,44.3033],[-113.82749,44.3033],[-113.82749,44.30357],[-113.82824,44.30384],[-113.82824,44.3041],[-113.82862,44.3041],[-113.82862,44.30545],[-113.82899,44.30545],[-113.82899,44.30572],[-113.82975,44.30599],[-113.82975,44.30626],[-113.8305,44.30626],[-113.8305,44.30653],[-113.83163,44.30653],[-113.83163,44.3068],[-113.83276,44.3068],[-113.83276,44.30653],[-113.83427,44.30653],[-113.83427,44.3068],[-113.83841,44.3068],[-113.83841,44.30653],[-113.83917,44.30626],[-113.83917,44.30599],[-113.83992,44.30599],[-113.83992,44.30572],[-113.8403,44.30572],[-113.8403,44.30545],[-113.84067,44.30545],[-113.84067,44.30518],[-113.84105,44.30518],[-113.84105,44.30491],[-113.84143,44.30491],[-113.84143,44.30464],[-113.84218,44.30464],[-113.84218,44.30437],[-113.84256,44.30437],[-113.84256,44.3041],[-113.84293,44.3041],[-113.84293,44.30437],[-113.84369,44.3041],[-113.84369,44.30653],[-113.84406,44.30653],[-113.84406,44.3068],[-113.84519,44.3068],[-113.84519,44.30653],[-113.84595,44.3068],[-113.84595,44.30653],[-113.84632,44.30653],[-113.84632,44.30626],[-113.8467,44.30626],[-113.8467,44.30599],[-113.84708,44.30599],[-113.84708,44.30572],[-113.84745,44.30572],[-113.84745,44.30545],[-113.84708,44.30545],[-113.84708,44.30491],[-113.84783,44.30464],[-113.84783,44.30437],[-113.84821,44.30437],[-113.84821,44.3041],[-113.84858,44.3041],[-113.84858,44.30384],[-113.84896,44.30384],[-113.84896,44.30357],[-113.84934,44.30357],[-113.84934,44.3033],[-113.85009,44.3033],[-113.85009,44.30303],[-113.85085,44.30303],[-113.85085,44.30276],[-113.85122,44.30276],[-113.85122,44.30249],[-113.85198,44.30249],[-113.85198,44.30222],[-113.85235,44.30222],[-113.85235,44.30357],[-113.85198,44.30357],[-113.85198,44.30384],[-113.85235,44.30384],[-113.85235,44.30437],[-113.85348,44.30437],[-113.85348,44.30545],[-113.85311,44.30545],[-113.85311,44.30572],[-113.85348,44.30572],[-113.85348,44.30626],[-113.85499,44.30626],[-113.85499,44.30653],[-113.8565,44.30653],[-113.8565,44.30626],[-113.86064,44.30626],[-113.86064,44.30734],[-113.86102,44.30734],[-113.86102,44.30761],[-113.8629,44.30761],[-113.8629,44.30734],[-113.86403,44.30734],[-113.86403,44.30707],[-113.86441,44.30707],[-113.86441,44.30734],[-113.86478,44.30734],[-113.86478,44.30761],[-113.86441,44.30761],[-113.86441,44.30788],[-113.86478,44.30788],[-113.86478,44.30815],[-113.86441,44.30815],[-113.86441,44.30896],[-113.86516,44.30922],[-113.86516,44.30949],[-113.86478,44.30949],[-113.86478,44.31003],[-113.86516,44.31003],[-113.86516,44.3103],[-113.86478,44.3103],[-113.86478,44.31057],[-113.86629,44.3103],[-113.86629,44.31057],[-113.86667,44.31057],[-113.86667,44.31084],[-113.86742,44.31084],[-113.86742,44.31111],[-113.8678,44.31111],[-113.8678,44.31084],[-113.86817,44.31084],[-113.86817,44.31057],[-113.86855,44.31057],[-113.86855,44.31084],[-113.86931,44.31084],[-113.86931,44.31111],[-113.87006,44.31111],[-113.87006,44.31138],[-113.87044,44.31138],[-113.87044,44.31165],[-113.87119,44.31138],[-113.87119,44.31165],[-113.87157,44.31165],[-113.87157,44.31192],[-113.87119,44.31192],[-113.87119,44.31273],[-113.87081,44.31273],[-113.87081,44.313],[-113.86968,44.313],[-113.86968,44.31327],[-113.86893,44.31327],[-113.86893,44.31354],[-113.86855,44.31354],[-113.86855,44.31435],[-113.87044,44.31435],[-113.87044,44.31461],[-113.87081,44.31461],[-113.87081,44.31542],[-113.87157,44.31569],[-113.87157,44.31623],[-113.87194,44.31623],[-113.87194,44.31677],[-113.87232,44.31677],[-113.87232,44.31731],[-113.8727,44.31731],[-113.8727,44.31812],[-113.87307,44.31812],[-113.87307,44.3192],[-113.8727,44.3192],[-113.8727,44.31893],[-113.87194,44.31866],[-113.87194,44.31839],[-113.87044,44.31839],[-113.87044,44.31812],[-113.86855,44.31812],[-113.86855,44.31839],[-113.8678,44.31866],[-113.8678,44.31893],[-113.86817,44.31893],[-113.86817,44.3192],[-113.86855,44.3192],[-113.86855,44.31947],[-113.86893,44.31947],[-113.86893,44.32],[-113.86931,44.32],[-113.86931,44.32054],[-113.86968,44.32054],[-113.86968,44.32243],[-113.86931,44.32243],[-113.86931,44.3227],[-113.8678,44.3227],[-113.8678,44.32243],[-113.86667,44.32243],[-113.86667,44.3227],[-113.86629,44.3227],[-113.86629,44.32405],[-113.86591,44.32405],[-113.86591,44.32432],[-113.86554,44.32432],[-113.86554,44.32459],[-113.86403,44.32459],[-113.86403,44.32432],[-113.86252,44.32432],[-113.86252,44.32459],[-113.85838,44.32459],[-113.85838,44.32486],[-113.85687,44.32486],[-113.85687,44.32513],[-113.8565,44.32513],[-113.8565,44.32566],[-113.85687,44.32566],[-113.85687,44.32593],[-113.86139,44.32593],[-113.86139,44.32647],[-113.86177,44.32647],[-113.86177,44.32674],[-113.86215,44.32674],[-113.86215,44.32701],[-113.86365,44.32728],[-113.86365,44.32782],[-113.86441,44.32782],[-113.86441,44.32863],[-113.86629,44.32863],[-113.86629,44.3289],[-113.86667,44.3289],[-113.86667,44.32971],[-113.86704,44.32971],[-113.86704,44.33025],[-113.8678,44.33025],[-113.8678,44.33051],[-113.86931,44.33025],[-113.86931,44.32998],[-113.86968,44.32998],[-113.86968,44.32971],[-113.87006,44.32971],[-113.87006,44.32917],[-113.87044,44.32917],[-113.87044,44.32863],[-113.86968,44.32836],[-113.86968,44.32728],[-113.87006,44.32728],[-113.87006,44.32701],[-113.87081,44.32701],[-113.87081,44.32728],[-113.87119,44.32728],[-113.87119,44.32809],[-113.87081,44.32809],[-113.87081,44.32863],[-113.87119,44.32863],[-113.87119,44.32971],[-113.87157,44.32971],[-113.87157,44.33025],[-113.87194,44.33025],[-113.87194,44.33078],[-113.87232,44.33078],[-113.87232,44.33132],[-113.8727,44.33132],[-113.8727,44.33186],[-113.87232,44.33186],[-113.87232,44.33213],[-113.87194,44.33213],[-113.87194,44.3324],[-113.87157,44.3324],[-113.87157,44.33321],[-113.87194,44.33321],[-113.87194,44.33429],[-113.86931,44.33429],[-113.86931,44.33456],[-113.86893,44.33456],[-113.86893,44.33483],[-113.86855,44.33483],[-113.86855,44.33537],[-113.86817,44.33537],[-113.86817,44.33564],[-113.8678,44.33564],[-113.8678,44.3359],[-113.86742,44.3359],[-113.86742,44.33725],[-113.8678,44.33725],[-113.8678,44.33752],[-113.86893,44.33752],[-113.86893,44.33725],[-113.86968,44.33725],[-113.86968,44.33752],[-113.87006,44.33752],[-113.87006,44.3386],[-113.86968,44.3386],[-113.86968,44.33887],[-113.86893,44.33887],[-113.86893,44.3386],[-113.86817,44.3386],[-113.86817,44.33806],[-113.86742,44.33806],[-113.86742,44.33833],[-113.86704,44.33833],[-113.86704,44.3386],[-113.86554,44.3386],[-113.86554,44.33914],[-113.86516,44.33914],[-113.86516,44.33941],[-113.86554,44.33941],[-113.86554,44.33995],[-113.86629,44.33995],[-113.86629,44.33968],[-113.86704,44.33968],[-113.86704,44.33914],[-113.8678,44.33914],[-113.8678,44.33941],[-113.86742,44.33941],[-113.86742,44.33968],[-113.8678,44.33968],[-113.8678,44.33995],[-113.86817,44.33995],[-113.86817,44.34022],[-113.86855,44.34022],[-113.86855,44.34237],[-113.86893,44.34237],[-113.86893,44.34264],[-113.86968,44.34264],[-113.86968,44.34291],[-113.87006,44.34291],[-113.87006,44.34318],[-113.87081,44.34318],[-113.87081,44.34345],[-113.87157,44.34345],[-113.87157,44.34372],[-113.87194,44.34372],[-113.87194,44.34426],[-113.87232,44.34426],[-113.87232,44.34453],[-113.8727,44.34453],[-113.8727,44.3448],[-113.87307,44.3448],[-113.87307,44.34426],[-113.87345,44.34426],[-113.87345,44.34399],[-113.87307,44.34399],[-113.87307,44.34345],[-113.8727,44.34345],[-113.8727,44.34237],[-113.87307,44.34237],[-113.87307,44.3421],[-113.87458,44.3421],[-113.87458,44.34183],[-113.87496,44.34183],[-113.87496,44.34372],[-113.87533,44.34372],[-113.87533,44.34453],[-113.87496,44.34453],[-113.87496,44.34534],[-113.87458,44.34534],[-113.87458,44.34642],[-113.87496,44.34642],[-113.87496,44.34776],[-113.87533,44.34776],[-113.87533,44.34803],[-113.87571,44.34803],[-113.87571,44.3483],[-113.87609,44.3483],[-113.87609,44.34857],[-113.87797,44.34857],[-113.87797,44.3483],[-113.87872,44.34803],[-113.87872,44.34776],[-113.8791,44.34776],[-113.8791,44.34722],[-113.87948,44.34722],[-113.87948,44.34534],[-113.8791,44.34534],[-113.8791,44.3448],[-113.87872,44.3448],[-113.87872,44.34426],[-113.87835,44.34426],[-113.87835,44.34345],[-113.87797,44.34345],[-113.87797,44.34264],[-113.87759,44.34264],[-113.87759,44.34237],[-113.87722,44.34237],[-113.87722,44.34183],[-113.87684,44.34183],[-113.87684,44.34156],[-113.87722,44.34156],[-113.87722,44.34076],[-113.87684,44.34076],[-113.87684,44.34022],[-113.87646,44.34022],[-113.87646,44.33941],[-113.87609,44.33941],[-113.87609,44.33833],[-113.87646,44.33833],[-113.87646,44.3386],[-113.87722,44.3386],[-113.87722,44.33887],[-113.87759,44.33887],[-113.87759,44.33941],[-113.87797,44.33941],[-113.87797,44.33968],[-113.87872,44.33968],[-113.87872,44.34022],[-113.8791,44.34022],[-113.8791,44.34076],[-113.87948,44.34076],[-113.87948,44.34129],[-113.87985,44.34129],[-113.87985,44.34156],[-113.88023,44.34156],[-113.88023,44.34183],[-113.88061,44.34183],[-113.88061,44.3421],[-113.88211,44.3421],[-113.88211,44.34183],[-113.88324,44.34183],[-113.88324,44.34156],[-113.884,44.34156],[-113.884,44.34129],[-113.88475,44.34103],[-113.88475,44.34076],[-113.88513,44.34076],[-113.88513,44.34049],[-113.8855,44.34049],[-113.8855,44.34022],[-113.88588,44.34022],[-113.88588,44.33995],[-113.88626,44.33995],[-113.88626,44.33968],[-113.88852,44.33968],[-113.88852,44.33941],[-113.88965,44.33941],[-113.88965,44.33752],[-113.88927,44.33752],[-113.88927,44.33644],[-113.88852,44.33617],[-113.88852,44.33564],[-113.88814,44.33564],[-113.88814,44.33537],[-113.88852,44.33537],[-113.88852,44.3351],[-113.88927,44.33483],[-113.88927,44.33456],[-113.89003,44.33429],[-113.89003,44.33348],[-113.89078,44.33348],[-113.89078,44.33294],[-113.89116,44.33294],[-113.89116,44.33267],[-113.89078,44.33267],[-113.89078,44.33132],[-113.89153,44.33105],[-113.89153,44.33051],[-113.89191,44.33051],[-113.89191,44.33025],[-113.89266,44.33025],[-113.89266,44.32998],[-113.89229,44.32998],[-113.89229,44.32971],[-113.89191,44.32971],[-113.89191,44.32944],[-113.89153,44.32944],[-113.89153,44.32917],[-113.89078,44.32917],[-113.89078,44.32863],[-113.8904,44.32863],[-113.8904,44.32809],[-113.89078,44.32809],[-113.89078,44.32782],[-113.89116,44.32782],[-113.89116,44.32755],[-113.89266,44.32755],[-113.89266,44.32809],[-113.89342,44.32836],[-113.89342,44.3289],[-113.89379,44.3289],[-113.89379,44.32971],[-113.89342,44.32971],[-113.89342,44.32998],[-113.89304,44.32998],[-113.89304,44.33025],[-113.89417,44.33025],[-113.89417,44.33078],[-113.89492,44.33078],[-113.89492,44.33105],[-113.89681,44.33105],[-113.89681,44.33132],[-113.89718,44.33132],[-113.89718,44.33159],[-113.89643,44.33159],[-113.89643,44.33132],[-113.89605,44.33132],[-113.89605,44.33186],[-113.89681,44.33186],[-113.89681,44.33213],[-113.89718,44.33213],[-113.89718,44.3324],[-113.89794,44.3324],[-113.89794,44.33294],[-113.89831,44.33294],[-113.89831,44.33321],[-113.89907,44.33321],[-113.89907,44.33348],[-113.9002,44.33348],[-113.9002,44.33375],[-113.90057,44.33375],[-113.90057,44.33402],[-113.9017,44.33402],[-113.9017,44.33429],[-113.90246,44.33429],[-113.90246,44.33456],[-113.90283,44.33456],[-113.90283,44.33483],[-113.90359,44.33483],[-113.90359,44.3351],[-113.90434,44.3351],[-113.90434,44.33429],[-113.90396,44.33429],[-113.90396,44.33321],[-113.90472,44.33294],[-113.90472,44.33213],[-113.90434,44.33213],[-113.90434,44.33186],[-113.90396,44.33186],[-113.90396,44.33159],[-113.90359,44.33159],[-113.90359,44.33078],[-113.90396,44.33078],[-113.90396,44.33051],[-113.90585,44.33051],[-113.90585,44.33025],[-113.9066,44.32998],[-113.9066,44.32971],[-113.90736,44.32944],[-113.90736,44.32971],[-113.90773,44.32971],[-113.90773,44.33025],[-113.90811,44.33025],[-113.90811,44.33051],[-113.90962,44.33051],[-113.90962,44.33025],[-113.91075,44.33025],[-113.91075,44.32998],[-113.91263,44.32998],[-113.91263,44.33025],[-113.91301,44.33025],[-113.91301,44.33078],[-113.91338,44.33078],[-113.91338,44.33105],[-113.91263,44.33105],[-113.91263,44.33213],[-113.91225,44.33213],[-113.91225,44.33267],[-113.91188,44.33267],[-113.91188,44.33294],[-113.91112,44.33294],[-113.91112,44.33267],[-113.90924,44.33267],[-113.90924,44.33294],[-113.90849,44.33294],[-113.90849,44.33348],[-113.90886,44.33348],[-113.90886,44.33402],[-113.90773,44.33402],[-113.90773,44.33429],[-113.90736,44.33429],[-113.90736,44.3351],[-113.90773,44.3351],[-113.90773,44.33537],[-113.90811,44.33537],[-113.90811,44.33564],[-113.90962,44.33564],[-113.90962,44.33537],[-113.91037,44.33537],[-113.91037,44.33564],[-113.91075,44.33564],[-113.91075,44.33671],[-113.91112,44.33671],[-113.91112,44.33725],[-113.9115,44.33725],[-113.9115,44.33752],[-113.91112,44.33752],[-113.91112,44.33806],[-113.91037,44.33833],[-113.91037,44.3386],[-113.90962,44.3386],[-113.90962,44.33887],[-113.90698,44.33887],[-113.90698,44.3386],[-113.90623,44.3386],[-113.90623,44.33968],[-113.90773,44.33941],[-113.90773,44.33968],[-113.90849,44.33995],[-113.90849,44.34022],[-113.90886,44.34022],[-113.90886,44.34049],[-113.90962,44.34076],[-113.90962,44.34103],[-113.91037,44.34103],[-113.91037,44.34129],[-113.91188,44.34103],[-113.91188,44.34076],[-113.91225,44.34076],[-113.91225,44.34049],[-113.91263,44.34049],[-113.91263,44.34022],[-113.91301,44.34022],[-113.91301,44.33968],[-113.91225,44.33941],[-113.91225,44.33887],[-113.91301,44.33887],[-113.91301,44.33914],[-113.91338,44.33914],[-113.91338,44.33968],[-113.91376,44.33968],[-113.91376,44.33995],[-113.91338,44.33995],[-113.91338,44.34129],[-113.91376,44.34129],[-113.91376,44.34183],[-113.91263,44.34183],[-113.91263,44.3421],[-113.9115,44.3421],[-113.9115,44.34237],[-113.91112,44.34237],[-113.91112,44.34291],[-113.91188,44.34318],[-113.91188,44.34345],[-113.91263,44.34345],[-113.91263,44.34372],[-113.91338,44.34372],[-113.91338,44.34399],[-113.91376,44.34399],[-113.91376,44.34426],[-113.91338,44.34426],[-113.91338,44.34453],[-113.91301,44.34453],[-113.91301,44.3448],[-113.91263,44.3448],[-113.91263,44.34965],[-113.91301,44.34965],[-113.91301,44.35046],[-113.91263,44.35046],[-113.91263,44.35073],[-113.91301,44.35073],[-113.91301,44.35127],[-113.91376,44.35127],[-113.91376,44.3518],[-113.91414,44.3518],[-113.91414,44.35288],[-113.91338,44.35315],[-113.91338,44.3545],[-113.91376,44.3545],[-113.91376,44.35639],[-113.91338,44.35639],[-113.91338,44.35666],[-113.91376,44.35666],[-113.91376,44.35693],[-113.91338,44.35693],[-113.91338,44.35989],[-113.91301,44.35989],[-113.91301,44.36151],[-113.91263,44.36151],[-113.91263,44.36232],[-113.91225,44.36232],[-113.91225,44.36339],[-113.91188,44.36339],[-113.91188,44.36447],[-113.9115,44.36447],[-113.9115,44.36501],[-113.91188,44.36501],[-113.91188,44.36636],[-113.91225,44.36636],[-113.91225,44.36717],[-113.91188,44.36717],[-113.91188,44.36851],[-113.91225,44.36851],[-113.91225,44.36878],[-113.9115,44.36905],[-113.9115,44.36986],[-113.91037,44.36986],[-113.91037,44.36959],[-113.91112,44.36932],[-113.91112,44.36851],[-113.91037,44.36851],[-113.91037,44.36824],[-113.90811,44.36824],[-113.90811,44.36851],[-113.90773,44.36851],[-113.90773,44.36905],[-113.90698,44.36932],[-113.90698,44.36986],[-113.9066,44.36986],[-113.9066,44.37013],[-113.90736,44.3704],[-113.90736,44.37094],[-113.90773,44.37094],[-113.90773,44.37121],[-113.90547,44.37148],[-113.90547,44.37175],[-113.90509,44.37175],[-113.90509,44.37202],[-113.90283,44.37202],[-113.90283,44.37229],[-113.90246,44.37229],[-113.90246,44.37202],[-113.9017,44.37202],[-113.9017,44.37175],[-113.9002,44.37202],[-113.9002,44.37229],[-113.89794,44.37229],[-113.89794,44.37202],[-113.89681,44.37202],[-113.89681,44.37121],[-113.89718,44.37121],[-113.89718,44.3704],[-113.89756,44.3704],[-113.89756,44.36986],[-113.89794,44.36986],[-113.89794,44.36932],[-113.89831,44.36932],[-113.89831,44.36905],[-113.89907,44.36878],[-113.89907,44.36851],[-113.89982,44.36851],[-113.89982,44.36797],[-113.89756,44.36824],[-113.89756,44.36851],[-113.89681,44.36878],[-113.89681,44.36851],[-113.89605,44.36851],[-113.89605,44.36824],[-113.8953,44.36797],[-113.8953,44.36771],[-113.89379,44.36771],[-113.89379,44.36797],[-113.89304,44.36797],[-113.89304,44.36824],[-113.89266,44.36824],[-113.89266,44.36851],[-113.89229,44.36851],[-113.89229,44.36878],[-113.89116,44.36878],[-113.89116,44.36905],[-113.8904,44.36905],[-113.8904,44.36878],[-113.88927,44.36878],[-113.88927,44.36851],[-113.8889,44.36851],[-113.8889,44.36824],[-113.88814,44.36797],[-113.88814,44.36771],[-113.88739,44.36771],[-113.88739,44.36744],[-113.88588,44.36744],[-113.88588,44.36717],[-113.884,44.36717],[-113.884,44.3669],[-113.88362,44.3669],[-113.88362,44.36663],[-113.88324,44.36663],[-113.88324,44.36636],[-113.88287,44.36636],[-113.88287,44.36609],[-113.88249,44.36609],[-113.88249,44.36582],[-113.88211,44.36582],[-113.88211,44.36555],[-113.88136,44.36555],[-113.88136,44.36636],[-113.88098,44.36636],[-113.88098,44.3669],[-113.88023,44.36717],[-113.88023,44.36797],[-113.87985,44.36797],[-113.87985,44.36824],[-113.8791,44.36797],[-113.8791,44.36771],[-113.87759,44.36771],[-113.87759,44.36744],[-113.87684,44.36717],[-113.87684,44.36663],[-113.87646,44.36663],[-113.87646,44.36636],[-113.87533,44.36636],[-113.87533,44.36663],[-113.87496,44.36663],[-113.87496,44.36878],[-113.8727,44.36878],[-113.8727,44.36932],[-113.87194,44.36932],[-113.87194,44.36905],[-113.87232,44.36905],[-113.87232,44.36824],[-113.87119,44.36824],[-113.87119,44.36771],[-113.87081,44.36771],[-113.87081,44.36744],[-113.87119,44.36744],[-113.87119,44.36717],[-113.86968,44.3669],[-113.86968,44.36636],[-113.87081,44.36636],[-113.87081,44.36609],[-113.87232,44.36582],[-113.87232,44.36555],[-113.87307,44.36555],[-113.87307,44.36528],[-113.87345,44.36528],[-113.87345,44.36474],[-113.87383,44.36474],[-113.87383,44.36447],[-113.8742,44.36447],[-113.8742,44.3642],[-113.87496,44.3642],[-113.87496,44.36393],[-113.87533,44.36393],[-113.87533,44.36366],[-113.87609,44.36366],[-113.87609,44.36339],[-113.87684,44.36312],[-113.87684,44.36285],[-113.87759,44.36258],[-113.87759,44.36232],[-113.88061,44.36232],[-113.88061,44.36205],[-113.88136,44.36178],[-113.88136,44.3607],[-113.87948,44.3607],[-113.87948,44.36097],[-113.87797,44.36124],[-113.87797,44.36151],[-113.87759,44.36151],[-113.87759,44.36178],[-113.87646,44.36178],[-113.87646,44.36151],[-113.87609,44.36151],[-113.87609,44.36124],[-113.87646,44.36124],[-113.87646,44.3607],[-113.87496,44.3607],[-113.87496,44.36043],[-113.87458,44.36043],[-113.87458,44.3607],[-113.87383,44.3607],[-113.87383,44.36124],[-113.87307,44.36124],[-113.87307,44.36097],[-113.87232,44.3607],[-113.87232,44.36016],[-113.8727,44.36016],[-113.8727,44.35989],[-113.87345,44.35989],[-113.87345,44.35962],[-113.8742,44.35935],[-113.8742,44.35908],[-113.87496,44.35881],[-113.87496,44.35827],[-113.87533,44.35827],[-113.87533,44.358],[-113.87759,44.358],[-113.87759,44.35773],[-113.87835,44.35773],[-113.87835,44.35746],[-113.8791,44.35746],[-113.8791,44.35719],[-113.87985,44.35719],[-113.87985,44.35693],[-113.88136,44.35666],[-113.88136,44.35639],[-113.88287,44.35639],[-113.88287,44.35612],[-113.884,44.35612],[-113.884,44.35585],[-113.8855,44.35585],[-113.8855,44.35558],[-113.88663,44.35558],[-113.88663,44.35531],[-113.88739,44.35531],[-113.88739,44.35504],[-113.88927,44.35504],[-113.88927,44.35477],[-113.88965,44.35477],[-113.88965,44.35423],[-113.8889,44.35423],[-113.8889,44.3545],[-113.88814,44.3545],[-113.88814,44.35477],[-113.88588,44.35477],[-113.88588,44.3545],[-113.88513,44.3545],[-113.88513,44.35423],[-113.884,44.35423],[-113.884,44.3545],[-113.88249,44.3545],[-113.88249,44.35477],[-113.88174,44.35477],[-113.88174,44.35504],[-113.88061,44.35504],[-113.88061,44.35531],[-113.87872,44.35531],[-113.87872,44.35558],[-113.87722,44.35558],[-113.87722,44.35585],[-113.87571,44.35585],[-113.87571,44.35612],[-113.87496,44.35639],[-113.87496,44.35666],[-113.8742,44.35693],[-113.8742,44.35719],[-113.87232,44.35719],[-113.87232,44.35693],[-113.87157,44.35666],[-113.87157,44.35639],[-113.87081,44.35639],[-113.87081,44.35612],[-113.87044,44.35612],[-113.87044,44.35585],[-113.86968,44.35585],[-113.86968,44.35531],[-113.86931,44.35531],[-113.86931,44.35477],[-113.86893,44.35477],[-113.86893,44.3545],[-113.86817,44.35423],[-113.86817,44.35396],[-113.86742,44.35369],[-113.86742,44.35342],[-113.86704,44.35342],[-113.86704,44.35288],[-113.86554,44.35288],[-113.86554,44.35369],[-113.86516,44.35369],[-113.86516,44.35396],[-113.86478,44.35396],[-113.86478,44.35423],[-113.86365,44.35423],[-113.86365,44.35369],[-113.86328,44.35369],[-113.86328,44.35315],[-113.86215,44.35315],[-113.86215,44.35369],[-113.86177,44.35369],[-113.86177,44.3545],[-113.86215,44.3545],[-113.86215,44.35504],[-113.86252,44.35504],[-113.86252,44.35531],[-113.86328,44.35558],[-113.86328,44.35585],[-113.86403,44.35612],[-113.86403,44.35639],[-113.86441,44.35639],[-113.86441,44.35666],[-113.86516,44.35693],[-113.86516,44.35746],[-113.86554,44.35746],[-113.86554,44.358],[-113.86591,44.358],[-113.86591,44.35854],[-113.86667,44.35881],[-113.86667,44.35935],[-113.86704,44.35935],[-113.86704,44.36043],[-113.86629,44.3607],[-113.86629,44.36097],[-113.86591,44.36097],[-113.86591,44.36124],[-113.86516,44.36124],[-113.86516,44.36151],[-113.86441,44.36178],[-113.86441,44.36205],[-113.8629,44.36232],[-113.8629,44.36285],[-113.86252,44.36285],[-113.86252,44.36339],[-113.86064,44.36339],[-113.86064,44.36366],[-113.85989,44.36393],[-113.85989,44.3642],[-113.85876,44.3642],[-113.85876,44.36447],[-113.85838,44.36447],[-113.85838,44.36555],[-113.858,44.36555],[-113.858,44.36663],[-113.85763,44.36663],[-113.85763,44.36744],[-113.85725,44.36744],[-113.85725,44.36797],[-113.85687,44.36797],[-113.85687,44.36878],[-113.8565,44.36878],[-113.8565,44.36959],[-113.85687,44.36959],[-113.85687,44.37013],[-113.85763,44.37013],[-113.85763,44.3704],[-113.858,44.3704],[-113.858,44.37121],[-113.85838,44.37121],[-113.85838,44.37148],[-113.85876,44.37148],[-113.85876,44.37175],[-113.85951,44.37175],[-113.85951,44.37202],[-113.86064,44.37202],[-113.86064,44.37175],[-113.86177,44.37175],[-113.86177,44.37148],[-113.8629,44.37148],[-113.8629,44.37121],[-113.86328,44.37121],[-113.86328,44.37067],[-113.86403,44.37067],[-113.86403,44.37013],[-113.86441,44.37013],[-113.86441,44.3704],[-113.86478,44.3704],[-113.86478,44.37067],[-113.86403,44.37094],[-113.86403,44.37148],[-113.86328,44.37148],[-113.86328,44.37175],[-113.86252,44.37202],[-113.86252,44.37256],[-113.86102,44.37283],[-113.86102,44.37309],[-113.85876,44.37309],[-113.85876,44.37336],[-113.8565,44.37336],[-113.8565,44.37309],[-113.85499,44.37309],[-113.85499,44.37283],[-113.85461,44.37283],[-113.85461,44.37309],[-113.85424,44.37309],[-113.85424,44.37283],[-113.85386,44.37283],[-113.85386,44.37309],[-113.85311,44.37309],[-113.85311,44.37363],[-113.85273,44.37363],[-113.85273,44.37417],[-113.85235,44.37417],[-113.85235,44.37498],[-113.85273,44.37498],[-113.85273,44.37741],[-113.85235,44.37741],[-113.85235,44.37795],[-113.85198,44.37795],[-113.85198,44.37822],[-113.8516,44.37822],[-113.8516,44.37848],[-113.84858,44.37848],[-113.84858,44.37875],[-113.84783,44.37875],[-113.84783,44.37902],[-113.84708,44.37902],[-113.84708,44.37929],[-113.84519,44.37929],[-113.84519,44.37956],[-113.84406,44.37956],[-113.84406,44.37929],[-113.84369,44.37929],[-113.84369,44.37902],[-113.84218,44.37902],[-113.84218,44.37929],[-113.84143,44.37929],[-113.84143,44.37956],[-113.83954,44.37956],[-113.83954,44.37983],[-113.83879,44.37983],[-113.83879,44.3801],[-113.83691,44.3801],[-113.83691,44.37983],[-113.83465,44.37956]],[[-113.90811,44.36609],[-113.90849,44.36609],[-113.90849,44.36555],[-113.90773,44.36555],[-113.90773,44.36582],[-113.90811,44.36582],[-113.90811,44.36609]],[[-113.85461,44.36232],[-113.85311,44.36258],[-113.85311,44.3642],[-113.85348,44.3642],[-113.85348,44.36393],[-113.85424,44.36393],[-113.85424,44.36339],[-113.85461,44.36339],[-113.85461,44.36232]],[[-113.85612,44.35585],[-113.8565,44.35585],[-113.8565,44.35531],[-113.85687,44.35531],[-113.85687,44.35477],[-113.8565,44.35477],[-113.8565,44.3545],[-113.85461,44.3545],[-113.85461,44.35477],[-113.85348,44.35477],[-113.85348,44.35504],[-113.85311,44.35504],[-113.85311,44.35531],[-113.85235,44.35531],[-113.85235,44.35585],[-113.8516,44.35612],[-113.8516,44.35693],[-113.85122,44.35693],[-113.85122,44.35719],[-113.8516,44.35719],[-113.8516,44.35746],[-113.85198,44.35746],[-113.85198,44.35719],[-113.85348,44.35719],[-113.85348,44.35693],[-113.85424,44.35719],[-113.85424,44.36016],[-113.85499,44.36043],[-113.85499,44.36016],[-113.85574,44.36016],[-113.85574,44.358],[-113.85612,44.358],[-113.85612,44.35585]],[[-113.85687,44.36016],[-113.85763,44.36016],[-113.85763,44.35962],[-113.85725,44.35962],[-113.85725,44.35989],[-113.85687,44.35989],[-113.85687,44.36016]],[[-113.80375,44.35531],[-113.80338,44.35531],[-113.80338,44.35558],[-113.80375,44.35558],[-113.80375,44.35531]],[[-113.88136,44.34911],[-113.88136,44.34938],[-113.88098,44.34938],[-113.88098,44.34965],[-113.88136,44.34965],[-113.88136,44.34992],[-113.88174,44.34992],[-113.88174,44.35019],[-113.88211,44.35019],[-113.88211,44.35046],[-113.88249,44.35046],[-113.88249,44.35019],[-113.88287,44.35019],[-113.88287,44.34938],[-113.88324,44.34938],[-113.88324,44.34857],[-113.88287,44.34857],[-113.88287,44.34884],[-113.88211,44.34884],[-113.88211,44.34911],[-113.88136,44.34911]],[[-113.88362,44.34857],[-113.88362,44.34884],[-113.88437,44.34884],[-113.88437,44.34803],[-113.884,44.34803],[-113.884,44.34776],[-113.88324,44.34776],[-113.88324,44.34857],[-113.88362,44.34857]],[[-113.86554,44.34534],[-113.86478,44.34534],[-113.86478,44.34507],[-113.86403,44.3448],[-113.86403,44.34453],[-113.86365,44.34453],[-113.86365,44.34426],[-113.86252,44.34426],[-113.86252,44.34453],[-113.86177,44.3448],[-113.86177,44.34561],[-113.86215,44.34561],[-113.86215,44.34588],[-113.86328,44.34588],[-113.86328,44.34615],[-113.86554,44.34615],[-113.86554,44.34588],[-113.86591,44.34588],[-113.86591,44.34561],[-113.86554,44.34561],[-113.86554,44.34534]],[[-113.884,44.34507],[-113.88362,44.34507],[-113.88362,44.34534],[-113.884,44.34534],[-113.884,44.34561],[-113.88437,44.34561],[-113.88437,44.34534],[-113.88513,44.34534],[-113.88513,44.3448],[-113.884,44.3448],[-113.884,44.34507]],[[-113.83201,44.33725],[-113.83163,44.33725],[-113.83163,44.33752],[-113.83201,44.33752],[-113.83201,44.33725]],[[-113.90623,44.33698],[-113.90585,44.33698],[-113.90585,44.33725],[-113.90623,44.33725],[-113.90623,44.33698]],[[-113.83239,44.33402],[-113.83201,44.33402],[-113.83201,44.33429],[-113.83239,44.33429],[-113.83239,44.33402]],[[-113.83201,44.33294],[-113.83163,44.33294],[-113.83163,44.33321],[-113.83201,44.33321],[-113.83201,44.33294]],[[-113.87044,44.3324],[-113.87006,44.3324],[-113.87006,44.33267],[-113.87044,44.33267],[-113.87044,44.3324]],[[-113.82334,44.32647],[-113.82297,44.32647],[-113.82297,44.32674],[-113.82334,44.32674],[-113.82334,44.32647]],[[-113.86365,44.31057],[-113.86328,44.31057],[-113.86328,44.31084],[-113.86365,44.31084],[-113.86365,44.31057]],[[-113.86441,44.31003],[-113.86403,44.31003],[-113.86403,44.3103],[-113.86441,44.3103],[-113.86441,44.31003]],[[-113.81845,44.30545],[-113.81882,44.30545],[-113.81882,44.30572],[-113.8192,44.30572],[-113.8192,44.30599],[-113.81958,44.30599],[-113.81958,44.30626],[-113.82033,44.30626],[-113.82033,44.30545],[-113.81995,44.30545],[-113.81995,44.30491],[-113.81845,44.30491],[-113.81845,44.30545]],[[-113.82673,44.30464],[-113.82598,44.30464],[-113.82598,44.30491],[-113.8256,44.30491],[-113.8256,44.30545],[-113.82598,44.30545],[-113.82598,44.30518],[-113.82636,44.30518],[-113.82636,44.30491],[-113.82673,44.30491],[-113.82673,44.30464]],[[-113.81732,44.3041],[-113.81694,44.3041],[-113.81694,44.30384],[-113.81543,44.30384],[-113.81543,44.30437],[-113.81581,44.30437],[-113.81581,44.30464],[-113.81656,44.30464],[-113.81656,44.30491],[-113.81807,44.30491],[-113.81807,44.30464],[-113.81769,44.30464],[-113.81769,44.30437],[-113.81732,44.30437],[-113.81732,44.3041]]],[[[-113.78906,44.35369],[-113.78906,44.35342],[-113.78868,44.35342],[-113.78868,44.35315],[-113.78831,44.35315],[-113.78831,44.35288],[-113.78793,44.35288],[-113.78793,44.35261],[-113.78981,44.35261],[-113.78981,44.35288],[-113.79019,44.35288],[-113.79019,44.35315],[-113.79057,44.35315],[-113.79057,44.35342],[-113.79094,44.35342],[-113.79094,44.35423],[-113.79019,44.35423],[-113.79019,44.35396],[-113.78981,44.35396],[-113.78981,44.35369],[-113.78906,44.35369]]],[[[-113.85574,44.35585],[-113.85574,44.35558],[-113.85612,44.35558],[-113.85612,44.35585],[-113.85574,44.35585]]],[[[-113.86893,44.35989],[-113.86893,44.35962],[-113.86855,44.35962],[-113.86855,44.35935],[-113.86893,44.35935],[-113.86893,44.35908],[-113.87119,44.35881],[-113.87119,44.35962],[-113.87081,44.35962],[-113.87081,44.35989],[-113.87119,44.35989],[-113.87119,44.36016],[-113.87081,44.36016],[-113.87081,44.36043],[-113.87006,44.36043],[-113.87006,44.36016],[-113.86968,44.36016],[-113.86968,44.35989],[-113.86893,44.35989]]],[[[-113.86817,44.36824],[-113.86817,44.36797],[-113.86855,44.36797],[-113.86855,44.36824],[-113.86817,44.36824]]],[[[-113.8791,44.36932],[-113.8791,44.36905],[-113.87948,44.36905],[-113.87948,44.36932],[-113.8791,44.36932]]],[[[-113.86629,44.36932],[-113.86629,44.36905],[-113.86667,44.36905],[-113.86667,44.36932],[-113.86629,44.36932]]]]},"properties":{"layer":"predicted_reach_h21","fire_name":"Doublesprings","irwin_id":"{960C064B-1764-4834-BD28-90FB69A4AB4A}","model":"arrival_run","checkpoint_epoch":216,"decode":"connected_causal","operating_point":{"floor":0.0,"mult":0.9},"val_precision":null,"val_recall":null,"model_caveat":"arrival_run chosen for best RECALL among the six FlameFlux v3 candidates on the production-valid t0-window corpus (R=0.624 on the fc2 held-out fires, R=0.432 on Dillon -- see candidate_comparison.md from the 2026-07-24 comparison). It does NOT meet the project's P>=0.50/R>=0.80 target: precision is the WORST of the six (P=0.120 on fc2 -- most flagged growth is wrong), and wind_run actually edges it on F1. IMPORTANT CAVEAT: arrival_run trained on the leaky 'observed' corpus (crop centered/sized on t0|t1, i.e. it saw the future perimeter's geometry during training) and has NEVER seen a t0-window crop -- the ONLY geometry this live pipeline can ever produce at forecast time (the future perimeter is, by definition, unknown). So every live prediction from this model is out-of-distribution relative to its own training. The measured t0-window numbers above already reflect that (they are not a surprise), but this is 'best available', not 'production-ready' -- represent it that way. The operating_point (floor=0.0, mult=0.9) is the VAL-selected connected-causal decode point; it did NOT clear the 0.50 precision floor during selection (feasible=False, val P=0.270/R=0.259) -- it's the best-F1 fallback point, not a precision-guaranteed one.","issued_at_utc":"2026-08-05 02:36:31.645281+00:00","valid_from_utc":"2026-08-05 00:00:00","valid_to_utc":"2026-08-06 00:00:00","wfigs_date_current_utc":"2026-08-05 02:05:06+00:00","pixel_size_m":30,"veg_source":"refreshed_d4","physics_source":"eikonal_fbfm40","history_n_dates":1,"degraded_history":true,"containment_pct":0.0,"acres_wfigs":1021.012899130312,"hour":21,"valid_at_utc":"2026-08-05 21:00:00"}},{"type":"Feature","geometry":{"type":"MultiPolygon","coordinates":[[[[-113.90962,44.29764],[-113.90924,44.29764],[-113.90924,44.29737],[-113.90962,44.29737],[-113.90962,44.29764]]],[[[-113.9066,44.29952],[-113.90736,44.29979],[-113.90736,44.30033],[-113.9066,44.30006],[-113.9066,44.29952]]],[[[-113.90773,44.3006],[-113.90849,44.3006],[-113.90849,44.30087],[-113.90886,44.30087],[-113.90886,44.30114],[-113.90811,44.30114],[-113.90811,44.30087],[-113.90773,44.30087],[-113.90773,44.3006]]],[[[-113.90585,44.30141],[-113.90509,44.30141],[-113.90509,44.30087],[-113.90585,44.30087],[-113.90585,44.30141]]],[[[-113.90396,44.30222],[-113.90359,44.30222],[-113.90359,44.30168],[-113.90396,44.30168],[-113.90396,44.30222]]],[[[-113.91037,44.30626],[-113.90999,44.30626],[-113.90999,44.30572],[-113.90849,44.30572],[-113.90849,44.30545],[-113.90773,44.30518],[-113.90773,44.30491],[-113.90623,44.30491],[-113.90623,44.30626],[-113.90547,44.30626],[-113.90547,44.30572],[-113.90509,44.30572],[-113.90509,44.30545],[-113.90472,44.30545],[-113.90472,44.30518],[-113.90396,44.30518],[-113.90396,44.30491],[-113.90359,44.30491],[-113.90359,44.30437],[-113.90509,44.30437],[-113.90509,44.3041],[-113.90547,44.3041],[-113.90547,44.30384],[-113.9066,44.30384],[-113.9066,44.30357],[-113.90811,44.30357],[-113.90811,44.3033],[-113.90849,44.3033],[-113.90849,44.30357],[-113.90962,44.30357],[-113.90962,44.30384],[-113.90999,44.30384],[-113.90999,44.3041],[-113.91075,44.3041],[-113.91075,44.30464],[-113.90999,44.30464],[-113.90999,44.30491],[-113.91075,44.30491],[-113.91075,44.30545],[-113.9115,44.30545],[-113.9115,44.30599],[-113.91188,44.30599],[-113.91188,44.3068],[-113.9115,44.3068],[-113.9115,44.30734],[-113.91075,44.30734],[-113.91075,44.30707],[-113.91037,44.30707],[-113.91037,44.30626]],[[-113.90811,44.30437],[-113.90811,44.30464],[-113.90849,44.30464],[-113.90849,44.30491],[-113.90962,44.30491],[-113.90962,44.3041],[-113.90849,44.3041],[-113.90849,44.30437],[-113.90811,44.30437]]],[[[-113.90283,44.30599],[-113.90246,44.30599],[-113.90246,44.30545],[-113.90283,44.30545],[-113.90283,44.30599]]],[[[-113.90133,44.30626],[-113.90133,44.30599],[-113.9017,44.30599],[-113.9017,44.30626],[-113.90133,44.30626]]],[[[-113.90472,44.31165],[-113.90472,44.31192],[-113.90359,44.31192],[-113.90359,44.31165],[-113.90095,44.31165],[-113.90095,44.31192],[-113.90057,44.31192],[-113.90057,44.31165],[-113.8953,44.31165],[-113.8953,44.31084],[-113.89568,44.31084],[-113.89568,44.3103],[-113.89605,44.3103],[-113.89605,44.31003],[-113.89643,44.31003],[-113.89643,44.30976],[-113.89681,44.30976],[-113.89681,44.30949],[-113.89718,44.30949],[-113.89718,44.30922],[-113.89756,44.30922],[-113.89756,44.30896],[-113.89794,44.30896],[-113.89794,44.30815],[-113.89944,44.30815],[-113.89944,44.30842],[-113.9002,44.30842],[-113.9002,44.30869],[-113.90057,44.30869],[-113.90057,44.30842],[-113.90133,44.30842],[-113.90133,44.30815],[-113.9017,44.30815],[-113.9017,44.30788],[-113.90246,44.30788],[-113.90246,44.30761],[-113.90321,44.30734],[-113.90321,44.30707],[-113.90509,44.30707],[-113.90509,44.3068],[-113.90547,44.3068],[-113.90547,44.30653],[-113.90585,44.30653],[-113.90585,44.30734],[-113.9066,44.30734],[-113.9066,44.30707],[-113.90698,44.30707],[-113.90698,44.30734],[-113.90773,44.30734],[-113.90773,44.30869],[-113.90547,44.30869],[-113.90547,44.30842],[-113.90472,44.30842],[-113.90472,44.30922],[-113.90509,44.30922],[-113.90509,44.30976],[-113.9066,44.30976],[-113.9066,44.30949],[-113.90698,44.30949],[-113.90698,44.3103],[-113.90736,44.3103],[-113.90736,44.31057],[-113.9066,44.31057],[-113.9066,44.31138],[-113.90736,44.31138],[-113.90736,44.31165],[-113.90698,44.31165],[-113.90698,44.31192],[-113.90623,44.31192],[-113.90623,44.31219],[-113.90472,44.31165]],[[-113.90547,44.31084],[-113.90472,44.31084],[-113.90472,44.31138],[-113.90547,44.31138],[-113.90547,44.31084]],[[-113.90057,44.3103],[-113.90095,44.3103],[-113.90095,44.31057],[-113.90208,44.31057],[-113.90208,44.30976],[-113.90095,44.30976],[-113.90095,44.31003],[-113.90057,44.31003],[-113.90057,44.3103]]],[[[-113.89907,44.32216],[-113.89831,44.32189],[-113.89831,44.32135],[-113.89794,44.32135],[-113.89794,44.32108],[-113.89643,44.32081],[-113.89643,44.32054],[-113.89568,44.32027],[-113.89568,44.32],[-113.89417,44.32027],[-113.89417,44.32108],[-113.89455,44.32108],[-113.89455,44.32135],[-113.89379,44.32162],[-113.89379,44.32027],[-113.89342,44.32027],[-113.89342,44.3192],[-113.89379,44.3192],[-113.89379,44.31893],[-113.89455,44.31893],[-113.89455,44.31866],[-113.8953,44.31839],[-113.8953,44.31785],[-113.89492,44.31785],[-113.89492,44.31731],[-113.8953,44.31731],[-113.8953,44.31677],[-113.89605,44.3165],[-113.89605,44.31542],[-113.89568,44.31542],[-113.89568,44.31461],[-113.89605,44.31461],[-113.89605,44.31435],[-113.89643,44.31435],[-113.89643,44.31461],[-113.90095,44.31461],[-113.90095,44.31435],[-113.90246,44.31408],[-113.90246,44.31354],[-113.90095,44.31354],[-113.90095,44.31327],[-113.9017,44.31327],[-113.9017,44.313],[-113.90321,44.31327],[-113.90321,44.31354],[-113.90359,44.31354],[-113.90359,44.31381],[-113.9066,44.31354],[-113.9066,44.31381],[-113.90736,44.31381],[-113.90736,44.31408],[-113.90773,44.31408],[-113.90773,44.31435],[-113.90811,44.31435],[-113.90811,44.31461],[-113.90849,44.31461],[-113.90849,44.31515],[-113.90924,44.31515],[-113.90924,44.31542],[-113.90999,44.31569],[-113.90999,44.31731],[-113.91075,44.31731],[-113.91075,44.31758],[-113.91112,44.31758],[-113.91112,44.31947],[-113.91075,44.31947],[-113.91075,44.31974],[-113.90849,44.31974],[-113.90849,44.31947],[-113.90811,44.31947],[-113.90811,44.31866],[-113.90773,44.31866],[-113.90773,44.31812],[-113.90585,44.31812],[-113.90585,44.31839],[-113.90509,44.31839],[-113.90509,44.31812],[-113.90472,44.31812],[-113.90472,44.31785],[-113.90396,44.31785],[-113.90396,44.31812],[-113.90246,44.31812],[-113.90246,44.31893],[-113.90321,44.3192],[-113.90321,44.31893],[-113.90359,44.31893],[-113.90359,44.31839],[-113.90472,44.31839],[-113.90472,44.31893],[-113.90509,44.31893],[-113.90509,44.31947],[-113.90585,44.31974],[-113.90585,44.32],[-113.9066,44.32],[-113.9066,44.32027],[-113.90811,44.32054],[-113.90811,44.32081],[-113.91075,44.32081],[-113.91075,44.32108],[-113.9115,44.32135],[-113.9115,44.32162],[-113.91188,44.32162],[-113.91188,44.32216],[-113.91112,44.32216],[-113.91112,44.32189],[-113.90962,44.32189],[-113.90962,44.32162],[-113.90886,44.32162],[-113.90886,44.32135],[-113.90736,44.32135],[-113.90736,44.32162],[-113.9066,44.32162],[-113.9066,44.32189],[-113.90547,44.32189],[-113.90547,44.32081],[-113.90472,44.32081],[-113.90472,44.32054],[-113.90359,44.32054],[-113.90359,44.32135],[-113.90321,44.32135],[-113.90321,44.32189],[-113.90283,44.32189],[-113.90283,44.32216],[-113.90208,44.32216],[-113.90208,44.32243],[-113.90057,44.32243],[-113.90057,44.3227],[-113.9002,44.3227],[-113.9002,44.32243],[-113.89907,44.32243],[-113.89907,44.32216]],[[-113.89869,44.32027],[-113.89869,44.32054],[-113.89907,44.32054],[-113.89907,44.32027],[-113.89869,44.32027]],[[-113.89869,44.32],[-113.89907,44.32],[-113.89907,44.31974],[-113.89869,44.31974],[-113.89869,44.31947],[-113.89794,44.31947],[-113.89794,44.32],[-113.89831,44.32],[-113.89831,44.32027],[-113.89869,44.32027],[-113.89869,44.32]]],[[[-113.86704,44.30707],[-113.86667,44.30707],[-113.86667,44.30653],[-113.86704,44.30653],[-113.86704,44.30707]]],[[[-113.86554,44.31003],[-113.86516,44.31003],[-113.86516,44.30976],[-113.86554,44.30976],[-113.86554,44.31003]]],[[[-113.89191,44.31731],[-113.89191,44.31677],[-113.89229,44.31677],[-113.89229,44.31623],[-113.89266,44.31623],[-113.89266,44.31596],[-113.89342,44.31596],[-113.89342,44.31569],[-113.89417,44.31596],[-113.89417,44.3165],[-113.89455,44.3165],[-113.89455,44.31704],[-113.89379,44.31704],[-113.89379,44.31731],[-113.89266,44.31731],[-113.89266,44.31704],[-113.89191,44.31731]]],[[[-113.89417,44.32189],[-113.89417,44.32162],[-113.89455,44.32162],[-113.89455,44.32189],[-113.89417,44.32189]]],[[[-113.87609,44.33078],[-113.87571,44.33078],[-113.87571,44.33025],[-113.87609,44.33025],[-113.87609,44.33078]]],[[[-113.89982,44.33105],[-113.89944,44.33105],[-113.89944,44.33078],[-113.89982,44.33078],[-113.89982,44.33105]]],[[[-113.86817,44.3704],[-113.86817,44.37067],[-113.86742,44.37067],[-113.86742,44.3704],[-113.86704,44.3704],[-113.86704,44.37013],[-113.86554,44.37013],[-113.86554,44.3704],[-113.86516,44.3704],[-113.86516,44.37094],[-113.86478,44.37094],[-113.86478,44.37283],[-113.86516,44.37283],[-113.86516,44.37309],[-113.86441,44.37309],[-113.86441,44.37283],[-113.86215,44.37283],[-113.86215,44.37309],[-113.86102,44.37309],[-113.86102,44.37336],[-113.85913,44.37336],[-113.85913,44.37363],[-113.85612,44.37363],[-113.85612,44.37336],[-113.85499,44.37336],[-113.85499,44.37363],[-113.85461,44.37363],[-113.85461,44.3739],[-113.85424,44.3739],[-113.85424,44.37417],[-113.85386,44.37417],[-113.85386,44.37444],[-113.85348,44.37444],[-113.85348,44.37471],[-113.85311,44.37471],[-113.85311,44.37848],[-113.85273,44.37848],[-113.85273,44.37875],[-113.85198,44.37902],[-113.85198,44.37929],[-113.85122,44.37929],[-113.85122,44.37956],[-113.84971,44.37956],[-113.84971,44.37983],[-113.84896,44.37983],[-113.84896,44.3801],[-113.84745,44.3801],[-113.84745,44.38037],[-113.84369,44.38037],[-113.84369,44.38064],[-113.84067,44.38064],[-113.84067,44.38091],[-113.83728,44.38091],[-113.83728,44.38064],[-113.83615,44.38064],[-113.83615,44.38037],[-113.83427,44.38037],[-113.83427,44.3801],[-113.83314,44.3801],[-113.83314,44.38037],[-113.83276,44.38037],[-113.83276,44.3801],[-113.83012,44.3801],[-113.83012,44.37956],[-113.82899,44.37956],[-113.82899,44.37929],[-113.82862,44.37929],[-113.82862,44.37902],[-113.82786,44.37875],[-113.82786,44.37822],[-113.82749,44.37822],[-113.82749,44.37741],[-113.82711,44.37741],[-113.82711,44.37633],[-113.82673,44.37633],[-113.82673,44.37579],[-113.82636,44.37579],[-113.82636,44.37471],[-113.82598,44.37471],[-113.82598,44.37444],[-113.82636,44.37444],[-113.82636,44.37417],[-113.82598,44.37417],[-113.82598,44.37363],[-113.8256,44.37363],[-113.8256,44.37229],[-113.82636,44.37229],[-113.82636,44.37175],[-113.82711,44.37175],[-113.82711,44.37148],[-113.82636,44.37148],[-113.82636,44.37121],[-113.8256,44.37094],[-113.8256,44.37067],[-113.82636,44.3704],[-113.82636,44.36986],[-113.82673,44.36986],[-113.82673,44.36959],[-113.82636,44.36959],[-113.82636,44.36932],[-113.82598,44.36932],[-113.82598,44.36959],[-113.82334,44.36959],[-113.82334,44.36932],[-113.82297,44.36932],[-113.82297,44.36959],[-113.82259,44.36959],[-113.82259,44.36932],[-113.82184,44.36959],[-113.82184,44.36932],[-113.81995,44.36932],[-113.81995,44.36959],[-113.8192,44.36959],[-113.8192,44.36986],[-113.81845,44.36986],[-113.81845,44.36959],[-113.81656,44.36959],[-113.81656,44.36932],[-113.81581,44.36932],[-113.81581,44.36878],[-113.81543,44.36878],[-113.81543,44.36905],[-113.81506,44.36905],[-113.81506,44.36878],[-113.81393,44.36878],[-113.81393,44.36851],[-113.8143,44.36851],[-113.8143,44.36824],[-113.81242,44.36824],[-113.81242,44.36744],[-113.81204,44.36744],[-113.81204,44.36717],[-113.81053,44.3669],[-113.81053,44.36663],[-113.8094,44.36663],[-113.8094,44.3642],[-113.80978,44.3642],[-113.80978,44.36393],[-113.8094,44.36393],[-113.8094,44.36366],[-113.80978,44.36366],[-113.80978,44.36339],[-113.81053,44.36312],[-113.81053,44.36285],[-113.81016,44.36285],[-113.81016,44.36258],[-113.8094,44.36232],[-113.8094,44.36205],[-113.80865,44.36178],[-113.80865,44.36151],[-113.80827,44.36151],[-113.80827,44.3607],[-113.8079,44.3607],[-113.8079,44.36043],[-113.80827,44.36043],[-113.80827,44.35989],[-113.80865,44.35989],[-113.80865,44.35935],[-113.80903,44.35935],[-113.80903,44.35854],[-113.8094,44.35854],[-113.8094,44.35827],[-113.80978,44.35827],[-113.80978,44.358],[-113.81053,44.358],[-113.81053,44.35773],[-113.81129,44.35773],[-113.81129,44.35719],[-113.81204,44.35719],[-113.81204,44.35639],[-113.81166,44.35639],[-113.81166,44.35666],[-113.81129,44.35666],[-113.81129,44.35639],[-113.81091,44.35639],[-113.81091,44.35666],[-113.81016,44.35639],[-113.81016,44.35666],[-113.8079,44.35666],[-113.8079,44.35693],[-113.80639,44.35693],[-113.80639,44.35719],[-113.80451,44.35719],[-113.80451,44.35693],[-113.80225,44.35666],[-113.80225,44.35639],[-113.80074,44.35639],[-113.80074,44.35612],[-113.79923,44.35612],[-113.79923,44.35585],[-113.79848,44.35585],[-113.79848,44.35531],[-113.7981,44.35531],[-113.7981,44.35504],[-113.79773,44.35504],[-113.79773,44.35477],[-113.79697,44.35477],[-113.79697,44.35531],[-113.7966,44.35531],[-113.7966,44.35558],[-113.79622,44.35558],[-113.79622,44.35585],[-113.79433,44.35585],[-113.79433,44.35558],[-113.79358,44.35558],[-113.79358,44.35531],[-113.7932,44.35531],[-113.7932,44.35504],[-113.79094,44.35504],[-113.79094,44.35477],[-113.79019,44.35477],[-113.79019,44.3545],[-113.78981,44.3545],[-113.78981,44.35423],[-113.78906,44.35396],[-113.78906,44.35369],[-113.78831,44.35369],[-113.78831,44.35342],[-113.78755,44.35315],[-113.78755,44.35261],[-113.78718,44.35261],[-113.78718,44.3518],[-113.78755,44.3518],[-113.78755,44.35207],[-113.78944,44.35207],[-113.78944,44.35234],[-113.79019,44.35234],[-113.79019,44.3518],[-113.78944,44.35154],[-113.78944,44.3483],[-113.78981,44.3483],[-113.78981,44.34857],[-113.79019,44.34857],[-113.79019,44.3483],[-113.79132,44.3483],[-113.79132,44.34776],[-113.79094,44.34776],[-113.79094,44.34749],[-113.79019,44.34749],[-113.79019,44.34776],[-113.78906,44.34776],[-113.78906,44.34722],[-113.78868,44.34722],[-113.78868,44.34668],[-113.78831,44.34668],[-113.78831,44.34642],[-113.78868,44.34642],[-113.78868,44.34615],[-113.78793,44.34588],[-113.78793,44.34507],[-113.78755,44.34507],[-113.78755,44.3448],[-113.78793,44.3448],[-113.78793,44.34453],[-113.78718,44.34426],[-113.78718,44.34345],[-113.7868,44.34345],[-113.7868,44.34237],[-113.78642,44.34237],[-113.78642,44.34183],[-113.7868,44.34183],[-113.7868,44.34103],[-113.78755,44.34076],[-113.78755,44.33995],[-113.7868,44.33968],[-113.7868,44.33887],[-113.78642,44.33887],[-113.78642,44.33752],[-113.78605,44.33752],[-113.78605,44.33698],[-113.78567,44.33698],[-113.78567,44.33644],[-113.78605,44.33644],[-113.78605,44.33132],[-113.7868,44.33105],[-113.7868,44.33025],[-113.78718,44.33025],[-113.78718,44.32917],[-113.78755,44.32917],[-113.78755,44.32836],[-113.78793,44.32836],[-113.78793,44.32782],[-113.78831,44.32782],[-113.78831,44.32701],[-113.78868,44.32701],[-113.78868,44.3262],[-113.78906,44.3262],[-113.78906,44.32566],[-113.78944,44.32566],[-113.78944,44.32513],[-113.78981,44.32513],[-113.78981,44.32459],[-113.79019,44.32459],[-113.79019,44.32405],[-113.79057,44.32405],[-113.79057,44.32351],[-113.79132,44.32324],[-113.79132,44.32243],[-113.7917,44.32243],[-113.7917,44.32189],[-113.79245,44.32162],[-113.79245,44.32108],[-113.79283,44.32108],[-113.79283,44.32054],[-113.7932,44.32054],[-113.7932,44.31974],[-113.79358,44.31974],[-113.79358,44.3192],[-113.79396,44.3192],[-113.79396,44.31839],[-113.79433,44.31839],[-113.79433,44.31785],[-113.79471,44.31785],[-113.79471,44.31704],[-113.79509,44.31704],[-113.79509,44.31623],[-113.79547,44.31623],[-113.79547,44.31569],[-113.79584,44.31569],[-113.79584,44.31515],[-113.79622,44.31515],[-113.79622,44.31461],[-113.7966,44.31461],[-113.7966,44.31408],[-113.79697,44.31408],[-113.79697,44.31327],[-113.79773,44.313],[-113.79773,44.31246],[-113.7981,44.31246],[-113.7981,44.31219],[-113.79848,44.31219],[-113.79848,44.31192],[-113.79923,44.31165],[-113.79923,44.31084],[-113.79961,44.31084],[-113.79961,44.31003],[-113.79999,44.31003],[-113.79999,44.30922],[-113.80036,44.30922],[-113.80036,44.30815],[-113.80112,44.30788],[-113.80112,44.30734],[-113.80149,44.30734],[-113.80149,44.30707],[-113.80187,44.30707],[-113.80187,44.30626],[-113.80225,44.30626],[-113.80225,44.30545],[-113.80262,44.30545],[-113.80262,44.30437],[-113.803,44.30437],[-113.803,44.30384],[-113.80375,44.30357],[-113.80375,44.30303],[-113.80413,44.30303],[-113.80413,44.30276],[-113.80488,44.30276],[-113.80488,44.30222],[-113.80564,44.30195],[-113.80564,44.30114],[-113.80601,44.30114],[-113.80601,44.30087],[-113.80564,44.30087],[-113.80564,44.3006],[-113.80601,44.3006],[-113.80601,44.30033],[-113.80564,44.30033],[-113.80564,44.30006],[-113.80601,44.30006],[-113.80601,44.29979],[-113.80564,44.29979],[-113.80564,44.29952],[-113.80639,44.29925],[-113.80639,44.29791],[-113.80677,44.29791],[-113.80677,44.29845],[-113.80752,44.29845],[-113.80752,44.29898],[-113.8079,44.29898],[-113.8079,44.29925],[-113.80865,44.29952],[-113.80865,44.30006],[-113.80903,44.30006],[-113.80903,44.30141],[-113.8094,44.30141],[-113.8094,44.30168],[-113.81053,44.30168],[-113.81053,44.30141],[-113.81091,44.30141],[-113.81091,44.30087],[-113.81166,44.30087],[-113.81166,44.3006],[-113.81242,44.30033],[-113.81242,44.29979],[-113.81317,44.29979],[-113.81317,44.29952],[-113.81393,44.29925],[-113.81393,44.29898],[-113.81468,44.29871],[-113.81468,44.29845],[-113.81581,44.29845],[-113.81581,44.29898],[-113.81619,44.29898],[-113.81619,44.29979],[-113.81581,44.29979],[-113.81581,44.30114],[-113.81543,44.30114],[-113.81543,44.30141],[-113.81581,44.30141],[-113.81581,44.30168],[-113.81656,44.30168],[-113.81656,44.30141],[-113.81769,44.30141],[-113.81769,44.30114],[-113.81807,44.30114],[-113.81807,44.30195],[-113.81845,44.30195],[-113.81845,44.30249],[-113.81995,44.30276],[-113.81995,44.30303],[-113.82184,44.30303],[-113.82184,44.30276],[-113.82221,44.30276],[-113.82221,44.30249],[-113.82297,44.30222],[-113.82297,44.30168],[-113.82372,44.30168],[-113.82372,44.30141],[-113.82485,44.30141],[-113.82485,44.30249],[-113.82749,44.30249],[-113.82749,44.30276],[-113.82786,44.30276],[-113.82786,44.30303],[-113.82862,44.30303],[-113.82862,44.3033],[-113.82899,44.3033],[-113.82899,44.30303],[-113.82937,44.30303],[-113.82937,44.3033],[-113.83012,44.3033],[-113.83012,44.30357],[-113.82975,44.30357],[-113.82975,44.30518],[-113.83012,44.30518],[-113.83012,44.30545],[-113.8305,44.30545],[-113.8305,44.30572],[-113.83088,44.30572],[-113.83088,44.30599],[-113.83125,44.30599],[-113.83125,44.30626],[-113.83239,44.30626],[-113.83239,44.30599],[-113.83314,44.30599],[-113.83314,44.30572],[-113.83352,44.30572],[-113.83352,44.30491],[-113.83389,44.30491],[-113.83389,44.30518],[-113.83427,44.30518],[-113.83427,44.30572],[-113.8354,44.30572],[-113.8354,44.30599],[-113.83653,44.30599],[-113.83653,44.30626],[-113.83691,44.30626],[-113.83691,44.30653],[-113.83804,44.30653],[-113.83804,44.30626],[-113.83841,44.30626],[-113.83841,44.30599],[-113.83917,44.30599],[-113.83917,44.30572],[-113.83954,44.30572],[-113.83954,44.30545],[-113.83992,44.30545],[-113.83992,44.30518],[-113.84067,44.30491],[-113.84067,44.30464],[-113.84105,44.30464],[-113.84105,44.30437],[-113.8418,44.30437],[-113.8418,44.3041],[-113.84218,44.3041],[-113.84218,44.30384],[-113.84444,44.30384],[-113.84444,44.3041],[-113.84482,44.3041],[-113.84482,44.30464],[-113.84519,44.30464],[-113.84519,44.30491],[-113.84482,44.30491],[-113.84482,44.30572],[-113.84519,44.30572],[-113.84519,44.30545],[-113.84557,44.30545],[-113.84557,44.30518],[-113.84595,44.30518],[-113.84595,44.30599],[-113.8467,44.30626],[-113.8467,44.30599],[-113.84745,44.30572],[-113.84745,44.30545],[-113.8467,44.30545],[-113.8467,44.30437],[-113.84708,44.30437],[-113.84708,44.3041],[-113.84783,44.30384],[-113.84783,44.30357],[-113.84858,44.30357],[-113.84858,44.30384],[-113.84896,44.30384],[-113.84896,44.30357],[-113.84971,44.3033],[-113.84971,44.30303],[-113.85047,44.30303],[-113.85047,44.30276],[-113.85122,44.30249],[-113.85122,44.30222],[-113.8516,44.30222],[-113.8516,44.30249],[-113.85235,44.30222],[-113.85235,44.30249],[-113.85273,44.30249],[-113.85273,44.30276],[-113.85235,44.30276],[-113.85235,44.3041],[-113.85273,44.3041],[-113.85273,44.30437],[-113.85386,44.30437],[-113.85386,44.30464],[-113.85424,44.30464],[-113.85424,44.30599],[-113.85537,44.30599],[-113.85537,44.30626],[-113.85574,44.30626],[-113.85574,44.30599],[-113.86064,44.30599],[-113.86064,44.30626],[-113.86102,44.30626],[-113.86102,44.30653],[-113.86139,44.30653],[-113.86139,44.30734],[-113.86328,44.30734],[-113.86328,44.30707],[-113.86365,44.30707],[-113.86365,44.3068],[-113.86441,44.3068],[-113.86441,44.30707],[-113.86516,44.30707],[-113.86516,44.3068],[-113.86554,44.3068],[-113.86554,44.30707],[-113.86629,44.30734],[-113.86629,44.30761],[-113.86554,44.30788],[-113.86554,44.30869],[-113.86591,44.30869],[-113.86591,44.30896],[-113.86554,44.30896],[-113.86554,44.30922],[-113.86516,44.30922],[-113.86516,44.30949],[-113.86478,44.30949],[-113.86478,44.31003],[-113.86516,44.31003],[-113.86516,44.3103],[-113.86478,44.3103],[-113.86478,44.31057],[-113.86629,44.3103],[-113.86629,44.31057],[-113.86667,44.31057],[-113.86667,44.31084],[-113.86742,44.31084],[-113.86742,44.31111],[-113.8678,44.31111],[-113.8678,44.31084],[-113.86817,44.31084],[-113.86817,44.31057],[-113.86855,44.31057],[-113.86855,44.31084],[-113.86931,44.31084],[-113.86931,44.31111],[-113.87006,44.31111],[-113.87006,44.31138],[-113.87044,44.31138],[-113.87044,44.31165],[-113.87081,44.31165],[-113.87081,44.31138],[-113.87157,44.31165],[-113.87157,44.31219],[-113.87119,44.31219],[-113.87119,44.313],[-113.86968,44.313],[-113.86968,44.31327],[-113.86893,44.31327],[-113.86893,44.31354],[-113.86855,44.31354],[-113.86855,44.31435],[-113.87044,44.31435],[-113.87044,44.31461],[-113.87081,44.31461],[-113.87081,44.31515],[-113.87119,44.31515],[-113.87119,44.31569],[-113.87157,44.31569],[-113.87157,44.31623],[-113.87194,44.31623],[-113.87194,44.31677],[-113.8727,44.31704],[-113.8727,44.31785],[-113.87307,44.31785],[-113.87307,44.31866],[-113.87345,44.31866],[-113.87345,44.31893],[-113.87307,44.31893],[-113.87307,44.3192],[-113.87232,44.31947],[-113.87232,44.3192],[-113.87157,44.31893],[-113.87157,44.31866],[-113.86931,44.31866],[-113.86931,44.31893],[-113.86968,44.31893],[-113.86968,44.31947],[-113.87006,44.31947],[-113.87006,44.32],[-113.87044,44.32],[-113.87044,44.32108],[-113.87081,44.32108],[-113.87081,44.32216],[-113.87119,44.32216],[-113.87119,44.3227],[-113.87157,44.3227],[-113.87157,44.32351],[-113.87119,44.32351],[-113.87119,44.32432],[-113.87081,44.32432],[-113.87081,44.32459],[-113.87006,44.32459],[-113.87006,44.32486],[-113.86893,44.32486],[-113.86893,44.32459],[-113.86817,44.32459],[-113.86817,44.32405],[-113.86742,44.32405],[-113.86742,44.32459],[-113.86667,44.32459],[-113.86667,44.32486],[-113.86629,44.32486],[-113.86629,44.32513],[-113.86215,44.32513],[-113.86215,44.32539],[-113.86252,44.32539],[-113.86252,44.32566],[-113.8629,44.32566],[-113.8629,44.32593],[-113.86365,44.32593],[-113.86365,44.3262],[-113.86403,44.3262],[-113.86403,44.32647],[-113.87044,44.32647],[-113.87044,44.3262],[-113.87119,44.3262],[-113.87119,44.32674],[-113.87157,44.32674],[-113.87157,44.32863],[-113.87194,44.32863],[-113.87194,44.33025],[-113.8727,44.33025],[-113.8727,44.33051],[-113.87345,44.33051],[-113.87345,44.33025],[-113.87383,44.33025],[-113.87383,44.33105],[-113.87345,44.33105],[-113.87345,44.33132],[-113.8742,44.33132],[-113.8742,44.33159],[-113.87458,44.33159],[-113.87458,44.33186],[-113.87533,44.33186],[-113.87533,44.3324],[-113.87571,44.3324],[-113.87571,44.33267],[-113.87646,44.33294],[-113.87646,44.33321],[-113.87571,44.33321],[-113.87571,44.33294],[-113.87533,44.33294],[-113.87533,44.33267],[-113.87458,44.33267],[-113.87458,44.3324],[-113.87307,44.3324],[-113.87307,44.33267],[-113.8727,44.33267],[-113.8727,44.33348],[-113.87307,44.33348],[-113.87307,44.33483],[-113.87232,44.33483],[-113.87232,44.33564],[-113.87345,44.33564],[-113.87345,44.3351],[-113.87383,44.3351],[-113.87383,44.33537],[-113.87458,44.33537],[-113.87458,44.33564],[-113.87609,44.33564],[-113.87609,44.3359],[-113.87646,44.3359],[-113.87646,44.33617],[-113.87722,44.33617],[-113.87722,44.33671],[-113.87759,44.33671],[-113.87759,44.33725],[-113.87797,44.33725],[-113.87797,44.33779],[-113.87835,44.33779],[-113.87835,44.33806],[-113.87759,44.33806],[-113.87759,44.3386],[-113.87797,44.3386],[-113.87797,44.33887],[-113.87872,44.33914],[-113.87872,44.33941],[-113.8791,44.33941],[-113.8791,44.33995],[-113.87948,44.33995],[-113.87948,44.34049],[-113.87985,44.34049],[-113.87985,44.34103],[-113.88023,44.34103],[-113.88023,44.34129],[-113.88098,44.34156],[-113.88098,44.34183],[-113.88174,44.34183],[-113.88174,44.34156],[-113.88287,44.34156],[-113.88287,44.34129],[-113.88362,44.34129],[-113.88362,44.34103],[-113.88437,44.34076],[-113.88437,44.34022],[-113.88475,44.34022],[-113.88475,44.33995],[-113.88437,44.33995],[-113.88437,44.33968],[-113.884,44.33968],[-113.884,44.33941],[-113.88362,44.33941],[-113.88362,44.33887],[-113.88324,44.33887],[-113.88324,44.33806],[-113.88287,44.33806],[-113.88287,44.33698],[-113.88249,44.33698],[-113.88249,44.33644],[-113.88174,44.33617],[-113.88174,44.3359],[-113.88136,44.3359],[-113.88136,44.33617],[-113.87985,44.33617],[-113.87985,44.3351],[-113.88023,44.3351],[-113.88023,44.33483],[-113.88061,44.33483],[-113.88061,44.3351],[-113.88098,44.3351],[-113.88098,44.33537],[-113.88249,44.3351],[-113.88249,44.33456],[-113.88211,44.33456],[-113.88211,44.33429],[-113.88249,44.33429],[-113.88249,44.33375],[-113.88475,44.33348],[-113.88475,44.33294],[-113.88513,44.33294],[-113.88513,44.33267],[-113.88626,44.33267],[-113.88626,44.33294],[-113.88663,44.33294],[-113.88663,44.33321],[-113.88701,44.33321],[-113.88701,44.33348],[-113.88739,44.33348],[-113.88739,44.33375],[-113.88814,44.33375],[-113.88814,44.33402],[-113.88852,44.33402],[-113.88852,44.33375],[-113.88927,44.33375],[-113.88927,44.33348],[-113.89003,44.33321],[-113.89003,44.33186],[-113.8904,44.33186],[-113.8904,44.33132],[-113.89078,44.33132],[-113.89078,44.33078],[-113.8904,44.33078],[-113.8904,44.32944],[-113.89003,44.32944],[-113.89003,44.3289],[-113.88927,44.3289],[-113.88927,44.32917],[-113.88852,44.32944],[-113.88852,44.32917],[-113.88814,44.32917],[-113.88814,44.32863],[-113.88927,44.32863],[-113.88927,44.32836],[-113.88965,44.32836],[-113.88965,44.32809],[-113.89003,44.32809],[-113.89003,44.32782],[-113.8904,44.32782],[-113.8904,44.32755],[-113.89078,44.32755],[-113.89078,44.32728],[-113.89116,44.32728],[-113.89116,44.32701],[-113.89229,44.32701],[-113.89229,44.32728],[-113.89304,44.32728],[-113.89304,44.32755],[-113.89342,44.32755],[-113.89342,44.32809],[-113.89379,44.32809],[-113.89379,44.32836],[-113.89605,44.32836],[-113.89605,44.32863],[-113.89643,44.32863],[-113.89643,44.32944],[-113.89605,44.32944],[-113.89605,44.32998],[-113.89568,44.32998],[-113.89568,44.33051],[-113.89643,44.33051],[-113.89643,44.33078],[-113.89756,44.33078],[-113.89756,44.33105],[-113.89944,44.33105],[-113.89944,44.33132],[-113.89982,44.33132],[-113.89982,44.33186],[-113.9002,44.33186],[-113.9002,44.33213],[-113.90057,44.33213],[-113.90057,44.3324],[-113.90095,44.3324],[-113.90095,44.33321],[-113.90133,44.33321],[-113.90133,44.33348],[-113.9017,44.33348],[-113.9017,44.33375],[-113.90246,44.33375],[-113.90246,44.33348],[-113.90283,44.33348],[-113.90283,44.33078],[-113.90246,44.33078],[-113.90246,44.33051],[-113.9017,44.33051],[-113.9017,44.33078],[-113.90133,44.33078],[-113.90133,44.33105],[-113.9002,44.33105],[-113.9002,44.33078],[-113.89982,44.33078],[-113.89982,44.33051],[-113.89944,44.33051],[-113.89944,44.32971],[-113.89907,44.32971],[-113.89907,44.32917],[-113.89869,44.32917],[-113.89869,44.32836],[-113.89756,44.32836],[-113.89756,44.32809],[-113.89718,44.32809],[-113.89718,44.32782],[-113.89794,44.32755],[-113.89794,44.32647],[-113.89756,44.32647],[-113.89756,44.3262],[-113.89681,44.32593],[-113.89681,44.32566],[-113.89643,44.32566],[-113.89643,44.32539],[-113.89568,44.32513],[-113.89568,44.32486],[-113.8953,44.32486],[-113.8953,44.32513],[-113.89455,44.32513],[-113.89455,44.3262],[-113.89417,44.3262],[-113.89417,44.32647],[-113.89342,44.32647],[-113.89342,44.3262],[-113.89116,44.3262],[-113.89116,44.32593],[-113.89153,44.32593],[-113.89153,44.32539],[-113.89304,44.32539],[-113.89304,44.32513],[-113.89342,44.32513],[-113.89342,44.32486],[-113.89379,44.32486],[-113.89379,44.32378],[-113.89417,44.32378],[-113.89417,44.32405],[-113.9002,44.32405],[-113.9002,44.32432],[-113.90133,44.32432],[-113.90133,44.32405],[-113.90585,44.32405],[-113.90585,44.32432],[-113.90773,44.32432],[-113.90773,44.32459],[-113.90962,44.32459],[-113.90962,44.32486],[-113.91112,44.32486],[-113.91112,44.32513],[-113.91188,44.32513],[-113.91188,44.32539],[-113.91112,44.32566],[-113.91112,44.32593],[-113.9115,44.32593],[-113.9115,44.3262],[-113.91225,44.3262],[-113.91225,44.32647],[-113.91263,44.32647],[-113.91263,44.32674],[-113.91225,44.32674],[-113.91225,44.32701],[-113.91188,44.32701],[-113.91188,44.32728],[-113.9115,44.32728],[-113.9115,44.32809],[-113.91188,44.32809],[-113.91188,44.32836],[-113.91225,44.32836],[-113.91225,44.32863],[-113.91301,44.32863],[-113.91301,44.32917],[-113.91338,44.32917],[-113.91338,44.33025],[-113.91376,44.33025],[-113.91376,44.33159],[-113.91338,44.33159],[-113.91338,44.33321],[-113.90924,44.33321],[-113.90924,44.33348],[-113.90962,44.33348],[-113.90962,44.33375],[-113.90999,44.33375],[-113.90999,44.33402],[-113.91075,44.33402],[-113.91075,44.33429],[-113.91112,44.33429],[-113.91112,44.33456],[-113.91225,44.33456],[-113.91225,44.33483],[-113.91376,44.3351],[-113.91376,44.33644],[-113.91338,44.33644],[-113.91338,44.33671],[-113.91301,44.33671],[-113.91301,44.33698],[-113.91263,44.33698],[-113.91263,44.33752],[-113.91225,44.33752],[-113.91225,44.33779],[-113.91263,44.33779],[-113.91263,44.33806],[-113.91338,44.33806],[-113.91338,44.33833],[-113.91414,44.33833],[-113.91414,44.34049],[-113.91489,44.34049],[-113.91489,44.34076],[-113.91451,44.34076],[-113.91451,44.34237],[-113.91414,44.34237],[-113.91414,44.34291],[-113.91338,44.34291],[-113.91338,44.34345],[-113.91414,44.34372],[-113.91414,44.34453],[-113.91338,44.34453],[-113.91338,44.3448],[-113.91301,44.3448],[-113.91301,44.34588],[-113.91338,44.34588],[-113.91338,44.34884],[-113.91301,44.34884],[-113.91301,44.35019],[-113.91338,44.35019],[-113.91338,44.35073],[-113.91376,44.35073],[-113.91376,44.351],[-113.91414,44.351],[-113.91414,44.35127],[-113.91489,44.35154],[-113.91489,44.35315],[-113.91451,44.35315],[-113.91451,44.35342],[-113.91376,44.35369],[-113.91376,44.3545],[-113.91414,44.3545],[-113.91414,44.35504],[-113.91451,44.35504],[-113.91451,44.35531],[-113.91414,44.35531],[-113.91414,44.35558],[-113.91451,44.35558],[-113.91451,44.35585],[-113.91414,44.35585],[-113.91414,44.358],[-113.91376,44.358],[-113.91376,44.35827],[-113.91414,44.35827],[-113.91414,44.35854],[-113.91376,44.35854],[-113.91376,44.36016],[-113.91338,44.36016],[-113.91338,44.36178],[-113.91301,44.36178],[-113.91301,44.36232],[-113.91263,44.36232],[-113.91263,44.36339],[-113.91225,44.36339],[-113.91225,44.36636],[-113.91263,44.36636],[-113.91263,44.36797],[-113.91301,44.36797],[-113.91301,44.36824],[-113.91263,44.36824],[-113.91263,44.36851],[-113.91301,44.36851],[-113.91301,44.36878],[-113.91263,44.36878],[-113.91263,44.36959],[-113.91225,44.36959],[-113.91225,44.3704],[-113.90962,44.3704],[-113.90962,44.37013],[-113.90924,44.37013],[-113.90924,44.37067],[-113.90999,44.37067],[-113.90999,44.37094],[-113.91037,44.37094],[-113.91037,44.37148],[-113.90999,44.37148],[-113.90999,44.37202],[-113.90924,44.37202],[-113.90924,44.37229],[-113.90886,44.37229],[-113.90886,44.37256],[-113.90849,44.37256],[-113.90849,44.37283],[-113.90773,44.37283],[-113.90773,44.37309],[-113.90698,44.37309],[-113.90698,44.37336],[-113.9066,44.37336],[-113.9066,44.37363],[-113.90585,44.37363],[-113.90585,44.37417],[-113.90547,44.37417],[-113.90547,44.37525],[-113.90509,44.37525],[-113.90509,44.37633],[-113.90472,44.37633],[-113.90472,44.3766],[-113.90509,44.3766],[-113.90509,44.37768],[-113.90472,44.37768],[-113.90472,44.37822],[-113.90321,44.37822],[-113.90321,44.37848],[-113.90283,44.37848],[-113.90283,44.37795],[-113.90246,44.37795],[-113.90246,44.37848],[-113.90208,44.37848],[-113.90208,44.37822],[-113.90133,44.37822],[-113.90133,44.37768],[-113.90208,44.37768],[-113.90208,44.37741],[-113.90246,44.37741],[-113.90246,44.37633],[-113.90208,44.37633],[-113.90208,44.37579],[-113.90246,44.37579],[-113.90246,44.37552],[-113.90396,44.37552],[-113.90396,44.37525],[-113.90434,44.37525],[-113.90434,44.37498],[-113.90472,44.37498],[-113.90472,44.37417],[-113.90434,44.37417],[-113.90434,44.37363],[-113.90283,44.37363],[-113.90283,44.3739],[-113.90246,44.3739],[-113.90246,44.37417],[-113.90208,44.37417],[-113.90208,44.37444],[-113.9017,44.37444],[-113.9017,44.37471],[-113.90133,44.37471],[-113.90133,44.37525],[-113.90095,44.37525],[-113.90095,44.37606],[-113.90057,44.37606],[-113.90057,44.37633],[-113.89982,44.37633],[-113.89982,44.37579],[-113.89944,44.37579],[-113.89944,44.37498],[-113.89982,44.37498],[-113.89982,44.37444],[-113.90057,44.37417],[-113.90057,44.37363],[-113.90095,44.37363],[-113.90095,44.37309],[-113.90133,44.37309],[-113.90133,44.37229],[-113.90057,44.37229],[-113.90057,44.37256],[-113.89944,44.37256],[-113.89944,44.37283],[-113.89756,44.37283],[-113.89756,44.37309],[-113.89718,44.37309],[-113.89718,44.37336],[-113.89568,44.37363],[-113.89568,44.3739],[-113.89492,44.37417],[-113.89492,44.37471],[-113.89455,44.37471],[-113.89455,44.37498],[-113.89379,44.37498],[-113.89379,44.37525],[-113.89266,44.37525],[-113.89266,44.37498],[-113.89342,44.37471],[-113.89342,44.37444],[-113.89379,44.37444],[-113.89379,44.37417],[-113.89455,44.3739],[-113.89455,44.37336],[-113.89492,44.37336],[-113.89492,44.37309],[-113.8953,44.37309],[-113.8953,44.37283],[-113.89568,44.37283],[-113.89568,44.37229],[-113.89605,44.37229],[-113.89605,44.37175],[-113.89643,44.37175],[-113.89643,44.3704],[-113.89681,44.3704],[-113.89681,44.36959],[-113.89643,44.36959],[-113.89643,44.36932],[-113.89568,44.36932],[-113.89568,44.36905],[-113.8953,44.36905],[-113.8953,44.36878],[-113.89379,44.36878],[-113.89379,44.36905],[-113.89304,44.36905],[-113.89304,44.36932],[-113.89191,44.36932],[-113.89191,44.36959],[-113.89003,44.36959],[-113.89003,44.36932],[-113.8889,44.36932],[-113.8889,44.36905],[-113.88814,44.36878],[-113.88814,44.36851],[-113.88777,44.36851],[-113.88777,44.36824],[-113.88701,44.36824],[-113.88701,44.36797],[-113.88626,44.36797],[-113.88626,44.36824],[-113.88437,44.36824],[-113.88437,44.36797],[-113.88362,44.36797],[-113.88362,44.36771],[-113.88287,44.36744],[-113.88287,44.36717],[-113.88174,44.36717],[-113.88174,44.36744],[-113.88136,44.36744],[-113.88136,44.36797],[-113.88061,44.36824],[-113.88061,44.36878],[-113.88023,44.36878],[-113.88023,44.36986],[-113.87797,44.36986],[-113.87797,44.36824],[-113.87759,44.36824],[-113.87759,44.36797],[-113.87684,44.36797],[-113.87684,44.36771],[-113.87646,44.36771],[-113.87646,44.36717],[-113.87571,44.36717],[-113.87571,44.36744],[-113.87609,44.36744],[-113.87609,44.36905],[-113.87571,44.36905],[-113.87571,44.36932],[-113.87496,44.36932],[-113.87496,44.36959],[-113.87345,44.36986],[-113.87345,44.37013],[-113.87157,44.37013],[-113.87157,44.36986],[-113.87006,44.36986],[-113.87006,44.36959],[-113.86931,44.36932],[-113.86931,44.36905],[-113.86855,44.36905],[-113.86855,44.36878],[-113.86817,44.36878],[-113.86817,44.36959],[-113.86855,44.36959],[-113.86855,44.3704],[-113.86817,44.3704]],[[-113.81506,44.30141],[-113.81506,44.30168],[-113.81543,44.30168],[-113.81543,44.30141],[-113.81506,44.30141]],[[-113.84444,44.30572],[-113.84444,44.30599],[-113.84482,44.30599],[-113.84482,44.30572],[-113.84444,44.30572]],[[-113.84595,44.30626],[-113.84595,44.30653],[-113.84632,44.30653],[-113.84632,44.30626],[-113.84595,44.30626]],[[-113.84557,44.30653],[-113.84557,44.3068],[-113.84595,44.3068],[-113.84595,44.30653],[-113.84557,44.30653]],[[-113.86817,44.36851],[-113.8678,44.36851],[-113.8678,44.36824],[-113.86704,44.36824],[-113.86704,44.36797],[-113.86742,44.36797],[-113.86742,44.36771],[-113.8678,44.36771],[-113.8678,44.36744],[-113.86855,44.36744],[-113.86855,44.3669],[-113.86893,44.3669],[-113.86893,44.36663],[-113.86968,44.36636],[-113.86968,44.36609],[-113.87081,44.36609],[-113.87081,44.36582],[-113.87119,44.36582],[-113.87119,44.36555],[-113.87194,44.36555],[-113.87194,44.36528],[-113.8727,44.36528],[-113.8727,44.36501],[-113.87307,44.36501],[-113.87307,44.3642],[-113.87232,44.3642],[-113.87232,44.36393],[-113.87194,44.36393],[-113.87194,44.36339],[-113.8727,44.36312],[-113.8727,44.36258],[-113.87307,44.36258],[-113.87307,44.36178],[-113.87232,44.36178],[-113.87232,44.36151],[-113.87194,44.36151],[-113.87194,44.36124],[-113.87119,44.36124],[-113.87119,44.36151],[-113.87081,44.36151],[-113.87081,44.36178],[-113.87044,44.36178],[-113.87044,44.36205],[-113.87006,44.36205],[-113.87006,44.36178],[-113.86968,44.36178],[-113.86968,44.36097],[-113.86931,44.36097],[-113.86931,44.3607],[-113.86893,44.3607],[-113.86893,44.36043],[-113.86855,44.36043],[-113.86855,44.3607],[-113.8678,44.3607],[-113.8678,44.36097],[-113.86742,44.36097],[-113.86742,44.36124],[-113.86704,44.36124],[-113.86704,44.36151],[-113.86667,44.36151],[-113.86667,44.36178],[-113.86591,44.36178],[-113.86591,44.36205],[-113.86554,44.36205],[-113.86554,44.36232],[-113.86478,44.36232],[-113.86478,44.36258],[-113.86328,44.36285],[-113.86328,44.36339],[-113.8629,44.36339],[-113.8629,44.36366],[-113.86252,44.36366],[-113.86252,44.36393],[-113.86102,44.36393],[-113.86102,44.3642],[-113.86026,44.36447],[-113.86026,44.36474],[-113.85951,44.36474],[-113.85951,44.36501],[-113.85876,44.36528],[-113.85876,44.36582],[-113.85838,44.36582],[-113.85838,44.36717],[-113.858,44.36717],[-113.858,44.36824],[-113.85763,44.36824],[-113.85763,44.36959],[-113.85838,44.36959],[-113.85838,44.36986],[-113.85913,44.36986],[-113.85913,44.37013],[-113.85951,44.37013],[-113.85951,44.37067],[-113.85913,44.37067],[-113.85913,44.37148],[-113.85989,44.37148],[-113.85989,44.37175],[-113.86026,44.37175],[-113.86026,44.37148],[-113.86102,44.37148],[-113.86102,44.37121],[-113.86252,44.37094],[-113.86252,44.37067],[-113.86328,44.3704],[-113.86328,44.37013],[-113.86403,44.36986],[-113.86403,44.36959],[-113.86478,44.36932],[-113.86478,44.36905],[-113.86554,44.36905],[-113.86554,44.36878],[-113.86629,44.36878],[-113.86629,44.36851],[-113.86704,44.36851],[-113.86704,44.36878],[-113.86817,44.36878],[-113.86817,44.36851]],[[-113.90811,44.37013],[-113.90811,44.36986],[-113.90773,44.36986],[-113.90773,44.37013],[-113.90811,44.37013]],[[-113.90999,44.36878],[-113.90999,44.36851],[-113.90811,44.36851],[-113.90811,44.36905],[-113.90773,44.36905],[-113.90773,44.36932],[-113.90736,44.36932],[-113.90736,44.36959],[-113.90849,44.36959],[-113.90849,44.36905],[-113.90962,44.36905],[-113.90962,44.36878],[-113.90999,44.36878]],[[-113.87646,44.36285],[-113.87646,44.36258],[-113.87684,44.36258],[-113.87684,44.36232],[-113.87533,44.36232],[-113.87533,44.36205],[-113.87496,44.36205],[-113.87496,44.36178],[-113.87458,44.36178],[-113.87458,44.36205],[-113.87383,44.36205],[-113.87383,44.36312],[-113.8742,44.36312],[-113.8742,44.36339],[-113.87496,44.36339],[-113.87496,44.36312],[-113.87609,44.36312],[-113.87609,44.36285],[-113.87646,44.36285]],[[-113.8791,44.36124],[-113.8791,44.36151],[-113.87872,44.36151],[-113.87872,44.36205],[-113.88061,44.36205],[-113.88061,44.36151],[-113.88098,44.36151],[-113.88098,44.36124],[-113.8791,44.36124]],[[-113.87383,44.35908],[-113.87383,44.35881],[-113.8742,44.35881],[-113.8742,44.35854],[-113.87383,44.35854],[-113.87383,44.35827],[-113.87232,44.35827],[-113.87232,44.35854],[-113.87157,44.35854],[-113.87157,44.35962],[-113.87307,44.35962],[-113.87307,44.35935],[-113.87383,44.35908]],[[-113.87081,44.358],[-113.87081,44.35773],[-113.87157,44.35773],[-113.87157,44.35746],[-113.87119,44.35746],[-113.87119,44.35719],[-113.87081,44.35719],[-113.87081,44.35693],[-113.86968,44.35693],[-113.86968,44.35666],[-113.86931,44.35666],[-113.86931,44.35639],[-113.86893,44.35639],[-113.86893,44.35585],[-113.86855,44.35585],[-113.86855,44.35504],[-113.86817,44.35504],[-113.86817,44.35477],[-113.86742,44.3545],[-113.86742,44.35423],[-113.86591,44.35423],[-113.86591,44.35477],[-113.86554,44.35477],[-113.86554,44.35504],[-113.86516,44.35504],[-113.86516,44.35531],[-113.86365,44.35531],[-113.86365,44.35558],[-113.86403,44.35558],[-113.86403,44.35585],[-113.86441,44.35585],[-113.86441,44.35612],[-113.86516,44.35639],[-113.86516,44.35666],[-113.86591,44.35693],[-113.86591,44.35746],[-113.86667,44.35773],[-113.86667,44.35827],[-113.86704,44.35827],[-113.86704,44.35854],[-113.86742,44.35854],[-113.86742,44.35881],[-113.86968,44.35881],[-113.86968,44.35854],[-113.87044,44.35854],[-113.87044,44.358],[-113.87081,44.358]],[[-113.85499,44.35881],[-113.85499,44.35854],[-113.85461,44.35854],[-113.85461,44.35881],[-113.85499,44.35881]],[[-113.8791,44.35693],[-113.8791,44.35666],[-113.87948,44.35666],[-113.87948,44.35639],[-113.87985,44.35639],[-113.87985,44.35612],[-113.87872,44.35612],[-113.87872,44.35639],[-113.87797,44.35639],[-113.87797,44.35666],[-113.87646,44.35666],[-113.87646,44.35693],[-113.87571,44.35693],[-113.87571,44.35746],[-113.87722,44.35746],[-113.87722,44.35719],[-113.87797,44.35719],[-113.87797,44.35693],[-113.8791,44.35693]],[[-113.81279,44.35666],[-113.81279,44.35639],[-113.81242,44.35639],[-113.81242,44.35666],[-113.81279,44.35666]],[[-113.88287,44.35531],[-113.88287,44.35504],[-113.88249,44.35504],[-113.88249,44.35531],[-113.88174,44.35531],[-113.88174,44.35585],[-113.88287,44.35585],[-113.88287,44.35558],[-113.88324,44.35558],[-113.88324,44.35531],[-113.88287,44.35531]],[[-113.79697,44.3545],[-113.79697,44.35423],[-113.79547,44.35423],[-113.79547,44.3545],[-113.79697,44.3545]],[[-113.87835,44.34776],[-113.87835,44.34722],[-113.87872,44.34722],[-113.87872,44.34668],[-113.87835,44.34668],[-113.87835,44.34615],[-113.87797,44.34615],[-113.87797,44.34561],[-113.87722,44.34534],[-113.87722,44.3448],[-113.87759,44.3448],[-113.87759,44.34345],[-113.87722,44.34345],[-113.87722,44.34318],[-113.87684,44.34318],[-113.87684,44.34291],[-113.87609,44.34291],[-113.87609,44.34345],[-113.87571,44.34345],[-113.87571,44.34372],[-113.87609,44.34372],[-113.87609,44.34561],[-113.87571,44.34561],[-113.87571,44.34615],[-113.87609,44.34615],[-113.87609,44.34722],[-113.87646,44.34722],[-113.87646,44.34803],[-113.87722,44.3483],[-113.87722,44.34803],[-113.87797,44.34803],[-113.87797,44.34776],[-113.87835,44.34776]],[[-113.7917,44.34615],[-113.79207,44.34615],[-113.79207,44.34642],[-113.79283,44.34642],[-113.79283,44.34588],[-113.79245,44.34588],[-113.79245,44.34534],[-113.79207,44.34534],[-113.79207,44.34507],[-113.79132,44.34507],[-113.79132,44.34534],[-113.79094,44.34534],[-113.79094,44.34561],[-113.7917,44.34588],[-113.7917,44.34615]],[[-113.79094,44.34507],[-113.79057,44.34507],[-113.79057,44.34534],[-113.79094,44.34534],[-113.79094,44.34507]],[[-113.79057,44.34561],[-113.79057,44.34588],[-113.79094,44.34588],[-113.79094,44.34561],[-113.79057,44.34561]],[[-113.87157,44.34156],[-113.87157,44.34129],[-113.87232,44.34103],[-113.87232,44.34076],[-113.87307,44.34076],[-113.87307,44.34049],[-113.87496,44.34049],[-113.87496,44.34022],[-113.87571,44.34022],[-113.87571,44.33941],[-113.87533,44.33941],[-113.87533,44.33887],[-113.87496,44.33887],[-113.87496,44.3386],[-113.87458,44.3386],[-113.87458,44.33833],[-113.8742,44.33833],[-113.8742,44.33806],[-113.8727,44.33806],[-113.8727,44.3386],[-113.87232,44.3386],[-113.87232,44.33887],[-113.87157,44.33887],[-113.87157,44.33914],[-113.87119,44.33914],[-113.87119,44.33941],[-113.87044,44.33941],[-113.87044,44.33968],[-113.86968,44.33968],[-113.86968,44.33995],[-113.86931,44.33995],[-113.86931,44.34049],[-113.86893,44.34049],[-113.86893,44.3421],[-113.87006,44.3421],[-113.87006,44.34183],[-113.87081,44.34183],[-113.87081,44.34156],[-113.87157,44.34156]],[[-113.88852,44.33752],[-113.88852,44.33698],[-113.88814,44.33698],[-113.88814,44.33671],[-113.88739,44.33698],[-113.88739,44.33833],[-113.88777,44.33833],[-113.88777,44.3386],[-113.88739,44.3386],[-113.88739,44.33887],[-113.88777,44.33887],[-113.88777,44.33914],[-113.88852,44.33914],[-113.88852,44.33887],[-113.8889,44.33887],[-113.8889,44.33752],[-113.88852,44.33752]],[[-113.83201,44.33752],[-113.83201,44.33725],[-113.83163,44.33725],[-113.83163,44.33752],[-113.83201,44.33752]],[[-113.83239,44.33429],[-113.83239,44.33402],[-113.83201,44.33402],[-113.83201,44.33429],[-113.83239,44.33429]],[[-113.83201,44.33321],[-113.83201,44.33294],[-113.83163,44.33294],[-113.83163,44.33321],[-113.83201,44.33321]],[[-113.86968,44.32944],[-113.86968,44.3289],[-113.86931,44.3289],[-113.86931,44.32836],[-113.86893,44.32836],[-113.86893,44.32782],[-113.86855,44.32782],[-113.86855,44.32755],[-113.86817,44.32755],[-113.86817,44.32728],[-113.86629,44.32728],[-113.86629,44.32755],[-113.86591,44.32755],[-113.86591,44.32809],[-113.86667,44.32809],[-113.86667,44.32836],[-113.86704,44.32836],[-113.86704,44.32971],[-113.86742,44.32971],[-113.86742,44.32998],[-113.86855,44.32998],[-113.86855,44.32971],[-113.86931,44.32971],[-113.86931,44.32944],[-113.86968,44.32944]],[[-113.90472,44.32782],[-113.90472,44.32809],[-113.90396,44.32836],[-113.90396,44.3289],[-113.90434,44.3289],[-113.90434,44.32917],[-113.90547,44.32917],[-113.90547,44.32809],[-113.90623,44.32809],[-113.90623,44.32782],[-113.90472,44.32782]],[[-113.90849,44.32728],[-113.90849,44.32755],[-113.90886,44.32755],[-113.90886,44.32782],[-113.90849,44.32782],[-113.90849,44.32836],[-113.90924,44.32863],[-113.90924,44.32809],[-113.90962,44.32809],[-113.90962,44.32728],[-113.90849,44.32728]],[[-113.82334,44.32674],[-113.82334,44.32647],[-113.82297,44.32647],[-113.82297,44.32674],[-113.82334,44.32674]],[[-113.89869,44.32459],[-113.89869,44.32513],[-113.89982,44.32513],[-113.89982,44.32486],[-113.89944,44.32486],[-113.89944,44.32459],[-113.89869,44.32459]],[[-113.86742,44.32324],[-113.86742,44.32378],[-113.86817,44.32378],[-113.86817,44.32351],[-113.86742,44.32324]],[[-113.86365,44.31084],[-113.86365,44.31057],[-113.86328,44.31057],[-113.86328,44.31084],[-113.86365,44.31084]],[[-113.86441,44.3103],[-113.86441,44.31003],[-113.86403,44.31003],[-113.86403,44.3103],[-113.86441,44.3103]],[[-113.81317,44.30195],[-113.81317,44.30087],[-113.81242,44.30087],[-113.81242,44.30195],[-113.81317,44.30195]]],[[[-113.88626,44.37363],[-113.8855,44.37363],[-113.8855,44.37336],[-113.88513,44.37336],[-113.88513,44.37256],[-113.8855,44.37256],[-113.8855,44.37283],[-113.88626,44.37283],[-113.88626,44.37309],[-113.88701,44.37309],[-113.88701,44.37336],[-113.88814,44.37336],[-113.88814,44.37363],[-113.88852,44.37363],[-113.88852,44.3739],[-113.88701,44.37417],[-113.88701,44.3739],[-113.88626,44.3739],[-113.88626,44.37363]],[[-113.88777,44.37363],[-113.88739,44.37363],[-113.88739,44.3739],[-113.88777,44.3739],[-113.88777,44.37363]]],[[[-113.85499,44.37902],[-113.85499,44.37848],[-113.85537,44.37848],[-113.85537,44.37902],[-113.85499,44.37902]]]]},"properties":{"layer":"predicted_reach_h22","fire_name":"Doublesprings","irwin_id":"{960C064B-1764-4834-BD28-90FB69A4AB4A}","model":"arrival_run","checkpoint_epoch":216,"decode":"connected_causal","operating_point":{"floor":0.0,"mult":0.9},"val_precision":null,"val_recall":null,"model_caveat":"arrival_run chosen for best RECALL among the six FlameFlux v3 candidates on the production-valid t0-window corpus (R=0.624 on the fc2 held-out fires, R=0.432 on Dillon -- see candidate_comparison.md from the 2026-07-24 comparison). It does NOT meet the project's P>=0.50/R>=0.80 target: precision is the WORST of the six (P=0.120 on fc2 -- most flagged growth is wrong), and wind_run actually edges it on F1. IMPORTANT CAVEAT: arrival_run trained on the leaky 'observed' corpus (crop centered/sized on t0|t1, i.e. it saw the future perimeter's geometry during training) and has NEVER seen a t0-window crop -- the ONLY geometry this live pipeline can ever produce at forecast time (the future perimeter is, by definition, unknown). So every live prediction from this model is out-of-distribution relative to its own training. The measured t0-window numbers above already reflect that (they are not a surprise), but this is 'best available', not 'production-ready' -- represent it that way. The operating_point (floor=0.0, mult=0.9) is the VAL-selected connected-causal decode point; it did NOT clear the 0.50 precision floor during selection (feasible=False, val P=0.270/R=0.259) -- it's the best-F1 fallback point, not a precision-guaranteed one.","issued_at_utc":"2026-08-05 02:36:31.645281+00:00","valid_from_utc":"2026-08-05 00:00:00","valid_to_utc":"2026-08-06 00:00:00","wfigs_date_current_utc":"2026-08-05 02:05:06+00:00","pixel_size_m":30,"veg_source":"refreshed_d4","physics_source":"eikonal_fbfm40","history_n_dates":1,"degraded_history":true,"containment_pct":0.0,"acres_wfigs":1021.012899130312,"hour":22,"valid_at_utc":"2026-08-05 22:00:00"}},{"type":"Feature","geometry":{"type":"MultiPolygon","coordinates":[[[[-113.90773,44.31219],[-113.90283,44.31219],[-113.90283,44.31192],[-113.90133,44.31192],[-113.90133,44.31219],[-113.90057,44.31219],[-113.90057,44.31246],[-113.89869,44.31246],[-113.89869,44.31219],[-113.89492,44.31219],[-113.89492,44.31165],[-113.8953,44.31165],[-113.8953,44.31084],[-113.89568,44.31084],[-113.89568,44.3103],[-113.89605,44.3103],[-113.89605,44.31003],[-113.89643,44.31003],[-113.89643,44.30976],[-113.89681,44.30976],[-113.89681,44.30949],[-113.89718,44.30949],[-113.89718,44.30922],[-113.89756,44.30922],[-113.89756,44.30896],[-113.89794,44.30896],[-113.89794,44.30815],[-113.89681,44.30815],[-113.89681,44.30788],[-113.89718,44.30788],[-113.89718,44.30761],[-113.89756,44.30761],[-113.89756,44.30734],[-113.89869,44.30734],[-113.89869,44.30707],[-113.89907,44.30707],[-113.89907,44.3068],[-113.89982,44.3068],[-113.89982,44.30626],[-113.9002,44.30626],[-113.9002,44.30599],[-113.90095,44.30599],[-113.90095,44.30572],[-113.90133,44.30572],[-113.90133,44.30545],[-113.9017,44.30545],[-113.9017,44.30518],[-113.90208,44.30518],[-113.90208,44.30464],[-113.90283,44.30437],[-113.90283,44.3041],[-113.90321,44.3041],[-113.90321,44.30384],[-113.90359,44.30384],[-113.90359,44.30357],[-113.90283,44.30357],[-113.90283,44.3033],[-113.90246,44.3033],[-113.90246,44.30357],[-113.90133,44.30357],[-113.90133,44.30384],[-113.90095,44.30384],[-113.90095,44.30437],[-113.9002,44.30437],[-113.9002,44.30464],[-113.89982,44.30464],[-113.89982,44.30437],[-113.89944,44.30437],[-113.89944,44.30464],[-113.89794,44.30464],[-113.89794,44.30384],[-113.89831,44.30384],[-113.89831,44.3033],[-113.89869,44.3033],[-113.89869,44.30276],[-113.89907,44.30276],[-113.89907,44.30249],[-113.89944,44.30249],[-113.89944,44.30222],[-113.90095,44.30195],[-113.90095,44.30168],[-113.90246,44.30168],[-113.90246,44.30141],[-113.90321,44.30141],[-113.90321,44.30114],[-113.90472,44.30087],[-113.90472,44.3006],[-113.90509,44.3006],[-113.90509,44.30033],[-113.90623,44.30033],[-113.90623,44.29952],[-113.9066,44.29952],[-113.9066,44.29898],[-113.90698,44.29898],[-113.90698,44.29871],[-113.90736,44.29871],[-113.90736,44.29845],[-113.90773,44.29845],[-113.90773,44.29791],[-113.90811,44.29791],[-113.90811,44.29575],[-113.90849,44.29575],[-113.90849,44.29494],[-113.90811,44.29494],[-113.90811,44.29413],[-113.90849,44.29413],[-113.90849,44.29306],[-113.90886,44.29306],[-113.90886,44.29171],[-113.90924,44.29171],[-113.90924,44.2909],[-113.90962,44.2909],[-113.90962,44.29036],[-113.90999,44.29036],[-113.90999,44.28982],[-113.91037,44.28982],[-113.91037,44.28928],[-113.91075,44.28928],[-113.91075,44.28901],[-113.91112,44.28901],[-113.91112,44.28874],[-113.91225,44.28874],[-113.91225,44.28928],[-113.91263,44.28928],[-113.91263,44.28955],[-113.91225,44.28955],[-113.91225,44.29036],[-113.91188,44.29036],[-113.91188,44.2909],[-113.9115,44.2909],[-113.9115,44.29117],[-113.91075,44.29117],[-113.91075,44.29144],[-113.90999,44.29171],[-113.90999,44.29306],[-113.91075,44.29306],[-113.91075,44.29359],[-113.91112,44.29359],[-113.91112,44.29413],[-113.9115,44.29413],[-113.9115,44.2944],[-113.91075,44.29467],[-113.91075,44.29548],[-113.91112,44.29548],[-113.91112,44.29575],[-113.91188,44.29575],[-113.91188,44.29629],[-113.91225,44.29629],[-113.91225,44.29656],[-113.91188,44.29656],[-113.91188,44.29683],[-113.91225,44.29683],[-113.91225,44.29818],[-113.9115,44.29845],[-113.9115,44.29979],[-113.91188,44.29979],[-113.91188,44.30141],[-113.9115,44.30141],[-113.9115,44.30168],[-113.91112,44.30168],[-113.91112,44.30195],[-113.90773,44.30195],[-113.90773,44.30168],[-113.90698,44.30141],[-113.90698,44.30087],[-113.9066,44.30087],[-113.9066,44.30168],[-113.90623,44.30168],[-113.90623,44.30195],[-113.90585,44.30195],[-113.90585,44.30222],[-113.90509,44.30222],[-113.90509,44.30249],[-113.90472,44.30249],[-113.90472,44.30303],[-113.90509,44.30303],[-113.90509,44.3033],[-113.90623,44.3033],[-113.90623,44.30303],[-113.90962,44.30303],[-113.90962,44.3033],[-113.91188,44.3033],[-113.91188,44.30357],[-113.91263,44.30357],[-113.91263,44.30384],[-113.91301,44.30384],[-113.91301,44.30437],[-113.91263,44.30437],[-113.91263,44.30464],[-113.91225,44.30464],[-113.91225,44.30491],[-113.91263,44.30491],[-113.91263,44.30518],[-113.91301,44.30518],[-113.91301,44.30572],[-113.91338,44.30572],[-113.91338,44.30976],[-113.91376,44.30976],[-113.91376,44.31057],[-113.91301,44.31057],[-113.91301,44.3103],[-113.91225,44.31003],[-113.91225,44.30949],[-113.91188,44.30949],[-113.91188,44.30896],[-113.91112,44.30869],[-113.91112,44.30815],[-113.91075,44.30815],[-113.91075,44.30788],[-113.90999,44.30761],[-113.90999,44.30734],[-113.90924,44.30707],[-113.90924,44.3068],[-113.90849,44.3068],[-113.90849,44.30653],[-113.90773,44.30626],[-113.90773,44.3068],[-113.90811,44.3068],[-113.90811,44.30788],[-113.90773,44.30788],[-113.90773,44.30842],[-113.90811,44.30842],[-113.90811,44.30896],[-113.90773,44.30896],[-113.90773,44.30922],[-113.90811,44.30922],[-113.90811,44.30976],[-113.90849,44.30976],[-113.90849,44.31138],[-113.90886,44.31138],[-113.90886,44.31273],[-113.90849,44.31273],[-113.90849,44.31246],[-113.90773,44.31246],[-113.90773,44.31219]],[[-113.90208,44.30761],[-113.90208,44.30734],[-113.90246,44.30734],[-113.90246,44.30707],[-113.90208,44.30707],[-113.90208,44.3068],[-113.90133,44.3068],[-113.90133,44.30707],[-113.90057,44.30707],[-113.90057,44.30734],[-113.9002,44.30734],[-113.9002,44.30761],[-113.89982,44.30761],[-113.89982,44.30788],[-113.9002,44.30788],[-113.9002,44.30815],[-113.90133,44.30815],[-113.90133,44.30788],[-113.90208,44.30761]],[[-113.90472,44.30653],[-113.90472,44.30572],[-113.90359,44.30572],[-113.90359,44.30653],[-113.90472,44.30653]],[[-113.91037,44.29467],[-113.91037,44.2944],[-113.90999,44.2944],[-113.90999,44.29467],[-113.91037,44.29467]]],[[[-113.89078,44.32135],[-113.89116,44.32135],[-113.89116,44.32081],[-113.89153,44.32081],[-113.89153,44.32108],[-113.89191,44.32108],[-113.89191,44.32216],[-113.89153,44.32216],[-113.89153,44.32189],[-113.89078,44.32189],[-113.89078,44.32135]]],[[[-113.91903,44.34399],[-113.91828,44.34399],[-113.91828,44.34372],[-113.91866,44.34372],[-113.91866,44.34345],[-113.91828,44.34345],[-113.91828,44.34264],[-113.91866,44.34264],[-113.91866,44.34183],[-113.91941,44.34183],[-113.91941,44.3421],[-113.91979,44.3421],[-113.91979,44.34264],[-113.92054,44.34291],[-113.92054,44.34453],[-113.91979,44.34453],[-113.91979,44.34426],[-113.91903,44.34426],[-113.91903,44.34399]]],[[[-113.91677,44.3448],[-113.91602,44.3448],[-113.91602,44.34453],[-113.91677,44.34453],[-113.91677,44.3448]]],[[[-113.9179,44.34507],[-113.91677,44.34507],[-113.91677,44.3448],[-113.9179,44.3448],[-113.9179,44.34507]]],[[[-113.91979,44.34668],[-113.91941,44.34668],[-113.91941,44.34615],[-113.91903,44.34615],[-113.91903,44.34588],[-113.91866,44.34588],[-113.91866,44.34561],[-113.91828,44.34561],[-113.91828,44.34534],[-113.92016,44.34534],[-113.92016,44.34561],[-113.92092,44.34588],[-113.92092,44.34722],[-113.92054,44.34722],[-113.92054,44.34695],[-113.91979,44.34695],[-113.91979,44.34668]]],[[[-113.91866,44.35261],[-113.91828,44.35261],[-113.91828,44.35234],[-113.91866,44.35234],[-113.91866,44.35261]]],[[[-113.91941,44.35261],[-113.91941,44.35288],[-113.92016,44.35288],[-113.92016,44.35342],[-113.92054,44.35342],[-113.92054,44.35369],[-113.91941,44.35369],[-113.91941,44.35315],[-113.91903,44.35315],[-113.91903,44.35261],[-113.91941,44.35261]]],[[[-113.91753,44.35504],[-113.91753,44.35477],[-113.91828,44.35477],[-113.91828,44.35639],[-113.91753,44.35639],[-113.91753,44.35612],[-113.91715,44.35612],[-113.91715,44.35504],[-113.91753,44.35504]]],[[[-113.88136,44.37256],[-113.87985,44.37256],[-113.87985,44.37229],[-113.88136,44.37229],[-113.88136,44.37256]]],[[[-113.86629,44.30653],[-113.86591,44.30653],[-113.86591,44.30626],[-113.86629,44.30626],[-113.86629,44.30653]]],[[[-113.86629,44.30653],[-113.86704,44.30653],[-113.86704,44.30707],[-113.86667,44.30707],[-113.86667,44.3068],[-113.86629,44.3068],[-113.86629,44.30653]]],[[[-113.86817,44.30815],[-113.86817,44.30788],[-113.86855,44.30788],[-113.86855,44.30815],[-113.86817,44.30815]]],[[[-113.86516,44.31003],[-113.86516,44.30976],[-113.86554,44.30976],[-113.86554,44.31003],[-113.86516,44.31003]]],[[[-113.87496,44.3262],[-113.87458,44.3262],[-113.87458,44.32566],[-113.87496,44.32566],[-113.87496,44.32513],[-113.87533,44.32513],[-113.87533,44.32539],[-113.87646,44.32539],[-113.87646,44.32566],[-113.87684,44.32566],[-113.87684,44.32647],[-113.87722,44.32647],[-113.87722,44.32674],[-113.87571,44.32674],[-113.87571,44.32647],[-113.87496,44.32647],[-113.87496,44.3262]],[[-113.87571,44.32593],[-113.87571,44.32566],[-113.87533,44.32566],[-113.87533,44.32593],[-113.87571,44.32593]]],[[[-113.87872,44.32782],[-113.87797,44.32782],[-113.87797,44.32755],[-113.87872,44.32755],[-113.87872,44.32782]]],[[[-113.88023,44.33213],[-113.87985,44.33213],[-113.87985,44.3324],[-113.88023,44.3324],[-113.88023,44.33348],[-113.88061,44.33348],[-113.88061,44.33375],[-113.88136,44.33375],[-113.88136,44.33348],[-113.88174,44.33348],[-113.88174,44.33321],[-113.88287,44.33321],[-113.88287,44.33294],[-113.88362,44.33294],[-113.88362,44.33267],[-113.884,44.33267],[-113.884,44.33213],[-113.88362,44.33213],[-113.88362,44.33159],[-113.88324,44.33159],[-113.88324,44.33105],[-113.88287,44.33105],[-113.88287,44.33078],[-113.88249,44.33078],[-113.88249,44.33051],[-113.88211,44.33051],[-113.88211,44.32998],[-113.88174,44.32998],[-113.88174,44.32971],[-113.88098,44.32944],[-113.88098,44.32917],[-113.88174,44.32917],[-113.88174,44.32944],[-113.88211,44.32944],[-113.88211,44.32917],[-113.88287,44.32917],[-113.88287,44.32944],[-113.88362,44.32944],[-113.88362,44.32971],[-113.884,44.32971],[-113.884,44.32998],[-113.88437,44.32998],[-113.88437,44.33025],[-113.88513,44.33051],[-113.88513,44.33078],[-113.88588,44.33078],[-113.88588,44.33132],[-113.88626,44.33132],[-113.88626,44.33186],[-113.88663,44.33186],[-113.88663,44.33213],[-113.88701,44.33213],[-113.88701,44.3324],[-113.88814,44.3324],[-113.88814,44.33213],[-113.8889,44.33213],[-113.8889,44.33186],[-113.88965,44.33159],[-113.88965,44.33078],[-113.88927,44.33078],[-113.88927,44.32998],[-113.88777,44.32998],[-113.88777,44.32971],[-113.88701,44.32971],[-113.88701,44.3289],[-113.88739,44.3289],[-113.88739,44.32863],[-113.88777,44.32863],[-113.88777,44.32836],[-113.88814,44.32836],[-113.88814,44.32809],[-113.8889,44.32809],[-113.8889,44.32782],[-113.88927,44.32782],[-113.88927,44.32755],[-113.89003,44.32755],[-113.89003,44.32701],[-113.8904,44.32701],[-113.8904,44.3262],[-113.89003,44.3262],[-113.89003,44.32539],[-113.88927,44.32513],[-113.88927,44.32459],[-113.89003,44.32459],[-113.89003,44.32432],[-113.8904,44.32432],[-113.8904,44.32459],[-113.89078,44.32459],[-113.89078,44.32486],[-113.89229,44.32486],[-113.89229,44.32432],[-113.89266,44.32432],[-113.89266,44.32405],[-113.89229,44.32405],[-113.89229,44.32351],[-113.89191,44.32351],[-113.89191,44.32297],[-113.89153,44.32297],[-113.89153,44.32243],[-113.89191,44.32243],[-113.89191,44.32216],[-113.89266,44.32216],[-113.89266,44.32243],[-113.89342,44.32243],[-113.89342,44.3227],[-113.89417,44.32243],[-113.89417,44.32162],[-113.89379,44.32162],[-113.89379,44.32081],[-113.89342,44.32081],[-113.89342,44.32027],[-113.89266,44.32],[-113.89266,44.31947],[-113.89304,44.31947],[-113.89304,44.3192],[-113.89379,44.3192],[-113.89379,44.31893],[-113.89455,44.31893],[-113.89455,44.31866],[-113.8953,44.31839],[-113.8953,44.31785],[-113.89492,44.31785],[-113.89492,44.31704],[-113.89379,44.31704],[-113.89379,44.31731],[-113.89266,44.31731],[-113.89266,44.31704],[-113.89229,44.31704],[-113.89229,44.31731],[-113.8904,44.31731],[-113.8904,44.31704],[-113.89078,44.31704],[-113.89078,44.31677],[-113.89153,44.3165],[-113.89153,44.31623],[-113.89229,44.31623],[-113.89229,44.31596],[-113.89304,44.31569],[-113.89304,44.31515],[-113.89342,44.31515],[-113.89342,44.31488],[-113.89417,44.31488],[-113.89417,44.31461],[-113.89455,44.31461],[-113.89455,44.31435],[-113.8953,44.31435],[-113.8953,44.31408],[-113.89605,44.31408],[-113.89605,44.31381],[-113.89681,44.31381],[-113.89681,44.31354],[-113.89982,44.31354],[-113.89982,44.31327],[-113.90057,44.31327],[-113.90057,44.313],[-113.9017,44.313],[-113.9017,44.31273],[-113.90208,44.31273],[-113.90208,44.313],[-113.90359,44.313],[-113.90359,44.31327],[-113.90698,44.31327],[-113.90698,44.31354],[-113.90849,44.31381],[-113.90849,44.31408],[-113.90999,44.31435],[-113.90999,44.31461],[-113.91037,44.31461],[-113.91037,44.31488],[-113.91075,44.31488],[-113.91075,44.31381],[-113.91037,44.31381],[-113.91037,44.31354],[-113.90962,44.31327],[-113.90962,44.313],[-113.91075,44.313],[-113.91075,44.31354],[-113.91112,44.31354],[-113.91112,44.31381],[-113.9115,44.31381],[-113.9115,44.31408],[-113.91188,44.31408],[-113.91188,44.31435],[-113.91225,44.31435],[-113.91225,44.31488],[-113.91263,44.31488],[-113.91263,44.31542],[-113.91225,44.31542],[-113.91225,44.31596],[-113.91112,44.31596],[-113.91112,44.31623],[-113.9115,44.31623],[-113.9115,44.31677],[-113.91188,44.31677],[-113.91188,44.31731],[-113.91225,44.31731],[-113.91225,44.31974],[-113.91188,44.31974],[-113.91188,44.32],[-113.91225,44.32],[-113.91225,44.32027],[-113.91263,44.32027],[-113.91263,44.32081],[-113.91301,44.32081],[-113.91301,44.32162],[-113.91338,44.32162],[-113.91338,44.3227],[-113.91301,44.3227],[-113.91301,44.32243],[-113.91188,44.32243],[-113.91188,44.32216],[-113.91037,44.32216],[-113.91037,44.32189],[-113.90924,44.32189],[-113.90924,44.32162],[-113.9066,44.32162],[-113.9066,44.32189],[-113.90623,44.32189],[-113.90623,44.32216],[-113.90585,44.32216],[-113.90585,44.32243],[-113.90547,44.32243],[-113.90547,44.3227],[-113.90133,44.3227],[-113.90133,44.32297],[-113.89907,44.32297],[-113.89907,44.3227],[-113.89831,44.3227],[-113.89831,44.32243],[-113.89756,44.32216],[-113.89756,44.32189],[-113.89681,44.32189],[-113.89681,44.32162],[-113.89643,44.32162],[-113.89643,44.32135],[-113.89568,44.32108],[-113.89568,44.32216],[-113.8953,44.32216],[-113.8953,44.32243],[-113.89455,44.3227],[-113.89455,44.32297],[-113.89417,44.32297],[-113.89417,44.32324],[-113.89455,44.32324],[-113.89455,44.32351],[-113.89643,44.32351],[-113.89643,44.32378],[-113.89831,44.32378],[-113.89831,44.32351],[-113.89869,44.32351],[-113.89869,44.32378],[-113.90095,44.32378],[-113.90095,44.32405],[-113.9017,44.32405],[-113.9017,44.32378],[-113.90321,44.32378],[-113.90321,44.32351],[-113.90585,44.32351],[-113.90585,44.32378],[-113.90773,44.32378],[-113.90773,44.32405],[-113.90849,44.32405],[-113.90849,44.32432],[-113.90962,44.32432],[-113.90962,44.32459],[-113.91112,44.32459],[-113.91112,44.32486],[-113.91188,44.32486],[-113.91188,44.32513],[-113.91301,44.32513],[-113.91301,44.32539],[-113.91376,44.32539],[-113.91376,44.32566],[-113.91414,44.32566],[-113.91414,44.32647],[-113.91376,44.32647],[-113.91376,44.32755],[-113.91338,44.32755],[-113.91338,44.32782],[-113.91301,44.32782],[-113.91301,44.32809],[-113.91376,44.32836],[-113.91376,44.32917],[-113.91414,44.32917],[-113.91414,44.32998],[-113.91451,44.32998],[-113.91451,44.33213],[-113.91414,44.33213],[-113.91414,44.3324],[-113.91451,44.3324],[-113.91451,44.33267],[-113.91414,44.33267],[-113.91414,44.33321],[-113.91376,44.33321],[-113.91376,44.33348],[-113.91225,44.33348],[-113.91225,44.33375],[-113.9115,44.33375],[-113.9115,44.33402],[-113.91188,44.33402],[-113.91188,44.33429],[-113.91225,44.33429],[-113.91225,44.33456],[-113.91489,44.33456],[-113.91489,44.3351],[-113.91527,44.3351],[-113.91527,44.33537],[-113.91489,44.33537],[-113.91489,44.33617],[-113.91451,44.33617],[-113.91451,44.33698],[-113.91414,44.33698],[-113.91414,44.33725],[-113.91451,44.33725],[-113.91451,44.33779],[-113.91489,44.33779],[-113.91489,44.33833],[-113.91602,44.33833],[-113.91602,44.3386],[-113.91564,44.3386],[-113.91564,44.33887],[-113.91602,44.33887],[-113.91602,44.33995],[-113.9164,44.33995],[-113.9164,44.34076],[-113.91602,44.34076],[-113.91602,44.34103],[-113.91677,44.34103],[-113.91677,44.34076],[-113.91715,44.34076],[-113.91715,44.34049],[-113.9179,44.34076],[-113.9179,44.34129],[-113.91753,44.34129],[-113.91753,44.34156],[-113.91715,44.34156],[-113.91715,44.34129],[-113.91564,44.34129],[-113.91564,44.34183],[-113.91527,44.34183],[-113.91527,44.34237],[-113.91489,44.34237],[-113.91489,44.34291],[-113.91451,44.34291],[-113.91451,44.34372],[-113.91489,44.34372],[-113.91489,44.34399],[-113.91527,44.34399],[-113.91527,44.34426],[-113.91602,44.34426],[-113.91602,44.34453],[-113.91414,44.34453],[-113.91414,44.3448],[-113.91376,44.3448],[-113.91376,44.34695],[-113.91414,44.34695],[-113.91414,44.34722],[-113.91489,44.34749],[-113.91489,44.3483],[-113.91414,44.3483],[-113.91414,44.34884],[-113.91376,44.34884],[-113.91376,44.34938],[-113.91338,44.34938],[-113.91338,44.35019],[-113.91376,44.35019],[-113.91376,44.35073],[-113.91451,44.35073],[-113.91451,44.351],[-113.91489,44.351],[-113.91489,44.35127],[-113.91564,44.35127],[-113.91564,44.3518],[-113.91602,44.3518],[-113.91602,44.35207],[-113.91564,44.35207],[-113.91564,44.35315],[-113.91527,44.35315],[-113.91527,44.35369],[-113.91451,44.35396],[-113.91451,44.3545],[-113.91489,44.3545],[-113.91489,44.35477],[-113.91527,44.35477],[-113.91527,44.35531],[-113.91564,44.35531],[-113.91564,44.35612],[-113.91489,44.35639],[-113.91489,44.35746],[-113.91451,44.35746],[-113.91451,44.35962],[-113.91414,44.35962],[-113.91414,44.36124],[-113.91376,44.36124],[-113.91376,44.36232],[-113.91338,44.36232],[-113.91338,44.36312],[-113.91301,44.36312],[-113.91301,44.36447],[-113.91263,44.36447],[-113.91263,44.36528],[-113.91301,44.36528],[-113.91301,44.36744],[-113.91338,44.36744],[-113.91338,44.36824],[-113.91376,44.36824],[-113.91376,44.36878],[-113.91338,44.36878],[-113.91338,44.3704],[-113.91263,44.3704],[-113.91263,44.37067],[-113.91225,44.37067],[-113.91225,44.3704],[-113.91112,44.3704],[-113.91112,44.37229],[-113.91075,44.37229],[-113.91075,44.37283],[-113.90999,44.37309],[-113.90999,44.37471],[-113.90962,44.37471],[-113.90962,44.37498],[-113.90924,44.37498],[-113.90924,44.37525],[-113.90623,44.37525],[-113.90623,44.37579],[-113.90547,44.37606],[-113.90547,44.37714],[-113.90623,44.37714],[-113.90623,44.37741],[-113.90736,44.37741],[-113.90736,44.37768],[-113.90773,44.37768],[-113.90773,44.37848],[-113.90698,44.37848],[-113.90698,44.37875],[-113.90359,44.37875],[-113.90359,44.37902],[-113.90283,44.37929],[-113.90283,44.37956],[-113.90208,44.37956],[-113.90208,44.37983],[-113.90133,44.3801],[-113.90133,44.37983],[-113.90095,44.37983],[-113.90095,44.37929],[-113.90057,44.37929],[-113.90057,44.37875],[-113.9002,44.37875],[-113.9002,44.37741],[-113.89982,44.37741],[-113.89982,44.37687],[-113.89944,44.37687],[-113.89944,44.37633],[-113.89907,44.37633],[-113.89907,44.37579],[-113.89831,44.37552],[-113.89831,44.37498],[-113.89794,44.37498],[-113.89794,44.37471],[-113.89681,44.37471],[-113.89681,44.37444],[-113.89605,44.37444],[-113.89605,44.37471],[-113.89568,44.37471],[-113.89568,44.37498],[-113.8953,44.37498],[-113.8953,44.37525],[-113.89492,44.37525],[-113.89492,44.37552],[-113.89417,44.37552],[-113.89417,44.37579],[-113.89342,44.37579],[-113.89342,44.37606],[-113.89304,44.37606],[-113.89304,44.37687],[-113.89342,44.37687],[-113.89342,44.37795],[-113.89304,44.37795],[-113.89304,44.37848],[-113.89266,44.37848],[-113.89266,44.37822],[-113.89229,44.37822],[-113.89229,44.37768],[-113.89191,44.37768],[-113.89191,44.37714],[-113.89153,44.37714],[-113.89153,44.3766],[-113.89116,44.3766],[-113.89116,44.37633],[-113.89078,44.37633],[-113.89078,44.37606],[-113.8904,44.37606],[-113.8904,44.37633],[-113.89003,44.37633],[-113.89003,44.3766],[-113.88852,44.3766],[-113.88852,44.37579],[-113.88814,44.37579],[-113.88814,44.37525],[-113.88739,44.37525],[-113.88739,44.37498],[-113.88701,44.37498],[-113.88701,44.37444],[-113.88663,44.37444],[-113.88663,44.37417],[-113.88626,44.37417],[-113.88626,44.3739],[-113.88475,44.37363],[-113.88475,44.37336],[-113.88437,44.37336],[-113.88437,44.37283],[-113.884,44.37283],[-113.884,44.37256],[-113.88324,44.37256],[-113.88324,44.37229],[-113.88249,44.37229],[-113.88249,44.37202],[-113.88211,44.37202],[-113.88211,44.37175],[-113.88249,44.37175],[-113.88249,44.37067],[-113.88174,44.37067],[-113.88174,44.3704],[-113.88023,44.37067],[-113.88023,44.3704],[-113.8791,44.3704],[-113.8791,44.37013],[-113.87797,44.37013],[-113.87797,44.3704],[-113.87759,44.3704],[-113.87759,44.37067],[-113.87722,44.37067],[-113.87722,44.37094],[-113.87684,44.37094],[-113.87684,44.37148],[-113.87609,44.37148],[-113.87609,44.37094],[-113.87571,44.37094],[-113.87571,44.37067],[-113.87533,44.37067],[-113.87533,44.37094],[-113.87232,44.37094],[-113.87232,44.37067],[-113.87119,44.37067],[-113.87119,44.3704],[-113.87044,44.3704],[-113.87044,44.37094],[-113.86968,44.37094],[-113.86968,44.37121],[-113.86931,44.37121],[-113.86931,44.37094],[-113.86855,44.37094],[-113.86855,44.37121],[-113.86817,44.37121],[-113.86817,44.37148],[-113.86742,44.37148],[-113.86742,44.37121],[-113.86591,44.37094],[-113.86591,44.37148],[-113.86554,44.37148],[-113.86554,44.37256],[-113.86591,44.37256],[-113.86591,44.37309],[-113.86667,44.37336],[-113.86667,44.3739],[-113.86591,44.3739],[-113.86591,44.37417],[-113.86478,44.37417],[-113.86478,44.3739],[-113.86441,44.3739],[-113.86441,44.37363],[-113.86403,44.37363],[-113.86403,44.37336],[-113.86252,44.37336],[-113.86252,44.37363],[-113.86139,44.37363],[-113.86139,44.3739],[-113.85876,44.3739],[-113.85876,44.37417],[-113.85687,44.37417],[-113.85687,44.37444],[-113.85574,44.37444],[-113.85574,44.37471],[-113.85461,44.37471],[-113.85461,44.37525],[-113.85386,44.37525],[-113.85386,44.37579],[-113.85348,44.37579],[-113.85348,44.37768],[-113.85424,44.37795],[-113.85424,44.37768],[-113.85687,44.37768],[-113.85687,44.37741],[-113.85725,44.37741],[-113.85725,44.37822],[-113.858,44.37848],[-113.858,44.3801],[-113.85537,44.3801],[-113.85537,44.37983],[-113.85499,44.37983],[-113.85499,44.37956],[-113.85424,44.37956],[-113.85424,44.37929],[-113.85311,44.37929],[-113.85311,44.37956],[-113.8516,44.37983],[-113.8516,44.3801],[-113.85009,44.38037],[-113.85009,44.38064],[-113.84821,44.38064],[-113.84821,44.38091],[-113.84745,44.38091],[-113.84745,44.38118],[-113.84595,44.38118],[-113.84595,44.38145],[-113.84519,44.38145],[-113.84519,44.38172],[-113.84293,44.38172],[-113.84293,44.38199],[-113.84218,44.38172],[-113.84218,44.38226],[-113.84143,44.38226],[-113.84143,44.3828],[-113.8403,44.3828],[-113.8403,44.38253],[-113.83992,44.38253],[-113.83992,44.38226],[-113.83954,44.38226],[-113.83954,44.38199],[-113.83917,44.38199],[-113.83917,44.38172],[-113.83766,44.38172],[-113.83766,44.38145],[-113.83314,44.38145],[-113.83314,44.38172],[-113.83239,44.38145],[-113.83239,44.38172],[-113.83201,44.38172],[-113.83201,44.38145],[-113.83125,44.38145],[-113.83125,44.38118],[-113.82975,44.38118],[-113.82975,44.38091],[-113.82899,44.38091],[-113.82899,44.38064],[-113.82786,44.38064],[-113.82786,44.38037],[-113.82673,44.38037],[-113.82673,44.3801],[-113.82598,44.3801],[-113.82598,44.37983],[-113.8256,44.37983],[-113.8256,44.37956],[-113.82523,44.37956],[-113.82523,44.37929],[-113.82447,44.37929],[-113.82447,44.37902],[-113.8241,44.37902],[-113.8241,44.37875],[-113.82372,44.37875],[-113.82372,44.37848],[-113.82334,44.37848],[-113.82334,44.37741],[-113.82297,44.37741],[-113.82297,44.37687],[-113.82221,44.3766],[-113.82221,44.37633],[-113.82146,44.37606],[-113.82146,44.37579],[-113.82071,44.37579],[-113.82071,44.37552],[-113.82033,44.37552],[-113.82033,44.37471],[-113.81995,44.37471],[-113.81995,44.3739],[-113.82071,44.37363],[-113.82071,44.37283],[-113.8192,44.37309],[-113.8192,44.37336],[-113.81694,44.37336],[-113.81694,44.37309],[-113.81543,44.37309],[-113.81543,44.37283],[-113.8143,44.37283],[-113.8143,44.37256],[-113.81355,44.37256],[-113.81355,44.37229],[-113.81317,44.37229],[-113.81317,44.37202],[-113.81279,44.37202],[-113.81279,44.37175],[-113.81242,44.37175],[-113.81242,44.37148],[-113.81166,44.37148],[-113.81166,44.37094],[-113.81091,44.37067],[-113.81091,44.37013],[-113.81016,44.37013],[-113.81016,44.36986],[-113.80978,44.36986],[-113.80978,44.36959],[-113.80865,44.36959],[-113.80865,44.36932],[-113.8079,44.36932],[-113.8079,44.36905],[-113.80714,44.36878],[-113.80714,44.36824],[-113.80639,44.36824],[-113.80639,44.36771],[-113.80564,44.36744],[-113.80564,44.36582],[-113.80526,44.36582],[-113.80526,44.36501],[-113.80488,44.36501],[-113.80488,44.36447],[-113.80413,44.36447],[-113.80413,44.3642],[-113.80375,44.3642],[-113.80375,44.36393],[-113.80338,44.36393],[-113.80338,44.36339],[-113.80262,44.36339],[-113.80262,44.36312],[-113.80187,44.36312],[-113.80187,44.36285],[-113.80112,44.36285],[-113.80112,44.36258],[-113.80036,44.36258],[-113.80036,44.36232],[-113.79961,44.36205],[-113.79961,44.36124],[-113.79923,44.36124],[-113.79923,44.3607],[-113.79848,44.3607],[-113.79848,44.36043],[-113.79735,44.36043],[-113.79735,44.36016],[-113.79697,44.36016],[-113.79697,44.35989],[-113.7966,44.35989],[-113.7966,44.35962],[-113.79622,44.35962],[-113.79622,44.35908],[-113.79547,44.35881],[-113.79547,44.35854],[-113.79509,44.35854],[-113.79509,44.35827],[-113.79471,44.35827],[-113.79471,44.35773],[-113.79509,44.35773],[-113.79509,44.35746],[-113.79547,44.35746],[-113.79547,44.35719],[-113.79584,44.35719],[-113.79584,44.35666],[-113.79433,44.35666],[-113.79433,44.35639],[-113.79245,44.35639],[-113.79245,44.35612],[-113.79207,44.35612],[-113.79207,44.35585],[-113.79094,44.35585],[-113.79094,44.35558],[-113.79019,44.35558],[-113.79019,44.35531],[-113.78981,44.35531],[-113.78981,44.35504],[-113.78944,44.35504],[-113.78944,44.35477],[-113.78868,44.35477],[-113.78868,44.3545],[-113.78793,44.35423],[-113.78793,44.35396],[-113.78718,44.35369],[-113.78718,44.35342],[-113.78642,44.35315],[-113.78642,44.35261],[-113.78605,44.35261],[-113.78605,44.35207],[-113.78567,44.35207],[-113.78567,44.35154],[-113.78529,44.35154],[-113.78529,44.351],[-113.78492,44.351],[-113.78492,44.35046],[-113.78454,44.35046],[-113.78454,44.35019],[-113.78492,44.35019],[-113.78492,44.34884],[-113.78454,44.34884],[-113.78454,44.3448],[-113.78416,44.3448],[-113.78416,44.34156],[-113.78454,44.34156],[-113.78454,44.33995],[-113.78492,44.33995],[-113.78492,44.33887],[-113.78529,44.33887],[-113.78529,44.33779],[-113.78454,44.33752],[-113.78454,44.33564],[-113.78492,44.33564],[-113.78492,44.33375],[-113.78529,44.33375],[-113.78529,44.33105],[-113.78567,44.33105],[-113.78567,44.33051],[-113.78605,44.33051],[-113.78605,44.32998],[-113.78642,44.32998],[-113.78642,44.32917],[-113.7868,44.32917],[-113.7868,44.32782],[-113.78755,44.32755],[-113.78755,44.32674],[-113.78793,44.32674],[-113.78793,44.32566],[-113.78831,44.32566],[-113.78831,44.32513],[-113.78718,44.32513],[-113.78718,44.32566],[-113.78642,44.32566],[-113.78642,44.32593],[-113.78605,44.32593],[-113.78605,44.32647],[-113.78529,44.32647],[-113.78529,44.32674],[-113.78492,44.32674],[-113.78492,44.32701],[-113.78529,44.32701],[-113.78529,44.32782],[-113.78492,44.32782],[-113.78492,44.32809],[-113.78416,44.32836],[-113.78416,44.32863],[-113.78341,44.32836],[-113.78341,44.32728],[-113.78379,44.32728],[-113.78379,44.32647],[-113.78416,44.32647],[-113.78416,44.32593],[-113.78454,44.32593],[-113.78454,44.32566],[-113.78529,44.32539],[-113.78529,44.32513],[-113.78567,44.32513],[-113.78567,44.32459],[-113.78605,44.32459],[-113.78605,44.32405],[-113.78642,44.32405],[-113.78642,44.32351],[-113.7868,44.32351],[-113.7868,44.32243],[-113.78718,44.32243],[-113.78718,44.32189],[-113.78755,44.32189],[-113.78755,44.32135],[-113.78831,44.32108],[-113.78831,44.32054],[-113.78906,44.32027],[-113.78906,44.31812],[-113.78868,44.31812],[-113.78868,44.31758],[-113.78831,44.31758],[-113.78831,44.31677],[-113.78868,44.31677],[-113.78868,44.31623],[-113.78944,44.31623],[-113.78944,44.31569],[-113.78981,44.31569],[-113.78981,44.31515],[-113.79019,44.31515],[-113.79019,44.31461],[-113.79057,44.31461],[-113.79057,44.31435],[-113.79094,44.31435],[-113.79094,44.31408],[-113.79207,44.31408],[-113.79207,44.31354],[-113.79283,44.31354],[-113.79283,44.31246],[-113.79358,44.31246],[-113.79358,44.31219],[-113.79433,44.31192],[-113.79433,44.31165],[-113.79471,44.31165],[-113.79471,44.31138],[-113.79547,44.31138],[-113.79547,44.31111],[-113.79584,44.31111],[-113.79584,44.31084],[-113.7966,44.31084],[-113.7966,44.31165],[-113.79622,44.31165],[-113.79622,44.31192],[-113.79697,44.31192],[-113.79697,44.31138],[-113.79735,44.31138],[-113.79735,44.31057],[-113.7981,44.3103],[-113.7981,44.30976],[-113.79848,44.30976],[-113.79848,44.30949],[-113.79886,44.30949],[-113.79886,44.30869],[-113.79923,44.30869],[-113.79923,44.30815],[-113.79961,44.30815],[-113.79961,44.30761],[-113.79999,44.30761],[-113.79999,44.3068],[-113.80036,44.3068],[-113.80036,44.30599],[-113.80074,44.30599],[-113.80074,44.30491],[-113.80112,44.30491],[-113.80112,44.30384],[-113.80149,44.30384],[-113.80149,44.30222],[-113.80187,44.30222],[-113.80187,44.30141],[-113.80225,44.30141],[-113.80225,44.29952],[-113.80262,44.29952],[-113.80262,44.29871],[-113.80338,44.29871],[-113.80338,44.29791],[-113.80413,44.29791],[-113.80413,44.29764],[-113.80375,44.29764],[-113.80375,44.29737],[-113.80413,44.29737],[-113.80413,44.29683],[-113.80451,44.29683],[-113.80451,44.29629],[-113.80488,44.29629],[-113.80488,44.29602],[-113.80451,44.29602],[-113.80451,44.29575],[-113.80488,44.29575],[-113.80488,44.29548],[-113.80451,44.29548],[-113.80451,44.29521],[-113.80601,44.29521],[-113.80601,44.29575],[-113.80639,44.29575],[-113.80639,44.29494],[-113.80601,44.29494],[-113.80601,44.29467],[-113.80639,44.29467],[-113.80639,44.2944],[-113.80564,44.2944],[-113.80564,44.29252],[-113.80639,44.29252],[-113.80639,44.29225],[-113.80677,44.29225],[-113.80677,44.29252],[-113.8079,44.29252],[-113.8079,44.29279],[-113.80752,44.29279],[-113.80752,44.29306],[-113.80677,44.29332],[-113.80677,44.29413],[-113.80714,44.29413],[-113.80714,44.2944],[-113.80827,44.2944],[-113.80827,44.29467],[-113.80752,44.29467],[-113.80752,44.29494],[-113.80714,44.29494],[-113.80714,44.29629],[-113.80752,44.29629],[-113.80752,44.29845],[-113.8079,44.29845],[-113.8079,44.29898],[-113.80827,44.29898],[-113.80827,44.29925],[-113.80903,44.29952],[-113.80903,44.29979],[-113.8094,44.29979],[-113.8094,44.30033],[-113.81016,44.30033],[-113.81016,44.3006],[-113.81053,44.3006],[-113.81053,44.30087],[-113.81166,44.30087],[-113.81166,44.3006],[-113.81204,44.3006],[-113.81204,44.30006],[-113.81242,44.30006],[-113.81242,44.29979],[-113.81317,44.29952],[-113.81317,44.29925],[-113.81355,44.29925],[-113.81355,44.29871],[-113.81393,44.29871],[-113.81393,44.29845],[-113.81355,44.29845],[-113.81355,44.2971],[-113.81506,44.2971],[-113.81506,44.29818],[-113.81543,44.29818],[-113.81543,44.29845],[-113.81581,44.29845],[-113.81581,44.29871],[-113.81656,44.29871],[-113.81656,44.29845],[-113.81732,44.29818],[-113.81732,44.29791],[-113.81845,44.29791],[-113.81845,44.29818],[-113.8192,44.29845],[-113.8192,44.29871],[-113.82071,44.29871],[-113.82071,44.30006],[-113.81995,44.30006],[-113.81995,44.30114],[-113.81845,44.30114],[-113.81845,44.30222],[-113.81882,44.30222],[-113.81882,44.30249],[-113.81958,44.30249],[-113.81958,44.30276],[-113.81995,44.30276],[-113.81995,44.30303],[-113.82146,44.30303],[-113.82146,44.30276],[-113.82221,44.30276],[-113.82221,44.30249],[-113.82259,44.30249],[-113.82259,44.30195],[-113.82297,44.30195],[-113.82297,44.30168],[-113.82372,44.30141],[-113.82372,44.30114],[-113.82485,44.30114],[-113.82485,44.30141],[-113.82523,44.30141],[-113.82523,44.30168],[-113.82485,44.30168],[-113.82485,44.30222],[-113.82523,44.30222],[-113.82523,44.30249],[-113.82598,44.30249],[-113.82598,44.30222],[-113.82749,44.30222],[-113.82749,44.30249],[-113.82786,44.30249],[-113.82786,44.30276],[-113.82862,44.30276],[-113.82862,44.30249],[-113.83012,44.30249],[-113.83012,44.30437],[-113.82975,44.30437],[-113.82975,44.30518],[-113.83012,44.30518],[-113.83012,44.30545],[-113.8305,44.30545],[-113.8305,44.30572],[-113.83088,44.30572],[-113.83088,44.30599],[-113.83125,44.30599],[-113.83125,44.30626],[-113.83239,44.30626],[-113.83239,44.30572],[-113.83314,44.30545],[-113.83314,44.30491],[-113.83389,44.30464],[-113.83389,44.3041],[-113.83465,44.3041],[-113.83465,44.30491],[-113.83427,44.30491],[-113.83427,44.30545],[-113.83502,44.30545],[-113.83502,44.30572],[-113.83653,44.30599],[-113.83653,44.30626],[-113.83841,44.30626],[-113.83841,44.30599],[-113.83917,44.30599],[-113.83917,44.30572],[-113.83992,44.30545],[-113.83992,44.30491],[-113.84067,44.30464],[-113.84067,44.30437],[-113.84143,44.30437],[-113.84143,44.3041],[-113.8418,44.3041],[-113.8418,44.30384],[-113.84256,44.30384],[-113.84256,44.30357],[-113.84331,44.30357],[-113.84331,44.30384],[-113.84369,44.30384],[-113.84369,44.30357],[-113.84444,44.30357],[-113.84444,44.30384],[-113.84482,44.30384],[-113.84482,44.3041],[-113.84519,44.3041],[-113.84519,44.30437],[-113.84557,44.30437],[-113.84557,44.30464],[-113.84519,44.30464],[-113.84519,44.30491],[-113.84595,44.30518],[-113.84595,44.30599],[-113.8467,44.30626],[-113.8467,44.30599],[-113.84745,44.30572],[-113.84745,44.30545],[-113.8467,44.30545],[-113.8467,44.30437],[-113.84745,44.3041],[-113.84745,44.30357],[-113.84858,44.30357],[-113.84858,44.30384],[-113.84896,44.30384],[-113.84896,44.30357],[-113.84971,44.3033],[-113.84971,44.30303],[-113.85047,44.30303],[-113.85047,44.30276],[-113.85122,44.30249],[-113.85122,44.30222],[-113.8516,44.30222],[-113.8516,44.30249],[-113.85235,44.30222],[-113.85235,44.30249],[-113.85273,44.30249],[-113.85273,44.30276],[-113.85235,44.30276],[-113.85235,44.3041],[-113.85273,44.3041],[-113.85273,44.30437],[-113.85424,44.30437],[-113.85424,44.30464],[-113.85461,44.30464],[-113.85461,44.30518],[-113.85499,44.30518],[-113.85499,44.30572],[-113.85574,44.30572],[-113.85574,44.30599],[-113.86026,44.30599],[-113.86026,44.30572],[-113.86064,44.30572],[-113.86064,44.30599],[-113.86139,44.30599],[-113.86139,44.30626],[-113.86215,44.30653],[-113.86215,44.30707],[-113.86365,44.30707],[-113.86365,44.3068],[-113.86516,44.30707],[-113.86516,44.3068],[-113.86629,44.3068],[-113.86629,44.30707],[-113.86667,44.30707],[-113.86667,44.30734],[-113.86817,44.30734],[-113.86817,44.30788],[-113.86704,44.30788],[-113.86704,44.30761],[-113.86667,44.30761],[-113.86667,44.30842],[-113.86629,44.30842],[-113.86629,44.30869],[-113.86591,44.30869],[-113.86591,44.30896],[-113.86554,44.30896],[-113.86554,44.30922],[-113.86516,44.30922],[-113.86516,44.30949],[-113.86478,44.30949],[-113.86478,44.31003],[-113.86516,44.31003],[-113.86516,44.3103],[-113.86478,44.3103],[-113.86478,44.31057],[-113.86629,44.3103],[-113.86629,44.31057],[-113.86667,44.31057],[-113.86667,44.31084],[-113.86742,44.31084],[-113.86742,44.31111],[-113.8678,44.31111],[-113.8678,44.31084],[-113.86817,44.31084],[-113.86817,44.31057],[-113.86855,44.31057],[-113.86855,44.31084],[-113.86931,44.31084],[-113.86931,44.31111],[-113.87006,44.31111],[-113.87006,44.31138],[-113.87044,44.31138],[-113.87044,44.31165],[-113.87081,44.31165],[-113.87081,44.31138],[-113.87157,44.31165],[-113.87157,44.31219],[-113.87119,44.31219],[-113.87119,44.31273],[-113.87157,44.31273],[-113.87157,44.313],[-113.86968,44.313],[-113.86968,44.31327],[-113.86893,44.31327],[-113.86893,44.31354],[-113.86855,44.31354],[-113.86855,44.31435],[-113.87044,44.31435],[-113.87044,44.31461],[-113.87081,44.31461],[-113.87081,44.31515],[-113.87119,44.31515],[-113.87119,44.31569],[-113.87157,44.31569],[-113.87157,44.31623],[-113.87194,44.31623],[-113.87194,44.31677],[-113.8727,44.31704],[-113.8727,44.31785],[-113.87307,44.31785],[-113.87307,44.31866],[-113.87345,44.31866],[-113.87345,44.31893],[-113.87307,44.31893],[-113.87307,44.3192],[-113.8727,44.3192],[-113.8727,44.31974],[-113.87232,44.31974],[-113.87232,44.32162],[-113.8727,44.32162],[-113.8727,44.32216],[-113.87307,44.32216],[-113.87307,44.32297],[-113.87194,44.32297],[-113.87194,44.32405],[-113.87157,44.32405],[-113.87157,44.32459],[-113.87119,44.32459],[-113.87119,44.32513],[-113.87044,44.32513],[-113.87044,44.32539],[-113.87006,44.32539],[-113.87006,44.32566],[-113.87232,44.32593],[-113.87232,44.3262],[-113.8727,44.3262],[-113.8727,44.32728],[-113.87232,44.32728],[-113.87232,44.32755],[-113.8727,44.32755],[-113.8727,44.32782],[-113.87232,44.32782],[-113.87232,44.32809],[-113.87307,44.32836],[-113.87307,44.32863],[-113.87609,44.3289],[-113.87609,44.32917],[-113.87684,44.32944],[-113.87684,44.32971],[-113.87759,44.32971],[-113.87759,44.33025],[-113.87835,44.33051],[-113.87835,44.33105],[-113.8791,44.33105],[-113.8791,44.33132],[-113.87948,44.33132],[-113.87948,44.33159],[-113.87985,44.33159],[-113.87985,44.33186],[-113.88023,44.33186],[-113.88023,44.33213]],[[-113.80677,44.2944],[-113.80677,44.29467],[-113.80714,44.29467],[-113.80714,44.2944],[-113.80677,44.2944]],[[-113.84482,44.30491],[-113.84482,44.30572],[-113.84519,44.30572],[-113.84519,44.30491],[-113.84482,44.30491]],[[-113.84444,44.30572],[-113.84444,44.30599],[-113.84482,44.30599],[-113.84482,44.30572],[-113.84444,44.30572]],[[-113.84595,44.30626],[-113.84595,44.30653],[-113.84632,44.30653],[-113.84632,44.30626],[-113.84595,44.30626]],[[-113.84557,44.30653],[-113.84557,44.3068],[-113.84595,44.3068],[-113.84595,44.30653],[-113.84557,44.30653]],[[-113.86931,44.32566],[-113.86931,44.32539],[-113.86817,44.32539],[-113.86817,44.32513],[-113.86742,44.32513],[-113.86742,44.32539],[-113.86704,44.32539],[-113.86704,44.32593],[-113.87006,44.32593],[-113.87006,44.32566],[-113.86931,44.32566]],[[-113.8791,44.33159],[-113.8791,44.33186],[-113.87948,44.33186],[-113.87948,44.33159],[-113.8791,44.33159]],[[-113.87797,44.33186],[-113.87797,44.33213],[-113.87759,44.33213],[-113.87759,44.3324],[-113.87948,44.3324],[-113.87948,44.33213],[-113.8791,44.33213],[-113.8791,44.33186],[-113.87797,44.33186]],[[-113.89153,44.37498],[-113.89153,44.37444],[-113.89191,44.37444],[-113.89191,44.37363],[-113.89229,44.37363],[-113.89229,44.37309],[-113.89266,44.37309],[-113.89266,44.37283],[-113.89379,44.37283],[-113.89379,44.37256],[-113.89455,44.37229],[-113.89455,44.37202],[-113.8953,44.37175],[-113.8953,44.37121],[-113.89417,44.37121],[-113.89417,44.37148],[-113.89342,44.37148],[-113.89342,44.37175],[-113.89266,44.37175],[-113.89266,44.37148],[-113.89191,44.37148],[-113.89191,44.37121],[-113.89003,44.37121],[-113.89003,44.37094],[-113.88965,44.37094],[-113.88965,44.3704],[-113.88927,44.3704],[-113.88927,44.37013],[-113.88814,44.37013],[-113.88814,44.36986],[-113.88777,44.36986],[-113.88777,44.36932],[-113.88739,44.36932],[-113.88739,44.36878],[-113.88626,44.36878],[-113.88626,44.36905],[-113.88588,44.36905],[-113.88588,44.36959],[-113.88626,44.36959],[-113.88626,44.36986],[-113.88663,44.36986],[-113.88663,44.37013],[-113.88701,44.37013],[-113.88701,44.3704],[-113.88663,44.3704],[-113.88663,44.37148],[-113.88626,44.37148],[-113.88626,44.37229],[-113.88663,44.37229],[-113.88663,44.37256],[-113.88777,44.37256],[-113.88777,44.37283],[-113.8889,44.37283],[-113.8889,44.37309],[-113.88965,44.37336],[-113.88965,44.37417],[-113.89003,44.37417],[-113.89003,44.37471],[-113.88965,44.37471],[-113.88965,44.37498],[-113.89003,44.37498],[-113.89003,44.37552],[-113.89078,44.37552],[-113.89078,44.37525],[-113.89116,44.37525],[-113.89116,44.37498],[-113.89153,44.37498]],[[-113.86252,44.37013],[-113.86252,44.36986],[-113.86328,44.36986],[-113.86328,44.36959],[-113.86365,44.36959],[-113.86365,44.36932],[-113.86403,44.36932],[-113.86403,44.36905],[-113.86441,44.36905],[-113.86441,44.36878],[-113.86591,44.36851],[-113.86591,44.36797],[-113.86629,44.36797],[-113.86629,44.36744],[-113.8678,44.36744],[-113.8678,44.36717],[-113.86855,44.3669],[-113.86855,44.36636],[-113.86893,44.36636],[-113.86893,44.36609],[-113.87044,44.36582],[-113.87044,44.36555],[-113.87119,44.36555],[-113.87119,44.36528],[-113.87194,44.36501],[-113.87194,44.36447],[-113.87119,44.3642],[-113.87119,44.36366],[-113.87081,44.36366],[-113.87081,44.36312],[-113.87194,44.36312],[-113.87194,44.36285],[-113.87232,44.36285],[-113.87232,44.36178],[-113.87194,44.36178],[-113.87194,44.36124],[-113.87157,44.36124],[-113.87157,44.36151],[-113.87119,44.36151],[-113.87119,44.36178],[-113.87081,44.36178],[-113.87081,44.36205],[-113.87044,44.36205],[-113.87044,44.36232],[-113.86968,44.36232],[-113.86968,44.36258],[-113.86931,44.36258],[-113.86931,44.36232],[-113.86855,44.36205],[-113.86855,44.36178],[-113.8678,44.36178],[-113.8678,44.36232],[-113.86742,44.36232],[-113.86742,44.36258],[-113.86704,44.36258],[-113.86704,44.36285],[-113.86629,44.36285],[-113.86629,44.36312],[-113.86591,44.36312],[-113.86591,44.36339],[-113.86441,44.36339],[-113.86441,44.36366],[-113.86403,44.36366],[-113.86403,44.36393],[-113.86365,44.36393],[-113.86365,44.3642],[-113.86328,44.3642],[-113.86328,44.36447],[-113.86215,44.36447],[-113.86215,44.36474],[-113.86177,44.36474],[-113.86177,44.36501],[-113.86102,44.36501],[-113.86102,44.36528],[-113.86064,44.36528],[-113.86064,44.36555],[-113.85989,44.36555],[-113.85989,44.36582],[-113.85913,44.36609],[-113.85913,44.36744],[-113.85989,44.36744],[-113.85989,44.36959],[-113.86026,44.36959],[-113.86026,44.37013],[-113.86064,44.37013],[-113.86064,44.37067],[-113.86139,44.37067],[-113.86139,44.3704],[-113.86215,44.3704],[-113.86215,44.37013],[-113.86252,44.37013]],[[-113.90999,44.36878],[-113.90999,44.36851],[-113.90811,44.36851],[-113.90811,44.36905],[-113.90773,44.36905],[-113.90773,44.36932],[-113.90736,44.36932],[-113.90736,44.36959],[-113.90849,44.36959],[-113.90849,44.36905],[-113.90962,44.36905],[-113.90962,44.36878],[-113.90999,44.36878]],[[-113.86931,44.35827],[-113.86931,44.358],[-113.86893,44.358],[-113.86893,44.35827],[-113.86931,44.35827]],[[-113.86742,44.35639],[-113.86742,44.35504],[-113.86704,44.35504],[-113.86704,44.35477],[-113.86667,44.35477],[-113.86667,44.35504],[-113.86591,44.35504],[-113.86591,44.35612],[-113.86629,44.35612],[-113.86629,44.35666],[-113.86667,44.35666],[-113.86667,44.35693],[-113.86742,44.35693],[-113.86742,44.35666],[-113.8678,44.35666],[-113.8678,44.35639],[-113.86742,44.35639]],[[-113.87157,44.34129],[-113.87157,44.34103],[-113.87232,44.34076],[-113.87232,44.34049],[-113.87307,44.34049],[-113.87307,44.34022],[-113.87383,44.34022],[-113.87383,44.33995],[-113.87496,44.33995],[-113.87496,44.33968],[-113.87533,44.33968],[-113.87533,44.33941],[-113.87496,44.33941],[-113.87496,44.33914],[-113.87383,44.33914],[-113.87383,44.33887],[-113.8727,44.33887],[-113.8727,44.33914],[-113.87194,44.33914],[-113.87194,44.33941],[-113.87157,44.33941],[-113.87157,44.33968],[-113.87081,44.33968],[-113.87081,44.33995],[-113.87006,44.34022],[-113.87006,44.34049],[-113.86968,44.34049],[-113.86968,44.34103],[-113.86931,44.34103],[-113.86931,44.34183],[-113.87006,44.34183],[-113.87006,44.34156],[-113.87157,44.34129]],[[-113.88324,44.34076],[-113.88324,44.34022],[-113.88211,44.34022],[-113.88211,44.33995],[-113.88136,44.33995],[-113.88136,44.33968],[-113.88061,44.33941],[-113.88061,44.33914],[-113.87948,44.33914],[-113.87948,44.33968],[-113.87985,44.33968],[-113.87985,44.34022],[-113.88023,44.34022],[-113.88023,44.34076],[-113.88061,44.34076],[-113.88061,44.34103],[-113.88098,44.34103],[-113.88098,44.34129],[-113.88211,44.34129],[-113.88211,44.34103],[-113.88287,44.34103],[-113.88287,44.34076],[-113.88324,44.34076]],[[-113.83201,44.33752],[-113.83201,44.33725],[-113.83163,44.33725],[-113.83163,44.33752],[-113.83201,44.33752]],[[-113.83239,44.33429],[-113.83239,44.33402],[-113.83201,44.33402],[-113.83201,44.33429],[-113.83239,44.33429]],[[-113.87458,44.33348],[-113.87458,44.33321],[-113.8742,44.33321],[-113.8742,44.33348],[-113.87458,44.33348]],[[-113.83201,44.33321],[-113.83201,44.33294],[-113.83163,44.33294],[-113.83163,44.33321],[-113.83201,44.33321]],[[-113.89756,44.32998],[-113.89756,44.32971],[-113.89718,44.32971],[-113.89718,44.32998],[-113.89756,44.32998]],[[-113.86742,44.32944],[-113.86742,44.32917],[-113.86704,44.32917],[-113.86704,44.32944],[-113.86742,44.32944]],[[-113.89492,44.32782],[-113.89492,44.32728],[-113.89379,44.32728],[-113.89379,44.32782],[-113.89492,44.32782]],[[-113.82334,44.32674],[-113.82334,44.32647],[-113.82297,44.32647],[-113.82297,44.32674],[-113.82334,44.32674]],[[-113.79471,44.31542],[-113.79471,44.31515],[-113.79509,44.31515],[-113.79509,44.31408],[-113.79471,44.31408],[-113.79471,44.31435],[-113.79433,44.31435],[-113.79433,44.31461],[-113.79396,44.31461],[-113.79396,44.31542],[-113.79358,44.31542],[-113.79358,44.31596],[-113.79433,44.31569],[-113.79433,44.31542],[-113.79471,44.31542]],[[-113.79207,44.31461],[-113.79207,44.31435],[-113.7917,44.31435],[-113.7917,44.31461],[-113.79207,44.31461]],[[-113.86365,44.31084],[-113.86365,44.31057],[-113.86328,44.31057],[-113.86328,44.31084],[-113.86365,44.31084]],[[-113.86441,44.3103],[-113.86441,44.31003],[-113.86403,44.31003],[-113.86403,44.3103],[-113.86441,44.3103]],[[-113.81317,44.30195],[-113.81317,44.30087],[-113.81242,44.30087],[-113.81242,44.30195],[-113.81317,44.30195]],[[-113.81769,44.30087],[-113.81769,44.3006],[-113.81732,44.3006],[-113.81732,44.30033],[-113.81656,44.30033],[-113.81656,44.30006],[-113.81619,44.30006],[-113.81619,44.30114],[-113.81543,44.30114],[-113.81543,44.30141],[-113.81694,44.30141],[-113.81694,44.30114],[-113.81769,44.30087]]],[[[-113.87345,44.37202],[-113.87345,44.37175],[-113.8742,44.37175],[-113.8742,44.37202],[-113.87345,44.37202]]],[[[-113.85876,44.37741],[-113.85876,44.37687],[-113.85989,44.37687],[-113.85989,44.37741],[-113.85876,44.37741]]]]},"properties":{"layer":"predicted_reach_h23","fire_name":"Doublesprings","irwin_id":"{960C064B-1764-4834-BD28-90FB69A4AB4A}","model":"arrival_run","checkpoint_epoch":216,"decode":"connected_causal","operating_point":{"floor":0.0,"mult":0.9},"val_precision":null,"val_recall":null,"model_caveat":"arrival_run chosen for best RECALL among the six FlameFlux v3 candidates on the production-valid t0-window corpus (R=0.624 on the fc2 held-out fires, R=0.432 on Dillon -- see candidate_comparison.md from the 2026-07-24 comparison). It does NOT meet the project's P>=0.50/R>=0.80 target: precision is the WORST of the six (P=0.120 on fc2 -- most flagged growth is wrong), and wind_run actually edges it on F1. IMPORTANT CAVEAT: arrival_run trained on the leaky 'observed' corpus (crop centered/sized on t0|t1, i.e. it saw the future perimeter's geometry during training) and has NEVER seen a t0-window crop -- the ONLY geometry this live pipeline can ever produce at forecast time (the future perimeter is, by definition, unknown). So every live prediction from this model is out-of-distribution relative to its own training. The measured t0-window numbers above already reflect that (they are not a surprise), but this is 'best available', not 'production-ready' -- represent it that way. The operating_point (floor=0.0, mult=0.9) is the VAL-selected connected-causal decode point; it did NOT clear the 0.50 precision floor during selection (feasible=False, val P=0.270/R=0.259) -- it's the best-F1 fallback point, not a precision-guaranteed one.","issued_at_utc":"2026-08-05 02:36:31.645281+00:00","valid_from_utc":"2026-08-05 00:00:00","valid_to_utc":"2026-08-06 00:00:00","wfigs_date_current_utc":"2026-08-05 02:05:06+00:00","pixel_size_m":30,"veg_source":"refreshed_d4","physics_source":"eikonal_fbfm40","history_n_dates":1,"degraded_history":true,"containment_pct":0.0,"acres_wfigs":1021.012899130312,"hour":23,"valid_at_utc":"2026-08-05 23:00:00"}},{"type":"Feature","geometry":{"type":"MultiPolygon","coordinates":[[[[-113.86591,44.30626],[-113.86629,44.30626],[-113.86629,44.30653],[-113.86591,44.30653],[-113.86591,44.30626]]],[[[-113.86704,44.30707],[-113.86667,44.30707],[-113.86667,44.3068],[-113.86629,44.3068],[-113.86629,44.30653],[-113.86704,44.30653],[-113.86704,44.30707]]],[[[-113.86855,44.30815],[-113.86817,44.30815],[-113.86817,44.30788],[-113.86855,44.30788],[-113.86855,44.30815]]],[[[-113.86554,44.31003],[-113.86516,44.31003],[-113.86516,44.30976],[-113.86554,44.30976],[-113.86554,44.31003]]],[[[-113.86478,44.31057],[-113.86629,44.3103],[-113.86629,44.31057],[-113.86667,44.31057],[-113.86667,44.31084],[-113.86742,44.31084],[-113.86742,44.31111],[-113.8678,44.31111],[-113.8678,44.31084],[-113.86817,44.31084],[-113.86817,44.31057],[-113.86855,44.31057],[-113.86855,44.31084],[-113.86931,44.31084],[-113.86931,44.31111],[-113.87006,44.31111],[-113.87006,44.31138],[-113.87044,44.31138],[-113.87044,44.31165],[-113.87081,44.31165],[-113.87081,44.31138],[-113.87157,44.31165],[-113.87157,44.31219],[-113.87119,44.31219],[-113.87119,44.31273],[-113.87157,44.31273],[-113.87157,44.313],[-113.86968,44.313],[-113.86968,44.31327],[-113.86893,44.31327],[-113.86893,44.31354],[-113.86855,44.31354],[-113.86855,44.31435],[-113.87044,44.31435],[-113.87044,44.31461],[-113.87081,44.31461],[-113.87081,44.31515],[-113.87119,44.31515],[-113.87119,44.31569],[-113.87157,44.31569],[-113.87157,44.31623],[-113.87194,44.31623],[-113.87194,44.31677],[-113.8727,44.31704],[-113.8727,44.31785],[-113.87307,44.31785],[-113.87307,44.31866],[-113.87345,44.31866],[-113.87345,44.31893],[-113.87307,44.31893],[-113.87307,44.3192],[-113.8727,44.3192],[-113.8727,44.32108],[-113.87307,44.32108],[-113.87307,44.32189],[-113.87345,44.32189],[-113.87345,44.32243],[-113.87383,44.32243],[-113.87383,44.32297],[-113.8742,44.32297],[-113.8742,44.32351],[-113.87458,44.32351],[-113.87458,44.32405],[-113.87496,44.32405],[-113.87496,44.32432],[-113.87571,44.32459],[-113.87571,44.32486],[-113.87684,44.32486],[-113.87684,44.32432],[-113.87722,44.32432],[-113.87722,44.32351],[-113.87797,44.32351],[-113.87797,44.32378],[-113.87835,44.32378],[-113.87835,44.32432],[-113.87872,44.32432],[-113.87872,44.32459],[-113.87835,44.32459],[-113.87835,44.32513],[-113.87797,44.32513],[-113.87797,44.32593],[-113.87835,44.32593],[-113.87835,44.32647],[-113.87872,44.32647],[-113.87872,44.32674],[-113.87948,44.32701],[-113.87948,44.32755],[-113.87985,44.32755],[-113.87985,44.32782],[-113.88061,44.32782],[-113.88061,44.32809],[-113.88211,44.32809],[-113.88211,44.32836],[-113.88362,44.32863],[-113.88362,44.3289],[-113.884,44.3289],[-113.884,44.32917],[-113.88475,44.32944],[-113.88475,44.32971],[-113.88513,44.32971],[-113.88513,44.32998],[-113.88626,44.32998],[-113.88626,44.32971],[-113.88663,44.32971],[-113.88663,44.32917],[-113.88626,44.32917],[-113.88626,44.32782],[-113.88701,44.32782],[-113.88701,44.32809],[-113.88814,44.32809],[-113.88814,44.32782],[-113.8889,44.32755],[-113.8889,44.32728],[-113.88965,44.32701],[-113.88965,44.32674],[-113.89003,44.32674],[-113.89003,44.32539],[-113.88927,44.32513],[-113.88927,44.32405],[-113.88965,44.32405],[-113.88965,44.32378],[-113.89078,44.32378],[-113.89078,44.3227],[-113.89003,44.32243],[-113.89003,44.32135],[-113.88965,44.32135],[-113.88965,44.32081],[-113.88927,44.32081],[-113.88927,44.32054],[-113.89003,44.32054],[-113.89003,44.32081],[-113.89153,44.32081],[-113.89153,44.32108],[-113.89191,44.32108],[-113.89191,44.32216],[-113.89266,44.32216],[-113.89266,44.32243],[-113.89342,44.32243],[-113.89342,44.3227],[-113.89417,44.32243],[-113.89417,44.32162],[-113.89379,44.32162],[-113.89379,44.32081],[-113.89342,44.32081],[-113.89342,44.32027],[-113.89266,44.32],[-113.89266,44.31947],[-113.89304,44.31947],[-113.89304,44.3192],[-113.89379,44.3192],[-113.89379,44.31893],[-113.89455,44.31893],[-113.89455,44.31866],[-113.8953,44.31839],[-113.8953,44.31785],[-113.89492,44.31785],[-113.89492,44.31704],[-113.89379,44.31704],[-113.89379,44.31731],[-113.89266,44.31731],[-113.89266,44.31704],[-113.89229,44.31704],[-113.89229,44.31731],[-113.8904,44.31731],[-113.8904,44.31677],[-113.89078,44.31677],[-113.89078,44.3165],[-113.89116,44.3165],[-113.89116,44.31623],[-113.89191,44.31623],[-113.89191,44.31596],[-113.89266,44.31569],[-113.89266,44.31542],[-113.89304,44.31542],[-113.89304,44.31488],[-113.89342,44.31488],[-113.89342,44.31461],[-113.89417,44.31461],[-113.89417,44.31435],[-113.89492,44.31435],[-113.89492,44.31408],[-113.89568,44.31408],[-113.89568,44.31381],[-113.89643,44.31381],[-113.89643,44.31354],[-113.89794,44.31354],[-113.89794,44.31327],[-113.9002,44.31327],[-113.9002,44.313],[-113.90095,44.313],[-113.90095,44.31273],[-113.90283,44.31273],[-113.90283,44.313],[-113.90396,44.313],[-113.90396,44.31327],[-113.90698,44.31327],[-113.90698,44.31354],[-113.90773,44.31354],[-113.90773,44.31381],[-113.90849,44.31381],[-113.90849,44.31408],[-113.90924,44.31408],[-113.90924,44.31435],[-113.90999,44.31435],[-113.90999,44.31461],[-113.91075,44.31488],[-113.91075,44.31381],[-113.91037,44.31381],[-113.91037,44.31354],[-113.90999,44.31354],[-113.90999,44.31327],[-113.90962,44.31327],[-113.90962,44.31273],[-113.90849,44.31273],[-113.90849,44.31246],[-113.90773,44.31246],[-113.90773,44.31219],[-113.90133,44.31219],[-113.90133,44.31246],[-113.9002,44.31246],[-113.9002,44.31273],[-113.89944,44.31273],[-113.89944,44.31246],[-113.89794,44.31246],[-113.89794,44.31219],[-113.89681,44.31219],[-113.89681,44.31246],[-113.8953,44.31246],[-113.8953,44.31219],[-113.89492,44.31219],[-113.89492,44.31165],[-113.8953,44.31165],[-113.8953,44.31084],[-113.89568,44.31084],[-113.89568,44.3103],[-113.89605,44.3103],[-113.89605,44.31003],[-113.89643,44.31003],[-113.89643,44.30976],[-113.89681,44.30976],[-113.89681,44.30949],[-113.89718,44.30949],[-113.89718,44.30922],[-113.89756,44.30922],[-113.89756,44.30896],[-113.89794,44.30896],[-113.89794,44.30815],[-113.89681,44.30815],[-113.89681,44.30734],[-113.89718,44.30734],[-113.89718,44.30707],[-113.89831,44.30707],[-113.89831,44.3068],[-113.89907,44.30653],[-113.89907,44.30599],[-113.89944,44.30599],[-113.89944,44.30572],[-113.89907,44.30572],[-113.89907,44.30545],[-113.89831,44.30545],[-113.89831,44.30572],[-113.89756,44.30572],[-113.89756,44.30545],[-113.89718,44.30545],[-113.89718,44.30491],[-113.89681,44.30491],[-113.89681,44.30384],[-113.89643,44.30384],[-113.89643,44.30357],[-113.89681,44.30357],[-113.89681,44.3033],[-113.89756,44.3033],[-113.89756,44.30303],[-113.89831,44.30276],[-113.89831,44.30249],[-113.89907,44.30222],[-113.89907,44.30195],[-113.89982,44.30195],[-113.89982,44.30168],[-113.90133,44.30141],[-113.90133,44.30114],[-113.90246,44.30114],[-113.90246,44.30087],[-113.90396,44.30087],[-113.90396,44.3006],[-113.90547,44.30033],[-113.90547,44.30006],[-113.90623,44.30006],[-113.90623,44.29925],[-113.9066,44.29925],[-113.9066,44.29871],[-113.90698,44.29871],[-113.90698,44.29845],[-113.90736,44.29845],[-113.90736,44.29791],[-113.90773,44.29791],[-113.90773,44.29413],[-113.90811,44.29413],[-113.90811,44.29332],[-113.90849,44.29332],[-113.90849,44.29198],[-113.90886,44.29198],[-113.90886,44.29144],[-113.90924,44.29144],[-113.90924,44.29063],[-113.90962,44.29063],[-113.90962,44.28982],[-113.90999,44.28982],[-113.90999,44.28928],[-113.91075,44.28901],[-113.91075,44.28847],[-113.91112,44.28847],[-113.91112,44.28659],[-113.91188,44.28632],[-113.91188,44.28605],[-113.91263,44.28578],[-113.91263,44.28551],[-113.91376,44.28551],[-113.91376,44.28794],[-113.91414,44.28794],[-113.91414,44.28901],[-113.91376,44.28901],[-113.91376,44.28955],[-113.91301,44.28982],[-113.91301,44.2909],[-113.91338,44.2909],[-113.91338,44.29144],[-113.91414,44.29171],[-113.91414,44.29225],[-113.91376,44.29225],[-113.91376,44.29386],[-113.91414,44.29386],[-113.91414,44.29467],[-113.91376,44.29467],[-113.91376,44.29656],[-113.91414,44.29656],[-113.91414,44.29737],[-113.91451,44.29737],[-113.91451,44.29791],[-113.91489,44.29791],[-113.91489,44.29925],[-113.91527,44.29925],[-113.91527,44.29979],[-113.91414,44.29979],[-113.91414,44.29871],[-113.91376,44.29871],[-113.91376,44.29845],[-113.91263,44.29845],[-113.91263,44.29871],[-113.91225,44.29871],[-113.91225,44.29952],[-113.91301,44.29952],[-113.91301,44.29979],[-113.91338,44.29979],[-113.91338,44.3006],[-113.91301,44.3006],[-113.91301,44.30141],[-113.91263,44.30141],[-113.91263,44.30168],[-113.91301,44.30168],[-113.91301,44.30195],[-113.91263,44.30195],[-113.91263,44.30249],[-113.91225,44.30249],[-113.91225,44.30303],[-113.91263,44.30303],[-113.91263,44.3033],[-113.91338,44.30357],[-113.91338,44.30384],[-113.91414,44.3041],[-113.91414,44.30437],[-113.91451,44.30437],[-113.91451,44.30464],[-113.91489,44.30464],[-113.91489,44.30518],[-113.91414,44.30518],[-113.91414,44.30545],[-113.91451,44.30545],[-113.91451,44.30599],[-113.91489,44.30599],[-113.91489,44.3068],[-113.91527,44.3068],[-113.91527,44.30842],[-113.91451,44.30842],[-113.91451,44.30869],[-113.91376,44.30896],[-113.91376,44.30976],[-113.91414,44.30976],[-113.91414,44.3103],[-113.91451,44.3103],[-113.91451,44.31138],[-113.91376,44.31138],[-113.91376,44.31111],[-113.91301,44.31084],[-113.91301,44.31057],[-113.91225,44.3103],[-113.91225,44.30976],[-113.9115,44.30949],[-113.9115,44.30896],[-113.91112,44.30896],[-113.91112,44.30869],[-113.91075,44.30869],[-113.91075,44.30842],[-113.91037,44.30842],[-113.91037,44.30788],[-113.90999,44.30788],[-113.90999,44.30761],[-113.90924,44.30734],[-113.90924,44.30707],[-113.90811,44.30707],[-113.90811,44.30788],[-113.90773,44.30788],[-113.90773,44.30842],[-113.90811,44.30842],[-113.90811,44.30896],[-113.90773,44.30896],[-113.90773,44.30922],[-113.90811,44.30922],[-113.90811,44.30976],[-113.90849,44.30976],[-113.90849,44.31111],[-113.90886,44.31111],[-113.90886,44.31165],[-113.90924,44.31165],[-113.90924,44.31219],[-113.90962,44.31219],[-113.90962,44.31246],[-113.91037,44.31273],[-113.91037,44.313],[-113.91075,44.313],[-113.91075,44.31354],[-113.91112,44.31354],[-113.91112,44.31381],[-113.9115,44.31381],[-113.9115,44.31408],[-113.91225,44.31408],[-113.91225,44.31435],[-113.91263,44.31435],[-113.91263,44.31488],[-113.91301,44.31488],[-113.91301,44.31569],[-113.91263,44.31569],[-113.91263,44.31623],[-113.91188,44.31623],[-113.91188,44.31704],[-113.91263,44.31731],[-113.91263,44.31785],[-113.91301,44.31785],[-113.91301,44.3192],[-113.91338,44.3192],[-113.91338,44.31974],[-113.91414,44.32],[-113.91414,44.32081],[-113.91376,44.32081],[-113.91376,44.32108],[-113.91414,44.32108],[-113.91414,44.32243],[-113.91376,44.32243],[-113.91376,44.3227],[-113.91301,44.3227],[-113.91301,44.32243],[-113.91188,44.32243],[-113.91188,44.32216],[-113.91037,44.32216],[-113.91037,44.32189],[-113.90924,44.32189],[-113.90924,44.32162],[-113.9066,44.32162],[-113.9066,44.32189],[-113.90623,44.32189],[-113.90623,44.32216],[-113.90585,44.32216],[-113.90585,44.32243],[-113.90547,44.32243],[-113.90547,44.3227],[-113.90133,44.3227],[-113.90133,44.32297],[-113.89907,44.32297],[-113.89907,44.3227],[-113.89794,44.3227],[-113.89794,44.32243],[-113.89718,44.32243],[-113.89718,44.32216],[-113.89681,44.32216],[-113.89681,44.32189],[-113.89605,44.32189],[-113.89605,44.32162],[-113.89568,44.32162],[-113.89568,44.32216],[-113.8953,44.32216],[-113.8953,44.32297],[-113.89568,44.32297],[-113.89568,44.32324],[-113.89718,44.32324],[-113.89718,44.32351],[-113.9002,44.32351],[-113.9002,44.32378],[-113.90283,44.32378],[-113.90283,44.32351],[-113.90623,44.32351],[-113.90623,44.32378],[-113.90849,44.32378],[-113.90849,44.32405],[-113.90886,44.32405],[-113.90886,44.32432],[-113.91037,44.32432],[-113.91037,44.32459],[-113.91263,44.32486],[-113.91263,44.32513],[-113.91414,44.32539],[-113.91414,44.32566],[-113.91489,44.32566],[-113.91489,44.32593],[-113.91527,44.32593],[-113.91527,44.32647],[-113.91489,44.32647],[-113.91489,44.32998],[-113.91451,44.32998],[-113.91451,44.33294],[-113.91414,44.33294],[-113.91414,44.33321],[-113.91376,44.33321],[-113.91376,44.33348],[-113.91225,44.33348],[-113.91225,44.33375],[-113.91188,44.33375],[-113.91188,44.33402],[-113.91225,44.33402],[-113.91225,44.33429],[-113.91263,44.33429],[-113.91263,44.33456],[-113.9179,44.33456],[-113.9179,44.33429],[-113.91866,44.33429],[-113.91866,44.33456],[-113.91979,44.33456],[-113.91979,44.3359],[-113.91941,44.3359],[-113.91941,44.33617],[-113.91903,44.33617],[-113.91903,44.33644],[-113.91866,44.33644],[-113.91866,44.33671],[-113.91828,44.33671],[-113.91828,44.33698],[-113.9164,44.33698],[-113.9164,44.33644],[-113.91564,44.33644],[-113.91564,44.33725],[-113.91602,44.33725],[-113.91602,44.33779],[-113.9164,44.33779],[-113.9164,44.33968],[-113.9179,44.33995],[-113.9179,44.34022],[-113.91866,44.34049],[-113.91866,44.34103],[-113.91941,44.34129],[-113.91941,44.34183],[-113.92016,44.3421],[-113.92016,44.34264],[-113.92092,44.34291],[-113.92092,44.34426],[-113.92129,44.34426],[-113.92129,44.34507],[-113.92167,44.34507],[-113.92167,44.34588],[-113.92129,44.34588],[-113.92129,44.34722],[-113.91979,44.34695],[-113.91979,44.34668],[-113.91941,44.34668],[-113.91941,44.34642],[-113.91903,44.34642],[-113.91903,44.34615],[-113.91866,44.34615],[-113.91866,44.34588],[-113.91828,44.34588],[-113.91828,44.34561],[-113.91753,44.34561],[-113.91753,44.34534],[-113.91715,44.34534],[-113.91715,44.34507],[-113.9164,44.34507],[-113.9164,44.3448],[-113.91564,44.3448],[-113.91564,44.34453],[-113.91414,44.3448],[-113.91414,44.34507],[-113.91376,44.34507],[-113.91376,44.34695],[-113.91414,44.34695],[-113.91414,44.34722],[-113.91489,44.34749],[-113.91489,44.3483],[-113.91451,44.3483],[-113.91451,44.34857],[-113.91376,44.34884],[-113.91376,44.34938],[-113.91338,44.34938],[-113.91338,44.35019],[-113.91376,44.35019],[-113.91376,44.35073],[-113.91489,44.35073],[-113.91489,44.351],[-113.91564,44.351],[-113.91564,44.35127],[-113.91602,44.35127],[-113.91602,44.35154],[-113.91828,44.3518],[-113.91828,44.35207],[-113.91903,44.35207],[-113.91903,44.35234],[-113.91941,44.35234],[-113.91941,44.35261],[-113.91979,44.35261],[-113.91979,44.35288],[-113.92054,44.35288],[-113.92054,44.35315],[-113.92092,44.35315],[-113.92092,44.35342],[-113.92129,44.35342],[-113.92129,44.35369],[-113.92167,44.35369],[-113.92167,44.35477],[-113.92129,44.35477],[-113.92129,44.3545],[-113.92016,44.3545],[-113.92016,44.35531],[-113.92054,44.35531],[-113.92054,44.35585],[-113.92016,44.35585],[-113.92016,44.35612],[-113.91903,44.35612],[-113.91903,44.35719],[-113.91941,44.35719],[-113.91941,44.35773],[-113.91979,44.35773],[-113.91979,44.35854],[-113.91903,44.35854],[-113.91903,44.35827],[-113.91866,44.35827],[-113.91866,44.35773],[-113.9179,44.35746],[-113.9179,44.35693],[-113.91753,44.35693],[-113.91753,44.35612],[-113.91715,44.35612],[-113.91715,44.35477],[-113.91753,44.35477],[-113.91753,44.3545],[-113.91828,44.3545],[-113.91828,44.35342],[-113.91677,44.35342],[-113.91677,44.35315],[-113.9164,44.35315],[-113.9164,44.35342],[-113.91564,44.35342],[-113.91564,44.35369],[-113.91489,44.35369],[-113.91489,44.35396],[-113.91451,44.35396],[-113.91451,44.3545],[-113.91489,44.3545],[-113.91489,44.35477],[-113.91527,44.35477],[-113.91527,44.35531],[-113.91564,44.35531],[-113.91564,44.35612],[-113.91489,44.35639],[-113.91489,44.358],[-113.91451,44.358],[-113.91451,44.35989],[-113.91414,44.35989],[-113.91414,44.36151],[-113.91376,44.36151],[-113.91376,44.36232],[-113.91338,44.36232],[-113.91338,44.36339],[-113.91301,44.36339],[-113.91301,44.36744],[-113.91338,44.36744],[-113.91338,44.36824],[-113.91376,44.36824],[-113.91376,44.36932],[-113.91338,44.36932],[-113.91338,44.3704],[-113.91263,44.3704],[-113.91263,44.37067],[-113.91225,44.37067],[-113.91225,44.3704],[-113.91112,44.3704],[-113.91112,44.37229],[-113.91075,44.37229],[-113.91075,44.37283],[-113.90999,44.37309],[-113.90999,44.37444],[-113.91037,44.37444],[-113.91037,44.37471],[-113.90999,44.37471],[-113.90999,44.37498],[-113.90962,44.37498],[-113.90962,44.37525],[-113.9066,44.37525],[-113.9066,44.37579],[-113.90623,44.37579],[-113.90623,44.37606],[-113.90585,44.37606],[-113.90585,44.37633],[-113.90547,44.37633],[-113.90547,44.37687],[-113.90585,44.37687],[-113.90585,44.37714],[-113.90698,44.37714],[-113.90698,44.37741],[-113.90773,44.37741],[-113.90773,44.37768],[-113.90849,44.37795],[-113.90849,44.37902],[-113.90773,44.37929],[-113.90773,44.37956],[-113.90698,44.37956],[-113.90698,44.37983],[-113.9066,44.37983],[-113.9066,44.3801],[-113.90547,44.3801],[-113.90547,44.38037],[-113.90509,44.38037],[-113.90509,44.38064],[-113.90434,44.38064],[-113.90434,44.38037],[-113.90283,44.38037],[-113.90283,44.38064],[-113.90208,44.38064],[-113.90208,44.38091],[-113.9017,44.38091],[-113.9017,44.38064],[-113.90133,44.38064],[-113.90133,44.3801],[-113.90095,44.3801],[-113.90095,44.37956],[-113.9002,44.37929],[-113.9002,44.37848],[-113.89982,44.37848],[-113.89982,44.37741],[-113.89944,44.37741],[-113.89944,44.37687],[-113.89907,44.37687],[-113.89907,44.37633],[-113.89869,44.37633],[-113.89869,44.37606],[-113.89831,44.37606],[-113.89831,44.37579],[-113.89756,44.37579],[-113.89756,44.37552],[-113.89718,44.37552],[-113.89718,44.37525],[-113.89643,44.37525],[-113.89643,44.37552],[-113.89605,44.37552],[-113.89605,44.37579],[-113.89568,44.37579],[-113.89568,44.37633],[-113.89417,44.37633],[-113.89417,44.3766],[-113.89379,44.3766],[-113.89379,44.37714],[-113.89417,44.37714],[-113.89417,44.37768],[-113.89379,44.37768],[-113.89379,44.37956],[-113.89304,44.37956],[-113.89304,44.37929],[-113.89229,44.37902],[-113.89229,44.37875],[-113.89191,44.37875],[-113.89191,44.37848],[-113.89116,44.37848],[-113.89116,44.37822],[-113.89003,44.37822],[-113.89003,44.37795],[-113.88927,44.37795],[-113.88927,44.37768],[-113.88814,44.37768],[-113.88814,44.37795],[-113.88739,44.37795],[-113.88739,44.37822],[-113.88701,44.37822],[-113.88701,44.37848],[-113.88588,44.37848],[-113.88588,44.37875],[-113.8855,44.37875],[-113.8855,44.37848],[-113.88475,44.37848],[-113.88475,44.37795],[-113.88513,44.37795],[-113.88513,44.37768],[-113.88588,44.37768],[-113.88588,44.37741],[-113.88626,44.37741],[-113.88626,44.37714],[-113.88701,44.37714],[-113.88701,44.37687],[-113.88739,44.37687],[-113.88739,44.3766],[-113.88814,44.3766],[-113.88814,44.37552],[-113.88739,44.37552],[-113.88739,44.37525],[-113.88701,44.37525],[-113.88701,44.37444],[-113.88663,44.37444],[-113.88663,44.37417],[-113.88626,44.37417],[-113.88626,44.3739],[-113.8855,44.3739],[-113.8855,44.37363],[-113.88324,44.3739],[-113.88324,44.37336],[-113.88362,44.37336],[-113.88362,44.37283],[-113.88249,44.37283],[-113.88249,44.37309],[-113.88098,44.37309],[-113.88098,44.37283],[-113.87872,44.37283],[-113.87872,44.37309],[-113.87759,44.37309],[-113.87759,44.37336],[-113.87684,44.37363],[-113.87684,44.3739],[-113.87609,44.37417],[-113.87609,44.37444],[-113.87571,44.37444],[-113.87571,44.37471],[-113.87533,44.37471],[-113.87533,44.37525],[-113.87383,44.37525],[-113.87383,44.3739],[-113.8742,44.3739],[-113.8742,44.37363],[-113.87157,44.37363],[-113.87157,44.3739],[-113.87081,44.3739],[-113.87081,44.37417],[-113.86667,44.37417],[-113.86667,44.37444],[-113.86591,44.37444],[-113.86591,44.37471],[-113.86516,44.37471],[-113.86516,44.37498],[-113.86441,44.37498],[-113.86441,44.37525],[-113.86403,44.37525],[-113.86403,44.37498],[-113.86328,44.37498],[-113.86328,44.37471],[-113.86252,44.37471],[-113.86252,44.37444],[-113.86139,44.37444],[-113.86139,44.37471],[-113.86064,44.37471],[-113.86064,44.37498],[-113.86026,44.37498],[-113.86026,44.37525],[-113.85951,44.37552],[-113.85951,44.37579],[-113.86026,44.37606],[-113.86026,44.37714],[-113.85989,44.37714],[-113.85989,44.37768],[-113.85913,44.37768],[-113.85913,44.37795],[-113.85876,44.37795],[-113.85876,44.37902],[-113.85913,44.37902],[-113.85913,44.38037],[-113.85876,44.38037],[-113.85876,44.38064],[-113.85838,44.38064],[-113.85838,44.38091],[-113.85687,44.38091],[-113.85687,44.38064],[-113.85537,44.38037],[-113.85537,44.3801],[-113.85235,44.3801],[-113.85235,44.38037],[-113.85198,44.38037],[-113.85198,44.38064],[-113.85122,44.38064],[-113.85122,44.38091],[-113.85085,44.38091],[-113.85085,44.38118],[-113.84821,44.38118],[-113.84821,44.38145],[-113.8467,44.38172],[-113.8467,44.38199],[-113.84595,44.38199],[-113.84595,44.38226],[-113.84557,44.38226],[-113.84557,44.3828],[-113.84331,44.3828],[-113.84331,44.38307],[-113.84218,44.38307],[-113.84218,44.38334],[-113.8403,44.38334],[-113.8403,44.38307],[-113.83954,44.38307],[-113.83954,44.3828],[-113.83917,44.3828],[-113.83917,44.38226],[-113.83879,44.38226],[-113.83879,44.38199],[-113.83804,44.38199],[-113.83804,44.38172],[-113.83691,44.38172],[-113.83691,44.38253],[-113.83766,44.3828],[-113.83766,44.38361],[-113.83804,44.38361],[-113.83804,44.38387],[-113.83766,44.38387],[-113.83766,44.38414],[-113.8354,44.38414],[-113.8354,44.38441],[-113.83427,44.38441],[-113.83427,44.38468],[-113.83276,44.38468],[-113.83276,44.38441],[-113.83239,44.38441],[-113.83239,44.38468],[-113.83201,44.38468],[-113.83201,44.38441],[-113.83088,44.38441],[-113.83088,44.38414],[-113.8305,44.38414],[-113.8305,44.38387],[-113.82937,44.38387],[-113.82937,44.38361],[-113.82899,44.38361],[-113.82899,44.38334],[-113.82749,44.38334],[-113.82749,44.38307],[-113.82711,44.38307],[-113.82711,44.3828],[-113.82598,44.3828],[-113.82598,44.38226],[-113.82523,44.38226],[-113.82523,44.38199],[-113.82447,44.38172],[-113.82447,44.38145],[-113.82372,44.38145],[-113.82372,44.38118],[-113.82221,44.38118],[-113.82221,44.38064],[-113.82146,44.38064],[-113.82146,44.38037],[-113.81995,44.3801],[-113.81995,44.37983],[-113.81845,44.37983],[-113.81845,44.37956],[-113.81769,44.37929],[-113.81769,44.37848],[-113.81807,44.37848],[-113.81807,44.37822],[-113.81845,44.37822],[-113.81845,44.37795],[-113.81807,44.37795],[-113.81807,44.37768],[-113.81769,44.37768],[-113.81769,44.37741],[-113.81732,44.37741],[-113.81732,44.3766],[-113.81656,44.37633],[-113.81656,44.37579],[-113.81619,44.37579],[-113.81619,44.37552],[-113.81393,44.37552],[-113.81393,44.37525],[-113.81242,44.37525],[-113.81242,44.37498],[-113.81204,44.37498],[-113.81204,44.37471],[-113.81091,44.37471],[-113.81091,44.37363],[-113.81016,44.3739],[-113.81016,44.37363],[-113.8094,44.37363],[-113.8094,44.37336],[-113.80903,44.37336],[-113.80903,44.37363],[-113.80827,44.37363],[-113.80827,44.3739],[-113.8079,44.3739],[-113.8079,44.37363],[-113.80714,44.37363],[-113.80714,44.37309],[-113.80639,44.37309],[-113.80639,44.37283],[-113.80564,44.37283],[-113.80564,44.37256],[-113.80413,44.37256],[-113.80413,44.37229],[-113.80338,44.37229],[-113.80338,44.37121],[-113.803,44.37121],[-113.803,44.37148],[-113.80112,44.37148],[-113.80112,44.3704],[-113.80074,44.3704],[-113.80074,44.36986],[-113.80036,44.36986],[-113.80036,44.36932],[-113.79961,44.36932],[-113.79961,44.36878],[-113.79886,44.36851],[-113.79886,44.36771],[-113.7981,44.36771],[-113.7981,44.36717],[-113.79735,44.36717],[-113.79735,44.36663],[-113.79697,44.36663],[-113.79697,44.36636],[-113.79735,44.36636],[-113.79735,44.36609],[-113.7966,44.36609],[-113.7966,44.36501],[-113.79622,44.36501],[-113.79622,44.36447],[-113.79584,44.36447],[-113.79584,44.36393],[-113.79509,44.36393],[-113.79509,44.36366],[-113.79433,44.36339],[-113.79433,44.36232],[-113.7932,44.36232],[-113.7932,44.36205],[-113.79283,44.36205],[-113.79283,44.36151],[-113.79358,44.36151],[-113.79358,44.36016],[-113.79283,44.36016],[-113.79283,44.35962],[-113.79132,44.35935],[-113.79132,44.35854],[-113.79094,44.35854],[-113.79094,44.358],[-113.79057,44.358],[-113.79057,44.35746],[-113.78981,44.35746],[-113.78981,44.35719],[-113.78906,44.35719],[-113.78906,44.35693],[-113.78793,44.35693],[-113.78793,44.35666],[-113.78755,44.35666],[-113.78755,44.35639],[-113.78718,44.35639],[-113.78718,44.35585],[-113.7868,44.35585],[-113.7868,44.35531],[-113.78642,44.35531],[-113.78642,44.35477],[-113.78605,44.35477],[-113.78605,44.3545],[-113.78529,44.35423],[-113.78529,44.35369],[-113.78454,44.35342],[-113.78454,44.35288],[-113.78416,44.35288],[-113.78416,44.35207],[-113.78379,44.35207],[-113.78379,44.35154],[-113.78341,44.35154],[-113.78341,44.351],[-113.78303,44.351],[-113.78303,44.35046],[-113.78266,44.35046],[-113.78266,44.34911],[-113.78303,44.34911],[-113.78303,44.34884],[-113.78266,44.34884],[-113.78266,44.34857],[-113.78303,44.34857],[-113.78303,44.3483],[-113.78266,44.3483],[-113.78266,44.34803],[-113.7819,44.34776],[-113.7819,44.34749],[-113.78153,44.34749],[-113.78153,44.34722],[-113.7819,44.34722],[-113.7819,44.34668],[-113.78153,44.34668],[-113.78153,44.34507],[-113.78115,44.34507],[-113.78115,44.34264],[-113.78077,44.34264],[-113.78077,44.34183],[-113.7804,44.34183],[-113.7804,44.34156],[-113.78077,44.34156],[-113.78077,44.33968],[-113.7804,44.33968],[-113.7804,44.33941],[-113.78077,44.33941],[-113.78077,44.33887],[-113.78115,44.33887],[-113.78115,44.33806],[-113.78077,44.33806],[-113.78077,44.33779],[-113.78115,44.33779],[-113.78115,44.33698],[-113.78153,44.33698],[-113.78153,44.3359],[-113.78077,44.3359],[-113.78077,44.33537],[-113.7804,44.33537],[-113.7804,44.33456],[-113.78077,44.33456],[-113.78077,44.33348],[-113.78002,44.33348],[-113.78002,44.33375],[-113.77964,44.33375],[-113.77964,44.33402],[-113.77851,44.33402],[-113.77851,44.33375],[-113.77776,44.33375],[-113.77776,44.33213],[-113.77851,44.33186],[-113.77851,44.33051],[-113.77927,44.33025],[-113.77927,44.32971],[-113.78002,44.32944],[-113.78002,44.32863],[-113.78077,44.32836],[-113.78077,44.32755],[-113.78115,44.32755],[-113.78115,44.32701],[-113.78153,44.32701],[-113.78153,44.3262],[-113.7819,44.3262],[-113.7819,44.32486],[-113.78115,44.32486],[-113.78115,44.32513],[-113.7804,44.32539],[-113.7804,44.32566],[-113.77964,44.32566],[-113.77964,44.3262],[-113.77851,44.3262],[-113.77851,44.32566],[-113.77814,44.32566],[-113.77814,44.32539],[-113.77851,44.32539],[-113.77851,44.32513],[-113.77814,44.32513],[-113.77814,44.32486],[-113.77851,44.32486],[-113.77851,44.32432],[-113.77927,44.32432],[-113.77927,44.32351],[-113.78002,44.32324],[-113.78002,44.3227],[-113.78077,44.32243],[-113.78077,44.32189],[-113.78115,44.32189],[-113.78115,44.32108],[-113.78153,44.32108],[-113.78153,44.32054],[-113.7819,44.32054],[-113.7819,44.32027],[-113.78228,44.32027],[-113.78228,44.32],[-113.78303,44.32],[-113.78303,44.31974],[-113.78341,44.31974],[-113.78341,44.31947],[-113.78454,44.31947],[-113.78454,44.3192],[-113.78529,44.3192],[-113.78529,44.31893],[-113.78605,44.31893],[-113.78605,44.3192],[-113.78718,44.3192],[-113.78718,44.31893],[-113.78755,44.31893],[-113.78755,44.31812],[-113.78718,44.31812],[-113.78718,44.31704],[-113.78755,44.31704],[-113.78755,44.31677],[-113.78831,44.3165],[-113.78831,44.31623],[-113.78868,44.31623],[-113.78868,44.31569],[-113.78906,44.31569],[-113.78906,44.31515],[-113.78944,44.31515],[-113.78944,44.31461],[-113.78981,44.31461],[-113.78981,44.31408],[-113.79019,44.31408],[-113.79019,44.31381],[-113.79094,44.31354],[-113.79094,44.313],[-113.7917,44.313],[-113.7917,44.31273],[-113.79207,44.31273],[-113.79207,44.31246],[-113.79245,44.31246],[-113.79245,44.31219],[-113.79283,44.31219],[-113.79283,44.31192],[-113.7932,44.31192],[-113.7932,44.31165],[-113.79396,44.31165],[-113.79396,44.31138],[-113.79433,44.31138],[-113.79433,44.31111],[-113.79509,44.31111],[-113.79509,44.31057],[-113.79584,44.31057],[-113.79584,44.3103],[-113.79622,44.3103],[-113.79622,44.30976],[-113.79697,44.30976],[-113.79697,44.30949],[-113.79735,44.30949],[-113.79735,44.30896],[-113.79773,44.30896],[-113.79773,44.30815],[-113.7981,44.30815],[-113.7981,44.30761],[-113.79848,44.30761],[-113.79848,44.30707],[-113.79886,44.30707],[-113.79886,44.30518],[-113.79923,44.30518],[-113.79923,44.30437],[-113.79961,44.30437],[-113.79961,44.30249],[-113.79999,44.30249],[-113.79999,44.30195],[-113.80036,44.30195],[-113.80036,44.29925],[-113.80074,44.29925],[-113.80074,44.29737],[-113.80112,44.29737],[-113.80112,44.2971],[-113.80074,44.2971],[-113.80074,44.29683],[-113.80112,44.29683],[-113.80112,44.29656],[-113.80149,44.29656],[-113.80149,44.29629],[-113.80187,44.29629],[-113.80187,44.29494],[-113.80149,44.29494],[-113.80149,44.29413],[-113.80187,44.29413],[-113.80187,44.29386],[-113.80149,44.29386],[-113.80149,44.29144],[-113.80187,44.29144],[-113.80187,44.29063],[-113.80225,44.29063],[-113.80225,44.28955],[-113.80262,44.28955],[-113.80262,44.28847],[-113.803,44.28847],[-113.803,44.2882],[-113.80375,44.28794],[-113.80375,44.28767],[-113.80413,44.28767],[-113.80413,44.28686],[-113.80451,44.28686],[-113.80451,44.28632],[-113.80488,44.28632],[-113.80488,44.28578],[-113.80526,44.28578],[-113.80526,44.28551],[-113.80601,44.28524],[-113.80601,44.28497],[-113.80639,44.28497],[-113.80639,44.28443],[-113.80714,44.28443],[-113.80714,44.2847],[-113.80677,44.2847],[-113.80677,44.28497],[-113.80714,44.28497],[-113.80714,44.28524],[-113.8094,44.28497],[-113.8094,44.28524],[-113.80978,44.28524],[-113.80978,44.28551],[-113.81016,44.28551],[-113.81016,44.28524],[-113.81053,44.28524],[-113.81053,44.28497],[-113.81091,44.28497],[-113.81091,44.2847],[-113.81129,44.2847],[-113.81129,44.28497],[-113.81166,44.28497],[-113.81166,44.28551],[-113.81204,44.28551],[-113.81204,44.28578],[-113.81279,44.28578],[-113.81279,44.28605],[-113.81317,44.28605],[-113.81317,44.28632],[-113.81355,44.28632],[-113.81355,44.2874],[-113.81317,44.2874],[-113.81317,44.28767],[-113.81279,44.28767],[-113.81279,44.28794],[-113.81204,44.28794],[-113.81204,44.2882],[-113.81053,44.2882],[-113.81053,44.28847],[-113.81016,44.28847],[-113.81016,44.28874],[-113.8094,44.28874],[-113.8094,44.28955],[-113.80978,44.28955],[-113.80978,44.29009],[-113.8094,44.29009],[-113.8094,44.29036],[-113.80903,44.29036],[-113.80903,44.29063],[-113.80677,44.29063],[-113.80677,44.2909],[-113.80601,44.29063],[-113.80601,44.29144],[-113.80677,44.29144],[-113.80677,44.29171],[-113.80752,44.29171],[-113.80752,44.29198],[-113.8079,44.29198],[-113.8079,44.29171],[-113.80865,44.29198],[-113.80865,44.29306],[-113.80903,44.29306],[-113.80903,44.29413],[-113.80865,44.29413],[-113.80865,44.2944],[-113.80827,44.2944],[-113.80827,44.29467],[-113.80752,44.29467],[-113.80752,44.29494],[-113.80714,44.29494],[-113.80714,44.29629],[-113.80752,44.29629],[-113.80752,44.29845],[-113.8079,44.29845],[-113.8079,44.29898],[-113.80827,44.29898],[-113.80827,44.29925],[-113.80903,44.29952],[-113.80903,44.29979],[-113.8094,44.29979],[-113.8094,44.30033],[-113.81016,44.30033],[-113.81016,44.3006],[-113.81053,44.3006],[-113.81053,44.30087],[-113.81166,44.30087],[-113.81166,44.3006],[-113.81204,44.3006],[-113.81204,44.30006],[-113.81242,44.30006],[-113.81242,44.29979],[-113.81317,44.29952],[-113.81317,44.29925],[-113.81355,44.29925],[-113.81355,44.29871],[-113.81393,44.29871],[-113.81393,44.29845],[-113.81355,44.29845],[-113.81355,44.2971],[-113.81506,44.2971],[-113.81506,44.29818],[-113.81543,44.29818],[-113.81543,44.29845],[-113.81581,44.29845],[-113.81581,44.29871],[-113.81656,44.29871],[-113.81656,44.29845],[-113.81732,44.29818],[-113.81732,44.29791],[-113.81845,44.29791],[-113.81845,44.29818],[-113.81882,44.29818],[-113.81882,44.29845],[-113.81995,44.29845],[-113.81995,44.29871],[-113.82071,44.29871],[-113.82071,44.29952],[-113.82108,44.29952],[-113.82108,44.30033],[-113.82071,44.30033],[-113.82071,44.30087],[-113.81995,44.30087],[-113.81995,44.30114],[-113.81845,44.30114],[-113.81845,44.30222],[-113.81882,44.30222],[-113.81882,44.30249],[-113.81958,44.30249],[-113.81958,44.30276],[-113.81995,44.30276],[-113.81995,44.30303],[-113.82146,44.30303],[-113.82146,44.30276],[-113.82221,44.30276],[-113.82221,44.30249],[-113.82259,44.30249],[-113.82259,44.30195],[-113.82297,44.30195],[-113.82297,44.30168],[-113.82372,44.30141],[-113.82372,44.30114],[-113.82485,44.30114],[-113.82485,44.30141],[-113.82523,44.30141],[-113.82523,44.30168],[-113.82485,44.30168],[-113.82485,44.30222],[-113.82523,44.30222],[-113.82523,44.30249],[-113.82598,44.30249],[-113.82598,44.30222],[-113.82749,44.30222],[-113.82749,44.30249],[-113.82786,44.30249],[-113.82786,44.30276],[-113.82862,44.30276],[-113.82862,44.30249],[-113.83012,44.30249],[-113.83012,44.30437],[-113.82975,44.30437],[-113.82975,44.30518],[-113.83012,44.30518],[-113.83012,44.30545],[-113.8305,44.30545],[-113.8305,44.30572],[-113.83088,44.30572],[-113.83088,44.30599],[-113.83125,44.30599],[-113.83125,44.30626],[-113.83239,44.30626],[-113.83239,44.30572],[-113.83314,44.30545],[-113.83314,44.30491],[-113.83389,44.30464],[-113.83389,44.3041],[-113.83465,44.3041],[-113.83465,44.30491],[-113.83427,44.30491],[-113.83427,44.30545],[-113.83502,44.30545],[-113.83502,44.30572],[-113.83653,44.30599],[-113.83653,44.30626],[-113.83841,44.30626],[-113.83841,44.30599],[-113.83917,44.30599],[-113.83917,44.30572],[-113.83992,44.30545],[-113.83992,44.30491],[-113.84067,44.30464],[-113.84067,44.30437],[-113.84143,44.30437],[-113.84143,44.3041],[-113.8418,44.3041],[-113.8418,44.30384],[-113.84256,44.30384],[-113.84256,44.30357],[-113.84331,44.30357],[-113.84331,44.30384],[-113.84369,44.30384],[-113.84369,44.30357],[-113.84444,44.30357],[-113.84444,44.30384],[-113.84482,44.30384],[-113.84482,44.3041],[-113.84519,44.3041],[-113.84519,44.30437],[-113.84557,44.30437],[-113.84557,44.30464],[-113.84519,44.30464],[-113.84519,44.30491],[-113.84595,44.30518],[-113.84595,44.30599],[-113.8467,44.30626],[-113.8467,44.30599],[-113.84745,44.30572],[-113.84745,44.30545],[-113.8467,44.30545],[-113.8467,44.30437],[-113.84745,44.3041],[-113.84745,44.30357],[-113.84858,44.30357],[-113.84858,44.30384],[-113.84896,44.30384],[-113.84896,44.30357],[-113.84971,44.3033],[-113.84971,44.30303],[-113.85047,44.30303],[-113.85047,44.30276],[-113.85122,44.30249],[-113.85122,44.30222],[-113.8516,44.30222],[-113.8516,44.30249],[-113.85235,44.30222],[-113.85235,44.30249],[-113.85273,44.30249],[-113.85273,44.30276],[-113.85235,44.30276],[-113.85235,44.3041],[-113.85273,44.3041],[-113.85273,44.30437],[-113.85424,44.30437],[-113.85424,44.30464],[-113.85461,44.30464],[-113.85461,44.30518],[-113.85499,44.30518],[-113.85499,44.30572],[-113.85574,44.30572],[-113.85574,44.30599],[-113.86026,44.30599],[-113.86026,44.30572],[-113.86064,44.30572],[-113.86064,44.30599],[-113.86139,44.30599],[-113.86139,44.30626],[-113.86215,44.30653],[-113.86215,44.30707],[-113.86365,44.30707],[-113.86365,44.3068],[-113.86516,44.30707],[-113.86516,44.3068],[-113.86629,44.3068],[-113.86629,44.30707],[-113.86667,44.30707],[-113.86667,44.30734],[-113.86817,44.30734],[-113.86817,44.30788],[-113.86704,44.30788],[-113.86704,44.30761],[-113.86667,44.30761],[-113.86667,44.30842],[-113.86629,44.30842],[-113.86629,44.30869],[-113.86591,44.30869],[-113.86591,44.30896],[-113.86554,44.30896],[-113.86554,44.30922],[-113.86516,44.30922],[-113.86516,44.30949],[-113.86478,44.30949],[-113.86478,44.31003],[-113.86516,44.31003],[-113.86516,44.3103],[-113.86478,44.3103],[-113.86478,44.31057]],[[-113.84482,44.30491],[-113.84482,44.30572],[-113.84519,44.30572],[-113.84519,44.30491],[-113.84482,44.30491]],[[-113.84444,44.30572],[-113.84444,44.30599],[-113.84482,44.30599],[-113.84482,44.30572],[-113.84444,44.30572]],[[-113.84595,44.30626],[-113.84595,44.30653],[-113.84632,44.30653],[-113.84632,44.30626],[-113.84595,44.30626]],[[-113.84557,44.30653],[-113.84557,44.3068],[-113.84595,44.3068],[-113.84595,44.30653],[-113.84557,44.30653]],[[-113.86893,44.37283],[-113.86931,44.37283],[-113.86931,44.37256],[-113.86968,44.37256],[-113.86968,44.37229],[-113.87044,44.37229],[-113.87044,44.37202],[-113.87119,44.37175],[-113.87119,44.37148],[-113.86893,44.37148],[-113.86893,44.37175],[-113.86742,44.37175],[-113.86742,44.37148],[-113.86704,44.37148],[-113.86704,44.37121],[-113.86554,44.37148],[-113.86554,44.37229],[-113.86629,44.37229],[-113.86629,44.37256],[-113.86667,44.37256],[-113.86667,44.37283],[-113.86742,44.37283],[-113.86742,44.37309],[-113.86817,44.37309],[-113.86817,44.37336],[-113.86855,44.37336],[-113.86855,44.37309],[-113.86893,44.37309],[-113.86893,44.37283]],[[-113.90962,44.36878],[-113.90999,44.36878],[-113.90999,44.36851],[-113.90811,44.36851],[-113.90811,44.36905],[-113.90773,44.36905],[-113.90773,44.36932],[-113.90736,44.36932],[-113.90736,44.36959],[-113.90849,44.36959],[-113.90849,44.36905],[-113.90962,44.36905],[-113.90962,44.36878]],[[-113.86328,44.36851],[-113.86403,44.36824],[-113.86403,44.36771],[-113.86252,44.36744],[-113.86252,44.36771],[-113.86215,44.36771],[-113.86215,44.36824],[-113.86177,44.36824],[-113.86177,44.36878],[-113.86215,44.36878],[-113.86215,44.36905],[-113.86252,44.36905],[-113.86252,44.36878],[-113.86328,44.36878],[-113.86328,44.36851]],[[-113.86629,44.36717],[-113.8678,44.3669],[-113.8678,44.36663],[-113.86817,44.36663],[-113.86817,44.36636],[-113.86855,44.36636],[-113.86855,44.36609],[-113.86893,44.36609],[-113.86893,44.36582],[-113.87044,44.36555],[-113.87044,44.36528],[-113.87119,44.36501],[-113.87119,44.36447],[-113.87081,44.36447],[-113.87081,44.36312],[-113.87157,44.36312],[-113.87157,44.36285],[-113.87232,44.36258],[-113.87232,44.36178],[-113.87194,44.36178],[-113.87194,44.36124],[-113.87157,44.36124],[-113.87157,44.36151],[-113.87119,44.36151],[-113.87119,44.36178],[-113.87081,44.36178],[-113.87081,44.36205],[-113.87044,44.36205],[-113.87044,44.36232],[-113.86968,44.36232],[-113.86968,44.36258],[-113.86931,44.36258],[-113.86931,44.36232],[-113.86855,44.36258],[-113.86855,44.36205],[-113.86817,44.36205],[-113.86817,44.36232],[-113.86742,44.36258],[-113.86742,44.36285],[-113.86667,44.36285],[-113.86667,44.36339],[-113.86591,44.36339],[-113.86591,44.36393],[-113.86516,44.36393],[-113.86516,44.3642],[-113.86478,44.3642],[-113.86478,44.36447],[-113.86403,44.36447],[-113.86403,44.36528],[-113.86478,44.36528],[-113.86478,44.36744],[-113.86554,44.36771],[-113.86554,44.36744],[-113.86629,44.36744],[-113.86629,44.36717]],[[-113.86139,44.36663],[-113.86177,44.36663],[-113.86177,44.36609],[-113.86139,44.36609],[-113.86139,44.36663]],[[-113.91715,44.34291],[-113.91753,44.34291],[-113.91753,44.34237],[-113.91564,44.34237],[-113.91564,44.34264],[-113.91527,44.34264],[-113.91527,44.34372],[-113.91564,44.34372],[-113.91564,44.34399],[-113.91677,44.34399],[-113.91677,44.34372],[-113.91715,44.34372],[-113.91715,44.34291]],[[-113.87119,44.34103],[-113.87157,44.34103],[-113.87157,44.34076],[-113.87232,44.34076],[-113.87232,44.34049],[-113.8727,44.34049],[-113.8727,44.34022],[-113.87345,44.34022],[-113.87345,44.33995],[-113.87496,44.33995],[-113.87496,44.33968],[-113.87533,44.33968],[-113.87533,44.33941],[-113.87496,44.33941],[-113.87496,44.33914],[-113.8727,44.33914],[-113.8727,44.33941],[-113.87194,44.33941],[-113.87194,44.33968],[-113.87157,44.33968],[-113.87157,44.33995],[-113.87081,44.33995],[-113.87081,44.34022],[-113.87006,44.34049],[-113.87006,44.34103],[-113.86968,44.34103],[-113.86968,44.34129],[-113.87044,44.34156],[-113.87044,44.34129],[-113.87119,44.34129],[-113.87119,44.34103]],[[-113.83163,44.33752],[-113.83201,44.33752],[-113.83201,44.33725],[-113.83163,44.33725],[-113.83163,44.33752]],[[-113.91602,44.3351],[-113.91677,44.3351],[-113.91677,44.33483],[-113.91602,44.33483],[-113.91602,44.3351]],[[-113.83201,44.33429],[-113.83239,44.33429],[-113.83239,44.33402],[-113.83201,44.33402],[-113.83201,44.33429]],[[-113.83163,44.33321],[-113.83201,44.33321],[-113.83201,44.33294],[-113.83163,44.33294],[-113.83163,44.33321]],[[-113.88287,44.33105],[-113.88211,44.33078],[-113.88211,44.33025],[-113.88174,44.33025],[-113.88174,44.32998],[-113.88136,44.32998],[-113.88136,44.32971],[-113.88061,44.32971],[-113.88061,44.32944],[-113.87985,44.32917],[-113.87985,44.32863],[-113.87948,44.32863],[-113.87948,44.32836],[-113.87872,44.32836],[-113.87872,44.32809],[-113.87835,44.32809],[-113.87835,44.32782],[-113.87797,44.32782],[-113.87797,44.32755],[-113.87759,44.32755],[-113.87759,44.32728],[-113.87646,44.32728],[-113.87646,44.32701],[-113.87571,44.32701],[-113.87571,44.32674],[-113.87496,44.32674],[-113.87496,44.32647],[-113.87345,44.32647],[-113.87345,44.32674],[-113.87307,44.32674],[-113.87307,44.32728],[-113.8727,44.32728],[-113.8727,44.32782],[-113.87307,44.32782],[-113.87307,44.32809],[-113.8742,44.32809],[-113.8742,44.32836],[-113.87533,44.32836],[-113.87533,44.32863],[-113.87646,44.32863],[-113.87646,44.3289],[-113.87684,44.3289],[-113.87684,44.32917],[-113.87722,44.32917],[-113.87722,44.32944],[-113.87759,44.32944],[-113.87759,44.32971],[-113.87797,44.32971],[-113.87797,44.32998],[-113.87835,44.32998],[-113.87835,44.33025],[-113.87872,44.33025],[-113.87872,44.33051],[-113.87948,44.33078],[-113.87948,44.33105],[-113.88174,44.33132],[-113.88174,44.33159],[-113.88211,44.33159],[-113.88211,44.33186],[-113.88249,44.33186],[-113.88249,44.33213],[-113.88287,44.33213],[-113.88287,44.3324],[-113.88324,44.3324],[-113.88324,44.33159],[-113.88287,44.33159],[-113.88287,44.33105]],[[-113.8889,44.32998],[-113.88777,44.32998],[-113.88777,44.33159],[-113.88814,44.33159],[-113.88814,44.33186],[-113.8889,44.33159],[-113.8889,44.32998]],[[-113.86704,44.32944],[-113.86742,44.32944],[-113.86742,44.32917],[-113.86704,44.32917],[-113.86704,44.32944]],[[-113.82297,44.32674],[-113.82334,44.32674],[-113.82334,44.32647],[-113.82297,44.32647],[-113.82297,44.32674]],[[-113.87307,44.32405],[-113.87232,44.32405],[-113.87232,44.32432],[-113.87194,44.32432],[-113.87194,44.32539],[-113.87345,44.32539],[-113.87345,44.32459],[-113.87307,44.32459],[-113.87307,44.32405]],[[-113.86328,44.31084],[-113.86365,44.31084],[-113.86365,44.31057],[-113.86328,44.31057],[-113.86328,44.31084]],[[-113.86403,44.3103],[-113.86441,44.3103],[-113.86441,44.31003],[-113.86403,44.31003],[-113.86403,44.3103]],[[-113.90133,44.30761],[-113.90208,44.30761],[-113.90208,44.30734],[-113.90133,44.30734],[-113.90133,44.30761]],[[-113.81242,44.30195],[-113.81317,44.30195],[-113.81317,44.30087],[-113.81242,44.30087],[-113.81242,44.30195]],[[-113.81732,44.30087],[-113.81769,44.30087],[-113.81769,44.3006],[-113.81619,44.30006],[-113.81619,44.30114],[-113.81543,44.30114],[-113.81543,44.30141],[-113.81694,44.30141],[-113.81694,44.30114],[-113.81732,44.30114],[-113.81732,44.30087]],[[-113.80564,44.28982],[-113.80564,44.28955],[-113.80526,44.28955],[-113.80526,44.28982],[-113.80564,44.28982]],[[-113.80639,44.28955],[-113.80639,44.28928],[-113.80677,44.28928],[-113.80677,44.28901],[-113.80752,44.28901],[-113.80752,44.28874],[-113.8079,44.28874],[-113.8079,44.2874],[-113.80827,44.2874],[-113.80827,44.28713],[-113.81016,44.28713],[-113.81016,44.28686],[-113.81053,44.28686],[-113.81053,44.28632],[-113.80903,44.28632],[-113.80903,44.28659],[-113.80714,44.28659],[-113.80714,44.28686],[-113.80677,44.28686],[-113.80677,44.28713],[-113.80601,44.28713],[-113.80601,44.28794],[-113.80564,44.28794],[-113.80564,44.28955],[-113.80639,44.28955]]]]},"properties":{"layer":"predicted_reach_h24","fire_name":"Doublesprings","irwin_id":"{960C064B-1764-4834-BD28-90FB69A4AB4A}","model":"arrival_run","checkpoint_epoch":216,"decode":"connected_causal","operating_point":{"floor":0.0,"mult":0.9},"val_precision":null,"val_recall":null,"model_caveat":"arrival_run chosen for best RECALL among the six FlameFlux v3 candidates on the production-valid t0-window corpus (R=0.624 on the fc2 held-out fires, R=0.432 on Dillon -- see candidate_comparison.md from the 2026-07-24 comparison). It does NOT meet the project's P>=0.50/R>=0.80 target: precision is the WORST of the six (P=0.120 on fc2 -- most flagged growth is wrong), and wind_run actually edges it on F1. IMPORTANT CAVEAT: arrival_run trained on the leaky 'observed' corpus (crop centered/sized on t0|t1, i.e. it saw the future perimeter's geometry during training) and has NEVER seen a t0-window crop -- the ONLY geometry this live pipeline can ever produce at forecast time (the future perimeter is, by definition, unknown). So every live prediction from this model is out-of-distribution relative to its own training. The measured t0-window numbers above already reflect that (they are not a surprise), but this is 'best available', not 'production-ready' -- represent it that way. The operating_point (floor=0.0, mult=0.9) is the VAL-selected connected-causal decode point; it did NOT clear the 0.50 precision floor during selection (feasible=False, val P=0.270/R=0.259) -- it's the best-F1 fallback point, not a precision-guaranteed one.","issued_at_utc":"2026-08-05 02:36:31.645281+00:00","valid_from_utc":"2026-08-05 00:00:00","valid_to_utc":"2026-08-06 00:00:00","wfigs_date_current_utc":"2026-08-05 02:05:06+00:00","pixel_size_m":30,"veg_source":"refreshed_d4","physics_source":"eikonal_fbfm40","history_n_dates":1,"degraded_history":true,"containment_pct":0.0,"acres_wfigs":1021.012899130312,"hour":24,"valid_at_utc":"2026-08-06 00:00:00"}}]}