{"type":"FeatureCollection","features":[{"type":"Feature","geometry":{"type":"Polygon","coordinates":[[[-106.64666,45.20102],[-106.64666,45.20076],[-106.64628,45.20076],[-106.64628,45.20022],[-106.64589,45.20022],[-106.64589,45.19941],[-106.64513,45.19914],[-106.64513,45.19833],[-106.64551,45.19833],[-106.64551,45.19671],[-106.64589,45.19671],[-106.64589,45.19563],[-106.64628,45.19563],[-106.64628,45.1951],[-106.64666,45.1951],[-106.64666,45.19429],[-106.64742,45.19402],[-106.64742,45.19348],[-106.6478,45.19348],[-106.6478,45.1924],[-106.64819,45.1924],[-106.64819,45.19132],[-106.64857,45.19132],[-106.64857,45.19024],[-106.64895,45.19024],[-106.64895,45.18917],[-106.64857,45.18917],[-106.64857,45.1889],[-106.6478,45.1889],[-106.6478,45.18836],[-106.64742,45.18836],[-106.64742,45.18728],[-106.64704,45.18728],[-106.64704,45.18674],[-106.64628,45.18647],[-106.64628,45.18593],[-106.64589,45.18593],[-106.64589,45.18566],[-106.64513,45.18566],[-106.64513,45.18539],[-106.64398,45.18539],[-106.64398,45.18512],[-106.6436,45.18512],[-106.6436,45.18539],[-106.64169,45.18539],[-106.64169,45.18512],[-106.6413,45.18512],[-106.6413,45.18432],[-106.64092,45.18432],[-106.64092,45.18378],[-106.64016,45.18378],[-106.64016,45.18351],[-106.63977,45.18351],[-106.63977,45.18324],[-106.63901,45.18324],[-106.63901,45.18297],[-106.63824,45.18297],[-106.63824,45.1827],[-106.63786,45.1827],[-106.63786,45.18216],[-106.63748,45.18216],[-106.63748,45.18189],[-106.63672,45.18162],[-106.63672,45.18135],[-106.63557,45.18135],[-106.63557,45.18108],[-106.6348,45.18108],[-106.6348,45.18135],[-106.63327,45.18135],[-106.63327,45.18108],[-106.63251,45.18108],[-106.63251,45.18081],[-106.63213,45.18081],[-106.63213,45.18054],[-106.63174,45.18054],[-106.63174,45.18027],[-106.63136,45.18027],[-106.63136,45.18],[-106.6306,45.17973],[-106.6306,45.17866],[-106.62983,45.17866],[-106.62983,45.17839],[-106.62869,45.17839],[-106.62869,45.17866],[-106.62792,45.17866],[-106.62792,45.17893],[-106.62716,45.1792],[-106.62716,45.17947],[-106.62524,45.17947],[-106.62524,45.17973],[-106.6241,45.17973],[-106.6241,45.18],[-106.62257,45.18],[-106.62257,45.18027],[-106.6218,45.18027],[-106.6218,45.18054],[-106.62142,45.18054],[-106.62142,45.18081],[-106.6218,45.18081],[-106.6218,45.18108],[-106.62142,45.18108],[-106.62142,45.18135],[-106.62065,45.18162],[-106.62065,45.18189],[-106.61989,45.18216],[-106.61989,45.1827],[-106.61913,45.18297],[-106.61913,45.18351],[-106.61874,45.18351],[-106.61874,45.18378],[-106.61836,45.18378],[-106.61836,45.18405],[-106.61798,45.18405],[-106.61798,45.18432],[-106.6176,45.18432],[-106.6176,45.18459],[-106.61721,45.18459],[-106.61721,45.18917],[-106.61645,45.18944],[-106.61645,45.18998],[-106.61607,45.18998],[-106.61607,45.19051],[-106.61645,45.19051],[-106.61645,45.19078],[-106.61683,45.19078],[-106.61683,45.19051],[-106.62027,45.19051],[-106.62027,45.19024],[-106.62104,45.19024],[-106.62104,45.18971],[-106.62142,45.18971],[-106.62142,45.18944],[-106.62333,45.18944],[-106.62333,45.18998],[-106.6241,45.19024],[-106.6241,45.19051],[-106.62448,45.19051],[-106.62448,45.19105],[-106.62524,45.19132],[-106.62524,45.19186],[-106.62563,45.19186],[-106.62563,45.1924],[-106.62601,45.1924],[-106.62601,45.19294],[-106.62639,45.19294],[-106.62639,45.19348],[-106.62677,45.19348],[-106.62677,45.19402],[-106.62716,45.19402],[-106.62716,45.19483],[-106.62754,45.19483],[-106.62754,45.19563],[-106.62792,45.19563],[-106.62792,45.19617],[-106.6283,45.19617],[-106.6283,45.19671],[-106.62869,45.19671],[-106.62869,45.19698],[-106.63213,45.19698],[-106.63213,45.19725],[-106.63289,45.19752],[-106.63289,45.19833],[-106.63327,45.19833],[-106.63327,45.19914],[-106.63366,45.19914],[-106.63366,45.19968],[-106.63404,45.19968],[-106.63404,45.19995],[-106.6348,45.20022],[-106.6348,45.20076],[-106.63595,45.20076],[-106.63595,45.20049],[-106.63633,45.20049],[-106.63633,45.20022],[-106.63672,45.20022],[-106.63672,45.19995],[-106.6371,45.19995],[-106.6371,45.19968],[-106.63786,45.19941],[-106.63786,45.19914],[-106.63863,45.19887],[-106.63863,45.1986],[-106.63977,45.1986],[-106.63977,45.19914],[-106.64016,45.19914],[-106.64016,45.19941],[-106.64054,45.19941],[-106.64054,45.19968],[-106.6413,45.19968],[-106.6413,45.19995],[-106.64207,45.20022],[-106.64207,45.20049],[-106.64322,45.20049],[-106.64322,45.20076],[-106.64589,45.20076],[-106.64589,45.20102],[-106.64666,45.20102]]]},"properties":{"layer":"observed_perimeter","fire_name":"Harris","irwin_id":"{1CF9F8F2-53E7-46E0-8744-2CE5FCCB2D74}","model":"arrival_run","checkpoint_epoch":216,"decode":"connected_causal","operating_point":{"floor":0.0,"mult":0.9},"val_precision":null,"val_recall":null,"model_caveat":"arrival_run chosen for best RECALL among the six FlameFlux v3 candidates on the production-valid t0-window corpus (R=0.624 on the fc2 held-out fires, R=0.432 on Dillon -- see candidate_comparison.md from the 2026-07-24 comparison). It does NOT meet the project's P>=0.50/R>=0.80 target: precision is the WORST of the six (P=0.120 on fc2 -- most flagged growth is wrong), and wind_run actually edges it on F1. IMPORTANT CAVEAT: arrival_run trained on the leaky 'observed' corpus (crop centered/sized on t0|t1, i.e. it saw the future perimeter's geometry during training) and has NEVER seen a t0-window crop -- the ONLY geometry this live pipeline can ever produce at forecast time (the future perimeter is, by definition, unknown). So every live prediction from this model is out-of-distribution relative to its own training. The measured t0-window numbers above already reflect that (they are not a surprise), but this is 'best available', not 'production-ready' -- represent it that way. The operating_point (floor=0.0, mult=0.9) is the VAL-selected connected-causal decode point; it did NOT clear the 0.50 precision floor during selection (feasible=False, val P=0.270/R=0.259) -- it's the best-F1 fallback point, not a precision-guaranteed one.","issued_at_utc":"2026-08-10 14:30:50.037077+00:00","valid_from_utc":"2026-08-10 00:00:00","valid_to_utc":"2026-08-11 00:00:00","wfigs_date_current_utc":"2026-08-10 14:00:26.469000+00:00","pixel_size_m":30,"veg_source":"refreshed_d4","physics_source":"eikonal_fbfm40","history_n_dates":1,"degraded_history":true,"containment_pct":10,"acres_wfigs":924.3420700993352}},{"type":"Feature","geometry":{"type":"MultiPolygon","coordinates":[[[[-106.60727,45.1951],[-106.60689,45.1951],[-106.60689,45.19429],[-106.60651,45.19429],[-106.60651,45.19348],[-106.60612,45.19348],[-106.60612,45.19186],[-106.60536,45.19186],[-106.60536,45.19159],[-106.60421,45.19159],[-106.60421,45.19132],[-106.60345,45.19132],[-106.60345,45.19078],[-106.60383,45.19078],[-106.60383,45.19051],[-106.60421,45.19051],[-106.60421,45.19024],[-106.60459,45.19024],[-106.60459,45.18998],[-106.60536,45.18971],[-106.60536,45.18944],[-106.60612,45.18944],[-106.60612,45.1889],[-106.60651,45.1889],[-106.60651,45.18863],[-106.60612,45.18863],[-106.60612,45.18836],[-106.60536,45.18836],[-106.60536,45.18809],[-106.60498,45.18809],[-106.60498,45.18782],[-106.60536,45.18782],[-106.60536,45.18701],[-106.60498,45.18701],[-106.60498,45.18674],[-106.60345,45.18674],[-106.60345,45.18701],[-106.60154,45.18701],[-106.60154,45.18566],[-106.60115,45.18566],[-106.60115,45.18539],[-106.60154,45.18539],[-106.60154,45.18432],[-106.60115,45.18432],[-106.60115,45.18378],[-106.60077,45.18378],[-106.60077,45.18297],[-106.60268,45.18297],[-106.60268,45.18216],[-106.60192,45.18189],[-106.60192,45.17973],[-106.6023,45.17973],[-106.6023,45.17947],[-106.60421,45.17947],[-106.60421,45.17893],[-106.60459,45.17893],[-106.60459,45.17812],[-106.60498,45.17812],[-106.60498,45.17758],[-106.60612,45.17758],[-106.60612,45.17812],[-106.60574,45.17812],[-106.60574,45.17866],[-106.60498,45.17893],[-106.60498,45.17973],[-106.60651,45.17973],[-106.60651,45.17947],[-106.60689,45.17947],[-106.60689,45.17893],[-106.60765,45.17866],[-106.60765,45.17812],[-106.60804,45.17812],[-106.60804,45.17704],[-106.60957,45.17677],[-106.60957,45.17596],[-106.60995,45.17596],[-106.60995,45.17569],[-106.61033,45.17569],[-106.61033,45.17542],[-106.61071,45.17542],[-106.61071,45.17569],[-106.61186,45.17569],[-106.61186,45.17515],[-106.61224,45.17515],[-106.61224,45.17488],[-106.61262,45.17488],[-106.61262,45.17461],[-106.61339,45.17461],[-106.61339,45.17434],[-106.61415,45.17434],[-106.61415,45.17408],[-106.61492,45.17381],[-106.61492,45.17246],[-106.61454,45.17246],[-106.61454,45.17165],[-106.61492,45.17165],[-106.61492,45.17138],[-106.61568,45.17138],[-106.61568,45.17165],[-106.61607,45.17165],[-106.61607,45.17219],[-106.61568,45.17219],[-106.61568,45.17246],[-106.61645,45.17246],[-106.61645,45.17219],[-106.6176,45.17219],[-106.6176,45.17246],[-106.61989,45.17246],[-106.61989,45.17219],[-106.62065,45.17192],[-106.62065,45.17165],[-106.62486,45.17165],[-106.62486,45.17138],[-106.62563,45.17138],[-106.62563,45.17111],[-106.62639,45.17111],[-106.62639,45.1703],[-106.62677,45.1703],[-106.62677,45.16976],[-106.62716,45.16976],[-106.62716,45.16949],[-106.62754,45.16949],[-106.62754,45.16922],[-106.6283,45.16922],[-106.6283,45.16949],[-106.62869,45.16949],[-106.62869,45.17003],[-106.6283,45.17003],[-106.6283,45.17057],[-106.62869,45.17057],[-106.62869,45.17138],[-106.62677,45.17138],[-106.62677,45.17165],[-106.62716,45.17165],[-106.62716,45.17219],[-106.62792,45.17219],[-106.62792,45.17246],[-106.62945,45.17246],[-106.62945,45.17219],[-106.63098,45.17219],[-106.63098,45.17246],[-106.63174,45.17246],[-106.63174,45.17219],[-106.63327,45.17219],[-106.63327,45.17192],[-106.63366,45.17192],[-106.63366,45.17165],[-106.63442,45.17165],[-106.63442,45.17138],[-106.63519,45.17138],[-106.63519,45.17111],[-106.63633,45.17111],[-106.63633,45.17138],[-106.6371,45.17165],[-106.6371,45.17192],[-106.63786,45.17192],[-106.63786,45.17219],[-106.64092,45.17219],[-106.64092,45.17246],[-106.64207,45.17246],[-106.64207,45.17273],[-106.64283,45.17273],[-106.64283,45.17246],[-106.64322,45.17246],[-106.64322,45.17192],[-106.64283,45.17192],[-106.64283,45.17111],[-106.6436,45.17084],[-106.6436,45.17057],[-106.64436,45.17057],[-106.64436,45.17138],[-106.64398,45.17138],[-106.64398,45.17192],[-106.6436,45.17192],[-106.6436,45.173],[-106.64398,45.173],[-106.64398,45.17408],[-106.64436,45.17408],[-106.64436,45.17488],[-106.64475,45.17488],[-106.64475,45.17515],[-106.64589,45.17515],[-106.64589,45.17488],[-106.64666,45.17488],[-106.64666,45.17515],[-106.64742,45.17515],[-106.64742,45.17542],[-106.6478,45.17542],[-106.6478,45.17515],[-106.64895,45.17515],[-106.64895,45.17542],[-106.64933,45.17542],[-106.64933,45.17623],[-106.64972,45.17623],[-106.64972,45.1765],[-106.65048,45.17677],[-106.65048,45.17704],[-106.65086,45.17704],[-106.65086,45.17731],[-106.6501,45.17731],[-106.6501,45.17758],[-106.65086,45.17785],[-106.65086,45.17812],[-106.65125,45.17812],[-106.65125,45.17839],[-106.65201,45.17839],[-106.65201,45.17866],[-106.65316,45.17866],[-106.65316,45.17812],[-106.65239,45.17785],[-106.65239,45.17731],[-106.65316,45.17731],[-106.65316,45.17758],[-106.65392,45.17758],[-106.65392,45.17785],[-106.65431,45.17785],[-106.65431,45.17812],[-106.65507,45.17812],[-106.65507,45.17839],[-106.65545,45.17839],[-106.65545,45.17866],[-106.65622,45.17893],[-106.65622,45.1792],[-106.65775,45.1792],[-106.65775,45.17893],[-106.65813,45.17893],[-106.65813,45.17866],[-106.65928,45.17866],[-106.65928,45.1792],[-106.65966,45.1792],[-106.65966,45.17947],[-106.65928,45.17947],[-106.65928,45.18],[-106.65889,45.18],[-106.65889,45.18027],[-106.66004,45.18027],[-106.66004,45.18],[-106.66081,45.17973],[-106.66081,45.17947],[-106.66272,45.17947],[-106.66272,45.18027],[-106.66234,45.18027],[-106.66234,45.18189],[-106.66272,45.18189],[-106.66272,45.18459],[-106.6631,45.18459],[-106.6631,45.18486],[-106.66386,45.18486],[-106.66386,45.18512],[-106.66425,45.18512],[-106.66425,45.18593],[-106.66463,45.18593],[-106.66463,45.18701],[-106.66425,45.18701],[-106.66425,45.18755],[-106.66463,45.18755],[-106.66463,45.18809],[-106.66425,45.18809],[-106.66425,45.18836],[-106.66348,45.18863],[-106.66348,45.18944],[-106.66386,45.18944],[-106.66386,45.18971],[-106.66425,45.18971],[-106.66425,45.18998],[-106.66501,45.18998],[-106.66501,45.19024],[-106.66539,45.19024],[-106.66539,45.19051],[-106.66616,45.19078],[-106.66616,45.19105],[-106.66692,45.19105],[-106.66692,45.19132],[-106.66845,45.19132],[-106.66845,45.19159],[-106.66807,45.19159],[-106.66807,45.19186],[-106.66731,45.19186],[-106.66731,45.19213],[-106.66692,45.19213],[-106.66692,45.1924],[-106.66539,45.1924],[-106.66539,45.19213],[-106.66501,45.19213],[-106.66501,45.19186],[-106.66386,45.19186],[-106.66386,45.19159],[-106.66234,45.19159],[-106.66234,45.19186],[-106.66195,45.19186],[-106.66195,45.19213],[-106.66234,45.19213],[-106.66234,45.19348],[-106.66195,45.19348],[-106.66195,45.19402],[-106.66157,45.19402],[-106.66157,45.19537],[-106.66463,45.19537],[-106.66463,45.1959],[-106.66501,45.1959],[-106.66501,45.19617],[-106.6631,45.19617],[-106.6631,45.19698],[-106.66501,45.19698],[-106.66501,45.19644],[-106.66539,45.19644],[-106.66539,45.19698],[-106.66692,45.19698],[-106.66692,45.19725],[-106.66731,45.19725],[-106.66731,45.19779],[-106.66692,45.19779],[-106.66692,45.19806],[-106.66654,45.19806],[-106.66654,45.19833],[-106.66578,45.19833],[-106.66578,45.1986],[-106.66501,45.19887],[-106.66501,45.20049],[-106.66463,45.20049],[-106.66463,45.20183],[-106.66539,45.20183],[-106.66539,45.20156],[-106.66578,45.20156],[-106.66578,45.20129],[-106.66654,45.20102],[-106.66654,45.20076],[-106.66692,45.20076],[-106.66692,45.20264],[-106.66654,45.20264],[-106.66654,45.20345],[-106.66578,45.20372],[-106.66578,45.20426],[-106.66616,45.20426],[-106.66616,45.20534],[-106.66578,45.20534],[-106.66578,45.20588],[-106.66539,45.20588],[-106.66539,45.20615],[-106.66501,45.20615],[-106.66501,45.20641],[-106.66425,45.20668],[-106.66425,45.20695],[-106.66272,45.20695],[-106.66272,45.20722],[-106.66234,45.20722],[-106.66234,45.20749],[-106.66119,45.20749],[-106.66119,45.20695],[-106.66081,45.20695],[-106.66081,45.20668],[-106.65966,45.20668],[-106.65966,45.20749],[-106.66004,45.20749],[-106.66004,45.20776],[-106.66042,45.20776],[-106.66042,45.20803],[-106.66119,45.20803],[-106.66119,45.20776],[-106.66157,45.20776],[-106.66157,45.2083],[-106.66234,45.2083],[-106.66234,45.20857],[-106.66195,45.20857],[-106.66195,45.20884],[-106.66234,45.20884],[-106.66234,45.20938],[-106.6631,45.20938],[-106.6631,45.20965],[-106.66157,45.20965],[-106.66157,45.20992],[-106.66119,45.20992],[-106.66119,45.21019],[-106.66081,45.21019],[-106.66081,45.21046],[-106.65889,45.21046],[-106.65889,45.21073],[-106.65851,45.21073],[-106.65851,45.21127],[-106.6566,45.21127],[-106.6566,45.21153],[-106.65622,45.21153],[-106.65622,45.2118],[-106.65545,45.2118],[-106.65545,45.21207],[-106.65239,45.21207],[-106.65239,45.21234],[-106.65201,45.21234],[-106.65201,45.21261],[-106.65239,45.21261],[-106.65239,45.21288],[-106.65163,45.21288],[-106.65163,45.21315],[-106.65125,45.21315],[-106.65125,45.21342],[-106.65048,45.21342],[-106.65048,45.21396],[-106.64819,45.21396],[-106.64819,45.21423],[-106.6478,45.21423],[-106.6478,45.2145],[-106.64551,45.2145],[-106.64551,45.21504],[-106.64513,45.21504],[-106.64513,45.21558],[-106.64436,45.21558],[-106.64436,45.21585],[-106.6436,45.21585],[-106.6436,45.21612],[-106.64169,45.21612],[-106.64169,45.21639],[-106.6413,45.21639],[-106.6413,45.21531],[-106.64092,45.21531],[-106.64092,45.21504],[-106.64054,45.21504],[-106.64054,45.21477],[-106.63939,45.21477],[-106.63939,45.21504],[-106.63863,45.21504],[-106.63863,45.21531],[-106.6371,45.21504],[-106.6371,45.21531],[-106.63557,45.21531],[-106.63557,45.21558],[-106.63519,45.21558],[-106.63519,45.21477],[-106.63557,45.21477],[-106.63557,45.2145],[-106.63633,45.2145],[-106.63633,45.21423],[-106.63863,45.21423],[-106.63863,45.21396],[-106.63939,45.21396],[-106.63939,45.21342],[-106.63863,45.21315],[-106.63863,45.21261],[-106.63824,45.21261],[-106.63824,45.2118],[-106.63672,45.2118],[-106.63672,45.21153],[-106.63289,45.2118],[-106.63289,45.21234],[-106.63251,45.21234],[-106.63251,45.21423],[-106.63289,45.21423],[-106.63289,45.21531],[-106.63251,45.21531],[-106.63251,45.21504],[-106.63213,45.21504],[-106.63213,45.21477],[-106.63136,45.2145],[-106.63136,45.21423],[-106.6306,45.21396],[-106.6306,45.21261],[-106.63136,45.21261],[-106.63136,45.21234],[-106.6306,45.21207],[-106.6306,45.21153],[-106.62983,45.21127],[-106.62983,45.21073],[-106.62945,45.21073],[-106.62945,45.20992],[-106.62983,45.20992],[-106.62983,45.20965],[-106.6283,45.20965],[-106.6283,45.20938],[-106.62869,45.20938],[-106.62869,45.20857],[-106.6283,45.20857],[-106.6283,45.2083],[-106.62792,45.2083],[-106.62792,45.20803],[-106.62754,45.20803],[-106.62754,45.2083],[-106.62677,45.20857],[-106.62677,45.20911],[-106.62601,45.20938],[-106.62601,45.20965],[-106.62448,45.20965],[-106.62448,45.20992],[-106.62333,45.20992],[-106.62333,45.20965],[-106.62257,45.20938],[-106.62257,45.20884],[-106.62295,45.20884],[-106.62295,45.20857],[-106.62333,45.20857],[-106.62333,45.2083],[-106.6241,45.2083],[-106.6241,45.20803],[-106.62448,45.20803],[-106.62448,45.20749],[-106.62295,45.20749],[-106.62295,45.20722],[-106.62218,45.20722],[-106.62218,45.20695],[-106.6218,45.20695],[-106.6218,45.20668],[-106.62104,45.20668],[-106.62104,45.20641],[-106.61836,45.20641],[-106.61836,45.20615],[-106.6176,45.20588],[-106.6176,45.20507],[-106.61874,45.20507],[-106.61874,45.2048],[-106.61913,45.2048],[-106.61913,45.20453],[-106.61989,45.20453],[-106.61989,45.20426],[-106.62027,45.20426],[-106.62027,45.20372],[-106.61989,45.20372],[-106.61989,45.20318],[-106.61951,45.20318],[-106.61951,45.20264],[-106.61568,45.20264],[-106.61568,45.20237],[-106.6153,45.20237],[-106.6153,45.20156],[-106.61454,45.20156],[-106.61454,45.20129],[-106.61148,45.20129],[-106.61148,45.20102],[-106.6111,45.20102],[-106.6111,45.20076],[-106.61186,45.20049],[-106.61186,45.20022],[-106.61454,45.20022],[-106.61454,45.19995],[-106.6153,45.19968],[-106.6153,45.19941],[-106.61492,45.19941],[-106.61492,45.19887],[-106.61415,45.19887],[-106.61415,45.1986],[-106.61377,45.1986],[-106.61377,45.19833],[-106.61301,45.19833],[-106.61301,45.19806],[-106.61148,45.19833],[-106.61148,45.19887],[-106.61033,45.19887],[-106.61033,45.1986],[-106.60995,45.1986],[-106.60995,45.19644],[-106.60957,45.19644],[-106.60957,45.1959],[-106.6088,45.19563],[-106.6088,45.1951],[-106.60804,45.1951],[-106.60804,45.19537],[-106.60727,45.19537],[-106.60727,45.1951]],[[-106.64398,45.21288],[-106.64283,45.21288],[-106.64283,45.21234],[-106.6413,45.21234],[-106.6413,45.21261],[-106.64092,45.21261],[-106.64092,45.21288],[-106.64016,45.21288],[-106.64016,45.21315],[-106.64398,45.21315],[-106.64398,45.21288]],[[-106.63251,45.21019],[-106.63213,45.21019],[-106.63213,45.21073],[-106.63251,45.21073],[-106.63251,45.21019]],[[-106.61874,45.2021],[-106.61836,45.2021],[-106.61836,45.20156],[-106.61798,45.20156],[-106.61798,45.20102],[-106.61721,45.20102],[-106.61721,45.20129],[-106.6176,45.20129],[-106.6176,45.20156],[-106.61721,45.20156],[-106.61721,45.20183],[-106.6176,45.20183],[-106.6176,45.20237],[-106.61874,45.20237],[-106.61874,45.2021]],[[-106.66042,45.20129],[-106.66119,45.20129],[-106.66119,45.20102],[-106.66195,45.20076],[-106.66195,45.20049],[-106.66234,45.20049],[-106.66234,45.19995],[-106.66004,45.19995],[-106.66004,45.20076],[-106.65966,45.20076],[-106.65966,45.20129],[-106.66004,45.20129],[-106.66004,45.20156],[-106.66042,45.20156],[-106.66042,45.20129]],[[-106.64666,45.20049],[-106.64628,45.20049],[-106.64628,45.20076],[-106.64666,45.20076],[-106.64666,45.20049]],[[-106.61683,45.20022],[-106.61721,45.20022],[-106.61721,45.19995],[-106.61683,45.19995],[-106.61683,45.20022]],[[-106.61683,45.19968],[-106.61721,45.19968],[-106.61721,45.19941],[-106.61683,45.19941],[-106.61683,45.19914],[-106.61607,45.19914],[-106.61607,45.19968],[-106.61645,45.19968],[-106.61645,45.19995],[-106.61683,45.19995],[-106.61683,45.19968]],[[-106.61721,45.19051],[-106.61683,45.19051],[-106.61683,45.19078],[-106.61721,45.19078],[-106.61721,45.19051]],[[-106.61645,45.19051],[-106.61607,45.19051],[-106.61607,45.19078],[-106.61645,45.19078],[-106.61645,45.19051]],[[-106.61645,45.18971],[-106.61607,45.18971],[-106.61607,45.18998],[-106.61645,45.18998],[-106.61645,45.18971]],[[-106.66195,45.1862],[-106.66272,45.18593],[-106.66272,45.18539],[-106.66157,45.18539],[-106.66157,45.18566],[-106.66081,45.18593],[-106.66081,45.1862],[-106.66119,45.1862],[-106.66119,45.18647],[-106.66195,45.18647],[-106.66195,45.1862]],[[-106.64436,45.18512],[-106.64398,45.18512],[-106.64398,45.18539],[-106.64436,45.18539],[-106.64436,45.18512]],[[-106.6436,45.18512],[-106.64322,45.18512],[-106.64322,45.18539],[-106.6436,45.18539],[-106.6436,45.18512]],[[-106.66119,45.18243],[-106.66042,45.18243],[-106.66042,45.1827],[-106.66004,45.1827],[-106.66004,45.18324],[-106.66119,45.18324],[-106.66119,45.18243]],[[-106.63595,45.18108],[-106.63557,45.18108],[-106.63557,45.18135],[-106.63595,45.18135],[-106.63595,45.18108]],[[-106.6348,45.18108],[-106.63442,45.18108],[-106.63442,45.18135],[-106.6348,45.18135],[-106.6348,45.18108]],[[-106.6218,45.18081],[-106.62142,45.18081],[-106.62142,45.18108],[-106.6218,45.18108],[-106.6218,45.18081]],[[-106.6218,45.18027],[-106.62142,45.18027],[-106.62142,45.18054],[-106.6218,45.18054],[-106.6218,45.18027]],[[-106.62257,45.18],[-106.62218,45.18],[-106.62218,45.18027],[-106.62257,45.18027],[-106.62257,45.18]],[[-106.62524,45.17947],[-106.62486,45.17947],[-106.62486,45.17973],[-106.62524,45.17973],[-106.62524,45.17947]],[[-106.62869,45.17839],[-106.6283,45.17839],[-106.6283,45.17866],[-106.62869,45.17866],[-106.62869,45.17839]]],[[[-106.60727,45.19563],[-106.60689,45.19563],[-106.60689,45.19537],[-106.60727,45.19537],[-106.60727,45.19563]]]]},"properties":{"layer":"predicted_perimeter_24h","fire_name":"Harris","irwin_id":"{1CF9F8F2-53E7-46E0-8744-2CE5FCCB2D74}","model":"arrival_run","checkpoint_epoch":216,"decode":"connected_causal","operating_point":{"floor":0.0,"mult":0.9},"val_precision":null,"val_recall":null,"model_caveat":"arrival_run chosen for best RECALL among the six FlameFlux v3 candidates on the production-valid t0-window corpus (R=0.624 on the fc2 held-out fires, R=0.432 on Dillon -- see candidate_comparison.md from the 2026-07-24 comparison). It does NOT meet the project's P>=0.50/R>=0.80 target: precision is the WORST of the six (P=0.120 on fc2 -- most flagged growth is wrong), and wind_run actually edges it on F1. IMPORTANT CAVEAT: arrival_run trained on the leaky 'observed' corpus (crop centered/sized on t0|t1, i.e. it saw the future perimeter's geometry during training) and has NEVER seen a t0-window crop -- the ONLY geometry this live pipeline can ever produce at forecast time (the future perimeter is, by definition, unknown). So every live prediction from this model is out-of-distribution relative to its own training. The measured t0-window numbers above already reflect that (they are not a surprise), but this is 'best available', not 'production-ready' -- represent it that way. The operating_point (floor=0.0, mult=0.9) is the VAL-selected connected-causal decode point; it did NOT clear the 0.50 precision floor during selection (feasible=False, val P=0.270/R=0.259) -- it's the best-F1 fallback point, not a precision-guaranteed one.","issued_at_utc":"2026-08-10 14:30:50.037077+00:00","valid_from_utc":"2026-08-10 00:00:00","valid_to_utc":"2026-08-11 00:00:00","wfigs_date_current_utc":"2026-08-10 14:00:26.469000+00:00","pixel_size_m":30,"veg_source":"refreshed_d4","physics_source":"eikonal_fbfm40","history_n_dates":1,"degraded_history":true,"containment_pct":10,"acres_wfigs":924.3420700993352}},{"type":"Feature","geometry":{"type":"MultiPolygon","coordinates":[[[[-106.60727,45.1951],[-106.60689,45.1951],[-106.60689,45.19429],[-106.60651,45.19429],[-106.60651,45.19348],[-106.60612,45.19348],[-106.60612,45.19186],[-106.60536,45.19186],[-106.60536,45.19159],[-106.60421,45.19159],[-106.60421,45.19132],[-106.60345,45.19132],[-106.60345,45.19078],[-106.60383,45.19078],[-106.60383,45.19051],[-106.60421,45.19051],[-106.60421,45.19024],[-106.60459,45.19024],[-106.60459,45.18998],[-106.60536,45.18971],[-106.60536,45.18944],[-106.60612,45.18944],[-106.60612,45.1889],[-106.60651,45.1889],[-106.60651,45.18863],[-106.60612,45.18863],[-106.60612,45.18836],[-106.60536,45.18836],[-106.60536,45.18809],[-106.60498,45.18809],[-106.60498,45.18782],[-106.60536,45.18782],[-106.60536,45.18701],[-106.60498,45.18701],[-106.60498,45.18674],[-106.60345,45.18674],[-106.60345,45.18701],[-106.60154,45.18701],[-106.60154,45.18566],[-106.60115,45.18566],[-106.60115,45.18539],[-106.60154,45.18539],[-106.60154,45.18432],[-106.60115,45.18432],[-106.60115,45.18378],[-106.60077,45.18378],[-106.60077,45.18297],[-106.60268,45.18297],[-106.60268,45.18216],[-106.60192,45.18189],[-106.60192,45.17973],[-106.6023,45.17973],[-106.6023,45.17947],[-106.60421,45.17947],[-106.60421,45.17893],[-106.60459,45.17893],[-106.60459,45.17812],[-106.60498,45.17812],[-106.60498,45.17758],[-106.60612,45.17758],[-106.60612,45.17812],[-106.60574,45.17812],[-106.60574,45.17866],[-106.60498,45.17893],[-106.60498,45.17973],[-106.60651,45.17973],[-106.60651,45.17947],[-106.60689,45.17947],[-106.60689,45.17893],[-106.60765,45.17866],[-106.60765,45.17812],[-106.60804,45.17812],[-106.60804,45.17704],[-106.60957,45.17677],[-106.60957,45.17596],[-106.60995,45.17596],[-106.60995,45.17569],[-106.61033,45.17569],[-106.61033,45.17542],[-106.61071,45.17542],[-106.61071,45.17569],[-106.61186,45.17569],[-106.61186,45.17515],[-106.61224,45.17515],[-106.61224,45.17488],[-106.61262,45.17488],[-106.61262,45.17461],[-106.61339,45.17461],[-106.61339,45.17434],[-106.61415,45.17434],[-106.61415,45.17408],[-106.61492,45.17381],[-106.61492,45.17246],[-106.61454,45.17246],[-106.61454,45.17165],[-106.61492,45.17165],[-106.61492,45.17138],[-106.61568,45.17138],[-106.61568,45.17165],[-106.61607,45.17165],[-106.61607,45.17219],[-106.61568,45.17219],[-106.61568,45.17246],[-106.61645,45.17246],[-106.61645,45.17219],[-106.6176,45.17219],[-106.6176,45.17246],[-106.61989,45.17246],[-106.61989,45.17219],[-106.62065,45.17192],[-106.62065,45.17165],[-106.62486,45.17165],[-106.62486,45.17138],[-106.62563,45.17138],[-106.62563,45.17111],[-106.62639,45.17111],[-106.62639,45.1703],[-106.62677,45.1703],[-106.62677,45.16976],[-106.62716,45.16976],[-106.62716,45.16949],[-106.62754,45.16949],[-106.62754,45.16922],[-106.6283,45.16922],[-106.6283,45.16949],[-106.62869,45.16949],[-106.62869,45.17003],[-106.6283,45.17003],[-106.6283,45.17057],[-106.62869,45.17057],[-106.62869,45.17138],[-106.62677,45.17138],[-106.62677,45.17165],[-106.62716,45.17165],[-106.62716,45.17219],[-106.62792,45.17219],[-106.62792,45.17246],[-106.62945,45.17246],[-106.62945,45.17219],[-106.63098,45.17219],[-106.63098,45.17246],[-106.63174,45.17246],[-106.63174,45.17219],[-106.63327,45.17219],[-106.63327,45.17192],[-106.63366,45.17192],[-106.63366,45.17165],[-106.63442,45.17165],[-106.63442,45.17138],[-106.63519,45.17138],[-106.63519,45.17111],[-106.63633,45.17111],[-106.63633,45.17138],[-106.6371,45.17165],[-106.6371,45.17192],[-106.63786,45.17192],[-106.63786,45.17219],[-106.64092,45.17219],[-106.64092,45.17246],[-106.64207,45.17246],[-106.64207,45.17273],[-106.64283,45.17273],[-106.64283,45.17246],[-106.64322,45.17246],[-106.64322,45.17192],[-106.64283,45.17192],[-106.64283,45.17111],[-106.6436,45.17084],[-106.6436,45.17057],[-106.64436,45.17057],[-106.64436,45.17138],[-106.64398,45.17138],[-106.64398,45.17192],[-106.6436,45.17192],[-106.6436,45.173],[-106.64398,45.173],[-106.64398,45.17408],[-106.64436,45.17408],[-106.64436,45.17488],[-106.64475,45.17488],[-106.64475,45.17515],[-106.64589,45.17515],[-106.64589,45.17488],[-106.64666,45.17488],[-106.64666,45.17515],[-106.64742,45.17515],[-106.64742,45.17542],[-106.6478,45.17542],[-106.6478,45.17515],[-106.64895,45.17515],[-106.64895,45.17542],[-106.64933,45.17542],[-106.64933,45.17623],[-106.64972,45.17623],[-106.64972,45.1765],[-106.65048,45.17677],[-106.65048,45.17704],[-106.65086,45.17704],[-106.65086,45.17731],[-106.6501,45.17731],[-106.6501,45.17758],[-106.65086,45.17785],[-106.65086,45.17812],[-106.65125,45.17812],[-106.65125,45.17839],[-106.65201,45.17839],[-106.65201,45.17866],[-106.65316,45.17866],[-106.65316,45.17812],[-106.65239,45.17785],[-106.65239,45.17731],[-106.65316,45.17731],[-106.65316,45.17758],[-106.65392,45.17758],[-106.65392,45.17785],[-106.65431,45.17785],[-106.65431,45.17812],[-106.65507,45.17812],[-106.65507,45.17839],[-106.65545,45.17839],[-106.65545,45.17866],[-106.65622,45.17893],[-106.65622,45.1792],[-106.65775,45.1792],[-106.65775,45.17893],[-106.65813,45.17893],[-106.65813,45.17866],[-106.65928,45.17866],[-106.65928,45.1792],[-106.65966,45.1792],[-106.65966,45.17947],[-106.65928,45.17947],[-106.65928,45.18],[-106.65889,45.18],[-106.65889,45.18027],[-106.66004,45.18027],[-106.66004,45.18],[-106.66081,45.17973],[-106.66081,45.17947],[-106.66272,45.17947],[-106.66272,45.18027],[-106.66234,45.18027],[-106.66234,45.18189],[-106.66272,45.18189],[-106.66272,45.18459],[-106.6631,45.18459],[-106.6631,45.18486],[-106.66386,45.18486],[-106.66386,45.18512],[-106.66425,45.18512],[-106.66425,45.18593],[-106.66463,45.18593],[-106.66463,45.18701],[-106.66425,45.18701],[-106.66425,45.18755],[-106.66463,45.18755],[-106.66463,45.18809],[-106.66425,45.18809],[-106.66425,45.18836],[-106.66348,45.18863],[-106.66348,45.18944],[-106.66386,45.18944],[-106.66386,45.18971],[-106.66425,45.18971],[-106.66425,45.18998],[-106.66501,45.18998],[-106.66501,45.19024],[-106.66539,45.19024],[-106.66539,45.19051],[-106.66616,45.19078],[-106.66616,45.19105],[-106.66692,45.19105],[-106.66692,45.19132],[-106.66845,45.19132],[-106.66845,45.19159],[-106.66807,45.19159],[-106.66807,45.19186],[-106.66731,45.19186],[-106.66731,45.19213],[-106.66692,45.19213],[-106.66692,45.1924],[-106.66539,45.1924],[-106.66539,45.19213],[-106.66501,45.19213],[-106.66501,45.19186],[-106.66386,45.19186],[-106.66386,45.19159],[-106.66234,45.19159],[-106.66234,45.19186],[-106.66195,45.19186],[-106.66195,45.19213],[-106.66234,45.19213],[-106.66234,45.19348],[-106.66195,45.19348],[-106.66195,45.19402],[-106.66157,45.19402],[-106.66157,45.19537],[-106.66463,45.19537],[-106.66463,45.1959],[-106.66501,45.1959],[-106.66501,45.19617],[-106.6631,45.19617],[-106.6631,45.19698],[-106.66501,45.19698],[-106.66501,45.19644],[-106.66539,45.19644],[-106.66539,45.19698],[-106.66692,45.19698],[-106.66692,45.19725],[-106.66731,45.19725],[-106.66731,45.19779],[-106.66692,45.19779],[-106.66692,45.19806],[-106.66654,45.19806],[-106.66654,45.19833],[-106.66578,45.19833],[-106.66578,45.1986],[-106.66501,45.19887],[-106.66501,45.20049],[-106.66463,45.20049],[-106.66463,45.20183],[-106.66539,45.20183],[-106.66539,45.20156],[-106.66578,45.20156],[-106.66578,45.20129],[-106.66654,45.20102],[-106.66654,45.20076],[-106.66692,45.20076],[-106.66692,45.20264],[-106.66654,45.20264],[-106.66654,45.20345],[-106.66578,45.20372],[-106.66578,45.20426],[-106.66616,45.20426],[-106.66616,45.20534],[-106.66578,45.20534],[-106.66578,45.20588],[-106.66539,45.20588],[-106.66539,45.20615],[-106.66501,45.20615],[-106.66501,45.20641],[-106.66425,45.20668],[-106.66425,45.20695],[-106.66272,45.20695],[-106.66272,45.20722],[-106.66234,45.20722],[-106.66234,45.20749],[-106.66119,45.20749],[-106.66119,45.20695],[-106.66081,45.20695],[-106.66081,45.20668],[-106.65966,45.20668],[-106.65966,45.20749],[-106.66004,45.20749],[-106.66004,45.20776],[-106.66042,45.20776],[-106.66042,45.20803],[-106.66119,45.20803],[-106.66119,45.20776],[-106.66157,45.20776],[-106.66157,45.2083],[-106.66234,45.2083],[-106.66234,45.20857],[-106.66195,45.20857],[-106.66195,45.20884],[-106.66234,45.20884],[-106.66234,45.20938],[-106.6631,45.20938],[-106.6631,45.20965],[-106.66157,45.20965],[-106.66157,45.20992],[-106.66119,45.20992],[-106.66119,45.21019],[-106.66081,45.21019],[-106.66081,45.21046],[-106.65889,45.21046],[-106.65889,45.21073],[-106.65851,45.21073],[-106.65851,45.21127],[-106.6566,45.21127],[-106.6566,45.21153],[-106.65622,45.21153],[-106.65622,45.2118],[-106.65545,45.2118],[-106.65545,45.21207],[-106.65239,45.21207],[-106.65239,45.21234],[-106.65201,45.21234],[-106.65201,45.21261],[-106.65239,45.21261],[-106.65239,45.21288],[-106.65163,45.21288],[-106.65163,45.21315],[-106.65125,45.21315],[-106.65125,45.21342],[-106.65048,45.21342],[-106.65048,45.21396],[-106.64819,45.21396],[-106.64819,45.21423],[-106.6478,45.21423],[-106.6478,45.2145],[-106.64551,45.2145],[-106.64551,45.21504],[-106.64513,45.21504],[-106.64513,45.21558],[-106.64436,45.21558],[-106.64436,45.21585],[-106.6436,45.21585],[-106.6436,45.21612],[-106.64169,45.21612],[-106.64169,45.21639],[-106.6413,45.21639],[-106.6413,45.21531],[-106.64092,45.21531],[-106.64092,45.21504],[-106.64054,45.21504],[-106.64054,45.21477],[-106.63939,45.21477],[-106.63939,45.21504],[-106.63863,45.21504],[-106.63863,45.21531],[-106.6371,45.21504],[-106.6371,45.21531],[-106.63557,45.21531],[-106.63557,45.21558],[-106.63519,45.21558],[-106.63519,45.21477],[-106.63557,45.21477],[-106.63557,45.2145],[-106.63633,45.2145],[-106.63633,45.21423],[-106.63863,45.21423],[-106.63863,45.21396],[-106.63939,45.21396],[-106.63939,45.21342],[-106.63863,45.21315],[-106.63863,45.21261],[-106.63824,45.21261],[-106.63824,45.2118],[-106.63672,45.2118],[-106.63672,45.21153],[-106.63289,45.2118],[-106.63289,45.21234],[-106.63251,45.21234],[-106.63251,45.21423],[-106.63289,45.21423],[-106.63289,45.21531],[-106.63251,45.21531],[-106.63251,45.21504],[-106.63213,45.21504],[-106.63213,45.21477],[-106.63136,45.2145],[-106.63136,45.21423],[-106.6306,45.21396],[-106.6306,45.21261],[-106.63136,45.21261],[-106.63136,45.21234],[-106.6306,45.21207],[-106.6306,45.21153],[-106.62983,45.21127],[-106.62983,45.21073],[-106.62945,45.21073],[-106.62945,45.20992],[-106.62983,45.20992],[-106.62983,45.20965],[-106.6283,45.20965],[-106.6283,45.20938],[-106.62869,45.20938],[-106.62869,45.20857],[-106.6283,45.20857],[-106.6283,45.2083],[-106.62792,45.2083],[-106.62792,45.20803],[-106.62754,45.20803],[-106.62754,45.2083],[-106.62677,45.20857],[-106.62677,45.20911],[-106.62601,45.20938],[-106.62601,45.20965],[-106.62448,45.20965],[-106.62448,45.20992],[-106.62333,45.20992],[-106.62333,45.20965],[-106.62257,45.20938],[-106.62257,45.20884],[-106.62295,45.20884],[-106.62295,45.20857],[-106.62333,45.20857],[-106.62333,45.2083],[-106.6241,45.2083],[-106.6241,45.20803],[-106.62448,45.20803],[-106.62448,45.20749],[-106.62295,45.20749],[-106.62295,45.20722],[-106.62218,45.20722],[-106.62218,45.20695],[-106.6218,45.20695],[-106.6218,45.20668],[-106.62104,45.20668],[-106.62104,45.20641],[-106.61836,45.20641],[-106.61836,45.20615],[-106.6176,45.20588],[-106.6176,45.20507],[-106.61874,45.20507],[-106.61874,45.2048],[-106.61913,45.2048],[-106.61913,45.20453],[-106.61989,45.20453],[-106.61989,45.20426],[-106.62027,45.20426],[-106.62027,45.20372],[-106.61989,45.20372],[-106.61989,45.20318],[-106.61951,45.20318],[-106.61951,45.20264],[-106.61568,45.20264],[-106.61568,45.20237],[-106.6153,45.20237],[-106.6153,45.20156],[-106.61454,45.20156],[-106.61454,45.20129],[-106.61148,45.20129],[-106.61148,45.20102],[-106.6111,45.20102],[-106.6111,45.20076],[-106.61186,45.20049],[-106.61186,45.20022],[-106.61454,45.20022],[-106.61454,45.19995],[-106.6153,45.19968],[-106.6153,45.19941],[-106.61492,45.19941],[-106.61492,45.19887],[-106.61415,45.19887],[-106.61415,45.1986],[-106.61377,45.1986],[-106.61377,45.19833],[-106.61301,45.19833],[-106.61301,45.19806],[-106.61148,45.19833],[-106.61148,45.19887],[-106.61033,45.19887],[-106.61033,45.1986],[-106.60995,45.1986],[-106.60995,45.19644],[-106.60957,45.19644],[-106.60957,45.1959],[-106.6088,45.19563],[-106.6088,45.1951],[-106.60804,45.1951],[-106.60804,45.19537],[-106.60727,45.19537],[-106.60727,45.1951]],[[-106.64398,45.21288],[-106.64283,45.21288],[-106.64283,45.21234],[-106.6413,45.21234],[-106.6413,45.21261],[-106.64092,45.21261],[-106.64092,45.21288],[-106.64016,45.21288],[-106.64016,45.21315],[-106.64398,45.21315],[-106.64398,45.21288]],[[-106.63251,45.21019],[-106.63213,45.21019],[-106.63213,45.21073],[-106.63251,45.21073],[-106.63251,45.21019]],[[-106.61874,45.2021],[-106.61836,45.2021],[-106.61836,45.20156],[-106.61798,45.20156],[-106.61798,45.20102],[-106.61721,45.20102],[-106.61721,45.20129],[-106.6176,45.20129],[-106.6176,45.20156],[-106.61721,45.20156],[-106.61721,45.20183],[-106.6176,45.20183],[-106.6176,45.20237],[-106.61874,45.20237],[-106.61874,45.2021]],[[-106.66042,45.20129],[-106.66119,45.20129],[-106.66119,45.20102],[-106.66195,45.20076],[-106.66195,45.20049],[-106.66234,45.20049],[-106.66234,45.19995],[-106.66004,45.19995],[-106.66004,45.20076],[-106.65966,45.20076],[-106.65966,45.20129],[-106.66004,45.20129],[-106.66004,45.20156],[-106.66042,45.20156],[-106.66042,45.20129]],[[-106.64666,45.20049],[-106.64589,45.20022],[-106.64589,45.19941],[-106.64513,45.19914],[-106.64513,45.19833],[-106.64551,45.19833],[-106.64551,45.19671],[-106.64589,45.19671],[-106.64589,45.19563],[-106.64628,45.19563],[-106.64628,45.1951],[-106.64666,45.1951],[-106.64666,45.19429],[-106.64742,45.19402],[-106.64742,45.19348],[-106.6478,45.19348],[-106.6478,45.1924],[-106.64819,45.1924],[-106.64819,45.19132],[-106.64857,45.19132],[-106.64857,45.19024],[-106.64895,45.19024],[-106.64895,45.18917],[-106.64857,45.18917],[-106.64857,45.1889],[-106.6478,45.1889],[-106.6478,45.18836],[-106.64742,45.18836],[-106.64742,45.18728],[-106.64704,45.18728],[-106.64704,45.18674],[-106.64628,45.18647],[-106.64628,45.18593],[-106.64589,45.18593],[-106.64589,45.18566],[-106.64513,45.18566],[-106.64513,45.18539],[-106.64436,45.18539],[-106.64436,45.18512],[-106.64322,45.18512],[-106.64322,45.18539],[-106.64169,45.18539],[-106.64169,45.18512],[-106.6413,45.18512],[-106.6413,45.18432],[-106.64092,45.18432],[-106.64092,45.18378],[-106.64016,45.18378],[-106.64016,45.18351],[-106.63977,45.18351],[-106.63977,45.18324],[-106.63901,45.18324],[-106.63901,45.18297],[-106.63824,45.18297],[-106.63824,45.1827],[-106.63786,45.1827],[-106.63786,45.18216],[-106.63748,45.18216],[-106.63748,45.18189],[-106.63672,45.18162],[-106.63672,45.18135],[-106.63595,45.18135],[-106.63595,45.18108],[-106.63442,45.18108],[-106.63442,45.18135],[-106.63327,45.18135],[-106.63327,45.18108],[-106.63251,45.18108],[-106.63251,45.18081],[-106.63213,45.18081],[-106.63213,45.18054],[-106.63174,45.18054],[-106.63174,45.18027],[-106.63136,45.18027],[-106.63136,45.18],[-106.6306,45.17973],[-106.6306,45.17866],[-106.62983,45.17866],[-106.62983,45.17839],[-106.6283,45.17839],[-106.6283,45.17866],[-106.62792,45.17866],[-106.62792,45.17893],[-106.62716,45.1792],[-106.62716,45.17947],[-106.62486,45.17947],[-106.62486,45.17973],[-106.6241,45.17973],[-106.6241,45.18],[-106.62218,45.18],[-106.62218,45.18027],[-106.62142,45.18027],[-106.62142,45.18135],[-106.62104,45.18135],[-106.62104,45.18162],[-106.62027,45.18189],[-106.62027,45.18216],[-106.61989,45.18216],[-106.61989,45.1827],[-106.61913,45.18297],[-106.61913,45.18351],[-106.61874,45.18351],[-106.61874,45.18378],[-106.61836,45.18378],[-106.61836,45.18405],[-106.61798,45.18405],[-106.61798,45.18432],[-106.6176,45.18432],[-106.6176,45.18459],[-106.61721,45.18459],[-106.61721,45.18917],[-106.61645,45.18944],[-106.61645,45.18971],[-106.61607,45.18971],[-106.61607,45.19078],[-106.61721,45.19078],[-106.61721,45.19051],[-106.62027,45.19051],[-106.62027,45.19024],[-106.62104,45.19024],[-106.62104,45.18971],[-106.62142,45.18971],[-106.62142,45.18944],[-106.62333,45.18944],[-106.62333,45.18998],[-106.6241,45.19024],[-106.6241,45.19051],[-106.62448,45.19051],[-106.62448,45.19105],[-106.62524,45.19132],[-106.62524,45.19186],[-106.62563,45.19186],[-106.62563,45.1924],[-106.62601,45.1924],[-106.62601,45.19294],[-106.62639,45.19294],[-106.62639,45.19348],[-106.62677,45.19348],[-106.62677,45.19402],[-106.62716,45.19402],[-106.62716,45.19483],[-106.62754,45.19483],[-106.62754,45.19563],[-106.62792,45.19563],[-106.62792,45.19617],[-106.6283,45.19617],[-106.6283,45.19671],[-106.62869,45.19671],[-106.62869,45.19698],[-106.63213,45.19698],[-106.63213,45.19725],[-106.63289,45.19752],[-106.63289,45.19833],[-106.63327,45.19833],[-106.63327,45.19914],[-106.63366,45.19914],[-106.63366,45.19968],[-106.63404,45.19968],[-106.63404,45.19995],[-106.6348,45.20022],[-106.6348,45.20076],[-106.63595,45.20076],[-106.63595,45.20049],[-106.63633,45.20049],[-106.63633,45.20022],[-106.63672,45.20022],[-106.63672,45.19995],[-106.6371,45.19995],[-106.6371,45.19968],[-106.63786,45.19941],[-106.63786,45.19914],[-106.63863,45.19887],[-106.63863,45.1986],[-106.63977,45.1986],[-106.63977,45.19914],[-106.64016,45.19914],[-106.64016,45.19941],[-106.64054,45.19941],[-106.64054,45.19968],[-106.6413,45.19968],[-106.6413,45.19995],[-106.64207,45.20022],[-106.64207,45.20049],[-106.64322,45.20049],[-106.64322,45.20076],[-106.64589,45.20076],[-106.64589,45.20102],[-106.64666,45.20102],[-106.64666,45.20049]],[[-106.61683,45.20022],[-106.61721,45.20022],[-106.61721,45.19995],[-106.61683,45.19995],[-106.61683,45.20022]],[[-106.61683,45.19968],[-106.61721,45.19968],[-106.61721,45.19941],[-106.61683,45.19941],[-106.61683,45.19914],[-106.61607,45.19914],[-106.61607,45.19968],[-106.61645,45.19968],[-106.61645,45.19995],[-106.61683,45.19995],[-106.61683,45.19968]],[[-106.66195,45.1862],[-106.66272,45.18593],[-106.66272,45.18539],[-106.66157,45.18539],[-106.66157,45.18566],[-106.66081,45.18593],[-106.66081,45.1862],[-106.66119,45.1862],[-106.66119,45.18647],[-106.66195,45.18647],[-106.66195,45.1862]],[[-106.66119,45.18243],[-106.66042,45.18243],[-106.66042,45.1827],[-106.66004,45.1827],[-106.66004,45.18324],[-106.66119,45.18324],[-106.66119,45.18243]]],[[[-106.60727,45.19563],[-106.60689,45.19563],[-106.60689,45.19537],[-106.60727,45.19537],[-106.60727,45.19563]]]]},"properties":{"layer":"predicted_growth_24h","fire_name":"Harris","irwin_id":"{1CF9F8F2-53E7-46E0-8744-2CE5FCCB2D74}","model":"arrival_run","checkpoint_epoch":216,"decode":"connected_causal","operating_point":{"floor":0.0,"mult":0.9},"val_precision":null,"val_recall":null,"model_caveat":"arrival_run chosen for best RECALL among the six FlameFlux v3 candidates on the production-valid t0-window corpus (R=0.624 on the fc2 held-out fires, R=0.432 on Dillon -- see candidate_comparison.md from the 2026-07-24 comparison). It does NOT meet the project's P>=0.50/R>=0.80 target: precision is the WORST of the six (P=0.120 on fc2 -- most flagged growth is wrong), and wind_run actually edges it on F1. IMPORTANT CAVEAT: arrival_run trained on the leaky 'observed' corpus (crop centered/sized on t0|t1, i.e. it saw the future perimeter's geometry during training) and has NEVER seen a t0-window crop -- the ONLY geometry this live pipeline can ever produce at forecast time (the future perimeter is, by definition, unknown). So every live prediction from this model is out-of-distribution relative to its own training. The measured t0-window numbers above already reflect that (they are not a surprise), but this is 'best available', not 'production-ready' -- represent it that way. The operating_point (floor=0.0, mult=0.9) is the VAL-selected connected-causal decode point; it did NOT clear the 0.50 precision floor during selection (feasible=False, val P=0.270/R=0.259) -- it's the best-F1 fallback point, not a precision-guaranteed one.","issued_at_utc":"2026-08-10 14:30:50.037077+00:00","valid_from_utc":"2026-08-10 00:00:00","valid_to_utc":"2026-08-11 00:00:00","wfigs_date_current_utc":"2026-08-10 14:00:26.469000+00:00","pixel_size_m":30,"veg_source":"refreshed_d4","physics_source":"eikonal_fbfm40","history_n_dates":1,"degraded_history":true,"containment_pct":10,"acres_wfigs":924.3420700993352}},{"type":"Feature","geometry":{"type":"MultiPolygon","coordinates":[[[[-106.62142,45.18],[-106.6218,45.18],[-106.6218,45.17973],[-106.62257,45.17973],[-106.62257,45.17947],[-106.6241,45.17947],[-106.6241,45.1792],[-106.62524,45.1792],[-106.62524,45.17893],[-106.62716,45.17893],[-106.62716,45.17866],[-106.62792,45.17839],[-106.62792,45.17812],[-106.62907,45.17812],[-106.62907,45.17785],[-106.62945,45.17785],[-106.62945,45.17812],[-106.63021,45.17812],[-106.63021,45.17839],[-106.63098,45.17839],[-106.63098,45.17866],[-106.63136,45.17866],[-106.63136,45.17973],[-106.63174,45.17973],[-106.63174,45.18],[-106.63213,45.18],[-106.63213,45.18027],[-106.63251,45.18027],[-106.63251,45.18054],[-106.63327,45.18054],[-106.63327,45.18081],[-106.63633,45.18081],[-106.63633,45.18108],[-106.6371,45.18108],[-106.6371,45.18135],[-106.63786,45.18162],[-106.63786,45.18189],[-106.63863,45.18216],[-106.63863,45.18243],[-106.63901,45.18243],[-106.63901,45.1827],[-106.63977,45.1827],[-106.63977,45.18297],[-106.64054,45.18324],[-106.64054,45.18351],[-106.6413,45.18351],[-106.6413,45.18378],[-106.64169,45.18378],[-106.64169,45.18432],[-106.64207,45.18432],[-106.64207,45.18486],[-106.64475,45.18486],[-106.64475,45.18512],[-106.64628,45.18539],[-106.64628,45.18566],[-106.64704,45.18593],[-106.64704,45.18647],[-106.6478,45.18674],[-106.6478,45.18728],[-106.64819,45.18728],[-106.64819,45.18836],[-106.64857,45.18836],[-106.64857,45.18863],[-106.64933,45.1889],[-106.64933,45.18917],[-106.64972,45.18917],[-106.64972,45.18998],[-106.64933,45.18998],[-106.64933,45.19105],[-106.64895,45.19105],[-106.64895,45.19213],[-106.64857,45.19213],[-106.64857,45.19321],[-106.64819,45.19321],[-106.64819,45.19375],[-106.6478,45.19375],[-106.6478,45.19429],[-106.64742,45.19429],[-106.64742,45.19483],[-106.64704,45.19483],[-106.64704,45.19537],[-106.64666,45.19537],[-106.64666,45.19617],[-106.64628,45.19617],[-106.64628,45.19779],[-106.64589,45.19779],[-106.64589,45.19914],[-106.64628,45.19914],[-106.64628,45.19968],[-106.64666,45.19968],[-106.64666,45.20022],[-106.64704,45.20022],[-106.64704,45.20102],[-106.64666,45.20102],[-106.64666,45.20129],[-106.64322,45.20129],[-106.64322,45.20102],[-106.64207,45.20102],[-106.64207,45.20076],[-106.6413,45.20049],[-106.6413,45.20022],[-106.64054,45.20022],[-106.64054,45.19995],[-106.64016,45.19995],[-106.64016,45.19968],[-106.63939,45.19941],[-106.63939,45.19914],[-106.63863,45.19914],[-106.63863,45.19941],[-106.63824,45.19941],[-106.63824,45.19968],[-106.63748,45.19995],[-106.63748,45.20022],[-106.6371,45.20022],[-106.6371,45.20049],[-106.63633,45.20076],[-106.63633,45.20102],[-106.63557,45.20102],[-106.63557,45.20129],[-106.63519,45.20129],[-106.63519,45.20102],[-106.6348,45.20102],[-106.6348,45.20076],[-106.63404,45.20049],[-106.63404,45.20022],[-106.63327,45.19995],[-106.63327,45.19941],[-106.63289,45.19941],[-106.63289,45.1986],[-106.63251,45.1986],[-106.63251,45.19806],[-106.63213,45.19806],[-106.63213,45.19752],[-106.62907,45.19752],[-106.62907,45.19725],[-106.6283,45.19725],[-106.6283,45.19698],[-106.62792,45.19698],[-106.62792,45.19644],[-106.62754,45.19644],[-106.62754,45.1959],[-106.62716,45.1959],[-106.62716,45.19537],[-106.62677,45.19537],[-106.62677,45.19429],[-106.62639,45.19429],[-106.62639,45.19375],[-106.62601,45.19375],[-106.62601,45.19321],[-106.62563,45.19321],[-106.62563,45.19267],[-106.62524,45.19267],[-106.62524,45.19213],[-106.62486,45.19213],[-106.62486,45.19159],[-106.6241,45.19132],[-106.6241,45.19078],[-106.62371,45.19078],[-106.62371,45.19051],[-106.62295,45.19024],[-106.62295,45.18998],[-106.62142,45.18998],[-106.62142,45.19051],[-106.62065,45.19051],[-106.62065,45.19078],[-106.61989,45.19078],[-106.61989,45.19105],[-106.61913,45.19105],[-106.61913,45.19078],[-106.61721,45.19078],[-106.61721,45.19051],[-106.61683,45.19051],[-106.61683,45.19078],[-106.61645,45.19078],[-106.61645,45.19051],[-106.61568,45.19051],[-106.61568,45.18971],[-106.61607,45.18971],[-106.61607,45.18917],[-106.61645,45.18917],[-106.61645,45.18701],[-106.61683,45.18701],[-106.61683,45.18432],[-106.61721,45.18432],[-106.61721,45.18405],[-106.6176,45.18405],[-106.6176,45.18378],[-106.61798,45.18378],[-106.61798,45.18351],[-106.61836,45.18351],[-106.61836,45.18297],[-106.61913,45.1827],[-106.61913,45.18216],[-106.61951,45.18216],[-106.61951,45.18189],[-106.62027,45.18162],[-106.62027,45.18135],[-106.62065,45.18135],[-106.62065,45.18108],[-106.62104,45.18108],[-106.62104,45.18027],[-106.62142,45.18027],[-106.62142,45.18]],[[-106.61607,45.18998],[-106.61645,45.18998],[-106.61645,45.18971],[-106.61607,45.18971],[-106.61607,45.18998]],[[-106.62142,45.18054],[-106.6218,45.18054],[-106.6218,45.18027],[-106.62142,45.18027],[-106.62142,45.18054]],[[-106.64666,45.20049],[-106.64628,45.20049],[-106.64628,45.20076],[-106.64666,45.20076],[-106.64666,45.20049]],[[-106.64436,45.18512],[-106.64398,45.18512],[-106.64398,45.18539],[-106.64436,45.18539],[-106.64436,45.18512]],[[-106.6436,45.18512],[-106.64322,45.18512],[-106.64322,45.18539],[-106.6436,45.18539],[-106.6436,45.18512]],[[-106.63595,45.18108],[-106.63557,45.18108],[-106.63557,45.18135],[-106.63595,45.18135],[-106.63595,45.18108]],[[-106.6348,45.18108],[-106.63442,45.18108],[-106.63442,45.18135],[-106.6348,45.18135],[-106.6348,45.18108]],[[-106.6218,45.18081],[-106.62142,45.18081],[-106.62142,45.18108],[-106.6218,45.18108],[-106.6218,45.18081]],[[-106.62257,45.18],[-106.62218,45.18],[-106.62218,45.18027],[-106.62257,45.18027],[-106.62257,45.18]],[[-106.62524,45.17947],[-106.62486,45.17947],[-106.62486,45.17973],[-106.62524,45.17973],[-106.62524,45.17947]],[[-106.62869,45.17839],[-106.6283,45.17839],[-106.6283,45.17866],[-106.62869,45.17866],[-106.62869,45.17839]]],[[[-106.61721,45.19105],[-106.61683,45.19105],[-106.61683,45.19078],[-106.61721,45.19078],[-106.61721,45.19105]]]]},"properties":{"layer":"predicted_reach_h01","fire_name":"Harris","irwin_id":"{1CF9F8F2-53E7-46E0-8744-2CE5FCCB2D74}","model":"arrival_run","checkpoint_epoch":216,"decode":"connected_causal","operating_point":{"floor":0.0,"mult":0.9},"val_precision":null,"val_recall":null,"model_caveat":"arrival_run chosen for best RECALL among the six FlameFlux v3 candidates on the production-valid t0-window corpus (R=0.624 on the fc2 held-out fires, R=0.432 on Dillon -- see candidate_comparison.md from the 2026-07-24 comparison). It does NOT meet the project's P>=0.50/R>=0.80 target: precision is the WORST of the six (P=0.120 on fc2 -- most flagged growth is wrong), and wind_run actually edges it on F1. IMPORTANT CAVEAT: arrival_run trained on the leaky 'observed' corpus (crop centered/sized on t0|t1, i.e. it saw the future perimeter's geometry during training) and has NEVER seen a t0-window crop -- the ONLY geometry this live pipeline can ever produce at forecast time (the future perimeter is, by definition, unknown). So every live prediction from this model is out-of-distribution relative to its own training. The measured t0-window numbers above already reflect that (they are not a surprise), but this is 'best available', not 'production-ready' -- represent it that way. The operating_point (floor=0.0, mult=0.9) is the VAL-selected connected-causal decode point; it did NOT clear the 0.50 precision floor during selection (feasible=False, val P=0.270/R=0.259) -- it's the best-F1 fallback point, not a precision-guaranteed one.","issued_at_utc":"2026-08-10 14:30:50.037077+00:00","valid_from_utc":"2026-08-10 00:00:00","valid_to_utc":"2026-08-11 00:00:00","wfigs_date_current_utc":"2026-08-10 14:00:26.469000+00:00","pixel_size_m":30,"veg_source":"refreshed_d4","physics_source":"eikonal_fbfm40","history_n_dates":1,"degraded_history":true,"containment_pct":10,"acres_wfigs":924.3420700993352,"hour":1,"valid_at_utc":"2026-08-10 01:00:00"}},{"type":"Feature","geometry":{"type":"Polygon","coordinates":[[[-106.64628,45.20156],[-106.64628,45.20129],[-106.64704,45.20102],[-106.64704,45.20022],[-106.64666,45.20022],[-106.64666,45.19941],[-106.64589,45.19914],[-106.64589,45.19806],[-106.64628,45.19806],[-106.64628,45.19644],[-106.64666,45.19644],[-106.64666,45.19537],[-106.64704,45.19537],[-106.64704,45.19483],[-106.64742,45.19483],[-106.64742,45.19429],[-106.64819,45.19402],[-106.64819,45.19348],[-106.64857,45.19348],[-106.64857,45.1924],[-106.64895,45.1924],[-106.64895,45.19132],[-106.64933,45.19132],[-106.64933,45.19024],[-106.64972,45.19024],[-106.64972,45.18917],[-106.64933,45.18917],[-106.64933,45.1889],[-106.64857,45.18863],[-106.64857,45.18809],[-106.64819,45.18809],[-106.64819,45.18701],[-106.64742,45.18674],[-106.64742,45.1862],[-106.64704,45.1862],[-106.64704,45.18593],[-106.64628,45.18566],[-106.64628,45.18539],[-106.64589,45.18539],[-106.64589,45.18512],[-106.64513,45.18512],[-106.64513,45.18486],[-106.64398,45.18486],[-106.64398,45.18459],[-106.64245,45.18486],[-106.64245,45.18459],[-106.64207,45.18459],[-106.64207,45.18405],[-106.64169,45.18405],[-106.64169,45.18378],[-106.6413,45.18378],[-106.6413,45.18351],[-106.64092,45.18351],[-106.64092,45.18324],[-106.64054,45.18324],[-106.64054,45.18297],[-106.63977,45.18297],[-106.63977,45.1827],[-106.63939,45.1827],[-106.63939,45.18243],[-106.63863,45.18243],[-106.63863,45.18189],[-106.63824,45.18189],[-106.63824,45.18162],[-106.63748,45.18135],[-106.63748,45.18108],[-106.63672,45.18108],[-106.63672,45.18081],[-106.63557,45.18081],[-106.63557,45.18054],[-106.63404,45.18054],[-106.63404,45.18081],[-106.63366,45.18081],[-106.63366,45.18054],[-106.63289,45.18054],[-106.63289,45.18027],[-106.63251,45.18027],[-106.63251,45.18],[-106.63213,45.18],[-106.63213,45.17973],[-106.63174,45.17973],[-106.63174,45.17947],[-106.63136,45.17947],[-106.63136,45.17866],[-106.63098,45.17866],[-106.63098,45.17839],[-106.6306,45.17839],[-106.6306,45.17812],[-106.62983,45.17812],[-106.62983,45.17785],[-106.6283,45.17785],[-106.6283,45.17812],[-106.62792,45.17812],[-106.62792,45.17839],[-106.62716,45.17839],[-106.62716,45.17866],[-106.62677,45.17866],[-106.62677,45.17893],[-106.62486,45.17893],[-106.62486,45.1792],[-106.62371,45.1792],[-106.62371,45.17947],[-106.62218,45.17947],[-106.62218,45.17973],[-106.6218,45.17973],[-106.6218,45.18],[-106.62104,45.18027],[-106.62104,45.18081],[-106.62065,45.18081],[-106.62065,45.18108],[-106.61989,45.18135],[-106.61989,45.18162],[-106.61951,45.18162],[-106.61951,45.18189],[-106.61913,45.18189],[-106.61913,45.18243],[-106.61836,45.1827],[-106.61836,45.18324],[-106.61798,45.18324],[-106.61798,45.18351],[-106.61721,45.18378],[-106.61721,45.18432],[-106.61683,45.18432],[-106.61683,45.18486],[-106.61645,45.18486],[-106.61645,45.1889],[-106.61607,45.1889],[-106.61607,45.18944],[-106.61568,45.18944],[-106.61568,45.19078],[-106.61645,45.19051],[-106.61645,45.19105],[-106.62027,45.19105],[-106.62027,45.19078],[-106.62104,45.19078],[-106.62104,45.19051],[-106.62142,45.19051],[-106.62142,45.19024],[-106.6218,45.19024],[-106.6218,45.18998],[-106.62295,45.18998],[-106.62295,45.19024],[-106.62333,45.19024],[-106.62333,45.19078],[-106.6241,45.19105],[-106.6241,45.19132],[-106.62448,45.19132],[-106.62448,45.19186],[-106.62486,45.19186],[-106.62486,45.1924],[-106.62524,45.1924],[-106.62524,45.19294],[-106.62563,45.19294],[-106.62563,45.19348],[-106.62601,45.19348],[-106.62601,45.19402],[-106.62639,45.19402],[-106.62639,45.19456],[-106.62677,45.19456],[-106.62677,45.19537],[-106.62716,45.19537],[-106.62716,45.19617],[-106.62754,45.19617],[-106.62754,45.19671],[-106.62792,45.19671],[-106.62792,45.19698],[-106.62869,45.19725],[-106.62869,45.19752],[-106.63174,45.19752],[-106.63174,45.19779],[-106.63251,45.19806],[-106.63251,45.19887],[-106.63289,45.19887],[-106.63289,45.19968],[-106.63327,45.19968],[-106.63327,45.19995],[-106.63366,45.19995],[-106.63366,45.20022],[-106.63404,45.20022],[-106.63404,45.20076],[-106.63442,45.20076],[-106.63442,45.20102],[-106.6348,45.20102],[-106.6348,45.20129],[-106.63595,45.20129],[-106.63595,45.20102],[-106.63633,45.20102],[-106.63633,45.20076],[-106.6371,45.20049],[-106.6371,45.20022],[-106.63786,45.19995],[-106.63786,45.19968],[-106.63863,45.19968],[-106.63863,45.19941],[-106.63939,45.19914],[-106.63939,45.19941],[-106.64016,45.19968],[-106.64016,45.19995],[-106.64092,45.20022],[-106.64092,45.20049],[-106.64169,45.20049],[-106.64169,45.20076],[-106.64207,45.20076],[-106.64207,45.20102],[-106.64283,45.20102],[-106.64283,45.20129],[-106.64589,45.20129],[-106.64589,45.20156],[-106.64628,45.20156]],[[-106.64666,45.20076],[-106.64628,45.20076],[-106.64628,45.20049],[-106.64666,45.20049],[-106.64666,45.20076]],[[-106.61721,45.19078],[-106.61683,45.19078],[-106.61683,45.19051],[-106.61721,45.19051],[-106.61721,45.19078]],[[-106.61645,45.18998],[-106.61607,45.18998],[-106.61607,45.18971],[-106.61645,45.18971],[-106.61645,45.18998]],[[-106.64436,45.18539],[-106.64398,45.18539],[-106.64398,45.18512],[-106.64436,45.18512],[-106.64436,45.18539]],[[-106.6436,45.18539],[-106.64322,45.18539],[-106.64322,45.18512],[-106.6436,45.18512],[-106.6436,45.18539]],[[-106.63595,45.18135],[-106.63557,45.18135],[-106.63557,45.18108],[-106.63595,45.18108],[-106.63595,45.18135]],[[-106.6348,45.18135],[-106.63442,45.18135],[-106.63442,45.18108],[-106.6348,45.18108],[-106.6348,45.18135]],[[-106.6218,45.18108],[-106.62142,45.18108],[-106.62142,45.18081],[-106.6218,45.18081],[-106.6218,45.18108]],[[-106.6218,45.18054],[-106.62142,45.18054],[-106.62142,45.18027],[-106.6218,45.18027],[-106.6218,45.18054]],[[-106.62257,45.18027],[-106.62218,45.18027],[-106.62218,45.18],[-106.62257,45.18],[-106.62257,45.18027]],[[-106.62524,45.17973],[-106.62486,45.17973],[-106.62486,45.17947],[-106.62524,45.17947],[-106.62524,45.17973]],[[-106.62869,45.17866],[-106.6283,45.17866],[-106.6283,45.17839],[-106.62869,45.17839],[-106.62869,45.17866]]]},"properties":{"layer":"predicted_reach_h02","fire_name":"Harris","irwin_id":"{1CF9F8F2-53E7-46E0-8744-2CE5FCCB2D74}","model":"arrival_run","checkpoint_epoch":216,"decode":"connected_causal","operating_point":{"floor":0.0,"mult":0.9},"val_precision":null,"val_recall":null,"model_caveat":"arrival_run chosen for best RECALL among the six FlameFlux v3 candidates on the production-valid t0-window corpus (R=0.624 on the fc2 held-out fires, R=0.432 on Dillon -- see candidate_comparison.md from the 2026-07-24 comparison). It does NOT meet the project's P>=0.50/R>=0.80 target: precision is the WORST of the six (P=0.120 on fc2 -- most flagged growth is wrong), and wind_run actually edges it on F1. IMPORTANT CAVEAT: arrival_run trained on the leaky 'observed' corpus (crop centered/sized on t0|t1, i.e. it saw the future perimeter's geometry during training) and has NEVER seen a t0-window crop -- the ONLY geometry this live pipeline can ever produce at forecast time (the future perimeter is, by definition, unknown). So every live prediction from this model is out-of-distribution relative to its own training. The measured t0-window numbers above already reflect that (they are not a surprise), but this is 'best available', not 'production-ready' -- represent it that way. The operating_point (floor=0.0, mult=0.9) is the VAL-selected connected-causal decode point; it did NOT clear the 0.50 precision floor during selection (feasible=False, val P=0.270/R=0.259) -- it's the best-F1 fallback point, not a precision-guaranteed one.","issued_at_utc":"2026-08-10 14:30:50.037077+00:00","valid_from_utc":"2026-08-10 00:00:00","valid_to_utc":"2026-08-11 00:00:00","wfigs_date_current_utc":"2026-08-10 14:00:26.469000+00:00","pixel_size_m":30,"veg_source":"refreshed_d4","physics_source":"eikonal_fbfm40","history_n_dates":1,"degraded_history":true,"containment_pct":10,"acres_wfigs":924.3420700993352,"hour":2,"valid_at_utc":"2026-08-10 02:00:00"}},{"type":"Feature","geometry":{"type":"Polygon","coordinates":[[[-106.64666,45.20156],[-106.64666,45.20129],[-106.64704,45.20129],[-106.64704,45.19995],[-106.64666,45.19995],[-106.64666,45.19914],[-106.64589,45.19887],[-106.64589,45.19833],[-106.64628,45.19833],[-106.64628,45.19671],[-106.64666,45.19671],[-106.64666,45.19563],[-106.64704,45.19563],[-106.64704,45.1951],[-106.64742,45.1951],[-106.64742,45.19429],[-106.6478,45.19429],[-106.6478,45.19402],[-106.64819,45.19402],[-106.64819,45.19375],[-106.64857,45.19375],[-106.64857,45.1924],[-106.64895,45.1924],[-106.64895,45.19132],[-106.64933,45.19132],[-106.64933,45.19051],[-106.64972,45.19051],[-106.64972,45.1889],[-106.64933,45.1889],[-106.64933,45.18863],[-106.64857,45.18836],[-106.64857,45.18782],[-106.64819,45.18782],[-106.64819,45.18701],[-106.6478,45.18701],[-106.6478,45.18647],[-106.64704,45.1862],[-106.64704,45.18566],[-106.64666,45.18566],[-106.64666,45.18539],[-106.64589,45.18539],[-106.64589,45.18512],[-106.64551,45.18512],[-106.64551,45.18486],[-106.64436,45.18486],[-106.64436,45.18459],[-106.64207,45.18459],[-106.64207,45.18405],[-106.64169,45.18405],[-106.64169,45.18378],[-106.6413,45.18378],[-106.6413,45.18351],[-106.64092,45.18351],[-106.64092,45.18324],[-106.64016,45.18297],[-106.64016,45.1827],[-106.63939,45.1827],[-106.63939,45.18243],[-106.63863,45.18216],[-106.63863,45.18189],[-106.63786,45.18162],[-106.63786,45.18135],[-106.6371,45.18108],[-106.6371,45.18081],[-106.63595,45.18081],[-106.63595,45.18054],[-106.63289,45.18054],[-106.63289,45.18027],[-106.63251,45.18027],[-106.63251,45.18],[-106.63213,45.18],[-106.63213,45.17973],[-106.63174,45.17973],[-106.63174,45.17947],[-106.63136,45.17947],[-106.63136,45.17866],[-106.63098,45.17866],[-106.63098,45.17839],[-106.63021,45.17812],[-106.63021,45.17785],[-106.62792,45.17785],[-106.62792,45.17812],[-106.62716,45.17839],[-106.62716,45.17866],[-106.62601,45.17866],[-106.62601,45.17893],[-106.62448,45.17893],[-106.62448,45.1792],[-106.62333,45.1792],[-106.62333,45.17947],[-106.6218,45.17947],[-106.6218,45.17973],[-106.62104,45.18],[-106.62104,45.18054],[-106.62065,45.18054],[-106.62065,45.18108],[-106.61989,45.18108],[-106.61989,45.18135],[-106.61951,45.18135],[-106.61951,45.18189],[-106.61874,45.18216],[-106.61874,45.18243],[-106.61836,45.18243],[-106.61836,45.18297],[-106.6176,45.18324],[-106.6176,45.18378],[-106.61683,45.18405],[-106.61683,45.18459],[-106.61645,45.18459],[-106.61645,45.1889],[-106.61568,45.18917],[-106.61568,45.19078],[-106.61607,45.19078],[-106.61607,45.19105],[-106.62065,45.19105],[-106.62065,45.19078],[-106.62142,45.19051],[-106.62142,45.19024],[-106.6218,45.19024],[-106.6218,45.18998],[-106.62257,45.18998],[-106.62257,45.19024],[-106.62295,45.19024],[-106.62295,45.19051],[-106.62371,45.19078],[-106.62371,45.19105],[-106.6241,45.19105],[-106.6241,45.19159],[-106.62486,45.19186],[-106.62486,45.1924],[-106.62524,45.1924],[-106.62524,45.19294],[-106.62563,45.19294],[-106.62563,45.19348],[-106.62601,45.19348],[-106.62601,45.19402],[-106.62639,45.19402],[-106.62639,45.19483],[-106.62677,45.19483],[-106.62677,45.19563],[-106.62716,45.19563],[-106.62716,45.19617],[-106.62754,45.19617],[-106.62754,45.19671],[-106.62792,45.19671],[-106.62792,45.19698],[-106.62869,45.19725],[-106.62869,45.19752],[-106.63174,45.19752],[-106.63174,45.19779],[-106.63213,45.19779],[-106.63213,45.19833],[-106.63251,45.19833],[-106.63251,45.19914],[-106.63289,45.19914],[-106.63289,45.19968],[-106.63366,45.19995],[-106.63366,45.20049],[-106.63404,45.20049],[-106.63404,45.20076],[-106.6348,45.20102],[-106.6348,45.20129],[-106.63595,45.20129],[-106.63595,45.20102],[-106.63672,45.20102],[-106.63672,45.20076],[-106.6371,45.20076],[-106.6371,45.20049],[-106.63786,45.20022],[-106.63786,45.19995],[-106.63863,45.19968],[-106.63863,45.19941],[-106.63939,45.19941],[-106.63939,45.19968],[-106.64016,45.19995],[-106.64016,45.20022],[-106.64092,45.20022],[-106.64092,45.20049],[-106.6413,45.20049],[-106.6413,45.20076],[-106.64169,45.20076],[-106.64169,45.20102],[-106.64245,45.20102],[-106.64245,45.20129],[-106.64551,45.20129],[-106.64551,45.20156],[-106.64666,45.20156]],[[-106.64666,45.20076],[-106.64628,45.20076],[-106.64628,45.20049],[-106.64666,45.20049],[-106.64666,45.20076]],[[-106.61721,45.19078],[-106.61683,45.19078],[-106.61683,45.19051],[-106.61721,45.19051],[-106.61721,45.19078]],[[-106.61645,45.19078],[-106.61607,45.19078],[-106.61607,45.19051],[-106.61645,45.19051],[-106.61645,45.19078]],[[-106.61645,45.18998],[-106.61607,45.18998],[-106.61607,45.18971],[-106.61645,45.18971],[-106.61645,45.18998]],[[-106.64436,45.18539],[-106.64398,45.18539],[-106.64398,45.18512],[-106.64436,45.18512],[-106.64436,45.18539]],[[-106.6436,45.18539],[-106.64322,45.18539],[-106.64322,45.18512],[-106.6436,45.18512],[-106.6436,45.18539]],[[-106.63595,45.18135],[-106.63557,45.18135],[-106.63557,45.18108],[-106.63595,45.18108],[-106.63595,45.18135]],[[-106.6348,45.18135],[-106.63442,45.18135],[-106.63442,45.18108],[-106.6348,45.18108],[-106.6348,45.18135]],[[-106.6218,45.18108],[-106.62142,45.18108],[-106.62142,45.18081],[-106.6218,45.18081],[-106.6218,45.18108]],[[-106.6218,45.18054],[-106.62142,45.18054],[-106.62142,45.18027],[-106.6218,45.18027],[-106.6218,45.18054]],[[-106.62257,45.18027],[-106.62218,45.18027],[-106.62218,45.18],[-106.62257,45.18],[-106.62257,45.18027]],[[-106.62524,45.17973],[-106.62486,45.17973],[-106.62486,45.17947],[-106.62524,45.17947],[-106.62524,45.17973]],[[-106.62869,45.17866],[-106.6283,45.17866],[-106.6283,45.17839],[-106.62869,45.17839],[-106.62869,45.17866]]]},"properties":{"layer":"predicted_reach_h03","fire_name":"Harris","irwin_id":"{1CF9F8F2-53E7-46E0-8744-2CE5FCCB2D74}","model":"arrival_run","checkpoint_epoch":216,"decode":"connected_causal","operating_point":{"floor":0.0,"mult":0.9},"val_precision":null,"val_recall":null,"model_caveat":"arrival_run chosen for best RECALL among the six FlameFlux v3 candidates on the production-valid t0-window corpus (R=0.624 on the fc2 held-out fires, R=0.432 on Dillon -- see candidate_comparison.md from the 2026-07-24 comparison). It does NOT meet the project's P>=0.50/R>=0.80 target: precision is the WORST of the six (P=0.120 on fc2 -- most flagged growth is wrong), and wind_run actually edges it on F1. IMPORTANT CAVEAT: arrival_run trained on the leaky 'observed' corpus (crop centered/sized on t0|t1, i.e. it saw the future perimeter's geometry during training) and has NEVER seen a t0-window crop -- the ONLY geometry this live pipeline can ever produce at forecast time (the future perimeter is, by definition, unknown). So every live prediction from this model is out-of-distribution relative to its own training. The measured t0-window numbers above already reflect that (they are not a surprise), but this is 'best available', not 'production-ready' -- represent it that way. The operating_point (floor=0.0, mult=0.9) is the VAL-selected connected-causal decode point; it did NOT clear the 0.50 precision floor during selection (feasible=False, val P=0.270/R=0.259) -- it's the best-F1 fallback point, not a precision-guaranteed one.","issued_at_utc":"2026-08-10 14:30:50.037077+00:00","valid_from_utc":"2026-08-10 00:00:00","valid_to_utc":"2026-08-11 00:00:00","wfigs_date_current_utc":"2026-08-10 14:00:26.469000+00:00","pixel_size_m":30,"veg_source":"refreshed_d4","physics_source":"eikonal_fbfm40","history_n_dates":1,"degraded_history":true,"containment_pct":10,"acres_wfigs":924.3420700993352,"hour":3,"valid_at_utc":"2026-08-10 03:00:00"}},{"type":"Feature","geometry":{"type":"Polygon","coordinates":[[[-106.64666,45.20156],[-106.64666,45.20129],[-106.64742,45.20102],[-106.64742,45.20049],[-106.64704,45.20049],[-106.64704,45.19995],[-106.64666,45.19995],[-106.64666,45.19914],[-106.64589,45.19887],[-106.64589,45.19833],[-106.64628,45.19833],[-106.64628,45.19671],[-106.64666,45.19671],[-106.64666,45.19563],[-106.64704,45.19563],[-106.64704,45.1951],[-106.64742,45.1951],[-106.64742,45.19456],[-106.64819,45.19429],[-106.64819,45.19375],[-106.64857,45.19375],[-106.64857,45.19267],[-106.64895,45.19267],[-106.64895,45.19159],[-106.64933,45.19159],[-106.64933,45.19051],[-106.64972,45.19051],[-106.64972,45.1889],[-106.64895,45.18863],[-106.64895,45.18809],[-106.64857,45.18809],[-106.64857,45.18755],[-106.64819,45.18755],[-106.64819,45.18701],[-106.6478,45.18701],[-106.6478,45.18647],[-106.64704,45.1862],[-106.64704,45.18566],[-106.64666,45.18566],[-106.64666,45.18539],[-106.64628,45.18539],[-106.64628,45.18512],[-106.64589,45.18512],[-106.64589,45.18486],[-106.64513,45.18486],[-106.64513,45.18459],[-106.64398,45.18459],[-106.64398,45.18432],[-106.64207,45.18432],[-106.64207,45.18378],[-106.64169,45.18378],[-106.64169,45.18351],[-106.6413,45.18351],[-106.6413,45.18324],[-106.64092,45.18324],[-106.64092,45.18297],[-106.64054,45.18297],[-106.64054,45.1827],[-106.63977,45.1827],[-106.63977,45.18243],[-106.63939,45.18243],[-106.63939,45.18216],[-106.63863,45.18216],[-106.63863,45.18189],[-106.63824,45.18189],[-106.63824,45.18135],[-106.63748,45.18135],[-106.63748,45.18108],[-106.6371,45.18108],[-106.6371,45.18081],[-106.63633,45.18081],[-106.63633,45.18054],[-106.63289,45.18054],[-106.63289,45.18027],[-106.63251,45.18027],[-106.63251,45.18],[-106.63213,45.18],[-106.63213,45.17973],[-106.63174,45.17973],[-106.63174,45.17893],[-106.63136,45.17893],[-106.63136,45.17839],[-106.6306,45.17839],[-106.6306,45.17785],[-106.62792,45.17785],[-106.62792,45.17812],[-106.62716,45.17812],[-106.62716,45.17839],[-106.62677,45.17839],[-106.62677,45.17866],[-106.62524,45.17866],[-106.62524,45.17893],[-106.62371,45.17893],[-106.62371,45.1792],[-106.62257,45.1792],[-106.62257,45.17947],[-106.6218,45.17947],[-106.6218,45.17973],[-106.62142,45.17973],[-106.62142,45.18],[-106.62065,45.18027],[-106.62065,45.18081],[-106.62027,45.18081],[-106.62027,45.18108],[-106.61951,45.18135],[-106.61951,45.18162],[-106.61913,45.18162],[-106.61913,45.18189],[-106.61874,45.18189],[-106.61874,45.18216],[-106.61836,45.18216],[-106.61836,45.18243],[-106.61798,45.18243],[-106.61798,45.18297],[-106.6176,45.18297],[-106.6176,45.18351],[-106.61721,45.18351],[-106.61721,45.18405],[-106.61645,45.18432],[-106.61645,45.18647],[-106.61607,45.18647],[-106.61607,45.18755],[-106.61645,45.18755],[-106.61645,45.18863],[-106.61607,45.18863],[-106.61607,45.18917],[-106.61568,45.18917],[-106.61568,45.18971],[-106.6153,45.18971],[-106.6153,45.19051],[-106.61568,45.19051],[-106.61568,45.19078],[-106.61607,45.19078],[-106.61607,45.19105],[-106.61645,45.19105],[-106.61645,45.19132],[-106.61683,45.19132],[-106.61683,45.19105],[-106.62065,45.19105],[-106.62065,45.19078],[-106.62104,45.19078],[-106.62104,45.19051],[-106.6218,45.19051],[-106.6218,45.18998],[-106.62257,45.18998],[-106.62257,45.19024],[-106.62333,45.19051],[-106.62333,45.19078],[-106.62371,45.19078],[-106.62371,45.19132],[-106.62448,45.19159],[-106.62448,45.19213],[-106.62486,45.19213],[-106.62486,45.19267],[-106.62524,45.19267],[-106.62524,45.19321],[-106.62563,45.19321],[-106.62563,45.19375],[-106.62601,45.19375],[-106.62601,45.19429],[-106.62639,45.19429],[-106.62639,45.1951],[-106.62677,45.1951],[-106.62677,45.1959],[-106.62716,45.1959],[-106.62716,45.19644],[-106.62754,45.19644],[-106.62754,45.19671],[-106.62792,45.19671],[-106.62792,45.19725],[-106.62869,45.19725],[-106.62869,45.19752],[-106.63174,45.19752],[-106.63174,45.19779],[-106.63213,45.19779],[-106.63213,45.19833],[-106.63251,45.19833],[-106.63251,45.19914],[-106.63289,45.19914],[-106.63289,45.19968],[-106.63327,45.19968],[-106.63327,45.20022],[-106.63404,45.20049],[-106.63404,45.20076],[-106.6348,45.20102],[-106.6348,45.20129],[-106.63633,45.20129],[-106.63633,45.20102],[-106.63672,45.20102],[-106.63672,45.20076],[-106.63748,45.20049],[-106.63748,45.20022],[-106.63786,45.20022],[-106.63786,45.19995],[-106.63863,45.19968],[-106.63863,45.19941],[-106.63939,45.19941],[-106.63939,45.19968],[-106.64016,45.19995],[-106.64016,45.20022],[-106.64092,45.20022],[-106.64092,45.20049],[-106.6413,45.20049],[-106.6413,45.20076],[-106.64207,45.20102],[-106.64207,45.20129],[-106.64322,45.20129],[-106.64322,45.20156],[-106.64666,45.20156]],[[-106.64666,45.20076],[-106.64628,45.20076],[-106.64628,45.20049],[-106.64666,45.20049],[-106.64666,45.20076]],[[-106.61721,45.19078],[-106.61683,45.19078],[-106.61683,45.19051],[-106.61721,45.19051],[-106.61721,45.19078]],[[-106.61645,45.19078],[-106.61607,45.19078],[-106.61607,45.19051],[-106.61645,45.19051],[-106.61645,45.19078]],[[-106.61645,45.18998],[-106.61607,45.18998],[-106.61607,45.18971],[-106.61645,45.18971],[-106.61645,45.18998]],[[-106.64436,45.18539],[-106.64398,45.18539],[-106.64398,45.18512],[-106.64436,45.18512],[-106.64436,45.18539]],[[-106.6436,45.18539],[-106.64322,45.18539],[-106.64322,45.18512],[-106.6436,45.18512],[-106.6436,45.18539]],[[-106.63595,45.18135],[-106.63557,45.18135],[-106.63557,45.18108],[-106.63595,45.18108],[-106.63595,45.18135]],[[-106.6348,45.18135],[-106.63442,45.18135],[-106.63442,45.18108],[-106.6348,45.18108],[-106.6348,45.18135]],[[-106.6218,45.18108],[-106.62142,45.18108],[-106.62142,45.18081],[-106.6218,45.18081],[-106.6218,45.18108]],[[-106.6218,45.18054],[-106.62142,45.18054],[-106.62142,45.18027],[-106.6218,45.18027],[-106.6218,45.18054]],[[-106.62257,45.18027],[-106.62218,45.18027],[-106.62218,45.18],[-106.62257,45.18],[-106.62257,45.18027]],[[-106.62524,45.17973],[-106.62486,45.17973],[-106.62486,45.17947],[-106.62524,45.17947],[-106.62524,45.17973]],[[-106.62869,45.17866],[-106.6283,45.17866],[-106.6283,45.17839],[-106.62869,45.17839],[-106.62869,45.17866]]]},"properties":{"layer":"predicted_reach_h04","fire_name":"Harris","irwin_id":"{1CF9F8F2-53E7-46E0-8744-2CE5FCCB2D74}","model":"arrival_run","checkpoint_epoch":216,"decode":"connected_causal","operating_point":{"floor":0.0,"mult":0.9},"val_precision":null,"val_recall":null,"model_caveat":"arrival_run chosen for best RECALL among the six FlameFlux v3 candidates on the production-valid t0-window corpus (R=0.624 on the fc2 held-out fires, R=0.432 on Dillon -- see candidate_comparison.md from the 2026-07-24 comparison). It does NOT meet the project's P>=0.50/R>=0.80 target: precision is the WORST of the six (P=0.120 on fc2 -- most flagged growth is wrong), and wind_run actually edges it on F1. IMPORTANT CAVEAT: arrival_run trained on the leaky 'observed' corpus (crop centered/sized on t0|t1, i.e. it saw the future perimeter's geometry during training) and has NEVER seen a t0-window crop -- the ONLY geometry this live pipeline can ever produce at forecast time (the future perimeter is, by definition, unknown). So every live prediction from this model is out-of-distribution relative to its own training. The measured t0-window numbers above already reflect that (they are not a surprise), but this is 'best available', not 'production-ready' -- represent it that way. The operating_point (floor=0.0, mult=0.9) is the VAL-selected connected-causal decode point; it did NOT clear the 0.50 precision floor during selection (feasible=False, val P=0.270/R=0.259) -- it's the best-F1 fallback point, not a precision-guaranteed one.","issued_at_utc":"2026-08-10 14:30:50.037077+00:00","valid_from_utc":"2026-08-10 00:00:00","valid_to_utc":"2026-08-11 00:00:00","wfigs_date_current_utc":"2026-08-10 14:00:26.469000+00:00","pixel_size_m":30,"veg_source":"refreshed_d4","physics_source":"eikonal_fbfm40","history_n_dates":1,"degraded_history":true,"containment_pct":10,"acres_wfigs":924.3420700993352,"hour":4,"valid_at_utc":"2026-08-10 04:00:00"}},{"type":"Feature","geometry":{"type":"MultiPolygon","coordinates":[[[[-106.61874,45.18054],[-106.61913,45.18054],[-106.61913,45.18081],[-106.61874,45.18081],[-106.61874,45.18054]]],[[[-106.61721,45.18108],[-106.6176,45.18108],[-106.6176,45.18135],[-106.61721,45.18135],[-106.61721,45.18108]]],[[[-106.61645,45.18162],[-106.61683,45.18162],[-106.61683,45.18189],[-106.61645,45.18189],[-106.61645,45.18162]]],[[[-106.64589,45.20156],[-106.64283,45.20156],[-106.64283,45.20129],[-106.64169,45.20129],[-106.64169,45.20076],[-106.6413,45.20076],[-106.6413,45.20049],[-106.63977,45.20022],[-106.63977,45.19995],[-106.63939,45.19995],[-106.63939,45.19968],[-106.63824,45.19968],[-106.63824,45.19995],[-106.63786,45.19995],[-106.63786,45.20022],[-106.6371,45.20049],[-106.6371,45.20076],[-106.63633,45.20102],[-106.63633,45.20129],[-106.6348,45.20129],[-106.6348,45.20102],[-106.63404,45.20076],[-106.63404,45.20049],[-106.63366,45.20049],[-106.63366,45.20022],[-106.63289,45.19995],[-106.63289,45.19941],[-106.63251,45.19941],[-106.63251,45.1986],[-106.63213,45.1986],[-106.63213,45.19779],[-106.63136,45.19779],[-106.63136,45.19752],[-106.6283,45.19752],[-106.6283,45.19725],[-106.62754,45.19698],[-106.62754,45.19644],[-106.62716,45.19644],[-106.62716,45.1959],[-106.62677,45.1959],[-106.62677,45.1951],[-106.62639,45.1951],[-106.62639,45.19429],[-106.62601,45.19429],[-106.62601,45.19375],[-106.62563,45.19375],[-106.62563,45.19321],[-106.62524,45.19321],[-106.62524,45.19267],[-106.62486,45.19267],[-106.62486,45.19213],[-106.62448,45.19213],[-106.62448,45.19159],[-106.6241,45.19159],[-106.6241,45.19132],[-106.62333,45.19105],[-106.62333,45.19051],[-106.62295,45.19051],[-106.62295,45.19024],[-106.6218,45.19024],[-106.6218,45.19051],[-106.62142,45.19051],[-106.62142,45.19078],[-106.62065,45.19078],[-106.62065,45.19105],[-106.61683,45.19105],[-106.61683,45.19132],[-106.61645,45.19132],[-106.61645,45.19105],[-106.61568,45.19105],[-106.61568,45.19051],[-106.6153,45.19051],[-106.6153,45.18971],[-106.61568,45.18971],[-106.61568,45.18917],[-106.61607,45.18917],[-106.61607,45.18539],[-106.61645,45.18539],[-106.61645,45.18432],[-106.61683,45.18432],[-106.61683,45.18378],[-106.61721,45.18378],[-106.61721,45.18324],[-106.61645,45.18297],[-106.61645,45.1827],[-106.61683,45.1827],[-106.61683,45.18243],[-106.61645,45.18243],[-106.61645,45.18216],[-106.61721,45.18216],[-106.61721,45.18162],[-106.61798,45.18135],[-106.61798,45.18054],[-106.61836,45.18054],[-106.61836,45.18108],[-106.61913,45.18108],[-106.61913,45.18081],[-106.61989,45.18108],[-106.61989,45.18081],[-106.62027,45.18081],[-106.62027,45.18054],[-106.62104,45.18027],[-106.62104,45.17973],[-106.62142,45.17973],[-106.62142,45.17947],[-106.62218,45.17947],[-106.62218,45.1792],[-106.62448,45.17893],[-106.62448,45.17866],[-106.62639,45.17866],[-106.62639,45.17839],[-106.62716,45.17839],[-106.62716,45.17812],[-106.62754,45.17812],[-106.62754,45.17785],[-106.6283,45.17785],[-106.6283,45.17758],[-106.63021,45.17758],[-106.63021,45.17785],[-106.63098,45.17785],[-106.63098,45.17812],[-106.63174,45.17839],[-106.63174,45.17947],[-106.63213,45.17947],[-106.63213,45.18],[-106.63289,45.18],[-106.63289,45.18027],[-106.63519,45.18027],[-106.63519,45.18054],[-106.63672,45.18054],[-106.63672,45.18081],[-106.63824,45.18108],[-106.63824,45.18135],[-106.63901,45.18162],[-106.63901,45.18189],[-106.63977,45.18189],[-106.63977,45.18216],[-106.64016,45.18216],[-106.64016,45.1827],[-106.64054,45.1827],[-106.64054,45.18297],[-106.64092,45.18297],[-106.64092,45.18324],[-106.6413,45.18324],[-106.6413,45.18351],[-106.64169,45.18351],[-106.64169,45.18378],[-106.6436,45.18378],[-106.6436,45.18405],[-106.64513,45.18432],[-106.64513,45.18459],[-106.64589,45.18486],[-106.64589,45.18512],[-106.64628,45.18512],[-106.64628,45.18539],[-106.64704,45.18566],[-106.64704,45.18593],[-106.64742,45.18593],[-106.64742,45.18647],[-106.64819,45.18674],[-106.64819,45.18728],[-106.64857,45.18728],[-106.64857,45.18809],[-106.64895,45.18809],[-106.64895,45.18836],[-106.64972,45.18863],[-106.64972,45.18917],[-106.6501,45.18917],[-106.6501,45.18971],[-106.64972,45.18971],[-106.64972,45.19051],[-106.64933,45.19051],[-106.64933,45.19159],[-106.64895,45.19159],[-106.64895,45.19267],[-106.64857,45.19267],[-106.64857,45.19375],[-106.64819,45.19375],[-106.64819,45.19429],[-106.64742,45.19456],[-106.64742,45.1951],[-106.64704,45.1951],[-106.64704,45.19563],[-106.64666,45.19563],[-106.64666,45.19671],[-106.64628,45.19671],[-106.64628,45.1986],[-106.64589,45.1986],[-106.64589,45.19887],[-106.64666,45.19914],[-106.64666,45.19968],[-106.64704,45.19968],[-106.64704,45.20049],[-106.64742,45.20049],[-106.64742,45.20102],[-106.64666,45.20129],[-106.64666,45.20183],[-106.64589,45.20183],[-106.64589,45.20156]],[[-106.64628,45.20049],[-106.64628,45.20076],[-106.64666,45.20076],[-106.64666,45.20049],[-106.64628,45.20049]],[[-106.61683,45.19051],[-106.61683,45.19078],[-106.61721,45.19078],[-106.61721,45.19051],[-106.61683,45.19051]],[[-106.61607,45.19051],[-106.61607,45.19078],[-106.61645,45.19078],[-106.61645,45.19051],[-106.61607,45.19051]],[[-106.61607,45.18971],[-106.61607,45.18998],[-106.61645,45.18998],[-106.61645,45.18971],[-106.61607,45.18971]],[[-106.64398,45.18512],[-106.64398,45.18539],[-106.64436,45.18539],[-106.64436,45.18512],[-106.64398,45.18512]],[[-106.64322,45.18512],[-106.64322,45.18539],[-106.6436,45.18539],[-106.6436,45.18512],[-106.64322,45.18512]],[[-106.63557,45.18108],[-106.63557,45.18135],[-106.63595,45.18135],[-106.63595,45.18108],[-106.63557,45.18108]],[[-106.63442,45.18108],[-106.63442,45.18135],[-106.6348,45.18135],[-106.6348,45.18108],[-106.63442,45.18108]],[[-106.62142,45.18081],[-106.62142,45.18108],[-106.6218,45.18108],[-106.6218,45.18081],[-106.62142,45.18081]],[[-106.62142,45.18027],[-106.62142,45.18054],[-106.6218,45.18054],[-106.6218,45.18027],[-106.62142,45.18027]],[[-106.62218,45.18],[-106.62218,45.18027],[-106.62257,45.18027],[-106.62257,45.18],[-106.62218,45.18]],[[-106.62486,45.17947],[-106.62486,45.17973],[-106.62524,45.17973],[-106.62524,45.17947],[-106.62486,45.17947]],[[-106.6283,45.17839],[-106.6283,45.17866],[-106.62869,45.17866],[-106.62869,45.17839],[-106.6283,45.17839]]]]},"properties":{"layer":"predicted_reach_h05","fire_name":"Harris","irwin_id":"{1CF9F8F2-53E7-46E0-8744-2CE5FCCB2D74}","model":"arrival_run","checkpoint_epoch":216,"decode":"connected_causal","operating_point":{"floor":0.0,"mult":0.9},"val_precision":null,"val_recall":null,"model_caveat":"arrival_run chosen for best RECALL among the six FlameFlux v3 candidates on the production-valid t0-window corpus (R=0.624 on the fc2 held-out fires, R=0.432 on Dillon -- see candidate_comparison.md from the 2026-07-24 comparison). It does NOT meet the project's P>=0.50/R>=0.80 target: precision is the WORST of the six (P=0.120 on fc2 -- most flagged growth is wrong), and wind_run actually edges it on F1. IMPORTANT CAVEAT: arrival_run trained on the leaky 'observed' corpus (crop centered/sized on t0|t1, i.e. it saw the future perimeter's geometry during training) and has NEVER seen a t0-window crop -- the ONLY geometry this live pipeline can ever produce at forecast time (the future perimeter is, by definition, unknown). So every live prediction from this model is out-of-distribution relative to its own training. The measured t0-window numbers above already reflect that (they are not a surprise), but this is 'best available', not 'production-ready' -- represent it that way. The operating_point (floor=0.0, mult=0.9) is the VAL-selected connected-causal decode point; it did NOT clear the 0.50 precision floor during selection (feasible=False, val P=0.270/R=0.259) -- it's the best-F1 fallback point, not a precision-guaranteed one.","issued_at_utc":"2026-08-10 14:30:50.037077+00:00","valid_from_utc":"2026-08-10 00:00:00","valid_to_utc":"2026-08-11 00:00:00","wfigs_date_current_utc":"2026-08-10 14:00:26.469000+00:00","pixel_size_m":30,"veg_source":"refreshed_d4","physics_source":"eikonal_fbfm40","history_n_dates":1,"degraded_history":true,"containment_pct":10,"acres_wfigs":924.3420700993352,"hour":5,"valid_at_utc":"2026-08-10 05:00:00"}},{"type":"Feature","geometry":{"type":"MultiPolygon","coordinates":[[[[-106.63404,45.17947],[-106.63442,45.17947],[-106.63442,45.17973],[-106.63404,45.17973],[-106.63404,45.17947]]],[[[-106.6348,45.18],[-106.63519,45.18],[-106.63519,45.18027],[-106.63595,45.18027],[-106.63595,45.18054],[-106.63748,45.18054],[-106.63748,45.18081],[-106.63901,45.18081],[-106.63901,45.18108],[-106.63977,45.18108],[-106.63977,45.18162],[-106.64054,45.18189],[-106.64054,45.1827],[-106.6413,45.18297],[-106.6413,45.18324],[-106.64169,45.18324],[-106.64169,45.18351],[-106.64245,45.18351],[-106.64245,45.18378],[-106.64513,45.18378],[-106.64513,45.18432],[-106.64551,45.18432],[-106.64551,45.18459],[-106.64589,45.18459],[-106.64589,45.18486],[-106.64628,45.18486],[-106.64628,45.18512],[-106.64704,45.18539],[-106.64704,45.18566],[-106.64742,45.18566],[-106.64742,45.1862],[-106.6478,45.1862],[-106.6478,45.18674],[-106.64857,45.18701],[-106.64857,45.18755],[-106.64895,45.18755],[-106.64895,45.18782],[-106.64972,45.18809],[-106.64972,45.18863],[-106.6501,45.18863],[-106.6501,45.18998],[-106.64972,45.18998],[-106.64972,45.19105],[-106.64933,45.19105],[-106.64933,45.19159],[-106.64895,45.19159],[-106.64895,45.19321],[-106.64857,45.19321],[-106.64857,45.19402],[-106.64819,45.19402],[-106.64819,45.19429],[-106.64742,45.19456],[-106.64742,45.19537],[-106.64704,45.19537],[-106.64704,45.1959],[-106.64666,45.1959],[-106.64666,45.19698],[-106.64628,45.19698],[-106.64628,45.19914],[-106.64666,45.19914],[-106.64666,45.19968],[-106.64704,45.19968],[-106.64704,45.20022],[-106.64742,45.20022],[-106.64742,45.20129],[-106.64704,45.20129],[-106.64704,45.20156],[-106.64666,45.20156],[-106.64666,45.20183],[-106.64551,45.20183],[-106.64551,45.20156],[-106.6436,45.20156],[-106.6436,45.20183],[-106.64283,45.20183],[-106.64283,45.2021],[-106.64207,45.2021],[-106.64207,45.20183],[-106.64169,45.20183],[-106.64169,45.20156],[-106.64092,45.20183],[-106.64092,45.20129],[-106.64054,45.20129],[-106.64054,45.20102],[-106.6413,45.20102],[-106.6413,45.20076],[-106.64092,45.20076],[-106.64092,45.20049],[-106.64016,45.20076],[-106.64016,45.20022],[-106.63939,45.20022],[-106.63939,45.19995],[-106.63824,45.19995],[-106.63824,45.20022],[-106.63748,45.20022],[-106.63748,45.20076],[-106.6371,45.20076],[-106.6371,45.20102],[-106.63672,45.20102],[-106.63672,45.20129],[-106.63557,45.20129],[-106.63557,45.20156],[-106.63519,45.20156],[-106.63519,45.20129],[-106.63442,45.20129],[-106.63442,45.20076],[-106.63404,45.20076],[-106.63404,45.20049],[-106.63366,45.20049],[-106.63366,45.20022],[-106.63289,45.19995],[-106.63289,45.19941],[-106.63251,45.19941],[-106.63251,45.1986],[-106.63213,45.1986],[-106.63213,45.19806],[-106.63174,45.19806],[-106.63174,45.19779],[-106.62907,45.19779],[-106.62907,45.19752],[-106.6283,45.19752],[-106.6283,45.19725],[-106.62754,45.19698],[-106.62754,45.19644],[-106.62716,45.19644],[-106.62716,45.1959],[-106.62677,45.1959],[-106.62677,45.19537],[-106.62639,45.19537],[-106.62639,45.19456],[-106.62601,45.19456],[-106.62601,45.19375],[-106.62563,45.19375],[-106.62563,45.19321],[-106.62524,45.19321],[-106.62524,45.19267],[-106.62486,45.19267],[-106.62486,45.19213],[-106.6241,45.19186],[-106.6241,45.19132],[-106.62371,45.19132],[-106.62371,45.19105],[-106.62333,45.19105],[-106.62333,45.19078],[-106.62257,45.19051],[-106.62257,45.19024],[-106.6218,45.19024],[-106.6218,45.19051],[-106.62142,45.19051],[-106.62142,45.19078],[-106.62104,45.19078],[-106.62104,45.19105],[-106.61989,45.19105],[-106.61989,45.19132],[-106.61874,45.19132],[-106.61874,45.19105],[-106.61836,45.19105],[-106.61836,45.19132],[-106.61798,45.19132],[-106.61798,45.19105],[-106.61721,45.19105],[-106.61721,45.19132],[-106.61607,45.19132],[-106.61607,45.19105],[-106.61568,45.19105],[-106.61568,45.19051],[-106.6153,45.19051],[-106.6153,45.18944],[-106.61568,45.18944],[-106.61568,45.1889],[-106.61607,45.1889],[-106.61607,45.18755],[-106.61568,45.18755],[-106.61568,45.18728],[-106.61492,45.18701],[-106.61492,45.18593],[-106.6153,45.18593],[-106.6153,45.1862],[-106.61607,45.18593],[-106.61607,45.18486],[-106.61645,45.18486],[-106.61645,45.18432],[-106.61683,45.18432],[-106.61683,45.18378],[-106.61721,45.18378],[-106.61721,45.18351],[-106.61568,45.18324],[-106.61568,45.18297],[-106.6153,45.18297],[-106.6153,45.18243],[-106.61492,45.18243],[-106.61492,45.18162],[-106.61568,45.18162],[-106.61568,45.18135],[-106.61645,45.18108],[-106.61645,45.18],[-106.61607,45.18],[-106.61607,45.17947],[-106.61645,45.17947],[-106.61645,45.17973],[-106.61721,45.17973],[-106.61721,45.18],[-106.61913,45.18],[-106.61913,45.18027],[-106.61989,45.18027],[-106.61989,45.18054],[-106.62027,45.18054],[-106.62027,45.18027],[-106.62065,45.18027],[-106.62065,45.18],[-106.62104,45.18],[-106.62104,45.17973],[-106.62142,45.17973],[-106.62142,45.17947],[-106.6218,45.17947],[-106.6218,45.17893],[-106.6241,45.17866],[-106.6241,45.17839],[-106.62448,45.17839],[-106.62448,45.17866],[-106.62486,45.17866],[-106.62486,45.17839],[-106.62677,45.17839],[-106.62677,45.17812],[-106.62716,45.17812],[-106.62716,45.17785],[-106.62792,45.17785],[-106.62792,45.17731],[-106.63136,45.17731],[-106.63136,45.17758],[-106.63213,45.17785],[-106.63213,45.17812],[-106.63289,45.17839],[-106.63289,45.1792],[-106.63174,45.1792],[-106.63174,45.17947],[-106.63213,45.17947],[-106.63213,45.17973],[-106.63289,45.18],[-106.63289,45.18027],[-106.63442,45.18],[-106.63442,45.17973],[-106.6348,45.17973],[-106.6348,45.18]],[[-106.64628,45.20049],[-106.64628,45.20076],[-106.64666,45.20076],[-106.64666,45.20049],[-106.64628,45.20049]],[[-106.61683,45.19051],[-106.61683,45.19078],[-106.61721,45.19078],[-106.61721,45.19051],[-106.61683,45.19051]],[[-106.61607,45.19051],[-106.61607,45.19078],[-106.61645,45.19078],[-106.61645,45.19051],[-106.61607,45.19051]],[[-106.61607,45.18971],[-106.61607,45.18998],[-106.61645,45.18998],[-106.61645,45.18971],[-106.61607,45.18971]],[[-106.64398,45.18512],[-106.64398,45.18539],[-106.64436,45.18539],[-106.64436,45.18512],[-106.64398,45.18512]],[[-106.64322,45.18512],[-106.64322,45.18539],[-106.6436,45.18539],[-106.6436,45.18512],[-106.64322,45.18512]],[[-106.63557,45.18108],[-106.63557,45.18135],[-106.63595,45.18135],[-106.63595,45.18108],[-106.63557,45.18108]],[[-106.63442,45.18108],[-106.63442,45.18135],[-106.6348,45.18135],[-106.6348,45.18108],[-106.63442,45.18108]],[[-106.62142,45.18081],[-106.62142,45.18108],[-106.6218,45.18108],[-106.6218,45.18081],[-106.62142,45.18081]],[[-106.62142,45.18027],[-106.62142,45.18054],[-106.6218,45.18054],[-106.6218,45.18027],[-106.62142,45.18027]],[[-106.62218,45.18],[-106.62218,45.18027],[-106.62257,45.18027],[-106.62257,45.18],[-106.62218,45.18]],[[-106.62486,45.17947],[-106.62486,45.17973],[-106.62524,45.17973],[-106.62524,45.17947],[-106.62486,45.17947]],[[-106.6283,45.17839],[-106.6283,45.17866],[-106.62869,45.17866],[-106.62869,45.17839],[-106.6283,45.17839]]],[[[-106.64933,45.19833],[-106.64972,45.19833],[-106.64972,45.1986],[-106.64933,45.1986],[-106.64933,45.19833]]],[[[-106.64551,45.2021],[-106.64589,45.2021],[-106.64589,45.20237],[-106.64551,45.20237],[-106.64551,45.2021]]]]},"properties":{"layer":"predicted_reach_h06","fire_name":"Harris","irwin_id":"{1CF9F8F2-53E7-46E0-8744-2CE5FCCB2D74}","model":"arrival_run","checkpoint_epoch":216,"decode":"connected_causal","operating_point":{"floor":0.0,"mult":0.9},"val_precision":null,"val_recall":null,"model_caveat":"arrival_run chosen for best RECALL among the six FlameFlux v3 candidates on the production-valid t0-window corpus (R=0.624 on the fc2 held-out fires, R=0.432 on Dillon -- see candidate_comparison.md from the 2026-07-24 comparison). It does NOT meet the project's P>=0.50/R>=0.80 target: precision is the WORST of the six (P=0.120 on fc2 -- most flagged growth is wrong), and wind_run actually edges it on F1. IMPORTANT CAVEAT: arrival_run trained on the leaky 'observed' corpus (crop centered/sized on t0|t1, i.e. it saw the future perimeter's geometry during training) and has NEVER seen a t0-window crop -- the ONLY geometry this live pipeline can ever produce at forecast time (the future perimeter is, by definition, unknown). So every live prediction from this model is out-of-distribution relative to its own training. The measured t0-window numbers above already reflect that (they are not a surprise), but this is 'best available', not 'production-ready' -- represent it that way. The operating_point (floor=0.0, mult=0.9) is the VAL-selected connected-causal decode point; it did NOT clear the 0.50 precision floor during selection (feasible=False, val P=0.270/R=0.259) -- it's the best-F1 fallback point, not a precision-guaranteed one.","issued_at_utc":"2026-08-10 14:30:50.037077+00:00","valid_from_utc":"2026-08-10 00:00:00","valid_to_utc":"2026-08-11 00:00:00","wfigs_date_current_utc":"2026-08-10 14:00:26.469000+00:00","pixel_size_m":30,"veg_source":"refreshed_d4","physics_source":"eikonal_fbfm40","history_n_dates":1,"degraded_history":true,"containment_pct":10,"acres_wfigs":924.3420700993352,"hour":6,"valid_at_utc":"2026-08-10 06:00:00"}},{"type":"Feature","geometry":{"type":"MultiPolygon","coordinates":[[[[-106.62983,45.17596],[-106.62945,45.17596],[-106.62945,45.17569],[-106.62983,45.17569],[-106.62983,45.17596]]],[[[-106.6348,45.1792],[-106.6348,45.17866],[-106.63519,45.17866],[-106.63519,45.17839],[-106.63557,45.17839],[-106.63557,45.17812],[-106.63633,45.17812],[-106.63633,45.17839],[-106.63672,45.17839],[-106.63672,45.17866],[-106.63633,45.17866],[-106.63633,45.17893],[-106.63595,45.17893],[-106.63595,45.1792],[-106.63519,45.17947],[-106.63519,45.18],[-106.63557,45.18],[-106.63557,45.18027],[-106.63633,45.18027],[-106.63633,45.18054],[-106.63977,45.18054],[-106.63977,45.18108],[-106.64016,45.18108],[-106.64016,45.18162],[-106.64054,45.18162],[-106.64054,45.18216],[-106.64092,45.18216],[-106.64092,45.1827],[-106.6413,45.1827],[-106.6413,45.18297],[-106.64207,45.18324],[-106.64207,45.18351],[-106.64475,45.18351],[-106.64475,45.18378],[-106.64513,45.18378],[-106.64513,45.18405],[-106.64551,45.18405],[-106.64551,45.18432],[-106.64589,45.18432],[-106.64589,45.18459],[-106.64666,45.18486],[-106.64666,45.18512],[-106.64819,45.18539],[-106.64819,45.18566],[-106.6478,45.18566],[-106.6478,45.18593],[-106.64819,45.18593],[-106.64819,45.1862],[-106.6478,45.1862],[-106.6478,45.18647],[-106.64857,45.18674],[-106.64857,45.18701],[-106.64895,45.18701],[-106.64895,45.18755],[-106.64972,45.18755],[-106.64972,45.18782],[-106.6501,45.18782],[-106.6501,45.18809],[-106.65125,45.18809],[-106.65125,45.18836],[-106.65201,45.18863],[-106.65201,45.1889],[-106.65086,45.1889],[-106.65086,45.18917],[-106.6501,45.18944],[-106.6501,45.19024],[-106.64972,45.19024],[-106.64972,45.19105],[-106.64933,45.19105],[-106.64933,45.19213],[-106.64895,45.19213],[-106.64895,45.19402],[-106.64819,45.19429],[-106.64819,45.19456],[-106.64742,45.19456],[-106.64742,45.19537],[-106.64704,45.19537],[-106.64704,45.1959],[-106.64666,45.1959],[-106.64666,45.19698],[-106.64628,45.19698],[-106.64628,45.19887],[-106.64666,45.19887],[-106.64666,45.19941],[-106.64704,45.19941],[-106.64704,45.20022],[-106.64742,45.20022],[-106.64742,45.20129],[-106.64666,45.20156],[-106.64666,45.20291],[-106.64513,45.20318],[-106.64513,45.20399],[-106.64475,45.20399],[-106.64475,45.20372],[-106.64398,45.20345],[-106.64398,45.20318],[-106.6436,45.20318],[-106.6436,45.20345],[-106.64322,45.20345],[-106.64322,45.20318],[-106.64245,45.20318],[-106.64245,45.20237],[-106.64169,45.20237],[-106.64169,45.2021],[-106.6413,45.2021],[-106.6413,45.20183],[-106.64016,45.20183],[-106.64016,45.2021],[-106.63901,45.2021],[-106.63901,45.20237],[-106.63863,45.20237],[-106.63863,45.20183],[-106.63939,45.20183],[-106.63939,45.20156],[-106.63977,45.20156],[-106.63977,45.20102],[-106.64016,45.20102],[-106.64016,45.20076],[-106.63939,45.20076],[-106.63939,45.20022],[-106.63786,45.20022],[-106.63786,45.20049],[-106.63748,45.20049],[-106.63748,45.20076],[-106.63672,45.20102],[-106.63672,45.20129],[-106.63595,45.20129],[-106.63595,45.20156],[-106.6348,45.20156],[-106.6348,45.20129],[-106.63404,45.20102],[-106.63404,45.20049],[-106.63366,45.20049],[-106.63366,45.20022],[-106.63289,45.19995],[-106.63289,45.19968],[-106.63251,45.19968],[-106.63251,45.19887],[-106.63213,45.19887],[-106.63213,45.19806],[-106.63174,45.19806],[-106.63174,45.19779],[-106.62869,45.19779],[-106.62869,45.19752],[-106.62792,45.19725],[-106.62792,45.19698],[-106.62716,45.19671],[-106.62716,45.19617],[-106.62677,45.19617],[-106.62677,45.19563],[-106.62639,45.19563],[-106.62639,45.19456],[-106.62601,45.19456],[-106.62601,45.19375],[-106.62563,45.19375],[-106.62563,45.19321],[-106.62524,45.19321],[-106.62524,45.19294],[-106.62486,45.19294],[-106.62486,45.1924],[-106.6241,45.19213],[-106.6241,45.19159],[-106.62333,45.19159],[-106.62333,45.19105],[-106.62257,45.19105],[-106.62257,45.19078],[-106.62218,45.19078],[-106.62218,45.19105],[-106.62142,45.19132],[-106.62142,45.19159],[-106.62104,45.19159],[-106.62104,45.19132],[-106.61607,45.19132],[-106.61607,45.19105],[-106.6153,45.19078],[-106.6153,45.18944],[-106.61568,45.18944],[-106.61568,45.1889],[-106.61607,45.1889],[-106.61607,45.18782],[-106.61568,45.18782],[-106.61568,45.18728],[-106.61492,45.18728],[-106.61492,45.18674],[-106.61454,45.18674],[-106.61454,45.1862],[-106.61415,45.1862],[-106.61415,45.18593],[-106.61454,45.18593],[-106.61454,45.18566],[-106.61492,45.18566],[-106.61492,45.18539],[-106.6153,45.18539],[-106.6153,45.18566],[-106.61607,45.18539],[-106.61607,45.18459],[-106.61645,45.18459],[-106.61645,45.18405],[-106.61683,45.18405],[-106.61683,45.18351],[-106.61568,45.18351],[-106.61568,45.18324],[-106.61492,45.18324],[-106.61492,45.18297],[-106.61339,45.1827],[-106.61339,45.18243],[-106.61301,45.18243],[-106.61301,45.18162],[-106.61224,45.18135],[-106.61224,45.18081],[-106.61186,45.18081],[-106.61186,45.18054],[-106.61339,45.18054],[-106.61339,45.18108],[-106.61377,45.18108],[-106.61377,45.18135],[-106.6153,45.18135],[-106.6153,45.18108],[-106.61607,45.18081],[-106.61607,45.18],[-106.6153,45.17973],[-106.6153,45.1792],[-106.61492,45.1792],[-106.61492,45.17785],[-106.6153,45.17785],[-106.6153,45.17758],[-106.61607,45.17731],[-106.61607,45.17704],[-106.61836,45.17677],[-106.61836,45.1765],[-106.61874,45.1765],[-106.61874,45.17569],[-106.61913,45.17569],[-106.61913,45.17623],[-106.61989,45.17623],[-106.61989,45.17677],[-106.62027,45.17677],[-106.62027,45.17731],[-106.61951,45.17758],[-106.61951,45.17812],[-106.61913,45.17812],[-106.61913,45.17839],[-106.61836,45.17866],[-106.61836,45.17893],[-106.61874,45.17893],[-106.61874,45.1792],[-106.61836,45.1792],[-106.61836,45.17947],[-106.61913,45.17973],[-106.61913,45.18],[-106.61989,45.18],[-106.61989,45.18027],[-106.62027,45.18027],[-106.62027,45.18],[-106.62104,45.18],[-106.62104,45.17947],[-106.62142,45.17947],[-106.62142,45.17893],[-106.6218,45.17893],[-106.6218,45.17866],[-106.62257,45.17866],[-106.62257,45.17839],[-106.62601,45.17839],[-106.62601,45.17812],[-106.62754,45.17785],[-106.62754,45.17731],[-106.62792,45.17731],[-106.62792,45.17677],[-106.62869,45.1765],[-106.62869,45.17623],[-106.62907,45.17623],[-106.62907,45.17596],[-106.62983,45.17623],[-106.62983,45.17677],[-106.63289,45.17677],[-106.63289,45.17704],[-106.63251,45.17704],[-106.63251,45.17731],[-106.63289,45.17731],[-106.63289,45.17758],[-106.63251,45.17758],[-106.63251,45.17785],[-106.63289,45.17785],[-106.63289,45.17839],[-106.63327,45.17839],[-106.63327,45.17893],[-106.63366,45.17893],[-106.63366,45.1792],[-106.63327,45.1792],[-106.63327,45.17947],[-106.6348,45.1792]],[[-106.63289,45.17947],[-106.63289,45.18],[-106.63366,45.18],[-106.63366,45.17973],[-106.63289,45.17947]],[[-106.64475,45.2021],[-106.64513,45.2021],[-106.64513,45.20183],[-106.64436,45.20156],[-106.64436,45.20183],[-106.6436,45.20183],[-106.6436,45.20237],[-106.64322,45.20237],[-106.64322,45.20264],[-106.64436,45.20264],[-106.64436,45.20237],[-106.64475,45.20237],[-106.64475,45.2021]],[[-106.64628,45.20076],[-106.64666,45.20076],[-106.64666,45.20049],[-106.64628,45.20049],[-106.64628,45.20076]],[[-106.61683,45.19078],[-106.61721,45.19078],[-106.61721,45.19051],[-106.61683,45.19051],[-106.61683,45.19078]],[[-106.61607,45.19078],[-106.61645,45.19078],[-106.61645,45.19051],[-106.61607,45.19051],[-106.61607,45.19078]],[[-106.61607,45.18998],[-106.61645,45.18998],[-106.61645,45.18971],[-106.61607,45.18971],[-106.61607,45.18998]],[[-106.64398,45.18539],[-106.64436,45.18539],[-106.64436,45.18512],[-106.64398,45.18512],[-106.64398,45.18539]],[[-106.64322,45.18539],[-106.6436,45.18539],[-106.6436,45.18512],[-106.64322,45.18512],[-106.64322,45.18539]],[[-106.63557,45.18135],[-106.63595,45.18135],[-106.63595,45.18108],[-106.63557,45.18108],[-106.63557,45.18135]],[[-106.63442,45.18135],[-106.6348,45.18135],[-106.6348,45.18108],[-106.63442,45.18108],[-106.63442,45.18135]],[[-106.62142,45.18108],[-106.6218,45.18108],[-106.6218,45.18081],[-106.62142,45.18081],[-106.62142,45.18108]],[[-106.62142,45.18054],[-106.6218,45.18054],[-106.6218,45.18027],[-106.62142,45.18027],[-106.62142,45.18054]],[[-106.62218,45.18027],[-106.62257,45.18027],[-106.62257,45.18],[-106.62218,45.18],[-106.62218,45.18027]],[[-106.62486,45.17973],[-106.62524,45.17973],[-106.62524,45.17947],[-106.62486,45.17947],[-106.62486,45.17973]],[[-106.61683,45.17947],[-106.61798,45.17947],[-106.61798,45.1792],[-106.61683,45.1792],[-106.61683,45.17947]],[[-106.6283,45.17866],[-106.62869,45.17866],[-106.62869,45.17839],[-106.6283,45.17839],[-106.6283,45.17866]]],[[[-106.64857,45.19914],[-106.64857,45.19833],[-106.64933,45.19833],[-106.64933,45.19806],[-106.6501,45.19806],[-106.6501,45.19833],[-106.65048,45.19833],[-106.65048,45.19914],[-106.64972,45.19914],[-106.64972,45.19941],[-106.64895,45.19941],[-106.64895,45.19914],[-106.64857,45.19914]]],[[[-106.6371,45.20129],[-106.6371,45.20156],[-106.63672,45.20156],[-106.63672,45.20129],[-106.6371,45.20129]]],[[[-106.63748,45.20156],[-106.63748,45.2021],[-106.6371,45.2021],[-106.6371,45.20156],[-106.63748,45.20156]]],[[[-106.63824,45.2021],[-106.63824,45.20237],[-106.63786,45.20237],[-106.63786,45.2021],[-106.63824,45.2021]]],[[[-106.64436,45.20372],[-106.64436,45.20399],[-106.64398,45.20399],[-106.64398,45.20372],[-106.64436,45.20372]]],[[[-106.64819,45.20426],[-106.64819,45.20453],[-106.6478,45.20453],[-106.6478,45.20426],[-106.64819,45.20426]]]]},"properties":{"layer":"predicted_reach_h07","fire_name":"Harris","irwin_id":"{1CF9F8F2-53E7-46E0-8744-2CE5FCCB2D74}","model":"arrival_run","checkpoint_epoch":216,"decode":"connected_causal","operating_point":{"floor":0.0,"mult":0.9},"val_precision":null,"val_recall":null,"model_caveat":"arrival_run chosen for best RECALL among the six FlameFlux v3 candidates on the production-valid t0-window corpus (R=0.624 on the fc2 held-out fires, R=0.432 on Dillon -- see candidate_comparison.md from the 2026-07-24 comparison). It does NOT meet the project's P>=0.50/R>=0.80 target: precision is the WORST of the six (P=0.120 on fc2 -- most flagged growth is wrong), and wind_run actually edges it on F1. IMPORTANT CAVEAT: arrival_run trained on the leaky 'observed' corpus (crop centered/sized on t0|t1, i.e. it saw the future perimeter's geometry during training) and has NEVER seen a t0-window crop -- the ONLY geometry this live pipeline can ever produce at forecast time (the future perimeter is, by definition, unknown). So every live prediction from this model is out-of-distribution relative to its own training. The measured t0-window numbers above already reflect that (they are not a surprise), but this is 'best available', not 'production-ready' -- represent it that way. The operating_point (floor=0.0, mult=0.9) is the VAL-selected connected-causal decode point; it did NOT clear the 0.50 precision floor during selection (feasible=False, val P=0.270/R=0.259) -- it's the best-F1 fallback point, not a precision-guaranteed one.","issued_at_utc":"2026-08-10 14:30:50.037077+00:00","valid_from_utc":"2026-08-10 00:00:00","valid_to_utc":"2026-08-11 00:00:00","wfigs_date_current_utc":"2026-08-10 14:00:26.469000+00:00","pixel_size_m":30,"veg_source":"refreshed_d4","physics_source":"eikonal_fbfm40","history_n_dates":1,"degraded_history":true,"containment_pct":10,"acres_wfigs":924.3420700993352,"hour":7,"valid_at_utc":"2026-08-10 07:00:00"}},{"type":"Feature","geometry":{"type":"MultiPolygon","coordinates":[[[[-106.64933,45.18081],[-106.64933,45.18054],[-106.6501,45.18054],[-106.6501,45.18081],[-106.64972,45.18081],[-106.64972,45.18108],[-106.64895,45.18108],[-106.64895,45.18081],[-106.64933,45.18081]]],[[[-106.64513,45.18135],[-106.64551,45.18135],[-106.64551,45.18108],[-106.64666,45.18108],[-106.64666,45.18081],[-106.6478,45.18081],[-106.6478,45.18054],[-106.64819,45.18054],[-106.64819,45.18108],[-106.6478,45.18108],[-106.6478,45.18135],[-106.64704,45.18135],[-106.64704,45.18162],[-106.64628,45.18189],[-106.64628,45.18216],[-106.64589,45.18216],[-106.64589,45.18243],[-106.64475,45.18243],[-106.64475,45.18162],[-106.64513,45.18162],[-106.64513,45.18135]]],[[[-106.65278,45.19698],[-106.65239,45.19698],[-106.65239,45.19725],[-106.65201,45.19725],[-106.65201,45.19671],[-106.65278,45.19671],[-106.65278,45.19698]]],[[[-106.65201,45.19725],[-106.65201,45.19752],[-106.65163,45.19752],[-106.65163,45.19725],[-106.65201,45.19725]]],[[[-106.64895,45.19968],[-106.64819,45.19941],[-106.64819,45.19914],[-106.64857,45.19914],[-106.64857,45.19779],[-106.65048,45.19779],[-106.65048,45.19806],[-106.65125,45.19833],[-106.65125,45.1986],[-106.65086,45.1986],[-106.65086,45.19887],[-106.65048,45.19887],[-106.65048,45.19914],[-106.6501,45.19914],[-106.6501,45.19941],[-106.64972,45.19941],[-106.64972,45.20022],[-106.6501,45.20022],[-106.6501,45.20049],[-106.64972,45.20049],[-106.64972,45.20102],[-106.64895,45.20102],[-106.64895,45.20129],[-106.64857,45.20129],[-106.64857,45.20049],[-106.64895,45.20049],[-106.64895,45.19968]]],[[[-106.6413,45.20561],[-106.64092,45.20561],[-106.64092,45.20534],[-106.6413,45.20534],[-106.6413,45.20561]]],[[[-106.63289,45.17569],[-106.63289,45.17596],[-106.63251,45.17596],[-106.63251,45.17569],[-106.63289,45.17569]]],[[[-106.63824,45.17704],[-106.63786,45.17704],[-106.63786,45.17623],[-106.63824,45.17623],[-106.63824,45.17704]]],[[[-106.60995,45.1792],[-106.60957,45.1792],[-106.60957,45.17893],[-106.60995,45.17893],[-106.60995,45.1792]]],[[[-106.60918,45.18108],[-106.60918,45.18135],[-106.60842,45.18135],[-106.60842,45.18108],[-106.60918,45.18108]]],[[[-106.6088,45.18486],[-106.60957,45.18486],[-106.60957,45.18459],[-106.60995,45.18459],[-106.60995,45.18432],[-106.6111,45.18432],[-106.6111,45.18459],[-106.61033,45.18486],[-106.61033,45.18512],[-106.60957,45.18512],[-106.60957,45.18539],[-106.60918,45.18539],[-106.60918,45.18512],[-106.6088,45.18512],[-106.6088,45.18486]]],[[[-106.64513,45.20453],[-106.64322,45.20453],[-106.64322,45.20426],[-106.64283,45.20426],[-106.64283,45.20399],[-106.64169,45.20399],[-106.64169,45.20318],[-106.64207,45.20318],[-106.64207,45.20264],[-106.64169,45.20264],[-106.64169,45.20237],[-106.6413,45.20237],[-106.6413,45.2021],[-106.63977,45.2021],[-106.63977,45.20237],[-106.63863,45.20237],[-106.63863,45.20264],[-106.63786,45.20264],[-106.63786,45.20237],[-106.6371,45.20237],[-106.6371,45.2021],[-106.63672,45.2021],[-106.63672,45.20183],[-106.63633,45.20183],[-106.63633,45.20156],[-106.6348,45.20156],[-106.6348,45.20129],[-106.63404,45.20102],[-106.63404,45.20076],[-106.63366,45.20076],[-106.63366,45.20049],[-106.63289,45.20022],[-106.63289,45.19995],[-106.63251,45.19995],[-106.63251,45.19914],[-106.63213,45.19914],[-106.63213,45.1986],[-106.63174,45.1986],[-106.63174,45.19779],[-106.62869,45.19779],[-106.62869,45.19752],[-106.62792,45.19725],[-106.62792,45.19698],[-106.62716,45.19671],[-106.62716,45.19617],[-106.62639,45.1959],[-106.62639,45.19483],[-106.62601,45.19483],[-106.62601,45.19402],[-106.62563,45.19402],[-106.62563,45.19348],[-106.62524,45.19348],[-106.62524,45.19321],[-106.62486,45.19321],[-106.62486,45.19267],[-106.6241,45.1924],[-106.6241,45.19186],[-106.62333,45.19186],[-106.62333,45.19159],[-106.62257,45.19159],[-106.62257,45.19132],[-106.62218,45.19132],[-106.62218,45.19159],[-106.62142,45.19159],[-106.62142,45.19186],[-106.62104,45.19186],[-106.62104,45.19159],[-106.62027,45.19159],[-106.62027,45.19132],[-106.61607,45.19132],[-106.61607,45.19105],[-106.6153,45.19078],[-106.6153,45.19024],[-106.61492,45.19024],[-106.61492,45.18998],[-106.6153,45.18998],[-106.6153,45.18917],[-106.61568,45.18917],[-106.61568,45.18863],[-106.61607,45.18863],[-106.61607,45.18836],[-106.61568,45.18836],[-106.61568,45.18755],[-106.61492,45.18755],[-106.61492,45.18728],[-106.61454,45.18728],[-106.61454,45.18701],[-106.61415,45.18701],[-106.61415,45.1862],[-106.61377,45.1862],[-106.61377,45.18539],[-106.61492,45.18539],[-106.61492,45.18512],[-106.61568,45.18512],[-106.61568,45.18486],[-106.61645,45.18459],[-106.61645,45.18351],[-106.61492,45.18351],[-106.61492,45.18324],[-106.61415,45.18324],[-106.61415,45.18297],[-106.61262,45.18297],[-106.61262,45.18189],[-106.61224,45.18189],[-106.61224,45.18162],[-106.61186,45.18162],[-106.61186,45.18135],[-106.61148,45.18135],[-106.61148,45.18108],[-106.6111,45.18108],[-106.6111,45.18081],[-106.61033,45.18081],[-106.61033,45.18027],[-106.60995,45.18027],[-106.60995,45.18],[-106.61033,45.18],[-106.61033,45.17973],[-106.60957,45.17973],[-106.60957,45.17947],[-106.61033,45.1792],[-106.61033,45.17947],[-106.61071,45.17947],[-106.61071,45.18],[-106.61148,45.18],[-106.61148,45.18027],[-106.61186,45.18027],[-106.61186,45.18],[-106.61301,45.18],[-106.61301,45.18027],[-106.61377,45.18027],[-106.61377,45.18081],[-106.61415,45.18081],[-106.61415,45.18108],[-106.6153,45.18108],[-106.6153,45.18081],[-106.61568,45.18081],[-106.61568,45.18],[-106.6153,45.18],[-106.6153,45.17947],[-106.61492,45.17947],[-106.61492,45.1792],[-106.61454,45.1792],[-106.61454,45.17866],[-106.61415,45.17866],[-106.61415,45.17812],[-106.61454,45.17812],[-106.61454,45.17758],[-106.61492,45.17758],[-106.61492,45.17731],[-106.61568,45.17704],[-106.61568,45.17677],[-106.61645,45.17677],[-106.61645,45.17623],[-106.61683,45.17623],[-106.61683,45.17596],[-106.61645,45.17596],[-106.61645,45.17569],[-106.61683,45.17569],[-106.61683,45.17542],[-106.61721,45.17542],[-106.61721,45.17569],[-106.61798,45.17569],[-106.61798,45.17515],[-106.61913,45.17515],[-106.61913,45.17542],[-106.61989,45.17569],[-106.61989,45.17596],[-106.62027,45.17596],[-106.62027,45.1765],[-106.62065,45.1765],[-106.62065,45.17758],[-106.62027,45.17758],[-106.62027,45.17785],[-106.61951,45.17812],[-106.61951,45.17866],[-106.61913,45.17866],[-106.61913,45.17947],[-106.61951,45.17947],[-106.61951,45.17973],[-106.61989,45.17973],[-106.61989,45.18],[-106.62065,45.18],[-106.62065,45.17973],[-106.62104,45.17973],[-106.62104,45.17893],[-106.6218,45.17866],[-106.6218,45.17839],[-106.62486,45.17839],[-106.62486,45.17812],[-106.62639,45.17812],[-106.62639,45.17785],[-106.62716,45.17785],[-106.62716,45.17731],[-106.62754,45.17731],[-106.62754,45.1765],[-106.62792,45.1765],[-106.62792,45.17623],[-106.62869,45.17596],[-106.62869,45.17515],[-106.62945,45.17515],[-106.62945,45.17488],[-106.62983,45.17488],[-106.62983,45.17515],[-106.63021,45.17515],[-106.63021,45.17623],[-106.6306,45.17623],[-106.6306,45.1765],[-106.63136,45.1765],[-106.63136,45.17623],[-106.63213,45.17623],[-106.63213,45.17596],[-106.63251,45.17596],[-106.63251,45.17623],[-106.63289,45.17623],[-106.63289,45.1765],[-106.63366,45.17677],[-106.63366,45.17704],[-106.63327,45.17704],[-106.63327,45.17731],[-106.63366,45.17731],[-106.63366,45.17758],[-106.63327,45.17758],[-106.63327,45.17839],[-106.63366,45.17839],[-106.63366,45.17893],[-106.63442,45.17893],[-106.63442,45.17866],[-106.6348,45.17866],[-106.6348,45.17839],[-106.63557,45.17812],[-106.63557,45.17785],[-106.6371,45.17785],[-106.6371,45.17866],[-106.63672,45.17866],[-106.63672,45.1792],[-106.63595,45.1792],[-106.63595,45.17947],[-106.63557,45.17947],[-106.63557,45.18],[-106.63595,45.18],[-106.63595,45.18027],[-106.63672,45.18027],[-106.63672,45.18054],[-106.6371,45.18054],[-106.6371,45.18027],[-106.63748,45.18027],[-106.63748,45.18054],[-106.63786,45.18054],[-106.63786,45.18027],[-106.63824,45.18027],[-106.63824,45.18054],[-106.63863,45.18054],[-106.63863,45.18027],[-106.63939,45.18027],[-106.63939,45.18054],[-106.64054,45.18054],[-106.64054,45.18162],[-106.64092,45.18162],[-106.64092,45.18216],[-106.6413,45.18216],[-106.6413,45.1827],[-106.64169,45.1827],[-106.64169,45.18297],[-106.64207,45.18297],[-106.64207,45.18324],[-106.64513,45.18324],[-106.64513,45.18378],[-106.64551,45.18378],[-106.64551,45.18405],[-106.64589,45.18405],[-106.64589,45.18432],[-106.64628,45.18432],[-106.64628,45.18459],[-106.64666,45.18459],[-106.64666,45.18486],[-106.6478,45.18486],[-106.6478,45.18512],[-106.64819,45.18512],[-106.64819,45.18539],[-106.64857,45.18539],[-106.64857,45.1862],[-106.64819,45.1862],[-106.64819,45.18647],[-106.64857,45.18647],[-106.64857,45.18701],[-106.64895,45.18701],[-106.64895,45.18728],[-106.64933,45.18728],[-106.64933,45.18755],[-106.6501,45.18755],[-106.6501,45.18782],[-106.65239,45.18755],[-106.65239,45.18782],[-106.65354,45.18782],[-106.65354,45.18809],[-106.65392,45.18809],[-106.65392,45.18836],[-106.65354,45.18836],[-106.65354,45.18863],[-106.65278,45.1889],[-106.65278,45.18944],[-106.65201,45.18944],[-106.65201,45.18971],[-106.6501,45.18971],[-106.6501,45.19024],[-106.64972,45.19024],[-106.64972,45.19132],[-106.64933,45.19132],[-106.64933,45.1924],[-106.64895,45.1924],[-106.64895,45.19429],[-106.64742,45.19456],[-106.64742,45.19537],[-106.64704,45.19537],[-106.64704,45.1959],[-106.64666,45.1959],[-106.64666,45.19698],[-106.64628,45.19698],[-106.64628,45.19725],[-106.64666,45.19725],[-106.64666,45.19914],[-106.64704,45.19914],[-106.64704,45.19995],[-106.64742,45.19995],[-106.64742,45.20129],[-106.64704,45.20129],[-106.64704,45.20183],[-106.64666,45.20183],[-106.64666,45.2021],[-106.64704,45.2021],[-106.64704,45.20264],[-106.64742,45.20264],[-106.64742,45.20291],[-106.64972,45.20264],[-106.64972,45.20372],[-106.64895,45.20399],[-106.64895,45.20453],[-106.64819,45.20453],[-106.64819,45.20507],[-106.64742,45.20507],[-106.64742,45.20534],[-106.64628,45.20534],[-106.64628,45.2048],[-106.64513,45.2048],[-106.64513,45.20453]],[[-106.64704,45.20345],[-106.64704,45.20291],[-106.64666,45.20291],[-106.64666,45.20318],[-106.64589,45.20318],[-106.64589,45.20345],[-106.64551,45.20345],[-106.64551,45.20426],[-106.64589,45.20426],[-106.64589,45.20453],[-106.64628,45.20453],[-106.64628,45.20426],[-106.64704,45.20453],[-106.64704,45.20372],[-106.64742,45.20372],[-106.64742,45.20345],[-106.64704,45.20345]],[[-106.63901,45.20076],[-106.63901,45.20049],[-106.63786,45.20049],[-106.63786,45.20076],[-106.63748,45.20076],[-106.63748,45.20156],[-106.63824,45.20156],[-106.63824,45.20183],[-106.63863,45.20183],[-106.63863,45.20156],[-106.63939,45.20156],[-106.63939,45.20076],[-106.63901,45.20076]],[[-106.64666,45.20076],[-106.64666,45.20049],[-106.64628,45.20049],[-106.64628,45.20076],[-106.64666,45.20076]],[[-106.61721,45.19078],[-106.61721,45.19051],[-106.61683,45.19051],[-106.61683,45.19078],[-106.61721,45.19078]],[[-106.61645,45.19078],[-106.61645,45.19051],[-106.61607,45.19051],[-106.61607,45.19078],[-106.61645,45.19078]],[[-106.61645,45.18998],[-106.61645,45.18971],[-106.61607,45.18971],[-106.61607,45.18998],[-106.61645,45.18998]],[[-106.64436,45.18539],[-106.64436,45.18512],[-106.64398,45.18512],[-106.64398,45.18539],[-106.64436,45.18539]],[[-106.6436,45.18539],[-106.6436,45.18512],[-106.64322,45.18512],[-106.64322,45.18539],[-106.6436,45.18539]],[[-106.63595,45.18135],[-106.63595,45.18108],[-106.63557,45.18108],[-106.63557,45.18135],[-106.63595,45.18135]],[[-106.6348,45.18135],[-106.6348,45.18108],[-106.63442,45.18108],[-106.63442,45.18135],[-106.6348,45.18135]],[[-106.6218,45.18108],[-106.6218,45.18081],[-106.62142,45.18081],[-106.62142,45.18108],[-106.6218,45.18108]],[[-106.6218,45.18054],[-106.6218,45.18027],[-106.62142,45.18027],[-106.62142,45.18054],[-106.6218,45.18054]],[[-106.62257,45.18027],[-106.62257,45.18],[-106.62218,45.18],[-106.62218,45.18027],[-106.62257,45.18027]],[[-106.62524,45.17973],[-106.62524,45.17947],[-106.62486,45.17947],[-106.62486,45.17973],[-106.62524,45.17973]],[[-106.62869,45.17866],[-106.62869,45.17839],[-106.6283,45.17839],[-106.6283,45.17866],[-106.62869,45.17866]]]]},"properties":{"layer":"predicted_reach_h08","fire_name":"Harris","irwin_id":"{1CF9F8F2-53E7-46E0-8744-2CE5FCCB2D74}","model":"arrival_run","checkpoint_epoch":216,"decode":"connected_causal","operating_point":{"floor":0.0,"mult":0.9},"val_precision":null,"val_recall":null,"model_caveat":"arrival_run chosen for best RECALL among the six FlameFlux v3 candidates on the production-valid t0-window corpus (R=0.624 on the fc2 held-out fires, R=0.432 on Dillon -- see candidate_comparison.md from the 2026-07-24 comparison). It does NOT meet the project's P>=0.50/R>=0.80 target: precision is the WORST of the six (P=0.120 on fc2 -- most flagged growth is wrong), and wind_run actually edges it on F1. IMPORTANT CAVEAT: arrival_run trained on the leaky 'observed' corpus (crop centered/sized on t0|t1, i.e. it saw the future perimeter's geometry during training) and has NEVER seen a t0-window crop -- the ONLY geometry this live pipeline can ever produce at forecast time (the future perimeter is, by definition, unknown). So every live prediction from this model is out-of-distribution relative to its own training. The measured t0-window numbers above already reflect that (they are not a surprise), but this is 'best available', not 'production-ready' -- represent it that way. The operating_point (floor=0.0, mult=0.9) is the VAL-selected connected-causal decode point; it did NOT clear the 0.50 precision floor during selection (feasible=False, val P=0.270/R=0.259) -- it's the best-F1 fallback point, not a precision-guaranteed one.","issued_at_utc":"2026-08-10 14:30:50.037077+00:00","valid_from_utc":"2026-08-10 00:00:00","valid_to_utc":"2026-08-11 00:00:00","wfigs_date_current_utc":"2026-08-10 14:00:26.469000+00:00","pixel_size_m":30,"veg_source":"refreshed_d4","physics_source":"eikonal_fbfm40","history_n_dates":1,"degraded_history":true,"containment_pct":10,"acres_wfigs":924.3420700993352,"hour":8,"valid_at_utc":"2026-08-10 08:00:00"}},{"type":"Feature","geometry":{"type":"MultiPolygon","coordinates":[[[[-106.6088,45.18566],[-106.60842,45.18566],[-106.60842,45.18539],[-106.60765,45.18512],[-106.60765,45.18459],[-106.60957,45.18459],[-106.60957,45.18432],[-106.60995,45.18432],[-106.60995,45.18405],[-106.61148,45.18378],[-106.61148,45.18459],[-106.6111,45.18459],[-106.6111,45.18512],[-106.61033,45.18512],[-106.61033,45.18539],[-106.60957,45.18566],[-106.60957,45.18593],[-106.60995,45.18593],[-106.60995,45.18701],[-106.6088,45.18701],[-106.6088,45.18566]]],[[[-106.65736,45.18863],[-106.65736,45.1889],[-106.65698,45.1889],[-106.65698,45.18863],[-106.65736,45.18863]]],[[[-106.61186,45.18162],[-106.6111,45.18162],[-106.6111,45.18135],[-106.61071,45.18135],[-106.61071,45.18108],[-106.60957,45.18108],[-106.60957,45.18135],[-106.60918,45.18135],[-106.60918,45.18216],[-106.60804,45.18216],[-106.60804,45.18189],[-106.60765,45.18189],[-106.60765,45.18108],[-106.60804,45.18108],[-106.60804,45.18054],[-106.6088,45.18027],[-106.6088,45.17947],[-106.60918,45.17947],[-106.60918,45.17866],[-106.60957,45.17866],[-106.60957,45.17839],[-106.60995,45.17839],[-106.60995,45.17866],[-106.61071,45.17893],[-106.61071,45.1792],[-106.61148,45.17947],[-106.61148,45.17973],[-106.61186,45.17973],[-106.61186,45.18],[-106.61262,45.18],[-106.61262,45.17973],[-106.61301,45.17973],[-106.61301,45.18],[-106.61377,45.18],[-106.61377,45.18027],[-106.61415,45.18027],[-106.61415,45.18054],[-106.61454,45.18054],[-106.61454,45.18081],[-106.6153,45.18081],[-106.6153,45.18],[-106.61492,45.18],[-106.61492,45.17973],[-106.61454,45.17973],[-106.61454,45.17947],[-106.61415,45.17947],[-106.61415,45.17758],[-106.61454,45.17758],[-106.61454,45.17731],[-106.6153,45.17704],[-106.6153,45.17677],[-106.61607,45.17677],[-106.61607,45.17623],[-106.61645,45.17623],[-106.61645,45.17596],[-106.61568,45.17569],[-106.61568,45.17515],[-106.61798,45.17515],[-106.61798,45.17461],[-106.61836,45.17461],[-106.61836,45.17408],[-106.61913,45.17408],[-106.61913,45.17488],[-106.61989,45.17515],[-106.61989,45.17569],[-106.62027,45.17569],[-106.62027,45.17623],[-106.62065,45.17623],[-106.62065,45.17677],[-106.62104,45.17677],[-106.62104,45.17758],[-106.62065,45.17758],[-106.62065,45.17785],[-106.61989,45.17812],[-106.61989,45.17839],[-106.61951,45.17839],[-106.61951,45.17947],[-106.61989,45.17947],[-106.61989,45.17973],[-106.62065,45.17947],[-106.62065,45.17893],[-106.62104,45.17893],[-106.62104,45.17866],[-106.62142,45.17866],[-106.62142,45.17839],[-106.62257,45.17839],[-106.62257,45.17812],[-106.62563,45.17812],[-106.62563,45.17785],[-106.62677,45.17785],[-106.62677,45.17758],[-106.62716,45.17758],[-106.62716,45.17623],[-106.62754,45.17623],[-106.62754,45.17569],[-106.62792,45.17569],[-106.62792,45.17542],[-106.62869,45.17515],[-106.62869,45.17488],[-106.62907,45.17488],[-106.62907,45.17461],[-106.63021,45.17461],[-106.63021,45.17488],[-106.6306,45.17488],[-106.6306,45.17623],[-106.63136,45.17623],[-106.63136,45.17569],[-106.63174,45.17569],[-106.63174,45.17542],[-106.63136,45.17542],[-106.63136,45.17515],[-106.63174,45.17515],[-106.63174,45.17488],[-106.63289,45.17488],[-106.63289,45.17515],[-106.63327,45.17515],[-106.63327,45.17623],[-106.63366,45.17623],[-106.63366,45.17704],[-106.63404,45.17704],[-106.63404,45.17758],[-106.63366,45.17758],[-106.63366,45.17785],[-106.63404,45.17785],[-106.63404,45.17812],[-106.63366,45.17812],[-106.63366,45.17839],[-106.6348,45.17839],[-106.6348,45.17785],[-106.63595,45.17785],[-106.63595,45.17758],[-106.63672,45.17758],[-106.63672,45.17731],[-106.63748,45.17704],[-106.63748,45.1765],[-106.63786,45.1765],[-106.63786,45.17596],[-106.63901,45.17596],[-106.63901,45.1765],[-106.63863,45.1765],[-106.63863,45.17704],[-106.63824,45.17704],[-106.63824,45.17758],[-106.63786,45.17758],[-106.63786,45.17812],[-106.63748,45.17812],[-106.63748,45.17866],[-106.6371,45.17866],[-106.6371,45.17893],[-106.63633,45.1792],[-106.63633,45.17947],[-106.63595,45.17947],[-106.63595,45.18],[-106.63633,45.18],[-106.63633,45.18027],[-106.64092,45.18027],[-106.64092,45.18],[-106.6413,45.18],[-106.6413,45.18081],[-106.64092,45.18081],[-106.64092,45.18162],[-106.6413,45.18162],[-106.6413,45.18243],[-106.64169,45.18243],[-106.64169,45.1827],[-106.64245,45.18297],[-106.64245,45.18324],[-106.64398,45.18324],[-106.64398,45.1827],[-106.64436,45.1827],[-106.64436,45.18108],[-106.64475,45.18108],[-106.64475,45.18081],[-106.64551,45.18081],[-106.64551,45.18054],[-106.64972,45.18054],[-106.64972,45.18027],[-106.65086,45.18027],[-106.65086,45.18081],[-106.65048,45.18081],[-106.65048,45.18108],[-106.64972,45.18108],[-106.64972,45.18135],[-106.6478,45.18135],[-106.6478,45.18162],[-106.64742,45.18162],[-106.64742,45.18189],[-106.64666,45.18189],[-106.64666,45.18216],[-106.64628,45.18216],[-106.64628,45.18243],[-106.64551,45.1827],[-106.64551,45.18378],[-106.64589,45.18378],[-106.64589,45.18405],[-106.64666,45.18432],[-106.64666,45.18459],[-106.6478,45.18459],[-106.6478,45.18486],[-106.64819,45.18486],[-106.64819,45.18512],[-106.64895,45.18539],[-106.64895,45.18701],[-106.64933,45.18701],[-106.64933,45.18728],[-106.64972,45.18728],[-106.64972,45.18755],[-106.65125,45.18755],[-106.65125,45.18728],[-106.65239,45.18728],[-106.65239,45.18755],[-106.65431,45.18755],[-106.65431,45.18863],[-106.65392,45.18863],[-106.65392,45.1889],[-106.65354,45.1889],[-106.65354,45.18917],[-106.65316,45.18917],[-106.65316,45.18944],[-106.65239,45.18971],[-106.65239,45.18998],[-106.65125,45.18998],[-106.65125,45.19024],[-106.65048,45.18998],[-106.65048,45.19024],[-106.64972,45.19051],[-106.64972,45.19159],[-106.64933,45.19159],[-106.64933,45.19456],[-106.64895,45.19456],[-106.64895,45.19483],[-106.64857,45.19483],[-106.64857,45.19456],[-106.64819,45.19456],[-106.64819,45.19483],[-106.64742,45.19483],[-106.64742,45.19537],[-106.64704,45.19537],[-106.64704,45.1959],[-106.64666,45.1959],[-106.64666,45.19779],[-106.6478,45.19779],[-106.6478,45.19752],[-106.64819,45.19752],[-106.64819,45.19779],[-106.64857,45.19779],[-106.64857,45.19752],[-106.65086,45.19779],[-106.65086,45.19752],[-106.65163,45.19725],[-106.65163,45.19644],[-106.65201,45.19644],[-106.65201,45.19617],[-106.65354,45.19617],[-106.65354,45.19644],[-106.65316,45.19644],[-106.65316,45.19698],[-106.65278,45.19698],[-106.65278,45.19779],[-106.65239,45.19779],[-106.65239,45.19806],[-106.65163,45.19806],[-106.65163,45.19833],[-106.65125,45.19833],[-106.65125,45.19887],[-106.65048,45.19914],[-106.65048,45.19968],[-106.6501,45.19968],[-106.6501,45.20049],[-106.65048,45.20049],[-106.65048,45.20076],[-106.6501,45.20076],[-106.6501,45.20102],[-106.64933,45.20129],[-106.64933,45.20156],[-106.64819,45.20156],[-106.64819,45.20129],[-106.64742,45.20129],[-106.64742,45.20156],[-106.64704,45.20156],[-106.64704,45.2021],[-106.64742,45.2021],[-106.64742,45.20264],[-106.64895,45.20264],[-106.64895,45.20237],[-106.64972,45.20237],[-106.64972,45.20291],[-106.6501,45.20291],[-106.6501,45.20372],[-106.64972,45.20372],[-106.64972,45.20399],[-106.64895,45.20426],[-106.64895,45.20453],[-106.64857,45.20453],[-106.64857,45.20507],[-106.64819,45.20507],[-106.64819,45.20534],[-106.6478,45.20534],[-106.6478,45.20561],[-106.64628,45.20561],[-106.64628,45.20534],[-106.64589,45.20534],[-106.64589,45.20507],[-106.64551,45.20507],[-106.64551,45.2048],[-106.6436,45.2048],[-106.6436,45.20507],[-106.64283,45.20507],[-106.64283,45.20561],[-106.64245,45.20561],[-106.64245,45.20588],[-106.64207,45.20588],[-106.64207,45.20615],[-106.6413,45.20615],[-106.6413,45.20641],[-106.64054,45.20641],[-106.64054,45.20668],[-106.64016,45.20668],[-106.64016,45.20641],[-106.63977,45.20641],[-106.63977,45.20615],[-106.64054,45.20588],[-106.64054,45.20534],[-106.64092,45.20534],[-106.64092,45.2048],[-106.64169,45.2048],[-106.64169,45.20453],[-106.64092,45.20453],[-106.64092,45.20318],[-106.64169,45.20318],[-106.64169,45.20237],[-106.63977,45.20237],[-106.63977,45.20264],[-106.63824,45.20264],[-106.63824,45.20291],[-106.63786,45.20291],[-106.63786,45.20264],[-106.6371,45.20264],[-106.6371,45.20237],[-106.63633,45.20237],[-106.63633,45.20183],[-106.63595,45.20183],[-106.63595,45.20156],[-106.6348,45.20156],[-106.6348,45.20129],[-106.63404,45.20129],[-106.63404,45.20102],[-106.63366,45.20102],[-106.63366,45.20076],[-106.63251,45.20076],[-106.63251,45.20022],[-106.63213,45.20022],[-106.63213,45.19968],[-106.63174,45.19968],[-106.63174,45.19806],[-106.63136,45.19806],[-106.63136,45.19779],[-106.6283,45.19779],[-106.6283,45.19752],[-106.62792,45.19752],[-106.62792,45.19698],[-106.62716,45.19698],[-106.62716,45.19644],[-106.62639,45.19617],[-106.62639,45.19537],[-106.62601,45.19537],[-106.62601,45.19456],[-106.62563,45.19456],[-106.62563,45.19375],[-106.62486,45.19348],[-106.62486,45.19294],[-106.6241,45.19294],[-106.6241,45.1924],[-106.62333,45.1924],[-106.62333,45.19186],[-106.62257,45.19186],[-106.62257,45.19159],[-106.62218,45.19159],[-106.62218,45.19186],[-106.62142,45.19186],[-106.62142,45.19213],[-106.62027,45.19213],[-106.62027,45.19186],[-106.61989,45.19186],[-106.61989,45.19159],[-106.61951,45.19159],[-106.61951,45.19132],[-106.61683,45.19132],[-106.61683,45.19159],[-106.61645,45.19159],[-106.61645,45.19132],[-106.61568,45.19132],[-106.61568,45.19078],[-106.61492,45.19051],[-106.61492,45.18944],[-106.61568,45.18917],[-106.61568,45.18782],[-106.61415,45.18755],[-106.61415,45.18728],[-106.61377,45.18728],[-106.61377,45.18674],[-106.61339,45.18674],[-106.61339,45.18486],[-106.61377,45.18486],[-106.61377,45.18459],[-106.61339,45.18459],[-106.61339,45.18378],[-106.61454,45.18378],[-106.61454,45.18351],[-106.61186,45.18351],[-106.61186,45.18162]],[[-106.61454,45.18459],[-106.61415,45.18459],[-106.61415,45.18486],[-106.61568,45.18486],[-106.61568,45.18459],[-106.61645,45.18432],[-106.61645,45.18378],[-106.6153,45.18378],[-106.6153,45.18405],[-106.61454,45.18378],[-106.61454,45.18459]],[[-106.64207,45.20507],[-106.64245,45.20507],[-106.64245,45.2048],[-106.64207,45.2048],[-106.64207,45.20507]],[[-106.64704,45.20372],[-106.64666,45.20372],[-106.64666,45.20345],[-106.64589,45.20345],[-106.64589,45.20426],[-106.64666,45.20426],[-106.64666,45.20399],[-106.64704,45.20399],[-106.64704,45.20372]],[[-106.63824,45.20156],[-106.63863,45.20156],[-106.63863,45.20076],[-106.63824,45.20076],[-106.63824,45.20156]],[[-106.64857,45.19968],[-106.6478,45.19968],[-106.6478,45.19887],[-106.64742,45.19887],[-106.64742,45.20076],[-106.64819,45.20076],[-106.64819,45.20049],[-106.64857,45.20049],[-106.64857,45.19968]],[[-106.64628,45.20076],[-106.64666,45.20076],[-106.64666,45.20049],[-106.64628,45.20049],[-106.64628,45.20076]],[[-106.61683,45.19078],[-106.61721,45.19078],[-106.61721,45.19051],[-106.61683,45.19051],[-106.61683,45.19078]],[[-106.61607,45.19078],[-106.61645,45.19078],[-106.61645,45.19051],[-106.61607,45.19051],[-106.61607,45.19078]],[[-106.61607,45.18998],[-106.61645,45.18998],[-106.61645,45.18971],[-106.61607,45.18971],[-106.61607,45.18998]],[[-106.64398,45.18539],[-106.64436,45.18539],[-106.64436,45.18512],[-106.64398,45.18512],[-106.64398,45.18539]],[[-106.64322,45.18539],[-106.6436,45.18539],[-106.6436,45.18512],[-106.64322,45.18512],[-106.64322,45.18539]],[[-106.63557,45.18135],[-106.63595,45.18135],[-106.63595,45.18108],[-106.63557,45.18108],[-106.63557,45.18135]],[[-106.63442,45.18135],[-106.6348,45.18135],[-106.6348,45.18108],[-106.63442,45.18108],[-106.63442,45.18135]],[[-106.62142,45.18108],[-106.6218,45.18108],[-106.6218,45.18081],[-106.62142,45.18081],[-106.62142,45.18108]],[[-106.62142,45.18054],[-106.6218,45.18054],[-106.6218,45.18027],[-106.62142,45.18027],[-106.62142,45.18054]],[[-106.62218,45.18027],[-106.62257,45.18027],[-106.62257,45.18],[-106.62218,45.18],[-106.62218,45.18027]],[[-106.62486,45.17973],[-106.62524,45.17973],[-106.62524,45.17947],[-106.62486,45.17947],[-106.62486,45.17973]],[[-106.6283,45.17866],[-106.62869,45.17866],[-106.62869,45.17839],[-106.6283,45.17839],[-106.6283,45.17866]]],[[[-106.62295,45.19348],[-106.62295,45.19429],[-106.62257,45.19429],[-106.62257,45.19348],[-106.62295,45.19348]]],[[[-106.63136,45.1986],[-106.63136,45.19914],[-106.63098,45.19914],[-106.63098,45.1986],[-106.63136,45.1986]]],[[[-106.65201,45.2021],[-106.65201,45.20156],[-106.65278,45.20156],[-106.65278,45.20129],[-106.65392,45.20129],[-106.65392,45.20102],[-106.65469,45.20129],[-106.65469,45.20156],[-106.65354,45.20156],[-106.65354,45.20183],[-106.65316,45.20183],[-106.65316,45.2021],[-106.65278,45.2021],[-106.65278,45.20237],[-106.65201,45.2021]]],[[[-106.64895,45.20857],[-106.64895,45.2083],[-106.64933,45.2083],[-106.64933,45.20803],[-106.6501,45.2083],[-106.6501,45.20884],[-106.64857,45.20884],[-106.64857,45.20857],[-106.64895,45.20857]]]]},"properties":{"layer":"predicted_reach_h09","fire_name":"Harris","irwin_id":"{1CF9F8F2-53E7-46E0-8744-2CE5FCCB2D74}","model":"arrival_run","checkpoint_epoch":216,"decode":"connected_causal","operating_point":{"floor":0.0,"mult":0.9},"val_precision":null,"val_recall":null,"model_caveat":"arrival_run chosen for best RECALL among the six FlameFlux v3 candidates on the production-valid t0-window corpus (R=0.624 on the fc2 held-out fires, R=0.432 on Dillon -- see candidate_comparison.md from the 2026-07-24 comparison). It does NOT meet the project's P>=0.50/R>=0.80 target: precision is the WORST of the six (P=0.120 on fc2 -- most flagged growth is wrong), and wind_run actually edges it on F1. IMPORTANT CAVEAT: arrival_run trained on the leaky 'observed' corpus (crop centered/sized on t0|t1, i.e. it saw the future perimeter's geometry during training) and has NEVER seen a t0-window crop -- the ONLY geometry this live pipeline can ever produce at forecast time (the future perimeter is, by definition, unknown). So every live prediction from this model is out-of-distribution relative to its own training. The measured t0-window numbers above already reflect that (they are not a surprise), but this is 'best available', not 'production-ready' -- represent it that way. The operating_point (floor=0.0, mult=0.9) is the VAL-selected connected-causal decode point; it did NOT clear the 0.50 precision floor during selection (feasible=False, val P=0.270/R=0.259) -- it's the best-F1 fallback point, not a precision-guaranteed one.","issued_at_utc":"2026-08-10 14:30:50.037077+00:00","valid_from_utc":"2026-08-10 00:00:00","valid_to_utc":"2026-08-11 00:00:00","wfigs_date_current_utc":"2026-08-10 14:00:26.469000+00:00","pixel_size_m":30,"veg_source":"refreshed_d4","physics_source":"eikonal_fbfm40","history_n_dates":1,"degraded_history":true,"containment_pct":10,"acres_wfigs":924.3420700993352,"hour":9,"valid_at_utc":"2026-08-10 09:00:00"}},{"type":"Feature","geometry":{"type":"MultiPolygon","coordinates":[[[[-106.65736,45.18917],[-106.65736,45.18944],[-106.65545,45.18944],[-106.65545,45.18863],[-106.65813,45.18863],[-106.65813,45.18944],[-106.65736,45.18917]]],[[[-106.65966,45.18944],[-106.65928,45.18944],[-106.65928,45.18917],[-106.65966,45.18917],[-106.65966,45.18944]]],[[[-106.65889,45.18944],[-106.65851,45.18944],[-106.65851,45.18917],[-106.65889,45.18917],[-106.65889,45.18944]]],[[[-106.65163,45.20129],[-106.65239,45.20129],[-106.65239,45.20102],[-106.65392,45.20102],[-106.65392,45.20076],[-106.65431,45.20076],[-106.65431,45.20102],[-106.65507,45.20102],[-106.65507,45.20183],[-106.65392,45.20183],[-106.65392,45.2021],[-106.65316,45.2021],[-106.65316,45.20237],[-106.65239,45.20237],[-106.65239,45.20264],[-106.65201,45.20264],[-106.65201,45.20237],[-106.65163,45.20237],[-106.65163,45.20129]]],[[[-106.65583,45.20291],[-106.65622,45.20291],[-106.65622,45.20264],[-106.65736,45.20264],[-106.65736,45.20291],[-106.65698,45.20291],[-106.65698,45.20318],[-106.6566,45.20318],[-106.6566,45.20345],[-106.65622,45.20345],[-106.65622,45.20318],[-106.65583,45.20318],[-106.65583,45.20291]]],[[[-106.65583,45.20345],[-106.65545,45.20345],[-106.65545,45.20318],[-106.65583,45.20318],[-106.65583,45.20345]]],[[[-106.65278,45.20507],[-106.65239,45.20507],[-106.65239,45.20534],[-106.65163,45.20561],[-106.65163,45.2048],[-106.65278,45.2048],[-106.65278,45.20507]]],[[[-106.61377,45.17623],[-106.61377,45.1765],[-106.61339,45.1765],[-106.61339,45.17623],[-106.61377,45.17623]]],[[[-106.60612,45.18081],[-106.60689,45.18081],[-106.60689,45.18135],[-106.60574,45.18135],[-106.60574,45.18108],[-106.60612,45.18108],[-106.60612,45.18081]]],[[[-106.64819,45.18459],[-106.64895,45.18486],[-106.64895,45.18647],[-106.64933,45.18647],[-106.64933,45.18701],[-106.64972,45.18701],[-106.64972,45.18728],[-106.65125,45.18728],[-106.65125,45.18701],[-106.65354,45.18728],[-106.65354,45.18701],[-106.65431,45.18701],[-106.65431,45.18593],[-106.65469,45.18593],[-106.65469,45.18539],[-106.65545,45.18539],[-106.65545,45.18647],[-106.65469,45.18674],[-106.65469,45.18782],[-106.65431,45.18782],[-106.65431,45.18809],[-106.65469,45.18809],[-106.65469,45.18836],[-106.65431,45.18836],[-106.65431,45.1889],[-106.65392,45.1889],[-106.65392,45.18917],[-106.65354,45.18917],[-106.65354,45.18944],[-106.65316,45.18944],[-106.65316,45.18971],[-106.65278,45.18971],[-106.65278,45.18998],[-106.65201,45.18998],[-106.65201,45.19024],[-106.65125,45.19024],[-106.65125,45.19051],[-106.65086,45.19051],[-106.65086,45.19078],[-106.65048,45.19078],[-106.65048,45.19159],[-106.64972,45.19159],[-106.64972,45.19483],[-106.64895,45.19483],[-106.64895,45.1951],[-106.64819,45.1951],[-106.64819,45.19483],[-106.6478,45.19483],[-106.6478,45.1951],[-106.64704,45.19537],[-106.64704,45.19617],[-106.64666,45.19617],[-106.64666,45.19725],[-106.64704,45.19725],[-106.64704,45.19698],[-106.64742,45.19698],[-106.64742,45.19725],[-106.6478,45.19725],[-106.6478,45.19698],[-106.64895,45.19698],[-106.64895,45.19725],[-106.64972,45.19725],[-106.64972,45.19752],[-106.65086,45.19752],[-106.65086,45.19725],[-106.65125,45.19725],[-106.65125,45.19671],[-106.65163,45.19671],[-106.65163,45.19617],[-106.65201,45.19617],[-106.65201,45.1959],[-106.65316,45.1959],[-106.65316,45.19563],[-106.65354,45.19563],[-106.65354,45.19698],[-106.65316,45.19698],[-106.65316,45.19752],[-106.65278,45.19752],[-106.65278,45.19806],[-106.65239,45.19806],[-106.65239,45.19833],[-106.65201,45.19833],[-106.65201,45.1986],[-106.65125,45.1986],[-106.65125,45.19914],[-106.65048,45.19941],[-106.65048,45.20129],[-106.64972,45.20129],[-106.64972,45.20183],[-106.64933,45.20183],[-106.64933,45.2021],[-106.6501,45.20237],[-106.6501,45.20318],[-106.65048,45.20318],[-106.65048,45.20345],[-106.6501,45.20345],[-106.6501,45.20399],[-106.64972,45.20399],[-106.64972,45.20426],[-106.64895,45.20453],[-106.64895,45.2048],[-106.64857,45.2048],[-106.64857,45.20534],[-106.64819,45.20534],[-106.64819,45.20561],[-106.6478,45.20561],[-106.6478,45.20588],[-106.64628,45.20588],[-106.64628,45.20561],[-106.64589,45.20561],[-106.64589,45.20534],[-106.64551,45.20534],[-106.64551,45.20507],[-106.64475,45.20507],[-106.64475,45.2048],[-106.64436,45.2048],[-106.64436,45.20507],[-106.6436,45.20507],[-106.6436,45.20534],[-106.64322,45.20534],[-106.64322,45.20561],[-106.64283,45.20561],[-106.64283,45.20588],[-106.64207,45.20615],[-106.64207,45.20641],[-106.6413,45.20641],[-106.6413,45.20668],[-106.64092,45.20668],[-106.64092,45.20695],[-106.63939,45.20695],[-106.63939,45.20668],[-106.63863,45.20668],[-106.63863,45.20534],[-106.63901,45.20534],[-106.63901,45.20561],[-106.63977,45.20534],[-106.63977,45.20561],[-106.64016,45.20561],[-106.64016,45.20426],[-106.64054,45.20426],[-106.64054,45.20345],[-106.64092,45.20345],[-106.64092,45.20291],[-106.6413,45.20291],[-106.6413,45.20264],[-106.64054,45.20237],[-106.64054,45.20264],[-106.63901,45.20264],[-106.63901,45.20291],[-106.6371,45.20291],[-106.6371,45.20264],[-106.63633,45.20264],[-106.63633,45.2021],[-106.63595,45.2021],[-106.63595,45.20183],[-106.63557,45.20183],[-106.63557,45.20156],[-106.63404,45.20156],[-106.63404,45.20129],[-106.63251,45.20102],[-106.63251,45.20076],[-106.63174,45.20049],[-106.63174,45.19995],[-106.63136,45.19995],[-106.63136,45.20022],[-106.6306,45.19995],[-106.6306,45.20049],[-106.63021,45.20049],[-106.63021,45.20022],[-106.62983,45.20022],[-106.62983,45.19995],[-106.63021,45.19995],[-106.63021,45.19833],[-106.63098,45.19833],[-106.63098,45.19779],[-106.6306,45.19779],[-106.6306,45.19806],[-106.63021,45.19806],[-106.63021,45.19779],[-106.62983,45.19779],[-106.62983,45.19806],[-106.62869,45.19806],[-106.62869,45.19779],[-106.62792,45.19752],[-106.62792,45.19725],[-106.62716,45.19725],[-106.62716,45.19698],[-106.62639,45.19671],[-106.62639,45.1959],[-106.62563,45.1959],[-106.62563,45.19429],[-106.62486,45.19456],[-106.62486,45.19348],[-106.62448,45.19348],[-106.62448,45.19402],[-106.6241,45.19402],[-106.6241,45.19294],[-106.62371,45.19294],[-106.62371,45.19456],[-106.62333,45.19456],[-106.62333,45.19429],[-106.62295,45.19429],[-106.62295,45.19456],[-106.62257,45.19456],[-106.62257,45.19429],[-106.6218,45.19429],[-106.6218,45.19321],[-106.62257,45.19321],[-106.62257,45.19186],[-106.62218,45.19186],[-106.62218,45.1924],[-106.6218,45.1924],[-106.6218,45.19213],[-106.62142,45.19213],[-106.62142,45.1924],[-106.62027,45.1924],[-106.62027,45.19213],[-106.61951,45.19213],[-106.61951,45.19159],[-106.61874,45.19159],[-106.61874,45.19132],[-106.61836,45.19132],[-106.61836,45.19159],[-106.61607,45.19159],[-106.61607,45.19132],[-106.61568,45.19132],[-106.61568,45.19078],[-106.61492,45.19051],[-106.61492,45.18917],[-106.61568,45.1889],[-106.61568,45.18809],[-106.6153,45.18809],[-106.6153,45.18782],[-106.61377,45.18782],[-106.61377,45.18755],[-106.61339,45.18755],[-106.61339,45.18647],[-106.61301,45.18647],[-106.61301,45.18566],[-106.61262,45.18566],[-106.61262,45.18486],[-106.61301,45.18486],[-106.61301,45.18459],[-106.61262,45.18459],[-106.61262,45.18405],[-106.61186,45.18405],[-106.61186,45.18486],[-106.61148,45.18486],[-106.61148,45.18512],[-106.61071,45.18539],[-106.61071,45.18566],[-106.60995,45.18566],[-106.60995,45.18593],[-106.61033,45.18593],[-106.61033,45.1862],[-106.60995,45.1862],[-106.60995,45.18647],[-106.61033,45.18647],[-106.61033,45.18674],[-106.60995,45.18674],[-106.60995,45.18728],[-106.6088,45.18728],[-106.6088,45.18674],[-106.60842,45.18674],[-106.60842,45.18566],[-106.60765,45.18539],[-106.60765,45.18486],[-106.60727,45.18486],[-106.60727,45.18432],[-106.60957,45.18432],[-106.60957,45.18405],[-106.61033,45.18405],[-106.61033,45.18378],[-106.6111,45.18351],[-106.6111,45.1827],[-106.61148,45.1827],[-106.61148,45.18189],[-106.6111,45.18189],[-106.6111,45.18135],[-106.60957,45.18135],[-106.60957,45.18189],[-106.60918,45.18189],[-106.60918,45.18243],[-106.60765,45.18243],[-106.60765,45.18189],[-106.60727,45.18189],[-106.60727,45.18081],[-106.60765,45.18081],[-106.60765,45.18054],[-106.60804,45.18054],[-106.60804,45.18],[-106.6088,45.17973],[-106.6088,45.17893],[-106.60918,45.17893],[-106.60918,45.17839],[-106.61071,45.17866],[-106.61071,45.17893],[-106.6111,45.17893],[-106.6111,45.17947],[-106.61148,45.17947],[-106.61148,45.17973],[-106.61339,45.17973],[-106.61339,45.17947],[-106.61377,45.17947],[-106.61377,45.17812],[-106.61415,45.17812],[-106.61415,45.17731],[-106.61454,45.17731],[-106.61454,45.17704],[-106.61492,45.17704],[-106.61492,45.17677],[-106.61568,45.17677],[-106.61568,45.17623],[-106.61607,45.17623],[-106.61607,45.17596],[-106.61568,45.17596],[-106.61568,45.17569],[-106.6153,45.17569],[-106.6153,45.17596],[-106.61377,45.17596],[-106.61377,45.17569],[-106.61454,45.17542],[-106.61454,45.17515],[-106.61568,45.17515],[-106.61568,45.17488],[-106.6176,45.17488],[-106.6176,45.17461],[-106.61798,45.17461],[-106.61798,45.17354],[-106.61836,45.17354],[-106.61836,45.17381],[-106.61913,45.17381],[-106.61913,45.17434],[-106.61951,45.17434],[-106.61951,45.17488],[-106.61989,45.17488],[-106.61989,45.17542],[-106.62065,45.17569],[-106.62065,45.17623],[-106.62104,45.17623],[-106.62104,45.17677],[-106.62142,45.17677],[-106.62142,45.17731],[-106.62218,45.17758],[-106.62218,45.17812],[-106.62486,45.17812],[-106.62486,45.17785],[-106.62639,45.17785],[-106.62639,45.17758],[-106.62716,45.17731],[-106.62716,45.17569],[-106.62754,45.17569],[-106.62754,45.17542],[-106.62792,45.17542],[-106.62792,45.17515],[-106.62869,45.17515],[-106.62869,45.17461],[-106.6306,45.17461],[-106.6306,45.17488],[-106.63098,45.17488],[-106.63098,45.17461],[-106.63327,45.17461],[-106.63327,45.17515],[-106.63366,45.17515],[-106.63366,45.17623],[-106.63404,45.17623],[-106.63404,45.17677],[-106.63442,45.17677],[-106.63442,45.17704],[-106.63404,45.17704],[-106.63404,45.17731],[-106.63442,45.17731],[-106.63442,45.17785],[-106.6348,45.17785],[-106.6348,45.17758],[-106.63633,45.17758],[-106.63633,45.17731],[-106.6371,45.17704],[-106.6371,45.17677],[-106.63748,45.17677],[-106.63748,45.17623],[-106.63786,45.17623],[-106.63786,45.17569],[-106.63977,45.17569],[-106.63977,45.17596],[-106.63939,45.17596],[-106.63939,45.1765],[-106.63901,45.1765],[-106.63901,45.17704],[-106.63863,45.17704],[-106.63863,45.17758],[-106.63824,45.17758],[-106.63824,45.17812],[-106.63748,45.17839],[-106.63748,45.17893],[-106.6371,45.17893],[-106.6371,45.1792],[-106.63633,45.17947],[-106.63633,45.17973],[-106.63595,45.17973],[-106.63595,45.18],[-106.63672,45.18],[-106.63672,45.18027],[-106.6371,45.18027],[-106.6371,45.18],[-106.64169,45.18],[-106.64169,45.17973],[-106.64207,45.17973],[-106.64207,45.18054],[-106.64169,45.18054],[-106.64169,45.18108],[-106.6413,45.18108],[-106.6413,45.18189],[-106.64169,45.18189],[-106.64169,45.18243],[-106.64207,45.18243],[-106.64207,45.18297],[-106.64398,45.18297],[-106.64398,45.18081],[-106.64436,45.18081],[-106.64436,45.18054],[-106.64513,45.18054],[-106.64513,45.18027],[-106.65086,45.18027],[-106.65086,45.18108],[-106.6501,45.18108],[-106.6501,45.18135],[-106.64933,45.18135],[-106.64933,45.18162],[-106.64742,45.18162],[-106.64742,45.18189],[-106.64704,45.18189],[-106.64704,45.18243],[-106.64666,45.18243],[-106.64666,45.1827],[-106.64628,45.1827],[-106.64628,45.18297],[-106.64589,45.18297],[-106.64589,45.18378],[-106.64704,45.18378],[-106.64704,45.18405],[-106.64742,45.18405],[-106.64742,45.18432],[-106.64819,45.18432],[-106.64819,45.18459]],[[-106.64666,45.18405],[-106.64666,45.18432],[-106.64704,45.18432],[-106.64704,45.18405],[-106.64666,45.18405]],[[-106.64742,45.20156],[-106.64742,45.20237],[-106.64857,45.20237],[-106.64857,45.20183],[-106.6478,45.20183],[-106.6478,45.20156],[-106.64742,45.20156]],[[-106.64666,45.20076],[-106.64666,45.20049],[-106.64628,45.20049],[-106.64628,45.20076],[-106.64666,45.20076]],[[-106.6478,45.20022],[-106.6478,45.19995],[-106.64742,45.19995],[-106.64742,45.20022],[-106.6478,45.20022]],[[-106.62333,45.19321],[-106.62333,45.19294],[-106.62295,45.19294],[-106.62295,45.19321],[-106.62333,45.19321]],[[-106.61721,45.19078],[-106.61721,45.19051],[-106.61683,45.19051],[-106.61683,45.19078],[-106.61721,45.19078]],[[-106.61645,45.19078],[-106.61645,45.19051],[-106.61607,45.19051],[-106.61607,45.19078],[-106.61645,45.19078]],[[-106.61645,45.18998],[-106.61645,45.18971],[-106.61607,45.18971],[-106.61607,45.18998],[-106.61645,45.18998]],[[-106.64436,45.18539],[-106.64436,45.18512],[-106.64398,45.18512],[-106.64398,45.18539],[-106.64436,45.18539]],[[-106.6436,45.18539],[-106.6436,45.18512],[-106.64322,45.18512],[-106.64322,45.18539],[-106.6436,45.18539]],[[-106.61568,45.18432],[-106.61568,45.18405],[-106.6153,45.18405],[-106.6153,45.18432],[-106.61568,45.18432]],[[-106.63595,45.18135],[-106.63595,45.18108],[-106.63557,45.18108],[-106.63557,45.18135],[-106.63595,45.18135]],[[-106.6348,45.18135],[-106.6348,45.18108],[-106.63442,45.18108],[-106.63442,45.18135],[-106.6348,45.18135]],[[-106.6218,45.18108],[-106.6218,45.18081],[-106.62142,45.18081],[-106.62142,45.18108],[-106.6218,45.18108]],[[-106.6218,45.18054],[-106.6218,45.18027],[-106.62142,45.18027],[-106.62142,45.18054],[-106.6218,45.18054]],[[-106.62257,45.18027],[-106.62257,45.18],[-106.62218,45.18],[-106.62218,45.18027],[-106.62257,45.18027]],[[-106.62524,45.17973],[-106.62524,45.17947],[-106.62486,45.17947],[-106.62486,45.17973],[-106.62524,45.17973]],[[-106.62104,45.17866],[-106.62104,45.17812],[-106.62027,45.17812],[-106.62027,45.17839],[-106.61989,45.17839],[-106.61989,45.1792],[-106.62027,45.1792],[-106.62027,45.17893],[-106.62104,45.17866]],[[-106.62869,45.17866],[-106.62869,45.17839],[-106.6283,45.17839],[-106.6283,45.17866],[-106.62869,45.17866]]],[[[-106.61186,45.19321],[-106.6111,45.19321],[-106.6111,45.1924],[-106.61224,45.1924],[-106.61224,45.19267],[-106.61301,45.1924],[-106.61301,45.19267],[-106.61377,45.19294],[-106.61377,45.19321],[-106.61262,45.19321],[-106.61262,45.19294],[-106.61186,45.19294],[-106.61186,45.19321]]],[[[-106.63442,45.20453],[-106.63404,45.20453],[-106.63404,45.20426],[-106.63442,45.20426],[-106.63442,45.20453]]],[[[-106.63519,45.20722],[-106.63595,45.20695],[-106.63595,45.20776],[-106.6348,45.20776],[-106.6348,45.20749],[-106.63519,45.20749],[-106.63519,45.20722]]],[[[-106.64857,45.2083],[-106.64895,45.2083],[-106.64895,45.20803],[-106.65048,45.20803],[-106.65048,45.20884],[-106.6501,45.20884],[-106.6501,45.20911],[-106.64819,45.20911],[-106.64819,45.20857],[-106.64857,45.20857],[-106.64857,45.2083]]]]},"properties":{"layer":"predicted_reach_h10","fire_name":"Harris","irwin_id":"{1CF9F8F2-53E7-46E0-8744-2CE5FCCB2D74}","model":"arrival_run","checkpoint_epoch":216,"decode":"connected_causal","operating_point":{"floor":0.0,"mult":0.9},"val_precision":null,"val_recall":null,"model_caveat":"arrival_run chosen for best RECALL among the six FlameFlux v3 candidates on the production-valid t0-window corpus (R=0.624 on the fc2 held-out fires, R=0.432 on Dillon -- see candidate_comparison.md from the 2026-07-24 comparison). It does NOT meet the project's P>=0.50/R>=0.80 target: precision is the WORST of the six (P=0.120 on fc2 -- most flagged growth is wrong), and wind_run actually edges it on F1. IMPORTANT CAVEAT: arrival_run trained on the leaky 'observed' corpus (crop centered/sized on t0|t1, i.e. it saw the future perimeter's geometry during training) and has NEVER seen a t0-window crop -- the ONLY geometry this live pipeline can ever produce at forecast time (the future perimeter is, by definition, unknown). So every live prediction from this model is out-of-distribution relative to its own training. The measured t0-window numbers above already reflect that (they are not a surprise), but this is 'best available', not 'production-ready' -- represent it that way. The operating_point (floor=0.0, mult=0.9) is the VAL-selected connected-causal decode point; it did NOT clear the 0.50 precision floor during selection (feasible=False, val P=0.270/R=0.259) -- it's the best-F1 fallback point, not a precision-guaranteed one.","issued_at_utc":"2026-08-10 14:30:50.037077+00:00","valid_from_utc":"2026-08-10 00:00:00","valid_to_utc":"2026-08-11 00:00:00","wfigs_date_current_utc":"2026-08-10 14:00:26.469000+00:00","pixel_size_m":30,"veg_source":"refreshed_d4","physics_source":"eikonal_fbfm40","history_n_dates":1,"degraded_history":true,"containment_pct":10,"acres_wfigs":924.3420700993352,"hour":10,"valid_at_utc":"2026-08-10 10:00:00"}},{"type":"Feature","geometry":{"type":"MultiPolygon","coordinates":[[[[-106.64895,45.18297],[-106.64895,45.18324],[-106.64857,45.18324],[-106.64857,45.18297],[-106.64895,45.18297]]],[[[-106.65392,45.18459],[-106.65354,45.18459],[-106.65354,45.18432],[-106.65392,45.18432],[-106.65392,45.18459]]],[[[-106.65507,45.20345],[-106.65545,45.20345],[-106.65545,45.20264],[-106.65622,45.20264],[-106.65622,45.20237],[-106.65736,45.20237],[-106.65736,45.20264],[-106.65775,45.20264],[-106.65775,45.20318],[-106.65736,45.20318],[-106.65736,45.20345],[-106.6566,45.20345],[-106.6566,45.20372],[-106.65583,45.20372],[-106.65583,45.20399],[-106.65545,45.20399],[-106.65545,45.20372],[-106.65507,45.20372],[-106.65507,45.20345]]],[[[-106.66119,45.20345],[-106.66081,45.20345],[-106.66081,45.20318],[-106.66119,45.20318],[-106.66119,45.20345]]],[[[-106.64933,45.20588],[-106.6501,45.20615],[-106.6501,45.20588],[-106.65048,45.20588],[-106.65048,45.20561],[-106.65086,45.20561],[-106.65086,45.20507],[-106.65125,45.20507],[-106.65125,45.20453],[-106.65239,45.20453],[-106.65239,45.20426],[-106.65316,45.20453],[-106.65316,45.20534],[-106.65278,45.20534],[-106.65278,45.20561],[-106.65201,45.20588],[-106.65201,45.20615],[-106.65086,45.20615],[-106.65086,45.20641],[-106.65048,45.20641],[-106.65048,45.20668],[-106.64972,45.20668],[-106.64972,45.20641],[-106.64933,45.20641],[-106.64933,45.20588]]],[[[-106.64819,45.2083],[-106.64857,45.2083],[-106.64857,45.20803],[-106.64895,45.20803],[-106.64895,45.20776],[-106.65048,45.20776],[-106.65048,45.20803],[-106.65086,45.20803],[-106.65086,45.20884],[-106.65048,45.20884],[-106.65048,45.20911],[-106.64972,45.20911],[-106.64972,45.20938],[-106.6478,45.20938],[-106.6478,45.20857],[-106.64819,45.20857],[-106.64819,45.2083]]],[[[-106.64398,45.20911],[-106.64589,45.20911],[-106.64589,45.20965],[-106.64436,45.20965],[-106.64436,45.20938],[-106.64398,45.20938],[-106.64398,45.20911]]],[[[-106.64283,45.17893],[-106.64283,45.1792],[-106.64245,45.1792],[-106.64245,45.17893],[-106.64283,45.17893]]],[[[-106.63977,45.20291],[-106.63901,45.20291],[-106.63901,45.20345],[-106.63863,45.20345],[-106.63863,45.20318],[-106.63786,45.20345],[-106.63786,45.20318],[-106.6371,45.20318],[-106.6371,45.20291],[-106.63633,45.20291],[-106.63633,45.20264],[-106.63595,45.20264],[-106.63595,45.20237],[-106.63557,45.20237],[-106.63557,45.20183],[-106.6348,45.20183],[-106.6348,45.20156],[-106.63442,45.20156],[-106.63442,45.20183],[-106.63404,45.20183],[-106.63404,45.20156],[-106.63327,45.20156],[-106.63327,45.20129],[-106.63251,45.20129],[-106.63251,45.20102],[-106.63213,45.20102],[-106.63213,45.20076],[-106.63174,45.20076],[-106.63174,45.20049],[-106.6306,45.20049],[-106.6306,45.20076],[-106.62983,45.20076],[-106.62983,45.20049],[-106.62945,45.20049],[-106.62945,45.1986],[-106.62907,45.1986],[-106.62907,45.19887],[-106.62869,45.19887],[-106.62869,45.1986],[-106.62792,45.1986],[-106.62792,45.19752],[-106.62716,45.19752],[-106.62716,45.19725],[-106.62639,45.19725],[-106.62639,45.19698],[-106.62563,45.19698],[-106.62563,45.19617],[-106.62486,45.19644],[-106.62486,45.19563],[-106.6241,45.19563],[-106.6241,45.19483],[-106.62333,45.1951],[-106.62333,45.19483],[-106.6218,45.19456],[-106.6218,45.19429],[-106.62027,45.19402],[-106.62027,45.19321],[-106.62104,45.19348],[-106.62104,45.19267],[-106.62027,45.19294],[-106.62027,45.19267],[-106.61951,45.19267],[-106.61951,45.19213],[-106.61874,45.19213],[-106.61874,45.19186],[-106.61798,45.19186],[-106.61798,45.19159],[-106.61721,45.19186],[-106.61721,45.19159],[-106.61568,45.19159],[-106.61568,45.19132],[-106.6153,45.19132],[-106.6153,45.19078],[-106.61492,45.19078],[-106.61492,45.19024],[-106.61454,45.19024],[-106.61454,45.18917],[-106.6153,45.1889],[-106.6153,45.18836],[-106.61492,45.18836],[-106.61492,45.18809],[-106.61339,45.18809],[-106.61339,45.18674],[-106.61301,45.18674],[-106.61301,45.1862],[-106.61262,45.1862],[-106.61262,45.18539],[-106.61148,45.18539],[-106.61148,45.18566],[-106.61071,45.18566],[-106.61071,45.1862],[-106.61033,45.1862],[-106.61033,45.18755],[-106.60995,45.18755],[-106.60995,45.18782],[-106.60957,45.18782],[-106.60957,45.18755],[-106.60918,45.18755],[-106.60918,45.18728],[-106.60842,45.18701],[-106.60842,45.1862],[-106.60804,45.1862],[-106.60804,45.18566],[-106.60765,45.18566],[-106.60765,45.18512],[-106.60727,45.18512],[-106.60727,45.18378],[-106.60765,45.18378],[-106.60765,45.18405],[-106.60842,45.18405],[-106.60842,45.18432],[-106.60918,45.18432],[-106.60918,45.18405],[-106.60957,45.18405],[-106.60957,45.18378],[-106.61033,45.18378],[-106.61033,45.18351],[-106.6111,45.18324],[-106.6111,45.18162],[-106.61033,45.18162],[-106.61033,45.18135],[-106.60995,45.18135],[-106.60995,45.18189],[-106.60918,45.18216],[-106.60918,45.18243],[-106.60727,45.18243],[-106.60727,45.18162],[-106.60612,45.18162],[-106.60612,45.18189],[-106.60421,45.18189],[-106.60421,45.18162],[-106.60459,45.18162],[-106.60459,45.18135],[-106.60536,45.18108],[-106.60536,45.18081],[-106.60651,45.18081],[-106.60651,45.18054],[-106.60765,45.18054],[-106.60765,45.18027],[-106.60804,45.18027],[-106.60804,45.17973],[-106.6088,45.17947],[-106.6088,45.17812],[-106.60995,45.17812],[-106.60995,45.17839],[-106.61071,45.17866],[-106.61071,45.17893],[-106.61148,45.1792],[-106.61148,45.17947],[-106.61224,45.17947],[-106.61224,45.17973],[-106.61262,45.17973],[-106.61262,45.17947],[-106.61339,45.17947],[-106.61339,45.17893],[-106.61377,45.17893],[-106.61377,45.17758],[-106.61415,45.17758],[-106.61415,45.17704],[-106.61454,45.17704],[-106.61454,45.17677],[-106.6153,45.17677],[-106.6153,45.1765],[-106.61568,45.1765],[-106.61568,45.17596],[-106.61492,45.17596],[-106.61492,45.17623],[-106.61454,45.17623],[-106.61454,45.1765],[-106.61377,45.1765],[-106.61377,45.17704],[-106.61262,45.17704],[-106.61262,45.17623],[-106.61301,45.17623],[-106.61301,45.17596],[-106.61377,45.17569],[-106.61377,45.17542],[-106.61415,45.17542],[-106.61415,45.17515],[-106.61492,45.17515],[-106.61492,45.17488],[-106.61645,45.17488],[-106.61645,45.17461],[-106.61721,45.17488],[-106.61721,45.17461],[-106.6176,45.17461],[-106.6176,45.17354],[-106.61913,45.17354],[-106.61913,45.17408],[-106.61951,45.17408],[-106.61951,45.17461],[-106.61989,45.17461],[-106.61989,45.17515],[-106.62027,45.17515],[-106.62027,45.17569],[-106.62065,45.17569],[-106.62065,45.17623],[-106.62142,45.1765],[-106.62142,45.17704],[-106.62218,45.17704],[-106.62218,45.17785],[-106.62563,45.17785],[-106.62563,45.17758],[-106.62639,45.17758],[-106.62639,45.17731],[-106.62677,45.17731],[-106.62677,45.17569],[-106.62716,45.17569],[-106.62716,45.17515],[-106.62792,45.17515],[-106.62792,45.17488],[-106.62869,45.17488],[-106.62869,45.17461],[-106.62945,45.17461],[-106.62945,45.17434],[-106.63021,45.17434],[-106.63021,45.17461],[-106.63136,45.17461],[-106.63136,45.17434],[-106.63174,45.17434],[-106.63174,45.17408],[-106.63213,45.17408],[-106.63213,45.17434],[-106.63327,45.17434],[-106.63327,45.17461],[-106.63366,45.17461],[-106.63366,45.17542],[-106.63404,45.17542],[-106.63404,45.17623],[-106.63442,45.17623],[-106.63442,45.17704],[-106.6348,45.17704],[-106.6348,45.17731],[-106.63633,45.17731],[-106.63633,45.17704],[-106.6371,45.17704],[-106.6371,45.1765],[-106.63748,45.1765],[-106.63748,45.17596],[-106.63786,45.17596],[-106.63786,45.17542],[-106.63939,45.17542],[-106.63939,45.17515],[-106.64054,45.17515],[-106.64054,45.17542],[-106.64016,45.17542],[-106.64016,45.17596],[-106.63977,45.17596],[-106.63977,45.17623],[-106.63939,45.17623],[-106.63939,45.17677],[-106.63901,45.17677],[-106.63901,45.17758],[-106.63977,45.17731],[-106.63977,45.17785],[-106.63939,45.17785],[-106.63939,45.17812],[-106.63824,45.17812],[-106.63824,45.17839],[-106.63748,45.17866],[-106.63748,45.17947],[-106.63672,45.17947],[-106.63672,45.18],[-106.6371,45.18],[-106.6371,45.17973],[-106.63786,45.17973],[-106.63786,45.17893],[-106.63863,45.1792],[-106.63863,45.17947],[-106.63824,45.17947],[-106.63824,45.17973],[-106.63901,45.17973],[-106.63901,45.18],[-106.64054,45.18],[-106.64054,45.17973],[-106.64169,45.17973],[-106.64169,45.17947],[-106.64245,45.17947],[-106.64245,45.18027],[-106.64207,45.18027],[-106.64207,45.1827],[-106.64322,45.1827],[-106.64322,45.18216],[-106.6436,45.18216],[-106.6436,45.18189],[-106.64322,45.18189],[-106.64322,45.18108],[-106.6436,45.18108],[-106.6436,45.18054],[-106.64398,45.18054],[-106.64398,45.18027],[-106.64551,45.18027],[-106.64551,45.18],[-106.64628,45.18],[-106.64628,45.18027],[-106.6501,45.18027],[-106.6501,45.18],[-106.65125,45.18],[-106.65125,45.18081],[-106.65048,45.18108],[-106.65048,45.18135],[-106.6501,45.18135],[-106.6501,45.18162],[-106.64895,45.18162],[-106.64895,45.18189],[-106.64742,45.18189],[-106.64742,45.18243],[-106.64704,45.18243],[-106.64704,45.18324],[-106.64742,45.18324],[-106.64742,45.18351],[-106.64819,45.18351],[-106.64819,45.18405],[-106.64895,45.18432],[-106.64895,45.18512],[-106.64933,45.18512],[-106.64933,45.18647],[-106.64972,45.18647],[-106.64972,45.18701],[-106.6501,45.18701],[-106.6501,45.18728],[-106.65086,45.18728],[-106.65086,45.18701],[-106.65163,45.18701],[-106.65163,45.18674],[-106.65201,45.18674],[-106.65201,45.18701],[-106.65354,45.18701],[-106.65354,45.18647],[-106.65392,45.18647],[-106.65392,45.18566],[-106.65431,45.18566],[-106.65431,45.18512],[-106.65545,45.18512],[-106.65545,45.18539],[-106.65583,45.18539],[-106.65583,45.1862],[-106.65545,45.1862],[-106.65545,45.18701],[-106.65507,45.18701],[-106.65507,45.18782],[-106.65469,45.18782],[-106.65469,45.18863],[-106.6566,45.18863],[-106.6566,45.18836],[-106.65813,45.18836],[-106.65813,45.18863],[-106.65889,45.18863],[-106.65889,45.1889],[-106.66042,45.18917],[-106.66042,45.18998],[-106.66004,45.18998],[-106.66004,45.18971],[-106.65966,45.18971],[-106.65966,45.18998],[-106.65928,45.18998],[-106.65928,45.18971],[-106.65851,45.18998],[-106.65851,45.18971],[-106.65775,45.18971],[-106.65775,45.18944],[-106.65545,45.18971],[-106.65545,45.18944],[-106.65469,45.18944],[-106.65469,45.18917],[-106.65431,45.18917],[-106.65431,45.18944],[-106.65354,45.18944],[-106.65354,45.18971],[-106.65316,45.18971],[-106.65316,45.18998],[-106.65278,45.18998],[-106.65278,45.19024],[-106.65201,45.19051],[-106.65201,45.19078],[-106.65163,45.19078],[-106.65163,45.19105],[-106.65125,45.19105],[-106.65125,45.19186],[-106.65048,45.19186],[-106.65048,45.19213],[-106.64972,45.1924],[-106.64972,45.19375],[-106.6501,45.19375],[-106.6501,45.19456],[-106.64972,45.19456],[-106.64972,45.19537],[-106.64895,45.19537],[-106.64895,45.19698],[-106.64972,45.19698],[-106.64972,45.19725],[-106.65086,45.19725],[-106.65086,45.19671],[-106.65125,45.19671],[-106.65125,45.19617],[-106.65163,45.19617],[-106.65163,45.19563],[-106.65239,45.19563],[-106.65239,45.19483],[-106.65392,45.19456],[-106.65392,45.19429],[-106.65431,45.19429],[-106.65431,45.19375],[-106.65469,45.19375],[-106.65469,45.19321],[-106.65545,45.19321],[-106.65545,45.19294],[-106.65583,45.19294],[-106.65583,45.19375],[-106.65545,45.19375],[-106.65545,45.19402],[-106.65469,45.19429],[-106.65469,45.19483],[-106.65431,45.19483],[-106.65431,45.1959],[-106.65392,45.1959],[-106.65392,45.19671],[-106.65354,45.19671],[-106.65354,45.19725],[-106.65316,45.19725],[-106.65316,45.19779],[-106.65278,45.19779],[-106.65278,45.19833],[-106.65201,45.19833],[-106.65201,45.19887],[-106.65125,45.19887],[-106.65125,45.19914],[-106.65086,45.19914],[-106.65086,45.19968],[-106.65048,45.19968],[-106.65048,45.20022],[-106.65125,45.20049],[-106.65125,45.20102],[-106.65239,45.20102],[-106.65239,45.20076],[-106.65392,45.20076],[-106.65392,45.20049],[-106.65431,45.20049],[-106.65431,45.20076],[-106.65469,45.20076],[-106.65469,45.20102],[-106.65545,45.20129],[-106.65545,45.20156],[-106.65507,45.20156],[-106.65507,45.20183],[-106.65431,45.20183],[-106.65431,45.2021],[-106.65354,45.2021],[-106.65354,45.20237],[-106.65316,45.20237],[-106.65316,45.20264],[-106.65278,45.20264],[-106.65278,45.20291],[-106.65163,45.20291],[-106.65163,45.20237],[-106.65125,45.20237],[-106.65125,45.2021],[-106.65086,45.2021],[-106.65086,45.20183],[-106.65048,45.20183],[-106.65048,45.20399],[-106.6501,45.20399],[-106.6501,45.20426],[-106.64933,45.20453],[-106.64933,45.2048],[-106.64895,45.2048],[-106.64895,45.20507],[-106.64857,45.20507],[-106.64857,45.20561],[-106.64819,45.20561],[-106.64819,45.20588],[-106.64742,45.20588],[-106.64742,45.20615],[-106.64704,45.20615],[-106.64704,45.20588],[-106.64628,45.20588],[-106.64628,45.20561],[-106.64551,45.20561],[-106.64551,45.20534],[-106.64513,45.20534],[-106.64513,45.20507],[-106.64398,45.20507],[-106.64398,45.20534],[-106.64322,45.20561],[-106.64322,45.20588],[-106.64245,45.20615],[-106.64245,45.20641],[-106.64207,45.20641],[-106.64207,45.20668],[-106.6413,45.20668],[-106.6413,45.20695],[-106.64092,45.20695],[-106.64092,45.20722],[-106.63939,45.20722],[-106.63939,45.20695],[-106.63786,45.20668],[-106.63786,45.20561],[-106.63824,45.20561],[-106.63824,45.20534],[-106.63863,45.20534],[-106.63863,45.20507],[-106.64016,45.20507],[-106.64016,45.20318],[-106.64054,45.20318],[-106.64054,45.20291],[-106.64016,45.20291],[-106.64016,45.20264],[-106.63977,45.20264],[-106.63977,45.20291]],[[-106.64092,45.20291],[-106.64092,45.20264],[-106.64054,45.20264],[-106.64054,45.20291],[-106.64092,45.20291]],[[-106.64666,45.20076],[-106.64666,45.20049],[-106.64628,45.20049],[-106.64628,45.20076],[-106.64666,45.20076]],[[-106.6478,45.19644],[-106.6478,45.1951],[-106.64742,45.1951],[-106.64742,45.19563],[-106.64704,45.19563],[-106.64704,45.19617],[-106.64666,45.19617],[-106.64666,45.19698],[-106.64704,45.19698],[-106.64704,45.19671],[-106.6478,45.19644]],[[-106.6218,45.19321],[-106.6218,45.19267],[-106.62142,45.19267],[-106.62142,45.19321],[-106.6218,45.19321]],[[-106.61721,45.19078],[-106.61721,45.19051],[-106.61683,45.19051],[-106.61683,45.19078],[-106.61721,45.19078]],[[-106.61645,45.19078],[-106.61645,45.19051],[-106.61607,45.19051],[-106.61607,45.19078],[-106.61645,45.19078]],[[-106.61645,45.18998],[-106.61645,45.18971],[-106.61607,45.18971],[-106.61607,45.18998],[-106.61645,45.18998]],[[-106.64436,45.18539],[-106.64436,45.18512],[-106.64398,45.18512],[-106.64398,45.18539],[-106.64436,45.18539]],[[-106.6436,45.18539],[-106.6436,45.18512],[-106.64322,45.18512],[-106.64322,45.18539],[-106.6436,45.18539]],[[-106.63595,45.18135],[-106.63595,45.18108],[-106.63557,45.18108],[-106.63557,45.18135],[-106.63595,45.18135]],[[-106.6348,45.18135],[-106.6348,45.18108],[-106.63442,45.18108],[-106.63442,45.18135],[-106.6348,45.18135]],[[-106.6218,45.18108],[-106.6218,45.18081],[-106.62142,45.18081],[-106.62142,45.18108],[-106.6218,45.18108]],[[-106.6218,45.18054],[-106.6218,45.18027],[-106.62142,45.18027],[-106.62142,45.18054],[-106.6218,45.18054]],[[-106.62257,45.18027],[-106.62257,45.18],[-106.62218,45.18],[-106.62218,45.18027],[-106.62257,45.18027]],[[-106.62524,45.17973],[-106.62524,45.17947],[-106.62486,45.17947],[-106.62486,45.17973],[-106.62524,45.17973]],[[-106.62869,45.17866],[-106.62869,45.17839],[-106.6283,45.17839],[-106.6283,45.17866],[-106.62869,45.17866]]],[[[-106.61071,45.19267],[-106.6111,45.19267],[-106.6111,45.1924],[-106.61377,45.1924],[-106.61377,45.19321],[-106.61148,45.19321],[-106.61148,45.19348],[-106.61033,45.19348],[-106.61033,45.19294],[-106.61071,45.19294],[-106.61071,45.19267]]],[[[-106.61989,45.19375],[-106.61951,45.19375],[-106.61951,45.19294],[-106.61989,45.19294],[-106.61989,45.19375]]],[[[-106.63404,45.20372],[-106.6348,45.20372],[-106.6348,45.20453],[-106.63442,45.20453],[-106.63442,45.2048],[-106.63366,45.2048],[-106.63366,45.20399],[-106.63404,45.20399],[-106.63404,45.20372]]],[[[-106.63519,45.20695],[-106.63633,45.20695],[-106.63633,45.20803],[-106.63519,45.20803],[-106.63519,45.2083],[-106.6348,45.2083],[-106.6348,45.20722],[-106.63519,45.20722],[-106.63519,45.20695]]],[[[-106.63442,45.20884],[-106.63404,45.20884],[-106.63404,45.20857],[-106.63442,45.20857],[-106.63442,45.20884]]]]},"properties":{"layer":"predicted_reach_h11","fire_name":"Harris","irwin_id":"{1CF9F8F2-53E7-46E0-8744-2CE5FCCB2D74}","model":"arrival_run","checkpoint_epoch":216,"decode":"connected_causal","operating_point":{"floor":0.0,"mult":0.9},"val_precision":null,"val_recall":null,"model_caveat":"arrival_run chosen for best RECALL among the six FlameFlux v3 candidates on the production-valid t0-window corpus (R=0.624 on the fc2 held-out fires, R=0.432 on Dillon -- see candidate_comparison.md from the 2026-07-24 comparison). It does NOT meet the project's P>=0.50/R>=0.80 target: precision is the WORST of the six (P=0.120 on fc2 -- most flagged growth is wrong), and wind_run actually edges it on F1. IMPORTANT CAVEAT: arrival_run trained on the leaky 'observed' corpus (crop centered/sized on t0|t1, i.e. it saw the future perimeter's geometry during training) and has NEVER seen a t0-window crop -- the ONLY geometry this live pipeline can ever produce at forecast time (the future perimeter is, by definition, unknown). So every live prediction from this model is out-of-distribution relative to its own training. The measured t0-window numbers above already reflect that (they are not a surprise), but this is 'best available', not 'production-ready' -- represent it that way. The operating_point (floor=0.0, mult=0.9) is the VAL-selected connected-causal decode point; it did NOT clear the 0.50 precision floor during selection (feasible=False, val P=0.270/R=0.259) -- it's the best-F1 fallback point, not a precision-guaranteed one.","issued_at_utc":"2026-08-10 14:30:50.037077+00:00","valid_from_utc":"2026-08-10 00:00:00","valid_to_utc":"2026-08-11 00:00:00","wfigs_date_current_utc":"2026-08-10 14:00:26.469000+00:00","pixel_size_m":30,"veg_source":"refreshed_d4","physics_source":"eikonal_fbfm40","history_n_dates":1,"degraded_history":true,"containment_pct":10,"acres_wfigs":924.3420700993352,"hour":11,"valid_at_utc":"2026-08-10 11:00:00"}},{"type":"Feature","geometry":{"type":"MultiPolygon","coordinates":[[[[-106.65698,45.18135],[-106.65622,45.18135],[-106.65622,45.18054],[-106.6566,45.18054],[-106.6566,45.18081],[-106.65736,45.18081],[-106.65736,45.18135],[-106.65813,45.18135],[-106.65813,45.18189],[-106.65851,45.18189],[-106.65851,45.18216],[-106.65775,45.18216],[-106.65775,45.18162],[-106.65698,45.18162],[-106.65698,45.18135]]],[[[-106.65201,45.18539],[-106.65163,45.18539],[-106.65163,45.18512],[-106.65201,45.18512],[-106.65201,45.18539]]],[[[-106.65736,45.18701],[-106.65622,45.18701],[-106.65622,45.18647],[-106.65736,45.18647],[-106.65736,45.18701]]],[[[-106.65622,45.19995],[-106.65698,45.20022],[-106.65698,45.20076],[-106.65736,45.20076],[-106.65736,45.20129],[-106.6566,45.20129],[-106.6566,45.20076],[-106.65622,45.20076],[-106.65622,45.19995]]],[[[-106.65469,45.20264],[-106.65507,45.20264],[-106.65507,45.20237],[-106.65545,45.20237],[-106.65545,45.2021],[-106.65583,45.2021],[-106.65583,45.20237],[-106.65622,45.20237],[-106.65622,45.2021],[-106.65736,45.2021],[-106.65736,45.20237],[-106.65775,45.20237],[-106.65775,45.20345],[-106.65698,45.20345],[-106.65698,45.20372],[-106.6566,45.20372],[-106.6566,45.20399],[-106.65583,45.20399],[-106.65583,45.20426],[-106.65507,45.20426],[-106.65507,45.20399],[-106.65469,45.20399],[-106.65469,45.20264]]],[[[-106.66081,45.20318],[-106.66157,45.20291],[-106.66157,45.20318],[-106.66195,45.20318],[-106.66195,45.20345],[-106.66157,45.20345],[-106.66157,45.20372],[-106.66119,45.20372],[-106.66119,45.20399],[-106.66042,45.20399],[-106.66042,45.20345],[-106.66081,45.20345],[-106.66081,45.20318]]],[[[-106.65431,45.20399],[-106.65392,45.20399],[-106.65392,45.20372],[-106.65431,45.20372],[-106.65431,45.20399]]],[[[-106.66004,45.20453],[-106.66004,45.20426],[-106.66042,45.20426],[-106.66042,45.20453],[-106.66004,45.20453]]],[[[-106.65163,45.20884],[-106.65163,45.20857],[-106.65201,45.20857],[-106.65201,45.20884],[-106.65163,45.20884]]],[[[-106.60307,45.18405],[-106.60383,45.18378],[-106.60383,45.18405],[-106.60421,45.18405],[-106.60421,45.18432],[-106.60383,45.18432],[-106.60383,45.18459],[-106.60307,45.18486],[-106.60307,45.18512],[-106.60268,45.18512],[-106.60268,45.18459],[-106.60307,45.18459],[-106.60307,45.18405]]],[[[-106.64972,45.18297],[-106.64972,45.18324],[-106.64895,45.18351],[-106.64895,45.18405],[-106.64933,45.18405],[-106.64933,45.18512],[-106.64972,45.18512],[-106.64972,45.18647],[-106.6501,45.18647],[-106.6501,45.18674],[-106.65048,45.18674],[-106.65048,45.18701],[-106.65086,45.18701],[-106.65086,45.18674],[-106.65201,45.18674],[-106.65201,45.18647],[-106.65278,45.18647],[-106.65278,45.1862],[-106.65316,45.1862],[-106.65316,45.18593],[-106.65392,45.18566],[-106.65392,45.18486],[-106.65316,45.18486],[-106.65316,45.18432],[-106.65392,45.18432],[-106.65392,45.18405],[-106.65431,45.18405],[-106.65431,45.18486],[-106.65545,45.18486],[-106.65545,45.18512],[-106.65622,45.18539],[-106.65622,45.18647],[-106.65583,45.18647],[-106.65583,45.18728],[-106.65507,45.18755],[-106.65507,45.18836],[-106.65698,45.18836],[-106.65698,45.18809],[-106.65813,45.18809],[-106.65813,45.18836],[-106.65851,45.18836],[-106.65851,45.18863],[-106.65928,45.18863],[-106.65928,45.1889],[-106.66004,45.1889],[-106.66004,45.18917],[-106.66081,45.18917],[-106.66081,45.18998],[-106.65775,45.18998],[-106.65775,45.18971],[-106.65583,45.18971],[-106.65583,45.18998],[-106.65507,45.18971],[-106.65507,45.18998],[-106.65354,45.18998],[-106.65354,45.19024],[-106.65278,45.19051],[-106.65278,45.19078],[-106.65316,45.19078],[-106.65316,45.19132],[-106.65239,45.19159],[-106.65239,45.19186],[-106.65201,45.19186],[-106.65201,45.19213],[-106.65125,45.19213],[-106.65125,45.1924],[-106.65048,45.1924],[-106.65048,45.19267],[-106.6501,45.19267],[-106.6501,45.19402],[-106.65048,45.19402],[-106.65048,45.19429],[-106.65163,45.19429],[-106.65163,45.19402],[-106.65392,45.19429],[-106.65392,45.19375],[-106.65431,45.19375],[-106.65431,45.19321],[-106.65469,45.19321],[-106.65469,45.19294],[-106.65545,45.19294],[-106.65545,45.19267],[-106.65622,45.19267],[-106.65622,45.19294],[-106.6566,45.19294],[-106.6566,45.19321],[-106.65583,45.19348],[-106.65583,45.19402],[-106.65507,45.19429],[-106.65507,45.19483],[-106.65469,45.19483],[-106.65469,45.19537],[-106.65431,45.19537],[-106.65431,45.19644],[-106.65392,45.19644],[-106.65392,45.19698],[-106.65354,45.19698],[-106.65354,45.19779],[-106.65316,45.19779],[-106.65316,45.19833],[-106.65278,45.19833],[-106.65278,45.1986],[-106.65239,45.1986],[-106.65239,45.19887],[-106.65201,45.19887],[-106.65201,45.19914],[-106.65125,45.19914],[-106.65125,45.19968],[-106.65086,45.19968],[-106.65086,45.19995],[-106.65125,45.19995],[-106.65125,45.20022],[-106.65201,45.20022],[-106.65201,45.20076],[-106.65239,45.20076],[-106.65239,45.20022],[-106.65278,45.20022],[-106.65278,45.20049],[-106.65316,45.20049],[-106.65316,45.20022],[-106.65354,45.20022],[-106.65354,45.20049],[-106.65469,45.20049],[-106.65469,45.20076],[-106.65507,45.20076],[-106.65507,45.20102],[-106.65583,45.20102],[-106.65583,45.20183],[-106.65545,45.20183],[-106.65545,45.2021],[-106.65507,45.2021],[-106.65507,45.20237],[-106.65431,45.2021],[-106.65431,45.20237],[-106.65354,45.20237],[-106.65354,45.20264],[-106.65278,45.20291],[-106.65278,45.20399],[-106.65354,45.20372],[-106.65354,45.20399],[-106.65392,45.20399],[-106.65392,45.20426],[-106.65354,45.20426],[-106.65354,45.20534],[-106.65278,45.20561],[-106.65278,45.20615],[-106.65239,45.20615],[-106.65239,45.20641],[-106.65125,45.20641],[-106.65125,45.20668],[-106.65086,45.20668],[-106.65086,45.20722],[-106.65048,45.20722],[-106.65048,45.20749],[-106.65086,45.20749],[-106.65086,45.20803],[-106.65125,45.20803],[-106.65125,45.20911],[-106.65048,45.20911],[-106.65048,45.20938],[-106.64704,45.20938],[-106.64704,45.20911],[-106.6478,45.20884],[-106.6478,45.20857],[-106.64819,45.20857],[-106.64819,45.20803],[-106.64972,45.20749],[-106.64972,45.20668],[-106.64895,45.20641],[-106.64895,45.20615],[-106.64857,45.20615],[-106.64857,45.20588],[-106.64819,45.20588],[-106.64819,45.20615],[-106.64628,45.20615],[-106.64628,45.20588],[-106.64589,45.20588],[-106.64589,45.20561],[-106.64551,45.20561],[-106.64551,45.20534],[-106.6436,45.20534],[-106.6436,45.20588],[-106.64322,45.20588],[-106.64322,45.20615],[-106.64283,45.20615],[-106.64283,45.20641],[-106.64207,45.20641],[-106.64207,45.20668],[-106.64169,45.20668],[-106.64169,45.20695],[-106.6413,45.20695],[-106.6413,45.20722],[-106.64054,45.20722],[-106.64054,45.20749],[-106.64016,45.20749],[-106.64016,45.20722],[-106.63863,45.20722],[-106.63863,45.20695],[-106.63748,45.20695],[-106.63748,45.20668],[-106.6371,45.20668],[-106.6371,45.20641],[-106.63748,45.20641],[-106.63748,45.20561],[-106.63786,45.20561],[-106.63786,45.20534],[-106.63863,45.20507],[-106.63863,45.2048],[-106.63939,45.2048],[-106.63939,45.20372],[-106.63863,45.20399],[-106.63863,45.20372],[-106.6371,45.20345],[-106.6371,45.20318],[-106.63672,45.20318],[-106.63672,45.20345],[-106.63633,45.20345],[-106.63633,45.20318],[-106.63557,45.20345],[-106.63557,45.20264],[-106.6348,45.20291],[-106.6348,45.20237],[-106.63442,45.20237],[-106.63442,45.20264],[-106.63404,45.20264],[-106.63404,45.20237],[-106.63327,45.20237],[-106.63327,45.20183],[-106.63251,45.20183],[-106.63251,45.20129],[-106.63174,45.20129],[-106.63174,45.20076],[-106.62945,45.20102],[-106.62945,45.20076],[-106.62907,45.20076],[-106.62907,45.20049],[-106.62869,45.20049],[-106.62869,45.19941],[-106.62792,45.19968],[-106.62792,45.19887],[-106.62754,45.19887],[-106.62754,45.19941],[-106.62716,45.19941],[-106.62716,45.19887],[-106.62677,45.19887],[-106.62677,45.19941],[-106.62639,45.19941],[-106.62639,45.19752],[-106.62563,45.19779],[-106.62563,45.19725],[-106.62486,45.19725],[-106.62486,45.19671],[-106.6241,45.19698],[-106.6241,45.19617],[-106.62333,45.19617],[-106.62333,45.1959],[-106.6241,45.1959],[-106.6241,45.19563],[-106.62333,45.19563],[-106.62333,45.1951],[-106.62257,45.1951],[-106.62257,45.19483],[-106.6218,45.19483],[-106.6218,45.19456],[-106.62104,45.19483],[-106.62104,45.19456],[-106.62065,45.19456],[-106.62065,45.19429],[-106.61951,45.19429],[-106.61951,45.19402],[-106.61874,45.19402],[-106.61874,45.1924],[-106.61798,45.1924],[-106.61798,45.19213],[-106.61721,45.19213],[-106.61721,45.19186],[-106.61568,45.19186],[-106.61568,45.19159],[-106.61492,45.19159],[-106.61492,45.19051],[-106.61415,45.19024],[-106.61415,45.18836],[-106.61339,45.18836],[-106.61339,45.18809],[-106.61301,45.18809],[-106.61301,45.18674],[-106.61262,45.18674],[-106.61262,45.18593],[-106.61224,45.18593],[-106.61224,45.18566],[-106.6111,45.18566],[-106.6111,45.18593],[-106.61071,45.18593],[-106.61071,45.18782],[-106.60995,45.18809],[-106.60995,45.18836],[-106.60957,45.18836],[-106.60957,45.18782],[-106.60918,45.18782],[-106.60918,45.18755],[-106.60842,45.18728],[-106.60842,45.18701],[-106.60804,45.18701],[-106.60804,45.18593],[-106.60727,45.18566],[-106.60727,45.18486],[-106.60689,45.18486],[-106.60689,45.18351],[-106.60765,45.18351],[-106.60765,45.18378],[-106.60842,45.18378],[-106.60842,45.18405],[-106.60995,45.18378],[-106.60995,45.18351],[-106.61071,45.18324],[-106.61071,45.18189],[-106.60995,45.18162],[-106.60995,45.18243],[-106.60918,45.18243],[-106.60918,45.1827],[-106.60727,45.1827],[-106.60727,45.18243],[-106.60689,45.18243],[-106.60689,45.18189],[-106.60459,45.18216],[-106.60459,45.18189],[-106.60345,45.18189],[-106.60345,45.18135],[-106.60498,45.18108],[-106.60498,45.18081],[-106.60574,45.18081],[-106.60574,45.18054],[-106.60727,45.18054],[-106.60727,45.18027],[-106.60765,45.18027],[-106.60765,45.18],[-106.60804,45.18],[-106.60804,45.17947],[-106.60842,45.17947],[-106.60842,45.17893],[-106.6088,45.17893],[-106.6088,45.17785],[-106.60957,45.17785],[-106.60957,45.17812],[-106.60995,45.17812],[-106.60995,45.17839],[-106.61071,45.17839],[-106.61071,45.17866],[-106.61148,45.17893],[-106.61148,45.1792],[-106.61186,45.1792],[-106.61186,45.17947],[-106.61301,45.17947],[-106.61301,45.1792],[-106.61339,45.1792],[-106.61339,45.17839],[-106.61377,45.17839],[-106.61377,45.17731],[-106.61262,45.17731],[-106.61262,45.17704],[-106.61224,45.17704],[-106.61224,45.1765],[-106.61301,45.17623],[-106.61301,45.17569],[-106.61339,45.17569],[-106.61339,45.17542],[-106.61377,45.17542],[-106.61377,45.17515],[-106.61454,45.17515],[-106.61454,45.17488],[-106.6153,45.17488],[-106.6153,45.17461],[-106.61721,45.17461],[-106.61721,45.17408],[-106.6176,45.17408],[-106.6176,45.17381],[-106.61721,45.17381],[-106.61721,45.173],[-106.6176,45.173],[-106.6176,45.17327],[-106.61874,45.17327],[-106.61874,45.17354],[-106.61913,45.17354],[-106.61913,45.17381],[-106.61989,45.17408],[-106.61989,45.17488],[-106.62027,45.17488],[-106.62027,45.17542],[-106.62065,45.17542],[-106.62065,45.17596],[-106.62142,45.17623],[-106.62142,45.17677],[-106.6218,45.17677],[-106.6218,45.1765],[-106.62257,45.17677],[-106.62257,45.17758],[-106.62295,45.17758],[-106.62295,45.17785],[-106.62486,45.17785],[-106.62486,45.17758],[-106.62563,45.17758],[-106.62563,45.17731],[-106.62639,45.17731],[-106.62639,45.17569],[-106.62677,45.17569],[-106.62677,45.17515],[-106.62716,45.17515],[-106.62716,45.17488],[-106.6283,45.17488],[-106.6283,45.17461],[-106.62907,45.17461],[-106.62907,45.17434],[-106.63098,45.17434],[-106.63098,45.17408],[-106.63136,45.17408],[-106.63136,45.17381],[-106.63174,45.17381],[-106.63174,45.17354],[-106.63213,45.17354],[-106.63213,45.17408],[-106.63289,45.17408],[-106.63289,45.17434],[-106.63404,45.17434],[-106.63404,45.17515],[-106.63442,45.17515],[-106.63442,45.17542],[-106.63404,45.17542],[-106.63404,45.17569],[-106.63442,45.17569],[-106.63442,45.1765],[-106.6348,45.1765],[-106.6348,45.17704],[-106.63519,45.17704],[-106.63519,45.17731],[-106.63595,45.17731],[-106.63595,45.17704],[-106.63672,45.17704],[-106.63672,45.17677],[-106.6371,45.17677],[-106.6371,45.17623],[-106.63748,45.17623],[-106.63748,45.17542],[-106.63786,45.17542],[-106.63786,45.17515],[-106.63939,45.17515],[-106.63939,45.17488],[-106.64054,45.17488],[-106.64054,45.17596],[-106.63977,45.17623],[-106.63977,45.17677],[-106.64016,45.17677],[-106.64016,45.17758],[-106.63977,45.17758],[-106.63977,45.17812],[-106.63939,45.17812],[-106.63939,45.17839],[-106.63901,45.17839],[-106.63901,45.17973],[-106.64092,45.17973],[-106.64092,45.17947],[-106.64169,45.17947],[-106.64169,45.17893],[-106.64245,45.17893],[-106.64245,45.17866],[-106.64283,45.17866],[-106.64283,45.18108],[-106.64322,45.18108],[-106.64322,45.18],[-106.64666,45.18],[-106.64666,45.18027],[-106.64704,45.18027],[-106.64704,45.18],[-106.65125,45.18],[-106.65125,45.18027],[-106.65163,45.18027],[-106.65163,45.18054],[-106.65125,45.18054],[-106.65125,45.18108],[-106.65048,45.18135],[-106.65048,45.18162],[-106.64972,45.18162],[-106.64972,45.18243],[-106.64933,45.18243],[-106.64933,45.1827],[-106.6501,45.1827],[-106.6501,45.18297],[-106.64972,45.18297]],[[-106.64933,45.18189],[-106.64819,45.18189],[-106.64819,45.1827],[-106.64857,45.1827],[-106.64857,45.18243],[-106.64933,45.18243],[-106.64933,45.18189]],[[-106.6478,45.1827],[-106.6478,45.18297],[-106.64819,45.18297],[-106.64819,45.1827],[-106.6478,45.1827]],[[-106.65086,45.20507],[-106.65086,45.20426],[-106.65048,45.20426],[-106.65048,45.20453],[-106.64972,45.20453],[-106.64972,45.2048],[-106.64933,45.2048],[-106.64933,45.20561],[-106.6501,45.20561],[-106.6501,45.20534],[-106.65048,45.20534],[-106.65048,45.20507],[-106.65086,45.20507]],[[-106.65125,45.20372],[-106.65125,45.20426],[-106.65201,45.20426],[-106.65201,45.20399],[-106.65239,45.20399],[-106.65239,45.20318],[-106.65201,45.20318],[-106.65201,45.20345],[-106.65125,45.20318],[-106.65125,45.20345],[-106.65086,45.20345],[-106.65086,45.20372],[-106.65125,45.20372]],[[-106.65125,45.20291],[-106.65086,45.20291],[-106.65086,45.20318],[-106.65125,45.20318],[-106.65125,45.20291]],[[-106.65086,45.20264],[-106.65048,45.20264],[-106.65048,45.20291],[-106.65086,45.20291],[-106.65086,45.20264]],[[-106.64666,45.20076],[-106.64666,45.20049],[-106.64628,45.20049],[-106.64628,45.20076],[-106.64666,45.20076]],[[-106.65086,45.19644],[-106.65086,45.19563],[-106.65163,45.19537],[-106.65163,45.1951],[-106.65125,45.1951],[-106.65125,45.19483],[-106.65163,45.19483],[-106.65163,45.19456],[-106.65048,45.19456],[-106.65048,45.1951],[-106.64972,45.19537],[-106.64972,45.19698],[-106.6501,45.19698],[-106.6501,45.19671],[-106.65048,45.19671],[-106.65048,45.19644],[-106.65086,45.19644]],[[-106.64742,45.19644],[-106.64742,45.1959],[-106.64704,45.1959],[-106.64704,45.19644],[-106.64742,45.19644]],[[-106.61721,45.19078],[-106.61721,45.19051],[-106.61683,45.19051],[-106.61683,45.19078],[-106.61721,45.19078]],[[-106.61645,45.19078],[-106.61645,45.19051],[-106.61607,45.19051],[-106.61607,45.19078],[-106.61645,45.19078]],[[-106.61645,45.18998],[-106.61645,45.18971],[-106.61607,45.18971],[-106.61607,45.18998],[-106.61645,45.18998]],[[-106.61492,45.1889],[-106.61492,45.18836],[-106.61454,45.18836],[-106.61454,45.1889],[-106.61492,45.1889]],[[-106.64436,45.18539],[-106.64436,45.18512],[-106.64398,45.18512],[-106.64398,45.18539],[-106.64436,45.18539]],[[-106.6436,45.18539],[-106.6436,45.18512],[-106.64322,45.18512],[-106.64322,45.18539],[-106.6436,45.18539]],[[-106.63595,45.18135],[-106.63595,45.18108],[-106.63557,45.18108],[-106.63557,45.18135],[-106.63595,45.18135]],[[-106.6348,45.18135],[-106.6348,45.18108],[-106.63442,45.18108],[-106.63442,45.18135],[-106.6348,45.18135]],[[-106.6218,45.18108],[-106.6218,45.18081],[-106.62142,45.18081],[-106.62142,45.18108],[-106.6218,45.18108]],[[-106.6218,45.18054],[-106.6218,45.18027],[-106.62142,45.18027],[-106.62142,45.18054],[-106.6218,45.18054]],[[-106.62257,45.18027],[-106.62257,45.18],[-106.62218,45.18],[-106.62218,45.18027],[-106.62257,45.18027]],[[-106.62524,45.17973],[-106.62524,45.17947],[-106.62486,45.17947],[-106.62486,45.17973],[-106.62524,45.17973]],[[-106.62869,45.17866],[-106.62869,45.17839],[-106.6283,45.17839],[-106.6283,45.17866],[-106.62869,45.17866]]],[[[-106.60995,45.19321],[-106.61033,45.19321],[-106.61033,45.19267],[-106.61071,45.19267],[-106.61071,45.1924],[-106.6111,45.1924],[-106.6111,45.19213],[-106.61301,45.19213],[-106.61301,45.1924],[-106.61377,45.1924],[-106.61377,45.19267],[-106.61415,45.19267],[-106.61415,45.19321],[-106.61377,45.19321],[-106.61377,45.19348],[-106.6111,45.19348],[-106.6111,45.19375],[-106.60957,45.19375],[-106.60957,45.19348],[-106.60995,45.19348],[-106.60995,45.19321]]],[[[-106.63327,45.20399],[-106.63404,45.20372],[-106.63404,45.20345],[-106.6348,45.20345],[-106.6348,45.20318],[-106.63519,45.20318],[-106.63519,45.20453],[-106.6348,45.20453],[-106.6348,45.2048],[-106.63442,45.2048],[-106.63442,45.20507],[-106.63366,45.20507],[-106.63366,45.2048],[-106.63327,45.2048],[-106.63327,45.20399]]],[[[-106.63442,45.20911],[-106.63404,45.20911],[-106.63404,45.20884],[-106.63327,45.20884],[-106.63327,45.20857],[-106.63366,45.20857],[-106.63366,45.2083],[-106.63442,45.20803],[-106.63442,45.20722],[-106.6348,45.20722],[-106.6348,45.20695],[-106.63557,45.20695],[-106.63557,45.20668],[-106.63633,45.20668],[-106.63633,45.20695],[-106.63672,45.20695],[-106.63672,45.2083],[-106.63748,45.20857],[-106.63748,45.20884],[-106.6371,45.20884],[-106.6371,45.20938],[-106.63633,45.20938],[-106.63633,45.20857],[-106.63595,45.20857],[-106.63595,45.2083],[-106.63557,45.2083],[-106.63557,45.20857],[-106.63519,45.20857],[-106.63519,45.20884],[-106.63442,45.20884],[-106.63442,45.20911]]],[[[-106.63595,45.20857],[-106.63595,45.20884],[-106.63557,45.20884],[-106.63557,45.20857],[-106.63595,45.20857]]],[[[-106.63863,45.20857],[-106.63977,45.20857],[-106.63977,45.20938],[-106.63901,45.20938],[-106.63901,45.20911],[-106.63863,45.20911],[-106.63863,45.20857]]],[[[-106.64436,45.20911],[-106.64436,45.20884],[-106.64589,45.20884],[-106.64589,45.20911],[-106.64666,45.20911],[-106.64666,45.20938],[-106.64589,45.20965],[-106.64589,45.20992],[-106.64436,45.20992],[-106.64436,45.20965],[-106.64398,45.20965],[-106.64398,45.20911],[-106.64436,45.20911]]],[[[-106.6413,45.21073],[-106.6413,45.211],[-106.64092,45.211],[-106.64092,45.21127],[-106.63977,45.21127],[-106.63977,45.211],[-106.64016,45.211],[-106.64016,45.21073],[-106.6413,45.21073]]]]},"properties":{"layer":"predicted_reach_h12","fire_name":"Harris","irwin_id":"{1CF9F8F2-53E7-46E0-8744-2CE5FCCB2D74}","model":"arrival_run","checkpoint_epoch":216,"decode":"connected_causal","operating_point":{"floor":0.0,"mult":0.9},"val_precision":null,"val_recall":null,"model_caveat":"arrival_run chosen for best RECALL among the six FlameFlux v3 candidates on the production-valid t0-window corpus (R=0.624 on the fc2 held-out fires, R=0.432 on Dillon -- see candidate_comparison.md from the 2026-07-24 comparison). It does NOT meet the project's P>=0.50/R>=0.80 target: precision is the WORST of the six (P=0.120 on fc2 -- most flagged growth is wrong), and wind_run actually edges it on F1. IMPORTANT CAVEAT: arrival_run trained on the leaky 'observed' corpus (crop centered/sized on t0|t1, i.e. it saw the future perimeter's geometry during training) and has NEVER seen a t0-window crop -- the ONLY geometry this live pipeline can ever produce at forecast time (the future perimeter is, by definition, unknown). So every live prediction from this model is out-of-distribution relative to its own training. The measured t0-window numbers above already reflect that (they are not a surprise), but this is 'best available', not 'production-ready' -- represent it that way. The operating_point (floor=0.0, mult=0.9) is the VAL-selected connected-causal decode point; it did NOT clear the 0.50 precision floor during selection (feasible=False, val P=0.270/R=0.259) -- it's the best-F1 fallback point, not a precision-guaranteed one.","issued_at_utc":"2026-08-10 14:30:50.037077+00:00","valid_from_utc":"2026-08-10 00:00:00","valid_to_utc":"2026-08-11 00:00:00","wfigs_date_current_utc":"2026-08-10 14:00:26.469000+00:00","pixel_size_m":30,"veg_source":"refreshed_d4","physics_source":"eikonal_fbfm40","history_n_dates":1,"degraded_history":true,"containment_pct":10,"acres_wfigs":924.3420700993352,"hour":12,"valid_at_utc":"2026-08-10 12:00:00"}},{"type":"Feature","geometry":{"type":"MultiPolygon","coordinates":[[[[-106.65736,45.18189],[-106.65698,45.18189],[-106.65698,45.18162],[-106.65622,45.18135],[-106.65622,45.18108],[-106.65583,45.18108],[-106.65583,45.18027],[-106.65698,45.18027],[-106.65698,45.18054],[-106.65736,45.18054],[-106.65736,45.18081],[-106.65775,45.18081],[-106.65775,45.18108],[-106.65813,45.18108],[-106.65813,45.18135],[-106.65851,45.18135],[-106.65851,45.18162],[-106.65889,45.18162],[-106.65889,45.18243],[-106.65775,45.18243],[-106.65775,45.18216],[-106.65736,45.18216],[-106.65736,45.18189]]],[[[-106.65278,45.18351],[-106.65239,45.18351],[-106.65239,45.18324],[-106.65278,45.18324],[-106.65278,45.18351]]],[[[-106.65201,45.18378],[-106.65163,45.18378],[-106.65163,45.18351],[-106.65201,45.18351],[-106.65201,45.18378]]],[[[-106.65086,45.18405],[-106.65086,45.18378],[-106.65125,45.18378],[-106.65125,45.18405],[-106.65086,45.18405]]],[[[-106.66119,45.18459],[-106.66119,45.18486],[-106.66004,45.18486],[-106.66004,45.18432],[-106.66157,45.18432],[-106.66157,45.18459],[-106.66119,45.18459]]],[[[-106.65966,45.20399],[-106.66042,45.20372],[-106.66042,45.20318],[-106.66081,45.20318],[-106.66081,45.20291],[-106.66195,45.20291],[-106.66195,45.20372],[-106.66157,45.20372],[-106.66157,45.20399],[-106.66081,45.20399],[-106.66081,45.20426],[-106.66042,45.20426],[-106.66042,45.20453],[-106.66004,45.20453],[-106.66004,45.2048],[-106.65928,45.2048],[-106.65928,45.20426],[-106.65966,45.20426],[-106.65966,45.20399]]],[[[-106.65698,45.20534],[-106.65698,45.20561],[-106.65736,45.20561],[-106.65736,45.20615],[-106.65775,45.20615],[-106.65775,45.20641],[-106.65698,45.20641],[-106.65698,45.20588],[-106.6566,45.20588],[-106.6566,45.20534],[-106.65698,45.20534]]],[[[-106.64551,45.20722],[-106.64551,45.20749],[-106.64589,45.20749],[-106.64589,45.20776],[-106.64513,45.20776],[-106.64513,45.20749],[-106.64475,45.20749],[-106.64475,45.20722],[-106.64551,45.20722]]],[[[-106.6436,45.21073],[-106.64322,45.21073],[-106.64322,45.21046],[-106.6436,45.21046],[-106.6436,45.21073]]],[[[-106.64016,45.21046],[-106.64016,45.21019],[-106.64054,45.21019],[-106.64054,45.21046],[-106.64092,45.21046],[-106.64092,45.21073],[-106.6413,45.21073],[-106.6413,45.21153],[-106.63939,45.21153],[-106.63939,45.21073],[-106.64016,45.21046]]],[[[-106.64933,45.21207],[-106.64933,45.2118],[-106.6501,45.2118],[-106.6501,45.21234],[-106.64972,45.21234],[-106.64972,45.21261],[-106.64857,45.21261],[-106.64857,45.21234],[-106.64933,45.21207]]],[[[-106.63748,45.17381],[-106.63786,45.17381],[-106.63786,45.17408],[-106.6371,45.17408],[-106.6371,45.17354],[-106.63748,45.17354],[-106.63748,45.17381]]],[[[-106.60268,45.18432],[-106.60307,45.18432],[-106.60307,45.18378],[-106.60459,45.18378],[-106.60459,45.18459],[-106.60383,45.18459],[-106.60383,45.18512],[-106.6023,45.18539],[-106.6023,45.18486],[-106.60268,45.18486],[-106.60268,45.18432]]],[[[-106.64398,45.20965],[-106.64322,45.20938],[-106.64322,45.20911],[-106.6436,45.20911],[-106.6436,45.20884],[-106.64475,45.20884],[-106.64475,45.20857],[-106.64589,45.20857],[-106.64589,45.20884],[-106.64666,45.20884],[-106.64666,45.20911],[-106.64704,45.20911],[-106.64704,45.20884],[-106.6478,45.20857],[-106.6478,45.2083],[-106.64819,45.2083],[-106.64819,45.20776],[-106.64895,45.20776],[-106.64895,45.20749],[-106.64933,45.20749],[-106.64933,45.20668],[-106.64857,45.20641],[-106.64857,45.20615],[-106.64819,45.20615],[-106.64819,45.20641],[-106.64628,45.20641],[-106.64628,45.20615],[-106.64589,45.20615],[-106.64589,45.20588],[-106.64551,45.20588],[-106.64551,45.20561],[-106.64475,45.20561],[-106.64475,45.20534],[-106.64436,45.20534],[-106.64436,45.20561],[-106.6436,45.20588],[-106.6436,45.20615],[-106.64322,45.20615],[-106.64322,45.20641],[-106.64245,45.20641],[-106.64245,45.20668],[-106.64207,45.20668],[-106.64207,45.20695],[-106.6413,45.20695],[-106.6413,45.20722],[-106.64092,45.20722],[-106.64092,45.20749],[-106.63939,45.20749],[-106.63939,45.20722],[-106.6371,45.20722],[-106.6371,45.20803],[-106.63748,45.20803],[-106.63748,45.20938],[-106.6371,45.20938],[-106.6371,45.20965],[-106.63633,45.20965],[-106.63633,45.20938],[-106.63595,45.20938],[-106.63595,45.20911],[-106.63557,45.20911],[-106.63557,45.20884],[-106.63519,45.20884],[-106.63519,45.20911],[-106.63327,45.20911],[-106.63327,45.20884],[-106.63289,45.20884],[-106.63289,45.2083],[-106.63327,45.2083],[-106.63327,45.20803],[-106.63366,45.20803],[-106.63366,45.20776],[-106.63404,45.20776],[-106.63404,45.20695],[-106.6371,45.20641],[-106.6371,45.20561],[-106.63786,45.20534],[-106.63786,45.2048],[-106.63863,45.2048],[-106.63863,45.20426],[-106.63824,45.20426],[-106.63824,45.20399],[-106.63786,45.20399],[-106.63786,45.20372],[-106.6371,45.20372],[-106.6371,45.20345],[-106.63672,45.20345],[-106.63672,45.20372],[-106.63595,45.20372],[-106.63595,45.20399],[-106.63519,45.20426],[-106.63519,45.20507],[-106.63442,45.20507],[-106.63442,45.20534],[-106.63404,45.20534],[-106.63404,45.20507],[-106.63327,45.20507],[-106.63327,45.2048],[-106.63289,45.2048],[-106.63289,45.20399],[-106.63327,45.20399],[-106.63327,45.20264],[-106.63251,45.20264],[-106.63251,45.2021],[-106.63174,45.2021],[-106.63174,45.20156],[-106.63098,45.20183],[-106.63098,45.20129],[-106.6306,45.20129],[-106.6306,45.20156],[-106.63021,45.20156],[-106.63021,45.20129],[-106.62907,45.20129],[-106.62907,45.20156],[-106.6283,45.20156],[-106.6283,45.20129],[-106.62792,45.20129],[-106.62792,45.20049],[-106.62716,45.20049],[-106.62716,45.19995],[-106.62563,45.19968],[-106.62563,45.19941],[-106.62486,45.19968],[-106.62486,45.19941],[-106.6241,45.19914],[-106.6241,45.1986],[-106.62371,45.1986],[-106.62371,45.19833],[-106.62333,45.19833],[-106.62333,45.19806],[-106.62257,45.19806],[-106.62257,45.19752],[-106.62218,45.19752],[-106.62218,45.19725],[-106.62257,45.19725],[-106.62257,45.19563],[-106.6218,45.19563],[-106.6218,45.1951],[-106.62104,45.19537],[-106.62104,45.19483],[-106.62027,45.19483],[-106.62027,45.19456],[-106.61951,45.19456],[-106.61951,45.19429],[-106.61913,45.19429],[-106.61913,45.19456],[-106.61836,45.19429],[-106.61836,45.19456],[-106.6176,45.19456],[-106.6176,45.19483],[-106.61721,45.19483],[-106.61721,45.19375],[-106.61645,45.19402],[-106.61645,45.19348],[-106.61568,45.19321],[-106.61568,45.19267],[-106.61492,45.19267],[-106.61492,45.19213],[-106.61454,45.19213],[-106.61454,45.19159],[-106.61415,45.19159],[-106.61415,45.19078],[-106.61377,45.19078],[-106.61377,45.18998],[-106.61339,45.18998],[-106.61339,45.18917],[-106.61262,45.18917],[-106.61262,45.18647],[-106.61224,45.18647],[-106.61224,45.1862],[-106.61186,45.1862],[-106.61186,45.18593],[-106.61148,45.18593],[-106.61148,45.1862],[-106.61071,45.18647],[-106.61071,45.18809],[-106.61033,45.18809],[-106.61033,45.18836],[-106.60957,45.18863],[-106.60957,45.18836],[-106.60918,45.18836],[-106.60918,45.18782],[-106.6088,45.18782],[-106.6088,45.18755],[-106.60804,45.18728],[-106.60804,45.1862],[-106.60765,45.1862],[-106.60765,45.18566],[-106.60727,45.18566],[-106.60727,45.18539],[-106.60689,45.18539],[-106.60689,45.18459],[-106.60651,45.18459],[-106.60651,45.18351],[-106.60689,45.18351],[-106.60689,45.18243],[-106.60651,45.18243],[-106.60651,45.18216],[-106.60383,45.18216],[-106.60383,45.18189],[-106.60307,45.18189],[-106.60307,45.18162],[-106.60268,45.18162],[-106.60268,45.18108],[-106.60383,45.18108],[-106.60383,45.18081],[-106.60498,45.18081],[-106.60498,45.18054],[-106.60651,45.18054],[-106.60651,45.18027],[-106.60727,45.18027],[-106.60727,45.18],[-106.60804,45.17973],[-106.60804,45.17947],[-106.60842,45.17947],[-106.60842,45.17785],[-106.60995,45.17785],[-106.60995,45.17812],[-106.61071,45.17839],[-106.61071,45.17866],[-106.61148,45.17893],[-106.61148,45.1792],[-106.61224,45.1792],[-106.61224,45.17947],[-106.61262,45.17947],[-106.61262,45.1792],[-106.61339,45.17893],[-106.61339,45.17731],[-106.61224,45.17731],[-106.61224,45.17704],[-106.61186,45.17704],[-106.61186,45.1765],[-106.61262,45.17623],[-106.61262,45.17569],[-106.61301,45.17569],[-106.61301,45.17542],[-106.61339,45.17542],[-106.61339,45.17515],[-106.61492,45.17488],[-106.61492,45.17461],[-106.61683,45.17461],[-106.61683,45.17434],[-106.61721,45.17434],[-106.61721,45.17381],[-106.61683,45.17381],[-106.61683,45.173],[-106.61836,45.173],[-106.61836,45.17327],[-106.61874,45.17327],[-106.61874,45.17354],[-106.61951,45.17354],[-106.61951,45.17381],[-106.61989,45.17381],[-106.61989,45.17461],[-106.62027,45.17461],[-106.62027,45.17515],[-106.62065,45.17515],[-106.62065,45.17569],[-106.62104,45.17569],[-106.62104,45.17596],[-106.62142,45.17596],[-106.62142,45.17623],[-106.62295,45.1765],[-106.62295,45.17758],[-106.6241,45.17758],[-106.6241,45.17731],[-106.62486,45.17731],[-106.62486,45.17704],[-106.62524,45.17704],[-106.62524,45.17677],[-106.62601,45.1765],[-106.62601,45.17542],[-106.62639,45.17542],[-106.62639,45.17515],[-106.62716,45.17488],[-106.62716,45.17461],[-106.62869,45.17461],[-106.62869,45.17434],[-106.62945,45.17434],[-106.62945,45.17408],[-106.63021,45.17434],[-106.63021,45.17408],[-106.63098,45.17408],[-106.63098,45.17354],[-106.63174,45.17354],[-106.63174,45.17327],[-106.63213,45.17327],[-106.63213,45.17354],[-106.63289,45.17381],[-106.63289,45.17408],[-106.63442,45.17408],[-106.63442,45.17596],[-106.6348,45.17596],[-106.6348,45.17677],[-106.63519,45.17677],[-106.63519,45.17704],[-106.63633,45.17704],[-106.63633,45.17677],[-106.6371,45.1765],[-106.6371,45.17569],[-106.63748,45.17569],[-106.63748,45.17515],[-106.63786,45.17515],[-106.63786,45.17461],[-106.63824,45.17461],[-106.63824,45.17488],[-106.64054,45.17461],[-106.64054,45.17515],[-106.64092,45.17515],[-106.64092,45.17569],[-106.64054,45.17569],[-106.64054,45.1765],[-106.64092,45.1765],[-106.64092,45.17677],[-106.64054,45.17677],[-106.64054,45.17731],[-106.64016,45.17731],[-106.64016,45.17785],[-106.63977,45.17785],[-106.63977,45.17839],[-106.63939,45.17839],[-106.63939,45.17893],[-106.63901,45.17893],[-106.63901,45.17947],[-106.64016,45.17947],[-106.64016,45.1792],[-106.64092,45.1792],[-106.64092,45.17893],[-106.64169,45.17893],[-106.64169,45.17866],[-106.64322,45.17839],[-106.64322,45.17866],[-106.6436,45.17866],[-106.6436,45.17947],[-106.64436,45.17947],[-106.64436,45.17973],[-106.64589,45.17973],[-106.64589,45.18],[-106.6501,45.18],[-106.6501,45.17973],[-106.65125,45.17973],[-106.65125,45.18],[-106.65163,45.18],[-106.65163,45.18108],[-106.65125,45.18108],[-106.65125,45.18135],[-106.65163,45.18135],[-106.65163,45.18162],[-106.65125,45.18162],[-106.65125,45.18216],[-106.65086,45.18216],[-106.65086,45.18162],[-106.65048,45.18162],[-106.65048,45.18297],[-106.6501,45.18297],[-106.6501,45.18351],[-106.65048,45.18351],[-106.65048,45.18405],[-106.64972,45.18432],[-106.64972,45.18512],[-106.6501,45.18512],[-106.6501,45.18566],[-106.65048,45.18566],[-106.65048,45.18647],[-106.65086,45.18647],[-106.65086,45.1862],[-106.65163,45.18647],[-106.65163,45.18593],[-106.65086,45.18593],[-106.65086,45.18566],[-106.65125,45.18566],[-106.65125,45.18512],[-106.65163,45.18512],[-106.65163,45.18459],[-106.65278,45.18459],[-106.65278,45.18432],[-106.65316,45.18432],[-106.65316,45.18378],[-106.65278,45.18378],[-106.65278,45.18351],[-106.65316,45.18351],[-106.65316,45.18324],[-106.65392,45.18324],[-106.65392,45.1827],[-106.65431,45.1827],[-106.65431,45.18297],[-106.65469,45.18297],[-106.65469,45.18351],[-106.65431,45.18351],[-106.65431,45.18405],[-106.65507,45.18432],[-106.65507,45.18459],[-106.65545,45.18459],[-106.65545,45.18486],[-106.65583,45.18486],[-106.65583,45.18512],[-106.65622,45.18512],[-106.65622,45.18566],[-106.6566,45.18566],[-106.6566,45.1862],[-106.65736,45.1862],[-106.65736,45.18647],[-106.65775,45.18647],[-106.65775,45.18701],[-106.65736,45.18701],[-106.65736,45.18728],[-106.65583,45.18728],[-106.65583,45.18755],[-106.65545,45.18755],[-106.65545,45.18782],[-106.65507,45.18782],[-106.65507,45.18809],[-106.65545,45.18809],[-106.65545,45.18836],[-106.65622,45.18836],[-106.65622,45.18809],[-106.65851,45.18809],[-106.65851,45.18836],[-106.65889,45.18836],[-106.65889,45.18863],[-106.65966,45.18863],[-106.65966,45.1889],[-106.66042,45.1889],[-106.66042,45.18917],[-106.66119,45.18917],[-106.66119,45.18944],[-106.66157,45.18944],[-106.66157,45.18971],[-106.66119,45.18971],[-106.66119,45.18998],[-106.66081,45.18998],[-106.66081,45.19024],[-106.65813,45.19024],[-106.65813,45.18998],[-106.65583,45.18998],[-106.65583,45.19024],[-106.65431,45.19024],[-106.65431,45.19051],[-106.65354,45.19051],[-106.65354,45.19078],[-106.65431,45.19078],[-106.65431,45.19105],[-106.65392,45.19105],[-106.65392,45.19132],[-106.65354,45.19132],[-106.65354,45.19159],[-106.65316,45.19159],[-106.65316,45.19186],[-106.65278,45.19186],[-106.65278,45.19213],[-106.65201,45.19213],[-106.65201,45.1924],[-106.65048,45.1924],[-106.65048,45.19294],[-106.6501,45.19294],[-106.6501,45.19375],[-106.65048,45.19375],[-106.65048,45.19402],[-106.65163,45.19402],[-106.65163,45.19375],[-106.65354,45.19375],[-106.65354,45.19348],[-106.65316,45.19348],[-106.65316,45.19321],[-106.65354,45.19321],[-106.65354,45.19294],[-106.65316,45.19294],[-106.65316,45.19267],[-106.65469,45.19267],[-106.65469,45.19213],[-106.65545,45.1924],[-106.65545,45.19186],[-106.65583,45.19186],[-106.65583,45.19213],[-106.6566,45.1924],[-106.6566,45.19348],[-106.65583,45.19375],[-106.65583,45.19429],[-106.65507,45.19456],[-106.65507,45.19537],[-106.65469,45.19537],[-106.65469,45.19617],[-106.65431,45.19617],[-106.65431,45.19752],[-106.65392,45.19752],[-106.65392,45.19806],[-106.65354,45.19806],[-106.65354,45.1986],[-106.65278,45.19887],[-106.65278,45.19941],[-106.65354,45.19968],[-106.65354,45.19995],[-106.65431,45.19995],[-106.65431,45.20022],[-106.65507,45.20022],[-106.65507,45.20076],[-106.65545,45.20076],[-106.65545,45.19995],[-106.65583,45.19995],[-106.65583,45.19968],[-106.65698,45.19968],[-106.65698,45.19995],[-106.65736,45.19995],[-106.65736,45.20183],[-106.65775,45.20183],[-106.65775,45.20264],[-106.65813,45.20264],[-106.65813,45.20345],[-106.65775,45.20345],[-106.65775,45.20372],[-106.65698,45.20372],[-106.65698,45.20399],[-106.65622,45.20399],[-106.65622,45.20453],[-106.65431,45.20453],[-106.65431,45.2048],[-106.65392,45.2048],[-106.65392,45.20534],[-106.65316,45.20561],[-106.65316,45.20588],[-106.65278,45.20588],[-106.65278,45.20641],[-106.65239,45.20641],[-106.65239,45.20668],[-106.65201,45.20668],[-106.65201,45.20695],[-106.65163,45.20695],[-106.65163,45.20722],[-106.65125,45.20722],[-106.65125,45.2083],[-106.65163,45.2083],[-106.65163,45.20803],[-106.65201,45.20803],[-106.65201,45.2083],[-106.65239,45.2083],[-106.65239,45.20803],[-106.65316,45.20803],[-106.65316,45.20857],[-106.65278,45.20857],[-106.65278,45.20938],[-106.65163,45.20938],[-106.65163,45.20911],[-106.65125,45.20911],[-106.65125,45.20938],[-106.6501,45.20938],[-106.6501,45.20965],[-106.6478,45.20965],[-106.6478,45.20938],[-106.64704,45.20938],[-106.64704,45.20965],[-106.64628,45.20992],[-106.64628,45.21019],[-106.64436,45.21019],[-106.64436,45.20992],[-106.64398,45.20992],[-106.64398,45.20965]],[[-106.65392,45.20345],[-106.65392,45.20264],[-106.65354,45.20264],[-106.65354,45.20345],[-106.65392,45.20345]],[[-106.64666,45.20076],[-106.64666,45.20049],[-106.64628,45.20049],[-106.64628,45.20076],[-106.64666,45.20076]],[[-106.62563,45.1986],[-106.62563,45.19833],[-106.62524,45.19833],[-106.62524,45.1986],[-106.62563,45.1986]],[[-106.62486,45.1986],[-106.62486,45.19806],[-106.62448,45.19806],[-106.62448,45.1986],[-106.62486,45.1986]],[[-106.62563,45.19806],[-106.62563,45.19779],[-106.62524,45.19779],[-106.62524,45.19806],[-106.62563,45.19806]],[[-106.61798,45.19402],[-106.61798,45.19375],[-106.6176,45.19375],[-106.6176,45.19402],[-106.61798,45.19402]],[[-106.61721,45.19078],[-106.61721,45.19051],[-106.61683,45.19051],[-106.61683,45.19078],[-106.61721,45.19078]],[[-106.61645,45.19078],[-106.61645,45.19051],[-106.61607,45.19051],[-106.61607,45.19078],[-106.61645,45.19078]],[[-106.61645,45.18998],[-106.61645,45.18971],[-106.61607,45.18971],[-106.61607,45.18998],[-106.61645,45.18998]],[[-106.65239,45.18539],[-106.65239,45.18566],[-106.65316,45.18566],[-106.65316,45.18512],[-106.65239,45.18539]],[[-106.64436,45.18539],[-106.64436,45.18512],[-106.64398,45.18512],[-106.64398,45.18539],[-106.64436,45.18539]],[[-106.6436,45.18539],[-106.6436,45.18512],[-106.64322,45.18512],[-106.64322,45.18539],[-106.6436,45.18539]],[[-106.60842,45.1827],[-106.60842,45.18297],[-106.60765,45.18297],[-106.60765,45.18351],[-106.60842,45.18351],[-106.60842,45.18378],[-106.60957,45.18378],[-106.60957,45.18324],[-106.61033,45.18324],[-106.61033,45.1827],[-106.60842,45.1827]],[[-106.63595,45.18135],[-106.63595,45.18108],[-106.63557,45.18108],[-106.63557,45.18135],[-106.63595,45.18135]],[[-106.6348,45.18135],[-106.6348,45.18108],[-106.63442,45.18108],[-106.63442,45.18135],[-106.6348,45.18135]],[[-106.6218,45.18108],[-106.6218,45.18081],[-106.62142,45.18081],[-106.62142,45.18108],[-106.6218,45.18108]],[[-106.6218,45.18054],[-106.6218,45.18027],[-106.62142,45.18027],[-106.62142,45.18054],[-106.6218,45.18054]],[[-106.62257,45.18027],[-106.62257,45.18],[-106.62218,45.18],[-106.62218,45.18027],[-106.62257,45.18027]],[[-106.62524,45.17973],[-106.62524,45.17947],[-106.62486,45.17947],[-106.62486,45.17973],[-106.62524,45.17973]],[[-106.62869,45.17866],[-106.62869,45.17839],[-106.6283,45.17839],[-106.6283,45.17866],[-106.62869,45.17866]]],[[[-106.60957,45.19348],[-106.60957,45.19321],[-106.61033,45.19294],[-106.61033,45.1924],[-106.61071,45.1924],[-106.61071,45.19213],[-106.6111,45.19213],[-106.6111,45.19186],[-106.61148,45.19186],[-106.61148,45.19213],[-106.61186,45.19213],[-106.61186,45.19186],[-106.61262,45.19213],[-106.61262,45.19186],[-106.61301,45.19186],[-106.61301,45.19213],[-106.61377,45.19213],[-106.61377,45.1924],[-106.61454,45.1924],[-106.61454,45.19321],[-106.61415,45.19321],[-106.61415,45.19348],[-106.61148,45.19348],[-106.61148,45.19375],[-106.61071,45.19375],[-106.61071,45.19402],[-106.60957,45.19402],[-106.60957,45.19375],[-106.60918,45.19375],[-106.60918,45.19348],[-106.60957,45.19348]]],[[[-106.63098,45.20237],[-106.63098,45.2021],[-106.63136,45.2021],[-106.63136,45.20237],[-106.63098,45.20237]]],[[[-106.62945,45.20264],[-106.63021,45.20237],[-106.63021,45.20183],[-106.6306,45.20183],[-106.6306,45.20237],[-106.63098,45.20237],[-106.63098,45.20264],[-106.6306,45.20264],[-106.6306,45.20345],[-106.63021,45.20345],[-106.63021,45.20291],[-106.62945,45.20291],[-106.62945,45.20264]]],[[[-106.63174,45.20372],[-106.63174,45.20345],[-106.63213,45.20345],[-106.63213,45.20372],[-106.63174,45.20372]]],[[[-106.6306,45.20426],[-106.6306,45.20453],[-106.62983,45.2048],[-106.62983,45.20507],[-106.62907,45.20507],[-106.62907,45.20453],[-106.62945,45.20453],[-106.62945,45.20426],[-106.6306,45.20426]]],[[[-106.62448,45.20507],[-106.6241,45.20507],[-106.6241,45.20453],[-106.62448,45.20453],[-106.62448,45.20507]]],[[[-106.62448,45.20534],[-106.62448,45.20507],[-106.62486,45.20507],[-106.62486,45.20534],[-106.62448,45.20534]]],[[[-106.63863,45.20938],[-106.63863,45.20911],[-106.63786,45.20884],[-106.63786,45.20857],[-106.63863,45.20857],[-106.63863,45.2083],[-106.63977,45.2083],[-106.63977,45.20857],[-106.64016,45.20857],[-106.64016,45.20938],[-106.63977,45.20938],[-106.63977,45.20992],[-106.63939,45.20992],[-106.63939,45.20965],[-106.63901,45.20965],[-106.63901,45.20938],[-106.63863,45.20938]]]]},"properties":{"layer":"predicted_reach_h13","fire_name":"Harris","irwin_id":"{1CF9F8F2-53E7-46E0-8744-2CE5FCCB2D74}","model":"arrival_run","checkpoint_epoch":216,"decode":"connected_causal","operating_point":{"floor":0.0,"mult":0.9},"val_precision":null,"val_recall":null,"model_caveat":"arrival_run chosen for best RECALL among the six FlameFlux v3 candidates on the production-valid t0-window corpus (R=0.624 on the fc2 held-out fires, R=0.432 on Dillon -- see candidate_comparison.md from the 2026-07-24 comparison). It does NOT meet the project's P>=0.50/R>=0.80 target: precision is the WORST of the six (P=0.120 on fc2 -- most flagged growth is wrong), and wind_run actually edges it on F1. IMPORTANT CAVEAT: arrival_run trained on the leaky 'observed' corpus (crop centered/sized on t0|t1, i.e. it saw the future perimeter's geometry during training) and has NEVER seen a t0-window crop -- the ONLY geometry this live pipeline can ever produce at forecast time (the future perimeter is, by definition, unknown). So every live prediction from this model is out-of-distribution relative to its own training. The measured t0-window numbers above already reflect that (they are not a surprise), but this is 'best available', not 'production-ready' -- represent it that way. The operating_point (floor=0.0, mult=0.9) is the VAL-selected connected-causal decode point; it did NOT clear the 0.50 precision floor during selection (feasible=False, val P=0.270/R=0.259) -- it's the best-F1 fallback point, not a precision-guaranteed one.","issued_at_utc":"2026-08-10 14:30:50.037077+00:00","valid_from_utc":"2026-08-10 00:00:00","valid_to_utc":"2026-08-11 00:00:00","wfigs_date_current_utc":"2026-08-10 14:00:26.469000+00:00","pixel_size_m":30,"veg_source":"refreshed_d4","physics_source":"eikonal_fbfm40","history_n_dates":1,"degraded_history":true,"containment_pct":10,"acres_wfigs":924.3420700993352,"hour":13,"valid_at_utc":"2026-08-10 13:00:00"}},{"type":"Feature","geometry":{"type":"MultiPolygon","coordinates":[[[[-106.64322,45.17515],[-106.64245,45.17542],[-106.64245,45.17461],[-106.64322,45.17461],[-106.64322,45.17515]]],[[[-106.65736,45.18189],[-106.65698,45.18189],[-106.65698,45.18162],[-106.65622,45.18162],[-106.65622,45.18135],[-106.65583,45.18135],[-106.65583,45.18108],[-106.65545,45.18108],[-106.65545,45.18],[-106.6566,45.18],[-106.6566,45.18027],[-106.65736,45.18027],[-106.65736,45.18054],[-106.65775,45.18054],[-106.65775,45.18081],[-106.65813,45.18081],[-106.65813,45.18108],[-106.65851,45.18108],[-106.65851,45.18135],[-106.65928,45.18162],[-106.65928,45.18216],[-106.65889,45.18216],[-106.65889,45.1827],[-106.65775,45.1827],[-106.65775,45.18243],[-106.65736,45.18243],[-106.65736,45.18189]]],[[[-106.66042,45.18405],[-106.66157,45.18405],[-106.66157,45.18432],[-106.66195,45.18432],[-106.66195,45.18459],[-106.66157,45.18459],[-106.66157,45.18486],[-106.66081,45.18486],[-106.66081,45.18512],[-106.65966,45.18512],[-106.65966,45.18432],[-106.66042,45.18432],[-106.66042,45.18405]]],[[[-106.66272,45.19051],[-106.66234,45.19051],[-106.66234,45.19024],[-106.66272,45.19024],[-106.66272,45.19051]]],[[[-106.63939,45.20992],[-106.63863,45.20965],[-106.63863,45.20938],[-106.63748,45.20938],[-106.63748,45.20965],[-106.63672,45.20965],[-106.63672,45.20992],[-106.63633,45.20992],[-106.63633,45.20965],[-106.63595,45.20965],[-106.63595,45.20938],[-106.63557,45.20938],[-106.63557,45.20911],[-106.63442,45.20911],[-106.63442,45.20938],[-106.63404,45.20938],[-106.63404,45.20911],[-106.63289,45.20911],[-106.63289,45.20884],[-106.63251,45.20884],[-106.63251,45.2083],[-106.63327,45.20803],[-106.63327,45.20695],[-106.63404,45.20722],[-106.63404,45.20668],[-106.6348,45.20668],[-106.6348,45.20641],[-106.63672,45.20641],[-106.63672,45.20561],[-106.6371,45.20561],[-106.6371,45.20507],[-106.63748,45.20507],[-106.63748,45.2048],[-106.63786,45.2048],[-106.63786,45.20426],[-106.6371,45.20426],[-106.6371,45.20399],[-106.63672,45.20399],[-106.63672,45.20426],[-106.63595,45.20426],[-106.63595,45.20453],[-106.63557,45.20453],[-106.63557,45.20507],[-106.63519,45.20507],[-106.63519,45.20561],[-106.63404,45.20561],[-106.63404,45.20534],[-106.63251,45.20507],[-106.63251,45.20453],[-106.63213,45.20453],[-106.63213,45.2048],[-106.63136,45.20453],[-106.63136,45.2048],[-106.6306,45.2048],[-106.6306,45.20507],[-106.62907,45.20534],[-106.62907,45.20507],[-106.62869,45.20507],[-106.62869,45.20426],[-106.62945,45.20426],[-106.62945,45.20318],[-106.62869,45.20345],[-106.62869,45.2021],[-106.62754,45.2021],[-106.62754,45.20156],[-106.62716,45.20156],[-106.62716,45.20102],[-106.62677,45.20102],[-106.62677,45.20076],[-106.62639,45.20076],[-106.62639,45.20049],[-106.62601,45.20049],[-106.62601,45.20076],[-106.62563,45.20076],[-106.62563,45.20102],[-106.6241,45.20102],[-106.6241,45.20022],[-106.62486,45.20022],[-106.62486,45.19995],[-106.6241,45.19968],[-106.6241,45.19914],[-106.62333,45.19887],[-106.62333,45.19833],[-106.6218,45.19806],[-106.6218,45.19725],[-106.62142,45.19725],[-106.62142,45.19698],[-106.6218,45.19698],[-106.6218,45.19644],[-106.62104,45.19644],[-106.62104,45.1959],[-106.62065,45.1959],[-106.62065,45.19644],[-106.62027,45.19644],[-106.62027,45.19537],[-106.61951,45.19537],[-106.61951,45.19483],[-106.61913,45.19483],[-106.61913,45.1951],[-106.61874,45.1951],[-106.61874,45.19483],[-106.61836,45.19483],[-106.61836,45.1951],[-106.61645,45.1951],[-106.61645,45.19483],[-106.61568,45.19456],[-106.61568,45.19348],[-106.61377,45.19348],[-106.61377,45.19375],[-106.6111,45.19375],[-106.6111,45.19402],[-106.60995,45.19402],[-106.60995,45.19429],[-106.60957,45.19429],[-106.60957,45.19402],[-106.60918,45.19402],[-106.60918,45.19375],[-106.60842,45.19348],[-106.60842,45.19321],[-106.60804,45.19321],[-106.60804,45.1924],[-106.60842,45.1924],[-106.60842,45.19267],[-106.60918,45.19294],[-106.60918,45.19321],[-106.60957,45.19321],[-106.60957,45.19294],[-106.61033,45.19267],[-106.61033,45.19186],[-106.61186,45.19186],[-106.61186,45.19159],[-106.6111,45.19132],[-106.6111,45.19105],[-106.61148,45.19105],[-106.61148,45.19078],[-106.6111,45.19078],[-106.6111,45.19051],[-106.61262,45.19051],[-106.61262,45.18971],[-106.61224,45.18971],[-106.61224,45.18917],[-106.61186,45.18917],[-106.61186,45.1889],[-106.61148,45.1889],[-106.61148,45.18836],[-106.60995,45.18863],[-106.60995,45.1889],[-106.60957,45.1889],[-106.60957,45.18917],[-106.6088,45.18917],[-106.6088,45.18755],[-106.60727,45.18728],[-106.60727,45.18701],[-106.60765,45.18701],[-106.60765,45.18674],[-106.60727,45.18674],[-106.60727,45.18647],[-106.60765,45.18647],[-106.60765,45.1862],[-106.60689,45.18593],[-106.60689,45.18512],[-106.60651,45.18512],[-106.60651,45.18432],[-106.60612,45.18432],[-106.60612,45.18351],[-106.60651,45.18351],[-106.60651,45.18243],[-106.60421,45.18243],[-106.60421,45.18216],[-106.60307,45.18216],[-106.60307,45.18189],[-106.6023,45.18162],[-106.6023,45.18108],[-106.60268,45.18108],[-106.60268,45.18054],[-106.60459,45.18054],[-106.60459,45.18027],[-106.60727,45.18027],[-106.60727,45.18],[-106.60765,45.18],[-106.60765,45.17947],[-106.60804,45.17947],[-106.60804,45.17893],[-106.60842,45.17893],[-106.60842,45.17785],[-106.6088,45.17785],[-106.6088,45.17758],[-106.60957,45.17758],[-106.60957,45.17785],[-106.60995,45.17785],[-106.60995,45.17812],[-106.61071,45.17812],[-106.61071,45.17839],[-106.61148,45.17866],[-106.61148,45.17893],[-106.61186,45.17893],[-106.61186,45.1792],[-106.61262,45.1792],[-106.61262,45.17893],[-106.61339,45.17866],[-106.61339,45.17758],[-106.61224,45.17758],[-106.61224,45.17731],[-106.61148,45.17704],[-106.61148,45.17677],[-106.61224,45.1765],[-106.61224,45.17596],[-106.61301,45.17569],[-106.61301,45.17515],[-106.61377,45.17515],[-106.61377,45.17488],[-106.61454,45.17488],[-106.61454,45.17461],[-106.61568,45.17461],[-106.61568,45.17434],[-106.61645,45.17434],[-106.61645,45.17408],[-106.61683,45.17408],[-106.61683,45.17381],[-106.61645,45.17381],[-106.61645,45.173],[-106.61683,45.173],[-106.61683,45.17273],[-106.6176,45.17273],[-106.6176,45.173],[-106.61836,45.173],[-106.61836,45.17327],[-106.61989,45.17354],[-106.61989,45.17408],[-106.62027,45.17408],[-106.62027,45.17488],[-106.62065,45.17488],[-106.62065,45.17542],[-106.62104,45.17542],[-106.62104,45.17569],[-106.62218,45.17569],[-106.62218,45.17596],[-106.62295,45.17596],[-106.62295,45.17623],[-106.62333,45.17623],[-106.62333,45.1765],[-106.62371,45.1765],[-106.62371,45.17677],[-106.62486,45.17677],[-106.62486,45.1765],[-106.62524,45.1765],[-106.62524,45.17623],[-106.62563,45.17623],[-106.62563,45.17515],[-106.62639,45.17488],[-106.62639,45.17461],[-106.6283,45.17461],[-106.6283,45.17434],[-106.62869,45.17434],[-106.62869,45.17408],[-106.6306,45.17408],[-106.6306,45.17381],[-106.63098,45.17381],[-106.63098,45.17354],[-106.63174,45.17327],[-106.63174,45.173],[-106.63213,45.173],[-106.63213,45.17327],[-106.63289,45.17354],[-106.63289,45.17381],[-106.63442,45.17381],[-106.63442,45.17408],[-106.6348,45.17408],[-106.6348,45.17623],[-106.63519,45.17623],[-106.63519,45.17677],[-106.63672,45.17677],[-106.63672,45.17623],[-106.6371,45.17623],[-106.6371,45.17515],[-106.63748,45.17515],[-106.63748,45.17488],[-106.6371,45.17488],[-106.6371,45.17408],[-106.63633,45.17408],[-106.63633,45.17354],[-106.63672,45.17354],[-106.63672,45.17327],[-106.63748,45.173],[-106.63748,45.17327],[-106.63824,45.17354],[-106.63824,45.17461],[-106.64092,45.17461],[-106.64092,45.17623],[-106.6413,45.17623],[-106.6413,45.17677],[-106.64054,45.17704],[-106.64054,45.17758],[-106.64016,45.17758],[-106.64016,45.17839],[-106.63977,45.17839],[-106.63977,45.17866],[-106.64169,45.17866],[-106.64169,45.17839],[-106.64207,45.17839],[-106.64207,45.17812],[-106.64322,45.17812],[-106.64322,45.17839],[-106.6436,45.17839],[-106.6436,45.17866],[-106.64436,45.17893],[-106.64436,45.17947],[-106.64513,45.17947],[-106.64513,45.17973],[-106.64666,45.17973],[-106.64666,45.18],[-106.64742,45.18],[-106.64742,45.17973],[-106.65163,45.17973],[-106.65163,45.18],[-106.65201,45.18],[-106.65201,45.18162],[-106.65163,45.18162],[-106.65163,45.18243],[-106.65201,45.18243],[-106.65201,45.1827],[-106.65354,45.1827],[-106.65354,45.18243],[-106.65431,45.18216],[-106.65431,45.18243],[-106.65507,45.1827],[-106.65507,45.18297],[-106.65583,45.18297],[-106.65583,45.18324],[-106.65507,45.18324],[-106.65507,45.18351],[-106.65545,45.18351],[-106.65545,45.18378],[-106.65507,45.18378],[-106.65507,45.18405],[-106.65545,45.18405],[-106.65545,45.18432],[-106.65622,45.18459],[-106.65622,45.18512],[-106.65698,45.18539],[-106.65698,45.18593],[-106.65775,45.1862],[-106.65775,45.18728],[-106.65736,45.18728],[-106.65736,45.18755],[-106.65583,45.18755],[-106.65583,45.18809],[-106.6566,45.18809],[-106.6566,45.18782],[-106.65851,45.18782],[-106.65851,45.18809],[-106.65889,45.18809],[-106.65889,45.18836],[-106.65928,45.18836],[-106.65928,45.18863],[-106.66042,45.18863],[-106.66042,45.1889],[-106.66119,45.1889],[-106.66119,45.18917],[-106.66195,45.18917],[-106.66195,45.18944],[-106.66234,45.18944],[-106.66234,45.19024],[-106.66195,45.19024],[-106.66195,45.19051],[-106.65928,45.19051],[-106.65928,45.19024],[-106.65851,45.19051],[-106.65851,45.19024],[-106.65736,45.19024],[-106.65736,45.18998],[-106.65698,45.18998],[-106.65698,45.19024],[-106.65622,45.19024],[-106.65622,45.19051],[-106.65507,45.19051],[-106.65507,45.19132],[-106.65583,45.19132],[-106.65583,45.19159],[-106.65622,45.19159],[-106.65622,45.19186],[-106.65736,45.19186],[-106.65736,45.19294],[-106.65698,45.19294],[-106.65698,45.19348],[-106.6566,45.19348],[-106.6566,45.19375],[-106.65583,45.19402],[-106.65583,45.19456],[-106.65545,45.19456],[-106.65545,45.1951],[-106.65507,45.1951],[-106.65507,45.19698],[-106.65622,45.19698],[-106.65622,45.19725],[-106.6566,45.19725],[-106.6566,45.19752],[-106.65622,45.19752],[-106.65622,45.19779],[-106.65545,45.19779],[-106.65545,45.19752],[-106.65507,45.19752],[-106.65507,45.19725],[-106.65431,45.19725],[-106.65431,45.19806],[-106.65354,45.19833],[-106.65354,45.19941],[-106.65431,45.19941],[-106.65431,45.19968],[-106.65469,45.19968],[-106.65469,45.19941],[-106.65507,45.19941],[-106.65507,45.19968],[-106.65545,45.19968],[-106.65545,45.19941],[-106.65698,45.19941],[-106.65698,45.19968],[-106.65775,45.19968],[-106.65775,45.20022],[-106.65813,45.20022],[-106.65813,45.20049],[-106.65775,45.20049],[-106.65775,45.20156],[-106.65813,45.20156],[-106.65813,45.20291],[-106.65851,45.20291],[-106.65851,45.20372],[-106.65736,45.20372],[-106.65736,45.20399],[-106.6566,45.20426],[-106.6566,45.20453],[-106.65698,45.20453],[-106.65698,45.20507],[-106.65736,45.20507],[-106.65736,45.20561],[-106.65813,45.20588],[-106.65813,45.20668],[-106.65698,45.20668],[-106.65698,45.20641],[-106.6566,45.20641],[-106.6566,45.20588],[-106.65622,45.20588],[-106.65622,45.20507],[-106.65545,45.2048],[-106.65545,45.20507],[-106.65469,45.20507],[-106.65469,45.20534],[-106.65431,45.20534],[-106.65431,45.20615],[-106.65392,45.20615],[-106.65392,45.20588],[-106.65316,45.20588],[-106.65316,45.20641],[-106.65278,45.20641],[-106.65278,45.20749],[-106.65354,45.20776],[-106.65354,45.20911],[-106.65316,45.20911],[-106.65316,45.20938],[-106.65278,45.20938],[-106.65278,45.20965],[-106.65125,45.20965],[-106.65125,45.20992],[-106.65086,45.20992],[-106.65086,45.20965],[-106.65048,45.20965],[-106.65048,45.20992],[-106.6501,45.20992],[-106.6501,45.20965],[-106.64972,45.20965],[-106.64972,45.20992],[-106.64933,45.20992],[-106.64933,45.20965],[-106.64895,45.20965],[-106.64895,45.20992],[-106.64857,45.20992],[-106.64857,45.20965],[-106.64742,45.20965],[-106.64742,45.20992],[-106.64666,45.20992],[-106.64666,45.21019],[-106.64589,45.21019],[-106.64589,45.21046],[-106.64475,45.21046],[-106.64475,45.21019],[-106.64436,45.21019],[-106.64436,45.21073],[-106.64398,45.21073],[-106.64398,45.211],[-106.64322,45.211],[-106.64322,45.21073],[-106.64283,45.21073],[-106.64283,45.21019],[-106.6436,45.21019],[-106.6436,45.20965],[-106.64322,45.20965],[-106.64322,45.20911],[-106.64283,45.20911],[-106.64283,45.20884],[-106.64322,45.20884],[-106.64322,45.20857],[-106.6436,45.20857],[-106.6436,45.20884],[-106.64398,45.20884],[-106.64398,45.20857],[-106.64475,45.20857],[-106.64475,45.20803],[-106.64513,45.20803],[-106.64513,45.20776],[-106.64436,45.20749],[-106.64436,45.20695],[-106.64475,45.20695],[-106.64475,45.20668],[-106.64551,45.20668],[-106.64551,45.20695],[-106.64589,45.20695],[-106.64589,45.20749],[-106.64628,45.20749],[-106.64628,45.20776],[-106.64589,45.20776],[-106.64589,45.20857],[-106.64666,45.20857],[-106.64666,45.20884],[-106.64704,45.20884],[-106.64704,45.20857],[-106.6478,45.20857],[-106.6478,45.20803],[-106.64857,45.20776],[-106.64857,45.20722],[-106.64895,45.20722],[-106.64895,45.20695],[-106.64857,45.20695],[-106.64857,45.20668],[-106.6478,45.20668],[-106.6478,45.20641],[-106.64704,45.20668],[-106.64704,45.20641],[-106.64551,45.20641],[-106.64551,45.20588],[-106.64398,45.20588],[-106.64398,45.20615],[-106.6436,45.20615],[-106.6436,45.20641],[-106.64283,45.20641],[-106.64283,45.20668],[-106.64245,45.20668],[-106.64245,45.20695],[-106.64207,45.20695],[-106.64207,45.20722],[-106.6413,45.20722],[-106.6413,45.20749],[-106.64092,45.20749],[-106.64092,45.20776],[-106.63939,45.20776],[-106.63939,45.20749],[-106.63901,45.20749],[-106.63901,45.20776],[-106.63863,45.20776],[-106.63863,45.20749],[-106.63786,45.20776],[-106.63786,45.20749],[-106.63748,45.20749],[-106.63748,45.20803],[-106.63977,45.20803],[-106.63977,45.2083],[-106.64054,45.20857],[-106.64054,45.20938],[-106.64016,45.20938],[-106.64016,45.20965],[-106.64054,45.20965],[-106.64054,45.21019],[-106.64092,45.21019],[-106.64092,45.21046],[-106.64169,45.21073],[-106.64169,45.21127],[-106.6413,45.21127],[-106.6413,45.21153],[-106.63901,45.21153],[-106.63901,45.211],[-106.63939,45.211],[-106.63939,45.20992]],[[-106.65239,45.20749],[-106.65239,45.20722],[-106.65201,45.20722],[-106.65201,45.20749],[-106.65239,45.20749]],[[-106.64666,45.20076],[-106.64666,45.20049],[-106.64628,45.20049],[-106.64628,45.20076],[-106.64666,45.20076]],[[-106.65201,45.19267],[-106.65048,45.19294],[-106.65048,45.19375],[-106.65239,45.19375],[-106.65239,45.19348],[-106.65278,45.19348],[-106.65278,45.19267],[-106.65239,45.19267],[-106.65239,45.1924],[-106.65201,45.1924],[-106.65201,45.19267]],[[-106.65316,45.19267],[-106.65316,45.1924],[-106.65278,45.1924],[-106.65278,45.19267],[-106.65316,45.19267]],[[-106.65392,45.19213],[-106.65392,45.19186],[-106.65354,45.19186],[-106.65354,45.19213],[-106.65392,45.19213]],[[-106.61721,45.19078],[-106.61721,45.19051],[-106.61683,45.19051],[-106.61683,45.19078],[-106.61721,45.19078]],[[-106.61645,45.19078],[-106.61645,45.19051],[-106.61607,45.19051],[-106.61607,45.19078],[-106.61645,45.19078]],[[-106.61645,45.18998],[-106.61645,45.18971],[-106.61607,45.18971],[-106.61607,45.18998],[-106.61645,45.18998]],[[-106.61224,45.18701],[-106.61224,45.18674],[-106.61186,45.18674],[-106.61186,45.18647],[-106.6111,45.18674],[-106.6111,45.18728],[-106.61148,45.18728],[-106.61148,45.18782],[-106.61224,45.18782],[-106.61224,45.18755],[-106.61262,45.18755],[-106.61262,45.18701],[-106.61224,45.18701]],[[-106.64436,45.18539],[-106.64436,45.18512],[-106.64398,45.18512],[-106.64398,45.18539],[-106.64436,45.18539]],[[-106.6436,45.18539],[-106.6436,45.18512],[-106.64322,45.18512],[-106.64322,45.18539],[-106.6436,45.18539]],[[-106.60842,45.18297],[-106.60842,45.18351],[-106.6088,45.18351],[-106.6088,45.18324],[-106.60957,45.18324],[-106.60957,45.18297],[-106.60842,45.18297]],[[-106.63595,45.18135],[-106.63595,45.18108],[-106.63557,45.18108],[-106.63557,45.18135],[-106.63595,45.18135]],[[-106.6348,45.18135],[-106.6348,45.18108],[-106.63442,45.18108],[-106.63442,45.18135],[-106.6348,45.18135]],[[-106.6218,45.18108],[-106.6218,45.18081],[-106.62142,45.18081],[-106.62142,45.18108],[-106.6218,45.18108]],[[-106.6218,45.18054],[-106.6218,45.18027],[-106.62142,45.18027],[-106.62142,45.18054],[-106.6218,45.18054]],[[-106.62257,45.18027],[-106.62257,45.18],[-106.62218,45.18],[-106.62218,45.18027],[-106.62257,45.18027]],[[-106.62524,45.17973],[-106.62524,45.17947],[-106.62486,45.17947],[-106.62486,45.17973],[-106.62524,45.17973]],[[-106.62869,45.17866],[-106.62869,45.17839],[-106.6283,45.17839],[-106.6283,45.17866],[-106.62869,45.17866]]],[[[-106.65966,45.20049],[-106.65889,45.20049],[-106.65889,45.19968],[-106.65966,45.19968],[-106.65966,45.20049]]],[[[-106.66004,45.20318],[-106.66081,45.20291],[-106.66081,45.20264],[-106.66157,45.20264],[-106.66157,45.20183],[-106.66195,45.20183],[-106.66195,45.20156],[-106.66234,45.20156],[-106.66234,45.20129],[-106.6631,45.20129],[-106.6631,45.2021],[-106.66272,45.2021],[-106.66272,45.20237],[-106.66195,45.20237],[-106.66195,45.20291],[-106.66234,45.20291],[-106.66234,45.20372],[-106.66195,45.20372],[-106.66195,45.20399],[-106.66157,45.20399],[-106.66157,45.20426],[-106.66081,45.20426],[-106.66081,45.20453],[-106.66042,45.20453],[-106.66042,45.2048],[-106.66004,45.2048],[-106.66004,45.20507],[-106.65928,45.20507],[-106.65928,45.20372],[-106.66004,45.20372],[-106.66004,45.20318]]],[[[-106.65431,45.20641],[-106.65431,45.20615],[-106.65469,45.20615],[-106.65469,45.20641],[-106.65431,45.20641]]],[[[-106.65507,45.20641],[-106.65507,45.20695],[-106.65469,45.20695],[-106.65469,45.20641],[-106.65507,45.20641]]],[[[-106.64857,45.2118],[-106.64972,45.2118],[-106.64972,45.21153],[-106.65048,45.21153],[-106.65048,45.21234],[-106.64895,45.21288],[-106.64895,45.21261],[-106.64857,45.21261],[-106.64857,45.2118]]],[[[-106.6023,45.18432],[-106.60268,45.18432],[-106.60268,45.18378],[-106.60307,45.18378],[-106.60307,45.18351],[-106.60459,45.18351],[-106.60459,45.18405],[-106.60498,45.18405],[-106.60498,45.18432],[-106.60459,45.18432],[-106.60459,45.18459],[-106.60421,45.18459],[-106.60421,45.18486],[-106.60345,45.18512],[-106.60345,45.18539],[-106.60307,45.18539],[-106.60307,45.18566],[-106.60192,45.18566],[-106.60192,45.18486],[-106.6023,45.18486],[-106.6023,45.18432]]],[[[-106.6111,45.19051],[-106.61071,45.19051],[-106.61071,45.19024],[-106.6111,45.19024],[-106.6111,45.19051]]],[[[-106.61951,45.1959],[-106.61951,45.19563],[-106.61989,45.19563],[-106.61989,45.1959],[-106.61951,45.1959]]],[[[-106.61951,45.19644],[-106.61951,45.19617],[-106.61989,45.19617],[-106.61989,45.19644],[-106.61951,45.19644]]],[[[-106.61568,45.19779],[-106.6153,45.19779],[-106.6153,45.19752],[-106.61568,45.19752],[-106.61568,45.19779]]],[[[-106.6218,45.20102],[-106.62104,45.20102],[-106.62104,45.20076],[-106.6218,45.20076],[-106.6218,45.20102]]],[[[-106.62524,45.20291],[-106.62486,45.20291],[-106.62486,45.2021],[-106.62524,45.2021],[-106.62524,45.20291]]],[[[-106.62792,45.20318],[-106.62792,45.20237],[-106.6283,45.20237],[-106.6283,45.20318],[-106.62792,45.20318]]],[[[-106.62448,45.20588],[-106.62448,45.20561],[-106.6241,45.20561],[-106.6241,45.20534],[-106.62371,45.20534],[-106.62371,45.20399],[-106.6241,45.20399],[-106.6241,45.20426],[-106.62486,45.20453],[-106.62486,45.20507],[-106.62524,45.20507],[-106.62524,45.20615],[-106.62563,45.20615],[-106.62563,45.20641],[-106.62486,45.20668],[-106.62486,45.20615],[-106.6241,45.20615],[-106.6241,45.20588],[-106.62448,45.20588]]]]},"properties":{"layer":"predicted_reach_h14","fire_name":"Harris","irwin_id":"{1CF9F8F2-53E7-46E0-8744-2CE5FCCB2D74}","model":"arrival_run","checkpoint_epoch":216,"decode":"connected_causal","operating_point":{"floor":0.0,"mult":0.9},"val_precision":null,"val_recall":null,"model_caveat":"arrival_run chosen for best RECALL among the six FlameFlux v3 candidates on the production-valid t0-window corpus (R=0.624 on the fc2 held-out fires, R=0.432 on Dillon -- see candidate_comparison.md from the 2026-07-24 comparison). It does NOT meet the project's P>=0.50/R>=0.80 target: precision is the WORST of the six (P=0.120 on fc2 -- most flagged growth is wrong), and wind_run actually edges it on F1. IMPORTANT CAVEAT: arrival_run trained on the leaky 'observed' corpus (crop centered/sized on t0|t1, i.e. it saw the future perimeter's geometry during training) and has NEVER seen a t0-window crop -- the ONLY geometry this live pipeline can ever produce at forecast time (the future perimeter is, by definition, unknown). So every live prediction from this model is out-of-distribution relative to its own training. The measured t0-window numbers above already reflect that (they are not a surprise), but this is 'best available', not 'production-ready' -- represent it that way. The operating_point (floor=0.0, mult=0.9) is the VAL-selected connected-causal decode point; it did NOT clear the 0.50 precision floor during selection (feasible=False, val P=0.270/R=0.259) -- it's the best-F1 fallback point, not a precision-guaranteed one.","issued_at_utc":"2026-08-10 14:30:50.037077+00:00","valid_from_utc":"2026-08-10 00:00:00","valid_to_utc":"2026-08-11 00:00:00","wfigs_date_current_utc":"2026-08-10 14:00:26.469000+00:00","pixel_size_m":30,"veg_source":"refreshed_d4","physics_source":"eikonal_fbfm40","history_n_dates":1,"degraded_history":true,"containment_pct":10,"acres_wfigs":924.3420700993352,"hour":14,"valid_at_utc":"2026-08-10 14:00:00"}},{"type":"Feature","geometry":{"type":"MultiPolygon","coordinates":[[[[-106.65698,45.18216],[-106.65698,45.18189],[-106.65622,45.18189],[-106.65622,45.18162],[-106.65583,45.18162],[-106.65583,45.18135],[-106.65545,45.18135],[-106.65545,45.17973],[-106.65622,45.17973],[-106.65622,45.18],[-106.65736,45.18],[-106.65736,45.18027],[-106.65813,45.18054],[-106.65813,45.18108],[-106.65966,45.18135],[-106.65966,45.18216],[-106.65928,45.18216],[-106.65928,45.18243],[-106.65889,45.18243],[-106.65889,45.1827],[-106.65736,45.1827],[-106.65736,45.18216],[-106.65698,45.18216]]],[[[-106.65928,45.18432],[-106.66081,45.18405],[-106.66081,45.18378],[-106.66157,45.18378],[-106.66157,45.18405],[-106.66195,45.18405],[-106.66195,45.18486],[-106.66042,45.18512],[-106.66042,45.18539],[-106.65966,45.18539],[-106.65966,45.18512],[-106.65928,45.18512],[-106.65928,45.18432]]],[[[-106.66195,45.18782],[-106.66157,45.18782],[-106.66157,45.18755],[-106.66195,45.18755],[-106.66195,45.18782]]],[[[-106.65813,45.19483],[-106.65851,45.19483],[-106.65851,45.19456],[-106.65813,45.19456],[-106.65813,45.19429],[-106.65851,45.19429],[-106.65851,45.19402],[-106.65813,45.19402],[-106.65813,45.19375],[-106.65851,45.19375],[-106.65851,45.19348],[-106.65813,45.19348],[-106.65813,45.19321],[-106.65851,45.19321],[-106.65851,45.19294],[-106.65928,45.19294],[-106.65928,45.19402],[-106.65889,45.19402],[-106.65889,45.19429],[-106.65928,45.19429],[-106.65928,45.19563],[-106.65775,45.19563],[-106.65775,45.19537],[-106.65813,45.19537],[-106.65813,45.19483]]],[[[-106.65966,45.20722],[-106.65928,45.20722],[-106.65928,45.20695],[-106.65966,45.20695],[-106.65966,45.20722]]],[[[-106.65507,45.20992],[-106.65469,45.20992],[-106.65469,45.20938],[-106.6566,45.20938],[-106.6566,45.21019],[-106.65583,45.21019],[-106.65583,45.21046],[-106.65545,45.21046],[-106.65545,45.21019],[-106.65507,45.21019],[-106.65507,45.20992]]],[[[-106.64819,45.21207],[-106.64857,45.21207],[-106.64857,45.2118],[-106.64933,45.21153],[-106.64933,45.21127],[-106.64895,45.21127],[-106.64895,45.21046],[-106.64933,45.21046],[-106.64933,45.211],[-106.64972,45.211],[-106.64972,45.21127],[-106.6501,45.21127],[-106.6501,45.21153],[-106.65086,45.21153],[-106.65086,45.21234],[-106.65048,45.21234],[-106.65048,45.21261],[-106.64972,45.21261],[-106.64972,45.21288],[-106.64857,45.21288],[-106.64857,45.21261],[-106.64819,45.21261],[-106.64819,45.21207]]],[[[-106.62065,45.17354],[-106.62065,45.17381],[-106.62027,45.17381],[-106.62027,45.17354],[-106.62065,45.17354]]],[[[-106.62142,45.17381],[-106.62104,45.17381],[-106.62104,45.17327],[-106.6218,45.17327],[-106.6218,45.17354],[-106.62218,45.17354],[-106.62218,45.17434],[-106.62142,45.17408],[-106.62142,45.17381]]],[[[-106.64169,45.17515],[-106.64207,45.17515],[-106.64207,45.17488],[-106.64169,45.17488],[-106.64169,45.17461],[-106.64283,45.17461],[-106.64283,45.17434],[-106.6436,45.17461],[-106.6436,45.17542],[-106.64322,45.17542],[-106.64322,45.17569],[-106.64207,45.17569],[-106.64207,45.17542],[-106.64169,45.17542],[-106.64169,45.17515]]],[[[-106.63863,45.211],[-106.63901,45.211],[-106.63901,45.21046],[-106.63939,45.21046],[-106.63939,45.21019],[-106.63863,45.20992],[-106.63863,45.20965],[-106.63824,45.20965],[-106.63824,45.20938],[-106.63786,45.20938],[-106.63786,45.20965],[-106.63748,45.20965],[-106.63748,45.20992],[-106.63595,45.20992],[-106.63595,45.20965],[-106.63557,45.20965],[-106.63557,45.20938],[-106.63289,45.20938],[-106.63289,45.20911],[-106.63213,45.20884],[-106.63213,45.20857],[-106.63251,45.20857],[-106.63251,45.20722],[-106.63213,45.20722],[-106.63213,45.20668],[-106.63251,45.20668],[-106.63251,45.20641],[-106.63289,45.20641],[-106.63289,45.20668],[-106.63327,45.20668],[-106.63327,45.20641],[-106.63404,45.20668],[-106.63404,45.20588],[-106.63251,45.20588],[-106.63251,45.20534],[-106.62869,45.20534],[-106.62869,45.2048],[-106.62792,45.20453],[-106.62792,45.20372],[-106.62716,45.20399],[-106.62716,45.20372],[-106.62639,45.20345],[-106.62639,45.20318],[-106.62448,45.20318],[-106.62448,45.20291],[-106.6241,45.20291],[-106.6241,45.20264],[-106.62371,45.20264],[-106.62371,45.2021],[-106.62333,45.2021],[-106.62333,45.20183],[-106.62295,45.20183],[-106.62295,45.20156],[-106.62104,45.20156],[-106.62104,45.20129],[-106.62027,45.20102],[-106.62027,45.20076],[-106.62065,45.20076],[-106.62065,45.20049],[-106.6218,45.20049],[-106.6218,45.20076],[-106.62333,45.20076],[-106.62333,45.20022],[-106.62371,45.20022],[-106.62371,45.19968],[-106.62333,45.19968],[-106.62333,45.19887],[-106.62257,45.19887],[-106.62257,45.19833],[-106.6218,45.19833],[-106.6218,45.19806],[-106.62104,45.19779],[-106.62104,45.19725],[-106.61989,45.19725],[-106.61989,45.19752],[-106.61951,45.19752],[-106.61951,45.19725],[-106.61913,45.19725],[-106.61913,45.19698],[-106.61874,45.19698],[-106.61874,45.1959],[-106.61798,45.19617],[-106.61798,45.1959],[-106.6176,45.1959],[-106.6176,45.19563],[-106.61683,45.19563],[-106.61683,45.19617],[-106.61645,45.19617],[-106.61645,45.19671],[-106.61607,45.19671],[-106.61607,45.19698],[-106.61645,45.19698],[-106.61645,45.19779],[-106.61568,45.19779],[-106.61568,45.19806],[-106.6153,45.19806],[-106.6153,45.19779],[-106.61492,45.19779],[-106.61492,45.19698],[-106.6153,45.19698],[-106.6153,45.1959],[-106.61568,45.1959],[-106.61568,45.19563],[-106.6153,45.19563],[-106.6153,45.19537],[-106.61568,45.19537],[-106.61568,45.1951],[-106.6153,45.1951],[-106.6153,45.19456],[-106.61492,45.19456],[-106.61492,45.19402],[-106.61415,45.19402],[-106.61415,45.19375],[-106.61377,45.19375],[-106.61377,45.19402],[-106.61148,45.19375],[-106.61148,45.19402],[-106.61071,45.19402],[-106.61071,45.19429],[-106.6088,45.19429],[-106.6088,45.19402],[-106.60842,45.19402],[-106.60842,45.19348],[-106.60804,45.19348],[-106.60804,45.19294],[-106.60765,45.19294],[-106.60765,45.1924],[-106.60804,45.1924],[-106.60804,45.19213],[-106.60918,45.19213],[-106.60918,45.19267],[-106.60957,45.19267],[-106.60957,45.19213],[-106.60995,45.19213],[-106.60995,45.19159],[-106.61071,45.19132],[-106.61071,45.19078],[-106.60995,45.19051],[-106.60995,45.18998],[-106.61071,45.18998],[-106.61071,45.18971],[-106.6111,45.18971],[-106.6111,45.18917],[-106.60995,45.18917],[-106.60995,45.18944],[-106.60918,45.18944],[-106.60918,45.18971],[-106.60842,45.18944],[-106.60842,45.18863],[-106.6088,45.18863],[-106.6088,45.18809],[-106.60804,45.18782],[-106.60804,45.18755],[-106.60689,45.18755],[-106.60689,45.18647],[-106.60651,45.18647],[-106.60651,45.18486],[-106.60612,45.18486],[-106.60612,45.18459],[-106.60498,45.18459],[-106.60498,45.18486],[-106.60459,45.18486],[-106.60459,45.18512],[-106.60383,45.18512],[-106.60383,45.18566],[-106.60345,45.18566],[-106.60345,45.18593],[-106.60192,45.18593],[-106.60192,45.18459],[-106.6023,45.18459],[-106.6023,45.18405],[-106.60268,45.18405],[-106.60268,45.18351],[-106.60345,45.18351],[-106.60345,45.18324],[-106.60459,45.18324],[-106.60459,45.18351],[-106.60498,45.18351],[-106.60498,45.18378],[-106.60612,45.18378],[-106.60612,45.1827],[-106.60574,45.1827],[-106.60574,45.18243],[-106.60345,45.18243],[-106.60345,45.18216],[-106.60268,45.18216],[-106.60268,45.18189],[-106.6023,45.18189],[-106.6023,45.18],[-106.60689,45.18027],[-106.60689,45.18],[-106.60765,45.17973],[-106.60765,45.1792],[-106.60804,45.1792],[-106.60804,45.17839],[-106.60842,45.17839],[-106.60842,45.17812],[-106.60804,45.17812],[-106.60804,45.17785],[-106.60842,45.17785],[-106.60842,45.17758],[-106.60995,45.17758],[-106.60995,45.17785],[-106.61071,45.17812],[-106.61071,45.17839],[-106.61148,45.17866],[-106.61148,45.17893],[-106.61224,45.17893],[-106.61224,45.1792],[-106.61262,45.1792],[-106.61262,45.17893],[-106.61301,45.17893],[-106.61301,45.17758],[-106.61186,45.17758],[-106.61186,45.17731],[-106.61148,45.17731],[-106.61148,45.1765],[-106.61186,45.1765],[-106.61186,45.17623],[-106.61262,45.17596],[-106.61262,45.17542],[-106.61301,45.17542],[-106.61301,45.17515],[-106.61339,45.17515],[-106.61339,45.17488],[-106.61415,45.17488],[-106.61415,45.17461],[-106.6153,45.17461],[-106.6153,45.17434],[-106.61568,45.17434],[-106.61568,45.17408],[-106.61645,45.17408],[-106.61645,45.17354],[-106.61607,45.17354],[-106.61607,45.17273],[-106.61798,45.17273],[-106.61798,45.173],[-106.61874,45.173],[-106.61874,45.17327],[-106.61951,45.17327],[-106.61951,45.17354],[-106.62027,45.17381],[-106.62027,45.17408],[-106.62065,45.17408],[-106.62065,45.17515],[-106.62257,45.17515],[-106.62257,45.17542],[-106.62333,45.17542],[-106.62333,45.17569],[-106.62371,45.17569],[-106.62371,45.17596],[-106.6241,45.17596],[-106.6241,45.17623],[-106.62486,45.17596],[-106.62486,45.17515],[-106.62524,45.17515],[-106.62524,45.17488],[-106.62563,45.17488],[-106.62563,45.17461],[-106.62677,45.17461],[-106.62677,45.17434],[-106.62869,45.17434],[-106.62869,45.17408],[-106.62945,45.17408],[-106.62945,45.17381],[-106.6306,45.17381],[-106.6306,45.17354],[-106.63098,45.17354],[-106.63098,45.173],[-106.63289,45.173],[-106.63289,45.17354],[-106.63595,45.17354],[-106.63595,45.17327],[-106.63672,45.17327],[-106.63672,45.173],[-106.63824,45.173],[-106.63824,45.17408],[-106.63863,45.17408],[-106.63863,45.17434],[-106.64016,45.17434],[-106.64016,45.17408],[-106.64054,45.17408],[-106.64054,45.17434],[-106.64092,45.17434],[-106.64092,45.17461],[-106.6413,45.17461],[-106.6413,45.17596],[-106.64245,45.17596],[-106.64245,45.17623],[-106.64207,45.17623],[-106.64207,45.1765],[-106.64169,45.1765],[-106.64169,45.17677],[-106.6413,45.17677],[-106.6413,45.17704],[-106.64054,45.17731],[-106.64054,45.17812],[-106.64169,45.17812],[-106.64169,45.17785],[-106.64322,45.17785],[-106.64322,45.17812],[-106.64398,45.17812],[-106.64398,45.17839],[-106.64436,45.17839],[-106.64436,45.17866],[-106.64551,45.17866],[-106.64551,45.17947],[-106.64589,45.17947],[-106.64589,45.17973],[-106.6478,45.17973],[-106.6478,45.17947],[-106.64819,45.17947],[-106.64819,45.17973],[-106.64857,45.17973],[-106.64857,45.17947],[-106.65125,45.17947],[-106.65125,45.17973],[-106.65201,45.17973],[-106.65201,45.18027],[-106.65239,45.18027],[-106.65239,45.18108],[-106.65201,45.18108],[-106.65201,45.18243],[-106.65316,45.18243],[-106.65316,45.18216],[-106.65354,45.18216],[-106.65354,45.18189],[-106.65431,45.18162],[-106.65431,45.18135],[-106.65469,45.18135],[-106.65469,45.18189],[-106.65507,45.18189],[-106.65507,45.18243],[-106.65583,45.18243],[-106.65583,45.1827],[-106.65622,45.1827],[-106.65622,45.18351],[-106.6566,45.18351],[-106.6566,45.18405],[-106.65736,45.18405],[-106.65736,45.18432],[-106.6566,45.18432],[-106.6566,45.18486],[-106.65698,45.18486],[-106.65698,45.18566],[-106.65736,45.18566],[-106.65736,45.1862],[-106.65813,45.18647],[-106.65813,45.18755],[-106.65889,45.18782],[-106.65889,45.18836],[-106.66004,45.18836],[-106.66004,45.18863],[-106.66081,45.18863],[-106.66081,45.1889],[-106.66195,45.1889],[-106.66195,45.18917],[-106.66272,45.18917],[-106.66272,45.18998],[-106.66348,45.19024],[-106.66348,45.19051],[-106.66425,45.19051],[-106.66425,45.19105],[-106.6631,45.19105],[-106.6631,45.19078],[-106.66004,45.19078],[-106.66004,45.19051],[-106.65698,45.19051],[-106.65698,45.19078],[-106.6566,45.19078],[-106.6566,45.19159],[-106.65813,45.19159],[-106.65813,45.19213],[-106.65851,45.19213],[-106.65851,45.1924],[-106.65813,45.1924],[-106.65813,45.19267],[-106.65736,45.19294],[-106.65736,45.19375],[-106.6566,45.19402],[-106.6566,45.19456],[-106.65583,45.19456],[-106.65583,45.19483],[-106.65622,45.19483],[-106.65622,45.1951],[-106.65583,45.1951],[-106.65583,45.19537],[-106.65622,45.19537],[-106.65622,45.1959],[-106.6566,45.1959],[-106.6566,45.19644],[-106.65775,45.19644],[-106.65775,45.1959],[-106.65889,45.1959],[-106.65889,45.19617],[-106.65851,45.19617],[-106.65851,45.19671],[-106.65698,45.19671],[-106.65698,45.19833],[-106.6566,45.19833],[-106.6566,45.1986],[-106.65622,45.1986],[-106.65622,45.19887],[-106.65583,45.19887],[-106.65583,45.19914],[-106.65698,45.19914],[-106.65698,45.19941],[-106.65775,45.19941],[-106.65775,45.19968],[-106.65813,45.19968],[-106.65813,45.19995],[-106.65851,45.19995],[-106.65851,45.19968],[-106.65928,45.19968],[-106.65928,45.19941],[-106.66042,45.19941],[-106.66042,45.19995],[-106.66004,45.19995],[-106.66004,45.20049],[-106.65966,45.20049],[-106.65966,45.20076],[-106.65851,45.20076],[-106.65851,45.20102],[-106.65813,45.20102],[-106.65813,45.2021],[-106.65851,45.2021],[-106.65851,45.20318],[-106.65889,45.20318],[-106.65889,45.20372],[-106.65966,45.20372],[-106.65966,45.20345],[-106.66042,45.20318],[-106.66042,45.20291],[-106.66119,45.20264],[-106.66119,45.20183],[-106.66157,45.20183],[-106.66157,45.20156],[-106.66234,45.20129],[-106.66234,45.20102],[-106.6631,45.20102],[-106.6631,45.20129],[-106.66348,45.20129],[-106.66348,45.20156],[-106.6631,45.20156],[-106.6631,45.20237],[-106.66234,45.20264],[-106.66234,45.20318],[-106.66272,45.20318],[-106.66272,45.20399],[-106.66234,45.20399],[-106.66234,45.20426],[-106.66157,45.20426],[-106.66157,45.20453],[-106.66119,45.20453],[-106.66119,45.2048],[-106.66042,45.2048],[-106.66042,45.20507],[-106.65966,45.20534],[-106.65966,45.20561],[-106.65889,45.20588],[-106.65889,45.20641],[-106.65851,45.20641],[-106.65851,45.20668],[-106.65889,45.20668],[-106.65889,45.20695],[-106.65583,45.20695],[-106.65583,45.20803],[-106.65469,45.20803],[-106.65469,45.20749],[-106.65431,45.20749],[-106.65431,45.20857],[-106.65392,45.20857],[-106.65392,45.20884],[-106.65431,45.20884],[-106.65431,45.20911],[-106.65392,45.20911],[-106.65392,45.20938],[-106.65431,45.20938],[-106.65431,45.20965],[-106.65354,45.20965],[-106.65354,45.20992],[-106.65239,45.20992],[-106.65239,45.20965],[-106.65201,45.20965],[-106.65201,45.20992],[-106.65125,45.20992],[-106.65125,45.21046],[-106.65086,45.21046],[-106.65086,45.21019],[-106.64895,45.21019],[-106.64895,45.20992],[-106.64742,45.20992],[-106.64742,45.21019],[-106.64666,45.21046],[-106.64666,45.21073],[-106.64513,45.21073],[-106.64513,45.21127],[-106.64283,45.211],[-106.64283,45.21073],[-106.64245,45.21073],[-106.64245,45.20938],[-106.64169,45.20938],[-106.64169,45.20911],[-106.64207,45.20911],[-106.64207,45.20884],[-106.64245,45.20884],[-106.64245,45.20857],[-106.64398,45.20857],[-106.64398,45.2083],[-106.64436,45.2083],[-106.64436,45.20749],[-106.64398,45.20749],[-106.64398,45.20695],[-106.64245,45.20695],[-106.64245,45.20722],[-106.64207,45.20722],[-106.64207,45.20749],[-106.6413,45.20749],[-106.6413,45.20776],[-106.64092,45.20776],[-106.64092,45.20884],[-106.6413,45.20884],[-106.6413,45.20938],[-106.64054,45.20965],[-106.64054,45.20992],[-106.64092,45.20992],[-106.64092,45.21019],[-106.6413,45.21019],[-106.6413,45.21046],[-106.64169,45.21046],[-106.64169,45.21073],[-106.64207,45.21073],[-106.64207,45.21127],[-106.64169,45.21127],[-106.64169,45.21153],[-106.6413,45.21153],[-106.6413,45.2118],[-106.63939,45.2118],[-106.63939,45.21153],[-106.63863,45.21153],[-106.63863,45.211]],[[-106.64857,45.20722],[-106.64857,45.20695],[-106.6478,45.20695],[-106.6478,45.20668],[-106.64628,45.20668],[-106.64628,45.20722],[-106.64666,45.20722],[-106.64666,45.20857],[-106.64704,45.20857],[-106.64704,45.2083],[-106.6478,45.2083],[-106.6478,45.20722],[-106.64857,45.20722]],[[-106.65354,45.20668],[-106.65354,45.20722],[-106.65431,45.20722],[-106.65431,45.20695],[-106.65354,45.20668]],[[-106.64475,45.20668],[-106.64475,45.20641],[-106.6436,45.20641],[-106.6436,45.20668],[-106.64475,45.20668]],[[-106.63633,45.20615],[-106.63633,45.20588],[-106.63595,45.20588],[-106.63595,45.20615],[-106.63633,45.20615]],[[-106.63557,45.20615],[-106.63557,45.20588],[-106.63519,45.20588],[-106.63519,45.20615],[-106.63557,45.20615]],[[-106.65851,45.20453],[-106.65851,45.20426],[-106.65813,45.20426],[-106.65813,45.20399],[-106.65736,45.20399],[-106.65736,45.20426],[-106.65698,45.20426],[-106.65698,45.20453],[-106.65736,45.20453],[-106.65736,45.20534],[-106.65775,45.20534],[-106.65775,45.20561],[-106.65851,45.20561],[-106.65851,45.20507],[-106.65889,45.20507],[-106.65889,45.20453],[-106.65851,45.20453]],[[-106.62601,45.20183],[-106.62601,45.20237],[-106.62639,45.20237],[-106.62639,45.20156],[-106.62524,45.20156],[-106.62524,45.20183],[-106.62601,45.20183]],[[-106.62486,45.20183],[-106.62486,45.20156],[-106.62448,45.20156],[-106.62448,45.20183],[-106.62486,45.20183]],[[-106.64666,45.20076],[-106.64666,45.20049],[-106.64628,45.20049],[-106.64628,45.20076],[-106.64666,45.20076]],[[-106.65469,45.19914],[-106.65469,45.19887],[-106.65431,45.19887],[-106.65431,45.19914],[-106.65469,45.19914]],[[-106.65469,45.1986],[-106.65469,45.19833],[-106.65431,45.19833],[-106.65431,45.1986],[-106.65469,45.1986]],[[-106.65201,45.19348],[-106.65201,45.19294],[-106.65086,45.19294],[-106.65086,45.19348],[-106.65201,45.19348]],[[-106.61721,45.19078],[-106.61721,45.19051],[-106.61683,45.19051],[-106.61683,45.19078],[-106.61721,45.19078]],[[-106.61645,45.19078],[-106.61645,45.19051],[-106.61607,45.19051],[-106.61607,45.19078],[-106.61645,45.19078]],[[-106.61645,45.18998],[-106.61645,45.18971],[-106.61607,45.18971],[-106.61607,45.18998],[-106.61645,45.18998]],[[-106.64436,45.18539],[-106.64436,45.18512],[-106.64398,45.18512],[-106.64398,45.18539],[-106.64436,45.18539]],[[-106.6436,45.18539],[-106.6436,45.18512],[-106.64322,45.18512],[-106.64322,45.18539],[-106.6436,45.18539]],[[-106.63595,45.18135],[-106.63595,45.18108],[-106.63557,45.18108],[-106.63557,45.18135],[-106.63595,45.18135]],[[-106.6348,45.18135],[-106.6348,45.18108],[-106.63442,45.18108],[-106.63442,45.18135],[-106.6348,45.18135]],[[-106.6218,45.18108],[-106.6218,45.18081],[-106.62142,45.18081],[-106.62142,45.18108],[-106.6218,45.18108]],[[-106.6218,45.18054],[-106.6218,45.18027],[-106.62142,45.18027],[-106.62142,45.18054],[-106.6218,45.18054]],[[-106.62257,45.18027],[-106.62257,45.18],[-106.62218,45.18],[-106.62218,45.18027],[-106.62257,45.18027]],[[-106.62524,45.17973],[-106.62524,45.17947],[-106.62486,45.17947],[-106.62486,45.17973],[-106.62524,45.17973]],[[-106.62869,45.17866],[-106.62869,45.17839],[-106.6283,45.17839],[-106.6283,45.17866],[-106.62869,45.17866]],[[-106.6371,45.17542],[-106.6371,45.17461],[-106.63672,45.17461],[-106.63672,45.17434],[-106.63633,45.17434],[-106.63633,45.17408],[-106.63519,45.17408],[-106.63519,45.17596],[-106.63557,45.17596],[-106.63557,45.1765],[-106.63633,45.1765],[-106.63633,45.17623],[-106.63672,45.17623],[-106.63672,45.17542],[-106.6371,45.17542]]],[[[-106.62448,45.20641],[-106.6241,45.20641],[-106.6241,45.20588],[-106.62371,45.20588],[-106.62371,45.20507],[-106.62333,45.20507],[-106.62333,45.20372],[-106.62371,45.20372],[-106.62371,45.20345],[-106.62448,45.20372],[-106.62448,45.20426],[-106.62524,45.20453],[-106.62524,45.20507],[-106.62563,45.20507],[-106.62563,45.20615],[-106.62601,45.20615],[-106.62601,45.20695],[-106.62524,45.20695],[-106.62524,45.20668],[-106.62448,45.20668],[-106.62448,45.20641]]],[[[-106.61989,45.20561],[-106.61951,45.20561],[-106.61951,45.20588],[-106.61913,45.20588],[-106.61913,45.20534],[-106.61989,45.20534],[-106.61989,45.20561]]],[[[-106.6413,45.21342],[-106.64016,45.21342],[-106.64016,45.21315],[-106.6413,45.21315],[-106.6413,45.21342]]]]},"properties":{"layer":"predicted_reach_h15","fire_name":"Harris","irwin_id":"{1CF9F8F2-53E7-46E0-8744-2CE5FCCB2D74}","model":"arrival_run","checkpoint_epoch":216,"decode":"connected_causal","operating_point":{"floor":0.0,"mult":0.9},"val_precision":null,"val_recall":null,"model_caveat":"arrival_run chosen for best RECALL among the six FlameFlux v3 candidates on the production-valid t0-window corpus (R=0.624 on the fc2 held-out fires, R=0.432 on Dillon -- see candidate_comparison.md from the 2026-07-24 comparison). It does NOT meet the project's P>=0.50/R>=0.80 target: precision is the WORST of the six (P=0.120 on fc2 -- most flagged growth is wrong), and wind_run actually edges it on F1. IMPORTANT CAVEAT: arrival_run trained on the leaky 'observed' corpus (crop centered/sized on t0|t1, i.e. it saw the future perimeter's geometry during training) and has NEVER seen a t0-window crop -- the ONLY geometry this live pipeline can ever produce at forecast time (the future perimeter is, by definition, unknown). So every live prediction from this model is out-of-distribution relative to its own training. The measured t0-window numbers above already reflect that (they are not a surprise), but this is 'best available', not 'production-ready' -- represent it that way. The operating_point (floor=0.0, mult=0.9) is the VAL-selected connected-causal decode point; it did NOT clear the 0.50 precision floor during selection (feasible=False, val P=0.270/R=0.259) -- it's the best-F1 fallback point, not a precision-guaranteed one.","issued_at_utc":"2026-08-10 14:30:50.037077+00:00","valid_from_utc":"2026-08-10 00:00:00","valid_to_utc":"2026-08-11 00:00:00","wfigs_date_current_utc":"2026-08-10 14:00:26.469000+00:00","pixel_size_m":30,"veg_source":"refreshed_d4","physics_source":"eikonal_fbfm40","history_n_dates":1,"degraded_history":true,"containment_pct":10,"acres_wfigs":924.3420700993352,"hour":15,"valid_at_utc":"2026-08-10 15:00:00"}},{"type":"Feature","geometry":{"type":"MultiPolygon","coordinates":[[[[-106.65928,45.18432],[-106.65928,45.18405],[-106.66042,45.18405],[-106.66042,45.18378],[-106.66195,45.18378],[-106.66195,45.18512],[-106.66119,45.18512],[-106.66119,45.18539],[-106.65889,45.18539],[-106.65889,45.18432],[-106.65928,45.18432]]],[[[-106.66119,45.18782],[-106.66081,45.18782],[-106.66081,45.18755],[-106.66119,45.18755],[-106.66119,45.18728],[-106.66234,45.18728],[-106.66234,45.18809],[-106.66195,45.18809],[-106.66195,45.18836],[-106.66157,45.18836],[-106.66157,45.18809],[-106.66119,45.18809],[-106.66119,45.18782]]],[[[-106.66463,45.19833],[-106.66425,45.19833],[-106.66425,45.1986],[-106.66386,45.1986],[-106.66386,45.19806],[-106.66463,45.19806],[-106.66463,45.19833]]],[[[-106.66157,45.19968],[-106.66234,45.19968],[-106.66234,45.19941],[-106.66272,45.19941],[-106.66272,45.20049],[-106.66234,45.20049],[-106.66234,45.19995],[-106.66157,45.19995],[-106.66157,45.19968]]],[[[-106.66578,45.20318],[-106.66501,45.20318],[-106.66501,45.20264],[-106.66578,45.20264],[-106.66578,45.20318]]],[[[-106.66463,45.20507],[-106.66501,45.20507],[-106.66501,45.20534],[-106.66463,45.20534],[-106.66463,45.20561],[-106.66386,45.20561],[-106.66386,45.2048],[-106.66463,45.2048],[-106.66463,45.20507]]],[[[-106.6436,45.21531],[-106.64207,45.21531],[-106.64207,45.21477],[-106.6436,45.21477],[-106.6436,45.21531]]],[[[-106.63595,45.17165],[-106.63595,45.17219],[-106.63519,45.17219],[-106.63519,45.17165],[-106.63595,45.17165]]],[[[-106.61568,45.17246],[-106.6153,45.17246],[-106.6153,45.17219],[-106.61568,45.17219],[-106.61568,45.17246]]],[[[-106.65928,45.19159],[-106.65928,45.19213],[-106.65966,45.19213],[-106.65966,45.19321],[-106.66004,45.19321],[-106.66004,45.19348],[-106.65966,45.19348],[-106.65966,45.19429],[-106.66004,45.19429],[-106.66004,45.19537],[-106.65966,45.19537],[-106.65966,45.19617],[-106.65928,45.19617],[-106.65928,45.19671],[-106.65966,45.19671],[-106.65966,45.19698],[-106.66042,45.19725],[-106.66042,45.19914],[-106.66081,45.19914],[-106.66081,45.19995],[-106.66004,45.19995],[-106.66004,45.20076],[-106.65966,45.20076],[-106.65966,45.20156],[-106.65851,45.20156],[-106.65851,45.20183],[-106.65889,45.20183],[-106.65889,45.20318],[-106.66004,45.20318],[-106.66004,45.20264],[-106.66081,45.20264],[-106.66081,45.20156],[-106.66157,45.20156],[-106.66157,45.20129],[-106.66234,45.20102],[-106.66234,45.20076],[-106.66348,45.20076],[-106.66348,45.20237],[-106.66272,45.20264],[-106.66272,45.20345],[-106.66348,45.20345],[-106.66348,45.20399],[-106.66386,45.20399],[-106.66386,45.20426],[-106.66234,45.20426],[-106.66234,45.20453],[-106.66157,45.20453],[-106.66157,45.2048],[-106.66081,45.20507],[-106.66081,45.20534],[-106.66042,45.20534],[-106.66042,45.20561],[-106.65966,45.20588],[-106.65966,45.20776],[-106.65889,45.20776],[-106.65889,45.20749],[-106.65622,45.20749],[-106.65622,45.20803],[-106.65583,45.20803],[-106.65583,45.20857],[-106.65545,45.20857],[-106.65545,45.20884],[-106.65736,45.20884],[-106.65736,45.20992],[-106.6566,45.21019],[-106.6566,45.21073],[-106.65545,45.21073],[-106.65545,45.21046],[-106.65507,45.21046],[-106.65507,45.21019],[-106.65239,45.21019],[-106.65239,45.20992],[-106.65163,45.21019],[-106.65163,45.21073],[-106.65048,45.21073],[-106.65048,45.21046],[-106.64972,45.21019],[-106.64972,45.211],[-106.65048,45.211],[-106.65048,45.21127],[-106.65125,45.21127],[-106.65125,45.21153],[-106.65163,45.21153],[-106.65163,45.2118],[-106.65125,45.2118],[-106.65125,45.21234],[-106.65048,45.21261],[-106.65048,45.21288],[-106.64972,45.21288],[-106.64972,45.21315],[-106.64857,45.21315],[-106.64857,45.21288],[-106.64819,45.21288],[-106.64819,45.21261],[-106.6478,45.21261],[-106.6478,45.21234],[-106.64819,45.21234],[-106.64819,45.21207],[-106.6478,45.21207],[-106.6478,45.2118],[-106.64666,45.2118],[-106.64666,45.21234],[-106.64589,45.21261],[-106.64589,45.21234],[-106.64513,45.21234],[-106.64513,45.2118],[-106.64475,45.2118],[-106.64475,45.21153],[-106.64436,45.21153],[-106.64436,45.21127],[-106.64283,45.21127],[-106.64283,45.211],[-106.64207,45.211],[-106.64207,45.21153],[-106.64169,45.21153],[-106.64169,45.2118],[-106.63939,45.21207],[-106.63939,45.2118],[-106.63901,45.2118],[-106.63901,45.21153],[-106.63863,45.21153],[-106.63863,45.20992],[-106.63633,45.21019],[-106.63633,45.20992],[-106.63557,45.20992],[-106.63557,45.20965],[-106.63519,45.20965],[-106.63519,45.20938],[-106.6348,45.20938],[-106.6348,45.20965],[-106.63327,45.20965],[-106.63327,45.20938],[-106.63251,45.20938],[-106.63251,45.20911],[-106.63174,45.20884],[-106.63174,45.20857],[-106.63213,45.20857],[-106.63213,45.20776],[-106.63174,45.20776],[-106.63174,45.20695],[-106.63136,45.20695],[-106.63136,45.20641],[-106.63098,45.20641],[-106.63098,45.20588],[-106.6306,45.20588],[-106.6306,45.20561],[-106.62869,45.20561],[-106.62869,45.20534],[-106.62792,45.20507],[-106.62792,45.20453],[-106.62639,45.20426],[-106.62639,45.20372],[-106.62563,45.20372],[-106.62563,45.20345],[-106.62524,45.20345],[-106.62524,45.20372],[-106.62486,45.20372],[-106.62486,45.20399],[-106.62524,45.20399],[-106.62524,45.20453],[-106.62563,45.20453],[-106.62563,45.20534],[-106.62601,45.20534],[-106.62601,45.20641],[-106.62639,45.20641],[-106.62639,45.20695],[-106.62563,45.20722],[-106.62563,45.20695],[-106.62486,45.20695],[-106.62486,45.20668],[-106.62295,45.20668],[-106.62295,45.20641],[-106.62218,45.20641],[-106.62218,45.20615],[-106.6218,45.20615],[-106.6218,45.20561],[-106.62295,45.20561],[-106.62295,45.20588],[-106.62333,45.20588],[-106.62333,45.20507],[-106.62295,45.20507],[-106.62295,45.20426],[-106.62257,45.20426],[-106.62257,45.20399],[-106.62295,45.20399],[-106.62295,45.20345],[-106.62333,45.20345],[-106.62333,45.20264],[-106.62218,45.20264],[-106.62218,45.20318],[-106.62142,45.20318],[-106.62142,45.20237],[-106.6218,45.20237],[-106.6218,45.2021],[-106.62104,45.2021],[-106.62104,45.20156],[-106.62027,45.20156],[-106.62027,45.20129],[-106.61951,45.20102],[-106.61951,45.20049],[-106.61989,45.20049],[-106.61989,45.20022],[-106.62104,45.20022],[-106.62104,45.19968],[-106.62027,45.19968],[-106.62027,45.19887],[-106.61989,45.19887],[-106.61989,45.1986],[-106.61913,45.19833],[-106.61913,45.19806],[-106.61874,45.19806],[-106.61874,45.19752],[-106.61836,45.19752],[-106.61836,45.19725],[-106.61683,45.19725],[-106.61683,45.19779],[-106.61645,45.19779],[-106.61645,45.19833],[-106.61492,45.19833],[-106.61492,45.19779],[-106.61454,45.19779],[-106.61454,45.1959],[-106.61492,45.1959],[-106.61492,45.1951],[-106.61454,45.1951],[-106.61454,45.19456],[-106.61301,45.19456],[-106.61301,45.19429],[-106.61262,45.19429],[-106.61262,45.19402],[-106.61148,45.19402],[-106.61148,45.19429],[-106.61071,45.19429],[-106.61071,45.19456],[-106.60918,45.19456],[-106.60918,45.19429],[-106.60842,45.19429],[-106.60842,45.19402],[-106.60804,45.19402],[-106.60804,45.19348],[-106.60727,45.19321],[-106.60727,45.19213],[-106.60804,45.19213],[-106.60804,45.19186],[-106.6088,45.19186],[-106.6088,45.19159],[-106.60957,45.19159],[-106.60957,45.19132],[-106.60995,45.19132],[-106.60995,45.19078],[-106.60918,45.19051],[-106.60918,45.18998],[-106.6088,45.18998],[-106.6088,45.18971],[-106.60804,45.18971],[-106.60804,45.18863],[-106.60842,45.18863],[-106.60842,45.18809],[-106.60765,45.18809],[-106.60765,45.18782],[-106.60651,45.18782],[-106.60651,45.18647],[-106.60574,45.1862],[-106.60574,45.18593],[-106.60612,45.18593],[-106.60612,45.18512],[-106.60574,45.18512],[-106.60574,45.18486],[-106.60536,45.18486],[-106.60536,45.18512],[-106.60459,45.18512],[-106.60459,45.18539],[-106.60421,45.18539],[-106.60421,45.18566],[-106.60345,45.18593],[-106.60345,45.1862],[-106.60268,45.1862],[-106.60268,45.18647],[-106.6023,45.18647],[-106.6023,45.1862],[-106.60192,45.1862],[-106.60192,45.18593],[-106.60154,45.18593],[-106.60154,45.18486],[-106.60192,45.18486],[-106.60192,45.18378],[-106.6023,45.18378],[-106.6023,45.18351],[-106.60268,45.18351],[-106.60268,45.18324],[-106.60421,45.18297],[-106.60421,45.18324],[-106.60574,45.18351],[-106.60574,45.1827],[-106.60383,45.1827],[-106.60383,45.18243],[-106.60307,45.18243],[-106.60307,45.18216],[-106.6023,45.18189],[-106.6023,45.18162],[-106.60192,45.18162],[-106.60192,45.18],[-106.6023,45.18],[-106.6023,45.17973],[-106.60421,45.17973],[-106.60421,45.18],[-106.60689,45.18],[-106.60689,45.17973],[-106.60765,45.17947],[-106.60765,45.17893],[-106.60804,45.17893],[-106.60804,45.17758],[-106.60842,45.17758],[-106.60842,45.17731],[-106.60957,45.17731],[-106.60957,45.17758],[-106.60995,45.17758],[-106.60995,45.17785],[-106.61071,45.17785],[-106.61071,45.17812],[-106.61148,45.17839],[-106.61148,45.17866],[-106.61262,45.17866],[-106.61262,45.17839],[-106.61301,45.17839],[-106.61301,45.17812],[-106.61148,45.17758],[-106.61148,45.17704],[-106.6111,45.17704],[-106.6111,45.1765],[-106.61148,45.1765],[-106.61148,45.17623],[-106.61186,45.17623],[-106.61186,45.17596],[-106.61262,45.17569],[-106.61262,45.17515],[-106.61301,45.17515],[-106.61301,45.17488],[-106.61454,45.17461],[-106.61454,45.17434],[-106.6153,45.17434],[-106.6153,45.17408],[-106.61607,45.17381],[-106.61607,45.17327],[-106.61568,45.17327],[-106.61568,45.17246],[-106.6176,45.17246],[-106.6176,45.17273],[-106.61913,45.173],[-106.61913,45.17327],[-106.61951,45.17327],[-106.61951,45.173],[-106.62027,45.17327],[-106.62027,45.173],[-106.62065,45.173],[-106.62065,45.17273],[-106.62218,45.17273],[-106.62218,45.17246],[-106.62295,45.17246],[-106.62295,45.17219],[-106.62486,45.17219],[-106.62486,45.17192],[-106.62601,45.17192],[-106.62601,45.17273],[-106.62371,45.17273],[-106.62371,45.173],[-106.62295,45.173],[-106.62295,45.17327],[-106.62257,45.17327],[-106.62257,45.17354],[-106.62295,45.17354],[-106.62295,45.17488],[-106.6241,45.17488],[-106.6241,45.17461],[-106.62371,45.17461],[-106.62371,45.17434],[-106.62677,45.17434],[-106.62677,45.17408],[-106.62869,45.17408],[-106.62869,45.17381],[-106.63021,45.17354],[-106.63021,45.17327],[-106.63098,45.173],[-106.63098,45.17246],[-106.63136,45.17246],[-106.63136,45.17273],[-106.63289,45.17273],[-106.63289,45.173],[-106.63327,45.173],[-106.63327,45.17273],[-106.63404,45.17273],[-106.63404,45.173],[-106.63519,45.173],[-106.63519,45.17327],[-106.63557,45.17327],[-106.63557,45.173],[-106.63672,45.173],[-106.63672,45.17273],[-106.63824,45.17273],[-106.63824,45.173],[-106.63863,45.173],[-106.63863,45.17408],[-106.63901,45.17408],[-106.63901,45.17434],[-106.63939,45.17434],[-106.63939,45.17408],[-106.64016,45.17408],[-106.64016,45.17354],[-106.64054,45.17354],[-106.64054,45.17381],[-106.6413,45.17408],[-106.6413,45.17434],[-106.6436,45.17434],[-106.6436,45.17461],[-106.64398,45.17461],[-106.64398,45.17515],[-106.6436,45.17515],[-106.6436,45.17542],[-106.64398,45.17542],[-106.64398,45.17569],[-106.6436,45.17569],[-106.6436,45.1765],[-106.64283,45.17677],[-106.64283,45.17758],[-106.6436,45.17758],[-106.6436,45.17785],[-106.64398,45.17785],[-106.64398,45.17812],[-106.64475,45.17812],[-106.64475,45.17839],[-106.64589,45.17839],[-106.64589,45.17866],[-106.64666,45.17839],[-106.64666,45.17893],[-106.64628,45.17893],[-106.64628,45.17947],[-106.6478,45.17947],[-106.6478,45.1792],[-106.64857,45.1792],[-106.64857,45.17893],[-106.64895,45.17893],[-106.64895,45.17866],[-106.64972,45.17866],[-106.64972,45.17893],[-106.6501,45.17893],[-106.6501,45.1792],[-106.65125,45.1792],[-106.65125,45.17947],[-106.65201,45.17947],[-106.65201,45.17973],[-106.65278,45.18],[-106.65278,45.18027],[-106.65316,45.18027],[-106.65316,45.18054],[-106.65278,45.18054],[-106.65278,45.18108],[-106.65239,45.18108],[-106.65239,45.18189],[-106.65316,45.18189],[-106.65316,45.18135],[-106.65392,45.18135],[-106.65392,45.18108],[-106.65507,45.18108],[-106.65507,45.17947],[-106.65583,45.17947],[-106.65583,45.17973],[-106.65698,45.17973],[-106.65698,45.18],[-106.65775,45.18],[-106.65775,45.18054],[-106.65851,45.18081],[-106.65851,45.18108],[-106.66004,45.18108],[-106.66004,45.18081],[-106.66081,45.18081],[-106.66081,45.18054],[-106.66119,45.18054],[-106.66119,45.18135],[-106.66157,45.18135],[-106.66157,45.18162],[-106.66004,45.18162],[-106.66004,45.18189],[-106.65966,45.18189],[-106.65966,45.18243],[-106.65928,45.18243],[-106.65928,45.1827],[-106.65889,45.1827],[-106.65889,45.18297],[-106.65775,45.18297],[-106.65775,45.1827],[-106.65698,45.1827],[-106.65698,45.18216],[-106.6566,45.18216],[-106.6566,45.18189],[-106.65583,45.18189],[-106.65583,45.18243],[-106.6566,45.18243],[-106.6566,45.18297],[-106.65698,45.18297],[-106.65698,45.18351],[-106.65736,45.18351],[-106.65736,45.18593],[-106.65813,45.1862],[-106.65813,45.18674],[-106.65851,45.18674],[-106.65851,45.18728],[-106.65889,45.18728],[-106.65889,45.18782],[-106.65966,45.18809],[-106.65966,45.18836],[-106.66081,45.18836],[-106.66081,45.18863],[-106.66234,45.18863],[-106.66234,45.1889],[-106.66272,45.1889],[-106.66272,45.18944],[-106.6631,45.18944],[-106.6631,45.18998],[-106.66348,45.18998],[-106.66348,45.19024],[-106.66425,45.19024],[-106.66425,45.19051],[-106.66501,45.19078],[-106.66501,45.19132],[-106.66348,45.19132],[-106.66348,45.19105],[-106.66042,45.19105],[-106.66042,45.19078],[-106.65889,45.19078],[-106.65889,45.19105],[-106.65851,45.19105],[-106.65851,45.19132],[-106.65928,45.19159]],[[-106.65851,45.19078],[-106.65813,45.19078],[-106.65813,45.19105],[-106.65851,45.19105],[-106.65851,45.19078]],[[-106.64704,45.21153],[-106.64704,45.21127],[-106.64589,45.21127],[-106.64589,45.21153],[-106.64704,45.21153]],[[-106.64207,45.20749],[-106.64207,45.20776],[-106.6413,45.20803],[-106.6413,45.2083],[-106.64322,45.2083],[-106.64322,45.20803],[-106.6436,45.20803],[-106.6436,45.20749],[-106.64207,45.20749]],[[-106.65813,45.20507],[-106.65813,45.20426],[-106.65775,45.20426],[-106.65775,45.20507],[-106.65813,45.20507]],[[-106.64666,45.20076],[-106.64666,45.20049],[-106.64628,45.20049],[-106.64628,45.20076],[-106.64666,45.20076]],[[-106.65775,45.19914],[-106.65775,45.19887],[-106.65736,45.19887],[-106.65736,45.19914],[-106.65775,45.19914]],[[-106.65775,45.19779],[-106.65775,45.19806],[-106.65851,45.19806],[-106.65851,45.19725],[-106.65736,45.19725],[-106.65736,45.19779],[-106.65775,45.19779]],[[-106.61721,45.19078],[-106.61721,45.19051],[-106.61683,45.19051],[-106.61683,45.19078],[-106.61721,45.19078]],[[-106.61645,45.19078],[-106.61645,45.19051],[-106.61607,45.19051],[-106.61607,45.19078],[-106.61645,45.19078]],[[-106.61645,45.18998],[-106.61645,45.18971],[-106.61607,45.18971],[-106.61607,45.18998],[-106.61645,45.18998]],[[-106.64436,45.18539],[-106.64436,45.18512],[-106.64398,45.18512],[-106.64398,45.18539],[-106.64436,45.18539]],[[-106.6436,45.18539],[-106.6436,45.18512],[-106.64322,45.18512],[-106.64322,45.18539],[-106.6436,45.18539]],[[-106.63595,45.18135],[-106.63595,45.18108],[-106.63557,45.18108],[-106.63557,45.18135],[-106.63595,45.18135]],[[-106.6348,45.18135],[-106.6348,45.18108],[-106.63442,45.18108],[-106.63442,45.18135],[-106.6348,45.18135]],[[-106.6218,45.18108],[-106.6218,45.18081],[-106.62142,45.18081],[-106.62142,45.18108],[-106.6218,45.18108]],[[-106.6218,45.18054],[-106.6218,45.18027],[-106.62142,45.18027],[-106.62142,45.18054],[-106.6218,45.18054]],[[-106.62257,45.18027],[-106.62257,45.18],[-106.62218,45.18],[-106.62218,45.18027],[-106.62257,45.18027]],[[-106.62524,45.17973],[-106.62524,45.17947],[-106.62486,45.17947],[-106.62486,45.17973],[-106.62524,45.17973]],[[-106.62869,45.17866],[-106.62869,45.17839],[-106.6283,45.17839],[-106.6283,45.17866],[-106.62869,45.17866]],[[-106.64092,45.17758],[-106.64054,45.17758],[-106.64054,45.17785],[-106.64092,45.17785],[-106.64092,45.17758]],[[-106.64207,45.17758],[-106.64207,45.17704],[-106.64245,45.17704],[-106.64245,45.17677],[-106.6413,45.17677],[-106.6413,45.17704],[-106.64092,45.17704],[-106.64092,45.17758],[-106.64207,45.17758]],[[-106.63633,45.17542],[-106.63633,45.17461],[-106.63557,45.17461],[-106.63557,45.17542],[-106.63633,45.17542]]],[[[-106.6111,45.19617],[-106.61224,45.19617],[-106.61224,45.19644],[-106.61262,45.19644],[-106.61262,45.19671],[-106.61148,45.19671],[-106.61148,45.19644],[-106.6111,45.19644],[-106.6111,45.19617]]],[[[-106.61913,45.20507],[-106.61989,45.20507],[-106.61989,45.20534],[-106.62065,45.20534],[-106.62065,45.20561],[-106.62027,45.20561],[-106.62027,45.20588],[-106.61874,45.20588],[-106.61874,45.20534],[-106.61913,45.20534],[-106.61913,45.20507]]],[[[-106.64092,45.21288],[-106.64016,45.21288],[-106.64016,45.21315],[-106.63977,45.21315],[-106.63977,45.21261],[-106.64092,45.21261],[-106.64092,45.21288]]],[[[-106.64054,45.21342],[-106.64016,45.21342],[-106.64016,45.21315],[-106.64169,45.21315],[-106.64169,45.21369],[-106.64054,45.21369],[-106.64054,45.21342]]]]},"properties":{"layer":"predicted_reach_h16","fire_name":"Harris","irwin_id":"{1CF9F8F2-53E7-46E0-8744-2CE5FCCB2D74}","model":"arrival_run","checkpoint_epoch":216,"decode":"connected_causal","operating_point":{"floor":0.0,"mult":0.9},"val_precision":null,"val_recall":null,"model_caveat":"arrival_run chosen for best RECALL among the six FlameFlux v3 candidates on the production-valid t0-window corpus (R=0.624 on the fc2 held-out fires, R=0.432 on Dillon -- see candidate_comparison.md from the 2026-07-24 comparison). It does NOT meet the project's P>=0.50/R>=0.80 target: precision is the WORST of the six (P=0.120 on fc2 -- most flagged growth is wrong), and wind_run actually edges it on F1. IMPORTANT CAVEAT: arrival_run trained on the leaky 'observed' corpus (crop centered/sized on t0|t1, i.e. it saw the future perimeter's geometry during training) and has NEVER seen a t0-window crop -- the ONLY geometry this live pipeline can ever produce at forecast time (the future perimeter is, by definition, unknown). So every live prediction from this model is out-of-distribution relative to its own training. The measured t0-window numbers above already reflect that (they are not a surprise), but this is 'best available', not 'production-ready' -- represent it that way. The operating_point (floor=0.0, mult=0.9) is the VAL-selected connected-causal decode point; it did NOT clear the 0.50 precision floor during selection (feasible=False, val P=0.270/R=0.259) -- it's the best-F1 fallback point, not a precision-guaranteed one.","issued_at_utc":"2026-08-10 14:30:50.037077+00:00","valid_from_utc":"2026-08-10 00:00:00","valid_to_utc":"2026-08-11 00:00:00","wfigs_date_current_utc":"2026-08-10 14:00:26.469000+00:00","pixel_size_m":30,"veg_source":"refreshed_d4","physics_source":"eikonal_fbfm40","history_n_dates":1,"degraded_history":true,"containment_pct":10,"acres_wfigs":924.3420700993352,"hour":16,"valid_at_utc":"2026-08-10 16:00:00"}},{"type":"Feature","geometry":{"type":"MultiPolygon","coordinates":[[[[-106.64322,45.17111],[-106.64398,45.17084],[-106.64398,45.17165],[-106.64322,45.17165],[-106.64322,45.17111]]],[[[-106.60536,45.17812],[-106.60536,45.17839],[-106.60498,45.17839],[-106.60498,45.17812],[-106.60536,45.17812]]],[[[-106.65889,45.18432],[-106.65889,45.18405],[-106.65928,45.18405],[-106.65928,45.18378],[-106.66081,45.18378],[-106.66081,45.18351],[-106.66195,45.18351],[-106.66195,45.18378],[-106.66234,45.18378],[-106.66234,45.18486],[-106.66195,45.18486],[-106.66195,45.18512],[-106.66157,45.18512],[-106.66157,45.18539],[-106.66081,45.18539],[-106.66081,45.18566],[-106.65851,45.18566],[-106.65851,45.18432],[-106.65889,45.18432]]],[[[-106.64092,45.21369],[-106.64016,45.21369],[-106.64016,45.21342],[-106.63939,45.21315],[-106.63939,45.21207],[-106.63863,45.2118],[-106.63863,45.21153],[-106.63824,45.21153],[-106.63824,45.21046],[-106.63863,45.21046],[-106.63863,45.21019],[-106.63633,45.21046],[-106.63633,45.21019],[-106.63557,45.21019],[-106.63557,45.20965],[-106.63519,45.20965],[-106.63519,45.20992],[-106.63327,45.20992],[-106.63327,45.20965],[-106.63213,45.20965],[-106.63213,45.20938],[-106.63136,45.20911],[-106.63136,45.2083],[-106.63174,45.2083],[-106.63174,45.20803],[-106.63136,45.20803],[-106.63136,45.20749],[-106.63098,45.20749],[-106.63098,45.20695],[-106.6306,45.20695],[-106.6306,45.20641],[-106.62983,45.20641],[-106.62983,45.20615],[-106.63021,45.20615],[-106.63021,45.20588],[-106.62869,45.20588],[-106.62869,45.20561],[-106.6283,45.20561],[-106.6283,45.20534],[-106.62754,45.20507],[-106.62754,45.2048],[-106.62601,45.2048],[-106.62601,45.20507],[-106.62639,45.20507],[-106.62639,45.20534],[-106.62601,45.20534],[-106.62601,45.20561],[-106.62639,45.20561],[-106.62639,45.20722],[-106.62333,45.20695],[-106.62333,45.20668],[-106.6218,45.20641],[-106.6218,45.20588],[-106.61989,45.20588],[-106.61989,45.20615],[-106.61874,45.20615],[-106.61874,45.20588],[-106.61836,45.20588],[-106.61836,45.20534],[-106.61874,45.20534],[-106.61874,45.20507],[-106.61951,45.20507],[-106.61951,45.2048],[-106.61989,45.2048],[-106.61989,45.20507],[-106.62065,45.20507],[-106.62065,45.20534],[-106.62142,45.20534],[-106.62142,45.20507],[-106.62257,45.20507],[-106.62257,45.20426],[-106.62218,45.20426],[-106.62218,45.20399],[-106.6218,45.20399],[-106.6218,45.20372],[-106.62142,45.20372],[-106.62142,45.20345],[-106.62104,45.20345],[-106.62104,45.20318],[-106.62065,45.20318],[-106.62065,45.20264],[-106.62027,45.20264],[-106.62027,45.2021],[-106.61989,45.2021],[-106.61989,45.20156],[-106.61913,45.20156],[-106.61913,45.20129],[-106.61874,45.20129],[-106.61874,45.20022],[-106.61951,45.20022],[-106.61951,45.19887],[-106.61874,45.1986],[-106.61874,45.19833],[-106.61798,45.19806],[-106.61798,45.19779],[-106.6176,45.19779],[-106.6176,45.19806],[-106.61683,45.19833],[-106.61683,45.19914],[-106.61607,45.19914],[-106.61607,45.19941],[-106.61568,45.19941],[-106.61568,45.19914],[-106.61492,45.19887],[-106.61492,45.19833],[-106.61454,45.19833],[-106.61454,45.19779],[-106.61415,45.19779],[-106.61415,45.19725],[-106.61377,45.19725],[-106.61377,45.19698],[-106.61071,45.19698],[-106.61071,45.19671],[-106.61033,45.19671],[-106.61033,45.19563],[-106.61071,45.19563],[-106.61071,45.19537],[-106.61186,45.19537],[-106.61186,45.19483],[-106.61224,45.19483],[-106.61224,45.19456],[-106.61186,45.19456],[-106.61186,45.19429],[-106.61148,45.19429],[-106.61148,45.19456],[-106.61071,45.19456],[-106.61071,45.19483],[-106.6088,45.19483],[-106.6088,45.19456],[-106.60727,45.19456],[-106.60727,45.19429],[-106.60689,45.19429],[-106.60689,45.19402],[-106.60651,45.19402],[-106.60651,45.19375],[-106.60689,45.19375],[-106.60689,45.19294],[-106.60651,45.19294],[-106.60651,45.19267],[-106.60689,45.19267],[-106.60689,45.19213],[-106.60727,45.19213],[-106.60727,45.19186],[-106.60765,45.19186],[-106.60765,45.19159],[-106.60842,45.19159],[-106.60842,45.19078],[-106.60804,45.19078],[-106.60804,45.19024],[-106.60765,45.19024],[-106.60765,45.1889],[-106.60804,45.1889],[-106.60804,45.18863],[-106.60765,45.18863],[-106.60765,45.18836],[-106.60727,45.18836],[-106.60727,45.18809],[-106.60612,45.18809],[-106.60612,45.18674],[-106.60574,45.18674],[-106.60574,45.18593],[-106.60536,45.18593],[-106.60536,45.18566],[-106.60459,45.18566],[-106.60459,45.18593],[-106.60421,45.18593],[-106.60421,45.1862],[-106.60345,45.1862],[-106.60345,45.18647],[-106.60307,45.18647],[-106.60307,45.18674],[-106.60192,45.18674],[-106.60192,45.18647],[-106.60154,45.18647],[-106.60154,45.18432],[-106.60192,45.18432],[-106.60192,45.18378],[-106.60154,45.18378],[-106.60154,45.18351],[-106.60307,45.18297],[-106.60307,45.18243],[-106.60268,45.18243],[-106.60268,45.18216],[-106.60192,45.18189],[-106.60192,45.17973],[-106.6023,45.17973],[-106.6023,45.17947],[-106.60307,45.17947],[-106.60307,45.17973],[-106.60345,45.17973],[-106.60345,45.17947],[-106.60459,45.17947],[-106.60459,45.17973],[-106.60498,45.17973],[-106.60498,45.18],[-106.60689,45.18],[-106.60689,45.17973],[-106.60727,45.17973],[-106.60727,45.1792],[-106.60765,45.1792],[-106.60765,45.17866],[-106.60804,45.17866],[-106.60804,45.17731],[-106.60995,45.17731],[-106.60995,45.17758],[-106.61071,45.17758],[-106.61071,45.17785],[-106.6111,45.17785],[-106.6111,45.17704],[-106.61071,45.17704],[-106.61071,45.1765],[-106.61033,45.1765],[-106.61033,45.17623],[-106.61148,45.17623],[-106.61148,45.17596],[-106.61186,45.17596],[-106.61186,45.17569],[-106.61262,45.17542],[-106.61262,45.17488],[-106.61339,45.17488],[-106.61339,45.17461],[-106.61415,45.17461],[-106.61415,45.17434],[-106.61492,45.17434],[-106.61492,45.17408],[-106.61568,45.17381],[-106.61568,45.173],[-106.6153,45.173],[-106.6153,45.17246],[-106.61492,45.17246],[-106.61492,45.17165],[-106.61607,45.17165],[-106.61607,45.17219],[-106.61568,45.17219],[-106.61568,45.17246],[-106.61645,45.17246],[-106.61645,45.17219],[-106.61683,45.17219],[-106.61683,45.17246],[-106.61836,45.17246],[-106.61836,45.17273],[-106.61913,45.17273],[-106.61913,45.173],[-106.61951,45.173],[-106.61951,45.17273],[-106.62027,45.17273],[-106.62027,45.17246],[-106.6218,45.17246],[-106.6218,45.17219],[-106.62257,45.17219],[-106.62257,45.17192],[-106.62448,45.17192],[-106.62448,45.17165],[-106.62563,45.17165],[-106.62563,45.17138],[-106.62639,45.17165],[-106.62639,45.17246],[-106.62677,45.17246],[-106.62677,45.17381],[-106.62792,45.17381],[-106.62792,45.17354],[-106.6283,45.17354],[-106.6283,45.17327],[-106.62945,45.17327],[-106.62945,45.173],[-106.62983,45.173],[-106.62983,45.17273],[-106.63021,45.17273],[-106.63021,45.17246],[-106.6306,45.17246],[-106.6306,45.17219],[-106.63098,45.17219],[-106.63098,45.17246],[-106.63366,45.17246],[-106.63366,45.17219],[-106.6348,45.17219],[-106.6348,45.17165],[-106.63519,45.17165],[-106.63519,45.17138],[-106.63595,45.17138],[-106.63595,45.17165],[-106.63633,45.17165],[-106.63633,45.17219],[-106.63672,45.17219],[-106.63672,45.17246],[-106.63824,45.17246],[-106.63824,45.17273],[-106.64016,45.17273],[-106.64016,45.173],[-106.6413,45.173],[-106.6413,45.17327],[-106.64169,45.17327],[-106.64169,45.17381],[-106.64207,45.17381],[-106.64207,45.17408],[-106.6436,45.17408],[-106.6436,45.17434],[-106.64398,45.17434],[-106.64398,45.17515],[-106.64475,45.17542],[-106.64475,45.17596],[-106.64436,45.17596],[-106.64436,45.17623],[-106.64398,45.17623],[-106.64398,45.17677],[-106.6436,45.17677],[-106.6436,45.17704],[-106.64398,45.17704],[-106.64398,45.17758],[-106.64436,45.17758],[-106.64436,45.17785],[-106.64513,45.17785],[-106.64513,45.17812],[-106.64628,45.17812],[-106.64628,45.17758],[-106.64666,45.17758],[-106.64666,45.17704],[-106.6478,45.17704],[-106.6478,45.17731],[-106.64742,45.17731],[-106.64742,45.17758],[-106.64819,45.17758],[-106.64819,45.17785],[-106.6478,45.17785],[-106.6478,45.17866],[-106.64895,45.17866],[-106.64895,45.17839],[-106.64933,45.17839],[-106.64933,45.17812],[-106.6501,45.17812],[-106.6501,45.17839],[-106.65048,45.17839],[-106.65048,45.17866],[-106.65125,45.17893],[-106.65125,45.1792],[-106.65239,45.1792],[-106.65239,45.17947],[-106.65278,45.17947],[-106.65278,45.17973],[-106.65354,45.17973],[-106.65354,45.18027],[-106.65392,45.18027],[-106.65392,45.18081],[-106.65469,45.18081],[-106.65469,45.17893],[-106.65507,45.17893],[-106.65507,45.1792],[-106.65583,45.1792],[-106.65583,45.17947],[-106.6566,45.17947],[-106.6566,45.17973],[-106.65775,45.17973],[-106.65775,45.17947],[-106.65813,45.17947],[-106.65813,45.1792],[-106.65889,45.17893],[-106.65889,45.1792],[-106.65928,45.1792],[-106.65928,45.17947],[-106.65889,45.17947],[-106.65889,45.17973],[-106.65851,45.17973],[-106.65851,45.18],[-106.65813,45.18],[-106.65813,45.18054],[-106.65851,45.18054],[-106.65851,45.18081],[-106.65966,45.18081],[-106.65966,45.18054],[-106.66042,45.18054],[-106.66042,45.18027],[-106.66081,45.18027],[-106.66081,45.18],[-106.66119,45.18],[-106.66119,45.17973],[-106.66234,45.17973],[-106.66234,45.18],[-106.66195,45.18],[-106.66195,45.18054],[-106.66157,45.18054],[-106.66157,45.18135],[-106.66195,45.18135],[-106.66195,45.18216],[-106.66081,45.18216],[-106.66081,45.18189],[-106.66004,45.18189],[-106.66004,45.18216],[-106.65966,45.18216],[-106.65966,45.1827],[-106.65928,45.1827],[-106.65928,45.18297],[-106.65889,45.18297],[-106.65889,45.18324],[-106.65813,45.18324],[-106.65813,45.18378],[-106.65775,45.18378],[-106.65775,45.18566],[-106.65851,45.18566],[-106.65851,45.18674],[-106.65889,45.18674],[-106.65889,45.18728],[-106.65928,45.18728],[-106.65928,45.18755],[-106.65966,45.18755],[-106.65966,45.18782],[-106.66042,45.18782],[-106.66042,45.18728],[-106.66081,45.18728],[-106.66081,45.18701],[-106.66195,45.18701],[-106.66195,45.18674],[-106.66234,45.18674],[-106.66234,45.18647],[-106.6631,45.1862],[-106.6631,45.18593],[-106.66386,45.1862],[-106.66386,45.18674],[-106.66348,45.18674],[-106.66348,45.18701],[-106.66272,45.18701],[-106.66272,45.1889],[-106.6631,45.1889],[-106.6631,45.18944],[-106.66348,45.18944],[-106.66348,45.18998],[-106.66386,45.18998],[-106.66386,45.19024],[-106.66463,45.19024],[-106.66463,45.19051],[-106.66501,45.19051],[-106.66501,45.19105],[-106.66539,45.19105],[-106.66539,45.19159],[-106.66463,45.19159],[-106.66463,45.19132],[-106.65966,45.19132],[-106.65966,45.19159],[-106.66004,45.19159],[-106.66004,45.19186],[-106.66042,45.19186],[-106.66042,45.19213],[-106.66081,45.19213],[-106.66081,45.1924],[-106.66042,45.1924],[-106.66042,45.19321],[-106.66157,45.19321],[-106.66157,45.19348],[-106.66081,45.19375],[-106.66081,45.19402],[-106.66042,45.19402],[-106.66042,45.19429],[-106.66081,45.19429],[-106.66081,45.1951],[-106.66042,45.1951],[-106.66042,45.19563],[-106.66004,45.19563],[-106.66004,45.19644],[-106.66042,45.19644],[-106.66042,45.19698],[-106.66119,45.19698],[-106.66119,45.1986],[-106.66157,45.1986],[-106.66157,45.19914],[-106.6631,45.19914],[-106.6631,45.19806],[-106.66348,45.19806],[-106.66348,45.19779],[-106.66539,45.19779],[-106.66539,45.19752],[-106.66616,45.19752],[-106.66616,45.19806],[-106.66539,45.19806],[-106.66539,45.19833],[-106.66463,45.1986],[-106.66463,45.19887],[-106.66348,45.19887],[-106.66348,45.19941],[-106.6631,45.19941],[-106.6631,45.19968],[-106.66348,45.19968],[-106.66348,45.20022],[-106.66425,45.20022],[-106.66425,45.20102],[-106.66386,45.20102],[-106.66386,45.20237],[-106.6631,45.20264],[-106.6631,45.20291],[-106.66348,45.20291],[-106.66348,45.20345],[-106.66386,45.20345],[-106.66386,45.20372],[-106.66425,45.20372],[-106.66425,45.20399],[-106.66501,45.20399],[-106.66501,45.20372],[-106.66463,45.20372],[-106.66463,45.20264],[-106.66425,45.20264],[-106.66425,45.20237],[-106.66616,45.20237],[-106.66616,45.20318],[-106.66578,45.20318],[-106.66578,45.20399],[-106.66539,45.20399],[-106.66539,45.20426],[-106.66463,45.20426],[-106.66463,45.20453],[-106.66539,45.2048],[-106.66539,45.20534],[-106.66501,45.20534],[-106.66501,45.20588],[-106.66348,45.20588],[-106.66348,45.2048],[-106.6631,45.2048],[-106.6631,45.20453],[-106.66272,45.20453],[-106.66272,45.2048],[-106.66195,45.2048],[-106.66195,45.20507],[-106.66119,45.20534],[-106.66119,45.20588],[-106.66081,45.20588],[-106.66081,45.20615],[-106.66119,45.20615],[-106.66119,45.20668],[-106.66157,45.20668],[-106.66157,45.20722],[-106.66195,45.20722],[-106.66195,45.20749],[-106.66119,45.20749],[-106.66119,45.20695],[-106.66081,45.20695],[-106.66081,45.20668],[-106.65966,45.20668],[-106.65966,45.20749],[-106.66004,45.20749],[-106.66004,45.20803],[-106.65928,45.20803],[-106.65928,45.20911],[-106.65813,45.20911],[-106.65813,45.20965],[-106.65775,45.20965],[-106.65775,45.21019],[-106.65698,45.21046],[-106.65698,45.21073],[-106.6566,45.21073],[-106.6566,45.211],[-106.65507,45.21127],[-106.65507,45.21073],[-106.65431,45.21073],[-106.65431,45.21046],[-106.65239,45.21046],[-106.65239,45.21073],[-106.65201,45.21073],[-106.65201,45.2118],[-106.65163,45.2118],[-106.65163,45.21234],[-106.65125,45.21234],[-106.65125,45.21261],[-106.65086,45.21261],[-106.65086,45.21288],[-106.65048,45.21288],[-106.65048,45.21315],[-106.64972,45.21315],[-106.64972,45.21342],[-106.64819,45.21342],[-106.64819,45.21315],[-106.6478,45.21315],[-106.6478,45.21234],[-106.64704,45.21234],[-106.64704,45.21288],[-106.64513,45.21288],[-106.64513,45.21261],[-106.64475,45.21261],[-106.64475,45.21234],[-106.64398,45.21234],[-106.64398,45.21207],[-106.6436,45.21207],[-106.6436,45.2118],[-106.64322,45.2118],[-106.64322,45.21127],[-106.64245,45.21127],[-106.64245,45.21153],[-106.64283,45.21153],[-106.64283,45.2118],[-106.64245,45.2118],[-106.64245,45.21234],[-106.6413,45.21234],[-106.6413,45.21261],[-106.64092,45.21261],[-106.64092,45.21288],[-106.64016,45.21288],[-106.64016,45.21315],[-106.64207,45.21315],[-106.64207,45.21342],[-106.64169,45.21342],[-106.64169,45.21396],[-106.64092,45.21396],[-106.64092,45.21369]],[[-106.65813,45.20857],[-106.65813,45.20884],[-106.65889,45.20884],[-106.65889,45.20857],[-106.65813,45.20857]],[[-106.6566,45.20803],[-106.6566,45.2083],[-106.65698,45.2083],[-106.65698,45.20803],[-106.6566,45.20803]],[[-106.66157,45.20129],[-106.66157,45.20076],[-106.66234,45.20049],[-106.66234,45.19995],[-106.66004,45.19995],[-106.66004,45.20076],[-106.65966,45.20076],[-106.65966,45.20129],[-106.66004,45.20129],[-106.66004,45.20156],[-106.66042,45.20156],[-106.66042,45.20129],[-106.66157,45.20129]],[[-106.64628,45.20049],[-106.64628,45.20076],[-106.64666,45.20076],[-106.64666,45.20049],[-106.64628,45.20049]],[[-106.61377,45.19617],[-106.61377,45.1959],[-106.61415,45.1959],[-106.61415,45.19563],[-106.61339,45.19563],[-106.61339,45.19537],[-106.61262,45.19537],[-106.61262,45.1951],[-106.61224,45.1951],[-106.61224,45.1959],[-106.61301,45.1959],[-106.61301,45.19617],[-106.61339,45.19617],[-106.61339,45.19644],[-106.61415,45.19644],[-106.61415,45.19617],[-106.61377,45.19617]],[[-106.61683,45.19051],[-106.61683,45.19078],[-106.61721,45.19078],[-106.61721,45.19051],[-106.61683,45.19051]],[[-106.61607,45.19051],[-106.61607,45.19078],[-106.61645,45.19078],[-106.61645,45.19051],[-106.61607,45.19051]],[[-106.61607,45.18971],[-106.61607,45.18998],[-106.61645,45.18998],[-106.61645,45.18971],[-106.61607,45.18971]],[[-106.64398,45.18512],[-106.64398,45.18539],[-106.64436,45.18539],[-106.64436,45.18512],[-106.64398,45.18512]],[[-106.64322,45.18512],[-106.64322,45.18539],[-106.6436,45.18539],[-106.6436,45.18512],[-106.64322,45.18512]],[[-106.63557,45.18108],[-106.63557,45.18135],[-106.63595,45.18135],[-106.63595,45.18108],[-106.63557,45.18108]],[[-106.63442,45.18108],[-106.63442,45.18135],[-106.6348,45.18135],[-106.6348,45.18108],[-106.63442,45.18108]],[[-106.62142,45.18081],[-106.62142,45.18108],[-106.6218,45.18108],[-106.6218,45.18081],[-106.62142,45.18081]],[[-106.62142,45.18027],[-106.62142,45.18054],[-106.6218,45.18054],[-106.6218,45.18027],[-106.62142,45.18027]],[[-106.62218,45.18],[-106.62218,45.18027],[-106.62257,45.18027],[-106.62257,45.18],[-106.62218,45.18]],[[-106.62486,45.17947],[-106.62486,45.17973],[-106.62524,45.17973],[-106.62524,45.17947],[-106.62486,45.17947]],[[-106.6283,45.17839],[-106.6283,45.17866],[-106.62869,45.17866],[-106.62869,45.17839],[-106.6283,45.17839]],[[-106.62371,45.17354],[-106.62371,45.17381],[-106.6241,45.17381],[-106.6241,45.17354],[-106.62371,45.17354]],[[-106.63595,45.17246],[-106.63595,45.17273],[-106.63633,45.17273],[-106.63633,45.17246],[-106.63595,45.17246]]],[[[-106.6241,45.20884],[-106.6241,45.20857],[-106.62486,45.20857],[-106.62486,45.2083],[-106.62563,45.2083],[-106.62563,45.20803],[-106.62601,45.20803],[-106.62601,45.20857],[-106.62563,45.20857],[-106.62563,45.20884],[-106.62524,45.20884],[-106.62524,45.20911],[-106.62371,45.20938],[-106.62371,45.20884],[-106.6241,45.20884]]],[[[-106.6413,45.21504],[-106.6413,45.2145],[-106.64169,45.2145],[-106.64169,45.21423],[-106.64207,45.21423],[-106.64207,45.2145],[-106.64283,45.2145],[-106.64283,45.21477],[-106.6436,45.2145],[-106.6436,45.21477],[-106.64398,45.21477],[-106.64398,45.21558],[-106.64169,45.21558],[-106.64169,45.21504],[-106.6413,45.21504]]]]},"properties":{"layer":"predicted_reach_h17","fire_name":"Harris","irwin_id":"{1CF9F8F2-53E7-46E0-8744-2CE5FCCB2D74}","model":"arrival_run","checkpoint_epoch":216,"decode":"connected_causal","operating_point":{"floor":0.0,"mult":0.9},"val_precision":null,"val_recall":null,"model_caveat":"arrival_run chosen for best RECALL among the six FlameFlux v3 candidates on the production-valid t0-window corpus (R=0.624 on the fc2 held-out fires, R=0.432 on Dillon -- see candidate_comparison.md from the 2026-07-24 comparison). It does NOT meet the project's P>=0.50/R>=0.80 target: precision is the WORST of the six (P=0.120 on fc2 -- most flagged growth is wrong), and wind_run actually edges it on F1. IMPORTANT CAVEAT: arrival_run trained on the leaky 'observed' corpus (crop centered/sized on t0|t1, i.e. it saw the future perimeter's geometry during training) and has NEVER seen a t0-window crop -- the ONLY geometry this live pipeline can ever produce at forecast time (the future perimeter is, by definition, unknown). So every live prediction from this model is out-of-distribution relative to its own training. The measured t0-window numbers above already reflect that (they are not a surprise), but this is 'best available', not 'production-ready' -- represent it that way. The operating_point (floor=0.0, mult=0.9) is the VAL-selected connected-causal decode point; it did NOT clear the 0.50 precision floor during selection (feasible=False, val P=0.270/R=0.259) -- it's the best-F1 fallback point, not a precision-guaranteed one.","issued_at_utc":"2026-08-10 14:30:50.037077+00:00","valid_from_utc":"2026-08-10 00:00:00","valid_to_utc":"2026-08-11 00:00:00","wfigs_date_current_utc":"2026-08-10 14:00:26.469000+00:00","pixel_size_m":30,"veg_source":"refreshed_d4","physics_source":"eikonal_fbfm40","history_n_dates":1,"degraded_history":true,"containment_pct":10,"acres_wfigs":924.3420700993352,"hour":17,"valid_at_utc":"2026-08-10 17:00:00"}},{"type":"Feature","geometry":{"type":"MultiPolygon","coordinates":[[[[-106.64283,45.17192],[-106.64283,45.17111],[-106.6436,45.17084],[-106.6436,45.17057],[-106.64436,45.17057],[-106.64436,45.17138],[-106.64398,45.17138],[-106.64398,45.17192],[-106.6436,45.17192],[-106.6436,45.17246],[-106.64322,45.17246],[-106.64322,45.17192],[-106.64283,45.17192]]],[[[-106.63557,45.21073],[-106.63557,45.21019],[-106.63519,45.21019],[-106.63519,45.21046],[-106.63442,45.21046],[-106.63442,45.21019],[-106.63213,45.21019],[-106.63213,45.20992],[-106.63174,45.20992],[-106.63174,45.20965],[-106.63021,45.20965],[-106.63021,45.20911],[-106.62983,45.20911],[-106.62983,45.20884],[-106.63021,45.20884],[-106.63021,45.20857],[-106.62983,45.20857],[-106.62983,45.2083],[-106.6306,45.2083],[-106.6306,45.20803],[-106.63021,45.20803],[-106.63021,45.20749],[-106.62907,45.20749],[-106.62907,45.20722],[-106.6283,45.20695],[-106.6283,45.20668],[-106.62869,45.20668],[-106.62869,45.20641],[-106.6283,45.20641],[-106.6283,45.20588],[-106.62792,45.20588],[-106.62792,45.20534],[-106.62716,45.20534],[-106.62716,45.20561],[-106.62677,45.20561],[-106.62677,45.20722],[-106.62639,45.20722],[-106.62639,45.20857],[-106.62601,45.20857],[-106.62601,45.20884],[-106.62524,45.20911],[-106.62524,45.20938],[-106.62448,45.20938],[-106.62448,45.20965],[-106.62371,45.20965],[-106.62371,45.20938],[-106.62333,45.20938],[-106.62333,45.20884],[-106.62371,45.20884],[-106.62371,45.20857],[-106.62448,45.20857],[-106.62448,45.2083],[-106.62524,45.20803],[-106.62524,45.20749],[-106.62486,45.20749],[-106.62486,45.20722],[-106.6241,45.20722],[-106.6241,45.20695],[-106.62333,45.20722],[-106.62333,45.20695],[-106.6218,45.20668],[-106.6218,45.20641],[-106.62142,45.20641],[-106.62142,45.20615],[-106.61989,45.20615],[-106.61989,45.20641],[-106.61874,45.20641],[-106.61874,45.20615],[-106.61798,45.20588],[-106.61798,45.20534],[-106.61836,45.20534],[-106.61836,45.20507],[-106.61874,45.20507],[-106.61874,45.2048],[-106.62142,45.2048],[-106.62142,45.20453],[-106.6218,45.20453],[-106.6218,45.20426],[-106.62142,45.20426],[-106.62142,45.20372],[-106.62065,45.20372],[-106.62065,45.20345],[-106.61989,45.20318],[-106.61989,45.20264],[-106.61951,45.20264],[-106.61951,45.2021],[-106.61874,45.20183],[-106.61874,45.20156],[-106.61836,45.20156],[-106.61836,45.20102],[-106.61798,45.20102],[-106.61798,45.20049],[-106.61568,45.20049],[-106.61568,45.19968],[-106.61492,45.19941],[-106.61492,45.19887],[-106.61415,45.19887],[-106.61415,45.1986],[-106.61339,45.19833],[-106.61339,45.19779],[-106.61301,45.19779],[-106.61301,45.19752],[-106.61262,45.19752],[-106.61262,45.19725],[-106.61033,45.19806],[-106.61033,45.19779],[-106.60995,45.19779],[-106.60995,45.19644],[-106.60957,45.19644],[-106.60957,45.1959],[-106.6088,45.19563],[-106.6088,45.1951],[-106.60804,45.1951],[-106.60804,45.19537],[-106.60727,45.19537],[-106.60727,45.1951],[-106.60689,45.1951],[-106.60689,45.19429],[-106.60651,45.19429],[-106.60651,45.19348],[-106.60612,45.19348],[-106.60612,45.19186],[-106.60536,45.19186],[-106.60536,45.19159],[-106.60421,45.19159],[-106.60421,45.19132],[-106.60345,45.19132],[-106.60345,45.19078],[-106.60383,45.19078],[-106.60383,45.19051],[-106.60536,45.19051],[-106.60536,45.18998],[-106.60612,45.18998],[-106.60612,45.18971],[-106.60689,45.18944],[-106.60689,45.18917],[-106.60612,45.18917],[-106.60612,45.1889],[-106.60651,45.1889],[-106.60651,45.18863],[-106.60612,45.18863],[-106.60612,45.18836],[-106.60536,45.18836],[-106.60536,45.18782],[-106.60574,45.18782],[-106.60574,45.18701],[-106.60536,45.18701],[-106.60536,45.18674],[-106.60498,45.18674],[-106.60498,45.18647],[-106.60383,45.18647],[-106.60383,45.18674],[-106.60307,45.18674],[-106.60307,45.18701],[-106.60154,45.18701],[-106.60154,45.18566],[-106.60115,45.18566],[-106.60115,45.18539],[-106.60154,45.18539],[-106.60154,45.18432],[-106.60115,45.18432],[-106.60115,45.18378],[-106.60077,45.18378],[-106.60077,45.18324],[-106.60192,45.18324],[-106.60192,45.18297],[-106.60268,45.18297],[-106.60268,45.18216],[-106.60192,45.18189],[-106.60192,45.17973],[-106.6023,45.17973],[-106.6023,45.17947],[-106.60421,45.17947],[-106.60421,45.17893],[-106.60459,45.17893],[-106.60459,45.17812],[-106.60498,45.17812],[-106.60498,45.17758],[-106.60574,45.17758],[-106.60574,45.17866],[-106.60498,45.17893],[-106.60498,45.17973],[-106.60651,45.17973],[-106.60651,45.17947],[-106.60727,45.1792],[-106.60727,45.17866],[-106.60765,45.17866],[-106.60765,45.17812],[-106.60804,45.17812],[-106.60804,45.17731],[-106.60842,45.17731],[-106.60842,45.17704],[-106.61033,45.17704],[-106.61033,45.17677],[-106.60957,45.1765],[-106.60957,45.17623],[-106.60995,45.17623],[-106.60995,45.17569],[-106.61071,45.17569],[-106.61071,45.17596],[-106.61186,45.17596],[-106.61186,45.17542],[-106.61224,45.17542],[-106.61224,45.17488],[-106.61262,45.17488],[-106.61262,45.17461],[-106.61377,45.17461],[-106.61377,45.17434],[-106.61415,45.17434],[-106.61415,45.17408],[-106.61492,45.17381],[-106.61492,45.17219],[-106.61454,45.17219],[-106.61454,45.17165],[-106.61492,45.17165],[-106.61492,45.17138],[-106.61568,45.17138],[-106.61568,45.17165],[-106.61607,45.17165],[-106.61607,45.17219],[-106.61568,45.17219],[-106.61568,45.17246],[-106.61645,45.17246],[-106.61645,45.17219],[-106.6176,45.17219],[-106.6176,45.17246],[-106.61989,45.17246],[-106.61989,45.17219],[-106.62027,45.17219],[-106.62027,45.17192],[-106.62218,45.17192],[-106.62218,45.17165],[-106.62486,45.17165],[-106.62486,45.17138],[-106.62563,45.17138],[-106.62563,45.17111],[-106.62639,45.17111],[-106.62639,45.1703],[-106.62677,45.1703],[-106.62677,45.16976],[-106.62716,45.16976],[-106.62716,45.16949],[-106.6283,45.16949],[-106.6283,45.17111],[-106.62869,45.17111],[-106.62869,45.17138],[-106.62677,45.17138],[-106.62677,45.17165],[-106.62716,45.17165],[-106.62716,45.17192],[-106.62677,45.17192],[-106.62677,45.17219],[-106.62716,45.17219],[-106.62716,45.17246],[-106.62754,45.17246],[-106.62754,45.17273],[-106.62945,45.17273],[-106.62945,45.17246],[-106.62983,45.17246],[-106.62983,45.17219],[-106.63098,45.17219],[-106.63098,45.17246],[-106.63174,45.17246],[-106.63174,45.17219],[-106.63327,45.17219],[-106.63327,45.17192],[-106.63366,45.17192],[-106.63366,45.17165],[-106.6348,45.17165],[-106.6348,45.17138],[-106.63557,45.17111],[-106.63557,45.17138],[-106.63633,45.17138],[-106.63633,45.17165],[-106.63672,45.17165],[-106.63672,45.17192],[-106.63748,45.17192],[-106.63748,45.17219],[-106.63863,45.17219],[-106.63863,45.17246],[-106.63901,45.17246],[-106.63901,45.17219],[-106.63977,45.17219],[-106.63977,45.17246],[-106.6413,45.17246],[-106.6413,45.17273],[-106.6436,45.17273],[-106.6436,45.17381],[-106.64436,45.17408],[-106.64436,45.17488],[-106.64475,45.17488],[-106.64475,45.17515],[-106.64589,45.17515],[-106.64589,45.17596],[-106.64704,45.17596],[-106.64704,45.17623],[-106.64742,45.17623],[-106.64742,45.1765],[-106.6478,45.1765],[-106.6478,45.17677],[-106.64895,45.17677],[-106.64895,45.1765],[-106.64933,45.1765],[-106.64933,45.17677],[-106.65048,45.17677],[-106.65048,45.17704],[-106.65086,45.17704],[-106.65086,45.17731],[-106.6501,45.17731],[-106.6501,45.17758],[-106.65086,45.17785],[-106.65086,45.17812],[-106.65163,45.17839],[-106.65163,45.17866],[-106.65278,45.17866],[-106.65278,45.17893],[-106.65316,45.17893],[-106.65316,45.1792],[-106.65392,45.1792],[-106.65392,45.17893],[-106.65431,45.17893],[-106.65431,45.17866],[-106.65545,45.17866],[-106.65545,45.17893],[-106.65583,45.17893],[-106.65583,45.1792],[-106.65622,45.1792],[-106.65622,45.17947],[-106.65736,45.17947],[-106.65736,45.1792],[-106.65813,45.17893],[-106.65813,45.17866],[-106.65928,45.17866],[-106.65928,45.1792],[-106.65966,45.1792],[-106.65966,45.17947],[-106.65928,45.17947],[-106.65928,45.17973],[-106.65851,45.18],[-106.65851,45.18054],[-106.65889,45.18054],[-106.65889,45.18081],[-106.65928,45.18081],[-106.65928,45.18054],[-106.66004,45.18027],[-106.66004,45.18],[-106.66042,45.18],[-106.66042,45.17973],[-106.66081,45.17973],[-106.66081,45.17947],[-106.66195,45.17947],[-106.66195,45.17973],[-106.66272,45.17973],[-106.66272,45.18],[-106.66234,45.18],[-106.66234,45.18054],[-106.66195,45.18054],[-106.66195,45.18162],[-106.66234,45.18162],[-106.66234,45.18432],[-106.66272,45.18432],[-106.66272,45.18512],[-106.6631,45.18512],[-106.6631,45.18539],[-106.66386,45.18539],[-106.66386,45.18566],[-106.66425,45.18566],[-106.66425,45.1862],[-106.66463,45.1862],[-106.66463,45.18647],[-106.66425,45.18647],[-106.66425,45.18701],[-106.66348,45.18701],[-106.66348,45.18755],[-106.6631,45.18755],[-106.6631,45.18782],[-106.66386,45.18782],[-106.66386,45.18863],[-106.66348,45.18863],[-106.66348,45.18944],[-106.66386,45.18944],[-106.66386,45.18998],[-106.66463,45.18998],[-106.66463,45.19024],[-106.66539,45.19051],[-106.66539,45.19078],[-106.66616,45.19105],[-106.66616,45.19186],[-106.66425,45.19186],[-106.66425,45.19159],[-106.66234,45.19159],[-106.66234,45.19186],[-106.66195,45.19186],[-106.66195,45.19213],[-106.66234,45.19213],[-106.66234,45.1924],[-106.66195,45.1924],[-106.66195,45.19267],[-106.66234,45.19267],[-106.66234,45.19348],[-106.66157,45.19375],[-106.66157,45.19456],[-106.66119,45.19456],[-106.66119,45.19563],[-106.66081,45.19563],[-106.66081,45.1959],[-106.66234,45.1959],[-106.66234,45.19617],[-106.66195,45.19617],[-106.66195,45.19671],[-106.66157,45.19671],[-106.66157,45.19806],[-106.66195,45.19806],[-106.66195,45.19833],[-106.66234,45.19833],[-106.66234,45.19806],[-106.6631,45.19779],[-106.6631,45.19752],[-106.66539,45.19752],[-106.66539,45.19725],[-106.66654,45.19725],[-106.66654,45.19806],[-106.66616,45.19806],[-106.66616,45.19833],[-106.66539,45.19833],[-106.66539,45.1986],[-106.66501,45.1986],[-106.66501,45.19914],[-106.66463,45.19914],[-106.66463,45.20022],[-106.66501,45.20022],[-106.66501,45.20049],[-106.66463,45.20049],[-106.66463,45.20102],[-106.66425,45.20102],[-106.66425,45.2021],[-106.66578,45.2021],[-106.66578,45.20183],[-106.66654,45.20183],[-106.66654,45.20318],[-106.66616,45.20318],[-106.66616,45.20372],[-106.66578,45.20372],[-106.66578,45.20426],[-106.66616,45.20426],[-106.66616,45.20507],[-106.66539,45.20534],[-106.66539,45.20588],[-106.66501,45.20588],[-106.66501,45.20615],[-106.66425,45.20615],[-106.66425,45.20641],[-106.66234,45.20641],[-106.66234,45.20668],[-106.66272,45.20668],[-106.66272,45.20722],[-106.66234,45.20722],[-106.66234,45.20749],[-106.66119,45.20749],[-106.66119,45.20695],[-106.66081,45.20695],[-106.66081,45.20668],[-106.65966,45.20668],[-106.65966,45.20749],[-106.66004,45.20749],[-106.66004,45.20776],[-106.66042,45.20776],[-106.66042,45.20803],[-106.66081,45.20803],[-106.66081,45.2083],[-106.66004,45.2083],[-106.66004,45.20884],[-106.65966,45.20884],[-106.65966,45.20965],[-106.65851,45.20965],[-106.65851,45.20992],[-106.65775,45.21019],[-106.65775,45.21073],[-106.65736,45.21073],[-106.65736,45.211],[-106.65698,45.211],[-106.65698,45.21127],[-106.65583,45.21127],[-106.65583,45.21153],[-106.65545,45.21153],[-106.65545,45.2118],[-106.65431,45.2118],[-106.65431,45.21127],[-106.65316,45.21127],[-106.65316,45.21153],[-106.65278,45.21153],[-106.65278,45.2118],[-106.65201,45.2118],[-106.65201,45.21234],[-106.65163,45.21234],[-106.65163,45.21288],[-106.65086,45.21288],[-106.65086,45.21315],[-106.65048,45.21315],[-106.65048,45.21342],[-106.64972,45.21342],[-106.64972,45.21369],[-106.64895,45.21369],[-106.64895,45.21396],[-106.64704,45.21396],[-106.64704,45.21342],[-106.64551,45.21315],[-106.64551,45.21288],[-106.64436,45.21288],[-106.64436,45.21261],[-106.64398,45.21261],[-106.64398,45.21234],[-106.6413,45.21234],[-106.6413,45.21261],[-106.64092,45.21261],[-106.64092,45.21288],[-106.64016,45.21288],[-106.64016,45.21315],[-106.64245,45.21315],[-106.64245,45.21342],[-106.64207,45.21342],[-106.64207,45.21369],[-106.64245,45.21369],[-106.64245,45.21423],[-106.64436,45.21423],[-106.64436,45.21558],[-106.64398,45.21558],[-106.64398,45.21585],[-106.64169,45.21585],[-106.64169,45.21558],[-106.6413,45.21558],[-106.6413,45.21504],[-106.64092,45.21504],[-106.64092,45.2145],[-106.64054,45.2145],[-106.64054,45.21423],[-106.64092,45.21423],[-106.64092,45.21396],[-106.64054,45.21396],[-106.64054,45.21369],[-106.63977,45.21369],[-106.63977,45.21342],[-106.63901,45.21315],[-106.63901,45.21234],[-106.63863,45.21234],[-106.63863,45.2118],[-106.63786,45.2118],[-106.63786,45.21127],[-106.63748,45.21127],[-106.63748,45.211],[-106.6371,45.211],[-106.6371,45.21073],[-106.63557,45.21073]],[[-106.63786,45.211],[-106.63786,45.21073],[-106.63748,45.21073],[-106.63748,45.211],[-106.63786,45.211]],[[-106.66119,45.20102],[-106.66157,45.20102],[-106.66157,45.20076],[-106.66234,45.20049],[-106.66234,45.19995],[-106.66004,45.19995],[-106.66004,45.20076],[-106.65966,45.20076],[-106.65966,45.20129],[-106.66042,45.20156],[-106.66042,45.20129],[-106.66119,45.20129],[-106.66119,45.20102]],[[-106.64628,45.20076],[-106.64666,45.20076],[-106.64666,45.20049],[-106.64628,45.20049],[-106.64628,45.20076]],[[-106.61721,45.19995],[-106.61683,45.19995],[-106.61683,45.20022],[-106.61721,45.20022],[-106.61721,45.19995]],[[-106.61683,45.19968],[-106.61721,45.19968],[-106.61721,45.19941],[-106.61683,45.19941],[-106.61683,45.19914],[-106.61607,45.19914],[-106.61607,45.19968],[-106.61645,45.19968],[-106.61645,45.19995],[-106.61683,45.19995],[-106.61683,45.19968]],[[-106.60612,45.19159],[-106.60727,45.19159],[-106.60727,45.19132],[-106.60612,45.19132],[-106.60612,45.19159]],[[-106.61683,45.19078],[-106.61721,45.19078],[-106.61721,45.19051],[-106.61683,45.19051],[-106.61683,45.19078]],[[-106.61607,45.19078],[-106.61645,45.19078],[-106.61645,45.19051],[-106.61607,45.19051],[-106.61607,45.19078]],[[-106.61607,45.18998],[-106.61645,45.18998],[-106.61645,45.18971],[-106.61607,45.18971],[-106.61607,45.18998]],[[-106.66195,45.1862],[-106.66272,45.18593],[-106.66272,45.18539],[-106.66157,45.18539],[-106.66157,45.18566],[-106.66119,45.18566],[-106.66119,45.18593],[-106.65966,45.18593],[-106.65966,45.1862],[-106.66004,45.1862],[-106.66004,45.18674],[-106.66157,45.18674],[-106.66157,45.18647],[-106.66195,45.18647],[-106.66195,45.1862]],[[-106.64398,45.18539],[-106.64436,45.18539],[-106.64436,45.18512],[-106.64398,45.18512],[-106.64398,45.18539]],[[-106.64322,45.18539],[-106.6436,45.18539],[-106.6436,45.18512],[-106.64322,45.18512],[-106.64322,45.18539]],[[-106.66157,45.1827],[-106.66119,45.1827],[-106.66119,45.18243],[-106.66081,45.18243],[-106.66081,45.18216],[-106.66042,45.18216],[-106.66042,45.18243],[-106.65966,45.1827],[-106.65966,45.18351],[-106.66119,45.18351],[-106.66119,45.18324],[-106.66157,45.18324],[-106.66157,45.1827]],[[-106.63557,45.18135],[-106.63595,45.18135],[-106.63595,45.18108],[-106.63557,45.18108],[-106.63557,45.18135]],[[-106.63442,45.18135],[-106.6348,45.18135],[-106.6348,45.18108],[-106.63442,45.18108],[-106.63442,45.18135]],[[-106.62142,45.18108],[-106.6218,45.18108],[-106.6218,45.18081],[-106.62142,45.18081],[-106.62142,45.18108]],[[-106.62142,45.18054],[-106.6218,45.18054],[-106.6218,45.18027],[-106.62142,45.18027],[-106.62142,45.18054]],[[-106.62218,45.18027],[-106.62257,45.18027],[-106.62257,45.18],[-106.62218,45.18],[-106.62218,45.18027]],[[-106.62486,45.17973],[-106.62524,45.17973],[-106.62524,45.17947],[-106.62486,45.17947],[-106.62486,45.17973]],[[-106.6283,45.17866],[-106.62869,45.17866],[-106.62869,45.17839],[-106.6283,45.17839],[-106.6283,45.17866]],[[-106.64513,45.17677],[-106.64475,45.17677],[-106.64475,45.17704],[-106.64551,45.17704],[-106.64551,45.17623],[-106.64513,45.17623],[-106.64513,45.17677]],[[-106.64589,45.1765],[-106.64628,45.1765],[-106.64628,45.17623],[-106.64589,45.17623],[-106.64589,45.1765]]],[[[-106.60727,45.19537],[-106.60727,45.19563],[-106.60689,45.19563],[-106.60689,45.19537],[-106.60727,45.19537]]],[[[-106.61262,45.20049],[-106.61262,45.20102],[-106.61186,45.20102],[-106.61186,45.20049],[-106.61262,45.20049]]],[[[-106.61607,45.20076],[-106.61607,45.20102],[-106.61568,45.20102],[-106.61568,45.20076],[-106.61607,45.20076]]],[[[-106.66157,45.20776],[-106.66157,45.2083],[-106.66119,45.2083],[-106.66119,45.20776],[-106.66157,45.20776]]],[[[-106.63136,45.21342],[-106.63136,45.21369],[-106.63098,45.21369],[-106.63098,45.21342],[-106.63136,45.21342]]],[[[-106.63595,45.21477],[-106.63595,45.2145],[-106.63672,45.2145],[-106.63672,45.21423],[-106.63786,45.21423],[-106.63786,45.2145],[-106.63824,45.2145],[-106.63824,45.21477],[-106.63786,45.21477],[-106.63786,45.21504],[-106.63595,45.21504],[-106.63595,45.21531],[-106.63519,45.21531],[-106.63519,45.21477],[-106.63595,45.21477]]]]},"properties":{"layer":"predicted_reach_h18","fire_name":"Harris","irwin_id":"{1CF9F8F2-53E7-46E0-8744-2CE5FCCB2D74}","model":"arrival_run","checkpoint_epoch":216,"decode":"connected_causal","operating_point":{"floor":0.0,"mult":0.9},"val_precision":null,"val_recall":null,"model_caveat":"arrival_run chosen for best RECALL among the six FlameFlux v3 candidates on the production-valid t0-window corpus (R=0.624 on the fc2 held-out fires, R=0.432 on Dillon -- see candidate_comparison.md from the 2026-07-24 comparison). It does NOT meet the project's P>=0.50/R>=0.80 target: precision is the WORST of the six (P=0.120 on fc2 -- most flagged growth is wrong), and wind_run actually edges it on F1. IMPORTANT CAVEAT: arrival_run trained on the leaky 'observed' corpus (crop centered/sized on t0|t1, i.e. it saw the future perimeter's geometry during training) and has NEVER seen a t0-window crop -- the ONLY geometry this live pipeline can ever produce at forecast time (the future perimeter is, by definition, unknown). So every live prediction from this model is out-of-distribution relative to its own training. The measured t0-window numbers above already reflect that (they are not a surprise), but this is 'best available', not 'production-ready' -- represent it that way. The operating_point (floor=0.0, mult=0.9) is the VAL-selected connected-causal decode point; it did NOT clear the 0.50 precision floor during selection (feasible=False, val P=0.270/R=0.259) -- it's the best-F1 fallback point, not a precision-guaranteed one.","issued_at_utc":"2026-08-10 14:30:50.037077+00:00","valid_from_utc":"2026-08-10 00:00:00","valid_to_utc":"2026-08-11 00:00:00","wfigs_date_current_utc":"2026-08-10 14:00:26.469000+00:00","pixel_size_m":30,"veg_source":"refreshed_d4","physics_source":"eikonal_fbfm40","history_n_dates":1,"degraded_history":true,"containment_pct":10,"acres_wfigs":924.3420700993352,"hour":18,"valid_at_utc":"2026-08-10 18:00:00"}},{"type":"Feature","geometry":{"type":"MultiPolygon","coordinates":[[[[-106.60689,45.1951],[-106.60689,45.19429],[-106.60651,45.19429],[-106.60651,45.19348],[-106.60612,45.19348],[-106.60612,45.19186],[-106.60536,45.19186],[-106.60536,45.19159],[-106.60421,45.19159],[-106.60421,45.19132],[-106.60345,45.19132],[-106.60345,45.19078],[-106.60383,45.19078],[-106.60383,45.19051],[-106.60421,45.19051],[-106.60421,45.19024],[-106.60459,45.19024],[-106.60459,45.18998],[-106.60536,45.18971],[-106.60536,45.18944],[-106.60612,45.18944],[-106.60612,45.1889],[-106.60651,45.1889],[-106.60651,45.18863],[-106.60498,45.18809],[-106.60498,45.18782],[-106.60536,45.18782],[-106.60536,45.18701],[-106.60498,45.18701],[-106.60498,45.18674],[-106.60345,45.18674],[-106.60345,45.18701],[-106.60154,45.18701],[-106.60154,45.18566],[-106.60115,45.18566],[-106.60115,45.18539],[-106.60154,45.18539],[-106.60154,45.18432],[-106.60115,45.18432],[-106.60115,45.18378],[-106.60077,45.18378],[-106.60077,45.18297],[-106.60268,45.18297],[-106.60268,45.18216],[-106.60192,45.18189],[-106.60192,45.17973],[-106.6023,45.17973],[-106.6023,45.17947],[-106.60421,45.17947],[-106.60421,45.17893],[-106.60459,45.17893],[-106.60459,45.17812],[-106.60498,45.17812],[-106.60498,45.17758],[-106.60612,45.17758],[-106.60612,45.17812],[-106.60574,45.17812],[-106.60574,45.17866],[-106.60498,45.17893],[-106.60498,45.17973],[-106.60651,45.17973],[-106.60651,45.17947],[-106.60689,45.17947],[-106.60689,45.17893],[-106.60765,45.17866],[-106.60765,45.17812],[-106.60804,45.17812],[-106.60804,45.17704],[-106.60957,45.17677],[-106.60957,45.17596],[-106.60995,45.17596],[-106.60995,45.17569],[-106.61033,45.17569],[-106.61033,45.17542],[-106.61071,45.17542],[-106.61071,45.17569],[-106.61186,45.17569],[-106.61186,45.17515],[-106.61224,45.17515],[-106.61224,45.17488],[-106.61262,45.17488],[-106.61262,45.17461],[-106.61339,45.17461],[-106.61339,45.17434],[-106.61415,45.17434],[-106.61415,45.17408],[-106.61492,45.17381],[-106.61492,45.17246],[-106.61454,45.17246],[-106.61454,45.17165],[-106.61492,45.17165],[-106.61492,45.17138],[-106.61568,45.17138],[-106.61568,45.17165],[-106.61607,45.17165],[-106.61607,45.17219],[-106.61568,45.17219],[-106.61568,45.17246],[-106.61645,45.17246],[-106.61645,45.17219],[-106.6176,45.17219],[-106.6176,45.17246],[-106.61989,45.17246],[-106.61989,45.17219],[-106.62065,45.17192],[-106.62065,45.17165],[-106.62486,45.17165],[-106.62486,45.17138],[-106.62563,45.17138],[-106.62563,45.17111],[-106.62639,45.17111],[-106.62639,45.1703],[-106.62677,45.1703],[-106.62677,45.16976],[-106.62716,45.16976],[-106.62716,45.16949],[-106.62754,45.16949],[-106.62754,45.16922],[-106.6283,45.16922],[-106.6283,45.16949],[-106.62869,45.16949],[-106.62869,45.17003],[-106.6283,45.17003],[-106.6283,45.17057],[-106.62869,45.17057],[-106.62869,45.17138],[-106.62677,45.17138],[-106.62677,45.17165],[-106.62716,45.17165],[-106.62716,45.17219],[-106.62792,45.17219],[-106.62792,45.17246],[-106.62945,45.17246],[-106.62945,45.17219],[-106.63098,45.17219],[-106.63098,45.17246],[-106.63174,45.17246],[-106.63174,45.17219],[-106.63327,45.17219],[-106.63327,45.17192],[-106.63366,45.17192],[-106.63366,45.17165],[-106.63442,45.17165],[-106.63442,45.17138],[-106.63519,45.17138],[-106.63519,45.17111],[-106.63633,45.17111],[-106.63633,45.17138],[-106.6371,45.17165],[-106.6371,45.17192],[-106.63786,45.17192],[-106.63786,45.17219],[-106.64092,45.17219],[-106.64092,45.17246],[-106.64207,45.17246],[-106.64207,45.17273],[-106.64283,45.17273],[-106.64283,45.17246],[-106.64322,45.17246],[-106.64322,45.17192],[-106.64283,45.17192],[-106.64283,45.17111],[-106.6436,45.17084],[-106.6436,45.17057],[-106.64436,45.17057],[-106.64436,45.17138],[-106.64398,45.17138],[-106.64398,45.17192],[-106.6436,45.17192],[-106.6436,45.173],[-106.64398,45.173],[-106.64398,45.17408],[-106.64436,45.17408],[-106.64436,45.17488],[-106.64475,45.17488],[-106.64475,45.17515],[-106.64589,45.17515],[-106.64589,45.17488],[-106.64666,45.17488],[-106.64666,45.17515],[-106.64742,45.17515],[-106.64742,45.17542],[-106.6478,45.17542],[-106.6478,45.17515],[-106.64895,45.17515],[-106.64895,45.17569],[-106.64857,45.17569],[-106.64857,45.17596],[-106.64933,45.17596],[-106.64933,45.17623],[-106.64972,45.17623],[-106.64972,45.1765],[-106.65048,45.17677],[-106.65048,45.17704],[-106.65086,45.17704],[-106.65086,45.17731],[-106.6501,45.17731],[-106.6501,45.17758],[-106.65086,45.17785],[-106.65086,45.17812],[-106.65125,45.17812],[-106.65125,45.17839],[-106.65201,45.17839],[-106.65201,45.17866],[-106.65316,45.17866],[-106.65316,45.17812],[-106.65239,45.17785],[-106.65239,45.17731],[-106.65316,45.17731],[-106.65316,45.17758],[-106.65392,45.17758],[-106.65392,45.17785],[-106.65431,45.17785],[-106.65431,45.17812],[-106.65507,45.17812],[-106.65507,45.17839],[-106.65545,45.17839],[-106.65545,45.17866],[-106.65622,45.17893],[-106.65622,45.1792],[-106.65775,45.1792],[-106.65775,45.17893],[-106.65813,45.17893],[-106.65813,45.17866],[-106.65928,45.17866],[-106.65928,45.1792],[-106.65966,45.1792],[-106.65966,45.17947],[-106.65928,45.17947],[-106.65928,45.18],[-106.65889,45.18],[-106.65889,45.18027],[-106.66004,45.18027],[-106.66004,45.18],[-106.66081,45.17973],[-106.66081,45.17947],[-106.66272,45.17947],[-106.66272,45.18027],[-106.66234,45.18027],[-106.66234,45.18189],[-106.66272,45.18189],[-106.66272,45.18459],[-106.6631,45.18459],[-106.6631,45.18486],[-106.66386,45.18486],[-106.66386,45.18512],[-106.66425,45.18512],[-106.66425,45.18593],[-106.66463,45.18593],[-106.66463,45.18701],[-106.66425,45.18701],[-106.66425,45.18755],[-106.66463,45.18755],[-106.66463,45.18809],[-106.66425,45.18809],[-106.66425,45.18836],[-106.66348,45.18863],[-106.66348,45.18944],[-106.66386,45.18944],[-106.66386,45.18971],[-106.66425,45.18971],[-106.66425,45.18998],[-106.66501,45.18998],[-106.66501,45.19024],[-106.66539,45.19024],[-106.66539,45.19051],[-106.66616,45.19078],[-106.66616,45.19105],[-106.66692,45.19105],[-106.66692,45.19132],[-106.66845,45.19132],[-106.66845,45.19159],[-106.66807,45.19159],[-106.66807,45.19186],[-106.66731,45.19186],[-106.66731,45.19213],[-106.66692,45.19213],[-106.66692,45.1924],[-106.66539,45.1924],[-106.66539,45.19213],[-106.66501,45.19213],[-106.66501,45.19186],[-106.66386,45.19186],[-106.66386,45.19159],[-106.66234,45.19159],[-106.66234,45.19186],[-106.66195,45.19186],[-106.66195,45.19213],[-106.66234,45.19213],[-106.66234,45.19348],[-106.66195,45.19348],[-106.66195,45.19402],[-106.66157,45.19402],[-106.66157,45.19537],[-106.66463,45.19537],[-106.66463,45.1959],[-106.66501,45.1959],[-106.66501,45.19617],[-106.6631,45.19617],[-106.6631,45.19644],[-106.66272,45.19644],[-106.66272,45.19698],[-106.66501,45.19698],[-106.66501,45.19644],[-106.66539,45.19644],[-106.66539,45.19698],[-106.66692,45.19698],[-106.66692,45.19725],[-106.66731,45.19725],[-106.66731,45.19779],[-106.66692,45.19779],[-106.66692,45.19806],[-106.66654,45.19806],[-106.66654,45.19833],[-106.66578,45.19833],[-106.66578,45.1986],[-106.66501,45.19887],[-106.66501,45.20049],[-106.66463,45.20049],[-106.66463,45.20183],[-106.66539,45.20183],[-106.66539,45.20156],[-106.66578,45.20156],[-106.66578,45.20129],[-106.66654,45.20102],[-106.66654,45.20076],[-106.66692,45.20076],[-106.66692,45.20264],[-106.66654,45.20264],[-106.66654,45.20345],[-106.66578,45.20372],[-106.66578,45.20426],[-106.66616,45.20426],[-106.66616,45.20534],[-106.66578,45.20534],[-106.66578,45.20588],[-106.66539,45.20588],[-106.66539,45.20615],[-106.66501,45.20615],[-106.66501,45.20641],[-106.66425,45.20668],[-106.66425,45.20695],[-106.66272,45.20695],[-106.66272,45.20722],[-106.66234,45.20722],[-106.66234,45.20749],[-106.66119,45.20749],[-106.66119,45.20695],[-106.66081,45.20695],[-106.66081,45.20668],[-106.65966,45.20668],[-106.65966,45.20749],[-106.66004,45.20749],[-106.66004,45.20776],[-106.66042,45.20776],[-106.66042,45.20803],[-106.66119,45.20803],[-106.66119,45.20776],[-106.66157,45.20776],[-106.66157,45.2083],[-106.66234,45.2083],[-106.66234,45.20857],[-106.66195,45.20857],[-106.66195,45.20884],[-106.66234,45.20884],[-106.66234,45.20938],[-106.6631,45.20938],[-106.6631,45.20965],[-106.66157,45.20965],[-106.66157,45.20992],[-106.66119,45.20992],[-106.66119,45.21019],[-106.66081,45.21019],[-106.66081,45.21046],[-106.65889,45.21046],[-106.65889,45.21073],[-106.65851,45.21073],[-106.65851,45.21127],[-106.6566,45.21127],[-106.6566,45.21153],[-106.65622,45.21153],[-106.65622,45.2118],[-106.65545,45.2118],[-106.65545,45.21207],[-106.65239,45.21207],[-106.65239,45.21234],[-106.65201,45.21234],[-106.65201,45.21261],[-106.65239,45.21261],[-106.65239,45.21288],[-106.65163,45.21288],[-106.65163,45.21315],[-106.65125,45.21315],[-106.65125,45.21342],[-106.65048,45.21342],[-106.65048,45.21396],[-106.64819,45.21396],[-106.64819,45.21423],[-106.6478,45.21423],[-106.6478,45.2145],[-106.64551,45.2145],[-106.64551,45.21504],[-106.64513,45.21504],[-106.64513,45.21558],[-106.64436,45.21558],[-106.64436,45.21585],[-106.6436,45.21585],[-106.6436,45.21612],[-106.64169,45.21612],[-106.64169,45.21639],[-106.6413,45.21639],[-106.6413,45.21531],[-106.64092,45.21531],[-106.64092,45.21504],[-106.64016,45.21477],[-106.64016,45.2145],[-106.63977,45.2145],[-106.63977,45.21423],[-106.64016,45.21423],[-106.64016,45.21396],[-106.63939,45.21396],[-106.63939,45.21342],[-106.63863,45.21315],[-106.63863,45.21261],[-106.63824,45.21261],[-106.63824,45.2118],[-106.63672,45.2118],[-106.63672,45.21153],[-106.6348,45.21153],[-106.6348,45.2118],[-106.63366,45.2118],[-106.63366,45.21127],[-106.63213,45.21127],[-106.63213,45.21207],[-106.63136,45.21207],[-106.63136,45.21234],[-106.63098,45.21234],[-106.63098,45.2118],[-106.6306,45.2118],[-106.6306,45.21153],[-106.63098,45.21153],[-106.63098,45.21127],[-106.63021,45.21127],[-106.63021,45.211],[-106.62945,45.21073],[-106.62945,45.20992],[-106.62983,45.20992],[-106.62983,45.20965],[-106.6283,45.20965],[-106.6283,45.20938],[-106.62869,45.20938],[-106.62869,45.20857],[-106.6283,45.20857],[-106.6283,45.2083],[-106.62792,45.2083],[-106.62792,45.20803],[-106.62754,45.20803],[-106.62754,45.2083],[-106.62677,45.20857],[-106.62677,45.20884],[-106.62639,45.20884],[-106.62639,45.20911],[-106.62601,45.20911],[-106.62601,45.20938],[-106.62563,45.20938],[-106.62563,45.20965],[-106.62333,45.20992],[-106.62333,45.20965],[-106.62257,45.20938],[-106.62257,45.20884],[-106.62333,45.20884],[-106.62333,45.20857],[-106.62371,45.20857],[-106.62371,45.2083],[-106.62448,45.2083],[-106.62448,45.20749],[-106.62295,45.20749],[-106.62295,45.20722],[-106.62218,45.20722],[-106.62218,45.20695],[-106.62142,45.20668],[-106.62142,45.20641],[-106.61836,45.20641],[-106.61836,45.20615],[-106.6176,45.20588],[-106.6176,45.20507],[-106.61874,45.20507],[-106.61874,45.2048],[-106.61913,45.2048],[-106.61913,45.20453],[-106.61989,45.20453],[-106.61989,45.20426],[-106.62027,45.20426],[-106.62027,45.20372],[-106.61989,45.20372],[-106.61989,45.20318],[-106.61951,45.20318],[-106.61951,45.20264],[-106.61607,45.20264],[-106.61607,45.20237],[-106.6153,45.2021],[-106.6153,45.20156],[-106.61454,45.20156],[-106.61454,45.20129],[-106.61415,45.20129],[-106.61415,45.20102],[-106.61301,45.20102],[-106.61301,45.20129],[-106.61148,45.20129],[-106.61148,45.20049],[-106.61186,45.20049],[-106.61186,45.20022],[-106.61454,45.20022],[-106.61454,45.19995],[-106.6153,45.19968],[-106.6153,45.19941],[-106.61492,45.19941],[-106.61492,45.19887],[-106.61415,45.19887],[-106.61415,45.1986],[-106.61377,45.1986],[-106.61377,45.19833],[-106.61301,45.19833],[-106.61301,45.19806],[-106.61148,45.19833],[-106.61148,45.19887],[-106.61033,45.19887],[-106.61033,45.1986],[-106.60995,45.1986],[-106.60995,45.19644],[-106.60957,45.19644],[-106.60957,45.1959],[-106.6088,45.19563],[-106.6088,45.1951],[-106.60804,45.1951],[-106.60804,45.19537],[-106.60727,45.19537],[-106.60727,45.1951],[-106.60689,45.1951]],[[-106.64551,45.21396],[-106.64551,45.21423],[-106.64589,45.21423],[-106.64589,45.21396],[-106.64551,45.21396]],[[-106.64398,45.21315],[-106.64398,45.21288],[-106.64283,45.21288],[-106.64283,45.21234],[-106.6413,45.21234],[-106.6413,45.21261],[-106.64092,45.21261],[-106.64092,45.21288],[-106.64016,45.21288],[-106.64016,45.21315],[-106.64283,45.21315],[-106.64283,45.21342],[-106.6436,45.21342],[-106.6436,45.21315],[-106.64398,45.21315]],[[-106.63213,45.21019],[-106.63213,45.21073],[-106.63251,45.21073],[-106.63251,45.21019],[-106.63213,45.21019]],[[-106.61836,45.2021],[-106.61836,45.20156],[-106.61798,45.20156],[-106.61798,45.20102],[-106.61721,45.20102],[-106.61721,45.20129],[-106.6176,45.20129],[-106.6176,45.20156],[-106.61721,45.20156],[-106.61721,45.20183],[-106.6176,45.20183],[-106.6176,45.20237],[-106.61874,45.20237],[-106.61874,45.2021],[-106.61836,45.2021]],[[-106.66119,45.20129],[-106.66119,45.20102],[-106.66195,45.20076],[-106.66195,45.20049],[-106.66234,45.20049],[-106.66234,45.19995],[-106.66004,45.19995],[-106.66004,45.20076],[-106.65966,45.20076],[-106.65966,45.20129],[-106.66004,45.20129],[-106.66004,45.20156],[-106.66042,45.20156],[-106.66042,45.20129],[-106.66119,45.20129]],[[-106.64628,45.20049],[-106.64628,45.20076],[-106.64666,45.20076],[-106.64666,45.20049],[-106.64628,45.20049]],[[-106.61721,45.20022],[-106.61721,45.19995],[-106.61683,45.19995],[-106.61683,45.20022],[-106.61721,45.20022]],[[-106.61683,45.19968],[-106.61721,45.19968],[-106.61721,45.19941],[-106.61683,45.19941],[-106.61683,45.19914],[-106.61607,45.19914],[-106.61607,45.19968],[-106.61645,45.19968],[-106.61645,45.19995],[-106.61683,45.19995],[-106.61683,45.19968]],[[-106.61683,45.19051],[-106.61683,45.19078],[-106.61721,45.19078],[-106.61721,45.19051],[-106.61683,45.19051]],[[-106.61607,45.19051],[-106.61607,45.19078],[-106.61645,45.19078],[-106.61645,45.19051],[-106.61607,45.19051]],[[-106.61607,45.18971],[-106.61607,45.18998],[-106.61645,45.18998],[-106.61645,45.18971],[-106.61607,45.18971]],[[-106.66234,45.1862],[-106.66234,45.18593],[-106.66272,45.18593],[-106.66272,45.18539],[-106.66157,45.18539],[-106.66157,45.18566],[-106.66081,45.18593],[-106.66081,45.1862],[-106.66119,45.1862],[-106.66119,45.18647],[-106.66195,45.18647],[-106.66195,45.1862],[-106.66234,45.1862]],[[-106.64398,45.18512],[-106.64398,45.18539],[-106.64436,45.18539],[-106.64436,45.18512],[-106.64398,45.18512]],[[-106.64322,45.18512],[-106.64322,45.18539],[-106.6436,45.18539],[-106.6436,45.18512],[-106.64322,45.18512]],[[-106.66042,45.18243],[-106.66042,45.1827],[-106.66004,45.1827],[-106.66004,45.18324],[-106.66119,45.18324],[-106.66119,45.18243],[-106.66042,45.18243]],[[-106.63557,45.18108],[-106.63557,45.18135],[-106.63595,45.18135],[-106.63595,45.18108],[-106.63557,45.18108]],[[-106.63442,45.18108],[-106.63442,45.18135],[-106.6348,45.18135],[-106.6348,45.18108],[-106.63442,45.18108]],[[-106.62142,45.18081],[-106.62142,45.18108],[-106.6218,45.18108],[-106.6218,45.18081],[-106.62142,45.18081]],[[-106.62142,45.18027],[-106.62142,45.18054],[-106.6218,45.18054],[-106.6218,45.18027],[-106.62142,45.18027]],[[-106.62218,45.18],[-106.62218,45.18027],[-106.62257,45.18027],[-106.62257,45.18],[-106.62218,45.18]],[[-106.62486,45.17947],[-106.62486,45.17973],[-106.62524,45.17973],[-106.62524,45.17947],[-106.62486,45.17947]],[[-106.6283,45.17839],[-106.6283,45.17866],[-106.62869,45.17866],[-106.62869,45.17839],[-106.6283,45.17839]]],[[[-106.60689,45.19563],[-106.60689,45.19537],[-106.60727,45.19537],[-106.60727,45.19563],[-106.60689,45.19563]]],[[[-106.63251,45.21504],[-106.63213,45.21504],[-106.63213,45.21477],[-106.63136,45.2145],[-106.63136,45.21423],[-106.63098,45.21423],[-106.63098,45.21396],[-106.6306,45.21396],[-106.6306,45.21261],[-106.63136,45.21261],[-106.63136,45.21288],[-106.63213,45.21315],[-106.63213,45.21396],[-106.63251,45.21396],[-106.63251,45.2145],[-106.63289,45.2145],[-106.63289,45.21531],[-106.63251,45.21531],[-106.63251,45.21504]]],[[[-106.63519,45.21477],[-106.63557,45.21477],[-106.63557,45.2145],[-106.63633,45.2145],[-106.63633,45.21423],[-106.63901,45.21423],[-106.63901,45.21504],[-106.63672,45.21504],[-106.63672,45.21531],[-106.63557,45.21531],[-106.63557,45.21558],[-106.63519,45.21558],[-106.63519,45.21477]]]]},"properties":{"layer":"predicted_reach_h19","fire_name":"Harris","irwin_id":"{1CF9F8F2-53E7-46E0-8744-2CE5FCCB2D74}","model":"arrival_run","checkpoint_epoch":216,"decode":"connected_causal","operating_point":{"floor":0.0,"mult":0.9},"val_precision":null,"val_recall":null,"model_caveat":"arrival_run chosen for best RECALL among the six FlameFlux v3 candidates on the production-valid t0-window corpus (R=0.624 on the fc2 held-out fires, R=0.432 on Dillon -- see candidate_comparison.md from the 2026-07-24 comparison). It does NOT meet the project's P>=0.50/R>=0.80 target: precision is the WORST of the six (P=0.120 on fc2 -- most flagged growth is wrong), and wind_run actually edges it on F1. IMPORTANT CAVEAT: arrival_run trained on the leaky 'observed' corpus (crop centered/sized on t0|t1, i.e. it saw the future perimeter's geometry during training) and has NEVER seen a t0-window crop -- the ONLY geometry this live pipeline can ever produce at forecast time (the future perimeter is, by definition, unknown). So every live prediction from this model is out-of-distribution relative to its own training. The measured t0-window numbers above already reflect that (they are not a surprise), but this is 'best available', not 'production-ready' -- represent it that way. The operating_point (floor=0.0, mult=0.9) is the VAL-selected connected-causal decode point; it did NOT clear the 0.50 precision floor during selection (feasible=False, val P=0.270/R=0.259) -- it's the best-F1 fallback point, not a precision-guaranteed one.","issued_at_utc":"2026-08-10 14:30:50.037077+00:00","valid_from_utc":"2026-08-10 00:00:00","valid_to_utc":"2026-08-11 00:00:00","wfigs_date_current_utc":"2026-08-10 14:00:26.469000+00:00","pixel_size_m":30,"veg_source":"refreshed_d4","physics_source":"eikonal_fbfm40","history_n_dates":1,"degraded_history":true,"containment_pct":10,"acres_wfigs":924.3420700993352,"hour":19,"valid_at_utc":"2026-08-10 19:00:00"}},{"type":"Feature","geometry":{"type":"MultiPolygon","coordinates":[[[[-106.60727,45.1951],[-106.60689,45.1951],[-106.60689,45.19429],[-106.60651,45.19429],[-106.60651,45.19348],[-106.60612,45.19348],[-106.60612,45.19186],[-106.60536,45.19186],[-106.60536,45.19159],[-106.60421,45.19159],[-106.60421,45.19132],[-106.60345,45.19132],[-106.60345,45.19078],[-106.60383,45.19078],[-106.60383,45.19051],[-106.60421,45.19051],[-106.60421,45.19024],[-106.60459,45.19024],[-106.60459,45.18998],[-106.60536,45.18971],[-106.60536,45.18944],[-106.60612,45.18944],[-106.60612,45.1889],[-106.60651,45.1889],[-106.60651,45.18863],[-106.60612,45.18863],[-106.60612,45.18836],[-106.60536,45.18836],[-106.60536,45.18809],[-106.60498,45.18809],[-106.60498,45.18782],[-106.60536,45.18782],[-106.60536,45.18701],[-106.60498,45.18701],[-106.60498,45.18674],[-106.60345,45.18674],[-106.60345,45.18701],[-106.60154,45.18701],[-106.60154,45.18566],[-106.60115,45.18566],[-106.60115,45.18539],[-106.60154,45.18539],[-106.60154,45.18432],[-106.60115,45.18432],[-106.60115,45.18378],[-106.60077,45.18378],[-106.60077,45.18297],[-106.60268,45.18297],[-106.60268,45.18216],[-106.60192,45.18189],[-106.60192,45.17973],[-106.6023,45.17973],[-106.6023,45.17947],[-106.60421,45.17947],[-106.60421,45.17893],[-106.60459,45.17893],[-106.60459,45.17812],[-106.60498,45.17812],[-106.60498,45.17758],[-106.60612,45.17758],[-106.60612,45.17812],[-106.60574,45.17812],[-106.60574,45.17866],[-106.60498,45.17893],[-106.60498,45.17973],[-106.60651,45.17973],[-106.60651,45.17947],[-106.60689,45.17947],[-106.60689,45.17893],[-106.60765,45.17866],[-106.60765,45.17812],[-106.60804,45.17812],[-106.60804,45.17704],[-106.60957,45.17677],[-106.60957,45.17596],[-106.60995,45.17596],[-106.60995,45.17569],[-106.61033,45.17569],[-106.61033,45.17542],[-106.61071,45.17542],[-106.61071,45.17569],[-106.61186,45.17569],[-106.61186,45.17515],[-106.61224,45.17515],[-106.61224,45.17488],[-106.61262,45.17488],[-106.61262,45.17461],[-106.61339,45.17461],[-106.61339,45.17434],[-106.61415,45.17434],[-106.61415,45.17408],[-106.61492,45.17381],[-106.61492,45.17246],[-106.61454,45.17246],[-106.61454,45.17165],[-106.61492,45.17165],[-106.61492,45.17138],[-106.61568,45.17138],[-106.61568,45.17165],[-106.61607,45.17165],[-106.61607,45.17219],[-106.61568,45.17219],[-106.61568,45.17246],[-106.61645,45.17246],[-106.61645,45.17219],[-106.6176,45.17219],[-106.6176,45.17246],[-106.61989,45.17246],[-106.61989,45.17219],[-106.62065,45.17192],[-106.62065,45.17165],[-106.62486,45.17165],[-106.62486,45.17138],[-106.62563,45.17138],[-106.62563,45.17111],[-106.62639,45.17111],[-106.62639,45.1703],[-106.62677,45.1703],[-106.62677,45.16976],[-106.62716,45.16976],[-106.62716,45.16949],[-106.62754,45.16949],[-106.62754,45.16922],[-106.6283,45.16922],[-106.6283,45.16949],[-106.62869,45.16949],[-106.62869,45.17003],[-106.6283,45.17003],[-106.6283,45.17057],[-106.62869,45.17057],[-106.62869,45.17138],[-106.62677,45.17138],[-106.62677,45.17165],[-106.62716,45.17165],[-106.62716,45.17219],[-106.62792,45.17219],[-106.62792,45.17246],[-106.62945,45.17246],[-106.62945,45.17219],[-106.63098,45.17219],[-106.63098,45.17246],[-106.63174,45.17246],[-106.63174,45.17219],[-106.63327,45.17219],[-106.63327,45.17192],[-106.63366,45.17192],[-106.63366,45.17165],[-106.63442,45.17165],[-106.63442,45.17138],[-106.63519,45.17138],[-106.63519,45.17111],[-106.63633,45.17111],[-106.63633,45.17138],[-106.6371,45.17165],[-106.6371,45.17192],[-106.63786,45.17192],[-106.63786,45.17219],[-106.64092,45.17219],[-106.64092,45.17246],[-106.64207,45.17246],[-106.64207,45.17273],[-106.64283,45.17273],[-106.64283,45.17246],[-106.64322,45.17246],[-106.64322,45.17192],[-106.64283,45.17192],[-106.64283,45.17111],[-106.6436,45.17084],[-106.6436,45.17057],[-106.64436,45.17057],[-106.64436,45.17138],[-106.64398,45.17138],[-106.64398,45.17192],[-106.6436,45.17192],[-106.6436,45.173],[-106.64398,45.173],[-106.64398,45.17408],[-106.64436,45.17408],[-106.64436,45.17488],[-106.64475,45.17488],[-106.64475,45.17515],[-106.64589,45.17515],[-106.64589,45.17488],[-106.64666,45.17488],[-106.64666,45.17515],[-106.64742,45.17515],[-106.64742,45.17542],[-106.6478,45.17542],[-106.6478,45.17515],[-106.64895,45.17515],[-106.64895,45.17542],[-106.64933,45.17542],[-106.64933,45.17623],[-106.64972,45.17623],[-106.64972,45.1765],[-106.65048,45.17677],[-106.65048,45.17704],[-106.65086,45.17704],[-106.65086,45.17731],[-106.6501,45.17731],[-106.6501,45.17758],[-106.65086,45.17785],[-106.65086,45.17812],[-106.65125,45.17812],[-106.65125,45.17839],[-106.65201,45.17839],[-106.65201,45.17866],[-106.65316,45.17866],[-106.65316,45.17812],[-106.65239,45.17785],[-106.65239,45.17731],[-106.65316,45.17731],[-106.65316,45.17758],[-106.65392,45.17758],[-106.65392,45.17785],[-106.65431,45.17785],[-106.65431,45.17812],[-106.65507,45.17812],[-106.65507,45.17839],[-106.65545,45.17839],[-106.65545,45.17866],[-106.65622,45.17893],[-106.65622,45.1792],[-106.65775,45.1792],[-106.65775,45.17893],[-106.65813,45.17893],[-106.65813,45.17866],[-106.65928,45.17866],[-106.65928,45.1792],[-106.65966,45.1792],[-106.65966,45.17947],[-106.65928,45.17947],[-106.65928,45.18],[-106.65889,45.18],[-106.65889,45.18027],[-106.66004,45.18027],[-106.66004,45.18],[-106.66081,45.17973],[-106.66081,45.17947],[-106.66272,45.17947],[-106.66272,45.18027],[-106.66234,45.18027],[-106.66234,45.18189],[-106.66272,45.18189],[-106.66272,45.18459],[-106.6631,45.18459],[-106.6631,45.18486],[-106.66386,45.18486],[-106.66386,45.18512],[-106.66425,45.18512],[-106.66425,45.18593],[-106.66463,45.18593],[-106.66463,45.18701],[-106.66425,45.18701],[-106.66425,45.18755],[-106.66463,45.18755],[-106.66463,45.18809],[-106.66425,45.18809],[-106.66425,45.18836],[-106.66348,45.18863],[-106.66348,45.18944],[-106.66386,45.18944],[-106.66386,45.18971],[-106.66425,45.18971],[-106.66425,45.18998],[-106.66501,45.18998],[-106.66501,45.19024],[-106.66539,45.19024],[-106.66539,45.19051],[-106.66616,45.19078],[-106.66616,45.19105],[-106.66692,45.19105],[-106.66692,45.19132],[-106.66845,45.19132],[-106.66845,45.19159],[-106.66807,45.19159],[-106.66807,45.19186],[-106.66731,45.19186],[-106.66731,45.19213],[-106.66692,45.19213],[-106.66692,45.1924],[-106.66539,45.1924],[-106.66539,45.19213],[-106.66501,45.19213],[-106.66501,45.19186],[-106.66386,45.19186],[-106.66386,45.19159],[-106.66234,45.19159],[-106.66234,45.19186],[-106.66195,45.19186],[-106.66195,45.19213],[-106.66234,45.19213],[-106.66234,45.19348],[-106.66195,45.19348],[-106.66195,45.19402],[-106.66157,45.19402],[-106.66157,45.19537],[-106.66463,45.19537],[-106.66463,45.1959],[-106.66501,45.1959],[-106.66501,45.19617],[-106.6631,45.19617],[-106.6631,45.19698],[-106.66501,45.19698],[-106.66501,45.19644],[-106.66539,45.19644],[-106.66539,45.19698],[-106.66692,45.19698],[-106.66692,45.19725],[-106.66731,45.19725],[-106.66731,45.19779],[-106.66692,45.19779],[-106.66692,45.19806],[-106.66654,45.19806],[-106.66654,45.19833],[-106.66578,45.19833],[-106.66578,45.1986],[-106.66501,45.19887],[-106.66501,45.20049],[-106.66463,45.20049],[-106.66463,45.20183],[-106.66539,45.20183],[-106.66539,45.20156],[-106.66578,45.20156],[-106.66578,45.20129],[-106.66654,45.20102],[-106.66654,45.20076],[-106.66692,45.20076],[-106.66692,45.20264],[-106.66654,45.20264],[-106.66654,45.20345],[-106.66578,45.20372],[-106.66578,45.20426],[-106.66616,45.20426],[-106.66616,45.20534],[-106.66578,45.20534],[-106.66578,45.20588],[-106.66539,45.20588],[-106.66539,45.20615],[-106.66501,45.20615],[-106.66501,45.20641],[-106.66425,45.20668],[-106.66425,45.20695],[-106.66272,45.20695],[-106.66272,45.20722],[-106.66234,45.20722],[-106.66234,45.20749],[-106.66119,45.20749],[-106.66119,45.20695],[-106.66081,45.20695],[-106.66081,45.20668],[-106.65966,45.20668],[-106.65966,45.20749],[-106.66004,45.20749],[-106.66004,45.20776],[-106.66042,45.20776],[-106.66042,45.20803],[-106.66119,45.20803],[-106.66119,45.20776],[-106.66157,45.20776],[-106.66157,45.2083],[-106.66234,45.2083],[-106.66234,45.20857],[-106.66195,45.20857],[-106.66195,45.20884],[-106.66234,45.20884],[-106.66234,45.20938],[-106.6631,45.20938],[-106.6631,45.20965],[-106.66157,45.20965],[-106.66157,45.20992],[-106.66119,45.20992],[-106.66119,45.21019],[-106.66081,45.21019],[-106.66081,45.21046],[-106.65889,45.21046],[-106.65889,45.21073],[-106.65851,45.21073],[-106.65851,45.21127],[-106.6566,45.21127],[-106.6566,45.21153],[-106.65622,45.21153],[-106.65622,45.2118],[-106.65545,45.2118],[-106.65545,45.21207],[-106.65239,45.21207],[-106.65239,45.21234],[-106.65201,45.21234],[-106.65201,45.21261],[-106.65239,45.21261],[-106.65239,45.21288],[-106.65163,45.21288],[-106.65163,45.21315],[-106.65125,45.21315],[-106.65125,45.21342],[-106.65048,45.21342],[-106.65048,45.21396],[-106.64819,45.21396],[-106.64819,45.21423],[-106.6478,45.21423],[-106.6478,45.2145],[-106.64551,45.2145],[-106.64551,45.21504],[-106.64513,45.21504],[-106.64513,45.21558],[-106.64436,45.21558],[-106.64436,45.21585],[-106.6436,45.21585],[-106.6436,45.21612],[-106.64169,45.21612],[-106.64169,45.21639],[-106.6413,45.21639],[-106.6413,45.21531],[-106.64092,45.21531],[-106.64092,45.21504],[-106.64054,45.21504],[-106.64054,45.21477],[-106.63939,45.21477],[-106.63939,45.21504],[-106.63863,45.21504],[-106.63863,45.21531],[-106.6371,45.21504],[-106.6371,45.21531],[-106.63557,45.21531],[-106.63557,45.21558],[-106.63519,45.21558],[-106.63519,45.21477],[-106.63557,45.21477],[-106.63557,45.2145],[-106.63633,45.2145],[-106.63633,45.21423],[-106.63863,45.21423],[-106.63863,45.21396],[-106.63939,45.21396],[-106.63939,45.21342],[-106.63863,45.21315],[-106.63863,45.21261],[-106.63824,45.21261],[-106.63824,45.2118],[-106.63672,45.2118],[-106.63672,45.21153],[-106.63289,45.2118],[-106.63289,45.21234],[-106.63251,45.21234],[-106.63251,45.21423],[-106.63289,45.21423],[-106.63289,45.21531],[-106.63251,45.21531],[-106.63251,45.21504],[-106.63213,45.21504],[-106.63213,45.21477],[-106.63136,45.2145],[-106.63136,45.21423],[-106.6306,45.21396],[-106.6306,45.21261],[-106.63136,45.21261],[-106.63136,45.21234],[-106.6306,45.21207],[-106.6306,45.21153],[-106.62983,45.21127],[-106.62983,45.21073],[-106.62945,45.21073],[-106.62945,45.20992],[-106.62983,45.20992],[-106.62983,45.20965],[-106.6283,45.20965],[-106.6283,45.20938],[-106.62869,45.20938],[-106.62869,45.20857],[-106.6283,45.20857],[-106.6283,45.2083],[-106.62792,45.2083],[-106.62792,45.20803],[-106.62754,45.20803],[-106.62754,45.2083],[-106.62677,45.20857],[-106.62677,45.20911],[-106.62601,45.20938],[-106.62601,45.20965],[-106.62448,45.20965],[-106.62448,45.20992],[-106.62333,45.20992],[-106.62333,45.20965],[-106.62257,45.20938],[-106.62257,45.20884],[-106.62295,45.20884],[-106.62295,45.20857],[-106.62333,45.20857],[-106.62333,45.2083],[-106.6241,45.2083],[-106.6241,45.20803],[-106.62448,45.20803],[-106.62448,45.20749],[-106.62295,45.20749],[-106.62295,45.20722],[-106.62218,45.20722],[-106.62218,45.20695],[-106.6218,45.20695],[-106.6218,45.20668],[-106.62104,45.20668],[-106.62104,45.20641],[-106.61836,45.20641],[-106.61836,45.20615],[-106.6176,45.20588],[-106.6176,45.20507],[-106.61874,45.20507],[-106.61874,45.2048],[-106.61913,45.2048],[-106.61913,45.20453],[-106.61989,45.20453],[-106.61989,45.20426],[-106.62027,45.20426],[-106.62027,45.20372],[-106.61989,45.20372],[-106.61989,45.20318],[-106.61951,45.20318],[-106.61951,45.20264],[-106.61568,45.20264],[-106.61568,45.20237],[-106.6153,45.20237],[-106.6153,45.20156],[-106.61454,45.20156],[-106.61454,45.20129],[-106.61148,45.20129],[-106.61148,45.20102],[-106.6111,45.20102],[-106.6111,45.20076],[-106.61186,45.20049],[-106.61186,45.20022],[-106.61454,45.20022],[-106.61454,45.19995],[-106.6153,45.19968],[-106.6153,45.19941],[-106.61492,45.19941],[-106.61492,45.19887],[-106.61415,45.19887],[-106.61415,45.1986],[-106.61377,45.1986],[-106.61377,45.19833],[-106.61301,45.19833],[-106.61301,45.19806],[-106.61148,45.19833],[-106.61148,45.19887],[-106.61033,45.19887],[-106.61033,45.1986],[-106.60995,45.1986],[-106.60995,45.19644],[-106.60957,45.19644],[-106.60957,45.1959],[-106.6088,45.19563],[-106.6088,45.1951],[-106.60804,45.1951],[-106.60804,45.19537],[-106.60727,45.19537],[-106.60727,45.1951]],[[-106.64398,45.21288],[-106.64283,45.21288],[-106.64283,45.21234],[-106.6413,45.21234],[-106.6413,45.21261],[-106.64092,45.21261],[-106.64092,45.21288],[-106.64016,45.21288],[-106.64016,45.21315],[-106.64398,45.21315],[-106.64398,45.21288]],[[-106.63251,45.21019],[-106.63213,45.21019],[-106.63213,45.21073],[-106.63251,45.21073],[-106.63251,45.21019]],[[-106.61874,45.2021],[-106.61836,45.2021],[-106.61836,45.20156],[-106.61798,45.20156],[-106.61798,45.20102],[-106.61721,45.20102],[-106.61721,45.20129],[-106.6176,45.20129],[-106.6176,45.20156],[-106.61721,45.20156],[-106.61721,45.20183],[-106.6176,45.20183],[-106.6176,45.20237],[-106.61874,45.20237],[-106.61874,45.2021]],[[-106.66042,45.20129],[-106.66119,45.20129],[-106.66119,45.20102],[-106.66195,45.20076],[-106.66195,45.20049],[-106.66234,45.20049],[-106.66234,45.19995],[-106.66004,45.19995],[-106.66004,45.20076],[-106.65966,45.20076],[-106.65966,45.20129],[-106.66004,45.20129],[-106.66004,45.20156],[-106.66042,45.20156],[-106.66042,45.20129]],[[-106.64666,45.20049],[-106.64628,45.20049],[-106.64628,45.20076],[-106.64666,45.20076],[-106.64666,45.20049]],[[-106.61683,45.20022],[-106.61721,45.20022],[-106.61721,45.19995],[-106.61683,45.19995],[-106.61683,45.20022]],[[-106.61683,45.19968],[-106.61721,45.19968],[-106.61721,45.19941],[-106.61683,45.19941],[-106.61683,45.19914],[-106.61607,45.19914],[-106.61607,45.19968],[-106.61645,45.19968],[-106.61645,45.19995],[-106.61683,45.19995],[-106.61683,45.19968]],[[-106.61721,45.19051],[-106.61683,45.19051],[-106.61683,45.19078],[-106.61721,45.19078],[-106.61721,45.19051]],[[-106.61645,45.19051],[-106.61607,45.19051],[-106.61607,45.19078],[-106.61645,45.19078],[-106.61645,45.19051]],[[-106.61645,45.18971],[-106.61607,45.18971],[-106.61607,45.18998],[-106.61645,45.18998],[-106.61645,45.18971]],[[-106.66195,45.1862],[-106.66272,45.18593],[-106.66272,45.18539],[-106.66157,45.18539],[-106.66157,45.18566],[-106.66081,45.18593],[-106.66081,45.1862],[-106.66119,45.1862],[-106.66119,45.18647],[-106.66195,45.18647],[-106.66195,45.1862]],[[-106.64436,45.18512],[-106.64398,45.18512],[-106.64398,45.18539],[-106.64436,45.18539],[-106.64436,45.18512]],[[-106.6436,45.18512],[-106.64322,45.18512],[-106.64322,45.18539],[-106.6436,45.18539],[-106.6436,45.18512]],[[-106.66119,45.18243],[-106.66042,45.18243],[-106.66042,45.1827],[-106.66004,45.1827],[-106.66004,45.18324],[-106.66119,45.18324],[-106.66119,45.18243]],[[-106.63595,45.18108],[-106.63557,45.18108],[-106.63557,45.18135],[-106.63595,45.18135],[-106.63595,45.18108]],[[-106.6348,45.18108],[-106.63442,45.18108],[-106.63442,45.18135],[-106.6348,45.18135],[-106.6348,45.18108]],[[-106.6218,45.18081],[-106.62142,45.18081],[-106.62142,45.18108],[-106.6218,45.18108],[-106.6218,45.18081]],[[-106.6218,45.18027],[-106.62142,45.18027],[-106.62142,45.18054],[-106.6218,45.18054],[-106.6218,45.18027]],[[-106.62257,45.18],[-106.62218,45.18],[-106.62218,45.18027],[-106.62257,45.18027],[-106.62257,45.18]],[[-106.62524,45.17947],[-106.62486,45.17947],[-106.62486,45.17973],[-106.62524,45.17973],[-106.62524,45.17947]],[[-106.62869,45.17839],[-106.6283,45.17839],[-106.6283,45.17866],[-106.62869,45.17866],[-106.62869,45.17839]]],[[[-106.60727,45.19563],[-106.60689,45.19563],[-106.60689,45.19537],[-106.60727,45.19537],[-106.60727,45.19563]]]]},"properties":{"layer":"predicted_reach_h20","fire_name":"Harris","irwin_id":"{1CF9F8F2-53E7-46E0-8744-2CE5FCCB2D74}","model":"arrival_run","checkpoint_epoch":216,"decode":"connected_causal","operating_point":{"floor":0.0,"mult":0.9},"val_precision":null,"val_recall":null,"model_caveat":"arrival_run chosen for best RECALL among the six FlameFlux v3 candidates on the production-valid t0-window corpus (R=0.624 on the fc2 held-out fires, R=0.432 on Dillon -- see candidate_comparison.md from the 2026-07-24 comparison). It does NOT meet the project's P>=0.50/R>=0.80 target: precision is the WORST of the six (P=0.120 on fc2 -- most flagged growth is wrong), and wind_run actually edges it on F1. IMPORTANT CAVEAT: arrival_run trained on the leaky 'observed' corpus (crop centered/sized on t0|t1, i.e. it saw the future perimeter's geometry during training) and has NEVER seen a t0-window crop -- the ONLY geometry this live pipeline can ever produce at forecast time (the future perimeter is, by definition, unknown). So every live prediction from this model is out-of-distribution relative to its own training. The measured t0-window numbers above already reflect that (they are not a surprise), but this is 'best available', not 'production-ready' -- represent it that way. The operating_point (floor=0.0, mult=0.9) is the VAL-selected connected-causal decode point; it did NOT clear the 0.50 precision floor during selection (feasible=False, val P=0.270/R=0.259) -- it's the best-F1 fallback point, not a precision-guaranteed one.","issued_at_utc":"2026-08-10 14:30:50.037077+00:00","valid_from_utc":"2026-08-10 00:00:00","valid_to_utc":"2026-08-11 00:00:00","wfigs_date_current_utc":"2026-08-10 14:00:26.469000+00:00","pixel_size_m":30,"veg_source":"refreshed_d4","physics_source":"eikonal_fbfm40","history_n_dates":1,"degraded_history":true,"containment_pct":10,"acres_wfigs":924.3420700993352,"hour":20,"valid_at_utc":"2026-08-10 20:00:00"}},{"type":"Feature","geometry":{"type":"MultiPolygon","coordinates":[[[[-106.60727,45.1951],[-106.60689,45.1951],[-106.60689,45.19429],[-106.60651,45.19429],[-106.60651,45.19348],[-106.60612,45.19348],[-106.60612,45.19186],[-106.60536,45.19186],[-106.60536,45.19159],[-106.60421,45.19159],[-106.60421,45.19132],[-106.60345,45.19132],[-106.60345,45.19078],[-106.60383,45.19078],[-106.60383,45.19051],[-106.60421,45.19051],[-106.60421,45.19024],[-106.60459,45.19024],[-106.60459,45.18998],[-106.60536,45.18971],[-106.60536,45.18944],[-106.60612,45.18944],[-106.60612,45.1889],[-106.60651,45.1889],[-106.60651,45.18863],[-106.60612,45.18863],[-106.60612,45.18836],[-106.60536,45.18836],[-106.60536,45.18809],[-106.60498,45.18809],[-106.60498,45.18782],[-106.60536,45.18782],[-106.60536,45.18701],[-106.60498,45.18701],[-106.60498,45.18674],[-106.60345,45.18674],[-106.60345,45.18701],[-106.60154,45.18701],[-106.60154,45.18566],[-106.60115,45.18566],[-106.60115,45.18539],[-106.60154,45.18539],[-106.60154,45.18432],[-106.60115,45.18432],[-106.60115,45.18378],[-106.60077,45.18378],[-106.60077,45.18297],[-106.60268,45.18297],[-106.60268,45.18216],[-106.60192,45.18189],[-106.60192,45.17973],[-106.6023,45.17973],[-106.6023,45.17947],[-106.60421,45.17947],[-106.60421,45.17893],[-106.60459,45.17893],[-106.60459,45.17812],[-106.60498,45.17812],[-106.60498,45.17758],[-106.60612,45.17758],[-106.60612,45.17812],[-106.60574,45.17812],[-106.60574,45.17866],[-106.60498,45.17893],[-106.60498,45.17973],[-106.60651,45.17973],[-106.60651,45.17947],[-106.60689,45.17947],[-106.60689,45.17893],[-106.60765,45.17866],[-106.60765,45.17812],[-106.60804,45.17812],[-106.60804,45.17704],[-106.60957,45.17677],[-106.60957,45.17596],[-106.60995,45.17596],[-106.60995,45.17569],[-106.61033,45.17569],[-106.61033,45.17542],[-106.61071,45.17542],[-106.61071,45.17569],[-106.61186,45.17569],[-106.61186,45.17515],[-106.61224,45.17515],[-106.61224,45.17488],[-106.61262,45.17488],[-106.61262,45.17461],[-106.61339,45.17461],[-106.61339,45.17434],[-106.61415,45.17434],[-106.61415,45.17408],[-106.61492,45.17381],[-106.61492,45.17246],[-106.61454,45.17246],[-106.61454,45.17165],[-106.61492,45.17165],[-106.61492,45.17138],[-106.61568,45.17138],[-106.61568,45.17165],[-106.61607,45.17165],[-106.61607,45.17219],[-106.61568,45.17219],[-106.61568,45.17246],[-106.61645,45.17246],[-106.61645,45.17219],[-106.6176,45.17219],[-106.6176,45.17246],[-106.61989,45.17246],[-106.61989,45.17219],[-106.62065,45.17192],[-106.62065,45.17165],[-106.62486,45.17165],[-106.62486,45.17138],[-106.62563,45.17138],[-106.62563,45.17111],[-106.62639,45.17111],[-106.62639,45.1703],[-106.62677,45.1703],[-106.62677,45.16976],[-106.62716,45.16976],[-106.62716,45.16949],[-106.62754,45.16949],[-106.62754,45.16922],[-106.6283,45.16922],[-106.6283,45.16949],[-106.62869,45.16949],[-106.62869,45.17003],[-106.6283,45.17003],[-106.6283,45.17057],[-106.62869,45.17057],[-106.62869,45.17138],[-106.62677,45.17138],[-106.62677,45.17165],[-106.62716,45.17165],[-106.62716,45.17219],[-106.62792,45.17219],[-106.62792,45.17246],[-106.62945,45.17246],[-106.62945,45.17219],[-106.63098,45.17219],[-106.63098,45.17246],[-106.63174,45.17246],[-106.63174,45.17219],[-106.63327,45.17219],[-106.63327,45.17192],[-106.63366,45.17192],[-106.63366,45.17165],[-106.63442,45.17165],[-106.63442,45.17138],[-106.63519,45.17138],[-106.63519,45.17111],[-106.63633,45.17111],[-106.63633,45.17138],[-106.6371,45.17165],[-106.6371,45.17192],[-106.63786,45.17192],[-106.63786,45.17219],[-106.64092,45.17219],[-106.64092,45.17246],[-106.64207,45.17246],[-106.64207,45.17273],[-106.64283,45.17273],[-106.64283,45.17246],[-106.64322,45.17246],[-106.64322,45.17192],[-106.64283,45.17192],[-106.64283,45.17111],[-106.6436,45.17084],[-106.6436,45.17057],[-106.64436,45.17057],[-106.64436,45.17138],[-106.64398,45.17138],[-106.64398,45.17192],[-106.6436,45.17192],[-106.6436,45.173],[-106.64398,45.173],[-106.64398,45.17408],[-106.64436,45.17408],[-106.64436,45.17488],[-106.64475,45.17488],[-106.64475,45.17515],[-106.64589,45.17515],[-106.64589,45.17488],[-106.64666,45.17488],[-106.64666,45.17515],[-106.64742,45.17515],[-106.64742,45.17542],[-106.6478,45.17542],[-106.6478,45.17515],[-106.64895,45.17515],[-106.64895,45.17542],[-106.64933,45.17542],[-106.64933,45.17623],[-106.64972,45.17623],[-106.64972,45.1765],[-106.65048,45.17677],[-106.65048,45.17704],[-106.65086,45.17704],[-106.65086,45.17731],[-106.6501,45.17731],[-106.6501,45.17758],[-106.65086,45.17785],[-106.65086,45.17812],[-106.65125,45.17812],[-106.65125,45.17839],[-106.65201,45.17839],[-106.65201,45.17866],[-106.65316,45.17866],[-106.65316,45.17812],[-106.65239,45.17785],[-106.65239,45.17731],[-106.65316,45.17731],[-106.65316,45.17758],[-106.65392,45.17758],[-106.65392,45.17785],[-106.65431,45.17785],[-106.65431,45.17812],[-106.65507,45.17812],[-106.65507,45.17839],[-106.65545,45.17839],[-106.65545,45.17866],[-106.65622,45.17893],[-106.65622,45.1792],[-106.65775,45.1792],[-106.65775,45.17893],[-106.65813,45.17893],[-106.65813,45.17866],[-106.65928,45.17866],[-106.65928,45.1792],[-106.65966,45.1792],[-106.65966,45.17947],[-106.65928,45.17947],[-106.65928,45.18],[-106.65889,45.18],[-106.65889,45.18027],[-106.66004,45.18027],[-106.66004,45.18],[-106.66081,45.17973],[-106.66081,45.17947],[-106.66272,45.17947],[-106.66272,45.18027],[-106.66234,45.18027],[-106.66234,45.18189],[-106.66272,45.18189],[-106.66272,45.18459],[-106.6631,45.18459],[-106.6631,45.18486],[-106.66386,45.18486],[-106.66386,45.18512],[-106.66425,45.18512],[-106.66425,45.18593],[-106.66463,45.18593],[-106.66463,45.18701],[-106.66425,45.18701],[-106.66425,45.18755],[-106.66463,45.18755],[-106.66463,45.18809],[-106.66425,45.18809],[-106.66425,45.18836],[-106.66348,45.18863],[-106.66348,45.18944],[-106.66386,45.18944],[-106.66386,45.18971],[-106.66425,45.18971],[-106.66425,45.18998],[-106.66501,45.18998],[-106.66501,45.19024],[-106.66539,45.19024],[-106.66539,45.19051],[-106.66616,45.19078],[-106.66616,45.19105],[-106.66692,45.19105],[-106.66692,45.19132],[-106.66845,45.19132],[-106.66845,45.19159],[-106.66807,45.19159],[-106.66807,45.19186],[-106.66731,45.19186],[-106.66731,45.19213],[-106.66692,45.19213],[-106.66692,45.1924],[-106.66539,45.1924],[-106.66539,45.19213],[-106.66501,45.19213],[-106.66501,45.19186],[-106.66386,45.19186],[-106.66386,45.19159],[-106.66234,45.19159],[-106.66234,45.19186],[-106.66195,45.19186],[-106.66195,45.19213],[-106.66234,45.19213],[-106.66234,45.19348],[-106.66195,45.19348],[-106.66195,45.19402],[-106.66157,45.19402],[-106.66157,45.19537],[-106.66463,45.19537],[-106.66463,45.1959],[-106.66501,45.1959],[-106.66501,45.19617],[-106.6631,45.19617],[-106.6631,45.19698],[-106.66501,45.19698],[-106.66501,45.19644],[-106.66539,45.19644],[-106.66539,45.19698],[-106.66692,45.19698],[-106.66692,45.19725],[-106.66731,45.19725],[-106.66731,45.19779],[-106.66692,45.19779],[-106.66692,45.19806],[-106.66654,45.19806],[-106.66654,45.19833],[-106.66578,45.19833],[-106.66578,45.1986],[-106.66501,45.19887],[-106.66501,45.20049],[-106.66463,45.20049],[-106.66463,45.20183],[-106.66539,45.20183],[-106.66539,45.20156],[-106.66578,45.20156],[-106.66578,45.20129],[-106.66654,45.20102],[-106.66654,45.20076],[-106.66692,45.20076],[-106.66692,45.20264],[-106.66654,45.20264],[-106.66654,45.20345],[-106.66578,45.20372],[-106.66578,45.20426],[-106.66616,45.20426],[-106.66616,45.20534],[-106.66578,45.20534],[-106.66578,45.20588],[-106.66539,45.20588],[-106.66539,45.20615],[-106.66501,45.20615],[-106.66501,45.20641],[-106.66425,45.20668],[-106.66425,45.20695],[-106.66272,45.20695],[-106.66272,45.20722],[-106.66234,45.20722],[-106.66234,45.20749],[-106.66119,45.20749],[-106.66119,45.20695],[-106.66081,45.20695],[-106.66081,45.20668],[-106.65966,45.20668],[-106.65966,45.20749],[-106.66004,45.20749],[-106.66004,45.20776],[-106.66042,45.20776],[-106.66042,45.20803],[-106.66119,45.20803],[-106.66119,45.20776],[-106.66157,45.20776],[-106.66157,45.2083],[-106.66234,45.2083],[-106.66234,45.20857],[-106.66195,45.20857],[-106.66195,45.20884],[-106.66234,45.20884],[-106.66234,45.20938],[-106.6631,45.20938],[-106.6631,45.20965],[-106.66157,45.20965],[-106.66157,45.20992],[-106.66119,45.20992],[-106.66119,45.21019],[-106.66081,45.21019],[-106.66081,45.21046],[-106.65889,45.21046],[-106.65889,45.21073],[-106.65851,45.21073],[-106.65851,45.21127],[-106.6566,45.21127],[-106.6566,45.21153],[-106.65622,45.21153],[-106.65622,45.2118],[-106.65545,45.2118],[-106.65545,45.21207],[-106.65239,45.21207],[-106.65239,45.21234],[-106.65201,45.21234],[-106.65201,45.21261],[-106.65239,45.21261],[-106.65239,45.21288],[-106.65163,45.21288],[-106.65163,45.21315],[-106.65125,45.21315],[-106.65125,45.21342],[-106.65048,45.21342],[-106.65048,45.21396],[-106.64819,45.21396],[-106.64819,45.21423],[-106.6478,45.21423],[-106.6478,45.2145],[-106.64551,45.2145],[-106.64551,45.21504],[-106.64513,45.21504],[-106.64513,45.21558],[-106.64436,45.21558],[-106.64436,45.21585],[-106.6436,45.21585],[-106.6436,45.21612],[-106.64169,45.21612],[-106.64169,45.21639],[-106.6413,45.21639],[-106.6413,45.21531],[-106.64092,45.21531],[-106.64092,45.21504],[-106.64054,45.21504],[-106.64054,45.21477],[-106.63939,45.21477],[-106.63939,45.21504],[-106.63863,45.21504],[-106.63863,45.21531],[-106.6371,45.21504],[-106.6371,45.21531],[-106.63557,45.21531],[-106.63557,45.21558],[-106.63519,45.21558],[-106.63519,45.21477],[-106.63557,45.21477],[-106.63557,45.2145],[-106.63633,45.2145],[-106.63633,45.21423],[-106.63863,45.21423],[-106.63863,45.21396],[-106.63939,45.21396],[-106.63939,45.21342],[-106.63863,45.21315],[-106.63863,45.21261],[-106.63824,45.21261],[-106.63824,45.2118],[-106.63672,45.2118],[-106.63672,45.21153],[-106.63289,45.2118],[-106.63289,45.21234],[-106.63251,45.21234],[-106.63251,45.21423],[-106.63289,45.21423],[-106.63289,45.21531],[-106.63251,45.21531],[-106.63251,45.21504],[-106.63213,45.21504],[-106.63213,45.21477],[-106.63136,45.2145],[-106.63136,45.21423],[-106.6306,45.21396],[-106.6306,45.21261],[-106.63136,45.21261],[-106.63136,45.21234],[-106.6306,45.21207],[-106.6306,45.21153],[-106.62983,45.21127],[-106.62983,45.21073],[-106.62945,45.21073],[-106.62945,45.20992],[-106.62983,45.20992],[-106.62983,45.20965],[-106.6283,45.20965],[-106.6283,45.20938],[-106.62869,45.20938],[-106.62869,45.20857],[-106.6283,45.20857],[-106.6283,45.2083],[-106.62792,45.2083],[-106.62792,45.20803],[-106.62754,45.20803],[-106.62754,45.2083],[-106.62677,45.20857],[-106.62677,45.20911],[-106.62601,45.20938],[-106.62601,45.20965],[-106.62448,45.20965],[-106.62448,45.20992],[-106.62333,45.20992],[-106.62333,45.20965],[-106.62257,45.20938],[-106.62257,45.20884],[-106.62295,45.20884],[-106.62295,45.20857],[-106.62333,45.20857],[-106.62333,45.2083],[-106.6241,45.2083],[-106.6241,45.20803],[-106.62448,45.20803],[-106.62448,45.20749],[-106.62295,45.20749],[-106.62295,45.20722],[-106.62218,45.20722],[-106.62218,45.20695],[-106.6218,45.20695],[-106.6218,45.20668],[-106.62104,45.20668],[-106.62104,45.20641],[-106.61836,45.20641],[-106.61836,45.20615],[-106.6176,45.20588],[-106.6176,45.20507],[-106.61874,45.20507],[-106.61874,45.2048],[-106.61913,45.2048],[-106.61913,45.20453],[-106.61989,45.20453],[-106.61989,45.20426],[-106.62027,45.20426],[-106.62027,45.20372],[-106.61989,45.20372],[-106.61989,45.20318],[-106.61951,45.20318],[-106.61951,45.20264],[-106.61568,45.20264],[-106.61568,45.20237],[-106.6153,45.20237],[-106.6153,45.20156],[-106.61454,45.20156],[-106.61454,45.20129],[-106.61148,45.20129],[-106.61148,45.20102],[-106.6111,45.20102],[-106.6111,45.20076],[-106.61186,45.20049],[-106.61186,45.20022],[-106.61454,45.20022],[-106.61454,45.19995],[-106.6153,45.19968],[-106.6153,45.19941],[-106.61492,45.19941],[-106.61492,45.19887],[-106.61415,45.19887],[-106.61415,45.1986],[-106.61377,45.1986],[-106.61377,45.19833],[-106.61301,45.19833],[-106.61301,45.19806],[-106.61148,45.19833],[-106.61148,45.19887],[-106.61033,45.19887],[-106.61033,45.1986],[-106.60995,45.1986],[-106.60995,45.19644],[-106.60957,45.19644],[-106.60957,45.1959],[-106.6088,45.19563],[-106.6088,45.1951],[-106.60804,45.1951],[-106.60804,45.19537],[-106.60727,45.19537],[-106.60727,45.1951]],[[-106.64398,45.21288],[-106.64283,45.21288],[-106.64283,45.21234],[-106.6413,45.21234],[-106.6413,45.21261],[-106.64092,45.21261],[-106.64092,45.21288],[-106.64016,45.21288],[-106.64016,45.21315],[-106.64398,45.21315],[-106.64398,45.21288]],[[-106.63251,45.21019],[-106.63213,45.21019],[-106.63213,45.21073],[-106.63251,45.21073],[-106.63251,45.21019]],[[-106.61874,45.2021],[-106.61836,45.2021],[-106.61836,45.20156],[-106.61798,45.20156],[-106.61798,45.20102],[-106.61721,45.20102],[-106.61721,45.20129],[-106.6176,45.20129],[-106.6176,45.20156],[-106.61721,45.20156],[-106.61721,45.20183],[-106.6176,45.20183],[-106.6176,45.20237],[-106.61874,45.20237],[-106.61874,45.2021]],[[-106.66042,45.20129],[-106.66119,45.20129],[-106.66119,45.20102],[-106.66195,45.20076],[-106.66195,45.20049],[-106.66234,45.20049],[-106.66234,45.19995],[-106.66004,45.19995],[-106.66004,45.20076],[-106.65966,45.20076],[-106.65966,45.20129],[-106.66004,45.20129],[-106.66004,45.20156],[-106.66042,45.20156],[-106.66042,45.20129]],[[-106.64666,45.20049],[-106.64628,45.20049],[-106.64628,45.20076],[-106.64666,45.20076],[-106.64666,45.20049]],[[-106.61683,45.20022],[-106.61721,45.20022],[-106.61721,45.19995],[-106.61683,45.19995],[-106.61683,45.20022]],[[-106.61683,45.19968],[-106.61721,45.19968],[-106.61721,45.19941],[-106.61683,45.19941],[-106.61683,45.19914],[-106.61607,45.19914],[-106.61607,45.19968],[-106.61645,45.19968],[-106.61645,45.19995],[-106.61683,45.19995],[-106.61683,45.19968]],[[-106.61721,45.19051],[-106.61683,45.19051],[-106.61683,45.19078],[-106.61721,45.19078],[-106.61721,45.19051]],[[-106.61645,45.19051],[-106.61607,45.19051],[-106.61607,45.19078],[-106.61645,45.19078],[-106.61645,45.19051]],[[-106.61645,45.18971],[-106.61607,45.18971],[-106.61607,45.18998],[-106.61645,45.18998],[-106.61645,45.18971]],[[-106.66195,45.1862],[-106.66272,45.18593],[-106.66272,45.18539],[-106.66157,45.18539],[-106.66157,45.18566],[-106.66081,45.18593],[-106.66081,45.1862],[-106.66119,45.1862],[-106.66119,45.18647],[-106.66195,45.18647],[-106.66195,45.1862]],[[-106.64436,45.18512],[-106.64398,45.18512],[-106.64398,45.18539],[-106.64436,45.18539],[-106.64436,45.18512]],[[-106.6436,45.18512],[-106.64322,45.18512],[-106.64322,45.18539],[-106.6436,45.18539],[-106.6436,45.18512]],[[-106.66119,45.18243],[-106.66042,45.18243],[-106.66042,45.1827],[-106.66004,45.1827],[-106.66004,45.18324],[-106.66119,45.18324],[-106.66119,45.18243]],[[-106.63595,45.18108],[-106.63557,45.18108],[-106.63557,45.18135],[-106.63595,45.18135],[-106.63595,45.18108]],[[-106.6348,45.18108],[-106.63442,45.18108],[-106.63442,45.18135],[-106.6348,45.18135],[-106.6348,45.18108]],[[-106.6218,45.18081],[-106.62142,45.18081],[-106.62142,45.18108],[-106.6218,45.18108],[-106.6218,45.18081]],[[-106.6218,45.18027],[-106.62142,45.18027],[-106.62142,45.18054],[-106.6218,45.18054],[-106.6218,45.18027]],[[-106.62257,45.18],[-106.62218,45.18],[-106.62218,45.18027],[-106.62257,45.18027],[-106.62257,45.18]],[[-106.62524,45.17947],[-106.62486,45.17947],[-106.62486,45.17973],[-106.62524,45.17973],[-106.62524,45.17947]],[[-106.62869,45.17839],[-106.6283,45.17839],[-106.6283,45.17866],[-106.62869,45.17866],[-106.62869,45.17839]]],[[[-106.60727,45.19563],[-106.60689,45.19563],[-106.60689,45.19537],[-106.60727,45.19537],[-106.60727,45.19563]]]]},"properties":{"layer":"predicted_reach_h21","fire_name":"Harris","irwin_id":"{1CF9F8F2-53E7-46E0-8744-2CE5FCCB2D74}","model":"arrival_run","checkpoint_epoch":216,"decode":"connected_causal","operating_point":{"floor":0.0,"mult":0.9},"val_precision":null,"val_recall":null,"model_caveat":"arrival_run chosen for best RECALL among the six FlameFlux v3 candidates on the production-valid t0-window corpus (R=0.624 on the fc2 held-out fires, R=0.432 on Dillon -- see candidate_comparison.md from the 2026-07-24 comparison). It does NOT meet the project's P>=0.50/R>=0.80 target: precision is the WORST of the six (P=0.120 on fc2 -- most flagged growth is wrong), and wind_run actually edges it on F1. IMPORTANT CAVEAT: arrival_run trained on the leaky 'observed' corpus (crop centered/sized on t0|t1, i.e. it saw the future perimeter's geometry during training) and has NEVER seen a t0-window crop -- the ONLY geometry this live pipeline can ever produce at forecast time (the future perimeter is, by definition, unknown). So every live prediction from this model is out-of-distribution relative to its own training. The measured t0-window numbers above already reflect that (they are not a surprise), but this is 'best available', not 'production-ready' -- represent it that way. The operating_point (floor=0.0, mult=0.9) is the VAL-selected connected-causal decode point; it did NOT clear the 0.50 precision floor during selection (feasible=False, val P=0.270/R=0.259) -- it's the best-F1 fallback point, not a precision-guaranteed one.","issued_at_utc":"2026-08-10 14:30:50.037077+00:00","valid_from_utc":"2026-08-10 00:00:00","valid_to_utc":"2026-08-11 00:00:00","wfigs_date_current_utc":"2026-08-10 14:00:26.469000+00:00","pixel_size_m":30,"veg_source":"refreshed_d4","physics_source":"eikonal_fbfm40","history_n_dates":1,"degraded_history":true,"containment_pct":10,"acres_wfigs":924.3420700993352,"hour":21,"valid_at_utc":"2026-08-10 21:00:00"}},{"type":"Feature","geometry":{"type":"MultiPolygon","coordinates":[[[[-106.60727,45.1951],[-106.60689,45.1951],[-106.60689,45.19429],[-106.60651,45.19429],[-106.60651,45.19348],[-106.60612,45.19348],[-106.60612,45.19186],[-106.60536,45.19186],[-106.60536,45.19159],[-106.60421,45.19159],[-106.60421,45.19132],[-106.60345,45.19132],[-106.60345,45.19078],[-106.60383,45.19078],[-106.60383,45.19051],[-106.60421,45.19051],[-106.60421,45.19024],[-106.60459,45.19024],[-106.60459,45.18998],[-106.60536,45.18971],[-106.60536,45.18944],[-106.60612,45.18944],[-106.60612,45.1889],[-106.60651,45.1889],[-106.60651,45.18863],[-106.60612,45.18863],[-106.60612,45.18836],[-106.60536,45.18836],[-106.60536,45.18809],[-106.60498,45.18809],[-106.60498,45.18782],[-106.60536,45.18782],[-106.60536,45.18701],[-106.60498,45.18701],[-106.60498,45.18674],[-106.60345,45.18674],[-106.60345,45.18701],[-106.60154,45.18701],[-106.60154,45.18566],[-106.60115,45.18566],[-106.60115,45.18539],[-106.60154,45.18539],[-106.60154,45.18432],[-106.60115,45.18432],[-106.60115,45.18378],[-106.60077,45.18378],[-106.60077,45.18297],[-106.60268,45.18297],[-106.60268,45.18216],[-106.60192,45.18189],[-106.60192,45.17973],[-106.6023,45.17973],[-106.6023,45.17947],[-106.60421,45.17947],[-106.60421,45.17893],[-106.60459,45.17893],[-106.60459,45.17812],[-106.60498,45.17812],[-106.60498,45.17758],[-106.60612,45.17758],[-106.60612,45.17812],[-106.60574,45.17812],[-106.60574,45.17866],[-106.60498,45.17893],[-106.60498,45.17973],[-106.60651,45.17973],[-106.60651,45.17947],[-106.60689,45.17947],[-106.60689,45.17893],[-106.60765,45.17866],[-106.60765,45.17812],[-106.60804,45.17812],[-106.60804,45.17704],[-106.60957,45.17677],[-106.60957,45.17596],[-106.60995,45.17596],[-106.60995,45.17569],[-106.61033,45.17569],[-106.61033,45.17542],[-106.61071,45.17542],[-106.61071,45.17569],[-106.61186,45.17569],[-106.61186,45.17515],[-106.61224,45.17515],[-106.61224,45.17488],[-106.61262,45.17488],[-106.61262,45.17461],[-106.61339,45.17461],[-106.61339,45.17434],[-106.61415,45.17434],[-106.61415,45.17408],[-106.61492,45.17381],[-106.61492,45.17246],[-106.61454,45.17246],[-106.61454,45.17165],[-106.61492,45.17165],[-106.61492,45.17138],[-106.61568,45.17138],[-106.61568,45.17165],[-106.61607,45.17165],[-106.61607,45.17219],[-106.61568,45.17219],[-106.61568,45.17246],[-106.61645,45.17246],[-106.61645,45.17219],[-106.6176,45.17219],[-106.6176,45.17246],[-106.61989,45.17246],[-106.61989,45.17219],[-106.62065,45.17192],[-106.62065,45.17165],[-106.62486,45.17165],[-106.62486,45.17138],[-106.62563,45.17138],[-106.62563,45.17111],[-106.62639,45.17111],[-106.62639,45.1703],[-106.62677,45.1703],[-106.62677,45.16976],[-106.62716,45.16976],[-106.62716,45.16949],[-106.62754,45.16949],[-106.62754,45.16922],[-106.6283,45.16922],[-106.6283,45.16949],[-106.62869,45.16949],[-106.62869,45.17003],[-106.6283,45.17003],[-106.6283,45.17057],[-106.62869,45.17057],[-106.62869,45.17138],[-106.62677,45.17138],[-106.62677,45.17165],[-106.62716,45.17165],[-106.62716,45.17219],[-106.62792,45.17219],[-106.62792,45.17246],[-106.62945,45.17246],[-106.62945,45.17219],[-106.63098,45.17219],[-106.63098,45.17246],[-106.63174,45.17246],[-106.63174,45.17219],[-106.63327,45.17219],[-106.63327,45.17192],[-106.63366,45.17192],[-106.63366,45.17165],[-106.63442,45.17165],[-106.63442,45.17138],[-106.63519,45.17138],[-106.63519,45.17111],[-106.63633,45.17111],[-106.63633,45.17138],[-106.6371,45.17165],[-106.6371,45.17192],[-106.63786,45.17192],[-106.63786,45.17219],[-106.64092,45.17219],[-106.64092,45.17246],[-106.64207,45.17246],[-106.64207,45.17273],[-106.64283,45.17273],[-106.64283,45.17246],[-106.64322,45.17246],[-106.64322,45.17192],[-106.64283,45.17192],[-106.64283,45.17111],[-106.6436,45.17084],[-106.6436,45.17057],[-106.64436,45.17057],[-106.64436,45.17138],[-106.64398,45.17138],[-106.64398,45.17192],[-106.6436,45.17192],[-106.6436,45.173],[-106.64398,45.173],[-106.64398,45.17408],[-106.64436,45.17408],[-106.64436,45.17488],[-106.64475,45.17488],[-106.64475,45.17515],[-106.64589,45.17515],[-106.64589,45.17488],[-106.64666,45.17488],[-106.64666,45.17515],[-106.64742,45.17515],[-106.64742,45.17542],[-106.6478,45.17542],[-106.6478,45.17515],[-106.64895,45.17515],[-106.64895,45.17542],[-106.64933,45.17542],[-106.64933,45.17623],[-106.64972,45.17623],[-106.64972,45.1765],[-106.65048,45.17677],[-106.65048,45.17704],[-106.65086,45.17704],[-106.65086,45.17731],[-106.6501,45.17731],[-106.6501,45.17758],[-106.65086,45.17785],[-106.65086,45.17812],[-106.65125,45.17812],[-106.65125,45.17839],[-106.65201,45.17839],[-106.65201,45.17866],[-106.65316,45.17866],[-106.65316,45.17812],[-106.65239,45.17785],[-106.65239,45.17731],[-106.65316,45.17731],[-106.65316,45.17758],[-106.65392,45.17758],[-106.65392,45.17785],[-106.65431,45.17785],[-106.65431,45.17812],[-106.65507,45.17812],[-106.65507,45.17839],[-106.65545,45.17839],[-106.65545,45.17866],[-106.65622,45.17893],[-106.65622,45.1792],[-106.65775,45.1792],[-106.65775,45.17893],[-106.65813,45.17893],[-106.65813,45.17866],[-106.65928,45.17866],[-106.65928,45.1792],[-106.65966,45.1792],[-106.65966,45.17947],[-106.65928,45.17947],[-106.65928,45.18],[-106.65889,45.18],[-106.65889,45.18027],[-106.66004,45.18027],[-106.66004,45.18],[-106.66081,45.17973],[-106.66081,45.17947],[-106.66272,45.17947],[-106.66272,45.18027],[-106.66234,45.18027],[-106.66234,45.18189],[-106.66272,45.18189],[-106.66272,45.18459],[-106.6631,45.18459],[-106.6631,45.18486],[-106.66386,45.18486],[-106.66386,45.18512],[-106.66425,45.18512],[-106.66425,45.18593],[-106.66463,45.18593],[-106.66463,45.18701],[-106.66425,45.18701],[-106.66425,45.18755],[-106.66463,45.18755],[-106.66463,45.18809],[-106.66425,45.18809],[-106.66425,45.18836],[-106.66348,45.18863],[-106.66348,45.18944],[-106.66386,45.18944],[-106.66386,45.18971],[-106.66425,45.18971],[-106.66425,45.18998],[-106.66501,45.18998],[-106.66501,45.19024],[-106.66539,45.19024],[-106.66539,45.19051],[-106.66616,45.19078],[-106.66616,45.19105],[-106.66692,45.19105],[-106.66692,45.19132],[-106.66845,45.19132],[-106.66845,45.19159],[-106.66807,45.19159],[-106.66807,45.19186],[-106.66731,45.19186],[-106.66731,45.19213],[-106.66692,45.19213],[-106.66692,45.1924],[-106.66539,45.1924],[-106.66539,45.19213],[-106.66501,45.19213],[-106.66501,45.19186],[-106.66386,45.19186],[-106.66386,45.19159],[-106.66234,45.19159],[-106.66234,45.19186],[-106.66195,45.19186],[-106.66195,45.19213],[-106.66234,45.19213],[-106.66234,45.19348],[-106.66195,45.19348],[-106.66195,45.19402],[-106.66157,45.19402],[-106.66157,45.19537],[-106.66463,45.19537],[-106.66463,45.1959],[-106.66501,45.1959],[-106.66501,45.19617],[-106.6631,45.19617],[-106.6631,45.19698],[-106.66501,45.19698],[-106.66501,45.19644],[-106.66539,45.19644],[-106.66539,45.19698],[-106.66692,45.19698],[-106.66692,45.19725],[-106.66731,45.19725],[-106.66731,45.19779],[-106.66692,45.19779],[-106.66692,45.19806],[-106.66654,45.19806],[-106.66654,45.19833],[-106.66578,45.19833],[-106.66578,45.1986],[-106.66501,45.19887],[-106.66501,45.20049],[-106.66463,45.20049],[-106.66463,45.20183],[-106.66539,45.20183],[-106.66539,45.20156],[-106.66578,45.20156],[-106.66578,45.20129],[-106.66654,45.20102],[-106.66654,45.20076],[-106.66692,45.20076],[-106.66692,45.20264],[-106.66654,45.20264],[-106.66654,45.20345],[-106.66578,45.20372],[-106.66578,45.20426],[-106.66616,45.20426],[-106.66616,45.20534],[-106.66578,45.20534],[-106.66578,45.20588],[-106.66539,45.20588],[-106.66539,45.20615],[-106.66501,45.20615],[-106.66501,45.20641],[-106.66425,45.20668],[-106.66425,45.20695],[-106.66272,45.20695],[-106.66272,45.20722],[-106.66234,45.20722],[-106.66234,45.20749],[-106.66119,45.20749],[-106.66119,45.20695],[-106.66081,45.20695],[-106.66081,45.20668],[-106.65966,45.20668],[-106.65966,45.20749],[-106.66004,45.20749],[-106.66004,45.20776],[-106.66042,45.20776],[-106.66042,45.20803],[-106.66119,45.20803],[-106.66119,45.20776],[-106.66157,45.20776],[-106.66157,45.2083],[-106.66234,45.2083],[-106.66234,45.20857],[-106.66195,45.20857],[-106.66195,45.20884],[-106.66234,45.20884],[-106.66234,45.20938],[-106.6631,45.20938],[-106.6631,45.20965],[-106.66157,45.20965],[-106.66157,45.20992],[-106.66119,45.20992],[-106.66119,45.21019],[-106.66081,45.21019],[-106.66081,45.21046],[-106.65889,45.21046],[-106.65889,45.21073],[-106.65851,45.21073],[-106.65851,45.21127],[-106.6566,45.21127],[-106.6566,45.21153],[-106.65622,45.21153],[-106.65622,45.2118],[-106.65545,45.2118],[-106.65545,45.21207],[-106.65239,45.21207],[-106.65239,45.21234],[-106.65201,45.21234],[-106.65201,45.21261],[-106.65239,45.21261],[-106.65239,45.21288],[-106.65163,45.21288],[-106.65163,45.21315],[-106.65125,45.21315],[-106.65125,45.21342],[-106.65048,45.21342],[-106.65048,45.21396],[-106.64819,45.21396],[-106.64819,45.21423],[-106.6478,45.21423],[-106.6478,45.2145],[-106.64551,45.2145],[-106.64551,45.21504],[-106.64513,45.21504],[-106.64513,45.21558],[-106.64436,45.21558],[-106.64436,45.21585],[-106.6436,45.21585],[-106.6436,45.21612],[-106.64169,45.21612],[-106.64169,45.21639],[-106.6413,45.21639],[-106.6413,45.21531],[-106.64092,45.21531],[-106.64092,45.21504],[-106.64054,45.21504],[-106.64054,45.21477],[-106.63939,45.21477],[-106.63939,45.21504],[-106.63863,45.21504],[-106.63863,45.21531],[-106.6371,45.21504],[-106.6371,45.21531],[-106.63557,45.21531],[-106.63557,45.21558],[-106.63519,45.21558],[-106.63519,45.21477],[-106.63557,45.21477],[-106.63557,45.2145],[-106.63633,45.2145],[-106.63633,45.21423],[-106.63863,45.21423],[-106.63863,45.21396],[-106.63939,45.21396],[-106.63939,45.21342],[-106.63863,45.21315],[-106.63863,45.21261],[-106.63824,45.21261],[-106.63824,45.2118],[-106.63672,45.2118],[-106.63672,45.21153],[-106.63289,45.2118],[-106.63289,45.21234],[-106.63251,45.21234],[-106.63251,45.21423],[-106.63289,45.21423],[-106.63289,45.21531],[-106.63251,45.21531],[-106.63251,45.21504],[-106.63213,45.21504],[-106.63213,45.21477],[-106.63136,45.2145],[-106.63136,45.21423],[-106.6306,45.21396],[-106.6306,45.21261],[-106.63136,45.21261],[-106.63136,45.21234],[-106.6306,45.21207],[-106.6306,45.21153],[-106.62983,45.21127],[-106.62983,45.21073],[-106.62945,45.21073],[-106.62945,45.20992],[-106.62983,45.20992],[-106.62983,45.20965],[-106.6283,45.20965],[-106.6283,45.20938],[-106.62869,45.20938],[-106.62869,45.20857],[-106.6283,45.20857],[-106.6283,45.2083],[-106.62792,45.2083],[-106.62792,45.20803],[-106.62754,45.20803],[-106.62754,45.2083],[-106.62677,45.20857],[-106.62677,45.20911],[-106.62601,45.20938],[-106.62601,45.20965],[-106.62448,45.20965],[-106.62448,45.20992],[-106.62333,45.20992],[-106.62333,45.20965],[-106.62257,45.20938],[-106.62257,45.20884],[-106.62295,45.20884],[-106.62295,45.20857],[-106.62333,45.20857],[-106.62333,45.2083],[-106.6241,45.2083],[-106.6241,45.20803],[-106.62448,45.20803],[-106.62448,45.20749],[-106.62295,45.20749],[-106.62295,45.20722],[-106.62218,45.20722],[-106.62218,45.20695],[-106.6218,45.20695],[-106.6218,45.20668],[-106.62104,45.20668],[-106.62104,45.20641],[-106.61836,45.20641],[-106.61836,45.20615],[-106.6176,45.20588],[-106.6176,45.20507],[-106.61874,45.20507],[-106.61874,45.2048],[-106.61913,45.2048],[-106.61913,45.20453],[-106.61989,45.20453],[-106.61989,45.20426],[-106.62027,45.20426],[-106.62027,45.20372],[-106.61989,45.20372],[-106.61989,45.20318],[-106.61951,45.20318],[-106.61951,45.20264],[-106.61568,45.20264],[-106.61568,45.20237],[-106.6153,45.20237],[-106.6153,45.20156],[-106.61454,45.20156],[-106.61454,45.20129],[-106.61148,45.20129],[-106.61148,45.20102],[-106.6111,45.20102],[-106.6111,45.20076],[-106.61186,45.20049],[-106.61186,45.20022],[-106.61454,45.20022],[-106.61454,45.19995],[-106.6153,45.19968],[-106.6153,45.19941],[-106.61492,45.19941],[-106.61492,45.19887],[-106.61415,45.19887],[-106.61415,45.1986],[-106.61377,45.1986],[-106.61377,45.19833],[-106.61301,45.19833],[-106.61301,45.19806],[-106.61148,45.19833],[-106.61148,45.19887],[-106.61033,45.19887],[-106.61033,45.1986],[-106.60995,45.1986],[-106.60995,45.19644],[-106.60957,45.19644],[-106.60957,45.1959],[-106.6088,45.19563],[-106.6088,45.1951],[-106.60804,45.1951],[-106.60804,45.19537],[-106.60727,45.19537],[-106.60727,45.1951]],[[-106.64398,45.21288],[-106.64283,45.21288],[-106.64283,45.21234],[-106.6413,45.21234],[-106.6413,45.21261],[-106.64092,45.21261],[-106.64092,45.21288],[-106.64016,45.21288],[-106.64016,45.21315],[-106.64398,45.21315],[-106.64398,45.21288]],[[-106.63251,45.21019],[-106.63213,45.21019],[-106.63213,45.21073],[-106.63251,45.21073],[-106.63251,45.21019]],[[-106.61874,45.2021],[-106.61836,45.2021],[-106.61836,45.20156],[-106.61798,45.20156],[-106.61798,45.20102],[-106.61721,45.20102],[-106.61721,45.20129],[-106.6176,45.20129],[-106.6176,45.20156],[-106.61721,45.20156],[-106.61721,45.20183],[-106.6176,45.20183],[-106.6176,45.20237],[-106.61874,45.20237],[-106.61874,45.2021]],[[-106.66042,45.20129],[-106.66119,45.20129],[-106.66119,45.20102],[-106.66195,45.20076],[-106.66195,45.20049],[-106.66234,45.20049],[-106.66234,45.19995],[-106.66004,45.19995],[-106.66004,45.20076],[-106.65966,45.20076],[-106.65966,45.20129],[-106.66004,45.20129],[-106.66004,45.20156],[-106.66042,45.20156],[-106.66042,45.20129]],[[-106.64666,45.20049],[-106.64628,45.20049],[-106.64628,45.20076],[-106.64666,45.20076],[-106.64666,45.20049]],[[-106.61683,45.20022],[-106.61721,45.20022],[-106.61721,45.19995],[-106.61683,45.19995],[-106.61683,45.20022]],[[-106.61683,45.19968],[-106.61721,45.19968],[-106.61721,45.19941],[-106.61683,45.19941],[-106.61683,45.19914],[-106.61607,45.19914],[-106.61607,45.19968],[-106.61645,45.19968],[-106.61645,45.19995],[-106.61683,45.19995],[-106.61683,45.19968]],[[-106.61721,45.19051],[-106.61683,45.19051],[-106.61683,45.19078],[-106.61721,45.19078],[-106.61721,45.19051]],[[-106.61645,45.19051],[-106.61607,45.19051],[-106.61607,45.19078],[-106.61645,45.19078],[-106.61645,45.19051]],[[-106.61645,45.18971],[-106.61607,45.18971],[-106.61607,45.18998],[-106.61645,45.18998],[-106.61645,45.18971]],[[-106.66195,45.1862],[-106.66272,45.18593],[-106.66272,45.18539],[-106.66157,45.18539],[-106.66157,45.18566],[-106.66081,45.18593],[-106.66081,45.1862],[-106.66119,45.1862],[-106.66119,45.18647],[-106.66195,45.18647],[-106.66195,45.1862]],[[-106.64436,45.18512],[-106.64398,45.18512],[-106.64398,45.18539],[-106.64436,45.18539],[-106.64436,45.18512]],[[-106.6436,45.18512],[-106.64322,45.18512],[-106.64322,45.18539],[-106.6436,45.18539],[-106.6436,45.18512]],[[-106.66119,45.18243],[-106.66042,45.18243],[-106.66042,45.1827],[-106.66004,45.1827],[-106.66004,45.18324],[-106.66119,45.18324],[-106.66119,45.18243]],[[-106.63595,45.18108],[-106.63557,45.18108],[-106.63557,45.18135],[-106.63595,45.18135],[-106.63595,45.18108]],[[-106.6348,45.18108],[-106.63442,45.18108],[-106.63442,45.18135],[-106.6348,45.18135],[-106.6348,45.18108]],[[-106.6218,45.18081],[-106.62142,45.18081],[-106.62142,45.18108],[-106.6218,45.18108],[-106.6218,45.18081]],[[-106.6218,45.18027],[-106.62142,45.18027],[-106.62142,45.18054],[-106.6218,45.18054],[-106.6218,45.18027]],[[-106.62257,45.18],[-106.62218,45.18],[-106.62218,45.18027],[-106.62257,45.18027],[-106.62257,45.18]],[[-106.62524,45.17947],[-106.62486,45.17947],[-106.62486,45.17973],[-106.62524,45.17973],[-106.62524,45.17947]],[[-106.62869,45.17839],[-106.6283,45.17839],[-106.6283,45.17866],[-106.62869,45.17866],[-106.62869,45.17839]]],[[[-106.60727,45.19563],[-106.60689,45.19563],[-106.60689,45.19537],[-106.60727,45.19537],[-106.60727,45.19563]]]]},"properties":{"layer":"predicted_reach_h22","fire_name":"Harris","irwin_id":"{1CF9F8F2-53E7-46E0-8744-2CE5FCCB2D74}","model":"arrival_run","checkpoint_epoch":216,"decode":"connected_causal","operating_point":{"floor":0.0,"mult":0.9},"val_precision":null,"val_recall":null,"model_caveat":"arrival_run chosen for best RECALL among the six FlameFlux v3 candidates on the production-valid t0-window corpus (R=0.624 on the fc2 held-out fires, R=0.432 on Dillon -- see candidate_comparison.md from the 2026-07-24 comparison). It does NOT meet the project's P>=0.50/R>=0.80 target: precision is the WORST of the six (P=0.120 on fc2 -- most flagged growth is wrong), and wind_run actually edges it on F1. IMPORTANT CAVEAT: arrival_run trained on the leaky 'observed' corpus (crop centered/sized on t0|t1, i.e. it saw the future perimeter's geometry during training) and has NEVER seen a t0-window crop -- the ONLY geometry this live pipeline can ever produce at forecast time (the future perimeter is, by definition, unknown). So every live prediction from this model is out-of-distribution relative to its own training. The measured t0-window numbers above already reflect that (they are not a surprise), but this is 'best available', not 'production-ready' -- represent it that way. The operating_point (floor=0.0, mult=0.9) is the VAL-selected connected-causal decode point; it did NOT clear the 0.50 precision floor during selection (feasible=False, val P=0.270/R=0.259) -- it's the best-F1 fallback point, not a precision-guaranteed one.","issued_at_utc":"2026-08-10 14:30:50.037077+00:00","valid_from_utc":"2026-08-10 00:00:00","valid_to_utc":"2026-08-11 00:00:00","wfigs_date_current_utc":"2026-08-10 14:00:26.469000+00:00","pixel_size_m":30,"veg_source":"refreshed_d4","physics_source":"eikonal_fbfm40","history_n_dates":1,"degraded_history":true,"containment_pct":10,"acres_wfigs":924.3420700993352,"hour":22,"valid_at_utc":"2026-08-10 22:00:00"}},{"type":"Feature","geometry":{"type":"MultiPolygon","coordinates":[[[[-106.60727,45.1951],[-106.60689,45.1951],[-106.60689,45.19429],[-106.60651,45.19429],[-106.60651,45.19348],[-106.60612,45.19348],[-106.60612,45.19186],[-106.60536,45.19186],[-106.60536,45.19159],[-106.60421,45.19159],[-106.60421,45.19132],[-106.60345,45.19132],[-106.60345,45.19078],[-106.60383,45.19078],[-106.60383,45.19051],[-106.60421,45.19051],[-106.60421,45.19024],[-106.60459,45.19024],[-106.60459,45.18998],[-106.60536,45.18971],[-106.60536,45.18944],[-106.60612,45.18944],[-106.60612,45.1889],[-106.60651,45.1889],[-106.60651,45.18863],[-106.60612,45.18863],[-106.60612,45.18836],[-106.60536,45.18836],[-106.60536,45.18809],[-106.60498,45.18809],[-106.60498,45.18782],[-106.60536,45.18782],[-106.60536,45.18701],[-106.60498,45.18701],[-106.60498,45.18674],[-106.60345,45.18674],[-106.60345,45.18701],[-106.60154,45.18701],[-106.60154,45.18566],[-106.60115,45.18566],[-106.60115,45.18539],[-106.60154,45.18539],[-106.60154,45.18432],[-106.60115,45.18432],[-106.60115,45.18378],[-106.60077,45.18378],[-106.60077,45.18297],[-106.60268,45.18297],[-106.60268,45.18216],[-106.60192,45.18189],[-106.60192,45.17973],[-106.6023,45.17973],[-106.6023,45.17947],[-106.60421,45.17947],[-106.60421,45.17893],[-106.60459,45.17893],[-106.60459,45.17812],[-106.60498,45.17812],[-106.60498,45.17758],[-106.60612,45.17758],[-106.60612,45.17812],[-106.60574,45.17812],[-106.60574,45.17866],[-106.60498,45.17893],[-106.60498,45.17973],[-106.60651,45.17973],[-106.60651,45.17947],[-106.60689,45.17947],[-106.60689,45.17893],[-106.60765,45.17866],[-106.60765,45.17812],[-106.60804,45.17812],[-106.60804,45.17704],[-106.60957,45.17677],[-106.60957,45.17596],[-106.60995,45.17596],[-106.60995,45.17569],[-106.61033,45.17569],[-106.61033,45.17542],[-106.61071,45.17542],[-106.61071,45.17569],[-106.61186,45.17569],[-106.61186,45.17515],[-106.61224,45.17515],[-106.61224,45.17488],[-106.61262,45.17488],[-106.61262,45.17461],[-106.61339,45.17461],[-106.61339,45.17434],[-106.61415,45.17434],[-106.61415,45.17408],[-106.61492,45.17381],[-106.61492,45.17246],[-106.61454,45.17246],[-106.61454,45.17165],[-106.61492,45.17165],[-106.61492,45.17138],[-106.61568,45.17138],[-106.61568,45.17165],[-106.61607,45.17165],[-106.61607,45.17219],[-106.61568,45.17219],[-106.61568,45.17246],[-106.61645,45.17246],[-106.61645,45.17219],[-106.6176,45.17219],[-106.6176,45.17246],[-106.61989,45.17246],[-106.61989,45.17219],[-106.62065,45.17192],[-106.62065,45.17165],[-106.62486,45.17165],[-106.62486,45.17138],[-106.62563,45.17138],[-106.62563,45.17111],[-106.62639,45.17111],[-106.62639,45.1703],[-106.62677,45.1703],[-106.62677,45.16976],[-106.62716,45.16976],[-106.62716,45.16949],[-106.62754,45.16949],[-106.62754,45.16922],[-106.6283,45.16922],[-106.6283,45.16949],[-106.62869,45.16949],[-106.62869,45.17003],[-106.6283,45.17003],[-106.6283,45.17057],[-106.62869,45.17057],[-106.62869,45.17138],[-106.62677,45.17138],[-106.62677,45.17165],[-106.62716,45.17165],[-106.62716,45.17219],[-106.62792,45.17219],[-106.62792,45.17246],[-106.62945,45.17246],[-106.62945,45.17219],[-106.63098,45.17219],[-106.63098,45.17246],[-106.63174,45.17246],[-106.63174,45.17219],[-106.63327,45.17219],[-106.63327,45.17192],[-106.63366,45.17192],[-106.63366,45.17165],[-106.63442,45.17165],[-106.63442,45.17138],[-106.63519,45.17138],[-106.63519,45.17111],[-106.63633,45.17111],[-106.63633,45.17138],[-106.6371,45.17165],[-106.6371,45.17192],[-106.63786,45.17192],[-106.63786,45.17219],[-106.64092,45.17219],[-106.64092,45.17246],[-106.64207,45.17246],[-106.64207,45.17273],[-106.64283,45.17273],[-106.64283,45.17246],[-106.64322,45.17246],[-106.64322,45.17192],[-106.64283,45.17192],[-106.64283,45.17111],[-106.6436,45.17084],[-106.6436,45.17057],[-106.64436,45.17057],[-106.64436,45.17138],[-106.64398,45.17138],[-106.64398,45.17192],[-106.6436,45.17192],[-106.6436,45.173],[-106.64398,45.173],[-106.64398,45.17408],[-106.64436,45.17408],[-106.64436,45.17488],[-106.64475,45.17488],[-106.64475,45.17515],[-106.64589,45.17515],[-106.64589,45.17488],[-106.64666,45.17488],[-106.64666,45.17515],[-106.64742,45.17515],[-106.64742,45.17542],[-106.6478,45.17542],[-106.6478,45.17515],[-106.64895,45.17515],[-106.64895,45.17542],[-106.64933,45.17542],[-106.64933,45.17623],[-106.64972,45.17623],[-106.64972,45.1765],[-106.65048,45.17677],[-106.65048,45.17704],[-106.65086,45.17704],[-106.65086,45.17731],[-106.6501,45.17731],[-106.6501,45.17758],[-106.65086,45.17785],[-106.65086,45.17812],[-106.65125,45.17812],[-106.65125,45.17839],[-106.65201,45.17839],[-106.65201,45.17866],[-106.65316,45.17866],[-106.65316,45.17812],[-106.65239,45.17785],[-106.65239,45.17731],[-106.65316,45.17731],[-106.65316,45.17758],[-106.65392,45.17758],[-106.65392,45.17785],[-106.65431,45.17785],[-106.65431,45.17812],[-106.65507,45.17812],[-106.65507,45.17839],[-106.65545,45.17839],[-106.65545,45.17866],[-106.65622,45.17893],[-106.65622,45.1792],[-106.65775,45.1792],[-106.65775,45.17893],[-106.65813,45.17893],[-106.65813,45.17866],[-106.65928,45.17866],[-106.65928,45.1792],[-106.65966,45.1792],[-106.65966,45.17947],[-106.65928,45.17947],[-106.65928,45.18],[-106.65889,45.18],[-106.65889,45.18027],[-106.66004,45.18027],[-106.66004,45.18],[-106.66081,45.17973],[-106.66081,45.17947],[-106.66272,45.17947],[-106.66272,45.18027],[-106.66234,45.18027],[-106.66234,45.18189],[-106.66272,45.18189],[-106.66272,45.18459],[-106.6631,45.18459],[-106.6631,45.18486],[-106.66386,45.18486],[-106.66386,45.18512],[-106.66425,45.18512],[-106.66425,45.18593],[-106.66463,45.18593],[-106.66463,45.18701],[-106.66425,45.18701],[-106.66425,45.18755],[-106.66463,45.18755],[-106.66463,45.18809],[-106.66425,45.18809],[-106.66425,45.18836],[-106.66348,45.18863],[-106.66348,45.18944],[-106.66386,45.18944],[-106.66386,45.18971],[-106.66425,45.18971],[-106.66425,45.18998],[-106.66501,45.18998],[-106.66501,45.19024],[-106.66539,45.19024],[-106.66539,45.19051],[-106.66616,45.19078],[-106.66616,45.19105],[-106.66692,45.19105],[-106.66692,45.19132],[-106.66845,45.19132],[-106.66845,45.19159],[-106.66807,45.19159],[-106.66807,45.19186],[-106.66731,45.19186],[-106.66731,45.19213],[-106.66692,45.19213],[-106.66692,45.1924],[-106.66539,45.1924],[-106.66539,45.19213],[-106.66501,45.19213],[-106.66501,45.19186],[-106.66386,45.19186],[-106.66386,45.19159],[-106.66234,45.19159],[-106.66234,45.19186],[-106.66195,45.19186],[-106.66195,45.19213],[-106.66234,45.19213],[-106.66234,45.19348],[-106.66195,45.19348],[-106.66195,45.19402],[-106.66157,45.19402],[-106.66157,45.19537],[-106.66463,45.19537],[-106.66463,45.1959],[-106.66501,45.1959],[-106.66501,45.19617],[-106.6631,45.19617],[-106.6631,45.19698],[-106.66501,45.19698],[-106.66501,45.19644],[-106.66539,45.19644],[-106.66539,45.19698],[-106.66692,45.19698],[-106.66692,45.19725],[-106.66731,45.19725],[-106.66731,45.19779],[-106.66692,45.19779],[-106.66692,45.19806],[-106.66654,45.19806],[-106.66654,45.19833],[-106.66578,45.19833],[-106.66578,45.1986],[-106.66501,45.19887],[-106.66501,45.20049],[-106.66463,45.20049],[-106.66463,45.20183],[-106.66539,45.20183],[-106.66539,45.20156],[-106.66578,45.20156],[-106.66578,45.20129],[-106.66654,45.20102],[-106.66654,45.20076],[-106.66692,45.20076],[-106.66692,45.20264],[-106.66654,45.20264],[-106.66654,45.20345],[-106.66578,45.20372],[-106.66578,45.20426],[-106.66616,45.20426],[-106.66616,45.20534],[-106.66578,45.20534],[-106.66578,45.20588],[-106.66539,45.20588],[-106.66539,45.20615],[-106.66501,45.20615],[-106.66501,45.20641],[-106.66425,45.20668],[-106.66425,45.20695],[-106.66272,45.20695],[-106.66272,45.20722],[-106.66234,45.20722],[-106.66234,45.20749],[-106.66119,45.20749],[-106.66119,45.20695],[-106.66081,45.20695],[-106.66081,45.20668],[-106.65966,45.20668],[-106.65966,45.20749],[-106.66004,45.20749],[-106.66004,45.20776],[-106.66042,45.20776],[-106.66042,45.20803],[-106.66119,45.20803],[-106.66119,45.20776],[-106.66157,45.20776],[-106.66157,45.2083],[-106.66234,45.2083],[-106.66234,45.20857],[-106.66195,45.20857],[-106.66195,45.20884],[-106.66234,45.20884],[-106.66234,45.20938],[-106.6631,45.20938],[-106.6631,45.20965],[-106.66157,45.20965],[-106.66157,45.20992],[-106.66119,45.20992],[-106.66119,45.21019],[-106.66081,45.21019],[-106.66081,45.21046],[-106.65889,45.21046],[-106.65889,45.21073],[-106.65851,45.21073],[-106.65851,45.21127],[-106.6566,45.21127],[-106.6566,45.21153],[-106.65622,45.21153],[-106.65622,45.2118],[-106.65545,45.2118],[-106.65545,45.21207],[-106.65239,45.21207],[-106.65239,45.21234],[-106.65201,45.21234],[-106.65201,45.21261],[-106.65239,45.21261],[-106.65239,45.21288],[-106.65163,45.21288],[-106.65163,45.21315],[-106.65125,45.21315],[-106.65125,45.21342],[-106.65048,45.21342],[-106.65048,45.21396],[-106.64819,45.21396],[-106.64819,45.21423],[-106.6478,45.21423],[-106.6478,45.2145],[-106.64551,45.2145],[-106.64551,45.21504],[-106.64513,45.21504],[-106.64513,45.21558],[-106.64436,45.21558],[-106.64436,45.21585],[-106.6436,45.21585],[-106.6436,45.21612],[-106.64169,45.21612],[-106.64169,45.21639],[-106.6413,45.21639],[-106.6413,45.21531],[-106.64092,45.21531],[-106.64092,45.21504],[-106.64054,45.21504],[-106.64054,45.21477],[-106.63939,45.21477],[-106.63939,45.21504],[-106.63863,45.21504],[-106.63863,45.21531],[-106.6371,45.21504],[-106.6371,45.21531],[-106.63557,45.21531],[-106.63557,45.21558],[-106.63519,45.21558],[-106.63519,45.21477],[-106.63557,45.21477],[-106.63557,45.2145],[-106.63633,45.2145],[-106.63633,45.21423],[-106.63863,45.21423],[-106.63863,45.21396],[-106.63939,45.21396],[-106.63939,45.21342],[-106.63863,45.21315],[-106.63863,45.21261],[-106.63824,45.21261],[-106.63824,45.2118],[-106.63672,45.2118],[-106.63672,45.21153],[-106.63289,45.2118],[-106.63289,45.21234],[-106.63251,45.21234],[-106.63251,45.21423],[-106.63289,45.21423],[-106.63289,45.21531],[-106.63251,45.21531],[-106.63251,45.21504],[-106.63213,45.21504],[-106.63213,45.21477],[-106.63136,45.2145],[-106.63136,45.21423],[-106.6306,45.21396],[-106.6306,45.21261],[-106.63136,45.21261],[-106.63136,45.21234],[-106.6306,45.21207],[-106.6306,45.21153],[-106.62983,45.21127],[-106.62983,45.21073],[-106.62945,45.21073],[-106.62945,45.20992],[-106.62983,45.20992],[-106.62983,45.20965],[-106.6283,45.20965],[-106.6283,45.20938],[-106.62869,45.20938],[-106.62869,45.20857],[-106.6283,45.20857],[-106.6283,45.2083],[-106.62792,45.2083],[-106.62792,45.20803],[-106.62754,45.20803],[-106.62754,45.2083],[-106.62677,45.20857],[-106.62677,45.20911],[-106.62601,45.20938],[-106.62601,45.20965],[-106.62448,45.20965],[-106.62448,45.20992],[-106.62333,45.20992],[-106.62333,45.20965],[-106.62257,45.20938],[-106.62257,45.20884],[-106.62295,45.20884],[-106.62295,45.20857],[-106.62333,45.20857],[-106.62333,45.2083],[-106.6241,45.2083],[-106.6241,45.20803],[-106.62448,45.20803],[-106.62448,45.20749],[-106.62295,45.20749],[-106.62295,45.20722],[-106.62218,45.20722],[-106.62218,45.20695],[-106.6218,45.20695],[-106.6218,45.20668],[-106.62104,45.20668],[-106.62104,45.20641],[-106.61836,45.20641],[-106.61836,45.20615],[-106.6176,45.20588],[-106.6176,45.20507],[-106.61874,45.20507],[-106.61874,45.2048],[-106.61913,45.2048],[-106.61913,45.20453],[-106.61989,45.20453],[-106.61989,45.20426],[-106.62027,45.20426],[-106.62027,45.20372],[-106.61989,45.20372],[-106.61989,45.20318],[-106.61951,45.20318],[-106.61951,45.20264],[-106.61568,45.20264],[-106.61568,45.20237],[-106.6153,45.20237],[-106.6153,45.20156],[-106.61454,45.20156],[-106.61454,45.20129],[-106.61148,45.20129],[-106.61148,45.20102],[-106.6111,45.20102],[-106.6111,45.20076],[-106.61186,45.20049],[-106.61186,45.20022],[-106.61454,45.20022],[-106.61454,45.19995],[-106.6153,45.19968],[-106.6153,45.19941],[-106.61492,45.19941],[-106.61492,45.19887],[-106.61415,45.19887],[-106.61415,45.1986],[-106.61377,45.1986],[-106.61377,45.19833],[-106.61301,45.19833],[-106.61301,45.19806],[-106.61148,45.19833],[-106.61148,45.19887],[-106.61033,45.19887],[-106.61033,45.1986],[-106.60995,45.1986],[-106.60995,45.19644],[-106.60957,45.19644],[-106.60957,45.1959],[-106.6088,45.19563],[-106.6088,45.1951],[-106.60804,45.1951],[-106.60804,45.19537],[-106.60727,45.19537],[-106.60727,45.1951]],[[-106.64398,45.21288],[-106.64283,45.21288],[-106.64283,45.21234],[-106.6413,45.21234],[-106.6413,45.21261],[-106.64092,45.21261],[-106.64092,45.21288],[-106.64016,45.21288],[-106.64016,45.21315],[-106.64398,45.21315],[-106.64398,45.21288]],[[-106.63251,45.21019],[-106.63213,45.21019],[-106.63213,45.21073],[-106.63251,45.21073],[-106.63251,45.21019]],[[-106.61874,45.2021],[-106.61836,45.2021],[-106.61836,45.20156],[-106.61798,45.20156],[-106.61798,45.20102],[-106.61721,45.20102],[-106.61721,45.20129],[-106.6176,45.20129],[-106.6176,45.20156],[-106.61721,45.20156],[-106.61721,45.20183],[-106.6176,45.20183],[-106.6176,45.20237],[-106.61874,45.20237],[-106.61874,45.2021]],[[-106.66042,45.20129],[-106.66119,45.20129],[-106.66119,45.20102],[-106.66195,45.20076],[-106.66195,45.20049],[-106.66234,45.20049],[-106.66234,45.19995],[-106.66004,45.19995],[-106.66004,45.20076],[-106.65966,45.20076],[-106.65966,45.20129],[-106.66004,45.20129],[-106.66004,45.20156],[-106.66042,45.20156],[-106.66042,45.20129]],[[-106.64666,45.20049],[-106.64628,45.20049],[-106.64628,45.20076],[-106.64666,45.20076],[-106.64666,45.20049]],[[-106.61683,45.20022],[-106.61721,45.20022],[-106.61721,45.19995],[-106.61683,45.19995],[-106.61683,45.20022]],[[-106.61683,45.19968],[-106.61721,45.19968],[-106.61721,45.19941],[-106.61683,45.19941],[-106.61683,45.19914],[-106.61607,45.19914],[-106.61607,45.19968],[-106.61645,45.19968],[-106.61645,45.19995],[-106.61683,45.19995],[-106.61683,45.19968]],[[-106.61721,45.19051],[-106.61683,45.19051],[-106.61683,45.19078],[-106.61721,45.19078],[-106.61721,45.19051]],[[-106.61645,45.19051],[-106.61607,45.19051],[-106.61607,45.19078],[-106.61645,45.19078],[-106.61645,45.19051]],[[-106.61645,45.18971],[-106.61607,45.18971],[-106.61607,45.18998],[-106.61645,45.18998],[-106.61645,45.18971]],[[-106.66195,45.1862],[-106.66272,45.18593],[-106.66272,45.18539],[-106.66157,45.18539],[-106.66157,45.18566],[-106.66081,45.18593],[-106.66081,45.1862],[-106.66119,45.1862],[-106.66119,45.18647],[-106.66195,45.18647],[-106.66195,45.1862]],[[-106.64436,45.18512],[-106.64398,45.18512],[-106.64398,45.18539],[-106.64436,45.18539],[-106.64436,45.18512]],[[-106.6436,45.18512],[-106.64322,45.18512],[-106.64322,45.18539],[-106.6436,45.18539],[-106.6436,45.18512]],[[-106.66119,45.18243],[-106.66042,45.18243],[-106.66042,45.1827],[-106.66004,45.1827],[-106.66004,45.18324],[-106.66119,45.18324],[-106.66119,45.18243]],[[-106.63595,45.18108],[-106.63557,45.18108],[-106.63557,45.18135],[-106.63595,45.18135],[-106.63595,45.18108]],[[-106.6348,45.18108],[-106.63442,45.18108],[-106.63442,45.18135],[-106.6348,45.18135],[-106.6348,45.18108]],[[-106.6218,45.18081],[-106.62142,45.18081],[-106.62142,45.18108],[-106.6218,45.18108],[-106.6218,45.18081]],[[-106.6218,45.18027],[-106.62142,45.18027],[-106.62142,45.18054],[-106.6218,45.18054],[-106.6218,45.18027]],[[-106.62257,45.18],[-106.62218,45.18],[-106.62218,45.18027],[-106.62257,45.18027],[-106.62257,45.18]],[[-106.62524,45.17947],[-106.62486,45.17947],[-106.62486,45.17973],[-106.62524,45.17973],[-106.62524,45.17947]],[[-106.62869,45.17839],[-106.6283,45.17839],[-106.6283,45.17866],[-106.62869,45.17866],[-106.62869,45.17839]]],[[[-106.60727,45.19563],[-106.60689,45.19563],[-106.60689,45.19537],[-106.60727,45.19537],[-106.60727,45.19563]]]]},"properties":{"layer":"predicted_reach_h23","fire_name":"Harris","irwin_id":"{1CF9F8F2-53E7-46E0-8744-2CE5FCCB2D74}","model":"arrival_run","checkpoint_epoch":216,"decode":"connected_causal","operating_point":{"floor":0.0,"mult":0.9},"val_precision":null,"val_recall":null,"model_caveat":"arrival_run chosen for best RECALL among the six FlameFlux v3 candidates on the production-valid t0-window corpus (R=0.624 on the fc2 held-out fires, R=0.432 on Dillon -- see candidate_comparison.md from the 2026-07-24 comparison). It does NOT meet the project's P>=0.50/R>=0.80 target: precision is the WORST of the six (P=0.120 on fc2 -- most flagged growth is wrong), and wind_run actually edges it on F1. IMPORTANT CAVEAT: arrival_run trained on the leaky 'observed' corpus (crop centered/sized on t0|t1, i.e. it saw the future perimeter's geometry during training) and has NEVER seen a t0-window crop -- the ONLY geometry this live pipeline can ever produce at forecast time (the future perimeter is, by definition, unknown). So every live prediction from this model is out-of-distribution relative to its own training. The measured t0-window numbers above already reflect that (they are not a surprise), but this is 'best available', not 'production-ready' -- represent it that way. The operating_point (floor=0.0, mult=0.9) is the VAL-selected connected-causal decode point; it did NOT clear the 0.50 precision floor during selection (feasible=False, val P=0.270/R=0.259) -- it's the best-F1 fallback point, not a precision-guaranteed one.","issued_at_utc":"2026-08-10 14:30:50.037077+00:00","valid_from_utc":"2026-08-10 00:00:00","valid_to_utc":"2026-08-11 00:00:00","wfigs_date_current_utc":"2026-08-10 14:00:26.469000+00:00","pixel_size_m":30,"veg_source":"refreshed_d4","physics_source":"eikonal_fbfm40","history_n_dates":1,"degraded_history":true,"containment_pct":10,"acres_wfigs":924.3420700993352,"hour":23,"valid_at_utc":"2026-08-10 23:00:00"}},{"type":"Feature","geometry":{"type":"MultiPolygon","coordinates":[[[[-106.60727,45.1951],[-106.60689,45.1951],[-106.60689,45.19429],[-106.60651,45.19429],[-106.60651,45.19348],[-106.60612,45.19348],[-106.60612,45.19186],[-106.60536,45.19186],[-106.60536,45.19159],[-106.60421,45.19159],[-106.60421,45.19132],[-106.60345,45.19132],[-106.60345,45.19078],[-106.60383,45.19078],[-106.60383,45.19051],[-106.60421,45.19051],[-106.60421,45.19024],[-106.60459,45.19024],[-106.60459,45.18998],[-106.60536,45.18971],[-106.60536,45.18944],[-106.60612,45.18944],[-106.60612,45.1889],[-106.60651,45.1889],[-106.60651,45.18863],[-106.60612,45.18863],[-106.60612,45.18836],[-106.60536,45.18836],[-106.60536,45.18809],[-106.60498,45.18809],[-106.60498,45.18782],[-106.60536,45.18782],[-106.60536,45.18701],[-106.60498,45.18701],[-106.60498,45.18674],[-106.60345,45.18674],[-106.60345,45.18701],[-106.60154,45.18701],[-106.60154,45.18566],[-106.60115,45.18566],[-106.60115,45.18539],[-106.60154,45.18539],[-106.60154,45.18432],[-106.60115,45.18432],[-106.60115,45.18378],[-106.60077,45.18378],[-106.60077,45.18297],[-106.60268,45.18297],[-106.60268,45.18216],[-106.60192,45.18189],[-106.60192,45.17973],[-106.6023,45.17973],[-106.6023,45.17947],[-106.60421,45.17947],[-106.60421,45.17893],[-106.60459,45.17893],[-106.60459,45.17812],[-106.60498,45.17812],[-106.60498,45.17758],[-106.60612,45.17758],[-106.60612,45.17812],[-106.60574,45.17812],[-106.60574,45.17866],[-106.60498,45.17893],[-106.60498,45.17973],[-106.60651,45.17973],[-106.60651,45.17947],[-106.60689,45.17947],[-106.60689,45.17893],[-106.60765,45.17866],[-106.60765,45.17812],[-106.60804,45.17812],[-106.60804,45.17704],[-106.60957,45.17677],[-106.60957,45.17596],[-106.60995,45.17596],[-106.60995,45.17569],[-106.61033,45.17569],[-106.61033,45.17542],[-106.61071,45.17542],[-106.61071,45.17569],[-106.61186,45.17569],[-106.61186,45.17515],[-106.61224,45.17515],[-106.61224,45.17488],[-106.61262,45.17488],[-106.61262,45.17461],[-106.61339,45.17461],[-106.61339,45.17434],[-106.61415,45.17434],[-106.61415,45.17408],[-106.61492,45.17381],[-106.61492,45.17246],[-106.61454,45.17246],[-106.61454,45.17165],[-106.61492,45.17165],[-106.61492,45.17138],[-106.61568,45.17138],[-106.61568,45.17165],[-106.61607,45.17165],[-106.61607,45.17219],[-106.61568,45.17219],[-106.61568,45.17246],[-106.61645,45.17246],[-106.61645,45.17219],[-106.6176,45.17219],[-106.6176,45.17246],[-106.61989,45.17246],[-106.61989,45.17219],[-106.62065,45.17192],[-106.62065,45.17165],[-106.62486,45.17165],[-106.62486,45.17138],[-106.62563,45.17138],[-106.62563,45.17111],[-106.62639,45.17111],[-106.62639,45.1703],[-106.62677,45.1703],[-106.62677,45.16976],[-106.62716,45.16976],[-106.62716,45.16949],[-106.62754,45.16949],[-106.62754,45.16922],[-106.6283,45.16922],[-106.6283,45.16949],[-106.62869,45.16949],[-106.62869,45.17003],[-106.6283,45.17003],[-106.6283,45.17057],[-106.62869,45.17057],[-106.62869,45.17138],[-106.62677,45.17138],[-106.62677,45.17165],[-106.62716,45.17165],[-106.62716,45.17219],[-106.62792,45.17219],[-106.62792,45.17246],[-106.62945,45.17246],[-106.62945,45.17219],[-106.63098,45.17219],[-106.63098,45.17246],[-106.63174,45.17246],[-106.63174,45.17219],[-106.63327,45.17219],[-106.63327,45.17192],[-106.63366,45.17192],[-106.63366,45.17165],[-106.63442,45.17165],[-106.63442,45.17138],[-106.63519,45.17138],[-106.63519,45.17111],[-106.63633,45.17111],[-106.63633,45.17138],[-106.6371,45.17165],[-106.6371,45.17192],[-106.63786,45.17192],[-106.63786,45.17219],[-106.64092,45.17219],[-106.64092,45.17246],[-106.64207,45.17246],[-106.64207,45.17273],[-106.64283,45.17273],[-106.64283,45.17246],[-106.64322,45.17246],[-106.64322,45.17192],[-106.64283,45.17192],[-106.64283,45.17111],[-106.6436,45.17084],[-106.6436,45.17057],[-106.64436,45.17057],[-106.64436,45.17138],[-106.64398,45.17138],[-106.64398,45.17192],[-106.6436,45.17192],[-106.6436,45.173],[-106.64398,45.173],[-106.64398,45.17408],[-106.64436,45.17408],[-106.64436,45.17488],[-106.64475,45.17488],[-106.64475,45.17515],[-106.64589,45.17515],[-106.64589,45.17488],[-106.64666,45.17488],[-106.64666,45.17515],[-106.64742,45.17515],[-106.64742,45.17542],[-106.6478,45.17542],[-106.6478,45.17515],[-106.64895,45.17515],[-106.64895,45.17542],[-106.64933,45.17542],[-106.64933,45.17623],[-106.64972,45.17623],[-106.64972,45.1765],[-106.65048,45.17677],[-106.65048,45.17704],[-106.65086,45.17704],[-106.65086,45.17731],[-106.6501,45.17731],[-106.6501,45.17758],[-106.65086,45.17785],[-106.65086,45.17812],[-106.65125,45.17812],[-106.65125,45.17839],[-106.65201,45.17839],[-106.65201,45.17866],[-106.65316,45.17866],[-106.65316,45.17812],[-106.65239,45.17785],[-106.65239,45.17731],[-106.65316,45.17731],[-106.65316,45.17758],[-106.65392,45.17758],[-106.65392,45.17785],[-106.65431,45.17785],[-106.65431,45.17812],[-106.65507,45.17812],[-106.65507,45.17839],[-106.65545,45.17839],[-106.65545,45.17866],[-106.65622,45.17893],[-106.65622,45.1792],[-106.65775,45.1792],[-106.65775,45.17893],[-106.65813,45.17893],[-106.65813,45.17866],[-106.65928,45.17866],[-106.65928,45.1792],[-106.65966,45.1792],[-106.65966,45.17947],[-106.65928,45.17947],[-106.65928,45.18],[-106.65889,45.18],[-106.65889,45.18027],[-106.66004,45.18027],[-106.66004,45.18],[-106.66081,45.17973],[-106.66081,45.17947],[-106.66272,45.17947],[-106.66272,45.18027],[-106.66234,45.18027],[-106.66234,45.18189],[-106.66272,45.18189],[-106.66272,45.18459],[-106.6631,45.18459],[-106.6631,45.18486],[-106.66386,45.18486],[-106.66386,45.18512],[-106.66425,45.18512],[-106.66425,45.18593],[-106.66463,45.18593],[-106.66463,45.18701],[-106.66425,45.18701],[-106.66425,45.18755],[-106.66463,45.18755],[-106.66463,45.18809],[-106.66425,45.18809],[-106.66425,45.18836],[-106.66348,45.18863],[-106.66348,45.18944],[-106.66386,45.18944],[-106.66386,45.18971],[-106.66425,45.18971],[-106.66425,45.18998],[-106.66501,45.18998],[-106.66501,45.19024],[-106.66539,45.19024],[-106.66539,45.19051],[-106.66616,45.19078],[-106.66616,45.19105],[-106.66692,45.19105],[-106.66692,45.19132],[-106.66845,45.19132],[-106.66845,45.19159],[-106.66807,45.19159],[-106.66807,45.19186],[-106.66731,45.19186],[-106.66731,45.19213],[-106.66692,45.19213],[-106.66692,45.1924],[-106.66539,45.1924],[-106.66539,45.19213],[-106.66501,45.19213],[-106.66501,45.19186],[-106.66386,45.19186],[-106.66386,45.19159],[-106.66234,45.19159],[-106.66234,45.19186],[-106.66195,45.19186],[-106.66195,45.19213],[-106.66234,45.19213],[-106.66234,45.19348],[-106.66195,45.19348],[-106.66195,45.19402],[-106.66157,45.19402],[-106.66157,45.19537],[-106.66463,45.19537],[-106.66463,45.1959],[-106.66501,45.1959],[-106.66501,45.19617],[-106.6631,45.19617],[-106.6631,45.19698],[-106.66501,45.19698],[-106.66501,45.19644],[-106.66539,45.19644],[-106.66539,45.19698],[-106.66692,45.19698],[-106.66692,45.19725],[-106.66731,45.19725],[-106.66731,45.19779],[-106.66692,45.19779],[-106.66692,45.19806],[-106.66654,45.19806],[-106.66654,45.19833],[-106.66578,45.19833],[-106.66578,45.1986],[-106.66501,45.19887],[-106.66501,45.20049],[-106.66463,45.20049],[-106.66463,45.20183],[-106.66539,45.20183],[-106.66539,45.20156],[-106.66578,45.20156],[-106.66578,45.20129],[-106.66654,45.20102],[-106.66654,45.20076],[-106.66692,45.20076],[-106.66692,45.20264],[-106.66654,45.20264],[-106.66654,45.20345],[-106.66578,45.20372],[-106.66578,45.20426],[-106.66616,45.20426],[-106.66616,45.20534],[-106.66578,45.20534],[-106.66578,45.20588],[-106.66539,45.20588],[-106.66539,45.20615],[-106.66501,45.20615],[-106.66501,45.20641],[-106.66425,45.20668],[-106.66425,45.20695],[-106.66272,45.20695],[-106.66272,45.20722],[-106.66234,45.20722],[-106.66234,45.20749],[-106.66119,45.20749],[-106.66119,45.20695],[-106.66081,45.20695],[-106.66081,45.20668],[-106.65966,45.20668],[-106.65966,45.20749],[-106.66004,45.20749],[-106.66004,45.20776],[-106.66042,45.20776],[-106.66042,45.20803],[-106.66119,45.20803],[-106.66119,45.20776],[-106.66157,45.20776],[-106.66157,45.2083],[-106.66234,45.2083],[-106.66234,45.20857],[-106.66195,45.20857],[-106.66195,45.20884],[-106.66234,45.20884],[-106.66234,45.20938],[-106.6631,45.20938],[-106.6631,45.20965],[-106.66157,45.20965],[-106.66157,45.20992],[-106.66119,45.20992],[-106.66119,45.21019],[-106.66081,45.21019],[-106.66081,45.21046],[-106.65889,45.21046],[-106.65889,45.21073],[-106.65851,45.21073],[-106.65851,45.21127],[-106.6566,45.21127],[-106.6566,45.21153],[-106.65622,45.21153],[-106.65622,45.2118],[-106.65545,45.2118],[-106.65545,45.21207],[-106.65239,45.21207],[-106.65239,45.21234],[-106.65201,45.21234],[-106.65201,45.21261],[-106.65239,45.21261],[-106.65239,45.21288],[-106.65163,45.21288],[-106.65163,45.21315],[-106.65125,45.21315],[-106.65125,45.21342],[-106.65048,45.21342],[-106.65048,45.21396],[-106.64819,45.21396],[-106.64819,45.21423],[-106.6478,45.21423],[-106.6478,45.2145],[-106.64551,45.2145],[-106.64551,45.21504],[-106.64513,45.21504],[-106.64513,45.21558],[-106.64436,45.21558],[-106.64436,45.21585],[-106.6436,45.21585],[-106.6436,45.21612],[-106.64169,45.21612],[-106.64169,45.21639],[-106.6413,45.21639],[-106.6413,45.21531],[-106.64092,45.21531],[-106.64092,45.21504],[-106.64054,45.21504],[-106.64054,45.21477],[-106.63939,45.21477],[-106.63939,45.21504],[-106.63863,45.21504],[-106.63863,45.21531],[-106.6371,45.21504],[-106.6371,45.21531],[-106.63557,45.21531],[-106.63557,45.21558],[-106.63519,45.21558],[-106.63519,45.21477],[-106.63557,45.21477],[-106.63557,45.2145],[-106.63633,45.2145],[-106.63633,45.21423],[-106.63863,45.21423],[-106.63863,45.21396],[-106.63939,45.21396],[-106.63939,45.21342],[-106.63863,45.21315],[-106.63863,45.21261],[-106.63824,45.21261],[-106.63824,45.2118],[-106.63672,45.2118],[-106.63672,45.21153],[-106.63289,45.2118],[-106.63289,45.21234],[-106.63251,45.21234],[-106.63251,45.21423],[-106.63289,45.21423],[-106.63289,45.21531],[-106.63251,45.21531],[-106.63251,45.21504],[-106.63213,45.21504],[-106.63213,45.21477],[-106.63136,45.2145],[-106.63136,45.21423],[-106.6306,45.21396],[-106.6306,45.21261],[-106.63136,45.21261],[-106.63136,45.21234],[-106.6306,45.21207],[-106.6306,45.21153],[-106.62983,45.21127],[-106.62983,45.21073],[-106.62945,45.21073],[-106.62945,45.20992],[-106.62983,45.20992],[-106.62983,45.20965],[-106.6283,45.20965],[-106.6283,45.20938],[-106.62869,45.20938],[-106.62869,45.20857],[-106.6283,45.20857],[-106.6283,45.2083],[-106.62792,45.2083],[-106.62792,45.20803],[-106.62754,45.20803],[-106.62754,45.2083],[-106.62677,45.20857],[-106.62677,45.20911],[-106.62601,45.20938],[-106.62601,45.20965],[-106.62448,45.20965],[-106.62448,45.20992],[-106.62333,45.20992],[-106.62333,45.20965],[-106.62257,45.20938],[-106.62257,45.20884],[-106.62295,45.20884],[-106.62295,45.20857],[-106.62333,45.20857],[-106.62333,45.2083],[-106.6241,45.2083],[-106.6241,45.20803],[-106.62448,45.20803],[-106.62448,45.20749],[-106.62295,45.20749],[-106.62295,45.20722],[-106.62218,45.20722],[-106.62218,45.20695],[-106.6218,45.20695],[-106.6218,45.20668],[-106.62104,45.20668],[-106.62104,45.20641],[-106.61836,45.20641],[-106.61836,45.20615],[-106.6176,45.20588],[-106.6176,45.20507],[-106.61874,45.20507],[-106.61874,45.2048],[-106.61913,45.2048],[-106.61913,45.20453],[-106.61989,45.20453],[-106.61989,45.20426],[-106.62027,45.20426],[-106.62027,45.20372],[-106.61989,45.20372],[-106.61989,45.20318],[-106.61951,45.20318],[-106.61951,45.20264],[-106.61568,45.20264],[-106.61568,45.20237],[-106.6153,45.20237],[-106.6153,45.20156],[-106.61454,45.20156],[-106.61454,45.20129],[-106.61148,45.20129],[-106.61148,45.20102],[-106.6111,45.20102],[-106.6111,45.20076],[-106.61186,45.20049],[-106.61186,45.20022],[-106.61454,45.20022],[-106.61454,45.19995],[-106.6153,45.19968],[-106.6153,45.19941],[-106.61492,45.19941],[-106.61492,45.19887],[-106.61415,45.19887],[-106.61415,45.1986],[-106.61377,45.1986],[-106.61377,45.19833],[-106.61301,45.19833],[-106.61301,45.19806],[-106.61148,45.19833],[-106.61148,45.19887],[-106.61033,45.19887],[-106.61033,45.1986],[-106.60995,45.1986],[-106.60995,45.19644],[-106.60957,45.19644],[-106.60957,45.1959],[-106.6088,45.19563],[-106.6088,45.1951],[-106.60804,45.1951],[-106.60804,45.19537],[-106.60727,45.19537],[-106.60727,45.1951]],[[-106.64398,45.21288],[-106.64283,45.21288],[-106.64283,45.21234],[-106.6413,45.21234],[-106.6413,45.21261],[-106.64092,45.21261],[-106.64092,45.21288],[-106.64016,45.21288],[-106.64016,45.21315],[-106.64398,45.21315],[-106.64398,45.21288]],[[-106.63251,45.21019],[-106.63213,45.21019],[-106.63213,45.21073],[-106.63251,45.21073],[-106.63251,45.21019]],[[-106.61874,45.2021],[-106.61836,45.2021],[-106.61836,45.20156],[-106.61798,45.20156],[-106.61798,45.20102],[-106.61721,45.20102],[-106.61721,45.20129],[-106.6176,45.20129],[-106.6176,45.20156],[-106.61721,45.20156],[-106.61721,45.20183],[-106.6176,45.20183],[-106.6176,45.20237],[-106.61874,45.20237],[-106.61874,45.2021]],[[-106.66042,45.20129],[-106.66119,45.20129],[-106.66119,45.20102],[-106.66195,45.20076],[-106.66195,45.20049],[-106.66234,45.20049],[-106.66234,45.19995],[-106.66004,45.19995],[-106.66004,45.20076],[-106.65966,45.20076],[-106.65966,45.20129],[-106.66004,45.20129],[-106.66004,45.20156],[-106.66042,45.20156],[-106.66042,45.20129]],[[-106.64666,45.20049],[-106.64628,45.20049],[-106.64628,45.20076],[-106.64666,45.20076],[-106.64666,45.20049]],[[-106.61683,45.20022],[-106.61721,45.20022],[-106.61721,45.19995],[-106.61683,45.19995],[-106.61683,45.20022]],[[-106.61683,45.19968],[-106.61721,45.19968],[-106.61721,45.19941],[-106.61683,45.19941],[-106.61683,45.19914],[-106.61607,45.19914],[-106.61607,45.19968],[-106.61645,45.19968],[-106.61645,45.19995],[-106.61683,45.19995],[-106.61683,45.19968]],[[-106.61721,45.19051],[-106.61683,45.19051],[-106.61683,45.19078],[-106.61721,45.19078],[-106.61721,45.19051]],[[-106.61645,45.19051],[-106.61607,45.19051],[-106.61607,45.19078],[-106.61645,45.19078],[-106.61645,45.19051]],[[-106.61645,45.18971],[-106.61607,45.18971],[-106.61607,45.18998],[-106.61645,45.18998],[-106.61645,45.18971]],[[-106.66195,45.1862],[-106.66272,45.18593],[-106.66272,45.18539],[-106.66157,45.18539],[-106.66157,45.18566],[-106.66081,45.18593],[-106.66081,45.1862],[-106.66119,45.1862],[-106.66119,45.18647],[-106.66195,45.18647],[-106.66195,45.1862]],[[-106.64436,45.18512],[-106.64398,45.18512],[-106.64398,45.18539],[-106.64436,45.18539],[-106.64436,45.18512]],[[-106.6436,45.18512],[-106.64322,45.18512],[-106.64322,45.18539],[-106.6436,45.18539],[-106.6436,45.18512]],[[-106.66119,45.18243],[-106.66042,45.18243],[-106.66042,45.1827],[-106.66004,45.1827],[-106.66004,45.18324],[-106.66119,45.18324],[-106.66119,45.18243]],[[-106.63595,45.18108],[-106.63557,45.18108],[-106.63557,45.18135],[-106.63595,45.18135],[-106.63595,45.18108]],[[-106.6348,45.18108],[-106.63442,45.18108],[-106.63442,45.18135],[-106.6348,45.18135],[-106.6348,45.18108]],[[-106.6218,45.18081],[-106.62142,45.18081],[-106.62142,45.18108],[-106.6218,45.18108],[-106.6218,45.18081]],[[-106.6218,45.18027],[-106.62142,45.18027],[-106.62142,45.18054],[-106.6218,45.18054],[-106.6218,45.18027]],[[-106.62257,45.18],[-106.62218,45.18],[-106.62218,45.18027],[-106.62257,45.18027],[-106.62257,45.18]],[[-106.62524,45.17947],[-106.62486,45.17947],[-106.62486,45.17973],[-106.62524,45.17973],[-106.62524,45.17947]],[[-106.62869,45.17839],[-106.6283,45.17839],[-106.6283,45.17866],[-106.62869,45.17866],[-106.62869,45.17839]]],[[[-106.60727,45.19563],[-106.60689,45.19563],[-106.60689,45.19537],[-106.60727,45.19537],[-106.60727,45.19563]]]]},"properties":{"layer":"predicted_reach_h24","fire_name":"Harris","irwin_id":"{1CF9F8F2-53E7-46E0-8744-2CE5FCCB2D74}","model":"arrival_run","checkpoint_epoch":216,"decode":"connected_causal","operating_point":{"floor":0.0,"mult":0.9},"val_precision":null,"val_recall":null,"model_caveat":"arrival_run chosen for best RECALL among the six FlameFlux v3 candidates on the production-valid t0-window corpus (R=0.624 on the fc2 held-out fires, R=0.432 on Dillon -- see candidate_comparison.md from the 2026-07-24 comparison). It does NOT meet the project's P>=0.50/R>=0.80 target: precision is the WORST of the six (P=0.120 on fc2 -- most flagged growth is wrong), and wind_run actually edges it on F1. IMPORTANT CAVEAT: arrival_run trained on the leaky 'observed' corpus (crop centered/sized on t0|t1, i.e. it saw the future perimeter's geometry during training) and has NEVER seen a t0-window crop -- the ONLY geometry this live pipeline can ever produce at forecast time (the future perimeter is, by definition, unknown). So every live prediction from this model is out-of-distribution relative to its own training. The measured t0-window numbers above already reflect that (they are not a surprise), but this is 'best available', not 'production-ready' -- represent it that way. The operating_point (floor=0.0, mult=0.9) is the VAL-selected connected-causal decode point; it did NOT clear the 0.50 precision floor during selection (feasible=False, val P=0.270/R=0.259) -- it's the best-F1 fallback point, not a precision-guaranteed one.","issued_at_utc":"2026-08-10 14:30:50.037077+00:00","valid_from_utc":"2026-08-10 00:00:00","valid_to_utc":"2026-08-11 00:00:00","wfigs_date_current_utc":"2026-08-10 14:00:26.469000+00:00","pixel_size_m":30,"veg_source":"refreshed_d4","physics_source":"eikonal_fbfm40","history_n_dates":1,"degraded_history":true,"containment_pct":10,"acres_wfigs":924.3420700993352,"hour":24,"valid_at_utc":"2026-08-11 00:00:00"}}]}