{"type":"FeatureCollection","features":[{"type":"Feature","geometry":{"type":"Polygon","coordinates":[[[-118.02518,45.58608],[-118.02518,45.58474],[-118.0248,45.58474],[-118.0248,45.58366],[-118.02403,45.58366],[-118.02403,45.58312],[-118.02364,45.58312],[-118.02364,45.58285],[-118.02441,45.58285],[-118.02441,45.58258],[-118.02403,45.58258],[-118.02403,45.58177],[-118.02326,45.58177],[-118.02326,45.5815],[-118.02287,45.5815],[-118.02287,45.58123],[-118.02326,45.58123],[-118.02326,45.58096],[-118.02287,45.58096],[-118.02287,45.58069],[-118.02249,45.58069],[-118.02249,45.58042],[-118.02133,45.58042],[-118.02133,45.58015],[-118.02094,45.58015],[-118.02094,45.57881],[-118.02017,45.57881],[-118.02017,45.57854],[-118.01902,45.57854],[-118.01902,45.57827],[-118.01825,45.57827],[-118.01825,45.578],[-118.01786,45.578],[-118.01786,45.57773],[-118.01671,45.57773],[-118.01671,45.57746],[-118.01555,45.57746],[-118.01555,45.57773],[-118.01478,45.578],[-118.01478,45.57827],[-118.01401,45.57854],[-118.01401,45.57989],[-118.01478,45.57989],[-118.01478,45.58015],[-118.01517,45.58015],[-118.01517,45.58042],[-118.01594,45.58069],[-118.01594,45.58123],[-118.01517,45.58123],[-118.01517,45.58096],[-118.01478,45.58096],[-118.01478,45.58123],[-118.01401,45.58123],[-118.01401,45.5815],[-118.01363,45.5815],[-118.01363,45.58285],[-118.01401,45.58285],[-118.01401,45.58339],[-118.0144,45.58339],[-118.0144,45.58366],[-118.01478,45.58366],[-118.01478,45.58393],[-118.01517,45.58393],[-118.01517,45.58447],[-118.01555,45.58447],[-118.01555,45.58474],[-118.01748,45.58474],[-118.01748,45.58501],[-118.01671,45.58501],[-118.01671,45.58528],[-118.01709,45.58528],[-118.01709,45.58554],[-118.01786,45.58554],[-118.01786,45.58581],[-118.01979,45.58581],[-118.01979,45.58554],[-118.0221,45.58554],[-118.0221,45.58581],[-118.02403,45.58581],[-118.02403,45.58608],[-118.02518,45.58608]]]},"properties":{"layer":"observed_perimeter","fire_name":"Middle_Ridge","irwin_id":"{2088689D-42B8-4A31-85B6-2CADB59BA127}","model":"arrival_run","checkpoint_epoch":216,"decode":"connected_causal","operating_point":{"floor":0.0,"mult":0.9},"val_precision":null,"val_recall":null,"model_caveat":"arrival_run chosen for best RECALL among the six FlameFlux v3 candidates on the production-valid t0-window corpus (R=0.624 on the fc2 held-out fires, R=0.432 on Dillon -- see candidate_comparison.md from the 2026-07-24 comparison). It does NOT meet the project's P>=0.50/R>=0.80 target: precision is the WORST of the six (P=0.120 on fc2 -- most flagged growth is wrong), and wind_run actually edges it on F1. IMPORTANT CAVEAT: arrival_run trained on the leaky 'observed' corpus (crop centered/sized on t0|t1, i.e. it saw the future perimeter's geometry during training) and has NEVER seen a t0-window crop -- the ONLY geometry this live pipeline can ever produce at forecast time (the future perimeter is, by definition, unknown). So every live prediction from this model is out-of-distribution relative to its own training. The measured t0-window numbers above already reflect that (they are not a surprise), but this is 'best available', not 'production-ready' -- represent it that way. The operating_point (floor=0.0, mult=0.9) is the VAL-selected connected-causal decode point; it did NOT clear the 0.50 precision floor during selection (feasible=False, val P=0.270/R=0.259) -- it's the best-F1 fallback point, not a precision-guaranteed one.","issued_at_utc":"2026-08-23 20:05:07.672141+00:00","valid_from_utc":"2026-08-23 00:00:00","valid_to_utc":"2026-08-24 00:00:00","wfigs_date_current_utc":"2026-08-23 16:41:28.079000+00:00","pixel_size_m":30,"veg_source":"refreshed_d4","physics_source":"eikonal_fbfm40","history_n_dates":1,"degraded_history":true,"containment_pct":0.0,"acres_wfigs":138.34560634370422}},{"type":"Feature","geometry":{"type":"MultiPolygon","coordinates":[[[[-118.03635,45.57045],[-118.03596,45.57045],[-118.03596,45.57018],[-118.03635,45.57018],[-118.03635,45.57045]]],[[[-118.05483,45.59282],[-118.05483,45.59336],[-118.05521,45.59336],[-118.05521,45.59552],[-118.0556,45.59552],[-118.0556,45.59821],[-118.05637,45.59848],[-118.05637,45.59902],[-118.05714,45.59902],[-118.05714,45.59956],[-118.05791,45.59956],[-118.05791,45.59902],[-118.05829,45.59902],[-118.05829,45.59875],[-118.05906,45.59848],[-118.05906,45.59902],[-118.05868,45.59902],[-118.05868,45.59956],[-118.05906,45.59956],[-118.05906,45.60064],[-118.05945,45.60064],[-118.05945,45.60171],[-118.05983,45.60171],[-118.05983,45.60225],[-118.06022,45.60225],[-118.06022,45.60306],[-118.06099,45.60333],[-118.06099,45.60252],[-118.06061,45.60252],[-118.06061,45.60171],[-118.06022,45.60171],[-118.06022,45.59929],[-118.06061,45.59929],[-118.06061,45.59983],[-118.06138,45.6001],[-118.06138,45.60144],[-118.06176,45.60144],[-118.06176,45.60279],[-118.06215,45.60279],[-118.06215,45.6036],[-118.06253,45.6036],[-118.06253,45.60387],[-118.06292,45.60387],[-118.06292,45.60414],[-118.06407,45.60414],[-118.06407,45.60495],[-118.06369,45.60495],[-118.06369,45.60549],[-118.0633,45.60549],[-118.0633,45.60657],[-118.06292,45.60657],[-118.06292,45.60737],[-118.0633,45.60737],[-118.0633,45.60818],[-118.06292,45.60818],[-118.06292,45.60899],[-118.0633,45.60899],[-118.0633,45.60926],[-118.06369,45.60926],[-118.06369,45.60953],[-118.06407,45.60953],[-118.06407,45.6098],[-118.06369,45.6098],[-118.06369,45.61061],[-118.06446,45.61088],[-118.06446,45.61142],[-118.06407,45.61142],[-118.06407,45.61195],[-118.06446,45.61195],[-118.06446,45.61276],[-118.06484,45.61276],[-118.06484,45.6133],[-118.06561,45.6133],[-118.06561,45.61465],[-118.06638,45.61492],[-118.06638,45.61573],[-118.06677,45.61573],[-118.06677,45.616],[-118.066,45.616],[-118.066,45.61546],[-118.06561,45.61546],[-118.06561,45.61492],[-118.06523,45.61492],[-118.06523,45.61438],[-118.06446,45.61411],[-118.06446,45.61357],[-118.06407,45.61357],[-118.06407,45.61303],[-118.06369,45.61303],[-118.06369,45.61249],[-118.0633,45.61249],[-118.0633,45.61142],[-118.06253,45.61142],[-118.06253,45.61034],[-118.06215,45.61034],[-118.06215,45.61061],[-118.06138,45.61088],[-118.06138,45.61115],[-118.06099,45.61115],[-118.06099,45.61169],[-118.06138,45.61169],[-118.06138,45.61249],[-118.06061,45.61249],[-118.06061,45.61222],[-118.05983,45.61222],[-118.05983,45.61195],[-118.05906,45.61195],[-118.05906,45.61222],[-118.05791,45.61222],[-118.05791,45.61169],[-118.05598,45.61169],[-118.05598,45.61142],[-118.0556,45.61142],[-118.0556,45.61115],[-118.05483,45.61115],[-118.05483,45.61142],[-118.05367,45.61142],[-118.05367,45.61115],[-118.05406,45.61115],[-118.05406,45.61061],[-118.05444,45.61061],[-118.05444,45.61034],[-118.05367,45.61007],[-118.05367,45.61034],[-118.05329,45.61034],[-118.05329,45.61088],[-118.0529,45.61088],[-118.0529,45.61061],[-118.05252,45.61061],[-118.05252,45.61034],[-118.05213,45.61034],[-118.05213,45.6098],[-118.05367,45.60926],[-118.05367,45.60845],[-118.0529,45.60845],[-118.0529,45.60818],[-118.05175,45.60818],[-118.05175,45.60764],[-118.05059,45.60764],[-118.05059,45.60791],[-118.05021,45.60791],[-118.05021,45.60764],[-118.04982,45.60764],[-118.04982,45.6071],[-118.04944,45.6071],[-118.04944,45.60657],[-118.04905,45.60657],[-118.04905,45.6063],[-118.04944,45.6063],[-118.04944,45.60603],[-118.04867,45.60603],[-118.04867,45.6063],[-118.0479,45.6063],[-118.0479,45.60657],[-118.04751,45.60657],[-118.04751,45.60549],[-118.04713,45.60549],[-118.04713,45.60576],[-118.04636,45.60576],[-118.04636,45.60549],[-118.04559,45.60522],[-118.04559,45.60495],[-118.04674,45.60495],[-118.04674,45.60468],[-118.04713,45.60468],[-118.04713,45.60414],[-118.04674,45.60414],[-118.04674,45.60441],[-118.04482,45.60441],[-118.04482,45.60414],[-118.04443,45.60414],[-118.04443,45.60441],[-118.04405,45.60441],[-118.04405,45.60468],[-118.04366,45.60468],[-118.04366,45.60441],[-118.04289,45.60468],[-118.04289,45.60387],[-118.04212,45.60387],[-118.04212,45.6036],[-118.04174,45.6036],[-118.04174,45.60387],[-118.04097,45.60414],[-118.04097,45.60468],[-118.04174,45.60468],[-118.04174,45.60441],[-118.04212,45.60441],[-118.04212,45.60522],[-118.04174,45.60522],[-118.04174,45.60549],[-118.04135,45.60549],[-118.04135,45.60522],[-118.0402,45.60522],[-118.0402,45.60495],[-118.03866,45.60495],[-118.03866,45.60522],[-118.03789,45.60522],[-118.03789,45.60549],[-118.0375,45.60549],[-118.0375,45.60414],[-118.03712,45.60414],[-118.03712,45.60468],[-118.03673,45.60468],[-118.03673,45.60387],[-118.03635,45.60387],[-118.03635,45.60441],[-118.03596,45.60441],[-118.03596,45.60468],[-118.03635,45.60468],[-118.03635,45.60549],[-118.03596,45.60549],[-118.03596,45.60495],[-118.03558,45.60495],[-118.03558,45.60549],[-118.03519,45.60549],[-118.03519,45.60576],[-118.03442,45.60576],[-118.03442,45.60549],[-118.03365,45.60522],[-118.03365,45.60468],[-118.03442,45.60441],[-118.03442,45.60333],[-118.03211,45.60414],[-118.03211,45.6036],[-118.03134,45.6036],[-118.03134,45.60225],[-118.0298,45.60225],[-118.0298,45.60252],[-118.02788,45.60252],[-118.02788,45.60279],[-118.02711,45.60279],[-118.02711,45.60333],[-118.02672,45.60333],[-118.02672,45.6036],[-118.02595,45.6036],[-118.02595,45.60333],[-118.02364,45.6036],[-118.02364,45.60306],[-118.02326,45.60306],[-118.02326,45.60252],[-118.02364,45.60252],[-118.02364,45.60225],[-118.02595,45.60225],[-118.02595,45.60171],[-118.02634,45.60171],[-118.02634,45.60118],[-118.02711,45.60091],[-118.02711,45.60064],[-118.02672,45.60064],[-118.02672,45.60037],[-118.02634,45.60037],[-118.02634,45.60064],[-118.02557,45.60064],[-118.02557,45.60091],[-118.0248,45.60091],[-118.0248,45.60118],[-118.02403,45.60118],[-118.02403,45.60144],[-118.02326,45.60171],[-118.02326,45.60225],[-118.02017,45.60225],[-118.02017,45.60252],[-118.0194,45.60225],[-118.0194,45.60279],[-118.01748,45.60279],[-118.01748,45.60225],[-118.01786,45.60225],[-118.01786,45.60198],[-118.01863,45.60198],[-118.01863,45.60171],[-118.01902,45.60171],[-118.01902,45.60118],[-118.0194,45.60118],[-118.0194,45.60091],[-118.01979,45.60091],[-118.01979,45.60064],[-118.02017,45.60064],[-118.02017,45.60037],[-118.02056,45.60037],[-118.02056,45.6001],[-118.0194,45.6001],[-118.0194,45.60037],[-118.01902,45.60037],[-118.01902,45.60064],[-118.01863,45.60064],[-118.01863,45.60091],[-118.01825,45.60091],[-118.01825,45.60118],[-118.01748,45.60118],[-118.01748,45.60064],[-118.01709,45.60064],[-118.01709,45.6001],[-118.01671,45.6001],[-118.01671,45.60037],[-118.01632,45.60037],[-118.01632,45.60064],[-118.01594,45.60064],[-118.01594,45.60037],[-118.01555,45.60037],[-118.01555,45.59848],[-118.01324,45.59848],[-118.01324,45.5974],[-118.01247,45.5974],[-118.01247,45.59821],[-118.01286,45.59821],[-118.01286,45.59929],[-118.01209,45.59902],[-118.01209,45.59848],[-118.0117,45.59848],[-118.0117,45.59902],[-118.01093,45.59902],[-118.01093,45.59848],[-118.01016,45.59821],[-118.01016,45.5974],[-118.00978,45.5974],[-118.00978,45.59659],[-118.00901,45.59632],[-118.00901,45.59579],[-118.00862,45.59579],[-118.00862,45.59552],[-118.00747,45.59552],[-118.00747,45.59605],[-118.0067,45.59632],[-118.0067,45.59686],[-118.00554,45.59686],[-118.00554,45.59713],[-118.00516,45.59713],[-118.00516,45.59767],[-118.00554,45.59767],[-118.00554,45.59821],[-118.00477,45.59848],[-118.00477,45.59929],[-118.00554,45.59929],[-118.00554,45.59956],[-118.00477,45.59983],[-118.00477,45.60064],[-118.00516,45.60064],[-118.00516,45.60118],[-118.00554,45.60118],[-118.00554,45.60225],[-118.00516,45.60225],[-118.00516,45.60198],[-118.00477,45.60198],[-118.00477,45.60171],[-118.00439,45.60171],[-118.00439,45.60118],[-118.00362,45.60118],[-118.00362,45.60064],[-118.00323,45.60064],[-118.00323,45.60037],[-118.00362,45.60037],[-118.00362,45.59956],[-118.00285,45.59956],[-118.00285,45.59929],[-118.00246,45.59929],[-118.00246,45.59821],[-118.00285,45.59821],[-118.00285,45.59767],[-118.00169,45.59767],[-118.00169,45.59686],[-118.00131,45.59686],[-118.00131,45.59659],[-118.00054,45.59659],[-118.00054,45.59875],[-118.00092,45.59875],[-118.00092,45.59902],[-118.00054,45.59902],[-118.00054,45.60037],[-118.00015,45.60037],[-118.00015,45.59956],[-117.99861,45.59983],[-117.99861,45.59929],[-117.99823,45.59929],[-117.99823,45.59875],[-117.99707,45.59875],[-117.99707,45.59902],[-117.99669,45.59902],[-117.99669,45.59929],[-117.9963,45.59929],[-117.9963,45.59902],[-117.99592,45.59902],[-117.99592,45.59929],[-117.99399,45.59929],[-117.99399,45.59956],[-117.99322,45.59983],[-117.99322,45.6001],[-117.99284,45.6001],[-117.99284,45.59983],[-117.99207,45.59983],[-117.99207,45.59956],[-117.99091,45.59956],[-117.99091,45.59983],[-117.99014,45.59983],[-117.99014,45.59956],[-117.98976,45.59956],[-117.98976,45.60064],[-117.98937,45.60064],[-117.98937,45.60037],[-117.98822,45.60037],[-117.98822,45.60064],[-117.98783,45.60064],[-117.98783,45.60118],[-117.98745,45.60118],[-117.98745,45.60198],[-117.98706,45.60198],[-117.98706,45.6036],[-117.98745,45.6036],[-117.98745,45.60414],[-117.98668,45.60414],[-117.98668,45.60387],[-117.98629,45.60387],[-117.98629,45.60333],[-117.98591,45.60333],[-117.98591,45.60279],[-117.98514,45.60279],[-117.98514,45.60306],[-117.98437,45.60333],[-117.98437,45.6036],[-117.98591,45.6036],[-117.98591,45.60414],[-117.98629,45.60414],[-117.98629,45.60441],[-117.98591,45.60441],[-117.98591,45.60468],[-117.98629,45.60468],[-117.98629,45.60495],[-117.98706,45.60495],[-117.98706,45.60549],[-117.98437,45.60549],[-117.98437,45.60576],[-117.98398,45.60576],[-117.98398,45.6063],[-117.98359,45.6063],[-117.98359,45.6071],[-117.98321,45.6071],[-117.98321,45.60683],[-117.98282,45.60683],[-117.98282,45.60657],[-117.98205,45.60657],[-117.98205,45.60683],[-117.98244,45.60683],[-117.98244,45.60737],[-117.98282,45.60737],[-117.98282,45.60791],[-117.98321,45.60791],[-117.98321,45.60818],[-117.98282,45.60818],[-117.98282,45.60845],[-117.98321,45.60845],[-117.98321,45.60926],[-117.98244,45.60926],[-117.98244,45.60953],[-117.98205,45.60953],[-117.98205,45.6098],[-117.98244,45.6098],[-117.98244,45.61034],[-117.98321,45.61061],[-117.98321,45.61115],[-117.98244,45.61142],[-117.98244,45.61195],[-117.98051,45.61195],[-117.98051,45.61169],[-117.97974,45.61142],[-117.97974,45.61115],[-117.97897,45.61088],[-117.97897,45.61169],[-117.97974,45.61195],[-117.97974,45.61276],[-117.97859,45.61276],[-117.97859,45.61411],[-117.97743,45.61411],[-117.97743,45.6133],[-117.97782,45.6133],[-117.97782,45.61276],[-117.9782,45.61276],[-117.9782,45.61249],[-117.97782,45.61249],[-117.97782,45.61195],[-117.9782,45.61195],[-117.9782,45.61142],[-117.97782,45.61142],[-117.97782,45.61088],[-117.97743,45.61088],[-117.97743,45.61034],[-117.97666,45.61034],[-117.97666,45.61061],[-117.97589,45.61088],[-117.97589,45.61142],[-117.97628,45.61142],[-117.97628,45.61249],[-117.97589,45.61249],[-117.97589,45.61303],[-117.97666,45.6133],[-117.97666,45.61384],[-117.97512,45.61384],[-117.97512,45.61411],[-117.97435,45.61411],[-117.97435,45.61384],[-117.97358,45.61384],[-117.97358,45.61357],[-117.97204,45.6133],[-117.97204,45.61357],[-117.97127,45.61357],[-117.97127,45.61384],[-117.97089,45.61384],[-117.97089,45.61438],[-117.9705,45.61438],[-117.9705,45.61465],[-117.96973,45.61465],[-117.96973,45.61438],[-117.97012,45.61438],[-117.97012,45.61384],[-117.97089,45.61357],[-117.97089,45.61303],[-117.97204,45.61303],[-117.97204,45.61276],[-117.97281,45.61249],[-117.97281,45.61088],[-117.97243,45.61088],[-117.97243,45.61034],[-117.97204,45.61034],[-117.97204,45.60872],[-117.97127,45.60872],[-117.97127,45.60926],[-117.9705,45.60953],[-117.9705,45.61061],[-117.97127,45.61061],[-117.97127,45.61115],[-117.97089,45.61115],[-117.97089,45.61142],[-117.97012,45.61142],[-117.97012,45.61088],[-117.96896,45.61088],[-117.96896,45.61034],[-117.96858,45.61034],[-117.96858,45.61007],[-117.96781,45.61007],[-117.96781,45.6098],[-117.96742,45.6098],[-117.96742,45.61007],[-117.96665,45.61007],[-117.96665,45.6098],[-117.96627,45.6098],[-117.96627,45.60953],[-117.96742,45.60953],[-117.96742,45.60926],[-117.96781,45.60926],[-117.96781,45.60953],[-117.97012,45.60953],[-117.97012,45.60872],[-117.96704,45.60872],[-117.96704,45.60818],[-117.96665,45.60818],[-117.96665,45.60737],[-117.96627,45.60737],[-117.96627,45.60683],[-117.96588,45.60683],[-117.96588,45.6063],[-117.9655,45.6063],[-117.9655,45.60576],[-117.96627,45.60549],[-117.96627,45.60495],[-117.96704,45.60495],[-117.96704,45.60522],[-117.96742,45.60522],[-117.96742,45.60576],[-117.96819,45.60576],[-117.96819,45.60603],[-117.96858,45.60603],[-117.96858,45.60576],[-117.96935,45.60576],[-117.96935,45.60549],[-117.96973,45.60549],[-117.96973,45.60495],[-117.96935,45.60495],[-117.96935,45.60468],[-117.96896,45.60468],[-117.96896,45.60441],[-117.96704,45.60441],[-117.96704,45.60387],[-117.96665,45.60387],[-117.96665,45.6036],[-117.96704,45.6036],[-117.96704,45.60306],[-117.96627,45.60279],[-117.96627,45.60225],[-117.96588,45.60225],[-117.96588,45.60198],[-117.9655,45.60198],[-117.9655,45.60144],[-117.96511,45.60144],[-117.96511,45.60118],[-117.9655,45.60118],[-117.9655,45.60064],[-117.96588,45.60064],[-117.96588,45.60037],[-117.96627,45.60037],[-117.96627,45.6001],[-117.96511,45.6001],[-117.96511,45.59983],[-117.96473,45.59983],[-117.96473,45.59875],[-117.9655,45.59848],[-117.9655,45.59794],[-117.96627,45.59821],[-117.96627,45.59794],[-117.96665,45.59794],[-117.96665,45.5974],[-117.9655,45.5974],[-117.9655,45.59713],[-117.96627,45.59686],[-117.96627,45.59659],[-117.96588,45.59659],[-117.96588,45.59552],[-117.9655,45.59552],[-117.9655,45.59417],[-117.96511,45.59417],[-117.96511,45.59282],[-117.96473,45.59282],[-117.96473,45.59255],[-117.96434,45.59255],[-117.96434,45.59228],[-117.96511,45.59201],[-117.96511,45.59228],[-117.9655,45.59228],[-117.9655,45.59255],[-117.96588,45.59255],[-117.96588,45.59282],[-117.96627,45.59282],[-117.96627,45.59093],[-117.9655,45.59093],[-117.9655,45.58986],[-117.96665,45.58986],[-117.96665,45.58959],[-117.96704,45.58959],[-117.96704,45.58905],[-117.96742,45.58905],[-117.96742,45.58851],[-117.96704,45.58851],[-117.96704,45.58824],[-117.9655,45.58824],[-117.9655,45.5877],[-117.96588,45.5877],[-117.96588,45.58662],[-117.96627,45.58662],[-117.96627,45.58635],[-117.96704,45.58635],[-117.96704,45.58662],[-117.96781,45.58689],[-117.96781,45.58716],[-117.96858,45.58743],[-117.96858,45.5877],[-117.96896,45.5877],[-117.96896,45.58797],[-117.96935,45.58797],[-117.96935,45.58824],[-117.96973,45.58824],[-117.96973,45.58851],[-117.97012,45.58851],[-117.97012,45.58905],[-117.97089,45.58932],[-117.97089,45.58986],[-117.97127,45.58986],[-117.97127,45.59013],[-117.97204,45.59013],[-117.97204,45.5904],[-117.97281,45.59066],[-117.97281,45.59093],[-117.97358,45.59066],[-117.97358,45.58905],[-117.97397,45.58905],[-117.97397,45.58689],[-117.97435,45.58689],[-117.97435,45.58635],[-117.97474,45.58635],[-117.97474,45.58554],[-117.97512,45.58554],[-117.97512,45.58474],[-117.97589,45.58501],[-117.97589,45.58393],[-117.97666,45.58366],[-117.97666,45.58231],[-117.97589,45.58231],[-117.97589,45.58177],[-117.97551,45.58177],[-117.97551,45.58123],[-117.97512,45.58123],[-117.97512,45.58069],[-117.97551,45.58069],[-117.97551,45.58015],[-117.97474,45.57989],[-117.97474,45.57854],[-117.97435,45.57854],[-117.97435,45.57692],[-117.97512,45.57692],[-117.97512,45.57638],[-117.97589,45.57638],[-117.97589,45.57665],[-117.97666,45.57692],[-117.97666,45.5745],[-117.97743,45.57423],[-117.97743,45.57476],[-117.97782,45.57476],[-117.97782,45.57746],[-117.97859,45.57746],[-117.97859,45.57719],[-117.97897,45.57719],[-117.97897,45.5745],[-117.97936,45.5745],[-117.97936,45.57423],[-117.97974,45.57423],[-117.97974,45.57396],[-117.98013,45.57396],[-117.98013,45.57342],[-117.98051,45.57342],[-117.98051,45.57261],[-117.97974,45.57234],[-117.97974,45.5718],[-117.98051,45.5718],[-117.98051,45.57153],[-117.9809,45.57153],[-117.9809,45.57099],[-117.98051,45.57099],[-117.98051,45.57126],[-117.97936,45.57126],[-117.97936,45.57072],[-117.98013,45.57045],[-117.98013,45.56991],[-117.97974,45.56991],[-117.97974,45.56964],[-117.98013,45.56964],[-117.98013,45.56911],[-117.98167,45.56911],[-117.98167,45.56884],[-117.98205,45.56884],[-117.98205,45.56911],[-117.98282,45.56911],[-117.98282,45.56884],[-117.98321,45.56884],[-117.98321,45.56857],[-117.98475,45.56857],[-117.98475,45.5683],[-117.98514,45.5683],[-117.98514,45.56776],[-117.98552,45.56776],[-117.98552,45.56695],[-117.98514,45.56695],[-117.98514,45.56668],[-117.98437,45.56641],[-117.98437,45.56614],[-117.98398,45.56614],[-117.98398,45.5656],[-117.98359,45.5656],[-117.98359,45.56533],[-117.98398,45.56533],[-117.98398,45.56479],[-117.98359,45.56479],[-117.98359,45.56452],[-117.98437,45.56452],[-117.98437,45.56506],[-117.98514,45.56506],[-117.98514,45.56479],[-117.98552,45.56479],[-117.98552,45.56452],[-117.98591,45.56452],[-117.98591,45.56399],[-117.98629,45.56399],[-117.98629,45.56345],[-117.98668,45.56345],[-117.98668,45.56318],[-117.98783,45.56318],[-117.98783,45.56291],[-117.9886,45.56264],[-117.9886,45.5621],[-117.98937,45.5621],[-117.98937,45.56318],[-117.98976,45.56318],[-117.98976,45.56237],[-117.99168,45.56237],[-117.99168,45.56264],[-117.99322,45.56291],[-117.99322,45.56318],[-117.99361,45.56318],[-117.99361,45.56291],[-117.99476,45.56291],[-117.99476,45.56318],[-117.99746,45.56318],[-117.99746,45.56345],[-117.99784,45.56345],[-117.99784,45.56372],[-117.99861,45.56372],[-117.99861,45.56399],[-117.999,45.56399],[-117.999,45.56425],[-117.99977,45.56425],[-117.99977,45.56372],[-117.999,45.56372],[-117.999,45.56318],[-117.99938,45.56318],[-117.99938,45.56264],[-117.999,45.56264],[-117.999,45.56183],[-117.99977,45.56183],[-117.99977,45.56237],[-118.00054,45.56264],[-118.00054,45.56345],[-118.00015,45.56345],[-118.00015,45.56425],[-118.00054,45.56425],[-118.00054,45.56372],[-118.00092,45.56372],[-118.00092,45.56345],[-118.00131,45.56345],[-118.00131,45.56372],[-118.00208,45.56345],[-118.00208,45.56372],[-118.00285,45.56372],[-118.00285,45.56399],[-118.00323,45.56399],[-118.00323,45.56452],[-118.00362,45.56452],[-118.00362,45.56506],[-118.00439,45.56506],[-118.00439,45.56425],[-118.00593,45.56425],[-118.00593,45.56399],[-118.00554,45.56399],[-118.00554,45.56291],[-118.00631,45.56291],[-118.00631,45.56318],[-118.0067,45.56318],[-118.0067,45.56372],[-118.00631,45.56372],[-118.00631,45.56425],[-118.00747,45.56425],[-118.00747,45.56479],[-118.00901,45.56479],[-118.00901,45.56506],[-118.00978,45.56506],[-118.00978,45.56479],[-118.01016,45.56479],[-118.01016,45.56506],[-118.01209,45.56506],[-118.01209,45.56533],[-118.01286,45.5656],[-118.01286,45.56587],[-118.01247,45.56587],[-118.01247,45.56641],[-118.01324,45.56668],[-118.01324,45.56722],[-118.01517,45.56722],[-118.01517,45.56695],[-118.01594,45.56668],[-118.01594,45.56614],[-118.01517,45.56614],[-118.01517,45.56587],[-118.01478,45.56587],[-118.01478,45.5656],[-118.01632,45.5656],[-118.01632,45.56587],[-118.01748,45.56587],[-118.01748,45.5656],[-118.01902,45.56533],[-118.01902,45.56587],[-118.0194,45.56587],[-118.0194,45.5656],[-118.01979,45.5656],[-118.01979,45.56533],[-118.02094,45.56533],[-118.02094,45.56506],[-118.02249,45.56506],[-118.02249,45.56587],[-118.02364,45.56587],[-118.02364,45.56614],[-118.02326,45.56614],[-118.02326,45.56695],[-118.02249,45.56695],[-118.02249,45.56722],[-118.02287,45.56722],[-118.02287,45.56749],[-118.02326,45.56749],[-118.02326,45.56722],[-118.02403,45.56695],[-118.02403,45.56668],[-118.02441,45.56668],[-118.02441,45.56776],[-118.0248,45.56776],[-118.0248,45.56803],[-118.02557,45.56803],[-118.02557,45.56776],[-118.02595,45.56776],[-118.02595,45.56749],[-118.02711,45.56749],[-118.02711,45.56722],[-118.02749,45.56722],[-118.02749,45.56749],[-118.02788,45.56749],[-118.02788,45.56776],[-118.02865,45.56776],[-118.02865,45.5683],[-118.02826,45.5683],[-118.02826,45.56991],[-118.02788,45.56991],[-118.02788,45.57018],[-118.02711,45.57018],[-118.02711,45.57045],[-118.02788,45.57045],[-118.02788,45.57099],[-118.02826,45.57099],[-118.02826,45.57072],[-118.02903,45.57099],[-118.02903,45.57018],[-118.02865,45.57018],[-118.02865,45.56991],[-118.02903,45.56991],[-118.02903,45.56937],[-118.02942,45.56937],[-118.02942,45.56911],[-118.03019,45.56911],[-118.03019,45.56937],[-118.03057,45.56937],[-118.03057,45.56911],[-118.0325,45.56911],[-118.0325,45.56937],[-118.03173,45.56964],[-118.03173,45.56991],[-118.03096,45.56991],[-118.03096,45.57045],[-118.03057,45.57045],[-118.03057,45.57126],[-118.03134,45.57126],[-118.03134,45.57099],[-118.03173,45.57099],[-118.03173,45.5718],[-118.03211,45.5718],[-118.03211,45.57207],[-118.0325,45.57207],[-118.0325,45.57099],[-118.03327,45.57099],[-118.03327,45.57126],[-118.03404,45.57099],[-118.03404,45.57018],[-118.03442,45.57018],[-118.03442,45.57045],[-118.03596,45.57045],[-118.03596,45.57072],[-118.03519,45.57072],[-118.03519,45.57126],[-118.03481,45.57126],[-118.03481,45.57153],[-118.03442,45.57153],[-118.03442,45.5718],[-118.03404,45.5718],[-118.03404,45.57234],[-118.03327,45.57234],[-118.03327,45.57261],[-118.03404,45.57261],[-118.03404,45.57288],[-118.03481,45.57288],[-118.03481,45.57315],[-118.03519,45.57315],[-118.03519,45.57288],[-118.03635,45.57288],[-118.03635,45.57261],[-118.03673,45.57261],[-118.03673,45.57207],[-118.03712,45.57207],[-118.03712,45.5718],[-118.03789,45.5718],[-118.03789,45.57234],[-118.03712,45.57261],[-118.03712,45.57288],[-118.03635,45.57315],[-118.03635,45.57342],[-118.0375,45.57342],[-118.0375,45.57315],[-118.03827,45.57315],[-118.03827,45.57288],[-118.0402,45.57288],[-118.0402,45.57261],[-118.04097,45.57261],[-118.04097,45.57288],[-118.04328,45.57261],[-118.04328,45.57288],[-118.04251,45.57288],[-118.04251,45.57315],[-118.04212,45.57315],[-118.04212,45.57342],[-118.04251,45.57342],[-118.04251,45.5745],[-118.04328,45.5745],[-118.04328,45.57476],[-118.04405,45.57503],[-118.04405,45.5753],[-118.04443,45.5753],[-118.04443,45.57503],[-118.0452,45.5753],[-118.0452,45.57557],[-118.04366,45.57557],[-118.04366,45.57584],[-118.04405,45.57584],[-118.04405,45.57638],[-118.04443,45.57638],[-118.04443,45.57665],[-118.0452,45.57665],[-118.0452,45.57692],[-118.04482,45.57692],[-118.04482,45.57746],[-118.04443,45.57746],[-118.04443,45.57773],[-118.04482,45.57773],[-118.04482,45.57827],[-118.0452,45.57827],[-118.0452,45.57854],[-118.04597,45.57854],[-118.04597,45.57935],[-118.04636,45.57935],[-118.04636,45.57962],[-118.04828,45.57962],[-118.04828,45.57989],[-118.04867,45.57989],[-118.04867,45.58015],[-118.04905,45.58015],[-118.04905,45.58042],[-118.04944,45.58042],[-118.04944,45.58069],[-118.04905,45.58069],[-118.04905,45.58123],[-118.04944,45.58123],[-118.04944,45.58177],[-118.04982,45.58177],[-118.04982,45.58285],[-118.05021,45.58285],[-118.05021,45.58339],[-118.05059,45.58339],[-118.05059,45.58366],[-118.05175,45.58366],[-118.05175,45.58393],[-118.05213,45.58393],[-118.05213,45.58339],[-118.0529,45.58339],[-118.0529,45.58366],[-118.05329,45.58366],[-118.05329,45.5842],[-118.05252,45.5842],[-118.05252,45.58501],[-118.05213,45.58501],[-118.05213,45.58554],[-118.04982,45.58554],[-118.04982,45.58528],[-118.04944,45.58528],[-118.04944,45.58635],[-118.04982,45.58635],[-118.04982,45.58662],[-118.05059,45.58689],[-118.05059,45.58716],[-118.05136,45.58716],[-118.05136,45.58743],[-118.05098,45.58743],[-118.05098,45.5877],[-118.04944,45.5877],[-118.04944,45.58824],[-118.05021,45.58797],[-118.05021,45.58878],[-118.05059,45.58878],[-118.05059,45.58932],[-118.05136,45.58932],[-118.05136,45.5904],[-118.05175,45.5904],[-118.05175,45.59093],[-118.05252,45.59066],[-118.05252,45.59013],[-118.05329,45.59013],[-118.05329,45.5912],[-118.05483,45.5912],[-118.05483,45.59201],[-118.05521,45.59201],[-118.05521,45.59282],[-118.05483,45.59282]],[[-117.98976,45.59902],[-117.98937,45.59902],[-117.98937,45.59956],[-117.98976,45.59956],[-117.98976,45.59902]],[[-117.98205,45.60926],[-117.98128,45.60926],[-117.98128,45.60953],[-117.98205,45.60953],[-117.98205,45.60926]],[[-117.96781,45.58851],[-117.96781,45.58824],[-117.96742,45.58824],[-117.96742,45.58851],[-117.96781,45.58851]],[[-117.96627,45.58689],[-117.96665,45.58689],[-117.96665,45.58662],[-117.96627,45.58662],[-117.96627,45.58689]],[[-117.96665,45.58743],[-117.96704,45.58743],[-117.96704,45.58689],[-117.96665,45.58689],[-117.96665,45.58743]],[[-117.97897,45.57746],[-117.97936,45.57746],[-117.97936,45.578],[-117.97897,45.578],[-117.97897,45.57827],[-117.97859,45.57827],[-117.97859,45.57854],[-117.9782,45.57854],[-117.9782,45.57881],[-117.97859,45.57881],[-117.97859,45.57908],[-117.97897,45.57908],[-117.97897,45.57881],[-117.97936,45.57881],[-117.97936,45.57854],[-117.97974,45.57854],[-117.97974,45.578],[-117.98013,45.578],[-117.98013,45.57746],[-117.98051,45.57746],[-117.98051,45.57719],[-117.97897,45.57719],[-117.97897,45.57746]],[[-117.98128,45.57099],[-117.98128,45.57018],[-117.9809,45.57018],[-117.9809,45.57099],[-117.98128,45.57099]],[[-118.02249,45.56668],[-118.0221,45.56668],[-118.0221,45.56695],[-118.02249,45.56695],[-118.02249,45.56668]],[[-118.02171,45.56695],[-118.02171,45.56722],[-118.0221,45.56722],[-118.0221,45.56695],[-118.02171,45.56695]],[[-118.05406,45.59201],[-118.05406,45.59228],[-118.05329,45.59255],[-118.05329,45.59282],[-118.05406,45.59282],[-118.05406,45.59255],[-118.05483,45.59228],[-118.05483,45.59201],[-118.05406,45.59201]],[[-118.05791,45.61142],[-118.05868,45.61142],[-118.05868,45.61088],[-118.05791,45.61088],[-118.05791,45.61142]],[[-117.97897,45.61061],[-117.97936,45.61061],[-117.97936,45.61034],[-117.97897,45.61034],[-117.97897,45.61061]],[[-118.05521,45.60845],[-118.05444,45.60872],[-118.05444,45.60899],[-118.05483,45.60899],[-118.05483,45.6098],[-118.05444,45.6098],[-118.05444,45.61007],[-118.0556,45.61007],[-118.0556,45.60926],[-118.05521,45.60926],[-118.05521,45.60845]],[[-117.97782,45.60926],[-117.97705,45.60899],[-117.97705,45.60926],[-117.97666,45.60926],[-117.97666,45.61007],[-117.97743,45.61007],[-117.97743,45.6098],[-117.97782,45.6098],[-117.97782,45.60926]],[[-118.05406,45.60845],[-118.05444,45.60845],[-118.05444,45.60764],[-118.05406,45.60764],[-118.05406,45.60845]],[[-117.96973,45.60683],[-117.96935,45.60683],[-117.96935,45.60791],[-117.97012,45.60791],[-117.97012,45.6071],[-117.96973,45.6071],[-117.96973,45.60683]],[[-118.05059,45.60737],[-118.05136,45.60737],[-118.05136,45.60683],[-118.05059,45.60683],[-118.05059,45.60737]],[[-117.97166,45.6071],[-117.97204,45.6071],[-117.97204,45.60683],[-117.97166,45.60683],[-117.97166,45.6071]],[[-118.06215,45.60576],[-118.06292,45.60549],[-118.06292,45.60495],[-118.06253,45.60495],[-118.06253,45.60468],[-118.06176,45.60441],[-118.06176,45.60414],[-118.06138,45.60414],[-118.06138,45.60468],[-118.06176,45.60468],[-118.06176,45.60576],[-118.06138,45.60576],[-118.06138,45.6063],[-118.06099,45.6063],[-118.06099,45.60657],[-118.06176,45.60657],[-118.06176,45.6063],[-118.06215,45.6063],[-118.06215,45.60576]],[[-117.98475,45.60414],[-117.98437,45.60414],[-117.98437,45.60468],[-117.98552,45.60468],[-117.98552,45.60441],[-117.98475,45.60441],[-117.98475,45.60414]],[[-117.98244,45.60441],[-117.98205,45.60441],[-117.98205,45.60468],[-117.98321,45.60468],[-117.98321,45.60414],[-117.98244,45.60414],[-117.98244,45.60441]],[[-118.03943,45.60306],[-118.03866,45.60306],[-118.03866,45.60333],[-118.03789,45.6036],[-118.03789,45.60414],[-118.03904,45.60414],[-118.03904,45.60387],[-118.03981,45.60387],[-118.03981,45.6036],[-118.04097,45.6036],[-118.04097,45.60279],[-118.04058,45.60279],[-118.04058,45.60252],[-118.0402,45.60252],[-118.0402,45.60279],[-118.03943,45.60279],[-118.03943,45.60306]],[[-118.0402,45.60225],[-118.03981,45.60225],[-118.03981,45.60252],[-118.0402,45.60252],[-118.0402,45.60225]],[[-118.03173,45.60144],[-118.03134,45.60144],[-118.03134,45.60171],[-118.03173,45.60171],[-118.03173,45.60144]],[[-118.03134,45.60118],[-118.03096,45.60118],[-118.03096,45.60144],[-118.03134,45.60144],[-118.03134,45.60118]],[[-118.02403,45.59929],[-118.02364,45.59929],[-118.02364,45.59875],[-118.02249,45.59875],[-118.02249,45.59902],[-118.0221,45.59902],[-118.0221,45.59983],[-118.02249,45.59983],[-118.02249,45.6001],[-118.02364,45.6001],[-118.02364,45.59983],[-118.02403,45.59983],[-118.02403,45.59929]],[[-118.004,45.59579],[-118.00323,45.59579],[-118.00323,45.59632],[-118.00362,45.59632],[-118.00362,45.59605],[-118.004,45.59605],[-118.004,45.59579]],[[-118.00477,45.59579],[-118.00516,45.59579],[-118.00516,45.59552],[-118.00477,45.59552],[-118.00477,45.59579]],[[-118.00169,45.59471],[-118.00015,45.59471],[-118.00015,45.59552],[-118.00131,45.59552],[-118.00131,45.59525],[-118.00169,45.59525],[-118.00169,45.59471]],[[-118.00477,45.59363],[-118.00439,45.59363],[-118.00439,45.59336],[-118.00323,45.59336],[-118.00323,45.59363],[-118.00285,45.59363],[-118.00285,45.5939],[-118.00246,45.5939],[-118.00246,45.59498],[-118.004,45.59498],[-118.004,45.59471],[-118.00477,45.59471],[-118.00477,45.59363]],[[-117.999,45.5939],[-117.99823,45.59363],[-117.99823,45.59282],[-117.99784,45.59282],[-117.99784,45.59255],[-117.99707,45.59255],[-117.99707,45.59228],[-117.9963,45.59228],[-117.9963,45.59201],[-117.99553,45.59174],[-117.99553,45.59228],[-117.99592,45.59228],[-117.99592,45.59255],[-117.9963,45.59255],[-117.9963,45.59282],[-117.99707,45.59282],[-117.99707,45.59336],[-117.99784,45.59363],[-117.99784,45.59444],[-117.99823,45.59444],[-117.99823,45.59498],[-117.99861,45.59498],[-117.99861,45.59444],[-117.999,45.59444],[-117.999,45.5939]],[[-118.05406,45.5939],[-118.05444,45.5939],[-118.05444,45.59336],[-118.05406,45.59336],[-118.05406,45.5939]],[[-117.999,45.58986],[-117.99823,45.58986],[-117.99823,45.59013],[-117.99861,45.59013],[-117.99861,45.5904],[-117.999,45.5904],[-117.999,45.59066],[-117.99938,45.59066],[-117.99938,45.59013],[-117.999,45.59013],[-117.999,45.58986]],[[-117.99361,45.59013],[-117.99399,45.59013],[-117.99399,45.58986],[-117.99361,45.58986],[-117.99361,45.59013]],[[-117.99553,45.58797],[-117.99515,45.58797],[-117.99515,45.5877],[-117.99476,45.5877],[-117.99476,45.58743],[-117.99399,45.58743],[-117.99399,45.58797],[-117.99476,45.58797],[-117.99476,45.58824],[-117.99515,45.58824],[-117.99515,45.58851],[-117.99592,45.58851],[-117.99592,45.58824],[-117.99553,45.58824],[-117.99553,45.58797]],[[-117.99284,45.58716],[-117.99245,45.58716],[-117.99245,45.58662],[-117.99207,45.58662],[-117.99207,45.58635],[-117.99168,45.58635],[-117.99168,45.58662],[-117.9913,45.58662],[-117.9913,45.58689],[-117.99091,45.58689],[-117.99091,45.58743],[-117.9913,45.58743],[-117.9913,45.5877],[-117.99245,45.5877],[-117.99245,45.58743],[-117.99284,45.58743],[-117.99284,45.58716]],[[-117.98937,45.58635],[-117.98976,45.58635],[-117.98976,45.58608],[-117.98937,45.58608],[-117.98937,45.58635]],[[-118.02364,45.58608],[-118.02403,45.58608],[-118.02403,45.58581],[-118.02364,45.58581],[-118.02364,45.58608]],[[-118.02171,45.58581],[-118.0221,45.58581],[-118.0221,45.58554],[-118.02171,45.58554],[-118.02171,45.58581]],[[-118.01748,45.58581],[-118.01786,45.58581],[-118.01786,45.58554],[-118.01748,45.58554],[-118.01748,45.58581]],[[-118.01671,45.58554],[-118.01709,45.58554],[-118.01709,45.58528],[-118.01671,45.58528],[-118.01671,45.58554]],[[-117.98783,45.58554],[-117.98822,45.58554],[-117.98822,45.58501],[-117.98783,45.58501],[-117.98783,45.58554]],[[-118.01709,45.58501],[-118.01748,45.58501],[-118.01748,45.58474],[-118.01709,45.58474],[-118.01709,45.58501]],[[-117.98899,45.58366],[-117.98822,45.58339],[-117.98822,45.58312],[-117.98706,45.58312],[-117.98706,45.58366],[-117.98783,45.58366],[-117.98783,45.58393],[-117.9886,45.5842],[-117.9886,45.58447],[-117.98937,45.58447],[-117.98937,45.58393],[-117.98899,45.58393],[-117.98899,45.58366]],[[-118.02364,45.58312],[-118.02403,45.58312],[-118.02403,45.58285],[-118.02364,45.58285],[-118.02364,45.58312]],[[-118.01363,45.58312],[-118.01401,45.58312],[-118.01401,45.58285],[-118.01363,45.58285],[-118.01363,45.58312]],[[-118.02403,45.58258],[-118.02441,45.58258],[-118.02441,45.58231],[-118.02403,45.58231],[-118.02403,45.58258]],[[-118.01324,45.58258],[-118.01363,45.58258],[-118.01363,45.58177],[-118.01324,45.58177],[-118.01324,45.58258]],[[-118.02287,45.5815],[-118.02326,45.5815],[-118.02326,45.58123],[-118.02287,45.58123],[-118.02287,45.5815]],[[-118.0144,45.58123],[-118.01478,45.58123],[-118.01478,45.58096],[-118.0144,45.58096],[-118.0144,45.58123]],[[-117.98668,45.58042],[-117.98591,45.58069],[-117.98591,45.58123],[-117.98706,45.58123],[-117.98706,45.58069],[-117.98668,45.58069],[-117.98668,45.58042]],[[-117.97974,45.58015],[-117.97974,45.58042],[-117.9782,45.58042],[-117.9782,45.58123],[-117.97897,45.58123],[-117.97897,45.58096],[-117.97936,45.58096],[-117.97936,45.58069],[-117.98051,45.58069],[-117.98051,45.58042],[-117.9809,45.58042],[-117.9809,45.57989],[-117.98051,45.57989],[-117.98051,45.58015],[-117.97974,45.58015]],[[-117.98128,45.57989],[-117.98128,45.57962],[-117.9809,45.57962],[-117.9809,45.57989],[-117.98128,45.57989]],[[-117.98629,45.57908],[-117.98552,45.57935],[-117.98552,45.57989],[-117.98591,45.57989],[-117.98591,45.58015],[-117.98668,45.58015],[-117.98668,45.57962],[-117.98629,45.57962],[-117.98629,45.57908]],[[-118.04482,45.57854],[-118.04443,45.57854],[-118.04443,45.57827],[-118.04366,45.578],[-118.04366,45.57773],[-118.04289,45.57746],[-118.04289,45.57719],[-118.04174,45.57719],[-118.04174,45.57746],[-118.04135,45.57746],[-118.04135,45.57773],[-118.04212,45.57773],[-118.04212,45.57827],[-118.04289,45.57827],[-118.04289,45.57881],[-118.04328,45.57881],[-118.04328,45.57989],[-118.04482,45.57962],[-118.04482,45.57854]],[[-118.01363,45.57935],[-118.01401,45.57935],[-118.01401,45.57881],[-118.01363,45.57881],[-118.01363,45.57935]],[[-117.97666,45.57908],[-117.97705,45.57908],[-117.97705,45.57881],[-117.97666,45.57881],[-117.97666,45.57908]],[[-118.02017,45.57881],[-118.02056,45.57881],[-118.02056,45.57854],[-118.02017,45.57854],[-118.02017,45.57881]],[[-118.01902,45.57854],[-118.0194,45.57854],[-118.0194,45.57827],[-118.01902,45.57827],[-118.01902,45.57854]],[[-118.01401,45.57854],[-118.0144,45.57854],[-118.0144,45.57827],[-118.01401,45.57827],[-118.01401,45.57854]],[[-117.97628,45.57854],[-117.97666,45.57854],[-117.97666,45.57773],[-117.97628,45.57773],[-117.97628,45.57854]],[[-118.01786,45.578],[-118.01825,45.578],[-118.01825,45.57773],[-118.01786,45.57773],[-118.01786,45.578]],[[-118.01671,45.57773],[-118.01709,45.57773],[-118.01709,45.57746],[-118.01671,45.57746],[-118.01671,45.57773]],[[-117.98629,45.57692],[-117.98668,45.57692],[-117.98668,45.57665],[-117.98629,45.57665],[-117.98629,45.57638],[-117.98591,45.57638],[-117.98591,45.57665],[-117.98514,45.57665],[-117.98514,45.57746],[-117.98591,45.57773],[-117.98591,45.57746],[-117.98629,45.57746],[-117.98629,45.57692]],[[-118.03943,45.57611],[-118.03827,45.57611],[-118.03827,45.57638],[-118.03789,45.57638],[-118.03789,45.57665],[-118.03981,45.57665],[-118.03981,45.57638],[-118.03943,45.57638],[-118.03943,45.57611]],[[-118.03635,45.57665],[-118.03712,45.57665],[-118.03712,45.57638],[-118.03635,45.57638],[-118.03635,45.57665]],[[-117.97974,45.57611],[-117.98013,45.57611],[-117.98013,45.57584],[-117.97974,45.57584],[-117.97974,45.57611]],[[-117.98706,45.57396],[-117.98629,45.57423],[-117.98629,45.57503],[-117.98552,45.5753],[-117.98552,45.57584],[-117.98668,45.57584],[-117.98668,45.57557],[-117.98706,45.57557],[-117.98706,45.57396]],[[-118.0402,45.57503],[-118.03981,45.57503],[-118.03981,45.57476],[-118.03943,45.57476],[-118.03943,45.5745],[-118.03904,45.5745],[-118.03904,45.57396],[-118.03866,45.57396],[-118.03866,45.57423],[-118.03827,45.57423],[-118.03827,45.5745],[-118.03866,45.5745],[-118.03866,45.57476],[-118.03789,45.57476],[-118.03789,45.57503],[-118.0375,45.57503],[-118.0375,45.57557],[-118.04058,45.57557],[-118.04058,45.5753],[-118.0402,45.5753],[-118.0402,45.57503]],[[-118.04097,45.57396],[-118.04174,45.57396],[-118.04174,45.57342],[-118.04097,45.57342],[-118.04097,45.57396]],[[-117.98783,45.57261],[-117.98668,45.57261],[-117.98668,45.57342],[-117.98745,45.57369],[-117.98745,45.57342],[-117.98783,45.57342],[-117.98783,45.57261]],[[-117.98822,45.57018],[-117.9886,45.57018],[-117.9886,45.56911],[-117.98783,45.56884],[-117.98783,45.56911],[-117.98745,45.56911],[-117.98745,45.57072],[-117.98706,45.57072],[-117.98706,45.57126],[-117.98668,45.57126],[-117.98668,45.5718],[-117.98706,45.5718],[-117.98706,45.57207],[-117.98745,45.57207],[-117.98745,45.57234],[-117.98783,45.57234],[-117.98783,45.57153],[-117.98822,45.57153],[-117.98822,45.57018]],[[-118.0298,45.5718],[-118.03057,45.5718],[-118.03057,45.57153],[-118.0298,45.57153],[-118.0298,45.5718]],[[-117.98976,45.5718],[-117.99014,45.5718],[-117.99014,45.57126],[-117.98976,45.57126],[-117.98976,45.5718]],[[-117.99284,45.57045],[-117.99245,45.57045],[-117.99245,45.57153],[-117.99322,45.57153],[-117.99322,45.57126],[-117.99284,45.57126],[-117.99284,45.57045]],[[-117.98321,45.57018],[-117.98282,45.57018],[-117.98282,45.57072],[-117.98398,45.57072],[-117.98398,45.57045],[-117.98321,45.57045],[-117.98321,45.57018]],[[-118.01863,45.56884],[-118.01902,45.56884],[-118.01902,45.5683],[-118.01863,45.5683],[-118.01863,45.56884]],[[-118.01979,45.56695],[-118.02017,45.56695],[-118.02017,45.56641],[-118.02056,45.56641],[-118.02056,45.56614],[-118.02094,45.56614],[-118.02094,45.56587],[-118.01979,45.56587],[-118.01979,45.56614],[-118.01863,45.56614],[-118.01863,45.56641],[-118.01825,45.56641],[-118.01825,45.56614],[-118.01748,45.56614],[-118.01748,45.56668],[-118.01825,45.56695],[-118.01825,45.56749],[-118.0194,45.56749],[-118.0194,45.56722],[-118.01979,45.56722],[-118.01979,45.56695]],[[-117.98706,45.56614],[-117.98629,45.56614],[-117.98629,45.56587],[-117.98514,45.56587],[-117.98514,45.56614],[-117.98591,45.56641],[-117.98591,45.56668],[-117.98783,45.56668],[-117.98783,45.56641],[-117.98706,45.56641],[-117.98706,45.56614]],[[-117.98783,45.56452],[-117.98706,45.56452],[-117.98706,45.56479],[-117.98668,45.56479],[-117.98668,45.56506],[-117.98745,45.56506],[-117.98745,45.56479],[-117.98783,45.56479],[-117.98783,45.56452]],[[-117.99168,45.56399],[-117.99207,45.56399],[-117.99207,45.56372],[-117.99168,45.56372],[-117.99168,45.56399]]],[[[-118.00708,45.59767],[-118.00708,45.5974],[-118.0067,45.5974],[-118.0067,45.59686],[-118.00824,45.59686],[-118.00824,45.59794],[-118.00747,45.59794],[-118.00747,45.59767],[-118.00708,45.59767]]],[[[-118.06022,45.59821],[-118.06022,45.59848],[-118.06061,45.59848],[-118.06061,45.59902],[-118.05983,45.59929],[-118.05983,45.59821],[-118.06022,45.59821]]],[[[-118.00708,45.60171],[-118.00708,45.60091],[-118.0067,45.60091],[-118.0067,45.6001],[-118.00631,45.6001],[-118.00631,45.59956],[-118.00554,45.59929],[-118.00554,45.59902],[-118.00593,45.59902],[-118.00593,45.59875],[-118.0067,45.59875],[-118.0067,45.59983],[-118.00708,45.59983],[-118.00708,45.60037],[-118.00747,45.60037],[-118.00747,45.60118],[-118.00824,45.60144],[-118.00824,45.60171],[-118.00785,45.60171],[-118.00785,45.60225],[-118.00747,45.60225],[-118.00747,45.60171],[-118.00708,45.60171]]],[[[-118.01671,45.60091],[-118.01671,45.60064],[-118.01709,45.60064],[-118.01709,45.60118],[-118.01632,45.60118],[-118.01632,45.60091],[-118.01671,45.60091]]],[[[-118.02326,45.60306],[-118.02326,45.6036],[-118.02287,45.6036],[-118.02287,45.60306],[-118.02326,45.60306]]],[[[-118.03134,45.6036],[-118.03134,45.60414],[-118.03096,45.60414],[-118.03096,45.6036],[-118.03134,45.6036]]]]},"properties":{"layer":"predicted_perimeter_24h","fire_name":"Middle_Ridge","irwin_id":"{2088689D-42B8-4A31-85B6-2CADB59BA127}","model":"arrival_run","checkpoint_epoch":216,"decode":"connected_causal","operating_point":{"floor":0.0,"mult":0.9},"val_precision":null,"val_recall":null,"model_caveat":"arrival_run chosen for best RECALL among the six FlameFlux v3 candidates on the production-valid t0-window corpus (R=0.624 on the fc2 held-out fires, R=0.432 on Dillon -- see candidate_comparison.md from the 2026-07-24 comparison). It does NOT meet the project's P>=0.50/R>=0.80 target: precision is the WORST of the six (P=0.120 on fc2 -- most flagged growth is wrong), and wind_run actually edges it on F1. IMPORTANT CAVEAT: arrival_run trained on the leaky 'observed' corpus (crop centered/sized on t0|t1, i.e. it saw the future perimeter's geometry during training) and has NEVER seen a t0-window crop -- the ONLY geometry this live pipeline can ever produce at forecast time (the future perimeter is, by definition, unknown). So every live prediction from this model is out-of-distribution relative to its own training. The measured t0-window numbers above already reflect that (they are not a surprise), but this is 'best available', not 'production-ready' -- represent it that way. The operating_point (floor=0.0, mult=0.9) is the VAL-selected connected-causal decode point; it did NOT clear the 0.50 precision floor during selection (feasible=False, val P=0.270/R=0.259) -- it's the best-F1 fallback point, not a precision-guaranteed one.","issued_at_utc":"2026-08-23 20:05:07.672141+00:00","valid_from_utc":"2026-08-23 00:00:00","valid_to_utc":"2026-08-24 00:00:00","wfigs_date_current_utc":"2026-08-23 16:41:28.079000+00:00","pixel_size_m":30,"veg_source":"refreshed_d4","physics_source":"eikonal_fbfm40","history_n_dates":1,"degraded_history":true,"containment_pct":0.0,"acres_wfigs":138.34560634370422}},{"type":"Feature","geometry":{"type":"MultiPolygon","coordinates":[[[[-118.03635,45.57045],[-118.03596,45.57045],[-118.03596,45.57018],[-118.03635,45.57018],[-118.03635,45.57045]]],[[[-118.05483,45.59282],[-118.05483,45.59336],[-118.05521,45.59336],[-118.05521,45.59552],[-118.0556,45.59552],[-118.0556,45.59821],[-118.05637,45.59848],[-118.05637,45.59902],[-118.05714,45.59902],[-118.05714,45.59956],[-118.05791,45.59956],[-118.05791,45.59902],[-118.05829,45.59902],[-118.05829,45.59875],[-118.05906,45.59848],[-118.05906,45.59902],[-118.05868,45.59902],[-118.05868,45.59956],[-118.05906,45.59956],[-118.05906,45.60064],[-118.05945,45.60064],[-118.05945,45.60171],[-118.05983,45.60171],[-118.05983,45.60225],[-118.06022,45.60225],[-118.06022,45.60306],[-118.06099,45.60333],[-118.06099,45.60252],[-118.06061,45.60252],[-118.06061,45.60171],[-118.06022,45.60171],[-118.06022,45.59929],[-118.06061,45.59929],[-118.06061,45.59983],[-118.06138,45.6001],[-118.06138,45.60144],[-118.06176,45.60144],[-118.06176,45.60279],[-118.06215,45.60279],[-118.06215,45.6036],[-118.06253,45.6036],[-118.06253,45.60387],[-118.06292,45.60387],[-118.06292,45.60414],[-118.06407,45.60414],[-118.06407,45.60495],[-118.06369,45.60495],[-118.06369,45.60549],[-118.0633,45.60549],[-118.0633,45.60657],[-118.06292,45.60657],[-118.06292,45.60737],[-118.0633,45.60737],[-118.0633,45.60818],[-118.06292,45.60818],[-118.06292,45.60899],[-118.0633,45.60899],[-118.0633,45.60926],[-118.06369,45.60926],[-118.06369,45.60953],[-118.06407,45.60953],[-118.06407,45.6098],[-118.06369,45.6098],[-118.06369,45.61061],[-118.06446,45.61088],[-118.06446,45.61142],[-118.06407,45.61142],[-118.06407,45.61195],[-118.06446,45.61195],[-118.06446,45.61276],[-118.06484,45.61276],[-118.06484,45.6133],[-118.06561,45.6133],[-118.06561,45.61465],[-118.06638,45.61492],[-118.06638,45.61573],[-118.06677,45.61573],[-118.06677,45.616],[-118.066,45.616],[-118.066,45.61546],[-118.06561,45.61546],[-118.06561,45.61492],[-118.06523,45.61492],[-118.06523,45.61438],[-118.06446,45.61411],[-118.06446,45.61357],[-118.06407,45.61357],[-118.06407,45.61303],[-118.06369,45.61303],[-118.06369,45.61249],[-118.0633,45.61249],[-118.0633,45.61142],[-118.06253,45.61142],[-118.06253,45.61034],[-118.06215,45.61034],[-118.06215,45.61061],[-118.06138,45.61088],[-118.06138,45.61115],[-118.06099,45.61115],[-118.06099,45.61169],[-118.06138,45.61169],[-118.06138,45.61249],[-118.06061,45.61249],[-118.06061,45.61222],[-118.05983,45.61222],[-118.05983,45.61195],[-118.05906,45.61195],[-118.05906,45.61222],[-118.05791,45.61222],[-118.05791,45.61169],[-118.05598,45.61169],[-118.05598,45.61142],[-118.0556,45.61142],[-118.0556,45.61115],[-118.05483,45.61115],[-118.05483,45.61142],[-118.05367,45.61142],[-118.05367,45.61115],[-118.05406,45.61115],[-118.05406,45.61061],[-118.05444,45.61061],[-118.05444,45.61034],[-118.05367,45.61007],[-118.05367,45.61034],[-118.05329,45.61034],[-118.05329,45.61088],[-118.0529,45.61088],[-118.0529,45.61061],[-118.05252,45.61061],[-118.05252,45.61034],[-118.05213,45.61034],[-118.05213,45.6098],[-118.05367,45.60926],[-118.05367,45.60845],[-118.0529,45.60845],[-118.0529,45.60818],[-118.05175,45.60818],[-118.05175,45.60764],[-118.05059,45.60764],[-118.05059,45.60791],[-118.05021,45.60791],[-118.05021,45.60764],[-118.04982,45.60764],[-118.04982,45.6071],[-118.04944,45.6071],[-118.04944,45.60657],[-118.04905,45.60657],[-118.04905,45.6063],[-118.04944,45.6063],[-118.04944,45.60603],[-118.04867,45.60603],[-118.04867,45.6063],[-118.0479,45.6063],[-118.0479,45.60657],[-118.04751,45.60657],[-118.04751,45.60549],[-118.04713,45.60549],[-118.04713,45.60576],[-118.04636,45.60576],[-118.04636,45.60549],[-118.04559,45.60522],[-118.04559,45.60495],[-118.04674,45.60495],[-118.04674,45.60468],[-118.04713,45.60468],[-118.04713,45.60414],[-118.04674,45.60414],[-118.04674,45.60441],[-118.04482,45.60441],[-118.04482,45.60414],[-118.04443,45.60414],[-118.04443,45.60441],[-118.04405,45.60441],[-118.04405,45.60468],[-118.04366,45.60468],[-118.04366,45.60441],[-118.04289,45.60468],[-118.04289,45.60387],[-118.04212,45.60387],[-118.04212,45.6036],[-118.04174,45.6036],[-118.04174,45.60387],[-118.04097,45.60414],[-118.04097,45.60468],[-118.04174,45.60468],[-118.04174,45.60441],[-118.04212,45.60441],[-118.04212,45.60522],[-118.04174,45.60522],[-118.04174,45.60549],[-118.04135,45.60549],[-118.04135,45.60522],[-118.0402,45.60522],[-118.0402,45.60495],[-118.03866,45.60495],[-118.03866,45.60522],[-118.03789,45.60522],[-118.03789,45.60549],[-118.0375,45.60549],[-118.0375,45.60414],[-118.03712,45.60414],[-118.03712,45.60468],[-118.03673,45.60468],[-118.03673,45.60387],[-118.03635,45.60387],[-118.03635,45.60441],[-118.03596,45.60441],[-118.03596,45.60468],[-118.03635,45.60468],[-118.03635,45.60549],[-118.03596,45.60549],[-118.03596,45.60495],[-118.03558,45.60495],[-118.03558,45.60549],[-118.03519,45.60549],[-118.03519,45.60576],[-118.03442,45.60576],[-118.03442,45.60549],[-118.03365,45.60522],[-118.03365,45.60468],[-118.03442,45.60441],[-118.03442,45.60333],[-118.03211,45.60414],[-118.03211,45.6036],[-118.03134,45.6036],[-118.03134,45.60225],[-118.0298,45.60225],[-118.0298,45.60252],[-118.02788,45.60252],[-118.02788,45.60279],[-118.02711,45.60279],[-118.02711,45.60333],[-118.02672,45.60333],[-118.02672,45.6036],[-118.02595,45.6036],[-118.02595,45.60333],[-118.02364,45.6036],[-118.02364,45.60306],[-118.02326,45.60306],[-118.02326,45.60252],[-118.02364,45.60252],[-118.02364,45.60225],[-118.02595,45.60225],[-118.02595,45.60171],[-118.02634,45.60171],[-118.02634,45.60118],[-118.02711,45.60091],[-118.02711,45.60064],[-118.02672,45.60064],[-118.02672,45.60037],[-118.02634,45.60037],[-118.02634,45.60064],[-118.02557,45.60064],[-118.02557,45.60091],[-118.0248,45.60091],[-118.0248,45.60118],[-118.02403,45.60118],[-118.02403,45.60144],[-118.02326,45.60171],[-118.02326,45.60225],[-118.02017,45.60225],[-118.02017,45.60252],[-118.0194,45.60225],[-118.0194,45.60279],[-118.01748,45.60279],[-118.01748,45.60225],[-118.01786,45.60225],[-118.01786,45.60198],[-118.01863,45.60198],[-118.01863,45.60171],[-118.01902,45.60171],[-118.01902,45.60118],[-118.0194,45.60118],[-118.0194,45.60091],[-118.01979,45.60091],[-118.01979,45.60064],[-118.02017,45.60064],[-118.02017,45.60037],[-118.02056,45.60037],[-118.02056,45.6001],[-118.0194,45.6001],[-118.0194,45.60037],[-118.01902,45.60037],[-118.01902,45.60064],[-118.01863,45.60064],[-118.01863,45.60091],[-118.01825,45.60091],[-118.01825,45.60118],[-118.01748,45.60118],[-118.01748,45.60064],[-118.01709,45.60064],[-118.01709,45.6001],[-118.01671,45.6001],[-118.01671,45.60037],[-118.01632,45.60037],[-118.01632,45.60064],[-118.01594,45.60064],[-118.01594,45.60037],[-118.01555,45.60037],[-118.01555,45.59848],[-118.01324,45.59848],[-118.01324,45.5974],[-118.01247,45.5974],[-118.01247,45.59821],[-118.01286,45.59821],[-118.01286,45.59929],[-118.01209,45.59902],[-118.01209,45.59848],[-118.0117,45.59848],[-118.0117,45.59902],[-118.01093,45.59902],[-118.01093,45.59848],[-118.01016,45.59821],[-118.01016,45.5974],[-118.00978,45.5974],[-118.00978,45.59659],[-118.00901,45.59632],[-118.00901,45.59579],[-118.00862,45.59579],[-118.00862,45.59552],[-118.00747,45.59552],[-118.00747,45.59605],[-118.0067,45.59632],[-118.0067,45.59686],[-118.00554,45.59686],[-118.00554,45.59713],[-118.00516,45.59713],[-118.00516,45.59767],[-118.00554,45.59767],[-118.00554,45.59821],[-118.00477,45.59848],[-118.00477,45.59929],[-118.00554,45.59929],[-118.00554,45.59956],[-118.00477,45.59983],[-118.00477,45.60064],[-118.00516,45.60064],[-118.00516,45.60118],[-118.00554,45.60118],[-118.00554,45.60225],[-118.00516,45.60225],[-118.00516,45.60198],[-118.00477,45.60198],[-118.00477,45.60171],[-118.00439,45.60171],[-118.00439,45.60118],[-118.00362,45.60118],[-118.00362,45.60064],[-118.00323,45.60064],[-118.00323,45.60037],[-118.00362,45.60037],[-118.00362,45.59956],[-118.00285,45.59956],[-118.00285,45.59929],[-118.00246,45.59929],[-118.00246,45.59821],[-118.00285,45.59821],[-118.00285,45.59767],[-118.00169,45.59767],[-118.00169,45.59686],[-118.00131,45.59686],[-118.00131,45.59659],[-118.00054,45.59659],[-118.00054,45.59875],[-118.00092,45.59875],[-118.00092,45.59902],[-118.00054,45.59902],[-118.00054,45.60037],[-118.00015,45.60037],[-118.00015,45.59956],[-117.99861,45.59983],[-117.99861,45.59929],[-117.99823,45.59929],[-117.99823,45.59875],[-117.99707,45.59875],[-117.99707,45.59902],[-117.99669,45.59902],[-117.99669,45.59929],[-117.9963,45.59929],[-117.9963,45.59902],[-117.99592,45.59902],[-117.99592,45.59929],[-117.99399,45.59929],[-117.99399,45.59956],[-117.99322,45.59983],[-117.99322,45.6001],[-117.99284,45.6001],[-117.99284,45.59983],[-117.99207,45.59983],[-117.99207,45.59956],[-117.99091,45.59956],[-117.99091,45.59983],[-117.99014,45.59983],[-117.99014,45.59956],[-117.98976,45.59956],[-117.98976,45.60064],[-117.98937,45.60064],[-117.98937,45.60037],[-117.98822,45.60037],[-117.98822,45.60064],[-117.98783,45.60064],[-117.98783,45.60118],[-117.98745,45.60118],[-117.98745,45.60198],[-117.98706,45.60198],[-117.98706,45.6036],[-117.98745,45.6036],[-117.98745,45.60414],[-117.98668,45.60414],[-117.98668,45.60387],[-117.98629,45.60387],[-117.98629,45.60333],[-117.98591,45.60333],[-117.98591,45.60279],[-117.98514,45.60279],[-117.98514,45.60306],[-117.98437,45.60333],[-117.98437,45.6036],[-117.98591,45.6036],[-117.98591,45.60414],[-117.98629,45.60414],[-117.98629,45.60441],[-117.98591,45.60441],[-117.98591,45.60468],[-117.98629,45.60468],[-117.98629,45.60495],[-117.98706,45.60495],[-117.98706,45.60549],[-117.98437,45.60549],[-117.98437,45.60576],[-117.98398,45.60576],[-117.98398,45.6063],[-117.98359,45.6063],[-117.98359,45.6071],[-117.98321,45.6071],[-117.98321,45.60683],[-117.98282,45.60683],[-117.98282,45.60657],[-117.98205,45.60657],[-117.98205,45.60683],[-117.98244,45.60683],[-117.98244,45.60737],[-117.98282,45.60737],[-117.98282,45.60791],[-117.98321,45.60791],[-117.98321,45.60818],[-117.98282,45.60818],[-117.98282,45.60845],[-117.98321,45.60845],[-117.98321,45.60926],[-117.98244,45.60926],[-117.98244,45.60953],[-117.98205,45.60953],[-117.98205,45.6098],[-117.98244,45.6098],[-117.98244,45.61034],[-117.98321,45.61061],[-117.98321,45.61115],[-117.98244,45.61142],[-117.98244,45.61195],[-117.98051,45.61195],[-117.98051,45.61169],[-117.97974,45.61142],[-117.97974,45.61115],[-117.97897,45.61088],[-117.97897,45.61169],[-117.97974,45.61195],[-117.97974,45.61276],[-117.97859,45.61276],[-117.97859,45.61411],[-117.97743,45.61411],[-117.97743,45.6133],[-117.97782,45.6133],[-117.97782,45.61276],[-117.9782,45.61276],[-117.9782,45.61249],[-117.97782,45.61249],[-117.97782,45.61195],[-117.9782,45.61195],[-117.9782,45.61142],[-117.97782,45.61142],[-117.97782,45.61088],[-117.97743,45.61088],[-117.97743,45.61034],[-117.97666,45.61034],[-117.97666,45.61061],[-117.97589,45.61088],[-117.97589,45.61142],[-117.97628,45.61142],[-117.97628,45.61249],[-117.97589,45.61249],[-117.97589,45.61303],[-117.97666,45.6133],[-117.97666,45.61384],[-117.97512,45.61384],[-117.97512,45.61411],[-117.97435,45.61411],[-117.97435,45.61384],[-117.97358,45.61384],[-117.97358,45.61357],[-117.97204,45.6133],[-117.97204,45.61357],[-117.97127,45.61357],[-117.97127,45.61384],[-117.97089,45.61384],[-117.97089,45.61438],[-117.9705,45.61438],[-117.9705,45.61465],[-117.96973,45.61465],[-117.96973,45.61438],[-117.97012,45.61438],[-117.97012,45.61384],[-117.97089,45.61357],[-117.97089,45.61303],[-117.97204,45.61303],[-117.97204,45.61276],[-117.97281,45.61249],[-117.97281,45.61088],[-117.97243,45.61088],[-117.97243,45.61034],[-117.97204,45.61034],[-117.97204,45.60872],[-117.97127,45.60872],[-117.97127,45.60926],[-117.9705,45.60953],[-117.9705,45.61061],[-117.97127,45.61061],[-117.97127,45.61115],[-117.97089,45.61115],[-117.97089,45.61142],[-117.97012,45.61142],[-117.97012,45.61088],[-117.96896,45.61088],[-117.96896,45.61034],[-117.96858,45.61034],[-117.96858,45.61007],[-117.96781,45.61007],[-117.96781,45.6098],[-117.96742,45.6098],[-117.96742,45.61007],[-117.96665,45.61007],[-117.96665,45.6098],[-117.96627,45.6098],[-117.96627,45.60953],[-117.96742,45.60953],[-117.96742,45.60926],[-117.96781,45.60926],[-117.96781,45.60953],[-117.97012,45.60953],[-117.97012,45.60872],[-117.96704,45.60872],[-117.96704,45.60818],[-117.96665,45.60818],[-117.96665,45.60737],[-117.96627,45.60737],[-117.96627,45.60683],[-117.96588,45.60683],[-117.96588,45.6063],[-117.9655,45.6063],[-117.9655,45.60576],[-117.96627,45.60549],[-117.96627,45.60495],[-117.96704,45.60495],[-117.96704,45.60522],[-117.96742,45.60522],[-117.96742,45.60576],[-117.96819,45.60576],[-117.96819,45.60603],[-117.96858,45.60603],[-117.96858,45.60576],[-117.96935,45.60576],[-117.96935,45.60549],[-117.96973,45.60549],[-117.96973,45.60495],[-117.96935,45.60495],[-117.96935,45.60468],[-117.96896,45.60468],[-117.96896,45.60441],[-117.96704,45.60441],[-117.96704,45.60387],[-117.96665,45.60387],[-117.96665,45.6036],[-117.96704,45.6036],[-117.96704,45.60306],[-117.96627,45.60279],[-117.96627,45.60225],[-117.96588,45.60225],[-117.96588,45.60198],[-117.9655,45.60198],[-117.9655,45.60144],[-117.96511,45.60144],[-117.96511,45.60118],[-117.9655,45.60118],[-117.9655,45.60064],[-117.96588,45.60064],[-117.96588,45.60037],[-117.96627,45.60037],[-117.96627,45.6001],[-117.96511,45.6001],[-117.96511,45.59983],[-117.96473,45.59983],[-117.96473,45.59875],[-117.9655,45.59848],[-117.9655,45.59794],[-117.96627,45.59821],[-117.96627,45.59794],[-117.96665,45.59794],[-117.96665,45.5974],[-117.9655,45.5974],[-117.9655,45.59713],[-117.96627,45.59686],[-117.96627,45.59659],[-117.96588,45.59659],[-117.96588,45.59552],[-117.9655,45.59552],[-117.9655,45.59417],[-117.96511,45.59417],[-117.96511,45.59282],[-117.96473,45.59282],[-117.96473,45.59255],[-117.96434,45.59255],[-117.96434,45.59228],[-117.96511,45.59201],[-117.96511,45.59228],[-117.9655,45.59228],[-117.9655,45.59255],[-117.96588,45.59255],[-117.96588,45.59282],[-117.96627,45.59282],[-117.96627,45.59093],[-117.9655,45.59093],[-117.9655,45.58986],[-117.96665,45.58986],[-117.96665,45.58959],[-117.96704,45.58959],[-117.96704,45.58905],[-117.96742,45.58905],[-117.96742,45.58851],[-117.96704,45.58851],[-117.96704,45.58824],[-117.9655,45.58824],[-117.9655,45.5877],[-117.96588,45.5877],[-117.96588,45.58662],[-117.96627,45.58662],[-117.96627,45.58635],[-117.96704,45.58635],[-117.96704,45.58662],[-117.96781,45.58689],[-117.96781,45.58716],[-117.96858,45.58743],[-117.96858,45.5877],[-117.96896,45.5877],[-117.96896,45.58797],[-117.96935,45.58797],[-117.96935,45.58824],[-117.96973,45.58824],[-117.96973,45.58851],[-117.97012,45.58851],[-117.97012,45.58905],[-117.97089,45.58932],[-117.97089,45.58986],[-117.97127,45.58986],[-117.97127,45.59013],[-117.97204,45.59013],[-117.97204,45.5904],[-117.97281,45.59066],[-117.97281,45.59093],[-117.97358,45.59066],[-117.97358,45.58905],[-117.97397,45.58905],[-117.97397,45.58689],[-117.97435,45.58689],[-117.97435,45.58635],[-117.97474,45.58635],[-117.97474,45.58554],[-117.97512,45.58554],[-117.97512,45.58474],[-117.97589,45.58501],[-117.97589,45.58393],[-117.97666,45.58366],[-117.97666,45.58231],[-117.97589,45.58231],[-117.97589,45.58177],[-117.97551,45.58177],[-117.97551,45.58123],[-117.97512,45.58123],[-117.97512,45.58069],[-117.97551,45.58069],[-117.97551,45.58015],[-117.97474,45.57989],[-117.97474,45.57854],[-117.97435,45.57854],[-117.97435,45.57692],[-117.97512,45.57692],[-117.97512,45.57638],[-117.97589,45.57638],[-117.97589,45.57665],[-117.97666,45.57692],[-117.97666,45.5745],[-117.97743,45.57423],[-117.97743,45.57476],[-117.97782,45.57476],[-117.97782,45.57746],[-117.97859,45.57746],[-117.97859,45.57719],[-117.97897,45.57719],[-117.97897,45.5745],[-117.97936,45.5745],[-117.97936,45.57423],[-117.97974,45.57423],[-117.97974,45.57396],[-117.98013,45.57396],[-117.98013,45.57342],[-117.98051,45.57342],[-117.98051,45.57261],[-117.97974,45.57234],[-117.97974,45.5718],[-117.98051,45.5718],[-117.98051,45.57153],[-117.9809,45.57153],[-117.9809,45.57099],[-117.98051,45.57099],[-117.98051,45.57126],[-117.97936,45.57126],[-117.97936,45.57072],[-117.98013,45.57045],[-117.98013,45.56991],[-117.97974,45.56991],[-117.97974,45.56964],[-117.98013,45.56964],[-117.98013,45.56911],[-117.98167,45.56911],[-117.98167,45.56884],[-117.98205,45.56884],[-117.98205,45.56911],[-117.98282,45.56911],[-117.98282,45.56884],[-117.98321,45.56884],[-117.98321,45.56857],[-117.98475,45.56857],[-117.98475,45.5683],[-117.98514,45.5683],[-117.98514,45.56776],[-117.98552,45.56776],[-117.98552,45.56695],[-117.98514,45.56695],[-117.98514,45.56668],[-117.98437,45.56641],[-117.98437,45.56614],[-117.98398,45.56614],[-117.98398,45.5656],[-117.98359,45.5656],[-117.98359,45.56533],[-117.98398,45.56533],[-117.98398,45.56479],[-117.98359,45.56479],[-117.98359,45.56452],[-117.98437,45.56452],[-117.98437,45.56506],[-117.98514,45.56506],[-117.98514,45.56479],[-117.98552,45.56479],[-117.98552,45.56452],[-117.98591,45.56452],[-117.98591,45.56399],[-117.98629,45.56399],[-117.98629,45.56345],[-117.98668,45.56345],[-117.98668,45.56318],[-117.98783,45.56318],[-117.98783,45.56291],[-117.9886,45.56264],[-117.9886,45.5621],[-117.98937,45.5621],[-117.98937,45.56318],[-117.98976,45.56318],[-117.98976,45.56237],[-117.99168,45.56237],[-117.99168,45.56264],[-117.99322,45.56291],[-117.99322,45.56318],[-117.99361,45.56318],[-117.99361,45.56291],[-117.99476,45.56291],[-117.99476,45.56318],[-117.99746,45.56318],[-117.99746,45.56345],[-117.99784,45.56345],[-117.99784,45.56372],[-117.99861,45.56372],[-117.99861,45.56399],[-117.999,45.56399],[-117.999,45.56425],[-117.99977,45.56425],[-117.99977,45.56372],[-117.999,45.56372],[-117.999,45.56318],[-117.99938,45.56318],[-117.99938,45.56264],[-117.999,45.56264],[-117.999,45.56183],[-117.99977,45.56183],[-117.99977,45.56237],[-118.00054,45.56264],[-118.00054,45.56345],[-118.00015,45.56345],[-118.00015,45.56425],[-118.00054,45.56425],[-118.00054,45.56372],[-118.00092,45.56372],[-118.00092,45.56345],[-118.00131,45.56345],[-118.00131,45.56372],[-118.00208,45.56345],[-118.00208,45.56372],[-118.00285,45.56372],[-118.00285,45.56399],[-118.00323,45.56399],[-118.00323,45.56452],[-118.00362,45.56452],[-118.00362,45.56506],[-118.00439,45.56506],[-118.00439,45.56425],[-118.00593,45.56425],[-118.00593,45.56399],[-118.00554,45.56399],[-118.00554,45.56291],[-118.00631,45.56291],[-118.00631,45.56318],[-118.0067,45.56318],[-118.0067,45.56372],[-118.00631,45.56372],[-118.00631,45.56425],[-118.00747,45.56425],[-118.00747,45.56479],[-118.00901,45.56479],[-118.00901,45.56506],[-118.00978,45.56506],[-118.00978,45.56479],[-118.01016,45.56479],[-118.01016,45.56506],[-118.01209,45.56506],[-118.01209,45.56533],[-118.01286,45.5656],[-118.01286,45.56587],[-118.01247,45.56587],[-118.01247,45.56641],[-118.01324,45.56668],[-118.01324,45.56722],[-118.01517,45.56722],[-118.01517,45.56695],[-118.01594,45.56668],[-118.01594,45.56614],[-118.01517,45.56614],[-118.01517,45.56587],[-118.01478,45.56587],[-118.01478,45.5656],[-118.01632,45.5656],[-118.01632,45.56587],[-118.01748,45.56587],[-118.01748,45.5656],[-118.01902,45.56533],[-118.01902,45.56587],[-118.0194,45.56587],[-118.0194,45.5656],[-118.01979,45.5656],[-118.01979,45.56533],[-118.02094,45.56533],[-118.02094,45.56506],[-118.02249,45.56506],[-118.02249,45.56587],[-118.02364,45.56587],[-118.02364,45.56614],[-118.02326,45.56614],[-118.02326,45.56695],[-118.02249,45.56695],[-118.02249,45.56722],[-118.02287,45.56722],[-118.02287,45.56749],[-118.02326,45.56749],[-118.02326,45.56722],[-118.02403,45.56695],[-118.02403,45.56668],[-118.02441,45.56668],[-118.02441,45.56776],[-118.0248,45.56776],[-118.0248,45.56803],[-118.02557,45.56803],[-118.02557,45.56776],[-118.02595,45.56776],[-118.02595,45.56749],[-118.02711,45.56749],[-118.02711,45.56722],[-118.02749,45.56722],[-118.02749,45.56749],[-118.02788,45.56749],[-118.02788,45.56776],[-118.02865,45.56776],[-118.02865,45.5683],[-118.02826,45.5683],[-118.02826,45.56991],[-118.02788,45.56991],[-118.02788,45.57018],[-118.02711,45.57018],[-118.02711,45.57045],[-118.02788,45.57045],[-118.02788,45.57099],[-118.02826,45.57099],[-118.02826,45.57072],[-118.02903,45.57099],[-118.02903,45.57018],[-118.02865,45.57018],[-118.02865,45.56991],[-118.02903,45.56991],[-118.02903,45.56937],[-118.02942,45.56937],[-118.02942,45.56911],[-118.03019,45.56911],[-118.03019,45.56937],[-118.03057,45.56937],[-118.03057,45.56911],[-118.0325,45.56911],[-118.0325,45.56937],[-118.03173,45.56964],[-118.03173,45.56991],[-118.03096,45.56991],[-118.03096,45.57045],[-118.03057,45.57045],[-118.03057,45.57126],[-118.03134,45.57126],[-118.03134,45.57099],[-118.03173,45.57099],[-118.03173,45.5718],[-118.03211,45.5718],[-118.03211,45.57207],[-118.0325,45.57207],[-118.0325,45.57099],[-118.03327,45.57099],[-118.03327,45.57126],[-118.03404,45.57099],[-118.03404,45.57018],[-118.03442,45.57018],[-118.03442,45.57045],[-118.03596,45.57045],[-118.03596,45.57072],[-118.03519,45.57072],[-118.03519,45.57126],[-118.03481,45.57126],[-118.03481,45.57153],[-118.03442,45.57153],[-118.03442,45.5718],[-118.03404,45.5718],[-118.03404,45.57234],[-118.03327,45.57234],[-118.03327,45.57261],[-118.03404,45.57261],[-118.03404,45.57288],[-118.03481,45.57288],[-118.03481,45.57315],[-118.03519,45.57315],[-118.03519,45.57288],[-118.03635,45.57288],[-118.03635,45.57261],[-118.03673,45.57261],[-118.03673,45.57207],[-118.03712,45.57207],[-118.03712,45.5718],[-118.03789,45.5718],[-118.03789,45.57234],[-118.03712,45.57261],[-118.03712,45.57288],[-118.03635,45.57315],[-118.03635,45.57342],[-118.0375,45.57342],[-118.0375,45.57315],[-118.03827,45.57315],[-118.03827,45.57288],[-118.0402,45.57288],[-118.0402,45.57261],[-118.04097,45.57261],[-118.04097,45.57288],[-118.04328,45.57261],[-118.04328,45.57288],[-118.04251,45.57288],[-118.04251,45.57315],[-118.04212,45.57315],[-118.04212,45.57342],[-118.04251,45.57342],[-118.04251,45.5745],[-118.04328,45.5745],[-118.04328,45.57476],[-118.04405,45.57503],[-118.04405,45.5753],[-118.04443,45.5753],[-118.04443,45.57503],[-118.0452,45.5753],[-118.0452,45.57557],[-118.04366,45.57557],[-118.04366,45.57584],[-118.04405,45.57584],[-118.04405,45.57638],[-118.04443,45.57638],[-118.04443,45.57665],[-118.0452,45.57665],[-118.0452,45.57692],[-118.04482,45.57692],[-118.04482,45.57746],[-118.04443,45.57746],[-118.04443,45.57773],[-118.04482,45.57773],[-118.04482,45.57827],[-118.0452,45.57827],[-118.0452,45.57854],[-118.04597,45.57854],[-118.04597,45.57935],[-118.04636,45.57935],[-118.04636,45.57962],[-118.04828,45.57962],[-118.04828,45.57989],[-118.04867,45.57989],[-118.04867,45.58015],[-118.04905,45.58015],[-118.04905,45.58042],[-118.04944,45.58042],[-118.04944,45.58069],[-118.04905,45.58069],[-118.04905,45.58123],[-118.04944,45.58123],[-118.04944,45.58177],[-118.04982,45.58177],[-118.04982,45.58285],[-118.05021,45.58285],[-118.05021,45.58339],[-118.05059,45.58339],[-118.05059,45.58366],[-118.05175,45.58366],[-118.05175,45.58393],[-118.05213,45.58393],[-118.05213,45.58339],[-118.0529,45.58339],[-118.0529,45.58366],[-118.05329,45.58366],[-118.05329,45.5842],[-118.05252,45.5842],[-118.05252,45.58501],[-118.05213,45.58501],[-118.05213,45.58554],[-118.04982,45.58554],[-118.04982,45.58528],[-118.04944,45.58528],[-118.04944,45.58635],[-118.04982,45.58635],[-118.04982,45.58662],[-118.05059,45.58689],[-118.05059,45.58716],[-118.05136,45.58716],[-118.05136,45.58743],[-118.05098,45.58743],[-118.05098,45.5877],[-118.04944,45.5877],[-118.04944,45.58824],[-118.05021,45.58797],[-118.05021,45.58878],[-118.05059,45.58878],[-118.05059,45.58932],[-118.05136,45.58932],[-118.05136,45.5904],[-118.05175,45.5904],[-118.05175,45.59093],[-118.05252,45.59066],[-118.05252,45.59013],[-118.05329,45.59013],[-118.05329,45.5912],[-118.05483,45.5912],[-118.05483,45.59201],[-118.05521,45.59201],[-118.05521,45.59282],[-118.05483,45.59282]],[[-117.98976,45.59902],[-117.98937,45.59902],[-117.98937,45.59956],[-117.98976,45.59956],[-117.98976,45.59902]],[[-117.98205,45.60926],[-117.98128,45.60926],[-117.98128,45.60953],[-117.98205,45.60953],[-117.98205,45.60926]],[[-117.96781,45.58851],[-117.96781,45.58824],[-117.96742,45.58824],[-117.96742,45.58851],[-117.96781,45.58851]],[[-117.96627,45.58689],[-117.96665,45.58689],[-117.96665,45.58662],[-117.96627,45.58662],[-117.96627,45.58689]],[[-117.96665,45.58743],[-117.96704,45.58743],[-117.96704,45.58689],[-117.96665,45.58689],[-117.96665,45.58743]],[[-117.97897,45.57746],[-117.97936,45.57746],[-117.97936,45.578],[-117.97897,45.578],[-117.97897,45.57827],[-117.97859,45.57827],[-117.97859,45.57854],[-117.9782,45.57854],[-117.9782,45.57881],[-117.97859,45.57881],[-117.97859,45.57908],[-117.97897,45.57908],[-117.97897,45.57881],[-117.97936,45.57881],[-117.97936,45.57854],[-117.97974,45.57854],[-117.97974,45.578],[-117.98013,45.578],[-117.98013,45.57746],[-117.98051,45.57746],[-117.98051,45.57719],[-117.97897,45.57719],[-117.97897,45.57746]],[[-117.98128,45.57099],[-117.98128,45.57018],[-117.9809,45.57018],[-117.9809,45.57099],[-117.98128,45.57099]],[[-118.02249,45.56668],[-118.0221,45.56668],[-118.0221,45.56695],[-118.02249,45.56695],[-118.02249,45.56668]],[[-118.02171,45.56695],[-118.02171,45.56722],[-118.0221,45.56722],[-118.0221,45.56695],[-118.02171,45.56695]],[[-118.05406,45.59201],[-118.05406,45.59228],[-118.05329,45.59255],[-118.05329,45.59282],[-118.05406,45.59282],[-118.05406,45.59255],[-118.05483,45.59228],[-118.05483,45.59201],[-118.05406,45.59201]],[[-118.05791,45.61142],[-118.05868,45.61142],[-118.05868,45.61088],[-118.05791,45.61088],[-118.05791,45.61142]],[[-117.97897,45.61061],[-117.97936,45.61061],[-117.97936,45.61034],[-117.97897,45.61034],[-117.97897,45.61061]],[[-118.05521,45.60845],[-118.05444,45.60872],[-118.05444,45.60899],[-118.05483,45.60899],[-118.05483,45.6098],[-118.05444,45.6098],[-118.05444,45.61007],[-118.0556,45.61007],[-118.0556,45.60926],[-118.05521,45.60926],[-118.05521,45.60845]],[[-117.97782,45.60926],[-117.97705,45.60899],[-117.97705,45.60926],[-117.97666,45.60926],[-117.97666,45.61007],[-117.97743,45.61007],[-117.97743,45.6098],[-117.97782,45.6098],[-117.97782,45.60926]],[[-118.05406,45.60845],[-118.05444,45.60845],[-118.05444,45.60764],[-118.05406,45.60764],[-118.05406,45.60845]],[[-117.96973,45.60683],[-117.96935,45.60683],[-117.96935,45.60791],[-117.97012,45.60791],[-117.97012,45.6071],[-117.96973,45.6071],[-117.96973,45.60683]],[[-118.05059,45.60737],[-118.05136,45.60737],[-118.05136,45.60683],[-118.05059,45.60683],[-118.05059,45.60737]],[[-117.97166,45.6071],[-117.97204,45.6071],[-117.97204,45.60683],[-117.97166,45.60683],[-117.97166,45.6071]],[[-118.06215,45.60576],[-118.06292,45.60549],[-118.06292,45.60495],[-118.06253,45.60495],[-118.06253,45.60468],[-118.06176,45.60441],[-118.06176,45.60414],[-118.06138,45.60414],[-118.06138,45.60468],[-118.06176,45.60468],[-118.06176,45.60576],[-118.06138,45.60576],[-118.06138,45.6063],[-118.06099,45.6063],[-118.06099,45.60657],[-118.06176,45.60657],[-118.06176,45.6063],[-118.06215,45.6063],[-118.06215,45.60576]],[[-117.98475,45.60414],[-117.98437,45.60414],[-117.98437,45.60468],[-117.98552,45.60468],[-117.98552,45.60441],[-117.98475,45.60441],[-117.98475,45.60414]],[[-117.98244,45.60441],[-117.98205,45.60441],[-117.98205,45.60468],[-117.98321,45.60468],[-117.98321,45.60414],[-117.98244,45.60414],[-117.98244,45.60441]],[[-118.03943,45.60306],[-118.03866,45.60306],[-118.03866,45.60333],[-118.03789,45.6036],[-118.03789,45.60414],[-118.03904,45.60414],[-118.03904,45.60387],[-118.03981,45.60387],[-118.03981,45.6036],[-118.04097,45.6036],[-118.04097,45.60279],[-118.04058,45.60279],[-118.04058,45.60252],[-118.0402,45.60252],[-118.0402,45.60279],[-118.03943,45.60279],[-118.03943,45.60306]],[[-118.0402,45.60225],[-118.03981,45.60225],[-118.03981,45.60252],[-118.0402,45.60252],[-118.0402,45.60225]],[[-118.03173,45.60144],[-118.03134,45.60144],[-118.03134,45.60171],[-118.03173,45.60171],[-118.03173,45.60144]],[[-118.03134,45.60118],[-118.03096,45.60118],[-118.03096,45.60144],[-118.03134,45.60144],[-118.03134,45.60118]],[[-118.02403,45.59929],[-118.02364,45.59929],[-118.02364,45.59875],[-118.02249,45.59875],[-118.02249,45.59902],[-118.0221,45.59902],[-118.0221,45.59983],[-118.02249,45.59983],[-118.02249,45.6001],[-118.02364,45.6001],[-118.02364,45.59983],[-118.02403,45.59983],[-118.02403,45.59929]],[[-118.004,45.59579],[-118.00323,45.59579],[-118.00323,45.59632],[-118.00362,45.59632],[-118.00362,45.59605],[-118.004,45.59605],[-118.004,45.59579]],[[-118.00477,45.59579],[-118.00516,45.59579],[-118.00516,45.59552],[-118.00477,45.59552],[-118.00477,45.59579]],[[-118.00169,45.59471],[-118.00015,45.59471],[-118.00015,45.59552],[-118.00131,45.59552],[-118.00131,45.59525],[-118.00169,45.59525],[-118.00169,45.59471]],[[-118.00477,45.59363],[-118.00439,45.59363],[-118.00439,45.59336],[-118.00323,45.59336],[-118.00323,45.59363],[-118.00285,45.59363],[-118.00285,45.5939],[-118.00246,45.5939],[-118.00246,45.59498],[-118.004,45.59498],[-118.004,45.59471],[-118.00477,45.59471],[-118.00477,45.59363]],[[-117.999,45.5939],[-117.99823,45.59363],[-117.99823,45.59282],[-117.99784,45.59282],[-117.99784,45.59255],[-117.99707,45.59255],[-117.99707,45.59228],[-117.9963,45.59228],[-117.9963,45.59201],[-117.99553,45.59174],[-117.99553,45.59228],[-117.99592,45.59228],[-117.99592,45.59255],[-117.9963,45.59255],[-117.9963,45.59282],[-117.99707,45.59282],[-117.99707,45.59336],[-117.99784,45.59363],[-117.99784,45.59444],[-117.99823,45.59444],[-117.99823,45.59498],[-117.99861,45.59498],[-117.99861,45.59444],[-117.999,45.59444],[-117.999,45.5939]],[[-118.05406,45.5939],[-118.05444,45.5939],[-118.05444,45.59336],[-118.05406,45.59336],[-118.05406,45.5939]],[[-117.999,45.58986],[-117.99823,45.58986],[-117.99823,45.59013],[-117.99861,45.59013],[-117.99861,45.5904],[-117.999,45.5904],[-117.999,45.59066],[-117.99938,45.59066],[-117.99938,45.59013],[-117.999,45.59013],[-117.999,45.58986]],[[-117.99361,45.59013],[-117.99399,45.59013],[-117.99399,45.58986],[-117.99361,45.58986],[-117.99361,45.59013]],[[-117.99553,45.58797],[-117.99515,45.58797],[-117.99515,45.5877],[-117.99476,45.5877],[-117.99476,45.58743],[-117.99399,45.58743],[-117.99399,45.58797],[-117.99476,45.58797],[-117.99476,45.58824],[-117.99515,45.58824],[-117.99515,45.58851],[-117.99592,45.58851],[-117.99592,45.58824],[-117.99553,45.58824],[-117.99553,45.58797]],[[-117.99284,45.58716],[-117.99245,45.58716],[-117.99245,45.58662],[-117.99207,45.58662],[-117.99207,45.58635],[-117.99168,45.58635],[-117.99168,45.58662],[-117.9913,45.58662],[-117.9913,45.58689],[-117.99091,45.58689],[-117.99091,45.58743],[-117.9913,45.58743],[-117.9913,45.5877],[-117.99245,45.5877],[-117.99245,45.58743],[-117.99284,45.58743],[-117.99284,45.58716]],[[-117.98937,45.58635],[-117.98976,45.58635],[-117.98976,45.58608],[-117.98937,45.58608],[-117.98937,45.58635]],[[-118.0248,45.58366],[-118.02403,45.58366],[-118.02403,45.58285],[-118.02441,45.58285],[-118.02441,45.58231],[-118.02403,45.58231],[-118.02403,45.58177],[-118.02326,45.58177],[-118.02326,45.58096],[-118.02287,45.58096],[-118.02287,45.58069],[-118.02249,45.58069],[-118.02249,45.58042],[-118.02133,45.58042],[-118.02133,45.58015],[-118.02094,45.58015],[-118.02094,45.57881],[-118.02056,45.57881],[-118.02056,45.57854],[-118.01825,45.57827],[-118.01825,45.57773],[-118.01709,45.57773],[-118.01709,45.57746],[-118.01555,45.57746],[-118.01555,45.57773],[-118.01478,45.578],[-118.01478,45.57827],[-118.01401,45.57827],[-118.01401,45.57881],[-118.01363,45.57881],[-118.01363,45.57935],[-118.01401,45.57935],[-118.01401,45.57989],[-118.01478,45.57989],[-118.01478,45.58015],[-118.01517,45.58015],[-118.01517,45.58042],[-118.01594,45.58069],[-118.01594,45.58123],[-118.0144,45.58096],[-118.0144,45.58123],[-118.01401,45.58123],[-118.01401,45.5815],[-118.01363,45.5815],[-118.01363,45.58177],[-118.01324,45.58177],[-118.01324,45.58258],[-118.01363,45.58258],[-118.01363,45.58312],[-118.01401,45.58312],[-118.01401,45.58339],[-118.0144,45.58339],[-118.0144,45.58366],[-118.01478,45.58366],[-118.01478,45.58393],[-118.01517,45.58393],[-118.01517,45.58447],[-118.01555,45.58447],[-118.01555,45.58474],[-118.01709,45.58474],[-118.01709,45.58501],[-118.01671,45.58501],[-118.01671,45.58554],[-118.01748,45.58554],[-118.01748,45.58581],[-118.01979,45.58581],[-118.01979,45.58554],[-118.02171,45.58554],[-118.02171,45.58581],[-118.02364,45.58581],[-118.02364,45.58608],[-118.02518,45.58608],[-118.02518,45.58474],[-118.0248,45.58474],[-118.0248,45.58366]],[[-117.98783,45.58554],[-117.98822,45.58554],[-117.98822,45.58501],[-117.98783,45.58501],[-117.98783,45.58554]],[[-117.98899,45.58366],[-117.98822,45.58339],[-117.98822,45.58312],[-117.98706,45.58312],[-117.98706,45.58366],[-117.98783,45.58366],[-117.98783,45.58393],[-117.9886,45.5842],[-117.9886,45.58447],[-117.98937,45.58447],[-117.98937,45.58393],[-117.98899,45.58393],[-117.98899,45.58366]],[[-117.98668,45.58042],[-117.98591,45.58069],[-117.98591,45.58123],[-117.98706,45.58123],[-117.98706,45.58069],[-117.98668,45.58069],[-117.98668,45.58042]],[[-117.97974,45.58015],[-117.97974,45.58042],[-117.9782,45.58042],[-117.9782,45.58123],[-117.97897,45.58123],[-117.97897,45.58096],[-117.97936,45.58096],[-117.97936,45.58069],[-117.98051,45.58069],[-117.98051,45.58042],[-117.9809,45.58042],[-117.9809,45.57989],[-117.98051,45.57989],[-117.98051,45.58015],[-117.97974,45.58015]],[[-117.98128,45.57989],[-117.98128,45.57962],[-117.9809,45.57962],[-117.9809,45.57989],[-117.98128,45.57989]],[[-117.98629,45.57908],[-117.98552,45.57935],[-117.98552,45.57989],[-117.98591,45.57989],[-117.98591,45.58015],[-117.98668,45.58015],[-117.98668,45.57962],[-117.98629,45.57962],[-117.98629,45.57908]],[[-118.04482,45.57854],[-118.04443,45.57854],[-118.04443,45.57827],[-118.04366,45.578],[-118.04366,45.57773],[-118.04289,45.57746],[-118.04289,45.57719],[-118.04174,45.57719],[-118.04174,45.57746],[-118.04135,45.57746],[-118.04135,45.57773],[-118.04212,45.57773],[-118.04212,45.57827],[-118.04289,45.57827],[-118.04289,45.57881],[-118.04328,45.57881],[-118.04328,45.57989],[-118.04482,45.57962],[-118.04482,45.57854]],[[-117.97666,45.57908],[-117.97705,45.57908],[-117.97705,45.57881],[-117.97666,45.57881],[-117.97666,45.57908]],[[-117.97628,45.57854],[-117.97666,45.57854],[-117.97666,45.57773],[-117.97628,45.57773],[-117.97628,45.57854]],[[-117.98629,45.57692],[-117.98668,45.57692],[-117.98668,45.57665],[-117.98629,45.57665],[-117.98629,45.57638],[-117.98591,45.57638],[-117.98591,45.57665],[-117.98514,45.57665],[-117.98514,45.57746],[-117.98591,45.57773],[-117.98591,45.57746],[-117.98629,45.57746],[-117.98629,45.57692]],[[-118.03943,45.57611],[-118.03827,45.57611],[-118.03827,45.57638],[-118.03789,45.57638],[-118.03789,45.57665],[-118.03981,45.57665],[-118.03981,45.57638],[-118.03943,45.57638],[-118.03943,45.57611]],[[-118.03635,45.57665],[-118.03712,45.57665],[-118.03712,45.57638],[-118.03635,45.57638],[-118.03635,45.57665]],[[-117.97974,45.57611],[-117.98013,45.57611],[-117.98013,45.57584],[-117.97974,45.57584],[-117.97974,45.57611]],[[-117.98706,45.57396],[-117.98629,45.57423],[-117.98629,45.57503],[-117.98552,45.5753],[-117.98552,45.57584],[-117.98668,45.57584],[-117.98668,45.57557],[-117.98706,45.57557],[-117.98706,45.57396]],[[-118.0402,45.57503],[-118.03981,45.57503],[-118.03981,45.57476],[-118.03943,45.57476],[-118.03943,45.5745],[-118.03904,45.5745],[-118.03904,45.57396],[-118.03866,45.57396],[-118.03866,45.57423],[-118.03827,45.57423],[-118.03827,45.5745],[-118.03866,45.5745],[-118.03866,45.57476],[-118.03789,45.57476],[-118.03789,45.57503],[-118.0375,45.57503],[-118.0375,45.57557],[-118.04058,45.57557],[-118.04058,45.5753],[-118.0402,45.5753],[-118.0402,45.57503]],[[-118.04097,45.57396],[-118.04174,45.57396],[-118.04174,45.57342],[-118.04097,45.57342],[-118.04097,45.57396]],[[-117.98783,45.57261],[-117.98668,45.57261],[-117.98668,45.57342],[-117.98745,45.57369],[-117.98745,45.57342],[-117.98783,45.57342],[-117.98783,45.57261]],[[-117.98822,45.57018],[-117.9886,45.57018],[-117.9886,45.56911],[-117.98783,45.56884],[-117.98783,45.56911],[-117.98745,45.56911],[-117.98745,45.57072],[-117.98706,45.57072],[-117.98706,45.57126],[-117.98668,45.57126],[-117.98668,45.5718],[-117.98706,45.5718],[-117.98706,45.57207],[-117.98745,45.57207],[-117.98745,45.57234],[-117.98783,45.57234],[-117.98783,45.57153],[-117.98822,45.57153],[-117.98822,45.57018]],[[-118.0298,45.5718],[-118.03057,45.5718],[-118.03057,45.57153],[-118.0298,45.57153],[-118.0298,45.5718]],[[-117.98976,45.5718],[-117.99014,45.5718],[-117.99014,45.57126],[-117.98976,45.57126],[-117.98976,45.5718]],[[-117.99284,45.57045],[-117.99245,45.57045],[-117.99245,45.57153],[-117.99322,45.57153],[-117.99322,45.57126],[-117.99284,45.57126],[-117.99284,45.57045]],[[-117.98321,45.57018],[-117.98282,45.57018],[-117.98282,45.57072],[-117.98398,45.57072],[-117.98398,45.57045],[-117.98321,45.57045],[-117.98321,45.57018]],[[-118.01863,45.56884],[-118.01902,45.56884],[-118.01902,45.5683],[-118.01863,45.5683],[-118.01863,45.56884]],[[-118.01979,45.56695],[-118.02017,45.56695],[-118.02017,45.56641],[-118.02056,45.56641],[-118.02056,45.56614],[-118.02094,45.56614],[-118.02094,45.56587],[-118.01979,45.56587],[-118.01979,45.56614],[-118.01863,45.56614],[-118.01863,45.56641],[-118.01825,45.56641],[-118.01825,45.56614],[-118.01748,45.56614],[-118.01748,45.56668],[-118.01825,45.56695],[-118.01825,45.56749],[-118.0194,45.56749],[-118.0194,45.56722],[-118.01979,45.56722],[-118.01979,45.56695]],[[-117.98706,45.56614],[-117.98629,45.56614],[-117.98629,45.56587],[-117.98514,45.56587],[-117.98514,45.56614],[-117.98591,45.56641],[-117.98591,45.56668],[-117.98783,45.56668],[-117.98783,45.56641],[-117.98706,45.56641],[-117.98706,45.56614]],[[-117.98783,45.56452],[-117.98706,45.56452],[-117.98706,45.56479],[-117.98668,45.56479],[-117.98668,45.56506],[-117.98745,45.56506],[-117.98745,45.56479],[-117.98783,45.56479],[-117.98783,45.56452]],[[-117.99168,45.56399],[-117.99207,45.56399],[-117.99207,45.56372],[-117.99168,45.56372],[-117.99168,45.56399]]],[[[-118.00708,45.59767],[-118.00708,45.5974],[-118.0067,45.5974],[-118.0067,45.59686],[-118.00824,45.59686],[-118.00824,45.59794],[-118.00747,45.59794],[-118.00747,45.59767],[-118.00708,45.59767]]],[[[-118.06022,45.59821],[-118.06022,45.59848],[-118.06061,45.59848],[-118.06061,45.59902],[-118.05983,45.59929],[-118.05983,45.59821],[-118.06022,45.59821]]],[[[-118.00708,45.60171],[-118.00708,45.60091],[-118.0067,45.60091],[-118.0067,45.6001],[-118.00631,45.6001],[-118.00631,45.59956],[-118.00554,45.59929],[-118.00554,45.59902],[-118.00593,45.59902],[-118.00593,45.59875],[-118.0067,45.59875],[-118.0067,45.59983],[-118.00708,45.59983],[-118.00708,45.60037],[-118.00747,45.60037],[-118.00747,45.60118],[-118.00824,45.60144],[-118.00824,45.60171],[-118.00785,45.60171],[-118.00785,45.60225],[-118.00747,45.60225],[-118.00747,45.60171],[-118.00708,45.60171]]],[[[-118.01671,45.60091],[-118.01671,45.60064],[-118.01709,45.60064],[-118.01709,45.60118],[-118.01632,45.60118],[-118.01632,45.60091],[-118.01671,45.60091]]],[[[-118.02326,45.60306],[-118.02326,45.6036],[-118.02287,45.6036],[-118.02287,45.60306],[-118.02326,45.60306]]],[[[-118.03134,45.6036],[-118.03134,45.60414],[-118.03096,45.60414],[-118.03096,45.6036],[-118.03134,45.6036]]]]},"properties":{"layer":"predicted_growth_24h","fire_name":"Middle_Ridge","irwin_id":"{2088689D-42B8-4A31-85B6-2CADB59BA127}","model":"arrival_run","checkpoint_epoch":216,"decode":"connected_causal","operating_point":{"floor":0.0,"mult":0.9},"val_precision":null,"val_recall":null,"model_caveat":"arrival_run chosen for best RECALL among the six FlameFlux v3 candidates on the production-valid t0-window corpus (R=0.624 on the fc2 held-out fires, R=0.432 on Dillon -- see candidate_comparison.md from the 2026-07-24 comparison). It does NOT meet the project's P>=0.50/R>=0.80 target: precision is the WORST of the six (P=0.120 on fc2 -- most flagged growth is wrong), and wind_run actually edges it on F1. IMPORTANT CAVEAT: arrival_run trained on the leaky 'observed' corpus (crop centered/sized on t0|t1, i.e. it saw the future perimeter's geometry during training) and has NEVER seen a t0-window crop -- the ONLY geometry this live pipeline can ever produce at forecast time (the future perimeter is, by definition, unknown). So every live prediction from this model is out-of-distribution relative to its own training. The measured t0-window numbers above already reflect that (they are not a surprise), but this is 'best available', not 'production-ready' -- represent it that way. The operating_point (floor=0.0, mult=0.9) is the VAL-selected connected-causal decode point; it did NOT clear the 0.50 precision floor during selection (feasible=False, val P=0.270/R=0.259) -- it's the best-F1 fallback point, not a precision-guaranteed one.","issued_at_utc":"2026-08-23 20:05:07.672141+00:00","valid_from_utc":"2026-08-23 00:00:00","valid_to_utc":"2026-08-24 00:00:00","wfigs_date_current_utc":"2026-08-23 16:41:28.079000+00:00","pixel_size_m":30,"veg_source":"refreshed_d4","physics_source":"eikonal_fbfm40","history_n_dates":1,"degraded_history":true,"containment_pct":0.0,"acres_wfigs":138.34560634370422}},{"type":"Feature","geometry":{"type":"MultiPolygon","coordinates":[[[[-118.00978,45.57476],[-118.01055,45.57476],[-118.01055,45.5753],[-118.01093,45.5753],[-118.01093,45.57557],[-118.01016,45.57584],[-118.01016,45.57557],[-118.00978,45.57557],[-118.00978,45.57476]]],[[[-118.02518,45.578],[-118.02364,45.578],[-118.02364,45.57719],[-118.02518,45.57719],[-118.02518,45.578]]],[[[-118.00978,45.58393],[-118.01016,45.58393],[-118.01016,45.58366],[-118.00939,45.58366],[-118.00939,45.58339],[-118.00901,45.58339],[-118.00901,45.58285],[-118.00862,45.58285],[-118.00862,45.58231],[-118.00824,45.58231],[-118.00824,45.58204],[-118.00862,45.58204],[-118.00862,45.58123],[-118.00901,45.58123],[-118.00901,45.57881],[-118.00978,45.57881],[-118.00978,45.58015],[-118.01016,45.58015],[-118.01016,45.58042],[-118.01093,45.58042],[-118.01093,45.57638],[-118.01132,45.57638],[-118.01132,45.57584],[-118.01286,45.57584],[-118.01286,45.5753],[-118.01247,45.5753],[-118.01247,45.57557],[-118.0117,45.57557],[-118.0117,45.57503],[-118.01093,45.57503],[-118.01093,45.57342],[-118.0117,45.57342],[-118.0117,45.57369],[-118.01209,45.57369],[-118.01209,45.57476],[-118.01286,45.57476],[-118.01286,45.57503],[-118.01324,45.57503],[-118.01324,45.57557],[-118.01363,45.57557],[-118.01363,45.57584],[-118.01401,45.57584],[-118.01401,45.57611],[-118.0144,45.57611],[-118.0144,45.5753],[-118.01401,45.5753],[-118.01401,45.57476],[-118.01363,45.57476],[-118.01363,45.57423],[-118.01324,45.57423],[-118.01324,45.57342],[-118.01363,45.57342],[-118.01363,45.57369],[-118.01401,45.57369],[-118.01401,45.57396],[-118.01478,45.57396],[-118.01478,45.57423],[-118.01555,45.5745],[-118.01555,45.57476],[-118.01632,45.57476],[-118.01632,45.5753],[-118.01671,45.5753],[-118.01671,45.57557],[-118.01709,45.57557],[-118.01709,45.57584],[-118.01748,45.57584],[-118.01748,45.57557],[-118.01786,45.57557],[-118.01786,45.57584],[-118.01863,45.57584],[-118.01863,45.57611],[-118.01902,45.57611],[-118.01902,45.57665],[-118.01863,45.57665],[-118.01863,45.57692],[-118.02017,45.57692],[-118.02017,45.57719],[-118.02056,45.57719],[-118.02056,45.578],[-118.0221,45.57854],[-118.0221,45.57962],[-118.02364,45.58015],[-118.02364,45.58042],[-118.02403,45.58042],[-118.02403,45.58096],[-118.0248,45.58123],[-118.0248,45.58177],[-118.02518,45.58177],[-118.02518,45.58339],[-118.02595,45.58366],[-118.02595,45.58474],[-118.02634,45.58474],[-118.02634,45.58554],[-118.02595,45.58554],[-118.02595,45.58635],[-118.02557,45.58635],[-118.02557,45.58662],[-118.02518,45.58662],[-118.02518,45.58689],[-118.02441,45.58689],[-118.02441,45.58716],[-118.0248,45.58716],[-118.0248,45.58743],[-118.02403,45.58743],[-118.02403,45.58797],[-118.02441,45.58797],[-118.02441,45.58824],[-118.0248,45.58824],[-118.0248,45.58851],[-118.02557,45.58851],[-118.02557,45.58824],[-118.02711,45.58824],[-118.02711,45.58851],[-118.02749,45.58851],[-118.02749,45.58878],[-118.02903,45.58878],[-118.02903,45.58905],[-118.02865,45.58905],[-118.02865,45.58932],[-118.02788,45.58932],[-118.02788,45.58959],[-118.02749,45.58959],[-118.02749,45.58986],[-118.02711,45.58986],[-118.02711,45.5904],[-118.02672,45.5904],[-118.02672,45.5912],[-118.02634,45.5912],[-118.02634,45.59174],[-118.02595,45.59174],[-118.02595,45.59309],[-118.02634,45.59309],[-118.02634,45.59336],[-118.02595,45.59336],[-118.02595,45.59363],[-118.02672,45.5939],[-118.02672,45.59309],[-118.02711,45.59309],[-118.02711,45.59282],[-118.02749,45.59282],[-118.02749,45.59255],[-118.02788,45.59255],[-118.02788,45.59201],[-118.02865,45.59174],[-118.02865,45.5912],[-118.02942,45.59093],[-118.02942,45.59066],[-118.0298,45.59066],[-118.0298,45.5904],[-118.03019,45.5904],[-118.03019,45.58986],[-118.03173,45.58986],[-118.03173,45.59013],[-118.0325,45.59013],[-118.0325,45.59093],[-118.03173,45.5912],[-118.03173,45.59147],[-118.03096,45.59147],[-118.03096,45.59174],[-118.03057,45.59174],[-118.03057,45.59201],[-118.03019,45.59201],[-118.03019,45.59228],[-118.0298,45.59228],[-118.0298,45.59255],[-118.02903,45.59255],[-118.02903,45.59282],[-118.02826,45.59309],[-118.02826,45.5939],[-118.02788,45.5939],[-118.02788,45.59444],[-118.02749,45.59444],[-118.02749,45.59498],[-118.02711,45.59498],[-118.02711,45.59552],[-118.02634,45.59552],[-118.02634,45.59525],[-118.02595,45.59525],[-118.02595,45.59417],[-118.02557,45.59417],[-118.02557,45.59363],[-118.02518,45.59363],[-118.02518,45.59309],[-118.02441,45.59282],[-118.02441,45.59201],[-118.0248,45.59201],[-118.0248,45.59093],[-118.02364,45.59093],[-118.02364,45.5912],[-118.02249,45.5912],[-118.02249,45.59147],[-118.02133,45.59147],[-118.02133,45.59066],[-118.02094,45.59066],[-118.02094,45.58986],[-118.02133,45.58986],[-118.02133,45.58905],[-118.02094,45.58905],[-118.02094,45.58851],[-118.02017,45.58851],[-118.02017,45.58878],[-118.01979,45.58878],[-118.01979,45.58932],[-118.0194,45.58932],[-118.0194,45.58905],[-118.01863,45.58905],[-118.01863,45.58851],[-118.01786,45.58851],[-118.01786,45.58662],[-118.01748,45.58662],[-118.01748,45.58635],[-118.01709,45.58635],[-118.01709,45.58608],[-118.01671,45.58608],[-118.01671,45.58581],[-118.01632,45.58581],[-118.01632,45.58554],[-118.01555,45.58554],[-118.01555,45.58581],[-118.01594,45.58581],[-118.01594,45.58662],[-118.01555,45.58662],[-118.01555,45.58608],[-118.01517,45.58608],[-118.01517,45.58581],[-118.0144,45.58581],[-118.0144,45.58635],[-118.01478,45.58635],[-118.01478,45.58716],[-118.01517,45.58716],[-118.01517,45.58878],[-118.01478,45.58878],[-118.01478,45.58905],[-118.01363,45.58905],[-118.01363,45.58878],[-118.01324,45.58878],[-118.01324,45.58824],[-118.01286,45.58824],[-118.01286,45.58797],[-118.01247,45.58797],[-118.01247,45.5877],[-118.01209,45.5877],[-118.01209,45.58716],[-118.01286,45.58689],[-118.01286,45.58581],[-118.01247,45.58581],[-118.01247,45.58554],[-118.0117,45.58554],[-118.0117,45.58474],[-118.01132,45.58474],[-118.01132,45.58447],[-118.01016,45.58447],[-118.01016,45.5842],[-118.00978,45.5842],[-118.00978,45.58393]],[[-118.0117,45.58447],[-118.0117,45.58366],[-118.01055,45.58366],[-118.01055,45.58393],[-118.01132,45.58393],[-118.01132,45.58447],[-118.0117,45.58447]],[[-118.02403,45.58608],[-118.02403,45.58581],[-118.02364,45.58581],[-118.02364,45.58608],[-118.02403,45.58608]],[[-118.0221,45.58581],[-118.0221,45.58554],[-118.02171,45.58554],[-118.02171,45.58581],[-118.0221,45.58581]],[[-118.01786,45.58581],[-118.01786,45.58554],[-118.01748,45.58554],[-118.01748,45.58581],[-118.01786,45.58581]],[[-118.01709,45.58554],[-118.01709,45.58528],[-118.01671,45.58528],[-118.01671,45.58554],[-118.01709,45.58554]],[[-118.01748,45.58501],[-118.01748,45.58474],[-118.01709,45.58474],[-118.01709,45.58501],[-118.01748,45.58501]],[[-118.02403,45.58312],[-118.02403,45.58285],[-118.02364,45.58285],[-118.02364,45.58312],[-118.02403,45.58312]],[[-118.01401,45.58312],[-118.01401,45.58285],[-118.01363,45.58285],[-118.01363,45.58312],[-118.01401,45.58312]],[[-118.02441,45.58258],[-118.02441,45.58231],[-118.02403,45.58231],[-118.02403,45.58258],[-118.02441,45.58258]],[[-118.01363,45.58258],[-118.01363,45.58177],[-118.01324,45.58177],[-118.01324,45.58258],[-118.01363,45.58258]],[[-118.01093,45.58177],[-118.01093,45.58231],[-118.01247,45.58231],[-118.01247,45.5815],[-118.01132,45.5815],[-118.01132,45.58177],[-118.01093,45.58177]],[[-118.02326,45.5815],[-118.02326,45.58123],[-118.02287,45.58123],[-118.02287,45.5815],[-118.02326,45.5815]],[[-118.01478,45.58123],[-118.01478,45.58096],[-118.0144,45.58096],[-118.0144,45.58123],[-118.01478,45.58123]],[[-118.01401,45.57935],[-118.01401,45.57881],[-118.01363,45.57881],[-118.01363,45.57935],[-118.01401,45.57935]],[[-118.02056,45.57881],[-118.02056,45.57854],[-118.02017,45.57854],[-118.02017,45.57881],[-118.02056,45.57881]],[[-118.0194,45.57854],[-118.0194,45.57827],[-118.01902,45.57827],[-118.01902,45.57854],[-118.0194,45.57854]],[[-118.0144,45.57854],[-118.0144,45.57827],[-118.01401,45.57827],[-118.01401,45.57854],[-118.0144,45.57854]],[[-118.01825,45.578],[-118.01825,45.57773],[-118.01786,45.57773],[-118.01786,45.578],[-118.01825,45.578]],[[-118.01709,45.57773],[-118.01709,45.57746],[-118.01671,45.57746],[-118.01671,45.57773],[-118.01709,45.57773]]],[[[-118.01863,45.59201],[-118.01825,45.59201],[-118.01825,45.5912],[-118.01902,45.5912],[-118.01902,45.59174],[-118.0194,45.59174],[-118.0194,45.59255],[-118.01902,45.59255],[-118.01902,45.59228],[-118.01863,45.59228],[-118.01863,45.59201]]],[[[-118.03481,45.59552],[-118.03481,45.59579],[-118.03327,45.59552],[-118.03327,45.59525],[-118.0325,45.59498],[-118.0325,45.59444],[-118.03211,45.59444],[-118.03211,45.59363],[-118.0325,45.59363],[-118.0325,45.59309],[-118.03288,45.59309],[-118.03288,45.59201],[-118.03365,45.59201],[-118.03365,45.59147],[-118.03404,45.59147],[-118.03404,45.5912],[-118.03558,45.59147],[-118.03558,45.59174],[-118.03596,45.59174],[-118.03596,45.59201],[-118.03673,45.59228],[-118.03673,45.59282],[-118.0375,45.59309],[-118.0375,45.59363],[-118.03789,45.59363],[-118.03789,45.5939],[-118.0375,45.5939],[-118.0375,45.59444],[-118.03712,45.59444],[-118.03712,45.59471],[-118.03673,45.59471],[-118.03673,45.59498],[-118.03558,45.59498],[-118.03558,45.59525],[-118.03481,45.59552]],[[-118.03558,45.5939],[-118.03481,45.59363],[-118.03481,45.59309],[-118.03442,45.59309],[-118.03442,45.59282],[-118.03327,45.59282],[-118.03327,45.59417],[-118.03365,45.59417],[-118.03365,45.59471],[-118.03404,45.59471],[-118.03404,45.59498],[-118.03558,45.59498],[-118.03558,45.5939]],[[-118.03712,45.59363],[-118.03712,45.59336],[-118.03635,45.59336],[-118.03635,45.59363],[-118.03712,45.59363]]],[[[-118.0144,45.59498],[-118.01401,45.59498],[-118.01401,45.59552],[-118.01324,45.59552],[-118.01324,45.59471],[-118.0144,45.59471],[-118.0144,45.59498]]],[[[-118.03827,45.59552],[-118.0375,45.59552],[-118.0375,45.59525],[-118.03827,45.59525],[-118.03827,45.59552]]],[[[-118.03943,45.59659],[-118.03943,45.59632],[-118.03981,45.59632],[-118.03981,45.59659],[-118.03943,45.59659]]],[[[-118.03481,45.59767],[-118.03481,45.5974],[-118.03519,45.5974],[-118.03519,45.59767],[-118.03481,45.59767]]],[[[-118.03558,45.59794],[-118.03519,45.59794],[-118.03519,45.59767],[-118.03558,45.59767],[-118.03558,45.59794]]],[[[-118.00246,45.57018],[-118.00208,45.57018],[-118.00208,45.56991],[-118.00323,45.56991],[-118.00323,45.57072],[-118.00246,45.57045],[-118.00246,45.57018]]],[[[-117.99284,45.5718],[-117.99245,45.5718],[-117.99245,45.57153],[-117.99284,45.57153],[-117.99284,45.5718]]],[[[-118.00285,45.57315],[-118.00285,45.57342],[-118.00092,45.57342],[-118.00092,45.57288],[-118.00246,45.57288],[-118.00246,45.57315],[-118.00285,45.57315]]],[[[-118.00131,45.5745],[-118.00131,45.57396],[-118.00208,45.57396],[-118.00208,45.5745],[-118.00131,45.5745]]],[[[-118.0067,45.57692],[-118.00631,45.57692],[-118.00631,45.57665],[-118.0067,45.57665],[-118.0067,45.57692]]],[[[-118.00785,45.58581],[-118.00747,45.58581],[-118.00747,45.58554],[-118.00901,45.58554],[-118.00901,45.5877],[-118.00862,45.5877],[-118.00862,45.58797],[-118.00785,45.5877],[-118.00785,45.58581]]],[[[-118.00824,45.58986],[-118.00785,45.58986],[-118.00785,45.58878],[-118.00862,45.58878],[-118.00862,45.58905],[-118.00901,45.58905],[-118.00901,45.59066],[-118.00862,45.59066],[-118.00862,45.59013],[-118.00824,45.59013],[-118.00824,45.58986]]],[[[-118.004,45.58986],[-118.004,45.58959],[-118.00439,45.58959],[-118.00439,45.58986],[-118.004,45.58986]]],[[[-118.00939,45.59201],[-118.00939,45.59228],[-118.00901,45.59228],[-118.00901,45.59255],[-118.00824,45.59255],[-118.00824,45.59174],[-118.00901,45.59174],[-118.00901,45.59201],[-118.00939,45.59201]]]]},"properties":{"layer":"predicted_reach_h01","fire_name":"Middle_Ridge","irwin_id":"{2088689D-42B8-4A31-85B6-2CADB59BA127}","model":"arrival_run","checkpoint_epoch":216,"decode":"connected_causal","operating_point":{"floor":0.0,"mult":0.9},"val_precision":null,"val_recall":null,"model_caveat":"arrival_run chosen for best RECALL among the six FlameFlux v3 candidates on the production-valid t0-window corpus (R=0.624 on the fc2 held-out fires, R=0.432 on Dillon -- see candidate_comparison.md from the 2026-07-24 comparison). It does NOT meet the project's P>=0.50/R>=0.80 target: precision is the WORST of the six (P=0.120 on fc2 -- most flagged growth is wrong), and wind_run actually edges it on F1. IMPORTANT CAVEAT: arrival_run trained on the leaky 'observed' corpus (crop centered/sized on t0|t1, i.e. it saw the future perimeter's geometry during training) and has NEVER seen a t0-window crop -- the ONLY geometry this live pipeline can ever produce at forecast time (the future perimeter is, by definition, unknown). So every live prediction from this model is out-of-distribution relative to its own training. The measured t0-window numbers above already reflect that (they are not a surprise), but this is 'best available', not 'production-ready' -- represent it that way. The operating_point (floor=0.0, mult=0.9) is the VAL-selected connected-causal decode point; it did NOT clear the 0.50 precision floor during selection (feasible=False, val P=0.270/R=0.259) -- it's the best-F1 fallback point, not a precision-guaranteed one.","issued_at_utc":"2026-08-23 20:05:07.672141+00:00","valid_from_utc":"2026-08-23 00:00:00","valid_to_utc":"2026-08-24 00:00:00","wfigs_date_current_utc":"2026-08-23 16:41:28.079000+00:00","pixel_size_m":30,"veg_source":"refreshed_d4","physics_source":"eikonal_fbfm40","history_n_dates":1,"degraded_history":true,"containment_pct":0.0,"acres_wfigs":138.34560634370422,"hour":1,"valid_at_utc":"2026-08-23 01:00:00"}},{"type":"Feature","geometry":{"type":"MultiPolygon","coordinates":[[[[-118.00901,45.57045],[-118.00901,45.57099],[-118.00824,45.57072],[-118.00824,45.57045],[-118.00901,45.57045]]],[[[-118.01517,45.57099],[-118.01517,45.57126],[-118.01555,45.57126],[-118.01555,45.57153],[-118.0144,45.57153],[-118.0144,45.57126],[-118.01517,45.57099]]],[[[-118.01632,45.57234],[-118.01632,45.57207],[-118.01671,45.57207],[-118.01671,45.57234],[-118.01632,45.57234]]],[[[-118.03057,45.57746],[-118.03057,45.57773],[-118.03019,45.57773],[-118.03019,45.578],[-118.02903,45.578],[-118.02903,45.57773],[-118.02942,45.57773],[-118.02942,45.57746],[-118.03057,45.57746]]],[[[-118.03288,45.57881],[-118.03288,45.57854],[-118.03327,45.57854],[-118.03327,45.57881],[-118.03288,45.57881]]],[[[-118.03096,45.57854],[-118.03096,45.57908],[-118.03057,45.57908],[-118.03057,45.57962],[-118.0298,45.57989],[-118.0298,45.57908],[-118.03019,45.57908],[-118.03019,45.57854],[-118.03096,45.57854]]],[[[-118.02865,45.58123],[-118.02865,45.58069],[-118.02788,45.58069],[-118.02788,45.58042],[-118.02749,45.58042],[-118.02749,45.58015],[-118.02672,45.57989],[-118.02672,45.57962],[-118.02634,45.57962],[-118.02634,45.57908],[-118.02557,45.57908],[-118.02557,45.57881],[-118.02518,45.57881],[-118.02518,45.57854],[-118.02441,45.57854],[-118.02441,45.57827],[-118.02364,45.57827],[-118.02364,45.578],[-118.02326,45.578],[-118.02326,45.57719],[-118.02364,45.57719],[-118.02364,45.57692],[-118.0248,45.57692],[-118.0248,45.57665],[-118.02518,45.57665],[-118.02518,45.57692],[-118.02595,45.57692],[-118.02595,45.57746],[-118.02557,45.57746],[-118.02557,45.578],[-118.02595,45.578],[-118.02595,45.57827],[-118.02749,45.57827],[-118.02749,45.57935],[-118.02826,45.57962],[-118.02826,45.58015],[-118.02865,45.58015],[-118.02865,45.58042],[-118.02903,45.58042],[-118.02903,45.58069],[-118.02942,45.58069],[-118.02942,45.58042],[-118.03019,45.58042],[-118.03019,45.58069],[-118.03057,45.58069],[-118.03057,45.58177],[-118.0298,45.58177],[-118.0298,45.5815],[-118.02942,45.5815],[-118.02942,45.58123],[-118.02865,45.58123]]],[[[-118.03365,45.58069],[-118.03404,45.58069],[-118.03404,45.58177],[-118.03365,45.58177],[-118.03365,45.58096],[-118.03327,45.58096],[-118.03327,45.57989],[-118.03365,45.57989],[-118.03365,45.58069]]],[[[-118.02903,45.58231],[-118.0298,45.58231],[-118.0298,45.58258],[-118.03019,45.58258],[-118.03019,45.58285],[-118.0298,45.58285],[-118.0298,45.58312],[-118.02903,45.58312],[-118.02903,45.58285],[-118.02865,45.58285],[-118.02865,45.58258],[-118.02903,45.58258],[-118.02903,45.58231]]],[[[-118.0117,45.5877],[-118.01132,45.5877],[-118.01132,45.58689],[-118.01209,45.58689],[-118.01209,45.58581],[-118.01132,45.58554],[-118.01132,45.58501],[-118.01093,45.58501],[-118.01093,45.58474],[-118.00978,45.58474],[-118.00978,45.58447],[-118.00939,45.58447],[-118.00939,45.58393],[-118.00901,45.58393],[-118.00901,45.58339],[-118.00862,45.58339],[-118.00862,45.58285],[-118.00785,45.58258],[-118.00785,45.58096],[-118.00824,45.58096],[-118.00824,45.58015],[-118.00862,45.58015],[-118.00862,45.57935],[-118.00824,45.57935],[-118.00824,45.57881],[-118.00785,45.57881],[-118.00785,45.57827],[-118.00747,45.57827],[-118.00747,45.578],[-118.0067,45.57773],[-118.0067,45.57746],[-118.00593,45.57746],[-118.00593,45.57719],[-118.00516,45.57692],[-118.00516,45.57665],[-118.00439,45.57665],[-118.00439,45.57638],[-118.004,45.57638],[-118.004,45.57611],[-118.00362,45.57611],[-118.00362,45.57584],[-118.00323,45.57584],[-118.00323,45.57503],[-118.00285,45.57503],[-118.00285,45.57476],[-118.00208,45.57476],[-118.00208,45.57557],[-118.00246,45.57557],[-118.00246,45.57584],[-118.00323,45.57611],[-118.00323,45.57773],[-118.00208,45.57773],[-118.00208,45.57719],[-118.00131,45.57719],[-118.00131,45.57692],[-118.00169,45.57692],[-118.00169,45.57665],[-118.00131,45.57665],[-118.00131,45.57611],[-118.00092,45.57611],[-118.00092,45.57503],[-118.00054,45.57503],[-118.00054,45.57423],[-117.99977,45.57396],[-117.99977,45.57369],[-118.00015,45.57369],[-118.00015,45.57288],[-118.00285,45.57288],[-118.00285,45.57315],[-118.00323,45.57315],[-118.00323,45.57342],[-118.004,45.57369],[-118.004,45.5745],[-118.00477,45.57476],[-118.00477,45.5753],[-118.00516,45.5753],[-118.00516,45.57557],[-118.00593,45.57557],[-118.00593,45.57584],[-118.00708,45.57584],[-118.00708,45.57611],[-118.0067,45.57611],[-118.0067,45.57638],[-118.00708,45.57638],[-118.00708,45.57665],[-118.00747,45.57665],[-118.00747,45.57692],[-118.00785,45.57692],[-118.00785,45.57746],[-118.00824,45.57746],[-118.00824,45.578],[-118.00939,45.578],[-118.00939,45.57719],[-118.00901,45.57719],[-118.00901,45.57611],[-118.00862,45.57611],[-118.00862,45.57584],[-118.00785,45.57584],[-118.00785,45.57503],[-118.00747,45.57503],[-118.00747,45.57423],[-118.00785,45.57423],[-118.00785,45.57369],[-118.00978,45.57369],[-118.00978,45.57342],[-118.01016,45.57342],[-118.01016,45.57315],[-118.0117,45.57315],[-118.0117,45.57342],[-118.01286,45.57342],[-118.01286,45.57315],[-118.01363,45.57315],[-118.01363,45.57342],[-118.01401,45.57342],[-118.01401,45.57369],[-118.01478,45.57369],[-118.01478,45.57396],[-118.01555,45.57423],[-118.01555,45.5745],[-118.01632,45.5745],[-118.01632,45.57476],[-118.01709,45.57503],[-118.01709,45.5753],[-118.01786,45.5753],[-118.01786,45.57557],[-118.01902,45.57557],[-118.01902,45.57584],[-118.0194,45.57584],[-118.0194,45.57611],[-118.02017,45.57638],[-118.02017,45.57665],[-118.02094,45.57692],[-118.02094,45.57719],[-118.02133,45.57719],[-118.02133,45.57773],[-118.0221,45.57773],[-118.0221,45.578],[-118.02249,45.578],[-118.02249,45.57881],[-118.0221,45.57881],[-118.0221,45.57962],[-118.02364,45.57989],[-118.02364,45.58015],[-118.02403,45.58015],[-118.02403,45.58042],[-118.02441,45.58042],[-118.02441,45.58123],[-118.02518,45.5815],[-118.02518,45.58312],[-118.02595,45.58339],[-118.02595,45.58447],[-118.02634,45.58447],[-118.02634,45.58608],[-118.02595,45.58608],[-118.02595,45.58662],[-118.02634,45.58662],[-118.02634,45.58689],[-118.02595,45.58689],[-118.02595,45.58716],[-118.02518,45.58743],[-118.02518,45.58797],[-118.02749,45.58797],[-118.02749,45.58824],[-118.02788,45.58824],[-118.02788,45.58851],[-118.02865,45.58851],[-118.02865,45.58824],[-118.0298,45.58824],[-118.0298,45.58878],[-118.03019,45.58878],[-118.03019,45.58905],[-118.03057,45.58905],[-118.03057,45.58932],[-118.03173,45.58932],[-118.03173,45.58959],[-118.03211,45.58959],[-118.03211,45.58986],[-118.03288,45.58986],[-118.03288,45.5904],[-118.03365,45.5904],[-118.03365,45.59066],[-118.03442,45.59066],[-118.03442,45.59093],[-118.03481,45.59093],[-118.03481,45.5912],[-118.03558,45.5912],[-118.03558,45.59147],[-118.03635,45.59174],[-118.03635,45.59201],[-118.03712,45.59201],[-118.03712,45.59228],[-118.0375,45.59228],[-118.0375,45.59282],[-118.03827,45.59309],[-118.03827,45.5939],[-118.03866,45.5939],[-118.03866,45.59417],[-118.03943,45.59417],[-118.03943,45.59525],[-118.04058,45.59525],[-118.04058,45.59579],[-118.04097,45.59579],[-118.04097,45.59605],[-118.04135,45.59605],[-118.04135,45.59632],[-118.04097,45.59632],[-118.04097,45.59659],[-118.0402,45.59686],[-118.0402,45.59713],[-118.03943,45.5974],[-118.03943,45.59713],[-118.03904,45.59713],[-118.03904,45.59579],[-118.03673,45.59579],[-118.03673,45.59552],[-118.03596,45.59552],[-118.03596,45.59579],[-118.03519,45.59605],[-118.03519,45.59632],[-118.03558,45.59632],[-118.03558,45.59713],[-118.03635,45.5974],[-118.03635,45.59794],[-118.03673,45.59794],[-118.03673,45.59848],[-118.03519,45.59848],[-118.03519,45.59821],[-118.03442,45.59821],[-118.03442,45.59794],[-118.03404,45.59794],[-118.03404,45.59713],[-118.03365,45.59713],[-118.03365,45.59659],[-118.03288,45.59659],[-118.03288,45.59632],[-118.03211,45.59632],[-118.03211,45.59659],[-118.03134,45.59659],[-118.03134,45.59686],[-118.03019,45.59686],[-118.03019,45.59767],[-118.0298,45.59767],[-118.0298,45.59794],[-118.02903,45.59794],[-118.02903,45.59767],[-118.02865,45.59767],[-118.02865,45.59686],[-118.0298,45.59686],[-118.0298,45.59659],[-118.02942,45.59659],[-118.02942,45.59605],[-118.02903,45.59605],[-118.02903,45.59579],[-118.02865,45.59579],[-118.02865,45.59552],[-118.02788,45.59552],[-118.02788,45.59605],[-118.02749,45.59605],[-118.02749,45.59632],[-118.02711,45.59632],[-118.02711,45.59659],[-118.02634,45.59659],[-118.02634,45.59632],[-118.02595,45.59632],[-118.02595,45.59525],[-118.02557,45.59525],[-118.02557,45.59444],[-118.02518,45.59444],[-118.02518,45.59363],[-118.02441,45.59336],[-118.02441,45.59282],[-118.02364,45.59255],[-118.02364,45.59201],[-118.02249,45.59201],[-118.02249,45.59255],[-118.0221,45.59255],[-118.0221,45.59309],[-118.02133,45.59309],[-118.02133,45.59336],[-118.02056,45.59363],[-118.02056,45.59444],[-118.02017,45.59444],[-118.02017,45.59417],[-118.0194,45.59417],[-118.0194,45.59363],[-118.01902,45.59363],[-118.01902,45.59309],[-118.01863,45.59309],[-118.01863,45.59282],[-118.01825,45.59282],[-118.01825,45.59255],[-118.01786,45.59255],[-118.01786,45.59201],[-118.01748,45.59201],[-118.01748,45.59174],[-118.01709,45.59174],[-118.01709,45.59147],[-118.01632,45.5912],[-118.01632,45.5904],[-118.01671,45.5904],[-118.01671,45.58986],[-118.01632,45.58986],[-118.01632,45.58959],[-118.01594,45.58959],[-118.01594,45.59013],[-118.01517,45.59013],[-118.01517,45.5904],[-118.01363,45.5904],[-118.01363,45.59147],[-118.01401,45.59147],[-118.01401,45.59228],[-118.0144,45.59228],[-118.0144,45.59255],[-118.01401,45.59255],[-118.01401,45.59282],[-118.01324,45.59282],[-118.01324,45.59309],[-118.01132,45.59309],[-118.01132,45.59282],[-118.01209,45.59255],[-118.01209,45.59174],[-118.01132,45.59174],[-118.01132,45.59147],[-118.01093,45.59147],[-118.01093,45.59093],[-118.00978,45.59093],[-118.00978,45.5912],[-118.00939,45.5912],[-118.00939,45.59174],[-118.00978,45.59174],[-118.00978,45.59255],[-118.00939,45.59255],[-118.00939,45.59282],[-118.00824,45.59282],[-118.00824,45.59255],[-118.00785,45.59255],[-118.00785,45.59228],[-118.00747,45.59228],[-118.00747,45.59201],[-118.00708,45.59201],[-118.00708,45.59147],[-118.00785,45.5912],[-118.00785,45.59066],[-118.0067,45.59066],[-118.0067,45.59147],[-118.00593,45.59174],[-118.00593,45.59147],[-118.00554,45.59147],[-118.00554,45.59066],[-118.00477,45.59066],[-118.00477,45.5904],[-118.00439,45.5904],[-118.00439,45.59013],[-118.00362,45.59013],[-118.00362,45.58932],[-118.00439,45.58932],[-118.00439,45.58905],[-118.00554,45.58905],[-118.00554,45.58959],[-118.0067,45.58959],[-118.0067,45.58932],[-118.00631,45.58932],[-118.00631,45.58851],[-118.0067,45.58851],[-118.0067,45.58716],[-118.00708,45.58716],[-118.00708,45.58554],[-118.0067,45.58554],[-118.0067,45.58474],[-118.00708,45.58474],[-118.00708,45.58447],[-118.00824,45.58447],[-118.00824,45.58474],[-118.00978,45.58501],[-118.00978,45.58554],[-118.01016,45.58554],[-118.01016,45.58608],[-118.00939,45.58635],[-118.00939,45.58716],[-118.00978,45.58716],[-118.00978,45.58851],[-118.01055,45.58851],[-118.01055,45.58878],[-118.01093,45.58878],[-118.01093,45.58905],[-118.0117,45.58905],[-118.0117,45.58932],[-118.01247,45.58959],[-118.01247,45.58824],[-118.01209,45.58824],[-118.01209,45.58797],[-118.0117,45.58797],[-118.0117,45.5877]],[[-118.01247,45.58986],[-118.01286,45.58986],[-118.01286,45.58959],[-118.01247,45.58959],[-118.01247,45.58986]],[[-118.01286,45.59013],[-118.01324,45.59013],[-118.01324,45.58986],[-118.01286,45.58986],[-118.01286,45.59013]],[[-118.03096,45.5939],[-118.03134,45.5939],[-118.03134,45.59336],[-118.03173,45.59336],[-118.03173,45.59228],[-118.03057,45.59228],[-118.03057,45.59255],[-118.03019,45.59255],[-118.03019,45.59309],[-118.03057,45.59309],[-118.03057,45.59336],[-118.02903,45.59336],[-118.02903,45.59363],[-118.02865,45.59363],[-118.02865,45.59444],[-118.02903,45.59444],[-118.02903,45.59471],[-118.02942,45.59471],[-118.02942,45.59444],[-118.03019,45.59471],[-118.03019,45.59444],[-118.03096,45.59417],[-118.03096,45.5939]],[[-118.03404,45.59417],[-118.03442,45.59417],[-118.03442,45.59363],[-118.03365,45.59363],[-118.03365,45.5939],[-118.03404,45.5939],[-118.03404,45.59417]],[[-118.02903,45.58959],[-118.02865,45.58959],[-118.02865,45.58986],[-118.02788,45.59013],[-118.02788,45.5904],[-118.02942,45.5904],[-118.02942,45.58986],[-118.0298,45.58986],[-118.0298,45.58932],[-118.02903,45.58932],[-118.02903,45.58959]],[[-118.01671,45.58608],[-118.01632,45.58608],[-118.01632,45.58635],[-118.01671,45.58635],[-118.01671,45.58608]],[[-118.02403,45.58581],[-118.02364,45.58581],[-118.02364,45.58608],[-118.02403,45.58608],[-118.02403,45.58581]],[[-118.0221,45.58554],[-118.02171,45.58554],[-118.02171,45.58581],[-118.0221,45.58581],[-118.0221,45.58554]],[[-118.01786,45.58554],[-118.01748,45.58554],[-118.01748,45.58581],[-118.01786,45.58581],[-118.01786,45.58554]],[[-118.01709,45.58528],[-118.01671,45.58528],[-118.01671,45.58554],[-118.01709,45.58554],[-118.01709,45.58528]],[[-118.01748,45.58474],[-118.01709,45.58474],[-118.01709,45.58501],[-118.01748,45.58501],[-118.01748,45.58474]],[[-118.02403,45.58285],[-118.02364,45.58285],[-118.02364,45.58312],[-118.02403,45.58312],[-118.02403,45.58285]],[[-118.01401,45.58285],[-118.01363,45.58285],[-118.01363,45.58312],[-118.01401,45.58312],[-118.01401,45.58285]],[[-118.02441,45.58231],[-118.02403,45.58231],[-118.02403,45.58258],[-118.02441,45.58258],[-118.02441,45.58231]],[[-118.01363,45.58177],[-118.01324,45.58177],[-118.01324,45.58258],[-118.01363,45.58258],[-118.01363,45.58177]],[[-118.02326,45.58123],[-118.02287,45.58123],[-118.02287,45.5815],[-118.02326,45.5815],[-118.02326,45.58123]],[[-118.01478,45.58096],[-118.0144,45.58096],[-118.0144,45.58123],[-118.01478,45.58123],[-118.01478,45.58096]],[[-118.01401,45.57881],[-118.01363,45.57881],[-118.01363,45.57935],[-118.01401,45.57935],[-118.01401,45.57881]],[[-118.02056,45.57854],[-118.02017,45.57854],[-118.02017,45.57881],[-118.02056,45.57881],[-118.02056,45.57854]],[[-118.0194,45.57827],[-118.01902,45.57827],[-118.01902,45.57854],[-118.0194,45.57854],[-118.0194,45.57827]],[[-118.0144,45.57827],[-118.01401,45.57827],[-118.01401,45.57854],[-118.0144,45.57854],[-118.0144,45.57827]],[[-118.01825,45.57773],[-118.01786,45.57773],[-118.01786,45.578],[-118.01825,45.578],[-118.01825,45.57773]],[[-118.01709,45.57746],[-118.01671,45.57746],[-118.01671,45.57773],[-118.01709,45.57773],[-118.01709,45.57746]]],[[[-118.00978,45.59309],[-118.01132,45.59309],[-118.01132,45.59336],[-118.01093,45.59336],[-118.01093,45.59363],[-118.00978,45.59363],[-118.00978,45.59309]]],[[[-118.02094,45.59498],[-118.02094,45.59471],[-118.02133,45.59471],[-118.02133,45.59498],[-118.02171,45.59498],[-118.02171,45.59552],[-118.02094,45.59552],[-118.02094,45.59525],[-118.02056,45.59525],[-118.02056,45.59498],[-118.02094,45.59498]]],[[[-118.01286,45.59605],[-118.01286,45.59552],[-118.01247,45.59552],[-118.01247,45.59525],[-118.01209,45.59525],[-118.01209,45.59498],[-118.01132,45.59498],[-118.01132,45.59444],[-118.01286,45.59444],[-118.01286,45.59417],[-118.01324,45.59417],[-118.01324,45.59444],[-118.0144,45.59444],[-118.0144,45.59471],[-118.01478,45.59471],[-118.01478,45.59525],[-118.0144,45.59525],[-118.0144,45.59579],[-118.01401,45.59579],[-118.01401,45.59605],[-118.01324,45.59632],[-118.01324,45.59659],[-118.01247,45.59632],[-118.01247,45.59605],[-118.01286,45.59605]]],[[[-118.0325,45.59848],[-118.0325,45.59794],[-118.03288,45.59794],[-118.03288,45.59848],[-118.0325,45.59848]]],[[[-118.04058,45.59821],[-118.04058,45.59875],[-118.0402,45.59875],[-118.0402,45.59902],[-118.03904,45.59902],[-118.03904,45.59848],[-118.03943,45.59848],[-118.03943,45.59821],[-118.04058,45.59821]]],[[[-118.04405,45.59875],[-118.04405,45.59848],[-118.04443,45.59848],[-118.04443,45.59902],[-118.04405,45.59902],[-118.04405,45.59929],[-118.04328,45.59929],[-118.04328,45.59902],[-118.04405,45.59875]]],[[[-118.03327,45.59875],[-118.03365,45.59875],[-118.03365,45.59902],[-118.03327,45.59902],[-118.03327,45.59875]]],[[[-118.03019,45.59902],[-118.03057,45.59902],[-118.03057,45.59929],[-118.0298,45.59929],[-118.0298,45.59902],[-118.02942,45.59902],[-118.02942,45.59875],[-118.03019,45.59875],[-118.03019,45.59902]]],[[[-118.03712,45.6001],[-118.03712,45.59983],[-118.0375,45.59983],[-118.0375,45.6001],[-118.03789,45.6001],[-118.03789,45.60037],[-118.03712,45.60064],[-118.03712,45.60037],[-118.03673,45.60037],[-118.03673,45.6001],[-118.03712,45.6001]]],[[[-117.99977,45.57072],[-117.99977,45.56991],[-118.00015,45.56991],[-118.00015,45.57072],[-117.99977,45.57072]]],[[[-118.00593,45.57018],[-118.00593,45.56991],[-118.0067,45.57018],[-118.0067,45.57045],[-118.00631,45.57045],[-118.00631,45.57099],[-118.00593,45.57099],[-118.00593,45.57072],[-118.00477,45.57072],[-118.00477,45.57018],[-118.00593,45.57018]]],[[[-118.00208,45.57072],[-118.00208,45.57018],[-118.00169,45.57018],[-118.00169,45.56964],[-118.00362,45.56964],[-118.00362,45.57045],[-118.004,45.57045],[-118.004,45.57099],[-118.00439,45.57099],[-118.00439,45.57126],[-118.00362,45.57126],[-118.00362,45.57099],[-118.00285,45.57099],[-118.00285,45.57072],[-118.00208,45.57072]]],[[[-118.00785,45.57126],[-118.00785,45.5718],[-118.00708,45.5718],[-118.00708,45.57153],[-118.00785,45.57126]]],[[[-117.99322,45.57396],[-117.99322,45.57369],[-117.99284,45.57369],[-117.99284,45.57315],[-117.99207,45.57288],[-117.99207,45.57045],[-117.99245,45.57045],[-117.99245,45.57153],[-117.99361,45.57153],[-117.99361,45.57234],[-117.99322,45.57234],[-117.99322,45.57261],[-117.99399,45.57288],[-117.99399,45.57369],[-117.99438,45.57369],[-117.99438,45.57423],[-117.99476,45.57423],[-117.99476,45.5745],[-117.99399,45.5745],[-117.99399,45.57423],[-117.99322,45.57396]]],[[[-117.99553,45.57261],[-117.99553,45.57288],[-117.99476,45.57288],[-117.99476,45.57234],[-117.99553,45.57261]]],[[[-118.00824,45.57288],[-118.00901,45.57288],[-118.00901,45.57315],[-118.00824,45.57315],[-118.00824,45.57288]]],[[[-118.00477,45.57342],[-118.00554,45.57342],[-118.00554,45.57369],[-118.00477,45.57369],[-118.00477,45.57342]]],[[[-117.99861,45.57369],[-117.99861,45.57423],[-117.999,45.57423],[-117.999,45.5745],[-117.99861,45.5745],[-117.99861,45.57476],[-117.999,45.57476],[-117.999,45.57503],[-117.99823,45.57503],[-117.99823,45.5745],[-117.99784,45.5745],[-117.99784,45.57369],[-117.99861,45.57369]]],[[[-117.99515,45.57611],[-117.99515,45.57476],[-117.99592,45.57476],[-117.99592,45.57611],[-117.99669,45.57638],[-117.99669,45.57719],[-117.99592,45.57719],[-117.99592,45.57638],[-117.99515,45.57611]]],[[[-118.00054,45.57692],[-118.00054,45.57746],[-118.00092,45.57746],[-118.00092,45.57773],[-117.99977,45.57773],[-117.99977,45.57746],[-118.00015,45.57746],[-118.00015,45.57692],[-118.00054,45.57692]]],[[[-118.004,45.57827],[-118.00439,45.57827],[-118.00439,45.578],[-118.00477,45.578],[-118.00477,45.57773],[-118.00516,45.57773],[-118.00516,45.578],[-118.00554,45.578],[-118.00554,45.57881],[-118.00516,45.57881],[-118.00516,45.57854],[-118.00439,45.57854],[-118.00439,45.57881],[-118.004,45.57881],[-118.004,45.57827]]],[[[-118.00054,45.57854],[-118.00131,45.57827],[-118.00131,45.57854],[-118.00285,45.57881],[-118.00285,45.57908],[-118.00246,45.57908],[-118.00246,45.57962],[-118.00208,45.57962],[-118.00208,45.58042],[-118.00131,45.58042],[-118.00131,45.58015],[-118.00092,45.58015],[-118.00092,45.57962],[-118.00054,45.57962],[-118.00054,45.57854]]],[[[-118.00439,45.58015],[-118.00439,45.57962],[-118.00516,45.57962],[-118.00516,45.57989],[-118.00554,45.57989],[-118.00554,45.58015],[-118.00593,45.58015],[-118.00593,45.57962],[-118.00631,45.57962],[-118.00631,45.58015],[-118.0067,45.58015],[-118.0067,45.58096],[-118.00631,45.58096],[-118.00631,45.58123],[-118.00516,45.58123],[-118.00516,45.58069],[-118.00477,45.58069],[-118.00477,45.58015],[-118.00439,45.58015]]],[[[-118.00131,45.58096],[-118.00131,45.58069],[-118.00246,45.58069],[-118.00246,45.58096],[-118.00208,45.58096],[-118.00208,45.5815],[-118.00169,45.5815],[-118.00169,45.58177],[-118.00092,45.5815],[-118.00092,45.58096],[-118.00131,45.58096]]],[[[-118.00362,45.58204],[-118.00362,45.58177],[-118.004,45.58177],[-118.004,45.58204],[-118.00362,45.58204]]],[[[-117.99977,45.58689],[-118.00054,45.58689],[-118.00054,45.58716],[-117.99977,45.58716],[-117.99977,45.58689]]],[[[-118.00362,45.5877],[-118.00323,45.5877],[-118.00323,45.58797],[-118.00246,45.58797],[-118.00246,45.5877],[-118.00285,45.5877],[-118.00285,45.58743],[-118.00362,45.58743],[-118.00362,45.5877]]]]},"properties":{"layer":"predicted_reach_h02","fire_name":"Middle_Ridge","irwin_id":"{2088689D-42B8-4A31-85B6-2CADB59BA127}","model":"arrival_run","checkpoint_epoch":216,"decode":"connected_causal","operating_point":{"floor":0.0,"mult":0.9},"val_precision":null,"val_recall":null,"model_caveat":"arrival_run chosen for best RECALL among the six FlameFlux v3 candidates on the production-valid t0-window corpus (R=0.624 on the fc2 held-out fires, R=0.432 on Dillon -- see candidate_comparison.md from the 2026-07-24 comparison). It does NOT meet the project's P>=0.50/R>=0.80 target: precision is the WORST of the six (P=0.120 on fc2 -- most flagged growth is wrong), and wind_run actually edges it on F1. IMPORTANT CAVEAT: arrival_run trained on the leaky 'observed' corpus (crop centered/sized on t0|t1, i.e. it saw the future perimeter's geometry during training) and has NEVER seen a t0-window crop -- the ONLY geometry this live pipeline can ever produce at forecast time (the future perimeter is, by definition, unknown). So every live prediction from this model is out-of-distribution relative to its own training. The measured t0-window numbers above already reflect that (they are not a surprise), but this is 'best available', not 'production-ready' -- represent it that way. The operating_point (floor=0.0, mult=0.9) is the VAL-selected connected-causal decode point; it did NOT clear the 0.50 precision floor during selection (feasible=False, val P=0.270/R=0.259) -- it's the best-F1 fallback point, not a precision-guaranteed one.","issued_at_utc":"2026-08-23 20:05:07.672141+00:00","valid_from_utc":"2026-08-23 00:00:00","valid_to_utc":"2026-08-24 00:00:00","wfigs_date_current_utc":"2026-08-23 16:41:28.079000+00:00","pixel_size_m":30,"veg_source":"refreshed_d4","physics_source":"eikonal_fbfm40","history_n_dates":1,"degraded_history":true,"containment_pct":0.0,"acres_wfigs":138.34560634370422,"hour":2,"valid_at_utc":"2026-08-23 02:00:00"}},{"type":"Feature","geometry":{"type":"MultiPolygon","coordinates":[[[[-118.01863,45.56911],[-118.01863,45.56884],[-118.01902,45.56884],[-118.01902,45.56911],[-118.01863,45.56911]]],[[[-118.01209,45.56884],[-118.01209,45.56911],[-118.01286,45.56911],[-118.01286,45.56937],[-118.0117,45.56937],[-118.0117,45.56911],[-118.01132,45.56911],[-118.01132,45.56884],[-118.01209,45.56884]]],[[[-118.00785,45.57099],[-118.00785,45.56991],[-118.00901,45.56991],[-118.00901,45.57045],[-118.00939,45.57045],[-118.00939,45.57099],[-118.00862,45.57099],[-118.00862,45.57126],[-118.00824,45.57126],[-118.00824,45.57153],[-118.00785,45.57153],[-118.00785,45.5718],[-118.00747,45.5718],[-118.00747,45.57207],[-118.0067,45.57207],[-118.0067,45.57126],[-118.00747,45.57126],[-118.00747,45.57099],[-118.00785,45.57099]]],[[[-118.02094,45.57207],[-118.02094,45.57099],[-118.02133,45.57099],[-118.02133,45.5718],[-118.0221,45.57207],[-118.0221,45.57261],[-118.02171,45.57261],[-118.02171,45.57234],[-118.02133,45.57234],[-118.02133,45.57207],[-118.02094,45.57207]]],[[[-118.01671,45.57261],[-118.01671,45.57234],[-118.01555,45.57234],[-118.01555,45.5718],[-118.0144,45.5718],[-118.0144,45.57099],[-118.01555,45.57099],[-118.01555,45.57126],[-118.01632,45.57153],[-118.01632,45.5718],[-118.01748,45.5718],[-118.01748,45.57207],[-118.01786,45.57207],[-118.01786,45.57234],[-118.01825,45.57234],[-118.01825,45.57261],[-118.01902,45.57261],[-118.01902,45.57315],[-118.01786,45.57315],[-118.01786,45.57288],[-118.01748,45.57288],[-118.01748,45.57261],[-118.01671,45.57261]]],[[[-118.03288,45.57827],[-118.03288,45.578],[-118.03365,45.578],[-118.03365,45.57908],[-118.03288,45.57908],[-118.03288,45.57881],[-118.0325,45.57881],[-118.0325,45.57827],[-118.03288,45.57827]]],[[[-118.03404,45.57962],[-118.03404,45.58096],[-118.03442,45.58096],[-118.03442,45.58177],[-118.03404,45.58177],[-118.03404,45.58231],[-118.03327,45.58231],[-118.03327,45.58096],[-118.03288,45.58096],[-118.03288,45.57962],[-118.03404,45.57962]]],[[[-118.02711,45.58177],[-118.02711,45.58231],[-118.02634,45.58231],[-118.02634,45.5815],[-118.02711,45.58177]]],[[[-118.0325,45.59902],[-118.0325,45.59875],[-118.03173,45.59848],[-118.03173,45.59767],[-118.03096,45.59767],[-118.03096,45.59794],[-118.03057,45.59794],[-118.03057,45.59821],[-118.03134,45.59848],[-118.03134,45.59902],[-118.03096,45.59902],[-118.03096,45.59929],[-118.03057,45.59929],[-118.03057,45.59956],[-118.0298,45.59956],[-118.0298,45.59929],[-118.02903,45.59902],[-118.02903,45.59848],[-118.02865,45.59848],[-118.02865,45.59794],[-118.02826,45.59794],[-118.02826,45.5974],[-118.02788,45.5974],[-118.02788,45.59686],[-118.02749,45.59686],[-118.02749,45.59713],[-118.02711,45.59713],[-118.02711,45.5974],[-118.02634,45.5974],[-118.02634,45.59686],[-118.02595,45.59686],[-118.02595,45.59632],[-118.02557,45.59632],[-118.02557,45.59471],[-118.02518,45.59471],[-118.02518,45.59417],[-118.0248,45.59417],[-118.0248,45.59363],[-118.02441,45.59363],[-118.02441,45.59309],[-118.02403,45.59309],[-118.02403,45.59282],[-118.02364,45.59282],[-118.02364,45.59255],[-118.02287,45.59255],[-118.02287,45.59282],[-118.02249,45.59282],[-118.02249,45.59417],[-118.02287,45.59417],[-118.02287,45.59471],[-118.02326,45.59471],[-118.02326,45.59525],[-118.02364,45.59525],[-118.02364,45.59579],[-118.02326,45.59579],[-118.02326,45.59605],[-118.02287,45.59605],[-118.02287,45.59632],[-118.0221,45.59632],[-118.0221,45.59605],[-118.02171,45.59605],[-118.02171,45.59579],[-118.02094,45.59579],[-118.02094,45.59552],[-118.02056,45.59552],[-118.02056,45.59525],[-118.01979,45.59525],[-118.01979,45.59498],[-118.01863,45.59498],[-118.01863,45.59525],[-118.01709,45.59552],[-118.01709,45.59579],[-118.01671,45.59579],[-118.01671,45.59605],[-118.01401,45.59605],[-118.01401,45.59632],[-118.01363,45.59632],[-118.01363,45.59659],[-118.01324,45.59659],[-118.01324,45.59686],[-118.01286,45.59686],[-118.01286,45.59659],[-118.01247,45.59659],[-118.01247,45.59552],[-118.01209,45.59552],[-118.01209,45.59525],[-118.0117,45.59525],[-118.0117,45.59498],[-118.01132,45.59498],[-118.01132,45.59471],[-118.01093,45.59471],[-118.01093,45.59417],[-118.01209,45.59417],[-118.01209,45.5939],[-118.01286,45.5939],[-118.01286,45.59363],[-118.01132,45.59363],[-118.01132,45.5939],[-118.01016,45.5939],[-118.01016,45.59363],[-118.00978,45.59363],[-118.00978,45.59309],[-118.00939,45.59309],[-118.00939,45.59282],[-118.00901,45.59282],[-118.00901,45.59309],[-118.00862,45.59309],[-118.00862,45.59282],[-118.00785,45.59282],[-118.00785,45.59255],[-118.00747,45.59255],[-118.00747,45.59228],[-118.00708,45.59228],[-118.00708,45.59201],[-118.0067,45.59201],[-118.0067,45.59174],[-118.00593,45.59174],[-118.00593,45.59147],[-118.00554,45.59147],[-118.00554,45.5912],[-118.00516,45.5912],[-118.00516,45.59093],[-118.00477,45.59093],[-118.00477,45.59066],[-118.00439,45.59066],[-118.00439,45.5904],[-118.00362,45.5904],[-118.00362,45.59013],[-118.00323,45.59013],[-118.00323,45.58959],[-118.00285,45.58959],[-118.00285,45.58905],[-118.004,45.58905],[-118.004,45.58878],[-118.00593,45.58878],[-118.00593,45.58851],[-118.00631,45.58851],[-118.00631,45.5877],[-118.00593,45.5877],[-118.00593,45.58743],[-118.00516,45.58743],[-118.00516,45.58716],[-118.00631,45.58716],[-118.00631,45.58689],[-118.0067,45.58689],[-118.0067,45.58608],[-118.00631,45.58608],[-118.00631,45.58501],[-118.00593,45.58501],[-118.00593,45.58393],[-118.00554,45.58393],[-118.00554,45.58366],[-118.00747,45.58366],[-118.00747,45.58393],[-118.00824,45.58393],[-118.00824,45.5842],[-118.00901,45.58447],[-118.00901,45.58393],[-118.00862,45.58393],[-118.00862,45.58312],[-118.00824,45.58312],[-118.00824,45.58258],[-118.00785,45.58258],[-118.00785,45.58204],[-118.00747,45.58204],[-118.00747,45.58177],[-118.00708,45.58177],[-118.00708,45.5815],[-118.00631,45.5815],[-118.00631,45.58123],[-118.00477,45.58123],[-118.00477,45.58069],[-118.00439,45.58069],[-118.00439,45.57989],[-118.00362,45.57989],[-118.00362,45.57962],[-118.00285,45.57989],[-118.00285,45.58042],[-118.00323,45.58042],[-118.00323,45.58123],[-118.00246,45.58123],[-118.00246,45.5815],[-118.00208,45.5815],[-118.00208,45.58204],[-118.00169,45.58204],[-118.00169,45.58177],[-118.00092,45.58177],[-118.00092,45.58123],[-118.00054,45.58123],[-118.00054,45.58096],[-118.00092,45.58096],[-118.00092,45.58042],[-118.00054,45.58042],[-118.00054,45.57935],[-118.00015,45.57935],[-118.00015,45.57854],[-117.99977,45.57854],[-117.99977,45.57827],[-117.999,45.57827],[-117.999,45.57746],[-117.99938,45.57746],[-117.99938,45.57719],[-117.99861,45.57719],[-117.99861,45.57638],[-117.999,45.57638],[-117.999,45.57557],[-117.99707,45.57557],[-117.99707,45.57476],[-117.99746,45.57476],[-117.99746,45.5745],[-117.99669,45.5745],[-117.99669,45.57503],[-117.9963,45.57503],[-117.9963,45.57584],[-117.99669,45.57584],[-117.99669,45.57638],[-117.99707,45.57638],[-117.99707,45.57746],[-117.99592,45.57746],[-117.99592,45.57719],[-117.99553,45.57719],[-117.99553,45.57638],[-117.99515,45.57638],[-117.99515,45.57584],[-117.99476,45.57584],[-117.99476,45.57503],[-117.99438,45.57503],[-117.99438,45.57476],[-117.99399,45.57476],[-117.99399,45.5745],[-117.99361,45.5745],[-117.99361,45.57423],[-117.99322,45.57423],[-117.99322,45.57396],[-117.99284,45.57396],[-117.99284,45.57369],[-117.99245,45.57369],[-117.99245,45.57315],[-117.99207,45.57315],[-117.99207,45.57261],[-117.99168,45.57261],[-117.99168,45.57018],[-117.99284,45.57018],[-117.99284,45.57045],[-117.99245,45.57045],[-117.99245,45.57153],[-117.99322,45.57153],[-117.99322,45.57126],[-117.99361,45.57126],[-117.99361,45.57153],[-117.99438,45.5718],[-117.99438,45.57207],[-117.99515,45.57207],[-117.99515,45.57234],[-117.99553,45.57234],[-117.99553,45.57288],[-117.9963,45.57288],[-117.9963,45.57315],[-117.99823,45.57315],[-117.99823,45.57342],[-117.99861,45.57342],[-117.99861,45.57369],[-117.99977,45.57369],[-117.99977,45.57261],[-118.00092,45.57261],[-118.00092,45.57288],[-118.00131,45.57288],[-118.00131,45.57261],[-118.00208,45.57261],[-118.00208,45.57288],[-118.00439,45.57315],[-118.00439,45.57342],[-118.00516,45.57342],[-118.00516,45.57315],[-118.00593,45.57315],[-118.00593,45.57288],[-118.00631,45.57288],[-118.00631,45.57342],[-118.00593,45.57342],[-118.00593,45.57369],[-118.00554,45.57369],[-118.00554,45.57396],[-118.00439,45.57396],[-118.00439,45.5745],[-118.00477,45.5745],[-118.00477,45.57476],[-118.00554,45.57503],[-118.00554,45.5753],[-118.0067,45.5753],[-118.0067,45.57423],[-118.00708,45.57423],[-118.00708,45.57369],[-118.00785,45.57369],[-118.00785,45.57342],[-118.00824,45.57342],[-118.00824,45.57288],[-118.00901,45.57288],[-118.00901,45.57342],[-118.00978,45.57342],[-118.00978,45.57315],[-118.01401,45.57315],[-118.01401,45.57342],[-118.0144,45.57342],[-118.0144,45.57369],[-118.01517,45.57369],[-118.01517,45.57396],[-118.01594,45.57423],[-118.01594,45.5745],[-118.01671,45.5745],[-118.01671,45.57476],[-118.01748,45.57503],[-118.01748,45.5753],[-118.01902,45.5753],[-118.01902,45.57557],[-118.0194,45.57557],[-118.0194,45.57584],[-118.01979,45.57584],[-118.01979,45.57611],[-118.02017,45.57611],[-118.02017,45.57638],[-118.02056,45.57638],[-118.02056,45.57665],[-118.02094,45.57665],[-118.02094,45.57692],[-118.02133,45.57692],[-118.02133,45.57719],[-118.02171,45.57719],[-118.02171,45.57746],[-118.0221,45.57746],[-118.0221,45.57773],[-118.02287,45.57773],[-118.02287,45.57719],[-118.02326,45.57719],[-118.02326,45.57638],[-118.02249,45.57638],[-118.02249,45.57611],[-118.02094,45.57611],[-118.02094,45.57503],[-118.0194,45.5753],[-118.0194,45.57423],[-118.02094,45.5745],[-118.02094,45.57396],[-118.02171,45.57396],[-118.02171,45.57423],[-118.02133,45.57423],[-118.02133,45.57503],[-118.02171,45.57503],[-118.02171,45.57476],[-118.0221,45.57476],[-118.0221,45.57423],[-118.02287,45.57423],[-118.02287,45.57396],[-118.02326,45.57396],[-118.02326,45.5745],[-118.02364,45.5745],[-118.02364,45.57476],[-118.02441,45.57476],[-118.02441,45.57503],[-118.02403,45.57503],[-118.02403,45.57557],[-118.02364,45.57557],[-118.02364,45.57638],[-118.02403,45.57638],[-118.02403,45.57665],[-118.02557,45.57665],[-118.02557,45.57692],[-118.02711,45.57692],[-118.02711,45.57719],[-118.02672,45.57719],[-118.02672,45.578],[-118.02749,45.578],[-118.02749,45.57827],[-118.02788,45.57827],[-118.02788,45.57935],[-118.02826,45.57935],[-118.02826,45.57962],[-118.02865,45.57962],[-118.02865,45.57989],[-118.02942,45.57989],[-118.02942,45.57935],[-118.0298,45.57935],[-118.0298,45.57854],[-118.02942,45.57854],[-118.02942,45.57827],[-118.02865,45.578],[-118.02865,45.57773],[-118.02903,45.57773],[-118.02903,45.57746],[-118.02942,45.57746],[-118.02942,45.57719],[-118.03057,45.57719],[-118.03057,45.578],[-118.03134,45.57827],[-118.03134,45.57881],[-118.03096,45.57881],[-118.03096,45.57962],[-118.03057,45.57962],[-118.03057,45.58069],[-118.03096,45.58069],[-118.03096,45.58177],[-118.03134,45.58177],[-118.03134,45.58204],[-118.03173,45.58204],[-118.03173,45.58231],[-118.03288,45.58231],[-118.03288,45.58258],[-118.03327,45.58258],[-118.03327,45.58285],[-118.03173,45.58285],[-118.03173,45.58258],[-118.03134,45.58258],[-118.03134,45.58285],[-118.03057,45.58285],[-118.03057,45.58312],[-118.0298,45.58312],[-118.0298,45.58339],[-118.02903,45.58339],[-118.02903,45.58312],[-118.02826,45.58285],[-118.02826,45.58231],[-118.02903,45.58231],[-118.02903,45.58204],[-118.02942,45.58204],[-118.02942,45.58177],[-118.02903,45.58177],[-118.02903,45.5815],[-118.02865,45.5815],[-118.02865,45.58123],[-118.02788,45.58123],[-118.02788,45.58069],[-118.02749,45.58069],[-118.02749,45.58042],[-118.02711,45.58042],[-118.02711,45.58015],[-118.02672,45.58015],[-118.02672,45.57989],[-118.02634,45.57989],[-118.02634,45.57962],[-118.02595,45.57962],[-118.02595,45.57935],[-118.02557,45.57935],[-118.02557,45.57908],[-118.02518,45.57908],[-118.02518,45.57881],[-118.02441,45.57881],[-118.02441,45.57854],[-118.02364,45.57854],[-118.02364,45.57827],[-118.02287,45.57827],[-118.02287,45.57962],[-118.02364,45.57962],[-118.02364,45.58015],[-118.02557,45.58015],[-118.02557,45.58042],[-118.02634,45.58069],[-118.02634,45.58096],[-118.02595,45.58096],[-118.02595,45.58123],[-118.02518,45.58123],[-118.02518,45.58096],[-118.0248,45.58096],[-118.0248,45.5815],[-118.02518,45.5815],[-118.02518,45.58231],[-118.02557,45.58231],[-118.02557,45.58339],[-118.02595,45.58339],[-118.02595,45.5842],[-118.02634,45.5842],[-118.02634,45.58608],[-118.02711,45.58635],[-118.02711,45.58662],[-118.02672,45.58662],[-118.02672,45.58716],[-118.02595,45.58716],[-118.02595,45.5877],[-118.02711,45.5877],[-118.02711,45.58797],[-118.02749,45.58797],[-118.02749,45.58824],[-118.02903,45.58824],[-118.02903,45.58797],[-118.0298,45.58797],[-118.0298,45.58824],[-118.03019,45.58824],[-118.03019,45.58878],[-118.03096,45.58878],[-118.03096,45.58905],[-118.03134,45.58905],[-118.03134,45.58932],[-118.03211,45.58932],[-118.03211,45.58959],[-118.03288,45.58959],[-118.03288,45.58986],[-118.03365,45.59013],[-118.03365,45.5904],[-118.03442,45.5904],[-118.03442,45.59093],[-118.03596,45.5912],[-118.03596,45.59174],[-118.0375,45.59201],[-118.0375,45.59228],[-118.03789,45.59228],[-118.03789,45.59282],[-118.03827,45.59282],[-118.03827,45.59336],[-118.03866,45.59336],[-118.03866,45.5939],[-118.03943,45.5939],[-118.03943,45.59471],[-118.03981,45.59471],[-118.03981,45.59498],[-118.04058,45.59498],[-118.04058,45.59525],[-118.04135,45.59552],[-118.04135,45.59579],[-118.04251,45.59579],[-118.04251,45.59605],[-118.04328,45.59605],[-118.04328,45.59686],[-118.04289,45.59686],[-118.04289,45.59713],[-118.04212,45.59713],[-118.04212,45.59686],[-118.04097,45.59686],[-118.04097,45.59713],[-118.04058,45.59713],[-118.04058,45.5974],[-118.04097,45.5974],[-118.04097,45.59875],[-118.04058,45.59875],[-118.04058,45.59902],[-118.0402,45.59902],[-118.0402,45.59929],[-118.03866,45.59902],[-118.03866,45.59848],[-118.03943,45.59821],[-118.03943,45.5974],[-118.03866,45.59713],[-118.03866,45.59605],[-118.03673,45.59605],[-118.03673,45.59632],[-118.03635,45.59632],[-118.03635,45.5974],[-118.03673,45.5974],[-118.03673,45.59794],[-118.03712,45.59794],[-118.03712,45.59902],[-118.03635,45.59902],[-118.03635,45.59875],[-118.03442,45.59875],[-118.03442,45.59983],[-118.03404,45.59983],[-118.03404,45.59956],[-118.03327,45.59956],[-118.03327,45.59902],[-118.0325,45.59902]],[[-118.0325,45.5974],[-118.03288,45.5974],[-118.03288,45.59767],[-118.03365,45.59767],[-118.03365,45.5974],[-118.03327,45.5974],[-118.03327,45.59713],[-118.0325,45.59713],[-118.0325,45.5974]],[[-118.01863,45.59336],[-118.01786,45.59309],[-118.01786,45.59255],[-118.01709,45.59228],[-118.01709,45.59174],[-118.01671,45.59174],[-118.01671,45.59147],[-118.01632,45.59147],[-118.01632,45.5912],[-118.01555,45.5912],[-118.01555,45.59093],[-118.0144,45.59093],[-118.0144,45.59201],[-118.01478,45.59201],[-118.01478,45.59255],[-118.01517,45.59255],[-118.01517,45.59282],[-118.01478,45.59282],[-118.01478,45.59309],[-118.0144,45.59309],[-118.0144,45.59336],[-118.01401,45.59336],[-118.01401,45.59363],[-118.01363,45.59363],[-118.01363,45.5939],[-118.01401,45.5939],[-118.01401,45.59417],[-118.01478,45.59417],[-118.01478,45.59444],[-118.01709,45.59444],[-118.01709,45.59417],[-118.01863,45.5939],[-118.01863,45.59336]],[[-118.01132,45.59174],[-118.01093,45.59174],[-118.01093,45.59147],[-118.01016,45.59147],[-118.01016,45.59174],[-118.01055,45.59174],[-118.01055,45.59255],[-118.01132,45.59255],[-118.01132,45.59228],[-118.0117,45.59228],[-118.0117,45.59201],[-118.01132,45.59201],[-118.01132,45.59174]],[[-118.01093,45.58662],[-118.01209,45.58662],[-118.01209,45.58608],[-118.01132,45.58581],[-118.01132,45.58528],[-118.01093,45.58528],[-118.01093,45.58501],[-118.00978,45.58501],[-118.00978,45.58528],[-118.01016,45.58528],[-118.01016,45.58581],[-118.01055,45.58581],[-118.01055,45.58635],[-118.00978,45.58635],[-118.00978,45.5877],[-118.01016,45.5877],[-118.01016,45.58824],[-118.01055,45.58824],[-118.01055,45.58851],[-118.01132,45.58851],[-118.01132,45.58878],[-118.0117,45.58878],[-118.0117,45.58797],[-118.01093,45.5877],[-118.01093,45.58662]],[[-118.02403,45.58581],[-118.02364,45.58581],[-118.02364,45.58608],[-118.02403,45.58608],[-118.02403,45.58581]],[[-118.0221,45.58554],[-118.02171,45.58554],[-118.02171,45.58581],[-118.0221,45.58581],[-118.0221,45.58554]],[[-118.01786,45.58554],[-118.01748,45.58554],[-118.01748,45.58581],[-118.01786,45.58581],[-118.01786,45.58554]],[[-118.01709,45.58528],[-118.01671,45.58528],[-118.01671,45.58554],[-118.01709,45.58554],[-118.01709,45.58528]],[[-118.01748,45.58474],[-118.01709,45.58474],[-118.01709,45.58501],[-118.01748,45.58501],[-118.01748,45.58474]],[[-118.02403,45.58285],[-118.02364,45.58285],[-118.02364,45.58312],[-118.02403,45.58312],[-118.02403,45.58285]],[[-118.01401,45.58285],[-118.01363,45.58285],[-118.01363,45.58312],[-118.01401,45.58312],[-118.01401,45.58285]],[[-118.02441,45.58231],[-118.02403,45.58231],[-118.02403,45.58258],[-118.02441,45.58258],[-118.02441,45.58231]],[[-118.01363,45.58177],[-118.01324,45.58177],[-118.01324,45.58258],[-118.01363,45.58258],[-118.01363,45.58177]],[[-118.02326,45.58123],[-118.02287,45.58123],[-118.02287,45.5815],[-118.02326,45.5815],[-118.02326,45.58123]],[[-118.01478,45.58096],[-118.0144,45.58096],[-118.0144,45.58123],[-118.01478,45.58123],[-118.01478,45.58096]],[[-118.00785,45.57881],[-118.00708,45.57854],[-118.00708,45.578],[-118.0067,45.578],[-118.0067,45.57773],[-118.00593,45.57746],[-118.00593,45.57719],[-118.00439,45.57692],[-118.00439,45.57719],[-118.00477,45.57719],[-118.00477,45.57746],[-118.00516,45.57746],[-118.00516,45.57773],[-118.00554,45.57773],[-118.00554,45.57827],[-118.00593,45.57827],[-118.00593,45.57908],[-118.00631,45.57908],[-118.00631,45.57962],[-118.0067,45.57962],[-118.0067,45.58015],[-118.00708,45.58015],[-118.00708,45.58069],[-118.00785,45.58069],[-118.00785,45.58042],[-118.00824,45.58042],[-118.00824,45.57908],[-118.00785,45.57908],[-118.00785,45.57881]],[[-118.01401,45.57881],[-118.01363,45.57881],[-118.01363,45.57935],[-118.01401,45.57935],[-118.01401,45.57881]],[[-118.02056,45.57854],[-118.02017,45.57854],[-118.02017,45.57881],[-118.02056,45.57881],[-118.02056,45.57854]],[[-118.0194,45.57827],[-118.01902,45.57827],[-118.01902,45.57854],[-118.0194,45.57854],[-118.0194,45.57827]],[[-118.0144,45.57827],[-118.01401,45.57827],[-118.01401,45.57854],[-118.0144,45.57854],[-118.0144,45.57827]],[[-118.01825,45.57773],[-118.01786,45.57773],[-118.01786,45.578],[-118.01825,45.578],[-118.01825,45.57773]],[[-118.01709,45.57746],[-118.01671,45.57746],[-118.01671,45.57773],[-118.01709,45.57773],[-118.01709,45.57746]],[[-118.00015,45.57557],[-117.99977,45.57557],[-117.99977,45.57584],[-118.00015,45.57584],[-118.00015,45.57557]],[[-118.00015,45.5745],[-117.99938,45.5745],[-117.99938,45.5753],[-118.00015,45.5753],[-118.00015,45.5745]],[[-117.9963,45.57396],[-117.99707,45.57423],[-117.99707,45.57342],[-117.99669,45.57342],[-117.99669,45.57369],[-117.9963,45.57369],[-117.9963,45.57396]],[[-117.99515,45.57423],[-117.99592,45.57423],[-117.99592,45.57369],[-117.99553,45.57369],[-117.99553,45.57396],[-117.99515,45.57396],[-117.99515,45.57423]]],[[[-118.02788,45.58528],[-118.02788,45.58501],[-118.02903,45.58501],[-118.02903,45.58581],[-118.02865,45.58581],[-118.02865,45.58554],[-118.02826,45.58554],[-118.02826,45.58528],[-118.02788,45.58528]]],[[[-118.0375,45.5877],[-118.0375,45.58716],[-118.03827,45.58716],[-118.03827,45.5877],[-118.0375,45.5877]]],[[[-118.0375,45.58824],[-118.0375,45.58878],[-118.03673,45.58878],[-118.03673,45.58851],[-118.0375,45.58824]]],[[[-118.04366,45.59363],[-118.04366,45.59309],[-118.04405,45.59309],[-118.04405,45.59363],[-118.04366,45.59363]]],[[[-118.01555,45.59767],[-118.01555,45.5974],[-118.01594,45.5974],[-118.01594,45.59821],[-118.01632,45.59821],[-118.01632,45.59848],[-118.01594,45.59848],[-118.01594,45.59875],[-118.01517,45.59848],[-118.01517,45.59767],[-118.01555,45.59767]]],[[[-118.04366,45.59875],[-118.04366,45.59848],[-118.04405,45.59848],[-118.04405,45.59767],[-118.04443,45.59767],[-118.04443,45.59848],[-118.04482,45.59848],[-118.04482,45.59902],[-118.04443,45.59902],[-118.04443,45.59929],[-118.04405,45.59929],[-118.04405,45.59956],[-118.04289,45.59956],[-118.04289,45.59902],[-118.04366,45.59875]]],[[[-118.03635,45.6001],[-118.03635,45.59983],[-118.03673,45.59983],[-118.03673,45.59956],[-118.03789,45.59956],[-118.03789,45.60064],[-118.03442,45.60064],[-118.03442,45.59983],[-118.03519,45.59983],[-118.03519,45.6001],[-118.03635,45.6001]]],[[[-118.00323,45.5683],[-118.00323,45.56803],[-118.00362,45.56803],[-118.00362,45.5683],[-118.00323,45.5683]]],[[[-118.0067,45.56857],[-118.0067,45.5683],[-118.00708,45.5683],[-118.00708,45.56857],[-118.0067,45.56857]]],[[[-118.004,45.56857],[-118.004,45.5683],[-118.00477,45.5683],[-118.00477,45.56857],[-118.004,45.56857]]],[[[-117.99438,45.56911],[-117.99438,45.56884],[-117.99515,45.56884],[-117.99515,45.56937],[-117.99476,45.56937],[-117.99476,45.56964],[-117.99399,45.56937],[-117.99399,45.56911],[-117.99438,45.56911]]],[[[-117.99515,45.57018],[-117.99515,45.56991],[-117.99553,45.56991],[-117.99553,45.57018],[-117.99515,45.57018]]],[[[-118.00015,45.56991],[-118.00015,45.56964],[-118.00054,45.56964],[-118.00054,45.57099],[-117.99977,45.57099],[-117.99977,45.57072],[-117.99938,45.57072],[-117.99938,45.56991],[-118.00015,45.56991]]],[[[-118.00246,45.57099],[-118.00246,45.57072],[-118.00169,45.57045],[-118.00169,45.56964],[-118.00362,45.56964],[-118.00362,45.56991],[-118.004,45.56991],[-118.004,45.57018],[-118.00477,45.57018],[-118.00477,45.56991],[-118.00516,45.56991],[-118.00516,45.56964],[-118.00554,45.56964],[-118.00554,45.56991],[-118.0067,45.56991],[-118.0067,45.57099],[-118.00631,45.57099],[-118.00631,45.57126],[-118.00554,45.57126],[-118.00554,45.57099],[-118.00516,45.57099],[-118.00516,45.57126],[-118.00477,45.57126],[-118.00477,45.57153],[-118.00362,45.57153],[-118.00362,45.57126],[-118.00323,45.57126],[-118.00323,45.57099],[-118.00246,45.57099]]],[[[-117.99284,45.57126],[-117.99284,45.57099],[-117.99322,45.57099],[-117.99322,45.57126],[-117.99284,45.57126]]],[[[-117.99823,45.57288],[-117.99823,45.57261],[-117.999,45.57261],[-117.999,45.57288],[-117.99823,45.57288]]],[[[-118.00439,45.58177],[-118.00439,45.58204],[-118.004,45.58204],[-118.004,45.58231],[-118.00285,45.58231],[-118.00285,45.58204],[-118.00323,45.58204],[-118.00323,45.58177],[-118.00439,45.58177]]],[[[-117.99284,45.58339],[-117.99284,45.58312],[-117.99207,45.58312],[-117.99207,45.58285],[-117.99245,45.58285],[-117.99245,45.58258],[-117.99361,45.58258],[-117.99361,45.58285],[-117.99399,45.58285],[-117.99399,45.58339],[-117.99438,45.58339],[-117.99438,45.58393],[-117.99361,45.58393],[-117.99361,45.58366],[-117.99284,45.58339]]],[[[-118.00477,45.58554],[-118.00477,45.58528],[-118.00554,45.58528],[-118.00554,45.58554],[-118.00477,45.58554]]],[[[-118.00362,45.58554],[-118.00362,45.58581],[-118.00323,45.58581],[-118.00323,45.58528],[-118.00439,45.58528],[-118.00439,45.58554],[-118.00362,45.58554]]],[[[-118.00092,45.58662],[-118.00092,45.58743],[-117.99938,45.58743],[-117.99938,45.58689],[-117.99977,45.58689],[-117.99977,45.58662],[-118.00092,45.58662]]],[[[-118.00439,45.5877],[-118.00439,45.58743],[-118.00516,45.58743],[-118.00516,45.5877],[-118.00439,45.5877]]],[[[-118.004,45.58743],[-118.004,45.5877],[-118.00362,45.5877],[-118.00362,45.58797],[-118.00208,45.58824],[-118.00208,45.5877],[-118.00246,45.5877],[-118.00246,45.58743],[-118.004,45.58743]]]]},"properties":{"layer":"predicted_reach_h03","fire_name":"Middle_Ridge","irwin_id":"{2088689D-42B8-4A31-85B6-2CADB59BA127}","model":"arrival_run","checkpoint_epoch":216,"decode":"connected_causal","operating_point":{"floor":0.0,"mult":0.9},"val_precision":null,"val_recall":null,"model_caveat":"arrival_run chosen for best RECALL among the six FlameFlux v3 candidates on the production-valid t0-window corpus (R=0.624 on the fc2 held-out fires, R=0.432 on Dillon -- see candidate_comparison.md from the 2026-07-24 comparison). It does NOT meet the project's P>=0.50/R>=0.80 target: precision is the WORST of the six (P=0.120 on fc2 -- most flagged growth is wrong), and wind_run actually edges it on F1. IMPORTANT CAVEAT: arrival_run trained on the leaky 'observed' corpus (crop centered/sized on t0|t1, i.e. it saw the future perimeter's geometry during training) and has NEVER seen a t0-window crop -- the ONLY geometry this live pipeline can ever produce at forecast time (the future perimeter is, by definition, unknown). So every live prediction from this model is out-of-distribution relative to its own training. The measured t0-window numbers above already reflect that (they are not a surprise), but this is 'best available', not 'production-ready' -- represent it that way. The operating_point (floor=0.0, mult=0.9) is the VAL-selected connected-causal decode point; it did NOT clear the 0.50 precision floor during selection (feasible=False, val P=0.270/R=0.259) -- it's the best-F1 fallback point, not a precision-guaranteed one.","issued_at_utc":"2026-08-23 20:05:07.672141+00:00","valid_from_utc":"2026-08-23 00:00:00","valid_to_utc":"2026-08-24 00:00:00","wfigs_date_current_utc":"2026-08-23 16:41:28.079000+00:00","pixel_size_m":30,"veg_source":"refreshed_d4","physics_source":"eikonal_fbfm40","history_n_dates":1,"degraded_history":true,"containment_pct":0.0,"acres_wfigs":138.34560634370422,"hour":3,"valid_at_utc":"2026-08-23 03:00:00"}},{"type":"Feature","geometry":{"type":"MultiPolygon","coordinates":[[[[-118.01902,45.56857],[-118.0194,45.56857],[-118.0194,45.56937],[-118.01863,45.56937],[-118.01863,45.56884],[-118.01902,45.56884],[-118.01902,45.56857]]],[[[-118.02171,45.57261],[-118.02171,45.57234],[-118.02094,45.57234],[-118.02094,45.57126],[-118.02056,45.57126],[-118.02056,45.57045],[-118.02133,45.57045],[-118.02133,45.57099],[-118.02171,45.57099],[-118.02171,45.5718],[-118.0221,45.5718],[-118.0221,45.57207],[-118.02249,45.57207],[-118.02249,45.57234],[-118.02287,45.57234],[-118.02287,45.57315],[-118.02249,45.57315],[-118.02249,45.57288],[-118.0221,45.57288],[-118.0221,45.57261],[-118.02171,45.57261]]],[[[-118.02441,45.57261],[-118.02441,45.57234],[-118.02518,45.57234],[-118.02518,45.57315],[-118.02557,45.57315],[-118.02557,45.57288],[-118.02634,45.57288],[-118.02634,45.57342],[-118.02518,45.57342],[-118.02518,45.57369],[-118.02364,45.57369],[-118.02364,45.57315],[-118.02403,45.57315],[-118.02403,45.57261],[-118.02441,45.57261]]],[[[-118.02826,45.5745],[-118.02826,45.57423],[-118.02865,45.57423],[-118.02865,45.5745],[-118.02826,45.5745]]],[[[-118.02826,45.5745],[-118.02826,45.57503],[-118.02749,45.57503],[-118.02749,45.57476],[-118.02788,45.57476],[-118.02788,45.5745],[-118.02826,45.5745]]],[[[-118.03866,45.57719],[-118.03866,45.57773],[-118.03789,45.57773],[-118.03789,45.57692],[-118.03866,45.57719]]],[[[-118.02865,45.58447],[-118.02865,45.58474],[-118.02942,45.58474],[-118.02942,45.58501],[-118.0298,45.58501],[-118.0298,45.58528],[-118.03019,45.58528],[-118.03019,45.58554],[-118.03057,45.58554],[-118.03057,45.58608],[-118.03019,45.58608],[-118.03019,45.58635],[-118.02942,45.58635],[-118.02942,45.58608],[-118.02788,45.58608],[-118.02788,45.58581],[-118.02749,45.58581],[-118.02749,45.58474],[-118.02788,45.58474],[-118.02788,45.58447],[-118.02865,45.58447]]],[[[-118.04097,45.59875],[-118.04058,45.59875],[-118.04058,45.59902],[-118.0402,45.59902],[-118.0402,45.59929],[-118.03904,45.59929],[-118.03904,45.59902],[-118.03866,45.59902],[-118.03866,45.59848],[-118.03904,45.59848],[-118.03904,45.5974],[-118.03866,45.5974],[-118.03866,45.59605],[-118.0375,45.59605],[-118.0375,45.59632],[-118.03673,45.59659],[-118.03673,45.5974],[-118.03712,45.5974],[-118.03712,45.59821],[-118.0375,45.59821],[-118.0375,45.59902],[-118.03789,45.59902],[-118.03789,45.59956],[-118.03827,45.59956],[-118.03827,45.60064],[-118.03789,45.60064],[-118.03789,45.60091],[-118.03558,45.60091],[-118.03558,45.60118],[-118.03404,45.60091],[-118.03404,45.6001],[-118.03327,45.59983],[-118.03327,45.59929],[-118.03288,45.59929],[-118.03288,45.59902],[-118.03173,45.59902],[-118.03173,45.59929],[-118.03134,45.59929],[-118.03134,45.59956],[-118.0298,45.59983],[-118.0298,45.59956],[-118.02942,45.59956],[-118.02942,45.59902],[-118.02865,45.59875],[-118.02865,45.59821],[-118.02826,45.59821],[-118.02826,45.59794],[-118.02788,45.59794],[-118.02788,45.59767],[-118.02634,45.59767],[-118.02634,45.5974],[-118.02595,45.5974],[-118.02595,45.59686],[-118.02557,45.59686],[-118.02557,45.59632],[-118.02518,45.59632],[-118.02518,45.59417],[-118.0248,45.59417],[-118.0248,45.59363],[-118.02403,45.59336],[-118.02403,45.59282],[-118.02287,45.59282],[-118.02287,45.59309],[-118.02249,45.59309],[-118.02249,45.59363],[-118.02287,45.59363],[-118.02287,45.59417],[-118.02326,45.59417],[-118.02326,45.59471],[-118.02403,45.59498],[-118.02403,45.59579],[-118.02364,45.59579],[-118.02364,45.59632],[-118.02326,45.59632],[-118.02326,45.59659],[-118.02171,45.59659],[-118.02171,45.59632],[-118.02094,45.59605],[-118.02094,45.59579],[-118.02017,45.59579],[-118.02017,45.59552],[-118.01825,45.59552],[-118.01825,45.59579],[-118.01709,45.59579],[-118.01709,45.59605],[-118.01632,45.59605],[-118.01632,45.59632],[-118.01401,45.59632],[-118.01401,45.59659],[-118.01363,45.59659],[-118.01363,45.59686],[-118.01247,45.59686],[-118.01247,45.59659],[-118.01209,45.59659],[-118.01209,45.59605],[-118.01247,45.59605],[-118.01247,45.59552],[-118.01209,45.59552],[-118.01209,45.59525],[-118.0117,45.59525],[-118.0117,45.59498],[-118.01132,45.59498],[-118.01132,45.59471],[-118.01093,45.59471],[-118.01093,45.59417],[-118.01016,45.59417],[-118.01016,45.5939],[-118.00978,45.5939],[-118.00978,45.59336],[-118.00939,45.59336],[-118.00939,45.59309],[-118.00824,45.59309],[-118.00824,45.59282],[-118.00785,45.59282],[-118.00785,45.59255],[-118.00747,45.59255],[-118.00747,45.59228],[-118.00708,45.59228],[-118.00708,45.59201],[-118.00554,45.59174],[-118.00554,45.59147],[-118.00516,45.59147],[-118.00516,45.59093],[-118.00439,45.59093],[-118.00439,45.59066],[-118.004,45.59066],[-118.004,45.5904],[-118.00323,45.5904],[-118.00323,45.58986],[-118.00246,45.58959],[-118.00246,45.58851],[-118.00169,45.58851],[-118.00169,45.5877],[-118.00208,45.5877],[-118.00208,45.58743],[-118.00285,45.58743],[-118.00285,45.58716],[-118.00554,45.58716],[-118.00554,45.58689],[-118.00593,45.58689],[-118.00593,45.58635],[-118.00554,45.58635],[-118.00554,45.58608],[-118.00246,45.58608],[-118.00246,45.58581],[-118.00208,45.58581],[-118.00208,45.58554],[-118.00285,45.58528],[-118.00285,45.58501],[-118.004,45.58501],[-118.004,45.58474],[-118.00554,45.58474],[-118.00554,45.58393],[-118.00516,45.58393],[-118.00516,45.58339],[-118.00554,45.58339],[-118.00554,45.58312],[-118.00631,45.58312],[-118.00631,45.58339],[-118.00708,45.58339],[-118.00708,45.58366],[-118.00785,45.58366],[-118.00785,45.58393],[-118.00862,45.58393],[-118.00862,45.58339],[-118.00824,45.58339],[-118.00824,45.58285],[-118.00785,45.58285],[-118.00785,45.58231],[-118.00747,45.58231],[-118.00747,45.58177],[-118.0067,45.58177],[-118.0067,45.5815],[-118.00593,45.5815],[-118.00593,45.58123],[-118.00554,45.58123],[-118.00554,45.5815],[-118.00477,45.5815],[-118.00477,45.58123],[-118.00439,45.58123],[-118.00439,45.58042],[-118.004,45.58042],[-118.004,45.58015],[-118.00323,45.58015],[-118.00323,45.58096],[-118.00362,45.58096],[-118.00362,45.5815],[-118.00439,45.5815],[-118.00439,45.58231],[-118.00362,45.58231],[-118.00362,45.58258],[-118.00323,45.58258],[-118.00323,45.58231],[-118.00285,45.58231],[-118.00285,45.58177],[-118.00323,45.58177],[-118.00323,45.5815],[-118.00246,45.5815],[-118.00246,45.58204],[-118.00131,45.58204],[-118.00131,45.58177],[-118.00054,45.5815],[-118.00054,45.58096],[-118.00092,45.58096],[-118.00092,45.58069],[-118.00054,45.58069],[-118.00054,45.57989],[-118.00015,45.57989],[-118.00015,45.57881],[-117.99977,45.57881],[-117.99977,45.57854],[-117.999,45.57827],[-117.999,45.578],[-117.99861,45.578],[-117.99861,45.57719],[-117.99784,45.57719],[-117.99784,45.57611],[-117.99707,45.57611],[-117.99707,45.57692],[-117.99746,45.57692],[-117.99746,45.57719],[-117.99707,45.57719],[-117.99707,45.57746],[-117.99592,45.57746],[-117.99592,45.57719],[-117.99553,45.57719],[-117.99553,45.57665],[-117.99515,45.57665],[-117.99515,45.57611],[-117.99476,45.57611],[-117.99476,45.5753],[-117.99438,45.5753],[-117.99438,45.57503],[-117.99399,45.57503],[-117.99399,45.57476],[-117.99361,45.57476],[-117.99361,45.5745],[-117.99322,45.5745],[-117.99322,45.57423],[-117.99284,45.57423],[-117.99284,45.57396],[-117.99245,45.57396],[-117.99245,45.57315],[-117.99168,45.57288],[-117.99168,45.57072],[-117.9913,45.57072],[-117.9913,45.57045],[-117.99168,45.57045],[-117.99168,45.57018],[-117.99284,45.57018],[-117.99284,45.57045],[-117.99245,45.57045],[-117.99245,45.57153],[-117.99322,45.57153],[-117.99322,45.57126],[-117.99361,45.57126],[-117.99361,45.57153],[-117.99438,45.57153],[-117.99438,45.5718],[-117.99476,45.5718],[-117.99476,45.57207],[-117.99553,45.57207],[-117.99553,45.57261],[-117.99592,45.57261],[-117.99592,45.57288],[-117.99707,45.57288],[-117.99707,45.57315],[-117.99746,45.57315],[-117.99746,45.57288],[-117.99823,45.57288],[-117.99823,45.57261],[-117.99861,45.57261],[-117.99861,45.57234],[-118.00015,45.57234],[-118.00015,45.57261],[-118.00246,45.57261],[-118.00246,45.57288],[-118.00323,45.57288],[-118.00323,45.57315],[-118.00593,45.57315],[-118.00593,45.57288],[-118.00631,45.57288],[-118.00631,45.57396],[-118.0067,45.57396],[-118.0067,45.57369],[-118.00747,45.57369],[-118.00747,45.57342],[-118.00785,45.57342],[-118.00785,45.57288],[-118.00824,45.57288],[-118.00824,45.57261],[-118.00901,45.57261],[-118.00901,45.57288],[-118.00939,45.57288],[-118.00939,45.57315],[-118.01016,45.57315],[-118.01016,45.57288],[-118.0117,45.57288],[-118.0117,45.57315],[-118.01247,45.57315],[-118.01247,45.57288],[-118.01363,45.57288],[-118.01363,45.57315],[-118.0144,45.57315],[-118.0144,45.57342],[-118.01478,45.57342],[-118.01478,45.57369],[-118.01555,45.57369],[-118.01555,45.57396],[-118.01632,45.57423],[-118.01632,45.5745],[-118.01709,45.5745],[-118.01709,45.57476],[-118.01748,45.57476],[-118.01748,45.57503],[-118.01863,45.57503],[-118.01863,45.57369],[-118.01786,45.57369],[-118.01786,45.57342],[-118.01748,45.57342],[-118.01748,45.57315],[-118.01709,45.57315],[-118.01709,45.57288],[-118.01671,45.57288],[-118.01671,45.57261],[-118.01555,45.57261],[-118.01555,45.57207],[-118.01401,45.5718],[-118.01401,45.57126],[-118.0144,45.57126],[-118.0144,45.57099],[-118.01632,45.57099],[-118.01632,45.57153],[-118.01748,45.57153],[-118.01748,45.5718],[-118.01825,45.57207],[-118.01825,45.57234],[-118.01902,45.57234],[-118.01902,45.57261],[-118.0194,45.57261],[-118.0194,45.57288],[-118.01979,45.57288],[-118.01979,45.57396],[-118.02094,45.57396],[-118.02094,45.57369],[-118.02171,45.57369],[-118.02171,45.57396],[-118.02287,45.57396],[-118.02287,45.57369],[-118.02364,45.57369],[-118.02364,45.5745],[-118.02441,45.5745],[-118.02441,45.57423],[-118.0248,45.57423],[-118.0248,45.57476],[-118.02441,45.57476],[-118.02441,45.57557],[-118.02403,45.57557],[-118.02403,45.57665],[-118.02557,45.57638],[-118.02557,45.57665],[-118.02595,45.57665],[-118.02595,45.57692],[-118.02711,45.57692],[-118.02711,45.578],[-118.02788,45.578],[-118.02788,45.57827],[-118.02826,45.57827],[-118.02826,45.57935],[-118.02865,45.57935],[-118.02865,45.57962],[-118.02942,45.57962],[-118.02942,45.57854],[-118.02865,45.57827],[-118.02865,45.57746],[-118.02903,45.57746],[-118.02903,45.57719],[-118.03057,45.57719],[-118.03057,45.57746],[-118.03096,45.57746],[-118.03096,45.578],[-118.03211,45.578],[-118.03211,45.57773],[-118.0325,45.57773],[-118.0325,45.57746],[-118.03365,45.57746],[-118.03365,45.578],[-118.03404,45.578],[-118.03404,45.57989],[-118.03442,45.57989],[-118.03442,45.58258],[-118.03404,45.58258],[-118.03404,45.58339],[-118.03288,45.58339],[-118.03288,45.58312],[-118.03096,45.58312],[-118.03096,45.58339],[-118.02865,45.58339],[-118.02865,45.58312],[-118.02788,45.58285],[-118.02788,45.58258],[-118.02672,45.58258],[-118.02672,45.58285],[-118.02634,45.58285],[-118.02634,45.58258],[-118.02595,45.58258],[-118.02595,45.58177],[-118.02518,45.5815],[-118.02518,45.58204],[-118.02557,45.58204],[-118.02557,45.58312],[-118.02595,45.58312],[-118.02595,45.5842],[-118.02634,45.5842],[-118.02634,45.58474],[-118.02672,45.58474],[-118.02672,45.58581],[-118.02749,45.58581],[-118.02749,45.58689],[-118.02672,45.58716],[-118.02672,45.5877],[-118.02749,45.5877],[-118.02749,45.58797],[-118.03019,45.58797],[-118.03019,45.58824],[-118.03057,45.58824],[-118.03057,45.58878],[-118.03096,45.58878],[-118.03096,45.58905],[-118.0325,45.58932],[-118.0325,45.58959],[-118.03327,45.58986],[-118.03327,45.59013],[-118.03404,45.59013],[-118.03404,45.5904],[-118.03481,45.59066],[-118.03481,45.59093],[-118.03558,45.59093],[-118.03558,45.5912],[-118.03596,45.5912],[-118.03596,45.59147],[-118.03635,45.59147],[-118.03635,45.59174],[-118.03712,45.59174],[-118.03712,45.59201],[-118.0375,45.59201],[-118.0375,45.59228],[-118.03789,45.59228],[-118.03789,45.59255],[-118.03827,45.59255],[-118.03827,45.59309],[-118.03866,45.59309],[-118.03866,45.59363],[-118.03904,45.59363],[-118.03904,45.5939],[-118.03943,45.5939],[-118.03943,45.59417],[-118.03981,45.59417],[-118.03981,45.59498],[-118.04097,45.59498],[-118.04097,45.59525],[-118.04135,45.59525],[-118.04135,45.59552],[-118.04212,45.59552],[-118.04212,45.59579],[-118.04251,45.59579],[-118.04251,45.59605],[-118.04328,45.59605],[-118.04328,45.59632],[-118.04366,45.59632],[-118.04366,45.59659],[-118.04328,45.59659],[-118.04328,45.59713],[-118.04289,45.59713],[-118.04289,45.5974],[-118.04174,45.5974],[-118.04174,45.59794],[-118.04097,45.59821],[-118.04097,45.59875]],[[-118.00516,45.57396],[-118.00516,45.5745],[-118.00593,45.57423],[-118.00593,45.57476],[-118.00631,45.57476],[-118.00631,45.57396],[-118.00516,45.57396]],[[-118.04174,45.59713],[-118.04135,45.59713],[-118.04135,45.5974],[-118.04174,45.5974],[-118.04174,45.59713]],[[-118.03519,45.59983],[-118.03635,45.59983],[-118.03635,45.59929],[-118.03558,45.59929],[-118.03558,45.59956],[-118.03519,45.59956],[-118.03519,45.59983]],[[-118.01555,45.59336],[-118.0144,45.59336],[-118.0144,45.5939],[-118.01555,45.5939],[-118.01555,45.59336]],[[-118.01786,45.59309],[-118.01709,45.59309],[-118.01709,45.59363],[-118.01786,45.59363],[-118.01786,45.59309]],[[-118.01478,45.59201],[-118.01517,45.59201],[-118.01517,45.59228],[-118.01632,45.59228],[-118.01632,45.59147],[-118.01478,45.5912],[-118.01478,45.59201]],[[-118.004,45.58824],[-118.00323,45.58824],[-118.00323,45.58851],[-118.00285,45.58851],[-118.00285,45.58878],[-118.00439,45.58851],[-118.00439,45.58797],[-118.004,45.58797],[-118.004,45.58824]],[[-118.00477,45.58851],[-118.00554,45.58851],[-118.00554,45.58824],[-118.00593,45.58824],[-118.00593,45.58797],[-118.00477,45.58797],[-118.00477,45.58851]],[[-118.00978,45.58716],[-118.01016,45.58716],[-118.01016,45.58797],[-118.01093,45.58797],[-118.01093,45.58716],[-118.01055,45.58716],[-118.01055,45.58662],[-118.00978,45.58662],[-118.00978,45.58716]],[[-118.01093,45.58501],[-118.01016,45.58501],[-118.01016,45.58554],[-118.01055,45.58554],[-118.01055,45.58608],[-118.01093,45.58608],[-118.01093,45.58635],[-118.0117,45.58635],[-118.0117,45.58608],[-118.01132,45.58608],[-118.01132,45.58554],[-118.01093,45.58554],[-118.01093,45.58501]],[[-118.02403,45.58581],[-118.02364,45.58581],[-118.02364,45.58608],[-118.02403,45.58608],[-118.02403,45.58581]],[[-118.0221,45.58554],[-118.02171,45.58554],[-118.02171,45.58581],[-118.0221,45.58581],[-118.0221,45.58554]],[[-118.01786,45.58554],[-118.01748,45.58554],[-118.01748,45.58581],[-118.01786,45.58581],[-118.01786,45.58554]],[[-118.01709,45.58528],[-118.01671,45.58528],[-118.01671,45.58554],[-118.01709,45.58554],[-118.01709,45.58528]],[[-118.01748,45.58474],[-118.01709,45.58474],[-118.01709,45.58501],[-118.01748,45.58501],[-118.01748,45.58474]],[[-118.02403,45.58285],[-118.02364,45.58285],[-118.02364,45.58312],[-118.02403,45.58312],[-118.02403,45.58285]],[[-118.01401,45.58285],[-118.01363,45.58285],[-118.01363,45.58312],[-118.01401,45.58312],[-118.01401,45.58285]],[[-118.02441,45.58231],[-118.02403,45.58231],[-118.02403,45.58258],[-118.02441,45.58258],[-118.02441,45.58231]],[[-118.01363,45.58177],[-118.01324,45.58177],[-118.01324,45.58258],[-118.01363,45.58258],[-118.01363,45.58177]],[[-118.02826,45.5815],[-118.02788,45.5815],[-118.02788,45.58204],[-118.02826,45.58204],[-118.02826,45.5815]],[[-118.03211,45.57854],[-118.03173,45.57854],[-118.03173,45.57881],[-118.03134,45.57881],[-118.03134,45.57935],[-118.03096,45.57935],[-118.03096,45.58123],[-118.03134,45.58123],[-118.03134,45.58177],[-118.03288,45.58177],[-118.03288,45.57908],[-118.0325,45.57908],[-118.0325,45.57881],[-118.03211,45.57881],[-118.03211,45.57854]],[[-118.02326,45.58123],[-118.02287,45.58123],[-118.02287,45.5815],[-118.02326,45.5815],[-118.02326,45.58123]],[[-118.01478,45.58096],[-118.0144,45.58096],[-118.0144,45.58123],[-118.01478,45.58123],[-118.01478,45.58096]],[[-118.02711,45.58069],[-118.02672,45.58069],[-118.02672,45.58096],[-118.02711,45.58096],[-118.02711,45.58069]],[[-118.02557,45.57908],[-118.02403,45.57908],[-118.02403,45.57854],[-118.02326,45.57854],[-118.02326,45.57935],[-118.02441,45.57935],[-118.02441,45.57962],[-118.0248,45.57962],[-118.0248,45.57989],[-118.02518,45.57989],[-118.02518,45.58015],[-118.02595,45.58015],[-118.02595,45.58042],[-118.02634,45.58042],[-118.02634,45.57962],[-118.02595,45.57962],[-118.02595,45.57935],[-118.02557,45.57935],[-118.02557,45.57908]],[[-118.00785,45.57881],[-118.00747,45.57881],[-118.00747,45.57854],[-118.00708,45.57854],[-118.00708,45.57827],[-118.0067,45.57827],[-118.0067,45.578],[-118.00631,45.578],[-118.00631,45.57773],[-118.00593,45.57773],[-118.00593,45.57746],[-118.00554,45.57746],[-118.00554,45.578],[-118.00593,45.578],[-118.00593,45.57881],[-118.00631,45.57881],[-118.00631,45.57935],[-118.0067,45.57935],[-118.0067,45.57989],[-118.00708,45.57989],[-118.00708,45.58042],[-118.00785,45.58042],[-118.00785,45.57989],[-118.00824,45.57989],[-118.00824,45.57962],[-118.00785,45.57962],[-118.00785,45.57881]],[[-118.01401,45.57881],[-118.01363,45.57881],[-118.01363,45.57935],[-118.01401,45.57935],[-118.01401,45.57881]],[[-118.02056,45.57854],[-118.02017,45.57854],[-118.02017,45.57881],[-118.02056,45.57881],[-118.02056,45.57854]],[[-118.0194,45.57827],[-118.01902,45.57827],[-118.01902,45.57854],[-118.0194,45.57854],[-118.0194,45.57827]],[[-118.0144,45.57827],[-118.01401,45.57827],[-118.01401,45.57854],[-118.0144,45.57854],[-118.0144,45.57827]],[[-118.01825,45.57773],[-118.01786,45.57773],[-118.01786,45.578],[-118.01825,45.578],[-118.01825,45.57773]],[[-118.01709,45.57746],[-118.01671,45.57746],[-118.01671,45.57773],[-118.01709,45.57773],[-118.01709,45.57746]],[[-118.0221,45.57746],[-118.02249,45.57746],[-118.02249,45.57665],[-118.02133,45.57665],[-118.02133,45.57719],[-118.0221,45.57719],[-118.0221,45.57746]],[[-117.99861,45.57342],[-117.99938,45.57342],[-117.99938,45.57315],[-117.99977,45.57315],[-117.99977,45.57288],[-117.99861,45.57288],[-117.99861,45.57342]]],[[[-118.03673,45.58905],[-118.03673,45.58878],[-118.03635,45.58878],[-118.03635,45.58851],[-118.03712,45.58824],[-118.03712,45.58716],[-118.0375,45.58716],[-118.0375,45.58689],[-118.03827,45.58689],[-118.03827,45.58716],[-118.03866,45.58716],[-118.03866,45.58743],[-118.03904,45.58743],[-118.03904,45.5877],[-118.03943,45.5877],[-118.03943,45.58797],[-118.03904,45.58797],[-118.03904,45.58959],[-118.03789,45.58959],[-118.03789,45.58932],[-118.03712,45.58932],[-118.03712,45.58905],[-118.03673,45.58905]]],[[[-118.03827,45.59066],[-118.03866,45.59066],[-118.03866,45.5904],[-118.03904,45.5904],[-118.03904,45.59013],[-118.03981,45.59013],[-118.03981,45.5904],[-118.0402,45.5904],[-118.0402,45.59093],[-118.04058,45.59093],[-118.04058,45.59147],[-118.0402,45.59147],[-118.0402,45.5912],[-118.03827,45.5912],[-118.03827,45.59066]]],[[[-118.04405,45.59444],[-118.04405,45.59417],[-118.04328,45.5939],[-118.04328,45.59336],[-118.04289,45.59336],[-118.04289,45.59309],[-118.04328,45.59309],[-118.04328,45.59282],[-118.04405,45.59282],[-118.04405,45.59309],[-118.04443,45.59309],[-118.04443,45.59363],[-118.04482,45.59363],[-118.04482,45.59417],[-118.0452,45.59417],[-118.0452,45.59444],[-118.04597,45.59444],[-118.04597,45.59471],[-118.0452,45.59498],[-118.0452,45.59471],[-118.04443,45.59471],[-118.04443,45.59444],[-118.04405,45.59444]]],[[[-118.04328,45.59902],[-118.04328,45.59875],[-118.04366,45.59875],[-118.04366,45.5974],[-118.04443,45.59713],[-118.04443,45.59794],[-118.04482,45.59794],[-118.04482,45.59929],[-118.04328,45.59983],[-118.04328,45.59956],[-118.04289,45.59956],[-118.04289,45.59902],[-118.04328,45.59902]]],[[[-118.04328,45.60171],[-118.04289,45.60171],[-118.04289,45.60144],[-118.04328,45.60144],[-118.04328,45.60171]]],[[[-118.00208,45.5683],[-118.00208,45.56857],[-118.00092,45.56857],[-118.00092,45.56803],[-118.00131,45.56803],[-118.00131,45.5683],[-118.00208,45.5683]]],[[[-118.00439,45.56884],[-118.00439,45.56857],[-118.00323,45.56857],[-118.00323,45.56803],[-118.004,45.56803],[-118.004,45.5683],[-118.00708,45.5683],[-118.00708,45.56803],[-118.00747,45.56803],[-118.00747,45.56857],[-118.00708,45.56857],[-118.00708,45.56884],[-118.0067,45.56884],[-118.0067,45.56857],[-118.00477,45.56857],[-118.00477,45.56884],[-118.00439,45.56884]]],[[[-118.01132,45.56884],[-118.01286,45.56884],[-118.01286,45.56911],[-118.01363,45.56911],[-118.01363,45.56964],[-118.01324,45.56964],[-118.01324,45.56937],[-118.01132,45.56937],[-118.01132,45.56884]]],[[[-117.99476,45.57018],[-117.99476,45.56964],[-117.99399,45.56964],[-117.99399,45.56911],[-117.99438,45.56911],[-117.99438,45.56884],[-117.99553,45.56884],[-117.99553,45.56937],[-117.99515,45.56937],[-117.99515,45.56991],[-117.99592,45.56991],[-117.99592,45.57072],[-117.99553,45.57072],[-117.99553,45.57045],[-117.99515,45.57045],[-117.99515,45.57018],[-117.99476,45.57018]]],[[[-118.00092,45.56964],[-118.00092,45.57072],[-118.00054,45.57072],[-118.00054,45.57099],[-117.99938,45.57099],[-117.99938,45.56991],[-117.99977,45.56991],[-117.99977,45.56964],[-118.00092,45.56964]]],[[[-118.0067,45.57126],[-118.00554,45.57126],[-118.00554,45.57153],[-118.00439,45.57153],[-118.00439,45.5718],[-118.004,45.5718],[-118.004,45.57153],[-118.00362,45.57153],[-118.00362,45.57126],[-118.00285,45.57126],[-118.00285,45.57099],[-118.00208,45.57099],[-118.00208,45.57072],[-118.00169,45.57072],[-118.00169,45.57018],[-118.00131,45.57018],[-118.00131,45.56964],[-118.00169,45.56964],[-118.00169,45.56937],[-118.00362,45.56937],[-118.00362,45.56964],[-118.004,45.56964],[-118.004,45.57018],[-118.00477,45.57018],[-118.00477,45.56964],[-118.00593,45.56964],[-118.00593,45.56991],[-118.0067,45.56991],[-118.0067,45.57018],[-118.00708,45.57018],[-118.00708,45.57099],[-118.00747,45.57099],[-118.00747,45.56991],[-118.00785,45.56991],[-118.00785,45.56964],[-118.00901,45.56964],[-118.00901,45.57018],[-118.00939,45.57018],[-118.00939,45.57099],[-118.00901,45.57099],[-118.00901,45.57126],[-118.00824,45.57126],[-118.00824,45.5718],[-118.00747,45.5718],[-118.00747,45.57207],[-118.00708,45.57207],[-118.00708,45.57234],[-118.00631,45.57234],[-118.00631,45.57207],[-118.0067,45.57207],[-118.0067,45.57126]]],[[[-117.99284,45.57126],[-117.99284,45.57072],[-117.99322,45.57072],[-117.99322,45.57126],[-117.99284,45.57126]]],[[[-117.99245,45.57935],[-117.99245,45.57908],[-117.99284,45.57908],[-117.99284,45.57935],[-117.99245,45.57935]]],[[[-117.99245,45.57935],[-117.99245,45.57962],[-117.99091,45.57989],[-117.99091,45.57962],[-117.9913,45.57962],[-117.9913,45.57935],[-117.99245,45.57935]]],[[[-117.99284,45.58366],[-117.99284,45.58339],[-117.99245,45.58339],[-117.99245,45.58312],[-117.99207,45.58312],[-117.99207,45.58258],[-117.99245,45.58258],[-117.99245,45.58231],[-117.99399,45.58258],[-117.99399,45.58312],[-117.99438,45.58312],[-117.99438,45.58366],[-117.99476,45.58366],[-117.99476,45.58393],[-117.99438,45.58393],[-117.99438,45.5842],[-117.99361,45.5842],[-117.99361,45.58393],[-117.99284,45.58366]]],[[[-117.99938,45.58689],[-117.99938,45.58662],[-118.00131,45.58662],[-118.00131,45.58743],[-118.00092,45.58743],[-118.00092,45.5877],[-117.99977,45.5877],[-117.99977,45.58743],[-117.999,45.58743],[-117.999,45.58689],[-117.99938,45.58689]]],[[[-118.01517,45.59767],[-118.01517,45.5974],[-118.01555,45.5974],[-118.01555,45.59713],[-118.01632,45.59713],[-118.01632,45.59794],[-118.01671,45.59794],[-118.01671,45.59848],[-118.01632,45.59848],[-118.01632,45.59902],[-118.01555,45.59902],[-118.01555,45.59848],[-118.01478,45.59848],[-118.01478,45.59767],[-118.01517,45.59767]]]]},"properties":{"layer":"predicted_reach_h04","fire_name":"Middle_Ridge","irwin_id":"{2088689D-42B8-4A31-85B6-2CADB59BA127}","model":"arrival_run","checkpoint_epoch":216,"decode":"connected_causal","operating_point":{"floor":0.0,"mult":0.9},"val_precision":null,"val_recall":null,"model_caveat":"arrival_run chosen for best RECALL among the six FlameFlux v3 candidates on the production-valid t0-window corpus (R=0.624 on the fc2 held-out fires, R=0.432 on Dillon -- see candidate_comparison.md from the 2026-07-24 comparison). It does NOT meet the project's P>=0.50/R>=0.80 target: precision is the WORST of the six (P=0.120 on fc2 -- most flagged growth is wrong), and wind_run actually edges it on F1. IMPORTANT CAVEAT: arrival_run trained on the leaky 'observed' corpus (crop centered/sized on t0|t1, i.e. it saw the future perimeter's geometry during training) and has NEVER seen a t0-window crop -- the ONLY geometry this live pipeline can ever produce at forecast time (the future perimeter is, by definition, unknown). So every live prediction from this model is out-of-distribution relative to its own training. The measured t0-window numbers above already reflect that (they are not a surprise), but this is 'best available', not 'production-ready' -- represent it that way. The operating_point (floor=0.0, mult=0.9) is the VAL-selected connected-causal decode point; it did NOT clear the 0.50 precision floor during selection (feasible=False, val P=0.270/R=0.259) -- it's the best-F1 fallback point, not a precision-guaranteed one.","issued_at_utc":"2026-08-23 20:05:07.672141+00:00","valid_from_utc":"2026-08-23 00:00:00","valid_to_utc":"2026-08-24 00:00:00","wfigs_date_current_utc":"2026-08-23 16:41:28.079000+00:00","pixel_size_m":30,"veg_source":"refreshed_d4","physics_source":"eikonal_fbfm40","history_n_dates":1,"degraded_history":true,"containment_pct":0.0,"acres_wfigs":138.34560634370422,"hour":4,"valid_at_utc":"2026-08-23 04:00:00"}},{"type":"Feature","geometry":{"type":"MultiPolygon","coordinates":[[[[-118.02826,45.57423],[-118.02826,45.57396],[-118.02865,45.57396],[-118.02865,45.57503],[-118.02826,45.57503],[-118.02826,45.5753],[-118.02749,45.5753],[-118.02749,45.5745],[-118.02826,45.57423]]],[[[-118.03596,45.57692],[-118.03596,45.57665],[-118.03635,45.57665],[-118.03635,45.57692],[-118.03596,45.57692]]],[[[-118.03789,45.57719],[-118.03789,45.57692],[-118.03904,45.57692],[-118.03904,45.578],[-118.03789,45.578],[-118.03789,45.57773],[-118.0375,45.57773],[-118.0375,45.57719],[-118.03789,45.57719]]],[[[-118.04289,45.57962],[-118.04289,45.58015],[-118.04212,45.58015],[-118.04212,45.57989],[-118.04251,45.57989],[-118.04251,45.57962],[-118.04289,45.57962]]],[[[-118.04097,45.58096],[-118.04097,45.58069],[-118.04174,45.58069],[-118.04174,45.58096],[-118.04097,45.58096]]],[[[-118.03558,45.5877],[-118.03558,45.58743],[-118.03596,45.58743],[-118.03596,45.5877],[-118.03558,45.5877]]],[[[-118.03558,45.5877],[-118.03558,45.58797],[-118.03519,45.58797],[-118.03519,45.58824],[-118.03442,45.58824],[-118.03442,45.58797],[-118.03481,45.58797],[-118.03481,45.5877],[-118.03558,45.5877]]],[[[-118.03789,45.5912],[-118.03789,45.59093],[-118.03827,45.59093],[-118.03827,45.5904],[-118.03866,45.5904],[-118.03866,45.59013],[-118.03827,45.59013],[-118.03827,45.58986],[-118.03789,45.58986],[-118.03789,45.58959],[-118.03635,45.58932],[-118.03635,45.58824],[-118.03712,45.58797],[-118.03712,45.58689],[-118.03827,45.58689],[-118.03827,45.58716],[-118.03866,45.58716],[-118.03866,45.58743],[-118.03904,45.58743],[-118.03904,45.5877],[-118.03943,45.5877],[-118.03943,45.58932],[-118.03981,45.58932],[-118.03981,45.58959],[-118.0402,45.58959],[-118.0402,45.58986],[-118.04058,45.58986],[-118.04058,45.5904],[-118.04135,45.5904],[-118.04135,45.59066],[-118.04174,45.59066],[-118.04174,45.59174],[-118.03981,45.59174],[-118.03981,45.59147],[-118.03827,45.59147],[-118.03827,45.5912],[-118.03789,45.5912]]],[[[-118.04366,45.59444],[-118.04366,45.59417],[-118.04289,45.59417],[-118.04289,45.5939],[-118.04251,45.5939],[-118.04251,45.59255],[-118.04328,45.59255],[-118.04328,45.59282],[-118.04443,45.59282],[-118.04443,45.59309],[-118.04482,45.59309],[-118.04482,45.5939],[-118.0452,45.5939],[-118.0452,45.59417],[-118.04559,45.59417],[-118.04559,45.59444],[-118.04636,45.59444],[-118.04636,45.59471],[-118.04674,45.59471],[-118.04674,45.59498],[-118.04482,45.59498],[-118.04482,45.59471],[-118.04405,45.59471],[-118.04405,45.59444],[-118.04366,45.59444]]],[[[-118.04944,45.59821],[-118.04944,45.59848],[-118.04905,45.59848],[-118.04905,45.59794],[-118.04982,45.59794],[-118.04982,45.59821],[-118.04944,45.59821]]],[[[-118.04289,45.59902],[-118.04289,45.59875],[-118.04366,45.59848],[-118.04366,45.59713],[-118.04482,45.59713],[-118.04482,45.5974],[-118.04443,45.5974],[-118.04443,45.59794],[-118.04482,45.59794],[-118.04482,45.59929],[-118.04443,45.59929],[-118.04443,45.59956],[-118.04366,45.59956],[-118.04366,45.59983],[-118.04289,45.59983],[-118.04289,45.59956],[-118.04251,45.59956],[-118.04251,45.59902],[-118.04289,45.59902]]],[[[-118.05021,45.60037],[-118.05021,45.6001],[-118.05059,45.6001],[-118.05059,45.60037],[-118.05021,45.60037]]],[[[-118.05175,45.60118],[-118.05175,45.60091],[-118.0529,45.60091],[-118.0529,45.60171],[-118.05329,45.60171],[-118.05329,45.60198],[-118.05252,45.60198],[-118.05252,45.60144],[-118.05175,45.60118]]],[[[-118.04212,45.60144],[-118.04212,45.60118],[-118.04328,45.60118],[-118.04328,45.60144],[-118.04366,45.60144],[-118.04366,45.60198],[-118.04289,45.60198],[-118.04289,45.60171],[-118.04212,45.60144]]],[[[-118.0375,45.60252],[-118.0375,45.60279],[-118.03673,45.60306],[-118.03673,45.6036],[-118.03635,45.6036],[-118.03635,45.60387],[-118.03596,45.60387],[-118.03596,45.60333],[-118.03558,45.60333],[-118.03558,45.60252],[-118.0375,45.60252]]],[[[-118.0402,45.60387],[-118.0402,45.6036],[-118.04097,45.6036],[-118.04097,45.60387],[-118.0402,45.60387]]],[[[-118.00554,45.56749],[-118.00554,45.56668],[-118.00631,45.56668],[-118.00631,45.56749],[-118.00554,45.56749]]],[[[-118.004,45.56884],[-118.004,45.56857],[-118.00208,45.56857],[-118.00208,45.56884],[-118.00169,45.56884],[-118.00169,45.56857],[-118.00054,45.56857],[-118.00054,45.56803],[-118.00169,45.56803],[-118.00169,45.5683],[-118.00285,45.5683],[-118.00285,45.56803],[-118.00747,45.56803],[-118.00747,45.5683],[-118.00785,45.5683],[-118.00785,45.56857],[-118.00747,45.56857],[-118.00747,45.56884],[-118.00631,45.56884],[-118.00631,45.56857],[-118.004,45.56884]]],[[[-118.01555,45.56911],[-118.01555,45.56884],[-118.01632,45.56884],[-118.01632,45.56911],[-118.01555,45.56911]]],[[[-118.01825,45.56911],[-118.01825,45.56857],[-118.01863,45.56857],[-118.01863,45.56884],[-118.0194,45.56857],[-118.0194,45.56884],[-118.01979,45.56884],[-118.01979,45.56964],[-118.01902,45.56964],[-118.01902,45.56937],[-118.01825,45.56911]]],[[[-118.01093,45.56911],[-118.01093,45.56884],[-118.01286,45.56884],[-118.01286,45.56911],[-118.01363,45.56911],[-118.01363,45.56937],[-118.01401,45.56937],[-118.01401,45.56964],[-118.0117,45.56964],[-118.0117,45.56937],[-118.01093,45.56911]]],[[[-117.99438,45.56991],[-117.99438,45.56964],[-117.99399,45.56964],[-117.99399,45.56884],[-117.99592,45.56884],[-117.99592,45.56937],[-117.99669,45.56937],[-117.99669,45.56964],[-117.99707,45.56964],[-117.99707,45.57018],[-117.9963,45.57018],[-117.9963,45.57072],[-117.99515,45.57072],[-117.99515,45.57045],[-117.99476,45.57045],[-117.99476,45.56991],[-117.99438,45.56991]],[[-117.9963,45.56964],[-117.99592,45.56964],[-117.99592,45.56991],[-117.9963,45.56991],[-117.9963,45.56964]]],[[[-118.00516,45.57153],[-118.00516,45.5718],[-118.00362,45.5718],[-118.00362,45.57153],[-118.00323,45.57153],[-118.00323,45.57126],[-118.00246,45.57126],[-118.00246,45.57099],[-118.00169,45.57072],[-118.00169,45.57045],[-118.00092,45.57045],[-118.00092,45.57072],[-118.00054,45.57072],[-118.00054,45.57099],[-117.99938,45.57099],[-117.99938,45.57072],[-117.999,45.57072],[-117.999,45.56991],[-117.99977,45.56991],[-117.99977,45.56964],[-118.00092,45.56964],[-118.00092,45.56991],[-118.00131,45.56991],[-118.00131,45.56937],[-118.004,45.56937],[-118.004,45.56991],[-118.00477,45.56991],[-118.00477,45.56964],[-118.00516,45.56964],[-118.00516,45.56937],[-118.00593,45.56937],[-118.00593,45.56964],[-118.00631,45.56964],[-118.00631,45.56991],[-118.00708,45.56991],[-118.00708,45.57018],[-118.00747,45.57018],[-118.00747,45.56964],[-118.00785,45.56964],[-118.00785,45.56937],[-118.00862,45.56937],[-118.00862,45.56964],[-118.00939,45.56991],[-118.00939,45.57045],[-118.00978,45.57045],[-118.00978,45.57099],[-118.00901,45.57099],[-118.00901,45.57126],[-118.00862,45.57126],[-118.00862,45.57153],[-118.00824,45.57153],[-118.00824,45.5718],[-118.00785,45.5718],[-118.00785,45.57207],[-118.00708,45.57207],[-118.00708,45.57234],[-118.0067,45.57234],[-118.0067,45.57261],[-118.00631,45.57261],[-118.00631,45.5718],[-118.0067,45.5718],[-118.0067,45.57153],[-118.00516,45.57153]]],[[[-118.02711,45.57396],[-118.02711,45.57369],[-118.02749,45.57369],[-118.02749,45.57396],[-118.02711,45.57396]]],[[[-118.02557,45.57611],[-118.02557,45.57557],[-118.02595,45.57557],[-118.02595,45.57611],[-118.02557,45.57611]]],[[[-117.99091,45.57962],[-117.99091,45.57935],[-117.9913,45.57935],[-117.9913,45.57908],[-117.99284,45.57908],[-117.99284,45.57881],[-117.99322,45.57881],[-117.99322,45.57935],[-117.99284,45.57935],[-117.99284,45.57962],[-117.99207,45.57962],[-117.99207,45.57989],[-117.99168,45.57989],[-117.99168,45.58015],[-117.9913,45.58015],[-117.9913,45.57989],[-117.99053,45.57989],[-117.99053,45.57962],[-117.99091,45.57962]]],[[[-117.99245,45.58366],[-117.99245,45.58339],[-117.99207,45.58339],[-117.99207,45.58312],[-117.99168,45.58312],[-117.99168,45.58258],[-117.99207,45.58258],[-117.99207,45.58231],[-117.99245,45.58231],[-117.99245,45.58204],[-117.99284,45.58204],[-117.99284,45.58231],[-117.99361,45.58231],[-117.99361,45.58258],[-117.99438,45.58285],[-117.99438,45.58339],[-117.99476,45.58339],[-117.99476,45.5842],[-117.99361,45.5842],[-117.99361,45.58393],[-117.99284,45.58393],[-117.99284,45.58366],[-117.99245,45.58366]]],[[[-117.99515,45.5842],[-117.99515,45.58393],[-117.99592,45.58393],[-117.99592,45.5842],[-117.99515,45.5842]]],[[[-118.00015,45.58554],[-118.00015,45.58528],[-118.00054,45.58528],[-118.00054,45.58554],[-118.00015,45.58554]]],[[[-117.99438,45.57153],[-117.99438,45.5718],[-117.99515,45.5718],[-117.99515,45.57207],[-117.99553,45.57207],[-117.99553,45.57234],[-117.9963,45.57261],[-117.9963,45.57288],[-117.99784,45.57288],[-117.99784,45.57261],[-117.99861,45.57261],[-117.99861,45.57234],[-118.00054,45.57234],[-118.00054,45.57261],[-118.00285,45.57261],[-118.00285,45.57288],[-118.004,45.57288],[-118.004,45.57315],[-118.00554,45.57315],[-118.00554,45.57288],[-118.00631,45.57261],[-118.00631,45.57288],[-118.0067,45.57288],[-118.0067,45.57342],[-118.00747,45.57342],[-118.00747,45.57315],[-118.00824,45.57288],[-118.00824,45.57261],[-118.00939,45.57261],[-118.00939,45.57288],[-118.01055,45.57288],[-118.01055,45.57261],[-118.01093,45.57261],[-118.01093,45.57288],[-118.01363,45.57288],[-118.01363,45.57315],[-118.01517,45.57342],[-118.01517,45.57369],[-118.01594,45.57396],[-118.01594,45.57423],[-118.01709,45.57423],[-118.01709,45.5745],[-118.01748,45.5745],[-118.01748,45.57476],[-118.01825,45.57476],[-118.01825,45.5745],[-118.01786,45.5745],[-118.01786,45.57396],[-118.01709,45.57369],[-118.01709,45.57315],[-118.01671,45.57315],[-118.01671,45.57288],[-118.01594,45.57288],[-118.01594,45.57261],[-118.01517,45.57234],[-118.01517,45.57207],[-118.0144,45.57207],[-118.0144,45.5718],[-118.01401,45.5718],[-118.01401,45.57099],[-118.0144,45.57099],[-118.0144,45.57072],[-118.01555,45.57072],[-118.01555,45.57099],[-118.01594,45.57099],[-118.01594,45.57045],[-118.01671,45.57018],[-118.01671,45.57099],[-118.01709,45.57099],[-118.01709,45.57126],[-118.01748,45.57126],[-118.01748,45.57153],[-118.01786,45.57153],[-118.01786,45.5718],[-118.01825,45.5718],[-118.01825,45.57207],[-118.0194,45.57207],[-118.0194,45.57261],[-118.01979,45.57261],[-118.01979,45.57342],[-118.02017,45.57342],[-118.02017,45.57369],[-118.02094,45.57369],[-118.02094,45.57342],[-118.0221,45.57342],[-118.0221,45.57288],[-118.02171,45.57288],[-118.02171,45.57261],[-118.02094,45.57234],[-118.02094,45.57207],[-118.02056,45.57207],[-118.02056,45.57018],[-118.02094,45.57018],[-118.02094,45.57045],[-118.02133,45.57045],[-118.02133,45.57072],[-118.02171,45.57072],[-118.02171,45.57153],[-118.0221,45.57153],[-118.0221,45.5718],[-118.02287,45.57207],[-118.02287,45.57234],[-118.02326,45.57234],[-118.02326,45.57288],[-118.02403,45.57261],[-118.02403,45.57207],[-118.02326,45.5718],[-118.02326,45.57099],[-118.02364,45.57099],[-118.02364,45.57126],[-118.02441,45.57153],[-118.02441,45.5718],[-118.02518,45.5718],[-118.02518,45.57207],[-118.02557,45.57207],[-118.02557,45.57261],[-118.02634,45.57261],[-118.02634,45.57207],[-118.02711,45.57207],[-118.02711,45.57234],[-118.02672,45.57234],[-118.02672,45.57342],[-118.02595,45.57342],[-118.02595,45.57369],[-118.0248,45.57369],[-118.0248,45.57396],[-118.02518,45.57396],[-118.02518,45.57476],[-118.02441,45.57503],[-118.02441,45.57584],[-118.02403,45.57584],[-118.02403,45.57638],[-118.0248,45.57665],[-118.0248,45.57638],[-118.02518,45.57638],[-118.02518,45.57611],[-118.02557,45.57611],[-118.02557,45.57638],[-118.02595,45.57638],[-118.02595,45.57665],[-118.02711,45.57665],[-118.02711,45.57692],[-118.02749,45.57692],[-118.02749,45.578],[-118.02826,45.578],[-118.02826,45.57773],[-118.02903,45.57746],[-118.02903,45.57719],[-118.0298,45.57719],[-118.0298,45.57692],[-118.03019,45.57692],[-118.03019,45.57719],[-118.03096,45.57719],[-118.03096,45.57773],[-118.03211,45.57773],[-118.03211,45.57746],[-118.0325,45.57746],[-118.0325,45.57719],[-118.03365,45.57719],[-118.03365,45.57773],[-118.03404,45.57773],[-118.03404,45.57881],[-118.03442,45.57881],[-118.03442,45.58123],[-118.03481,45.58123],[-118.03481,45.58177],[-118.03442,45.58177],[-118.03442,45.58231],[-118.03481,45.58231],[-118.03481,45.58258],[-118.03442,45.58258],[-118.03442,45.58366],[-118.03327,45.58366],[-118.03327,45.58339],[-118.03134,45.58339],[-118.03134,45.58393],[-118.03019,45.58393],[-118.03019,45.58366],[-118.02865,45.58366],[-118.02865,45.58339],[-118.02826,45.58339],[-118.02826,45.58312],[-118.02788,45.58312],[-118.02788,45.58285],[-118.02595,45.58285],[-118.02595,45.58393],[-118.02634,45.58393],[-118.02634,45.58447],[-118.02672,45.58447],[-118.02672,45.58474],[-118.02749,45.58474],[-118.02749,45.58447],[-118.02788,45.58447],[-118.02788,45.5842],[-118.02865,45.5842],[-118.02865,45.58447],[-118.02942,45.58447],[-118.02942,45.58474],[-118.0298,45.58474],[-118.0298,45.58501],[-118.03057,45.58501],[-118.03057,45.58528],[-118.03134,45.58528],[-118.03134,45.58554],[-118.03173,45.58554],[-118.03173,45.58581],[-118.03096,45.58608],[-118.03096,45.58662],[-118.02942,45.58662],[-118.02942,45.58635],[-118.02826,45.58635],[-118.02826,45.58662],[-118.02788,45.58662],[-118.02788,45.58716],[-118.02749,45.58716],[-118.02749,45.5877],[-118.0298,45.5877],[-118.0298,45.58797],[-118.03057,45.58797],[-118.03057,45.58851],[-118.03096,45.58851],[-118.03096,45.58878],[-118.03173,45.58878],[-118.03173,45.58905],[-118.03211,45.58905],[-118.03211,45.58932],[-118.03288,45.58932],[-118.03288,45.58959],[-118.03365,45.58986],[-118.03365,45.59013],[-118.03442,45.59013],[-118.03442,45.5904],[-118.03519,45.59066],[-118.03519,45.59093],[-118.03596,45.59093],[-118.03596,45.59147],[-118.03635,45.59147],[-118.03635,45.59174],[-118.03789,45.59201],[-118.03789,45.59255],[-118.03866,45.59282],[-118.03866,45.59363],[-118.03904,45.59363],[-118.03904,45.5939],[-118.03943,45.5939],[-118.03943,45.59417],[-118.03981,45.59417],[-118.03981,45.59471],[-118.04058,45.59471],[-118.04058,45.59498],[-118.04097,45.59498],[-118.04097,45.59525],[-118.04251,45.59552],[-118.04251,45.59579],[-118.04289,45.59579],[-118.04289,45.59605],[-118.04366,45.59605],[-118.04366,45.59686],[-118.04328,45.59686],[-118.04328,45.59713],[-118.04251,45.5974],[-118.04251,45.59767],[-118.04174,45.59767],[-118.04174,45.59794],[-118.04135,45.59794],[-118.04135,45.59848],[-118.04097,45.59848],[-118.04097,45.59902],[-118.04058,45.59902],[-118.04058,45.59929],[-118.03866,45.59929],[-118.03866,45.59956],[-118.03827,45.59956],[-118.03827,45.60091],[-118.03673,45.60091],[-118.03673,45.60118],[-118.03596,45.60118],[-118.03596,45.60144],[-118.03558,45.60144],[-118.03558,45.60118],[-118.03404,45.60118],[-118.03404,45.60091],[-118.03365,45.60091],[-118.03365,45.6001],[-118.03327,45.6001],[-118.03327,45.59956],[-118.03288,45.59956],[-118.03288,45.59929],[-118.03173,45.59929],[-118.03173,45.59956],[-118.03096,45.59956],[-118.03096,45.59983],[-118.03019,45.6001],[-118.03019,45.60064],[-118.0298,45.60064],[-118.0298,45.59983],[-118.02942,45.59983],[-118.02942,45.59929],[-118.02865,45.59902],[-118.02865,45.59848],[-118.02826,45.59848],[-118.02826,45.59821],[-118.02788,45.59821],[-118.02788,45.59794],[-118.02634,45.59794],[-118.02634,45.59767],[-118.02557,45.5974],[-118.02557,45.59686],[-118.02518,45.59686],[-118.02518,45.59605],[-118.0248,45.59605],[-118.0248,45.59579],[-118.02441,45.59579],[-118.02441,45.59605],[-118.02403,45.59605],[-118.02403,45.59632],[-118.02364,45.59632],[-118.02364,45.59659],[-118.02326,45.59659],[-118.02326,45.59686],[-118.0221,45.59686],[-118.0221,45.59659],[-118.02133,45.59659],[-118.02133,45.59632],[-118.02094,45.59632],[-118.02094,45.59605],[-118.02056,45.59605],[-118.02056,45.59579],[-118.0194,45.59579],[-118.0194,45.59605],[-118.01979,45.59605],[-118.01979,45.59659],[-118.02017,45.59659],[-118.02017,45.59686],[-118.01979,45.59686],[-118.01979,45.59713],[-118.01902,45.59713],[-118.01902,45.59686],[-118.01863,45.59686],[-118.01863,45.59605],[-118.01671,45.59605],[-118.01671,45.59632],[-118.01594,45.59632],[-118.01594,45.59659],[-118.01401,45.59659],[-118.01401,45.59686],[-118.01363,45.59686],[-118.01363,45.59713],[-118.01286,45.59713],[-118.01286,45.59686],[-118.01209,45.59659],[-118.01209,45.59525],[-118.01132,45.59525],[-118.01132,45.59498],[-118.01093,45.59498],[-118.01093,45.59444],[-118.01055,45.59444],[-118.01055,45.59417],[-118.00978,45.5939],[-118.00978,45.59363],[-118.00939,45.59363],[-118.00939,45.59309],[-118.00824,45.59309],[-118.00824,45.59282],[-118.00747,45.59282],[-118.00747,45.59255],[-118.00708,45.59255],[-118.00708,45.59228],[-118.0067,45.59228],[-118.0067,45.59201],[-118.00593,45.59201],[-118.00593,45.59174],[-118.00516,45.59147],[-118.00516,45.5912],[-118.00439,45.59093],[-118.00439,45.59066],[-118.00362,45.59066],[-118.00362,45.5904],[-118.00323,45.5904],[-118.00323,45.58986],[-118.00246,45.58959],[-118.00246,45.58932],[-118.00208,45.58932],[-118.00208,45.58878],[-118.00131,45.58851],[-118.00131,45.58797],[-118.00092,45.58797],[-118.00092,45.5877],[-117.99938,45.5877],[-117.99938,45.58743],[-117.999,45.58743],[-117.999,45.58662],[-118.00015,45.58662],[-118.00015,45.58635],[-118.00131,45.58635],[-118.00131,45.58662],[-118.00169,45.58662],[-118.00169,45.58743],[-118.00246,45.58743],[-118.00246,45.58716],[-118.00516,45.58716],[-118.00516,45.58689],[-118.00554,45.58689],[-118.00554,45.58635],[-118.00285,45.58635],[-118.00285,45.58608],[-118.00208,45.58608],[-118.00208,45.58528],[-118.00285,45.58528],[-118.00285,45.58501],[-118.00362,45.58501],[-118.00362,45.58474],[-118.00516,45.58447],[-118.00516,45.58393],[-118.00477,45.58393],[-118.00477,45.58339],[-118.00516,45.58339],[-118.00516,45.58312],[-118.00708,45.58312],[-118.00708,45.58339],[-118.00747,45.58339],[-118.00747,45.58366],[-118.00824,45.58366],[-118.00824,45.58285],[-118.00747,45.58258],[-118.00747,45.58204],[-118.00708,45.58204],[-118.00708,45.58177],[-118.00631,45.58177],[-118.00631,45.5815],[-118.00477,45.5815],[-118.00477,45.58177],[-118.00439,45.58177],[-118.00439,45.58231],[-118.004,45.58231],[-118.004,45.58258],[-118.00285,45.58258],[-118.00285,45.58231],[-118.00246,45.58231],[-118.00246,45.58204],[-118.00131,45.58204],[-118.00131,45.58177],[-118.00054,45.5815],[-118.00054,45.58015],[-118.00015,45.58015],[-118.00015,45.57881],[-117.99977,45.57881],[-117.99977,45.57854],[-117.99938,45.57854],[-117.99938,45.57827],[-117.99861,45.57827],[-117.99861,45.57773],[-117.99823,45.57773],[-117.99823,45.57746],[-117.99784,45.57746],[-117.99784,45.57719],[-117.99746,45.57719],[-117.99746,45.57746],[-117.99553,45.57746],[-117.99553,45.57719],[-117.99515,45.57719],[-117.99515,45.57638],[-117.99476,45.57638],[-117.99476,45.57584],[-117.99438,45.57584],[-117.99438,45.5753],[-117.99399,45.5753],[-117.99399,45.57476],[-117.99361,45.57476],[-117.99361,45.5745],[-117.99284,45.57423],[-117.99284,45.57396],[-117.99245,45.57396],[-117.99245,45.57342],[-117.99207,45.57342],[-117.99207,45.57288],[-117.99168,45.57288],[-117.99168,45.57153],[-117.9913,45.57153],[-117.9913,45.56991],[-117.99284,45.57018],[-117.99284,45.57045],[-117.99322,45.57045],[-117.99322,45.57099],[-117.99361,45.57099],[-117.99361,45.57153],[-117.99438,45.57153]],[[-117.99245,45.57045],[-117.99245,45.57153],[-117.99322,45.57153],[-117.99322,45.57126],[-117.99284,45.57126],[-117.99284,45.57045],[-117.99245,45.57045]],[[-118.03904,45.59767],[-118.03866,45.59767],[-118.03866,45.59659],[-118.03827,45.59659],[-118.03827,45.59632],[-118.0375,45.59632],[-118.0375,45.59659],[-118.03673,45.59686],[-118.03673,45.59713],[-118.03712,45.59713],[-118.03712,45.59767],[-118.0375,45.59767],[-118.0375,45.59848],[-118.03789,45.59848],[-118.03789,45.59902],[-118.03866,45.59875],[-118.03866,45.59821],[-118.03904,45.59821],[-118.03904,45.59767]],[[-118.0248,45.5939],[-118.02441,45.5939],[-118.02441,45.59336],[-118.02403,45.59336],[-118.02403,45.59309],[-118.02364,45.59309],[-118.02364,45.59282],[-118.02287,45.59282],[-118.02287,45.5939],[-118.02326,45.5939],[-118.02326,45.59444],[-118.02403,45.59471],[-118.02403,45.59525],[-118.02441,45.59525],[-118.02441,45.59552],[-118.02518,45.59525],[-118.02518,45.59471],[-118.0248,45.59471],[-118.0248,45.5939]],[[-118.01555,45.59147],[-118.01517,45.59147],[-118.01517,45.59201],[-118.01555,45.59201],[-118.01555,45.59147]],[[-118.01055,45.58689],[-118.01016,45.58689],[-118.01016,45.58743],[-118.01055,45.58743],[-118.01055,45.58689]],[[-118.02403,45.58581],[-118.02364,45.58581],[-118.02364,45.58608],[-118.02403,45.58608],[-118.02403,45.58581]],[[-118.0221,45.58554],[-118.02171,45.58554],[-118.02171,45.58581],[-118.0221,45.58581],[-118.0221,45.58554]],[[-118.01786,45.58554],[-118.01748,45.58554],[-118.01748,45.58581],[-118.01786,45.58581],[-118.01786,45.58554]],[[-118.01093,45.58528],[-118.01055,45.58528],[-118.01055,45.58581],[-118.01093,45.58581],[-118.01093,45.58528]],[[-118.01709,45.58528],[-118.01671,45.58528],[-118.01671,45.58554],[-118.01709,45.58554],[-118.01709,45.58528]],[[-118.01748,45.58474],[-118.01709,45.58474],[-118.01709,45.58501],[-118.01748,45.58501],[-118.01748,45.58474]],[[-118.02403,45.58285],[-118.02364,45.58285],[-118.02364,45.58312],[-118.02403,45.58312],[-118.02403,45.58285]],[[-118.01401,45.58285],[-118.01363,45.58285],[-118.01363,45.58312],[-118.01401,45.58312],[-118.01401,45.58285]],[[-118.02441,45.58231],[-118.02403,45.58231],[-118.02403,45.58258],[-118.02441,45.58258],[-118.02441,45.58231]],[[-118.01363,45.58177],[-118.01324,45.58177],[-118.01324,45.58258],[-118.01363,45.58258],[-118.01363,45.58177]],[[-118.0325,45.57908],[-118.03134,45.57908],[-118.03134,45.57962],[-118.03096,45.57962],[-118.03096,45.58069],[-118.03134,45.58069],[-118.03134,45.5815],[-118.0325,45.5815],[-118.0325,45.58123],[-118.03288,45.58123],[-118.03288,45.58015],[-118.0325,45.58015],[-118.0325,45.57908]],[[-118.02326,45.58123],[-118.02287,45.58123],[-118.02287,45.5815],[-118.02326,45.5815],[-118.02326,45.58123]],[[-118.01478,45.58096],[-118.0144,45.58096],[-118.0144,45.58123],[-118.01478,45.58123],[-118.01478,45.58096]],[[-118.004,45.58042],[-118.00362,45.58042],[-118.00362,45.58096],[-118.004,45.58096],[-118.004,45.58042]],[[-118.00708,45.57854],[-118.0067,45.57854],[-118.0067,45.578],[-118.00593,45.578],[-118.00593,45.57854],[-118.00631,45.57854],[-118.00631,45.57908],[-118.0067,45.57908],[-118.0067,45.57962],[-118.00708,45.57962],[-118.00708,45.58015],[-118.00785,45.58015],[-118.00785,45.57908],[-118.00747,45.57908],[-118.00747,45.57881],[-118.00708,45.57881],[-118.00708,45.57854]],[[-118.0248,45.57962],[-118.02518,45.57962],[-118.02518,45.57989],[-118.02595,45.57989],[-118.02595,45.57962],[-118.02557,45.57962],[-118.02557,45.57935],[-118.0248,45.57935],[-118.0248,45.57962]],[[-118.02903,45.57854],[-118.02826,45.57854],[-118.02826,45.57908],[-118.02865,45.57908],[-118.02865,45.57935],[-118.02942,45.57908],[-118.02942,45.57881],[-118.02903,45.57881],[-118.02903,45.57854]],[[-118.01401,45.57881],[-118.01363,45.57881],[-118.01363,45.57935],[-118.01401,45.57935],[-118.01401,45.57881]],[[-118.02056,45.57854],[-118.02017,45.57854],[-118.02017,45.57881],[-118.02056,45.57881],[-118.02056,45.57854]],[[-118.0194,45.57827],[-118.01902,45.57827],[-118.01902,45.57854],[-118.0194,45.57854],[-118.0194,45.57827]],[[-118.0144,45.57827],[-118.01401,45.57827],[-118.01401,45.57854],[-118.0144,45.57854],[-118.0144,45.57827]],[[-118.01825,45.57773],[-118.01786,45.57773],[-118.01786,45.578],[-118.01825,45.578],[-118.01825,45.57773]],[[-118.01709,45.57746],[-118.01671,45.57746],[-118.01671,45.57773],[-118.01709,45.57773],[-118.01709,45.57746]]],[[[-118.0144,45.59821],[-118.0144,45.5974],[-118.01517,45.5974],[-118.01517,45.59713],[-118.01632,45.59713],[-118.01632,45.5974],[-118.01709,45.59767],[-118.01709,45.59794],[-118.01671,45.59794],[-118.01671,45.59902],[-118.01632,45.59902],[-118.01632,45.59929],[-118.01555,45.59929],[-118.01555,45.59848],[-118.01478,45.59848],[-118.01478,45.59821],[-118.0144,45.59821]]],[[[-118.02056,45.60064],[-118.02056,45.60091],[-118.02017,45.60091],[-118.02017,45.60037],[-118.02094,45.60037],[-118.02094,45.60064],[-118.02056,45.60064]]]]},"properties":{"layer":"predicted_reach_h05","fire_name":"Middle_Ridge","irwin_id":"{2088689D-42B8-4A31-85B6-2CADB59BA127}","model":"arrival_run","checkpoint_epoch":216,"decode":"connected_causal","operating_point":{"floor":0.0,"mult":0.9},"val_precision":null,"val_recall":null,"model_caveat":"arrival_run chosen for best RECALL among the six FlameFlux v3 candidates on the production-valid t0-window corpus (R=0.624 on the fc2 held-out fires, R=0.432 on Dillon -- see candidate_comparison.md from the 2026-07-24 comparison). It does NOT meet the project's P>=0.50/R>=0.80 target: precision is the WORST of the six (P=0.120 on fc2 -- most flagged growth is wrong), and wind_run actually edges it on F1. IMPORTANT CAVEAT: arrival_run trained on the leaky 'observed' corpus (crop centered/sized on t0|t1, i.e. it saw the future perimeter's geometry during training) and has NEVER seen a t0-window crop -- the ONLY geometry this live pipeline can ever produce at forecast time (the future perimeter is, by definition, unknown). So every live prediction from this model is out-of-distribution relative to its own training. The measured t0-window numbers above already reflect that (they are not a surprise), but this is 'best available', not 'production-ready' -- represent it that way. The operating_point (floor=0.0, mult=0.9) is the VAL-selected connected-causal decode point; it did NOT clear the 0.50 precision floor during selection (feasible=False, val P=0.270/R=0.259) -- it's the best-F1 fallback point, not a precision-guaranteed one.","issued_at_utc":"2026-08-23 20:05:07.672141+00:00","valid_from_utc":"2026-08-23 00:00:00","valid_to_utc":"2026-08-24 00:00:00","wfigs_date_current_utc":"2026-08-23 16:41:28.079000+00:00","pixel_size_m":30,"veg_source":"refreshed_d4","physics_source":"eikonal_fbfm40","history_n_dates":1,"degraded_history":true,"containment_pct":0.0,"acres_wfigs":138.34560634370422,"hour":5,"valid_at_utc":"2026-08-23 05:00:00"}},{"type":"Feature","geometry":{"type":"MultiPolygon","coordinates":[[[[-118.02518,45.56937],[-118.02518,45.56911],[-118.02595,45.56911],[-118.02595,45.56937],[-118.02518,45.56937]]],[[[-118.02287,45.56991],[-118.02287,45.56964],[-118.02326,45.56964],[-118.02326,45.56991],[-118.02287,45.56991]]],[[[-118.03712,45.57665],[-118.03712,45.57692],[-118.03596,45.57692],[-118.03596,45.57638],[-118.03635,45.57638],[-118.03635,45.57665],[-118.03712,45.57665]]],[[[-118.03789,45.57692],[-118.03789,45.57665],[-118.03866,45.57665],[-118.03866,45.57692],[-118.03904,45.57692],[-118.03904,45.57854],[-118.03827,45.57854],[-118.03827,45.578],[-118.0375,45.578],[-118.0375,45.57692],[-118.03789,45.57692]]],[[[-118.04212,45.58015],[-118.04212,45.57827],[-118.04251,45.57827],[-118.04251,45.57854],[-118.04328,45.57881],[-118.04328,45.57908],[-118.04289,45.57908],[-118.04289,45.57989],[-118.04328,45.57989],[-118.04328,45.58015],[-118.04289,45.58015],[-118.04289,45.58042],[-118.04212,45.58042],[-118.04212,45.58096],[-118.04174,45.58096],[-118.04174,45.58123],[-118.04097,45.58123],[-118.04097,45.58042],[-118.04174,45.58042],[-118.04174,45.58015],[-118.04212,45.58015]]],[[[-118.03596,45.58608],[-118.03596,45.58581],[-118.03673,45.58581],[-118.03673,45.58608],[-118.03596,45.58608]]],[[[-118.03365,45.58608],[-118.03365,45.58581],[-118.03519,45.58581],[-118.03519,45.58608],[-118.03365,45.58608]]],[[[-118.03596,45.58743],[-118.03596,45.58716],[-118.03635,45.58716],[-118.03635,45.58743],[-118.03596,45.58743]]],[[[-118.03558,45.5877],[-118.03558,45.58743],[-118.03596,45.58743],[-118.03596,45.58797],[-118.03519,45.58797],[-118.03519,45.58824],[-118.03404,45.58824],[-118.03404,45.58797],[-118.03558,45.5877]]],[[[-118.04674,45.58851],[-118.04674,45.58797],[-118.04713,45.58797],[-118.04713,45.58851],[-118.04674,45.58851]]],[[[-118.04405,45.59471],[-118.04405,45.59444],[-118.04366,45.59444],[-118.04366,45.59417],[-118.04251,45.59417],[-118.04251,45.5939],[-118.04212,45.5939],[-118.04212,45.59282],[-118.04174,45.59282],[-118.04174,45.59255],[-118.04135,45.59255],[-118.04135,45.59228],[-118.04058,45.59228],[-118.04058,45.59201],[-118.03981,45.59201],[-118.03981,45.59174],[-118.03827,45.59174],[-118.03827,45.59147],[-118.03789,45.59147],[-118.03789,45.59066],[-118.03827,45.59066],[-118.03827,45.5904],[-118.03789,45.5904],[-118.03789,45.58986],[-118.03673,45.58986],[-118.03673,45.58959],[-118.03635,45.58959],[-118.03635,45.58905],[-118.03596,45.58905],[-118.03596,45.58851],[-118.03635,45.58851],[-118.03635,45.58797],[-118.03673,45.58797],[-118.03673,45.58662],[-118.03827,45.58662],[-118.03827,45.58689],[-118.03866,45.58689],[-118.03866,45.58716],[-118.03904,45.58716],[-118.03904,45.58743],[-118.03943,45.58743],[-118.03943,45.5877],[-118.03981,45.5877],[-118.03981,45.58905],[-118.04058,45.58932],[-118.04058,45.58986],[-118.04097,45.58986],[-118.04097,45.59013],[-118.04135,45.59013],[-118.04135,45.5904],[-118.04174,45.5904],[-118.04174,45.59066],[-118.04212,45.59066],[-118.04212,45.59201],[-118.04251,45.59201],[-118.04251,45.59228],[-118.04289,45.59228],[-118.04289,45.59255],[-118.04405,45.59255],[-118.04405,45.59282],[-118.04597,45.59282],[-118.04597,45.59309],[-118.0452,45.59309],[-118.0452,45.59417],[-118.04636,45.59417],[-118.04636,45.59444],[-118.04674,45.59444],[-118.04674,45.59525],[-118.04559,45.59525],[-118.04559,45.59498],[-118.04405,45.59471]]],[[[-118.04944,45.59821],[-118.04944,45.59848],[-118.04867,45.59848],[-118.04867,45.59794],[-118.04982,45.59794],[-118.04982,45.59821],[-118.04944,45.59821]]],[[[-118.04135,45.60037],[-118.04135,45.60064],[-118.04097,45.60064],[-118.04097,45.6001],[-118.04174,45.6001],[-118.04174,45.60037],[-118.04135,45.60037]]],[[[-118.02017,45.60064],[-118.02017,45.60037],[-118.02056,45.60037],[-118.02056,45.6001],[-118.02133,45.6001],[-118.02133,45.60064],[-118.02094,45.60064],[-118.02094,45.60091],[-118.02017,45.60118],[-118.02017,45.60144],[-118.0194,45.60144],[-118.0194,45.60091],[-118.02017,45.60064]]],[[[-118.05098,45.60198],[-118.05098,45.60118],[-118.05021,45.60091],[-118.05021,45.60037],[-118.04982,45.60037],[-118.04982,45.6001],[-118.05098,45.6001],[-118.05098,45.60064],[-118.0529,45.60064],[-118.0529,45.60144],[-118.05329,45.60144],[-118.05329,45.60171],[-118.05406,45.60171],[-118.05406,45.60225],[-118.05444,45.60225],[-118.05444,45.60252],[-118.05329,45.60252],[-118.05329,45.60225],[-118.05213,45.60225],[-118.05213,45.60198],[-118.05098,45.60198]]],[[[-118.04251,45.60171],[-118.04251,45.60144],[-118.04174,45.60144],[-118.04174,45.60118],[-118.04135,45.60118],[-118.04135,45.60091],[-118.04289,45.60091],[-118.04289,45.60118],[-118.04366,45.60118],[-118.04366,45.60171],[-118.04405,45.60171],[-118.04405,45.60198],[-118.04328,45.60225],[-118.04328,45.60198],[-118.04251,45.60171]]],[[[-118.04135,45.6036],[-118.04135,45.60414],[-118.0402,45.60414],[-118.0402,45.60387],[-118.03981,45.60387],[-118.03981,45.6036],[-118.04135,45.6036]]],[[[-118.00477,45.5656],[-118.00477,45.56587],[-118.00516,45.56587],[-118.00516,45.56641],[-118.00439,45.56614],[-118.00439,45.5656],[-118.00477,45.5656]]],[[[-118.00131,45.56884],[-118.00131,45.56857],[-118.00054,45.56857],[-118.00054,45.56803],[-118.00092,45.56803],[-118.00092,45.56776],[-118.00131,45.56776],[-118.00131,45.56803],[-118.00323,45.56803],[-118.00323,45.56776],[-118.004,45.56776],[-118.004,45.56803],[-118.00516,45.56803],[-118.00516,45.56776],[-118.00554,45.56776],[-118.00554,45.56749],[-118.00516,45.56749],[-118.00516,45.56641],[-118.00631,45.56641],[-118.00631,45.56668],[-118.0067,45.56668],[-118.0067,45.56749],[-118.00631,45.56749],[-118.00631,45.56776],[-118.00747,45.56776],[-118.00747,45.56803],[-118.00785,45.56803],[-118.00785,45.56884],[-118.00362,45.56884],[-118.00362,45.56857],[-118.00131,45.56884]]],[[[-117.99322,45.56749],[-117.99322,45.56803],[-117.99245,45.56776],[-117.99245,45.56749],[-117.99322,45.56749]]],[[[-118.01863,45.56857],[-118.01863,45.56884],[-118.01902,45.56884],[-118.01902,45.56857],[-118.01979,45.56857],[-118.01979,45.56937],[-118.02017,45.56937],[-118.02017,45.56964],[-118.01863,45.56964],[-118.01863,45.56937],[-118.01825,45.56937],[-118.01825,45.56857],[-118.01863,45.56857]]],[[[-118.01632,45.56884],[-118.01632,45.56937],[-118.01517,45.56937],[-118.01517,45.56911],[-118.01555,45.56911],[-118.01555,45.56884],[-118.01632,45.56884]]],[[[-118.01093,45.56937],[-118.01093,45.56884],[-118.01132,45.56884],[-118.01132,45.56857],[-118.01209,45.56857],[-118.01209,45.56884],[-118.01324,45.56884],[-118.01324,45.56911],[-118.01401,45.56937],[-118.01401,45.56991],[-118.01363,45.56991],[-118.01363,45.56964],[-118.01132,45.56964],[-118.01132,45.56937],[-118.01093,45.56937]]],[[[-117.99476,45.57045],[-117.99476,45.57018],[-117.99438,45.57018],[-117.99438,45.56964],[-117.99399,45.56964],[-117.99399,45.56884],[-117.99476,45.56884],[-117.99476,45.56857],[-117.99553,45.56857],[-117.99553,45.56884],[-117.99592,45.56884],[-117.99592,45.56911],[-117.99669,45.56911],[-117.99669,45.56937],[-117.99784,45.56937],[-117.99784,45.56964],[-117.99823,45.56964],[-117.99823,45.56991],[-117.99746,45.57018],[-117.99746,45.57045],[-117.99669,45.57045],[-117.99669,45.57072],[-117.9963,45.57072],[-117.9963,45.57099],[-117.99476,45.57045]]],[[[-117.98976,45.57935],[-117.98976,45.57908],[-117.99014,45.57908],[-117.99014,45.57935],[-117.98976,45.57935]]],[[[-117.99361,45.57881],[-117.99361,45.57908],[-117.99322,45.57908],[-117.99322,45.57962],[-117.99245,45.57962],[-117.99245,45.57989],[-117.99207,45.57989],[-117.99207,45.58015],[-117.99053,45.58015],[-117.99053,45.57989],[-117.99014,45.57989],[-117.99014,45.57935],[-117.99091,45.57935],[-117.99091,45.57908],[-117.99245,45.57908],[-117.99245,45.57881],[-117.99361,45.57881]]],[[[-117.99399,45.58447],[-117.99399,45.5842],[-117.99322,45.5842],[-117.99322,45.58393],[-117.99284,45.58393],[-117.99284,45.58366],[-117.99245,45.58366],[-117.99245,45.58339],[-117.99207,45.58339],[-117.99207,45.58312],[-117.99168,45.58312],[-117.99168,45.58258],[-117.99207,45.58258],[-117.99207,45.58231],[-117.99245,45.58231],[-117.99245,45.58204],[-117.99322,45.58204],[-117.99322,45.58231],[-117.99361,45.58231],[-117.99361,45.58258],[-117.99399,45.58258],[-117.99399,45.58285],[-117.99438,45.58285],[-117.99438,45.58339],[-117.99476,45.58339],[-117.99476,45.58366],[-117.9963,45.58366],[-117.9963,45.58447],[-117.99553,45.58447],[-117.99553,45.5842],[-117.99399,45.58447]]],[[[-118.00092,45.58528],[-118.00092,45.58554],[-118.00054,45.58554],[-118.00054,45.58581],[-117.99977,45.58554],[-117.99977,45.58528],[-118.00092,45.58528]]],[[[-118.02942,45.58447],[-118.0298,45.58447],[-118.0298,45.58474],[-118.03057,45.58474],[-118.03057,45.58501],[-118.03173,45.58501],[-118.03173,45.58447],[-118.03211,45.58447],[-118.03211,45.58608],[-118.03134,45.58608],[-118.03134,45.58662],[-118.03096,45.58662],[-118.03096,45.58716],[-118.03019,45.58716],[-118.03019,45.58689],[-118.02942,45.58689],[-118.02942,45.58662],[-118.02826,45.58662],[-118.02826,45.58743],[-118.02903,45.58743],[-118.02903,45.5877],[-118.03057,45.5877],[-118.03057,45.58824],[-118.03096,45.58824],[-118.03096,45.58851],[-118.03134,45.58851],[-118.03134,45.58878],[-118.03211,45.58878],[-118.03211,45.58905],[-118.0325,45.58905],[-118.0325,45.58932],[-118.03288,45.58932],[-118.03288,45.58959],[-118.03327,45.58959],[-118.03327,45.58986],[-118.03365,45.58986],[-118.03365,45.59013],[-118.03481,45.59013],[-118.03481,45.5904],[-118.03558,45.59066],[-118.03558,45.59093],[-118.03596,45.59093],[-118.03596,45.5912],[-118.03673,45.59147],[-118.03673,45.59174],[-118.0375,45.59174],[-118.0375,45.59201],[-118.03789,45.59201],[-118.03789,45.59228],[-118.03827,45.59228],[-118.03827,45.59255],[-118.03866,45.59255],[-118.03866,45.59336],[-118.03904,45.59336],[-118.03904,45.59363],[-118.03943,45.59363],[-118.03943,45.5939],[-118.03981,45.5939],[-118.03981,45.59471],[-118.04135,45.59498],[-118.04135,45.59525],[-118.04174,45.59525],[-118.04174,45.59552],[-118.04251,45.59552],[-118.04251,45.59579],[-118.04328,45.59579],[-118.04328,45.59605],[-118.04366,45.59605],[-118.04366,45.59659],[-118.04405,45.59659],[-118.04405,45.59686],[-118.04482,45.59686],[-118.04482,45.59929],[-118.04443,45.59929],[-118.04443,45.59956],[-118.04405,45.59956],[-118.04405,45.59983],[-118.04251,45.59983],[-118.04251,45.59875],[-118.04328,45.59875],[-118.04328,45.59848],[-118.04366,45.59848],[-118.04366,45.59821],[-118.04328,45.59821],[-118.04328,45.5974],[-118.04251,45.5974],[-118.04251,45.59767],[-118.04212,45.59767],[-118.04212,45.59794],[-118.04174,45.59794],[-118.04174,45.59821],[-118.04135,45.59821],[-118.04135,45.59875],[-118.04097,45.59875],[-118.04097,45.59902],[-118.0402,45.59929],[-118.0402,45.59956],[-118.03866,45.59956],[-118.03866,45.60064],[-118.03827,45.60064],[-118.03827,45.60091],[-118.03712,45.60091],[-118.03712,45.60118],[-118.03673,45.60118],[-118.03673,45.60198],[-118.03712,45.60198],[-118.03712,45.60225],[-118.03789,45.60252],[-118.03789,45.60279],[-118.0375,45.60279],[-118.0375,45.60306],[-118.03712,45.60306],[-118.03712,45.60333],[-118.03673,45.60333],[-118.03673,45.60387],[-118.03596,45.60387],[-118.03596,45.6036],[-118.03558,45.6036],[-118.03558,45.60225],[-118.03596,45.60225],[-118.03596,45.60171],[-118.03519,45.60171],[-118.03519,45.60144],[-118.03365,45.60144],[-118.03365,45.60171],[-118.03327,45.60171],[-118.03327,45.60225],[-118.0325,45.60252],[-118.0325,45.60171],[-118.03211,45.60171],[-118.03211,45.60144],[-118.0325,45.60144],[-118.0325,45.60064],[-118.03327,45.60037],[-118.03327,45.59956],[-118.0325,45.59956],[-118.0325,45.59929],[-118.03211,45.59929],[-118.03211,45.59956],[-118.03134,45.59956],[-118.03134,45.59983],[-118.03057,45.6001],[-118.03057,45.60064],[-118.0298,45.60064],[-118.0298,45.60037],[-118.02942,45.60037],[-118.02942,45.59956],[-118.02903,45.59956],[-118.02903,45.59902],[-118.02865,45.59902],[-118.02865,45.59848],[-118.02826,45.59848],[-118.02826,45.59821],[-118.02749,45.59821],[-118.02749,45.59794],[-118.02595,45.59794],[-118.02595,45.59767],[-118.02557,45.59767],[-118.02557,45.59713],[-118.02518,45.59713],[-118.02518,45.59659],[-118.0248,45.59659],[-118.0248,45.59632],[-118.02403,45.59632],[-118.02403,45.59659],[-118.02364,45.59659],[-118.02364,45.59686],[-118.02133,45.59686],[-118.02133,45.59659],[-118.02056,45.59632],[-118.02056,45.59686],[-118.02017,45.59686],[-118.02017,45.59713],[-118.01979,45.59713],[-118.01979,45.5974],[-118.01902,45.5974],[-118.01902,45.59713],[-118.01825,45.59686],[-118.01825,45.59632],[-118.01748,45.59605],[-118.01748,45.59632],[-118.01671,45.59632],[-118.01671,45.59659],[-118.01632,45.59659],[-118.01632,45.59713],[-118.01709,45.5974],[-118.01709,45.59848],[-118.01671,45.59848],[-118.01671,45.59929],[-118.01555,45.59929],[-118.01555,45.59848],[-118.0144,45.59848],[-118.0144,45.59794],[-118.01401,45.59794],[-118.01401,45.59767],[-118.01363,45.59767],[-118.01363,45.5974],[-118.01324,45.5974],[-118.01324,45.59713],[-118.01286,45.59713],[-118.01286,45.59686],[-118.01247,45.59686],[-118.01247,45.59659],[-118.01209,45.59659],[-118.01209,45.59552],[-118.0117,45.59552],[-118.0117,45.59525],[-118.01132,45.59525],[-118.01132,45.59498],[-118.01093,45.59498],[-118.01093,45.59471],[-118.01055,45.59471],[-118.01055,45.59417],[-118.01016,45.59417],[-118.01016,45.5939],[-118.00978,45.5939],[-118.00978,45.59363],[-118.00939,45.59363],[-118.00939,45.59336],[-118.00901,45.59336],[-118.00901,45.59309],[-118.00785,45.59309],[-118.00785,45.59282],[-118.00747,45.59282],[-118.00747,45.59255],[-118.00708,45.59255],[-118.00708,45.59228],[-118.0067,45.59228],[-118.0067,45.59201],[-118.00593,45.59201],[-118.00593,45.59174],[-118.00516,45.59147],[-118.00516,45.5912],[-118.00439,45.59093],[-118.00439,45.59066],[-118.00362,45.59066],[-118.00362,45.5904],[-118.00323,45.5904],[-118.00323,45.59013],[-118.00285,45.59013],[-118.00285,45.58986],[-118.00208,45.58959],[-118.00208,45.58905],[-118.00131,45.58878],[-118.00131,45.58824],[-118.00092,45.58824],[-118.00092,45.58797],[-118.00015,45.58797],[-118.00015,45.5877],[-117.999,45.5877],[-117.999,45.58743],[-117.99861,45.58743],[-117.99861,45.58689],[-117.999,45.58689],[-117.999,45.58662],[-117.99938,45.58662],[-117.99938,45.58635],[-118.00131,45.58635],[-118.00131,45.58608],[-118.00169,45.58608],[-118.00169,45.58554],[-118.00208,45.58554],[-118.00208,45.58528],[-118.00246,45.58528],[-118.00246,45.58501],[-118.00323,45.58501],[-118.00323,45.58474],[-118.00362,45.58474],[-118.00362,45.58447],[-118.00439,45.58447],[-118.00439,45.5842],[-118.00477,45.5842],[-118.00477,45.58312],[-118.00554,45.58312],[-118.00554,45.58285],[-118.00631,45.58285],[-118.00631,45.58312],[-118.00708,45.58312],[-118.00708,45.58339],[-118.00824,45.58339],[-118.00824,45.58312],[-118.00785,45.58312],[-118.00785,45.58258],[-118.00747,45.58258],[-118.00747,45.58231],[-118.00708,45.58231],[-118.00708,45.58204],[-118.0067,45.58204],[-118.0067,45.58177],[-118.00593,45.58177],[-118.00593,45.5815],[-118.00516,45.5815],[-118.00516,45.58177],[-118.00477,45.58177],[-118.00477,45.58204],[-118.00439,45.58204],[-118.00439,45.58231],[-118.004,45.58231],[-118.004,45.58258],[-118.00285,45.58258],[-118.00285,45.58231],[-118.00131,45.58204],[-118.00131,45.58177],[-118.00054,45.5815],[-118.00054,45.58042],[-118.00015,45.58042],[-118.00015,45.57908],[-117.99977,45.57908],[-117.99977,45.57854],[-117.999,45.57854],[-117.999,45.57827],[-117.99823,45.578],[-117.99823,45.57746],[-117.99707,45.57746],[-117.99707,45.57773],[-117.9963,45.57773],[-117.9963,45.57746],[-117.99515,45.57746],[-117.99515,45.57665],[-117.99476,45.57665],[-117.99476,45.57584],[-117.99438,45.57584],[-117.99438,45.5753],[-117.99399,45.5753],[-117.99399,45.57503],[-117.99322,45.57476],[-117.99322,45.5745],[-117.99245,45.57423],[-117.99245,45.57342],[-117.99207,45.57342],[-117.99207,45.57288],[-117.99168,45.57288],[-117.99168,45.57207],[-117.9913,45.57207],[-117.9913,45.56991],[-117.99245,45.56991],[-117.99245,45.57018],[-117.99322,45.57045],[-117.99322,45.57099],[-117.99361,45.57099],[-117.99361,45.57126],[-117.99399,45.57126],[-117.99399,45.57153],[-117.99476,45.57153],[-117.99476,45.5718],[-117.99553,45.57207],[-117.99553,45.57234],[-117.9963,45.57261],[-117.9963,45.57288],[-117.99784,45.57288],[-117.99784,45.57261],[-117.99823,45.57261],[-117.99823,45.57234],[-117.999,45.57234],[-117.999,45.57207],[-118.00015,45.57207],[-118.00015,45.57234],[-118.00054,45.57234],[-118.00054,45.57261],[-118.00323,45.57261],[-118.00323,45.57288],[-118.00477,45.57288],[-118.00477,45.57315],[-118.00554,45.57315],[-118.00554,45.57288],[-118.00631,45.57261],[-118.00631,45.57153],[-118.00554,45.57153],[-118.00554,45.5718],[-118.00516,45.5718],[-118.00516,45.57207],[-118.004,45.57207],[-118.004,45.5718],[-118.00323,45.57153],[-118.00323,45.57126],[-118.00169,45.57099],[-118.00169,45.57072],[-118.00092,45.57072],[-118.00092,45.57099],[-118.00054,45.57099],[-118.00054,45.57126],[-117.99977,45.57126],[-117.99977,45.57099],[-117.999,45.57099],[-117.999,45.56991],[-117.99938,45.56991],[-117.99938,45.56964],[-118.00054,45.56964],[-118.00054,45.56937],[-118.004,45.56937],[-118.004,45.56964],[-118.00477,45.56964],[-118.00477,45.56937],[-118.00631,45.56937],[-118.00631,45.56964],[-118.0067,45.56964],[-118.0067,45.56991],[-118.00747,45.56991],[-118.00747,45.56937],[-118.00901,45.56937],[-118.00901,45.56964],[-118.00939,45.56964],[-118.00939,45.57018],[-118.00978,45.57018],[-118.00978,45.57099],[-118.00939,45.57099],[-118.00939,45.57126],[-118.00862,45.57126],[-118.00862,45.57153],[-118.00824,45.57153],[-118.00824,45.5718],[-118.00785,45.5718],[-118.00785,45.57207],[-118.00747,45.57207],[-118.00747,45.57234],[-118.0067,45.57234],[-118.0067,45.57288],[-118.00708,45.57288],[-118.00708,45.57342],[-118.00747,45.57342],[-118.00747,45.57288],[-118.00785,45.57288],[-118.00785,45.57261],[-118.00978,45.57261],[-118.00978,45.57234],[-118.01016,45.57234],[-118.01016,45.57261],[-118.01209,45.57261],[-118.01209,45.57288],[-118.0144,45.57288],[-118.0144,45.57315],[-118.01478,45.57315],[-118.01478,45.57342],[-118.01555,45.57342],[-118.01555,45.57369],[-118.01594,45.57369],[-118.01594,45.57396],[-118.01671,45.57396],[-118.01671,45.57369],[-118.01709,45.57369],[-118.01709,45.57342],[-118.01671,45.57342],[-118.01671,45.57315],[-118.01632,45.57315],[-118.01632,45.57288],[-118.01555,45.57288],[-118.01555,45.57261],[-118.01517,45.57261],[-118.01517,45.57234],[-118.0144,45.57234],[-118.0144,45.57207],[-118.01401,45.57207],[-118.01401,45.57072],[-118.01594,45.57072],[-118.01594,45.57018],[-118.01709,45.57018],[-118.01709,45.57126],[-118.01748,45.57126],[-118.01748,45.57153],[-118.01825,45.57153],[-118.01825,45.5718],[-118.0194,45.5718],[-118.0194,45.57207],[-118.01979,45.57207],[-118.01979,45.57261],[-118.02017,45.57261],[-118.02017,45.57342],[-118.02171,45.57342],[-118.02171,45.57288],[-118.02133,45.57288],[-118.02133,45.57261],[-118.02056,45.57234],[-118.02056,45.57072],[-118.02017,45.57072],[-118.02017,45.56991],[-118.02171,45.57045],[-118.02171,45.57099],[-118.0221,45.57099],[-118.0221,45.57153],[-118.02249,45.57153],[-118.02249,45.5718],[-118.02326,45.57153],[-118.02326,45.57045],[-118.02403,45.57018],[-118.02403,45.57126],[-118.02441,45.57126],[-118.02441,45.57153],[-118.02557,45.57153],[-118.02557,45.5718],[-118.02595,45.5718],[-118.02595,45.57207],[-118.02634,45.57207],[-118.02634,45.5718],[-118.02788,45.5718],[-118.02788,45.57261],[-118.02672,45.57261],[-118.02672,45.57315],[-118.02711,45.57315],[-118.02711,45.57342],[-118.02788,45.57342],[-118.02788,45.57369],[-118.02826,45.57369],[-118.02826,45.57396],[-118.02865,45.57396],[-118.02865,45.57369],[-118.0298,45.57369],[-118.0298,45.57342],[-118.03019,45.57342],[-118.03019,45.57396],[-118.0298,45.57396],[-118.0298,45.57423],[-118.02903,45.57423],[-118.02903,45.57476],[-118.02865,45.57476],[-118.02865,45.57503],[-118.02826,45.57503],[-118.02826,45.5753],[-118.02749,45.5753],[-118.02749,45.57503],[-118.02711,45.57503],[-118.02711,45.57476],[-118.02749,45.57476],[-118.02749,45.5745],[-118.02672,45.57423],[-118.02672,45.57369],[-118.02557,45.57369],[-118.02557,45.5745],[-118.02518,45.5745],[-118.02518,45.57476],[-118.0248,45.57476],[-118.0248,45.5753],[-118.02441,45.5753],[-118.02441,45.57638],[-118.02518,45.57638],[-118.02518,45.57584],[-118.02557,45.57584],[-118.02557,45.57557],[-118.02595,45.57557],[-118.02595,45.5753],[-118.02634,45.5753],[-118.02634,45.57584],[-118.02595,45.57584],[-118.02595,45.57665],[-118.02749,45.57665],[-118.02749,45.57692],[-118.02788,45.57692],[-118.02788,45.57719],[-118.02749,45.57719],[-118.02749,45.57773],[-118.02865,45.57773],[-118.02865,45.57746],[-118.02942,45.57719],[-118.02942,45.57692],[-118.03057,45.57692],[-118.03057,45.57719],[-118.03134,45.57746],[-118.03134,45.57773],[-118.03173,45.57773],[-118.03173,45.57746],[-118.03211,45.57746],[-118.03211,45.57719],[-118.03365,45.57719],[-118.03365,45.57746],[-118.03404,45.57746],[-118.03404,45.578],[-118.03442,45.578],[-118.03442,45.58096],[-118.03481,45.58096],[-118.03481,45.58366],[-118.03442,45.58366],[-118.03442,45.58393],[-118.03365,45.58393],[-118.03365,45.58366],[-118.0325,45.58366],[-118.0325,45.58339],[-118.03211,45.58339],[-118.03211,45.58366],[-118.03173,45.58366],[-118.03173,45.5842],[-118.03134,45.5842],[-118.03134,45.58447],[-118.03096,45.58447],[-118.03096,45.5842],[-118.03019,45.58447],[-118.03019,45.5842],[-118.02942,45.58393],[-118.02942,45.58366],[-118.02826,45.58366],[-118.02826,45.58393],[-118.02865,45.58393],[-118.02865,45.5842],[-118.02942,45.5842],[-118.02942,45.58447]],[[-117.99245,45.57045],[-117.99245,45.57153],[-117.99322,45.57153],[-117.99322,45.57126],[-117.99284,45.57126],[-117.99284,45.57045],[-117.99245,45.57045]],[[-118.02826,45.58339],[-118.02788,45.58339],[-118.02788,45.58312],[-118.02634,45.58312],[-118.02634,45.5842],[-118.02672,45.5842],[-118.02672,45.58447],[-118.02749,45.58447],[-118.02749,45.58393],[-118.02788,45.58393],[-118.02788,45.58366],[-118.02826,45.58366],[-118.02826,45.58339]],[[-118.03712,45.59767],[-118.0375,45.59767],[-118.0375,45.59821],[-118.03789,45.59821],[-118.03789,45.59848],[-118.03866,45.59848],[-118.03866,45.59713],[-118.03827,45.59713],[-118.03827,45.59659],[-118.03712,45.59659],[-118.03712,45.59767]],[[-118.01401,45.59713],[-118.01517,45.59713],[-118.01517,45.59686],[-118.0144,45.59686],[-118.0144,45.59659],[-118.01401,45.59659],[-118.01401,45.59713]],[[-118.02403,45.59309],[-118.02287,45.59309],[-118.02287,45.5939],[-118.02326,45.5939],[-118.02326,45.59417],[-118.02364,45.59417],[-118.02364,45.59444],[-118.02403,45.59444],[-118.02403,45.59471],[-118.02441,45.59471],[-118.02441,45.59498],[-118.0248,45.59498],[-118.0248,45.59417],[-118.02441,45.59417],[-118.02441,45.59363],[-118.02403,45.59363],[-118.02403,45.59309]],[[-118.00208,45.58716],[-118.00285,45.58716],[-118.00285,45.58689],[-118.00477,45.58689],[-118.00477,45.58716],[-118.00516,45.58716],[-118.00516,45.58662],[-118.00208,45.58635],[-118.00208,45.58716]],[[-118.02403,45.58581],[-118.02364,45.58581],[-118.02364,45.58608],[-118.02403,45.58608],[-118.02403,45.58581]],[[-118.0221,45.58554],[-118.02171,45.58554],[-118.02171,45.58581],[-118.0221,45.58581],[-118.0221,45.58554]],[[-118.01786,45.58554],[-118.01748,45.58554],[-118.01748,45.58581],[-118.01786,45.58581],[-118.01786,45.58554]],[[-118.01093,45.58554],[-118.01055,45.58554],[-118.01055,45.58581],[-118.01093,45.58581],[-118.01093,45.58554]],[[-118.01709,45.58528],[-118.01671,45.58528],[-118.01671,45.58554],[-118.01709,45.58554],[-118.01709,45.58528]],[[-118.01748,45.58474],[-118.01709,45.58474],[-118.01709,45.58501],[-118.01748,45.58501],[-118.01748,45.58474]],[[-118.02403,45.58285],[-118.02364,45.58285],[-118.02364,45.58312],[-118.02403,45.58312],[-118.02403,45.58285]],[[-118.01401,45.58285],[-118.01363,45.58285],[-118.01363,45.58312],[-118.01401,45.58312],[-118.01401,45.58285]],[[-118.02441,45.58231],[-118.02403,45.58231],[-118.02403,45.58258],[-118.02441,45.58258],[-118.02441,45.58231]],[[-118.01363,45.58177],[-118.01324,45.58177],[-118.01324,45.58258],[-118.01363,45.58258],[-118.01363,45.58177]],[[-118.03173,45.57935],[-118.03134,45.57935],[-118.03134,45.57989],[-118.03096,45.57989],[-118.03096,45.58042],[-118.03134,45.58042],[-118.03134,45.58123],[-118.03211,45.5815],[-118.03211,45.58123],[-118.0325,45.58123],[-118.0325,45.57908],[-118.03173,45.57908],[-118.03173,45.57935]],[[-118.02326,45.58123],[-118.02287,45.58123],[-118.02287,45.5815],[-118.02326,45.5815],[-118.02326,45.58123]],[[-118.01478,45.58096],[-118.0144,45.58096],[-118.0144,45.58123],[-118.01478,45.58123],[-118.01478,45.58096]],[[-118.00708,45.57854],[-118.00631,45.57827],[-118.00631,45.57881],[-118.0067,45.57881],[-118.0067,45.57935],[-118.00708,45.57935],[-118.00708,45.57989],[-118.00785,45.57989],[-118.00785,45.57935],[-118.00708,45.57908],[-118.00708,45.57854]],[[-118.01401,45.57881],[-118.01363,45.57881],[-118.01363,45.57935],[-118.01401,45.57935],[-118.01401,45.57881]],[[-118.02056,45.57854],[-118.02017,45.57854],[-118.02017,45.57881],[-118.02056,45.57881],[-118.02056,45.57854]],[[-118.0194,45.57827],[-118.01902,45.57827],[-118.01902,45.57854],[-118.0194,45.57854],[-118.0194,45.57827]],[[-118.0144,45.57827],[-118.01401,45.57827],[-118.01401,45.57854],[-118.0144,45.57854],[-118.0144,45.57827]],[[-118.01825,45.57773],[-118.01786,45.57773],[-118.01786,45.578],[-118.01825,45.578],[-118.01825,45.57773]],[[-118.01709,45.57746],[-118.01671,45.57746],[-118.01671,45.57773],[-118.01709,45.57773],[-118.01709,45.57746]]],[[[-117.99091,45.5877],[-117.99091,45.58743],[-117.9913,45.58743],[-117.9913,45.5877],[-117.99091,45.5877]]],[[[-117.99168,45.58797],[-117.99168,45.5877],[-117.99207,45.5877],[-117.99207,45.58797],[-117.99168,45.58797]]],[[[-117.99399,45.59013],[-117.99515,45.59013],[-117.99515,45.5904],[-117.99399,45.5904],[-117.99399,45.59013]]],[[[-117.99707,45.59228],[-117.99746,45.59228],[-117.99746,45.59255],[-117.99707,45.59255],[-117.99707,45.59228]]]]},"properties":{"layer":"predicted_reach_h06","fire_name":"Middle_Ridge","irwin_id":"{2088689D-42B8-4A31-85B6-2CADB59BA127}","model":"arrival_run","checkpoint_epoch":216,"decode":"connected_causal","operating_point":{"floor":0.0,"mult":0.9},"val_precision":null,"val_recall":null,"model_caveat":"arrival_run chosen for best RECALL among the six FlameFlux v3 candidates on the production-valid t0-window corpus (R=0.624 on the fc2 held-out fires, R=0.432 on Dillon -- see candidate_comparison.md from the 2026-07-24 comparison). It does NOT meet the project's P>=0.50/R>=0.80 target: precision is the WORST of the six (P=0.120 on fc2 -- most flagged growth is wrong), and wind_run actually edges it on F1. IMPORTANT CAVEAT: arrival_run trained on the leaky 'observed' corpus (crop centered/sized on t0|t1, i.e. it saw the future perimeter's geometry during training) and has NEVER seen a t0-window crop -- the ONLY geometry this live pipeline can ever produce at forecast time (the future perimeter is, by definition, unknown). So every live prediction from this model is out-of-distribution relative to its own training. The measured t0-window numbers above already reflect that (they are not a surprise), but this is 'best available', not 'production-ready' -- represent it that way. The operating_point (floor=0.0, mult=0.9) is the VAL-selected connected-causal decode point; it did NOT clear the 0.50 precision floor during selection (feasible=False, val P=0.270/R=0.259) -- it's the best-F1 fallback point, not a precision-guaranteed one.","issued_at_utc":"2026-08-23 20:05:07.672141+00:00","valid_from_utc":"2026-08-23 00:00:00","valid_to_utc":"2026-08-24 00:00:00","wfigs_date_current_utc":"2026-08-23 16:41:28.079000+00:00","pixel_size_m":30,"veg_source":"refreshed_d4","physics_source":"eikonal_fbfm40","history_n_dates":1,"degraded_history":true,"containment_pct":0.0,"acres_wfigs":138.34560634370422,"hour":6,"valid_at_utc":"2026-08-23 06:00:00"}},{"type":"Feature","geometry":{"type":"MultiPolygon","coordinates":[[[[-118.01517,45.56884],[-118.01594,45.56884],[-118.01594,45.56857],[-118.01632,45.56857],[-118.01632,45.56884],[-118.01671,45.56884],[-118.01671,45.56911],[-118.01632,45.56911],[-118.01632,45.56937],[-118.01594,45.56937],[-118.01594,45.56964],[-118.01478,45.56964],[-118.01478,45.56937],[-118.01517,45.56937],[-118.01517,45.56884]]],[[[-118.01093,45.56937],[-118.01093,45.56911],[-118.01055,45.56911],[-118.01055,45.56884],[-118.01093,45.56884],[-118.01093,45.56857],[-118.01247,45.56857],[-118.01247,45.56884],[-118.01324,45.56884],[-118.01324,45.56911],[-118.01401,45.56911],[-118.01401,45.56937],[-118.0144,45.56937],[-118.0144,45.56991],[-118.01324,45.56991],[-118.01324,45.56964],[-118.01132,45.56964],[-118.01132,45.56937],[-118.01093,45.56937]]],[[[-118.03789,45.57827],[-118.03789,45.578],[-118.03712,45.578],[-118.03712,45.57692],[-118.03558,45.57692],[-118.03558,45.57638],[-118.03635,45.57638],[-118.03635,45.57665],[-118.03712,45.57665],[-118.03712,45.57638],[-118.0375,45.57638],[-118.0375,45.57665],[-118.03904,45.57665],[-118.03904,45.57692],[-118.03943,45.57692],[-118.03943,45.57854],[-118.03866,45.57881],[-118.03866,45.57854],[-118.03789,45.57827]]],[[[-118.04097,45.58042],[-118.04135,45.58042],[-118.04135,45.58015],[-118.04212,45.57989],[-118.04212,45.57908],[-118.04174,45.57908],[-118.04174,45.57773],[-118.04212,45.57773],[-118.04212,45.57827],[-118.04289,45.57827],[-118.04289,45.57881],[-118.04328,45.57881],[-118.04328,45.57989],[-118.04366,45.57989],[-118.04366,45.58015],[-118.04289,45.58015],[-118.04289,45.58042],[-118.04251,45.58042],[-118.04251,45.58069],[-118.04212,45.58069],[-118.04212,45.58096],[-118.04174,45.58096],[-118.04174,45.58123],[-118.04058,45.58123],[-118.04058,45.58069],[-118.04097,45.58069],[-118.04097,45.58042]]],[[[-118.03712,45.58258],[-118.03712,45.58231],[-118.0375,45.58231],[-118.0375,45.58258],[-118.03712,45.58258]]],[[[-118.01478,45.57234],[-118.01401,45.57234],[-118.01401,45.57153],[-118.01363,45.57153],[-118.01363,45.57126],[-118.01401,45.57126],[-118.01401,45.57072],[-118.01594,45.57072],[-118.01594,45.57018],[-118.01709,45.57018],[-118.01709,45.57045],[-118.01748,45.57045],[-118.01748,45.57126],[-118.01786,45.57126],[-118.01786,45.57153],[-118.01863,45.57153],[-118.01863,45.5718],[-118.01979,45.5718],[-118.01979,45.57207],[-118.02017,45.57207],[-118.02017,45.57288],[-118.02056,45.57288],[-118.02056,45.57342],[-118.02133,45.57342],[-118.02133,45.57315],[-118.02171,45.57315],[-118.02171,45.57288],[-118.02133,45.57288],[-118.02133,45.57261],[-118.02056,45.57234],[-118.02056,45.57099],[-118.02017,45.57099],[-118.02017,45.57018],[-118.01979,45.57018],[-118.01979,45.56991],[-118.0194,45.56991],[-118.0194,45.56964],[-118.01863,45.56964],[-118.01863,45.56937],[-118.01825,45.56937],[-118.01825,45.56911],[-118.01786,45.56911],[-118.01786,45.56857],[-118.01863,45.56857],[-118.01863,45.56884],[-118.01902,45.56884],[-118.01902,45.5683],[-118.0194,45.5683],[-118.0194,45.56857],[-118.02017,45.56884],[-118.02017,45.56937],[-118.02056,45.56937],[-118.02056,45.56991],[-118.02133,45.56991],[-118.02133,45.57018],[-118.02171,45.57018],[-118.02171,45.57072],[-118.0221,45.57072],[-118.0221,45.57099],[-118.02249,45.57099],[-118.02249,45.57126],[-118.02287,45.57126],[-118.02287,45.56991],[-118.02249,45.56991],[-118.02249,45.56964],[-118.02287,45.56964],[-118.02287,45.56937],[-118.0248,45.56937],[-118.0248,45.56911],[-118.02518,45.56911],[-118.02518,45.56884],[-118.02595,45.56884],[-118.02595,45.56937],[-118.02557,45.56937],[-118.02557,45.56964],[-118.02441,45.56964],[-118.02441,45.57126],[-118.02557,45.57126],[-118.02557,45.57153],[-118.02595,45.57153],[-118.02595,45.5718],[-118.02634,45.5718],[-118.02634,45.57153],[-118.02749,45.57153],[-118.02749,45.5718],[-118.02788,45.5718],[-118.02788,45.57261],[-118.02711,45.57261],[-118.02711,45.57315],[-118.02749,45.57315],[-118.02749,45.57342],[-118.02826,45.57342],[-118.02826,45.57369],[-118.02903,45.57369],[-118.02903,45.57342],[-118.03134,45.57342],[-118.03134,45.57423],[-118.03096,45.57423],[-118.03096,45.5745],[-118.03057,45.5745],[-118.03057,45.57396],[-118.03019,45.57396],[-118.03019,45.5745],[-118.0298,45.5745],[-118.0298,45.57476],[-118.02903,45.57476],[-118.02903,45.57503],[-118.02865,45.57503],[-118.02865,45.5753],[-118.02788,45.5753],[-118.02788,45.57557],[-118.02749,45.57557],[-118.02749,45.5753],[-118.02711,45.5753],[-118.02711,45.57503],[-118.02672,45.57503],[-118.02672,45.5753],[-118.02634,45.5753],[-118.02634,45.57611],[-118.02595,45.57611],[-118.02595,45.57665],[-118.02749,45.57665],[-118.02749,45.57692],[-118.02788,45.57692],[-118.02788,45.57746],[-118.02865,45.57746],[-118.02865,45.57719],[-118.02942,45.57719],[-118.02942,45.57692],[-118.03057,45.57692],[-118.03057,45.57719],[-118.03096,45.57719],[-118.03096,45.57746],[-118.03211,45.57746],[-118.03211,45.57719],[-118.03327,45.57719],[-118.03327,45.57692],[-118.03404,45.57719],[-118.03404,45.57773],[-118.03442,45.57773],[-118.03442,45.57989],[-118.03481,45.57989],[-118.03481,45.58258],[-118.03519,45.58258],[-118.03519,45.58285],[-118.03481,45.58285],[-118.03481,45.58393],[-118.03211,45.58393],[-118.03211,45.5842],[-118.0325,45.5842],[-118.0325,45.58528],[-118.03288,45.58528],[-118.03288,45.58581],[-118.03327,45.58581],[-118.03327,45.58554],[-118.03519,45.58554],[-118.03519,45.58581],[-118.03673,45.58581],[-118.03673,45.58635],[-118.03789,45.58635],[-118.03789,45.58662],[-118.03827,45.58662],[-118.03827,45.58689],[-118.03904,45.58689],[-118.03904,45.58743],[-118.03981,45.5877],[-118.03981,45.58851],[-118.0402,45.58851],[-118.0402,45.58905],[-118.04097,45.58932],[-118.04097,45.58986],[-118.04135,45.58986],[-118.04135,45.59013],[-118.04174,45.59013],[-118.04174,45.59066],[-118.04212,45.59066],[-118.04212,45.59147],[-118.04251,45.59147],[-118.04251,45.59201],[-118.04289,45.59201],[-118.04289,45.59228],[-118.04328,45.59228],[-118.04328,45.59255],[-118.04443,45.59255],[-118.04443,45.59282],[-118.04597,45.59255],[-118.04597,45.59309],[-118.04559,45.59309],[-118.04559,45.59417],[-118.04713,45.59444],[-118.04713,45.59498],[-118.04674,45.59498],[-118.04674,45.59525],[-118.0452,45.59525],[-118.0452,45.59498],[-118.04443,45.59498],[-118.04443,45.59471],[-118.04405,45.59471],[-118.04405,45.59444],[-118.04289,45.59444],[-118.04289,45.59417],[-118.04212,45.59417],[-118.04212,45.5939],[-118.04174,45.5939],[-118.04174,45.59309],[-118.04135,45.59309],[-118.04135,45.59282],[-118.04097,45.59282],[-118.04097,45.59255],[-118.04058,45.59255],[-118.04058,45.59228],[-118.0402,45.59228],[-118.0402,45.59201],[-118.03866,45.59201],[-118.03866,45.59174],[-118.03789,45.59147],[-118.03789,45.59013],[-118.03673,45.59013],[-118.03673,45.58986],[-118.03635,45.58986],[-118.03635,45.58932],[-118.03596,45.58932],[-118.03596,45.58824],[-118.03481,45.58824],[-118.03481,45.58851],[-118.03404,45.58824],[-118.03404,45.58797],[-118.03442,45.58797],[-118.03442,45.5877],[-118.03519,45.5877],[-118.03519,45.58743],[-118.03596,45.58716],[-118.03596,45.58689],[-118.03635,45.58689],[-118.03635,45.58635],[-118.03365,45.58635],[-118.03365,45.58608],[-118.03211,45.58608],[-118.03211,45.58635],[-118.03134,45.58662],[-118.03134,45.58716],[-118.03057,45.58743],[-118.03057,45.58797],[-118.03096,45.58797],[-118.03096,45.58824],[-118.03173,45.58851],[-118.03173,45.58878],[-118.0325,45.58878],[-118.0325,45.58905],[-118.03288,45.58905],[-118.03288,45.58932],[-118.03327,45.58932],[-118.03327,45.58959],[-118.03365,45.58959],[-118.03365,45.58986],[-118.03481,45.58986],[-118.03481,45.59013],[-118.03558,45.5904],[-118.03558,45.59066],[-118.03596,45.59066],[-118.03596,45.59093],[-118.03635,45.59093],[-118.03635,45.59147],[-118.03789,45.59174],[-118.03789,45.59201],[-118.03866,45.59228],[-118.03866,45.59309],[-118.03904,45.59309],[-118.03904,45.59363],[-118.03981,45.5939],[-118.03981,45.59444],[-118.0402,45.59444],[-118.0402,45.59471],[-118.04097,45.59471],[-118.04097,45.59498],[-118.04135,45.59498],[-118.04135,45.59525],[-118.04174,45.59525],[-118.04174,45.59552],[-118.04289,45.59552],[-118.04289,45.59579],[-118.04328,45.59579],[-118.04328,45.59605],[-118.04366,45.59605],[-118.04366,45.59632],[-118.04405,45.59632],[-118.04405,45.59686],[-118.04482,45.59686],[-118.04482,45.59956],[-118.04405,45.59956],[-118.04405,45.59983],[-118.04212,45.59983],[-118.04212,45.59956],[-118.04251,45.59956],[-118.04251,45.59848],[-118.04328,45.59848],[-118.04328,45.59767],[-118.04212,45.59767],[-118.04212,45.59821],[-118.04135,45.59848],[-118.04135,45.59902],[-118.04097,45.59902],[-118.04097,45.59929],[-118.04058,45.59929],[-118.04058,45.59956],[-118.03904,45.59956],[-118.03904,45.59983],[-118.03866,45.59983],[-118.03866,45.60091],[-118.03789,45.60091],[-118.03789,45.60118],[-118.03712,45.60118],[-118.03712,45.60144],[-118.03673,45.60144],[-118.03673,45.60171],[-118.03712,45.60171],[-118.03712,45.60198],[-118.03789,45.60198],[-118.03789,45.60279],[-118.0375,45.60279],[-118.0375,45.60333],[-118.03673,45.60333],[-118.03673,45.60387],[-118.03635,45.60387],[-118.03635,45.60441],[-118.03558,45.60414],[-118.03558,45.60279],[-118.03519,45.60279],[-118.03519,45.60252],[-118.03558,45.60252],[-118.03558,45.60171],[-118.03404,45.60144],[-118.03404,45.60171],[-118.03365,45.60171],[-118.03365,45.60225],[-118.03327,45.60225],[-118.03327,45.60279],[-118.0325,45.60279],[-118.0325,45.60225],[-118.03211,45.60225],[-118.03211,45.60171],[-118.03173,45.60171],[-118.03173,45.60091],[-118.03211,45.60091],[-118.03211,45.60064],[-118.0325,45.60064],[-118.0325,45.60037],[-118.03288,45.60037],[-118.03288,45.59956],[-118.03173,45.59956],[-118.03173,45.59983],[-118.03134,45.59983],[-118.03134,45.6001],[-118.03096,45.6001],[-118.03096,45.60118],[-118.03057,45.60118],[-118.03057,45.60091],[-118.0298,45.60091],[-118.0298,45.60064],[-118.02942,45.60064],[-118.02942,45.59956],[-118.02903,45.59956],[-118.02903,45.59902],[-118.02865,45.59902],[-118.02865,45.59875],[-118.02788,45.59848],[-118.02788,45.59821],[-118.02634,45.59821],[-118.02634,45.59794],[-118.02403,45.59794],[-118.02403,45.59767],[-118.02518,45.59767],[-118.02518,45.59713],[-118.0248,45.59713],[-118.0248,45.59686],[-118.02364,45.59686],[-118.02364,45.59713],[-118.02056,45.59686],[-118.02056,45.59713],[-118.01979,45.5974],[-118.01979,45.59794],[-118.0194,45.59794],[-118.0194,45.59767],[-118.01902,45.59767],[-118.01902,45.5974],[-118.01863,45.5974],[-118.01863,45.59713],[-118.01825,45.59713],[-118.01825,45.59659],[-118.01786,45.59659],[-118.01786,45.59632],[-118.01709,45.59632],[-118.01709,45.59659],[-118.01671,45.59659],[-118.01671,45.59713],[-118.01709,45.59713],[-118.01709,45.59767],[-118.01748,45.59767],[-118.01748,45.59794],[-118.01709,45.59794],[-118.01709,45.59902],[-118.01671,45.59902],[-118.01671,45.59956],[-118.01594,45.59956],[-118.01594,45.59929],[-118.01555,45.59929],[-118.01555,45.59848],[-118.0144,45.59848],[-118.0144,45.59821],[-118.01401,45.59821],[-118.01401,45.59794],[-118.01363,45.59794],[-118.01363,45.59767],[-118.01324,45.59767],[-118.01324,45.5974],[-118.01286,45.5974],[-118.01286,45.59713],[-118.01247,45.59713],[-118.01247,45.59686],[-118.01209,45.59686],[-118.01209,45.59552],[-118.0117,45.59552],[-118.0117,45.59525],[-118.01132,45.59525],[-118.01132,45.59498],[-118.01093,45.59498],[-118.01093,45.59471],[-118.01055,45.59471],[-118.01055,45.59444],[-118.01016,45.59444],[-118.01016,45.59417],[-118.00978,45.59417],[-118.00978,45.59363],[-118.00939,45.59363],[-118.00939,45.59336],[-118.00785,45.59309],[-118.00785,45.59282],[-118.00708,45.59255],[-118.00708,45.59228],[-118.00631,45.59228],[-118.00631,45.59201],[-118.00554,45.59201],[-118.00554,45.59174],[-118.00516,45.59174],[-118.00516,45.59147],[-118.00477,45.59147],[-118.00477,45.5912],[-118.00439,45.5912],[-118.00439,45.59093],[-118.004,45.59093],[-118.004,45.59066],[-118.00362,45.59066],[-118.00362,45.5904],[-118.00285,45.59013],[-118.00285,45.58986],[-118.00246,45.58986],[-118.00246,45.58959],[-118.00208,45.58959],[-118.00208,45.58932],[-118.00169,45.58932],[-118.00169,45.58878],[-118.00131,45.58878],[-118.00131,45.58851],[-118.00054,45.58824],[-118.00054,45.58797],[-117.99977,45.58797],[-117.99977,45.5877],[-117.999,45.5877],[-117.999,45.58743],[-117.99861,45.58743],[-117.99861,45.58662],[-118.00015,45.58608],[-118.00015,45.58581],[-117.99938,45.58554],[-117.99938,45.58528],[-117.99977,45.58528],[-117.99977,45.58501],[-118.00054,45.58501],[-118.00054,45.58528],[-118.00092,45.58528],[-118.00092,45.58608],[-118.00131,45.58608],[-118.00131,45.58581],[-118.00169,45.58581],[-118.00169,45.58554],[-118.00208,45.58554],[-118.00208,45.58528],[-118.00246,45.58528],[-118.00246,45.58501],[-118.00323,45.58501],[-118.00323,45.58474],[-118.004,45.58447],[-118.004,45.5842],[-118.00477,45.5842],[-118.00477,45.58312],[-118.00516,45.58312],[-118.00516,45.58285],[-118.0067,45.58285],[-118.0067,45.58312],[-118.00747,45.58312],[-118.00747,45.58339],[-118.00785,45.58339],[-118.00785,45.58285],[-118.00747,45.58285],[-118.00747,45.58231],[-118.00708,45.58231],[-118.00708,45.58204],[-118.0067,45.58204],[-118.0067,45.58177],[-118.00593,45.58177],[-118.00593,45.5815],[-118.00516,45.5815],[-118.00516,45.58177],[-118.00477,45.58177],[-118.00477,45.58231],[-118.00439,45.58231],[-118.00439,45.58258],[-118.00285,45.58258],[-118.00285,45.58231],[-118.00169,45.58231],[-118.00169,45.58204],[-118.00092,45.58204],[-118.00092,45.58177],[-118.00054,45.58177],[-118.00054,45.58123],[-118.00015,45.58123],[-118.00015,45.58096],[-118.00054,45.58096],[-118.00054,45.58069],[-118.00015,45.58069],[-118.00015,45.57908],[-117.99977,45.57908],[-117.99977,45.57854],[-117.999,45.57854],[-117.999,45.57827],[-117.99861,45.57827],[-117.99861,45.578],[-117.99823,45.578],[-117.99823,45.57773],[-117.99784,45.57773],[-117.99784,45.57746],[-117.99746,45.57746],[-117.99746,45.57773],[-117.99515,45.57746],[-117.99515,45.57692],[-117.99476,45.57692],[-117.99476,45.57611],[-117.99438,45.57611],[-117.99438,45.57557],[-117.99399,45.57557],[-117.99399,45.57503],[-117.99361,45.57503],[-117.99361,45.57476],[-117.99284,45.5745],[-117.99284,45.57423],[-117.99245,45.57423],[-117.99245,45.57369],[-117.99207,45.57369],[-117.99207,45.57315],[-117.99168,45.57315],[-117.99168,45.57234],[-117.9913,45.57234],[-117.9913,45.57072],[-117.99091,45.57072],[-117.99091,45.56991],[-117.9913,45.56991],[-117.9913,45.56964],[-117.99207,45.56964],[-117.99207,45.56991],[-117.99245,45.56991],[-117.99245,45.57018],[-117.99322,45.57018],[-117.99322,45.57072],[-117.99361,45.57072],[-117.99361,45.57126],[-117.99399,45.57126],[-117.99399,45.57153],[-117.99476,45.57153],[-117.99476,45.5718],[-117.99553,45.5718],[-117.99553,45.57207],[-117.99592,45.57207],[-117.99592,45.57261],[-117.99669,45.57261],[-117.99669,45.57288],[-117.99746,45.57288],[-117.99746,45.57261],[-117.99823,45.57261],[-117.99823,45.57234],[-117.999,45.57234],[-117.999,45.57207],[-117.99977,45.57207],[-117.99977,45.5718],[-118.00015,45.5718],[-118.00015,45.57207],[-118.00054,45.57207],[-118.00054,45.57234],[-118.00131,45.57234],[-118.00131,45.57261],[-118.00593,45.57288],[-118.00593,45.57207],[-118.00631,45.57207],[-118.00631,45.57153],[-118.00593,45.57153],[-118.00593,45.5718],[-118.00516,45.5718],[-118.00516,45.57207],[-118.00362,45.57207],[-118.00362,45.5718],[-118.00323,45.5718],[-118.00323,45.57153],[-118.00285,45.57153],[-118.00285,45.57126],[-118.00208,45.57126],[-118.00208,45.57099],[-118.00054,45.57099],[-118.00054,45.57126],[-117.99938,45.57126],[-117.99938,45.57099],[-117.999,45.57099],[-117.999,45.57045],[-117.99861,45.57045],[-117.99861,45.57018],[-117.99823,45.57018],[-117.99823,45.57072],[-117.99669,45.57072],[-117.99669,45.57099],[-117.99553,45.57099],[-117.99553,45.57072],[-117.99476,45.57045],[-117.99476,45.57018],[-117.99399,45.56991],[-117.99399,45.56937],[-117.99361,45.56937],[-117.99361,45.56911],[-117.99399,45.56911],[-117.99399,45.56884],[-117.99438,45.56884],[-117.99438,45.56857],[-117.99592,45.56857],[-117.99592,45.56884],[-117.9963,45.56884],[-117.9963,45.56911],[-117.99861,45.56937],[-117.99861,45.56964],[-117.999,45.56964],[-117.999,45.56991],[-117.99938,45.56991],[-117.99938,45.56964],[-118.00015,45.56964],[-118.00015,45.56937],[-118.00208,45.56937],[-118.00208,45.56911],[-118.00169,45.56911],[-118.00169,45.56884],[-118.00092,45.56884],[-118.00092,45.56857],[-118.00054,45.56857],[-118.00054,45.5683],[-118.00015,45.5683],[-118.00015,45.56803],[-118.00054,45.56803],[-118.00054,45.56776],[-118.00169,45.56776],[-118.00169,45.56803],[-118.00285,45.56803],[-118.00285,45.56776],[-118.00439,45.56776],[-118.00439,45.56803],[-118.00477,45.56803],[-118.00477,45.56776],[-118.00516,45.56776],[-118.00516,45.56695],[-118.00477,45.56695],[-118.00477,45.56614],[-118.00439,45.56614],[-118.00439,45.56587],[-118.004,45.56587],[-118.004,45.56533],[-118.00362,45.56533],[-118.00362,45.56506],[-118.00439,45.56506],[-118.00439,45.56533],[-118.00516,45.5656],[-118.00516,45.56614],[-118.00593,45.56614],[-118.00593,45.56641],[-118.0067,45.56668],[-118.0067,45.56776],[-118.00785,45.56776],[-118.00785,45.5683],[-118.00824,45.5683],[-118.00824,45.56884],[-118.00785,45.56884],[-118.00785,45.56911],[-118.00824,45.56911],[-118.00824,45.56937],[-118.00939,45.56937],[-118.00939,45.56991],[-118.00978,45.56991],[-118.00978,45.57045],[-118.01016,45.57045],[-118.01016,45.57099],[-118.00939,45.57099],[-118.00939,45.57126],[-118.00901,45.57126],[-118.00901,45.57153],[-118.00824,45.57153],[-118.00824,45.5718],[-118.00785,45.5718],[-118.00785,45.57207],[-118.00747,45.57207],[-118.00747,45.57234],[-118.00708,45.57234],[-118.00708,45.57315],[-118.00747,45.57315],[-118.00747,45.57288],[-118.00785,45.57288],[-118.00785,45.57261],[-118.00901,45.57261],[-118.00901,45.57234],[-118.0117,45.57234],[-118.0117,45.57261],[-118.01247,45.57261],[-118.01247,45.57288],[-118.01363,45.57288],[-118.01363,45.57261],[-118.01401,45.57261],[-118.01401,45.57288],[-118.01555,45.57315],[-118.01555,45.57288],[-118.01517,45.57288],[-118.01517,45.57261],[-118.01478,45.57261],[-118.01478,45.57234]],[[-118.01555,45.57342],[-118.01594,45.57342],[-118.01594,45.57369],[-118.01632,45.57369],[-118.01632,45.57315],[-118.01555,45.57315],[-118.01555,45.57342]],[[-118.03789,45.59659],[-118.03712,45.59686],[-118.03712,45.5974],[-118.03789,45.59767],[-118.03789,45.59821],[-118.03866,45.59821],[-118.03866,45.5974],[-118.03827,45.5974],[-118.03827,45.59686],[-118.03789,45.59686],[-118.03789,45.59659]],[[-118.02441,45.59471],[-118.0248,45.59471],[-118.0248,45.59444],[-118.02441,45.59444],[-118.02441,45.59471]],[[-118.02441,45.59363],[-118.02403,45.59363],[-118.02403,45.59336],[-118.02364,45.59336],[-118.02364,45.59309],[-118.02326,45.59309],[-118.02326,45.59417],[-118.02364,45.59417],[-118.02364,45.59444],[-118.02441,45.59444],[-118.02441,45.59363]],[[-118.02865,45.58716],[-118.02903,45.58716],[-118.02903,45.58743],[-118.0298,45.58743],[-118.0298,45.58716],[-118.02942,45.58716],[-118.02942,45.58689],[-118.02865,45.58689],[-118.02865,45.58716]],[[-118.00323,45.58662],[-118.00246,45.58662],[-118.00246,45.58689],[-118.00323,45.58689],[-118.00323,45.58662]],[[-118.02403,45.58581],[-118.02364,45.58581],[-118.02364,45.58608],[-118.02403,45.58608],[-118.02403,45.58581]],[[-118.0221,45.58554],[-118.02171,45.58554],[-118.02171,45.58581],[-118.0221,45.58581],[-118.0221,45.58554]],[[-118.01786,45.58554],[-118.01748,45.58554],[-118.01748,45.58581],[-118.01786,45.58581],[-118.01786,45.58554]],[[-118.01709,45.58528],[-118.01671,45.58528],[-118.01671,45.58554],[-118.01709,45.58554],[-118.01709,45.58528]],[[-118.01748,45.58474],[-118.01709,45.58474],[-118.01709,45.58501],[-118.01748,45.58501],[-118.01748,45.58474]],[[-118.02672,45.58339],[-118.02634,45.58339],[-118.02634,45.58393],[-118.02672,45.58393],[-118.02672,45.5842],[-118.02749,45.5842],[-118.02749,45.58339],[-118.02711,45.58339],[-118.02711,45.58312],[-118.02672,45.58312],[-118.02672,45.58339]],[[-118.02403,45.58285],[-118.02364,45.58285],[-118.02364,45.58312],[-118.02403,45.58312],[-118.02403,45.58285]],[[-118.01401,45.58285],[-118.01363,45.58285],[-118.01363,45.58312],[-118.01401,45.58312],[-118.01401,45.58285]],[[-118.02441,45.58231],[-118.02403,45.58231],[-118.02403,45.58258],[-118.02441,45.58258],[-118.02441,45.58231]],[[-118.01363,45.58177],[-118.01324,45.58177],[-118.01324,45.58258],[-118.01363,45.58258],[-118.01363,45.58177]],[[-118.02326,45.58123],[-118.02287,45.58123],[-118.02287,45.5815],[-118.02326,45.5815],[-118.02326,45.58123]],[[-118.01478,45.58096],[-118.0144,45.58096],[-118.0144,45.58123],[-118.01478,45.58123],[-118.01478,45.58096]],[[-118.03134,45.58069],[-118.03173,45.58069],[-118.03173,45.58096],[-118.0325,45.58096],[-118.0325,45.57935],[-118.03173,45.57935],[-118.03173,45.57962],[-118.03134,45.57962],[-118.03134,45.58069]],[[-118.00747,45.57935],[-118.00708,45.57935],[-118.00708,45.57962],[-118.00747,45.57962],[-118.00747,45.57935]],[[-118.01401,45.57881],[-118.01363,45.57881],[-118.01363,45.57935],[-118.01401,45.57935],[-118.01401,45.57881]],[[-118.02056,45.57854],[-118.02017,45.57854],[-118.02017,45.57881],[-118.02056,45.57881],[-118.02056,45.57854]],[[-118.0194,45.57827],[-118.01902,45.57827],[-118.01902,45.57854],[-118.0194,45.57854],[-118.0194,45.57827]],[[-118.0144,45.57827],[-118.01401,45.57827],[-118.01401,45.57854],[-118.0144,45.57854],[-118.0144,45.57827]],[[-118.01825,45.57773],[-118.01786,45.57773],[-118.01786,45.578],[-118.01825,45.578],[-118.01825,45.57773]],[[-118.01709,45.57746],[-118.01671,45.57746],[-118.01671,45.57773],[-118.01709,45.57773],[-118.01709,45.57746]],[[-118.02557,45.5753],[-118.02595,45.5753],[-118.02595,45.57476],[-118.02672,45.5745],[-118.02672,45.57369],[-118.02595,45.57369],[-118.02595,45.57396],[-118.02557,45.57396],[-118.02557,45.57476],[-118.0248,45.57503],[-118.0248,45.57557],[-118.02441,45.57557],[-118.02441,45.57638],[-118.0248,45.57638],[-118.0248,45.57611],[-118.02518,45.57611],[-118.02518,45.57584],[-118.02557,45.57584],[-118.02557,45.5753]],[[-117.99245,45.57153],[-117.99322,45.57153],[-117.99322,45.57126],[-117.99284,45.57126],[-117.99284,45.57045],[-117.99245,45.57045],[-117.99245,45.57153]],[[-118.00747,45.56911],[-118.00631,45.56911],[-118.00631,45.56964],[-118.00747,45.56964],[-118.00747,45.56911]],[[-118.00593,45.56884],[-118.00516,45.56884],[-118.00516,45.56911],[-118.004,45.56911],[-118.004,45.56884],[-118.00246,45.56884],[-118.00246,45.56937],[-118.004,45.56937],[-118.004,45.56964],[-118.00439,45.56964],[-118.00439,45.56937],[-118.00554,45.56937],[-118.00554,45.56911],[-118.00593,45.56911],[-118.00593,45.56884]]],[[[-118.04674,45.58797],[-118.04713,45.58797],[-118.04713,45.58878],[-118.04636,45.58878],[-118.04636,45.58824],[-118.04674,45.58824],[-118.04674,45.58797]]],[[[-118.04982,45.59821],[-118.04982,45.59848],[-118.04905,45.59848],[-118.04905,45.59875],[-118.04867,45.59875],[-118.04867,45.59794],[-118.05021,45.59794],[-118.05021,45.59821],[-118.04982,45.59821]]],[[[-118.01979,45.60091],[-118.01979,45.60064],[-118.02056,45.60037],[-118.02056,45.6001],[-118.02017,45.6001],[-118.02017,45.59983],[-118.02133,45.59983],[-118.02133,45.60091],[-118.02056,45.60091],[-118.02056,45.60118],[-118.01979,45.60144],[-118.01979,45.60171],[-118.01902,45.60171],[-118.01902,45.60118],[-118.01979,45.60091]]],[[[-118.04212,45.60171],[-118.04212,45.60144],[-118.04135,45.60144],[-118.04135,45.60091],[-118.04097,45.60091],[-118.04097,45.59983],[-118.04212,45.59983],[-118.04212,45.6001],[-118.04174,45.6001],[-118.04174,45.60091],[-118.04328,45.60091],[-118.04328,45.60118],[-118.04405,45.60144],[-118.04405,45.60225],[-118.04289,45.60225],[-118.04289,45.60198],[-118.04212,45.60171]]],[[[-118.05136,45.60225],[-118.05136,45.60198],[-118.05059,45.60171],[-118.05059,45.60091],[-118.04982,45.60064],[-118.04982,45.59983],[-118.05059,45.59983],[-118.05059,45.6001],[-118.05136,45.60037],[-118.05136,45.60064],[-118.0529,45.60037],[-118.0529,45.60118],[-118.05329,45.60118],[-118.05329,45.60171],[-118.05444,45.60171],[-118.05444,45.60225],[-118.05483,45.60225],[-118.05483,45.60279],[-118.05367,45.60279],[-118.05367,45.60252],[-118.0529,45.60252],[-118.0529,45.60225],[-118.05136,45.60225]]],[[[-118.03981,45.60171],[-118.03981,45.60144],[-118.0402,45.60144],[-118.0402,45.60225],[-118.03943,45.60198],[-118.03943,45.60171],[-118.03981,45.60171]]],[[[-118.01863,45.60198],[-118.01863,45.60171],[-118.01902,45.60171],[-118.01902,45.60198],[-118.01863,45.60198]]],[[[-118.03981,45.6036],[-118.04174,45.6036],[-118.04174,45.60387],[-118.04135,45.60387],[-118.04135,45.60414],[-118.04097,45.60414],[-118.04097,45.60441],[-118.04058,45.60441],[-118.04058,45.60414],[-118.03981,45.60414],[-118.03981,45.6036]]],[[[-117.99515,45.56749],[-117.99515,45.56776],[-117.99476,45.56776],[-117.99476,45.56803],[-117.99207,45.56803],[-117.99207,45.56722],[-117.99322,45.56722],[-117.99322,45.56749],[-117.99515,45.56749]]],[[[-117.99014,45.57989],[-117.99014,45.57962],[-117.98937,45.57962],[-117.98937,45.57881],[-117.98899,45.57881],[-117.98899,45.57854],[-117.98976,45.57854],[-117.98976,45.57881],[-117.99014,45.57881],[-117.99014,45.57908],[-117.99207,45.57908],[-117.99207,45.57881],[-117.99361,45.57881],[-117.99361,45.57935],[-117.99322,45.57935],[-117.99322,45.57962],[-117.99284,45.57962],[-117.99284,45.57989],[-117.99245,45.57989],[-117.99245,45.58015],[-117.99207,45.58015],[-117.99207,45.58042],[-117.99091,45.58042],[-117.99091,45.58015],[-117.99014,45.57989]]],[[[-117.99284,45.58393],[-117.99284,45.58366],[-117.99245,45.58366],[-117.99245,45.58339],[-117.99168,45.58339],[-117.99168,45.58285],[-117.9913,45.58285],[-117.9913,45.58258],[-117.99207,45.58231],[-117.99207,45.58177],[-117.99284,45.58177],[-117.99284,45.58204],[-117.99322,45.58204],[-117.99322,45.58231],[-117.99399,45.58231],[-117.99399,45.58258],[-117.99438,45.58258],[-117.99438,45.58312],[-117.99476,45.58312],[-117.99476,45.58339],[-117.99515,45.58339],[-117.99515,45.58366],[-117.9963,45.58366],[-117.9963,45.5842],[-117.99669,45.5842],[-117.99669,45.58447],[-117.99361,45.58447],[-117.99361,45.5842],[-117.99284,45.58393]]],[[[-117.99746,45.58528],[-117.99746,45.58501],[-117.99784,45.58501],[-117.99784,45.58528],[-117.99746,45.58528]]],[[[-117.99245,45.58716],[-117.99245,45.58689],[-117.99284,45.58689],[-117.99284,45.58716],[-117.99245,45.58716]]],[[[-117.99053,45.58743],[-117.99053,45.58689],[-117.99091,45.58689],[-117.99091,45.58743],[-117.99053,45.58743]]],[[[-117.99245,45.5877],[-117.99245,45.58743],[-117.99284,45.58743],[-117.99284,45.5877],[-117.99245,45.5877]]],[[[-117.99091,45.5877],[-117.99091,45.58743],[-117.9913,45.58743],[-117.9913,45.5877],[-117.99091,45.5877]]],[[[-117.99245,45.5877],[-117.99245,45.58797],[-117.9913,45.58797],[-117.9913,45.5877],[-117.99245,45.5877]]],[[[-117.99322,45.58932],[-117.99322,45.58878],[-117.99361,45.58878],[-117.99361,45.58851],[-117.99438,45.58851],[-117.99438,45.58905],[-117.99399,45.58905],[-117.99399,45.58986],[-117.99322,45.58986],[-117.99322,45.58959],[-117.99361,45.58959],[-117.99361,45.58932],[-117.99322,45.58932]]],[[[-117.99438,45.59066],[-117.99438,45.5904],[-117.99399,45.5904],[-117.99399,45.58986],[-117.99515,45.58986],[-117.99515,45.5904],[-117.99438,45.59066]]],[[[-117.99707,45.59255],[-117.99707,45.59228],[-117.99784,45.59228],[-117.99784,45.59255],[-117.99707,45.59255]]],[[[-117.99823,45.59255],[-117.99823,45.59282],[-117.99784,45.59282],[-117.99784,45.59255],[-117.99823,45.59255]]]]},"properties":{"layer":"predicted_reach_h07","fire_name":"Middle_Ridge","irwin_id":"{2088689D-42B8-4A31-85B6-2CADB59BA127}","model":"arrival_run","checkpoint_epoch":216,"decode":"connected_causal","operating_point":{"floor":0.0,"mult":0.9},"val_precision":null,"val_recall":null,"model_caveat":"arrival_run chosen for best RECALL among the six FlameFlux v3 candidates on the production-valid t0-window corpus (R=0.624 on the fc2 held-out fires, R=0.432 on Dillon -- see candidate_comparison.md from the 2026-07-24 comparison). It does NOT meet the project's P>=0.50/R>=0.80 target: precision is the WORST of the six (P=0.120 on fc2 -- most flagged growth is wrong), and wind_run actually edges it on F1. IMPORTANT CAVEAT: arrival_run trained on the leaky 'observed' corpus (crop centered/sized on t0|t1, i.e. it saw the future perimeter's geometry during training) and has NEVER seen a t0-window crop -- the ONLY geometry this live pipeline can ever produce at forecast time (the future perimeter is, by definition, unknown). So every live prediction from this model is out-of-distribution relative to its own training. The measured t0-window numbers above already reflect that (they are not a surprise), but this is 'best available', not 'production-ready' -- represent it that way. The operating_point (floor=0.0, mult=0.9) is the VAL-selected connected-causal decode point; it did NOT clear the 0.50 precision floor during selection (feasible=False, val P=0.270/R=0.259) -- it's the best-F1 fallback point, not a precision-guaranteed one.","issued_at_utc":"2026-08-23 20:05:07.672141+00:00","valid_from_utc":"2026-08-23 00:00:00","valid_to_utc":"2026-08-24 00:00:00","wfigs_date_current_utc":"2026-08-23 16:41:28.079000+00:00","pixel_size_m":30,"veg_source":"refreshed_d4","physics_source":"eikonal_fbfm40","history_n_dates":1,"degraded_history":true,"containment_pct":0.0,"acres_wfigs":138.34560634370422,"hour":7,"valid_at_utc":"2026-08-23 07:00:00"}},{"type":"Feature","geometry":{"type":"MultiPolygon","coordinates":[[[[-118.01247,45.56964],[-118.01247,45.56991],[-118.01132,45.56991],[-118.01132,45.56964],[-118.01055,45.56937],[-118.01055,45.56857],[-118.01286,45.56857],[-118.01286,45.56884],[-118.01363,45.56884],[-118.01363,45.56911],[-118.0144,45.56911],[-118.0144,45.56937],[-118.01478,45.56937],[-118.01478,45.56884],[-118.01555,45.56884],[-118.01555,45.56857],[-118.01671,45.56857],[-118.01671,45.56937],[-118.01632,45.56937],[-118.01632,45.56964],[-118.01555,45.56964],[-118.01555,45.56991],[-118.01324,45.57018],[-118.01324,45.56991],[-118.01247,45.56964]]],[[[-118.0375,45.57827],[-118.0375,45.578],[-118.03712,45.578],[-118.03712,45.57692],[-118.03558,45.57719],[-118.03558,45.57638],[-118.03635,45.57638],[-118.03635,45.57665],[-118.03712,45.57665],[-118.03712,45.57638],[-118.03789,45.57638],[-118.03789,45.57665],[-118.03943,45.57665],[-118.03943,45.57881],[-118.03866,45.57908],[-118.03866,45.57881],[-118.03827,45.57881],[-118.03827,45.57827],[-118.0375,45.57827]]],[[[-118.04097,45.58042],[-118.04097,45.58015],[-118.04174,45.58015],[-118.04174,45.57962],[-118.04212,45.57962],[-118.04212,45.57935],[-118.04174,45.57935],[-118.04174,45.57881],[-118.04135,45.57881],[-118.04135,45.57908],[-118.04097,45.57908],[-118.04097,45.57935],[-118.04058,45.57935],[-118.04058,45.57854],[-118.04174,45.57854],[-118.04174,45.578],[-118.04135,45.578],[-118.04135,45.57773],[-118.04212,45.57773],[-118.04212,45.57827],[-118.04289,45.57827],[-118.04289,45.57881],[-118.04328,45.57881],[-118.04328,45.57989],[-118.04366,45.57989],[-118.04366,45.58015],[-118.04328,45.58015],[-118.04328,45.58042],[-118.04289,45.58042],[-118.04289,45.58069],[-118.04212,45.58069],[-118.04212,45.58096],[-118.04135,45.58123],[-118.04135,45.5815],[-118.04058,45.58123],[-118.04058,45.58042],[-118.04097,45.58042]]],[[[-118.0375,45.58204],[-118.0375,45.58231],[-118.03789,45.58231],[-118.03789,45.58258],[-118.0375,45.58258],[-118.0375,45.58285],[-118.03673,45.58258],[-118.03673,45.58204],[-118.0375,45.58204]]],[[[-118.03827,45.60091],[-118.03827,45.60118],[-118.03712,45.60118],[-118.03712,45.60171],[-118.0375,45.60171],[-118.0375,45.60198],[-118.03827,45.60198],[-118.03827,45.60279],[-118.03789,45.60279],[-118.03789,45.60306],[-118.03712,45.60333],[-118.03712,45.6036],[-118.03635,45.60387],[-118.03635,45.60441],[-118.03558,45.60441],[-118.03558,45.60333],[-118.03519,45.60333],[-118.03519,45.60171],[-118.03404,45.60171],[-118.03404,45.60198],[-118.03365,45.60198],[-118.03365,45.60279],[-118.03288,45.60279],[-118.03288,45.60306],[-118.0325,45.60306],[-118.0325,45.60279],[-118.03211,45.60279],[-118.03211,45.60198],[-118.03173,45.60198],[-118.03173,45.60144],[-118.03134,45.60144],[-118.03134,45.60118],[-118.03019,45.60118],[-118.03019,45.60091],[-118.02942,45.60064],[-118.02942,45.59956],[-118.02903,45.59956],[-118.02903,45.59929],[-118.02865,45.59929],[-118.02865,45.59902],[-118.02826,45.59902],[-118.02826,45.59848],[-118.02711,45.59848],[-118.02711,45.59821],[-118.02518,45.59821],[-118.02518,45.59848],[-118.02441,45.59848],[-118.02441,45.59821],[-118.02364,45.59821],[-118.02364,45.59794],[-118.02326,45.59794],[-118.02326,45.59767],[-118.02364,45.59767],[-118.02364,45.5974],[-118.02326,45.5974],[-118.02326,45.59713],[-118.02056,45.59713],[-118.02056,45.5974],[-118.02017,45.5974],[-118.02017,45.59821],[-118.0194,45.59821],[-118.0194,45.59794],[-118.01863,45.59794],[-118.01863,45.5974],[-118.01825,45.5974],[-118.01825,45.59713],[-118.01786,45.59713],[-118.01786,45.59686],[-118.01748,45.59686],[-118.01748,45.59821],[-118.01709,45.59821],[-118.01709,45.59902],[-118.01671,45.59902],[-118.01671,45.59956],[-118.01555,45.59956],[-118.01555,45.59848],[-118.0144,45.59848],[-118.0144,45.59821],[-118.01401,45.59821],[-118.01401,45.59794],[-118.01363,45.59794],[-118.01363,45.59767],[-118.01324,45.59767],[-118.01324,45.5974],[-118.01286,45.5974],[-118.01286,45.59713],[-118.01247,45.59713],[-118.01247,45.59686],[-118.01209,45.59686],[-118.01209,45.59552],[-118.0117,45.59552],[-118.0117,45.59525],[-118.01132,45.59525],[-118.01132,45.59498],[-118.01055,45.59471],[-118.01055,45.59444],[-118.00978,45.59417],[-118.00978,45.5939],[-118.00939,45.5939],[-118.00939,45.59336],[-118.00824,45.59336],[-118.00824,45.59309],[-118.00785,45.59309],[-118.00785,45.59282],[-118.00708,45.59282],[-118.00708,45.59255],[-118.00631,45.59228],[-118.00631,45.59201],[-118.00554,45.59201],[-118.00554,45.59174],[-118.00477,45.59147],[-118.00477,45.5912],[-118.004,45.59093],[-118.004,45.59066],[-118.00323,45.59066],[-118.00323,45.5904],[-118.00285,45.5904],[-118.00285,45.58986],[-118.00246,45.58986],[-118.00246,45.58959],[-118.00169,45.58932],[-118.00169,45.58905],[-118.00092,45.58878],[-118.00092,45.58824],[-118.00015,45.58824],[-118.00015,45.58797],[-117.99938,45.58797],[-117.99938,45.5877],[-117.99861,45.5877],[-117.99861,45.58716],[-117.99823,45.58716],[-117.99823,45.58689],[-117.99861,45.58689],[-117.99861,45.58635],[-117.999,45.58635],[-117.999,45.58581],[-117.99861,45.58581],[-117.99861,45.58554],[-117.99707,45.58528],[-117.99707,45.58501],[-117.99669,45.58501],[-117.99669,45.58474],[-117.99438,45.58474],[-117.99438,45.58447],[-117.99361,45.58447],[-117.99361,45.5842],[-117.99322,45.5842],[-117.99322,45.58393],[-117.99284,45.58393],[-117.99284,45.58366],[-117.99207,45.58366],[-117.99207,45.58339],[-117.99168,45.58339],[-117.99168,45.58285],[-117.9913,45.58285],[-117.9913,45.58258],[-117.99207,45.58231],[-117.99207,45.58177],[-117.99284,45.58177],[-117.99284,45.58204],[-117.99322,45.58204],[-117.99322,45.58231],[-117.99399,45.58231],[-117.99399,45.58258],[-117.99476,45.58285],[-117.99476,45.58339],[-117.99515,45.58339],[-117.99515,45.58366],[-117.99553,45.58366],[-117.99553,45.58339],[-117.9963,45.58339],[-117.9963,45.58393],[-117.99669,45.58393],[-117.99669,45.5842],[-117.99707,45.5842],[-117.99707,45.58447],[-117.99746,45.58447],[-117.99746,45.58474],[-117.99784,45.58474],[-117.99784,45.58501],[-117.99861,45.58501],[-117.99861,45.58528],[-117.99938,45.58528],[-117.99938,45.58501],[-118.00092,45.58501],[-118.00092,45.58554],[-118.00169,45.58554],[-118.00169,45.58528],[-118.00208,45.58528],[-118.00208,45.58501],[-118.00285,45.58501],[-118.00285,45.58474],[-118.00362,45.58447],[-118.00362,45.5842],[-118.00439,45.5842],[-118.00439,45.58366],[-118.00477,45.58366],[-118.00477,45.58285],[-118.00708,45.58285],[-118.00708,45.58312],[-118.00785,45.58312],[-118.00785,45.58285],[-118.00747,45.58285],[-118.00747,45.58231],[-118.00708,45.58231],[-118.00708,45.58204],[-118.00631,45.58204],[-118.00631,45.58177],[-118.00477,45.58177],[-118.00477,45.58231],[-118.00439,45.58231],[-118.00439,45.58258],[-118.00246,45.58258],[-118.00246,45.58231],[-118.00092,45.58204],[-118.00092,45.58177],[-118.00015,45.5815],[-118.00015,45.57962],[-117.99977,45.57962],[-117.99977,45.57881],[-117.99938,45.57881],[-117.99938,45.57854],[-117.999,45.57854],[-117.999,45.57827],[-117.99861,45.57827],[-117.99861,45.578],[-117.99823,45.578],[-117.99823,45.57773],[-117.99592,45.57773],[-117.99592,45.57746],[-117.99476,45.57746],[-117.99476,45.57638],[-117.99438,45.57638],[-117.99438,45.57584],[-117.99399,45.57584],[-117.99399,45.5753],[-117.99361,45.5753],[-117.99361,45.57503],[-117.99322,45.57503],[-117.99322,45.57476],[-117.99284,45.57476],[-117.99284,45.57423],[-117.99245,45.57423],[-117.99245,45.57369],[-117.99207,45.57369],[-117.99207,45.57315],[-117.99168,45.57315],[-117.99168,45.57234],[-117.9913,45.57234],[-117.9913,45.57099],[-117.99091,45.57099],[-117.99091,45.56991],[-117.9913,45.56991],[-117.9913,45.56964],[-117.99207,45.56964],[-117.99207,45.56991],[-117.99245,45.56991],[-117.99245,45.57018],[-117.99322,45.57018],[-117.99322,45.57072],[-117.99361,45.57072],[-117.99361,45.57099],[-117.99399,45.57099],[-117.99399,45.57126],[-117.99438,45.57126],[-117.99438,45.57153],[-117.99476,45.57153],[-117.99476,45.5718],[-117.99553,45.5718],[-117.99553,45.57207],[-117.99592,45.57207],[-117.99592,45.57234],[-117.9963,45.57234],[-117.9963,45.57261],[-117.99823,45.57261],[-117.99823,45.57234],[-117.99861,45.57234],[-117.99861,45.57207],[-117.99938,45.57207],[-117.99938,45.5718],[-118.00015,45.57153],[-118.00015,45.57126],[-117.99938,45.57126],[-117.99938,45.57099],[-117.999,45.57099],[-117.999,45.57072],[-117.99784,45.57072],[-117.99784,45.57099],[-117.99553,45.57099],[-117.99553,45.57072],[-117.99476,45.57072],[-117.99476,45.57018],[-117.99399,45.56991],[-117.99399,45.56937],[-117.99361,45.56937],[-117.99361,45.56911],[-117.99399,45.56911],[-117.99399,45.56884],[-117.99438,45.56884],[-117.99438,45.56857],[-117.99592,45.56857],[-117.99592,45.56884],[-117.99669,45.56884],[-117.99669,45.56911],[-117.99861,45.56911],[-117.99861,45.56937],[-117.999,45.56937],[-117.999,45.56964],[-117.99977,45.56964],[-117.99977,45.56937],[-118.00092,45.56937],[-118.00092,45.56911],[-118.00131,45.56911],[-118.00131,45.56884],[-118.00092,45.56884],[-118.00092,45.56857],[-118.00054,45.56857],[-118.00054,45.5683],[-118.00015,45.5683],[-118.00015,45.56776],[-118.00169,45.56776],[-118.00169,45.56803],[-118.00285,45.56803],[-118.00285,45.56776],[-118.00477,45.56776],[-118.00477,45.56641],[-118.004,45.56614],[-118.004,45.5656],[-118.00362,45.5656],[-118.00362,45.56506],[-118.00516,45.56533],[-118.00516,45.56587],[-118.00554,45.56587],[-118.00554,45.56614],[-118.00593,45.56614],[-118.00593,45.56641],[-118.0067,45.56641],[-118.0067,45.56722],[-118.00708,45.56722],[-118.00708,45.56776],[-118.00785,45.56776],[-118.00785,45.56803],[-118.00824,45.56803],[-118.00824,45.56911],[-118.00862,45.56911],[-118.00862,45.56937],[-118.00939,45.56937],[-118.00939,45.56964],[-118.01016,45.56991],[-118.01016,45.57099],[-118.00978,45.57099],[-118.00978,45.57126],[-118.00901,45.57126],[-118.00901,45.57153],[-118.00862,45.57153],[-118.00862,45.5718],[-118.00824,45.5718],[-118.00824,45.57207],[-118.00785,45.57207],[-118.00785,45.57234],[-118.00747,45.57234],[-118.00747,45.57261],[-118.00862,45.57261],[-118.00862,45.57234],[-118.01093,45.57234],[-118.01093,45.57207],[-118.01132,45.57207],[-118.01132,45.57234],[-118.0117,45.57234],[-118.0117,45.57261],[-118.01401,45.57261],[-118.01401,45.57207],[-118.01363,45.57207],[-118.01363,45.57099],[-118.01401,45.57099],[-118.01401,45.57072],[-118.01363,45.57072],[-118.01363,45.57045],[-118.01517,45.57045],[-118.01517,45.57072],[-118.01555,45.57072],[-118.01555,45.57018],[-118.01594,45.57018],[-118.01594,45.56991],[-118.01709,45.56991],[-118.01709,45.57018],[-118.01786,45.57045],[-118.01786,45.57126],[-118.01825,45.57126],[-118.01825,45.57153],[-118.01863,45.57153],[-118.01863,45.5718],[-118.02056,45.5718],[-118.02056,45.57126],[-118.02017,45.57126],[-118.02017,45.57018],[-118.01979,45.57018],[-118.01979,45.56991],[-118.0194,45.56991],[-118.0194,45.56964],[-118.01863,45.56964],[-118.01863,45.56937],[-118.01825,45.56937],[-118.01825,45.56911],[-118.01786,45.56911],[-118.01786,45.56857],[-118.01825,45.56857],[-118.01825,45.5683],[-118.01863,45.5683],[-118.01863,45.56884],[-118.01902,45.56884],[-118.01902,45.5683],[-118.01979,45.5683],[-118.01979,45.56857],[-118.02017,45.56857],[-118.02017,45.56911],[-118.02056,45.56911],[-118.02056,45.56964],[-118.02094,45.56964],[-118.02094,45.56991],[-118.02171,45.56991],[-118.02171,45.57018],[-118.0221,45.57018],[-118.0221,45.56964],[-118.02249,45.56964],[-118.02249,45.56937],[-118.02326,45.56937],[-118.02326,45.56911],[-118.02518,45.56911],[-118.02518,45.56884],[-118.02595,45.56884],[-118.02595,45.56964],[-118.02557,45.56964],[-118.02557,45.56991],[-118.0248,45.56991],[-118.0248,45.57126],[-118.02557,45.57126],[-118.02557,45.57153],[-118.02749,45.57153],[-118.02749,45.5718],[-118.02826,45.57207],[-118.02826,45.57261],[-118.02788,45.57261],[-118.02788,45.57315],[-118.02826,45.57315],[-118.02826,45.57342],[-118.03019,45.57342],[-118.03019,45.57315],[-118.03057,45.57315],[-118.03057,45.57342],[-118.03134,45.57342],[-118.03134,45.57396],[-118.03173,45.57396],[-118.03173,45.5745],[-118.03057,45.5745],[-118.03057,45.57476],[-118.0298,45.57476],[-118.0298,45.57503],[-118.02865,45.57503],[-118.02865,45.5753],[-118.02826,45.5753],[-118.02826,45.57557],[-118.02634,45.57557],[-118.02634,45.57665],[-118.02826,45.57665],[-118.02826,45.57746],[-118.02865,45.57746],[-118.02865,45.57719],[-118.02903,45.57719],[-118.02903,45.57692],[-118.03096,45.57692],[-118.03096,45.57719],[-118.03134,45.57719],[-118.03134,45.57746],[-118.03173,45.57746],[-118.03173,45.57719],[-118.03288,45.57719],[-118.03288,45.57692],[-118.03404,45.57692],[-118.03404,45.57746],[-118.03442,45.57746],[-118.03442,45.578],[-118.03481,45.578],[-118.03481,45.57962],[-118.03519,45.57962],[-118.03519,45.58069],[-118.03481,45.58069],[-118.03481,45.58123],[-118.03519,45.58123],[-118.03519,45.58366],[-118.03481,45.58366],[-118.03481,45.58393],[-118.03442,45.58393],[-118.03442,45.5842],[-118.03404,45.5842],[-118.03404,45.58393],[-118.03288,45.58393],[-118.03288,45.58528],[-118.03327,45.58528],[-118.03327,45.58554],[-118.03442,45.58554],[-118.03442,45.58528],[-118.03519,45.58528],[-118.03519,45.58554],[-118.03596,45.58554],[-118.03596,45.58581],[-118.03635,45.58581],[-118.03635,45.58554],[-118.03712,45.58554],[-118.03712,45.58608],[-118.0375,45.58608],[-118.0375,45.58635],[-118.03827,45.58635],[-118.03827,45.58662],[-118.03866,45.58662],[-118.03866,45.58689],[-118.03904,45.58689],[-118.03904,45.58716],[-118.03943,45.58716],[-118.03943,45.5877],[-118.0402,45.58797],[-118.0402,45.58905],[-118.04097,45.58932],[-118.04097,45.58986],[-118.04174,45.59013],[-118.04174,45.59066],[-118.04251,45.59093],[-118.04251,45.59201],[-118.04289,45.59201],[-118.04289,45.59228],[-118.04366,45.59228],[-118.04366,45.59255],[-118.04597,45.59255],[-118.04597,45.5939],[-118.04674,45.5939],[-118.04674,45.59417],[-118.04713,45.59417],[-118.04713,45.59525],[-118.0452,45.59525],[-118.0452,45.59498],[-118.04366,45.59471],[-118.04366,45.59444],[-118.04212,45.59444],[-118.04212,45.59417],[-118.04174,45.59417],[-118.04174,45.59336],[-118.04135,45.59336],[-118.04135,45.59309],[-118.04058,45.59282],[-118.04058,45.59255],[-118.03943,45.59255],[-118.03943,45.59228],[-118.03904,45.59228],[-118.03904,45.59336],[-118.03981,45.59363],[-118.03981,45.59417],[-118.0402,45.59417],[-118.0402,45.59471],[-118.04097,45.59471],[-118.04097,45.59498],[-118.04135,45.59498],[-118.04135,45.59525],[-118.04212,45.59525],[-118.04212,45.59552],[-118.04289,45.59552],[-118.04289,45.59579],[-118.04366,45.59579],[-118.04366,45.59605],[-118.04405,45.59605],[-118.04405,45.59659],[-118.04443,45.59659],[-118.04443,45.59686],[-118.0452,45.59686],[-118.0452,45.59713],[-118.04482,45.59713],[-118.04482,45.59875],[-118.0452,45.59875],[-118.0452,45.59902],[-118.04482,45.59902],[-118.04482,45.59956],[-118.04443,45.59956],[-118.04443,45.59983],[-118.04366,45.59983],[-118.04366,45.6001],[-118.04212,45.6001],[-118.04212,45.60037],[-118.04174,45.60037],[-118.04174,45.60064],[-118.04328,45.60091],[-118.04328,45.60118],[-118.04366,45.60118],[-118.04366,45.60144],[-118.04405,45.60144],[-118.04405,45.60171],[-118.04443,45.60171],[-118.04443,45.60225],[-118.04405,45.60225],[-118.04405,45.60252],[-118.04328,45.60252],[-118.04328,45.60225],[-118.04289,45.60225],[-118.04289,45.60198],[-118.04251,45.60198],[-118.04251,45.60171],[-118.04097,45.60144],[-118.04097,45.60064],[-118.04058,45.60064],[-118.04058,45.6001],[-118.04097,45.6001],[-118.04097,45.59956],[-118.03904,45.59956],[-118.03904,45.59983],[-118.03866,45.59983],[-118.03866,45.60091],[-118.03827,45.60091]],[[-118.0221,45.57045],[-118.02249,45.57045],[-118.02249,45.57018],[-118.0221,45.57018],[-118.0221,45.57045]],[[-118.03904,45.59201],[-118.03866,45.59201],[-118.03866,45.59228],[-118.03904,45.59228],[-118.03904,45.59201]],[[-118.04212,45.59956],[-118.04212,45.59848],[-118.04174,45.59848],[-118.04174,45.59875],[-118.04135,45.59875],[-118.04135,45.59902],[-118.04097,45.59902],[-118.04097,45.59956],[-118.04212,45.59956]],[[-118.04328,45.59848],[-118.04328,45.59794],[-118.04289,45.59794],[-118.04289,45.59767],[-118.04212,45.59794],[-118.04212,45.59848],[-118.04328,45.59848]],[[-118.0325,45.59956],[-118.03173,45.59983],[-118.03173,45.60037],[-118.0325,45.60037],[-118.0325,45.6001],[-118.03288,45.6001],[-118.03288,45.59983],[-118.0325,45.59983],[-118.0325,45.59956]],[[-118.03827,45.59686],[-118.0375,45.59686],[-118.0375,45.59767],[-118.03827,45.59767],[-118.03827,45.59686]],[[-118.02326,45.5939],[-118.02364,45.5939],[-118.02364,45.59417],[-118.02403,45.59417],[-118.02403,45.59444],[-118.02441,45.59444],[-118.02441,45.5939],[-118.02403,45.5939],[-118.02403,45.59336],[-118.02326,45.59336],[-118.02326,45.5939]],[[-118.03712,45.59013],[-118.03635,45.59013],[-118.03635,45.58986],[-118.03596,45.58986],[-118.03596,45.58878],[-118.03558,45.58878],[-118.03558,45.58851],[-118.03404,45.58851],[-118.03404,45.58824],[-118.03327,45.58797],[-118.03327,45.5877],[-118.03519,45.5877],[-118.03519,45.58743],[-118.03596,45.58716],[-118.03596,45.58635],[-118.03211,45.58635],[-118.03211,45.58662],[-118.03173,45.58662],[-118.03173,45.58824],[-118.03211,45.58824],[-118.03211,45.58851],[-118.0325,45.58851],[-118.0325,45.58878],[-118.03327,45.58878],[-118.03327,45.58905],[-118.03365,45.58905],[-118.03365,45.58986],[-118.03519,45.58986],[-118.03519,45.5904],[-118.03558,45.5904],[-118.03558,45.59066],[-118.03596,45.59066],[-118.03596,45.59093],[-118.03635,45.59093],[-118.03635,45.59147],[-118.0375,45.59147],[-118.0375,45.59093],[-118.03789,45.59093],[-118.03789,45.5904],[-118.03712,45.5904],[-118.03712,45.59013]],[[-118.02403,45.58581],[-118.02364,45.58581],[-118.02364,45.58608],[-118.02403,45.58608],[-118.02403,45.58581]],[[-118.0221,45.58554],[-118.02171,45.58554],[-118.02171,45.58581],[-118.0221,45.58581],[-118.0221,45.58554]],[[-118.01786,45.58554],[-118.01748,45.58554],[-118.01748,45.58581],[-118.01786,45.58581],[-118.01786,45.58554]],[[-118.01709,45.58528],[-118.01671,45.58528],[-118.01671,45.58554],[-118.01709,45.58554],[-118.01709,45.58528]],[[-118.01748,45.58474],[-118.01709,45.58474],[-118.01709,45.58501],[-118.01748,45.58501],[-118.01748,45.58474]],[[-118.02711,45.58339],[-118.02634,45.58339],[-118.02634,45.58393],[-118.02711,45.58393],[-118.02711,45.58339]],[[-118.02403,45.58285],[-118.02364,45.58285],[-118.02364,45.58312],[-118.02403,45.58312],[-118.02403,45.58285]],[[-118.01401,45.58285],[-118.01363,45.58285],[-118.01363,45.58312],[-118.01401,45.58312],[-118.01401,45.58285]],[[-118.02441,45.58231],[-118.02403,45.58231],[-118.02403,45.58258],[-118.02441,45.58258],[-118.02441,45.58231]],[[-118.01363,45.58177],[-118.01324,45.58177],[-118.01324,45.58258],[-118.01363,45.58258],[-118.01363,45.58177]],[[-118.02326,45.58123],[-118.02287,45.58123],[-118.02287,45.5815],[-118.02326,45.5815],[-118.02326,45.58123]],[[-118.01478,45.58096],[-118.0144,45.58096],[-118.0144,45.58123],[-118.01478,45.58123],[-118.01478,45.58096]],[[-118.03173,45.58069],[-118.03211,45.58069],[-118.03211,45.57962],[-118.03134,45.57962],[-118.03134,45.58042],[-118.03173,45.58042],[-118.03173,45.58069]],[[-118.01401,45.57881],[-118.01363,45.57881],[-118.01363,45.57935],[-118.01401,45.57935],[-118.01401,45.57881]],[[-118.02056,45.57854],[-118.02017,45.57854],[-118.02017,45.57881],[-118.02056,45.57881],[-118.02056,45.57854]],[[-118.0194,45.57827],[-118.01902,45.57827],[-118.01902,45.57854],[-118.0194,45.57854],[-118.0194,45.57827]],[[-118.0144,45.57827],[-118.01401,45.57827],[-118.01401,45.57854],[-118.0144,45.57854],[-118.0144,45.57827]],[[-118.01825,45.57773],[-118.01786,45.57773],[-118.01786,45.578],[-118.01825,45.578],[-118.01825,45.57773]],[[-118.01709,45.57746],[-118.01671,45.57746],[-118.01671,45.57773],[-118.01709,45.57773],[-118.01709,45.57746]],[[-118.02595,45.57476],[-118.02518,45.57476],[-118.02518,45.5753],[-118.0248,45.5753],[-118.0248,45.57584],[-118.02518,45.57584],[-118.02518,45.57557],[-118.02557,45.57557],[-118.02557,45.5753],[-118.02595,45.5753],[-118.02595,45.57476]],[[-118.02634,45.57396],[-118.02595,45.57396],[-118.02595,45.57423],[-118.02634,45.57423],[-118.02634,45.57396]],[[-118.02056,45.57315],[-118.02133,45.57315],[-118.02133,45.57288],[-118.02056,45.57261],[-118.02056,45.57315]],[[-118.00554,45.57207],[-118.00323,45.57207],[-118.00323,45.57153],[-118.00246,45.57153],[-118.00246,45.57126],[-118.00208,45.57126],[-118.00208,45.57099],[-118.00092,45.57099],[-118.00092,45.57126],[-118.00054,45.57126],[-118.00054,45.57207],[-118.00092,45.57207],[-118.00092,45.57234],[-118.00362,45.57234],[-118.00362,45.57261],[-118.00477,45.57261],[-118.00477,45.57288],[-118.00554,45.57288],[-118.00554,45.57261],[-118.00593,45.57261],[-118.00593,45.5718],[-118.00554,45.5718],[-118.00554,45.57207]],[[-117.99245,45.57153],[-117.99322,45.57153],[-117.99322,45.57126],[-117.99284,45.57126],[-117.99284,45.57045],[-117.99245,45.57045],[-117.99245,45.57153]],[[-118.00631,45.56964],[-118.00708,45.56964],[-118.00708,45.56911],[-118.0067,45.56911],[-118.0067,45.56937],[-118.00631,45.56937],[-118.00631,45.56964]],[[-118.00439,45.56911],[-118.004,45.56911],[-118.004,45.56937],[-118.00439,45.56937],[-118.00439,45.56911]],[[-118.00362,45.56884],[-118.00285,45.56884],[-118.00285,45.56911],[-118.00362,45.56911],[-118.00362,45.56884]]],[[[-118.04713,45.5877],[-118.04713,45.58797],[-118.04751,45.58797],[-118.04751,45.58851],[-118.04713,45.58851],[-118.04713,45.58878],[-118.04636,45.58878],[-118.04636,45.58797],[-118.04713,45.5877]]],[[[-118.04674,45.59255],[-118.04674,45.59228],[-118.04713,45.59228],[-118.04713,45.59255],[-118.04674,45.59255]]],[[[-118.04559,45.59659],[-118.04559,45.59632],[-118.04597,45.59632],[-118.04597,45.59659],[-118.04559,45.59659]]],[[[-118.04905,45.59794],[-118.04905,45.59767],[-118.05059,45.59767],[-118.05059,45.59794],[-118.05021,45.59794],[-118.05021,45.59821],[-118.04982,45.59821],[-118.04982,45.59848],[-118.04944,45.59848],[-118.04944,45.59875],[-118.04828,45.59875],[-118.04828,45.59821],[-118.04905,45.59794]]],[[[-118.01902,45.60037],[-118.01902,45.6001],[-118.0194,45.6001],[-118.0194,45.60037],[-118.01902,45.60037]]],[[[-118.01863,45.60064],[-118.01863,45.60037],[-118.01902,45.60037],[-118.01902,45.60064],[-118.01863,45.60064]]],[[[-118.01902,45.60171],[-118.01902,45.60118],[-118.0194,45.60118],[-118.0194,45.60091],[-118.02017,45.60064],[-118.02017,45.60037],[-118.02056,45.60037],[-118.02056,45.6001],[-118.01979,45.6001],[-118.01979,45.59983],[-118.02133,45.59983],[-118.02133,45.6001],[-118.02171,45.6001],[-118.02171,45.60064],[-118.02133,45.60064],[-118.02133,45.60091],[-118.02094,45.60091],[-118.02094,45.60118],[-118.02017,45.60118],[-118.02017,45.60144],[-118.01979,45.60144],[-118.01979,45.60171],[-118.0194,45.60171],[-118.0194,45.60225],[-118.01825,45.60225],[-118.01825,45.60198],[-118.01902,45.60171]]],[[[-118.05213,45.60252],[-118.05213,45.60225],[-118.05098,45.60225],[-118.05098,45.60198],[-118.05059,45.60198],[-118.05059,45.60118],[-118.04982,45.60091],[-118.04982,45.59956],[-118.05021,45.59956],[-118.05021,45.59983],[-118.05059,45.59983],[-118.05059,45.6001],[-118.05136,45.6001],[-118.05136,45.60037],[-118.0529,45.60037],[-118.0529,45.60091],[-118.05329,45.60091],[-118.05329,45.60144],[-118.05367,45.60144],[-118.05367,45.60171],[-118.05483,45.60171],[-118.05483,45.60306],[-118.05367,45.60306],[-118.05367,45.60279],[-118.05213,45.60252]]],[[[-118.03943,45.60225],[-118.03943,45.60144],[-118.04058,45.60144],[-118.04058,45.60225],[-118.03943,45.60225]]],[[[-118.03981,45.60279],[-118.03981,45.60252],[-118.0402,45.60252],[-118.0402,45.60279],[-118.03981,45.60279]]],[[[-118.03981,45.60387],[-118.03981,45.6036],[-118.04097,45.6036],[-118.04097,45.60333],[-118.04174,45.6036],[-118.04174,45.60387],[-118.04097,45.60414],[-118.04097,45.60441],[-118.03981,45.60441],[-118.03981,45.60414],[-118.03943,45.60414],[-118.03943,45.60387],[-118.03981,45.60387]]],[[[-118.04174,45.60468],[-118.04174,45.60441],[-118.04212,45.60441],[-118.04212,45.60468],[-118.04174,45.60468]]],[[[-117.99861,45.56749],[-117.99861,45.56722],[-117.999,45.56722],[-117.999,45.56749],[-117.99861,45.56749]]],[[[-117.99207,45.56749],[-117.99207,45.56722],[-117.99361,45.56722],[-117.99361,45.56749],[-117.99515,45.56749],[-117.99515,45.56803],[-117.99322,45.56803],[-117.99322,45.5683],[-117.99207,45.5683],[-117.99207,45.56803],[-117.99168,45.56803],[-117.99168,45.56749],[-117.99207,45.56749]]],[[[-117.98899,45.5745],[-117.98899,45.57396],[-117.98937,45.57396],[-117.98937,45.5745],[-117.98899,45.5745]]],[[[-117.98976,45.57989],[-117.98976,45.57962],[-117.98899,45.57935],[-117.98899,45.57881],[-117.9886,45.57881],[-117.9886,45.57827],[-117.98937,45.57827],[-117.98937,45.57854],[-117.99091,45.57854],[-117.99091,45.57881],[-117.99322,45.57881],[-117.99322,45.57854],[-117.99361,45.57854],[-117.99361,45.57962],[-117.99322,45.57962],[-117.99322,45.57989],[-117.99284,45.57989],[-117.99284,45.58015],[-117.99207,45.58015],[-117.99207,45.58042],[-117.99053,45.58042],[-117.99053,45.58015],[-117.98976,45.57989]]],[[[-117.98745,45.58393],[-117.98745,45.58366],[-117.98783,45.58366],[-117.98783,45.58393],[-117.98745,45.58393]]],[[[-117.99053,45.58689],[-117.99053,45.58662],[-117.9913,45.58662],[-117.9913,45.58689],[-117.99091,45.58689],[-117.99091,45.58743],[-117.99014,45.58716],[-117.99014,45.58689],[-117.99053,45.58689]]],[[[-117.99245,45.58716],[-117.99245,45.58689],[-117.99284,45.58689],[-117.99284,45.58716],[-117.99245,45.58716]]],[[[-117.99322,45.58716],[-117.99322,45.5877],[-117.99245,45.5877],[-117.99245,45.58743],[-117.99322,45.58716]]],[[[-117.99091,45.5877],[-117.99091,45.58743],[-117.9913,45.58743],[-117.9913,45.5877],[-117.99091,45.5877]]],[[[-117.9913,45.58797],[-117.9913,45.5877],[-117.99245,45.5877],[-117.99245,45.58797],[-117.9913,45.58797]]],[[[-117.99438,45.58824],[-117.99438,45.58797],[-117.99476,45.58797],[-117.99476,45.58824],[-117.99438,45.58824]]],[[[-117.99322,45.58986],[-117.99322,45.58851],[-117.99476,45.58851],[-117.99476,45.58878],[-117.99438,45.58878],[-117.99438,45.58932],[-117.99399,45.58932],[-117.99399,45.58959],[-117.99438,45.58959],[-117.99438,45.58986],[-117.99515,45.58986],[-117.99515,45.59013],[-117.99553,45.59013],[-117.99553,45.5904],[-117.99515,45.5904],[-117.99515,45.59066],[-117.99438,45.59066],[-117.99438,45.5904],[-117.99399,45.5904],[-117.99399,45.58986],[-117.99322,45.58986]]],[[[-117.99784,45.59013],[-117.99784,45.58959],[-117.99823,45.58959],[-117.99823,45.59013],[-117.99784,45.59013]]],[[[-117.99707,45.59255],[-117.99707,45.59228],[-117.99784,45.59228],[-117.99784,45.59255],[-117.99707,45.59255]]],[[[-117.99784,45.59255],[-117.99823,45.59255],[-117.99823,45.59282],[-117.99784,45.59282],[-117.99784,45.59255]]],[[[-117.99823,45.59309],[-117.99861,45.59309],[-117.99861,45.59363],[-117.99823,45.59363],[-117.99823,45.59309]]]]},"properties":{"layer":"predicted_reach_h08","fire_name":"Middle_Ridge","irwin_id":"{2088689D-42B8-4A31-85B6-2CADB59BA127}","model":"arrival_run","checkpoint_epoch":216,"decode":"connected_causal","operating_point":{"floor":0.0,"mult":0.9},"val_precision":null,"val_recall":null,"model_caveat":"arrival_run chosen for best RECALL among the six FlameFlux v3 candidates on the production-valid t0-window corpus (R=0.624 on the fc2 held-out fires, R=0.432 on Dillon -- see candidate_comparison.md from the 2026-07-24 comparison). It does NOT meet the project's P>=0.50/R>=0.80 target: precision is the WORST of the six (P=0.120 on fc2 -- most flagged growth is wrong), and wind_run actually edges it on F1. IMPORTANT CAVEAT: arrival_run trained on the leaky 'observed' corpus (crop centered/sized on t0|t1, i.e. it saw the future perimeter's geometry during training) and has NEVER seen a t0-window crop -- the ONLY geometry this live pipeline can ever produce at forecast time (the future perimeter is, by definition, unknown). So every live prediction from this model is out-of-distribution relative to its own training. The measured t0-window numbers above already reflect that (they are not a surprise), but this is 'best available', not 'production-ready' -- represent it that way. The operating_point (floor=0.0, mult=0.9) is the VAL-selected connected-causal decode point; it did NOT clear the 0.50 precision floor during selection (feasible=False, val P=0.270/R=0.259) -- it's the best-F1 fallback point, not a precision-guaranteed one.","issued_at_utc":"2026-08-23 20:05:07.672141+00:00","valid_from_utc":"2026-08-23 00:00:00","valid_to_utc":"2026-08-24 00:00:00","wfigs_date_current_utc":"2026-08-23 16:41:28.079000+00:00","pixel_size_m":30,"veg_source":"refreshed_d4","physics_source":"eikonal_fbfm40","history_n_dates":1,"degraded_history":true,"containment_pct":0.0,"acres_wfigs":138.34560634370422,"hour":8,"valid_at_utc":"2026-08-23 08:00:00"}},{"type":"Feature","geometry":{"type":"MultiPolygon","coordinates":[[[[-118.03635,45.57611],[-118.03673,45.57611],[-118.03673,45.57638],[-118.03635,45.57638],[-118.03635,45.57611]]],[[[-118.03789,45.57665],[-118.03943,45.57665],[-118.03943,45.57692],[-118.03981,45.57692],[-118.03981,45.57719],[-118.03943,45.57719],[-118.03943,45.57908],[-118.03904,45.57908],[-118.03904,45.57935],[-118.03827,45.57935],[-118.03827,45.57854],[-118.03789,45.57854],[-118.03789,45.57827],[-118.03673,45.57827],[-118.03673,45.57746],[-118.03712,45.57746],[-118.03712,45.57719],[-118.03519,45.57719],[-118.03519,45.57665],[-118.03558,45.57665],[-118.03558,45.57638],[-118.03635,45.57638],[-118.03635,45.57665],[-118.03789,45.57638],[-118.03789,45.57665]]],[[[-118.0402,45.58123],[-118.0402,45.58096],[-118.04058,45.58096],[-118.04058,45.58042],[-118.04097,45.58042],[-118.04097,45.58015],[-118.04174,45.58015],[-118.04174,45.57908],[-118.0402,45.57962],[-118.0402,45.57854],[-118.04058,45.57854],[-118.04058,45.57827],[-118.04135,45.57827],[-118.04135,45.57773],[-118.04212,45.57773],[-118.04212,45.57827],[-118.04289,45.57827],[-118.04289,45.57881],[-118.04328,45.57881],[-118.04328,45.57989],[-118.04366,45.57989],[-118.04366,45.58042],[-118.04289,45.58042],[-118.04289,45.58069],[-118.04212,45.58096],[-118.04212,45.58123],[-118.04135,45.58123],[-118.04135,45.5815],[-118.04058,45.5815],[-118.04058,45.58177],[-118.03981,45.5815],[-118.03981,45.58123],[-118.0402,45.58123]]],[[[-118.03673,45.58177],[-118.03712,45.58177],[-118.03712,45.58204],[-118.0375,45.58204],[-118.0375,45.58231],[-118.03789,45.58231],[-118.03789,45.58285],[-118.03673,45.58285],[-118.03673,45.58231],[-118.03635,45.58231],[-118.03635,45.58204],[-118.03673,45.58204],[-118.03673,45.58177]]],[[[-118.04097,45.58258],[-118.04174,45.58258],[-118.04174,45.58285],[-118.04097,45.58285],[-118.04097,45.58258]]],[[[-118.04366,45.58312],[-118.04366,45.58339],[-118.04289,45.58339],[-118.04289,45.58285],[-118.04405,45.58285],[-118.04405,45.58312],[-118.04366,45.58312]]],[[[-118.04636,45.58851],[-118.04636,45.58797],[-118.04674,45.58797],[-118.04674,45.5877],[-118.04751,45.58797],[-118.04751,45.58851],[-118.04713,45.58851],[-118.04713,45.58878],[-118.04674,45.58878],[-118.04674,45.58905],[-118.04597,45.58878],[-118.04597,45.58851],[-118.04636,45.58851]]],[[[-118.04713,45.59228],[-118.04713,45.59282],[-118.04636,45.59255],[-118.04636,45.59228],[-118.04713,45.59228]]],[[[-118.04713,45.59605],[-118.0479,45.59605],[-118.0479,45.59632],[-118.04713,45.59632],[-118.04713,45.59605]]],[[[-118.05059,45.59794],[-118.05021,45.59794],[-118.05021,45.59821],[-118.04982,45.59821],[-118.04982,45.59848],[-118.04944,45.59848],[-118.04944,45.59875],[-118.04828,45.59875],[-118.04828,45.59794],[-118.04867,45.59794],[-118.04867,45.59767],[-118.05059,45.59767],[-118.05059,45.59794]]],[[[-118.05175,45.60252],[-118.05175,45.60225],[-118.05098,45.60225],[-118.05098,45.60198],[-118.05059,45.60198],[-118.05059,45.60118],[-118.04982,45.60091],[-118.04982,45.6001],[-118.04944,45.6001],[-118.04944,45.59956],[-118.05021,45.59956],[-118.05021,45.59983],[-118.05175,45.6001],[-118.05175,45.60037],[-118.05329,45.60037],[-118.05329,45.60144],[-118.05367,45.60144],[-118.05367,45.60171],[-118.05483,45.60171],[-118.05483,45.60306],[-118.05329,45.60306],[-118.05329,45.60279],[-118.0529,45.60279],[-118.0529,45.60252],[-118.05175,45.60252]]],[[[-118.0452,45.60144],[-118.0452,45.60171],[-118.04482,45.60171],[-118.04482,45.60118],[-118.04559,45.60118],[-118.04559,45.60144],[-118.0452,45.60144]]],[[[-118.03981,45.60279],[-118.03981,45.60252],[-118.0402,45.60252],[-118.0402,45.60279],[-118.03981,45.60279]]],[[[-118.03981,45.6036],[-118.04097,45.6036],[-118.04097,45.60306],[-118.04135,45.60306],[-118.04135,45.6036],[-118.04174,45.6036],[-118.04174,45.60387],[-118.04135,45.60387],[-118.04135,45.60414],[-118.04097,45.60414],[-118.04097,45.60441],[-118.03943,45.60441],[-118.03943,45.60414],[-118.03904,45.60414],[-118.03904,45.60387],[-118.03981,45.60387],[-118.03981,45.6036]]],[[[-118.04174,45.60441],[-118.04212,45.60441],[-118.04212,45.60468],[-118.04174,45.60468],[-118.04174,45.60441]]],[[[-117.999,45.56722],[-117.999,45.56776],[-117.99823,45.56749],[-117.99823,45.56722],[-117.999,45.56722]]],[[[-118.03365,45.57396],[-118.03404,45.57396],[-118.03404,45.57423],[-118.03365,45.57423],[-118.03365,45.57396]]],[[[-118.04751,45.59471],[-118.04713,45.59471],[-118.04713,45.59525],[-118.04674,45.59525],[-118.04674,45.59552],[-118.04559,45.59552],[-118.04559,45.59525],[-118.04405,45.59498],[-118.04405,45.59471],[-118.04366,45.59471],[-118.04366,45.59444],[-118.04212,45.59444],[-118.04212,45.59417],[-118.04174,45.59417],[-118.04174,45.5939],[-118.04135,45.5939],[-118.04135,45.59363],[-118.04097,45.59363],[-118.04097,45.59309],[-118.03943,45.59309],[-118.03943,45.59363],[-118.0402,45.59363],[-118.0402,45.59444],[-118.04058,45.59444],[-118.04058,45.59471],[-118.04097,45.59471],[-118.04097,45.59498],[-118.04174,45.59498],[-118.04174,45.59525],[-118.04251,45.59525],[-118.04251,45.59552],[-118.04289,45.59552],[-118.04289,45.59579],[-118.04366,45.59579],[-118.04366,45.59605],[-118.04405,45.59605],[-118.04405,45.59659],[-118.04559,45.59659],[-118.04559,45.59632],[-118.04636,45.59632],[-118.04636,45.59659],[-118.04559,45.59686],[-118.04559,45.59713],[-118.04482,45.5974],[-118.04482,45.59821],[-118.0452,45.59821],[-118.0452,45.59929],[-118.04482,45.59929],[-118.04482,45.59956],[-118.04405,45.59983],[-118.04405,45.6001],[-118.04212,45.6001],[-118.04212,45.60064],[-118.04289,45.60064],[-118.04289,45.60091],[-118.04366,45.60091],[-118.04366,45.60118],[-118.04443,45.60144],[-118.04443,45.60198],[-118.04482,45.60198],[-118.04482,45.60225],[-118.04443,45.60225],[-118.04443,45.60252],[-118.04482,45.60252],[-118.04482,45.60279],[-118.04366,45.60279],[-118.04366,45.60252],[-118.04328,45.60252],[-118.04328,45.60225],[-118.04251,45.60225],[-118.04251,45.60198],[-118.04212,45.60198],[-118.04212,45.60171],[-118.04058,45.60171],[-118.04058,45.60252],[-118.0402,45.60252],[-118.0402,45.60225],[-118.03943,45.60252],[-118.03943,45.60198],[-118.03904,45.60198],[-118.03904,45.60144],[-118.03943,45.60144],[-118.03943,45.60118],[-118.03981,45.60118],[-118.03981,45.60144],[-118.04058,45.60118],[-118.04058,45.59983],[-118.04097,45.59983],[-118.04097,45.59956],[-118.0402,45.59956],[-118.0402,45.59983],[-118.03904,45.59983],[-118.03904,45.60064],[-118.03866,45.60064],[-118.03866,45.60118],[-118.0375,45.60118],[-118.0375,45.60171],[-118.03827,45.60198],[-118.03827,45.60306],[-118.03789,45.60306],[-118.03789,45.60333],[-118.03712,45.60333],[-118.03712,45.60387],[-118.03635,45.60387],[-118.03635,45.60441],[-118.03596,45.60441],[-118.03596,45.60468],[-118.03558,45.60468],[-118.03558,45.60333],[-118.03519,45.60333],[-118.03519,45.60198],[-118.03481,45.60198],[-118.03481,45.60171],[-118.03404,45.60171],[-118.03404,45.60252],[-118.03365,45.60252],[-118.03365,45.60306],[-118.03288,45.60306],[-118.03288,45.60333],[-118.0325,45.60333],[-118.0325,45.60306],[-118.03211,45.60306],[-118.03211,45.60198],[-118.03173,45.60198],[-118.03173,45.60144],[-118.03134,45.60144],[-118.03134,45.60118],[-118.03019,45.60118],[-118.03019,45.60091],[-118.02942,45.60064],[-118.02942,45.6001],[-118.02903,45.6001],[-118.02903,45.59929],[-118.02865,45.59929],[-118.02865,45.59902],[-118.02826,45.59902],[-118.02826,45.59875],[-118.02788,45.59875],[-118.02788,45.59848],[-118.02518,45.59848],[-118.02518,45.59875],[-118.02441,45.59875],[-118.02441,45.59848],[-118.02403,45.59848],[-118.02403,45.59821],[-118.02326,45.59821],[-118.02326,45.59794],[-118.02287,45.59794],[-118.02287,45.59767],[-118.02326,45.59767],[-118.02326,45.5974],[-118.02249,45.5974],[-118.02249,45.59713],[-118.02094,45.59713],[-118.02094,45.5974],[-118.02056,45.5974],[-118.02056,45.59848],[-118.0194,45.59848],[-118.0194,45.59821],[-118.01863,45.59821],[-118.01863,45.59794],[-118.01786,45.59767],[-118.01786,45.59794],[-118.01748,45.59794],[-118.01748,45.59848],[-118.01709,45.59848],[-118.01709,45.59956],[-118.01671,45.59956],[-118.01671,45.59983],[-118.01632,45.59983],[-118.01632,45.59956],[-118.01555,45.59956],[-118.01555,45.59848],[-118.01401,45.59848],[-118.01401,45.59821],[-118.01324,45.59794],[-118.01324,45.5974],[-118.01286,45.5974],[-118.01286,45.59713],[-118.01247,45.59713],[-118.01247,45.59686],[-118.01209,45.59686],[-118.01209,45.59579],[-118.0117,45.59579],[-118.0117,45.59525],[-118.01132,45.59525],[-118.01132,45.59498],[-118.01055,45.59471],[-118.01055,45.59444],[-118.01016,45.59444],[-118.01016,45.59417],[-118.00978,45.59417],[-118.00978,45.5939],[-118.00939,45.5939],[-118.00939,45.59363],[-118.00901,45.59363],[-118.00901,45.59336],[-118.00747,45.59309],[-118.00747,45.59282],[-118.00708,45.59282],[-118.00708,45.59255],[-118.0067,45.59255],[-118.0067,45.59228],[-118.00631,45.59228],[-118.00631,45.59201],[-118.00554,45.59201],[-118.00554,45.59174],[-118.00477,45.59147],[-118.00477,45.5912],[-118.004,45.59093],[-118.004,45.59066],[-118.00323,45.59066],[-118.00323,45.5904],[-118.00285,45.5904],[-118.00285,45.59013],[-118.00208,45.58986],[-118.00208,45.58932],[-118.00169,45.58932],[-118.00169,45.58905],[-118.00131,45.58905],[-118.00131,45.58878],[-118.00092,45.58878],[-118.00092,45.58851],[-118.00054,45.58851],[-118.00054,45.58824],[-117.99977,45.58824],[-117.99977,45.58797],[-117.999,45.58797],[-117.999,45.5877],[-117.99823,45.58743],[-117.99823,45.58662],[-117.99861,45.58662],[-117.99861,45.58608],[-117.99823,45.58608],[-117.99823,45.58581],[-117.99746,45.58581],[-117.99746,45.58554],[-117.99707,45.58554],[-117.99707,45.58528],[-117.99669,45.58528],[-117.99669,45.58501],[-117.9963,45.58501],[-117.9963,45.58474],[-117.99399,45.58474],[-117.99399,45.58447],[-117.99322,45.58447],[-117.99322,45.5842],[-117.99245,45.58393],[-117.99245,45.58366],[-117.99207,45.58366],[-117.99207,45.58339],[-117.99168,45.58339],[-117.99168,45.58312],[-117.9913,45.58312],[-117.9913,45.58231],[-117.99168,45.58231],[-117.99168,45.58204],[-117.99207,45.58204],[-117.99207,45.5815],[-117.99245,45.5815],[-117.99245,45.58177],[-117.99284,45.58177],[-117.99284,45.58204],[-117.99361,45.58204],[-117.99361,45.58231],[-117.99399,45.58231],[-117.99399,45.58258],[-117.99438,45.58258],[-117.99438,45.58285],[-117.99476,45.58285],[-117.99476,45.58339],[-117.9963,45.58339],[-117.9963,45.58366],[-117.99669,45.58366],[-117.99669,45.58393],[-117.99746,45.58393],[-117.99746,45.58447],[-117.99823,45.58447],[-117.99823,45.58474],[-117.999,45.58474],[-117.999,45.58501],[-118.00092,45.58501],[-118.00092,45.58528],[-118.00169,45.58554],[-118.00169,45.58528],[-118.00208,45.58528],[-118.00208,45.58501],[-118.00285,45.58501],[-118.00285,45.58474],[-118.00323,45.58474],[-118.00323,45.58447],[-118.00362,45.58447],[-118.00362,45.5842],[-118.004,45.5842],[-118.004,45.58393],[-118.00439,45.58393],[-118.00439,45.58312],[-118.00477,45.58312],[-118.00477,45.58285],[-118.00516,45.58285],[-118.00516,45.58258],[-118.0067,45.58258],[-118.0067,45.58285],[-118.00747,45.58285],[-118.00747,45.58258],[-118.00708,45.58258],[-118.00708,45.58231],[-118.00631,45.58204],[-118.00631,45.58177],[-118.00516,45.58177],[-118.00516,45.58204],[-118.00477,45.58204],[-118.00477,45.58231],[-118.00439,45.58231],[-118.00439,45.58258],[-118.004,45.58258],[-118.004,45.58285],[-118.00323,45.58285],[-118.00323,45.58258],[-118.00246,45.58258],[-118.00246,45.58231],[-118.00131,45.58231],[-118.00131,45.58204],[-118.00092,45.58204],[-118.00092,45.58177],[-118.00054,45.58177],[-118.00054,45.5815],[-118.00015,45.5815],[-118.00015,45.57989],[-117.99977,45.57989],[-117.99977,45.57881],[-117.99938,45.57881],[-117.99938,45.57854],[-117.99861,45.57854],[-117.99861,45.57827],[-117.99784,45.578],[-117.99784,45.57773],[-117.99592,45.57773],[-117.99592,45.57746],[-117.99476,45.57746],[-117.99476,45.57665],[-117.99438,45.57665],[-117.99438,45.57584],[-117.99399,45.57584],[-117.99399,45.5753],[-117.99361,45.5753],[-117.99361,45.57503],[-117.99284,45.57476],[-117.99284,45.5745],[-117.99245,45.5745],[-117.99245,45.57396],[-117.99207,45.57396],[-117.99207,45.57315],[-117.9913,45.57288],[-117.9913,45.57153],[-117.99091,45.57153],[-117.99091,45.56964],[-117.99245,45.56964],[-117.99245,45.56991],[-117.99322,45.57018],[-117.99322,45.57072],[-117.99361,45.57072],[-117.99361,45.57099],[-117.99438,45.57126],[-117.99438,45.57153],[-117.99515,45.57153],[-117.99515,45.5718],[-117.99553,45.5718],[-117.99553,45.57207],[-117.99592,45.57207],[-117.99592,45.57234],[-117.9963,45.57234],[-117.9963,45.57261],[-117.99784,45.57261],[-117.99784,45.57234],[-117.99861,45.57234],[-117.99861,45.57207],[-117.99938,45.57207],[-117.99938,45.5718],[-117.99977,45.5718],[-117.99977,45.57126],[-117.999,45.57126],[-117.999,45.57099],[-117.99861,45.57099],[-117.99861,45.57072],[-117.99823,45.57072],[-117.99823,45.57099],[-117.99669,45.57099],[-117.99669,45.57126],[-117.9963,45.57126],[-117.9963,45.57099],[-117.99515,45.57099],[-117.99515,45.57072],[-117.99438,45.57045],[-117.99438,45.56991],[-117.99361,45.56964],[-117.99361,45.56911],[-117.99399,45.56911],[-117.99399,45.56857],[-117.99592,45.56857],[-117.99592,45.56884],[-117.99707,45.56884],[-117.99707,45.56911],[-117.99861,45.56911],[-117.99861,45.56937],[-117.99938,45.56937],[-117.99938,45.56964],[-117.99977,45.56964],[-117.99977,45.56937],[-118.00054,45.56937],[-118.00054,45.56911],[-118.00092,45.56911],[-118.00092,45.56884],[-118.00015,45.56857],[-118.00015,45.56776],[-118.00477,45.56776],[-118.00477,45.56668],[-118.00439,45.56668],[-118.00439,45.56614],[-118.004,45.56614],[-118.004,45.5656],[-118.00362,45.5656],[-118.00362,45.56506],[-118.00516,45.56506],[-118.00516,45.5656],[-118.00554,45.5656],[-118.00554,45.56587],[-118.00631,45.56614],[-118.00631,45.56641],[-118.00708,45.56668],[-118.00708,45.56749],[-118.00747,45.56749],[-118.00747,45.56776],[-118.00824,45.56803],[-118.00824,45.5683],[-118.00862,45.5683],[-118.00862,45.56911],[-118.00901,45.56911],[-118.00901,45.56937],[-118.00978,45.56937],[-118.00978,45.56964],[-118.01055,45.56964],[-118.01055,45.57099],[-118.01016,45.57099],[-118.01016,45.57126],[-118.00939,45.57126],[-118.00939,45.57153],[-118.00862,45.57153],[-118.00862,45.5718],[-118.00824,45.5718],[-118.00824,45.57234],[-118.00939,45.57234],[-118.00939,45.57207],[-118.0117,45.57207],[-118.0117,45.57234],[-118.01209,45.57234],[-118.01209,45.57261],[-118.01363,45.57261],[-118.01363,45.57045],[-118.01324,45.57045],[-118.01324,45.56991],[-118.01093,45.56991],[-118.01093,45.56937],[-118.01055,45.56937],[-118.01055,45.56857],[-118.0117,45.56857],[-118.0117,45.5683],[-118.01209,45.5683],[-118.01209,45.56857],[-118.01286,45.56857],[-118.01286,45.56884],[-118.01363,45.56884],[-118.01363,45.56911],[-118.0144,45.56911],[-118.0144,45.56884],[-118.01555,45.56884],[-118.01555,45.56857],[-118.01825,45.56857],[-118.01825,45.5683],[-118.01863,45.5683],[-118.01863,45.56884],[-118.01902,45.56884],[-118.01902,45.5683],[-118.01979,45.5683],[-118.01979,45.56857],[-118.02056,45.56884],[-118.02056,45.56937],[-118.02094,45.56937],[-118.02094,45.56964],[-118.02133,45.56964],[-118.02133,45.56991],[-118.02171,45.56991],[-118.02171,45.56964],[-118.0221,45.56964],[-118.0221,45.56937],[-118.02287,45.56937],[-118.02287,45.56911],[-118.0248,45.56911],[-118.0248,45.56884],[-118.02595,45.56884],[-118.02595,45.56911],[-118.02634,45.56911],[-118.02634,45.56937],[-118.02595,45.56937],[-118.02595,45.56991],[-118.02518,45.56991],[-118.02518,45.57045],[-118.0248,45.57045],[-118.0248,45.57099],[-118.02557,45.57099],[-118.02557,45.57126],[-118.02595,45.57126],[-118.02595,45.57153],[-118.02711,45.57153],[-118.02711,45.57126],[-118.02749,45.57126],[-118.02749,45.57153],[-118.02826,45.5718],[-118.02826,45.57342],[-118.02942,45.57342],[-118.02942,45.57315],[-118.03134,45.57315],[-118.03134,45.57369],[-118.03211,45.57396],[-118.03211,45.5745],[-118.03134,45.5745],[-118.03134,45.57476],[-118.03057,45.57476],[-118.03057,45.57503],[-118.02903,45.57503],[-118.02903,45.5753],[-118.02865,45.5753],[-118.02865,45.57557],[-118.02672,45.57557],[-118.02672,45.57584],[-118.02634,45.57584],[-118.02634,45.57638],[-118.02711,45.57638],[-118.02711,45.57665],[-118.02942,45.57638],[-118.02942,45.57665],[-118.03096,45.57692],[-118.03096,45.57719],[-118.0325,45.57719],[-118.0325,45.57692],[-118.03365,45.57692],[-118.03365,45.57665],[-118.03404,45.57665],[-118.03404,45.57746],[-118.03481,45.57773],[-118.03481,45.57854],[-118.03519,45.57854],[-118.03519,45.58285],[-118.03558,45.58285],[-118.03558,45.58366],[-118.03519,45.58366],[-118.03519,45.58393],[-118.03481,45.58393],[-118.03481,45.5842],[-118.03288,45.5842],[-118.03288,45.58528],[-118.03558,45.58528],[-118.03558,45.58554],[-118.03712,45.58554],[-118.03712,45.58581],[-118.03789,45.58608],[-118.03789,45.58635],[-118.03866,45.58635],[-118.03866,45.58662],[-118.03943,45.58689],[-118.03943,45.58743],[-118.03981,45.58743],[-118.03981,45.58797],[-118.0402,45.58797],[-118.0402,45.58878],[-118.04097,45.58905],[-118.04097,45.58959],[-118.04174,45.58986],[-118.04174,45.5904],[-118.04251,45.59066],[-118.04251,45.59174],[-118.04289,45.59174],[-118.04289,45.59201],[-118.04328,45.59201],[-118.04328,45.59228],[-118.04405,45.59228],[-118.04405,45.59255],[-118.04559,45.59255],[-118.04559,45.59228],[-118.04597,45.59228],[-118.04597,45.59255],[-118.04636,45.59255],[-118.04636,45.59336],[-118.04713,45.59363],[-118.04713,45.59444],[-118.04751,45.59444],[-118.04751,45.59471]],[[-118.04597,45.59336],[-118.04597,45.59363],[-118.04636,45.59363],[-118.04636,45.59336],[-118.04597,45.59336]],[[-118.04135,45.59902],[-118.04135,45.59956],[-118.04212,45.59956],[-118.04212,45.59902],[-118.04135,45.59902]],[[-118.04212,45.59848],[-118.04251,45.59848],[-118.04251,45.59821],[-118.04212,45.59821],[-118.04212,45.59848]],[[-118.04289,45.59821],[-118.04289,45.59794],[-118.04251,45.59794],[-118.04251,45.59821],[-118.04289,45.59821]],[[-118.0375,45.59713],[-118.0375,45.5974],[-118.03789,45.5974],[-118.03789,45.59713],[-118.0375,45.59713]],[[-118.02403,45.5939],[-118.02403,45.59363],[-118.02364,45.59363],[-118.02364,45.5939],[-118.02403,45.5939]],[[-118.02364,45.59336],[-118.02326,45.59336],[-118.02326,45.59363],[-118.02364,45.59363],[-118.02364,45.59336]],[[-118.03558,45.58986],[-118.03558,45.58878],[-118.03404,45.58878],[-118.03404,45.58851],[-118.03327,45.58824],[-118.03327,45.58797],[-118.0325,45.58797],[-118.0325,45.58851],[-118.03327,45.58851],[-118.03327,45.58878],[-118.03404,45.58905],[-118.03404,45.58959],[-118.03481,45.58959],[-118.03481,45.58986],[-118.03558,45.59013],[-118.03558,45.5904],[-118.03596,45.5904],[-118.03596,45.59066],[-118.03635,45.59066],[-118.03635,45.5912],[-118.03673,45.5912],[-118.03673,45.59147],[-118.0375,45.59147],[-118.0375,45.5904],[-118.03635,45.5904],[-118.03635,45.59013],[-118.03558,45.58986]],[[-118.03404,45.58662],[-118.03404,45.58635],[-118.03288,45.58635],[-118.03288,45.58662],[-118.03211,45.58662],[-118.03211,45.5877],[-118.03327,45.5877],[-118.03327,45.58743],[-118.03365,45.58743],[-118.03365,45.5877],[-118.03481,45.5877],[-118.03481,45.58743],[-118.03558,45.58743],[-118.03558,45.58716],[-118.03596,45.58716],[-118.03596,45.58662],[-118.03404,45.58662]],[[-118.02364,45.58581],[-118.02364,45.58608],[-118.02403,45.58608],[-118.02403,45.58581],[-118.02364,45.58581]],[[-118.02171,45.58554],[-118.02171,45.58581],[-118.0221,45.58581],[-118.0221,45.58554],[-118.02171,45.58554]],[[-118.01748,45.58554],[-118.01748,45.58581],[-118.01786,45.58581],[-118.01786,45.58554],[-118.01748,45.58554]],[[-118.01671,45.58528],[-118.01671,45.58554],[-118.01709,45.58554],[-118.01709,45.58528],[-118.01671,45.58528]],[[-118.01709,45.58474],[-118.01709,45.58501],[-118.01748,45.58501],[-118.01748,45.58474],[-118.01709,45.58474]],[[-118.02364,45.58285],[-118.02364,45.58312],[-118.02403,45.58312],[-118.02403,45.58285],[-118.02364,45.58285]],[[-118.01363,45.58285],[-118.01363,45.58312],[-118.01401,45.58312],[-118.01401,45.58285],[-118.01363,45.58285]],[[-118.02403,45.58231],[-118.02403,45.58258],[-118.02441,45.58258],[-118.02441,45.58231],[-118.02403,45.58231]],[[-118.01324,45.58177],[-118.01324,45.58258],[-118.01363,45.58258],[-118.01363,45.58177],[-118.01324,45.58177]],[[-118.02287,45.58123],[-118.02287,45.5815],[-118.02326,45.5815],[-118.02326,45.58123],[-118.02287,45.58123]],[[-118.0144,45.58096],[-118.0144,45.58123],[-118.01478,45.58123],[-118.01478,45.58096],[-118.0144,45.58096]],[[-118.03173,45.57962],[-118.03173,45.58015],[-118.03211,45.58015],[-118.03211,45.57962],[-118.03173,45.57962]],[[-118.01363,45.57881],[-118.01363,45.57935],[-118.01401,45.57935],[-118.01401,45.57881],[-118.01363,45.57881]],[[-118.02017,45.57854],[-118.02017,45.57881],[-118.02056,45.57881],[-118.02056,45.57854],[-118.02017,45.57854]],[[-118.01902,45.57827],[-118.01902,45.57854],[-118.0194,45.57854],[-118.0194,45.57827],[-118.01902,45.57827]],[[-118.01401,45.57827],[-118.01401,45.57854],[-118.0144,45.57854],[-118.0144,45.57827],[-118.01401,45.57827]],[[-118.01786,45.57773],[-118.01786,45.578],[-118.01825,45.578],[-118.01825,45.57773],[-118.01786,45.57773]],[[-118.01671,45.57746],[-118.01671,45.57773],[-118.01709,45.57773],[-118.01709,45.57746],[-118.01671,45.57746]],[[-118.0248,45.5753],[-118.0248,45.57584],[-118.02557,45.57557],[-118.02557,45.57503],[-118.0248,45.5753]],[[-118.00593,45.57261],[-118.00593,45.57207],[-118.00516,45.57207],[-118.00516,45.57234],[-118.004,45.57234],[-118.004,45.57261],[-118.00593,45.57261]],[[-118.00246,45.57153],[-118.00246,45.57126],[-118.00169,45.57126],[-118.00169,45.57099],[-118.00131,45.57099],[-118.00131,45.57126],[-118.00092,45.57126],[-118.00092,45.57207],[-118.00131,45.57207],[-118.00131,45.57234],[-118.00285,45.57234],[-118.00285,45.57207],[-118.00323,45.57207],[-118.00323,45.5718],[-118.00285,45.5718],[-118.00285,45.57153],[-118.00246,45.57153]],[[-118.01902,45.56991],[-118.01902,45.56964],[-118.01863,45.56964],[-118.01863,45.56937],[-118.01825,45.56937],[-118.01825,45.56911],[-118.01786,45.56911],[-118.01786,45.56884],[-118.01709,45.56884],[-118.01709,45.56911],[-118.01671,45.56911],[-118.01671,45.56964],[-118.01632,45.56964],[-118.01632,45.56991],[-118.01709,45.56991],[-118.01709,45.57018],[-118.01786,45.57045],[-118.01786,45.57126],[-118.01863,45.57126],[-118.01863,45.57153],[-118.0194,45.57153],[-118.0194,45.5718],[-118.02017,45.5718],[-118.02017,45.57045],[-118.01979,45.57045],[-118.01979,45.57018],[-118.0194,45.57018],[-118.0194,45.56991],[-118.01902,45.56991]],[[-117.99322,45.57153],[-117.99322,45.57126],[-117.99284,45.57126],[-117.99284,45.57045],[-117.99245,45.57045],[-117.99245,45.57153],[-117.99322,45.57153]],[[-118.01478,45.57018],[-118.01478,45.57045],[-118.01555,45.57045],[-118.01555,45.57018],[-118.01594,45.57018],[-118.01594,45.56991],[-118.01517,45.56991],[-118.01517,45.57018],[-118.01478,45.57018]]],[[[-117.99669,45.58635],[-117.99669,45.58608],[-117.99707,45.58608],[-117.99707,45.58635],[-117.99669,45.58635]]],[[[-117.99592,45.58878],[-117.9963,45.58878],[-117.9963,45.58905],[-117.99592,45.58905],[-117.99592,45.58878]]],[[[-117.99784,45.58959],[-117.99823,45.58959],[-117.99823,45.59013],[-117.99784,45.59013],[-117.99784,45.58959]]],[[[-118.00015,45.59174],[-118.00015,45.59147],[-118.00092,45.59147],[-118.00092,45.59174],[-118.00015,45.59174]]],[[[-117.9963,45.59228],[-117.9963,45.59201],[-117.99669,45.59201],[-117.99669,45.59228],[-117.9963,45.59228]]],[[[-117.99823,45.59228],[-117.99823,45.59282],[-117.99784,45.59282],[-117.99784,45.59255],[-117.99707,45.59255],[-117.99707,45.59228],[-117.99823,45.59228]]],[[[-117.99669,45.59282],[-117.99707,45.59282],[-117.99707,45.59309],[-117.99669,45.59309],[-117.99669,45.59282]]],[[[-117.99861,45.59309],[-117.999,45.59309],[-117.999,45.5939],[-117.99823,45.59363],[-117.99823,45.59282],[-117.99861,45.59282],[-117.99861,45.59309]]],[[[-118.0194,45.60037],[-118.01902,45.60037],[-118.01902,45.6001],[-118.0194,45.6001],[-118.0194,45.60037]]],[[[-118.01863,45.60091],[-118.01825,45.60091],[-118.01825,45.60037],[-118.01902,45.60037],[-118.01902,45.60064],[-118.01863,45.60064],[-118.01863,45.60091]]],[[[-118.01902,45.60118],[-118.0194,45.60118],[-118.0194,45.60091],[-118.02017,45.60064],[-118.02017,45.60037],[-118.02056,45.60037],[-118.02056,45.6001],[-118.0194,45.6001],[-118.0194,45.59983],[-118.02171,45.59983],[-118.02171,45.60064],[-118.02133,45.60064],[-118.02133,45.60091],[-118.02094,45.60091],[-118.02094,45.60118],[-118.02056,45.60118],[-118.02056,45.60144],[-118.02017,45.60144],[-118.02017,45.60171],[-118.01979,45.60171],[-118.01979,45.60198],[-118.0194,45.60198],[-118.0194,45.60225],[-118.01825,45.60225],[-118.01825,45.60198],[-118.01902,45.60171],[-118.01902,45.60118]]],[[[-118.02287,45.60333],[-118.02287,45.60306],[-118.02326,45.60306],[-118.02326,45.60333],[-118.02287,45.60333]]],[[[-117.99245,45.56695],[-117.99284,45.56695],[-117.99284,45.56722],[-117.99438,45.56722],[-117.99438,45.56749],[-117.99515,45.56749],[-117.99515,45.56803],[-117.99476,45.56803],[-117.99476,45.5683],[-117.99168,45.5683],[-117.99168,45.56641],[-117.99207,45.56641],[-117.99207,45.56668],[-117.99245,45.56668],[-117.99245,45.56695]]],[[[-117.98937,45.57557],[-117.98899,45.57557],[-117.98899,45.57369],[-117.98976,45.57369],[-117.98976,45.57423],[-117.98937,45.57423],[-117.98937,45.57557]]],[[[-117.99014,45.58015],[-117.99014,45.57989],[-117.98937,45.57989],[-117.98937,45.57935],[-117.98899,45.57935],[-117.98899,45.57881],[-117.9886,45.57881],[-117.9886,45.578],[-117.98937,45.578],[-117.98937,45.57827],[-117.99014,45.57827],[-117.99014,45.57854],[-117.9913,45.57854],[-117.9913,45.57881],[-117.99284,45.57881],[-117.99284,45.57854],[-117.99361,45.57854],[-117.99361,45.57881],[-117.99399,45.57881],[-117.99399,45.57908],[-117.99361,45.57908],[-117.99361,45.57962],[-117.99322,45.57962],[-117.99322,45.57989],[-117.99245,45.58015],[-117.99245,45.58042],[-117.99207,45.58042],[-117.99207,45.58069],[-117.99091,45.58069],[-117.99091,45.58042],[-117.99014,45.58015]]],[[[-117.98745,45.58312],[-117.98745,45.58285],[-117.98783,45.58285],[-117.98783,45.58312],[-117.98745,45.58312]]],[[[-117.98706,45.58393],[-117.98706,45.58366],[-117.98783,45.58366],[-117.98783,45.58393],[-117.98706,45.58393]]],[[[-117.98783,45.58393],[-117.98822,45.58393],[-117.98822,45.5842],[-117.98783,45.5842],[-117.98783,45.58393]]],[[[-117.99207,45.58635],[-117.99245,45.58635],[-117.99245,45.58662],[-117.99207,45.58662],[-117.99207,45.58635]]],[[[-117.9913,45.58662],[-117.9913,45.58689],[-117.99091,45.58689],[-117.99091,45.58743],[-117.99014,45.58716],[-117.99014,45.58662],[-117.9913,45.58662]]],[[[-117.99245,45.58689],[-117.99284,45.58689],[-117.99284,45.58716],[-117.99245,45.58716],[-117.99245,45.58689]]],[[[-117.99476,45.58743],[-117.99515,45.58743],[-117.99515,45.5877],[-117.99476,45.5877],[-117.99476,45.58743]]],[[[-117.9913,45.58743],[-117.9913,45.5877],[-117.99245,45.5877],[-117.99245,45.58743],[-117.99322,45.58716],[-117.99322,45.58743],[-117.99399,45.58743],[-117.99399,45.5877],[-117.99284,45.5877],[-117.99284,45.58797],[-117.99245,45.58797],[-117.99245,45.58824],[-117.99168,45.58824],[-117.99168,45.58797],[-117.99091,45.58797],[-117.99091,45.58743],[-117.9913,45.58743]]],[[[-117.99515,45.5877],[-117.99553,45.5877],[-117.99553,45.58797],[-117.99515,45.58797],[-117.99515,45.5877]]],[[[-117.99399,45.58986],[-117.99322,45.58986],[-117.99322,45.58959],[-117.99284,45.58959],[-117.99284,45.58878],[-117.99322,45.58878],[-117.99322,45.58851],[-117.99399,45.58824],[-117.99399,45.58797],[-117.99476,45.58797],[-117.99476,45.58824],[-117.99515,45.58824],[-117.99515,45.58851],[-117.99592,45.58851],[-117.99592,45.58878],[-117.99476,45.58878],[-117.99476,45.58932],[-117.99438,45.58932],[-117.99438,45.58959],[-117.99515,45.58959],[-117.99515,45.58986],[-117.99553,45.58986],[-117.99553,45.59066],[-117.99476,45.59093],[-117.99476,45.59066],[-117.99399,45.5904],[-117.99399,45.58986]]]]},"properties":{"layer":"predicted_reach_h09","fire_name":"Middle_Ridge","irwin_id":"{2088689D-42B8-4A31-85B6-2CADB59BA127}","model":"arrival_run","checkpoint_epoch":216,"decode":"connected_causal","operating_point":{"floor":0.0,"mult":0.9},"val_precision":null,"val_recall":null,"model_caveat":"arrival_run chosen for best RECALL among the six FlameFlux v3 candidates on the production-valid t0-window corpus (R=0.624 on the fc2 held-out fires, R=0.432 on Dillon -- see candidate_comparison.md from the 2026-07-24 comparison). It does NOT meet the project's P>=0.50/R>=0.80 target: precision is the WORST of the six (P=0.120 on fc2 -- most flagged growth is wrong), and wind_run actually edges it on F1. IMPORTANT CAVEAT: arrival_run trained on the leaky 'observed' corpus (crop centered/sized on t0|t1, i.e. it saw the future perimeter's geometry during training) and has NEVER seen a t0-window crop -- the ONLY geometry this live pipeline can ever produce at forecast time (the future perimeter is, by definition, unknown). So every live prediction from this model is out-of-distribution relative to its own training. The measured t0-window numbers above already reflect that (they are not a surprise), but this is 'best available', not 'production-ready' -- represent it that way. The operating_point (floor=0.0, mult=0.9) is the VAL-selected connected-causal decode point; it did NOT clear the 0.50 precision floor during selection (feasible=False, val P=0.270/R=0.259) -- it's the best-F1 fallback point, not a precision-guaranteed one.","issued_at_utc":"2026-08-23 20:05:07.672141+00:00","valid_from_utc":"2026-08-23 00:00:00","valid_to_utc":"2026-08-24 00:00:00","wfigs_date_current_utc":"2026-08-23 16:41:28.079000+00:00","pixel_size_m":30,"veg_source":"refreshed_d4","physics_source":"eikonal_fbfm40","history_n_dates":1,"degraded_history":true,"containment_pct":0.0,"acres_wfigs":138.34560634370422,"hour":9,"valid_at_utc":"2026-08-23 09:00:00"}},{"type":"Feature","geometry":{"type":"MultiPolygon","coordinates":[[[[-118.03365,45.57423],[-118.03365,45.57396],[-118.03442,45.57396],[-118.03442,45.57423],[-118.03365,45.57423]]],[[[-118.03635,45.57638],[-118.03635,45.57611],[-118.03712,45.57611],[-118.03712,45.57638],[-118.03635,45.57638]]],[[[-118.03712,45.57827],[-118.03712,45.57854],[-118.03635,45.57881],[-118.03635,45.57773],[-118.03673,45.57773],[-118.03673,45.57719],[-118.03519,45.57719],[-118.03519,45.57638],[-118.03635,45.57638],[-118.03635,45.57665],[-118.03712,45.57665],[-118.03712,45.57638],[-118.03789,45.57638],[-118.03789,45.57665],[-118.03981,45.57665],[-118.03981,45.57773],[-118.03943,45.57773],[-118.03943,45.578],[-118.03981,45.578],[-118.03981,45.57881],[-118.03904,45.57908],[-118.03904,45.57962],[-118.03827,45.57962],[-118.03827,45.57881],[-118.03789,45.57881],[-118.03789,45.57827],[-118.03712,45.57827]]],[[[-118.0402,45.58096],[-118.0402,45.58069],[-118.04058,45.58069],[-118.04058,45.58015],[-118.04135,45.58015],[-118.04135,45.57989],[-118.04174,45.57989],[-118.04174,45.57935],[-118.04097,45.57935],[-118.04097,45.57962],[-118.0402,45.57989],[-118.0402,45.57827],[-118.04097,45.57827],[-118.04097,45.57773],[-118.04212,45.57773],[-118.04212,45.57827],[-118.04289,45.57827],[-118.04289,45.57881],[-118.04328,45.57881],[-118.04328,45.57989],[-118.04405,45.57989],[-118.04405,45.58015],[-118.04366,45.58015],[-118.04366,45.58042],[-118.04289,45.58042],[-118.04289,45.58069],[-118.04251,45.58069],[-118.04251,45.58096],[-118.04212,45.58096],[-118.04212,45.58123],[-118.04174,45.58123],[-118.04174,45.5815],[-118.04058,45.5815],[-118.04058,45.58204],[-118.03981,45.58177],[-118.03981,45.58096],[-118.0402,45.58096]]],[[[-118.03596,45.58231],[-118.03596,45.58177],[-118.03712,45.58177],[-118.03712,45.58204],[-118.03789,45.58204],[-118.03789,45.58231],[-118.03827,45.58231],[-118.03827,45.58258],[-118.03789,45.58258],[-118.03789,45.58285],[-118.0375,45.58285],[-118.0375,45.58312],[-118.03712,45.58312],[-118.03712,45.58285],[-118.03635,45.58285],[-118.03635,45.58231],[-118.03596,45.58231]]],[[[-118.04251,45.58285],[-118.04251,45.58258],[-118.04212,45.58258],[-118.04212,45.58285],[-118.04135,45.58312],[-118.04135,45.58285],[-118.04097,45.58285],[-118.04097,45.58231],[-118.04251,45.58231],[-118.04251,45.58204],[-118.04289,45.58204],[-118.04289,45.58258],[-118.04366,45.58258],[-118.04366,45.58285],[-118.04405,45.58285],[-118.04405,45.58339],[-118.04251,45.58366],[-118.04251,45.58312],[-118.04289,45.58312],[-118.04289,45.58285],[-118.04251,45.58285]]],[[[-118.04559,45.58635],[-118.04559,45.58689],[-118.04482,45.58662],[-118.04482,45.58635],[-118.04559,45.58635]]],[[[-118.04366,45.58662],[-118.04405,45.58662],[-118.04405,45.58689],[-118.04366,45.58689],[-118.04366,45.58662]]],[[[-118.04636,45.5877],[-118.04751,45.5877],[-118.04751,45.58878],[-118.04713,45.58878],[-118.04713,45.58905],[-118.04636,45.58905],[-118.04636,45.58878],[-118.04597,45.58878],[-118.04597,45.58824],[-118.04636,45.58824],[-118.04636,45.5877]]],[[[-118.04751,45.59309],[-118.04751,45.59282],[-118.04828,45.59282],[-118.04828,45.59309],[-118.04751,45.59309]]],[[[-118.04751,45.59605],[-118.04751,45.59579],[-118.0479,45.59579],[-118.0479,45.59632],[-118.04751,45.59632],[-118.04751,45.59659],[-118.04674,45.59632],[-118.04674,45.59605],[-118.04751,45.59605]]],[[[-118.04751,45.59848],[-118.04751,45.59821],[-118.04828,45.59821],[-118.04828,45.59794],[-118.04867,45.59794],[-118.04867,45.59767],[-118.05059,45.59767],[-118.05059,45.59794],[-118.04982,45.59821],[-118.04982,45.59848],[-118.04905,45.59875],[-118.04905,45.59902],[-118.04828,45.59902],[-118.04828,45.59875],[-118.04751,45.59848]]],[[[-118.01863,45.60171],[-118.01902,45.60171],[-118.01902,45.60118],[-118.0194,45.60118],[-118.0194,45.60091],[-118.02017,45.60064],[-118.02017,45.60037],[-118.02056,45.60037],[-118.02056,45.6001],[-118.0194,45.6001],[-118.0194,45.60037],[-118.01902,45.60037],[-118.01902,45.60064],[-118.01863,45.60064],[-118.01863,45.60091],[-118.01825,45.60091],[-118.01825,45.60037],[-118.01863,45.60037],[-118.01863,45.6001],[-118.01902,45.6001],[-118.01902,45.59983],[-118.02017,45.59983],[-118.02017,45.59956],[-118.02133,45.59956],[-118.02133,45.59983],[-118.02171,45.59983],[-118.02171,45.60091],[-118.02094,45.60091],[-118.02094,45.60118],[-118.02056,45.60118],[-118.02056,45.60144],[-118.02017,45.60144],[-118.02017,45.60171],[-118.01979,45.60171],[-118.01979,45.60225],[-118.0194,45.60225],[-118.0194,45.60252],[-118.01902,45.60252],[-118.01902,45.60225],[-118.01825,45.60225],[-118.01825,45.60198],[-118.01863,45.60198],[-118.01863,45.60171]]],[[[-118.04559,45.60091],[-118.04636,45.60091],[-118.04636,45.60118],[-118.04559,45.60118],[-118.04559,45.60091]]],[[[-118.01786,45.60118],[-118.01786,45.60091],[-118.01825,45.60091],[-118.01825,45.60118],[-118.01786,45.60118]]],[[[-118.05252,45.60279],[-118.05252,45.60252],[-118.05136,45.60252],[-118.05136,45.60225],[-118.05059,45.60225],[-118.05059,45.60144],[-118.05021,45.60144],[-118.05021,45.60091],[-118.04982,45.60091],[-118.04982,45.60037],[-118.04944,45.60037],[-118.04944,45.59956],[-118.05059,45.59956],[-118.05059,45.59983],[-118.05098,45.59983],[-118.05098,45.6001],[-118.05252,45.6001],[-118.05252,45.60037],[-118.05329,45.60037],[-118.05329,45.60144],[-118.05444,45.60144],[-118.05444,45.60171],[-118.05521,45.60171],[-118.05521,45.60279],[-118.05483,45.60279],[-118.05483,45.60333],[-118.05367,45.60333],[-118.05367,45.60306],[-118.0529,45.60306],[-118.0529,45.60279],[-118.05252,45.60279]]],[[[-118.04058,45.60279],[-118.04058,45.60252],[-118.04097,45.60252],[-118.04097,45.60279],[-118.04058,45.60279]]],[[[-118.02287,45.60306],[-118.02326,45.60306],[-118.02326,45.60333],[-118.02287,45.60333],[-118.02287,45.60306]]],[[[-118.03981,45.6036],[-118.04097,45.6036],[-118.04097,45.60306],[-118.04174,45.60333],[-118.04174,45.60387],[-118.04097,45.60414],[-118.04097,45.60468],[-118.04058,45.60468],[-118.04058,45.60441],[-118.03904,45.60441],[-118.03904,45.60387],[-118.03981,45.60387],[-118.03981,45.6036]]],[[[-118.04174,45.60468],[-118.04174,45.60441],[-118.04212,45.60441],[-118.04212,45.60468],[-118.04174,45.60468]]],[[[-118.00323,45.56479],[-118.00323,45.56452],[-118.00362,45.56452],[-118.00362,45.56479],[-118.00323,45.56479]]],[[[-117.99938,45.56722],[-117.99938,45.56776],[-117.99861,45.56776],[-117.99861,45.56749],[-117.99823,45.56749],[-117.99823,45.56722],[-117.99938,45.56722]]],[[[-117.98899,45.57369],[-117.98976,45.57342],[-117.98976,45.57476],[-117.98937,45.57476],[-117.98937,45.57584],[-117.98899,45.57584],[-117.98899,45.5753],[-117.9886,45.5753],[-117.9886,45.5745],[-117.98899,45.5745],[-117.98899,45.57369]]],[[[-117.98745,45.58285],[-117.98822,45.58285],[-117.98822,45.58312],[-117.98745,45.58312],[-117.98745,45.58285]]],[[[-117.98783,45.58366],[-117.98783,45.58393],[-117.98822,45.58393],[-117.98822,45.5842],[-117.98745,45.5842],[-117.98745,45.58393],[-117.98706,45.58393],[-117.98706,45.58366],[-117.98783,45.58366]]],[[[-117.9886,45.5842],[-117.9886,45.58447],[-117.98822,45.58447],[-117.98822,45.5842],[-117.9886,45.5842]]],[[[-118.03827,45.60171],[-118.03827,45.60198],[-118.03866,45.60198],[-118.03866,45.60279],[-118.03827,45.60279],[-118.03827,45.60333],[-118.0375,45.60333],[-118.0375,45.6036],[-118.03712,45.6036],[-118.03712,45.60387],[-118.03635,45.60387],[-118.03635,45.60441],[-118.03558,45.60468],[-118.03558,45.6036],[-118.03519,45.6036],[-118.03519,45.60225],[-118.03481,45.60225],[-118.03481,45.60198],[-118.03404,45.60198],[-118.03404,45.60279],[-118.03365,45.60279],[-118.03365,45.60306],[-118.03327,45.60306],[-118.03327,45.60333],[-118.03211,45.60333],[-118.03211,45.60225],[-118.03173,45.60225],[-118.03173,45.60144],[-118.03134,45.60144],[-118.03134,45.60118],[-118.03057,45.60144],[-118.03057,45.60118],[-118.03019,45.60118],[-118.03019,45.60091],[-118.02942,45.60091],[-118.02942,45.60064],[-118.02903,45.60064],[-118.02903,45.59956],[-118.02865,45.59956],[-118.02865,45.59902],[-118.02788,45.59902],[-118.02788,45.59875],[-118.02749,45.59875],[-118.02749,45.59848],[-118.02557,45.59848],[-118.02557,45.59875],[-118.02518,45.59875],[-118.02518,45.59902],[-118.0248,45.59902],[-118.0248,45.59875],[-118.02441,45.59875],[-118.02441,45.59848],[-118.02287,45.59821],[-118.02287,45.59767],[-118.02249,45.59767],[-118.02249,45.5974],[-118.02094,45.5974],[-118.02094,45.59848],[-118.01902,45.59848],[-118.01902,45.59821],[-118.01786,45.59821],[-118.01786,45.59848],[-118.01748,45.59848],[-118.01748,45.59902],[-118.01709,45.59902],[-118.01709,45.59929],[-118.01748,45.59929],[-118.01748,45.59983],[-118.01671,45.59983],[-118.01671,45.6001],[-118.01632,45.6001],[-118.01632,45.59983],[-118.01555,45.59956],[-118.01555,45.59848],[-118.01401,45.59848],[-118.01401,45.59821],[-118.01324,45.59794],[-118.01324,45.5974],[-118.01247,45.5974],[-118.01247,45.59686],[-118.0117,45.59659],[-118.0117,45.59632],[-118.01209,45.59632],[-118.01209,45.59579],[-118.0117,45.59579],[-118.0117,45.59525],[-118.01093,45.59525],[-118.01093,45.59498],[-118.01055,45.59498],[-118.01055,45.59444],[-118.01016,45.59444],[-118.01016,45.59417],[-118.00978,45.59417],[-118.00978,45.5939],[-118.00939,45.5939],[-118.00939,45.59363],[-118.00901,45.59363],[-118.00901,45.59336],[-118.00747,45.59309],[-118.00747,45.59282],[-118.0067,45.59255],[-118.0067,45.59228],[-118.00593,45.59228],[-118.00593,45.59201],[-118.00554,45.59201],[-118.00554,45.59174],[-118.00516,45.59174],[-118.00516,45.59147],[-118.00477,45.59147],[-118.00477,45.5912],[-118.00439,45.5912],[-118.00439,45.59093],[-118.00362,45.59093],[-118.00362,45.59066],[-118.00323,45.59066],[-118.00323,45.5904],[-118.00285,45.5904],[-118.00285,45.59013],[-118.00246,45.59013],[-118.00246,45.58986],[-118.00169,45.58959],[-118.00169,45.58932],[-118.00131,45.58932],[-118.00131,45.58878],[-118.00092,45.58878],[-118.00092,45.58851],[-118.00054,45.58851],[-118.00054,45.58824],[-117.99977,45.58824],[-117.99977,45.58797],[-117.999,45.58797],[-117.999,45.5877],[-117.99823,45.5877],[-117.99823,45.58689],[-117.99784,45.58689],[-117.99784,45.58635],[-117.99669,45.58635],[-117.99669,45.58581],[-117.99707,45.58581],[-117.99707,45.58554],[-117.99669,45.58554],[-117.99669,45.58501],[-117.99553,45.58501],[-117.99553,45.58474],[-117.99399,45.58474],[-117.99399,45.58447],[-117.99322,45.58447],[-117.99322,45.5842],[-117.99245,45.58393],[-117.99245,45.58366],[-117.99207,45.58366],[-117.99207,45.58339],[-117.99168,45.58339],[-117.99168,45.58312],[-117.9913,45.58312],[-117.9913,45.58231],[-117.99168,45.58231],[-117.99168,45.58096],[-117.9913,45.58096],[-117.9913,45.58069],[-117.99091,45.58069],[-117.99091,45.58042],[-117.99014,45.58042],[-117.99014,45.58015],[-117.98976,45.58015],[-117.98976,45.57989],[-117.98937,45.57989],[-117.98937,45.57962],[-117.98899,45.57962],[-117.98899,45.57908],[-117.9886,45.57908],[-117.9886,45.57719],[-117.98899,45.57719],[-117.98899,45.578],[-117.98976,45.578],[-117.98976,45.57827],[-117.99053,45.57827],[-117.99053,45.57854],[-117.99207,45.57854],[-117.99207,45.57881],[-117.99245,45.57881],[-117.99245,45.57854],[-117.99361,45.57854],[-117.99361,45.57881],[-117.99399,45.57881],[-117.99399,45.57962],[-117.99361,45.57962],[-117.99361,45.57989],[-117.99322,45.57989],[-117.99322,45.58015],[-117.99245,45.58015],[-117.99245,45.58042],[-117.99207,45.58042],[-117.99207,45.58123],[-117.99245,45.58123],[-117.99245,45.5815],[-117.99284,45.5815],[-117.99284,45.58177],[-117.99322,45.58177],[-117.99322,45.58204],[-117.99361,45.58204],[-117.99361,45.58231],[-117.99399,45.58231],[-117.99399,45.58258],[-117.99438,45.58258],[-117.99438,45.58285],[-117.99515,45.58312],[-117.99515,45.58339],[-117.9963,45.58339],[-117.9963,45.58366],[-117.99861,45.58366],[-117.99861,45.58474],[-118.00054,45.58474],[-118.00054,45.58501],[-118.00208,45.58528],[-118.00208,45.58501],[-118.00246,45.58501],[-118.00246,45.58474],[-118.00323,45.58474],[-118.00323,45.58447],[-118.00362,45.58447],[-118.00362,45.5842],[-118.004,45.5842],[-118.004,45.58393],[-118.00439,45.58393],[-118.00439,45.58312],[-118.00477,45.58312],[-118.00477,45.58285],[-118.00516,45.58285],[-118.00516,45.58258],[-118.00708,45.58258],[-118.00708,45.58231],[-118.00631,45.58204],[-118.00631,45.58177],[-118.00516,45.58177],[-118.00516,45.58204],[-118.00477,45.58204],[-118.00477,45.58258],[-118.00439,45.58258],[-118.00439,45.58285],[-118.00285,45.58285],[-118.00285,45.58258],[-118.00131,45.58231],[-118.00131,45.58204],[-118.00092,45.58204],[-118.00092,45.58177],[-118.00054,45.58177],[-118.00054,45.5815],[-118.00015,45.5815],[-118.00015,45.58015],[-117.99977,45.58015],[-117.99977,45.57881],[-117.99938,45.57881],[-117.99938,45.57854],[-117.99861,45.57854],[-117.99861,45.57827],[-117.99784,45.578],[-117.99784,45.57773],[-117.99553,45.57773],[-117.99553,45.57746],[-117.99476,45.57746],[-117.99476,45.57692],[-117.99438,45.57692],[-117.99438,45.57611],[-117.99399,45.57611],[-117.99399,45.57557],[-117.99322,45.5753],[-117.99322,45.57476],[-117.99245,45.5745],[-117.99245,45.57396],[-117.99207,45.57396],[-117.99207,45.57342],[-117.99168,45.57342],[-117.99168,45.57288],[-117.9913,45.57288],[-117.9913,45.5718],[-117.99053,45.57153],[-117.99053,45.57099],[-117.99091,45.57099],[-117.99091,45.57072],[-117.99053,45.57072],[-117.99053,45.56964],[-117.99245,45.56964],[-117.99245,45.56991],[-117.99284,45.56991],[-117.99284,45.57018],[-117.99322,45.57018],[-117.99322,45.57045],[-117.99361,45.57045],[-117.99361,45.57099],[-117.99399,45.57099],[-117.99399,45.57126],[-117.99438,45.57126],[-117.99438,45.57153],[-117.99515,45.57153],[-117.99515,45.5718],[-117.99553,45.5718],[-117.99553,45.57207],[-117.99592,45.57207],[-117.99592,45.57234],[-117.9963,45.57234],[-117.9963,45.57261],[-117.99784,45.57261],[-117.99784,45.57234],[-117.99861,45.57234],[-117.99861,45.57207],[-117.99938,45.57207],[-117.99938,45.5718],[-117.99977,45.5718],[-117.99977,45.57153],[-117.99938,45.57153],[-117.99938,45.57126],[-117.999,45.57126],[-117.999,45.57099],[-117.99707,45.57099],[-117.99707,45.57126],[-117.99592,45.57126],[-117.99592,45.57099],[-117.99515,45.57099],[-117.99515,45.57072],[-117.99438,45.57045],[-117.99438,45.56991],[-117.99361,45.56964],[-117.99361,45.56884],[-117.99438,45.56857],[-117.99438,45.5683],[-117.9913,45.5683],[-117.9913,45.56749],[-117.99168,45.56749],[-117.99168,45.56695],[-117.9913,45.56695],[-117.9913,45.56641],[-117.99207,45.56614],[-117.99207,45.56641],[-117.99245,45.56641],[-117.99245,45.56695],[-117.99553,45.56749],[-117.99553,45.56803],[-117.99515,45.56803],[-117.99515,45.5683],[-117.99553,45.5683],[-117.99553,45.56857],[-117.9963,45.56857],[-117.9963,45.56884],[-117.99861,45.56884],[-117.99861,45.56911],[-117.999,45.56911],[-117.999,45.56937],[-118.00054,45.56937],[-118.00054,45.56857],[-118.00015,45.56857],[-118.00015,45.56803],[-117.99977,45.56803],[-117.99977,45.56749],[-118.00323,45.56749],[-118.00323,45.56776],[-118.004,45.56776],[-118.004,45.56749],[-118.00477,45.56722],[-118.00477,45.56668],[-118.004,45.56641],[-118.004,45.56587],[-118.00362,45.56587],[-118.00362,45.56506],[-118.00439,45.56506],[-118.00439,45.56479],[-118.00477,45.56479],[-118.00477,45.56506],[-118.00516,45.56506],[-118.00516,45.56533],[-118.00554,45.56533],[-118.00554,45.5656],[-118.00593,45.5656],[-118.00593,45.56587],[-118.00631,45.56587],[-118.00631,45.56614],[-118.0067,45.56614],[-118.0067,45.56668],[-118.00708,45.56668],[-118.00708,45.56749],[-118.00747,45.56749],[-118.00747,45.56776],[-118.00824,45.56776],[-118.00824,45.5683],[-118.00862,45.5683],[-118.00862,45.56911],[-118.00939,45.56911],[-118.00939,45.56937],[-118.01016,45.56937],[-118.01016,45.56884],[-118.01055,45.56884],[-118.01055,45.56857],[-118.01132,45.56857],[-118.01132,45.5683],[-118.01247,45.5683],[-118.01247,45.56857],[-118.01324,45.56857],[-118.01324,45.56884],[-118.01517,45.56884],[-118.01517,45.56857],[-118.01825,45.56857],[-118.01825,45.5683],[-118.01863,45.5683],[-118.01863,45.56884],[-118.01902,45.56884],[-118.01902,45.5683],[-118.01979,45.5683],[-118.01979,45.56857],[-118.02056,45.56857],[-118.02056,45.56911],[-118.02094,45.56911],[-118.02094,45.56937],[-118.02287,45.56937],[-118.02287,45.56911],[-118.02326,45.56911],[-118.02326,45.56884],[-118.02441,45.56884],[-118.02441,45.56911],[-118.0248,45.56911],[-118.0248,45.56884],[-118.02634,45.56884],[-118.02634,45.56964],[-118.02595,45.56964],[-118.02595,45.56991],[-118.02557,45.56991],[-118.02557,45.57018],[-118.02518,45.57018],[-118.02518,45.57072],[-118.02595,45.57072],[-118.02595,45.57126],[-118.02749,45.57126],[-118.02749,45.57153],[-118.02826,45.5718],[-118.02826,45.57315],[-118.03134,45.57315],[-118.03134,45.57342],[-118.03173,45.57342],[-118.03173,45.57396],[-118.0325,45.57396],[-118.0325,45.57476],[-118.03096,45.57476],[-118.03096,45.57503],[-118.02865,45.5753],[-118.02865,45.57557],[-118.02826,45.57557],[-118.02826,45.57584],[-118.02672,45.57584],[-118.02672,45.57638],[-118.02865,45.57638],[-118.02865,45.57611],[-118.0298,45.57611],[-118.0298,45.57665],[-118.03057,45.57665],[-118.03057,45.57692],[-118.03134,45.57692],[-118.03134,45.57719],[-118.0325,45.57719],[-118.0325,45.57692],[-118.03327,45.57692],[-118.03327,45.57665],[-118.03442,45.57665],[-118.03442,45.57692],[-118.03404,45.57692],[-118.03404,45.57719],[-118.03442,45.57719],[-118.03442,45.57773],[-118.03519,45.578],[-118.03519,45.57935],[-118.03558,45.57935],[-118.03558,45.58312],[-118.03596,45.58312],[-118.03596,45.58339],[-118.03519,45.58366],[-118.03519,45.58393],[-118.03481,45.58393],[-118.03481,45.5842],[-118.03442,45.5842],[-118.03442,45.58447],[-118.03404,45.58447],[-118.03404,45.5842],[-118.03327,45.5842],[-118.03327,45.58447],[-118.03288,45.58447],[-118.03288,45.58474],[-118.03327,45.58474],[-118.03327,45.58528],[-118.03481,45.58528],[-118.03481,45.58501],[-118.03519,45.58501],[-118.03519,45.58528],[-118.03596,45.58528],[-118.03596,45.58554],[-118.03673,45.58554],[-118.03673,45.58528],[-118.03712,45.58528],[-118.03712,45.58554],[-118.0375,45.58554],[-118.0375,45.58608],[-118.03904,45.58608],[-118.03904,45.58689],[-118.03943,45.58689],[-118.03943,45.58743],[-118.0402,45.5877],[-118.0402,45.58824],[-118.04058,45.58824],[-118.04058,45.58905],[-118.04097,45.58905],[-118.04097,45.58959],[-118.04174,45.58986],[-118.04174,45.5904],[-118.04251,45.59066],[-118.04251,45.59147],[-118.04289,45.59147],[-118.04289,45.59174],[-118.04366,45.59201],[-118.04366,45.59228],[-118.04674,45.59228],[-118.04674,45.59201],[-118.04751,45.59201],[-118.04751,45.59282],[-118.04636,45.59282],[-118.04636,45.59309],[-118.04674,45.59309],[-118.04674,45.59336],[-118.04713,45.59336],[-118.04713,45.59363],[-118.04751,45.59363],[-118.04751,45.59498],[-118.04713,45.59498],[-118.04713,45.59552],[-118.04674,45.59552],[-118.04674,45.59579],[-118.04636,45.59579],[-118.04636,45.59552],[-118.0452,45.59552],[-118.0452,45.59525],[-118.04482,45.59525],[-118.04482,45.59498],[-118.04328,45.59471],[-118.04328,45.59444],[-118.04174,45.59444],[-118.04174,45.59417],[-118.04097,45.5939],[-118.04097,45.59363],[-118.0402,45.59336],[-118.0402,45.59444],[-118.04058,45.59444],[-118.04058,45.59471],[-118.04135,45.59471],[-118.04135,45.59498],[-118.04174,45.59498],[-118.04174,45.59525],[-118.04251,45.59525],[-118.04251,45.59552],[-118.04289,45.59552],[-118.04289,45.59579],[-118.04366,45.59579],[-118.04366,45.59605],[-118.04443,45.59632],[-118.04443,45.59659],[-118.0452,45.59659],[-118.0452,45.59632],[-118.04559,45.59632],[-118.04559,45.59605],[-118.04636,45.59605],[-118.04636,45.59686],[-118.04597,45.59686],[-118.04597,45.59713],[-118.0452,45.59713],[-118.0452,45.59956],[-118.04482,45.59956],[-118.04482,45.59983],[-118.04405,45.59983],[-118.04405,45.6001],[-118.04289,45.6001],[-118.04289,45.60037],[-118.04251,45.60037],[-118.04251,45.60064],[-118.04328,45.60064],[-118.04328,45.60091],[-118.04366,45.60091],[-118.04366,45.60118],[-118.04405,45.60118],[-118.04405,45.60144],[-118.04559,45.60118],[-118.04559,45.60171],[-118.04482,45.60198],[-118.04482,45.60252],[-118.04559,45.60252],[-118.04559,45.60279],[-118.04597,45.60279],[-118.04597,45.60306],[-118.04405,45.60306],[-118.04405,45.60279],[-118.04328,45.60279],[-118.04328,45.60252],[-118.04251,45.60225],[-118.04251,45.60198],[-118.04212,45.60198],[-118.04212,45.60171],[-118.04097,45.60171],[-118.04097,45.60198],[-118.04058,45.60198],[-118.04058,45.60252],[-118.0402,45.60252],[-118.0402,45.60279],[-118.03943,45.60279],[-118.03943,45.60225],[-118.03904,45.60225],[-118.03904,45.60171],[-118.03866,45.60171],[-118.03866,45.60144],[-118.03904,45.60144],[-118.03904,45.60118],[-118.03827,45.60118],[-118.03827,45.60144],[-118.03789,45.60144],[-118.03789,45.60171],[-118.03827,45.60171]],[[-118.0402,45.60225],[-118.03981,45.60225],[-118.03981,45.60252],[-118.0402,45.60252],[-118.0402,45.60225]],[[-118.04058,45.60118],[-118.04058,45.59983],[-118.03904,45.59983],[-118.03904,45.60118],[-118.04058,45.60118]],[[-118.03673,45.59066],[-118.03635,45.59066],[-118.03635,45.59093],[-118.03673,45.59093],[-118.03673,45.5912],[-118.0375,45.5912],[-118.0375,45.59066],[-118.03712,45.59066],[-118.03712,45.5904],[-118.03673,45.5904],[-118.03673,45.59066]],[[-118.03481,45.58959],[-118.03558,45.58959],[-118.03558,45.58878],[-118.03442,45.58878],[-118.03442,45.58932],[-118.03481,45.58932],[-118.03481,45.58959]],[[-118.0325,45.58689],[-118.03211,45.58689],[-118.03211,45.58743],[-118.03404,45.58743],[-118.03404,45.5877],[-118.03558,45.58743],[-118.03558,45.58662],[-118.0325,45.58662],[-118.0325,45.58689]],[[-118.02403,45.58581],[-118.02364,45.58581],[-118.02364,45.58608],[-118.02403,45.58608],[-118.02403,45.58581]],[[-118.0221,45.58554],[-118.02171,45.58554],[-118.02171,45.58581],[-118.0221,45.58581],[-118.0221,45.58554]],[[-118.01786,45.58554],[-118.01748,45.58554],[-118.01748,45.58581],[-118.01786,45.58581],[-118.01786,45.58554]],[[-118.01709,45.58528],[-118.01671,45.58528],[-118.01671,45.58554],[-118.01709,45.58554],[-118.01709,45.58528]],[[-118.01748,45.58474],[-118.01709,45.58474],[-118.01709,45.58501],[-118.01748,45.58501],[-118.01748,45.58474]],[[-118.02403,45.58285],[-118.02364,45.58285],[-118.02364,45.58312],[-118.02403,45.58312],[-118.02403,45.58285]],[[-118.01401,45.58285],[-118.01363,45.58285],[-118.01363,45.58312],[-118.01401,45.58312],[-118.01401,45.58285]],[[-118.02441,45.58231],[-118.02403,45.58231],[-118.02403,45.58258],[-118.02441,45.58258],[-118.02441,45.58231]],[[-118.01363,45.58177],[-118.01324,45.58177],[-118.01324,45.58258],[-118.01363,45.58258],[-118.01363,45.58177]],[[-118.02326,45.58123],[-118.02287,45.58123],[-118.02287,45.5815],[-118.02326,45.5815],[-118.02326,45.58123]],[[-118.01478,45.58096],[-118.0144,45.58096],[-118.0144,45.58123],[-118.01478,45.58123],[-118.01478,45.58096]],[[-118.01401,45.57881],[-118.01363,45.57881],[-118.01363,45.57935],[-118.01401,45.57935],[-118.01401,45.57881]],[[-118.02056,45.57854],[-118.02017,45.57854],[-118.02017,45.57881],[-118.02056,45.57881],[-118.02056,45.57854]],[[-118.0194,45.57827],[-118.01902,45.57827],[-118.01902,45.57854],[-118.0194,45.57854],[-118.0194,45.57827]],[[-118.0144,45.57827],[-118.01401,45.57827],[-118.01401,45.57854],[-118.0144,45.57854],[-118.0144,45.57827]],[[-118.01825,45.57773],[-118.01786,45.57773],[-118.01786,45.578],[-118.01825,45.578],[-118.01825,45.57773]],[[-118.01709,45.57746],[-118.01671,45.57746],[-118.01671,45.57773],[-118.01709,45.57773],[-118.01709,45.57746]],[[-118.01324,45.57018],[-118.01286,45.57018],[-118.01286,45.56991],[-118.01093,45.56991],[-118.01093,45.57018],[-118.01055,45.57018],[-118.01055,45.57126],[-118.00901,45.57153],[-118.00901,45.5718],[-118.00862,45.5718],[-118.00862,45.57234],[-118.00901,45.57234],[-118.00901,45.57207],[-118.01093,45.57207],[-118.01093,45.5718],[-118.0117,45.5718],[-118.0117,45.57207],[-118.01209,45.57207],[-118.01209,45.57234],[-118.01324,45.57234],[-118.01324,45.57099],[-118.01363,45.57099],[-118.01363,45.57045],[-118.01324,45.57045],[-118.01324,45.57018]],[[-118.00208,45.57126],[-118.00131,45.57126],[-118.00131,45.57153],[-118.00092,45.57153],[-118.00092,45.5718],[-118.00131,45.5718],[-118.00131,45.57207],[-118.00285,45.57207],[-118.00285,45.5718],[-118.00208,45.57153],[-118.00208,45.57126]],[[-118.0194,45.56991],[-118.01902,45.56991],[-118.01902,45.56964],[-118.01825,45.56964],[-118.01825,45.56937],[-118.01786,45.56937],[-118.01786,45.56884],[-118.01709,45.56884],[-118.01709,45.56937],[-118.01632,45.56964],[-118.01632,45.56991],[-118.01748,45.56991],[-118.01748,45.57018],[-118.01825,45.57045],[-118.01825,45.57126],[-118.01863,45.57126],[-118.01863,45.57153],[-118.02017,45.57153],[-118.02017,45.57072],[-118.01979,45.57072],[-118.01979,45.57018],[-118.0194,45.57018],[-118.0194,45.56991]],[[-117.99245,45.57153],[-117.99322,45.57153],[-117.99322,45.57126],[-117.99284,45.57126],[-117.99284,45.57045],[-117.99245,45.57045],[-117.99245,45.57153]]],[[[-117.98822,45.58528],[-117.9886,45.58528],[-117.9886,45.58554],[-117.98822,45.58554],[-117.98822,45.58528]]],[[[-117.99207,45.58635],[-117.99245,45.58635],[-117.99245,45.58662],[-117.99207,45.58662],[-117.99207,45.58635]]],[[[-117.99476,45.5877],[-117.99476,45.58743],[-117.99515,45.58743],[-117.99515,45.5877],[-117.99476,45.5877]]],[[[-117.99553,45.5877],[-117.99553,45.58797],[-117.99515,45.58797],[-117.99515,45.5877],[-117.99553,45.5877]]],[[[-117.99553,45.58824],[-117.99553,45.58797],[-117.99592,45.58797],[-117.99592,45.58824],[-117.99553,45.58824]]],[[[-117.99399,45.58986],[-117.99361,45.58986],[-117.99361,45.59013],[-117.99284,45.58986],[-117.99284,45.58851],[-117.99361,45.58824],[-117.99361,45.5877],[-117.99322,45.5877],[-117.99322,45.58797],[-117.99245,45.58797],[-117.99245,45.58824],[-117.9913,45.58824],[-117.9913,45.58797],[-117.99053,45.5877],[-117.99053,45.58716],[-117.99014,45.58716],[-117.99014,45.58689],[-117.98937,45.58662],[-117.98937,45.58635],[-117.98976,45.58635],[-117.98976,45.58608],[-117.99014,45.58608],[-117.99014,45.58635],[-117.99168,45.58635],[-117.99168,45.58662],[-117.99091,45.58689],[-117.99091,45.58743],[-117.9913,45.58743],[-117.9913,45.5877],[-117.99245,45.5877],[-117.99245,45.58743],[-117.99284,45.58743],[-117.99284,45.58716],[-117.99245,45.58716],[-117.99245,45.58662],[-117.99284,45.58662],[-117.99284,45.58689],[-117.99322,45.58689],[-117.99322,45.58716],[-117.99399,45.58716],[-117.99399,45.58797],[-117.99476,45.58797],[-117.99476,45.58824],[-117.99515,45.58824],[-117.99515,45.58851],[-117.9963,45.58851],[-117.9963,45.58905],[-117.99476,45.58905],[-117.99476,45.58959],[-117.99553,45.58959],[-117.99553,45.59093],[-117.99476,45.59093],[-117.99476,45.59066],[-117.99399,45.5904],[-117.99399,45.58986]]],[[[-117.99784,45.58959],[-117.99823,45.58959],[-117.99823,45.59013],[-117.99784,45.59013],[-117.99784,45.58959]]],[[[-117.99823,45.5904],[-117.99823,45.59013],[-117.99861,45.59013],[-117.99861,45.5904],[-117.99823,45.5904]]],[[[-118.00131,45.59147],[-118.00131,45.59201],[-118.00054,45.59201],[-118.00054,45.59174],[-118.00015,45.59174],[-118.00015,45.59147],[-118.00131,45.59147]]],[[[-117.9963,45.59228],[-117.9963,45.59201],[-117.99669,45.59201],[-117.99669,45.59228],[-117.9963,45.59228]]],[[[-117.99669,45.59282],[-117.99707,45.59282],[-117.99707,45.59309],[-117.99669,45.59309],[-117.99669,45.59282]]],[[[-117.99784,45.59255],[-117.99707,45.59255],[-117.99707,45.59228],[-117.99823,45.59228],[-117.99823,45.59255],[-117.99861,45.59255],[-117.99861,45.59309],[-117.99938,45.59309],[-117.99938,45.59363],[-117.99861,45.5939],[-117.99861,45.59363],[-117.99823,45.59363],[-117.99823,45.59282],[-117.99784,45.59282],[-117.99784,45.59255]]]]},"properties":{"layer":"predicted_reach_h10","fire_name":"Middle_Ridge","irwin_id":"{2088689D-42B8-4A31-85B6-2CADB59BA127}","model":"arrival_run","checkpoint_epoch":216,"decode":"connected_causal","operating_point":{"floor":0.0,"mult":0.9},"val_precision":null,"val_recall":null,"model_caveat":"arrival_run chosen for best RECALL among the six FlameFlux v3 candidates on the production-valid t0-window corpus (R=0.624 on the fc2 held-out fires, R=0.432 on Dillon -- see candidate_comparison.md from the 2026-07-24 comparison). It does NOT meet the project's P>=0.50/R>=0.80 target: precision is the WORST of the six (P=0.120 on fc2 -- most flagged growth is wrong), and wind_run actually edges it on F1. IMPORTANT CAVEAT: arrival_run trained on the leaky 'observed' corpus (crop centered/sized on t0|t1, i.e. it saw the future perimeter's geometry during training) and has NEVER seen a t0-window crop -- the ONLY geometry this live pipeline can ever produce at forecast time (the future perimeter is, by definition, unknown). So every live prediction from this model is out-of-distribution relative to its own training. The measured t0-window numbers above already reflect that (they are not a surprise), but this is 'best available', not 'production-ready' -- represent it that way. The operating_point (floor=0.0, mult=0.9) is the VAL-selected connected-causal decode point; it did NOT clear the 0.50 precision floor during selection (feasible=False, val P=0.270/R=0.259) -- it's the best-F1 fallback point, not a precision-guaranteed one.","issued_at_utc":"2026-08-23 20:05:07.672141+00:00","valid_from_utc":"2026-08-23 00:00:00","valid_to_utc":"2026-08-24 00:00:00","wfigs_date_current_utc":"2026-08-23 16:41:28.079000+00:00","pixel_size_m":30,"veg_source":"refreshed_d4","physics_source":"eikonal_fbfm40","history_n_dates":1,"degraded_history":true,"containment_pct":0.0,"acres_wfigs":138.34560634370422,"hour":10,"valid_at_utc":"2026-08-23 10:00:00"}},{"type":"Feature","geometry":{"type":"MultiPolygon","coordinates":[[[[-118.01863,45.5683],[-118.01863,45.56803],[-118.01902,45.56803],[-118.01902,45.5683],[-118.01863,45.5683]]],[[[-118.03404,45.57423],[-118.03404,45.5745],[-118.03327,45.5745],[-118.03327,45.57396],[-118.03442,45.57396],[-118.03442,45.57423],[-118.03404,45.57423]]],[[[-118.03866,45.60333],[-118.0375,45.60333],[-118.0375,45.6036],[-118.03712,45.6036],[-118.03712,45.60387],[-118.03635,45.60387],[-118.03635,45.60441],[-118.03596,45.60441],[-118.03596,45.60468],[-118.03635,45.60468],[-118.03635,45.60495],[-118.03558,45.60495],[-118.03558,45.60387],[-118.03519,45.60387],[-118.03519,45.60279],[-118.03481,45.60279],[-118.03481,45.60198],[-118.03404,45.60225],[-118.03404,45.60306],[-118.03365,45.60306],[-118.03365,45.60333],[-118.03211,45.60333],[-118.03211,45.60225],[-118.03173,45.60225],[-118.03173,45.60144],[-118.03134,45.60144],[-118.03134,45.60118],[-118.03057,45.60144],[-118.03057,45.60118],[-118.0298,45.60118],[-118.0298,45.60091],[-118.02903,45.60064],[-118.02903,45.59956],[-118.02865,45.59956],[-118.02865,45.59902],[-118.02749,45.59902],[-118.02749,45.59875],[-118.02672,45.59875],[-118.02672,45.59848],[-118.02634,45.59848],[-118.02634,45.59875],[-118.02557,45.59875],[-118.02557,45.59902],[-118.02441,45.59902],[-118.02441,45.59875],[-118.02364,45.59848],[-118.02364,45.59821],[-118.02249,45.59821],[-118.02249,45.5974],[-118.02094,45.5974],[-118.02094,45.59848],[-118.02056,45.59848],[-118.02056,45.59875],[-118.0194,45.59875],[-118.0194,45.59848],[-118.01786,45.59848],[-118.01786,45.59875],[-118.01748,45.59875],[-118.01748,45.59929],[-118.01786,45.59929],[-118.01786,45.59956],[-118.01825,45.59956],[-118.01825,45.59983],[-118.0194,45.59983],[-118.0194,45.59956],[-118.02133,45.59956],[-118.02133,45.59983],[-118.0221,45.6001],[-118.0221,45.60064],[-118.02171,45.60064],[-118.02171,45.60091],[-118.02133,45.60091],[-118.02133,45.60118],[-118.02094,45.60118],[-118.02094,45.60144],[-118.02056,45.60144],[-118.02056,45.60171],[-118.02017,45.60171],[-118.02017,45.60198],[-118.01979,45.60198],[-118.01979,45.60225],[-118.0194,45.60225],[-118.0194,45.60252],[-118.01786,45.60225],[-118.01786,45.60198],[-118.01863,45.60198],[-118.01863,45.60171],[-118.01902,45.60171],[-118.01902,45.60118],[-118.0194,45.60118],[-118.0194,45.60091],[-118.01979,45.60091],[-118.01979,45.60064],[-118.02017,45.60064],[-118.02017,45.60037],[-118.02056,45.60037],[-118.02056,45.6001],[-118.0194,45.6001],[-118.0194,45.60037],[-118.01902,45.60037],[-118.01902,45.60064],[-118.01863,45.60064],[-118.01863,45.60091],[-118.01825,45.60091],[-118.01825,45.60118],[-118.01786,45.60118],[-118.01786,45.6001],[-118.01671,45.6001],[-118.01671,45.60037],[-118.01632,45.60037],[-118.01632,45.59983],[-118.01555,45.59956],[-118.01555,45.59848],[-118.01401,45.59848],[-118.01401,45.59821],[-118.01324,45.59794],[-118.01324,45.5974],[-118.01247,45.5974],[-118.01247,45.59686],[-118.0117,45.59659],[-118.0117,45.59552],[-118.01132,45.59552],[-118.01132,45.59525],[-118.01093,45.59525],[-118.01093,45.59498],[-118.01055,45.59498],[-118.01055,45.59471],[-118.01016,45.59471],[-118.01016,45.59417],[-118.00978,45.59417],[-118.00978,45.5939],[-118.00939,45.5939],[-118.00939,45.59363],[-118.00785,45.59336],[-118.00785,45.59309],[-118.00747,45.59309],[-118.00747,45.59282],[-118.00708,45.59282],[-118.00708,45.59255],[-118.0067,45.59255],[-118.0067,45.59228],[-118.00593,45.59228],[-118.00593,45.59201],[-118.00554,45.59201],[-118.00554,45.59174],[-118.00516,45.59174],[-118.00516,45.59147],[-118.00477,45.59147],[-118.00477,45.5912],[-118.004,45.5912],[-118.004,45.59093],[-118.00362,45.59093],[-118.00362,45.59066],[-118.00285,45.5904],[-118.00285,45.59013],[-118.00246,45.59013],[-118.00246,45.58986],[-118.00169,45.58959],[-118.00169,45.58932],[-118.00131,45.58932],[-118.00131,45.58905],[-118.00054,45.58878],[-118.00054,45.58851],[-118.00015,45.58851],[-118.00015,45.58824],[-117.99861,45.58797],[-117.99861,45.5877],[-117.99823,45.5877],[-117.99823,45.58716],[-117.99784,45.58716],[-117.99784,45.58662],[-117.9963,45.58635],[-117.9963,45.58581],[-117.99669,45.58581],[-117.99669,45.58554],[-117.9963,45.58554],[-117.9963,45.58501],[-117.99476,45.58501],[-117.99476,45.58474],[-117.99361,45.58474],[-117.99361,45.58447],[-117.99322,45.58447],[-117.99322,45.5842],[-117.99284,45.5842],[-117.99284,45.58393],[-117.99245,45.58393],[-117.99245,45.58366],[-117.99207,45.58366],[-117.99207,45.58339],[-117.99168,45.58339],[-117.99168,45.58312],[-117.9913,45.58312],[-117.9913,45.58204],[-117.99168,45.58204],[-117.99168,45.58177],[-117.9913,45.58177],[-117.9913,45.58096],[-117.99091,45.58096],[-117.99091,45.58069],[-117.99053,45.58069],[-117.99053,45.58042],[-117.99014,45.58042],[-117.99014,45.58015],[-117.98976,45.58015],[-117.98976,45.57989],[-117.98937,45.57989],[-117.98937,45.57962],[-117.98899,45.57962],[-117.98899,45.57908],[-117.98822,45.57881],[-117.98822,45.57773],[-117.9886,45.57773],[-117.9886,45.57746],[-117.98822,45.57746],[-117.98822,45.57665],[-117.9886,45.57665],[-117.9886,45.57611],[-117.98899,45.57611],[-117.98899,45.57746],[-117.98937,45.57746],[-117.98937,45.57773],[-117.99014,45.578],[-117.99014,45.57827],[-117.99091,45.57827],[-117.99091,45.57854],[-117.99399,45.57854],[-117.99399,45.57962],[-117.99361,45.57962],[-117.99361,45.57989],[-117.99284,45.58015],[-117.99284,45.58042],[-117.99245,45.58042],[-117.99245,45.5815],[-117.99284,45.5815],[-117.99284,45.58177],[-117.99361,45.58204],[-117.99361,45.58231],[-117.99438,45.58231],[-117.99438,45.58258],[-117.99476,45.58258],[-117.99476,45.58312],[-117.99515,45.58312],[-117.99515,45.58339],[-117.99669,45.58339],[-117.99669,45.58366],[-117.99784,45.58366],[-117.99784,45.58339],[-117.99861,45.58339],[-117.99861,45.58366],[-117.999,45.58366],[-117.999,45.58447],[-117.99977,45.5842],[-117.99977,45.58447],[-118.00054,45.58447],[-118.00054,45.58474],[-118.00092,45.58474],[-118.00092,45.58501],[-118.00131,45.58501],[-118.00131,45.58528],[-118.00169,45.58528],[-118.00169,45.58501],[-118.00246,45.58501],[-118.00246,45.58474],[-118.00285,45.58474],[-118.00285,45.58447],[-118.00323,45.58447],[-118.00323,45.5842],[-118.004,45.5842],[-118.004,45.58366],[-118.00439,45.58366],[-118.00439,45.58312],[-118.00477,45.58312],[-118.00477,45.58258],[-118.00439,45.58258],[-118.00439,45.58285],[-118.00285,45.58285],[-118.00285,45.58258],[-118.00208,45.58258],[-118.00208,45.58231],[-118.00092,45.58231],[-118.00092,45.58177],[-118.00015,45.5815],[-118.00015,45.58042],[-117.99977,45.58042],[-117.99977,45.57908],[-117.99938,45.57908],[-117.99938,45.57881],[-117.999,45.57881],[-117.999,45.57854],[-117.99861,45.57854],[-117.99861,45.57827],[-117.99823,45.57827],[-117.99823,45.578],[-117.99669,45.578],[-117.99669,45.57773],[-117.99515,45.57773],[-117.99515,45.57746],[-117.99476,45.57746],[-117.99476,45.57692],[-117.99438,45.57692],[-117.99438,45.57611],[-117.99399,45.57611],[-117.99399,45.57557],[-117.99361,45.57557],[-117.99361,45.5753],[-117.99284,45.57503],[-117.99284,45.57476],[-117.99245,45.57476],[-117.99245,45.57423],[-117.99207,45.57423],[-117.99207,45.57342],[-117.99168,45.57342],[-117.99168,45.57288],[-117.9913,45.57288],[-117.9913,45.5718],[-117.99014,45.5718],[-117.99014,45.57153],[-117.99053,45.57153],[-117.99053,45.56964],[-117.99245,45.56964],[-117.99245,45.56991],[-117.99322,45.57018],[-117.99322,45.57045],[-117.99399,45.57072],[-117.99399,45.57126],[-117.99476,45.57126],[-117.99476,45.57153],[-117.99515,45.57153],[-117.99515,45.5718],[-117.99592,45.5718],[-117.99592,45.57207],[-117.9963,45.57207],[-117.9963,45.57234],[-117.99669,45.57234],[-117.99669,45.57261],[-117.99823,45.57234],[-117.99823,45.57207],[-117.999,45.57207],[-117.999,45.5718],[-117.99938,45.5718],[-117.99938,45.57153],[-117.999,45.57153],[-117.999,45.57126],[-117.99592,45.57126],[-117.99592,45.57099],[-117.99515,45.57099],[-117.99515,45.57072],[-117.99476,45.57072],[-117.99476,45.57045],[-117.99438,45.57045],[-117.99438,45.57018],[-117.99399,45.57018],[-117.99399,45.56964],[-117.99361,45.56964],[-117.99361,45.56884],[-117.99438,45.56857],[-117.99438,45.5683],[-117.99245,45.5683],[-117.99245,45.56857],[-117.99207,45.56857],[-117.99207,45.5683],[-117.9913,45.5683],[-117.9913,45.56695],[-117.99091,45.56695],[-117.99091,45.56668],[-117.99053,45.56668],[-117.99053,45.56641],[-117.9913,45.56641],[-117.9913,45.56614],[-117.99207,45.56587],[-117.99207,45.56614],[-117.99245,45.56614],[-117.99245,45.56668],[-117.99284,45.56668],[-117.99284,45.56695],[-117.99322,45.56695],[-117.99322,45.56722],[-117.99476,45.56722],[-117.99476,45.56749],[-117.99553,45.56749],[-117.99553,45.5683],[-117.99592,45.5683],[-117.99592,45.56857],[-117.9963,45.56857],[-117.9963,45.56884],[-117.999,45.56884],[-117.999,45.56911],[-117.99938,45.56911],[-117.99938,45.56937],[-118.00015,45.56937],[-118.00015,45.56911],[-118.00054,45.56911],[-118.00054,45.56884],[-118.00015,45.56884],[-118.00015,45.5683],[-117.99977,45.5683],[-117.99977,45.56776],[-117.999,45.56776],[-117.999,45.56803],[-117.99861,45.56803],[-117.99861,45.56776],[-117.99823,45.56776],[-117.99823,45.56722],[-117.99938,45.56722],[-117.99938,45.56749],[-118.00169,45.56749],[-118.00169,45.56722],[-118.00323,45.56695],[-118.00323,45.56722],[-118.00285,45.56722],[-118.00285,45.56749],[-118.004,45.56749],[-118.004,45.56722],[-118.00439,45.56722],[-118.00439,45.56641],[-118.004,45.56641],[-118.004,45.56587],[-118.00362,45.56587],[-118.00362,45.56533],[-118.00323,45.56533],[-118.00323,45.56452],[-118.00362,45.56452],[-118.00362,45.56506],[-118.00516,45.56479],[-118.00516,45.56533],[-118.00593,45.56533],[-118.00593,45.5656],[-118.0067,45.56587],[-118.0067,45.56641],[-118.00708,45.56641],[-118.00708,45.56722],[-118.00747,45.56722],[-118.00747,45.56749],[-118.00785,45.56749],[-118.00785,45.56776],[-118.00824,45.56776],[-118.00824,45.5683],[-118.00901,45.56857],[-118.00901,45.56911],[-118.01016,45.56911],[-118.01016,45.56857],[-118.01055,45.56857],[-118.01055,45.5683],[-118.0117,45.5683],[-118.0117,45.56803],[-118.01247,45.56803],[-118.01247,45.5683],[-118.01286,45.5683],[-118.01286,45.56857],[-118.01324,45.56857],[-118.01324,45.56884],[-118.0144,45.56884],[-118.0144,45.56857],[-118.01786,45.56857],[-118.01786,45.5683],[-118.01863,45.5683],[-118.01863,45.56884],[-118.01902,45.56884],[-118.01902,45.5683],[-118.02017,45.5683],[-118.02017,45.56857],[-118.02094,45.56884],[-118.02094,45.56911],[-118.02133,45.56911],[-118.02133,45.56937],[-118.02249,45.56937],[-118.02249,45.56911],[-118.02326,45.56911],[-118.02326,45.56884],[-118.02634,45.56884],[-118.02634,45.56991],[-118.02595,45.56991],[-118.02595,45.57072],[-118.02634,45.57072],[-118.02634,45.57126],[-118.02788,45.57126],[-118.02788,45.57153],[-118.02826,45.57153],[-118.02826,45.57234],[-118.02865,45.57234],[-118.02865,45.57261],[-118.02826,45.57261],[-118.02826,45.57288],[-118.02865,45.57288],[-118.02865,45.57315],[-118.0298,45.57315],[-118.0298,45.57288],[-118.03019,45.57288],[-118.03019,45.57315],[-118.03134,45.57315],[-118.03134,45.57342],[-118.03211,45.57369],[-118.03211,45.57396],[-118.03288,45.57423],[-118.03288,45.57476],[-118.03096,45.57476],[-118.03096,45.57503],[-118.03057,45.57503],[-118.03057,45.5753],[-118.02903,45.5753],[-118.02903,45.57557],[-118.02826,45.57557],[-118.02826,45.57584],[-118.02711,45.57584],[-118.02711,45.57638],[-118.02826,45.57638],[-118.02826,45.57611],[-118.0298,45.57611],[-118.0298,45.57665],[-118.03096,45.57665],[-118.03096,45.57692],[-118.03327,45.57692],[-118.03327,45.57665],[-118.03442,45.57665],[-118.03442,45.57746],[-118.03519,45.57773],[-118.03519,45.57854],[-118.03596,45.57854],[-118.03596,45.578],[-118.03635,45.578],[-118.03635,45.57746],[-118.03519,45.57746],[-118.03519,45.57638],[-118.03596,45.57638],[-118.03596,45.57611],[-118.03789,45.57611],[-118.03789,45.57665],[-118.03981,45.57665],[-118.03981,45.57854],[-118.0402,45.57854],[-118.0402,45.57827],[-118.04058,45.57827],[-118.04058,45.578],[-118.04097,45.578],[-118.04097,45.57746],[-118.04135,45.57746],[-118.04135,45.57773],[-118.04212,45.57773],[-118.04212,45.57827],[-118.04289,45.57827],[-118.04289,45.57881],[-118.04328,45.57881],[-118.04328,45.57989],[-118.04405,45.57989],[-118.04405,45.58015],[-118.04366,45.58015],[-118.04366,45.58042],[-118.04328,45.58042],[-118.04328,45.58069],[-118.04251,45.58069],[-118.04251,45.58096],[-118.04174,45.58123],[-118.04174,45.5815],[-118.04097,45.5815],[-118.04097,45.58177],[-118.04058,45.58177],[-118.04058,45.58204],[-118.04097,45.58204],[-118.04097,45.58231],[-118.04328,45.58204],[-118.04328,45.58258],[-118.04405,45.58258],[-118.04405,45.58285],[-118.04443,45.58285],[-118.04443,45.58339],[-118.04366,45.58339],[-118.04366,45.58366],[-118.04251,45.58366],[-118.04251,45.58285],[-118.04212,45.58285],[-118.04212,45.58339],[-118.04135,45.58339],[-118.04135,45.58312],[-118.04097,45.58312],[-118.04097,45.58258],[-118.0402,45.58231],[-118.0402,45.58177],[-118.03943,45.5815],[-118.03943,45.58069],[-118.0402,45.58096],[-118.0402,45.58042],[-118.04058,45.58042],[-118.04058,45.57989],[-118.0402,45.57989],[-118.0402,45.57962],[-118.03981,45.57962],[-118.03981,45.57908],[-118.03943,45.57908],[-118.03943,45.57962],[-118.03904,45.57962],[-118.03904,45.58015],[-118.03866,45.58015],[-118.03866,45.57989],[-118.03827,45.57989],[-118.03827,45.57935],[-118.03789,45.57935],[-118.03789,45.57854],[-118.0375,45.57854],[-118.0375,45.57881],[-118.03712,45.57881],[-118.03712,45.57908],[-118.03596,45.57908],[-118.03596,45.57962],[-118.03558,45.57962],[-118.03558,45.58096],[-118.03635,45.58123],[-118.03635,45.5815],[-118.03673,45.5815],[-118.03673,45.58177],[-118.03827,45.58204],[-118.03827,45.58285],[-118.0375,45.58285],[-118.0375,45.58312],[-118.03635,45.58312],[-118.03635,45.58339],[-118.03596,45.58339],[-118.03596,45.58366],[-118.03558,45.58366],[-118.03558,45.58393],[-118.03481,45.5842],[-118.03481,45.58447],[-118.03327,45.58447],[-118.03327,45.58501],[-118.03365,45.58501],[-118.03365,45.58528],[-118.03404,45.58528],[-118.03404,45.58501],[-118.03519,45.58501],[-118.03519,45.58528],[-118.0375,45.58528],[-118.0375,45.58581],[-118.03866,45.58581],[-118.03866,45.58608],[-118.03943,45.58635],[-118.03943,45.58716],[-118.03981,45.58716],[-118.03981,45.5877],[-118.0402,45.5877],[-118.0402,45.58824],[-118.04058,45.58824],[-118.04058,45.58905],[-118.04135,45.58932],[-118.04135,45.58986],[-118.04212,45.59013],[-118.04212,45.59066],[-118.04251,45.59066],[-118.04251,45.5912],[-118.04289,45.5912],[-118.04289,45.59174],[-118.04328,45.59174],[-118.04328,45.59201],[-118.04366,45.59201],[-118.04366,45.59228],[-118.04597,45.59228],[-118.04597,45.59201],[-118.04674,45.59201],[-118.04674,45.59174],[-118.0479,45.59174],[-118.0479,45.59228],[-118.04867,45.59228],[-118.04867,45.59309],[-118.0479,45.59309],[-118.0479,45.59417],[-118.04751,45.59417],[-118.04751,45.59444],[-118.0479,45.59444],[-118.0479,45.59471],[-118.04713,45.59498],[-118.04713,45.59579],[-118.0479,45.59579],[-118.0479,45.59659],[-118.04751,45.59659],[-118.04751,45.59686],[-118.04713,45.59686],[-118.04713,45.59713],[-118.04674,45.59713],[-118.04674,45.59659],[-118.04636,45.59659],[-118.04636,45.59713],[-118.0452,45.59713],[-118.0452,45.59956],[-118.04482,45.59956],[-118.04482,45.59983],[-118.04443,45.59983],[-118.04443,45.6001],[-118.04289,45.60037],[-118.04289,45.60064],[-118.04366,45.60091],[-118.04366,45.60118],[-118.0452,45.60118],[-118.0452,45.60091],[-118.04636,45.60091],[-118.04636,45.60064],[-118.04674,45.60064],[-118.04674,45.60118],[-118.04597,45.60118],[-118.04597,45.60144],[-118.0452,45.60171],[-118.0452,45.60252],[-118.04597,45.60252],[-118.04597,45.60333],[-118.04443,45.60333],[-118.04443,45.60306],[-118.04405,45.60306],[-118.04405,45.60279],[-118.04328,45.60279],[-118.04328,45.60252],[-118.04251,45.60225],[-118.04251,45.60198],[-118.04174,45.60198],[-118.04174,45.60171],[-118.04097,45.60171],[-118.04097,45.60279],[-118.04058,45.60279],[-118.04058,45.60252],[-118.0402,45.60252],[-118.0402,45.60279],[-118.03866,45.60252],[-118.03866,45.60333]],[[-118.0067,45.58258],[-118.0067,45.58231],[-118.00593,45.58204],[-118.00593,45.58177],[-118.00516,45.58177],[-118.00516,45.58231],[-118.00477,45.58231],[-118.00477,45.58258],[-118.0067,45.58258]],[[-118.0402,45.60225],[-118.03981,45.60225],[-118.03981,45.60252],[-118.0402,45.60252],[-118.0402,45.60225]],[[-118.0402,45.59983],[-118.03943,45.59983],[-118.03943,45.6001],[-118.03904,45.6001],[-118.03904,45.60091],[-118.0402,45.60091],[-118.0402,45.60037],[-118.04058,45.60037],[-118.04058,45.6001],[-118.0402,45.6001],[-118.0402,45.59983]],[[-118.04597,45.59579],[-118.04559,45.59579],[-118.04559,45.59552],[-118.0452,45.59552],[-118.0452,45.59525],[-118.04443,45.59525],[-118.04443,45.59498],[-118.04405,45.59498],[-118.04405,45.59471],[-118.04289,45.59471],[-118.04289,45.59444],[-118.04135,45.59444],[-118.04135,45.59417],[-118.04058,45.5939],[-118.04058,45.59444],[-118.04097,45.59444],[-118.04097,45.59471],[-118.04174,45.59498],[-118.04174,45.59525],[-118.04251,45.59525],[-118.04251,45.59552],[-118.04328,45.59552],[-118.04328,45.59579],[-118.04405,45.59579],[-118.04405,45.59632],[-118.04443,45.59632],[-118.04443,45.59659],[-118.0452,45.59659],[-118.0452,45.59632],[-118.04597,45.59605],[-118.04597,45.59579]],[[-118.03519,45.58662],[-118.03288,45.58662],[-118.03288,45.58689],[-118.0325,45.58689],[-118.0325,45.58716],[-118.03327,45.58716],[-118.03327,45.58743],[-118.03519,45.58743],[-118.03519,45.58716],[-118.03558,45.58716],[-118.03558,45.58689],[-118.03519,45.58689],[-118.03519,45.58662]],[[-118.02403,45.58581],[-118.02364,45.58581],[-118.02364,45.58608],[-118.02403,45.58608],[-118.02403,45.58581]],[[-118.0221,45.58554],[-118.02171,45.58554],[-118.02171,45.58581],[-118.0221,45.58581],[-118.0221,45.58554]],[[-118.01786,45.58554],[-118.01748,45.58554],[-118.01748,45.58581],[-118.01786,45.58581],[-118.01786,45.58554]],[[-118.01709,45.58528],[-118.01671,45.58528],[-118.01671,45.58554],[-118.01709,45.58554],[-118.01709,45.58528]],[[-118.01748,45.58474],[-118.01709,45.58474],[-118.01709,45.58501],[-118.01748,45.58501],[-118.01748,45.58474]],[[-118.02403,45.58285],[-118.02364,45.58285],[-118.02364,45.58312],[-118.02403,45.58312],[-118.02403,45.58285]],[[-118.01401,45.58285],[-118.01363,45.58285],[-118.01363,45.58312],[-118.01401,45.58312],[-118.01401,45.58285]],[[-118.02441,45.58231],[-118.02403,45.58231],[-118.02403,45.58258],[-118.02441,45.58258],[-118.02441,45.58231]],[[-118.01363,45.58177],[-118.01324,45.58177],[-118.01324,45.58258],[-118.01363,45.58258],[-118.01363,45.58177]],[[-118.02326,45.58123],[-118.02287,45.58123],[-118.02287,45.5815],[-118.02326,45.5815],[-118.02326,45.58123]],[[-118.01478,45.58096],[-118.0144,45.58096],[-118.0144,45.58123],[-118.01478,45.58123],[-118.01478,45.58096]],[[-118.04135,45.57962],[-118.04097,45.57962],[-118.04097,45.57989],[-118.04135,45.57989],[-118.04135,45.57962]],[[-118.01401,45.57881],[-118.01363,45.57881],[-118.01363,45.57935],[-118.01401,45.57935],[-118.01401,45.57881]],[[-118.02056,45.57854],[-118.02017,45.57854],[-118.02017,45.57881],[-118.02056,45.57881],[-118.02056,45.57854]],[[-118.0194,45.57827],[-118.01902,45.57827],[-118.01902,45.57854],[-118.0194,45.57854],[-118.0194,45.57827]],[[-118.0144,45.57827],[-118.01401,45.57827],[-118.01401,45.57854],[-118.0144,45.57854],[-118.0144,45.57827]],[[-118.01825,45.57773],[-118.01786,45.57773],[-118.01786,45.578],[-118.01825,45.578],[-118.01825,45.57773]],[[-118.01709,45.57746],[-118.01671,45.57746],[-118.01671,45.57773],[-118.01709,45.57773],[-118.01709,45.57746]],[[-118.03712,45.57638],[-118.03635,45.57638],[-118.03635,45.57665],[-118.03712,45.57665],[-118.03712,45.57638]],[[-118.01324,45.57045],[-118.01286,45.57045],[-118.01286,45.56991],[-118.01247,45.56991],[-118.01247,45.57018],[-118.01093,45.57018],[-118.01093,45.57126],[-118.01055,45.57126],[-118.01055,45.57153],[-118.00901,45.57153],[-118.00901,45.57207],[-118.01016,45.57207],[-118.01016,45.5718],[-118.01286,45.5718],[-118.01286,45.57153],[-118.01324,45.57153],[-118.01324,45.57045]],[[-118.00208,45.57153],[-118.00131,45.57153],[-118.00131,45.57207],[-118.00208,45.57207],[-118.00208,45.57153]],[[-118.0194,45.56991],[-118.01902,45.56991],[-118.01902,45.56964],[-118.01825,45.56964],[-118.01825,45.56937],[-118.01786,45.56937],[-118.01786,45.56911],[-118.01709,45.56911],[-118.01709,45.56937],[-118.01671,45.56937],[-118.01671,45.56991],[-118.01748,45.56991],[-118.01748,45.57018],[-118.01825,45.57045],[-118.01825,45.57099],[-118.01902,45.57126],[-118.01902,45.57153],[-118.02017,45.57153],[-118.02017,45.57072],[-118.01979,45.57072],[-118.01979,45.57018],[-118.0194,45.57018],[-118.0194,45.56991]],[[-117.99245,45.57153],[-117.99322,45.57153],[-117.99322,45.57126],[-117.99284,45.57126],[-117.99284,45.57045],[-117.99245,45.57045],[-117.99245,45.57153]]],[[[-118.04443,45.58635],[-118.04443,45.58608],[-118.04482,45.58608],[-118.04482,45.58581],[-118.04559,45.58581],[-118.04559,45.58662],[-118.04597,45.58662],[-118.04597,45.58716],[-118.0452,45.58716],[-118.0452,45.58689],[-118.04328,45.58689],[-118.04328,45.58635],[-118.04443,45.58635]]],[[[-118.04597,45.58851],[-118.04597,45.58824],[-118.04636,45.58824],[-118.04636,45.5877],[-118.04674,45.5877],[-118.04674,45.58743],[-118.04751,45.5877],[-118.04751,45.58878],[-118.04713,45.58878],[-118.04713,45.58905],[-118.04597,45.58905],[-118.04597,45.58878],[-118.04559,45.58878],[-118.04559,45.58851],[-118.04597,45.58851]]],[[[-117.99861,45.58959],[-117.99861,45.58986],[-117.99823,45.58986],[-117.99823,45.59013],[-117.99861,45.59013],[-117.99861,45.5904],[-117.99784,45.5904],[-117.99784,45.59013],[-117.99746,45.59013],[-117.99746,45.58959],[-117.99861,45.58959]]],[[[-117.99861,45.59066],[-117.99861,45.5904],[-117.999,45.5904],[-117.999,45.59066],[-117.99861,45.59066]]],[[[-117.999,45.59093],[-117.999,45.59066],[-117.99977,45.5904],[-117.99977,45.59093],[-117.999,45.59093]]],[[[-118.00131,45.59147],[-118.00131,45.59201],[-118.00015,45.59201],[-118.00015,45.59174],[-117.99977,45.59174],[-117.99977,45.59147],[-118.00131,45.59147]]],[[[-117.99784,45.59282],[-117.99784,45.59255],[-117.99707,45.59255],[-117.99707,45.59228],[-117.99823,45.59228],[-117.99823,45.59255],[-117.999,45.59282],[-117.999,45.59309],[-117.99977,45.59309],[-117.99977,45.59363],[-117.99938,45.59363],[-117.99938,45.5939],[-117.99861,45.5939],[-117.99861,45.59363],[-117.99823,45.59363],[-117.99823,45.59282],[-117.99784,45.59282]]],[[[-118.00246,45.5939],[-118.00246,45.59363],[-118.00285,45.59363],[-118.00285,45.5939],[-118.00246,45.5939]]],[[[-118.04713,45.59848],[-118.04713,45.59794],[-118.04828,45.59794],[-118.04828,45.59767],[-118.05059,45.59767],[-118.05059,45.59821],[-118.05021,45.59821],[-118.05021,45.59848],[-118.04982,45.59848],[-118.04982,45.59875],[-118.04905,45.59875],[-118.04905,45.59902],[-118.0479,45.59902],[-118.0479,45.59875],[-118.04713,45.59848]]],[[[-118.05252,45.60279],[-118.05252,45.60252],[-118.05136,45.60252],[-118.05136,45.60225],[-118.05059,45.60225],[-118.05059,45.60171],[-118.05021,45.60171],[-118.05021,45.60118],[-118.04982,45.60118],[-118.04982,45.60064],[-118.04944,45.60064],[-118.04944,45.59929],[-118.05021,45.59929],[-118.05021,45.59956],[-118.05059,45.59956],[-118.05059,45.59983],[-118.05136,45.59983],[-118.05136,45.6001],[-118.0529,45.6001],[-118.0529,45.60037],[-118.05329,45.60037],[-118.05329,45.60118],[-118.05367,45.60118],[-118.05367,45.60144],[-118.05483,45.60144],[-118.05483,45.60171],[-118.05521,45.60171],[-118.05521,45.60306],[-118.05483,45.60306],[-118.05483,45.60333],[-118.05329,45.60333],[-118.05329,45.60306],[-118.05252,45.60279]]],[[[-118.03096,45.60171],[-118.03096,45.60144],[-118.03134,45.60144],[-118.03134,45.60171],[-118.03096,45.60171]]],[[[-118.02287,45.6036],[-118.02287,45.60306],[-118.02326,45.60306],[-118.02326,45.6036],[-118.02287,45.6036]]],[[[-118.03904,45.60387],[-118.03981,45.60387],[-118.03981,45.6036],[-118.04097,45.6036],[-118.04097,45.60306],[-118.04174,45.60333],[-118.04174,45.60387],[-118.04097,45.60414],[-118.04097,45.60468],[-118.0402,45.60468],[-118.0402,45.60441],[-118.03866,45.60441],[-118.03866,45.60414],[-118.03904,45.60414],[-118.03904,45.60387]]],[[[-118.04174,45.60441],[-118.04212,45.60441],[-118.04212,45.60495],[-118.04174,45.60495],[-118.04174,45.60441]]],[[[-117.98976,45.57342],[-117.98976,45.57557],[-117.98937,45.57557],[-117.98937,45.57584],[-117.9886,45.57584],[-117.9886,45.5745],[-117.98899,45.5745],[-117.98899,45.57342],[-117.98976,45.57342]]],[[[-117.98629,45.57962],[-117.98629,45.57935],[-117.98668,45.57935],[-117.98668,45.57962],[-117.98629,45.57962]]],[[[-117.98629,45.58015],[-117.98668,45.58015],[-117.98668,45.58042],[-117.98629,45.58042],[-117.98629,45.58015]]],[[[-117.98629,45.58069],[-117.98591,45.58069],[-117.98591,45.58042],[-117.98629,45.58042],[-117.98629,45.58069]]],[[[-117.98706,45.58312],[-117.98706,45.58285],[-117.98822,45.58285],[-117.98822,45.58312],[-117.98706,45.58312]]],[[[-117.9886,45.58312],[-117.9886,45.58339],[-117.98822,45.58339],[-117.98822,45.58312],[-117.9886,45.58312]]],[[[-117.98668,45.58393],[-117.98668,45.58339],[-117.98706,45.58339],[-117.98706,45.58366],[-117.98783,45.58366],[-117.98783,45.58393],[-117.9886,45.5842],[-117.9886,45.58447],[-117.98745,45.58447],[-117.98745,45.5842],[-117.98668,45.58393]]],[[[-117.98783,45.58501],[-117.98783,45.58474],[-117.98822,45.58474],[-117.98822,45.58501],[-117.98783,45.58501]]],[[[-117.98822,45.58581],[-117.98822,45.58501],[-117.9886,45.58501],[-117.9886,45.58581],[-117.98822,45.58581]]],[[[-117.99207,45.58662],[-117.99207,45.58635],[-117.99245,45.58635],[-117.99245,45.58662],[-117.99207,45.58662]]],[[[-117.99476,45.5877],[-117.99476,45.58743],[-117.99515,45.58743],[-117.99515,45.5877],[-117.99476,45.5877]]],[[[-117.99553,45.5877],[-117.99553,45.58797],[-117.99515,45.58797],[-117.99515,45.5877],[-117.99553,45.5877]]],[[[-117.99553,45.58824],[-117.99553,45.58797],[-117.99592,45.58797],[-117.99592,45.58824],[-117.99553,45.58824]]],[[[-117.99014,45.58581],[-117.99014,45.58608],[-117.99053,45.58608],[-117.99053,45.58635],[-117.99168,45.58635],[-117.99168,45.58662],[-117.99091,45.58689],[-117.99091,45.58743],[-117.9913,45.58743],[-117.9913,45.5877],[-117.99245,45.5877],[-117.99245,45.58743],[-117.99284,45.58743],[-117.99284,45.58716],[-117.99245,45.58716],[-117.99245,45.58662],[-117.99284,45.58662],[-117.99284,45.58689],[-117.99322,45.58689],[-117.99322,45.58716],[-117.99476,45.58716],[-117.99476,45.58743],[-117.99399,45.58743],[-117.99399,45.58797],[-117.99476,45.58797],[-117.99476,45.58824],[-117.99515,45.58824],[-117.99515,45.58851],[-117.9963,45.58851],[-117.9963,45.58878],[-117.99669,45.58878],[-117.99669,45.58932],[-117.99553,45.58932],[-117.99553,45.59013],[-117.99592,45.59013],[-117.99592,45.59066],[-117.99553,45.59066],[-117.99553,45.59093],[-117.99438,45.59093],[-117.99438,45.59066],[-117.99361,45.5904],[-117.99361,45.59013],[-117.99284,45.58986],[-117.99284,45.58851],[-117.99322,45.58851],[-117.99322,45.58797],[-117.99284,45.58797],[-117.99284,45.58824],[-117.9913,45.58824],[-117.9913,45.58797],[-117.99053,45.5877],[-117.99053,45.58743],[-117.98976,45.58716],[-117.98976,45.58662],[-117.98937,45.58662],[-117.98937,45.58635],[-117.98899,45.58635],[-117.98899,45.58608],[-117.9886,45.58608],[-117.9886,45.58581],[-117.99014,45.58581]],[[-117.99399,45.59013],[-117.99399,45.58986],[-117.99361,45.58986],[-117.99361,45.59013],[-117.99399,45.59013]],[[-117.98976,45.58635],[-117.98976,45.58608],[-117.98937,45.58608],[-117.98937,45.58635],[-117.98976,45.58635]]],[[[-117.99592,45.59201],[-117.99592,45.59174],[-117.9963,45.59174],[-117.9963,45.59201],[-117.99592,45.59201]]],[[[-117.9963,45.59201],[-117.99707,45.59201],[-117.99707,45.59228],[-117.9963,45.59228],[-117.9963,45.59201]]],[[[-117.99669,45.59282],[-117.99707,45.59282],[-117.99707,45.59309],[-117.99669,45.59309],[-117.99669,45.59282]]]]},"properties":{"layer":"predicted_reach_h11","fire_name":"Middle_Ridge","irwin_id":"{2088689D-42B8-4A31-85B6-2CADB59BA127}","model":"arrival_run","checkpoint_epoch":216,"decode":"connected_causal","operating_point":{"floor":0.0,"mult":0.9},"val_precision":null,"val_recall":null,"model_caveat":"arrival_run chosen for best RECALL among the six FlameFlux v3 candidates on the production-valid t0-window corpus (R=0.624 on the fc2 held-out fires, R=0.432 on Dillon -- see candidate_comparison.md from the 2026-07-24 comparison). It does NOT meet the project's P>=0.50/R>=0.80 target: precision is the WORST of the six (P=0.120 on fc2 -- most flagged growth is wrong), and wind_run actually edges it on F1. IMPORTANT CAVEAT: arrival_run trained on the leaky 'observed' corpus (crop centered/sized on t0|t1, i.e. it saw the future perimeter's geometry during training) and has NEVER seen a t0-window crop -- the ONLY geometry this live pipeline can ever produce at forecast time (the future perimeter is, by definition, unknown). So every live prediction from this model is out-of-distribution relative to its own training. The measured t0-window numbers above already reflect that (they are not a surprise), but this is 'best available', not 'production-ready' -- represent it that way. The operating_point (floor=0.0, mult=0.9) is the VAL-selected connected-causal decode point; it did NOT clear the 0.50 precision floor during selection (feasible=False, val P=0.270/R=0.259) -- it's the best-F1 fallback point, not a precision-guaranteed one.","issued_at_utc":"2026-08-23 20:05:07.672141+00:00","valid_from_utc":"2026-08-23 00:00:00","valid_to_utc":"2026-08-24 00:00:00","wfigs_date_current_utc":"2026-08-23 16:41:28.079000+00:00","pixel_size_m":30,"veg_source":"refreshed_d4","physics_source":"eikonal_fbfm40","history_n_dates":1,"degraded_history":true,"containment_pct":0.0,"acres_wfigs":138.34560634370422,"hour":11,"valid_at_utc":"2026-08-23 11:00:00"}},{"type":"Feature","geometry":{"type":"MultiPolygon","coordinates":[[[[-118.00939,45.56749],[-118.00939,45.56722],[-118.00978,45.56722],[-118.00978,45.56749],[-118.00939,45.56749]]],[[[-118.03481,45.57396],[-118.03481,45.57369],[-118.03519,45.57369],[-118.03519,45.57396],[-118.03481,45.57396]]],[[[-118.03866,45.60333],[-118.03827,45.60333],[-118.03827,45.6036],[-118.0375,45.6036],[-118.0375,45.60387],[-118.03712,45.60387],[-118.03712,45.60414],[-118.03635,45.60387],[-118.03635,45.60441],[-118.03596,45.60441],[-118.03596,45.60468],[-118.03635,45.60468],[-118.03635,45.60495],[-118.03558,45.60495],[-118.03558,45.60441],[-118.03519,45.60441],[-118.03519,45.60306],[-118.03481,45.60306],[-118.03481,45.60225],[-118.03442,45.60225],[-118.03442,45.60279],[-118.03404,45.60279],[-118.03404,45.60306],[-118.03365,45.60306],[-118.03365,45.60333],[-118.03288,45.60333],[-118.03288,45.6036],[-118.0325,45.6036],[-118.0325,45.60333],[-118.03211,45.60333],[-118.03211,45.60252],[-118.03173,45.60252],[-118.03173,45.60198],[-118.03134,45.60198],[-118.03134,45.60171],[-118.03173,45.60171],[-118.03173,45.60144],[-118.03134,45.60144],[-118.03134,45.60118],[-118.03096,45.60118],[-118.03096,45.60144],[-118.03057,45.60144],[-118.03057,45.60118],[-118.0298,45.60118],[-118.0298,45.60091],[-118.02903,45.60064],[-118.02903,45.59956],[-118.02865,45.59956],[-118.02865,45.59929],[-118.02826,45.59929],[-118.02826,45.59902],[-118.02711,45.59902],[-118.02711,45.59875],[-118.02557,45.59875],[-118.02557,45.59902],[-118.02441,45.59902],[-118.02441,45.59875],[-118.02403,45.59875],[-118.02403,45.59848],[-118.02287,45.59848],[-118.02287,45.59821],[-118.02249,45.59821],[-118.02249,45.59794],[-118.0221,45.59794],[-118.0221,45.59767],[-118.02171,45.59767],[-118.02171,45.5974],[-118.02133,45.5974],[-118.02133,45.59848],[-118.02094,45.59848],[-118.02094,45.59875],[-118.01863,45.59875],[-118.01863,45.59848],[-118.01825,45.59848],[-118.01825,45.59902],[-118.01786,45.59902],[-118.01786,45.59929],[-118.01863,45.59956],[-118.01863,45.59983],[-118.01902,45.59983],[-118.01902,45.59956],[-118.01979,45.59956],[-118.01979,45.59929],[-118.02094,45.59929],[-118.02094,45.59956],[-118.02171,45.59956],[-118.02171,45.6001],[-118.0221,45.6001],[-118.0221,45.60064],[-118.02171,45.60064],[-118.02171,45.60091],[-118.02094,45.60118],[-118.02094,45.60144],[-118.02017,45.60171],[-118.02017,45.60225],[-118.0194,45.60225],[-118.0194,45.60279],[-118.01902,45.60279],[-118.01902,45.60252],[-118.01863,45.60252],[-118.01863,45.60225],[-118.01786,45.60225],[-118.01786,45.60198],[-118.01863,45.60198],[-118.01863,45.60171],[-118.01902,45.60171],[-118.01902,45.60118],[-118.0194,45.60118],[-118.0194,45.60091],[-118.01979,45.60091],[-118.01979,45.60064],[-118.02017,45.60064],[-118.02017,45.60037],[-118.02056,45.60037],[-118.02056,45.6001],[-118.0194,45.6001],[-118.0194,45.60037],[-118.01902,45.60037],[-118.01902,45.60064],[-118.01863,45.60064],[-118.01863,45.60091],[-118.01825,45.60091],[-118.01825,45.60118],[-118.01786,45.60118],[-118.01786,45.60064],[-118.01748,45.60064],[-118.01748,45.60037],[-118.01709,45.60037],[-118.01709,45.6001],[-118.01632,45.60037],[-118.01632,45.6001],[-118.01555,45.59983],[-118.01555,45.59848],[-118.01363,45.59848],[-118.01363,45.59821],[-118.01324,45.59821],[-118.01324,45.5974],[-118.01247,45.5974],[-118.01247,45.59713],[-118.01209,45.59713],[-118.01209,45.59659],[-118.0117,45.59659],[-118.0117,45.59552],[-118.01132,45.59552],[-118.01132,45.59525],[-118.01093,45.59525],[-118.01093,45.59498],[-118.01055,45.59498],[-118.01055,45.59471],[-118.01016,45.59471],[-118.01016,45.59444],[-118.00978,45.59444],[-118.00978,45.59417],[-118.00939,45.59417],[-118.00939,45.59363],[-118.00785,45.59336],[-118.00785,45.59309],[-118.00708,45.59282],[-118.00708,45.59255],[-118.00631,45.59255],[-118.00631,45.59228],[-118.00593,45.59228],[-118.00593,45.59201],[-118.00516,45.59201],[-118.00516,45.59174],[-118.00439,45.59147],[-118.00439,45.5912],[-118.00362,45.59093],[-118.00362,45.59066],[-118.00285,45.59066],[-118.00285,45.59013],[-118.00246,45.59013],[-118.00246,45.58986],[-118.00208,45.58986],[-118.00208,45.58959],[-118.00169,45.58959],[-118.00169,45.58932],[-118.00131,45.58932],[-118.00131,45.58905],[-118.00092,45.58905],[-118.00092,45.58878],[-118.00054,45.58878],[-118.00054,45.58851],[-118.00015,45.58851],[-118.00015,45.58824],[-117.99861,45.58797],[-117.99861,45.5877],[-117.99784,45.58743],[-117.99784,45.58689],[-117.99746,45.58689],[-117.99746,45.58662],[-117.99669,45.58662],[-117.99669,45.58635],[-117.9963,45.58635],[-117.9963,45.58528],[-117.99592,45.58528],[-117.99592,45.58501],[-117.99438,45.58501],[-117.99438,45.58474],[-117.99361,45.58474],[-117.99361,45.58447],[-117.99322,45.58447],[-117.99322,45.5842],[-117.99284,45.5842],[-117.99284,45.58393],[-117.99245,45.58393],[-117.99245,45.58366],[-117.99168,45.58366],[-117.99168,45.58312],[-117.99091,45.58285],[-117.99091,45.58231],[-117.9913,45.58231],[-117.9913,45.5815],[-117.99091,45.5815],[-117.99091,45.58096],[-117.99053,45.58096],[-117.99053,45.58069],[-117.99014,45.58069],[-117.99014,45.58042],[-117.98976,45.58042],[-117.98976,45.58015],[-117.98937,45.58015],[-117.98937,45.57989],[-117.98899,45.57989],[-117.98899,45.57935],[-117.9886,45.57935],[-117.9886,45.57881],[-117.98822,45.57881],[-117.98822,45.57638],[-117.9886,45.57638],[-117.9886,45.57423],[-117.98899,45.57423],[-117.98899,45.57342],[-117.98937,45.57342],[-117.98937,45.57315],[-117.98976,45.57315],[-117.98976,45.57584],[-117.98899,45.57611],[-117.98899,45.57692],[-117.98937,45.57692],[-117.98937,45.57746],[-117.98976,45.57746],[-117.98976,45.578],[-117.99053,45.578],[-117.99053,45.57827],[-117.99207,45.57827],[-117.99207,45.57854],[-117.99322,45.57854],[-117.99322,45.57827],[-117.99361,45.57827],[-117.99361,45.57854],[-117.99399,45.57854],[-117.99399,45.57908],[-117.99438,45.57908],[-117.99438,45.57962],[-117.99399,45.57962],[-117.99399,45.57989],[-117.99245,45.58042],[-117.99245,45.58123],[-117.99284,45.58123],[-117.99284,45.58177],[-117.99322,45.58177],[-117.99322,45.58204],[-117.99399,45.58204],[-117.99399,45.58231],[-117.99438,45.58231],[-117.99438,45.58258],[-117.99476,45.58258],[-117.99476,45.58285],[-117.99515,45.58285],[-117.99515,45.58312],[-117.99553,45.58312],[-117.99553,45.58339],[-117.99669,45.58339],[-117.99669,45.58366],[-117.99746,45.58366],[-117.99746,45.58339],[-117.99938,45.58339],[-117.99938,45.58366],[-117.99977,45.58366],[-117.99977,45.58393],[-118.00015,45.58393],[-118.00015,45.5842],[-118.00054,45.5842],[-118.00054,45.58447],[-118.00092,45.58447],[-118.00092,45.58474],[-118.00131,45.58474],[-118.00131,45.58501],[-118.00285,45.58474],[-118.00285,45.58447],[-118.00323,45.58447],[-118.00323,45.5842],[-118.004,45.58393],[-118.004,45.58339],[-118.00439,45.58339],[-118.00439,45.58285],[-118.004,45.58285],[-118.004,45.58312],[-118.00285,45.58312],[-118.00285,45.58285],[-118.00246,45.58285],[-118.00246,45.58258],[-118.00169,45.58258],[-118.00169,45.58231],[-118.00092,45.58231],[-118.00092,45.58204],[-118.00015,45.58177],[-118.00015,45.58069],[-117.99977,45.58069],[-117.99977,45.57908],[-117.99938,45.57908],[-117.99938,45.57881],[-117.999,45.57881],[-117.999,45.57854],[-117.99861,45.57854],[-117.99861,45.57827],[-117.99823,45.57827],[-117.99823,45.578],[-117.9963,45.578],[-117.9963,45.57773],[-117.99515,45.57773],[-117.99515,45.57746],[-117.99438,45.57746],[-117.99438,45.57638],[-117.99399,45.57638],[-117.99399,45.57584],[-117.99361,45.57584],[-117.99361,45.5753],[-117.99322,45.5753],[-117.99322,45.57503],[-117.99284,45.57503],[-117.99284,45.57476],[-117.99245,45.57476],[-117.99245,45.57423],[-117.99207,45.57423],[-117.99207,45.57342],[-117.9913,45.57315],[-117.9913,45.57207],[-117.99091,45.57207],[-117.99091,45.5718],[-117.99014,45.5718],[-117.99014,45.57126],[-117.99053,45.57126],[-117.99053,45.56937],[-117.99207,45.56937],[-117.99207,45.56964],[-117.99284,45.56991],[-117.99284,45.57018],[-117.99361,45.57018],[-117.99361,45.57072],[-117.99399,45.57072],[-117.99399,45.57099],[-117.99438,45.57099],[-117.99438,45.57126],[-117.99476,45.57126],[-117.99476,45.57153],[-117.99515,45.57153],[-117.99515,45.5718],[-117.99592,45.5718],[-117.99592,45.57207],[-117.9963,45.57207],[-117.9963,45.57234],[-117.99823,45.57234],[-117.99823,45.57207],[-117.999,45.57207],[-117.999,45.5718],[-117.99938,45.5718],[-117.99938,45.57153],[-117.999,45.57153],[-117.999,45.57126],[-117.99553,45.57126],[-117.99553,45.57099],[-117.99476,45.57099],[-117.99476,45.57072],[-117.99438,45.57072],[-117.99438,45.57018],[-117.99361,45.56991],[-117.99361,45.56884],[-117.99399,45.56884],[-117.99399,45.5683],[-117.99322,45.5683],[-117.99322,45.56857],[-117.99168,45.56857],[-117.99168,45.5683],[-117.9913,45.5683],[-117.9913,45.56695],[-117.99053,45.56695],[-117.99053,45.56668],[-117.99014,45.56668],[-117.99014,45.56641],[-117.99091,45.56641],[-117.99091,45.56614],[-117.9913,45.56614],[-117.9913,45.56587],[-117.99245,45.56587],[-117.99245,45.56641],[-117.99284,45.56641],[-117.99284,45.56695],[-117.99515,45.56722],[-117.99515,45.56749],[-117.99553,45.56749],[-117.99553,45.5683],[-117.99592,45.5683],[-117.99592,45.56857],[-117.99784,45.56857],[-117.99784,45.56884],[-117.999,45.56884],[-117.999,45.56911],[-118.00015,45.56911],[-118.00015,45.5683],[-117.99977,45.5683],[-117.99977,45.56803],[-117.99823,45.56803],[-117.99823,45.56749],[-117.99784,45.56749],[-117.99784,45.56722],[-117.99823,45.56722],[-117.99823,45.56695],[-117.999,45.56695],[-117.999,45.56722],[-117.99977,45.56722],[-117.99977,45.56749],[-118.00092,45.56749],[-118.00092,45.56722],[-118.00208,45.56722],[-118.00208,45.56695],[-118.00246,45.56695],[-118.00246,45.56668],[-118.00285,45.56668],[-118.00285,45.56695],[-118.00362,45.56695],[-118.00362,45.56722],[-118.00439,45.56722],[-118.00439,45.56668],[-118.004,45.56668],[-118.004,45.56614],[-118.00362,45.56614],[-118.00362,45.5656],[-118.00323,45.5656],[-118.00323,45.56452],[-118.00362,45.56452],[-118.00362,45.56506],[-118.00439,45.56506],[-118.00439,45.56425],[-118.00477,45.56425],[-118.00477,45.56452],[-118.00516,45.56452],[-118.00516,45.56479],[-118.00593,45.56506],[-118.00593,45.56533],[-118.00631,45.56533],[-118.00631,45.5656],[-118.0067,45.5656],[-118.0067,45.56641],[-118.00708,45.56641],[-118.00708,45.56695],[-118.00747,45.56695],[-118.00747,45.56749],[-118.00785,45.56749],[-118.00785,45.56776],[-118.00862,45.56803],[-118.00862,45.5683],[-118.00901,45.5683],[-118.00901,45.56884],[-118.00939,45.56884],[-118.00939,45.56911],[-118.00978,45.56911],[-118.00978,45.56884],[-118.01055,45.56857],[-118.01055,45.5683],[-118.01132,45.5683],[-118.01132,45.56803],[-118.0117,45.56803],[-118.0117,45.56776],[-118.01209,45.56776],[-118.01209,45.56803],[-118.01286,45.56803],[-118.01286,45.5683],[-118.01324,45.5683],[-118.01324,45.56857],[-118.01363,45.56857],[-118.01363,45.56884],[-118.0144,45.56884],[-118.0144,45.56857],[-118.01478,45.56857],[-118.01478,45.5683],[-118.01671,45.5683],[-118.01671,45.56857],[-118.01786,45.56857],[-118.01786,45.5683],[-118.01863,45.5683],[-118.01863,45.56803],[-118.0194,45.56803],[-118.0194,45.5683],[-118.02056,45.5683],[-118.02056,45.56857],[-118.02133,45.56857],[-118.02133,45.56884],[-118.02171,45.56884],[-118.02171,45.56911],[-118.02287,45.56911],[-118.02287,45.56884],[-118.02518,45.56884],[-118.02518,45.56857],[-118.02595,45.56857],[-118.02595,45.56884],[-118.02634,45.56884],[-118.02634,45.56911],[-118.02672,45.56911],[-118.02672,45.56964],[-118.02634,45.56964],[-118.02634,45.57099],[-118.02749,45.57099],[-118.02749,45.57126],[-118.02826,45.57153],[-118.02826,45.57207],[-118.02865,45.57207],[-118.02865,45.57315],[-118.02942,45.57315],[-118.02942,45.57288],[-118.03096,45.57288],[-118.03096,45.57315],[-118.03173,45.57315],[-118.03173,45.57342],[-118.03211,45.57342],[-118.03211,45.57369],[-118.0325,45.57369],[-118.0325,45.57396],[-118.03288,45.57396],[-118.03288,45.57423],[-118.03327,45.57423],[-118.03327,45.57396],[-118.03481,45.57396],[-118.03481,45.57423],[-118.03442,45.57423],[-118.03442,45.5745],[-118.03327,45.5745],[-118.03327,45.57476],[-118.03134,45.57476],[-118.03134,45.57503],[-118.03096,45.57503],[-118.03096,45.5753],[-118.02903,45.5753],[-118.02903,45.57557],[-118.02865,45.57557],[-118.02865,45.57584],[-118.02788,45.57584],[-118.02788,45.57611],[-118.02942,45.57611],[-118.02942,45.57584],[-118.0298,45.57584],[-118.0298,45.57611],[-118.03019,45.57611],[-118.03019,45.57665],[-118.03096,45.57665],[-118.03096,45.57692],[-118.03288,45.57692],[-118.03288,45.57665],[-118.03404,45.57665],[-118.03404,45.57638],[-118.03481,45.57665],[-118.03481,45.57638],[-118.03558,45.57638],[-118.03558,45.57611],[-118.03827,45.57611],[-118.03827,45.57638],[-118.03789,45.57638],[-118.03789,45.57665],[-118.03981,45.57665],[-118.03981,45.57827],[-118.0402,45.57827],[-118.0402,45.578],[-118.04097,45.57773],[-118.04097,45.57746],[-118.04135,45.57746],[-118.04135,45.57773],[-118.04212,45.57773],[-118.04212,45.57827],[-118.04289,45.57827],[-118.04289,45.57881],[-118.04328,45.57881],[-118.04328,45.57989],[-118.04405,45.57989],[-118.04405,45.58042],[-118.04328,45.58042],[-118.04328,45.58069],[-118.04289,45.58069],[-118.04289,45.58096],[-118.04251,45.58096],[-118.04251,45.58123],[-118.04212,45.58123],[-118.04212,45.5815],[-118.04174,45.5815],[-118.04174,45.58177],[-118.04097,45.58177],[-118.04097,45.58204],[-118.04251,45.58204],[-118.04251,45.58177],[-118.04328,45.58177],[-118.04328,45.58204],[-118.04366,45.58204],[-118.04366,45.58258],[-118.04443,45.58258],[-118.04443,45.58366],[-118.04328,45.58366],[-118.04328,45.58393],[-118.04251,45.58393],[-118.04251,45.58366],[-118.04135,45.58366],[-118.04135,45.58339],[-118.04097,45.58339],[-118.04097,45.58285],[-118.04058,45.58285],[-118.04058,45.58231],[-118.0402,45.58231],[-118.0402,45.58204],[-118.03981,45.58204],[-118.03981,45.5815],[-118.03943,45.5815],[-118.03943,45.58069],[-118.03904,45.58069],[-118.03904,45.58042],[-118.03866,45.58042],[-118.03866,45.58015],[-118.03827,45.58015],[-118.03827,45.57962],[-118.03789,45.57962],[-118.03789,45.57881],[-118.0375,45.57881],[-118.0375,45.57935],[-118.03635,45.57935],[-118.03635,45.57962],[-118.03596,45.57962],[-118.03596,45.58096],[-118.03635,45.58096],[-118.03635,45.58123],[-118.03712,45.5815],[-118.03712,45.58177],[-118.03789,45.58177],[-118.03789,45.58204],[-118.03866,45.58231],[-118.03866,45.58258],[-118.03827,45.58258],[-118.03827,45.58285],[-118.03789,45.58285],[-118.03789,45.58312],[-118.03635,45.58339],[-118.03635,45.58366],[-118.03558,45.58393],[-118.03558,45.5842],[-118.03519,45.5842],[-118.03519,45.58447],[-118.03442,45.58447],[-118.03442,45.58474],[-118.03519,45.58474],[-118.03519,45.58501],[-118.03596,45.58501],[-118.03596,45.58528],[-118.0375,45.58501],[-118.0375,45.58554],[-118.03789,45.58554],[-118.03789,45.58581],[-118.03904,45.58581],[-118.03904,45.58635],[-118.03943,45.58635],[-118.03943,45.58689],[-118.03981,45.58689],[-118.03981,45.58743],[-118.0402,45.58743],[-118.0402,45.58797],[-118.04058,45.58797],[-118.04058,45.58878],[-118.04097,45.58878],[-118.04097,45.58932],[-118.04174,45.58959],[-118.04174,45.59013],[-118.04251,45.5904],[-118.04251,45.59093],[-118.04289,45.59093],[-118.04289,45.59147],[-118.04328,45.59147],[-118.04328,45.59174],[-118.04405,45.59201],[-118.04405,45.59228],[-118.0452,45.59228],[-118.0452,45.59201],[-118.04674,45.59201],[-118.04674,45.59174],[-118.04828,45.59174],[-118.04828,45.59201],[-118.04867,45.59201],[-118.04867,45.59309],[-118.0479,45.59336],[-118.0479,45.59471],[-118.04751,45.59471],[-118.04751,45.59525],[-118.04713,45.59525],[-118.04713,45.59579],[-118.0479,45.59579],[-118.0479,45.59605],[-118.04828,45.59605],[-118.04828,45.59632],[-118.04751,45.59659],[-118.04751,45.59794],[-118.0479,45.59794],[-118.0479,45.59767],[-118.05098,45.59767],[-118.05098,45.59794],[-118.05059,45.59794],[-118.05059,45.59821],[-118.05021,45.59821],[-118.05021,45.59848],[-118.04982,45.59848],[-118.04982,45.59875],[-118.04944,45.59875],[-118.04944,45.59902],[-118.04905,45.59902],[-118.04905,45.59929],[-118.04828,45.59929],[-118.04828,45.59902],[-118.0479,45.59902],[-118.0479,45.59875],[-118.04713,45.59875],[-118.04713,45.59848],[-118.04674,45.59848],[-118.04674,45.59767],[-118.04636,45.59767],[-118.04636,45.5974],[-118.0452,45.5974],[-118.0452,45.59983],[-118.04482,45.59983],[-118.04482,45.6001],[-118.04405,45.6001],[-118.04405,45.60037],[-118.04328,45.60037],[-118.04328,45.60091],[-118.04405,45.60091],[-118.04405,45.60118],[-118.0452,45.60118],[-118.0452,45.60091],[-118.04674,45.60064],[-118.04674,45.60118],[-118.0452,45.60171],[-118.0452,45.60225],[-118.04559,45.60225],[-118.04559,45.60252],[-118.04636,45.60252],[-118.04636,45.60306],[-118.04597,45.60306],[-118.04597,45.60333],[-118.04443,45.60333],[-118.04443,45.60306],[-118.04366,45.60306],[-118.04366,45.60279],[-118.04328,45.60279],[-118.04328,45.60252],[-118.04251,45.60225],[-118.04251,45.60198],[-118.04097,45.60198],[-118.04097,45.60279],[-118.0402,45.60252],[-118.0402,45.60279],[-118.03866,45.60306],[-118.03866,45.60333]],[[-118.01863,45.56884],[-118.01902,45.56884],[-118.01902,45.5683],[-118.01863,45.5683],[-118.01863,45.56884]],[[-118.03404,45.58474],[-118.03404,45.58447],[-118.03365,45.58447],[-118.03365,45.58501],[-118.03442,45.58501],[-118.03442,45.58474],[-118.03404,45.58474]],[[-118.0402,45.60225],[-118.03981,45.60225],[-118.03981,45.60252],[-118.0402,45.60252],[-118.0402,45.60225]],[[-118.03943,45.60091],[-118.0402,45.60091],[-118.0402,45.6001],[-118.03904,45.6001],[-118.03904,45.60037],[-118.03943,45.60037],[-118.03943,45.60091]],[[-118.04289,45.59552],[-118.04328,45.59552],[-118.04328,45.59579],[-118.04405,45.59579],[-118.04405,45.59605],[-118.04443,45.59605],[-118.04443,45.59632],[-118.0452,45.59632],[-118.0452,45.59605],[-118.04559,45.59605],[-118.04559,45.59579],[-118.0452,45.59579],[-118.0452,45.59552],[-118.04482,45.59552],[-118.04482,45.59525],[-118.04443,45.59525],[-118.04443,45.59498],[-118.04135,45.59444],[-118.04135,45.59498],[-118.04212,45.59498],[-118.04212,45.59525],[-118.04289,45.59525],[-118.04289,45.59552]],[[-118.04135,45.59417],[-118.04058,45.59417],[-118.04058,45.59444],[-118.04135,45.59444],[-118.04135,45.59417]],[[-118.03365,45.58689],[-118.03288,45.58689],[-118.03288,45.58716],[-118.03519,45.58743],[-118.03519,45.58689],[-118.03442,45.58689],[-118.03442,45.58662],[-118.03365,45.58662],[-118.03365,45.58689]],[[-118.02403,45.58581],[-118.02364,45.58581],[-118.02364,45.58608],[-118.02403,45.58608],[-118.02403,45.58581]],[[-118.0221,45.58554],[-118.02171,45.58554],[-118.02171,45.58581],[-118.0221,45.58581],[-118.0221,45.58554]],[[-118.01786,45.58554],[-118.01748,45.58554],[-118.01748,45.58581],[-118.01786,45.58581],[-118.01786,45.58554]],[[-118.01709,45.58528],[-118.01671,45.58528],[-118.01671,45.58554],[-118.01709,45.58554],[-118.01709,45.58528]],[[-118.01748,45.58474],[-118.01709,45.58474],[-118.01709,45.58501],[-118.01748,45.58501],[-118.01748,45.58474]],[[-118.02403,45.58285],[-118.02364,45.58285],[-118.02364,45.58312],[-118.02403,45.58312],[-118.02403,45.58285]],[[-118.01401,45.58285],[-118.01363,45.58285],[-118.01363,45.58312],[-118.01401,45.58312],[-118.01401,45.58285]],[[-118.02441,45.58231],[-118.02403,45.58231],[-118.02403,45.58258],[-118.02441,45.58258],[-118.02441,45.58231]],[[-118.01363,45.58177],[-118.01324,45.58177],[-118.01324,45.58258],[-118.01363,45.58258],[-118.01363,45.58177]],[[-118.00516,45.58258],[-118.00554,45.58258],[-118.00554,45.58231],[-118.00631,45.58231],[-118.00631,45.58204],[-118.00516,45.58204],[-118.00516,45.58258]],[[-118.02326,45.58123],[-118.02287,45.58123],[-118.02287,45.5815],[-118.02326,45.5815],[-118.02326,45.58123]],[[-118.01478,45.58096],[-118.0144,45.58096],[-118.0144,45.58123],[-118.01478,45.58123],[-118.01478,45.58096]],[[-118.03981,45.58069],[-118.0402,45.58069],[-118.0402,45.57962],[-118.03943,45.57962],[-118.03943,45.58042],[-118.03981,45.58042],[-118.03981,45.58069]],[[-118.01401,45.57881],[-118.01363,45.57881],[-118.01363,45.57935],[-118.01401,45.57935],[-118.01401,45.57881]],[[-118.02056,45.57854],[-118.02017,45.57854],[-118.02017,45.57881],[-118.02056,45.57881],[-118.02056,45.57854]],[[-118.0194,45.57827],[-118.01902,45.57827],[-118.01902,45.57854],[-118.0194,45.57854],[-118.0194,45.57827]],[[-118.0144,45.57827],[-118.01401,45.57827],[-118.01401,45.57854],[-118.0144,45.57854],[-118.0144,45.57827]],[[-118.01825,45.57773],[-118.01786,45.57773],[-118.01786,45.578],[-118.01825,45.578],[-118.01825,45.57773]],[[-118.01709,45.57746],[-118.01671,45.57746],[-118.01671,45.57773],[-118.01709,45.57773],[-118.01709,45.57746]],[[-118.03481,45.57692],[-118.03442,45.57692],[-118.03442,45.57746],[-118.03481,45.57746],[-118.03481,45.57692]],[[-118.03712,45.57638],[-118.03635,45.57638],[-118.03635,45.57665],[-118.03712,45.57665],[-118.03712,45.57638]],[[-118.01324,45.57045],[-118.01286,45.57045],[-118.01286,45.57018],[-118.01132,45.57018],[-118.01132,45.57045],[-118.01093,45.57045],[-118.01093,45.57099],[-118.01132,45.57099],[-118.01132,45.57153],[-118.01055,45.57153],[-118.01055,45.5718],[-118.01209,45.5718],[-118.01209,45.57153],[-118.01286,45.57153],[-118.01286,45.57126],[-118.01324,45.57126],[-118.01324,45.57045]],[[-118.00978,45.57153],[-118.00939,45.57153],[-118.00939,45.5718],[-118.00978,45.5718],[-118.00978,45.57153]],[[-118.01979,45.57045],[-118.0194,45.57045],[-118.0194,45.56991],[-118.01863,45.56991],[-118.01863,45.56964],[-118.01786,45.56937],[-118.01786,45.56911],[-118.01709,45.56937],[-118.01709,45.56991],[-118.01786,45.56991],[-118.01786,45.57018],[-118.01825,45.57018],[-118.01825,45.57072],[-118.01863,45.57072],[-118.01863,45.57126],[-118.0194,45.57126],[-118.0194,45.57153],[-118.01979,45.57153],[-118.01979,45.57126],[-118.02017,45.57126],[-118.02017,45.57099],[-118.01979,45.57099],[-118.01979,45.57045]],[[-117.99245,45.57153],[-117.99322,45.57153],[-117.99322,45.57126],[-117.99284,45.57126],[-117.99284,45.57045],[-117.99245,45.57045],[-117.99245,45.57153]]],[[[-118.04328,45.58689],[-118.04328,45.58608],[-118.04443,45.58608],[-118.04443,45.58581],[-118.0452,45.58581],[-118.0452,45.58554],[-118.04559,45.58554],[-118.04559,45.58608],[-118.04597,45.58608],[-118.04597,45.58716],[-118.04559,45.58716],[-118.04559,45.58743],[-118.04482,45.58743],[-118.04482,45.58716],[-118.04366,45.58716],[-118.04366,45.58689],[-118.04328,45.58689]]],[[[-118.04559,45.58878],[-118.04559,45.58824],[-118.04636,45.58797],[-118.04636,45.58743],[-118.04713,45.58743],[-118.04713,45.5877],[-118.0479,45.58797],[-118.0479,45.58824],[-118.04751,45.58824],[-118.04751,45.58878],[-118.04713,45.58878],[-118.04713,45.58905],[-118.04674,45.58905],[-118.04674,45.58932],[-118.04636,45.58932],[-118.04636,45.58905],[-118.04597,45.58905],[-118.04597,45.58878],[-118.04559,45.58878]]],[[[-117.99977,45.5904],[-117.99977,45.59093],[-117.999,45.5912],[-117.999,45.59066],[-117.99977,45.5904]]],[[[-117.99938,45.59147],[-117.99938,45.5912],[-118.00015,45.5912],[-118.00015,45.59147],[-118.00131,45.59147],[-118.00131,45.59174],[-118.00169,45.59174],[-118.00169,45.59201],[-118.00015,45.59201],[-118.00015,45.59174],[-117.99938,45.59147]]],[[[-118.00323,45.59336],[-118.00323,45.59363],[-118.00285,45.59363],[-118.00285,45.59336],[-118.00323,45.59336]]],[[[-118.00246,45.5939],[-118.00246,45.59363],[-118.00285,45.59363],[-118.00285,45.5939],[-118.00246,45.5939]]],[[[-118.00208,45.59471],[-118.00208,45.59417],[-118.00246,45.59417],[-118.00246,45.59471],[-118.00208,45.59471]]],[[[-118.01594,45.60064],[-118.01594,45.60037],[-118.01632,45.60037],[-118.01632,45.60064],[-118.01594,45.60064]]],[[[-118.05367,45.6036],[-118.05367,45.60333],[-118.0529,45.60333],[-118.0529,45.60279],[-118.05213,45.60279],[-118.05213,45.60252],[-118.05136,45.60252],[-118.05136,45.60225],[-118.05059,45.60225],[-118.05059,45.60171],[-118.05021,45.60171],[-118.05021,45.60118],[-118.04944,45.60091],[-118.04944,45.59983],[-118.04905,45.59983],[-118.04905,45.59956],[-118.04944,45.59956],[-118.04944,45.59929],[-118.05021,45.59929],[-118.05021,45.59956],[-118.05175,45.59983],[-118.05175,45.6001],[-118.05329,45.6001],[-118.05329,45.60037],[-118.05367,45.60037],[-118.05367,45.60064],[-118.05329,45.60064],[-118.05329,45.60118],[-118.05367,45.60118],[-118.05367,45.60144],[-118.05483,45.60144],[-118.05483,45.60171],[-118.05521,45.60171],[-118.05521,45.60333],[-118.05483,45.60333],[-118.05483,45.6036],[-118.05444,45.6036],[-118.05444,45.60333],[-118.05367,45.6036]]],[[[-118.03096,45.60171],[-118.03096,45.60144],[-118.03134,45.60144],[-118.03134,45.60171],[-118.03096,45.60171]]],[[[-118.02326,45.60306],[-118.02326,45.60279],[-118.02364,45.60279],[-118.02364,45.60306],[-118.02326,45.60306]]],[[[-118.02403,45.60306],[-118.02403,45.60333],[-118.02364,45.60333],[-118.02364,45.60306],[-118.02403,45.60306]]],[[[-118.02287,45.6036],[-118.02287,45.60306],[-118.02326,45.60306],[-118.02326,45.6036],[-118.02287,45.6036]]],[[[-118.04212,45.6036],[-118.04251,45.6036],[-118.04251,45.60387],[-118.04212,45.60387],[-118.04212,45.6036]]],[[[-118.03904,45.60387],[-118.03981,45.60387],[-118.03981,45.6036],[-118.04097,45.6036],[-118.04097,45.60279],[-118.04135,45.60279],[-118.04135,45.60333],[-118.04174,45.60333],[-118.04174,45.60387],[-118.04097,45.60414],[-118.04097,45.60468],[-118.03943,45.60468],[-118.03943,45.60441],[-118.03827,45.60441],[-118.03827,45.60414],[-118.03904,45.60414],[-118.03904,45.60387]]],[[[-118.04174,45.60495],[-118.04174,45.60441],[-118.04212,45.60441],[-118.04212,45.60495],[-118.04174,45.60495]]],[[[-117.99553,45.56587],[-117.99553,45.56533],[-117.99592,45.56533],[-117.99592,45.56587],[-117.99553,45.56587]]],[[[-117.99669,45.56587],[-117.99669,45.56641],[-117.99592,45.56614],[-117.99592,45.56587],[-117.99669,45.56587]]],[[[-117.98976,45.57207],[-117.98976,45.5718],[-117.99014,45.5718],[-117.99014,45.57207],[-117.98976,45.57207]]],[[[-117.98629,45.57719],[-117.98629,45.57692],[-117.98668,45.57692],[-117.98668,45.57719],[-117.98629,45.57719]]],[[[-117.98629,45.57962],[-117.98629,45.57935],[-117.98668,45.57935],[-117.98668,45.57962],[-117.98629,45.57962]]],[[[-117.98552,45.58015],[-117.98552,45.57989],[-117.98591,45.57989],[-117.98591,45.58015],[-117.98552,45.58015]]],[[[-117.98629,45.58069],[-117.98591,45.58069],[-117.98591,45.58015],[-117.98668,45.58015],[-117.98668,45.58042],[-117.98629,45.58042],[-117.98629,45.58069]]],[[[-117.9886,45.58339],[-117.98822,45.58339],[-117.98822,45.58312],[-117.98706,45.58312],[-117.98706,45.58285],[-117.9886,45.58285],[-117.9886,45.58339]]],[[[-117.9886,45.58366],[-117.9886,45.58339],[-117.98899,45.58339],[-117.98899,45.58366],[-117.9886,45.58366]]],[[[-117.99245,45.58959],[-117.99245,45.58851],[-117.99168,45.58851],[-117.99168,45.58824],[-117.9913,45.58824],[-117.9913,45.58797],[-117.99091,45.58797],[-117.99091,45.5877],[-117.99053,45.5877],[-117.99053,45.58743],[-117.99014,45.58743],[-117.99014,45.58716],[-117.98976,45.58716],[-117.98976,45.58689],[-117.98937,45.58689],[-117.98937,45.58662],[-117.98899,45.58662],[-117.98899,45.58635],[-117.9886,45.58635],[-117.9886,45.58608],[-117.98822,45.58608],[-117.98822,45.58581],[-117.98783,45.58581],[-117.98783,45.58554],[-117.98822,45.58554],[-117.98822,45.58501],[-117.98745,45.58528],[-117.98745,45.58447],[-117.98668,45.5842],[-117.98668,45.58339],[-117.98706,45.58339],[-117.98706,45.58366],[-117.98783,45.58366],[-117.98783,45.58393],[-117.9886,45.5842],[-117.9886,45.58447],[-117.98937,45.58447],[-117.98937,45.58474],[-117.9886,45.58474],[-117.9886,45.58554],[-117.98899,45.58554],[-117.98899,45.58581],[-117.99053,45.58581],[-117.99053,45.58608],[-117.99091,45.58608],[-117.99091,45.58635],[-117.99168,45.58635],[-117.99168,45.58662],[-117.99091,45.58689],[-117.99091,45.58743],[-117.9913,45.58743],[-117.9913,45.5877],[-117.99245,45.5877],[-117.99245,45.58743],[-117.99284,45.58743],[-117.99284,45.58716],[-117.99245,45.58716],[-117.99245,45.58662],[-117.99207,45.58662],[-117.99207,45.58635],[-117.99284,45.58635],[-117.99284,45.58689],[-117.99322,45.58689],[-117.99322,45.58716],[-117.99476,45.58716],[-117.99476,45.58743],[-117.99399,45.58743],[-117.99399,45.58797],[-117.99476,45.58797],[-117.99476,45.58824],[-117.99515,45.58824],[-117.99515,45.58851],[-117.99592,45.58851],[-117.99592,45.58824],[-117.9963,45.58824],[-117.9963,45.58878],[-117.99669,45.58878],[-117.99669,45.58932],[-117.99592,45.58932],[-117.99592,45.59066],[-117.99553,45.59066],[-117.99553,45.5912],[-117.99515,45.5912],[-117.99515,45.59093],[-117.99438,45.59093],[-117.99438,45.59066],[-117.99399,45.59066],[-117.99399,45.5904],[-117.99361,45.5904],[-117.99361,45.59013],[-117.99322,45.59013],[-117.99322,45.58986],[-117.99284,45.58986],[-117.99284,45.58959],[-117.99245,45.58959]],[[-117.99399,45.59013],[-117.99399,45.58986],[-117.99361,45.58986],[-117.99361,45.59013],[-117.99399,45.59013]],[[-117.98976,45.58608],[-117.98937,45.58608],[-117.98937,45.58635],[-117.98976,45.58635],[-117.98976,45.58608]]],[[[-117.99553,45.58743],[-117.99553,45.58797],[-117.99476,45.5877],[-117.99476,45.58743],[-117.99553,45.58743]]],[[[-117.99553,45.58797],[-117.99592,45.58797],[-117.99592,45.58824],[-117.99553,45.58824],[-117.99553,45.58797]]],[[[-117.99861,45.58986],[-117.99823,45.58986],[-117.99823,45.59013],[-117.99861,45.59013],[-117.99861,45.5904],[-117.99784,45.5904],[-117.99784,45.59013],[-117.99746,45.59013],[-117.99746,45.58959],[-117.99861,45.58959],[-117.99861,45.58986]]],[[[-117.99861,45.59066],[-117.99861,45.5904],[-117.999,45.5904],[-117.999,45.59066],[-117.99861,45.59066]]],[[[-117.99515,45.59174],[-117.99515,45.59147],[-117.99592,45.59147],[-117.99592,45.59174],[-117.99515,45.59174]]],[[[-117.99592,45.59201],[-117.99592,45.59174],[-117.9963,45.59174],[-117.9963,45.59201],[-117.99592,45.59201]]],[[[-117.99669,45.59282],[-117.99707,45.59282],[-117.99707,45.59309],[-117.99669,45.59309],[-117.99669,45.59282]]],[[[-117.99823,45.59282],[-117.99784,45.59282],[-117.99784,45.59255],[-117.99707,45.59255],[-117.99707,45.59228],[-117.9963,45.59228],[-117.9963,45.59201],[-117.99784,45.59201],[-117.99784,45.59228],[-117.99861,45.59255],[-117.99861,45.59282],[-118.00015,45.59282],[-118.00015,45.59309],[-117.99977,45.59309],[-117.99977,45.59363],[-117.99938,45.59363],[-117.99938,45.59417],[-117.999,45.59417],[-117.999,45.5939],[-117.99823,45.59363],[-117.99823,45.59282]]]]},"properties":{"layer":"predicted_reach_h12","fire_name":"Middle_Ridge","irwin_id":"{2088689D-42B8-4A31-85B6-2CADB59BA127}","model":"arrival_run","checkpoint_epoch":216,"decode":"connected_causal","operating_point":{"floor":0.0,"mult":0.9},"val_precision":null,"val_recall":null,"model_caveat":"arrival_run chosen for best RECALL among the six FlameFlux v3 candidates on the production-valid t0-window corpus (R=0.624 on the fc2 held-out fires, R=0.432 on Dillon -- see candidate_comparison.md from the 2026-07-24 comparison). It does NOT meet the project's P>=0.50/R>=0.80 target: precision is the WORST of the six (P=0.120 on fc2 -- most flagged growth is wrong), and wind_run actually edges it on F1. IMPORTANT CAVEAT: arrival_run trained on the leaky 'observed' corpus (crop centered/sized on t0|t1, i.e. it saw the future perimeter's geometry during training) and has NEVER seen a t0-window crop -- the ONLY geometry this live pipeline can ever produce at forecast time (the future perimeter is, by definition, unknown). So every live prediction from this model is out-of-distribution relative to its own training. The measured t0-window numbers above already reflect that (they are not a surprise), but this is 'best available', not 'production-ready' -- represent it that way. The operating_point (floor=0.0, mult=0.9) is the VAL-selected connected-causal decode point; it did NOT clear the 0.50 precision floor during selection (feasible=False, val P=0.270/R=0.259) -- it's the best-F1 fallback point, not a precision-guaranteed one.","issued_at_utc":"2026-08-23 20:05:07.672141+00:00","valid_from_utc":"2026-08-23 00:00:00","valid_to_utc":"2026-08-24 00:00:00","wfigs_date_current_utc":"2026-08-23 16:41:28.079000+00:00","pixel_size_m":30,"veg_source":"refreshed_d4","physics_source":"eikonal_fbfm40","history_n_dates":1,"degraded_history":true,"containment_pct":0.0,"acres_wfigs":138.34560634370422,"hour":12,"valid_at_utc":"2026-08-23 12:00:00"}},{"type":"Feature","geometry":{"type":"MultiPolygon","coordinates":[[[[-118.00054,45.5656],[-118.00054,45.56533],[-118.00092,45.56533],[-118.00092,45.5656],[-118.00054,45.5656]]],[[[-118.00092,45.56614],[-118.00092,45.56587],[-118.00131,45.56587],[-118.00131,45.56614],[-118.00092,45.56614]]],[[[-118.00901,45.56749],[-118.00901,45.56722],[-118.00978,45.56722],[-118.00978,45.56749],[-118.00901,45.56749]]],[[[-118.04405,45.57989],[-118.04405,45.57962],[-118.04443,45.57962],[-118.04443,45.57989],[-118.04405,45.57989]]],[[[-118.03866,45.60333],[-118.03827,45.60333],[-118.03827,45.6036],[-118.0375,45.6036],[-118.0375,45.60387],[-118.03712,45.60387],[-118.03712,45.60441],[-118.03673,45.60441],[-118.03673,45.60387],[-118.03635,45.60387],[-118.03635,45.60441],[-118.03596,45.60441],[-118.03596,45.60468],[-118.03635,45.60468],[-118.03635,45.60495],[-118.03519,45.60495],[-118.03519,45.60333],[-118.03481,45.60333],[-118.03481,45.60279],[-118.03442,45.60279],[-118.03442,45.60306],[-118.03404,45.60306],[-118.03404,45.60333],[-118.03327,45.60333],[-118.03327,45.6036],[-118.03211,45.6036],[-118.03211,45.60279],[-118.03173,45.60279],[-118.03173,45.60198],[-118.03134,45.60198],[-118.03134,45.60171],[-118.03173,45.60171],[-118.03173,45.60144],[-118.03134,45.60144],[-118.03134,45.60118],[-118.03096,45.60118],[-118.03096,45.60144],[-118.03019,45.60144],[-118.03019,45.60118],[-118.02942,45.60091],[-118.02942,45.60064],[-118.02865,45.60037],[-118.02865,45.59929],[-118.02749,45.59929],[-118.02749,45.59902],[-118.02672,45.59902],[-118.02672,45.59875],[-118.02634,45.59875],[-118.02634,45.59902],[-118.02557,45.59902],[-118.02557,45.59929],[-118.0248,45.59929],[-118.0248,45.59902],[-118.02441,45.59902],[-118.02441,45.59875],[-118.02403,45.59875],[-118.02403,45.59848],[-118.02249,45.59848],[-118.02249,45.59821],[-118.0221,45.59821],[-118.0221,45.59794],[-118.02133,45.59794],[-118.02133,45.59848],[-118.02094,45.59848],[-118.02094,45.59902],[-118.02056,45.59902],[-118.02056,45.59929],[-118.02133,45.59929],[-118.02133,45.59956],[-118.0221,45.59983],[-118.0221,45.60091],[-118.02171,45.60091],[-118.02171,45.60118],[-118.02094,45.60118],[-118.02094,45.60144],[-118.02017,45.60171],[-118.02017,45.60252],[-118.0194,45.60225],[-118.0194,45.60279],[-118.01902,45.60279],[-118.01902,45.60252],[-118.01825,45.60252],[-118.01825,45.60225],[-118.01786,45.60225],[-118.01786,45.60198],[-118.01863,45.60198],[-118.01863,45.60171],[-118.01902,45.60171],[-118.01902,45.60118],[-118.0194,45.60118],[-118.0194,45.60091],[-118.01979,45.60091],[-118.01979,45.60064],[-118.02017,45.60064],[-118.02017,45.60037],[-118.02056,45.60037],[-118.02056,45.6001],[-118.0194,45.6001],[-118.0194,45.60037],[-118.01902,45.60037],[-118.01902,45.60064],[-118.01863,45.60064],[-118.01863,45.60091],[-118.01825,45.60091],[-118.01825,45.60118],[-118.01748,45.60118],[-118.01748,45.60064],[-118.01709,45.60064],[-118.01709,45.6001],[-118.01671,45.6001],[-118.01671,45.60037],[-118.01632,45.60037],[-118.01632,45.60064],[-118.01594,45.60064],[-118.01594,45.59983],[-118.01555,45.59983],[-118.01555,45.59848],[-118.01363,45.59848],[-118.01363,45.59821],[-118.01324,45.59821],[-118.01324,45.5974],[-118.01247,45.5974],[-118.01247,45.59713],[-118.01209,45.59713],[-118.01209,45.59659],[-118.0117,45.59659],[-118.0117,45.59552],[-118.01132,45.59552],[-118.01132,45.59525],[-118.01093,45.59525],[-118.01093,45.59498],[-118.01016,45.59471],[-118.01016,45.59444],[-118.00978,45.59444],[-118.00978,45.59417],[-118.00939,45.59417],[-118.00939,45.5939],[-118.00901,45.5939],[-118.00901,45.59363],[-118.00862,45.59363],[-118.00862,45.59336],[-118.00708,45.59309],[-118.00708,45.59282],[-118.0067,45.59282],[-118.0067,45.59255],[-118.00631,45.59255],[-118.00631,45.59228],[-118.00593,45.59228],[-118.00593,45.59201],[-118.00516,45.59201],[-118.00516,45.59174],[-118.00477,45.59174],[-118.00477,45.59147],[-118.00439,45.59147],[-118.00439,45.5912],[-118.004,45.5912],[-118.004,45.59093],[-118.00323,45.59093],[-118.00323,45.59066],[-118.00285,45.59066],[-118.00285,45.5904],[-118.00246,45.5904],[-118.00246,45.59013],[-118.00208,45.59013],[-118.00208,45.58986],[-118.00169,45.58986],[-118.00169,45.58932],[-118.00131,45.58932],[-118.00131,45.58905],[-118.00054,45.58905],[-118.00054,45.58878],[-117.99977,45.58851],[-117.99977,45.58824],[-117.99823,45.58797],[-117.99823,45.5877],[-117.99784,45.5877],[-117.99784,45.58716],[-117.99746,45.58716],[-117.99746,45.58689],[-117.99707,45.58689],[-117.99707,45.58662],[-117.9963,45.58662],[-117.9963,45.58608],[-117.99592,45.58608],[-117.99592,45.58528],[-117.99515,45.58528],[-117.99515,45.58501],[-117.99399,45.58501],[-117.99399,45.58474],[-117.99361,45.58474],[-117.99361,45.58447],[-117.99284,45.58447],[-117.99284,45.58393],[-117.99207,45.58393],[-117.99207,45.58366],[-117.9913,45.58339],[-117.9913,45.58285],[-117.99091,45.58285],[-117.99091,45.58231],[-117.9913,45.58231],[-117.9913,45.58177],[-117.99091,45.58177],[-117.99091,45.5815],[-117.99053,45.5815],[-117.99053,45.58123],[-117.99014,45.58123],[-117.99014,45.58069],[-117.98937,45.58042],[-117.98937,45.57989],[-117.9886,45.57962],[-117.9886,45.57881],[-117.98822,45.57881],[-117.98822,45.57611],[-117.9886,45.57611],[-117.9886,45.57503],[-117.98822,45.57503],[-117.98822,45.57476],[-117.9886,45.57476],[-117.9886,45.57396],[-117.98899,45.57396],[-117.98899,45.57315],[-117.98976,45.57315],[-117.98976,45.57342],[-117.99014,45.57342],[-117.99014,45.5745],[-117.98976,45.5745],[-117.98976,45.57584],[-117.98937,45.57584],[-117.98937,45.57719],[-117.99014,45.57746],[-117.99014,45.578],[-117.99091,45.578],[-117.99091,45.57827],[-117.99245,45.57827],[-117.99245,45.57854],[-117.99322,45.57854],[-117.99322,45.57827],[-117.99361,45.57827],[-117.99361,45.57854],[-117.99438,45.57881],[-117.99438,45.57989],[-117.99399,45.57989],[-117.99399,45.58015],[-117.99322,45.58015],[-117.99322,45.58042],[-117.99245,45.58069],[-117.99245,45.58096],[-117.99284,45.58096],[-117.99284,45.5815],[-117.99322,45.5815],[-117.99322,45.58177],[-117.99361,45.58177],[-117.99361,45.58204],[-117.99399,45.58204],[-117.99399,45.58231],[-117.99438,45.58231],[-117.99438,45.58258],[-117.99476,45.58258],[-117.99476,45.58285],[-117.99515,45.58285],[-117.99515,45.58312],[-117.99553,45.58312],[-117.99553,45.58339],[-117.99707,45.58339],[-117.99707,45.58366],[-117.99746,45.58366],[-117.99746,45.58339],[-117.99938,45.58339],[-117.99938,45.58366],[-118.00054,45.58366],[-118.00054,45.58393],[-118.00131,45.5842],[-118.00131,45.58474],[-118.00246,45.58474],[-118.00246,45.58447],[-118.00285,45.58447],[-118.00285,45.5842],[-118.00362,45.5842],[-118.00362,45.58393],[-118.004,45.58393],[-118.004,45.58312],[-118.00285,45.58312],[-118.00285,45.58285],[-118.00131,45.58258],[-118.00131,45.58231],[-118.00092,45.58231],[-118.00092,45.58204],[-118.00054,45.58204],[-118.00054,45.58177],[-118.00015,45.58177],[-118.00015,45.58123],[-117.99977,45.58123],[-117.99977,45.57908],[-117.99938,45.57908],[-117.99938,45.57881],[-117.999,45.57881],[-117.999,45.57854],[-117.99823,45.57854],[-117.99823,45.57827],[-117.99784,45.57827],[-117.99784,45.578],[-117.9963,45.578],[-117.9963,45.57773],[-117.99515,45.57773],[-117.99515,45.57746],[-117.99438,45.57746],[-117.99438,45.57665],[-117.99399,45.57665],[-117.99399,45.57584],[-117.99361,45.57584],[-117.99361,45.57557],[-117.99322,45.57557],[-117.99322,45.5753],[-117.99284,45.5753],[-117.99284,45.57476],[-117.99245,45.57476],[-117.99245,45.5745],[-117.99207,45.5745],[-117.99207,45.57369],[-117.99168,45.57369],[-117.99168,45.57315],[-117.9913,45.57315],[-117.9913,45.57207],[-117.99091,45.57207],[-117.99091,45.5718],[-117.99014,45.5718],[-117.99014,45.57126],[-117.99053,45.57126],[-117.99053,45.56991],[-117.99014,45.56991],[-117.99014,45.56937],[-117.99245,45.56937],[-117.99245,45.56991],[-117.99322,45.56991],[-117.99322,45.57018],[-117.99399,45.57045],[-117.99399,45.56991],[-117.99361,45.56991],[-117.99361,45.56857],[-117.9913,45.56857],[-117.9913,45.5683],[-117.99091,45.5683],[-117.99091,45.56776],[-117.9913,45.56776],[-117.9913,45.56722],[-117.99091,45.56722],[-117.99091,45.56695],[-117.99053,45.56695],[-117.99053,45.56668],[-117.98976,45.56668],[-117.98976,45.56614],[-117.99091,45.56614],[-117.99091,45.56587],[-117.9913,45.56587],[-117.9913,45.5656],[-117.99207,45.5656],[-117.99207,45.56587],[-117.99245,45.56587],[-117.99245,45.56641],[-117.99284,45.56641],[-117.99284,45.56668],[-117.99322,45.56668],[-117.99322,45.56695],[-117.99399,45.56695],[-117.99399,45.56722],[-117.99515,45.56722],[-117.99515,45.56749],[-117.99553,45.56749],[-117.99553,45.56803],[-117.99592,45.56803],[-117.99592,45.5683],[-117.9963,45.5683],[-117.9963,45.56857],[-117.99861,45.56857],[-117.99861,45.56884],[-117.99938,45.56884],[-117.99938,45.56911],[-118.00015,45.56911],[-118.00015,45.56857],[-117.99977,45.56857],[-117.99977,45.5683],[-117.99938,45.5683],[-117.99938,45.56803],[-117.99861,45.5683],[-117.99861,45.56803],[-117.99784,45.56776],[-117.99784,45.56722],[-117.99823,45.56722],[-117.99823,45.56695],[-117.999,45.56695],[-117.999,45.56722],[-118.00208,45.56722],[-118.00208,45.56695],[-118.00246,45.56695],[-118.00246,45.56668],[-118.004,45.56722],[-118.004,45.56695],[-118.00439,45.56695],[-118.00439,45.56668],[-118.004,45.56668],[-118.004,45.56614],[-118.00323,45.56587],[-118.00323,45.56452],[-118.00362,45.56452],[-118.00362,45.56506],[-118.00439,45.56506],[-118.00439,45.56425],[-118.00516,45.56425],[-118.00516,45.56479],[-118.00593,45.56506],[-118.00593,45.56533],[-118.0067,45.56533],[-118.0067,45.56614],[-118.00708,45.56614],[-118.00708,45.56695],[-118.00747,45.56695],[-118.00747,45.56749],[-118.00785,45.56749],[-118.00785,45.56776],[-118.00862,45.56776],[-118.00862,45.5683],[-118.00901,45.5683],[-118.00901,45.56884],[-118.01016,45.56884],[-118.01016,45.56857],[-118.01055,45.56857],[-118.01055,45.5683],[-118.01132,45.5683],[-118.01132,45.56776],[-118.01286,45.56803],[-118.01286,45.5683],[-118.01324,45.5683],[-118.01324,45.56857],[-118.0144,45.56857],[-118.0144,45.5683],[-118.01478,45.5683],[-118.01478,45.56803],[-118.01594,45.56803],[-118.01594,45.5683],[-118.01748,45.5683],[-118.01748,45.56857],[-118.01786,45.56857],[-118.01786,45.5683],[-118.01825,45.5683],[-118.01825,45.56803],[-118.01979,45.56803],[-118.01979,45.5683],[-118.02056,45.5683],[-118.02056,45.56857],[-118.02171,45.56857],[-118.02171,45.56884],[-118.02249,45.56884],[-118.02249,45.56911],[-118.02287,45.56911],[-118.02287,45.56884],[-118.02326,45.56884],[-118.02326,45.56857],[-118.02403,45.56857],[-118.02403,45.56884],[-118.02518,45.56884],[-118.02518,45.56857],[-118.02595,45.56857],[-118.02595,45.56884],[-118.02634,45.56884],[-118.02634,45.56911],[-118.02672,45.56911],[-118.02672,45.57099],[-118.02788,45.57099],[-118.02788,45.57126],[-118.02826,45.57126],[-118.02826,45.5718],[-118.02865,45.5718],[-118.02865,45.57288],[-118.03134,45.57288],[-118.03134,45.57315],[-118.03211,45.57342],[-118.03211,45.57369],[-118.03288,45.57369],[-118.03288,45.57396],[-118.03365,45.57396],[-118.03365,45.57369],[-118.03558,45.57369],[-118.03558,45.57396],[-118.03519,45.57396],[-118.03519,45.57423],[-118.03442,45.57423],[-118.03442,45.5745],[-118.03288,45.57476],[-118.03288,45.57503],[-118.03096,45.57503],[-118.03096,45.5753],[-118.02942,45.5753],[-118.02942,45.57557],[-118.02865,45.57557],[-118.02865,45.57584],[-118.02826,45.57584],[-118.02826,45.57611],[-118.0298,45.57584],[-118.0298,45.57611],[-118.03019,45.57611],[-118.03019,45.57665],[-118.03134,45.57665],[-118.03134,45.57692],[-118.03288,45.57692],[-118.03288,45.57665],[-118.03365,45.57665],[-118.03365,45.57638],[-118.03558,45.57638],[-118.03558,45.57611],[-118.03827,45.57611],[-118.03827,45.57638],[-118.03789,45.57638],[-118.03789,45.57665],[-118.03981,45.57665],[-118.03981,45.57692],[-118.0402,45.57692],[-118.0402,45.57746],[-118.03981,45.57746],[-118.03981,45.578],[-118.04058,45.578],[-118.04058,45.57746],[-118.04135,45.57746],[-118.04135,45.57773],[-118.04212,45.57773],[-118.04212,45.57827],[-118.04289,45.57827],[-118.04289,45.57881],[-118.04328,45.57881],[-118.04328,45.57989],[-118.04405,45.57989],[-118.04405,45.58042],[-118.04366,45.58042],[-118.04366,45.58069],[-118.04289,45.58069],[-118.04289,45.58096],[-118.04212,45.58123],[-118.04212,45.58177],[-118.04289,45.58177],[-118.04289,45.5815],[-118.04366,45.58177],[-118.04366,45.58231],[-118.04443,45.58258],[-118.04443,45.58312],[-118.04482,45.58312],[-118.04482,45.58366],[-118.0452,45.58366],[-118.0452,45.58447],[-118.04443,45.58447],[-118.04443,45.5842],[-118.04482,45.5842],[-118.04482,45.58393],[-118.04328,45.58393],[-118.04328,45.5842],[-118.04251,45.5842],[-118.04251,45.58393],[-118.04097,45.58393],[-118.04097,45.58285],[-118.0402,45.58258],[-118.0402,45.58204],[-118.03943,45.58177],[-118.03943,45.58096],[-118.03866,45.58069],[-118.03866,45.58015],[-118.03827,45.58015],[-118.03827,45.57989],[-118.03789,45.57989],[-118.03789,45.57962],[-118.0375,45.57962],[-118.0375,45.57989],[-118.03635,45.57989],[-118.03635,45.58015],[-118.03596,45.58015],[-118.03596,45.58042],[-118.03635,45.58042],[-118.03635,45.58096],[-118.03673,45.58096],[-118.03673,45.58123],[-118.0375,45.5815],[-118.0375,45.58177],[-118.03827,45.58177],[-118.03827,45.58204],[-118.03866,45.58204],[-118.03866,45.58285],[-118.03789,45.58285],[-118.03789,45.58312],[-118.0375,45.58312],[-118.0375,45.58339],[-118.03673,45.58339],[-118.03673,45.58366],[-118.03635,45.58366],[-118.03635,45.58393],[-118.03558,45.58393],[-118.03558,45.58447],[-118.03519,45.58447],[-118.03519,45.58474],[-118.03558,45.58474],[-118.03558,45.58501],[-118.03596,45.58501],[-118.03596,45.58528],[-118.03635,45.58528],[-118.03635,45.58501],[-118.0375,45.58501],[-118.0375,45.58528],[-118.03827,45.58554],[-118.03827,45.58581],[-118.03904,45.58581],[-118.03904,45.58608],[-118.03943,45.58608],[-118.03943,45.58662],[-118.03981,45.58662],[-118.03981,45.58743],[-118.04058,45.5877],[-118.04058,45.58851],[-118.04097,45.58851],[-118.04097,45.58905],[-118.04135,45.58905],[-118.04135,45.58959],[-118.04212,45.58986],[-118.04212,45.5904],[-118.04289,45.59066],[-118.04289,45.59147],[-118.04328,45.59147],[-118.04328,45.59174],[-118.04366,45.59174],[-118.04366,45.59201],[-118.04597,45.59201],[-118.04597,45.59147],[-118.04636,45.59147],[-118.04636,45.59174],[-118.04674,45.59174],[-118.04674,45.59147],[-118.0479,45.59147],[-118.0479,45.59174],[-118.04867,45.59201],[-118.04867,45.59309],[-118.04828,45.59309],[-118.04828,45.59363],[-118.0479,45.59363],[-118.0479,45.59498],[-118.04713,45.59525],[-118.04713,45.59552],[-118.04751,45.59552],[-118.04751,45.59579],[-118.04828,45.59579],[-118.04828,45.59632],[-118.0479,45.59632],[-118.0479,45.59686],[-118.04751,45.59686],[-118.04751,45.59713],[-118.0479,45.59713],[-118.0479,45.59767],[-118.05098,45.59767],[-118.05098,45.59794],[-118.05021,45.59821],[-118.05021,45.59848],[-118.04944,45.59875],[-118.04944,45.59929],[-118.05059,45.59929],[-118.05059,45.59956],[-118.05098,45.59956],[-118.05098,45.59983],[-118.05213,45.59983],[-118.05213,45.6001],[-118.05406,45.6001],[-118.05406,45.60037],[-118.05367,45.60037],[-118.05367,45.60144],[-118.05521,45.60144],[-118.05521,45.60171],[-118.0556,45.60171],[-118.0556,45.60252],[-118.05521,45.60252],[-118.05521,45.60333],[-118.05483,45.60333],[-118.05483,45.6036],[-118.05329,45.6036],[-118.05329,45.60333],[-118.0529,45.60333],[-118.0529,45.60306],[-118.05252,45.60306],[-118.05252,45.60279],[-118.05213,45.60279],[-118.05213,45.60252],[-118.05098,45.60252],[-118.05098,45.60225],[-118.05059,45.60225],[-118.05059,45.60198],[-118.05021,45.60198],[-118.05021,45.60144],[-118.04982,45.60144],[-118.04982,45.60091],[-118.04944,45.60091],[-118.04944,45.6001],[-118.04905,45.6001],[-118.04905,45.59929],[-118.0479,45.59929],[-118.0479,45.59902],[-118.04751,45.59902],[-118.04751,45.59875],[-118.04674,45.59875],[-118.04674,45.59821],[-118.04636,45.59821],[-118.04636,45.59794],[-118.04597,45.59794],[-118.04597,45.59767],[-118.0452,45.59767],[-118.0452,45.59929],[-118.04559,45.59929],[-118.04559,45.6001],[-118.0452,45.6001],[-118.0452,45.60037],[-118.04366,45.60037],[-118.04366,45.60091],[-118.04405,45.60091],[-118.04405,45.60118],[-118.04482,45.60118],[-118.04482,45.60091],[-118.04559,45.60091],[-118.04559,45.60064],[-118.04713,45.60064],[-118.04713,45.60091],[-118.04636,45.60118],[-118.04636,45.60144],[-118.04559,45.60171],[-118.04559,45.60225],[-118.04597,45.60225],[-118.04597,45.60252],[-118.04674,45.60252],[-118.04674,45.60279],[-118.04636,45.60279],[-118.04636,45.60333],[-118.04405,45.60333],[-118.04405,45.60306],[-118.04366,45.60306],[-118.04366,45.60279],[-118.04289,45.60279],[-118.04289,45.60252],[-118.04212,45.60225],[-118.04212,45.60198],[-118.04097,45.60198],[-118.04097,45.60279],[-118.0402,45.60252],[-118.0402,45.60279],[-118.03866,45.60306],[-118.03866,45.60333]],[[-117.99399,45.57099],[-117.99438,45.57099],[-117.99438,45.57126],[-117.99476,45.57126],[-117.99476,45.57153],[-117.99553,45.57153],[-117.99553,45.5718],[-117.9963,45.57207],[-117.9963,45.57234],[-117.99823,45.57234],[-117.99823,45.57207],[-117.999,45.5718],[-117.999,45.57153],[-117.99861,45.57153],[-117.99861,45.57126],[-117.99515,45.57126],[-117.99515,45.57099],[-117.99438,45.57072],[-117.99438,45.57045],[-117.99399,45.57045],[-117.99399,45.57099]],[[-118.0402,45.60225],[-118.03981,45.60225],[-118.03981,45.60252],[-118.0402,45.60252],[-118.0402,45.60225]],[[-118.03981,45.6001],[-118.03943,45.6001],[-118.03943,45.60037],[-118.03981,45.60037],[-118.03981,45.6001]],[[-118.01979,45.59902],[-118.01863,45.59902],[-118.01863,45.59929],[-118.01979,45.59929],[-118.01979,45.59902]],[[-118.04405,45.59498],[-118.04366,45.59498],[-118.04366,45.59471],[-118.04174,45.59471],[-118.04174,45.59498],[-118.04212,45.59498],[-118.04212,45.59525],[-118.04289,45.59525],[-118.04289,45.59552],[-118.04328,45.59552],[-118.04328,45.59579],[-118.04405,45.59579],[-118.04405,45.59605],[-118.04443,45.59605],[-118.04443,45.59632],[-118.0452,45.59632],[-118.0452,45.59552],[-118.04482,45.59552],[-118.04482,45.59525],[-118.04405,45.59525],[-118.04405,45.59498]],[[-118.03481,45.58689],[-118.03365,45.58689],[-118.03365,45.58716],[-118.03481,45.58716],[-118.03481,45.58689]],[[-118.02403,45.58581],[-118.02364,45.58581],[-118.02364,45.58608],[-118.02403,45.58608],[-118.02403,45.58581]],[[-118.0221,45.58554],[-118.02171,45.58554],[-118.02171,45.58581],[-118.0221,45.58581],[-118.0221,45.58554]],[[-118.01786,45.58554],[-118.01748,45.58554],[-118.01748,45.58581],[-118.01786,45.58581],[-118.01786,45.58554]],[[-118.01709,45.58528],[-118.01671,45.58528],[-118.01671,45.58554],[-118.01709,45.58554],[-118.01709,45.58528]],[[-118.01748,45.58474],[-118.01709,45.58474],[-118.01709,45.58501],[-118.01748,45.58501],[-118.01748,45.58474]],[[-118.02403,45.58285],[-118.02364,45.58285],[-118.02364,45.58312],[-118.02403,45.58312],[-118.02403,45.58285]],[[-118.01401,45.58285],[-118.01363,45.58285],[-118.01363,45.58312],[-118.01401,45.58312],[-118.01401,45.58285]],[[-118.02441,45.58231],[-118.02403,45.58231],[-118.02403,45.58258],[-118.02441,45.58258],[-118.02441,45.58231]],[[-118.01363,45.58177],[-118.01324,45.58177],[-118.01324,45.58258],[-118.01363,45.58258],[-118.01363,45.58177]],[[-118.00593,45.58204],[-118.00516,45.58204],[-118.00516,45.58231],[-118.00593,45.58231],[-118.00593,45.58204]],[[-118.02326,45.58123],[-118.02287,45.58123],[-118.02287,45.5815],[-118.02326,45.5815],[-118.02326,45.58123]],[[-118.01478,45.58096],[-118.0144,45.58096],[-118.0144,45.58123],[-118.01478,45.58123],[-118.01478,45.58096]],[[-118.0402,45.58015],[-118.03981,45.58015],[-118.03981,45.58042],[-118.0402,45.58042],[-118.0402,45.58015]],[[-118.01401,45.57881],[-118.01363,45.57881],[-118.01363,45.57935],[-118.01401,45.57935],[-118.01401,45.57881]],[[-118.02056,45.57854],[-118.02017,45.57854],[-118.02017,45.57881],[-118.02056,45.57881],[-118.02056,45.57854]],[[-118.0194,45.57827],[-118.01902,45.57827],[-118.01902,45.57854],[-118.0194,45.57854],[-118.0194,45.57827]],[[-118.0144,45.57827],[-118.01401,45.57827],[-118.01401,45.57854],[-118.0144,45.57854],[-118.0144,45.57827]],[[-118.01825,45.57773],[-118.01786,45.57773],[-118.01786,45.578],[-118.01825,45.578],[-118.01825,45.57773]],[[-118.01709,45.57746],[-118.01671,45.57746],[-118.01671,45.57773],[-118.01709,45.57773],[-118.01709,45.57746]],[[-118.03712,45.57638],[-118.03635,45.57638],[-118.03635,45.57665],[-118.03712,45.57665],[-118.03712,45.57638]],[[-117.99245,45.57153],[-117.99322,45.57153],[-117.99322,45.57126],[-117.99284,45.57126],[-117.99284,45.57045],[-117.99245,45.57045],[-117.99245,45.57153]],[[-118.01902,45.56991],[-118.01863,45.56991],[-118.01863,45.56964],[-118.01825,45.56964],[-118.01825,45.56937],[-118.01709,45.56937],[-118.01709,45.56964],[-118.01786,45.56991],[-118.01786,45.57018],[-118.01863,45.57045],[-118.01863,45.57099],[-118.01902,45.57099],[-118.01902,45.57126],[-118.01979,45.57126],[-118.01979,45.57045],[-118.0194,45.57045],[-118.0194,45.57018],[-118.01902,45.57018],[-118.01902,45.56991]],[[-118.0117,45.57126],[-118.01286,45.57126],[-118.01286,45.57018],[-118.01132,45.57018],[-118.01132,45.57099],[-118.0117,45.57099],[-118.0117,45.57126]],[[-118.01902,45.5683],[-118.01863,45.5683],[-118.01863,45.56884],[-118.01902,45.56884],[-118.01902,45.5683]]],[[[-118.04328,45.58716],[-118.04328,45.58662],[-118.04289,45.58662],[-118.04289,45.58635],[-118.04328,45.58635],[-118.04328,45.58608],[-118.04405,45.58608],[-118.04405,45.58581],[-118.04443,45.58581],[-118.04443,45.58554],[-118.04597,45.58554],[-118.04597,45.58689],[-118.04636,45.58689],[-118.04636,45.58716],[-118.04559,45.58743],[-118.04559,45.5877],[-118.04482,45.5877],[-118.04482,45.58743],[-118.04405,45.58743],[-118.04405,45.58716],[-118.04328,45.58716]]],[[[-118.04597,45.58824],[-118.04597,45.58797],[-118.04636,45.58797],[-118.04636,45.58716],[-118.04674,45.58716],[-118.04674,45.58743],[-118.04751,45.58743],[-118.04751,45.58797],[-118.0479,45.58797],[-118.0479,45.58851],[-118.04751,45.58851],[-118.04751,45.58905],[-118.04713,45.58905],[-118.04713,45.58932],[-118.04559,45.58905],[-118.04559,45.58824],[-118.04597,45.58824]]],[[[-117.999,45.58986],[-117.99938,45.58986],[-117.99938,45.59013],[-117.999,45.59013],[-117.999,45.58986]]],[[[-118.00169,45.59201],[-118.00092,45.59201],[-118.00092,45.59228],[-118.00054,45.59228],[-118.00054,45.59201],[-117.99977,45.59201],[-117.99977,45.59174],[-117.99938,45.59174],[-117.99938,45.59147],[-117.99861,45.59147],[-117.99861,45.59066],[-117.99823,45.59066],[-117.99823,45.5904],[-117.99784,45.5904],[-117.99784,45.59013],[-117.99746,45.59013],[-117.99746,45.58986],[-117.99707,45.58986],[-117.99707,45.58959],[-117.99861,45.58959],[-117.99861,45.58986],[-117.99823,45.58986],[-117.99823,45.59013],[-117.99861,45.59013],[-117.99861,45.5904],[-117.999,45.5904],[-117.999,45.59066],[-117.99938,45.59066],[-117.99938,45.59013],[-117.99977,45.59013],[-117.99977,45.5912],[-118.00015,45.5912],[-118.00015,45.59147],[-118.00169,45.59147],[-118.00169,45.59201]]],[[[-118.00285,45.5939],[-118.00246,45.5939],[-118.00246,45.59336],[-118.00323,45.59336],[-118.00323,45.59363],[-118.00285,45.59363],[-118.00285,45.5939]]],[[[-118.00246,45.59471],[-118.00208,45.59471],[-118.00208,45.5939],[-118.00246,45.5939],[-118.00246,45.59471]]],[[[-118.00285,45.59525],[-118.00285,45.59498],[-118.00362,45.59498],[-118.00362,45.59525],[-118.00285,45.59525]]],[[[-118.01709,45.60064],[-118.01709,45.60091],[-118.01671,45.60091],[-118.01671,45.60064],[-118.01709,45.60064]]],[[[-118.01632,45.60118],[-118.01632,45.60091],[-118.01671,45.60091],[-118.01671,45.60118],[-118.01632,45.60118]]],[[[-118.03096,45.60171],[-118.03096,45.60144],[-118.03134,45.60144],[-118.03134,45.60171],[-118.03096,45.60171]]],[[[-118.02364,45.60252],[-118.02364,45.60279],[-118.02441,45.60279],[-118.02441,45.60333],[-118.02403,45.60333],[-118.02403,45.6036],[-118.02364,45.6036],[-118.02364,45.60306],[-118.02326,45.60306],[-118.02326,45.60252],[-118.02364,45.60252]]],[[[-118.02287,45.6036],[-118.02287,45.60306],[-118.02326,45.60306],[-118.02326,45.6036],[-118.02287,45.6036]]],[[[-118.04251,45.60387],[-118.04212,45.60387],[-118.04212,45.6036],[-118.04251,45.6036],[-118.04251,45.60387]]],[[[-118.04097,45.60468],[-118.03904,45.60468],[-118.03904,45.60441],[-118.03827,45.60441],[-118.03827,45.60414],[-118.03904,45.60414],[-118.03904,45.60387],[-118.03981,45.60387],[-118.03981,45.6036],[-118.04097,45.6036],[-118.04097,45.60279],[-118.04135,45.60279],[-118.04135,45.60306],[-118.04212,45.60333],[-118.04212,45.6036],[-118.04174,45.6036],[-118.04174,45.60387],[-118.04135,45.60387],[-118.04135,45.60414],[-118.04097,45.60414],[-118.04097,45.60468]]],[[[-118.04212,45.60441],[-118.04212,45.60495],[-118.04135,45.60495],[-118.04135,45.60468],[-118.04212,45.60441]]],[[[-117.99515,45.56587],[-117.99515,45.56533],[-117.99592,45.56533],[-117.99592,45.5656],[-117.99669,45.56587],[-117.99669,45.56641],[-117.99515,45.56587]]],[[[-117.99707,45.56803],[-117.99707,45.56776],[-117.99746,45.56776],[-117.99746,45.56803],[-117.99707,45.56803]]],[[[-117.98976,45.5718],[-117.99014,45.5718],[-117.99014,45.57207],[-117.98976,45.57207],[-117.98976,45.5718]]],[[[-117.98706,45.57503],[-117.98745,45.57503],[-117.98745,45.5753],[-117.98706,45.5753],[-117.98706,45.57503]]],[[[-117.9913,45.57611],[-117.9913,45.57584],[-117.99168,45.57584],[-117.99168,45.57611],[-117.9913,45.57611]]],[[[-117.98629,45.57719],[-117.98629,45.57692],[-117.98668,45.57692],[-117.98668,45.57719],[-117.98629,45.57719]]],[[[-117.98629,45.57962],[-117.98629,45.57935],[-117.98668,45.57935],[-117.98668,45.57962],[-117.98629,45.57962]]],[[[-117.98706,45.57989],[-117.98706,45.58015],[-117.98668,45.58015],[-117.98668,45.57989],[-117.98706,45.57989]]],[[[-117.98552,45.58096],[-117.98552,45.58015],[-117.98514,45.58015],[-117.98514,45.57989],[-117.98668,45.58015],[-117.98668,45.58042],[-117.98629,45.58042],[-117.98629,45.58069],[-117.98591,45.58069],[-117.98591,45.58096],[-117.98552,45.58096]]],[[[-117.98706,45.58096],[-117.98745,45.58096],[-117.98745,45.58123],[-117.98706,45.58123],[-117.98706,45.58096]]],[[[-117.98706,45.5815],[-117.98668,45.5815],[-117.98668,45.58123],[-117.98706,45.58123],[-117.98706,45.5815]]],[[[-117.9886,45.58285],[-117.9886,45.58339],[-117.98822,45.58339],[-117.98822,45.58312],[-117.98706,45.58312],[-117.98706,45.58285],[-117.9886,45.58285]]],[[[-117.9886,45.58339],[-117.98899,45.58339],[-117.98899,45.58366],[-117.9886,45.58366],[-117.9886,45.58339]]],[[[-117.98937,45.58393],[-117.98899,45.58393],[-117.98899,45.58366],[-117.98937,45.58366],[-117.98937,45.58393]]],[[[-117.9963,45.58932],[-117.9963,45.58959],[-117.99592,45.58959],[-117.99592,45.59093],[-117.99553,45.59093],[-117.99553,45.5912],[-117.99592,45.5912],[-117.99592,45.59174],[-117.99515,45.59174],[-117.99515,45.5912],[-117.99476,45.5912],[-117.99476,45.59093],[-117.99438,45.59093],[-117.99438,45.59066],[-117.99399,45.59066],[-117.99399,45.5904],[-117.99361,45.5904],[-117.99361,45.59013],[-117.99322,45.59013],[-117.99322,45.58986],[-117.99284,45.58986],[-117.99284,45.58959],[-117.99245,45.58959],[-117.99245,45.58878],[-117.99207,45.58878],[-117.99207,45.58851],[-117.99168,45.58851],[-117.99168,45.58824],[-117.99091,45.58824],[-117.99091,45.5877],[-117.99053,45.5877],[-117.99053,45.58743],[-117.99014,45.58743],[-117.99014,45.58716],[-117.98976,45.58716],[-117.98976,45.58689],[-117.98937,45.58689],[-117.98937,45.58662],[-117.98899,45.58662],[-117.98899,45.58635],[-117.9886,45.58635],[-117.9886,45.58608],[-117.98822,45.58608],[-117.98822,45.58581],[-117.98783,45.58581],[-117.98783,45.58554],[-117.98745,45.58554],[-117.98745,45.58447],[-117.98668,45.5842],[-117.98668,45.58312],[-117.98706,45.58312],[-117.98706,45.58366],[-117.98783,45.58366],[-117.98783,45.58393],[-117.9886,45.5842],[-117.9886,45.58447],[-117.98937,45.58447],[-117.98937,45.58474],[-117.98899,45.58474],[-117.98899,45.58581],[-117.98937,45.58581],[-117.98937,45.58554],[-117.99053,45.58554],[-117.99053,45.58581],[-117.99091,45.58581],[-117.99091,45.58608],[-117.99207,45.58608],[-117.99207,45.58635],[-117.99284,45.58635],[-117.99284,45.58662],[-117.99361,45.58689],[-117.99361,45.58716],[-117.99476,45.58716],[-117.99476,45.58743],[-117.99399,45.58743],[-117.99399,45.58797],[-117.99476,45.58797],[-117.99476,45.58824],[-117.99515,45.58824],[-117.99515,45.58851],[-117.99592,45.58851],[-117.99592,45.58824],[-117.9963,45.58824],[-117.9963,45.58878],[-117.99669,45.58878],[-117.99669,45.58932],[-117.9963,45.58932]],[[-117.99399,45.59013],[-117.99399,45.58986],[-117.99361,45.58986],[-117.99361,45.59013],[-117.99399,45.59013]],[[-117.98822,45.58554],[-117.98822,45.58501],[-117.98783,45.58501],[-117.98783,45.58554],[-117.98822,45.58554]],[[-117.99168,45.58635],[-117.99168,45.58662],[-117.99091,45.58689],[-117.99091,45.58743],[-117.9913,45.58743],[-117.9913,45.5877],[-117.99245,45.5877],[-117.99245,45.58743],[-117.99284,45.58743],[-117.99284,45.58716],[-117.99245,45.58716],[-117.99245,45.58662],[-117.99168,45.58635]],[[-117.98976,45.58608],[-117.98937,45.58608],[-117.98937,45.58635],[-117.98976,45.58635],[-117.98976,45.58608]]],[[[-117.99553,45.58824],[-117.99553,45.58797],[-117.99476,45.5877],[-117.99476,45.58743],[-117.99553,45.58743],[-117.99553,45.5877],[-117.99592,45.5877],[-117.99592,45.58824],[-117.99553,45.58824]]],[[[-117.99592,45.59201],[-117.99592,45.59174],[-117.9963,45.59174],[-117.9963,45.59201],[-117.99592,45.59201]]],[[[-117.99669,45.59282],[-117.99707,45.59282],[-117.99707,45.59309],[-117.99669,45.59309],[-117.99669,45.59282]]],[[[-117.99823,45.59282],[-117.99784,45.59282],[-117.99784,45.59255],[-117.99707,45.59255],[-117.99707,45.59228],[-117.9963,45.59228],[-117.9963,45.59201],[-117.99823,45.59201],[-117.99823,45.59228],[-117.999,45.59255],[-117.999,45.59282],[-118.00015,45.59282],[-118.00015,45.59336],[-117.99977,45.59336],[-117.99977,45.5939],[-117.999,45.59417],[-117.999,45.5939],[-117.99823,45.59363],[-117.99823,45.59282]]]]},"properties":{"layer":"predicted_reach_h13","fire_name":"Middle_Ridge","irwin_id":"{2088689D-42B8-4A31-85B6-2CADB59BA127}","model":"arrival_run","checkpoint_epoch":216,"decode":"connected_causal","operating_point":{"floor":0.0,"mult":0.9},"val_precision":null,"val_recall":null,"model_caveat":"arrival_run chosen for best RECALL among the six FlameFlux v3 candidates on the production-valid t0-window corpus (R=0.624 on the fc2 held-out fires, R=0.432 on Dillon -- see candidate_comparison.md from the 2026-07-24 comparison). It does NOT meet the project's P>=0.50/R>=0.80 target: precision is the WORST of the six (P=0.120 on fc2 -- most flagged growth is wrong), and wind_run actually edges it on F1. IMPORTANT CAVEAT: arrival_run trained on the leaky 'observed' corpus (crop centered/sized on t0|t1, i.e. it saw the future perimeter's geometry during training) and has NEVER seen a t0-window crop -- the ONLY geometry this live pipeline can ever produce at forecast time (the future perimeter is, by definition, unknown). So every live prediction from this model is out-of-distribution relative to its own training. The measured t0-window numbers above already reflect that (they are not a surprise), but this is 'best available', not 'production-ready' -- represent it that way. The operating_point (floor=0.0, mult=0.9) is the VAL-selected connected-causal decode point; it did NOT clear the 0.50 precision floor during selection (feasible=False, val P=0.270/R=0.259) -- it's the best-F1 fallback point, not a precision-guaranteed one.","issued_at_utc":"2026-08-23 20:05:07.672141+00:00","valid_from_utc":"2026-08-23 00:00:00","valid_to_utc":"2026-08-24 00:00:00","wfigs_date_current_utc":"2026-08-23 16:41:28.079000+00:00","pixel_size_m":30,"veg_source":"refreshed_d4","physics_source":"eikonal_fbfm40","history_n_dates":1,"degraded_history":true,"containment_pct":0.0,"acres_wfigs":138.34560634370422,"hour":13,"valid_at_utc":"2026-08-23 13:00:00"}},{"type":"Feature","geometry":{"type":"MultiPolygon","coordinates":[[[[-118.00054,45.56479],[-118.00054,45.56506],[-118.00092,45.56506],[-118.00092,45.56533],[-118.00131,45.56533],[-118.00131,45.56614],[-118.00054,45.56614],[-118.00054,45.5656],[-118.00015,45.5656],[-118.00015,45.56479],[-118.00054,45.56479]]],[[[-118.00939,45.56695],[-118.00939,45.56722],[-118.01016,45.56722],[-118.01016,45.56776],[-118.00978,45.56776],[-118.00978,45.56803],[-118.00901,45.56776],[-118.00901,45.56695],[-118.00939,45.56695]]],[[[-118.0298,45.57045],[-118.0298,45.57018],[-118.03019,45.57018],[-118.03019,45.57045],[-118.0298,45.57045]]],[[[-118.03866,45.60333],[-118.03827,45.60333],[-118.03827,45.6036],[-118.03789,45.6036],[-118.03789,45.60387],[-118.03712,45.60387],[-118.03712,45.60441],[-118.03673,45.60441],[-118.03673,45.60387],[-118.03635,45.60387],[-118.03635,45.60441],[-118.03596,45.60441],[-118.03596,45.60468],[-118.03635,45.60468],[-118.03635,45.60495],[-118.03519,45.60495],[-118.03519,45.60522],[-118.03481,45.60522],[-118.03481,45.60468],[-118.03519,45.60468],[-118.03519,45.6036],[-118.03481,45.6036],[-118.03481,45.60306],[-118.03442,45.60306],[-118.03442,45.60333],[-118.03327,45.60333],[-118.03327,45.6036],[-118.03288,45.6036],[-118.03288,45.60387],[-118.03211,45.60387],[-118.03211,45.60306],[-118.03173,45.60306],[-118.03173,45.60198],[-118.03134,45.60198],[-118.03134,45.60171],[-118.03057,45.60171],[-118.03057,45.60144],[-118.03019,45.60144],[-118.03019,45.60118],[-118.02942,45.60118],[-118.02942,45.60091],[-118.02865,45.60064],[-118.02865,45.59956],[-118.02788,45.59956],[-118.02788,45.59983],[-118.02749,45.59983],[-118.02749,45.59956],[-118.02672,45.59929],[-118.02672,45.59902],[-118.02441,45.59929],[-118.02441,45.59902],[-118.02403,45.59902],[-118.02403,45.59875],[-118.02364,45.59875],[-118.02364,45.59848],[-118.02133,45.59848],[-118.02133,45.59902],[-118.02094,45.59902],[-118.02094,45.59929],[-118.02171,45.59929],[-118.02171,45.59983],[-118.0221,45.59983],[-118.0221,45.60091],[-118.02171,45.60091],[-118.02171,45.60118],[-118.02094,45.60144],[-118.02094,45.60171],[-118.02017,45.60198],[-118.02017,45.60252],[-118.0194,45.60225],[-118.0194,45.60279],[-118.01863,45.60279],[-118.01863,45.60252],[-118.01786,45.60225],[-118.01786,45.60198],[-118.01863,45.60198],[-118.01863,45.60171],[-118.01902,45.60171],[-118.01902,45.60118],[-118.0194,45.60118],[-118.0194,45.60091],[-118.01979,45.60091],[-118.01979,45.60064],[-118.02017,45.60064],[-118.02017,45.60037],[-118.02056,45.60037],[-118.02056,45.6001],[-118.0194,45.6001],[-118.0194,45.60037],[-118.01902,45.60037],[-118.01902,45.60064],[-118.01863,45.60064],[-118.01863,45.60091],[-118.01825,45.60091],[-118.01825,45.60118],[-118.01748,45.60118],[-118.01748,45.60064],[-118.01709,45.60064],[-118.01709,45.6001],[-118.01671,45.6001],[-118.01671,45.60037],[-118.01632,45.60037],[-118.01632,45.60064],[-118.01594,45.60064],[-118.01594,45.59983],[-118.01555,45.59983],[-118.01555,45.59848],[-118.01363,45.59848],[-118.01363,45.59821],[-118.01324,45.59821],[-118.01324,45.5974],[-118.01247,45.5974],[-118.01247,45.59713],[-118.0117,45.59686],[-118.0117,45.59552],[-118.01132,45.59552],[-118.01132,45.59525],[-118.01093,45.59525],[-118.01093,45.59498],[-118.01016,45.59471],[-118.01016,45.59444],[-118.00978,45.59444],[-118.00978,45.59417],[-118.00939,45.59417],[-118.00939,45.5939],[-118.00901,45.5939],[-118.00901,45.59363],[-118.00747,45.59336],[-118.00747,45.59309],[-118.00708,45.59309],[-118.00708,45.59282],[-118.0067,45.59282],[-118.0067,45.59255],[-118.00631,45.59255],[-118.00631,45.59228],[-118.00554,45.59228],[-118.00554,45.59201],[-118.00516,45.59201],[-118.00516,45.59174],[-118.00477,45.59174],[-118.00477,45.59147],[-118.00439,45.59147],[-118.00439,45.5912],[-118.004,45.5912],[-118.004,45.59093],[-118.00323,45.59093],[-118.00323,45.59066],[-118.00285,45.59066],[-118.00285,45.5904],[-118.00246,45.5904],[-118.00246,45.59013],[-118.00208,45.59013],[-118.00208,45.58986],[-118.00169,45.58986],[-118.00169,45.58959],[-118.00131,45.58959],[-118.00131,45.58932],[-118.00092,45.58932],[-118.00092,45.58905],[-118.00054,45.58905],[-118.00054,45.58878],[-118.00015,45.58878],[-118.00015,45.58851],[-117.99977,45.58851],[-117.99977,45.58824],[-117.99823,45.58797],[-117.99823,45.5877],[-117.99784,45.5877],[-117.99784,45.58716],[-117.99746,45.58716],[-117.99746,45.58689],[-117.99669,45.58689],[-117.99669,45.58662],[-117.99592,45.58635],[-117.99592,45.58554],[-117.99553,45.58554],[-117.99553,45.58528],[-117.99476,45.58528],[-117.99476,45.58501],[-117.99399,45.58501],[-117.99399,45.58474],[-117.99322,45.58474],[-117.99322,45.58447],[-117.99284,45.58447],[-117.99284,45.5842],[-117.99245,45.5842],[-117.99245,45.58393],[-117.99207,45.58393],[-117.99207,45.58366],[-117.99168,45.58366],[-117.99168,45.58339],[-117.9913,45.58339],[-117.9913,45.58312],[-117.99091,45.58312],[-117.99091,45.58177],[-117.99053,45.58177],[-117.99053,45.5815],[-117.98976,45.5815],[-117.98976,45.58069],[-117.98937,45.58069],[-117.98937,45.58015],[-117.9886,45.57989],[-117.9886,45.57908],[-117.98822,45.57908],[-117.98822,45.57584],[-117.9886,45.57584],[-117.9886,45.5753],[-117.98822,45.5753],[-117.98822,45.57476],[-117.9886,45.57476],[-117.9886,45.57396],[-117.98899,45.57396],[-117.98899,45.57315],[-117.99014,45.57315],[-117.99014,45.57584],[-117.98976,45.57584],[-117.98976,45.57638],[-117.98937,45.57638],[-117.98937,45.57692],[-117.98976,45.57692],[-117.98976,45.57719],[-117.99014,45.57719],[-117.99014,45.57746],[-117.99053,45.57746],[-117.99053,45.578],[-117.99168,45.578],[-117.99168,45.57827],[-117.99245,45.57827],[-117.99245,45.57854],[-117.99284,45.57854],[-117.99284,45.57827],[-117.99399,45.57827],[-117.99399,45.57881],[-117.99438,45.57881],[-117.99438,45.57935],[-117.99476,45.57935],[-117.99476,45.57962],[-117.99438,45.57962],[-117.99438,45.57989],[-117.99399,45.57989],[-117.99399,45.58015],[-117.99322,45.58015],[-117.99322,45.58042],[-117.99284,45.58042],[-117.99284,45.5815],[-117.99322,45.5815],[-117.99322,45.58177],[-117.99399,45.58204],[-117.99399,45.58231],[-117.99438,45.58231],[-117.99438,45.58258],[-117.99515,45.58285],[-117.99515,45.58312],[-117.9963,45.58312],[-117.9963,45.58339],[-117.99977,45.58339],[-117.99977,45.58366],[-118.00092,45.58366],[-118.00092,45.58393],[-118.00169,45.5842],[-118.00169,45.58474],[-118.00208,45.58474],[-118.00208,45.58447],[-118.00246,45.58447],[-118.00246,45.5842],[-118.00323,45.5842],[-118.00323,45.58393],[-118.00362,45.58393],[-118.00362,45.58366],[-118.004,45.58366],[-118.004,45.58339],[-118.00323,45.58339],[-118.00323,45.58312],[-118.00246,45.58312],[-118.00246,45.58285],[-118.00131,45.58285],[-118.00131,45.58231],[-118.00092,45.58231],[-118.00092,45.58204],[-118.00015,45.58177],[-118.00015,45.5815],[-117.99977,45.5815],[-117.99977,45.57935],[-117.99938,45.57935],[-117.99938,45.57908],[-117.999,45.57908],[-117.999,45.57881],[-117.99861,45.57881],[-117.99861,45.57854],[-117.99823,45.57854],[-117.99823,45.57827],[-117.99746,45.57827],[-117.99746,45.578],[-117.99592,45.578],[-117.99592,45.57773],[-117.99476,45.57773],[-117.99476,45.57746],[-117.99438,45.57746],[-117.99438,45.57692],[-117.99399,45.57692],[-117.99399,45.57584],[-117.99361,45.57584],[-117.99361,45.57557],[-117.99284,45.5753],[-117.99284,45.57503],[-117.99245,45.57503],[-117.99245,45.5745],[-117.99207,45.5745],[-117.99207,45.57369],[-117.9913,45.57342],[-117.9913,45.57234],[-117.99091,45.57234],[-117.99091,45.5718],[-117.99053,45.5718],[-117.99053,45.57207],[-117.98976,45.57207],[-117.98976,45.5718],[-117.99014,45.5718],[-117.99014,45.57126],[-117.99053,45.57126],[-117.99053,45.57018],[-117.99014,45.57018],[-117.99014,45.56937],[-117.99245,45.56937],[-117.99245,45.56991],[-117.99322,45.56991],[-117.99322,45.57018],[-117.99361,45.57018],[-117.99361,45.56857],[-117.9913,45.56857],[-117.9913,45.5683],[-117.99091,45.5683],[-117.99091,45.56695],[-117.98976,45.56695],[-117.98976,45.56614],[-117.98937,45.56614],[-117.98937,45.56587],[-117.9913,45.56587],[-117.9913,45.56533],[-117.99207,45.56533],[-117.99207,45.56587],[-117.99284,45.56614],[-117.99284,45.56668],[-117.99322,45.56668],[-117.99322,45.56695],[-117.99553,45.56722],[-117.99553,45.56749],[-117.99592,45.56749],[-117.99592,45.5683],[-117.99669,45.5683],[-117.99669,45.56776],[-117.99707,45.56776],[-117.99707,45.56749],[-117.99784,45.56776],[-117.99784,45.56722],[-117.99823,45.56722],[-117.99823,45.56695],[-117.999,45.56695],[-117.999,45.56722],[-118.00054,45.56722],[-118.00054,45.56695],[-118.00131,45.56695],[-118.00131,45.56722],[-118.00169,45.56722],[-118.00169,45.56695],[-118.00246,45.56695],[-118.00246,45.56641],[-118.00285,45.56641],[-118.00285,45.56668],[-118.00323,45.56668],[-118.00323,45.56695],[-118.004,45.56695],[-118.004,45.56641],[-118.00362,45.56641],[-118.00362,45.56587],[-118.00323,45.56587],[-118.00323,45.56452],[-118.00362,45.56452],[-118.00362,45.56506],[-118.00439,45.56506],[-118.00439,45.56425],[-118.00554,45.56425],[-118.00554,45.56479],[-118.00631,45.56506],[-118.00631,45.56533],[-118.0067,45.56533],[-118.0067,45.56587],[-118.00708,45.56587],[-118.00708,45.56668],[-118.00747,45.56668],[-118.00747,45.56749],[-118.00824,45.56749],[-118.00824,45.56776],[-118.00901,45.56803],[-118.00901,45.56857],[-118.00939,45.56857],[-118.00939,45.56884],[-118.00978,45.56884],[-118.00978,45.56857],[-118.01055,45.56857],[-118.01055,45.5683],[-118.01132,45.56803],[-118.01132,45.56776],[-118.01286,45.56776],[-118.01286,45.56803],[-118.01363,45.5683],[-118.01363,45.56857],[-118.0144,45.56857],[-118.0144,45.5683],[-118.01478,45.5683],[-118.01478,45.56776],[-118.01517,45.56776],[-118.01517,45.56749],[-118.01555,45.56749],[-118.01555,45.56776],[-118.01632,45.56803],[-118.01632,45.5683],[-118.01825,45.5683],[-118.01825,45.56803],[-118.01902,45.56776],[-118.01902,45.56803],[-118.02133,45.5683],[-118.02133,45.56857],[-118.0221,45.56857],[-118.0221,45.56884],[-118.02326,45.56884],[-118.02326,45.56857],[-118.02403,45.56857],[-118.02403,45.56884],[-118.0248,45.56884],[-118.0248,45.56857],[-118.02634,45.56857],[-118.02634,45.56911],[-118.02672,45.56911],[-118.02672,45.57072],[-118.02826,45.57099],[-118.02826,45.5718],[-118.02865,45.5718],[-118.02865,45.57288],[-118.0298,45.57288],[-118.0298,45.57261],[-118.03057,45.57261],[-118.03057,45.57288],[-118.03134,45.57288],[-118.03134,45.57315],[-118.03173,45.57315],[-118.03173,45.57342],[-118.03211,45.57342],[-118.03211,45.57369],[-118.03558,45.57369],[-118.03558,45.57396],[-118.03519,45.57396],[-118.03519,45.57423],[-118.03442,45.57423],[-118.03442,45.5745],[-118.03404,45.5745],[-118.03404,45.57476],[-118.03327,45.57476],[-118.03327,45.57503],[-118.03134,45.57503],[-118.03134,45.5753],[-118.03057,45.5753],[-118.03057,45.57557],[-118.02942,45.57557],[-118.02942,45.57584],[-118.03019,45.57584],[-118.03019,45.57638],[-118.03057,45.57638],[-118.03057,45.57665],[-118.03211,45.57665],[-118.03211,45.57692],[-118.0325,45.57692],[-118.0325,45.57665],[-118.03327,45.57665],[-118.03327,45.57638],[-118.03558,45.57638],[-118.03558,45.57611],[-118.03827,45.57611],[-118.03827,45.57638],[-118.03789,45.57638],[-118.03789,45.57665],[-118.0402,45.57665],[-118.0402,45.57773],[-118.04058,45.57773],[-118.04058,45.57746],[-118.04097,45.57746],[-118.04097,45.57719],[-118.04174,45.57719],[-118.04174,45.57746],[-118.04135,45.57746],[-118.04135,45.57773],[-118.04212,45.57773],[-118.04212,45.57827],[-118.04289,45.57827],[-118.04289,45.57881],[-118.04328,45.57881],[-118.04328,45.57989],[-118.04405,45.57989],[-118.04405,45.57962],[-118.04443,45.57962],[-118.04443,45.58015],[-118.04405,45.58015],[-118.04405,45.58042],[-118.04328,45.58069],[-118.04328,45.58096],[-118.04251,45.58123],[-118.04251,45.5815],[-118.04366,45.5815],[-118.04366,45.58204],[-118.04443,45.58231],[-118.04443,45.58285],[-118.04482,45.58285],[-118.04482,45.58339],[-118.0452,45.58339],[-118.0452,45.58393],[-118.04559,45.58393],[-118.04559,45.5842],[-118.0452,45.5842],[-118.0452,45.58447],[-118.04482,45.58447],[-118.04482,45.58474],[-118.04443,45.58474],[-118.04443,45.58393],[-118.04405,45.58393],[-118.04405,45.5842],[-118.04366,45.5842],[-118.04366,45.58447],[-118.04405,45.58447],[-118.04405,45.58528],[-118.04289,45.58528],[-118.04289,45.58474],[-118.04251,45.58474],[-118.04251,45.5842],[-118.04135,45.5842],[-118.04135,45.58447],[-118.04097,45.58447],[-118.04097,45.58312],[-118.04058,45.58312],[-118.04058,45.58258],[-118.03981,45.58231],[-118.03981,45.58177],[-118.03943,45.58177],[-118.03943,45.58123],[-118.03866,45.58096],[-118.03866,45.58042],[-118.03827,45.58042],[-118.03827,45.58015],[-118.03635,45.58015],[-118.03635,45.58069],[-118.03673,45.58069],[-118.03673,45.58096],[-118.0375,45.58123],[-118.0375,45.5815],[-118.03827,45.58177],[-118.03827,45.58204],[-118.03904,45.58204],[-118.03904,45.58258],[-118.03866,45.58258],[-118.03866,45.58285],[-118.03789,45.58312],[-118.03789,45.58339],[-118.03712,45.58339],[-118.03712,45.58366],[-118.03673,45.58366],[-118.03673,45.58393],[-118.03596,45.58393],[-118.03596,45.5842],[-118.03558,45.5842],[-118.03558,45.58474],[-118.03596,45.58474],[-118.03596,45.58501],[-118.0375,45.58474],[-118.0375,45.58528],[-118.03789,45.58528],[-118.03789,45.58554],[-118.03904,45.58554],[-118.03904,45.58581],[-118.03943,45.58581],[-118.03943,45.58635],[-118.03981,45.58635],[-118.03981,45.58689],[-118.0402,45.58689],[-118.0402,45.5877],[-118.04058,45.5877],[-118.04058,45.58824],[-118.04097,45.58824],[-118.04097,45.58905],[-118.04174,45.58932],[-118.04174,45.58986],[-118.04212,45.58986],[-118.04212,45.5904],[-118.04289,45.59066],[-118.04289,45.5912],[-118.04328,45.5912],[-118.04328,45.59147],[-118.04405,45.59174],[-118.04405,45.59201],[-118.04482,45.59201],[-118.04482,45.59147],[-118.0452,45.59147],[-118.0452,45.59174],[-118.04597,45.59174],[-118.04597,45.59147],[-118.04713,45.59147],[-118.04713,45.5912],[-118.0479,45.5912],[-118.0479,45.59147],[-118.04867,45.59174],[-118.04867,45.59228],[-118.04905,45.59228],[-118.04905,45.59255],[-118.04867,45.59255],[-118.04867,45.59336],[-118.04828,45.59336],[-118.04828,45.5939],[-118.0479,45.5939],[-118.0479,45.59498],[-118.04751,45.59498],[-118.04751,45.59552],[-118.04828,45.59579],[-118.04828,45.59659],[-118.0479,45.59659],[-118.0479,45.5974],[-118.04828,45.5974],[-118.04828,45.59767],[-118.04905,45.59767],[-118.04905,45.5974],[-118.04944,45.5974],[-118.04944,45.59767],[-118.04982,45.59767],[-118.04982,45.5974],[-118.05059,45.5974],[-118.05059,45.59767],[-118.05098,45.59767],[-118.05098,45.59794],[-118.05059,45.59794],[-118.05059,45.59821],[-118.05021,45.59821],[-118.05021,45.59848],[-118.04982,45.59848],[-118.04982,45.59929],[-118.05059,45.59929],[-118.05059,45.59956],[-118.05213,45.59983],[-118.05213,45.6001],[-118.05406,45.6001],[-118.05406,45.60064],[-118.05367,45.60064],[-118.05367,45.60118],[-118.05483,45.60118],[-118.05483,45.60144],[-118.0556,45.60171],[-118.0556,45.60306],[-118.05521,45.60306],[-118.05521,45.6036],[-118.0529,45.6036],[-118.0529,45.60306],[-118.05252,45.60306],[-118.05252,45.60279],[-118.05175,45.60279],[-118.05175,45.60252],[-118.05098,45.60252],[-118.05098,45.60225],[-118.05059,45.60225],[-118.05059,45.60198],[-118.05021,45.60198],[-118.05021,45.60144],[-118.04982,45.60144],[-118.04982,45.60118],[-118.04944,45.60118],[-118.04944,45.60064],[-118.04905,45.60064],[-118.04905,45.59956],[-118.04751,45.59929],[-118.04751,45.59902],[-118.04713,45.59902],[-118.04713,45.59875],[-118.04636,45.59848],[-118.04636,45.59821],[-118.04597,45.59821],[-118.04597,45.59794],[-118.04559,45.59794],[-118.04559,45.59848],[-118.0452,45.59848],[-118.0452,45.59902],[-118.04559,45.59902],[-118.04559,45.60037],[-118.04443,45.60037],[-118.04443,45.60064],[-118.04366,45.60064],[-118.04366,45.60091],[-118.0452,45.60091],[-118.0452,45.60064],[-118.04713,45.60064],[-118.04713,45.60118],[-118.04674,45.60118],[-118.04674,45.60144],[-118.04636,45.60144],[-118.04636,45.60171],[-118.04559,45.60171],[-118.04559,45.60225],[-118.04674,45.60225],[-118.04674,45.60306],[-118.04636,45.60306],[-118.04636,45.60333],[-118.04597,45.60333],[-118.04597,45.6036],[-118.04482,45.6036],[-118.04482,45.60333],[-118.04328,45.60306],[-118.04328,45.60279],[-118.04289,45.60279],[-118.04289,45.60252],[-118.04212,45.60225],[-118.04212,45.60198],[-118.04135,45.60198],[-118.04135,45.60225],[-118.04097,45.60225],[-118.04097,45.60252],[-118.04135,45.60252],[-118.04135,45.60306],[-118.04174,45.60306],[-118.04174,45.60333],[-118.04212,45.60333],[-118.04212,45.6036],[-118.04174,45.6036],[-118.04174,45.60387],[-118.04135,45.60387],[-118.04135,45.60414],[-118.04097,45.60414],[-118.04097,45.60468],[-118.03866,45.60468],[-118.03866,45.60441],[-118.03827,45.60441],[-118.03827,45.60414],[-118.03981,45.60387],[-118.03981,45.6036],[-118.04097,45.6036],[-118.04097,45.60279],[-118.04058,45.60279],[-118.04058,45.60252],[-118.0402,45.60252],[-118.0402,45.60279],[-118.03943,45.60279],[-118.03943,45.60306],[-118.03866,45.60306],[-118.03866,45.60333]],[[-118.03173,45.60171],[-118.03173,45.60144],[-118.03134,45.60144],[-118.03134,45.60171],[-118.03173,45.60171]],[[-118.03134,45.60118],[-118.03096,45.60118],[-118.03096,45.60144],[-118.03134,45.60144],[-118.03134,45.60118]],[[-118.0402,45.60225],[-118.03981,45.60225],[-118.03981,45.60252],[-118.0402,45.60252],[-118.0402,45.60225]],[[-118.04443,45.59525],[-118.04405,45.59525],[-118.04405,45.59498],[-118.04289,45.59498],[-118.04289,45.59525],[-118.04328,45.59525],[-118.04328,45.59552],[-118.04366,45.59552],[-118.04366,45.59579],[-118.04405,45.59579],[-118.04405,45.59605],[-118.0452,45.59605],[-118.0452,45.59579],[-118.04443,45.59552],[-118.04443,45.59525]],[[-118.02403,45.58581],[-118.02364,45.58581],[-118.02364,45.58608],[-118.02403,45.58608],[-118.02403,45.58581]],[[-118.0221,45.58554],[-118.02171,45.58554],[-118.02171,45.58581],[-118.0221,45.58581],[-118.0221,45.58554]],[[-118.01786,45.58554],[-118.01748,45.58554],[-118.01748,45.58581],[-118.01786,45.58581],[-118.01786,45.58554]],[[-118.01709,45.58528],[-118.01671,45.58528],[-118.01671,45.58554],[-118.01709,45.58554],[-118.01709,45.58528]],[[-118.01748,45.58474],[-118.01709,45.58474],[-118.01709,45.58501],[-118.01748,45.58501],[-118.01748,45.58474]],[[-118.02403,45.58285],[-118.02364,45.58285],[-118.02364,45.58312],[-118.02403,45.58312],[-118.02403,45.58285]],[[-118.01401,45.58285],[-118.01363,45.58285],[-118.01363,45.58312],[-118.01401,45.58312],[-118.01401,45.58285]],[[-118.02441,45.58231],[-118.02403,45.58231],[-118.02403,45.58258],[-118.02441,45.58258],[-118.02441,45.58231]],[[-118.01363,45.58177],[-118.01324,45.58177],[-118.01324,45.58258],[-118.01363,45.58258],[-118.01363,45.58177]],[[-118.02326,45.58123],[-118.02287,45.58123],[-118.02287,45.5815],[-118.02326,45.5815],[-118.02326,45.58123]],[[-118.01478,45.58096],[-118.0144,45.58096],[-118.0144,45.58123],[-118.01478,45.58123],[-118.01478,45.58096]],[[-118.01401,45.57881],[-118.01363,45.57881],[-118.01363,45.57935],[-118.01401,45.57935],[-118.01401,45.57881]],[[-118.02056,45.57854],[-118.02017,45.57854],[-118.02017,45.57881],[-118.02056,45.57881],[-118.02056,45.57854]],[[-118.0194,45.57827],[-118.01902,45.57827],[-118.01902,45.57854],[-118.0194,45.57854],[-118.0194,45.57827]],[[-118.0144,45.57827],[-118.01401,45.57827],[-118.01401,45.57854],[-118.0144,45.57854],[-118.0144,45.57827]],[[-118.01825,45.57773],[-118.01786,45.57773],[-118.01786,45.578],[-118.01825,45.578],[-118.01825,45.57773]],[[-118.01709,45.57746],[-118.01671,45.57746],[-118.01671,45.57773],[-118.01709,45.57773],[-118.01709,45.57746]],[[-118.03712,45.57638],[-118.03635,45.57638],[-118.03635,45.57665],[-118.03712,45.57665],[-118.03712,45.57638]],[[-117.99861,45.57153],[-117.99592,45.57153],[-117.99592,45.57126],[-117.99515,45.57126],[-117.99515,45.57153],[-117.99553,45.57153],[-117.99553,45.5718],[-117.9963,45.5718],[-117.9963,45.57207],[-117.99669,45.57207],[-117.99669,45.57234],[-117.99784,45.57234],[-117.99784,45.57207],[-117.99861,45.5718],[-117.99861,45.57153]],[[-117.99245,45.57153],[-117.99322,45.57153],[-117.99322,45.57126],[-117.99284,45.57126],[-117.99284,45.57045],[-117.99245,45.57045],[-117.99245,45.57153]],[[-118.01902,45.56991],[-118.01863,45.56991],[-118.01863,45.56964],[-118.01786,45.56964],[-118.01786,45.56937],[-118.01748,45.56937],[-118.01748,45.56991],[-118.01786,45.56991],[-118.01786,45.57018],[-118.01863,45.57045],[-118.01863,45.57072],[-118.01902,45.57072],[-118.01902,45.57126],[-118.01979,45.57126],[-118.01979,45.57072],[-118.0194,45.57072],[-118.0194,45.57018],[-118.01902,45.57018],[-118.01902,45.56991]],[[-118.01247,45.57045],[-118.0117,45.57045],[-118.0117,45.57099],[-118.01247,45.57099],[-118.01247,45.57045]],[[-118.01902,45.5683],[-118.01863,45.5683],[-118.01863,45.56884],[-118.01902,45.56884],[-118.01902,45.5683]],[[-117.999,45.56884],[-117.99977,45.56884],[-117.99977,45.5683],[-117.99861,45.5683],[-117.99861,45.56857],[-117.999,45.56857],[-117.999,45.56884]]],[[[-118.0452,45.58878],[-118.0452,45.58824],[-118.04482,45.58824],[-118.04482,45.5877],[-118.04443,45.5877],[-118.04443,45.58743],[-118.04366,45.58743],[-118.04366,45.58716],[-118.04328,45.58716],[-118.04328,45.58689],[-118.04289,45.58689],[-118.04289,45.58608],[-118.04366,45.58608],[-118.04366,45.58581],[-118.04443,45.58554],[-118.04443,45.58528],[-118.04597,45.58528],[-118.04597,45.58662],[-118.04636,45.58662],[-118.04636,45.58689],[-118.04674,45.58689],[-118.04674,45.58716],[-118.04713,45.58716],[-118.04713,45.58743],[-118.04751,45.58743],[-118.04751,45.58797],[-118.0479,45.58797],[-118.0479,45.58851],[-118.04751,45.58851],[-118.04751,45.58905],[-118.04713,45.58905],[-118.04713,45.58932],[-118.04636,45.58932],[-118.04636,45.58905],[-118.04559,45.58905],[-118.04559,45.58878],[-118.0452,45.58878]],[[-118.04597,45.5877],[-118.04559,45.5877],[-118.04559,45.58797],[-118.04597,45.58797],[-118.04597,45.5877]]],[[[-117.999,45.59013],[-117.999,45.58986],[-117.99938,45.58986],[-117.99938,45.59013],[-117.999,45.59013]]],[[[-118.04828,45.59066],[-118.04828,45.5904],[-118.04867,45.5904],[-118.04867,45.59066],[-118.04828,45.59066]]],[[[-118.04443,45.5912],[-118.04482,45.5912],[-118.04482,45.59147],[-118.04443,45.59147],[-118.04443,45.5912]]],[[[-117.99823,45.59282],[-117.99784,45.59282],[-117.99784,45.59255],[-117.99707,45.59255],[-117.99707,45.59228],[-117.9963,45.59228],[-117.9963,45.59201],[-117.99592,45.59201],[-117.99592,45.59174],[-117.99669,45.59174],[-117.99669,45.59201],[-117.99823,45.59201],[-117.99823,45.59228],[-117.99861,45.59228],[-117.99861,45.59255],[-118.00015,45.59255],[-118.00015,45.59363],[-117.99977,45.59363],[-117.99977,45.5939],[-117.99938,45.5939],[-117.99938,45.59417],[-117.999,45.59417],[-117.999,45.5939],[-117.99823,45.59363],[-117.99823,45.59282]]],[[[-117.99669,45.59309],[-117.99669,45.59282],[-117.99707,45.59282],[-117.99707,45.59309],[-117.99669,45.59309]]],[[[-118.00323,45.59336],[-118.00323,45.59363],[-118.00285,45.59363],[-118.00285,45.5939],[-118.00246,45.5939],[-118.00246,45.59498],[-118.00169,45.59498],[-118.00169,45.59444],[-118.00208,45.59444],[-118.00208,45.59336],[-118.00323,45.59336]]],[[[-118.004,45.59471],[-118.00439,45.59471],[-118.00439,45.59498],[-118.004,45.59498],[-118.004,45.59471]]],[[[-118.00285,45.59498],[-118.004,45.59498],[-118.004,45.59525],[-118.00285,45.59525],[-118.00285,45.59498]]],[[[-118.01709,45.60118],[-118.01632,45.60118],[-118.01632,45.60091],[-118.01709,45.60064],[-118.01709,45.60118]]],[[[-118.02441,45.60306],[-118.0248,45.60306],[-118.0248,45.60333],[-118.02441,45.60333],[-118.02441,45.6036],[-118.02364,45.6036],[-118.02364,45.60306],[-118.02326,45.60306],[-118.02326,45.60252],[-118.02364,45.60252],[-118.02364,45.60279],[-118.02441,45.60279],[-118.02441,45.60306]]],[[[-118.02326,45.6036],[-118.02287,45.6036],[-118.02287,45.60306],[-118.02326,45.60306],[-118.02326,45.6036]]],[[[-118.04212,45.60387],[-118.04212,45.6036],[-118.04251,45.6036],[-118.04251,45.60387],[-118.04212,45.60387]]],[[[-118.04713,45.60387],[-118.04751,45.60387],[-118.04751,45.60414],[-118.04713,45.60414],[-118.04713,45.60387]]],[[[-118.04212,45.60495],[-118.04097,45.60495],[-118.04097,45.60468],[-118.04174,45.60468],[-118.04174,45.60441],[-118.04212,45.60441],[-118.04212,45.60495]]],[[[-117.99553,45.56614],[-117.99553,45.56587],[-117.99515,45.56587],[-117.99515,45.56533],[-117.99553,45.56533],[-117.99553,45.56506],[-117.99592,45.56506],[-117.99592,45.5656],[-117.99669,45.5656],[-117.99669,45.56668],[-117.9963,45.56668],[-117.9963,45.56641],[-117.99592,45.56641],[-117.99592,45.56614],[-117.99553,45.56614]]],[[[-117.98783,45.5718],[-117.98783,45.57153],[-117.98822,45.57153],[-117.98822,45.5718],[-117.98783,45.5718]]],[[[-117.98745,45.57342],[-117.98783,45.57342],[-117.98783,45.57369],[-117.98745,45.57369],[-117.98745,45.57342]]],[[[-117.98745,45.57396],[-117.98706,45.57396],[-117.98706,45.57369],[-117.98745,45.57369],[-117.98745,45.57396]]],[[[-117.98706,45.57503],[-117.98745,45.57503],[-117.98745,45.57557],[-117.98706,45.57557],[-117.98706,45.57503]]],[[[-117.98706,45.57584],[-117.98668,45.57584],[-117.98668,45.57557],[-117.98706,45.57557],[-117.98706,45.57584]]],[[[-117.99168,45.57611],[-117.99168,45.57638],[-117.9913,45.57638],[-117.9913,45.57584],[-117.99207,45.57584],[-117.99207,45.57611],[-117.99168,45.57611]]],[[[-117.98552,45.57638],[-117.98591,45.57638],[-117.98591,45.57665],[-117.98552,45.57665],[-117.98552,45.57638]]],[[[-117.98629,45.57692],[-117.98668,45.57692],[-117.98668,45.57719],[-117.98629,45.57719],[-117.98629,45.57692]]],[[[-117.98629,45.57962],[-117.98629,45.57935],[-117.98668,45.57935],[-117.98668,45.57962],[-117.98629,45.57962]]],[[[-117.98706,45.57962],[-117.98706,45.58015],[-117.98668,45.58015],[-117.98668,45.57962],[-117.98706,45.57962]]],[[[-117.99553,45.58069],[-117.99553,45.57989],[-117.99592,45.57989],[-117.99592,45.58069],[-117.99553,45.58069]]],[[[-117.98552,45.58042],[-117.98437,45.58042],[-117.98437,45.58015],[-117.98514,45.58015],[-117.98514,45.57962],[-117.98552,45.57962],[-117.98552,45.57989],[-117.98591,45.57989],[-117.98591,45.58015],[-117.98668,45.58015],[-117.98668,45.58042],[-117.98591,45.58069],[-117.98591,45.58123],[-117.98552,45.58123],[-117.98552,45.58042]]],[[[-117.98706,45.58069],[-117.98668,45.58069],[-117.98668,45.58042],[-117.98706,45.58042],[-117.98706,45.58069]]],[[[-117.98706,45.58096],[-117.98745,45.58096],[-117.98745,45.58123],[-117.98706,45.58123],[-117.98706,45.58096]]],[[[-117.98706,45.5815],[-117.98668,45.5815],[-117.98668,45.58123],[-117.98706,45.58123],[-117.98706,45.5815]]],[[[-117.98822,45.58285],[-117.98899,45.58312],[-117.98899,45.58366],[-117.98822,45.58339],[-117.98822,45.58312],[-117.98706,45.58312],[-117.98706,45.58285],[-117.98745,45.58285],[-117.98745,45.58258],[-117.98822,45.58258],[-117.98822,45.58285]]],[[[-117.98899,45.58366],[-117.98937,45.58366],[-117.98937,45.58393],[-117.98899,45.58393],[-117.98899,45.58366]]],[[[-117.99707,45.58932],[-117.99861,45.58959],[-117.99861,45.58986],[-117.99823,45.58986],[-117.99823,45.59013],[-117.99861,45.59013],[-117.99861,45.5904],[-117.999,45.5904],[-117.999,45.59066],[-117.99938,45.59066],[-117.99938,45.59013],[-117.99977,45.59013],[-117.99977,45.5912],[-118.00054,45.5912],[-118.00054,45.59147],[-118.00169,45.59147],[-118.00169,45.59174],[-118.00208,45.59174],[-118.00208,45.59201],[-118.00131,45.59201],[-118.00131,45.59228],[-117.99977,45.59228],[-117.99977,45.59201],[-117.999,45.59174],[-117.999,45.59147],[-117.99823,45.59147],[-117.99823,45.5912],[-117.99861,45.5912],[-117.99861,45.59093],[-117.99823,45.59093],[-117.99823,45.5904],[-117.99746,45.5904],[-117.99746,45.59013],[-117.99707,45.59013],[-117.99707,45.58959],[-117.9963,45.58959],[-117.9963,45.59066],[-117.99592,45.59066],[-117.99592,45.59174],[-117.99515,45.59201],[-117.99515,45.5912],[-117.99476,45.5912],[-117.99476,45.59093],[-117.99438,45.59093],[-117.99438,45.59066],[-117.99399,45.59066],[-117.99399,45.5904],[-117.99361,45.5904],[-117.99361,45.59013],[-117.99322,45.59013],[-117.99322,45.58986],[-117.99284,45.58986],[-117.99284,45.58959],[-117.99245,45.58959],[-117.99245,45.58932],[-117.99207,45.58932],[-117.99207,45.58878],[-117.99168,45.58878],[-117.99168,45.58851],[-117.99091,45.58824],[-117.99091,45.58797],[-117.99053,45.58797],[-117.99053,45.58743],[-117.98976,45.58716],[-117.98976,45.58689],[-117.98899,45.58689],[-117.98899,45.58662],[-117.98822,45.58635],[-117.98822,45.58581],[-117.98745,45.58554],[-117.98745,45.58501],[-117.98706,45.58501],[-117.98706,45.58447],[-117.98668,45.58447],[-117.98668,45.58312],[-117.98706,45.58312],[-117.98706,45.58366],[-117.98783,45.58366],[-117.98783,45.58393],[-117.9886,45.5842],[-117.9886,45.58447],[-117.98937,45.58447],[-117.98937,45.5842],[-117.98976,45.5842],[-117.98976,45.58474],[-117.99053,45.58501],[-117.99053,45.58581],[-117.99091,45.58581],[-117.99091,45.58608],[-117.99245,45.58608],[-117.99245,45.58635],[-117.99284,45.58635],[-117.99284,45.58662],[-117.99322,45.58662],[-117.99322,45.58689],[-117.99361,45.58689],[-117.99361,45.58716],[-117.99515,45.58716],[-117.99515,45.58743],[-117.99553,45.58743],[-117.99553,45.5877],[-117.99592,45.5877],[-117.99592,45.58824],[-117.99669,45.58851],[-117.99669,45.58905],[-117.99707,45.58905],[-117.99707,45.58932]],[[-117.99399,45.59013],[-117.99399,45.58986],[-117.99361,45.58986],[-117.99361,45.59013],[-117.99399,45.59013]],[[-117.98822,45.58554],[-117.98822,45.58501],[-117.98783,45.58501],[-117.98783,45.58554],[-117.98822,45.58554]],[[-117.99553,45.58824],[-117.99553,45.58797],[-117.99476,45.5877],[-117.99476,45.58743],[-117.99399,45.58743],[-117.99399,45.58797],[-117.99476,45.58797],[-117.99476,45.58824],[-117.99515,45.58824],[-117.99515,45.58851],[-117.99592,45.58851],[-117.99592,45.58824],[-117.99553,45.58824]],[[-117.99207,45.58662],[-117.99207,45.58635],[-117.99168,45.58635],[-117.99168,45.58662],[-117.99091,45.58689],[-117.99091,45.58743],[-117.9913,45.58743],[-117.9913,45.5877],[-117.99245,45.5877],[-117.99245,45.58743],[-117.99284,45.58743],[-117.99284,45.58716],[-117.99245,45.58716],[-117.99245,45.58662],[-117.99207,45.58662]],[[-117.98937,45.58608],[-117.98937,45.58635],[-117.98976,45.58635],[-117.98976,45.58608],[-117.98937,45.58608]],[[-117.98899,45.58528],[-117.98899,45.58554],[-117.98937,45.58554],[-117.98937,45.58528],[-117.98899,45.58528]]]]},"properties":{"layer":"predicted_reach_h14","fire_name":"Middle_Ridge","irwin_id":"{2088689D-42B8-4A31-85B6-2CADB59BA127}","model":"arrival_run","checkpoint_epoch":216,"decode":"connected_causal","operating_point":{"floor":0.0,"mult":0.9},"val_precision":null,"val_recall":null,"model_caveat":"arrival_run chosen for best RECALL among the six FlameFlux v3 candidates on the production-valid t0-window corpus (R=0.624 on the fc2 held-out fires, R=0.432 on Dillon -- see candidate_comparison.md from the 2026-07-24 comparison). It does NOT meet the project's P>=0.50/R>=0.80 target: precision is the WORST of the six (P=0.120 on fc2 -- most flagged growth is wrong), and wind_run actually edges it on F1. IMPORTANT CAVEAT: arrival_run trained on the leaky 'observed' corpus (crop centered/sized on t0|t1, i.e. it saw the future perimeter's geometry during training) and has NEVER seen a t0-window crop -- the ONLY geometry this live pipeline can ever produce at forecast time (the future perimeter is, by definition, unknown). So every live prediction from this model is out-of-distribution relative to its own training. The measured t0-window numbers above already reflect that (they are not a surprise), but this is 'best available', not 'production-ready' -- represent it that way. The operating_point (floor=0.0, mult=0.9) is the VAL-selected connected-causal decode point; it did NOT clear the 0.50 precision floor during selection (feasible=False, val P=0.270/R=0.259) -- it's the best-F1 fallback point, not a precision-guaranteed one.","issued_at_utc":"2026-08-23 20:05:07.672141+00:00","valid_from_utc":"2026-08-23 00:00:00","valid_to_utc":"2026-08-24 00:00:00","wfigs_date_current_utc":"2026-08-23 16:41:28.079000+00:00","pixel_size_m":30,"veg_source":"refreshed_d4","physics_source":"eikonal_fbfm40","history_n_dates":1,"degraded_history":true,"containment_pct":0.0,"acres_wfigs":138.34560634370422,"hour":14,"valid_at_utc":"2026-08-23 14:00:00"}},{"type":"Feature","geometry":{"type":"MultiPolygon","coordinates":[[[[-117.99707,45.56587],[-117.99707,45.5656],[-117.99746,45.5656],[-117.99746,45.56587],[-117.99707,45.56587]]],[[[-117.99553,45.56641],[-117.99553,45.56614],[-117.99476,45.56587],[-117.99476,45.56533],[-117.99515,45.56533],[-117.99515,45.56506],[-117.99592,45.56506],[-117.99592,45.56533],[-117.99669,45.5656],[-117.99669,45.56614],[-117.99707,45.56614],[-117.99707,45.56668],[-117.99669,45.56668],[-117.99669,45.56695],[-117.9963,45.56695],[-117.9963,45.56668],[-117.99592,45.56668],[-117.99592,45.56641],[-117.99553,45.56641]]],[[[-118.02942,45.57045],[-118.02942,45.57018],[-118.03057,45.57018],[-118.03057,45.57045],[-118.02942,45.57045]]],[[[-118.03635,45.60387],[-118.03635,45.60441],[-118.03596,45.60441],[-118.03596,45.60468],[-118.03635,45.60468],[-118.03635,45.60495],[-118.03558,45.60495],[-118.03558,45.60522],[-118.03519,45.60522],[-118.03519,45.60549],[-118.03442,45.60549],[-118.03442,45.60522],[-118.03481,45.60522],[-118.03481,45.60333],[-118.03365,45.60333],[-118.03365,45.6036],[-118.03211,45.60387],[-118.03211,45.60333],[-118.03173,45.60333],[-118.03173,45.60225],[-118.03134,45.60225],[-118.03134,45.60198],[-118.03096,45.60198],[-118.03096,45.60171],[-118.03057,45.60171],[-118.03057,45.60144],[-118.03019,45.60144],[-118.03019,45.60118],[-118.02942,45.60118],[-118.02942,45.60091],[-118.02903,45.60091],[-118.02903,45.60064],[-118.02865,45.60064],[-118.02865,45.60037],[-118.02826,45.60037],[-118.02826,45.6001],[-118.02749,45.6001],[-118.02749,45.59983],[-118.02711,45.59983],[-118.02711,45.59956],[-118.02672,45.59956],[-118.02672,45.59929],[-118.02557,45.59929],[-118.02557,45.59956],[-118.0248,45.59956],[-118.0248,45.59929],[-118.02441,45.59929],[-118.02441,45.59902],[-118.02403,45.59902],[-118.02403,45.59875],[-118.02364,45.59875],[-118.02364,45.59848],[-118.02171,45.59848],[-118.02171,45.59875],[-118.02133,45.59875],[-118.02133,45.59929],[-118.02171,45.59929],[-118.02171,45.59983],[-118.0221,45.59983],[-118.0221,45.60037],[-118.02249,45.60037],[-118.02249,45.60091],[-118.0221,45.60091],[-118.0221,45.60118],[-118.02133,45.60118],[-118.02133,45.60144],[-118.02056,45.60171],[-118.02056,45.60225],[-118.02017,45.60225],[-118.02017,45.60252],[-118.0194,45.60225],[-118.0194,45.60279],[-118.01786,45.60252],[-118.01786,45.60198],[-118.01863,45.60198],[-118.01863,45.60171],[-118.01902,45.60171],[-118.01902,45.60118],[-118.0194,45.60118],[-118.0194,45.60091],[-118.01979,45.60091],[-118.01979,45.60064],[-118.02017,45.60064],[-118.02017,45.60037],[-118.02056,45.60037],[-118.02056,45.6001],[-118.0194,45.6001],[-118.0194,45.60037],[-118.01902,45.60037],[-118.01902,45.60064],[-118.01863,45.60064],[-118.01863,45.60091],[-118.01825,45.60091],[-118.01825,45.60118],[-118.01748,45.60118],[-118.01748,45.60064],[-118.01709,45.60064],[-118.01709,45.6001],[-118.01671,45.6001],[-118.01671,45.60037],[-118.01632,45.60037],[-118.01632,45.60064],[-118.01594,45.60064],[-118.01594,45.60037],[-118.01555,45.60037],[-118.01555,45.59848],[-118.01363,45.59848],[-118.01363,45.59821],[-118.01324,45.59821],[-118.01324,45.5974],[-118.01247,45.5974],[-118.01247,45.59713],[-118.0117,45.59686],[-118.0117,45.59579],[-118.01132,45.59579],[-118.01132,45.59525],[-118.01093,45.59525],[-118.01093,45.59498],[-118.01016,45.59471],[-118.01016,45.59444],[-118.00978,45.59444],[-118.00978,45.59417],[-118.00939,45.59417],[-118.00939,45.5939],[-118.00901,45.5939],[-118.00901,45.59363],[-118.00747,45.59336],[-118.00747,45.59309],[-118.00708,45.59309],[-118.00708,45.59282],[-118.0067,45.59282],[-118.0067,45.59255],[-118.00631,45.59255],[-118.00631,45.59228],[-118.00477,45.59201],[-118.00477,45.59147],[-118.00439,45.59147],[-118.00439,45.5912],[-118.00362,45.5912],[-118.00362,45.59093],[-118.00285,45.59066],[-118.00285,45.5904],[-118.00246,45.5904],[-118.00246,45.59013],[-118.00208,45.59013],[-118.00208,45.58986],[-118.00169,45.58986],[-118.00169,45.58959],[-118.00131,45.58959],[-118.00131,45.58932],[-118.00092,45.58932],[-118.00092,45.58905],[-118.00054,45.58905],[-118.00054,45.58878],[-117.99977,45.58878],[-117.99977,45.58851],[-117.99938,45.58851],[-117.99938,45.58824],[-117.99861,45.58824],[-117.99861,45.58797],[-117.99784,45.58797],[-117.99784,45.58743],[-117.99746,45.58743],[-117.99746,45.58689],[-117.99669,45.58689],[-117.99669,45.58662],[-117.99592,45.58635],[-117.99592,45.58581],[-117.99515,45.58554],[-117.99515,45.58528],[-117.99361,45.58501],[-117.99361,45.58474],[-117.99322,45.58474],[-117.99322,45.58447],[-117.99284,45.58447],[-117.99284,45.5842],[-117.99245,45.5842],[-117.99245,45.58393],[-117.99207,45.58393],[-117.99207,45.58366],[-117.99168,45.58366],[-117.99168,45.58339],[-117.9913,45.58339],[-117.9913,45.58312],[-117.99091,45.58312],[-117.99091,45.58258],[-117.99053,45.58258],[-117.99053,45.58177],[-117.98976,45.58177],[-117.98976,45.5815],[-117.98937,45.5815],[-117.98937,45.58042],[-117.9886,45.58015],[-117.9886,45.57935],[-117.98822,45.57935],[-117.98822,45.57854],[-117.98783,45.57854],[-117.98783,45.57773],[-117.98822,45.57773],[-117.98822,45.5745],[-117.9886,45.5745],[-117.9886,45.57369],[-117.98899,45.57369],[-117.98899,45.57315],[-117.99014,45.57315],[-117.99014,45.57584],[-117.98976,45.57584],[-117.98976,45.57692],[-117.99053,45.57719],[-117.99053,45.57773],[-117.99091,45.57773],[-117.99091,45.578],[-117.99207,45.578],[-117.99207,45.57827],[-117.99399,45.57827],[-117.99399,45.57854],[-117.99438,45.57854],[-117.99438,45.57908],[-117.99476,45.57908],[-117.99476,45.57989],[-117.99438,45.57989],[-117.99438,45.58015],[-117.99361,45.58015],[-117.99361,45.58042],[-117.99284,45.58069],[-117.99284,45.58123],[-117.99322,45.58123],[-117.99322,45.58177],[-117.99361,45.58177],[-117.99361,45.58204],[-117.99438,45.58204],[-117.99438,45.58231],[-117.99515,45.58258],[-117.99515,45.58312],[-117.99669,45.58312],[-117.99669,45.58339],[-117.99823,45.58339],[-117.99823,45.58312],[-117.99938,45.58312],[-117.99938,45.58339],[-118.00054,45.58339],[-118.00054,45.58366],[-118.00131,45.58366],[-118.00131,45.58393],[-118.00169,45.58393],[-118.00169,45.5842],[-118.00323,45.5842],[-118.00323,45.58393],[-118.004,45.58366],[-118.004,45.58339],[-118.00285,45.58339],[-118.00285,45.58312],[-118.00169,45.58312],[-118.00169,45.58285],[-118.00092,45.58285],[-118.00092,45.58231],[-118.00054,45.58231],[-118.00054,45.58204],[-118.00015,45.58204],[-118.00015,45.58177],[-117.99977,45.58177],[-117.99977,45.58042],[-117.99938,45.58042],[-117.99938,45.57989],[-117.99977,45.57989],[-117.99977,45.57962],[-117.99938,45.57962],[-117.99938,45.57908],[-117.999,45.57908],[-117.999,45.57881],[-117.99823,45.57881],[-117.99823,45.57854],[-117.99784,45.57854],[-117.99784,45.57827],[-117.99707,45.57827],[-117.99707,45.578],[-117.99476,45.57773],[-117.99476,45.57746],[-117.99399,45.57719],[-117.99399,45.57611],[-117.99361,45.57611],[-117.99361,45.57584],[-117.99322,45.57584],[-117.99322,45.57557],[-117.99284,45.57557],[-117.99284,45.57503],[-117.99245,45.57503],[-117.99245,45.57476],[-117.99207,45.57476],[-117.99207,45.57396],[-117.99168,45.57396],[-117.99168,45.57342],[-117.9913,45.57342],[-117.9913,45.57261],[-117.99091,45.57261],[-117.99091,45.57207],[-117.98937,45.57207],[-117.98937,45.57153],[-117.99014,45.5718],[-117.99014,45.57126],[-117.99053,45.57126],[-117.99053,45.57045],[-117.99014,45.57045],[-117.99014,45.56937],[-117.99091,45.56911],[-117.99091,45.56937],[-117.99245,45.56937],[-117.99245,45.56964],[-117.99284,45.56964],[-117.99284,45.56991],[-117.99361,45.56991],[-117.99361,45.56857],[-117.9913,45.56857],[-117.9913,45.5683],[-117.99014,45.5683],[-117.99014,45.56803],[-117.99091,45.56803],[-117.99091,45.56722],[-117.98937,45.56668],[-117.98937,45.56587],[-117.98899,45.56587],[-117.98899,45.5656],[-117.99014,45.5656],[-117.99014,45.56587],[-117.99091,45.56587],[-117.99091,45.56533],[-117.99168,45.56506],[-117.99168,45.56533],[-117.99245,45.5656],[-117.99245,45.56614],[-117.99284,45.56614],[-117.99284,45.56668],[-117.99322,45.56668],[-117.99322,45.56695],[-117.99553,45.56722],[-117.99553,45.56749],[-117.99592,45.56749],[-117.99592,45.56803],[-117.9963,45.56803],[-117.9963,45.56776],[-117.99669,45.56776],[-117.99669,45.56749],[-117.99784,45.56749],[-117.99784,45.56722],[-117.99823,45.56722],[-117.99823,45.56695],[-117.99938,45.56695],[-117.99938,45.56722],[-118.00015,45.56722],[-118.00015,45.56695],[-118.00054,45.56695],[-118.00054,45.56641],[-118.00015,45.56641],[-118.00015,45.56479],[-118.00092,45.56479],[-118.00092,45.56506],[-118.00131,45.56506],[-118.00131,45.5656],[-118.00208,45.56587],[-118.00208,45.56614],[-118.00131,45.56614],[-118.00131,45.56695],[-118.00208,45.56695],[-118.00208,45.56641],[-118.00323,45.56641],[-118.00323,45.56668],[-118.004,45.56695],[-118.004,45.56641],[-118.00323,45.56614],[-118.00323,45.56452],[-118.00362,45.56452],[-118.00362,45.56506],[-118.00439,45.56506],[-118.00439,45.56425],[-118.00593,45.56425],[-118.00593,45.56479],[-118.0067,45.56506],[-118.0067,45.5656],[-118.00708,45.5656],[-118.00708,45.56641],[-118.00747,45.56641],[-118.00747,45.56722],[-118.00785,45.56722],[-118.00785,45.56749],[-118.00862,45.56749],[-118.00862,45.56722],[-118.00901,45.56722],[-118.00901,45.56695],[-118.00978,45.56695],[-118.00978,45.56722],[-118.01055,45.56749],[-118.01055,45.56803],[-118.01093,45.56803],[-118.01093,45.56776],[-118.01132,45.56776],[-118.01132,45.56749],[-118.01209,45.56749],[-118.01209,45.56776],[-118.01286,45.56776],[-118.01286,45.56803],[-118.01324,45.56803],[-118.01324,45.5683],[-118.0144,45.5683],[-118.0144,45.56803],[-118.01517,45.56776],[-118.01517,45.56749],[-118.01594,45.56749],[-118.01594,45.56776],[-118.01671,45.56803],[-118.01671,45.5683],[-118.01825,45.5683],[-118.01825,45.56803],[-118.01863,45.56803],[-118.01863,45.56749],[-118.0194,45.56749],[-118.0194,45.56776],[-118.01979,45.56776],[-118.01979,45.56803],[-118.02056,45.56803],[-118.02056,45.5683],[-118.02171,45.5683],[-118.02171,45.56857],[-118.02249,45.56857],[-118.02249,45.56884],[-118.02287,45.56884],[-118.02287,45.56857],[-118.02441,45.56857],[-118.02441,45.56884],[-118.0248,45.56884],[-118.0248,45.56857],[-118.02634,45.56857],[-118.02634,45.56884],[-118.02672,45.56884],[-118.02672,45.56937],[-118.02711,45.56937],[-118.02711,45.57072],[-118.02749,45.57072],[-118.02749,45.57099],[-118.02826,45.57099],[-118.02826,45.57072],[-118.02865,45.57072],[-118.02865,45.57261],[-118.02903,45.57261],[-118.02903,45.57288],[-118.0298,45.57288],[-118.0298,45.57261],[-118.03057,45.57234],[-118.03057,45.57261],[-118.03096,45.57261],[-118.03096,45.57288],[-118.03173,45.57288],[-118.03173,45.57315],[-118.0325,45.57342],[-118.0325,45.57369],[-118.03596,45.57369],[-118.03596,45.57396],[-118.03558,45.57396],[-118.03558,45.57423],[-118.03481,45.57423],[-118.03481,45.5745],[-118.03442,45.5745],[-118.03442,45.57476],[-118.03365,45.57476],[-118.03365,45.57503],[-118.03327,45.57503],[-118.03327,45.5753],[-118.03096,45.5753],[-118.03096,45.57557],[-118.03019,45.57584],[-118.03019,45.57611],[-118.03057,45.57611],[-118.03057,45.57638],[-118.03134,45.57638],[-118.03134,45.57665],[-118.03211,45.57665],[-118.03211,45.57692],[-118.0325,45.57692],[-118.0325,45.57665],[-118.03327,45.57665],[-118.03327,45.57638],[-118.03519,45.57638],[-118.03519,45.57611],[-118.03827,45.57611],[-118.03827,45.57638],[-118.03789,45.57638],[-118.03789,45.57665],[-118.0402,45.57665],[-118.0402,45.57692],[-118.04058,45.57692],[-118.04058,45.57719],[-118.04174,45.57719],[-118.04174,45.57746],[-118.04135,45.57746],[-118.04135,45.57773],[-118.04212,45.57773],[-118.04212,45.57827],[-118.04289,45.57827],[-118.04289,45.57881],[-118.04328,45.57881],[-118.04328,45.57989],[-118.04405,45.57989],[-118.04405,45.57962],[-118.04443,45.57962],[-118.04443,45.58042],[-118.04366,45.58042],[-118.04366,45.58069],[-118.04328,45.58069],[-118.04328,45.5815],[-118.04405,45.58177],[-118.04405,45.58231],[-118.04443,45.58231],[-118.04443,45.58258],[-118.04482,45.58258],[-118.04482,45.58285],[-118.0452,45.58285],[-118.0452,45.58366],[-118.04559,45.58366],[-118.04559,45.58447],[-118.04482,45.58474],[-118.04482,45.58528],[-118.04597,45.58528],[-118.04597,45.58554],[-118.04636,45.58554],[-118.04636,45.58662],[-118.04674,45.58662],[-118.04674,45.58689],[-118.04713,45.58689],[-118.04713,45.58743],[-118.0479,45.5877],[-118.0479,45.58878],[-118.04751,45.58878],[-118.04751,45.58905],[-118.04713,45.58905],[-118.04713,45.58932],[-118.04597,45.58932],[-118.04597,45.58905],[-118.04559,45.58905],[-118.04559,45.58878],[-118.0452,45.58878],[-118.0452,45.58851],[-118.04482,45.58851],[-118.04482,45.58797],[-118.04443,45.58797],[-118.04443,45.5877],[-118.04405,45.5877],[-118.04405,45.58743],[-118.04328,45.58743],[-118.04328,45.58716],[-118.04289,45.58716],[-118.04289,45.58662],[-118.04251,45.58662],[-118.04251,45.58635],[-118.04289,45.58635],[-118.04289,45.58608],[-118.04366,45.58581],[-118.04366,45.58554],[-118.04289,45.58554],[-118.04289,45.58528],[-118.04251,45.58528],[-118.04251,45.58474],[-118.04212,45.58474],[-118.04212,45.58447],[-118.04135,45.58447],[-118.04135,45.58474],[-118.04097,45.58474],[-118.04097,45.58339],[-118.04058,45.58339],[-118.04058,45.58285],[-118.0402,45.58285],[-118.0402,45.58231],[-118.03943,45.58231],[-118.03943,45.5815],[-118.03866,45.58123],[-118.03866,45.58069],[-118.03789,45.58069],[-118.03789,45.58042],[-118.03712,45.58042],[-118.03712,45.58096],[-118.03789,45.58096],[-118.03789,45.5815],[-118.03827,45.5815],[-118.03827,45.58177],[-118.03904,45.58177],[-118.03904,45.58285],[-118.03827,45.58285],[-118.03827,45.58312],[-118.03789,45.58312],[-118.03789,45.58339],[-118.0375,45.58339],[-118.0375,45.58366],[-118.03673,45.58366],[-118.03673,45.58393],[-118.03596,45.5842],[-118.03596,45.58474],[-118.0375,45.58474],[-118.0375,45.58501],[-118.03827,45.58528],[-118.03827,45.58554],[-118.03943,45.58554],[-118.03943,45.58608],[-118.03981,45.58608],[-118.03981,45.58689],[-118.0402,45.58689],[-118.0402,45.58743],[-118.04058,45.58743],[-118.04058,45.58797],[-118.04097,45.58797],[-118.04097,45.58878],[-118.04135,45.58878],[-118.04135,45.58932],[-118.04212,45.58959],[-118.04212,45.59013],[-118.04289,45.5904],[-118.04289,45.59093],[-118.04328,45.59093],[-118.04328,45.59147],[-118.04405,45.59147],[-118.04405,45.5912],[-118.0452,45.5912],[-118.0452,45.59147],[-118.04597,45.59174],[-118.04597,45.5912],[-118.04751,45.5912],[-118.04751,45.59093],[-118.0479,45.59093],[-118.0479,45.5912],[-118.04828,45.5912],[-118.04828,45.59147],[-118.04867,45.59147],[-118.04867,45.59174],[-118.04905,45.59174],[-118.04905,45.59282],[-118.04867,45.59282],[-118.04867,45.59336],[-118.04828,45.59336],[-118.04828,45.59417],[-118.0479,45.59417],[-118.0479,45.59498],[-118.04751,45.59498],[-118.04751,45.59552],[-118.04828,45.59579],[-118.04828,45.59686],[-118.0479,45.59686],[-118.0479,45.59713],[-118.04828,45.59713],[-118.04828,45.5974],[-118.05098,45.5974],[-118.05098,45.59794],[-118.05021,45.59821],[-118.05021,45.59875],[-118.04982,45.59875],[-118.04982,45.59929],[-118.05098,45.59929],[-118.05098,45.59956],[-118.05175,45.59956],[-118.05175,45.59983],[-118.05213,45.59983],[-118.05213,45.6001],[-118.05406,45.6001],[-118.05406,45.59983],[-118.05444,45.59983],[-118.05444,45.60037],[-118.05367,45.60064],[-118.05367,45.60118],[-118.05521,45.60118],[-118.05521,45.60144],[-118.0556,45.60144],[-118.0556,45.60333],[-118.05521,45.60333],[-118.05521,45.6036],[-118.05483,45.6036],[-118.05483,45.60387],[-118.05329,45.60387],[-118.05329,45.6036],[-118.05252,45.60333],[-118.05252,45.60279],[-118.05175,45.60279],[-118.05175,45.60252],[-118.05059,45.60252],[-118.05059,45.60225],[-118.05021,45.60225],[-118.05021,45.60144],[-118.04982,45.60144],[-118.04982,45.60118],[-118.04905,45.60118],[-118.04905,45.59983],[-118.04867,45.59983],[-118.04867,45.59956],[-118.0479,45.59956],[-118.0479,45.59929],[-118.04751,45.59929],[-118.04751,45.59902],[-118.04674,45.59902],[-118.04674,45.59875],[-118.04636,45.59875],[-118.04636,45.59848],[-118.04559,45.59848],[-118.04559,45.59875],[-118.0452,45.59875],[-118.0452,45.59902],[-118.04559,45.59902],[-118.04559,45.59983],[-118.04597,45.59983],[-118.04597,45.6001],[-118.04559,45.6001],[-118.04559,45.60037],[-118.04597,45.60037],[-118.04597,45.60064],[-118.04636,45.60064],[-118.04636,45.60037],[-118.04713,45.60037],[-118.04713,45.60064],[-118.04751,45.60064],[-118.04751,45.60091],[-118.04674,45.60118],[-118.04674,45.60198],[-118.04713,45.60198],[-118.04713,45.60279],[-118.04674,45.60279],[-118.04674,45.60333],[-118.04636,45.60333],[-118.04636,45.6036],[-118.04443,45.6036],[-118.04443,45.60333],[-118.04366,45.60333],[-118.04366,45.60306],[-118.04328,45.60306],[-118.04328,45.60279],[-118.04289,45.60279],[-118.04289,45.60252],[-118.04251,45.60252],[-118.04251,45.60225],[-118.04174,45.60225],[-118.04174,45.60198],[-118.04135,45.60198],[-118.04135,45.60279],[-118.04174,45.60279],[-118.04174,45.60333],[-118.04212,45.60333],[-118.04212,45.6036],[-118.04174,45.6036],[-118.04174,45.60387],[-118.04135,45.60387],[-118.04135,45.60414],[-118.04097,45.60414],[-118.04097,45.60468],[-118.04174,45.60468],[-118.04174,45.60441],[-118.04212,45.60441],[-118.04212,45.60522],[-118.04174,45.60522],[-118.04174,45.60495],[-118.04058,45.60495],[-118.04058,45.60468],[-118.03943,45.60468],[-118.03943,45.60495],[-118.03866,45.60495],[-118.03866,45.60468],[-118.03789,45.60441],[-118.03789,45.60414],[-118.03712,45.60414],[-118.03712,45.60441],[-118.03673,45.60441],[-118.03673,45.60387],[-118.03635,45.60387]],[[-118.00978,45.56803],[-118.00978,45.5683],[-118.00939,45.5683],[-118.00939,45.56857],[-118.01016,45.56857],[-118.01016,45.5683],[-118.01055,45.5683],[-118.01055,45.56803],[-118.00978,45.56803]],[[-118.04405,45.59174],[-118.04443,45.59174],[-118.04443,45.59147],[-118.04405,45.59147],[-118.04405,45.59174]],[[-118.03904,45.60414],[-118.03904,45.60387],[-118.03981,45.60387],[-118.03981,45.6036],[-118.04097,45.6036],[-118.04097,45.60279],[-118.0402,45.60252],[-118.0402,45.60279],[-118.03943,45.60279],[-118.03943,45.60306],[-118.03866,45.60306],[-118.03866,45.60333],[-118.03789,45.6036],[-118.03789,45.60414],[-118.03904,45.60414]],[[-118.0402,45.60225],[-118.03981,45.60225],[-118.03981,45.60252],[-118.0402,45.60252],[-118.0402,45.60225]],[[-118.03134,45.60171],[-118.03173,45.60171],[-118.03173,45.60144],[-118.03134,45.60144],[-118.03134,45.60171]],[[-118.03134,45.60118],[-118.03096,45.60118],[-118.03096,45.60144],[-118.03134,45.60144],[-118.03134,45.60118]],[[-118.04405,45.59525],[-118.04328,45.59525],[-118.04328,45.59552],[-118.04405,45.59552],[-118.04405,45.59525]],[[-118.02403,45.58581],[-118.02364,45.58581],[-118.02364,45.58608],[-118.02403,45.58608],[-118.02403,45.58581]],[[-118.0221,45.58554],[-118.02171,45.58554],[-118.02171,45.58581],[-118.0221,45.58581],[-118.0221,45.58554]],[[-118.01786,45.58554],[-118.01748,45.58554],[-118.01748,45.58581],[-118.01786,45.58581],[-118.01786,45.58554]],[[-118.01709,45.58528],[-118.01671,45.58528],[-118.01671,45.58554],[-118.01709,45.58554],[-118.01709,45.58528]],[[-118.01748,45.58474],[-118.01709,45.58474],[-118.01709,45.58501],[-118.01748,45.58501],[-118.01748,45.58474]],[[-118.02403,45.58285],[-118.02364,45.58285],[-118.02364,45.58312],[-118.02403,45.58312],[-118.02403,45.58285]],[[-118.01401,45.58285],[-118.01363,45.58285],[-118.01363,45.58312],[-118.01401,45.58312],[-118.01401,45.58285]],[[-118.02441,45.58231],[-118.02403,45.58231],[-118.02403,45.58258],[-118.02441,45.58258],[-118.02441,45.58231]],[[-118.01363,45.58177],[-118.01324,45.58177],[-118.01324,45.58258],[-118.01363,45.58258],[-118.01363,45.58177]],[[-118.02326,45.58123],[-118.02287,45.58123],[-118.02287,45.5815],[-118.02326,45.5815],[-118.02326,45.58123]],[[-118.01478,45.58096],[-118.0144,45.58096],[-118.0144,45.58123],[-118.01478,45.58123],[-118.01478,45.58096]],[[-118.01401,45.57881],[-118.01363,45.57881],[-118.01363,45.57935],[-118.01401,45.57935],[-118.01401,45.57881]],[[-118.02056,45.57854],[-118.02017,45.57854],[-118.02017,45.57881],[-118.02056,45.57881],[-118.02056,45.57854]],[[-118.0194,45.57827],[-118.01902,45.57827],[-118.01902,45.57854],[-118.0194,45.57854],[-118.0194,45.57827]],[[-118.0144,45.57827],[-118.01401,45.57827],[-118.01401,45.57854],[-118.0144,45.57854],[-118.0144,45.57827]],[[-118.01825,45.57773],[-118.01786,45.57773],[-118.01786,45.578],[-118.01825,45.578],[-118.01825,45.57773]],[[-118.01709,45.57746],[-118.01671,45.57746],[-118.01671,45.57773],[-118.01709,45.57773],[-118.01709,45.57746]],[[-118.03712,45.57638],[-118.03635,45.57638],[-118.03635,45.57665],[-118.03712,45.57665],[-118.03712,45.57638]],[[-117.9963,45.57207],[-117.99823,45.57207],[-117.99823,45.57153],[-117.99592,45.57153],[-117.99592,45.5718],[-117.9963,45.5718],[-117.9963,45.57207]],[[-117.99245,45.57153],[-117.99322,45.57153],[-117.99322,45.57126],[-117.99284,45.57126],[-117.99284,45.57045],[-117.99245,45.57045],[-117.99245,45.57153]],[[-118.01902,45.57099],[-118.0194,45.57099],[-118.0194,45.57045],[-118.01902,45.57045],[-118.01902,45.56991],[-118.01825,45.56991],[-118.01825,45.57018],[-118.01863,45.57018],[-118.01863,45.57072],[-118.01902,45.57072],[-118.01902,45.57099]],[[-118.01825,45.56964],[-118.01786,45.56964],[-118.01786,45.56991],[-118.01825,45.56991],[-118.01825,45.56964]],[[-118.01786,45.56937],[-118.01748,45.56937],[-118.01748,45.56964],[-118.01786,45.56964],[-118.01786,45.56937]],[[-118.01902,45.5683],[-118.01863,45.5683],[-118.01863,45.56884],[-118.01902,45.56884],[-118.01902,45.5683]]],[[[-117.999,45.59013],[-117.999,45.58986],[-117.99938,45.58986],[-117.99938,45.59013],[-117.999,45.59013]]],[[[-118.04867,45.5904],[-118.04867,45.59093],[-118.0479,45.59093],[-118.0479,45.59066],[-118.04867,45.5904]]],[[[-118.00246,45.59255],[-118.00246,45.59228],[-118.00285,45.59228],[-118.00285,45.59255],[-118.00246,45.59255]]],[[[-117.99592,45.59255],[-117.9963,45.59255],[-117.9963,45.59282],[-117.99592,45.59282],[-117.99592,45.59255]]],[[[-117.99707,45.59309],[-117.9963,45.59309],[-117.9963,45.59282],[-117.99707,45.59282],[-117.99707,45.59309]]],[[[-117.99746,45.5939],[-117.99746,45.59363],[-117.99784,45.59363],[-117.99784,45.5939],[-117.99746,45.5939]]],[[[-118.00246,45.59336],[-118.00246,45.59309],[-118.00323,45.59309],[-118.00323,45.59363],[-118.00246,45.5939],[-118.00246,45.59498],[-118.00169,45.59498],[-118.00169,45.5939],[-118.00208,45.5939],[-118.00208,45.59336],[-118.00246,45.59336]]],[[[-118.00477,45.59444],[-118.00477,45.59417],[-118.00516,45.59417],[-118.00516,45.59444],[-118.00477,45.59444]]],[[[-118.004,45.59498],[-118.004,45.59471],[-118.00439,45.59471],[-118.00439,45.59498],[-118.004,45.59498]]],[[[-118.00246,45.59525],[-118.00246,45.59498],[-118.004,45.59498],[-118.004,45.59525],[-118.00246,45.59525]]],[[[-118.01709,45.60064],[-118.01709,45.60118],[-118.01632,45.60118],[-118.01632,45.60091],[-118.01709,45.60064]]],[[[-118.0248,45.60333],[-118.02441,45.60333],[-118.02441,45.6036],[-118.02364,45.6036],[-118.02364,45.60306],[-118.02326,45.60306],[-118.02326,45.60252],[-118.02441,45.60252],[-118.02441,45.60279],[-118.0248,45.60279],[-118.0248,45.60333]]],[[[-118.02287,45.60306],[-118.02326,45.60306],[-118.02326,45.6036],[-118.02287,45.6036],[-118.02287,45.60306]]],[[[-118.04212,45.6036],[-118.04251,45.6036],[-118.04251,45.60387],[-118.04212,45.60387],[-118.04212,45.6036]]],[[[-118.0479,45.6036],[-118.0479,45.60414],[-118.04713,45.60441],[-118.04713,45.60387],[-118.0479,45.6036]]],[[[-117.98822,45.57099],[-117.98822,45.57018],[-117.9886,45.57018],[-117.9886,45.57099],[-117.98822,45.57099]]],[[[-117.98706,45.57072],[-117.98706,45.57045],[-117.98745,45.57045],[-117.98745,45.57072],[-117.98706,45.57072]]],[[[-117.98783,45.5718],[-117.98783,45.57153],[-117.98822,45.57153],[-117.98822,45.5718],[-117.98783,45.5718]]],[[[-117.98783,45.57342],[-117.98783,45.57396],[-117.98706,45.57423],[-117.98706,45.57369],[-117.98783,45.57342]]],[[[-117.98745,45.5753],[-117.98745,45.57557],[-117.98706,45.57557],[-117.98706,45.57476],[-117.98783,45.57476],[-117.98783,45.5753],[-117.98745,45.5753]]],[[[-117.98668,45.57584],[-117.98668,45.57557],[-117.98706,45.57557],[-117.98706,45.57584],[-117.98668,45.57584]]],[[[-117.99207,45.57638],[-117.99091,45.57638],[-117.99091,45.57611],[-117.9913,45.57611],[-117.9913,45.57584],[-117.99207,45.57584],[-117.99207,45.57638]]],[[[-117.98629,45.57638],[-117.98668,45.57638],[-117.98668,45.57665],[-117.98629,45.57665],[-117.98629,45.57638]]],[[[-117.98552,45.57665],[-117.98552,45.57638],[-117.98591,45.57638],[-117.98591,45.57665],[-117.98552,45.57665]]],[[[-117.98629,45.57746],[-117.98629,45.57692],[-117.98668,45.57692],[-117.98668,45.57746],[-117.98629,45.57746]]],[[[-117.98629,45.57962],[-117.98629,45.57935],[-117.98668,45.57935],[-117.98668,45.57962],[-117.98629,45.57962]]],[[[-117.99515,45.57989],[-117.9963,45.57989],[-117.9963,45.58069],[-117.99515,45.58069],[-117.99515,45.57989]]],[[[-117.98437,45.58042],[-117.98398,45.58042],[-117.98398,45.58015],[-117.98475,45.57989],[-117.98475,45.57962],[-117.98514,45.57962],[-117.98514,45.57935],[-117.98552,45.57935],[-117.98552,45.57989],[-117.98591,45.57989],[-117.98591,45.58015],[-117.98668,45.58015],[-117.98668,45.57962],[-117.98706,45.57962],[-117.98706,45.58069],[-117.98629,45.58042],[-117.98629,45.58069],[-117.98591,45.58069],[-117.98591,45.58123],[-117.98552,45.58123],[-117.98552,45.58096],[-117.98514,45.58096],[-117.98514,45.58069],[-117.98437,45.58069],[-117.98437,45.58042]]],[[[-117.98706,45.58096],[-117.98745,45.58096],[-117.98745,45.58123],[-117.98706,45.58123],[-117.98706,45.58096]]],[[[-117.98706,45.5815],[-117.98629,45.5815],[-117.98629,45.58123],[-117.98706,45.58123],[-117.98706,45.5815]]],[[[-117.98937,45.58366],[-117.98937,45.58393],[-117.98899,45.58393],[-117.98899,45.58366],[-117.98937,45.58366]]],[[[-117.99707,45.58932],[-117.99784,45.58932],[-117.99784,45.58959],[-117.999,45.58959],[-117.999,45.58986],[-117.99823,45.58986],[-117.99823,45.59013],[-117.99861,45.59013],[-117.99861,45.5904],[-117.999,45.5904],[-117.999,45.59066],[-117.99938,45.59066],[-117.99938,45.59013],[-117.99977,45.59013],[-117.99977,45.59066],[-118.00015,45.59066],[-118.00015,45.5912],[-118.00169,45.59147],[-118.00169,45.59174],[-118.00246,45.59201],[-118.00246,45.59228],[-118.00054,45.59228],[-118.00054,45.59309],[-118.00015,45.59309],[-118.00015,45.59363],[-117.99977,45.59363],[-117.99977,45.59417],[-117.999,45.59417],[-117.999,45.5939],[-117.99823,45.59363],[-117.99823,45.59282],[-117.99784,45.59282],[-117.99784,45.59255],[-117.9963,45.59228],[-117.9963,45.59201],[-117.99592,45.59201],[-117.99592,45.59174],[-117.99515,45.59201],[-117.99515,45.5912],[-117.99438,45.59093],[-117.99438,45.59066],[-117.99399,45.59066],[-117.99399,45.5904],[-117.99322,45.59013],[-117.99322,45.58986],[-117.99245,45.58959],[-117.99245,45.58932],[-117.99168,45.58905],[-117.99168,45.58851],[-117.9913,45.58851],[-117.9913,45.58824],[-117.99091,45.58824],[-117.99091,45.58797],[-117.99053,45.58797],[-117.99053,45.5877],[-117.99014,45.5877],[-117.99014,45.58743],[-117.98976,45.58743],[-117.98976,45.58716],[-117.98937,45.58716],[-117.98937,45.58689],[-117.98899,45.58689],[-117.98899,45.58662],[-117.9886,45.58662],[-117.9886,45.58635],[-117.98822,45.58635],[-117.98822,45.58608],[-117.98783,45.58608],[-117.98783,45.58581],[-117.98745,45.58581],[-117.98745,45.58501],[-117.98706,45.58501],[-117.98706,45.58447],[-117.98629,45.58447],[-117.98629,45.58366],[-117.98668,45.58366],[-117.98668,45.58285],[-117.98745,45.58285],[-117.98745,45.58258],[-117.9886,45.58258],[-117.9886,45.58312],[-117.98899,45.58312],[-117.98899,45.58366],[-117.98822,45.58339],[-117.98822,45.58312],[-117.98706,45.58312],[-117.98706,45.58366],[-117.98783,45.58366],[-117.98783,45.58393],[-117.9886,45.5842],[-117.9886,45.58447],[-117.98937,45.58447],[-117.98937,45.5842],[-117.98976,45.5842],[-117.98976,45.58474],[-117.99053,45.58474],[-117.99053,45.58501],[-117.99091,45.58501],[-117.99091,45.58528],[-117.99053,45.58528],[-117.99053,45.58554],[-117.99091,45.58554],[-117.99091,45.58581],[-117.9913,45.58581],[-117.9913,45.58608],[-117.99245,45.58608],[-117.99245,45.58635],[-117.99322,45.58662],[-117.99322,45.58689],[-117.99399,45.58689],[-117.99399,45.58716],[-117.99515,45.58716],[-117.99515,45.58743],[-117.99553,45.58743],[-117.99553,45.5877],[-117.99592,45.5877],[-117.99592,45.58824],[-117.99669,45.58851],[-117.99669,45.58905],[-117.99707,45.58905],[-117.99707,45.58932]],[[-117.99399,45.59013],[-117.99399,45.58986],[-117.99361,45.58986],[-117.99361,45.59013],[-117.99399,45.59013]],[[-117.99553,45.58824],[-117.99553,45.58797],[-117.99476,45.5877],[-117.99476,45.58743],[-117.99399,45.58743],[-117.99399,45.58797],[-117.99476,45.58797],[-117.99476,45.58824],[-117.99515,45.58824],[-117.99515,45.58851],[-117.99592,45.58851],[-117.99592,45.58824],[-117.99553,45.58824]],[[-117.99784,45.59066],[-117.99784,45.5904],[-117.99707,45.59013],[-117.99707,45.58986],[-117.9963,45.58986],[-117.9963,45.59093],[-117.99592,45.59093],[-117.99592,45.59147],[-117.9963,45.59147],[-117.9963,45.59174],[-117.99669,45.59174],[-117.99669,45.59201],[-117.99861,45.59201],[-117.99861,45.59228],[-117.999,45.59228],[-117.999,45.59255],[-117.99977,45.59255],[-117.99977,45.59201],[-117.99823,45.59174],[-117.99823,45.59066],[-117.99784,45.59066]],[[-117.99207,45.58662],[-117.99207,45.58635],[-117.99168,45.58635],[-117.99168,45.58662],[-117.99091,45.58689],[-117.99091,45.58743],[-117.9913,45.58743],[-117.9913,45.5877],[-117.99245,45.5877],[-117.99245,45.58743],[-117.99284,45.58743],[-117.99284,45.58716],[-117.99245,45.58716],[-117.99245,45.58662],[-117.99207,45.58662]],[[-117.98937,45.58608],[-117.98937,45.58635],[-117.98976,45.58635],[-117.98976,45.58608],[-117.98937,45.58608]],[[-117.98783,45.58501],[-117.98783,45.58554],[-117.98822,45.58554],[-117.98822,45.58501],[-117.98783,45.58501]]],[[[-117.99553,45.59228],[-117.99592,45.59228],[-117.99592,45.59255],[-117.99553,45.59255],[-117.99553,45.59228]]]]},"properties":{"layer":"predicted_reach_h15","fire_name":"Middle_Ridge","irwin_id":"{2088689D-42B8-4A31-85B6-2CADB59BA127}","model":"arrival_run","checkpoint_epoch":216,"decode":"connected_causal","operating_point":{"floor":0.0,"mult":0.9},"val_precision":null,"val_recall":null,"model_caveat":"arrival_run chosen for best RECALL among the six FlameFlux v3 candidates on the production-valid t0-window corpus (R=0.624 on the fc2 held-out fires, R=0.432 on Dillon -- see candidate_comparison.md from the 2026-07-24 comparison). It does NOT meet the project's P>=0.50/R>=0.80 target: precision is the WORST of the six (P=0.120 on fc2 -- most flagged growth is wrong), and wind_run actually edges it on F1. IMPORTANT CAVEAT: arrival_run trained on the leaky 'observed' corpus (crop centered/sized on t0|t1, i.e. it saw the future perimeter's geometry during training) and has NEVER seen a t0-window crop -- the ONLY geometry this live pipeline can ever produce at forecast time (the future perimeter is, by definition, unknown). So every live prediction from this model is out-of-distribution relative to its own training. The measured t0-window numbers above already reflect that (they are not a surprise), but this is 'best available', not 'production-ready' -- represent it that way. The operating_point (floor=0.0, mult=0.9) is the VAL-selected connected-causal decode point; it did NOT clear the 0.50 precision floor during selection (feasible=False, val P=0.270/R=0.259) -- it's the best-F1 fallback point, not a precision-guaranteed one.","issued_at_utc":"2026-08-23 20:05:07.672141+00:00","valid_from_utc":"2026-08-23 00:00:00","valid_to_utc":"2026-08-24 00:00:00","wfigs_date_current_utc":"2026-08-23 16:41:28.079000+00:00","pixel_size_m":30,"veg_source":"refreshed_d4","physics_source":"eikonal_fbfm40","history_n_dates":1,"degraded_history":true,"containment_pct":0.0,"acres_wfigs":138.34560634370422,"hour":15,"valid_at_utc":"2026-08-23 15:00:00"}},{"type":"Feature","geometry":{"type":"MultiPolygon","coordinates":[[[[-118.0298,45.57045],[-118.0298,45.57072],[-118.02942,45.57072],[-118.02942,45.56991],[-118.03057,45.56991],[-118.03057,45.57045],[-118.0298,45.57045]]],[[[-118.03635,45.60387],[-118.03635,45.60441],[-118.03596,45.60441],[-118.03596,45.60468],[-118.03635,45.60468],[-118.03635,45.60522],[-118.03558,45.60495],[-118.03558,45.60549],[-118.03404,45.60549],[-118.03404,45.60522],[-118.03442,45.60522],[-118.03442,45.60468],[-118.03481,45.60468],[-118.03481,45.6036],[-118.03442,45.6036],[-118.03442,45.60333],[-118.03404,45.60333],[-118.03404,45.6036],[-118.03327,45.6036],[-118.03327,45.60387],[-118.03211,45.60387],[-118.03211,45.6036],[-118.03173,45.6036],[-118.03173,45.60225],[-118.03134,45.60225],[-118.03134,45.60198],[-118.03057,45.60171],[-118.03057,45.60144],[-118.0298,45.60144],[-118.0298,45.60118],[-118.02942,45.60118],[-118.02942,45.60091],[-118.02865,45.60091],[-118.02865,45.60064],[-118.02788,45.60037],[-118.02788,45.6001],[-118.02711,45.6001],[-118.02711,45.59983],[-118.02672,45.59983],[-118.02672,45.59956],[-118.02441,45.59956],[-118.02441,45.59902],[-118.02403,45.59902],[-118.02403,45.59875],[-118.02326,45.59875],[-118.02326,45.59848],[-118.0221,45.59848],[-118.0221,45.59875],[-118.02171,45.59875],[-118.02171,45.59902],[-118.02133,45.59902],[-118.02133,45.59929],[-118.0221,45.59956],[-118.0221,45.6001],[-118.02249,45.6001],[-118.02249,45.60118],[-118.02171,45.60118],[-118.02171,45.60144],[-118.02133,45.60144],[-118.02133,45.60171],[-118.02094,45.60171],[-118.02094,45.60198],[-118.02056,45.60198],[-118.02056,45.60225],[-118.02017,45.60225],[-118.02017,45.60252],[-118.0194,45.60225],[-118.0194,45.60279],[-118.01786,45.60252],[-118.01786,45.60198],[-118.01863,45.60198],[-118.01863,45.60171],[-118.01902,45.60171],[-118.01902,45.60118],[-118.0194,45.60118],[-118.0194,45.60091],[-118.01979,45.60091],[-118.01979,45.60064],[-118.02017,45.60064],[-118.02017,45.60037],[-118.02056,45.60037],[-118.02056,45.6001],[-118.0194,45.6001],[-118.0194,45.60037],[-118.01902,45.60037],[-118.01902,45.60064],[-118.01863,45.60064],[-118.01863,45.60091],[-118.01825,45.60091],[-118.01825,45.60118],[-118.01748,45.60118],[-118.01748,45.60064],[-118.01709,45.60064],[-118.01709,45.6001],[-118.01671,45.6001],[-118.01671,45.60037],[-118.01632,45.60037],[-118.01632,45.60064],[-118.01594,45.60064],[-118.01594,45.60037],[-118.01555,45.60037],[-118.01555,45.59848],[-118.01363,45.59848],[-118.01363,45.59821],[-118.01324,45.59821],[-118.01324,45.5974],[-118.01247,45.5974],[-118.01247,45.59713],[-118.0117,45.59686],[-118.0117,45.59579],[-118.01132,45.59579],[-118.01132,45.59525],[-118.01055,45.59525],[-118.01055,45.59471],[-118.01016,45.59471],[-118.01016,45.59444],[-118.00939,45.59417],[-118.00939,45.5939],[-118.00785,45.59363],[-118.00785,45.59336],[-118.00747,45.59336],[-118.00747,45.59309],[-118.00708,45.59309],[-118.00708,45.59282],[-118.0067,45.59282],[-118.0067,45.59255],[-118.00593,45.59255],[-118.00593,45.59228],[-118.00554,45.59228],[-118.00554,45.59201],[-118.00477,45.59201],[-118.00477,45.59174],[-118.00439,45.59174],[-118.00439,45.59147],[-118.004,45.59147],[-118.004,45.5912],[-118.00362,45.5912],[-118.00362,45.59093],[-118.00285,45.59093],[-118.00285,45.5904],[-118.00246,45.5904],[-118.00246,45.59013],[-118.00169,45.59013],[-118.00169,45.58959],[-118.00131,45.58959],[-118.00131,45.58932],[-118.00054,45.58932],[-118.00054,45.58905],[-118.00015,45.58905],[-118.00015,45.58878],[-117.99977,45.58878],[-117.99977,45.58851],[-117.99938,45.58851],[-117.99938,45.58824],[-117.99823,45.58824],[-117.99823,45.58797],[-117.99784,45.58797],[-117.99784,45.58743],[-117.99707,45.58716],[-117.99707,45.58689],[-117.9963,45.58689],[-117.9963,45.58662],[-117.99592,45.58662],[-117.99592,45.58608],[-117.99553,45.58608],[-117.99553,45.58554],[-117.99515,45.58554],[-117.99515,45.58528],[-117.99438,45.58528],[-117.99438,45.58501],[-117.99361,45.58501],[-117.99361,45.58474],[-117.99284,45.58474],[-117.99284,45.58447],[-117.99245,45.58447],[-117.99245,45.58393],[-117.99168,45.58393],[-117.99168,45.58366],[-117.9913,45.58366],[-117.9913,45.58312],[-117.99053,45.58285],[-117.99053,45.58231],[-117.99014,45.58231],[-117.99014,45.58204],[-117.98976,45.58204],[-117.98976,45.58177],[-117.98937,45.58177],[-117.98937,45.58123],[-117.98899,45.58123],[-117.98899,45.58015],[-117.98822,45.57989],[-117.98822,45.57881],[-117.98783,45.57881],[-117.98783,45.57665],[-117.98822,45.57665],[-117.98822,45.5745],[-117.9886,45.5745],[-117.9886,45.57369],[-117.98899,45.57369],[-117.98899,45.57315],[-117.98937,45.57315],[-117.98937,45.57288],[-117.99014,45.57315],[-117.99014,45.57638],[-117.98976,45.57638],[-117.98976,45.57665],[-117.99053,45.57692],[-117.99053,45.57746],[-117.99091,45.57746],[-117.99091,45.57773],[-117.99168,45.57773],[-117.99168,45.578],[-117.99245,45.578],[-117.99245,45.57827],[-117.99399,45.578],[-117.99399,45.57854],[-117.99438,45.57854],[-117.99438,45.57881],[-117.99476,45.57881],[-117.99476,45.57908],[-117.99515,45.57908],[-117.99515,45.57989],[-117.99553,45.57989],[-117.99553,45.57962],[-117.9963,45.57989],[-117.9963,45.58069],[-117.99592,45.58069],[-117.99592,45.58096],[-117.99553,45.58096],[-117.99553,45.58069],[-117.99476,45.58042],[-117.99476,45.58015],[-117.99322,45.58042],[-117.99322,45.5815],[-117.99361,45.5815],[-117.99361,45.58177],[-117.99438,45.58204],[-117.99438,45.58231],[-117.99476,45.58231],[-117.99476,45.58258],[-117.99553,45.58285],[-117.99553,45.58312],[-118.00054,45.58312],[-118.00054,45.58339],[-118.00131,45.58339],[-118.00131,45.58366],[-118.00169,45.58366],[-118.00169,45.58393],[-118.00246,45.58393],[-118.00246,45.5842],[-118.00323,45.58393],[-118.00323,45.58339],[-118.00246,45.58339],[-118.00246,45.58312],[-118.00092,45.58312],[-118.00092,45.58258],[-118.00054,45.58258],[-118.00054,45.58231],[-117.99977,45.58204],[-117.99977,45.58177],[-117.999,45.58177],[-117.999,45.5815],[-117.99938,45.5815],[-117.99938,45.58096],[-117.99977,45.58096],[-117.99977,45.58069],[-117.99938,45.58069],[-117.99938,45.57908],[-117.99784,45.57881],[-117.99784,45.57854],[-117.99746,45.57854],[-117.99746,45.57827],[-117.99669,45.57827],[-117.99669,45.578],[-117.99515,45.578],[-117.99515,45.57773],[-117.99438,45.57773],[-117.99438,45.57746],[-117.99399,45.57746],[-117.99399,45.57638],[-117.99361,45.57638],[-117.99361,45.57584],[-117.99284,45.57584],[-117.99284,45.5753],[-117.99245,45.5753],[-117.99245,45.57476],[-117.99207,45.57476],[-117.99207,45.57396],[-117.99168,45.57396],[-117.99168,45.57342],[-117.9913,45.57342],[-117.9913,45.57261],[-117.99091,45.57261],[-117.99091,45.57207],[-117.98937,45.57234],[-117.98937,45.57153],[-117.99014,45.5718],[-117.99014,45.57099],[-117.99053,45.57099],[-117.99053,45.57045],[-117.99014,45.57045],[-117.99014,45.56991],[-117.98976,45.56991],[-117.98976,45.56937],[-117.99014,45.56937],[-117.99014,45.56911],[-117.99168,45.56911],[-117.99168,45.56937],[-117.99245,45.56937],[-117.99245,45.56964],[-117.99284,45.56964],[-117.99284,45.56991],[-117.99322,45.56991],[-117.99322,45.56964],[-117.99361,45.56964],[-117.99361,45.56937],[-117.99322,45.56937],[-117.99322,45.56857],[-117.99168,45.56857],[-117.99168,45.56884],[-117.9913,45.56884],[-117.9913,45.56857],[-117.98976,45.56857],[-117.98976,45.5683],[-117.99053,45.56803],[-117.99053,45.56722],[-117.99014,45.56722],[-117.99014,45.56695],[-117.98937,45.56695],[-117.98937,45.56614],[-117.98899,45.56614],[-117.98899,45.5656],[-117.98937,45.5656],[-117.98937,45.56533],[-117.98976,45.56533],[-117.98976,45.5656],[-117.99053,45.5656],[-117.99053,45.56479],[-117.99168,45.56479],[-117.99168,45.56506],[-117.99207,45.56506],[-117.99207,45.56533],[-117.99245,45.56533],[-117.99245,45.56587],[-117.99284,45.56587],[-117.99284,45.56641],[-117.99322,45.56641],[-117.99322,45.56668],[-117.99361,45.56668],[-117.99361,45.56695],[-117.99476,45.56695],[-117.99476,45.56722],[-117.99553,45.56722],[-117.99553,45.56749],[-117.99746,45.56749],[-117.99746,45.56722],[-117.99784,45.56722],[-117.99784,45.56695],[-118.00015,45.56695],[-118.00015,45.56506],[-117.99977,45.56506],[-117.99977,45.56479],[-118.00015,45.56479],[-118.00015,45.56452],[-118.00054,45.56452],[-118.00054,45.56479],[-118.00131,45.56479],[-118.00131,45.56533],[-118.00169,45.56533],[-118.00169,45.5656],[-118.00208,45.5656],[-118.00208,45.56587],[-118.00285,45.56587],[-118.00285,45.56641],[-118.00323,45.56641],[-118.00323,45.5656],[-118.00285,45.5656],[-118.00285,45.56479],[-118.00323,45.56479],[-118.00323,45.56452],[-118.00362,45.56452],[-118.00362,45.56506],[-118.00439,45.56506],[-118.00439,45.56425],[-118.00631,45.56425],[-118.00631,45.56479],[-118.0067,45.56479],[-118.0067,45.56533],[-118.00708,45.56533],[-118.00708,45.56641],[-118.00747,45.56641],[-118.00747,45.56722],[-118.00785,45.56722],[-118.00785,45.56749],[-118.00862,45.56749],[-118.00862,45.56695],[-118.01016,45.56695],[-118.01016,45.56722],[-118.01055,45.56722],[-118.01055,45.56749],[-118.01247,45.56749],[-118.01247,45.56776],[-118.01286,45.56776],[-118.01286,45.56803],[-118.01363,45.56803],[-118.01363,45.5683],[-118.0144,45.5683],[-118.0144,45.56803],[-118.01478,45.56803],[-118.01478,45.56749],[-118.01594,45.56749],[-118.01594,45.56776],[-118.01671,45.56803],[-118.01671,45.5683],[-118.01825,45.5683],[-118.01825,45.56776],[-118.01863,45.56776],[-118.01863,45.56749],[-118.0194,45.56749],[-118.0194,45.56776],[-118.02017,45.56776],[-118.02017,45.56803],[-118.02094,45.56803],[-118.02094,45.5683],[-118.0221,45.5683],[-118.0221,45.56857],[-118.02326,45.56857],[-118.02326,45.5683],[-118.02364,45.5683],[-118.02364,45.56857],[-118.02634,45.56857],[-118.02634,45.56884],[-118.02672,45.56884],[-118.02672,45.56911],[-118.02711,45.56911],[-118.02711,45.57045],[-118.02749,45.57045],[-118.02749,45.57072],[-118.02788,45.57072],[-118.02788,45.57099],[-118.02826,45.57099],[-118.02826,45.57072],[-118.02903,45.57099],[-118.02903,45.57126],[-118.02865,45.57126],[-118.02865,45.57234],[-118.02903,45.57234],[-118.02903,45.57261],[-118.03057,45.57234],[-118.03057,45.57261],[-118.03096,45.57261],[-118.03096,45.57288],[-118.03173,45.57288],[-118.03173,45.57315],[-118.03211,45.57315],[-118.03211,45.57342],[-118.03288,45.57342],[-118.03288,45.57369],[-118.03596,45.57369],[-118.03596,45.57396],[-118.03558,45.57396],[-118.03558,45.57423],[-118.03519,45.57423],[-118.03519,45.5745],[-118.03442,45.5745],[-118.03442,45.57476],[-118.03365,45.57503],[-118.03365,45.5753],[-118.03057,45.57557],[-118.03057,45.57638],[-118.03134,45.57638],[-118.03134,45.57665],[-118.03327,45.57665],[-118.03327,45.57638],[-118.03404,45.57638],[-118.03404,45.57611],[-118.03827,45.57611],[-118.03827,45.57638],[-118.03789,45.57638],[-118.03789,45.57665],[-118.0402,45.57665],[-118.0402,45.57692],[-118.04058,45.57692],[-118.04058,45.57719],[-118.04174,45.57719],[-118.04174,45.57746],[-118.04135,45.57746],[-118.04135,45.57773],[-118.04212,45.57773],[-118.04212,45.57827],[-118.04289,45.57827],[-118.04289,45.57881],[-118.04328,45.57881],[-118.04328,45.57989],[-118.04405,45.57989],[-118.04405,45.57962],[-118.04443,45.57962],[-118.04443,45.58042],[-118.04405,45.58042],[-118.04405,45.58069],[-118.04328,45.58096],[-118.04328,45.58123],[-118.04405,45.5815],[-118.04405,45.58204],[-118.04443,45.58204],[-118.04443,45.58231],[-118.04482,45.58231],[-118.04482,45.58258],[-118.0452,45.58258],[-118.0452,45.58285],[-118.04559,45.58285],[-118.04559,45.58474],[-118.0452,45.58474],[-118.0452,45.58501],[-118.04559,45.58501],[-118.04559,45.58528],[-118.04674,45.58528],[-118.04674,45.58608],[-118.04636,45.58608],[-118.04636,45.58662],[-118.04674,45.58662],[-118.04674,45.58689],[-118.04751,45.58716],[-118.04751,45.5877],[-118.0479,45.5877],[-118.0479,45.58878],[-118.04751,45.58878],[-118.04751,45.58905],[-118.04713,45.58905],[-118.04713,45.58932],[-118.04597,45.58932],[-118.04597,45.58905],[-118.0452,45.58905],[-118.0452,45.58878],[-118.04482,45.58878],[-118.04482,45.58824],[-118.04443,45.58824],[-118.04443,45.58797],[-118.04405,45.58797],[-118.04405,45.5877],[-118.04366,45.5877],[-118.04366,45.58743],[-118.04328,45.58743],[-118.04328,45.58716],[-118.04289,45.58716],[-118.04289,45.58662],[-118.04251,45.58662],[-118.04251,45.58608],[-118.04289,45.58608],[-118.04289,45.58554],[-118.04251,45.58554],[-118.04251,45.58528],[-118.04212,45.58528],[-118.04212,45.58501],[-118.04097,45.58501],[-118.04097,45.58474],[-118.04058,45.58474],[-118.04058,45.58285],[-118.0402,45.58285],[-118.0402,45.58258],[-118.03981,45.58258],[-118.03981,45.58285],[-118.03904,45.58285],[-118.03904,45.58312],[-118.03827,45.58312],[-118.03827,45.58339],[-118.0375,45.58339],[-118.0375,45.58366],[-118.03712,45.58366],[-118.03712,45.58393],[-118.03673,45.58393],[-118.03673,45.58474],[-118.0375,45.58474],[-118.0375,45.58501],[-118.03789,45.58501],[-118.03789,45.58528],[-118.03904,45.58528],[-118.03904,45.58554],[-118.03981,45.58581],[-118.03981,45.58635],[-118.0402,45.58635],[-118.0402,45.58689],[-118.04058,45.58689],[-118.04058,45.5877],[-118.04097,45.5877],[-118.04097,45.58851],[-118.04135,45.58851],[-118.04135,45.58905],[-118.04174,45.58905],[-118.04174,45.58959],[-118.04212,45.58959],[-118.04212,45.59013],[-118.04289,45.5904],[-118.04289,45.59093],[-118.04328,45.59093],[-118.04328,45.5912],[-118.04559,45.5912],[-118.04559,45.59147],[-118.04597,45.59147],[-118.04597,45.5912],[-118.04713,45.5912],[-118.04713,45.59093],[-118.04751,45.59093],[-118.04751,45.59066],[-118.0479,45.59066],[-118.0479,45.5904],[-118.04828,45.5904],[-118.04828,45.59013],[-118.04905,45.59013],[-118.04905,45.59066],[-118.04828,45.59093],[-118.04828,45.59147],[-118.04905,45.59174],[-118.04905,45.59309],[-118.04828,45.59336],[-118.04828,45.59444],[-118.0479,45.59444],[-118.0479,45.59552],[-118.04828,45.59552],[-118.04828,45.59605],[-118.04867,45.59605],[-118.04867,45.59659],[-118.04905,45.59659],[-118.04905,45.59686],[-118.04828,45.59686],[-118.04828,45.59713],[-118.04944,45.59713],[-118.04944,45.5974],[-118.05098,45.5974],[-118.05098,45.59794],[-118.05059,45.59794],[-118.05059,45.59848],[-118.05021,45.59848],[-118.05021,45.59929],[-118.05136,45.59929],[-118.05136,45.59956],[-118.05175,45.59956],[-118.05175,45.59983],[-118.05252,45.59983],[-118.05252,45.6001],[-118.05483,45.59983],[-118.05483,45.6001],[-118.05444,45.6001],[-118.05444,45.60064],[-118.05406,45.60064],[-118.05406,45.60091],[-118.05483,45.60091],[-118.05483,45.60118],[-118.05521,45.60118],[-118.05521,45.60144],[-118.0556,45.60144],[-118.0556,45.60171],[-118.05598,45.60171],[-118.05598,45.60225],[-118.0556,45.60225],[-118.0556,45.60333],[-118.05521,45.60333],[-118.05521,45.60387],[-118.05483,45.60387],[-118.05483,45.60414],[-118.05444,45.60414],[-118.05444,45.60387],[-118.05406,45.60387],[-118.05406,45.60414],[-118.05329,45.60414],[-118.05329,45.60387],[-118.0529,45.60387],[-118.0529,45.60333],[-118.05252,45.60333],[-118.05252,45.60306],[-118.05213,45.60306],[-118.05213,45.60279],[-118.05136,45.60279],[-118.05136,45.60252],[-118.05059,45.60252],[-118.05059,45.60225],[-118.05021,45.60225],[-118.05021,45.60171],[-118.04982,45.60171],[-118.04982,45.60144],[-118.04944,45.60144],[-118.04944,45.60118],[-118.04905,45.60118],[-118.04905,45.60064],[-118.04867,45.60064],[-118.04867,45.59983],[-118.04828,45.59983],[-118.04828,45.59956],[-118.04751,45.59956],[-118.04751,45.59929],[-118.04713,45.59929],[-118.04713,45.59902],[-118.04636,45.59902],[-118.04636,45.59875],[-118.04559,45.59848],[-118.04559,45.59956],[-118.04597,45.59956],[-118.04597,45.60037],[-118.04713,45.60037],[-118.04713,45.60064],[-118.04751,45.60064],[-118.04751,45.60091],[-118.04713,45.60091],[-118.04713,45.60306],[-118.04674,45.60306],[-118.04674,45.60333],[-118.04636,45.60333],[-118.04636,45.6036],[-118.04482,45.60387],[-118.04482,45.6036],[-118.04443,45.6036],[-118.04443,45.60333],[-118.04366,45.60333],[-118.04366,45.60306],[-118.04328,45.60306],[-118.04328,45.60279],[-118.04289,45.60279],[-118.04289,45.60252],[-118.04251,45.60252],[-118.04251,45.60225],[-118.04135,45.60225],[-118.04135,45.60279],[-118.04174,45.60279],[-118.04174,45.60333],[-118.04212,45.60333],[-118.04212,45.6036],[-118.04174,45.6036],[-118.04174,45.60387],[-118.04135,45.60387],[-118.04135,45.60414],[-118.04097,45.60414],[-118.04097,45.60468],[-118.04174,45.60468],[-118.04174,45.60441],[-118.04212,45.60441],[-118.04212,45.60522],[-118.04174,45.60522],[-118.04174,45.60495],[-118.03827,45.60495],[-118.03827,45.60441],[-118.03789,45.60441],[-118.03789,45.60414],[-118.03712,45.60414],[-118.03712,45.60468],[-118.03673,45.60468],[-118.03673,45.60387],[-118.03635,45.60387]],[[-118.03904,45.60414],[-118.03904,45.60387],[-118.03981,45.60387],[-118.03981,45.6036],[-118.04097,45.6036],[-118.04097,45.60279],[-118.0402,45.60252],[-118.0402,45.60279],[-118.03943,45.60279],[-118.03943,45.60306],[-118.03866,45.60306],[-118.03866,45.60333],[-118.03789,45.6036],[-118.03789,45.60414],[-118.03904,45.60414]],[[-118.0402,45.60225],[-118.03981,45.60225],[-118.03981,45.60252],[-118.0402,45.60252],[-118.0402,45.60225]],[[-118.03134,45.60171],[-118.03173,45.60171],[-118.03173,45.60144],[-118.03134,45.60144],[-118.03134,45.60171]],[[-118.03134,45.60118],[-118.03096,45.60118],[-118.03096,45.60144],[-118.03134,45.60144],[-118.03134,45.60118]],[[-118.02403,45.58581],[-118.02364,45.58581],[-118.02364,45.58608],[-118.02403,45.58608],[-118.02403,45.58581]],[[-118.0221,45.58554],[-118.02171,45.58554],[-118.02171,45.58581],[-118.0221,45.58581],[-118.0221,45.58554]],[[-118.01786,45.58554],[-118.01748,45.58554],[-118.01748,45.58581],[-118.01786,45.58581],[-118.01786,45.58554]],[[-118.01709,45.58528],[-118.01671,45.58528],[-118.01671,45.58554],[-118.01709,45.58554],[-118.01709,45.58528]],[[-118.01748,45.58474],[-118.01709,45.58474],[-118.01709,45.58501],[-118.01748,45.58501],[-118.01748,45.58474]],[[-118.02403,45.58285],[-118.02364,45.58285],[-118.02364,45.58312],[-118.02403,45.58312],[-118.02403,45.58285]],[[-118.01401,45.58285],[-118.01363,45.58285],[-118.01363,45.58312],[-118.01401,45.58312],[-118.01401,45.58285]],[[-118.02441,45.58231],[-118.02403,45.58231],[-118.02403,45.58258],[-118.02441,45.58258],[-118.02441,45.58231]],[[-118.01363,45.58177],[-118.01324,45.58177],[-118.01324,45.58258],[-118.01363,45.58258],[-118.01363,45.58177]],[[-118.03866,45.58123],[-118.03827,45.58123],[-118.03827,45.5815],[-118.03866,45.5815],[-118.03866,45.58123]],[[-118.02326,45.58123],[-118.02287,45.58123],[-118.02287,45.5815],[-118.02326,45.5815],[-118.02326,45.58123]],[[-118.01478,45.58096],[-118.0144,45.58096],[-118.0144,45.58123],[-118.01478,45.58123],[-118.01478,45.58096]],[[-118.01401,45.57881],[-118.01363,45.57881],[-118.01363,45.57935],[-118.01401,45.57935],[-118.01401,45.57881]],[[-118.02056,45.57854],[-118.02017,45.57854],[-118.02017,45.57881],[-118.02056,45.57881],[-118.02056,45.57854]],[[-118.0194,45.57827],[-118.01902,45.57827],[-118.01902,45.57854],[-118.0194,45.57854],[-118.0194,45.57827]],[[-118.0144,45.57827],[-118.01401,45.57827],[-118.01401,45.57854],[-118.0144,45.57854],[-118.0144,45.57827]],[[-118.01825,45.57773],[-118.01786,45.57773],[-118.01786,45.578],[-118.01825,45.578],[-118.01825,45.57773]],[[-118.01709,45.57746],[-118.01671,45.57746],[-118.01671,45.57773],[-118.01709,45.57773],[-118.01709,45.57746]],[[-118.03712,45.57638],[-118.03635,45.57638],[-118.03635,45.57665],[-118.03712,45.57665],[-118.03712,45.57638]],[[-117.99746,45.5718],[-117.99707,45.5718],[-117.99707,45.57207],[-117.99746,45.57207],[-117.99746,45.5718]],[[-117.99245,45.57153],[-117.99322,45.57153],[-117.99322,45.57126],[-117.99284,45.57126],[-117.99284,45.57045],[-117.99245,45.57045],[-117.99245,45.57153]],[[-118.01902,45.57072],[-118.0194,45.57072],[-118.0194,45.57045],[-118.01902,45.57045],[-118.01902,45.57072]],[[-118.01902,45.57018],[-118.01863,45.57018],[-118.01863,45.57045],[-118.01902,45.57045],[-118.01902,45.57018]],[[-118.01863,45.56991],[-118.01825,45.56991],[-118.01825,45.57018],[-118.01863,45.57018],[-118.01863,45.56991]],[[-118.01902,45.5683],[-118.01863,45.5683],[-118.01863,45.56884],[-118.01902,45.56884],[-118.01902,45.5683]]],[[[-117.999,45.59013],[-117.999,45.58986],[-117.99938,45.58986],[-117.99938,45.59013],[-117.999,45.59013]]],[[[-117.99746,45.59363],[-117.99784,45.59363],[-117.99784,45.5939],[-117.99746,45.5939],[-117.99746,45.59363]]],[[[-118.00477,45.5939],[-118.00516,45.5939],[-118.00516,45.59471],[-118.00477,45.59471],[-118.00477,45.5939]]],[[[-118.004,45.59471],[-118.00439,45.59471],[-118.00439,45.59498],[-118.004,45.59498],[-118.004,45.59471]]],[[[-118.004,45.59525],[-118.00246,45.59525],[-118.00246,45.59498],[-118.004,45.59498],[-118.004,45.59525]]],[[[-118.01709,45.60064],[-118.01709,45.60118],[-118.01632,45.60118],[-118.01632,45.60091],[-118.01709,45.60064]]],[[[-118.02518,45.60306],[-118.02518,45.60333],[-118.0248,45.60333],[-118.0248,45.6036],[-118.02364,45.6036],[-118.02364,45.60306],[-118.02326,45.60306],[-118.02326,45.60252],[-118.02441,45.60252],[-118.02441,45.60279],[-118.02518,45.60306]]],[[[-118.02287,45.6036],[-118.02287,45.60306],[-118.02326,45.60306],[-118.02326,45.6036],[-118.02287,45.6036]]],[[[-118.04212,45.60387],[-118.04212,45.6036],[-118.04289,45.6036],[-118.04289,45.60387],[-118.04212,45.60387]]],[[[-118.04713,45.60387],[-118.04713,45.6036],[-118.0479,45.6036],[-118.0479,45.60414],[-118.04751,45.60414],[-118.04751,45.60441],[-118.04674,45.60414],[-118.04674,45.60387],[-118.04713,45.60387]]],[[[-118.04636,45.60441],[-118.04636,45.60414],[-118.04674,45.60414],[-118.04674,45.60441],[-118.04636,45.60441]]],[[[-118.04289,45.60414],[-118.04328,45.60414],[-118.04328,45.60441],[-118.04289,45.60441],[-118.04289,45.60414]]],[[[-117.99515,45.56506],[-117.99592,45.56479],[-117.99592,45.56506],[-117.9963,45.56506],[-117.9963,45.56533],[-117.99784,45.56533],[-117.99784,45.5656],[-117.99823,45.5656],[-117.99823,45.56614],[-117.99707,45.56614],[-117.99707,45.56695],[-117.99476,45.56668],[-117.99476,45.56533],[-117.99515,45.56533],[-117.99515,45.56506]]],[[[-117.98822,45.57126],[-117.98822,45.57018],[-117.9886,45.57018],[-117.9886,45.57126],[-117.98822,45.57126]]],[[[-117.98783,45.5718],[-117.98783,45.57153],[-117.98822,45.57153],[-117.98822,45.5718],[-117.98783,45.5718]]],[[[-117.98745,45.57261],[-117.98745,45.57234],[-117.98783,45.57234],[-117.98783,45.57261],[-117.98745,45.57261]]],[[[-117.98745,45.57342],[-117.98783,45.57342],[-117.98783,45.57396],[-117.98745,45.57396],[-117.98745,45.57423],[-117.98668,45.57396],[-117.98668,45.57369],[-117.98745,45.57369],[-117.98745,45.57342]]],[[[-117.98745,45.57557],[-117.98706,45.57557],[-117.98706,45.57476],[-117.98783,45.57476],[-117.98783,45.5753],[-117.98745,45.5753],[-117.98745,45.57557]]],[[[-117.9913,45.57611],[-117.9913,45.57584],[-117.99207,45.57584],[-117.99207,45.57611],[-117.99245,45.57611],[-117.99245,45.57638],[-117.99207,45.57638],[-117.99207,45.57665],[-117.9913,45.57665],[-117.9913,45.57638],[-117.99091,45.57638],[-117.99091,45.57611],[-117.9913,45.57611]]],[[[-117.98706,45.58123],[-117.98706,45.58069],[-117.98745,45.58069],[-117.98745,45.58123],[-117.98706,45.58123]]],[[[-117.98937,45.58366],[-117.98937,45.58393],[-117.98899,45.58393],[-117.98899,45.58366],[-117.98937,45.58366]]],[[[-117.99207,45.58905],[-117.9913,45.58878],[-117.9913,45.58824],[-117.99091,45.58824],[-117.99091,45.58797],[-117.99053,45.58797],[-117.99053,45.5877],[-117.99014,45.5877],[-117.99014,45.58743],[-117.98976,45.58743],[-117.98976,45.58716],[-117.98937,45.58716],[-117.98937,45.58689],[-117.98899,45.58689],[-117.98899,45.58662],[-117.98822,45.58662],[-117.98822,45.58608],[-117.98783,45.58608],[-117.98783,45.58581],[-117.98745,45.58581],[-117.98745,45.58528],[-117.98706,45.58528],[-117.98706,45.58474],[-117.98629,45.58474],[-117.98629,45.58339],[-117.98668,45.58339],[-117.98668,45.58285],[-117.98706,45.58285],[-117.98706,45.58258],[-117.9886,45.58258],[-117.9886,45.58285],[-117.98899,45.58285],[-117.98899,45.58366],[-117.98822,45.58339],[-117.98822,45.58312],[-117.98706,45.58312],[-117.98706,45.58366],[-117.98783,45.58366],[-117.98783,45.58393],[-117.9886,45.5842],[-117.9886,45.58447],[-117.98937,45.58447],[-117.98937,45.5842],[-117.98976,45.5842],[-117.98976,45.58447],[-117.99014,45.58447],[-117.99014,45.58474],[-117.99091,45.58474],[-117.99091,45.58581],[-117.9913,45.58581],[-117.9913,45.58608],[-117.99245,45.58608],[-117.99245,45.58635],[-117.99284,45.58635],[-117.99284,45.58662],[-117.99361,45.58662],[-117.99361,45.58689],[-117.99438,45.58689],[-117.99438,45.58716],[-117.99553,45.58716],[-117.99553,45.58743],[-117.99592,45.58743],[-117.99592,45.58797],[-117.9963,45.58797],[-117.9963,45.58851],[-117.99707,45.58878],[-117.99707,45.58932],[-117.99823,45.58932],[-117.99823,45.58959],[-117.999,45.58959],[-117.999,45.58986],[-117.99823,45.58986],[-117.99823,45.59013],[-117.99861,45.59013],[-117.99861,45.5904],[-117.999,45.5904],[-117.999,45.59066],[-117.99938,45.59066],[-117.99938,45.59013],[-117.99977,45.59013],[-117.99977,45.5904],[-118.00015,45.5904],[-118.00015,45.5912],[-118.00131,45.5912],[-118.00131,45.59147],[-118.00208,45.59147],[-118.00208,45.59174],[-118.00246,45.59174],[-118.00246,45.59201],[-118.00323,45.59228],[-118.00323,45.59309],[-118.004,45.59309],[-118.004,45.59336],[-118.00323,45.59336],[-118.00323,45.59363],[-118.00285,45.59363],[-118.00285,45.5939],[-118.00246,45.5939],[-118.00246,45.59498],[-118.00169,45.59498],[-118.00169,45.59471],[-118.00131,45.59471],[-118.00131,45.59444],[-118.00169,45.59444],[-118.00169,45.59336],[-118.00246,45.59309],[-118.00246,45.59255],[-118.00208,45.59255],[-118.00208,45.59228],[-118.00092,45.59228],[-118.00092,45.59255],[-118.00054,45.59255],[-118.00054,45.59336],[-117.99977,45.59363],[-117.99977,45.59417],[-117.999,45.59444],[-117.999,45.5939],[-117.99823,45.59363],[-117.99823,45.59282],[-117.99784,45.59282],[-117.99784,45.59255],[-117.99707,45.59255],[-117.99707,45.59228],[-117.9963,45.59228],[-117.9963,45.59201],[-117.99592,45.59201],[-117.99592,45.59174],[-117.99515,45.59201],[-117.99515,45.59147],[-117.99476,45.59147],[-117.99476,45.5912],[-117.99399,45.59093],[-117.99399,45.5904],[-117.99361,45.5904],[-117.99361,45.59013],[-117.99284,45.59013],[-117.99284,45.58986],[-117.99245,45.58986],[-117.99245,45.58932],[-117.99207,45.58932],[-117.99207,45.58905]],[[-117.99399,45.59013],[-117.99399,45.58986],[-117.99361,45.58986],[-117.99361,45.59013],[-117.99399,45.59013]],[[-117.999,45.59201],[-117.999,45.59228],[-117.99938,45.59228],[-117.99938,45.59201],[-117.999,45.59201]],[[-117.99669,45.5904],[-117.99669,45.59066],[-117.9963,45.59066],[-117.9963,45.59174],[-117.99669,45.59174],[-117.99669,45.59201],[-117.99746,45.59201],[-117.99746,45.59174],[-117.99784,45.59174],[-117.99784,45.59066],[-117.99746,45.59066],[-117.99746,45.5904],[-117.99669,45.5904]],[[-117.99476,45.5877],[-117.99476,45.58743],[-117.99399,45.58743],[-117.99399,45.58797],[-117.99476,45.58797],[-117.99476,45.58824],[-117.99515,45.58824],[-117.99515,45.58851],[-117.99592,45.58851],[-117.99592,45.58824],[-117.99553,45.58824],[-117.99553,45.58797],[-117.99515,45.58797],[-117.99515,45.5877],[-117.99476,45.5877]],[[-117.99207,45.58662],[-117.99207,45.58635],[-117.99168,45.58635],[-117.99168,45.58662],[-117.99091,45.58689],[-117.99091,45.58743],[-117.9913,45.58743],[-117.9913,45.5877],[-117.99245,45.5877],[-117.99245,45.58743],[-117.99284,45.58743],[-117.99284,45.58716],[-117.99245,45.58716],[-117.99245,45.58662],[-117.99207,45.58662]],[[-117.98937,45.58608],[-117.98937,45.58635],[-117.98976,45.58635],[-117.98976,45.58608],[-117.98937,45.58608]],[[-117.98783,45.58501],[-117.98783,45.58554],[-117.98822,45.58554],[-117.98822,45.58501],[-117.98783,45.58501]]],[[[-117.99553,45.59228],[-117.99592,45.59228],[-117.99592,45.59255],[-117.99553,45.59255],[-117.99553,45.59228]]],[[[-117.99592,45.59282],[-117.99592,45.59255],[-117.9963,45.59255],[-117.9963,45.59282],[-117.99592,45.59282]]],[[[-117.9963,45.59309],[-117.9963,45.59282],[-117.99707,45.59282],[-117.99707,45.59336],[-117.9963,45.59309]]],[[[-117.99707,45.59363],[-117.99707,45.59336],[-117.99746,45.59336],[-117.99746,45.59363],[-117.99707,45.59363]]],[[[-117.98706,45.57045],[-117.98745,45.57045],[-117.98745,45.57072],[-117.98706,45.57072],[-117.98706,45.57045]]],[[[-117.98668,45.57099],[-117.98706,45.57099],[-117.98706,45.57126],[-117.98668,45.57126],[-117.98668,45.57099]]],[[[-117.98706,45.57234],[-117.98706,45.57207],[-117.98745,45.57207],[-117.98745,45.57234],[-117.98706,45.57234]]],[[[-117.98668,45.57584],[-117.98668,45.57557],[-117.98706,45.57557],[-117.98706,45.57584],[-117.98668,45.57584]]],[[[-117.98591,45.57611],[-117.98591,45.57584],[-117.98629,45.57584],[-117.98629,45.57611],[-117.98591,45.57611]]],[[[-117.98629,45.57638],[-117.98668,45.57638],[-117.98668,45.57665],[-117.98629,45.57665],[-117.98629,45.57638]]],[[[-117.98514,45.57638],[-117.98591,45.57638],[-117.98591,45.57665],[-117.98514,45.57665],[-117.98514,45.57638]]],[[[-117.98475,45.57692],[-117.98475,45.57665],[-117.98514,45.57665],[-117.98514,45.57692],[-117.98475,45.57692]]],[[[-117.98629,45.57692],[-117.98668,45.57692],[-117.98668,45.57746],[-117.98629,45.57746],[-117.98629,45.57692]]],[[[-117.98552,45.57908],[-117.98591,45.57908],[-117.98591,45.57935],[-117.98552,45.57935],[-117.98552,45.57908]]],[[[-117.98629,45.57962],[-117.98629,45.57935],[-117.98668,45.57935],[-117.98668,45.57962],[-117.98629,45.57962]]],[[[-117.98437,45.57962],[-117.98475,45.57962],[-117.98475,45.57935],[-117.98552,45.57935],[-117.98552,45.57989],[-117.98591,45.57989],[-117.98591,45.58015],[-117.98668,45.58015],[-117.98668,45.57962],[-117.98706,45.57962],[-117.98706,45.58069],[-117.98629,45.58042],[-117.98629,45.58069],[-117.98591,45.58069],[-117.98591,45.58123],[-117.98514,45.58123],[-117.98514,45.58069],[-117.98398,45.58069],[-117.98398,45.57989],[-117.98437,45.57989],[-117.98437,45.57962]]],[[[-117.98706,45.5815],[-117.98591,45.5815],[-117.98591,45.58123],[-117.98706,45.58123],[-117.98706,45.5815]]]]},"properties":{"layer":"predicted_reach_h16","fire_name":"Middle_Ridge","irwin_id":"{2088689D-42B8-4A31-85B6-2CADB59BA127}","model":"arrival_run","checkpoint_epoch":216,"decode":"connected_causal","operating_point":{"floor":0.0,"mult":0.9},"val_precision":null,"val_recall":null,"model_caveat":"arrival_run chosen for best RECALL among the six FlameFlux v3 candidates on the production-valid t0-window corpus (R=0.624 on the fc2 held-out fires, R=0.432 on Dillon -- see candidate_comparison.md from the 2026-07-24 comparison). It does NOT meet the project's P>=0.50/R>=0.80 target: precision is the WORST of the six (P=0.120 on fc2 -- most flagged growth is wrong), and wind_run actually edges it on F1. IMPORTANT CAVEAT: arrival_run trained on the leaky 'observed' corpus (crop centered/sized on t0|t1, i.e. it saw the future perimeter's geometry during training) and has NEVER seen a t0-window crop -- the ONLY geometry this live pipeline can ever produce at forecast time (the future perimeter is, by definition, unknown). So every live prediction from this model is out-of-distribution relative to its own training. The measured t0-window numbers above already reflect that (they are not a surprise), but this is 'best available', not 'production-ready' -- represent it that way. The operating_point (floor=0.0, mult=0.9) is the VAL-selected connected-causal decode point; it did NOT clear the 0.50 precision floor during selection (feasible=False, val P=0.270/R=0.259) -- it's the best-F1 fallback point, not a precision-guaranteed one.","issued_at_utc":"2026-08-23 20:05:07.672141+00:00","valid_from_utc":"2026-08-23 00:00:00","valid_to_utc":"2026-08-24 00:00:00","wfigs_date_current_utc":"2026-08-23 16:41:28.079000+00:00","pixel_size_m":30,"veg_source":"refreshed_d4","physics_source":"eikonal_fbfm40","history_n_dates":1,"degraded_history":true,"containment_pct":0.0,"acres_wfigs":138.34560634370422,"hour":16,"valid_at_utc":"2026-08-23 16:00:00"}},{"type":"Feature","geometry":{"type":"MultiPolygon","coordinates":[[[[-118.00285,45.56425],[-118.00285,45.56399],[-118.00323,45.56399],[-118.00323,45.56425],[-118.00285,45.56425]]],[[[-118.0298,45.56991],[-118.0298,45.56964],[-118.03057,45.56964],[-118.03057,45.57072],[-118.02942,45.57072],[-118.02942,45.57099],[-118.02903,45.57099],[-118.02903,45.57018],[-118.0298,45.56991]]],[[[-117.99977,45.56587],[-118.00015,45.56587],[-118.00015,45.5656],[-117.99977,45.5656],[-117.99977,45.56452],[-118.00015,45.56452],[-118.00015,45.56425],[-118.00054,45.56425],[-118.00054,45.56452],[-118.00131,45.56452],[-118.00131,45.56506],[-118.00169,45.56506],[-118.00169,45.56533],[-118.00208,45.56533],[-118.00208,45.5656],[-118.00285,45.5656],[-118.00285,45.56452],[-118.00362,45.56452],[-118.00362,45.56506],[-118.00439,45.56506],[-118.00439,45.56425],[-118.00631,45.56425],[-118.00631,45.56452],[-118.0067,45.56452],[-118.0067,45.56506],[-118.00747,45.56533],[-118.00747,45.56587],[-118.00708,45.56587],[-118.00708,45.56614],[-118.00747,45.56614],[-118.00747,45.56695],[-118.00785,45.56695],[-118.00785,45.56722],[-118.00862,45.56722],[-118.00862,45.56695],[-118.01016,45.56695],[-118.01016,45.56722],[-118.01209,45.56722],[-118.01209,45.56749],[-118.01286,45.56749],[-118.01286,45.56776],[-118.01324,45.56776],[-118.01324,45.56803],[-118.01363,45.56803],[-118.01363,45.5683],[-118.0144,45.5683],[-118.0144,45.56776],[-118.01478,45.56776],[-118.01478,45.56749],[-118.01517,45.56749],[-118.01517,45.56722],[-118.01594,45.56722],[-118.01594,45.56749],[-118.01632,45.56749],[-118.01632,45.56776],[-118.01671,45.56776],[-118.01671,45.56803],[-118.01709,45.56803],[-118.01709,45.5683],[-118.01786,45.5683],[-118.01786,45.56803],[-118.01825,45.56803],[-118.01825,45.56749],[-118.01979,45.56749],[-118.01979,45.56776],[-118.02133,45.56803],[-118.02133,45.5683],[-118.02403,45.5683],[-118.02403,45.56857],[-118.02557,45.56857],[-118.02557,45.5683],[-118.02595,45.5683],[-118.02595,45.56857],[-118.02634,45.56857],[-118.02634,45.56884],[-118.02672,45.56884],[-118.02672,45.56911],[-118.02711,45.56911],[-118.02711,45.57045],[-118.02749,45.57045],[-118.02749,45.57072],[-118.02788,45.57072],[-118.02788,45.57099],[-118.02826,45.57099],[-118.02826,45.57072],[-118.02903,45.57099],[-118.02903,45.57153],[-118.02865,45.57153],[-118.02865,45.5718],[-118.02903,45.5718],[-118.02903,45.57261],[-118.0298,45.57261],[-118.0298,45.57207],[-118.03057,45.57207],[-118.03057,45.57234],[-118.03134,45.57261],[-118.03134,45.57288],[-118.03211,45.57315],[-118.03211,45.57342],[-118.03288,45.57342],[-118.03288,45.57369],[-118.03442,45.57369],[-118.03442,45.57342],[-118.03635,45.57342],[-118.03635,45.57369],[-118.03596,45.57369],[-118.03596,45.57423],[-118.03519,45.57423],[-118.03519,45.5745],[-118.03442,45.57476],[-118.03442,45.57503],[-118.03365,45.57503],[-118.03365,45.57557],[-118.03096,45.57557],[-118.03096,45.57584],[-118.03057,45.57584],[-118.03057,45.57611],[-118.03096,45.57611],[-118.03096,45.57638],[-118.03211,45.57638],[-118.03211,45.57665],[-118.0325,45.57665],[-118.0325,45.57638],[-118.03404,45.57638],[-118.03404,45.57611],[-118.03827,45.57611],[-118.03827,45.57638],[-118.03789,45.57638],[-118.03789,45.57665],[-118.04058,45.57665],[-118.04058,45.57692],[-118.04097,45.57692],[-118.04097,45.57719],[-118.04174,45.57719],[-118.04174,45.57746],[-118.04135,45.57746],[-118.04135,45.57773],[-118.04212,45.57773],[-118.04212,45.57827],[-118.04289,45.57827],[-118.04289,45.57881],[-118.04328,45.57881],[-118.04328,45.57989],[-118.04405,45.57989],[-118.04405,45.57962],[-118.04443,45.57962],[-118.04443,45.58042],[-118.04366,45.58069],[-118.04366,45.5815],[-118.04405,45.5815],[-118.04405,45.58204],[-118.04443,45.58204],[-118.04443,45.58231],[-118.0452,45.58231],[-118.0452,45.58258],[-118.04597,45.58285],[-118.04597,45.5842],[-118.04559,45.5842],[-118.04559,45.58447],[-118.04597,45.58447],[-118.04597,45.58474],[-118.04559,45.58474],[-118.04559,45.58501],[-118.04713,45.58528],[-118.04713,45.58554],[-118.04674,45.58554],[-118.04674,45.58662],[-118.04713,45.58662],[-118.04713,45.58716],[-118.04751,45.58716],[-118.04751,45.5877],[-118.0479,45.5877],[-118.0479,45.58878],[-118.04751,45.58878],[-118.04751,45.58905],[-118.04713,45.58905],[-118.04713,45.58932],[-118.04559,45.58932],[-118.04559,45.58905],[-118.0452,45.58905],[-118.0452,45.58878],[-118.04482,45.58878],[-118.04482,45.58851],[-118.04443,45.58851],[-118.04443,45.58797],[-118.04405,45.58797],[-118.04405,45.5877],[-118.04328,45.5877],[-118.04328,45.58743],[-118.04251,45.58716],[-118.04251,45.58554],[-118.04212,45.58554],[-118.04212,45.58528],[-118.04097,45.58528],[-118.04097,45.58501],[-118.04058,45.58501],[-118.04058,45.58447],[-118.0402,45.58447],[-118.0402,45.5842],[-118.04058,45.5842],[-118.04058,45.58339],[-118.03943,45.58339],[-118.03943,45.58312],[-118.03866,45.58312],[-118.03866,45.58339],[-118.03789,45.58339],[-118.03789,45.58366],[-118.0375,45.58366],[-118.0375,45.58393],[-118.03712,45.58393],[-118.03712,45.58447],[-118.0375,45.58447],[-118.0375,45.58474],[-118.03827,45.58474],[-118.03827,45.58528],[-118.03981,45.58528],[-118.03981,45.58635],[-118.04058,45.58662],[-118.04058,45.58743],[-118.04135,45.5877],[-118.04135,45.58905],[-118.04212,45.58932],[-118.04212,45.58986],[-118.04251,45.58986],[-118.04251,45.5904],[-118.04328,45.59066],[-118.04328,45.5912],[-118.04443,45.5912],[-118.04443,45.59093],[-118.04482,45.59093],[-118.04482,45.5912],[-118.04674,45.5912],[-118.04674,45.59093],[-118.04751,45.59093],[-118.04751,45.59066],[-118.04828,45.5904],[-118.04828,45.59013],[-118.04905,45.59013],[-118.04905,45.59066],[-118.04867,45.59066],[-118.04867,45.59147],[-118.04944,45.59174],[-118.04944,45.59228],[-118.04905,45.59228],[-118.04905,45.59309],[-118.04867,45.59309],[-118.04867,45.59363],[-118.04828,45.59363],[-118.04828,45.59471],[-118.0479,45.59471],[-118.0479,45.59552],[-118.04828,45.59552],[-118.04828,45.59605],[-118.04867,45.59605],[-118.04867,45.59632],[-118.04944,45.59659],[-118.04944,45.59713],[-118.05059,45.59713],[-118.05059,45.5974],[-118.05098,45.5974],[-118.05098,45.59821],[-118.05021,45.59848],[-118.05021,45.59902],[-118.05059,45.59902],[-118.05059,45.59929],[-118.05136,45.59929],[-118.05136,45.59956],[-118.05175,45.59956],[-118.05175,45.59983],[-118.05252,45.59983],[-118.05252,45.6001],[-118.05367,45.6001],[-118.05367,45.59983],[-118.05444,45.59983],[-118.05444,45.59956],[-118.05483,45.59956],[-118.05483,45.60037],[-118.05444,45.60037],[-118.05444,45.60064],[-118.05483,45.60064],[-118.05483,45.60091],[-118.0556,45.60118],[-118.0556,45.60144],[-118.05598,45.60144],[-118.05598,45.60279],[-118.0556,45.60279],[-118.0556,45.6036],[-118.05521,45.6036],[-118.05521,45.60387],[-118.05444,45.60414],[-118.05444,45.60441],[-118.05329,45.60441],[-118.05329,45.60387],[-118.0529,45.60387],[-118.0529,45.60333],[-118.05252,45.60333],[-118.05252,45.60306],[-118.05213,45.60306],[-118.05213,45.60279],[-118.05098,45.60279],[-118.05098,45.60252],[-118.05021,45.60225],[-118.05021,45.60198],[-118.04982,45.60198],[-118.04982,45.60144],[-118.04905,45.60144],[-118.04905,45.60118],[-118.04867,45.60118],[-118.04867,45.60064],[-118.04828,45.60064],[-118.04828,45.60037],[-118.04867,45.60037],[-118.04867,45.6001],[-118.04828,45.6001],[-118.04828,45.59983],[-118.0479,45.59983],[-118.0479,45.59956],[-118.04713,45.59956],[-118.04713,45.59929],[-118.04674,45.59929],[-118.04674,45.59902],[-118.04559,45.59902],[-118.04559,45.59929],[-118.04597,45.59929],[-118.04597,45.59983],[-118.04636,45.59983],[-118.04636,45.60037],[-118.04751,45.60037],[-118.04751,45.60064],[-118.0479,45.60064],[-118.0479,45.60091],[-118.04713,45.60118],[-118.04713,45.60198],[-118.04751,45.60198],[-118.04751,45.60306],[-118.04713,45.60306],[-118.04713,45.60333],[-118.04636,45.6036],[-118.04636,45.60387],[-118.04443,45.60387],[-118.04443,45.6036],[-118.04405,45.6036],[-118.04405,45.60333],[-118.04328,45.60333],[-118.04328,45.60306],[-118.04289,45.60306],[-118.04289,45.60279],[-118.04251,45.60279],[-118.04251,45.60252],[-118.04212,45.60252],[-118.04212,45.60225],[-118.04135,45.60225],[-118.04135,45.60279],[-118.04174,45.60279],[-118.04174,45.60306],[-118.04251,45.60333],[-118.04251,45.6036],[-118.04289,45.6036],[-118.04289,45.60387],[-118.04212,45.60387],[-118.04212,45.6036],[-118.04174,45.6036],[-118.04174,45.60387],[-118.04097,45.60414],[-118.04097,45.60468],[-118.04174,45.60468],[-118.04174,45.60441],[-118.04212,45.60441],[-118.04212,45.60522],[-118.04174,45.60522],[-118.04174,45.60495],[-118.03827,45.60495],[-118.03827,45.60468],[-118.0375,45.60441],[-118.0375,45.60414],[-118.03712,45.60414],[-118.03712,45.60468],[-118.03673,45.60468],[-118.03673,45.60387],[-118.03635,45.60387],[-118.03635,45.60441],[-118.03596,45.60441],[-118.03596,45.60468],[-118.03635,45.60468],[-118.03635,45.60522],[-118.03558,45.60495],[-118.03558,45.60549],[-118.03519,45.60549],[-118.03519,45.60576],[-118.03442,45.60576],[-118.03442,45.60549],[-118.03404,45.60549],[-118.03404,45.60495],[-118.03442,45.60495],[-118.03442,45.60441],[-118.03481,45.60441],[-118.03481,45.60387],[-118.03442,45.60387],[-118.03442,45.60333],[-118.03211,45.60414],[-118.03211,45.6036],[-118.03173,45.6036],[-118.03173,45.60225],[-118.03134,45.60225],[-118.03134,45.60198],[-118.03057,45.60171],[-118.03057,45.60144],[-118.0298,45.60144],[-118.0298,45.60118],[-118.02903,45.60118],[-118.02903,45.60091],[-118.02826,45.60091],[-118.02826,45.60064],[-118.02788,45.60064],[-118.02788,45.60037],[-118.02711,45.60037],[-118.02711,45.6001],[-118.02672,45.6001],[-118.02672,45.59983],[-118.0248,45.59983],[-118.0248,45.59956],[-118.02403,45.59929],[-118.02403,45.59875],[-118.02171,45.59875],[-118.02171,45.59956],[-118.0221,45.59956],[-118.0221,45.6001],[-118.02287,45.60037],[-118.02287,45.60091],[-118.02326,45.60091],[-118.02326,45.60118],[-118.02171,45.60118],[-118.02171,45.60144],[-118.02094,45.60171],[-118.02094,45.60225],[-118.02017,45.60225],[-118.02017,45.60252],[-118.0194,45.60225],[-118.0194,45.60279],[-118.01825,45.60279],[-118.01825,45.60252],[-118.01786,45.60252],[-118.01786,45.60198],[-118.01863,45.60198],[-118.01863,45.60171],[-118.01902,45.60171],[-118.01902,45.60118],[-118.0194,45.60118],[-118.0194,45.60091],[-118.01979,45.60091],[-118.01979,45.60064],[-118.02017,45.60064],[-118.02017,45.60037],[-118.02056,45.60037],[-118.02056,45.6001],[-118.0194,45.6001],[-118.0194,45.60037],[-118.01902,45.60037],[-118.01902,45.60064],[-118.01863,45.60064],[-118.01863,45.60091],[-118.01825,45.60091],[-118.01825,45.60118],[-118.01748,45.60118],[-118.01748,45.60064],[-118.01709,45.60064],[-118.01709,45.6001],[-118.01671,45.6001],[-118.01671,45.60037],[-118.01632,45.60037],[-118.01632,45.60064],[-118.01594,45.60064],[-118.01594,45.60037],[-118.01555,45.60037],[-118.01555,45.59848],[-118.01324,45.59848],[-118.01324,45.5974],[-118.01209,45.5974],[-118.01209,45.59686],[-118.0117,45.59686],[-118.0117,45.59579],[-118.01132,45.59579],[-118.01132,45.59552],[-118.01093,45.59552],[-118.01093,45.59525],[-118.01055,45.59525],[-118.01055,45.59498],[-118.01016,45.59498],[-118.01016,45.59471],[-118.00978,45.59471],[-118.00978,45.59444],[-118.00939,45.59444],[-118.00939,45.59417],[-118.00901,45.59417],[-118.00901,45.5939],[-118.00862,45.5939],[-118.00862,45.59363],[-118.00708,45.59336],[-118.00708,45.59309],[-118.0067,45.59309],[-118.0067,45.59282],[-118.00631,45.59282],[-118.00631,45.59255],[-118.00593,45.59255],[-118.00593,45.59228],[-118.00516,45.59228],[-118.00516,45.59201],[-118.00477,45.59201],[-118.00477,45.59174],[-118.00439,45.59174],[-118.00439,45.59147],[-118.004,45.59147],[-118.004,45.5912],[-118.00362,45.5912],[-118.00362,45.59093],[-118.00285,45.59093],[-118.00285,45.59066],[-118.00246,45.59066],[-118.00246,45.5904],[-118.00208,45.5904],[-118.00208,45.59013],[-118.00169,45.59013],[-118.00169,45.58986],[-118.00131,45.58986],[-118.00131,45.58959],[-118.00092,45.58959],[-118.00092,45.58932],[-118.00054,45.58932],[-118.00054,45.58905],[-117.99977,45.58878],[-117.99977,45.58851],[-117.999,45.58851],[-117.999,45.58824],[-117.99746,45.58824],[-117.99746,45.58716],[-117.99592,45.58689],[-117.99592,45.58608],[-117.99553,45.58608],[-117.99553,45.58581],[-117.99476,45.58554],[-117.99476,45.58528],[-117.99322,45.58501],[-117.99322,45.58474],[-117.99284,45.58474],[-117.99284,45.58447],[-117.99245,45.58447],[-117.99245,45.5842],[-117.99207,45.5842],[-117.99207,45.58393],[-117.99168,45.58393],[-117.99168,45.58366],[-117.9913,45.58366],[-117.9913,45.58339],[-117.99091,45.58339],[-117.99091,45.58312],[-117.99053,45.58312],[-117.99053,45.58258],[-117.98976,45.58231],[-117.98976,45.58177],[-117.98899,45.5815],[-117.98899,45.58069],[-117.9886,45.58069],[-117.9886,45.58015],[-117.98822,45.58015],[-117.98822,45.57908],[-117.98783,45.57908],[-117.98783,45.57611],[-117.98822,45.57611],[-117.98822,45.5753],[-117.98745,45.5753],[-117.98745,45.57584],[-117.98668,45.57584],[-117.98668,45.57557],[-117.98706,45.57557],[-117.98706,45.57396],[-117.98668,45.57396],[-117.98668,45.57342],[-117.98706,45.57342],[-117.98706,45.57369],[-117.98783,45.57342],[-117.98783,45.57423],[-117.98745,45.57423],[-117.98745,45.57476],[-117.98822,45.57476],[-117.98822,45.5745],[-117.9886,45.5745],[-117.9886,45.57342],[-117.98899,45.57342],[-117.98899,45.57288],[-117.98976,45.57288],[-117.98976,45.57315],[-117.99053,45.57342],[-117.99053,45.57369],[-117.99014,45.57369],[-117.99014,45.5745],[-117.99053,45.5745],[-117.99053,45.57584],[-117.99014,45.57584],[-117.99014,45.57665],[-117.99053,45.57665],[-117.99053,45.57719],[-117.99091,45.57719],[-117.99091,45.57773],[-117.99207,45.57773],[-117.99207,45.578],[-117.99399,45.578],[-117.99399,45.57827],[-117.99438,45.57827],[-117.99438,45.57881],[-117.99515,45.57881],[-117.99515,45.57935],[-117.99669,45.57989],[-117.99669,45.58069],[-117.9963,45.58069],[-117.9963,45.58096],[-117.99592,45.58096],[-117.99592,45.58123],[-117.99553,45.58123],[-117.99553,45.58096],[-117.99515,45.58096],[-117.99515,45.58069],[-117.99476,45.58069],[-117.99476,45.58015],[-117.99438,45.58015],[-117.99438,45.58042],[-117.99399,45.58042],[-117.99399,45.58069],[-117.99322,45.58069],[-117.99322,45.58123],[-117.99361,45.58123],[-117.99361,45.58177],[-117.99399,45.58177],[-117.99399,45.58204],[-117.99438,45.58204],[-117.99438,45.58231],[-117.99476,45.58231],[-117.99476,45.58258],[-117.99515,45.58258],[-117.99515,45.58285],[-117.99592,45.58285],[-117.99592,45.58312],[-117.9963,45.58312],[-117.9963,45.58285],[-117.99669,45.58285],[-117.99669,45.58312],[-118.00015,45.58312],[-118.00015,45.58258],[-117.99938,45.58258],[-117.99938,45.58231],[-117.999,45.58231],[-117.999,45.58177],[-117.99861,45.58177],[-117.99861,45.58123],[-117.99938,45.58123],[-117.99938,45.58069],[-117.999,45.58069],[-117.999,45.58015],[-117.99823,45.58015],[-117.99823,45.57962],[-117.99861,45.57962],[-117.99861,45.57989],[-117.99938,45.57989],[-117.99938,45.57962],[-117.999,45.57962],[-117.999,45.57908],[-117.99861,45.57908],[-117.99861,45.57881],[-117.99746,45.57881],[-117.99746,45.57854],[-117.99592,45.57827],[-117.99592,45.578],[-117.99438,45.578],[-117.99438,45.57746],[-117.99399,45.57746],[-117.99399,45.57692],[-117.99361,45.57692],[-117.99361,45.57611],[-117.99322,45.57611],[-117.99322,45.57584],[-117.99245,45.57611],[-117.99245,45.57665],[-117.99207,45.57665],[-117.99207,45.57692],[-117.99091,45.57692],[-117.99091,45.57584],[-117.99245,45.57557],[-117.99245,45.57503],[-117.99207,45.57503],[-117.99207,45.57423],[-117.99168,45.57423],[-117.99168,45.57369],[-117.9913,45.57369],[-117.9913,45.57315],[-117.99091,45.57315],[-117.99091,45.57234],[-117.99053,45.57234],[-117.99053,45.57207],[-117.99014,45.57207],[-117.99014,45.57234],[-117.98937,45.57234],[-117.98937,45.57153],[-117.99014,45.5718],[-117.99014,45.57099],[-117.99053,45.57099],[-117.99053,45.57072],[-117.99014,45.57072],[-117.99014,45.56991],[-117.98976,45.56991],[-117.98976,45.56937],[-117.99014,45.56937],[-117.99014,45.56911],[-117.99245,45.56911],[-117.99245,45.56964],[-117.99322,45.56964],[-117.99322,45.56884],[-117.99053,45.56884],[-117.99053,45.56857],[-117.98976,45.56857],[-117.98976,45.56803],[-117.99014,45.56803],[-117.99014,45.56776],[-117.99053,45.56776],[-117.99053,45.56749],[-117.99014,45.56749],[-117.99014,45.56722],[-117.98937,45.56695],[-117.98937,45.56668],[-117.98899,45.56668],[-117.98899,45.56533],[-117.99014,45.56533],[-117.99014,45.56452],[-117.99168,45.56452],[-117.99168,45.56479],[-117.99245,45.56506],[-117.99245,45.5656],[-117.99284,45.5656],[-117.99284,45.56614],[-117.99361,45.56614],[-117.99361,45.56641],[-117.99438,45.56614],[-117.99438,45.5656],[-117.99476,45.5656],[-117.99476,45.56506],[-117.99515,45.56506],[-117.99515,45.56479],[-117.9963,45.56479],[-117.9963,45.56506],[-117.99669,45.56506],[-117.99669,45.56533],[-117.99784,45.56533],[-117.99784,45.5656],[-117.99823,45.5656],[-117.99823,45.56587],[-117.99861,45.56587],[-117.99861,45.56614],[-117.999,45.56614],[-117.999,45.56641],[-117.99938,45.56641],[-117.99938,45.56668],[-118.00015,45.56641],[-118.00015,45.56614],[-117.99977,45.56614],[-117.99977,45.56587]],[[-117.99977,45.56695],[-118.00015,45.56695],[-118.00015,45.56668],[-117.99977,45.56668],[-117.99977,45.56695]],[[-118.03866,45.60333],[-118.03789,45.6036],[-118.03789,45.60414],[-118.03904,45.60414],[-118.03904,45.60387],[-118.03981,45.60387],[-118.03981,45.6036],[-118.04097,45.6036],[-118.04097,45.60279],[-118.0402,45.60252],[-118.0402,45.60279],[-118.03866,45.60306],[-118.03866,45.60333]],[[-118.0402,45.60225],[-118.03981,45.60225],[-118.03981,45.60252],[-118.0402,45.60252],[-118.0402,45.60225]],[[-118.03134,45.60171],[-118.03173,45.60171],[-118.03173,45.60144],[-118.03134,45.60144],[-118.03134,45.60171]],[[-118.03134,45.60118],[-118.03096,45.60118],[-118.03096,45.60144],[-118.03134,45.60144],[-118.03134,45.60118]],[[-118.02403,45.58581],[-118.02364,45.58581],[-118.02364,45.58608],[-118.02403,45.58608],[-118.02403,45.58581]],[[-118.0221,45.58554],[-118.02171,45.58554],[-118.02171,45.58581],[-118.0221,45.58581],[-118.0221,45.58554]],[[-118.01786,45.58554],[-118.01748,45.58554],[-118.01748,45.58581],[-118.01786,45.58581],[-118.01786,45.58554]],[[-118.01709,45.58528],[-118.01671,45.58528],[-118.01671,45.58554],[-118.01709,45.58554],[-118.01709,45.58528]],[[-118.01748,45.58474],[-118.01709,45.58474],[-118.01709,45.58501],[-118.01748,45.58501],[-118.01748,45.58474]],[[-118.00285,45.58339],[-118.00169,45.58339],[-118.00169,45.58366],[-118.00246,45.58366],[-118.00246,45.58393],[-118.00285,45.58393],[-118.00285,45.58339]],[[-118.00169,45.58312],[-118.00131,45.58312],[-118.00131,45.58339],[-118.00169,45.58339],[-118.00169,45.58312]],[[-118.02403,45.58285],[-118.02364,45.58285],[-118.02364,45.58312],[-118.02403,45.58312],[-118.02403,45.58285]],[[-118.01401,45.58285],[-118.01363,45.58285],[-118.01363,45.58312],[-118.01401,45.58312],[-118.01401,45.58285]],[[-118.02441,45.58231],[-118.02403,45.58231],[-118.02403,45.58258],[-118.02441,45.58258],[-118.02441,45.58231]],[[-118.01363,45.58177],[-118.01324,45.58177],[-118.01324,45.58258],[-118.01363,45.58258],[-118.01363,45.58177]],[[-118.02326,45.58123],[-118.02287,45.58123],[-118.02287,45.5815],[-118.02326,45.5815],[-118.02326,45.58123]],[[-118.01478,45.58096],[-118.0144,45.58096],[-118.0144,45.58123],[-118.01478,45.58123],[-118.01478,45.58096]],[[-118.01401,45.57881],[-118.01363,45.57881],[-118.01363,45.57935],[-118.01401,45.57935],[-118.01401,45.57881]],[[-118.02056,45.57854],[-118.02017,45.57854],[-118.02017,45.57881],[-118.02056,45.57881],[-118.02056,45.57854]],[[-118.0194,45.57827],[-118.01902,45.57827],[-118.01902,45.57854],[-118.0194,45.57854],[-118.0194,45.57827]],[[-118.0144,45.57827],[-118.01401,45.57827],[-118.01401,45.57854],[-118.0144,45.57854],[-118.0144,45.57827]],[[-118.01825,45.57773],[-118.01786,45.57773],[-118.01786,45.578],[-118.01825,45.578],[-118.01825,45.57773]],[[-118.01709,45.57746],[-118.01671,45.57746],[-118.01671,45.57773],[-118.01709,45.57773],[-118.01709,45.57746]],[[-118.03712,45.57638],[-118.03635,45.57638],[-118.03635,45.57665],[-118.03712,45.57665],[-118.03712,45.57638]],[[-117.99245,45.57153],[-117.99322,45.57153],[-117.99322,45.57126],[-117.99284,45.57126],[-117.99284,45.57045],[-117.99245,45.57045],[-117.99245,45.57153]],[[-118.01902,45.5683],[-118.01863,45.5683],[-118.01863,45.56884],[-118.01902,45.56884],[-118.01902,45.5683]],[[-117.99592,45.56749],[-117.99707,45.56749],[-117.99707,45.56722],[-117.99592,45.56722],[-117.99592,45.56749]],[[-117.99746,45.56722],[-117.99746,45.56695],[-117.99823,45.56695],[-117.99823,45.56668],[-117.99861,45.56668],[-117.99861,45.56641],[-117.99784,45.56641],[-117.99784,45.56614],[-117.99746,45.56614],[-117.99746,45.56668],[-117.99707,45.56668],[-117.99707,45.56722],[-117.99746,45.56722]],[[-117.99592,45.56695],[-117.99515,45.56695],[-117.99515,45.56722],[-117.99592,45.56722],[-117.99592,45.56695]]],[[[-117.999,45.58986],[-117.99938,45.58986],[-117.99938,45.59013],[-117.999,45.59013],[-117.999,45.58986]]],[[[-118.00439,45.59336],[-118.00477,45.59336],[-118.00477,45.59363],[-118.00439,45.59363],[-118.00439,45.59336]]],[[[-118.00477,45.59471],[-118.00477,45.5939],[-118.00516,45.5939],[-118.00516,45.59471],[-118.00477,45.59471]]],[[[-118.01709,45.60064],[-118.01709,45.60118],[-118.01632,45.60118],[-118.01632,45.60091],[-118.01709,45.60064]]],[[[-118.02403,45.60252],[-118.0248,45.60252],[-118.0248,45.60279],[-118.02518,45.60279],[-118.02518,45.60333],[-118.0248,45.60333],[-118.0248,45.6036],[-118.02364,45.6036],[-118.02364,45.60306],[-118.02326,45.60306],[-118.02326,45.60252],[-118.02364,45.60252],[-118.02364,45.60225],[-118.02403,45.60225],[-118.02403,45.60252]]],[[[-118.02287,45.60306],[-118.02326,45.60306],[-118.02326,45.6036],[-118.02287,45.6036],[-118.02287,45.60306]]],[[[-118.04828,45.60414],[-118.0479,45.60414],[-118.0479,45.60441],[-118.04713,45.60441],[-118.04713,45.60414],[-118.04674,45.60414],[-118.04674,45.6036],[-118.04828,45.6036],[-118.04828,45.60414]]],[[[-118.04636,45.60441],[-118.04636,45.60414],[-118.04674,45.60414],[-118.04674,45.60441],[-118.04636,45.60441]]],[[[-118.04289,45.60468],[-118.04289,45.60414],[-118.04328,45.60414],[-118.04328,45.60468],[-118.04289,45.60468]]],[[[-118.05136,45.60495],[-118.05136,45.60468],[-118.05175,45.60468],[-118.05175,45.60495],[-118.05136,45.60495]]],[[[-118.05175,45.60495],[-118.05213,45.60495],[-118.05213,45.60522],[-118.05175,45.60522],[-118.05175,45.60495]]],[[[-117.98822,45.56884],[-117.9886,45.56884],[-117.9886,45.56911],[-117.98822,45.56911],[-117.98822,45.56884]]],[[[-117.9886,45.56964],[-117.9886,45.56937],[-117.98899,45.56937],[-117.98899,45.56964],[-117.9886,45.56964]]],[[[-117.98706,45.57072],[-117.98706,45.57018],[-117.98745,45.57018],[-117.98745,45.57072],[-117.98706,45.57072]]],[[[-117.98822,45.57126],[-117.98822,45.57018],[-117.9886,45.57018],[-117.9886,45.57126],[-117.98822,45.57126]]],[[[-117.98668,45.57099],[-117.98706,45.57099],[-117.98706,45.57126],[-117.98668,45.57126],[-117.98668,45.57099]]],[[[-117.98783,45.57153],[-117.98822,45.57153],[-117.98822,45.57207],[-117.98783,45.57207],[-117.98783,45.57153]]],[[[-117.98783,45.57234],[-117.98783,45.57261],[-117.98706,45.57261],[-117.98706,45.57207],[-117.98783,45.57234]]],[[[-117.99091,45.58474],[-117.99091,45.58581],[-117.99168,45.58581],[-117.99168,45.58608],[-117.99322,45.58635],[-117.99322,45.58662],[-117.99399,45.58662],[-117.99399,45.58689],[-117.99438,45.58689],[-117.99438,45.58716],[-117.99592,45.58716],[-117.99592,45.58797],[-117.9963,45.58797],[-117.9963,45.58851],[-117.99669,45.58851],[-117.99669,45.58878],[-117.99746,45.58905],[-117.99746,45.58932],[-117.999,45.58959],[-117.999,45.58986],[-117.99823,45.58986],[-117.99823,45.59013],[-117.999,45.5904],[-117.999,45.59066],[-117.99938,45.59066],[-117.99938,45.59013],[-117.99977,45.59013],[-117.99977,45.5904],[-118.00015,45.5904],[-118.00015,45.5912],[-118.00131,45.5912],[-118.00131,45.59147],[-118.00208,45.59147],[-118.00208,45.59174],[-118.00246,45.59174],[-118.00246,45.59201],[-118.00323,45.59228],[-118.00323,45.59282],[-118.00362,45.59282],[-118.00362,45.59309],[-118.00439,45.59309],[-118.00439,45.59336],[-118.00323,45.59336],[-118.00323,45.59363],[-118.00285,45.59363],[-118.00285,45.5939],[-118.00246,45.5939],[-118.00246,45.59498],[-118.004,45.59498],[-118.004,45.59471],[-118.00477,45.59471],[-118.00477,45.59498],[-118.00439,45.59498],[-118.00439,45.59525],[-118.00169,45.59525],[-118.00169,45.59471],[-118.00092,45.59471],[-118.00092,45.59444],[-118.00131,45.59444],[-118.00131,45.5939],[-118.00169,45.5939],[-118.00169,45.59336],[-118.00208,45.59336],[-118.00208,45.59255],[-118.00092,45.59255],[-118.00092,45.59282],[-118.00054,45.59282],[-118.00054,45.59363],[-117.99977,45.5939],[-117.99977,45.59444],[-117.999,45.59444],[-117.999,45.5939],[-117.99823,45.59363],[-117.99823,45.59282],[-117.99784,45.59282],[-117.99784,45.59255],[-117.99707,45.59255],[-117.99707,45.59228],[-117.9963,45.59228],[-117.9963,45.59201],[-117.99592,45.59201],[-117.99592,45.59174],[-117.99515,45.59201],[-117.99515,45.59147],[-117.99476,45.59147],[-117.99476,45.5912],[-117.99438,45.5912],[-117.99438,45.59093],[-117.99399,45.59093],[-117.99399,45.59066],[-117.99361,45.59066],[-117.99361,45.5904],[-117.99322,45.5904],[-117.99322,45.59013],[-117.99284,45.59013],[-117.99284,45.58986],[-117.99245,45.58986],[-117.99245,45.58959],[-117.99207,45.58959],[-117.99207,45.58932],[-117.99168,45.58932],[-117.99168,45.58878],[-117.9913,45.58878],[-117.9913,45.58824],[-117.99091,45.58824],[-117.99091,45.58797],[-117.99053,45.58797],[-117.99053,45.5877],[-117.99014,45.5877],[-117.99014,45.58743],[-117.98976,45.58743],[-117.98976,45.58716],[-117.98937,45.58716],[-117.98937,45.58689],[-117.98899,45.58689],[-117.98899,45.58662],[-117.98822,45.58662],[-117.98822,45.58608],[-117.98783,45.58608],[-117.98783,45.58581],[-117.98745,45.58581],[-117.98745,45.58554],[-117.98706,45.58554],[-117.98706,45.58501],[-117.98668,45.58501],[-117.98668,45.58474],[-117.98591,45.58474],[-117.98591,45.58447],[-117.98629,45.58447],[-117.98629,45.58339],[-117.98668,45.58339],[-117.98668,45.58285],[-117.98706,45.58285],[-117.98706,45.58258],[-117.9886,45.58258],[-117.9886,45.58285],[-117.98899,45.58285],[-117.98899,45.58339],[-117.98937,45.58339],[-117.98937,45.58393],[-117.98976,45.58393],[-117.98976,45.58447],[-117.99014,45.58447],[-117.99014,45.58474],[-117.99091,45.58474]],[[-117.98899,45.58393],[-117.98899,45.58366],[-117.98822,45.58339],[-117.98822,45.58312],[-117.98706,45.58312],[-117.98706,45.58366],[-117.98783,45.58366],[-117.98783,45.58393],[-117.9886,45.5842],[-117.9886,45.58447],[-117.98937,45.58447],[-117.98937,45.58393],[-117.98899,45.58393]],[[-117.99746,45.59066],[-117.99669,45.59066],[-117.99669,45.59093],[-117.9963,45.59093],[-117.9963,45.59174],[-117.99746,45.59174],[-117.99746,45.5912],[-117.99784,45.5912],[-117.99784,45.59093],[-117.99746,45.59093],[-117.99746,45.59066]],[[-117.99399,45.58986],[-117.99361,45.58986],[-117.99361,45.59013],[-117.99399,45.59013],[-117.99399,45.58986]],[[-117.99515,45.5877],[-117.99476,45.5877],[-117.99476,45.58743],[-117.99399,45.58743],[-117.99399,45.58797],[-117.99476,45.58797],[-117.99476,45.58824],[-117.99515,45.58824],[-117.99515,45.58851],[-117.99592,45.58851],[-117.99592,45.58824],[-117.99515,45.58797],[-117.99515,45.5877]],[[-117.99245,45.58662],[-117.99168,45.58635],[-117.99168,45.58662],[-117.99091,45.58689],[-117.99091,45.58743],[-117.9913,45.58743],[-117.9913,45.5877],[-117.99245,45.5877],[-117.99245,45.58743],[-117.99284,45.58743],[-117.99284,45.58716],[-117.99245,45.58716],[-117.99245,45.58662]],[[-117.98976,45.58608],[-117.98937,45.58608],[-117.98937,45.58635],[-117.98976,45.58635],[-117.98976,45.58608]],[[-117.98822,45.58501],[-117.98783,45.58501],[-117.98783,45.58554],[-117.98822,45.58554],[-117.98822,45.58501]]],[[[-117.99553,45.59255],[-117.99553,45.59228],[-117.99592,45.59228],[-117.99592,45.59255],[-117.99553,45.59255]]],[[[-117.99592,45.59255],[-117.9963,45.59255],[-117.9963,45.59282],[-117.99592,45.59282],[-117.99592,45.59255]]],[[[-117.9963,45.59282],[-117.99707,45.59282],[-117.99707,45.59336],[-117.99669,45.59336],[-117.99669,45.59309],[-117.9963,45.59309],[-117.9963,45.59282]]],[[[-117.99707,45.59363],[-117.99707,45.59336],[-117.99746,45.59336],[-117.99746,45.59363],[-117.99707,45.59363]]],[[[-117.99784,45.59363],[-117.99784,45.5939],[-117.99746,45.5939],[-117.99746,45.59363],[-117.99784,45.59363]]],[[[-117.99861,45.59471],[-117.99861,45.59444],[-117.999,45.59444],[-117.999,45.59471],[-117.99861,45.59471]]],[[[-117.98668,45.5718],[-117.98706,45.5718],[-117.98706,45.57207],[-117.98668,45.57207],[-117.98668,45.5718]]],[[[-117.98629,45.57396],[-117.98668,45.57396],[-117.98668,45.57423],[-117.98629,45.57423],[-117.98629,45.57396]]],[[[-117.98552,45.5753],[-117.98552,45.57503],[-117.98591,45.57503],[-117.98591,45.5753],[-117.98552,45.5753]]],[[[-117.98668,45.57584],[-117.98668,45.57665],[-117.98629,45.57665],[-117.98629,45.57611],[-117.98591,45.57611],[-117.98591,45.57584],[-117.98668,45.57584]]],[[[-117.98514,45.57638],[-117.98591,45.57638],[-117.98591,45.57665],[-117.98514,45.57665],[-117.98514,45.57638]]],[[[-117.98668,45.57665],[-117.98706,45.57665],[-117.98706,45.57692],[-117.98668,45.57692],[-117.98668,45.57665]]],[[[-117.98475,45.57665],[-117.98514,45.57665],[-117.98514,45.57719],[-117.98475,45.57719],[-117.98475,45.57665]]],[[[-117.98629,45.57692],[-117.98668,45.57692],[-117.98668,45.57746],[-117.98629,45.57746],[-117.98629,45.57692]]],[[[-117.98591,45.57746],[-117.98629,45.57746],[-117.98629,45.57773],[-117.98591,45.57773],[-117.98591,45.57746]]],[[[-117.98514,45.57746],[-117.98552,45.57746],[-117.98552,45.57773],[-117.98514,45.57773],[-117.98514,45.57746]]],[[[-117.98552,45.57908],[-117.98591,45.57908],[-117.98591,45.57935],[-117.98552,45.57935],[-117.98552,45.57908]]],[[[-117.98629,45.57935],[-117.98668,45.57935],[-117.98668,45.57962],[-117.98629,45.57962],[-117.98629,45.57935]]],[[[-117.98514,45.58096],[-117.98475,45.58096],[-117.98475,45.58069],[-117.98398,45.58069],[-117.98398,45.57962],[-117.98437,45.57962],[-117.98437,45.57935],[-117.98552,45.57935],[-117.98552,45.57989],[-117.98591,45.57989],[-117.98591,45.58015],[-117.98668,45.58015],[-117.98668,45.57962],[-117.98706,45.57962],[-117.98706,45.58069],[-117.98745,45.58069],[-117.98745,45.5815],[-117.98552,45.5815],[-117.98552,45.58123],[-117.98514,45.58123],[-117.98514,45.58096]],[[-117.98668,45.58069],[-117.98668,45.58042],[-117.98629,45.58042],[-117.98629,45.58069],[-117.98591,45.58069],[-117.98591,45.58123],[-117.98706,45.58123],[-117.98706,45.58069],[-117.98668,45.58069]]]]},"properties":{"layer":"predicted_reach_h17","fire_name":"Middle_Ridge","irwin_id":"{2088689D-42B8-4A31-85B6-2CADB59BA127}","model":"arrival_run","checkpoint_epoch":216,"decode":"connected_causal","operating_point":{"floor":0.0,"mult":0.9},"val_precision":null,"val_recall":null,"model_caveat":"arrival_run chosen for best RECALL among the six FlameFlux v3 candidates on the production-valid t0-window corpus (R=0.624 on the fc2 held-out fires, R=0.432 on Dillon -- see candidate_comparison.md from the 2026-07-24 comparison). It does NOT meet the project's P>=0.50/R>=0.80 target: precision is the WORST of the six (P=0.120 on fc2 -- most flagged growth is wrong), and wind_run actually edges it on F1. IMPORTANT CAVEAT: arrival_run trained on the leaky 'observed' corpus (crop centered/sized on t0|t1, i.e. it saw the future perimeter's geometry during training) and has NEVER seen a t0-window crop -- the ONLY geometry this live pipeline can ever produce at forecast time (the future perimeter is, by definition, unknown). So every live prediction from this model is out-of-distribution relative to its own training. The measured t0-window numbers above already reflect that (they are not a surprise), but this is 'best available', not 'production-ready' -- represent it that way. The operating_point (floor=0.0, mult=0.9) is the VAL-selected connected-causal decode point; it did NOT clear the 0.50 precision floor during selection (feasible=False, val P=0.270/R=0.259) -- it's the best-F1 fallback point, not a precision-guaranteed one.","issued_at_utc":"2026-08-23 20:05:07.672141+00:00","valid_from_utc":"2026-08-23 00:00:00","valid_to_utc":"2026-08-24 00:00:00","wfigs_date_current_utc":"2026-08-23 16:41:28.079000+00:00","pixel_size_m":30,"veg_source":"refreshed_d4","physics_source":"eikonal_fbfm40","history_n_dates":1,"degraded_history":true,"containment_pct":0.0,"acres_wfigs":138.34560634370422,"hour":17,"valid_at_utc":"2026-08-23 17:00:00"}},{"type":"Feature","geometry":{"type":"MultiPolygon","coordinates":[[[[-117.99669,45.58231],[-117.9963,45.58231],[-117.9963,45.58204],[-117.99746,45.58204],[-117.99746,45.58177],[-117.99784,45.58177],[-117.99784,45.58231],[-117.99707,45.58231],[-117.99707,45.58258],[-117.99669,45.58258],[-117.99669,45.58231]]],[[[-118.03943,45.58474],[-118.03943,45.58501],[-118.03981,45.58501],[-118.03981,45.58581],[-118.0402,45.58581],[-118.0402,45.58635],[-118.04058,45.58635],[-118.04058,45.58689],[-118.04097,45.58689],[-118.04097,45.58743],[-118.04174,45.58743],[-118.04174,45.5877],[-118.04135,45.5877],[-118.04135,45.58797],[-118.04174,45.58797],[-118.04174,45.58824],[-118.04135,45.58824],[-118.04135,45.58878],[-118.04174,45.58878],[-118.04174,45.58932],[-118.04251,45.58959],[-118.04251,45.59013],[-118.04328,45.5904],[-118.04328,45.59093],[-118.04636,45.5912],[-118.04636,45.59093],[-118.04751,45.59093],[-118.04751,45.59066],[-118.04828,45.5904],[-118.04828,45.59013],[-118.04905,45.59013],[-118.04905,45.59093],[-118.04867,45.59093],[-118.04867,45.5912],[-118.04905,45.5912],[-118.04905,45.59174],[-118.04944,45.59174],[-118.04944,45.59255],[-118.04905,45.59255],[-118.04905,45.59336],[-118.04867,45.59336],[-118.04867,45.59471],[-118.04828,45.59471],[-118.04828,45.59579],[-118.04867,45.59579],[-118.04867,45.59605],[-118.04905,45.59605],[-118.04905,45.59632],[-118.04944,45.59632],[-118.04944,45.59659],[-118.04982,45.59659],[-118.04982,45.59686],[-118.05059,45.59686],[-118.05059,45.59713],[-118.05098,45.59713],[-118.05098,45.59767],[-118.05136,45.59767],[-118.05136,45.59794],[-118.05098,45.59794],[-118.05098,45.59848],[-118.05059,45.59848],[-118.05059,45.59902],[-118.05098,45.59902],[-118.05098,45.59929],[-118.05175,45.59929],[-118.05175,45.59956],[-118.05213,45.59956],[-118.05213,45.59983],[-118.0529,45.59983],[-118.0529,45.6001],[-118.05329,45.6001],[-118.05329,45.59983],[-118.05444,45.59983],[-118.05444,45.59956],[-118.05521,45.59983],[-118.05521,45.60091],[-118.0556,45.60091],[-118.0556,45.60144],[-118.05637,45.60144],[-118.05637,45.60225],[-118.05598,45.60225],[-118.05598,45.60306],[-118.0556,45.60306],[-118.0556,45.6036],[-118.05521,45.6036],[-118.05521,45.60441],[-118.05483,45.60441],[-118.05483,45.60468],[-118.05444,45.60468],[-118.05444,45.60441],[-118.05329,45.60441],[-118.05329,45.60414],[-118.0529,45.60414],[-118.0529,45.6036],[-118.05252,45.6036],[-118.05252,45.60333],[-118.05175,45.60306],[-118.05175,45.60279],[-118.05021,45.60252],[-118.05021,45.60198],[-118.04982,45.60198],[-118.04982,45.60171],[-118.04905,45.60144],[-118.04905,45.60118],[-118.04828,45.60118],[-118.04828,45.60091],[-118.0479,45.60091],[-118.0479,45.60118],[-118.04751,45.60118],[-118.04751,45.60333],[-118.04828,45.6036],[-118.04828,45.60441],[-118.04751,45.60441],[-118.04751,45.60468],[-118.04713,45.60468],[-118.04713,45.60414],[-118.04674,45.60414],[-118.04674,45.60441],[-118.04597,45.60441],[-118.04597,45.60414],[-118.04636,45.60414],[-118.04636,45.60387],[-118.04443,45.60387],[-118.04443,45.6036],[-118.04366,45.6036],[-118.04366,45.60333],[-118.04328,45.60333],[-118.04328,45.60306],[-118.04289,45.60306],[-118.04289,45.60279],[-118.04251,45.60279],[-118.04251,45.60252],[-118.04174,45.60225],[-118.04174,45.60306],[-118.04212,45.60306],[-118.04212,45.60333],[-118.04289,45.6036],[-118.04289,45.60387],[-118.04212,45.60387],[-118.04212,45.6036],[-118.04174,45.6036],[-118.04174,45.60387],[-118.04097,45.60414],[-118.04097,45.60468],[-118.04174,45.60468],[-118.04174,45.60441],[-118.04212,45.60441],[-118.04212,45.60522],[-118.04135,45.60522],[-118.04135,45.60495],[-118.03866,45.60495],[-118.03866,45.60522],[-118.03827,45.60522],[-118.03827,45.60495],[-118.03789,45.60495],[-118.03789,45.60441],[-118.03712,45.60414],[-118.03712,45.60468],[-118.03673,45.60468],[-118.03673,45.60387],[-118.03635,45.60387],[-118.03635,45.60441],[-118.03596,45.60441],[-118.03596,45.60468],[-118.03635,45.60468],[-118.03635,45.60522],[-118.03558,45.60495],[-118.03558,45.60549],[-118.03519,45.60549],[-118.03519,45.60576],[-118.03442,45.60576],[-118.03442,45.60549],[-118.03365,45.60522],[-118.03365,45.60495],[-118.03442,45.60468],[-118.03442,45.60414],[-118.03481,45.60414],[-118.03481,45.60387],[-118.03442,45.60387],[-118.03442,45.60333],[-118.03211,45.60414],[-118.03211,45.6036],[-118.03173,45.6036],[-118.03173,45.60225],[-118.03134,45.60225],[-118.03134,45.60198],[-118.03096,45.60198],[-118.03096,45.60171],[-118.03019,45.60171],[-118.03019,45.60144],[-118.0298,45.60144],[-118.0298,45.60118],[-118.02903,45.60144],[-118.02903,45.60118],[-118.02826,45.60091],[-118.02826,45.60064],[-118.02749,45.60064],[-118.02749,45.60037],[-118.02672,45.60037],[-118.02672,45.6001],[-118.02441,45.6001],[-118.02441,45.59929],[-118.02403,45.59929],[-118.02403,45.59902],[-118.02364,45.59902],[-118.02364,45.59875],[-118.0221,45.59875],[-118.0221,45.59902],[-118.02171,45.59902],[-118.02171,45.59956],[-118.02249,45.59983],[-118.02249,45.60037],[-118.02287,45.60037],[-118.02287,45.60064],[-118.02403,45.60064],[-118.02403,45.60118],[-118.02364,45.60118],[-118.02364,45.60144],[-118.02326,45.60144],[-118.02326,45.60118],[-118.0221,45.60118],[-118.0221,45.60144],[-118.02133,45.60171],[-118.02133,45.60225],[-118.02017,45.60225],[-118.02017,45.60252],[-118.0194,45.60225],[-118.0194,45.60279],[-118.01825,45.60279],[-118.01825,45.60252],[-118.01748,45.60252],[-118.01748,45.60225],[-118.01786,45.60225],[-118.01786,45.60198],[-118.01863,45.60198],[-118.01863,45.60171],[-118.01902,45.60171],[-118.01902,45.60118],[-118.0194,45.60118],[-118.0194,45.60091],[-118.01979,45.60091],[-118.01979,45.60064],[-118.02017,45.60064],[-118.02017,45.60037],[-118.02056,45.60037],[-118.02056,45.6001],[-118.0194,45.6001],[-118.0194,45.60037],[-118.01902,45.60037],[-118.01902,45.60064],[-118.01863,45.60064],[-118.01863,45.60091],[-118.01825,45.60091],[-118.01825,45.60118],[-118.01748,45.60118],[-118.01748,45.60064],[-118.01709,45.60064],[-118.01709,45.6001],[-118.01671,45.6001],[-118.01671,45.60037],[-118.01632,45.60037],[-118.01632,45.60064],[-118.01594,45.60064],[-118.01594,45.60037],[-118.01555,45.60037],[-118.01555,45.59848],[-118.01324,45.59848],[-118.01324,45.5974],[-118.01209,45.5974],[-118.01209,45.59686],[-118.0117,45.59686],[-118.0117,45.59605],[-118.01132,45.59605],[-118.01132,45.59552],[-118.01093,45.59552],[-118.01093,45.59525],[-118.01055,45.59525],[-118.01055,45.59498],[-118.01016,45.59498],[-118.01016,45.59471],[-118.00978,45.59471],[-118.00978,45.59444],[-118.00901,45.59417],[-118.00901,45.5939],[-118.00747,45.59363],[-118.00747,45.59336],[-118.00708,45.59336],[-118.00708,45.59309],[-118.0067,45.59309],[-118.0067,45.59282],[-118.00631,45.59282],[-118.00631,45.59255],[-118.00554,45.59255],[-118.00554,45.59228],[-118.00516,45.59228],[-118.00516,45.59201],[-118.00439,45.59201],[-118.00439,45.59147],[-118.004,45.59147],[-118.004,45.5912],[-118.00323,45.5912],[-118.00323,45.59093],[-118.00285,45.59093],[-118.00285,45.59066],[-118.00246,45.59066],[-118.00246,45.5904],[-118.00169,45.5904],[-118.00169,45.59013],[-118.00131,45.59013],[-118.00131,45.58959],[-118.00054,45.58959],[-118.00054,45.58932],[-118.00015,45.58932],[-118.00015,45.58905],[-117.99977,45.58905],[-117.99977,45.58878],[-117.99938,45.58878],[-117.99938,45.58851],[-117.999,45.58851],[-117.999,45.58824],[-117.99746,45.58824],[-117.99746,45.58743],[-117.99707,45.58743],[-117.99707,45.58716],[-117.99592,45.58716],[-117.99592,45.58635],[-117.99515,45.58608],[-117.99515,45.58554],[-117.99438,45.58554],[-117.99438,45.58528],[-117.99361,45.58528],[-117.99361,45.58501],[-117.99284,45.58501],[-117.99284,45.58447],[-117.99245,45.58447],[-117.99245,45.5842],[-117.99168,45.58393],[-117.99168,45.58366],[-117.99091,45.58339],[-117.99091,45.58312],[-117.99014,45.58285],[-117.99014,45.58258],[-117.98976,45.58258],[-117.98976,45.58204],[-117.98899,45.58177],[-117.98899,45.58096],[-117.9886,45.58096],[-117.9886,45.58042],[-117.98822,45.58042],[-117.98822,45.57962],[-117.98783,45.57962],[-117.98783,45.57557],[-117.98745,45.57557],[-117.98745,45.57584],[-117.98706,45.57584],[-117.98706,45.57611],[-117.98668,45.57611],[-117.98668,45.57638],[-117.98706,45.57638],[-117.98706,45.57719],[-117.98668,45.57719],[-117.98668,45.57746],[-117.98629,45.57746],[-117.98629,45.57692],[-117.98668,45.57692],[-117.98668,45.57665],[-117.98629,45.57665],[-117.98629,45.57638],[-117.98591,45.57638],[-117.98591,45.57665],[-117.98514,45.57665],[-117.98514,45.57719],[-117.98475,45.57719],[-117.98475,45.57638],[-117.98552,45.57638],[-117.98552,45.57584],[-117.98668,45.57584],[-117.98668,45.57557],[-117.98706,45.57557],[-117.98706,45.57396],[-117.98668,45.57396],[-117.98668,45.57342],[-117.98706,45.57342],[-117.98706,45.57369],[-117.98783,45.57342],[-117.98783,45.5745],[-117.98822,45.5745],[-117.98822,45.57423],[-117.9886,45.57423],[-117.9886,45.57342],[-117.98899,45.57342],[-117.98899,45.57288],[-117.98937,45.57288],[-117.98937,45.57126],[-117.98976,45.57126],[-117.98976,45.5718],[-117.99014,45.5718],[-117.99014,45.57018],[-117.98976,45.57018],[-117.98976,45.56911],[-117.99014,45.56911],[-117.99014,45.56884],[-117.98976,45.56884],[-117.98976,45.56722],[-117.98899,45.56695],[-117.98899,45.56614],[-117.9886,45.56614],[-117.9886,45.56533],[-117.98937,45.56533],[-117.98937,45.56506],[-117.98976,45.56506],[-117.98976,45.56452],[-117.99014,45.56452],[-117.99014,45.56425],[-117.99168,45.56425],[-117.99168,45.56452],[-117.99245,45.56479],[-117.99245,45.56533],[-117.99284,45.56533],[-117.99284,45.56587],[-117.99361,45.56587],[-117.99361,45.56614],[-117.99438,45.56587],[-117.99438,45.56533],[-117.99476,45.56533],[-117.99476,45.56506],[-117.99515,45.56506],[-117.99515,45.56479],[-117.99669,45.56479],[-117.99669,45.56506],[-117.99746,45.56506],[-117.99746,45.56533],[-117.99823,45.56533],[-117.99823,45.5656],[-117.99861,45.5656],[-117.99861,45.56587],[-117.99977,45.56587],[-117.99977,45.56506],[-117.99938,45.56506],[-117.99938,45.56452],[-117.999,45.56452],[-117.999,45.56425],[-118.00092,45.56425],[-118.00092,45.56452],[-118.00131,45.56452],[-118.00131,45.56479],[-118.00208,45.56479],[-118.00208,45.56506],[-118.00285,45.56506],[-118.00285,45.56399],[-118.00323,45.56399],[-118.00323,45.56452],[-118.00362,45.56452],[-118.00362,45.56506],[-118.00439,45.56506],[-118.00439,45.56425],[-118.00631,45.56425],[-118.00631,45.56452],[-118.0067,45.56452],[-118.0067,45.56479],[-118.00708,45.56479],[-118.00708,45.56506],[-118.00747,45.56506],[-118.00747,45.56533],[-118.00785,45.56533],[-118.00785,45.5656],[-118.00747,45.5656],[-118.00747,45.56668],[-118.00785,45.56668],[-118.00785,45.56722],[-118.00862,45.56722],[-118.00862,45.56668],[-118.00978,45.56668],[-118.00978,45.56695],[-118.01209,45.56695],[-118.01209,45.56722],[-118.01247,45.56722],[-118.01247,45.56749],[-118.01286,45.56749],[-118.01286,45.56776],[-118.01324,45.56776],[-118.01324,45.56803],[-118.0144,45.56803],[-118.0144,45.56749],[-118.01478,45.56749],[-118.01478,45.56722],[-118.01594,45.56722],[-118.01594,45.56749],[-118.01671,45.56776],[-118.01671,45.56803],[-118.01748,45.56803],[-118.01748,45.5683],[-118.01825,45.56803],[-118.01825,45.56749],[-118.0194,45.56749],[-118.0194,45.56722],[-118.01979,45.56722],[-118.01979,45.56749],[-118.02017,45.56749],[-118.02017,45.56776],[-118.02094,45.56776],[-118.02094,45.56803],[-118.02171,45.56803],[-118.02171,45.5683],[-118.02326,45.5683],[-118.02326,45.56803],[-118.02364,45.56803],[-118.02364,45.5683],[-118.02441,45.5683],[-118.02441,45.56857],[-118.02595,45.5683],[-118.02595,45.56857],[-118.02672,45.56857],[-118.02672,45.56884],[-118.02711,45.56884],[-118.02711,45.56937],[-118.02749,45.56937],[-118.02749,45.56964],[-118.02711,45.56964],[-118.02711,45.56991],[-118.02749,45.56991],[-118.02749,45.57018],[-118.02711,45.57018],[-118.02711,45.57045],[-118.02788,45.57045],[-118.02788,45.57099],[-118.02826,45.57099],[-118.02826,45.57072],[-118.02903,45.57099],[-118.02903,45.57018],[-118.02942,45.57018],[-118.02942,45.56964],[-118.03019,45.56964],[-118.03019,45.56937],[-118.03057,45.56937],[-118.03057,45.57018],[-118.03096,45.57018],[-118.03096,45.57045],[-118.03057,45.57045],[-118.03057,45.57072],[-118.0298,45.57072],[-118.0298,45.57099],[-118.02903,45.57126],[-118.02903,45.57261],[-118.0298,45.57234],[-118.0298,45.57207],[-118.03019,45.57207],[-118.03019,45.5718],[-118.03057,45.5718],[-118.03057,45.57234],[-118.03134,45.57261],[-118.03134,45.57288],[-118.03211,45.57288],[-118.03211,45.57315],[-118.0325,45.57315],[-118.0325,45.57342],[-118.03365,45.57342],[-118.03365,45.57369],[-118.03404,45.57369],[-118.03404,45.57342],[-118.03673,45.57342],[-118.03673,45.57369],[-118.03596,45.57396],[-118.03596,45.57423],[-118.03558,45.57423],[-118.03558,45.5745],[-118.03519,45.5745],[-118.03519,45.57476],[-118.03442,45.57476],[-118.03442,45.57503],[-118.03365,45.5753],[-118.03365,45.57557],[-118.03211,45.57557],[-118.03211,45.57584],[-118.03096,45.57584],[-118.03096,45.57611],[-118.03134,45.57611],[-118.03134,45.57638],[-118.03327,45.57638],[-118.03327,45.57611],[-118.03635,45.57611],[-118.03635,45.57584],[-118.03827,45.57584],[-118.03827,45.57638],[-118.03789,45.57638],[-118.03789,45.57665],[-118.03981,45.57665],[-118.03981,45.57638],[-118.0402,45.57638],[-118.0402,45.57665],[-118.04058,45.57665],[-118.04058,45.57692],[-118.04135,45.57692],[-118.04135,45.57719],[-118.04174,45.57719],[-118.04174,45.57746],[-118.04135,45.57746],[-118.04135,45.57773],[-118.04212,45.57773],[-118.04212,45.57827],[-118.04289,45.57827],[-118.04289,45.57881],[-118.04328,45.57881],[-118.04328,45.57989],[-118.04405,45.57989],[-118.04405,45.57962],[-118.04482,45.57989],[-118.04482,45.58015],[-118.04443,45.58015],[-118.04443,45.58069],[-118.04405,45.58069],[-118.04405,45.58177],[-118.04443,45.58177],[-118.04443,45.58204],[-118.0452,45.58204],[-118.0452,45.58231],[-118.04597,45.58258],[-118.04597,45.58339],[-118.04674,45.58366],[-118.04674,45.58447],[-118.04636,45.58447],[-118.04636,45.58501],[-118.04713,45.58501],[-118.04713,45.58608],[-118.04674,45.58608],[-118.04674,45.58635],[-118.04713,45.58635],[-118.04713,45.58689],[-118.04751,45.58689],[-118.04751,45.58743],[-118.0479,45.58743],[-118.0479,45.58878],[-118.04751,45.58878],[-118.04751,45.58932],[-118.04674,45.58932],[-118.04674,45.58959],[-118.04636,45.58959],[-118.04636,45.58932],[-118.04559,45.58932],[-118.04559,45.58905],[-118.04482,45.58905],[-118.04482,45.58851],[-118.04443,45.58851],[-118.04443,45.58824],[-118.04405,45.58824],[-118.04405,45.58797],[-118.04328,45.58797],[-118.04328,45.5877],[-118.04289,45.5877],[-118.04289,45.58743],[-118.04251,45.58743],[-118.04251,45.58608],[-118.04212,45.58608],[-118.04212,45.58581],[-118.04174,45.58581],[-118.04174,45.58554],[-118.04097,45.58554],[-118.04097,45.58528],[-118.04058,45.58528],[-118.04058,45.58501],[-118.0402,45.58501],[-118.0402,45.58393],[-118.03981,45.58393],[-118.03981,45.58366],[-118.03943,45.58366],[-118.03943,45.58339],[-118.03866,45.58339],[-118.03866,45.58366],[-118.03827,45.58366],[-118.03827,45.5842],[-118.03904,45.58393],[-118.03904,45.58474],[-118.03943,45.58474]],[[-118.03789,45.5842],[-118.03789,45.58447],[-118.03827,45.58447],[-118.03827,45.5842],[-118.03789,45.5842]],[[-118.03866,45.60333],[-118.03789,45.6036],[-118.03789,45.60414],[-118.03904,45.60414],[-118.03904,45.60387],[-118.03981,45.60387],[-118.03981,45.6036],[-118.04097,45.6036],[-118.04097,45.60279],[-118.0402,45.60252],[-118.0402,45.60279],[-118.03866,45.60306],[-118.03866,45.60333]],[[-118.0402,45.60225],[-118.03981,45.60225],[-118.03981,45.60252],[-118.0402,45.60252],[-118.0402,45.60225]],[[-118.03134,45.60171],[-118.03173,45.60171],[-118.03173,45.60144],[-118.03134,45.60144],[-118.03134,45.60171]],[[-118.03134,45.60118],[-118.03096,45.60118],[-118.03096,45.60144],[-118.03134,45.60144],[-118.03134,45.60118]],[[-118.04636,45.59983],[-118.04674,45.59983],[-118.04674,45.6001],[-118.04751,45.6001],[-118.04751,45.59956],[-118.04674,45.59956],[-118.04674,45.59929],[-118.04636,45.59929],[-118.04636,45.59983]],[[-118.02403,45.58581],[-118.02364,45.58581],[-118.02364,45.58608],[-118.02403,45.58608],[-118.02403,45.58581]],[[-118.0221,45.58554],[-118.02171,45.58554],[-118.02171,45.58581],[-118.0221,45.58581],[-118.0221,45.58554]],[[-118.01786,45.58554],[-118.01748,45.58554],[-118.01748,45.58581],[-118.01786,45.58581],[-118.01786,45.58554]],[[-118.01709,45.58528],[-118.01671,45.58528],[-118.01671,45.58554],[-118.01709,45.58554],[-118.01709,45.58528]],[[-118.01748,45.58474],[-118.01709,45.58474],[-118.01709,45.58501],[-118.01748,45.58501],[-118.01748,45.58474]],[[-118.02403,45.58285],[-118.02364,45.58285],[-118.02364,45.58312],[-118.02403,45.58312],[-118.02403,45.58285]],[[-118.01401,45.58285],[-118.01363,45.58285],[-118.01363,45.58312],[-118.01401,45.58312],[-118.01401,45.58285]],[[-117.99784,45.58285],[-117.99823,45.58285],[-117.99823,45.58312],[-117.999,45.58312],[-117.999,45.58285],[-117.99938,45.58285],[-117.99938,45.58258],[-117.99861,45.58231],[-117.99861,45.58204],[-117.99784,45.58177],[-117.99784,45.5815],[-117.99823,45.5815],[-117.99823,45.58123],[-117.99592,45.5815],[-117.99592,45.58123],[-117.99515,45.58123],[-117.99515,45.58096],[-117.99476,45.58096],[-117.99476,45.58069],[-117.99399,45.58069],[-117.99399,45.5815],[-117.99476,45.5815],[-117.99476,45.58231],[-117.99553,45.58231],[-117.99553,45.58258],[-117.9963,45.58231],[-117.9963,45.58258],[-117.99669,45.58258],[-117.99669,45.58285],[-117.99746,45.58285],[-117.99746,45.58312],[-117.99784,45.58312],[-117.99784,45.58285]],[[-118.02441,45.58231],[-118.02403,45.58231],[-118.02403,45.58258],[-118.02441,45.58258],[-118.02441,45.58231]],[[-118.01363,45.58177],[-118.01324,45.58177],[-118.01324,45.58258],[-118.01363,45.58258],[-118.01363,45.58177]],[[-118.02326,45.58123],[-118.02287,45.58123],[-118.02287,45.5815],[-118.02326,45.5815],[-118.02326,45.58123]],[[-118.01478,45.58096],[-118.0144,45.58096],[-118.0144,45.58123],[-118.01478,45.58123],[-118.01478,45.58096]],[[-117.99823,45.58069],[-117.99784,45.58069],[-117.99784,45.58096],[-117.99823,45.58096],[-117.99823,45.58069]],[[-117.99476,45.57881],[-117.99553,45.57881],[-117.99553,45.57908],[-117.99592,45.57908],[-117.99592,45.57935],[-117.99669,45.57935],[-117.99669,45.57962],[-117.99746,45.57935],[-117.99746,45.57908],[-117.99669,45.57908],[-117.99669,45.57854],[-117.9963,45.57854],[-117.9963,45.57827],[-117.99515,45.57827],[-117.99515,45.578],[-117.99438,45.578],[-117.99438,45.57773],[-117.99399,45.57773],[-117.99399,45.57827],[-117.99438,45.57827],[-117.99438,45.57854],[-117.99476,45.57854],[-117.99476,45.57881]],[[-117.99399,45.57746],[-117.99361,45.57746],[-117.99361,45.57692],[-117.99322,45.57692],[-117.99322,45.57665],[-117.99284,45.57665],[-117.99284,45.57692],[-117.99168,45.57692],[-117.99168,45.57719],[-117.99091,45.57692],[-117.99091,45.57746],[-117.99168,45.57746],[-117.99168,45.57773],[-117.99245,45.57773],[-117.99245,45.578],[-117.99284,45.578],[-117.99284,45.57773],[-117.99399,45.57773],[-117.99399,45.57746]],[[-118.01401,45.57881],[-118.01363,45.57881],[-118.01363,45.57935],[-118.01401,45.57935],[-118.01401,45.57881]],[[-117.99823,45.57908],[-117.99784,45.57908],[-117.99784,45.57935],[-117.99823,45.57935],[-117.99823,45.57908]],[[-118.02056,45.57854],[-118.02017,45.57854],[-118.02017,45.57881],[-118.02056,45.57881],[-118.02056,45.57854]],[[-118.0194,45.57827],[-118.01902,45.57827],[-118.01902,45.57854],[-118.0194,45.57854],[-118.0194,45.57827]],[[-118.0144,45.57827],[-118.01401,45.57827],[-118.01401,45.57854],[-118.0144,45.57854],[-118.0144,45.57827]],[[-118.01825,45.57773],[-118.01786,45.57773],[-118.01786,45.578],[-118.01825,45.578],[-118.01825,45.57773]],[[-118.01709,45.57746],[-118.01671,45.57746],[-118.01671,45.57773],[-118.01709,45.57773],[-118.01709,45.57746]],[[-118.03712,45.57638],[-118.03635,45.57638],[-118.03635,45.57665],[-118.03712,45.57665],[-118.03712,45.57638]],[[-117.99091,45.57638],[-117.99014,45.57638],[-117.99014,45.57665],[-117.99091,45.57665],[-117.99091,45.57638]],[[-117.9913,45.57342],[-117.99091,45.57342],[-117.99091,45.57234],[-117.98976,45.57234],[-117.98976,45.57288],[-117.99053,45.57315],[-117.99053,45.5753],[-117.99091,45.5753],[-117.99091,45.57557],[-117.99207,45.57557],[-117.99207,45.5745],[-117.99168,45.5745],[-117.99168,45.57369],[-117.9913,45.57369],[-117.9913,45.57342]],[[-117.99245,45.57153],[-117.99322,45.57153],[-117.99322,45.57126],[-117.99284,45.57126],[-117.99284,45.57045],[-117.99245,45.57045],[-117.99245,45.57153]],[[-117.99245,45.56937],[-117.99284,45.56937],[-117.99284,45.56884],[-117.99168,45.56884],[-117.99168,45.56911],[-117.99245,45.56911],[-117.99245,45.56937]],[[-118.01902,45.5683],[-118.01863,45.5683],[-118.01863,45.56884],[-118.01902,45.56884],[-118.01902,45.5683]]],[[[-118.00054,45.59093],[-118.00054,45.5912],[-118.00169,45.5912],[-118.00169,45.59147],[-118.00208,45.59147],[-118.00208,45.59174],[-118.00285,45.59174],[-118.00285,45.59201],[-118.00323,45.59201],[-118.00323,45.59228],[-118.00362,45.59228],[-118.00362,45.59282],[-118.00439,45.59309],[-118.00439,45.59336],[-118.00323,45.59336],[-118.00323,45.59363],[-118.00285,45.59363],[-118.00285,45.5939],[-118.00246,45.5939],[-118.00246,45.59498],[-118.004,45.59498],[-118.004,45.59471],[-118.00477,45.59471],[-118.00477,45.59525],[-118.00323,45.59552],[-118.00323,45.59525],[-118.00169,45.59525],[-118.00169,45.59471],[-117.99861,45.59471],[-117.99861,45.59444],[-117.999,45.59444],[-117.999,45.5939],[-117.99823,45.59363],[-117.99823,45.59282],[-117.99784,45.59282],[-117.99784,45.59255],[-117.99707,45.59255],[-117.99707,45.59228],[-117.9963,45.59228],[-117.9963,45.59201],[-117.99592,45.59201],[-117.99592,45.59174],[-117.99553,45.59174],[-117.99553,45.59228],[-117.99515,45.59228],[-117.99515,45.59147],[-117.99476,45.59147],[-117.99476,45.5912],[-117.99438,45.5912],[-117.99438,45.59093],[-117.99399,45.59093],[-117.99399,45.59066],[-117.99361,45.59066],[-117.99361,45.5904],[-117.99322,45.5904],[-117.99322,45.59013],[-117.99284,45.59013],[-117.99284,45.58986],[-117.99245,45.58986],[-117.99245,45.58959],[-117.99207,45.58959],[-117.99207,45.58932],[-117.99168,45.58932],[-117.99168,45.58878],[-117.99091,45.58851],[-117.99091,45.58797],[-117.99053,45.58797],[-117.99053,45.5877],[-117.99014,45.5877],[-117.99014,45.58743],[-117.98976,45.58743],[-117.98976,45.58716],[-117.98937,45.58716],[-117.98937,45.58689],[-117.9886,45.58689],[-117.9886,45.58662],[-117.98822,45.58662],[-117.98822,45.58635],[-117.98783,45.58635],[-117.98783,45.58608],[-117.98745,45.58608],[-117.98745,45.58554],[-117.98706,45.58554],[-117.98706,45.58501],[-117.98591,45.58501],[-117.98591,45.5842],[-117.98629,45.5842],[-117.98629,45.58312],[-117.98668,45.58312],[-117.98668,45.58258],[-117.98745,45.58258],[-117.98745,45.58231],[-117.98783,45.58231],[-117.98783,45.58258],[-117.98899,45.58258],[-117.98899,45.58339],[-117.98937,45.58339],[-117.98937,45.58393],[-117.98976,45.58393],[-117.98976,45.58447],[-117.9913,45.58474],[-117.9913,45.58581],[-117.99207,45.58581],[-117.99207,45.58608],[-117.99284,45.58608],[-117.99284,45.58635],[-117.99399,45.58635],[-117.99399,45.58689],[-117.99476,45.58689],[-117.99476,45.58716],[-117.99592,45.58716],[-117.99592,45.58797],[-117.99669,45.58824],[-117.99669,45.58878],[-117.99707,45.58878],[-117.99707,45.58905],[-117.99784,45.58905],[-117.99784,45.58932],[-117.99861,45.58932],[-117.99861,45.58959],[-117.999,45.58959],[-117.999,45.58986],[-117.99977,45.58986],[-117.99977,45.59013],[-118.00015,45.59013],[-118.00015,45.59093],[-118.00054,45.59093]],[[-117.98899,45.58393],[-117.98899,45.58366],[-117.98822,45.58339],[-117.98822,45.58312],[-117.98706,45.58312],[-117.98706,45.58366],[-117.98783,45.58366],[-117.98783,45.58393],[-117.9886,45.5842],[-117.9886,45.58447],[-117.98937,45.58447],[-117.98937,45.58393],[-117.98899,45.58393]],[[-117.99823,45.58986],[-117.99823,45.59013],[-117.99861,45.59013],[-117.99861,45.5904],[-117.999,45.5904],[-117.999,45.59066],[-117.99938,45.59066],[-117.99938,45.59013],[-117.999,45.59013],[-117.999,45.58986],[-117.99823,45.58986]],[[-118.00092,45.59363],[-118.00015,45.5939],[-118.00015,45.59444],[-118.00092,45.59444],[-118.00092,45.5939],[-118.00131,45.5939],[-118.00131,45.59309],[-118.00092,45.59309],[-118.00092,45.59363]],[[-117.99746,45.59093],[-117.99669,45.59093],[-117.99669,45.59174],[-117.99746,45.59174],[-117.99746,45.59093]],[[-117.99399,45.58986],[-117.99361,45.58986],[-117.99361,45.59013],[-117.99399,45.59013],[-117.99399,45.58986]],[[-117.99515,45.5877],[-117.99476,45.5877],[-117.99476,45.58743],[-117.99399,45.58743],[-117.99399,45.58797],[-117.99476,45.58797],[-117.99476,45.58824],[-117.99515,45.58824],[-117.99515,45.58851],[-117.99592,45.58851],[-117.99592,45.58824],[-117.99515,45.58797],[-117.99515,45.5877]],[[-117.99245,45.58662],[-117.99168,45.58635],[-117.99168,45.58662],[-117.99091,45.58689],[-117.99091,45.58743],[-117.9913,45.58743],[-117.9913,45.5877],[-117.99245,45.5877],[-117.99245,45.58743],[-117.99284,45.58743],[-117.99284,45.58716],[-117.99245,45.58716],[-117.99245,45.58662]],[[-117.98976,45.58608],[-117.98937,45.58608],[-117.98937,45.58635],[-117.98976,45.58635],[-117.98976,45.58608]],[[-117.98822,45.58501],[-117.98783,45.58501],[-117.98783,45.58554],[-117.98822,45.58554],[-117.98822,45.58501]]],[[[-117.99592,45.59228],[-117.99592,45.59255],[-117.99553,45.59255],[-117.99553,45.59228],[-117.99592,45.59228]]],[[[-117.99592,45.59282],[-117.99592,45.59255],[-117.9963,45.59255],[-117.9963,45.59282],[-117.99592,45.59282]]],[[[-117.9963,45.59309],[-117.9963,45.59282],[-117.99707,45.59282],[-117.99707,45.59336],[-117.9963,45.59309]]],[[[-118.00439,45.59363],[-118.00439,45.59336],[-118.00477,45.59336],[-118.00477,45.59363],[-118.00439,45.59363]]],[[[-117.99707,45.59336],[-117.99746,45.59336],[-117.99746,45.59363],[-117.99707,45.59363],[-117.99707,45.59336]]],[[[-117.99784,45.5939],[-117.99746,45.5939],[-117.99746,45.59363],[-117.99784,45.59363],[-117.99784,45.5939]]],[[[-118.00477,45.59471],[-118.00477,45.59363],[-118.00516,45.59363],[-118.00516,45.59471],[-118.00477,45.59471]]],[[[-118.04905,45.59471],[-118.04905,45.59444],[-118.04944,45.59444],[-118.04944,45.59471],[-118.04905,45.59471]]],[[[-118.00785,45.59713],[-118.00785,45.59686],[-118.00824,45.59686],[-118.00824,45.59713],[-118.00785,45.59713]]],[[[-118.01709,45.60064],[-118.01709,45.60118],[-118.01632,45.60118],[-118.01632,45.60091],[-118.01709,45.60064]]],[[[-118.0221,45.60225],[-118.0221,45.60198],[-118.02326,45.60198],[-118.02326,45.60225],[-118.0221,45.60225]]],[[[-118.02364,45.60252],[-118.02364,45.60225],[-118.02403,45.60225],[-118.02403,45.60252],[-118.02518,45.60252],[-118.02518,45.60279],[-118.02557,45.60279],[-118.02557,45.60333],[-118.0248,45.60333],[-118.0248,45.6036],[-118.02364,45.6036],[-118.02364,45.60306],[-118.02326,45.60306],[-118.02326,45.60252],[-118.02364,45.60252]]],[[[-118.02287,45.6036],[-118.02287,45.60306],[-118.02326,45.60306],[-118.02326,45.6036],[-118.02287,45.6036]]],[[[-118.04289,45.60387],[-118.04328,45.60387],[-118.04328,45.60468],[-118.04289,45.60468],[-118.04289,45.60387]]],[[[-118.05136,45.60495],[-118.05098,45.60495],[-118.05098,45.60441],[-118.05175,45.60441],[-118.05175,45.60468],[-118.05213,45.60468],[-118.05213,45.60549],[-118.05252,45.60549],[-118.05252,45.60576],[-118.0529,45.60576],[-118.0529,45.60603],[-118.05213,45.60603],[-118.05213,45.60576],[-118.05175,45.60576],[-118.05175,45.60522],[-118.05136,45.60522],[-118.05136,45.60495]]],[[[-117.98822,45.56911],[-117.98822,45.56884],[-117.9886,45.56884],[-117.9886,45.56911],[-117.98822,45.56911]]],[[[-117.98745,45.56911],[-117.98745,45.56884],[-117.98783,45.56884],[-117.98783,45.56911],[-117.98745,45.56911]]],[[[-117.98706,45.56964],[-117.98706,45.56911],[-117.98745,45.56911],[-117.98745,45.56964],[-117.98706,45.56964]]],[[[-117.9886,45.56991],[-117.9886,45.56911],[-117.98899,45.56911],[-117.98899,45.56991],[-117.9886,45.56991]]],[[[-117.98706,45.57072],[-117.98706,45.57018],[-117.98745,45.57018],[-117.98745,45.57072],[-117.98706,45.57072]]],[[[-117.98822,45.57153],[-117.98822,45.57018],[-117.9886,45.57018],[-117.9886,45.57153],[-117.98822,45.57153]]],[[[-117.98668,45.57126],[-117.98668,45.57072],[-117.98706,45.57072],[-117.98706,45.57126],[-117.98668,45.57126]]],[[[-117.98783,45.57153],[-117.98822,45.57153],[-117.98822,45.57207],[-117.98783,45.57207],[-117.98783,45.57153]]],[[[-117.98668,45.5718],[-117.98706,45.5718],[-117.98706,45.57207],[-117.98668,45.57207],[-117.98668,45.5718]]],[[[-117.98783,45.57234],[-117.98783,45.57261],[-117.98706,45.57261],[-117.98706,45.57207],[-117.98783,45.57234]]],[[[-117.98783,45.57342],[-117.98783,45.57288],[-117.98822,45.57288],[-117.98822,45.57342],[-117.98783,45.57342]]],[[[-117.98629,45.57423],[-117.98629,45.57396],[-117.98668,45.57396],[-117.98668,45.57423],[-117.98629,45.57423]]],[[[-117.98591,45.57503],[-117.98591,45.57476],[-117.98629,45.57476],[-117.98629,45.57503],[-117.98591,45.57503]]],[[[-117.98552,45.5753],[-117.98552,45.57503],[-117.98591,45.57503],[-117.98591,45.5753],[-117.98552,45.5753]]],[[[-117.98591,45.57773],[-117.98591,45.57746],[-117.98629,45.57746],[-117.98629,45.57773],[-117.98591,45.57773]]],[[[-117.98514,45.57773],[-117.98514,45.57746],[-117.98552,45.57746],[-117.98552,45.57773],[-117.98514,45.57773]]],[[[-117.98629,45.57908],[-117.98668,45.57908],[-117.98668,45.57962],[-117.98629,45.57962],[-117.98629,45.57908]]],[[[-117.98475,45.58096],[-117.98437,45.58096],[-117.98437,45.58069],[-117.98359,45.58069],[-117.98359,45.58015],[-117.98398,45.58015],[-117.98398,45.57935],[-117.98437,45.57935],[-117.98437,45.57908],[-117.98591,45.57908],[-117.98591,45.57935],[-117.98552,45.57935],[-117.98552,45.57989],[-117.98591,45.57989],[-117.98591,45.58015],[-117.98668,45.58015],[-117.98668,45.57962],[-117.98706,45.57962],[-117.98706,45.58069],[-117.98745,45.58069],[-117.98745,45.5815],[-117.98514,45.5815],[-117.98514,45.58123],[-117.98475,45.58123],[-117.98475,45.58096]],[[-117.98668,45.58069],[-117.98668,45.58042],[-117.98629,45.58042],[-117.98629,45.58069],[-117.98591,45.58069],[-117.98591,45.58123],[-117.98706,45.58123],[-117.98706,45.58069],[-117.98668,45.58069]]]]},"properties":{"layer":"predicted_reach_h18","fire_name":"Middle_Ridge","irwin_id":"{2088689D-42B8-4A31-85B6-2CADB59BA127}","model":"arrival_run","checkpoint_epoch":216,"decode":"connected_causal","operating_point":{"floor":0.0,"mult":0.9},"val_precision":null,"val_recall":null,"model_caveat":"arrival_run chosen for best RECALL among the six FlameFlux v3 candidates on the production-valid t0-window corpus (R=0.624 on the fc2 held-out fires, R=0.432 on Dillon -- see candidate_comparison.md from the 2026-07-24 comparison). It does NOT meet the project's P>=0.50/R>=0.80 target: precision is the WORST of the six (P=0.120 on fc2 -- most flagged growth is wrong), and wind_run actually edges it on F1. IMPORTANT CAVEAT: arrival_run trained on the leaky 'observed' corpus (crop centered/sized on t0|t1, i.e. it saw the future perimeter's geometry during training) and has NEVER seen a t0-window crop -- the ONLY geometry this live pipeline can ever produce at forecast time (the future perimeter is, by definition, unknown). So every live prediction from this model is out-of-distribution relative to its own training. The measured t0-window numbers above already reflect that (they are not a surprise), but this is 'best available', not 'production-ready' -- represent it that way. The operating_point (floor=0.0, mult=0.9) is the VAL-selected connected-causal decode point; it did NOT clear the 0.50 precision floor during selection (feasible=False, val P=0.270/R=0.259) -- it's the best-F1 fallback point, not a precision-guaranteed one.","issued_at_utc":"2026-08-23 20:05:07.672141+00:00","valid_from_utc":"2026-08-23 00:00:00","valid_to_utc":"2026-08-24 00:00:00","wfigs_date_current_utc":"2026-08-23 16:41:28.079000+00:00","pixel_size_m":30,"veg_source":"refreshed_d4","physics_source":"eikonal_fbfm40","history_n_dates":1,"degraded_history":true,"containment_pct":0.0,"acres_wfigs":138.34560634370422,"hour":18,"valid_at_utc":"2026-08-23 18:00:00"}},{"type":"Feature","geometry":{"type":"MultiPolygon","coordinates":[[[[-117.999,45.56345],[-117.999,45.56318],[-117.99938,45.56318],[-117.99938,45.56345],[-117.999,45.56345]]],[[[-118.00554,45.56399],[-118.00554,45.56372],[-118.00593,45.56372],[-118.00593,45.56399],[-118.00554,45.56399]]],[[[-117.99823,45.56399],[-117.99823,45.56372],[-117.99861,45.56372],[-117.99861,45.56399],[-117.99823,45.56399]]],[[[-118.03943,45.57638],[-118.03943,45.57611],[-118.03981,45.57611],[-118.03981,45.57638],[-118.03943,45.57638]]],[[[-117.99091,45.58447],[-117.99091,45.58474],[-117.9913,45.58474],[-117.9913,45.58581],[-117.99207,45.58581],[-117.99207,45.58608],[-117.99361,45.58608],[-117.99361,45.58581],[-117.99399,45.58581],[-117.99399,45.58608],[-117.99438,45.58608],[-117.99438,45.58689],[-117.99476,45.58689],[-117.99476,45.58716],[-117.99553,45.58716],[-117.99553,45.58662],[-117.99515,45.58662],[-117.99515,45.58581],[-117.99438,45.58581],[-117.99438,45.58554],[-117.99399,45.58554],[-117.99399,45.58528],[-117.99322,45.58528],[-117.99322,45.58501],[-117.99284,45.58501],[-117.99284,45.58474],[-117.99207,45.58447],[-117.99207,45.5842],[-117.9913,45.58393],[-117.9913,45.58366],[-117.99053,45.58339],[-117.99053,45.58312],[-117.99014,45.58312],[-117.99014,45.58285],[-117.98976,45.58285],[-117.98976,45.58231],[-117.98899,45.58204],[-117.98899,45.58123],[-117.9886,45.58123],[-117.9886,45.58069],[-117.98822,45.58069],[-117.98822,45.58015],[-117.98783,45.58015],[-117.98783,45.57908],[-117.98745,45.57908],[-117.98745,45.57692],[-117.98706,45.57692],[-117.98706,45.57719],[-117.98668,45.57719],[-117.98668,45.57746],[-117.98629,45.57746],[-117.98629,45.57692],[-117.98668,45.57692],[-117.98668,45.57665],[-117.98591,45.57638],[-117.98591,45.57665],[-117.98514,45.57665],[-117.98514,45.57746],[-117.98475,45.57746],[-117.98475,45.57638],[-117.98552,45.57611],[-117.98552,45.57584],[-117.98668,45.57584],[-117.98668,45.57557],[-117.98706,45.57557],[-117.98706,45.57396],[-117.98629,45.57423],[-117.98629,45.57315],[-117.98668,45.57315],[-117.98668,45.57342],[-117.98706,45.57342],[-117.98706,45.57369],[-117.98783,45.57342],[-117.98783,45.57261],[-117.98706,45.57261],[-117.98706,45.57234],[-117.98668,45.57234],[-117.98668,45.5718],[-117.98706,45.5718],[-117.98706,45.57207],[-117.98745,45.57207],[-117.98745,45.57234],[-117.98783,45.57234],[-117.98783,45.57153],[-117.98822,45.57153],[-117.98822,45.57369],[-117.9886,45.57369],[-117.9886,45.57315],[-117.98937,45.57288],[-117.98937,45.57126],[-117.98976,45.57126],[-117.98976,45.5718],[-117.99014,45.5718],[-117.99014,45.57018],[-117.98976,45.57018],[-117.98976,45.56857],[-117.98937,45.56857],[-117.98937,45.56722],[-117.98899,45.56722],[-117.98899,45.56668],[-117.9886,45.56668],[-117.9886,45.56641],[-117.98783,45.56641],[-117.98783,45.56614],[-117.9886,45.56614],[-117.9886,45.5656],[-117.98822,45.5656],[-117.98822,45.56533],[-117.98899,45.56533],[-117.98899,45.56479],[-117.9886,45.56479],[-117.9886,45.56425],[-117.98899,45.56425],[-117.98899,45.56399],[-117.98976,45.56399],[-117.98976,45.56425],[-117.99091,45.56425],[-117.99091,45.56399],[-117.99168,45.56399],[-117.99168,45.56425],[-117.99207,45.56425],[-117.99207,45.56479],[-117.99284,45.56506],[-117.99284,45.5656],[-117.99322,45.5656],[-117.99322,45.56587],[-117.99399,45.56587],[-117.99399,45.5656],[-117.99476,45.56533],[-117.99476,45.56479],[-117.99553,45.56479],[-117.99553,45.56452],[-117.99592,45.56452],[-117.99592,45.56479],[-117.99669,45.56479],[-117.99669,45.56506],[-117.99784,45.56506],[-117.99784,45.56533],[-117.99861,45.56533],[-117.99861,45.5656],[-117.99938,45.56587],[-117.99938,45.56479],[-117.99861,45.56452],[-117.99861,45.56399],[-117.999,45.56399],[-117.999,45.56425],[-117.99977,45.56425],[-117.99977,45.56372],[-118.00015,45.56372],[-118.00015,45.56425],[-118.00131,45.56425],[-118.00131,45.56452],[-118.00169,45.56452],[-118.00169,45.56479],[-118.00285,45.56479],[-118.00285,45.56399],[-118.00323,45.56399],[-118.00323,45.56452],[-118.00362,45.56452],[-118.00362,45.56506],[-118.00439,45.56506],[-118.00439,45.56425],[-118.00593,45.56425],[-118.00593,45.56399],[-118.00631,45.56399],[-118.00631,45.56425],[-118.0067,45.56425],[-118.0067,45.56479],[-118.00708,45.56479],[-118.00708,45.56506],[-118.00824,45.56506],[-118.00824,45.56533],[-118.00862,45.56533],[-118.00862,45.5656],[-118.00824,45.5656],[-118.00824,45.56587],[-118.00747,45.56587],[-118.00747,45.56641],[-118.00785,45.56641],[-118.00785,45.56722],[-118.00824,45.56722],[-118.00824,45.56695],[-118.00862,45.56695],[-118.00862,45.56668],[-118.00978,45.56668],[-118.00978,45.56695],[-118.01209,45.56668],[-118.01209,45.56695],[-118.01247,45.56695],[-118.01247,45.56722],[-118.01286,45.56722],[-118.01286,45.56749],[-118.01324,45.56749],[-118.01324,45.56776],[-118.01363,45.56776],[-118.01363,45.56803],[-118.01401,45.56803],[-118.01401,45.56776],[-118.01478,45.56749],[-118.01478,45.56722],[-118.01555,45.56695],[-118.01555,45.56722],[-118.01632,45.56722],[-118.01632,45.56749],[-118.01671,45.56749],[-118.01671,45.56776],[-118.01709,45.56776],[-118.01709,45.56803],[-118.01825,45.56803],[-118.01825,45.56749],[-118.0194,45.56749],[-118.0194,45.56722],[-118.01979,45.56722],[-118.01979,45.56749],[-118.02133,45.56776],[-118.02133,45.56803],[-118.02403,45.56803],[-118.02403,45.5683],[-118.02441,45.5683],[-118.02441,45.56857],[-118.02518,45.56857],[-118.02518,45.5683],[-118.02634,45.5683],[-118.02634,45.56857],[-118.02672,45.56857],[-118.02672,45.56884],[-118.02711,45.56884],[-118.02711,45.56911],[-118.02749,45.56911],[-118.02749,45.57018],[-118.02711,45.57018],[-118.02711,45.57045],[-118.02788,45.57045],[-118.02788,45.57099],[-118.02826,45.57099],[-118.02826,45.57072],[-118.02903,45.57099],[-118.02903,45.56964],[-118.02942,45.56964],[-118.02942,45.56937],[-118.0298,45.56937],[-118.0298,45.56911],[-118.03019,45.56911],[-118.03019,45.56937],[-118.03057,45.56937],[-118.03057,45.56991],[-118.03096,45.56991],[-118.03096,45.57045],[-118.03057,45.57045],[-118.03057,45.57099],[-118.02942,45.57099],[-118.02942,45.57153],[-118.02903,45.57153],[-118.02903,45.57234],[-118.0298,45.57234],[-118.0298,45.5718],[-118.03096,45.5718],[-118.03096,45.57234],[-118.03173,45.57261],[-118.03173,45.57288],[-118.0325,45.57288],[-118.0325,45.57315],[-118.03288,45.57315],[-118.03288,45.57342],[-118.03712,45.57342],[-118.03712,45.57369],[-118.03635,45.57369],[-118.03635,45.57396],[-118.03596,45.57396],[-118.03596,45.5745],[-118.03519,45.5745],[-118.03519,45.57503],[-118.03442,45.57503],[-118.03442,45.5753],[-118.03365,45.57557],[-118.03365,45.57584],[-118.0325,45.57584],[-118.0325,45.57557],[-118.03211,45.57557],[-118.03211,45.57584],[-118.03134,45.57584],[-118.03134,45.57611],[-118.03211,45.57611],[-118.03211,45.57638],[-118.0325,45.57638],[-118.0325,45.57611],[-118.03596,45.57611],[-118.03596,45.57584],[-118.03866,45.57584],[-118.03866,45.57611],[-118.03789,45.57638],[-118.03789,45.57665],[-118.03981,45.57665],[-118.03981,45.57638],[-118.0402,45.57638],[-118.0402,45.57665],[-118.04058,45.57665],[-118.04058,45.57692],[-118.04174,45.57692],[-118.04174,45.57746],[-118.04135,45.57746],[-118.04135,45.57773],[-118.04212,45.57773],[-118.04212,45.57827],[-118.04289,45.57827],[-118.04289,45.57881],[-118.04328,45.57881],[-118.04328,45.57989],[-118.04482,45.57962],[-118.04482,45.58042],[-118.04405,45.58069],[-118.04405,45.5815],[-118.04443,45.5815],[-118.04443,45.58177],[-118.04482,45.58177],[-118.04482,45.58204],[-118.04559,45.58204],[-118.04559,45.58231],[-118.04597,45.58231],[-118.04597,45.58312],[-118.04636,45.58312],[-118.04636,45.58339],[-118.04713,45.58366],[-118.04713,45.58474],[-118.04751,45.58474],[-118.04751,45.58581],[-118.04713,45.58581],[-118.04713,45.58662],[-118.04751,45.58662],[-118.04751,45.58743],[-118.0479,45.58743],[-118.0479,45.58797],[-118.04828,45.58797],[-118.04828,45.58851],[-118.04751,45.58878],[-118.04751,45.58932],[-118.04713,45.58932],[-118.04713,45.58959],[-118.04597,45.58959],[-118.04597,45.58932],[-118.04443,45.58905],[-118.04443,45.58851],[-118.04405,45.58851],[-118.04405,45.58824],[-118.04328,45.58824],[-118.04328,45.58797],[-118.04289,45.58797],[-118.04289,45.5877],[-118.04251,45.5877],[-118.04251,45.58743],[-118.04212,45.58743],[-118.04212,45.58824],[-118.04174,45.58824],[-118.04174,45.58905],[-118.04251,45.58932],[-118.04251,45.59013],[-118.04289,45.59013],[-118.04289,45.5904],[-118.04366,45.59066],[-118.04366,45.59093],[-118.0452,45.59093],[-118.0452,45.5912],[-118.04597,45.5912],[-118.04597,45.59093],[-118.04713,45.59093],[-118.04713,45.59066],[-118.0479,45.59066],[-118.0479,45.5904],[-118.04867,45.59013],[-118.04867,45.58986],[-118.04944,45.59013],[-118.04944,45.5904],[-118.04905,45.5904],[-118.04905,45.59147],[-118.04944,45.59147],[-118.04944,45.59282],[-118.04905,45.59282],[-118.04905,45.59363],[-118.04867,45.59363],[-118.04867,45.59444],[-118.04944,45.59417],[-118.04944,45.59444],[-118.04982,45.59444],[-118.04982,45.59471],[-118.04944,45.59471],[-118.04944,45.59498],[-118.04905,45.59498],[-118.04905,45.59525],[-118.04867,45.59525],[-118.04867,45.59605],[-118.04905,45.59605],[-118.04905,45.59632],[-118.04982,45.59632],[-118.04982,45.59659],[-118.05059,45.59686],[-118.05059,45.59713],[-118.05136,45.5974],[-118.05136,45.59848],[-118.05098,45.59848],[-118.05098,45.59902],[-118.05136,45.59902],[-118.05136,45.59929],[-118.05213,45.59956],[-118.05213,45.59983],[-118.05406,45.59983],[-118.05406,45.59956],[-118.05521,45.59956],[-118.05521,45.6001],[-118.0556,45.6001],[-118.0556,45.60091],[-118.05637,45.60118],[-118.05637,45.60198],[-118.05675,45.60198],[-118.05675,45.60225],[-118.05637,45.60225],[-118.05637,45.60279],[-118.05598,45.60279],[-118.05598,45.60387],[-118.05521,45.60414],[-118.05521,45.60468],[-118.0556,45.60468],[-118.0556,45.60522],[-118.05521,45.60522],[-118.05521,45.60495],[-118.05444,45.60495],[-118.05444,45.60468],[-118.05329,45.60468],[-118.05329,45.60441],[-118.0529,45.60441],[-118.0529,45.60387],[-118.05252,45.60387],[-118.05252,45.6036],[-118.05213,45.6036],[-118.05213,45.60333],[-118.05175,45.60333],[-118.05175,45.60306],[-118.05136,45.60306],[-118.05136,45.60279],[-118.05059,45.60279],[-118.05059,45.60252],[-118.04982,45.60225],[-118.04982,45.60171],[-118.04905,45.60171],[-118.04905,45.60144],[-118.04867,45.60144],[-118.04867,45.60118],[-118.04751,45.60118],[-118.04751,45.60225],[-118.0479,45.60225],[-118.0479,45.60333],[-118.04867,45.6036],[-118.04867,45.60387],[-118.04828,45.60387],[-118.04828,45.60468],[-118.04713,45.60468],[-118.04713,45.60414],[-118.04674,45.60414],[-118.04674,45.60441],[-118.0452,45.60441],[-118.0452,45.60414],[-118.04443,45.60414],[-118.04443,45.60387],[-118.04328,45.60387],[-118.04328,45.60468],[-118.04289,45.60468],[-118.04289,45.60387],[-118.04212,45.60387],[-118.04212,45.6036],[-118.04174,45.6036],[-118.04174,45.60387],[-118.04097,45.60414],[-118.04097,45.60468],[-118.04174,45.60468],[-118.04174,45.60441],[-118.04212,45.60441],[-118.04212,45.60522],[-118.04097,45.60522],[-118.04097,45.60495],[-118.03866,45.60495],[-118.03866,45.60522],[-118.03789,45.60522],[-118.03789,45.60495],[-118.0375,45.60495],[-118.0375,45.60414],[-118.03712,45.60414],[-118.03712,45.60468],[-118.03673,45.60468],[-118.03673,45.60387],[-118.03635,45.60387],[-118.03635,45.60441],[-118.03596,45.60441],[-118.03596,45.60468],[-118.03635,45.60468],[-118.03635,45.60549],[-118.03596,45.60549],[-118.03596,45.60495],[-118.03558,45.60495],[-118.03558,45.60549],[-118.03519,45.60549],[-118.03519,45.60576],[-118.03442,45.60576],[-118.03442,45.60549],[-118.03365,45.60522],[-118.03365,45.60495],[-118.03442,45.60468],[-118.03442,45.60333],[-118.03211,45.60414],[-118.03211,45.6036],[-118.03134,45.6036],[-118.03134,45.60333],[-118.03173,45.60333],[-118.03173,45.60252],[-118.03134,45.60252],[-118.03134,45.60198],[-118.03057,45.60198],[-118.03057,45.60171],[-118.03019,45.60171],[-118.03019,45.60144],[-118.0298,45.60144],[-118.0298,45.60171],[-118.02903,45.60171],[-118.02903,45.60144],[-118.02865,45.60144],[-118.02865,45.60118],[-118.02826,45.60118],[-118.02826,45.60091],[-118.02788,45.60091],[-118.02788,45.60064],[-118.02711,45.60064],[-118.02711,45.60037],[-118.0248,45.60037],[-118.0248,45.60064],[-118.02441,45.60064],[-118.02441,45.60118],[-118.02403,45.60118],[-118.02403,45.60144],[-118.02364,45.60144],[-118.02364,45.60171],[-118.02326,45.60171],[-118.02326,45.60225],[-118.02017,45.60225],[-118.02017,45.60252],[-118.0194,45.60225],[-118.0194,45.60279],[-118.01786,45.60279],[-118.01786,45.60252],[-118.01748,45.60252],[-118.01748,45.60225],[-118.01786,45.60225],[-118.01786,45.60198],[-118.01863,45.60198],[-118.01863,45.60171],[-118.01902,45.60171],[-118.01902,45.60118],[-118.0194,45.60118],[-118.0194,45.60091],[-118.01979,45.60091],[-118.01979,45.60064],[-118.02017,45.60064],[-118.02017,45.60037],[-118.02056,45.60037],[-118.02056,45.6001],[-118.0194,45.6001],[-118.0194,45.60037],[-118.01902,45.60037],[-118.01902,45.60064],[-118.01863,45.60064],[-118.01863,45.60091],[-118.01825,45.60091],[-118.01825,45.60118],[-118.01748,45.60118],[-118.01748,45.60064],[-118.01709,45.60064],[-118.01709,45.6001],[-118.01671,45.6001],[-118.01671,45.60037],[-118.01632,45.60037],[-118.01632,45.60064],[-118.01594,45.60064],[-118.01594,45.60037],[-118.01555,45.60037],[-118.01555,45.59848],[-118.01324,45.59848],[-118.01324,45.5974],[-118.01209,45.5974],[-118.01209,45.59713],[-118.0117,45.59713],[-118.0117,45.59632],[-118.01132,45.59632],[-118.01132,45.59552],[-118.01093,45.59552],[-118.01093,45.59525],[-118.01055,45.59525],[-118.01055,45.59498],[-118.01016,45.59498],[-118.01016,45.59471],[-118.00978,45.59471],[-118.00978,45.59444],[-118.00939,45.59444],[-118.00939,45.59417],[-118.00862,45.59417],[-118.00862,45.5939],[-118.00824,45.5939],[-118.00824,45.59363],[-118.00708,45.59363],[-118.00708,45.59336],[-118.0067,45.59336],[-118.0067,45.59309],[-118.00631,45.59309],[-118.00631,45.59282],[-118.00593,45.59282],[-118.00593,45.59255],[-118.00516,45.59255],[-118.00516,45.59228],[-118.00477,45.59228],[-118.00477,45.59201],[-118.00439,45.59201],[-118.00439,45.59174],[-118.004,45.59174],[-118.004,45.59147],[-118.00362,45.59147],[-118.00362,45.5912],[-118.00285,45.5912],[-118.00285,45.59093],[-118.00246,45.59093],[-118.00246,45.59066],[-118.00208,45.59066],[-118.00208,45.5904],[-118.00169,45.5904],[-118.00169,45.59066],[-118.00092,45.59066],[-118.00092,45.59013],[-118.00131,45.59013],[-118.00131,45.58986],[-118.00054,45.58986],[-118.00054,45.58959],[-118.00015,45.58959],[-118.00015,45.58932],[-117.99977,45.58932],[-117.99977,45.58905],[-117.99938,45.58905],[-117.99938,45.58878],[-117.999,45.58878],[-117.999,45.58851],[-117.99823,45.58851],[-117.99823,45.58878],[-117.99784,45.58878],[-117.99784,45.58905],[-117.99823,45.58905],[-117.99823,45.58932],[-117.99861,45.58932],[-117.99861,45.58959],[-117.99938,45.58959],[-117.99938,45.58986],[-117.99977,45.58986],[-117.99977,45.59013],[-118.00015,45.59013],[-118.00015,45.59066],[-118.00054,45.59066],[-118.00054,45.59093],[-118.00169,45.59093],[-118.00169,45.5912],[-118.00208,45.5912],[-118.00208,45.59147],[-118.00246,45.59147],[-118.00246,45.59174],[-118.00323,45.59201],[-118.00323,45.59228],[-118.00362,45.59228],[-118.00362,45.59282],[-118.00439,45.59309],[-118.00439,45.59336],[-118.00323,45.59336],[-118.00323,45.59363],[-118.00285,45.59363],[-118.00285,45.5939],[-118.00246,45.5939],[-118.00246,45.59498],[-118.004,45.59498],[-118.004,45.59471],[-118.00477,45.59471],[-118.00477,45.59363],[-118.00516,45.59363],[-118.00516,45.59417],[-118.00554,45.59417],[-118.00554,45.59471],[-118.00516,45.59471],[-118.00516,45.59525],[-118.00477,45.59525],[-118.00477,45.59579],[-118.00323,45.59579],[-118.00323,45.59552],[-118.00285,45.59552],[-118.00285,45.59525],[-118.00169,45.59525],[-118.00169,45.59471],[-118.00015,45.59471],[-118.00015,45.59525],[-117.99977,45.59525],[-117.99977,45.59471],[-117.99861,45.59471],[-117.99861,45.59444],[-117.999,45.59444],[-117.999,45.5939],[-117.99823,45.59363],[-117.99823,45.59282],[-117.99784,45.59282],[-117.99784,45.59255],[-117.99707,45.59255],[-117.99707,45.59228],[-117.9963,45.59228],[-117.9963,45.59201],[-117.99592,45.59201],[-117.99592,45.59174],[-117.99553,45.59174],[-117.99553,45.59228],[-117.99515,45.59228],[-117.99515,45.59174],[-117.99476,45.59174],[-117.99476,45.5912],[-117.99438,45.5912],[-117.99438,45.59093],[-117.99399,45.59093],[-117.99399,45.59066],[-117.99361,45.59066],[-117.99361,45.5904],[-117.99322,45.5904],[-117.99322,45.59013],[-117.99284,45.59013],[-117.99284,45.58986],[-117.99245,45.58986],[-117.99245,45.58959],[-117.99207,45.58959],[-117.99207,45.58932],[-117.99168,45.58932],[-117.99168,45.58905],[-117.9913,45.58905],[-117.9913,45.58851],[-117.99053,45.58824],[-117.99053,45.5877],[-117.99014,45.5877],[-117.99014,45.58743],[-117.98976,45.58743],[-117.98976,45.58716],[-117.98899,45.58716],[-117.98899,45.58689],[-117.98822,45.58662],[-117.98822,45.58635],[-117.98745,45.58608],[-117.98745,45.58554],[-117.98706,45.58554],[-117.98706,45.58501],[-117.98629,45.58501],[-117.98629,45.58528],[-117.98591,45.58528],[-117.98591,45.58393],[-117.98629,45.58393],[-117.98629,45.58285],[-117.98668,45.58285],[-117.98668,45.58258],[-117.98706,45.58258],[-117.98706,45.58231],[-117.98937,45.58258],[-117.98937,45.58393],[-117.98976,45.58393],[-117.98976,45.5842],[-117.99014,45.5842],[-117.99014,45.58447],[-117.99091,45.58447]],[[-117.98899,45.58393],[-117.98899,45.58366],[-117.98822,45.58339],[-117.98822,45.58312],[-117.98706,45.58312],[-117.98706,45.58366],[-117.98783,45.58366],[-117.98783,45.58393],[-117.9886,45.5842],[-117.9886,45.58447],[-117.98937,45.58447],[-117.98937,45.58393],[-117.98899,45.58393]],[[-118.03866,45.60333],[-118.03789,45.6036],[-118.03789,45.60414],[-118.03904,45.60414],[-118.03904,45.60387],[-118.03981,45.60387],[-118.03981,45.6036],[-118.04097,45.6036],[-118.04097,45.60279],[-118.0402,45.60252],[-118.0402,45.60279],[-118.03866,45.60306],[-118.03866,45.60333]],[[-118.0402,45.60225],[-118.03981,45.60225],[-118.03981,45.60252],[-118.0402,45.60252],[-118.0402,45.60225]],[[-118.04251,45.60333],[-118.04289,45.60333],[-118.04289,45.60306],[-118.04251,45.60306],[-118.04251,45.60333]],[[-118.04251,45.60279],[-118.04212,45.60279],[-118.04212,45.60306],[-118.04251,45.60306],[-118.04251,45.60279]],[[-118.04212,45.60252],[-118.04174,45.60252],[-118.04174,45.60279],[-118.04212,45.60279],[-118.04212,45.60252]],[[-118.03134,45.60171],[-118.03173,45.60171],[-118.03173,45.60144],[-118.03134,45.60144],[-118.03134,45.60171]],[[-118.03134,45.60118],[-118.03096,45.60118],[-118.03096,45.60144],[-118.03134,45.60144],[-118.03134,45.60118]],[[-118.02364,45.59875],[-118.0221,45.59875],[-118.0221,45.59902],[-118.02171,45.59902],[-118.02171,45.59929],[-118.0221,45.59929],[-118.0221,45.59983],[-118.02249,45.59983],[-118.02249,45.60037],[-118.02441,45.60037],[-118.02441,45.59956],[-118.02403,45.59956],[-118.02403,45.59902],[-118.02364,45.59902],[-118.02364,45.59875]],[[-117.99823,45.59013],[-117.99861,45.59013],[-117.99861,45.5904],[-117.999,45.5904],[-117.999,45.59066],[-117.99938,45.59066],[-117.99938,45.59013],[-117.999,45.59013],[-117.999,45.58986],[-117.99823,45.58986],[-117.99823,45.59013]],[[-117.99399,45.58986],[-117.99361,45.58986],[-117.99361,45.59013],[-117.99399,45.59013],[-117.99399,45.58986]],[[-117.99669,45.58716],[-117.9963,45.58716],[-117.9963,45.58797],[-117.99669,45.58797],[-117.99669,45.58851],[-117.99746,45.58878],[-117.99746,45.58824],[-117.99707,45.58824],[-117.99707,45.58743],[-117.99669,45.58743],[-117.99669,45.58716]],[[-117.99515,45.5877],[-117.99476,45.5877],[-117.99476,45.58743],[-117.99399,45.58743],[-117.99399,45.58797],[-117.99476,45.58797],[-117.99476,45.58824],[-117.99515,45.58824],[-117.99515,45.58851],[-117.99592,45.58851],[-117.99592,45.58824],[-117.99515,45.58797],[-117.99515,45.5877]],[[-117.99245,45.58662],[-117.99168,45.58635],[-117.99168,45.58662],[-117.99091,45.58689],[-117.99091,45.58743],[-117.9913,45.58743],[-117.9913,45.5877],[-117.99245,45.5877],[-117.99245,45.58743],[-117.99284,45.58743],[-117.99284,45.58716],[-117.99245,45.58716],[-117.99245,45.58662]],[[-118.0402,45.58608],[-118.04058,45.58608],[-118.04058,45.58635],[-118.04097,45.58635],[-118.04097,45.58662],[-118.04174,45.58662],[-118.04174,45.58581],[-118.04135,45.58581],[-118.04135,45.58554],[-118.0402,45.58554],[-118.0402,45.58608]],[[-117.98976,45.58608],[-117.98937,45.58608],[-117.98937,45.58635],[-117.98976,45.58635],[-117.98976,45.58608]],[[-118.02403,45.58581],[-118.02364,45.58581],[-118.02364,45.58608],[-118.02403,45.58608],[-118.02403,45.58581]],[[-118.0221,45.58554],[-118.02171,45.58554],[-118.02171,45.58581],[-118.0221,45.58581],[-118.0221,45.58554]],[[-118.01786,45.58554],[-118.01748,45.58554],[-118.01748,45.58581],[-118.01786,45.58581],[-118.01786,45.58554]],[[-118.01709,45.58528],[-118.01671,45.58528],[-118.01671,45.58554],[-118.01709,45.58554],[-118.01709,45.58528]],[[-117.98822,45.58501],[-117.98783,45.58501],[-117.98783,45.58554],[-117.98822,45.58554],[-117.98822,45.58501]],[[-118.01748,45.58474],[-118.01709,45.58474],[-118.01709,45.58501],[-118.01748,45.58501],[-118.01748,45.58474]],[[-118.02403,45.58285],[-118.02364,45.58285],[-118.02364,45.58312],[-118.02403,45.58312],[-118.02403,45.58285]],[[-118.01401,45.58285],[-118.01363,45.58285],[-118.01363,45.58312],[-118.01401,45.58312],[-118.01401,45.58285]],[[-118.02441,45.58231],[-118.02403,45.58231],[-118.02403,45.58258],[-118.02441,45.58258],[-118.02441,45.58231]],[[-118.01363,45.58177],[-118.01324,45.58177],[-118.01324,45.58258],[-118.01363,45.58258],[-118.01363,45.58177]],[[-118.02326,45.58123],[-118.02287,45.58123],[-118.02287,45.5815],[-118.02326,45.5815],[-118.02326,45.58123]],[[-118.01478,45.58096],[-118.0144,45.58096],[-118.0144,45.58123],[-118.01478,45.58123],[-118.01478,45.58096]],[[-118.01401,45.57881],[-118.01363,45.57881],[-118.01363,45.57935],[-118.01401,45.57935],[-118.01401,45.57881]],[[-118.02056,45.57854],[-118.02017,45.57854],[-118.02017,45.57881],[-118.02056,45.57881],[-118.02056,45.57854]],[[-118.0194,45.57827],[-118.01902,45.57827],[-118.01902,45.57854],[-118.0194,45.57854],[-118.0194,45.57827]],[[-118.0144,45.57827],[-118.01401,45.57827],[-118.01401,45.57854],[-118.0144,45.57854],[-118.0144,45.57827]],[[-117.99553,45.57827],[-117.99476,45.57827],[-117.99476,45.57854],[-117.99553,45.57854],[-117.99553,45.57827]],[[-118.01825,45.57773],[-118.01786,45.57773],[-118.01786,45.578],[-118.01825,45.578],[-118.01825,45.57773]],[[-118.01709,45.57746],[-118.01671,45.57746],[-118.01671,45.57773],[-118.01709,45.57773],[-118.01709,45.57746]],[[-118.03712,45.57638],[-118.03635,45.57638],[-118.03635,45.57665],[-118.03712,45.57665],[-118.03712,45.57638]],[[-117.98745,45.57584],[-117.98706,45.57584],[-117.98706,45.57665],[-117.98745,45.57665],[-117.98745,45.57584]],[[-117.9913,45.57369],[-117.99053,45.57369],[-117.99053,45.57476],[-117.99091,45.57476],[-117.99091,45.5753],[-117.9913,45.5753],[-117.9913,45.57557],[-117.99207,45.57557],[-117.99207,45.57476],[-117.99168,45.57476],[-117.99168,45.57396],[-117.9913,45.57396],[-117.9913,45.57369]],[[-117.98822,45.57396],[-117.98783,45.57396],[-117.98783,45.5745],[-117.98822,45.5745],[-117.98822,45.57396]],[[-117.99014,45.57315],[-117.99091,45.57342],[-117.99091,45.57261],[-117.98976,45.57261],[-117.98976,45.57288],[-117.99014,45.57288],[-117.99014,45.57315]],[[-117.99245,45.57153],[-117.99322,45.57153],[-117.99322,45.57126],[-117.99284,45.57126],[-117.99284,45.57045],[-117.99245,45.57045],[-117.99245,45.57153]],[[-118.01902,45.5683],[-118.01863,45.5683],[-118.01863,45.56884],[-118.01902,45.56884],[-118.01902,45.5683]]],[[[-118.04905,45.58608],[-118.04905,45.58581],[-118.04944,45.58581],[-118.04944,45.58608],[-118.04905,45.58608]]],[[[-118.00439,45.59363],[-118.00439,45.59336],[-118.00477,45.59336],[-118.00477,45.59363],[-118.00439,45.59363]]],[[[-118.0067,45.59471],[-118.0067,45.59498],[-118.00593,45.59498],[-118.00593,45.59444],[-118.00708,45.59444],[-118.00708,45.59471],[-118.0067,45.59471]]],[[[-118.00708,45.59605],[-118.00708,45.59579],[-118.00747,45.59579],[-118.00747,45.59605],[-118.00708,45.59605]]],[[[-118.05252,45.59632],[-118.05252,45.59605],[-118.0529,45.59605],[-118.0529,45.59632],[-118.05252,45.59632]]],[[[-118.00901,45.59632],[-118.00901,45.59605],[-118.00939,45.59605],[-118.00939,45.59632],[-118.00901,45.59632]]],[[[-118.00785,45.59713],[-118.00785,45.59686],[-118.00824,45.59686],[-118.00824,45.59713],[-118.00785,45.59713]]],[[[-118.01709,45.60064],[-118.01709,45.60118],[-118.01632,45.60118],[-118.01632,45.60091],[-118.01709,45.60064]]],[[[-118.02364,45.6036],[-118.02364,45.60306],[-118.02326,45.60306],[-118.02326,45.60252],[-118.02364,45.60252],[-118.02364,45.60225],[-118.02441,45.60225],[-118.02441,45.60252],[-118.02557,45.60252],[-118.02557,45.60279],[-118.02595,45.60279],[-118.02595,45.60306],[-118.02672,45.60306],[-118.02672,45.6036],[-118.02595,45.6036],[-118.02595,45.60333],[-118.02364,45.6036]]],[[[-118.02287,45.6036],[-118.02287,45.60306],[-118.02326,45.60306],[-118.02326,45.6036],[-118.02287,45.6036]]],[[[-118.05136,45.60495],[-118.05098,45.60495],[-118.05098,45.60441],[-118.05175,45.60441],[-118.05175,45.60468],[-118.05213,45.60468],[-118.05213,45.60522],[-118.05252,45.60522],[-118.05252,45.60549],[-118.0529,45.60549],[-118.0529,45.60576],[-118.05329,45.60576],[-118.05329,45.60603],[-118.0529,45.60603],[-118.0529,45.6063],[-118.05213,45.6063],[-118.05213,45.60603],[-118.05175,45.60603],[-118.05175,45.60549],[-118.05136,45.60549],[-118.05136,45.60495]]],[[[-118.04982,45.60576],[-118.04905,45.60576],[-118.04905,45.60549],[-118.04982,45.60522],[-118.04982,45.60576]]],[[[-117.98822,45.56911],[-117.98822,45.56884],[-117.9886,45.56884],[-117.9886,45.56911],[-117.98822,45.56911]]],[[[-117.98899,45.56911],[-117.98899,45.57018],[-117.9886,45.57018],[-117.9886,45.56911],[-117.98899,45.56911]]],[[[-117.98783,45.56884],[-117.98783,45.56911],[-117.98745,45.56911],[-117.98745,45.57072],[-117.98706,45.57072],[-117.98706,45.57126],[-117.98668,45.57126],[-117.98668,45.57045],[-117.98706,45.57045],[-117.98706,45.56884],[-117.98783,45.56884]]],[[[-117.98822,45.57153],[-117.98822,45.57018],[-117.9886,45.57018],[-117.9886,45.57153],[-117.98822,45.57153]]],[[[-117.98629,45.5718],[-117.98629,45.57126],[-117.98668,45.57126],[-117.98668,45.5718],[-117.98629,45.5718]]],[[[-117.98591,45.57503],[-117.98591,45.5745],[-117.98629,45.5745],[-117.98629,45.57503],[-117.98591,45.57503]]],[[[-117.98552,45.5753],[-117.98552,45.57503],[-117.98591,45.57503],[-117.98591,45.5753],[-117.98552,45.5753]]],[[[-117.98591,45.57773],[-117.98591,45.57746],[-117.98629,45.57746],[-117.98629,45.57773],[-117.98591,45.57773]]],[[[-117.98514,45.57773],[-117.98514,45.57746],[-117.98552,45.57746],[-117.98552,45.57773],[-117.98514,45.57773]]],[[[-117.98591,45.57908],[-117.98591,45.57881],[-117.98629,45.57881],[-117.98629,45.57908],[-117.98591,45.57908]]],[[[-117.98437,45.58096],[-117.98437,45.58069],[-117.98282,45.58069],[-117.98282,45.58015],[-117.98359,45.58015],[-117.98359,45.57935],[-117.98398,45.57935],[-117.98398,45.57908],[-117.98591,45.57908],[-117.98591,45.57935],[-117.98552,45.57935],[-117.98552,45.57989],[-117.98591,45.57989],[-117.98591,45.58015],[-117.98668,45.58015],[-117.98668,45.57962],[-117.98629,45.57962],[-117.98629,45.57908],[-117.98668,45.57908],[-117.98668,45.57935],[-117.98706,45.57935],[-117.98706,45.57989],[-117.98745,45.57989],[-117.98745,45.58015],[-117.98706,45.58015],[-117.98706,45.58042],[-117.98745,45.58042],[-117.98745,45.58096],[-117.98783,45.58096],[-117.98783,45.58123],[-117.98745,45.58123],[-117.98745,45.5815],[-117.98514,45.5815],[-117.98514,45.58123],[-117.98437,45.58096]],[[-117.98629,45.58069],[-117.98591,45.58069],[-117.98591,45.58123],[-117.98706,45.58123],[-117.98706,45.58069],[-117.98668,45.58069],[-117.98668,45.58042],[-117.98629,45.58042],[-117.98629,45.58069]]],[[[-117.99553,45.59255],[-117.99553,45.59228],[-117.99592,45.59228],[-117.99592,45.59255],[-117.99553,45.59255]]],[[[-117.99592,45.59282],[-117.99592,45.59255],[-117.9963,45.59255],[-117.9963,45.59282],[-117.99592,45.59282]]],[[[-117.9963,45.59309],[-117.9963,45.59282],[-117.99707,45.59282],[-117.99707,45.59336],[-117.9963,45.59309]]],[[[-117.99707,45.59363],[-117.99707,45.59336],[-117.99746,45.59336],[-117.99746,45.59363],[-117.99707,45.59363]]],[[[-117.99746,45.59363],[-117.99784,45.59363],[-117.99784,45.59417],[-117.99746,45.59417],[-117.99746,45.59363]]],[[[-117.98167,45.59552],[-117.98128,45.59552],[-117.98128,45.59498],[-117.98205,45.59498],[-117.98205,45.59525],[-117.98167,45.59525],[-117.98167,45.59552]]]]},"properties":{"layer":"predicted_reach_h19","fire_name":"Middle_Ridge","irwin_id":"{2088689D-42B8-4A31-85B6-2CADB59BA127}","model":"arrival_run","checkpoint_epoch":216,"decode":"connected_causal","operating_point":{"floor":0.0,"mult":0.9},"val_precision":null,"val_recall":null,"model_caveat":"arrival_run chosen for best RECALL among the six FlameFlux v3 candidates on the production-valid t0-window corpus (R=0.624 on the fc2 held-out fires, R=0.432 on Dillon -- see candidate_comparison.md from the 2026-07-24 comparison). It does NOT meet the project's P>=0.50/R>=0.80 target: precision is the WORST of the six (P=0.120 on fc2 -- most flagged growth is wrong), and wind_run actually edges it on F1. IMPORTANT CAVEAT: arrival_run trained on the leaky 'observed' corpus (crop centered/sized on t0|t1, i.e. it saw the future perimeter's geometry during training) and has NEVER seen a t0-window crop -- the ONLY geometry this live pipeline can ever produce at forecast time (the future perimeter is, by definition, unknown). So every live prediction from this model is out-of-distribution relative to its own training. The measured t0-window numbers above already reflect that (they are not a surprise), but this is 'best available', not 'production-ready' -- represent it that way. The operating_point (floor=0.0, mult=0.9) is the VAL-selected connected-causal decode point; it did NOT clear the 0.50 precision floor during selection (feasible=False, val P=0.270/R=0.259) -- it's the best-F1 fallback point, not a precision-guaranteed one.","issued_at_utc":"2026-08-23 20:05:07.672141+00:00","valid_from_utc":"2026-08-23 00:00:00","valid_to_utc":"2026-08-24 00:00:00","wfigs_date_current_utc":"2026-08-23 16:41:28.079000+00:00","pixel_size_m":30,"veg_source":"refreshed_d4","physics_source":"eikonal_fbfm40","history_n_dates":1,"degraded_history":true,"containment_pct":0.0,"acres_wfigs":138.34560634370422,"hour":19,"valid_at_utc":"2026-08-23 19:00:00"}},{"type":"Feature","geometry":{"type":"MultiPolygon","coordinates":[[[[-118.01786,45.56749],[-118.01786,45.56695],[-118.01825,45.56695],[-118.01825,45.56749],[-118.01786,45.56749]]],[[[-118.03635,45.57315],[-118.03635,45.57288],[-118.03673,45.57288],[-118.03673,45.57315],[-118.03635,45.57315]]],[[[-118.0402,45.57423],[-118.0402,45.57396],[-118.04097,45.57396],[-118.04097,45.57423],[-118.0402,45.57423]]],[[[-118.03943,45.57638],[-118.03943,45.57611],[-118.03981,45.57611],[-118.03981,45.57638],[-118.03943,45.57638]]],[[[-118.0117,45.56668],[-118.0117,45.56641],[-118.01209,45.56641],[-118.01209,45.56668],[-118.01247,45.56668],[-118.01247,45.56695],[-118.01286,45.56695],[-118.01286,45.56722],[-118.01324,45.56722],[-118.01324,45.56749],[-118.01363,45.56749],[-118.01363,45.56776],[-118.0144,45.56776],[-118.0144,45.56722],[-118.01594,45.56695],[-118.01594,45.56722],[-118.01671,45.56722],[-118.01671,45.56749],[-118.01709,45.56749],[-118.01709,45.56776],[-118.01748,45.56776],[-118.01748,45.56803],[-118.01786,45.56803],[-118.01786,45.56776],[-118.01825,45.56776],[-118.01825,45.56749],[-118.0194,45.56749],[-118.0194,45.56722],[-118.02017,45.56722],[-118.02017,45.56749],[-118.02094,45.56749],[-118.02094,45.56776],[-118.0221,45.56776],[-118.0221,45.56803],[-118.02326,45.56803],[-118.02326,45.56776],[-118.02364,45.56776],[-118.02364,45.56803],[-118.02403,45.56803],[-118.02403,45.5683],[-118.02634,45.5683],[-118.02634,45.56857],[-118.02711,45.56857],[-118.02711,45.56884],[-118.02749,45.56884],[-118.02749,45.57018],[-118.02711,45.57018],[-118.02711,45.57045],[-118.02788,45.57045],[-118.02788,45.57099],[-118.02826,45.57099],[-118.02826,45.57072],[-118.02903,45.57099],[-118.02903,45.57018],[-118.02865,45.57018],[-118.02865,45.56991],[-118.02903,45.56991],[-118.02903,45.56964],[-118.0298,45.56937],[-118.0298,45.56911],[-118.03019,45.56911],[-118.03019,45.56937],[-118.03096,45.56964],[-118.03096,45.57045],[-118.03057,45.57045],[-118.03057,45.57099],[-118.0298,45.57099],[-118.0298,45.57126],[-118.02942,45.57126],[-118.02942,45.5718],[-118.03096,45.5718],[-118.03096,45.57234],[-118.03134,45.57234],[-118.03134,45.57261],[-118.03211,45.57261],[-118.03211,45.57288],[-118.03288,45.57288],[-118.03288,45.57315],[-118.03327,45.57315],[-118.03327,45.57342],[-118.03596,45.57342],[-118.03596,45.57315],[-118.03635,45.57315],[-118.03635,45.57342],[-118.03712,45.57342],[-118.03712,45.57369],[-118.03673,45.57369],[-118.03673,45.57396],[-118.03635,45.57396],[-118.03635,45.57423],[-118.03558,45.5745],[-118.03558,45.57503],[-118.03519,45.57503],[-118.03519,45.5753],[-118.03442,45.5753],[-118.03442,45.57557],[-118.03404,45.57557],[-118.03404,45.57584],[-118.03481,45.57584],[-118.03481,45.57611],[-118.03558,45.57611],[-118.03558,45.57584],[-118.03904,45.57584],[-118.03904,45.57611],[-118.03827,45.57611],[-118.03827,45.57638],[-118.03789,45.57638],[-118.03789,45.57665],[-118.03981,45.57665],[-118.03981,45.57638],[-118.0402,45.57638],[-118.0402,45.57665],[-118.04174,45.57692],[-118.04174,45.57746],[-118.04135,45.57746],[-118.04135,45.57773],[-118.04212,45.57773],[-118.04212,45.57827],[-118.04289,45.57827],[-118.04289,45.57881],[-118.04328,45.57881],[-118.04328,45.57989],[-118.04482,45.57962],[-118.04482,45.58069],[-118.04443,45.58069],[-118.04443,45.58177],[-118.04597,45.58204],[-118.04597,45.58258],[-118.04636,45.58258],[-118.04636,45.58312],[-118.04674,45.58312],[-118.04674,45.58339],[-118.04713,45.58339],[-118.04713,45.58393],[-118.04751,45.58393],[-118.04751,45.58474],[-118.0479,45.58474],[-118.0479,45.58554],[-118.04751,45.58554],[-118.04751,45.58716],[-118.0479,45.58716],[-118.0479,45.58797],[-118.04828,45.58797],[-118.04828,45.58851],[-118.0479,45.58851],[-118.0479,45.58905],[-118.04751,45.58905],[-118.04751,45.58932],[-118.04713,45.58932],[-118.04713,45.58959],[-118.0452,45.58959],[-118.0452,45.58932],[-118.04405,45.58932],[-118.04405,45.58878],[-118.04289,45.58878],[-118.04289,45.58932],[-118.04251,45.58932],[-118.04251,45.58959],[-118.04289,45.58959],[-118.04289,45.59013],[-118.04328,45.59013],[-118.04328,45.59066],[-118.04405,45.59066],[-118.04405,45.59093],[-118.04713,45.59093],[-118.04713,45.59066],[-118.0479,45.5904],[-118.0479,45.59013],[-118.04944,45.58986],[-118.04944,45.59066],[-118.04905,45.59066],[-118.04905,45.5912],[-118.04944,45.5912],[-118.04944,45.59174],[-118.04982,45.59174],[-118.04982,45.59228],[-118.04944,45.59228],[-118.04944,45.59309],[-118.04905,45.59309],[-118.04905,45.59417],[-118.05021,45.59417],[-118.05021,45.59444],[-118.04982,45.59444],[-118.04982,45.59525],[-118.04944,45.59525],[-118.04944,45.59579],[-118.04905,45.59579],[-118.04905,45.59605],[-118.05021,45.59605],[-118.05021,45.59632],[-118.05059,45.59632],[-118.05059,45.59686],[-118.05136,45.59713],[-118.05136,45.59794],[-118.05175,45.59794],[-118.05175,45.59821],[-118.05136,45.59821],[-118.05136,45.59848],[-118.05098,45.59848],[-118.05098,45.59875],[-118.05136,45.59875],[-118.05136,45.59902],[-118.05175,45.59902],[-118.05175,45.59929],[-118.05213,45.59929],[-118.05213,45.59956],[-118.05252,45.59956],[-118.05252,45.59983],[-118.05406,45.59983],[-118.05406,45.59956],[-118.05444,45.59956],[-118.05444,45.59929],[-118.05521,45.59929],[-118.05521,45.59956],[-118.0556,45.59956],[-118.0556,45.60037],[-118.05598,45.60037],[-118.05598,45.60118],[-118.05675,45.60144],[-118.05675,45.60198],[-118.05714,45.60198],[-118.05714,45.60252],[-118.05752,45.60252],[-118.05752,45.60279],[-118.05675,45.60279],[-118.05675,45.60306],[-118.05637,45.60306],[-118.05637,45.6036],[-118.05675,45.6036],[-118.05675,45.60387],[-118.05714,45.60387],[-118.05714,45.60414],[-118.05752,45.60414],[-118.05752,45.60306],[-118.05791,45.60306],[-118.05791,45.6036],[-118.05829,45.6036],[-118.05829,45.60414],[-118.05868,45.60414],[-118.05868,45.60468],[-118.05906,45.60468],[-118.05906,45.60549],[-118.05868,45.60549],[-118.05868,45.60522],[-118.05829,45.60522],[-118.05829,45.60495],[-118.05791,45.60495],[-118.05791,45.60522],[-118.05752,45.60522],[-118.05752,45.60549],[-118.05714,45.60549],[-118.05714,45.60522],[-118.05675,45.60522],[-118.05675,45.60495],[-118.05598,45.60495],[-118.05598,45.60549],[-118.05483,45.60549],[-118.05483,45.60522],[-118.05444,45.60522],[-118.05444,45.60495],[-118.05367,45.60522],[-118.05367,45.60495],[-118.0529,45.60468],[-118.0529,45.60414],[-118.05213,45.60387],[-118.05213,45.60333],[-118.05175,45.60333],[-118.05175,45.60306],[-118.05098,45.60306],[-118.05098,45.60279],[-118.05021,45.60279],[-118.05021,45.60225],[-118.04982,45.60225],[-118.04982,45.60198],[-118.04944,45.60198],[-118.04944,45.60171],[-118.04867,45.60171],[-118.04867,45.60144],[-118.0479,45.60144],[-118.0479,45.60306],[-118.04867,45.60333],[-118.04867,45.60441],[-118.04828,45.60441],[-118.04828,45.60495],[-118.04674,45.60495],[-118.04674,45.60468],[-118.04713,45.60468],[-118.04713,45.60414],[-118.04674,45.60414],[-118.04674,45.60441],[-118.04482,45.60441],[-118.04482,45.60414],[-118.04443,45.60414],[-118.04443,45.60387],[-118.04366,45.60387],[-118.04366,45.60441],[-118.04289,45.60468],[-118.04289,45.60387],[-118.04212,45.60387],[-118.04212,45.6036],[-118.04174,45.6036],[-118.04174,45.60387],[-118.04097,45.60414],[-118.04097,45.60468],[-118.04174,45.60468],[-118.04174,45.60441],[-118.04212,45.60441],[-118.04212,45.60522],[-118.04174,45.60522],[-118.04174,45.60549],[-118.04135,45.60549],[-118.04135,45.60522],[-118.0402,45.60522],[-118.0402,45.60495],[-118.03866,45.60495],[-118.03866,45.60522],[-118.03789,45.60522],[-118.03789,45.60549],[-118.0375,45.60549],[-118.0375,45.60414],[-118.03712,45.60414],[-118.03712,45.60468],[-118.03673,45.60468],[-118.03673,45.60387],[-118.03635,45.60387],[-118.03635,45.60441],[-118.03596,45.60441],[-118.03596,45.60468],[-118.03635,45.60468],[-118.03635,45.60549],[-118.03596,45.60549],[-118.03596,45.60495],[-118.03558,45.60495],[-118.03558,45.60549],[-118.03519,45.60549],[-118.03519,45.60576],[-118.03442,45.60576],[-118.03442,45.60549],[-118.03365,45.60522],[-118.03365,45.60468],[-118.03442,45.60441],[-118.03442,45.60333],[-118.03211,45.60414],[-118.03211,45.6036],[-118.03134,45.6036],[-118.03134,45.60306],[-118.03173,45.60306],[-118.03173,45.60279],[-118.03134,45.60279],[-118.03134,45.60225],[-118.03096,45.60225],[-118.03096,45.60198],[-118.03057,45.60198],[-118.03057,45.60171],[-118.02942,45.60171],[-118.02942,45.60198],[-118.02865,45.60198],[-118.02865,45.60171],[-118.02826,45.60171],[-118.02826,45.60118],[-118.02788,45.60118],[-118.02788,45.60091],[-118.02749,45.60091],[-118.02749,45.60064],[-118.02672,45.60064],[-118.02672,45.60037],[-118.02634,45.60037],[-118.02634,45.60064],[-118.0248,45.60064],[-118.0248,45.60118],[-118.02403,45.60118],[-118.02403,45.60144],[-118.02326,45.60171],[-118.02326,45.60225],[-118.02017,45.60225],[-118.02017,45.60252],[-118.0194,45.60225],[-118.0194,45.60279],[-118.01748,45.60279],[-118.01748,45.60225],[-118.01786,45.60225],[-118.01786,45.60198],[-118.01863,45.60198],[-118.01863,45.60171],[-118.01902,45.60171],[-118.01902,45.60118],[-118.0194,45.60118],[-118.0194,45.60091],[-118.01979,45.60091],[-118.01979,45.60064],[-118.02017,45.60064],[-118.02017,45.60037],[-118.02056,45.60037],[-118.02056,45.6001],[-118.0194,45.6001],[-118.0194,45.60037],[-118.01902,45.60037],[-118.01902,45.60064],[-118.01863,45.60064],[-118.01863,45.60091],[-118.01825,45.60091],[-118.01825,45.60118],[-118.01748,45.60118],[-118.01748,45.60064],[-118.01709,45.60064],[-118.01709,45.6001],[-118.01671,45.6001],[-118.01671,45.60037],[-118.01632,45.60037],[-118.01632,45.60064],[-118.01594,45.60064],[-118.01594,45.60037],[-118.01555,45.60037],[-118.01555,45.59848],[-118.01324,45.59848],[-118.01324,45.5974],[-118.01247,45.5974],[-118.01247,45.59767],[-118.01209,45.59767],[-118.01209,45.59713],[-118.0117,45.59713],[-118.0117,45.59659],[-118.01132,45.59659],[-118.01132,45.59579],[-118.01093,45.59579],[-118.01093,45.59525],[-118.01055,45.59525],[-118.01055,45.59498],[-118.01016,45.59498],[-118.01016,45.59471],[-118.00939,45.59471],[-118.00939,45.59444],[-118.00901,45.59444],[-118.00901,45.59417],[-118.00747,45.5939],[-118.00747,45.59363],[-118.0067,45.59336],[-118.0067,45.59309],[-118.00593,45.59309],[-118.00593,45.59255],[-118.00439,45.59228],[-118.00439,45.59201],[-118.004,45.59201],[-118.004,45.59174],[-118.00362,45.59174],[-118.00362,45.59255],[-118.004,45.59255],[-118.004,45.59282],[-118.00439,45.59282],[-118.00439,45.59309],[-118.00477,45.59309],[-118.00477,45.59363],[-118.00554,45.5939],[-118.00554,45.59444],[-118.00708,45.59444],[-118.00708,45.59417],[-118.00747,45.59417],[-118.00747,45.59471],[-118.00708,45.59471],[-118.00708,45.59498],[-118.00554,45.59498],[-118.00554,45.59525],[-118.00516,45.59525],[-118.00516,45.59552],[-118.00477,45.59552],[-118.00477,45.59579],[-118.00439,45.59579],[-118.00439,45.59605],[-118.004,45.59605],[-118.004,45.59579],[-118.00323,45.59579],[-118.00323,45.59552],[-118.00285,45.59552],[-118.00285,45.59525],[-118.00169,45.59525],[-118.00169,45.59471],[-118.00015,45.59471],[-118.00015,45.59552],[-117.99977,45.59552],[-117.99977,45.59498],[-117.99938,45.59498],[-117.99938,45.59471],[-117.99861,45.59471],[-117.99861,45.59444],[-117.999,45.59444],[-117.999,45.5939],[-117.99823,45.59363],[-117.99823,45.59282],[-117.99784,45.59282],[-117.99784,45.59255],[-117.99707,45.59255],[-117.99707,45.59228],[-117.9963,45.59228],[-117.9963,45.59201],[-117.99553,45.59174],[-117.99553,45.59228],[-117.99592,45.59228],[-117.99592,45.59255],[-117.9963,45.59255],[-117.9963,45.59282],[-117.99707,45.59282],[-117.99707,45.59336],[-117.99784,45.59363],[-117.99784,45.59417],[-117.99746,45.59417],[-117.99746,45.5939],[-117.99707,45.5939],[-117.99707,45.59363],[-117.99669,45.59363],[-117.99669,45.59336],[-117.9963,45.59336],[-117.9963,45.59309],[-117.99592,45.59309],[-117.99592,45.59282],[-117.99553,45.59282],[-117.99553,45.59255],[-117.99515,45.59255],[-117.99515,45.59201],[-117.99476,45.59201],[-117.99476,45.59147],[-117.99438,45.59147],[-117.99438,45.5912],[-117.99361,45.59093],[-117.99361,45.59066],[-117.99322,45.59066],[-117.99322,45.5904],[-117.99284,45.5904],[-117.99284,45.58986],[-117.99245,45.58986],[-117.99245,45.58959],[-117.99168,45.58932],[-117.99168,45.58905],[-117.9913,45.58905],[-117.9913,45.58851],[-117.99091,45.58851],[-117.99091,45.58824],[-117.99053,45.58824],[-117.99053,45.58797],[-117.99014,45.58797],[-117.99014,45.5877],[-117.98976,45.5877],[-117.98976,45.58743],[-117.98937,45.58743],[-117.98937,45.58716],[-117.98899,45.58716],[-117.98899,45.58689],[-117.98822,45.58689],[-117.98822,45.58662],[-117.98745,45.58635],[-117.98745,45.58581],[-117.98706,45.58581],[-117.98706,45.58528],[-117.98668,45.58528],[-117.98668,45.58501],[-117.98629,45.58501],[-117.98629,45.58581],[-117.98591,45.58581],[-117.98591,45.58635],[-117.98552,45.58635],[-117.98552,45.58447],[-117.98591,45.58447],[-117.98591,45.58366],[-117.98629,45.58366],[-117.98629,45.58339],[-117.98591,45.58339],[-117.98591,45.58285],[-117.98668,45.58285],[-117.98668,45.58258],[-117.98745,45.58231],[-117.98745,45.58204],[-117.98899,45.58231],[-117.98899,45.58177],[-117.98822,45.5815],[-117.98822,45.58096],[-117.98783,45.58096],[-117.98783,45.5815],[-117.98745,45.5815],[-117.98745,45.58177],[-117.98629,45.58177],[-117.98629,45.5815],[-117.98475,45.5815],[-117.98475,45.58123],[-117.98437,45.58123],[-117.98437,45.58096],[-117.98282,45.58096],[-117.98282,45.58069],[-117.98244,45.58069],[-117.98244,45.58015],[-117.98321,45.58015],[-117.98321,45.57989],[-117.98359,45.57989],[-117.98359,45.57908],[-117.98398,45.57908],[-117.98398,45.57881],[-117.98514,45.57881],[-117.98514,45.57908],[-117.98591,45.57908],[-117.98591,45.57935],[-117.98552,45.57935],[-117.98552,45.57989],[-117.98591,45.57989],[-117.98591,45.58015],[-117.98668,45.58015],[-117.98668,45.57962],[-117.98629,45.57962],[-117.98629,45.57908],[-117.98706,45.57908],[-117.98706,45.57881],[-117.98745,45.57881],[-117.98745,45.57746],[-117.98591,45.57773],[-117.98591,45.57746],[-117.98629,45.57746],[-117.98629,45.57692],[-117.98668,45.57692],[-117.98668,45.57665],[-117.98629,45.57665],[-117.98629,45.57638],[-117.98591,45.57638],[-117.98591,45.57665],[-117.98514,45.57665],[-117.98514,45.57746],[-117.98475,45.57746],[-117.98475,45.57692],[-117.98437,45.57692],[-117.98437,45.57638],[-117.98514,45.57611],[-117.98514,45.5753],[-117.98552,45.5753],[-117.98552,45.57476],[-117.98514,45.57476],[-117.98514,45.57423],[-117.98552,45.57423],[-117.98552,45.57396],[-117.98591,45.57396],[-117.98591,45.57369],[-117.98629,45.57369],[-117.98629,45.57288],[-117.98668,45.57288],[-117.98668,45.57342],[-117.98706,45.57342],[-117.98706,45.57369],[-117.98783,45.57342],[-117.98783,45.57261],[-117.98668,45.57261],[-117.98668,45.5718],[-117.98706,45.5718],[-117.98706,45.57207],[-117.98745,45.57207],[-117.98745,45.57234],[-117.98783,45.57234],[-117.98783,45.57153],[-117.98822,45.57153],[-117.98822,45.57018],[-117.9886,45.57018],[-117.9886,45.56911],[-117.98822,45.56911],[-117.98822,45.56884],[-117.98899,45.56884],[-117.98899,45.56911],[-117.98937,45.56911],[-117.98937,45.5683],[-117.98899,45.5683],[-117.98899,45.56668],[-117.9886,45.56668],[-117.9886,45.56641],[-117.98706,45.56641],[-117.98706,45.56614],[-117.98822,45.56614],[-117.98822,45.56506],[-117.98783,45.56506],[-117.98783,45.56479],[-117.9886,45.56452],[-117.9886,45.56399],[-117.98899,45.56399],[-117.98899,45.56372],[-117.98976,45.56372],[-117.98976,45.56399],[-117.99207,45.56399],[-117.99207,45.56425],[-117.99284,45.56452],[-117.99284,45.56506],[-117.99322,45.56506],[-117.99322,45.5656],[-117.99438,45.5656],[-117.99438,45.56506],[-117.99515,45.56479],[-117.99515,45.56452],[-117.99669,45.56452],[-117.99669,45.56479],[-117.99823,45.56506],[-117.99823,45.56533],[-117.999,45.56533],[-117.999,45.56479],[-117.99861,45.56479],[-117.99861,45.56425],[-117.99823,45.56425],[-117.99823,45.56399],[-117.99784,45.56399],[-117.99784,45.56372],[-117.99861,45.56372],[-117.99861,45.56399],[-117.999,45.56399],[-117.999,45.56425],[-117.99977,45.56425],[-117.99977,45.56372],[-118.00015,45.56372],[-118.00015,45.56425],[-118.00092,45.56399],[-118.00092,45.56425],[-118.00169,45.56425],[-118.00169,45.56452],[-118.00208,45.56452],[-118.00208,45.56479],[-118.00285,45.56479],[-118.00285,45.56399],[-118.00323,45.56399],[-118.00323,45.56452],[-118.00362,45.56452],[-118.00362,45.56506],[-118.00439,45.56506],[-118.00439,45.56425],[-118.00593,45.56425],[-118.00593,45.56399],[-118.00631,45.56399],[-118.00631,45.56425],[-118.00708,45.56452],[-118.00708,45.56479],[-118.00785,45.56479],[-118.00785,45.56506],[-118.00901,45.56506],[-118.00901,45.56587],[-118.00862,45.56587],[-118.00862,45.56614],[-118.00901,45.56614],[-118.00901,45.56641],[-118.00978,45.56641],[-118.00978,45.56668],[-118.0117,45.56668]],[[-118.00362,45.59147],[-118.00323,45.59147],[-118.00323,45.59174],[-118.00362,45.59174],[-118.00362,45.59147]],[[-118.00439,45.59363],[-118.00439,45.59336],[-118.00323,45.59336],[-118.00323,45.59363],[-118.00285,45.59363],[-118.00285,45.5939],[-118.00246,45.5939],[-118.00246,45.59498],[-118.004,45.59498],[-118.004,45.59471],[-118.00477,45.59471],[-118.00477,45.59363],[-118.00439,45.59363]],[[-117.98552,45.57584],[-117.98668,45.57584],[-117.98668,45.57557],[-117.98706,45.57557],[-117.98706,45.57396],[-117.98629,45.57423],[-117.98629,45.57503],[-117.98552,45.5753],[-117.98552,45.57584]],[[-117.98591,45.57476],[-117.98591,45.5745],[-117.98552,45.5745],[-117.98552,45.57476],[-117.98591,45.57476]],[[-118.00785,45.56614],[-118.00785,45.56695],[-118.00824,45.56695],[-118.00824,45.56641],[-118.00862,45.56641],[-118.00862,45.56614],[-118.00785,45.56614]],[[-118.03866,45.60333],[-118.03789,45.6036],[-118.03789,45.60414],[-118.03904,45.60414],[-118.03904,45.60387],[-118.03981,45.60387],[-118.03981,45.6036],[-118.04097,45.6036],[-118.04097,45.60279],[-118.0402,45.60252],[-118.0402,45.60279],[-118.03866,45.60306],[-118.03866,45.60333]],[[-118.0402,45.60225],[-118.03981,45.60225],[-118.03981,45.60252],[-118.0402,45.60252],[-118.0402,45.60225]],[[-118.03134,45.60171],[-118.03173,45.60171],[-118.03173,45.60144],[-118.03134,45.60144],[-118.03134,45.60171]],[[-118.03134,45.60118],[-118.03096,45.60118],[-118.03096,45.60144],[-118.03134,45.60144],[-118.03134,45.60118]],[[-118.02364,45.59875],[-118.02249,45.59875],[-118.02249,45.59902],[-118.0221,45.59902],[-118.0221,45.59983],[-118.02249,45.59983],[-118.02249,45.6001],[-118.02287,45.6001],[-118.02287,45.60037],[-118.02364,45.60037],[-118.02364,45.6001],[-118.02403,45.6001],[-118.02403,45.59902],[-118.02364,45.59902],[-118.02364,45.59875]],[[-117.99823,45.59013],[-117.99861,45.59013],[-117.99861,45.5904],[-117.999,45.5904],[-117.999,45.59066],[-117.99938,45.59066],[-117.99938,45.59013],[-117.999,45.59013],[-117.999,45.58986],[-117.99823,45.58986],[-117.99823,45.59013]],[[-117.99399,45.58986],[-117.99361,45.58986],[-117.99361,45.59013],[-117.99399,45.59013],[-117.99399,45.58986]],[[-117.999,45.58932],[-117.99938,45.58932],[-117.99938,45.58905],[-117.999,45.58905],[-117.999,45.58932]],[[-117.999,45.58878],[-117.99861,45.58878],[-117.99861,45.58905],[-117.999,45.58905],[-117.999,45.58878]],[[-117.99515,45.5877],[-117.99476,45.5877],[-117.99476,45.58743],[-117.99399,45.58743],[-117.99399,45.58797],[-117.99476,45.58797],[-117.99476,45.58824],[-117.99515,45.58824],[-117.99515,45.58851],[-117.99592,45.58851],[-117.99592,45.58824],[-117.99515,45.58797],[-117.99515,45.5877]],[[-117.99245,45.58662],[-117.99168,45.58635],[-117.99168,45.58662],[-117.99091,45.58689],[-117.99091,45.58743],[-117.9913,45.58743],[-117.9913,45.5877],[-117.99245,45.5877],[-117.99245,45.58743],[-117.99284,45.58743],[-117.99284,45.58716],[-117.99245,45.58716],[-117.99245,45.58662]],[[-117.99515,45.58662],[-117.99476,45.58662],[-117.99476,45.58689],[-117.99515,45.58689],[-117.99515,45.58662]],[[-117.98976,45.58608],[-117.98937,45.58608],[-117.98937,45.58635],[-117.98976,45.58635],[-117.98976,45.58608]],[[-118.02403,45.58581],[-118.02364,45.58581],[-118.02364,45.58608],[-118.02403,45.58608],[-118.02403,45.58581]],[[-118.0221,45.58554],[-118.02171,45.58554],[-118.02171,45.58581],[-118.0221,45.58581],[-118.0221,45.58554]],[[-118.01786,45.58554],[-118.01748,45.58554],[-118.01748,45.58581],[-118.01786,45.58581],[-118.01786,45.58554]],[[-117.99245,45.58528],[-117.9913,45.58528],[-117.9913,45.58554],[-117.99168,45.58554],[-117.99168,45.58581],[-117.99361,45.58581],[-117.99361,45.58554],[-117.99284,45.58554],[-117.99284,45.58501],[-117.99245,45.58501],[-117.99245,45.58528]],[[-118.01709,45.58528],[-118.01671,45.58528],[-118.01671,45.58554],[-118.01709,45.58554],[-118.01709,45.58528]],[[-117.98822,45.58501],[-117.98783,45.58501],[-117.98783,45.58554],[-117.98822,45.58554],[-117.98822,45.58501]],[[-118.01748,45.58474],[-118.01709,45.58474],[-118.01709,45.58501],[-118.01748,45.58501],[-118.01748,45.58474]],[[-117.99091,45.58366],[-117.99053,45.58366],[-117.99053,45.58339],[-117.98976,45.58339],[-117.98976,45.5842],[-117.99014,45.5842],[-117.99014,45.58447],[-117.9913,45.58447],[-117.9913,45.58474],[-117.99207,45.58474],[-117.99207,45.5842],[-117.9913,45.5842],[-117.9913,45.58393],[-117.99091,45.58393],[-117.99091,45.58366]],[[-117.9886,45.58339],[-117.98822,45.58339],[-117.98822,45.58312],[-117.98706,45.58312],[-117.98706,45.58366],[-117.98783,45.58366],[-117.98783,45.58393],[-117.9886,45.5842],[-117.9886,45.58447],[-117.98937,45.58447],[-117.98937,45.58393],[-117.98899,45.58393],[-117.98899,45.58366],[-117.9886,45.58366],[-117.9886,45.58339]],[[-118.02403,45.58285],[-118.02364,45.58285],[-118.02364,45.58312],[-118.02403,45.58312],[-118.02403,45.58285]],[[-118.01401,45.58285],[-118.01363,45.58285],[-118.01363,45.58312],[-118.01401,45.58312],[-118.01401,45.58285]],[[-118.02441,45.58231],[-118.02403,45.58231],[-118.02403,45.58258],[-118.02441,45.58258],[-118.02441,45.58231]],[[-118.01363,45.58177],[-118.01324,45.58177],[-118.01324,45.58258],[-118.01363,45.58258],[-118.01363,45.58177]],[[-118.02326,45.58123],[-118.02287,45.58123],[-118.02287,45.5815],[-118.02326,45.5815],[-118.02326,45.58123]],[[-118.01478,45.58096],[-118.0144,45.58096],[-118.0144,45.58123],[-118.01478,45.58123],[-118.01478,45.58096]],[[-117.98629,45.58069],[-117.98591,45.58069],[-117.98591,45.58123],[-117.98706,45.58123],[-117.98706,45.58069],[-117.98668,45.58069],[-117.98668,45.58042],[-117.98629,45.58042],[-117.98629,45.58069]],[[-118.01401,45.57881],[-118.01363,45.57881],[-118.01363,45.57935],[-118.01401,45.57935],[-118.01401,45.57881]],[[-118.02056,45.57854],[-118.02017,45.57854],[-118.02017,45.57881],[-118.02056,45.57881],[-118.02056,45.57854]],[[-118.0194,45.57827],[-118.01902,45.57827],[-118.01902,45.57854],[-118.0194,45.57854],[-118.0194,45.57827]],[[-118.0144,45.57827],[-118.01401,45.57827],[-118.01401,45.57854],[-118.0144,45.57854],[-118.0144,45.57827]],[[-118.01825,45.57773],[-118.01786,45.57773],[-118.01786,45.578],[-118.01825,45.578],[-118.01825,45.57773]],[[-118.01709,45.57746],[-118.01671,45.57746],[-118.01671,45.57773],[-118.01709,45.57773],[-118.01709,45.57746]],[[-118.03712,45.57638],[-118.03635,45.57638],[-118.03635,45.57665],[-118.03712,45.57665],[-118.03712,45.57638]],[[-117.99091,45.57503],[-117.99168,45.5753],[-117.99168,45.5745],[-117.9913,45.5745],[-117.9913,45.57396],[-117.99091,45.57396],[-117.99091,45.57503]],[[-117.98976,45.56991],[-117.98899,45.56964],[-117.98899,45.57045],[-117.9886,45.57045],[-117.9886,45.57072],[-117.98899,45.57072],[-117.98899,45.57126],[-117.9886,45.57126],[-117.9886,45.5718],[-117.98822,45.5718],[-117.98822,45.57315],[-117.98899,45.57288],[-117.98899,45.57153],[-117.98937,45.57153],[-117.98937,45.57126],[-117.98976,45.57126],[-117.98976,45.57099],[-117.99014,45.57099],[-117.99014,45.57045],[-117.98976,45.57045],[-117.98976,45.56991]],[[-117.98976,45.5718],[-117.99014,45.5718],[-117.99014,45.57126],[-117.98976,45.57126],[-117.98976,45.5718]],[[-117.99245,45.57153],[-117.99322,45.57153],[-117.99322,45.57126],[-117.99284,45.57126],[-117.99284,45.57045],[-117.99245,45.57045],[-117.99245,45.57153]],[[-118.01902,45.5683],[-118.01863,45.5683],[-118.01863,45.56884],[-118.01902,45.56884],[-118.01902,45.5683]]],[[[-118.04905,45.58635],[-118.04905,45.58554],[-118.04944,45.58554],[-118.04944,45.58635],[-118.04905,45.58635]]],[[[-118.00747,45.59552],[-118.00747,45.59525],[-118.00824,45.59525],[-118.00824,45.59552],[-118.00747,45.59552]]],[[[-118.00901,45.59632],[-118.00901,45.59605],[-118.00939,45.59605],[-118.00939,45.59632],[-118.00901,45.59632]]],[[[-118.05252,45.59605],[-118.05252,45.59579],[-118.0529,45.59579],[-118.0529,45.59632],[-118.05329,45.59632],[-118.05329,45.59659],[-118.0529,45.59659],[-118.0529,45.59686],[-118.05213,45.59659],[-118.05213,45.59605],[-118.05252,45.59605]]],[[[-118.00939,45.59659],[-118.00939,45.59632],[-118.00978,45.59632],[-118.00978,45.59659],[-118.00939,45.59659]]],[[[-118.00785,45.59713],[-118.00785,45.59686],[-118.00824,45.59686],[-118.00824,45.59713],[-118.00785,45.59713]]],[[[-118.01709,45.60064],[-118.01709,45.60118],[-118.01632,45.60118],[-118.01632,45.60091],[-118.01709,45.60064]]],[[[-118.0248,45.60252],[-118.02711,45.60252],[-118.02711,45.60333],[-118.02672,45.60333],[-118.02672,45.6036],[-118.02595,45.6036],[-118.02595,45.60333],[-118.02364,45.6036],[-118.02364,45.60306],[-118.02326,45.60306],[-118.02326,45.60252],[-118.02364,45.60252],[-118.02364,45.60225],[-118.0248,45.60225],[-118.0248,45.60252]]],[[[-118.02326,45.6036],[-118.02287,45.6036],[-118.02287,45.60306],[-118.02326,45.60306],[-118.02326,45.6036]]],[[[-118.03096,45.60414],[-118.03096,45.6036],[-118.03134,45.6036],[-118.03134,45.60414],[-118.03096,45.60414]]],[[[-118.05098,45.60495],[-118.05059,45.60495],[-118.05059,45.60441],[-118.05098,45.60441],[-118.05098,45.60414],[-118.05175,45.60414],[-118.05175,45.60441],[-118.05213,45.60441],[-118.05213,45.60495],[-118.05252,45.60495],[-118.05252,45.60549],[-118.0529,45.60549],[-118.0529,45.60576],[-118.05367,45.60576],[-118.05367,45.60603],[-118.05329,45.60603],[-118.05329,45.6063],[-118.05175,45.6063],[-118.05175,45.60549],[-118.05136,45.60549],[-118.05136,45.60522],[-118.05098,45.60522],[-118.05098,45.60495]]],[[[-118.04982,45.60522],[-118.05021,45.60522],[-118.05021,45.60549],[-118.04982,45.60549],[-118.04982,45.60603],[-118.04867,45.60603],[-118.04867,45.60522],[-118.04944,45.60522],[-118.04944,45.60495],[-118.04982,45.60495],[-118.04982,45.60522]]],[[[-117.9963,45.56345],[-117.9963,45.56318],[-117.99669,45.56318],[-117.99669,45.56345],[-117.9963,45.56345]]],[[[-117.99977,45.56345],[-117.99977,45.56372],[-117.999,45.56372],[-117.999,45.56318],[-117.99977,45.56345]]],[[[-118.00554,45.56399],[-118.00554,45.56372],[-118.00593,45.56372],[-118.00593,45.56399],[-118.00554,45.56399]]],[[[-117.98706,45.57018],[-117.98706,45.56964],[-117.98668,45.56964],[-117.98668,45.56884],[-117.98706,45.56884],[-117.98706,45.56857],[-117.98822,45.56857],[-117.98822,45.56884],[-117.98783,45.56884],[-117.98783,45.56911],[-117.98745,45.56911],[-117.98745,45.57072],[-117.98706,45.57072],[-117.98706,45.57126],[-117.98668,45.57126],[-117.98668,45.5718],[-117.98629,45.5718],[-117.98629,45.57099],[-117.98668,45.57099],[-117.98668,45.57018],[-117.98706,45.57018]]],[[[-117.98514,45.57773],[-117.98514,45.57746],[-117.98552,45.57746],[-117.98552,45.57773],[-117.98514,45.57773]]],[[[-117.98359,45.57854],[-117.98359,45.57827],[-117.98398,45.57827],[-117.98398,45.57854],[-117.98359,45.57854]]],[[[-117.98591,45.57908],[-117.98591,45.57881],[-117.98629,45.57881],[-117.98629,45.57908],[-117.98591,45.57908]]],[[[-117.98051,45.58069],[-117.98051,45.58042],[-117.9809,45.58042],[-117.9809,45.58069],[-117.98051,45.58069]]],[[[-117.98128,45.58662],[-117.98128,45.5877],[-117.98051,45.58797],[-117.98051,45.58635],[-117.98128,45.58662]]],[[[-117.99784,45.59471],[-117.99784,45.59444],[-117.99823,45.59444],[-117.99823,45.59471],[-117.99784,45.59471]]],[[[-117.98167,45.59498],[-117.98167,45.59471],[-117.98205,45.59471],[-117.98205,45.59525],[-117.98244,45.59525],[-117.98244,45.59579],[-117.9809,45.59579],[-117.9809,45.59525],[-117.98167,45.59498]]],[[[-118.00131,45.59552],[-118.00131,45.59525],[-118.00169,45.59525],[-118.00169,45.59552],[-118.00131,45.59552]]],[[[-118.00708,45.59552],[-118.00747,45.59552],[-118.00747,45.59605],[-118.00708,45.59605],[-118.00708,45.59552]]],[[[-118.00708,45.59632],[-118.0067,45.59632],[-118.0067,45.59605],[-118.00708,45.59605],[-118.00708,45.59632]]],[[[-118.00362,45.59632],[-118.00362,45.59605],[-118.004,45.59605],[-118.004,45.59632],[-118.00362,45.59632]]],[[[-118.00631,45.59659],[-118.0067,45.59659],[-118.0067,45.59686],[-118.00631,45.59686],[-118.00631,45.59659]]],[[[-117.97127,45.60118],[-117.9705,45.60118],[-117.9705,45.60064],[-117.97166,45.60064],[-117.97166,45.60091],[-117.97127,45.60091],[-117.97127,45.60118]]]]},"properties":{"layer":"predicted_reach_h20","fire_name":"Middle_Ridge","irwin_id":"{2088689D-42B8-4A31-85B6-2CADB59BA127}","model":"arrival_run","checkpoint_epoch":216,"decode":"connected_causal","operating_point":{"floor":0.0,"mult":0.9},"val_precision":null,"val_recall":null,"model_caveat":"arrival_run chosen for best RECALL among the six FlameFlux v3 candidates on the production-valid t0-window corpus (R=0.624 on the fc2 held-out fires, R=0.432 on Dillon -- see candidate_comparison.md from the 2026-07-24 comparison). It does NOT meet the project's P>=0.50/R>=0.80 target: precision is the WORST of the six (P=0.120 on fc2 -- most flagged growth is wrong), and wind_run actually edges it on F1. IMPORTANT CAVEAT: arrival_run trained on the leaky 'observed' corpus (crop centered/sized on t0|t1, i.e. it saw the future perimeter's geometry during training) and has NEVER seen a t0-window crop -- the ONLY geometry this live pipeline can ever produce at forecast time (the future perimeter is, by definition, unknown). So every live prediction from this model is out-of-distribution relative to its own training. The measured t0-window numbers above already reflect that (they are not a surprise), but this is 'best available', not 'production-ready' -- represent it that way. The operating_point (floor=0.0, mult=0.9) is the VAL-selected connected-causal decode point; it did NOT clear the 0.50 precision floor during selection (feasible=False, val P=0.270/R=0.259) -- it's the best-F1 fallback point, not a precision-guaranteed one.","issued_at_utc":"2026-08-23 20:05:07.672141+00:00","valid_from_utc":"2026-08-23 00:00:00","valid_to_utc":"2026-08-24 00:00:00","wfigs_date_current_utc":"2026-08-23 16:41:28.079000+00:00","pixel_size_m":30,"veg_source":"refreshed_d4","physics_source":"eikonal_fbfm40","history_n_dates":1,"degraded_history":true,"containment_pct":0.0,"acres_wfigs":138.34560634370422,"hour":20,"valid_at_utc":"2026-08-23 20:00:00"}},{"type":"Feature","geometry":{"type":"MultiPolygon","coordinates":[[[[-118.03288,45.57126],[-118.03288,45.57099],[-118.03327,45.57099],[-118.03327,45.57126],[-118.03288,45.57126]]],[[[-118.03635,45.57315],[-118.03635,45.57288],[-118.03673,45.57288],[-118.03673,45.57315],[-118.03635,45.57315]]],[[[-118.04058,45.57396],[-118.04058,45.57369],[-118.04097,45.57369],[-118.04097,45.57396],[-118.04135,45.57396],[-118.04135,45.57423],[-118.04097,45.57423],[-118.04097,45.5745],[-118.0402,45.5745],[-118.0402,45.57423],[-118.03981,45.57423],[-118.03981,45.57396],[-118.04058,45.57396]]],[[[-118.03981,45.57638],[-118.03943,45.57638],[-118.03943,45.57611],[-118.03981,45.57611],[-118.03981,45.57638]]],[[[-118.05329,45.60549],[-118.05329,45.60576],[-118.05406,45.60603],[-118.05406,45.6063],[-118.05367,45.6063],[-118.05367,45.60657],[-118.05175,45.60657],[-118.05175,45.6063],[-118.05136,45.6063],[-118.05136,45.60549],[-118.05098,45.60549],[-118.05098,45.60522],[-118.05021,45.60549],[-118.05021,45.60603],[-118.04867,45.60603],[-118.04867,45.6063],[-118.04828,45.6063],[-118.04828,45.60603],[-118.0479,45.60603],[-118.0479,45.60549],[-118.04751,45.60549],[-118.04751,45.60495],[-118.04674,45.60495],[-118.04674,45.60468],[-118.04713,45.60468],[-118.04713,45.60414],[-118.04674,45.60414],[-118.04674,45.60441],[-118.04482,45.60441],[-118.04482,45.60414],[-118.04443,45.60414],[-118.04443,45.60441],[-118.04328,45.60441],[-118.04328,45.60468],[-118.04289,45.60468],[-118.04289,45.60387],[-118.04212,45.60387],[-118.04212,45.6036],[-118.04174,45.6036],[-118.04174,45.60387],[-118.04097,45.60414],[-118.04097,45.60468],[-118.04174,45.60468],[-118.04174,45.60441],[-118.04212,45.60441],[-118.04212,45.60522],[-118.04174,45.60522],[-118.04174,45.60549],[-118.04135,45.60549],[-118.04135,45.60522],[-118.0402,45.60522],[-118.0402,45.60495],[-118.03866,45.60495],[-118.03866,45.60522],[-118.03789,45.60522],[-118.03789,45.60549],[-118.0375,45.60549],[-118.0375,45.60414],[-118.03712,45.60414],[-118.03712,45.60468],[-118.03673,45.60468],[-118.03673,45.60387],[-118.03635,45.60387],[-118.03635,45.60441],[-118.03596,45.60441],[-118.03596,45.60468],[-118.03635,45.60468],[-118.03635,45.60549],[-118.03596,45.60549],[-118.03596,45.60495],[-118.03558,45.60495],[-118.03558,45.60549],[-118.03519,45.60549],[-118.03519,45.60576],[-118.03442,45.60576],[-118.03442,45.60549],[-118.03365,45.60522],[-118.03365,45.60468],[-118.03442,45.60441],[-118.03442,45.60333],[-118.03211,45.60414],[-118.03211,45.6036],[-118.03134,45.6036],[-118.03134,45.60225],[-118.03096,45.60225],[-118.03096,45.60198],[-118.02788,45.60225],[-118.02788,45.60279],[-118.02711,45.60279],[-118.02711,45.60333],[-118.02672,45.60333],[-118.02672,45.6036],[-118.02595,45.6036],[-118.02595,45.60333],[-118.02364,45.6036],[-118.02364,45.60306],[-118.02326,45.60306],[-118.02326,45.60252],[-118.02364,45.60252],[-118.02364,45.60225],[-118.02595,45.60225],[-118.02595,45.60171],[-118.02634,45.60171],[-118.02634,45.60118],[-118.02711,45.60091],[-118.02711,45.60064],[-118.02672,45.60064],[-118.02672,45.60037],[-118.02634,45.60037],[-118.02634,45.60064],[-118.02557,45.60064],[-118.02557,45.60091],[-118.0248,45.60091],[-118.0248,45.60118],[-118.02403,45.60118],[-118.02403,45.60144],[-118.02326,45.60171],[-118.02326,45.60225],[-118.02017,45.60225],[-118.02017,45.60252],[-118.0194,45.60225],[-118.0194,45.60279],[-118.01748,45.60279],[-118.01748,45.60225],[-118.01786,45.60225],[-118.01786,45.60198],[-118.01863,45.60198],[-118.01863,45.60171],[-118.01902,45.60171],[-118.01902,45.60118],[-118.0194,45.60118],[-118.0194,45.60091],[-118.01979,45.60091],[-118.01979,45.60064],[-118.02017,45.60064],[-118.02017,45.60037],[-118.02056,45.60037],[-118.02056,45.6001],[-118.0194,45.6001],[-118.0194,45.60037],[-118.01902,45.60037],[-118.01902,45.60064],[-118.01863,45.60064],[-118.01863,45.60091],[-118.01825,45.60091],[-118.01825,45.60118],[-118.01748,45.60118],[-118.01748,45.60064],[-118.01709,45.60064],[-118.01709,45.6001],[-118.01671,45.6001],[-118.01671,45.60037],[-118.01632,45.60037],[-118.01632,45.60064],[-118.01594,45.60064],[-118.01594,45.60037],[-118.01555,45.60037],[-118.01555,45.59848],[-118.01324,45.59848],[-118.01324,45.5974],[-118.01247,45.5974],[-118.01247,45.59767],[-118.01209,45.59767],[-118.01209,45.59713],[-118.01132,45.59686],[-118.01132,45.59579],[-118.01093,45.59579],[-118.01093,45.59552],[-118.01055,45.59552],[-118.01055,45.59525],[-118.01016,45.59525],[-118.01016,45.59498],[-118.00978,45.59498],[-118.00978,45.59471],[-118.00939,45.59471],[-118.00939,45.59444],[-118.00785,45.59444],[-118.00785,45.59498],[-118.00747,45.59498],[-118.00747,45.59525],[-118.00824,45.59525],[-118.00824,45.59552],[-118.00747,45.59552],[-118.00747,45.59605],[-118.00708,45.59605],[-118.00708,45.59525],[-118.00554,45.59525],[-118.00554,45.59579],[-118.00516,45.59579],[-118.00516,45.59605],[-118.00362,45.59632],[-118.00362,45.59605],[-118.004,45.59605],[-118.004,45.59579],[-118.00323,45.59579],[-118.00323,45.59632],[-118.00285,45.59632],[-118.00285,45.59552],[-118.00246,45.59552],[-118.00246,45.59525],[-118.00169,45.59525],[-118.00169,45.59471],[-118.00015,45.59471],[-118.00015,45.59552],[-117.99977,45.59552],[-117.99977,45.59525],[-117.99938,45.59525],[-117.99938,45.59498],[-117.99861,45.59498],[-117.99861,45.59444],[-117.999,45.59444],[-117.999,45.5939],[-117.99823,45.59363],[-117.99823,45.59282],[-117.99784,45.59282],[-117.99784,45.59255],[-117.99707,45.59255],[-117.99707,45.59228],[-117.9963,45.59228],[-117.9963,45.59201],[-117.99553,45.59174],[-117.99553,45.59228],[-117.99592,45.59228],[-117.99592,45.59255],[-117.9963,45.59255],[-117.9963,45.59282],[-117.99707,45.59282],[-117.99707,45.59336],[-117.99784,45.59363],[-117.99784,45.59417],[-117.99707,45.59417],[-117.99707,45.59363],[-117.9963,45.59363],[-117.9963,45.59336],[-117.99553,45.59309],[-117.99553,45.59282],[-117.99476,45.59255],[-117.99476,45.59201],[-117.99438,45.59201],[-117.99438,45.59147],[-117.99399,45.59147],[-117.99399,45.5912],[-117.99361,45.5912],[-117.99361,45.59093],[-117.99322,45.59093],[-117.99322,45.59066],[-117.99284,45.59066],[-117.99284,45.5904],[-117.99245,45.5904],[-117.99245,45.59013],[-117.99207,45.59013],[-117.99207,45.58986],[-117.99168,45.58986],[-117.99168,45.58959],[-117.9913,45.58959],[-117.9913,45.58932],[-117.99091,45.58932],[-117.99091,45.58878],[-117.99053,45.58878],[-117.99053,45.58824],[-117.99014,45.58824],[-117.99014,45.58797],[-117.98976,45.58797],[-117.98976,45.5877],[-117.98899,45.5877],[-117.98899,45.58743],[-117.9886,45.58743],[-117.9886,45.58716],[-117.98783,45.58716],[-117.98783,45.58689],[-117.98706,45.58662],[-117.98706,45.58689],[-117.98629,45.58689],[-117.98629,45.58797],[-117.98514,45.58797],[-117.98514,45.58716],[-117.98475,45.58716],[-117.98475,45.58662],[-117.98437,45.58662],[-117.98437,45.58608],[-117.98398,45.58608],[-117.98398,45.58581],[-117.98437,45.58581],[-117.98437,45.58528],[-117.98514,45.58501],[-117.98514,45.58447],[-117.98552,45.58447],[-117.98552,45.5842],[-117.98437,45.5842],[-117.98437,45.58447],[-117.98398,45.58447],[-117.98398,45.58366],[-117.98475,45.58366],[-117.98475,45.58339],[-117.98514,45.58339],[-117.98514,45.58312],[-117.98552,45.58312],[-117.98552,45.58285],[-117.98629,45.58285],[-117.98629,45.58258],[-117.98668,45.58258],[-117.98668,45.58231],[-117.98552,45.58231],[-117.98552,45.58204],[-117.98591,45.58204],[-117.98591,45.58177],[-117.98475,45.58177],[-117.98475,45.5815],[-117.98437,45.5815],[-117.98437,45.58123],[-117.98359,45.58123],[-117.98359,45.58096],[-117.98244,45.58096],[-117.98244,45.58042],[-117.98205,45.58042],[-117.98205,45.58015],[-117.98244,45.58015],[-117.98244,45.57989],[-117.98282,45.57989],[-117.98282,45.57962],[-117.98321,45.57962],[-117.98321,45.57827],[-117.98359,45.57827],[-117.98359,45.578],[-117.98398,45.578],[-117.98398,45.57773],[-117.98437,45.57773],[-117.98437,45.57638],[-117.98514,45.57611],[-117.98514,45.5753],[-117.98437,45.57557],[-117.98437,45.5745],[-117.98514,45.57423],[-117.98514,45.57369],[-117.98591,45.57369],[-117.98591,45.57315],[-117.98629,45.57315],[-117.98629,45.57261],[-117.98668,45.57261],[-117.98668,45.57207],[-117.98629,45.57207],[-117.98629,45.56964],[-117.98591,45.56964],[-117.98591,45.56884],[-117.98668,45.56857],[-117.98668,45.5683],[-117.98745,45.5683],[-117.98745,45.56857],[-117.9886,45.56857],[-117.9886,45.5683],[-117.98899,45.5683],[-117.98899,45.56749],[-117.9886,45.56749],[-117.9886,45.56668],[-117.98706,45.56641],[-117.98706,45.56614],[-117.98783,45.56614],[-117.98783,45.5656],[-117.98745,45.5656],[-117.98745,45.56533],[-117.98706,45.56533],[-117.98706,45.56506],[-117.98783,45.56479],[-117.98783,45.56452],[-117.98822,45.56452],[-117.98822,45.56425],[-117.9886,45.56425],[-117.9886,45.56372],[-117.98899,45.56372],[-117.98899,45.56318],[-117.98976,45.56318],[-117.98976,45.56372],[-117.99014,45.56372],[-117.99014,45.56399],[-117.99091,45.56399],[-117.99091,45.56372],[-117.99245,45.56399],[-117.99245,45.56425],[-117.99284,45.56425],[-117.99284,45.56452],[-117.99322,45.56452],[-117.99322,45.56479],[-117.99361,45.56479],[-117.99361,45.56533],[-117.99399,45.56533],[-117.99399,45.56506],[-117.99476,45.56479],[-117.99476,45.56452],[-117.99515,45.56452],[-117.99515,45.56425],[-117.9963,45.56425],[-117.9963,45.56452],[-117.99707,45.56452],[-117.99707,45.56479],[-117.99823,45.56479],[-117.99823,45.56425],[-117.99784,45.56425],[-117.99784,45.56372],[-117.99861,45.56372],[-117.99861,45.56399],[-117.999,45.56399],[-117.999,45.56425],[-117.99977,45.56425],[-117.99977,45.56372],[-117.999,45.56372],[-117.999,45.56318],[-117.99977,45.56318],[-117.99977,45.56345],[-118.00015,45.56345],[-118.00015,45.56425],[-118.00054,45.56425],[-118.00054,45.56399],[-118.00131,45.56399],[-118.00131,45.56425],[-118.00169,45.56425],[-118.00169,45.56452],[-118.00246,45.56452],[-118.00246,45.56425],[-118.00323,45.56399],[-118.00323,45.56452],[-118.00362,45.56452],[-118.00362,45.56506],[-118.00439,45.56506],[-118.00439,45.56425],[-118.00593,45.56425],[-118.00593,45.56399],[-118.00631,45.56399],[-118.00631,45.56425],[-118.00708,45.56425],[-118.00708,45.56452],[-118.00747,45.56452],[-118.00747,45.56479],[-118.00862,45.56479],[-118.00862,45.56506],[-118.00901,45.56506],[-118.00901,45.56533],[-118.00939,45.56533],[-118.00939,45.56641],[-118.01247,45.56641],[-118.01247,45.56668],[-118.01324,45.56695],[-118.01324,45.56749],[-118.0144,45.56749],[-118.0144,45.56722],[-118.01517,45.56722],[-118.01517,45.56695],[-118.01632,45.56695],[-118.01632,45.56722],[-118.01671,45.56722],[-118.01671,45.56749],[-118.01748,45.56749],[-118.01748,45.56776],[-118.01786,45.56776],[-118.01786,45.56695],[-118.01825,45.56695],[-118.01825,45.56749],[-118.0194,45.56749],[-118.0194,45.56722],[-118.02017,45.56695],[-118.02017,45.56722],[-118.02171,45.56749],[-118.02171,45.56776],[-118.02364,45.56776],[-118.02364,45.56803],[-118.02441,45.56803],[-118.02441,45.5683],[-118.02518,45.5683],[-118.02518,45.56803],[-118.02634,45.56803],[-118.02634,45.5683],[-118.02672,45.5683],[-118.02672,45.56857],[-118.02749,45.56857],[-118.02749,45.56884],[-118.02788,45.56884],[-118.02788,45.57018],[-118.02711,45.57018],[-118.02711,45.57045],[-118.02788,45.57045],[-118.02788,45.57099],[-118.02826,45.57099],[-118.02826,45.57072],[-118.02903,45.57099],[-118.02903,45.57018],[-118.02865,45.57018],[-118.02865,45.56991],[-118.02903,45.56991],[-118.02903,45.56937],[-118.02942,45.56937],[-118.02942,45.56911],[-118.03019,45.56911],[-118.03019,45.56937],[-118.03096,45.56911],[-118.03096,45.56964],[-118.03134,45.56964],[-118.03134,45.56991],[-118.03096,45.56991],[-118.03096,45.57045],[-118.03057,45.57045],[-118.03057,45.57126],[-118.03096,45.57126],[-118.03096,45.5718],[-118.03134,45.5718],[-118.03134,45.57234],[-118.03211,45.57207],[-118.03211,45.57234],[-118.03288,45.57234],[-118.03288,45.57261],[-118.03327,45.57261],[-118.03327,45.57315],[-118.03442,45.57315],[-118.03442,45.57342],[-118.03519,45.57342],[-118.03519,45.57315],[-118.03635,45.57315],[-118.03635,45.57342],[-118.0375,45.57342],[-118.0375,45.57396],[-118.03596,45.5745],[-118.03596,45.57503],[-118.03558,45.57503],[-118.03558,45.57584],[-118.03673,45.57584],[-118.03673,45.57557],[-118.03827,45.57557],[-118.03827,45.57584],[-118.03943,45.57584],[-118.03943,45.57611],[-118.03827,45.57611],[-118.03827,45.57638],[-118.03789,45.57638],[-118.03789,45.57665],[-118.03981,45.57665],[-118.03981,45.57638],[-118.04058,45.57638],[-118.04058,45.57665],[-118.04212,45.57692],[-118.04212,45.57719],[-118.04135,45.57746],[-118.04135,45.57773],[-118.04212,45.57773],[-118.04212,45.57827],[-118.04289,45.57827],[-118.04289,45.57881],[-118.04328,45.57881],[-118.04328,45.57989],[-118.04482,45.57962],[-118.04482,45.58123],[-118.04559,45.5815],[-118.04559,45.58204],[-118.04636,45.58231],[-118.04636,45.58285],[-118.04713,45.58312],[-118.04713,45.58366],[-118.04751,45.58366],[-118.04751,45.58447],[-118.04828,45.58474],[-118.04828,45.58554],[-118.04944,45.58554],[-118.04944,45.58635],[-118.04867,45.58635],[-118.04867,45.58608],[-118.04828,45.58608],[-118.04828,45.58581],[-118.04751,45.58608],[-118.04751,45.58689],[-118.0479,45.58689],[-118.0479,45.5877],[-118.04828,45.5877],[-118.04828,45.58878],[-118.0479,45.58878],[-118.0479,45.58932],[-118.04751,45.58932],[-118.04751,45.58986],[-118.04559,45.58986],[-118.04559,45.58959],[-118.04328,45.58932],[-118.04328,45.59013],[-118.04366,45.59013],[-118.04366,45.5904],[-118.04405,45.5904],[-118.04405,45.59066],[-118.04559,45.59066],[-118.04559,45.59093],[-118.04674,45.59093],[-118.04674,45.59066],[-118.04751,45.59066],[-118.04751,45.5904],[-118.0479,45.5904],[-118.0479,45.59013],[-118.04867,45.59013],[-118.04867,45.58986],[-118.04905,45.58986],[-118.04905,45.58959],[-118.04982,45.58959],[-118.04982,45.59013],[-118.04944,45.59013],[-118.04944,45.59147],[-118.04982,45.59147],[-118.04982,45.59309],[-118.04944,45.59309],[-118.04944,45.59363],[-118.05059,45.59363],[-118.05059,45.5939],[-118.05136,45.59417],[-118.05136,45.59444],[-118.05213,45.59444],[-118.05213,45.59471],[-118.0529,45.59498],[-118.0529,45.59579],[-118.05329,45.59579],[-118.05329,45.5974],[-118.0529,45.5974],[-118.0529,45.59713],[-118.05213,45.59686],[-118.05213,45.59632],[-118.05175,45.59632],[-118.05175,45.59605],[-118.05213,45.59605],[-118.05213,45.59525],[-118.05136,45.59552],[-118.05136,45.59498],[-118.05059,45.59498],[-118.05059,45.59525],[-118.04982,45.59552],[-118.04982,45.59579],[-118.05021,45.59579],[-118.05021,45.59605],[-118.05059,45.59605],[-118.05059,45.59632],[-118.05098,45.59632],[-118.05098,45.59686],[-118.05136,45.59686],[-118.05136,45.5974],[-118.05175,45.5974],[-118.05175,45.59767],[-118.0529,45.59767],[-118.0529,45.59794],[-118.05252,45.59794],[-118.05252,45.59821],[-118.05175,45.59821],[-118.05175,45.59848],[-118.05136,45.59848],[-118.05136,45.59875],[-118.05175,45.59875],[-118.05175,45.59902],[-118.0529,45.59902],[-118.0529,45.59929],[-118.05252,45.59929],[-118.05252,45.59983],[-118.05367,45.59983],[-118.05367,45.59956],[-118.05444,45.59956],[-118.05444,45.59929],[-118.05483,45.59929],[-118.05483,45.59902],[-118.0556,45.59902],[-118.0556,45.59956],[-118.05598,45.59956],[-118.05598,45.60064],[-118.05675,45.60091],[-118.05675,45.60144],[-118.05714,45.60144],[-118.05714,45.60198],[-118.05752,45.60198],[-118.05752,45.60252],[-118.05791,45.60252],[-118.05791,45.60306],[-118.05829,45.60306],[-118.05829,45.6036],[-118.05868,45.6036],[-118.05868,45.60414],[-118.05906,45.60414],[-118.05906,45.60468],[-118.05945,45.60468],[-118.05945,45.60549],[-118.05983,45.60549],[-118.05983,45.60603],[-118.05829,45.60603],[-118.05829,45.60576],[-118.05791,45.60576],[-118.05791,45.60603],[-118.05714,45.60603],[-118.05714,45.60576],[-118.05675,45.60576],[-118.05675,45.60549],[-118.05637,45.60549],[-118.05637,45.60603],[-118.05483,45.60603],[-118.05483,45.60576],[-118.05444,45.60576],[-118.05444,45.60549],[-118.05367,45.60549],[-118.05367,45.60522],[-118.0529,45.60495],[-118.0529,45.60441],[-118.05213,45.60414],[-118.05213,45.60468],[-118.05252,45.60468],[-118.05252,45.60522],[-118.05329,45.60549]],[[-118.00516,45.59552],[-118.00477,45.59552],[-118.00477,45.59579],[-118.00516,45.59579],[-118.00516,45.59552]],[[-117.98706,45.58231],[-117.98706,45.58204],[-117.98668,45.58204],[-117.98668,45.58231],[-117.98706,45.58231]],[[-117.98668,45.57342],[-117.98745,45.57369],[-117.98745,45.57342],[-117.98783,45.57342],[-117.98783,45.57261],[-117.98668,45.57261],[-117.98668,45.57342]],[[-118.05213,45.6036],[-118.05175,45.6036],[-118.05175,45.60333],[-118.05098,45.60333],[-118.05098,45.60306],[-118.05021,45.60306],[-118.05021,45.60279],[-118.04982,45.60279],[-118.04982,45.60225],[-118.04905,45.60225],[-118.04905,45.60171],[-118.04828,45.60171],[-118.04828,45.60306],[-118.04905,45.60306],[-118.04905,45.60414],[-118.04867,45.60414],[-118.04867,45.60468],[-118.05059,45.60468],[-118.05059,45.60441],[-118.05098,45.60441],[-118.05098,45.60414],[-118.05213,45.60414],[-118.05213,45.6036]],[[-118.03827,45.60333],[-118.03827,45.6036],[-118.03789,45.6036],[-118.03789,45.60414],[-118.03904,45.60414],[-118.03904,45.60387],[-118.03981,45.60387],[-118.03981,45.6036],[-118.04097,45.6036],[-118.04097,45.60279],[-118.0402,45.60252],[-118.0402,45.60279],[-118.03943,45.60279],[-118.03943,45.60306],[-118.03866,45.60306],[-118.03866,45.60333],[-118.03827,45.60333]],[[-118.0402,45.60225],[-118.03981,45.60225],[-118.03981,45.60252],[-118.0402,45.60252],[-118.0402,45.60225]],[[-118.03173,45.60171],[-118.03173,45.60144],[-118.03134,45.60144],[-118.03134,45.60171],[-118.03173,45.60171]],[[-118.03134,45.60118],[-118.03096,45.60118],[-118.03096,45.60144],[-118.03134,45.60144],[-118.03134,45.60118]],[[-118.02249,45.59875],[-118.02249,45.59902],[-118.0221,45.59902],[-118.0221,45.59983],[-118.02249,45.59983],[-118.02249,45.6001],[-118.02364,45.6001],[-118.02364,45.59983],[-118.02403,45.59983],[-118.02403,45.59929],[-118.02364,45.59929],[-118.02364,45.59875],[-118.02249,45.59875]],[[-118.00323,45.59336],[-118.00323,45.59363],[-118.00285,45.59363],[-118.00285,45.5939],[-118.00246,45.5939],[-118.00246,45.59498],[-118.004,45.59498],[-118.004,45.59471],[-118.00477,45.59471],[-118.00477,45.59363],[-118.00439,45.59363],[-118.00439,45.59336],[-118.00323,45.59336]],[[-118.00516,45.59363],[-118.00516,45.5939],[-118.00554,45.5939],[-118.00554,45.59417],[-118.0067,45.59417],[-118.0067,45.59336],[-118.00593,45.59336],[-118.00593,45.59309],[-118.00554,45.59309],[-118.00554,45.59363],[-118.00516,45.59363]],[[-117.99861,45.59013],[-117.99861,45.5904],[-117.99938,45.59066],[-117.99938,45.59013],[-117.999,45.59013],[-117.999,45.58986],[-117.99823,45.58986],[-117.99823,45.59013],[-117.99861,45.59013]],[[-117.99361,45.58986],[-117.99361,45.59013],[-117.99399,45.59013],[-117.99399,45.58986],[-117.99361,45.58986]],[[-117.99476,45.5877],[-117.99476,45.58743],[-117.99399,45.58743],[-117.99399,45.58797],[-117.99476,45.58797],[-117.99476,45.58824],[-117.99515,45.58824],[-117.99515,45.58851],[-117.99592,45.58851],[-117.99592,45.58824],[-117.99553,45.58824],[-117.99553,45.58797],[-117.99515,45.58797],[-117.99515,45.5877],[-117.99476,45.5877]],[[-117.99207,45.58662],[-117.99207,45.58635],[-117.99168,45.58635],[-117.99168,45.58662],[-117.99091,45.58689],[-117.99091,45.58743],[-117.9913,45.58743],[-117.9913,45.5877],[-117.99245,45.5877],[-117.99245,45.58743],[-117.99284,45.58743],[-117.99284,45.58716],[-117.99245,45.58716],[-117.99245,45.58662],[-117.99207,45.58662]],[[-117.98937,45.58608],[-117.98937,45.58635],[-117.98976,45.58635],[-117.98976,45.58608],[-117.98937,45.58608]],[[-118.02364,45.58581],[-118.02364,45.58608],[-118.02403,45.58608],[-118.02403,45.58581],[-118.02364,45.58581]],[[-118.02171,45.58554],[-118.02171,45.58581],[-118.0221,45.58581],[-118.0221,45.58554],[-118.02171,45.58554]],[[-118.01748,45.58554],[-118.01748,45.58581],[-118.01786,45.58581],[-118.01786,45.58554],[-118.01748,45.58554]],[[-118.01671,45.58528],[-118.01671,45.58554],[-118.01709,45.58554],[-118.01709,45.58528],[-118.01671,45.58528]],[[-117.98783,45.58501],[-117.98783,45.58554],[-117.98822,45.58554],[-117.98822,45.58501],[-117.98783,45.58501]],[[-118.01709,45.58474],[-118.01709,45.58501],[-118.01748,45.58501],[-118.01748,45.58474],[-118.01709,45.58474]],[[-117.98822,45.58339],[-117.98822,45.58312],[-117.98706,45.58312],[-117.98706,45.58366],[-117.98783,45.58366],[-117.98783,45.58393],[-117.9886,45.5842],[-117.9886,45.58447],[-117.98937,45.58447],[-117.98937,45.58393],[-117.98899,45.58393],[-117.98899,45.58366],[-117.98822,45.58339]],[[-118.02364,45.58285],[-118.02364,45.58312],[-118.02403,45.58312],[-118.02403,45.58285],[-118.02364,45.58285]],[[-118.01363,45.58285],[-118.01363,45.58312],[-118.01401,45.58312],[-118.01401,45.58285],[-118.01363,45.58285]],[[-118.02403,45.58231],[-118.02403,45.58258],[-118.02441,45.58258],[-118.02441,45.58231],[-118.02403,45.58231]],[[-118.01324,45.58177],[-118.01324,45.58258],[-118.01363,45.58258],[-118.01363,45.58177],[-118.01324,45.58177]],[[-118.02287,45.58123],[-118.02287,45.5815],[-118.02326,45.5815],[-118.02326,45.58123],[-118.02287,45.58123]],[[-118.0144,45.58096],[-118.0144,45.58123],[-118.01478,45.58123],[-118.01478,45.58096],[-118.0144,45.58096]],[[-117.98591,45.58069],[-117.98591,45.58123],[-117.98706,45.58123],[-117.98706,45.58069],[-117.98668,45.58069],[-117.98668,45.58042],[-117.98591,45.58069]],[[-117.98552,45.57935],[-117.98552,45.57989],[-117.98591,45.57989],[-117.98591,45.58015],[-117.98668,45.58015],[-117.98668,45.57962],[-117.98629,45.57962],[-117.98629,45.57908],[-117.98552,45.57935]],[[-118.01363,45.57881],[-118.01363,45.57935],[-118.01401,45.57935],[-118.01401,45.57881],[-118.01363,45.57881]],[[-118.02017,45.57854],[-118.02017,45.57881],[-118.02056,45.57881],[-118.02056,45.57854],[-118.02017,45.57854]],[[-117.98475,45.57773],[-117.98475,45.57827],[-117.98591,45.57827],[-117.98591,45.57854],[-117.98552,45.57854],[-117.98552,45.57881],[-117.98668,45.57881],[-117.98668,45.57854],[-117.98706,45.57854],[-117.98706,45.578],[-117.98514,45.578],[-117.98514,45.57773],[-117.98475,45.57773]],[[-118.01902,45.57827],[-118.01902,45.57854],[-118.0194,45.57854],[-118.0194,45.57827],[-118.01902,45.57827]],[[-118.01401,45.57827],[-118.01401,45.57854],[-118.0144,45.57854],[-118.0144,45.57827],[-118.01401,45.57827]],[[-118.01786,45.57773],[-118.01786,45.578],[-118.01825,45.578],[-118.01825,45.57773],[-118.01786,45.57773]],[[-118.01671,45.57746],[-118.01671,45.57773],[-118.01709,45.57773],[-118.01709,45.57746],[-118.01671,45.57746]],[[-117.98629,45.57665],[-117.98629,45.57638],[-117.98591,45.57638],[-117.98591,45.57665],[-117.98514,45.57665],[-117.98514,45.57746],[-117.98591,45.57773],[-117.98591,45.57746],[-117.98629,45.57746],[-117.98629,45.57692],[-117.98668,45.57692],[-117.98668,45.57665],[-117.98629,45.57665]],[[-118.03635,45.57638],[-118.03635,45.57665],[-118.03712,45.57665],[-118.03712,45.57638],[-118.03635,45.57638]],[[-117.98629,45.57423],[-117.98629,45.57503],[-117.98552,45.5753],[-117.98552,45.57584],[-117.98668,45.57584],[-117.98668,45.57557],[-117.98706,45.57557],[-117.98706,45.57396],[-117.98629,45.57423]],[[-117.98822,45.56911],[-117.98822,45.56884],[-117.98745,45.56911],[-117.98745,45.57072],[-117.98706,45.57072],[-117.98706,45.57126],[-117.98668,45.57126],[-117.98668,45.5718],[-117.98706,45.5718],[-117.98706,45.57207],[-117.98745,45.57207],[-117.98745,45.57234],[-117.98783,45.57234],[-117.98783,45.57153],[-117.98822,45.57153],[-117.98822,45.57018],[-117.9886,45.57018],[-117.9886,45.56911],[-117.98822,45.56911]],[[-118.0298,45.57153],[-118.0298,45.5718],[-118.03057,45.5718],[-118.03057,45.57153],[-118.0298,45.57153]],[[-117.99014,45.5718],[-117.99014,45.57126],[-117.98976,45.57126],[-117.98976,45.5718],[-117.99014,45.5718]],[[-117.98976,45.57045],[-117.98937,45.57045],[-117.98937,45.57126],[-117.98976,45.57126],[-117.98976,45.57045]],[[-117.99322,45.57153],[-117.99322,45.57126],[-117.99284,45.57126],[-117.99284,45.57045],[-117.99245,45.57045],[-117.99245,45.57153],[-117.99322,45.57153]],[[-118.01863,45.5683],[-118.01863,45.56884],[-118.01902,45.56884],[-118.01902,45.5683],[-118.01863,45.5683]]],[[[-118.04944,45.58662],[-118.04944,45.58635],[-118.04982,45.58635],[-118.04982,45.58662],[-118.04944,45.58662]]],[[[-118.05945,45.60171],[-118.05983,45.60171],[-118.05983,45.60225],[-118.05945,45.60225],[-118.05945,45.60171]]],[[[-118.06022,45.60306],[-118.05983,45.60306],[-118.05983,45.60225],[-118.06022,45.60225],[-118.06022,45.60306]]],[[[-118.02287,45.6036],[-118.02287,45.60306],[-118.02326,45.60306],[-118.02326,45.6036],[-118.02287,45.6036]]],[[[-118.06022,45.60306],[-118.06061,45.60306],[-118.06061,45.60387],[-118.06022,45.60387],[-118.06022,45.60306]]],[[[-118.03096,45.6036],[-118.03134,45.6036],[-118.03134,45.60414],[-118.03096,45.60414],[-118.03096,45.6036]]],[[[-118.04905,45.60657],[-118.04905,45.6063],[-118.04944,45.6063],[-118.04944,45.60657],[-118.04905,45.60657]]],[[[-118.06022,45.60764],[-118.06022,45.60737],[-118.06061,45.60737],[-118.06061,45.60764],[-118.06022,45.60764]]],[[[-118.06061,45.60791],[-118.06061,45.60764],[-118.06099,45.60764],[-118.06099,45.60791],[-118.06061,45.60791]]],[[[-118.05406,45.60845],[-118.05329,45.60818],[-118.05329,45.60764],[-118.05406,45.60764],[-118.05406,45.60845]]],[[[-118.00554,45.56372],[-118.00593,45.56372],[-118.00593,45.56399],[-118.00554,45.56399],[-118.00554,45.56372]]],[[[-118.02017,45.56587],[-118.02017,45.5656],[-118.02094,45.5656],[-118.02094,45.56587],[-118.02017,45.56587]]],[[[-118.02094,45.56614],[-118.02094,45.56641],[-118.02056,45.56641],[-118.02056,45.56614],[-118.02094,45.56614]]],[[[-118.02017,45.56668],[-118.02017,45.56641],[-118.02056,45.56641],[-118.02056,45.56668],[-118.02017,45.56668]]],[[[-117.99784,45.59471],[-117.99784,45.59444],[-117.99823,45.59444],[-117.99823,45.59471],[-117.99784,45.59471]]],[[[-118.00131,45.59525],[-118.00169,45.59525],[-118.00169,45.59552],[-118.00131,45.59552],[-118.00131,45.59525]]],[[[-118.00901,45.59605],[-118.00939,45.59605],[-118.00939,45.59632],[-118.00901,45.59632],[-118.00901,45.59605]]],[[[-118.0067,45.59632],[-118.0067,45.59605],[-118.00708,45.59605],[-118.00708,45.59632],[-118.0067,45.59632]]],[[[-118.00939,45.59659],[-118.00939,45.59632],[-118.00978,45.59632],[-118.00978,45.59659],[-118.00939,45.59659]]],[[[-118.0067,45.59632],[-118.0067,45.59686],[-118.00593,45.59686],[-118.00593,45.59659],[-118.00631,45.59659],[-118.00631,45.59632],[-118.0067,45.59632]]],[[[-118.00824,45.5974],[-118.00785,45.5974],[-118.00785,45.59713],[-118.00747,45.59713],[-118.00747,45.59686],[-118.00824,45.59686],[-118.00824,45.5974]]],[[[-118.0067,45.59686],[-118.00708,45.59686],[-118.00708,45.5974],[-118.0067,45.5974],[-118.0067,45.59686]]],[[[-118.00785,45.59794],[-118.00785,45.59767],[-118.00824,45.59767],[-118.00824,45.59794],[-118.00785,45.59794]]],[[[-118.00516,45.59767],[-118.00554,45.59767],[-118.00554,45.59794],[-118.00516,45.59794],[-118.00516,45.59767]]],[[[-118.01709,45.60118],[-118.01632,45.60118],[-118.01632,45.60091],[-118.01709,45.60064],[-118.01709,45.60118]]],[[[-117.99592,45.56345],[-117.99592,45.56318],[-117.99746,45.56318],[-117.99746,45.56345],[-117.99592,45.56345]]],[[[-117.99746,45.56345],[-117.99784,45.56345],[-117.99784,45.56372],[-117.99746,45.56372],[-117.99746,45.56345]]],[[[-117.98475,45.5683],[-117.98514,45.5683],[-117.98514,45.56857],[-117.98475,45.56857],[-117.98475,45.5683]]],[[[-117.9809,45.58042],[-117.9809,45.58096],[-117.98013,45.58096],[-117.98013,45.58069],[-117.9809,45.58042]]],[[[-117.98359,45.58204],[-117.98437,45.58204],[-117.98437,45.58231],[-117.98359,45.58231],[-117.98359,45.58204]]],[[[-117.98282,45.58366],[-117.98282,45.58393],[-117.98205,45.5842],[-117.98205,45.58474],[-117.98128,45.58447],[-117.98128,45.58366],[-117.98282,45.58366]],[[-117.98205,45.58393],[-117.98167,45.58393],[-117.98167,45.5842],[-117.98205,45.5842],[-117.98205,45.58393]]],[[[-117.98128,45.58501],[-117.98128,45.58474],[-117.98167,45.58474],[-117.98167,45.58501],[-117.98128,45.58501]]],[[[-117.98321,45.58528],[-117.98321,45.58581],[-117.98282,45.58581],[-117.98282,45.58528],[-117.98321,45.58528]]],[[[-117.98167,45.5877],[-117.98167,45.58824],[-117.98013,45.58851],[-117.98013,45.58824],[-117.97974,45.58824],[-117.97974,45.58716],[-117.97936,45.58716],[-117.97936,45.58635],[-117.97974,45.58635],[-117.97974,45.58474],[-117.98013,45.58474],[-117.98013,45.58447],[-117.98051,45.58447],[-117.98051,45.5842],[-117.9809,45.5842],[-117.9809,45.58554],[-117.98167,45.58528],[-117.98167,45.58608],[-117.98205,45.58608],[-117.98205,45.58581],[-117.98282,45.58581],[-117.98282,45.58608],[-117.98244,45.58608],[-117.98244,45.58716],[-117.98205,45.58716],[-117.98205,45.5877],[-117.98167,45.5877]]],[[[-117.98437,45.59363],[-117.98437,45.59417],[-117.98359,45.5939],[-117.98359,45.59363],[-117.98437,45.59363]]],[[[-117.97897,45.59605],[-117.97859,45.59605],[-117.97859,45.59525],[-117.97897,45.59525],[-117.97897,45.59498],[-117.97974,45.59471],[-117.97974,45.59444],[-117.98013,45.59444],[-117.98013,45.59336],[-117.98051,45.59336],[-117.98051,45.59309],[-117.9809,45.59309],[-117.9809,45.59336],[-117.98128,45.59336],[-117.98128,45.59363],[-117.98167,45.59363],[-117.98167,45.59444],[-117.98205,45.59444],[-117.98205,45.59498],[-117.98244,45.59498],[-117.98244,45.59552],[-117.98282,45.59552],[-117.98282,45.59579],[-117.98205,45.59579],[-117.98205,45.59605],[-117.98128,45.59605],[-117.98128,45.59632],[-117.9809,45.59632],[-117.9809,45.59686],[-117.97936,45.59659],[-117.97936,45.59632],[-117.97897,45.59632],[-117.97897,45.59605]]],[[[-117.97397,45.59713],[-117.97474,45.59686],[-117.97474,45.59767],[-117.97435,45.59767],[-117.97435,45.59794],[-117.97358,45.59767],[-117.97358,45.59686],[-117.97397,45.59686],[-117.97397,45.59713]]],[[[-117.96935,45.59956],[-117.96935,45.59929],[-117.96896,45.59929],[-117.96896,45.59848],[-117.96935,45.59848],[-117.96935,45.59821],[-117.97012,45.59848],[-117.97012,45.59875],[-117.9705,45.59875],[-117.9705,45.59902],[-117.97127,45.59875],[-117.97127,45.59956],[-117.97204,45.59929],[-117.97204,45.59956],[-117.97281,45.59983],[-117.97281,45.60118],[-117.97012,45.60118],[-117.97012,45.60091],[-117.96973,45.60091],[-117.96973,45.59956],[-117.96935,45.59956]],[[-117.97243,45.6001],[-117.97166,45.6001],[-117.97166,45.60037],[-117.97243,45.60037],[-117.97243,45.6001]]],[[[-117.97512,45.60064],[-117.97551,45.60064],[-117.97551,45.60091],[-117.97512,45.60091],[-117.97512,45.60064]]],[[[-117.9782,45.60198],[-117.97859,45.60198],[-117.97859,45.60144],[-117.97897,45.60144],[-117.97897,45.60118],[-117.98013,45.60118],[-117.98013,45.60171],[-117.98051,45.60171],[-117.98051,45.60198],[-117.9809,45.60198],[-117.9809,45.60225],[-117.98128,45.60225],[-117.98128,45.60252],[-117.98167,45.60252],[-117.98167,45.60279],[-117.98128,45.60279],[-117.98128,45.60306],[-117.97936,45.60306],[-117.97936,45.60333],[-117.97897,45.60333],[-117.97897,45.60279],[-117.97859,45.60279],[-117.97859,45.60225],[-117.9782,45.60225],[-117.9782,45.60198]]]]},"properties":{"layer":"predicted_reach_h21","fire_name":"Middle_Ridge","irwin_id":"{2088689D-42B8-4A31-85B6-2CADB59BA127}","model":"arrival_run","checkpoint_epoch":216,"decode":"connected_causal","operating_point":{"floor":0.0,"mult":0.9},"val_precision":null,"val_recall":null,"model_caveat":"arrival_run chosen for best RECALL among the six FlameFlux v3 candidates on the production-valid t0-window corpus (R=0.624 on the fc2 held-out fires, R=0.432 on Dillon -- see candidate_comparison.md from the 2026-07-24 comparison). It does NOT meet the project's P>=0.50/R>=0.80 target: precision is the WORST of the six (P=0.120 on fc2 -- most flagged growth is wrong), and wind_run actually edges it on F1. IMPORTANT CAVEAT: arrival_run trained on the leaky 'observed' corpus (crop centered/sized on t0|t1, i.e. it saw the future perimeter's geometry during training) and has NEVER seen a t0-window crop -- the ONLY geometry this live pipeline can ever produce at forecast time (the future perimeter is, by definition, unknown). So every live prediction from this model is out-of-distribution relative to its own training. The measured t0-window numbers above already reflect that (they are not a surprise), but this is 'best available', not 'production-ready' -- represent it that way. The operating_point (floor=0.0, mult=0.9) is the VAL-selected connected-causal decode point; it did NOT clear the 0.50 precision floor during selection (feasible=False, val P=0.270/R=0.259) -- it's the best-F1 fallback point, not a precision-guaranteed one.","issued_at_utc":"2026-08-23 20:05:07.672141+00:00","valid_from_utc":"2026-08-23 00:00:00","valid_to_utc":"2026-08-24 00:00:00","wfigs_date_current_utc":"2026-08-23 16:41:28.079000+00:00","pixel_size_m":30,"veg_source":"refreshed_d4","physics_source":"eikonal_fbfm40","history_n_dates":1,"degraded_history":true,"containment_pct":0.0,"acres_wfigs":138.34560634370422,"hour":21,"valid_at_utc":"2026-08-23 21:00:00"}},{"type":"Feature","geometry":{"type":"MultiPolygon","coordinates":[[[[-118.03173,45.57126],[-118.03134,45.57126],[-118.03134,45.57099],[-118.03173,45.57099],[-118.03173,45.57126]]],[[[-118.03327,45.57099],[-118.03327,45.57126],[-118.03365,45.57126],[-118.03365,45.57153],[-118.03288,45.57153],[-118.03288,45.57126],[-118.0325,45.57126],[-118.0325,45.57099],[-118.03327,45.57099]]],[[[-118.03827,45.57423],[-118.03827,45.57396],[-118.03866,45.57396],[-118.03866,45.57423],[-118.03827,45.57423]]],[[[-118.0402,45.57396],[-118.0402,45.57369],[-118.04097,45.57369],[-118.04097,45.57396],[-118.04135,45.57396],[-118.04135,45.5745],[-118.04058,45.5745],[-118.04058,45.57476],[-118.0402,45.57476],[-118.0402,45.5745],[-118.03904,45.5745],[-118.03904,45.57396],[-118.0402,45.57396]]],[[[-118.04289,45.57746],[-118.04289,45.57719],[-118.04328,45.57719],[-118.04328,45.57746],[-118.04289,45.57746]]],[[[-118.04328,45.57773],[-118.04328,45.57746],[-118.04366,45.57746],[-118.04366,45.57773],[-118.04328,45.57773]]],[[[-118.05483,45.60845],[-118.05483,45.60872],[-118.05406,45.60899],[-118.05406,45.60872],[-118.05367,45.60872],[-118.05367,45.60845],[-118.05329,45.60845],[-118.05329,45.60818],[-118.0529,45.60818],[-118.0529,45.6071],[-118.05136,45.6071],[-118.05136,45.60683],[-118.05059,45.60683],[-118.05059,45.6071],[-118.05021,45.6071],[-118.05021,45.60657],[-118.04982,45.60657],[-118.04982,45.60683],[-118.04905,45.60657],[-118.04905,45.6063],[-118.04944,45.6063],[-118.04944,45.60603],[-118.04867,45.60603],[-118.04867,45.6063],[-118.04751,45.6063],[-118.04751,45.60549],[-118.04597,45.60522],[-118.04597,45.60495],[-118.04674,45.60495],[-118.04674,45.60468],[-118.04713,45.60468],[-118.04713,45.60414],[-118.04674,45.60414],[-118.04674,45.60441],[-118.04482,45.60441],[-118.04482,45.60414],[-118.04443,45.60414],[-118.04443,45.60441],[-118.04405,45.60441],[-118.04405,45.60468],[-118.04366,45.60468],[-118.04366,45.60441],[-118.04289,45.60468],[-118.04289,45.60387],[-118.04212,45.60387],[-118.04212,45.6036],[-118.04174,45.6036],[-118.04174,45.60387],[-118.04097,45.60414],[-118.04097,45.60468],[-118.04174,45.60468],[-118.04174,45.60441],[-118.04212,45.60441],[-118.04212,45.60522],[-118.04174,45.60522],[-118.04174,45.60549],[-118.04135,45.60549],[-118.04135,45.60522],[-118.0402,45.60522],[-118.0402,45.60495],[-118.03866,45.60495],[-118.03866,45.60522],[-118.03789,45.60522],[-118.03789,45.60549],[-118.0375,45.60549],[-118.0375,45.60414],[-118.03712,45.60414],[-118.03712,45.60468],[-118.03673,45.60468],[-118.03673,45.60387],[-118.03635,45.60387],[-118.03635,45.60441],[-118.03596,45.60441],[-118.03596,45.60468],[-118.03635,45.60468],[-118.03635,45.60549],[-118.03596,45.60549],[-118.03596,45.60495],[-118.03558,45.60495],[-118.03558,45.60549],[-118.03519,45.60549],[-118.03519,45.60576],[-118.03442,45.60576],[-118.03442,45.60549],[-118.03365,45.60522],[-118.03365,45.60468],[-118.03442,45.60441],[-118.03442,45.60333],[-118.03211,45.60414],[-118.03211,45.6036],[-118.03134,45.6036],[-118.03134,45.60225],[-118.02903,45.60225],[-118.02903,45.60252],[-118.02788,45.60252],[-118.02788,45.60279],[-118.02711,45.60279],[-118.02711,45.60333],[-118.02672,45.60333],[-118.02672,45.6036],[-118.02595,45.6036],[-118.02595,45.60333],[-118.02364,45.6036],[-118.02364,45.60306],[-118.02326,45.60306],[-118.02326,45.60252],[-118.02364,45.60252],[-118.02364,45.60225],[-118.02595,45.60225],[-118.02595,45.60171],[-118.02634,45.60171],[-118.02634,45.60118],[-118.02711,45.60091],[-118.02711,45.60064],[-118.02672,45.60064],[-118.02672,45.60037],[-118.02634,45.60037],[-118.02634,45.60064],[-118.02557,45.60064],[-118.02557,45.60091],[-118.0248,45.60091],[-118.0248,45.60118],[-118.02403,45.60118],[-118.02403,45.60144],[-118.02326,45.60171],[-118.02326,45.60225],[-118.02017,45.60225],[-118.02017,45.60252],[-118.0194,45.60225],[-118.0194,45.60279],[-118.01748,45.60279],[-118.01748,45.60225],[-118.01786,45.60225],[-118.01786,45.60198],[-118.01863,45.60198],[-118.01863,45.60171],[-118.01902,45.60171],[-118.01902,45.60118],[-118.0194,45.60118],[-118.0194,45.60091],[-118.01979,45.60091],[-118.01979,45.60064],[-118.02017,45.60064],[-118.02017,45.60037],[-118.02056,45.60037],[-118.02056,45.6001],[-118.0194,45.6001],[-118.0194,45.60037],[-118.01902,45.60037],[-118.01902,45.60064],[-118.01863,45.60064],[-118.01863,45.60091],[-118.01825,45.60091],[-118.01825,45.60118],[-118.01748,45.60118],[-118.01748,45.60064],[-118.01709,45.60064],[-118.01709,45.6001],[-118.01671,45.6001],[-118.01671,45.60037],[-118.01632,45.60037],[-118.01632,45.60064],[-118.01594,45.60064],[-118.01594,45.60037],[-118.01555,45.60037],[-118.01555,45.59848],[-118.01324,45.59848],[-118.01324,45.5974],[-118.01247,45.5974],[-118.01247,45.59794],[-118.01209,45.59794],[-118.01209,45.5974],[-118.0117,45.5974],[-118.0117,45.59686],[-118.01132,45.59686],[-118.01132,45.59632],[-118.01093,45.59632],[-118.01093,45.59579],[-118.01055,45.59579],[-118.01055,45.59552],[-118.00939,45.59552],[-118.00939,45.59605],[-118.01016,45.59579],[-118.01016,45.59632],[-118.00978,45.59632],[-118.00978,45.59659],[-118.00901,45.59632],[-118.00901,45.59579],[-118.00862,45.59579],[-118.00862,45.59552],[-118.00747,45.59552],[-118.00747,45.59605],[-118.0067,45.59632],[-118.0067,45.59686],[-118.00593,45.59686],[-118.00593,45.59659],[-118.00516,45.59659],[-118.00516,45.59632],[-118.00439,45.59632],[-118.00439,45.59686],[-118.00362,45.59686],[-118.00362,45.59659],[-118.00285,45.59632],[-118.00285,45.59579],[-118.00246,45.59579],[-118.00246,45.59552],[-118.00131,45.59552],[-118.00131,45.59579],[-117.99938,45.59579],[-117.99938,45.59525],[-117.99861,45.59525],[-117.99861,45.59444],[-117.999,45.59444],[-117.999,45.5939],[-117.99823,45.59363],[-117.99823,45.59282],[-117.99784,45.59282],[-117.99784,45.59255],[-117.99707,45.59255],[-117.99707,45.59228],[-117.9963,45.59228],[-117.9963,45.59201],[-117.99553,45.59174],[-117.99553,45.59228],[-117.99592,45.59228],[-117.99592,45.59255],[-117.9963,45.59255],[-117.9963,45.59282],[-117.99707,45.59282],[-117.99707,45.59336],[-117.99784,45.59363],[-117.99784,45.59444],[-117.99823,45.59444],[-117.99823,45.59471],[-117.99746,45.59471],[-117.99746,45.59444],[-117.99707,45.59444],[-117.99707,45.5939],[-117.99669,45.5939],[-117.99669,45.59363],[-117.99515,45.59309],[-117.99515,45.59255],[-117.99438,45.59228],[-117.99438,45.59174],[-117.99399,45.59174],[-117.99399,45.59147],[-117.99361,45.59147],[-117.99361,45.5912],[-117.99322,45.5912],[-117.99322,45.59093],[-117.99284,45.59093],[-117.99284,45.59066],[-117.99245,45.59066],[-117.99245,45.5904],[-117.99168,45.5904],[-117.99168,45.59013],[-117.9913,45.59013],[-117.9913,45.5904],[-117.99091,45.5904],[-117.99091,45.59066],[-117.99014,45.59066],[-117.99014,45.59093],[-117.98937,45.59093],[-117.98937,45.59066],[-117.98783,45.59066],[-117.98783,45.5912],[-117.98706,45.59147],[-117.98706,45.59201],[-117.98629,45.59201],[-117.98629,45.5912],[-117.98552,45.59093],[-117.98552,45.59066],[-117.98514,45.59066],[-117.98514,45.5904],[-117.98398,45.5904],[-117.98398,45.59013],[-117.98321,45.58986],[-117.98321,45.58959],[-117.98282,45.58959],[-117.98282,45.58986],[-117.98205,45.59013],[-117.98205,45.5904],[-117.98167,45.5904],[-117.98167,45.59013],[-117.9809,45.59013],[-117.9809,45.5904],[-117.98051,45.5904],[-117.98051,45.59066],[-117.98013,45.59066],[-117.98013,45.59093],[-117.97974,45.59093],[-117.97974,45.59201],[-117.98013,45.59201],[-117.98013,45.59255],[-117.9809,45.59255],[-117.9809,45.59282],[-117.98244,45.59282],[-117.98244,45.59255],[-117.98321,45.59228],[-117.98321,45.59201],[-117.98437,45.59201],[-117.98437,45.59255],[-117.98475,45.59255],[-117.98475,45.59282],[-117.98514,45.59282],[-117.98514,45.59309],[-117.98552,45.59309],[-117.98552,45.59363],[-117.98591,45.59363],[-117.98591,45.59417],[-117.98629,45.59417],[-117.98629,45.59498],[-117.98591,45.59498],[-117.98591,45.59471],[-117.98475,45.59471],[-117.98475,45.59444],[-117.98321,45.59444],[-117.98321,45.59471],[-117.98282,45.59471],[-117.98282,45.59605],[-117.98244,45.59605],[-117.98244,45.59632],[-117.98167,45.59659],[-117.98167,45.59686],[-117.98128,45.59686],[-117.98128,45.59713],[-117.98244,45.59713],[-117.98244,45.59767],[-117.98205,45.59767],[-117.98205,45.59794],[-117.98167,45.59794],[-117.98167,45.59821],[-117.9809,45.59821],[-117.9809,45.59848],[-117.98051,45.59848],[-117.98051,45.59875],[-117.97897,45.59902],[-117.97897,45.59929],[-117.97859,45.59929],[-117.97859,45.59956],[-117.97743,45.59956],[-117.97743,45.59983],[-117.97705,45.59983],[-117.97705,45.60037],[-117.97628,45.60064],[-117.97628,45.60118],[-117.97589,45.60118],[-117.97589,45.60144],[-117.97551,45.60144],[-117.97551,45.60171],[-117.97512,45.60171],[-117.97512,45.60198],[-117.97474,45.60198],[-117.97474,45.60225],[-117.97397,45.60225],[-117.97397,45.60252],[-117.97358,45.60252],[-117.97358,45.60144],[-117.9732,45.60144],[-117.9732,45.60171],[-117.97281,45.60171],[-117.97281,45.60198],[-117.97089,45.60198],[-117.97089,45.60225],[-117.9705,45.60225],[-117.9705,45.60252],[-117.96935,45.60252],[-117.96935,45.60225],[-117.96896,45.60225],[-117.96896,45.60198],[-117.96973,45.60198],[-117.96973,45.60171],[-117.97012,45.60171],[-117.97012,45.60144],[-117.96973,45.60144],[-117.96973,45.60118],[-117.96858,45.60118],[-117.96858,45.60091],[-117.96896,45.60091],[-117.96896,45.60037],[-117.96819,45.6001],[-117.96819,45.59875],[-117.96858,45.59875],[-117.96858,45.59848],[-117.96819,45.59848],[-117.96819,45.59794],[-117.96781,45.59794],[-117.96781,45.5974],[-117.96742,45.5974],[-117.96742,45.59713],[-117.96781,45.59713],[-117.96781,45.59686],[-117.96896,45.59686],[-117.96896,45.59713],[-117.96935,45.59713],[-117.96935,45.5974],[-117.9705,45.5974],[-117.9705,45.59659],[-117.97127,45.59659],[-117.97127,45.59579],[-117.97089,45.59579],[-117.97089,45.59552],[-117.97127,45.59552],[-117.97127,45.59498],[-117.97243,45.59498],[-117.97243,45.59525],[-117.9732,45.59525],[-117.9732,45.59579],[-117.97358,45.59579],[-117.97358,45.59605],[-117.97397,45.59605],[-117.97397,45.59632],[-117.97474,45.59632],[-117.97474,45.59659],[-117.97551,45.59686],[-117.97551,45.59713],[-117.97589,45.59713],[-117.97589,45.59686],[-117.97666,45.59713],[-117.97666,45.59579],[-117.97743,45.59552],[-117.97743,45.59498],[-117.9782,45.59471],[-117.9782,45.5939],[-117.97859,45.5939],[-117.97859,45.59336],[-117.97936,45.59336],[-117.97936,45.59309],[-117.97897,45.59309],[-117.97897,45.59255],[-117.97859,45.59255],[-117.97859,45.59201],[-117.9782,45.59201],[-117.9782,45.5912],[-117.97782,45.5912],[-117.97782,45.5904],[-117.97705,45.59013],[-117.97705,45.58959],[-117.97743,45.58959],[-117.97743,45.58905],[-117.9782,45.58878],[-117.9782,45.58932],[-117.97859,45.58932],[-117.97859,45.58905],[-117.97897,45.58905],[-117.97897,45.58824],[-117.97936,45.58824],[-117.97936,45.58797],[-117.97897,45.58797],[-117.97897,45.5877],[-117.97859,45.5877],[-117.97859,45.58824],[-117.9782,45.58824],[-117.9782,45.5877],[-117.97782,45.5877],[-117.97782,45.58716],[-117.9782,45.58716],[-117.9782,45.58743],[-117.97897,45.58716],[-117.97897,45.58635],[-117.9782,45.58662],[-117.9782,45.58608],[-117.97859,45.58608],[-117.97859,45.58554],[-117.97897,45.58554],[-117.97897,45.58474],[-117.97936,45.58474],[-117.97936,45.5842],[-117.97974,45.5842],[-117.97974,45.58339],[-117.98013,45.58339],[-117.98013,45.58204],[-117.98051,45.58204],[-117.98051,45.58123],[-117.98013,45.58123],[-117.98013,45.58096],[-117.97936,45.58096],[-117.97936,45.58069],[-117.98051,45.58069],[-117.98051,45.58042],[-117.9809,45.58042],[-117.9809,45.57989],[-117.98205,45.57989],[-117.98205,45.57935],[-117.98244,45.57935],[-117.98244,45.57908],[-117.98205,45.57908],[-117.98205,45.57854],[-117.98282,45.57827],[-117.98282,45.57773],[-117.98359,45.578],[-117.98359,45.57746],[-117.98398,45.57746],[-117.98398,45.57638],[-117.98437,45.57638],[-117.98437,45.57611],[-117.98398,45.57611],[-117.98398,45.5753],[-117.98282,45.5753],[-117.98282,45.57503],[-117.98321,45.57503],[-117.98321,45.5745],[-117.98359,45.5745],[-117.98359,45.57423],[-117.98437,45.57423],[-117.98437,45.57396],[-117.98475,45.57396],[-117.98475,45.57369],[-117.98514,45.57369],[-117.98514,45.57342],[-117.98552,45.57342],[-117.98552,45.57315],[-117.98591,45.57315],[-117.98591,45.57261],[-117.98629,45.57261],[-117.98629,45.57234],[-117.98591,45.57234],[-117.98591,45.57072],[-117.98514,45.57045],[-117.98514,45.56911],[-117.98475,45.56911],[-117.98475,45.56884],[-117.98437,45.56884],[-117.98437,45.56857],[-117.98514,45.5683],[-117.98514,45.56776],[-117.98552,45.56776],[-117.98552,45.56803],[-117.98745,45.56803],[-117.98745,45.5683],[-117.98822,45.5683],[-117.98822,45.56776],[-117.9886,45.56776],[-117.9886,45.56722],[-117.98745,45.56722],[-117.98745,45.56695],[-117.98822,45.56695],[-117.98822,45.56668],[-117.98668,45.56614],[-117.98668,45.56587],[-117.98706,45.56587],[-117.98706,45.56533],[-117.98668,45.56533],[-117.98668,45.56506],[-117.98745,45.56506],[-117.98745,45.56479],[-117.98783,45.56479],[-117.98783,45.56425],[-117.9886,45.56399],[-117.9886,45.56318],[-117.98899,45.56318],[-117.98899,45.56291],[-117.98937,45.56291],[-117.98937,45.56318],[-117.99014,45.56345],[-117.99014,45.56372],[-117.99168,45.56372],[-117.99168,45.56399],[-117.99245,45.56399],[-117.99245,45.56425],[-117.99438,45.56425],[-117.99438,45.56399],[-117.99515,45.56399],[-117.99515,45.56372],[-117.99553,45.56372],[-117.99553,45.56318],[-117.99746,45.56318],[-117.99746,45.56345],[-117.99784,45.56345],[-117.99784,45.56372],[-117.99861,45.56372],[-117.99861,45.56399],[-117.999,45.56399],[-117.999,45.56425],[-117.99977,45.56425],[-117.99977,45.56372],[-117.999,45.56372],[-117.999,45.56318],[-117.99977,45.56291],[-117.99977,45.56345],[-118.00015,45.56345],[-118.00015,45.56425],[-118.00054,45.56425],[-118.00054,45.56372],[-118.00092,45.56372],[-118.00092,45.56399],[-118.00169,45.56399],[-118.00169,45.56425],[-118.00246,45.56425],[-118.00246,45.56372],[-118.00285,45.56372],[-118.00285,45.56399],[-118.00323,45.56399],[-118.00323,45.56452],[-118.00362,45.56452],[-118.00362,45.56506],[-118.00439,45.56506],[-118.00439,45.56425],[-118.00593,45.56425],[-118.00593,45.56399],[-118.00554,45.56399],[-118.00554,45.56345],[-118.00593,45.56345],[-118.00593,45.56372],[-118.00631,45.56372],[-118.00631,45.56425],[-118.00747,45.56425],[-118.00747,45.56479],[-118.00901,45.56479],[-118.00901,45.56506],[-118.00939,45.56506],[-118.00939,45.56533],[-118.00978,45.56533],[-118.00978,45.56614],[-118.01093,45.56614],[-118.01093,45.56587],[-118.01247,45.56587],[-118.01247,45.56641],[-118.01324,45.56668],[-118.01324,45.56722],[-118.01517,45.56722],[-118.01517,45.56695],[-118.01555,45.56695],[-118.01555,45.56668],[-118.01632,45.56668],[-118.01632,45.56695],[-118.01786,45.56668],[-118.01786,45.56695],[-118.01825,45.56695],[-118.01825,45.56749],[-118.0194,45.56749],[-118.0194,45.56722],[-118.02017,45.56695],[-118.02017,45.56641],[-118.02094,45.56614],[-118.02094,45.56587],[-118.02017,45.56587],[-118.02017,45.56533],[-118.02094,45.56533],[-118.02094,45.56506],[-118.02133,45.56506],[-118.02133,45.56668],[-118.02171,45.56668],[-118.02171,45.56722],[-118.0221,45.56722],[-118.0221,45.56749],[-118.02249,45.56749],[-118.02249,45.56776],[-118.02326,45.56776],[-118.02326,45.56749],[-118.02364,45.56749],[-118.02364,45.56776],[-118.0248,45.56776],[-118.0248,45.56803],[-118.02672,45.56803],[-118.02672,45.5683],[-118.02788,45.5683],[-118.02788,45.56884],[-118.02826,45.56884],[-118.02826,45.56991],[-118.02788,45.56991],[-118.02788,45.57018],[-118.02711,45.57018],[-118.02711,45.57045],[-118.02788,45.57045],[-118.02788,45.57099],[-118.02826,45.57099],[-118.02826,45.57072],[-118.02903,45.57099],[-118.02903,45.57018],[-118.02865,45.57018],[-118.02865,45.56991],[-118.02903,45.56991],[-118.02903,45.56937],[-118.02942,45.56937],[-118.02942,45.56911],[-118.03019,45.56911],[-118.03019,45.56937],[-118.03057,45.56937],[-118.03057,45.56911],[-118.03134,45.56911],[-118.03134,45.56964],[-118.03173,45.56964],[-118.03173,45.56991],[-118.03096,45.56991],[-118.03096,45.57045],[-118.03057,45.57045],[-118.03057,45.57126],[-118.03134,45.57126],[-118.03134,45.57153],[-118.03211,45.5718],[-118.03211,45.57207],[-118.03327,45.57207],[-118.03327,45.57261],[-118.03404,45.57261],[-118.03404,45.57288],[-118.03481,45.57288],[-118.03481,45.57315],[-118.03519,45.57315],[-118.03519,45.57288],[-118.03673,45.57288],[-118.03673,45.57315],[-118.03635,45.57315],[-118.03635,45.57342],[-118.0375,45.57342],[-118.0375,45.57315],[-118.03789,45.57315],[-118.03789,45.57369],[-118.0375,45.57369],[-118.0375,45.57396],[-118.03712,45.57396],[-118.03712,45.57423],[-118.03827,45.57423],[-118.03827,45.5745],[-118.03866,45.5745],[-118.03866,45.57476],[-118.03635,45.57476],[-118.03635,45.5753],[-118.0375,45.5753],[-118.0375,45.57557],[-118.03904,45.57557],[-118.03904,45.57584],[-118.04058,45.57611],[-118.04058,45.57638],[-118.04097,45.57638],[-118.04097,45.57665],[-118.04251,45.57692],[-118.04251,45.57719],[-118.04174,45.57719],[-118.04174,45.57746],[-118.04135,45.57746],[-118.04135,45.57773],[-118.04212,45.57773],[-118.04212,45.57827],[-118.04289,45.57827],[-118.04289,45.57881],[-118.04328,45.57881],[-118.04328,45.57989],[-118.04405,45.57989],[-118.04405,45.57962],[-118.04482,45.57962],[-118.04482,45.57989],[-118.0452,45.57989],[-118.0452,45.58123],[-118.04559,45.58123],[-118.04559,45.5815],[-118.04636,45.58177],[-118.04636,45.58204],[-118.04674,45.58204],[-118.04674,45.58123],[-118.0479,45.58123],[-118.0479,45.58177],[-118.04828,45.58177],[-118.04828,45.58312],[-118.04751,45.58312],[-118.04751,45.58366],[-118.0479,45.58366],[-118.0479,45.58447],[-118.04828,45.58447],[-118.04828,45.58474],[-118.04905,45.58501],[-118.04905,45.58528],[-118.04944,45.58528],[-118.04944,45.58635],[-118.04982,45.58635],[-118.04982,45.58662],[-118.04828,45.58662],[-118.04828,45.58716],[-118.0479,45.58716],[-118.0479,45.58743],[-118.04828,45.58743],[-118.04828,45.58932],[-118.04751,45.58959],[-118.04751,45.59013],[-118.0479,45.59013],[-118.0479,45.58986],[-118.04867,45.58986],[-118.04867,45.58959],[-118.04982,45.58959],[-118.04982,45.5904],[-118.04944,45.5904],[-118.04944,45.59093],[-118.04982,45.59093],[-118.04982,45.59147],[-118.05021,45.59147],[-118.05021,45.59309],[-118.04982,45.59309],[-118.04982,45.59336],[-118.05059,45.59336],[-118.05059,45.59363],[-118.05098,45.59363],[-118.05098,45.5939],[-118.05175,45.5939],[-118.05175,45.59417],[-118.05252,45.59417],[-118.05252,45.59444],[-118.05329,45.59471],[-118.05329,45.59605],[-118.05367,45.59605],[-118.05367,45.59767],[-118.05329,45.59767],[-118.05329,45.59821],[-118.05367,45.59821],[-118.05367,45.59902],[-118.05598,45.59902],[-118.05598,45.59956],[-118.05637,45.59956],[-118.05637,45.60037],[-118.05714,45.60064],[-118.05714,45.60144],[-118.05752,45.60144],[-118.05752,45.60198],[-118.05791,45.60198],[-118.05791,45.60252],[-118.05829,45.60252],[-118.05829,45.60306],[-118.05868,45.60306],[-118.05868,45.6036],[-118.05945,45.6036],[-118.05945,45.60225],[-118.05906,45.60225],[-118.05906,45.60064],[-118.05945,45.60064],[-118.05945,45.60171],[-118.05983,45.60171],[-118.05983,45.60225],[-118.06022,45.60225],[-118.06022,45.60306],[-118.06099,45.60333],[-118.06099,45.60468],[-118.06061,45.60468],[-118.06061,45.60495],[-118.05983,45.60495],[-118.05983,45.60549],[-118.06022,45.60549],[-118.06022,45.60683],[-118.06099,45.60683],[-118.06099,45.60764],[-118.06138,45.60764],[-118.06138,45.60818],[-118.06022,45.60818],[-118.06022,45.60764],[-118.05983,45.60764],[-118.05983,45.60737],[-118.05945,45.60737],[-118.05945,45.6071],[-118.05868,45.6071],[-118.05868,45.60683],[-118.05829,45.60683],[-118.05829,45.60657],[-118.05752,45.60683],[-118.05752,45.6063],[-118.05598,45.6063],[-118.05598,45.60657],[-118.0556,45.60657],[-118.0556,45.6063],[-118.05483,45.6063],[-118.05483,45.60603],[-118.05444,45.60603],[-118.05444,45.60657],[-118.05367,45.60657],[-118.05367,45.6071],[-118.05406,45.6071],[-118.05406,45.60737],[-118.05483,45.60764],[-118.05483,45.60791],[-118.05521,45.60791],[-118.05521,45.60845],[-118.05483,45.60845]],[[-118.00362,45.59632],[-118.00362,45.59605],[-118.004,45.59605],[-118.004,45.59579],[-118.00323,45.59579],[-118.00323,45.59632],[-118.00362,45.59632]],[[-118.00131,45.59525],[-118.00169,45.59525],[-118.00169,45.59471],[-118.00015,45.59471],[-118.00015,45.59552],[-118.00131,45.59552],[-118.00131,45.59525]],[[-117.97397,45.60144],[-117.97397,45.60118],[-117.97358,45.60118],[-117.97358,45.60144],[-117.97397,45.60144]],[[-117.97435,45.60118],[-117.97435,45.60091],[-117.97512,45.60091],[-117.97512,45.60037],[-117.97551,45.60037],[-117.97551,45.6001],[-117.97589,45.6001],[-117.97589,45.59983],[-117.97628,45.59983],[-117.97628,45.59929],[-117.97512,45.59929],[-117.97512,45.59902],[-117.97589,45.59875],[-117.97589,45.59821],[-117.97628,45.59821],[-117.97628,45.5974],[-117.97512,45.5974],[-117.97512,45.59794],[-117.97474,45.59794],[-117.97474,45.59848],[-117.97435,45.59848],[-117.97435,45.6001],[-117.97397,45.6001],[-117.97397,45.60118],[-117.97435,45.60118]],[[-117.97859,45.58986],[-117.97897,45.58986],[-117.97897,45.58932],[-117.97859,45.58932],[-117.97859,45.58986]],[[-118.01709,45.56722],[-118.01748,45.56722],[-118.01748,45.56695],[-118.01709,45.56695],[-118.01709,45.56722]],[[-118.05406,45.60764],[-118.05406,45.60845],[-118.05444,45.60845],[-118.05444,45.60764],[-118.05406,45.60764]],[[-118.05021,45.60333],[-118.04982,45.60333],[-118.04982,45.60387],[-118.04944,45.60387],[-118.04944,45.60441],[-118.05021,45.60441],[-118.05021,45.60414],[-118.05059,45.60414],[-118.05059,45.60387],[-118.05021,45.60387],[-118.05021,45.60333]],[[-118.03866,45.60333],[-118.03789,45.6036],[-118.03789,45.60414],[-118.03904,45.60414],[-118.03904,45.60387],[-118.03981,45.60387],[-118.03981,45.6036],[-118.04097,45.6036],[-118.04097,45.60279],[-118.0402,45.60252],[-118.0402,45.60279],[-118.03866,45.60306],[-118.03866,45.60333]],[[-118.0402,45.60225],[-118.03981,45.60225],[-118.03981,45.60252],[-118.0402,45.60252],[-118.0402,45.60225]],[[-118.03134,45.60171],[-118.03173,45.60171],[-118.03173,45.60144],[-118.03134,45.60144],[-118.03134,45.60171]],[[-118.03134,45.60118],[-118.03096,45.60118],[-118.03096,45.60144],[-118.03134,45.60144],[-118.03134,45.60118]],[[-118.02364,45.59875],[-118.02249,45.59875],[-118.02249,45.59902],[-118.0221,45.59902],[-118.0221,45.59983],[-118.02249,45.59983],[-118.02249,45.6001],[-118.02364,45.6001],[-118.02364,45.59983],[-118.02403,45.59983],[-118.02403,45.59929],[-118.02364,45.59929],[-118.02364,45.59875]],[[-117.97859,45.59821],[-117.9782,45.59821],[-117.9782,45.59848],[-117.97782,45.59848],[-117.97782,45.59875],[-117.97859,45.59875],[-117.97859,45.59848],[-117.97897,45.59848],[-117.97897,45.59794],[-117.97859,45.59794],[-117.97859,45.59821]],[[-118.00593,45.59605],[-118.00593,45.59632],[-118.00631,45.59632],[-118.00631,45.59605],[-118.00593,45.59605]],[[-118.0067,45.59605],[-118.0067,45.59579],[-118.00631,45.59579],[-118.00631,45.59605],[-118.0067,45.59605]],[[-118.00516,45.59552],[-118.00477,45.59552],[-118.00477,45.59579],[-118.00516,45.59579],[-118.00516,45.59552]],[[-118.00439,45.59336],[-118.00323,45.59336],[-118.00323,45.59363],[-118.00285,45.59363],[-118.00285,45.5939],[-118.00246,45.5939],[-118.00246,45.59498],[-118.004,45.59498],[-118.004,45.59471],[-118.00477,45.59471],[-118.00477,45.59363],[-118.00439,45.59363],[-118.00439,45.59336]],[[-118.04443,45.5904],[-118.04559,45.5904],[-118.04559,45.59066],[-118.04597,45.59066],[-118.04597,45.59013],[-118.04559,45.59013],[-118.04559,45.58986],[-118.04443,45.58986],[-118.04443,45.5904]],[[-117.99823,45.59013],[-117.99861,45.59013],[-117.99861,45.5904],[-117.999,45.5904],[-117.999,45.59066],[-117.99938,45.59066],[-117.99938,45.59013],[-117.999,45.59013],[-117.999,45.58986],[-117.99823,45.58986],[-117.99823,45.59013]],[[-117.99399,45.58986],[-117.99361,45.58986],[-117.99361,45.59013],[-117.99399,45.59013],[-117.99399,45.58986]],[[-117.99515,45.5877],[-117.99476,45.5877],[-117.99476,45.58743],[-117.99399,45.58743],[-117.99399,45.58797],[-117.99476,45.58797],[-117.99476,45.58824],[-117.99515,45.58824],[-117.99515,45.58851],[-117.99592,45.58851],[-117.99592,45.58824],[-117.99515,45.58797],[-117.99515,45.5877]],[[-117.9886,45.5877],[-117.98822,45.5877],[-117.98822,45.58797],[-117.9886,45.58797],[-117.9886,45.5877]],[[-117.99245,45.58662],[-117.99168,45.58635],[-117.99168,45.58662],[-117.99091,45.58689],[-117.99091,45.58743],[-117.9913,45.58743],[-117.9913,45.5877],[-117.99245,45.5877],[-117.99245,45.58743],[-117.99284,45.58743],[-117.99284,45.58716],[-117.99245,45.58716],[-117.99245,45.58662]],[[-117.98976,45.58608],[-117.98937,45.58608],[-117.98937,45.58635],[-117.98976,45.58635],[-117.98976,45.58608]],[[-118.02403,45.58581],[-118.02364,45.58581],[-118.02364,45.58608],[-118.02403,45.58608],[-118.02403,45.58581]],[[-118.0221,45.58554],[-118.02171,45.58554],[-118.02171,45.58581],[-118.0221,45.58581],[-118.0221,45.58554]],[[-118.01786,45.58554],[-118.01748,45.58554],[-118.01748,45.58581],[-118.01786,45.58581],[-118.01786,45.58554]],[[-118.01709,45.58528],[-118.01671,45.58528],[-118.01671,45.58554],[-118.01709,45.58554],[-118.01709,45.58528]],[[-117.98822,45.58501],[-117.98783,45.58501],[-117.98783,45.58554],[-117.98822,45.58554],[-117.98822,45.58501]],[[-118.01748,45.58474],[-118.01709,45.58474],[-118.01709,45.58501],[-118.01748,45.58501],[-118.01748,45.58474]],[[-117.9886,45.58339],[-117.98822,45.58339],[-117.98822,45.58312],[-117.98706,45.58312],[-117.98706,45.58366],[-117.98783,45.58366],[-117.98783,45.58393],[-117.9886,45.5842],[-117.9886,45.58447],[-117.98937,45.58447],[-117.98937,45.58393],[-117.98899,45.58393],[-117.98899,45.58366],[-117.9886,45.58366],[-117.9886,45.58339]],[[-117.98514,45.58258],[-117.98437,45.58231],[-117.98437,45.58285],[-117.98398,45.58285],[-117.98398,45.58312],[-117.98321,45.58312],[-117.98321,45.58339],[-117.98282,45.58339],[-117.98282,45.58366],[-117.98437,45.58339],[-117.98437,45.58312],[-117.98514,45.58312],[-117.98514,45.58258]],[[-118.02403,45.58285],[-118.02364,45.58285],[-118.02364,45.58312],[-118.02403,45.58312],[-118.02403,45.58285]],[[-118.01401,45.58285],[-118.01363,45.58285],[-118.01363,45.58312],[-118.01401,45.58312],[-118.01401,45.58285]],[[-118.02441,45.58231],[-118.02403,45.58231],[-118.02403,45.58258],[-118.02441,45.58258],[-118.02441,45.58231]],[[-118.01363,45.58177],[-118.01324,45.58177],[-118.01324,45.58258],[-118.01363,45.58258],[-118.01363,45.58177]],[[-118.02326,45.58123],[-118.02287,45.58123],[-118.02287,45.5815],[-118.02326,45.5815],[-118.02326,45.58123]],[[-118.01478,45.58096],[-118.0144,45.58096],[-118.0144,45.58123],[-118.01478,45.58123],[-118.01478,45.58096]],[[-117.98629,45.58069],[-117.98591,45.58069],[-117.98591,45.58123],[-117.98706,45.58123],[-117.98706,45.58069],[-117.98668,45.58069],[-117.98668,45.58042],[-117.98629,45.58042],[-117.98629,45.58069]],[[-117.98591,45.57935],[-117.98552,45.57935],[-117.98552,45.57989],[-117.98591,45.57989],[-117.98591,45.58015],[-117.98668,45.58015],[-117.98668,45.57962],[-117.98629,45.57962],[-117.98629,45.57908],[-117.98591,45.57908],[-117.98591,45.57935]],[[-118.01401,45.57881],[-118.01363,45.57881],[-118.01363,45.57935],[-118.01401,45.57935],[-118.01401,45.57881]],[[-118.02056,45.57854],[-118.02017,45.57854],[-118.02017,45.57881],[-118.02056,45.57881],[-118.02056,45.57854]],[[-118.0194,45.57827],[-118.01902,45.57827],[-118.01902,45.57854],[-118.0194,45.57854],[-118.0194,45.57827]],[[-118.0144,45.57827],[-118.01401,45.57827],[-118.01401,45.57854],[-118.0144,45.57854],[-118.0144,45.57827]],[[-118.01825,45.57773],[-118.01786,45.57773],[-118.01786,45.578],[-118.01825,45.578],[-118.01825,45.57773]],[[-118.01709,45.57746],[-118.01671,45.57746],[-118.01671,45.57773],[-118.01709,45.57773],[-118.01709,45.57746]],[[-117.98668,45.57665],[-117.98629,45.57665],[-117.98629,45.57638],[-117.98591,45.57638],[-117.98591,45.57665],[-117.98514,45.57665],[-117.98514,45.57746],[-117.98591,45.57773],[-117.98591,45.57746],[-117.98629,45.57746],[-117.98629,45.57692],[-117.98668,45.57692],[-117.98668,45.57665]],[[-118.03827,45.57638],[-118.03789,45.57638],[-118.03789,45.57665],[-118.03981,45.57665],[-118.03981,45.57638],[-118.03943,45.57638],[-118.03943,45.57611],[-118.03827,45.57611],[-118.03827,45.57638]],[[-118.03712,45.57638],[-118.03635,45.57638],[-118.03635,45.57665],[-118.03712,45.57665],[-118.03712,45.57638]],[[-117.98668,45.57423],[-117.98629,45.57423],[-117.98629,45.57503],[-117.98552,45.5753],[-117.98552,45.57584],[-117.98668,45.57584],[-117.98668,45.57557],[-117.98706,45.57557],[-117.98706,45.57396],[-117.98668,45.57396],[-117.98668,45.57423]],[[-117.98668,45.57342],[-117.98745,45.57369],[-117.98745,45.57342],[-117.98783,45.57342],[-117.98783,45.57261],[-117.98668,45.57261],[-117.98668,45.57342]],[[-117.9886,45.56911],[-117.98822,45.56911],[-117.98822,45.56884],[-117.98745,45.56911],[-117.98745,45.57072],[-117.98706,45.57072],[-117.98706,45.57126],[-117.98668,45.57126],[-117.98668,45.5718],[-117.98706,45.5718],[-117.98706,45.57207],[-117.98745,45.57207],[-117.98745,45.57234],[-117.98783,45.57234],[-117.98783,45.57153],[-117.98822,45.57153],[-117.98822,45.57018],[-117.9886,45.57018],[-117.9886,45.56911]],[[-118.03057,45.57153],[-118.0298,45.57153],[-118.0298,45.5718],[-118.03057,45.5718],[-118.03057,45.57153]],[[-117.99014,45.57126],[-117.98976,45.57126],[-117.98976,45.5718],[-117.99014,45.5718],[-117.99014,45.57126]],[[-117.99245,45.57153],[-117.99322,45.57153],[-117.99322,45.57126],[-117.99284,45.57126],[-117.99284,45.57045],[-117.99245,45.57045],[-117.99245,45.57153]],[[-118.01902,45.5683],[-118.01863,45.5683],[-118.01863,45.56884],[-118.01902,45.56884],[-118.01902,45.5683]],[[-117.9963,45.56399],[-117.99592,45.56399],[-117.99592,45.56425],[-117.9963,45.56425],[-117.9963,45.56399]]],[[[-118.05021,45.58689],[-118.04982,45.58689],[-118.04982,45.58662],[-118.05021,45.58662],[-118.05021,45.58689]]],[[[-118.00978,45.5974],[-118.00978,45.59686],[-118.01016,45.59686],[-118.01016,45.5974],[-118.00978,45.5974]]],[[[-118.00708,45.59713],[-118.00708,45.5974],[-118.0067,45.5974],[-118.0067,45.59686],[-118.00824,45.59686],[-118.00824,45.59794],[-118.00785,45.59794],[-118.00785,45.5974],[-118.00708,45.59713]]],[[[-118.01709,45.60064],[-118.01709,45.60118],[-118.01632,45.60118],[-118.01632,45.60091],[-118.01709,45.60064]]],[[[-118.02287,45.6036],[-118.02287,45.60306],[-118.02326,45.60306],[-118.02326,45.6036],[-118.02287,45.6036]]],[[[-118.03096,45.60414],[-118.03096,45.6036],[-118.03134,45.6036],[-118.03134,45.60414],[-118.03096,45.60414]]],[[[-118.05791,45.6071],[-118.05791,45.60683],[-118.05829,45.60683],[-118.05829,45.6071],[-118.05791,45.6071]]],[[[-117.98745,45.56695],[-117.98629,45.56695],[-117.98629,45.56668],[-117.98745,45.56668],[-117.98745,45.56695]]],[[[-117.98475,45.57072],[-117.98475,45.57099],[-117.98437,45.57099],[-117.98437,45.57126],[-117.98359,45.57126],[-117.98359,45.57099],[-117.98398,45.57099],[-117.98398,45.57072],[-117.98475,45.57072]]],[[[-117.97897,45.58123],[-117.97897,45.58096],[-117.97936,45.58096],[-117.97936,45.58123],[-117.97897,45.58123]]],[[[-117.97859,45.5815],[-117.97859,45.58123],[-117.97897,45.58123],[-117.97897,45.5815],[-117.97859,45.5815]]],[[[-117.97589,45.59282],[-117.97589,45.59228],[-117.97512,45.59201],[-117.97512,45.5912],[-117.97589,45.5912],[-117.97589,45.59147],[-117.97628,45.59147],[-117.97628,45.59174],[-117.97705,45.59174],[-117.97705,45.59228],[-117.97782,45.59228],[-117.97782,45.59336],[-117.97743,45.59336],[-117.97743,45.59309],[-117.97705,45.59309],[-117.97705,45.59282],[-117.97589,45.59282]]],[[[-117.9913,45.59228],[-117.9913,45.59174],[-117.99168,45.59174],[-117.99168,45.59201],[-117.99207,45.59201],[-117.99207,45.59174],[-117.99284,45.59174],[-117.99284,45.59282],[-117.99245,45.59282],[-117.99245,45.59309],[-117.99207,45.59309],[-117.99207,45.59282],[-117.99168,45.59282],[-117.99168,45.59228],[-117.9913,45.59228]]],[[[-117.99438,45.59579],[-117.99438,45.59525],[-117.99399,45.59525],[-117.99399,45.59471],[-117.99361,45.59471],[-117.99361,45.59444],[-117.99399,45.59444],[-117.99399,45.59336],[-117.99553,45.59336],[-117.99553,45.5939],[-117.99592,45.5939],[-117.99592,45.59444],[-117.9963,45.59444],[-117.9963,45.59498],[-117.99669,45.59498],[-117.99669,45.59579],[-117.9963,45.59579],[-117.9963,45.59632],[-117.99515,45.59632],[-117.99515,45.59605],[-117.99438,45.59579]]],[[[-118.00554,45.59713],[-118.00516,45.59713],[-118.00516,45.59686],[-118.00554,45.59686],[-118.00554,45.59713]]],[[[-117.98629,45.59686],[-117.98629,45.59713],[-117.98706,45.59713],[-117.98706,45.5974],[-117.98552,45.5974],[-117.98552,45.59713],[-117.98629,45.59686]]],[[[-117.98437,45.5974],[-117.98437,45.59713],[-117.98475,45.59713],[-117.98475,45.5974],[-117.98437,45.5974]]],[[[-117.98321,45.5974],[-117.98321,45.59713],[-117.98359,45.59713],[-117.98359,45.5974],[-117.98321,45.5974]]],[[[-118.00477,45.59767],[-118.00477,45.59713],[-118.00516,45.59713],[-118.00516,45.59767],[-118.00477,45.59767]]],[[[-118.00516,45.59821],[-118.00516,45.59767],[-118.00554,45.59767],[-118.00554,45.59821],[-118.00516,45.59821]]],[[[-117.97859,45.6036],[-117.97859,45.60306],[-117.97782,45.60306],[-117.97782,45.60144],[-117.9782,45.60144],[-117.9782,45.60118],[-117.97897,45.60118],[-117.97897,45.60091],[-117.97974,45.60091],[-117.97974,45.60064],[-117.98051,45.60064],[-117.98051,45.59983],[-117.98128,45.59983],[-117.98128,45.59929],[-117.98167,45.59929],[-117.98167,45.59875],[-117.98244,45.59875],[-117.98244,45.59929],[-117.98321,45.59902],[-117.98321,45.59956],[-117.98282,45.59956],[-117.98282,45.6001],[-117.98244,45.6001],[-117.98244,45.60037],[-117.98205,45.60037],[-117.98205,45.60064],[-117.9809,45.60064],[-117.9809,45.60091],[-117.98051,45.60091],[-117.98051,45.60144],[-117.9809,45.60144],[-117.9809,45.60171],[-117.98167,45.60198],[-117.98167,45.60225],[-117.98205,45.60225],[-117.98205,45.60279],[-117.98167,45.60279],[-117.98167,45.60333],[-117.9809,45.60333],[-117.9809,45.6036],[-117.97936,45.60387],[-117.97936,45.60414],[-117.97782,45.60441],[-117.97782,45.60414],[-117.9782,45.60414],[-117.9782,45.6036],[-117.97859,45.6036]]]]},"properties":{"layer":"predicted_reach_h22","fire_name":"Middle_Ridge","irwin_id":"{2088689D-42B8-4A31-85B6-2CADB59BA127}","model":"arrival_run","checkpoint_epoch":216,"decode":"connected_causal","operating_point":{"floor":0.0,"mult":0.9},"val_precision":null,"val_recall":null,"model_caveat":"arrival_run chosen for best RECALL among the six FlameFlux v3 candidates on the production-valid t0-window corpus (R=0.624 on the fc2 held-out fires, R=0.432 on Dillon -- see candidate_comparison.md from the 2026-07-24 comparison). It does NOT meet the project's P>=0.50/R>=0.80 target: precision is the WORST of the six (P=0.120 on fc2 -- most flagged growth is wrong), and wind_run actually edges it on F1. IMPORTANT CAVEAT: arrival_run trained on the leaky 'observed' corpus (crop centered/sized on t0|t1, i.e. it saw the future perimeter's geometry during training) and has NEVER seen a t0-window crop -- the ONLY geometry this live pipeline can ever produce at forecast time (the future perimeter is, by definition, unknown). So every live prediction from this model is out-of-distribution relative to its own training. The measured t0-window numbers above already reflect that (they are not a surprise), but this is 'best available', not 'production-ready' -- represent it that way. The operating_point (floor=0.0, mult=0.9) is the VAL-selected connected-causal decode point; it did NOT clear the 0.50 precision floor during selection (feasible=False, val P=0.270/R=0.259) -- it's the best-F1 fallback point, not a precision-guaranteed one.","issued_at_utc":"2026-08-23 20:05:07.672141+00:00","valid_from_utc":"2026-08-23 00:00:00","valid_to_utc":"2026-08-24 00:00:00","wfigs_date_current_utc":"2026-08-23 16:41:28.079000+00:00","pixel_size_m":30,"veg_source":"refreshed_d4","physics_source":"eikonal_fbfm40","history_n_dates":1,"degraded_history":true,"containment_pct":0.0,"acres_wfigs":138.34560634370422,"hour":22,"valid_at_utc":"2026-08-23 22:00:00"}},{"type":"Feature","geometry":{"type":"MultiPolygon","coordinates":[[[[-118.01979,45.56614],[-118.0194,45.56614],[-118.0194,45.56587],[-118.01979,45.56587],[-118.01979,45.56614]]],[[[-118.04366,45.57665],[-118.04328,45.57665],[-118.04328,45.57638],[-118.04366,45.57638],[-118.04366,45.57665]]],[[[-118.04289,45.57719],[-118.04328,45.57719],[-118.04328,45.57746],[-118.04289,45.57746],[-118.04289,45.57719]]],[[[-118.02326,45.56722],[-118.02364,45.56722],[-118.02364,45.56695],[-118.02403,45.56695],[-118.02403,45.56668],[-118.02441,45.56668],[-118.02441,45.56776],[-118.0248,45.56776],[-118.0248,45.56803],[-118.02557,45.56803],[-118.02557,45.56776],[-118.02865,45.56776],[-118.02865,45.5683],[-118.02826,45.5683],[-118.02826,45.56991],[-118.02788,45.56991],[-118.02788,45.57018],[-118.02711,45.57018],[-118.02711,45.57045],[-118.02788,45.57045],[-118.02788,45.57099],[-118.02826,45.57099],[-118.02826,45.57072],[-118.02903,45.57099],[-118.02903,45.57018],[-118.02865,45.57018],[-118.02865,45.56991],[-118.02903,45.56991],[-118.02903,45.56937],[-118.02942,45.56937],[-118.02942,45.56911],[-118.03019,45.56911],[-118.03019,45.56937],[-118.03057,45.56937],[-118.03057,45.56911],[-118.0325,45.56911],[-118.0325,45.56937],[-118.03173,45.56964],[-118.03173,45.56991],[-118.03096,45.56991],[-118.03096,45.57045],[-118.03057,45.57045],[-118.03057,45.57126],[-118.03134,45.57126],[-118.03134,45.57099],[-118.03173,45.57099],[-118.03173,45.5718],[-118.0325,45.57207],[-118.0325,45.57099],[-118.03327,45.57099],[-118.03327,45.57126],[-118.03365,45.57126],[-118.03365,45.57099],[-118.03404,45.57099],[-118.03404,45.57045],[-118.03442,45.57045],[-118.03442,45.57072],[-118.03519,45.57072],[-118.03519,45.57099],[-118.03481,45.57099],[-118.03481,45.57153],[-118.03404,45.5718],[-118.03404,45.57234],[-118.03327,45.57234],[-118.03327,45.57261],[-118.03404,45.57261],[-118.03404,45.57288],[-118.03481,45.57288],[-118.03481,45.57315],[-118.03519,45.57315],[-118.03519,45.57288],[-118.03635,45.57288],[-118.03635,45.57261],[-118.03673,45.57261],[-118.03673,45.57207],[-118.03712,45.57207],[-118.03712,45.5718],[-118.03789,45.5718],[-118.03789,45.57207],[-118.03712,45.57234],[-118.03712,45.57288],[-118.03673,45.57288],[-118.03673,45.57315],[-118.03635,45.57315],[-118.03635,45.57342],[-118.0375,45.57342],[-118.0375,45.57315],[-118.03866,45.57315],[-118.03866,45.57369],[-118.04097,45.57342],[-118.04097,45.57396],[-118.04251,45.57396],[-118.04251,45.5745],[-118.04328,45.5745],[-118.04328,45.5753],[-118.04366,45.5753],[-118.04366,45.57611],[-118.04328,45.57611],[-118.04328,45.57584],[-118.04212,45.57584],[-118.04212,45.5753],[-118.04135,45.5753],[-118.04135,45.57557],[-118.04174,45.57557],[-118.04174,45.57611],[-118.04212,45.57611],[-118.04212,45.57665],[-118.04289,45.57692],[-118.04289,45.57719],[-118.04174,45.57719],[-118.04174,45.57746],[-118.04135,45.57746],[-118.04135,45.57773],[-118.04212,45.57773],[-118.04212,45.57827],[-118.04289,45.57827],[-118.04289,45.57881],[-118.04328,45.57881],[-118.04328,45.57989],[-118.04405,45.57989],[-118.04405,45.57962],[-118.04482,45.57962],[-118.04482,45.57854],[-118.04443,45.57854],[-118.04443,45.57827],[-118.04366,45.578],[-118.04366,45.57773],[-118.04328,45.57773],[-118.04328,45.57746],[-118.04405,45.57746],[-118.04405,45.57773],[-118.04443,45.57773],[-118.04443,45.578],[-118.04482,45.578],[-118.04482,45.57827],[-118.0452,45.57827],[-118.0452,45.57989],[-118.04559,45.57989],[-118.04559,45.58015],[-118.04597,45.58015],[-118.04597,45.57989],[-118.0479,45.57989],[-118.0479,45.58096],[-118.04828,45.58096],[-118.04828,45.5815],[-118.04867,45.5815],[-118.04867,45.58204],[-118.04905,45.58204],[-118.04905,45.58231],[-118.04944,45.58231],[-118.04944,45.58258],[-118.04982,45.58258],[-118.04982,45.58312],[-118.05021,45.58312],[-118.05021,45.58366],[-118.04982,45.58366],[-118.04982,45.5842],[-118.04944,45.5842],[-118.04944,45.58501],[-118.04982,45.58501],[-118.04982,45.58528],[-118.04944,45.58528],[-118.04944,45.58635],[-118.04982,45.58635],[-118.04982,45.58662],[-118.05059,45.58689],[-118.05059,45.58716],[-118.04905,45.58689],[-118.04905,45.58878],[-118.04944,45.58878],[-118.04944,45.58905],[-118.05021,45.58905],[-118.05021,45.5904],[-118.04982,45.5904],[-118.04982,45.59066],[-118.05021,45.59066],[-118.05021,45.5912],[-118.05098,45.59093],[-118.05098,45.59309],[-118.05136,45.59309],[-118.05136,45.59363],[-118.05367,45.59363],[-118.05367,45.59471],[-118.05406,45.59471],[-118.05406,45.59525],[-118.05444,45.59525],[-118.05444,45.59579],[-118.05406,45.59579],[-118.05406,45.5974],[-118.05483,45.59767],[-118.05483,45.59848],[-118.05637,45.59902],[-118.05637,45.59956],[-118.05675,45.59956],[-118.05675,45.60037],[-118.05714,45.60037],[-118.05714,45.60064],[-118.05791,45.60091],[-118.05791,45.60118],[-118.05868,45.60091],[-118.05868,45.59956],[-118.05906,45.59956],[-118.05906,45.60064],[-118.05945,45.60064],[-118.05945,45.60171],[-118.05983,45.60171],[-118.05983,45.60225],[-118.06022,45.60225],[-118.06022,45.60306],[-118.06061,45.60306],[-118.06061,45.60333],[-118.06099,45.60333],[-118.06099,45.60252],[-118.06061,45.60252],[-118.06061,45.60225],[-118.06099,45.60225],[-118.06099,45.60118],[-118.06061,45.60118],[-118.06061,45.60091],[-118.06099,45.60091],[-118.06099,45.60037],[-118.06138,45.60037],[-118.06138,45.60144],[-118.06176,45.60144],[-118.06176,45.60279],[-118.06215,45.60279],[-118.06215,45.60333],[-118.06138,45.60306],[-118.06138,45.60468],[-118.06176,45.60468],[-118.06176,45.60495],[-118.06099,45.60522],[-118.06099,45.60603],[-118.06138,45.60603],[-118.06138,45.6063],[-118.06099,45.6063],[-118.06099,45.60657],[-118.06138,45.60657],[-118.06138,45.60791],[-118.06176,45.60791],[-118.06176,45.60845],[-118.06138,45.60845],[-118.06138,45.60899],[-118.06061,45.60899],[-118.06061,45.60872],[-118.05983,45.60845],[-118.05983,45.60818],[-118.05906,45.60818],[-118.05906,45.60791],[-118.05868,45.60791],[-118.05868,45.60764],[-118.05791,45.60764],[-118.05791,45.60737],[-118.05752,45.60737],[-118.05752,45.6071],[-118.05598,45.6071],[-118.05598,45.60737],[-118.0556,45.60737],[-118.0556,45.60791],[-118.05598,45.60791],[-118.05598,45.60845],[-118.05637,45.60845],[-118.05637,45.60872],[-118.05675,45.60872],[-118.05675,45.60899],[-118.05752,45.60899],[-118.05752,45.60953],[-118.05791,45.60953],[-118.05791,45.61007],[-118.05829,45.61007],[-118.05829,45.61034],[-118.05791,45.61034],[-118.05791,45.61088],[-118.05752,45.61088],[-118.05752,45.61061],[-118.05714,45.61061],[-118.05714,45.61034],[-118.05675,45.61034],[-118.05675,45.61007],[-118.05637,45.61007],[-118.05637,45.60926],[-118.05521,45.60926],[-118.05521,45.60845],[-118.05444,45.60872],[-118.05444,45.60899],[-118.05483,45.60899],[-118.05483,45.6098],[-118.05444,45.6098],[-118.05444,45.60953],[-118.05406,45.60953],[-118.05406,45.60926],[-118.05367,45.60926],[-118.05367,45.60845],[-118.0529,45.60845],[-118.0529,45.60818],[-118.05175,45.60818],[-118.05175,45.60764],[-118.05059,45.60764],[-118.05059,45.60737],[-118.04982,45.60737],[-118.04982,45.6071],[-118.04944,45.6071],[-118.04944,45.60657],[-118.04905,45.60657],[-118.04905,45.6063],[-118.04944,45.6063],[-118.04944,45.60603],[-118.04867,45.60603],[-118.04867,45.6063],[-118.0479,45.6063],[-118.0479,45.60657],[-118.04751,45.60657],[-118.04751,45.60549],[-118.04674,45.60576],[-118.04674,45.60549],[-118.04597,45.60549],[-118.04597,45.60522],[-118.04559,45.60522],[-118.04559,45.60495],[-118.04674,45.60495],[-118.04674,45.60468],[-118.04713,45.60468],[-118.04713,45.60414],[-118.04674,45.60414],[-118.04674,45.60441],[-118.04482,45.60441],[-118.04482,45.60414],[-118.04443,45.60414],[-118.04443,45.60441],[-118.04405,45.60441],[-118.04405,45.60468],[-118.04366,45.60468],[-118.04366,45.60441],[-118.04289,45.60468],[-118.04289,45.60387],[-118.04212,45.60387],[-118.04212,45.6036],[-118.04174,45.6036],[-118.04174,45.60387],[-118.04097,45.60414],[-118.04097,45.60468],[-118.04174,45.60468],[-118.04174,45.60441],[-118.04212,45.60441],[-118.04212,45.60522],[-118.04174,45.60522],[-118.04174,45.60549],[-118.04135,45.60549],[-118.04135,45.60522],[-118.0402,45.60522],[-118.0402,45.60495],[-118.03866,45.60495],[-118.03866,45.60522],[-118.03789,45.60522],[-118.03789,45.60549],[-118.0375,45.60549],[-118.0375,45.60414],[-118.03712,45.60414],[-118.03712,45.60468],[-118.03673,45.60468],[-118.03673,45.60387],[-118.03635,45.60387],[-118.03635,45.60441],[-118.03596,45.60441],[-118.03596,45.60468],[-118.03635,45.60468],[-118.03635,45.60549],[-118.03596,45.60549],[-118.03596,45.60495],[-118.03558,45.60495],[-118.03558,45.60549],[-118.03519,45.60549],[-118.03519,45.60576],[-118.03442,45.60576],[-118.03442,45.60549],[-118.03365,45.60522],[-118.03365,45.60468],[-118.03442,45.60441],[-118.03442,45.60333],[-118.03211,45.60414],[-118.03211,45.6036],[-118.03134,45.6036],[-118.03134,45.60225],[-118.0298,45.60225],[-118.0298,45.60252],[-118.02788,45.60252],[-118.02788,45.60279],[-118.02711,45.60279],[-118.02711,45.60333],[-118.02672,45.60333],[-118.02672,45.6036],[-118.02595,45.6036],[-118.02595,45.60333],[-118.02364,45.6036],[-118.02364,45.60306],[-118.02326,45.60306],[-118.02326,45.60252],[-118.02364,45.60252],[-118.02364,45.60225],[-118.02595,45.60225],[-118.02595,45.60171],[-118.02634,45.60171],[-118.02634,45.60118],[-118.02711,45.60091],[-118.02711,45.60064],[-118.02672,45.60064],[-118.02672,45.60037],[-118.02634,45.60037],[-118.02634,45.60064],[-118.02557,45.60064],[-118.02557,45.60091],[-118.0248,45.60091],[-118.0248,45.60118],[-118.02403,45.60118],[-118.02403,45.60144],[-118.02326,45.60171],[-118.02326,45.60225],[-118.02017,45.60225],[-118.02017,45.60252],[-118.0194,45.60225],[-118.0194,45.60279],[-118.01748,45.60279],[-118.01748,45.60225],[-118.01786,45.60225],[-118.01786,45.60198],[-118.01863,45.60198],[-118.01863,45.60171],[-118.01902,45.60171],[-118.01902,45.60118],[-118.0194,45.60118],[-118.0194,45.60091],[-118.01979,45.60091],[-118.01979,45.60064],[-118.02017,45.60064],[-118.02017,45.60037],[-118.02056,45.60037],[-118.02056,45.6001],[-118.0194,45.6001],[-118.0194,45.60037],[-118.01902,45.60037],[-118.01902,45.60064],[-118.01863,45.60064],[-118.01863,45.60091],[-118.01825,45.60091],[-118.01825,45.60118],[-118.01748,45.60118],[-118.01748,45.60064],[-118.01709,45.60064],[-118.01709,45.6001],[-118.01671,45.6001],[-118.01671,45.60037],[-118.01632,45.60037],[-118.01632,45.60064],[-118.01594,45.60064],[-118.01594,45.60037],[-118.01555,45.60037],[-118.01555,45.59848],[-118.01324,45.59848],[-118.01324,45.5974],[-118.01247,45.5974],[-118.01247,45.59821],[-118.01209,45.59821],[-118.01209,45.59794],[-118.0117,45.59794],[-118.0117,45.59767],[-118.01093,45.59794],[-118.01093,45.59767],[-118.01055,45.59767],[-118.01055,45.5974],[-118.00978,45.5974],[-118.00978,45.59659],[-118.00901,45.59632],[-118.00901,45.59579],[-118.00862,45.59579],[-118.00862,45.59552],[-118.00747,45.59552],[-118.00747,45.59605],[-118.0067,45.59632],[-118.0067,45.59686],[-118.00554,45.59686],[-118.00554,45.59713],[-118.00516,45.59713],[-118.00516,45.59767],[-118.00554,45.59767],[-118.00554,45.59821],[-118.00477,45.59848],[-118.00477,45.59794],[-118.00362,45.59794],[-118.00362,45.5974],[-118.00285,45.5974],[-118.00285,45.59767],[-118.00169,45.59767],[-118.00169,45.59713],[-118.00246,45.59713],[-118.00246,45.59632],[-118.00208,45.59632],[-118.00208,45.59605],[-118.00169,45.59605],[-118.00169,45.59632],[-118.00015,45.59632],[-118.00015,45.59605],[-117.99977,45.59605],[-117.99977,45.59579],[-117.99823,45.59579],[-117.99823,45.59525],[-117.99746,45.59525],[-117.99746,45.59498],[-117.99707,45.59498],[-117.99707,45.59632],[-117.99746,45.59632],[-117.99746,45.59659],[-117.99784,45.59659],[-117.99784,45.59686],[-117.99823,45.59686],[-117.99823,45.59821],[-117.99784,45.59821],[-117.99784,45.59794],[-117.99669,45.59794],[-117.99669,45.59767],[-117.99553,45.59767],[-117.99553,45.5974],[-117.99399,45.5974],[-117.99399,45.59659],[-117.99438,45.59659],[-117.99438,45.59632],[-117.99399,45.59632],[-117.99399,45.59579],[-117.99322,45.59579],[-117.99322,45.59552],[-117.99284,45.59552],[-117.99284,45.59525],[-117.99168,45.59525],[-117.99168,45.59498],[-117.99091,45.59498],[-117.99091,45.59471],[-117.98822,45.59471],[-117.98822,45.59444],[-117.98783,45.59444],[-117.98783,45.59471],[-117.98745,45.59471],[-117.98745,45.59579],[-117.98706,45.59579],[-117.98706,45.59605],[-117.98668,45.59605],[-117.98668,45.59632],[-117.98745,45.59632],[-117.98745,45.59659],[-117.9886,45.59659],[-117.9886,45.59686],[-117.98822,45.59686],[-117.98822,45.59713],[-117.98899,45.59713],[-117.98899,45.59794],[-117.9886,45.59794],[-117.9886,45.59821],[-117.98745,45.59821],[-117.98745,45.59848],[-117.98668,45.59848],[-117.98668,45.59902],[-117.98552,45.59902],[-117.98552,45.59956],[-117.98475,45.59956],[-117.98475,45.59983],[-117.98437,45.59983],[-117.98437,45.6001],[-117.98359,45.6001],[-117.98359,45.60037],[-117.98282,45.60064],[-117.98282,45.60091],[-117.98205,45.60091],[-117.98205,45.60118],[-117.98167,45.60118],[-117.98167,45.60171],[-117.98321,45.60198],[-117.98321,45.60279],[-117.98282,45.60279],[-117.98282,45.60306],[-117.98244,45.60306],[-117.98244,45.60333],[-117.9809,45.6036],[-117.9809,45.60387],[-117.98051,45.60387],[-117.98051,45.60414],[-117.97974,45.60414],[-117.97974,45.60495],[-117.97936,45.60495],[-117.97936,45.60522],[-117.98013,45.60522],[-117.98013,45.60495],[-117.98167,45.60495],[-117.98167,45.60576],[-117.98128,45.60576],[-117.98128,45.60603],[-117.97974,45.60603],[-117.97974,45.6063],[-117.97936,45.6063],[-117.97936,45.60657],[-117.97897,45.60657],[-117.97897,45.60683],[-117.97859,45.60683],[-117.97859,45.6071],[-117.9782,45.6071],[-117.9782,45.60737],[-117.97666,45.60683],[-117.97666,45.60549],[-117.97705,45.60549],[-117.97705,45.60468],[-117.97628,45.60468],[-117.97628,45.60225],[-117.97589,45.60225],[-117.97589,45.60252],[-117.97551,45.60252],[-117.97551,45.60279],[-117.97512,45.60279],[-117.97512,45.60306],[-117.97474,45.60306],[-117.97474,45.60333],[-117.97435,45.60333],[-117.97435,45.6036],[-117.97397,45.6036],[-117.97397,45.60387],[-117.97358,45.60387],[-117.97358,45.60441],[-117.97397,45.60441],[-117.97397,45.60468],[-117.97435,45.60468],[-117.97435,45.60522],[-117.97474,45.60522],[-117.97474,45.60576],[-117.97435,45.60576],[-117.97435,45.6063],[-117.9732,45.6063],[-117.9732,45.60603],[-117.97204,45.60603],[-117.97204,45.60549],[-117.97166,45.60549],[-117.97166,45.60495],[-117.97204,45.60495],[-117.97204,45.60414],[-117.97166,45.60414],[-117.97166,45.60333],[-117.96935,45.60333],[-117.96935,45.60306],[-117.96858,45.60306],[-117.96858,45.60279],[-117.96819,45.60279],[-117.96819,45.60252],[-117.96781,45.60252],[-117.96781,45.60225],[-117.96742,45.60225],[-117.96742,45.60198],[-117.96704,45.60198],[-117.96704,45.59848],[-117.96627,45.59875],[-117.96627,45.59794],[-117.96665,45.59794],[-117.96665,45.5974],[-117.9655,45.5974],[-117.9655,45.59713],[-117.96627,45.59686],[-117.96627,45.59659],[-117.96588,45.59659],[-117.96588,45.59552],[-117.9655,45.59552],[-117.9655,45.59444],[-117.96627,45.59444],[-117.96627,45.59498],[-117.96665,45.59498],[-117.96665,45.59552],[-117.96973,45.59552],[-117.96973,45.59525],[-117.96935,45.59525],[-117.96935,45.59498],[-117.96973,45.59498],[-117.96973,45.59471],[-117.9705,45.59444],[-117.9705,45.59417],[-117.97012,45.59417],[-117.97012,45.59336],[-117.9705,45.59336],[-117.9705,45.59282],[-117.97089,45.59282],[-117.97089,45.59255],[-117.97127,45.59255],[-117.97127,45.59228],[-117.97204,45.59228],[-117.97204,45.59201],[-117.97281,45.59228],[-117.97281,45.59282],[-117.97358,45.59309],[-117.97358,45.59363],[-117.97435,45.5939],[-117.97435,45.59444],[-117.97512,45.59444],[-117.97512,45.59417],[-117.97551,45.59417],[-117.97551,45.59336],[-117.97474,45.59336],[-117.97474,45.59309],[-117.97435,45.59309],[-117.97435,45.59174],[-117.97474,45.59174],[-117.97474,45.5904],[-117.97512,45.5904],[-117.97512,45.59066],[-117.97589,45.59066],[-117.97589,45.5904],[-117.97628,45.5904],[-117.97628,45.58959],[-117.97551,45.58959],[-117.97551,45.58932],[-117.97589,45.58932],[-117.97589,45.58905],[-117.97705,45.58905],[-117.97705,45.58851],[-117.97666,45.58851],[-117.97666,45.5877],[-117.97628,45.5877],[-117.97628,45.58716],[-117.97705,45.58716],[-117.97705,45.58608],[-117.97743,45.58608],[-117.97743,45.58393],[-117.97782,45.58393],[-117.97782,45.58339],[-117.9782,45.58339],[-117.9782,45.58285],[-117.97782,45.58285],[-117.97782,45.58177],[-117.97743,45.58177],[-117.97743,45.58123],[-117.97897,45.58123],[-117.97897,45.58096],[-117.97936,45.58096],[-117.97936,45.58069],[-117.98051,45.58069],[-117.98051,45.58042],[-117.9809,45.58042],[-117.9809,45.57989],[-117.98128,45.57989],[-117.98128,45.57935],[-117.9809,45.57935],[-117.9809,45.57962],[-117.98051,45.57962],[-117.98051,45.58015],[-117.97974,45.58015],[-117.97974,45.57962],[-117.98013,45.57962],[-117.98013,45.57827],[-117.98051,45.57827],[-117.98051,45.578],[-117.98128,45.57773],[-117.98128,45.57746],[-117.98167,45.57746],[-117.98167,45.57719],[-117.98128,45.57719],[-117.98128,45.57584],[-117.9809,45.57584],[-117.9809,45.57503],[-117.98128,45.57503],[-117.98128,45.57476],[-117.98205,45.57476],[-117.98205,45.57503],[-117.98244,45.57503],[-117.98244,45.57476],[-117.98282,45.57476],[-117.98282,45.5745],[-117.98321,45.5745],[-117.98321,45.57423],[-117.98359,45.57423],[-117.98359,45.57369],[-117.98398,45.57369],[-117.98398,45.57288],[-117.98437,45.57288],[-117.98437,45.57234],[-117.98321,45.57234],[-117.98321,45.57207],[-117.98244,45.5718],[-117.98244,45.57099],[-117.98205,45.57099],[-117.98205,45.56991],[-117.98282,45.57018],[-117.98282,45.57072],[-117.98398,45.57072],[-117.98398,45.57045],[-117.98321,45.57045],[-117.98321,45.57018],[-117.98359,45.57018],[-117.98359,45.56937],[-117.98398,45.56937],[-117.98398,45.56857],[-117.98475,45.56857],[-117.98475,45.5683],[-117.98514,45.5683],[-117.98514,45.56776],[-117.98552,45.56776],[-117.98552,45.56695],[-117.98475,45.56668],[-117.98475,45.56614],[-117.98552,45.56614],[-117.98552,45.56641],[-117.98591,45.56641],[-117.98591,45.56668],[-117.98783,45.56668],[-117.98783,45.56641],[-117.98629,45.56614],[-117.98629,45.56506],[-117.98591,45.56506],[-117.98591,45.56479],[-117.98629,45.56479],[-117.98629,45.56452],[-117.98706,45.56452],[-117.98706,45.56479],[-117.98668,45.56479],[-117.98668,45.56506],[-117.98745,45.56506],[-117.98745,45.56479],[-117.98783,45.56479],[-117.98783,45.56452],[-117.98745,45.56452],[-117.98745,45.56425],[-117.98783,45.56425],[-117.98783,45.56345],[-117.98822,45.56345],[-117.98822,45.56318],[-117.98783,45.56318],[-117.98783,45.56291],[-117.98822,45.56291],[-117.98822,45.56264],[-117.98899,45.56264],[-117.98899,45.56237],[-117.98937,45.56237],[-117.98937,45.56318],[-117.98976,45.56318],[-117.98976,45.56237],[-117.99014,45.56237],[-117.99014,45.56264],[-117.99091,45.56264],[-117.99091,45.56291],[-117.9913,45.56291],[-117.9913,45.56318],[-117.99168,45.56318],[-117.99168,45.56345],[-117.99207,45.56345],[-117.99207,45.56372],[-117.99476,45.56372],[-117.99476,45.56318],[-117.99746,45.56318],[-117.99746,45.56345],[-117.99784,45.56345],[-117.99784,45.56372],[-117.99861,45.56372],[-117.99861,45.56399],[-117.999,45.56399],[-117.999,45.56425],[-117.99977,45.56425],[-117.99977,45.56372],[-117.999,45.56372],[-117.999,45.56318],[-117.99938,45.56318],[-117.99938,45.56264],[-117.999,45.56264],[-117.999,45.5621],[-117.99938,45.5621],[-117.99938,45.56237],[-117.99977,45.56237],[-117.99977,45.56291],[-118.00054,45.56318],[-118.00054,45.56345],[-118.00015,45.56345],[-118.00015,45.56425],[-118.00054,45.56425],[-118.00054,45.56372],[-118.00285,45.56372],[-118.00285,45.56399],[-118.00323,45.56399],[-118.00323,45.56452],[-118.00362,45.56452],[-118.00362,45.56506],[-118.00439,45.56506],[-118.00439,45.56425],[-118.00593,45.56425],[-118.00593,45.56399],[-118.00554,45.56399],[-118.00554,45.56291],[-118.00593,45.56291],[-118.00593,45.56318],[-118.00631,45.56318],[-118.00631,45.56425],[-118.00747,45.56425],[-118.00747,45.56479],[-118.00901,45.56479],[-118.00901,45.56506],[-118.01016,45.56506],[-118.01016,45.56533],[-118.0117,45.56533],[-118.0117,45.56506],[-118.01209,45.56506],[-118.01209,45.56533],[-118.01286,45.5656],[-118.01286,45.56587],[-118.01247,45.56587],[-118.01247,45.56641],[-118.01324,45.56668],[-118.01324,45.56722],[-118.01517,45.56722],[-118.01517,45.56695],[-118.01594,45.56668],[-118.01594,45.56614],[-118.01517,45.56614],[-118.01517,45.56587],[-118.01478,45.56587],[-118.01478,45.5656],[-118.01632,45.5656],[-118.01632,45.56587],[-118.01863,45.5656],[-118.01863,45.56641],[-118.01825,45.56641],[-118.01825,45.56614],[-118.01748,45.56614],[-118.01748,45.56668],[-118.01825,45.56695],[-118.01825,45.56749],[-118.0194,45.56749],[-118.0194,45.56722],[-118.02017,45.56695],[-118.02017,45.56641],[-118.02094,45.56614],[-118.02094,45.56587],[-118.01979,45.56587],[-118.01979,45.56533],[-118.02094,45.56533],[-118.02094,45.56506],[-118.0221,45.56506],[-118.0221,45.56641],[-118.02326,45.56641],[-118.02326,45.56695],[-118.02249,45.56695],[-118.02249,45.56722],[-118.02287,45.56722],[-118.02287,45.56749],[-118.02326,45.56749],[-118.02326,45.56722]],[[-118.05136,45.60737],[-118.05136,45.60683],[-118.05059,45.60683],[-118.05059,45.60737],[-118.05136,45.60737]],[[-117.98167,45.578],[-117.98205,45.578],[-117.98205,45.57746],[-117.98167,45.57746],[-117.98167,45.578]],[[-117.99168,45.56372],[-117.99168,45.56399],[-117.99207,45.56399],[-117.99207,45.56372],[-117.99168,45.56372]],[[-118.02249,45.56668],[-118.0221,45.56668],[-118.0221,45.56695],[-118.02249,45.56695],[-118.02249,45.56668]],[[-118.02171,45.56695],[-118.02171,45.56722],[-118.0221,45.56722],[-118.0221,45.56695],[-118.02171,45.56695]],[[-118.05444,45.60764],[-118.05406,45.60764],[-118.05406,45.60845],[-118.05444,45.60845],[-118.05444,45.60764]],[[-117.97897,45.60495],[-117.97859,45.60495],[-117.97859,45.60522],[-117.97897,45.60522],[-117.97897,45.60495]],[[-118.03866,45.60333],[-118.03789,45.6036],[-118.03789,45.60414],[-118.03904,45.60414],[-118.03904,45.60387],[-118.03981,45.60387],[-118.03981,45.6036],[-118.04097,45.6036],[-118.04097,45.60279],[-118.0402,45.60252],[-118.0402,45.60279],[-118.03866,45.60306],[-118.03866,45.60333]],[[-118.0402,45.60225],[-118.03981,45.60225],[-118.03981,45.60252],[-118.0402,45.60252],[-118.0402,45.60225]],[[-117.97782,45.60064],[-117.9782,45.60064],[-117.9782,45.60037],[-117.97859,45.60037],[-117.97859,45.6001],[-117.97897,45.6001],[-117.97897,45.59983],[-117.97936,45.59983],[-117.97936,45.59956],[-117.97859,45.59956],[-117.97859,45.59983],[-117.9782,45.59983],[-117.9782,45.6001],[-117.97743,45.6001],[-117.97743,45.60037],[-117.97666,45.60064],[-117.97666,45.60198],[-117.97705,45.60198],[-117.97705,45.60144],[-117.97743,45.60144],[-117.97743,45.60091],[-117.97782,45.60091],[-117.97782,45.60064]],[[-118.03134,45.60171],[-118.03173,45.60171],[-118.03173,45.60144],[-118.03134,45.60144],[-118.03134,45.60171]],[[-118.03134,45.60118],[-118.03096,45.60118],[-118.03096,45.60144],[-118.03134,45.60144],[-118.03134,45.60118]],[[-118.02364,45.59875],[-118.02249,45.59875],[-118.02249,45.59902],[-118.0221,45.59902],[-118.0221,45.59983],[-118.02249,45.59983],[-118.02249,45.6001],[-118.02364,45.6001],[-118.02364,45.59983],[-118.02403,45.59983],[-118.02403,45.59929],[-118.02364,45.59929],[-118.02364,45.59875]],[[-117.98475,45.59632],[-117.98398,45.59632],[-117.98398,45.59659],[-117.98475,45.59659],[-117.98475,45.59632]],[[-118.00323,45.59632],[-118.00362,45.59632],[-118.00362,45.59605],[-118.004,45.59605],[-118.004,45.59579],[-118.00323,45.59579],[-118.00323,45.59632]],[[-118.00516,45.59552],[-118.00477,45.59552],[-118.00477,45.59579],[-118.00516,45.59579],[-118.00516,45.59552]],[[-118.00015,45.59552],[-118.00131,45.59552],[-118.00131,45.59525],[-118.00169,45.59525],[-118.00169,45.59471],[-118.00015,45.59471],[-118.00015,45.59552]],[[-118.00439,45.59336],[-118.00323,45.59336],[-118.00323,45.59363],[-118.00285,45.59363],[-118.00285,45.5939],[-118.00246,45.5939],[-118.00246,45.59498],[-118.004,45.59498],[-118.004,45.59471],[-118.00477,45.59471],[-118.00477,45.59363],[-118.00439,45.59363],[-118.00439,45.59336]],[[-117.99861,45.59363],[-117.99823,45.59363],[-117.99823,45.59282],[-117.99784,45.59282],[-117.99784,45.59255],[-117.99707,45.59255],[-117.99707,45.59228],[-117.9963,45.59228],[-117.9963,45.59201],[-117.99553,45.59174],[-117.99553,45.59228],[-117.99592,45.59228],[-117.99592,45.59255],[-117.9963,45.59255],[-117.9963,45.59282],[-117.99707,45.59282],[-117.99707,45.59336],[-117.99784,45.59363],[-117.99784,45.59444],[-117.99823,45.59444],[-117.99823,45.59498],[-117.99861,45.59498],[-117.99861,45.59444],[-117.999,45.59444],[-117.999,45.5939],[-117.99861,45.5939],[-117.99861,45.59363]],[[-117.98899,45.59282],[-117.98976,45.59282],[-117.98976,45.59174],[-117.98937,45.59174],[-117.98937,45.59147],[-117.9886,45.59147],[-117.9886,45.59174],[-117.98783,45.59201],[-117.98783,45.59255],[-117.98745,45.59255],[-117.98745,45.59363],[-117.98783,45.59363],[-117.98783,45.59336],[-117.9886,45.59336],[-117.9886,45.59309],[-117.98899,45.59309],[-117.98899,45.59282]],[[-117.9809,45.5912],[-117.98013,45.59147],[-117.98013,45.59228],[-117.98051,45.59228],[-117.98051,45.59255],[-117.98128,45.59255],[-117.98128,45.59228],[-117.98167,45.59228],[-117.98167,45.59093],[-117.9809,45.59093],[-117.9809,45.5912]],[[-117.99823,45.59013],[-117.99861,45.59013],[-117.99861,45.5904],[-117.999,45.5904],[-117.999,45.59066],[-117.99938,45.59066],[-117.99938,45.59013],[-117.999,45.59013],[-117.999,45.58986],[-117.99823,45.58986],[-117.99823,45.59013]],[[-117.99399,45.58986],[-117.99361,45.58986],[-117.99361,45.59013],[-117.99399,45.59013],[-117.99399,45.58986]],[[-117.99515,45.5877],[-117.99476,45.5877],[-117.99476,45.58743],[-117.99399,45.58743],[-117.99399,45.58797],[-117.99476,45.58797],[-117.99476,45.58824],[-117.99515,45.58824],[-117.99515,45.58851],[-117.99592,45.58851],[-117.99592,45.58824],[-117.99515,45.58797],[-117.99515,45.5877]],[[-117.99245,45.58662],[-117.99168,45.58635],[-117.99168,45.58662],[-117.99091,45.58689],[-117.99091,45.58743],[-117.9913,45.58743],[-117.9913,45.5877],[-117.99245,45.5877],[-117.99245,45.58743],[-117.99284,45.58743],[-117.99284,45.58716],[-117.99245,45.58716],[-117.99245,45.58662]],[[-117.98976,45.58608],[-117.98937,45.58608],[-117.98937,45.58635],[-117.98976,45.58635],[-117.98976,45.58608]],[[-118.02403,45.58581],[-118.02364,45.58581],[-118.02364,45.58608],[-118.02403,45.58608],[-118.02403,45.58581]],[[-118.0221,45.58554],[-118.02171,45.58554],[-118.02171,45.58581],[-118.0221,45.58581],[-118.0221,45.58554]],[[-118.01786,45.58554],[-118.01748,45.58554],[-118.01748,45.58581],[-118.01786,45.58581],[-118.01786,45.58554]],[[-118.01709,45.58528],[-118.01671,45.58528],[-118.01671,45.58554],[-118.01709,45.58554],[-118.01709,45.58528]],[[-117.98822,45.58501],[-117.98783,45.58501],[-117.98783,45.58554],[-117.98822,45.58554],[-117.98822,45.58501]],[[-118.01748,45.58474],[-118.01709,45.58474],[-118.01709,45.58501],[-118.01748,45.58501],[-118.01748,45.58474]],[[-117.9886,45.58339],[-117.98822,45.58339],[-117.98822,45.58312],[-117.98706,45.58312],[-117.98706,45.58366],[-117.98783,45.58366],[-117.98783,45.58393],[-117.9886,45.5842],[-117.9886,45.58447],[-117.98937,45.58447],[-117.98937,45.58393],[-117.98899,45.58393],[-117.98899,45.58366],[-117.9886,45.58366],[-117.9886,45.58339]],[[-118.02403,45.58285],[-118.02364,45.58285],[-118.02364,45.58312],[-118.02403,45.58312],[-118.02403,45.58285]],[[-118.01401,45.58285],[-118.01363,45.58285],[-118.01363,45.58312],[-118.01401,45.58312],[-118.01401,45.58285]],[[-118.02441,45.58231],[-118.02403,45.58231],[-118.02403,45.58258],[-118.02441,45.58258],[-118.02441,45.58231]],[[-118.01363,45.58177],[-118.01324,45.58177],[-118.01324,45.58258],[-118.01363,45.58258],[-118.01363,45.58177]],[[-118.02326,45.58123],[-118.02287,45.58123],[-118.02287,45.5815],[-118.02326,45.5815],[-118.02326,45.58123]],[[-118.01478,45.58096],[-118.0144,45.58096],[-118.0144,45.58123],[-118.01478,45.58123],[-118.01478,45.58096]],[[-117.98629,45.58069],[-117.98591,45.58069],[-117.98591,45.58123],[-117.98706,45.58123],[-117.98706,45.58069],[-117.98668,45.58069],[-117.98668,45.58042],[-117.98629,45.58042],[-117.98629,45.58069]],[[-117.98591,45.57935],[-117.98552,45.57935],[-117.98552,45.57989],[-117.98591,45.57989],[-117.98591,45.58015],[-117.98668,45.58015],[-117.98668,45.57962],[-117.98629,45.57962],[-117.98629,45.57908],[-117.98591,45.57908],[-117.98591,45.57935]],[[-118.01401,45.57881],[-118.01363,45.57881],[-118.01363,45.57935],[-118.01401,45.57935],[-118.01401,45.57881]],[[-118.02056,45.57854],[-118.02017,45.57854],[-118.02017,45.57881],[-118.02056,45.57881],[-118.02056,45.57854]],[[-118.0194,45.57827],[-118.01902,45.57827],[-118.01902,45.57854],[-118.0194,45.57854],[-118.0194,45.57827]],[[-118.0144,45.57827],[-118.01401,45.57827],[-118.01401,45.57854],[-118.0144,45.57854],[-118.0144,45.57827]],[[-118.01825,45.57773],[-118.01786,45.57773],[-118.01786,45.578],[-118.01825,45.578],[-118.01825,45.57773]],[[-118.01709,45.57746],[-118.01671,45.57746],[-118.01671,45.57773],[-118.01709,45.57773],[-118.01709,45.57746]],[[-117.98668,45.57665],[-117.98629,45.57665],[-117.98629,45.57638],[-117.98591,45.57638],[-117.98591,45.57665],[-117.98514,45.57665],[-117.98514,45.57746],[-117.98591,45.57773],[-117.98591,45.57746],[-117.98629,45.57746],[-117.98629,45.57692],[-117.98668,45.57692],[-117.98668,45.57665]],[[-118.03827,45.57638],[-118.03789,45.57638],[-118.03789,45.57665],[-118.03981,45.57665],[-118.03981,45.57638],[-118.03943,45.57638],[-118.03943,45.57611],[-118.03827,45.57611],[-118.03827,45.57638]],[[-118.03712,45.57638],[-118.03635,45.57638],[-118.03635,45.57665],[-118.03712,45.57665],[-118.03712,45.57638]],[[-117.98668,45.57423],[-117.98629,45.57423],[-117.98629,45.57503],[-117.98552,45.5753],[-117.98552,45.57584],[-117.98668,45.57584],[-117.98668,45.57557],[-117.98706,45.57557],[-117.98706,45.57396],[-117.98668,45.57396],[-117.98668,45.57423]],[[-118.03981,45.57476],[-118.03943,45.57476],[-118.03943,45.5745],[-118.03904,45.5745],[-118.03904,45.57396],[-118.03866,45.57396],[-118.03866,45.57423],[-118.03827,45.57423],[-118.03827,45.5745],[-118.03866,45.5745],[-118.03866,45.57476],[-118.03789,45.57476],[-118.03789,45.57503],[-118.0375,45.57503],[-118.0375,45.57557],[-118.04097,45.57557],[-118.04097,45.5753],[-118.04058,45.5753],[-118.04058,45.57503],[-118.03981,45.57503],[-118.03981,45.57476]],[[-117.98668,45.57342],[-117.98745,45.57369],[-117.98745,45.57342],[-117.98783,45.57342],[-117.98783,45.57261],[-117.98668,45.57261],[-117.98668,45.57342]],[[-117.9886,45.56911],[-117.98822,45.56911],[-117.98822,45.56884],[-117.98745,45.56911],[-117.98745,45.57072],[-117.98706,45.57072],[-117.98706,45.57126],[-117.98668,45.57126],[-117.98668,45.5718],[-117.98706,45.5718],[-117.98706,45.57207],[-117.98745,45.57207],[-117.98745,45.57234],[-117.98783,45.57234],[-117.98783,45.57153],[-117.98822,45.57153],[-117.98822,45.57018],[-117.9886,45.57018],[-117.9886,45.56911]],[[-118.03057,45.57153],[-118.0298,45.57153],[-118.0298,45.5718],[-118.03057,45.5718],[-118.03057,45.57153]],[[-117.99014,45.57126],[-117.98976,45.57126],[-117.98976,45.5718],[-117.99014,45.5718],[-117.99014,45.57126]],[[-117.99245,45.57153],[-117.99322,45.57153],[-117.99322,45.57126],[-117.99284,45.57126],[-117.99284,45.57045],[-117.99245,45.57045],[-117.99245,45.57153]],[[-118.01902,45.5683],[-118.01863,45.5683],[-118.01863,45.56884],[-118.01902,45.56884],[-118.01902,45.5683]]],[[[-118.0529,45.5912],[-118.0529,45.5904],[-118.05329,45.5904],[-118.05329,45.5912],[-118.0529,45.5912]]],[[[-118.01671,45.60064],[-118.01709,45.60064],[-118.01709,45.60118],[-118.01632,45.60118],[-118.01632,45.60091],[-118.01671,45.60091],[-118.01671,45.60064]]],[[[-118.02326,45.6036],[-118.02287,45.6036],[-118.02287,45.60306],[-118.02326,45.60306],[-118.02326,45.6036]]],[[[-118.03134,45.60414],[-118.03096,45.60414],[-118.03096,45.6036],[-118.03134,45.6036],[-118.03134,45.60414]]],[[[-118.05675,45.60737],[-118.05675,45.60791],[-118.05598,45.60764],[-118.05598,45.60737],[-118.05675,45.60737]]],[[[-118.05945,45.60926],[-118.05945,45.6098],[-118.05906,45.6098],[-118.05906,45.60953],[-118.05829,45.60953],[-118.05829,45.60926],[-118.05945,45.60926]]],[[[-117.99322,45.56318],[-117.99284,45.56318],[-117.99284,45.56291],[-117.99322,45.56291],[-117.99322,45.56318]]],[[[-117.98398,45.5656],[-117.98359,45.5656],[-117.98359,45.56533],[-117.98398,45.56533],[-117.98398,45.5656]]],[[[-117.97974,45.58042],[-117.97936,45.58042],[-117.97936,45.58015],[-117.97974,45.58015],[-117.97974,45.58042]]],[[[-118.00015,45.5974],[-118.00015,45.59659],[-118.00054,45.59659],[-118.00054,45.5974],[-118.00015,45.5974]]],[[[-118.0067,45.5974],[-118.0067,45.59686],[-118.00824,45.59686],[-118.00824,45.59794],[-118.00747,45.59794],[-118.00747,45.59767],[-118.0067,45.5974]]],[[[-117.98937,45.59767],[-117.99245,45.59767],[-117.99245,45.59794],[-117.99322,45.59794],[-117.99322,45.59821],[-117.99284,45.59821],[-117.99284,45.59848],[-117.99014,45.59848],[-117.99014,45.59821],[-117.98937,45.59821],[-117.98937,45.59767]]],[[[-118.01286,45.59848],[-118.01247,45.59848],[-118.01247,45.59821],[-118.01286,45.59821],[-118.01286,45.59848]]],[[[-118.0067,45.59902],[-118.00631,45.59902],[-118.00631,45.59875],[-118.0067,45.59875],[-118.0067,45.59902]]],[[[-117.97859,45.60818],[-117.97859,45.60791],[-117.97897,45.60791],[-117.97897,45.60737],[-117.97936,45.60737],[-117.97936,45.6071],[-117.97974,45.6071],[-117.97974,45.60683],[-117.98013,45.60683],[-117.98013,45.60657],[-117.98051,45.60657],[-117.98051,45.6063],[-117.98128,45.6063],[-117.98128,45.60683],[-117.98167,45.60683],[-117.98167,45.60791],[-117.98128,45.60791],[-117.98128,45.60845],[-117.98167,45.60845],[-117.98167,45.60872],[-117.97936,45.60872],[-117.97936,45.60845],[-117.97859,45.60818]]],[[[-117.96665,45.60737],[-117.96665,45.60683],[-117.96704,45.60683],[-117.96704,45.6063],[-117.96973,45.6063],[-117.96973,45.60603],[-117.97127,45.60576],[-117.97127,45.60603],[-117.97166,45.60603],[-117.97166,45.6063],[-117.97127,45.6063],[-117.97127,45.6071],[-117.97089,45.6071],[-117.97089,45.60737],[-117.97127,45.60737],[-117.97127,45.60764],[-117.97204,45.60764],[-117.97204,45.60737],[-117.97243,45.60737],[-117.97243,45.60764],[-117.97281,45.60764],[-117.97281,45.60791],[-117.9732,45.60791],[-117.9732,45.60818],[-117.97358,45.60818],[-117.97358,45.60845],[-117.97512,45.60845],[-117.97512,45.60872],[-117.97589,45.60899],[-117.97589,45.60953],[-117.97551,45.60953],[-117.97551,45.60926],[-117.97397,45.60926],[-117.97397,45.60953],[-117.97358,45.60953],[-117.97358,45.61061],[-117.97435,45.61088],[-117.97435,45.61142],[-117.97474,45.61142],[-117.97474,45.61195],[-117.97435,45.61195],[-117.97435,45.61222],[-117.97358,45.61249],[-117.97358,45.61276],[-117.9732,45.61276],[-117.9732,45.61357],[-117.97281,45.61357],[-117.97281,45.6133],[-117.97204,45.6133],[-117.97204,45.61357],[-117.97127,45.61357],[-117.97127,45.61384],[-117.9705,45.61384],[-117.9705,45.61357],[-117.97127,45.6133],[-117.97127,45.61303],[-117.97204,45.61303],[-117.97204,45.61276],[-117.97281,45.61249],[-117.97281,45.61088],[-117.97243,45.61088],[-117.97243,45.61034],[-117.97204,45.61034],[-117.97204,45.60872],[-117.97127,45.60872],[-117.97127,45.60926],[-117.9705,45.60953],[-117.9705,45.61061],[-117.97127,45.61061],[-117.97127,45.61115],[-117.9705,45.61142],[-117.9705,45.61115],[-117.97012,45.61115],[-117.97012,45.61088],[-117.96935,45.61088],[-117.96935,45.6098],[-117.97012,45.60953],[-117.97012,45.60872],[-117.96935,45.60845],[-117.96935,45.60791],[-117.96858,45.60791],[-117.96858,45.60818],[-117.96704,45.60818],[-117.96704,45.60737],[-117.96665,45.60737]],[[-117.97012,45.60791],[-117.97012,45.6071],[-117.96935,45.60683],[-117.96935,45.60791],[-117.97012,45.60791]]]]},"properties":{"layer":"predicted_reach_h23","fire_name":"Middle_Ridge","irwin_id":"{2088689D-42B8-4A31-85B6-2CADB59BA127}","model":"arrival_run","checkpoint_epoch":216,"decode":"connected_causal","operating_point":{"floor":0.0,"mult":0.9},"val_precision":null,"val_recall":null,"model_caveat":"arrival_run chosen for best RECALL among the six FlameFlux v3 candidates on the production-valid t0-window corpus (R=0.624 on the fc2 held-out fires, R=0.432 on Dillon -- see candidate_comparison.md from the 2026-07-24 comparison). It does NOT meet the project's P>=0.50/R>=0.80 target: precision is the WORST of the six (P=0.120 on fc2 -- most flagged growth is wrong), and wind_run actually edges it on F1. IMPORTANT CAVEAT: arrival_run trained on the leaky 'observed' corpus (crop centered/sized on t0|t1, i.e. it saw the future perimeter's geometry during training) and has NEVER seen a t0-window crop -- the ONLY geometry this live pipeline can ever produce at forecast time (the future perimeter is, by definition, unknown). So every live prediction from this model is out-of-distribution relative to its own training. The measured t0-window numbers above already reflect that (they are not a surprise), but this is 'best available', not 'production-ready' -- represent it that way. The operating_point (floor=0.0, mult=0.9) is the VAL-selected connected-causal decode point; it did NOT clear the 0.50 precision floor during selection (feasible=False, val P=0.270/R=0.259) -- it's the best-F1 fallback point, not a precision-guaranteed one.","issued_at_utc":"2026-08-23 20:05:07.672141+00:00","valid_from_utc":"2026-08-23 00:00:00","valid_to_utc":"2026-08-24 00:00:00","wfigs_date_current_utc":"2026-08-23 16:41:28.079000+00:00","pixel_size_m":30,"veg_source":"refreshed_d4","physics_source":"eikonal_fbfm40","history_n_dates":1,"degraded_history":true,"containment_pct":0.0,"acres_wfigs":138.34560634370422,"hour":23,"valid_at_utc":"2026-08-23 23:00:00"}},{"type":"Feature","geometry":{"type":"MultiPolygon","coordinates":[[[[-118.03635,45.57045],[-118.03596,45.57045],[-118.03596,45.57018],[-118.03635,45.57018],[-118.03635,45.57045]]],[[[-118.05483,45.59282],[-118.05483,45.59336],[-118.05521,45.59336],[-118.05521,45.59552],[-118.0556,45.59552],[-118.0556,45.59821],[-118.05637,45.59848],[-118.05637,45.59902],[-118.05714,45.59902],[-118.05714,45.59956],[-118.05791,45.59956],[-118.05791,45.59902],[-118.05829,45.59902],[-118.05829,45.59875],[-118.05906,45.59848],[-118.05906,45.59902],[-118.05868,45.59902],[-118.05868,45.59956],[-118.05906,45.59956],[-118.05906,45.60064],[-118.05945,45.60064],[-118.05945,45.60171],[-118.05983,45.60171],[-118.05983,45.60225],[-118.06022,45.60225],[-118.06022,45.60306],[-118.06099,45.60333],[-118.06099,45.60252],[-118.06061,45.60252],[-118.06061,45.60171],[-118.06022,45.60171],[-118.06022,45.59929],[-118.06061,45.59929],[-118.06061,45.59983],[-118.06138,45.6001],[-118.06138,45.60144],[-118.06176,45.60144],[-118.06176,45.60279],[-118.06215,45.60279],[-118.06215,45.6036],[-118.06253,45.6036],[-118.06253,45.60387],[-118.06292,45.60387],[-118.06292,45.60414],[-118.06407,45.60414],[-118.06407,45.60495],[-118.06369,45.60495],[-118.06369,45.60549],[-118.0633,45.60549],[-118.0633,45.60657],[-118.06292,45.60657],[-118.06292,45.60737],[-118.0633,45.60737],[-118.0633,45.60818],[-118.06292,45.60818],[-118.06292,45.60899],[-118.0633,45.60899],[-118.0633,45.60926],[-118.06369,45.60926],[-118.06369,45.60953],[-118.06407,45.60953],[-118.06407,45.6098],[-118.06369,45.6098],[-118.06369,45.61061],[-118.06446,45.61088],[-118.06446,45.61142],[-118.06407,45.61142],[-118.06407,45.61195],[-118.06446,45.61195],[-118.06446,45.61276],[-118.06484,45.61276],[-118.06484,45.6133],[-118.06561,45.6133],[-118.06561,45.61465],[-118.06638,45.61492],[-118.06638,45.61573],[-118.06677,45.61573],[-118.06677,45.616],[-118.066,45.616],[-118.066,45.61546],[-118.06561,45.61546],[-118.06561,45.61492],[-118.06523,45.61492],[-118.06523,45.61438],[-118.06446,45.61411],[-118.06446,45.61357],[-118.06407,45.61357],[-118.06407,45.61303],[-118.06369,45.61303],[-118.06369,45.61249],[-118.0633,45.61249],[-118.0633,45.61142],[-118.06253,45.61142],[-118.06253,45.61034],[-118.06215,45.61034],[-118.06215,45.61061],[-118.06138,45.61088],[-118.06138,45.61115],[-118.06099,45.61115],[-118.06099,45.61169],[-118.06138,45.61169],[-118.06138,45.61249],[-118.06061,45.61249],[-118.06061,45.61222],[-118.05983,45.61222],[-118.05983,45.61195],[-118.05906,45.61195],[-118.05906,45.61222],[-118.05791,45.61222],[-118.05791,45.61169],[-118.05598,45.61169],[-118.05598,45.61142],[-118.0556,45.61142],[-118.0556,45.61115],[-118.05483,45.61115],[-118.05483,45.61142],[-118.05367,45.61142],[-118.05367,45.61115],[-118.05406,45.61115],[-118.05406,45.61061],[-118.05444,45.61061],[-118.05444,45.61034],[-118.05367,45.61007],[-118.05367,45.61034],[-118.05329,45.61034],[-118.05329,45.61088],[-118.0529,45.61088],[-118.0529,45.61061],[-118.05252,45.61061],[-118.05252,45.61034],[-118.05213,45.61034],[-118.05213,45.6098],[-118.05367,45.60926],[-118.05367,45.60845],[-118.0529,45.60845],[-118.0529,45.60818],[-118.05175,45.60818],[-118.05175,45.60764],[-118.05059,45.60764],[-118.05059,45.60791],[-118.05021,45.60791],[-118.05021,45.60764],[-118.04982,45.60764],[-118.04982,45.6071],[-118.04944,45.6071],[-118.04944,45.60657],[-118.04905,45.60657],[-118.04905,45.6063],[-118.04944,45.6063],[-118.04944,45.60603],[-118.04867,45.60603],[-118.04867,45.6063],[-118.0479,45.6063],[-118.0479,45.60657],[-118.04751,45.60657],[-118.04751,45.60549],[-118.04713,45.60549],[-118.04713,45.60576],[-118.04636,45.60576],[-118.04636,45.60549],[-118.04559,45.60522],[-118.04559,45.60495],[-118.04674,45.60495],[-118.04674,45.60468],[-118.04713,45.60468],[-118.04713,45.60414],[-118.04674,45.60414],[-118.04674,45.60441],[-118.04482,45.60441],[-118.04482,45.60414],[-118.04443,45.60414],[-118.04443,45.60441],[-118.04405,45.60441],[-118.04405,45.60468],[-118.04366,45.60468],[-118.04366,45.60441],[-118.04289,45.60468],[-118.04289,45.60387],[-118.04212,45.60387],[-118.04212,45.6036],[-118.04174,45.6036],[-118.04174,45.60387],[-118.04097,45.60414],[-118.04097,45.60468],[-118.04174,45.60468],[-118.04174,45.60441],[-118.04212,45.60441],[-118.04212,45.60522],[-118.04174,45.60522],[-118.04174,45.60549],[-118.04135,45.60549],[-118.04135,45.60522],[-118.0402,45.60522],[-118.0402,45.60495],[-118.03866,45.60495],[-118.03866,45.60522],[-118.03789,45.60522],[-118.03789,45.60549],[-118.0375,45.60549],[-118.0375,45.60414],[-118.03712,45.60414],[-118.03712,45.60468],[-118.03673,45.60468],[-118.03673,45.60387],[-118.03635,45.60387],[-118.03635,45.60441],[-118.03596,45.60441],[-118.03596,45.60468],[-118.03635,45.60468],[-118.03635,45.60549],[-118.03596,45.60549],[-118.03596,45.60495],[-118.03558,45.60495],[-118.03558,45.60549],[-118.03519,45.60549],[-118.03519,45.60576],[-118.03442,45.60576],[-118.03442,45.60549],[-118.03365,45.60522],[-118.03365,45.60468],[-118.03442,45.60441],[-118.03442,45.60333],[-118.03211,45.60414],[-118.03211,45.6036],[-118.03134,45.6036],[-118.03134,45.60225],[-118.0298,45.60225],[-118.0298,45.60252],[-118.02788,45.60252],[-118.02788,45.60279],[-118.02711,45.60279],[-118.02711,45.60333],[-118.02672,45.60333],[-118.02672,45.6036],[-118.02595,45.6036],[-118.02595,45.60333],[-118.02364,45.6036],[-118.02364,45.60306],[-118.02326,45.60306],[-118.02326,45.60252],[-118.02364,45.60252],[-118.02364,45.60225],[-118.02595,45.60225],[-118.02595,45.60171],[-118.02634,45.60171],[-118.02634,45.60118],[-118.02711,45.60091],[-118.02711,45.60064],[-118.02672,45.60064],[-118.02672,45.60037],[-118.02634,45.60037],[-118.02634,45.60064],[-118.02557,45.60064],[-118.02557,45.60091],[-118.0248,45.60091],[-118.0248,45.60118],[-118.02403,45.60118],[-118.02403,45.60144],[-118.02326,45.60171],[-118.02326,45.60225],[-118.02017,45.60225],[-118.02017,45.60252],[-118.0194,45.60225],[-118.0194,45.60279],[-118.01748,45.60279],[-118.01748,45.60225],[-118.01786,45.60225],[-118.01786,45.60198],[-118.01863,45.60198],[-118.01863,45.60171],[-118.01902,45.60171],[-118.01902,45.60118],[-118.0194,45.60118],[-118.0194,45.60091],[-118.01979,45.60091],[-118.01979,45.60064],[-118.02017,45.60064],[-118.02017,45.60037],[-118.02056,45.60037],[-118.02056,45.6001],[-118.0194,45.6001],[-118.0194,45.60037],[-118.01902,45.60037],[-118.01902,45.60064],[-118.01863,45.60064],[-118.01863,45.60091],[-118.01825,45.60091],[-118.01825,45.60118],[-118.01748,45.60118],[-118.01748,45.60064],[-118.01709,45.60064],[-118.01709,45.6001],[-118.01671,45.6001],[-118.01671,45.60037],[-118.01632,45.60037],[-118.01632,45.60064],[-118.01594,45.60064],[-118.01594,45.60037],[-118.01555,45.60037],[-118.01555,45.59848],[-118.01324,45.59848],[-118.01324,45.5974],[-118.01247,45.5974],[-118.01247,45.59821],[-118.01286,45.59821],[-118.01286,45.59929],[-118.01209,45.59902],[-118.01209,45.59848],[-118.0117,45.59848],[-118.0117,45.59902],[-118.01093,45.59902],[-118.01093,45.59848],[-118.01016,45.59821],[-118.01016,45.5974],[-118.00978,45.5974],[-118.00978,45.59659],[-118.00901,45.59632],[-118.00901,45.59579],[-118.00862,45.59579],[-118.00862,45.59552],[-118.00747,45.59552],[-118.00747,45.59605],[-118.0067,45.59632],[-118.0067,45.59686],[-118.00554,45.59686],[-118.00554,45.59713],[-118.00516,45.59713],[-118.00516,45.59767],[-118.00554,45.59767],[-118.00554,45.59821],[-118.00477,45.59848],[-118.00477,45.59929],[-118.00554,45.59929],[-118.00554,45.59956],[-118.00477,45.59983],[-118.00477,45.60064],[-118.00516,45.60064],[-118.00516,45.60118],[-118.00554,45.60118],[-118.00554,45.60225],[-118.00516,45.60225],[-118.00516,45.60198],[-118.00477,45.60198],[-118.00477,45.60171],[-118.00439,45.60171],[-118.00439,45.60118],[-118.00362,45.60118],[-118.00362,45.60064],[-118.00323,45.60064],[-118.00323,45.60037],[-118.00362,45.60037],[-118.00362,45.59956],[-118.00285,45.59956],[-118.00285,45.59929],[-118.00246,45.59929],[-118.00246,45.59821],[-118.00285,45.59821],[-118.00285,45.59767],[-118.00169,45.59767],[-118.00169,45.59686],[-118.00131,45.59686],[-118.00131,45.59659],[-118.00054,45.59659],[-118.00054,45.59875],[-118.00092,45.59875],[-118.00092,45.59902],[-118.00054,45.59902],[-118.00054,45.60037],[-118.00015,45.60037],[-118.00015,45.59956],[-117.99861,45.59983],[-117.99861,45.59929],[-117.99823,45.59929],[-117.99823,45.59875],[-117.99707,45.59875],[-117.99707,45.59902],[-117.99669,45.59902],[-117.99669,45.59929],[-117.9963,45.59929],[-117.9963,45.59902],[-117.99592,45.59902],[-117.99592,45.59929],[-117.99399,45.59929],[-117.99399,45.59956],[-117.99322,45.59983],[-117.99322,45.6001],[-117.99284,45.6001],[-117.99284,45.59983],[-117.99207,45.59983],[-117.99207,45.59956],[-117.99091,45.59956],[-117.99091,45.59983],[-117.99014,45.59983],[-117.99014,45.59956],[-117.98976,45.59956],[-117.98976,45.60064],[-117.98937,45.60064],[-117.98937,45.60037],[-117.98822,45.60037],[-117.98822,45.60064],[-117.98783,45.60064],[-117.98783,45.60118],[-117.98745,45.60118],[-117.98745,45.60198],[-117.98706,45.60198],[-117.98706,45.6036],[-117.98745,45.6036],[-117.98745,45.60414],[-117.98668,45.60414],[-117.98668,45.60387],[-117.98629,45.60387],[-117.98629,45.60333],[-117.98591,45.60333],[-117.98591,45.60279],[-117.98514,45.60279],[-117.98514,45.60306],[-117.98437,45.60333],[-117.98437,45.6036],[-117.98591,45.6036],[-117.98591,45.60414],[-117.98629,45.60414],[-117.98629,45.60441],[-117.98591,45.60441],[-117.98591,45.60468],[-117.98629,45.60468],[-117.98629,45.60495],[-117.98706,45.60495],[-117.98706,45.60549],[-117.98437,45.60549],[-117.98437,45.60576],[-117.98398,45.60576],[-117.98398,45.6063],[-117.98359,45.6063],[-117.98359,45.6071],[-117.98321,45.6071],[-117.98321,45.60683],[-117.98282,45.60683],[-117.98282,45.60657],[-117.98205,45.60657],[-117.98205,45.60683],[-117.98244,45.60683],[-117.98244,45.60737],[-117.98282,45.60737],[-117.98282,45.60791],[-117.98321,45.60791],[-117.98321,45.60818],[-117.98282,45.60818],[-117.98282,45.60845],[-117.98321,45.60845],[-117.98321,45.60926],[-117.98244,45.60926],[-117.98244,45.60953],[-117.98205,45.60953],[-117.98205,45.6098],[-117.98244,45.6098],[-117.98244,45.61034],[-117.98321,45.61061],[-117.98321,45.61115],[-117.98244,45.61142],[-117.98244,45.61195],[-117.98051,45.61195],[-117.98051,45.61169],[-117.97974,45.61142],[-117.97974,45.61115],[-117.97897,45.61088],[-117.97897,45.61169],[-117.97974,45.61195],[-117.97974,45.61276],[-117.97859,45.61276],[-117.97859,45.61411],[-117.97743,45.61411],[-117.97743,45.6133],[-117.97782,45.6133],[-117.97782,45.61276],[-117.9782,45.61276],[-117.9782,45.61249],[-117.97782,45.61249],[-117.97782,45.61195],[-117.9782,45.61195],[-117.9782,45.61142],[-117.97782,45.61142],[-117.97782,45.61088],[-117.97743,45.61088],[-117.97743,45.61034],[-117.97666,45.61034],[-117.97666,45.61061],[-117.97589,45.61088],[-117.97589,45.61142],[-117.97628,45.61142],[-117.97628,45.61249],[-117.97589,45.61249],[-117.97589,45.61303],[-117.97666,45.6133],[-117.97666,45.61384],[-117.97512,45.61384],[-117.97512,45.61411],[-117.97435,45.61411],[-117.97435,45.61384],[-117.97358,45.61384],[-117.97358,45.61357],[-117.97204,45.6133],[-117.97204,45.61357],[-117.97127,45.61357],[-117.97127,45.61384],[-117.97089,45.61384],[-117.97089,45.61438],[-117.9705,45.61438],[-117.9705,45.61465],[-117.96973,45.61465],[-117.96973,45.61438],[-117.97012,45.61438],[-117.97012,45.61384],[-117.97089,45.61357],[-117.97089,45.61303],[-117.97204,45.61303],[-117.97204,45.61276],[-117.97281,45.61249],[-117.97281,45.61088],[-117.97243,45.61088],[-117.97243,45.61034],[-117.97204,45.61034],[-117.97204,45.60872],[-117.97127,45.60872],[-117.97127,45.60926],[-117.9705,45.60953],[-117.9705,45.61061],[-117.97127,45.61061],[-117.97127,45.61115],[-117.97089,45.61115],[-117.97089,45.61142],[-117.97012,45.61142],[-117.97012,45.61088],[-117.96896,45.61088],[-117.96896,45.61034],[-117.96858,45.61034],[-117.96858,45.61007],[-117.96781,45.61007],[-117.96781,45.6098],[-117.96742,45.6098],[-117.96742,45.61007],[-117.96665,45.61007],[-117.96665,45.6098],[-117.96627,45.6098],[-117.96627,45.60953],[-117.96742,45.60953],[-117.96742,45.60926],[-117.96781,45.60926],[-117.96781,45.60953],[-117.97012,45.60953],[-117.97012,45.60872],[-117.96704,45.60872],[-117.96704,45.60818],[-117.96665,45.60818],[-117.96665,45.60737],[-117.96627,45.60737],[-117.96627,45.60683],[-117.96588,45.60683],[-117.96588,45.6063],[-117.9655,45.6063],[-117.9655,45.60576],[-117.96627,45.60549],[-117.96627,45.60495],[-117.96704,45.60495],[-117.96704,45.60522],[-117.96742,45.60522],[-117.96742,45.60576],[-117.96819,45.60576],[-117.96819,45.60603],[-117.96858,45.60603],[-117.96858,45.60576],[-117.96935,45.60576],[-117.96935,45.60549],[-117.96973,45.60549],[-117.96973,45.60495],[-117.96935,45.60495],[-117.96935,45.60468],[-117.96896,45.60468],[-117.96896,45.60441],[-117.96704,45.60441],[-117.96704,45.60387],[-117.96665,45.60387],[-117.96665,45.6036],[-117.96704,45.6036],[-117.96704,45.60306],[-117.96627,45.60279],[-117.96627,45.60225],[-117.96588,45.60225],[-117.96588,45.60198],[-117.9655,45.60198],[-117.9655,45.60144],[-117.96511,45.60144],[-117.96511,45.60118],[-117.9655,45.60118],[-117.9655,45.60064],[-117.96588,45.60064],[-117.96588,45.60037],[-117.96627,45.60037],[-117.96627,45.6001],[-117.96511,45.6001],[-117.96511,45.59983],[-117.96473,45.59983],[-117.96473,45.59875],[-117.9655,45.59848],[-117.9655,45.59794],[-117.96627,45.59821],[-117.96627,45.59794],[-117.96665,45.59794],[-117.96665,45.5974],[-117.9655,45.5974],[-117.9655,45.59713],[-117.96627,45.59686],[-117.96627,45.59659],[-117.96588,45.59659],[-117.96588,45.59552],[-117.9655,45.59552],[-117.9655,45.59417],[-117.96511,45.59417],[-117.96511,45.59282],[-117.96473,45.59282],[-117.96473,45.59255],[-117.96434,45.59255],[-117.96434,45.59228],[-117.96511,45.59201],[-117.96511,45.59228],[-117.9655,45.59228],[-117.9655,45.59255],[-117.96588,45.59255],[-117.96588,45.59282],[-117.96627,45.59282],[-117.96627,45.59093],[-117.9655,45.59093],[-117.9655,45.58986],[-117.96665,45.58986],[-117.96665,45.58959],[-117.96704,45.58959],[-117.96704,45.58905],[-117.96742,45.58905],[-117.96742,45.58851],[-117.96704,45.58851],[-117.96704,45.58824],[-117.9655,45.58824],[-117.9655,45.5877],[-117.96588,45.5877],[-117.96588,45.58662],[-117.96627,45.58662],[-117.96627,45.58635],[-117.96704,45.58635],[-117.96704,45.58662],[-117.96781,45.58689],[-117.96781,45.58716],[-117.96858,45.58743],[-117.96858,45.5877],[-117.96896,45.5877],[-117.96896,45.58797],[-117.96935,45.58797],[-117.96935,45.58824],[-117.96973,45.58824],[-117.96973,45.58851],[-117.97012,45.58851],[-117.97012,45.58905],[-117.97089,45.58932],[-117.97089,45.58986],[-117.97127,45.58986],[-117.97127,45.59013],[-117.97204,45.59013],[-117.97204,45.5904],[-117.97281,45.59066],[-117.97281,45.59093],[-117.97358,45.59066],[-117.97358,45.58905],[-117.97397,45.58905],[-117.97397,45.58689],[-117.97435,45.58689],[-117.97435,45.58635],[-117.97474,45.58635],[-117.97474,45.58554],[-117.97512,45.58554],[-117.97512,45.58474],[-117.97589,45.58501],[-117.97589,45.58393],[-117.97666,45.58366],[-117.97666,45.58231],[-117.97589,45.58231],[-117.97589,45.58177],[-117.97551,45.58177],[-117.97551,45.58123],[-117.97512,45.58123],[-117.97512,45.58069],[-117.97551,45.58069],[-117.97551,45.58015],[-117.97474,45.57989],[-117.97474,45.57854],[-117.97435,45.57854],[-117.97435,45.57692],[-117.97512,45.57692],[-117.97512,45.57638],[-117.97589,45.57638],[-117.97589,45.57665],[-117.97666,45.57692],[-117.97666,45.5745],[-117.97743,45.57423],[-117.97743,45.57476],[-117.97782,45.57476],[-117.97782,45.57746],[-117.97859,45.57746],[-117.97859,45.57719],[-117.97897,45.57719],[-117.97897,45.5745],[-117.97936,45.5745],[-117.97936,45.57423],[-117.97974,45.57423],[-117.97974,45.57396],[-117.98013,45.57396],[-117.98013,45.57342],[-117.98051,45.57342],[-117.98051,45.57261],[-117.97974,45.57234],[-117.97974,45.5718],[-117.98051,45.5718],[-117.98051,45.57153],[-117.9809,45.57153],[-117.9809,45.57099],[-117.98051,45.57099],[-117.98051,45.57126],[-117.97936,45.57126],[-117.97936,45.57072],[-117.98013,45.57045],[-117.98013,45.56991],[-117.97974,45.56991],[-117.97974,45.56964],[-117.98013,45.56964],[-117.98013,45.56911],[-117.98167,45.56911],[-117.98167,45.56884],[-117.98205,45.56884],[-117.98205,45.56911],[-117.98282,45.56911],[-117.98282,45.56884],[-117.98321,45.56884],[-117.98321,45.56857],[-117.98475,45.56857],[-117.98475,45.5683],[-117.98514,45.5683],[-117.98514,45.56776],[-117.98552,45.56776],[-117.98552,45.56695],[-117.98514,45.56695],[-117.98514,45.56668],[-117.98437,45.56641],[-117.98437,45.56614],[-117.98398,45.56614],[-117.98398,45.5656],[-117.98359,45.5656],[-117.98359,45.56533],[-117.98398,45.56533],[-117.98398,45.56479],[-117.98359,45.56479],[-117.98359,45.56452],[-117.98437,45.56452],[-117.98437,45.56506],[-117.98514,45.56506],[-117.98514,45.56479],[-117.98552,45.56479],[-117.98552,45.56452],[-117.98591,45.56452],[-117.98591,45.56399],[-117.98629,45.56399],[-117.98629,45.56345],[-117.98668,45.56345],[-117.98668,45.56318],[-117.98783,45.56318],[-117.98783,45.56291],[-117.9886,45.56264],[-117.9886,45.5621],[-117.98937,45.5621],[-117.98937,45.56318],[-117.98976,45.56318],[-117.98976,45.56237],[-117.99168,45.56237],[-117.99168,45.56264],[-117.99322,45.56291],[-117.99322,45.56318],[-117.99361,45.56318],[-117.99361,45.56291],[-117.99476,45.56291],[-117.99476,45.56318],[-117.99746,45.56318],[-117.99746,45.56345],[-117.99784,45.56345],[-117.99784,45.56372],[-117.99861,45.56372],[-117.99861,45.56399],[-117.999,45.56399],[-117.999,45.56425],[-117.99977,45.56425],[-117.99977,45.56372],[-117.999,45.56372],[-117.999,45.56318],[-117.99938,45.56318],[-117.99938,45.56264],[-117.999,45.56264],[-117.999,45.56183],[-117.99977,45.56183],[-117.99977,45.56237],[-118.00054,45.56264],[-118.00054,45.56345],[-118.00015,45.56345],[-118.00015,45.56425],[-118.00054,45.56425],[-118.00054,45.56372],[-118.00092,45.56372],[-118.00092,45.56345],[-118.00131,45.56345],[-118.00131,45.56372],[-118.00208,45.56345],[-118.00208,45.56372],[-118.00285,45.56372],[-118.00285,45.56399],[-118.00323,45.56399],[-118.00323,45.56452],[-118.00362,45.56452],[-118.00362,45.56506],[-118.00439,45.56506],[-118.00439,45.56425],[-118.00593,45.56425],[-118.00593,45.56399],[-118.00554,45.56399],[-118.00554,45.56291],[-118.00631,45.56291],[-118.00631,45.56318],[-118.0067,45.56318],[-118.0067,45.56372],[-118.00631,45.56372],[-118.00631,45.56425],[-118.00747,45.56425],[-118.00747,45.56479],[-118.00901,45.56479],[-118.00901,45.56506],[-118.00978,45.56506],[-118.00978,45.56479],[-118.01016,45.56479],[-118.01016,45.56506],[-118.01209,45.56506],[-118.01209,45.56533],[-118.01286,45.5656],[-118.01286,45.56587],[-118.01247,45.56587],[-118.01247,45.56641],[-118.01324,45.56668],[-118.01324,45.56722],[-118.01517,45.56722],[-118.01517,45.56695],[-118.01594,45.56668],[-118.01594,45.56614],[-118.01517,45.56614],[-118.01517,45.56587],[-118.01478,45.56587],[-118.01478,45.5656],[-118.01632,45.5656],[-118.01632,45.56587],[-118.01748,45.56587],[-118.01748,45.5656],[-118.01902,45.56533],[-118.01902,45.56587],[-118.0194,45.56587],[-118.0194,45.5656],[-118.01979,45.5656],[-118.01979,45.56533],[-118.02094,45.56533],[-118.02094,45.56506],[-118.02249,45.56506],[-118.02249,45.56587],[-118.02364,45.56587],[-118.02364,45.56614],[-118.02326,45.56614],[-118.02326,45.56695],[-118.02249,45.56695],[-118.02249,45.56722],[-118.02287,45.56722],[-118.02287,45.56749],[-118.02326,45.56749],[-118.02326,45.56722],[-118.02403,45.56695],[-118.02403,45.56668],[-118.02441,45.56668],[-118.02441,45.56776],[-118.0248,45.56776],[-118.0248,45.56803],[-118.02557,45.56803],[-118.02557,45.56776],[-118.02595,45.56776],[-118.02595,45.56749],[-118.02711,45.56749],[-118.02711,45.56722],[-118.02749,45.56722],[-118.02749,45.56749],[-118.02788,45.56749],[-118.02788,45.56776],[-118.02865,45.56776],[-118.02865,45.5683],[-118.02826,45.5683],[-118.02826,45.56991],[-118.02788,45.56991],[-118.02788,45.57018],[-118.02711,45.57018],[-118.02711,45.57045],[-118.02788,45.57045],[-118.02788,45.57099],[-118.02826,45.57099],[-118.02826,45.57072],[-118.02903,45.57099],[-118.02903,45.57018],[-118.02865,45.57018],[-118.02865,45.56991],[-118.02903,45.56991],[-118.02903,45.56937],[-118.02942,45.56937],[-118.02942,45.56911],[-118.03019,45.56911],[-118.03019,45.56937],[-118.03057,45.56937],[-118.03057,45.56911],[-118.0325,45.56911],[-118.0325,45.56937],[-118.03173,45.56964],[-118.03173,45.56991],[-118.03096,45.56991],[-118.03096,45.57045],[-118.03057,45.57045],[-118.03057,45.57126],[-118.03134,45.57126],[-118.03134,45.57099],[-118.03173,45.57099],[-118.03173,45.5718],[-118.03211,45.5718],[-118.03211,45.57207],[-118.0325,45.57207],[-118.0325,45.57099],[-118.03327,45.57099],[-118.03327,45.57126],[-118.03404,45.57099],[-118.03404,45.57018],[-118.03442,45.57018],[-118.03442,45.57045],[-118.03596,45.57045],[-118.03596,45.57072],[-118.03519,45.57072],[-118.03519,45.57126],[-118.03481,45.57126],[-118.03481,45.57153],[-118.03442,45.57153],[-118.03442,45.5718],[-118.03404,45.5718],[-118.03404,45.57234],[-118.03327,45.57234],[-118.03327,45.57261],[-118.03404,45.57261],[-118.03404,45.57288],[-118.03481,45.57288],[-118.03481,45.57315],[-118.03519,45.57315],[-118.03519,45.57288],[-118.03635,45.57288],[-118.03635,45.57261],[-118.03673,45.57261],[-118.03673,45.57207],[-118.03712,45.57207],[-118.03712,45.5718],[-118.03789,45.5718],[-118.03789,45.57234],[-118.03712,45.57261],[-118.03712,45.57288],[-118.03635,45.57315],[-118.03635,45.57342],[-118.0375,45.57342],[-118.0375,45.57315],[-118.03827,45.57315],[-118.03827,45.57288],[-118.0402,45.57288],[-118.0402,45.57261],[-118.04097,45.57261],[-118.04097,45.57288],[-118.04328,45.57261],[-118.04328,45.57288],[-118.04251,45.57288],[-118.04251,45.57315],[-118.04212,45.57315],[-118.04212,45.57342],[-118.04251,45.57342],[-118.04251,45.5745],[-118.04328,45.5745],[-118.04328,45.57476],[-118.04405,45.57503],[-118.04405,45.5753],[-118.04443,45.5753],[-118.04443,45.57503],[-118.0452,45.5753],[-118.0452,45.57557],[-118.04366,45.57557],[-118.04366,45.57584],[-118.04405,45.57584],[-118.04405,45.57638],[-118.04443,45.57638],[-118.04443,45.57665],[-118.0452,45.57665],[-118.0452,45.57692],[-118.04482,45.57692],[-118.04482,45.57746],[-118.04443,45.57746],[-118.04443,45.57773],[-118.04482,45.57773],[-118.04482,45.57827],[-118.0452,45.57827],[-118.0452,45.57854],[-118.04597,45.57854],[-118.04597,45.57935],[-118.04636,45.57935],[-118.04636,45.57962],[-118.04828,45.57962],[-118.04828,45.57989],[-118.04867,45.57989],[-118.04867,45.58015],[-118.04905,45.58015],[-118.04905,45.58042],[-118.04944,45.58042],[-118.04944,45.58069],[-118.04905,45.58069],[-118.04905,45.58123],[-118.04944,45.58123],[-118.04944,45.58177],[-118.04982,45.58177],[-118.04982,45.58285],[-118.05021,45.58285],[-118.05021,45.58339],[-118.05059,45.58339],[-118.05059,45.58366],[-118.05175,45.58366],[-118.05175,45.58393],[-118.05213,45.58393],[-118.05213,45.58339],[-118.0529,45.58339],[-118.0529,45.58366],[-118.05329,45.58366],[-118.05329,45.5842],[-118.05252,45.5842],[-118.05252,45.58501],[-118.05213,45.58501],[-118.05213,45.58554],[-118.04982,45.58554],[-118.04982,45.58528],[-118.04944,45.58528],[-118.04944,45.58635],[-118.04982,45.58635],[-118.04982,45.58662],[-118.05059,45.58689],[-118.05059,45.58716],[-118.05136,45.58716],[-118.05136,45.58743],[-118.05098,45.58743],[-118.05098,45.5877],[-118.04944,45.5877],[-118.04944,45.58824],[-118.05021,45.58797],[-118.05021,45.58878],[-118.05059,45.58878],[-118.05059,45.58932],[-118.05136,45.58932],[-118.05136,45.5904],[-118.05175,45.5904],[-118.05175,45.59093],[-118.05252,45.59066],[-118.05252,45.59013],[-118.05329,45.59013],[-118.05329,45.5912],[-118.05483,45.5912],[-118.05483,45.59201],[-118.05521,45.59201],[-118.05521,45.59282],[-118.05483,45.59282]],[[-117.98976,45.59902],[-117.98937,45.59902],[-117.98937,45.59956],[-117.98976,45.59956],[-117.98976,45.59902]],[[-117.98205,45.60926],[-117.98128,45.60926],[-117.98128,45.60953],[-117.98205,45.60953],[-117.98205,45.60926]],[[-117.96781,45.58851],[-117.96781,45.58824],[-117.96742,45.58824],[-117.96742,45.58851],[-117.96781,45.58851]],[[-117.96627,45.58689],[-117.96665,45.58689],[-117.96665,45.58662],[-117.96627,45.58662],[-117.96627,45.58689]],[[-117.96665,45.58743],[-117.96704,45.58743],[-117.96704,45.58689],[-117.96665,45.58689],[-117.96665,45.58743]],[[-117.97897,45.57746],[-117.97936,45.57746],[-117.97936,45.578],[-117.97897,45.578],[-117.97897,45.57827],[-117.97859,45.57827],[-117.97859,45.57854],[-117.9782,45.57854],[-117.9782,45.57881],[-117.97859,45.57881],[-117.97859,45.57908],[-117.97897,45.57908],[-117.97897,45.57881],[-117.97936,45.57881],[-117.97936,45.57854],[-117.97974,45.57854],[-117.97974,45.578],[-117.98013,45.578],[-117.98013,45.57746],[-117.98051,45.57746],[-117.98051,45.57719],[-117.97897,45.57719],[-117.97897,45.57746]],[[-117.98128,45.57099],[-117.98128,45.57018],[-117.9809,45.57018],[-117.9809,45.57099],[-117.98128,45.57099]],[[-118.02249,45.56668],[-118.0221,45.56668],[-118.0221,45.56695],[-118.02249,45.56695],[-118.02249,45.56668]],[[-118.02171,45.56695],[-118.02171,45.56722],[-118.0221,45.56722],[-118.0221,45.56695],[-118.02171,45.56695]],[[-118.05406,45.59201],[-118.05406,45.59228],[-118.05329,45.59255],[-118.05329,45.59282],[-118.05406,45.59282],[-118.05406,45.59255],[-118.05483,45.59228],[-118.05483,45.59201],[-118.05406,45.59201]],[[-118.05791,45.61142],[-118.05868,45.61142],[-118.05868,45.61088],[-118.05791,45.61088],[-118.05791,45.61142]],[[-117.97897,45.61061],[-117.97936,45.61061],[-117.97936,45.61034],[-117.97897,45.61034],[-117.97897,45.61061]],[[-118.05521,45.60845],[-118.05444,45.60872],[-118.05444,45.60899],[-118.05483,45.60899],[-118.05483,45.6098],[-118.05444,45.6098],[-118.05444,45.61007],[-118.0556,45.61007],[-118.0556,45.60926],[-118.05521,45.60926],[-118.05521,45.60845]],[[-117.97782,45.60926],[-117.97705,45.60899],[-117.97705,45.60926],[-117.97666,45.60926],[-117.97666,45.61007],[-117.97743,45.61007],[-117.97743,45.6098],[-117.97782,45.6098],[-117.97782,45.60926]],[[-118.05406,45.60845],[-118.05444,45.60845],[-118.05444,45.60764],[-118.05406,45.60764],[-118.05406,45.60845]],[[-117.96973,45.60683],[-117.96935,45.60683],[-117.96935,45.60791],[-117.97012,45.60791],[-117.97012,45.6071],[-117.96973,45.6071],[-117.96973,45.60683]],[[-118.05059,45.60737],[-118.05136,45.60737],[-118.05136,45.60683],[-118.05059,45.60683],[-118.05059,45.60737]],[[-117.97166,45.6071],[-117.97204,45.6071],[-117.97204,45.60683],[-117.97166,45.60683],[-117.97166,45.6071]],[[-118.06215,45.60576],[-118.06292,45.60549],[-118.06292,45.60495],[-118.06253,45.60495],[-118.06253,45.60468],[-118.06176,45.60441],[-118.06176,45.60414],[-118.06138,45.60414],[-118.06138,45.60468],[-118.06176,45.60468],[-118.06176,45.60576],[-118.06138,45.60576],[-118.06138,45.6063],[-118.06099,45.6063],[-118.06099,45.60657],[-118.06176,45.60657],[-118.06176,45.6063],[-118.06215,45.6063],[-118.06215,45.60576]],[[-117.98475,45.60414],[-117.98437,45.60414],[-117.98437,45.60468],[-117.98552,45.60468],[-117.98552,45.60441],[-117.98475,45.60441],[-117.98475,45.60414]],[[-117.98244,45.60441],[-117.98205,45.60441],[-117.98205,45.60468],[-117.98321,45.60468],[-117.98321,45.60414],[-117.98244,45.60414],[-117.98244,45.60441]],[[-118.03943,45.60306],[-118.03866,45.60306],[-118.03866,45.60333],[-118.03789,45.6036],[-118.03789,45.60414],[-118.03904,45.60414],[-118.03904,45.60387],[-118.03981,45.60387],[-118.03981,45.6036],[-118.04097,45.6036],[-118.04097,45.60279],[-118.04058,45.60279],[-118.04058,45.60252],[-118.0402,45.60252],[-118.0402,45.60279],[-118.03943,45.60279],[-118.03943,45.60306]],[[-118.0402,45.60225],[-118.03981,45.60225],[-118.03981,45.60252],[-118.0402,45.60252],[-118.0402,45.60225]],[[-118.03173,45.60144],[-118.03134,45.60144],[-118.03134,45.60171],[-118.03173,45.60171],[-118.03173,45.60144]],[[-118.03134,45.60118],[-118.03096,45.60118],[-118.03096,45.60144],[-118.03134,45.60144],[-118.03134,45.60118]],[[-118.02403,45.59929],[-118.02364,45.59929],[-118.02364,45.59875],[-118.02249,45.59875],[-118.02249,45.59902],[-118.0221,45.59902],[-118.0221,45.59983],[-118.02249,45.59983],[-118.02249,45.6001],[-118.02364,45.6001],[-118.02364,45.59983],[-118.02403,45.59983],[-118.02403,45.59929]],[[-118.004,45.59579],[-118.00323,45.59579],[-118.00323,45.59632],[-118.00362,45.59632],[-118.00362,45.59605],[-118.004,45.59605],[-118.004,45.59579]],[[-118.00477,45.59579],[-118.00516,45.59579],[-118.00516,45.59552],[-118.00477,45.59552],[-118.00477,45.59579]],[[-118.00169,45.59471],[-118.00015,45.59471],[-118.00015,45.59552],[-118.00131,45.59552],[-118.00131,45.59525],[-118.00169,45.59525],[-118.00169,45.59471]],[[-118.00477,45.59363],[-118.00439,45.59363],[-118.00439,45.59336],[-118.00323,45.59336],[-118.00323,45.59363],[-118.00285,45.59363],[-118.00285,45.5939],[-118.00246,45.5939],[-118.00246,45.59498],[-118.004,45.59498],[-118.004,45.59471],[-118.00477,45.59471],[-118.00477,45.59363]],[[-117.999,45.5939],[-117.99823,45.59363],[-117.99823,45.59282],[-117.99784,45.59282],[-117.99784,45.59255],[-117.99707,45.59255],[-117.99707,45.59228],[-117.9963,45.59228],[-117.9963,45.59201],[-117.99553,45.59174],[-117.99553,45.59228],[-117.99592,45.59228],[-117.99592,45.59255],[-117.9963,45.59255],[-117.9963,45.59282],[-117.99707,45.59282],[-117.99707,45.59336],[-117.99784,45.59363],[-117.99784,45.59444],[-117.99823,45.59444],[-117.99823,45.59498],[-117.99861,45.59498],[-117.99861,45.59444],[-117.999,45.59444],[-117.999,45.5939]],[[-118.05406,45.5939],[-118.05444,45.5939],[-118.05444,45.59336],[-118.05406,45.59336],[-118.05406,45.5939]],[[-117.999,45.58986],[-117.99823,45.58986],[-117.99823,45.59013],[-117.99861,45.59013],[-117.99861,45.5904],[-117.999,45.5904],[-117.999,45.59066],[-117.99938,45.59066],[-117.99938,45.59013],[-117.999,45.59013],[-117.999,45.58986]],[[-117.99361,45.59013],[-117.99399,45.59013],[-117.99399,45.58986],[-117.99361,45.58986],[-117.99361,45.59013]],[[-117.99553,45.58797],[-117.99515,45.58797],[-117.99515,45.5877],[-117.99476,45.5877],[-117.99476,45.58743],[-117.99399,45.58743],[-117.99399,45.58797],[-117.99476,45.58797],[-117.99476,45.58824],[-117.99515,45.58824],[-117.99515,45.58851],[-117.99592,45.58851],[-117.99592,45.58824],[-117.99553,45.58824],[-117.99553,45.58797]],[[-117.99284,45.58716],[-117.99245,45.58716],[-117.99245,45.58662],[-117.99207,45.58662],[-117.99207,45.58635],[-117.99168,45.58635],[-117.99168,45.58662],[-117.9913,45.58662],[-117.9913,45.58689],[-117.99091,45.58689],[-117.99091,45.58743],[-117.9913,45.58743],[-117.9913,45.5877],[-117.99245,45.5877],[-117.99245,45.58743],[-117.99284,45.58743],[-117.99284,45.58716]],[[-117.98937,45.58635],[-117.98976,45.58635],[-117.98976,45.58608],[-117.98937,45.58608],[-117.98937,45.58635]],[[-118.02364,45.58608],[-118.02403,45.58608],[-118.02403,45.58581],[-118.02364,45.58581],[-118.02364,45.58608]],[[-118.02171,45.58581],[-118.0221,45.58581],[-118.0221,45.58554],[-118.02171,45.58554],[-118.02171,45.58581]],[[-118.01748,45.58581],[-118.01786,45.58581],[-118.01786,45.58554],[-118.01748,45.58554],[-118.01748,45.58581]],[[-118.01671,45.58554],[-118.01709,45.58554],[-118.01709,45.58528],[-118.01671,45.58528],[-118.01671,45.58554]],[[-117.98783,45.58554],[-117.98822,45.58554],[-117.98822,45.58501],[-117.98783,45.58501],[-117.98783,45.58554]],[[-118.01709,45.58501],[-118.01748,45.58501],[-118.01748,45.58474],[-118.01709,45.58474],[-118.01709,45.58501]],[[-117.98899,45.58366],[-117.98822,45.58339],[-117.98822,45.58312],[-117.98706,45.58312],[-117.98706,45.58366],[-117.98783,45.58366],[-117.98783,45.58393],[-117.9886,45.5842],[-117.9886,45.58447],[-117.98937,45.58447],[-117.98937,45.58393],[-117.98899,45.58393],[-117.98899,45.58366]],[[-118.02364,45.58312],[-118.02403,45.58312],[-118.02403,45.58285],[-118.02364,45.58285],[-118.02364,45.58312]],[[-118.01363,45.58312],[-118.01401,45.58312],[-118.01401,45.58285],[-118.01363,45.58285],[-118.01363,45.58312]],[[-118.02403,45.58258],[-118.02441,45.58258],[-118.02441,45.58231],[-118.02403,45.58231],[-118.02403,45.58258]],[[-118.01324,45.58258],[-118.01363,45.58258],[-118.01363,45.58177],[-118.01324,45.58177],[-118.01324,45.58258]],[[-118.02287,45.5815],[-118.02326,45.5815],[-118.02326,45.58123],[-118.02287,45.58123],[-118.02287,45.5815]],[[-118.0144,45.58123],[-118.01478,45.58123],[-118.01478,45.58096],[-118.0144,45.58096],[-118.0144,45.58123]],[[-117.98668,45.58042],[-117.98591,45.58069],[-117.98591,45.58123],[-117.98706,45.58123],[-117.98706,45.58069],[-117.98668,45.58069],[-117.98668,45.58042]],[[-117.97974,45.58015],[-117.97974,45.58042],[-117.9782,45.58042],[-117.9782,45.58123],[-117.97897,45.58123],[-117.97897,45.58096],[-117.97936,45.58096],[-117.97936,45.58069],[-117.98051,45.58069],[-117.98051,45.58042],[-117.9809,45.58042],[-117.9809,45.57989],[-117.98051,45.57989],[-117.98051,45.58015],[-117.97974,45.58015]],[[-117.98128,45.57989],[-117.98128,45.57962],[-117.9809,45.57962],[-117.9809,45.57989],[-117.98128,45.57989]],[[-117.98629,45.57908],[-117.98552,45.57935],[-117.98552,45.57989],[-117.98591,45.57989],[-117.98591,45.58015],[-117.98668,45.58015],[-117.98668,45.57962],[-117.98629,45.57962],[-117.98629,45.57908]],[[-118.04482,45.57854],[-118.04443,45.57854],[-118.04443,45.57827],[-118.04366,45.578],[-118.04366,45.57773],[-118.04289,45.57746],[-118.04289,45.57719],[-118.04174,45.57719],[-118.04174,45.57746],[-118.04135,45.57746],[-118.04135,45.57773],[-118.04212,45.57773],[-118.04212,45.57827],[-118.04289,45.57827],[-118.04289,45.57881],[-118.04328,45.57881],[-118.04328,45.57989],[-118.04482,45.57962],[-118.04482,45.57854]],[[-118.01363,45.57935],[-118.01401,45.57935],[-118.01401,45.57881],[-118.01363,45.57881],[-118.01363,45.57935]],[[-117.97666,45.57908],[-117.97705,45.57908],[-117.97705,45.57881],[-117.97666,45.57881],[-117.97666,45.57908]],[[-118.02017,45.57881],[-118.02056,45.57881],[-118.02056,45.57854],[-118.02017,45.57854],[-118.02017,45.57881]],[[-118.01902,45.57854],[-118.0194,45.57854],[-118.0194,45.57827],[-118.01902,45.57827],[-118.01902,45.57854]],[[-118.01401,45.57854],[-118.0144,45.57854],[-118.0144,45.57827],[-118.01401,45.57827],[-118.01401,45.57854]],[[-117.97628,45.57854],[-117.97666,45.57854],[-117.97666,45.57773],[-117.97628,45.57773],[-117.97628,45.57854]],[[-118.01786,45.578],[-118.01825,45.578],[-118.01825,45.57773],[-118.01786,45.57773],[-118.01786,45.578]],[[-118.01671,45.57773],[-118.01709,45.57773],[-118.01709,45.57746],[-118.01671,45.57746],[-118.01671,45.57773]],[[-117.98629,45.57692],[-117.98668,45.57692],[-117.98668,45.57665],[-117.98629,45.57665],[-117.98629,45.57638],[-117.98591,45.57638],[-117.98591,45.57665],[-117.98514,45.57665],[-117.98514,45.57746],[-117.98591,45.57773],[-117.98591,45.57746],[-117.98629,45.57746],[-117.98629,45.57692]],[[-118.03943,45.57611],[-118.03827,45.57611],[-118.03827,45.57638],[-118.03789,45.57638],[-118.03789,45.57665],[-118.03981,45.57665],[-118.03981,45.57638],[-118.03943,45.57638],[-118.03943,45.57611]],[[-118.03635,45.57665],[-118.03712,45.57665],[-118.03712,45.57638],[-118.03635,45.57638],[-118.03635,45.57665]],[[-117.97974,45.57611],[-117.98013,45.57611],[-117.98013,45.57584],[-117.97974,45.57584],[-117.97974,45.57611]],[[-117.98706,45.57396],[-117.98629,45.57423],[-117.98629,45.57503],[-117.98552,45.5753],[-117.98552,45.57584],[-117.98668,45.57584],[-117.98668,45.57557],[-117.98706,45.57557],[-117.98706,45.57396]],[[-118.0402,45.57503],[-118.03981,45.57503],[-118.03981,45.57476],[-118.03943,45.57476],[-118.03943,45.5745],[-118.03904,45.5745],[-118.03904,45.57396],[-118.03866,45.57396],[-118.03866,45.57423],[-118.03827,45.57423],[-118.03827,45.5745],[-118.03866,45.5745],[-118.03866,45.57476],[-118.03789,45.57476],[-118.03789,45.57503],[-118.0375,45.57503],[-118.0375,45.57557],[-118.04058,45.57557],[-118.04058,45.5753],[-118.0402,45.5753],[-118.0402,45.57503]],[[-118.04097,45.57396],[-118.04174,45.57396],[-118.04174,45.57342],[-118.04097,45.57342],[-118.04097,45.57396]],[[-117.98783,45.57261],[-117.98668,45.57261],[-117.98668,45.57342],[-117.98745,45.57369],[-117.98745,45.57342],[-117.98783,45.57342],[-117.98783,45.57261]],[[-117.98822,45.57018],[-117.9886,45.57018],[-117.9886,45.56911],[-117.98783,45.56884],[-117.98783,45.56911],[-117.98745,45.56911],[-117.98745,45.57072],[-117.98706,45.57072],[-117.98706,45.57126],[-117.98668,45.57126],[-117.98668,45.5718],[-117.98706,45.5718],[-117.98706,45.57207],[-117.98745,45.57207],[-117.98745,45.57234],[-117.98783,45.57234],[-117.98783,45.57153],[-117.98822,45.57153],[-117.98822,45.57018]],[[-118.0298,45.5718],[-118.03057,45.5718],[-118.03057,45.57153],[-118.0298,45.57153],[-118.0298,45.5718]],[[-117.98976,45.5718],[-117.99014,45.5718],[-117.99014,45.57126],[-117.98976,45.57126],[-117.98976,45.5718]],[[-117.99284,45.57045],[-117.99245,45.57045],[-117.99245,45.57153],[-117.99322,45.57153],[-117.99322,45.57126],[-117.99284,45.57126],[-117.99284,45.57045]],[[-117.98321,45.57018],[-117.98282,45.57018],[-117.98282,45.57072],[-117.98398,45.57072],[-117.98398,45.57045],[-117.98321,45.57045],[-117.98321,45.57018]],[[-118.01863,45.56884],[-118.01902,45.56884],[-118.01902,45.5683],[-118.01863,45.5683],[-118.01863,45.56884]],[[-118.01979,45.56695],[-118.02017,45.56695],[-118.02017,45.56641],[-118.02056,45.56641],[-118.02056,45.56614],[-118.02094,45.56614],[-118.02094,45.56587],[-118.01979,45.56587],[-118.01979,45.56614],[-118.01863,45.56614],[-118.01863,45.56641],[-118.01825,45.56641],[-118.01825,45.56614],[-118.01748,45.56614],[-118.01748,45.56668],[-118.01825,45.56695],[-118.01825,45.56749],[-118.0194,45.56749],[-118.0194,45.56722],[-118.01979,45.56722],[-118.01979,45.56695]],[[-117.98706,45.56614],[-117.98629,45.56614],[-117.98629,45.56587],[-117.98514,45.56587],[-117.98514,45.56614],[-117.98591,45.56641],[-117.98591,45.56668],[-117.98783,45.56668],[-117.98783,45.56641],[-117.98706,45.56641],[-117.98706,45.56614]],[[-117.98783,45.56452],[-117.98706,45.56452],[-117.98706,45.56479],[-117.98668,45.56479],[-117.98668,45.56506],[-117.98745,45.56506],[-117.98745,45.56479],[-117.98783,45.56479],[-117.98783,45.56452]],[[-117.99168,45.56399],[-117.99207,45.56399],[-117.99207,45.56372],[-117.99168,45.56372],[-117.99168,45.56399]]],[[[-118.00708,45.59767],[-118.00708,45.5974],[-118.0067,45.5974],[-118.0067,45.59686],[-118.00824,45.59686],[-118.00824,45.59794],[-118.00747,45.59794],[-118.00747,45.59767],[-118.00708,45.59767]]],[[[-118.06022,45.59821],[-118.06022,45.59848],[-118.06061,45.59848],[-118.06061,45.59902],[-118.05983,45.59929],[-118.05983,45.59821],[-118.06022,45.59821]]],[[[-118.00708,45.60171],[-118.00708,45.60091],[-118.0067,45.60091],[-118.0067,45.6001],[-118.00631,45.6001],[-118.00631,45.59956],[-118.00554,45.59929],[-118.00554,45.59902],[-118.00593,45.59902],[-118.00593,45.59875],[-118.0067,45.59875],[-118.0067,45.59983],[-118.00708,45.59983],[-118.00708,45.60037],[-118.00747,45.60037],[-118.00747,45.60118],[-118.00824,45.60144],[-118.00824,45.60171],[-118.00785,45.60171],[-118.00785,45.60225],[-118.00747,45.60225],[-118.00747,45.60171],[-118.00708,45.60171]]],[[[-118.01671,45.60091],[-118.01671,45.60064],[-118.01709,45.60064],[-118.01709,45.60118],[-118.01632,45.60118],[-118.01632,45.60091],[-118.01671,45.60091]]],[[[-118.02326,45.60306],[-118.02326,45.6036],[-118.02287,45.6036],[-118.02287,45.60306],[-118.02326,45.60306]]],[[[-118.03134,45.6036],[-118.03134,45.60414],[-118.03096,45.60414],[-118.03096,45.6036],[-118.03134,45.6036]]]]},"properties":{"layer":"predicted_reach_h24","fire_name":"Middle_Ridge","irwin_id":"{2088689D-42B8-4A31-85B6-2CADB59BA127}","model":"arrival_run","checkpoint_epoch":216,"decode":"connected_causal","operating_point":{"floor":0.0,"mult":0.9},"val_precision":null,"val_recall":null,"model_caveat":"arrival_run chosen for best RECALL among the six FlameFlux v3 candidates on the production-valid t0-window corpus (R=0.624 on the fc2 held-out fires, R=0.432 on Dillon -- see candidate_comparison.md from the 2026-07-24 comparison). It does NOT meet the project's P>=0.50/R>=0.80 target: precision is the WORST of the six (P=0.120 on fc2 -- most flagged growth is wrong), and wind_run actually edges it on F1. IMPORTANT CAVEAT: arrival_run trained on the leaky 'observed' corpus (crop centered/sized on t0|t1, i.e. it saw the future perimeter's geometry during training) and has NEVER seen a t0-window crop -- the ONLY geometry this live pipeline can ever produce at forecast time (the future perimeter is, by definition, unknown). So every live prediction from this model is out-of-distribution relative to its own training. The measured t0-window numbers above already reflect that (they are not a surprise), but this is 'best available', not 'production-ready' -- represent it that way. The operating_point (floor=0.0, mult=0.9) is the VAL-selected connected-causal decode point; it did NOT clear the 0.50 precision floor during selection (feasible=False, val P=0.270/R=0.259) -- it's the best-F1 fallback point, not a precision-guaranteed one.","issued_at_utc":"2026-08-23 20:05:07.672141+00:00","valid_from_utc":"2026-08-23 00:00:00","valid_to_utc":"2026-08-24 00:00:00","wfigs_date_current_utc":"2026-08-23 16:41:28.079000+00:00","pixel_size_m":30,"veg_source":"refreshed_d4","physics_source":"eikonal_fbfm40","history_n_dates":1,"degraded_history":true,"containment_pct":0.0,"acres_wfigs":138.34560634370422,"hour":24,"valid_at_utc":"2026-08-24 00:00:00"}}]}