{"type":"FeatureCollection","features":[{"type":"Feature","geometry":{"type":"MultiPolygon","coordinates":[[[[-118.30709,47.94561],[-118.30709,47.94588],[-118.30669,47.94588],[-118.30669,47.94561],[-118.30709,47.94561]]],[[[-118.3087,47.94534],[-118.3099,47.94534],[-118.3099,47.94561],[-118.31111,47.94561],[-118.31111,47.94534],[-118.31151,47.94534],[-118.31151,47.94561],[-118.31191,47.94561],[-118.31191,47.94588],[-118.31111,47.94588],[-118.31111,47.94615],[-118.31031,47.94615],[-118.31031,47.94642],[-118.3099,47.94642],[-118.3099,47.94588],[-118.3087,47.94588],[-118.3087,47.94534]]],[[[-118.30829,47.94615],[-118.3091,47.94615],[-118.3091,47.94642],[-118.30789,47.94642],[-118.30789,47.94588],[-118.30829,47.94588],[-118.30829,47.94615]]],[[[-118.3095,47.94669],[-118.3095,47.94642],[-118.3099,47.94642],[-118.3099,47.94669],[-118.3095,47.94669]]],[[[-118.3095,47.94669],[-118.3095,47.94723],[-118.3091,47.94723],[-118.3091,47.94669],[-118.3095,47.94669]]],[[[-118.3099,47.9475],[-118.3095,47.9475],[-118.3095,47.94723],[-118.3099,47.94723],[-118.3099,47.9475]]],[[[-118.30709,47.94804],[-118.30548,47.94804],[-118.30548,47.9475],[-118.30669,47.9475],[-118.30669,47.94777],[-118.30749,47.94777],[-118.30749,47.94804],[-118.30789,47.94804],[-118.30789,47.94912],[-118.30749,47.94912],[-118.30749,47.94831],[-118.30709,47.94831],[-118.30709,47.94804]]],[[[-118.30669,47.94939],[-118.30628,47.94939],[-118.30628,47.94912],[-118.30669,47.94912],[-118.30669,47.94939]]],[[[-118.28497,47.91516],[-118.28698,47.91516],[-118.28698,47.91543],[-118.28899,47.91543],[-118.28899,47.9157],[-118.2902,47.9157],[-118.2902,47.91597],[-118.291,47.91597],[-118.291,47.91516],[-118.2914,47.91516],[-118.2914,47.91462],[-118.29181,47.91462],[-118.29181,47.91435],[-118.29261,47.91408],[-118.29261,47.91381],[-118.29342,47.91381],[-118.29342,47.91354],[-118.29382,47.91354],[-118.29382,47.91381],[-118.29422,47.91381],[-118.29422,47.91408],[-118.29462,47.91408],[-118.29462,47.91435],[-118.29502,47.91435],[-118.29502,47.91462],[-118.29543,47.91462],[-118.29543,47.91489],[-118.29623,47.91516],[-118.29623,47.91489],[-118.29663,47.91489],[-118.29663,47.91462],[-118.29703,47.91462],[-118.29703,47.91435],[-118.29784,47.91435],[-118.29784,47.91408],[-118.29824,47.91408],[-118.29824,47.91354],[-118.29784,47.91354],[-118.29784,47.91327],[-118.29744,47.91327],[-118.29744,47.91274],[-118.29663,47.91247],[-118.29663,47.91139],[-118.29703,47.91139],[-118.29703,47.91031],[-118.29864,47.91031],[-118.29864,47.91058],[-118.30065,47.91058],[-118.30065,47.91031],[-118.30146,47.91004],[-118.30146,47.90977],[-118.30186,47.90977],[-118.30186,47.9095],[-118.30226,47.9095],[-118.30226,47.90977],[-118.30347,47.90977],[-118.30347,47.91004],[-118.30588,47.91031],[-118.30588,47.91058],[-118.30628,47.91058],[-118.30628,47.91139],[-118.30669,47.91139],[-118.30669,47.91247],[-118.30588,47.91274],[-118.30588,47.913],[-118.30508,47.913],[-118.30508,47.91327],[-118.30427,47.91327],[-118.30427,47.91354],[-118.30387,47.91354],[-118.30387,47.91408],[-118.30347,47.91408],[-118.30347,47.91435],[-118.30266,47.91462],[-118.30266,47.91489],[-118.30146,47.91489],[-118.30146,47.91516],[-118.29985,47.91516],[-118.29985,47.91543],[-118.29703,47.91543],[-118.29703,47.9157],[-118.29623,47.9157],[-118.29623,47.91597],[-118.29502,47.91597],[-118.29502,47.91624],[-118.29342,47.91651],[-118.29342,47.91678],[-118.29301,47.91678],[-118.29301,47.91705],[-118.29261,47.91705],[-118.29261,47.91732],[-118.29221,47.91732],[-118.29221,47.91759],[-118.2914,47.91786],[-118.2914,47.91813],[-118.291,47.91813],[-118.291,47.91839],[-118.2902,47.91839],[-118.2902,47.91866],[-118.2898,47.91866],[-118.2898,47.91893],[-118.28939,47.91893],[-118.28939,47.9192],[-118.28859,47.9192],[-118.28859,47.91947],[-118.28819,47.91947],[-118.28819,47.91974],[-118.28779,47.91974],[-118.28779,47.92001],[-118.28698,47.92001],[-118.28698,47.92028],[-118.28618,47.92028],[-118.28618,47.92055],[-118.28537,47.92055],[-118.28537,47.92082],[-118.28457,47.92109],[-118.28457,47.91813],[-118.28497,47.91813],[-118.28497,47.91516]]],[[[-118.28457,47.92729],[-118.28417,47.92729],[-118.28417,47.92702],[-118.28457,47.92702],[-118.28457,47.92729]]],[[[-118.25561,47.96421],[-118.25401,47.96394],[-118.25401,47.96367],[-118.2536,47.96367],[-118.2536,47.96313],[-118.2532,47.96313],[-118.2532,47.96286],[-118.2524,47.96286],[-118.2524,47.96259],[-118.24958,47.96259],[-118.24958,47.96286],[-118.24797,47.96286],[-118.24797,47.96259],[-118.24717,47.96259],[-118.24717,47.96232],[-118.24677,47.96232],[-118.24677,47.96205],[-118.24637,47.96205],[-118.24637,47.96151],[-118.24556,47.96124],[-118.24556,47.96044],[-118.24476,47.96017],[-118.24476,47.95936],[-118.24395,47.95936],[-118.24395,47.95882],[-118.24315,47.95855],[-118.24315,47.95801],[-118.24355,47.95801],[-118.24355,47.9572],[-118.24315,47.9572],[-118.24315,47.95666],[-118.24234,47.95666],[-118.24234,47.95639],[-118.24315,47.95612],[-118.24315,47.95585],[-118.24275,47.95585],[-118.24275,47.95558],[-118.24234,47.95558],[-118.24234,47.95532],[-118.24275,47.95532],[-118.24275,47.95505],[-118.24315,47.95505],[-118.24315,47.95478],[-118.24355,47.95478],[-118.24355,47.95505],[-118.24516,47.95505],[-118.24516,47.95478],[-118.24556,47.95478],[-118.24556,47.95451],[-118.24476,47.95451],[-118.24476,47.9537],[-118.24154,47.9537],[-118.24154,47.95208],[-118.24194,47.95208],[-118.24194,47.95154],[-118.24114,47.95154],[-118.24114,47.951],[-118.24154,47.951],[-118.24154,47.95073],[-118.24234,47.95046],[-118.24234,47.951],[-118.24275,47.951],[-118.24275,47.95127],[-118.24435,47.95127],[-118.24435,47.951],[-118.24395,47.951],[-118.24395,47.95046],[-118.24355,47.95046],[-118.24355,47.95019],[-118.24516,47.95019],[-118.24516,47.95181],[-118.24556,47.95181],[-118.24556,47.95235],[-118.24637,47.95235],[-118.24637,47.95208],[-118.24677,47.95208],[-118.24677,47.95181],[-118.24717,47.95181],[-118.24717,47.95154],[-118.24757,47.95154],[-118.24757,47.95127],[-118.24677,47.951],[-118.24677,47.95019],[-118.24596,47.95019],[-118.24596,47.94993],[-118.24556,47.94993],[-118.24556,47.94966],[-118.24596,47.94966],[-118.24596,47.94939],[-118.24556,47.94939],[-118.24556,47.94912],[-118.24516,47.94912],[-118.24516,47.94939],[-118.24395,47.94939],[-118.24395,47.94912],[-118.24476,47.94912],[-118.24476,47.94858],[-118.24516,47.94858],[-118.24516,47.94831],[-118.24596,47.94831],[-118.24596,47.94777],[-118.24556,47.94777],[-118.24556,47.94696],[-118.24637,47.94696],[-118.24637,47.9475],[-118.24717,47.9475],[-118.24717,47.94777],[-118.24677,47.94777],[-118.24677,47.94831],[-118.24637,47.94831],[-118.24637,47.94858],[-118.24797,47.94858],[-118.24797,47.94831],[-118.24838,47.94831],[-118.24838,47.9475],[-118.24797,47.9475],[-118.24797,47.94669],[-118.24838,47.94669],[-118.24838,47.94696],[-118.24878,47.94696],[-118.24878,47.94858],[-118.24918,47.94858],[-118.24918,47.94885],[-118.24958,47.94885],[-118.24958,47.94912],[-118.25079,47.94912],[-118.25079,47.94939],[-118.24998,47.94966],[-118.24998,47.94993],[-118.25039,47.94993],[-118.25039,47.95019],[-118.25079,47.95019],[-118.25079,47.94993],[-118.2528,47.94993],[-118.2528,47.94885],[-118.25159,47.94885],[-118.25159,47.94858],[-118.25119,47.94858],[-118.25119,47.94804],[-118.252,47.94804],[-118.252,47.94831],[-118.2524,47.94831],[-118.2524,47.94858],[-118.2536,47.94858],[-118.2536,47.94831],[-118.25481,47.94831],[-118.25481,47.94804],[-118.25521,47.94804],[-118.25521,47.94777],[-118.25602,47.94777],[-118.25602,47.9475],[-118.25481,47.9475],[-118.25481,47.94723],[-118.2532,47.94696],[-118.2532,47.94642],[-118.25441,47.94642],[-118.25441,47.94615],[-118.25401,47.94615],[-118.25401,47.94534],[-118.25481,47.94507],[-118.25481,47.94454],[-118.25401,47.94454],[-118.25401,47.94427],[-118.2536,47.94427],[-118.2536,47.944],[-118.25441,47.94373],[-118.25441,47.944],[-118.25481,47.944],[-118.25481,47.94427],[-118.25521,47.94427],[-118.25521,47.94454],[-118.25642,47.94454],[-118.25642,47.94481],[-118.25602,47.94481],[-118.25602,47.94507],[-118.25521,47.94534],[-118.25521,47.94561],[-118.25561,47.94561],[-118.25561,47.94615],[-118.25602,47.94615],[-118.25602,47.94642],[-118.25682,47.94642],[-118.25682,47.94615],[-118.25722,47.94615],[-118.25722,47.94454],[-118.25763,47.94454],[-118.25763,47.94211],[-118.25722,47.94211],[-118.25722,47.9413],[-118.25803,47.94103],[-118.25803,47.94022],[-118.25883,47.93995],[-118.25883,47.93942],[-118.25923,47.93942],[-118.25923,47.93915],[-118.25964,47.93915],[-118.25964,47.93888],[-118.26044,47.93861],[-118.26044,47.93807],[-118.26124,47.9378],[-118.26124,47.93726],[-118.26165,47.93726],[-118.26165,47.93672],[-118.26205,47.93672],[-118.26205,47.93645],[-118.26165,47.93645],[-118.26165,47.93564],[-118.26366,47.93564],[-118.26366,47.93537],[-118.26848,47.93564],[-118.26848,47.9351],[-118.26889,47.9351],[-118.26889,47.93483],[-118.26929,47.93483],[-118.26929,47.93456],[-118.26969,47.93456],[-118.26969,47.93483],[-118.2725,47.93483],[-118.2725,47.93456],[-118.27291,47.93456],[-118.27291,47.93429],[-118.27331,47.93429],[-118.27331,47.93403],[-118.27572,47.93403],[-118.27572,47.93376],[-118.27612,47.93376],[-118.27612,47.93295],[-118.27653,47.93295],[-118.27653,47.93241],[-118.27813,47.93241],[-118.27813,47.93214],[-118.27894,47.93187],[-118.27894,47.93079],[-118.27854,47.93079],[-118.27854,47.92971],[-118.27974,47.92971],[-118.27974,47.92944],[-118.28095,47.92944],[-118.28095,47.92917],[-118.28256,47.92917],[-118.28256,47.9289],[-118.28376,47.9289],[-118.28376,47.92864],[-118.28457,47.92864],[-118.28457,47.92837],[-118.28497,47.92837],[-118.28497,47.92675],[-118.28577,47.92675],[-118.28577,47.92648],[-118.28698,47.92648],[-118.28698,47.92621],[-118.28738,47.92621],[-118.28738,47.9254],[-118.28698,47.9254],[-118.28698,47.92459],[-118.28658,47.92459],[-118.28658,47.92298],[-118.28698,47.92298],[-118.28698,47.92244],[-118.28738,47.92244],[-118.28738,47.9219],[-118.28779,47.9219],[-118.28779,47.92109],[-118.28939,47.92109],[-118.28939,47.92136],[-118.29181,47.92136],[-118.29181,47.92378],[-118.29221,47.92378],[-118.29221,47.92352],[-118.29301,47.92325],[-118.29301,47.9219],[-118.29422,47.9219],[-118.29422,47.92163],[-118.29462,47.92163],[-118.29462,47.92136],[-118.29583,47.92136],[-118.29583,47.92109],[-118.29663,47.92109],[-118.29663,47.92082],[-118.29784,47.92082],[-118.29784,47.92055],[-118.29945,47.92028],[-118.29945,47.92001],[-118.29985,47.92001],[-118.29985,47.91974],[-118.30025,47.91974],[-118.30025,47.91947],[-118.30065,47.91947],[-118.30065,47.9192],[-118.30106,47.9192],[-118.30106,47.91893],[-118.30146,47.91893],[-118.30146,47.91839],[-118.30226,47.91813],[-118.30226,47.91759],[-118.30307,47.91732],[-118.30307,47.91705],[-118.30387,47.91705],[-118.30387,47.91678],[-118.30468,47.91678],[-118.30468,47.91651],[-118.30548,47.91651],[-118.30548,47.91624],[-118.30628,47.91624],[-118.30628,47.91597],[-118.30709,47.91597],[-118.30709,47.9157],[-118.30749,47.9157],[-118.30749,47.91516],[-118.30709,47.91516],[-118.30709,47.91462],[-118.30829,47.91462],[-118.30829,47.91435],[-118.3091,47.91435],[-118.3091,47.91408],[-118.3095,47.91408],[-118.3095,47.91381],[-118.3099,47.91381],[-118.3099,47.913],[-118.31071,47.913],[-118.31071,47.91274],[-118.31191,47.91274],[-118.31191,47.91247],[-118.31232,47.91247],[-118.31232,47.9122],[-118.31312,47.9122],[-118.31312,47.91193],[-118.31553,47.91166],[-118.31553,47.91139],[-118.31634,47.91112],[-118.31634,47.91085],[-118.31795,47.91058],[-118.31795,47.91031],[-118.31835,47.91031],[-118.31835,47.91004],[-118.31875,47.91004],[-118.31875,47.9095],[-118.31955,47.90923],[-118.31955,47.90842],[-118.31875,47.90815],[-118.31875,47.90788],[-118.31915,47.90788],[-118.31915,47.90761],[-118.32036,47.90761],[-118.32036,47.90788],[-118.32197,47.90788],[-118.32197,47.90761],[-118.32438,47.90761],[-118.32438,47.90735],[-118.32599,47.90735],[-118.32599,47.90708],[-118.32719,47.90708],[-118.32719,47.90681],[-118.32961,47.90654],[-118.32961,47.90627],[-118.33001,47.90627],[-118.33001,47.906],[-118.33242,47.90573],[-118.33242,47.906],[-118.33282,47.906],[-118.33282,47.90627],[-118.33363,47.90627],[-118.33363,47.90681],[-118.33403,47.90681],[-118.33403,47.90708],[-118.33443,47.90708],[-118.33443,47.90735],[-118.33484,47.90735],[-118.33484,47.90815],[-118.33524,47.90815],[-118.33524,47.90869],[-118.33564,47.90869],[-118.33564,47.90923],[-118.33644,47.90923],[-118.33644,47.91031],[-118.33604,47.91031],[-118.33604,47.91085],[-118.33564,47.91085],[-118.33564,47.91139],[-118.33524,47.91139],[-118.33524,47.91166],[-118.33484,47.91166],[-118.33484,47.91193],[-118.33443,47.91193],[-118.33443,47.9122],[-118.33403,47.9122],[-118.33403,47.91247],[-118.33363,47.91247],[-118.33363,47.91274],[-118.33323,47.91274],[-118.33323,47.913],[-118.33282,47.913],[-118.33282,47.91354],[-118.33242,47.91354],[-118.33242,47.91435],[-118.33202,47.91435],[-118.33202,47.91462],[-118.33162,47.91462],[-118.33162,47.91489],[-118.33081,47.91516],[-118.33081,47.9157],[-118.33041,47.9157],[-118.33041,47.91597],[-118.33001,47.91597],[-118.33001,47.91624],[-118.32961,47.91624],[-118.32961,47.91651],[-118.32921,47.91651],[-118.32921,47.91678],[-118.3288,47.91678],[-118.3288,47.91705],[-118.3284,47.91705],[-118.3284,47.91732],[-118.3276,47.91759],[-118.3276,47.91813],[-118.32719,47.91813],[-118.32719,47.91839],[-118.32599,47.91839],[-118.32599,47.91813],[-118.32398,47.91813],[-118.32398,47.91786],[-118.32237,47.91786],[-118.32237,47.91759],[-118.32036,47.91759],[-118.32036,47.91786],[-118.32076,47.91786],[-118.32076,47.91839],[-118.32116,47.91839],[-118.32116,47.9192],[-118.32157,47.9192],[-118.32157,47.91974],[-118.32237,47.92001],[-118.32237,47.92055],[-118.32277,47.92055],[-118.32277,47.92082],[-118.32719,47.92082],[-118.32719,47.92136],[-118.32679,47.92136],[-118.32679,47.92325],[-118.32639,47.92325],[-118.32639,47.92378],[-118.32679,47.92378],[-118.32679,47.92432],[-118.32719,47.92432],[-118.32719,47.92459],[-118.3276,47.92459],[-118.3276,47.9254],[-118.32639,47.9254],[-118.32639,47.92567],[-118.32559,47.92594],[-118.32559,47.92621],[-118.32478,47.92621],[-118.32478,47.92648],[-118.32438,47.92648],[-118.32438,47.92702],[-118.32398,47.92702],[-118.32398,47.92756],[-118.32358,47.92756],[-118.32358,47.9281],[-118.32317,47.9281],[-118.32317,47.92837],[-118.32277,47.92837],[-118.32277,47.9289],[-118.32197,47.92917],[-118.32197,47.92971],[-118.32157,47.92971],[-118.32157,47.93052],[-118.32116,47.93052],[-118.32116,47.93268],[-118.31996,47.93268],[-118.31996,47.93295],[-118.31714,47.93295],[-118.31714,47.93268],[-118.31513,47.93268],[-118.31513,47.93241],[-118.31392,47.93241],[-118.31392,47.93214],[-118.31151,47.93187],[-118.31151,47.93214],[-118.31111,47.93214],[-118.31111,47.93241],[-118.31031,47.93241],[-118.31031,47.93268],[-118.3095,47.93295],[-118.3095,47.93322],[-118.3087,47.93322],[-118.3087,47.93376],[-118.3095,47.93376],[-118.3095,47.93403],[-118.3099,47.93403],[-118.3099,47.93429],[-118.31031,47.93429],[-118.31031,47.93456],[-118.31071,47.93456],[-118.31071,47.93483],[-118.31111,47.93483],[-118.31111,47.9351],[-118.31191,47.9351],[-118.31191,47.93537],[-118.31312,47.93537],[-118.31312,47.93564],[-118.31433,47.93564],[-118.31433,47.93591],[-118.31513,47.93591],[-118.31513,47.93726],[-118.31553,47.93726],[-118.31553,47.94049],[-118.31513,47.94049],[-118.31513,47.94103],[-118.31433,47.9413],[-118.31433,47.94157],[-118.31352,47.94157],[-118.31352,47.94184],[-118.31312,47.94184],[-118.31312,47.94211],[-118.31272,47.94211],[-118.31272,47.94238],[-118.31312,47.94238],[-118.31312,47.94265],[-118.31272,47.94265],[-118.31272,47.94292],[-118.31191,47.94292],[-118.31191,47.944],[-118.31031,47.944],[-118.31031,47.94427],[-118.3099,47.94427],[-118.3099,47.94454],[-118.30829,47.94454],[-118.30829,47.94481],[-118.30669,47.94481],[-118.30669,47.94507],[-118.30588,47.94507],[-118.30588,47.94534],[-118.30548,47.94534],[-118.30548,47.94561],[-118.30508,47.94561],[-118.30508,47.94615],[-118.30427,47.94615],[-118.30427,47.94642],[-118.30387,47.94642],[-118.30387,47.94696],[-118.30347,47.94696],[-118.30347,47.9475],[-118.30307,47.9475],[-118.30307,47.94804],[-118.30266,47.94804],[-118.30266,47.94885],[-118.30226,47.94885],[-118.30226,47.94966],[-118.30186,47.94966],[-118.30186,47.94993],[-118.30146,47.94993],[-118.30146,47.95019],[-118.30106,47.95019],[-118.30106,47.95046],[-118.30065,47.95046],[-118.30065,47.95073],[-118.30025,47.95073],[-118.30025,47.951],[-118.29945,47.95127],[-118.29945,47.95154],[-118.29905,47.95154],[-118.29905,47.95181],[-118.29864,47.95181],[-118.29864,47.95208],[-118.29824,47.95208],[-118.29824,47.95235],[-118.29784,47.95235],[-118.29784,47.95208],[-118.29543,47.95208],[-118.29543,47.95235],[-118.29382,47.95235],[-118.29382,47.95262],[-118.29301,47.95289],[-118.29301,47.95316],[-118.29221,47.95343],[-118.29221,47.9537],[-118.29181,47.9537],[-118.29181,47.95397],[-118.291,47.95397],[-118.291,47.95424],[-118.2906,47.95424],[-118.2906,47.95451],[-118.2902,47.95451],[-118.2902,47.95478],[-118.28899,47.95478],[-118.28899,47.95505],[-118.28175,47.95505],[-118.28175,47.95532],[-118.27813,47.95532],[-118.27813,47.95558],[-118.27773,47.95558],[-118.27773,47.95612],[-118.27733,47.95612],[-118.27733,47.9572],[-118.27693,47.9572],[-118.27693,47.95828],[-118.27653,47.95828],[-118.27653,47.95882],[-118.27612,47.95882],[-118.27612,47.95936],[-118.27653,47.95936],[-118.27653,47.95963],[-118.27612,47.95963],[-118.27612,47.96017],[-118.27572,47.96017],[-118.27572,47.96044],[-118.27612,47.96044],[-118.27612,47.96071],[-118.27492,47.96071],[-118.27492,47.96097],[-118.27452,47.96097],[-118.27452,47.96151],[-118.27291,47.96151],[-118.27291,47.96124],[-118.2709,47.96124],[-118.2709,47.96097],[-118.26969,47.96097],[-118.26969,47.96124],[-118.26808,47.96151],[-118.26808,47.96178],[-118.26768,47.96178],[-118.26768,47.96205],[-118.26687,47.96205],[-118.26687,47.96232],[-118.26647,47.96232],[-118.26647,47.96259],[-118.26486,47.96286],[-118.26486,47.96367],[-118.26446,47.96367],[-118.26446,47.96394],[-118.26406,47.96394],[-118.26406,47.96421],[-118.26326,47.96421],[-118.26326,47.96448],[-118.26044,47.96448],[-118.26044,47.96475],[-118.25803,47.96475],[-118.25803,47.96448],[-118.25561,47.96448],[-118.25561,47.96421]]],[[[-118.25079,47.94534],[-118.25159,47.94534],[-118.25159,47.94507],[-118.2524,47.94534],[-118.2524,47.94561],[-118.252,47.94561],[-118.252,47.94696],[-118.25119,47.94696],[-118.25119,47.94561],[-118.25079,47.94561],[-118.25079,47.94534]]],[[[-118.30427,47.94912],[-118.30508,47.94912],[-118.30508,47.94939],[-118.30548,47.94939],[-118.30548,47.94966],[-118.30669,47.94966],[-118.30669,47.94939],[-118.30709,47.94939],[-118.30709,47.94993],[-118.30468,47.94993],[-118.30468,47.94966],[-118.30427,47.94966],[-118.30427,47.94912]]],[[[-118.24234,47.95532],[-118.24194,47.95532],[-118.24194,47.95505],[-118.24234,47.95505],[-118.24234,47.95532]]],[[[-118.27331,47.96205],[-118.27291,47.96205],[-118.27291,47.96232],[-118.2721,47.96232],[-118.2721,47.96178],[-118.27331,47.96178],[-118.27331,47.96205]]]]},"properties":{"layer":"observed_perimeter","fire_name":"Mitre_Rock","irwin_id":"{C11A3685-C035-4241-A17C-8076EE99619D}","model":"arrival_run","checkpoint_epoch":216,"decode":"connected_causal","operating_point":{"floor":0.0,"mult":0.9},"val_precision":null,"val_recall":null,"model_caveat":"arrival_run chosen for best RECALL among the six FlameFlux v3 candidates on the production-valid t0-window corpus (R=0.624 on the fc2 held-out fires, R=0.432 on Dillon -- see candidate_comparison.md from the 2026-07-24 comparison). It does NOT meet the project's P>=0.50/R>=0.80 target: precision is the WORST of the six (P=0.120 on fc2 -- most flagged growth is wrong), and wind_run actually edges it on F1. IMPORTANT CAVEAT: arrival_run trained on the leaky 'observed' corpus (crop centered/sized on t0|t1, i.e. it saw the future perimeter's geometry during training) and has NEVER seen a t0-window crop -- the ONLY geometry this live pipeline can ever produce at forecast time (the future perimeter is, by definition, unknown). So every live prediction from this model is out-of-distribution relative to its own training. The measured t0-window numbers above already reflect that (they are not a surprise), but this is 'best available', not 'production-ready' -- represent it that way. The operating_point (floor=0.0, mult=0.9) is the VAL-selected connected-causal decode point; it did NOT clear the 0.50 precision floor during selection (feasible=False, val P=0.270/R=0.259) -- it's the best-F1 fallback point, not a precision-guaranteed one.","issued_at_utc":"2026-08-05 10:59:55.016141+00:00","valid_from_utc":"2026-08-05 00:00:00","valid_to_utc":"2026-08-06 00:00:00","wfigs_date_current_utc":"2026-08-05 10:16:25+00:00","pixel_size_m":30,"veg_source":"refreshed_d4","physics_source":"eikonal_fbfm40","history_n_dates":4,"degraded_history":false,"containment_pct":0.0,"acres_wfigs":4439.297279101989}},{"type":"Feature","geometry":{"type":"MultiPolygon","coordinates":[[[[-118.33282,47.90492],[-118.33242,47.90492],[-118.33242,47.90465],[-118.33282,47.90465],[-118.33282,47.90492]]],[[[-118.33122,47.90492],[-118.33001,47.90492],[-118.33001,47.90465],[-118.33122,47.90465],[-118.33122,47.90492]]],[[[-118.29221,47.913],[-118.29181,47.913],[-118.29181,47.91274],[-118.29221,47.91274],[-118.29221,47.913]]],[[[-118.29502,47.91193],[-118.29462,47.91193],[-118.29462,47.91139],[-118.29382,47.91139],[-118.29382,47.91112],[-118.29543,47.91112],[-118.29543,47.91058],[-118.29583,47.91058],[-118.29583,47.91004],[-118.29623,47.91004],[-118.29623,47.90977],[-118.29703,47.90977],[-118.29703,47.9095],[-118.30025,47.9095],[-118.30025,47.90896],[-118.30186,47.90896],[-118.30186,47.90869],[-118.30226,47.90869],[-118.30226,47.90842],[-118.30266,47.90842],[-118.30266,47.90815],[-118.30427,47.90788],[-118.30427,47.90761],[-118.30508,47.90761],[-118.30508,47.90735],[-118.30628,47.90735],[-118.30628,47.90708],[-118.30709,47.90708],[-118.30709,47.90681],[-118.30749,47.90681],[-118.30749,47.906],[-118.30829,47.906],[-118.30829,47.90573],[-118.31031,47.90573],[-118.31031,47.90546],[-118.31191,47.90546],[-118.31191,47.90519],[-118.31312,47.90519],[-118.31312,47.90492],[-118.31352,47.90492],[-118.31352,47.90519],[-118.31392,47.90519],[-118.31392,47.90492],[-118.31433,47.90492],[-118.31433,47.90519],[-118.31473,47.90519],[-118.31473,47.90492],[-118.31513,47.90492],[-118.31513,47.90519],[-118.31714,47.90519],[-118.31714,47.90492],[-118.31835,47.90492],[-118.31835,47.90465],[-118.31875,47.90465],[-118.31875,47.90492],[-118.31996,47.90492],[-118.31996,47.90519],[-118.32076,47.90519],[-118.32076,47.90546],[-118.32116,47.90546],[-118.32116,47.90573],[-118.32237,47.90573],[-118.32237,47.90546],[-118.32317,47.90519],[-118.32317,47.90384],[-118.32358,47.90384],[-118.32358,47.90249],[-118.32478,47.90249],[-118.32478,47.90276],[-118.32559,47.90276],[-118.32559,47.90303],[-118.32639,47.9033],[-118.32639,47.90384],[-118.32559,47.90384],[-118.32559,47.90411],[-118.32599,47.90411],[-118.32599,47.90627],[-118.3276,47.90573],[-118.3276,47.90519],[-118.32961,47.90519],[-118.32961,47.90492],[-118.33001,47.90492],[-118.33001,47.90519],[-118.33122,47.90519],[-118.33122,47.90492],[-118.33242,47.90492],[-118.33242,47.90519],[-118.33282,47.90519],[-118.33282,47.90492],[-118.33323,47.90492],[-118.33323,47.90519],[-118.33363,47.90519],[-118.33363,47.90492],[-118.33443,47.90465],[-118.33443,47.90411],[-118.33484,47.90411],[-118.33484,47.90465],[-118.33564,47.90465],[-118.33564,47.90519],[-118.33604,47.90519],[-118.33604,47.906],[-118.33564,47.906],[-118.33564,47.90627],[-118.33644,47.90627],[-118.33644,47.90654],[-118.33604,47.90654],[-118.33604,47.90681],[-118.33644,47.90681],[-118.33644,47.90735],[-118.33685,47.90735],[-118.33685,47.90788],[-118.33765,47.90788],[-118.33765,47.90815],[-118.33805,47.90815],[-118.33805,47.90842],[-118.33966,47.90869],[-118.33966,47.9095],[-118.34006,47.9095],[-118.34006,47.91004],[-118.34047,47.91004],[-118.34047,47.91058],[-118.34087,47.91058],[-118.34087,47.91112],[-118.34127,47.91112],[-118.34127,47.91166],[-118.34167,47.91166],[-118.34167,47.9122],[-118.34087,47.9122],[-118.34087,47.91166],[-118.34006,47.91139],[-118.34006,47.91166],[-118.33966,47.91166],[-118.33966,47.91247],[-118.33886,47.91247],[-118.33886,47.91274],[-118.33926,47.91274],[-118.33926,47.91327],[-118.33966,47.91327],[-118.33966,47.91408],[-118.33886,47.91408],[-118.33886,47.91462],[-118.33926,47.91462],[-118.33926,47.91516],[-118.33886,47.91516],[-118.33886,47.91597],[-118.33805,47.91624],[-118.33805,47.91651],[-118.33725,47.91651],[-118.33725,47.91678],[-118.33564,47.91678],[-118.33564,47.91732],[-118.33604,47.91732],[-118.33604,47.91813],[-118.33564,47.91813],[-118.33564,47.91839],[-118.33443,47.91839],[-118.33443,47.91813],[-118.33363,47.91813],[-118.33363,47.91839],[-118.33403,47.91839],[-118.33403,47.91866],[-118.33484,47.91866],[-118.33484,47.91893],[-118.33524,47.91893],[-118.33524,47.9192],[-118.33484,47.9192],[-118.33484,47.91947],[-118.33564,47.91947],[-118.33564,47.92028],[-118.33604,47.92028],[-118.33604,47.92055],[-118.33564,47.92055],[-118.33564,47.92136],[-118.33484,47.92136],[-118.33484,47.9219],[-118.33443,47.9219],[-118.33443,47.92244],[-118.33403,47.92244],[-118.33403,47.92298],[-118.33242,47.92325],[-118.33242,47.92459],[-118.33323,47.92486],[-118.33323,47.92621],[-118.33282,47.92621],[-118.33282,47.92675],[-118.33162,47.92675],[-118.33162,47.92783],[-118.33202,47.92783],[-118.33202,47.9281],[-118.33122,47.9281],[-118.33122,47.92864],[-118.33041,47.92864],[-118.33041,47.9289],[-118.33001,47.9289],[-118.33001,47.92971],[-118.32921,47.92971],[-118.32921,47.93079],[-118.32961,47.93079],[-118.32961,47.93133],[-118.3288,47.9316],[-118.3288,47.93214],[-118.3284,47.93214],[-118.3284,47.93295],[-118.32921,47.93322],[-118.32921,47.93376],[-118.33001,47.93376],[-118.33001,47.93429],[-118.33041,47.93429],[-118.33041,47.93537],[-118.33081,47.93537],[-118.33081,47.93618],[-118.33041,47.93618],[-118.33041,47.93753],[-118.33081,47.93753],[-118.33081,47.9378],[-118.33041,47.9378],[-118.33041,47.93807],[-118.33081,47.93807],[-118.33081,47.93834],[-118.33041,47.93834],[-118.33041,47.93888],[-118.33122,47.93915],[-118.33122,47.93968],[-118.33202,47.93968],[-118.33202,47.94022],[-118.33242,47.94022],[-118.33242,47.94076],[-118.33282,47.94076],[-118.33282,47.9413],[-118.33323,47.9413],[-118.33323,47.94157],[-118.33282,47.94157],[-118.33282,47.94184],[-118.33323,47.94184],[-118.33323,47.94211],[-118.33282,47.94211],[-118.33282,47.94238],[-118.33323,47.94238],[-118.33323,47.94265],[-118.33282,47.94265],[-118.33282,47.94346],[-118.33323,47.94346],[-118.33323,47.944],[-118.33363,47.944],[-118.33363,47.94454],[-118.33403,47.94454],[-118.33403,47.94481],[-118.33363,47.94481],[-118.33363,47.94588],[-118.33403,47.94588],[-118.33403,47.94615],[-118.33443,47.94615],[-118.33443,47.94642],[-118.33484,47.94642],[-118.33484,47.94669],[-118.33403,47.94696],[-118.33403,47.9475],[-118.33484,47.94777],[-118.33484,47.94804],[-118.33443,47.94804],[-118.33443,47.94831],[-118.33484,47.94831],[-118.33484,47.94912],[-118.33403,47.94912],[-118.33403,47.94939],[-118.33484,47.94939],[-118.33484,47.94993],[-118.33524,47.94993],[-118.33524,47.95019],[-118.33644,47.95019],[-118.33644,47.94993],[-118.33725,47.94993],[-118.33725,47.94966],[-118.33765,47.94966],[-118.33765,47.94993],[-118.33845,47.94993],[-118.33845,47.95046],[-118.33886,47.95046],[-118.33886,47.95208],[-118.33926,47.95208],[-118.33926,47.95235],[-118.34006,47.95235],[-118.34006,47.95262],[-118.34047,47.95262],[-118.34047,47.95289],[-118.34087,47.95289],[-118.34087,47.9537],[-118.34047,47.9537],[-118.34047,47.95424],[-118.34006,47.95424],[-118.34006,47.95478],[-118.34167,47.95478],[-118.34167,47.95505],[-118.34087,47.95505],[-118.34087,47.95558],[-118.34047,47.95558],[-118.34047,47.95639],[-118.34087,47.95639],[-118.34087,47.95666],[-118.34047,47.95666],[-118.34047,47.95693],[-118.34087,47.95693],[-118.34087,47.95774],[-118.34047,47.95774],[-118.34047,47.95882],[-118.34087,47.95882],[-118.34087,47.95936],[-118.34047,47.95936],[-118.34047,47.96017],[-118.33966,47.96044],[-118.33966,47.96071],[-118.34006,47.96071],[-118.34006,47.96124],[-118.34047,47.96124],[-118.34047,47.96151],[-118.34167,47.96151],[-118.34167,47.96259],[-118.34207,47.96259],[-118.34207,47.96313],[-118.34167,47.96313],[-118.34167,47.96394],[-118.34127,47.96394],[-118.34127,47.96448],[-118.34087,47.96448],[-118.34087,47.96529],[-118.34047,47.96529],[-118.34047,47.96744],[-118.34006,47.96744],[-118.34006,47.96771],[-118.33926,47.96798],[-118.33926,47.96825],[-118.33845,47.96852],[-118.33845,47.96906],[-118.33926,47.96906],[-118.33926,47.9696],[-118.33886,47.9696],[-118.33886,47.96987],[-118.33644,47.96987],[-118.33644,47.97041],[-118.33685,47.97041],[-118.33685,47.97148],[-118.33765,47.97148],[-118.33765,47.97202],[-118.33805,47.97202],[-118.33805,47.97256],[-118.33926,47.97256],[-118.33926,47.97364],[-118.33886,47.97364],[-118.33886,47.97391],[-118.33805,47.97391],[-118.33805,47.97418],[-118.33725,47.97418],[-118.33725,47.97445],[-118.33685,47.97445],[-118.33685,47.97472],[-118.33644,47.97472],[-118.33644,47.97499],[-118.33604,47.97499],[-118.33604,47.97526],[-118.33524,47.97553],[-118.33524,47.97634],[-118.33604,47.97661],[-118.33604,47.97687],[-118.33403,47.97687],[-118.33403,47.97714],[-118.33282,47.97714],[-118.33282,47.97741],[-118.33242,47.97741],[-118.33242,47.97795],[-118.33162,47.97795],[-118.33162,47.97849],[-118.33122,47.97849],[-118.33122,47.97876],[-118.33323,47.97876],[-118.33323,47.97903],[-118.33484,47.97903],[-118.33484,47.9793],[-118.33604,47.9793],[-118.33604,47.97957],[-118.33725,47.97957],[-118.33725,47.9793],[-118.33765,47.9793],[-118.33765,47.97957],[-118.33886,47.97957],[-118.33886,47.98011],[-118.33926,47.98011],[-118.33926,47.98065],[-118.33966,47.98065],[-118.33966,47.98092],[-118.33926,47.98092],[-118.33926,47.98226],[-118.33966,47.98226],[-118.33966,47.98253],[-118.33926,47.98253],[-118.33926,47.9828],[-118.33966,47.9828],[-118.33966,47.98361],[-118.33926,47.98361],[-118.33926,47.98415],[-118.33805,47.98415],[-118.33805,47.98226],[-118.33725,47.98226],[-118.33725,47.98253],[-118.33685,47.98253],[-118.33685,47.98307],[-118.33644,47.98307],[-118.33644,47.98334],[-118.33564,47.98334],[-118.33564,47.98361],[-118.33484,47.98334],[-118.33484,47.98361],[-118.33443,47.98361],[-118.33443,47.98388],[-118.33484,47.98388],[-118.33484,47.98442],[-118.33524,47.98442],[-118.33524,47.98469],[-118.33443,47.98469],[-118.33443,47.98442],[-118.33403,47.98442],[-118.33403,47.98415],[-118.33323,47.98388],[-118.33323,47.98415],[-118.33242,47.98415],[-118.33242,47.98442],[-118.33202,47.98442],[-118.33202,47.98469],[-118.33162,47.98469],[-118.33162,47.98496],[-118.33122,47.98496],[-118.33122,47.9855],[-118.33081,47.9855],[-118.33081,47.98604],[-118.33041,47.98604],[-118.33041,47.98631],[-118.33001,47.98631],[-118.33001,47.98658],[-118.32961,47.98658],[-118.32961,47.98712],[-118.3288,47.98738],[-118.3288,47.98792],[-118.3284,47.98792],[-118.3284,47.98846],[-118.328,47.98846],[-118.328,47.989],[-118.3276,47.989],[-118.3276,47.99062],[-118.328,47.99062],[-118.328,47.99089],[-118.3288,47.99116],[-118.3288,47.99197],[-118.3284,47.99197],[-118.3284,47.99224],[-118.3276,47.99224],[-118.3276,47.99251],[-118.32719,47.99251],[-118.32719,47.99277],[-118.32679,47.99277],[-118.32679,47.99304],[-118.32599,47.99331],[-118.32599,47.99358],[-118.32639,47.99358],[-118.32639,47.99439],[-118.32559,47.99466],[-118.32559,47.99493],[-118.32478,47.9952],[-118.32478,47.99547],[-118.32398,47.99547],[-118.32398,47.99493],[-118.32438,47.99493],[-118.32438,47.99412],[-118.32358,47.99412],[-118.32358,47.99439],[-118.32237,47.99439],[-118.32237,47.99466],[-118.32157,47.99466],[-118.32157,47.99493],[-118.32116,47.99493],[-118.32116,47.9952],[-118.31996,47.9952],[-118.31996,47.99493],[-118.31835,47.99493],[-118.31835,47.99466],[-118.31754,47.99466],[-118.31754,47.99439],[-118.31714,47.99439],[-118.31714,47.99412],[-118.31634,47.99412],[-118.31634,47.99385],[-118.31594,47.99385],[-118.31594,47.99358],[-118.31513,47.99358],[-118.31513,47.99304],[-118.31433,47.99277],[-118.31433,47.99251],[-118.31312,47.99251],[-118.31312,47.99277],[-118.31272,47.99277],[-118.31272,47.99304],[-118.31232,47.99304],[-118.31232,47.99331],[-118.31191,47.99331],[-118.31191,47.99385],[-118.31151,47.99385],[-118.31151,47.99466],[-118.31111,47.99466],[-118.31111,47.99547],[-118.31071,47.99547],[-118.31071,47.99655],[-118.31031,47.99655],[-118.31031,47.99682],[-118.3091,47.99682],[-118.3091,47.99655],[-118.30829,47.99655],[-118.30829,47.99628],[-118.30789,47.99628],[-118.30789,47.99601],[-118.30508,47.99601],[-118.30508,47.99547],[-118.30347,47.99547],[-118.30347,47.99574],[-118.30307,47.99574],[-118.30307,47.99601],[-118.30226,47.99601],[-118.30226,47.99628],[-118.30186,47.99628],[-118.30186,47.99601],[-118.30065,47.99601],[-118.30065,47.9952],[-118.30106,47.9952],[-118.30106,47.99493],[-118.30065,47.99493],[-118.30065,47.99439],[-118.29945,47.99439],[-118.29945,47.99385],[-118.29985,47.99385],[-118.29985,47.99251],[-118.29945,47.99251],[-118.29945,47.99277],[-118.29744,47.99277],[-118.29744,47.99224],[-118.29784,47.99224],[-118.29784,47.99197],[-118.29864,47.99197],[-118.29864,47.9917],[-118.29905,47.9917],[-118.29905,47.99143],[-118.29985,47.99116],[-118.29985,47.99089],[-118.30106,47.99089],[-118.30106,47.99035],[-118.30266,47.99008],[-118.30266,47.98954],[-118.30226,47.98954],[-118.30226,47.98846],[-118.30307,47.98819],[-118.30307,47.98604],[-118.30347,47.98604],[-118.30347,47.98577],[-118.30508,47.98577],[-118.30508,47.98469],[-118.30468,47.98469],[-118.30468,47.98442],[-118.30387,47.98415],[-118.30387,47.98307],[-118.30548,47.9828],[-118.30548,47.98226],[-118.30588,47.98226],[-118.30588,47.98173],[-118.30628,47.98173],[-118.30628,47.98146],[-118.30669,47.98146],[-118.30669,47.98119],[-118.30749,47.98119],[-118.30749,47.98065],[-118.30789,47.98065],[-118.30789,47.98011],[-118.30829,47.98011],[-118.30829,47.97957],[-118.3087,47.97957],[-118.3087,47.97903],[-118.3091,47.97903],[-118.3091,47.97849],[-118.3095,47.97849],[-118.3095,47.97795],[-118.3099,47.97795],[-118.3099,47.9758],[-118.31031,47.9758],[-118.31031,47.97526],[-118.31071,47.97526],[-118.31071,47.97472],[-118.31151,47.97472],[-118.31151,47.97445],[-118.31232,47.97445],[-118.31232,47.97418],[-118.31392,47.97418],[-118.31392,47.97364],[-118.31433,47.97364],[-118.31433,47.9731],[-118.31473,47.9731],[-118.31473,47.97202],[-118.31513,47.97202],[-118.31513,47.97014],[-118.31553,47.97014],[-118.31553,47.96987],[-118.31634,47.96987],[-118.31634,47.96771],[-118.31674,47.96771],[-118.31674,47.96744],[-118.31634,47.96744],[-118.31634,47.96636],[-118.31594,47.96636],[-118.31594,47.96556],[-118.31634,47.96556],[-118.31634,47.96475],[-118.31714,47.96448],[-118.31714,47.96394],[-118.31754,47.96394],[-118.31754,47.96286],[-118.31674,47.96259],[-118.31674,47.96232],[-118.31553,47.96232],[-118.31553,47.96205],[-118.31473,47.96178],[-118.31473,47.96124],[-118.31392,47.96124],[-118.31392,47.96097],[-118.31191,47.96097],[-118.31191,47.96124],[-118.31151,47.96124],[-118.31151,47.96044],[-118.31232,47.96017],[-118.31232,47.9599],[-118.31272,47.9599],[-118.31272,47.95936],[-118.31312,47.95936],[-118.31312,47.95909],[-118.31352,47.95909],[-118.31352,47.95882],[-118.31433,47.95855],[-118.31433,47.95774],[-118.31392,47.95774],[-118.31392,47.95747],[-118.31111,47.95747],[-118.31111,47.95774],[-118.30789,47.95774],[-118.30789,47.95747],[-118.30548,47.95747],[-118.30548,47.95774],[-118.30468,47.95747],[-118.30468,47.95774],[-118.30427,47.95774],[-118.30427,47.95747],[-118.30387,47.95747],[-118.30387,47.95774],[-118.30146,47.95774],[-118.30146,47.95747],[-118.29905,47.95747],[-118.29905,47.9572],[-118.29663,47.9572],[-118.29663,47.95693],[-118.29543,47.95693],[-118.29543,47.9572],[-118.29181,47.9572],[-118.29181,47.95747],[-118.2914,47.95747],[-118.2914,47.9572],[-118.2906,47.9572],[-118.2906,47.95747],[-118.28899,47.95747],[-118.28899,47.95774],[-118.28859,47.95774],[-118.28859,47.95801],[-118.28779,47.95801],[-118.28779,47.95855],[-118.28698,47.95855],[-118.28698,47.95909],[-118.28658,47.95909],[-118.28658,47.95882],[-118.28457,47.95882],[-118.28457,47.95936],[-118.28376,47.95963],[-118.28376,47.96017],[-118.28296,47.96044],[-118.28296,47.96071],[-118.28256,47.96071],[-118.28256,47.96124],[-118.28216,47.96124],[-118.28216,47.96151],[-118.28175,47.96151],[-118.28175,47.96178],[-118.28135,47.96178],[-118.28135,47.96205],[-118.28095,47.96205],[-118.28095,47.96232],[-118.28055,47.96232],[-118.28055,47.96286],[-118.27934,47.96286],[-118.27934,47.96421],[-118.27854,47.96421],[-118.27854,47.96475],[-118.27813,47.96475],[-118.27813,47.96502],[-118.27773,47.96502],[-118.27773,47.96529],[-118.27733,47.96529],[-118.27733,47.96556],[-118.27653,47.96556],[-118.27653,47.9661],[-118.27572,47.9661],[-118.27572,47.96636],[-118.27532,47.96636],[-118.27532,47.96663],[-118.27452,47.96663],[-118.27452,47.96744],[-118.27411,47.96744],[-118.27411,47.96798],[-118.27371,47.96798],[-118.27371,47.96825],[-118.27411,47.96825],[-118.27411,47.96852],[-118.27331,47.96879],[-118.27331,47.96906],[-118.27291,47.96906],[-118.27291,47.96933],[-118.2725,47.96933],[-118.2725,47.9696],[-118.2721,47.9696],[-118.2721,47.96987],[-118.2717,47.96987],[-118.2717,47.97014],[-118.27009,47.97014],[-118.27009,47.97041],[-118.26929,47.97068],[-118.26929,47.97095],[-118.26889,47.97095],[-118.26889,47.97122],[-118.26848,47.97122],[-118.26848,47.97148],[-118.26889,47.97148],[-118.26889,47.97202],[-118.26929,47.97202],[-118.26929,47.97229],[-118.26889,47.97229],[-118.26889,47.97256],[-118.26929,47.97256],[-118.26929,47.97283],[-118.26848,47.9731],[-118.26848,47.97337],[-118.26768,47.97364],[-118.26768,47.97391],[-118.26687,47.97391],[-118.26687,47.97418],[-118.26567,47.97418],[-118.26567,47.97391],[-118.26486,47.97391],[-118.26486,47.97364],[-118.26446,47.97364],[-118.26446,47.97337],[-118.26366,47.9731],[-118.26366,47.97283],[-118.26285,47.97283],[-118.26285,47.97256],[-118.26205,47.97283],[-118.26205,47.9731],[-118.26245,47.9731],[-118.26245,47.97337],[-118.26326,47.97364],[-118.26326,47.97391],[-118.26285,47.97391],[-118.26285,47.97472],[-118.26124,47.97472],[-118.26124,47.97499],[-118.26084,47.97499],[-118.26084,47.97526],[-118.26044,47.97526],[-118.26044,47.97607],[-118.26124,47.97634],[-118.26124,47.97849],[-118.26165,47.97849],[-118.26165,47.97876],[-118.26124,47.97876],[-118.26124,47.97903],[-118.25923,47.97903],[-118.25923,47.9793],[-118.25521,47.9793],[-118.25521,47.97903],[-118.25481,47.97903],[-118.25481,47.97876],[-118.2524,47.97876],[-118.2524,47.97849],[-118.25159,47.97822],[-118.25159,47.97714],[-118.25079,47.97714],[-118.25079,47.97795],[-118.25039,47.97795],[-118.25039,47.97768],[-118.24918,47.97768],[-118.24918,47.97849],[-118.24958,47.97849],[-118.24958,47.97957],[-118.24918,47.97957],[-118.24918,47.97984],[-118.24838,47.97984],[-118.24838,47.98011],[-118.24717,47.98011],[-118.24717,47.97984],[-118.24516,47.97984],[-118.24516,47.98011],[-118.24476,47.98011],[-118.24476,47.98038],[-118.24435,47.98038],[-118.24435,47.98065],[-118.24355,47.98092],[-118.24355,47.98011],[-118.24315,47.98011],[-118.24315,47.9793],[-118.24275,47.9793],[-118.24275,47.97903],[-118.24355,47.97876],[-118.24355,47.97849],[-118.24637,47.97849],[-118.24637,47.97822],[-118.24717,47.97795],[-118.24717,47.97741],[-118.24878,47.97741],[-118.24878,47.97714],[-118.24797,47.97714],[-118.24797,47.97687],[-118.25159,47.97687],[-118.25159,47.97634],[-118.252,47.97634],[-118.252,47.97607],[-118.25119,47.9758],[-118.25119,47.97553],[-118.24958,47.97553],[-118.24958,47.97526],[-118.24556,47.97526],[-118.24556,47.97499],[-118.24315,47.97472],[-118.24315,47.97445],[-118.24234,47.97445],[-118.24234,47.97418],[-118.24194,47.97418],[-118.24194,47.97256],[-118.24234,47.97256],[-118.24234,47.97095],[-118.24154,47.97095],[-118.24154,47.97068],[-118.24114,47.97068],[-118.24114,47.97041],[-118.23993,47.97041],[-118.23993,47.97014],[-118.23953,47.97014],[-118.23953,47.96987],[-118.23913,47.96987],[-118.23913,47.96906],[-118.23872,47.96906],[-118.23872,47.96879],[-118.23913,47.96879],[-118.23913,47.96825],[-118.23953,47.96825],[-118.23953,47.96798],[-118.23993,47.96798],[-118.23993,47.96771],[-118.24074,47.96771],[-118.24074,47.96744],[-118.24033,47.96744],[-118.24033,47.96717],[-118.24114,47.96717],[-118.24114,47.96744],[-118.24234,47.96744],[-118.24234,47.96663],[-118.24114,47.96663],[-118.24114,47.9669],[-118.24033,47.96663],[-118.24033,47.9669],[-118.23993,47.9669],[-118.23993,47.96663],[-118.23913,47.96663],[-118.23913,47.9661],[-118.23832,47.96636],[-118.23832,47.96529],[-118.23752,47.96556],[-118.23752,47.96421],[-118.23671,47.96421],[-118.23671,47.96394],[-118.23752,47.96394],[-118.23752,47.96367],[-118.23712,47.96367],[-118.23712,47.9634],[-118.23752,47.9634],[-118.23752,47.96097],[-118.23671,47.96097],[-118.23671,47.96071],[-118.23712,47.96071],[-118.23712,47.96044],[-118.23671,47.96044],[-118.23671,47.95936],[-118.23591,47.95936],[-118.23591,47.95909],[-118.23631,47.95909],[-118.23631,47.95882],[-118.23591,47.95882],[-118.23591,47.95828],[-118.23551,47.95828],[-118.23551,47.9572],[-118.23511,47.9572],[-118.23511,47.95666],[-118.2343,47.95666],[-118.2343,47.95639],[-118.2339,47.95639],[-118.2339,47.95585],[-118.2343,47.95585],[-118.2343,47.95505],[-118.2335,47.95505],[-118.2335,47.95532],[-118.23309,47.95532],[-118.23309,47.95451],[-118.2335,47.95451],[-118.2335,47.95424],[-118.2343,47.95424],[-118.2343,47.95289],[-118.23309,47.95289],[-118.23309,47.95262],[-118.2335,47.95262],[-118.2335,47.95181],[-118.23309,47.95181],[-118.23309,47.95235],[-118.23269,47.95235],[-118.23269,47.95154],[-118.23309,47.95154],[-118.23309,47.95127],[-118.23269,47.95127],[-118.23269,47.951],[-118.2335,47.951],[-118.2335,47.95046],[-118.2347,47.95046],[-118.2347,47.95073],[-118.23511,47.95073],[-118.23511,47.95019],[-118.2343,47.95019],[-118.2343,47.94966],[-118.2335,47.94966],[-118.2335,47.94939],[-118.23551,47.94939],[-118.23551,47.94831],[-118.23511,47.94831],[-118.23511,47.94858],[-118.23269,47.94858],[-118.23269,47.94831],[-118.23229,47.94831],[-118.23229,47.94804],[-118.2335,47.94804],[-118.2335,47.94777],[-118.23309,47.94777],[-118.23309,47.9475],[-118.2335,47.9475],[-118.2335,47.94723],[-118.23511,47.94723],[-118.23511,47.94696],[-118.23712,47.94696],[-118.23712,47.94615],[-118.23752,47.94615],[-118.23752,47.94534],[-118.23712,47.94534],[-118.23712,47.944],[-118.23752,47.944],[-118.23752,47.94238],[-118.23712,47.94238],[-118.23712,47.93995],[-118.23752,47.93995],[-118.23752,47.93915],[-118.23712,47.93915],[-118.23712,47.93861],[-118.23752,47.93861],[-118.23752,47.93645],[-118.23712,47.93645],[-118.23712,47.93564],[-118.23792,47.93537],[-118.23792,47.93483],[-118.23832,47.93483],[-118.23832,47.93429],[-118.23792,47.93429],[-118.23792,47.93079],[-118.23832,47.93079],[-118.23832,47.92944],[-118.23872,47.92944],[-118.23872,47.9289],[-118.23913,47.9289],[-118.23913,47.92864],[-118.23832,47.92837],[-118.23832,47.9281],[-118.23752,47.9281],[-118.23752,47.92783],[-118.23712,47.92783],[-118.23712,47.92756],[-118.23631,47.92729],[-118.23631,47.92675],[-118.23591,47.92675],[-118.23591,47.92648],[-118.23551,47.92648],[-118.23551,47.92621],[-118.23511,47.92621],[-118.23511,47.92648],[-118.2343,47.92675],[-118.2343,47.92702],[-118.23309,47.92702],[-118.23309,47.92675],[-118.23269,47.92675],[-118.23269,47.92648],[-118.23229,47.92648],[-118.23229,47.92621],[-118.23149,47.92621],[-118.23149,47.92594],[-118.23108,47.92594],[-118.23108,47.9254],[-118.23068,47.9254],[-118.23068,47.92513],[-118.22988,47.92486],[-118.22988,47.92459],[-118.22867,47.92459],[-118.22867,47.92486],[-118.22827,47.92486],[-118.22827,47.92459],[-118.22747,47.92459],[-118.22747,47.92432],[-118.22626,47.92432],[-118.22626,47.92405],[-118.22545,47.92405],[-118.22545,47.92378],[-118.22505,47.92378],[-118.22505,47.92352],[-118.22465,47.92352],[-118.22465,47.92325],[-118.22304,47.92298],[-118.22304,47.92271],[-118.22264,47.92271],[-118.22264,47.92244],[-118.22143,47.92244],[-118.22143,47.92217],[-118.22103,47.92217],[-118.22103,47.9219],[-118.22023,47.9219],[-118.22023,47.92163],[-118.21982,47.92163],[-118.21982,47.92136],[-118.21902,47.92109],[-118.21902,47.91759],[-118.21862,47.91759],[-118.21862,47.91651],[-118.21822,47.91651],[-118.21822,47.91624],[-118.21701,47.91624],[-118.21701,47.91597],[-118.21661,47.91597],[-118.21661,47.9157],[-118.2158,47.91543],[-118.2158,47.91408],[-118.2154,47.91408],[-118.2154,47.91327],[-118.215,47.91327],[-118.215,47.91247],[-118.21419,47.9122],[-118.21419,47.91139],[-118.2146,47.91139],[-118.2146,47.91112],[-118.2154,47.91085],[-118.2154,47.9095],[-118.2158,47.9095],[-118.2158,47.90923],[-118.21781,47.90923],[-118.21781,47.9095],[-118.21902,47.9095],[-118.21902,47.90923],[-118.22063,47.90896],[-118.22063,47.90681],[-118.22143,47.90681],[-118.22143,47.90708],[-118.22184,47.90708],[-118.22184,47.90735],[-118.22304,47.90735],[-118.22304,47.90761],[-118.22465,47.90761],[-118.22465,47.90735],[-118.22505,47.90735],[-118.22505,47.90681],[-118.22545,47.90681],[-118.22545,47.90654],[-118.22626,47.90654],[-118.22626,47.90627],[-118.22867,47.90627],[-118.22867,47.90681],[-118.22948,47.90681],[-118.22948,47.90735],[-118.23028,47.90735],[-118.23028,47.90761],[-118.23068,47.90761],[-118.23068,47.90788],[-118.23108,47.90788],[-118.23108,47.90761],[-118.23149,47.90761],[-118.23149,47.90735],[-118.23189,47.90735],[-118.23189,47.90681],[-118.2335,47.90681],[-118.2335,47.90842],[-118.2339,47.90842],[-118.2339,47.90869],[-118.2347,47.90896],[-118.2347,47.90923],[-118.23551,47.90923],[-118.23551,47.90896],[-118.23712,47.90896],[-118.23712,47.90869],[-118.23792,47.90842],[-118.23792,47.90815],[-118.23832,47.90815],[-118.23832,47.90788],[-118.24033,47.90788],[-118.24033,47.90815],[-118.24074,47.90815],[-118.24074,47.90788],[-118.24194,47.90788],[-118.24194,47.90761],[-118.24234,47.90761],[-118.24234,47.90815],[-118.24275,47.90815],[-118.24275,47.90842],[-118.24355,47.90842],[-118.24355,47.90869],[-118.24395,47.90869],[-118.24395,47.90896],[-118.24556,47.90896],[-118.24556,47.90869],[-118.24838,47.90869],[-118.24838,47.90896],[-118.24878,47.90896],[-118.24878,47.91004],[-118.24918,47.91004],[-118.24918,47.91058],[-118.24958,47.91058],[-118.24958,47.91085],[-118.25039,47.91112],[-118.25039,47.91166],[-118.25119,47.91193],[-118.25119,47.91354],[-118.25159,47.91354],[-118.25159,47.91381],[-118.252,47.91381],[-118.252,47.91408],[-118.2524,47.91408],[-118.2524,47.91381],[-118.2536,47.91381],[-118.2536,47.91408],[-118.25441,47.91435],[-118.25441,47.91489],[-118.25481,47.91489],[-118.25481,47.9157],[-118.25521,47.9157],[-118.25521,47.91651],[-118.25561,47.91651],[-118.25561,47.91705],[-118.25602,47.91705],[-118.25602,47.91759],[-118.25642,47.91759],[-118.25642,47.91813],[-118.25682,47.91813],[-118.25682,47.91839],[-118.25763,47.91866],[-118.25763,47.9192],[-118.25803,47.9192],[-118.25803,47.91974],[-118.25843,47.91974],[-118.25843,47.92028],[-118.25883,47.92028],[-118.25883,47.92082],[-118.26084,47.92082],[-118.26084,47.92136],[-118.26165,47.92136],[-118.26165,47.92163],[-118.26205,47.92163],[-118.26205,47.9219],[-118.26326,47.9219],[-118.26326,47.92217],[-118.26486,47.92244],[-118.26486,47.92271],[-118.26527,47.92271],[-118.26527,47.92298],[-118.26687,47.92298],[-118.26687,47.92325],[-118.26768,47.92325],[-118.26768,47.92352],[-118.26929,47.92352],[-118.26929,47.92378],[-118.27049,47.92378],[-118.27049,47.92405],[-118.2709,47.92405],[-118.2709,47.92432],[-118.2717,47.92432],[-118.2717,47.92325],[-118.2721,47.92325],[-118.2721,47.92298],[-118.27411,47.92298],[-118.27411,47.92271],[-118.27452,47.92271],[-118.27452,47.92244],[-118.27653,47.92244],[-118.27653,47.92217],[-118.27612,47.92217],[-118.27612,47.9219],[-118.27854,47.9219],[-118.27854,47.92136],[-118.27934,47.92136],[-118.27934,47.92082],[-118.27974,47.92082],[-118.27974,47.92136],[-118.28014,47.92136],[-118.28014,47.92055],[-118.27934,47.92055],[-118.27934,47.92028],[-118.27974,47.92028],[-118.27974,47.92001],[-118.27854,47.92001],[-118.27854,47.91974],[-118.27934,47.91947],[-118.27934,47.9192],[-118.28095,47.9192],[-118.28095,47.91893],[-118.28055,47.91893],[-118.28055,47.91866],[-118.28135,47.91866],[-118.28135,47.91893],[-118.28175,47.91893],[-118.28175,47.91866],[-118.28336,47.91866],[-118.28336,47.91813],[-118.28376,47.91813],[-118.28376,47.91516],[-118.28457,47.91489],[-118.28457,47.91462],[-118.28819,47.91462],[-118.28819,47.91435],[-118.28859,47.91435],[-118.28859,47.91381],[-118.28939,47.91381],[-118.28939,47.91327],[-118.2902,47.913],[-118.2902,47.91274],[-118.291,47.91274],[-118.291,47.91247],[-118.2914,47.91247],[-118.2914,47.913],[-118.2906,47.913],[-118.2906,47.91327],[-118.29221,47.91327],[-118.29221,47.913],[-118.29422,47.913],[-118.29422,47.91327],[-118.29502,47.91327],[-118.29502,47.91193]],[[-118.2335,47.95478],[-118.2343,47.95478],[-118.2343,47.95451],[-118.2335,47.95451],[-118.2335,47.95478]],[[-118.23591,47.94831],[-118.23591,47.94804],[-118.23551,47.94804],[-118.23551,47.94831],[-118.23591,47.94831]],[[-118.30628,47.98954],[-118.30628,47.989],[-118.30669,47.989],[-118.30669,47.98846],[-118.30588,47.98846],[-118.30588,47.989],[-118.30508,47.98927],[-118.30508,47.99008],[-118.30548,47.99008],[-118.30548,47.98981],[-118.30588,47.98981],[-118.30588,47.98954],[-118.30628,47.98954]],[[-118.3095,47.98631],[-118.3095,47.98604],[-118.31031,47.98577],[-118.31031,47.98496],[-118.31071,47.98496],[-118.31071,47.98415],[-118.31111,47.98415],[-118.31111,47.98334],[-118.3095,47.98307],[-118.3095,47.98334],[-118.3087,47.98334],[-118.3087,47.98361],[-118.30789,47.98388],[-118.30789,47.98442],[-118.30749,47.98442],[-118.30749,47.98523],[-118.30709,47.98523],[-118.30709,47.9855],[-118.30749,47.9855],[-118.30749,47.98577],[-118.30709,47.98577],[-118.30709,47.98631],[-118.30669,47.98631],[-118.30669,47.98685],[-118.3087,47.98685],[-118.3087,47.98658],[-118.3095,47.98631]],[[-118.26848,47.97202],[-118.26848,47.97175],[-118.26808,47.97175],[-118.26808,47.97202],[-118.26848,47.97202]],[[-118.33644,47.95639],[-118.33644,47.95612],[-118.33604,47.95612],[-118.33604,47.95639],[-118.33644,47.95639]],[[-118.24275,47.95532],[-118.24275,47.95505],[-118.24234,47.95505],[-118.24234,47.95532],[-118.24275,47.95532]],[[-118.23511,47.95532],[-118.23511,47.95505],[-118.2347,47.95505],[-118.2347,47.95532],[-118.23511,47.95532]],[[-118.2339,47.95154],[-118.2339,47.95208],[-118.2343,47.95208],[-118.2343,47.95154],[-118.2339,47.95154]],[[-118.2339,47.95127],[-118.2335,47.95127],[-118.2335,47.95154],[-118.2339,47.95154],[-118.2339,47.95127]],[[-118.24596,47.95019],[-118.24596,47.94993],[-118.24556,47.94993],[-118.24556,47.95019],[-118.24596,47.95019]],[[-118.23591,47.94993],[-118.23591,47.94966],[-118.23551,47.94966],[-118.23551,47.94993],[-118.23591,47.94993]],[[-118.30669,47.94966],[-118.30669,47.94939],[-118.30628,47.94939],[-118.30628,47.94966],[-118.30669,47.94966]],[[-118.3099,47.94723],[-118.3099,47.94696],[-118.3095,47.94696],[-118.3095,47.94723],[-118.3099,47.94723]],[[-118.3087,47.94615],[-118.3087,47.94588],[-118.30829,47.94588],[-118.30829,47.94615],[-118.3087,47.94615]],[[-118.31191,47.94561],[-118.31191,47.94534],[-118.31151,47.94534],[-118.31151,47.94561],[-118.31191,47.94561]],[[-118.2524,47.94534],[-118.2524,47.94507],[-118.252,47.94507],[-118.252,47.94534],[-118.2524,47.94534]],[[-118.25401,47.944],[-118.25401,47.94373],[-118.2536,47.94373],[-118.2536,47.944],[-118.25401,47.944]],[[-118.28014,47.91974],[-118.28014,47.91947],[-118.27974,47.91947],[-118.27974,47.91974],[-118.28014,47.91974]],[[-118.30789,47.90788],[-118.30789,47.90761],[-118.30749,47.90761],[-118.30749,47.90788],[-118.30789,47.90788]]],[[[-118.25119,47.97822],[-118.25079,47.97822],[-118.25079,47.97795],[-118.25119,47.97795],[-118.25119,47.97822]]],[[[-118.24355,47.98119],[-118.24315,47.98119],[-118.24315,47.98092],[-118.24355,47.98092],[-118.24355,47.98119]]],[[[-118.24315,47.98146],[-118.24275,47.98146],[-118.24275,47.98119],[-118.24315,47.98119],[-118.24315,47.98146]]],[[[-118.24194,47.98253],[-118.24194,47.98226],[-118.24234,47.98226],[-118.24234,47.98253],[-118.24194,47.98253]]],[[[-118.24194,47.98307],[-118.24194,47.9828],[-118.24234,47.9828],[-118.24234,47.98307],[-118.24194,47.98307]]],[[[-118.22545,47.99008],[-118.22505,47.99008],[-118.22505,47.98954],[-118.22465,47.98954],[-118.22465,47.98927],[-118.22505,47.98927],[-118.22505,47.989],[-118.22465,47.989],[-118.22465,47.98846],[-118.22425,47.98846],[-118.22425,47.98765],[-118.22385,47.98765],[-118.22385,47.98685],[-118.22425,47.98685],[-118.22425,47.98658],[-118.22545,47.98658],[-118.22545,47.98631],[-118.22626,47.98631],[-118.22626,47.98658],[-118.22706,47.98658],[-118.22706,47.98685],[-118.22787,47.98712],[-118.22787,47.98738],[-118.22867,47.98738],[-118.22867,47.98765],[-118.23028,47.98765],[-118.23028,47.98738],[-118.23189,47.98738],[-118.23189,47.98712],[-118.23269,47.98712],[-118.23269,47.98658],[-118.2335,47.98658],[-118.2335,47.98631],[-118.23309,47.98631],[-118.23309,47.98469],[-118.23269,47.98469],[-118.23269,47.98334],[-118.23551,47.98334],[-118.23551,47.98361],[-118.23591,47.98361],[-118.23591,47.98388],[-118.23631,47.98388],[-118.23631,47.98361],[-118.23752,47.98361],[-118.23752,47.98388],[-118.23832,47.98388],[-118.23832,47.98415],[-118.23872,47.98415],[-118.23872,47.98442],[-118.23913,47.98442],[-118.23913,47.98469],[-118.23993,47.98469],[-118.23993,47.98496],[-118.24033,47.98496],[-118.24033,47.98469],[-118.24074,47.98469],[-118.24074,47.98442],[-118.24114,47.98442],[-118.24114,47.98361],[-118.24074,47.98361],[-118.24074,47.98334],[-118.24154,47.98334],[-118.24154,47.98307],[-118.24194,47.98307],[-118.24194,47.98334],[-118.24315,47.98334],[-118.24315,47.98361],[-118.24355,47.98361],[-118.24355,47.98388],[-118.24435,47.98388],[-118.24435,47.98442],[-118.24476,47.98442],[-118.24476,47.98469],[-118.24395,47.98469],[-118.24395,47.98496],[-118.24476,47.98496],[-118.24476,47.9855],[-118.24556,47.9855],[-118.24556,47.98604],[-118.24637,47.98604],[-118.24637,47.98631],[-118.24677,47.98631],[-118.24677,47.98658],[-118.24958,47.98658],[-118.24958,47.98685],[-118.25119,47.98685],[-118.25119,47.98712],[-118.25521,47.98712],[-118.25521,47.98685],[-118.25602,47.98685],[-118.25602,47.98712],[-118.25964,47.98712],[-118.25964,47.98685],[-118.26044,47.98685],[-118.26044,47.98658],[-118.26084,47.98658],[-118.26084,47.98685],[-118.26165,47.98658],[-118.26165,47.98685],[-118.26326,47.98685],[-118.26326,47.98712],[-118.26486,47.98712],[-118.26486,47.98738],[-118.26527,47.98738],[-118.26527,47.98712],[-118.26607,47.98712],[-118.26607,47.98685],[-118.26647,47.98685],[-118.26647,47.98712],[-118.26728,47.98685],[-118.26728,47.98712],[-118.26848,47.98712],[-118.26848,47.98738],[-118.26889,47.98738],[-118.26889,47.98765],[-118.27049,47.98765],[-118.27049,47.98792],[-118.2709,47.98792],[-118.2709,47.98873],[-118.27009,47.989],[-118.27009,47.98981],[-118.26768,47.98981],[-118.26768,47.99008],[-118.26728,47.99008],[-118.26728,47.99035],[-118.26647,47.99062],[-118.26647,47.99197],[-118.26687,47.99197],[-118.26687,47.99251],[-118.26728,47.99251],[-118.26728,47.99331],[-118.26808,47.99358],[-118.26808,47.99412],[-118.26647,47.99412],[-118.26647,47.99385],[-118.26406,47.99385],[-118.26406,47.99412],[-118.26044,47.99412],[-118.26044,47.99385],[-118.26004,47.99385],[-118.26004,47.99358],[-118.25964,47.99358],[-118.25964,47.99304],[-118.25843,47.99304],[-118.25843,47.99277],[-118.25803,47.99277],[-118.25803,47.99251],[-118.25763,47.99251],[-118.25763,47.99277],[-118.25682,47.99251],[-118.25682,47.99277],[-118.25561,47.99277],[-118.25561,47.99304],[-118.25441,47.99304],[-118.25441,47.99331],[-118.25401,47.99331],[-118.25401,47.99304],[-118.2532,47.99304],[-118.2532,47.99277],[-118.25159,47.99277],[-118.25159,47.99304],[-118.25079,47.99304],[-118.25079,47.99277],[-118.24998,47.99277],[-118.24998,47.99251],[-118.24958,47.99251],[-118.24958,47.99277],[-118.24918,47.99277],[-118.24918,47.99251],[-118.24878,47.99251],[-118.24878,47.99277],[-118.24797,47.99251],[-118.24797,47.99439],[-118.24677,47.99439],[-118.24677,47.99412],[-118.24637,47.99412],[-118.24637,47.99385],[-118.24596,47.99385],[-118.24596,47.99358],[-118.24556,47.99358],[-118.24556,47.99385],[-118.24516,47.99385],[-118.24516,47.99358],[-118.24476,47.99358],[-118.24476,47.99385],[-118.24275,47.99385],[-118.24275,47.99412],[-118.24154,47.99412],[-118.24154,47.99439],[-118.23712,47.99439],[-118.23712,47.99412],[-118.23511,47.99412],[-118.23511,47.99385],[-118.2343,47.99358],[-118.2343,47.99331],[-118.23309,47.99331],[-118.23309,47.99304],[-118.23229,47.99331],[-118.23229,47.99277],[-118.23149,47.99251],[-118.23149,47.99224],[-118.23108,47.99224],[-118.23108,47.99277],[-118.23028,47.99277],[-118.23028,47.99304],[-118.22948,47.99304],[-118.22948,47.99331],[-118.22827,47.99331],[-118.22827,47.99304],[-118.22747,47.99304],[-118.22747,47.9917],[-118.22666,47.9917],[-118.22666,47.99143],[-118.22586,47.99143],[-118.22586,47.99116],[-118.22545,47.99116],[-118.22545,47.99008]],[[-118.22706,47.99143],[-118.22706,47.99116],[-118.22666,47.99116],[-118.22666,47.99143],[-118.22706,47.99143]],[[-118.23752,47.98658],[-118.23752,47.98631],[-118.23832,47.98604],[-118.23832,47.98523],[-118.23792,47.98523],[-118.23792,47.98469],[-118.23712,47.98469],[-118.23712,47.98442],[-118.23591,47.98442],[-118.23591,47.98469],[-118.23551,47.98469],[-118.23551,47.98496],[-118.23511,47.98496],[-118.23511,47.98577],[-118.2347,47.98577],[-118.2347,47.98604],[-118.2339,47.98631],[-118.2339,47.98685],[-118.2347,47.98685],[-118.2347,47.98712],[-118.23671,47.98712],[-118.23671,47.98685],[-118.23752,47.98658]]],[[[-118.21339,47.90815],[-118.21419,47.90842],[-118.21419,47.90869],[-118.215,47.90896],[-118.215,47.90923],[-118.21259,47.90923],[-118.21259,47.90842],[-118.21339,47.90842],[-118.21339,47.90815]]],[[[-118.2154,47.9095],[-118.215,47.9095],[-118.215,47.90923],[-118.2154,47.90923],[-118.2154,47.9095]]],[[[-118.23269,47.9475],[-118.23269,47.94723],[-118.23309,47.94723],[-118.23309,47.9475],[-118.23269,47.9475]]],[[[-118.23269,47.95451],[-118.23269,47.95424],[-118.23309,47.95424],[-118.23309,47.95451],[-118.23269,47.95451]]],[[[-118.2339,47.95585],[-118.2335,47.95585],[-118.2335,47.95532],[-118.2339,47.95532],[-118.2339,47.95585]]],[[[-118.24154,47.97984],[-118.24033,47.97984],[-118.24033,47.97957],[-118.24154,47.97957],[-118.24154,47.97984]]],[[[-118.24033,47.98092],[-118.23993,47.98092],[-118.23993,47.98038],[-118.23953,47.98038],[-118.23953,47.98011],[-118.23993,47.98011],[-118.23993,47.97984],[-118.24033,47.97984],[-118.24033,47.98011],[-118.24074,47.98011],[-118.24074,47.98038],[-118.24154,47.98038],[-118.24154,47.98092],[-118.24275,47.98092],[-118.24275,47.98119],[-118.24154,47.98119],[-118.24154,47.98146],[-118.24114,47.98146],[-118.24114,47.98173],[-118.24074,47.98173],[-118.24074,47.98119],[-118.24033,47.98119],[-118.24033,47.98092]]],[[[-118.24194,47.98173],[-118.24194,47.98226],[-118.24114,47.982],[-118.24114,47.98173],[-118.24194,47.98173]]],[[[-118.24154,47.9828],[-118.24154,47.98253],[-118.24194,47.98253],[-118.24194,47.9828],[-118.24154,47.9828]]]]},"properties":{"layer":"predicted_perimeter_24h","fire_name":"Mitre_Rock","irwin_id":"{C11A3685-C035-4241-A17C-8076EE99619D}","model":"arrival_run","checkpoint_epoch":216,"decode":"connected_causal","operating_point":{"floor":0.0,"mult":0.9},"val_precision":null,"val_recall":null,"model_caveat":"arrival_run chosen for best RECALL among the six FlameFlux v3 candidates on the production-valid t0-window corpus (R=0.624 on the fc2 held-out fires, R=0.432 on Dillon -- see candidate_comparison.md from the 2026-07-24 comparison). It does NOT meet the project's P>=0.50/R>=0.80 target: precision is the WORST of the six (P=0.120 on fc2 -- most flagged growth is wrong), and wind_run actually edges it on F1. IMPORTANT CAVEAT: arrival_run trained on the leaky 'observed' corpus (crop centered/sized on t0|t1, i.e. it saw the future perimeter's geometry during training) and has NEVER seen a t0-window crop -- the ONLY geometry this live pipeline can ever produce at forecast time (the future perimeter is, by definition, unknown). So every live prediction from this model is out-of-distribution relative to its own training. The measured t0-window numbers above already reflect that (they are not a surprise), but this is 'best available', not 'production-ready' -- represent it that way. The operating_point (floor=0.0, mult=0.9) is the VAL-selected connected-causal decode point; it did NOT clear the 0.50 precision floor during selection (feasible=False, val P=0.270/R=0.259) -- it's the best-F1 fallback point, not a precision-guaranteed one.","issued_at_utc":"2026-08-05 10:59:55.016141+00:00","valid_from_utc":"2026-08-05 00:00:00","valid_to_utc":"2026-08-06 00:00:00","wfigs_date_current_utc":"2026-08-05 10:16:25+00:00","pixel_size_m":30,"veg_source":"refreshed_d4","physics_source":"eikonal_fbfm40","history_n_dates":4,"degraded_history":false,"containment_pct":0.0,"acres_wfigs":4439.297279101989}},{"type":"Feature","geometry":{"type":"MultiPolygon","coordinates":[[[[-118.33282,47.90492],[-118.33242,47.90492],[-118.33242,47.90465],[-118.33282,47.90465],[-118.33282,47.90492]]],[[[-118.33122,47.90492],[-118.33001,47.90492],[-118.33001,47.90465],[-118.33122,47.90465],[-118.33122,47.90492]]],[[[-118.29221,47.913],[-118.29181,47.913],[-118.29181,47.91274],[-118.29221,47.91274],[-118.29221,47.913]]],[[[-118.29502,47.91193],[-118.29462,47.91193],[-118.29462,47.91139],[-118.29382,47.91139],[-118.29382,47.91112],[-118.29543,47.91112],[-118.29543,47.91058],[-118.29583,47.91058],[-118.29583,47.91004],[-118.29623,47.91004],[-118.29623,47.90977],[-118.29703,47.90977],[-118.29703,47.9095],[-118.30025,47.9095],[-118.30025,47.90896],[-118.30186,47.90896],[-118.30186,47.90869],[-118.30226,47.90869],[-118.30226,47.90842],[-118.30266,47.90842],[-118.30266,47.90815],[-118.30427,47.90788],[-118.30427,47.90761],[-118.30508,47.90761],[-118.30508,47.90735],[-118.30628,47.90735],[-118.30628,47.90708],[-118.30709,47.90708],[-118.30709,47.90681],[-118.30749,47.90681],[-118.30749,47.906],[-118.30829,47.906],[-118.30829,47.90573],[-118.31031,47.90573],[-118.31031,47.90546],[-118.31191,47.90546],[-118.31191,47.90519],[-118.31312,47.90519],[-118.31312,47.90492],[-118.31352,47.90492],[-118.31352,47.90519],[-118.31392,47.90519],[-118.31392,47.90492],[-118.31433,47.90492],[-118.31433,47.90519],[-118.31473,47.90519],[-118.31473,47.90492],[-118.31513,47.90492],[-118.31513,47.90519],[-118.31714,47.90519],[-118.31714,47.90492],[-118.31835,47.90492],[-118.31835,47.90465],[-118.31875,47.90465],[-118.31875,47.90492],[-118.31996,47.90492],[-118.31996,47.90519],[-118.32076,47.90519],[-118.32076,47.90546],[-118.32116,47.90546],[-118.32116,47.90573],[-118.32237,47.90573],[-118.32237,47.90546],[-118.32317,47.90519],[-118.32317,47.90384],[-118.32358,47.90384],[-118.32358,47.90249],[-118.32478,47.90249],[-118.32478,47.90276],[-118.32559,47.90276],[-118.32559,47.90303],[-118.32639,47.9033],[-118.32639,47.90384],[-118.32559,47.90384],[-118.32559,47.90411],[-118.32599,47.90411],[-118.32599,47.90627],[-118.3276,47.90573],[-118.3276,47.90519],[-118.32961,47.90519],[-118.32961,47.90492],[-118.33001,47.90492],[-118.33001,47.90519],[-118.33122,47.90519],[-118.33122,47.90492],[-118.33242,47.90492],[-118.33242,47.90519],[-118.33282,47.90519],[-118.33282,47.90492],[-118.33323,47.90492],[-118.33323,47.90519],[-118.33363,47.90519],[-118.33363,47.90492],[-118.33443,47.90465],[-118.33443,47.90411],[-118.33484,47.90411],[-118.33484,47.90465],[-118.33564,47.90465],[-118.33564,47.90519],[-118.33604,47.90519],[-118.33604,47.906],[-118.33564,47.906],[-118.33564,47.90627],[-118.33644,47.90627],[-118.33644,47.90654],[-118.33604,47.90654],[-118.33604,47.90681],[-118.33644,47.90681],[-118.33644,47.90735],[-118.33685,47.90735],[-118.33685,47.90788],[-118.33765,47.90788],[-118.33765,47.90815],[-118.33805,47.90815],[-118.33805,47.90842],[-118.33966,47.90869],[-118.33966,47.9095],[-118.34006,47.9095],[-118.34006,47.91004],[-118.34047,47.91004],[-118.34047,47.91058],[-118.34087,47.91058],[-118.34087,47.91112],[-118.34127,47.91112],[-118.34127,47.91166],[-118.34167,47.91166],[-118.34167,47.9122],[-118.34087,47.9122],[-118.34087,47.91166],[-118.34006,47.91139],[-118.34006,47.91166],[-118.33966,47.91166],[-118.33966,47.91247],[-118.33886,47.91247],[-118.33886,47.91274],[-118.33926,47.91274],[-118.33926,47.91327],[-118.33966,47.91327],[-118.33966,47.91408],[-118.33886,47.91408],[-118.33886,47.91462],[-118.33926,47.91462],[-118.33926,47.91516],[-118.33886,47.91516],[-118.33886,47.91597],[-118.33805,47.91624],[-118.33805,47.91651],[-118.33725,47.91651],[-118.33725,47.91678],[-118.33564,47.91678],[-118.33564,47.91732],[-118.33604,47.91732],[-118.33604,47.91813],[-118.33564,47.91813],[-118.33564,47.91839],[-118.33443,47.91839],[-118.33443,47.91813],[-118.33363,47.91813],[-118.33363,47.91839],[-118.33403,47.91839],[-118.33403,47.91866],[-118.33484,47.91866],[-118.33484,47.91893],[-118.33524,47.91893],[-118.33524,47.9192],[-118.33484,47.9192],[-118.33484,47.91947],[-118.33564,47.91947],[-118.33564,47.92028],[-118.33604,47.92028],[-118.33604,47.92055],[-118.33564,47.92055],[-118.33564,47.92136],[-118.33484,47.92136],[-118.33484,47.9219],[-118.33443,47.9219],[-118.33443,47.92244],[-118.33403,47.92244],[-118.33403,47.92298],[-118.33242,47.92325],[-118.33242,47.92459],[-118.33323,47.92486],[-118.33323,47.92621],[-118.33282,47.92621],[-118.33282,47.92675],[-118.33162,47.92675],[-118.33162,47.92783],[-118.33202,47.92783],[-118.33202,47.9281],[-118.33122,47.9281],[-118.33122,47.92864],[-118.33041,47.92864],[-118.33041,47.9289],[-118.33001,47.9289],[-118.33001,47.92971],[-118.32921,47.92971],[-118.32921,47.93079],[-118.32961,47.93079],[-118.32961,47.93133],[-118.3288,47.9316],[-118.3288,47.93214],[-118.3284,47.93214],[-118.3284,47.93295],[-118.32921,47.93322],[-118.32921,47.93376],[-118.33001,47.93376],[-118.33001,47.93429],[-118.33041,47.93429],[-118.33041,47.93537],[-118.33081,47.93537],[-118.33081,47.93618],[-118.33041,47.93618],[-118.33041,47.93753],[-118.33081,47.93753],[-118.33081,47.9378],[-118.33041,47.9378],[-118.33041,47.93807],[-118.33081,47.93807],[-118.33081,47.93834],[-118.33041,47.93834],[-118.33041,47.93888],[-118.33122,47.93915],[-118.33122,47.93968],[-118.33202,47.93968],[-118.33202,47.94022],[-118.33242,47.94022],[-118.33242,47.94076],[-118.33282,47.94076],[-118.33282,47.9413],[-118.33323,47.9413],[-118.33323,47.94157],[-118.33282,47.94157],[-118.33282,47.94184],[-118.33323,47.94184],[-118.33323,47.94211],[-118.33282,47.94211],[-118.33282,47.94238],[-118.33323,47.94238],[-118.33323,47.94265],[-118.33282,47.94265],[-118.33282,47.94346],[-118.33323,47.94346],[-118.33323,47.944],[-118.33363,47.944],[-118.33363,47.94454],[-118.33403,47.94454],[-118.33403,47.94481],[-118.33363,47.94481],[-118.33363,47.94588],[-118.33403,47.94588],[-118.33403,47.94615],[-118.33443,47.94615],[-118.33443,47.94642],[-118.33484,47.94642],[-118.33484,47.94669],[-118.33403,47.94696],[-118.33403,47.9475],[-118.33484,47.94777],[-118.33484,47.94804],[-118.33443,47.94804],[-118.33443,47.94831],[-118.33484,47.94831],[-118.33484,47.94912],[-118.33403,47.94912],[-118.33403,47.94939],[-118.33484,47.94939],[-118.33484,47.94993],[-118.33524,47.94993],[-118.33524,47.95019],[-118.33644,47.95019],[-118.33644,47.94993],[-118.33725,47.94993],[-118.33725,47.94966],[-118.33765,47.94966],[-118.33765,47.94993],[-118.33845,47.94993],[-118.33845,47.95046],[-118.33886,47.95046],[-118.33886,47.95208],[-118.33926,47.95208],[-118.33926,47.95235],[-118.34006,47.95235],[-118.34006,47.95262],[-118.34047,47.95262],[-118.34047,47.95289],[-118.34087,47.95289],[-118.34087,47.9537],[-118.34047,47.9537],[-118.34047,47.95424],[-118.34006,47.95424],[-118.34006,47.95478],[-118.34167,47.95478],[-118.34167,47.95505],[-118.34087,47.95505],[-118.34087,47.95558],[-118.34047,47.95558],[-118.34047,47.95639],[-118.34087,47.95639],[-118.34087,47.95666],[-118.34047,47.95666],[-118.34047,47.95693],[-118.34087,47.95693],[-118.34087,47.95774],[-118.34047,47.95774],[-118.34047,47.95882],[-118.34087,47.95882],[-118.34087,47.95936],[-118.34047,47.95936],[-118.34047,47.96017],[-118.33966,47.96044],[-118.33966,47.96071],[-118.34006,47.96071],[-118.34006,47.96124],[-118.34047,47.96124],[-118.34047,47.96151],[-118.34167,47.96151],[-118.34167,47.96259],[-118.34207,47.96259],[-118.34207,47.96313],[-118.34167,47.96313],[-118.34167,47.96394],[-118.34127,47.96394],[-118.34127,47.96448],[-118.34087,47.96448],[-118.34087,47.96529],[-118.34047,47.96529],[-118.34047,47.96744],[-118.34006,47.96744],[-118.34006,47.96771],[-118.33926,47.96798],[-118.33926,47.96825],[-118.33845,47.96852],[-118.33845,47.96906],[-118.33926,47.96906],[-118.33926,47.9696],[-118.33886,47.9696],[-118.33886,47.96987],[-118.33644,47.96987],[-118.33644,47.97041],[-118.33685,47.97041],[-118.33685,47.97148],[-118.33765,47.97148],[-118.33765,47.97202],[-118.33805,47.97202],[-118.33805,47.97256],[-118.33926,47.97256],[-118.33926,47.97364],[-118.33886,47.97364],[-118.33886,47.97391],[-118.33805,47.97391],[-118.33805,47.97418],[-118.33725,47.97418],[-118.33725,47.97445],[-118.33685,47.97445],[-118.33685,47.97472],[-118.33644,47.97472],[-118.33644,47.97499],[-118.33604,47.97499],[-118.33604,47.97526],[-118.33524,47.97553],[-118.33524,47.97634],[-118.33604,47.97661],[-118.33604,47.97687],[-118.33403,47.97687],[-118.33403,47.97714],[-118.33282,47.97714],[-118.33282,47.97741],[-118.33242,47.97741],[-118.33242,47.97795],[-118.33162,47.97795],[-118.33162,47.97849],[-118.33122,47.97849],[-118.33122,47.97876],[-118.33323,47.97876],[-118.33323,47.97903],[-118.33484,47.97903],[-118.33484,47.9793],[-118.33604,47.9793],[-118.33604,47.97957],[-118.33725,47.97957],[-118.33725,47.9793],[-118.33765,47.9793],[-118.33765,47.97957],[-118.33886,47.97957],[-118.33886,47.98011],[-118.33926,47.98011],[-118.33926,47.98065],[-118.33966,47.98065],[-118.33966,47.98092],[-118.33926,47.98092],[-118.33926,47.98226],[-118.33966,47.98226],[-118.33966,47.98253],[-118.33926,47.98253],[-118.33926,47.9828],[-118.33966,47.9828],[-118.33966,47.98361],[-118.33926,47.98361],[-118.33926,47.98415],[-118.33805,47.98415],[-118.33805,47.98226],[-118.33725,47.98226],[-118.33725,47.98253],[-118.33685,47.98253],[-118.33685,47.98307],[-118.33644,47.98307],[-118.33644,47.98334],[-118.33564,47.98334],[-118.33564,47.98361],[-118.33484,47.98334],[-118.33484,47.98361],[-118.33443,47.98361],[-118.33443,47.98388],[-118.33484,47.98388],[-118.33484,47.98442],[-118.33524,47.98442],[-118.33524,47.98469],[-118.33443,47.98469],[-118.33443,47.98442],[-118.33403,47.98442],[-118.33403,47.98415],[-118.33323,47.98388],[-118.33323,47.98415],[-118.33242,47.98415],[-118.33242,47.98442],[-118.33202,47.98442],[-118.33202,47.98469],[-118.33162,47.98469],[-118.33162,47.98496],[-118.33122,47.98496],[-118.33122,47.9855],[-118.33081,47.9855],[-118.33081,47.98604],[-118.33041,47.98604],[-118.33041,47.98631],[-118.33001,47.98631],[-118.33001,47.98658],[-118.32961,47.98658],[-118.32961,47.98712],[-118.3288,47.98738],[-118.3288,47.98792],[-118.3284,47.98792],[-118.3284,47.98846],[-118.328,47.98846],[-118.328,47.989],[-118.3276,47.989],[-118.3276,47.99062],[-118.328,47.99062],[-118.328,47.99089],[-118.3288,47.99116],[-118.3288,47.99197],[-118.3284,47.99197],[-118.3284,47.99224],[-118.3276,47.99224],[-118.3276,47.99251],[-118.32719,47.99251],[-118.32719,47.99277],[-118.32679,47.99277],[-118.32679,47.99304],[-118.32599,47.99331],[-118.32599,47.99358],[-118.32639,47.99358],[-118.32639,47.99439],[-118.32559,47.99466],[-118.32559,47.99493],[-118.32478,47.9952],[-118.32478,47.99547],[-118.32398,47.99547],[-118.32398,47.99493],[-118.32438,47.99493],[-118.32438,47.99412],[-118.32358,47.99412],[-118.32358,47.99439],[-118.32237,47.99439],[-118.32237,47.99466],[-118.32157,47.99466],[-118.32157,47.99493],[-118.32116,47.99493],[-118.32116,47.9952],[-118.31996,47.9952],[-118.31996,47.99493],[-118.31835,47.99493],[-118.31835,47.99466],[-118.31754,47.99466],[-118.31754,47.99439],[-118.31714,47.99439],[-118.31714,47.99412],[-118.31634,47.99412],[-118.31634,47.99385],[-118.31594,47.99385],[-118.31594,47.99358],[-118.31513,47.99358],[-118.31513,47.99304],[-118.31433,47.99277],[-118.31433,47.99251],[-118.31312,47.99251],[-118.31312,47.99277],[-118.31272,47.99277],[-118.31272,47.99304],[-118.31232,47.99304],[-118.31232,47.99331],[-118.31191,47.99331],[-118.31191,47.99385],[-118.31151,47.99385],[-118.31151,47.99466],[-118.31111,47.99466],[-118.31111,47.99547],[-118.31071,47.99547],[-118.31071,47.99655],[-118.31031,47.99655],[-118.31031,47.99682],[-118.3091,47.99682],[-118.3091,47.99655],[-118.30829,47.99655],[-118.30829,47.99628],[-118.30789,47.99628],[-118.30789,47.99601],[-118.30508,47.99601],[-118.30508,47.99547],[-118.30347,47.99547],[-118.30347,47.99574],[-118.30307,47.99574],[-118.30307,47.99601],[-118.30226,47.99601],[-118.30226,47.99628],[-118.30186,47.99628],[-118.30186,47.99601],[-118.30065,47.99601],[-118.30065,47.9952],[-118.30106,47.9952],[-118.30106,47.99493],[-118.30065,47.99493],[-118.30065,47.99439],[-118.29945,47.99439],[-118.29945,47.99385],[-118.29985,47.99385],[-118.29985,47.99251],[-118.29945,47.99251],[-118.29945,47.99277],[-118.29744,47.99277],[-118.29744,47.99224],[-118.29784,47.99224],[-118.29784,47.99197],[-118.29864,47.99197],[-118.29864,47.9917],[-118.29905,47.9917],[-118.29905,47.99143],[-118.29985,47.99116],[-118.29985,47.99089],[-118.30106,47.99089],[-118.30106,47.99035],[-118.30266,47.99008],[-118.30266,47.98954],[-118.30226,47.98954],[-118.30226,47.98846],[-118.30307,47.98819],[-118.30307,47.98604],[-118.30347,47.98604],[-118.30347,47.98577],[-118.30508,47.98577],[-118.30508,47.98469],[-118.30468,47.98469],[-118.30468,47.98442],[-118.30387,47.98415],[-118.30387,47.98307],[-118.30548,47.9828],[-118.30548,47.98226],[-118.30588,47.98226],[-118.30588,47.98173],[-118.30628,47.98173],[-118.30628,47.98146],[-118.30669,47.98146],[-118.30669,47.98119],[-118.30749,47.98119],[-118.30749,47.98065],[-118.30789,47.98065],[-118.30789,47.98011],[-118.30829,47.98011],[-118.30829,47.97957],[-118.3087,47.97957],[-118.3087,47.97903],[-118.3091,47.97903],[-118.3091,47.97849],[-118.3095,47.97849],[-118.3095,47.97795],[-118.3099,47.97795],[-118.3099,47.9758],[-118.31031,47.9758],[-118.31031,47.97526],[-118.31071,47.97526],[-118.31071,47.97472],[-118.31151,47.97472],[-118.31151,47.97445],[-118.31232,47.97445],[-118.31232,47.97418],[-118.31392,47.97418],[-118.31392,47.97364],[-118.31433,47.97364],[-118.31433,47.9731],[-118.31473,47.9731],[-118.31473,47.97202],[-118.31513,47.97202],[-118.31513,47.97014],[-118.31553,47.97014],[-118.31553,47.96987],[-118.31634,47.96987],[-118.31634,47.96771],[-118.31674,47.96771],[-118.31674,47.96744],[-118.31634,47.96744],[-118.31634,47.96636],[-118.31594,47.96636],[-118.31594,47.96556],[-118.31634,47.96556],[-118.31634,47.96475],[-118.31714,47.96448],[-118.31714,47.96394],[-118.31754,47.96394],[-118.31754,47.96286],[-118.31674,47.96259],[-118.31674,47.96232],[-118.31553,47.96232],[-118.31553,47.96205],[-118.31473,47.96178],[-118.31473,47.96124],[-118.31392,47.96124],[-118.31392,47.96097],[-118.31191,47.96097],[-118.31191,47.96124],[-118.31151,47.96124],[-118.31151,47.96044],[-118.31232,47.96017],[-118.31232,47.9599],[-118.31272,47.9599],[-118.31272,47.95936],[-118.31312,47.95936],[-118.31312,47.95909],[-118.31352,47.95909],[-118.31352,47.95882],[-118.31433,47.95855],[-118.31433,47.95774],[-118.31392,47.95774],[-118.31392,47.95747],[-118.31111,47.95747],[-118.31111,47.95774],[-118.30789,47.95774],[-118.30789,47.95747],[-118.30548,47.95747],[-118.30548,47.95774],[-118.30468,47.95747],[-118.30468,47.95774],[-118.30427,47.95774],[-118.30427,47.95747],[-118.30387,47.95747],[-118.30387,47.95774],[-118.30146,47.95774],[-118.30146,47.95747],[-118.29905,47.95747],[-118.29905,47.9572],[-118.29663,47.9572],[-118.29663,47.95693],[-118.29543,47.95693],[-118.29543,47.9572],[-118.29181,47.9572],[-118.29181,47.95747],[-118.2914,47.95747],[-118.2914,47.9572],[-118.2906,47.9572],[-118.2906,47.95747],[-118.28899,47.95747],[-118.28899,47.95774],[-118.28859,47.95774],[-118.28859,47.95801],[-118.28779,47.95801],[-118.28779,47.95855],[-118.28698,47.95855],[-118.28698,47.95909],[-118.28658,47.95909],[-118.28658,47.95882],[-118.28457,47.95882],[-118.28457,47.95936],[-118.28376,47.95963],[-118.28376,47.96017],[-118.28296,47.96044],[-118.28296,47.96071],[-118.28256,47.96071],[-118.28256,47.96124],[-118.28216,47.96124],[-118.28216,47.96151],[-118.28175,47.96151],[-118.28175,47.96178],[-118.28135,47.96178],[-118.28135,47.96205],[-118.28095,47.96205],[-118.28095,47.96232],[-118.28055,47.96232],[-118.28055,47.96286],[-118.27934,47.96286],[-118.27934,47.96421],[-118.27854,47.96421],[-118.27854,47.96475],[-118.27813,47.96475],[-118.27813,47.96502],[-118.27773,47.96502],[-118.27773,47.96529],[-118.27733,47.96529],[-118.27733,47.96556],[-118.27653,47.96556],[-118.27653,47.9661],[-118.27572,47.9661],[-118.27572,47.96636],[-118.27532,47.96636],[-118.27532,47.96663],[-118.27452,47.96663],[-118.27452,47.96744],[-118.27411,47.96744],[-118.27411,47.96798],[-118.27371,47.96798],[-118.27371,47.96825],[-118.27411,47.96825],[-118.27411,47.96852],[-118.27331,47.96879],[-118.27331,47.96906],[-118.27291,47.96906],[-118.27291,47.96933],[-118.2725,47.96933],[-118.2725,47.9696],[-118.2721,47.9696],[-118.2721,47.96987],[-118.2717,47.96987],[-118.2717,47.97014],[-118.27009,47.97014],[-118.27009,47.97041],[-118.26929,47.97068],[-118.26929,47.97095],[-118.26889,47.97095],[-118.26889,47.97122],[-118.26848,47.97122],[-118.26848,47.97148],[-118.26889,47.97148],[-118.26889,47.97202],[-118.26929,47.97202],[-118.26929,47.97229],[-118.26889,47.97229],[-118.26889,47.97256],[-118.26929,47.97256],[-118.26929,47.97283],[-118.26848,47.9731],[-118.26848,47.97337],[-118.26768,47.97364],[-118.26768,47.97391],[-118.26687,47.97391],[-118.26687,47.97418],[-118.26567,47.97418],[-118.26567,47.97391],[-118.26486,47.97391],[-118.26486,47.97364],[-118.26446,47.97364],[-118.26446,47.97337],[-118.26366,47.9731],[-118.26366,47.97283],[-118.26285,47.97283],[-118.26285,47.97256],[-118.26205,47.97283],[-118.26205,47.9731],[-118.26245,47.9731],[-118.26245,47.97337],[-118.26326,47.97364],[-118.26326,47.97391],[-118.26285,47.97391],[-118.26285,47.97472],[-118.26124,47.97472],[-118.26124,47.97499],[-118.26084,47.97499],[-118.26084,47.97526],[-118.26044,47.97526],[-118.26044,47.97607],[-118.26124,47.97634],[-118.26124,47.97849],[-118.26165,47.97849],[-118.26165,47.97876],[-118.26124,47.97876],[-118.26124,47.97903],[-118.25923,47.97903],[-118.25923,47.9793],[-118.25521,47.9793],[-118.25521,47.97903],[-118.25481,47.97903],[-118.25481,47.97876],[-118.2524,47.97876],[-118.2524,47.97849],[-118.25159,47.97822],[-118.25159,47.97714],[-118.25079,47.97714],[-118.25079,47.97795],[-118.25039,47.97795],[-118.25039,47.97768],[-118.24918,47.97768],[-118.24918,47.97849],[-118.24958,47.97849],[-118.24958,47.97957],[-118.24918,47.97957],[-118.24918,47.97984],[-118.24838,47.97984],[-118.24838,47.98011],[-118.24717,47.98011],[-118.24717,47.97984],[-118.24516,47.97984],[-118.24516,47.98011],[-118.24476,47.98011],[-118.24476,47.98038],[-118.24435,47.98038],[-118.24435,47.98065],[-118.24355,47.98092],[-118.24355,47.98011],[-118.24315,47.98011],[-118.24315,47.9793],[-118.24275,47.9793],[-118.24275,47.97903],[-118.24355,47.97876],[-118.24355,47.97849],[-118.24637,47.97849],[-118.24637,47.97822],[-118.24717,47.97795],[-118.24717,47.97741],[-118.24878,47.97741],[-118.24878,47.97714],[-118.24797,47.97714],[-118.24797,47.97687],[-118.25159,47.97687],[-118.25159,47.97634],[-118.252,47.97634],[-118.252,47.97607],[-118.25119,47.9758],[-118.25119,47.97553],[-118.24958,47.97553],[-118.24958,47.97526],[-118.24556,47.97526],[-118.24556,47.97499],[-118.24315,47.97472],[-118.24315,47.97445],[-118.24234,47.97445],[-118.24234,47.97418],[-118.24194,47.97418],[-118.24194,47.97256],[-118.24234,47.97256],[-118.24234,47.97095],[-118.24154,47.97095],[-118.24154,47.97068],[-118.24114,47.97068],[-118.24114,47.97041],[-118.23993,47.97041],[-118.23993,47.97014],[-118.23953,47.97014],[-118.23953,47.96987],[-118.23913,47.96987],[-118.23913,47.96906],[-118.23872,47.96906],[-118.23872,47.96879],[-118.23913,47.96879],[-118.23913,47.96825],[-118.23953,47.96825],[-118.23953,47.96798],[-118.23993,47.96798],[-118.23993,47.96771],[-118.24074,47.96771],[-118.24074,47.96744],[-118.24033,47.96744],[-118.24033,47.96717],[-118.24114,47.96717],[-118.24114,47.96744],[-118.24234,47.96744],[-118.24234,47.96663],[-118.24114,47.96663],[-118.24114,47.9669],[-118.24033,47.96663],[-118.24033,47.9669],[-118.23993,47.9669],[-118.23993,47.96663],[-118.23913,47.96663],[-118.23913,47.9661],[-118.23832,47.96636],[-118.23832,47.96529],[-118.23752,47.96556],[-118.23752,47.96421],[-118.23671,47.96421],[-118.23671,47.96394],[-118.23752,47.96394],[-118.23752,47.96367],[-118.23712,47.96367],[-118.23712,47.9634],[-118.23752,47.9634],[-118.23752,47.96097],[-118.23671,47.96097],[-118.23671,47.96071],[-118.23712,47.96071],[-118.23712,47.96044],[-118.23671,47.96044],[-118.23671,47.95936],[-118.23591,47.95936],[-118.23591,47.95909],[-118.23631,47.95909],[-118.23631,47.95882],[-118.23591,47.95882],[-118.23591,47.95828],[-118.23551,47.95828],[-118.23551,47.9572],[-118.23511,47.9572],[-118.23511,47.95666],[-118.2343,47.95666],[-118.2343,47.95639],[-118.2339,47.95639],[-118.2339,47.95585],[-118.2343,47.95585],[-118.2343,47.95505],[-118.2335,47.95505],[-118.2335,47.95532],[-118.23309,47.95532],[-118.23309,47.95451],[-118.2335,47.95451],[-118.2335,47.95424],[-118.2343,47.95424],[-118.2343,47.95289],[-118.23309,47.95289],[-118.23309,47.95262],[-118.2335,47.95262],[-118.2335,47.95181],[-118.23309,47.95181],[-118.23309,47.95235],[-118.23269,47.95235],[-118.23269,47.95154],[-118.23309,47.95154],[-118.23309,47.95127],[-118.23269,47.95127],[-118.23269,47.951],[-118.2335,47.951],[-118.2335,47.95046],[-118.2347,47.95046],[-118.2347,47.95073],[-118.23511,47.95073],[-118.23511,47.95019],[-118.2343,47.95019],[-118.2343,47.94966],[-118.2335,47.94966],[-118.2335,47.94939],[-118.23551,47.94939],[-118.23551,47.94831],[-118.23511,47.94831],[-118.23511,47.94858],[-118.23269,47.94858],[-118.23269,47.94831],[-118.23229,47.94831],[-118.23229,47.94804],[-118.2335,47.94804],[-118.2335,47.94777],[-118.23309,47.94777],[-118.23309,47.9475],[-118.2335,47.9475],[-118.2335,47.94723],[-118.23511,47.94723],[-118.23511,47.94696],[-118.23712,47.94696],[-118.23712,47.94615],[-118.23752,47.94615],[-118.23752,47.94534],[-118.23712,47.94534],[-118.23712,47.944],[-118.23752,47.944],[-118.23752,47.94238],[-118.23712,47.94238],[-118.23712,47.93995],[-118.23752,47.93995],[-118.23752,47.93915],[-118.23712,47.93915],[-118.23712,47.93861],[-118.23752,47.93861],[-118.23752,47.93645],[-118.23712,47.93645],[-118.23712,47.93564],[-118.23792,47.93537],[-118.23792,47.93483],[-118.23832,47.93483],[-118.23832,47.93429],[-118.23792,47.93429],[-118.23792,47.93079],[-118.23832,47.93079],[-118.23832,47.92944],[-118.23872,47.92944],[-118.23872,47.9289],[-118.23913,47.9289],[-118.23913,47.92864],[-118.23832,47.92837],[-118.23832,47.9281],[-118.23752,47.9281],[-118.23752,47.92783],[-118.23712,47.92783],[-118.23712,47.92756],[-118.23631,47.92729],[-118.23631,47.92675],[-118.23591,47.92675],[-118.23591,47.92648],[-118.23551,47.92648],[-118.23551,47.92621],[-118.23511,47.92621],[-118.23511,47.92648],[-118.2343,47.92675],[-118.2343,47.92702],[-118.23309,47.92702],[-118.23309,47.92675],[-118.23269,47.92675],[-118.23269,47.92648],[-118.23229,47.92648],[-118.23229,47.92621],[-118.23149,47.92621],[-118.23149,47.92594],[-118.23108,47.92594],[-118.23108,47.9254],[-118.23068,47.9254],[-118.23068,47.92513],[-118.22988,47.92486],[-118.22988,47.92459],[-118.22867,47.92459],[-118.22867,47.92486],[-118.22827,47.92486],[-118.22827,47.92459],[-118.22747,47.92459],[-118.22747,47.92432],[-118.22626,47.92432],[-118.22626,47.92405],[-118.22545,47.92405],[-118.22545,47.92378],[-118.22505,47.92378],[-118.22505,47.92352],[-118.22465,47.92352],[-118.22465,47.92325],[-118.22304,47.92298],[-118.22304,47.92271],[-118.22264,47.92271],[-118.22264,47.92244],[-118.22143,47.92244],[-118.22143,47.92217],[-118.22103,47.92217],[-118.22103,47.9219],[-118.22023,47.9219],[-118.22023,47.92163],[-118.21982,47.92163],[-118.21982,47.92136],[-118.21902,47.92109],[-118.21902,47.91759],[-118.21862,47.91759],[-118.21862,47.91651],[-118.21822,47.91651],[-118.21822,47.91624],[-118.21701,47.91624],[-118.21701,47.91597],[-118.21661,47.91597],[-118.21661,47.9157],[-118.2158,47.91543],[-118.2158,47.91408],[-118.2154,47.91408],[-118.2154,47.91327],[-118.215,47.91327],[-118.215,47.91247],[-118.21419,47.9122],[-118.21419,47.91139],[-118.2146,47.91139],[-118.2146,47.91112],[-118.2154,47.91085],[-118.2154,47.9095],[-118.2158,47.9095],[-118.2158,47.90923],[-118.21781,47.90923],[-118.21781,47.9095],[-118.21902,47.9095],[-118.21902,47.90923],[-118.22063,47.90896],[-118.22063,47.90681],[-118.22143,47.90681],[-118.22143,47.90708],[-118.22184,47.90708],[-118.22184,47.90735],[-118.22304,47.90735],[-118.22304,47.90761],[-118.22465,47.90761],[-118.22465,47.90735],[-118.22505,47.90735],[-118.22505,47.90681],[-118.22545,47.90681],[-118.22545,47.90654],[-118.22626,47.90654],[-118.22626,47.90627],[-118.22867,47.90627],[-118.22867,47.90681],[-118.22948,47.90681],[-118.22948,47.90735],[-118.23028,47.90735],[-118.23028,47.90761],[-118.23068,47.90761],[-118.23068,47.90788],[-118.23108,47.90788],[-118.23108,47.90761],[-118.23149,47.90761],[-118.23149,47.90735],[-118.23189,47.90735],[-118.23189,47.90681],[-118.2335,47.90681],[-118.2335,47.90842],[-118.2339,47.90842],[-118.2339,47.90869],[-118.2347,47.90896],[-118.2347,47.90923],[-118.23551,47.90923],[-118.23551,47.90896],[-118.23712,47.90896],[-118.23712,47.90869],[-118.23792,47.90842],[-118.23792,47.90815],[-118.23832,47.90815],[-118.23832,47.90788],[-118.24033,47.90788],[-118.24033,47.90815],[-118.24074,47.90815],[-118.24074,47.90788],[-118.24194,47.90788],[-118.24194,47.90761],[-118.24234,47.90761],[-118.24234,47.90815],[-118.24275,47.90815],[-118.24275,47.90842],[-118.24355,47.90842],[-118.24355,47.90869],[-118.24395,47.90869],[-118.24395,47.90896],[-118.24556,47.90896],[-118.24556,47.90869],[-118.24838,47.90869],[-118.24838,47.90896],[-118.24878,47.90896],[-118.24878,47.91004],[-118.24918,47.91004],[-118.24918,47.91058],[-118.24958,47.91058],[-118.24958,47.91085],[-118.25039,47.91112],[-118.25039,47.91166],[-118.25119,47.91193],[-118.25119,47.91354],[-118.25159,47.91354],[-118.25159,47.91381],[-118.252,47.91381],[-118.252,47.91408],[-118.2524,47.91408],[-118.2524,47.91381],[-118.2536,47.91381],[-118.2536,47.91408],[-118.25441,47.91435],[-118.25441,47.91489],[-118.25481,47.91489],[-118.25481,47.9157],[-118.25521,47.9157],[-118.25521,47.91651],[-118.25561,47.91651],[-118.25561,47.91705],[-118.25602,47.91705],[-118.25602,47.91759],[-118.25642,47.91759],[-118.25642,47.91813],[-118.25682,47.91813],[-118.25682,47.91839],[-118.25763,47.91866],[-118.25763,47.9192],[-118.25803,47.9192],[-118.25803,47.91974],[-118.25843,47.91974],[-118.25843,47.92028],[-118.25883,47.92028],[-118.25883,47.92082],[-118.26084,47.92082],[-118.26084,47.92136],[-118.26165,47.92136],[-118.26165,47.92163],[-118.26205,47.92163],[-118.26205,47.9219],[-118.26326,47.9219],[-118.26326,47.92217],[-118.26486,47.92244],[-118.26486,47.92271],[-118.26527,47.92271],[-118.26527,47.92298],[-118.26687,47.92298],[-118.26687,47.92325],[-118.26768,47.92325],[-118.26768,47.92352],[-118.26929,47.92352],[-118.26929,47.92378],[-118.27049,47.92378],[-118.27049,47.92405],[-118.2709,47.92405],[-118.2709,47.92432],[-118.2717,47.92432],[-118.2717,47.92325],[-118.2721,47.92325],[-118.2721,47.92298],[-118.27411,47.92298],[-118.27411,47.92271],[-118.27452,47.92271],[-118.27452,47.92244],[-118.27653,47.92244],[-118.27653,47.92217],[-118.27612,47.92217],[-118.27612,47.9219],[-118.27854,47.9219],[-118.27854,47.92136],[-118.27934,47.92136],[-118.27934,47.92082],[-118.27974,47.92082],[-118.27974,47.92136],[-118.28014,47.92136],[-118.28014,47.92055],[-118.27934,47.92055],[-118.27934,47.92028],[-118.27974,47.92028],[-118.27974,47.92001],[-118.27854,47.92001],[-118.27854,47.91974],[-118.27934,47.91947],[-118.27934,47.9192],[-118.28095,47.9192],[-118.28095,47.91893],[-118.28055,47.91893],[-118.28055,47.91866],[-118.28135,47.91866],[-118.28135,47.91893],[-118.28175,47.91893],[-118.28175,47.91866],[-118.28336,47.91866],[-118.28336,47.91813],[-118.28376,47.91813],[-118.28376,47.91516],[-118.28457,47.91489],[-118.28457,47.91462],[-118.28819,47.91462],[-118.28819,47.91435],[-118.28859,47.91435],[-118.28859,47.91381],[-118.28939,47.91381],[-118.28939,47.91327],[-118.2902,47.913],[-118.2902,47.91274],[-118.291,47.91274],[-118.291,47.91247],[-118.2914,47.91247],[-118.2914,47.913],[-118.2906,47.913],[-118.2906,47.91327],[-118.29221,47.91327],[-118.29221,47.913],[-118.29422,47.913],[-118.29422,47.91327],[-118.29502,47.91327],[-118.29502,47.91193]],[[-118.2335,47.95478],[-118.2343,47.95478],[-118.2343,47.95451],[-118.2335,47.95451],[-118.2335,47.95478]],[[-118.23591,47.94831],[-118.23591,47.94804],[-118.23551,47.94804],[-118.23551,47.94831],[-118.23591,47.94831]],[[-118.30628,47.98954],[-118.30628,47.989],[-118.30669,47.989],[-118.30669,47.98846],[-118.30588,47.98846],[-118.30588,47.989],[-118.30508,47.98927],[-118.30508,47.99008],[-118.30548,47.99008],[-118.30548,47.98981],[-118.30588,47.98981],[-118.30588,47.98954],[-118.30628,47.98954]],[[-118.3095,47.98631],[-118.3095,47.98604],[-118.31031,47.98577],[-118.31031,47.98496],[-118.31071,47.98496],[-118.31071,47.98415],[-118.31111,47.98415],[-118.31111,47.98334],[-118.3095,47.98307],[-118.3095,47.98334],[-118.3087,47.98334],[-118.3087,47.98361],[-118.30789,47.98388],[-118.30789,47.98442],[-118.30749,47.98442],[-118.30749,47.98523],[-118.30709,47.98523],[-118.30709,47.9855],[-118.30749,47.9855],[-118.30749,47.98577],[-118.30709,47.98577],[-118.30709,47.98631],[-118.30669,47.98631],[-118.30669,47.98685],[-118.3087,47.98685],[-118.3087,47.98658],[-118.3095,47.98631]],[[-118.26848,47.97202],[-118.26848,47.97175],[-118.26808,47.97175],[-118.26808,47.97202],[-118.26848,47.97202]],[[-118.26406,47.96421],[-118.26406,47.96394],[-118.26446,47.96394],[-118.26446,47.96367],[-118.26486,47.96367],[-118.26486,47.96286],[-118.26647,47.96259],[-118.26647,47.96232],[-118.26687,47.96232],[-118.26687,47.96205],[-118.26768,47.96205],[-118.26768,47.96178],[-118.26808,47.96178],[-118.26808,47.96151],[-118.26889,47.96151],[-118.26889,47.96124],[-118.26969,47.96124],[-118.26969,47.96097],[-118.2709,47.96097],[-118.2709,47.96124],[-118.27291,47.96124],[-118.27291,47.96151],[-118.27452,47.96151],[-118.27452,47.96097],[-118.27492,47.96097],[-118.27492,47.96071],[-118.27612,47.96071],[-118.27612,47.96044],[-118.27572,47.96044],[-118.27572,47.96017],[-118.27612,47.96017],[-118.27612,47.95963],[-118.27653,47.95963],[-118.27653,47.95936],[-118.27612,47.95936],[-118.27612,47.95882],[-118.27653,47.95882],[-118.27653,47.95828],[-118.27693,47.95828],[-118.27693,47.9572],[-118.27733,47.9572],[-118.27733,47.95612],[-118.27773,47.95612],[-118.27773,47.95558],[-118.27813,47.95558],[-118.27813,47.95532],[-118.28175,47.95532],[-118.28175,47.95505],[-118.28899,47.95505],[-118.28899,47.95478],[-118.2902,47.95478],[-118.2902,47.95451],[-118.291,47.95424],[-118.291,47.95397],[-118.29181,47.95397],[-118.29181,47.9537],[-118.29221,47.9537],[-118.29221,47.95343],[-118.29261,47.95343],[-118.29261,47.95316],[-118.29301,47.95316],[-118.29301,47.95289],[-118.29382,47.95262],[-118.29382,47.95235],[-118.29543,47.95235],[-118.29543,47.95208],[-118.29784,47.95208],[-118.29784,47.95235],[-118.29824,47.95235],[-118.29824,47.95208],[-118.29905,47.95181],[-118.29905,47.95154],[-118.29945,47.95154],[-118.29945,47.95127],[-118.29985,47.95127],[-118.29985,47.951],[-118.30025,47.951],[-118.30025,47.95073],[-118.30065,47.95073],[-118.30065,47.95046],[-118.30106,47.95046],[-118.30106,47.95019],[-118.30146,47.95019],[-118.30146,47.94993],[-118.30186,47.94993],[-118.30186,47.94966],[-118.30226,47.94966],[-118.30226,47.94885],[-118.30266,47.94885],[-118.30266,47.94804],[-118.30307,47.94804],[-118.30307,47.9475],[-118.30347,47.9475],[-118.30347,47.94696],[-118.30387,47.94696],[-118.30387,47.94642],[-118.30427,47.94642],[-118.30427,47.94615],[-118.30508,47.94615],[-118.30508,47.94561],[-118.30548,47.94561],[-118.30548,47.94534],[-118.30588,47.94534],[-118.30588,47.94507],[-118.30669,47.94507],[-118.30669,47.94481],[-118.30829,47.94481],[-118.30829,47.94454],[-118.3099,47.94454],[-118.3099,47.94427],[-118.31031,47.94427],[-118.31031,47.944],[-118.31191,47.944],[-118.31191,47.94292],[-118.31272,47.94292],[-118.31272,47.94265],[-118.31312,47.94265],[-118.31312,47.94238],[-118.31272,47.94238],[-118.31272,47.94211],[-118.31312,47.94211],[-118.31312,47.94184],[-118.31352,47.94184],[-118.31352,47.94157],[-118.31433,47.94157],[-118.31433,47.9413],[-118.31513,47.94103],[-118.31513,47.94049],[-118.31553,47.94049],[-118.31553,47.93726],[-118.31513,47.93726],[-118.31513,47.93591],[-118.31433,47.93591],[-118.31433,47.93564],[-118.31312,47.93564],[-118.31312,47.93537],[-118.31191,47.93537],[-118.31191,47.9351],[-118.31111,47.9351],[-118.31111,47.93483],[-118.31031,47.93456],[-118.31031,47.93429],[-118.3099,47.93429],[-118.3099,47.93403],[-118.3095,47.93403],[-118.3095,47.93376],[-118.3087,47.93376],[-118.3087,47.93322],[-118.3095,47.93322],[-118.3095,47.93295],[-118.3099,47.93295],[-118.3099,47.93268],[-118.31031,47.93268],[-118.31031,47.93241],[-118.31111,47.93241],[-118.31111,47.93214],[-118.31151,47.93214],[-118.31151,47.93187],[-118.31392,47.93214],[-118.31392,47.93241],[-118.31513,47.93241],[-118.31513,47.93268],[-118.31714,47.93268],[-118.31714,47.93295],[-118.31996,47.93295],[-118.31996,47.93268],[-118.32116,47.93268],[-118.32116,47.93052],[-118.32157,47.93052],[-118.32157,47.92971],[-118.32197,47.92971],[-118.32197,47.92917],[-118.32277,47.9289],[-118.32277,47.92837],[-118.32317,47.92837],[-118.32317,47.9281],[-118.32358,47.9281],[-118.32358,47.92756],[-118.32398,47.92756],[-118.32398,47.92702],[-118.32438,47.92702],[-118.32438,47.92648],[-118.32478,47.92648],[-118.32478,47.92621],[-118.32559,47.92621],[-118.32559,47.92594],[-118.32599,47.92594],[-118.32599,47.92567],[-118.32639,47.92567],[-118.32639,47.9254],[-118.3276,47.9254],[-118.3276,47.92459],[-118.32679,47.92432],[-118.32679,47.92378],[-118.32639,47.92378],[-118.32639,47.92325],[-118.32679,47.92325],[-118.32679,47.92136],[-118.32719,47.92136],[-118.32719,47.92082],[-118.32277,47.92082],[-118.32277,47.92055],[-118.32237,47.92055],[-118.32237,47.92001],[-118.32157,47.91974],[-118.32157,47.9192],[-118.32116,47.9192],[-118.32116,47.91839],[-118.32076,47.91839],[-118.32076,47.91786],[-118.32036,47.91786],[-118.32036,47.91759],[-118.32237,47.91759],[-118.32237,47.91786],[-118.32398,47.91786],[-118.32398,47.91813],[-118.32599,47.91813],[-118.32599,47.91839],[-118.32719,47.91839],[-118.32719,47.91813],[-118.3276,47.91813],[-118.3276,47.91759],[-118.3284,47.91732],[-118.3284,47.91705],[-118.3288,47.91705],[-118.3288,47.91678],[-118.32921,47.91678],[-118.32921,47.91651],[-118.32961,47.91651],[-118.32961,47.91624],[-118.33001,47.91624],[-118.33001,47.91597],[-118.33041,47.91597],[-118.33041,47.9157],[-118.33081,47.9157],[-118.33081,47.91516],[-118.33162,47.91489],[-118.33162,47.91462],[-118.33202,47.91462],[-118.33202,47.91435],[-118.33242,47.91435],[-118.33242,47.91354],[-118.33282,47.91354],[-118.33282,47.913],[-118.33323,47.913],[-118.33323,47.91274],[-118.33363,47.91274],[-118.33363,47.91247],[-118.33403,47.91247],[-118.33403,47.9122],[-118.33443,47.9122],[-118.33443,47.91193],[-118.33484,47.91193],[-118.33484,47.91166],[-118.33524,47.91166],[-118.33524,47.91139],[-118.33564,47.91139],[-118.33564,47.91085],[-118.33604,47.91085],[-118.33604,47.91031],[-118.33644,47.91031],[-118.33644,47.90923],[-118.33564,47.90923],[-118.33564,47.90869],[-118.33524,47.90869],[-118.33524,47.90815],[-118.33484,47.90815],[-118.33484,47.90735],[-118.33443,47.90735],[-118.33443,47.90708],[-118.33403,47.90708],[-118.33403,47.90681],[-118.33363,47.90681],[-118.33363,47.90627],[-118.33282,47.90627],[-118.33282,47.906],[-118.33242,47.906],[-118.33242,47.90573],[-118.33001,47.906],[-118.33001,47.90627],[-118.32961,47.90627],[-118.32961,47.90654],[-118.32719,47.90681],[-118.32719,47.90708],[-118.32599,47.90708],[-118.32599,47.90735],[-118.32438,47.90735],[-118.32438,47.90761],[-118.32197,47.90761],[-118.32197,47.90788],[-118.32036,47.90788],[-118.32036,47.90761],[-118.31915,47.90761],[-118.31915,47.90788],[-118.31875,47.90788],[-118.31875,47.90815],[-118.31955,47.90842],[-118.31955,47.90923],[-118.31875,47.9095],[-118.31875,47.91004],[-118.31835,47.91004],[-118.31835,47.91031],[-118.31795,47.91031],[-118.31795,47.91058],[-118.31634,47.91085],[-118.31634,47.91112],[-118.31594,47.91112],[-118.31594,47.91139],[-118.31553,47.91139],[-118.31553,47.91166],[-118.31312,47.91193],[-118.31312,47.9122],[-118.31232,47.9122],[-118.31232,47.91247],[-118.31191,47.91247],[-118.31191,47.91274],[-118.31071,47.91274],[-118.31071,47.913],[-118.3099,47.913],[-118.3099,47.91381],[-118.3095,47.91381],[-118.3095,47.91408],[-118.3091,47.91408],[-118.3091,47.91435],[-118.30829,47.91435],[-118.30829,47.91462],[-118.30709,47.91462],[-118.30709,47.91516],[-118.30749,47.91516],[-118.30749,47.9157],[-118.30709,47.9157],[-118.30709,47.91597],[-118.30628,47.91597],[-118.30628,47.91624],[-118.30548,47.91624],[-118.30548,47.91651],[-118.30468,47.91651],[-118.30468,47.91678],[-118.30387,47.91678],[-118.30387,47.91705],[-118.30307,47.91705],[-118.30307,47.91732],[-118.30226,47.91759],[-118.30226,47.91813],[-118.30146,47.91839],[-118.30146,47.91893],[-118.30106,47.91893],[-118.30106,47.9192],[-118.30065,47.9192],[-118.30065,47.91947],[-118.30025,47.91947],[-118.30025,47.91974],[-118.29945,47.92001],[-118.29945,47.92028],[-118.29864,47.92028],[-118.29864,47.92055],[-118.29784,47.92055],[-118.29784,47.92082],[-118.29663,47.92082],[-118.29663,47.92109],[-118.29583,47.92109],[-118.29583,47.92136],[-118.29462,47.92136],[-118.29462,47.92163],[-118.29422,47.92163],[-118.29422,47.9219],[-118.29301,47.9219],[-118.29301,47.92325],[-118.29221,47.92352],[-118.29221,47.92378],[-118.29181,47.92378],[-118.29181,47.92136],[-118.28939,47.92136],[-118.28939,47.92109],[-118.28779,47.92109],[-118.28779,47.9219],[-118.28738,47.9219],[-118.28738,47.92244],[-118.28698,47.92244],[-118.28698,47.92298],[-118.28658,47.92298],[-118.28658,47.92459],[-118.28698,47.92459],[-118.28698,47.9254],[-118.28738,47.9254],[-118.28738,47.92621],[-118.28698,47.92621],[-118.28698,47.92648],[-118.28577,47.92648],[-118.28577,47.92675],[-118.28497,47.92675],[-118.28497,47.92837],[-118.28457,47.92837],[-118.28457,47.92864],[-118.28376,47.92864],[-118.28376,47.9289],[-118.28256,47.9289],[-118.28256,47.92917],[-118.28095,47.92917],[-118.28095,47.92944],[-118.27974,47.92944],[-118.27974,47.92971],[-118.27854,47.92971],[-118.27854,47.93079],[-118.27894,47.93079],[-118.27894,47.93187],[-118.27813,47.93214],[-118.27813,47.93241],[-118.27653,47.93241],[-118.27653,47.93295],[-118.27612,47.93295],[-118.27612,47.93376],[-118.27572,47.93376],[-118.27572,47.93403],[-118.27331,47.93403],[-118.27331,47.93429],[-118.27291,47.93429],[-118.27291,47.93456],[-118.2725,47.93456],[-118.2725,47.93483],[-118.26969,47.93483],[-118.26969,47.93456],[-118.26929,47.93456],[-118.26929,47.93483],[-118.26889,47.93483],[-118.26889,47.9351],[-118.26848,47.9351],[-118.26848,47.93564],[-118.26607,47.93564],[-118.26607,47.93537],[-118.26366,47.93537],[-118.26366,47.93564],[-118.26165,47.93564],[-118.26165,47.93645],[-118.26205,47.93645],[-118.26205,47.93672],[-118.26165,47.93672],[-118.26165,47.93726],[-118.26124,47.93726],[-118.26124,47.9378],[-118.26044,47.93807],[-118.26044,47.93861],[-118.25964,47.93888],[-118.25964,47.93915],[-118.25923,47.93915],[-118.25923,47.93942],[-118.25883,47.93942],[-118.25883,47.93995],[-118.25803,47.94022],[-118.25803,47.94103],[-118.25722,47.9413],[-118.25722,47.94211],[-118.25763,47.94211],[-118.25763,47.94454],[-118.25722,47.94454],[-118.25722,47.94615],[-118.25682,47.94615],[-118.25682,47.94642],[-118.25602,47.94642],[-118.25602,47.94615],[-118.25561,47.94615],[-118.25561,47.94561],[-118.25521,47.94561],[-118.25521,47.94534],[-118.25561,47.94534],[-118.25561,47.94507],[-118.25602,47.94507],[-118.25602,47.94481],[-118.25642,47.94481],[-118.25642,47.94454],[-118.25521,47.94454],[-118.25521,47.94427],[-118.25441,47.944],[-118.25441,47.94373],[-118.2536,47.94373],[-118.2536,47.94427],[-118.25401,47.94427],[-118.25401,47.94454],[-118.25481,47.94454],[-118.25481,47.94507],[-118.25401,47.94534],[-118.25401,47.94615],[-118.25441,47.94615],[-118.25441,47.94642],[-118.2532,47.94642],[-118.2532,47.94696],[-118.25401,47.94696],[-118.25401,47.94723],[-118.25481,47.94723],[-118.25481,47.9475],[-118.25602,47.9475],[-118.25602,47.94777],[-118.25521,47.94777],[-118.25521,47.94804],[-118.25481,47.94804],[-118.25481,47.94831],[-118.2536,47.94831],[-118.2536,47.94858],[-118.2524,47.94858],[-118.2524,47.94831],[-118.252,47.94831],[-118.252,47.94804],[-118.25119,47.94804],[-118.25119,47.94858],[-118.25159,47.94858],[-118.25159,47.94885],[-118.2528,47.94885],[-118.2528,47.94993],[-118.25079,47.94993],[-118.25079,47.95019],[-118.25039,47.95019],[-118.25039,47.94993],[-118.24998,47.94993],[-118.24998,47.94966],[-118.25079,47.94939],[-118.25079,47.94912],[-118.24958,47.94912],[-118.24958,47.94885],[-118.24918,47.94885],[-118.24918,47.94858],[-118.24878,47.94858],[-118.24878,47.94696],[-118.24797,47.94669],[-118.24797,47.9475],[-118.24838,47.9475],[-118.24838,47.94831],[-118.24797,47.94831],[-118.24797,47.94858],[-118.24637,47.94858],[-118.24637,47.94831],[-118.24677,47.94831],[-118.24677,47.94777],[-118.24717,47.94777],[-118.24717,47.9475],[-118.24637,47.9475],[-118.24637,47.94696],[-118.24556,47.94696],[-118.24556,47.94777],[-118.24596,47.94777],[-118.24596,47.94831],[-118.24516,47.94831],[-118.24516,47.94858],[-118.24476,47.94858],[-118.24476,47.94912],[-118.24395,47.94912],[-118.24395,47.94939],[-118.24516,47.94939],[-118.24516,47.94912],[-118.24556,47.94912],[-118.24556,47.94939],[-118.24596,47.94939],[-118.24596,47.94966],[-118.24556,47.94966],[-118.24556,47.95019],[-118.24677,47.95019],[-118.24677,47.951],[-118.24757,47.95127],[-118.24757,47.95154],[-118.24717,47.95154],[-118.24717,47.95181],[-118.24637,47.95208],[-118.24637,47.95235],[-118.24556,47.95235],[-118.24556,47.95181],[-118.24516,47.95181],[-118.24516,47.95019],[-118.24355,47.95019],[-118.24355,47.95046],[-118.24395,47.95046],[-118.24395,47.951],[-118.24435,47.951],[-118.24435,47.95127],[-118.24275,47.95127],[-118.24275,47.951],[-118.24234,47.951],[-118.24234,47.95046],[-118.24194,47.95046],[-118.24194,47.95073],[-118.24114,47.951],[-118.24114,47.95154],[-118.24194,47.95154],[-118.24194,47.95208],[-118.24154,47.95208],[-118.24154,47.9537],[-118.24476,47.9537],[-118.24476,47.95451],[-118.24556,47.95451],[-118.24556,47.95478],[-118.24516,47.95478],[-118.24516,47.95505],[-118.24355,47.95505],[-118.24355,47.95478],[-118.24315,47.95478],[-118.24315,47.95505],[-118.24194,47.95505],[-118.24194,47.95532],[-118.24234,47.95532],[-118.24234,47.95558],[-118.24315,47.95585],[-118.24315,47.95612],[-118.24275,47.95612],[-118.24275,47.95639],[-118.24234,47.95639],[-118.24234,47.95666],[-118.24315,47.95666],[-118.24315,47.9572],[-118.24355,47.9572],[-118.24355,47.95801],[-118.24315,47.95801],[-118.24315,47.95855],[-118.24395,47.95882],[-118.24395,47.95936],[-118.24476,47.95936],[-118.24476,47.96017],[-118.24556,47.96044],[-118.24556,47.96124],[-118.24637,47.96151],[-118.24637,47.96205],[-118.24677,47.96205],[-118.24677,47.96232],[-118.24717,47.96232],[-118.24717,47.96259],[-118.24797,47.96259],[-118.24797,47.96286],[-118.24958,47.96286],[-118.24958,47.96259],[-118.2524,47.96259],[-118.2524,47.96286],[-118.2532,47.96286],[-118.2532,47.96313],[-118.2536,47.96313],[-118.2536,47.96367],[-118.25401,47.96367],[-118.25401,47.96394],[-118.25561,47.96421],[-118.25561,47.96448],[-118.25803,47.96448],[-118.25803,47.96475],[-118.26044,47.96475],[-118.26044,47.96448],[-118.26326,47.96448],[-118.26326,47.96421],[-118.26406,47.96421]],[[-118.2721,47.96178],[-118.2721,47.96232],[-118.27291,47.96232],[-118.27291,47.96205],[-118.27331,47.96205],[-118.27331,47.96178],[-118.2721,47.96178]],[[-118.33644,47.95639],[-118.33644,47.95612],[-118.33604,47.95612],[-118.33604,47.95639],[-118.33644,47.95639]],[[-118.23511,47.95532],[-118.23511,47.95505],[-118.2347,47.95505],[-118.2347,47.95532],[-118.23511,47.95532]],[[-118.2339,47.95154],[-118.2339,47.95208],[-118.2343,47.95208],[-118.2343,47.95154],[-118.2339,47.95154]],[[-118.2339,47.95127],[-118.2335,47.95127],[-118.2335,47.95154],[-118.2339,47.95154],[-118.2339,47.95127]],[[-118.30628,47.94912],[-118.30628,47.94966],[-118.30548,47.94966],[-118.30548,47.94939],[-118.30508,47.94939],[-118.30508,47.94912],[-118.30427,47.94912],[-118.30427,47.94966],[-118.30468,47.94966],[-118.30468,47.94993],[-118.30709,47.94993],[-118.30709,47.94939],[-118.30628,47.94912]],[[-118.23591,47.94993],[-118.23591,47.94966],[-118.23551,47.94966],[-118.23551,47.94993],[-118.23591,47.94993]],[[-118.30669,47.94777],[-118.30669,47.9475],[-118.30548,47.9475],[-118.30548,47.94804],[-118.30709,47.94804],[-118.30709,47.94831],[-118.30749,47.94831],[-118.30749,47.94912],[-118.30789,47.94912],[-118.30789,47.94804],[-118.30749,47.94804],[-118.30749,47.94777],[-118.30669,47.94777]],[[-118.3095,47.9475],[-118.3099,47.9475],[-118.3099,47.94696],[-118.3091,47.94669],[-118.3091,47.94723],[-118.3095,47.94723],[-118.3095,47.9475]],[[-118.3099,47.94669],[-118.3099,47.94642],[-118.3095,47.94642],[-118.3095,47.94669],[-118.3099,47.94669]],[[-118.31031,47.94642],[-118.31031,47.94615],[-118.31191,47.94588],[-118.31191,47.94534],[-118.31111,47.94534],[-118.31111,47.94561],[-118.3087,47.94534],[-118.3087,47.94588],[-118.3099,47.94588],[-118.3099,47.94642],[-118.31031,47.94642]],[[-118.30789,47.94588],[-118.30789,47.94642],[-118.3091,47.94642],[-118.3091,47.94615],[-118.3087,47.94615],[-118.3087,47.94588],[-118.30789,47.94588]],[[-118.25159,47.94507],[-118.25159,47.94534],[-118.25079,47.94534],[-118.25079,47.94561],[-118.25119,47.94561],[-118.25119,47.94696],[-118.252,47.94696],[-118.252,47.94561],[-118.2524,47.94561],[-118.2524,47.94507],[-118.25159,47.94507]],[[-118.30709,47.94588],[-118.30709,47.94561],[-118.30669,47.94561],[-118.30669,47.94588],[-118.30709,47.94588]],[[-118.28457,47.92729],[-118.28457,47.92702],[-118.28417,47.92702],[-118.28417,47.92729],[-118.28457,47.92729]],[[-118.28618,47.92055],[-118.28618,47.92028],[-118.28779,47.92001],[-118.28779,47.91974],[-118.28859,47.91947],[-118.28859,47.9192],[-118.28939,47.9192],[-118.28939,47.91893],[-118.2902,47.91866],[-118.2902,47.91839],[-118.291,47.91839],[-118.291,47.91813],[-118.29181,47.91786],[-118.29181,47.91759],[-118.29221,47.91759],[-118.29221,47.91732],[-118.29261,47.91732],[-118.29261,47.91705],[-118.29301,47.91705],[-118.29301,47.91678],[-118.29342,47.91678],[-118.29342,47.91651],[-118.29422,47.91651],[-118.29422,47.91624],[-118.29502,47.91624],[-118.29502,47.91597],[-118.29623,47.91597],[-118.29623,47.9157],[-118.29703,47.9157],[-118.29703,47.91543],[-118.29985,47.91543],[-118.29985,47.91516],[-118.30146,47.91516],[-118.30146,47.91489],[-118.30266,47.91489],[-118.30266,47.91462],[-118.30307,47.91462],[-118.30307,47.91435],[-118.30347,47.91435],[-118.30347,47.91408],[-118.30387,47.91408],[-118.30387,47.91354],[-118.30427,47.91354],[-118.30427,47.91327],[-118.30508,47.91327],[-118.30508,47.913],[-118.30588,47.913],[-118.30588,47.91274],[-118.30669,47.91247],[-118.30669,47.91139],[-118.30628,47.91139],[-118.30628,47.91058],[-118.30588,47.91058],[-118.30588,47.91031],[-118.30347,47.91004],[-118.30347,47.90977],[-118.30226,47.90977],[-118.30226,47.9095],[-118.30186,47.9095],[-118.30186,47.90977],[-118.30146,47.90977],[-118.30146,47.91004],[-118.30106,47.91004],[-118.30106,47.91031],[-118.30065,47.91031],[-118.30065,47.91058],[-118.29864,47.91058],[-118.29864,47.91031],[-118.29703,47.91031],[-118.29703,47.91139],[-118.29663,47.91139],[-118.29663,47.91247],[-118.29744,47.91274],[-118.29744,47.91327],[-118.29824,47.91354],[-118.29824,47.91408],[-118.29784,47.91408],[-118.29784,47.91435],[-118.29703,47.91435],[-118.29703,47.91462],[-118.29623,47.91489],[-118.29623,47.91516],[-118.29543,47.91489],[-118.29543,47.91462],[-118.29502,47.91462],[-118.29502,47.91435],[-118.29462,47.91435],[-118.29462,47.91408],[-118.29422,47.91408],[-118.29422,47.91381],[-118.29382,47.91381],[-118.29382,47.91354],[-118.29342,47.91354],[-118.29342,47.91381],[-118.29261,47.91381],[-118.29261,47.91408],[-118.29221,47.91408],[-118.29221,47.91435],[-118.29181,47.91435],[-118.29181,47.91462],[-118.2914,47.91462],[-118.2914,47.91516],[-118.291,47.91516],[-118.291,47.91597],[-118.2902,47.91597],[-118.2902,47.9157],[-118.28899,47.9157],[-118.28899,47.91543],[-118.28698,47.91543],[-118.28698,47.91516],[-118.28497,47.91516],[-118.28497,47.91813],[-118.28457,47.91813],[-118.28457,47.92109],[-118.28537,47.92082],[-118.28537,47.92055],[-118.28618,47.92055]],[[-118.28014,47.91974],[-118.28014,47.91947],[-118.27974,47.91947],[-118.27974,47.91974],[-118.28014,47.91974]],[[-118.30789,47.90788],[-118.30789,47.90761],[-118.30749,47.90761],[-118.30749,47.90788],[-118.30789,47.90788]]],[[[-118.25119,47.97822],[-118.25079,47.97822],[-118.25079,47.97795],[-118.25119,47.97795],[-118.25119,47.97822]]],[[[-118.24355,47.98119],[-118.24315,47.98119],[-118.24315,47.98092],[-118.24355,47.98092],[-118.24355,47.98119]]],[[[-118.24315,47.98146],[-118.24275,47.98146],[-118.24275,47.98119],[-118.24315,47.98119],[-118.24315,47.98146]]],[[[-118.24194,47.98253],[-118.24194,47.98226],[-118.24234,47.98226],[-118.24234,47.98253],[-118.24194,47.98253]]],[[[-118.24194,47.98307],[-118.24194,47.9828],[-118.24234,47.9828],[-118.24234,47.98307],[-118.24194,47.98307]]],[[[-118.22545,47.99008],[-118.22505,47.99008],[-118.22505,47.98954],[-118.22465,47.98954],[-118.22465,47.98927],[-118.22505,47.98927],[-118.22505,47.989],[-118.22465,47.989],[-118.22465,47.98846],[-118.22425,47.98846],[-118.22425,47.98765],[-118.22385,47.98765],[-118.22385,47.98685],[-118.22425,47.98685],[-118.22425,47.98658],[-118.22545,47.98658],[-118.22545,47.98631],[-118.22626,47.98631],[-118.22626,47.98658],[-118.22706,47.98658],[-118.22706,47.98685],[-118.22787,47.98712],[-118.22787,47.98738],[-118.22867,47.98738],[-118.22867,47.98765],[-118.23028,47.98765],[-118.23028,47.98738],[-118.23189,47.98738],[-118.23189,47.98712],[-118.23269,47.98712],[-118.23269,47.98658],[-118.2335,47.98658],[-118.2335,47.98631],[-118.23309,47.98631],[-118.23309,47.98469],[-118.23269,47.98469],[-118.23269,47.98334],[-118.23551,47.98334],[-118.23551,47.98361],[-118.23591,47.98361],[-118.23591,47.98388],[-118.23631,47.98388],[-118.23631,47.98361],[-118.23752,47.98361],[-118.23752,47.98388],[-118.23832,47.98388],[-118.23832,47.98415],[-118.23872,47.98415],[-118.23872,47.98442],[-118.23913,47.98442],[-118.23913,47.98469],[-118.23993,47.98469],[-118.23993,47.98496],[-118.24033,47.98496],[-118.24033,47.98469],[-118.24074,47.98469],[-118.24074,47.98442],[-118.24114,47.98442],[-118.24114,47.98361],[-118.24074,47.98361],[-118.24074,47.98334],[-118.24154,47.98334],[-118.24154,47.98307],[-118.24194,47.98307],[-118.24194,47.98334],[-118.24315,47.98334],[-118.24315,47.98361],[-118.24355,47.98361],[-118.24355,47.98388],[-118.24435,47.98388],[-118.24435,47.98442],[-118.24476,47.98442],[-118.24476,47.98469],[-118.24395,47.98469],[-118.24395,47.98496],[-118.24476,47.98496],[-118.24476,47.9855],[-118.24556,47.9855],[-118.24556,47.98604],[-118.24637,47.98604],[-118.24637,47.98631],[-118.24677,47.98631],[-118.24677,47.98658],[-118.24958,47.98658],[-118.24958,47.98685],[-118.25119,47.98685],[-118.25119,47.98712],[-118.25521,47.98712],[-118.25521,47.98685],[-118.25602,47.98685],[-118.25602,47.98712],[-118.25964,47.98712],[-118.25964,47.98685],[-118.26044,47.98685],[-118.26044,47.98658],[-118.26084,47.98658],[-118.26084,47.98685],[-118.26165,47.98658],[-118.26165,47.98685],[-118.26326,47.98685],[-118.26326,47.98712],[-118.26486,47.98712],[-118.26486,47.98738],[-118.26527,47.98738],[-118.26527,47.98712],[-118.26607,47.98712],[-118.26607,47.98685],[-118.26647,47.98685],[-118.26647,47.98712],[-118.26728,47.98685],[-118.26728,47.98712],[-118.26848,47.98712],[-118.26848,47.98738],[-118.26889,47.98738],[-118.26889,47.98765],[-118.27049,47.98765],[-118.27049,47.98792],[-118.2709,47.98792],[-118.2709,47.98873],[-118.27009,47.989],[-118.27009,47.98981],[-118.26768,47.98981],[-118.26768,47.99008],[-118.26728,47.99008],[-118.26728,47.99035],[-118.26647,47.99062],[-118.26647,47.99197],[-118.26687,47.99197],[-118.26687,47.99251],[-118.26728,47.99251],[-118.26728,47.99331],[-118.26808,47.99358],[-118.26808,47.99412],[-118.26647,47.99412],[-118.26647,47.99385],[-118.26406,47.99385],[-118.26406,47.99412],[-118.26044,47.99412],[-118.26044,47.99385],[-118.26004,47.99385],[-118.26004,47.99358],[-118.25964,47.99358],[-118.25964,47.99304],[-118.25843,47.99304],[-118.25843,47.99277],[-118.25803,47.99277],[-118.25803,47.99251],[-118.25763,47.99251],[-118.25763,47.99277],[-118.25682,47.99251],[-118.25682,47.99277],[-118.25561,47.99277],[-118.25561,47.99304],[-118.25441,47.99304],[-118.25441,47.99331],[-118.25401,47.99331],[-118.25401,47.99304],[-118.2532,47.99304],[-118.2532,47.99277],[-118.25159,47.99277],[-118.25159,47.99304],[-118.25079,47.99304],[-118.25079,47.99277],[-118.24998,47.99277],[-118.24998,47.99251],[-118.24958,47.99251],[-118.24958,47.99277],[-118.24918,47.99277],[-118.24918,47.99251],[-118.24878,47.99251],[-118.24878,47.99277],[-118.24797,47.99251],[-118.24797,47.99439],[-118.24677,47.99439],[-118.24677,47.99412],[-118.24637,47.99412],[-118.24637,47.99385],[-118.24596,47.99385],[-118.24596,47.99358],[-118.24556,47.99358],[-118.24556,47.99385],[-118.24516,47.99385],[-118.24516,47.99358],[-118.24476,47.99358],[-118.24476,47.99385],[-118.24275,47.99385],[-118.24275,47.99412],[-118.24154,47.99412],[-118.24154,47.99439],[-118.23712,47.99439],[-118.23712,47.99412],[-118.23511,47.99412],[-118.23511,47.99385],[-118.2343,47.99358],[-118.2343,47.99331],[-118.23309,47.99331],[-118.23309,47.99304],[-118.23229,47.99331],[-118.23229,47.99277],[-118.23149,47.99251],[-118.23149,47.99224],[-118.23108,47.99224],[-118.23108,47.99277],[-118.23028,47.99277],[-118.23028,47.99304],[-118.22948,47.99304],[-118.22948,47.99331],[-118.22827,47.99331],[-118.22827,47.99304],[-118.22747,47.99304],[-118.22747,47.9917],[-118.22666,47.9917],[-118.22666,47.99143],[-118.22586,47.99143],[-118.22586,47.99116],[-118.22545,47.99116],[-118.22545,47.99008]],[[-118.22706,47.99143],[-118.22706,47.99116],[-118.22666,47.99116],[-118.22666,47.99143],[-118.22706,47.99143]],[[-118.23752,47.98658],[-118.23752,47.98631],[-118.23832,47.98604],[-118.23832,47.98523],[-118.23792,47.98523],[-118.23792,47.98469],[-118.23712,47.98469],[-118.23712,47.98442],[-118.23591,47.98442],[-118.23591,47.98469],[-118.23551,47.98469],[-118.23551,47.98496],[-118.23511,47.98496],[-118.23511,47.98577],[-118.2347,47.98577],[-118.2347,47.98604],[-118.2339,47.98631],[-118.2339,47.98685],[-118.2347,47.98685],[-118.2347,47.98712],[-118.23671,47.98712],[-118.23671,47.98685],[-118.23752,47.98658]]],[[[-118.21339,47.90815],[-118.21419,47.90842],[-118.21419,47.90869],[-118.215,47.90896],[-118.215,47.90923],[-118.21259,47.90923],[-118.21259,47.90842],[-118.21339,47.90842],[-118.21339,47.90815]]],[[[-118.2154,47.9095],[-118.215,47.9095],[-118.215,47.90923],[-118.2154,47.90923],[-118.2154,47.9095]]],[[[-118.23269,47.9475],[-118.23269,47.94723],[-118.23309,47.94723],[-118.23309,47.9475],[-118.23269,47.9475]]],[[[-118.23269,47.95451],[-118.23269,47.95424],[-118.23309,47.95424],[-118.23309,47.95451],[-118.23269,47.95451]]],[[[-118.2339,47.95585],[-118.2335,47.95585],[-118.2335,47.95532],[-118.2339,47.95532],[-118.2339,47.95585]]],[[[-118.24154,47.97984],[-118.24033,47.97984],[-118.24033,47.97957],[-118.24154,47.97957],[-118.24154,47.97984]]],[[[-118.24033,47.98092],[-118.23993,47.98092],[-118.23993,47.98038],[-118.23953,47.98038],[-118.23953,47.98011],[-118.23993,47.98011],[-118.23993,47.97984],[-118.24033,47.97984],[-118.24033,47.98011],[-118.24074,47.98011],[-118.24074,47.98038],[-118.24154,47.98038],[-118.24154,47.98092],[-118.24275,47.98092],[-118.24275,47.98119],[-118.24154,47.98119],[-118.24154,47.98146],[-118.24114,47.98146],[-118.24114,47.98173],[-118.24074,47.98173],[-118.24074,47.98119],[-118.24033,47.98119],[-118.24033,47.98092]]],[[[-118.24194,47.98173],[-118.24194,47.98226],[-118.24114,47.982],[-118.24114,47.98173],[-118.24194,47.98173]]],[[[-118.24154,47.9828],[-118.24154,47.98253],[-118.24194,47.98253],[-118.24194,47.9828],[-118.24154,47.9828]]]]},"properties":{"layer":"predicted_growth_24h","fire_name":"Mitre_Rock","irwin_id":"{C11A3685-C035-4241-A17C-8076EE99619D}","model":"arrival_run","checkpoint_epoch":216,"decode":"connected_causal","operating_point":{"floor":0.0,"mult":0.9},"val_precision":null,"val_recall":null,"model_caveat":"arrival_run chosen for best RECALL among the six FlameFlux v3 candidates on the production-valid t0-window corpus (R=0.624 on the fc2 held-out fires, R=0.432 on Dillon -- see candidate_comparison.md from the 2026-07-24 comparison). It does NOT meet the project's P>=0.50/R>=0.80 target: precision is the WORST of the six (P=0.120 on fc2 -- most flagged growth is wrong), and wind_run actually edges it on F1. IMPORTANT CAVEAT: arrival_run trained on the leaky 'observed' corpus (crop centered/sized on t0|t1, i.e. it saw the future perimeter's geometry during training) and has NEVER seen a t0-window crop -- the ONLY geometry this live pipeline can ever produce at forecast time (the future perimeter is, by definition, unknown). So every live prediction from this model is out-of-distribution relative to its own training. The measured t0-window numbers above already reflect that (they are not a surprise), but this is 'best available', not 'production-ready' -- represent it that way. The operating_point (floor=0.0, mult=0.9) is the VAL-selected connected-causal decode point; it did NOT clear the 0.50 precision floor during selection (feasible=False, val P=0.270/R=0.259) -- it's the best-F1 fallback point, not a precision-guaranteed one.","issued_at_utc":"2026-08-05 10:59:55.016141+00:00","valid_from_utc":"2026-08-05 00:00:00","valid_to_utc":"2026-08-06 00:00:00","wfigs_date_current_utc":"2026-08-05 10:16:25+00:00","pixel_size_m":30,"veg_source":"refreshed_d4","physics_source":"eikonal_fbfm40","history_n_dates":4,"degraded_history":false,"containment_pct":0.0,"acres_wfigs":4439.297279101989}},{"type":"Feature","geometry":{"type":"MultiPolygon","coordinates":[[[[-118.28457,47.92082],[-118.28417,47.92082],[-118.28417,47.91813],[-118.28457,47.91813],[-118.28457,47.91543],[-118.28497,47.91543],[-118.28497,47.91516],[-118.28779,47.91516],[-118.28779,47.91543],[-118.28819,47.91543],[-118.28819,47.91516],[-118.28939,47.91516],[-118.28939,47.91543],[-118.2906,47.91543],[-118.2906,47.91516],[-118.291,47.91516],[-118.291,47.91462],[-118.29181,47.91435],[-118.29181,47.91408],[-118.29221,47.91408],[-118.29221,47.91381],[-118.29301,47.91381],[-118.29301,47.91354],[-118.29422,47.91354],[-118.29422,47.91381],[-118.29502,47.91408],[-118.29502,47.91435],[-118.29543,47.91435],[-118.29543,47.91462],[-118.29703,47.91435],[-118.29703,47.91408],[-118.29744,47.91408],[-118.29744,47.91327],[-118.29663,47.913],[-118.29663,47.91247],[-118.29623,47.91247],[-118.29623,47.91139],[-118.29663,47.91139],[-118.29663,47.91031],[-118.30065,47.91031],[-118.30065,47.91004],[-118.30146,47.90977],[-118.30146,47.9095],[-118.30347,47.9095],[-118.30347,47.90977],[-118.30468,47.90977],[-118.30468,47.91004],[-118.30628,47.91031],[-118.30628,47.91058],[-118.30669,47.91058],[-118.30669,47.91112],[-118.30709,47.91112],[-118.30709,47.9122],[-118.30669,47.9122],[-118.30669,47.91247],[-118.30588,47.91274],[-118.30588,47.913],[-118.30508,47.913],[-118.30508,47.91327],[-118.30427,47.91354],[-118.30427,47.91381],[-118.30387,47.91381],[-118.30387,47.91408],[-118.30347,47.91408],[-118.30347,47.91435],[-118.30307,47.91435],[-118.30307,47.91462],[-118.30266,47.91462],[-118.30266,47.91489],[-118.30146,47.91489],[-118.30146,47.91516],[-118.29985,47.91516],[-118.29985,47.91543],[-118.29744,47.91543],[-118.29744,47.9157],[-118.29663,47.9157],[-118.29663,47.91597],[-118.29422,47.91624],[-118.29422,47.91651],[-118.29382,47.91651],[-118.29382,47.91678],[-118.29301,47.91678],[-118.29301,47.91705],[-118.29221,47.91732],[-118.29221,47.91759],[-118.29181,47.91759],[-118.29181,47.91786],[-118.2914,47.91786],[-118.2914,47.91813],[-118.291,47.91813],[-118.291,47.91839],[-118.2906,47.91839],[-118.2906,47.91866],[-118.2898,47.91866],[-118.2898,47.91893],[-118.28939,47.91893],[-118.28939,47.9192],[-118.28859,47.9192],[-118.28859,47.91947],[-118.28779,47.91974],[-118.28779,47.92001],[-118.28618,47.92028],[-118.28618,47.92055],[-118.28577,47.92055],[-118.28577,47.92082],[-118.28497,47.92082],[-118.28497,47.92109],[-118.28457,47.92109],[-118.28457,47.92082]]],[[[-118.24355,47.95478],[-118.24355,47.95451],[-118.24435,47.95451],[-118.24435,47.95424],[-118.24355,47.95424],[-118.24355,47.95397],[-118.24154,47.95397],[-118.24154,47.9537],[-118.24114,47.9537],[-118.24114,47.95154],[-118.24074,47.95154],[-118.24074,47.951],[-118.24114,47.951],[-118.24114,47.95073],[-118.24154,47.95073],[-118.24154,47.95046],[-118.24315,47.95046],[-118.24315,47.95019],[-118.24395,47.94993],[-118.24395,47.94939],[-118.24355,47.94939],[-118.24355,47.94912],[-118.24435,47.94885],[-118.24435,47.94831],[-118.24476,47.94831],[-118.24476,47.94777],[-118.24516,47.94777],[-118.24516,47.94696],[-118.24556,47.94696],[-118.24556,47.94669],[-118.24637,47.94669],[-118.24637,47.94696],[-118.24717,47.94696],[-118.24717,47.94723],[-118.24757,47.94723],[-118.24757,47.94696],[-118.24797,47.94696],[-118.24797,47.94669],[-118.24878,47.94669],[-118.24878,47.94696],[-118.24918,47.94696],[-118.24918,47.94804],[-118.24958,47.94804],[-118.24958,47.94858],[-118.25039,47.94858],[-118.25039,47.94804],[-118.25119,47.94777],[-118.25119,47.94723],[-118.25079,47.94723],[-118.25079,47.94669],[-118.25039,47.94669],[-118.25039,47.94534],[-118.25079,47.94534],[-118.25079,47.94507],[-118.252,47.94507],[-118.252,47.94534],[-118.2528,47.94507],[-118.2528,47.94534],[-118.2532,47.94534],[-118.2532,47.94507],[-118.2536,47.94507],[-118.2536,47.94454],[-118.2532,47.94454],[-118.2532,47.944],[-118.25401,47.944],[-118.25401,47.94373],[-118.25521,47.94373],[-118.25521,47.944],[-118.25682,47.94427],[-118.25682,47.94373],[-118.25722,47.94373],[-118.25722,47.94238],[-118.25682,47.94238],[-118.25682,47.9413],[-118.25763,47.94103],[-118.25763,47.94049],[-118.25803,47.94049],[-118.25803,47.93995],[-118.25883,47.93968],[-118.25883,47.93915],[-118.25923,47.93915],[-118.25923,47.93888],[-118.25964,47.93888],[-118.25964,47.93861],[-118.26044,47.93834],[-118.26044,47.9378],[-118.26084,47.9378],[-118.26084,47.93726],[-118.26124,47.93726],[-118.26124,47.93672],[-118.26165,47.93672],[-118.26165,47.93564],[-118.26245,47.93564],[-118.26245,47.93537],[-118.26808,47.93537],[-118.26808,47.9351],[-118.26848,47.9351],[-118.26848,47.93483],[-118.26929,47.93483],[-118.26929,47.93456],[-118.2725,47.93456],[-118.2725,47.93429],[-118.27291,47.93429],[-118.27291,47.93403],[-118.27411,47.93403],[-118.27411,47.93376],[-118.27572,47.93376],[-118.27572,47.93322],[-118.27612,47.93322],[-118.27612,47.93268],[-118.27653,47.93268],[-118.27653,47.93241],[-118.27733,47.93241],[-118.27733,47.93214],[-118.27813,47.93214],[-118.27813,47.93187],[-118.27854,47.93187],[-118.27854,47.92971],[-118.27934,47.92971],[-118.27934,47.92944],[-118.28055,47.92944],[-118.28055,47.92917],[-118.28216,47.92917],[-118.28216,47.9289],[-118.28296,47.9289],[-118.28296,47.92864],[-118.28376,47.92864],[-118.28376,47.92837],[-118.28457,47.92837],[-118.28457,47.92729],[-118.28417,47.92729],[-118.28417,47.92702],[-118.28457,47.92702],[-118.28457,47.92675],[-118.28537,47.92675],[-118.28537,47.92648],[-118.28618,47.92648],[-118.28618,47.92621],[-118.28698,47.92621],[-118.28698,47.92486],[-118.28658,47.92486],[-118.28658,47.92298],[-118.28698,47.92298],[-118.28698,47.92244],[-118.28738,47.92244],[-118.28738,47.9219],[-118.28779,47.9219],[-118.28779,47.92109],[-118.28939,47.92109],[-118.28939,47.92136],[-118.29181,47.92136],[-118.29181,47.92298],[-118.29261,47.92298],[-118.29261,47.92217],[-118.29301,47.92217],[-118.29301,47.9219],[-118.29382,47.9219],[-118.29382,47.92163],[-118.29422,47.92163],[-118.29422,47.92136],[-118.29543,47.92136],[-118.29543,47.92109],[-118.29623,47.92109],[-118.29623,47.92082],[-118.29703,47.92082],[-118.29703,47.92055],[-118.29824,47.92055],[-118.29824,47.92028],[-118.29905,47.92028],[-118.29905,47.92001],[-118.29945,47.92001],[-118.29945,47.91974],[-118.29985,47.91974],[-118.29985,47.91947],[-118.30025,47.91947],[-118.30025,47.9192],[-118.30106,47.91893],[-118.30106,47.91866],[-118.30146,47.91866],[-118.30146,47.91813],[-118.30226,47.91786],[-118.30226,47.91732],[-118.30307,47.91732],[-118.30307,47.91705],[-118.30347,47.91705],[-118.30347,47.91678],[-118.30427,47.91678],[-118.30427,47.91651],[-118.30508,47.91651],[-118.30508,47.91624],[-118.30588,47.91624],[-118.30588,47.91597],[-118.30669,47.91597],[-118.30669,47.9157],[-118.30709,47.9157],[-118.30709,47.91462],[-118.3087,47.91435],[-118.3087,47.91408],[-118.3091,47.91408],[-118.3091,47.91381],[-118.3095,47.91381],[-118.3095,47.91354],[-118.3099,47.91354],[-118.3099,47.913],[-118.31031,47.913],[-118.31031,47.91274],[-118.31151,47.91274],[-118.31151,47.91247],[-118.31191,47.91247],[-118.31191,47.9122],[-118.31272,47.9122],[-118.31272,47.91193],[-118.31513,47.91166],[-118.31513,47.91139],[-118.31553,47.91139],[-118.31553,47.91112],[-118.31594,47.91112],[-118.31594,47.91085],[-118.31754,47.91058],[-118.31754,47.91031],[-118.31795,47.91031],[-118.31795,47.91004],[-118.31835,47.91004],[-118.31835,47.90977],[-118.31875,47.90977],[-118.31875,47.90923],[-118.31915,47.90923],[-118.31915,47.90842],[-118.31875,47.90842],[-118.31875,47.90761],[-118.32076,47.90761],[-118.32076,47.90788],[-118.32157,47.90788],[-118.32157,47.90761],[-118.32398,47.90761],[-118.32398,47.90735],[-118.32559,47.90735],[-118.32559,47.90708],[-118.328,47.90681],[-118.328,47.90654],[-118.32921,47.90654],[-118.32921,47.90627],[-118.32961,47.90627],[-118.32961,47.906],[-118.33081,47.906],[-118.33081,47.90573],[-118.33282,47.90573],[-118.33282,47.906],[-118.33323,47.906],[-118.33323,47.90627],[-118.33403,47.90627],[-118.33403,47.90681],[-118.33443,47.90681],[-118.33443,47.90708],[-118.33524,47.90735],[-118.33524,47.90842],[-118.33564,47.90842],[-118.33564,47.90896],[-118.33604,47.90896],[-118.33604,47.90923],[-118.33644,47.90923],[-118.33644,47.9095],[-118.33685,47.9095],[-118.33685,47.91004],[-118.33644,47.91004],[-118.33644,47.91085],[-118.33604,47.91085],[-118.33604,47.91139],[-118.33564,47.91139],[-118.33564,47.91166],[-118.33484,47.91193],[-118.33484,47.9122],[-118.33443,47.9122],[-118.33443,47.91247],[-118.33403,47.91247],[-118.33403,47.91274],[-118.33323,47.913],[-118.33323,47.91354],[-118.33282,47.91354],[-118.33282,47.91408],[-118.33242,47.91408],[-118.33242,47.91462],[-118.33202,47.91462],[-118.33202,47.91489],[-118.33162,47.91489],[-118.33162,47.91516],[-118.33122,47.91516],[-118.33122,47.9157],[-118.33041,47.91597],[-118.33041,47.91624],[-118.33001,47.91624],[-118.33001,47.91651],[-118.32961,47.91651],[-118.32961,47.91678],[-118.32921,47.91678],[-118.32921,47.91705],[-118.3288,47.91705],[-118.3288,47.91732],[-118.3284,47.91732],[-118.3284,47.91759],[-118.328,47.91759],[-118.328,47.91813],[-118.3276,47.91813],[-118.3276,47.91839],[-118.32599,47.91866],[-118.32599,47.91839],[-118.32398,47.91839],[-118.32398,47.91813],[-118.32237,47.91813],[-118.32237,47.91786],[-118.32157,47.91786],[-118.32157,47.91893],[-118.32197,47.91893],[-118.32197,47.91947],[-118.32237,47.91947],[-118.32237,47.92001],[-118.32277,47.92001],[-118.32277,47.92028],[-118.32317,47.92028],[-118.32317,47.92055],[-118.32599,47.92055],[-118.32599,47.92082],[-118.3276,47.92082],[-118.3276,47.92136],[-118.32719,47.92136],[-118.32719,47.92325],[-118.32679,47.92325],[-118.32679,47.92378],[-118.32719,47.92378],[-118.32719,47.92432],[-118.328,47.92459],[-118.328,47.92513],[-118.3276,47.92513],[-118.3276,47.9254],[-118.32679,47.9254],[-118.32679,47.92567],[-118.32639,47.92567],[-118.32639,47.92594],[-118.32599,47.92594],[-118.32599,47.92621],[-118.32518,47.92621],[-118.32518,47.92648],[-118.32478,47.92648],[-118.32478,47.92702],[-118.32438,47.92702],[-118.32438,47.92756],[-118.32398,47.92756],[-118.32398,47.9281],[-118.32317,47.92837],[-118.32317,47.9289],[-118.32277,47.9289],[-118.32277,47.92917],[-118.32237,47.92917],[-118.32237,47.92971],[-118.32197,47.92971],[-118.32197,47.93052],[-118.32157,47.93052],[-118.32157,47.93241],[-118.32076,47.93268],[-118.32076,47.93295],[-118.31955,47.93295],[-118.31955,47.93322],[-118.31634,47.93322],[-118.31634,47.93295],[-118.31473,47.93295],[-118.31473,47.93268],[-118.31352,47.93268],[-118.31352,47.93241],[-118.31111,47.93241],[-118.31111,47.93268],[-118.31071,47.93268],[-118.31071,47.93295],[-118.3099,47.93295],[-118.3099,47.93322],[-118.3095,47.93322],[-118.3095,47.93376],[-118.31031,47.93376],[-118.31031,47.93403],[-118.31071,47.93403],[-118.31071,47.93429],[-118.31111,47.93429],[-118.31111,47.93456],[-118.31151,47.93456],[-118.31151,47.93483],[-118.31232,47.93483],[-118.31232,47.9351],[-118.31352,47.9351],[-118.31352,47.93537],[-118.31513,47.93564],[-118.31513,47.93591],[-118.31553,47.93591],[-118.31553,47.93645],[-118.31594,47.93645],[-118.31594,47.94049],[-118.31553,47.94049],[-118.31553,47.94103],[-118.31513,47.94103],[-118.31513,47.9413],[-118.31473,47.9413],[-118.31473,47.94157],[-118.31433,47.94157],[-118.31433,47.94184],[-118.31392,47.94184],[-118.31392,47.94211],[-118.31352,47.94211],[-118.31352,47.94265],[-118.31272,47.94292],[-118.31272,47.94373],[-118.31191,47.944],[-118.31191,47.94427],[-118.31151,47.94427],[-118.31151,47.94454],[-118.31031,47.94454],[-118.31031,47.94481],[-118.3099,47.94481],[-118.3099,47.94507],[-118.31071,47.94507],[-118.31071,47.94534],[-118.31151,47.94534],[-118.31151,47.94561],[-118.31232,47.94561],[-118.31232,47.94588],[-118.31151,47.94588],[-118.31151,47.94642],[-118.31071,47.94642],[-118.31071,47.94669],[-118.31031,47.94669],[-118.31031,47.94696],[-118.3095,47.94696],[-118.3095,47.94723],[-118.3099,47.94723],[-118.3099,47.9475],[-118.3091,47.9475],[-118.3091,47.94723],[-118.3087,47.94723],[-118.3087,47.94696],[-118.30789,47.94696],[-118.30789,47.94642],[-118.30749,47.94642],[-118.30749,47.94588],[-118.30789,47.94588],[-118.30789,47.94561],[-118.30829,47.94561],[-118.30829,47.94534],[-118.30628,47.94534],[-118.30628,47.94561],[-118.30588,47.94561],[-118.30588,47.94588],[-118.30548,47.94588],[-118.30548,47.94615],[-118.30508,47.94615],[-118.30508,47.94642],[-118.30468,47.94642],[-118.30468,47.94669],[-118.30387,47.94696],[-118.30387,47.9475],[-118.30347,47.9475],[-118.30347,47.94831],[-118.30307,47.94831],[-118.30307,47.94912],[-118.30266,47.94912],[-118.30266,47.94966],[-118.30226,47.94966],[-118.30226,47.94993],[-118.30186,47.94993],[-118.30186,47.95046],[-118.30106,47.95073],[-118.30106,47.951],[-118.30065,47.951],[-118.30065,47.95127],[-118.30025,47.95127],[-118.30025,47.95154],[-118.29985,47.95154],[-118.29985,47.95181],[-118.29945,47.95181],[-118.29945,47.95208],[-118.29905,47.95208],[-118.29905,47.95235],[-118.29824,47.95235],[-118.29824,47.95262],[-118.29744,47.95262],[-118.29744,47.95235],[-118.29703,47.95235],[-118.29703,47.95262],[-118.29663,47.95262],[-118.29663,47.95235],[-118.29583,47.95235],[-118.29583,47.95262],[-118.29422,47.95262],[-118.29422,47.95289],[-118.29342,47.95316],[-118.29342,47.95343],[-118.29261,47.9537],[-118.29261,47.95397],[-118.29181,47.95397],[-118.29181,47.95424],[-118.2914,47.95424],[-118.2914,47.95451],[-118.2906,47.95451],[-118.2906,47.95478],[-118.2898,47.95478],[-118.2898,47.95505],[-118.28859,47.95505],[-118.28859,47.95532],[-118.28175,47.95532],[-118.28175,47.95558],[-118.27894,47.95558],[-118.27894,47.95585],[-118.27813,47.95585],[-118.27813,47.95693],[-118.27773,47.95693],[-118.27773,47.95774],[-118.27733,47.95774],[-118.27733,47.95855],[-118.27693,47.95855],[-118.27693,47.9599],[-118.27653,47.9599],[-118.27653,47.96071],[-118.27572,47.96071],[-118.27572,47.96097],[-118.27532,47.96097],[-118.27532,47.96124],[-118.27492,47.96124],[-118.27492,47.96151],[-118.27411,47.96178],[-118.27411,47.96205],[-118.27331,47.96205],[-118.27331,47.96232],[-118.27291,47.96232],[-118.27291,47.96259],[-118.2721,47.96259],[-118.2721,47.96232],[-118.2717,47.96232],[-118.2717,47.96178],[-118.2713,47.96178],[-118.2713,47.96151],[-118.27049,47.96151],[-118.27049,47.96124],[-118.27009,47.96124],[-118.27009,47.96151],[-118.26929,47.96151],[-118.26929,47.96178],[-118.26848,47.96178],[-118.26848,47.96205],[-118.26768,47.96205],[-118.26768,47.96232],[-118.26687,47.96259],[-118.26687,47.96286],[-118.26607,47.96286],[-118.26607,47.96313],[-118.26567,47.96313],[-118.26567,47.9634],[-118.26486,47.96367],[-118.26486,47.96421],[-118.26406,47.96421],[-118.26406,47.96448],[-118.26366,47.96448],[-118.26366,47.96475],[-118.26245,47.96475],[-118.26245,47.96502],[-118.25964,47.96502],[-118.25964,47.96529],[-118.25843,47.96529],[-118.25843,47.96502],[-118.25763,47.96502],[-118.25763,47.96475],[-118.25602,47.96502],[-118.25602,47.96475],[-118.25521,47.96475],[-118.25521,47.96448],[-118.25441,47.96448],[-118.25441,47.96421],[-118.2536,47.96421],[-118.2536,47.96367],[-118.2528,47.9634],[-118.2528,47.96313],[-118.252,47.96313],[-118.252,47.96286],[-118.24998,47.96286],[-118.24998,47.96313],[-118.24757,47.96313],[-118.24757,47.96286],[-118.24677,47.96286],[-118.24677,47.96259],[-118.24637,47.96259],[-118.24637,47.96205],[-118.24556,47.96178],[-118.24556,47.96124],[-118.24516,47.96124],[-118.24516,47.96071],[-118.24476,47.96071],[-118.24476,47.96017],[-118.24395,47.9599],[-118.24395,47.95936],[-118.24355,47.95936],[-118.24355,47.95909],[-118.24315,47.95909],[-118.24315,47.95855],[-118.24275,47.95855],[-118.24275,47.95774],[-118.24315,47.95774],[-118.24315,47.95747],[-118.24275,47.95747],[-118.24275,47.95693],[-118.24194,47.95666],[-118.24194,47.95639],[-118.24234,47.95639],[-118.24234,47.95585],[-118.24194,47.95585],[-118.24194,47.95505],[-118.24234,47.95505],[-118.24234,47.95478],[-118.24355,47.95478]],[[-118.24234,47.95532],[-118.24275,47.95532],[-118.24275,47.95505],[-118.24234,47.95505],[-118.24234,47.95532]],[[-118.24596,47.951],[-118.24596,47.95154],[-118.24637,47.95154],[-118.24637,47.951],[-118.24596,47.951]],[[-118.24556,47.94993],[-118.24556,47.95019],[-118.24596,47.95019],[-118.24596,47.94993],[-118.24556,47.94993]],[[-118.2524,47.9475],[-118.2524,47.94723],[-118.252,47.94723],[-118.252,47.94777],[-118.2528,47.94777],[-118.2528,47.9475],[-118.2524,47.9475]],[[-118.30829,47.94588],[-118.30829,47.94615],[-118.3087,47.94615],[-118.3087,47.94588],[-118.30829,47.94588]]],[[[-118.30669,47.94561],[-118.30709,47.94561],[-118.30709,47.94588],[-118.30669,47.94588],[-118.30669,47.94561]]],[[[-118.30669,47.94912],[-118.30669,47.94858],[-118.30548,47.94858],[-118.30548,47.94804],[-118.30508,47.94804],[-118.30508,47.9475],[-118.30548,47.9475],[-118.30548,47.94723],[-118.30709,47.94723],[-118.30709,47.9475],[-118.30789,47.9475],[-118.30789,47.94777],[-118.30829,47.94777],[-118.30829,47.94885],[-118.30789,47.94885],[-118.30789,47.94966],[-118.30749,47.94966],[-118.30749,47.94993],[-118.30709,47.94993],[-118.30709,47.95019],[-118.30548,47.95019],[-118.30548,47.95046],[-118.30387,47.94993],[-118.30387,47.94912],[-118.30427,47.94912],[-118.30427,47.94885],[-118.30548,47.94885],[-118.30548,47.94912],[-118.30588,47.94912],[-118.30588,47.94939],[-118.30669,47.94912]],[[-118.30628,47.94966],[-118.30669,47.94966],[-118.30669,47.94939],[-118.30628,47.94939],[-118.30628,47.94966]]]]},"properties":{"layer":"predicted_reach_h01","fire_name":"Mitre_Rock","irwin_id":"{C11A3685-C035-4241-A17C-8076EE99619D}","model":"arrival_run","checkpoint_epoch":216,"decode":"connected_causal","operating_point":{"floor":0.0,"mult":0.9},"val_precision":null,"val_recall":null,"model_caveat":"arrival_run chosen for best RECALL among the six FlameFlux v3 candidates on the production-valid t0-window corpus (R=0.624 on the fc2 held-out fires, R=0.432 on Dillon -- see candidate_comparison.md from the 2026-07-24 comparison). It does NOT meet the project's P>=0.50/R>=0.80 target: precision is the WORST of the six (P=0.120 on fc2 -- most flagged growth is wrong), and wind_run actually edges it on F1. IMPORTANT CAVEAT: arrival_run trained on the leaky 'observed' corpus (crop centered/sized on t0|t1, i.e. it saw the future perimeter's geometry during training) and has NEVER seen a t0-window crop -- the ONLY geometry this live pipeline can ever produce at forecast time (the future perimeter is, by definition, unknown). So every live prediction from this model is out-of-distribution relative to its own training. The measured t0-window numbers above already reflect that (they are not a surprise), but this is 'best available', not 'production-ready' -- represent it that way. The operating_point (floor=0.0, mult=0.9) is the VAL-selected connected-causal decode point; it did NOT clear the 0.50 precision floor during selection (feasible=False, val P=0.270/R=0.259) -- it's the best-F1 fallback point, not a precision-guaranteed one.","issued_at_utc":"2026-08-05 10:59:55.016141+00:00","valid_from_utc":"2026-08-05 00:00:00","valid_to_utc":"2026-08-06 00:00:00","wfigs_date_current_utc":"2026-08-05 10:16:25+00:00","pixel_size_m":30,"veg_source":"refreshed_d4","physics_source":"eikonal_fbfm40","history_n_dates":4,"degraded_history":false,"containment_pct":0.0,"acres_wfigs":4439.297279101989,"hour":1,"valid_at_utc":"2026-08-05 01:00:00"}},{"type":"Feature","geometry":{"type":"MultiPolygon","coordinates":[[[[-118.28457,47.92109],[-118.28457,47.92082],[-118.28417,47.92082],[-118.28417,47.91813],[-118.28457,47.91813],[-118.28457,47.91516],[-118.28537,47.91516],[-118.28537,47.91489],[-118.28658,47.91489],[-118.28658,47.91516],[-118.2898,47.91516],[-118.2898,47.91543],[-118.2902,47.91543],[-118.2902,47.91516],[-118.291,47.91489],[-118.291,47.91462],[-118.2914,47.91462],[-118.2914,47.91435],[-118.29181,47.91435],[-118.29181,47.91408],[-118.29221,47.91408],[-118.29221,47.91381],[-118.29261,47.91381],[-118.29261,47.91354],[-118.29422,47.91354],[-118.29422,47.91381],[-118.29502,47.91381],[-118.29502,47.91408],[-118.29543,47.91408],[-118.29543,47.91435],[-118.29623,47.91462],[-118.29623,47.91435],[-118.29663,47.91435],[-118.29663,47.91408],[-118.29703,47.91408],[-118.29703,47.91381],[-118.29744,47.91381],[-118.29744,47.91354],[-118.29703,47.91354],[-118.29703,47.913],[-118.29623,47.91274],[-118.29623,47.91139],[-118.29663,47.91139],[-118.29663,47.91031],[-118.29703,47.91031],[-118.29703,47.91004],[-118.30025,47.91031],[-118.30025,47.91004],[-118.30106,47.91004],[-118.30106,47.90977],[-118.30146,47.90977],[-118.30146,47.9095],[-118.30387,47.9095],[-118.30387,47.90977],[-118.30508,47.90977],[-118.30508,47.91004],[-118.30588,47.91004],[-118.30588,47.91031],[-118.30628,47.91031],[-118.30628,47.91058],[-118.30669,47.91058],[-118.30669,47.91085],[-118.30709,47.91085],[-118.30709,47.91247],[-118.30669,47.91247],[-118.30669,47.91274],[-118.30628,47.91274],[-118.30628,47.913],[-118.30548,47.913],[-118.30548,47.91327],[-118.30468,47.91327],[-118.30468,47.91354],[-118.30427,47.91354],[-118.30427,47.91381],[-118.30347,47.91408],[-118.30347,47.91435],[-118.30266,47.91462],[-118.30266,47.91489],[-118.30186,47.91489],[-118.30186,47.91516],[-118.30025,47.91516],[-118.30025,47.91543],[-118.29864,47.91543],[-118.29864,47.9157],[-118.29784,47.91543],[-118.29784,47.9157],[-118.29663,47.9157],[-118.29663,47.91597],[-118.29543,47.91597],[-118.29543,47.91624],[-118.29382,47.91651],[-118.29382,47.91678],[-118.29301,47.91705],[-118.29301,47.91732],[-118.29261,47.91732],[-118.29261,47.91759],[-118.29221,47.91759],[-118.29221,47.91786],[-118.29181,47.91786],[-118.29181,47.91813],[-118.291,47.91813],[-118.291,47.91839],[-118.2906,47.91839],[-118.2906,47.91866],[-118.2902,47.91866],[-118.2902,47.91893],[-118.28939,47.91893],[-118.28939,47.9192],[-118.28899,47.9192],[-118.28899,47.91947],[-118.28819,47.91947],[-118.28819,47.91974],[-118.28779,47.91974],[-118.28779,47.92001],[-118.28698,47.92001],[-118.28698,47.92028],[-118.28658,47.92028],[-118.28658,47.92055],[-118.28577,47.92055],[-118.28577,47.92082],[-118.28497,47.92082],[-118.28497,47.92109],[-118.28457,47.92109]]],[[[-118.30588,47.94615],[-118.30508,47.94615],[-118.30508,47.94669],[-118.30427,47.94669],[-118.30427,47.94723],[-118.30387,47.94723],[-118.30387,47.94777],[-118.30347,47.94777],[-118.30347,47.94858],[-118.30307,47.94858],[-118.30307,47.94939],[-118.30266,47.94939],[-118.30266,47.94993],[-118.30186,47.95019],[-118.30186,47.95046],[-118.30106,47.95073],[-118.30106,47.951],[-118.30025,47.95127],[-118.30025,47.95154],[-118.29945,47.95181],[-118.29945,47.95208],[-118.29864,47.95235],[-118.29864,47.95262],[-118.29824,47.95262],[-118.29824,47.95289],[-118.29784,47.95289],[-118.29784,47.95262],[-118.29502,47.95262],[-118.29502,47.95289],[-118.29382,47.95289],[-118.29382,47.95316],[-118.29301,47.95343],[-118.29301,47.9537],[-118.29261,47.9537],[-118.29261,47.95397],[-118.29221,47.95397],[-118.29221,47.95424],[-118.29181,47.95424],[-118.29181,47.95451],[-118.291,47.95451],[-118.291,47.95478],[-118.2902,47.95478],[-118.2902,47.95505],[-118.2898,47.95505],[-118.2898,47.95532],[-118.28859,47.95532],[-118.28859,47.95558],[-118.28135,47.95558],[-118.28135,47.95585],[-118.27854,47.95585],[-118.27854,47.95612],[-118.27813,47.95612],[-118.27813,47.9572],[-118.27773,47.9572],[-118.27773,47.95828],[-118.27693,47.95855],[-118.27693,47.9599],[-118.27653,47.9599],[-118.27653,47.96071],[-118.27572,47.96097],[-118.27572,47.96124],[-118.27492,47.96124],[-118.27492,47.96151],[-118.27411,47.96178],[-118.27411,47.96205],[-118.27331,47.96232],[-118.27331,47.96259],[-118.2725,47.96259],[-118.2725,47.96286],[-118.2721,47.96286],[-118.2721,47.96259],[-118.2717,47.96259],[-118.2717,47.96178],[-118.2709,47.96178],[-118.2709,47.96151],[-118.26929,47.96151],[-118.26929,47.96178],[-118.26848,47.96178],[-118.26848,47.96205],[-118.26768,47.96232],[-118.26768,47.96259],[-118.26687,47.96259],[-118.26687,47.96286],[-118.26647,47.96286],[-118.26647,47.96313],[-118.26567,47.96313],[-118.26567,47.9634],[-118.26527,47.9634],[-118.26527,47.96394],[-118.26446,47.96421],[-118.26446,47.96448],[-118.26406,47.96448],[-118.26406,47.96475],[-118.26326,47.96475],[-118.26326,47.96502],[-118.26044,47.96502],[-118.26044,47.96529],[-118.25561,47.96502],[-118.25561,47.96475],[-118.25401,47.96448],[-118.25401,47.96421],[-118.2532,47.96394],[-118.2532,47.9634],[-118.2524,47.9634],[-118.2524,47.96313],[-118.24918,47.96313],[-118.24918,47.9634],[-118.24797,47.9634],[-118.24797,47.96313],[-118.24717,47.96313],[-118.24717,47.96286],[-118.24677,47.96286],[-118.24677,47.96259],[-118.24596,47.96232],[-118.24596,47.96178],[-118.24516,47.96151],[-118.24516,47.96097],[-118.24476,47.96097],[-118.24476,47.96044],[-118.24435,47.96044],[-118.24435,47.9599],[-118.24395,47.9599],[-118.24395,47.95963],[-118.24355,47.95963],[-118.24355,47.95909],[-118.24275,47.95882],[-118.24275,47.9572],[-118.24234,47.9572],[-118.24234,47.95666],[-118.24194,47.95666],[-118.24194,47.95612],[-118.24234,47.95612],[-118.24234,47.95585],[-118.24194,47.95585],[-118.24194,47.95532],[-118.24154,47.95532],[-118.24154,47.95505],[-118.24194,47.95505],[-118.24194,47.95478],[-118.24435,47.95451],[-118.24435,47.95424],[-118.24194,47.95424],[-118.24194,47.95397],[-118.24154,47.95397],[-118.24154,47.9537],[-118.24114,47.9537],[-118.24114,47.95181],[-118.24074,47.95181],[-118.24074,47.95073],[-118.24114,47.95073],[-118.24114,47.95046],[-118.24315,47.95046],[-118.24315,47.94993],[-118.24395,47.94966],[-118.24395,47.94939],[-118.24355,47.94939],[-118.24355,47.94912],[-118.24395,47.94912],[-118.24395,47.94858],[-118.24435,47.94858],[-118.24435,47.94804],[-118.24476,47.94804],[-118.24476,47.94696],[-118.24516,47.94696],[-118.24516,47.94669],[-118.24677,47.94669],[-118.24677,47.94696],[-118.24757,47.94696],[-118.24757,47.94669],[-118.24918,47.94669],[-118.24918,47.94723],[-118.24958,47.94723],[-118.24958,47.94831],[-118.25039,47.94831],[-118.25039,47.94777],[-118.25079,47.94777],[-118.25079,47.94696],[-118.25039,47.94696],[-118.25039,47.94534],[-118.25079,47.94534],[-118.25079,47.94507],[-118.25119,47.94507],[-118.25119,47.94481],[-118.2524,47.94481],[-118.2524,47.94507],[-118.2532,47.94507],[-118.2532,47.944],[-118.25401,47.944],[-118.25401,47.94346],[-118.25481,47.94346],[-118.25481,47.94373],[-118.25521,47.94373],[-118.25521,47.944],[-118.25602,47.944],[-118.25602,47.94427],[-118.25682,47.944],[-118.25682,47.9413],[-118.25763,47.94103],[-118.25763,47.94049],[-118.25803,47.94049],[-118.25803,47.93995],[-118.25843,47.93995],[-118.25843,47.93942],[-118.25923,47.93915],[-118.25923,47.93888],[-118.25964,47.93888],[-118.25964,47.93861],[-118.26004,47.93861],[-118.26004,47.93807],[-118.26084,47.9378],[-118.26084,47.93699],[-118.26124,47.93699],[-118.26124,47.93645],[-118.26165,47.93645],[-118.26165,47.93618],[-118.26124,47.93618],[-118.26124,47.93591],[-118.26165,47.93591],[-118.26165,47.93564],[-118.26245,47.93564],[-118.26245,47.93537],[-118.26406,47.93537],[-118.26406,47.9351],[-118.26808,47.93537],[-118.26808,47.9351],[-118.26889,47.93483],[-118.26889,47.93456],[-118.2721,47.93456],[-118.2721,47.93429],[-118.27371,47.93403],[-118.27371,47.93376],[-118.27532,47.93376],[-118.27532,47.93349],[-118.27572,47.93349],[-118.27572,47.93295],[-118.27612,47.93295],[-118.27612,47.93241],[-118.27693,47.93241],[-118.27693,47.93214],[-118.27773,47.93214],[-118.27773,47.93187],[-118.27813,47.93187],[-118.27813,47.9316],[-118.27854,47.9316],[-118.27854,47.93079],[-118.27813,47.93079],[-118.27813,47.92998],[-118.27854,47.92998],[-118.27854,47.92971],[-118.27894,47.92971],[-118.27894,47.92944],[-118.28014,47.92944],[-118.28014,47.92917],[-118.28135,47.92917],[-118.28135,47.9289],[-118.28296,47.9289],[-118.28296,47.92864],[-118.28376,47.92864],[-118.28376,47.92837],[-118.28417,47.92837],[-118.28417,47.9281],[-118.28457,47.9281],[-118.28457,47.92729],[-118.28417,47.92729],[-118.28417,47.92702],[-118.28457,47.92702],[-118.28457,47.92675],[-118.28497,47.92675],[-118.28497,47.92648],[-118.28577,47.92648],[-118.28577,47.92621],[-118.28658,47.92621],[-118.28658,47.92594],[-118.28698,47.92594],[-118.28698,47.92513],[-118.28658,47.92513],[-118.28658,47.92298],[-118.28698,47.92298],[-118.28698,47.92244],[-118.28738,47.92244],[-118.28738,47.9219],[-118.28779,47.9219],[-118.28779,47.92109],[-118.28939,47.92109],[-118.28939,47.92136],[-118.29181,47.92136],[-118.29181,47.92217],[-118.29261,47.92244],[-118.29261,47.92217],[-118.29342,47.9219],[-118.29342,47.92163],[-118.29422,47.92163],[-118.29422,47.92136],[-118.29583,47.92109],[-118.29583,47.92082],[-118.29703,47.92082],[-118.29703,47.92055],[-118.29784,47.92055],[-118.29784,47.92028],[-118.29864,47.92028],[-118.29864,47.92001],[-118.29945,47.92001],[-118.29945,47.91974],[-118.29985,47.91974],[-118.29985,47.91947],[-118.30025,47.91947],[-118.30025,47.9192],[-118.30106,47.91893],[-118.30106,47.91839],[-118.30186,47.91813],[-118.30186,47.91759],[-118.30226,47.91759],[-118.30226,47.91732],[-118.30266,47.91732],[-118.30266,47.91705],[-118.30347,47.91705],[-118.30347,47.91678],[-118.30427,47.91678],[-118.30427,47.91651],[-118.30508,47.91651],[-118.30508,47.91624],[-118.30588,47.91624],[-118.30588,47.91597],[-118.30628,47.91597],[-118.30628,47.9157],[-118.30669,47.9157],[-118.30669,47.91543],[-118.30709,47.91543],[-118.30709,47.91462],[-118.30749,47.91462],[-118.30749,47.91435],[-118.30829,47.91435],[-118.30829,47.91408],[-118.3091,47.91408],[-118.3091,47.91381],[-118.3095,47.91381],[-118.3095,47.91327],[-118.3099,47.91327],[-118.3099,47.913],[-118.31071,47.91274],[-118.31071,47.91247],[-118.31151,47.91247],[-118.31151,47.9122],[-118.31232,47.9122],[-118.31232,47.91193],[-118.31352,47.91193],[-118.31352,47.91166],[-118.31473,47.91166],[-118.31473,47.91139],[-118.31553,47.91139],[-118.31553,47.91112],[-118.31594,47.91112],[-118.31594,47.91085],[-118.31754,47.91058],[-118.31754,47.91031],[-118.31835,47.91004],[-118.31835,47.9095],[-118.31915,47.90923],[-118.31915,47.90869],[-118.31875,47.90869],[-118.31875,47.90761],[-118.32237,47.90761],[-118.32237,47.90735],[-118.32478,47.90735],[-118.32478,47.90708],[-118.32639,47.90708],[-118.32639,47.90681],[-118.3288,47.90654],[-118.3288,47.90627],[-118.32961,47.90627],[-118.32961,47.906],[-118.33041,47.906],[-118.33041,47.90573],[-118.33162,47.90573],[-118.33162,47.90546],[-118.33202,47.90546],[-118.33202,47.90573],[-118.33282,47.90573],[-118.33282,47.906],[-118.33323,47.906],[-118.33323,47.90627],[-118.33403,47.90627],[-118.33403,47.90681],[-118.33443,47.90681],[-118.33443,47.90708],[-118.33524,47.90735],[-118.33524,47.90815],[-118.33564,47.90815],[-118.33564,47.90869],[-118.33604,47.90869],[-118.33604,47.90896],[-118.33644,47.90896],[-118.33644,47.90923],[-118.33685,47.90923],[-118.33685,47.91031],[-118.33644,47.91031],[-118.33644,47.91085],[-118.33604,47.91085],[-118.33604,47.91139],[-118.33564,47.91139],[-118.33564,47.91166],[-118.33484,47.91193],[-118.33484,47.9122],[-118.33443,47.9122],[-118.33443,47.91247],[-118.33403,47.91247],[-118.33403,47.91274],[-118.33323,47.913],[-118.33323,47.91354],[-118.33282,47.91354],[-118.33282,47.91435],[-118.33242,47.91435],[-118.33242,47.91462],[-118.33162,47.91489],[-118.33162,47.91543],[-118.33122,47.91543],[-118.33122,47.9157],[-118.33081,47.9157],[-118.33081,47.91597],[-118.33001,47.91624],[-118.33001,47.91651],[-118.32921,47.91678],[-118.32921,47.91705],[-118.3284,47.91732],[-118.3284,47.91786],[-118.328,47.91786],[-118.328,47.91813],[-118.32719,47.91839],[-118.32719,47.91866],[-118.32518,47.91866],[-118.32518,47.91839],[-118.32237,47.91839],[-118.32237,47.91813],[-118.32157,47.91813],[-118.32157,47.91866],[-118.32197,47.91866],[-118.32197,47.9192],[-118.32237,47.9192],[-118.32237,47.91974],[-118.32277,47.91974],[-118.32277,47.92001],[-118.32317,47.92001],[-118.32317,47.92028],[-118.32398,47.92028],[-118.32398,47.92055],[-118.32679,47.92055],[-118.32679,47.92082],[-118.3276,47.92082],[-118.3276,47.92163],[-118.32719,47.92163],[-118.32719,47.92405],[-118.3276,47.92405],[-118.3276,47.92459],[-118.328,47.92459],[-118.328,47.9254],[-118.32639,47.92567],[-118.32639,47.92594],[-118.32599,47.92594],[-118.32599,47.92621],[-118.32559,47.92621],[-118.32559,47.92648],[-118.32518,47.92648],[-118.32518,47.92675],[-118.32438,47.92702],[-118.32438,47.92756],[-118.32398,47.92756],[-118.32398,47.9281],[-118.32358,47.9281],[-118.32358,47.92864],[-118.32277,47.9289],[-118.32277,47.92944],[-118.32237,47.92944],[-118.32237,47.92998],[-118.32197,47.92998],[-118.32197,47.93079],[-118.32157,47.93079],[-118.32157,47.93268],[-118.32076,47.93268],[-118.32076,47.93322],[-118.31955,47.93322],[-118.31955,47.93349],[-118.31714,47.93349],[-118.31714,47.93322],[-118.31513,47.93322],[-118.31513,47.93295],[-118.31392,47.93295],[-118.31392,47.93268],[-118.31272,47.93268],[-118.31272,47.93241],[-118.31151,47.93241],[-118.31151,47.93268],[-118.31111,47.93268],[-118.31111,47.93295],[-118.31031,47.93295],[-118.31031,47.93322],[-118.3099,47.93322],[-118.3099,47.93376],[-118.31031,47.93376],[-118.31031,47.93403],[-118.31111,47.93429],[-118.31111,47.93456],[-118.31191,47.93456],[-118.31191,47.93483],[-118.31272,47.93483],[-118.31272,47.9351],[-118.31392,47.9351],[-118.31392,47.93537],[-118.31473,47.93537],[-118.31473,47.93564],[-118.31553,47.93564],[-118.31553,47.93591],[-118.31594,47.93591],[-118.31594,47.93726],[-118.31634,47.93726],[-118.31634,47.93861],[-118.31594,47.93861],[-118.31594,47.93942],[-118.31634,47.93942],[-118.31634,47.93995],[-118.31594,47.93995],[-118.31594,47.94076],[-118.31513,47.94103],[-118.31513,47.94157],[-118.31433,47.94184],[-118.31433,47.94211],[-118.31352,47.94211],[-118.31352,47.94292],[-118.31272,47.94319],[-118.31272,47.944],[-118.31191,47.944],[-118.31191,47.94454],[-118.31031,47.94454],[-118.31031,47.94481],[-118.3099,47.94481],[-118.3099,47.94507],[-118.31191,47.94507],[-118.31191,47.94534],[-118.31232,47.94534],[-118.31232,47.94588],[-118.31191,47.94588],[-118.31191,47.94615],[-118.31111,47.94642],[-118.31111,47.94669],[-118.31031,47.94669],[-118.31031,47.94723],[-118.3099,47.94723],[-118.3099,47.9475],[-118.3087,47.9475],[-118.3087,47.94696],[-118.30789,47.94696],[-118.30789,47.94669],[-118.30749,47.94669],[-118.30749,47.94615],[-118.30669,47.94588],[-118.30669,47.94561],[-118.30588,47.94561],[-118.30588,47.94615]],[[-118.252,47.94507],[-118.252,47.94534],[-118.2524,47.94534],[-118.2524,47.94507],[-118.252,47.94507]],[[-118.31151,47.94534],[-118.31151,47.94561],[-118.31191,47.94561],[-118.31191,47.94534],[-118.31151,47.94534]],[[-118.3099,47.94696],[-118.3095,47.94696],[-118.3095,47.94723],[-118.3099,47.94723],[-118.3099,47.94696]],[[-118.30789,47.94561],[-118.30789,47.94534],[-118.30669,47.94534],[-118.30669,47.94561],[-118.30789,47.94561]],[[-118.24234,47.95505],[-118.24234,47.95532],[-118.24275,47.95532],[-118.24275,47.95505],[-118.24234,47.95505]],[[-118.24556,47.94993],[-118.24556,47.95019],[-118.24596,47.95019],[-118.24596,47.94993],[-118.24556,47.94993]],[[-118.30829,47.94588],[-118.30829,47.94615],[-118.3087,47.94615],[-118.3087,47.94588],[-118.30829,47.94588]]],[[[-118.30468,47.95019],[-118.30387,47.94993],[-118.30387,47.94885],[-118.30588,47.94885],[-118.30588,47.94912],[-118.30669,47.94885],[-118.30669,47.94858],[-118.30548,47.94858],[-118.30548,47.94831],[-118.30508,47.94831],[-118.30508,47.94723],[-118.30669,47.94696],[-118.30669,47.94723],[-118.30749,47.94723],[-118.30749,47.9475],[-118.30789,47.9475],[-118.30789,47.94777],[-118.30829,47.94777],[-118.30829,47.94804],[-118.3087,47.94804],[-118.3087,47.94885],[-118.30789,47.94912],[-118.30789,47.94966],[-118.30749,47.94966],[-118.30749,47.94993],[-118.30669,47.95019],[-118.30669,47.95046],[-118.30468,47.95046],[-118.30468,47.95019]],[[-118.30628,47.94939],[-118.30628,47.94966],[-118.30669,47.94966],[-118.30669,47.94939],[-118.30628,47.94939]]]]},"properties":{"layer":"predicted_reach_h02","fire_name":"Mitre_Rock","irwin_id":"{C11A3685-C035-4241-A17C-8076EE99619D}","model":"arrival_run","checkpoint_epoch":216,"decode":"connected_causal","operating_point":{"floor":0.0,"mult":0.9},"val_precision":null,"val_recall":null,"model_caveat":"arrival_run chosen for best RECALL among the six FlameFlux v3 candidates on the production-valid t0-window corpus (R=0.624 on the fc2 held-out fires, R=0.432 on Dillon -- see candidate_comparison.md from the 2026-07-24 comparison). It does NOT meet the project's P>=0.50/R>=0.80 target: precision is the WORST of the six (P=0.120 on fc2 -- most flagged growth is wrong), and wind_run actually edges it on F1. IMPORTANT CAVEAT: arrival_run trained on the leaky 'observed' corpus (crop centered/sized on t0|t1, i.e. it saw the future perimeter's geometry during training) and has NEVER seen a t0-window crop -- the ONLY geometry this live pipeline can ever produce at forecast time (the future perimeter is, by definition, unknown). So every live prediction from this model is out-of-distribution relative to its own training. The measured t0-window numbers above already reflect that (they are not a surprise), but this is 'best available', not 'production-ready' -- represent it that way. The operating_point (floor=0.0, mult=0.9) is the VAL-selected connected-causal decode point; it did NOT clear the 0.50 precision floor during selection (feasible=False, val P=0.270/R=0.259) -- it's the best-F1 fallback point, not a precision-guaranteed one.","issued_at_utc":"2026-08-05 10:59:55.016141+00:00","valid_from_utc":"2026-08-05 00:00:00","valid_to_utc":"2026-08-06 00:00:00","wfigs_date_current_utc":"2026-08-05 10:16:25+00:00","pixel_size_m":30,"veg_source":"refreshed_d4","physics_source":"eikonal_fbfm40","history_n_dates":4,"degraded_history":false,"containment_pct":0.0,"acres_wfigs":4439.297279101989,"hour":2,"valid_at_utc":"2026-08-05 02:00:00"}},{"type":"Feature","geometry":{"type":"MultiPolygon","coordinates":[[[[-118.28417,47.92109],[-118.28417,47.91786],[-118.28457,47.91786],[-118.28457,47.91516],[-118.28497,47.91516],[-118.28497,47.91489],[-118.28738,47.91489],[-118.28738,47.91516],[-118.2906,47.91516],[-118.2906,47.91489],[-118.291,47.91489],[-118.291,47.91435],[-118.29181,47.91408],[-118.29181,47.91381],[-118.29261,47.91381],[-118.29261,47.91354],[-118.29462,47.91354],[-118.29462,47.91381],[-118.29502,47.91381],[-118.29502,47.91408],[-118.29543,47.91408],[-118.29543,47.91435],[-118.29663,47.91435],[-118.29663,47.91408],[-118.29703,47.91408],[-118.29703,47.91381],[-118.29744,47.91381],[-118.29744,47.91354],[-118.29703,47.91354],[-118.29703,47.913],[-118.29623,47.91274],[-118.29623,47.91112],[-118.29663,47.91112],[-118.29663,47.91031],[-118.29703,47.91031],[-118.29703,47.91004],[-118.29905,47.91004],[-118.29905,47.91031],[-118.30025,47.91031],[-118.30025,47.91004],[-118.30065,47.91004],[-118.30065,47.90977],[-118.30106,47.90977],[-118.30106,47.9095],[-118.30186,47.9095],[-118.30186,47.90923],[-118.30307,47.90923],[-118.30307,47.9095],[-118.30427,47.9095],[-118.30427,47.90977],[-118.30548,47.90977],[-118.30548,47.91004],[-118.30588,47.91004],[-118.30588,47.91031],[-118.30669,47.91031],[-118.30669,47.91085],[-118.30709,47.91085],[-118.30709,47.91166],[-118.30749,47.91166],[-118.30749,47.91193],[-118.30709,47.91193],[-118.30709,47.91247],[-118.30669,47.91247],[-118.30669,47.91274],[-118.30628,47.91274],[-118.30628,47.913],[-118.30548,47.913],[-118.30548,47.91327],[-118.30468,47.91327],[-118.30468,47.91381],[-118.30387,47.91381],[-118.30387,47.91435],[-118.30347,47.91435],[-118.30347,47.91462],[-118.30266,47.91462],[-118.30266,47.91489],[-118.30186,47.91489],[-118.30186,47.91516],[-118.30065,47.91516],[-118.30065,47.91543],[-118.29905,47.91543],[-118.29905,47.9157],[-118.29663,47.9157],[-118.29663,47.91597],[-118.29583,47.91597],[-118.29583,47.91624],[-118.29462,47.91624],[-118.29462,47.91651],[-118.29382,47.91651],[-118.29382,47.91678],[-118.29301,47.91705],[-118.29301,47.91732],[-118.29261,47.91732],[-118.29261,47.91759],[-118.29221,47.91759],[-118.29221,47.91786],[-118.2914,47.91813],[-118.2914,47.91839],[-118.2906,47.91839],[-118.2906,47.91866],[-118.2898,47.91893],[-118.2898,47.9192],[-118.28899,47.9192],[-118.28899,47.91947],[-118.28859,47.91947],[-118.28859,47.91974],[-118.28779,47.91974],[-118.28779,47.92001],[-118.28738,47.92001],[-118.28738,47.92028],[-118.28658,47.92028],[-118.28658,47.92055],[-118.28577,47.92055],[-118.28577,47.92082],[-118.28537,47.92082],[-118.28537,47.92109],[-118.28417,47.92109]]],[[[-118.30628,47.94588],[-118.30588,47.94588],[-118.30588,47.94615],[-118.30548,47.94615],[-118.30548,47.94642],[-118.30508,47.94642],[-118.30508,47.94669],[-118.30468,47.94669],[-118.30468,47.94696],[-118.30427,47.94696],[-118.30427,47.9475],[-118.30387,47.9475],[-118.30387,47.94804],[-118.30347,47.94804],[-118.30347,47.94885],[-118.30307,47.94885],[-118.30307,47.94966],[-118.30266,47.94966],[-118.30266,47.94993],[-118.30186,47.95019],[-118.30186,47.95046],[-118.30106,47.95073],[-118.30106,47.951],[-118.30025,47.95127],[-118.30025,47.95154],[-118.29945,47.95181],[-118.29945,47.95208],[-118.29864,47.95235],[-118.29864,47.95262],[-118.29824,47.95262],[-118.29824,47.95289],[-118.29784,47.95289],[-118.29784,47.95262],[-118.29543,47.95262],[-118.29543,47.95289],[-118.29382,47.95289],[-118.29382,47.95316],[-118.29301,47.95343],[-118.29301,47.9537],[-118.29261,47.9537],[-118.29261,47.95397],[-118.29221,47.95397],[-118.29221,47.95424],[-118.29181,47.95424],[-118.29181,47.95451],[-118.291,47.95451],[-118.291,47.95478],[-118.2906,47.95478],[-118.2906,47.95505],[-118.2898,47.95505],[-118.2898,47.95532],[-118.28859,47.95532],[-118.28859,47.95558],[-118.28175,47.95558],[-118.28175,47.95585],[-118.27854,47.95585],[-118.27854,47.95612],[-118.27813,47.95612],[-118.27813,47.9572],[-118.27773,47.9572],[-118.27773,47.95828],[-118.27733,47.95828],[-118.27733,47.95882],[-118.27693,47.95882],[-118.27693,47.96017],[-118.27653,47.96017],[-118.27653,47.96071],[-118.27572,47.96097],[-118.27572,47.96124],[-118.27532,47.96124],[-118.27532,47.96151],[-118.27452,47.96151],[-118.27452,47.96178],[-118.27411,47.96178],[-118.27411,47.96205],[-118.27371,47.96205],[-118.27371,47.96232],[-118.27331,47.96232],[-118.27331,47.96259],[-118.27291,47.96259],[-118.27291,47.96286],[-118.2721,47.96286],[-118.2721,47.96259],[-118.2717,47.96259],[-118.2717,47.96205],[-118.2709,47.96178],[-118.2709,47.96151],[-118.26969,47.96151],[-118.26969,47.96178],[-118.26808,47.96205],[-118.26808,47.96232],[-118.26768,47.96232],[-118.26768,47.96259],[-118.26687,47.96259],[-118.26687,47.96286],[-118.26647,47.96286],[-118.26647,47.96313],[-118.26567,47.96313],[-118.26567,47.96367],[-118.26527,47.96367],[-118.26527,47.96394],[-118.26486,47.96394],[-118.26486,47.96421],[-118.26446,47.96421],[-118.26446,47.96448],[-118.26406,47.96448],[-118.26406,47.96475],[-118.26326,47.96475],[-118.26326,47.96502],[-118.26044,47.96502],[-118.26044,47.96529],[-118.25561,47.96502],[-118.25561,47.96475],[-118.25401,47.96448],[-118.25401,47.96421],[-118.2536,47.96421],[-118.2536,47.96394],[-118.2532,47.96394],[-118.2532,47.96367],[-118.2528,47.96367],[-118.2528,47.9634],[-118.2524,47.9634],[-118.2524,47.96313],[-118.24958,47.96313],[-118.24958,47.9634],[-118.24797,47.9634],[-118.24797,47.96313],[-118.24717,47.96313],[-118.24717,47.96286],[-118.24637,47.96259],[-118.24637,47.96232],[-118.24596,47.96232],[-118.24596,47.96205],[-118.24556,47.96205],[-118.24556,47.96151],[-118.24516,47.96151],[-118.24516,47.96097],[-118.24476,47.96097],[-118.24476,47.96044],[-118.24435,47.96044],[-118.24435,47.9599],[-118.24395,47.9599],[-118.24395,47.95963],[-118.24355,47.95963],[-118.24355,47.95936],[-118.24315,47.95936],[-118.24315,47.95882],[-118.24275,47.95882],[-118.24275,47.9572],[-118.24194,47.95693],[-118.24194,47.95558],[-118.24154,47.95558],[-118.24154,47.95505],[-118.24194,47.95505],[-118.24194,47.95478],[-118.24234,47.95478],[-118.24234,47.95451],[-118.24315,47.95451],[-118.24315,47.95424],[-118.24154,47.95424],[-118.24154,47.95397],[-118.24114,47.95397],[-118.24114,47.95343],[-118.24074,47.95343],[-118.24074,47.95208],[-118.24114,47.95208],[-118.24114,47.95181],[-118.24074,47.95181],[-118.24074,47.95073],[-118.24114,47.95073],[-118.24114,47.95046],[-118.24154,47.95046],[-118.24154,47.95019],[-118.24315,47.95019],[-118.24315,47.94993],[-118.24355,47.94993],[-118.24355,47.94885],[-118.24395,47.94885],[-118.24395,47.94831],[-118.24476,47.94804],[-118.24476,47.94696],[-118.24516,47.94696],[-118.24516,47.94669],[-118.24677,47.94669],[-118.24677,47.94696],[-118.24757,47.94696],[-118.24757,47.94669],[-118.24918,47.94669],[-118.24918,47.94696],[-118.24958,47.94696],[-118.24958,47.94804],[-118.25039,47.94804],[-118.25039,47.94507],[-118.25119,47.94507],[-118.25119,47.94481],[-118.2524,47.94481],[-118.2524,47.94507],[-118.2528,47.94507],[-118.2528,47.94481],[-118.2532,47.94481],[-118.2532,47.94373],[-118.25401,47.944],[-118.25401,47.94346],[-118.25481,47.94346],[-118.25481,47.94373],[-118.25561,47.94373],[-118.25561,47.944],[-118.25682,47.944],[-118.25682,47.9413],[-118.25722,47.9413],[-118.25722,47.94076],[-118.25763,47.94076],[-118.25763,47.94022],[-118.25843,47.93995],[-118.25843,47.93942],[-118.25923,47.93915],[-118.25923,47.93861],[-118.25964,47.93861],[-118.25964,47.93834],[-118.26044,47.93807],[-118.26044,47.93753],[-118.26084,47.93753],[-118.26084,47.93699],[-118.26124,47.93699],[-118.26124,47.93591],[-118.26165,47.93591],[-118.26165,47.93564],[-118.26205,47.93564],[-118.26205,47.93537],[-118.26366,47.93537],[-118.26366,47.9351],[-118.26647,47.9351],[-118.26647,47.93537],[-118.26768,47.93537],[-118.26768,47.9351],[-118.26808,47.9351],[-118.26808,47.93483],[-118.26889,47.93483],[-118.26889,47.93456],[-118.2721,47.93456],[-118.2721,47.93429],[-118.2725,47.93429],[-118.2725,47.93403],[-118.27331,47.93403],[-118.27331,47.93376],[-118.27532,47.93376],[-118.27532,47.93349],[-118.27572,47.93349],[-118.27572,47.93295],[-118.27612,47.93295],[-118.27612,47.93241],[-118.27693,47.93241],[-118.27693,47.93214],[-118.27773,47.93214],[-118.27773,47.93187],[-118.27813,47.93187],[-118.27813,47.9316],[-118.27854,47.9316],[-118.27854,47.93079],[-118.27813,47.93079],[-118.27813,47.92998],[-118.27854,47.92998],[-118.27854,47.92971],[-118.27894,47.92971],[-118.27894,47.92944],[-118.27974,47.92944],[-118.27974,47.92917],[-118.28095,47.92917],[-118.28095,47.9289],[-118.28256,47.9289],[-118.28256,47.92864],[-118.28336,47.92864],[-118.28336,47.92837],[-118.28417,47.92837],[-118.28417,47.92756],[-118.28457,47.92756],[-118.28457,47.92729],[-118.28417,47.92729],[-118.28417,47.92702],[-118.28457,47.92702],[-118.28457,47.92675],[-118.28497,47.92675],[-118.28497,47.92648],[-118.28577,47.92648],[-118.28577,47.92621],[-118.28658,47.92621],[-118.28658,47.92594],[-118.28698,47.92594],[-118.28698,47.92513],[-118.28658,47.92513],[-118.28658,47.92298],[-118.28698,47.92298],[-118.28698,47.92244],[-118.28738,47.92244],[-118.28738,47.92163],[-118.28779,47.92163],[-118.28779,47.92109],[-118.29181,47.92136],[-118.29181,47.92163],[-118.29221,47.92163],[-118.29221,47.92217],[-118.29261,47.92217],[-118.29261,47.9219],[-118.29342,47.9219],[-118.29342,47.92163],[-118.29382,47.92163],[-118.29382,47.92136],[-118.29462,47.92136],[-118.29462,47.92109],[-118.29583,47.92109],[-118.29583,47.92082],[-118.29663,47.92082],[-118.29663,47.92055],[-118.29784,47.92055],[-118.29784,47.92028],[-118.29864,47.92028],[-118.29864,47.92001],[-118.29905,47.92001],[-118.29905,47.91974],[-118.29985,47.91974],[-118.29985,47.91947],[-118.30025,47.91947],[-118.30025,47.9192],[-118.30106,47.91893],[-118.30106,47.91839],[-118.30186,47.91813],[-118.30186,47.91759],[-118.30226,47.91759],[-118.30226,47.91732],[-118.30266,47.91732],[-118.30266,47.91705],[-118.30347,47.91705],[-118.30347,47.91678],[-118.30387,47.91678],[-118.30387,47.91651],[-118.30468,47.91651],[-118.30468,47.91624],[-118.30628,47.91597],[-118.30628,47.9157],[-118.30669,47.9157],[-118.30669,47.91543],[-118.30709,47.91543],[-118.30709,47.91462],[-118.30749,47.91462],[-118.30749,47.91435],[-118.30829,47.91435],[-118.30829,47.91408],[-118.3087,47.91408],[-118.3087,47.91381],[-118.3095,47.91381],[-118.3095,47.91327],[-118.3099,47.91327],[-118.3099,47.913],[-118.31071,47.91274],[-118.31071,47.91247],[-118.31151,47.91247],[-118.31151,47.9122],[-118.31232,47.9122],[-118.31232,47.91193],[-118.31312,47.91193],[-118.31312,47.91166],[-118.31433,47.91166],[-118.31433,47.91139],[-118.31594,47.91112],[-118.31594,47.91085],[-118.31634,47.91085],[-118.31634,47.91058],[-118.31795,47.91031],[-118.31795,47.91004],[-118.31835,47.91004],[-118.31835,47.9095],[-118.31915,47.90923],[-118.31915,47.90869],[-118.31875,47.90869],[-118.31875,47.90761],[-118.32197,47.90761],[-118.32197,47.90735],[-118.32438,47.90735],[-118.32438,47.90708],[-118.32599,47.90708],[-118.32599,47.90681],[-118.3284,47.90654],[-118.3284,47.90627],[-118.32921,47.90627],[-118.32921,47.906],[-118.33001,47.906],[-118.33001,47.90573],[-118.33122,47.90573],[-118.33122,47.90546],[-118.33242,47.90546],[-118.33242,47.90573],[-118.33323,47.90573],[-118.33323,47.906],[-118.33363,47.906],[-118.33363,47.90627],[-118.33403,47.90627],[-118.33403,47.90654],[-118.33443,47.90654],[-118.33443,47.90681],[-118.33524,47.90708],[-118.33524,47.90788],[-118.33564,47.90788],[-118.33564,47.90842],[-118.33604,47.90842],[-118.33604,47.90896],[-118.33644,47.90896],[-118.33644,47.90923],[-118.33685,47.90923],[-118.33685,47.91031],[-118.33644,47.91031],[-118.33644,47.91085],[-118.33604,47.91085],[-118.33604,47.91139],[-118.33564,47.91139],[-118.33564,47.91166],[-118.33484,47.91193],[-118.33484,47.9122],[-118.33443,47.9122],[-118.33443,47.91247],[-118.33403,47.91247],[-118.33403,47.91274],[-118.33363,47.91274],[-118.33363,47.91327],[-118.33323,47.91327],[-118.33323,47.91381],[-118.33282,47.91381],[-118.33282,47.91435],[-118.33202,47.91462],[-118.33202,47.91516],[-118.33162,47.91516],[-118.33162,47.91543],[-118.33081,47.9157],[-118.33081,47.91597],[-118.33041,47.91597],[-118.33041,47.91624],[-118.32961,47.91651],[-118.32961,47.91678],[-118.32921,47.91678],[-118.32921,47.91732],[-118.3288,47.91732],[-118.3288,47.91759],[-118.3284,47.91759],[-118.3284,47.91786],[-118.328,47.91786],[-118.328,47.91813],[-118.32719,47.91839],[-118.32719,47.91866],[-118.32679,47.91866],[-118.32679,47.91893],[-118.32639,47.91893],[-118.32639,47.91866],[-118.32398,47.91866],[-118.32398,47.91839],[-118.32237,47.91839],[-118.32237,47.91813],[-118.32157,47.91813],[-118.32157,47.91839],[-118.32197,47.91839],[-118.32197,47.9192],[-118.32237,47.9192],[-118.32237,47.91974],[-118.32277,47.91974],[-118.32277,47.92001],[-118.32317,47.92001],[-118.32317,47.92028],[-118.32639,47.92028],[-118.32639,47.92055],[-118.32719,47.92055],[-118.32719,47.92082],[-118.3276,47.92082],[-118.3276,47.92298],[-118.32719,47.92298],[-118.32719,47.92405],[-118.328,47.92432],[-118.328,47.9254],[-118.32719,47.9254],[-118.32719,47.92567],[-118.32679,47.92567],[-118.32679,47.92594],[-118.32599,47.92594],[-118.32599,47.92621],[-118.32559,47.92621],[-118.32559,47.92648],[-118.32518,47.92648],[-118.32518,47.92675],[-118.32478,47.92675],[-118.32478,47.92729],[-118.32438,47.92729],[-118.32438,47.92783],[-118.32398,47.92783],[-118.32398,47.9281],[-118.32358,47.9281],[-118.32358,47.92864],[-118.32277,47.9289],[-118.32277,47.92944],[-118.32237,47.92944],[-118.32237,47.93025],[-118.32197,47.93025],[-118.32197,47.93241],[-118.32157,47.93241],[-118.32157,47.93268],[-118.32076,47.93295],[-118.32076,47.93322],[-118.31955,47.93322],[-118.31955,47.93349],[-118.31714,47.93349],[-118.31714,47.93322],[-118.31513,47.93322],[-118.31513,47.93295],[-118.31392,47.93295],[-118.31392,47.93268],[-118.31272,47.93268],[-118.31272,47.93241],[-118.31151,47.93241],[-118.31151,47.93268],[-118.31111,47.93268],[-118.31111,47.93295],[-118.31031,47.93295],[-118.31031,47.93322],[-118.3099,47.93322],[-118.3099,47.93376],[-118.31031,47.93376],[-118.31031,47.93403],[-118.31111,47.93403],[-118.31111,47.93429],[-118.31191,47.93456],[-118.31191,47.93483],[-118.31272,47.93483],[-118.31272,47.9351],[-118.31392,47.9351],[-118.31392,47.93537],[-118.31513,47.93537],[-118.31513,47.93564],[-118.31594,47.93591],[-118.31594,47.93726],[-118.31634,47.93726],[-118.31634,47.94022],[-118.31594,47.94022],[-118.31594,47.94076],[-118.31553,47.94076],[-118.31553,47.9413],[-118.31513,47.9413],[-118.31513,47.94157],[-118.31433,47.94184],[-118.31433,47.94211],[-118.31352,47.94211],[-118.31352,47.94292],[-118.31272,47.94319],[-118.31272,47.944],[-118.31191,47.94427],[-118.31191,47.94454],[-118.31031,47.94454],[-118.31031,47.94507],[-118.31232,47.94507],[-118.31232,47.94615],[-118.31191,47.94615],[-118.31191,47.94642],[-118.31031,47.94669],[-118.31031,47.94723],[-118.3099,47.94723],[-118.3099,47.9475],[-118.3091,47.94777],[-118.3091,47.9475],[-118.30829,47.94723],[-118.30829,47.94696],[-118.30789,47.94696],[-118.30789,47.94669],[-118.30749,47.94669],[-118.30749,47.94615],[-118.30669,47.94615],[-118.30669,47.94561],[-118.30628,47.94561],[-118.30628,47.94588]],[[-118.252,47.94507],[-118.252,47.94534],[-118.2524,47.94534],[-118.2524,47.94507],[-118.252,47.94507]],[[-118.3099,47.94696],[-118.3095,47.94696],[-118.3095,47.94723],[-118.3099,47.94723],[-118.3099,47.94696]],[[-118.30749,47.94561],[-118.30749,47.94534],[-118.30669,47.94534],[-118.30669,47.94561],[-118.30749,47.94561]],[[-118.24234,47.95505],[-118.24234,47.95532],[-118.24275,47.95532],[-118.24275,47.95505],[-118.24234,47.95505]],[[-118.24556,47.94993],[-118.24556,47.95019],[-118.24596,47.95019],[-118.24596,47.94993],[-118.24556,47.94993]],[[-118.30829,47.94588],[-118.30829,47.94615],[-118.3087,47.94615],[-118.3087,47.94588],[-118.30829,47.94588]],[[-118.31151,47.94534],[-118.31151,47.94561],[-118.31191,47.94561],[-118.31191,47.94534],[-118.31151,47.94534]]],[[[-118.30468,47.95019],[-118.30387,47.94993],[-118.30387,47.94939],[-118.30347,47.94939],[-118.30347,47.94912],[-118.30387,47.94912],[-118.30387,47.94885],[-118.30427,47.94885],[-118.30427,47.94858],[-118.30508,47.94858],[-118.30508,47.94885],[-118.30588,47.94885],[-118.30588,47.94912],[-118.30628,47.94912],[-118.30628,47.94858],[-118.30548,47.94858],[-118.30548,47.94831],[-118.30508,47.94831],[-118.30508,47.94723],[-118.30548,47.94723],[-118.30548,47.94696],[-118.30669,47.94696],[-118.30669,47.94723],[-118.30749,47.94723],[-118.30749,47.9475],[-118.30789,47.9475],[-118.30789,47.94777],[-118.30829,47.94777],[-118.30829,47.94804],[-118.3087,47.94804],[-118.3087,47.94885],[-118.30789,47.94912],[-118.30789,47.94993],[-118.30749,47.94993],[-118.30749,47.95019],[-118.30709,47.95019],[-118.30709,47.95046],[-118.30468,47.95046],[-118.30468,47.95019]],[[-118.30628,47.94939],[-118.30628,47.94966],[-118.30669,47.94966],[-118.30669,47.94939],[-118.30628,47.94939]]]]},"properties":{"layer":"predicted_reach_h03","fire_name":"Mitre_Rock","irwin_id":"{C11A3685-C035-4241-A17C-8076EE99619D}","model":"arrival_run","checkpoint_epoch":216,"decode":"connected_causal","operating_point":{"floor":0.0,"mult":0.9},"val_precision":null,"val_recall":null,"model_caveat":"arrival_run chosen for best RECALL among the six FlameFlux v3 candidates on the production-valid t0-window corpus (R=0.624 on the fc2 held-out fires, R=0.432 on Dillon -- see candidate_comparison.md from the 2026-07-24 comparison). It does NOT meet the project's P>=0.50/R>=0.80 target: precision is the WORST of the six (P=0.120 on fc2 -- most flagged growth is wrong), and wind_run actually edges it on F1. IMPORTANT CAVEAT: arrival_run trained on the leaky 'observed' corpus (crop centered/sized on t0|t1, i.e. it saw the future perimeter's geometry during training) and has NEVER seen a t0-window crop -- the ONLY geometry this live pipeline can ever produce at forecast time (the future perimeter is, by definition, unknown). So every live prediction from this model is out-of-distribution relative to its own training. The measured t0-window numbers above already reflect that (they are not a surprise), but this is 'best available', not 'production-ready' -- represent it that way. The operating_point (floor=0.0, mult=0.9) is the VAL-selected connected-causal decode point; it did NOT clear the 0.50 precision floor during selection (feasible=False, val P=0.270/R=0.259) -- it's the best-F1 fallback point, not a precision-guaranteed one.","issued_at_utc":"2026-08-05 10:59:55.016141+00:00","valid_from_utc":"2026-08-05 00:00:00","valid_to_utc":"2026-08-06 00:00:00","wfigs_date_current_utc":"2026-08-05 10:16:25+00:00","pixel_size_m":30,"veg_source":"refreshed_d4","physics_source":"eikonal_fbfm40","history_n_dates":4,"degraded_history":false,"containment_pct":0.0,"acres_wfigs":4439.297279101989,"hour":3,"valid_at_utc":"2026-08-05 03:00:00"}},{"type":"Feature","geometry":{"type":"MultiPolygon","coordinates":[[[[-118.28417,47.92109],[-118.28417,47.92055],[-118.28376,47.92055],[-118.28376,47.91866],[-118.28417,47.91866],[-118.28417,47.91786],[-118.28457,47.91786],[-118.28457,47.91732],[-118.28417,47.91732],[-118.28417,47.91705],[-118.28457,47.91705],[-118.28457,47.91516],[-118.28497,47.91516],[-118.28497,47.91489],[-118.28899,47.91489],[-118.28899,47.91516],[-118.2906,47.91516],[-118.2906,47.91462],[-118.291,47.91462],[-118.291,47.91435],[-118.2914,47.91435],[-118.2914,47.91408],[-118.29181,47.91408],[-118.29181,47.91381],[-118.29221,47.91381],[-118.29221,47.91354],[-118.29462,47.91354],[-118.29462,47.91381],[-118.29502,47.91381],[-118.29502,47.91408],[-118.29543,47.91408],[-118.29543,47.91435],[-118.29663,47.91435],[-118.29663,47.91408],[-118.29703,47.91408],[-118.29703,47.91327],[-118.29663,47.91327],[-118.29663,47.91274],[-118.29623,47.91274],[-118.29623,47.9122],[-118.29583,47.9122],[-118.29583,47.91166],[-118.29623,47.91166],[-118.29623,47.91085],[-118.29663,47.91085],[-118.29663,47.91031],[-118.29703,47.91031],[-118.29703,47.91004],[-118.29905,47.91004],[-118.29905,47.91031],[-118.29985,47.91031],[-118.29985,47.91004],[-118.30065,47.91004],[-118.30065,47.90977],[-118.30106,47.90977],[-118.30106,47.9095],[-118.30186,47.9095],[-118.30186,47.90923],[-118.30307,47.90923],[-118.30307,47.9095],[-118.30468,47.9095],[-118.30468,47.90977],[-118.30628,47.91004],[-118.30628,47.91031],[-118.30669,47.91031],[-118.30669,47.91085],[-118.30709,47.91085],[-118.30709,47.91139],[-118.30749,47.91139],[-118.30749,47.91193],[-118.30709,47.91193],[-118.30709,47.91247],[-118.30669,47.91247],[-118.30669,47.91274],[-118.30628,47.91274],[-118.30628,47.913],[-118.30548,47.913],[-118.30548,47.91327],[-118.30468,47.91327],[-118.30468,47.91381],[-118.30387,47.91381],[-118.30387,47.91435],[-118.30347,47.91435],[-118.30347,47.91462],[-118.30266,47.91462],[-118.30266,47.91489],[-118.30226,47.91489],[-118.30226,47.91516],[-118.30106,47.91516],[-118.30106,47.91543],[-118.29945,47.91543],[-118.29945,47.9157],[-118.29703,47.9157],[-118.29703,47.91597],[-118.29583,47.91597],[-118.29583,47.91624],[-118.29502,47.91624],[-118.29502,47.91651],[-118.29382,47.91651],[-118.29382,47.91678],[-118.29301,47.91705],[-118.29301,47.91732],[-118.29261,47.91732],[-118.29261,47.91759],[-118.29221,47.91759],[-118.29221,47.91786],[-118.29181,47.91786],[-118.29181,47.91813],[-118.2914,47.91813],[-118.2914,47.91839],[-118.2906,47.91839],[-118.2906,47.91866],[-118.2902,47.91866],[-118.2902,47.91893],[-118.2898,47.91893],[-118.2898,47.9192],[-118.28899,47.9192],[-118.28899,47.91947],[-118.28859,47.91947],[-118.28859,47.91974],[-118.28819,47.91974],[-118.28819,47.92001],[-118.28738,47.92001],[-118.28738,47.92028],[-118.28577,47.92055],[-118.28577,47.92082],[-118.28537,47.92082],[-118.28537,47.92109],[-118.28417,47.92109]]],[[[-118.30829,47.94723],[-118.30829,47.94696],[-118.30749,47.94696],[-118.30749,47.94642],[-118.30669,47.94642],[-118.30669,47.94588],[-118.30588,47.94588],[-118.30588,47.94615],[-118.30508,47.94642],[-118.30508,47.94669],[-118.30468,47.94669],[-118.30468,47.94696],[-118.30427,47.94696],[-118.30427,47.9475],[-118.30387,47.9475],[-118.30387,47.94804],[-118.30347,47.94804],[-118.30347,47.94885],[-118.30307,47.94885],[-118.30307,47.94966],[-118.30266,47.94966],[-118.30266,47.94993],[-118.30226,47.94993],[-118.30226,47.95019],[-118.30186,47.95019],[-118.30186,47.95046],[-118.30146,47.95046],[-118.30146,47.95073],[-118.30065,47.951],[-118.30065,47.95154],[-118.30025,47.95154],[-118.30025,47.95181],[-118.29985,47.95181],[-118.29985,47.95208],[-118.29945,47.95208],[-118.29945,47.95235],[-118.29905,47.95235],[-118.29905,47.95262],[-118.29824,47.95262],[-118.29824,47.95289],[-118.29784,47.95289],[-118.29784,47.95262],[-118.29543,47.95262],[-118.29543,47.95289],[-118.29382,47.95289],[-118.29382,47.95316],[-118.29301,47.95343],[-118.29301,47.9537],[-118.29261,47.9537],[-118.29261,47.95397],[-118.29221,47.95397],[-118.29221,47.95424],[-118.29181,47.95424],[-118.29181,47.95451],[-118.291,47.95451],[-118.291,47.95478],[-118.2906,47.95478],[-118.2906,47.95505],[-118.2902,47.95505],[-118.2902,47.95532],[-118.28899,47.95532],[-118.28899,47.95558],[-118.28175,47.95558],[-118.28175,47.95585],[-118.27854,47.95585],[-118.27854,47.95612],[-118.27813,47.95612],[-118.27813,47.95747],[-118.27773,47.95747],[-118.27773,47.95828],[-118.27733,47.95828],[-118.27733,47.95882],[-118.27693,47.95882],[-118.27693,47.96044],[-118.27653,47.96044],[-118.27653,47.96097],[-118.27572,47.96097],[-118.27572,47.96124],[-118.27492,47.96151],[-118.27492,47.96178],[-118.27452,47.96178],[-118.27452,47.96205],[-118.27371,47.96205],[-118.27371,47.96232],[-118.27331,47.96232],[-118.27331,47.96259],[-118.27291,47.96259],[-118.27291,47.96286],[-118.2721,47.96286],[-118.2721,47.96259],[-118.2717,47.96259],[-118.2717,47.96205],[-118.2709,47.96178],[-118.2709,47.96151],[-118.26969,47.96151],[-118.26969,47.96178],[-118.26808,47.96205],[-118.26808,47.96232],[-118.26768,47.96232],[-118.26768,47.96259],[-118.26687,47.96259],[-118.26687,47.96286],[-118.26647,47.96286],[-118.26647,47.96313],[-118.26567,47.96313],[-118.26567,47.96367],[-118.26527,47.96367],[-118.26527,47.96394],[-118.26486,47.96394],[-118.26486,47.96421],[-118.26446,47.96421],[-118.26446,47.96448],[-118.26406,47.96448],[-118.26406,47.96475],[-118.26326,47.96475],[-118.26326,47.96502],[-118.26044,47.96502],[-118.26044,47.96529],[-118.25803,47.96529],[-118.25803,47.96502],[-118.25561,47.96502],[-118.25561,47.96475],[-118.25441,47.96475],[-118.25441,47.96448],[-118.25401,47.96448],[-118.25401,47.96421],[-118.2532,47.96394],[-118.2532,47.96367],[-118.2528,47.96367],[-118.2528,47.9634],[-118.2524,47.9634],[-118.2524,47.96313],[-118.24958,47.96313],[-118.24958,47.9634],[-118.24797,47.9634],[-118.24797,47.96313],[-118.24637,47.96286],[-118.24637,47.96232],[-118.24556,47.96205],[-118.24556,47.96151],[-118.24516,47.96151],[-118.24516,47.96097],[-118.24476,47.96097],[-118.24476,47.96044],[-118.24395,47.96017],[-118.24395,47.95963],[-118.24315,47.95936],[-118.24315,47.95882],[-118.24275,47.95882],[-118.24275,47.95828],[-118.24234,47.95828],[-118.24234,47.95801],[-118.24275,47.95801],[-118.24275,47.9572],[-118.24194,47.95693],[-118.24194,47.95558],[-118.24154,47.95558],[-118.24154,47.95505],[-118.24194,47.95505],[-118.24194,47.95478],[-118.24275,47.95451],[-118.24275,47.95424],[-118.24154,47.95424],[-118.24154,47.95397],[-118.24114,47.95397],[-118.24114,47.95343],[-118.24074,47.95343],[-118.24074,47.95127],[-118.24033,47.95127],[-118.24033,47.951],[-118.24074,47.951],[-118.24074,47.95046],[-118.24154,47.95046],[-118.24154,47.95019],[-118.24315,47.95019],[-118.24315,47.94993],[-118.24355,47.94993],[-118.24355,47.94885],[-118.24395,47.94885],[-118.24395,47.94831],[-118.24476,47.94804],[-118.24476,47.94696],[-118.24516,47.94696],[-118.24516,47.94669],[-118.24556,47.94669],[-118.24556,47.94642],[-118.24596,47.94642],[-118.24596,47.94669],[-118.24918,47.94669],[-118.24918,47.94696],[-118.24958,47.94696],[-118.24958,47.94777],[-118.25039,47.94777],[-118.25039,47.94507],[-118.25119,47.94507],[-118.25119,47.94481],[-118.2532,47.94481],[-118.2532,47.94373],[-118.2536,47.94373],[-118.2536,47.94346],[-118.25521,47.94346],[-118.25521,47.94373],[-118.25682,47.944],[-118.25682,47.94103],[-118.25763,47.94076],[-118.25763,47.94022],[-118.25803,47.94022],[-118.25803,47.93968],[-118.25883,47.93942],[-118.25883,47.93888],[-118.25923,47.93888],[-118.25923,47.93861],[-118.25964,47.93861],[-118.25964,47.93834],[-118.26004,47.93834],[-118.26004,47.9378],[-118.26044,47.9378],[-118.26044,47.93753],[-118.26084,47.93753],[-118.26084,47.93699],[-118.26124,47.93699],[-118.26124,47.93591],[-118.26165,47.93591],[-118.26165,47.93564],[-118.26205,47.93564],[-118.26205,47.93537],[-118.26326,47.93537],[-118.26326,47.9351],[-118.26647,47.9351],[-118.26647,47.93537],[-118.26768,47.93537],[-118.26768,47.9351],[-118.26808,47.9351],[-118.26808,47.93483],[-118.26848,47.93483],[-118.26848,47.93456],[-118.2717,47.93456],[-118.2717,47.93429],[-118.27331,47.93403],[-118.27331,47.93376],[-118.27492,47.93376],[-118.27492,47.93349],[-118.27572,47.93349],[-118.27572,47.93268],[-118.27612,47.93268],[-118.27612,47.93241],[-118.27653,47.93241],[-118.27653,47.93214],[-118.27773,47.93214],[-118.27773,47.93187],[-118.27813,47.93187],[-118.27813,47.9316],[-118.27854,47.9316],[-118.27854,47.93106],[-118.27813,47.93106],[-118.27813,47.92971],[-118.27854,47.92971],[-118.27854,47.92944],[-118.28095,47.92917],[-118.28095,47.9289],[-118.28256,47.9289],[-118.28256,47.92864],[-118.28336,47.92864],[-118.28336,47.92837],[-118.28417,47.92837],[-118.28417,47.92702],[-118.28457,47.92702],[-118.28457,47.92675],[-118.28537,47.92648],[-118.28537,47.92621],[-118.28658,47.92621],[-118.28658,47.92594],[-118.28698,47.92594],[-118.28698,47.92513],[-118.28658,47.92513],[-118.28658,47.92432],[-118.28618,47.92432],[-118.28618,47.92352],[-118.28658,47.92352],[-118.28658,47.92271],[-118.28698,47.92271],[-118.28698,47.92217],[-118.28738,47.92217],[-118.28738,47.92163],[-118.28779,47.92163],[-118.28779,47.92109],[-118.29181,47.92136],[-118.29181,47.92163],[-118.29221,47.92163],[-118.29221,47.9219],[-118.29342,47.9219],[-118.29342,47.92163],[-118.29382,47.92163],[-118.29382,47.92136],[-118.29462,47.92136],[-118.29462,47.92109],[-118.29543,47.92109],[-118.29543,47.92082],[-118.29663,47.92082],[-118.29663,47.92055],[-118.29744,47.92055],[-118.29744,47.92028],[-118.29864,47.92028],[-118.29864,47.92001],[-118.29905,47.92001],[-118.29905,47.91974],[-118.29945,47.91974],[-118.29945,47.91947],[-118.29985,47.91947],[-118.29985,47.9192],[-118.30025,47.9192],[-118.30025,47.91893],[-118.30106,47.91866],[-118.30106,47.91839],[-118.30146,47.91839],[-118.30146,47.91786],[-118.30226,47.91759],[-118.30226,47.91732],[-118.30307,47.91705],[-118.30307,47.91678],[-118.30387,47.91678],[-118.30387,47.91651],[-118.30548,47.91624],[-118.30548,47.91597],[-118.30588,47.91597],[-118.30588,47.9157],[-118.30669,47.9157],[-118.30669,47.91516],[-118.30709,47.91516],[-118.30709,47.91462],[-118.30789,47.91435],[-118.30789,47.91408],[-118.3087,47.91408],[-118.3087,47.91381],[-118.3095,47.91354],[-118.3095,47.913],[-118.3099,47.913],[-118.3099,47.91274],[-118.31071,47.91274],[-118.31071,47.91247],[-118.31151,47.91247],[-118.31151,47.9122],[-118.31232,47.9122],[-118.31232,47.91193],[-118.31312,47.91193],[-118.31312,47.91166],[-118.31392,47.91166],[-118.31392,47.91139],[-118.31513,47.91139],[-118.31513,47.91112],[-118.31553,47.91112],[-118.31553,47.91085],[-118.31634,47.91085],[-118.31634,47.91058],[-118.31714,47.91058],[-118.31714,47.91031],[-118.31795,47.91004],[-118.31795,47.90977],[-118.31835,47.90977],[-118.31835,47.9095],[-118.31875,47.9095],[-118.31875,47.90896],[-118.31915,47.90896],[-118.31915,47.90869],[-118.31875,47.90869],[-118.31875,47.90761],[-118.32157,47.90761],[-118.32157,47.90735],[-118.32398,47.90735],[-118.32398,47.90708],[-118.32559,47.90708],[-118.32559,47.90681],[-118.328,47.90654],[-118.328,47.90627],[-118.32921,47.90627],[-118.32921,47.906],[-118.33001,47.906],[-118.33001,47.90573],[-118.33081,47.90573],[-118.33081,47.90546],[-118.33242,47.90546],[-118.33242,47.90573],[-118.33323,47.90573],[-118.33323,47.906],[-118.33363,47.906],[-118.33363,47.90627],[-118.33403,47.90627],[-118.33403,47.90654],[-118.33443,47.90654],[-118.33443,47.90681],[-118.33524,47.90708],[-118.33524,47.90788],[-118.33564,47.90788],[-118.33564,47.90842],[-118.33604,47.90842],[-118.33604,47.90896],[-118.33644,47.90896],[-118.33644,47.90923],[-118.33725,47.9095],[-118.33725,47.90977],[-118.33685,47.90977],[-118.33685,47.91058],[-118.33644,47.91058],[-118.33644,47.91112],[-118.33564,47.91139],[-118.33564,47.91166],[-118.33524,47.91166],[-118.33524,47.91193],[-118.33484,47.91193],[-118.33484,47.91247],[-118.33403,47.91247],[-118.33403,47.91274],[-118.33363,47.91274],[-118.33363,47.91327],[-118.33323,47.91327],[-118.33323,47.91381],[-118.33282,47.91381],[-118.33282,47.91435],[-118.33242,47.91435],[-118.33242,47.91489],[-118.33202,47.91489],[-118.33202,47.91516],[-118.33162,47.91516],[-118.33162,47.91543],[-118.33122,47.91543],[-118.33122,47.9157],[-118.33081,47.9157],[-118.33081,47.91597],[-118.33041,47.91597],[-118.33041,47.91651],[-118.32961,47.91678],[-118.32961,47.91705],[-118.32921,47.91705],[-118.32921,47.91732],[-118.3288,47.91732],[-118.3288,47.91759],[-118.3284,47.91759],[-118.3284,47.91786],[-118.328,47.91786],[-118.328,47.91839],[-118.32719,47.91866],[-118.32719,47.91893],[-118.32599,47.91893],[-118.32599,47.91866],[-118.32398,47.91866],[-118.32398,47.91839],[-118.32237,47.91839],[-118.32237,47.91813],[-118.32197,47.91813],[-118.32197,47.9192],[-118.32277,47.91947],[-118.32277,47.92001],[-118.32317,47.92001],[-118.32317,47.92028],[-118.32639,47.92028],[-118.32639,47.92055],[-118.3276,47.92055],[-118.3276,47.92082],[-118.328,47.92082],[-118.328,47.92109],[-118.3276,47.92109],[-118.3276,47.92298],[-118.32719,47.92298],[-118.32719,47.92378],[-118.3276,47.92378],[-118.3276,47.92432],[-118.328,47.92432],[-118.328,47.9254],[-118.3276,47.9254],[-118.3276,47.92567],[-118.32679,47.92567],[-118.32679,47.92594],[-118.32599,47.92594],[-118.32599,47.92621],[-118.32559,47.92621],[-118.32559,47.92648],[-118.32518,47.92648],[-118.32518,47.92675],[-118.32478,47.92675],[-118.32478,47.92729],[-118.32438,47.92729],[-118.32438,47.92783],[-118.32398,47.92783],[-118.32398,47.92837],[-118.32317,47.92864],[-118.32317,47.92917],[-118.32277,47.92917],[-118.32277,47.92944],[-118.32237,47.92944],[-118.32237,47.93052],[-118.32197,47.93052],[-118.32197,47.93241],[-118.32116,47.93268],[-118.32116,47.93322],[-118.31996,47.93322],[-118.31996,47.93349],[-118.31714,47.93349],[-118.31714,47.93322],[-118.31513,47.93322],[-118.31513,47.93295],[-118.31352,47.93295],[-118.31352,47.93268],[-118.31272,47.93268],[-118.31272,47.93241],[-118.31151,47.93241],[-118.31151,47.93268],[-118.31111,47.93268],[-118.31111,47.93295],[-118.31071,47.93295],[-118.31071,47.93322],[-118.3099,47.93322],[-118.3099,47.93376],[-118.31071,47.93376],[-118.31071,47.93403],[-118.31111,47.93403],[-118.31111,47.93429],[-118.31191,47.93456],[-118.31191,47.93483],[-118.31433,47.9351],[-118.31433,47.93537],[-118.31513,47.93537],[-118.31513,47.93564],[-118.31594,47.93591],[-118.31594,47.93699],[-118.31634,47.93699],[-118.31634,47.94022],[-118.31594,47.94022],[-118.31594,47.94103],[-118.31513,47.9413],[-118.31513,47.94157],[-118.31473,47.94157],[-118.31473,47.94184],[-118.31433,47.94184],[-118.31433,47.94211],[-118.31392,47.94211],[-118.31392,47.94238],[-118.31352,47.94238],[-118.31352,47.94292],[-118.31312,47.94292],[-118.31312,47.94319],[-118.31272,47.94319],[-118.31272,47.944],[-118.31191,47.94427],[-118.31191,47.94454],[-118.31071,47.94454],[-118.31071,47.94481],[-118.31031,47.94481],[-118.31031,47.94507],[-118.31232,47.94507],[-118.31232,47.94615],[-118.31191,47.94615],[-118.31191,47.94642],[-118.31111,47.94642],[-118.31111,47.94669],[-118.31071,47.94669],[-118.31071,47.94696],[-118.31031,47.94696],[-118.31031,47.9475],[-118.3095,47.9475],[-118.3095,47.94777],[-118.3087,47.94777],[-118.3087,47.94723],[-118.30829,47.94723]],[[-118.2536,47.944],[-118.25401,47.944],[-118.25401,47.94373],[-118.2536,47.94373],[-118.2536,47.944]],[[-118.24234,47.95505],[-118.24234,47.95532],[-118.24275,47.95532],[-118.24275,47.95505],[-118.24234,47.95505]],[[-118.24556,47.94993],[-118.24556,47.95019],[-118.24596,47.95019],[-118.24596,47.94993],[-118.24556,47.94993]],[[-118.3095,47.94696],[-118.3095,47.94723],[-118.3099,47.94723],[-118.3099,47.94696],[-118.3095,47.94696]],[[-118.30829,47.94588],[-118.30829,47.94615],[-118.3087,47.94615],[-118.3087,47.94588],[-118.30829,47.94588]],[[-118.31151,47.94534],[-118.31151,47.94561],[-118.31191,47.94561],[-118.31191,47.94534],[-118.31151,47.94534]],[[-118.252,47.94507],[-118.252,47.94534],[-118.2524,47.94534],[-118.2524,47.94507],[-118.252,47.94507]]],[[[-118.30789,47.94912],[-118.30789,47.94993],[-118.30749,47.94993],[-118.30749,47.95019],[-118.30709,47.95019],[-118.30709,47.95046],[-118.30427,47.95046],[-118.30427,47.95019],[-118.30387,47.95019],[-118.30387,47.94966],[-118.30347,47.94966],[-118.30347,47.94912],[-118.30387,47.94912],[-118.30387,47.94885],[-118.30427,47.94885],[-118.30427,47.94858],[-118.30508,47.94858],[-118.30508,47.94804],[-118.30468,47.94804],[-118.30468,47.9475],[-118.30548,47.94723],[-118.30548,47.94696],[-118.30709,47.94696],[-118.30709,47.94723],[-118.30789,47.94723],[-118.30789,47.9475],[-118.30829,47.9475],[-118.30829,47.94777],[-118.3087,47.94777],[-118.3087,47.94912],[-118.30789,47.94912]],[[-118.30628,47.94939],[-118.30628,47.94966],[-118.30669,47.94966],[-118.30669,47.94939],[-118.30628,47.94939]],[[-118.30548,47.94858],[-118.30548,47.94885],[-118.30588,47.94885],[-118.30588,47.94858],[-118.30548,47.94858]]]]},"properties":{"layer":"predicted_reach_h04","fire_name":"Mitre_Rock","irwin_id":"{C11A3685-C035-4241-A17C-8076EE99619D}","model":"arrival_run","checkpoint_epoch":216,"decode":"connected_causal","operating_point":{"floor":0.0,"mult":0.9},"val_precision":null,"val_recall":null,"model_caveat":"arrival_run chosen for best RECALL among the six FlameFlux v3 candidates on the production-valid t0-window corpus (R=0.624 on the fc2 held-out fires, R=0.432 on Dillon -- see candidate_comparison.md from the 2026-07-24 comparison). It does NOT meet the project's P>=0.50/R>=0.80 target: precision is the WORST of the six (P=0.120 on fc2 -- most flagged growth is wrong), and wind_run actually edges it on F1. IMPORTANT CAVEAT: arrival_run trained on the leaky 'observed' corpus (crop centered/sized on t0|t1, i.e. it saw the future perimeter's geometry during training) and has NEVER seen a t0-window crop -- the ONLY geometry this live pipeline can ever produce at forecast time (the future perimeter is, by definition, unknown). So every live prediction from this model is out-of-distribution relative to its own training. The measured t0-window numbers above already reflect that (they are not a surprise), but this is 'best available', not 'production-ready' -- represent it that way. The operating_point (floor=0.0, mult=0.9) is the VAL-selected connected-causal decode point; it did NOT clear the 0.50 precision floor during selection (feasible=False, val P=0.270/R=0.259) -- it's the best-F1 fallback point, not a precision-guaranteed one.","issued_at_utc":"2026-08-05 10:59:55.016141+00:00","valid_from_utc":"2026-08-05 00:00:00","valid_to_utc":"2026-08-06 00:00:00","wfigs_date_current_utc":"2026-08-05 10:16:25+00:00","pixel_size_m":30,"veg_source":"refreshed_d4","physics_source":"eikonal_fbfm40","history_n_dates":4,"degraded_history":false,"containment_pct":0.0,"acres_wfigs":4439.297279101989,"hour":4,"valid_at_utc":"2026-08-05 04:00:00"}},{"type":"Feature","geometry":{"type":"MultiPolygon","coordinates":[[[[-118.28417,47.92109],[-118.28417,47.92082],[-118.28376,47.92082],[-118.28376,47.91839],[-118.28417,47.91839],[-118.28417,47.9157],[-118.28457,47.9157],[-118.28457,47.91516],[-118.28497,47.91516],[-118.28497,47.91489],[-118.28899,47.91489],[-118.28899,47.91516],[-118.2902,47.91516],[-118.2902,47.91489],[-118.2906,47.91489],[-118.2906,47.91462],[-118.291,47.91462],[-118.291,47.91435],[-118.2914,47.91435],[-118.2914,47.91408],[-118.29181,47.91408],[-118.29181,47.91381],[-118.29221,47.91381],[-118.29221,47.91354],[-118.29301,47.91354],[-118.29301,47.91327],[-118.29462,47.91354],[-118.29462,47.91381],[-118.29502,47.91381],[-118.29502,47.91408],[-118.29543,47.91408],[-118.29543,47.91435],[-118.29703,47.91408],[-118.29703,47.91327],[-118.29663,47.91327],[-118.29663,47.91274],[-118.29623,47.91274],[-118.29623,47.9122],[-118.29583,47.9122],[-118.29583,47.91166],[-118.29623,47.91166],[-118.29623,47.91058],[-118.29663,47.91058],[-118.29663,47.91004],[-118.30065,47.91004],[-118.30065,47.90977],[-118.30146,47.9095],[-118.30146,47.90923],[-118.30347,47.90923],[-118.30347,47.9095],[-118.30468,47.9095],[-118.30468,47.90977],[-118.30628,47.91004],[-118.30628,47.91031],[-118.30669,47.91031],[-118.30669,47.91058],[-118.30709,47.91058],[-118.30709,47.91139],[-118.30749,47.91139],[-118.30749,47.9122],[-118.30669,47.91247],[-118.30669,47.91274],[-118.30628,47.91274],[-118.30628,47.913],[-118.30548,47.913],[-118.30548,47.91354],[-118.30468,47.91354],[-118.30468,47.91381],[-118.30427,47.91381],[-118.30427,47.91408],[-118.30387,47.91408],[-118.30387,47.91435],[-118.30347,47.91435],[-118.30347,47.91462],[-118.30307,47.91462],[-118.30307,47.91489],[-118.30226,47.91489],[-118.30226,47.91516],[-118.30106,47.91516],[-118.30106,47.91543],[-118.30025,47.91543],[-118.30025,47.9157],[-118.29985,47.9157],[-118.29985,47.91543],[-118.29945,47.91543],[-118.29945,47.9157],[-118.29744,47.9157],[-118.29744,47.91597],[-118.29663,47.91597],[-118.29663,47.91624],[-118.29422,47.91651],[-118.29422,47.91678],[-118.29342,47.91678],[-118.29342,47.91705],[-118.29301,47.91705],[-118.29301,47.91732],[-118.29221,47.91759],[-118.29221,47.91786],[-118.2914,47.91813],[-118.2914,47.91839],[-118.2906,47.91839],[-118.2906,47.91866],[-118.2898,47.91893],[-118.2898,47.9192],[-118.28899,47.9192],[-118.28899,47.91947],[-118.28859,47.91947],[-118.28859,47.91974],[-118.28819,47.91974],[-118.28819,47.92001],[-118.28658,47.92028],[-118.28658,47.92055],[-118.28618,47.92055],[-118.28618,47.92082],[-118.28537,47.92082],[-118.28537,47.92109],[-118.28417,47.92109]]],[[[-118.3087,47.94912],[-118.30789,47.94939],[-118.30789,47.94993],[-118.30749,47.94993],[-118.30749,47.95019],[-118.30709,47.95019],[-118.30709,47.95046],[-118.30427,47.95046],[-118.30427,47.95019],[-118.30387,47.95019],[-118.30387,47.94966],[-118.30347,47.94966],[-118.30347,47.94912],[-118.30307,47.94912],[-118.30307,47.94966],[-118.30266,47.94966],[-118.30266,47.95019],[-118.30186,47.95046],[-118.30186,47.95073],[-118.30146,47.95073],[-118.30146,47.951],[-118.30106,47.951],[-118.30106,47.95127],[-118.30065,47.95127],[-118.30065,47.95154],[-118.30025,47.95154],[-118.30025,47.95181],[-118.29985,47.95181],[-118.29985,47.95208],[-118.29945,47.95208],[-118.29945,47.95235],[-118.29905,47.95235],[-118.29905,47.95262],[-118.29824,47.95262],[-118.29824,47.95289],[-118.29744,47.95289],[-118.29744,47.95262],[-118.29543,47.95262],[-118.29543,47.95289],[-118.29422,47.95289],[-118.29422,47.95316],[-118.29342,47.95316],[-118.29342,47.9537],[-118.29301,47.9537],[-118.29301,47.95397],[-118.29261,47.95397],[-118.29261,47.95424],[-118.291,47.95451],[-118.291,47.95478],[-118.2906,47.95478],[-118.2906,47.95505],[-118.2902,47.95505],[-118.2902,47.95532],[-118.28899,47.95532],[-118.28899,47.95558],[-118.28175,47.95558],[-118.28175,47.95585],[-118.27854,47.95585],[-118.27854,47.95639],[-118.27813,47.95639],[-118.27813,47.95747],[-118.27773,47.95747],[-118.27773,47.95855],[-118.27733,47.95855],[-118.27733,47.95963],[-118.27693,47.95963],[-118.27693,47.96044],[-118.27653,47.96044],[-118.27653,47.96097],[-118.27612,47.96097],[-118.27612,47.96124],[-118.27532,47.96124],[-118.27532,47.96151],[-118.27492,47.96151],[-118.27492,47.96178],[-118.27452,47.96178],[-118.27452,47.96205],[-118.27371,47.96205],[-118.27371,47.96232],[-118.27331,47.96232],[-118.27331,47.96259],[-118.27291,47.96259],[-118.27291,47.96286],[-118.2721,47.96286],[-118.2721,47.96259],[-118.2717,47.96259],[-118.2717,47.96232],[-118.2713,47.96232],[-118.2713,47.96178],[-118.2709,47.96178],[-118.2709,47.96151],[-118.26969,47.96151],[-118.26969,47.96178],[-118.26808,47.96205],[-118.26808,47.96232],[-118.26768,47.96232],[-118.26768,47.96259],[-118.26728,47.96259],[-118.26728,47.96286],[-118.26567,47.96313],[-118.26567,47.96394],[-118.26527,47.96394],[-118.26527,47.96421],[-118.26486,47.96421],[-118.26486,47.96448],[-118.26406,47.96448],[-118.26406,47.96475],[-118.26326,47.96475],[-118.26326,47.96502],[-118.26044,47.96502],[-118.26044,47.96529],[-118.25763,47.96529],[-118.25763,47.96502],[-118.25521,47.96502],[-118.25521,47.96475],[-118.2536,47.96448],[-118.2536,47.96421],[-118.2532,47.96421],[-118.2532,47.96367],[-118.2528,47.96367],[-118.2528,47.9634],[-118.252,47.9634],[-118.252,47.96313],[-118.24958,47.96313],[-118.24958,47.9634],[-118.24757,47.9634],[-118.24757,47.96313],[-118.24677,47.96313],[-118.24677,47.96286],[-118.24596,47.96259],[-118.24596,47.96205],[-118.24516,47.96178],[-118.24516,47.96124],[-118.24476,47.96124],[-118.24476,47.96071],[-118.24435,47.96071],[-118.24435,47.96017],[-118.24395,47.96017],[-118.24395,47.95963],[-118.24355,47.95963],[-118.24355,47.95936],[-118.24275,47.95909],[-118.24275,47.95855],[-118.24234,47.95855],[-118.24234,47.95774],[-118.24275,47.95774],[-118.24275,47.95747],[-118.24234,47.95747],[-118.24234,47.95693],[-118.24194,47.95693],[-118.24194,47.95585],[-118.24154,47.95585],[-118.24154,47.95478],[-118.24234,47.95478],[-118.24234,47.95451],[-118.24275,47.95451],[-118.24275,47.95424],[-118.24154,47.95424],[-118.24154,47.95397],[-118.24114,47.95397],[-118.24114,47.9537],[-118.24074,47.9537],[-118.24074,47.95154],[-118.24033,47.95154],[-118.24033,47.951],[-118.24074,47.951],[-118.24074,47.95046],[-118.24114,47.95046],[-118.24114,47.95019],[-118.24315,47.95019],[-118.24315,47.94966],[-118.24355,47.94966],[-118.24355,47.94885],[-118.24395,47.94885],[-118.24395,47.94831],[-118.24435,47.94831],[-118.24435,47.94777],[-118.24476,47.94777],[-118.24476,47.94669],[-118.24556,47.94669],[-118.24556,47.94642],[-118.24637,47.94642],[-118.24637,47.94669],[-118.24918,47.94669],[-118.24918,47.94696],[-118.24958,47.94696],[-118.24958,47.9475],[-118.24998,47.9475],[-118.24998,47.94723],[-118.25039,47.94723],[-118.25039,47.94507],[-118.25079,47.94507],[-118.25079,47.94481],[-118.25159,47.94481],[-118.25159,47.94454],[-118.252,47.94454],[-118.252,47.94481],[-118.2524,47.94481],[-118.2524,47.94454],[-118.2532,47.94454],[-118.2532,47.94373],[-118.2536,47.94373],[-118.2536,47.94346],[-118.25561,47.94346],[-118.25561,47.94373],[-118.25682,47.94373],[-118.25682,47.94265],[-118.25642,47.94265],[-118.25642,47.94238],[-118.25682,47.94238],[-118.25682,47.94184],[-118.25642,47.94184],[-118.25642,47.94157],[-118.25682,47.94157],[-118.25682,47.94103],[-118.25763,47.94076],[-118.25763,47.94022],[-118.25803,47.94022],[-118.25803,47.93968],[-118.25843,47.93968],[-118.25843,47.93915],[-118.25923,47.93888],[-118.25923,47.93861],[-118.25964,47.93861],[-118.25964,47.93834],[-118.26004,47.93834],[-118.26004,47.9378],[-118.26044,47.9378],[-118.26044,47.93753],[-118.26084,47.93753],[-118.26084,47.93699],[-118.26124,47.93699],[-118.26124,47.93564],[-118.26205,47.93564],[-118.26205,47.93537],[-118.26285,47.93537],[-118.26285,47.9351],[-118.26647,47.9351],[-118.26647,47.93537],[-118.26728,47.93537],[-118.26728,47.9351],[-118.26808,47.9351],[-118.26808,47.93483],[-118.26848,47.93483],[-118.26848,47.93456],[-118.2717,47.93456],[-118.2717,47.93429],[-118.2725,47.93429],[-118.2725,47.93403],[-118.27291,47.93403],[-118.27291,47.93376],[-118.27492,47.93376],[-118.27492,47.93349],[-118.27572,47.93322],[-118.27572,47.93268],[-118.27653,47.93241],[-118.27653,47.93214],[-118.27733,47.93214],[-118.27733,47.93187],[-118.27813,47.93187],[-118.27813,47.9316],[-118.27854,47.9316],[-118.27854,47.93106],[-118.27813,47.93106],[-118.27813,47.92971],[-118.27854,47.92971],[-118.27854,47.92944],[-118.27934,47.92944],[-118.27934,47.92917],[-118.28055,47.92917],[-118.28055,47.9289],[-118.28216,47.9289],[-118.28216,47.92864],[-118.28336,47.92864],[-118.28336,47.92837],[-118.28417,47.9281],[-118.28417,47.92702],[-118.28457,47.92702],[-118.28457,47.92675],[-118.28537,47.92648],[-118.28537,47.92621],[-118.28698,47.92594],[-118.28698,47.9254],[-118.28658,47.9254],[-118.28658,47.92432],[-118.28618,47.92432],[-118.28618,47.92325],[-118.28658,47.92325],[-118.28658,47.92271],[-118.28698,47.92271],[-118.28698,47.92217],[-118.28738,47.92217],[-118.28738,47.92136],[-118.28779,47.92136],[-118.28779,47.92109],[-118.2902,47.92109],[-118.2902,47.92136],[-118.29181,47.92136],[-118.29181,47.92163],[-118.29221,47.92163],[-118.29221,47.9219],[-118.29301,47.9219],[-118.29301,47.92163],[-118.29382,47.92163],[-118.29382,47.92136],[-118.29462,47.92136],[-118.29462,47.92109],[-118.29623,47.92082],[-118.29623,47.92055],[-118.29744,47.92055],[-118.29744,47.92028],[-118.29905,47.92001],[-118.29905,47.91974],[-118.29945,47.91974],[-118.29945,47.91947],[-118.29985,47.91947],[-118.29985,47.9192],[-118.30025,47.9192],[-118.30025,47.91893],[-118.30106,47.91866],[-118.30106,47.91813],[-118.30146,47.91813],[-118.30146,47.91786],[-118.30226,47.91759],[-118.30226,47.91732],[-118.30307,47.91705],[-118.30307,47.91678],[-118.30387,47.91678],[-118.30387,47.91651],[-118.30468,47.91651],[-118.30468,47.91624],[-118.30508,47.91624],[-118.30508,47.91597],[-118.30669,47.9157],[-118.30669,47.91489],[-118.30709,47.91489],[-118.30709,47.91462],[-118.30789,47.91435],[-118.30789,47.91408],[-118.3087,47.91408],[-118.3087,47.91381],[-118.3095,47.91354],[-118.3095,47.913],[-118.3099,47.913],[-118.3099,47.91274],[-118.31071,47.91274],[-118.31071,47.91247],[-118.31111,47.91247],[-118.31111,47.9122],[-118.31191,47.9122],[-118.31191,47.91193],[-118.31272,47.91193],[-118.31272,47.91166],[-118.31513,47.91139],[-118.31513,47.91112],[-118.31553,47.91112],[-118.31553,47.91085],[-118.31634,47.91085],[-118.31634,47.91058],[-118.31714,47.91058],[-118.31714,47.91031],[-118.31795,47.91004],[-118.31795,47.90977],[-118.31835,47.90977],[-118.31835,47.9095],[-118.31875,47.9095],[-118.31875,47.90896],[-118.31915,47.90896],[-118.31915,47.90869],[-118.31875,47.90869],[-118.31875,47.90761],[-118.31996,47.90761],[-118.31996,47.90735],[-118.32036,47.90735],[-118.32036,47.90761],[-118.32157,47.90761],[-118.32157,47.90735],[-118.32398,47.90735],[-118.32398,47.90708],[-118.32559,47.90708],[-118.32559,47.90681],[-118.328,47.90654],[-118.328,47.90627],[-118.3288,47.90627],[-118.3288,47.906],[-118.32961,47.906],[-118.32961,47.90573],[-118.33081,47.90573],[-118.33081,47.90546],[-118.33282,47.90546],[-118.33282,47.90573],[-118.33323,47.90573],[-118.33323,47.906],[-118.33363,47.906],[-118.33363,47.90627],[-118.33443,47.90627],[-118.33443,47.90681],[-118.33484,47.90681],[-118.33484,47.90708],[-118.33564,47.90735],[-118.33564,47.90842],[-118.33644,47.90869],[-118.33644,47.90923],[-118.33725,47.90923],[-118.33725,47.91004],[-118.33685,47.91004],[-118.33685,47.91058],[-118.33644,47.91058],[-118.33644,47.91112],[-118.33564,47.91139],[-118.33564,47.91193],[-118.33524,47.91193],[-118.33524,47.9122],[-118.33484,47.9122],[-118.33484,47.91247],[-118.33443,47.91247],[-118.33443,47.91274],[-118.33403,47.91274],[-118.33403,47.913],[-118.33363,47.913],[-118.33363,47.91327],[-118.33323,47.91327],[-118.33323,47.91408],[-118.33282,47.91408],[-118.33282,47.91462],[-118.33242,47.91462],[-118.33242,47.91489],[-118.33202,47.91489],[-118.33202,47.91516],[-118.33162,47.91516],[-118.33162,47.91543],[-118.33081,47.9157],[-118.33081,47.91624],[-118.33041,47.91624],[-118.33041,47.91651],[-118.33001,47.91651],[-118.33001,47.91678],[-118.32961,47.91678],[-118.32961,47.91705],[-118.32921,47.91705],[-118.32921,47.91732],[-118.3284,47.91759],[-118.3284,47.91813],[-118.328,47.91813],[-118.328,47.91839],[-118.32719,47.91866],[-118.32719,47.91893],[-118.32599,47.91893],[-118.32599,47.91866],[-118.32398,47.91866],[-118.32398,47.91839],[-118.32197,47.91839],[-118.32197,47.91893],[-118.32237,47.91893],[-118.32237,47.91947],[-118.32277,47.91947],[-118.32277,47.92001],[-118.32317,47.92001],[-118.32317,47.92028],[-118.32679,47.92028],[-118.32679,47.92055],[-118.3276,47.92055],[-118.3276,47.92082],[-118.328,47.92082],[-118.328,47.92136],[-118.3276,47.92136],[-118.3276,47.92325],[-118.32719,47.92325],[-118.32719,47.92378],[-118.3276,47.92378],[-118.3276,47.92432],[-118.328,47.92432],[-118.328,47.9254],[-118.32719,47.92567],[-118.32719,47.92594],[-118.32639,47.92594],[-118.32639,47.92621],[-118.32559,47.92648],[-118.32559,47.92675],[-118.32478,47.92675],[-118.32478,47.92729],[-118.32438,47.92729],[-118.32438,47.92783],[-118.32398,47.92783],[-118.32398,47.92837],[-118.32358,47.92837],[-118.32358,47.9289],[-118.32277,47.92917],[-118.32277,47.92971],[-118.32237,47.92971],[-118.32237,47.93052],[-118.32197,47.93052],[-118.32197,47.93268],[-118.32116,47.93268],[-118.32116,47.93322],[-118.31996,47.93322],[-118.31996,47.93349],[-118.31714,47.93349],[-118.31714,47.93322],[-118.31473,47.93322],[-118.31473,47.93295],[-118.31352,47.93295],[-118.31352,47.93268],[-118.31232,47.93268],[-118.31232,47.93241],[-118.31191,47.93241],[-118.31191,47.93268],[-118.31111,47.93268],[-118.31111,47.93295],[-118.31071,47.93295],[-118.31071,47.93322],[-118.31031,47.93322],[-118.31031,47.93376],[-118.31071,47.93376],[-118.31071,47.93403],[-118.31111,47.93403],[-118.31111,47.93429],[-118.31151,47.93429],[-118.31151,47.93456],[-118.31191,47.93456],[-118.31191,47.93483],[-118.31312,47.93483],[-118.31312,47.9351],[-118.31433,47.9351],[-118.31433,47.93537],[-118.31594,47.93564],[-118.31594,47.93699],[-118.31634,47.93699],[-118.31634,47.94049],[-118.31594,47.94049],[-118.31594,47.94103],[-118.31553,47.94103],[-118.31553,47.9413],[-118.31513,47.9413],[-118.31513,47.94157],[-118.31473,47.94157],[-118.31473,47.94184],[-118.31392,47.94211],[-118.31392,47.94292],[-118.31352,47.94292],[-118.31352,47.94319],[-118.31312,47.94319],[-118.31312,47.94346],[-118.31272,47.94346],[-118.31272,47.94427],[-118.31232,47.94427],[-118.31232,47.94454],[-118.31071,47.94454],[-118.31071,47.94481],[-118.31191,47.94481],[-118.31191,47.94507],[-118.31272,47.94534],[-118.31272,47.94588],[-118.31191,47.94615],[-118.31191,47.94642],[-118.31111,47.94642],[-118.31111,47.94669],[-118.31071,47.94669],[-118.31071,47.94696],[-118.31031,47.94696],[-118.31031,47.9475],[-118.3099,47.9475],[-118.3099,47.94804],[-118.3095,47.94804],[-118.3095,47.94777],[-118.3087,47.94777],[-118.3087,47.94912]],[[-118.2536,47.944],[-118.25401,47.944],[-118.25401,47.94373],[-118.2536,47.94373],[-118.2536,47.944]],[[-118.3087,47.9475],[-118.30829,47.9475],[-118.30829,47.94777],[-118.3087,47.94777],[-118.3087,47.9475]],[[-118.24275,47.95505],[-118.24234,47.95505],[-118.24234,47.95532],[-118.24275,47.95532],[-118.24275,47.95505]],[[-118.24596,47.94993],[-118.24556,47.94993],[-118.24556,47.95019],[-118.24596,47.95019],[-118.24596,47.94993]],[[-118.30669,47.94939],[-118.30628,47.94939],[-118.30628,47.94966],[-118.30669,47.94966],[-118.30669,47.94939]],[[-118.30427,47.94858],[-118.30508,47.94858],[-118.30508,47.94804],[-118.30468,47.94804],[-118.30468,47.94723],[-118.30508,47.94723],[-118.30508,47.94696],[-118.30749,47.94696],[-118.30749,47.94642],[-118.30628,47.94642],[-118.30628,47.94615],[-118.30669,47.94615],[-118.30669,47.94588],[-118.30588,47.94588],[-118.30588,47.94615],[-118.30508,47.94642],[-118.30508,47.94669],[-118.30468,47.94669],[-118.30468,47.94696],[-118.30427,47.94696],[-118.30427,47.9475],[-118.30387,47.9475],[-118.30387,47.94804],[-118.30347,47.94804],[-118.30347,47.94885],[-118.30427,47.94885],[-118.30427,47.94858]],[[-118.3099,47.94696],[-118.3095,47.94696],[-118.3095,47.94723],[-118.3099,47.94723],[-118.3099,47.94696]],[[-118.3087,47.94588],[-118.30829,47.94588],[-118.30829,47.94615],[-118.3087,47.94615],[-118.3087,47.94588]],[[-118.31191,47.94534],[-118.31151,47.94534],[-118.31151,47.94561],[-118.31191,47.94561],[-118.31191,47.94534]],[[-118.2524,47.94507],[-118.252,47.94507],[-118.252,47.94534],[-118.2524,47.94534],[-118.2524,47.94507]]]]},"properties":{"layer":"predicted_reach_h05","fire_name":"Mitre_Rock","irwin_id":"{C11A3685-C035-4241-A17C-8076EE99619D}","model":"arrival_run","checkpoint_epoch":216,"decode":"connected_causal","operating_point":{"floor":0.0,"mult":0.9},"val_precision":null,"val_recall":null,"model_caveat":"arrival_run chosen for best RECALL among the six FlameFlux v3 candidates on the production-valid t0-window corpus (R=0.624 on the fc2 held-out fires, R=0.432 on Dillon -- see candidate_comparison.md from the 2026-07-24 comparison). It does NOT meet the project's P>=0.50/R>=0.80 target: precision is the WORST of the six (P=0.120 on fc2 -- most flagged growth is wrong), and wind_run actually edges it on F1. IMPORTANT CAVEAT: arrival_run trained on the leaky 'observed' corpus (crop centered/sized on t0|t1, i.e. it saw the future perimeter's geometry during training) and has NEVER seen a t0-window crop -- the ONLY geometry this live pipeline can ever produce at forecast time (the future perimeter is, by definition, unknown). So every live prediction from this model is out-of-distribution relative to its own training. The measured t0-window numbers above already reflect that (they are not a surprise), but this is 'best available', not 'production-ready' -- represent it that way. The operating_point (floor=0.0, mult=0.9) is the VAL-selected connected-causal decode point; it did NOT clear the 0.50 precision floor during selection (feasible=False, val P=0.270/R=0.259) -- it's the best-F1 fallback point, not a precision-guaranteed one.","issued_at_utc":"2026-08-05 10:59:55.016141+00:00","valid_from_utc":"2026-08-05 00:00:00","valid_to_utc":"2026-08-06 00:00:00","wfigs_date_current_utc":"2026-08-05 10:16:25+00:00","pixel_size_m":30,"veg_source":"refreshed_d4","physics_source":"eikonal_fbfm40","history_n_dates":4,"degraded_history":false,"containment_pct":0.0,"acres_wfigs":4439.297279101989,"hour":5,"valid_at_utc":"2026-08-05 05:00:00"}},{"type":"Feature","geometry":{"type":"MultiPolygon","coordinates":[[[[-118.28457,47.92136],[-118.28457,47.92109],[-118.28376,47.92082],[-118.28376,47.91813],[-118.28417,47.91813],[-118.28417,47.91543],[-118.28457,47.91543],[-118.28457,47.91489],[-118.28939,47.91489],[-118.28939,47.91516],[-118.2902,47.91516],[-118.2902,47.91489],[-118.2906,47.91489],[-118.2906,47.91462],[-118.291,47.91462],[-118.291,47.91435],[-118.2914,47.91435],[-118.2914,47.91408],[-118.29181,47.91408],[-118.29181,47.91381],[-118.29221,47.91381],[-118.29221,47.91354],[-118.29301,47.91354],[-118.29301,47.91327],[-118.29382,47.91327],[-118.29382,47.91354],[-118.29462,47.91354],[-118.29462,47.91381],[-118.29502,47.91381],[-118.29502,47.91408],[-118.29543,47.91408],[-118.29543,47.91435],[-118.29623,47.91435],[-118.29623,47.91408],[-118.29703,47.91381],[-118.29703,47.91327],[-118.29663,47.91327],[-118.29663,47.91274],[-118.29583,47.91247],[-118.29583,47.91139],[-118.29623,47.91139],[-118.29623,47.91058],[-118.29663,47.91058],[-118.29663,47.91004],[-118.29744,47.91004],[-118.29744,47.90977],[-118.29824,47.90977],[-118.29824,47.91004],[-118.30065,47.91004],[-118.30065,47.90977],[-118.30146,47.9095],[-118.30146,47.90923],[-118.30347,47.90923],[-118.30347,47.9095],[-118.30588,47.90977],[-118.30588,47.91004],[-118.30628,47.91004],[-118.30628,47.91031],[-118.30669,47.91031],[-118.30669,47.91058],[-118.30709,47.91058],[-118.30709,47.91139],[-118.30749,47.91139],[-118.30749,47.9122],[-118.30669,47.91247],[-118.30669,47.91274],[-118.30628,47.91274],[-118.30628,47.913],[-118.30588,47.913],[-118.30588,47.91327],[-118.30548,47.91327],[-118.30548,47.91354],[-118.30468,47.91354],[-118.30468,47.91381],[-118.30427,47.91381],[-118.30427,47.91408],[-118.30387,47.91408],[-118.30387,47.91435],[-118.30347,47.91435],[-118.30347,47.91462],[-118.30307,47.91462],[-118.30307,47.91489],[-118.30226,47.91489],[-118.30226,47.91516],[-118.30186,47.91516],[-118.30186,47.91543],[-118.30065,47.91543],[-118.30065,47.9157],[-118.29905,47.9157],[-118.29905,47.91597],[-118.29663,47.91597],[-118.29663,47.91624],[-118.29543,47.91624],[-118.29543,47.91651],[-118.29462,47.91651],[-118.29462,47.91678],[-118.29342,47.91678],[-118.29342,47.91705],[-118.29301,47.91705],[-118.29301,47.91732],[-118.29261,47.91732],[-118.29261,47.91759],[-118.29221,47.91759],[-118.29221,47.91786],[-118.2914,47.91813],[-118.2914,47.91839],[-118.291,47.91839],[-118.291,47.91866],[-118.2902,47.91866],[-118.2902,47.91893],[-118.2898,47.91893],[-118.2898,47.9192],[-118.28939,47.9192],[-118.28939,47.91947],[-118.28859,47.91947],[-118.28859,47.91974],[-118.28819,47.91974],[-118.28819,47.92001],[-118.28738,47.92001],[-118.28738,47.92028],[-118.28698,47.92028],[-118.28698,47.92055],[-118.28618,47.92055],[-118.28618,47.92082],[-118.28537,47.92082],[-118.28537,47.92109],[-118.28457,47.92136]]],[[[-118.2536,47.94346],[-118.25602,47.94346],[-118.25602,47.94373],[-118.25682,47.94346],[-118.25682,47.94292],[-118.25642,47.94292],[-118.25642,47.9413],[-118.25682,47.9413],[-118.25682,47.94103],[-118.25763,47.94076],[-118.25763,47.93995],[-118.25843,47.93968],[-118.25843,47.93915],[-118.25923,47.93888],[-118.25923,47.93861],[-118.25964,47.93861],[-118.25964,47.93834],[-118.26004,47.93834],[-118.26004,47.9378],[-118.26044,47.9378],[-118.26044,47.93726],[-118.26124,47.93699],[-118.26124,47.93564],[-118.26165,47.93564],[-118.26165,47.93537],[-118.26285,47.93537],[-118.26285,47.9351],[-118.26687,47.9351],[-118.26687,47.93537],[-118.26728,47.93537],[-118.26728,47.9351],[-118.26808,47.9351],[-118.26808,47.93483],[-118.26848,47.93483],[-118.26848,47.93456],[-118.2717,47.93456],[-118.2717,47.93429],[-118.2725,47.93429],[-118.2725,47.93403],[-118.27291,47.93403],[-118.27291,47.93376],[-118.27492,47.93376],[-118.27492,47.93349],[-118.27572,47.93322],[-118.27572,47.93268],[-118.27612,47.93268],[-118.27612,47.93214],[-118.27733,47.93214],[-118.27733,47.93187],[-118.27813,47.93187],[-118.27813,47.93133],[-118.27854,47.93133],[-118.27854,47.93106],[-118.27813,47.93106],[-118.27813,47.92971],[-118.27854,47.92971],[-118.27854,47.92944],[-118.27934,47.92944],[-118.27934,47.92917],[-118.28055,47.92917],[-118.28055,47.9289],[-118.28216,47.9289],[-118.28216,47.92864],[-118.28376,47.92837],[-118.28376,47.9281],[-118.28417,47.9281],[-118.28417,47.92702],[-118.28457,47.92702],[-118.28457,47.92648],[-118.28537,47.92648],[-118.28537,47.92621],[-118.28618,47.92621],[-118.28618,47.92594],[-118.28658,47.92594],[-118.28658,47.92567],[-118.28698,47.92567],[-118.28698,47.9254],[-118.28658,47.9254],[-118.28658,47.92459],[-118.28618,47.92459],[-118.28618,47.92325],[-118.28658,47.92325],[-118.28658,47.92271],[-118.28698,47.92271],[-118.28698,47.92217],[-118.28738,47.92217],[-118.28738,47.92136],[-118.28779,47.92136],[-118.28779,47.92109],[-118.2906,47.92109],[-118.2906,47.92136],[-118.29181,47.92136],[-118.29181,47.92163],[-118.29221,47.92163],[-118.29221,47.9219],[-118.29301,47.9219],[-118.29301,47.92163],[-118.29462,47.92136],[-118.29462,47.92109],[-118.29502,47.92109],[-118.29502,47.92082],[-118.29623,47.92082],[-118.29623,47.92055],[-118.29744,47.92055],[-118.29744,47.92028],[-118.29905,47.92001],[-118.29905,47.91974],[-118.29945,47.91974],[-118.29945,47.91947],[-118.29985,47.91947],[-118.29985,47.9192],[-118.30025,47.9192],[-118.30025,47.91893],[-118.30106,47.91866],[-118.30106,47.91813],[-118.30186,47.91786],[-118.30186,47.91732],[-118.30226,47.91732],[-118.30226,47.91705],[-118.30307,47.91705],[-118.30307,47.91678],[-118.30347,47.91678],[-118.30347,47.91651],[-118.30427,47.91651],[-118.30427,47.91624],[-118.30588,47.91597],[-118.30588,47.9157],[-118.30669,47.9157],[-118.30669,47.91462],[-118.30749,47.91462],[-118.30749,47.91435],[-118.30789,47.91435],[-118.30789,47.91408],[-118.3087,47.91408],[-118.3087,47.91381],[-118.3095,47.91354],[-118.3095,47.913],[-118.3099,47.913],[-118.3099,47.91274],[-118.31031,47.91274],[-118.31031,47.91247],[-118.31111,47.91247],[-118.31111,47.9122],[-118.31191,47.9122],[-118.31191,47.91193],[-118.31272,47.91193],[-118.31272,47.91166],[-118.31392,47.91166],[-118.31392,47.91139],[-118.31473,47.91139],[-118.31473,47.91112],[-118.31634,47.91085],[-118.31634,47.91058],[-118.31714,47.91058],[-118.31714,47.91031],[-118.31754,47.91031],[-118.31754,47.91004],[-118.31835,47.90977],[-118.31835,47.90923],[-118.31875,47.90923],[-118.31875,47.90761],[-118.31955,47.90761],[-118.31955,47.90735],[-118.32076,47.90735],[-118.32076,47.90761],[-118.32157,47.90761],[-118.32157,47.90735],[-118.32358,47.90735],[-118.32358,47.90708],[-118.32518,47.90708],[-118.32518,47.90681],[-118.32639,47.90681],[-118.32639,47.90654],[-118.3288,47.90627],[-118.3288,47.906],[-118.32961,47.906],[-118.32961,47.90573],[-118.33041,47.90573],[-118.33041,47.90546],[-118.33282,47.90546],[-118.33282,47.90573],[-118.33323,47.90573],[-118.33323,47.906],[-118.33363,47.906],[-118.33363,47.90627],[-118.33443,47.90627],[-118.33443,47.90681],[-118.33484,47.90681],[-118.33484,47.90708],[-118.33564,47.90735],[-118.33564,47.90815],[-118.33604,47.90815],[-118.33604,47.90869],[-118.33644,47.90869],[-118.33644,47.90896],[-118.33725,47.90923],[-118.33725,47.91004],[-118.33685,47.91004],[-118.33685,47.91058],[-118.33644,47.91058],[-118.33644,47.91112],[-118.33604,47.91112],[-118.33604,47.91166],[-118.33564,47.91166],[-118.33564,47.91193],[-118.33524,47.91193],[-118.33524,47.9122],[-118.33484,47.9122],[-118.33484,47.91247],[-118.33443,47.91247],[-118.33443,47.91274],[-118.33403,47.91274],[-118.33403,47.913],[-118.33323,47.91327],[-118.33323,47.91435],[-118.33282,47.91435],[-118.33282,47.91462],[-118.33242,47.91462],[-118.33242,47.91489],[-118.33202,47.91489],[-118.33202,47.91516],[-118.33162,47.91516],[-118.33162,47.91543],[-118.33122,47.91543],[-118.33122,47.91597],[-118.33081,47.91597],[-118.33081,47.91624],[-118.33041,47.91624],[-118.33041,47.91651],[-118.33001,47.91651],[-118.33001,47.91678],[-118.32961,47.91678],[-118.32961,47.91705],[-118.32921,47.91705],[-118.32921,47.91732],[-118.3284,47.91759],[-118.3284,47.91813],[-118.328,47.91813],[-118.328,47.91839],[-118.32719,47.91866],[-118.32719,47.91893],[-118.32599,47.91893],[-118.32599,47.91866],[-118.32358,47.91866],[-118.32358,47.91839],[-118.32197,47.91839],[-118.32197,47.91893],[-118.32237,47.91893],[-118.32237,47.91947],[-118.32317,47.91974],[-118.32317,47.92028],[-118.32719,47.92028],[-118.32719,47.92055],[-118.328,47.92082],[-118.328,47.92136],[-118.3276,47.92136],[-118.3276,47.92325],[-118.32719,47.92325],[-118.32719,47.92378],[-118.3276,47.92378],[-118.3276,47.92432],[-118.328,47.92432],[-118.328,47.92486],[-118.3284,47.92486],[-118.3284,47.92513],[-118.328,47.92513],[-118.328,47.9254],[-118.32719,47.92567],[-118.32719,47.92594],[-118.32639,47.92594],[-118.32639,47.92621],[-118.32559,47.92648],[-118.32559,47.92675],[-118.32478,47.92675],[-118.32478,47.92756],[-118.32438,47.92756],[-118.32438,47.9281],[-118.32398,47.9281],[-118.32398,47.92837],[-118.32358,47.92837],[-118.32358,47.9289],[-118.32277,47.92917],[-118.32277,47.92971],[-118.32237,47.92971],[-118.32237,47.93052],[-118.32197,47.93052],[-118.32197,47.93268],[-118.32157,47.93268],[-118.32157,47.93295],[-118.32116,47.93295],[-118.32116,47.93322],[-118.31996,47.93322],[-118.31996,47.93349],[-118.31674,47.93349],[-118.31674,47.93322],[-118.31553,47.93322],[-118.31553,47.93349],[-118.31513,47.93349],[-118.31513,47.93322],[-118.31433,47.93322],[-118.31433,47.93295],[-118.31352,47.93295],[-118.31352,47.93268],[-118.31232,47.93268],[-118.31232,47.93241],[-118.31191,47.93241],[-118.31191,47.93268],[-118.31151,47.93268],[-118.31151,47.93295],[-118.31071,47.93295],[-118.31071,47.93322],[-118.31031,47.93322],[-118.31031,47.93376],[-118.31071,47.93376],[-118.31071,47.93403],[-118.31151,47.93429],[-118.31151,47.93456],[-118.31232,47.93456],[-118.31232,47.93483],[-118.31312,47.93483],[-118.31312,47.9351],[-118.31433,47.9351],[-118.31433,47.93537],[-118.31553,47.93537],[-118.31553,47.93564],[-118.31594,47.93564],[-118.31594,47.93699],[-118.31634,47.93699],[-118.31634,47.94049],[-118.31594,47.94049],[-118.31594,47.94103],[-118.31553,47.94103],[-118.31553,47.94157],[-118.31392,47.94211],[-118.31392,47.94292],[-118.31352,47.94292],[-118.31352,47.94319],[-118.31312,47.94319],[-118.31312,47.94346],[-118.31272,47.94346],[-118.31272,47.94427],[-118.31232,47.94427],[-118.31232,47.94454],[-118.31071,47.94454],[-118.31071,47.94481],[-118.31191,47.94481],[-118.31191,47.94507],[-118.31272,47.94534],[-118.31272,47.94615],[-118.31191,47.94615],[-118.31191,47.94642],[-118.31151,47.94642],[-118.31151,47.94669],[-118.31071,47.94669],[-118.31071,47.94696],[-118.31031,47.94696],[-118.31031,47.9475],[-118.3099,47.9475],[-118.3099,47.94804],[-118.3091,47.94804],[-118.3091,47.94777],[-118.3087,47.94777],[-118.3087,47.94912],[-118.30789,47.94939],[-118.30789,47.95019],[-118.30749,47.95019],[-118.30749,47.95046],[-118.30427,47.95046],[-118.30427,47.95019],[-118.30387,47.95019],[-118.30387,47.94993],[-118.30347,47.94993],[-118.30347,47.94939],[-118.30307,47.94939],[-118.30307,47.94993],[-118.30266,47.94993],[-118.30266,47.95019],[-118.30186,47.95046],[-118.30186,47.95073],[-118.30106,47.951],[-118.30106,47.95127],[-118.30025,47.95154],[-118.30025,47.95181],[-118.29945,47.95208],[-118.29945,47.95235],[-118.29864,47.95262],[-118.29864,47.95289],[-118.29744,47.95289],[-118.29744,47.95262],[-118.29543,47.95262],[-118.29543,47.95289],[-118.29422,47.95289],[-118.29422,47.95316],[-118.29382,47.95316],[-118.29382,47.95343],[-118.29342,47.95343],[-118.29342,47.9537],[-118.29301,47.9537],[-118.29301,47.95397],[-118.29261,47.95397],[-118.29261,47.95424],[-118.291,47.95451],[-118.291,47.95478],[-118.2906,47.95478],[-118.2906,47.95505],[-118.2902,47.95505],[-118.2902,47.95532],[-118.28899,47.95532],[-118.28899,47.95558],[-118.28175,47.95558],[-118.28175,47.95585],[-118.27854,47.95585],[-118.27854,47.95639],[-118.27813,47.95639],[-118.27813,47.95747],[-118.27773,47.95747],[-118.27773,47.95855],[-118.27733,47.95855],[-118.27733,47.9599],[-118.27693,47.9599],[-118.27693,47.96071],[-118.27653,47.96071],[-118.27653,47.96097],[-118.27612,47.96097],[-118.27612,47.96124],[-118.27532,47.96124],[-118.27532,47.96151],[-118.27492,47.96151],[-118.27492,47.96178],[-118.27452,47.96178],[-118.27452,47.96205],[-118.27411,47.96205],[-118.27411,47.96232],[-118.27371,47.96232],[-118.27371,47.96259],[-118.27291,47.96259],[-118.27291,47.96286],[-118.2721,47.96286],[-118.2721,47.96259],[-118.2717,47.96259],[-118.2717,47.96232],[-118.2713,47.96232],[-118.2713,47.96178],[-118.26969,47.96151],[-118.26969,47.96178],[-118.26889,47.96178],[-118.26889,47.96205],[-118.26848,47.96205],[-118.26848,47.96232],[-118.26768,47.96232],[-118.26768,47.96259],[-118.26687,47.96286],[-118.26687,47.96313],[-118.26607,47.96313],[-118.26607,47.9634],[-118.26567,47.9634],[-118.26567,47.96394],[-118.26527,47.96394],[-118.26527,47.96421],[-118.26486,47.96421],[-118.26486,47.96448],[-118.26446,47.96448],[-118.26446,47.96475],[-118.26326,47.96475],[-118.26326,47.96502],[-118.26084,47.96502],[-118.26084,47.96529],[-118.25763,47.96529],[-118.25763,47.96502],[-118.25521,47.96502],[-118.25521,47.96475],[-118.2536,47.96448],[-118.2536,47.96421],[-118.2532,47.96421],[-118.2532,47.96367],[-118.2524,47.96367],[-118.2524,47.9634],[-118.252,47.9634],[-118.252,47.96313],[-118.24998,47.96313],[-118.24998,47.9634],[-118.24757,47.9634],[-118.24757,47.96313],[-118.24677,47.96313],[-118.24677,47.96286],[-118.24596,47.96259],[-118.24596,47.96205],[-118.24516,47.96178],[-118.24516,47.96124],[-118.24476,47.96124],[-118.24476,47.96071],[-118.24435,47.96071],[-118.24435,47.96017],[-118.24355,47.9599],[-118.24355,47.95936],[-118.24275,47.95909],[-118.24275,47.95855],[-118.24234,47.95855],[-118.24234,47.95774],[-118.24275,47.95774],[-118.24275,47.95747],[-118.24234,47.95747],[-118.24234,47.95693],[-118.24194,47.95693],[-118.24194,47.95585],[-118.24154,47.95585],[-118.24154,47.95478],[-118.24194,47.95478],[-118.24194,47.95451],[-118.24234,47.95451],[-118.24234,47.95424],[-118.24154,47.95424],[-118.24154,47.95397],[-118.24114,47.95397],[-118.24114,47.9537],[-118.24074,47.9537],[-118.24074,47.95154],[-118.24033,47.95154],[-118.24033,47.95073],[-118.24114,47.95046],[-118.24114,47.95019],[-118.24275,47.95019],[-118.24275,47.94993],[-118.24315,47.94993],[-118.24315,47.94966],[-118.24355,47.94966],[-118.24355,47.94858],[-118.24435,47.94831],[-118.24435,47.94777],[-118.24476,47.94777],[-118.24476,47.94669],[-118.24556,47.94669],[-118.24556,47.94642],[-118.24637,47.94642],[-118.24637,47.94669],[-118.24797,47.94669],[-118.24797,47.94642],[-118.24838,47.94642],[-118.24838,47.94669],[-118.24958,47.94669],[-118.24958,47.94723],[-118.25039,47.94723],[-118.25039,47.94696],[-118.24998,47.94696],[-118.24998,47.94615],[-118.25039,47.94615],[-118.25039,47.94507],[-118.25079,47.94507],[-118.25079,47.94481],[-118.25159,47.94481],[-118.25159,47.94454],[-118.2532,47.94454],[-118.2532,47.94373],[-118.2536,47.94373],[-118.2536,47.94346]],[[-118.2536,47.944],[-118.25401,47.944],[-118.25401,47.94373],[-118.2536,47.94373],[-118.2536,47.944]],[[-118.24275,47.95505],[-118.24234,47.95505],[-118.24234,47.95532],[-118.24275,47.95532],[-118.24275,47.95505]],[[-118.24596,47.94993],[-118.24556,47.94993],[-118.24556,47.95019],[-118.24596,47.95019],[-118.24596,47.94993]],[[-118.30669,47.94939],[-118.30628,47.94939],[-118.30628,47.94966],[-118.30669,47.94966],[-118.30669,47.94939]],[[-118.30427,47.94723],[-118.30427,47.94777],[-118.30387,47.94777],[-118.30387,47.94831],[-118.30347,47.94831],[-118.30347,47.94885],[-118.30387,47.94885],[-118.30387,47.94858],[-118.30468,47.94858],[-118.30468,47.94723],[-118.30427,47.94723]],[[-118.30508,47.94723],[-118.30508,47.94696],[-118.30588,47.94696],[-118.30588,47.94669],[-118.30669,47.94669],[-118.30669,47.94696],[-118.30749,47.94696],[-118.30749,47.94669],[-118.30709,47.94669],[-118.30709,47.94642],[-118.30628,47.94642],[-118.30628,47.94615],[-118.30669,47.94615],[-118.30669,47.94588],[-118.30588,47.94588],[-118.30588,47.94615],[-118.30548,47.94615],[-118.30548,47.94642],[-118.30468,47.94669],[-118.30468,47.94723],[-118.30508,47.94723]],[[-118.3099,47.94696],[-118.3095,47.94696],[-118.3095,47.94723],[-118.3099,47.94723],[-118.3099,47.94696]],[[-118.3087,47.94588],[-118.30829,47.94588],[-118.30829,47.94615],[-118.3087,47.94615],[-118.3087,47.94588]],[[-118.31191,47.94534],[-118.31151,47.94534],[-118.31151,47.94561],[-118.31191,47.94561],[-118.31191,47.94534]],[[-118.2524,47.94507],[-118.252,47.94507],[-118.252,47.94534],[-118.2524,47.94534],[-118.2524,47.94507]]]]},"properties":{"layer":"predicted_reach_h06","fire_name":"Mitre_Rock","irwin_id":"{C11A3685-C035-4241-A17C-8076EE99619D}","model":"arrival_run","checkpoint_epoch":216,"decode":"connected_causal","operating_point":{"floor":0.0,"mult":0.9},"val_precision":null,"val_recall":null,"model_caveat":"arrival_run chosen for best RECALL among the six FlameFlux v3 candidates on the production-valid t0-window corpus (R=0.624 on the fc2 held-out fires, R=0.432 on Dillon -- see candidate_comparison.md from the 2026-07-24 comparison). It does NOT meet the project's P>=0.50/R>=0.80 target: precision is the WORST of the six (P=0.120 on fc2 -- most flagged growth is wrong), and wind_run actually edges it on F1. IMPORTANT CAVEAT: arrival_run trained on the leaky 'observed' corpus (crop centered/sized on t0|t1, i.e. it saw the future perimeter's geometry during training) and has NEVER seen a t0-window crop -- the ONLY geometry this live pipeline can ever produce at forecast time (the future perimeter is, by definition, unknown). So every live prediction from this model is out-of-distribution relative to its own training. The measured t0-window numbers above already reflect that (they are not a surprise), but this is 'best available', not 'production-ready' -- represent it that way. The operating_point (floor=0.0, mult=0.9) is the VAL-selected connected-causal decode point; it did NOT clear the 0.50 precision floor during selection (feasible=False, val P=0.270/R=0.259) -- it's the best-F1 fallback point, not a precision-guaranteed one.","issued_at_utc":"2026-08-05 10:59:55.016141+00:00","valid_from_utc":"2026-08-05 00:00:00","valid_to_utc":"2026-08-06 00:00:00","wfigs_date_current_utc":"2026-08-05 10:16:25+00:00","pixel_size_m":30,"veg_source":"refreshed_d4","physics_source":"eikonal_fbfm40","history_n_dates":4,"degraded_history":false,"containment_pct":0.0,"acres_wfigs":4439.297279101989,"hour":6,"valid_at_utc":"2026-08-05 06:00:00"}},{"type":"Feature","geometry":{"type":"MultiPolygon","coordinates":[[[[-118.28457,47.92136],[-118.28457,47.92109],[-118.28376,47.92109],[-118.28376,47.91813],[-118.28417,47.91813],[-118.28417,47.91543],[-118.28457,47.91543],[-118.28457,47.91489],[-118.28537,47.91489],[-118.28537,47.91462],[-118.28618,47.91462],[-118.28618,47.91489],[-118.2906,47.91489],[-118.2906,47.91435],[-118.291,47.91435],[-118.291,47.91408],[-118.2914,47.91408],[-118.2914,47.91381],[-118.29221,47.91381],[-118.29221,47.91354],[-118.29261,47.91354],[-118.29261,47.91327],[-118.29422,47.91327],[-118.29422,47.91354],[-118.29502,47.91381],[-118.29502,47.91408],[-118.29543,47.91408],[-118.29543,47.91435],[-118.29623,47.91435],[-118.29623,47.91408],[-118.29703,47.91381],[-118.29703,47.91327],[-118.29623,47.913],[-118.29623,47.91247],[-118.29583,47.91247],[-118.29583,47.91139],[-118.29623,47.91139],[-118.29623,47.91031],[-118.29663,47.91031],[-118.29663,47.91004],[-118.29744,47.91004],[-118.29744,47.90977],[-118.29824,47.90977],[-118.29824,47.91004],[-118.30025,47.91004],[-118.30025,47.90977],[-118.30106,47.90977],[-118.30106,47.9095],[-118.30146,47.9095],[-118.30146,47.90923],[-118.30387,47.90923],[-118.30387,47.9095],[-118.30508,47.9095],[-118.30508,47.90977],[-118.30588,47.90977],[-118.30588,47.91004],[-118.30628,47.91004],[-118.30628,47.91031],[-118.30669,47.91031],[-118.30669,47.91058],[-118.30709,47.91058],[-118.30709,47.91139],[-118.30749,47.91139],[-118.30749,47.9122],[-118.30669,47.91247],[-118.30669,47.913],[-118.30588,47.913],[-118.30588,47.91327],[-118.30548,47.91327],[-118.30548,47.91354],[-118.30468,47.91354],[-118.30468,47.91381],[-118.30427,47.91381],[-118.30427,47.91408],[-118.30387,47.91408],[-118.30387,47.91435],[-118.30347,47.91435],[-118.30347,47.91462],[-118.30266,47.91489],[-118.30266,47.91516],[-118.30226,47.91516],[-118.30226,47.91543],[-118.30106,47.91543],[-118.30106,47.9157],[-118.29945,47.9157],[-118.29945,47.91597],[-118.29663,47.91597],[-118.29663,47.91624],[-118.29583,47.91624],[-118.29583,47.91651],[-118.29462,47.91651],[-118.29462,47.91678],[-118.29301,47.91705],[-118.29301,47.91732],[-118.29221,47.91759],[-118.29221,47.91786],[-118.29181,47.91786],[-118.29181,47.91813],[-118.2914,47.91813],[-118.2914,47.91839],[-118.291,47.91839],[-118.291,47.91866],[-118.2906,47.91866],[-118.2906,47.91893],[-118.2898,47.91893],[-118.2898,47.9192],[-118.28939,47.9192],[-118.28939,47.91947],[-118.28859,47.91947],[-118.28859,47.91974],[-118.28819,47.91974],[-118.28819,47.92001],[-118.28779,47.92001],[-118.28779,47.92028],[-118.28698,47.92028],[-118.28698,47.92055],[-118.28618,47.92055],[-118.28618,47.92082],[-118.28537,47.92082],[-118.28537,47.92109],[-118.28457,47.92136]]],[[[-118.25763,47.96529],[-118.25763,47.96502],[-118.25481,47.96502],[-118.25481,47.96475],[-118.25401,47.96475],[-118.25401,47.96448],[-118.2536,47.96448],[-118.2536,47.96421],[-118.2532,47.96421],[-118.2532,47.96394],[-118.2528,47.96394],[-118.2528,47.96367],[-118.2524,47.96367],[-118.2524,47.9634],[-118.252,47.9634],[-118.252,47.96313],[-118.24998,47.96313],[-118.24998,47.9634],[-118.24757,47.9634],[-118.24757,47.96313],[-118.24677,47.96313],[-118.24677,47.96286],[-118.24637,47.96286],[-118.24637,47.96259],[-118.24596,47.96259],[-118.24596,47.96232],[-118.24556,47.96232],[-118.24556,47.96178],[-118.24516,47.96178],[-118.24516,47.96124],[-118.24476,47.96124],[-118.24476,47.96071],[-118.24395,47.96044],[-118.24395,47.9599],[-118.24355,47.9599],[-118.24355,47.95936],[-118.24315,47.95936],[-118.24315,47.95909],[-118.24275,47.95909],[-118.24275,47.95882],[-118.24234,47.95882],[-118.24234,47.9572],[-118.24194,47.9572],[-118.24194,47.95666],[-118.24154,47.95666],[-118.24154,47.95612],[-118.24194,47.95612],[-118.24194,47.95585],[-118.24154,47.95585],[-118.24154,47.95532],[-118.24114,47.95532],[-118.24114,47.95505],[-118.24154,47.95505],[-118.24154,47.95478],[-118.24194,47.95478],[-118.24194,47.95424],[-118.24154,47.95424],[-118.24154,47.95397],[-118.24114,47.95397],[-118.24114,47.9537],[-118.24074,47.9537],[-118.24074,47.95181],[-118.24033,47.95181],[-118.24033,47.95073],[-118.24114,47.95046],[-118.24114,47.95019],[-118.24194,47.95019],[-118.24194,47.94993],[-118.24275,47.95019],[-118.24275,47.94993],[-118.24315,47.94993],[-118.24315,47.94966],[-118.24355,47.94966],[-118.24355,47.94858],[-118.24435,47.94831],[-118.24435,47.94723],[-118.24476,47.94723],[-118.24476,47.94669],[-118.24516,47.94669],[-118.24516,47.94642],[-118.24677,47.94642],[-118.24677,47.94669],[-118.24797,47.94669],[-118.24797,47.94642],[-118.24838,47.94642],[-118.24838,47.94669],[-118.24958,47.94669],[-118.24958,47.94696],[-118.24998,47.94696],[-118.24998,47.94615],[-118.25039,47.94615],[-118.25039,47.94588],[-118.24998,47.94588],[-118.24998,47.94561],[-118.25039,47.94561],[-118.25039,47.94507],[-118.25079,47.94507],[-118.25079,47.94481],[-118.25119,47.94481],[-118.25119,47.94454],[-118.2528,47.94454],[-118.2528,47.94427],[-118.2532,47.94427],[-118.2532,47.94346],[-118.25441,47.94346],[-118.25441,47.94319],[-118.25481,47.94319],[-118.25481,47.94346],[-118.25642,47.94346],[-118.25642,47.9413],[-118.25722,47.94103],[-118.25722,47.94049],[-118.25763,47.94049],[-118.25763,47.93995],[-118.25843,47.93968],[-118.25843,47.93915],[-118.25883,47.93915],[-118.25883,47.93888],[-118.25964,47.93861],[-118.25964,47.93807],[-118.26044,47.9378],[-118.26044,47.93726],[-118.26084,47.93726],[-118.26084,47.93672],[-118.26124,47.93672],[-118.26124,47.93564],[-118.26165,47.93564],[-118.26165,47.93537],[-118.26245,47.93537],[-118.26245,47.9351],[-118.26808,47.9351],[-118.26808,47.93483],[-118.26889,47.93456],[-118.26889,47.93429],[-118.27009,47.93429],[-118.27009,47.93456],[-118.2717,47.93456],[-118.2717,47.93429],[-118.2725,47.93429],[-118.2725,47.93403],[-118.27291,47.93403],[-118.27291,47.93376],[-118.27492,47.93376],[-118.27492,47.93349],[-118.27572,47.93322],[-118.27572,47.93268],[-118.27612,47.93268],[-118.27612,47.93214],[-118.27733,47.93214],[-118.27733,47.93187],[-118.27813,47.9316],[-118.27813,47.92971],[-118.27854,47.92971],[-118.27854,47.92944],[-118.27894,47.92944],[-118.27894,47.92917],[-118.28014,47.92917],[-118.28014,47.9289],[-118.28175,47.9289],[-118.28175,47.92864],[-118.28296,47.92864],[-118.28296,47.92837],[-118.28376,47.92837],[-118.28376,47.9281],[-118.28417,47.9281],[-118.28417,47.92702],[-118.28457,47.92702],[-118.28457,47.92648],[-118.28497,47.92648],[-118.28497,47.92621],[-118.28618,47.92621],[-118.28618,47.92594],[-118.28658,47.92594],[-118.28658,47.92459],[-118.28618,47.92459],[-118.28618,47.92325],[-118.28658,47.92325],[-118.28658,47.92271],[-118.28698,47.92271],[-118.28698,47.92217],[-118.28738,47.92217],[-118.28738,47.92136],[-118.28779,47.92136],[-118.28779,47.92109],[-118.291,47.92109],[-118.291,47.92136],[-118.29181,47.92136],[-118.29181,47.92163],[-118.29261,47.92163],[-118.29261,47.9219],[-118.29301,47.9219],[-118.29301,47.92163],[-118.29342,47.92163],[-118.29342,47.92136],[-118.29422,47.92136],[-118.29422,47.92109],[-118.29502,47.92109],[-118.29502,47.92082],[-118.29623,47.92082],[-118.29623,47.92055],[-118.29703,47.92055],[-118.29703,47.92028],[-118.29824,47.92028],[-118.29824,47.92001],[-118.29864,47.92001],[-118.29864,47.91974],[-118.29945,47.91974],[-118.29945,47.91947],[-118.29985,47.91947],[-118.29985,47.9192],[-118.30025,47.9192],[-118.30025,47.91893],[-118.30106,47.91866],[-118.30106,47.91813],[-118.30186,47.91786],[-118.30186,47.91732],[-118.30226,47.91732],[-118.30226,47.91705],[-118.30266,47.91705],[-118.30266,47.91678],[-118.30347,47.91678],[-118.30347,47.91651],[-118.30427,47.91651],[-118.30427,47.91624],[-118.30508,47.91624],[-118.30508,47.91597],[-118.30588,47.91597],[-118.30588,47.9157],[-118.30669,47.91543],[-118.30669,47.91462],[-118.30709,47.91462],[-118.30709,47.91435],[-118.30789,47.91435],[-118.30789,47.91408],[-118.3087,47.91408],[-118.3087,47.91381],[-118.3095,47.91354],[-118.3095,47.913],[-118.3099,47.913],[-118.3099,47.91274],[-118.31031,47.91274],[-118.31031,47.91247],[-118.31111,47.91247],[-118.31111,47.9122],[-118.31191,47.9122],[-118.31191,47.91193],[-118.31352,47.91166],[-118.31352,47.91139],[-118.31473,47.91139],[-118.31473,47.91112],[-118.31553,47.91112],[-118.31553,47.91085],[-118.31594,47.91085],[-118.31594,47.91058],[-118.31754,47.91031],[-118.31754,47.91004],[-118.31835,47.90977],[-118.31835,47.90923],[-118.31875,47.90923],[-118.31875,47.90761],[-118.31955,47.90761],[-118.31955,47.90735],[-118.32076,47.90735],[-118.32076,47.90761],[-118.32116,47.90761],[-118.32116,47.90735],[-118.32358,47.90735],[-118.32358,47.90708],[-118.32478,47.90708],[-118.32478,47.90681],[-118.32639,47.90681],[-118.32639,47.90654],[-118.3288,47.90627],[-118.3288,47.906],[-118.32961,47.906],[-118.32961,47.90573],[-118.33041,47.90573],[-118.33041,47.90546],[-118.33282,47.90546],[-118.33282,47.90573],[-118.33323,47.90573],[-118.33323,47.906],[-118.33403,47.906],[-118.33403,47.90627],[-118.33443,47.90627],[-118.33443,47.90681],[-118.33484,47.90681],[-118.33484,47.90708],[-118.33564,47.90735],[-118.33564,47.90815],[-118.33604,47.90815],[-118.33604,47.90869],[-118.33644,47.90869],[-118.33644,47.90896],[-118.33725,47.90923],[-118.33725,47.91031],[-118.33644,47.91058],[-118.33644,47.91112],[-118.33604,47.91112],[-118.33604,47.91166],[-118.33564,47.91166],[-118.33564,47.91193],[-118.33524,47.91193],[-118.33524,47.9122],[-118.33484,47.9122],[-118.33484,47.91247],[-118.33443,47.91247],[-118.33443,47.91274],[-118.33403,47.91274],[-118.33403,47.913],[-118.33323,47.91327],[-118.33323,47.91435],[-118.33282,47.91435],[-118.33282,47.91462],[-118.33242,47.91462],[-118.33242,47.91489],[-118.33162,47.91516],[-118.33162,47.9157],[-118.33122,47.9157],[-118.33122,47.91597],[-118.33081,47.91597],[-118.33081,47.91624],[-118.33041,47.91624],[-118.33041,47.91651],[-118.33001,47.91651],[-118.33001,47.91678],[-118.32961,47.91678],[-118.32961,47.91705],[-118.32921,47.91705],[-118.32921,47.91732],[-118.3284,47.91759],[-118.3284,47.91813],[-118.328,47.91813],[-118.328,47.91839],[-118.32719,47.91866],[-118.32719,47.91893],[-118.32559,47.91893],[-118.32559,47.91866],[-118.32358,47.91866],[-118.32358,47.91839],[-118.32317,47.91839],[-118.32317,47.91866],[-118.32237,47.91866],[-118.32237,47.91839],[-118.32197,47.91839],[-118.32197,47.91893],[-118.32237,47.91893],[-118.32237,47.91947],[-118.32317,47.91974],[-118.32317,47.92028],[-118.32719,47.92028],[-118.32719,47.92055],[-118.328,47.92082],[-118.328,47.92136],[-118.3276,47.92136],[-118.3276,47.92325],[-118.32719,47.92325],[-118.32719,47.92378],[-118.3276,47.92378],[-118.3276,47.92432],[-118.328,47.92432],[-118.328,47.92459],[-118.3284,47.92459],[-118.3284,47.92513],[-118.328,47.92513],[-118.328,47.9254],[-118.32719,47.92567],[-118.32719,47.92594],[-118.32639,47.92594],[-118.32639,47.92621],[-118.32599,47.92621],[-118.32599,47.92648],[-118.32559,47.92648],[-118.32559,47.92675],[-118.32518,47.92675],[-118.32518,47.92702],[-118.32478,47.92702],[-118.32478,47.92756],[-118.32438,47.92756],[-118.32438,47.9281],[-118.32398,47.9281],[-118.32398,47.92837],[-118.32358,47.92837],[-118.32358,47.9289],[-118.32277,47.92917],[-118.32277,47.92971],[-118.32237,47.92971],[-118.32237,47.93052],[-118.32197,47.93052],[-118.32197,47.93268],[-118.32157,47.93268],[-118.32157,47.93295],[-118.32116,47.93295],[-118.32116,47.93322],[-118.31996,47.93322],[-118.31996,47.93349],[-118.31674,47.93349],[-118.31674,47.93322],[-118.31594,47.93322],[-118.31594,47.93349],[-118.31473,47.93349],[-118.31473,47.93322],[-118.31352,47.93322],[-118.31352,47.93295],[-118.31272,47.93295],[-118.31272,47.93268],[-118.31151,47.93268],[-118.31151,47.93295],[-118.31071,47.93322],[-118.31071,47.93349],[-118.31151,47.93349],[-118.31151,47.93403],[-118.31232,47.93429],[-118.31232,47.93483],[-118.31473,47.9351],[-118.31473,47.93537],[-118.31553,47.93537],[-118.31553,47.93564],[-118.31594,47.93564],[-118.31594,47.93699],[-118.31634,47.93699],[-118.31634,47.94049],[-118.31594,47.94049],[-118.31594,47.94103],[-118.31553,47.94103],[-118.31553,47.94157],[-118.31513,47.94157],[-118.31513,47.94184],[-118.31473,47.94184],[-118.31473,47.94211],[-118.31392,47.94211],[-118.31392,47.94292],[-118.31312,47.94319],[-118.31312,47.94373],[-118.31272,47.94373],[-118.31272,47.94427],[-118.31232,47.94427],[-118.31232,47.94454],[-118.31151,47.94454],[-118.31151,47.94481],[-118.31191,47.94481],[-118.31191,47.94507],[-118.31272,47.94534],[-118.31272,47.94615],[-118.31232,47.94615],[-118.31232,47.94642],[-118.31151,47.94642],[-118.31151,47.94669],[-118.31071,47.94669],[-118.31071,47.9475],[-118.3099,47.9475],[-118.3099,47.94804],[-118.3091,47.94804],[-118.3091,47.94777],[-118.3087,47.94777],[-118.3087,47.94912],[-118.30829,47.94912],[-118.30829,47.94966],[-118.30789,47.94966],[-118.30789,47.95019],[-118.30749,47.95019],[-118.30749,47.95046],[-118.30548,47.95046],[-118.30548,47.95073],[-118.30468,47.95073],[-118.30468,47.95046],[-118.30427,47.95046],[-118.30427,47.95019],[-118.30387,47.95019],[-118.30387,47.94993],[-118.30347,47.94993],[-118.30347,47.94939],[-118.30307,47.94939],[-118.30307,47.94993],[-118.30266,47.94993],[-118.30266,47.95019],[-118.30186,47.95046],[-118.30186,47.95073],[-118.30106,47.951],[-118.30106,47.95127],[-118.30025,47.95154],[-118.30025,47.95181],[-118.29945,47.95208],[-118.29945,47.95235],[-118.29864,47.95262],[-118.29864,47.95289],[-118.29703,47.95289],[-118.29703,47.95262],[-118.29543,47.95262],[-118.29543,47.95289],[-118.29422,47.95289],[-118.29422,47.95316],[-118.29382,47.95316],[-118.29382,47.95343],[-118.29342,47.95343],[-118.29342,47.9537],[-118.29301,47.9537],[-118.29301,47.95397],[-118.29261,47.95397],[-118.29261,47.95424],[-118.29181,47.95424],[-118.29181,47.95451],[-118.2914,47.95451],[-118.2914,47.95478],[-118.2906,47.95478],[-118.2906,47.95505],[-118.2902,47.95505],[-118.2902,47.95532],[-118.28899,47.95532],[-118.28899,47.95558],[-118.28216,47.95558],[-118.28216,47.95585],[-118.27854,47.95585],[-118.27854,47.95639],[-118.27813,47.95639],[-118.27813,47.95747],[-118.27773,47.95747],[-118.27773,47.95855],[-118.27733,47.95855],[-118.27733,47.9599],[-118.27693,47.9599],[-118.27693,47.96071],[-118.27653,47.96071],[-118.27653,47.96097],[-118.27612,47.96097],[-118.27612,47.96124],[-118.27532,47.96124],[-118.27532,47.96151],[-118.27492,47.96151],[-118.27492,47.96178],[-118.27452,47.96178],[-118.27452,47.96205],[-118.27411,47.96205],[-118.27411,47.96232],[-118.27371,47.96232],[-118.27371,47.96259],[-118.27291,47.96259],[-118.27291,47.96286],[-118.2717,47.96286],[-118.2717,47.96259],[-118.2713,47.96259],[-118.2713,47.96205],[-118.2709,47.96205],[-118.2709,47.96178],[-118.27049,47.96178],[-118.27049,47.96151],[-118.26969,47.96151],[-118.26969,47.96178],[-118.26889,47.96178],[-118.26889,47.96205],[-118.26848,47.96205],[-118.26848,47.96232],[-118.26768,47.96232],[-118.26768,47.96259],[-118.26687,47.96286],[-118.26687,47.96313],[-118.26607,47.96313],[-118.26607,47.9634],[-118.26567,47.9634],[-118.26567,47.96394],[-118.26527,47.96394],[-118.26527,47.96421],[-118.26486,47.96421],[-118.26486,47.96448],[-118.26446,47.96448],[-118.26446,47.96475],[-118.26366,47.96475],[-118.26366,47.96502],[-118.26084,47.96502],[-118.26084,47.96529],[-118.25763,47.96529]],[[-118.24275,47.95505],[-118.24234,47.95505],[-118.24234,47.95532],[-118.24275,47.95532],[-118.24275,47.95505]],[[-118.24596,47.94993],[-118.24556,47.94993],[-118.24556,47.95019],[-118.24596,47.95019],[-118.24596,47.94993]],[[-118.30669,47.94939],[-118.30628,47.94939],[-118.30628,47.94966],[-118.30669,47.94966],[-118.30669,47.94939]],[[-118.30427,47.94723],[-118.30427,47.94777],[-118.30387,47.94777],[-118.30387,47.94831],[-118.30347,47.94831],[-118.30347,47.94885],[-118.30387,47.94885],[-118.30387,47.94858],[-118.30427,47.94858],[-118.30427,47.94831],[-118.30468,47.94831],[-118.30468,47.94723],[-118.30427,47.94723]],[[-118.30508,47.94723],[-118.30508,47.94696],[-118.30548,47.94696],[-118.30548,47.94669],[-118.30468,47.94669],[-118.30468,47.94723],[-118.30508,47.94723]],[[-118.30669,47.94669],[-118.30669,47.94642],[-118.30628,47.94642],[-118.30628,47.94615],[-118.30548,47.94642],[-118.30548,47.94669],[-118.30669,47.94669]],[[-118.3099,47.94696],[-118.3095,47.94696],[-118.3095,47.94723],[-118.3099,47.94723],[-118.3099,47.94696]],[[-118.3087,47.94588],[-118.30829,47.94588],[-118.30829,47.94615],[-118.3087,47.94615],[-118.3087,47.94588]],[[-118.31191,47.94534],[-118.31151,47.94534],[-118.31151,47.94561],[-118.31191,47.94561],[-118.31191,47.94534]],[[-118.2524,47.94507],[-118.252,47.94507],[-118.252,47.94534],[-118.2524,47.94534],[-118.2524,47.94507]],[[-118.25401,47.94373],[-118.2536,47.94373],[-118.2536,47.944],[-118.25401,47.944],[-118.25401,47.94373]]]]},"properties":{"layer":"predicted_reach_h07","fire_name":"Mitre_Rock","irwin_id":"{C11A3685-C035-4241-A17C-8076EE99619D}","model":"arrival_run","checkpoint_epoch":216,"decode":"connected_causal","operating_point":{"floor":0.0,"mult":0.9},"val_precision":null,"val_recall":null,"model_caveat":"arrival_run chosen for best RECALL among the six FlameFlux v3 candidates on the production-valid t0-window corpus (R=0.624 on the fc2 held-out fires, R=0.432 on Dillon -- see candidate_comparison.md from the 2026-07-24 comparison). It does NOT meet the project's P>=0.50/R>=0.80 target: precision is the WORST of the six (P=0.120 on fc2 -- most flagged growth is wrong), and wind_run actually edges it on F1. IMPORTANT CAVEAT: arrival_run trained on the leaky 'observed' corpus (crop centered/sized on t0|t1, i.e. it saw the future perimeter's geometry during training) and has NEVER seen a t0-window crop -- the ONLY geometry this live pipeline can ever produce at forecast time (the future perimeter is, by definition, unknown). So every live prediction from this model is out-of-distribution relative to its own training. The measured t0-window numbers above already reflect that (they are not a surprise), but this is 'best available', not 'production-ready' -- represent it that way. The operating_point (floor=0.0, mult=0.9) is the VAL-selected connected-causal decode point; it did NOT clear the 0.50 precision floor during selection (feasible=False, val P=0.270/R=0.259) -- it's the best-F1 fallback point, not a precision-guaranteed one.","issued_at_utc":"2026-08-05 10:59:55.016141+00:00","valid_from_utc":"2026-08-05 00:00:00","valid_to_utc":"2026-08-06 00:00:00","wfigs_date_current_utc":"2026-08-05 10:16:25+00:00","pixel_size_m":30,"veg_source":"refreshed_d4","physics_source":"eikonal_fbfm40","history_n_dates":4,"degraded_history":false,"containment_pct":0.0,"acres_wfigs":4439.297279101989,"hour":7,"valid_at_utc":"2026-08-05 07:00:00"}},{"type":"Feature","geometry":{"type":"MultiPolygon","coordinates":[[[[-118.31392,47.93376],[-118.31392,47.93403],[-118.31352,47.93403],[-118.31352,47.93376],[-118.31392,47.93376]]],[[[-118.31392,47.93456],[-118.31352,47.93456],[-118.31352,47.93429],[-118.31392,47.93429],[-118.31392,47.93456]]],[[[-118.31473,47.94642],[-118.31352,47.94642],[-118.31352,47.94615],[-118.31473,47.94615],[-118.31473,47.94642]]],[[[-118.31312,47.94642],[-118.31272,47.94642],[-118.31272,47.94615],[-118.31312,47.94615],[-118.31312,47.94642]]],[[[-118.31473,47.94696],[-118.31392,47.94696],[-118.31392,47.94669],[-118.31473,47.94669],[-118.31473,47.94696]]],[[[-118.31433,47.9475],[-118.31392,47.9475],[-118.31392,47.94723],[-118.31433,47.94723],[-118.31433,47.9475]]],[[[-118.31392,47.94804],[-118.31352,47.94804],[-118.31352,47.94777],[-118.31392,47.94777],[-118.31392,47.94804]]],[[[-118.31312,47.94804],[-118.31272,47.94804],[-118.31272,47.94777],[-118.31312,47.94777],[-118.31312,47.94804]]],[[[-118.28376,47.91813],[-118.28417,47.91813],[-118.28417,47.91516],[-118.28457,47.91516],[-118.28457,47.91489],[-118.28537,47.91489],[-118.28537,47.91462],[-118.28658,47.91462],[-118.28658,47.91489],[-118.2906,47.91489],[-118.2906,47.91435],[-118.291,47.91435],[-118.291,47.91408],[-118.2914,47.91408],[-118.2914,47.91381],[-118.29221,47.91381],[-118.29221,47.91354],[-118.29261,47.91354],[-118.29261,47.91327],[-118.29422,47.91327],[-118.29422,47.91354],[-118.29502,47.91381],[-118.29502,47.91408],[-118.29663,47.91408],[-118.29663,47.91381],[-118.29703,47.91381],[-118.29703,47.91354],[-118.29663,47.91354],[-118.29663,47.913],[-118.29623,47.913],[-118.29623,47.91247],[-118.29583,47.91247],[-118.29583,47.91139],[-118.29623,47.91139],[-118.29623,47.91031],[-118.29663,47.91031],[-118.29663,47.91004],[-118.29703,47.91004],[-118.29703,47.90977],[-118.30025,47.91004],[-118.30025,47.90977],[-118.30065,47.90977],[-118.30065,47.9095],[-118.30146,47.9095],[-118.30146,47.90923],[-118.30387,47.90923],[-118.30387,47.9095],[-118.30508,47.9095],[-118.30508,47.90977],[-118.30588,47.90977],[-118.30588,47.91004],[-118.30628,47.91004],[-118.30628,47.91031],[-118.30669,47.91031],[-118.30669,47.91058],[-118.30709,47.91058],[-118.30709,47.91112],[-118.30749,47.91112],[-118.30749,47.9122],[-118.30709,47.9122],[-118.30709,47.91274],[-118.30669,47.91274],[-118.30669,47.913],[-118.30628,47.913],[-118.30628,47.91327],[-118.30548,47.91327],[-118.30548,47.91354],[-118.30468,47.91354],[-118.30468,47.91381],[-118.30387,47.91408],[-118.30387,47.91462],[-118.30307,47.91462],[-118.30307,47.91489],[-118.30266,47.91489],[-118.30266,47.91516],[-118.30226,47.91516],[-118.30226,47.91543],[-118.30106,47.91543],[-118.30106,47.9157],[-118.29945,47.9157],[-118.29945,47.91597],[-118.29663,47.91597],[-118.29663,47.91624],[-118.29583,47.91624],[-118.29583,47.91651],[-118.29462,47.91651],[-118.29462,47.91678],[-118.29301,47.91705],[-118.29301,47.91732],[-118.29261,47.91732],[-118.29261,47.91786],[-118.29181,47.91786],[-118.29181,47.91813],[-118.2914,47.91813],[-118.2914,47.91839],[-118.2906,47.91866],[-118.2906,47.91893],[-118.2898,47.91893],[-118.2898,47.9192],[-118.28899,47.91947],[-118.28899,47.91974],[-118.28819,47.91974],[-118.28819,47.92001],[-118.28779,47.92001],[-118.28779,47.92028],[-118.28618,47.92055],[-118.28618,47.92082],[-118.28577,47.92082],[-118.28577,47.92109],[-118.28497,47.92109],[-118.28497,47.92136],[-118.28417,47.92136],[-118.28417,47.92109],[-118.28376,47.92109],[-118.28376,47.91813]]],[[[-118.31272,47.93322],[-118.31312,47.93322],[-118.31312,47.93349],[-118.31272,47.93349],[-118.31272,47.93322]]],[[[-118.31272,47.93403],[-118.31272,47.93429],[-118.31232,47.93429],[-118.31232,47.93456],[-118.31312,47.93456],[-118.31312,47.93483],[-118.31433,47.93483],[-118.31433,47.9351],[-118.31513,47.9351],[-118.31513,47.93537],[-118.31553,47.93537],[-118.31553,47.93564],[-118.31594,47.93564],[-118.31594,47.93591],[-118.31634,47.93591],[-118.31634,47.94076],[-118.31594,47.94076],[-118.31594,47.9413],[-118.31553,47.9413],[-118.31553,47.94157],[-118.31473,47.94184],[-118.31473,47.94211],[-118.31392,47.94211],[-118.31392,47.94319],[-118.31312,47.94346],[-118.31312,47.94454],[-118.31392,47.94454],[-118.31392,47.94534],[-118.31272,47.94534],[-118.31272,47.94561],[-118.31312,47.94561],[-118.31312,47.94588],[-118.31272,47.94588],[-118.31272,47.94615],[-118.31232,47.94615],[-118.31232,47.94642],[-118.31151,47.94642],[-118.31151,47.94669],[-118.31071,47.94669],[-118.31071,47.94777],[-118.31031,47.94777],[-118.31031,47.94804],[-118.3091,47.94804],[-118.3091,47.94831],[-118.3087,47.94831],[-118.3087,47.94939],[-118.30789,47.94966],[-118.30789,47.95019],[-118.30749,47.95019],[-118.30749,47.95046],[-118.30628,47.95046],[-118.30628,47.95073],[-118.30427,47.95073],[-118.30427,47.95046],[-118.30347,47.95046],[-118.30347,47.94993],[-118.30266,47.94993],[-118.30266,47.95019],[-118.30186,47.95046],[-118.30186,47.95073],[-118.30146,47.95073],[-118.30146,47.951],[-118.30106,47.951],[-118.30106,47.95154],[-118.30025,47.95154],[-118.30025,47.95208],[-118.29985,47.95208],[-118.29985,47.95235],[-118.29905,47.95235],[-118.29905,47.95262],[-118.29864,47.95262],[-118.29864,47.95289],[-118.29663,47.95289],[-118.29663,47.95262],[-118.29583,47.95262],[-118.29583,47.95289],[-118.29422,47.95289],[-118.29422,47.95316],[-118.29382,47.95316],[-118.29382,47.95343],[-118.29301,47.9537],[-118.29301,47.95397],[-118.29221,47.95424],[-118.29221,47.95451],[-118.2914,47.95451],[-118.2914,47.95478],[-118.291,47.95478],[-118.291,47.95505],[-118.2902,47.95505],[-118.2902,47.95532],[-118.28939,47.95532],[-118.28939,47.95558],[-118.28216,47.95558],[-118.28216,47.95585],[-118.28095,47.95585],[-118.28095,47.95612],[-118.27894,47.95612],[-118.27894,47.95585],[-118.27854,47.95585],[-118.27854,47.95666],[-118.27813,47.95666],[-118.27813,47.95774],[-118.27773,47.95774],[-118.27773,47.95855],[-118.27733,47.95855],[-118.27733,47.9599],[-118.27693,47.9599],[-118.27693,47.96071],[-118.27653,47.96071],[-118.27653,47.96097],[-118.27612,47.96097],[-118.27612,47.96124],[-118.27532,47.96124],[-118.27532,47.96178],[-118.27452,47.96178],[-118.27452,47.96205],[-118.27411,47.96205],[-118.27411,47.96232],[-118.27371,47.96232],[-118.27371,47.96259],[-118.27291,47.96259],[-118.27291,47.96286],[-118.2717,47.96286],[-118.2717,47.96259],[-118.2713,47.96259],[-118.2713,47.96205],[-118.2709,47.96205],[-118.2709,47.96178],[-118.27049,47.96178],[-118.27049,47.96151],[-118.26969,47.96151],[-118.26969,47.96178],[-118.26929,47.96178],[-118.26929,47.96205],[-118.26848,47.96205],[-118.26848,47.96232],[-118.26808,47.96232],[-118.26808,47.96259],[-118.26728,47.96259],[-118.26728,47.96286],[-118.26687,47.96286],[-118.26687,47.96313],[-118.26607,47.96313],[-118.26607,47.9634],[-118.26567,47.9634],[-118.26567,47.96394],[-118.26527,47.96394],[-118.26527,47.96421],[-118.26486,47.96421],[-118.26486,47.96448],[-118.26446,47.96448],[-118.26446,47.96475],[-118.26366,47.96475],[-118.26366,47.96502],[-118.26245,47.96502],[-118.26245,47.96529],[-118.25923,47.96529],[-118.25923,47.96556],[-118.25803,47.96556],[-118.25803,47.96529],[-118.25722,47.96529],[-118.25722,47.96502],[-118.25561,47.96529],[-118.25561,47.96502],[-118.25401,47.96475],[-118.25401,47.96448],[-118.2536,47.96448],[-118.2536,47.96421],[-118.2528,47.96421],[-118.2528,47.96394],[-118.2524,47.96394],[-118.2524,47.96367],[-118.252,47.96367],[-118.252,47.9634],[-118.25119,47.9634],[-118.25119,47.96313],[-118.25079,47.96313],[-118.25079,47.9634],[-118.24998,47.96313],[-118.24998,47.9634],[-118.24878,47.9634],[-118.24878,47.96367],[-118.24797,47.96367],[-118.24797,47.9634],[-118.24717,47.9634],[-118.24717,47.96313],[-118.24637,47.96286],[-118.24637,47.96259],[-118.24596,47.96259],[-118.24596,47.96232],[-118.24556,47.96232],[-118.24556,47.96178],[-118.24476,47.96151],[-118.24476,47.96097],[-118.24435,47.96097],[-118.24435,47.96044],[-118.24395,47.96044],[-118.24395,47.9599],[-118.24315,47.95963],[-118.24315,47.95909],[-118.24275,47.95909],[-118.24275,47.95882],[-118.24234,47.95882],[-118.24234,47.9572],[-118.24194,47.9572],[-118.24194,47.95666],[-118.24154,47.95666],[-118.24154,47.95558],[-118.24114,47.95558],[-118.24114,47.95505],[-118.24154,47.95505],[-118.24154,47.95424],[-118.24074,47.95397],[-118.24074,47.95181],[-118.24033,47.95181],[-118.24033,47.95073],[-118.24114,47.95046],[-118.24114,47.95019],[-118.24154,47.95019],[-118.24154,47.94993],[-118.24315,47.94993],[-118.24315,47.94885],[-118.24395,47.94858],[-118.24395,47.94804],[-118.24435,47.94804],[-118.24435,47.94723],[-118.24476,47.94723],[-118.24476,47.94669],[-118.24516,47.94669],[-118.24516,47.94642],[-118.24677,47.94642],[-118.24677,47.94669],[-118.24757,47.94669],[-118.24757,47.94642],[-118.24878,47.94642],[-118.24878,47.94669],[-118.24998,47.94669],[-118.24998,47.94561],[-118.25039,47.94561],[-118.25039,47.94507],[-118.25079,47.94507],[-118.25079,47.94481],[-118.25119,47.94481],[-118.25119,47.94454],[-118.2528,47.94454],[-118.2528,47.944],[-118.2532,47.944],[-118.2532,47.94346],[-118.25401,47.94346],[-118.25401,47.94319],[-118.25602,47.94319],[-118.25602,47.94265],[-118.25642,47.94265],[-118.25642,47.9413],[-118.25682,47.9413],[-118.25682,47.94076],[-118.25763,47.94049],[-118.25763,47.93995],[-118.25803,47.93995],[-118.25803,47.93942],[-118.25883,47.93915],[-118.25883,47.93861],[-118.25923,47.93861],[-118.25923,47.93834],[-118.25964,47.93834],[-118.25964,47.93807],[-118.26004,47.93807],[-118.26004,47.93753],[-118.26044,47.93753],[-118.26044,47.93726],[-118.26084,47.93726],[-118.26084,47.93672],[-118.26124,47.93672],[-118.26124,47.93564],[-118.26165,47.93564],[-118.26165,47.93537],[-118.26245,47.93537],[-118.26245,47.9351],[-118.26768,47.9351],[-118.26768,47.93483],[-118.26808,47.93483],[-118.26808,47.93456],[-118.26889,47.93456],[-118.26889,47.93429],[-118.2713,47.93456],[-118.2713,47.93429],[-118.2721,47.93429],[-118.2721,47.93403],[-118.2725,47.93403],[-118.2725,47.93376],[-118.27371,47.93376],[-118.27371,47.93349],[-118.27452,47.93376],[-118.27452,47.93349],[-118.27532,47.93349],[-118.27532,47.93295],[-118.27572,47.93295],[-118.27572,47.93241],[-118.27813,47.9316],[-118.27813,47.92971],[-118.27854,47.92971],[-118.27854,47.92944],[-118.27894,47.92944],[-118.27894,47.92917],[-118.28014,47.92917],[-118.28014,47.9289],[-118.28175,47.9289],[-118.28175,47.92864],[-118.28296,47.92864],[-118.28296,47.92837],[-118.28376,47.92837],[-118.28376,47.9281],[-118.28417,47.9281],[-118.28417,47.92675],[-118.28457,47.92675],[-118.28457,47.92648],[-118.28497,47.92648],[-118.28497,47.92621],[-118.28618,47.92621],[-118.28618,47.92594],[-118.28658,47.92594],[-118.28658,47.92486],[-118.28618,47.92486],[-118.28618,47.92298],[-118.28658,47.92298],[-118.28658,47.92244],[-118.28698,47.92244],[-118.28698,47.9219],[-118.28738,47.9219],[-118.28738,47.92136],[-118.28779,47.92136],[-118.28779,47.92109],[-118.28859,47.92109],[-118.28859,47.92082],[-118.28899,47.92082],[-118.28899,47.92109],[-118.291,47.92109],[-118.291,47.92136],[-118.29181,47.92136],[-118.29181,47.92163],[-118.29261,47.92163],[-118.29261,47.9219],[-118.29301,47.9219],[-118.29301,47.92163],[-118.29342,47.92163],[-118.29342,47.92136],[-118.29422,47.92136],[-118.29422,47.92109],[-118.29583,47.92082],[-118.29583,47.92055],[-118.29703,47.92055],[-118.29703,47.92028],[-118.29784,47.92028],[-118.29784,47.92001],[-118.29864,47.92001],[-118.29864,47.91974],[-118.29945,47.91974],[-118.29945,47.91947],[-118.29985,47.91947],[-118.29985,47.9192],[-118.30025,47.9192],[-118.30025,47.91893],[-118.30106,47.91866],[-118.30106,47.91813],[-118.30186,47.91786],[-118.30186,47.91732],[-118.30226,47.91732],[-118.30226,47.91705],[-118.30266,47.91705],[-118.30266,47.91678],[-118.30347,47.91678],[-118.30347,47.91651],[-118.30427,47.91651],[-118.30427,47.91624],[-118.30508,47.91624],[-118.30508,47.91597],[-118.30588,47.91597],[-118.30588,47.9157],[-118.30669,47.91543],[-118.30669,47.91462],[-118.30709,47.91462],[-118.30709,47.91435],[-118.30749,47.91435],[-118.30749,47.91408],[-118.30829,47.91408],[-118.30829,47.91381],[-118.3091,47.91381],[-118.3091,47.91354],[-118.3095,47.91354],[-118.3095,47.913],[-118.3099,47.913],[-118.3099,47.91274],[-118.31031,47.91274],[-118.31031,47.91247],[-118.31191,47.9122],[-118.31191,47.91193],[-118.31232,47.91193],[-118.31232,47.91166],[-118.31473,47.91139],[-118.31473,47.91112],[-118.31553,47.91112],[-118.31553,47.91085],[-118.31594,47.91085],[-118.31594,47.91058],[-118.31754,47.91031],[-118.31754,47.91004],[-118.31835,47.90977],[-118.31835,47.90923],[-118.31875,47.90923],[-118.31875,47.90815],[-118.31835,47.90815],[-118.31835,47.90788],[-118.31875,47.90788],[-118.31875,47.90761],[-118.31915,47.90761],[-118.31915,47.90735],[-118.32076,47.90735],[-118.32076,47.90761],[-118.32116,47.90761],[-118.32116,47.90735],[-118.32317,47.90735],[-118.32317,47.90708],[-118.32639,47.90681],[-118.32639,47.90654],[-118.3276,47.90654],[-118.3276,47.90627],[-118.3284,47.90627],[-118.3284,47.906],[-118.32961,47.906],[-118.32961,47.90573],[-118.33001,47.90573],[-118.33001,47.90546],[-118.33122,47.90546],[-118.33122,47.90519],[-118.33202,47.90519],[-118.33202,47.90546],[-118.33282,47.90546],[-118.33282,47.90573],[-118.33323,47.90573],[-118.33323,47.906],[-118.33403,47.906],[-118.33403,47.90627],[-118.33443,47.90627],[-118.33443,47.90681],[-118.33484,47.90681],[-118.33484,47.90708],[-118.33564,47.90735],[-118.33564,47.90815],[-118.33604,47.90815],[-118.33604,47.90869],[-118.33644,47.90869],[-118.33644,47.90896],[-118.33725,47.90923],[-118.33725,47.91031],[-118.33685,47.91031],[-118.33685,47.91085],[-118.33644,47.91085],[-118.33644,47.91139],[-118.33604,47.91139],[-118.33604,47.91166],[-118.33524,47.91193],[-118.33524,47.9122],[-118.33484,47.9122],[-118.33484,47.91247],[-118.33443,47.91247],[-118.33443,47.91274],[-118.33403,47.91274],[-118.33403,47.913],[-118.33363,47.913],[-118.33363,47.91354],[-118.33323,47.91354],[-118.33323,47.91435],[-118.33282,47.91435],[-118.33282,47.91462],[-118.33242,47.91462],[-118.33242,47.91489],[-118.33162,47.91516],[-118.33162,47.9157],[-118.33122,47.9157],[-118.33122,47.91597],[-118.33041,47.91624],[-118.33041,47.91651],[-118.33001,47.91651],[-118.33001,47.91678],[-118.32961,47.91678],[-118.32961,47.91705],[-118.32921,47.91705],[-118.32921,47.91732],[-118.3288,47.91732],[-118.3288,47.91786],[-118.328,47.91813],[-118.328,47.91839],[-118.32719,47.91866],[-118.32719,47.91893],[-118.32559,47.91893],[-118.32559,47.91866],[-118.32478,47.91866],[-118.32478,47.91893],[-118.32398,47.91893],[-118.32398,47.91866],[-118.32237,47.91866],[-118.32237,47.9192],[-118.32277,47.9192],[-118.32277,47.91974],[-118.32358,47.92001],[-118.32358,47.92028],[-118.32719,47.92028],[-118.32719,47.92055],[-118.328,47.92082],[-118.328,47.92163],[-118.3276,47.92163],[-118.3276,47.92352],[-118.32719,47.92352],[-118.32719,47.92378],[-118.3276,47.92378],[-118.3276,47.92432],[-118.328,47.92432],[-118.328,47.92459],[-118.3284,47.92459],[-118.3284,47.92513],[-118.3276,47.9254],[-118.3276,47.92594],[-118.32639,47.92594],[-118.32639,47.92621],[-118.32599,47.92621],[-118.32599,47.92648],[-118.32559,47.92648],[-118.32559,47.92675],[-118.32518,47.92675],[-118.32518,47.92702],[-118.32478,47.92702],[-118.32478,47.92756],[-118.32438,47.92756],[-118.32438,47.9281],[-118.32398,47.9281],[-118.32398,47.92864],[-118.32317,47.9289],[-118.32317,47.92944],[-118.32277,47.92944],[-118.32277,47.92971],[-118.32237,47.92971],[-118.32237,47.93079],[-118.32197,47.93079],[-118.32197,47.93268],[-118.32157,47.93268],[-118.32157,47.93295],[-118.32116,47.93295],[-118.32116,47.93322],[-118.31996,47.93322],[-118.31996,47.93349],[-118.31835,47.93349],[-118.31835,47.93376],[-118.31754,47.93376],[-118.31754,47.93349],[-118.31674,47.93349],[-118.31674,47.93322],[-118.31634,47.93322],[-118.31634,47.93349],[-118.31553,47.93349],[-118.31553,47.93376],[-118.31392,47.93376],[-118.31392,47.93349],[-118.31433,47.93349],[-118.31433,47.93322],[-118.31272,47.93295],[-118.31272,47.93322],[-118.31232,47.93322],[-118.31232,47.93349],[-118.31272,47.93349],[-118.31272,47.93376],[-118.31232,47.93376],[-118.31232,47.93403],[-118.31272,47.93403]],[[-118.24275,47.95532],[-118.24275,47.95505],[-118.24234,47.95505],[-118.24234,47.95532],[-118.24275,47.95532]],[[-118.24596,47.95019],[-118.24596,47.94993],[-118.24556,47.94993],[-118.24556,47.95019],[-118.24596,47.95019]],[[-118.30669,47.94966],[-118.30669,47.94939],[-118.30628,47.94939],[-118.30628,47.94966],[-118.30669,47.94966]],[[-118.30387,47.94831],[-118.30347,47.94831],[-118.30347,47.94858],[-118.30387,47.94858],[-118.30387,47.94831]],[[-118.30427,47.94831],[-118.30427,47.94777],[-118.30387,47.94777],[-118.30387,47.94831],[-118.30427,47.94831]],[[-118.30468,47.94777],[-118.30468,47.9475],[-118.30427,47.9475],[-118.30427,47.94777],[-118.30468,47.94777]],[[-118.3099,47.94723],[-118.3099,47.94696],[-118.3095,47.94696],[-118.3095,47.94723],[-118.3099,47.94723]],[[-118.30588,47.94642],[-118.30548,47.94642],[-118.30548,47.94669],[-118.30588,47.94669],[-118.30588,47.94642]],[[-118.30628,47.94642],[-118.30628,47.94615],[-118.30588,47.94615],[-118.30588,47.94642],[-118.30628,47.94642]],[[-118.3087,47.94615],[-118.3087,47.94588],[-118.30829,47.94588],[-118.30829,47.94615],[-118.3087,47.94615]],[[-118.31191,47.94561],[-118.31191,47.94534],[-118.31151,47.94534],[-118.31151,47.94561],[-118.31191,47.94561]],[[-118.2524,47.94534],[-118.2524,47.94507],[-118.252,47.94507],[-118.252,47.94534],[-118.2524,47.94534]],[[-118.31352,47.94507],[-118.31352,47.94481],[-118.31312,47.94481],[-118.31312,47.94507],[-118.31352,47.94507]],[[-118.25401,47.944],[-118.25401,47.94373],[-118.2536,47.94373],[-118.2536,47.944],[-118.25401,47.944]]],[[[-118.31312,47.94696],[-118.31232,47.94696],[-118.31232,47.94669],[-118.31312,47.94669],[-118.31312,47.94696]]],[[[-118.31272,47.9475],[-118.31232,47.9475],[-118.31232,47.94723],[-118.31272,47.94723],[-118.31272,47.9475]]],[[[-118.31232,47.94831],[-118.31312,47.94831],[-118.31312,47.94912],[-118.31272,47.94912],[-118.31272,47.94858],[-118.31232,47.94858],[-118.31232,47.94831]]],[[[-118.31272,47.94966],[-118.31232,47.94966],[-118.31232,47.94939],[-118.31272,47.94939],[-118.31272,47.94966]]]]},"properties":{"layer":"predicted_reach_h08","fire_name":"Mitre_Rock","irwin_id":"{C11A3685-C035-4241-A17C-8076EE99619D}","model":"arrival_run","checkpoint_epoch":216,"decode":"connected_causal","operating_point":{"floor":0.0,"mult":0.9},"val_precision":null,"val_recall":null,"model_caveat":"arrival_run chosen for best RECALL among the six FlameFlux v3 candidates on the production-valid t0-window corpus (R=0.624 on the fc2 held-out fires, R=0.432 on Dillon -- see candidate_comparison.md from the 2026-07-24 comparison). It does NOT meet the project's P>=0.50/R>=0.80 target: precision is the WORST of the six (P=0.120 on fc2 -- most flagged growth is wrong), and wind_run actually edges it on F1. IMPORTANT CAVEAT: arrival_run trained on the leaky 'observed' corpus (crop centered/sized on t0|t1, i.e. it saw the future perimeter's geometry during training) and has NEVER seen a t0-window crop -- the ONLY geometry this live pipeline can ever produce at forecast time (the future perimeter is, by definition, unknown). So every live prediction from this model is out-of-distribution relative to its own training. The measured t0-window numbers above already reflect that (they are not a surprise), but this is 'best available', not 'production-ready' -- represent it that way. The operating_point (floor=0.0, mult=0.9) is the VAL-selected connected-causal decode point; it did NOT clear the 0.50 precision floor during selection (feasible=False, val P=0.270/R=0.259) -- it's the best-F1 fallback point, not a precision-guaranteed one.","issued_at_utc":"2026-08-05 10:59:55.016141+00:00","valid_from_utc":"2026-08-05 00:00:00","valid_to_utc":"2026-08-06 00:00:00","wfigs_date_current_utc":"2026-08-05 10:16:25+00:00","pixel_size_m":30,"veg_source":"refreshed_d4","physics_source":"eikonal_fbfm40","history_n_dates":4,"degraded_history":false,"containment_pct":0.0,"acres_wfigs":4439.297279101989,"hour":8,"valid_at_utc":"2026-08-05 08:00:00"}},{"type":"Feature","geometry":{"type":"MultiPolygon","coordinates":[[[[-118.28376,47.92109],[-118.28376,47.91813],[-118.28417,47.91813],[-118.28417,47.91516],[-118.28457,47.91516],[-118.28457,47.91489],[-118.28537,47.91489],[-118.28537,47.91462],[-118.28698,47.91462],[-118.28698,47.91489],[-118.2902,47.91489],[-118.2902,47.91462],[-118.2906,47.91462],[-118.2906,47.91435],[-118.291,47.91435],[-118.291,47.91408],[-118.29181,47.91381],[-118.29181,47.91354],[-118.29261,47.91354],[-118.29261,47.91327],[-118.29422,47.91327],[-118.29422,47.91354],[-118.29502,47.91381],[-118.29502,47.91408],[-118.29663,47.91408],[-118.29663,47.91381],[-118.29703,47.91381],[-118.29703,47.91354],[-118.29663,47.91354],[-118.29663,47.913],[-118.29623,47.913],[-118.29623,47.91247],[-118.29583,47.91247],[-118.29583,47.91139],[-118.29623,47.91139],[-118.29623,47.91031],[-118.29663,47.91031],[-118.29663,47.91004],[-118.29703,47.91004],[-118.29703,47.90977],[-118.30025,47.91004],[-118.30025,47.90977],[-118.30065,47.90977],[-118.30065,47.9095],[-118.30106,47.9095],[-118.30106,47.90923],[-118.30427,47.90923],[-118.30427,47.9095],[-118.30588,47.90977],[-118.30588,47.91004],[-118.30628,47.91004],[-118.30628,47.91031],[-118.30669,47.91031],[-118.30669,47.91058],[-118.30709,47.91058],[-118.30709,47.91112],[-118.30749,47.91112],[-118.30749,47.91247],[-118.30669,47.91274],[-118.30669,47.913],[-118.30588,47.91327],[-118.30588,47.91354],[-118.30427,47.91381],[-118.30427,47.91435],[-118.30347,47.91462],[-118.30347,47.91489],[-118.30307,47.91489],[-118.30307,47.91516],[-118.30226,47.91516],[-118.30226,47.91543],[-118.30106,47.91543],[-118.30106,47.9157],[-118.29945,47.9157],[-118.29945,47.91597],[-118.29703,47.91597],[-118.29703,47.91624],[-118.29583,47.91624],[-118.29583,47.91651],[-118.29462,47.91651],[-118.29462,47.91678],[-118.29382,47.91678],[-118.29382,47.91705],[-118.29301,47.91732],[-118.29301,47.91759],[-118.29261,47.91759],[-118.29261,47.91786],[-118.29221,47.91786],[-118.29221,47.91813],[-118.29181,47.91813],[-118.29181,47.91839],[-118.291,47.91839],[-118.291,47.91866],[-118.2906,47.91866],[-118.2906,47.91893],[-118.2902,47.91893],[-118.2902,47.9192],[-118.28939,47.9192],[-118.28939,47.91947],[-118.28899,47.91947],[-118.28899,47.91974],[-118.28819,47.91974],[-118.28819,47.92001],[-118.28779,47.92001],[-118.28779,47.92028],[-118.28698,47.92028],[-118.28698,47.92055],[-118.28658,47.92055],[-118.28658,47.92082],[-118.28577,47.92082],[-118.28577,47.92109],[-118.28497,47.92109],[-118.28497,47.92136],[-118.28417,47.92136],[-118.28417,47.92109],[-118.28376,47.92109]]],[[[-118.31031,47.94777],[-118.31031,47.94804],[-118.3091,47.94804],[-118.3091,47.94858],[-118.3087,47.94858],[-118.3087,47.94939],[-118.30789,47.94966],[-118.30789,47.95019],[-118.30749,47.95019],[-118.30749,47.95046],[-118.30669,47.95046],[-118.30669,47.95073],[-118.30548,47.95073],[-118.30548,47.95181],[-118.30347,47.95181],[-118.30347,47.95235],[-118.30307,47.95235],[-118.30307,47.95181],[-118.30266,47.95181],[-118.30266,47.95208],[-118.30025,47.95208],[-118.30025,47.95235],[-118.29985,47.95235],[-118.29985,47.95262],[-118.29864,47.95262],[-118.29864,47.95289],[-118.29824,47.95289],[-118.29824,47.95316],[-118.29784,47.95316],[-118.29784,47.95289],[-118.29462,47.95289],[-118.29462,47.95316],[-118.29382,47.95316],[-118.29382,47.95343],[-118.29301,47.9537],[-118.29301,47.95397],[-118.29261,47.95397],[-118.29261,47.95424],[-118.29221,47.95424],[-118.29221,47.95451],[-118.2914,47.95451],[-118.2914,47.95478],[-118.291,47.95478],[-118.291,47.95505],[-118.2902,47.95505],[-118.2902,47.95532],[-118.28939,47.95532],[-118.28939,47.95558],[-118.28216,47.95558],[-118.28216,47.95585],[-118.28135,47.95585],[-118.28135,47.95612],[-118.28055,47.95612],[-118.28055,47.95639],[-118.27934,47.95639],[-118.27934,47.95612],[-118.27854,47.95612],[-118.27854,47.95693],[-118.27813,47.95693],[-118.27813,47.95801],[-118.27773,47.95801],[-118.27773,47.95855],[-118.27733,47.95855],[-118.27733,47.9599],[-118.27693,47.9599],[-118.27693,47.96097],[-118.27532,47.96124],[-118.27532,47.96178],[-118.27452,47.96178],[-118.27452,47.96205],[-118.27411,47.96205],[-118.27411,47.96232],[-118.27331,47.96259],[-118.27331,47.96286],[-118.2717,47.96286],[-118.2717,47.96259],[-118.2713,47.96259],[-118.2713,47.96205],[-118.2709,47.96205],[-118.2709,47.96178],[-118.27049,47.96178],[-118.27049,47.96151],[-118.27009,47.96151],[-118.27009,47.96178],[-118.26848,47.96205],[-118.26848,47.96232],[-118.26808,47.96232],[-118.26808,47.96259],[-118.26728,47.96259],[-118.26728,47.96313],[-118.26567,47.9634],[-118.26567,47.96421],[-118.26486,47.96421],[-118.26486,47.96448],[-118.26446,47.96448],[-118.26446,47.96475],[-118.26366,47.96475],[-118.26366,47.96502],[-118.26285,47.96502],[-118.26285,47.96529],[-118.26004,47.96529],[-118.26004,47.96556],[-118.25763,47.96556],[-118.25763,47.96529],[-118.25561,47.96529],[-118.25561,47.96502],[-118.25401,47.96502],[-118.25401,47.96475],[-118.2536,47.96475],[-118.2536,47.96448],[-118.2528,47.96448],[-118.2528,47.96421],[-118.2524,47.96421],[-118.2524,47.96394],[-118.25119,47.96394],[-118.25119,47.96421],[-118.25039,47.96421],[-118.25039,47.96367],[-118.25119,47.96367],[-118.25119,47.9634],[-118.24918,47.9634],[-118.24918,47.96367],[-118.24757,47.96367],[-118.24757,47.9634],[-118.24717,47.9634],[-118.24717,47.96313],[-118.24637,47.96313],[-118.24637,47.96259],[-118.24596,47.96259],[-118.24596,47.96232],[-118.24516,47.96205],[-118.24516,47.96151],[-118.24476,47.96151],[-118.24476,47.96097],[-118.24435,47.96097],[-118.24435,47.96044],[-118.24355,47.96017],[-118.24355,47.95963],[-118.24275,47.95936],[-118.24275,47.95882],[-118.24234,47.95882],[-118.24234,47.9572],[-118.24154,47.95693],[-118.24154,47.95558],[-118.24114,47.95558],[-118.24114,47.95478],[-118.24154,47.95478],[-118.24154,47.95424],[-118.24074,47.95397],[-118.24074,47.95343],[-118.24033,47.95343],[-118.24033,47.95235],[-118.24074,47.95235],[-118.24074,47.95181],[-118.24033,47.95181],[-118.24033,47.95046],[-118.24074,47.95046],[-118.24074,47.95019],[-118.24154,47.95019],[-118.24154,47.94993],[-118.24275,47.94993],[-118.24275,47.94966],[-118.24315,47.94966],[-118.24315,47.94885],[-118.24355,47.94885],[-118.24355,47.94831],[-118.24395,47.94831],[-118.24395,47.94777],[-118.24435,47.94777],[-118.24435,47.94669],[-118.24476,47.94669],[-118.24476,47.94642],[-118.24677,47.94642],[-118.24677,47.94669],[-118.24717,47.94669],[-118.24717,47.94642],[-118.24878,47.94642],[-118.24878,47.94669],[-118.24958,47.94669],[-118.24958,47.94642],[-118.24998,47.94642],[-118.24998,47.94561],[-118.25039,47.94561],[-118.25039,47.94507],[-118.25079,47.94507],[-118.25079,47.94481],[-118.25119,47.94481],[-118.25119,47.94454],[-118.2528,47.94454],[-118.2528,47.944],[-118.2532,47.944],[-118.2532,47.94346],[-118.25401,47.94346],[-118.25401,47.94319],[-118.25561,47.94319],[-118.25561,47.94292],[-118.25602,47.94292],[-118.25602,47.94265],[-118.25642,47.94265],[-118.25642,47.9413],[-118.25682,47.9413],[-118.25682,47.94076],[-118.25722,47.94076],[-118.25722,47.94022],[-118.25803,47.93995],[-118.25803,47.93942],[-118.25843,47.93942],[-118.25843,47.93888],[-118.25923,47.93861],[-118.25923,47.93834],[-118.25964,47.93834],[-118.25964,47.93807],[-118.26004,47.93807],[-118.26004,47.93753],[-118.26044,47.93753],[-118.26044,47.93699],[-118.26084,47.93699],[-118.26084,47.93645],[-118.26124,47.93645],[-118.26124,47.93537],[-118.26245,47.93537],[-118.26245,47.9351],[-118.26768,47.9351],[-118.26768,47.93483],[-118.26808,47.93483],[-118.26808,47.93456],[-118.26848,47.93456],[-118.26848,47.93429],[-118.27049,47.93429],[-118.27049,47.93456],[-118.2713,47.93456],[-118.2713,47.93429],[-118.2721,47.93429],[-118.2721,47.93403],[-118.2725,47.93403],[-118.2725,47.93376],[-118.27371,47.93376],[-118.27371,47.93349],[-118.27532,47.93349],[-118.27532,47.93295],[-118.27572,47.93295],[-118.27572,47.93241],[-118.27813,47.9316],[-118.27813,47.92944],[-118.27894,47.92944],[-118.27894,47.92917],[-118.28014,47.92917],[-118.28014,47.9289],[-118.28175,47.9289],[-118.28175,47.92864],[-118.28296,47.92864],[-118.28296,47.92837],[-118.28376,47.92837],[-118.28376,47.9281],[-118.28417,47.9281],[-118.28417,47.92675],[-118.28457,47.92675],[-118.28457,47.92648],[-118.28497,47.92648],[-118.28497,47.92621],[-118.28577,47.92621],[-118.28577,47.92594],[-118.28658,47.92594],[-118.28658,47.92486],[-118.28618,47.92486],[-118.28618,47.92298],[-118.28658,47.92298],[-118.28658,47.92244],[-118.28698,47.92244],[-118.28698,47.9219],[-118.28738,47.9219],[-118.28738,47.92136],[-118.28779,47.92136],[-118.28779,47.92109],[-118.28859,47.92109],[-118.28859,47.92082],[-118.28899,47.92082],[-118.28899,47.92109],[-118.2914,47.92109],[-118.2914,47.92136],[-118.29221,47.92136],[-118.29221,47.92163],[-118.29342,47.92163],[-118.29342,47.92136],[-118.29422,47.92136],[-118.29422,47.92109],[-118.29583,47.92082],[-118.29583,47.92055],[-118.29703,47.92055],[-118.29703,47.92028],[-118.29784,47.92028],[-118.29784,47.92001],[-118.29864,47.92001],[-118.29864,47.91974],[-118.29945,47.91974],[-118.29945,47.91947],[-118.30025,47.9192],[-118.30025,47.91866],[-118.30065,47.91866],[-118.30065,47.91839],[-118.30106,47.91839],[-118.30106,47.91813],[-118.30146,47.91813],[-118.30146,47.91759],[-118.30226,47.91732],[-118.30226,47.91705],[-118.30307,47.91678],[-118.30307,47.91651],[-118.30427,47.91651],[-118.30427,47.91624],[-118.30468,47.91624],[-118.30468,47.91597],[-118.30628,47.9157],[-118.30628,47.91543],[-118.30669,47.91543],[-118.30669,47.91462],[-118.30709,47.91462],[-118.30709,47.91435],[-118.30749,47.91435],[-118.30749,47.91408],[-118.3091,47.91381],[-118.3091,47.91327],[-118.3095,47.91327],[-118.3095,47.91274],[-118.31031,47.91274],[-118.31031,47.91247],[-118.31071,47.91247],[-118.31071,47.9122],[-118.31151,47.9122],[-118.31151,47.91193],[-118.31232,47.91193],[-118.31232,47.91166],[-118.31473,47.91139],[-118.31473,47.91112],[-118.31553,47.91112],[-118.31553,47.91085],[-118.31594,47.91085],[-118.31594,47.91058],[-118.31674,47.91058],[-118.31674,47.91031],[-118.31754,47.91031],[-118.31754,47.91004],[-118.31835,47.90977],[-118.31835,47.90923],[-118.31875,47.90923],[-118.31875,47.90842],[-118.31835,47.90842],[-118.31835,47.90788],[-118.31875,47.90788],[-118.31875,47.90761],[-118.31915,47.90761],[-118.31915,47.90735],[-118.32237,47.90735],[-118.32237,47.90708],[-118.32478,47.90708],[-118.32478,47.90681],[-118.32599,47.90681],[-118.32599,47.90654],[-118.32719,47.90654],[-118.32719,47.90627],[-118.3284,47.90627],[-118.3284,47.906],[-118.32921,47.906],[-118.32921,47.90573],[-118.33001,47.90573],[-118.33001,47.90546],[-118.33122,47.90546],[-118.33122,47.90519],[-118.33202,47.90519],[-118.33202,47.90546],[-118.33282,47.90546],[-118.33282,47.90573],[-118.33323,47.90573],[-118.33323,47.906],[-118.33403,47.906],[-118.33403,47.90627],[-118.33443,47.90627],[-118.33443,47.90681],[-118.33484,47.90681],[-118.33484,47.90708],[-118.33564,47.90735],[-118.33564,47.90815],[-118.33604,47.90815],[-118.33604,47.90869],[-118.33644,47.90869],[-118.33644,47.90896],[-118.33725,47.90923],[-118.33725,47.91031],[-118.33685,47.91031],[-118.33685,47.91085],[-118.33644,47.91085],[-118.33644,47.91139],[-118.33604,47.91139],[-118.33604,47.91166],[-118.33524,47.91193],[-118.33524,47.9122],[-118.33484,47.9122],[-118.33484,47.91247],[-118.33443,47.91247],[-118.33443,47.91274],[-118.33403,47.91274],[-118.33403,47.913],[-118.33363,47.913],[-118.33363,47.91354],[-118.33323,47.91354],[-118.33323,47.91435],[-118.33282,47.91435],[-118.33282,47.91489],[-118.33242,47.91489],[-118.33242,47.91516],[-118.33162,47.91516],[-118.33162,47.9157],[-118.33122,47.9157],[-118.33122,47.91597],[-118.33041,47.91624],[-118.33041,47.91651],[-118.33001,47.91651],[-118.33001,47.91678],[-118.32961,47.91678],[-118.32961,47.91732],[-118.3288,47.91759],[-118.3288,47.91786],[-118.3284,47.91786],[-118.3284,47.91813],[-118.328,47.91813],[-118.328,47.91866],[-118.32719,47.91866],[-118.32719,47.91893],[-118.32358,47.91893],[-118.32358,47.91947],[-118.32317,47.91947],[-118.32317,47.92001],[-118.32478,47.92001],[-118.32478,47.92028],[-118.32719,47.92028],[-118.32719,47.92055],[-118.328,47.92055],[-118.328,47.92163],[-118.3276,47.92163],[-118.3276,47.92432],[-118.3284,47.92459],[-118.3284,47.92513],[-118.328,47.92513],[-118.328,47.92567],[-118.3276,47.92567],[-118.3276,47.92594],[-118.32639,47.92594],[-118.32639,47.92621],[-118.32599,47.92621],[-118.32599,47.92648],[-118.32559,47.92648],[-118.32559,47.92675],[-118.32518,47.92675],[-118.32518,47.92702],[-118.32478,47.92702],[-118.32478,47.92756],[-118.32438,47.92756],[-118.32438,47.9281],[-118.32398,47.9281],[-118.32398,47.92864],[-118.32358,47.92864],[-118.32358,47.92917],[-118.32277,47.92944],[-118.32277,47.92998],[-118.32237,47.92998],[-118.32237,47.93079],[-118.32197,47.93079],[-118.32197,47.93295],[-118.32116,47.93295],[-118.32116,47.93322],[-118.32036,47.93322],[-118.32036,47.93349],[-118.31875,47.93349],[-118.31875,47.93376],[-118.31714,47.93376],[-118.31714,47.93349],[-118.31634,47.93349],[-118.31634,47.93456],[-118.31594,47.93456],[-118.31594,47.93403],[-118.31513,47.93403],[-118.31513,47.93429],[-118.31553,47.93429],[-118.31553,47.93456],[-118.31513,47.93456],[-118.31513,47.93483],[-118.31553,47.93483],[-118.31553,47.93537],[-118.31594,47.93537],[-118.31594,47.93483],[-118.31634,47.93483],[-118.31634,47.93537],[-118.31714,47.93537],[-118.31714,47.93564],[-118.31634,47.93564],[-118.31634,47.93645],[-118.31674,47.93645],[-118.31674,47.9378],[-118.31634,47.9378],[-118.31634,47.94076],[-118.31594,47.94076],[-118.31594,47.9413],[-118.31553,47.9413],[-118.31553,47.94157],[-118.31513,47.94157],[-118.31513,47.94211],[-118.31433,47.94211],[-118.31433,47.94265],[-118.31513,47.94292],[-118.31513,47.94427],[-118.31473,47.94427],[-118.31473,47.94481],[-118.31513,47.94481],[-118.31513,47.94588],[-118.31473,47.94588],[-118.31473,47.9475],[-118.31433,47.9475],[-118.31433,47.94804],[-118.31392,47.94804],[-118.31392,47.94858],[-118.31352,47.94858],[-118.31352,47.94912],[-118.31312,47.94912],[-118.31312,47.94993],[-118.31272,47.94993],[-118.31272,47.95073],[-118.31191,47.951],[-118.31191,47.95181],[-118.31071,47.95181],[-118.31071,47.95154],[-118.31111,47.95154],[-118.31111,47.95127],[-118.31071,47.95127],[-118.31071,47.951],[-118.31111,47.951],[-118.31111,47.94993],[-118.31151,47.94993],[-118.31151,47.94966],[-118.31111,47.94966],[-118.31111,47.94939],[-118.31151,47.94939],[-118.31151,47.94804],[-118.31111,47.94804],[-118.31111,47.94777],[-118.31191,47.94777],[-118.31191,47.9475],[-118.31151,47.9475],[-118.31151,47.94723],[-118.31071,47.94696],[-118.31071,47.94777],[-118.31031,47.94777]],[[-118.31433,47.94481],[-118.31433,47.94507],[-118.31473,47.94507],[-118.31473,47.94481],[-118.31433,47.94481]],[[-118.31151,47.94696],[-118.31151,47.94669],[-118.31111,47.94669],[-118.31111,47.94696],[-118.31151,47.94696]],[[-118.24234,47.95532],[-118.24275,47.95532],[-118.24275,47.95505],[-118.24234,47.95505],[-118.24234,47.95532]],[[-118.30065,47.95181],[-118.30106,47.95181],[-118.30106,47.95154],[-118.30065,47.95154],[-118.30065,47.95181]],[[-118.30347,47.95127],[-118.30387,47.95127],[-118.30387,47.95073],[-118.30347,47.95073],[-118.30347,47.95127]],[[-118.24556,47.95019],[-118.24596,47.95019],[-118.24596,47.94993],[-118.24556,47.94993],[-118.24556,47.95019]],[[-118.30628,47.94966],[-118.30669,47.94966],[-118.30669,47.94939],[-118.30628,47.94939],[-118.30628,47.94966]],[[-118.30387,47.94831],[-118.30427,47.94831],[-118.30427,47.94804],[-118.30387,47.94804],[-118.30387,47.94831]],[[-118.3095,47.94723],[-118.3099,47.94723],[-118.3099,47.94696],[-118.3095,47.94696],[-118.3095,47.94723]],[[-118.30829,47.94615],[-118.3087,47.94615],[-118.3087,47.94588],[-118.30829,47.94588],[-118.30829,47.94615]],[[-118.31433,47.94561],[-118.31473,47.94561],[-118.31473,47.94534],[-118.31433,47.94534],[-118.31433,47.94561]],[[-118.31151,47.94561],[-118.31191,47.94561],[-118.31191,47.94534],[-118.31151,47.94534],[-118.31151,47.94561]],[[-118.252,47.94534],[-118.2524,47.94534],[-118.2524,47.94507],[-118.252,47.94507],[-118.252,47.94534]],[[-118.2536,47.944],[-118.25401,47.944],[-118.25401,47.94373],[-118.2536,47.94373],[-118.2536,47.944]],[[-118.31553,47.93376],[-118.31594,47.93376],[-118.31594,47.93349],[-118.31553,47.93349],[-118.31553,47.93376]]],[[[-118.31714,47.93591],[-118.31714,47.93618],[-118.31674,47.93618],[-118.31674,47.93591],[-118.31714,47.93591]]],[[[-118.31875,47.93861],[-118.31875,47.93888],[-118.31835,47.93888],[-118.31835,47.93861],[-118.31875,47.93861]]],[[[-118.31955,47.93915],[-118.31955,47.93942],[-118.31915,47.93942],[-118.31915,47.93915],[-118.31955,47.93915]]],[[[-118.31875,47.93915],[-118.31875,47.93942],[-118.31835,47.93942],[-118.31835,47.93915],[-118.31875,47.93915]]],[[[-118.31955,47.93968],[-118.31955,47.93995],[-118.31915,47.93995],[-118.31915,47.93968],[-118.31955,47.93968]]],[[[-118.31151,47.95235],[-118.31111,47.95235],[-118.31111,47.95208],[-118.31151,47.95208],[-118.31151,47.95235]]],[[[-118.30146,47.95262],[-118.30106,47.95262],[-118.30106,47.95235],[-118.30146,47.95235],[-118.30146,47.95262]]]]},"properties":{"layer":"predicted_reach_h09","fire_name":"Mitre_Rock","irwin_id":"{C11A3685-C035-4241-A17C-8076EE99619D}","model":"arrival_run","checkpoint_epoch":216,"decode":"connected_causal","operating_point":{"floor":0.0,"mult":0.9},"val_precision":null,"val_recall":null,"model_caveat":"arrival_run chosen for best RECALL among the six FlameFlux v3 candidates on the production-valid t0-window corpus (R=0.624 on the fc2 held-out fires, R=0.432 on Dillon -- see candidate_comparison.md from the 2026-07-24 comparison). It does NOT meet the project's P>=0.50/R>=0.80 target: precision is the WORST of the six (P=0.120 on fc2 -- most flagged growth is wrong), and wind_run actually edges it on F1. IMPORTANT CAVEAT: arrival_run trained on the leaky 'observed' corpus (crop centered/sized on t0|t1, i.e. it saw the future perimeter's geometry during training) and has NEVER seen a t0-window crop -- the ONLY geometry this live pipeline can ever produce at forecast time (the future perimeter is, by definition, unknown). So every live prediction from this model is out-of-distribution relative to its own training. The measured t0-window numbers above already reflect that (they are not a surprise), but this is 'best available', not 'production-ready' -- represent it that way. The operating_point (floor=0.0, mult=0.9) is the VAL-selected connected-causal decode point; it did NOT clear the 0.50 precision floor during selection (feasible=False, val P=0.270/R=0.259) -- it's the best-F1 fallback point, not a precision-guaranteed one.","issued_at_utc":"2026-08-05 10:59:55.016141+00:00","valid_from_utc":"2026-08-05 00:00:00","valid_to_utc":"2026-08-06 00:00:00","wfigs_date_current_utc":"2026-08-05 10:16:25+00:00","pixel_size_m":30,"veg_source":"refreshed_d4","physics_source":"eikonal_fbfm40","history_n_dates":4,"degraded_history":false,"containment_pct":0.0,"acres_wfigs":4439.297279101989,"hour":9,"valid_at_utc":"2026-08-05 09:00:00"}},{"type":"Feature","geometry":{"type":"MultiPolygon","coordinates":[[[[-118.31875,47.93672],[-118.31835,47.93672],[-118.31835,47.93645],[-118.31875,47.93645],[-118.31875,47.93672]]],[[[-118.31955,47.93726],[-118.31915,47.93726],[-118.31915,47.93699],[-118.31955,47.93699],[-118.31955,47.93726]]],[[[-118.31955,47.9378],[-118.31915,47.9378],[-118.31915,47.93753],[-118.31955,47.93753],[-118.31955,47.9378]]],[[[-118.31875,47.94049],[-118.31835,47.94049],[-118.31835,47.93968],[-118.31795,47.93968],[-118.31795,47.93753],[-118.31835,47.93753],[-118.31835,47.93726],[-118.31795,47.93726],[-118.31795,47.93699],[-118.31875,47.93699],[-118.31875,47.9378],[-118.31835,47.9378],[-118.31835,47.93807],[-118.31955,47.93807],[-118.31955,47.93861],[-118.32036,47.93861],[-118.32036,47.93888],[-118.31955,47.93888],[-118.31955,47.93915],[-118.32036,47.93915],[-118.32036,47.93942],[-118.31955,47.93942],[-118.31955,47.93968],[-118.32036,47.93968],[-118.32036,47.93995],[-118.31955,47.93995],[-118.31955,47.94022],[-118.32036,47.94022],[-118.32036,47.94049],[-118.31915,47.94049],[-118.31915,47.94022],[-118.31875,47.94022],[-118.31875,47.94049]]],[[[-118.32036,47.94103],[-118.31996,47.94103],[-118.31996,47.94076],[-118.32036,47.94076],[-118.32036,47.94103]]],[[[-118.31996,47.94265],[-118.31915,47.94265],[-118.31915,47.94157],[-118.31955,47.94157],[-118.31955,47.94238],[-118.32036,47.94238],[-118.32036,47.94292],[-118.32116,47.94292],[-118.32116,47.94319],[-118.31955,47.94319],[-118.31955,47.94292],[-118.31996,47.94292],[-118.31996,47.94265]]],[[[-118.32116,47.94373],[-118.32076,47.94373],[-118.32076,47.94346],[-118.32116,47.94346],[-118.32116,47.94373]]],[[[-118.31071,47.94912],[-118.31031,47.94912],[-118.31031,47.94885],[-118.31071,47.94885],[-118.31071,47.94912]]],[[[-118.28376,47.91813],[-118.28417,47.91813],[-118.28417,47.91516],[-118.28457,47.91516],[-118.28457,47.91489],[-118.28497,47.91489],[-118.28497,47.91462],[-118.28698,47.91462],[-118.28698,47.91489],[-118.2902,47.91489],[-118.2902,47.91462],[-118.2906,47.91462],[-118.2906,47.91435],[-118.291,47.91435],[-118.291,47.91408],[-118.29181,47.91381],[-118.29181,47.91354],[-118.29261,47.91354],[-118.29261,47.91327],[-118.29422,47.91327],[-118.29422,47.91354],[-118.29502,47.91381],[-118.29502,47.91408],[-118.29663,47.91408],[-118.29663,47.913],[-118.29623,47.913],[-118.29623,47.91247],[-118.29583,47.91247],[-118.29583,47.91112],[-118.29623,47.91112],[-118.29623,47.91031],[-118.29663,47.91031],[-118.29663,47.91004],[-118.29703,47.91004],[-118.29703,47.90977],[-118.30025,47.91004],[-118.30025,47.90977],[-118.30065,47.90977],[-118.30065,47.9095],[-118.30106,47.9095],[-118.30106,47.90923],[-118.30266,47.90896],[-118.30266,47.90923],[-118.30427,47.90923],[-118.30427,47.9095],[-118.30548,47.9095],[-118.30548,47.90977],[-118.30628,47.90977],[-118.30628,47.91004],[-118.30669,47.91004],[-118.30669,47.91031],[-118.30709,47.91031],[-118.30709,47.91112],[-118.30749,47.91112],[-118.30749,47.91247],[-118.30669,47.91274],[-118.30669,47.913],[-118.30588,47.91327],[-118.30588,47.91354],[-118.30427,47.91381],[-118.30427,47.91435],[-118.30347,47.91462],[-118.30347,47.91489],[-118.30266,47.91516],[-118.30266,47.91543],[-118.30146,47.91543],[-118.30146,47.9157],[-118.29985,47.9157],[-118.29985,47.91597],[-118.29703,47.91597],[-118.29703,47.91624],[-118.29623,47.91624],[-118.29623,47.91651],[-118.29462,47.91651],[-118.29462,47.91678],[-118.29382,47.91678],[-118.29382,47.91705],[-118.29301,47.91732],[-118.29301,47.91759],[-118.29261,47.91759],[-118.29261,47.91786],[-118.29221,47.91786],[-118.29221,47.91813],[-118.29181,47.91813],[-118.29181,47.91839],[-118.2914,47.91839],[-118.2914,47.91866],[-118.2906,47.91866],[-118.2906,47.91893],[-118.2902,47.91893],[-118.2902,47.9192],[-118.28939,47.9192],[-118.28939,47.91947],[-118.28899,47.91947],[-118.28899,47.91974],[-118.28819,47.91974],[-118.28819,47.92001],[-118.28738,47.92028],[-118.28738,47.92055],[-118.28577,47.92082],[-118.28577,47.92109],[-118.28537,47.92109],[-118.28537,47.92136],[-118.28417,47.92136],[-118.28417,47.92109],[-118.28376,47.92109],[-118.28376,47.91813]]],[[[-118.3091,47.95019],[-118.30829,47.95019],[-118.30829,47.95073],[-118.30789,47.95073],[-118.30789,47.95046],[-118.30709,47.95046],[-118.30709,47.951],[-118.30749,47.951],[-118.30749,47.95127],[-118.30669,47.95127],[-118.30669,47.95181],[-118.30588,47.95181],[-118.30588,47.95235],[-118.30266,47.95262],[-118.30266,47.95289],[-118.30146,47.95289],[-118.30146,47.95316],[-118.30025,47.95316],[-118.30025,47.95289],[-118.29985,47.95289],[-118.29985,47.95262],[-118.29945,47.95262],[-118.29945,47.95289],[-118.29824,47.95289],[-118.29824,47.95316],[-118.29703,47.95316],[-118.29703,47.95289],[-118.29502,47.95289],[-118.29502,47.95316],[-118.29382,47.95316],[-118.29382,47.95343],[-118.29301,47.9537],[-118.29301,47.95397],[-118.29261,47.95397],[-118.29261,47.95424],[-118.29221,47.95424],[-118.29221,47.95451],[-118.2914,47.95451],[-118.2914,47.95478],[-118.2906,47.95505],[-118.2906,47.95532],[-118.28939,47.95532],[-118.28939,47.95558],[-118.28859,47.95558],[-118.28859,47.95585],[-118.28577,47.95585],[-118.28577,47.95558],[-118.28336,47.95558],[-118.28336,47.95585],[-118.28135,47.95585],[-118.28135,47.95639],[-118.28055,47.95666],[-118.28055,47.95693],[-118.28014,47.95693],[-118.28014,47.95747],[-118.27974,47.95747],[-118.27974,47.95801],[-118.27934,47.95801],[-118.27934,47.95855],[-118.27894,47.95855],[-118.27894,47.95882],[-118.27813,47.95882],[-118.27813,47.95828],[-118.27773,47.95828],[-118.27773,47.95882],[-118.27733,47.95882],[-118.27733,47.96017],[-118.27693,47.96017],[-118.27693,47.96097],[-118.27532,47.96124],[-118.27532,47.96178],[-118.27492,47.96178],[-118.27492,47.96205],[-118.27411,47.96205],[-118.27411,47.96232],[-118.27331,47.96259],[-118.27331,47.96286],[-118.2725,47.96286],[-118.2725,47.96313],[-118.2721,47.96313],[-118.2721,47.96286],[-118.2713,47.96286],[-118.2713,47.96232],[-118.2709,47.96232],[-118.2709,47.96178],[-118.26929,47.96178],[-118.26929,47.96205],[-118.26848,47.96205],[-118.26848,47.96232],[-118.26808,47.96232],[-118.26808,47.96259],[-118.26728,47.96286],[-118.26728,47.9634],[-118.26808,47.9634],[-118.26808,47.96367],[-118.26728,47.96367],[-118.26728,47.96394],[-118.26768,47.96394],[-118.26768,47.96421],[-118.26728,47.96421],[-118.26728,47.96448],[-118.26647,47.96448],[-118.26647,47.96502],[-118.26607,47.96502],[-118.26607,47.96529],[-118.26567,47.96529],[-118.26567,47.96556],[-118.26366,47.96556],[-118.26366,47.9661],[-118.26245,47.9661],[-118.26245,47.96583],[-118.26205,47.96583],[-118.26205,47.9661],[-118.26165,47.9661],[-118.26165,47.96636],[-118.26084,47.96636],[-118.26084,47.9661],[-118.25964,47.9661],[-118.25964,47.96636],[-118.25923,47.96636],[-118.25923,47.9661],[-118.25843,47.9661],[-118.25843,47.96583],[-118.25964,47.96583],[-118.25964,47.96556],[-118.25763,47.96556],[-118.25763,47.96583],[-118.25722,47.96583],[-118.25722,47.96556],[-118.25682,47.96556],[-118.25682,47.96529],[-118.25561,47.96529],[-118.25561,47.96556],[-118.25521,47.96556],[-118.25521,47.96583],[-118.25561,47.96583],[-118.25561,47.9661],[-118.25521,47.9661],[-118.25521,47.96636],[-118.25481,47.96636],[-118.25481,47.96663],[-118.25441,47.96663],[-118.25441,47.96636],[-118.25401,47.96636],[-118.25401,47.9661],[-118.2528,47.9661],[-118.2528,47.96529],[-118.25119,47.96502],[-118.25119,47.96475],[-118.25039,47.96448],[-118.25039,47.96421],[-118.24958,47.96421],[-118.24958,47.96367],[-118.24797,47.96367],[-118.24797,47.96421],[-118.24757,47.96421],[-118.24757,47.96394],[-118.24677,47.96394],[-118.24677,47.96421],[-118.24596,47.96394],[-118.24596,47.96367],[-118.24637,47.96367],[-118.24637,47.96313],[-118.24556,47.96286],[-118.24556,47.96205],[-118.24516,47.96205],[-118.24516,47.96151],[-118.24435,47.96124],[-118.24435,47.96071],[-118.24395,47.96071],[-118.24395,47.96017],[-118.24355,47.96017],[-118.24355,47.95963],[-118.24315,47.95963],[-118.24315,47.95936],[-118.24275,47.95936],[-118.24275,47.95909],[-118.24234,47.95909],[-118.24234,47.95855],[-118.24194,47.95855],[-118.24194,47.95801],[-118.24234,47.95801],[-118.24234,47.9572],[-118.24154,47.95693],[-118.24154,47.95558],[-118.24114,47.95558],[-118.24114,47.95478],[-118.24154,47.95478],[-118.24154,47.95424],[-118.24114,47.95424],[-118.24114,47.95397],[-118.24033,47.9537],[-118.24033,47.95127],[-118.23993,47.95127],[-118.23993,47.951],[-118.24033,47.951],[-118.24033,47.95046],[-118.24114,47.95019],[-118.24114,47.94993],[-118.24275,47.94993],[-118.24275,47.94966],[-118.24315,47.94966],[-118.24315,47.94858],[-118.24395,47.94831],[-118.24395,47.94804],[-118.24355,47.94804],[-118.24355,47.94777],[-118.24395,47.94777],[-118.24395,47.94723],[-118.24435,47.94723],[-118.24435,47.94696],[-118.24395,47.94696],[-118.24395,47.94669],[-118.24476,47.94669],[-118.24476,47.94642],[-118.24878,47.94642],[-118.24878,47.94669],[-118.24958,47.94669],[-118.24958,47.94642],[-118.24998,47.94642],[-118.24998,47.94507],[-118.25079,47.94481],[-118.25079,47.94454],[-118.252,47.94454],[-118.252,47.94427],[-118.2528,47.94427],[-118.2528,47.94373],[-118.2532,47.94373],[-118.2532,47.94346],[-118.2536,47.94346],[-118.2536,47.94319],[-118.25602,47.94292],[-118.25602,47.94184],[-118.25642,47.94184],[-118.25642,47.94103],[-118.25722,47.94076],[-118.25722,47.94022],[-118.25763,47.94022],[-118.25763,47.93968],[-118.25803,47.93968],[-118.25803,47.93942],[-118.25843,47.93942],[-118.25843,47.93888],[-118.25923,47.93861],[-118.25923,47.93834],[-118.25964,47.93834],[-118.25964,47.93807],[-118.26004,47.93807],[-118.26004,47.93753],[-118.26044,47.93753],[-118.26044,47.93699],[-118.26084,47.93699],[-118.26084,47.93645],[-118.26124,47.93645],[-118.26124,47.93618],[-118.26084,47.93618],[-118.26084,47.93591],[-118.26124,47.93591],[-118.26124,47.93537],[-118.26205,47.93537],[-118.26205,47.9351],[-118.26366,47.9351],[-118.26366,47.93483],[-118.26486,47.93483],[-118.26486,47.9351],[-118.26768,47.9351],[-118.26768,47.93483],[-118.26808,47.93483],[-118.26808,47.93456],[-118.26848,47.93456],[-118.26848,47.93429],[-118.27049,47.93429],[-118.27049,47.93456],[-118.2709,47.93456],[-118.2709,47.93429],[-118.2721,47.93429],[-118.2721,47.93403],[-118.2725,47.93403],[-118.2725,47.93376],[-118.27371,47.93376],[-118.27371,47.93349],[-118.27532,47.93349],[-118.27532,47.93295],[-118.27572,47.93295],[-118.27572,47.93241],[-118.27813,47.9316],[-118.27813,47.93052],[-118.27773,47.93052],[-118.27773,47.92998],[-118.27813,47.92998],[-118.27813,47.92944],[-118.27854,47.92944],[-118.27854,47.92917],[-118.27974,47.92917],[-118.27974,47.9289],[-118.28175,47.9289],[-118.28175,47.92864],[-118.28296,47.92864],[-118.28296,47.92837],[-118.28376,47.92837],[-118.28376,47.9281],[-118.28417,47.9281],[-118.28417,47.92756],[-118.28376,47.92756],[-118.28376,47.92729],[-118.28417,47.92729],[-118.28417,47.92675],[-118.28457,47.92675],[-118.28457,47.92648],[-118.28497,47.92648],[-118.28497,47.92621],[-118.28577,47.92621],[-118.28577,47.92594],[-118.28658,47.92594],[-118.28658,47.92486],[-118.28618,47.92486],[-118.28618,47.92298],[-118.28658,47.92298],[-118.28658,47.92244],[-118.28698,47.92244],[-118.28698,47.9219],[-118.28738,47.9219],[-118.28738,47.92109],[-118.28819,47.92109],[-118.28819,47.92082],[-118.28939,47.92082],[-118.28939,47.92109],[-118.29181,47.92109],[-118.29181,47.92136],[-118.29221,47.92136],[-118.29221,47.92163],[-118.29342,47.92163],[-118.29342,47.92136],[-118.29382,47.92136],[-118.29382,47.92109],[-118.29502,47.92109],[-118.29502,47.92082],[-118.29583,47.92082],[-118.29583,47.92055],[-118.29663,47.92055],[-118.29663,47.92028],[-118.29784,47.92028],[-118.29784,47.92001],[-118.29864,47.92001],[-118.29864,47.91974],[-118.29905,47.91974],[-118.29905,47.91947],[-118.29945,47.91947],[-118.29945,47.9192],[-118.30025,47.91893],[-118.30025,47.91866],[-118.30106,47.91839],[-118.30106,47.91813],[-118.30146,47.91813],[-118.30146,47.91759],[-118.30226,47.91732],[-118.30226,47.91705],[-118.30307,47.91678],[-118.30307,47.91651],[-118.30387,47.91651],[-118.30387,47.91624],[-118.30468,47.91624],[-118.30468,47.91597],[-118.30548,47.91597],[-118.30548,47.9157],[-118.30628,47.9157],[-118.30628,47.91543],[-118.30669,47.91543],[-118.30669,47.91435],[-118.30749,47.91435],[-118.30749,47.91408],[-118.3091,47.91381],[-118.3091,47.91327],[-118.3095,47.91327],[-118.3095,47.91274],[-118.3099,47.91274],[-118.3099,47.91247],[-118.31071,47.91247],[-118.31071,47.9122],[-118.31151,47.9122],[-118.31151,47.91193],[-118.31312,47.91166],[-118.31312,47.91139],[-118.31433,47.91139],[-118.31433,47.91112],[-118.31513,47.91112],[-118.31513,47.91085],[-118.31594,47.91085],[-118.31594,47.91058],[-118.31674,47.91058],[-118.31674,47.91031],[-118.31714,47.91031],[-118.31714,47.91004],[-118.31795,47.91004],[-118.31795,47.90977],[-118.31835,47.90977],[-118.31835,47.90923],[-118.31875,47.90923],[-118.31875,47.90842],[-118.31835,47.90842],[-118.31835,47.90788],[-118.31875,47.90788],[-118.31875,47.90761],[-118.31915,47.90761],[-118.31915,47.90735],[-118.32237,47.90735],[-118.32237,47.90708],[-118.32478,47.90708],[-118.32478,47.90681],[-118.32599,47.90681],[-118.32599,47.90654],[-118.32719,47.90654],[-118.32719,47.90627],[-118.3284,47.90627],[-118.3284,47.906],[-118.32921,47.906],[-118.32921,47.90573],[-118.33001,47.90573],[-118.33001,47.90546],[-118.33122,47.90546],[-118.33122,47.90519],[-118.33242,47.90519],[-118.33242,47.90546],[-118.33282,47.90546],[-118.33282,47.90573],[-118.33363,47.90573],[-118.33363,47.906],[-118.33443,47.90627],[-118.33443,47.90681],[-118.33484,47.90681],[-118.33484,47.90708],[-118.33564,47.90735],[-118.33564,47.90815],[-118.33604,47.90815],[-118.33604,47.90869],[-118.33644,47.90869],[-118.33644,47.90896],[-118.33725,47.90923],[-118.33725,47.91031],[-118.33685,47.91031],[-118.33685,47.91085],[-118.33644,47.91085],[-118.33644,47.91139],[-118.33604,47.91139],[-118.33604,47.91166],[-118.33524,47.91193],[-118.33524,47.9122],[-118.33484,47.9122],[-118.33484,47.91247],[-118.33443,47.91247],[-118.33443,47.91274],[-118.33403,47.91274],[-118.33403,47.913],[-118.33363,47.913],[-118.33363,47.91354],[-118.33323,47.91354],[-118.33323,47.91462],[-118.33282,47.91462],[-118.33282,47.91489],[-118.33242,47.91489],[-118.33242,47.91516],[-118.33202,47.91516],[-118.33202,47.91543],[-118.33162,47.91543],[-118.33162,47.9157],[-118.33081,47.91597],[-118.33081,47.91624],[-118.33001,47.91651],[-118.33001,47.91705],[-118.32961,47.91705],[-118.32961,47.91732],[-118.32921,47.91732],[-118.32921,47.91759],[-118.3284,47.91786],[-118.3284,47.91839],[-118.328,47.91839],[-118.328,47.91866],[-118.3276,47.91866],[-118.3276,47.91893],[-118.32679,47.91893],[-118.32679,47.9192],[-118.32599,47.9192],[-118.32599,47.91893],[-118.32398,47.91893],[-118.32398,47.9192],[-118.32438,47.9192],[-118.32438,47.91947],[-118.32358,47.91947],[-118.32358,47.92001],[-118.32639,47.92001],[-118.32639,47.92028],[-118.3276,47.92028],[-118.3276,47.92055],[-118.328,47.92055],[-118.328,47.92163],[-118.3276,47.92163],[-118.3276,47.92405],[-118.328,47.92405],[-118.328,47.92459],[-118.3284,47.92459],[-118.3284,47.9254],[-118.328,47.9254],[-118.328,47.92567],[-118.3276,47.92567],[-118.3276,47.92594],[-118.32639,47.92594],[-118.32639,47.92621],[-118.32599,47.92621],[-118.32599,47.92648],[-118.32559,47.92648],[-118.32559,47.92675],[-118.32518,47.92675],[-118.32518,47.92702],[-118.32478,47.92702],[-118.32478,47.92783],[-118.32438,47.92783],[-118.32438,47.92837],[-118.32358,47.92864],[-118.32358,47.92917],[-118.32277,47.92944],[-118.32277,47.92998],[-118.32237,47.92998],[-118.32237,47.93079],[-118.32197,47.93079],[-118.32197,47.93295],[-118.32157,47.93295],[-118.32157,47.93322],[-118.32076,47.93322],[-118.32076,47.93349],[-118.31955,47.93349],[-118.31955,47.93376],[-118.31875,47.93376],[-118.31875,47.93403],[-118.31835,47.93403],[-118.31835,47.93456],[-118.31754,47.93456],[-118.31754,47.93376],[-118.31714,47.93376],[-118.31714,47.93349],[-118.31634,47.93349],[-118.31634,47.93456],[-118.31714,47.93429],[-118.31714,47.93672],[-118.31674,47.93672],[-118.31674,47.93807],[-118.31634,47.93807],[-118.31634,47.94076],[-118.31594,47.94076],[-118.31594,47.9413],[-118.31553,47.9413],[-118.31553,47.94184],[-118.31473,47.94211],[-118.31473,47.94238],[-118.31513,47.94238],[-118.31513,47.94292],[-118.31553,47.94292],[-118.31553,47.94481],[-118.31513,47.94481],[-118.31513,47.94507],[-118.31553,47.94507],[-118.31553,47.94588],[-118.31513,47.94588],[-118.31513,47.94723],[-118.31473,47.94723],[-118.31473,47.94777],[-118.31392,47.94804],[-118.31392,47.94912],[-118.31352,47.94912],[-118.31352,47.94966],[-118.31312,47.94966],[-118.31312,47.95046],[-118.31272,47.95046],[-118.31272,47.95127],[-118.31191,47.95127],[-118.31191,47.95235],[-118.31111,47.95235],[-118.31111,47.95289],[-118.31071,47.95289],[-118.31071,47.95343],[-118.31031,47.95343],[-118.31031,47.95289],[-118.3095,47.95289],[-118.3095,47.95262],[-118.3099,47.95262],[-118.3099,47.95235],[-118.3095,47.95235],[-118.3095,47.95208],[-118.3099,47.95208],[-118.3099,47.95181],[-118.3095,47.95181],[-118.3095,47.95154],[-118.3099,47.95154],[-118.3099,47.95127],[-118.3095,47.95127],[-118.3095,47.951],[-118.31031,47.951],[-118.31031,47.95046],[-118.31071,47.95046],[-118.31071,47.95019],[-118.31031,47.95019],[-118.31031,47.94993],[-118.31071,47.94993],[-118.31071,47.94939],[-118.31111,47.94939],[-118.31111,47.94858],[-118.3099,47.94858],[-118.3099,47.94831],[-118.3091,47.94858],[-118.3091,47.94885],[-118.3099,47.94885],[-118.3099,47.94912],[-118.3087,47.94912],[-118.3087,47.94939],[-118.3099,47.94939],[-118.3099,47.94966],[-118.3091,47.94966],[-118.3091,47.95019]],[[-118.2532,47.96529],[-118.2532,47.96502],[-118.2528,47.96502],[-118.2528,47.96529],[-118.2532,47.96529]],[[-118.31071,47.94831],[-118.31071,47.94804],[-118.3099,47.94804],[-118.3099,47.94831],[-118.31071,47.94831]],[[-118.30829,47.94939],[-118.30829,47.94993],[-118.3087,47.94993],[-118.3087,47.94939],[-118.30829,47.94939]],[[-118.26044,47.96583],[-118.26044,47.96556],[-118.26004,47.96556],[-118.26004,47.96583],[-118.26044,47.96583]],[[-118.26165,47.96556],[-118.26165,47.96529],[-118.26084,47.96529],[-118.26084,47.96556],[-118.26165,47.96556]],[[-118.26406,47.96529],[-118.26406,47.96502],[-118.26366,47.96502],[-118.26366,47.96529],[-118.26406,47.96529]],[[-118.26486,47.96475],[-118.26446,47.96475],[-118.26446,47.96502],[-118.26486,47.96502],[-118.26486,47.96475]],[[-118.26527,47.96475],[-118.26527,47.96448],[-118.26486,47.96448],[-118.26486,47.96475],[-118.26527,47.96475]],[[-118.25159,47.96448],[-118.25159,47.96421],[-118.25119,47.96421],[-118.25119,47.96448],[-118.25159,47.96448]],[[-118.27854,47.95774],[-118.27854,47.95747],[-118.27813,47.95747],[-118.27813,47.95774],[-118.27854,47.95774]],[[-118.27894,47.9572],[-118.27894,47.95693],[-118.27854,47.95693],[-118.27854,47.9572],[-118.27894,47.9572]],[[-118.24275,47.95532],[-118.24275,47.95505],[-118.24234,47.95505],[-118.24234,47.95532],[-118.24275,47.95532]],[[-118.24596,47.95019],[-118.24596,47.94993],[-118.24556,47.94993],[-118.24556,47.95019],[-118.24596,47.95019]],[[-118.30669,47.94966],[-118.30669,47.94939],[-118.30628,47.94939],[-118.30628,47.94966],[-118.30669,47.94966]],[[-118.3099,47.94723],[-118.3099,47.94696],[-118.3095,47.94696],[-118.3095,47.94723],[-118.3099,47.94723]],[[-118.3087,47.94615],[-118.3087,47.94588],[-118.30829,47.94588],[-118.30829,47.94615],[-118.3087,47.94615]],[[-118.31191,47.94561],[-118.31191,47.94534],[-118.31151,47.94534],[-118.31151,47.94561],[-118.31191,47.94561]],[[-118.2524,47.94534],[-118.2524,47.94507],[-118.252,47.94507],[-118.252,47.94534],[-118.2524,47.94534]],[[-118.25401,47.944],[-118.25401,47.94373],[-118.2536,47.94373],[-118.2536,47.944],[-118.25401,47.944]]],[[[-118.23752,47.94696],[-118.23872,47.94696],[-118.23872,47.94723],[-118.23993,47.94723],[-118.23993,47.9475],[-118.23832,47.9475],[-118.23832,47.94723],[-118.23752,47.94723],[-118.23752,47.94696]]],[[[-118.3099,47.95073],[-118.3095,47.95073],[-118.3095,47.95046],[-118.3099,47.95046],[-118.3099,47.95073]]],[[[-118.3091,47.95127],[-118.3087,47.95127],[-118.3087,47.951],[-118.3091,47.951],[-118.3091,47.95127]]],[[[-118.28939,47.95639],[-118.28859,47.95639],[-118.28859,47.95612],[-118.28939,47.95612],[-118.28939,47.95639]]],[[[-118.25642,47.9661],[-118.25602,47.9661],[-118.25602,47.96583],[-118.25642,47.96583],[-118.25642,47.9661]]],[[[-118.25682,47.96663],[-118.25602,47.96663],[-118.25602,47.96636],[-118.25682,47.96636],[-118.25682,47.96663]]]]},"properties":{"layer":"predicted_reach_h10","fire_name":"Mitre_Rock","irwin_id":"{C11A3685-C035-4241-A17C-8076EE99619D}","model":"arrival_run","checkpoint_epoch":216,"decode":"connected_causal","operating_point":{"floor":0.0,"mult":0.9},"val_precision":null,"val_recall":null,"model_caveat":"arrival_run chosen for best RECALL among the six FlameFlux v3 candidates on the production-valid t0-window corpus (R=0.624 on the fc2 held-out fires, R=0.432 on Dillon -- see candidate_comparison.md from the 2026-07-24 comparison). It does NOT meet the project's P>=0.50/R>=0.80 target: precision is the WORST of the six (P=0.120 on fc2 -- most flagged growth is wrong), and wind_run actually edges it on F1. IMPORTANT CAVEAT: arrival_run trained on the leaky 'observed' corpus (crop centered/sized on t0|t1, i.e. it saw the future perimeter's geometry during training) and has NEVER seen a t0-window crop -- the ONLY geometry this live pipeline can ever produce at forecast time (the future perimeter is, by definition, unknown). So every live prediction from this model is out-of-distribution relative to its own training. The measured t0-window numbers above already reflect that (they are not a surprise), but this is 'best available', not 'production-ready' -- represent it that way. The operating_point (floor=0.0, mult=0.9) is the VAL-selected connected-causal decode point; it did NOT clear the 0.50 precision floor during selection (feasible=False, val P=0.270/R=0.259) -- it's the best-F1 fallback point, not a precision-guaranteed one.","issued_at_utc":"2026-08-05 10:59:55.016141+00:00","valid_from_utc":"2026-08-05 00:00:00","valid_to_utc":"2026-08-06 00:00:00","wfigs_date_current_utc":"2026-08-05 10:16:25+00:00","pixel_size_m":30,"veg_source":"refreshed_d4","physics_source":"eikonal_fbfm40","history_n_dates":4,"degraded_history":false,"containment_pct":0.0,"acres_wfigs":4439.297279101989,"hour":10,"valid_at_utc":"2026-08-05 10:00:00"}},{"type":"Feature","geometry":{"type":"MultiPolygon","coordinates":[[[[-118.33644,47.90815],[-118.33604,47.90815],[-118.33604,47.90761],[-118.33644,47.90761],[-118.33644,47.90815]]],[[[-118.32438,47.92917],[-118.32398,47.92917],[-118.32398,47.9289],[-118.32438,47.9289],[-118.32438,47.92917]]],[[[-118.32478,47.93456],[-118.32317,47.93456],[-118.32317,47.93429],[-118.32478,47.93429],[-118.32478,47.93456]]],[[[-118.32197,47.93591],[-118.32197,47.93537],[-118.32277,47.93537],[-118.32277,47.9351],[-118.32237,47.9351],[-118.32237,47.93483],[-118.32358,47.93483],[-118.32358,47.93537],[-118.32438,47.93537],[-118.32438,47.93564],[-118.32398,47.93564],[-118.32398,47.93618],[-118.32358,47.93618],[-118.32358,47.93672],[-118.32317,47.93672],[-118.32317,47.93726],[-118.32277,47.93726],[-118.32277,47.93672],[-118.32237,47.93672],[-118.32237,47.93591],[-118.32197,47.93591]]],[[[-118.32116,47.93672],[-118.32116,47.93645],[-118.32157,47.93645],[-118.32157,47.93672],[-118.32116,47.93672]]],[[[-118.32237,47.93699],[-118.32197,47.93699],[-118.32197,47.93672],[-118.32237,47.93672],[-118.32237,47.93699]]],[[[-118.32237,47.9378],[-118.32237,47.93753],[-118.32277,47.93753],[-118.32277,47.9378],[-118.32237,47.9378]]],[[[-118.32237,47.93834],[-118.32237,47.93807],[-118.32277,47.93807],[-118.32277,47.93834],[-118.32237,47.93834]]],[[[-118.32197,47.93834],[-118.32157,47.93834],[-118.32157,47.93807],[-118.32197,47.93807],[-118.32197,47.93834]]],[[[-118.32317,47.93942],[-118.32317,47.93915],[-118.32358,47.93915],[-118.32358,47.93942],[-118.32317,47.93942]]],[[[-118.32237,47.93995],[-118.32237,47.93968],[-118.32317,47.93968],[-118.32317,47.93995],[-118.32237,47.93995]]],[[[-118.32478,47.94049],[-118.32398,47.94049],[-118.32398,47.94022],[-118.32478,47.94022],[-118.32478,47.94049]]],[[[-118.28417,47.91786],[-118.28417,47.91516],[-118.28457,47.91516],[-118.28457,47.91489],[-118.28497,47.91489],[-118.28497,47.91462],[-118.28698,47.91462],[-118.28698,47.91489],[-118.28899,47.91489],[-118.28899,47.91462],[-118.28939,47.91462],[-118.28939,47.91489],[-118.2898,47.91489],[-118.2898,47.91462],[-118.2906,47.91462],[-118.2906,47.91435],[-118.291,47.91435],[-118.291,47.91408],[-118.29181,47.91381],[-118.29181,47.91354],[-118.29221,47.91354],[-118.29221,47.91327],[-118.29422,47.91327],[-118.29422,47.91354],[-118.29462,47.91354],[-118.29462,47.91381],[-118.29623,47.91408],[-118.29623,47.91381],[-118.29663,47.91381],[-118.29663,47.913],[-118.29583,47.91274],[-118.29583,47.91112],[-118.29623,47.91112],[-118.29623,47.91031],[-118.29663,47.91031],[-118.29663,47.91004],[-118.29703,47.91004],[-118.29703,47.90977],[-118.29864,47.90977],[-118.29864,47.91004],[-118.29985,47.91004],[-118.29985,47.90977],[-118.30065,47.90977],[-118.30065,47.9095],[-118.30106,47.9095],[-118.30106,47.90923],[-118.30186,47.90923],[-118.30186,47.90896],[-118.30387,47.90896],[-118.30387,47.90923],[-118.30468,47.90923],[-118.30468,47.9095],[-118.30548,47.9095],[-118.30548,47.90977],[-118.30628,47.90977],[-118.30628,47.91004],[-118.30669,47.91004],[-118.30669,47.91031],[-118.30749,47.91058],[-118.30749,47.91247],[-118.30669,47.91274],[-118.30669,47.913],[-118.30588,47.91327],[-118.30588,47.91354],[-118.30427,47.91381],[-118.30427,47.91435],[-118.30347,47.91462],[-118.30347,47.91489],[-118.30266,47.91516],[-118.30266,47.91543],[-118.30146,47.91543],[-118.30146,47.9157],[-118.29985,47.9157],[-118.29985,47.91597],[-118.29703,47.91597],[-118.29703,47.91624],[-118.29623,47.91624],[-118.29623,47.91651],[-118.29382,47.91678],[-118.29382,47.91705],[-118.29301,47.91732],[-118.29301,47.91759],[-118.29261,47.91759],[-118.29261,47.91786],[-118.29221,47.91786],[-118.29221,47.91813],[-118.29181,47.91813],[-118.29181,47.91839],[-118.2914,47.91839],[-118.2914,47.91866],[-118.291,47.91866],[-118.291,47.91893],[-118.2902,47.91893],[-118.2902,47.9192],[-118.2898,47.9192],[-118.2898,47.91947],[-118.28819,47.91974],[-118.28819,47.92001],[-118.28738,47.92028],[-118.28738,47.92055],[-118.28577,47.92082],[-118.28577,47.92109],[-118.28537,47.92109],[-118.28537,47.92136],[-118.28417,47.92136],[-118.28417,47.92109],[-118.28376,47.92109],[-118.28376,47.91786],[-118.28417,47.91786]]],[[[-118.32076,47.93618],[-118.32076,47.93591],[-118.32116,47.93591],[-118.32116,47.93618],[-118.32076,47.93618]]],[[[-118.29342,47.9537],[-118.29422,47.9537],[-118.29422,47.95397],[-118.29342,47.95397],[-118.29342,47.95424],[-118.29301,47.95424],[-118.29301,47.95451],[-118.2914,47.95451],[-118.2914,47.95478],[-118.2906,47.95505],[-118.2906,47.95532],[-118.2898,47.95532],[-118.2898,47.95558],[-118.28859,47.95558],[-118.28859,47.95585],[-118.28497,47.95585],[-118.28497,47.95558],[-118.28457,47.95558],[-118.28457,47.95585],[-118.28175,47.95585],[-118.28175,47.95639],[-118.28135,47.95639],[-118.28135,47.95693],[-118.28095,47.95693],[-118.28095,47.95747],[-118.28014,47.95774],[-118.28014,47.95828],[-118.27934,47.95855],[-118.27934,47.95909],[-118.27894,47.95909],[-118.27894,47.95963],[-118.27813,47.9599],[-118.27813,47.96017],[-118.27733,47.9599],[-118.27733,47.96017],[-118.27693,47.96017],[-118.27693,47.96097],[-118.27653,47.96097],[-118.27653,47.96124],[-118.27572,47.96124],[-118.27572,47.96151],[-118.27492,47.96178],[-118.27492,47.96205],[-118.27411,47.96205],[-118.27411,47.96232],[-118.27371,47.96232],[-118.27371,47.96259],[-118.27331,47.96259],[-118.27331,47.96286],[-118.2725,47.96286],[-118.2725,47.96313],[-118.2717,47.96313],[-118.2717,47.96286],[-118.2713,47.96286],[-118.2713,47.96259],[-118.2709,47.96259],[-118.2709,47.96205],[-118.27049,47.96205],[-118.27049,47.96178],[-118.26889,47.96205],[-118.26889,47.96232],[-118.26808,47.96259],[-118.26808,47.96286],[-118.26889,47.96286],[-118.26889,47.96313],[-118.26808,47.9634],[-118.26808,47.96448],[-118.26728,47.96475],[-118.26728,47.96529],[-118.26567,47.96556],[-118.26567,47.96583],[-118.26527,47.96583],[-118.26527,47.9661],[-118.26446,47.9661],[-118.26446,47.96636],[-118.26406,47.96636],[-118.26406,47.96663],[-118.26285,47.96663],[-118.26285,47.9669],[-118.26205,47.9669],[-118.26205,47.96717],[-118.26245,47.96717],[-118.26245,47.96744],[-118.26165,47.96744],[-118.26165,47.96798],[-118.26084,47.96798],[-118.26084,47.96852],[-118.26044,47.96852],[-118.26044,47.96906],[-118.25964,47.96933],[-118.25964,47.96906],[-118.25883,47.96906],[-118.25883,47.96879],[-118.25803,47.96852],[-118.25803,47.96825],[-118.25763,47.96825],[-118.25763,47.96798],[-118.25682,47.96771],[-118.25682,47.96744],[-118.25642,47.96744],[-118.25642,47.96798],[-118.25682,47.96798],[-118.25682,47.96852],[-118.25642,47.96852],[-118.25642,47.96825],[-118.25602,47.96825],[-118.25602,47.96852],[-118.25481,47.96852],[-118.25481,47.96879],[-118.25441,47.96879],[-118.25441,47.96852],[-118.252,47.96852],[-118.252,47.96825],[-118.2524,47.96825],[-118.2524,47.96798],[-118.252,47.96798],[-118.252,47.96771],[-118.2528,47.96771],[-118.2528,47.96744],[-118.2524,47.96744],[-118.2524,47.96717],[-118.2532,47.96717],[-118.2532,47.96663],[-118.2528,47.96663],[-118.2528,47.96636],[-118.252,47.96663],[-118.252,47.96583],[-118.25119,47.96556],[-118.25119,47.96529],[-118.25079,47.96529],[-118.25079,47.96556],[-118.25039,47.96556],[-118.25039,47.96529],[-118.24958,47.96529],[-118.24958,47.96502],[-118.24918,47.96502],[-118.24918,47.96556],[-118.24878,47.96556],[-118.24878,47.96529],[-118.24677,47.96529],[-118.24677,47.96502],[-118.24717,47.96502],[-118.24717,47.96448],[-118.24637,47.96448],[-118.24637,47.96421],[-118.24556,47.96448],[-118.24556,47.9634],[-118.24476,47.9634],[-118.24476,47.96286],[-118.24556,47.96286],[-118.24556,47.96259],[-118.24516,47.96259],[-118.24516,47.96205],[-118.24435,47.96205],[-118.24435,47.96178],[-118.24476,47.96178],[-118.24476,47.96124],[-118.24435,47.96124],[-118.24435,47.96071],[-118.24355,47.96044],[-118.24355,47.9599],[-118.24275,47.9599],[-118.24275,47.95963],[-118.24234,47.95963],[-118.24234,47.95882],[-118.24194,47.95882],[-118.24194,47.9572],[-118.24154,47.9572],[-118.24154,47.95585],[-118.24114,47.95585],[-118.24114,47.95451],[-118.24074,47.95451],[-118.24074,47.95397],[-118.24033,47.95397],[-118.24033,47.95154],[-118.23993,47.95154],[-118.23993,47.95073],[-118.24033,47.95073],[-118.24033,47.95046],[-118.24114,47.95019],[-118.24114,47.94993],[-118.24275,47.94993],[-118.24275,47.94939],[-118.24315,47.94939],[-118.24315,47.94777],[-118.24395,47.94777],[-118.24395,47.94669],[-118.24435,47.94669],[-118.24435,47.94642],[-118.24556,47.94642],[-118.24556,47.94615],[-118.24637,47.94615],[-118.24637,47.94642],[-118.24958,47.94642],[-118.24958,47.94615],[-118.24998,47.94615],[-118.24998,47.94507],[-118.25079,47.94481],[-118.25079,47.94454],[-118.252,47.94454],[-118.252,47.94427],[-118.2528,47.94427],[-118.2528,47.94373],[-118.2532,47.94373],[-118.2532,47.94346],[-118.2536,47.94346],[-118.2536,47.94319],[-118.25441,47.94319],[-118.25441,47.94292],[-118.25561,47.94292],[-118.25561,47.94238],[-118.25602,47.94238],[-118.25602,47.94184],[-118.25642,47.94184],[-118.25642,47.94103],[-118.25722,47.94076],[-118.25722,47.94022],[-118.25763,47.94022],[-118.25763,47.93968],[-118.25803,47.93968],[-118.25803,47.93915],[-118.25843,47.93915],[-118.25843,47.93888],[-118.25883,47.93888],[-118.25883,47.93861],[-118.25964,47.93834],[-118.25964,47.9378],[-118.26044,47.93753],[-118.26044,47.93699],[-118.26084,47.93699],[-118.26084,47.93564],[-118.26124,47.93564],[-118.26124,47.93537],[-118.26205,47.93537],[-118.26205,47.9351],[-118.26366,47.9351],[-118.26366,47.93483],[-118.26527,47.93483],[-118.26527,47.9351],[-118.26768,47.9351],[-118.26768,47.93483],[-118.26808,47.93483],[-118.26808,47.93456],[-118.26848,47.93456],[-118.26848,47.93429],[-118.2721,47.93429],[-118.2721,47.93403],[-118.2725,47.93403],[-118.2725,47.93376],[-118.27331,47.93376],[-118.27331,47.93349],[-118.27532,47.93349],[-118.27532,47.93268],[-118.27572,47.93268],[-118.27572,47.93214],[-118.27653,47.93214],[-118.27653,47.93187],[-118.27773,47.93187],[-118.27773,47.9316],[-118.27813,47.9316],[-118.27813,47.93052],[-118.27773,47.93052],[-118.27773,47.92971],[-118.27813,47.92971],[-118.27813,47.92944],[-118.27854,47.92944],[-118.27854,47.92917],[-118.27974,47.92917],[-118.27974,47.9289],[-118.28135,47.9289],[-118.28135,47.92864],[-118.28256,47.92864],[-118.28256,47.92837],[-118.28336,47.92837],[-118.28336,47.9281],[-118.28417,47.92783],[-118.28417,47.92756],[-118.28376,47.92756],[-118.28376,47.92729],[-118.28417,47.92729],[-118.28417,47.92648],[-118.28497,47.92648],[-118.28497,47.92621],[-118.28658,47.92594],[-118.28658,47.92486],[-118.28618,47.92486],[-118.28618,47.92298],[-118.28658,47.92298],[-118.28658,47.92244],[-118.28698,47.92244],[-118.28698,47.9219],[-118.28738,47.9219],[-118.28738,47.92109],[-118.28819,47.92109],[-118.28819,47.92082],[-118.2898,47.92082],[-118.2898,47.92109],[-118.29181,47.92109],[-118.29181,47.92136],[-118.29221,47.92136],[-118.29221,47.92163],[-118.29301,47.92163],[-118.29301,47.92136],[-118.29382,47.92136],[-118.29382,47.92109],[-118.29462,47.92109],[-118.29462,47.92082],[-118.29583,47.92082],[-118.29583,47.92055],[-118.29663,47.92055],[-118.29663,47.92028],[-118.29784,47.92028],[-118.29784,47.92001],[-118.29824,47.92001],[-118.29824,47.91974],[-118.29905,47.91974],[-118.29905,47.91947],[-118.29945,47.91947],[-118.29945,47.9192],[-118.30025,47.91893],[-118.30025,47.91866],[-118.30106,47.91839],[-118.30106,47.91786],[-118.30146,47.91786],[-118.30146,47.91759],[-118.30226,47.91732],[-118.30226,47.91705],[-118.30307,47.91678],[-118.30307,47.91651],[-118.30387,47.91651],[-118.30387,47.91624],[-118.30468,47.91624],[-118.30468,47.91597],[-118.30548,47.91597],[-118.30548,47.9157],[-118.30628,47.9157],[-118.30628,47.91543],[-118.30669,47.91543],[-118.30669,47.91435],[-118.30829,47.91408],[-118.30829,47.91381],[-118.3087,47.91381],[-118.3087,47.91354],[-118.3095,47.91327],[-118.3095,47.91274],[-118.3099,47.91274],[-118.3099,47.91247],[-118.31071,47.91247],[-118.31071,47.9122],[-118.31151,47.9122],[-118.31151,47.91193],[-118.31312,47.91166],[-118.31312,47.91139],[-118.31433,47.91139],[-118.31433,47.91112],[-118.31594,47.91085],[-118.31594,47.91058],[-118.31634,47.91058],[-118.31634,47.91031],[-118.31795,47.91004],[-118.31795,47.9095],[-118.31875,47.90923],[-118.31875,47.90842],[-118.31835,47.90842],[-118.31835,47.90761],[-118.31915,47.90761],[-118.31915,47.90735],[-118.32197,47.90735],[-118.32197,47.90708],[-118.32438,47.90708],[-118.32438,47.90681],[-118.32599,47.90681],[-118.32599,47.90654],[-118.3284,47.90627],[-118.3284,47.906],[-118.32921,47.906],[-118.32921,47.90573],[-118.33001,47.90573],[-118.33001,47.90546],[-118.33081,47.90546],[-118.33081,47.90519],[-118.33242,47.90519],[-118.33242,47.90546],[-118.33282,47.90546],[-118.33282,47.90573],[-118.33363,47.90573],[-118.33363,47.906],[-118.33443,47.90627],[-118.33443,47.90681],[-118.33484,47.90681],[-118.33484,47.90708],[-118.33524,47.90708],[-118.33524,47.90735],[-118.33604,47.90708],[-118.33604,47.90761],[-118.33564,47.90761],[-118.33564,47.90815],[-118.33604,47.90815],[-118.33604,47.90842],[-118.33685,47.90842],[-118.33685,47.90923],[-118.33725,47.90923],[-118.33725,47.91031],[-118.33685,47.91031],[-118.33685,47.91085],[-118.33644,47.91085],[-118.33644,47.91139],[-118.33604,47.91139],[-118.33604,47.91166],[-118.33524,47.91193],[-118.33524,47.9122],[-118.33484,47.9122],[-118.33484,47.91274],[-118.33403,47.91274],[-118.33403,47.913],[-118.33363,47.913],[-118.33363,47.91354],[-118.33323,47.91354],[-118.33323,47.91462],[-118.33282,47.91462],[-118.33282,47.91489],[-118.33242,47.91489],[-118.33242,47.91516],[-118.33202,47.91516],[-118.33202,47.91543],[-118.33162,47.91543],[-118.33162,47.9157],[-118.33081,47.91597],[-118.33081,47.91624],[-118.33001,47.91651],[-118.33001,47.91705],[-118.32961,47.91705],[-118.32961,47.91732],[-118.32921,47.91732],[-118.32921,47.91759],[-118.3284,47.91786],[-118.3284,47.91839],[-118.328,47.91839],[-118.328,47.91866],[-118.3276,47.91866],[-118.3276,47.91893],[-118.32679,47.91893],[-118.32679,47.9192],[-118.32559,47.9192],[-118.32559,47.91893],[-118.32478,47.91893],[-118.32478,47.9192],[-118.32518,47.9192],[-118.32518,47.92001],[-118.32719,47.92001],[-118.32719,47.92028],[-118.328,47.92055],[-118.328,47.92163],[-118.3276,47.92163],[-118.3276,47.92405],[-118.328,47.92405],[-118.328,47.92459],[-118.3284,47.92459],[-118.3284,47.9254],[-118.328,47.9254],[-118.328,47.92567],[-118.3276,47.92567],[-118.3276,47.92594],[-118.32639,47.92594],[-118.32639,47.92648],[-118.32599,47.92648],[-118.32599,47.92675],[-118.32518,47.92675],[-118.32518,47.92729],[-118.32478,47.92729],[-118.32478,47.92783],[-118.32438,47.92783],[-118.32438,47.92837],[-118.32358,47.92864],[-118.32358,47.92917],[-118.32398,47.92917],[-118.32398,47.92998],[-118.32438,47.92998],[-118.32438,47.93025],[-118.32358,47.93025],[-118.32358,47.92944],[-118.32277,47.92944],[-118.32277,47.92998],[-118.32237,47.92998],[-118.32237,47.93106],[-118.32197,47.93106],[-118.32197,47.93295],[-118.32157,47.93295],[-118.32157,47.93322],[-118.32116,47.93322],[-118.32116,47.93349],[-118.32076,47.93349],[-118.32076,47.93403],[-118.32036,47.93403],[-118.32036,47.93456],[-118.31996,47.93456],[-118.31996,47.9351],[-118.31955,47.9351],[-118.31955,47.93403],[-118.31915,47.93403],[-118.31915,47.93429],[-118.31875,47.93429],[-118.31875,47.93456],[-118.31795,47.93456],[-118.31795,47.9351],[-118.31754,47.9351],[-118.31754,47.93537],[-118.31795,47.93537],[-118.31795,47.93564],[-118.31754,47.93564],[-118.31754,47.93645],[-118.31795,47.93645],[-118.31795,47.93672],[-118.31714,47.93699],[-118.31714,47.9378],[-118.31634,47.93807],[-118.31634,47.94076],[-118.31594,47.94076],[-118.31594,47.94157],[-118.31553,47.94157],[-118.31553,47.94265],[-118.31594,47.94265],[-118.31594,47.94534],[-118.31553,47.94534],[-118.31553,47.94642],[-118.31513,47.94642],[-118.31513,47.94669],[-118.31553,47.94669],[-118.31553,47.94696],[-118.31513,47.94696],[-118.31513,47.94777],[-118.31433,47.94804],[-118.31433,47.94858],[-118.31392,47.94858],[-118.31392,47.94966],[-118.31352,47.94966],[-118.31352,47.95019],[-118.31312,47.95019],[-118.31312,47.95073],[-118.31272,47.95073],[-118.31272,47.95154],[-118.31191,47.95181],[-118.31191,47.95262],[-118.31111,47.95289],[-118.31111,47.95343],[-118.31071,47.95343],[-118.31071,47.95397],[-118.31031,47.95397],[-118.31031,47.95424],[-118.3099,47.95424],[-118.3099,47.95451],[-118.3091,47.95451],[-118.3091,47.95289],[-118.3087,47.95289],[-118.3087,47.95235],[-118.30709,47.95235],[-118.30709,47.95262],[-118.30588,47.95262],[-118.30588,47.95289],[-118.30427,47.95289],[-118.30427,47.95316],[-118.30186,47.95316],[-118.30186,47.95343],[-118.30106,47.95343],[-118.30106,47.9537],[-118.30065,47.9537],[-118.30065,47.95343],[-118.29945,47.95343],[-118.29945,47.9537],[-118.29864,47.9537],[-118.29864,47.95316],[-118.29663,47.95316],[-118.29663,47.95343],[-118.29703,47.95343],[-118.29703,47.95397],[-118.29744,47.95397],[-118.29744,47.95424],[-118.29703,47.95424],[-118.29703,47.95451],[-118.29623,47.95451],[-118.29623,47.95397],[-118.29543,47.95424],[-118.29543,47.95316],[-118.29462,47.95316],[-118.29462,47.95343],[-118.29342,47.95343],[-118.29342,47.9537]],[[-118.31996,47.93403],[-118.31996,47.93376],[-118.32036,47.93376],[-118.32036,47.93349],[-118.31955,47.93349],[-118.31955,47.93403],[-118.31996,47.93403]],[[-118.3099,47.95397],[-118.3095,47.95397],[-118.3095,47.95424],[-118.3099,47.95424],[-118.3099,47.95397]],[[-118.29583,47.95316],[-118.29583,47.95289],[-118.29543,47.95289],[-118.29543,47.95316],[-118.29583,47.95316]],[[-118.26004,47.96771],[-118.26004,47.96744],[-118.25964,47.96744],[-118.25964,47.96771],[-118.26004,47.96771]],[[-118.27773,47.95909],[-118.27773,47.95882],[-118.27733,47.95882],[-118.27733,47.95909],[-118.27773,47.95909]],[[-118.24275,47.95532],[-118.24275,47.95505],[-118.24234,47.95505],[-118.24234,47.95532],[-118.24275,47.95532]],[[-118.24596,47.95019],[-118.24596,47.94993],[-118.24556,47.94993],[-118.24556,47.95019],[-118.24596,47.95019]],[[-118.30669,47.94966],[-118.30669,47.94939],[-118.30628,47.94939],[-118.30628,47.94966],[-118.30669,47.94966]],[[-118.3099,47.94723],[-118.3099,47.94696],[-118.3095,47.94696],[-118.3095,47.94723],[-118.3099,47.94723]],[[-118.3087,47.94615],[-118.3087,47.94588],[-118.30829,47.94588],[-118.30829,47.94615],[-118.3087,47.94615]],[[-118.31191,47.94561],[-118.31191,47.94534],[-118.31151,47.94534],[-118.31151,47.94561],[-118.31191,47.94561]],[[-118.2524,47.94534],[-118.2524,47.94507],[-118.252,47.94507],[-118.252,47.94534],[-118.2524,47.94534]],[[-118.25401,47.944],[-118.25401,47.94373],[-118.2536,47.94373],[-118.2536,47.944],[-118.25401,47.944]],[[-118.31674,47.93403],[-118.31674,47.93429],[-118.31754,47.93456],[-118.31754,47.93376],[-118.31674,47.93403]]],[[[-118.32076,47.93942],[-118.32076,47.93915],[-118.32116,47.93915],[-118.32116,47.93942],[-118.32076,47.93942]]],[[[-118.32036,47.944],[-118.32036,47.94373],[-118.31996,47.94373],[-118.31996,47.94346],[-118.31955,47.94346],[-118.31955,47.94319],[-118.31875,47.94292],[-118.31875,47.94157],[-118.31955,47.9413],[-118.31955,47.94076],[-118.31835,47.94076],[-118.31835,47.94049],[-118.31795,47.94049],[-118.31795,47.93942],[-118.31754,47.93942],[-118.31754,47.9378],[-118.31795,47.9378],[-118.31795,47.93672],[-118.31875,47.93645],[-118.31875,47.93591],[-118.31915,47.93591],[-118.31915,47.9351],[-118.31955,47.9351],[-118.31955,47.93645],[-118.32036,47.93645],[-118.32036,47.93699],[-118.32116,47.93699],[-118.32116,47.93726],[-118.32036,47.93726],[-118.32036,47.93753],[-118.32116,47.93753],[-118.32116,47.9378],[-118.32036,47.9378],[-118.32036,47.93807],[-118.32116,47.93807],[-118.32116,47.93834],[-118.32036,47.93834],[-118.32036,47.93861],[-118.32116,47.93861],[-118.32116,47.93888],[-118.32036,47.93888],[-118.32036,47.93968],[-118.32197,47.93968],[-118.32197,47.93995],[-118.32116,47.93995],[-118.32116,47.94022],[-118.32277,47.94022],[-118.32277,47.94049],[-118.32197,47.94049],[-118.32197,47.94076],[-118.32398,47.94076],[-118.32398,47.94103],[-118.32277,47.94103],[-118.32277,47.9413],[-118.32317,47.9413],[-118.32317,47.94157],[-118.32277,47.94157],[-118.32277,47.94211],[-118.32157,47.94211],[-118.32157,47.94184],[-118.32116,47.94184],[-118.32116,47.94157],[-118.31996,47.94157],[-118.31996,47.94184],[-118.32036,47.94184],[-118.32036,47.94265],[-118.32076,47.94265],[-118.32076,47.94292],[-118.32157,47.94292],[-118.32157,47.94346],[-118.32197,47.94346],[-118.32197,47.94427],[-118.32157,47.94427],[-118.32157,47.94454],[-118.32197,47.94454],[-118.32197,47.94481],[-118.32116,47.94481],[-118.32116,47.94454],[-118.32076,47.94454],[-118.32076,47.944],[-118.32036,47.944]],[[-118.32157,47.94049],[-118.32116,47.94049],[-118.32116,47.94076],[-118.32157,47.94076],[-118.32157,47.94049]],[[-118.32076,47.94049],[-118.32036,47.94049],[-118.32036,47.94076],[-118.32076,47.94076],[-118.32076,47.94049]],[[-118.32076,47.93995],[-118.32036,47.93995],[-118.32036,47.94022],[-118.32076,47.94022],[-118.32076,47.93995]]],[[[-118.23752,47.94723],[-118.23671,47.94723],[-118.23671,47.94696],[-118.23953,47.94696],[-118.23953,47.94723],[-118.24074,47.94723],[-118.24074,47.9475],[-118.24033,47.9475],[-118.24033,47.94777],[-118.23832,47.94777],[-118.23832,47.9475],[-118.23752,47.9475],[-118.23752,47.94723]]],[[[-118.28577,47.95639],[-118.28577,47.95612],[-118.28859,47.95612],[-118.28859,47.95585],[-118.2902,47.95585],[-118.2902,47.95612],[-118.2898,47.95612],[-118.2898,47.95639],[-118.28819,47.95666],[-118.28819,47.95693],[-118.28577,47.95693],[-118.28577,47.95666],[-118.28537,47.95666],[-118.28537,47.95639],[-118.28577,47.95639]]],[[[-118.27612,47.96178],[-118.27612,47.96205],[-118.27572,47.96205],[-118.27572,47.96151],[-118.27653,47.96151],[-118.27653,47.96178],[-118.27612,47.96178]]],[[[-118.27452,47.96313],[-118.27411,47.96313],[-118.27411,47.96286],[-118.27452,47.96286],[-118.27452,47.96313]]],[[[-118.2524,47.9669],[-118.2524,47.96663],[-118.2528,47.96663],[-118.2528,47.9669],[-118.2524,47.9669]]],[[[-118.25401,47.96906],[-118.25401,47.96879],[-118.25441,47.96879],[-118.25441,47.96906],[-118.25401,47.96906]]]]},"properties":{"layer":"predicted_reach_h11","fire_name":"Mitre_Rock","irwin_id":"{C11A3685-C035-4241-A17C-8076EE99619D}","model":"arrival_run","checkpoint_epoch":216,"decode":"connected_causal","operating_point":{"floor":0.0,"mult":0.9},"val_precision":null,"val_recall":null,"model_caveat":"arrival_run chosen for best RECALL among the six FlameFlux v3 candidates on the production-valid t0-window corpus (R=0.624 on the fc2 held-out fires, R=0.432 on Dillon -- see candidate_comparison.md from the 2026-07-24 comparison). It does NOT meet the project's P>=0.50/R>=0.80 target: precision is the WORST of the six (P=0.120 on fc2 -- most flagged growth is wrong), and wind_run actually edges it on F1. IMPORTANT CAVEAT: arrival_run trained on the leaky 'observed' corpus (crop centered/sized on t0|t1, i.e. it saw the future perimeter's geometry during training) and has NEVER seen a t0-window crop -- the ONLY geometry this live pipeline can ever produce at forecast time (the future perimeter is, by definition, unknown). So every live prediction from this model is out-of-distribution relative to its own training. The measured t0-window numbers above already reflect that (they are not a surprise), but this is 'best available', not 'production-ready' -- represent it that way. The operating_point (floor=0.0, mult=0.9) is the VAL-selected connected-causal decode point; it did NOT clear the 0.50 precision floor during selection (feasible=False, val P=0.270/R=0.259) -- it's the best-F1 fallback point, not a precision-guaranteed one.","issued_at_utc":"2026-08-05 10:59:55.016141+00:00","valid_from_utc":"2026-08-05 00:00:00","valid_to_utc":"2026-08-06 00:00:00","wfigs_date_current_utc":"2026-08-05 10:16:25+00:00","pixel_size_m":30,"veg_source":"refreshed_d4","physics_source":"eikonal_fbfm40","history_n_dates":4,"degraded_history":false,"containment_pct":0.0,"acres_wfigs":4439.297279101989,"hour":11,"valid_at_utc":"2026-08-05 11:00:00"}},{"type":"Feature","geometry":{"type":"MultiPolygon","coordinates":[[[[-118.30829,47.91058],[-118.30829,47.91085],[-118.30789,47.91085],[-118.30789,47.91058],[-118.30829,47.91058]]],[[[-118.33604,47.913],[-118.33564,47.913],[-118.33564,47.91274],[-118.33604,47.91274],[-118.33604,47.913]]],[[[-118.33363,47.91435],[-118.33443,47.91408],[-118.33443,47.91543],[-118.33403,47.91543],[-118.33403,47.91624],[-118.33323,47.91624],[-118.33323,47.91516],[-118.33363,47.91516],[-118.33363,47.91435]]],[[[-118.28336,47.91974],[-118.28376,47.91974],[-118.28376,47.91786],[-118.28417,47.91786],[-118.28417,47.91516],[-118.28457,47.91516],[-118.28457,47.91489],[-118.28497,47.91489],[-118.28497,47.91462],[-118.28698,47.91462],[-118.28698,47.91489],[-118.28819,47.91489],[-118.28819,47.91462],[-118.2902,47.91462],[-118.2902,47.91435],[-118.2906,47.91435],[-118.2906,47.91408],[-118.291,47.91408],[-118.291,47.91381],[-118.29181,47.91381],[-118.29181,47.91354],[-118.29221,47.91354],[-118.29221,47.91327],[-118.29422,47.91327],[-118.29422,47.91354],[-118.29462,47.91354],[-118.29462,47.91381],[-118.29623,47.91408],[-118.29623,47.91381],[-118.29663,47.91381],[-118.29663,47.913],[-118.29583,47.91274],[-118.29583,47.91112],[-118.29623,47.91112],[-118.29623,47.91031],[-118.29663,47.91031],[-118.29663,47.91004],[-118.29703,47.91004],[-118.29703,47.90977],[-118.29905,47.90977],[-118.29905,47.91004],[-118.29985,47.91004],[-118.29985,47.90977],[-118.30065,47.90977],[-118.30065,47.9095],[-118.30106,47.9095],[-118.30106,47.90923],[-118.30186,47.90923],[-118.30186,47.90896],[-118.30427,47.90896],[-118.30427,47.90923],[-118.30588,47.9095],[-118.30588,47.90977],[-118.30628,47.90977],[-118.30628,47.91004],[-118.30669,47.91004],[-118.30669,47.91031],[-118.30749,47.91058],[-118.30749,47.91112],[-118.30789,47.91112],[-118.30789,47.91139],[-118.30749,47.91139],[-118.30749,47.91247],[-118.30669,47.91274],[-118.30669,47.913],[-118.30588,47.91327],[-118.30588,47.91354],[-118.30508,47.91354],[-118.30508,47.91381],[-118.30427,47.91408],[-118.30427,47.91435],[-118.30387,47.91435],[-118.30387,47.91462],[-118.30347,47.91462],[-118.30347,47.91489],[-118.30307,47.91489],[-118.30307,47.91516],[-118.30266,47.91516],[-118.30266,47.91543],[-118.30146,47.91543],[-118.30146,47.9157],[-118.29985,47.9157],[-118.29985,47.91597],[-118.29703,47.91597],[-118.29703,47.91624],[-118.29623,47.91624],[-118.29623,47.91651],[-118.29502,47.91651],[-118.29502,47.91678],[-118.29342,47.91705],[-118.29342,47.91732],[-118.29301,47.91732],[-118.29301,47.91759],[-118.29261,47.91759],[-118.29261,47.91786],[-118.29221,47.91786],[-118.29221,47.91813],[-118.2914,47.91839],[-118.2914,47.91866],[-118.291,47.91866],[-118.291,47.91893],[-118.2902,47.91893],[-118.2902,47.9192],[-118.2898,47.9192],[-118.2898,47.91947],[-118.28899,47.91947],[-118.28899,47.91974],[-118.28859,47.91974],[-118.28859,47.92001],[-118.28779,47.92001],[-118.28779,47.92028],[-118.28738,47.92028],[-118.28738,47.92055],[-118.28577,47.92082],[-118.28577,47.92109],[-118.28537,47.92109],[-118.28537,47.92136],[-118.28417,47.92136],[-118.28417,47.92109],[-118.28336,47.92109],[-118.28336,47.91974]]],[[[-118.26889,47.96421],[-118.26808,47.96448],[-118.26808,47.96583],[-118.26768,47.96583],[-118.26768,47.9661],[-118.26647,47.9661],[-118.26647,47.96636],[-118.26567,47.9661],[-118.26567,47.96636],[-118.26527,47.96636],[-118.26527,47.96663],[-118.26567,47.96663],[-118.26567,47.9669],[-118.26446,47.9669],[-118.26446,47.96717],[-118.26486,47.96717],[-118.26486,47.96744],[-118.26326,47.96744],[-118.26326,47.96798],[-118.26245,47.96798],[-118.26245,47.96825],[-118.26285,47.96825],[-118.26285,47.96852],[-118.26245,47.96852],[-118.26245,47.96906],[-118.26165,47.96933],[-118.26165,47.97041],[-118.25923,47.97041],[-118.25923,47.97014],[-118.25964,47.97014],[-118.25964,47.96987],[-118.25923,47.96987],[-118.25923,47.9696],[-118.26004,47.9696],[-118.26004,47.96933],[-118.25843,47.96933],[-118.25843,47.9696],[-118.25803,47.9696],[-118.25803,47.96879],[-118.25763,47.96879],[-118.25763,47.96906],[-118.25642,47.96906],[-118.25642,47.96933],[-118.25602,47.96933],[-118.25602,47.96906],[-118.25521,47.96906],[-118.25521,47.96933],[-118.25441,47.96933],[-118.25441,47.9696],[-118.2524,47.9696],[-118.2524,47.96933],[-118.25159,47.96906],[-118.25159,47.96852],[-118.25119,47.96852],[-118.25119,47.96798],[-118.25079,47.96798],[-118.25079,47.96771],[-118.25119,47.96771],[-118.25119,47.96717],[-118.252,47.96717],[-118.252,47.9669],[-118.25159,47.9669],[-118.25159,47.96663],[-118.252,47.96663],[-118.252,47.96636],[-118.24998,47.96636],[-118.24998,47.96663],[-118.25039,47.96663],[-118.25039,47.9669],[-118.24998,47.9669],[-118.24998,47.96717],[-118.25039,47.96717],[-118.25039,47.96744],[-118.24998,47.96744],[-118.24998,47.96771],[-118.25039,47.96771],[-118.25039,47.96798],[-118.24958,47.96825],[-118.24958,47.96852],[-118.24878,47.96852],[-118.24878,47.96879],[-118.24838,47.96879],[-118.24838,47.97014],[-118.24757,47.97014],[-118.24757,47.96987],[-118.24677,47.9696],[-118.24677,47.96879],[-118.24717,47.96879],[-118.24717,47.96852],[-118.24797,47.96825],[-118.24797,47.96798],[-118.24757,47.96798],[-118.24757,47.96771],[-118.24838,47.96771],[-118.24838,47.9669],[-118.24797,47.9669],[-118.24797,47.96663],[-118.24878,47.96663],[-118.24878,47.96636],[-118.24918,47.96636],[-118.24918,47.9661],[-118.24878,47.9661],[-118.24878,47.96583],[-118.24838,47.96583],[-118.24838,47.9661],[-118.24717,47.9661],[-118.24717,47.96583],[-118.24637,47.9661],[-118.24637,47.96583],[-118.24556,47.96556],[-118.24556,47.96529],[-118.24476,47.96529],[-118.24476,47.96475],[-118.24395,47.96475],[-118.24395,47.96421],[-118.24355,47.96421],[-118.24355,47.96394],[-118.24395,47.96394],[-118.24395,47.96367],[-118.24275,47.96367],[-118.24275,47.9634],[-118.24315,47.9634],[-118.24315,47.96313],[-118.24275,47.96313],[-118.24275,47.96286],[-118.24315,47.96286],[-118.24315,47.96259],[-118.24234,47.96259],[-118.24234,47.96205],[-118.24114,47.96205],[-118.24114,47.96178],[-118.24033,47.96151],[-118.24033,47.96124],[-118.24074,47.96124],[-118.24074,47.96017],[-118.24234,47.96017],[-118.24234,47.96044],[-118.24315,47.96071],[-118.24315,47.9599],[-118.24114,47.9599],[-118.24114,47.95963],[-118.24154,47.95963],[-118.24154,47.95936],[-118.24074,47.95936],[-118.24074,47.95909],[-118.24154,47.95909],[-118.24154,47.95882],[-118.24114,47.95882],[-118.24114,47.95855],[-118.24154,47.95855],[-118.24154,47.95828],[-118.24074,47.95828],[-118.24074,47.95801],[-118.24194,47.95801],[-118.24194,47.95774],[-118.24114,47.95774],[-118.24114,47.95747],[-118.24154,47.95747],[-118.24154,47.9572],[-118.24114,47.9572],[-118.24114,47.95693],[-118.24154,47.95693],[-118.24154,47.95666],[-118.24114,47.95666],[-118.24114,47.95585],[-118.24074,47.95585],[-118.24074,47.95505],[-118.24033,47.95505],[-118.24033,47.95478],[-118.24074,47.95478],[-118.24074,47.95451],[-118.23993,47.95451],[-118.23993,47.95073],[-118.24033,47.95073],[-118.24033,47.95019],[-118.24114,47.95019],[-118.24114,47.94993],[-118.24194,47.94993],[-118.24194,47.94966],[-118.24234,47.94966],[-118.24234,47.94939],[-118.24275,47.94939],[-118.24275,47.94885],[-118.24315,47.94885],[-118.24315,47.94858],[-118.24275,47.94858],[-118.24275,47.94831],[-118.24315,47.94831],[-118.24315,47.94696],[-118.24355,47.94696],[-118.24355,47.94669],[-118.24435,47.94669],[-118.24435,47.94642],[-118.24476,47.94642],[-118.24476,47.94615],[-118.24637,47.94615],[-118.24637,47.94642],[-118.24958,47.94642],[-118.24958,47.94615],[-118.24998,47.94615],[-118.24998,47.94507],[-118.25079,47.94481],[-118.25079,47.94454],[-118.2524,47.94427],[-118.2524,47.944],[-118.2532,47.94373],[-118.2532,47.94346],[-118.25401,47.94319],[-118.25401,47.94292],[-118.25521,47.94292],[-118.25521,47.94265],[-118.25561,47.94265],[-118.25561,47.94211],[-118.25602,47.94211],[-118.25602,47.94157],[-118.25642,47.94157],[-118.25642,47.94103],[-118.25722,47.94076],[-118.25722,47.93995],[-118.25803,47.93968],[-118.25803,47.93915],[-118.25843,47.93915],[-118.25843,47.93888],[-118.25883,47.93888],[-118.25883,47.93861],[-118.25964,47.93834],[-118.25964,47.9378],[-118.26044,47.93753],[-118.26044,47.93672],[-118.26084,47.93672],[-118.26084,47.93564],[-118.26165,47.93537],[-118.26165,47.9351],[-118.26326,47.9351],[-118.26326,47.93483],[-118.26567,47.93483],[-118.26567,47.9351],[-118.26768,47.9351],[-118.26768,47.93483],[-118.26808,47.93483],[-118.26808,47.93456],[-118.26848,47.93456],[-118.26848,47.93429],[-118.2721,47.93429],[-118.2721,47.93403],[-118.2725,47.93403],[-118.2725,47.93376],[-118.27331,47.93376],[-118.27331,47.93349],[-118.27492,47.93349],[-118.27492,47.93322],[-118.27532,47.93322],[-118.27532,47.93268],[-118.27572,47.93268],[-118.27572,47.93214],[-118.27653,47.93214],[-118.27653,47.93187],[-118.27813,47.9316],[-118.27813,47.93052],[-118.27773,47.93052],[-118.27773,47.92971],[-118.27854,47.92944],[-118.27854,47.92917],[-118.27974,47.92917],[-118.27974,47.9289],[-118.28095,47.9289],[-118.28095,47.92864],[-118.28256,47.92864],[-118.28256,47.92837],[-118.28336,47.92837],[-118.28336,47.9281],[-118.28376,47.9281],[-118.28376,47.92675],[-118.28457,47.92648],[-118.28457,47.92621],[-118.28577,47.92621],[-118.28577,47.92594],[-118.28658,47.92594],[-118.28658,47.92513],[-118.28618,47.92513],[-118.28618,47.92271],[-118.28658,47.92271],[-118.28658,47.92217],[-118.28698,47.92217],[-118.28698,47.92163],[-118.28738,47.92163],[-118.28738,47.92109],[-118.28819,47.92109],[-118.28819,47.92082],[-118.2898,47.92082],[-118.2898,47.92109],[-118.29181,47.92109],[-118.29181,47.92136],[-118.29221,47.92136],[-118.29221,47.92163],[-118.29301,47.92163],[-118.29301,47.92136],[-118.29382,47.92136],[-118.29382,47.92109],[-118.29462,47.92109],[-118.29462,47.92082],[-118.29583,47.92082],[-118.29583,47.92055],[-118.29663,47.92055],[-118.29663,47.92028],[-118.29784,47.92028],[-118.29784,47.92001],[-118.29824,47.92001],[-118.29824,47.91974],[-118.29905,47.91974],[-118.29905,47.91947],[-118.29945,47.91947],[-118.29945,47.9192],[-118.30025,47.91893],[-118.30025,47.91866],[-118.30065,47.91866],[-118.30065,47.91813],[-118.30106,47.91813],[-118.30106,47.91786],[-118.30186,47.91759],[-118.30186,47.91705],[-118.30226,47.91705],[-118.30226,47.91678],[-118.30307,47.91678],[-118.30307,47.91651],[-118.30387,47.91651],[-118.30387,47.91624],[-118.30468,47.91624],[-118.30468,47.91597],[-118.30548,47.91597],[-118.30548,47.9157],[-118.30588,47.9157],[-118.30588,47.91543],[-118.30669,47.91543],[-118.30669,47.91435],[-118.30709,47.91435],[-118.30709,47.91408],[-118.30789,47.91408],[-118.30789,47.91381],[-118.3087,47.91381],[-118.3087,47.91354],[-118.3091,47.91354],[-118.3091,47.913],[-118.3099,47.91274],[-118.3099,47.91247],[-118.31071,47.91247],[-118.31071,47.9122],[-118.31151,47.9122],[-118.31151,47.91193],[-118.31312,47.91166],[-118.31312,47.91139],[-118.31433,47.91139],[-118.31433,47.91112],[-118.31513,47.91112],[-118.31513,47.91085],[-118.31553,47.91085],[-118.31553,47.91058],[-118.31714,47.91031],[-118.31714,47.91004],[-118.31795,47.90977],[-118.31795,47.9095],[-118.31835,47.9095],[-118.31835,47.90923],[-118.31875,47.90923],[-118.31875,47.90842],[-118.31835,47.90842],[-118.31835,47.90761],[-118.31915,47.90761],[-118.31915,47.90735],[-118.32197,47.90735],[-118.32197,47.90708],[-118.32438,47.90708],[-118.32438,47.90681],[-118.32599,47.90681],[-118.32599,47.90654],[-118.32719,47.90654],[-118.32719,47.90627],[-118.328,47.90627],[-118.328,47.906],[-118.32921,47.906],[-118.32921,47.90573],[-118.32961,47.90573],[-118.32961,47.90546],[-118.33081,47.90546],[-118.33081,47.90519],[-118.33242,47.90519],[-118.33242,47.90546],[-118.33282,47.90546],[-118.33282,47.90573],[-118.33363,47.90573],[-118.33363,47.906],[-118.33443,47.90627],[-118.33443,47.90681],[-118.33484,47.90681],[-118.33484,47.90654],[-118.33564,47.90654],[-118.33564,47.90681],[-118.33604,47.90681],[-118.33604,47.90735],[-118.33685,47.90761],[-118.33685,47.90815],[-118.33725,47.90815],[-118.33725,47.90896],[-118.33765,47.90896],[-118.33765,47.90977],[-118.33725,47.90977],[-118.33725,47.91058],[-118.33685,47.91058],[-118.33685,47.91112],[-118.33644,47.91112],[-118.33644,47.91166],[-118.33564,47.91193],[-118.33564,47.9122],[-118.33524,47.9122],[-118.33524,47.91247],[-118.33484,47.91247],[-118.33484,47.91274],[-118.33403,47.913],[-118.33403,47.91327],[-118.33363,47.91327],[-118.33363,47.91381],[-118.33323,47.91381],[-118.33323,47.91489],[-118.33242,47.91489],[-118.33242,47.91516],[-118.33202,47.91516],[-118.33202,47.91543],[-118.33162,47.91543],[-118.33162,47.9157],[-118.33122,47.9157],[-118.33122,47.91597],[-118.33081,47.91597],[-118.33081,47.91624],[-118.33041,47.91624],[-118.33041,47.91678],[-118.33001,47.91678],[-118.33001,47.91705],[-118.32961,47.91705],[-118.32961,47.91732],[-118.32921,47.91732],[-118.32921,47.91759],[-118.3284,47.91786],[-118.3284,47.91839],[-118.328,47.91839],[-118.328,47.91866],[-118.32719,47.91893],[-118.32719,47.9192],[-118.32679,47.9192],[-118.32679,47.91947],[-118.32599,47.91947],[-118.32599,47.92001],[-118.32639,47.92001],[-118.32639,47.91974],[-118.32719,47.92001],[-118.32719,47.91947],[-118.3276,47.91947],[-118.3276,47.92028],[-118.3284,47.92028],[-118.3284,47.92055],[-118.328,47.92055],[-118.328,47.92082],[-118.3284,47.92082],[-118.3284,47.92109],[-118.328,47.92109],[-118.328,47.9219],[-118.3276,47.9219],[-118.3276,47.92217],[-118.328,47.92217],[-118.328,47.92271],[-118.3276,47.92271],[-118.3276,47.92405],[-118.328,47.92405],[-118.328,47.92459],[-118.3284,47.92459],[-118.3284,47.9254],[-118.328,47.9254],[-118.328,47.92567],[-118.3276,47.92567],[-118.3276,47.92594],[-118.32679,47.92594],[-118.32679,47.92621],[-118.32639,47.92621],[-118.32639,47.92648],[-118.32599,47.92648],[-118.32599,47.92675],[-118.32518,47.92675],[-118.32518,47.92729],[-118.32478,47.92729],[-118.32478,47.92783],[-118.32559,47.9281],[-118.32559,47.92837],[-118.32518,47.92837],[-118.32518,47.9289],[-118.32599,47.9289],[-118.32599,47.92971],[-118.32559,47.92971],[-118.32559,47.92917],[-118.32438,47.92917],[-118.32438,47.93052],[-118.32518,47.93052],[-118.32518,47.93133],[-118.32478,47.93133],[-118.32478,47.9316],[-118.32438,47.9316],[-118.32438,47.93133],[-118.32317,47.93133],[-118.32317,47.9316],[-118.32277,47.9316],[-118.32277,47.93187],[-118.32197,47.93214],[-118.32197,47.93322],[-118.32438,47.93322],[-118.32438,47.93349],[-118.32398,47.93349],[-118.32398,47.93376],[-118.32599,47.93376],[-118.32599,47.93403],[-118.32559,47.93403],[-118.32559,47.93483],[-118.32599,47.93483],[-118.32599,47.9351],[-118.32559,47.9351],[-118.32559,47.93537],[-118.32599,47.93537],[-118.32599,47.93564],[-118.32518,47.93564],[-118.32518,47.93618],[-118.32478,47.93618],[-118.32478,47.93645],[-118.32518,47.93645],[-118.32518,47.93672],[-118.32478,47.93672],[-118.32478,47.93699],[-118.32518,47.93699],[-118.32518,47.93726],[-118.32478,47.93726],[-118.32478,47.93753],[-118.32518,47.93753],[-118.32518,47.9378],[-118.32478,47.9378],[-118.32478,47.93807],[-118.32559,47.93807],[-118.32559,47.93834],[-118.32478,47.93834],[-118.32478,47.93861],[-118.32599,47.93861],[-118.32599,47.93888],[-118.32518,47.93888],[-118.32518,47.93915],[-118.32559,47.93915],[-118.32559,47.93942],[-118.32518,47.93942],[-118.32518,47.93968],[-118.32599,47.93968],[-118.32599,47.93995],[-118.32559,47.93995],[-118.32559,47.94049],[-118.32478,47.94049],[-118.32478,47.94076],[-118.32438,47.94076],[-118.32438,47.94103],[-118.32398,47.94103],[-118.32398,47.94157],[-118.32358,47.94157],[-118.32358,47.94211],[-118.32277,47.94211],[-118.32277,47.94238],[-118.32157,47.94238],[-118.32157,47.94211],[-118.32116,47.94211],[-118.32116,47.94184],[-118.32036,47.94184],[-118.32036,47.94238],[-118.32116,47.94238],[-118.32116,47.94265],[-118.32197,47.94292],[-118.32197,47.94319],[-118.32277,47.94319],[-118.32277,47.94481],[-118.32197,47.94481],[-118.32197,47.94507],[-118.32277,47.94507],[-118.32277,47.94534],[-118.32197,47.94534],[-118.32197,47.94588],[-118.32157,47.94588],[-118.32157,47.94615],[-118.32197,47.94615],[-118.32197,47.94642],[-118.32116,47.94669],[-118.32116,47.94561],[-118.32076,47.94561],[-118.32076,47.94454],[-118.31996,47.94427],[-118.31996,47.94373],[-118.31915,47.94346],[-118.31915,47.94319],[-118.31875,47.94319],[-118.31875,47.94292],[-118.31835,47.94292],[-118.31835,47.9413],[-118.31875,47.9413],[-118.31875,47.94103],[-118.31795,47.94103],[-118.31795,47.94049],[-118.31754,47.94049],[-118.31754,47.93942],[-118.31714,47.93942],[-118.31714,47.93888],[-118.31754,47.93888],[-118.31754,47.9378],[-118.31714,47.9378],[-118.31714,47.93834],[-118.31634,47.93834],[-118.31634,47.93888],[-118.31674,47.93888],[-118.31674,47.93942],[-118.31634,47.93942],[-118.31634,47.94103],[-118.31594,47.94103],[-118.31594,47.94157],[-118.31634,47.94157],[-118.31634,47.94211],[-118.31594,47.94211],[-118.31594,47.94292],[-118.31634,47.94292],[-118.31634,47.94373],[-118.31594,47.94373],[-118.31594,47.944],[-118.31634,47.944],[-118.31634,47.94481],[-118.31594,47.94481],[-118.31594,47.94615],[-118.31553,47.94615],[-118.31553,47.94723],[-118.31513,47.94723],[-118.31513,47.94804],[-118.31473,47.94804],[-118.31473,47.94858],[-118.31433,47.94858],[-118.31433,47.94939],[-118.31392,47.94939],[-118.31392,47.95019],[-118.31312,47.95046],[-118.31312,47.951],[-118.31272,47.951],[-118.31272,47.95181],[-118.31232,47.95181],[-118.31232,47.95235],[-118.31191,47.95235],[-118.31191,47.95289],[-118.31111,47.95316],[-118.31111,47.9537],[-118.31071,47.9537],[-118.31071,47.95424],[-118.31031,47.95424],[-118.31031,47.95451],[-118.3095,47.95451],[-118.3095,47.95478],[-118.3091,47.95478],[-118.3091,47.95451],[-118.30789,47.95451],[-118.30789,47.95424],[-118.30829,47.95424],[-118.30829,47.9537],[-118.3087,47.9537],[-118.3087,47.95343],[-118.30789,47.95343],[-118.30789,47.95316],[-118.30749,47.95316],[-118.30749,47.95343],[-118.30709,47.95343],[-118.30709,47.9537],[-118.30669,47.9537],[-118.30669,47.95343],[-118.30226,47.95343],[-118.30226,47.9537],[-118.30146,47.9537],[-118.30146,47.95424],[-118.30106,47.95424],[-118.30106,47.95397],[-118.30065,47.95397],[-118.30065,47.95424],[-118.30025,47.95424],[-118.30025,47.95397],[-118.29945,47.95424],[-118.29945,47.95397],[-118.29824,47.95397],[-118.29824,47.9537],[-118.29784,47.9537],[-118.29784,47.95451],[-118.29703,47.95478],[-118.29703,47.95505],[-118.29623,47.95505],[-118.29623,47.95478],[-118.29583,47.95478],[-118.29583,47.95451],[-118.29462,47.95451],[-118.29462,47.95424],[-118.29342,47.95424],[-118.29342,47.95451],[-118.29301,47.95451],[-118.29301,47.95478],[-118.291,47.95478],[-118.291,47.95505],[-118.2906,47.95505],[-118.2906,47.95532],[-118.2898,47.95532],[-118.2898,47.95558],[-118.291,47.95558],[-118.291,47.95532],[-118.29301,47.95532],[-118.29301,47.95558],[-118.29342,47.95558],[-118.29342,47.95585],[-118.29261,47.95585],[-118.29261,47.95612],[-118.2914,47.95612],[-118.2914,47.95585],[-118.291,47.95585],[-118.291,47.95612],[-118.2906,47.95612],[-118.2906,47.95639],[-118.2898,47.95639],[-118.2898,47.95666],[-118.28859,47.95666],[-118.28859,47.95693],[-118.28698,47.95693],[-118.28698,47.9572],[-118.28577,47.9572],[-118.28577,47.95693],[-118.28497,47.95693],[-118.28497,47.95666],[-118.28457,47.95666],[-118.28457,47.95639],[-118.28417,47.95639],[-118.28417,47.95612],[-118.28497,47.95612],[-118.28497,47.95585],[-118.28336,47.95585],[-118.28336,47.95612],[-118.28296,47.95612],[-118.28296,47.95639],[-118.28216,47.95639],[-118.28216,47.95693],[-118.28135,47.9572],[-118.28135,47.95747],[-118.28095,47.95747],[-118.28095,47.95801],[-118.28014,47.95828],[-118.28014,47.95882],[-118.27974,47.95882],[-118.27974,47.95936],[-118.27934,47.95936],[-118.27934,47.96017],[-118.27894,47.96017],[-118.27894,47.96044],[-118.27854,47.96044],[-118.27854,47.96071],[-118.27773,47.96071],[-118.27773,47.96097],[-118.27693,47.96124],[-118.27693,47.96151],[-118.27733,47.96151],[-118.27733,47.96232],[-118.27693,47.96232],[-118.27693,47.96259],[-118.27572,47.96259],[-118.27572,47.96394],[-118.27492,47.96421],[-118.27492,47.96448],[-118.27452,47.96448],[-118.27452,47.96475],[-118.27411,47.96475],[-118.27411,47.96448],[-118.27371,47.96448],[-118.27371,47.96421],[-118.27331,47.96421],[-118.27331,47.96394],[-118.27371,47.96394],[-118.27371,47.96367],[-118.2721,47.96367],[-118.2721,47.96394],[-118.27291,47.96394],[-118.27291,47.96421],[-118.27049,47.96421],[-118.27049,47.9634],[-118.26969,47.9634],[-118.26969,47.96367],[-118.26889,47.96367],[-118.26889,47.96421]],[[-118.24958,47.9661],[-118.24958,47.96583],[-118.24918,47.96583],[-118.24918,47.9661],[-118.24958,47.9661]],[[-118.24355,47.94723],[-118.24395,47.94723],[-118.24395,47.94696],[-118.24355,47.94696],[-118.24355,47.94723]],[[-118.33484,47.90708],[-118.33524,47.90708],[-118.33524,47.90681],[-118.33484,47.90681],[-118.33484,47.90708]],[[-118.33685,47.90896],[-118.33685,47.90923],[-118.33725,47.90923],[-118.33725,47.90896],[-118.33685,47.90896]],[[-118.32116,47.93322],[-118.32116,47.93376],[-118.32197,47.93349],[-118.32197,47.93322],[-118.32116,47.93322]],[[-118.31915,47.94103],[-118.31915,47.94076],[-118.31875,47.94076],[-118.31875,47.94103],[-118.31915,47.94103]],[[-118.30829,47.95316],[-118.30829,47.95289],[-118.30789,47.95289],[-118.30789,47.95316],[-118.30829,47.95316]],[[-118.28939,47.95558],[-118.28939,47.95585],[-118.2898,47.95585],[-118.2898,47.95558],[-118.28939,47.95558]],[[-118.2725,47.9634],[-118.2725,47.96313],[-118.27049,47.96313],[-118.27049,47.9634],[-118.2725,47.9634]],[[-118.24476,47.96448],[-118.24476,47.96421],[-118.24435,47.96421],[-118.24435,47.96448],[-118.24476,47.96448]],[[-118.27371,47.96286],[-118.27291,47.96286],[-118.27291,47.96313],[-118.27371,47.96313],[-118.27371,47.96286]],[[-118.27411,47.96286],[-118.27411,47.96259],[-118.27371,47.96259],[-118.27371,47.96286],[-118.27411,47.96286]],[[-118.27452,47.96232],[-118.27532,47.96232],[-118.27532,47.96178],[-118.27492,47.96178],[-118.27492,47.96205],[-118.27452,47.96205],[-118.27452,47.96232]],[[-118.27572,47.96178],[-118.27572,47.96151],[-118.27532,47.96151],[-118.27532,47.96178],[-118.27572,47.96178]],[[-118.24395,47.96232],[-118.24395,47.96205],[-118.24355,47.96205],[-118.24355,47.96232],[-118.24395,47.96232]],[[-118.27049,47.96205],[-118.27049,47.96178],[-118.27009,47.96178],[-118.27009,47.96205],[-118.27049,47.96205]],[[-118.24315,47.96124],[-118.24315,47.96178],[-118.24435,47.96178],[-118.24435,47.96097],[-118.24275,47.96097],[-118.24275,47.96124],[-118.24315,47.96124]],[[-118.28256,47.95612],[-118.28256,47.95585],[-118.28216,47.95585],[-118.28216,47.95612],[-118.28256,47.95612]],[[-118.24275,47.95532],[-118.24275,47.95505],[-118.24234,47.95505],[-118.24234,47.95532],[-118.24275,47.95532]],[[-118.24074,47.95424],[-118.24074,47.95397],[-118.24033,47.95397],[-118.24033,47.95424],[-118.24074,47.95424]],[[-118.29824,47.95343],[-118.29824,47.95316],[-118.29744,47.95316],[-118.29744,47.95343],[-118.29824,47.95343]],[[-118.24596,47.95019],[-118.24596,47.94993],[-118.24556,47.94993],[-118.24556,47.95019],[-118.24596,47.95019]],[[-118.30669,47.94966],[-118.30669,47.94939],[-118.30628,47.94939],[-118.30628,47.94966],[-118.30669,47.94966]],[[-118.3099,47.94723],[-118.3099,47.94696],[-118.3095,47.94696],[-118.3095,47.94723],[-118.3099,47.94723]],[[-118.3087,47.94615],[-118.3087,47.94588],[-118.30829,47.94588],[-118.30829,47.94615],[-118.3087,47.94615]],[[-118.31191,47.94561],[-118.31191,47.94534],[-118.31151,47.94534],[-118.31151,47.94561],[-118.31191,47.94561]],[[-118.2524,47.94534],[-118.2524,47.94507],[-118.252,47.94507],[-118.252,47.94534],[-118.2524,47.94534]],[[-118.25401,47.944],[-118.25401,47.94373],[-118.2536,47.94373],[-118.2536,47.944],[-118.25401,47.944]],[[-118.32237,47.93915],[-118.32237,47.93888],[-118.32116,47.93888],[-118.32116,47.93915],[-118.32237,47.93915]],[[-118.31955,47.93483],[-118.31955,47.93429],[-118.31915,47.93429],[-118.31915,47.93456],[-118.31835,47.93456],[-118.31835,47.93483],[-118.31795,47.93483],[-118.31795,47.93591],[-118.31875,47.93591],[-118.31875,47.9351],[-118.31955,47.93483]],[[-118.32036,47.9351],[-118.32036,47.93537],[-118.32197,47.93537],[-118.32197,47.93483],[-118.32237,47.93483],[-118.32237,47.93403],[-118.32116,47.93403],[-118.32116,47.93456],[-118.32076,47.93456],[-118.32076,47.93483],[-118.32116,47.93483],[-118.32116,47.9351],[-118.32036,47.9351]],[[-118.32076,47.93429],[-118.32036,47.93429],[-118.32036,47.93456],[-118.32076,47.93456],[-118.32076,47.93429]]],[[[-118.32277,47.94588],[-118.32237,47.94588],[-118.32237,47.94561],[-118.32277,47.94561],[-118.32277,47.94588]]],[[[-118.27371,47.96475],[-118.27331,47.96475],[-118.27331,47.96448],[-118.27371,47.96448],[-118.27371,47.96475]]],[[[-118.27411,47.96502],[-118.27371,47.96502],[-118.27371,47.96475],[-118.27411,47.96475],[-118.27411,47.96502]]],[[[-118.23792,47.9475],[-118.23671,47.9475],[-118.23671,47.94723],[-118.23631,47.94723],[-118.23631,47.94696],[-118.23752,47.94696],[-118.23752,47.94669],[-118.23832,47.94669],[-118.23832,47.94696],[-118.24033,47.94696],[-118.24033,47.94723],[-118.24074,47.94723],[-118.24074,47.9475],[-118.24114,47.9475],[-118.24114,47.94804],[-118.23913,47.94804],[-118.23913,47.94777],[-118.23792,47.94777],[-118.23792,47.9475]]],[[[-118.24074,47.94966],[-118.24033,47.94966],[-118.24033,47.94939],[-118.24074,47.94939],[-118.24074,47.94966]]],[[[-118.23993,47.94966],[-118.23953,47.94966],[-118.23953,47.94939],[-118.23993,47.94939],[-118.23993,47.94966]]],[[[-118.24395,47.96151],[-118.24355,47.96151],[-118.24355,47.96124],[-118.24395,47.96124],[-118.24395,47.96151]]],[[[-118.27291,47.96475],[-118.2725,47.96475],[-118.2725,47.96448],[-118.27291,47.96448],[-118.27291,47.96475]]],[[[-118.24878,47.96636],[-118.24838,47.96636],[-118.24838,47.9661],[-118.24878,47.9661],[-118.24878,47.96636]]],[[[-118.26406,47.96852],[-118.26366,47.96852],[-118.26366,47.96825],[-118.26406,47.96825],[-118.26406,47.96852]]]]},"properties":{"layer":"predicted_reach_h12","fire_name":"Mitre_Rock","irwin_id":"{C11A3685-C035-4241-A17C-8076EE99619D}","model":"arrival_run","checkpoint_epoch":216,"decode":"connected_causal","operating_point":{"floor":0.0,"mult":0.9},"val_precision":null,"val_recall":null,"model_caveat":"arrival_run chosen for best RECALL among the six FlameFlux v3 candidates on the production-valid t0-window corpus (R=0.624 on the fc2 held-out fires, R=0.432 on Dillon -- see candidate_comparison.md from the 2026-07-24 comparison). It does NOT meet the project's P>=0.50/R>=0.80 target: precision is the WORST of the six (P=0.120 on fc2 -- most flagged growth is wrong), and wind_run actually edges it on F1. IMPORTANT CAVEAT: arrival_run trained on the leaky 'observed' corpus (crop centered/sized on t0|t1, i.e. it saw the future perimeter's geometry during training) and has NEVER seen a t0-window crop -- the ONLY geometry this live pipeline can ever produce at forecast time (the future perimeter is, by definition, unknown). So every live prediction from this model is out-of-distribution relative to its own training. The measured t0-window numbers above already reflect that (they are not a surprise), but this is 'best available', not 'production-ready' -- represent it that way. The operating_point (floor=0.0, mult=0.9) is the VAL-selected connected-causal decode point; it did NOT clear the 0.50 precision floor during selection (feasible=False, val P=0.270/R=0.259) -- it's the best-F1 fallback point, not a precision-guaranteed one.","issued_at_utc":"2026-08-05 10:59:55.016141+00:00","valid_from_utc":"2026-08-05 00:00:00","valid_to_utc":"2026-08-06 00:00:00","wfigs_date_current_utc":"2026-08-05 10:16:25+00:00","pixel_size_m":30,"veg_source":"refreshed_d4","physics_source":"eikonal_fbfm40","history_n_dates":4,"degraded_history":false,"containment_pct":0.0,"acres_wfigs":4439.297279101989,"hour":12,"valid_at_utc":"2026-08-05 12:00:00"}},{"type":"Feature","geometry":{"type":"MultiPolygon","coordinates":[[[[-118.3095,47.91004],[-118.3095,47.91031],[-118.3087,47.91031],[-118.3087,47.91085],[-118.30789,47.91085],[-118.30789,47.91166],[-118.30749,47.91166],[-118.30749,47.91247],[-118.30669,47.91274],[-118.30669,47.913],[-118.30588,47.91327],[-118.30588,47.91354],[-118.30508,47.91354],[-118.30508,47.91381],[-118.30427,47.91408],[-118.30427,47.91435],[-118.30387,47.91435],[-118.30387,47.91462],[-118.30347,47.91462],[-118.30347,47.91489],[-118.30307,47.91489],[-118.30307,47.91516],[-118.30266,47.91516],[-118.30266,47.91543],[-118.30146,47.91543],[-118.30146,47.9157],[-118.29985,47.9157],[-118.29985,47.91597],[-118.29703,47.91597],[-118.29703,47.91624],[-118.29623,47.91624],[-118.29623,47.91651],[-118.29502,47.91651],[-118.29502,47.91678],[-118.29342,47.91705],[-118.29342,47.91732],[-118.29301,47.91732],[-118.29301,47.91759],[-118.29261,47.91759],[-118.29261,47.91786],[-118.29221,47.91786],[-118.29221,47.91813],[-118.2914,47.91839],[-118.2914,47.91866],[-118.291,47.91866],[-118.291,47.91893],[-118.2902,47.91893],[-118.2902,47.9192],[-118.2898,47.9192],[-118.2898,47.91947],[-118.28939,47.91947],[-118.28939,47.91974],[-118.28779,47.92001],[-118.28779,47.92028],[-118.28738,47.92028],[-118.28738,47.92055],[-118.28577,47.92082],[-118.28577,47.92109],[-118.28537,47.92109],[-118.28537,47.92136],[-118.28417,47.92136],[-118.28417,47.92109],[-118.28336,47.92109],[-118.28336,47.9192],[-118.28376,47.9192],[-118.28376,47.91786],[-118.28417,47.91786],[-118.28417,47.91516],[-118.28457,47.91516],[-118.28457,47.91489],[-118.28497,47.91489],[-118.28497,47.91462],[-118.28698,47.91462],[-118.28698,47.91489],[-118.28779,47.91489],[-118.28779,47.91462],[-118.2902,47.91462],[-118.2902,47.91435],[-118.2906,47.91435],[-118.2906,47.91408],[-118.291,47.91408],[-118.291,47.91381],[-118.29181,47.91381],[-118.29181,47.91354],[-118.29221,47.91354],[-118.29221,47.91327],[-118.29422,47.91327],[-118.29422,47.91354],[-118.29462,47.91354],[-118.29462,47.91381],[-118.29623,47.91408],[-118.29623,47.91381],[-118.29663,47.91381],[-118.29663,47.91327],[-118.29623,47.91327],[-118.29623,47.91274],[-118.29583,47.91274],[-118.29583,47.91112],[-118.29623,47.91112],[-118.29623,47.91004],[-118.29663,47.91004],[-118.29663,47.90977],[-118.29905,47.90977],[-118.29905,47.91004],[-118.29985,47.91004],[-118.29985,47.90977],[-118.30025,47.90977],[-118.30025,47.9095],[-118.30106,47.9095],[-118.30106,47.90923],[-118.30146,47.90923],[-118.30146,47.90896],[-118.30548,47.90896],[-118.30548,47.9095],[-118.30628,47.90977],[-118.30628,47.91004],[-118.30709,47.91004],[-118.30709,47.91031],[-118.30749,47.91031],[-118.30749,47.91004],[-118.3095,47.91004]],[[-118.30749,47.91058],[-118.30789,47.91058],[-118.30789,47.91031],[-118.30749,47.91031],[-118.30749,47.91058]]],[[[-118.3276,47.93483],[-118.3276,47.9351],[-118.32719,47.9351],[-118.32719,47.93483],[-118.3276,47.93483]]],[[[-118.3276,47.93537],[-118.3276,47.93564],[-118.32719,47.93564],[-118.32719,47.93537],[-118.3276,47.93537]]],[[[-118.31594,47.94211],[-118.31594,47.94238],[-118.31634,47.94238],[-118.31634,47.94588],[-118.31594,47.94588],[-118.31594,47.94696],[-118.31553,47.94696],[-118.31553,47.9475],[-118.31513,47.9475],[-118.31513,47.94804],[-118.31473,47.94804],[-118.31473,47.94858],[-118.31433,47.94858],[-118.31433,47.94885],[-118.31473,47.94885],[-118.31473,47.94912],[-118.31392,47.94939],[-118.31392,47.95019],[-118.31352,47.95019],[-118.31352,47.95073],[-118.31312,47.95073],[-118.31312,47.95127],[-118.31272,47.95127],[-118.31272,47.95208],[-118.31191,47.95235],[-118.31191,47.95289],[-118.31151,47.95289],[-118.31151,47.9537],[-118.31111,47.9537],[-118.31111,47.95424],[-118.31031,47.95451],[-118.31031,47.95478],[-118.30709,47.95478],[-118.30709,47.95451],[-118.30669,47.95451],[-118.30669,47.95397],[-118.30628,47.95397],[-118.30628,47.9537],[-118.30508,47.9537],[-118.30508,47.95343],[-118.30427,47.9537],[-118.30427,47.95343],[-118.30387,47.95343],[-118.30387,47.9537],[-118.30347,47.9537],[-118.30347,47.95397],[-118.30226,47.95397],[-118.30226,47.95424],[-118.30186,47.95424],[-118.30186,47.95451],[-118.30146,47.95451],[-118.30146,47.95424],[-118.29864,47.95424],[-118.29864,47.95451],[-118.29824,47.95451],[-118.29824,47.95478],[-118.29744,47.95505],[-118.29744,47.95532],[-118.29864,47.95532],[-118.29864,47.95558],[-118.29905,47.95558],[-118.29905,47.95612],[-118.29663,47.95612],[-118.29663,47.95585],[-118.29382,47.95585],[-118.29382,47.95612],[-118.29261,47.95612],[-118.29261,47.95639],[-118.2902,47.95639],[-118.2902,47.95666],[-118.28939,47.95666],[-118.28939,47.95693],[-118.28819,47.95693],[-118.28819,47.9572],[-118.28658,47.9572],[-118.28658,47.95747],[-118.28618,47.95747],[-118.28618,47.9572],[-118.28577,47.9572],[-118.28577,47.95747],[-118.28537,47.95747],[-118.28537,47.9572],[-118.28457,47.9572],[-118.28457,47.95666],[-118.28256,47.95666],[-118.28256,47.95693],[-118.28216,47.95693],[-118.28216,47.9572],[-118.28175,47.9572],[-118.28175,47.95747],[-118.28095,47.95774],[-118.28095,47.95828],[-118.28055,47.95828],[-118.28055,47.95882],[-118.28014,47.95882],[-118.28014,47.95936],[-118.27974,47.95936],[-118.27974,47.95963],[-118.28014,47.95963],[-118.28014,47.96044],[-118.28055,47.96044],[-118.28055,47.96097],[-118.28014,47.96097],[-118.28014,47.96124],[-118.27934,47.96124],[-118.27934,47.96178],[-118.27773,47.96205],[-118.27773,47.96259],[-118.27693,47.96286],[-118.27693,47.9634],[-118.27612,47.96367],[-118.27612,47.96421],[-118.27532,47.96448],[-118.27532,47.96502],[-118.27492,47.96502],[-118.27492,47.96529],[-118.27452,47.96529],[-118.27452,47.96556],[-118.27371,47.96556],[-118.27371,47.96529],[-118.2725,47.96529],[-118.2725,47.96502],[-118.2713,47.96502],[-118.2713,47.96475],[-118.2709,47.96475],[-118.2709,47.96448],[-118.27009,47.96448],[-118.27009,47.96421],[-118.26969,47.96421],[-118.26969,47.96475],[-118.26889,47.96448],[-118.26889,47.96663],[-118.26848,47.96663],[-118.26848,47.96717],[-118.26808,47.96717],[-118.26808,47.96744],[-118.26728,47.96771],[-118.26728,47.96798],[-118.26647,47.96798],[-118.26647,47.96879],[-118.26607,47.96879],[-118.26607,47.96906],[-118.26527,47.96906],[-118.26527,47.96933],[-118.26406,47.96933],[-118.26406,47.9696],[-118.26285,47.9696],[-118.26285,47.96987],[-118.26245,47.96987],[-118.26245,47.97014],[-118.26205,47.97014],[-118.26205,47.97041],[-118.26124,47.97041],[-118.26124,47.97068],[-118.26044,47.97068],[-118.26044,47.97041],[-118.25843,47.97041],[-118.25843,47.97014],[-118.25803,47.97014],[-118.25803,47.97041],[-118.25763,47.97041],[-118.25763,47.97014],[-118.25561,47.97014],[-118.25561,47.97041],[-118.25441,47.97041],[-118.25441,47.97068],[-118.25401,47.97068],[-118.25401,47.97095],[-118.2536,47.97095],[-118.2536,47.97068],[-118.2528,47.97068],[-118.2528,47.97014],[-118.25079,47.97014],[-118.25079,47.96987],[-118.24998,47.96987],[-118.24998,47.97014],[-118.24958,47.97014],[-118.24958,47.97041],[-118.24918,47.97041],[-118.24918,47.97068],[-118.24757,47.97068],[-118.24757,47.97041],[-118.24717,47.97041],[-118.24717,47.97014],[-118.24677,47.97014],[-118.24677,47.96987],[-118.24596,47.9696],[-118.24596,47.96879],[-118.24637,47.96879],[-118.24637,47.96852],[-118.24596,47.96852],[-118.24596,47.96825],[-118.24637,47.96825],[-118.24637,47.96798],[-118.24596,47.96798],[-118.24596,47.96744],[-118.24556,47.96744],[-118.24556,47.9669],[-118.24516,47.9669],[-118.24516,47.96636],[-118.24476,47.96636],[-118.24476,47.96583],[-118.24435,47.96583],[-118.24435,47.96556],[-118.24395,47.96556],[-118.24395,47.96529],[-118.24355,47.96529],[-118.24355,47.96502],[-118.24315,47.96502],[-118.24315,47.96475],[-118.24275,47.96475],[-118.24275,47.96448],[-118.24194,47.96421],[-118.24194,47.96394],[-118.24234,47.96394],[-118.24234,47.96367],[-118.24194,47.96367],[-118.24194,47.96313],[-118.24154,47.96313],[-118.24154,47.96259],[-118.24074,47.96232],[-118.24074,47.96205],[-118.23993,47.96205],[-118.23993,47.96044],[-118.23913,47.96017],[-118.23913,47.95936],[-118.23872,47.95936],[-118.23872,47.95909],[-118.23913,47.95909],[-118.23913,47.9572],[-118.23872,47.9572],[-118.23872,47.95693],[-118.23913,47.95693],[-118.23913,47.95666],[-118.23872,47.95666],[-118.23872,47.95639],[-118.23913,47.95639],[-118.23913,47.95612],[-118.23872,47.95612],[-118.23872,47.95585],[-118.23913,47.95585],[-118.23913,47.95558],[-118.23872,47.95558],[-118.23872,47.95505],[-118.23832,47.95505],[-118.23832,47.95262],[-118.23953,47.95262],[-118.23953,47.95235],[-118.23832,47.95235],[-118.23832,47.95181],[-118.23792,47.95181],[-118.23792,47.95154],[-118.23832,47.95154],[-118.23832,47.951],[-118.23913,47.951],[-118.23913,47.95073],[-118.23832,47.95073],[-118.23832,47.94993],[-118.23913,47.94993],[-118.23913,47.94912],[-118.24033,47.94912],[-118.24033,47.94885],[-118.24074,47.94885],[-118.24074,47.94858],[-118.23913,47.94858],[-118.23913,47.94831],[-118.23953,47.94831],[-118.23953,47.94804],[-118.23832,47.94804],[-118.23832,47.94777],[-118.23712,47.94777],[-118.23712,47.9475],[-118.23591,47.9475],[-118.23591,47.94696],[-118.23712,47.94696],[-118.23712,47.94669],[-118.23872,47.94669],[-118.23872,47.94696],[-118.24074,47.94696],[-118.24074,47.94723],[-118.24114,47.94723],[-118.24114,47.9475],[-118.24154,47.9475],[-118.24154,47.94777],[-118.24194,47.94777],[-118.24194,47.94831],[-118.24275,47.94831],[-118.24275,47.94804],[-118.24234,47.94804],[-118.24234,47.9475],[-118.24275,47.9475],[-118.24275,47.94723],[-118.24315,47.94723],[-118.24315,47.94669],[-118.24395,47.94669],[-118.24395,47.94642],[-118.24435,47.94642],[-118.24435,47.94615],[-118.24918,47.94642],[-118.24918,47.94615],[-118.24958,47.94615],[-118.24958,47.94561],[-118.24998,47.94561],[-118.24998,47.94507],[-118.25079,47.94481],[-118.25079,47.94454],[-118.25119,47.94454],[-118.25119,47.94427],[-118.2524,47.94427],[-118.2524,47.944],[-118.2528,47.944],[-118.2528,47.94346],[-118.2536,47.94346],[-118.2536,47.94319],[-118.25401,47.94319],[-118.25401,47.94292],[-118.25521,47.94292],[-118.25521,47.94238],[-118.25561,47.94238],[-118.25561,47.94184],[-118.25602,47.94184],[-118.25602,47.9413],[-118.25642,47.9413],[-118.25642,47.94076],[-118.25722,47.94049],[-118.25722,47.93995],[-118.25803,47.93968],[-118.25803,47.93915],[-118.25843,47.93915],[-118.25843,47.93888],[-118.25883,47.93888],[-118.25883,47.93861],[-118.25923,47.93861],[-118.25923,47.93807],[-118.26004,47.9378],[-118.26004,47.93726],[-118.26044,47.93726],[-118.26044,47.93672],[-118.26084,47.93672],[-118.26084,47.93564],[-118.26165,47.93537],[-118.26165,47.9351],[-118.26285,47.9351],[-118.26285,47.93483],[-118.26567,47.93483],[-118.26567,47.9351],[-118.26768,47.9351],[-118.26768,47.93483],[-118.26808,47.93483],[-118.26808,47.93456],[-118.26848,47.93456],[-118.26848,47.93429],[-118.2721,47.93429],[-118.2721,47.93403],[-118.2725,47.93403],[-118.2725,47.93376],[-118.27291,47.93376],[-118.27291,47.93349],[-118.27492,47.93349],[-118.27492,47.93322],[-118.27532,47.93322],[-118.27532,47.93268],[-118.27572,47.93268],[-118.27572,47.93214],[-118.27612,47.93214],[-118.27612,47.93187],[-118.27733,47.93187],[-118.27733,47.9316],[-118.27813,47.93133],[-118.27813,47.93079],[-118.27773,47.93079],[-118.27773,47.92971],[-118.27813,47.92971],[-118.27813,47.92944],[-118.27854,47.92944],[-118.27854,47.92917],[-118.27974,47.92917],[-118.27974,47.9289],[-118.28095,47.9289],[-118.28095,47.92864],[-118.28216,47.92864],[-118.28216,47.92837],[-118.28336,47.92837],[-118.28336,47.9281],[-118.28376,47.9281],[-118.28376,47.92675],[-118.28457,47.92648],[-118.28457,47.92621],[-118.28577,47.92621],[-118.28577,47.92594],[-118.28658,47.92567],[-118.28658,47.92513],[-118.28618,47.92513],[-118.28618,47.92271],[-118.28658,47.92271],[-118.28658,47.92217],[-118.28698,47.92217],[-118.28698,47.92163],[-118.28738,47.92163],[-118.28738,47.92109],[-118.28779,47.92109],[-118.28779,47.92082],[-118.29181,47.92109],[-118.29181,47.92136],[-118.29261,47.92136],[-118.29261,47.92163],[-118.29301,47.92163],[-118.29301,47.92136],[-118.29382,47.92136],[-118.29382,47.92109],[-118.29543,47.92082],[-118.29543,47.92055],[-118.29784,47.92028],[-118.29784,47.92001],[-118.29824,47.92001],[-118.29824,47.91974],[-118.29905,47.91974],[-118.29905,47.91947],[-118.29945,47.91947],[-118.29945,47.9192],[-118.30025,47.91893],[-118.30025,47.91866],[-118.30065,47.91866],[-118.30065,47.91813],[-118.30146,47.91786],[-118.30146,47.91732],[-118.30226,47.91705],[-118.30226,47.91678],[-118.30307,47.91678],[-118.30307,47.91651],[-118.30387,47.91651],[-118.30387,47.91624],[-118.30468,47.91624],[-118.30468,47.91597],[-118.30548,47.91597],[-118.30548,47.9157],[-118.30588,47.9157],[-118.30588,47.91543],[-118.30669,47.91516],[-118.30669,47.91489],[-118.30628,47.91489],[-118.30628,47.91462],[-118.30709,47.91435],[-118.30709,47.91408],[-118.30789,47.91408],[-118.30789,47.91381],[-118.3087,47.91381],[-118.3087,47.91354],[-118.3091,47.91354],[-118.3091,47.913],[-118.3099,47.91274],[-118.3099,47.91247],[-118.31031,47.91247],[-118.31031,47.9122],[-118.31151,47.9122],[-118.31151,47.91193],[-118.31191,47.91193],[-118.31191,47.91166],[-118.31433,47.91139],[-118.31433,47.91112],[-118.31513,47.91112],[-118.31513,47.91085],[-118.31553,47.91085],[-118.31553,47.91058],[-118.31714,47.91031],[-118.31714,47.91004],[-118.31754,47.91004],[-118.31754,47.90977],[-118.31835,47.9095],[-118.31835,47.90896],[-118.31875,47.90896],[-118.31875,47.90842],[-118.31835,47.90842],[-118.31835,47.90761],[-118.31915,47.90761],[-118.31915,47.90735],[-118.32157,47.90735],[-118.32157,47.90708],[-118.32438,47.90708],[-118.32438,47.90681],[-118.32559,47.90681],[-118.32559,47.90654],[-118.328,47.90627],[-118.328,47.906],[-118.3288,47.906],[-118.3288,47.90573],[-118.32961,47.90573],[-118.32961,47.90546],[-118.33081,47.90546],[-118.33081,47.90519],[-118.33242,47.90519],[-118.33242,47.90546],[-118.33282,47.90546],[-118.33282,47.90573],[-118.33363,47.90573],[-118.33363,47.906],[-118.33403,47.906],[-118.33403,47.90627],[-118.33564,47.90627],[-118.33564,47.90654],[-118.33604,47.90654],[-118.33604,47.90708],[-118.33644,47.90708],[-118.33644,47.90761],[-118.33685,47.90761],[-118.33685,47.90788],[-118.33725,47.90788],[-118.33725,47.90842],[-118.33765,47.90842],[-118.33765,47.91004],[-118.33725,47.91004],[-118.33725,47.91058],[-118.33685,47.91058],[-118.33685,47.91112],[-118.33644,47.91112],[-118.33644,47.91166],[-118.33564,47.91193],[-118.33564,47.9122],[-118.33524,47.9122],[-118.33524,47.91247],[-118.33484,47.91247],[-118.33484,47.91274],[-118.33403,47.913],[-118.33403,47.91327],[-118.33363,47.91327],[-118.33363,47.91408],[-118.33403,47.91408],[-118.33403,47.91381],[-118.33443,47.91381],[-118.33443,47.91354],[-118.33484,47.91354],[-118.33484,47.913],[-118.33524,47.913],[-118.33524,47.91274],[-118.33564,47.91274],[-118.33564,47.91247],[-118.33604,47.91247],[-118.33604,47.9122],[-118.33644,47.9122],[-118.33644,47.91193],[-118.33685,47.91193],[-118.33685,47.91247],[-118.33604,47.91274],[-118.33604,47.91327],[-118.33564,47.91327],[-118.33564,47.91354],[-118.33524,47.91354],[-118.33524,47.91408],[-118.33484,47.91408],[-118.33484,47.91489],[-118.33443,47.91489],[-118.33443,47.91624],[-118.33403,47.91624],[-118.33403,47.91651],[-118.33323,47.91651],[-118.33323,47.91597],[-118.33282,47.91597],[-118.33282,47.91543],[-118.33242,47.91543],[-118.33242,47.9157],[-118.33162,47.91543],[-118.33162,47.9157],[-118.33081,47.91597],[-118.33081,47.91651],[-118.33041,47.91651],[-118.33041,47.91678],[-118.33001,47.91678],[-118.33001,47.91705],[-118.32921,47.91732],[-118.32921,47.91893],[-118.3288,47.91893],[-118.3288,47.91813],[-118.3284,47.91813],[-118.3284,47.91866],[-118.3276,47.91866],[-118.3276,47.9192],[-118.32921,47.9192],[-118.32921,47.91947],[-118.3288,47.91947],[-118.3288,47.91974],[-118.32921,47.91974],[-118.32921,47.92001],[-118.3288,47.92001],[-118.3288,47.92028],[-118.32921,47.92028],[-118.32921,47.92055],[-118.3288,47.92055],[-118.3288,47.92082],[-118.32921,47.92082],[-118.32921,47.92109],[-118.3288,47.92109],[-118.3288,47.92217],[-118.3284,47.92217],[-118.3284,47.92271],[-118.3276,47.92298],[-118.3276,47.92325],[-118.328,47.92325],[-118.328,47.92432],[-118.3284,47.92432],[-118.3284,47.9254],[-118.328,47.9254],[-118.328,47.92567],[-118.3276,47.92567],[-118.3276,47.92594],[-118.32679,47.92594],[-118.32679,47.92621],[-118.32639,47.92621],[-118.32639,47.92648],[-118.32599,47.92648],[-118.32599,47.92675],[-118.32518,47.92675],[-118.32518,47.92729],[-118.32599,47.92702],[-118.32599,47.92837],[-118.32639,47.92837],[-118.32639,47.9289],[-118.32679,47.9289],[-118.32679,47.93025],[-118.32639,47.93025],[-118.32639,47.93052],[-118.32599,47.93052],[-118.32599,47.93106],[-118.32559,47.93106],[-118.32559,47.93268],[-118.32599,47.93268],[-118.32599,47.93376],[-118.32679,47.93376],[-118.32679,47.93403],[-118.32599,47.93403],[-118.32599,47.93429],[-118.32679,47.93429],[-118.32679,47.93456],[-118.32639,47.93456],[-118.32639,47.93483],[-118.32679,47.93483],[-118.32679,47.93618],[-118.32639,47.93618],[-118.32639,47.93672],[-118.32599,47.93672],[-118.32599,47.93807],[-118.32679,47.93807],[-118.32679,47.93834],[-118.32639,47.93834],[-118.32639,47.93861],[-118.32679,47.93861],[-118.32679,47.93995],[-118.32639,47.93995],[-118.32639,47.94022],[-118.32599,47.94022],[-118.32599,47.94049],[-118.32518,47.94049],[-118.32518,47.94076],[-118.32478,47.94076],[-118.32478,47.94103],[-118.32438,47.94103],[-118.32438,47.9413],[-118.32398,47.9413],[-118.32398,47.94184],[-118.32317,47.94211],[-118.32317,47.94238],[-118.32277,47.94238],[-118.32277,47.94265],[-118.32237,47.94265],[-118.32237,47.94292],[-118.32277,47.94292],[-118.32277,47.94319],[-118.32358,47.94319],[-118.32358,47.94373],[-118.32317,47.94373],[-118.32317,47.944],[-118.32358,47.944],[-118.32358,47.94481],[-118.32317,47.94481],[-118.32317,47.94507],[-118.32358,47.94507],[-118.32358,47.94534],[-118.32317,47.94534],[-118.32317,47.94561],[-118.32358,47.94561],[-118.32358,47.94588],[-118.32317,47.94588],[-118.32317,47.94615],[-118.32358,47.94615],[-118.32358,47.94642],[-118.32317,47.94642],[-118.32317,47.94723],[-118.32237,47.9475],[-118.32237,47.94777],[-118.32116,47.94777],[-118.32116,47.94723],[-118.32076,47.94723],[-118.32076,47.94696],[-118.31996,47.94696],[-118.31996,47.94669],[-118.32036,47.94669],[-118.32036,47.94642],[-118.31996,47.94642],[-118.31996,47.94615],[-118.31955,47.94615],[-118.31955,47.94696],[-118.31915,47.94696],[-118.31915,47.94669],[-118.31875,47.94669],[-118.31875,47.94642],[-118.31835,47.94642],[-118.31835,47.94615],[-118.31915,47.94615],[-118.31915,47.94561],[-118.31955,47.94561],[-118.31955,47.94534],[-118.31875,47.94507],[-118.31875,47.94427],[-118.31835,47.94427],[-118.31835,47.944],[-118.31915,47.944],[-118.31915,47.94373],[-118.31795,47.94373],[-118.31795,47.94319],[-118.31754,47.94319],[-118.31754,47.94373],[-118.31714,47.94373],[-118.31714,47.94265],[-118.31754,47.94265],[-118.31754,47.94211],[-118.31674,47.94211],[-118.31674,47.94184],[-118.31795,47.94184],[-118.31795,47.94157],[-118.31634,47.94157],[-118.31634,47.94211],[-118.31594,47.94211]],[[-118.23993,47.96017],[-118.23993,47.9599],[-118.23953,47.9599],[-118.23953,47.96017],[-118.23993,47.96017]],[[-118.33323,47.91408],[-118.33323,47.91462],[-118.33363,47.91462],[-118.33363,47.91408],[-118.33323,47.91408]],[[-118.32076,47.94615],[-118.32076,47.94588],[-118.31996,47.94588],[-118.31996,47.94615],[-118.32076,47.94615]],[[-118.31754,47.94292],[-118.31795,47.94292],[-118.31795,47.94265],[-118.31754,47.94265],[-118.31754,47.94292]],[[-118.31835,47.94157],[-118.31835,47.94103],[-118.31754,47.94103],[-118.31754,47.94049],[-118.31714,47.94049],[-118.31714,47.9413],[-118.31795,47.9413],[-118.31795,47.94157],[-118.31835,47.94157]],[[-118.27773,47.96151],[-118.27813,47.96151],[-118.27813,47.96124],[-118.27773,47.96124],[-118.27773,47.96151]],[[-118.23953,47.95963],[-118.23993,47.95963],[-118.23993,47.95936],[-118.23953,47.95936],[-118.23953,47.95963]],[[-118.23953,47.95693],[-118.24074,47.95693],[-118.24074,47.95666],[-118.23953,47.95666],[-118.23953,47.95693]],[[-118.28336,47.95612],[-118.28376,47.95612],[-118.28376,47.95585],[-118.28336,47.95585],[-118.28336,47.95612]],[[-118.29583,47.95505],[-118.29543,47.95505],[-118.29543,47.95451],[-118.29342,47.95451],[-118.29342,47.95532],[-118.29422,47.95532],[-118.29422,47.95558],[-118.29502,47.95558],[-118.29502,47.95532],[-118.29583,47.95532],[-118.29583,47.95505]],[[-118.291,47.95532],[-118.2914,47.95532],[-118.2914,47.95505],[-118.291,47.95505],[-118.291,47.95532]],[[-118.24234,47.95532],[-118.24275,47.95532],[-118.24275,47.95505],[-118.24234,47.95505],[-118.24234,47.95532]],[[-118.23913,47.95532],[-118.23993,47.95532],[-118.23993,47.95505],[-118.23913,47.95505],[-118.23913,47.95532]],[[-118.23872,47.95478],[-118.23913,47.95478],[-118.23913,47.95451],[-118.23872,47.95451],[-118.23872,47.95478]],[[-118.23872,47.95208],[-118.23993,47.95208],[-118.23993,47.95181],[-118.23872,47.95181],[-118.23872,47.95208]],[[-118.23872,47.95154],[-118.23913,47.95154],[-118.23913,47.95127],[-118.23872,47.95127],[-118.23872,47.95154]],[[-118.23872,47.95046],[-118.23913,47.95046],[-118.23913,47.95019],[-118.23872,47.95019],[-118.23872,47.95046]],[[-118.24556,47.95019],[-118.24596,47.95019],[-118.24596,47.94993],[-118.24556,47.94993],[-118.24556,47.95019]],[[-118.24114,47.94993],[-118.24154,47.94993],[-118.24154,47.94966],[-118.24114,47.94966],[-118.24114,47.94993]],[[-118.30628,47.94966],[-118.30669,47.94966],[-118.30669,47.94939],[-118.30628,47.94939],[-118.30628,47.94966]],[[-118.24194,47.94885],[-118.24275,47.94885],[-118.24275,47.94858],[-118.24194,47.94858],[-118.24194,47.94885]],[[-118.3095,47.94723],[-118.3099,47.94723],[-118.3099,47.94696],[-118.3095,47.94696],[-118.3095,47.94723]],[[-118.30829,47.94615],[-118.3087,47.94615],[-118.3087,47.94588],[-118.30829,47.94588],[-118.30829,47.94615]],[[-118.31151,47.94561],[-118.31191,47.94561],[-118.31191,47.94534],[-118.31151,47.94534],[-118.31151,47.94561]],[[-118.252,47.94534],[-118.2524,47.94534],[-118.2524,47.94507],[-118.252,47.94507],[-118.252,47.94534]],[[-118.31996,47.94427],[-118.31955,47.94427],[-118.31955,47.94507],[-118.32036,47.94507],[-118.32036,47.94481],[-118.31996,47.94481],[-118.31996,47.94427]],[[-118.2536,47.944],[-118.25401,47.944],[-118.25401,47.94373],[-118.2536,47.94373],[-118.2536,47.944]],[[-118.32076,47.94238],[-118.32116,47.94238],[-118.32116,47.94211],[-118.32076,47.94211],[-118.32076,47.94238]],[[-118.31594,47.9413],[-118.31634,47.9413],[-118.31634,47.94103],[-118.31594,47.94103],[-118.31594,47.9413]],[[-118.31714,47.93995],[-118.31634,47.93995],[-118.31634,47.94049],[-118.31714,47.94022],[-118.31714,47.93995]],[[-118.31674,47.93968],[-118.31714,47.93968],[-118.31714,47.93942],[-118.31674,47.93942],[-118.31674,47.93968]],[[-118.31674,47.93861],[-118.31714,47.93861],[-118.31714,47.93834],[-118.31674,47.93834],[-118.31674,47.93861]],[[-118.31795,47.93564],[-118.31835,47.93564],[-118.31835,47.93483],[-118.31795,47.93483],[-118.31795,47.93564]],[[-118.32277,47.93268],[-118.32398,47.93268],[-118.32398,47.93241],[-118.32277,47.93241],[-118.32277,47.93268]],[[-118.32599,47.92998],[-118.32639,47.92998],[-118.32639,47.92971],[-118.32599,47.92971],[-118.32599,47.92998]],[[-118.32478,47.92998],[-118.32559,47.92998],[-118.32559,47.92971],[-118.32478,47.92971],[-118.32478,47.92998]],[[-118.33685,47.90923],[-118.33725,47.90923],[-118.33725,47.90896],[-118.33685,47.90896],[-118.33685,47.90923]],[[-118.33443,47.90681],[-118.33484,47.90681],[-118.33484,47.90654],[-118.33443,47.90654],[-118.33443,47.90681]]],[[[-118.31714,47.94561],[-118.31714,47.94588],[-118.31674,47.94588],[-118.31674,47.94561],[-118.31714,47.94561]]],[[[-118.31915,47.94696],[-118.31915,47.94723],[-118.31875,47.94723],[-118.31875,47.94696],[-118.31915,47.94696]]],[[[-118.2343,47.9475],[-118.2343,47.94777],[-118.2339,47.94777],[-118.2339,47.9475],[-118.2343,47.9475]]]]},"properties":{"layer":"predicted_reach_h13","fire_name":"Mitre_Rock","irwin_id":"{C11A3685-C035-4241-A17C-8076EE99619D}","model":"arrival_run","checkpoint_epoch":216,"decode":"connected_causal","operating_point":{"floor":0.0,"mult":0.9},"val_precision":null,"val_recall":null,"model_caveat":"arrival_run chosen for best RECALL among the six FlameFlux v3 candidates on the production-valid t0-window corpus (R=0.624 on the fc2 held-out fires, R=0.432 on Dillon -- see candidate_comparison.md from the 2026-07-24 comparison). It does NOT meet the project's P>=0.50/R>=0.80 target: precision is the WORST of the six (P=0.120 on fc2 -- most flagged growth is wrong), and wind_run actually edges it on F1. IMPORTANT CAVEAT: arrival_run trained on the leaky 'observed' corpus (crop centered/sized on t0|t1, i.e. it saw the future perimeter's geometry during training) and has NEVER seen a t0-window crop -- the ONLY geometry this live pipeline can ever produce at forecast time (the future perimeter is, by definition, unknown). So every live prediction from this model is out-of-distribution relative to its own training. The measured t0-window numbers above already reflect that (they are not a surprise), but this is 'best available', not 'production-ready' -- represent it that way. The operating_point (floor=0.0, mult=0.9) is the VAL-selected connected-causal decode point; it did NOT clear the 0.50 precision floor during selection (feasible=False, val P=0.270/R=0.259) -- it's the best-F1 fallback point, not a precision-guaranteed one.","issued_at_utc":"2026-08-05 10:59:55.016141+00:00","valid_from_utc":"2026-08-05 00:00:00","valid_to_utc":"2026-08-06 00:00:00","wfigs_date_current_utc":"2026-08-05 10:16:25+00:00","pixel_size_m":30,"veg_source":"refreshed_d4","physics_source":"eikonal_fbfm40","history_n_dates":4,"degraded_history":false,"containment_pct":0.0,"acres_wfigs":4439.297279101989,"hour":13,"valid_at_utc":"2026-08-05 13:00:00"}},{"type":"Feature","geometry":{"type":"MultiPolygon","coordinates":[[[[-118.33484,47.90465],[-118.33564,47.90492],[-118.33564,47.90546],[-118.33484,47.90519],[-118.33484,47.90465]]],[[[-118.31714,47.9475],[-118.31674,47.9475],[-118.31674,47.94723],[-118.31714,47.94723],[-118.31714,47.9475]]],[[[-118.31634,47.94993],[-118.31553,47.94993],[-118.31553,47.94966],[-118.31634,47.94966],[-118.31634,47.94993]]],[[[-118.31875,47.95019],[-118.31835,47.95019],[-118.31835,47.94993],[-118.31875,47.94993],[-118.31875,47.95019]]],[[[-118.31594,47.95046],[-118.31513,47.95046],[-118.31513,47.95019],[-118.31594,47.95019],[-118.31594,47.95046]]],[[[-118.31553,47.951],[-118.31513,47.951],[-118.31513,47.95073],[-118.31553,47.95073],[-118.31553,47.951]]],[[[-118.31875,47.95235],[-118.31795,47.95262],[-118.31795,47.95235],[-118.31754,47.95235],[-118.31754,47.95208],[-118.31875,47.95208],[-118.31875,47.95181],[-118.31835,47.95181],[-118.31835,47.95154],[-118.31875,47.95154],[-118.31875,47.95127],[-118.31915,47.95127],[-118.31915,47.95154],[-118.31996,47.95181],[-118.31996,47.95208],[-118.31955,47.95208],[-118.31955,47.95235],[-118.31915,47.95235],[-118.31915,47.95289],[-118.31875,47.95289],[-118.31875,47.95235]]],[[[-118.31955,47.95235],[-118.31996,47.95235],[-118.31996,47.95262],[-118.31955,47.95262],[-118.31955,47.95235]]],[[[-118.28417,47.91759],[-118.28417,47.91489],[-118.28497,47.91489],[-118.28497,47.91462],[-118.28698,47.91462],[-118.28698,47.91489],[-118.28779,47.91489],[-118.28779,47.91462],[-118.28899,47.91462],[-118.28899,47.91435],[-118.2906,47.91435],[-118.2906,47.91408],[-118.291,47.91408],[-118.291,47.91381],[-118.2914,47.91381],[-118.2914,47.91354],[-118.29221,47.91354],[-118.29221,47.91327],[-118.29301,47.91327],[-118.29301,47.913],[-118.29382,47.913],[-118.29382,47.91327],[-118.29422,47.91327],[-118.29422,47.91354],[-118.29502,47.91354],[-118.29502,47.91381],[-118.29623,47.91381],[-118.29623,47.91274],[-118.29583,47.91274],[-118.29583,47.91193],[-118.29543,47.91193],[-118.29543,47.91166],[-118.29583,47.91166],[-118.29583,47.91085],[-118.29623,47.91085],[-118.29623,47.91004],[-118.29663,47.91004],[-118.29663,47.90977],[-118.30025,47.90977],[-118.30025,47.9095],[-118.30106,47.9095],[-118.30106,47.90923],[-118.30146,47.90923],[-118.30146,47.90896],[-118.30628,47.90896],[-118.30628,47.90923],[-118.30588,47.90923],[-118.30588,47.9095],[-118.30669,47.9095],[-118.30669,47.91004],[-118.30749,47.91004],[-118.30749,47.90977],[-118.3095,47.90977],[-118.3095,47.91004],[-118.3099,47.91004],[-118.3099,47.91031],[-118.3095,47.91031],[-118.3095,47.91058],[-118.3091,47.91058],[-118.3091,47.91085],[-118.3087,47.91085],[-118.3087,47.91112],[-118.30789,47.91139],[-118.30789,47.91193],[-118.30749,47.91193],[-118.30749,47.91247],[-118.30669,47.91274],[-118.30669,47.913],[-118.30588,47.91327],[-118.30588,47.91354],[-118.30508,47.91354],[-118.30508,47.91381],[-118.30427,47.91408],[-118.30427,47.91435],[-118.30387,47.91435],[-118.30387,47.91462],[-118.30347,47.91462],[-118.30347,47.91489],[-118.30307,47.91489],[-118.30307,47.91516],[-118.30266,47.91516],[-118.30266,47.91543],[-118.30146,47.91543],[-118.30146,47.9157],[-118.29985,47.9157],[-118.29985,47.91597],[-118.29703,47.91597],[-118.29703,47.91624],[-118.29623,47.91624],[-118.29623,47.91651],[-118.29502,47.91651],[-118.29502,47.91678],[-118.29342,47.91705],[-118.29342,47.91732],[-118.29301,47.91732],[-118.29301,47.91759],[-118.29261,47.91759],[-118.29261,47.91786],[-118.29221,47.91786],[-118.29221,47.91813],[-118.2914,47.91839],[-118.2914,47.91866],[-118.291,47.91866],[-118.291,47.91893],[-118.2902,47.91893],[-118.2902,47.9192],[-118.2898,47.9192],[-118.2898,47.91947],[-118.28939,47.91947],[-118.28939,47.91974],[-118.28859,47.91974],[-118.28859,47.92001],[-118.28819,47.92001],[-118.28819,47.92028],[-118.28738,47.92028],[-118.28738,47.92055],[-118.28698,47.92055],[-118.28698,47.92082],[-118.28618,47.92082],[-118.28618,47.92109],[-118.28537,47.92109],[-118.28537,47.92136],[-118.28497,47.92136],[-118.28497,47.92163],[-118.28336,47.92109],[-118.28336,47.91866],[-118.28376,47.91866],[-118.28376,47.91759],[-118.28417,47.91759]]],[[[-118.28336,47.92109],[-118.28336,47.92136],[-118.28296,47.92136],[-118.28296,47.92109],[-118.28336,47.92109]]],[[[-118.31553,47.94831],[-118.31553,47.94804],[-118.31513,47.94804],[-118.31513,47.94831],[-118.31473,47.94831],[-118.31473,47.94912],[-118.31513,47.94912],[-118.31513,47.94939],[-118.31473,47.94939],[-118.31473,47.94966],[-118.31392,47.94993],[-118.31392,47.95019],[-118.31433,47.95019],[-118.31433,47.95046],[-118.31352,47.95046],[-118.31352,47.951],[-118.31392,47.951],[-118.31392,47.95127],[-118.31352,47.95127],[-118.31352,47.95208],[-118.31272,47.95181],[-118.31272,47.95289],[-118.31191,47.95289],[-118.31191,47.95316],[-118.31151,47.95316],[-118.31151,47.95397],[-118.31111,47.95397],[-118.31111,47.95451],[-118.31031,47.95451],[-118.31031,47.95478],[-118.3099,47.95478],[-118.3099,47.95505],[-118.30749,47.95505],[-118.30749,47.95532],[-118.30789,47.95532],[-118.30789,47.95558],[-118.30709,47.95558],[-118.30709,47.95478],[-118.30628,47.95478],[-118.30628,47.95424],[-118.30588,47.95424],[-118.30588,47.95397],[-118.30548,47.95397],[-118.30548,47.9537],[-118.30387,47.9537],[-118.30387,47.95397],[-118.30307,47.95397],[-118.30307,47.95451],[-118.29864,47.95451],[-118.29864,47.95532],[-118.30065,47.95532],[-118.30065,47.95558],[-118.30106,47.95558],[-118.30106,47.95612],[-118.29985,47.95612],[-118.29985,47.95639],[-118.29945,47.95639],[-118.29945,47.95612],[-118.29905,47.95612],[-118.29905,47.95639],[-118.29663,47.95639],[-118.29663,47.95612],[-118.29342,47.95612],[-118.29342,47.95639],[-118.2906,47.95639],[-118.2906,47.95666],[-118.2898,47.95666],[-118.2898,47.95693],[-118.28859,47.95693],[-118.28859,47.9572],[-118.28779,47.9572],[-118.28779,47.95747],[-118.28577,47.95747],[-118.28577,47.95774],[-118.28457,47.95774],[-118.28457,47.95747],[-118.28417,47.95747],[-118.28417,47.95693],[-118.28256,47.95693],[-118.28256,47.9572],[-118.28216,47.9572],[-118.28216,47.95747],[-118.28175,47.95747],[-118.28175,47.95774],[-118.28135,47.95774],[-118.28135,47.95828],[-118.28095,47.95828],[-118.28095,47.95936],[-118.28175,47.95936],[-118.28175,47.96017],[-118.28095,47.96044],[-118.28095,47.96097],[-118.28014,47.96124],[-118.28014,47.96178],[-118.27934,47.96178],[-118.27934,47.96232],[-118.27813,47.96232],[-118.27813,47.96259],[-118.27773,47.96259],[-118.27773,47.96367],[-118.27733,47.96367],[-118.27733,47.96394],[-118.27693,47.96394],[-118.27693,47.96421],[-118.27612,47.96448],[-118.27612,47.96502],[-118.27572,47.96502],[-118.27572,47.96529],[-118.27532,47.96529],[-118.27532,47.96556],[-118.27371,47.96583],[-118.27371,47.96556],[-118.2721,47.96556],[-118.2721,47.96529],[-118.26969,47.96502],[-118.26969,47.96529],[-118.26929,47.96529],[-118.26929,47.96663],[-118.26889,47.96663],[-118.26889,47.96744],[-118.26929,47.96744],[-118.26929,47.96771],[-118.26889,47.96771],[-118.26889,47.96798],[-118.26808,47.96798],[-118.26808,47.96825],[-118.26728,47.96825],[-118.26728,47.96852],[-118.26687,47.96852],[-118.26687,47.96906],[-118.26607,47.96933],[-118.26607,47.9696],[-118.26446,47.9696],[-118.26446,47.96987],[-118.26326,47.96987],[-118.26326,47.97014],[-118.26285,47.97014],[-118.26285,47.97041],[-118.26245,47.97041],[-118.26245,47.97068],[-118.25642,47.97068],[-118.25642,47.97041],[-118.25602,47.97041],[-118.25602,47.97068],[-118.25481,47.97068],[-118.25481,47.97122],[-118.25401,47.97122],[-118.25401,47.97148],[-118.2536,47.97148],[-118.2536,47.97175],[-118.2528,47.97175],[-118.2528,47.97122],[-118.252,47.97095],[-118.252,47.97068],[-118.25119,47.97068],[-118.25119,47.97041],[-118.24998,47.97041],[-118.24998,47.97068],[-118.24958,47.97068],[-118.24958,47.97095],[-118.24918,47.97095],[-118.24918,47.97122],[-118.24838,47.97122],[-118.24838,47.97095],[-118.24717,47.97095],[-118.24717,47.97068],[-118.24677,47.97068],[-118.24677,47.97041],[-118.24637,47.97041],[-118.24637,47.96987],[-118.24556,47.9696],[-118.24556,47.96852],[-118.24516,47.96852],[-118.24516,47.96825],[-118.24556,47.96825],[-118.24556,47.96798],[-118.24516,47.96798],[-118.24516,47.9669],[-118.24476,47.9669],[-118.24476,47.96636],[-118.24395,47.9661],[-118.24395,47.96556],[-118.24315,47.96556],[-118.24315,47.96529],[-118.24234,47.96502],[-118.24234,47.96475],[-118.24194,47.96475],[-118.24194,47.96448],[-118.24154,47.96448],[-118.24154,47.96367],[-118.24114,47.96367],[-118.24114,47.96313],[-118.24074,47.96313],[-118.24074,47.96259],[-118.24033,47.96259],[-118.24033,47.96232],[-118.23953,47.96205],[-118.23953,47.96097],[-118.23913,47.96097],[-118.23913,47.96017],[-118.23832,47.9599],[-118.23832,47.95855],[-118.23872,47.95855],[-118.23872,47.95828],[-118.23832,47.95828],[-118.23832,47.95801],[-118.23872,47.95801],[-118.23872,47.95774],[-118.23832,47.95774],[-118.23832,47.95612],[-118.23792,47.95612],[-118.23792,47.95585],[-118.23832,47.95585],[-118.23832,47.95558],[-118.23792,47.95558],[-118.23792,47.95532],[-118.23832,47.95532],[-118.23832,47.95505],[-118.23792,47.95505],[-118.23792,47.95451],[-118.23752,47.95451],[-118.23752,47.95424],[-118.23792,47.95424],[-118.23792,47.95289],[-118.23752,47.95289],[-118.23752,47.951],[-118.23792,47.951],[-118.23792,47.94993],[-118.23832,47.94993],[-118.23832,47.94966],[-118.23792,47.94966],[-118.23792,47.94939],[-118.23832,47.94939],[-118.23832,47.94912],[-118.23913,47.94885],[-118.23913,47.94858],[-118.23832,47.94858],[-118.23832,47.94804],[-118.23752,47.94804],[-118.23752,47.94777],[-118.23671,47.94777],[-118.23671,47.9475],[-118.23511,47.9475],[-118.23511,47.94723],[-118.23551,47.94723],[-118.23551,47.94696],[-118.23712,47.94696],[-118.23712,47.94669],[-118.23913,47.94669],[-118.23913,47.94696],[-118.24114,47.94696],[-118.24114,47.94723],[-118.24154,47.94723],[-118.24154,47.9475],[-118.24234,47.9475],[-118.24234,47.94696],[-118.24395,47.94669],[-118.24395,47.94642],[-118.24435,47.94642],[-118.24435,47.94615],[-118.24717,47.94615],[-118.24717,47.94642],[-118.24757,47.94642],[-118.24757,47.94615],[-118.24958,47.94615],[-118.24958,47.94561],[-118.24998,47.94561],[-118.24998,47.94507],[-118.25039,47.94507],[-118.25039,47.94454],[-118.25119,47.94454],[-118.25119,47.94427],[-118.2528,47.944],[-118.2528,47.94346],[-118.2532,47.94346],[-118.2532,47.94319],[-118.25401,47.94319],[-118.25401,47.94292],[-118.25441,47.94292],[-118.25441,47.94265],[-118.25521,47.94265],[-118.25521,47.94238],[-118.25561,47.94238],[-118.25561,47.94184],[-118.25602,47.94184],[-118.25602,47.9413],[-118.25642,47.9413],[-118.25642,47.94076],[-118.25722,47.94049],[-118.25722,47.93968],[-118.25763,47.93968],[-118.25763,47.93942],[-118.25803,47.93942],[-118.25803,47.93915],[-118.25843,47.93915],[-118.25843,47.93861],[-118.25883,47.93861],[-118.25883,47.93834],[-118.25964,47.93807],[-118.25964,47.93753],[-118.26004,47.93753],[-118.26004,47.93699],[-118.26044,47.93699],[-118.26044,47.93645],[-118.26084,47.93645],[-118.26084,47.93537],[-118.26165,47.93537],[-118.26165,47.9351],[-118.26285,47.9351],[-118.26285,47.93483],[-118.26607,47.93483],[-118.26607,47.9351],[-118.26768,47.9351],[-118.26768,47.93483],[-118.26808,47.93483],[-118.26808,47.93456],[-118.26848,47.93456],[-118.26848,47.93429],[-118.2717,47.93429],[-118.2717,47.93403],[-118.2721,47.93403],[-118.2721,47.93376],[-118.27291,47.93376],[-118.27291,47.93349],[-118.27492,47.93349],[-118.27492,47.93322],[-118.27532,47.93322],[-118.27532,47.93241],[-118.27572,47.93241],[-118.27572,47.93214],[-118.27612,47.93214],[-118.27612,47.93187],[-118.27733,47.93187],[-118.27733,47.9316],[-118.27813,47.93133],[-118.27813,47.93106],[-118.27773,47.93106],[-118.27773,47.92944],[-118.27813,47.92944],[-118.27813,47.92917],[-118.27934,47.92917],[-118.27934,47.9289],[-118.28095,47.9289],[-118.28095,47.92864],[-118.28336,47.92837],[-118.28336,47.9281],[-118.28376,47.9281],[-118.28376,47.92675],[-118.28457,47.92648],[-118.28457,47.92621],[-118.28537,47.92621],[-118.28537,47.92594],[-118.28618,47.92594],[-118.28618,47.92567],[-118.28658,47.92567],[-118.28658,47.92513],[-118.28618,47.92513],[-118.28618,47.92405],[-118.28577,47.92405],[-118.28577,47.92378],[-118.28618,47.92378],[-118.28618,47.92271],[-118.28658,47.92271],[-118.28658,47.92217],[-118.28698,47.92217],[-118.28698,47.92163],[-118.28738,47.92163],[-118.28738,47.92109],[-118.28779,47.92109],[-118.28779,47.92082],[-118.2902,47.92082],[-118.2902,47.92109],[-118.29221,47.92109],[-118.29221,47.92136],[-118.29301,47.92163],[-118.29301,47.92136],[-118.29382,47.92136],[-118.29382,47.92109],[-118.29422,47.92109],[-118.29422,47.92082],[-118.29543,47.92082],[-118.29543,47.92055],[-118.29623,47.92055],[-118.29623,47.92028],[-118.29744,47.92028],[-118.29744,47.92001],[-118.29905,47.91974],[-118.29905,47.91947],[-118.29945,47.91947],[-118.29945,47.9192],[-118.30025,47.91893],[-118.30025,47.91866],[-118.30065,47.91866],[-118.30065,47.91813],[-118.30146,47.91786],[-118.30146,47.91732],[-118.30226,47.91705],[-118.30226,47.91678],[-118.30266,47.91678],[-118.30266,47.91651],[-118.30347,47.91651],[-118.30347,47.91624],[-118.30427,47.91624],[-118.30427,47.91597],[-118.30508,47.91597],[-118.30508,47.9157],[-118.30588,47.9157],[-118.30588,47.91543],[-118.30628,47.91543],[-118.30628,47.91462],[-118.30709,47.91435],[-118.30709,47.91408],[-118.30789,47.91408],[-118.30789,47.91381],[-118.3087,47.91381],[-118.3087,47.91354],[-118.3091,47.91354],[-118.3091,47.913],[-118.3099,47.91274],[-118.3099,47.91247],[-118.31031,47.91247],[-118.31031,47.9122],[-118.31151,47.9122],[-118.31151,47.91193],[-118.31191,47.91193],[-118.31191,47.91166],[-118.31312,47.91166],[-118.31312,47.91139],[-118.31392,47.91139],[-118.31392,47.91112],[-118.31513,47.91112],[-118.31513,47.91085],[-118.31553,47.91085],[-118.31553,47.91058],[-118.31634,47.91058],[-118.31634,47.91031],[-118.31714,47.91031],[-118.31714,47.91004],[-118.31754,47.91004],[-118.31754,47.90977],[-118.31835,47.9095],[-118.31835,47.90896],[-118.31875,47.90896],[-118.31875,47.90869],[-118.31835,47.90869],[-118.31835,47.90761],[-118.31875,47.90761],[-118.31875,47.90735],[-118.32157,47.90735],[-118.32157,47.90708],[-118.32398,47.90708],[-118.32398,47.90681],[-118.32559,47.90681],[-118.32559,47.90654],[-118.32679,47.90654],[-118.32679,47.90627],[-118.328,47.90627],[-118.328,47.906],[-118.3288,47.906],[-118.3288,47.90573],[-118.32961,47.90573],[-118.32961,47.90546],[-118.33041,47.90546],[-118.33041,47.90519],[-118.33242,47.90519],[-118.33242,47.90546],[-118.33282,47.90546],[-118.33282,47.90573],[-118.33363,47.90573],[-118.33363,47.906],[-118.33403,47.906],[-118.33403,47.90627],[-118.33443,47.90627],[-118.33443,47.906],[-118.33564,47.906],[-118.33564,47.90654],[-118.33604,47.90654],[-118.33604,47.90708],[-118.33644,47.90708],[-118.33644,47.90761],[-118.33685,47.90761],[-118.33685,47.90788],[-118.33725,47.90788],[-118.33725,47.90815],[-118.33765,47.90815],[-118.33765,47.90896],[-118.33805,47.90896],[-118.33805,47.91058],[-118.33765,47.91058],[-118.33765,47.91139],[-118.33725,47.91139],[-118.33725,47.9122],[-118.33685,47.9122],[-118.33685,47.91274],[-118.33644,47.91274],[-118.33644,47.913],[-118.33604,47.913],[-118.33604,47.91354],[-118.33524,47.91381],[-118.33524,47.91462],[-118.33484,47.91462],[-118.33484,47.91543],[-118.33443,47.91543],[-118.33443,47.91651],[-118.33403,47.91651],[-118.33403,47.91705],[-118.33323,47.91705],[-118.33323,47.91678],[-118.33282,47.91678],[-118.33282,47.91597],[-118.33202,47.91597],[-118.33202,47.9157],[-118.33122,47.91597],[-118.33122,47.91624],[-118.33081,47.91624],[-118.33081,47.91651],[-118.33041,47.91651],[-118.33041,47.91678],[-118.33001,47.91678],[-118.33001,47.91705],[-118.32961,47.91705],[-118.32961,47.91759],[-118.32921,47.91759],[-118.32921,47.91786],[-118.33001,47.91813],[-118.33001,47.91839],[-118.32961,47.91839],[-118.32961,47.91974],[-118.33001,47.91974],[-118.33001,47.92001],[-118.32961,47.92001],[-118.32961,47.92028],[-118.33001,47.92028],[-118.33001,47.92055],[-118.32961,47.92055],[-118.32961,47.92136],[-118.32921,47.92136],[-118.32921,47.92217],[-118.3288,47.92217],[-118.3288,47.92298],[-118.3284,47.92298],[-118.3284,47.92378],[-118.328,47.92378],[-118.328,47.92405],[-118.3284,47.92405],[-118.3284,47.92567],[-118.328,47.92567],[-118.328,47.92594],[-118.32679,47.92594],[-118.32679,47.92621],[-118.32639,47.92621],[-118.32639,47.92729],[-118.32679,47.92729],[-118.32679,47.9289],[-118.32719,47.9289],[-118.32719,47.93025],[-118.32679,47.93025],[-118.32679,47.93079],[-118.32599,47.93106],[-118.32599,47.93268],[-118.32639,47.93268],[-118.32639,47.93322],[-118.32679,47.93322],[-118.32679,47.93376],[-118.32719,47.93376],[-118.32719,47.93429],[-118.3276,47.93429],[-118.3276,47.93483],[-118.328,47.93483],[-118.328,47.93591],[-118.3276,47.93591],[-118.3276,47.93672],[-118.32679,47.93699],[-118.32679,47.93753],[-118.32719,47.93753],[-118.32719,47.93861],[-118.3276,47.93861],[-118.3276,47.93995],[-118.32719,47.93995],[-118.32719,47.94022],[-118.32679,47.94022],[-118.32679,47.94049],[-118.32599,47.94049],[-118.32599,47.94076],[-118.32518,47.94076],[-118.32518,47.94103],[-118.32478,47.94103],[-118.32478,47.9413],[-118.32438,47.9413],[-118.32438,47.94157],[-118.32398,47.94157],[-118.32398,47.94211],[-118.32317,47.94238],[-118.32317,47.94292],[-118.32438,47.94292],[-118.32438,47.94346],[-118.32478,47.94346],[-118.32478,47.94427],[-118.32438,47.94427],[-118.32438,47.94454],[-118.32478,47.94454],[-118.32478,47.94481],[-118.32438,47.94481],[-118.32438,47.94507],[-118.32478,47.94507],[-118.32478,47.94615],[-118.32438,47.94615],[-118.32438,47.94696],[-118.32398,47.94696],[-118.32398,47.9475],[-118.32358,47.9475],[-118.32358,47.94804],[-118.32277,47.94831],[-118.32277,47.94885],[-118.32237,47.94885],[-118.32237,47.94912],[-118.32197,47.94912],[-118.32197,47.94939],[-118.31955,47.94939],[-118.31955,47.94966],[-118.31915,47.94966],[-118.31915,47.94885],[-118.31996,47.94912],[-118.31996,47.94777],[-118.31915,47.94777],[-118.31915,47.94804],[-118.31835,47.94831],[-118.31835,47.94858],[-118.31795,47.94858],[-118.31795,47.94885],[-118.31754,47.94885],[-118.31754,47.94912],[-118.31714,47.94912],[-118.31714,47.94939],[-118.31634,47.94966],[-118.31634,47.94939],[-118.31594,47.94939],[-118.31594,47.94912],[-118.31674,47.94912],[-118.31674,47.94858],[-118.31714,47.94858],[-118.31714,47.94831],[-118.31674,47.94831],[-118.31674,47.94804],[-118.31754,47.94804],[-118.31754,47.94777],[-118.31714,47.94777],[-118.31714,47.9475],[-118.31754,47.9475],[-118.31754,47.94723],[-118.31714,47.94723],[-118.31714,47.94642],[-118.31674,47.94642],[-118.31674,47.94723],[-118.31594,47.9475],[-118.31594,47.94831],[-118.31553,47.94831]],[[-118.33725,47.91085],[-118.33685,47.91085],[-118.33685,47.91139],[-118.33725,47.91139],[-118.33725,47.91085]],[[-118.33644,47.91139],[-118.33644,47.91166],[-118.33685,47.91166],[-118.33685,47.91139],[-118.33644,47.91139]],[[-118.32036,47.94777],[-118.32036,47.9475],[-118.31996,47.9475],[-118.31996,47.94777],[-118.32036,47.94777]],[[-118.31634,47.94696],[-118.31594,47.94696],[-118.31594,47.94723],[-118.31634,47.94723],[-118.31634,47.94696]],[[-118.29462,47.95532],[-118.29462,47.95505],[-118.29422,47.95505],[-118.29422,47.95532],[-118.29462,47.95532]],[[-118.24275,47.95532],[-118.24275,47.95505],[-118.24234,47.95505],[-118.24234,47.95532],[-118.24275,47.95532]],[[-118.24596,47.95019],[-118.24596,47.94993],[-118.24556,47.94993],[-118.24556,47.95019],[-118.24596,47.95019]],[[-118.30669,47.94966],[-118.30669,47.94939],[-118.30628,47.94939],[-118.30628,47.94966],[-118.30669,47.94966]],[[-118.3099,47.94723],[-118.3099,47.94696],[-118.3095,47.94696],[-118.3095,47.94723],[-118.3099,47.94723]],[[-118.31634,47.94669],[-118.31634,47.94615],[-118.31594,47.94615],[-118.31594,47.94669],[-118.31634,47.94669]],[[-118.3087,47.94615],[-118.3087,47.94588],[-118.30829,47.94588],[-118.30829,47.94615],[-118.3087,47.94615]],[[-118.31191,47.94561],[-118.31191,47.94534],[-118.31151,47.94534],[-118.31151,47.94561],[-118.31191,47.94561]],[[-118.2524,47.94534],[-118.2524,47.94507],[-118.252,47.94507],[-118.252,47.94534],[-118.2524,47.94534]],[[-118.31795,47.94507],[-118.31795,47.94481],[-118.31754,47.94481],[-118.31754,47.94507],[-118.31795,47.94507]],[[-118.31674,47.94454],[-118.31634,47.94454],[-118.31634,47.94507],[-118.31674,47.94507],[-118.31674,47.94454]],[[-118.31795,47.94454],[-118.31795,47.94427],[-118.31674,47.94427],[-118.31674,47.94454],[-118.31795,47.94454]],[[-118.25401,47.944],[-118.25401,47.94373],[-118.2536,47.94373],[-118.2536,47.944],[-118.25401,47.944]],[[-118.31674,47.94373],[-118.31674,47.94346],[-118.31634,47.94346],[-118.31634,47.94373],[-118.31674,47.94373]],[[-118.33443,47.91354],[-118.33443,47.913],[-118.33403,47.913],[-118.33403,47.91354],[-118.33443,47.91354]],[[-118.33725,47.90923],[-118.33725,47.90896],[-118.33685,47.90896],[-118.33685,47.90923],[-118.33725,47.90923]]],[[[-118.23511,47.9475],[-118.23511,47.94777],[-118.23309,47.94777],[-118.23309,47.9475],[-118.23511,47.9475]]],[[[-118.31553,47.94858],[-118.31513,47.94858],[-118.31513,47.94831],[-118.31553,47.94831],[-118.31553,47.94858]]],[[[-118.31433,47.951],[-118.31392,47.951],[-118.31392,47.95073],[-118.31433,47.95073],[-118.31433,47.951]]],[[[-118.31352,47.95262],[-118.31312,47.95262],[-118.31312,47.95235],[-118.31352,47.95235],[-118.31352,47.95262]]],[[[-118.30669,47.95558],[-118.30628,47.95558],[-118.30628,47.95532],[-118.30669,47.95532],[-118.30669,47.95558]]]]},"properties":{"layer":"predicted_reach_h14","fire_name":"Mitre_Rock","irwin_id":"{C11A3685-C035-4241-A17C-8076EE99619D}","model":"arrival_run","checkpoint_epoch":216,"decode":"connected_causal","operating_point":{"floor":0.0,"mult":0.9},"val_precision":null,"val_recall":null,"model_caveat":"arrival_run chosen for best RECALL among the six FlameFlux v3 candidates on the production-valid t0-window corpus (R=0.624 on the fc2 held-out fires, R=0.432 on Dillon -- see candidate_comparison.md from the 2026-07-24 comparison). It does NOT meet the project's P>=0.50/R>=0.80 target: precision is the WORST of the six (P=0.120 on fc2 -- most flagged growth is wrong), and wind_run actually edges it on F1. IMPORTANT CAVEAT: arrival_run trained on the leaky 'observed' corpus (crop centered/sized on t0|t1, i.e. it saw the future perimeter's geometry during training) and has NEVER seen a t0-window crop -- the ONLY geometry this live pipeline can ever produce at forecast time (the future perimeter is, by definition, unknown). So every live prediction from this model is out-of-distribution relative to its own training. The measured t0-window numbers above already reflect that (they are not a surprise), but this is 'best available', not 'production-ready' -- represent it that way. The operating_point (floor=0.0, mult=0.9) is the VAL-selected connected-causal decode point; it did NOT clear the 0.50 precision floor during selection (feasible=False, val P=0.270/R=0.259) -- it's the best-F1 fallback point, not a precision-guaranteed one.","issued_at_utc":"2026-08-05 10:59:55.016141+00:00","valid_from_utc":"2026-08-05 00:00:00","valid_to_utc":"2026-08-06 00:00:00","wfigs_date_current_utc":"2026-08-05 10:16:25+00:00","pixel_size_m":30,"veg_source":"refreshed_d4","physics_source":"eikonal_fbfm40","history_n_dates":4,"degraded_history":false,"containment_pct":0.0,"acres_wfigs":4439.297279101989,"hour":14,"valid_at_utc":"2026-08-05 14:00:00"}},{"type":"Feature","geometry":{"type":"MultiPolygon","coordinates":[[[[-118.33644,47.91462],[-118.33604,47.91462],[-118.33604,47.91435],[-118.33644,47.91435],[-118.33644,47.91462]]],[[[-118.31835,47.94912],[-118.31835,47.94885],[-118.31875,47.94885],[-118.31875,47.94912],[-118.31835,47.94912]]],[[[-118.31513,47.95289],[-118.31513,47.95262],[-118.31553,47.95262],[-118.31553,47.95289],[-118.31513,47.95289]]],[[[-118.31392,47.9537],[-118.31392,47.95343],[-118.31433,47.95343],[-118.31433,47.9537],[-118.31392,47.9537]]],[[[-118.31594,47.95505],[-118.31594,47.95478],[-118.31835,47.95478],[-118.31835,47.95532],[-118.31795,47.95532],[-118.31795,47.95558],[-118.31754,47.95558],[-118.31754,47.95532],[-118.31714,47.95532],[-118.31714,47.95505],[-118.31594,47.95505]]],[[[-118.31835,47.95558],[-118.31835,47.95532],[-118.31875,47.95532],[-118.31875,47.95558],[-118.31835,47.95558]]],[[[-118.31674,47.95558],[-118.31674,47.95532],[-118.31714,47.95532],[-118.31714,47.95558],[-118.31674,47.95558]]],[[[-118.33001,47.96017],[-118.33001,47.95936],[-118.33081,47.95936],[-118.33081,47.96017],[-118.33001,47.96017]]],[[[-118.32518,47.96717],[-118.32518,47.9669],[-118.32599,47.9669],[-118.32599,47.96717],[-118.32518,47.96717]]],[[[-118.32559,47.96771],[-118.32559,47.96744],[-118.32599,47.96744],[-118.32599,47.96771],[-118.32559,47.96771]]],[[[-118.33564,47.96798],[-118.33564,47.96744],[-118.33685,47.96744],[-118.33685,47.96717],[-118.33805,47.96717],[-118.33805,47.9669],[-118.33926,47.9669],[-118.33926,47.96717],[-118.33886,47.96717],[-118.33886,47.96771],[-118.33805,47.96771],[-118.33805,47.96798],[-118.33725,47.96825],[-118.33725,47.96852],[-118.33644,47.96852],[-118.33644,47.96825],[-118.33604,47.96825],[-118.33604,47.96798],[-118.33564,47.96798]]],[[[-118.33122,47.96825],[-118.33122,47.96798],[-118.33282,47.96798],[-118.33282,47.96825],[-118.33122,47.96825]]],[[[-118.32559,47.96825],[-118.32559,47.96798],[-118.32599,47.96798],[-118.32599,47.96825],[-118.32559,47.96825]]],[[[-118.32679,47.96852],[-118.32679,47.96906],[-118.32639,47.96906],[-118.32639,47.96933],[-118.32518,47.96933],[-118.32518,47.9696],[-118.32478,47.9696],[-118.32478,47.96906],[-118.32518,47.96906],[-118.32518,47.96852],[-118.32679,47.96852]]],[[[-118.32719,47.97148],[-118.32719,47.97122],[-118.3284,47.97122],[-118.3284,47.97148],[-118.32719,47.97148]]],[[[-118.30829,47.90788],[-118.30789,47.90788],[-118.30789,47.90761],[-118.30829,47.90761],[-118.30829,47.90788]]],[[[-118.30749,47.90842],[-118.30749,47.90815],[-118.30789,47.90815],[-118.30789,47.90842],[-118.30749,47.90842]]],[[[-118.3087,47.90923],[-118.3087,47.90896],[-118.3091,47.90896],[-118.3091,47.90923],[-118.3087,47.90923]]],[[[-118.28296,47.92109],[-118.28296,47.92055],[-118.28336,47.92055],[-118.28336,47.91839],[-118.28376,47.91839],[-118.28376,47.91759],[-118.28417,47.91759],[-118.28417,47.91678],[-118.28376,47.91678],[-118.28376,47.91624],[-118.28417,47.91624],[-118.28417,47.91489],[-118.28457,47.91489],[-118.28457,47.91462],[-118.28899,47.91462],[-118.28899,47.91435],[-118.2898,47.91435],[-118.2898,47.91408],[-118.2906,47.91408],[-118.2906,47.91381],[-118.2914,47.91381],[-118.2914,47.91354],[-118.29221,47.91354],[-118.29221,47.91327],[-118.29301,47.91327],[-118.29301,47.913],[-118.29462,47.91327],[-118.29462,47.91354],[-118.29502,47.91354],[-118.29502,47.91381],[-118.29623,47.91381],[-118.29623,47.91274],[-118.29583,47.91274],[-118.29583,47.9122],[-118.29543,47.9122],[-118.29543,47.91166],[-118.29583,47.91166],[-118.29583,47.91085],[-118.29623,47.91085],[-118.29623,47.91004],[-118.29663,47.91004],[-118.29663,47.90977],[-118.29784,47.90977],[-118.29784,47.9095],[-118.29824,47.9095],[-118.29824,47.90977],[-118.30025,47.90977],[-118.30025,47.9095],[-118.30065,47.9095],[-118.30065,47.90923],[-118.30146,47.90923],[-118.30146,47.90896],[-118.30347,47.90896],[-118.30347,47.90869],[-118.30468,47.90869],[-118.30468,47.90842],[-118.30669,47.90842],[-118.30669,47.9095],[-118.30829,47.9095],[-118.30829,47.90923],[-118.3087,47.90923],[-118.3087,47.9095],[-118.3095,47.9095],[-118.3095,47.90977],[-118.31071,47.90977],[-118.31071,47.91031],[-118.3099,47.91031],[-118.3099,47.91058],[-118.3095,47.91058],[-118.3095,47.91085],[-118.3087,47.91085],[-118.3087,47.91112],[-118.30829,47.91112],[-118.30829,47.91166],[-118.30789,47.91166],[-118.30789,47.9122],[-118.30749,47.9122],[-118.30749,47.91274],[-118.30709,47.91274],[-118.30709,47.913],[-118.30628,47.913],[-118.30628,47.91327],[-118.30588,47.91327],[-118.30588,47.91354],[-118.30508,47.91354],[-118.30508,47.91381],[-118.30427,47.91408],[-118.30427,47.91435],[-118.30387,47.91435],[-118.30387,47.91462],[-118.30347,47.91462],[-118.30347,47.91489],[-118.30307,47.91489],[-118.30307,47.91516],[-118.30266,47.91516],[-118.30266,47.91543],[-118.30146,47.91543],[-118.30146,47.9157],[-118.29985,47.9157],[-118.29985,47.91597],[-118.29703,47.91597],[-118.29703,47.91624],[-118.29623,47.91624],[-118.29623,47.91651],[-118.29502,47.91651],[-118.29502,47.91678],[-118.29342,47.91705],[-118.29342,47.91732],[-118.29301,47.91732],[-118.29301,47.91759],[-118.29261,47.91759],[-118.29261,47.91786],[-118.29221,47.91786],[-118.29221,47.91813],[-118.2914,47.91839],[-118.2914,47.91866],[-118.291,47.91866],[-118.291,47.91893],[-118.2902,47.91893],[-118.2902,47.9192],[-118.2898,47.9192],[-118.2898,47.91947],[-118.28939,47.91947],[-118.28939,47.91974],[-118.28859,47.91974],[-118.28859,47.92001],[-118.28819,47.92001],[-118.28819,47.92028],[-118.28779,47.92028],[-118.28779,47.92055],[-118.28698,47.92055],[-118.28698,47.92082],[-118.28618,47.92082],[-118.28618,47.92109],[-118.28537,47.92109],[-118.28537,47.92136],[-118.28497,47.92136],[-118.28497,47.92163],[-118.28417,47.92163],[-118.28417,47.92136],[-118.28256,47.92136],[-118.28256,47.92109],[-118.28296,47.92109]]],[[[-118.23953,47.91462],[-118.23953,47.91435],[-118.23993,47.91435],[-118.23993,47.91408],[-118.24074,47.91408],[-118.24074,47.91462],[-118.24114,47.91462],[-118.24114,47.91489],[-118.24074,47.91489],[-118.24074,47.91516],[-118.24114,47.91516],[-118.24114,47.91543],[-118.24074,47.91543],[-118.24074,47.91624],[-118.24033,47.91624],[-118.24033,47.91651],[-118.23953,47.91651],[-118.23953,47.91597],[-118.23913,47.91597],[-118.23913,47.91462],[-118.23953,47.91462]]],[[[-118.24033,47.91947],[-118.24033,47.9192],[-118.24074,47.9192],[-118.24074,47.91947],[-118.24033,47.91947]]],[[[-118.24114,47.91947],[-118.24114,47.91974],[-118.24074,47.91974],[-118.24074,47.91947],[-118.24114,47.91947]]],[[[-118.23832,47.92082],[-118.23832,47.92055],[-118.23792,47.92055],[-118.23792,47.9192],[-118.23872,47.9192],[-118.23872,47.91866],[-118.23913,47.91866],[-118.23913,47.91839],[-118.24074,47.91839],[-118.24074,47.91866],[-118.24033,47.91866],[-118.24033,47.9192],[-118.23993,47.9192],[-118.23993,47.91947],[-118.24033,47.91947],[-118.24033,47.91974],[-118.24074,47.91974],[-118.24074,47.92001],[-118.24154,47.92001],[-118.24154,47.92055],[-118.24114,47.92055],[-118.24114,47.92082],[-118.24033,47.92082],[-118.24033,47.92136],[-118.23993,47.92136],[-118.23993,47.92163],[-118.23913,47.9219],[-118.23913,47.92217],[-118.23792,47.92217],[-118.23792,47.92163],[-118.23872,47.92163],[-118.23872,47.92082],[-118.23832,47.92082]]],[[[-118.25642,47.92567],[-118.25642,47.92594],[-118.25602,47.92594],[-118.25602,47.9254],[-118.25682,47.9254],[-118.25682,47.92567],[-118.25642,47.92567]]],[[[-118.25521,47.92621],[-118.25521,47.92594],[-118.25602,47.92594],[-118.25602,47.92621],[-118.25521,47.92621]]],[[[-118.24958,47.93052],[-118.24958,47.93025],[-118.25039,47.93025],[-118.25039,47.93052],[-118.24958,47.93052]]],[[[-118.23913,47.93699],[-118.23913,47.93672],[-118.23993,47.93672],[-118.23993,47.93699],[-118.23913,47.93699]]],[[[-118.25642,47.93834],[-118.25642,47.93807],[-118.25682,47.93807],[-118.25682,47.93834],[-118.25642,47.93834]]],[[[-118.31433,47.95262],[-118.31433,47.95289],[-118.31392,47.95289],[-118.31392,47.95343],[-118.31272,47.95343],[-118.31272,47.9537],[-118.31191,47.95343],[-118.31191,47.95397],[-118.31151,47.95397],[-118.31151,47.95424],[-118.31071,47.95451],[-118.31071,47.95505],[-118.31031,47.95505],[-118.31031,47.95532],[-118.3095,47.95532],[-118.3095,47.95558],[-118.3091,47.95558],[-118.3091,47.95585],[-118.30749,47.95585],[-118.30749,47.95612],[-118.30709,47.95612],[-118.30709,47.95639],[-118.30588,47.95639],[-118.30588,47.95612],[-118.30548,47.95612],[-118.30548,47.95532],[-118.30628,47.95532],[-118.30628,47.95451],[-118.30588,47.95451],[-118.30588,47.95424],[-118.30548,47.95424],[-118.30548,47.95397],[-118.30387,47.95397],[-118.30387,47.95451],[-118.30347,47.95451],[-118.30347,47.95478],[-118.29945,47.95478],[-118.29945,47.95505],[-118.30106,47.95505],[-118.30106,47.95532],[-118.30146,47.95532],[-118.30146,47.95639],[-118.29784,47.95639],[-118.29784,47.95666],[-118.29744,47.95666],[-118.29744,47.95639],[-118.29261,47.95639],[-118.29261,47.95666],[-118.2902,47.95666],[-118.2902,47.95693],[-118.28939,47.95693],[-118.28939,47.9572],[-118.28819,47.9572],[-118.28819,47.95747],[-118.28658,47.95774],[-118.28658,47.95801],[-118.28376,47.95801],[-118.28376,47.95774],[-118.28336,47.95774],[-118.28336,47.95747],[-118.28216,47.95747],[-118.28216,47.95774],[-118.28175,47.95774],[-118.28175,47.95828],[-118.28135,47.95828],[-118.28135,47.95855],[-118.28175,47.95855],[-118.28175,47.95882],[-118.28216,47.95882],[-118.28216,47.95909],[-118.28256,47.95909],[-118.28256,47.95963],[-118.28216,47.95963],[-118.28216,47.96017],[-118.28175,47.96017],[-118.28175,47.96071],[-118.28095,47.96097],[-118.28095,47.96151],[-118.28014,47.96178],[-118.28014,47.96232],[-118.27854,47.96259],[-118.27854,47.9634],[-118.27813,47.9634],[-118.27813,47.96367],[-118.27773,47.96367],[-118.27773,47.96421],[-118.27693,47.96448],[-118.27693,47.96502],[-118.27612,47.96502],[-118.27612,47.96556],[-118.27532,47.96556],[-118.27532,47.96583],[-118.27452,47.96583],[-118.27452,47.9661],[-118.27331,47.9661],[-118.27331,47.96583],[-118.2717,47.96583],[-118.2717,47.96556],[-118.27009,47.96529],[-118.27009,47.96556],[-118.26969,47.96556],[-118.26969,47.96825],[-118.26929,47.96825],[-118.26929,47.96852],[-118.26848,47.96852],[-118.26848,47.96879],[-118.26768,47.96879],[-118.26768,47.96906],[-118.26728,47.96906],[-118.26728,47.9696],[-118.26607,47.9696],[-118.26607,47.96987],[-118.26486,47.96987],[-118.26486,47.97014],[-118.26366,47.97014],[-118.26366,47.97041],[-118.26326,47.97041],[-118.26326,47.97068],[-118.26245,47.97068],[-118.26245,47.97095],[-118.25521,47.97095],[-118.25521,47.97122],[-118.25481,47.97122],[-118.25481,47.97175],[-118.25401,47.97175],[-118.25401,47.97229],[-118.2536,47.97229],[-118.2536,47.97256],[-118.2532,47.97256],[-118.2532,47.97283],[-118.252,47.97283],[-118.252,47.97256],[-118.2528,47.97256],[-118.2528,47.97229],[-118.25119,47.97229],[-118.25119,47.97202],[-118.252,47.97202],[-118.252,47.97175],[-118.25119,47.97175],[-118.25119,47.97122],[-118.25079,47.97122],[-118.25079,47.97095],[-118.24998,47.97095],[-118.24998,47.97122],[-118.24958,47.97122],[-118.24958,47.97148],[-118.24918,47.97148],[-118.24918,47.97175],[-118.24838,47.97202],[-118.24838,47.97175],[-118.24797,47.97175],[-118.24797,47.97148],[-118.24757,47.97148],[-118.24757,47.97122],[-118.24677,47.97122],[-118.24677,47.97095],[-118.24596,47.97068],[-118.24596,47.97014],[-118.24556,47.97014],[-118.24556,47.9696],[-118.24516,47.9696],[-118.24516,47.96798],[-118.24476,47.96798],[-118.24476,47.9669],[-118.24435,47.9669],[-118.24435,47.96636],[-118.24395,47.96636],[-118.24395,47.96583],[-118.24315,47.96556],[-118.24315,47.96529],[-118.24234,47.96529],[-118.24234,47.96502],[-118.24154,47.96502],[-118.24154,47.96475],[-118.24114,47.96475],[-118.24114,47.96421],[-118.24074,47.96421],[-118.24074,47.96367],[-118.24033,47.96367],[-118.24033,47.96313],[-118.23993,47.96313],[-118.23993,47.96259],[-118.23953,47.96259],[-118.23953,47.96205],[-118.23913,47.96205],[-118.23913,47.96044],[-118.23832,47.96017],[-118.23832,47.95936],[-118.23792,47.95936],[-118.23792,47.95855],[-118.23832,47.95855],[-118.23832,47.95774],[-118.23792,47.95774],[-118.23792,47.95666],[-118.23752,47.95666],[-118.23752,47.95451],[-118.23712,47.95451],[-118.23712,47.95424],[-118.23752,47.95424],[-118.23752,47.95235],[-118.23712,47.95235],[-118.23712,47.951],[-118.23752,47.951],[-118.23752,47.95073],[-118.23712,47.95073],[-118.23712,47.95046],[-118.23752,47.95046],[-118.23752,47.94939],[-118.23792,47.94939],[-118.23792,47.94885],[-118.23832,47.94885],[-118.23832,47.94858],[-118.23792,47.94858],[-118.23792,47.94804],[-118.23712,47.94804],[-118.23712,47.94777],[-118.2347,47.94777],[-118.2347,47.94804],[-118.2335,47.94804],[-118.2335,47.94777],[-118.23309,47.94777],[-118.23309,47.9475],[-118.2335,47.9475],[-118.2335,47.94723],[-118.23551,47.94723],[-118.23551,47.94696],[-118.23712,47.94696],[-118.23712,47.94669],[-118.23792,47.94669],[-118.23792,47.94642],[-118.23832,47.94642],[-118.23832,47.94669],[-118.24033,47.94669],[-118.24033,47.94696],[-118.24194,47.94696],[-118.24194,47.94723],[-118.24234,47.94723],[-118.24234,47.94696],[-118.24275,47.94696],[-118.24275,47.94669],[-118.24355,47.94669],[-118.24355,47.94642],[-118.24435,47.94642],[-118.24435,47.94615],[-118.24958,47.94615],[-118.24958,47.94507],[-118.24998,47.94507],[-118.24998,47.94481],[-118.25079,47.94454],[-118.25079,47.94427],[-118.2524,47.944],[-118.2524,47.94346],[-118.2528,47.94346],[-118.2528,47.94292],[-118.2536,47.94319],[-118.2536,47.94292],[-118.25441,47.94292],[-118.25441,47.94265],[-118.25521,47.94238],[-118.25521,47.94184],[-118.25602,47.94157],[-118.25602,47.94103],[-118.25682,47.94076],[-118.25682,47.94022],[-118.25722,47.94022],[-118.25722,47.93968],[-118.25763,47.93968],[-118.25763,47.93915],[-118.25843,47.93888],[-118.25843,47.93861],[-118.25883,47.93861],[-118.25883,47.93834],[-118.25923,47.93834],[-118.25923,47.9378],[-118.25964,47.9378],[-118.25964,47.93753],[-118.26004,47.93753],[-118.26004,47.93699],[-118.26044,47.93699],[-118.26044,47.93591],[-118.26084,47.93591],[-118.26084,47.93537],[-118.26124,47.93537],[-118.26124,47.9351],[-118.26245,47.9351],[-118.26245,47.93483],[-118.26647,47.93483],[-118.26647,47.9351],[-118.26728,47.9351],[-118.26728,47.93483],[-118.26768,47.93483],[-118.26768,47.93456],[-118.26808,47.93456],[-118.26808,47.93429],[-118.26889,47.93429],[-118.26889,47.93403],[-118.27009,47.93403],[-118.27009,47.93429],[-118.2717,47.93429],[-118.2717,47.93403],[-118.2725,47.93376],[-118.2725,47.93349],[-118.27492,47.93349],[-118.27492,47.93295],[-118.27532,47.93295],[-118.27532,47.93214],[-118.27572,47.93214],[-118.27572,47.93187],[-118.27733,47.93187],[-118.27733,47.9316],[-118.27773,47.9316],[-118.27773,47.92944],[-118.27813,47.92944],[-118.27813,47.92917],[-118.27934,47.92917],[-118.27934,47.9289],[-118.28055,47.9289],[-118.28055,47.92864],[-118.28216,47.92864],[-118.28216,47.92837],[-118.28376,47.9281],[-118.28376,47.92756],[-118.28336,47.92756],[-118.28336,47.92702],[-118.28376,47.92702],[-118.28376,47.92675],[-118.28457,47.92648],[-118.28457,47.92621],[-118.28537,47.92621],[-118.28537,47.92594],[-118.28618,47.92594],[-118.28618,47.92567],[-118.28658,47.92567],[-118.28658,47.9254],[-118.28618,47.9254],[-118.28618,47.92432],[-118.28577,47.92432],[-118.28577,47.92325],[-118.28618,47.92325],[-118.28618,47.92271],[-118.28658,47.92271],[-118.28658,47.92217],[-118.28698,47.92217],[-118.28698,47.92136],[-118.28779,47.92109],[-118.28779,47.92082],[-118.291,47.92082],[-118.291,47.92109],[-118.29221,47.92109],[-118.29221,47.92136],[-118.29382,47.92136],[-118.29382,47.92109],[-118.29422,47.92109],[-118.29422,47.92082],[-118.29543,47.92082],[-118.29543,47.92055],[-118.29623,47.92055],[-118.29623,47.92028],[-118.29744,47.92028],[-118.29744,47.92001],[-118.29824,47.92001],[-118.29824,47.91974],[-118.29864,47.91974],[-118.29864,47.91947],[-118.29905,47.91947],[-118.29905,47.9192],[-118.29945,47.9192],[-118.29945,47.91893],[-118.29985,47.91893],[-118.29985,47.91866],[-118.30065,47.91839],[-118.30065,47.91813],[-118.30106,47.91813],[-118.30106,47.91786],[-118.30146,47.91786],[-118.30146,47.91732],[-118.30226,47.91705],[-118.30226,47.91678],[-118.30266,47.91678],[-118.30266,47.91651],[-118.30347,47.91651],[-118.30347,47.91624],[-118.30508,47.91597],[-118.30508,47.9157],[-118.30548,47.9157],[-118.30548,47.91543],[-118.30628,47.91543],[-118.30628,47.91435],[-118.30669,47.91435],[-118.30669,47.91408],[-118.30789,47.91408],[-118.30789,47.91381],[-118.3087,47.91381],[-118.3087,47.91327],[-118.3091,47.91327],[-118.3091,47.91274],[-118.3095,47.91274],[-118.3095,47.91247],[-118.31031,47.91247],[-118.31031,47.9122],[-118.31151,47.9122],[-118.31151,47.91193],[-118.31191,47.91193],[-118.31191,47.91166],[-118.31272,47.91166],[-118.31272,47.91139],[-118.31513,47.91112],[-118.31513,47.91085],[-118.31553,47.91085],[-118.31553,47.91058],[-118.31634,47.91058],[-118.31634,47.91031],[-118.31674,47.91031],[-118.31674,47.91004],[-118.31754,47.91004],[-118.31754,47.90977],[-118.31795,47.90977],[-118.31795,47.90923],[-118.31875,47.90896],[-118.31875,47.90869],[-118.31835,47.90869],[-118.31835,47.90761],[-118.31875,47.90761],[-118.31875,47.90735],[-118.31955,47.90735],[-118.31955,47.90708],[-118.32116,47.90735],[-118.32116,47.90708],[-118.32398,47.90708],[-118.32398,47.90681],[-118.32559,47.90681],[-118.32559,47.90654],[-118.32639,47.90654],[-118.32639,47.90627],[-118.3276,47.90627],[-118.3276,47.906],[-118.3288,47.906],[-118.3288,47.90573],[-118.33041,47.90546],[-118.33041,47.90519],[-118.33242,47.90519],[-118.33242,47.90546],[-118.33282,47.90546],[-118.33282,47.90573],[-118.33363,47.90573],[-118.33363,47.906],[-118.33443,47.90627],[-118.33443,47.90573],[-118.33484,47.90573],[-118.33484,47.90465],[-118.33564,47.90465],[-118.33564,47.90627],[-118.33604,47.90627],[-118.33604,47.90681],[-118.33644,47.90681],[-118.33644,47.90735],[-118.33685,47.90735],[-118.33685,47.90788],[-118.33725,47.90788],[-118.33725,47.90815],[-118.33805,47.90842],[-118.33805,47.91112],[-118.33765,47.91112],[-118.33765,47.91193],[-118.33725,47.91193],[-118.33725,47.91274],[-118.33644,47.913],[-118.33644,47.91354],[-118.33604,47.91354],[-118.33604,47.91408],[-118.33564,47.91408],[-118.33564,47.91462],[-118.33524,47.91462],[-118.33524,47.91516],[-118.33484,47.91516],[-118.33484,47.91597],[-118.33443,47.91597],[-118.33443,47.91705],[-118.33282,47.91732],[-118.33282,47.91678],[-118.33242,47.91678],[-118.33242,47.91624],[-118.33202,47.91624],[-118.33202,47.91597],[-118.33122,47.91597],[-118.33122,47.91624],[-118.33081,47.91624],[-118.33081,47.91651],[-118.33001,47.91678],[-118.33001,47.91732],[-118.32961,47.91732],[-118.32961,47.91759],[-118.33001,47.91759],[-118.33001,47.91839],[-118.33041,47.91839],[-118.33041,47.91866],[-118.33001,47.91866],[-118.33001,47.91947],[-118.33041,47.91947],[-118.33041,47.92082],[-118.33001,47.92082],[-118.33001,47.92109],[-118.33041,47.92109],[-118.33041,47.92136],[-118.33001,47.92136],[-118.33001,47.92217],[-118.32961,47.92217],[-118.32961,47.92244],[-118.32921,47.92244],[-118.32921,47.92271],[-118.3288,47.92271],[-118.3288,47.92298],[-118.32921,47.92298],[-118.32921,47.92325],[-118.3288,47.92325],[-118.3288,47.92378],[-118.3284,47.92378],[-118.3284,47.92459],[-118.3288,47.92459],[-118.3288,47.92513],[-118.3284,47.92513],[-118.3284,47.92567],[-118.328,47.92567],[-118.328,47.92594],[-118.3276,47.92594],[-118.3276,47.92621],[-118.32679,47.92648],[-118.32679,47.92702],[-118.3276,47.92702],[-118.3276,47.92756],[-118.32679,47.92783],[-118.32679,47.92864],[-118.32719,47.92864],[-118.32719,47.92917],[-118.3276,47.92917],[-118.3276,47.93025],[-118.32719,47.93025],[-118.32719,47.93079],[-118.32639,47.93106],[-118.32639,47.9316],[-118.32599,47.9316],[-118.32599,47.93214],[-118.32639,47.93214],[-118.32639,47.93268],[-118.32679,47.93268],[-118.32679,47.93322],[-118.32719,47.93322],[-118.32719,47.93376],[-118.3276,47.93376],[-118.3276,47.93429],[-118.3284,47.93456],[-118.3284,47.93618],[-118.328,47.93618],[-118.328,47.93672],[-118.3276,47.93672],[-118.3276,47.93861],[-118.328,47.93861],[-118.328,47.93915],[-118.3284,47.93915],[-118.3284,47.93942],[-118.328,47.93942],[-118.328,47.93968],[-118.3284,47.93968],[-118.3284,47.93995],[-118.328,47.93995],[-118.328,47.94022],[-118.3276,47.94022],[-118.3276,47.94049],[-118.32639,47.94049],[-118.32639,47.94076],[-118.32518,47.94076],[-118.32518,47.94103],[-118.32478,47.94103],[-118.32478,47.94157],[-118.32518,47.94157],[-118.32518,47.94211],[-118.32478,47.94211],[-118.32478,47.94238],[-118.32559,47.94265],[-118.32559,47.94319],[-118.32599,47.94319],[-118.32599,47.94373],[-118.32639,47.94373],[-118.32639,47.944],[-118.32599,47.944],[-118.32599,47.94427],[-118.32639,47.94427],[-118.32639,47.94481],[-118.32559,47.94481],[-118.32559,47.94561],[-118.32518,47.94561],[-118.32518,47.94588],[-118.32559,47.94588],[-118.32559,47.94615],[-118.32518,47.94615],[-118.32518,47.94642],[-118.32559,47.94642],[-118.32559,47.94669],[-118.32518,47.94669],[-118.32518,47.94777],[-118.32438,47.94777],[-118.32438,47.94858],[-118.32398,47.94858],[-118.32398,47.94885],[-118.32358,47.94885],[-118.32358,47.94912],[-118.32277,47.94912],[-118.32277,47.94966],[-118.32197,47.94993],[-118.32197,47.95019],[-118.32237,47.95019],[-118.32237,47.95046],[-118.32197,47.95046],[-118.32197,47.95073],[-118.32237,47.95073],[-118.32237,47.951],[-118.32197,47.951],[-118.32197,47.95181],[-118.32237,47.95181],[-118.32237,47.95208],[-118.32197,47.95208],[-118.32197,47.95235],[-118.32237,47.95235],[-118.32237,47.95262],[-118.32197,47.95262],[-118.32197,47.95289],[-118.32116,47.95316],[-118.32116,47.9537],[-118.32036,47.9537],[-118.32036,47.95397],[-118.32076,47.95397],[-118.32076,47.95424],[-118.32036,47.95424],[-118.32036,47.95451],[-118.32237,47.95451],[-118.32237,47.95478],[-118.32197,47.95478],[-118.32197,47.95532],[-118.32036,47.95532],[-118.32036,47.95558],[-118.31955,47.95532],[-118.31955,47.95558],[-118.31915,47.95558],[-118.31915,47.95505],[-118.31835,47.95478],[-118.31835,47.95451],[-118.31795,47.95451],[-118.31795,47.95424],[-118.31754,47.95424],[-118.31754,47.9537],[-118.31714,47.9537],[-118.31714,47.95343],[-118.31754,47.95343],[-118.31754,47.95289],[-118.31714,47.95289],[-118.31714,47.95262],[-118.31674,47.95262],[-118.31674,47.95289],[-118.31594,47.95289],[-118.31594,47.95262],[-118.31553,47.95262],[-118.31553,47.95235],[-118.31513,47.95235],[-118.31513,47.95262],[-118.31433,47.95262]],[[-118.31634,47.95262],[-118.31634,47.95235],[-118.31594,47.95235],[-118.31594,47.95262],[-118.31634,47.95262]],[[-118.24275,47.95505],[-118.24234,47.95505],[-118.24234,47.95532],[-118.24275,47.95532],[-118.24275,47.95505]],[[-118.31594,47.95127],[-118.31553,47.95127],[-118.31553,47.95181],[-118.31594,47.95181],[-118.31594,47.95208],[-118.31674,47.95181],[-118.31674,47.951],[-118.31594,47.951],[-118.31594,47.95127]],[[-118.31795,47.94966],[-118.31835,47.94966],[-118.31835,47.94939],[-118.31915,47.94912],[-118.31915,47.94831],[-118.31875,47.94831],[-118.31875,47.94858],[-118.31795,47.94885],[-118.31795,47.94939],[-118.31714,47.94939],[-118.31714,47.94993],[-118.31634,47.94993],[-118.31634,47.95073],[-118.31674,47.95073],[-118.31674,47.95046],[-118.31754,47.95046],[-118.31754,47.94993],[-118.31795,47.94993],[-118.31795,47.94966]],[[-118.24596,47.94993],[-118.24556,47.94993],[-118.24556,47.95019],[-118.24596,47.95019],[-118.24596,47.94993]],[[-118.30669,47.94939],[-118.30628,47.94939],[-118.30628,47.94966],[-118.30669,47.94966],[-118.30669,47.94939]],[[-118.3099,47.94696],[-118.3095,47.94696],[-118.3095,47.94723],[-118.3099,47.94723],[-118.3099,47.94696]],[[-118.3087,47.94588],[-118.30829,47.94588],[-118.30829,47.94615],[-118.3087,47.94615],[-118.3087,47.94588]],[[-118.31191,47.94534],[-118.31151,47.94534],[-118.31151,47.94561],[-118.31191,47.94561],[-118.31191,47.94534]],[[-118.2524,47.94507],[-118.252,47.94507],[-118.252,47.94534],[-118.2524,47.94534],[-118.2524,47.94507]],[[-118.25401,47.94373],[-118.2536,47.94373],[-118.2536,47.944],[-118.25401,47.944],[-118.25401,47.94373]]],[[[-118.2532,47.94157],[-118.2532,47.9413],[-118.2536,47.9413],[-118.2536,47.94157],[-118.2532,47.94157]]]]},"properties":{"layer":"predicted_reach_h15","fire_name":"Mitre_Rock","irwin_id":"{C11A3685-C035-4241-A17C-8076EE99619D}","model":"arrival_run","checkpoint_epoch":216,"decode":"connected_causal","operating_point":{"floor":0.0,"mult":0.9},"val_precision":null,"val_recall":null,"model_caveat":"arrival_run chosen for best RECALL among the six FlameFlux v3 candidates on the production-valid t0-window corpus (R=0.624 on the fc2 held-out fires, R=0.432 on Dillon -- see candidate_comparison.md from the 2026-07-24 comparison). It does NOT meet the project's P>=0.50/R>=0.80 target: precision is the WORST of the six (P=0.120 on fc2 -- most flagged growth is wrong), and wind_run actually edges it on F1. IMPORTANT CAVEAT: arrival_run trained on the leaky 'observed' corpus (crop centered/sized on t0|t1, i.e. it saw the future perimeter's geometry during training) and has NEVER seen a t0-window crop -- the ONLY geometry this live pipeline can ever produce at forecast time (the future perimeter is, by definition, unknown). So every live prediction from this model is out-of-distribution relative to its own training. The measured t0-window numbers above already reflect that (they are not a surprise), but this is 'best available', not 'production-ready' -- represent it that way. The operating_point (floor=0.0, mult=0.9) is the VAL-selected connected-causal decode point; it did NOT clear the 0.50 precision floor during selection (feasible=False, val P=0.270/R=0.259) -- it's the best-F1 fallback point, not a precision-guaranteed one.","issued_at_utc":"2026-08-05 10:59:55.016141+00:00","valid_from_utc":"2026-08-05 00:00:00","valid_to_utc":"2026-08-06 00:00:00","wfigs_date_current_utc":"2026-08-05 10:16:25+00:00","pixel_size_m":30,"veg_source":"refreshed_d4","physics_source":"eikonal_fbfm40","history_n_dates":4,"degraded_history":false,"containment_pct":0.0,"acres_wfigs":4439.297279101989,"hour":15,"valid_at_utc":"2026-08-05 15:00:00"}},{"type":"Feature","geometry":{"type":"MultiPolygon","coordinates":[[[[-118.31473,47.90788],[-118.31473,47.90761],[-118.31513,47.90761],[-118.31513,47.90869],[-118.31433,47.90842],[-118.31433,47.90788],[-118.31473,47.90788]]],[[[-118.3091,47.90869],[-118.3091,47.90896],[-118.3095,47.90896],[-118.3095,47.9095],[-118.31071,47.9095],[-118.31071,47.90896],[-118.31111,47.90896],[-118.31111,47.90869],[-118.31191,47.90869],[-118.31191,47.90842],[-118.31232,47.90842],[-118.31232,47.90869],[-118.31272,47.90869],[-118.31272,47.90896],[-118.31232,47.90896],[-118.31232,47.9095],[-118.31151,47.9095],[-118.31151,47.90977],[-118.31111,47.90977],[-118.31111,47.91031],[-118.31031,47.91031],[-118.31031,47.91058],[-118.3099,47.91058],[-118.3099,47.91085],[-118.3091,47.91085],[-118.3091,47.91112],[-118.3087,47.91112],[-118.3087,47.91139],[-118.30829,47.91139],[-118.30829,47.91193],[-118.30749,47.9122],[-118.30749,47.91274],[-118.30669,47.913],[-118.30669,47.91327],[-118.30628,47.91327],[-118.30628,47.91354],[-118.30468,47.91381],[-118.30468,47.91435],[-118.30427,47.91435],[-118.30427,47.91462],[-118.30387,47.91462],[-118.30387,47.91489],[-118.30347,47.91489],[-118.30347,47.91516],[-118.30307,47.91516],[-118.30307,47.91543],[-118.30186,47.91543],[-118.30186,47.9157],[-118.30025,47.9157],[-118.30025,47.91597],[-118.29744,47.91597],[-118.29744,47.91624],[-118.29663,47.91624],[-118.29663,47.91651],[-118.29502,47.91651],[-118.29502,47.91678],[-118.29342,47.91705],[-118.29342,47.91732],[-118.29301,47.91732],[-118.29301,47.91759],[-118.29261,47.91759],[-118.29261,47.91786],[-118.29221,47.91786],[-118.29221,47.91813],[-118.2914,47.91839],[-118.2914,47.91866],[-118.291,47.91866],[-118.291,47.91893],[-118.2902,47.91893],[-118.2902,47.9192],[-118.2898,47.9192],[-118.2898,47.91947],[-118.28939,47.91947],[-118.28939,47.91974],[-118.28859,47.91974],[-118.28859,47.92001],[-118.28819,47.92001],[-118.28819,47.92028],[-118.28779,47.92028],[-118.28779,47.92055],[-118.28698,47.92055],[-118.28698,47.92082],[-118.28537,47.92109],[-118.28537,47.92136],[-118.28497,47.92136],[-118.28497,47.92163],[-118.28376,47.92163],[-118.28376,47.92136],[-118.28296,47.92136],[-118.28296,47.92163],[-118.28256,47.92163],[-118.28256,47.9219],[-118.28135,47.9219],[-118.28135,47.92163],[-118.28175,47.92163],[-118.28175,47.92136],[-118.28256,47.92136],[-118.28256,47.92055],[-118.28296,47.92055],[-118.28296,47.92001],[-118.28336,47.92001],[-118.28336,47.91839],[-118.28376,47.91839],[-118.28376,47.9157],[-118.28417,47.9157],[-118.28417,47.91489],[-118.28457,47.91489],[-118.28457,47.91462],[-118.28819,47.91462],[-118.28819,47.91435],[-118.28899,47.91435],[-118.28899,47.91381],[-118.291,47.91381],[-118.291,47.91354],[-118.29181,47.91354],[-118.29181,47.91327],[-118.29261,47.91327],[-118.29261,47.913],[-118.29382,47.913],[-118.29382,47.91327],[-118.29462,47.91327],[-118.29462,47.91354],[-118.29502,47.91354],[-118.29502,47.91381],[-118.29583,47.91381],[-118.29583,47.91354],[-118.29623,47.91354],[-118.29623,47.913],[-118.29583,47.913],[-118.29583,47.91247],[-118.29543,47.91247],[-118.29543,47.91139],[-118.29583,47.91139],[-118.29583,47.91058],[-118.29623,47.91058],[-118.29623,47.91004],[-118.29663,47.91004],[-118.29663,47.90977],[-118.29744,47.90977],[-118.29744,47.9095],[-118.29905,47.9095],[-118.29905,47.90977],[-118.30025,47.90977],[-118.30025,47.9095],[-118.30065,47.9095],[-118.30065,47.90923],[-118.30106,47.90923],[-118.30106,47.90896],[-118.30307,47.90896],[-118.30307,47.90869],[-118.30347,47.90869],[-118.30347,47.90842],[-118.30508,47.90842],[-118.30508,47.90815],[-118.30588,47.90815],[-118.30588,47.90788],[-118.30709,47.90788],[-118.30709,47.90761],[-118.30749,47.90761],[-118.30749,47.90735],[-118.30829,47.90735],[-118.30829,47.90815],[-118.3095,47.90815],[-118.3095,47.90869],[-118.3091,47.90869]],[[-118.30749,47.90788],[-118.30789,47.90788],[-118.30789,47.90761],[-118.30749,47.90761],[-118.30749,47.90788]],[[-118.30709,47.90869],[-118.30709,47.90896],[-118.30829,47.90896],[-118.30829,47.90869],[-118.30789,47.90869],[-118.30789,47.90842],[-118.30709,47.90869]]],[[[-118.33282,47.91839],[-118.33202,47.91839],[-118.33202,47.91786],[-118.33242,47.91786],[-118.33242,47.91813],[-118.33282,47.91813],[-118.33282,47.91839]]],[[[-118.33202,47.92082],[-118.33242,47.92082],[-118.33242,47.92109],[-118.33202,47.92109],[-118.33202,47.92082]]],[[[-118.33202,47.92136],[-118.33242,47.92136],[-118.33242,47.92163],[-118.33202,47.92163],[-118.33202,47.92136]]],[[[-118.27934,47.92244],[-118.27974,47.92244],[-118.27974,47.92271],[-118.27934,47.92271],[-118.27934,47.92244]]],[[[-118.27773,47.92271],[-118.27813,47.92271],[-118.27813,47.92298],[-118.27894,47.92271],[-118.27894,47.92298],[-118.27934,47.92298],[-118.27934,47.92325],[-118.27894,47.92325],[-118.27894,47.92352],[-118.27813,47.92352],[-118.27813,47.92378],[-118.27733,47.92378],[-118.27733,47.92405],[-118.27612,47.92405],[-118.27612,47.92352],[-118.27653,47.92352],[-118.27653,47.92298],[-118.27773,47.92298],[-118.27773,47.92271]]],[[[-118.27411,47.93241],[-118.27411,47.93214],[-118.27452,47.93214],[-118.27452,47.93241],[-118.27411,47.93241]]],[[[-118.32358,47.95073],[-118.32317,47.95073],[-118.32317,47.951],[-118.32358,47.951],[-118.32358,47.95127],[-118.32317,47.95127],[-118.32317,47.95154],[-118.32358,47.95154],[-118.32358,47.95235],[-118.32398,47.95235],[-118.32398,47.95262],[-118.32358,47.95262],[-118.32358,47.95343],[-118.32398,47.95343],[-118.32398,47.9537],[-118.32358,47.9537],[-118.32358,47.95397],[-118.32438,47.95397],[-118.32438,47.95478],[-118.32398,47.95478],[-118.32398,47.95505],[-118.32358,47.95505],[-118.32358,47.95532],[-118.32277,47.95532],[-118.32277,47.95558],[-118.32237,47.95558],[-118.32237,47.95585],[-118.32157,47.95558],[-118.32157,47.95585],[-118.32076,47.95612],[-118.32076,47.95639],[-118.31875,47.95639],[-118.31875,47.95666],[-118.31835,47.95666],[-118.31835,47.95639],[-118.31714,47.95639],[-118.31714,47.95612],[-118.31674,47.95612],[-118.31674,47.95585],[-118.31594,47.95558],[-118.31594,47.95532],[-118.31473,47.95532],[-118.31473,47.95505],[-118.31513,47.95505],[-118.31513,47.95478],[-118.31433,47.95478],[-118.31433,47.95451],[-118.31473,47.95451],[-118.31473,47.95424],[-118.31392,47.95424],[-118.31392,47.95397],[-118.31352,47.95397],[-118.31352,47.95424],[-118.31312,47.95424],[-118.31312,47.95397],[-118.31232,47.95397],[-118.31232,47.95424],[-118.31191,47.95424],[-118.31191,47.95451],[-118.31111,47.95451],[-118.31111,47.95478],[-118.31071,47.95478],[-118.31071,47.95532],[-118.31031,47.95532],[-118.31031,47.95558],[-118.3095,47.95585],[-118.3095,47.95612],[-118.30749,47.95612],[-118.30749,47.95639],[-118.30669,47.95639],[-118.30669,47.95666],[-118.30548,47.95666],[-118.30548,47.95639],[-118.30508,47.95639],[-118.30508,47.95532],[-118.30588,47.95532],[-118.30588,47.95424],[-118.30508,47.95424],[-118.30508,47.95397],[-118.30468,47.95397],[-118.30468,47.95424],[-118.30427,47.95424],[-118.30427,47.95478],[-118.30347,47.95478],[-118.30347,47.95505],[-118.30226,47.95505],[-118.30226,47.95532],[-118.30186,47.95532],[-118.30186,47.95639],[-118.30146,47.95639],[-118.30146,47.95666],[-118.29623,47.95666],[-118.29623,47.95639],[-118.29502,47.95639],[-118.29502,47.95666],[-118.29422,47.95666],[-118.29422,47.95639],[-118.29382,47.95639],[-118.29382,47.95666],[-118.29221,47.95666],[-118.29221,47.95693],[-118.2898,47.95693],[-118.2898,47.9572],[-118.28899,47.9572],[-118.28899,47.95747],[-118.28819,47.95747],[-118.28819,47.95774],[-118.28658,47.95801],[-118.28658,47.95828],[-118.28497,47.95828],[-118.28497,47.95855],[-118.28376,47.95855],[-118.28376,47.95882],[-118.28296,47.95909],[-118.28296,47.95963],[-118.28256,47.95963],[-118.28256,47.96017],[-118.28216,47.96017],[-118.28216,47.96071],[-118.28175,47.96071],[-118.28175,47.96124],[-118.28135,47.96124],[-118.28135,47.96151],[-118.28095,47.96151],[-118.28095,47.96178],[-118.28014,47.96205],[-118.28014,47.96259],[-118.27934,47.96259],[-118.27934,47.9634],[-118.27894,47.9634],[-118.27894,47.96367],[-118.27854,47.96367],[-118.27854,47.96394],[-118.27813,47.96394],[-118.27813,47.96421],[-118.27773,47.96421],[-118.27773,47.96448],[-118.27693,47.96475],[-118.27693,47.96529],[-118.27653,47.96529],[-118.27653,47.96556],[-118.27612,47.96556],[-118.27612,47.96583],[-118.27532,47.96583],[-118.27532,47.9661],[-118.27452,47.9661],[-118.27452,47.96636],[-118.2721,47.96636],[-118.2721,47.9669],[-118.27291,47.9669],[-118.27291,47.96717],[-118.2721,47.96744],[-118.2721,47.96852],[-118.2717,47.96852],[-118.2717,47.96798],[-118.2709,47.96798],[-118.2709,47.96744],[-118.2713,47.96744],[-118.2713,47.96717],[-118.2709,47.96717],[-118.2709,47.9669],[-118.2717,47.9669],[-118.2717,47.9661],[-118.2713,47.9661],[-118.2713,47.96583],[-118.27049,47.96556],[-118.27049,47.96583],[-118.27009,47.96583],[-118.27009,47.96636],[-118.27049,47.96636],[-118.27049,47.96825],[-118.27009,47.96825],[-118.27009,47.96852],[-118.26969,47.96852],[-118.26969,47.96879],[-118.26929,47.96879],[-118.26929,47.96906],[-118.26889,47.96906],[-118.26889,47.96933],[-118.26808,47.96933],[-118.26808,47.96987],[-118.26687,47.96987],[-118.26687,47.97014],[-118.26486,47.97014],[-118.26486,47.97041],[-118.26366,47.97041],[-118.26366,47.97068],[-118.26326,47.97068],[-118.26326,47.97095],[-118.26205,47.97095],[-118.26205,47.97122],[-118.25964,47.97122],[-118.25964,47.97148],[-118.25883,47.97148],[-118.25883,47.97122],[-118.25561,47.97122],[-118.25561,47.97148],[-118.25481,47.97175],[-118.25481,47.97256],[-118.25521,47.97256],[-118.25521,47.9731],[-118.25682,47.9731],[-118.25682,47.97337],[-118.25602,47.97364],[-118.25602,47.97391],[-118.25481,47.97391],[-118.25481,47.97364],[-118.25441,47.97364],[-118.25441,47.97337],[-118.2524,47.97337],[-118.2524,47.97364],[-118.252,47.97364],[-118.252,47.97391],[-118.25079,47.97391],[-118.25079,47.97364],[-118.24998,47.97337],[-118.24998,47.9731],[-118.25039,47.9731],[-118.25039,47.97283],[-118.24918,47.97283],[-118.24918,47.97256],[-118.24998,47.97256],[-118.24998,47.97229],[-118.24757,47.97229],[-118.24757,47.97202],[-118.24717,47.97202],[-118.24717,47.97175],[-118.24677,47.97175],[-118.24677,47.97148],[-118.24596,47.97122],[-118.24596,47.97068],[-118.24556,47.97068],[-118.24556,47.97041],[-118.24516,47.97041],[-118.24516,47.97014],[-118.24476,47.97014],[-118.24476,47.96798],[-118.24435,47.96798],[-118.24435,47.9669],[-118.24395,47.9669],[-118.24395,47.9661],[-118.24315,47.96583],[-118.24315,47.96556],[-118.24234,47.96556],[-118.24234,47.96529],[-118.24154,47.96529],[-118.24154,47.96502],[-118.24114,47.96502],[-118.24114,47.96475],[-118.24074,47.96475],[-118.24074,47.96421],[-118.24033,47.96421],[-118.24033,47.96394],[-118.23953,47.96367],[-118.23953,47.96313],[-118.23913,47.96313],[-118.23913,47.96205],[-118.23872,47.96205],[-118.23872,47.96178],[-118.23913,47.96178],[-118.23913,47.96151],[-118.23872,47.96151],[-118.23872,47.96044],[-118.23792,47.96017],[-118.23792,47.95936],[-118.23752,47.95936],[-118.23752,47.95855],[-118.23792,47.95855],[-118.23792,47.95828],[-118.23752,47.95828],[-118.23752,47.95801],[-118.23792,47.95801],[-118.23792,47.95774],[-118.23752,47.95774],[-118.23752,47.95666],[-118.23712,47.95666],[-118.23712,47.95532],[-118.23752,47.95532],[-118.23752,47.95505],[-118.23712,47.95505],[-118.23712,47.95451],[-118.23671,47.95451],[-118.23671,47.9537],[-118.23712,47.9537],[-118.23712,47.95343],[-118.23671,47.95343],[-118.23671,47.95316],[-118.23712,47.95316],[-118.23712,47.95289],[-118.23671,47.95289],[-118.23671,47.95046],[-118.23712,47.95046],[-118.23712,47.94993],[-118.23752,47.94993],[-118.23752,47.94966],[-118.23712,47.94966],[-118.23712,47.94939],[-118.23752,47.94939],[-118.23752,47.94804],[-118.23671,47.94804],[-118.23671,47.94777],[-118.23511,47.94777],[-118.23511,47.94804],[-118.2343,47.94804],[-118.2343,47.94831],[-118.2339,47.94831],[-118.2339,47.94804],[-118.2335,47.94804],[-118.2335,47.94777],[-118.23309,47.94777],[-118.23309,47.9475],[-118.2335,47.9475],[-118.2335,47.94723],[-118.23511,47.94723],[-118.23511,47.94696],[-118.23712,47.94696],[-118.23712,47.94642],[-118.23872,47.94642],[-118.23872,47.94669],[-118.24154,47.94669],[-118.24154,47.94696],[-118.24234,47.94696],[-118.24234,47.94669],[-118.24315,47.94669],[-118.24315,47.94642],[-118.24395,47.94642],[-118.24395,47.94615],[-118.24878,47.94615],[-118.24878,47.94588],[-118.24958,47.94588],[-118.24958,47.94454],[-118.24998,47.94454],[-118.24998,47.944],[-118.25079,47.944],[-118.25079,47.94373],[-118.24998,47.94373],[-118.24998,47.94346],[-118.25039,47.94346],[-118.25039,47.94319],[-118.25079,47.94319],[-118.25079,47.94184],[-118.25119,47.94184],[-118.25119,47.94157],[-118.25079,47.94157],[-118.25079,47.9413],[-118.25119,47.9413],[-118.25119,47.94103],[-118.252,47.94076],[-118.252,47.94049],[-118.25159,47.94049],[-118.25159,47.94022],[-118.2528,47.94022],[-118.2528,47.93995],[-118.2524,47.93995],[-118.2524,47.93968],[-118.2536,47.93968],[-118.2536,47.93942],[-118.25401,47.93942],[-118.25401,47.93915],[-118.25521,47.93915],[-118.25521,47.93888],[-118.25481,47.93888],[-118.25481,47.93861],[-118.25521,47.93861],[-118.25521,47.93834],[-118.25481,47.93834],[-118.25481,47.93807],[-118.25521,47.93807],[-118.25521,47.93618],[-118.25481,47.93618],[-118.25481,47.93591],[-118.25521,47.93591],[-118.25521,47.93564],[-118.25602,47.93591],[-118.25602,47.93618],[-118.25561,47.93618],[-118.25561,47.93645],[-118.25642,47.93645],[-118.25642,47.93699],[-118.25763,47.93699],[-118.25763,47.93726],[-118.25803,47.93726],[-118.25803,47.93699],[-118.25843,47.93699],[-118.25843,47.93672],[-118.25803,47.93672],[-118.25803,47.93645],[-118.25883,47.93645],[-118.25883,47.93591],[-118.26044,47.93591],[-118.26044,47.93537],[-118.26084,47.93537],[-118.26084,47.9351],[-118.26165,47.9351],[-118.26165,47.93483],[-118.26366,47.93483],[-118.26366,47.93456],[-118.26406,47.93456],[-118.26406,47.93483],[-118.26768,47.93483],[-118.26768,47.93456],[-118.26808,47.93456],[-118.26808,47.93429],[-118.26848,47.93429],[-118.26848,47.93403],[-118.27009,47.93403],[-118.27009,47.93429],[-118.2713,47.93429],[-118.2713,47.93403],[-118.2721,47.93403],[-118.2721,47.93376],[-118.2725,47.93376],[-118.2725,47.93349],[-118.27331,47.93349],[-118.27331,47.93322],[-118.27492,47.93322],[-118.27492,47.93214],[-118.27532,47.93214],[-118.27532,47.93187],[-118.27492,47.93187],[-118.27492,47.9316],[-118.27653,47.9316],[-118.27653,47.93133],[-118.27693,47.93133],[-118.27693,47.9316],[-118.27773,47.9316],[-118.27773,47.93025],[-118.27733,47.93025],[-118.27733,47.92998],[-118.27773,47.92998],[-118.27773,47.92944],[-118.27813,47.92944],[-118.27813,47.92917],[-118.27894,47.92917],[-118.27894,47.9289],[-118.28014,47.9289],[-118.28014,47.92864],[-118.28175,47.92864],[-118.28175,47.92837],[-118.28296,47.92837],[-118.28296,47.9281],[-118.28336,47.9281],[-118.28336,47.92675],[-118.28376,47.92675],[-118.28376,47.92648],[-118.28457,47.92648],[-118.28457,47.92621],[-118.28497,47.92621],[-118.28497,47.92594],[-118.28618,47.92594],[-118.28618,47.92459],[-118.28577,47.92459],[-118.28577,47.92298],[-118.28618,47.92298],[-118.28618,47.92244],[-118.28658,47.92244],[-118.28658,47.9219],[-118.28698,47.9219],[-118.28698,47.92136],[-118.28738,47.92136],[-118.28738,47.92082],[-118.2914,47.92082],[-118.2914,47.92109],[-118.29221,47.92109],[-118.29221,47.92136],[-118.29342,47.92136],[-118.29342,47.92109],[-118.29422,47.92109],[-118.29422,47.92082],[-118.29543,47.92082],[-118.29543,47.92055],[-118.29583,47.92055],[-118.29583,47.92028],[-118.29703,47.92028],[-118.29703,47.92001],[-118.29864,47.91974],[-118.29864,47.91947],[-118.29905,47.91947],[-118.29905,47.9192],[-118.29945,47.9192],[-118.29945,47.91893],[-118.30025,47.91866],[-118.30025,47.91839],[-118.30106,47.91813],[-118.30106,47.91759],[-118.30146,47.91759],[-118.30146,47.91705],[-118.30186,47.91705],[-118.30186,47.91678],[-118.30266,47.91678],[-118.30266,47.91651],[-118.30347,47.91651],[-118.30347,47.91624],[-118.30387,47.91624],[-118.30387,47.91597],[-118.30508,47.91597],[-118.30508,47.9157],[-118.30548,47.9157],[-118.30548,47.91543],[-118.30628,47.91543],[-118.30628,47.91435],[-118.30669,47.91435],[-118.30669,47.91408],[-118.30749,47.91408],[-118.30749,47.91381],[-118.30829,47.91381],[-118.30829,47.91354],[-118.3091,47.91327],[-118.3091,47.91274],[-118.3095,47.91274],[-118.3095,47.91247],[-118.31031,47.91247],[-118.31031,47.9122],[-118.31111,47.9122],[-118.31111,47.91193],[-118.31272,47.91166],[-118.31272,47.91139],[-118.31352,47.91139],[-118.31352,47.91112],[-118.31473,47.91112],[-118.31473,47.91085],[-118.31513,47.91085],[-118.31513,47.91058],[-118.31594,47.91058],[-118.31594,47.91031],[-118.31674,47.91031],[-118.31674,47.91004],[-118.31754,47.91004],[-118.31754,47.90977],[-118.31795,47.90977],[-118.31795,47.90923],[-118.31835,47.90923],[-118.31835,47.90761],[-118.31875,47.90761],[-118.31875,47.90735],[-118.31915,47.90735],[-118.31915,47.90708],[-118.32237,47.90708],[-118.32237,47.90681],[-118.32277,47.90681],[-118.32277,47.90708],[-118.32398,47.90708],[-118.32398,47.90681],[-118.32518,47.90681],[-118.32518,47.90654],[-118.32599,47.90654],[-118.32599,47.90627],[-118.3276,47.90627],[-118.3276,47.906],[-118.3284,47.906],[-118.3284,47.90573],[-118.33001,47.90546],[-118.33001,47.90519],[-118.33282,47.90519],[-118.33282,47.90573],[-118.33443,47.90573],[-118.33443,47.90519],[-118.33484,47.90519],[-118.33484,47.90465],[-118.33564,47.90465],[-118.33564,47.90546],[-118.33604,47.90546],[-118.33604,47.90573],[-118.33564,47.90573],[-118.33564,47.90627],[-118.33604,47.90627],[-118.33604,47.90681],[-118.33644,47.90681],[-118.33644,47.90735],[-118.33685,47.90735],[-118.33685,47.90788],[-118.33765,47.90815],[-118.33765,47.90842],[-118.33805,47.90842],[-118.33805,47.90896],[-118.33845,47.90896],[-118.33845,47.91112],[-118.33805,47.91112],[-118.33805,47.91166],[-118.33765,47.91166],[-118.33765,47.91274],[-118.33685,47.913],[-118.33685,47.91435],[-118.33725,47.91435],[-118.33725,47.91462],[-118.33685,47.91462],[-118.33685,47.91489],[-118.33725,47.91489],[-118.33725,47.91516],[-118.33644,47.91516],[-118.33644,47.9157],[-118.33484,47.9157],[-118.33484,47.91678],[-118.33443,47.91678],[-118.33443,47.91732],[-118.33282,47.91759],[-118.33282,47.91732],[-118.33242,47.91732],[-118.33242,47.91651],[-118.33202,47.91651],[-118.33202,47.91624],[-118.33162,47.91624],[-118.33162,47.91597],[-118.33122,47.91597],[-118.33122,47.91624],[-118.33081,47.91624],[-118.33081,47.91651],[-118.33041,47.91651],[-118.33041,47.91705],[-118.33001,47.91705],[-118.33001,47.91732],[-118.33041,47.91732],[-118.33041,47.91974],[-118.33081,47.91974],[-118.33081,47.92109],[-118.33041,47.92109],[-118.33041,47.92163],[-118.33081,47.92163],[-118.33081,47.92217],[-118.33001,47.92217],[-118.33001,47.92271],[-118.32961,47.92271],[-118.32961,47.92298],[-118.33001,47.92298],[-118.33001,47.92405],[-118.3288,47.92405],[-118.3288,47.92459],[-118.32921,47.92459],[-118.32921,47.92486],[-118.3288,47.92486],[-118.3288,47.9254],[-118.3284,47.9254],[-118.3284,47.92594],[-118.32921,47.92567],[-118.32921,47.92648],[-118.32961,47.92648],[-118.32961,47.92675],[-118.33001,47.92675],[-118.33001,47.92648],[-118.33081,47.92648],[-118.33081,47.92702],[-118.32921,47.92702],[-118.32921,47.92729],[-118.3284,47.92729],[-118.3284,47.92783],[-118.3276,47.92783],[-118.3276,47.9281],[-118.32719,47.9281],[-118.32719,47.92864],[-118.328,47.9289],[-118.328,47.92971],[-118.3276,47.92971],[-118.3276,47.93079],[-118.32719,47.93079],[-118.32719,47.93106],[-118.32679,47.93106],[-118.32679,47.93133],[-118.32639,47.93133],[-118.32639,47.93214],[-118.32679,47.93214],[-118.32679,47.93295],[-118.32719,47.93295],[-118.32719,47.93349],[-118.328,47.93376],[-118.328,47.93429],[-118.3288,47.93429],[-118.3288,47.93483],[-118.32921,47.93483],[-118.32921,47.9351],[-118.3288,47.9351],[-118.3288,47.93537],[-118.32921,47.93537],[-118.32921,47.93564],[-118.3288,47.93564],[-118.3288,47.93672],[-118.3284,47.93672],[-118.3284,47.93915],[-118.3288,47.93915],[-118.3288,47.93995],[-118.3284,47.93995],[-118.3284,47.94049],[-118.3276,47.94049],[-118.3276,47.94076],[-118.32599,47.94076],[-118.32599,47.94103],[-118.32559,47.94103],[-118.32559,47.9413],[-118.32599,47.9413],[-118.32599,47.94211],[-118.32639,47.94211],[-118.32639,47.94238],[-118.32599,47.94238],[-118.32599,47.94265],[-118.32639,47.94265],[-118.32639,47.94319],[-118.32679,47.94319],[-118.32679,47.94588],[-118.32639,47.94588],[-118.32639,47.94615],[-118.32679,47.94615],[-118.32679,47.94669],[-118.32599,47.94669],[-118.32599,47.9475],[-118.32679,47.94777],[-118.32679,47.94912],[-118.32599,47.94885],[-118.32599,47.94939],[-118.32518,47.94939],[-118.32518,47.94966],[-118.32478,47.94966],[-118.32478,47.94993],[-118.32438,47.94993],[-118.32438,47.95019],[-118.32358,47.94993],[-118.32358,47.95073]],[[-118.25722,47.93726],[-118.25722,47.93753],[-118.25763,47.93753],[-118.25763,47.93726],[-118.25722,47.93726]],[[-118.32921,47.92298],[-118.32921,47.92325],[-118.32961,47.92325],[-118.32961,47.92298],[-118.32921,47.92298]],[[-118.24234,47.95505],[-118.24234,47.95532],[-118.24275,47.95532],[-118.24275,47.95505],[-118.24234,47.95505]],[[-118.24556,47.94993],[-118.24556,47.95019],[-118.24596,47.95019],[-118.24596,47.94993],[-118.24556,47.94993]],[[-118.32358,47.94939],[-118.32358,47.94966],[-118.32398,47.94966],[-118.32398,47.94939],[-118.32358,47.94939]],[[-118.30628,47.94939],[-118.30628,47.94966],[-118.30669,47.94966],[-118.30669,47.94939],[-118.30628,47.94939]],[[-118.3095,47.94696],[-118.3095,47.94723],[-118.3099,47.94723],[-118.3099,47.94696],[-118.3095,47.94696]],[[-118.30829,47.94588],[-118.30829,47.94615],[-118.3087,47.94615],[-118.3087,47.94588],[-118.30829,47.94588]],[[-118.31151,47.94534],[-118.31151,47.94561],[-118.31191,47.94561],[-118.31191,47.94534],[-118.31151,47.94534]],[[-118.252,47.94507],[-118.252,47.94534],[-118.2524,47.94534],[-118.2524,47.94507],[-118.252,47.94507]],[[-118.2536,47.94373],[-118.2536,47.944],[-118.25401,47.944],[-118.25401,47.94373],[-118.2536,47.94373]],[[-118.25119,47.94373],[-118.25119,47.944],[-118.25159,47.944],[-118.25159,47.94373],[-118.25119,47.94373]],[[-118.33403,47.906],[-118.33403,47.90627],[-118.33443,47.90627],[-118.33443,47.906],[-118.33403,47.906]]],[[[-118.32518,47.95019],[-118.32478,47.95019],[-118.32478,47.94993],[-118.32518,47.94993],[-118.32518,47.95019]]],[[[-118.32398,47.95262],[-118.32438,47.95262],[-118.32438,47.95289],[-118.32398,47.95289],[-118.32398,47.95262]]],[[[-118.32157,47.95585],[-118.32197,47.95585],[-118.32197,47.95612],[-118.32157,47.95612],[-118.32157,47.95585]]],[[[-118.33001,47.95909],[-118.33081,47.95909],[-118.33081,47.95936],[-118.33122,47.95936],[-118.33122,47.9599],[-118.33041,47.96017],[-118.33041,47.96044],[-118.32961,47.96017],[-118.32961,47.95936],[-118.33001,47.95936],[-118.33001,47.95909]]],[[[-118.33725,47.96448],[-118.33805,47.96448],[-118.33805,47.96502],[-118.33765,47.96502],[-118.33765,47.96556],[-118.33644,47.96556],[-118.33644,47.96529],[-118.33685,47.96529],[-118.33685,47.96475],[-118.33725,47.96475],[-118.33725,47.96448]]],[[[-118.33443,47.96825],[-118.33443,47.96798],[-118.33484,47.96798],[-118.33484,47.96744],[-118.33564,47.96744],[-118.33564,47.96717],[-118.33604,47.96717],[-118.33604,47.9669],[-118.33765,47.9669],[-118.33765,47.96663],[-118.33845,47.96663],[-118.33845,47.96636],[-118.33886,47.96636],[-118.33886,47.96663],[-118.33966,47.9669],[-118.33966,47.96771],[-118.33886,47.96771],[-118.33886,47.96798],[-118.33845,47.96798],[-118.33845,47.96825],[-118.33805,47.96825],[-118.33805,47.96852],[-118.33725,47.96852],[-118.33725,47.96879],[-118.33604,47.96879],[-118.33604,47.96852],[-118.33443,47.96825]]],[[[-118.32438,47.96879],[-118.32518,47.96852],[-118.32518,47.96744],[-118.32438,47.96717],[-118.32438,47.9669],[-118.32478,47.9669],[-118.32478,47.96636],[-118.32599,47.96636],[-118.32599,47.9669],[-118.32639,47.9669],[-118.32639,47.96744],[-118.32679,47.96744],[-118.32679,47.96798],[-118.32719,47.96798],[-118.32719,47.96852],[-118.3276,47.96852],[-118.3276,47.96879],[-118.32719,47.96879],[-118.32719,47.96933],[-118.32639,47.96933],[-118.32639,47.9696],[-118.32559,47.9696],[-118.32559,47.96987],[-118.32358,47.96987],[-118.32358,47.9696],[-118.32398,47.9696],[-118.32398,47.96906],[-118.32438,47.96906],[-118.32438,47.96879]]],[[[-118.33122,47.96771],[-118.33323,47.96771],[-118.33323,47.96798],[-118.33363,47.96798],[-118.33363,47.96825],[-118.33323,47.96825],[-118.33323,47.96852],[-118.33122,47.96852],[-118.33122,47.96879],[-118.33081,47.96879],[-118.33081,47.96852],[-118.33041,47.96852],[-118.33041,47.96798],[-118.33122,47.96798],[-118.33122,47.96771]]],[[[-118.33363,47.96987],[-118.33564,47.96987],[-118.33564,47.97014],[-118.33604,47.97014],[-118.33604,47.97041],[-118.33162,47.97041],[-118.33162,47.97014],[-118.33202,47.97014],[-118.33202,47.9696],[-118.33363,47.9696],[-118.33363,47.96987]]],[[[-118.32679,47.97095],[-118.32719,47.97095],[-118.32719,47.97068],[-118.33001,47.97068],[-118.33001,47.97095],[-118.33041,47.97095],[-118.33041,47.97068],[-118.33162,47.97068],[-118.33162,47.97095],[-118.33122,47.97095],[-118.33122,47.97122],[-118.33162,47.97122],[-118.33162,47.97148],[-118.33041,47.97148],[-118.33041,47.97175],[-118.32961,47.97175],[-118.32961,47.97202],[-118.32921,47.97202],[-118.32921,47.97175],[-118.32719,47.97175],[-118.32719,47.97148],[-118.32679,47.97148],[-118.32679,47.97095]]],[[[-118.25441,47.92594],[-118.25481,47.92594],[-118.25481,47.92567],[-118.25521,47.92567],[-118.25521,47.9254],[-118.25602,47.9254],[-118.25602,47.92513],[-118.25642,47.92513],[-118.25642,47.92486],[-118.25722,47.92513],[-118.25722,47.92621],[-118.25642,47.92621],[-118.25642,47.92648],[-118.25602,47.92648],[-118.25602,47.92675],[-118.25521,47.92675],[-118.25521,47.92729],[-118.25481,47.92729],[-118.25481,47.92756],[-118.25441,47.92756],[-118.25441,47.92783],[-118.2536,47.92783],[-118.2536,47.92702],[-118.25401,47.92702],[-118.25401,47.92648],[-118.25441,47.92648],[-118.25441,47.92594]]],[[[-118.26728,47.92837],[-118.26768,47.92837],[-118.26768,47.92756],[-118.26808,47.92756],[-118.26808,47.92729],[-118.26848,47.92729],[-118.26848,47.92702],[-118.26889,47.92702],[-118.26889,47.92783],[-118.26848,47.92783],[-118.26848,47.92837],[-118.26808,47.92837],[-118.26808,47.92917],[-118.26768,47.92917],[-118.26768,47.92998],[-118.26808,47.92998],[-118.26808,47.93025],[-118.26728,47.93025],[-118.26728,47.92998],[-118.26687,47.92998],[-118.26687,47.9289],[-118.26728,47.9289],[-118.26728,47.92837]]],[[[-118.25079,47.93079],[-118.24918,47.93052],[-118.24918,47.92998],[-118.25079,47.93025],[-118.25079,47.93079]]],[[[-118.24838,47.93052],[-118.24918,47.93052],[-118.24918,47.93079],[-118.24838,47.93079],[-118.24838,47.93052]]],[[[-118.252,47.93133],[-118.2524,47.93133],[-118.2524,47.9316],[-118.25159,47.9316],[-118.25159,47.93133],[-118.24998,47.93133],[-118.24998,47.93106],[-118.252,47.93106],[-118.252,47.93133]]],[[[-118.27411,47.9316],[-118.27452,47.9316],[-118.27452,47.93187],[-118.27411,47.93187],[-118.27411,47.9316]]],[[[-118.27331,47.93214],[-118.27371,47.93214],[-118.27371,47.93241],[-118.27331,47.93241],[-118.27331,47.93214]]],[[[-118.2725,47.93214],[-118.27291,47.93214],[-118.27291,47.93241],[-118.2725,47.93241],[-118.2725,47.93214]]],[[[-118.2717,47.93214],[-118.2721,47.93214],[-118.2721,47.93241],[-118.2717,47.93241],[-118.2717,47.93214]]],[[[-118.25561,47.93241],[-118.25561,47.93214],[-118.25602,47.93214],[-118.25602,47.93241],[-118.25561,47.93241]]],[[[-118.27411,47.93268],[-118.27452,47.93268],[-118.27452,47.93295],[-118.27411,47.93295],[-118.27411,47.93268]]],[[[-118.27331,47.93268],[-118.27371,47.93268],[-118.27371,47.93295],[-118.27331,47.93295],[-118.27331,47.93268]]],[[[-118.2725,47.93268],[-118.27291,47.93268],[-118.27291,47.93295],[-118.2725,47.93295],[-118.2725,47.93268]]],[[[-118.2717,47.93268],[-118.2721,47.93268],[-118.2721,47.93295],[-118.2717,47.93295],[-118.2717,47.93268]]],[[[-118.2713,47.93295],[-118.2709,47.93295],[-118.2709,47.93322],[-118.2713,47.93322],[-118.2713,47.93349],[-118.26929,47.93349],[-118.26929,47.93322],[-118.27009,47.93322],[-118.27009,47.93268],[-118.2713,47.93268],[-118.2713,47.93295]]],[[[-118.25481,47.93537],[-118.25521,47.93537],[-118.25521,47.93564],[-118.25481,47.93564],[-118.25481,47.93537]]],[[[-118.24998,47.94319],[-118.24998,47.94292],[-118.25039,47.94292],[-118.25039,47.94319],[-118.24998,47.94319]]],[[[-118.24918,47.944],[-118.24958,47.944],[-118.24958,47.94427],[-118.24918,47.94427],[-118.24918,47.944]]],[[[-118.2725,47.96744],[-118.27291,47.96744],[-118.27291,47.96771],[-118.2725,47.96771],[-118.2725,47.96744]]],[[[-118.22867,47.9157],[-118.22907,47.9157],[-118.22907,47.91543],[-118.22948,47.91543],[-118.22948,47.9157],[-118.23068,47.9157],[-118.23068,47.91651],[-118.23028,47.91651],[-118.23028,47.91678],[-118.23068,47.91678],[-118.23068,47.91705],[-118.22948,47.91705],[-118.22948,47.91678],[-118.22907,47.91678],[-118.22907,47.91597],[-118.22867,47.91597],[-118.22867,47.9157]]],[[[-118.24315,47.91705],[-118.24194,47.91705],[-118.24194,47.91678],[-118.24275,47.91678],[-118.24275,47.91651],[-118.24315,47.91651],[-118.24315,47.91705]]],[[[-118.22907,47.91732],[-118.22988,47.91732],[-118.22988,47.91759],[-118.22907,47.91759],[-118.22907,47.91732]]],[[[-118.2343,47.92163],[-118.23551,47.92163],[-118.23551,47.92136],[-118.2343,47.92136],[-118.2343,47.92109],[-118.23551,47.92109],[-118.23551,47.92082],[-118.23511,47.92082],[-118.23511,47.92055],[-118.23551,47.92055],[-118.23551,47.92028],[-118.23511,47.92028],[-118.23511,47.92001],[-118.23551,47.92001],[-118.23551,47.9192],[-118.23511,47.9192],[-118.23511,47.91893],[-118.23551,47.91893],[-118.23551,47.91866],[-118.23591,47.91866],[-118.23591,47.91893],[-118.23792,47.91893],[-118.23792,47.91839],[-118.23872,47.91839],[-118.23872,47.91786],[-118.23953,47.91786],[-118.23953,47.91759],[-118.23872,47.91759],[-118.23872,47.91732],[-118.23792,47.91732],[-118.23792,47.91705],[-118.23752,47.91705],[-118.23752,47.91678],[-118.23792,47.91678],[-118.23792,47.9157],[-118.23832,47.9157],[-118.23832,47.91516],[-118.23872,47.91516],[-118.23872,47.91435],[-118.23953,47.91408],[-118.23953,47.91354],[-118.24033,47.91354],[-118.24033,47.91381],[-118.24074,47.91381],[-118.24074,47.91408],[-118.24154,47.91408],[-118.24154,47.91705],[-118.24114,47.91705],[-118.24114,47.91759],[-118.24074,47.91759],[-118.24074,47.91813],[-118.24154,47.91839],[-118.24154,47.91893],[-118.24275,47.91893],[-118.24275,47.9192],[-118.24234,47.9192],[-118.24234,47.91947],[-118.24315,47.91947],[-118.24315,47.92001],[-118.24355,47.92001],[-118.24355,47.92028],[-118.24315,47.92028],[-118.24315,47.92055],[-118.24355,47.92055],[-118.24355,47.92082],[-118.24315,47.92082],[-118.24315,47.92136],[-118.24074,47.92136],[-118.24074,47.9219],[-118.23993,47.9219],[-118.23993,47.92244],[-118.23913,47.92244],[-118.23913,47.92271],[-118.23712,47.92271],[-118.23712,47.92244],[-118.23551,47.92244],[-118.23551,47.9219],[-118.2343,47.9219],[-118.2343,47.92163]],[[-118.23671,47.92082],[-118.23671,47.92109],[-118.23712,47.92109],[-118.23712,47.92082],[-118.23671,47.92082]]],[[[-118.22948,47.91813],[-118.22948,47.91866],[-118.22907,47.91866],[-118.22907,47.91786],[-118.22988,47.91786],[-118.22988,47.91813],[-118.22948,47.91813]]],[[[-118.2335,47.91839],[-118.23551,47.91839],[-118.23551,47.91866],[-118.23269,47.91866],[-118.23269,47.91839],[-118.23309,47.91839],[-118.23309,47.91813],[-118.2335,47.91813],[-118.2335,47.91839]]],[[[-118.23189,47.91893],[-118.2335,47.91893],[-118.2335,47.9192],[-118.23189,47.9192],[-118.23189,47.91893]]],[[[-118.23309,47.91974],[-118.23269,47.91974],[-118.23269,47.92028],[-118.23108,47.92028],[-118.23108,47.92001],[-118.23149,47.92001],[-118.23149,47.91947],[-118.23309,47.91947],[-118.23309,47.91974]]],[[[-118.24355,47.92028],[-118.24395,47.92028],[-118.24395,47.92055],[-118.24355,47.92055],[-118.24355,47.92028]]],[[[-118.24355,47.92136],[-118.24395,47.92136],[-118.24395,47.9219],[-118.24355,47.9219],[-118.24355,47.92136]]],[[[-118.24677,47.92864],[-118.24717,47.92864],[-118.24717,47.9289],[-118.24677,47.9289],[-118.24677,47.92864]]],[[[-118.24717,47.9289],[-118.24757,47.9289],[-118.24757,47.92944],[-118.24717,47.92944],[-118.24717,47.9289]]],[[[-118.23953,47.93591],[-118.23993,47.93591],[-118.23993,47.93564],[-118.24074,47.93564],[-118.24074,47.93645],[-118.24033,47.93645],[-118.24033,47.93699],[-118.23993,47.93699],[-118.23993,47.93726],[-118.23913,47.93726],[-118.23913,47.93753],[-118.23872,47.93753],[-118.23872,47.93672],[-118.23913,47.93672],[-118.23913,47.93618],[-118.23953,47.93618],[-118.23953,47.93591]]],[[[-118.24838,47.944],[-118.24878,47.944],[-118.24878,47.94427],[-118.24838,47.94427],[-118.24838,47.944]]],[[[-118.24838,47.94454],[-118.24878,47.94454],[-118.24878,47.94481],[-118.24838,47.94481],[-118.24838,47.94454]]],[[[-118.24757,47.94454],[-118.24797,47.94454],[-118.24797,47.94481],[-118.24757,47.94481],[-118.24757,47.94454]]],[[[-118.24838,47.94507],[-118.24797,47.94507],[-118.24797,47.94481],[-118.24838,47.94481],[-118.24838,47.94507]]],[[[-118.24838,47.94507],[-118.24878,47.94507],[-118.24878,47.94534],[-118.24838,47.94534],[-118.24838,47.94507]]],[[[-118.24838,47.97256],[-118.24878,47.97256],[-118.24878,47.97283],[-118.24838,47.97283],[-118.24838,47.97256]]]]},"properties":{"layer":"predicted_reach_h16","fire_name":"Mitre_Rock","irwin_id":"{C11A3685-C035-4241-A17C-8076EE99619D}","model":"arrival_run","checkpoint_epoch":216,"decode":"connected_causal","operating_point":{"floor":0.0,"mult":0.9},"val_precision":null,"val_recall":null,"model_caveat":"arrival_run chosen for best RECALL among the six FlameFlux v3 candidates on the production-valid t0-window corpus (R=0.624 on the fc2 held-out fires, R=0.432 on Dillon -- see candidate_comparison.md from the 2026-07-24 comparison). It does NOT meet the project's P>=0.50/R>=0.80 target: precision is the WORST of the six (P=0.120 on fc2 -- most flagged growth is wrong), and wind_run actually edges it on F1. IMPORTANT CAVEAT: arrival_run trained on the leaky 'observed' corpus (crop centered/sized on t0|t1, i.e. it saw the future perimeter's geometry during training) and has NEVER seen a t0-window crop -- the ONLY geometry this live pipeline can ever produce at forecast time (the future perimeter is, by definition, unknown). So every live prediction from this model is out-of-distribution relative to its own training. The measured t0-window numbers above already reflect that (they are not a surprise), but this is 'best available', not 'production-ready' -- represent it that way. The operating_point (floor=0.0, mult=0.9) is the VAL-selected connected-causal decode point; it did NOT clear the 0.50 precision floor during selection (feasible=False, val P=0.270/R=0.259) -- it's the best-F1 fallback point, not a precision-guaranteed one.","issued_at_utc":"2026-08-05 10:59:55.016141+00:00","valid_from_utc":"2026-08-05 00:00:00","valid_to_utc":"2026-08-06 00:00:00","wfigs_date_current_utc":"2026-08-05 10:16:25+00:00","pixel_size_m":30,"veg_source":"refreshed_d4","physics_source":"eikonal_fbfm40","history_n_dates":4,"degraded_history":false,"containment_pct":0.0,"acres_wfigs":4439.297279101989,"hour":16,"valid_at_utc":"2026-08-05 16:00:00"}},{"type":"Feature","geometry":{"type":"MultiPolygon","coordinates":[[[[-118.33282,47.94858],[-118.33363,47.94858],[-118.33363,47.94885],[-118.33282,47.94885],[-118.33282,47.94858]]],[[[-118.33202,47.94912],[-118.33323,47.94912],[-118.33323,47.94939],[-118.33242,47.94939],[-118.33242,47.94993],[-118.33081,47.94993],[-118.33081,47.94966],[-118.33122,47.94966],[-118.33122,47.94939],[-118.33202,47.94939],[-118.33202,47.94912]]],[[[-118.33765,47.94966],[-118.33765,47.94993],[-118.33725,47.94993],[-118.33725,47.94966],[-118.33765,47.94966]]],[[[-118.33685,47.95019],[-118.33685,47.94993],[-118.33725,47.94993],[-118.33725,47.95019],[-118.33685,47.95019]]],[[[-118.3276,47.95154],[-118.32679,47.95154],[-118.32679,47.95127],[-118.328,47.95127],[-118.328,47.95181],[-118.3288,47.95181],[-118.3288,47.95208],[-118.3284,47.95208],[-118.3284,47.95235],[-118.3288,47.95235],[-118.3288,47.95262],[-118.3284,47.95262],[-118.3284,47.95289],[-118.3288,47.95289],[-118.3288,47.95316],[-118.3276,47.95316],[-118.3276,47.95208],[-118.32719,47.95208],[-118.32719,47.95181],[-118.3276,47.95181],[-118.3276,47.95154]]],[[[-118.33966,47.95289],[-118.34047,47.95289],[-118.34047,47.95316],[-118.33966,47.95316],[-118.33966,47.95289]]],[[[-118.34127,47.95478],[-118.34167,47.95478],[-118.34167,47.95505],[-118.34127,47.95505],[-118.34127,47.95478]]],[[[-118.34047,47.95532],[-118.34087,47.95532],[-118.34087,47.95558],[-118.34047,47.95558],[-118.34047,47.95532]]],[[[-118.34006,47.95558],[-118.34047,47.95558],[-118.34047,47.95639],[-118.34006,47.95639],[-118.34006,47.95558]]],[[[-118.33564,47.95612],[-118.33604,47.95612],[-118.33604,47.95639],[-118.33564,47.95639],[-118.33564,47.95612]]],[[[-118.33644,47.95639],[-118.33644,47.95666],[-118.33604,47.95666],[-118.33604,47.95639],[-118.33644,47.95639]]],[[[-118.33564,47.95693],[-118.33564,47.95666],[-118.33604,47.95666],[-118.33604,47.95693],[-118.33564,47.95693]]],[[[-118.33604,47.95747],[-118.33564,47.95747],[-118.33564,47.95801],[-118.33484,47.95801],[-118.33484,47.95774],[-118.33524,47.95774],[-118.33524,47.9572],[-118.33604,47.9572],[-118.33604,47.95747]]],[[[-118.32921,47.9572],[-118.33041,47.9572],[-118.33041,47.95747],[-118.33001,47.95747],[-118.33001,47.95774],[-118.32921,47.95801],[-118.32921,47.95774],[-118.3288,47.95774],[-118.3288,47.95747],[-118.32921,47.95747],[-118.32921,47.9572]]],[[[-118.33443,47.95828],[-118.33484,47.95828],[-118.33484,47.95882],[-118.33443,47.95882],[-118.33443,47.95828]]],[[[-118.32961,47.95855],[-118.33081,47.95855],[-118.33081,47.95882],[-118.33122,47.95882],[-118.33122,47.95909],[-118.33162,47.95909],[-118.33162,47.95963],[-118.33122,47.95963],[-118.33122,47.96044],[-118.33041,47.96071],[-118.33041,47.96097],[-118.32961,47.96097],[-118.32961,47.96071],[-118.32921,47.96071],[-118.32921,47.95882],[-118.32961,47.95882],[-118.32961,47.95855]]],[[[-118.33564,47.9599],[-118.33604,47.9599],[-118.33604,47.96017],[-118.33564,47.96017],[-118.33564,47.9599]]],[[[-118.33685,47.96421],[-118.33805,47.96421],[-118.33805,47.96448],[-118.33845,47.96448],[-118.33845,47.96502],[-118.33805,47.96502],[-118.33805,47.96556],[-118.33725,47.96583],[-118.33725,47.9661],[-118.33604,47.9661],[-118.33604,47.96502],[-118.33685,47.96475],[-118.33685,47.96421]]],[[[-118.33001,47.96744],[-118.33202,47.96744],[-118.33202,47.96717],[-118.33323,47.96717],[-118.33323,47.96744],[-118.33484,47.96744],[-118.33484,47.96717],[-118.33524,47.96717],[-118.33524,47.9669],[-118.33604,47.9669],[-118.33604,47.96636],[-118.33765,47.96663],[-118.33765,47.96636],[-118.33805,47.96636],[-118.33805,47.9661],[-118.33926,47.9661],[-118.33926,47.96636],[-118.33966,47.96636],[-118.33966,47.96663],[-118.34047,47.9669],[-118.34047,47.96744],[-118.33966,47.96771],[-118.33966,47.96798],[-118.33926,47.96798],[-118.33926,47.96825],[-118.33845,47.96825],[-118.33845,47.96852],[-118.33805,47.96852],[-118.33805,47.96879],[-118.33162,47.96879],[-118.33162,47.96906],[-118.33041,47.96906],[-118.33041,47.96879],[-118.32961,47.96879],[-118.32961,47.96771],[-118.33001,47.96771],[-118.33001,47.96744]]],[[[-118.33886,47.96987],[-118.33765,47.96987],[-118.33765,47.9696],[-118.33805,47.9696],[-118.33805,47.96933],[-118.33886,47.96933],[-118.33886,47.96987]]],[[[-118.32197,47.97229],[-118.32237,47.97229],[-118.32237,47.97175],[-118.32398,47.97175],[-118.32398,47.97148],[-118.32559,47.97122],[-118.32559,47.97095],[-118.32639,47.97095],[-118.32639,47.97068],[-118.32719,47.97068],[-118.32719,47.97041],[-118.3288,47.97041],[-118.3288,47.97014],[-118.33001,47.97014],[-118.33001,47.97041],[-118.33041,47.97041],[-118.33041,47.97014],[-118.33122,47.97014],[-118.33122,47.9696],[-118.33202,47.9696],[-118.33202,47.96933],[-118.33604,47.9696],[-118.33604,47.97014],[-118.33644,47.97014],[-118.33644,47.97041],[-118.33604,47.97041],[-118.33604,47.97095],[-118.33524,47.97095],[-118.33524,47.97068],[-118.33282,47.97095],[-118.33282,47.97122],[-118.33323,47.97122],[-118.33323,47.97202],[-118.33242,47.97202],[-118.33242,47.97256],[-118.33162,47.97256],[-118.33162,47.97229],[-118.33081,47.97202],[-118.33081,47.97229],[-118.33041,47.97229],[-118.33041,47.97256],[-118.3284,47.97256],[-118.3284,47.97229],[-118.32599,47.97256],[-118.32599,47.97283],[-118.32639,47.97283],[-118.32639,47.9731],[-118.32197,47.9731],[-118.32197,47.97283],[-118.32237,47.97283],[-118.32237,47.97256],[-118.32197,47.97256],[-118.32197,47.97229]]],[[[-118.32719,47.97634],[-118.328,47.97607],[-118.328,47.97526],[-118.3284,47.97526],[-118.3284,47.97499],[-118.3288,47.97499],[-118.3288,47.97472],[-118.32921,47.97472],[-118.32921,47.97634],[-118.3288,47.97634],[-118.3288,47.97687],[-118.3284,47.97687],[-118.3284,47.97741],[-118.328,47.97741],[-118.328,47.97849],[-118.3276,47.97849],[-118.3276,47.97876],[-118.32719,47.97876],[-118.32719,47.97795],[-118.32679,47.97795],[-118.32679,47.97768],[-118.32719,47.97768],[-118.32719,47.97634]]],[[[-118.31513,47.90735],[-118.31553,47.90735],[-118.31553,47.90842],[-118.31513,47.90842],[-118.31513,47.90869],[-118.31392,47.90869],[-118.31392,47.90654],[-118.31433,47.90654],[-118.31433,47.90627],[-118.31513,47.90627],[-118.31513,47.90735]]],[[[-118.31433,47.90896],[-118.31513,47.90896],[-118.31513,47.90923],[-118.31433,47.90923],[-118.31433,47.90896]]],[[[-118.30588,47.91408],[-118.30548,47.91408],[-118.30548,47.91381],[-118.30588,47.91381],[-118.30588,47.91408]]],[[[-118.30508,47.91462],[-118.30468,47.91462],[-118.30468,47.91489],[-118.30387,47.91462],[-118.30387,47.91489],[-118.30347,47.91489],[-118.30347,47.91516],[-118.30307,47.91516],[-118.30307,47.91543],[-118.30186,47.91543],[-118.30186,47.9157],[-118.30025,47.9157],[-118.30025,47.91597],[-118.29744,47.91597],[-118.29744,47.91624],[-118.29663,47.91624],[-118.29663,47.91651],[-118.29543,47.91651],[-118.29543,47.91678],[-118.29382,47.91705],[-118.29382,47.91732],[-118.29301,47.91759],[-118.29301,47.91786],[-118.29221,47.91813],[-118.29221,47.91839],[-118.2914,47.91839],[-118.2914,47.91866],[-118.2906,47.91893],[-118.2906,47.9192],[-118.2898,47.9192],[-118.2898,47.91947],[-118.28939,47.91947],[-118.28939,47.91974],[-118.28859,47.91974],[-118.28859,47.92001],[-118.28819,47.92001],[-118.28819,47.92028],[-118.28779,47.92028],[-118.28779,47.92055],[-118.28698,47.92055],[-118.28698,47.92082],[-118.28537,47.92109],[-118.28537,47.92136],[-118.28497,47.92136],[-118.28497,47.92163],[-118.28296,47.92163],[-118.28296,47.9219],[-118.28256,47.9219],[-118.28256,47.92217],[-118.28216,47.92217],[-118.28216,47.9219],[-118.28175,47.9219],[-118.28175,47.92217],[-118.28095,47.92217],[-118.28095,47.92163],[-118.28175,47.92136],[-118.28175,47.92082],[-118.28135,47.92082],[-118.28135,47.92055],[-118.28055,47.92055],[-118.28055,47.92001],[-118.28014,47.92001],[-118.28014,47.91974],[-118.28095,47.91947],[-118.28095,47.9192],[-118.28256,47.9192],[-118.28256,47.91974],[-118.28336,47.91947],[-118.28336,47.91813],[-118.28376,47.91813],[-118.28376,47.91543],[-118.28417,47.91543],[-118.28417,47.91489],[-118.28457,47.91489],[-118.28457,47.91462],[-118.28819,47.91462],[-118.28819,47.91435],[-118.28859,47.91435],[-118.28859,47.91381],[-118.28939,47.91381],[-118.28939,47.91354],[-118.2898,47.91354],[-118.2898,47.91327],[-118.291,47.91327],[-118.291,47.91354],[-118.2914,47.91354],[-118.2914,47.91327],[-118.29261,47.91327],[-118.29261,47.913],[-118.29422,47.913],[-118.29422,47.91327],[-118.29462,47.91327],[-118.29462,47.91354],[-118.29583,47.91354],[-118.29583,47.91247],[-118.29543,47.91247],[-118.29543,47.91139],[-118.29583,47.91139],[-118.29583,47.91058],[-118.29623,47.91058],[-118.29623,47.90977],[-118.29703,47.90977],[-118.29703,47.9095],[-118.29905,47.9095],[-118.29905,47.90977],[-118.29985,47.90977],[-118.29985,47.9095],[-118.30065,47.9095],[-118.30065,47.90923],[-118.30106,47.90923],[-118.30106,47.90896],[-118.30226,47.90896],[-118.30226,47.90869],[-118.30307,47.90869],[-118.30307,47.90842],[-118.30427,47.90842],[-118.30427,47.90815],[-118.30468,47.90815],[-118.30468,47.90788],[-118.30588,47.90788],[-118.30588,47.90761],[-118.30669,47.90761],[-118.30669,47.90735],[-118.30709,47.90735],[-118.30709,47.90708],[-118.30789,47.90708],[-118.30789,47.90681],[-118.3087,47.90681],[-118.3087,47.90654],[-118.3091,47.90654],[-118.3091,47.90708],[-118.3095,47.90708],[-118.3095,47.90735],[-118.3091,47.90735],[-118.3091,47.90788],[-118.3099,47.90788],[-118.3099,47.90815],[-118.31031,47.90815],[-118.31031,47.90788],[-118.31191,47.90788],[-118.31191,47.90815],[-118.31151,47.90815],[-118.31151,47.90842],[-118.31312,47.90842],[-118.31312,47.9095],[-118.31272,47.9095],[-118.31272,47.90977],[-118.31191,47.90977],[-118.31191,47.91004],[-118.31111,47.91031],[-118.31111,47.91058],[-118.31071,47.91058],[-118.31071,47.91085],[-118.3091,47.91112],[-118.3091,47.91139],[-118.3087,47.91139],[-118.3087,47.91166],[-118.30829,47.91166],[-118.30829,47.9122],[-118.30749,47.91247],[-118.30749,47.91274],[-118.30709,47.91274],[-118.30709,47.913],[-118.30669,47.913],[-118.30669,47.91327],[-118.30628,47.91327],[-118.30628,47.91354],[-118.30548,47.91354],[-118.30548,47.91381],[-118.30468,47.91408],[-118.30468,47.91435],[-118.30508,47.91435],[-118.30508,47.91462]],[[-118.28216,47.91974],[-118.28216,47.92001],[-118.28175,47.92001],[-118.28175,47.92028],[-118.28256,47.92028],[-118.28256,47.91974],[-118.28216,47.91974]],[[-118.3095,47.90869],[-118.3095,47.90896],[-118.31031,47.90896],[-118.31031,47.90869],[-118.3095,47.90869]],[[-118.30749,47.90761],[-118.30749,47.90788],[-118.30789,47.90788],[-118.30789,47.90761],[-118.30749,47.90761]]],[[[-118.30468,47.91489],[-118.30508,47.91489],[-118.30508,47.91516],[-118.30468,47.91516],[-118.30468,47.91489]]],[[[-118.30387,47.91489],[-118.30427,47.91489],[-118.30427,47.91516],[-118.30387,47.91516],[-118.30387,47.91489]]],[[[-118.30307,47.91543],[-118.30347,47.91543],[-118.30347,47.9157],[-118.30307,47.9157],[-118.30307,47.91543]]],[[[-118.27492,47.92352],[-118.27532,47.92352],[-118.27532,47.92298],[-118.27653,47.92298],[-118.27653,47.92271],[-118.27612,47.92271],[-118.27612,47.92244],[-118.27974,47.92244],[-118.27974,47.92217],[-118.28095,47.92217],[-118.28095,47.92244],[-118.28014,47.92244],[-118.28014,47.92298],[-118.27974,47.92298],[-118.27974,47.92325],[-118.27894,47.92352],[-118.27894,47.92378],[-118.27813,47.92378],[-118.27813,47.92405],[-118.27693,47.92405],[-118.27693,47.92432],[-118.27492,47.92432],[-118.27492,47.92405],[-118.27532,47.92405],[-118.27532,47.92378],[-118.27492,47.92378],[-118.27492,47.92352]]],[[[-118.27331,47.92459],[-118.27371,47.92459],[-118.27371,47.92486],[-118.27331,47.92486],[-118.27331,47.92459]]],[[[-118.3276,47.94427],[-118.32719,47.94427],[-118.32719,47.94454],[-118.3276,47.94454],[-118.3276,47.94534],[-118.32719,47.94534],[-118.32719,47.94561],[-118.3276,47.94561],[-118.3276,47.94588],[-118.32719,47.94588],[-118.32719,47.94642],[-118.3288,47.94642],[-118.3288,47.94669],[-118.32961,47.94669],[-118.32961,47.94696],[-118.33001,47.94696],[-118.33001,47.94777],[-118.32961,47.94777],[-118.32961,47.94804],[-118.32921,47.94804],[-118.32921,47.94831],[-118.3284,47.94831],[-118.3284,47.94858],[-118.3276,47.94885],[-118.3276,47.95019],[-118.32679,47.94993],[-118.32679,47.95073],[-118.32599,47.951],[-118.32599,47.95127],[-118.32639,47.95127],[-118.32639,47.95154],[-118.32559,47.95181],[-118.32559,47.95208],[-118.32599,47.95208],[-118.32599,47.95289],[-118.32639,47.95289],[-118.32639,47.95316],[-118.32599,47.95316],[-118.32599,47.95343],[-118.32679,47.9537],[-118.32679,47.95451],[-118.32599,47.95424],[-118.32599,47.95478],[-118.32518,47.95478],[-118.32518,47.95505],[-118.32358,47.95532],[-118.32358,47.95558],[-118.32317,47.95558],[-118.32317,47.95585],[-118.32237,47.95612],[-118.32237,47.95639],[-118.32116,47.95639],[-118.32116,47.95666],[-118.31955,47.95666],[-118.31955,47.95693],[-118.31915,47.95693],[-118.31915,47.95666],[-118.31875,47.95666],[-118.31875,47.95693],[-118.31714,47.95693],[-118.31714,47.95666],[-118.31674,47.95666],[-118.31674,47.95639],[-118.31594,47.95639],[-118.31594,47.95585],[-118.31433,47.95558],[-118.31433,47.95532],[-118.31352,47.95505],[-118.31352,47.95478],[-118.31312,47.95478],[-118.31312,47.95451],[-118.31232,47.95451],[-118.31232,47.95478],[-118.31151,47.95478],[-118.31151,47.95505],[-118.31071,47.95532],[-118.31071,47.95585],[-118.31031,47.95585],[-118.31031,47.95612],[-118.3095,47.95639],[-118.3095,47.95666],[-118.30709,47.95639],[-118.30709,47.95666],[-118.30669,47.95666],[-118.30669,47.95693],[-118.30508,47.95693],[-118.30508,47.95666],[-118.30468,47.95666],[-118.30468,47.95693],[-118.29663,47.95693],[-118.29663,47.95666],[-118.2902,47.95693],[-118.2902,47.9572],[-118.28859,47.95747],[-118.28859,47.95774],[-118.28819,47.95774],[-118.28819,47.95801],[-118.28738,47.95801],[-118.28738,47.95828],[-118.28658,47.95828],[-118.28658,47.95855],[-118.28497,47.95855],[-118.28497,47.95882],[-118.28417,47.95882],[-118.28417,47.95909],[-118.28376,47.95909],[-118.28376,47.95936],[-118.28336,47.95936],[-118.28336,47.9599],[-118.28256,47.96017],[-118.28256,47.96071],[-118.28216,47.96071],[-118.28216,47.96124],[-118.28175,47.96124],[-118.28175,47.96151],[-118.28095,47.96178],[-118.28095,47.96232],[-118.28055,47.96232],[-118.28055,47.96259],[-118.28014,47.96259],[-118.28014,47.96286],[-118.27934,47.96286],[-118.27934,47.96394],[-118.27894,47.96394],[-118.27894,47.96421],[-118.27854,47.96421],[-118.27854,47.96448],[-118.27813,47.96448],[-118.27813,47.96475],[-118.27733,47.96502],[-118.27733,47.96529],[-118.27693,47.96529],[-118.27693,47.96556],[-118.27653,47.96556],[-118.27653,47.96583],[-118.27612,47.96583],[-118.27612,47.9661],[-118.27532,47.9661],[-118.27532,47.96636],[-118.27492,47.96636],[-118.27492,47.96663],[-118.27411,47.96663],[-118.27411,47.9669],[-118.27371,47.9669],[-118.27371,47.96825],[-118.27331,47.96825],[-118.27331,47.96852],[-118.27291,47.96852],[-118.27291,47.96879],[-118.2721,47.96879],[-118.2721,47.96933],[-118.2717,47.96933],[-118.2717,47.96906],[-118.2709,47.96933],[-118.2709,47.96906],[-118.27049,47.96906],[-118.27049,47.96933],[-118.26889,47.9696],[-118.26889,47.97014],[-118.26728,47.97041],[-118.26728,47.97068],[-118.26687,47.97068],[-118.26687,47.97041],[-118.26607,47.97041],[-118.26607,47.97068],[-118.26406,47.97068],[-118.26406,47.97095],[-118.26366,47.97095],[-118.26366,47.97122],[-118.26245,47.97122],[-118.26245,47.97148],[-118.26084,47.97148],[-118.26084,47.97175],[-118.26044,47.97175],[-118.26044,47.97202],[-118.26004,47.97202],[-118.26004,47.97229],[-118.25883,47.97229],[-118.25883,47.97283],[-118.25803,47.97283],[-118.25803,47.97337],[-118.25763,47.97337],[-118.25763,47.97391],[-118.25722,47.97391],[-118.25722,47.97418],[-118.25642,47.97418],[-118.25642,47.97445],[-118.25401,47.97445],[-118.25401,47.97418],[-118.2536,47.97418],[-118.2536,47.97445],[-118.2532,47.97445],[-118.2532,47.97418],[-118.2528,47.97418],[-118.2528,47.97445],[-118.25079,47.97445],[-118.25079,47.97418],[-118.24838,47.97391],[-118.24838,47.97337],[-118.24757,47.97337],[-118.24757,47.97283],[-118.24717,47.97283],[-118.24717,47.97229],[-118.24637,47.97229],[-118.24637,47.97148],[-118.24556,47.97122],[-118.24556,47.97068],[-118.24476,47.97068],[-118.24476,47.97014],[-118.24395,47.96987],[-118.24395,47.96879],[-118.24435,47.96879],[-118.24435,47.96852],[-118.24395,47.96852],[-118.24395,47.96663],[-118.24315,47.96636],[-118.24315,47.96583],[-118.24194,47.96583],[-118.24194,47.96556],[-118.24114,47.96556],[-118.24114,47.96529],[-118.24074,47.96529],[-118.24074,47.96502],[-118.24033,47.96502],[-118.24033,47.96475],[-118.23993,47.96475],[-118.23993,47.96421],[-118.23913,47.96421],[-118.23913,47.96394],[-118.23953,47.96394],[-118.23953,47.96367],[-118.23913,47.96367],[-118.23913,47.96313],[-118.23872,47.96313],[-118.23872,47.96259],[-118.23832,47.96259],[-118.23832,47.96232],[-118.23872,47.96232],[-118.23872,47.96205],[-118.23832,47.96205],[-118.23832,47.96044],[-118.23752,47.96017],[-118.23752,47.95936],[-118.23712,47.95936],[-118.23712,47.95828],[-118.23671,47.95828],[-118.23671,47.95774],[-118.23631,47.95774],[-118.23631,47.95666],[-118.23591,47.95666],[-118.23591,47.95639],[-118.23631,47.95639],[-118.23631,47.95612],[-118.23591,47.95612],[-118.23591,47.95585],[-118.23631,47.95585],[-118.23631,47.95505],[-118.23591,47.95505],[-118.23591,47.95478],[-118.23631,47.95478],[-118.23631,47.95451],[-118.23591,47.95451],[-118.23591,47.95424],[-118.23631,47.95424],[-118.23631,47.95397],[-118.23591,47.95397],[-118.23591,47.9537],[-118.23631,47.9537],[-118.23631,47.95343],[-118.23591,47.95343],[-118.23591,47.95316],[-118.23631,47.95316],[-118.23631,47.95289],[-118.23591,47.95289],[-118.23591,47.95262],[-118.23631,47.95262],[-118.23631,47.95235],[-118.23591,47.95235],[-118.23591,47.95154],[-118.23631,47.95154],[-118.23631,47.95127],[-118.23591,47.95127],[-118.23591,47.94993],[-118.23671,47.94993],[-118.23671,47.94885],[-118.23712,47.94885],[-118.23712,47.94804],[-118.23591,47.94804],[-118.23591,47.94777],[-118.23551,47.94777],[-118.23551,47.94804],[-118.2347,47.94804],[-118.2347,47.94831],[-118.23309,47.94831],[-118.23309,47.94804],[-118.2335,47.94804],[-118.2335,47.94777],[-118.23309,47.94777],[-118.23309,47.9475],[-118.2335,47.9475],[-118.2335,47.94723],[-118.23511,47.94723],[-118.23511,47.94696],[-118.23712,47.94696],[-118.23712,47.94642],[-118.23953,47.94642],[-118.23953,47.94669],[-118.24315,47.94669],[-118.24315,47.94642],[-118.24395,47.94642],[-118.24395,47.94615],[-118.24476,47.94615],[-118.24476,47.94588],[-118.24717,47.94588],[-118.24717,47.94561],[-118.24596,47.94561],[-118.24596,47.94534],[-118.24476,47.94534],[-118.24476,47.94427],[-118.24516,47.94427],[-118.24516,47.94373],[-118.24556,47.94373],[-118.24556,47.94319],[-118.24596,47.94319],[-118.24596,47.94211],[-118.24637,47.94211],[-118.24637,47.94157],[-118.24677,47.94157],[-118.24677,47.9413],[-118.24637,47.9413],[-118.24637,47.94103],[-118.24757,47.94103],[-118.24757,47.94049],[-118.24838,47.94049],[-118.24838,47.94022],[-118.24878,47.94022],[-118.24878,47.93995],[-118.24958,47.93995],[-118.24958,47.93942],[-118.24998,47.93942],[-118.24998,47.93915],[-118.25039,47.93915],[-118.25039,47.93888],[-118.25079,47.93888],[-118.25079,47.93861],[-118.25039,47.93861],[-118.25039,47.93834],[-118.25079,47.93834],[-118.25079,47.93726],[-118.25119,47.93726],[-118.25119,47.93699],[-118.25079,47.93699],[-118.25079,47.93672],[-118.25159,47.93672],[-118.25159,47.93645],[-118.25119,47.93645],[-118.25119,47.93618],[-118.25159,47.93618],[-118.25159,47.93537],[-118.25039,47.93537],[-118.25039,47.9351],[-118.25079,47.9351],[-118.25079,47.93456],[-118.25159,47.93456],[-118.25159,47.93403],[-118.25119,47.93403],[-118.25119,47.93429],[-118.25039,47.93429],[-118.25039,47.93456],[-118.24757,47.93456],[-118.24757,47.93483],[-118.24637,47.93483],[-118.24637,47.9351],[-118.24516,47.9351],[-118.24516,47.93483],[-118.24476,47.93483],[-118.24476,47.93429],[-118.24717,47.93429],[-118.24717,47.93403],[-118.24757,47.93403],[-118.24757,47.93376],[-118.24878,47.93376],[-118.24878,47.93403],[-118.24918,47.93403],[-118.24918,47.93376],[-118.25039,47.93376],[-118.25039,47.93349],[-118.24998,47.93349],[-118.24998,47.93322],[-118.25079,47.93322],[-118.25079,47.93295],[-118.24958,47.93295],[-118.24958,47.93322],[-118.24878,47.93322],[-118.24878,47.93349],[-118.24637,47.93349],[-118.24637,47.93403],[-118.24556,47.93403],[-118.24556,47.93376],[-118.24596,47.93376],[-118.24596,47.93349],[-118.24516,47.93322],[-118.24516,47.93403],[-118.24435,47.93403],[-118.24435,47.93483],[-118.24355,47.93483],[-118.24355,47.9351],[-118.24315,47.9351],[-118.24315,47.93537],[-118.24234,47.93537],[-118.24234,47.93591],[-118.24194,47.93591],[-118.24194,47.93618],[-118.24234,47.93618],[-118.24234,47.93645],[-118.24154,47.93672],[-118.24154,47.93699],[-118.24074,47.93699],[-118.24074,47.93726],[-118.23993,47.93726],[-118.23993,47.93753],[-118.23792,47.93753],[-118.23792,47.93672],[-118.23832,47.93672],[-118.23832,47.93645],[-118.23913,47.93618],[-118.23913,47.93564],[-118.23953,47.93564],[-118.23953,47.9351],[-118.24033,47.9351],[-118.24033,47.93483],[-118.24114,47.93483],[-118.24114,47.93456],[-118.24154,47.93456],[-118.24154,47.93403],[-118.24194,47.93403],[-118.24194,47.93349],[-118.24234,47.93349],[-118.24234,47.93295],[-118.24395,47.93268],[-118.24395,47.93241],[-118.24435,47.93241],[-118.24435,47.93214],[-118.24556,47.93214],[-118.24556,47.93187],[-118.24596,47.93187],[-118.24596,47.9316],[-118.24637,47.9316],[-118.24637,47.93187],[-118.24677,47.93187],[-118.24677,47.9316],[-118.24717,47.9316],[-118.24717,47.93187],[-118.24757,47.93187],[-118.24757,47.9316],[-118.24878,47.9316],[-118.24878,47.93133],[-118.24838,47.93133],[-118.24838,47.93079],[-118.24757,47.93079],[-118.24757,47.93052],[-118.24677,47.93025],[-118.24677,47.92971],[-118.24637,47.92971],[-118.24637,47.9281],[-118.24757,47.9281],[-118.24757,47.92864],[-118.24797,47.92864],[-118.24797,47.9289],[-118.24878,47.92864],[-118.24878,47.92756],[-118.24838,47.92756],[-118.24838,47.92729],[-118.24918,47.92702],[-118.24918,47.92675],[-118.24878,47.92675],[-118.24878,47.92594],[-118.24958,47.92567],[-118.24958,47.92486],[-118.24998,47.92486],[-118.24998,47.92459],[-118.25079,47.92459],[-118.25079,47.92486],[-118.25119,47.92486],[-118.25119,47.92567],[-118.25079,47.92567],[-118.25079,47.92621],[-118.25119,47.92621],[-118.25119,47.92648],[-118.2532,47.92648],[-118.2532,47.92621],[-118.2536,47.92621],[-118.2536,47.92594],[-118.25401,47.92594],[-118.25401,47.9254],[-118.25481,47.9254],[-118.25481,47.92513],[-118.25561,47.92486],[-118.25561,47.92459],[-118.25763,47.92459],[-118.25763,47.92513],[-118.25843,47.9254],[-118.25843,47.92621],[-118.25763,47.92621],[-118.25763,47.92648],[-118.25722,47.92648],[-118.25722,47.92675],[-118.25642,47.92675],[-118.25642,47.92702],[-118.25561,47.92729],[-118.25561,47.92783],[-118.25521,47.92783],[-118.25521,47.9281],[-118.25481,47.9281],[-118.25481,47.92837],[-118.25441,47.92837],[-118.25441,47.92864],[-118.25481,47.92864],[-118.25481,47.9289],[-118.25441,47.9289],[-118.25441,47.92971],[-118.2536,47.92971],[-118.2536,47.92998],[-118.2528,47.92998],[-118.2528,47.93025],[-118.252,47.92998],[-118.252,47.93025],[-118.25159,47.93025],[-118.25159,47.93079],[-118.25079,47.93079],[-118.25079,47.93106],[-118.2524,47.93106],[-118.2524,47.9316],[-118.2528,47.9316],[-118.2528,47.93187],[-118.2536,47.93187],[-118.2536,47.93268],[-118.25401,47.93268],[-118.25401,47.93106],[-118.25441,47.93106],[-118.25441,47.93133],[-118.25481,47.93133],[-118.25481,47.93106],[-118.25682,47.93106],[-118.25682,47.93079],[-118.25722,47.93079],[-118.25722,47.93052],[-118.25803,47.93025],[-118.25803,47.92998],[-118.25923,47.92998],[-118.25923,47.92971],[-118.25964,47.92971],[-118.25964,47.93025],[-118.25923,47.93025],[-118.25923,47.93052],[-118.25843,47.93052],[-118.25843,47.93079],[-118.25803,47.93079],[-118.25803,47.93106],[-118.25722,47.93133],[-118.25722,47.9316],[-118.25843,47.9316],[-118.25843,47.93133],[-118.25883,47.93133],[-118.25883,47.93106],[-118.25964,47.93106],[-118.25964,47.9316],[-118.25923,47.9316],[-118.25923,47.93187],[-118.25843,47.93214],[-118.25843,47.93268],[-118.25803,47.93268],[-118.25803,47.93322],[-118.25763,47.93322],[-118.25763,47.93349],[-118.25722,47.93349],[-118.25722,47.93376],[-118.25682,47.93376],[-118.25682,47.93403],[-118.25642,47.93403],[-118.25642,47.93349],[-118.25521,47.93349],[-118.25521,47.93403],[-118.25561,47.93403],[-118.25561,47.93429],[-118.25682,47.93429],[-118.25682,47.93456],[-118.25803,47.93456],[-118.25803,47.93403],[-118.25883,47.93403],[-118.25883,47.93376],[-118.25843,47.93376],[-118.25843,47.93349],[-118.25964,47.93349],[-118.25964,47.93295],[-118.26044,47.93295],[-118.26044,47.93268],[-118.26084,47.93268],[-118.26084,47.93241],[-118.26285,47.93241],[-118.26285,47.93214],[-118.26366,47.93214],[-118.26366,47.93187],[-118.26607,47.93187],[-118.26607,47.9316],[-118.26647,47.9316],[-118.26647,47.93106],[-118.26607,47.93106],[-118.26607,47.93052],[-118.26527,47.93025],[-118.26527,47.92998],[-118.26486,47.92998],[-118.26486,47.92971],[-118.26446,47.92971],[-118.26446,47.9289],[-118.26567,47.9289],[-118.26567,47.92864],[-118.26647,47.92864],[-118.26647,47.92837],[-118.26687,47.92837],[-118.26687,47.92783],[-118.26728,47.92783],[-118.26728,47.92729],[-118.26808,47.92702],[-118.26808,47.92675],[-118.26969,47.92648],[-118.26969,47.92621],[-118.27049,47.92621],[-118.27049,47.92675],[-118.27009,47.92675],[-118.27009,47.92729],[-118.26969,47.92729],[-118.26969,47.92756],[-118.26889,47.92783],[-118.26889,47.92837],[-118.26848,47.92837],[-118.26848,47.9289],[-118.26808,47.9289],[-118.26808,47.92917],[-118.26848,47.92917],[-118.26848,47.92998],[-118.26808,47.92998],[-118.26808,47.93025],[-118.26848,47.93025],[-118.26848,47.93079],[-118.26889,47.93079],[-118.26889,47.93133],[-118.27049,47.93133],[-118.27049,47.93106],[-118.2713,47.93106],[-118.2713,47.93079],[-118.2725,47.93079],[-118.2725,47.93052],[-118.27331,47.93052],[-118.27331,47.93025],[-118.27452,47.93025],[-118.27452,47.92998],[-118.27492,47.92998],[-118.27492,47.92971],[-118.27653,47.92971],[-118.27653,47.92998],[-118.27733,47.93025],[-118.27733,47.92944],[-118.27773,47.92944],[-118.27773,47.92917],[-118.27854,47.92917],[-118.27854,47.9289],[-118.28014,47.9289],[-118.28014,47.92864],[-118.28135,47.92864],[-118.28135,47.92837],[-118.28216,47.92837],[-118.28216,47.92783],[-118.28256,47.92783],[-118.28256,47.92729],[-118.28296,47.92729],[-118.28296,47.92702],[-118.28336,47.92702],[-118.28336,47.92675],[-118.28376,47.92675],[-118.28376,47.92648],[-118.28417,47.92648],[-118.28417,47.92621],[-118.28497,47.92621],[-118.28497,47.92594],[-118.28577,47.92594],[-118.28577,47.92567],[-118.28618,47.92567],[-118.28618,47.92486],[-118.28577,47.92486],[-118.28577,47.92298],[-118.28618,47.92298],[-118.28618,47.92244],[-118.28658,47.92244],[-118.28658,47.9219],[-118.28698,47.9219],[-118.28698,47.92109],[-118.28779,47.92082],[-118.28779,47.92055],[-118.28899,47.92055],[-118.28899,47.92082],[-118.29181,47.92082],[-118.29181,47.92109],[-118.29342,47.92136],[-118.29342,47.92109],[-118.29382,47.92109],[-118.29382,47.92082],[-118.29502,47.92082],[-118.29502,47.92055],[-118.29583,47.92055],[-118.29583,47.92028],[-118.29703,47.92028],[-118.29703,47.92001],[-118.29784,47.92001],[-118.29784,47.91974],[-118.29824,47.91974],[-118.29824,47.91947],[-118.29905,47.91947],[-118.29905,47.9192],[-118.29945,47.9192],[-118.29945,47.91893],[-118.30025,47.91866],[-118.30025,47.91813],[-118.30065,47.91813],[-118.30065,47.91786],[-118.30106,47.91786],[-118.30106,47.91759],[-118.30146,47.91759],[-118.30146,47.91705],[-118.30226,47.91678],[-118.30226,47.91651],[-118.30307,47.91651],[-118.30307,47.91624],[-118.30387,47.91624],[-118.30387,47.91597],[-118.30468,47.91597],[-118.30468,47.9157],[-118.30548,47.9157],[-118.30548,47.91543],[-118.30588,47.91543],[-118.30588,47.91516],[-118.30548,47.91516],[-118.30548,47.91489],[-118.30588,47.91489],[-118.30588,47.91462],[-118.30548,47.91462],[-118.30548,47.91435],[-118.30628,47.91435],[-118.30628,47.91408],[-118.30709,47.91408],[-118.30709,47.91381],[-118.30829,47.91381],[-118.30829,47.91354],[-118.3087,47.91354],[-118.3087,47.913],[-118.3091,47.913],[-118.3091,47.91247],[-118.3099,47.91247],[-118.3099,47.9122],[-118.31111,47.9122],[-118.31111,47.91193],[-118.31151,47.91193],[-118.31151,47.91166],[-118.31232,47.91166],[-118.31232,47.91139],[-118.31473,47.91112],[-118.31473,47.91085],[-118.31553,47.91058],[-118.31553,47.91031],[-118.31714,47.91004],[-118.31714,47.90977],[-118.31754,47.90977],[-118.31754,47.9095],[-118.31795,47.9095],[-118.31795,47.90896],[-118.31835,47.90896],[-118.31835,47.90842],[-118.31795,47.90842],[-118.31795,47.90761],[-118.31875,47.90735],[-118.31875,47.90708],[-118.32157,47.90708],[-118.32157,47.90681],[-118.32398,47.90681],[-118.32398,47.90654],[-118.32438,47.90654],[-118.32438,47.906],[-118.32478,47.906],[-118.32478,47.90573],[-118.32438,47.90573],[-118.32438,47.90546],[-118.32478,47.90546],[-118.32478,47.90519],[-118.32559,47.90546],[-118.32559,47.90573],[-118.32518,47.90573],[-118.32518,47.90654],[-118.32559,47.90654],[-118.32559,47.90627],[-118.32719,47.90627],[-118.32719,47.906],[-118.328,47.906],[-118.328,47.90573],[-118.32921,47.90573],[-118.32921,47.90546],[-118.33001,47.90546],[-118.33001,47.90519],[-118.33282,47.90519],[-118.33282,47.90573],[-118.33323,47.90573],[-118.33323,47.90546],[-118.33403,47.90573],[-118.33403,47.90546],[-118.33443,47.90546],[-118.33443,47.90465],[-118.33564,47.90465],[-118.33564,47.90519],[-118.33604,47.90519],[-118.33604,47.906],[-118.33564,47.906],[-118.33564,47.90627],[-118.33604,47.90627],[-118.33604,47.90681],[-118.33644,47.90681],[-118.33644,47.90735],[-118.33685,47.90735],[-118.33685,47.90788],[-118.33765,47.90788],[-118.33765,47.90815],[-118.33805,47.90815],[-118.33805,47.90869],[-118.33845,47.90869],[-118.33845,47.90977],[-118.33886,47.90977],[-118.33886,47.91085],[-118.33845,47.91085],[-118.33845,47.91193],[-118.33805,47.91193],[-118.33805,47.9122],[-118.33845,47.9122],[-118.33845,47.913],[-118.33805,47.913],[-118.33805,47.91408],[-118.33765,47.91408],[-118.33765,47.91435],[-118.33845,47.91435],[-118.33845,47.91462],[-118.33765,47.91462],[-118.33765,47.9157],[-118.33685,47.9157],[-118.33685,47.91597],[-118.33524,47.91624],[-118.33524,47.91678],[-118.33484,47.91678],[-118.33484,47.91732],[-118.33323,47.91786],[-118.33323,47.91813],[-118.33363,47.91813],[-118.33363,47.91839],[-118.33403,47.91839],[-118.33403,47.91893],[-118.33363,47.91893],[-118.33363,47.9192],[-118.33282,47.9192],[-118.33282,47.91893],[-118.33202,47.91893],[-118.33202,47.91866],[-118.33162,47.91866],[-118.33162,47.91759],[-118.33202,47.91759],[-118.33202,47.91651],[-118.33162,47.91651],[-118.33162,47.91624],[-118.33122,47.91624],[-118.33122,47.91651],[-118.33041,47.91651],[-118.33041,47.91705],[-118.33081,47.91705],[-118.33081,47.91786],[-118.33122,47.91786],[-118.33122,47.91839],[-118.33081,47.91839],[-118.33081,47.9192],[-118.33122,47.9192],[-118.33122,47.92001],[-118.33202,47.91974],[-118.33202,47.92001],[-118.33282,47.92001],[-118.33282,47.92028],[-118.33323,47.92028],[-118.33323,47.92109],[-118.33282,47.92109],[-118.33282,47.92136],[-118.33323,47.92136],[-118.33323,47.92163],[-118.33282,47.92163],[-118.33282,47.9219],[-118.33242,47.9219],[-118.33242,47.92217],[-118.33202,47.92217],[-118.33202,47.92244],[-118.33162,47.92244],[-118.33162,47.92271],[-118.33081,47.92271],[-118.33081,47.92325],[-118.33041,47.92325],[-118.33041,47.92352],[-118.33081,47.92352],[-118.33081,47.92432],[-118.33041,47.92432],[-118.33041,47.92567],[-118.33081,47.92567],[-118.33081,47.92621],[-118.33122,47.92621],[-118.33122,47.92702],[-118.33162,47.92702],[-118.33162,47.92756],[-118.32961,47.92756],[-118.32961,47.92783],[-118.32921,47.92783],[-118.32921,47.9281],[-118.3284,47.92837],[-118.3284,47.92998],[-118.328,47.92998],[-118.328,47.93079],[-118.3276,47.93079],[-118.3276,47.93133],[-118.32679,47.93133],[-118.32679,47.93241],[-118.32719,47.93241],[-118.32719,47.93295],[-118.3276,47.93295],[-118.3276,47.93349],[-118.3284,47.93376],[-118.3284,47.93403],[-118.32921,47.93403],[-118.32921,47.93429],[-118.32961,47.93429],[-118.32961,47.9351],[-118.32921,47.9351],[-118.32921,47.93537],[-118.32961,47.93537],[-118.32961,47.93564],[-118.32921,47.93564],[-118.32921,47.93591],[-118.32961,47.93591],[-118.32961,47.93618],[-118.32921,47.93618],[-118.32921,47.93915],[-118.32961,47.93915],[-118.32961,47.93968],[-118.33001,47.93968],[-118.33001,47.93995],[-118.32921,47.93995],[-118.32921,47.94022],[-118.32961,47.94022],[-118.32961,47.94049],[-118.32921,47.94049],[-118.32921,47.94103],[-118.32719,47.94103],[-118.32719,47.9413],[-118.32679,47.9413],[-118.32679,47.94157],[-118.3276,47.94157],[-118.3276,47.94211],[-118.32719,47.94211],[-118.32719,47.94292],[-118.3276,47.94292],[-118.3276,47.94319],[-118.32719,47.94319],[-118.32719,47.94346],[-118.3276,47.94346],[-118.3276,47.94427]],[[-118.25159,47.92917],[-118.25079,47.92917],[-118.25079,47.9289],[-118.24958,47.9289],[-118.24958,47.92917],[-118.24918,47.92917],[-118.24918,47.92944],[-118.25159,47.93025],[-118.25159,47.92917]],[[-118.24918,47.9289],[-118.24878,47.9289],[-118.24878,47.92917],[-118.24918,47.92917],[-118.24918,47.9289]],[[-118.25682,47.9316],[-118.25682,47.93187],[-118.25602,47.93187],[-118.25602,47.93295],[-118.25642,47.93295],[-118.25642,47.93268],[-118.25682,47.93268],[-118.25682,47.93241],[-118.25722,47.93241],[-118.25722,47.9316],[-118.25682,47.9316]],[[-118.25602,47.93456],[-118.25602,47.9351],[-118.25561,47.9351],[-118.25561,47.93537],[-118.25682,47.93537],[-118.25682,47.9351],[-118.25642,47.9351],[-118.25642,47.93483],[-118.25682,47.93483],[-118.25682,47.93456],[-118.25602,47.93456]],[[-118.33001,47.92567],[-118.33001,47.92594],[-118.33041,47.92594],[-118.33041,47.92567],[-118.33001,47.92567]],[[-118.32719,47.94184],[-118.32679,47.94184],[-118.32679,47.94211],[-118.32719,47.94211],[-118.32719,47.94184]],[[-118.25682,47.97256],[-118.25763,47.97256],[-118.25763,47.97229],[-118.25682,47.97229],[-118.25682,47.97256]],[[-118.25642,47.97202],[-118.25763,47.97202],[-118.25763,47.97175],[-118.25642,47.97175],[-118.25642,47.97202]],[[-118.30427,47.95558],[-118.30387,47.95558],[-118.30387,47.95532],[-118.30266,47.95532],[-118.30266,47.95558],[-118.30226,47.95558],[-118.30226,47.95612],[-118.30266,47.95612],[-118.30266,47.95639],[-118.30226,47.95639],[-118.30226,47.95666],[-118.30347,47.95666],[-118.30347,47.95639],[-118.30427,47.95639],[-118.30427,47.95612],[-118.30468,47.95612],[-118.30468,47.95585],[-118.30427,47.95585],[-118.30427,47.95558]],[[-118.24234,47.95532],[-118.24275,47.95532],[-118.24275,47.95505],[-118.24234,47.95505],[-118.24234,47.95532]],[[-118.30427,47.95505],[-118.30548,47.95505],[-118.30548,47.95478],[-118.30427,47.95478],[-118.30427,47.95505]],[[-118.24556,47.95019],[-118.24596,47.95019],[-118.24596,47.94993],[-118.24556,47.94993],[-118.24556,47.95019]],[[-118.30628,47.94966],[-118.30669,47.94966],[-118.30669,47.94939],[-118.30628,47.94939],[-118.30628,47.94966]],[[-118.3095,47.94723],[-118.3099,47.94723],[-118.3099,47.94696],[-118.3095,47.94696],[-118.3095,47.94723]],[[-118.30829,47.94615],[-118.3087,47.94615],[-118.3087,47.94588],[-118.30829,47.94588],[-118.30829,47.94615]],[[-118.31151,47.94561],[-118.31191,47.94561],[-118.31191,47.94534],[-118.31151,47.94534],[-118.31151,47.94561]],[[-118.252,47.94534],[-118.2524,47.94534],[-118.2524,47.94507],[-118.252,47.94507],[-118.252,47.94534]],[[-118.2536,47.944],[-118.25401,47.944],[-118.25401,47.94373],[-118.2536,47.94373],[-118.2536,47.944]],[[-118.2528,47.9351],[-118.2532,47.9351],[-118.2532,47.93483],[-118.2528,47.93483],[-118.2528,47.9351]],[[-118.26567,47.93483],[-118.26728,47.93483],[-118.26728,47.93456],[-118.26567,47.93456],[-118.26567,47.93483]],[[-118.26486,47.93483],[-118.26527,47.93483],[-118.26527,47.93456],[-118.26486,47.93456],[-118.26486,47.93483]],[[-118.2528,47.93376],[-118.2536,47.93376],[-118.2536,47.93349],[-118.2528,47.93349],[-118.2528,47.93376]],[[-118.25119,47.93322],[-118.252,47.93322],[-118.252,47.93295],[-118.25119,47.93295],[-118.25119,47.93322]],[[-118.2528,47.93295],[-118.2532,47.93295],[-118.2532,47.93268],[-118.2528,47.93268],[-118.2528,47.93295]],[[-118.25441,47.93214],[-118.25481,47.93214],[-118.25481,47.93187],[-118.25441,47.93187],[-118.25441,47.93214]],[[-118.24717,47.92998],[-118.24797,47.92998],[-118.24797,47.92971],[-118.24717,47.92971],[-118.24717,47.92998]],[[-118.2532,47.92837],[-118.2528,47.92837],[-118.2528,47.92864],[-118.2532,47.92864],[-118.2532,47.92837]],[[-118.2528,47.9281],[-118.2524,47.9281],[-118.2524,47.92837],[-118.2528,47.92837],[-118.2528,47.9281]]],[[[-118.3276,47.95424],[-118.3276,47.95451],[-118.32719,47.95451],[-118.32719,47.95424],[-118.3276,47.95424]]],[[[-118.32478,47.95828],[-118.32559,47.95828],[-118.32559,47.95774],[-118.32639,47.95774],[-118.32639,47.95747],[-118.32719,47.95774],[-118.32719,47.95801],[-118.32599,47.95801],[-118.32599,47.95828],[-118.32679,47.95828],[-118.32679,47.95855],[-118.32599,47.95855],[-118.32599,47.95909],[-118.32518,47.95909],[-118.32518,47.95936],[-118.32438,47.95909],[-118.32438,47.95882],[-118.32478,47.95882],[-118.32478,47.95828]]],[[[-118.32398,47.96017],[-118.32317,47.96044],[-118.32317,47.9599],[-118.32277,47.9599],[-118.32277,47.95936],[-118.32398,47.95936],[-118.32398,47.96017]]],[[[-118.32277,47.96933],[-118.32358,47.96906],[-118.32358,47.96852],[-118.32398,47.96852],[-118.32398,47.96825],[-118.32478,47.96798],[-118.32478,47.96771],[-118.32438,47.96771],[-118.32438,47.96744],[-118.32398,47.96744],[-118.32398,47.96636],[-118.32438,47.96636],[-118.32438,47.96583],[-118.32478,47.96583],[-118.32478,47.96556],[-118.32559,47.96556],[-118.32559,47.96583],[-118.32599,47.96583],[-118.32599,47.96636],[-118.32639,47.96636],[-118.32639,47.96717],[-118.32679,47.96717],[-118.32679,47.96771],[-118.3276,47.96798],[-118.3276,47.96825],[-118.328,47.96825],[-118.328,47.96852],[-118.3284,47.96852],[-118.3284,47.96906],[-118.328,47.96906],[-118.328,47.96933],[-118.32719,47.96933],[-118.32719,47.9696],[-118.32679,47.9696],[-118.32679,47.96987],[-118.32599,47.96987],[-118.32599,47.97014],[-118.32518,47.97014],[-118.32518,47.97041],[-118.32277,47.97041],[-118.32277,47.96987],[-118.32237,47.96987],[-118.32237,47.9696],[-118.32277,47.9696],[-118.32277,47.96933]]],[[[-118.32076,47.97337],[-118.32116,47.97337],[-118.32116,47.97364],[-118.32076,47.97364],[-118.32076,47.97337]]],[[[-118.31795,47.97445],[-118.31955,47.97445],[-118.31955,47.97472],[-118.31795,47.97472],[-118.31795,47.97445]]],[[[-118.32599,47.9793],[-118.32679,47.97903],[-118.32679,47.9793],[-118.32719,47.9793],[-118.32719,47.97957],[-118.32679,47.97957],[-118.32679,47.98011],[-118.32599,47.98011],[-118.32599,47.97984],[-118.32639,47.97984],[-118.32639,47.97957],[-118.32599,47.97957],[-118.32599,47.9793]]],[[[-118.32559,47.97957],[-118.32599,47.97957],[-118.32599,47.97984],[-118.32559,47.97984],[-118.32559,47.97957]]],[[[-118.32639,47.98065],[-118.32559,47.98065],[-118.32559,47.98011],[-118.32599,47.98011],[-118.32599,47.98038],[-118.32639,47.98038],[-118.32639,47.98065]]],[[[-118.32478,47.98038],[-118.32478,47.98065],[-118.32438,47.98065],[-118.32438,47.98038],[-118.32478,47.98038]]],[[[-118.32317,47.98092],[-118.32317,47.98065],[-118.32438,47.98065],[-118.32438,47.98092],[-118.32317,47.98092]]],[[[-118.32518,47.98092],[-118.32559,47.98092],[-118.32559,47.98119],[-118.32518,47.98119],[-118.32518,47.98092]]],[[[-118.23229,47.91058],[-118.23309,47.91085],[-118.23309,47.91112],[-118.23269,47.91112],[-118.23269,47.91139],[-118.23309,47.91139],[-118.23309,47.91166],[-118.23269,47.91166],[-118.23269,47.9122],[-118.23149,47.9122],[-118.23149,47.91139],[-118.23189,47.91139],[-118.23189,47.91085],[-118.23229,47.91085],[-118.23229,47.91058]]],[[[-118.24797,47.91327],[-118.24757,47.91327],[-118.24757,47.91381],[-118.24677,47.91381],[-118.24677,47.91354],[-118.24717,47.91354],[-118.24717,47.913],[-118.24797,47.913],[-118.24797,47.91327]]],[[[-118.22505,47.9157],[-118.22545,47.9157],[-118.22545,47.91597],[-118.22505,47.91597],[-118.22505,47.9157]]],[[[-118.24556,47.92513],[-118.24556,47.92648],[-118.24516,47.92648],[-118.24516,47.92675],[-118.24435,47.92702],[-118.24435,47.92675],[-118.24355,47.92648],[-118.24355,47.92621],[-118.24395,47.92621],[-118.24395,47.92594],[-118.24355,47.92594],[-118.24355,47.92459],[-118.24315,47.92459],[-118.24315,47.92486],[-118.24234,47.92459],[-118.24234,47.92432],[-118.24275,47.92432],[-118.24275,47.92405],[-118.24234,47.92405],[-118.24234,47.92378],[-118.24194,47.92378],[-118.24194,47.92352],[-118.24154,47.92352],[-118.24154,47.92378],[-118.24074,47.92352],[-118.24074,47.92378],[-118.24033,47.92378],[-118.24033,47.92405],[-118.23953,47.92405],[-118.23953,47.92352],[-118.23872,47.92378],[-118.23872,47.92352],[-118.23792,47.92352],[-118.23792,47.92325],[-118.23712,47.92325],[-118.23712,47.92298],[-118.2335,47.92298],[-118.2335,47.92244],[-118.23309,47.92244],[-118.23309,47.92136],[-118.23269,47.92136],[-118.23269,47.92163],[-118.23189,47.92136],[-118.23189,47.9219],[-118.22988,47.9219],[-118.22988,47.92136],[-118.22907,47.92136],[-118.22907,47.92082],[-118.22666,47.92109],[-118.22666,47.92028],[-118.22706,47.92028],[-118.22706,47.91974],[-118.22505,47.91974],[-118.22505,47.91947],[-118.22545,47.91947],[-118.22545,47.9192],[-118.22586,47.9192],[-118.22586,47.91893],[-118.22666,47.91893],[-118.22666,47.91866],[-118.22626,47.91866],[-118.22626,47.91839],[-118.22666,47.91839],[-118.22666,47.91651],[-118.22626,47.91651],[-118.22626,47.91624],[-118.22747,47.91624],[-118.22747,47.91597],[-118.22706,47.91597],[-118.22706,47.9157],[-118.22747,47.9157],[-118.22747,47.91516],[-118.22787,47.91516],[-118.22787,47.91489],[-118.22747,47.91489],[-118.22747,47.91435],[-118.22706,47.91435],[-118.22706,47.91408],[-118.22747,47.91408],[-118.22747,47.91381],[-118.22626,47.91381],[-118.22626,47.91435],[-118.22505,47.91435],[-118.22505,47.91408],[-118.22586,47.91408],[-118.22586,47.91381],[-118.22545,47.91381],[-118.22545,47.91354],[-118.22907,47.91354],[-118.22907,47.91408],[-118.22948,47.91408],[-118.22948,47.91435],[-118.22867,47.91435],[-118.22867,47.91462],[-118.22988,47.91462],[-118.22988,47.91489],[-118.23028,47.91489],[-118.23028,47.91516],[-118.23229,47.91516],[-118.23229,47.91489],[-118.23149,47.91489],[-118.23149,47.91462],[-118.23229,47.91462],[-118.23229,47.91435],[-118.23189,47.91435],[-118.23189,47.91408],[-118.2343,47.91408],[-118.2343,47.91462],[-118.23511,47.91435],[-118.23511,47.91462],[-118.23591,47.91462],[-118.23591,47.91516],[-118.23631,47.91516],[-118.23631,47.91489],[-118.23712,47.91516],[-118.23712,47.91462],[-118.23792,47.91462],[-118.23792,47.91408],[-118.23872,47.91408],[-118.23872,47.91354],[-118.23913,47.91354],[-118.23913,47.913],[-118.23953,47.913],[-118.23953,47.91274],[-118.23913,47.91274],[-118.23913,47.91247],[-118.23953,47.91247],[-118.23953,47.9122],[-118.23913,47.9122],[-118.23913,47.91112],[-118.23953,47.91112],[-118.23953,47.91085],[-118.24074,47.91085],[-118.24074,47.913],[-118.24114,47.913],[-118.24114,47.91354],[-118.24194,47.91354],[-118.24194,47.91408],[-118.24234,47.91408],[-118.24234,47.91462],[-118.24315,47.91462],[-118.24315,47.91489],[-118.24476,47.91516],[-118.24476,47.91624],[-118.24757,47.91624],[-118.24757,47.91597],[-118.24797,47.91597],[-118.24797,47.91624],[-118.24878,47.91624],[-118.24878,47.91705],[-118.24797,47.91705],[-118.24797,47.91732],[-118.24878,47.91732],[-118.24878,47.91759],[-118.24797,47.91759],[-118.24797,47.91786],[-118.24878,47.91786],[-118.24878,47.91813],[-118.24757,47.91813],[-118.24757,47.91759],[-118.24677,47.91759],[-118.24677,47.91705],[-118.24556,47.91705],[-118.24556,47.91759],[-118.24476,47.91759],[-118.24476,47.91786],[-118.24556,47.91786],[-118.24556,47.91839],[-118.24596,47.91839],[-118.24596,47.91866],[-118.24637,47.91866],[-118.24637,47.91893],[-118.24516,47.91893],[-118.24516,47.91866],[-118.24476,47.91866],[-118.24476,47.91893],[-118.24435,47.91893],[-118.24435,47.9192],[-118.24395,47.9192],[-118.24395,47.91974],[-118.24476,47.91974],[-118.24476,47.92001],[-118.24516,47.92001],[-118.24516,47.92028],[-118.24556,47.92028],[-118.24556,47.92055],[-118.24637,47.92055],[-118.24637,47.92082],[-118.24556,47.92082],[-118.24556,47.92109],[-118.24596,47.92109],[-118.24596,47.92136],[-118.24556,47.92136],[-118.24556,47.92325],[-118.24516,47.92325],[-118.24516,47.92352],[-118.24435,47.92378],[-118.24435,47.92405],[-118.24556,47.92405],[-118.24556,47.92432],[-118.24596,47.92432],[-118.24596,47.92513],[-118.24556,47.92513]],[[-118.24275,47.92378],[-118.24275,47.92352],[-118.24234,47.92352],[-118.24234,47.92378],[-118.24275,47.92378]],[[-118.24033,47.92352],[-118.23993,47.92352],[-118.23993,47.92378],[-118.24033,47.92378],[-118.24033,47.92352]],[[-118.24435,47.91866],[-118.24395,47.91866],[-118.24395,47.91893],[-118.24435,47.91893],[-118.24435,47.91866]],[[-118.24516,47.92298],[-118.24476,47.92298],[-118.24476,47.92325],[-118.24516,47.92325],[-118.24516,47.92298]],[[-118.24435,47.92352],[-118.24395,47.92352],[-118.24395,47.92378],[-118.24435,47.92378],[-118.24435,47.92352]],[[-118.22948,47.92082],[-118.22948,47.92109],[-118.22988,47.92109],[-118.22988,47.92082],[-118.22948,47.92082]],[[-118.22867,47.92028],[-118.22867,47.92055],[-118.22907,47.92055],[-118.22907,47.92028],[-118.22867,47.92028]],[[-118.2343,47.91974],[-118.2343,47.92001],[-118.2347,47.92001],[-118.2347,47.91974],[-118.2343,47.91974]],[[-118.22948,47.9192],[-118.22948,47.91947],[-118.22988,47.91947],[-118.22988,47.9192],[-118.22948,47.9192]],[[-118.22706,47.9192],[-118.22706,47.91947],[-118.22747,47.91947],[-118.22747,47.9192],[-118.22706,47.9192]],[[-118.24476,47.91813],[-118.24476,47.91839],[-118.24516,47.91839],[-118.24516,47.91813],[-118.24476,47.91813]],[[-118.24395,47.91813],[-118.24395,47.91839],[-118.24435,47.91839],[-118.24435,47.91813],[-118.24395,47.91813]],[[-118.22787,47.91813],[-118.22787,47.91839],[-118.22827,47.91839],[-118.22827,47.91813],[-118.22787,47.91813]],[[-118.23591,47.91732],[-118.23591,47.91813],[-118.23631,47.91813],[-118.23631,47.91732],[-118.23591,47.91732]],[[-118.24637,47.91651],[-118.24637,47.91678],[-118.24677,47.91678],[-118.24677,47.91651],[-118.24637,47.91651]],[[-118.24556,47.91651],[-118.24556,47.91678],[-118.24596,47.91678],[-118.24596,47.91651],[-118.24556,47.91651]],[[-118.23108,47.91543],[-118.23108,47.9157],[-118.23149,47.9157],[-118.23149,47.91543],[-118.23108,47.91543]]],[[[-118.24677,47.9192],[-118.24637,47.9192],[-118.24637,47.91893],[-118.24677,47.91893],[-118.24677,47.9192]]],[[[-118.25039,47.92163],[-118.24998,47.92163],[-118.24998,47.92136],[-118.25039,47.92136],[-118.25039,47.92163]]],[[[-118.24878,47.92325],[-118.24797,47.92298],[-118.24797,47.92271],[-118.24838,47.92271],[-118.24838,47.92244],[-118.24797,47.92244],[-118.24797,47.92109],[-118.24838,47.92109],[-118.24838,47.92082],[-118.24757,47.92082],[-118.24757,47.92028],[-118.24797,47.92028],[-118.24797,47.92055],[-118.25079,47.92055],[-118.25079,47.92082],[-118.25039,47.92082],[-118.25039,47.92109],[-118.24998,47.92109],[-118.24998,47.92136],[-118.24958,47.92136],[-118.24958,47.92271],[-118.24878,47.92298],[-118.24878,47.92325]]],[[[-118.22626,47.92163],[-118.22666,47.92163],[-118.22666,47.9219],[-118.22626,47.9219],[-118.22626,47.92163]]],[[[-118.24516,47.92352],[-118.24556,47.92352],[-118.24556,47.92378],[-118.24516,47.92378],[-118.24516,47.92352]]],[[[-118.27331,47.92486],[-118.27331,47.92513],[-118.27291,47.92513],[-118.27291,47.92486],[-118.27331,47.92486]]],[[[-118.2725,47.9254],[-118.2725,47.92513],[-118.27291,47.92513],[-118.27291,47.9254],[-118.2725,47.9254]]],[[[-118.24114,47.92513],[-118.24154,47.92513],[-118.24154,47.9254],[-118.24114,47.9254],[-118.24114,47.92513]]],[[[-118.2721,47.9254],[-118.2725,47.9254],[-118.2725,47.92567],[-118.2721,47.92567],[-118.2721,47.9254]]],[[[-118.24717,47.92621],[-118.24717,47.92648],[-118.24677,47.92648],[-118.24677,47.92621],[-118.24717,47.92621]]],[[[-118.24677,47.92648],[-118.24677,47.92675],[-118.24596,47.92675],[-118.24596,47.92621],[-118.24677,47.92648]]],[[[-118.26366,47.92675],[-118.26406,47.92675],[-118.26406,47.92702],[-118.26366,47.92702],[-118.26366,47.92675]]],[[[-118.2532,47.93052],[-118.25441,47.93052],[-118.25441,47.93079],[-118.2532,47.93079],[-118.2532,47.93052]]],[[[-118.25964,47.93079],[-118.26004,47.93079],[-118.26004,47.93106],[-118.25964,47.93106],[-118.25964,47.93079]]],[[[-118.25682,47.93403],[-118.25722,47.93403],[-118.25722,47.93429],[-118.25682,47.93429],[-118.25682,47.93403]]],[[[-118.23269,47.94723],[-118.23309,47.94723],[-118.23309,47.9475],[-118.23269,47.9475],[-118.23269,47.94723]]],[[[-118.24878,47.98792],[-118.24878,47.989],[-118.24838,47.989],[-118.24838,47.98873],[-118.24757,47.989],[-118.24757,47.98792],[-118.24878,47.98792]]],[[[-118.24878,47.98927],[-118.24878,47.98954],[-118.24838,47.98954],[-118.24838,47.98927],[-118.24878,47.98927]]]]},"properties":{"layer":"predicted_reach_h17","fire_name":"Mitre_Rock","irwin_id":"{C11A3685-C035-4241-A17C-8076EE99619D}","model":"arrival_run","checkpoint_epoch":216,"decode":"connected_causal","operating_point":{"floor":0.0,"mult":0.9},"val_precision":null,"val_recall":null,"model_caveat":"arrival_run chosen for best RECALL among the six FlameFlux v3 candidates on the production-valid t0-window corpus (R=0.624 on the fc2 held-out fires, R=0.432 on Dillon -- see candidate_comparison.md from the 2026-07-24 comparison). It does NOT meet the project's P>=0.50/R>=0.80 target: precision is the WORST of the six (P=0.120 on fc2 -- most flagged growth is wrong), and wind_run actually edges it on F1. IMPORTANT CAVEAT: arrival_run trained on the leaky 'observed' corpus (crop centered/sized on t0|t1, i.e. it saw the future perimeter's geometry during training) and has NEVER seen a t0-window crop -- the ONLY geometry this live pipeline can ever produce at forecast time (the future perimeter is, by definition, unknown). So every live prediction from this model is out-of-distribution relative to its own training. The measured t0-window numbers above already reflect that (they are not a surprise), but this is 'best available', not 'production-ready' -- represent it that way. The operating_point (floor=0.0, mult=0.9) is the VAL-selected connected-causal decode point; it did NOT clear the 0.50 precision floor during selection (feasible=False, val P=0.270/R=0.259) -- it's the best-F1 fallback point, not a precision-guaranteed one.","issued_at_utc":"2026-08-05 10:59:55.016141+00:00","valid_from_utc":"2026-08-05 00:00:00","valid_to_utc":"2026-08-06 00:00:00","wfigs_date_current_utc":"2026-08-05 10:16:25+00:00","pixel_size_m":30,"veg_source":"refreshed_d4","physics_source":"eikonal_fbfm40","history_n_dates":4,"degraded_history":false,"containment_pct":0.0,"acres_wfigs":4439.297279101989,"hour":17,"valid_at_utc":"2026-08-05 17:00:00"}},{"type":"Feature","geometry":{"type":"MultiPolygon","coordinates":[[[[-118.32478,47.9033],[-118.32478,47.90276],[-118.32559,47.90276],[-118.32559,47.9033],[-118.32478,47.9033]]],[[[-118.34087,47.91166],[-118.34087,47.91139],[-118.34127,47.91139],[-118.34127,47.91166],[-118.34087,47.91166]]],[[[-118.33725,47.94993],[-118.33725,47.94966],[-118.33765,47.94966],[-118.33765,47.95046],[-118.33725,47.95046],[-118.33725,47.95073],[-118.33644,47.95046],[-118.33644,47.94993],[-118.33725,47.94993]]],[[[-118.33886,47.95316],[-118.33926,47.95316],[-118.33926,47.95289],[-118.33966,47.95289],[-118.33966,47.95262],[-118.34047,47.95262],[-118.34047,47.95289],[-118.34087,47.95289],[-118.34087,47.9537],[-118.34047,47.9537],[-118.34047,47.95397],[-118.33966,47.95397],[-118.33966,47.95424],[-118.33805,47.95424],[-118.33805,47.95397],[-118.33845,47.95397],[-118.33845,47.95343],[-118.33886,47.95343],[-118.33886,47.95316]]],[[[-118.34087,47.95478],[-118.34167,47.95478],[-118.34167,47.95505],[-118.34087,47.95505],[-118.34087,47.95478]]],[[[-118.33685,47.96124],[-118.33685,47.96097],[-118.33725,47.96097],[-118.33725,47.96124],[-118.33685,47.96124]]],[[[-118.33644,47.96097],[-118.33644,47.96124],[-118.33564,47.96124],[-118.33564,47.96097],[-118.33644,47.96097]]],[[[-118.33564,47.96124],[-118.33564,47.96151],[-118.33604,47.96151],[-118.33604,47.96178],[-118.33524,47.96178],[-118.33524,47.96124],[-118.33564,47.96124]]],[[[-118.34127,47.96205],[-118.34127,47.96151],[-118.34167,47.96151],[-118.34167,47.96259],[-118.34207,47.96259],[-118.34207,47.96313],[-118.34167,47.96313],[-118.34167,47.96394],[-118.34127,47.96394],[-118.34127,47.96232],[-118.34087,47.96232],[-118.34087,47.96205],[-118.34127,47.96205]]],[[[-118.33242,47.98011],[-118.33202,47.98011],[-118.33202,47.98065],[-118.33041,47.98065],[-118.33041,47.98038],[-118.33081,47.98038],[-118.33081,47.97984],[-118.33242,47.97984],[-118.33242,47.98011]]],[[[-118.33202,47.98146],[-118.33323,47.98146],[-118.33323,47.98173],[-118.33202,47.98173],[-118.33202,47.98146]]],[[[-118.33282,47.98226],[-118.33282,47.982],[-118.33403,47.982],[-118.33403,47.98226],[-118.33282,47.98226]]],[[[-118.3284,47.98577],[-118.3284,47.9855],[-118.3288,47.9855],[-118.3288,47.98523],[-118.33001,47.98523],[-118.33001,47.9855],[-118.32961,47.9855],[-118.32961,47.98604],[-118.32921,47.98604],[-118.32921,47.98658],[-118.3284,47.98658],[-118.3284,47.98604],[-118.328,47.98604],[-118.328,47.98577],[-118.3284,47.98577]]],[[[-118.32277,47.98658],[-118.32277,47.98631],[-118.32438,47.98631],[-118.32438,47.98685],[-118.32518,47.98685],[-118.32518,47.98712],[-118.32478,47.98712],[-118.32478,47.98765],[-118.32398,47.98792],[-118.32398,47.98819],[-118.32277,47.98819],[-118.32277,47.98685],[-118.32317,47.98685],[-118.32317,47.98658],[-118.32277,47.98658]]],[[[-118.32639,47.98765],[-118.32679,47.98765],[-118.32679,47.98738],[-118.32719,47.98738],[-118.32719,47.98712],[-118.328,47.98712],[-118.328,47.98819],[-118.3276,47.98819],[-118.3276,47.98873],[-118.32719,47.98873],[-118.32719,47.989],[-118.32679,47.989],[-118.32679,47.98927],[-118.32599,47.989],[-118.32599,47.98819],[-118.32639,47.98819],[-118.32639,47.98765]]],[[[-118.29382,47.91112],[-118.29422,47.91112],[-118.29422,47.91139],[-118.29382,47.91139],[-118.29382,47.91112]]],[[[-118.2906,47.91274],[-118.291,47.91274],[-118.291,47.913],[-118.2906,47.913],[-118.2906,47.91274]]],[[[-118.27934,47.92082],[-118.27974,47.92082],[-118.27974,47.92109],[-118.27934,47.92109],[-118.27934,47.92082]]],[[[-118.33725,47.95693],[-118.33685,47.95693],[-118.33685,47.95747],[-118.33644,47.95747],[-118.33644,47.95909],[-118.33725,47.95936],[-118.33725,47.9599],[-118.33805,47.9599],[-118.33805,47.96017],[-118.33725,47.96017],[-118.33725,47.96044],[-118.33805,47.96044],[-118.33805,47.96071],[-118.33685,47.96071],[-118.33685,47.96017],[-118.33644,47.96017],[-118.33644,47.96071],[-118.33564,47.96071],[-118.33564,47.96097],[-118.33524,47.96097],[-118.33524,47.96017],[-118.33484,47.96017],[-118.33484,47.95963],[-118.33323,47.95963],[-118.33323,47.9599],[-118.33363,47.9599],[-118.33363,47.96017],[-118.33323,47.96017],[-118.33323,47.96044],[-118.33363,47.96044],[-118.33363,47.96071],[-118.33323,47.96071],[-118.33323,47.96097],[-118.33363,47.96097],[-118.33363,47.96124],[-118.33323,47.96124],[-118.33323,47.96151],[-118.33363,47.96151],[-118.33363,47.96178],[-118.33323,47.96178],[-118.33323,47.96205],[-118.33403,47.96205],[-118.33403,47.96232],[-118.33323,47.96232],[-118.33323,47.96259],[-118.33484,47.96259],[-118.33484,47.96286],[-118.33403,47.96286],[-118.33403,47.96313],[-118.33484,47.96313],[-118.33484,47.9634],[-118.33443,47.9634],[-118.33443,47.96367],[-118.33484,47.96367],[-118.33484,47.96421],[-118.33524,47.96421],[-118.33524,47.96367],[-118.33604,47.96367],[-118.33604,47.96313],[-118.33685,47.96313],[-118.33685,47.96286],[-118.33725,47.96286],[-118.33725,47.96259],[-118.33765,47.96259],[-118.33765,47.96205],[-118.33805,47.96205],[-118.33805,47.9634],[-118.33765,47.9634],[-118.33765,47.96367],[-118.33805,47.96367],[-118.33805,47.96394],[-118.33966,47.96394],[-118.33966,47.96367],[-118.34047,47.96367],[-118.34047,47.96502],[-118.34006,47.96502],[-118.34006,47.96556],[-118.33966,47.96556],[-118.33966,47.96583],[-118.34006,47.96583],[-118.34006,47.96636],[-118.34047,47.96636],[-118.34047,47.96744],[-118.34006,47.96744],[-118.34006,47.96771],[-118.33926,47.96798],[-118.33926,47.96825],[-118.33845,47.96852],[-118.33845,47.96906],[-118.33926,47.96906],[-118.33926,47.9696],[-118.33886,47.9696],[-118.33886,47.96987],[-118.33644,47.96987],[-118.33644,47.97041],[-118.33685,47.97041],[-118.33685,47.97095],[-118.33644,47.97095],[-118.33644,47.97122],[-118.33685,47.97122],[-118.33685,47.97148],[-118.33765,47.97148],[-118.33765,47.97202],[-118.33805,47.97202],[-118.33805,47.97256],[-118.33604,47.97256],[-118.33604,47.97229],[-118.33644,47.97229],[-118.33644,47.97202],[-118.33604,47.97202],[-118.33604,47.97175],[-118.33644,47.97175],[-118.33644,47.97148],[-118.33564,47.97148],[-118.33564,47.97122],[-118.33524,47.97122],[-118.33524,47.97095],[-118.33403,47.97095],[-118.33403,47.97229],[-118.33524,47.97229],[-118.33524,47.97283],[-118.33443,47.97256],[-118.33443,47.97283],[-118.33363,47.9731],[-118.33363,47.97337],[-118.33323,47.97337],[-118.33323,47.97364],[-118.33162,47.97364],[-118.33162,47.97391],[-118.33202,47.97391],[-118.33202,47.97445],[-118.33242,47.97445],[-118.33242,47.97472],[-118.33323,47.97472],[-118.33323,47.97526],[-118.33242,47.97526],[-118.33242,47.9758],[-118.33162,47.9758],[-118.33162,47.97607],[-118.33122,47.97607],[-118.33122,47.9758],[-118.33001,47.9758],[-118.33001,47.97634],[-118.32961,47.97634],[-118.32961,47.97687],[-118.32921,47.97687],[-118.32921,47.97957],[-118.3288,47.97957],[-118.3288,47.98038],[-118.328,47.98065],[-118.328,47.98119],[-118.3276,47.98119],[-118.3276,47.98173],[-118.32679,47.98173],[-118.32679,47.982],[-118.32639,47.982],[-118.32639,47.98226],[-118.32599,47.98226],[-118.32599,47.98253],[-118.32518,47.9828],[-118.32518,47.98334],[-118.32478,47.98334],[-118.32478,47.98361],[-118.32438,47.98361],[-118.32438,47.98388],[-118.32358,47.98388],[-118.32358,47.98415],[-118.32317,47.98415],[-118.32317,47.98442],[-118.32197,47.98442],[-118.32197,47.98469],[-118.32237,47.98469],[-118.32237,47.98496],[-118.32197,47.98496],[-118.32197,47.98523],[-118.32237,47.98523],[-118.32237,47.9855],[-118.32197,47.9855],[-118.32197,47.98577],[-118.32277,47.98577],[-118.32277,47.98604],[-118.32197,47.98604],[-118.32197,47.98658],[-118.32076,47.98658],[-118.32076,47.98685],[-118.32116,47.98685],[-118.32116,47.98765],[-118.32076,47.98765],[-118.32076,47.98819],[-118.32036,47.98819],[-118.32036,47.98846],[-118.32076,47.98846],[-118.32076,47.98927],[-118.32036,47.98927],[-118.32036,47.98954],[-118.32076,47.98954],[-118.32076,47.98981],[-118.31955,47.98981],[-118.31955,47.98954],[-118.31996,47.98954],[-118.31996,47.98819],[-118.31955,47.98819],[-118.31955,47.98738],[-118.31996,47.98738],[-118.31996,47.98712],[-118.31955,47.98712],[-118.31955,47.98685],[-118.31996,47.98685],[-118.31996,47.98658],[-118.31875,47.98658],[-118.31875,47.98685],[-118.31835,47.98685],[-118.31835,47.98712],[-118.31634,47.98712],[-118.31634,47.98819],[-118.31553,47.98819],[-118.31553,47.98873],[-118.31473,47.98873],[-118.31473,47.98927],[-118.31433,47.98927],[-118.31433,47.98873],[-118.31352,47.98873],[-118.31352,47.98738],[-118.31433,47.98738],[-118.31433,47.98685],[-118.31513,47.98685],[-118.31513,47.98631],[-118.31553,47.98631],[-118.31553,47.98577],[-118.31634,47.98577],[-118.31634,47.9855],[-118.31674,47.9855],[-118.31674,47.98523],[-118.31714,47.98523],[-118.31714,47.98469],[-118.31674,47.98469],[-118.31674,47.98442],[-118.31553,47.98442],[-118.31553,47.98415],[-118.31594,47.98415],[-118.31594,47.98388],[-118.31553,47.98388],[-118.31553,47.98361],[-118.31594,47.98361],[-118.31594,47.98307],[-118.31634,47.98307],[-118.31634,47.98253],[-118.31674,47.98253],[-118.31674,47.98226],[-118.31634,47.98226],[-118.31634,47.98173],[-118.31553,47.98173],[-118.31553,47.98119],[-118.31513,47.98119],[-118.31513,47.9793],[-118.31553,47.9793],[-118.31553,47.97876],[-118.31594,47.97876],[-118.31594,47.97822],[-118.31634,47.97822],[-118.31634,47.97795],[-118.31594,47.97795],[-118.31594,47.97687],[-118.31553,47.97687],[-118.31553,47.97526],[-118.31594,47.97526],[-118.31594,47.97472],[-118.31634,47.97472],[-118.31634,47.97445],[-118.31674,47.97445],[-118.31674,47.97418],[-118.31714,47.97418],[-118.31714,47.97391],[-118.31754,47.97391],[-118.31754,47.97364],[-118.31915,47.97337],[-118.31915,47.9731],[-118.31955,47.9731],[-118.31955,47.97283],[-118.31996,47.97283],[-118.31996,47.97256],[-118.32076,47.97229],[-118.32076,47.97175],[-118.32116,47.97175],[-118.32116,47.97095],[-118.32076,47.97095],[-118.32076,47.97014],[-118.32116,47.97014],[-118.32116,47.96906],[-118.32157,47.96906],[-118.32157,47.96798],[-118.32197,47.96798],[-118.32197,47.96771],[-118.32237,47.96771],[-118.32237,47.96744],[-118.32317,47.96744],[-118.32317,47.9661],[-118.32197,47.9661],[-118.32197,47.96583],[-118.32157,47.96583],[-118.32157,47.96421],[-118.32197,47.96421],[-118.32197,47.96367],[-118.32237,47.96367],[-118.32237,47.96313],[-118.32277,47.96313],[-118.32277,47.96367],[-118.32358,47.96367],[-118.32358,47.96421],[-118.32599,47.96421],[-118.32599,47.96475],[-118.32679,47.96475],[-118.32679,47.96502],[-118.32719,47.96502],[-118.32719,47.96529],[-118.3276,47.96529],[-118.3276,47.96556],[-118.32719,47.96556],[-118.32719,47.9669],[-118.3276,47.9669],[-118.3276,47.96744],[-118.3288,47.96744],[-118.3288,47.9661],[-118.3284,47.9661],[-118.3284,47.96583],[-118.3288,47.96583],[-118.3288,47.96556],[-118.3284,47.96556],[-118.3284,47.96529],[-118.3288,47.96529],[-118.3288,47.96475],[-118.32961,47.96475],[-118.32961,47.96367],[-118.3288,47.9634],[-118.3288,47.96313],[-118.3284,47.96313],[-118.3284,47.96286],[-118.328,47.96286],[-118.328,47.96178],[-118.3276,47.96178],[-118.3276,47.96097],[-118.328,47.96097],[-118.328,47.96044],[-118.3284,47.96044],[-118.3284,47.95963],[-118.32719,47.95963],[-118.32719,47.9599],[-118.32679,47.9599],[-118.32679,47.96017],[-118.32599,47.96017],[-118.32599,47.96071],[-118.32518,47.96071],[-118.32518,47.96097],[-118.32438,47.96124],[-118.32438,47.96178],[-118.32358,47.96178],[-118.32358,47.96205],[-118.32277,47.96232],[-118.32277,47.96286],[-118.32157,47.96286],[-118.32157,47.96232],[-118.32116,47.96232],[-118.32116,47.96205],[-118.32157,47.96205],[-118.32157,47.96178],[-118.32116,47.96178],[-118.32116,47.96151],[-118.32157,47.96151],[-118.32157,47.96124],[-118.32116,47.96124],[-118.32116,47.96097],[-118.32157,47.96097],[-118.32157,47.96071],[-118.32116,47.96071],[-118.32116,47.96044],[-118.32157,47.96044],[-118.32157,47.96017],[-118.32076,47.9599],[-118.32076,47.95909],[-118.32036,47.95909],[-118.32036,47.95882],[-118.32076,47.95882],[-118.32076,47.95828],[-118.32237,47.95828],[-118.32237,47.95747],[-118.32157,47.95747],[-118.32157,47.9572],[-118.32076,47.9572],[-118.32076,47.95747],[-118.31875,47.95747],[-118.31875,47.95774],[-118.31795,47.95774],[-118.31795,47.95801],[-118.31754,47.95801],[-118.31754,47.95828],[-118.31674,47.95828],[-118.31674,47.95801],[-118.31634,47.95801],[-118.31634,47.95774],[-118.31594,47.95774],[-118.31594,47.95693],[-118.31553,47.95693],[-118.31553,47.95666],[-118.31473,47.95639],[-118.31473,47.95612],[-118.31433,47.95612],[-118.31433,47.95585],[-118.31151,47.95585],[-118.31151,47.95612],[-118.31111,47.95612],[-118.31111,47.95639],[-118.31031,47.95666],[-118.31031,47.95693],[-118.3095,47.95693],[-118.3095,47.9572],[-118.30829,47.9572],[-118.30829,47.95693],[-118.30669,47.95693],[-118.30669,47.9572],[-118.30468,47.9572],[-118.30468,47.95747],[-118.30106,47.95747],[-118.30106,47.9572],[-118.29945,47.9572],[-118.29945,47.95693],[-118.29261,47.95693],[-118.29261,47.9572],[-118.2898,47.9572],[-118.2898,47.95747],[-118.28899,47.95747],[-118.28899,47.95774],[-118.28859,47.95774],[-118.28859,47.95801],[-118.28779,47.95801],[-118.28779,47.95828],[-118.28738,47.95828],[-118.28738,47.95855],[-118.28698,47.95855],[-118.28698,47.95882],[-118.28618,47.95855],[-118.28618,47.95882],[-118.28457,47.95882],[-118.28457,47.95909],[-118.28376,47.95936],[-118.28376,47.9599],[-118.28336,47.9599],[-118.28336,47.96017],[-118.28256,47.96044],[-118.28256,47.96097],[-118.28216,47.96097],[-118.28216,47.96151],[-118.28135,47.96178],[-118.28135,47.96205],[-118.28095,47.96205],[-118.28095,47.96232],[-118.28055,47.96232],[-118.28055,47.96286],[-118.27934,47.96286],[-118.27934,47.96421],[-118.27854,47.96421],[-118.27854,47.96475],[-118.27813,47.96475],[-118.27813,47.96502],[-118.27733,47.96529],[-118.27733,47.96556],[-118.27653,47.96556],[-118.27653,47.96583],[-118.27572,47.9661],[-118.27572,47.96636],[-118.27532,47.96636],[-118.27532,47.96663],[-118.27452,47.96663],[-118.27452,47.96717],[-118.27411,47.96717],[-118.27411,47.96798],[-118.27371,47.96798],[-118.27371,47.96825],[-118.27411,47.96825],[-118.27411,47.96852],[-118.27331,47.96879],[-118.27331,47.96906],[-118.27291,47.96906],[-118.27291,47.96933],[-118.2725,47.96933],[-118.2725,47.9696],[-118.2721,47.9696],[-118.2721,47.96987],[-118.2717,47.96987],[-118.2717,47.97014],[-118.27049,47.97014],[-118.27049,47.96987],[-118.27009,47.96987],[-118.27009,47.97014],[-118.26929,47.97041],[-118.26929,47.97068],[-118.26889,47.97068],[-118.26889,47.97095],[-118.26728,47.97122],[-118.26728,47.97202],[-118.26808,47.97202],[-118.26808,47.97256],[-118.26848,47.97256],[-118.26848,47.97283],[-118.26768,47.97283],[-118.26768,47.9731],[-118.26647,47.9731],[-118.26647,47.97283],[-118.26607,47.97283],[-118.26607,47.97256],[-118.26567,47.97256],[-118.26567,47.97229],[-118.26527,47.97229],[-118.26527,47.97202],[-118.26567,47.97202],[-118.26567,47.97148],[-118.26607,47.97148],[-118.26607,47.97122],[-118.26406,47.97122],[-118.26406,47.97148],[-118.26326,47.97148],[-118.26326,47.97175],[-118.26205,47.97175],[-118.26205,47.97202],[-118.26165,47.97202],[-118.26165,47.97256],[-118.26205,47.97256],[-118.26205,47.97283],[-118.26165,47.97283],[-118.26165,47.9731],[-118.26124,47.9731],[-118.26124,47.97283],[-118.25964,47.97283],[-118.25964,47.97337],[-118.25923,47.97337],[-118.25923,47.97391],[-118.25883,47.97391],[-118.25883,47.97418],[-118.25843,47.97418],[-118.25843,47.97445],[-118.25763,47.97445],[-118.25763,47.97472],[-118.25682,47.97472],[-118.25682,47.97499],[-118.25561,47.97499],[-118.25561,47.97526],[-118.25481,47.97526],[-118.25481,47.97499],[-118.2532,47.97499],[-118.2532,47.97472],[-118.2528,47.97472],[-118.2528,47.97499],[-118.25159,47.97499],[-118.25159,47.97472],[-118.24918,47.97472],[-118.24918,47.97445],[-118.24757,47.97445],[-118.24757,47.97418],[-118.24717,47.97418],[-118.24717,47.97391],[-118.24637,47.97364],[-118.24637,47.97337],[-118.24556,47.97337],[-118.24556,47.97175],[-118.24516,47.97175],[-118.24516,47.97122],[-118.24476,47.97122],[-118.24476,47.97068],[-118.24395,47.97068],[-118.24395,47.97014],[-118.24315,47.97014],[-118.24315,47.96987],[-118.24275,47.96987],[-118.24275,47.9696],[-118.24234,47.9696],[-118.24234,47.96906],[-118.24154,47.96906],[-118.24154,47.96825],[-118.24315,47.96825],[-118.24315,47.96771],[-118.24355,47.96771],[-118.24355,47.9669],[-118.24315,47.9669],[-118.24315,47.96636],[-118.24234,47.96636],[-118.24234,47.9661],[-118.24074,47.9661],[-118.24074,47.96583],[-118.23993,47.96583],[-118.23993,47.96556],[-118.23913,47.96556],[-118.23913,47.96529],[-118.23832,47.96529],[-118.23832,47.96475],[-118.23792,47.96475],[-118.23792,47.96421],[-118.23752,47.96421],[-118.23752,47.96394],[-118.23792,47.96394],[-118.23792,47.96367],[-118.23752,47.96367],[-118.23752,47.9634],[-118.23792,47.9634],[-118.23792,47.96071],[-118.23752,47.96071],[-118.23752,47.9599],[-118.23671,47.95963],[-118.23671,47.95882],[-118.23631,47.95882],[-118.23631,47.95828],[-118.23591,47.95828],[-118.23591,47.9572],[-118.23551,47.9572],[-118.23551,47.95666],[-118.23511,47.95666],[-118.23511,47.95612],[-118.2347,47.95612],[-118.2347,47.95558],[-118.2343,47.95558],[-118.2343,47.95532],[-118.23511,47.95532],[-118.23511,47.95505],[-118.2343,47.95505],[-118.2343,47.95478],[-118.2347,47.95478],[-118.2347,47.95397],[-118.2343,47.95397],[-118.2343,47.9537],[-118.2347,47.9537],[-118.2347,47.95343],[-118.2343,47.95343],[-118.2343,47.95289],[-118.2339,47.95289],[-118.2339,47.95235],[-118.2335,47.95235],[-118.2335,47.95154],[-118.2339,47.95154],[-118.2339,47.95208],[-118.2347,47.95208],[-118.2347,47.95127],[-118.2343,47.95127],[-118.2343,47.95073],[-118.23511,47.95073],[-118.23511,47.94993],[-118.23591,47.94993],[-118.23591,47.94885],[-118.23631,47.94885],[-118.23631,47.94804],[-118.23551,47.94804],[-118.23551,47.94831],[-118.23309,47.94831],[-118.23309,47.94804],[-118.2335,47.94804],[-118.2335,47.94777],[-118.23309,47.94777],[-118.23309,47.9475],[-118.2335,47.9475],[-118.2335,47.94723],[-118.23511,47.94723],[-118.23511,47.94696],[-118.23712,47.94696],[-118.23712,47.94642],[-118.24194,47.94642],[-118.24194,47.94669],[-118.24275,47.94669],[-118.24275,47.94642],[-118.24435,47.94615],[-118.24435,47.94588],[-118.24355,47.94561],[-118.24355,47.94481],[-118.24395,47.94481],[-118.24395,47.94454],[-118.24355,47.94454],[-118.24355,47.94427],[-118.24395,47.94427],[-118.24395,47.94319],[-118.24435,47.94319],[-118.24435,47.94292],[-118.24395,47.94292],[-118.24395,47.94265],[-118.24435,47.94265],[-118.24435,47.94238],[-118.24395,47.94238],[-118.24395,47.94211],[-118.24435,47.94211],[-118.24435,47.94184],[-118.24395,47.94184],[-118.24395,47.94049],[-118.24435,47.94049],[-118.24435,47.93995],[-118.24476,47.93995],[-118.24476,47.93942],[-118.24556,47.93942],[-118.24556,47.93888],[-118.24596,47.93888],[-118.24596,47.93861],[-118.24556,47.93861],[-118.24556,47.93834],[-118.24596,47.93834],[-118.24596,47.9378],[-118.24637,47.9378],[-118.24637,47.93753],[-118.24596,47.93753],[-118.24596,47.93726],[-118.24677,47.93726],[-118.24677,47.93699],[-118.24476,47.93699],[-118.24476,47.93726],[-118.24315,47.93699],[-118.24315,47.93726],[-118.24234,47.93726],[-118.24234,47.93753],[-118.23993,47.93753],[-118.23993,47.9378],[-118.23953,47.9378],[-118.23953,47.93807],[-118.23832,47.93807],[-118.23832,47.9378],[-118.23792,47.9378],[-118.23792,47.93753],[-118.23752,47.93753],[-118.23752,47.93645],[-118.23712,47.93645],[-118.23712,47.93618],[-118.23832,47.93618],[-118.23832,47.93591],[-118.23913,47.93564],[-118.23913,47.93483],[-118.23953,47.93483],[-118.23953,47.93403],[-118.23993,47.93403],[-118.23993,47.93376],[-118.23913,47.93376],[-118.23913,47.93241],[-118.23953,47.93241],[-118.23953,47.93187],[-118.23993,47.93187],[-118.23993,47.9316],[-118.23953,47.9316],[-118.23953,47.93133],[-118.23993,47.93133],[-118.23993,47.92971],[-118.24033,47.92971],[-118.24033,47.92917],[-118.24074,47.92917],[-118.24074,47.92864],[-118.24114,47.92864],[-118.24114,47.92783],[-118.24033,47.92783],[-118.24033,47.92729],[-118.23993,47.92729],[-118.23993,47.92702],[-118.23953,47.92702],[-118.23953,47.92675],[-118.23913,47.92675],[-118.23913,47.92648],[-118.23872,47.92648],[-118.23872,47.92621],[-118.23832,47.92621],[-118.23832,47.9254],[-118.23872,47.9254],[-118.23872,47.92486],[-118.23792,47.92486],[-118.23792,47.92459],[-118.23752,47.92459],[-118.23752,47.92405],[-118.23712,47.92405],[-118.23712,47.92352],[-118.23631,47.92352],[-118.23631,47.92378],[-118.23591,47.92378],[-118.23591,47.92405],[-118.23511,47.92405],[-118.23511,47.92432],[-118.2339,47.92432],[-118.2339,47.92405],[-118.23309,47.92405],[-118.23309,47.92378],[-118.23229,47.92378],[-118.23229,47.92352],[-118.23189,47.92352],[-118.23189,47.92325],[-118.23229,47.92325],[-118.23229,47.92271],[-118.22988,47.92298],[-118.22988,47.92271],[-118.22948,47.92271],[-118.22948,47.92244],[-118.22747,47.92244],[-118.22747,47.92271],[-118.22706,47.92271],[-118.22706,47.92298],[-118.22586,47.92298],[-118.22586,47.92271],[-118.22545,47.92271],[-118.22545,47.92244],[-118.22505,47.92244],[-118.22505,47.9219],[-118.22465,47.9219],[-118.22465,47.92163],[-118.22425,47.92163],[-118.22425,47.92136],[-118.22385,47.92136],[-118.22385,47.92109],[-118.22304,47.92082],[-118.22304,47.92055],[-118.22344,47.92055],[-118.22344,47.91974],[-118.22425,47.91947],[-118.22425,47.91893],[-118.22465,47.91893],[-118.22465,47.91839],[-118.22505,47.91839],[-118.22505,47.91786],[-118.22545,47.91786],[-118.22545,47.91759],[-118.22465,47.91759],[-118.22465,47.91732],[-118.22425,47.91732],[-118.22425,47.91678],[-118.22385,47.91678],[-118.22385,47.91516],[-118.22425,47.91516],[-118.22425,47.91489],[-118.22385,47.91489],[-118.22385,47.91408],[-118.22425,47.91408],[-118.22425,47.91381],[-118.22505,47.91354],[-118.22505,47.91247],[-118.22545,47.91247],[-118.22545,47.91139],[-118.22586,47.91139],[-118.22586,47.91085],[-118.22626,47.91085],[-118.22626,47.91031],[-118.22747,47.91031],[-118.22747,47.91004],[-118.22787,47.91004],[-118.22787,47.90977],[-118.22907,47.90977],[-118.22907,47.9095],[-118.22988,47.9095],[-118.22988,47.90923],[-118.23149,47.90896],[-118.23149,47.90869],[-118.23189,47.90869],[-118.23189,47.90896],[-118.23229,47.90896],[-118.23229,47.90923],[-118.23269,47.90923],[-118.23269,47.9095],[-118.23309,47.9095],[-118.23309,47.91004],[-118.2335,47.91004],[-118.2335,47.91031],[-118.2343,47.91031],[-118.2343,47.91139],[-118.23511,47.91139],[-118.23511,47.91327],[-118.23591,47.91327],[-118.23591,47.91354],[-118.23631,47.91354],[-118.23631,47.91327],[-118.23671,47.91327],[-118.23671,47.91354],[-118.23792,47.91354],[-118.23792,47.91327],[-118.23832,47.91327],[-118.23832,47.9122],[-118.23792,47.9122],[-118.23792,47.91166],[-118.23832,47.91166],[-118.23832,47.91112],[-118.23872,47.91112],[-118.23872,47.91058],[-118.23913,47.91058],[-118.23913,47.91031],[-118.24114,47.91031],[-118.24114,47.90977],[-118.23953,47.90977],[-118.23953,47.9095],[-118.23872,47.9095],[-118.23872,47.90923],[-118.23832,47.90923],[-118.23832,47.90869],[-118.23953,47.90869],[-118.23953,47.90842],[-118.23993,47.90842],[-118.23993,47.90869],[-118.24114,47.90869],[-118.24114,47.90842],[-118.24194,47.90842],[-118.24194,47.90815],[-118.24234,47.90815],[-118.24234,47.90869],[-118.24355,47.90869],[-118.24355,47.91004],[-118.24275,47.91031],[-118.24275,47.91112],[-118.24234,47.91112],[-118.24234,47.91166],[-118.24275,47.91166],[-118.24275,47.913],[-118.24315,47.913],[-118.24315,47.91327],[-118.24395,47.91354],[-118.24395,47.91408],[-118.24516,47.91408],[-118.24516,47.91381],[-118.24556,47.91381],[-118.24556,47.91327],[-118.24596,47.91327],[-118.24596,47.913],[-118.24677,47.91274],[-118.24677,47.91247],[-118.24797,47.91247],[-118.24797,47.91274],[-118.24878,47.913],[-118.24878,47.91327],[-118.24838,47.91327],[-118.24838,47.91489],[-118.24878,47.91489],[-118.24878,47.91462],[-118.25039,47.91462],[-118.25039,47.91489],[-118.25079,47.91489],[-118.25079,47.91516],[-118.25159,47.91516],[-118.25159,47.9157],[-118.252,47.9157],[-118.252,47.91624],[-118.2524,47.91624],[-118.2524,47.91705],[-118.252,47.91705],[-118.252,47.91732],[-118.2524,47.91732],[-118.2524,47.91759],[-118.252,47.91759],[-118.252,47.91786],[-118.2528,47.91786],[-118.2528,47.91813],[-118.2524,47.91813],[-118.2524,47.91839],[-118.2528,47.91839],[-118.2528,47.91866],[-118.2524,47.91866],[-118.2524,47.9192],[-118.252,47.9192],[-118.252,47.92163],[-118.2528,47.92163],[-118.2528,47.92109],[-118.2532,47.92109],[-118.2532,47.92055],[-118.2536,47.92055],[-118.2536,47.92001],[-118.25401,47.92001],[-118.25401,47.91947],[-118.25441,47.91947],[-118.25441,47.92109],[-118.25521,47.92109],[-118.25521,47.92136],[-118.25561,47.92136],[-118.25561,47.92109],[-118.25722,47.92109],[-118.25722,47.92136],[-118.25763,47.92136],[-118.25763,47.9219],[-118.25682,47.92217],[-118.25682,47.92244],[-118.25642,47.92244],[-118.25642,47.92217],[-118.25521,47.92217],[-118.25521,47.92325],[-118.25561,47.92325],[-118.25561,47.92352],[-118.25521,47.92352],[-118.25521,47.92378],[-118.25561,47.92378],[-118.25561,47.92405],[-118.25722,47.92405],[-118.25722,47.92378],[-118.25803,47.92378],[-118.25803,47.92271],[-118.26084,47.92271],[-118.26084,47.92298],[-118.26165,47.92298],[-118.26165,47.92325],[-118.26205,47.92325],[-118.26205,47.92298],[-118.26285,47.92298],[-118.26285,47.92271],[-118.26406,47.92271],[-118.26406,47.92352],[-118.26366,47.92352],[-118.26366,47.92405],[-118.26326,47.92405],[-118.26326,47.92459],[-118.26245,47.92459],[-118.26245,47.92486],[-118.26165,47.92486],[-118.26165,47.92513],[-118.26004,47.92513],[-118.26004,47.92621],[-118.25923,47.92621],[-118.25923,47.92648],[-118.26004,47.92648],[-118.26004,47.92675],[-118.26044,47.92675],[-118.26044,47.92648],[-118.26124,47.92621],[-118.26124,47.92594],[-118.26245,47.92594],[-118.26245,47.92621],[-118.26366,47.92621],[-118.26366,47.92594],[-118.26527,47.92594],[-118.26527,47.92702],[-118.26486,47.92702],[-118.26486,47.92756],[-118.26446,47.92756],[-118.26446,47.92783],[-118.26406,47.92783],[-118.26406,47.9281],[-118.26446,47.9281],[-118.26446,47.92837],[-118.26527,47.92837],[-118.26527,47.9281],[-118.26607,47.92837],[-118.26607,47.9281],[-118.26647,47.9281],[-118.26647,47.92756],[-118.26687,47.92756],[-118.26687,47.92675],[-118.26728,47.92675],[-118.26728,47.92648],[-118.26848,47.92648],[-118.26848,47.92621],[-118.26889,47.92621],[-118.26889,47.92594],[-118.26929,47.92594],[-118.26929,47.92567],[-118.27049,47.92567],[-118.27049,47.9254],[-118.2713,47.9254],[-118.2713,47.92513],[-118.2717,47.92513],[-118.2717,47.92459],[-118.2725,47.92459],[-118.2725,47.92432],[-118.27291,47.92432],[-118.27291,47.92378],[-118.27371,47.92378],[-118.27371,47.92352],[-118.27452,47.92325],[-118.27452,47.92298],[-118.27492,47.92298],[-118.27492,47.92271],[-118.27532,47.92271],[-118.27532,47.92244],[-118.27653,47.92244],[-118.27653,47.92217],[-118.27693,47.92217],[-118.27693,47.9219],[-118.27894,47.9219],[-118.27894,47.92163],[-118.27854,47.92163],[-118.27854,47.92136],[-118.28055,47.92136],[-118.28055,47.92109],[-118.28014,47.92109],[-118.28014,47.92055],[-118.27974,47.92055],[-118.27974,47.91974],[-118.28014,47.91974],[-118.28014,47.91947],[-118.27934,47.91947],[-118.27934,47.9192],[-118.28095,47.9192],[-118.28095,47.91893],[-118.28256,47.91893],[-118.28256,47.91866],[-118.28336,47.91866],[-118.28336,47.91813],[-118.28376,47.91813],[-118.28376,47.91543],[-118.28417,47.91543],[-118.28417,47.91489],[-118.28457,47.91489],[-118.28457,47.91462],[-118.28819,47.91462],[-118.28819,47.91435],[-118.28859,47.91435],[-118.28859,47.91381],[-118.28939,47.91381],[-118.28939,47.91327],[-118.2902,47.91327],[-118.2902,47.913],[-118.2906,47.913],[-118.2906,47.91327],[-118.29221,47.91327],[-118.29221,47.913],[-118.29422,47.913],[-118.29422,47.91327],[-118.29502,47.91327],[-118.29502,47.91354],[-118.29543,47.91354],[-118.29543,47.91112],[-118.29583,47.91112],[-118.29583,47.91031],[-118.29623,47.91031],[-118.29623,47.90977],[-118.29703,47.90977],[-118.29703,47.9095],[-118.30025,47.9095],[-118.30025,47.90923],[-118.30106,47.90923],[-118.30106,47.90896],[-118.30186,47.90896],[-118.30186,47.90869],[-118.30266,47.90869],[-118.30266,47.90842],[-118.30347,47.90842],[-118.30347,47.90815],[-118.30387,47.90815],[-118.30387,47.90788],[-118.30468,47.90788],[-118.30468,47.90761],[-118.30548,47.90761],[-118.30548,47.90735],[-118.30669,47.90735],[-118.30669,47.90708],[-118.30749,47.90708],[-118.30749,47.90681],[-118.30789,47.90681],[-118.30789,47.90654],[-118.30829,47.90654],[-118.30829,47.90627],[-118.3091,47.90627],[-118.3091,47.906],[-118.31111,47.906],[-118.31111,47.90654],[-118.31232,47.90654],[-118.31232,47.90708],[-118.31272,47.90708],[-118.31272,47.90654],[-118.31312,47.90654],[-118.31312,47.90627],[-118.31352,47.90627],[-118.31352,47.906],[-118.31513,47.906],[-118.31513,47.90654],[-118.31553,47.90654],[-118.31553,47.90708],[-118.31594,47.90708],[-118.31594,47.90896],[-118.31553,47.90896],[-118.31553,47.90923],[-118.31594,47.90923],[-118.31594,47.9095],[-118.31674,47.9095],[-118.31674,47.90923],[-118.31754,47.90923],[-118.31754,47.90896],[-118.31795,47.90896],[-118.31795,47.90761],[-118.31875,47.90735],[-118.31875,47.90708],[-118.31996,47.90708],[-118.31996,47.90681],[-118.32197,47.90681],[-118.32197,47.90654],[-118.32277,47.90654],[-118.32277,47.90627],[-118.32317,47.90627],[-118.32317,47.906],[-118.32358,47.906],[-118.32358,47.90465],[-118.32518,47.90465],[-118.32518,47.90492],[-118.32559,47.90492],[-118.32559,47.90627],[-118.32719,47.90627],[-118.32719,47.906],[-118.3276,47.906],[-118.3276,47.90573],[-118.3284,47.90573],[-118.3284,47.90546],[-118.32921,47.90546],[-118.32921,47.90519],[-118.33122,47.90519],[-118.33122,47.90492],[-118.33242,47.90492],[-118.33242,47.90519],[-118.33403,47.90546],[-118.33403,47.90519],[-118.33443,47.90519],[-118.33443,47.90438],[-118.33484,47.90438],[-118.33484,47.90465],[-118.33564,47.90465],[-118.33564,47.90519],[-118.33604,47.90519],[-118.33604,47.906],[-118.33564,47.906],[-118.33564,47.90627],[-118.33644,47.90627],[-118.33644,47.90654],[-118.33604,47.90654],[-118.33604,47.90681],[-118.33644,47.90681],[-118.33644,47.90735],[-118.33685,47.90735],[-118.33685,47.90788],[-118.33765,47.90788],[-118.33765,47.90815],[-118.33805,47.90815],[-118.33805,47.90842],[-118.33886,47.90869],[-118.33886,47.9095],[-118.33966,47.9095],[-118.33966,47.90977],[-118.34006,47.90977],[-118.34006,47.91031],[-118.34087,47.91058],[-118.34087,47.91112],[-118.34006,47.91112],[-118.34006,47.91085],[-118.33966,47.91085],[-118.33966,47.91139],[-118.33926,47.91139],[-118.33926,47.91193],[-118.33886,47.91193],[-118.33886,47.913],[-118.33926,47.913],[-118.33926,47.91327],[-118.33886,47.91327],[-118.33886,47.91543],[-118.33805,47.91543],[-118.33805,47.9157],[-118.33765,47.9157],[-118.33765,47.91597],[-118.33725,47.91597],[-118.33725,47.91624],[-118.33644,47.91624],[-118.33644,47.91651],[-118.33604,47.91651],[-118.33604,47.91678],[-118.33564,47.91678],[-118.33564,47.91732],[-118.33524,47.91732],[-118.33524,47.91759],[-118.33484,47.91759],[-118.33484,47.91786],[-118.33443,47.91786],[-118.33443,47.91813],[-118.33363,47.91813],[-118.33363,47.91839],[-118.33403,47.91839],[-118.33403,47.91866],[-118.33443,47.91866],[-118.33443,47.91893],[-118.33484,47.91893],[-118.33484,47.91947],[-118.33524,47.91947],[-118.33524,47.92001],[-118.33564,47.92001],[-118.33564,47.92028],[-118.33524,47.92028],[-118.33524,47.92055],[-118.33484,47.92055],[-118.33484,47.92082],[-118.33443,47.92082],[-118.33443,47.92136],[-118.33403,47.92136],[-118.33403,47.9219],[-118.33363,47.9219],[-118.33363,47.92217],[-118.33323,47.92217],[-118.33323,47.92244],[-118.33242,47.92244],[-118.33242,47.92271],[-118.33162,47.92298],[-118.33162,47.92405],[-118.33122,47.92405],[-118.33122,47.92486],[-118.33162,47.92486],[-118.33162,47.92594],[-118.33202,47.92594],[-118.33202,47.92621],[-118.33162,47.92621],[-118.33162,47.92648],[-118.33202,47.92648],[-118.33202,47.92675],[-118.33162,47.92675],[-118.33162,47.92783],[-118.33081,47.92783],[-118.33081,47.9281],[-118.33041,47.9281],[-118.33041,47.92837],[-118.33001,47.92837],[-118.33001,47.92864],[-118.32961,47.92864],[-118.32961,47.92917],[-118.32921,47.92917],[-118.32921,47.92971],[-118.3288,47.92971],[-118.3288,47.93025],[-118.3284,47.93025],[-118.3284,47.93106],[-118.328,47.93106],[-118.328,47.93133],[-118.3276,47.93133],[-118.3276,47.9316],[-118.32719,47.9316],[-118.32719,47.93241],[-118.328,47.93268],[-118.328,47.93322],[-118.3284,47.93322],[-118.3284,47.93349],[-118.3288,47.93349],[-118.3288,47.93376],[-118.32961,47.93376],[-118.32961,47.93403],[-118.33001,47.93403],[-118.33001,47.93915],[-118.33041,47.93915],[-118.33041,47.93968],[-118.33081,47.93968],[-118.33081,47.94103],[-118.33001,47.94103],[-118.33001,47.94157],[-118.32961,47.94157],[-118.32961,47.94238],[-118.33001,47.94238],[-118.33001,47.94292],[-118.33081,47.94265],[-118.33081,47.944],[-118.33041,47.944],[-118.33041,47.94346],[-118.33001,47.94346],[-118.33001,47.944],[-118.32961,47.944],[-118.32961,47.94454],[-118.32921,47.94454],[-118.32921,47.94588],[-118.33001,47.94588],[-118.33001,47.94615],[-118.33041,47.94615],[-118.33041,47.94642],[-118.33081,47.94642],[-118.33081,47.94696],[-118.33282,47.94696],[-118.33282,47.9475],[-118.33323,47.9475],[-118.33323,47.94804],[-118.33403,47.94804],[-118.33403,47.94831],[-118.33443,47.94831],[-118.33443,47.94858],[-118.33484,47.94858],[-118.33484,47.94885],[-118.33443,47.94885],[-118.33443,47.94912],[-118.33403,47.94912],[-118.33403,47.94939],[-118.33323,47.94966],[-118.33323,47.951],[-118.33242,47.951],[-118.33242,47.95154],[-118.33202,47.95154],[-118.33202,47.95127],[-118.33041,47.95154],[-118.33041,47.95235],[-118.33242,47.95235],[-118.33242,47.95289],[-118.33282,47.95289],[-118.33282,47.95316],[-118.33242,47.95316],[-118.33242,47.95343],[-118.33282,47.95343],[-118.33282,47.95397],[-118.33323,47.95397],[-118.33323,47.95424],[-118.33282,47.95424],[-118.33282,47.95451],[-118.33242,47.95451],[-118.33242,47.95478],[-118.33081,47.95505],[-118.33081,47.95585],[-118.33122,47.95585],[-118.33122,47.95612],[-118.33403,47.95612],[-118.33403,47.95639],[-118.33484,47.95639],[-118.33484,47.95612],[-118.33524,47.95612],[-118.33524,47.95585],[-118.33564,47.95585],[-118.33564,47.95558],[-118.33765,47.95558],[-118.33765,47.95532],[-118.33805,47.95532],[-118.33805,47.95505],[-118.34087,47.95505],[-118.34087,47.95558],[-118.34047,47.95558],[-118.34047,47.95639],[-118.34087,47.95639],[-118.34087,47.95666],[-118.34047,47.95666],[-118.34047,47.95693],[-118.33966,47.95666],[-118.33966,47.95639],[-118.33886,47.95639],[-118.33886,47.95612],[-118.33845,47.95612],[-118.33845,47.95585],[-118.33805,47.95585],[-118.33805,47.95639],[-118.33725,47.95639],[-118.33725,47.95693]],[[-118.31754,47.98469],[-118.31754,47.98442],[-118.31714,47.98442],[-118.31714,47.98469],[-118.31754,47.98469]],[[-118.24878,47.91516],[-118.24918,47.91516],[-118.24918,47.91489],[-118.24878,47.91489],[-118.24878,47.91516]],[[-118.33282,47.90546],[-118.33282,47.90573],[-118.33323,47.90573],[-118.33323,47.90546],[-118.33282,47.90546]],[[-118.33926,47.95612],[-118.33926,47.95585],[-118.33886,47.95585],[-118.33886,47.95612],[-118.33926,47.95612]],[[-118.32116,47.9855],[-118.32116,47.98577],[-118.32157,47.98577],[-118.32157,47.9855],[-118.32116,47.9855]],[[-118.32197,47.98388],[-118.32197,47.98415],[-118.32237,47.98415],[-118.32237,47.98388],[-118.32197,47.98388]],[[-118.32237,47.98307],[-118.32237,47.9828],[-118.31955,47.9828],[-118.31955,47.98307],[-118.32036,47.98307],[-118.32036,47.98334],[-118.31996,47.98334],[-118.31996,47.98361],[-118.32036,47.98361],[-118.32036,47.98388],[-118.31996,47.98388],[-118.31996,47.98415],[-118.32157,47.98415],[-118.32157,47.98361],[-118.32237,47.98361],[-118.32237,47.98334],[-118.32197,47.98334],[-118.32197,47.98307],[-118.32237,47.98307]],[[-118.32036,47.98226],[-118.32036,47.98253],[-118.32076,47.98253],[-118.32076,47.98226],[-118.32036,47.98226]],[[-118.31915,47.9758],[-118.31915,47.97607],[-118.31835,47.97607],[-118.31835,47.97634],[-118.31714,47.97634],[-118.31714,47.97714],[-118.31754,47.97714],[-118.31754,47.97768],[-118.31795,47.97768],[-118.31795,47.97822],[-118.31835,47.97822],[-118.31835,47.97876],[-118.31875,47.97876],[-118.31875,47.97903],[-118.31915,47.97903],[-118.31915,47.97876],[-118.32076,47.97876],[-118.32076,47.97822],[-118.32157,47.97822],[-118.32157,47.9758],[-118.31915,47.9758]],[[-118.33202,47.96502],[-118.33202,47.96529],[-118.33162,47.96529],[-118.33162,47.9661],[-118.33323,47.9661],[-118.33323,47.96636],[-118.33403,47.96636],[-118.33403,47.9669],[-118.33443,47.9669],[-118.33443,47.96663],[-118.33524,47.96636],[-118.33524,47.96502],[-118.33202,47.96502]],[[-118.33564,47.96394],[-118.33564,47.96421],[-118.33604,47.96421],[-118.33604,47.96394],[-118.33564,47.96394]],[[-118.33242,47.96394],[-118.33242,47.96421],[-118.33282,47.96421],[-118.33282,47.96394],[-118.33242,47.96394]],[[-118.33363,47.95828],[-118.33363,47.95747],[-118.33242,47.95747],[-118.33242,47.95801],[-118.33202,47.95801],[-118.33202,47.95828],[-118.33363,47.95828]],[[-118.33403,47.95693],[-118.33403,47.9572],[-118.33443,47.9572],[-118.33443,47.95693],[-118.33403,47.95693]],[[-118.33604,47.95612],[-118.33604,47.95639],[-118.33644,47.95639],[-118.33644,47.95612],[-118.33604,47.95612]],[[-118.3284,47.95585],[-118.3284,47.95612],[-118.3288,47.95612],[-118.3288,47.95585],[-118.3284,47.95585]],[[-118.24234,47.95505],[-118.24234,47.95532],[-118.24275,47.95532],[-118.24275,47.95505],[-118.24234,47.95505]],[[-118.24556,47.94993],[-118.24556,47.95019],[-118.24596,47.95019],[-118.24596,47.94993],[-118.24556,47.94993]],[[-118.30628,47.94939],[-118.30628,47.94966],[-118.30669,47.94966],[-118.30669,47.94939],[-118.30628,47.94939]],[[-118.3095,47.94696],[-118.3095,47.94723],[-118.3099,47.94723],[-118.3099,47.94696],[-118.3095,47.94696]],[[-118.30829,47.94588],[-118.30829,47.94615],[-118.3087,47.94615],[-118.3087,47.94588],[-118.30829,47.94588]],[[-118.24476,47.94561],[-118.24476,47.94588],[-118.24596,47.94588],[-118.24596,47.94561],[-118.24476,47.94561]],[[-118.31151,47.94534],[-118.31151,47.94561],[-118.31191,47.94561],[-118.31191,47.94534],[-118.31151,47.94534]],[[-118.252,47.94507],[-118.252,47.94534],[-118.2524,47.94534],[-118.2524,47.94507],[-118.252,47.94507]],[[-118.2536,47.94373],[-118.2536,47.944],[-118.25401,47.944],[-118.25401,47.94373],[-118.2536,47.94373]],[[-118.24435,47.93106],[-118.24435,47.93079],[-118.24476,47.93079],[-118.24476,47.93052],[-118.24556,47.93052],[-118.24556,47.93025],[-118.24596,47.93025],[-118.24596,47.92944],[-118.24556,47.92944],[-118.24556,47.92864],[-118.24516,47.92864],[-118.24516,47.92837],[-118.24315,47.92837],[-118.24315,47.92864],[-118.24275,47.92864],[-118.24275,47.9289],[-118.24234,47.9289],[-118.24234,47.92944],[-118.24194,47.92944],[-118.24194,47.93052],[-118.24154,47.93052],[-118.24154,47.93079],[-118.24194,47.93079],[-118.24194,47.93106],[-118.24154,47.93106],[-118.24154,47.93133],[-118.24194,47.93133],[-118.24194,47.93187],[-118.24275,47.93187],[-118.24275,47.9316],[-118.24355,47.9316],[-118.24355,47.93133],[-118.24395,47.93133],[-118.24395,47.93106],[-118.24435,47.93106]],[[-118.2713,47.92917],[-118.2713,47.92864],[-118.2721,47.92864],[-118.2721,47.92837],[-118.2725,47.92837],[-118.2725,47.9281],[-118.27452,47.9281],[-118.27452,47.92783],[-118.27532,47.92783],[-118.27532,47.92756],[-118.27693,47.92756],[-118.27693,47.92729],[-118.27894,47.92729],[-118.27894,47.92702],[-118.28095,47.92702],[-118.28095,47.92675],[-118.28135,47.92675],[-118.28135,47.92648],[-118.28216,47.92648],[-118.28216,47.92621],[-118.28296,47.92594],[-118.28296,47.9254],[-118.28336,47.9254],[-118.28336,47.92513],[-118.28417,47.92486],[-118.28417,47.92432],[-118.28537,47.92432],[-118.28537,47.92352],[-118.28577,47.92352],[-118.28577,47.92271],[-118.28618,47.92271],[-118.28618,47.92217],[-118.28658,47.92217],[-118.28658,47.92163],[-118.28698,47.92163],[-118.28698,47.92109],[-118.28738,47.92109],[-118.28738,47.92055],[-118.28698,47.92055],[-118.28698,47.92082],[-118.28618,47.92082],[-118.28618,47.92109],[-118.28537,47.92109],[-118.28537,47.92136],[-118.28497,47.92136],[-118.28497,47.92163],[-118.28376,47.92163],[-118.28376,47.9219],[-118.28296,47.9219],[-118.28296,47.92217],[-118.28216,47.92217],[-118.28216,47.92244],[-118.28095,47.92244],[-118.28095,47.92271],[-118.28055,47.92271],[-118.28055,47.92298],[-118.28014,47.92298],[-118.28014,47.92325],[-118.27974,47.92325],[-118.27974,47.92352],[-118.27934,47.92352],[-118.27934,47.92378],[-118.27854,47.92378],[-118.27854,47.92405],[-118.27693,47.92432],[-118.27693,47.92459],[-118.27492,47.92459],[-118.27492,47.92486],[-118.27411,47.92486],[-118.27411,47.92513],[-118.27331,47.9254],[-118.27331,47.92567],[-118.2725,47.92594],[-118.2725,47.92621],[-118.2717,47.92621],[-118.2717,47.92648],[-118.2713,47.92648],[-118.2713,47.92675],[-118.2709,47.92675],[-118.2709,47.92756],[-118.27009,47.92783],[-118.27009,47.92837],[-118.26929,47.92837],[-118.26929,47.9289],[-118.26889,47.9289],[-118.26889,47.92917],[-118.26929,47.92917],[-118.26929,47.92944],[-118.26889,47.92944],[-118.26889,47.93025],[-118.27009,47.93025],[-118.27009,47.92998],[-118.2709,47.92971],[-118.2709,47.92917],[-118.2713,47.92917]],[[-118.2528,47.92298],[-118.2524,47.92298],[-118.2524,47.92405],[-118.252,47.92405],[-118.252,47.92486],[-118.2536,47.92486],[-118.2536,47.92432],[-118.25441,47.92405],[-118.25441,47.92325],[-118.25401,47.92325],[-118.25401,47.92271],[-118.2532,47.92271],[-118.2532,47.92244],[-118.2528,47.92244],[-118.2528,47.92298]],[[-118.25481,47.92325],[-118.25481,47.92298],[-118.25441,47.92298],[-118.25441,47.92325],[-118.25481,47.92325]],[[-118.28899,47.91974],[-118.28899,47.92001],[-118.28819,47.92001],[-118.28819,47.92028],[-118.28779,47.92028],[-118.28779,47.92055],[-118.28939,47.92055],[-118.28939,47.92082],[-118.2906,47.92082],[-118.2906,47.92028],[-118.2902,47.92028],[-118.2902,47.92001],[-118.2898,47.92001],[-118.2898,47.91974],[-118.28899,47.91974]],[[-118.29583,47.91839],[-118.29583,47.91786],[-118.29623,47.91786],[-118.29623,47.91759],[-118.29583,47.91759],[-118.29583,47.91732],[-118.29623,47.91732],[-118.29623,47.91705],[-118.29382,47.91705],[-118.29382,47.91732],[-118.29342,47.91732],[-118.29342,47.91759],[-118.29301,47.91759],[-118.29301,47.91813],[-118.29261,47.91813],[-118.29261,47.91866],[-118.29221,47.91866],[-118.29221,47.91893],[-118.29301,47.91893],[-118.29301,47.91947],[-118.29422,47.91947],[-118.29422,47.91893],[-118.29502,47.91893],[-118.29502,47.91866],[-118.29543,47.91866],[-118.29543,47.91839],[-118.29583,47.91839]],[[-118.33122,47.91651],[-118.33122,47.91732],[-118.33162,47.91732],[-118.33162,47.91651],[-118.33122,47.91651]],[[-118.23028,47.9122],[-118.23028,47.91247],[-118.23068,47.91247],[-118.23068,47.9122],[-118.23028,47.9122]],[[-118.22948,47.9122],[-118.22948,47.91247],[-118.22988,47.91247],[-118.22988,47.9122],[-118.22948,47.9122]],[[-118.31111,47.91193],[-118.31151,47.91193],[-118.31151,47.91166],[-118.31111,47.91166],[-118.31111,47.91193]],[[-118.31191,47.91166],[-118.31191,47.91139],[-118.31151,47.91139],[-118.31151,47.91166],[-118.31191,47.91166]],[[-118.31392,47.91085],[-118.31392,47.91112],[-118.31433,47.91112],[-118.31433,47.91085],[-118.31392,47.91085]],[[-118.30749,47.90761],[-118.30749,47.90788],[-118.30789,47.90788],[-118.30789,47.90761],[-118.30749,47.90761]],[[-118.31111,47.90681],[-118.31111,47.90708],[-118.31151,47.90708],[-118.31151,47.90681],[-118.31111,47.90681]]],[[[-118.26848,47.97256],[-118.26848,47.97229],[-118.26889,47.97229],[-118.26889,47.97256],[-118.26848,47.97256]]],[[[-118.3099,47.98092],[-118.31071,47.98065],[-118.31071,47.98038],[-118.31111,47.98038],[-118.31111,47.98011],[-118.31232,47.98011],[-118.31232,47.98038],[-118.31312,47.98038],[-118.31312,47.98092],[-118.31352,47.98092],[-118.31352,47.98119],[-118.31312,47.98119],[-118.31312,47.98146],[-118.31352,47.98146],[-118.31352,47.98173],[-118.31312,47.98173],[-118.31312,47.98226],[-118.31232,47.98226],[-118.31232,47.98253],[-118.31031,47.98253],[-118.31031,47.98226],[-118.3095,47.98226],[-118.3095,47.98146],[-118.3099,47.98146],[-118.3099,47.98092]]],[[[-118.31352,47.9855],[-118.31473,47.9855],[-118.31473,47.98577],[-118.31513,47.98577],[-118.31513,47.98604],[-118.31433,47.98631],[-118.31433,47.98604],[-118.31352,47.98577],[-118.31352,47.9855]]],[[[-118.26607,47.98819],[-118.26607,47.98792],[-118.26647,47.98792],[-118.26647,47.98819],[-118.26607,47.98819]]],[[[-118.32317,47.98981],[-118.32317,47.98954],[-118.32358,47.98954],[-118.32358,47.98981],[-118.32317,47.98981]]],[[[-118.26527,47.99224],[-118.26527,47.99197],[-118.26486,47.99197],[-118.26486,47.9917],[-118.26245,47.9917],[-118.26245,47.99197],[-118.26084,47.99197],[-118.26084,47.9917],[-118.26044,47.9917],[-118.26044,47.99143],[-118.26004,47.99143],[-118.26004,47.99116],[-118.25722,47.99116],[-118.25722,47.99089],[-118.25602,47.99089],[-118.25602,47.99116],[-118.25561,47.99116],[-118.25561,47.99143],[-118.25441,47.99143],[-118.25441,47.99116],[-118.25401,47.99116],[-118.25401,47.99008],[-118.25561,47.99008],[-118.25561,47.98927],[-118.25521,47.98927],[-118.25521,47.989],[-118.2532,47.989],[-118.2532,47.98873],[-118.25401,47.98846],[-118.25401,47.98792],[-118.25481,47.98765],[-118.25481,47.98738],[-118.25642,47.98738],[-118.25642,47.98765],[-118.25682,47.98765],[-118.25682,47.98792],[-118.25763,47.98792],[-118.25763,47.98873],[-118.25803,47.98873],[-118.25803,47.98927],[-118.25843,47.98927],[-118.25843,47.98954],[-118.25964,47.98954],[-118.25964,47.98927],[-118.26004,47.98927],[-118.26004,47.98846],[-118.26084,47.98819],[-118.26084,47.98792],[-118.26205,47.98792],[-118.26205,47.98819],[-118.26245,47.98819],[-118.26245,47.98846],[-118.26326,47.98846],[-118.26326,47.98873],[-118.26486,47.989],[-118.26486,47.98954],[-118.26808,47.98954],[-118.26808,47.98981],[-118.26768,47.98981],[-118.26768,47.99008],[-118.26728,47.99008],[-118.26728,47.99035],[-118.26647,47.99062],[-118.26647,47.99116],[-118.26567,47.99143],[-118.26567,47.9917],[-118.26607,47.9917],[-118.26607,47.99251],[-118.26527,47.99277],[-118.26527,47.99251],[-118.26486,47.99251],[-118.26486,47.99224],[-118.26527,47.99224]]],[[[-118.32317,47.99008],[-118.32438,47.99008],[-118.32438,47.99035],[-118.32317,47.99035],[-118.32317,47.99008]]],[[[-118.32317,47.99062],[-118.32438,47.99062],[-118.32438,47.99089],[-118.32317,47.99089],[-118.32317,47.99062]]],[[[-118.32157,47.99089],[-118.32157,47.99062],[-118.32197,47.99062],[-118.32197,47.99089],[-118.32157,47.99089]]],[[[-118.32317,47.99116],[-118.32358,47.99116],[-118.32358,47.99143],[-118.32317,47.99143],[-118.32317,47.99116]]],[[[-118.31955,47.99143],[-118.31915,47.99143],[-118.31915,47.99089],[-118.31674,47.99089],[-118.31674,47.99062],[-118.31915,47.99062],[-118.31915,47.99008],[-118.31996,47.99008],[-118.31996,47.99035],[-118.31955,47.99035],[-118.31955,47.99062],[-118.32036,47.99089],[-118.32036,47.99116],[-118.32157,47.99116],[-118.32157,47.99143],[-118.32116,47.99143],[-118.32116,47.99197],[-118.32036,47.99197],[-118.32036,47.99251],[-118.31955,47.99251],[-118.31955,47.99197],[-118.31915,47.99197],[-118.31915,47.9917],[-118.31955,47.9917],[-118.31955,47.99143]]],[[[-118.24677,47.91166],[-118.24677,47.91139],[-118.24757,47.91139],[-118.24757,47.91166],[-118.24677,47.91166]]],[[[-118.22224,47.91543],[-118.22143,47.91543],[-118.22143,47.91597],[-118.22063,47.91597],[-118.22063,47.91516],[-118.22103,47.91516],[-118.22103,47.91462],[-118.22224,47.91462],[-118.22224,47.91543]]],[[[-118.25401,47.91893],[-118.25441,47.91893],[-118.25441,47.9192],[-118.25401,47.9192],[-118.25401,47.91893]]],[[[-118.23269,47.9475],[-118.23269,47.94723],[-118.23309,47.94723],[-118.23309,47.9475],[-118.23269,47.9475]]],[[[-118.24275,47.9731],[-118.24275,47.97283],[-118.24315,47.97283],[-118.24315,47.9731],[-118.24275,47.9731]]],[[[-118.24275,47.97364],[-118.24275,47.97337],[-118.24315,47.97337],[-118.24315,47.97364],[-118.24275,47.97364]]],[[[-118.2343,47.98415],[-118.23511,47.98388],[-118.23511,47.98415],[-118.23551,47.98415],[-118.23551,47.98442],[-118.23511,47.98442],[-118.23511,47.98496],[-118.2343,47.98523],[-118.2343,47.9855],[-118.2335,47.9855],[-118.2335,47.98523],[-118.2339,47.98523],[-118.2339,47.98469],[-118.2343,47.98469],[-118.2343,47.98415]]],[[[-118.22545,47.98631],[-118.22586,47.98631],[-118.22586,47.98658],[-118.22545,47.98658],[-118.22545,47.98631]]],[[[-118.22948,47.98846],[-118.22948,47.98873],[-118.22747,47.98873],[-118.22747,47.98792],[-118.22867,47.98792],[-118.22867,47.98846],[-118.22948,47.98846]]],[[[-118.24194,47.98523],[-118.24194,47.98415],[-118.24315,47.98415],[-118.24315,47.98469],[-118.24355,47.98469],[-118.24355,47.98496],[-118.24395,47.98496],[-118.24395,47.98523],[-118.24435,47.98523],[-118.24435,47.9855],[-118.24476,47.9855],[-118.24476,47.98604],[-118.24556,47.98631],[-118.24556,47.98712],[-118.24596,47.98712],[-118.24596,47.98738],[-118.24677,47.98738],[-118.24677,47.98765],[-118.24717,47.98765],[-118.24717,47.98738],[-118.24878,47.98738],[-118.24878,47.98765],[-118.24958,47.98765],[-118.24958,47.98792],[-118.24998,47.98792],[-118.24998,47.98765],[-118.25039,47.98765],[-118.25039,47.98738],[-118.25159,47.98738],[-118.25159,47.98765],[-118.252,47.98765],[-118.252,47.98792],[-118.2524,47.98792],[-118.2524,47.98846],[-118.2528,47.98846],[-118.2528,47.98954],[-118.2524,47.98954],[-118.2524,47.98981],[-118.25159,47.98954],[-118.25159,47.98981],[-118.25119,47.98981],[-118.25119,47.99008],[-118.24998,47.99008],[-118.24998,47.99035],[-118.24958,47.99035],[-118.24958,47.99062],[-118.24797,47.99089],[-118.24797,47.99062],[-118.24757,47.99062],[-118.24757,47.99035],[-118.24677,47.99062],[-118.24677,47.99035],[-118.24516,47.99008],[-118.24516,47.98873],[-118.24476,47.98873],[-118.24476,47.98846],[-118.24355,47.98846],[-118.24355,47.98873],[-118.24315,47.98873],[-118.24315,47.98954],[-118.24355,47.98954],[-118.24355,47.98981],[-118.24315,47.98981],[-118.24315,47.99008],[-118.24355,47.99008],[-118.24355,47.99035],[-118.24315,47.99035],[-118.24315,47.99062],[-118.24355,47.99062],[-118.24355,47.99089],[-118.24315,47.99089],[-118.24315,47.99116],[-118.24275,47.99116],[-118.24275,47.99143],[-118.24234,47.99143],[-118.24234,47.9917],[-118.24194,47.9917],[-118.24194,47.99197],[-118.24154,47.99197],[-118.24154,47.99251],[-118.24033,47.99251],[-118.24033,47.99197],[-118.23993,47.99197],[-118.23993,47.9917],[-118.23953,47.9917],[-118.23953,47.99143],[-118.23913,47.99143],[-118.23913,47.9917],[-118.23712,47.9917],[-118.23712,47.99197],[-118.23671,47.99197],[-118.23671,47.99304],[-118.23551,47.99304],[-118.23551,47.99277],[-118.2347,47.99251],[-118.2347,47.9917],[-118.23511,47.9917],[-118.23511,47.99008],[-118.23551,47.99008],[-118.23551,47.98927],[-118.23511,47.98927],[-118.23511,47.989],[-118.2347,47.989],[-118.2347,47.98873],[-118.2343,47.98873],[-118.2343,47.98981],[-118.2339,47.98981],[-118.2339,47.99035],[-118.23309,47.99035],[-118.23309,47.99008],[-118.23229,47.99008],[-118.23229,47.98981],[-118.23108,47.98981],[-118.23108,47.98927],[-118.23068,47.98927],[-118.23068,47.98873],[-118.22988,47.98873],[-118.22988,47.98846],[-118.23068,47.98846],[-118.23068,47.98792],[-118.23149,47.98792],[-118.23149,47.98765],[-118.23229,47.98792],[-118.23229,47.98765],[-118.23269,47.98765],[-118.23269,47.98738],[-118.2339,47.98738],[-118.2339,47.98712],[-118.2343,47.98712],[-118.2343,47.98738],[-118.23511,47.98738],[-118.23511,47.98765],[-118.23591,47.98765],[-118.23591,47.98792],[-118.23631,47.98792],[-118.23631,47.98846],[-118.23671,47.98846],[-118.23671,47.989],[-118.23792,47.989],[-118.23792,47.98873],[-118.23752,47.98873],[-118.23752,47.98846],[-118.23792,47.98846],[-118.23792,47.98765],[-118.23752,47.98765],[-118.23752,47.98685],[-118.23792,47.98685],[-118.23792,47.98658],[-118.23953,47.98658],[-118.23953,47.98577],[-118.24114,47.98577],[-118.24114,47.9855],[-118.24154,47.9855],[-118.24154,47.98523],[-118.24194,47.98523]],[[-118.23953,47.98685],[-118.23993,47.98685],[-118.23993,47.98738],[-118.23953,47.98738],[-118.23953,47.98765],[-118.23993,47.98765],[-118.23993,47.98792],[-118.24033,47.98792],[-118.24033,47.98765],[-118.24074,47.98765],[-118.24074,47.98738],[-118.24114,47.98738],[-118.24114,47.98765],[-118.24194,47.98738],[-118.24194,47.98712],[-118.24154,47.98712],[-118.24154,47.98658],[-118.23953,47.98658],[-118.23953,47.98685]],[[-118.23953,47.98792],[-118.23953,47.98819],[-118.23993,47.98819],[-118.23993,47.98792],[-118.23953,47.98792]],[[-118.23752,47.98981],[-118.23712,47.98981],[-118.23712,47.99035],[-118.23671,47.99035],[-118.23671,47.99062],[-118.23872,47.99062],[-118.23872,47.98981],[-118.23913,47.98981],[-118.23913,47.98927],[-118.23953,47.98927],[-118.23953,47.98873],[-118.23913,47.98873],[-118.23913,47.989],[-118.23832,47.989],[-118.23832,47.98927],[-118.23752,47.98927],[-118.23752,47.98981]],[[-118.23993,47.98873],[-118.23993,47.98846],[-118.23953,47.98846],[-118.23953,47.98873],[-118.23993,47.98873]]],[[[-118.2532,47.98927],[-118.2536,47.98927],[-118.2536,47.98954],[-118.2532,47.98954],[-118.2532,47.98927]]],[[[-118.22747,47.989],[-118.22747,47.98927],[-118.22706,47.98927],[-118.22706,47.98954],[-118.22747,47.98954],[-118.22747,47.99035],[-118.22666,47.99035],[-118.22666,47.98981],[-118.22626,47.98981],[-118.22626,47.989],[-118.22747,47.989]]],[[[-118.24355,47.98981],[-118.24395,47.98981],[-118.24395,47.99008],[-118.24355,47.99008],[-118.24355,47.98981]]],[[[-118.22907,47.99116],[-118.22988,47.99116],[-118.22988,47.99143],[-118.23028,47.99143],[-118.23028,47.99224],[-118.22988,47.99224],[-118.22988,47.99251],[-118.22827,47.99251],[-118.22827,47.9917],[-118.22867,47.9917],[-118.22867,47.99143],[-118.22907,47.99143],[-118.22907,47.99116]]]]},"properties":{"layer":"predicted_reach_h18","fire_name":"Mitre_Rock","irwin_id":"{C11A3685-C035-4241-A17C-8076EE99619D}","model":"arrival_run","checkpoint_epoch":216,"decode":"connected_causal","operating_point":{"floor":0.0,"mult":0.9},"val_precision":null,"val_recall":null,"model_caveat":"arrival_run chosen for best RECALL among the six FlameFlux v3 candidates on the production-valid t0-window corpus (R=0.624 on the fc2 held-out fires, R=0.432 on Dillon -- see candidate_comparison.md from the 2026-07-24 comparison). It does NOT meet the project's P>=0.50/R>=0.80 target: precision is the WORST of the six (P=0.120 on fc2 -- most flagged growth is wrong), and wind_run actually edges it on F1. IMPORTANT CAVEAT: arrival_run trained on the leaky 'observed' corpus (crop centered/sized on t0|t1, i.e. it saw the future perimeter's geometry during training) and has NEVER seen a t0-window crop -- the ONLY geometry this live pipeline can ever produce at forecast time (the future perimeter is, by definition, unknown). So every live prediction from this model is out-of-distribution relative to its own training. The measured t0-window numbers above already reflect that (they are not a surprise), but this is 'best available', not 'production-ready' -- represent it that way. The operating_point (floor=0.0, mult=0.9) is the VAL-selected connected-causal decode point; it did NOT clear the 0.50 precision floor during selection (feasible=False, val P=0.270/R=0.259) -- it's the best-F1 fallback point, not a precision-guaranteed one.","issued_at_utc":"2026-08-05 10:59:55.016141+00:00","valid_from_utc":"2026-08-05 00:00:00","valid_to_utc":"2026-08-06 00:00:00","wfigs_date_current_utc":"2026-08-05 10:16:25+00:00","pixel_size_m":30,"veg_source":"refreshed_d4","physics_source":"eikonal_fbfm40","history_n_dates":4,"degraded_history":false,"containment_pct":0.0,"acres_wfigs":4439.297279101989,"hour":18,"valid_at_utc":"2026-08-05 18:00:00"}},{"type":"Feature","geometry":{"type":"MultiPolygon","coordinates":[[[[-118.29221,47.913],[-118.29181,47.913],[-118.29181,47.91274],[-118.29221,47.91274],[-118.29221,47.913]]],[[[-118.27974,47.92513],[-118.27974,47.92486],[-118.28014,47.92486],[-118.28014,47.92513],[-118.27974,47.92513]]],[[[-118.23269,47.94831],[-118.23269,47.94804],[-118.2335,47.94804],[-118.2335,47.94777],[-118.23309,47.94777],[-118.23309,47.9475],[-118.2335,47.9475],[-118.2335,47.94723],[-118.23511,47.94723],[-118.23511,47.94696],[-118.23712,47.94696],[-118.23712,47.94642],[-118.23752,47.94642],[-118.23752,47.94615],[-118.24114,47.94615],[-118.24114,47.94588],[-118.24275,47.94588],[-118.24275,47.94561],[-118.24194,47.94561],[-118.24194,47.94507],[-118.24114,47.94507],[-118.24114,47.94427],[-118.24194,47.94427],[-118.24194,47.94373],[-118.24234,47.94373],[-118.24234,47.94238],[-118.24194,47.94238],[-118.24194,47.94184],[-118.24114,47.94184],[-118.24114,47.9413],[-118.24033,47.9413],[-118.24033,47.94103],[-118.24114,47.94103],[-118.24114,47.94076],[-118.24074,47.94076],[-118.24074,47.94049],[-118.24194,47.94049],[-118.24194,47.94022],[-118.24114,47.94022],[-118.24114,47.93995],[-118.24275,47.93995],[-118.24275,47.93942],[-118.24355,47.93942],[-118.24355,47.93915],[-118.24315,47.93915],[-118.24315,47.93888],[-118.24355,47.93888],[-118.24355,47.93834],[-118.24315,47.93834],[-118.24315,47.93807],[-118.23993,47.93807],[-118.23993,47.93834],[-118.23832,47.93834],[-118.23832,47.93807],[-118.23752,47.93807],[-118.23752,47.93645],[-118.23712,47.93645],[-118.23712,47.93564],[-118.23832,47.93564],[-118.23832,47.9351],[-118.23872,47.9351],[-118.23872,47.93429],[-118.23832,47.93429],[-118.23832,47.93376],[-118.23792,47.93376],[-118.23792,47.93349],[-118.23832,47.93349],[-118.23832,47.93268],[-118.23872,47.93268],[-118.23872,47.93133],[-118.23913,47.93133],[-118.23913,47.93025],[-118.23953,47.93025],[-118.23953,47.92944],[-118.23993,47.92944],[-118.23993,47.92864],[-118.24033,47.92864],[-118.24033,47.92837],[-118.23993,47.92837],[-118.23993,47.92783],[-118.23913,47.92756],[-118.23913,47.92729],[-118.23832,47.92702],[-118.23832,47.92675],[-118.23752,47.92675],[-118.23752,47.92621],[-118.23712,47.92621],[-118.23712,47.9254],[-118.23671,47.9254],[-118.23671,47.92486],[-118.23631,47.92486],[-118.23631,47.92459],[-118.2339,47.92486],[-118.2339,47.92459],[-118.23229,47.92459],[-118.23229,47.92432],[-118.23068,47.92432],[-118.23068,47.92405],[-118.22988,47.92405],[-118.22988,47.92352],[-118.22948,47.92352],[-118.22948,47.92325],[-118.22706,47.92325],[-118.22706,47.92352],[-118.22666,47.92352],[-118.22666,47.92325],[-118.22545,47.92325],[-118.22545,47.92298],[-118.22465,47.92298],[-118.22465,47.92271],[-118.22425,47.92271],[-118.22425,47.92244],[-118.22184,47.92244],[-118.22184,47.9219],[-118.22143,47.9219],[-118.22143,47.92163],[-118.22184,47.92163],[-118.22184,47.92136],[-118.22143,47.92136],[-118.22143,47.92109],[-118.22184,47.92109],[-118.22184,47.92082],[-118.21982,47.92082],[-118.21982,47.92055],[-118.22023,47.92055],[-118.22023,47.92028],[-118.21982,47.92028],[-118.21982,47.92001],[-118.22023,47.92001],[-118.22023,47.91974],[-118.21982,47.91974],[-118.21982,47.91839],[-118.22023,47.91839],[-118.22023,47.91786],[-118.22063,47.91786],[-118.22063,47.91759],[-118.22023,47.91759],[-118.22023,47.91705],[-118.21982,47.91705],[-118.21982,47.91678],[-118.21942,47.91678],[-118.21942,47.91624],[-118.21862,47.91597],[-118.21862,47.91516],[-118.21942,47.91516],[-118.21942,47.91489],[-118.21982,47.91489],[-118.21982,47.91462],[-118.22023,47.91462],[-118.22023,47.91435],[-118.22063,47.91435],[-118.22063,47.91408],[-118.22103,47.91408],[-118.22103,47.91381],[-118.22184,47.91354],[-118.22184,47.91274],[-118.21822,47.91274],[-118.21822,47.913],[-118.21781,47.913],[-118.21781,47.91327],[-118.21701,47.91327],[-118.21701,47.91274],[-118.21621,47.91274],[-118.21621,47.91247],[-118.2158,47.91247],[-118.2158,47.9122],[-118.2154,47.9122],[-118.2154,47.91112],[-118.21621,47.91085],[-118.21621,47.91004],[-118.21661,47.91004],[-118.21661,47.91031],[-118.21781,47.91031],[-118.21781,47.91004],[-118.21822,47.91004],[-118.21822,47.90977],[-118.21862,47.90977],[-118.21862,47.9095],[-118.21982,47.9095],[-118.21982,47.90923],[-118.22103,47.90923],[-118.22103,47.90896],[-118.22224,47.90896],[-118.22224,47.90923],[-118.22465,47.90923],[-118.22465,47.90896],[-118.22505,47.90896],[-118.22505,47.90815],[-118.22626,47.90815],[-118.22626,47.90842],[-118.22706,47.90842],[-118.22706,47.90869],[-118.22787,47.90896],[-118.22787,47.90923],[-118.22867,47.90923],[-118.22867,47.90896],[-118.22907,47.90896],[-118.22907,47.90869],[-118.22988,47.90869],[-118.22988,47.90842],[-118.23068,47.90842],[-118.23068,47.90815],[-118.23269,47.90815],[-118.23269,47.90842],[-118.2335,47.90869],[-118.2335,47.90923],[-118.2339,47.90923],[-118.2339,47.90977],[-118.2343,47.90977],[-118.2343,47.91004],[-118.23511,47.91004],[-118.23511,47.90977],[-118.23551,47.90977],[-118.23551,47.9095],[-118.23671,47.9095],[-118.23671,47.90923],[-118.23712,47.90923],[-118.23712,47.90869],[-118.23792,47.90842],[-118.23792,47.90815],[-118.23832,47.90815],[-118.23832,47.90788],[-118.23993,47.90788],[-118.23993,47.90815],[-118.24074,47.90815],[-118.24074,47.90788],[-118.24194,47.90788],[-118.24194,47.90761],[-118.24234,47.90761],[-118.24234,47.90815],[-118.24275,47.90815],[-118.24275,47.90842],[-118.24355,47.90842],[-118.24355,47.90869],[-118.24395,47.90869],[-118.24395,47.90923],[-118.24435,47.90923],[-118.24435,47.9095],[-118.24476,47.9095],[-118.24476,47.90977],[-118.24596,47.90977],[-118.24596,47.9095],[-118.24677,47.9095],[-118.24677,47.90923],[-118.24757,47.90923],[-118.24757,47.90896],[-118.24797,47.90896],[-118.24797,47.90869],[-118.24838,47.90869],[-118.24838,47.90896],[-118.24878,47.90896],[-118.24878,47.91112],[-118.24918,47.91112],[-118.24918,47.91139],[-118.24958,47.91139],[-118.24958,47.91193],[-118.24998,47.91193],[-118.24998,47.91327],[-118.24958,47.91327],[-118.24958,47.91408],[-118.25039,47.91381],[-118.25039,47.91408],[-118.25079,47.91408],[-118.25079,47.91435],[-118.25119,47.91435],[-118.25119,47.91462],[-118.2528,47.91462],[-118.2528,47.91408],[-118.25441,47.91435],[-118.25441,47.91516],[-118.25481,47.91516],[-118.25481,47.9157],[-118.25521,47.9157],[-118.25521,47.91651],[-118.25561,47.91651],[-118.25561,47.91705],[-118.25602,47.91705],[-118.25602,47.91759],[-118.25642,47.91759],[-118.25642,47.91813],[-118.25682,47.91813],[-118.25682,47.91893],[-118.25722,47.91893],[-118.25722,47.91947],[-118.25763,47.91947],[-118.25763,47.91974],[-118.25682,47.91974],[-118.25682,47.92001],[-118.25722,47.92001],[-118.25722,47.92055],[-118.25763,47.92055],[-118.25763,47.92082],[-118.25803,47.92082],[-118.25803,47.92109],[-118.25843,47.92109],[-118.25843,47.92136],[-118.25883,47.92136],[-118.25883,47.92163],[-118.25923,47.92163],[-118.25923,47.9219],[-118.26004,47.9219],[-118.26004,47.92217],[-118.26406,47.92217],[-118.26406,47.92244],[-118.26486,47.92244],[-118.26486,47.92271],[-118.26527,47.92271],[-118.26527,47.92325],[-118.26486,47.92325],[-118.26486,47.92378],[-118.26406,47.92405],[-118.26406,47.92459],[-118.26366,47.92459],[-118.26366,47.92486],[-118.26326,47.92486],[-118.26326,47.92513],[-118.26285,47.92513],[-118.26285,47.92567],[-118.26366,47.92567],[-118.26366,47.9254],[-118.26446,47.9254],[-118.26446,47.92513],[-118.26527,47.92513],[-118.26527,47.92486],[-118.26607,47.92486],[-118.26607,47.92459],[-118.26647,47.92459],[-118.26647,47.92432],[-118.26687,47.92432],[-118.26687,47.92405],[-118.26768,47.92405],[-118.26768,47.92378],[-118.27009,47.92378],[-118.27009,47.92405],[-118.27049,47.92405],[-118.27049,47.92432],[-118.2717,47.92432],[-118.2717,47.92378],[-118.2721,47.92378],[-118.2721,47.92325],[-118.2725,47.92325],[-118.2725,47.92298],[-118.27411,47.92298],[-118.27411,47.92271],[-118.27452,47.92271],[-118.27452,47.92244],[-118.27653,47.92244],[-118.27653,47.92217],[-118.27612,47.92217],[-118.27612,47.9219],[-118.27854,47.9219],[-118.27854,47.92136],[-118.27934,47.92136],[-118.27934,47.92082],[-118.27974,47.92082],[-118.27974,47.92136],[-118.28014,47.92136],[-118.28014,47.92055],[-118.27934,47.92055],[-118.27934,47.92028],[-118.27974,47.92028],[-118.27974,47.92001],[-118.27854,47.92001],[-118.27854,47.91974],[-118.27934,47.91947],[-118.27934,47.9192],[-118.28095,47.9192],[-118.28095,47.91893],[-118.28055,47.91893],[-118.28055,47.91866],[-118.28135,47.91866],[-118.28135,47.91893],[-118.28175,47.91893],[-118.28175,47.91866],[-118.28336,47.91866],[-118.28336,47.91813],[-118.28376,47.91813],[-118.28376,47.91516],[-118.28457,47.91489],[-118.28457,47.91462],[-118.28819,47.91462],[-118.28819,47.91435],[-118.28859,47.91435],[-118.28859,47.91381],[-118.28939,47.91381],[-118.28939,47.91327],[-118.2902,47.913],[-118.2902,47.91274],[-118.291,47.91274],[-118.291,47.91247],[-118.2914,47.91247],[-118.2914,47.913],[-118.2906,47.913],[-118.2906,47.91327],[-118.29221,47.91327],[-118.29221,47.913],[-118.29422,47.913],[-118.29422,47.91327],[-118.29543,47.91327],[-118.29543,47.91247],[-118.29502,47.91247],[-118.29502,47.91193],[-118.29462,47.91193],[-118.29462,47.91139],[-118.29382,47.91139],[-118.29382,47.91112],[-118.29543,47.91112],[-118.29543,47.91085],[-118.29583,47.91085],[-118.29583,47.91004],[-118.29623,47.91004],[-118.29623,47.90977],[-118.29703,47.90977],[-118.29703,47.9095],[-118.30025,47.9095],[-118.30025,47.90923],[-118.30065,47.90923],[-118.30065,47.90896],[-118.30186,47.90896],[-118.30186,47.90869],[-118.30226,47.90869],[-118.30226,47.90842],[-118.30266,47.90842],[-118.30266,47.90815],[-118.30427,47.90788],[-118.30427,47.90761],[-118.30508,47.90761],[-118.30508,47.90735],[-118.30628,47.90735],[-118.30628,47.90708],[-118.30709,47.90708],[-118.30709,47.90681],[-118.30789,47.90654],[-118.30789,47.90627],[-118.3087,47.90627],[-118.3087,47.906],[-118.3095,47.906],[-118.3095,47.90573],[-118.31071,47.90573],[-118.31071,47.90546],[-118.31191,47.90546],[-118.31191,47.90519],[-118.31312,47.90519],[-118.31312,47.90492],[-118.31392,47.90519],[-118.31392,47.90546],[-118.31513,47.90546],[-118.31513,47.90573],[-118.31594,47.906],[-118.31594,47.90654],[-118.32197,47.90654],[-118.32197,47.90627],[-118.32237,47.90627],[-118.32237,47.906],[-118.32317,47.906],[-118.32317,47.90546],[-118.32358,47.90546],[-118.32358,47.90519],[-118.32317,47.90519],[-118.32317,47.90411],[-118.32358,47.90411],[-118.32358,47.9033],[-118.32398,47.9033],[-118.32398,47.90303],[-118.32358,47.90303],[-118.32358,47.90276],[-118.32398,47.90276],[-118.32398,47.90249],[-118.32478,47.90249],[-118.32478,47.90276],[-118.32559,47.90276],[-118.32559,47.90303],[-118.32599,47.90303],[-118.32599,47.90357],[-118.32518,47.90357],[-118.32518,47.90384],[-118.32559,47.90384],[-118.32559,47.906],[-118.32599,47.906],[-118.32599,47.90627],[-118.3276,47.906],[-118.3276,47.90573],[-118.328,47.90573],[-118.328,47.90546],[-118.3288,47.90546],[-118.3288,47.90519],[-118.33122,47.90519],[-118.33122,47.90492],[-118.33242,47.90492],[-118.33242,47.90519],[-118.33403,47.90519],[-118.33403,47.90465],[-118.33443,47.90465],[-118.33443,47.90411],[-118.33484,47.90411],[-118.33484,47.90465],[-118.33564,47.90465],[-118.33564,47.90519],[-118.33604,47.90519],[-118.33604,47.906],[-118.33564,47.906],[-118.33564,47.90627],[-118.33644,47.90627],[-118.33644,47.90654],[-118.33604,47.90654],[-118.33604,47.90681],[-118.33644,47.90681],[-118.33644,47.90735],[-118.33685,47.90735],[-118.33685,47.90788],[-118.33765,47.90788],[-118.33765,47.90815],[-118.33805,47.90815],[-118.33805,47.90842],[-118.33886,47.90842],[-118.33886,47.90869],[-118.33966,47.90896],[-118.33966,47.9095],[-118.34006,47.9095],[-118.34006,47.91004],[-118.34047,47.91004],[-118.34047,47.91058],[-118.34087,47.91058],[-118.34087,47.91112],[-118.34127,47.91112],[-118.34127,47.91166],[-118.34047,47.91166],[-118.34047,47.91139],[-118.34006,47.91139],[-118.34006,47.91166],[-118.33966,47.91166],[-118.33966,47.91247],[-118.33886,47.91247],[-118.33886,47.91274],[-118.33926,47.91274],[-118.33926,47.91327],[-118.33966,47.91327],[-118.33966,47.91408],[-118.33886,47.91408],[-118.33886,47.91462],[-118.33926,47.91462],[-118.33926,47.91516],[-118.33886,47.91516],[-118.33886,47.91597],[-118.33845,47.91597],[-118.33845,47.91624],[-118.33765,47.91624],[-118.33765,47.91651],[-118.33644,47.91651],[-118.33644,47.91678],[-118.33564,47.91678],[-118.33564,47.91786],[-118.33524,47.91786],[-118.33524,47.91813],[-118.33484,47.91813],[-118.33484,47.91839],[-118.33443,47.91839],[-118.33443,47.91813],[-118.33363,47.91813],[-118.33363,47.91839],[-118.33403,47.91839],[-118.33403,47.91866],[-118.33484,47.91866],[-118.33484,47.91893],[-118.33524,47.91893],[-118.33524,47.9192],[-118.33484,47.9192],[-118.33484,47.91947],[-118.33564,47.91947],[-118.33564,47.92028],[-118.33604,47.92028],[-118.33604,47.92055],[-118.33564,47.92055],[-118.33564,47.92136],[-118.33484,47.92136],[-118.33484,47.9219],[-118.33443,47.9219],[-118.33443,47.92244],[-118.33403,47.92244],[-118.33403,47.92271],[-118.33282,47.92271],[-118.33282,47.92298],[-118.33202,47.92298],[-118.33202,47.92432],[-118.33242,47.92432],[-118.33242,47.92486],[-118.33282,47.92486],[-118.33282,47.92621],[-118.33242,47.92621],[-118.33242,47.92675],[-118.33162,47.92675],[-118.33162,47.9281],[-118.33122,47.9281],[-118.33122,47.92837],[-118.33081,47.92837],[-118.33081,47.92864],[-118.33041,47.92864],[-118.33041,47.9289],[-118.33001,47.9289],[-118.33001,47.92917],[-118.32961,47.92917],[-118.32961,47.92971],[-118.32921,47.92971],[-118.32921,47.93106],[-118.3288,47.93106],[-118.3288,47.9316],[-118.3284,47.9316],[-118.3284,47.93295],[-118.32921,47.93322],[-118.32921,47.93376],[-118.33001,47.93376],[-118.33001,47.93429],[-118.33041,47.93429],[-118.33041,47.93537],[-118.33081,47.93537],[-118.33081,47.93618],[-118.33041,47.93618],[-118.33041,47.93753],[-118.33081,47.93753],[-118.33081,47.9378],[-118.33041,47.9378],[-118.33041,47.93807],[-118.33081,47.93807],[-118.33081,47.93834],[-118.33041,47.93834],[-118.33041,47.93888],[-118.33122,47.93915],[-118.33122,47.93968],[-118.33202,47.93968],[-118.33202,47.94022],[-118.33242,47.94022],[-118.33242,47.94076],[-118.33282,47.94076],[-118.33282,47.9413],[-118.33323,47.9413],[-118.33323,47.94157],[-118.33282,47.94157],[-118.33282,47.94184],[-118.33323,47.94184],[-118.33323,47.94211],[-118.33282,47.94211],[-118.33282,47.94265],[-118.33242,47.94265],[-118.33242,47.94346],[-118.33202,47.94346],[-118.33202,47.94481],[-118.33242,47.94481],[-118.33242,47.94588],[-118.33282,47.94588],[-118.33282,47.94615],[-118.33323,47.94615],[-118.33323,47.94642],[-118.33443,47.94642],[-118.33443,47.94696],[-118.33403,47.94696],[-118.33403,47.9475],[-118.33443,47.9475],[-118.33443,47.94831],[-118.33484,47.94831],[-118.33484,47.94912],[-118.33403,47.94912],[-118.33403,47.94939],[-118.33443,47.94939],[-118.33443,47.94993],[-118.33403,47.94993],[-118.33403,47.95019],[-118.33484,47.95046],[-118.33484,47.95019],[-118.33644,47.95019],[-118.33644,47.94993],[-118.33725,47.94993],[-118.33725,47.94966],[-118.33805,47.94993],[-118.33805,47.951],[-118.33725,47.951],[-118.33725,47.95127],[-118.33604,47.95127],[-118.33604,47.95154],[-118.33524,47.95154],[-118.33524,47.95262],[-118.33564,47.95262],[-118.33564,47.95289],[-118.33805,47.95289],[-118.33805,47.95262],[-118.33845,47.95262],[-118.33845,47.95235],[-118.34006,47.95235],[-118.34006,47.95262],[-118.34047,47.95262],[-118.34047,47.95289],[-118.34087,47.95289],[-118.34087,47.9537],[-118.34047,47.9537],[-118.34047,47.95424],[-118.34006,47.95424],[-118.34006,47.95478],[-118.34167,47.95478],[-118.34167,47.95505],[-118.34087,47.95505],[-118.34087,47.95558],[-118.34047,47.95558],[-118.34047,47.95639],[-118.34087,47.95639],[-118.34087,47.95666],[-118.34047,47.95666],[-118.34047,47.95693],[-118.34087,47.95693],[-118.34087,47.9572],[-118.34006,47.95747],[-118.34006,47.95855],[-118.34047,47.95855],[-118.34047,47.95909],[-118.34087,47.95909],[-118.34087,47.95936],[-118.34047,47.95936],[-118.34047,47.96017],[-118.33966,47.96044],[-118.33966,47.96151],[-118.34167,47.96151],[-118.34167,47.96259],[-118.34207,47.96259],[-118.34207,47.96313],[-118.34167,47.96313],[-118.34167,47.96394],[-118.34127,47.96394],[-118.34127,47.96448],[-118.34087,47.96448],[-118.34087,47.96502],[-118.34047,47.96502],[-118.34047,47.96744],[-118.34006,47.96744],[-118.34006,47.96771],[-118.33926,47.96798],[-118.33926,47.96825],[-118.33845,47.96852],[-118.33845,47.96906],[-118.33926,47.96906],[-118.33926,47.9696],[-118.33886,47.9696],[-118.33886,47.96987],[-118.33644,47.96987],[-118.33644,47.97041],[-118.33685,47.97041],[-118.33685,47.97148],[-118.33765,47.97148],[-118.33765,47.97202],[-118.33805,47.97202],[-118.33805,47.97256],[-118.33886,47.97256],[-118.33886,47.97283],[-118.33845,47.97283],[-118.33845,47.9731],[-118.33644,47.9731],[-118.33644,47.97337],[-118.33564,47.97364],[-118.33564,47.97391],[-118.33484,47.97391],[-118.33484,47.97472],[-118.33443,47.97472],[-118.33443,47.97553],[-118.33282,47.97607],[-118.33282,47.97634],[-118.33242,47.97634],[-118.33242,47.97687],[-118.33081,47.97687],[-118.33081,47.97741],[-118.33041,47.97741],[-118.33041,47.97795],[-118.33001,47.97795],[-118.33001,47.97876],[-118.33081,47.97903],[-118.33081,47.9793],[-118.33202,47.9793],[-118.33202,47.97903],[-118.33242,47.97903],[-118.33242,47.9793],[-118.33484,47.9793],[-118.33484,47.97984],[-118.33443,47.97984],[-118.33443,47.98011],[-118.33403,47.98011],[-118.33403,47.98038],[-118.33363,47.98038],[-118.33363,47.98092],[-118.33443,47.98092],[-118.33443,47.98119],[-118.33604,47.98146],[-118.33604,47.98173],[-118.33685,47.982],[-118.33685,47.98226],[-118.33644,47.98226],[-118.33644,47.9828],[-118.33604,47.9828],[-118.33604,47.98253],[-118.33484,47.98253],[-118.33484,47.9828],[-118.33403,47.9828],[-118.33403,47.98307],[-118.33323,47.98307],[-118.33323,47.98334],[-118.33242,47.98361],[-118.33242,47.98415],[-118.33202,47.98415],[-118.33202,47.98442],[-118.33162,47.98442],[-118.33162,47.98469],[-118.33122,47.98469],[-118.33122,47.9855],[-118.33081,47.9855],[-118.33081,47.98604],[-118.33041,47.98604],[-118.33041,47.98631],[-118.33001,47.98631],[-118.33001,47.98658],[-118.32961,47.98658],[-118.32961,47.98712],[-118.32921,47.98712],[-118.32921,47.98738],[-118.3284,47.98765],[-118.3284,47.98846],[-118.328,47.98846],[-118.328,47.989],[-118.3276,47.989],[-118.3276,47.99035],[-118.32679,47.99035],[-118.32679,47.99062],[-118.32719,47.99062],[-118.32719,47.99116],[-118.3276,47.99116],[-118.3276,47.99143],[-118.32719,47.99143],[-118.32719,47.9917],[-118.32679,47.9917],[-118.32679,47.99197],[-118.32639,47.99197],[-118.32639,47.99224],[-118.32559,47.99251],[-118.32559,47.99277],[-118.32518,47.99277],[-118.32518,47.99304],[-118.32398,47.99304],[-118.32398,47.99277],[-118.32358,47.99277],[-118.32358,47.99251],[-118.32277,47.99251],[-118.32277,47.99304],[-118.32237,47.99304],[-118.32237,47.99251],[-118.32116,47.99251],[-118.32116,47.99331],[-118.32277,47.99331],[-118.32277,47.99358],[-118.32197,47.99358],[-118.32197,47.99412],[-118.31835,47.99412],[-118.31835,47.99358],[-118.31674,47.99358],[-118.31674,47.99304],[-118.31594,47.99304],[-118.31594,47.99277],[-118.31553,47.99277],[-118.31553,47.99251],[-118.31473,47.99251],[-118.31473,47.99224],[-118.31433,47.99224],[-118.31433,47.99197],[-118.31352,47.99197],[-118.31352,47.9917],[-118.31232,47.9917],[-118.31232,47.99197],[-118.31151,47.99197],[-118.31151,47.99358],[-118.31111,47.99358],[-118.31111,47.99412],[-118.31071,47.99412],[-118.31071,47.99439],[-118.3099,47.99439],[-118.3099,47.99466],[-118.3095,47.99466],[-118.3095,47.99439],[-118.3087,47.99412],[-118.3087,47.99385],[-118.3091,47.99385],[-118.3091,47.99358],[-118.3087,47.99358],[-118.3087,47.99251],[-118.30709,47.99251],[-118.30709,47.99277],[-118.30669,47.99277],[-118.30669,47.99304],[-118.30588,47.99304],[-118.30588,47.99331],[-118.30548,47.99331],[-118.30548,47.99412],[-118.30508,47.99412],[-118.30508,47.99466],[-118.30347,47.99466],[-118.30347,47.99385],[-118.30387,47.99385],[-118.30387,47.99251],[-118.30468,47.99224],[-118.30468,47.9917],[-118.30508,47.9917],[-118.30508,47.99116],[-118.30548,47.99116],[-118.30548,47.99062],[-118.30628,47.99062],[-118.30628,47.98981],[-118.30588,47.98981],[-118.30588,47.98954],[-118.30628,47.98954],[-118.30628,47.989],[-118.30669,47.989],[-118.30669,47.98792],[-118.30709,47.98792],[-118.30709,47.98765],[-118.30669,47.98765],[-118.30669,47.98738],[-118.30709,47.98738],[-118.30709,47.98712],[-118.30789,47.98712],[-118.30789,47.98685],[-118.3091,47.98685],[-118.3091,47.98658],[-118.3099,47.98631],[-118.3099,47.98604],[-118.31071,47.98604],[-118.31071,47.98577],[-118.31151,47.9855],[-118.31151,47.98523],[-118.31232,47.98496],[-118.31232,47.98469],[-118.31312,47.98469],[-118.31312,47.98442],[-118.31352,47.98442],[-118.31352,47.98361],[-118.31392,47.98361],[-118.31392,47.98334],[-118.31352,47.98334],[-118.31352,47.9828],[-118.3095,47.9828],[-118.3095,47.98307],[-118.3087,47.98307],[-118.3087,47.98334],[-118.30829,47.98334],[-118.30829,47.98361],[-118.30749,47.98361],[-118.30749,47.98415],[-118.30669,47.98442],[-118.30669,47.98469],[-118.30548,47.98469],[-118.30548,47.98442],[-118.30508,47.98442],[-118.30508,47.98415],[-118.30427,47.98388],[-118.30427,47.98361],[-118.30468,47.98361],[-118.30468,47.98334],[-118.30548,47.98361],[-118.30548,47.98334],[-118.30669,47.98334],[-118.30669,47.98307],[-118.30749,47.98307],[-118.30749,47.98253],[-118.30789,47.98253],[-118.30789,47.98226],[-118.30829,47.98226],[-118.30829,47.982],[-118.3087,47.982],[-118.3087,47.98119],[-118.3091,47.98119],[-118.3091,47.98038],[-118.3095,47.98038],[-118.3095,47.98011],[-118.3091,47.98011],[-118.3091,47.97984],[-118.3095,47.97984],[-118.3095,47.97957],[-118.31031,47.97957],[-118.31031,47.9793],[-118.31272,47.9793],[-118.31272,47.97849],[-118.31352,47.97876],[-118.31352,47.97795],[-118.31433,47.97768],[-118.31433,47.97661],[-118.31473,47.97661],[-118.31473,47.97553],[-118.31513,47.97553],[-118.31513,47.97445],[-118.31594,47.97445],[-118.31594,47.97391],[-118.31674,47.97391],[-118.31674,47.97337],[-118.31754,47.97337],[-118.31754,47.97283],[-118.31795,47.97283],[-118.31795,47.97256],[-118.31754,47.97256],[-118.31754,47.97229],[-118.31714,47.97229],[-118.31714,47.97202],[-118.31634,47.97202],[-118.31634,47.97122],[-118.31674,47.97122],[-118.31674,47.97068],[-118.31754,47.97068],[-118.31754,47.97014],[-118.31915,47.97014],[-118.31915,47.97041],[-118.31996,47.97041],[-118.31996,47.97014],[-118.32036,47.97014],[-118.32036,47.96933],[-118.32076,47.96933],[-118.32076,47.96798],[-118.32116,47.96798],[-118.32116,47.96744],[-118.32157,47.96744],[-118.32157,47.9669],[-118.32197,47.9669],[-118.32197,47.96663],[-118.32157,47.96663],[-118.32157,47.96636],[-118.32076,47.96636],[-118.32076,47.9661],[-118.31915,47.9661],[-118.31915,47.96583],[-118.31835,47.96583],[-118.31835,47.96502],[-118.31955,47.96502],[-118.31955,47.96475],[-118.31996,47.96475],[-118.31996,47.96448],[-118.31955,47.96448],[-118.31955,47.96421],[-118.31996,47.96421],[-118.31996,47.96394],[-118.31955,47.96394],[-118.31955,47.96313],[-118.31915,47.96313],[-118.31915,47.96286],[-118.31835,47.96313],[-118.31835,47.9634],[-118.31754,47.96313],[-118.31754,47.96286],[-118.31714,47.96286],[-118.31714,47.96205],[-118.31754,47.96205],[-118.31754,47.96178],[-118.31835,47.96178],[-118.31835,47.96205],[-118.31955,47.96205],[-118.31955,47.96151],[-118.31996,47.96151],[-118.31996,47.96124],[-118.31915,47.96097],[-118.31915,47.96071],[-118.31835,47.96071],[-118.31835,47.96017],[-118.31795,47.96017],[-118.31795,47.96071],[-118.31513,47.96071],[-118.31513,47.96017],[-118.31473,47.96017],[-118.31473,47.95936],[-118.31513,47.95936],[-118.31513,47.95882],[-118.31553,47.95882],[-118.31553,47.95747],[-118.31513,47.95747],[-118.31513,47.95693],[-118.31433,47.95666],[-118.31433,47.95639],[-118.31232,47.95639],[-118.31232,47.95666],[-118.31151,47.95666],[-118.31151,47.95693],[-118.31031,47.95693],[-118.31031,47.9572],[-118.3099,47.9572],[-118.3099,47.95747],[-118.3091,47.95747],[-118.3091,47.95774],[-118.30829,47.95774],[-118.30829,47.95747],[-118.30468,47.95747],[-118.30468,47.95774],[-118.30387,47.95747],[-118.30387,47.95774],[-118.30146,47.95774],[-118.30146,47.95747],[-118.29985,47.95747],[-118.29985,47.9572],[-118.29905,47.95747],[-118.29905,47.9572],[-118.29663,47.9572],[-118.29663,47.95693],[-118.29543,47.95693],[-118.29543,47.9572],[-118.29181,47.9572],[-118.29181,47.95747],[-118.2914,47.95747],[-118.2914,47.9572],[-118.2906,47.9572],[-118.2906,47.95747],[-118.28899,47.95747],[-118.28899,47.95774],[-118.28859,47.95774],[-118.28859,47.95801],[-118.28779,47.95801],[-118.28779,47.95855],[-118.28698,47.95855],[-118.28698,47.95909],[-118.28658,47.95909],[-118.28658,47.95882],[-118.28457,47.95882],[-118.28457,47.95936],[-118.28376,47.95963],[-118.28376,47.96017],[-118.28296,47.96044],[-118.28296,47.96071],[-118.28256,47.96071],[-118.28256,47.96124],[-118.28216,47.96124],[-118.28216,47.96151],[-118.28175,47.96151],[-118.28175,47.96178],[-118.28135,47.96178],[-118.28135,47.96205],[-118.28095,47.96205],[-118.28095,47.96232],[-118.28055,47.96232],[-118.28055,47.96286],[-118.27934,47.96286],[-118.27934,47.96421],[-118.27854,47.96421],[-118.27854,47.96475],[-118.27813,47.96475],[-118.27813,47.96502],[-118.27773,47.96502],[-118.27773,47.96529],[-118.27733,47.96529],[-118.27733,47.96556],[-118.27653,47.96556],[-118.27653,47.9661],[-118.27572,47.9661],[-118.27572,47.96636],[-118.27532,47.96636],[-118.27532,47.96663],[-118.27452,47.96663],[-118.27452,47.96744],[-118.27411,47.96744],[-118.27411,47.96798],[-118.27371,47.96798],[-118.27371,47.96825],[-118.27411,47.96825],[-118.27411,47.96852],[-118.27331,47.96879],[-118.27331,47.96906],[-118.27291,47.96906],[-118.27291,47.96933],[-118.2725,47.96933],[-118.2725,47.9696],[-118.2721,47.9696],[-118.2721,47.96987],[-118.2717,47.96987],[-118.2717,47.97014],[-118.27009,47.97014],[-118.27009,47.97041],[-118.26929,47.97068],[-118.26929,47.97095],[-118.26889,47.97095],[-118.26889,47.97122],[-118.26848,47.97122],[-118.26848,47.97148],[-118.26889,47.97148],[-118.26889,47.97202],[-118.26929,47.97202],[-118.26929,47.97229],[-118.26889,47.97229],[-118.26889,47.9731],[-118.26808,47.9731],[-118.26808,47.97337],[-118.26728,47.97337],[-118.26728,47.97364],[-118.26527,47.97364],[-118.26527,47.97337],[-118.26446,47.9731],[-118.26446,47.97283],[-118.26366,47.97283],[-118.26366,47.97256],[-118.26245,47.97256],[-118.26245,47.97283],[-118.26205,47.97283],[-118.26205,47.9731],[-118.26245,47.9731],[-118.26245,47.97418],[-118.26124,47.97418],[-118.26124,47.97445],[-118.26084,47.97445],[-118.26084,47.97472],[-118.26004,47.97499],[-118.26004,47.97553],[-118.25964,47.97553],[-118.25964,47.97661],[-118.26004,47.97661],[-118.26004,47.97687],[-118.25923,47.97687],[-118.25923,47.97714],[-118.25883,47.97714],[-118.25883,47.97687],[-118.25803,47.97687],[-118.25803,47.97661],[-118.25642,47.97661],[-118.25642,47.97634],[-118.25602,47.97634],[-118.25602,47.97661],[-118.25521,47.97661],[-118.25521,47.97687],[-118.25481,47.97687],[-118.25481,47.97714],[-118.25441,47.97714],[-118.25441,47.97741],[-118.25401,47.97741],[-118.25401,47.97768],[-118.2528,47.97768],[-118.2528,47.97741],[-118.2524,47.97741],[-118.2524,47.97687],[-118.252,47.97687],[-118.252,47.97607],[-118.2524,47.97607],[-118.2524,47.9758],[-118.252,47.9758],[-118.252,47.97553],[-118.25159,47.97553],[-118.25159,47.97526],[-118.25119,47.97526],[-118.25119,47.97553],[-118.25079,47.97553],[-118.25079,47.97526],[-118.24878,47.97526],[-118.24878,47.97499],[-118.24757,47.97499],[-118.24757,47.97526],[-118.24677,47.97526],[-118.24677,47.97499],[-118.24596,47.97499],[-118.24596,47.97472],[-118.24315,47.97472],[-118.24315,47.97445],[-118.24234,47.97445],[-118.24234,47.97418],[-118.24194,47.97418],[-118.24194,47.97256],[-118.24234,47.97256],[-118.24234,47.97095],[-118.24154,47.97095],[-118.24154,47.97068],[-118.24114,47.97068],[-118.24114,47.97041],[-118.23993,47.97041],[-118.23993,47.97014],[-118.23953,47.97014],[-118.23953,47.96987],[-118.23913,47.96987],[-118.23913,47.96906],[-118.23872,47.96906],[-118.23872,47.96879],[-118.23913,47.96879],[-118.23913,47.96825],[-118.23953,47.96825],[-118.23953,47.96798],[-118.23993,47.96798],[-118.23993,47.96771],[-118.24074,47.96771],[-118.24074,47.96744],[-118.24033,47.96744],[-118.24033,47.96717],[-118.24114,47.96717],[-118.24114,47.96744],[-118.24234,47.96744],[-118.24234,47.96717],[-118.24275,47.96717],[-118.24275,47.9669],[-118.24234,47.9669],[-118.24234,47.96663],[-118.24114,47.96663],[-118.24114,47.9669],[-118.24074,47.9669],[-118.24074,47.96663],[-118.24033,47.96663],[-118.24033,47.9669],[-118.23993,47.9669],[-118.23993,47.96663],[-118.23913,47.96663],[-118.23913,47.9661],[-118.23832,47.9661],[-118.23832,47.96529],[-118.23752,47.96529],[-118.23752,47.96421],[-118.23671,47.96421],[-118.23671,47.96394],[-118.23752,47.96394],[-118.23752,47.96367],[-118.23712,47.96367],[-118.23712,47.9634],[-118.23752,47.9634],[-118.23752,47.96097],[-118.23712,47.96097],[-118.23712,47.96017],[-118.23671,47.96017],[-118.23671,47.95936],[-118.23631,47.95936],[-118.23631,47.95882],[-118.23591,47.95882],[-118.23591,47.95828],[-118.23551,47.95828],[-118.23551,47.9572],[-118.23511,47.9572],[-118.23511,47.95666],[-118.2343,47.95666],[-118.2343,47.95612],[-118.2339,47.95612],[-118.2339,47.95585],[-118.2343,47.95585],[-118.2343,47.95505],[-118.23309,47.95505],[-118.23309,47.95451],[-118.2335,47.95451],[-118.2335,47.95424],[-118.2343,47.95424],[-118.2343,47.95289],[-118.23309,47.95289],[-118.23309,47.95262],[-118.2335,47.95262],[-118.2335,47.95181],[-118.23309,47.95181],[-118.23309,47.95235],[-118.23269,47.95235],[-118.23269,47.95154],[-118.23309,47.95154],[-118.23309,47.95127],[-118.23269,47.95127],[-118.23269,47.951],[-118.2335,47.951],[-118.2335,47.95046],[-118.2347,47.95046],[-118.2347,47.95073],[-118.23511,47.95073],[-118.23511,47.95019],[-118.2343,47.95019],[-118.2343,47.94966],[-118.2335,47.94966],[-118.2335,47.94939],[-118.23551,47.94939],[-118.23551,47.94831],[-118.23511,47.94831],[-118.23511,47.94858],[-118.23309,47.94858],[-118.23309,47.94831],[-118.23269,47.94831]],[[-118.2335,47.95478],[-118.2343,47.95478],[-118.2343,47.95451],[-118.2335,47.95451],[-118.2335,47.95478]],[[-118.23591,47.94831],[-118.23591,47.94804],[-118.23551,47.94804],[-118.23551,47.94831],[-118.23591,47.94831]],[[-118.31191,47.99035],[-118.31151,47.99035],[-118.31151,47.99116],[-118.31191,47.99116],[-118.31191,47.99035]],[[-118.32639,47.99035],[-118.32599,47.99035],[-118.32599,47.99062],[-118.32639,47.99062],[-118.32639,47.99035]],[[-118.31111,47.98981],[-118.3099,47.98981],[-118.3099,47.99008],[-118.31111,47.99008],[-118.31111,47.98981]],[[-118.31232,47.98819],[-118.31111,47.98819],[-118.31111,47.98765],[-118.31071,47.98765],[-118.31071,47.98792],[-118.31031,47.98792],[-118.31031,47.98927],[-118.3099,47.98927],[-118.3099,47.98954],[-118.31111,47.98954],[-118.31111,47.989],[-118.31191,47.989],[-118.31191,47.98846],[-118.31232,47.98846],[-118.31232,47.98819]],[[-118.31996,47.97741],[-118.31955,47.97741],[-118.31955,47.97768],[-118.31996,47.97768],[-118.31996,47.97741]],[[-118.26848,47.97175],[-118.26808,47.97175],[-118.26808,47.97202],[-118.26848,47.97202],[-118.26848,47.97175]],[[-118.32679,47.96286],[-118.32679,47.96259],[-118.32719,47.96259],[-118.32719,47.96232],[-118.32679,47.96232],[-118.32679,47.96205],[-118.32719,47.96205],[-118.32719,47.96178],[-118.32639,47.96151],[-118.32639,47.96124],[-118.32599,47.96124],[-118.32599,47.96178],[-118.32559,47.96178],[-118.32559,47.96205],[-118.32518,47.96205],[-118.32518,47.96232],[-118.32478,47.96232],[-118.32478,47.96286],[-118.32518,47.96286],[-118.32518,47.96313],[-118.32639,47.96313],[-118.32639,47.96286],[-118.32679,47.96286]],[[-118.32438,47.96286],[-118.32438,47.96313],[-118.32478,47.96313],[-118.32478,47.96286],[-118.32438,47.96286]],[[-118.33644,47.95612],[-118.33604,47.95612],[-118.33604,47.95639],[-118.33644,47.95639],[-118.33644,47.95612]],[[-118.24275,47.95505],[-118.24234,47.95505],[-118.24234,47.95532],[-118.24275,47.95532],[-118.24275,47.95505]],[[-118.23511,47.95505],[-118.2347,47.95505],[-118.2347,47.95532],[-118.23511,47.95532],[-118.23511,47.95505]],[[-118.2339,47.95208],[-118.2343,47.95208],[-118.2343,47.95154],[-118.2339,47.95154],[-118.2339,47.95208]],[[-118.2339,47.95127],[-118.2335,47.95127],[-118.2335,47.95154],[-118.2339,47.95154],[-118.2339,47.95127]],[[-118.24596,47.94993],[-118.24556,47.94993],[-118.24556,47.95019],[-118.24596,47.95019],[-118.24596,47.94993]],[[-118.23591,47.94966],[-118.23551,47.94966],[-118.23551,47.94993],[-118.23591,47.94993],[-118.23591,47.94966]],[[-118.30669,47.94939],[-118.30628,47.94939],[-118.30628,47.94966],[-118.30669,47.94966],[-118.30669,47.94939]],[[-118.3099,47.94696],[-118.3095,47.94696],[-118.3095,47.94723],[-118.3099,47.94723],[-118.3099,47.94696]],[[-118.3087,47.94588],[-118.30829,47.94588],[-118.30829,47.94615],[-118.3087,47.94615],[-118.3087,47.94588]],[[-118.31191,47.94534],[-118.31151,47.94534],[-118.31151,47.94561],[-118.31191,47.94561],[-118.31191,47.94534]],[[-118.33122,47.94507],[-118.33041,47.94507],[-118.33041,47.94534],[-118.33122,47.94534],[-118.33122,47.94507]],[[-118.2524,47.94507],[-118.252,47.94507],[-118.252,47.94534],[-118.2524,47.94534],[-118.2524,47.94507]],[[-118.25401,47.94373],[-118.2536,47.94373],[-118.2536,47.944],[-118.25401,47.944],[-118.25401,47.94373]],[[-118.27733,47.92594],[-118.27974,47.92594],[-118.27974,47.92567],[-118.27894,47.92567],[-118.27894,47.9254],[-118.28095,47.9254],[-118.28095,47.92513],[-118.28055,47.92513],[-118.28055,47.92486],[-118.28135,47.92486],[-118.28135,47.92432],[-118.28216,47.92432],[-118.28216,47.92378],[-118.28256,47.92378],[-118.28256,47.92352],[-118.28296,47.92352],[-118.28296,47.92325],[-118.28376,47.92325],[-118.28376,47.92298],[-118.28457,47.92298],[-118.28457,47.92271],[-118.28577,47.92271],[-118.28577,47.92244],[-118.28618,47.92244],[-118.28618,47.9219],[-118.28658,47.9219],[-118.28658,47.92136],[-118.28698,47.92136],[-118.28698,47.92082],[-118.28618,47.92082],[-118.28618,47.92109],[-118.28577,47.92109],[-118.28577,47.92136],[-118.28497,47.92136],[-118.28497,47.92163],[-118.28336,47.9219],[-118.28336,47.92217],[-118.28256,47.92217],[-118.28256,47.92244],[-118.28175,47.92244],[-118.28175,47.92271],[-118.28095,47.92271],[-118.28095,47.92298],[-118.28055,47.92298],[-118.28055,47.92352],[-118.28014,47.92352],[-118.28014,47.92378],[-118.27974,47.92378],[-118.27974,47.92405],[-118.27894,47.92405],[-118.27894,47.92432],[-118.27813,47.92432],[-118.27813,47.92459],[-118.27693,47.92459],[-118.27693,47.92486],[-118.27532,47.92486],[-118.27532,47.92513],[-118.27411,47.92513],[-118.27411,47.9254],[-118.27331,47.92567],[-118.27331,47.92594],[-118.27291,47.92594],[-118.27291,47.92621],[-118.2725,47.92621],[-118.2725,47.92648],[-118.2721,47.92648],[-118.2721,47.92675],[-118.2717,47.92675],[-118.2717,47.92702],[-118.27492,47.92702],[-118.27492,47.92675],[-118.27572,47.92675],[-118.27572,47.92648],[-118.27733,47.92648],[-118.27733,47.92594]],[[-118.28014,47.91947],[-118.27974,47.91947],[-118.27974,47.91974],[-118.28014,47.91974],[-118.28014,47.91947]],[[-118.22385,47.91866],[-118.22344,47.91866],[-118.22344,47.91813],[-118.22304,47.91813],[-118.22304,47.91786],[-118.22344,47.91786],[-118.22344,47.91759],[-118.22304,47.91759],[-118.22304,47.91732],[-118.22344,47.91732],[-118.22344,47.91705],[-118.22304,47.91705],[-118.22304,47.91651],[-118.22184,47.91651],[-118.22184,47.91678],[-118.22224,47.91678],[-118.22224,47.91705],[-118.22184,47.91705],[-118.22184,47.91732],[-118.22224,47.91732],[-118.22224,47.91786],[-118.22264,47.91786],[-118.22264,47.91813],[-118.22224,47.91813],[-118.22224,47.91839],[-118.22264,47.91839],[-118.22264,47.91866],[-118.22224,47.91866],[-118.22224,47.91893],[-118.22264,47.91893],[-118.22264,47.9192],[-118.22224,47.9192],[-118.22224,47.91947],[-118.22304,47.91947],[-118.22304,47.9192],[-118.22344,47.9192],[-118.22344,47.91893],[-118.22385,47.91893],[-118.22385,47.91866]],[[-118.22425,47.9122],[-118.22385,47.9122],[-118.22385,47.91166],[-118.22304,47.91166],[-118.22304,47.9122],[-118.22264,47.9122],[-118.22264,47.91274],[-118.22224,47.91274],[-118.22224,47.91354],[-118.22264,47.91354],[-118.22264,47.91381],[-118.22344,47.91381],[-118.22344,47.91354],[-118.22385,47.91354],[-118.22385,47.91327],[-118.22425,47.91327],[-118.22425,47.9122]],[[-118.24476,47.91031],[-118.24355,47.91031],[-118.24355,47.91085],[-118.24395,47.91085],[-118.24395,47.91139],[-118.24435,47.91139],[-118.24435,47.91166],[-118.24516,47.91166],[-118.24516,47.91193],[-118.24556,47.91193],[-118.24556,47.9122],[-118.24596,47.9122],[-118.24596,47.91085],[-118.24556,47.91085],[-118.24556,47.91058],[-118.24476,47.91058],[-118.24476,47.91031]],[[-118.30789,47.90761],[-118.30749,47.90761],[-118.30749,47.90788],[-118.30789,47.90788],[-118.30789,47.90761]]],[[[-118.31232,47.97499],[-118.31312,47.97499],[-118.31312,47.97553],[-118.31272,47.97553],[-118.31272,47.97526],[-118.31232,47.97526],[-118.31232,47.97499]]],[[[-118.33403,47.97687],[-118.33403,47.97661],[-118.33604,47.97661],[-118.33604,47.97687],[-118.33403,47.97687]]],[[[-118.25079,47.97687],[-118.25079,47.97714],[-118.25039,47.97714],[-118.25039,47.97741],[-118.24998,47.97741],[-118.24998,47.97714],[-118.24918,47.97714],[-118.24918,47.97687],[-118.25079,47.97687]]],[[[-118.24757,47.97795],[-118.24878,47.97795],[-118.24878,47.97876],[-118.24918,47.97876],[-118.24918,47.9793],[-118.24878,47.9793],[-118.24878,47.97957],[-118.24797,47.97957],[-118.24797,47.9793],[-118.24757,47.9793],[-118.24757,47.97795]]],[[[-118.33886,47.98307],[-118.33886,47.98253],[-118.33966,47.9828],[-118.33966,47.98361],[-118.33926,47.98361],[-118.33926,47.98415],[-118.33805,47.98415],[-118.33805,47.98361],[-118.33845,47.98361],[-118.33845,47.98307],[-118.33886,47.98307]]],[[[-118.30588,47.98738],[-118.30588,47.98765],[-118.30468,47.98765],[-118.30468,47.98712],[-118.30508,47.98712],[-118.30508,47.98738],[-118.30588,47.98738]]],[[[-118.22505,47.99008],[-118.22505,47.98954],[-118.22465,47.98954],[-118.22465,47.98927],[-118.22505,47.98927],[-118.22505,47.989],[-118.22465,47.989],[-118.22465,47.98846],[-118.22425,47.98846],[-118.22425,47.98765],[-118.22385,47.98765],[-118.22385,47.98685],[-118.22425,47.98685],[-118.22425,47.98658],[-118.22545,47.98658],[-118.22545,47.98631],[-118.22626,47.98631],[-118.22626,47.98658],[-118.22706,47.98658],[-118.22706,47.98685],[-118.22787,47.98712],[-118.22787,47.98738],[-118.22867,47.98738],[-118.22867,47.98765],[-118.23028,47.98765],[-118.23028,47.98738],[-118.23189,47.98738],[-118.23189,47.98712],[-118.23269,47.98712],[-118.23269,47.98658],[-118.2335,47.98658],[-118.2335,47.98631],[-118.23309,47.98631],[-118.23309,47.98469],[-118.23269,47.98469],[-118.23269,47.98334],[-118.23551,47.98334],[-118.23551,47.98361],[-118.23591,47.98361],[-118.23591,47.98388],[-118.23631,47.98388],[-118.23631,47.98361],[-118.23752,47.98361],[-118.23752,47.98388],[-118.23832,47.98388],[-118.23832,47.98415],[-118.23872,47.98415],[-118.23872,47.98442],[-118.23913,47.98442],[-118.23913,47.98469],[-118.23993,47.98469],[-118.23993,47.98496],[-118.24114,47.98496],[-118.24114,47.98469],[-118.24154,47.98469],[-118.24154,47.98442],[-118.24114,47.98442],[-118.24114,47.98361],[-118.24074,47.98361],[-118.24074,47.98334],[-118.24154,47.98334],[-118.24154,47.98307],[-118.24194,47.98307],[-118.24194,47.98334],[-118.24315,47.98334],[-118.24315,47.98361],[-118.24355,47.98361],[-118.24355,47.98388],[-118.24435,47.98388],[-118.24435,47.98442],[-118.24476,47.98442],[-118.24476,47.98469],[-118.24395,47.98469],[-118.24395,47.98496],[-118.24476,47.98496],[-118.24476,47.9855],[-118.24556,47.9855],[-118.24556,47.98604],[-118.24637,47.98604],[-118.24637,47.98685],[-118.24797,47.98685],[-118.24797,47.98712],[-118.24998,47.98712],[-118.24998,47.98685],[-118.25119,47.98685],[-118.25119,47.98712],[-118.2528,47.98712],[-118.2528,47.98738],[-118.25401,47.98738],[-118.25401,47.98712],[-118.25521,47.98712],[-118.25521,47.98685],[-118.25602,47.98685],[-118.25602,47.98712],[-118.25763,47.98712],[-118.25763,47.98738],[-118.25883,47.98738],[-118.25883,47.98765],[-118.25923,47.98765],[-118.25923,47.98792],[-118.25964,47.98792],[-118.25964,47.98765],[-118.26044,47.98765],[-118.26044,47.98738],[-118.26285,47.98738],[-118.26285,47.98765],[-118.26326,47.98765],[-118.26326,47.98792],[-118.26527,47.98792],[-118.26527,47.98712],[-118.26607,47.98712],[-118.26607,47.98685],[-118.26687,47.98712],[-118.26687,47.98685],[-118.26728,47.98685],[-118.26728,47.98712],[-118.26848,47.98712],[-118.26848,47.98738],[-118.26889,47.98738],[-118.26889,47.98765],[-118.27049,47.98765],[-118.27049,47.98792],[-118.2709,47.98792],[-118.2709,47.98873],[-118.27009,47.989],[-118.27009,47.98954],[-118.26969,47.98954],[-118.26969,47.98981],[-118.26768,47.98981],[-118.26768,47.99008],[-118.26728,47.99008],[-118.26728,47.99035],[-118.26647,47.99062],[-118.26647,47.99224],[-118.26728,47.99251],[-118.26728,47.99331],[-118.26808,47.99358],[-118.26808,47.99412],[-118.26687,47.99412],[-118.26687,47.99385],[-118.26647,47.99385],[-118.26647,47.99358],[-118.26527,47.99358],[-118.26527,47.99331],[-118.26446,47.99331],[-118.26446,47.99304],[-118.26406,47.99304],[-118.26406,47.99251],[-118.26326,47.99251],[-118.26326,47.99304],[-118.26124,47.99304],[-118.26124,47.99277],[-118.26044,47.99251],[-118.26044,47.99224],[-118.26004,47.99224],[-118.26004,47.99197],[-118.25843,47.99197],[-118.25843,47.9917],[-118.25642,47.9917],[-118.25642,47.99197],[-118.25521,47.99197],[-118.25521,47.99224],[-118.25481,47.99224],[-118.25481,47.99251],[-118.2536,47.99251],[-118.2536,47.99197],[-118.2528,47.99197],[-118.2528,47.9917],[-118.2524,47.9917],[-118.2524,47.99197],[-118.25119,47.99197],[-118.25119,47.99251],[-118.25079,47.99251],[-118.25079,47.99197],[-118.25039,47.99197],[-118.25039,47.9917],[-118.25079,47.9917],[-118.25079,47.99089],[-118.25039,47.99089],[-118.25039,47.99116],[-118.24958,47.99089],[-118.24958,47.99116],[-118.24878,47.99143],[-118.24878,47.9917],[-118.24838,47.9917],[-118.24838,47.99143],[-118.24797,47.99143],[-118.24797,47.9917],[-118.24717,47.99143],[-118.24717,47.9917],[-118.24596,47.9917],[-118.24596,47.99197],[-118.24476,47.99197],[-118.24476,47.99224],[-118.24395,47.99224],[-118.24395,47.99277],[-118.24355,47.99277],[-118.24355,47.99304],[-118.24234,47.99304],[-118.24234,47.99331],[-118.24194,47.99331],[-118.24194,47.99358],[-118.24074,47.99358],[-118.24074,47.99412],[-118.23872,47.99412],[-118.23872,47.99385],[-118.23832,47.99385],[-118.23832,47.99412],[-118.23551,47.99412],[-118.23551,47.99358],[-118.23511,47.99358],[-118.23511,47.99331],[-118.2347,47.99331],[-118.2347,47.99304],[-118.23229,47.99304],[-118.23229,47.99277],[-118.23149,47.99251],[-118.23149,47.99224],[-118.23108,47.99224],[-118.23108,47.99251],[-118.23028,47.99251],[-118.23028,47.99304],[-118.22948,47.99304],[-118.22948,47.99331],[-118.22827,47.99331],[-118.22827,47.99304],[-118.22747,47.99304],[-118.22747,47.9917],[-118.22586,47.99143],[-118.22586,47.99116],[-118.22545,47.99116],[-118.22545,47.99008],[-118.22505,47.99008]],[[-118.2532,47.9917],[-118.2532,47.99143],[-118.2528,47.99143],[-118.2528,47.9917],[-118.2532,47.9917]],[[-118.2524,47.99143],[-118.252,47.99143],[-118.252,47.9917],[-118.2524,47.9917],[-118.2524,47.99143]],[[-118.24355,47.99251],[-118.24315,47.99251],[-118.24315,47.99277],[-118.24355,47.99277],[-118.24355,47.99251]],[[-118.22706,47.99143],[-118.22706,47.99116],[-118.22666,47.99116],[-118.22666,47.99143],[-118.22706,47.99143]],[[-118.24355,47.99197],[-118.24315,47.99197],[-118.24315,47.99224],[-118.24355,47.99224],[-118.24355,47.99197]],[[-118.25923,47.98873],[-118.25883,47.98873],[-118.25883,47.989],[-118.25923,47.989],[-118.25923,47.98873]],[[-118.23752,47.98631],[-118.23792,47.98631],[-118.23792,47.98604],[-118.23872,47.98604],[-118.23872,47.98496],[-118.23832,47.98496],[-118.23832,47.98442],[-118.23591,47.98442],[-118.23591,47.98469],[-118.23551,47.98469],[-118.23551,47.98496],[-118.23511,47.98496],[-118.23511,47.98577],[-118.2347,47.98577],[-118.2347,47.98604],[-118.2339,47.98631],[-118.2339,47.98685],[-118.2347,47.98685],[-118.2347,47.98712],[-118.23551,47.98712],[-118.23551,47.98738],[-118.23671,47.98738],[-118.23671,47.98712],[-118.23712,47.98712],[-118.23712,47.98658],[-118.23752,47.98658],[-118.23752,47.98631]]],[[[-118.30387,47.98981],[-118.30387,47.98954],[-118.30468,47.98954],[-118.30468,47.98981],[-118.30387,47.98981]]],[[[-118.24998,47.99224],[-118.24998,47.99197],[-118.25039,47.99197],[-118.25039,47.99224],[-118.24998,47.99224]]],[[[-118.24596,47.99358],[-118.24596,47.99304],[-118.24637,47.99304],[-118.24637,47.99277],[-118.24717,47.99251],[-118.24717,47.99277],[-118.24797,47.99304],[-118.24797,47.99439],[-118.24677,47.99439],[-118.24677,47.99412],[-118.24637,47.99412],[-118.24637,47.99358],[-118.24596,47.99358]]],[[[-118.2335,47.90788],[-118.23229,47.90788],[-118.23229,47.90681],[-118.2335,47.90681],[-118.2335,47.90788]]],[[[-118.21339,47.90896],[-118.21339,47.90869],[-118.21379,47.90869],[-118.21379,47.90896],[-118.21339,47.90896]]],[[[-118.21741,47.91381],[-118.21741,47.91408],[-118.21781,47.91408],[-118.21781,47.91435],[-118.21701,47.91435],[-118.21701,47.91354],[-118.21781,47.91354],[-118.21781,47.91381],[-118.21741,47.91381]]],[[[-118.21741,47.91489],[-118.21701,47.91489],[-118.21701,47.91462],[-118.21741,47.91462],[-118.21741,47.91489]]],[[[-118.24114,47.94561],[-118.24114,47.94534],[-118.24154,47.94534],[-118.24154,47.94561],[-118.24114,47.94561]]],[[[-118.23269,47.9475],[-118.23269,47.94723],[-118.23309,47.94723],[-118.23309,47.9475],[-118.23269,47.9475]]],[[[-118.2339,47.95558],[-118.2335,47.95558],[-118.2335,47.95532],[-118.2339,47.95532],[-118.2339,47.95558]]],[[[-118.24435,47.97957],[-118.24435,47.9793],[-118.24476,47.9793],[-118.24476,47.97957],[-118.24435,47.97957]]],[[[-118.24033,47.97984],[-118.24033,47.97957],[-118.24114,47.97957],[-118.24114,47.97984],[-118.24033,47.97984]]],[[[-118.24074,47.98011],[-118.24074,47.98038],[-118.24114,47.98038],[-118.24114,47.98065],[-118.24033,47.98065],[-118.24033,47.98038],[-118.23993,47.98038],[-118.23993,47.98011],[-118.24074,47.98011]]],[[[-118.24194,47.98253],[-118.24194,47.98226],[-118.24234,47.98226],[-118.24234,47.98253],[-118.24194,47.98253]]],[[[-118.24154,47.9828],[-118.24154,47.98253],[-118.24194,47.98253],[-118.24194,47.9828],[-118.24154,47.9828]]],[[[-118.24234,47.9828],[-118.24234,47.98307],[-118.24194,47.98307],[-118.24194,47.9828],[-118.24234,47.9828]]]]},"properties":{"layer":"predicted_reach_h19","fire_name":"Mitre_Rock","irwin_id":"{C11A3685-C035-4241-A17C-8076EE99619D}","model":"arrival_run","checkpoint_epoch":216,"decode":"connected_causal","operating_point":{"floor":0.0,"mult":0.9},"val_precision":null,"val_recall":null,"model_caveat":"arrival_run chosen for best RECALL among the six FlameFlux v3 candidates on the production-valid t0-window corpus (R=0.624 on the fc2 held-out fires, R=0.432 on Dillon -- see candidate_comparison.md from the 2026-07-24 comparison). It does NOT meet the project's P>=0.50/R>=0.80 target: precision is the WORST of the six (P=0.120 on fc2 -- most flagged growth is wrong), and wind_run actually edges it on F1. IMPORTANT CAVEAT: arrival_run trained on the leaky 'observed' corpus (crop centered/sized on t0|t1, i.e. it saw the future perimeter's geometry during training) and has NEVER seen a t0-window crop -- the ONLY geometry this live pipeline can ever produce at forecast time (the future perimeter is, by definition, unknown). So every live prediction from this model is out-of-distribution relative to its own training. The measured t0-window numbers above already reflect that (they are not a surprise), but this is 'best available', not 'production-ready' -- represent it that way. The operating_point (floor=0.0, mult=0.9) is the VAL-selected connected-causal decode point; it did NOT clear the 0.50 precision floor during selection (feasible=False, val P=0.270/R=0.259) -- it's the best-F1 fallback point, not a precision-guaranteed one.","issued_at_utc":"2026-08-05 10:59:55.016141+00:00","valid_from_utc":"2026-08-05 00:00:00","valid_to_utc":"2026-08-06 00:00:00","wfigs_date_current_utc":"2026-08-05 10:16:25+00:00","pixel_size_m":30,"veg_source":"refreshed_d4","physics_source":"eikonal_fbfm40","history_n_dates":4,"degraded_history":false,"containment_pct":0.0,"acres_wfigs":4439.297279101989,"hour":19,"valid_at_utc":"2026-08-05 19:00:00"}},{"type":"Feature","geometry":{"type":"MultiPolygon","coordinates":[[[[-118.33282,47.90492],[-118.33242,47.90492],[-118.33242,47.90465],[-118.33282,47.90465],[-118.33282,47.90492]]],[[[-118.33122,47.90492],[-118.33001,47.90492],[-118.33001,47.90465],[-118.33122,47.90465],[-118.33122,47.90492]]],[[[-118.29221,47.913],[-118.29181,47.913],[-118.29181,47.91274],[-118.29221,47.91274],[-118.29221,47.913]]],[[[-118.23229,47.94831],[-118.23229,47.94804],[-118.2335,47.94804],[-118.2335,47.94777],[-118.23309,47.94777],[-118.23309,47.9475],[-118.2335,47.9475],[-118.2335,47.94723],[-118.23511,47.94723],[-118.23511,47.94696],[-118.23712,47.94696],[-118.23712,47.94615],[-118.23792,47.94615],[-118.23792,47.94588],[-118.23913,47.94588],[-118.23913,47.94561],[-118.23872,47.94561],[-118.23872,47.94534],[-118.23913,47.94534],[-118.23913,47.94507],[-118.23872,47.94507],[-118.23872,47.94454],[-118.23832,47.94454],[-118.23832,47.94427],[-118.23872,47.94427],[-118.23872,47.944],[-118.23832,47.944],[-118.23832,47.94373],[-118.23872,47.94373],[-118.23872,47.94049],[-118.23913,47.94049],[-118.23913,47.94022],[-118.23872,47.94022],[-118.23872,47.93995],[-118.23953,47.93995],[-118.23953,47.93968],[-118.23913,47.93968],[-118.23913,47.93942],[-118.24033,47.93942],[-118.24033,47.93915],[-118.23872,47.93915],[-118.23872,47.93888],[-118.23832,47.93888],[-118.23832,47.93861],[-118.23792,47.93861],[-118.23792,47.93834],[-118.23752,47.93834],[-118.23752,47.93645],[-118.23712,47.93645],[-118.23712,47.93564],[-118.23752,47.93564],[-118.23752,47.93537],[-118.23832,47.9351],[-118.23832,47.93429],[-118.23792,47.93429],[-118.23792,47.93241],[-118.23832,47.93241],[-118.23832,47.93133],[-118.23872,47.93133],[-118.23872,47.93025],[-118.23913,47.93025],[-118.23913,47.92944],[-118.23953,47.92944],[-118.23953,47.9281],[-118.23913,47.9281],[-118.23913,47.92783],[-118.23792,47.92783],[-118.23792,47.92756],[-118.23752,47.92756],[-118.23752,47.92729],[-118.23712,47.92729],[-118.23712,47.92702],[-118.23671,47.92702],[-118.23671,47.92594],[-118.23631,47.92594],[-118.23631,47.9254],[-118.23591,47.9254],[-118.23591,47.92513],[-118.2343,47.92513],[-118.2343,47.9254],[-118.2335,47.9254],[-118.2335,47.92513],[-118.23108,47.92513],[-118.23108,47.92486],[-118.23068,47.92486],[-118.23068,47.92459],[-118.22867,47.92459],[-118.22867,47.92486],[-118.22827,47.92486],[-118.22827,47.92432],[-118.22907,47.92432],[-118.22907,47.92405],[-118.22827,47.92405],[-118.22827,47.92378],[-118.22747,47.92378],[-118.22747,47.92405],[-118.22505,47.92378],[-118.22505,47.92352],[-118.22465,47.92352],[-118.22465,47.92325],[-118.22304,47.92298],[-118.22304,47.92271],[-118.22264,47.92271],[-118.22264,47.92244],[-118.22143,47.92244],[-118.22143,47.92217],[-118.22103,47.92217],[-118.22103,47.9219],[-118.22023,47.9219],[-118.22023,47.92163],[-118.21982,47.92163],[-118.21982,47.92136],[-118.21902,47.92109],[-118.21902,47.91705],[-118.21862,47.91705],[-118.21862,47.91651],[-118.21781,47.91624],[-118.21781,47.91597],[-118.21701,47.91597],[-118.21701,47.91543],[-118.21621,47.91543],[-118.21621,47.91489],[-118.2158,47.91489],[-118.2158,47.91381],[-118.2154,47.91381],[-118.2154,47.91274],[-118.215,47.91274],[-118.215,47.91247],[-118.21419,47.9122],[-118.21419,47.91139],[-118.2146,47.91139],[-118.2146,47.91112],[-118.2154,47.91085],[-118.2154,47.9095],[-118.2158,47.9095],[-118.2158,47.90923],[-118.21781,47.90923],[-118.21781,47.9095],[-118.21902,47.9095],[-118.21902,47.90923],[-118.22063,47.90896],[-118.22063,47.90681],[-118.22103,47.90681],[-118.22103,47.90708],[-118.22184,47.90708],[-118.22184,47.90735],[-118.22304,47.90735],[-118.22304,47.90761],[-118.22465,47.90761],[-118.22465,47.90735],[-118.22505,47.90735],[-118.22505,47.90708],[-118.22545,47.90708],[-118.22545,47.90654],[-118.22626,47.90654],[-118.22626,47.90627],[-118.22867,47.90627],[-118.22867,47.90681],[-118.22948,47.90681],[-118.22948,47.90735],[-118.23028,47.90735],[-118.23028,47.90761],[-118.23068,47.90761],[-118.23068,47.90788],[-118.23108,47.90788],[-118.23108,47.90761],[-118.23149,47.90761],[-118.23149,47.90735],[-118.23189,47.90735],[-118.23189,47.90681],[-118.2335,47.90681],[-118.2335,47.90842],[-118.2339,47.90842],[-118.2339,47.90896],[-118.2343,47.90896],[-118.2343,47.9095],[-118.23511,47.9095],[-118.23511,47.90923],[-118.23631,47.90923],[-118.23631,47.90896],[-118.23712,47.90896],[-118.23712,47.90869],[-118.23792,47.90842],[-118.23792,47.90815],[-118.23832,47.90815],[-118.23832,47.90788],[-118.24033,47.90788],[-118.24033,47.90815],[-118.24074,47.90815],[-118.24074,47.90788],[-118.24194,47.90788],[-118.24194,47.90761],[-118.24234,47.90761],[-118.24234,47.90815],[-118.24275,47.90815],[-118.24275,47.90842],[-118.24355,47.90842],[-118.24355,47.90869],[-118.24395,47.90869],[-118.24395,47.90896],[-118.24556,47.90896],[-118.24556,47.90869],[-118.24838,47.90869],[-118.24838,47.90896],[-118.24878,47.90896],[-118.24878,47.91004],[-118.24918,47.91004],[-118.24918,47.91058],[-118.24958,47.91058],[-118.24958,47.91112],[-118.24998,47.91112],[-118.24998,47.91139],[-118.25039,47.91139],[-118.25039,47.91166],[-118.25119,47.91193],[-118.25119,47.9122],[-118.25079,47.9122],[-118.25079,47.91354],[-118.25119,47.91354],[-118.25119,47.91408],[-118.2536,47.91381],[-118.2536,47.91408],[-118.25441,47.91435],[-118.25441,47.91489],[-118.25481,47.91489],[-118.25481,47.9157],[-118.25521,47.9157],[-118.25521,47.91651],[-118.25561,47.91651],[-118.25561,47.91705],[-118.25602,47.91705],[-118.25602,47.91759],[-118.25642,47.91759],[-118.25642,47.91813],[-118.25682,47.91813],[-118.25682,47.91839],[-118.25763,47.91866],[-118.25763,47.9192],[-118.25803,47.9192],[-118.25803,47.91974],[-118.25843,47.91974],[-118.25843,47.92082],[-118.25923,47.92082],[-118.25923,47.92109],[-118.25964,47.92109],[-118.25964,47.92082],[-118.26084,47.92082],[-118.26084,47.92163],[-118.26326,47.9219],[-118.26326,47.92217],[-118.26486,47.92244],[-118.26486,47.92271],[-118.26527,47.92271],[-118.26527,47.92298],[-118.26687,47.92298],[-118.26687,47.92325],[-118.26768,47.92325],[-118.26768,47.92352],[-118.26929,47.92352],[-118.26929,47.92378],[-118.27049,47.92378],[-118.27049,47.92405],[-118.2709,47.92405],[-118.2709,47.92432],[-118.2717,47.92432],[-118.2717,47.92325],[-118.2721,47.92325],[-118.2721,47.92298],[-118.27411,47.92298],[-118.27411,47.92271],[-118.27452,47.92271],[-118.27452,47.92244],[-118.27653,47.92244],[-118.27653,47.92217],[-118.27612,47.92217],[-118.27612,47.9219],[-118.27854,47.9219],[-118.27854,47.92136],[-118.27934,47.92136],[-118.27934,47.92082],[-118.27974,47.92082],[-118.27974,47.92136],[-118.28014,47.92136],[-118.28014,47.92055],[-118.27934,47.92055],[-118.27934,47.92028],[-118.27974,47.92028],[-118.27974,47.92001],[-118.27854,47.92001],[-118.27854,47.91974],[-118.27934,47.91947],[-118.27934,47.9192],[-118.28095,47.9192],[-118.28095,47.91893],[-118.28055,47.91893],[-118.28055,47.91866],[-118.28135,47.91866],[-118.28135,47.91893],[-118.28175,47.91893],[-118.28175,47.91866],[-118.28336,47.91866],[-118.28336,47.91813],[-118.28376,47.91813],[-118.28376,47.91516],[-118.28457,47.91489],[-118.28457,47.91462],[-118.28819,47.91462],[-118.28819,47.91435],[-118.28859,47.91435],[-118.28859,47.91381],[-118.28939,47.91381],[-118.28939,47.91327],[-118.2902,47.913],[-118.2902,47.91274],[-118.291,47.91274],[-118.291,47.91247],[-118.2914,47.91247],[-118.2914,47.913],[-118.2906,47.913],[-118.2906,47.91327],[-118.29221,47.91327],[-118.29221,47.913],[-118.29422,47.913],[-118.29422,47.91327],[-118.29502,47.91327],[-118.29502,47.91193],[-118.29462,47.91193],[-118.29462,47.91139],[-118.29382,47.91139],[-118.29382,47.91112],[-118.29543,47.91112],[-118.29543,47.91058],[-118.29583,47.91058],[-118.29583,47.91004],[-118.29623,47.91004],[-118.29623,47.90977],[-118.29703,47.90977],[-118.29703,47.9095],[-118.30025,47.9095],[-118.30025,47.90896],[-118.30186,47.90896],[-118.30186,47.90869],[-118.30226,47.90869],[-118.30226,47.90842],[-118.30266,47.90842],[-118.30266,47.90815],[-118.30427,47.90788],[-118.30427,47.90761],[-118.30508,47.90761],[-118.30508,47.90735],[-118.30628,47.90735],[-118.30628,47.90708],[-118.30709,47.90708],[-118.30709,47.90681],[-118.30749,47.90681],[-118.30749,47.90627],[-118.30829,47.90627],[-118.30829,47.906],[-118.3091,47.906],[-118.3091,47.90573],[-118.31031,47.90573],[-118.31031,47.90546],[-118.31191,47.90546],[-118.31191,47.90519],[-118.31312,47.90519],[-118.31312,47.90492],[-118.31352,47.90492],[-118.31352,47.90519],[-118.31433,47.90492],[-118.31433,47.90519],[-118.31513,47.90519],[-118.31513,47.90546],[-118.31553,47.90546],[-118.31553,47.90573],[-118.31634,47.90573],[-118.31634,47.906],[-118.31674,47.906],[-118.31674,47.90573],[-118.31754,47.90573],[-118.31754,47.90546],[-118.31955,47.90546],[-118.31955,47.90573],[-118.32036,47.90573],[-118.32036,47.906],[-118.32277,47.906],[-118.32277,47.90546],[-118.32317,47.90546],[-118.32317,47.90384],[-118.32358,47.90384],[-118.32358,47.90249],[-118.32478,47.90249],[-118.32478,47.90276],[-118.32559,47.90276],[-118.32559,47.90303],[-118.32639,47.9033],[-118.32639,47.90384],[-118.32559,47.90384],[-118.32559,47.90411],[-118.32599,47.90411],[-118.32599,47.90627],[-118.32639,47.90627],[-118.32639,47.906],[-118.32719,47.906],[-118.32719,47.90573],[-118.3276,47.90573],[-118.3276,47.90546],[-118.328,47.90546],[-118.328,47.90519],[-118.32961,47.90519],[-118.32961,47.90492],[-118.33001,47.90492],[-118.33001,47.90519],[-118.33122,47.90519],[-118.33122,47.90492],[-118.33242,47.90492],[-118.33242,47.90519],[-118.33282,47.90519],[-118.33282,47.90492],[-118.33323,47.90492],[-118.33323,47.90519],[-118.33363,47.90519],[-118.33363,47.90492],[-118.33443,47.90465],[-118.33443,47.90411],[-118.33484,47.90411],[-118.33484,47.90465],[-118.33564,47.90465],[-118.33564,47.90519],[-118.33604,47.90519],[-118.33604,47.906],[-118.33564,47.906],[-118.33564,47.90627],[-118.33644,47.90627],[-118.33644,47.90654],[-118.33604,47.90654],[-118.33604,47.90681],[-118.33644,47.90681],[-118.33644,47.90735],[-118.33685,47.90735],[-118.33685,47.90788],[-118.33765,47.90788],[-118.33765,47.90815],[-118.33805,47.90815],[-118.33805,47.90842],[-118.33966,47.90869],[-118.33966,47.9095],[-118.34006,47.9095],[-118.34006,47.91004],[-118.34047,47.91004],[-118.34047,47.91058],[-118.34087,47.91058],[-118.34087,47.91112],[-118.34127,47.91112],[-118.34127,47.91166],[-118.34167,47.91166],[-118.34167,47.9122],[-118.34087,47.9122],[-118.34087,47.91166],[-118.34006,47.91139],[-118.34006,47.91166],[-118.33966,47.91166],[-118.33966,47.91247],[-118.33886,47.91247],[-118.33886,47.91274],[-118.33926,47.91274],[-118.33926,47.91327],[-118.33966,47.91327],[-118.33966,47.91408],[-118.33886,47.91408],[-118.33886,47.91462],[-118.33926,47.91462],[-118.33926,47.91516],[-118.33886,47.91516],[-118.33886,47.91597],[-118.33805,47.91624],[-118.33805,47.91651],[-118.33725,47.91651],[-118.33725,47.91678],[-118.33564,47.91678],[-118.33564,47.91732],[-118.33604,47.91732],[-118.33604,47.91813],[-118.33564,47.91813],[-118.33564,47.91839],[-118.33443,47.91839],[-118.33443,47.91813],[-118.33363,47.91813],[-118.33363,47.91839],[-118.33403,47.91839],[-118.33403,47.91866],[-118.33484,47.91866],[-118.33484,47.91893],[-118.33524,47.91893],[-118.33524,47.9192],[-118.33484,47.9192],[-118.33484,47.91947],[-118.33564,47.91947],[-118.33564,47.92028],[-118.33604,47.92028],[-118.33604,47.92055],[-118.33564,47.92055],[-118.33564,47.92136],[-118.33484,47.92136],[-118.33484,47.9219],[-118.33443,47.9219],[-118.33443,47.92244],[-118.33403,47.92244],[-118.33403,47.92298],[-118.33242,47.92325],[-118.33242,47.92459],[-118.33323,47.92486],[-118.33323,47.92621],[-118.33282,47.92621],[-118.33282,47.92675],[-118.33162,47.92675],[-118.33162,47.92783],[-118.33202,47.92783],[-118.33202,47.9281],[-118.33122,47.9281],[-118.33122,47.92864],[-118.33041,47.92864],[-118.33041,47.9289],[-118.33001,47.9289],[-118.33001,47.92971],[-118.32921,47.92971],[-118.32921,47.93079],[-118.32961,47.93079],[-118.32961,47.93133],[-118.3288,47.9316],[-118.3288,47.93214],[-118.3284,47.93214],[-118.3284,47.93295],[-118.32921,47.93322],[-118.32921,47.93376],[-118.33001,47.93376],[-118.33001,47.93429],[-118.33041,47.93429],[-118.33041,47.93537],[-118.33081,47.93537],[-118.33081,47.93618],[-118.33041,47.93618],[-118.33041,47.93753],[-118.33081,47.93753],[-118.33081,47.9378],[-118.33041,47.9378],[-118.33041,47.93807],[-118.33081,47.93807],[-118.33081,47.93834],[-118.33041,47.93834],[-118.33041,47.93888],[-118.33122,47.93915],[-118.33122,47.93968],[-118.33202,47.93968],[-118.33202,47.94022],[-118.33242,47.94022],[-118.33242,47.94076],[-118.33282,47.94076],[-118.33282,47.9413],[-118.33323,47.9413],[-118.33323,47.94157],[-118.33282,47.94157],[-118.33282,47.94184],[-118.33323,47.94184],[-118.33323,47.94211],[-118.33282,47.94211],[-118.33282,47.94238],[-118.33323,47.94238],[-118.33323,47.94265],[-118.33282,47.94265],[-118.33282,47.94346],[-118.33323,47.94346],[-118.33323,47.944],[-118.33363,47.944],[-118.33363,47.94454],[-118.33403,47.94454],[-118.33403,47.94481],[-118.33363,47.94481],[-118.33363,47.94588],[-118.33403,47.94588],[-118.33403,47.94615],[-118.33443,47.94615],[-118.33443,47.94642],[-118.33484,47.94642],[-118.33484,47.94669],[-118.33403,47.94696],[-118.33403,47.9475],[-118.33484,47.94777],[-118.33484,47.94804],[-118.33443,47.94804],[-118.33443,47.94831],[-118.33484,47.94831],[-118.33484,47.94912],[-118.33403,47.94912],[-118.33403,47.94939],[-118.33484,47.94939],[-118.33484,47.94993],[-118.33524,47.94993],[-118.33524,47.95019],[-118.33644,47.95019],[-118.33644,47.94993],[-118.33725,47.94993],[-118.33725,47.94966],[-118.33765,47.94966],[-118.33765,47.94993],[-118.33845,47.94993],[-118.33845,47.95046],[-118.33886,47.95046],[-118.33886,47.95208],[-118.33926,47.95208],[-118.33926,47.95235],[-118.34006,47.95235],[-118.34006,47.95262],[-118.34047,47.95262],[-118.34047,47.95289],[-118.34087,47.95289],[-118.34087,47.9537],[-118.34047,47.9537],[-118.34047,47.95424],[-118.34006,47.95424],[-118.34006,47.95478],[-118.34167,47.95478],[-118.34167,47.95505],[-118.34087,47.95505],[-118.34087,47.95558],[-118.34047,47.95558],[-118.34047,47.95639],[-118.34087,47.95639],[-118.34087,47.95666],[-118.34047,47.95666],[-118.34047,47.95693],[-118.34087,47.95693],[-118.34087,47.95774],[-118.34047,47.95774],[-118.34047,47.95882],[-118.34087,47.95882],[-118.34087,47.95936],[-118.34047,47.95936],[-118.34047,47.96017],[-118.33966,47.96044],[-118.33966,47.96071],[-118.34006,47.96071],[-118.34006,47.96124],[-118.34047,47.96124],[-118.34047,47.96151],[-118.34167,47.96151],[-118.34167,47.96259],[-118.34207,47.96259],[-118.34207,47.96313],[-118.34167,47.96313],[-118.34167,47.96394],[-118.34127,47.96394],[-118.34127,47.96448],[-118.34087,47.96448],[-118.34087,47.96529],[-118.34047,47.96529],[-118.34047,47.96744],[-118.34006,47.96744],[-118.34006,47.96771],[-118.33926,47.96798],[-118.33926,47.96825],[-118.33845,47.96852],[-118.33845,47.96906],[-118.33926,47.96906],[-118.33926,47.9696],[-118.33886,47.9696],[-118.33886,47.96987],[-118.33644,47.96987],[-118.33644,47.97041],[-118.33685,47.97041],[-118.33685,47.97148],[-118.33765,47.97148],[-118.33765,47.97202],[-118.33805,47.97202],[-118.33805,47.97256],[-118.33926,47.97256],[-118.33926,47.97364],[-118.33886,47.97364],[-118.33886,47.97391],[-118.33644,47.97391],[-118.33644,47.97418],[-118.33604,47.97418],[-118.33604,47.97445],[-118.33564,47.97445],[-118.33564,47.97499],[-118.33484,47.97526],[-118.33484,47.97607],[-118.33524,47.97607],[-118.33524,47.97634],[-118.33564,47.97634],[-118.33564,47.97661],[-118.33604,47.97661],[-118.33604,47.97687],[-118.33403,47.97687],[-118.33403,47.97714],[-118.33282,47.97714],[-118.33282,47.97741],[-118.33242,47.97741],[-118.33242,47.97795],[-118.33162,47.97795],[-118.33162,47.97849],[-118.33122,47.97849],[-118.33122,47.97876],[-118.33323,47.97876],[-118.33323,47.97903],[-118.33484,47.97903],[-118.33484,47.9793],[-118.33604,47.9793],[-118.33604,47.97957],[-118.33725,47.97957],[-118.33725,47.9793],[-118.33765,47.9793],[-118.33765,47.97957],[-118.33886,47.97957],[-118.33886,47.98038],[-118.33926,47.98038],[-118.33926,47.98065],[-118.33886,47.98065],[-118.33886,47.98146],[-118.33926,47.98146],[-118.33926,47.98226],[-118.33966,47.98226],[-118.33966,47.98253],[-118.33926,47.98253],[-118.33926,47.9828],[-118.33966,47.9828],[-118.33966,47.98361],[-118.33926,47.98361],[-118.33926,47.98415],[-118.33805,47.98415],[-118.33805,47.98226],[-118.33725,47.98226],[-118.33725,47.98253],[-118.33685,47.98253],[-118.33685,47.98307],[-118.33644,47.98307],[-118.33644,47.98334],[-118.33564,47.98334],[-118.33564,47.98361],[-118.33484,47.98334],[-118.33484,47.98361],[-118.33443,47.98361],[-118.33443,47.98388],[-118.33484,47.98388],[-118.33484,47.98442],[-118.33524,47.98442],[-118.33524,47.98469],[-118.33443,47.98469],[-118.33443,47.98442],[-118.33403,47.98442],[-118.33403,47.98415],[-118.33323,47.98388],[-118.33323,47.98415],[-118.33242,47.98415],[-118.33242,47.98442],[-118.33202,47.98442],[-118.33202,47.98469],[-118.33162,47.98469],[-118.33162,47.98496],[-118.33122,47.98496],[-118.33122,47.9855],[-118.33081,47.9855],[-118.33081,47.98604],[-118.33041,47.98604],[-118.33041,47.98631],[-118.33001,47.98631],[-118.33001,47.98658],[-118.32961,47.98658],[-118.32961,47.98712],[-118.3288,47.98738],[-118.3288,47.98792],[-118.3284,47.98792],[-118.3284,47.98846],[-118.328,47.98846],[-118.328,47.989],[-118.3276,47.989],[-118.3276,47.99062],[-118.3284,47.99089],[-118.3284,47.99116],[-118.3288,47.99116],[-118.3288,47.99143],[-118.3284,47.99143],[-118.3284,47.99197],[-118.3276,47.99197],[-118.3276,47.99224],[-118.32719,47.99224],[-118.32719,47.99251],[-118.32639,47.99277],[-118.32639,47.99304],[-118.32559,47.99304],[-118.32559,47.99358],[-118.32518,47.99358],[-118.32518,47.99385],[-118.32639,47.99385],[-118.32639,47.99439],[-118.32559,47.99466],[-118.32559,47.99493],[-118.32478,47.9952],[-118.32478,47.99547],[-118.32398,47.99547],[-118.32398,47.99493],[-118.32438,47.99493],[-118.32438,47.99439],[-118.32478,47.99439],[-118.32478,47.99358],[-118.32438,47.99358],[-118.32438,47.99385],[-118.32358,47.99385],[-118.32358,47.99412],[-118.32277,47.99412],[-118.32277,47.99439],[-118.32197,47.99439],[-118.32197,47.99466],[-118.32157,47.99466],[-118.32157,47.99493],[-118.32116,47.99493],[-118.32116,47.9952],[-118.31996,47.9952],[-118.31996,47.99493],[-118.31835,47.99493],[-118.31835,47.99466],[-118.31754,47.99466],[-118.31754,47.99439],[-118.31714,47.99439],[-118.31714,47.99412],[-118.31634,47.99412],[-118.31634,47.99385],[-118.31594,47.99385],[-118.31594,47.99358],[-118.31513,47.99358],[-118.31513,47.99304],[-118.31433,47.99277],[-118.31433,47.99251],[-118.31272,47.99224],[-118.31272,47.99251],[-118.31232,47.99251],[-118.31232,47.99304],[-118.31191,47.99304],[-118.31191,47.99358],[-118.31151,47.99358],[-118.31151,47.99439],[-118.31111,47.99439],[-118.31111,47.9952],[-118.31071,47.9952],[-118.31071,47.99628],[-118.31031,47.99628],[-118.31031,47.99655],[-118.3091,47.99655],[-118.3091,47.99628],[-118.3087,47.99628],[-118.3087,47.99547],[-118.30789,47.99547],[-118.30789,47.9952],[-118.30508,47.9952],[-118.30508,47.99493],[-118.30468,47.99493],[-118.30468,47.9952],[-118.30307,47.9952],[-118.30307,47.99547],[-118.30226,47.99574],[-118.30226,47.99628],[-118.30186,47.99628],[-118.30186,47.99601],[-118.30065,47.99601],[-118.30065,47.9952],[-118.30106,47.9952],[-118.30106,47.99493],[-118.30186,47.99466],[-118.30186,47.99412],[-118.30106,47.99412],[-118.30106,47.99385],[-118.30065,47.99385],[-118.30065,47.99358],[-118.30025,47.99358],[-118.30025,47.99277],[-118.30065,47.99277],[-118.30065,47.99197],[-118.30025,47.99197],[-118.30025,47.99143],[-118.30065,47.99143],[-118.30065,47.99116],[-118.30146,47.99116],[-118.30146,47.99089],[-118.30186,47.99089],[-118.30186,47.99062],[-118.30266,47.99062],[-118.30266,47.99008],[-118.30307,47.99008],[-118.30307,47.98981],[-118.30266,47.98981],[-118.30266,47.98927],[-118.30226,47.98927],[-118.30226,47.98846],[-118.30307,47.98846],[-118.30307,47.98792],[-118.30347,47.98792],[-118.30347,47.98712],[-118.30307,47.98712],[-118.30307,47.98604],[-118.30347,47.98604],[-118.30347,47.98577],[-118.30508,47.98577],[-118.30508,47.98469],[-118.30468,47.98469],[-118.30468,47.98442],[-118.30387,47.98415],[-118.30387,47.98307],[-118.30548,47.98307],[-118.30548,47.9828],[-118.30709,47.98253],[-118.30709,47.98226],[-118.30669,47.98226],[-118.30669,47.982],[-118.30749,47.982],[-118.30749,47.98173],[-118.30669,47.98173],[-118.30669,47.98146],[-118.30789,47.98146],[-118.30789,47.98092],[-118.30829,47.98092],[-118.30829,47.97957],[-118.3087,47.97957],[-118.3087,47.97903],[-118.3095,47.97876],[-118.3095,47.97849],[-118.3099,47.97849],[-118.3099,47.97822],[-118.31031,47.97822],[-118.31031,47.97768],[-118.31111,47.97741],[-118.31111,47.97687],[-118.31151,47.97687],[-118.31151,47.97607],[-118.31071,47.9758],[-118.31071,47.97472],[-118.31151,47.97472],[-118.31151,47.97445],[-118.31392,47.97445],[-118.31392,47.97418],[-118.31473,47.97418],[-118.31473,47.97364],[-118.31553,47.97337],[-118.31553,47.97202],[-118.31513,47.97202],[-118.31513,47.97122],[-118.31553,47.97122],[-118.31553,47.97041],[-118.31634,47.97014],[-118.31634,47.96987],[-118.31674,47.96987],[-118.31674,47.9696],[-118.31714,47.9696],[-118.31714,47.96906],[-118.31674,47.96906],[-118.31674,47.96798],[-118.31714,47.96798],[-118.31714,47.96663],[-118.31674,47.96663],[-118.31674,47.96556],[-118.31754,47.96529],[-118.31754,47.96448],[-118.31714,47.96448],[-118.31714,47.96394],[-118.31754,47.96394],[-118.31754,47.96286],[-118.31674,47.96259],[-118.31674,47.96232],[-118.31553,47.96232],[-118.31553,47.96205],[-118.31513,47.96205],[-118.31513,47.96124],[-118.31433,47.96124],[-118.31433,47.96071],[-118.31352,47.96071],[-118.31352,47.96017],[-118.31312,47.96017],[-118.31312,47.9599],[-118.31352,47.9599],[-118.31352,47.95936],[-118.31433,47.95936],[-118.31433,47.95882],[-118.31513,47.95855],[-118.31513,47.95747],[-118.31473,47.95747],[-118.31473,47.95693],[-118.31352,47.95693],[-118.31352,47.95666],[-118.31312,47.95666],[-118.31312,47.95693],[-118.31151,47.95693],[-118.31151,47.9572],[-118.31071,47.9572],[-118.31071,47.95747],[-118.3095,47.95747],[-118.3095,47.95774],[-118.30789,47.95774],[-118.30789,47.95747],[-118.30548,47.95747],[-118.30548,47.95774],[-118.30508,47.95774],[-118.30508,47.95747],[-118.30468,47.95747],[-118.30468,47.95774],[-118.30427,47.95774],[-118.30427,47.95747],[-118.30387,47.95747],[-118.30387,47.95774],[-118.30146,47.95774],[-118.30146,47.95747],[-118.29905,47.95747],[-118.29905,47.9572],[-118.29663,47.9572],[-118.29663,47.95693],[-118.29543,47.95693],[-118.29543,47.9572],[-118.29181,47.9572],[-118.29181,47.95747],[-118.2914,47.95747],[-118.2914,47.9572],[-118.2906,47.9572],[-118.2906,47.95747],[-118.28899,47.95747],[-118.28899,47.95774],[-118.28859,47.95774],[-118.28859,47.95801],[-118.28779,47.95801],[-118.28779,47.95855],[-118.28698,47.95855],[-118.28698,47.95909],[-118.28658,47.95909],[-118.28658,47.95882],[-118.28457,47.95882],[-118.28457,47.95936],[-118.28376,47.95963],[-118.28376,47.96017],[-118.28296,47.96044],[-118.28296,47.96071],[-118.28256,47.96071],[-118.28256,47.96124],[-118.28216,47.96124],[-118.28216,47.96151],[-118.28175,47.96151],[-118.28175,47.96178],[-118.28135,47.96178],[-118.28135,47.96205],[-118.28095,47.96205],[-118.28095,47.96232],[-118.28055,47.96232],[-118.28055,47.96286],[-118.27934,47.96286],[-118.27934,47.96421],[-118.27854,47.96421],[-118.27854,47.96475],[-118.27813,47.96475],[-118.27813,47.96502],[-118.27773,47.96502],[-118.27773,47.96529],[-118.27733,47.96529],[-118.27733,47.96556],[-118.27653,47.96556],[-118.27653,47.9661],[-118.27572,47.9661],[-118.27572,47.96636],[-118.27532,47.96636],[-118.27532,47.96663],[-118.27452,47.96663],[-118.27452,47.96744],[-118.27411,47.96744],[-118.27411,47.96798],[-118.27371,47.96798],[-118.27371,47.96825],[-118.27411,47.96825],[-118.27411,47.96852],[-118.27331,47.96879],[-118.27331,47.96906],[-118.27291,47.96906],[-118.27291,47.96933],[-118.2725,47.96933],[-118.2725,47.9696],[-118.2721,47.9696],[-118.2721,47.96987],[-118.2717,47.96987],[-118.2717,47.97014],[-118.27009,47.97014],[-118.27009,47.97041],[-118.26929,47.97068],[-118.26929,47.97095],[-118.26889,47.97095],[-118.26889,47.97122],[-118.26848,47.97122],[-118.26848,47.97148],[-118.26889,47.97148],[-118.26889,47.97202],[-118.26929,47.97202],[-118.26929,47.97229],[-118.26889,47.97229],[-118.26889,47.97256],[-118.26929,47.97256],[-118.26929,47.97283],[-118.26848,47.9731],[-118.26848,47.97337],[-118.26768,47.97364],[-118.26768,47.97391],[-118.26687,47.97391],[-118.26687,47.97418],[-118.26567,47.97418],[-118.26567,47.97391],[-118.26486,47.97391],[-118.26486,47.97364],[-118.26446,47.97364],[-118.26446,47.97337],[-118.26366,47.9731],[-118.26366,47.97283],[-118.26285,47.97283],[-118.26285,47.97256],[-118.26245,47.97256],[-118.26245,47.97283],[-118.26205,47.97283],[-118.26205,47.9731],[-118.26245,47.9731],[-118.26245,47.97337],[-118.26326,47.97364],[-118.26326,47.97391],[-118.26285,47.97391],[-118.26285,47.97472],[-118.26124,47.97472],[-118.26124,47.97499],[-118.26084,47.97499],[-118.26084,47.97526],[-118.26044,47.97526],[-118.26044,47.97607],[-118.26124,47.97634],[-118.26124,47.97687],[-118.26084,47.97687],[-118.26084,47.97741],[-118.26044,47.97741],[-118.26044,47.97768],[-118.26004,47.97768],[-118.26004,47.97795],[-118.25923,47.97795],[-118.25923,47.97768],[-118.25843,47.97768],[-118.25843,47.97741],[-118.25722,47.97741],[-118.25722,47.97714],[-118.25642,47.97714],[-118.25642,47.97687],[-118.25602,47.97687],[-118.25602,47.97741],[-118.25561,47.97741],[-118.25561,47.97795],[-118.2524,47.97822],[-118.2524,47.97795],[-118.25159,47.97768],[-118.25159,47.97714],[-118.25079,47.97714],[-118.25079,47.97795],[-118.25039,47.97795],[-118.25039,47.97768],[-118.24918,47.97768],[-118.24918,47.97849],[-118.24958,47.97849],[-118.24958,47.97957],[-118.24918,47.97957],[-118.24918,47.97984],[-118.24838,47.97984],[-118.24838,47.98011],[-118.24717,47.98011],[-118.24717,47.97984],[-118.24516,47.97984],[-118.24516,47.98011],[-118.24476,47.98011],[-118.24476,47.98038],[-118.24435,47.98038],[-118.24435,47.98065],[-118.24355,47.98092],[-118.24355,47.98011],[-118.24315,47.98011],[-118.24315,47.97876],[-118.24355,47.97876],[-118.24355,47.97849],[-118.24637,47.97849],[-118.24637,47.97822],[-118.24717,47.97795],[-118.24717,47.97741],[-118.24878,47.97741],[-118.24878,47.97714],[-118.24797,47.97714],[-118.24797,47.97687],[-118.25159,47.97687],[-118.25159,47.97634],[-118.252,47.97634],[-118.252,47.97607],[-118.25119,47.9758],[-118.25119,47.97553],[-118.24958,47.97553],[-118.24958,47.97526],[-118.24556,47.97526],[-118.24556,47.97499],[-118.24315,47.97472],[-118.24315,47.97445],[-118.24234,47.97445],[-118.24234,47.97418],[-118.24194,47.97418],[-118.24194,47.97256],[-118.24234,47.97256],[-118.24234,47.97095],[-118.24154,47.97095],[-118.24154,47.97068],[-118.24114,47.97068],[-118.24114,47.97041],[-118.23993,47.97041],[-118.23993,47.97014],[-118.23953,47.97014],[-118.23953,47.96987],[-118.23913,47.96987],[-118.23913,47.96906],[-118.23872,47.96906],[-118.23872,47.96879],[-118.23913,47.96879],[-118.23913,47.96825],[-118.23953,47.96825],[-118.23953,47.96798],[-118.23993,47.96798],[-118.23993,47.96771],[-118.24074,47.96771],[-118.24074,47.96744],[-118.24033,47.96744],[-118.24033,47.96717],[-118.24114,47.96717],[-118.24114,47.96744],[-118.24234,47.96744],[-118.24234,47.96663],[-118.24114,47.96663],[-118.24114,47.9669],[-118.24033,47.96663],[-118.24033,47.9669],[-118.23993,47.9669],[-118.23993,47.96663],[-118.23913,47.96663],[-118.23913,47.9661],[-118.23832,47.96636],[-118.23832,47.96529],[-118.23752,47.96556],[-118.23752,47.96421],[-118.23671,47.96421],[-118.23671,47.96394],[-118.23752,47.96394],[-118.23752,47.96367],[-118.23712,47.96367],[-118.23712,47.9634],[-118.23752,47.9634],[-118.23752,47.96097],[-118.23671,47.96097],[-118.23671,47.96071],[-118.23712,47.96071],[-118.23712,47.96044],[-118.23671,47.96044],[-118.23671,47.95936],[-118.23591,47.95936],[-118.23591,47.95909],[-118.23631,47.95909],[-118.23631,47.95882],[-118.23591,47.95882],[-118.23591,47.95828],[-118.23551,47.95828],[-118.23551,47.9572],[-118.23511,47.9572],[-118.23511,47.95666],[-118.2343,47.95666],[-118.2343,47.95639],[-118.2339,47.95639],[-118.2339,47.95585],[-118.2343,47.95585],[-118.2343,47.95505],[-118.2335,47.95505],[-118.2335,47.95532],[-118.23309,47.95532],[-118.23309,47.95451],[-118.2335,47.95451],[-118.2335,47.95424],[-118.2343,47.95424],[-118.2343,47.95289],[-118.23309,47.95289],[-118.23309,47.95262],[-118.2335,47.95262],[-118.2335,47.95181],[-118.23309,47.95181],[-118.23309,47.95235],[-118.23269,47.95235],[-118.23269,47.95154],[-118.23309,47.95154],[-118.23309,47.95127],[-118.23269,47.95127],[-118.23269,47.951],[-118.2335,47.951],[-118.2335,47.95046],[-118.2347,47.95046],[-118.2347,47.95073],[-118.23511,47.95073],[-118.23511,47.95019],[-118.2343,47.95019],[-118.2343,47.94966],[-118.2335,47.94966],[-118.2335,47.94939],[-118.23551,47.94939],[-118.23551,47.94831],[-118.23511,47.94831],[-118.23511,47.94858],[-118.23269,47.94858],[-118.23269,47.94831],[-118.23229,47.94831]],[[-118.2335,47.95478],[-118.2343,47.95478],[-118.2343,47.95451],[-118.2335,47.95451],[-118.2335,47.95478]],[[-118.23591,47.94831],[-118.23591,47.94804],[-118.23551,47.94804],[-118.23551,47.94831],[-118.23591,47.94831]],[[-118.30628,47.989],[-118.30669,47.989],[-118.30669,47.98846],[-118.30588,47.98846],[-118.30588,47.989],[-118.30508,47.98927],[-118.30508,47.99008],[-118.30548,47.99008],[-118.30548,47.98981],[-118.30588,47.98981],[-118.30588,47.98954],[-118.30628,47.98954],[-118.30628,47.989]],[[-118.3095,47.98604],[-118.3099,47.98604],[-118.3099,47.98577],[-118.31031,47.98577],[-118.31031,47.9855],[-118.31111,47.98523],[-118.31111,47.98469],[-118.31151,47.98469],[-118.31151,47.98415],[-118.31191,47.98415],[-118.31191,47.98334],[-118.31111,47.98334],[-118.31111,47.98307],[-118.3095,47.98307],[-118.3095,47.98334],[-118.3087,47.98334],[-118.3087,47.98361],[-118.30829,47.98361],[-118.30829,47.98388],[-118.30789,47.98388],[-118.30789,47.98442],[-118.30749,47.98442],[-118.30749,47.98523],[-118.30709,47.98523],[-118.30709,47.9855],[-118.30749,47.9855],[-118.30749,47.98577],[-118.30709,47.98577],[-118.30709,47.98631],[-118.30669,47.98631],[-118.30669,47.98685],[-118.3087,47.98685],[-118.3087,47.98658],[-118.3095,47.98631],[-118.3095,47.98604]],[[-118.26848,47.97175],[-118.26808,47.97175],[-118.26808,47.97202],[-118.26848,47.97202],[-118.26848,47.97175]],[[-118.33644,47.95612],[-118.33604,47.95612],[-118.33604,47.95639],[-118.33644,47.95639],[-118.33644,47.95612]],[[-118.24275,47.95505],[-118.24234,47.95505],[-118.24234,47.95532],[-118.24275,47.95532],[-118.24275,47.95505]],[[-118.23511,47.95505],[-118.2347,47.95505],[-118.2347,47.95532],[-118.23511,47.95532],[-118.23511,47.95505]],[[-118.2339,47.95208],[-118.2343,47.95208],[-118.2343,47.95154],[-118.2339,47.95154],[-118.2339,47.95208]],[[-118.2339,47.95127],[-118.2335,47.95127],[-118.2335,47.95154],[-118.2339,47.95154],[-118.2339,47.95127]],[[-118.24596,47.94993],[-118.24556,47.94993],[-118.24556,47.95019],[-118.24596,47.95019],[-118.24596,47.94993]],[[-118.23591,47.94966],[-118.23551,47.94966],[-118.23551,47.94993],[-118.23591,47.94993],[-118.23591,47.94966]],[[-118.30669,47.94939],[-118.30628,47.94939],[-118.30628,47.94966],[-118.30669,47.94966],[-118.30669,47.94939]],[[-118.3099,47.94696],[-118.3095,47.94696],[-118.3095,47.94723],[-118.3099,47.94723],[-118.3099,47.94696]],[[-118.3087,47.94588],[-118.30829,47.94588],[-118.30829,47.94615],[-118.3087,47.94615],[-118.3087,47.94588]],[[-118.31191,47.94534],[-118.31151,47.94534],[-118.31151,47.94561],[-118.31191,47.94561],[-118.31191,47.94534]],[[-118.2524,47.94507],[-118.252,47.94507],[-118.252,47.94534],[-118.2524,47.94534],[-118.2524,47.94507]],[[-118.25401,47.94373],[-118.2536,47.94373],[-118.2536,47.944],[-118.25401,47.944],[-118.25401,47.94373]],[[-118.28014,47.91947],[-118.27974,47.91947],[-118.27974,47.91974],[-118.28014,47.91974],[-118.28014,47.91947]],[[-118.30789,47.90761],[-118.30749,47.90761],[-118.30749,47.90788],[-118.30789,47.90788],[-118.30789,47.90761]]],[[[-118.31191,47.96097],[-118.31191,47.96124],[-118.31151,47.96124],[-118.31151,47.96044],[-118.31232,47.96044],[-118.31232,47.96097],[-118.31191,47.96097]]],[[[-118.24315,47.98119],[-118.24315,47.98092],[-118.24355,47.98092],[-118.24355,47.98119],[-118.24315,47.98119]]],[[[-118.24315,47.98119],[-118.24315,47.98146],[-118.24275,47.98146],[-118.24275,47.98119],[-118.24315,47.98119]]],[[[-118.24234,47.98253],[-118.24194,47.98253],[-118.24194,47.98226],[-118.24234,47.98226],[-118.24234,47.98253]]],[[[-118.24194,47.9828],[-118.24234,47.9828],[-118.24234,47.98307],[-118.24194,47.98307],[-118.24194,47.9828]]],[[[-118.24355,47.98388],[-118.24435,47.98388],[-118.24435,47.98442],[-118.24476,47.98442],[-118.24476,47.98469],[-118.24395,47.98469],[-118.24395,47.98496],[-118.24476,47.98496],[-118.24476,47.9855],[-118.24556,47.9855],[-118.24556,47.98604],[-118.24637,47.98604],[-118.24637,47.98631],[-118.24677,47.98631],[-118.24677,47.98658],[-118.24958,47.98658],[-118.24958,47.98685],[-118.25119,47.98685],[-118.25119,47.98712],[-118.25521,47.98712],[-118.25521,47.98685],[-118.25602,47.98685],[-118.25602,47.98712],[-118.25964,47.98712],[-118.25964,47.98685],[-118.26044,47.98685],[-118.26044,47.98658],[-118.26084,47.98658],[-118.26084,47.98685],[-118.26165,47.98658],[-118.26165,47.98685],[-118.26326,47.98685],[-118.26326,47.98712],[-118.26486,47.98712],[-118.26486,47.98738],[-118.26527,47.98738],[-118.26527,47.98712],[-118.26607,47.98712],[-118.26607,47.98685],[-118.26647,47.98685],[-118.26647,47.98712],[-118.26728,47.98685],[-118.26728,47.98712],[-118.26848,47.98712],[-118.26848,47.98738],[-118.26889,47.98738],[-118.26889,47.98765],[-118.27049,47.98765],[-118.27049,47.98792],[-118.2709,47.98792],[-118.2709,47.98873],[-118.27009,47.989],[-118.27009,47.98981],[-118.26768,47.98981],[-118.26768,47.99008],[-118.26728,47.99008],[-118.26728,47.99035],[-118.26647,47.99062],[-118.26647,47.99197],[-118.26687,47.99197],[-118.26687,47.99251],[-118.26728,47.99251],[-118.26728,47.99331],[-118.26808,47.99358],[-118.26808,47.99412],[-118.26647,47.99412],[-118.26647,47.99385],[-118.26406,47.99385],[-118.26406,47.99412],[-118.26044,47.99412],[-118.26044,47.99385],[-118.26004,47.99385],[-118.26004,47.99358],[-118.25964,47.99358],[-118.25964,47.99304],[-118.25843,47.99304],[-118.25843,47.99251],[-118.25682,47.99251],[-118.25682,47.99277],[-118.25561,47.99277],[-118.25561,47.99304],[-118.25441,47.99304],[-118.25441,47.99331],[-118.25401,47.99331],[-118.25401,47.99304],[-118.2532,47.99304],[-118.2532,47.99277],[-118.25159,47.99277],[-118.25159,47.99304],[-118.25079,47.99304],[-118.25079,47.99277],[-118.24998,47.99277],[-118.24998,47.99251],[-118.24958,47.99251],[-118.24958,47.99277],[-118.24918,47.99277],[-118.24918,47.99251],[-118.24878,47.99251],[-118.24878,47.99277],[-118.24797,47.99251],[-118.24797,47.99439],[-118.24677,47.99439],[-118.24677,47.99412],[-118.24637,47.99412],[-118.24637,47.99385],[-118.24596,47.99385],[-118.24596,47.99358],[-118.24556,47.99358],[-118.24556,47.99385],[-118.24516,47.99385],[-118.24516,47.99358],[-118.24476,47.99358],[-118.24476,47.99385],[-118.24275,47.99385],[-118.24275,47.99412],[-118.24154,47.99412],[-118.24154,47.99439],[-118.23712,47.99439],[-118.23712,47.99412],[-118.23511,47.99412],[-118.23511,47.99385],[-118.2343,47.99358],[-118.2343,47.99331],[-118.23309,47.99331],[-118.23309,47.99304],[-118.23229,47.99331],[-118.23229,47.99277],[-118.23149,47.99251],[-118.23149,47.99224],[-118.23108,47.99224],[-118.23108,47.99277],[-118.23028,47.99277],[-118.23028,47.99304],[-118.22948,47.99304],[-118.22948,47.99331],[-118.22827,47.99331],[-118.22827,47.99304],[-118.22747,47.99304],[-118.22747,47.9917],[-118.22666,47.9917],[-118.22666,47.99143],[-118.22586,47.99143],[-118.22586,47.99116],[-118.22545,47.99116],[-118.22545,47.99008],[-118.22505,47.99008],[-118.22505,47.98954],[-118.22465,47.98954],[-118.22465,47.98927],[-118.22505,47.98927],[-118.22505,47.989],[-118.22465,47.989],[-118.22465,47.98846],[-118.22425,47.98846],[-118.22425,47.98765],[-118.22385,47.98765],[-118.22385,47.98685],[-118.22425,47.98685],[-118.22425,47.98658],[-118.22545,47.98658],[-118.22545,47.98631],[-118.22706,47.98658],[-118.22706,47.98685],[-118.22747,47.98685],[-118.22747,47.98712],[-118.22787,47.98712],[-118.22787,47.98738],[-118.22867,47.98738],[-118.22867,47.98765],[-118.23028,47.98765],[-118.23028,47.98738],[-118.23189,47.98738],[-118.23189,47.98712],[-118.23269,47.98712],[-118.23269,47.98658],[-118.2335,47.98658],[-118.2335,47.98631],[-118.23309,47.98631],[-118.23309,47.98469],[-118.23269,47.98469],[-118.23269,47.98334],[-118.23551,47.98334],[-118.23551,47.98361],[-118.23591,47.98361],[-118.23591,47.98388],[-118.23631,47.98388],[-118.23631,47.98361],[-118.23752,47.98361],[-118.23752,47.98388],[-118.23832,47.98388],[-118.23832,47.98415],[-118.23872,47.98415],[-118.23872,47.98442],[-118.23913,47.98442],[-118.23913,47.98469],[-118.23993,47.98469],[-118.23993,47.98496],[-118.24033,47.98496],[-118.24033,47.98469],[-118.24074,47.98469],[-118.24074,47.98442],[-118.24114,47.98442],[-118.24114,47.98361],[-118.24074,47.98361],[-118.24074,47.98334],[-118.24154,47.98334],[-118.24154,47.98307],[-118.24194,47.98307],[-118.24194,47.98334],[-118.24315,47.98334],[-118.24315,47.98361],[-118.24355,47.98361],[-118.24355,47.98388]],[[-118.22706,47.99143],[-118.22706,47.99116],[-118.22666,47.99116],[-118.22666,47.99143],[-118.22706,47.99143]],[[-118.23752,47.98631],[-118.23832,47.98604],[-118.23832,47.98523],[-118.23792,47.98523],[-118.23792,47.98469],[-118.23712,47.98469],[-118.23712,47.98442],[-118.23591,47.98442],[-118.23591,47.98469],[-118.23551,47.98469],[-118.23551,47.98496],[-118.23511,47.98496],[-118.23511,47.98577],[-118.2347,47.98577],[-118.2347,47.98604],[-118.2339,47.98631],[-118.2339,47.98685],[-118.2347,47.98685],[-118.2347,47.98712],[-118.23671,47.98712],[-118.23671,47.98685],[-118.23712,47.98685],[-118.23712,47.98658],[-118.23752,47.98658],[-118.23752,47.98631]]],[[[-118.21339,47.90815],[-118.21419,47.90842],[-118.21419,47.90869],[-118.215,47.90896],[-118.215,47.90923],[-118.21259,47.90923],[-118.21259,47.90842],[-118.21339,47.90842],[-118.21339,47.90815]]],[[[-118.215,47.90923],[-118.2154,47.90923],[-118.2154,47.9095],[-118.215,47.9095],[-118.215,47.90923]]],[[[-118.2335,47.92621],[-118.23309,47.92621],[-118.23309,47.92594],[-118.2335,47.92594],[-118.2335,47.92621]]],[[[-118.23269,47.9475],[-118.23269,47.94723],[-118.23309,47.94723],[-118.23309,47.9475],[-118.23269,47.9475]]],[[[-118.23269,47.95451],[-118.23269,47.95424],[-118.23309,47.95424],[-118.23309,47.95451],[-118.23269,47.95451]]],[[[-118.2339,47.95585],[-118.2335,47.95585],[-118.2335,47.95532],[-118.2339,47.95532],[-118.2339,47.95585]]],[[[-118.24154,47.97984],[-118.24033,47.97984],[-118.24033,47.97957],[-118.24154,47.97957],[-118.24154,47.97984]]],[[[-118.24033,47.98092],[-118.23993,47.98092],[-118.23993,47.98038],[-118.23953,47.98038],[-118.23953,47.98011],[-118.23993,47.98011],[-118.23993,47.97984],[-118.24033,47.97984],[-118.24033,47.98011],[-118.24074,47.98011],[-118.24074,47.98038],[-118.24154,47.98038],[-118.24154,47.98092],[-118.24275,47.98092],[-118.24275,47.98119],[-118.24154,47.98119],[-118.24154,47.98146],[-118.24114,47.98146],[-118.24114,47.98173],[-118.24074,47.98173],[-118.24074,47.98119],[-118.24033,47.98119],[-118.24033,47.98092]]],[[[-118.24194,47.98173],[-118.24194,47.98226],[-118.24114,47.982],[-118.24114,47.98173],[-118.24194,47.98173]]],[[[-118.24154,47.9828],[-118.24154,47.98253],[-118.24194,47.98253],[-118.24194,47.9828],[-118.24154,47.9828]]]]},"properties":{"layer":"predicted_reach_h20","fire_name":"Mitre_Rock","irwin_id":"{C11A3685-C035-4241-A17C-8076EE99619D}","model":"arrival_run","checkpoint_epoch":216,"decode":"connected_causal","operating_point":{"floor":0.0,"mult":0.9},"val_precision":null,"val_recall":null,"model_caveat":"arrival_run chosen for best RECALL among the six FlameFlux v3 candidates on the production-valid t0-window corpus (R=0.624 on the fc2 held-out fires, R=0.432 on Dillon -- see candidate_comparison.md from the 2026-07-24 comparison). It does NOT meet the project's P>=0.50/R>=0.80 target: precision is the WORST of the six (P=0.120 on fc2 -- most flagged growth is wrong), and wind_run actually edges it on F1. IMPORTANT CAVEAT: arrival_run trained on the leaky 'observed' corpus (crop centered/sized on t0|t1, i.e. it saw the future perimeter's geometry during training) and has NEVER seen a t0-window crop -- the ONLY geometry this live pipeline can ever produce at forecast time (the future perimeter is, by definition, unknown). So every live prediction from this model is out-of-distribution relative to its own training. The measured t0-window numbers above already reflect that (they are not a surprise), but this is 'best available', not 'production-ready' -- represent it that way. The operating_point (floor=0.0, mult=0.9) is the VAL-selected connected-causal decode point; it did NOT clear the 0.50 precision floor during selection (feasible=False, val P=0.270/R=0.259) -- it's the best-F1 fallback point, not a precision-guaranteed one.","issued_at_utc":"2026-08-05 10:59:55.016141+00:00","valid_from_utc":"2026-08-05 00:00:00","valid_to_utc":"2026-08-06 00:00:00","wfigs_date_current_utc":"2026-08-05 10:16:25+00:00","pixel_size_m":30,"veg_source":"refreshed_d4","physics_source":"eikonal_fbfm40","history_n_dates":4,"degraded_history":false,"containment_pct":0.0,"acres_wfigs":4439.297279101989,"hour":20,"valid_at_utc":"2026-08-05 20:00:00"}},{"type":"Feature","geometry":{"type":"MultiPolygon","coordinates":[[[[-118.33282,47.90492],[-118.33242,47.90492],[-118.33242,47.90465],[-118.33282,47.90465],[-118.33282,47.90492]]],[[[-118.33122,47.90492],[-118.33001,47.90492],[-118.33001,47.90465],[-118.33122,47.90465],[-118.33122,47.90492]]],[[[-118.29221,47.913],[-118.29181,47.913],[-118.29181,47.91274],[-118.29221,47.91274],[-118.29221,47.913]]],[[[-118.29502,47.91193],[-118.29462,47.91193],[-118.29462,47.91139],[-118.29382,47.91139],[-118.29382,47.91112],[-118.29543,47.91112],[-118.29543,47.91058],[-118.29583,47.91058],[-118.29583,47.91004],[-118.29623,47.91004],[-118.29623,47.90977],[-118.29703,47.90977],[-118.29703,47.9095],[-118.30025,47.9095],[-118.30025,47.90896],[-118.30186,47.90896],[-118.30186,47.90869],[-118.30226,47.90869],[-118.30226,47.90842],[-118.30266,47.90842],[-118.30266,47.90815],[-118.30427,47.90788],[-118.30427,47.90761],[-118.30508,47.90761],[-118.30508,47.90735],[-118.30628,47.90735],[-118.30628,47.90708],[-118.30709,47.90708],[-118.30709,47.90681],[-118.30749,47.90681],[-118.30749,47.906],[-118.30829,47.906],[-118.30829,47.90573],[-118.31031,47.90573],[-118.31031,47.90546],[-118.31191,47.90546],[-118.31191,47.90519],[-118.31312,47.90519],[-118.31312,47.90492],[-118.31352,47.90492],[-118.31352,47.90519],[-118.31392,47.90519],[-118.31392,47.90492],[-118.31473,47.90519],[-118.31473,47.90492],[-118.31513,47.90492],[-118.31513,47.90519],[-118.31634,47.90519],[-118.31634,47.90546],[-118.31674,47.90546],[-118.31674,47.90519],[-118.31714,47.90519],[-118.31714,47.90492],[-118.31835,47.90492],[-118.31835,47.90465],[-118.31875,47.90465],[-118.31875,47.90492],[-118.31996,47.90492],[-118.31996,47.90519],[-118.32036,47.90519],[-118.32036,47.90546],[-118.32116,47.90546],[-118.32116,47.90573],[-118.32237,47.90573],[-118.32237,47.90546],[-118.32317,47.90519],[-118.32317,47.90384],[-118.32358,47.90384],[-118.32358,47.90249],[-118.32478,47.90249],[-118.32478,47.90276],[-118.32559,47.90276],[-118.32559,47.90303],[-118.32639,47.9033],[-118.32639,47.90384],[-118.32559,47.90384],[-118.32559,47.90411],[-118.32599,47.90411],[-118.32599,47.90627],[-118.3276,47.90573],[-118.3276,47.90519],[-118.32961,47.90519],[-118.32961,47.90492],[-118.33001,47.90492],[-118.33001,47.90519],[-118.33122,47.90519],[-118.33122,47.90492],[-118.33242,47.90492],[-118.33242,47.90519],[-118.33282,47.90519],[-118.33282,47.90492],[-118.33323,47.90492],[-118.33323,47.90519],[-118.33363,47.90519],[-118.33363,47.90492],[-118.33443,47.90465],[-118.33443,47.90411],[-118.33484,47.90411],[-118.33484,47.90465],[-118.33564,47.90465],[-118.33564,47.90519],[-118.33604,47.90519],[-118.33604,47.906],[-118.33564,47.906],[-118.33564,47.90627],[-118.33644,47.90627],[-118.33644,47.90654],[-118.33604,47.90654],[-118.33604,47.90681],[-118.33644,47.90681],[-118.33644,47.90735],[-118.33685,47.90735],[-118.33685,47.90788],[-118.33765,47.90788],[-118.33765,47.90815],[-118.33805,47.90815],[-118.33805,47.90842],[-118.33966,47.90869],[-118.33966,47.9095],[-118.34006,47.9095],[-118.34006,47.91004],[-118.34047,47.91004],[-118.34047,47.91058],[-118.34087,47.91058],[-118.34087,47.91112],[-118.34127,47.91112],[-118.34127,47.91166],[-118.34167,47.91166],[-118.34167,47.9122],[-118.34087,47.9122],[-118.34087,47.91166],[-118.34006,47.91139],[-118.34006,47.91166],[-118.33966,47.91166],[-118.33966,47.91247],[-118.33886,47.91247],[-118.33886,47.91274],[-118.33926,47.91274],[-118.33926,47.91327],[-118.33966,47.91327],[-118.33966,47.91408],[-118.33886,47.91408],[-118.33886,47.91462],[-118.33926,47.91462],[-118.33926,47.91516],[-118.33886,47.91516],[-118.33886,47.91597],[-118.33805,47.91624],[-118.33805,47.91651],[-118.33725,47.91651],[-118.33725,47.91678],[-118.33564,47.91678],[-118.33564,47.91732],[-118.33604,47.91732],[-118.33604,47.91813],[-118.33564,47.91813],[-118.33564,47.91839],[-118.33443,47.91839],[-118.33443,47.91813],[-118.33363,47.91813],[-118.33363,47.91839],[-118.33403,47.91839],[-118.33403,47.91866],[-118.33484,47.91866],[-118.33484,47.91893],[-118.33524,47.91893],[-118.33524,47.9192],[-118.33484,47.9192],[-118.33484,47.91947],[-118.33564,47.91947],[-118.33564,47.92028],[-118.33604,47.92028],[-118.33604,47.92055],[-118.33564,47.92055],[-118.33564,47.92136],[-118.33484,47.92136],[-118.33484,47.9219],[-118.33443,47.9219],[-118.33443,47.92244],[-118.33403,47.92244],[-118.33403,47.92298],[-118.33242,47.92325],[-118.33242,47.92459],[-118.33323,47.92486],[-118.33323,47.92621],[-118.33282,47.92621],[-118.33282,47.92675],[-118.33162,47.92675],[-118.33162,47.92783],[-118.33202,47.92783],[-118.33202,47.9281],[-118.33122,47.9281],[-118.33122,47.92864],[-118.33041,47.92864],[-118.33041,47.9289],[-118.33001,47.9289],[-118.33001,47.92971],[-118.32921,47.92971],[-118.32921,47.93079],[-118.32961,47.93079],[-118.32961,47.93133],[-118.3288,47.9316],[-118.3288,47.93214],[-118.3284,47.93214],[-118.3284,47.93295],[-118.32921,47.93322],[-118.32921,47.93376],[-118.33001,47.93376],[-118.33001,47.93429],[-118.33041,47.93429],[-118.33041,47.93537],[-118.33081,47.93537],[-118.33081,47.93618],[-118.33041,47.93618],[-118.33041,47.93753],[-118.33081,47.93753],[-118.33081,47.9378],[-118.33041,47.9378],[-118.33041,47.93807],[-118.33081,47.93807],[-118.33081,47.93834],[-118.33041,47.93834],[-118.33041,47.93888],[-118.33122,47.93915],[-118.33122,47.93968],[-118.33202,47.93968],[-118.33202,47.94022],[-118.33242,47.94022],[-118.33242,47.94076],[-118.33282,47.94076],[-118.33282,47.9413],[-118.33323,47.9413],[-118.33323,47.94157],[-118.33282,47.94157],[-118.33282,47.94184],[-118.33323,47.94184],[-118.33323,47.94211],[-118.33282,47.94211],[-118.33282,47.94238],[-118.33323,47.94238],[-118.33323,47.94265],[-118.33282,47.94265],[-118.33282,47.94346],[-118.33323,47.94346],[-118.33323,47.944],[-118.33363,47.944],[-118.33363,47.94454],[-118.33403,47.94454],[-118.33403,47.94481],[-118.33363,47.94481],[-118.33363,47.94588],[-118.33403,47.94588],[-118.33403,47.94615],[-118.33443,47.94615],[-118.33443,47.94642],[-118.33484,47.94642],[-118.33484,47.94669],[-118.33403,47.94696],[-118.33403,47.9475],[-118.33484,47.94777],[-118.33484,47.94804],[-118.33443,47.94804],[-118.33443,47.94831],[-118.33484,47.94831],[-118.33484,47.94912],[-118.33403,47.94912],[-118.33403,47.94939],[-118.33484,47.94939],[-118.33484,47.94993],[-118.33524,47.94993],[-118.33524,47.95019],[-118.33644,47.95019],[-118.33644,47.94993],[-118.33725,47.94993],[-118.33725,47.94966],[-118.33765,47.94966],[-118.33765,47.94993],[-118.33845,47.94993],[-118.33845,47.95046],[-118.33886,47.95046],[-118.33886,47.95208],[-118.33926,47.95208],[-118.33926,47.95235],[-118.34006,47.95235],[-118.34006,47.95262],[-118.34047,47.95262],[-118.34047,47.95289],[-118.34087,47.95289],[-118.34087,47.9537],[-118.34047,47.9537],[-118.34047,47.95424],[-118.34006,47.95424],[-118.34006,47.95478],[-118.34167,47.95478],[-118.34167,47.95505],[-118.34087,47.95505],[-118.34087,47.95558],[-118.34047,47.95558],[-118.34047,47.95639],[-118.34087,47.95639],[-118.34087,47.95666],[-118.34047,47.95666],[-118.34047,47.95693],[-118.34087,47.95693],[-118.34087,47.95774],[-118.34047,47.95774],[-118.34047,47.95882],[-118.34087,47.95882],[-118.34087,47.95936],[-118.34047,47.95936],[-118.34047,47.96017],[-118.33966,47.96044],[-118.33966,47.96071],[-118.34006,47.96071],[-118.34006,47.96124],[-118.34047,47.96124],[-118.34047,47.96151],[-118.34167,47.96151],[-118.34167,47.96259],[-118.34207,47.96259],[-118.34207,47.96313],[-118.34167,47.96313],[-118.34167,47.96394],[-118.34127,47.96394],[-118.34127,47.96448],[-118.34087,47.96448],[-118.34087,47.96529],[-118.34047,47.96529],[-118.34047,47.96744],[-118.34006,47.96744],[-118.34006,47.96771],[-118.33926,47.96798],[-118.33926,47.96825],[-118.33845,47.96852],[-118.33845,47.96906],[-118.33926,47.96906],[-118.33926,47.9696],[-118.33886,47.9696],[-118.33886,47.96987],[-118.33644,47.96987],[-118.33644,47.97041],[-118.33685,47.97041],[-118.33685,47.97148],[-118.33765,47.97148],[-118.33765,47.97202],[-118.33805,47.97202],[-118.33805,47.97256],[-118.33926,47.97256],[-118.33926,47.97364],[-118.33886,47.97364],[-118.33886,47.97391],[-118.33805,47.97391],[-118.33805,47.97418],[-118.33725,47.97418],[-118.33725,47.97445],[-118.33685,47.97445],[-118.33685,47.97472],[-118.33644,47.97472],[-118.33644,47.97499],[-118.33604,47.97499],[-118.33604,47.97526],[-118.33524,47.97553],[-118.33524,47.97634],[-118.33604,47.97661],[-118.33604,47.97687],[-118.33403,47.97687],[-118.33403,47.97714],[-118.33282,47.97714],[-118.33282,47.97741],[-118.33242,47.97741],[-118.33242,47.97795],[-118.33162,47.97795],[-118.33162,47.97849],[-118.33122,47.97849],[-118.33122,47.97876],[-118.33323,47.97876],[-118.33323,47.97903],[-118.33484,47.97903],[-118.33484,47.9793],[-118.33604,47.9793],[-118.33604,47.97957],[-118.33725,47.97957],[-118.33725,47.9793],[-118.33765,47.9793],[-118.33765,47.97957],[-118.33886,47.97957],[-118.33886,47.98011],[-118.33926,47.98011],[-118.33926,47.98065],[-118.33966,47.98065],[-118.33966,47.98092],[-118.33926,47.98092],[-118.33926,47.98226],[-118.33966,47.98226],[-118.33966,47.98253],[-118.33926,47.98253],[-118.33926,47.9828],[-118.33966,47.9828],[-118.33966,47.98361],[-118.33926,47.98361],[-118.33926,47.98415],[-118.33805,47.98415],[-118.33805,47.98226],[-118.33725,47.98226],[-118.33725,47.98253],[-118.33685,47.98253],[-118.33685,47.98307],[-118.33644,47.98307],[-118.33644,47.98334],[-118.33564,47.98334],[-118.33564,47.98361],[-118.33484,47.98334],[-118.33484,47.98361],[-118.33443,47.98361],[-118.33443,47.98388],[-118.33484,47.98388],[-118.33484,47.98442],[-118.33524,47.98442],[-118.33524,47.98469],[-118.33443,47.98469],[-118.33443,47.98442],[-118.33403,47.98442],[-118.33403,47.98415],[-118.33323,47.98388],[-118.33323,47.98415],[-118.33242,47.98415],[-118.33242,47.98442],[-118.33202,47.98442],[-118.33202,47.98469],[-118.33162,47.98469],[-118.33162,47.98496],[-118.33122,47.98496],[-118.33122,47.9855],[-118.33081,47.9855],[-118.33081,47.98604],[-118.33041,47.98604],[-118.33041,47.98631],[-118.33001,47.98631],[-118.33001,47.98658],[-118.32961,47.98658],[-118.32961,47.98712],[-118.3288,47.98738],[-118.3288,47.98792],[-118.3284,47.98792],[-118.3284,47.98846],[-118.328,47.98846],[-118.328,47.989],[-118.3276,47.989],[-118.3276,47.99062],[-118.328,47.99062],[-118.328,47.99089],[-118.3288,47.99116],[-118.3288,47.99197],[-118.3284,47.99197],[-118.3284,47.99224],[-118.3276,47.99224],[-118.3276,47.99251],[-118.32719,47.99251],[-118.32719,47.99277],[-118.32679,47.99277],[-118.32679,47.99304],[-118.32599,47.99331],[-118.32599,47.99358],[-118.32639,47.99358],[-118.32639,47.99439],[-118.32559,47.99466],[-118.32559,47.99493],[-118.32478,47.9952],[-118.32478,47.99547],[-118.32398,47.99547],[-118.32398,47.99493],[-118.32438,47.99493],[-118.32438,47.99412],[-118.32358,47.99412],[-118.32358,47.99439],[-118.32237,47.99439],[-118.32237,47.99466],[-118.32157,47.99466],[-118.32157,47.99493],[-118.32116,47.99493],[-118.32116,47.9952],[-118.31996,47.9952],[-118.31996,47.99493],[-118.31835,47.99493],[-118.31835,47.99466],[-118.31754,47.99466],[-118.31754,47.99439],[-118.31714,47.99439],[-118.31714,47.99412],[-118.31634,47.99412],[-118.31634,47.99385],[-118.31594,47.99385],[-118.31594,47.99358],[-118.31513,47.99358],[-118.31513,47.99304],[-118.31433,47.99277],[-118.31433,47.99251],[-118.31312,47.99251],[-118.31312,47.99277],[-118.31272,47.99277],[-118.31272,47.99304],[-118.31232,47.99304],[-118.31232,47.99331],[-118.31191,47.99331],[-118.31191,47.99385],[-118.31151,47.99385],[-118.31151,47.99466],[-118.31111,47.99466],[-118.31111,47.99547],[-118.31071,47.99547],[-118.31071,47.99655],[-118.31031,47.99655],[-118.31031,47.99682],[-118.3091,47.99682],[-118.3091,47.99655],[-118.30829,47.99655],[-118.30829,47.99628],[-118.30789,47.99628],[-118.30789,47.99601],[-118.30709,47.99601],[-118.30709,47.99574],[-118.30588,47.99574],[-118.30588,47.99601],[-118.30508,47.99601],[-118.30508,47.99547],[-118.30347,47.99547],[-118.30347,47.99574],[-118.30307,47.99574],[-118.30307,47.99601],[-118.30226,47.99601],[-118.30226,47.99628],[-118.30186,47.99628],[-118.30186,47.99601],[-118.30065,47.99601],[-118.30065,47.9952],[-118.30106,47.9952],[-118.30106,47.99493],[-118.30065,47.99493],[-118.30065,47.99439],[-118.29945,47.99439],[-118.29945,47.99385],[-118.29985,47.99385],[-118.29985,47.99251],[-118.29945,47.99251],[-118.29945,47.99277],[-118.29744,47.99277],[-118.29744,47.99224],[-118.29784,47.99224],[-118.29784,47.99197],[-118.29864,47.99197],[-118.29864,47.9917],[-118.29905,47.9917],[-118.29905,47.99143],[-118.29985,47.99116],[-118.29985,47.99089],[-118.30106,47.99089],[-118.30106,47.99035],[-118.30266,47.99008],[-118.30266,47.98954],[-118.30226,47.98954],[-118.30226,47.98846],[-118.30307,47.98819],[-118.30307,47.98604],[-118.30347,47.98604],[-118.30347,47.98577],[-118.30508,47.98577],[-118.30508,47.98469],[-118.30468,47.98469],[-118.30468,47.98442],[-118.30387,47.98415],[-118.30387,47.98307],[-118.30548,47.9828],[-118.30548,47.98226],[-118.30588,47.98226],[-118.30588,47.98173],[-118.30628,47.98173],[-118.30628,47.98146],[-118.30669,47.98146],[-118.30669,47.98119],[-118.30749,47.98119],[-118.30749,47.98065],[-118.30789,47.98065],[-118.30789,47.98011],[-118.30829,47.98011],[-118.30829,47.97957],[-118.3087,47.97957],[-118.3087,47.97903],[-118.3091,47.97903],[-118.3091,47.97849],[-118.3095,47.97849],[-118.3095,47.97795],[-118.3099,47.97795],[-118.3099,47.97714],[-118.31031,47.97714],[-118.31031,47.97526],[-118.31071,47.97526],[-118.31071,47.97472],[-118.31151,47.97472],[-118.31151,47.97445],[-118.31232,47.97445],[-118.31232,47.97418],[-118.31392,47.97418],[-118.31392,47.97364],[-118.31473,47.97337],[-118.31473,47.97202],[-118.31513,47.97202],[-118.31513,47.97014],[-118.31553,47.97014],[-118.31553,47.96987],[-118.31634,47.96987],[-118.31634,47.96771],[-118.31674,47.96771],[-118.31674,47.96744],[-118.31634,47.96744],[-118.31634,47.96636],[-118.31594,47.96636],[-118.31594,47.96583],[-118.31634,47.96583],[-118.31634,47.96475],[-118.31714,47.96448],[-118.31714,47.96394],[-118.31754,47.96394],[-118.31754,47.96286],[-118.31674,47.96259],[-118.31674,47.96232],[-118.31553,47.96232],[-118.31553,47.96205],[-118.31473,47.96178],[-118.31473,47.96124],[-118.31392,47.96124],[-118.31392,47.96097],[-118.31191,47.96097],[-118.31191,47.96124],[-118.31151,47.96124],[-118.31151,47.96044],[-118.31232,47.96017],[-118.31232,47.9599],[-118.31272,47.9599],[-118.31272,47.95936],[-118.31312,47.95936],[-118.31312,47.95909],[-118.31352,47.95909],[-118.31352,47.95882],[-118.31433,47.95882],[-118.31433,47.95828],[-118.31473,47.95828],[-118.31473,47.95747],[-118.31433,47.95747],[-118.31433,47.9572],[-118.31191,47.9572],[-118.31191,47.95747],[-118.31071,47.95747],[-118.31071,47.95774],[-118.30789,47.95774],[-118.30789,47.95747],[-118.30548,47.95747],[-118.30548,47.95774],[-118.30508,47.95774],[-118.30508,47.95747],[-118.30468,47.95747],[-118.30468,47.95774],[-118.30427,47.95774],[-118.30427,47.95747],[-118.30387,47.95747],[-118.30387,47.95774],[-118.30146,47.95774],[-118.30146,47.95747],[-118.29905,47.95747],[-118.29905,47.9572],[-118.29663,47.9572],[-118.29663,47.95693],[-118.29543,47.95693],[-118.29543,47.9572],[-118.29181,47.9572],[-118.29181,47.95747],[-118.2914,47.95747],[-118.2914,47.9572],[-118.2906,47.9572],[-118.2906,47.95747],[-118.28899,47.95747],[-118.28899,47.95774],[-118.28859,47.95774],[-118.28859,47.95801],[-118.28779,47.95801],[-118.28779,47.95855],[-118.28698,47.95855],[-118.28698,47.95909],[-118.28658,47.95909],[-118.28658,47.95882],[-118.28457,47.95882],[-118.28457,47.95936],[-118.28376,47.95963],[-118.28376,47.96017],[-118.28296,47.96044],[-118.28296,47.96071],[-118.28256,47.96071],[-118.28256,47.96124],[-118.28216,47.96124],[-118.28216,47.96151],[-118.28175,47.96151],[-118.28175,47.96178],[-118.28135,47.96178],[-118.28135,47.96205],[-118.28095,47.96205],[-118.28095,47.96232],[-118.28055,47.96232],[-118.28055,47.96286],[-118.27934,47.96286],[-118.27934,47.96421],[-118.27854,47.96421],[-118.27854,47.96475],[-118.27813,47.96475],[-118.27813,47.96502],[-118.27773,47.96502],[-118.27773,47.96529],[-118.27733,47.96529],[-118.27733,47.96556],[-118.27653,47.96556],[-118.27653,47.9661],[-118.27572,47.9661],[-118.27572,47.96636],[-118.27532,47.96636],[-118.27532,47.96663],[-118.27452,47.96663],[-118.27452,47.96744],[-118.27411,47.96744],[-118.27411,47.96798],[-118.27371,47.96798],[-118.27371,47.96825],[-118.27411,47.96825],[-118.27411,47.96852],[-118.27331,47.96879],[-118.27331,47.96906],[-118.27291,47.96906],[-118.27291,47.96933],[-118.2725,47.96933],[-118.2725,47.9696],[-118.2721,47.9696],[-118.2721,47.96987],[-118.2717,47.96987],[-118.2717,47.97014],[-118.27009,47.97014],[-118.27009,47.97041],[-118.26929,47.97068],[-118.26929,47.97095],[-118.26889,47.97095],[-118.26889,47.97122],[-118.26848,47.97122],[-118.26848,47.97148],[-118.26889,47.97148],[-118.26889,47.97202],[-118.26929,47.97202],[-118.26929,47.97229],[-118.26889,47.97229],[-118.26889,47.97256],[-118.26929,47.97256],[-118.26929,47.97283],[-118.26848,47.9731],[-118.26848,47.97337],[-118.26768,47.97364],[-118.26768,47.97391],[-118.26687,47.97391],[-118.26687,47.97418],[-118.26567,47.97418],[-118.26567,47.97391],[-118.26486,47.97391],[-118.26486,47.97364],[-118.26446,47.97364],[-118.26446,47.97337],[-118.26366,47.9731],[-118.26366,47.97283],[-118.26285,47.97283],[-118.26285,47.97256],[-118.26205,47.97283],[-118.26205,47.9731],[-118.26245,47.9731],[-118.26245,47.97337],[-118.26326,47.97364],[-118.26326,47.97391],[-118.26285,47.97391],[-118.26285,47.97472],[-118.26124,47.97472],[-118.26124,47.97499],[-118.26084,47.97499],[-118.26084,47.97526],[-118.26044,47.97526],[-118.26044,47.97607],[-118.26124,47.97634],[-118.26124,47.97849],[-118.26165,47.97849],[-118.26165,47.97876],[-118.26124,47.97876],[-118.26124,47.97903],[-118.25883,47.97903],[-118.25883,47.9793],[-118.25521,47.9793],[-118.25521,47.97903],[-118.25481,47.97903],[-118.25481,47.97849],[-118.2524,47.97876],[-118.2524,47.97849],[-118.25159,47.97822],[-118.25159,47.97714],[-118.25079,47.97714],[-118.25079,47.97795],[-118.25039,47.97795],[-118.25039,47.97768],[-118.24918,47.97768],[-118.24918,47.97849],[-118.24958,47.97849],[-118.24958,47.97957],[-118.24918,47.97957],[-118.24918,47.97984],[-118.24838,47.97984],[-118.24838,47.98011],[-118.24717,47.98011],[-118.24717,47.97984],[-118.24516,47.97984],[-118.24516,47.98011],[-118.24476,47.98011],[-118.24476,47.98038],[-118.24435,47.98038],[-118.24435,47.98065],[-118.24355,47.98092],[-118.24355,47.98011],[-118.24315,47.98011],[-118.24315,47.9793],[-118.24275,47.9793],[-118.24275,47.97903],[-118.24355,47.97876],[-118.24355,47.97849],[-118.24637,47.97849],[-118.24637,47.97822],[-118.24717,47.97795],[-118.24717,47.97741],[-118.24878,47.97741],[-118.24878,47.97714],[-118.24797,47.97714],[-118.24797,47.97687],[-118.25159,47.97687],[-118.25159,47.97634],[-118.252,47.97634],[-118.252,47.97607],[-118.25119,47.9758],[-118.25119,47.97553],[-118.24958,47.97553],[-118.24958,47.97526],[-118.24556,47.97526],[-118.24556,47.97499],[-118.24315,47.97472],[-118.24315,47.97445],[-118.24234,47.97445],[-118.24234,47.97418],[-118.24194,47.97418],[-118.24194,47.97256],[-118.24234,47.97256],[-118.24234,47.97095],[-118.24154,47.97095],[-118.24154,47.97068],[-118.24114,47.97068],[-118.24114,47.97041],[-118.23993,47.97041],[-118.23993,47.97014],[-118.23953,47.97014],[-118.23953,47.96987],[-118.23913,47.96987],[-118.23913,47.96906],[-118.23872,47.96906],[-118.23872,47.96879],[-118.23913,47.96879],[-118.23913,47.96825],[-118.23953,47.96825],[-118.23953,47.96798],[-118.23993,47.96798],[-118.23993,47.96771],[-118.24074,47.96771],[-118.24074,47.96744],[-118.24033,47.96744],[-118.24033,47.96717],[-118.24114,47.96717],[-118.24114,47.96744],[-118.24234,47.96744],[-118.24234,47.96663],[-118.24114,47.96663],[-118.24114,47.9669],[-118.24033,47.96663],[-118.24033,47.9669],[-118.23993,47.9669],[-118.23993,47.96663],[-118.23913,47.96663],[-118.23913,47.9661],[-118.23832,47.96636],[-118.23832,47.96529],[-118.23752,47.96556],[-118.23752,47.96421],[-118.23671,47.96421],[-118.23671,47.96394],[-118.23752,47.96394],[-118.23752,47.96367],[-118.23712,47.96367],[-118.23712,47.9634],[-118.23752,47.9634],[-118.23752,47.96097],[-118.23671,47.96097],[-118.23671,47.96071],[-118.23712,47.96071],[-118.23712,47.96044],[-118.23671,47.96044],[-118.23671,47.95936],[-118.23591,47.95936],[-118.23591,47.95909],[-118.23631,47.95909],[-118.23631,47.95882],[-118.23591,47.95882],[-118.23591,47.95828],[-118.23551,47.95828],[-118.23551,47.9572],[-118.23511,47.9572],[-118.23511,47.95666],[-118.2343,47.95666],[-118.2343,47.95639],[-118.2339,47.95639],[-118.2339,47.95585],[-118.2343,47.95585],[-118.2343,47.95505],[-118.2335,47.95505],[-118.2335,47.95532],[-118.23309,47.95532],[-118.23309,47.95451],[-118.2335,47.95451],[-118.2335,47.95424],[-118.2343,47.95424],[-118.2343,47.95289],[-118.23309,47.95289],[-118.23309,47.95262],[-118.2335,47.95262],[-118.2335,47.95181],[-118.23309,47.95181],[-118.23309,47.95235],[-118.23269,47.95235],[-118.23269,47.95154],[-118.23309,47.95154],[-118.23309,47.95127],[-118.23269,47.95127],[-118.23269,47.951],[-118.2335,47.951],[-118.2335,47.95046],[-118.2347,47.95046],[-118.2347,47.95073],[-118.23511,47.95073],[-118.23511,47.95019],[-118.2343,47.95019],[-118.2343,47.94966],[-118.2335,47.94966],[-118.2335,47.94939],[-118.23551,47.94939],[-118.23551,47.94831],[-118.23511,47.94831],[-118.23511,47.94858],[-118.23269,47.94858],[-118.23269,47.94831],[-118.23229,47.94831],[-118.23229,47.94804],[-118.2335,47.94804],[-118.2335,47.94777],[-118.23309,47.94777],[-118.23309,47.9475],[-118.2335,47.9475],[-118.2335,47.94723],[-118.23511,47.94723],[-118.23511,47.94696],[-118.23712,47.94696],[-118.23712,47.94615],[-118.23752,47.94615],[-118.23752,47.94049],[-118.23792,47.94049],[-118.23792,47.93915],[-118.23712,47.93888],[-118.23712,47.93861],[-118.23752,47.93861],[-118.23752,47.93645],[-118.23712,47.93645],[-118.23712,47.93564],[-118.23792,47.93537],[-118.23792,47.93483],[-118.23832,47.93483],[-118.23832,47.93429],[-118.23792,47.93429],[-118.23792,47.93133],[-118.23832,47.93133],[-118.23832,47.93025],[-118.23872,47.93025],[-118.23872,47.92944],[-118.23913,47.92944],[-118.23913,47.92837],[-118.23671,47.92756],[-118.23671,47.92702],[-118.23631,47.92702],[-118.23631,47.92594],[-118.23591,47.92594],[-118.23591,47.92567],[-118.2347,47.92567],[-118.2347,47.92621],[-118.2343,47.92621],[-118.2343,47.92648],[-118.2347,47.92648],[-118.2347,47.92675],[-118.2343,47.92675],[-118.2343,47.92702],[-118.23309,47.92702],[-118.23309,47.92675],[-118.23269,47.92675],[-118.23269,47.92648],[-118.23229,47.92648],[-118.23229,47.92621],[-118.23149,47.92621],[-118.23149,47.92594],[-118.23108,47.92594],[-118.23108,47.9254],[-118.23068,47.9254],[-118.23068,47.92513],[-118.22988,47.92486],[-118.22988,47.92459],[-118.22867,47.92459],[-118.22867,47.92486],[-118.22827,47.92486],[-118.22827,47.92459],[-118.22747,47.92459],[-118.22747,47.92432],[-118.22626,47.92432],[-118.22626,47.92405],[-118.22545,47.92405],[-118.22545,47.92378],[-118.22505,47.92378],[-118.22505,47.92352],[-118.22465,47.92352],[-118.22465,47.92325],[-118.22304,47.92298],[-118.22304,47.92271],[-118.22264,47.92271],[-118.22264,47.92244],[-118.22143,47.92244],[-118.22143,47.92217],[-118.22103,47.92217],[-118.22103,47.9219],[-118.22023,47.9219],[-118.22023,47.92163],[-118.21982,47.92163],[-118.21982,47.92136],[-118.21902,47.92109],[-118.21902,47.91759],[-118.21862,47.91759],[-118.21862,47.91651],[-118.21822,47.91651],[-118.21822,47.91624],[-118.21701,47.91624],[-118.21701,47.91597],[-118.21661,47.91597],[-118.21661,47.9157],[-118.2158,47.91543],[-118.2158,47.91408],[-118.2154,47.91408],[-118.2154,47.91327],[-118.215,47.91327],[-118.215,47.91247],[-118.21419,47.9122],[-118.21419,47.91139],[-118.2146,47.91139],[-118.2146,47.91112],[-118.2154,47.91085],[-118.2154,47.9095],[-118.2158,47.9095],[-118.2158,47.90923],[-118.21781,47.90923],[-118.21781,47.9095],[-118.21902,47.9095],[-118.21902,47.90923],[-118.22063,47.90896],[-118.22063,47.90681],[-118.22143,47.90681],[-118.22143,47.90708],[-118.22184,47.90708],[-118.22184,47.90735],[-118.22304,47.90735],[-118.22304,47.90761],[-118.22465,47.90761],[-118.22465,47.90735],[-118.22505,47.90735],[-118.22505,47.90681],[-118.22545,47.90681],[-118.22545,47.90654],[-118.22626,47.90654],[-118.22626,47.90627],[-118.22867,47.90627],[-118.22867,47.90681],[-118.22948,47.90681],[-118.22948,47.90735],[-118.23028,47.90735],[-118.23028,47.90761],[-118.23068,47.90761],[-118.23068,47.90788],[-118.23108,47.90788],[-118.23108,47.90761],[-118.23149,47.90761],[-118.23149,47.90735],[-118.23189,47.90735],[-118.23189,47.90681],[-118.2335,47.90681],[-118.2335,47.90842],[-118.2339,47.90842],[-118.2339,47.90869],[-118.2347,47.90896],[-118.2347,47.90923],[-118.23551,47.90923],[-118.23551,47.90896],[-118.23712,47.90896],[-118.23712,47.90869],[-118.23792,47.90842],[-118.23792,47.90815],[-118.23832,47.90815],[-118.23832,47.90788],[-118.24033,47.90788],[-118.24033,47.90815],[-118.24074,47.90815],[-118.24074,47.90788],[-118.24194,47.90788],[-118.24194,47.90761],[-118.24234,47.90761],[-118.24234,47.90815],[-118.24275,47.90815],[-118.24275,47.90842],[-118.24355,47.90842],[-118.24355,47.90869],[-118.24395,47.90869],[-118.24395,47.90896],[-118.24556,47.90896],[-118.24556,47.90869],[-118.24838,47.90869],[-118.24838,47.90896],[-118.24878,47.90896],[-118.24878,47.91004],[-118.24918,47.91004],[-118.24918,47.91058],[-118.24958,47.91058],[-118.24958,47.91085],[-118.25039,47.91112],[-118.25039,47.91166],[-118.25119,47.91193],[-118.25119,47.91354],[-118.25159,47.91354],[-118.25159,47.91381],[-118.252,47.91381],[-118.252,47.91408],[-118.2524,47.91408],[-118.2524,47.91381],[-118.2536,47.91381],[-118.2536,47.91408],[-118.25441,47.91435],[-118.25441,47.91489],[-118.25481,47.91489],[-118.25481,47.9157],[-118.25521,47.9157],[-118.25521,47.91651],[-118.25561,47.91651],[-118.25561,47.91705],[-118.25602,47.91705],[-118.25602,47.91759],[-118.25642,47.91759],[-118.25642,47.91813],[-118.25682,47.91813],[-118.25682,47.91839],[-118.25763,47.91866],[-118.25763,47.9192],[-118.25803,47.9192],[-118.25803,47.91974],[-118.25843,47.91974],[-118.25843,47.92028],[-118.25883,47.92028],[-118.25883,47.92082],[-118.26084,47.92082],[-118.26084,47.92136],[-118.26165,47.92136],[-118.26165,47.92163],[-118.26205,47.92163],[-118.26205,47.9219],[-118.26326,47.9219],[-118.26326,47.92217],[-118.26486,47.92244],[-118.26486,47.92271],[-118.26527,47.92271],[-118.26527,47.92298],[-118.26687,47.92298],[-118.26687,47.92325],[-118.26768,47.92325],[-118.26768,47.92352],[-118.26929,47.92352],[-118.26929,47.92378],[-118.27049,47.92378],[-118.27049,47.92405],[-118.2709,47.92405],[-118.2709,47.92432],[-118.2717,47.92432],[-118.2717,47.92325],[-118.2721,47.92325],[-118.2721,47.92298],[-118.27411,47.92298],[-118.27411,47.92271],[-118.27452,47.92271],[-118.27452,47.92244],[-118.27653,47.92244],[-118.27653,47.92217],[-118.27612,47.92217],[-118.27612,47.9219],[-118.27854,47.9219],[-118.27854,47.92136],[-118.27934,47.92136],[-118.27934,47.92082],[-118.27974,47.92082],[-118.27974,47.92136],[-118.28014,47.92136],[-118.28014,47.92055],[-118.27934,47.92055],[-118.27934,47.92028],[-118.27974,47.92028],[-118.27974,47.92001],[-118.27854,47.92001],[-118.27854,47.91974],[-118.27934,47.91947],[-118.27934,47.9192],[-118.28095,47.9192],[-118.28095,47.91893],[-118.28055,47.91893],[-118.28055,47.91866],[-118.28135,47.91866],[-118.28135,47.91893],[-118.28175,47.91893],[-118.28175,47.91866],[-118.28336,47.91866],[-118.28336,47.91813],[-118.28376,47.91813],[-118.28376,47.91516],[-118.28457,47.91489],[-118.28457,47.91462],[-118.28819,47.91462],[-118.28819,47.91435],[-118.28859,47.91435],[-118.28859,47.91381],[-118.28939,47.91381],[-118.28939,47.91327],[-118.2902,47.913],[-118.2902,47.91274],[-118.291,47.91274],[-118.291,47.91247],[-118.2914,47.91247],[-118.2914,47.913],[-118.2906,47.913],[-118.2906,47.91327],[-118.29221,47.91327],[-118.29221,47.913],[-118.29422,47.913],[-118.29422,47.91327],[-118.29502,47.91327],[-118.29502,47.91193]],[[-118.2335,47.95478],[-118.2343,47.95478],[-118.2343,47.95451],[-118.2335,47.95451],[-118.2335,47.95478]],[[-118.23591,47.94831],[-118.23591,47.94804],[-118.23551,47.94804],[-118.23551,47.94831],[-118.23591,47.94831]],[[-118.30628,47.98954],[-118.30628,47.989],[-118.30669,47.989],[-118.30669,47.98846],[-118.30588,47.98846],[-118.30588,47.989],[-118.30508,47.98927],[-118.30508,47.99008],[-118.30548,47.99008],[-118.30548,47.98981],[-118.30588,47.98981],[-118.30588,47.98954],[-118.30628,47.98954]],[[-118.3095,47.98631],[-118.3095,47.98604],[-118.31031,47.98577],[-118.31031,47.98496],[-118.31071,47.98496],[-118.31071,47.98415],[-118.31111,47.98415],[-118.31111,47.98334],[-118.3095,47.98307],[-118.3095,47.98334],[-118.3087,47.98334],[-118.3087,47.98361],[-118.30789,47.98388],[-118.30789,47.98442],[-118.30749,47.98442],[-118.30749,47.98523],[-118.30709,47.98523],[-118.30709,47.9855],[-118.30749,47.9855],[-118.30749,47.98577],[-118.30709,47.98577],[-118.30709,47.98631],[-118.30669,47.98631],[-118.30669,47.98685],[-118.3087,47.98685],[-118.3087,47.98658],[-118.3095,47.98631]],[[-118.26848,47.97202],[-118.26848,47.97175],[-118.26808,47.97175],[-118.26808,47.97202],[-118.26848,47.97202]],[[-118.33644,47.95639],[-118.33644,47.95612],[-118.33604,47.95612],[-118.33604,47.95639],[-118.33644,47.95639]],[[-118.24275,47.95532],[-118.24275,47.95505],[-118.24234,47.95505],[-118.24234,47.95532],[-118.24275,47.95532]],[[-118.23511,47.95532],[-118.23511,47.95505],[-118.2347,47.95505],[-118.2347,47.95532],[-118.23511,47.95532]],[[-118.2339,47.95154],[-118.2339,47.95208],[-118.2343,47.95208],[-118.2343,47.95154],[-118.2339,47.95154]],[[-118.2339,47.95127],[-118.2335,47.95127],[-118.2335,47.95154],[-118.2339,47.95154],[-118.2339,47.95127]],[[-118.24596,47.95019],[-118.24596,47.94993],[-118.24556,47.94993],[-118.24556,47.95019],[-118.24596,47.95019]],[[-118.23591,47.94993],[-118.23591,47.94966],[-118.23551,47.94966],[-118.23551,47.94993],[-118.23591,47.94993]],[[-118.30669,47.94966],[-118.30669,47.94939],[-118.30628,47.94939],[-118.30628,47.94966],[-118.30669,47.94966]],[[-118.3099,47.94723],[-118.3099,47.94696],[-118.3095,47.94696],[-118.3095,47.94723],[-118.3099,47.94723]],[[-118.3087,47.94615],[-118.3087,47.94588],[-118.30829,47.94588],[-118.30829,47.94615],[-118.3087,47.94615]],[[-118.31191,47.94561],[-118.31191,47.94534],[-118.31151,47.94534],[-118.31151,47.94561],[-118.31191,47.94561]],[[-118.2524,47.94534],[-118.2524,47.94507],[-118.252,47.94507],[-118.252,47.94534],[-118.2524,47.94534]],[[-118.25401,47.944],[-118.25401,47.94373],[-118.2536,47.94373],[-118.2536,47.944],[-118.25401,47.944]],[[-118.28014,47.91974],[-118.28014,47.91947],[-118.27974,47.91947],[-118.27974,47.91974],[-118.28014,47.91974]],[[-118.30789,47.90788],[-118.30789,47.90761],[-118.30749,47.90761],[-118.30749,47.90788],[-118.30789,47.90788]]],[[[-118.25119,47.97822],[-118.25079,47.97822],[-118.25079,47.97795],[-118.25119,47.97795],[-118.25119,47.97822]]],[[[-118.24355,47.98119],[-118.24315,47.98119],[-118.24315,47.98092],[-118.24355,47.98092],[-118.24355,47.98119]]],[[[-118.24315,47.98146],[-118.24275,47.98146],[-118.24275,47.98119],[-118.24315,47.98119],[-118.24315,47.98146]]],[[[-118.24194,47.98253],[-118.24194,47.98226],[-118.24234,47.98226],[-118.24234,47.98253],[-118.24194,47.98253]]],[[[-118.24194,47.98307],[-118.24194,47.9828],[-118.24234,47.9828],[-118.24234,47.98307],[-118.24194,47.98307]]],[[[-118.22545,47.99008],[-118.22505,47.99008],[-118.22505,47.98954],[-118.22465,47.98954],[-118.22465,47.98927],[-118.22505,47.98927],[-118.22505,47.989],[-118.22465,47.989],[-118.22465,47.98846],[-118.22425,47.98846],[-118.22425,47.98765],[-118.22385,47.98765],[-118.22385,47.98685],[-118.22425,47.98685],[-118.22425,47.98658],[-118.22545,47.98658],[-118.22545,47.98631],[-118.22626,47.98631],[-118.22626,47.98658],[-118.22706,47.98658],[-118.22706,47.98685],[-118.22787,47.98712],[-118.22787,47.98738],[-118.22867,47.98738],[-118.22867,47.98765],[-118.23028,47.98765],[-118.23028,47.98738],[-118.23189,47.98738],[-118.23189,47.98712],[-118.23269,47.98712],[-118.23269,47.98658],[-118.2335,47.98658],[-118.2335,47.98631],[-118.23309,47.98631],[-118.23309,47.98469],[-118.23269,47.98469],[-118.23269,47.98334],[-118.23551,47.98334],[-118.23551,47.98361],[-118.23591,47.98361],[-118.23591,47.98388],[-118.23631,47.98388],[-118.23631,47.98361],[-118.23752,47.98361],[-118.23752,47.98388],[-118.23832,47.98388],[-118.23832,47.98415],[-118.23872,47.98415],[-118.23872,47.98442],[-118.23913,47.98442],[-118.23913,47.98469],[-118.23993,47.98469],[-118.23993,47.98496],[-118.24033,47.98496],[-118.24033,47.98469],[-118.24074,47.98469],[-118.24074,47.98442],[-118.24114,47.98442],[-118.24114,47.98361],[-118.24074,47.98361],[-118.24074,47.98334],[-118.24154,47.98334],[-118.24154,47.98307],[-118.24194,47.98307],[-118.24194,47.98334],[-118.24315,47.98334],[-118.24315,47.98361],[-118.24355,47.98361],[-118.24355,47.98388],[-118.24435,47.98388],[-118.24435,47.98442],[-118.24476,47.98442],[-118.24476,47.98469],[-118.24395,47.98469],[-118.24395,47.98496],[-118.24476,47.98496],[-118.24476,47.9855],[-118.24556,47.9855],[-118.24556,47.98604],[-118.24637,47.98604],[-118.24637,47.98631],[-118.24677,47.98631],[-118.24677,47.98658],[-118.24958,47.98658],[-118.24958,47.98685],[-118.25119,47.98685],[-118.25119,47.98712],[-118.25521,47.98712],[-118.25521,47.98685],[-118.25602,47.98685],[-118.25602,47.98712],[-118.25964,47.98712],[-118.25964,47.98685],[-118.26044,47.98685],[-118.26044,47.98658],[-118.26084,47.98658],[-118.26084,47.98685],[-118.26165,47.98658],[-118.26165,47.98685],[-118.26326,47.98685],[-118.26326,47.98712],[-118.26486,47.98712],[-118.26486,47.98738],[-118.26527,47.98738],[-118.26527,47.98712],[-118.26607,47.98712],[-118.26607,47.98685],[-118.26647,47.98685],[-118.26647,47.98712],[-118.26728,47.98685],[-118.26728,47.98712],[-118.26848,47.98712],[-118.26848,47.98738],[-118.26889,47.98738],[-118.26889,47.98765],[-118.27049,47.98765],[-118.27049,47.98792],[-118.2709,47.98792],[-118.2709,47.98873],[-118.27009,47.989],[-118.27009,47.98981],[-118.26768,47.98981],[-118.26768,47.99008],[-118.26728,47.99008],[-118.26728,47.99035],[-118.26647,47.99062],[-118.26647,47.99197],[-118.26687,47.99197],[-118.26687,47.99251],[-118.26728,47.99251],[-118.26728,47.99331],[-118.26808,47.99358],[-118.26808,47.99412],[-118.26647,47.99412],[-118.26647,47.99385],[-118.26406,47.99385],[-118.26406,47.99412],[-118.26044,47.99412],[-118.26044,47.99385],[-118.26004,47.99385],[-118.26004,47.99358],[-118.25964,47.99358],[-118.25964,47.99304],[-118.25843,47.99304],[-118.25843,47.99277],[-118.25803,47.99277],[-118.25803,47.99251],[-118.25763,47.99251],[-118.25763,47.99277],[-118.25682,47.99251],[-118.25682,47.99277],[-118.25561,47.99277],[-118.25561,47.99304],[-118.25441,47.99304],[-118.25441,47.99331],[-118.25401,47.99331],[-118.25401,47.99304],[-118.2532,47.99304],[-118.2532,47.99277],[-118.25159,47.99277],[-118.25159,47.99304],[-118.25079,47.99304],[-118.25079,47.99277],[-118.24998,47.99277],[-118.24998,47.99251],[-118.24958,47.99251],[-118.24958,47.99277],[-118.24918,47.99277],[-118.24918,47.99251],[-118.24878,47.99251],[-118.24878,47.99277],[-118.24797,47.99251],[-118.24797,47.99439],[-118.24677,47.99439],[-118.24677,47.99412],[-118.24637,47.99412],[-118.24637,47.99385],[-118.24596,47.99385],[-118.24596,47.99358],[-118.24556,47.99358],[-118.24556,47.99385],[-118.24516,47.99385],[-118.24516,47.99358],[-118.24476,47.99358],[-118.24476,47.99385],[-118.24275,47.99385],[-118.24275,47.99412],[-118.24154,47.99412],[-118.24154,47.99439],[-118.23712,47.99439],[-118.23712,47.99412],[-118.23511,47.99412],[-118.23511,47.99385],[-118.2343,47.99358],[-118.2343,47.99331],[-118.23309,47.99331],[-118.23309,47.99304],[-118.23229,47.99331],[-118.23229,47.99277],[-118.23149,47.99251],[-118.23149,47.99224],[-118.23108,47.99224],[-118.23108,47.99277],[-118.23028,47.99277],[-118.23028,47.99304],[-118.22948,47.99304],[-118.22948,47.99331],[-118.22827,47.99331],[-118.22827,47.99304],[-118.22747,47.99304],[-118.22747,47.9917],[-118.22666,47.9917],[-118.22666,47.99143],[-118.22586,47.99143],[-118.22586,47.99116],[-118.22545,47.99116],[-118.22545,47.99008]],[[-118.22706,47.99143],[-118.22706,47.99116],[-118.22666,47.99116],[-118.22666,47.99143],[-118.22706,47.99143]],[[-118.23752,47.98658],[-118.23752,47.98631],[-118.23832,47.98604],[-118.23832,47.98523],[-118.23792,47.98523],[-118.23792,47.98469],[-118.23712,47.98469],[-118.23712,47.98442],[-118.23591,47.98442],[-118.23591,47.98469],[-118.23551,47.98469],[-118.23551,47.98496],[-118.23511,47.98496],[-118.23511,47.98577],[-118.2347,47.98577],[-118.2347,47.98604],[-118.2339,47.98631],[-118.2339,47.98685],[-118.2347,47.98685],[-118.2347,47.98712],[-118.23671,47.98712],[-118.23671,47.98685],[-118.23752,47.98658]]],[[[-118.21339,47.90815],[-118.21419,47.90842],[-118.21419,47.90869],[-118.215,47.90896],[-118.215,47.90923],[-118.21259,47.90923],[-118.21259,47.90842],[-118.21339,47.90842],[-118.21339,47.90815]]],[[[-118.2154,47.9095],[-118.215,47.9095],[-118.215,47.90923],[-118.2154,47.90923],[-118.2154,47.9095]]],[[[-118.23269,47.9475],[-118.23269,47.94723],[-118.23309,47.94723],[-118.23309,47.9475],[-118.23269,47.9475]]],[[[-118.23269,47.95451],[-118.23269,47.95424],[-118.23309,47.95424],[-118.23309,47.95451],[-118.23269,47.95451]]],[[[-118.2339,47.95585],[-118.2335,47.95585],[-118.2335,47.95532],[-118.2339,47.95532],[-118.2339,47.95585]]],[[[-118.24154,47.97984],[-118.24033,47.97984],[-118.24033,47.97957],[-118.24154,47.97957],[-118.24154,47.97984]]],[[[-118.24033,47.98092],[-118.23993,47.98092],[-118.23993,47.98038],[-118.23953,47.98038],[-118.23953,47.98011],[-118.23993,47.98011],[-118.23993,47.97984],[-118.24033,47.97984],[-118.24033,47.98011],[-118.24074,47.98011],[-118.24074,47.98038],[-118.24154,47.98038],[-118.24154,47.98092],[-118.24275,47.98092],[-118.24275,47.98119],[-118.24154,47.98119],[-118.24154,47.98146],[-118.24114,47.98146],[-118.24114,47.98173],[-118.24074,47.98173],[-118.24074,47.98119],[-118.24033,47.98119],[-118.24033,47.98092]]],[[[-118.24194,47.98173],[-118.24194,47.98226],[-118.24114,47.982],[-118.24114,47.98173],[-118.24194,47.98173]]],[[[-118.24154,47.9828],[-118.24154,47.98253],[-118.24194,47.98253],[-118.24194,47.9828],[-118.24154,47.9828]]]]},"properties":{"layer":"predicted_reach_h21","fire_name":"Mitre_Rock","irwin_id":"{C11A3685-C035-4241-A17C-8076EE99619D}","model":"arrival_run","checkpoint_epoch":216,"decode":"connected_causal","operating_point":{"floor":0.0,"mult":0.9},"val_precision":null,"val_recall":null,"model_caveat":"arrival_run chosen for best RECALL among the six FlameFlux v3 candidates on the production-valid t0-window corpus (R=0.624 on the fc2 held-out fires, R=0.432 on Dillon -- see candidate_comparison.md from the 2026-07-24 comparison). It does NOT meet the project's P>=0.50/R>=0.80 target: precision is the WORST of the six (P=0.120 on fc2 -- most flagged growth is wrong), and wind_run actually edges it on F1. IMPORTANT CAVEAT: arrival_run trained on the leaky 'observed' corpus (crop centered/sized on t0|t1, i.e. it saw the future perimeter's geometry during training) and has NEVER seen a t0-window crop -- the ONLY geometry this live pipeline can ever produce at forecast time (the future perimeter is, by definition, unknown). So every live prediction from this model is out-of-distribution relative to its own training. The measured t0-window numbers above already reflect that (they are not a surprise), but this is 'best available', not 'production-ready' -- represent it that way. The operating_point (floor=0.0, mult=0.9) is the VAL-selected connected-causal decode point; it did NOT clear the 0.50 precision floor during selection (feasible=False, val P=0.270/R=0.259) -- it's the best-F1 fallback point, not a precision-guaranteed one.","issued_at_utc":"2026-08-05 10:59:55.016141+00:00","valid_from_utc":"2026-08-05 00:00:00","valid_to_utc":"2026-08-06 00:00:00","wfigs_date_current_utc":"2026-08-05 10:16:25+00:00","pixel_size_m":30,"veg_source":"refreshed_d4","physics_source":"eikonal_fbfm40","history_n_dates":4,"degraded_history":false,"containment_pct":0.0,"acres_wfigs":4439.297279101989,"hour":21,"valid_at_utc":"2026-08-05 21:00:00"}},{"type":"Feature","geometry":{"type":"MultiPolygon","coordinates":[[[[-118.33282,47.90492],[-118.33242,47.90492],[-118.33242,47.90465],[-118.33282,47.90465],[-118.33282,47.90492]]],[[[-118.33122,47.90492],[-118.33001,47.90492],[-118.33001,47.90465],[-118.33122,47.90465],[-118.33122,47.90492]]],[[[-118.29221,47.913],[-118.29181,47.913],[-118.29181,47.91274],[-118.29221,47.91274],[-118.29221,47.913]]],[[[-118.29502,47.91193],[-118.29462,47.91193],[-118.29462,47.91139],[-118.29382,47.91139],[-118.29382,47.91112],[-118.29543,47.91112],[-118.29543,47.91058],[-118.29583,47.91058],[-118.29583,47.91004],[-118.29623,47.91004],[-118.29623,47.90977],[-118.29703,47.90977],[-118.29703,47.9095],[-118.30025,47.9095],[-118.30025,47.90896],[-118.30186,47.90896],[-118.30186,47.90869],[-118.30226,47.90869],[-118.30226,47.90842],[-118.30266,47.90842],[-118.30266,47.90815],[-118.30427,47.90788],[-118.30427,47.90761],[-118.30508,47.90761],[-118.30508,47.90735],[-118.30628,47.90735],[-118.30628,47.90708],[-118.30709,47.90708],[-118.30709,47.90681],[-118.30749,47.90681],[-118.30749,47.906],[-118.30829,47.906],[-118.30829,47.90573],[-118.31031,47.90573],[-118.31031,47.90546],[-118.31191,47.90546],[-118.31191,47.90519],[-118.31312,47.90519],[-118.31312,47.90492],[-118.31352,47.90492],[-118.31352,47.90519],[-118.31392,47.90519],[-118.31392,47.90492],[-118.31433,47.90492],[-118.31433,47.90519],[-118.31473,47.90519],[-118.31473,47.90492],[-118.31513,47.90492],[-118.31513,47.90519],[-118.31714,47.90519],[-118.31714,47.90492],[-118.31835,47.90492],[-118.31835,47.90465],[-118.31875,47.90465],[-118.31875,47.90492],[-118.31996,47.90492],[-118.31996,47.90519],[-118.32076,47.90519],[-118.32076,47.90546],[-118.32116,47.90546],[-118.32116,47.90573],[-118.32237,47.90573],[-118.32237,47.90546],[-118.32317,47.90519],[-118.32317,47.90384],[-118.32358,47.90384],[-118.32358,47.90249],[-118.32478,47.90249],[-118.32478,47.90276],[-118.32559,47.90276],[-118.32559,47.90303],[-118.32639,47.9033],[-118.32639,47.90384],[-118.32559,47.90384],[-118.32559,47.90411],[-118.32599,47.90411],[-118.32599,47.90627],[-118.3276,47.90573],[-118.3276,47.90519],[-118.32961,47.90519],[-118.32961,47.90492],[-118.33001,47.90492],[-118.33001,47.90519],[-118.33122,47.90519],[-118.33122,47.90492],[-118.33242,47.90492],[-118.33242,47.90519],[-118.33282,47.90519],[-118.33282,47.90492],[-118.33323,47.90492],[-118.33323,47.90519],[-118.33363,47.90519],[-118.33363,47.90492],[-118.33443,47.90465],[-118.33443,47.90411],[-118.33484,47.90411],[-118.33484,47.90465],[-118.33564,47.90465],[-118.33564,47.90519],[-118.33604,47.90519],[-118.33604,47.906],[-118.33564,47.906],[-118.33564,47.90627],[-118.33644,47.90627],[-118.33644,47.90654],[-118.33604,47.90654],[-118.33604,47.90681],[-118.33644,47.90681],[-118.33644,47.90735],[-118.33685,47.90735],[-118.33685,47.90788],[-118.33765,47.90788],[-118.33765,47.90815],[-118.33805,47.90815],[-118.33805,47.90842],[-118.33966,47.90869],[-118.33966,47.9095],[-118.34006,47.9095],[-118.34006,47.91004],[-118.34047,47.91004],[-118.34047,47.91058],[-118.34087,47.91058],[-118.34087,47.91112],[-118.34127,47.91112],[-118.34127,47.91166],[-118.34167,47.91166],[-118.34167,47.9122],[-118.34087,47.9122],[-118.34087,47.91166],[-118.34006,47.91139],[-118.34006,47.91166],[-118.33966,47.91166],[-118.33966,47.91247],[-118.33886,47.91247],[-118.33886,47.91274],[-118.33926,47.91274],[-118.33926,47.91327],[-118.33966,47.91327],[-118.33966,47.91408],[-118.33886,47.91408],[-118.33886,47.91462],[-118.33926,47.91462],[-118.33926,47.91516],[-118.33886,47.91516],[-118.33886,47.91597],[-118.33805,47.91624],[-118.33805,47.91651],[-118.33725,47.91651],[-118.33725,47.91678],[-118.33564,47.91678],[-118.33564,47.91732],[-118.33604,47.91732],[-118.33604,47.91813],[-118.33564,47.91813],[-118.33564,47.91839],[-118.33443,47.91839],[-118.33443,47.91813],[-118.33363,47.91813],[-118.33363,47.91839],[-118.33403,47.91839],[-118.33403,47.91866],[-118.33484,47.91866],[-118.33484,47.91893],[-118.33524,47.91893],[-118.33524,47.9192],[-118.33484,47.9192],[-118.33484,47.91947],[-118.33564,47.91947],[-118.33564,47.92028],[-118.33604,47.92028],[-118.33604,47.92055],[-118.33564,47.92055],[-118.33564,47.92136],[-118.33484,47.92136],[-118.33484,47.9219],[-118.33443,47.9219],[-118.33443,47.92244],[-118.33403,47.92244],[-118.33403,47.92298],[-118.33242,47.92325],[-118.33242,47.92459],[-118.33323,47.92486],[-118.33323,47.92621],[-118.33282,47.92621],[-118.33282,47.92675],[-118.33162,47.92675],[-118.33162,47.92783],[-118.33202,47.92783],[-118.33202,47.9281],[-118.33122,47.9281],[-118.33122,47.92864],[-118.33041,47.92864],[-118.33041,47.9289],[-118.33001,47.9289],[-118.33001,47.92971],[-118.32921,47.92971],[-118.32921,47.93079],[-118.32961,47.93079],[-118.32961,47.93133],[-118.3288,47.9316],[-118.3288,47.93214],[-118.3284,47.93214],[-118.3284,47.93295],[-118.32921,47.93322],[-118.32921,47.93376],[-118.33001,47.93376],[-118.33001,47.93429],[-118.33041,47.93429],[-118.33041,47.93537],[-118.33081,47.93537],[-118.33081,47.93618],[-118.33041,47.93618],[-118.33041,47.93753],[-118.33081,47.93753],[-118.33081,47.9378],[-118.33041,47.9378],[-118.33041,47.93807],[-118.33081,47.93807],[-118.33081,47.93834],[-118.33041,47.93834],[-118.33041,47.93888],[-118.33122,47.93915],[-118.33122,47.93968],[-118.33202,47.93968],[-118.33202,47.94022],[-118.33242,47.94022],[-118.33242,47.94076],[-118.33282,47.94076],[-118.33282,47.9413],[-118.33323,47.9413],[-118.33323,47.94157],[-118.33282,47.94157],[-118.33282,47.94184],[-118.33323,47.94184],[-118.33323,47.94211],[-118.33282,47.94211],[-118.33282,47.94238],[-118.33323,47.94238],[-118.33323,47.94265],[-118.33282,47.94265],[-118.33282,47.94346],[-118.33323,47.94346],[-118.33323,47.944],[-118.33363,47.944],[-118.33363,47.94454],[-118.33403,47.94454],[-118.33403,47.94481],[-118.33363,47.94481],[-118.33363,47.94588],[-118.33403,47.94588],[-118.33403,47.94615],[-118.33443,47.94615],[-118.33443,47.94642],[-118.33484,47.94642],[-118.33484,47.94669],[-118.33403,47.94696],[-118.33403,47.9475],[-118.33484,47.94777],[-118.33484,47.94804],[-118.33443,47.94804],[-118.33443,47.94831],[-118.33484,47.94831],[-118.33484,47.94912],[-118.33403,47.94912],[-118.33403,47.94939],[-118.33484,47.94939],[-118.33484,47.94993],[-118.33524,47.94993],[-118.33524,47.95019],[-118.33644,47.95019],[-118.33644,47.94993],[-118.33725,47.94993],[-118.33725,47.94966],[-118.33765,47.94966],[-118.33765,47.94993],[-118.33845,47.94993],[-118.33845,47.95046],[-118.33886,47.95046],[-118.33886,47.95208],[-118.33926,47.95208],[-118.33926,47.95235],[-118.34006,47.95235],[-118.34006,47.95262],[-118.34047,47.95262],[-118.34047,47.95289],[-118.34087,47.95289],[-118.34087,47.9537],[-118.34047,47.9537],[-118.34047,47.95424],[-118.34006,47.95424],[-118.34006,47.95478],[-118.34167,47.95478],[-118.34167,47.95505],[-118.34087,47.95505],[-118.34087,47.95558],[-118.34047,47.95558],[-118.34047,47.95639],[-118.34087,47.95639],[-118.34087,47.95666],[-118.34047,47.95666],[-118.34047,47.95693],[-118.34087,47.95693],[-118.34087,47.95774],[-118.34047,47.95774],[-118.34047,47.95882],[-118.34087,47.95882],[-118.34087,47.95936],[-118.34047,47.95936],[-118.34047,47.96017],[-118.33966,47.96044],[-118.33966,47.96071],[-118.34006,47.96071],[-118.34006,47.96124],[-118.34047,47.96124],[-118.34047,47.96151],[-118.34167,47.96151],[-118.34167,47.96259],[-118.34207,47.96259],[-118.34207,47.96313],[-118.34167,47.96313],[-118.34167,47.96394],[-118.34127,47.96394],[-118.34127,47.96448],[-118.34087,47.96448],[-118.34087,47.96529],[-118.34047,47.96529],[-118.34047,47.96744],[-118.34006,47.96744],[-118.34006,47.96771],[-118.33926,47.96798],[-118.33926,47.96825],[-118.33845,47.96852],[-118.33845,47.96906],[-118.33926,47.96906],[-118.33926,47.9696],[-118.33886,47.9696],[-118.33886,47.96987],[-118.33644,47.96987],[-118.33644,47.97041],[-118.33685,47.97041],[-118.33685,47.97148],[-118.33765,47.97148],[-118.33765,47.97202],[-118.33805,47.97202],[-118.33805,47.97256],[-118.33926,47.97256],[-118.33926,47.97364],[-118.33886,47.97364],[-118.33886,47.97391],[-118.33805,47.97391],[-118.33805,47.97418],[-118.33725,47.97418],[-118.33725,47.97445],[-118.33685,47.97445],[-118.33685,47.97472],[-118.33644,47.97472],[-118.33644,47.97499],[-118.33604,47.97499],[-118.33604,47.97526],[-118.33524,47.97553],[-118.33524,47.97634],[-118.33604,47.97661],[-118.33604,47.97687],[-118.33403,47.97687],[-118.33403,47.97714],[-118.33282,47.97714],[-118.33282,47.97741],[-118.33242,47.97741],[-118.33242,47.97795],[-118.33162,47.97795],[-118.33162,47.97849],[-118.33122,47.97849],[-118.33122,47.97876],[-118.33323,47.97876],[-118.33323,47.97903],[-118.33484,47.97903],[-118.33484,47.9793],[-118.33604,47.9793],[-118.33604,47.97957],[-118.33725,47.97957],[-118.33725,47.9793],[-118.33765,47.9793],[-118.33765,47.97957],[-118.33886,47.97957],[-118.33886,47.98011],[-118.33926,47.98011],[-118.33926,47.98065],[-118.33966,47.98065],[-118.33966,47.98092],[-118.33926,47.98092],[-118.33926,47.98226],[-118.33966,47.98226],[-118.33966,47.98253],[-118.33926,47.98253],[-118.33926,47.9828],[-118.33966,47.9828],[-118.33966,47.98361],[-118.33926,47.98361],[-118.33926,47.98415],[-118.33805,47.98415],[-118.33805,47.98226],[-118.33725,47.98226],[-118.33725,47.98253],[-118.33685,47.98253],[-118.33685,47.98307],[-118.33644,47.98307],[-118.33644,47.98334],[-118.33564,47.98334],[-118.33564,47.98361],[-118.33484,47.98334],[-118.33484,47.98361],[-118.33443,47.98361],[-118.33443,47.98388],[-118.33484,47.98388],[-118.33484,47.98442],[-118.33524,47.98442],[-118.33524,47.98469],[-118.33443,47.98469],[-118.33443,47.98442],[-118.33403,47.98442],[-118.33403,47.98415],[-118.33323,47.98388],[-118.33323,47.98415],[-118.33242,47.98415],[-118.33242,47.98442],[-118.33202,47.98442],[-118.33202,47.98469],[-118.33162,47.98469],[-118.33162,47.98496],[-118.33122,47.98496],[-118.33122,47.9855],[-118.33081,47.9855],[-118.33081,47.98604],[-118.33041,47.98604],[-118.33041,47.98631],[-118.33001,47.98631],[-118.33001,47.98658],[-118.32961,47.98658],[-118.32961,47.98712],[-118.3288,47.98738],[-118.3288,47.98792],[-118.3284,47.98792],[-118.3284,47.98846],[-118.328,47.98846],[-118.328,47.989],[-118.3276,47.989],[-118.3276,47.99062],[-118.328,47.99062],[-118.328,47.99089],[-118.3288,47.99116],[-118.3288,47.99197],[-118.3284,47.99197],[-118.3284,47.99224],[-118.3276,47.99224],[-118.3276,47.99251],[-118.32719,47.99251],[-118.32719,47.99277],[-118.32679,47.99277],[-118.32679,47.99304],[-118.32599,47.99331],[-118.32599,47.99358],[-118.32639,47.99358],[-118.32639,47.99439],[-118.32559,47.99466],[-118.32559,47.99493],[-118.32478,47.9952],[-118.32478,47.99547],[-118.32398,47.99547],[-118.32398,47.99493],[-118.32438,47.99493],[-118.32438,47.99412],[-118.32358,47.99412],[-118.32358,47.99439],[-118.32237,47.99439],[-118.32237,47.99466],[-118.32157,47.99466],[-118.32157,47.99493],[-118.32116,47.99493],[-118.32116,47.9952],[-118.31996,47.9952],[-118.31996,47.99493],[-118.31835,47.99493],[-118.31835,47.99466],[-118.31754,47.99466],[-118.31754,47.99439],[-118.31714,47.99439],[-118.31714,47.99412],[-118.31634,47.99412],[-118.31634,47.99385],[-118.31594,47.99385],[-118.31594,47.99358],[-118.31513,47.99358],[-118.31513,47.99304],[-118.31433,47.99277],[-118.31433,47.99251],[-118.31312,47.99251],[-118.31312,47.99277],[-118.31272,47.99277],[-118.31272,47.99304],[-118.31232,47.99304],[-118.31232,47.99331],[-118.31191,47.99331],[-118.31191,47.99385],[-118.31151,47.99385],[-118.31151,47.99466],[-118.31111,47.99466],[-118.31111,47.99547],[-118.31071,47.99547],[-118.31071,47.99655],[-118.31031,47.99655],[-118.31031,47.99682],[-118.3091,47.99682],[-118.3091,47.99655],[-118.30829,47.99655],[-118.30829,47.99628],[-118.30789,47.99628],[-118.30789,47.99601],[-118.30508,47.99601],[-118.30508,47.99547],[-118.30347,47.99547],[-118.30347,47.99574],[-118.30307,47.99574],[-118.30307,47.99601],[-118.30226,47.99601],[-118.30226,47.99628],[-118.30186,47.99628],[-118.30186,47.99601],[-118.30065,47.99601],[-118.30065,47.9952],[-118.30106,47.9952],[-118.30106,47.99493],[-118.30065,47.99493],[-118.30065,47.99439],[-118.29945,47.99439],[-118.29945,47.99385],[-118.29985,47.99385],[-118.29985,47.99251],[-118.29945,47.99251],[-118.29945,47.99277],[-118.29744,47.99277],[-118.29744,47.99224],[-118.29784,47.99224],[-118.29784,47.99197],[-118.29864,47.99197],[-118.29864,47.9917],[-118.29905,47.9917],[-118.29905,47.99143],[-118.29985,47.99116],[-118.29985,47.99089],[-118.30106,47.99089],[-118.30106,47.99035],[-118.30266,47.99008],[-118.30266,47.98954],[-118.30226,47.98954],[-118.30226,47.98846],[-118.30307,47.98819],[-118.30307,47.98604],[-118.30347,47.98604],[-118.30347,47.98577],[-118.30508,47.98577],[-118.30508,47.98469],[-118.30468,47.98469],[-118.30468,47.98442],[-118.30387,47.98415],[-118.30387,47.98307],[-118.30548,47.9828],[-118.30548,47.98226],[-118.30588,47.98226],[-118.30588,47.98173],[-118.30628,47.98173],[-118.30628,47.98146],[-118.30669,47.98146],[-118.30669,47.98119],[-118.30749,47.98119],[-118.30749,47.98065],[-118.30789,47.98065],[-118.30789,47.98011],[-118.30829,47.98011],[-118.30829,47.97957],[-118.3087,47.97957],[-118.3087,47.97903],[-118.3091,47.97903],[-118.3091,47.97849],[-118.3095,47.97849],[-118.3095,47.97795],[-118.3099,47.97795],[-118.3099,47.9758],[-118.31031,47.9758],[-118.31031,47.97526],[-118.31071,47.97526],[-118.31071,47.97472],[-118.31151,47.97472],[-118.31151,47.97445],[-118.31232,47.97445],[-118.31232,47.97418],[-118.31392,47.97418],[-118.31392,47.97364],[-118.31433,47.97364],[-118.31433,47.9731],[-118.31473,47.9731],[-118.31473,47.97202],[-118.31513,47.97202],[-118.31513,47.97014],[-118.31553,47.97014],[-118.31553,47.96987],[-118.31634,47.96987],[-118.31634,47.96771],[-118.31674,47.96771],[-118.31674,47.96744],[-118.31634,47.96744],[-118.31634,47.96636],[-118.31594,47.96636],[-118.31594,47.96556],[-118.31634,47.96556],[-118.31634,47.96475],[-118.31714,47.96448],[-118.31714,47.96394],[-118.31754,47.96394],[-118.31754,47.96286],[-118.31674,47.96259],[-118.31674,47.96232],[-118.31553,47.96232],[-118.31553,47.96205],[-118.31473,47.96178],[-118.31473,47.96124],[-118.31392,47.96124],[-118.31392,47.96097],[-118.31191,47.96097],[-118.31191,47.96124],[-118.31151,47.96124],[-118.31151,47.96044],[-118.31232,47.96017],[-118.31232,47.9599],[-118.31272,47.9599],[-118.31272,47.95936],[-118.31312,47.95936],[-118.31312,47.95909],[-118.31352,47.95909],[-118.31352,47.95882],[-118.31433,47.95855],[-118.31433,47.95774],[-118.31392,47.95774],[-118.31392,47.95747],[-118.31111,47.95747],[-118.31111,47.95774],[-118.30789,47.95774],[-118.30789,47.95747],[-118.30548,47.95747],[-118.30548,47.95774],[-118.30468,47.95747],[-118.30468,47.95774],[-118.30427,47.95774],[-118.30427,47.95747],[-118.30387,47.95747],[-118.30387,47.95774],[-118.30146,47.95774],[-118.30146,47.95747],[-118.29905,47.95747],[-118.29905,47.9572],[-118.29663,47.9572],[-118.29663,47.95693],[-118.29543,47.95693],[-118.29543,47.9572],[-118.29181,47.9572],[-118.29181,47.95747],[-118.2914,47.95747],[-118.2914,47.9572],[-118.2906,47.9572],[-118.2906,47.95747],[-118.28899,47.95747],[-118.28899,47.95774],[-118.28859,47.95774],[-118.28859,47.95801],[-118.28779,47.95801],[-118.28779,47.95855],[-118.28698,47.95855],[-118.28698,47.95909],[-118.28658,47.95909],[-118.28658,47.95882],[-118.28457,47.95882],[-118.28457,47.95936],[-118.28376,47.95963],[-118.28376,47.96017],[-118.28296,47.96044],[-118.28296,47.96071],[-118.28256,47.96071],[-118.28256,47.96124],[-118.28216,47.96124],[-118.28216,47.96151],[-118.28175,47.96151],[-118.28175,47.96178],[-118.28135,47.96178],[-118.28135,47.96205],[-118.28095,47.96205],[-118.28095,47.96232],[-118.28055,47.96232],[-118.28055,47.96286],[-118.27934,47.96286],[-118.27934,47.96421],[-118.27854,47.96421],[-118.27854,47.96475],[-118.27813,47.96475],[-118.27813,47.96502],[-118.27773,47.96502],[-118.27773,47.96529],[-118.27733,47.96529],[-118.27733,47.96556],[-118.27653,47.96556],[-118.27653,47.9661],[-118.27572,47.9661],[-118.27572,47.96636],[-118.27532,47.96636],[-118.27532,47.96663],[-118.27452,47.96663],[-118.27452,47.96744],[-118.27411,47.96744],[-118.27411,47.96798],[-118.27371,47.96798],[-118.27371,47.96825],[-118.27411,47.96825],[-118.27411,47.96852],[-118.27331,47.96879],[-118.27331,47.96906],[-118.27291,47.96906],[-118.27291,47.96933],[-118.2725,47.96933],[-118.2725,47.9696],[-118.2721,47.9696],[-118.2721,47.96987],[-118.2717,47.96987],[-118.2717,47.97014],[-118.27009,47.97014],[-118.27009,47.97041],[-118.26929,47.97068],[-118.26929,47.97095],[-118.26889,47.97095],[-118.26889,47.97122],[-118.26848,47.97122],[-118.26848,47.97148],[-118.26889,47.97148],[-118.26889,47.97202],[-118.26929,47.97202],[-118.26929,47.97229],[-118.26889,47.97229],[-118.26889,47.97256],[-118.26929,47.97256],[-118.26929,47.97283],[-118.26848,47.9731],[-118.26848,47.97337],[-118.26768,47.97364],[-118.26768,47.97391],[-118.26687,47.97391],[-118.26687,47.97418],[-118.26567,47.97418],[-118.26567,47.97391],[-118.26486,47.97391],[-118.26486,47.97364],[-118.26446,47.97364],[-118.26446,47.97337],[-118.26366,47.9731],[-118.26366,47.97283],[-118.26285,47.97283],[-118.26285,47.97256],[-118.26205,47.97283],[-118.26205,47.9731],[-118.26245,47.9731],[-118.26245,47.97337],[-118.26326,47.97364],[-118.26326,47.97391],[-118.26285,47.97391],[-118.26285,47.97472],[-118.26124,47.97472],[-118.26124,47.97499],[-118.26084,47.97499],[-118.26084,47.97526],[-118.26044,47.97526],[-118.26044,47.97607],[-118.26124,47.97634],[-118.26124,47.97849],[-118.26165,47.97849],[-118.26165,47.97876],[-118.26124,47.97876],[-118.26124,47.97903],[-118.25923,47.97903],[-118.25923,47.9793],[-118.25521,47.9793],[-118.25521,47.97903],[-118.25481,47.97903],[-118.25481,47.97876],[-118.2524,47.97876],[-118.2524,47.97849],[-118.25159,47.97822],[-118.25159,47.97714],[-118.25079,47.97714],[-118.25079,47.97795],[-118.25039,47.97795],[-118.25039,47.97768],[-118.24918,47.97768],[-118.24918,47.97849],[-118.24958,47.97849],[-118.24958,47.97957],[-118.24918,47.97957],[-118.24918,47.97984],[-118.24838,47.97984],[-118.24838,47.98011],[-118.24717,47.98011],[-118.24717,47.97984],[-118.24516,47.97984],[-118.24516,47.98011],[-118.24476,47.98011],[-118.24476,47.98038],[-118.24435,47.98038],[-118.24435,47.98065],[-118.24355,47.98092],[-118.24355,47.98011],[-118.24315,47.98011],[-118.24315,47.9793],[-118.24275,47.9793],[-118.24275,47.97903],[-118.24355,47.97876],[-118.24355,47.97849],[-118.24637,47.97849],[-118.24637,47.97822],[-118.24717,47.97795],[-118.24717,47.97741],[-118.24878,47.97741],[-118.24878,47.97714],[-118.24797,47.97714],[-118.24797,47.97687],[-118.25159,47.97687],[-118.25159,47.97634],[-118.252,47.97634],[-118.252,47.97607],[-118.25119,47.9758],[-118.25119,47.97553],[-118.24958,47.97553],[-118.24958,47.97526],[-118.24556,47.97526],[-118.24556,47.97499],[-118.24315,47.97472],[-118.24315,47.97445],[-118.24234,47.97445],[-118.24234,47.97418],[-118.24194,47.97418],[-118.24194,47.97256],[-118.24234,47.97256],[-118.24234,47.97095],[-118.24154,47.97095],[-118.24154,47.97068],[-118.24114,47.97068],[-118.24114,47.97041],[-118.23993,47.97041],[-118.23993,47.97014],[-118.23953,47.97014],[-118.23953,47.96987],[-118.23913,47.96987],[-118.23913,47.96906],[-118.23872,47.96906],[-118.23872,47.96879],[-118.23913,47.96879],[-118.23913,47.96825],[-118.23953,47.96825],[-118.23953,47.96798],[-118.23993,47.96798],[-118.23993,47.96771],[-118.24074,47.96771],[-118.24074,47.96744],[-118.24033,47.96744],[-118.24033,47.96717],[-118.24114,47.96717],[-118.24114,47.96744],[-118.24234,47.96744],[-118.24234,47.96663],[-118.24114,47.96663],[-118.24114,47.9669],[-118.24033,47.96663],[-118.24033,47.9669],[-118.23993,47.9669],[-118.23993,47.96663],[-118.23913,47.96663],[-118.23913,47.9661],[-118.23832,47.96636],[-118.23832,47.96529],[-118.23752,47.96556],[-118.23752,47.96421],[-118.23671,47.96421],[-118.23671,47.96394],[-118.23752,47.96394],[-118.23752,47.96367],[-118.23712,47.96367],[-118.23712,47.9634],[-118.23752,47.9634],[-118.23752,47.96097],[-118.23671,47.96097],[-118.23671,47.96071],[-118.23712,47.96071],[-118.23712,47.96044],[-118.23671,47.96044],[-118.23671,47.95936],[-118.23591,47.95936],[-118.23591,47.95909],[-118.23631,47.95909],[-118.23631,47.95882],[-118.23591,47.95882],[-118.23591,47.95828],[-118.23551,47.95828],[-118.23551,47.9572],[-118.23511,47.9572],[-118.23511,47.95666],[-118.2343,47.95666],[-118.2343,47.95639],[-118.2339,47.95639],[-118.2339,47.95585],[-118.2343,47.95585],[-118.2343,47.95505],[-118.2335,47.95505],[-118.2335,47.95532],[-118.23309,47.95532],[-118.23309,47.95451],[-118.2335,47.95451],[-118.2335,47.95424],[-118.2343,47.95424],[-118.2343,47.95289],[-118.23309,47.95289],[-118.23309,47.95262],[-118.2335,47.95262],[-118.2335,47.95181],[-118.23309,47.95181],[-118.23309,47.95235],[-118.23269,47.95235],[-118.23269,47.95154],[-118.23309,47.95154],[-118.23309,47.95127],[-118.23269,47.95127],[-118.23269,47.951],[-118.2335,47.951],[-118.2335,47.95046],[-118.2347,47.95046],[-118.2347,47.95073],[-118.23511,47.95073],[-118.23511,47.95019],[-118.2343,47.95019],[-118.2343,47.94966],[-118.2335,47.94966],[-118.2335,47.94939],[-118.23551,47.94939],[-118.23551,47.94831],[-118.23511,47.94831],[-118.23511,47.94858],[-118.23269,47.94858],[-118.23269,47.94831],[-118.23229,47.94831],[-118.23229,47.94804],[-118.2335,47.94804],[-118.2335,47.94777],[-118.23309,47.94777],[-118.23309,47.9475],[-118.2335,47.9475],[-118.2335,47.94723],[-118.23511,47.94723],[-118.23511,47.94696],[-118.23712,47.94696],[-118.23712,47.94615],[-118.23752,47.94615],[-118.23752,47.94534],[-118.23712,47.94534],[-118.23712,47.944],[-118.23752,47.944],[-118.23752,47.94238],[-118.23712,47.94238],[-118.23712,47.93995],[-118.23752,47.93995],[-118.23752,47.93915],[-118.23712,47.93915],[-118.23712,47.93861],[-118.23752,47.93861],[-118.23752,47.93645],[-118.23712,47.93645],[-118.23712,47.93564],[-118.23792,47.93537],[-118.23792,47.93483],[-118.23832,47.93483],[-118.23832,47.93429],[-118.23792,47.93429],[-118.23792,47.93079],[-118.23832,47.93079],[-118.23832,47.92944],[-118.23872,47.92944],[-118.23872,47.9289],[-118.23913,47.9289],[-118.23913,47.92864],[-118.23832,47.92837],[-118.23832,47.9281],[-118.23752,47.9281],[-118.23752,47.92783],[-118.23712,47.92783],[-118.23712,47.92756],[-118.23631,47.92729],[-118.23631,47.92675],[-118.23591,47.92675],[-118.23591,47.92648],[-118.23551,47.92648],[-118.23551,47.92621],[-118.23511,47.92621],[-118.23511,47.92648],[-118.2343,47.92675],[-118.2343,47.92702],[-118.23309,47.92702],[-118.23309,47.92675],[-118.23269,47.92675],[-118.23269,47.92648],[-118.23229,47.92648],[-118.23229,47.92621],[-118.23149,47.92621],[-118.23149,47.92594],[-118.23108,47.92594],[-118.23108,47.9254],[-118.23068,47.9254],[-118.23068,47.92513],[-118.22988,47.92486],[-118.22988,47.92459],[-118.22867,47.92459],[-118.22867,47.92486],[-118.22827,47.92486],[-118.22827,47.92459],[-118.22747,47.92459],[-118.22747,47.92432],[-118.22626,47.92432],[-118.22626,47.92405],[-118.22545,47.92405],[-118.22545,47.92378],[-118.22505,47.92378],[-118.22505,47.92352],[-118.22465,47.92352],[-118.22465,47.92325],[-118.22304,47.92298],[-118.22304,47.92271],[-118.22264,47.92271],[-118.22264,47.92244],[-118.22143,47.92244],[-118.22143,47.92217],[-118.22103,47.92217],[-118.22103,47.9219],[-118.22023,47.9219],[-118.22023,47.92163],[-118.21982,47.92163],[-118.21982,47.92136],[-118.21902,47.92109],[-118.21902,47.91759],[-118.21862,47.91759],[-118.21862,47.91651],[-118.21822,47.91651],[-118.21822,47.91624],[-118.21701,47.91624],[-118.21701,47.91597],[-118.21661,47.91597],[-118.21661,47.9157],[-118.2158,47.91543],[-118.2158,47.91408],[-118.2154,47.91408],[-118.2154,47.91327],[-118.215,47.91327],[-118.215,47.91247],[-118.21419,47.9122],[-118.21419,47.91139],[-118.2146,47.91139],[-118.2146,47.91112],[-118.2154,47.91085],[-118.2154,47.9095],[-118.2158,47.9095],[-118.2158,47.90923],[-118.21781,47.90923],[-118.21781,47.9095],[-118.21902,47.9095],[-118.21902,47.90923],[-118.22063,47.90896],[-118.22063,47.90681],[-118.22143,47.90681],[-118.22143,47.90708],[-118.22184,47.90708],[-118.22184,47.90735],[-118.22304,47.90735],[-118.22304,47.90761],[-118.22465,47.90761],[-118.22465,47.90735],[-118.22505,47.90735],[-118.22505,47.90681],[-118.22545,47.90681],[-118.22545,47.90654],[-118.22626,47.90654],[-118.22626,47.90627],[-118.22867,47.90627],[-118.22867,47.90681],[-118.22948,47.90681],[-118.22948,47.90735],[-118.23028,47.90735],[-118.23028,47.90761],[-118.23068,47.90761],[-118.23068,47.90788],[-118.23108,47.90788],[-118.23108,47.90761],[-118.23149,47.90761],[-118.23149,47.90735],[-118.23189,47.90735],[-118.23189,47.90681],[-118.2335,47.90681],[-118.2335,47.90842],[-118.2339,47.90842],[-118.2339,47.90869],[-118.2347,47.90896],[-118.2347,47.90923],[-118.23551,47.90923],[-118.23551,47.90896],[-118.23712,47.90896],[-118.23712,47.90869],[-118.23792,47.90842],[-118.23792,47.90815],[-118.23832,47.90815],[-118.23832,47.90788],[-118.24033,47.90788],[-118.24033,47.90815],[-118.24074,47.90815],[-118.24074,47.90788],[-118.24194,47.90788],[-118.24194,47.90761],[-118.24234,47.90761],[-118.24234,47.90815],[-118.24275,47.90815],[-118.24275,47.90842],[-118.24355,47.90842],[-118.24355,47.90869],[-118.24395,47.90869],[-118.24395,47.90896],[-118.24556,47.90896],[-118.24556,47.90869],[-118.24838,47.90869],[-118.24838,47.90896],[-118.24878,47.90896],[-118.24878,47.91004],[-118.24918,47.91004],[-118.24918,47.91058],[-118.24958,47.91058],[-118.24958,47.91085],[-118.25039,47.91112],[-118.25039,47.91166],[-118.25119,47.91193],[-118.25119,47.91354],[-118.25159,47.91354],[-118.25159,47.91381],[-118.252,47.91381],[-118.252,47.91408],[-118.2524,47.91408],[-118.2524,47.91381],[-118.2536,47.91381],[-118.2536,47.91408],[-118.25441,47.91435],[-118.25441,47.91489],[-118.25481,47.91489],[-118.25481,47.9157],[-118.25521,47.9157],[-118.25521,47.91651],[-118.25561,47.91651],[-118.25561,47.91705],[-118.25602,47.91705],[-118.25602,47.91759],[-118.25642,47.91759],[-118.25642,47.91813],[-118.25682,47.91813],[-118.25682,47.91839],[-118.25763,47.91866],[-118.25763,47.9192],[-118.25803,47.9192],[-118.25803,47.91974],[-118.25843,47.91974],[-118.25843,47.92028],[-118.25883,47.92028],[-118.25883,47.92082],[-118.26084,47.92082],[-118.26084,47.92136],[-118.26165,47.92136],[-118.26165,47.92163],[-118.26205,47.92163],[-118.26205,47.9219],[-118.26326,47.9219],[-118.26326,47.92217],[-118.26486,47.92244],[-118.26486,47.92271],[-118.26527,47.92271],[-118.26527,47.92298],[-118.26687,47.92298],[-118.26687,47.92325],[-118.26768,47.92325],[-118.26768,47.92352],[-118.26929,47.92352],[-118.26929,47.92378],[-118.27049,47.92378],[-118.27049,47.92405],[-118.2709,47.92405],[-118.2709,47.92432],[-118.2717,47.92432],[-118.2717,47.92325],[-118.2721,47.92325],[-118.2721,47.92298],[-118.27411,47.92298],[-118.27411,47.92271],[-118.27452,47.92271],[-118.27452,47.92244],[-118.27653,47.92244],[-118.27653,47.92217],[-118.27612,47.92217],[-118.27612,47.9219],[-118.27854,47.9219],[-118.27854,47.92136],[-118.27934,47.92136],[-118.27934,47.92082],[-118.27974,47.92082],[-118.27974,47.92136],[-118.28014,47.92136],[-118.28014,47.92055],[-118.27934,47.92055],[-118.27934,47.92028],[-118.27974,47.92028],[-118.27974,47.92001],[-118.27854,47.92001],[-118.27854,47.91974],[-118.27934,47.91947],[-118.27934,47.9192],[-118.28095,47.9192],[-118.28095,47.91893],[-118.28055,47.91893],[-118.28055,47.91866],[-118.28135,47.91866],[-118.28135,47.91893],[-118.28175,47.91893],[-118.28175,47.91866],[-118.28336,47.91866],[-118.28336,47.91813],[-118.28376,47.91813],[-118.28376,47.91516],[-118.28457,47.91489],[-118.28457,47.91462],[-118.28819,47.91462],[-118.28819,47.91435],[-118.28859,47.91435],[-118.28859,47.91381],[-118.28939,47.91381],[-118.28939,47.91327],[-118.2902,47.913],[-118.2902,47.91274],[-118.291,47.91274],[-118.291,47.91247],[-118.2914,47.91247],[-118.2914,47.913],[-118.2906,47.913],[-118.2906,47.91327],[-118.29221,47.91327],[-118.29221,47.913],[-118.29422,47.913],[-118.29422,47.91327],[-118.29502,47.91327],[-118.29502,47.91193]],[[-118.2335,47.95478],[-118.2343,47.95478],[-118.2343,47.95451],[-118.2335,47.95451],[-118.2335,47.95478]],[[-118.23591,47.94831],[-118.23591,47.94804],[-118.23551,47.94804],[-118.23551,47.94831],[-118.23591,47.94831]],[[-118.30628,47.98954],[-118.30628,47.989],[-118.30669,47.989],[-118.30669,47.98846],[-118.30588,47.98846],[-118.30588,47.989],[-118.30508,47.98927],[-118.30508,47.99008],[-118.30548,47.99008],[-118.30548,47.98981],[-118.30588,47.98981],[-118.30588,47.98954],[-118.30628,47.98954]],[[-118.3095,47.98631],[-118.3095,47.98604],[-118.31031,47.98577],[-118.31031,47.98496],[-118.31071,47.98496],[-118.31071,47.98415],[-118.31111,47.98415],[-118.31111,47.98334],[-118.3095,47.98307],[-118.3095,47.98334],[-118.3087,47.98334],[-118.3087,47.98361],[-118.30789,47.98388],[-118.30789,47.98442],[-118.30749,47.98442],[-118.30749,47.98523],[-118.30709,47.98523],[-118.30709,47.9855],[-118.30749,47.9855],[-118.30749,47.98577],[-118.30709,47.98577],[-118.30709,47.98631],[-118.30669,47.98631],[-118.30669,47.98685],[-118.3087,47.98685],[-118.3087,47.98658],[-118.3095,47.98631]],[[-118.26848,47.97202],[-118.26848,47.97175],[-118.26808,47.97175],[-118.26808,47.97202],[-118.26848,47.97202]],[[-118.33644,47.95639],[-118.33644,47.95612],[-118.33604,47.95612],[-118.33604,47.95639],[-118.33644,47.95639]],[[-118.24275,47.95532],[-118.24275,47.95505],[-118.24234,47.95505],[-118.24234,47.95532],[-118.24275,47.95532]],[[-118.23511,47.95532],[-118.23511,47.95505],[-118.2347,47.95505],[-118.2347,47.95532],[-118.23511,47.95532]],[[-118.2339,47.95154],[-118.2339,47.95208],[-118.2343,47.95208],[-118.2343,47.95154],[-118.2339,47.95154]],[[-118.2339,47.95127],[-118.2335,47.95127],[-118.2335,47.95154],[-118.2339,47.95154],[-118.2339,47.95127]],[[-118.24596,47.95019],[-118.24596,47.94993],[-118.24556,47.94993],[-118.24556,47.95019],[-118.24596,47.95019]],[[-118.23591,47.94993],[-118.23591,47.94966],[-118.23551,47.94966],[-118.23551,47.94993],[-118.23591,47.94993]],[[-118.30669,47.94966],[-118.30669,47.94939],[-118.30628,47.94939],[-118.30628,47.94966],[-118.30669,47.94966]],[[-118.3099,47.94723],[-118.3099,47.94696],[-118.3095,47.94696],[-118.3095,47.94723],[-118.3099,47.94723]],[[-118.3087,47.94615],[-118.3087,47.94588],[-118.30829,47.94588],[-118.30829,47.94615],[-118.3087,47.94615]],[[-118.31191,47.94561],[-118.31191,47.94534],[-118.31151,47.94534],[-118.31151,47.94561],[-118.31191,47.94561]],[[-118.2524,47.94534],[-118.2524,47.94507],[-118.252,47.94507],[-118.252,47.94534],[-118.2524,47.94534]],[[-118.25401,47.944],[-118.25401,47.94373],[-118.2536,47.94373],[-118.2536,47.944],[-118.25401,47.944]],[[-118.28014,47.91974],[-118.28014,47.91947],[-118.27974,47.91947],[-118.27974,47.91974],[-118.28014,47.91974]],[[-118.30789,47.90788],[-118.30789,47.90761],[-118.30749,47.90761],[-118.30749,47.90788],[-118.30789,47.90788]]],[[[-118.25119,47.97822],[-118.25079,47.97822],[-118.25079,47.97795],[-118.25119,47.97795],[-118.25119,47.97822]]],[[[-118.24355,47.98119],[-118.24315,47.98119],[-118.24315,47.98092],[-118.24355,47.98092],[-118.24355,47.98119]]],[[[-118.24315,47.98146],[-118.24275,47.98146],[-118.24275,47.98119],[-118.24315,47.98119],[-118.24315,47.98146]]],[[[-118.24194,47.98253],[-118.24194,47.98226],[-118.24234,47.98226],[-118.24234,47.98253],[-118.24194,47.98253]]],[[[-118.24194,47.98307],[-118.24194,47.9828],[-118.24234,47.9828],[-118.24234,47.98307],[-118.24194,47.98307]]],[[[-118.22545,47.99008],[-118.22505,47.99008],[-118.22505,47.98954],[-118.22465,47.98954],[-118.22465,47.98927],[-118.22505,47.98927],[-118.22505,47.989],[-118.22465,47.989],[-118.22465,47.98846],[-118.22425,47.98846],[-118.22425,47.98765],[-118.22385,47.98765],[-118.22385,47.98685],[-118.22425,47.98685],[-118.22425,47.98658],[-118.22545,47.98658],[-118.22545,47.98631],[-118.22626,47.98631],[-118.22626,47.98658],[-118.22706,47.98658],[-118.22706,47.98685],[-118.22787,47.98712],[-118.22787,47.98738],[-118.22867,47.98738],[-118.22867,47.98765],[-118.23028,47.98765],[-118.23028,47.98738],[-118.23189,47.98738],[-118.23189,47.98712],[-118.23269,47.98712],[-118.23269,47.98658],[-118.2335,47.98658],[-118.2335,47.98631],[-118.23309,47.98631],[-118.23309,47.98469],[-118.23269,47.98469],[-118.23269,47.98334],[-118.23551,47.98334],[-118.23551,47.98361],[-118.23591,47.98361],[-118.23591,47.98388],[-118.23631,47.98388],[-118.23631,47.98361],[-118.23752,47.98361],[-118.23752,47.98388],[-118.23832,47.98388],[-118.23832,47.98415],[-118.23872,47.98415],[-118.23872,47.98442],[-118.23913,47.98442],[-118.23913,47.98469],[-118.23993,47.98469],[-118.23993,47.98496],[-118.24033,47.98496],[-118.24033,47.98469],[-118.24074,47.98469],[-118.24074,47.98442],[-118.24114,47.98442],[-118.24114,47.98361],[-118.24074,47.98361],[-118.24074,47.98334],[-118.24154,47.98334],[-118.24154,47.98307],[-118.24194,47.98307],[-118.24194,47.98334],[-118.24315,47.98334],[-118.24315,47.98361],[-118.24355,47.98361],[-118.24355,47.98388],[-118.24435,47.98388],[-118.24435,47.98442],[-118.24476,47.98442],[-118.24476,47.98469],[-118.24395,47.98469],[-118.24395,47.98496],[-118.24476,47.98496],[-118.24476,47.9855],[-118.24556,47.9855],[-118.24556,47.98604],[-118.24637,47.98604],[-118.24637,47.98631],[-118.24677,47.98631],[-118.24677,47.98658],[-118.24958,47.98658],[-118.24958,47.98685],[-118.25119,47.98685],[-118.25119,47.98712],[-118.25521,47.98712],[-118.25521,47.98685],[-118.25602,47.98685],[-118.25602,47.98712],[-118.25964,47.98712],[-118.25964,47.98685],[-118.26044,47.98685],[-118.26044,47.98658],[-118.26084,47.98658],[-118.26084,47.98685],[-118.26165,47.98658],[-118.26165,47.98685],[-118.26326,47.98685],[-118.26326,47.98712],[-118.26486,47.98712],[-118.26486,47.98738],[-118.26527,47.98738],[-118.26527,47.98712],[-118.26607,47.98712],[-118.26607,47.98685],[-118.26647,47.98685],[-118.26647,47.98712],[-118.26728,47.98685],[-118.26728,47.98712],[-118.26848,47.98712],[-118.26848,47.98738],[-118.26889,47.98738],[-118.26889,47.98765],[-118.27049,47.98765],[-118.27049,47.98792],[-118.2709,47.98792],[-118.2709,47.98873],[-118.27009,47.989],[-118.27009,47.98981],[-118.26768,47.98981],[-118.26768,47.99008],[-118.26728,47.99008],[-118.26728,47.99035],[-118.26647,47.99062],[-118.26647,47.99197],[-118.26687,47.99197],[-118.26687,47.99251],[-118.26728,47.99251],[-118.26728,47.99331],[-118.26808,47.99358],[-118.26808,47.99412],[-118.26647,47.99412],[-118.26647,47.99385],[-118.26406,47.99385],[-118.26406,47.99412],[-118.26044,47.99412],[-118.26044,47.99385],[-118.26004,47.99385],[-118.26004,47.99358],[-118.25964,47.99358],[-118.25964,47.99304],[-118.25843,47.99304],[-118.25843,47.99277],[-118.25803,47.99277],[-118.25803,47.99251],[-118.25763,47.99251],[-118.25763,47.99277],[-118.25682,47.99251],[-118.25682,47.99277],[-118.25561,47.99277],[-118.25561,47.99304],[-118.25441,47.99304],[-118.25441,47.99331],[-118.25401,47.99331],[-118.25401,47.99304],[-118.2532,47.99304],[-118.2532,47.99277],[-118.25159,47.99277],[-118.25159,47.99304],[-118.25079,47.99304],[-118.25079,47.99277],[-118.24998,47.99277],[-118.24998,47.99251],[-118.24958,47.99251],[-118.24958,47.99277],[-118.24918,47.99277],[-118.24918,47.99251],[-118.24878,47.99251],[-118.24878,47.99277],[-118.24797,47.99251],[-118.24797,47.99439],[-118.24677,47.99439],[-118.24677,47.99412],[-118.24637,47.99412],[-118.24637,47.99385],[-118.24596,47.99385],[-118.24596,47.99358],[-118.24556,47.99358],[-118.24556,47.99385],[-118.24516,47.99385],[-118.24516,47.99358],[-118.24476,47.99358],[-118.24476,47.99385],[-118.24275,47.99385],[-118.24275,47.99412],[-118.24154,47.99412],[-118.24154,47.99439],[-118.23712,47.99439],[-118.23712,47.99412],[-118.23511,47.99412],[-118.23511,47.99385],[-118.2343,47.99358],[-118.2343,47.99331],[-118.23309,47.99331],[-118.23309,47.99304],[-118.23229,47.99331],[-118.23229,47.99277],[-118.23149,47.99251],[-118.23149,47.99224],[-118.23108,47.99224],[-118.23108,47.99277],[-118.23028,47.99277],[-118.23028,47.99304],[-118.22948,47.99304],[-118.22948,47.99331],[-118.22827,47.99331],[-118.22827,47.99304],[-118.22747,47.99304],[-118.22747,47.9917],[-118.22666,47.9917],[-118.22666,47.99143],[-118.22586,47.99143],[-118.22586,47.99116],[-118.22545,47.99116],[-118.22545,47.99008]],[[-118.22706,47.99143],[-118.22706,47.99116],[-118.22666,47.99116],[-118.22666,47.99143],[-118.22706,47.99143]],[[-118.23752,47.98658],[-118.23752,47.98631],[-118.23832,47.98604],[-118.23832,47.98523],[-118.23792,47.98523],[-118.23792,47.98469],[-118.23712,47.98469],[-118.23712,47.98442],[-118.23591,47.98442],[-118.23591,47.98469],[-118.23551,47.98469],[-118.23551,47.98496],[-118.23511,47.98496],[-118.23511,47.98577],[-118.2347,47.98577],[-118.2347,47.98604],[-118.2339,47.98631],[-118.2339,47.98685],[-118.2347,47.98685],[-118.2347,47.98712],[-118.23671,47.98712],[-118.23671,47.98685],[-118.23752,47.98658]]],[[[-118.21339,47.90815],[-118.21419,47.90842],[-118.21419,47.90869],[-118.215,47.90896],[-118.215,47.90923],[-118.21259,47.90923],[-118.21259,47.90842],[-118.21339,47.90842],[-118.21339,47.90815]]],[[[-118.2154,47.9095],[-118.215,47.9095],[-118.215,47.90923],[-118.2154,47.90923],[-118.2154,47.9095]]],[[[-118.23269,47.9475],[-118.23269,47.94723],[-118.23309,47.94723],[-118.23309,47.9475],[-118.23269,47.9475]]],[[[-118.23269,47.95451],[-118.23269,47.95424],[-118.23309,47.95424],[-118.23309,47.95451],[-118.23269,47.95451]]],[[[-118.2339,47.95585],[-118.2335,47.95585],[-118.2335,47.95532],[-118.2339,47.95532],[-118.2339,47.95585]]],[[[-118.24154,47.97984],[-118.24033,47.97984],[-118.24033,47.97957],[-118.24154,47.97957],[-118.24154,47.97984]]],[[[-118.24033,47.98092],[-118.23993,47.98092],[-118.23993,47.98038],[-118.23953,47.98038],[-118.23953,47.98011],[-118.23993,47.98011],[-118.23993,47.97984],[-118.24033,47.97984],[-118.24033,47.98011],[-118.24074,47.98011],[-118.24074,47.98038],[-118.24154,47.98038],[-118.24154,47.98092],[-118.24275,47.98092],[-118.24275,47.98119],[-118.24154,47.98119],[-118.24154,47.98146],[-118.24114,47.98146],[-118.24114,47.98173],[-118.24074,47.98173],[-118.24074,47.98119],[-118.24033,47.98119],[-118.24033,47.98092]]],[[[-118.24194,47.98173],[-118.24194,47.98226],[-118.24114,47.982],[-118.24114,47.98173],[-118.24194,47.98173]]],[[[-118.24154,47.9828],[-118.24154,47.98253],[-118.24194,47.98253],[-118.24194,47.9828],[-118.24154,47.9828]]]]},"properties":{"layer":"predicted_reach_h22","fire_name":"Mitre_Rock","irwin_id":"{C11A3685-C035-4241-A17C-8076EE99619D}","model":"arrival_run","checkpoint_epoch":216,"decode":"connected_causal","operating_point":{"floor":0.0,"mult":0.9},"val_precision":null,"val_recall":null,"model_caveat":"arrival_run chosen for best RECALL among the six FlameFlux v3 candidates on the production-valid t0-window corpus (R=0.624 on the fc2 held-out fires, R=0.432 on Dillon -- see candidate_comparison.md from the 2026-07-24 comparison). It does NOT meet the project's P>=0.50/R>=0.80 target: precision is the WORST of the six (P=0.120 on fc2 -- most flagged growth is wrong), and wind_run actually edges it on F1. IMPORTANT CAVEAT: arrival_run trained on the leaky 'observed' corpus (crop centered/sized on t0|t1, i.e. it saw the future perimeter's geometry during training) and has NEVER seen a t0-window crop -- the ONLY geometry this live pipeline can ever produce at forecast time (the future perimeter is, by definition, unknown). So every live prediction from this model is out-of-distribution relative to its own training. The measured t0-window numbers above already reflect that (they are not a surprise), but this is 'best available', not 'production-ready' -- represent it that way. The operating_point (floor=0.0, mult=0.9) is the VAL-selected connected-causal decode point; it did NOT clear the 0.50 precision floor during selection (feasible=False, val P=0.270/R=0.259) -- it's the best-F1 fallback point, not a precision-guaranteed one.","issued_at_utc":"2026-08-05 10:59:55.016141+00:00","valid_from_utc":"2026-08-05 00:00:00","valid_to_utc":"2026-08-06 00:00:00","wfigs_date_current_utc":"2026-08-05 10:16:25+00:00","pixel_size_m":30,"veg_source":"refreshed_d4","physics_source":"eikonal_fbfm40","history_n_dates":4,"degraded_history":false,"containment_pct":0.0,"acres_wfigs":4439.297279101989,"hour":22,"valid_at_utc":"2026-08-05 22:00:00"}},{"type":"Feature","geometry":{"type":"MultiPolygon","coordinates":[[[[-118.33282,47.90492],[-118.33242,47.90492],[-118.33242,47.90465],[-118.33282,47.90465],[-118.33282,47.90492]]],[[[-118.33122,47.90492],[-118.33001,47.90492],[-118.33001,47.90465],[-118.33122,47.90465],[-118.33122,47.90492]]],[[[-118.29221,47.913],[-118.29181,47.913],[-118.29181,47.91274],[-118.29221,47.91274],[-118.29221,47.913]]],[[[-118.29502,47.91193],[-118.29462,47.91193],[-118.29462,47.91139],[-118.29382,47.91139],[-118.29382,47.91112],[-118.29543,47.91112],[-118.29543,47.91058],[-118.29583,47.91058],[-118.29583,47.91004],[-118.29623,47.91004],[-118.29623,47.90977],[-118.29703,47.90977],[-118.29703,47.9095],[-118.30025,47.9095],[-118.30025,47.90896],[-118.30186,47.90896],[-118.30186,47.90869],[-118.30226,47.90869],[-118.30226,47.90842],[-118.30266,47.90842],[-118.30266,47.90815],[-118.30427,47.90788],[-118.30427,47.90761],[-118.30508,47.90761],[-118.30508,47.90735],[-118.30628,47.90735],[-118.30628,47.90708],[-118.30709,47.90708],[-118.30709,47.90681],[-118.30749,47.90681],[-118.30749,47.906],[-118.30829,47.906],[-118.30829,47.90573],[-118.31031,47.90573],[-118.31031,47.90546],[-118.31191,47.90546],[-118.31191,47.90519],[-118.31312,47.90519],[-118.31312,47.90492],[-118.31352,47.90492],[-118.31352,47.90519],[-118.31392,47.90519],[-118.31392,47.90492],[-118.31433,47.90492],[-118.31433,47.90519],[-118.31473,47.90519],[-118.31473,47.90492],[-118.31513,47.90492],[-118.31513,47.90519],[-118.31714,47.90519],[-118.31714,47.90492],[-118.31835,47.90492],[-118.31835,47.90465],[-118.31875,47.90465],[-118.31875,47.90492],[-118.31996,47.90492],[-118.31996,47.90519],[-118.32076,47.90519],[-118.32076,47.90546],[-118.32116,47.90546],[-118.32116,47.90573],[-118.32237,47.90573],[-118.32237,47.90546],[-118.32317,47.90519],[-118.32317,47.90384],[-118.32358,47.90384],[-118.32358,47.90249],[-118.32478,47.90249],[-118.32478,47.90276],[-118.32559,47.90276],[-118.32559,47.90303],[-118.32639,47.9033],[-118.32639,47.90384],[-118.32559,47.90384],[-118.32559,47.90411],[-118.32599,47.90411],[-118.32599,47.90627],[-118.3276,47.90573],[-118.3276,47.90519],[-118.32961,47.90519],[-118.32961,47.90492],[-118.33001,47.90492],[-118.33001,47.90519],[-118.33122,47.90519],[-118.33122,47.90492],[-118.33242,47.90492],[-118.33242,47.90519],[-118.33282,47.90519],[-118.33282,47.90492],[-118.33323,47.90492],[-118.33323,47.90519],[-118.33363,47.90519],[-118.33363,47.90492],[-118.33443,47.90465],[-118.33443,47.90411],[-118.33484,47.90411],[-118.33484,47.90465],[-118.33564,47.90465],[-118.33564,47.90519],[-118.33604,47.90519],[-118.33604,47.906],[-118.33564,47.906],[-118.33564,47.90627],[-118.33644,47.90627],[-118.33644,47.90654],[-118.33604,47.90654],[-118.33604,47.90681],[-118.33644,47.90681],[-118.33644,47.90735],[-118.33685,47.90735],[-118.33685,47.90788],[-118.33765,47.90788],[-118.33765,47.90815],[-118.33805,47.90815],[-118.33805,47.90842],[-118.33966,47.90869],[-118.33966,47.9095],[-118.34006,47.9095],[-118.34006,47.91004],[-118.34047,47.91004],[-118.34047,47.91058],[-118.34087,47.91058],[-118.34087,47.91112],[-118.34127,47.91112],[-118.34127,47.91166],[-118.34167,47.91166],[-118.34167,47.9122],[-118.34087,47.9122],[-118.34087,47.91166],[-118.34006,47.91139],[-118.34006,47.91166],[-118.33966,47.91166],[-118.33966,47.91247],[-118.33886,47.91247],[-118.33886,47.91274],[-118.33926,47.91274],[-118.33926,47.91327],[-118.33966,47.91327],[-118.33966,47.91408],[-118.33886,47.91408],[-118.33886,47.91462],[-118.33926,47.91462],[-118.33926,47.91516],[-118.33886,47.91516],[-118.33886,47.91597],[-118.33805,47.91624],[-118.33805,47.91651],[-118.33725,47.91651],[-118.33725,47.91678],[-118.33564,47.91678],[-118.33564,47.91732],[-118.33604,47.91732],[-118.33604,47.91813],[-118.33564,47.91813],[-118.33564,47.91839],[-118.33443,47.91839],[-118.33443,47.91813],[-118.33363,47.91813],[-118.33363,47.91839],[-118.33403,47.91839],[-118.33403,47.91866],[-118.33484,47.91866],[-118.33484,47.91893],[-118.33524,47.91893],[-118.33524,47.9192],[-118.33484,47.9192],[-118.33484,47.91947],[-118.33564,47.91947],[-118.33564,47.92028],[-118.33604,47.92028],[-118.33604,47.92055],[-118.33564,47.92055],[-118.33564,47.92136],[-118.33484,47.92136],[-118.33484,47.9219],[-118.33443,47.9219],[-118.33443,47.92244],[-118.33403,47.92244],[-118.33403,47.92298],[-118.33242,47.92325],[-118.33242,47.92459],[-118.33323,47.92486],[-118.33323,47.92621],[-118.33282,47.92621],[-118.33282,47.92675],[-118.33162,47.92675],[-118.33162,47.92783],[-118.33202,47.92783],[-118.33202,47.9281],[-118.33122,47.9281],[-118.33122,47.92864],[-118.33041,47.92864],[-118.33041,47.9289],[-118.33001,47.9289],[-118.33001,47.92971],[-118.32921,47.92971],[-118.32921,47.93079],[-118.32961,47.93079],[-118.32961,47.93133],[-118.3288,47.9316],[-118.3288,47.93214],[-118.3284,47.93214],[-118.3284,47.93295],[-118.32921,47.93322],[-118.32921,47.93376],[-118.33001,47.93376],[-118.33001,47.93429],[-118.33041,47.93429],[-118.33041,47.93537],[-118.33081,47.93537],[-118.33081,47.93618],[-118.33041,47.93618],[-118.33041,47.93753],[-118.33081,47.93753],[-118.33081,47.9378],[-118.33041,47.9378],[-118.33041,47.93807],[-118.33081,47.93807],[-118.33081,47.93834],[-118.33041,47.93834],[-118.33041,47.93888],[-118.33122,47.93915],[-118.33122,47.93968],[-118.33202,47.93968],[-118.33202,47.94022],[-118.33242,47.94022],[-118.33242,47.94076],[-118.33282,47.94076],[-118.33282,47.9413],[-118.33323,47.9413],[-118.33323,47.94157],[-118.33282,47.94157],[-118.33282,47.94184],[-118.33323,47.94184],[-118.33323,47.94211],[-118.33282,47.94211],[-118.33282,47.94238],[-118.33323,47.94238],[-118.33323,47.94265],[-118.33282,47.94265],[-118.33282,47.94346],[-118.33323,47.94346],[-118.33323,47.944],[-118.33363,47.944],[-118.33363,47.94454],[-118.33403,47.94454],[-118.33403,47.94481],[-118.33363,47.94481],[-118.33363,47.94588],[-118.33403,47.94588],[-118.33403,47.94615],[-118.33443,47.94615],[-118.33443,47.94642],[-118.33484,47.94642],[-118.33484,47.94669],[-118.33403,47.94696],[-118.33403,47.9475],[-118.33484,47.94777],[-118.33484,47.94804],[-118.33443,47.94804],[-118.33443,47.94831],[-118.33484,47.94831],[-118.33484,47.94912],[-118.33403,47.94912],[-118.33403,47.94939],[-118.33484,47.94939],[-118.33484,47.94993],[-118.33524,47.94993],[-118.33524,47.95019],[-118.33644,47.95019],[-118.33644,47.94993],[-118.33725,47.94993],[-118.33725,47.94966],[-118.33765,47.94966],[-118.33765,47.94993],[-118.33845,47.94993],[-118.33845,47.95046],[-118.33886,47.95046],[-118.33886,47.95208],[-118.33926,47.95208],[-118.33926,47.95235],[-118.34006,47.95235],[-118.34006,47.95262],[-118.34047,47.95262],[-118.34047,47.95289],[-118.34087,47.95289],[-118.34087,47.9537],[-118.34047,47.9537],[-118.34047,47.95424],[-118.34006,47.95424],[-118.34006,47.95478],[-118.34167,47.95478],[-118.34167,47.95505],[-118.34087,47.95505],[-118.34087,47.95558],[-118.34047,47.95558],[-118.34047,47.95639],[-118.34087,47.95639],[-118.34087,47.95666],[-118.34047,47.95666],[-118.34047,47.95693],[-118.34087,47.95693],[-118.34087,47.95774],[-118.34047,47.95774],[-118.34047,47.95882],[-118.34087,47.95882],[-118.34087,47.95936],[-118.34047,47.95936],[-118.34047,47.96017],[-118.33966,47.96044],[-118.33966,47.96071],[-118.34006,47.96071],[-118.34006,47.96124],[-118.34047,47.96124],[-118.34047,47.96151],[-118.34167,47.96151],[-118.34167,47.96259],[-118.34207,47.96259],[-118.34207,47.96313],[-118.34167,47.96313],[-118.34167,47.96394],[-118.34127,47.96394],[-118.34127,47.96448],[-118.34087,47.96448],[-118.34087,47.96529],[-118.34047,47.96529],[-118.34047,47.96744],[-118.34006,47.96744],[-118.34006,47.96771],[-118.33926,47.96798],[-118.33926,47.96825],[-118.33845,47.96852],[-118.33845,47.96906],[-118.33926,47.96906],[-118.33926,47.9696],[-118.33886,47.9696],[-118.33886,47.96987],[-118.33644,47.96987],[-118.33644,47.97041],[-118.33685,47.97041],[-118.33685,47.97148],[-118.33765,47.97148],[-118.33765,47.97202],[-118.33805,47.97202],[-118.33805,47.97256],[-118.33926,47.97256],[-118.33926,47.97364],[-118.33886,47.97364],[-118.33886,47.97391],[-118.33805,47.97391],[-118.33805,47.97418],[-118.33725,47.97418],[-118.33725,47.97445],[-118.33685,47.97445],[-118.33685,47.97472],[-118.33644,47.97472],[-118.33644,47.97499],[-118.33604,47.97499],[-118.33604,47.97526],[-118.33524,47.97553],[-118.33524,47.97634],[-118.33604,47.97661],[-118.33604,47.97687],[-118.33403,47.97687],[-118.33403,47.97714],[-118.33282,47.97714],[-118.33282,47.97741],[-118.33242,47.97741],[-118.33242,47.97795],[-118.33162,47.97795],[-118.33162,47.97849],[-118.33122,47.97849],[-118.33122,47.97876],[-118.33323,47.97876],[-118.33323,47.97903],[-118.33484,47.97903],[-118.33484,47.9793],[-118.33604,47.9793],[-118.33604,47.97957],[-118.33725,47.97957],[-118.33725,47.9793],[-118.33765,47.9793],[-118.33765,47.97957],[-118.33886,47.97957],[-118.33886,47.98011],[-118.33926,47.98011],[-118.33926,47.98065],[-118.33966,47.98065],[-118.33966,47.98092],[-118.33926,47.98092],[-118.33926,47.98226],[-118.33966,47.98226],[-118.33966,47.98253],[-118.33926,47.98253],[-118.33926,47.9828],[-118.33966,47.9828],[-118.33966,47.98361],[-118.33926,47.98361],[-118.33926,47.98415],[-118.33805,47.98415],[-118.33805,47.98226],[-118.33725,47.98226],[-118.33725,47.98253],[-118.33685,47.98253],[-118.33685,47.98307],[-118.33644,47.98307],[-118.33644,47.98334],[-118.33564,47.98334],[-118.33564,47.98361],[-118.33484,47.98334],[-118.33484,47.98361],[-118.33443,47.98361],[-118.33443,47.98388],[-118.33484,47.98388],[-118.33484,47.98442],[-118.33524,47.98442],[-118.33524,47.98469],[-118.33443,47.98469],[-118.33443,47.98442],[-118.33403,47.98442],[-118.33403,47.98415],[-118.33323,47.98388],[-118.33323,47.98415],[-118.33242,47.98415],[-118.33242,47.98442],[-118.33202,47.98442],[-118.33202,47.98469],[-118.33162,47.98469],[-118.33162,47.98496],[-118.33122,47.98496],[-118.33122,47.9855],[-118.33081,47.9855],[-118.33081,47.98604],[-118.33041,47.98604],[-118.33041,47.98631],[-118.33001,47.98631],[-118.33001,47.98658],[-118.32961,47.98658],[-118.32961,47.98712],[-118.3288,47.98738],[-118.3288,47.98792],[-118.3284,47.98792],[-118.3284,47.98846],[-118.328,47.98846],[-118.328,47.989],[-118.3276,47.989],[-118.3276,47.99062],[-118.328,47.99062],[-118.328,47.99089],[-118.3288,47.99116],[-118.3288,47.99197],[-118.3284,47.99197],[-118.3284,47.99224],[-118.3276,47.99224],[-118.3276,47.99251],[-118.32719,47.99251],[-118.32719,47.99277],[-118.32679,47.99277],[-118.32679,47.99304],[-118.32599,47.99331],[-118.32599,47.99358],[-118.32639,47.99358],[-118.32639,47.99439],[-118.32559,47.99466],[-118.32559,47.99493],[-118.32478,47.9952],[-118.32478,47.99547],[-118.32398,47.99547],[-118.32398,47.99493],[-118.32438,47.99493],[-118.32438,47.99412],[-118.32358,47.99412],[-118.32358,47.99439],[-118.32237,47.99439],[-118.32237,47.99466],[-118.32157,47.99466],[-118.32157,47.99493],[-118.32116,47.99493],[-118.32116,47.9952],[-118.31996,47.9952],[-118.31996,47.99493],[-118.31835,47.99493],[-118.31835,47.99466],[-118.31754,47.99466],[-118.31754,47.99439],[-118.31714,47.99439],[-118.31714,47.99412],[-118.31634,47.99412],[-118.31634,47.99385],[-118.31594,47.99385],[-118.31594,47.99358],[-118.31513,47.99358],[-118.31513,47.99304],[-118.31433,47.99277],[-118.31433,47.99251],[-118.31312,47.99251],[-118.31312,47.99277],[-118.31272,47.99277],[-118.31272,47.99304],[-118.31232,47.99304],[-118.31232,47.99331],[-118.31191,47.99331],[-118.31191,47.99385],[-118.31151,47.99385],[-118.31151,47.99466],[-118.31111,47.99466],[-118.31111,47.99547],[-118.31071,47.99547],[-118.31071,47.99655],[-118.31031,47.99655],[-118.31031,47.99682],[-118.3091,47.99682],[-118.3091,47.99655],[-118.30829,47.99655],[-118.30829,47.99628],[-118.30789,47.99628],[-118.30789,47.99601],[-118.30508,47.99601],[-118.30508,47.99547],[-118.30347,47.99547],[-118.30347,47.99574],[-118.30307,47.99574],[-118.30307,47.99601],[-118.30226,47.99601],[-118.30226,47.99628],[-118.30186,47.99628],[-118.30186,47.99601],[-118.30065,47.99601],[-118.30065,47.9952],[-118.30106,47.9952],[-118.30106,47.99493],[-118.30065,47.99493],[-118.30065,47.99439],[-118.29945,47.99439],[-118.29945,47.99385],[-118.29985,47.99385],[-118.29985,47.99251],[-118.29945,47.99251],[-118.29945,47.99277],[-118.29744,47.99277],[-118.29744,47.99224],[-118.29784,47.99224],[-118.29784,47.99197],[-118.29864,47.99197],[-118.29864,47.9917],[-118.29905,47.9917],[-118.29905,47.99143],[-118.29985,47.99116],[-118.29985,47.99089],[-118.30106,47.99089],[-118.30106,47.99035],[-118.30266,47.99008],[-118.30266,47.98954],[-118.30226,47.98954],[-118.30226,47.98846],[-118.30307,47.98819],[-118.30307,47.98604],[-118.30347,47.98604],[-118.30347,47.98577],[-118.30508,47.98577],[-118.30508,47.98469],[-118.30468,47.98469],[-118.30468,47.98442],[-118.30387,47.98415],[-118.30387,47.98307],[-118.30548,47.9828],[-118.30548,47.98226],[-118.30588,47.98226],[-118.30588,47.98173],[-118.30628,47.98173],[-118.30628,47.98146],[-118.30669,47.98146],[-118.30669,47.98119],[-118.30749,47.98119],[-118.30749,47.98065],[-118.30789,47.98065],[-118.30789,47.98011],[-118.30829,47.98011],[-118.30829,47.97957],[-118.3087,47.97957],[-118.3087,47.97903],[-118.3091,47.97903],[-118.3091,47.97849],[-118.3095,47.97849],[-118.3095,47.97795],[-118.3099,47.97795],[-118.3099,47.9758],[-118.31031,47.9758],[-118.31031,47.97526],[-118.31071,47.97526],[-118.31071,47.97472],[-118.31151,47.97472],[-118.31151,47.97445],[-118.31232,47.97445],[-118.31232,47.97418],[-118.31392,47.97418],[-118.31392,47.97364],[-118.31433,47.97364],[-118.31433,47.9731],[-118.31473,47.9731],[-118.31473,47.97202],[-118.31513,47.97202],[-118.31513,47.97014],[-118.31553,47.97014],[-118.31553,47.96987],[-118.31634,47.96987],[-118.31634,47.96771],[-118.31674,47.96771],[-118.31674,47.96744],[-118.31634,47.96744],[-118.31634,47.96636],[-118.31594,47.96636],[-118.31594,47.96556],[-118.31634,47.96556],[-118.31634,47.96475],[-118.31714,47.96448],[-118.31714,47.96394],[-118.31754,47.96394],[-118.31754,47.96286],[-118.31674,47.96259],[-118.31674,47.96232],[-118.31553,47.96232],[-118.31553,47.96205],[-118.31473,47.96178],[-118.31473,47.96124],[-118.31392,47.96124],[-118.31392,47.96097],[-118.31191,47.96097],[-118.31191,47.96124],[-118.31151,47.96124],[-118.31151,47.96044],[-118.31232,47.96017],[-118.31232,47.9599],[-118.31272,47.9599],[-118.31272,47.95936],[-118.31312,47.95936],[-118.31312,47.95909],[-118.31352,47.95909],[-118.31352,47.95882],[-118.31433,47.95855],[-118.31433,47.95774],[-118.31392,47.95774],[-118.31392,47.95747],[-118.31111,47.95747],[-118.31111,47.95774],[-118.30789,47.95774],[-118.30789,47.95747],[-118.30548,47.95747],[-118.30548,47.95774],[-118.30468,47.95747],[-118.30468,47.95774],[-118.30427,47.95774],[-118.30427,47.95747],[-118.30387,47.95747],[-118.30387,47.95774],[-118.30146,47.95774],[-118.30146,47.95747],[-118.29905,47.95747],[-118.29905,47.9572],[-118.29663,47.9572],[-118.29663,47.95693],[-118.29543,47.95693],[-118.29543,47.9572],[-118.29181,47.9572],[-118.29181,47.95747],[-118.2914,47.95747],[-118.2914,47.9572],[-118.2906,47.9572],[-118.2906,47.95747],[-118.28899,47.95747],[-118.28899,47.95774],[-118.28859,47.95774],[-118.28859,47.95801],[-118.28779,47.95801],[-118.28779,47.95855],[-118.28698,47.95855],[-118.28698,47.95909],[-118.28658,47.95909],[-118.28658,47.95882],[-118.28457,47.95882],[-118.28457,47.95936],[-118.28376,47.95963],[-118.28376,47.96017],[-118.28296,47.96044],[-118.28296,47.96071],[-118.28256,47.96071],[-118.28256,47.96124],[-118.28216,47.96124],[-118.28216,47.96151],[-118.28175,47.96151],[-118.28175,47.96178],[-118.28135,47.96178],[-118.28135,47.96205],[-118.28095,47.96205],[-118.28095,47.96232],[-118.28055,47.96232],[-118.28055,47.96286],[-118.27934,47.96286],[-118.27934,47.96421],[-118.27854,47.96421],[-118.27854,47.96475],[-118.27813,47.96475],[-118.27813,47.96502],[-118.27773,47.96502],[-118.27773,47.96529],[-118.27733,47.96529],[-118.27733,47.96556],[-118.27653,47.96556],[-118.27653,47.9661],[-118.27572,47.9661],[-118.27572,47.96636],[-118.27532,47.96636],[-118.27532,47.96663],[-118.27452,47.96663],[-118.27452,47.96744],[-118.27411,47.96744],[-118.27411,47.96798],[-118.27371,47.96798],[-118.27371,47.96825],[-118.27411,47.96825],[-118.27411,47.96852],[-118.27331,47.96879],[-118.27331,47.96906],[-118.27291,47.96906],[-118.27291,47.96933],[-118.2725,47.96933],[-118.2725,47.9696],[-118.2721,47.9696],[-118.2721,47.96987],[-118.2717,47.96987],[-118.2717,47.97014],[-118.27009,47.97014],[-118.27009,47.97041],[-118.26929,47.97068],[-118.26929,47.97095],[-118.26889,47.97095],[-118.26889,47.97122],[-118.26848,47.97122],[-118.26848,47.97148],[-118.26889,47.97148],[-118.26889,47.97202],[-118.26929,47.97202],[-118.26929,47.97229],[-118.26889,47.97229],[-118.26889,47.97256],[-118.26929,47.97256],[-118.26929,47.97283],[-118.26848,47.9731],[-118.26848,47.97337],[-118.26768,47.97364],[-118.26768,47.97391],[-118.26687,47.97391],[-118.26687,47.97418],[-118.26567,47.97418],[-118.26567,47.97391],[-118.26486,47.97391],[-118.26486,47.97364],[-118.26446,47.97364],[-118.26446,47.97337],[-118.26366,47.9731],[-118.26366,47.97283],[-118.26285,47.97283],[-118.26285,47.97256],[-118.26205,47.97283],[-118.26205,47.9731],[-118.26245,47.9731],[-118.26245,47.97337],[-118.26326,47.97364],[-118.26326,47.97391],[-118.26285,47.97391],[-118.26285,47.97472],[-118.26124,47.97472],[-118.26124,47.97499],[-118.26084,47.97499],[-118.26084,47.97526],[-118.26044,47.97526],[-118.26044,47.97607],[-118.26124,47.97634],[-118.26124,47.97849],[-118.26165,47.97849],[-118.26165,47.97876],[-118.26124,47.97876],[-118.26124,47.97903],[-118.25923,47.97903],[-118.25923,47.9793],[-118.25521,47.9793],[-118.25521,47.97903],[-118.25481,47.97903],[-118.25481,47.97876],[-118.2524,47.97876],[-118.2524,47.97849],[-118.25159,47.97822],[-118.25159,47.97714],[-118.25079,47.97714],[-118.25079,47.97795],[-118.25039,47.97795],[-118.25039,47.97768],[-118.24918,47.97768],[-118.24918,47.97849],[-118.24958,47.97849],[-118.24958,47.97957],[-118.24918,47.97957],[-118.24918,47.97984],[-118.24838,47.97984],[-118.24838,47.98011],[-118.24717,47.98011],[-118.24717,47.97984],[-118.24516,47.97984],[-118.24516,47.98011],[-118.24476,47.98011],[-118.24476,47.98038],[-118.24435,47.98038],[-118.24435,47.98065],[-118.24355,47.98092],[-118.24355,47.98011],[-118.24315,47.98011],[-118.24315,47.9793],[-118.24275,47.9793],[-118.24275,47.97903],[-118.24355,47.97876],[-118.24355,47.97849],[-118.24637,47.97849],[-118.24637,47.97822],[-118.24717,47.97795],[-118.24717,47.97741],[-118.24878,47.97741],[-118.24878,47.97714],[-118.24797,47.97714],[-118.24797,47.97687],[-118.25159,47.97687],[-118.25159,47.97634],[-118.252,47.97634],[-118.252,47.97607],[-118.25119,47.9758],[-118.25119,47.97553],[-118.24958,47.97553],[-118.24958,47.97526],[-118.24556,47.97526],[-118.24556,47.97499],[-118.24315,47.97472],[-118.24315,47.97445],[-118.24234,47.97445],[-118.24234,47.97418],[-118.24194,47.97418],[-118.24194,47.97256],[-118.24234,47.97256],[-118.24234,47.97095],[-118.24154,47.97095],[-118.24154,47.97068],[-118.24114,47.97068],[-118.24114,47.97041],[-118.23993,47.97041],[-118.23993,47.97014],[-118.23953,47.97014],[-118.23953,47.96987],[-118.23913,47.96987],[-118.23913,47.96906],[-118.23872,47.96906],[-118.23872,47.96879],[-118.23913,47.96879],[-118.23913,47.96825],[-118.23953,47.96825],[-118.23953,47.96798],[-118.23993,47.96798],[-118.23993,47.96771],[-118.24074,47.96771],[-118.24074,47.96744],[-118.24033,47.96744],[-118.24033,47.96717],[-118.24114,47.96717],[-118.24114,47.96744],[-118.24234,47.96744],[-118.24234,47.96663],[-118.24114,47.96663],[-118.24114,47.9669],[-118.24033,47.96663],[-118.24033,47.9669],[-118.23993,47.9669],[-118.23993,47.96663],[-118.23913,47.96663],[-118.23913,47.9661],[-118.23832,47.96636],[-118.23832,47.96529],[-118.23752,47.96556],[-118.23752,47.96421],[-118.23671,47.96421],[-118.23671,47.96394],[-118.23752,47.96394],[-118.23752,47.96367],[-118.23712,47.96367],[-118.23712,47.9634],[-118.23752,47.9634],[-118.23752,47.96097],[-118.23671,47.96097],[-118.23671,47.96071],[-118.23712,47.96071],[-118.23712,47.96044],[-118.23671,47.96044],[-118.23671,47.95936],[-118.23591,47.95936],[-118.23591,47.95909],[-118.23631,47.95909],[-118.23631,47.95882],[-118.23591,47.95882],[-118.23591,47.95828],[-118.23551,47.95828],[-118.23551,47.9572],[-118.23511,47.9572],[-118.23511,47.95666],[-118.2343,47.95666],[-118.2343,47.95639],[-118.2339,47.95639],[-118.2339,47.95585],[-118.2343,47.95585],[-118.2343,47.95505],[-118.2335,47.95505],[-118.2335,47.95532],[-118.23309,47.95532],[-118.23309,47.95451],[-118.2335,47.95451],[-118.2335,47.95424],[-118.2343,47.95424],[-118.2343,47.95289],[-118.23309,47.95289],[-118.23309,47.95262],[-118.2335,47.95262],[-118.2335,47.95181],[-118.23309,47.95181],[-118.23309,47.95235],[-118.23269,47.95235],[-118.23269,47.95154],[-118.23309,47.95154],[-118.23309,47.95127],[-118.23269,47.95127],[-118.23269,47.951],[-118.2335,47.951],[-118.2335,47.95046],[-118.2347,47.95046],[-118.2347,47.95073],[-118.23511,47.95073],[-118.23511,47.95019],[-118.2343,47.95019],[-118.2343,47.94966],[-118.2335,47.94966],[-118.2335,47.94939],[-118.23551,47.94939],[-118.23551,47.94831],[-118.23511,47.94831],[-118.23511,47.94858],[-118.23269,47.94858],[-118.23269,47.94831],[-118.23229,47.94831],[-118.23229,47.94804],[-118.2335,47.94804],[-118.2335,47.94777],[-118.23309,47.94777],[-118.23309,47.9475],[-118.2335,47.9475],[-118.2335,47.94723],[-118.23511,47.94723],[-118.23511,47.94696],[-118.23712,47.94696],[-118.23712,47.94615],[-118.23752,47.94615],[-118.23752,47.94534],[-118.23712,47.94534],[-118.23712,47.944],[-118.23752,47.944],[-118.23752,47.94238],[-118.23712,47.94238],[-118.23712,47.93995],[-118.23752,47.93995],[-118.23752,47.93915],[-118.23712,47.93915],[-118.23712,47.93861],[-118.23752,47.93861],[-118.23752,47.93645],[-118.23712,47.93645],[-118.23712,47.93564],[-118.23792,47.93537],[-118.23792,47.93483],[-118.23832,47.93483],[-118.23832,47.93429],[-118.23792,47.93429],[-118.23792,47.93079],[-118.23832,47.93079],[-118.23832,47.92944],[-118.23872,47.92944],[-118.23872,47.9289],[-118.23913,47.9289],[-118.23913,47.92864],[-118.23832,47.92837],[-118.23832,47.9281],[-118.23752,47.9281],[-118.23752,47.92783],[-118.23712,47.92783],[-118.23712,47.92756],[-118.23631,47.92729],[-118.23631,47.92675],[-118.23591,47.92675],[-118.23591,47.92648],[-118.23551,47.92648],[-118.23551,47.92621],[-118.23511,47.92621],[-118.23511,47.92648],[-118.2343,47.92675],[-118.2343,47.92702],[-118.23309,47.92702],[-118.23309,47.92675],[-118.23269,47.92675],[-118.23269,47.92648],[-118.23229,47.92648],[-118.23229,47.92621],[-118.23149,47.92621],[-118.23149,47.92594],[-118.23108,47.92594],[-118.23108,47.9254],[-118.23068,47.9254],[-118.23068,47.92513],[-118.22988,47.92486],[-118.22988,47.92459],[-118.22867,47.92459],[-118.22867,47.92486],[-118.22827,47.92486],[-118.22827,47.92459],[-118.22747,47.92459],[-118.22747,47.92432],[-118.22626,47.92432],[-118.22626,47.92405],[-118.22545,47.92405],[-118.22545,47.92378],[-118.22505,47.92378],[-118.22505,47.92352],[-118.22465,47.92352],[-118.22465,47.92325],[-118.22304,47.92298],[-118.22304,47.92271],[-118.22264,47.92271],[-118.22264,47.92244],[-118.22143,47.92244],[-118.22143,47.92217],[-118.22103,47.92217],[-118.22103,47.9219],[-118.22023,47.9219],[-118.22023,47.92163],[-118.21982,47.92163],[-118.21982,47.92136],[-118.21902,47.92109],[-118.21902,47.91759],[-118.21862,47.91759],[-118.21862,47.91651],[-118.21822,47.91651],[-118.21822,47.91624],[-118.21701,47.91624],[-118.21701,47.91597],[-118.21661,47.91597],[-118.21661,47.9157],[-118.2158,47.91543],[-118.2158,47.91408],[-118.2154,47.91408],[-118.2154,47.91327],[-118.215,47.91327],[-118.215,47.91247],[-118.21419,47.9122],[-118.21419,47.91139],[-118.2146,47.91139],[-118.2146,47.91112],[-118.2154,47.91085],[-118.2154,47.9095],[-118.2158,47.9095],[-118.2158,47.90923],[-118.21781,47.90923],[-118.21781,47.9095],[-118.21902,47.9095],[-118.21902,47.90923],[-118.22063,47.90896],[-118.22063,47.90681],[-118.22143,47.90681],[-118.22143,47.90708],[-118.22184,47.90708],[-118.22184,47.90735],[-118.22304,47.90735],[-118.22304,47.90761],[-118.22465,47.90761],[-118.22465,47.90735],[-118.22505,47.90735],[-118.22505,47.90681],[-118.22545,47.90681],[-118.22545,47.90654],[-118.22626,47.90654],[-118.22626,47.90627],[-118.22867,47.90627],[-118.22867,47.90681],[-118.22948,47.90681],[-118.22948,47.90735],[-118.23028,47.90735],[-118.23028,47.90761],[-118.23068,47.90761],[-118.23068,47.90788],[-118.23108,47.90788],[-118.23108,47.90761],[-118.23149,47.90761],[-118.23149,47.90735],[-118.23189,47.90735],[-118.23189,47.90681],[-118.2335,47.90681],[-118.2335,47.90842],[-118.2339,47.90842],[-118.2339,47.90869],[-118.2347,47.90896],[-118.2347,47.90923],[-118.23551,47.90923],[-118.23551,47.90896],[-118.23712,47.90896],[-118.23712,47.90869],[-118.23792,47.90842],[-118.23792,47.90815],[-118.23832,47.90815],[-118.23832,47.90788],[-118.24033,47.90788],[-118.24033,47.90815],[-118.24074,47.90815],[-118.24074,47.90788],[-118.24194,47.90788],[-118.24194,47.90761],[-118.24234,47.90761],[-118.24234,47.90815],[-118.24275,47.90815],[-118.24275,47.90842],[-118.24355,47.90842],[-118.24355,47.90869],[-118.24395,47.90869],[-118.24395,47.90896],[-118.24556,47.90896],[-118.24556,47.90869],[-118.24838,47.90869],[-118.24838,47.90896],[-118.24878,47.90896],[-118.24878,47.91004],[-118.24918,47.91004],[-118.24918,47.91058],[-118.24958,47.91058],[-118.24958,47.91085],[-118.25039,47.91112],[-118.25039,47.91166],[-118.25119,47.91193],[-118.25119,47.91354],[-118.25159,47.91354],[-118.25159,47.91381],[-118.252,47.91381],[-118.252,47.91408],[-118.2524,47.91408],[-118.2524,47.91381],[-118.2536,47.91381],[-118.2536,47.91408],[-118.25441,47.91435],[-118.25441,47.91489],[-118.25481,47.91489],[-118.25481,47.9157],[-118.25521,47.9157],[-118.25521,47.91651],[-118.25561,47.91651],[-118.25561,47.91705],[-118.25602,47.91705],[-118.25602,47.91759],[-118.25642,47.91759],[-118.25642,47.91813],[-118.25682,47.91813],[-118.25682,47.91839],[-118.25763,47.91866],[-118.25763,47.9192],[-118.25803,47.9192],[-118.25803,47.91974],[-118.25843,47.91974],[-118.25843,47.92028],[-118.25883,47.92028],[-118.25883,47.92082],[-118.26084,47.92082],[-118.26084,47.92136],[-118.26165,47.92136],[-118.26165,47.92163],[-118.26205,47.92163],[-118.26205,47.9219],[-118.26326,47.9219],[-118.26326,47.92217],[-118.26486,47.92244],[-118.26486,47.92271],[-118.26527,47.92271],[-118.26527,47.92298],[-118.26687,47.92298],[-118.26687,47.92325],[-118.26768,47.92325],[-118.26768,47.92352],[-118.26929,47.92352],[-118.26929,47.92378],[-118.27049,47.92378],[-118.27049,47.92405],[-118.2709,47.92405],[-118.2709,47.92432],[-118.2717,47.92432],[-118.2717,47.92325],[-118.2721,47.92325],[-118.2721,47.92298],[-118.27411,47.92298],[-118.27411,47.92271],[-118.27452,47.92271],[-118.27452,47.92244],[-118.27653,47.92244],[-118.27653,47.92217],[-118.27612,47.92217],[-118.27612,47.9219],[-118.27854,47.9219],[-118.27854,47.92136],[-118.27934,47.92136],[-118.27934,47.92082],[-118.27974,47.92082],[-118.27974,47.92136],[-118.28014,47.92136],[-118.28014,47.92055],[-118.27934,47.92055],[-118.27934,47.92028],[-118.27974,47.92028],[-118.27974,47.92001],[-118.27854,47.92001],[-118.27854,47.91974],[-118.27934,47.91947],[-118.27934,47.9192],[-118.28095,47.9192],[-118.28095,47.91893],[-118.28055,47.91893],[-118.28055,47.91866],[-118.28135,47.91866],[-118.28135,47.91893],[-118.28175,47.91893],[-118.28175,47.91866],[-118.28336,47.91866],[-118.28336,47.91813],[-118.28376,47.91813],[-118.28376,47.91516],[-118.28457,47.91489],[-118.28457,47.91462],[-118.28819,47.91462],[-118.28819,47.91435],[-118.28859,47.91435],[-118.28859,47.91381],[-118.28939,47.91381],[-118.28939,47.91327],[-118.2902,47.913],[-118.2902,47.91274],[-118.291,47.91274],[-118.291,47.91247],[-118.2914,47.91247],[-118.2914,47.913],[-118.2906,47.913],[-118.2906,47.91327],[-118.29221,47.91327],[-118.29221,47.913],[-118.29422,47.913],[-118.29422,47.91327],[-118.29502,47.91327],[-118.29502,47.91193]],[[-118.2335,47.95478],[-118.2343,47.95478],[-118.2343,47.95451],[-118.2335,47.95451],[-118.2335,47.95478]],[[-118.23591,47.94831],[-118.23591,47.94804],[-118.23551,47.94804],[-118.23551,47.94831],[-118.23591,47.94831]],[[-118.30628,47.98954],[-118.30628,47.989],[-118.30669,47.989],[-118.30669,47.98846],[-118.30588,47.98846],[-118.30588,47.989],[-118.30508,47.98927],[-118.30508,47.99008],[-118.30548,47.99008],[-118.30548,47.98981],[-118.30588,47.98981],[-118.30588,47.98954],[-118.30628,47.98954]],[[-118.3095,47.98631],[-118.3095,47.98604],[-118.31031,47.98577],[-118.31031,47.98496],[-118.31071,47.98496],[-118.31071,47.98415],[-118.31111,47.98415],[-118.31111,47.98334],[-118.3095,47.98307],[-118.3095,47.98334],[-118.3087,47.98334],[-118.3087,47.98361],[-118.30789,47.98388],[-118.30789,47.98442],[-118.30749,47.98442],[-118.30749,47.98523],[-118.30709,47.98523],[-118.30709,47.9855],[-118.30749,47.9855],[-118.30749,47.98577],[-118.30709,47.98577],[-118.30709,47.98631],[-118.30669,47.98631],[-118.30669,47.98685],[-118.3087,47.98685],[-118.3087,47.98658],[-118.3095,47.98631]],[[-118.26848,47.97202],[-118.26848,47.97175],[-118.26808,47.97175],[-118.26808,47.97202],[-118.26848,47.97202]],[[-118.33644,47.95639],[-118.33644,47.95612],[-118.33604,47.95612],[-118.33604,47.95639],[-118.33644,47.95639]],[[-118.24275,47.95532],[-118.24275,47.95505],[-118.24234,47.95505],[-118.24234,47.95532],[-118.24275,47.95532]],[[-118.23511,47.95532],[-118.23511,47.95505],[-118.2347,47.95505],[-118.2347,47.95532],[-118.23511,47.95532]],[[-118.2339,47.95154],[-118.2339,47.95208],[-118.2343,47.95208],[-118.2343,47.95154],[-118.2339,47.95154]],[[-118.2339,47.95127],[-118.2335,47.95127],[-118.2335,47.95154],[-118.2339,47.95154],[-118.2339,47.95127]],[[-118.24596,47.95019],[-118.24596,47.94993],[-118.24556,47.94993],[-118.24556,47.95019],[-118.24596,47.95019]],[[-118.23591,47.94993],[-118.23591,47.94966],[-118.23551,47.94966],[-118.23551,47.94993],[-118.23591,47.94993]],[[-118.30669,47.94966],[-118.30669,47.94939],[-118.30628,47.94939],[-118.30628,47.94966],[-118.30669,47.94966]],[[-118.3099,47.94723],[-118.3099,47.94696],[-118.3095,47.94696],[-118.3095,47.94723],[-118.3099,47.94723]],[[-118.3087,47.94615],[-118.3087,47.94588],[-118.30829,47.94588],[-118.30829,47.94615],[-118.3087,47.94615]],[[-118.31191,47.94561],[-118.31191,47.94534],[-118.31151,47.94534],[-118.31151,47.94561],[-118.31191,47.94561]],[[-118.2524,47.94534],[-118.2524,47.94507],[-118.252,47.94507],[-118.252,47.94534],[-118.2524,47.94534]],[[-118.25401,47.944],[-118.25401,47.94373],[-118.2536,47.94373],[-118.2536,47.944],[-118.25401,47.944]],[[-118.28014,47.91974],[-118.28014,47.91947],[-118.27974,47.91947],[-118.27974,47.91974],[-118.28014,47.91974]],[[-118.30789,47.90788],[-118.30789,47.90761],[-118.30749,47.90761],[-118.30749,47.90788],[-118.30789,47.90788]]],[[[-118.25119,47.97822],[-118.25079,47.97822],[-118.25079,47.97795],[-118.25119,47.97795],[-118.25119,47.97822]]],[[[-118.24355,47.98119],[-118.24315,47.98119],[-118.24315,47.98092],[-118.24355,47.98092],[-118.24355,47.98119]]],[[[-118.24315,47.98146],[-118.24275,47.98146],[-118.24275,47.98119],[-118.24315,47.98119],[-118.24315,47.98146]]],[[[-118.24194,47.98253],[-118.24194,47.98226],[-118.24234,47.98226],[-118.24234,47.98253],[-118.24194,47.98253]]],[[[-118.24194,47.98307],[-118.24194,47.9828],[-118.24234,47.9828],[-118.24234,47.98307],[-118.24194,47.98307]]],[[[-118.22545,47.99008],[-118.22505,47.99008],[-118.22505,47.98954],[-118.22465,47.98954],[-118.22465,47.98927],[-118.22505,47.98927],[-118.22505,47.989],[-118.22465,47.989],[-118.22465,47.98846],[-118.22425,47.98846],[-118.22425,47.98765],[-118.22385,47.98765],[-118.22385,47.98685],[-118.22425,47.98685],[-118.22425,47.98658],[-118.22545,47.98658],[-118.22545,47.98631],[-118.22626,47.98631],[-118.22626,47.98658],[-118.22706,47.98658],[-118.22706,47.98685],[-118.22787,47.98712],[-118.22787,47.98738],[-118.22867,47.98738],[-118.22867,47.98765],[-118.23028,47.98765],[-118.23028,47.98738],[-118.23189,47.98738],[-118.23189,47.98712],[-118.23269,47.98712],[-118.23269,47.98658],[-118.2335,47.98658],[-118.2335,47.98631],[-118.23309,47.98631],[-118.23309,47.98469],[-118.23269,47.98469],[-118.23269,47.98334],[-118.23551,47.98334],[-118.23551,47.98361],[-118.23591,47.98361],[-118.23591,47.98388],[-118.23631,47.98388],[-118.23631,47.98361],[-118.23752,47.98361],[-118.23752,47.98388],[-118.23832,47.98388],[-118.23832,47.98415],[-118.23872,47.98415],[-118.23872,47.98442],[-118.23913,47.98442],[-118.23913,47.98469],[-118.23993,47.98469],[-118.23993,47.98496],[-118.24033,47.98496],[-118.24033,47.98469],[-118.24074,47.98469],[-118.24074,47.98442],[-118.24114,47.98442],[-118.24114,47.98361],[-118.24074,47.98361],[-118.24074,47.98334],[-118.24154,47.98334],[-118.24154,47.98307],[-118.24194,47.98307],[-118.24194,47.98334],[-118.24315,47.98334],[-118.24315,47.98361],[-118.24355,47.98361],[-118.24355,47.98388],[-118.24435,47.98388],[-118.24435,47.98442],[-118.24476,47.98442],[-118.24476,47.98469],[-118.24395,47.98469],[-118.24395,47.98496],[-118.24476,47.98496],[-118.24476,47.9855],[-118.24556,47.9855],[-118.24556,47.98604],[-118.24637,47.98604],[-118.24637,47.98631],[-118.24677,47.98631],[-118.24677,47.98658],[-118.24958,47.98658],[-118.24958,47.98685],[-118.25119,47.98685],[-118.25119,47.98712],[-118.25521,47.98712],[-118.25521,47.98685],[-118.25602,47.98685],[-118.25602,47.98712],[-118.25964,47.98712],[-118.25964,47.98685],[-118.26044,47.98685],[-118.26044,47.98658],[-118.26084,47.98658],[-118.26084,47.98685],[-118.26165,47.98658],[-118.26165,47.98685],[-118.26326,47.98685],[-118.26326,47.98712],[-118.26486,47.98712],[-118.26486,47.98738],[-118.26527,47.98738],[-118.26527,47.98712],[-118.26607,47.98712],[-118.26607,47.98685],[-118.26647,47.98685],[-118.26647,47.98712],[-118.26728,47.98685],[-118.26728,47.98712],[-118.26848,47.98712],[-118.26848,47.98738],[-118.26889,47.98738],[-118.26889,47.98765],[-118.27049,47.98765],[-118.27049,47.98792],[-118.2709,47.98792],[-118.2709,47.98873],[-118.27009,47.989],[-118.27009,47.98981],[-118.26768,47.98981],[-118.26768,47.99008],[-118.26728,47.99008],[-118.26728,47.99035],[-118.26647,47.99062],[-118.26647,47.99197],[-118.26687,47.99197],[-118.26687,47.99251],[-118.26728,47.99251],[-118.26728,47.99331],[-118.26808,47.99358],[-118.26808,47.99412],[-118.26647,47.99412],[-118.26647,47.99385],[-118.26406,47.99385],[-118.26406,47.99412],[-118.26044,47.99412],[-118.26044,47.99385],[-118.26004,47.99385],[-118.26004,47.99358],[-118.25964,47.99358],[-118.25964,47.99304],[-118.25843,47.99304],[-118.25843,47.99277],[-118.25803,47.99277],[-118.25803,47.99251],[-118.25763,47.99251],[-118.25763,47.99277],[-118.25682,47.99251],[-118.25682,47.99277],[-118.25561,47.99277],[-118.25561,47.99304],[-118.25441,47.99304],[-118.25441,47.99331],[-118.25401,47.99331],[-118.25401,47.99304],[-118.2532,47.99304],[-118.2532,47.99277],[-118.25159,47.99277],[-118.25159,47.99304],[-118.25079,47.99304],[-118.25079,47.99277],[-118.24998,47.99277],[-118.24998,47.99251],[-118.24958,47.99251],[-118.24958,47.99277],[-118.24918,47.99277],[-118.24918,47.99251],[-118.24878,47.99251],[-118.24878,47.99277],[-118.24797,47.99251],[-118.24797,47.99439],[-118.24677,47.99439],[-118.24677,47.99412],[-118.24637,47.99412],[-118.24637,47.99385],[-118.24596,47.99385],[-118.24596,47.99358],[-118.24556,47.99358],[-118.24556,47.99385],[-118.24516,47.99385],[-118.24516,47.99358],[-118.24476,47.99358],[-118.24476,47.99385],[-118.24275,47.99385],[-118.24275,47.99412],[-118.24154,47.99412],[-118.24154,47.99439],[-118.23712,47.99439],[-118.23712,47.99412],[-118.23511,47.99412],[-118.23511,47.99385],[-118.2343,47.99358],[-118.2343,47.99331],[-118.23309,47.99331],[-118.23309,47.99304],[-118.23229,47.99331],[-118.23229,47.99277],[-118.23149,47.99251],[-118.23149,47.99224],[-118.23108,47.99224],[-118.23108,47.99277],[-118.23028,47.99277],[-118.23028,47.99304],[-118.22948,47.99304],[-118.22948,47.99331],[-118.22827,47.99331],[-118.22827,47.99304],[-118.22747,47.99304],[-118.22747,47.9917],[-118.22666,47.9917],[-118.22666,47.99143],[-118.22586,47.99143],[-118.22586,47.99116],[-118.22545,47.99116],[-118.22545,47.99008]],[[-118.22706,47.99143],[-118.22706,47.99116],[-118.22666,47.99116],[-118.22666,47.99143],[-118.22706,47.99143]],[[-118.23752,47.98658],[-118.23752,47.98631],[-118.23832,47.98604],[-118.23832,47.98523],[-118.23792,47.98523],[-118.23792,47.98469],[-118.23712,47.98469],[-118.23712,47.98442],[-118.23591,47.98442],[-118.23591,47.98469],[-118.23551,47.98469],[-118.23551,47.98496],[-118.23511,47.98496],[-118.23511,47.98577],[-118.2347,47.98577],[-118.2347,47.98604],[-118.2339,47.98631],[-118.2339,47.98685],[-118.2347,47.98685],[-118.2347,47.98712],[-118.23671,47.98712],[-118.23671,47.98685],[-118.23752,47.98658]]],[[[-118.21339,47.90815],[-118.21419,47.90842],[-118.21419,47.90869],[-118.215,47.90896],[-118.215,47.90923],[-118.21259,47.90923],[-118.21259,47.90842],[-118.21339,47.90842],[-118.21339,47.90815]]],[[[-118.2154,47.9095],[-118.215,47.9095],[-118.215,47.90923],[-118.2154,47.90923],[-118.2154,47.9095]]],[[[-118.23269,47.9475],[-118.23269,47.94723],[-118.23309,47.94723],[-118.23309,47.9475],[-118.23269,47.9475]]],[[[-118.23269,47.95451],[-118.23269,47.95424],[-118.23309,47.95424],[-118.23309,47.95451],[-118.23269,47.95451]]],[[[-118.2339,47.95585],[-118.2335,47.95585],[-118.2335,47.95532],[-118.2339,47.95532],[-118.2339,47.95585]]],[[[-118.24154,47.97984],[-118.24033,47.97984],[-118.24033,47.97957],[-118.24154,47.97957],[-118.24154,47.97984]]],[[[-118.24033,47.98092],[-118.23993,47.98092],[-118.23993,47.98038],[-118.23953,47.98038],[-118.23953,47.98011],[-118.23993,47.98011],[-118.23993,47.97984],[-118.24033,47.97984],[-118.24033,47.98011],[-118.24074,47.98011],[-118.24074,47.98038],[-118.24154,47.98038],[-118.24154,47.98092],[-118.24275,47.98092],[-118.24275,47.98119],[-118.24154,47.98119],[-118.24154,47.98146],[-118.24114,47.98146],[-118.24114,47.98173],[-118.24074,47.98173],[-118.24074,47.98119],[-118.24033,47.98119],[-118.24033,47.98092]]],[[[-118.24194,47.98173],[-118.24194,47.98226],[-118.24114,47.982],[-118.24114,47.98173],[-118.24194,47.98173]]],[[[-118.24154,47.9828],[-118.24154,47.98253],[-118.24194,47.98253],[-118.24194,47.9828],[-118.24154,47.9828]]]]},"properties":{"layer":"predicted_reach_h23","fire_name":"Mitre_Rock","irwin_id":"{C11A3685-C035-4241-A17C-8076EE99619D}","model":"arrival_run","checkpoint_epoch":216,"decode":"connected_causal","operating_point":{"floor":0.0,"mult":0.9},"val_precision":null,"val_recall":null,"model_caveat":"arrival_run chosen for best RECALL among the six FlameFlux v3 candidates on the production-valid t0-window corpus (R=0.624 on the fc2 held-out fires, R=0.432 on Dillon -- see candidate_comparison.md from the 2026-07-24 comparison). It does NOT meet the project's P>=0.50/R>=0.80 target: precision is the WORST of the six (P=0.120 on fc2 -- most flagged growth is wrong), and wind_run actually edges it on F1. IMPORTANT CAVEAT: arrival_run trained on the leaky 'observed' corpus (crop centered/sized on t0|t1, i.e. it saw the future perimeter's geometry during training) and has NEVER seen a t0-window crop -- the ONLY geometry this live pipeline can ever produce at forecast time (the future perimeter is, by definition, unknown). So every live prediction from this model is out-of-distribution relative to its own training. The measured t0-window numbers above already reflect that (they are not a surprise), but this is 'best available', not 'production-ready' -- represent it that way. The operating_point (floor=0.0, mult=0.9) is the VAL-selected connected-causal decode point; it did NOT clear the 0.50 precision floor during selection (feasible=False, val P=0.270/R=0.259) -- it's the best-F1 fallback point, not a precision-guaranteed one.","issued_at_utc":"2026-08-05 10:59:55.016141+00:00","valid_from_utc":"2026-08-05 00:00:00","valid_to_utc":"2026-08-06 00:00:00","wfigs_date_current_utc":"2026-08-05 10:16:25+00:00","pixel_size_m":30,"veg_source":"refreshed_d4","physics_source":"eikonal_fbfm40","history_n_dates":4,"degraded_history":false,"containment_pct":0.0,"acres_wfigs":4439.297279101989,"hour":23,"valid_at_utc":"2026-08-05 23:00:00"}},{"type":"Feature","geometry":{"type":"MultiPolygon","coordinates":[[[[-118.33282,47.90492],[-118.33242,47.90492],[-118.33242,47.90465],[-118.33282,47.90465],[-118.33282,47.90492]]],[[[-118.33122,47.90492],[-118.33001,47.90492],[-118.33001,47.90465],[-118.33122,47.90465],[-118.33122,47.90492]]],[[[-118.29221,47.913],[-118.29181,47.913],[-118.29181,47.91274],[-118.29221,47.91274],[-118.29221,47.913]]],[[[-118.29502,47.91193],[-118.29462,47.91193],[-118.29462,47.91139],[-118.29382,47.91139],[-118.29382,47.91112],[-118.29543,47.91112],[-118.29543,47.91058],[-118.29583,47.91058],[-118.29583,47.91004],[-118.29623,47.91004],[-118.29623,47.90977],[-118.29703,47.90977],[-118.29703,47.9095],[-118.30025,47.9095],[-118.30025,47.90896],[-118.30186,47.90896],[-118.30186,47.90869],[-118.30226,47.90869],[-118.30226,47.90842],[-118.30266,47.90842],[-118.30266,47.90815],[-118.30427,47.90788],[-118.30427,47.90761],[-118.30508,47.90761],[-118.30508,47.90735],[-118.30628,47.90735],[-118.30628,47.90708],[-118.30709,47.90708],[-118.30709,47.90681],[-118.30749,47.90681],[-118.30749,47.906],[-118.30829,47.906],[-118.30829,47.90573],[-118.31031,47.90573],[-118.31031,47.90546],[-118.31191,47.90546],[-118.31191,47.90519],[-118.31312,47.90519],[-118.31312,47.90492],[-118.31352,47.90492],[-118.31352,47.90519],[-118.31392,47.90519],[-118.31392,47.90492],[-118.31433,47.90492],[-118.31433,47.90519],[-118.31473,47.90519],[-118.31473,47.90492],[-118.31513,47.90492],[-118.31513,47.90519],[-118.31714,47.90519],[-118.31714,47.90492],[-118.31835,47.90492],[-118.31835,47.90465],[-118.31875,47.90465],[-118.31875,47.90492],[-118.31996,47.90492],[-118.31996,47.90519],[-118.32076,47.90519],[-118.32076,47.90546],[-118.32116,47.90546],[-118.32116,47.90573],[-118.32237,47.90573],[-118.32237,47.90546],[-118.32317,47.90519],[-118.32317,47.90384],[-118.32358,47.90384],[-118.32358,47.90249],[-118.32478,47.90249],[-118.32478,47.90276],[-118.32559,47.90276],[-118.32559,47.90303],[-118.32639,47.9033],[-118.32639,47.90384],[-118.32559,47.90384],[-118.32559,47.90411],[-118.32599,47.90411],[-118.32599,47.90627],[-118.3276,47.90573],[-118.3276,47.90519],[-118.32961,47.90519],[-118.32961,47.90492],[-118.33001,47.90492],[-118.33001,47.90519],[-118.33122,47.90519],[-118.33122,47.90492],[-118.33242,47.90492],[-118.33242,47.90519],[-118.33282,47.90519],[-118.33282,47.90492],[-118.33323,47.90492],[-118.33323,47.90519],[-118.33363,47.90519],[-118.33363,47.90492],[-118.33443,47.90465],[-118.33443,47.90411],[-118.33484,47.90411],[-118.33484,47.90465],[-118.33564,47.90465],[-118.33564,47.90519],[-118.33604,47.90519],[-118.33604,47.906],[-118.33564,47.906],[-118.33564,47.90627],[-118.33644,47.90627],[-118.33644,47.90654],[-118.33604,47.90654],[-118.33604,47.90681],[-118.33644,47.90681],[-118.33644,47.90735],[-118.33685,47.90735],[-118.33685,47.90788],[-118.33765,47.90788],[-118.33765,47.90815],[-118.33805,47.90815],[-118.33805,47.90842],[-118.33966,47.90869],[-118.33966,47.9095],[-118.34006,47.9095],[-118.34006,47.91004],[-118.34047,47.91004],[-118.34047,47.91058],[-118.34087,47.91058],[-118.34087,47.91112],[-118.34127,47.91112],[-118.34127,47.91166],[-118.34167,47.91166],[-118.34167,47.9122],[-118.34087,47.9122],[-118.34087,47.91166],[-118.34006,47.91139],[-118.34006,47.91166],[-118.33966,47.91166],[-118.33966,47.91247],[-118.33886,47.91247],[-118.33886,47.91274],[-118.33926,47.91274],[-118.33926,47.91327],[-118.33966,47.91327],[-118.33966,47.91408],[-118.33886,47.91408],[-118.33886,47.91462],[-118.33926,47.91462],[-118.33926,47.91516],[-118.33886,47.91516],[-118.33886,47.91597],[-118.33805,47.91624],[-118.33805,47.91651],[-118.33725,47.91651],[-118.33725,47.91678],[-118.33564,47.91678],[-118.33564,47.91732],[-118.33604,47.91732],[-118.33604,47.91813],[-118.33564,47.91813],[-118.33564,47.91839],[-118.33443,47.91839],[-118.33443,47.91813],[-118.33363,47.91813],[-118.33363,47.91839],[-118.33403,47.91839],[-118.33403,47.91866],[-118.33484,47.91866],[-118.33484,47.91893],[-118.33524,47.91893],[-118.33524,47.9192],[-118.33484,47.9192],[-118.33484,47.91947],[-118.33564,47.91947],[-118.33564,47.92028],[-118.33604,47.92028],[-118.33604,47.92055],[-118.33564,47.92055],[-118.33564,47.92136],[-118.33484,47.92136],[-118.33484,47.9219],[-118.33443,47.9219],[-118.33443,47.92244],[-118.33403,47.92244],[-118.33403,47.92298],[-118.33242,47.92325],[-118.33242,47.92459],[-118.33323,47.92486],[-118.33323,47.92621],[-118.33282,47.92621],[-118.33282,47.92675],[-118.33162,47.92675],[-118.33162,47.92783],[-118.33202,47.92783],[-118.33202,47.9281],[-118.33122,47.9281],[-118.33122,47.92864],[-118.33041,47.92864],[-118.33041,47.9289],[-118.33001,47.9289],[-118.33001,47.92971],[-118.32921,47.92971],[-118.32921,47.93079],[-118.32961,47.93079],[-118.32961,47.93133],[-118.3288,47.9316],[-118.3288,47.93214],[-118.3284,47.93214],[-118.3284,47.93295],[-118.32921,47.93322],[-118.32921,47.93376],[-118.33001,47.93376],[-118.33001,47.93429],[-118.33041,47.93429],[-118.33041,47.93537],[-118.33081,47.93537],[-118.33081,47.93618],[-118.33041,47.93618],[-118.33041,47.93753],[-118.33081,47.93753],[-118.33081,47.9378],[-118.33041,47.9378],[-118.33041,47.93807],[-118.33081,47.93807],[-118.33081,47.93834],[-118.33041,47.93834],[-118.33041,47.93888],[-118.33122,47.93915],[-118.33122,47.93968],[-118.33202,47.93968],[-118.33202,47.94022],[-118.33242,47.94022],[-118.33242,47.94076],[-118.33282,47.94076],[-118.33282,47.9413],[-118.33323,47.9413],[-118.33323,47.94157],[-118.33282,47.94157],[-118.33282,47.94184],[-118.33323,47.94184],[-118.33323,47.94211],[-118.33282,47.94211],[-118.33282,47.94238],[-118.33323,47.94238],[-118.33323,47.94265],[-118.33282,47.94265],[-118.33282,47.94346],[-118.33323,47.94346],[-118.33323,47.944],[-118.33363,47.944],[-118.33363,47.94454],[-118.33403,47.94454],[-118.33403,47.94481],[-118.33363,47.94481],[-118.33363,47.94588],[-118.33403,47.94588],[-118.33403,47.94615],[-118.33443,47.94615],[-118.33443,47.94642],[-118.33484,47.94642],[-118.33484,47.94669],[-118.33403,47.94696],[-118.33403,47.9475],[-118.33484,47.94777],[-118.33484,47.94804],[-118.33443,47.94804],[-118.33443,47.94831],[-118.33484,47.94831],[-118.33484,47.94912],[-118.33403,47.94912],[-118.33403,47.94939],[-118.33484,47.94939],[-118.33484,47.94993],[-118.33524,47.94993],[-118.33524,47.95019],[-118.33644,47.95019],[-118.33644,47.94993],[-118.33725,47.94993],[-118.33725,47.94966],[-118.33765,47.94966],[-118.33765,47.94993],[-118.33845,47.94993],[-118.33845,47.95046],[-118.33886,47.95046],[-118.33886,47.95208],[-118.33926,47.95208],[-118.33926,47.95235],[-118.34006,47.95235],[-118.34006,47.95262],[-118.34047,47.95262],[-118.34047,47.95289],[-118.34087,47.95289],[-118.34087,47.9537],[-118.34047,47.9537],[-118.34047,47.95424],[-118.34006,47.95424],[-118.34006,47.95478],[-118.34167,47.95478],[-118.34167,47.95505],[-118.34087,47.95505],[-118.34087,47.95558],[-118.34047,47.95558],[-118.34047,47.95639],[-118.34087,47.95639],[-118.34087,47.95666],[-118.34047,47.95666],[-118.34047,47.95693],[-118.34087,47.95693],[-118.34087,47.95774],[-118.34047,47.95774],[-118.34047,47.95882],[-118.34087,47.95882],[-118.34087,47.95936],[-118.34047,47.95936],[-118.34047,47.96017],[-118.33966,47.96044],[-118.33966,47.96071],[-118.34006,47.96071],[-118.34006,47.96124],[-118.34047,47.96124],[-118.34047,47.96151],[-118.34167,47.96151],[-118.34167,47.96259],[-118.34207,47.96259],[-118.34207,47.96313],[-118.34167,47.96313],[-118.34167,47.96394],[-118.34127,47.96394],[-118.34127,47.96448],[-118.34087,47.96448],[-118.34087,47.96529],[-118.34047,47.96529],[-118.34047,47.96744],[-118.34006,47.96744],[-118.34006,47.96771],[-118.33926,47.96798],[-118.33926,47.96825],[-118.33845,47.96852],[-118.33845,47.96906],[-118.33926,47.96906],[-118.33926,47.9696],[-118.33886,47.9696],[-118.33886,47.96987],[-118.33644,47.96987],[-118.33644,47.97041],[-118.33685,47.97041],[-118.33685,47.97148],[-118.33765,47.97148],[-118.33765,47.97202],[-118.33805,47.97202],[-118.33805,47.97256],[-118.33926,47.97256],[-118.33926,47.97364],[-118.33886,47.97364],[-118.33886,47.97391],[-118.33805,47.97391],[-118.33805,47.97418],[-118.33725,47.97418],[-118.33725,47.97445],[-118.33685,47.97445],[-118.33685,47.97472],[-118.33644,47.97472],[-118.33644,47.97499],[-118.33604,47.97499],[-118.33604,47.97526],[-118.33524,47.97553],[-118.33524,47.97634],[-118.33604,47.97661],[-118.33604,47.97687],[-118.33403,47.97687],[-118.33403,47.97714],[-118.33282,47.97714],[-118.33282,47.97741],[-118.33242,47.97741],[-118.33242,47.97795],[-118.33162,47.97795],[-118.33162,47.97849],[-118.33122,47.97849],[-118.33122,47.97876],[-118.33323,47.97876],[-118.33323,47.97903],[-118.33484,47.97903],[-118.33484,47.9793],[-118.33604,47.9793],[-118.33604,47.97957],[-118.33725,47.97957],[-118.33725,47.9793],[-118.33765,47.9793],[-118.33765,47.97957],[-118.33886,47.97957],[-118.33886,47.98011],[-118.33926,47.98011],[-118.33926,47.98065],[-118.33966,47.98065],[-118.33966,47.98092],[-118.33926,47.98092],[-118.33926,47.98226],[-118.33966,47.98226],[-118.33966,47.98253],[-118.33926,47.98253],[-118.33926,47.9828],[-118.33966,47.9828],[-118.33966,47.98361],[-118.33926,47.98361],[-118.33926,47.98415],[-118.33805,47.98415],[-118.33805,47.98226],[-118.33725,47.98226],[-118.33725,47.98253],[-118.33685,47.98253],[-118.33685,47.98307],[-118.33644,47.98307],[-118.33644,47.98334],[-118.33564,47.98334],[-118.33564,47.98361],[-118.33484,47.98334],[-118.33484,47.98361],[-118.33443,47.98361],[-118.33443,47.98388],[-118.33484,47.98388],[-118.33484,47.98442],[-118.33524,47.98442],[-118.33524,47.98469],[-118.33443,47.98469],[-118.33443,47.98442],[-118.33403,47.98442],[-118.33403,47.98415],[-118.33323,47.98388],[-118.33323,47.98415],[-118.33242,47.98415],[-118.33242,47.98442],[-118.33202,47.98442],[-118.33202,47.98469],[-118.33162,47.98469],[-118.33162,47.98496],[-118.33122,47.98496],[-118.33122,47.9855],[-118.33081,47.9855],[-118.33081,47.98604],[-118.33041,47.98604],[-118.33041,47.98631],[-118.33001,47.98631],[-118.33001,47.98658],[-118.32961,47.98658],[-118.32961,47.98712],[-118.3288,47.98738],[-118.3288,47.98792],[-118.3284,47.98792],[-118.3284,47.98846],[-118.328,47.98846],[-118.328,47.989],[-118.3276,47.989],[-118.3276,47.99062],[-118.328,47.99062],[-118.328,47.99089],[-118.3288,47.99116],[-118.3288,47.99197],[-118.3284,47.99197],[-118.3284,47.99224],[-118.3276,47.99224],[-118.3276,47.99251],[-118.32719,47.99251],[-118.32719,47.99277],[-118.32679,47.99277],[-118.32679,47.99304],[-118.32599,47.99331],[-118.32599,47.99358],[-118.32639,47.99358],[-118.32639,47.99439],[-118.32559,47.99466],[-118.32559,47.99493],[-118.32478,47.9952],[-118.32478,47.99547],[-118.32398,47.99547],[-118.32398,47.99493],[-118.32438,47.99493],[-118.32438,47.99412],[-118.32358,47.99412],[-118.32358,47.99439],[-118.32237,47.99439],[-118.32237,47.99466],[-118.32157,47.99466],[-118.32157,47.99493],[-118.32116,47.99493],[-118.32116,47.9952],[-118.31996,47.9952],[-118.31996,47.99493],[-118.31835,47.99493],[-118.31835,47.99466],[-118.31754,47.99466],[-118.31754,47.99439],[-118.31714,47.99439],[-118.31714,47.99412],[-118.31634,47.99412],[-118.31634,47.99385],[-118.31594,47.99385],[-118.31594,47.99358],[-118.31513,47.99358],[-118.31513,47.99304],[-118.31433,47.99277],[-118.31433,47.99251],[-118.31312,47.99251],[-118.31312,47.99277],[-118.31272,47.99277],[-118.31272,47.99304],[-118.31232,47.99304],[-118.31232,47.99331],[-118.31191,47.99331],[-118.31191,47.99385],[-118.31151,47.99385],[-118.31151,47.99466],[-118.31111,47.99466],[-118.31111,47.99547],[-118.31071,47.99547],[-118.31071,47.99655],[-118.31031,47.99655],[-118.31031,47.99682],[-118.3091,47.99682],[-118.3091,47.99655],[-118.30829,47.99655],[-118.30829,47.99628],[-118.30789,47.99628],[-118.30789,47.99601],[-118.30508,47.99601],[-118.30508,47.99547],[-118.30347,47.99547],[-118.30347,47.99574],[-118.30307,47.99574],[-118.30307,47.99601],[-118.30226,47.99601],[-118.30226,47.99628],[-118.30186,47.99628],[-118.30186,47.99601],[-118.30065,47.99601],[-118.30065,47.9952],[-118.30106,47.9952],[-118.30106,47.99493],[-118.30065,47.99493],[-118.30065,47.99439],[-118.29945,47.99439],[-118.29945,47.99385],[-118.29985,47.99385],[-118.29985,47.99251],[-118.29945,47.99251],[-118.29945,47.99277],[-118.29744,47.99277],[-118.29744,47.99224],[-118.29784,47.99224],[-118.29784,47.99197],[-118.29864,47.99197],[-118.29864,47.9917],[-118.29905,47.9917],[-118.29905,47.99143],[-118.29985,47.99116],[-118.29985,47.99089],[-118.30106,47.99089],[-118.30106,47.99035],[-118.30266,47.99008],[-118.30266,47.98954],[-118.30226,47.98954],[-118.30226,47.98846],[-118.30307,47.98819],[-118.30307,47.98604],[-118.30347,47.98604],[-118.30347,47.98577],[-118.30508,47.98577],[-118.30508,47.98469],[-118.30468,47.98469],[-118.30468,47.98442],[-118.30387,47.98415],[-118.30387,47.98307],[-118.30548,47.9828],[-118.30548,47.98226],[-118.30588,47.98226],[-118.30588,47.98173],[-118.30628,47.98173],[-118.30628,47.98146],[-118.30669,47.98146],[-118.30669,47.98119],[-118.30749,47.98119],[-118.30749,47.98065],[-118.30789,47.98065],[-118.30789,47.98011],[-118.30829,47.98011],[-118.30829,47.97957],[-118.3087,47.97957],[-118.3087,47.97903],[-118.3091,47.97903],[-118.3091,47.97849],[-118.3095,47.97849],[-118.3095,47.97795],[-118.3099,47.97795],[-118.3099,47.9758],[-118.31031,47.9758],[-118.31031,47.97526],[-118.31071,47.97526],[-118.31071,47.97472],[-118.31151,47.97472],[-118.31151,47.97445],[-118.31232,47.97445],[-118.31232,47.97418],[-118.31392,47.97418],[-118.31392,47.97364],[-118.31433,47.97364],[-118.31433,47.9731],[-118.31473,47.9731],[-118.31473,47.97202],[-118.31513,47.97202],[-118.31513,47.97014],[-118.31553,47.97014],[-118.31553,47.96987],[-118.31634,47.96987],[-118.31634,47.96771],[-118.31674,47.96771],[-118.31674,47.96744],[-118.31634,47.96744],[-118.31634,47.96636],[-118.31594,47.96636],[-118.31594,47.96556],[-118.31634,47.96556],[-118.31634,47.96475],[-118.31714,47.96448],[-118.31714,47.96394],[-118.31754,47.96394],[-118.31754,47.96286],[-118.31674,47.96259],[-118.31674,47.96232],[-118.31553,47.96232],[-118.31553,47.96205],[-118.31473,47.96178],[-118.31473,47.96124],[-118.31392,47.96124],[-118.31392,47.96097],[-118.31191,47.96097],[-118.31191,47.96124],[-118.31151,47.96124],[-118.31151,47.96044],[-118.31232,47.96017],[-118.31232,47.9599],[-118.31272,47.9599],[-118.31272,47.95936],[-118.31312,47.95936],[-118.31312,47.95909],[-118.31352,47.95909],[-118.31352,47.95882],[-118.31433,47.95855],[-118.31433,47.95774],[-118.31392,47.95774],[-118.31392,47.95747],[-118.31111,47.95747],[-118.31111,47.95774],[-118.30789,47.95774],[-118.30789,47.95747],[-118.30548,47.95747],[-118.30548,47.95774],[-118.30468,47.95747],[-118.30468,47.95774],[-118.30427,47.95774],[-118.30427,47.95747],[-118.30387,47.95747],[-118.30387,47.95774],[-118.30146,47.95774],[-118.30146,47.95747],[-118.29905,47.95747],[-118.29905,47.9572],[-118.29663,47.9572],[-118.29663,47.95693],[-118.29543,47.95693],[-118.29543,47.9572],[-118.29181,47.9572],[-118.29181,47.95747],[-118.2914,47.95747],[-118.2914,47.9572],[-118.2906,47.9572],[-118.2906,47.95747],[-118.28899,47.95747],[-118.28899,47.95774],[-118.28859,47.95774],[-118.28859,47.95801],[-118.28779,47.95801],[-118.28779,47.95855],[-118.28698,47.95855],[-118.28698,47.95909],[-118.28658,47.95909],[-118.28658,47.95882],[-118.28457,47.95882],[-118.28457,47.95936],[-118.28376,47.95963],[-118.28376,47.96017],[-118.28296,47.96044],[-118.28296,47.96071],[-118.28256,47.96071],[-118.28256,47.96124],[-118.28216,47.96124],[-118.28216,47.96151],[-118.28175,47.96151],[-118.28175,47.96178],[-118.28135,47.96178],[-118.28135,47.96205],[-118.28095,47.96205],[-118.28095,47.96232],[-118.28055,47.96232],[-118.28055,47.96286],[-118.27934,47.96286],[-118.27934,47.96421],[-118.27854,47.96421],[-118.27854,47.96475],[-118.27813,47.96475],[-118.27813,47.96502],[-118.27773,47.96502],[-118.27773,47.96529],[-118.27733,47.96529],[-118.27733,47.96556],[-118.27653,47.96556],[-118.27653,47.9661],[-118.27572,47.9661],[-118.27572,47.96636],[-118.27532,47.96636],[-118.27532,47.96663],[-118.27452,47.96663],[-118.27452,47.96744],[-118.27411,47.96744],[-118.27411,47.96798],[-118.27371,47.96798],[-118.27371,47.96825],[-118.27411,47.96825],[-118.27411,47.96852],[-118.27331,47.96879],[-118.27331,47.96906],[-118.27291,47.96906],[-118.27291,47.96933],[-118.2725,47.96933],[-118.2725,47.9696],[-118.2721,47.9696],[-118.2721,47.96987],[-118.2717,47.96987],[-118.2717,47.97014],[-118.27009,47.97014],[-118.27009,47.97041],[-118.26929,47.97068],[-118.26929,47.97095],[-118.26889,47.97095],[-118.26889,47.97122],[-118.26848,47.97122],[-118.26848,47.97148],[-118.26889,47.97148],[-118.26889,47.97202],[-118.26929,47.97202],[-118.26929,47.97229],[-118.26889,47.97229],[-118.26889,47.97256],[-118.26929,47.97256],[-118.26929,47.97283],[-118.26848,47.9731],[-118.26848,47.97337],[-118.26768,47.97364],[-118.26768,47.97391],[-118.26687,47.97391],[-118.26687,47.97418],[-118.26567,47.97418],[-118.26567,47.97391],[-118.26486,47.97391],[-118.26486,47.97364],[-118.26446,47.97364],[-118.26446,47.97337],[-118.26366,47.9731],[-118.26366,47.97283],[-118.26285,47.97283],[-118.26285,47.97256],[-118.26205,47.97283],[-118.26205,47.9731],[-118.26245,47.9731],[-118.26245,47.97337],[-118.26326,47.97364],[-118.26326,47.97391],[-118.26285,47.97391],[-118.26285,47.97472],[-118.26124,47.97472],[-118.26124,47.97499],[-118.26084,47.97499],[-118.26084,47.97526],[-118.26044,47.97526],[-118.26044,47.97607],[-118.26124,47.97634],[-118.26124,47.97849],[-118.26165,47.97849],[-118.26165,47.97876],[-118.26124,47.97876],[-118.26124,47.97903],[-118.25923,47.97903],[-118.25923,47.9793],[-118.25521,47.9793],[-118.25521,47.97903],[-118.25481,47.97903],[-118.25481,47.97876],[-118.2524,47.97876],[-118.2524,47.97849],[-118.25159,47.97822],[-118.25159,47.97714],[-118.25079,47.97714],[-118.25079,47.97795],[-118.25039,47.97795],[-118.25039,47.97768],[-118.24918,47.97768],[-118.24918,47.97849],[-118.24958,47.97849],[-118.24958,47.97957],[-118.24918,47.97957],[-118.24918,47.97984],[-118.24838,47.97984],[-118.24838,47.98011],[-118.24717,47.98011],[-118.24717,47.97984],[-118.24516,47.97984],[-118.24516,47.98011],[-118.24476,47.98011],[-118.24476,47.98038],[-118.24435,47.98038],[-118.24435,47.98065],[-118.24355,47.98092],[-118.24355,47.98011],[-118.24315,47.98011],[-118.24315,47.9793],[-118.24275,47.9793],[-118.24275,47.97903],[-118.24355,47.97876],[-118.24355,47.97849],[-118.24637,47.97849],[-118.24637,47.97822],[-118.24717,47.97795],[-118.24717,47.97741],[-118.24878,47.97741],[-118.24878,47.97714],[-118.24797,47.97714],[-118.24797,47.97687],[-118.25159,47.97687],[-118.25159,47.97634],[-118.252,47.97634],[-118.252,47.97607],[-118.25119,47.9758],[-118.25119,47.97553],[-118.24958,47.97553],[-118.24958,47.97526],[-118.24556,47.97526],[-118.24556,47.97499],[-118.24315,47.97472],[-118.24315,47.97445],[-118.24234,47.97445],[-118.24234,47.97418],[-118.24194,47.97418],[-118.24194,47.97256],[-118.24234,47.97256],[-118.24234,47.97095],[-118.24154,47.97095],[-118.24154,47.97068],[-118.24114,47.97068],[-118.24114,47.97041],[-118.23993,47.97041],[-118.23993,47.97014],[-118.23953,47.97014],[-118.23953,47.96987],[-118.23913,47.96987],[-118.23913,47.96906],[-118.23872,47.96906],[-118.23872,47.96879],[-118.23913,47.96879],[-118.23913,47.96825],[-118.23953,47.96825],[-118.23953,47.96798],[-118.23993,47.96798],[-118.23993,47.96771],[-118.24074,47.96771],[-118.24074,47.96744],[-118.24033,47.96744],[-118.24033,47.96717],[-118.24114,47.96717],[-118.24114,47.96744],[-118.24234,47.96744],[-118.24234,47.96663],[-118.24114,47.96663],[-118.24114,47.9669],[-118.24033,47.96663],[-118.24033,47.9669],[-118.23993,47.9669],[-118.23993,47.96663],[-118.23913,47.96663],[-118.23913,47.9661],[-118.23832,47.96636],[-118.23832,47.96529],[-118.23752,47.96556],[-118.23752,47.96421],[-118.23671,47.96421],[-118.23671,47.96394],[-118.23752,47.96394],[-118.23752,47.96367],[-118.23712,47.96367],[-118.23712,47.9634],[-118.23752,47.9634],[-118.23752,47.96097],[-118.23671,47.96097],[-118.23671,47.96071],[-118.23712,47.96071],[-118.23712,47.96044],[-118.23671,47.96044],[-118.23671,47.95936],[-118.23591,47.95936],[-118.23591,47.95909],[-118.23631,47.95909],[-118.23631,47.95882],[-118.23591,47.95882],[-118.23591,47.95828],[-118.23551,47.95828],[-118.23551,47.9572],[-118.23511,47.9572],[-118.23511,47.95666],[-118.2343,47.95666],[-118.2343,47.95639],[-118.2339,47.95639],[-118.2339,47.95585],[-118.2343,47.95585],[-118.2343,47.95505],[-118.2335,47.95505],[-118.2335,47.95532],[-118.23309,47.95532],[-118.23309,47.95451],[-118.2335,47.95451],[-118.2335,47.95424],[-118.2343,47.95424],[-118.2343,47.95289],[-118.23309,47.95289],[-118.23309,47.95262],[-118.2335,47.95262],[-118.2335,47.95181],[-118.23309,47.95181],[-118.23309,47.95235],[-118.23269,47.95235],[-118.23269,47.95154],[-118.23309,47.95154],[-118.23309,47.95127],[-118.23269,47.95127],[-118.23269,47.951],[-118.2335,47.951],[-118.2335,47.95046],[-118.2347,47.95046],[-118.2347,47.95073],[-118.23511,47.95073],[-118.23511,47.95019],[-118.2343,47.95019],[-118.2343,47.94966],[-118.2335,47.94966],[-118.2335,47.94939],[-118.23551,47.94939],[-118.23551,47.94831],[-118.23511,47.94831],[-118.23511,47.94858],[-118.23269,47.94858],[-118.23269,47.94831],[-118.23229,47.94831],[-118.23229,47.94804],[-118.2335,47.94804],[-118.2335,47.94777],[-118.23309,47.94777],[-118.23309,47.9475],[-118.2335,47.9475],[-118.2335,47.94723],[-118.23511,47.94723],[-118.23511,47.94696],[-118.23712,47.94696],[-118.23712,47.94615],[-118.23752,47.94615],[-118.23752,47.94534],[-118.23712,47.94534],[-118.23712,47.944],[-118.23752,47.944],[-118.23752,47.94238],[-118.23712,47.94238],[-118.23712,47.93995],[-118.23752,47.93995],[-118.23752,47.93915],[-118.23712,47.93915],[-118.23712,47.93861],[-118.23752,47.93861],[-118.23752,47.93645],[-118.23712,47.93645],[-118.23712,47.93564],[-118.23792,47.93537],[-118.23792,47.93483],[-118.23832,47.93483],[-118.23832,47.93429],[-118.23792,47.93429],[-118.23792,47.93079],[-118.23832,47.93079],[-118.23832,47.92944],[-118.23872,47.92944],[-118.23872,47.9289],[-118.23913,47.9289],[-118.23913,47.92864],[-118.23832,47.92837],[-118.23832,47.9281],[-118.23752,47.9281],[-118.23752,47.92783],[-118.23712,47.92783],[-118.23712,47.92756],[-118.23631,47.92729],[-118.23631,47.92675],[-118.23591,47.92675],[-118.23591,47.92648],[-118.23551,47.92648],[-118.23551,47.92621],[-118.23511,47.92621],[-118.23511,47.92648],[-118.2343,47.92675],[-118.2343,47.92702],[-118.23309,47.92702],[-118.23309,47.92675],[-118.23269,47.92675],[-118.23269,47.92648],[-118.23229,47.92648],[-118.23229,47.92621],[-118.23149,47.92621],[-118.23149,47.92594],[-118.23108,47.92594],[-118.23108,47.9254],[-118.23068,47.9254],[-118.23068,47.92513],[-118.22988,47.92486],[-118.22988,47.92459],[-118.22867,47.92459],[-118.22867,47.92486],[-118.22827,47.92486],[-118.22827,47.92459],[-118.22747,47.92459],[-118.22747,47.92432],[-118.22626,47.92432],[-118.22626,47.92405],[-118.22545,47.92405],[-118.22545,47.92378],[-118.22505,47.92378],[-118.22505,47.92352],[-118.22465,47.92352],[-118.22465,47.92325],[-118.22304,47.92298],[-118.22304,47.92271],[-118.22264,47.92271],[-118.22264,47.92244],[-118.22143,47.92244],[-118.22143,47.92217],[-118.22103,47.92217],[-118.22103,47.9219],[-118.22023,47.9219],[-118.22023,47.92163],[-118.21982,47.92163],[-118.21982,47.92136],[-118.21902,47.92109],[-118.21902,47.91759],[-118.21862,47.91759],[-118.21862,47.91651],[-118.21822,47.91651],[-118.21822,47.91624],[-118.21701,47.91624],[-118.21701,47.91597],[-118.21661,47.91597],[-118.21661,47.9157],[-118.2158,47.91543],[-118.2158,47.91408],[-118.2154,47.91408],[-118.2154,47.91327],[-118.215,47.91327],[-118.215,47.91247],[-118.21419,47.9122],[-118.21419,47.91139],[-118.2146,47.91139],[-118.2146,47.91112],[-118.2154,47.91085],[-118.2154,47.9095],[-118.2158,47.9095],[-118.2158,47.90923],[-118.21781,47.90923],[-118.21781,47.9095],[-118.21902,47.9095],[-118.21902,47.90923],[-118.22063,47.90896],[-118.22063,47.90681],[-118.22143,47.90681],[-118.22143,47.90708],[-118.22184,47.90708],[-118.22184,47.90735],[-118.22304,47.90735],[-118.22304,47.90761],[-118.22465,47.90761],[-118.22465,47.90735],[-118.22505,47.90735],[-118.22505,47.90681],[-118.22545,47.90681],[-118.22545,47.90654],[-118.22626,47.90654],[-118.22626,47.90627],[-118.22867,47.90627],[-118.22867,47.90681],[-118.22948,47.90681],[-118.22948,47.90735],[-118.23028,47.90735],[-118.23028,47.90761],[-118.23068,47.90761],[-118.23068,47.90788],[-118.23108,47.90788],[-118.23108,47.90761],[-118.23149,47.90761],[-118.23149,47.90735],[-118.23189,47.90735],[-118.23189,47.90681],[-118.2335,47.90681],[-118.2335,47.90842],[-118.2339,47.90842],[-118.2339,47.90869],[-118.2347,47.90896],[-118.2347,47.90923],[-118.23551,47.90923],[-118.23551,47.90896],[-118.23712,47.90896],[-118.23712,47.90869],[-118.23792,47.90842],[-118.23792,47.90815],[-118.23832,47.90815],[-118.23832,47.90788],[-118.24033,47.90788],[-118.24033,47.90815],[-118.24074,47.90815],[-118.24074,47.90788],[-118.24194,47.90788],[-118.24194,47.90761],[-118.24234,47.90761],[-118.24234,47.90815],[-118.24275,47.90815],[-118.24275,47.90842],[-118.24355,47.90842],[-118.24355,47.90869],[-118.24395,47.90869],[-118.24395,47.90896],[-118.24556,47.90896],[-118.24556,47.90869],[-118.24838,47.90869],[-118.24838,47.90896],[-118.24878,47.90896],[-118.24878,47.91004],[-118.24918,47.91004],[-118.24918,47.91058],[-118.24958,47.91058],[-118.24958,47.91085],[-118.25039,47.91112],[-118.25039,47.91166],[-118.25119,47.91193],[-118.25119,47.91354],[-118.25159,47.91354],[-118.25159,47.91381],[-118.252,47.91381],[-118.252,47.91408],[-118.2524,47.91408],[-118.2524,47.91381],[-118.2536,47.91381],[-118.2536,47.91408],[-118.25441,47.91435],[-118.25441,47.91489],[-118.25481,47.91489],[-118.25481,47.9157],[-118.25521,47.9157],[-118.25521,47.91651],[-118.25561,47.91651],[-118.25561,47.91705],[-118.25602,47.91705],[-118.25602,47.91759],[-118.25642,47.91759],[-118.25642,47.91813],[-118.25682,47.91813],[-118.25682,47.91839],[-118.25763,47.91866],[-118.25763,47.9192],[-118.25803,47.9192],[-118.25803,47.91974],[-118.25843,47.91974],[-118.25843,47.92028],[-118.25883,47.92028],[-118.25883,47.92082],[-118.26084,47.92082],[-118.26084,47.92136],[-118.26165,47.92136],[-118.26165,47.92163],[-118.26205,47.92163],[-118.26205,47.9219],[-118.26326,47.9219],[-118.26326,47.92217],[-118.26486,47.92244],[-118.26486,47.92271],[-118.26527,47.92271],[-118.26527,47.92298],[-118.26687,47.92298],[-118.26687,47.92325],[-118.26768,47.92325],[-118.26768,47.92352],[-118.26929,47.92352],[-118.26929,47.92378],[-118.27049,47.92378],[-118.27049,47.92405],[-118.2709,47.92405],[-118.2709,47.92432],[-118.2717,47.92432],[-118.2717,47.92325],[-118.2721,47.92325],[-118.2721,47.92298],[-118.27411,47.92298],[-118.27411,47.92271],[-118.27452,47.92271],[-118.27452,47.92244],[-118.27653,47.92244],[-118.27653,47.92217],[-118.27612,47.92217],[-118.27612,47.9219],[-118.27854,47.9219],[-118.27854,47.92136],[-118.27934,47.92136],[-118.27934,47.92082],[-118.27974,47.92082],[-118.27974,47.92136],[-118.28014,47.92136],[-118.28014,47.92055],[-118.27934,47.92055],[-118.27934,47.92028],[-118.27974,47.92028],[-118.27974,47.92001],[-118.27854,47.92001],[-118.27854,47.91974],[-118.27934,47.91947],[-118.27934,47.9192],[-118.28095,47.9192],[-118.28095,47.91893],[-118.28055,47.91893],[-118.28055,47.91866],[-118.28135,47.91866],[-118.28135,47.91893],[-118.28175,47.91893],[-118.28175,47.91866],[-118.28336,47.91866],[-118.28336,47.91813],[-118.28376,47.91813],[-118.28376,47.91516],[-118.28457,47.91489],[-118.28457,47.91462],[-118.28819,47.91462],[-118.28819,47.91435],[-118.28859,47.91435],[-118.28859,47.91381],[-118.28939,47.91381],[-118.28939,47.91327],[-118.2902,47.913],[-118.2902,47.91274],[-118.291,47.91274],[-118.291,47.91247],[-118.2914,47.91247],[-118.2914,47.913],[-118.2906,47.913],[-118.2906,47.91327],[-118.29221,47.91327],[-118.29221,47.913],[-118.29422,47.913],[-118.29422,47.91327],[-118.29502,47.91327],[-118.29502,47.91193]],[[-118.2335,47.95478],[-118.2343,47.95478],[-118.2343,47.95451],[-118.2335,47.95451],[-118.2335,47.95478]],[[-118.23591,47.94831],[-118.23591,47.94804],[-118.23551,47.94804],[-118.23551,47.94831],[-118.23591,47.94831]],[[-118.30628,47.98954],[-118.30628,47.989],[-118.30669,47.989],[-118.30669,47.98846],[-118.30588,47.98846],[-118.30588,47.989],[-118.30508,47.98927],[-118.30508,47.99008],[-118.30548,47.99008],[-118.30548,47.98981],[-118.30588,47.98981],[-118.30588,47.98954],[-118.30628,47.98954]],[[-118.3095,47.98631],[-118.3095,47.98604],[-118.31031,47.98577],[-118.31031,47.98496],[-118.31071,47.98496],[-118.31071,47.98415],[-118.31111,47.98415],[-118.31111,47.98334],[-118.3095,47.98307],[-118.3095,47.98334],[-118.3087,47.98334],[-118.3087,47.98361],[-118.30789,47.98388],[-118.30789,47.98442],[-118.30749,47.98442],[-118.30749,47.98523],[-118.30709,47.98523],[-118.30709,47.9855],[-118.30749,47.9855],[-118.30749,47.98577],[-118.30709,47.98577],[-118.30709,47.98631],[-118.30669,47.98631],[-118.30669,47.98685],[-118.3087,47.98685],[-118.3087,47.98658],[-118.3095,47.98631]],[[-118.26848,47.97202],[-118.26848,47.97175],[-118.26808,47.97175],[-118.26808,47.97202],[-118.26848,47.97202]],[[-118.33644,47.95639],[-118.33644,47.95612],[-118.33604,47.95612],[-118.33604,47.95639],[-118.33644,47.95639]],[[-118.24275,47.95532],[-118.24275,47.95505],[-118.24234,47.95505],[-118.24234,47.95532],[-118.24275,47.95532]],[[-118.23511,47.95532],[-118.23511,47.95505],[-118.2347,47.95505],[-118.2347,47.95532],[-118.23511,47.95532]],[[-118.2339,47.95154],[-118.2339,47.95208],[-118.2343,47.95208],[-118.2343,47.95154],[-118.2339,47.95154]],[[-118.2339,47.95127],[-118.2335,47.95127],[-118.2335,47.95154],[-118.2339,47.95154],[-118.2339,47.95127]],[[-118.24596,47.95019],[-118.24596,47.94993],[-118.24556,47.94993],[-118.24556,47.95019],[-118.24596,47.95019]],[[-118.23591,47.94993],[-118.23591,47.94966],[-118.23551,47.94966],[-118.23551,47.94993],[-118.23591,47.94993]],[[-118.30669,47.94966],[-118.30669,47.94939],[-118.30628,47.94939],[-118.30628,47.94966],[-118.30669,47.94966]],[[-118.3099,47.94723],[-118.3099,47.94696],[-118.3095,47.94696],[-118.3095,47.94723],[-118.3099,47.94723]],[[-118.3087,47.94615],[-118.3087,47.94588],[-118.30829,47.94588],[-118.30829,47.94615],[-118.3087,47.94615]],[[-118.31191,47.94561],[-118.31191,47.94534],[-118.31151,47.94534],[-118.31151,47.94561],[-118.31191,47.94561]],[[-118.2524,47.94534],[-118.2524,47.94507],[-118.252,47.94507],[-118.252,47.94534],[-118.2524,47.94534]],[[-118.25401,47.944],[-118.25401,47.94373],[-118.2536,47.94373],[-118.2536,47.944],[-118.25401,47.944]],[[-118.28014,47.91974],[-118.28014,47.91947],[-118.27974,47.91947],[-118.27974,47.91974],[-118.28014,47.91974]],[[-118.30789,47.90788],[-118.30789,47.90761],[-118.30749,47.90761],[-118.30749,47.90788],[-118.30789,47.90788]]],[[[-118.25119,47.97822],[-118.25079,47.97822],[-118.25079,47.97795],[-118.25119,47.97795],[-118.25119,47.97822]]],[[[-118.24355,47.98119],[-118.24315,47.98119],[-118.24315,47.98092],[-118.24355,47.98092],[-118.24355,47.98119]]],[[[-118.24315,47.98146],[-118.24275,47.98146],[-118.24275,47.98119],[-118.24315,47.98119],[-118.24315,47.98146]]],[[[-118.24194,47.98253],[-118.24194,47.98226],[-118.24234,47.98226],[-118.24234,47.98253],[-118.24194,47.98253]]],[[[-118.24194,47.98307],[-118.24194,47.9828],[-118.24234,47.9828],[-118.24234,47.98307],[-118.24194,47.98307]]],[[[-118.22545,47.99008],[-118.22505,47.99008],[-118.22505,47.98954],[-118.22465,47.98954],[-118.22465,47.98927],[-118.22505,47.98927],[-118.22505,47.989],[-118.22465,47.989],[-118.22465,47.98846],[-118.22425,47.98846],[-118.22425,47.98765],[-118.22385,47.98765],[-118.22385,47.98685],[-118.22425,47.98685],[-118.22425,47.98658],[-118.22545,47.98658],[-118.22545,47.98631],[-118.22626,47.98631],[-118.22626,47.98658],[-118.22706,47.98658],[-118.22706,47.98685],[-118.22787,47.98712],[-118.22787,47.98738],[-118.22867,47.98738],[-118.22867,47.98765],[-118.23028,47.98765],[-118.23028,47.98738],[-118.23189,47.98738],[-118.23189,47.98712],[-118.23269,47.98712],[-118.23269,47.98658],[-118.2335,47.98658],[-118.2335,47.98631],[-118.23309,47.98631],[-118.23309,47.98469],[-118.23269,47.98469],[-118.23269,47.98334],[-118.23551,47.98334],[-118.23551,47.98361],[-118.23591,47.98361],[-118.23591,47.98388],[-118.23631,47.98388],[-118.23631,47.98361],[-118.23752,47.98361],[-118.23752,47.98388],[-118.23832,47.98388],[-118.23832,47.98415],[-118.23872,47.98415],[-118.23872,47.98442],[-118.23913,47.98442],[-118.23913,47.98469],[-118.23993,47.98469],[-118.23993,47.98496],[-118.24033,47.98496],[-118.24033,47.98469],[-118.24074,47.98469],[-118.24074,47.98442],[-118.24114,47.98442],[-118.24114,47.98361],[-118.24074,47.98361],[-118.24074,47.98334],[-118.24154,47.98334],[-118.24154,47.98307],[-118.24194,47.98307],[-118.24194,47.98334],[-118.24315,47.98334],[-118.24315,47.98361],[-118.24355,47.98361],[-118.24355,47.98388],[-118.24435,47.98388],[-118.24435,47.98442],[-118.24476,47.98442],[-118.24476,47.98469],[-118.24395,47.98469],[-118.24395,47.98496],[-118.24476,47.98496],[-118.24476,47.9855],[-118.24556,47.9855],[-118.24556,47.98604],[-118.24637,47.98604],[-118.24637,47.98631],[-118.24677,47.98631],[-118.24677,47.98658],[-118.24958,47.98658],[-118.24958,47.98685],[-118.25119,47.98685],[-118.25119,47.98712],[-118.25521,47.98712],[-118.25521,47.98685],[-118.25602,47.98685],[-118.25602,47.98712],[-118.25964,47.98712],[-118.25964,47.98685],[-118.26044,47.98685],[-118.26044,47.98658],[-118.26084,47.98658],[-118.26084,47.98685],[-118.26165,47.98658],[-118.26165,47.98685],[-118.26326,47.98685],[-118.26326,47.98712],[-118.26486,47.98712],[-118.26486,47.98738],[-118.26527,47.98738],[-118.26527,47.98712],[-118.26607,47.98712],[-118.26607,47.98685],[-118.26647,47.98685],[-118.26647,47.98712],[-118.26728,47.98685],[-118.26728,47.98712],[-118.26848,47.98712],[-118.26848,47.98738],[-118.26889,47.98738],[-118.26889,47.98765],[-118.27049,47.98765],[-118.27049,47.98792],[-118.2709,47.98792],[-118.2709,47.98873],[-118.27009,47.989],[-118.27009,47.98981],[-118.26768,47.98981],[-118.26768,47.99008],[-118.26728,47.99008],[-118.26728,47.99035],[-118.26647,47.99062],[-118.26647,47.99197],[-118.26687,47.99197],[-118.26687,47.99251],[-118.26728,47.99251],[-118.26728,47.99331],[-118.26808,47.99358],[-118.26808,47.99412],[-118.26647,47.99412],[-118.26647,47.99385],[-118.26406,47.99385],[-118.26406,47.99412],[-118.26044,47.99412],[-118.26044,47.99385],[-118.26004,47.99385],[-118.26004,47.99358],[-118.25964,47.99358],[-118.25964,47.99304],[-118.25843,47.99304],[-118.25843,47.99277],[-118.25803,47.99277],[-118.25803,47.99251],[-118.25763,47.99251],[-118.25763,47.99277],[-118.25682,47.99251],[-118.25682,47.99277],[-118.25561,47.99277],[-118.25561,47.99304],[-118.25441,47.99304],[-118.25441,47.99331],[-118.25401,47.99331],[-118.25401,47.99304],[-118.2532,47.99304],[-118.2532,47.99277],[-118.25159,47.99277],[-118.25159,47.99304],[-118.25079,47.99304],[-118.25079,47.99277],[-118.24998,47.99277],[-118.24998,47.99251],[-118.24958,47.99251],[-118.24958,47.99277],[-118.24918,47.99277],[-118.24918,47.99251],[-118.24878,47.99251],[-118.24878,47.99277],[-118.24797,47.99251],[-118.24797,47.99439],[-118.24677,47.99439],[-118.24677,47.99412],[-118.24637,47.99412],[-118.24637,47.99385],[-118.24596,47.99385],[-118.24596,47.99358],[-118.24556,47.99358],[-118.24556,47.99385],[-118.24516,47.99385],[-118.24516,47.99358],[-118.24476,47.99358],[-118.24476,47.99385],[-118.24275,47.99385],[-118.24275,47.99412],[-118.24154,47.99412],[-118.24154,47.99439],[-118.23712,47.99439],[-118.23712,47.99412],[-118.23511,47.99412],[-118.23511,47.99385],[-118.2343,47.99358],[-118.2343,47.99331],[-118.23309,47.99331],[-118.23309,47.99304],[-118.23229,47.99331],[-118.23229,47.99277],[-118.23149,47.99251],[-118.23149,47.99224],[-118.23108,47.99224],[-118.23108,47.99277],[-118.23028,47.99277],[-118.23028,47.99304],[-118.22948,47.99304],[-118.22948,47.99331],[-118.22827,47.99331],[-118.22827,47.99304],[-118.22747,47.99304],[-118.22747,47.9917],[-118.22666,47.9917],[-118.22666,47.99143],[-118.22586,47.99143],[-118.22586,47.99116],[-118.22545,47.99116],[-118.22545,47.99008]],[[-118.22706,47.99143],[-118.22706,47.99116],[-118.22666,47.99116],[-118.22666,47.99143],[-118.22706,47.99143]],[[-118.23752,47.98658],[-118.23752,47.98631],[-118.23832,47.98604],[-118.23832,47.98523],[-118.23792,47.98523],[-118.23792,47.98469],[-118.23712,47.98469],[-118.23712,47.98442],[-118.23591,47.98442],[-118.23591,47.98469],[-118.23551,47.98469],[-118.23551,47.98496],[-118.23511,47.98496],[-118.23511,47.98577],[-118.2347,47.98577],[-118.2347,47.98604],[-118.2339,47.98631],[-118.2339,47.98685],[-118.2347,47.98685],[-118.2347,47.98712],[-118.23671,47.98712],[-118.23671,47.98685],[-118.23752,47.98658]]],[[[-118.21339,47.90815],[-118.21419,47.90842],[-118.21419,47.90869],[-118.215,47.90896],[-118.215,47.90923],[-118.21259,47.90923],[-118.21259,47.90842],[-118.21339,47.90842],[-118.21339,47.90815]]],[[[-118.2154,47.9095],[-118.215,47.9095],[-118.215,47.90923],[-118.2154,47.90923],[-118.2154,47.9095]]],[[[-118.23269,47.9475],[-118.23269,47.94723],[-118.23309,47.94723],[-118.23309,47.9475],[-118.23269,47.9475]]],[[[-118.23269,47.95451],[-118.23269,47.95424],[-118.23309,47.95424],[-118.23309,47.95451],[-118.23269,47.95451]]],[[[-118.2339,47.95585],[-118.2335,47.95585],[-118.2335,47.95532],[-118.2339,47.95532],[-118.2339,47.95585]]],[[[-118.24154,47.97984],[-118.24033,47.97984],[-118.24033,47.97957],[-118.24154,47.97957],[-118.24154,47.97984]]],[[[-118.24033,47.98092],[-118.23993,47.98092],[-118.23993,47.98038],[-118.23953,47.98038],[-118.23953,47.98011],[-118.23993,47.98011],[-118.23993,47.97984],[-118.24033,47.97984],[-118.24033,47.98011],[-118.24074,47.98011],[-118.24074,47.98038],[-118.24154,47.98038],[-118.24154,47.98092],[-118.24275,47.98092],[-118.24275,47.98119],[-118.24154,47.98119],[-118.24154,47.98146],[-118.24114,47.98146],[-118.24114,47.98173],[-118.24074,47.98173],[-118.24074,47.98119],[-118.24033,47.98119],[-118.24033,47.98092]]],[[[-118.24194,47.98173],[-118.24194,47.98226],[-118.24114,47.982],[-118.24114,47.98173],[-118.24194,47.98173]]],[[[-118.24154,47.9828],[-118.24154,47.98253],[-118.24194,47.98253],[-118.24194,47.9828],[-118.24154,47.9828]]]]},"properties":{"layer":"predicted_reach_h24","fire_name":"Mitre_Rock","irwin_id":"{C11A3685-C035-4241-A17C-8076EE99619D}","model":"arrival_run","checkpoint_epoch":216,"decode":"connected_causal","operating_point":{"floor":0.0,"mult":0.9},"val_precision":null,"val_recall":null,"model_caveat":"arrival_run chosen for best RECALL among the six FlameFlux v3 candidates on the production-valid t0-window corpus (R=0.624 on the fc2 held-out fires, R=0.432 on Dillon -- see candidate_comparison.md from the 2026-07-24 comparison). It does NOT meet the project's P>=0.50/R>=0.80 target: precision is the WORST of the six (P=0.120 on fc2 -- most flagged growth is wrong), and wind_run actually edges it on F1. IMPORTANT CAVEAT: arrival_run trained on the leaky 'observed' corpus (crop centered/sized on t0|t1, i.e. it saw the future perimeter's geometry during training) and has NEVER seen a t0-window crop -- the ONLY geometry this live pipeline can ever produce at forecast time (the future perimeter is, by definition, unknown). So every live prediction from this model is out-of-distribution relative to its own training. The measured t0-window numbers above already reflect that (they are not a surprise), but this is 'best available', not 'production-ready' -- represent it that way. The operating_point (floor=0.0, mult=0.9) is the VAL-selected connected-causal decode point; it did NOT clear the 0.50 precision floor during selection (feasible=False, val P=0.270/R=0.259) -- it's the best-F1 fallback point, not a precision-guaranteed one.","issued_at_utc":"2026-08-05 10:59:55.016141+00:00","valid_from_utc":"2026-08-05 00:00:00","valid_to_utc":"2026-08-06 00:00:00","wfigs_date_current_utc":"2026-08-05 10:16:25+00:00","pixel_size_m":30,"veg_source":"refreshed_d4","physics_source":"eikonal_fbfm40","history_n_dates":4,"degraded_history":false,"containment_pct":0.0,"acres_wfigs":4439.297279101989,"hour":24,"valid_at_utc":"2026-08-06 00:00:00"}}]}