{"type":"FeatureCollection","features":[{"type":"Feature","geometry":{"type":"Polygon","coordinates":[[[-99.76133,31.74627],[-99.76133,31.746],[-99.76291,31.746],[-99.76291,31.74573],[-99.76355,31.74573],[-99.76355,31.74546],[-99.76386,31.74546],[-99.76386,31.74519],[-99.7645,31.74519],[-99.7645,31.74465],[-99.76513,31.74438],[-99.76513,31.74384],[-99.76481,31.74384],[-99.76481,31.7433],[-99.76513,31.7433],[-99.76513,31.74303],[-99.76545,31.74303],[-99.76545,31.74276],[-99.7664,31.74276],[-99.7664,31.74249],[-99.76608,31.74249],[-99.76608,31.74222],[-99.7664,31.74222],[-99.7664,31.74195],[-99.76703,31.74195],[-99.76703,31.74168],[-99.76798,31.74168],[-99.76798,31.74115],[-99.7683,31.74115],[-99.7683,31.74088],[-99.76481,31.74088],[-99.76481,31.74061],[-99.76355,31.74061],[-99.76355,31.74034],[-99.76418,31.74034],[-99.76418,31.73953],[-99.76481,31.73953],[-99.76481,31.73926],[-99.76513,31.73926],[-99.76513,31.73899],[-99.76576,31.73899],[-99.76576,31.73872],[-99.76608,31.73872],[-99.76608,31.73791],[-99.76576,31.73791],[-99.76576,31.73737],[-99.76608,31.73737],[-99.76608,31.7371],[-99.76671,31.7371],[-99.76671,31.73683],[-99.76798,31.73683],[-99.76798,31.73656],[-99.7683,31.73656],[-99.7683,31.73683],[-99.76862,31.73683],[-99.76862,31.7371],[-99.76925,31.7371],[-99.76925,31.73629],[-99.76988,31.73629],[-99.76988,31.73387],[-99.76957,31.73387],[-99.76957,31.73144],[-99.76925,31.73144],[-99.76925,31.72848],[-99.76893,31.72848],[-99.76893,31.72632],[-99.76766,31.72632],[-99.76766,31.72659],[-99.76735,31.72659],[-99.76735,31.72686],[-99.76703,31.72686],[-99.76703,31.72659],[-99.7664,31.72659],[-99.7664,31.72632],[-99.76576,31.72632],[-99.76576,31.72659],[-99.76386,31.72686],[-99.76386,31.72713],[-99.76323,31.72713],[-99.76323,31.7274],[-99.76228,31.7274],[-99.76228,31.72713],[-99.76196,31.72713],[-99.76196,31.7274],[-99.76133,31.7274],[-99.76133,31.72767],[-99.76101,31.72767],[-99.76101,31.72794],[-99.76069,31.72794],[-99.76069,31.72848],[-99.76038,31.72848],[-99.76038,31.72902],[-99.76006,31.72902],[-99.76006,31.72956],[-99.75974,31.72956],[-99.75974,31.73037],[-99.75943,31.73037],[-99.75943,31.73117],[-99.75911,31.73117],[-99.75911,31.73306],[-99.75848,31.73333],[-99.75848,31.7336],[-99.75879,31.7336],[-99.75879,31.73387],[-99.75848,31.73387],[-99.75848,31.73522],[-99.75784,31.73549],[-99.75784,31.7371],[-99.75721,31.7371],[-99.75721,31.73737],[-99.75657,31.73764],[-99.75657,31.73818],[-99.75626,31.73818],[-99.75626,31.73845],[-99.75657,31.73845],[-99.75657,31.73872],[-99.75594,31.73899],[-99.75594,31.73953],[-99.75562,31.73953],[-99.75562,31.74195],[-99.75531,31.74195],[-99.75531,31.74303],[-99.75594,31.74303],[-99.75594,31.74357],[-99.75562,31.74357],[-99.75562,31.74384],[-99.75594,31.74384],[-99.75594,31.74438],[-99.75562,31.74438],[-99.75562,31.74465],[-99.75594,31.74465],[-99.75594,31.74492],[-99.75752,31.74492],[-99.75752,31.74519],[-99.75784,31.74519],[-99.75784,31.74546],[-99.75848,31.74546],[-99.75848,31.74573],[-99.75911,31.74573],[-99.75911,31.746],[-99.75974,31.746],[-99.75974,31.74627],[-99.76133,31.74627]]]},"properties":{"layer":"observed_perimeter","fire_name":"Seven","irwin_id":"{DBEB27C2-2C0B-4A81-B378-9BC264BE44C0}","model":"guarded_q65_79fires","model_checkpoint":"output/q65_79fires_causal_v1/q65_79fires.ubj","checkpoint_epoch":null,"decode":"guarded_q65_reach","operating_point":{"gate_threshold":0.25,"reach_multiplier":1.3,"day_guard_threshold":0.39},"val_precision":0.7166666666666667,"val_recall":0.86,"val_f1":0.7818181818181817,"issued_at_utc":"2026-09-22 23:29:27.532956+00:00","valid_from_utc":"2026-09-22 23:29:27.532956+00:00","valid_to_utc":"2026-09-23 23:29:27.532956+00:00","wfigs_date_current_utc":"2026-09-22 23:12:19+00:00","wfigs_perimeter_date_utc":"2026-09-22 19:27:40+00:00","pixel_size_m":30,"veg_source":"refreshed_d4","physics_source":"eikonal_fbfm40","history_n_dates":1,"degraded_history":true,"containment_pct":75,"acres_wfigs":482.97616055755077,"perimeter_clipped":false,"observed_dates":1,"consecutive_quiet_perimeters":0,"consecutive_static_perimeters":0,"last_material_growth_date":null,"days_since_material_growth":null,"latest_growth_acres":null,"latest_growth_pct":null,"model_caveat":"24-hour q65 front-reach forecast trained on 79 historical GeoMAC fires. The strictly causal day guard FAILED the quiet-day acceptance envelope and that failure stands: on the 2026-09-07 live batch this runtime predicted exactly zero growth on 4 of 11 active fires, because reach is decoded only where the segment gate is open and the day guard holds the gate shut below its 0.39 threshold. A published zero is a guard decision, not a measurement that the fire will not move. The displayed hourly contours are constant-local-rate interpolation of a model trained on 24-hour endpoints; they are spatially validated but have no independently observed sub-daily timing labels. Detached spotting is not represented, and the seven-fire audit behind the validation numbers was not blind because those fires had been reviewed in prior experiments.","model_format":"XGBoost UBJ","deployment_status":"website_default","gate_model_checkpoint":null,"gate_threshold":0.25,"gate_open_segments":63,"gate_total_segments":63,"hotspot_gate_radius_px":16.0,"hotspot_gate_lookback_hours":8,"hotspot_gate_min_detections":5,"hotspot_gate_detections":0,"hotspot_gate_applied":false,"hotspot_gate_reason":"no thermal detections available","hotspot_anchor_applied":false,"hotspot_anchor_detections":0,"hotspot_anchor_segments":0,"hotspot_anchor_radius_px":16.0,"hotspot_anchor_min_outside_detections":3,"hotspot_anchor_lookback_hours":24,"hotspot_anchor_fallback_applied":true,"hotspot_anchor_raw_detections":0,"hotspot_previous_window_detections":0,"hotspot_dropout":false,"recent_growth_gate_applied":true,"recent_growth_gate_lag":"2d","recent_growth_gate_band_px":8.0,"recent_growth_gate_open":63,"recent_growth_gate_segments":63,"recent_growth_gate_reason":"no observed growth in the last 2d; caller should open all segments rather than publish a fire-wide zero","day_guard_model_checkpoint":"output/q65_79fires_day_guard_v1/q65_day_guard.ubj","day_guard_threshold":0.39,"day_growth_probability":0.6159945726394653,"day_guard_active":true,"predicted_regime":"significant_growth","selected_operator":"guarded_q65_reach","spatial_validation":{"1":{"monotone":true,"endpoint_exact":true,"source_components":1,"maximum_perimeter_components":1,"source_connected":true,"disconnected_pixels":0,"disconnected_steps":[],"valid":true},"5":{"monotone":true,"endpoint_exact":true,"source_components":1,"maximum_perimeter_components":1,"source_connected":true,"disconnected_pixels":0,"disconnected_steps":[],"valid":true}},"interval_hours_available":[1,5],"arrival_method":"constant_local_normal_rate_from_24h_q65_reach","arrival_is_interpolated":true,"lagged_hotspot_available":false,"progression_observed":false,"cold_start_hotspot_supported":false,"cold_start_forecast_enabled":true,"cold_start_fallback_applied":true,"cold_start_fallback_reason":"no causal perimeter growth history","forecast_no_call":false,"predicted_growth_pixels":3982,"predicted_growth_acres":885.58,"predicted_growth_pct":182.828,"predicted_growth_max_reach_px":20.809}},{"type":"Feature","geometry":{"type":"Polygon","coordinates":[[[-99.76323,31.75112],[-99.76323,31.75085],[-99.76481,31.75085],[-99.76481,31.75058],[-99.76608,31.75031],[-99.76608,31.75004],[-99.76735,31.75031],[-99.76735,31.75004],[-99.76766,31.75004],[-99.76766,31.74977],[-99.76798,31.74977],[-99.76798,31.7495],[-99.76862,31.74923],[-99.76862,31.74896],[-99.7683,31.74896],[-99.7683,31.74869],[-99.76766,31.74842],[-99.76766,31.74788],[-99.7683,31.74788],[-99.7683,31.74734],[-99.76893,31.74707],[-99.76893,31.74653],[-99.76862,31.74653],[-99.76862,31.74627],[-99.76798,31.74627],[-99.76798,31.746],[-99.7683,31.746],[-99.7683,31.74573],[-99.76862,31.74573],[-99.76862,31.74546],[-99.76893,31.74546],[-99.76893,31.74573],[-99.76957,31.74573],[-99.76957,31.74546],[-99.76988,31.74546],[-99.76988,31.74519],[-99.77052,31.74519],[-99.77052,31.74492],[-99.77115,31.74465],[-99.77115,31.74438],[-99.77147,31.74438],[-99.77147,31.74411],[-99.7721,31.74411],[-99.7721,31.74384],[-99.77242,31.74384],[-99.77242,31.7433],[-99.77273,31.7433],[-99.77273,31.74276],[-99.77305,31.74276],[-99.77305,31.74222],[-99.77337,31.74222],[-99.77337,31.7398],[-99.77305,31.7398],[-99.77305,31.73953],[-99.77369,31.73953],[-99.77369,31.73899],[-99.77432,31.73926],[-99.77432,31.73953],[-99.77495,31.73953],[-99.77495,31.73899],[-99.77559,31.73872],[-99.77559,31.73818],[-99.7759,31.73818],[-99.7759,31.73737],[-99.77622,31.73737],[-99.77622,31.73522],[-99.77495,31.73522],[-99.77495,31.73414],[-99.77464,31.73414],[-99.77464,31.73333],[-99.77432,31.73333],[-99.77432,31.7336],[-99.77273,31.7336],[-99.77273,31.73333],[-99.77242,31.73333],[-99.77242,31.73306],[-99.77464,31.73306],[-99.77464,31.73225],[-99.77527,31.73225],[-99.77527,31.73063],[-99.77495,31.73063],[-99.77495,31.7301],[-99.77464,31.7301],[-99.77464,31.72902],[-99.77337,31.72902],[-99.77337,31.72713],[-99.77369,31.72713],[-99.77369,31.72524],[-99.77337,31.72524],[-99.77337,31.72471],[-99.77305,31.72471],[-99.77305,31.72417],[-99.77273,31.72417],[-99.77273,31.7239],[-99.7721,31.72363],[-99.7721,31.72336],[-99.77178,31.72336],[-99.77178,31.72309],[-99.77052,31.72282],[-99.77052,31.72255],[-99.76988,31.72255],[-99.76988,31.72282],[-99.76893,31.72282],[-99.76893,31.72255],[-99.76703,31.72255],[-99.76703,31.72282],[-99.7645,31.72282],[-99.7645,31.72309],[-99.76386,31.72309],[-99.76386,31.72336],[-99.76355,31.72336],[-99.76355,31.72363],[-99.76291,31.72363],[-99.76291,31.72417],[-99.76259,31.72417],[-99.76259,31.72444],[-99.76196,31.72444],[-99.76196,31.72336],[-99.76038,31.72336],[-99.76038,31.72363],[-99.75974,31.72363],[-99.75974,31.7239],[-99.75911,31.7239],[-99.75911,31.72417],[-99.75784,31.72444],[-99.75784,31.72471],[-99.75752,31.72471],[-99.75752,31.72498],[-99.75689,31.72524],[-99.75689,31.72551],[-99.75657,31.72551],[-99.75657,31.72578],[-99.75626,31.72578],[-99.75626,31.72659],[-99.75594,31.72659],[-99.75594,31.72686],[-99.75626,31.72686],[-99.75626,31.72713],[-99.75689,31.72713],[-99.75689,31.7274],[-99.75721,31.7274],[-99.75721,31.72767],[-99.75626,31.72767],[-99.75626,31.7274],[-99.75594,31.7274],[-99.75594,31.72794],[-99.75562,31.72794],[-99.75562,31.72848],[-99.75531,31.72848],[-99.75531,31.72929],[-99.75467,31.72929],[-99.75467,31.73037],[-99.75436,31.73037],[-99.75436,31.73171],[-99.75467,31.73171],[-99.75467,31.73225],[-99.75436,31.73225],[-99.75436,31.7336],[-99.75562,31.7336],[-99.75562,31.73387],[-99.75594,31.73387],[-99.75594,31.73414],[-99.75499,31.73414],[-99.75499,31.73387],[-99.75436,31.73414],[-99.75436,31.73495],[-99.75404,31.73495],[-99.75404,31.73522],[-99.75341,31.73522],[-99.75341,31.73549],[-99.75309,31.73549],[-99.75309,31.73602],[-99.75277,31.73602],[-99.75277,31.73656],[-99.75245,31.73656],[-99.75245,31.73737],[-99.75182,31.73737],[-99.75182,31.73764],[-99.7515,31.73764],[-99.7515,31.73818],[-99.75119,31.73818],[-99.75119,31.74384],[-99.7515,31.74384],[-99.7515,31.74438],[-99.75245,31.74438],[-99.75245,31.74411],[-99.75309,31.74411],[-99.75309,31.74465],[-99.75245,31.74465],[-99.75245,31.74492],[-99.75087,31.74492],[-99.75087,31.746],[-99.75119,31.746],[-99.75119,31.7468],[-99.7515,31.7468],[-99.7515,31.74734],[-99.75214,31.74761],[-99.75214,31.74788],[-99.75245,31.74788],[-99.75245,31.74815],[-99.75277,31.74815],[-99.75277,31.74842],[-99.75309,31.74842],[-99.75309,31.74869],[-99.75436,31.74896],[-99.75436,31.74923],[-99.75562,31.74923],[-99.75562,31.74896],[-99.75594,31.74896],[-99.75594,31.74815],[-99.75657,31.74815],[-99.75657,31.74896],[-99.75594,31.74923],[-99.75594,31.74977],[-99.75562,31.74977],[-99.75562,31.75031],[-99.75626,31.75058],[-99.75626,31.75085],[-99.75721,31.75085],[-99.75721,31.75112],[-99.75816,31.75112],[-99.75816,31.75085],[-99.75848,31.75085],[-99.75848,31.75112],[-99.76323,31.75112]],[[-99.76196,31.74869],[-99.76164,31.74869],[-99.76164,31.74815],[-99.76196,31.74815],[-99.76196,31.74869]],[[-99.75499,31.74357],[-99.75467,31.74357],[-99.75467,31.7433],[-99.75499,31.7433],[-99.75499,31.74357]],[[-99.75309,31.74141],[-99.75214,31.74141],[-99.75214,31.74115],[-99.75309,31.74115],[-99.75309,31.74141]],[[-99.77147,31.73926],[-99.77052,31.73926],[-99.77052,31.73899],[-99.77115,31.73872],[-99.77115,31.73899],[-99.77147,31.73899],[-99.77147,31.73926]],[[-99.75499,31.73845],[-99.75467,31.73845],[-99.75467,31.73818],[-99.75499,31.73818],[-99.75499,31.73845]],[[-99.75531,31.73602],[-99.75467,31.73602],[-99.75467,31.73576],[-99.75436,31.73576],[-99.75436,31.73549],[-99.75404,31.73549],[-99.75404,31.73522],[-99.75531,31.73522],[-99.75531,31.73602]],[[-99.75752,31.73252],[-99.75721,31.73252],[-99.75721,31.73225],[-99.75752,31.73225],[-99.75752,31.73252]],[[-99.77337,31.73037],[-99.77242,31.73037],[-99.77242,31.7301],[-99.77337,31.7301],[-99.77337,31.73037]],[[-99.77147,31.72767],[-99.77115,31.72767],[-99.77115,31.72713],[-99.77273,31.72713],[-99.77273,31.7274],[-99.77147,31.7274],[-99.77147,31.72767]],[[-99.76703,31.72578],[-99.76671,31.72578],[-99.76671,31.72551],[-99.76703,31.72551],[-99.76703,31.72578]],[[-99.76259,31.72578],[-99.76228,31.72578],[-99.76228,31.72524],[-99.76259,31.72524],[-99.76259,31.72578]]]},"properties":{"layer":"predicted_perimeter_24h","fire_name":"Seven","irwin_id":"{DBEB27C2-2C0B-4A81-B378-9BC264BE44C0}","model":"guarded_q65_79fires","model_checkpoint":"output/q65_79fires_causal_v1/q65_79fires.ubj","checkpoint_epoch":null,"decode":"guarded_q65_reach","operating_point":{"gate_threshold":0.25,"reach_multiplier":1.3,"day_guard_threshold":0.39},"val_precision":0.7166666666666667,"val_recall":0.86,"val_f1":0.7818181818181817,"issued_at_utc":"2026-09-22 23:29:27.532956+00:00","valid_from_utc":"2026-09-22 23:29:27.532956+00:00","valid_to_utc":"2026-09-23 23:29:27.532956+00:00","wfigs_date_current_utc":"2026-09-22 23:12:19+00:00","wfigs_perimeter_date_utc":"2026-09-22 19:27:40+00:00","pixel_size_m":30,"veg_source":"refreshed_d4","physics_source":"eikonal_fbfm40","history_n_dates":1,"degraded_history":true,"containment_pct":75,"acres_wfigs":482.97616055755077,"perimeter_clipped":false,"observed_dates":1,"consecutive_quiet_perimeters":0,"consecutive_static_perimeters":0,"last_material_growth_date":null,"days_since_material_growth":null,"latest_growth_acres":null,"latest_growth_pct":null,"model_caveat":"24-hour q65 front-reach forecast trained on 79 historical GeoMAC fires. The strictly causal day guard FAILED the quiet-day acceptance envelope and that failure stands: on the 2026-09-07 live batch this runtime predicted exactly zero growth on 4 of 11 active fires, because reach is decoded only where the segment gate is open and the day guard holds the gate shut below its 0.39 threshold. A published zero is a guard decision, not a measurement that the fire will not move. The displayed hourly contours are constant-local-rate interpolation of a model trained on 24-hour endpoints; they are spatially validated but have no independently observed sub-daily timing labels. Detached spotting is not represented, and the seven-fire audit behind the validation numbers was not blind because those fires had been reviewed in prior experiments.","model_format":"XGBoost UBJ","deployment_status":"website_default","gate_model_checkpoint":null,"gate_threshold":0.25,"gate_open_segments":63,"gate_total_segments":63,"hotspot_gate_radius_px":16.0,"hotspot_gate_lookback_hours":8,"hotspot_gate_min_detections":5,"hotspot_gate_detections":0,"hotspot_gate_applied":false,"hotspot_gate_reason":"no thermal detections available","hotspot_anchor_applied":false,"hotspot_anchor_detections":0,"hotspot_anchor_segments":0,"hotspot_anchor_radius_px":16.0,"hotspot_anchor_min_outside_detections":3,"hotspot_anchor_lookback_hours":24,"hotspot_anchor_fallback_applied":true,"hotspot_anchor_raw_detections":0,"hotspot_previous_window_detections":0,"hotspot_dropout":false,"recent_growth_gate_applied":true,"recent_growth_gate_lag":"2d","recent_growth_gate_band_px":8.0,"recent_growth_gate_open":63,"recent_growth_gate_segments":63,"recent_growth_gate_reason":"no observed growth in the last 2d; caller should open all segments rather than publish a fire-wide zero","day_guard_model_checkpoint":"output/q65_79fires_day_guard_v1/q65_day_guard.ubj","day_guard_threshold":0.39,"day_growth_probability":0.6159945726394653,"day_guard_active":true,"predicted_regime":"significant_growth","selected_operator":"guarded_q65_reach","spatial_validation":{"1":{"monotone":true,"endpoint_exact":true,"source_components":1,"maximum_perimeter_components":1,"source_connected":true,"disconnected_pixels":0,"disconnected_steps":[],"valid":true},"5":{"monotone":true,"endpoint_exact":true,"source_components":1,"maximum_perimeter_components":1,"source_connected":true,"disconnected_pixels":0,"disconnected_steps":[],"valid":true}},"interval_hours_available":[1,5],"arrival_method":"constant_local_normal_rate_from_24h_q65_reach","arrival_is_interpolated":true,"lagged_hotspot_available":false,"progression_observed":false,"cold_start_hotspot_supported":false,"cold_start_forecast_enabled":true,"cold_start_fallback_applied":true,"cold_start_fallback_reason":"no causal perimeter growth history","forecast_no_call":false,"predicted_growth_pixels":3982,"predicted_growth_acres":885.58,"predicted_growth_pct":182.828,"predicted_growth_max_reach_px":20.809}},{"type":"Feature","geometry":{"type":"Polygon","coordinates":[[[-99.76323,31.75112],[-99.76323,31.75085],[-99.76481,31.75085],[-99.76481,31.75058],[-99.76608,31.75031],[-99.76608,31.75004],[-99.76735,31.75031],[-99.76735,31.75004],[-99.76766,31.75004],[-99.76766,31.74977],[-99.76798,31.74977],[-99.76798,31.7495],[-99.76862,31.74923],[-99.76862,31.74896],[-99.7683,31.74896],[-99.7683,31.74869],[-99.76766,31.74842],[-99.76766,31.74788],[-99.7683,31.74788],[-99.7683,31.74734],[-99.76893,31.74707],[-99.76893,31.74653],[-99.76862,31.74653],[-99.76862,31.74627],[-99.76798,31.74627],[-99.76798,31.746],[-99.7683,31.746],[-99.7683,31.74573],[-99.76862,31.74573],[-99.76862,31.74546],[-99.76893,31.74546],[-99.76893,31.74573],[-99.76957,31.74573],[-99.76957,31.74546],[-99.76988,31.74546],[-99.76988,31.74519],[-99.77052,31.74519],[-99.77052,31.74492],[-99.77115,31.74465],[-99.77115,31.74438],[-99.77147,31.74438],[-99.77147,31.74411],[-99.7721,31.74411],[-99.7721,31.74384],[-99.77242,31.74384],[-99.77242,31.7433],[-99.77273,31.7433],[-99.77273,31.74276],[-99.77305,31.74276],[-99.77305,31.74222],[-99.77337,31.74222],[-99.77337,31.7398],[-99.77305,31.7398],[-99.77305,31.73953],[-99.77369,31.73953],[-99.77369,31.73899],[-99.77432,31.73926],[-99.77432,31.73953],[-99.77495,31.73953],[-99.77495,31.73899],[-99.77559,31.73872],[-99.77559,31.73818],[-99.7759,31.73818],[-99.7759,31.73737],[-99.77622,31.73737],[-99.77622,31.73522],[-99.77495,31.73522],[-99.77495,31.73414],[-99.77464,31.73414],[-99.77464,31.73333],[-99.77432,31.73333],[-99.77432,31.7336],[-99.77273,31.7336],[-99.77273,31.73333],[-99.77242,31.73333],[-99.77242,31.73306],[-99.77464,31.73306],[-99.77464,31.73225],[-99.77527,31.73225],[-99.77527,31.73063],[-99.77495,31.73063],[-99.77495,31.7301],[-99.77464,31.7301],[-99.77464,31.72902],[-99.77337,31.72902],[-99.77337,31.72713],[-99.77369,31.72713],[-99.77369,31.72524],[-99.77337,31.72524],[-99.77337,31.72471],[-99.77305,31.72471],[-99.77305,31.72417],[-99.77273,31.72417],[-99.77273,31.7239],[-99.7721,31.72363],[-99.7721,31.72336],[-99.77178,31.72336],[-99.77178,31.72309],[-99.77052,31.72282],[-99.77052,31.72255],[-99.76988,31.72255],[-99.76988,31.72282],[-99.76893,31.72282],[-99.76893,31.72255],[-99.76703,31.72255],[-99.76703,31.72282],[-99.7645,31.72282],[-99.7645,31.72309],[-99.76386,31.72309],[-99.76386,31.72336],[-99.76355,31.72336],[-99.76355,31.72363],[-99.76291,31.72363],[-99.76291,31.72417],[-99.76259,31.72417],[-99.76259,31.72444],[-99.76196,31.72444],[-99.76196,31.72336],[-99.76038,31.72336],[-99.76038,31.72363],[-99.75974,31.72363],[-99.75974,31.7239],[-99.75911,31.7239],[-99.75911,31.72417],[-99.75784,31.72444],[-99.75784,31.72471],[-99.75752,31.72471],[-99.75752,31.72498],[-99.75689,31.72524],[-99.75689,31.72551],[-99.75657,31.72551],[-99.75657,31.72578],[-99.75626,31.72578],[-99.75626,31.72659],[-99.75594,31.72659],[-99.75594,31.72686],[-99.75626,31.72686],[-99.75626,31.72713],[-99.75689,31.72713],[-99.75689,31.7274],[-99.75721,31.7274],[-99.75721,31.72767],[-99.75626,31.72767],[-99.75626,31.7274],[-99.75594,31.7274],[-99.75594,31.72794],[-99.75562,31.72794],[-99.75562,31.72848],[-99.75531,31.72848],[-99.75531,31.72929],[-99.75467,31.72929],[-99.75467,31.73037],[-99.75436,31.73037],[-99.75436,31.73171],[-99.75467,31.73171],[-99.75467,31.73225],[-99.75436,31.73225],[-99.75436,31.7336],[-99.75562,31.7336],[-99.75562,31.73387],[-99.75594,31.73387],[-99.75594,31.73414],[-99.75499,31.73414],[-99.75499,31.73387],[-99.75436,31.73414],[-99.75436,31.73495],[-99.75404,31.73495],[-99.75404,31.73522],[-99.75341,31.73522],[-99.75341,31.73549],[-99.75309,31.73549],[-99.75309,31.73602],[-99.75277,31.73602],[-99.75277,31.73656],[-99.75245,31.73656],[-99.75245,31.73737],[-99.75182,31.73737],[-99.75182,31.73764],[-99.7515,31.73764],[-99.7515,31.73818],[-99.75119,31.73818],[-99.75119,31.74384],[-99.7515,31.74384],[-99.7515,31.74438],[-99.75245,31.74438],[-99.75245,31.74411],[-99.75309,31.74411],[-99.75309,31.74465],[-99.75245,31.74465],[-99.75245,31.74492],[-99.75087,31.74492],[-99.75087,31.746],[-99.75119,31.746],[-99.75119,31.7468],[-99.7515,31.7468],[-99.7515,31.74734],[-99.75214,31.74761],[-99.75214,31.74788],[-99.75245,31.74788],[-99.75245,31.74815],[-99.75277,31.74815],[-99.75277,31.74842],[-99.75309,31.74842],[-99.75309,31.74869],[-99.75436,31.74896],[-99.75436,31.74923],[-99.75562,31.74923],[-99.75562,31.74896],[-99.75594,31.74896],[-99.75594,31.74815],[-99.75657,31.74815],[-99.75657,31.74896],[-99.75594,31.74923],[-99.75594,31.74977],[-99.75562,31.74977],[-99.75562,31.75031],[-99.75626,31.75058],[-99.75626,31.75085],[-99.75721,31.75085],[-99.75721,31.75112],[-99.75816,31.75112],[-99.75816,31.75085],[-99.75848,31.75085],[-99.75848,31.75112],[-99.76323,31.75112]],[[-99.76196,31.74869],[-99.76164,31.74869],[-99.76164,31.74815],[-99.76196,31.74815],[-99.76196,31.74869]],[[-99.76133,31.74627],[-99.75974,31.74627],[-99.75974,31.746],[-99.75911,31.746],[-99.75911,31.74573],[-99.75784,31.74546],[-99.75784,31.74519],[-99.75752,31.74519],[-99.75752,31.74492],[-99.75594,31.74492],[-99.75594,31.74465],[-99.75562,31.74465],[-99.75562,31.74438],[-99.75594,31.74438],[-99.75594,31.74384],[-99.75562,31.74384],[-99.75562,31.74357],[-99.75594,31.74357],[-99.75594,31.74303],[-99.75531,31.74303],[-99.75531,31.74195],[-99.75562,31.74195],[-99.75562,31.73953],[-99.75594,31.73953],[-99.75594,31.73899],[-99.75657,31.73872],[-99.75657,31.73845],[-99.75626,31.73845],[-99.75626,31.73818],[-99.75657,31.73818],[-99.75657,31.73764],[-99.75721,31.73737],[-99.75721,31.7371],[-99.75784,31.7371],[-99.75784,31.73549],[-99.75848,31.73522],[-99.75848,31.73387],[-99.75879,31.73387],[-99.75879,31.7336],[-99.75848,31.7336],[-99.75848,31.73333],[-99.75911,31.73306],[-99.75911,31.73117],[-99.75943,31.73117],[-99.75943,31.73037],[-99.75974,31.73037],[-99.75974,31.72956],[-99.76006,31.72956],[-99.76006,31.72902],[-99.76038,31.72902],[-99.76038,31.72848],[-99.76069,31.72848],[-99.76069,31.72794],[-99.76101,31.72794],[-99.76101,31.72767],[-99.76133,31.72767],[-99.76133,31.7274],[-99.76196,31.7274],[-99.76196,31.72713],[-99.76228,31.72713],[-99.76228,31.7274],[-99.76323,31.7274],[-99.76323,31.72713],[-99.76386,31.72713],[-99.76386,31.72686],[-99.76481,31.72686],[-99.76481,31.72659],[-99.76576,31.72659],[-99.76576,31.72632],[-99.76703,31.72659],[-99.76703,31.72686],[-99.76766,31.72659],[-99.76766,31.72632],[-99.76893,31.72632],[-99.76893,31.72848],[-99.76925,31.72848],[-99.76925,31.73144],[-99.76957,31.73144],[-99.76957,31.73387],[-99.76988,31.73387],[-99.76988,31.73629],[-99.76925,31.73629],[-99.76925,31.7371],[-99.76862,31.7371],[-99.76862,31.73683],[-99.7683,31.73683],[-99.7683,31.73656],[-99.76798,31.73656],[-99.76798,31.73683],[-99.76671,31.73683],[-99.76671,31.7371],[-99.76608,31.7371],[-99.76608,31.73737],[-99.76576,31.73737],[-99.76576,31.73791],[-99.76608,31.73791],[-99.76608,31.73872],[-99.76576,31.73872],[-99.76576,31.73899],[-99.76513,31.73899],[-99.76513,31.73926],[-99.76481,31.73926],[-99.76481,31.73953],[-99.76418,31.73953],[-99.76418,31.74034],[-99.76355,31.74034],[-99.76355,31.74061],[-99.76481,31.74061],[-99.76481,31.74088],[-99.7683,31.74088],[-99.7683,31.74115],[-99.76798,31.74115],[-99.76798,31.74168],[-99.76703,31.74168],[-99.76703,31.74195],[-99.7664,31.74195],[-99.7664,31.74222],[-99.76608,31.74222],[-99.76608,31.74249],[-99.7664,31.74249],[-99.7664,31.74276],[-99.76545,31.74276],[-99.76545,31.74303],[-99.76513,31.74303],[-99.76513,31.7433],[-99.76481,31.7433],[-99.76481,31.74384],[-99.76513,31.74384],[-99.76513,31.74438],[-99.7645,31.74465],[-99.7645,31.74519],[-99.76386,31.74519],[-99.76386,31.74546],[-99.76355,31.74546],[-99.76355,31.74573],[-99.76291,31.74573],[-99.76291,31.746],[-99.76133,31.746],[-99.76133,31.74627]],[[-99.75499,31.74357],[-99.75467,31.74357],[-99.75467,31.7433],[-99.75499,31.7433],[-99.75499,31.74357]],[[-99.75309,31.74141],[-99.75214,31.74141],[-99.75214,31.74115],[-99.75309,31.74115],[-99.75309,31.74141]],[[-99.77147,31.73926],[-99.77052,31.73926],[-99.77052,31.73899],[-99.77115,31.73872],[-99.77115,31.73899],[-99.77147,31.73899],[-99.77147,31.73926]],[[-99.75499,31.73845],[-99.75467,31.73845],[-99.75467,31.73818],[-99.75499,31.73818],[-99.75499,31.73845]],[[-99.75531,31.73602],[-99.75467,31.73602],[-99.75467,31.73576],[-99.75436,31.73576],[-99.75436,31.73549],[-99.75404,31.73549],[-99.75404,31.73522],[-99.75531,31.73522],[-99.75531,31.73602]],[[-99.75752,31.73252],[-99.75721,31.73252],[-99.75721,31.73225],[-99.75752,31.73225],[-99.75752,31.73252]],[[-99.77337,31.73037],[-99.77242,31.73037],[-99.77242,31.7301],[-99.77337,31.7301],[-99.77337,31.73037]],[[-99.77147,31.72767],[-99.77115,31.72767],[-99.77115,31.72713],[-99.77273,31.72713],[-99.77273,31.7274],[-99.77147,31.7274],[-99.77147,31.72767]],[[-99.76703,31.72578],[-99.76671,31.72578],[-99.76671,31.72551],[-99.76703,31.72551],[-99.76703,31.72578]],[[-99.76259,31.72578],[-99.76228,31.72578],[-99.76228,31.72524],[-99.76259,31.72524],[-99.76259,31.72578]]]},"properties":{"layer":"predicted_growth_24h","fire_name":"Seven","irwin_id":"{DBEB27C2-2C0B-4A81-B378-9BC264BE44C0}","model":"guarded_q65_79fires","model_checkpoint":"output/q65_79fires_causal_v1/q65_79fires.ubj","checkpoint_epoch":null,"decode":"guarded_q65_reach","operating_point":{"gate_threshold":0.25,"reach_multiplier":1.3,"day_guard_threshold":0.39},"val_precision":0.7166666666666667,"val_recall":0.86,"val_f1":0.7818181818181817,"issued_at_utc":"2026-09-22 23:29:27.532956+00:00","valid_from_utc":"2026-09-22 23:29:27.532956+00:00","valid_to_utc":"2026-09-23 23:29:27.532956+00:00","wfigs_date_current_utc":"2026-09-22 23:12:19+00:00","wfigs_perimeter_date_utc":"2026-09-22 19:27:40+00:00","pixel_size_m":30,"veg_source":"refreshed_d4","physics_source":"eikonal_fbfm40","history_n_dates":1,"degraded_history":true,"containment_pct":75,"acres_wfigs":482.97616055755077,"perimeter_clipped":false,"observed_dates":1,"consecutive_quiet_perimeters":0,"consecutive_static_perimeters":0,"last_material_growth_date":null,"days_since_material_growth":null,"latest_growth_acres":null,"latest_growth_pct":null,"model_caveat":"24-hour q65 front-reach forecast trained on 79 historical GeoMAC fires. The strictly causal day guard FAILED the quiet-day acceptance envelope and that failure stands: on the 2026-09-07 live batch this runtime predicted exactly zero growth on 4 of 11 active fires, because reach is decoded only where the segment gate is open and the day guard holds the gate shut below its 0.39 threshold. A published zero is a guard decision, not a measurement that the fire will not move. The displayed hourly contours are constant-local-rate interpolation of a model trained on 24-hour endpoints; they are spatially validated but have no independently observed sub-daily timing labels. Detached spotting is not represented, and the seven-fire audit behind the validation numbers was not blind because those fires had been reviewed in prior experiments.","model_format":"XGBoost UBJ","deployment_status":"website_default","gate_model_checkpoint":null,"gate_threshold":0.25,"gate_open_segments":63,"gate_total_segments":63,"hotspot_gate_radius_px":16.0,"hotspot_gate_lookback_hours":8,"hotspot_gate_min_detections":5,"hotspot_gate_detections":0,"hotspot_gate_applied":false,"hotspot_gate_reason":"no thermal detections available","hotspot_anchor_applied":false,"hotspot_anchor_detections":0,"hotspot_anchor_segments":0,"hotspot_anchor_radius_px":16.0,"hotspot_anchor_min_outside_detections":3,"hotspot_anchor_lookback_hours":24,"hotspot_anchor_fallback_applied":true,"hotspot_anchor_raw_detections":0,"hotspot_previous_window_detections":0,"hotspot_dropout":false,"recent_growth_gate_applied":true,"recent_growth_gate_lag":"2d","recent_growth_gate_band_px":8.0,"recent_growth_gate_open":63,"recent_growth_gate_segments":63,"recent_growth_gate_reason":"no observed growth in the last 2d; caller should open all segments rather than publish a fire-wide zero","day_guard_model_checkpoint":"output/q65_79fires_day_guard_v1/q65_day_guard.ubj","day_guard_threshold":0.39,"day_growth_probability":0.6159945726394653,"day_guard_active":true,"predicted_regime":"significant_growth","selected_operator":"guarded_q65_reach","spatial_validation":{"1":{"monotone":true,"endpoint_exact":true,"source_components":1,"maximum_perimeter_components":1,"source_connected":true,"disconnected_pixels":0,"disconnected_steps":[],"valid":true},"5":{"monotone":true,"endpoint_exact":true,"source_components":1,"maximum_perimeter_components":1,"source_connected":true,"disconnected_pixels":0,"disconnected_steps":[],"valid":true}},"interval_hours_available":[1,5],"arrival_method":"constant_local_normal_rate_from_24h_q65_reach","arrival_is_interpolated":true,"lagged_hotspot_available":false,"progression_observed":false,"cold_start_hotspot_supported":false,"cold_start_forecast_enabled":true,"cold_start_fallback_applied":true,"cold_start_fallback_reason":"no causal perimeter growth history","forecast_no_call":false,"predicted_growth_pixels":3982,"predicted_growth_acres":885.58,"predicted_growth_pct":182.828,"predicted_growth_max_reach_px":20.809}},{"type":"Feature","geometry":{"type":"Polygon","coordinates":[[[-99.76069,31.74653],[-99.76069,31.74627],[-99.76133,31.74627],[-99.76133,31.746],[-99.76259,31.746],[-99.76259,31.74627],[-99.76291,31.74627],[-99.76291,31.74573],[-99.76386,31.74573],[-99.76386,31.74519],[-99.7645,31.74519],[-99.7645,31.74492],[-99.76481,31.74492],[-99.76481,31.74438],[-99.76545,31.74411],[-99.76545,31.74384],[-99.76481,31.74384],[-99.76481,31.7433],[-99.76513,31.7433],[-99.76513,31.74303],[-99.76545,31.74303],[-99.76545,31.74276],[-99.76608,31.74276],[-99.76608,31.74303],[-99.7664,31.74303],[-99.7664,31.74249],[-99.76608,31.74249],[-99.76608,31.74222],[-99.7664,31.74222],[-99.7664,31.74195],[-99.76703,31.74195],[-99.76703,31.74168],[-99.76766,31.74195],[-99.76766,31.74168],[-99.76798,31.74168],[-99.76798,31.74115],[-99.76862,31.74115],[-99.76862,31.74088],[-99.76481,31.74088],[-99.76481,31.74061],[-99.76355,31.74061],[-99.76355,31.74034],[-99.76418,31.74034],[-99.76418,31.73953],[-99.76481,31.73953],[-99.76481,31.73926],[-99.76513,31.73926],[-99.76513,31.73899],[-99.76576,31.73899],[-99.76576,31.73872],[-99.76608,31.73872],[-99.76608,31.73791],[-99.76576,31.73791],[-99.76576,31.73737],[-99.76608,31.73737],[-99.76608,31.7371],[-99.76671,31.7371],[-99.76671,31.73683],[-99.76798,31.73683],[-99.76798,31.73656],[-99.7683,31.73656],[-99.7683,31.73683],[-99.76862,31.73683],[-99.76862,31.7371],[-99.76925,31.7371],[-99.76925,31.73656],[-99.76988,31.73629],[-99.76988,31.73602],[-99.7702,31.73602],[-99.7702,31.73576],[-99.76988,31.73576],[-99.76988,31.73495],[-99.7702,31.73495],[-99.7702,31.73468],[-99.76988,31.73468],[-99.76988,31.7336],[-99.76957,31.7336],[-99.76957,31.73279],[-99.76988,31.73279],[-99.76988,31.73252],[-99.76957,31.73252],[-99.76957,31.73198],[-99.76988,31.73198],[-99.76988,31.73144],[-99.76925,31.73144],[-99.76925,31.72983],[-99.76957,31.72983],[-99.76957,31.72956],[-99.76925,31.72956],[-99.76925,31.72875],[-99.76957,31.72875],[-99.76957,31.72848],[-99.76893,31.72848],[-99.76893,31.72632],[-99.76798,31.72632],[-99.76798,31.72605],[-99.76766,31.72605],[-99.76766,31.72659],[-99.76703,31.72686],[-99.76703,31.72659],[-99.7664,31.72659],[-99.7664,31.72632],[-99.76608,31.72632],[-99.76608,31.72605],[-99.76576,31.72605],[-99.76576,31.72659],[-99.76481,31.72659],[-99.76481,31.72686],[-99.76355,31.72686],[-99.76355,31.72713],[-99.76323,31.72713],[-99.76323,31.7274],[-99.76228,31.7274],[-99.76228,31.72713],[-99.76164,31.72713],[-99.76164,31.7274],[-99.76133,31.7274],[-99.76133,31.72767],[-99.76101,31.72767],[-99.76101,31.72794],[-99.76069,31.72794],[-99.76069,31.72848],[-99.76006,31.72875],[-99.76006,31.72956],[-99.75943,31.72956],[-99.75943,31.72983],[-99.75974,31.72983],[-99.75974,31.73037],[-99.75911,31.73063],[-99.75911,31.7309],[-99.75943,31.7309],[-99.75943,31.73117],[-99.75879,31.73144],[-99.75879,31.73171],[-99.75911,31.73171],[-99.75911,31.73306],[-99.75848,31.73333],[-99.75848,31.7336],[-99.75879,31.7336],[-99.75879,31.73387],[-99.75848,31.73387],[-99.75848,31.73522],[-99.75784,31.73522],[-99.75784,31.7371],[-99.75721,31.7371],[-99.75721,31.73737],[-99.75657,31.73764],[-99.75657,31.73818],[-99.75626,31.73818],[-99.75626,31.73845],[-99.75657,31.73845],[-99.75657,31.73872],[-99.75626,31.73872],[-99.75626,31.73899],[-99.75562,31.73926],[-99.75562,31.74034],[-99.75531,31.74034],[-99.75531,31.74061],[-99.75562,31.74061],[-99.75562,31.74195],[-99.75531,31.74195],[-99.75531,31.74249],[-99.75499,31.74249],[-99.75499,31.74276],[-99.75531,31.74276],[-99.75531,31.74303],[-99.75594,31.74303],[-99.75594,31.74357],[-99.75562,31.74357],[-99.75562,31.74384],[-99.75594,31.74384],[-99.75594,31.74438],[-99.75562,31.74438],[-99.75562,31.74465],[-99.75594,31.74465],[-99.75594,31.74519],[-99.75626,31.74519],[-99.75626,31.74492],[-99.75752,31.74492],[-99.75752,31.74519],[-99.75784,31.74519],[-99.75784,31.74546],[-99.75816,31.74546],[-99.75816,31.74573],[-99.75911,31.74573],[-99.75911,31.74627],[-99.75974,31.746],[-99.75974,31.74627],[-99.76006,31.74627],[-99.76006,31.74653],[-99.76069,31.74653]]]},"properties":{"layer":"predicted_reach_h01","fire_name":"Seven","irwin_id":"{DBEB27C2-2C0B-4A81-B378-9BC264BE44C0}","model":"guarded_q65_79fires","model_checkpoint":"output/q65_79fires_causal_v1/q65_79fires.ubj","checkpoint_epoch":null,"decode":"guarded_q65_reach","operating_point":{"gate_threshold":0.25,"reach_multiplier":1.3,"day_guard_threshold":0.39},"val_precision":0.7166666666666667,"val_recall":0.86,"val_f1":0.7818181818181817,"issued_at_utc":"2026-09-22 23:29:27.532956+00:00","valid_from_utc":"2026-09-22 23:29:27.532956+00:00","valid_to_utc":"2026-09-23 23:29:27.532956+00:00","wfigs_date_current_utc":"2026-09-22 23:12:19+00:00","wfigs_perimeter_date_utc":"2026-09-22 19:27:40+00:00","pixel_size_m":30,"veg_source":"refreshed_d4","physics_source":"eikonal_fbfm40","history_n_dates":1,"degraded_history":true,"containment_pct":75,"acres_wfigs":482.97616055755077,"perimeter_clipped":false,"observed_dates":1,"consecutive_quiet_perimeters":0,"consecutive_static_perimeters":0,"last_material_growth_date":null,"days_since_material_growth":null,"latest_growth_acres":null,"latest_growth_pct":null,"model_caveat":"24-hour q65 front-reach forecast trained on 79 historical GeoMAC fires. The strictly causal day guard FAILED the quiet-day acceptance envelope and that failure stands: on the 2026-09-07 live batch this runtime predicted exactly zero growth on 4 of 11 active fires, because reach is decoded only where the segment gate is open and the day guard holds the gate shut below its 0.39 threshold. A published zero is a guard decision, not a measurement that the fire will not move. The displayed hourly contours are constant-local-rate interpolation of a model trained on 24-hour endpoints; they are spatially validated but have no independently observed sub-daily timing labels. Detached spotting is not represented, and the seven-fire audit behind the validation numbers was not blind because those fires had been reviewed in prior experiments.","model_format":"XGBoost UBJ","deployment_status":"website_default","gate_model_checkpoint":null,"gate_threshold":0.25,"gate_open_segments":63,"gate_total_segments":63,"hotspot_gate_radius_px":16.0,"hotspot_gate_lookback_hours":8,"hotspot_gate_min_detections":5,"hotspot_gate_detections":0,"hotspot_gate_applied":false,"hotspot_gate_reason":"no thermal detections available","hotspot_anchor_applied":false,"hotspot_anchor_detections":0,"hotspot_anchor_segments":0,"hotspot_anchor_radius_px":16.0,"hotspot_anchor_min_outside_detections":3,"hotspot_anchor_lookback_hours":24,"hotspot_anchor_fallback_applied":true,"hotspot_anchor_raw_detections":0,"hotspot_previous_window_detections":0,"hotspot_dropout":false,"recent_growth_gate_applied":true,"recent_growth_gate_lag":"2d","recent_growth_gate_band_px":8.0,"recent_growth_gate_open":63,"recent_growth_gate_segments":63,"recent_growth_gate_reason":"no observed growth in the last 2d; caller should open all segments rather than publish a fire-wide zero","day_guard_model_checkpoint":"output/q65_79fires_day_guard_v1/q65_day_guard.ubj","day_guard_threshold":0.39,"day_growth_probability":0.6159945726394653,"day_guard_active":true,"predicted_regime":"significant_growth","selected_operator":"guarded_q65_reach","spatial_validation":{"1":{"monotone":true,"endpoint_exact":true,"source_components":1,"maximum_perimeter_components":1,"source_connected":true,"disconnected_pixels":0,"disconnected_steps":[],"valid":true},"5":{"monotone":true,"endpoint_exact":true,"source_components":1,"maximum_perimeter_components":1,"source_connected":true,"disconnected_pixels":0,"disconnected_steps":[],"valid":true}},"interval_hours_available":[1,5],"arrival_method":"constant_local_normal_rate_from_24h_q65_reach","arrival_is_interpolated":true,"lagged_hotspot_available":false,"progression_observed":false,"cold_start_hotspot_supported":false,"cold_start_forecast_enabled":true,"cold_start_fallback_applied":true,"cold_start_fallback_reason":"no causal perimeter growth history","forecast_no_call":false,"predicted_growth_pixels":3982,"predicted_growth_acres":885.58,"predicted_growth_pct":182.828,"predicted_growth_max_reach_px":20.809,"hour":1,"valid_at_utc":"2026-09-23T00:29:27.532956Z"}},{"type":"Feature","geometry":{"type":"Polygon","coordinates":[[[-99.76038,31.7468],[-99.76038,31.74653],[-99.76069,31.74653],[-99.76069,31.74627],[-99.76164,31.74627],[-99.76164,31.746],[-99.76228,31.746],[-99.76228,31.74627],[-99.76259,31.74627],[-99.76259,31.74653],[-99.76323,31.74627],[-99.76323,31.74573],[-99.76386,31.746],[-99.76386,31.74573],[-99.76418,31.74573],[-99.76418,31.74519],[-99.76481,31.74519],[-99.76481,31.74438],[-99.76545,31.74411],[-99.76545,31.74384],[-99.76481,31.74384],[-99.76481,31.7433],[-99.76513,31.7433],[-99.76513,31.74303],[-99.76545,31.74303],[-99.76545,31.74276],[-99.76576,31.74276],[-99.76576,31.74303],[-99.76671,31.74303],[-99.76671,31.74249],[-99.76608,31.74249],[-99.76608,31.74222],[-99.7664,31.74222],[-99.7664,31.74195],[-99.76798,31.74195],[-99.76798,31.74141],[-99.76862,31.74141],[-99.76862,31.74061],[-99.76798,31.74061],[-99.76798,31.74088],[-99.76735,31.74088],[-99.76735,31.74061],[-99.76703,31.74061],[-99.76703,31.74088],[-99.76481,31.74088],[-99.76481,31.74061],[-99.76355,31.74061],[-99.76355,31.74034],[-99.76418,31.74034],[-99.76418,31.73953],[-99.76481,31.73953],[-99.76481,31.73926],[-99.76513,31.73926],[-99.76513,31.73899],[-99.76576,31.73899],[-99.76576,31.73872],[-99.76608,31.73872],[-99.76608,31.73791],[-99.76576,31.73791],[-99.76576,31.73737],[-99.76608,31.73737],[-99.76608,31.7371],[-99.76671,31.7371],[-99.76671,31.73683],[-99.76766,31.73683],[-99.76766,31.7371],[-99.76798,31.7371],[-99.76798,31.73656],[-99.7683,31.73656],[-99.7683,31.7371],[-99.76925,31.7371],[-99.76925,31.73683],[-99.76957,31.73683],[-99.76957,31.73629],[-99.7702,31.73629],[-99.7702,31.73602],[-99.77052,31.73602],[-99.77052,31.73549],[-99.76988,31.73549],[-99.76988,31.73522],[-99.7702,31.73522],[-99.7702,31.73441],[-99.76988,31.73441],[-99.76988,31.7336],[-99.76957,31.7336],[-99.76957,31.73306],[-99.76988,31.73306],[-99.76988,31.73252],[-99.76957,31.73252],[-99.76957,31.73198],[-99.76988,31.73198],[-99.76988,31.73117],[-99.76925,31.73117],[-99.76925,31.7309],[-99.76957,31.7309],[-99.76957,31.73063],[-99.76925,31.73063],[-99.76925,31.7301],[-99.76957,31.7301],[-99.76957,31.72929],[-99.76925,31.72929],[-99.76925,31.72902],[-99.76957,31.72902],[-99.76957,31.72821],[-99.76893,31.72821],[-99.76893,31.72686],[-99.76925,31.72686],[-99.76925,31.72632],[-99.7683,31.72632],[-99.7683,31.72605],[-99.76766,31.72605],[-99.76766,31.72659],[-99.76703,31.72686],[-99.76703,31.72659],[-99.7664,31.72659],[-99.7664,31.72605],[-99.76545,31.72605],[-99.76545,31.72659],[-99.76513,31.72659],[-99.76513,31.72632],[-99.7645,31.72632],[-99.7645,31.72686],[-99.76355,31.72686],[-99.76355,31.72713],[-99.76323,31.72713],[-99.76323,31.7274],[-99.76291,31.7274],[-99.76291,31.72713],[-99.76259,31.72713],[-99.76259,31.7274],[-99.76228,31.7274],[-99.76228,31.72713],[-99.76133,31.72713],[-99.76133,31.72767],[-99.76038,31.72767],[-99.76038,31.72821],[-99.76069,31.72821],[-99.76069,31.72848],[-99.76006,31.72875],[-99.76006,31.72956],[-99.75943,31.72956],[-99.75943,31.7301],[-99.75974,31.7301],[-99.75974,31.73037],[-99.75911,31.73037],[-99.75911,31.73144],[-99.75879,31.73144],[-99.75879,31.73198],[-99.75911,31.73198],[-99.75911,31.73306],[-99.75879,31.73306],[-99.75879,31.73333],[-99.75816,31.73333],[-99.75816,31.73387],[-99.75848,31.73387],[-99.75848,31.73441],[-99.75816,31.73441],[-99.75816,31.73468],[-99.75848,31.73468],[-99.75848,31.73522],[-99.75784,31.73522],[-99.75784,31.73629],[-99.75752,31.73629],[-99.75752,31.73656],[-99.75784,31.73656],[-99.75784,31.7371],[-99.75721,31.73683],[-99.75721,31.73737],[-99.75689,31.73737],[-99.75689,31.73764],[-99.75626,31.73764],[-99.75626,31.73899],[-99.75594,31.73899],[-99.75594,31.73926],[-99.75531,31.73926],[-99.75531,31.7398],[-99.75562,31.7398],[-99.75562,31.74034],[-99.75531,31.74034],[-99.75531,31.74088],[-99.75562,31.74088],[-99.75562,31.74141],[-99.75531,31.74141],[-99.75531,31.74168],[-99.75562,31.74168],[-99.75562,31.74195],[-99.75499,31.74222],[-99.75499,31.74276],[-99.75531,31.74276],[-99.75531,31.74303],[-99.75594,31.74303],[-99.75594,31.74357],[-99.75562,31.74357],[-99.75562,31.74411],[-99.75594,31.74411],[-99.75594,31.74438],[-99.75562,31.74438],[-99.75562,31.74519],[-99.75752,31.74492],[-99.75752,31.74519],[-99.75784,31.74519],[-99.75784,31.74573],[-99.75879,31.74573],[-99.75879,31.74627],[-99.75911,31.74627],[-99.75911,31.74653],[-99.75974,31.74627],[-99.75974,31.74653],[-99.76006,31.74653],[-99.76006,31.7468],[-99.76038,31.7468]]]},"properties":{"layer":"predicted_reach_h02","fire_name":"Seven","irwin_id":"{DBEB27C2-2C0B-4A81-B378-9BC264BE44C0}","model":"guarded_q65_79fires","model_checkpoint":"output/q65_79fires_causal_v1/q65_79fires.ubj","checkpoint_epoch":null,"decode":"guarded_q65_reach","operating_point":{"gate_threshold":0.25,"reach_multiplier":1.3,"day_guard_threshold":0.39},"val_precision":0.7166666666666667,"val_recall":0.86,"val_f1":0.7818181818181817,"issued_at_utc":"2026-09-22 23:29:27.532956+00:00","valid_from_utc":"2026-09-22 23:29:27.532956+00:00","valid_to_utc":"2026-09-23 23:29:27.532956+00:00","wfigs_date_current_utc":"2026-09-22 23:12:19+00:00","wfigs_perimeter_date_utc":"2026-09-22 19:27:40+00:00","pixel_size_m":30,"veg_source":"refreshed_d4","physics_source":"eikonal_fbfm40","history_n_dates":1,"degraded_history":true,"containment_pct":75,"acres_wfigs":482.97616055755077,"perimeter_clipped":false,"observed_dates":1,"consecutive_quiet_perimeters":0,"consecutive_static_perimeters":0,"last_material_growth_date":null,"days_since_material_growth":null,"latest_growth_acres":null,"latest_growth_pct":null,"model_caveat":"24-hour q65 front-reach forecast trained on 79 historical GeoMAC fires. The strictly causal day guard FAILED the quiet-day acceptance envelope and that failure stands: on the 2026-09-07 live batch this runtime predicted exactly zero growth on 4 of 11 active fires, because reach is decoded only where the segment gate is open and the day guard holds the gate shut below its 0.39 threshold. A published zero is a guard decision, not a measurement that the fire will not move. The displayed hourly contours are constant-local-rate interpolation of a model trained on 24-hour endpoints; they are spatially validated but have no independently observed sub-daily timing labels. Detached spotting is not represented, and the seven-fire audit behind the validation numbers was not blind because those fires had been reviewed in prior experiments.","model_format":"XGBoost UBJ","deployment_status":"website_default","gate_model_checkpoint":null,"gate_threshold":0.25,"gate_open_segments":63,"gate_total_segments":63,"hotspot_gate_radius_px":16.0,"hotspot_gate_lookback_hours":8,"hotspot_gate_min_detections":5,"hotspot_gate_detections":0,"hotspot_gate_applied":false,"hotspot_gate_reason":"no thermal detections available","hotspot_anchor_applied":false,"hotspot_anchor_detections":0,"hotspot_anchor_segments":0,"hotspot_anchor_radius_px":16.0,"hotspot_anchor_min_outside_detections":3,"hotspot_anchor_lookback_hours":24,"hotspot_anchor_fallback_applied":true,"hotspot_anchor_raw_detections":0,"hotspot_previous_window_detections":0,"hotspot_dropout":false,"recent_growth_gate_applied":true,"recent_growth_gate_lag":"2d","recent_growth_gate_band_px":8.0,"recent_growth_gate_open":63,"recent_growth_gate_segments":63,"recent_growth_gate_reason":"no observed growth in the last 2d; caller should open all segments rather than publish a fire-wide zero","day_guard_model_checkpoint":"output/q65_79fires_day_guard_v1/q65_day_guard.ubj","day_guard_threshold":0.39,"day_growth_probability":0.6159945726394653,"day_guard_active":true,"predicted_regime":"significant_growth","selected_operator":"guarded_q65_reach","spatial_validation":{"1":{"monotone":true,"endpoint_exact":true,"source_components":1,"maximum_perimeter_components":1,"source_connected":true,"disconnected_pixels":0,"disconnected_steps":[],"valid":true},"5":{"monotone":true,"endpoint_exact":true,"source_components":1,"maximum_perimeter_components":1,"source_connected":true,"disconnected_pixels":0,"disconnected_steps":[],"valid":true}},"interval_hours_available":[1,5],"arrival_method":"constant_local_normal_rate_from_24h_q65_reach","arrival_is_interpolated":true,"lagged_hotspot_available":false,"progression_observed":false,"cold_start_hotspot_supported":false,"cold_start_forecast_enabled":true,"cold_start_fallback_applied":true,"cold_start_fallback_reason":"no causal perimeter growth history","forecast_no_call":false,"predicted_growth_pixels":3982,"predicted_growth_acres":885.58,"predicted_growth_pct":182.828,"predicted_growth_max_reach_px":20.809,"hour":2,"valid_at_utc":"2026-09-23T01:29:27.532956Z"}},{"type":"Feature","geometry":{"type":"Polygon","coordinates":[[[-99.76101,31.7468],[-99.76101,31.74627],[-99.76164,31.74627],[-99.76164,31.746],[-99.76196,31.746],[-99.76196,31.74627],[-99.76228,31.74627],[-99.76228,31.74653],[-99.76323,31.74653],[-99.76323,31.74627],[-99.7645,31.746],[-99.7645,31.74546],[-99.76513,31.74519],[-99.76513,31.74438],[-99.76576,31.74411],[-99.76576,31.74384],[-99.76545,31.74384],[-99.76545,31.74357],[-99.76481,31.74357],[-99.76481,31.7433],[-99.76545,31.7433],[-99.76545,31.74276],[-99.76576,31.74276],[-99.76576,31.7433],[-99.76671,31.7433],[-99.76671,31.74249],[-99.76608,31.74249],[-99.76608,31.74222],[-99.76671,31.74222],[-99.76671,31.74195],[-99.76703,31.74195],[-99.76703,31.74222],[-99.76798,31.74222],[-99.76798,31.74195],[-99.7683,31.74195],[-99.7683,31.74141],[-99.76893,31.74141],[-99.76893,31.74061],[-99.76862,31.74061],[-99.76862,31.74034],[-99.76798,31.74034],[-99.76798,31.74061],[-99.76766,31.74061],[-99.76766,31.74088],[-99.76735,31.74088],[-99.76735,31.74061],[-99.76671,31.74061],[-99.76671,31.74088],[-99.76608,31.74088],[-99.76608,31.74061],[-99.76576,31.74061],[-99.76576,31.74088],[-99.76481,31.74088],[-99.76481,31.74061],[-99.76355,31.74061],[-99.76355,31.74034],[-99.76418,31.74034],[-99.76418,31.73953],[-99.76481,31.73953],[-99.76481,31.73926],[-99.76513,31.73926],[-99.76513,31.73899],[-99.7664,31.73872],[-99.7664,31.73845],[-99.76608,31.73845],[-99.76608,31.73791],[-99.76576,31.73791],[-99.76576,31.73737],[-99.76608,31.73737],[-99.76608,31.7371],[-99.76671,31.73737],[-99.76671,31.73683],[-99.76798,31.7371],[-99.76798,31.73656],[-99.7683,31.73656],[-99.7683,31.73737],[-99.76893,31.73737],[-99.76893,31.7371],[-99.76957,31.7371],[-99.76957,31.73683],[-99.7702,31.73656],[-99.7702,31.73629],[-99.77052,31.73629],[-99.77052,31.73602],[-99.77083,31.73602],[-99.77083,31.73576],[-99.77052,31.73576],[-99.77052,31.73441],[-99.76988,31.73414],[-99.76988,31.7336],[-99.76957,31.7336],[-99.76957,31.73333],[-99.76988,31.73333],[-99.76988,31.73306],[-99.7702,31.73306],[-99.7702,31.73117],[-99.76957,31.73117],[-99.76957,31.73037],[-99.76925,31.73037],[-99.76925,31.7301],[-99.76988,31.7301],[-99.76988,31.72929],[-99.76957,31.72929],[-99.76957,31.72875],[-99.76988,31.72875],[-99.76988,31.72848],[-99.76957,31.72848],[-99.76957,31.72821],[-99.76893,31.72821],[-99.76893,31.72794],[-99.76925,31.72794],[-99.76925,31.7274],[-99.76893,31.7274],[-99.76893,31.72713],[-99.76957,31.72686],[-99.76957,31.72632],[-99.76925,31.72632],[-99.76925,31.72605],[-99.76862,31.72605],[-99.76862,31.72632],[-99.7683,31.72632],[-99.7683,31.72578],[-99.76766,31.72578],[-99.76766,31.72605],[-99.76735,31.72605],[-99.76735,31.72686],[-99.76703,31.72686],[-99.76703,31.72659],[-99.7664,31.72659],[-99.7664,31.72605],[-99.76576,31.72578],[-99.76576,31.72605],[-99.76545,31.72605],[-99.76545,31.72659],[-99.76513,31.72659],[-99.76513,31.72632],[-99.7645,31.72632],[-99.7645,31.72686],[-99.76386,31.72686],[-99.76386,31.72659],[-99.76355,31.72659],[-99.76355,31.72686],[-99.76323,31.72686],[-99.76323,31.7274],[-99.76291,31.7274],[-99.76291,31.72713],[-99.76228,31.7274],[-99.76228,31.72713],[-99.76196,31.72713],[-99.76196,31.72686],[-99.76133,31.72686],[-99.76133,31.72713],[-99.76101,31.72713],[-99.76101,31.7274],[-99.76038,31.7274],[-99.76038,31.72767],[-99.76006,31.72767],[-99.76006,31.72821],[-99.76038,31.72821],[-99.76038,31.72848],[-99.75974,31.72875],[-99.75974,31.72902],[-99.76006,31.72902],[-99.76006,31.72929],[-99.75943,31.72929],[-99.75943,31.72956],[-99.75911,31.72956],[-99.75911,31.73037],[-99.75879,31.73037],[-99.75879,31.73144],[-99.75848,31.73144],[-99.75848,31.73198],[-99.75911,31.73225],[-99.75911,31.73252],[-99.75879,31.73252],[-99.75879,31.73279],[-99.75911,31.73279],[-99.75911,31.73306],[-99.75816,31.73306],[-99.75816,31.73387],[-99.75848,31.73387],[-99.75848,31.73414],[-99.75816,31.73414],[-99.75816,31.73468],[-99.75848,31.73468],[-99.75848,31.73495],[-99.75784,31.73495],[-99.75784,31.73522],[-99.75752,31.73522],[-99.75752,31.73549],[-99.75784,31.73549],[-99.75784,31.73602],[-99.75752,31.73602],[-99.75752,31.73656],[-99.75784,31.73656],[-99.75784,31.7371],[-99.75721,31.73683],[-99.75721,31.73737],[-99.75626,31.73737],[-99.75626,31.73764],[-99.75594,31.73764],[-99.75594,31.73818],[-99.75626,31.73818],[-99.75626,31.73899],[-99.75531,31.73899],[-99.75531,31.74034],[-99.75499,31.74034],[-99.75499,31.74088],[-99.75562,31.74088],[-99.75562,31.74141],[-99.75531,31.74141],[-99.75531,31.74222],[-99.75467,31.74222],[-99.75467,31.74276],[-99.75499,31.74276],[-99.75499,31.74303],[-99.75594,31.74303],[-99.75594,31.74357],[-99.75562,31.74357],[-99.75562,31.74465],[-99.75531,31.74465],[-99.75531,31.74519],[-99.75562,31.74519],[-99.75562,31.74546],[-99.75657,31.74546],[-99.75657,31.74492],[-99.75721,31.74492],[-99.75721,31.74519],[-99.75784,31.74519],[-99.75784,31.74573],[-99.75848,31.746],[-99.75848,31.74653],[-99.76101,31.7468]],[[-99.75879,31.746],[-99.75848,31.746],[-99.75848,31.74573],[-99.75879,31.74573],[-99.75879,31.746]]]},"properties":{"layer":"predicted_reach_h03","fire_name":"Seven","irwin_id":"{DBEB27C2-2C0B-4A81-B378-9BC264BE44C0}","model":"guarded_q65_79fires","model_checkpoint":"output/q65_79fires_causal_v1/q65_79fires.ubj","checkpoint_epoch":null,"decode":"guarded_q65_reach","operating_point":{"gate_threshold":0.25,"reach_multiplier":1.3,"day_guard_threshold":0.39},"val_precision":0.7166666666666667,"val_recall":0.86,"val_f1":0.7818181818181817,"issued_at_utc":"2026-09-22 23:29:27.532956+00:00","valid_from_utc":"2026-09-22 23:29:27.532956+00:00","valid_to_utc":"2026-09-23 23:29:27.532956+00:00","wfigs_date_current_utc":"2026-09-22 23:12:19+00:00","wfigs_perimeter_date_utc":"2026-09-22 19:27:40+00:00","pixel_size_m":30,"veg_source":"refreshed_d4","physics_source":"eikonal_fbfm40","history_n_dates":1,"degraded_history":true,"containment_pct":75,"acres_wfigs":482.97616055755077,"perimeter_clipped":false,"observed_dates":1,"consecutive_quiet_perimeters":0,"consecutive_static_perimeters":0,"last_material_growth_date":null,"days_since_material_growth":null,"latest_growth_acres":null,"latest_growth_pct":null,"model_caveat":"24-hour q65 front-reach forecast trained on 79 historical GeoMAC fires. The strictly causal day guard FAILED the quiet-day acceptance envelope and that failure stands: on the 2026-09-07 live batch this runtime predicted exactly zero growth on 4 of 11 active fires, because reach is decoded only where the segment gate is open and the day guard holds the gate shut below its 0.39 threshold. A published zero is a guard decision, not a measurement that the fire will not move. The displayed hourly contours are constant-local-rate interpolation of a model trained on 24-hour endpoints; they are spatially validated but have no independently observed sub-daily timing labels. Detached spotting is not represented, and the seven-fire audit behind the validation numbers was not blind because those fires had been reviewed in prior experiments.","model_format":"XGBoost UBJ","deployment_status":"website_default","gate_model_checkpoint":null,"gate_threshold":0.25,"gate_open_segments":63,"gate_total_segments":63,"hotspot_gate_radius_px":16.0,"hotspot_gate_lookback_hours":8,"hotspot_gate_min_detections":5,"hotspot_gate_detections":0,"hotspot_gate_applied":false,"hotspot_gate_reason":"no thermal detections available","hotspot_anchor_applied":false,"hotspot_anchor_detections":0,"hotspot_anchor_segments":0,"hotspot_anchor_radius_px":16.0,"hotspot_anchor_min_outside_detections":3,"hotspot_anchor_lookback_hours":24,"hotspot_anchor_fallback_applied":true,"hotspot_anchor_raw_detections":0,"hotspot_previous_window_detections":0,"hotspot_dropout":false,"recent_growth_gate_applied":true,"recent_growth_gate_lag":"2d","recent_growth_gate_band_px":8.0,"recent_growth_gate_open":63,"recent_growth_gate_segments":63,"recent_growth_gate_reason":"no observed growth in the last 2d; caller should open all segments rather than publish a fire-wide zero","day_guard_model_checkpoint":"output/q65_79fires_day_guard_v1/q65_day_guard.ubj","day_guard_threshold":0.39,"day_growth_probability":0.6159945726394653,"day_guard_active":true,"predicted_regime":"significant_growth","selected_operator":"guarded_q65_reach","spatial_validation":{"1":{"monotone":true,"endpoint_exact":true,"source_components":1,"maximum_perimeter_components":1,"source_connected":true,"disconnected_pixels":0,"disconnected_steps":[],"valid":true},"5":{"monotone":true,"endpoint_exact":true,"source_components":1,"maximum_perimeter_components":1,"source_connected":true,"disconnected_pixels":0,"disconnected_steps":[],"valid":true}},"interval_hours_available":[1,5],"arrival_method":"constant_local_normal_rate_from_24h_q65_reach","arrival_is_interpolated":true,"lagged_hotspot_available":false,"progression_observed":false,"cold_start_hotspot_supported":false,"cold_start_forecast_enabled":true,"cold_start_fallback_applied":true,"cold_start_fallback_reason":"no causal perimeter growth history","forecast_no_call":false,"predicted_growth_pixels":3982,"predicted_growth_acres":885.58,"predicted_growth_pct":182.828,"predicted_growth_max_reach_px":20.809,"hour":3,"valid_at_utc":"2026-09-23T02:29:27.532956Z"}},{"type":"Feature","geometry":{"type":"Polygon","coordinates":[[[-99.76101,31.74707],[-99.76101,31.74627],[-99.76196,31.74627],[-99.76196,31.74653],[-99.76228,31.74653],[-99.76228,31.7468],[-99.76323,31.7468],[-99.76323,31.74653],[-99.76355,31.74653],[-99.76355,31.74627],[-99.7645,31.74627],[-99.7645,31.746],[-99.76481,31.746],[-99.76481,31.74573],[-99.7645,31.74573],[-99.7645,31.74546],[-99.76513,31.74546],[-99.76513,31.74519],[-99.76545,31.74519],[-99.76545,31.74438],[-99.76576,31.74438],[-99.76576,31.74357],[-99.76481,31.74357],[-99.76481,31.7433],[-99.76545,31.7433],[-99.76545,31.74276],[-99.76576,31.74276],[-99.76576,31.7433],[-99.76608,31.7433],[-99.76608,31.74357],[-99.7664,31.74357],[-99.7664,31.7433],[-99.76703,31.7433],[-99.76703,31.74249],[-99.76608,31.74249],[-99.76608,31.74222],[-99.76671,31.74222],[-99.76671,31.74195],[-99.76703,31.74195],[-99.76703,31.74222],[-99.76735,31.74222],[-99.76735,31.74249],[-99.76798,31.74249],[-99.76798,31.74222],[-99.7683,31.74222],[-99.7683,31.74168],[-99.76893,31.74168],[-99.76893,31.74115],[-99.76925,31.74115],[-99.76925,31.74061],[-99.76893,31.74061],[-99.76893,31.74034],[-99.76766,31.74034],[-99.76766,31.74088],[-99.76735,31.74088],[-99.76735,31.74061],[-99.76671,31.74061],[-99.76671,31.74088],[-99.76608,31.74088],[-99.76608,31.74061],[-99.76576,31.74061],[-99.76576,31.74088],[-99.76481,31.74088],[-99.76481,31.74061],[-99.76355,31.74061],[-99.76355,31.74034],[-99.76418,31.74034],[-99.76418,31.73953],[-99.76481,31.73953],[-99.76481,31.73926],[-99.76513,31.73926],[-99.76513,31.73899],[-99.7664,31.73899],[-99.7664,31.73845],[-99.76608,31.73845],[-99.76608,31.73791],[-99.76576,31.73791],[-99.76576,31.73737],[-99.76608,31.73737],[-99.76608,31.7371],[-99.76671,31.73737],[-99.76671,31.73683],[-99.76798,31.7371],[-99.76798,31.73656],[-99.7683,31.73656],[-99.7683,31.73737],[-99.76925,31.73737],[-99.76925,31.7371],[-99.76988,31.7371],[-99.76988,31.73683],[-99.7702,31.73683],[-99.7702,31.73656],[-99.77083,31.73656],[-99.77083,31.73522],[-99.77052,31.73522],[-99.77052,31.73495],[-99.77083,31.73495],[-99.77083,31.73441],[-99.77052,31.73441],[-99.77052,31.73414],[-99.7702,31.73414],[-99.7702,31.7336],[-99.76988,31.7336],[-99.76988,31.73333],[-99.77052,31.73306],[-99.77052,31.73252],[-99.7702,31.73252],[-99.7702,31.73225],[-99.77052,31.73225],[-99.77052,31.73117],[-99.76957,31.73117],[-99.76957,31.7309],[-99.76988,31.7309],[-99.76988,31.73063],[-99.76925,31.73037],[-99.76925,31.7301],[-99.7702,31.7301],[-99.7702,31.72929],[-99.76988,31.72929],[-99.76988,31.72821],[-99.76957,31.72821],[-99.76957,31.72794],[-99.76925,31.72794],[-99.76925,31.7274],[-99.76893,31.7274],[-99.76893,31.72713],[-99.76957,31.72713],[-99.76957,31.72686],[-99.76988,31.72686],[-99.76988,31.72632],[-99.76957,31.72632],[-99.76957,31.72605],[-99.76925,31.72605],[-99.76925,31.72578],[-99.76735,31.72578],[-99.76735,31.72659],[-99.7664,31.72659],[-99.7664,31.72632],[-99.76671,31.72632],[-99.76671,31.72605],[-99.7664,31.72605],[-99.7664,31.72578],[-99.76545,31.72578],[-99.76545,31.72605],[-99.7645,31.72605],[-99.7645,31.72632],[-99.76418,31.72632],[-99.76418,31.72659],[-99.76323,31.72659],[-99.76323,31.7274],[-99.76291,31.7274],[-99.76291,31.72713],[-99.76228,31.72713],[-99.76228,31.72686],[-99.76196,31.72686],[-99.76196,31.72659],[-99.76164,31.72659],[-99.76164,31.72686],[-99.76101,31.72686],[-99.76101,31.7274],[-99.76006,31.7274],[-99.76006,31.72848],[-99.75974,31.72848],[-99.75974,31.72902],[-99.75911,31.72929],[-99.75911,31.7301],[-99.75879,31.7301],[-99.75879,31.73063],[-99.75848,31.73063],[-99.75848,31.7309],[-99.75879,31.7309],[-99.75879,31.73117],[-99.75816,31.73144],[-99.75816,31.73198],[-99.75848,31.73198],[-99.75848,31.73225],[-99.75911,31.73225],[-99.75911,31.73252],[-99.75879,31.73252],[-99.75879,31.73306],[-99.75816,31.73306],[-99.75816,31.73333],[-99.75784,31.73333],[-99.75784,31.73387],[-99.75848,31.73387],[-99.75848,31.73414],[-99.75816,31.73414],[-99.75816,31.73468],[-99.75848,31.73468],[-99.75848,31.73495],[-99.75752,31.73495],[-99.75752,31.73576],[-99.75784,31.73576],[-99.75784,31.73602],[-99.75752,31.73602],[-99.75752,31.73683],[-99.75689,31.73683],[-99.75689,31.73737],[-99.75594,31.73737],[-99.75594,31.73818],[-99.75626,31.73818],[-99.75626,31.73899],[-99.75499,31.73899],[-99.75499,31.7398],[-99.75531,31.7398],[-99.75531,31.74007],[-99.75499,31.74007],[-99.75499,31.74088],[-99.75531,31.74088],[-99.75531,31.74195],[-99.75467,31.74195],[-99.75467,31.74303],[-99.75562,31.74303],[-99.75562,31.7433],[-99.75594,31.7433],[-99.75594,31.74357],[-99.75562,31.74357],[-99.75562,31.74384],[-99.75531,31.74384],[-99.75531,31.74411],[-99.75562,31.74411],[-99.75562,31.74438],[-99.75531,31.74438],[-99.75531,31.74546],[-99.75594,31.74546],[-99.75594,31.74573],[-99.75626,31.74573],[-99.75626,31.74546],[-99.75657,31.74546],[-99.75657,31.74492],[-99.75689,31.74492],[-99.75689,31.74519],[-99.75752,31.74519],[-99.75752,31.74573],[-99.75784,31.74573],[-99.75784,31.746],[-99.75848,31.746],[-99.75848,31.7468],[-99.76101,31.74707]],[[-99.76925,31.72821],[-99.76893,31.72821],[-99.76893,31.72794],[-99.76925,31.72794],[-99.76925,31.72821]]]},"properties":{"layer":"predicted_reach_h04","fire_name":"Seven","irwin_id":"{DBEB27C2-2C0B-4A81-B378-9BC264BE44C0}","model":"guarded_q65_79fires","model_checkpoint":"output/q65_79fires_causal_v1/q65_79fires.ubj","checkpoint_epoch":null,"decode":"guarded_q65_reach","operating_point":{"gate_threshold":0.25,"reach_multiplier":1.3,"day_guard_threshold":0.39},"val_precision":0.7166666666666667,"val_recall":0.86,"val_f1":0.7818181818181817,"issued_at_utc":"2026-09-22 23:29:27.532956+00:00","valid_from_utc":"2026-09-22 23:29:27.532956+00:00","valid_to_utc":"2026-09-23 23:29:27.532956+00:00","wfigs_date_current_utc":"2026-09-22 23:12:19+00:00","wfigs_perimeter_date_utc":"2026-09-22 19:27:40+00:00","pixel_size_m":30,"veg_source":"refreshed_d4","physics_source":"eikonal_fbfm40","history_n_dates":1,"degraded_history":true,"containment_pct":75,"acres_wfigs":482.97616055755077,"perimeter_clipped":false,"observed_dates":1,"consecutive_quiet_perimeters":0,"consecutive_static_perimeters":0,"last_material_growth_date":null,"days_since_material_growth":null,"latest_growth_acres":null,"latest_growth_pct":null,"model_caveat":"24-hour q65 front-reach forecast trained on 79 historical GeoMAC fires. The strictly causal day guard FAILED the quiet-day acceptance envelope and that failure stands: on the 2026-09-07 live batch this runtime predicted exactly zero growth on 4 of 11 active fires, because reach is decoded only where the segment gate is open and the day guard holds the gate shut below its 0.39 threshold. A published zero is a guard decision, not a measurement that the fire will not move. The displayed hourly contours are constant-local-rate interpolation of a model trained on 24-hour endpoints; they are spatially validated but have no independently observed sub-daily timing labels. Detached spotting is not represented, and the seven-fire audit behind the validation numbers was not blind because those fires had been reviewed in prior experiments.","model_format":"XGBoost UBJ","deployment_status":"website_default","gate_model_checkpoint":null,"gate_threshold":0.25,"gate_open_segments":63,"gate_total_segments":63,"hotspot_gate_radius_px":16.0,"hotspot_gate_lookback_hours":8,"hotspot_gate_min_detections":5,"hotspot_gate_detections":0,"hotspot_gate_applied":false,"hotspot_gate_reason":"no thermal detections available","hotspot_anchor_applied":false,"hotspot_anchor_detections":0,"hotspot_anchor_segments":0,"hotspot_anchor_radius_px":16.0,"hotspot_anchor_min_outside_detections":3,"hotspot_anchor_lookback_hours":24,"hotspot_anchor_fallback_applied":true,"hotspot_anchor_raw_detections":0,"hotspot_previous_window_detections":0,"hotspot_dropout":false,"recent_growth_gate_applied":true,"recent_growth_gate_lag":"2d","recent_growth_gate_band_px":8.0,"recent_growth_gate_open":63,"recent_growth_gate_segments":63,"recent_growth_gate_reason":"no observed growth in the last 2d; caller should open all segments rather than publish a fire-wide zero","day_guard_model_checkpoint":"output/q65_79fires_day_guard_v1/q65_day_guard.ubj","day_guard_threshold":0.39,"day_growth_probability":0.6159945726394653,"day_guard_active":true,"predicted_regime":"significant_growth","selected_operator":"guarded_q65_reach","spatial_validation":{"1":{"monotone":true,"endpoint_exact":true,"source_components":1,"maximum_perimeter_components":1,"source_connected":true,"disconnected_pixels":0,"disconnected_steps":[],"valid":true},"5":{"monotone":true,"endpoint_exact":true,"source_components":1,"maximum_perimeter_components":1,"source_connected":true,"disconnected_pixels":0,"disconnected_steps":[],"valid":true}},"interval_hours_available":[1,5],"arrival_method":"constant_local_normal_rate_from_24h_q65_reach","arrival_is_interpolated":true,"lagged_hotspot_available":false,"progression_observed":false,"cold_start_hotspot_supported":false,"cold_start_forecast_enabled":true,"cold_start_fallback_applied":true,"cold_start_fallback_reason":"no causal perimeter growth history","forecast_no_call":false,"predicted_growth_pixels":3982,"predicted_growth_acres":885.58,"predicted_growth_pct":182.828,"predicted_growth_max_reach_px":20.809,"hour":4,"valid_at_utc":"2026-09-23T03:29:27.532956Z"}},{"type":"Feature","geometry":{"type":"Polygon","coordinates":[[[-99.76101,31.74734],[-99.76101,31.74707],[-99.76133,31.74707],[-99.76133,31.7468],[-99.76101,31.7468],[-99.76101,31.74627],[-99.76133,31.74627],[-99.76133,31.74653],[-99.76196,31.74627],[-99.76196,31.7468],[-99.76228,31.7468],[-99.76228,31.74707],[-99.76323,31.74707],[-99.76323,31.7468],[-99.76355,31.7468],[-99.76355,31.74653],[-99.7645,31.74653],[-99.7645,31.74627],[-99.76481,31.74627],[-99.76481,31.74573],[-99.76545,31.74546],[-99.76545,31.74465],[-99.76576,31.74465],[-99.76576,31.74411],[-99.76608,31.74411],[-99.76608,31.74384],[-99.76576,31.74384],[-99.76576,31.74357],[-99.76481,31.74357],[-99.76481,31.7433],[-99.76545,31.7433],[-99.76545,31.74276],[-99.76576,31.74276],[-99.76576,31.7433],[-99.76608,31.7433],[-99.76608,31.74357],[-99.76671,31.74357],[-99.76671,31.7433],[-99.76735,31.74303],[-99.76735,31.74249],[-99.7683,31.74249],[-99.7683,31.74222],[-99.76862,31.74222],[-99.76862,31.74168],[-99.76925,31.74168],[-99.76925,31.74034],[-99.76893,31.74034],[-99.76893,31.74007],[-99.76766,31.74007],[-99.76766,31.74061],[-99.76671,31.74061],[-99.76671,31.74088],[-99.76608,31.74088],[-99.76608,31.74061],[-99.76576,31.74061],[-99.76576,31.74088],[-99.76481,31.74088],[-99.76481,31.74034],[-99.7645,31.74034],[-99.7645,31.74061],[-99.76355,31.74061],[-99.76355,31.74034],[-99.76418,31.74034],[-99.76418,31.7398],[-99.7645,31.7398],[-99.7645,31.73953],[-99.76513,31.73953],[-99.76513,31.73926],[-99.76545,31.73926],[-99.76545,31.73899],[-99.7664,31.73899],[-99.7664,31.73818],[-99.76608,31.73818],[-99.76608,31.73764],[-99.76576,31.73764],[-99.76576,31.73737],[-99.76608,31.73737],[-99.76608,31.7371],[-99.7664,31.7371],[-99.7664,31.73737],[-99.76703,31.73737],[-99.76703,31.73683],[-99.76735,31.73683],[-99.76735,31.7371],[-99.76798,31.7371],[-99.76798,31.73737],[-99.7683,31.73737],[-99.7683,31.73764],[-99.76893,31.73764],[-99.76893,31.73737],[-99.76925,31.73737],[-99.76925,31.7371],[-99.76957,31.7371],[-99.76957,31.73737],[-99.7702,31.73737],[-99.7702,31.73683],[-99.77083,31.73683],[-99.77083,31.73656],[-99.77115,31.73656],[-99.77115,31.73522],[-99.77083,31.73522],[-99.77083,31.73414],[-99.7702,31.73414],[-99.7702,31.73333],[-99.77052,31.73333],[-99.77052,31.73198],[-99.77083,31.73198],[-99.77083,31.73117],[-99.77052,31.73117],[-99.77052,31.7309],[-99.76988,31.73117],[-99.76988,31.73037],[-99.76957,31.73037],[-99.76957,31.7301],[-99.7702,31.7301],[-99.7702,31.72983],[-99.77052,31.72983],[-99.77052,31.72956],[-99.7702,31.72956],[-99.7702,31.72821],[-99.76988,31.72821],[-99.76988,31.72794],[-99.76925,31.72794],[-99.76925,31.72713],[-99.76988,31.72713],[-99.76988,31.72605],[-99.76957,31.72605],[-99.76957,31.72578],[-99.7683,31.72578],[-99.7683,31.72551],[-99.76735,31.72551],[-99.76735,31.72578],[-99.76703,31.72578],[-99.76703,31.72605],[-99.76735,31.72605],[-99.76735,31.72659],[-99.7664,31.72659],[-99.7664,31.72632],[-99.76671,31.72632],[-99.76671,31.72578],[-99.7664,31.72578],[-99.7664,31.72551],[-99.76545,31.72551],[-99.76545,31.72578],[-99.76513,31.72578],[-99.76513,31.72605],[-99.76418,31.72605],[-99.76418,31.72659],[-99.76355,31.72632],[-99.76355,31.72659],[-99.76323,31.72659],[-99.76323,31.72713],[-99.76228,31.72713],[-99.76228,31.72659],[-99.76101,31.72659],[-99.76101,31.72686],[-99.76069,31.72686],[-99.76069,31.72713],[-99.76006,31.72713],[-99.76006,31.7274],[-99.75974,31.7274],[-99.75974,31.72821],[-99.76006,31.72821],[-99.76006,31.72848],[-99.75974,31.72848],[-99.75974,31.72875],[-99.75943,31.72875],[-99.75943,31.72902],[-99.75879,31.72929],[-99.75879,31.7301],[-99.75848,31.7301],[-99.75848,31.73117],[-99.75816,31.73117],[-99.75816,31.73225],[-99.75911,31.73225],[-99.75911,31.73252],[-99.75879,31.73252],[-99.75879,31.73306],[-99.75848,31.73306],[-99.75848,31.73279],[-99.75784,31.73306],[-99.75784,31.73387],[-99.75848,31.73387],[-99.75848,31.73414],[-99.75784,31.73414],[-99.75784,31.73468],[-99.75721,31.73495],[-99.75721,31.73576],[-99.75752,31.73576],[-99.75752,31.73602],[-99.75721,31.73602],[-99.75721,31.73683],[-99.75689,31.73683],[-99.75689,31.73737],[-99.75657,31.73737],[-99.75657,31.7371],[-99.75594,31.7371],[-99.75594,31.73737],[-99.75562,31.73737],[-99.75562,31.73818],[-99.75626,31.73818],[-99.75626,31.73899],[-99.75562,31.73899],[-99.75562,31.73872],[-99.75531,31.73872],[-99.75531,31.73899],[-99.75467,31.73926],[-99.75467,31.7398],[-99.75499,31.7398],[-99.75499,31.74007],[-99.75467,31.74007],[-99.75467,31.74088],[-99.75531,31.74115],[-99.75531,31.74141],[-99.75499,31.74141],[-99.75499,31.74168],[-99.75531,31.74168],[-99.75531,31.74195],[-99.75467,31.74195],[-99.75467,31.74222],[-99.75436,31.74222],[-99.75436,31.74303],[-99.75467,31.74303],[-99.75467,31.7433],[-99.75531,31.7433],[-99.75531,31.74303],[-99.75562,31.74303],[-99.75562,31.7433],[-99.75594,31.7433],[-99.75594,31.74357],[-99.75562,31.74357],[-99.75562,31.74384],[-99.75531,31.74384],[-99.75531,31.74465],[-99.75499,31.74465],[-99.75499,31.74546],[-99.75531,31.74546],[-99.75531,31.74573],[-99.75657,31.74573],[-99.75657,31.74492],[-99.75689,31.74492],[-99.75689,31.74519],[-99.75752,31.74519],[-99.75752,31.746],[-99.75816,31.746],[-99.75816,31.7468],[-99.75848,31.7468],[-99.75848,31.74707],[-99.76101,31.74734]],[[-99.76735,31.74249],[-99.76608,31.74249],[-99.76608,31.74222],[-99.76671,31.74222],[-99.76671,31.74195],[-99.76703,31.74195],[-99.76703,31.74222],[-99.76735,31.74222],[-99.76735,31.74249]],[[-99.75816,31.73495],[-99.75784,31.73495],[-99.75784,31.73468],[-99.75816,31.73468],[-99.75816,31.73495]],[[-99.76925,31.72821],[-99.76893,31.72821],[-99.76893,31.72794],[-99.76925,31.72794],[-99.76925,31.72821]]]},"properties":{"layer":"predicted_reach_h05","fire_name":"Seven","irwin_id":"{DBEB27C2-2C0B-4A81-B378-9BC264BE44C0}","model":"guarded_q65_79fires","model_checkpoint":"output/q65_79fires_causal_v1/q65_79fires.ubj","checkpoint_epoch":null,"decode":"guarded_q65_reach","operating_point":{"gate_threshold":0.25,"reach_multiplier":1.3,"day_guard_threshold":0.39},"val_precision":0.7166666666666667,"val_recall":0.86,"val_f1":0.7818181818181817,"issued_at_utc":"2026-09-22 23:29:27.532956+00:00","valid_from_utc":"2026-09-22 23:29:27.532956+00:00","valid_to_utc":"2026-09-23 23:29:27.532956+00:00","wfigs_date_current_utc":"2026-09-22 23:12:19+00:00","wfigs_perimeter_date_utc":"2026-09-22 19:27:40+00:00","pixel_size_m":30,"veg_source":"refreshed_d4","physics_source":"eikonal_fbfm40","history_n_dates":1,"degraded_history":true,"containment_pct":75,"acres_wfigs":482.97616055755077,"perimeter_clipped":false,"observed_dates":1,"consecutive_quiet_perimeters":0,"consecutive_static_perimeters":0,"last_material_growth_date":null,"days_since_material_growth":null,"latest_growth_acres":null,"latest_growth_pct":null,"model_caveat":"24-hour q65 front-reach forecast trained on 79 historical GeoMAC fires. The strictly causal day guard FAILED the quiet-day acceptance envelope and that failure stands: on the 2026-09-07 live batch this runtime predicted exactly zero growth on 4 of 11 active fires, because reach is decoded only where the segment gate is open and the day guard holds the gate shut below its 0.39 threshold. A published zero is a guard decision, not a measurement that the fire will not move. The displayed hourly contours are constant-local-rate interpolation of a model trained on 24-hour endpoints; they are spatially validated but have no independently observed sub-daily timing labels. Detached spotting is not represented, and the seven-fire audit behind the validation numbers was not blind because those fires had been reviewed in prior experiments.","model_format":"XGBoost UBJ","deployment_status":"website_default","gate_model_checkpoint":null,"gate_threshold":0.25,"gate_open_segments":63,"gate_total_segments":63,"hotspot_gate_radius_px":16.0,"hotspot_gate_lookback_hours":8,"hotspot_gate_min_detections":5,"hotspot_gate_detections":0,"hotspot_gate_applied":false,"hotspot_gate_reason":"no thermal detections available","hotspot_anchor_applied":false,"hotspot_anchor_detections":0,"hotspot_anchor_segments":0,"hotspot_anchor_radius_px":16.0,"hotspot_anchor_min_outside_detections":3,"hotspot_anchor_lookback_hours":24,"hotspot_anchor_fallback_applied":true,"hotspot_anchor_raw_detections":0,"hotspot_previous_window_detections":0,"hotspot_dropout":false,"recent_growth_gate_applied":true,"recent_growth_gate_lag":"2d","recent_growth_gate_band_px":8.0,"recent_growth_gate_open":63,"recent_growth_gate_segments":63,"recent_growth_gate_reason":"no observed growth in the last 2d; caller should open all segments rather than publish a fire-wide zero","day_guard_model_checkpoint":"output/q65_79fires_day_guard_v1/q65_day_guard.ubj","day_guard_threshold":0.39,"day_growth_probability":0.6159945726394653,"day_guard_active":true,"predicted_regime":"significant_growth","selected_operator":"guarded_q65_reach","spatial_validation":{"1":{"monotone":true,"endpoint_exact":true,"source_components":1,"maximum_perimeter_components":1,"source_connected":true,"disconnected_pixels":0,"disconnected_steps":[],"valid":true},"5":{"monotone":true,"endpoint_exact":true,"source_components":1,"maximum_perimeter_components":1,"source_connected":true,"disconnected_pixels":0,"disconnected_steps":[],"valid":true}},"interval_hours_available":[1,5],"arrival_method":"constant_local_normal_rate_from_24h_q65_reach","arrival_is_interpolated":true,"lagged_hotspot_available":false,"progression_observed":false,"cold_start_hotspot_supported":false,"cold_start_forecast_enabled":true,"cold_start_fallback_applied":true,"cold_start_fallback_reason":"no causal perimeter growth history","forecast_no_call":false,"predicted_growth_pixels":3982,"predicted_growth_acres":885.58,"predicted_growth_pct":182.828,"predicted_growth_max_reach_px":20.809,"hour":5,"valid_at_utc":"2026-09-23T04:29:27.532956Z"}},{"type":"Feature","geometry":{"type":"Polygon","coordinates":[[[-99.76069,31.74761],[-99.76069,31.74734],[-99.76133,31.74734],[-99.76133,31.7468],[-99.76101,31.7468],[-99.76101,31.74653],[-99.76196,31.74653],[-99.76196,31.74707],[-99.76228,31.74707],[-99.76228,31.74734],[-99.76323,31.74734],[-99.76323,31.74707],[-99.7645,31.7468],[-99.7645,31.74653],[-99.76481,31.74653],[-99.76481,31.74627],[-99.76513,31.74627],[-99.76513,31.746],[-99.76481,31.746],[-99.76481,31.74573],[-99.76545,31.74573],[-99.76545,31.74546],[-99.76576,31.74546],[-99.76576,31.74492],[-99.76545,31.74492],[-99.76545,31.74465],[-99.76608,31.74438],[-99.76608,31.74384],[-99.76671,31.74384],[-99.76671,31.74357],[-99.76703,31.74357],[-99.76703,31.7433],[-99.76735,31.7433],[-99.76735,31.74276],[-99.7683,31.74276],[-99.7683,31.74249],[-99.76862,31.74249],[-99.76862,31.74195],[-99.76925,31.74195],[-99.76925,31.74141],[-99.76957,31.74141],[-99.76957,31.74034],[-99.76925,31.74034],[-99.76925,31.74007],[-99.76862,31.74007],[-99.76862,31.7398],[-99.76798,31.7398],[-99.76798,31.74007],[-99.76766,31.74007],[-99.76766,31.74061],[-99.76735,31.74061],[-99.76735,31.74034],[-99.76671,31.74034],[-99.76671,31.74088],[-99.76608,31.74088],[-99.76608,31.74061],[-99.76481,31.74088],[-99.76481,31.74034],[-99.7645,31.74034],[-99.7645,31.74061],[-99.76386,31.74061],[-99.76386,31.74034],[-99.76418,31.74034],[-99.76418,31.74007],[-99.7645,31.74007],[-99.7645,31.73953],[-99.76545,31.73953],[-99.76545,31.73899],[-99.7664,31.73899],[-99.7664,31.73872],[-99.76671,31.73872],[-99.76671,31.73845],[-99.76608,31.73818],[-99.76608,31.73764],[-99.76576,31.73764],[-99.76576,31.73737],[-99.76703,31.73737],[-99.76703,31.73683],[-99.76735,31.73683],[-99.76735,31.73737],[-99.76798,31.73737],[-99.76798,31.73764],[-99.76925,31.73764],[-99.76925,31.7371],[-99.76957,31.7371],[-99.76957,31.73737],[-99.7702,31.73737],[-99.7702,31.7371],[-99.77052,31.7371],[-99.77052,31.73683],[-99.77115,31.73683],[-99.77115,31.73656],[-99.77147,31.73656],[-99.77147,31.73522],[-99.77115,31.73522],[-99.77115,31.73441],[-99.77052,31.73414],[-99.77052,31.7336],[-99.7702,31.7336],[-99.7702,31.73333],[-99.77083,31.73333],[-99.77083,31.73198],[-99.77115,31.73198],[-99.77115,31.73144],[-99.77083,31.73144],[-99.77083,31.7309],[-99.7702,31.7309],[-99.7702,31.73117],[-99.76988,31.73117],[-99.76988,31.7301],[-99.77052,31.7301],[-99.77052,31.72902],[-99.7702,31.72902],[-99.7702,31.72794],[-99.76957,31.72794],[-99.76957,31.7274],[-99.76925,31.7274],[-99.76925,31.72713],[-99.7702,31.72713],[-99.7702,31.72605],[-99.76957,31.72578],[-99.76957,31.72551],[-99.76703,31.72551],[-99.76703,31.72605],[-99.76735,31.72605],[-99.76735,31.72659],[-99.7664,31.72659],[-99.7664,31.72632],[-99.76671,31.72632],[-99.76671,31.72551],[-99.76513,31.72551],[-99.76513,31.72578],[-99.7645,31.72578],[-99.7645,31.72605],[-99.76418,31.72605],[-99.76418,31.72632],[-99.76323,31.72632],[-99.76323,31.72659],[-99.76259,31.72686],[-99.76259,31.72713],[-99.76228,31.72713],[-99.76228,31.72632],[-99.76133,31.72632],[-99.76133,31.72659],[-99.76069,31.72659],[-99.76069,31.72686],[-99.76038,31.72686],[-99.76038,31.72713],[-99.75974,31.72713],[-99.75974,31.72767],[-99.75943,31.72767],[-99.75943,31.72821],[-99.75974,31.72821],[-99.75974,31.72848],[-99.75943,31.72848],[-99.75943,31.72902],[-99.75879,31.72902],[-99.75879,31.72956],[-99.75848,31.72956],[-99.75848,31.73037],[-99.75816,31.73037],[-99.75816,31.73117],[-99.75784,31.73117],[-99.75784,31.73225],[-99.75911,31.73225],[-99.75911,31.73252],[-99.75879,31.73252],[-99.75879,31.73306],[-99.75848,31.73306],[-99.75848,31.73279],[-99.75784,31.73279],[-99.75784,31.73306],[-99.75752,31.73306],[-99.75752,31.73387],[-99.75816,31.73387],[-99.75816,31.73414],[-99.75784,31.73414],[-99.75784,31.73468],[-99.75721,31.73495],[-99.75721,31.73576],[-99.75752,31.73576],[-99.75752,31.73602],[-99.75721,31.73602],[-99.75721,31.73656],[-99.75689,31.73656],[-99.75689,31.73737],[-99.75657,31.73737],[-99.75657,31.7371],[-99.75594,31.7371],[-99.75594,31.73737],[-99.75562,31.73737],[-99.75562,31.73818],[-99.75626,31.73818],[-99.75626,31.73845],[-99.75594,31.73845],[-99.75594,31.73899],[-99.75562,31.73899],[-99.75562,31.73872],[-99.75499,31.73872],[-99.75499,31.73899],[-99.75467,31.73899],[-99.75467,31.74034],[-99.75436,31.74034],[-99.75436,31.74061],[-99.75467,31.74061],[-99.75467,31.74115],[-99.75499,31.74115],[-99.75499,31.74195],[-99.75436,31.74195],[-99.75436,31.74303],[-99.75467,31.74303],[-99.75467,31.7433],[-99.75531,31.7433],[-99.75531,31.74303],[-99.75562,31.74303],[-99.75562,31.7433],[-99.75594,31.7433],[-99.75594,31.74357],[-99.75531,31.74357],[-99.75531,31.74465],[-99.75467,31.74465],[-99.75467,31.74519],[-99.75499,31.74519],[-99.75499,31.74573],[-99.75531,31.74573],[-99.75531,31.746],[-99.75657,31.746],[-99.75657,31.74492],[-99.75689,31.74492],[-99.75689,31.74519],[-99.75752,31.74546],[-99.75752,31.746],[-99.75816,31.74627],[-99.75816,31.74707],[-99.75848,31.74707],[-99.75848,31.74734],[-99.76006,31.74734],[-99.76006,31.74761],[-99.76069,31.74761]],[[-99.76608,31.74357],[-99.76481,31.74357],[-99.76481,31.7433],[-99.76545,31.7433],[-99.76545,31.74276],[-99.76576,31.74276],[-99.76576,31.7433],[-99.76608,31.7433],[-99.76608,31.74357]],[[-99.76735,31.74249],[-99.76608,31.74249],[-99.76608,31.74222],[-99.76671,31.74222],[-99.76671,31.74195],[-99.76703,31.74195],[-99.76703,31.74222],[-99.76735,31.74222],[-99.76735,31.74249]],[[-99.76323,31.72713],[-99.76291,31.72713],[-99.76291,31.72686],[-99.76323,31.72686],[-99.76323,31.72713]]]},"properties":{"layer":"predicted_reach_h06","fire_name":"Seven","irwin_id":"{DBEB27C2-2C0B-4A81-B378-9BC264BE44C0}","model":"guarded_q65_79fires","model_checkpoint":"output/q65_79fires_causal_v1/q65_79fires.ubj","checkpoint_epoch":null,"decode":"guarded_q65_reach","operating_point":{"gate_threshold":0.25,"reach_multiplier":1.3,"day_guard_threshold":0.39},"val_precision":0.7166666666666667,"val_recall":0.86,"val_f1":0.7818181818181817,"issued_at_utc":"2026-09-22 23:29:27.532956+00:00","valid_from_utc":"2026-09-22 23:29:27.532956+00:00","valid_to_utc":"2026-09-23 23:29:27.532956+00:00","wfigs_date_current_utc":"2026-09-22 23:12:19+00:00","wfigs_perimeter_date_utc":"2026-09-22 19:27:40+00:00","pixel_size_m":30,"veg_source":"refreshed_d4","physics_source":"eikonal_fbfm40","history_n_dates":1,"degraded_history":true,"containment_pct":75,"acres_wfigs":482.97616055755077,"perimeter_clipped":false,"observed_dates":1,"consecutive_quiet_perimeters":0,"consecutive_static_perimeters":0,"last_material_growth_date":null,"days_since_material_growth":null,"latest_growth_acres":null,"latest_growth_pct":null,"model_caveat":"24-hour q65 front-reach forecast trained on 79 historical GeoMAC fires. The strictly causal day guard FAILED the quiet-day acceptance envelope and that failure stands: on the 2026-09-07 live batch this runtime predicted exactly zero growth on 4 of 11 active fires, because reach is decoded only where the segment gate is open and the day guard holds the gate shut below its 0.39 threshold. A published zero is a guard decision, not a measurement that the fire will not move. The displayed hourly contours are constant-local-rate interpolation of a model trained on 24-hour endpoints; they are spatially validated but have no independently observed sub-daily timing labels. Detached spotting is not represented, and the seven-fire audit behind the validation numbers was not blind because those fires had been reviewed in prior experiments.","model_format":"XGBoost UBJ","deployment_status":"website_default","gate_model_checkpoint":null,"gate_threshold":0.25,"gate_open_segments":63,"gate_total_segments":63,"hotspot_gate_radius_px":16.0,"hotspot_gate_lookback_hours":8,"hotspot_gate_min_detections":5,"hotspot_gate_detections":0,"hotspot_gate_applied":false,"hotspot_gate_reason":"no thermal detections available","hotspot_anchor_applied":false,"hotspot_anchor_detections":0,"hotspot_anchor_segments":0,"hotspot_anchor_radius_px":16.0,"hotspot_anchor_min_outside_detections":3,"hotspot_anchor_lookback_hours":24,"hotspot_anchor_fallback_applied":true,"hotspot_anchor_raw_detections":0,"hotspot_previous_window_detections":0,"hotspot_dropout":false,"recent_growth_gate_applied":true,"recent_growth_gate_lag":"2d","recent_growth_gate_band_px":8.0,"recent_growth_gate_open":63,"recent_growth_gate_segments":63,"recent_growth_gate_reason":"no observed growth in the last 2d; caller should open all segments rather than publish a fire-wide zero","day_guard_model_checkpoint":"output/q65_79fires_day_guard_v1/q65_day_guard.ubj","day_guard_threshold":0.39,"day_growth_probability":0.6159945726394653,"day_guard_active":true,"predicted_regime":"significant_growth","selected_operator":"guarded_q65_reach","spatial_validation":{"1":{"monotone":true,"endpoint_exact":true,"source_components":1,"maximum_perimeter_components":1,"source_connected":true,"disconnected_pixels":0,"disconnected_steps":[],"valid":true},"5":{"monotone":true,"endpoint_exact":true,"source_components":1,"maximum_perimeter_components":1,"source_connected":true,"disconnected_pixels":0,"disconnected_steps":[],"valid":true}},"interval_hours_available":[1,5],"arrival_method":"constant_local_normal_rate_from_24h_q65_reach","arrival_is_interpolated":true,"lagged_hotspot_available":false,"progression_observed":false,"cold_start_hotspot_supported":false,"cold_start_forecast_enabled":true,"cold_start_fallback_applied":true,"cold_start_fallback_reason":"no causal perimeter growth history","forecast_no_call":false,"predicted_growth_pixels":3982,"predicted_growth_acres":885.58,"predicted_growth_pct":182.828,"predicted_growth_max_reach_px":20.809,"hour":6,"valid_at_utc":"2026-09-23T05:29:27.532956Z"}},{"type":"Feature","geometry":{"type":"Polygon","coordinates":[[[-99.76133,31.74761],[-99.76133,31.7468],[-99.76101,31.7468],[-99.76101,31.74653],[-99.76196,31.74653],[-99.76196,31.74734],[-99.76386,31.74734],[-99.76386,31.74707],[-99.7645,31.74707],[-99.7645,31.7468],[-99.76513,31.7468],[-99.76513,31.746],[-99.76576,31.74573],[-99.76576,31.74519],[-99.76608,31.74519],[-99.76608,31.74492],[-99.76576,31.74492],[-99.76576,31.74465],[-99.76608,31.74465],[-99.76608,31.74411],[-99.7664,31.74411],[-99.7664,31.74384],[-99.76703,31.74384],[-99.76703,31.74357],[-99.76766,31.7433],[-99.76766,31.74303],[-99.76798,31.74303],[-99.76798,31.74276],[-99.76862,31.74276],[-99.76862,31.74249],[-99.76893,31.74249],[-99.76893,31.74195],[-99.76957,31.74195],[-99.76957,31.74141],[-99.76988,31.74141],[-99.76988,31.74061],[-99.76957,31.74061],[-99.76957,31.74007],[-99.76925,31.74007],[-99.76925,31.7398],[-99.76798,31.7398],[-99.76798,31.74007],[-99.76766,31.74007],[-99.76766,31.74061],[-99.76735,31.74061],[-99.76735,31.74034],[-99.76671,31.74034],[-99.76671,31.74061],[-99.7664,31.74061],[-99.7664,31.74088],[-99.76608,31.74088],[-99.76608,31.74061],[-99.76545,31.74061],[-99.76545,31.74088],[-99.76513,31.74088],[-99.76513,31.74061],[-99.76481,31.74061],[-99.76481,31.74034],[-99.7645,31.74034],[-99.7645,31.74061],[-99.76386,31.74061],[-99.76386,31.74034],[-99.76418,31.74034],[-99.76418,31.74007],[-99.7645,31.74007],[-99.7645,31.73953],[-99.76545,31.73953],[-99.76545,31.73899],[-99.76576,31.73899],[-99.76576,31.73926],[-99.7664,31.73926],[-99.7664,31.73899],[-99.76671,31.73899],[-99.76671,31.73818],[-99.76608,31.73818],[-99.76608,31.73737],[-99.76703,31.73737],[-99.76703,31.7371],[-99.76735,31.7371],[-99.76735,31.73737],[-99.76798,31.73737],[-99.76798,31.73764],[-99.76925,31.73764],[-99.76925,31.73737],[-99.77052,31.73764],[-99.77052,31.7371],[-99.77115,31.7371],[-99.77115,31.73683],[-99.77178,31.73656],[-99.77178,31.73522],[-99.77115,31.73522],[-99.77115,31.73495],[-99.77147,31.73495],[-99.77147,31.73441],[-99.77115,31.73441],[-99.77115,31.73414],[-99.77052,31.73414],[-99.77052,31.73333],[-99.77115,31.73333],[-99.77115,31.7309],[-99.7702,31.7309],[-99.7702,31.73037],[-99.76988,31.73037],[-99.76988,31.7301],[-99.77083,31.7301],[-99.77083,31.72902],[-99.77052,31.72902],[-99.77052,31.72821],[-99.7702,31.72821],[-99.7702,31.72794],[-99.76957,31.72794],[-99.76957,31.72713],[-99.7702,31.72713],[-99.7702,31.72578],[-99.76988,31.72578],[-99.76988,31.72551],[-99.76735,31.72524],[-99.76735,31.72551],[-99.76703,31.72551],[-99.76703,31.72605],[-99.76735,31.72605],[-99.76735,31.72632],[-99.76671,31.72632],[-99.76671,31.72551],[-99.7664,31.72551],[-99.7664,31.72524],[-99.76545,31.72524],[-99.76545,31.72551],[-99.76513,31.72551],[-99.76513,31.72578],[-99.76418,31.72578],[-99.76418,31.72605],[-99.76386,31.72605],[-99.76386,31.72632],[-99.76291,31.72632],[-99.76291,31.72686],[-99.76228,31.72686],[-99.76228,31.72632],[-99.76069,31.72632],[-99.76069,31.72686],[-99.75943,31.72713],[-99.75943,31.72875],[-99.75879,31.72875],[-99.75879,31.72929],[-99.75848,31.72929],[-99.75848,31.7301],[-99.75816,31.7301],[-99.75816,31.73063],[-99.75784,31.73063],[-99.75784,31.73144],[-99.75752,31.73144],[-99.75752,31.73198],[-99.75784,31.73198],[-99.75784,31.73225],[-99.75879,31.73225],[-99.75879,31.73252],[-99.75848,31.73252],[-99.75848,31.73279],[-99.75752,31.73279],[-99.75752,31.73333],[-99.75721,31.73333],[-99.75721,31.73387],[-99.75784,31.73387],[-99.75784,31.73468],[-99.75721,31.73468],[-99.75721,31.73495],[-99.75689,31.73495],[-99.75689,31.73576],[-99.75721,31.73576],[-99.75721,31.73629],[-99.75689,31.73629],[-99.75689,31.73683],[-99.75657,31.73683],[-99.75657,31.7371],[-99.75594,31.73683],[-99.75594,31.7371],[-99.75562,31.7371],[-99.75562,31.73737],[-99.75531,31.73737],[-99.75531,31.73818],[-99.75626,31.73818],[-99.75626,31.73845],[-99.75594,31.73845],[-99.75594,31.73899],[-99.75531,31.73872],[-99.75531,31.73845],[-99.75499,31.73845],[-99.75499,31.73872],[-99.75467,31.73872],[-99.75467,31.73899],[-99.75436,31.73899],[-99.75436,31.7398],[-99.75467,31.7398],[-99.75467,31.74007],[-99.75436,31.74007],[-99.75436,31.74115],[-99.75499,31.74115],[-99.75499,31.74195],[-99.75404,31.74195],[-99.75404,31.74303],[-99.75436,31.74303],[-99.75436,31.7433],[-99.75531,31.7433],[-99.75531,31.74303],[-99.75562,31.74303],[-99.75562,31.7433],[-99.75594,31.7433],[-99.75594,31.74357],[-99.75531,31.74357],[-99.75531,31.74384],[-99.75499,31.74384],[-99.75499,31.74438],[-99.75531,31.74438],[-99.75531,31.74465],[-99.75436,31.74465],[-99.75436,31.74492],[-99.75467,31.74492],[-99.75467,31.74573],[-99.75499,31.74573],[-99.75499,31.746],[-99.75562,31.746],[-99.75562,31.74627],[-99.75626,31.74627],[-99.75626,31.746],[-99.75657,31.746],[-99.75657,31.74519],[-99.75689,31.74519],[-99.75689,31.74546],[-99.75752,31.74546],[-99.75752,31.74573],[-99.75721,31.74573],[-99.75721,31.746],[-99.75752,31.746],[-99.75752,31.74627],[-99.75816,31.74627],[-99.75816,31.7468],[-99.75784,31.7468],[-99.75784,31.74707],[-99.75816,31.74707],[-99.75816,31.74734],[-99.75879,31.74734],[-99.75879,31.74761],[-99.76133,31.74761]],[[-99.76608,31.74357],[-99.76481,31.74357],[-99.76481,31.7433],[-99.76545,31.7433],[-99.76545,31.74276],[-99.76576,31.74276],[-99.76576,31.7433],[-99.76608,31.7433],[-99.76608,31.74357]],[[-99.76735,31.74249],[-99.76608,31.74249],[-99.76608,31.74222],[-99.76671,31.74222],[-99.76671,31.74195],[-99.76703,31.74195],[-99.76703,31.74222],[-99.76735,31.74222],[-99.76735,31.74249]],[[-99.76671,31.72659],[-99.7664,31.72659],[-99.7664,31.72632],[-99.76671,31.72632],[-99.76671,31.72659]]]},"properties":{"layer":"predicted_reach_h07","fire_name":"Seven","irwin_id":"{DBEB27C2-2C0B-4A81-B378-9BC264BE44C0}","model":"guarded_q65_79fires","model_checkpoint":"output/q65_79fires_causal_v1/q65_79fires.ubj","checkpoint_epoch":null,"decode":"guarded_q65_reach","operating_point":{"gate_threshold":0.25,"reach_multiplier":1.3,"day_guard_threshold":0.39},"val_precision":0.7166666666666667,"val_recall":0.86,"val_f1":0.7818181818181817,"issued_at_utc":"2026-09-22 23:29:27.532956+00:00","valid_from_utc":"2026-09-22 23:29:27.532956+00:00","valid_to_utc":"2026-09-23 23:29:27.532956+00:00","wfigs_date_current_utc":"2026-09-22 23:12:19+00:00","wfigs_perimeter_date_utc":"2026-09-22 19:27:40+00:00","pixel_size_m":30,"veg_source":"refreshed_d4","physics_source":"eikonal_fbfm40","history_n_dates":1,"degraded_history":true,"containment_pct":75,"acres_wfigs":482.97616055755077,"perimeter_clipped":false,"observed_dates":1,"consecutive_quiet_perimeters":0,"consecutive_static_perimeters":0,"last_material_growth_date":null,"days_since_material_growth":null,"latest_growth_acres":null,"latest_growth_pct":null,"model_caveat":"24-hour q65 front-reach forecast trained on 79 historical GeoMAC fires. The strictly causal day guard FAILED the quiet-day acceptance envelope and that failure stands: on the 2026-09-07 live batch this runtime predicted exactly zero growth on 4 of 11 active fires, because reach is decoded only where the segment gate is open and the day guard holds the gate shut below its 0.39 threshold. A published zero is a guard decision, not a measurement that the fire will not move. The displayed hourly contours are constant-local-rate interpolation of a model trained on 24-hour endpoints; they are spatially validated but have no independently observed sub-daily timing labels. Detached spotting is not represented, and the seven-fire audit behind the validation numbers was not blind because those fires had been reviewed in prior experiments.","model_format":"XGBoost UBJ","deployment_status":"website_default","gate_model_checkpoint":null,"gate_threshold":0.25,"gate_open_segments":63,"gate_total_segments":63,"hotspot_gate_radius_px":16.0,"hotspot_gate_lookback_hours":8,"hotspot_gate_min_detections":5,"hotspot_gate_detections":0,"hotspot_gate_applied":false,"hotspot_gate_reason":"no thermal detections available","hotspot_anchor_applied":false,"hotspot_anchor_detections":0,"hotspot_anchor_segments":0,"hotspot_anchor_radius_px":16.0,"hotspot_anchor_min_outside_detections":3,"hotspot_anchor_lookback_hours":24,"hotspot_anchor_fallback_applied":true,"hotspot_anchor_raw_detections":0,"hotspot_previous_window_detections":0,"hotspot_dropout":false,"recent_growth_gate_applied":true,"recent_growth_gate_lag":"2d","recent_growth_gate_band_px":8.0,"recent_growth_gate_open":63,"recent_growth_gate_segments":63,"recent_growth_gate_reason":"no observed growth in the last 2d; caller should open all segments rather than publish a fire-wide zero","day_guard_model_checkpoint":"output/q65_79fires_day_guard_v1/q65_day_guard.ubj","day_guard_threshold":0.39,"day_growth_probability":0.6159945726394653,"day_guard_active":true,"predicted_regime":"significant_growth","selected_operator":"guarded_q65_reach","spatial_validation":{"1":{"monotone":true,"endpoint_exact":true,"source_components":1,"maximum_perimeter_components":1,"source_connected":true,"disconnected_pixels":0,"disconnected_steps":[],"valid":true},"5":{"monotone":true,"endpoint_exact":true,"source_components":1,"maximum_perimeter_components":1,"source_connected":true,"disconnected_pixels":0,"disconnected_steps":[],"valid":true}},"interval_hours_available":[1,5],"arrival_method":"constant_local_normal_rate_from_24h_q65_reach","arrival_is_interpolated":true,"lagged_hotspot_available":false,"progression_observed":false,"cold_start_hotspot_supported":false,"cold_start_forecast_enabled":true,"cold_start_fallback_applied":true,"cold_start_fallback_reason":"no causal perimeter growth history","forecast_no_call":false,"predicted_growth_pixels":3982,"predicted_growth_acres":885.58,"predicted_growth_pct":182.828,"predicted_growth_max_reach_px":20.809,"hour":7,"valid_at_utc":"2026-09-23T06:29:27.532956Z"}},{"type":"Feature","geometry":{"type":"Polygon","coordinates":[[[-99.76133,31.74788],[-99.76133,31.7468],[-99.76196,31.7468],[-99.76196,31.74761],[-99.76355,31.74761],[-99.76355,31.74734],[-99.76418,31.74734],[-99.76418,31.74707],[-99.76513,31.74707],[-99.76513,31.7468],[-99.76545,31.7468],[-99.76545,31.74627],[-99.76513,31.74627],[-99.76513,31.746],[-99.76576,31.746],[-99.76576,31.74546],[-99.76608,31.74546],[-99.76608,31.74465],[-99.7664,31.74465],[-99.7664,31.74384],[-99.76703,31.74411],[-99.76703,31.74384],[-99.76735,31.74384],[-99.76735,31.74357],[-99.76766,31.74357],[-99.76766,31.74303],[-99.76893,31.74276],[-99.76893,31.74222],[-99.76957,31.74222],[-99.76957,31.74168],[-99.76988,31.74168],[-99.76988,31.74034],[-99.76957,31.74034],[-99.76957,31.7398],[-99.76893,31.7398],[-99.76893,31.73953],[-99.76798,31.73953],[-99.76798,31.74007],[-99.76766,31.74007],[-99.76766,31.74034],[-99.76671,31.74034],[-99.76671,31.74061],[-99.76545,31.74061],[-99.76545,31.74088],[-99.76481,31.74061],[-99.76481,31.74034],[-99.7645,31.74034],[-99.7645,31.74061],[-99.76386,31.74061],[-99.76386,31.74034],[-99.76418,31.74034],[-99.76418,31.74007],[-99.7645,31.74007],[-99.7645,31.73953],[-99.76545,31.73953],[-99.76545,31.73899],[-99.76576,31.73899],[-99.76576,31.73926],[-99.7664,31.73926],[-99.7664,31.73899],[-99.76671,31.73899],[-99.76671,31.73818],[-99.76608,31.73818],[-99.76608,31.73737],[-99.76671,31.73764],[-99.76671,31.73737],[-99.76735,31.7371],[-99.76735,31.73737],[-99.76798,31.73737],[-99.76798,31.73791],[-99.76925,31.73791],[-99.76925,31.73764],[-99.76957,31.73764],[-99.76957,31.73737],[-99.76988,31.73737],[-99.76988,31.73764],[-99.77083,31.73764],[-99.77083,31.7371],[-99.77147,31.7371],[-99.77147,31.73683],[-99.77178,31.73683],[-99.77178,31.73629],[-99.7721,31.73629],[-99.7721,31.73522],[-99.77147,31.73522],[-99.77147,31.73414],[-99.77052,31.73414],[-99.77052,31.73333],[-99.77115,31.73333],[-99.77115,31.73225],[-99.77147,31.73225],[-99.77147,31.7309],[-99.7702,31.7309],[-99.7702,31.7301],[-99.77115,31.7301],[-99.77115,31.72929],[-99.77052,31.72902],[-99.77052,31.72875],[-99.77083,31.72875],[-99.77083,31.72848],[-99.77052,31.72848],[-99.77052,31.72794],[-99.76957,31.72794],[-99.76957,31.72713],[-99.77052,31.72713],[-99.77052,31.72605],[-99.7702,31.72605],[-99.7702,31.72551],[-99.76957,31.72551],[-99.76957,31.72524],[-99.7683,31.72524],[-99.7683,31.72498],[-99.76703,31.72524],[-99.76703,31.72605],[-99.76735,31.72605],[-99.76735,31.72632],[-99.76671,31.72632],[-99.76671,31.72524],[-99.76513,31.72524],[-99.76513,31.72551],[-99.76418,31.72551],[-99.76418,31.72578],[-99.76386,31.72578],[-99.76386,31.72605],[-99.76323,31.72605],[-99.76323,31.72632],[-99.76291,31.72632],[-99.76291,31.72686],[-99.76228,31.72686],[-99.76228,31.72605],[-99.76101,31.72605],[-99.76101,31.72632],[-99.76069,31.72632],[-99.76069,31.72659],[-99.76006,31.72659],[-99.76006,31.72686],[-99.75974,31.72686],[-99.75974,31.72713],[-99.75911,31.7274],[-99.75911,31.72794],[-99.75943,31.72794],[-99.75943,31.72848],[-99.75911,31.72848],[-99.75911,31.72875],[-99.75848,31.72902],[-99.75848,31.72929],[-99.75816,31.72929],[-99.75816,31.7301],[-99.75784,31.7301],[-99.75784,31.7309],[-99.75752,31.7309],[-99.75752,31.73225],[-99.75879,31.73225],[-99.75879,31.73252],[-99.75848,31.73252],[-99.75848,31.73279],[-99.75784,31.73279],[-99.75784,31.73252],[-99.75721,31.73279],[-99.75721,31.73387],[-99.75784,31.73387],[-99.75784,31.73414],[-99.75752,31.73414],[-99.75752,31.73468],[-99.75689,31.73468],[-99.75689,31.73576],[-99.75721,31.73576],[-99.75721,31.73602],[-99.75689,31.73602],[-99.75689,31.73656],[-99.75657,31.73656],[-99.75657,31.7371],[-99.75626,31.7371],[-99.75626,31.73683],[-99.75562,31.73683],[-99.75562,31.7371],[-99.75531,31.7371],[-99.75531,31.73764],[-99.75499,31.73764],[-99.75499,31.73818],[-99.75594,31.73818],[-99.75594,31.73899],[-99.75531,31.73872],[-99.75531,31.73845],[-99.75467,31.73845],[-99.75467,31.73872],[-99.75436,31.73872],[-99.75436,31.74007],[-99.75404,31.74007],[-99.75404,31.74088],[-99.75436,31.74088],[-99.75436,31.74115],[-99.75499,31.74115],[-99.75499,31.74141],[-99.75467,31.74141],[-99.75467,31.74168],[-99.75499,31.74168],[-99.75499,31.74195],[-99.75436,31.74195],[-99.75436,31.74168],[-99.75404,31.74168],[-99.75404,31.74249],[-99.75372,31.74249],[-99.75372,31.74276],[-99.75404,31.74276],[-99.75404,31.7433],[-99.75436,31.7433],[-99.75436,31.74357],[-99.75562,31.74303],[-99.75562,31.74357],[-99.75499,31.74357],[-99.75499,31.74465],[-99.75436,31.74465],[-99.75436,31.74546],[-99.75467,31.74546],[-99.75467,31.746],[-99.75499,31.746],[-99.75499,31.74627],[-99.75657,31.74627],[-99.75657,31.74519],[-99.75689,31.74519],[-99.75689,31.74546],[-99.75752,31.74546],[-99.75752,31.74573],[-99.75721,31.74573],[-99.75721,31.74627],[-99.75752,31.74627],[-99.75752,31.74653],[-99.75816,31.74653],[-99.75816,31.7468],[-99.75784,31.7468],[-99.75784,31.74734],[-99.75816,31.74734],[-99.75816,31.74761],[-99.75943,31.74761],[-99.75943,31.74788],[-99.76133,31.74788]],[[-99.76608,31.74357],[-99.76481,31.74357],[-99.76481,31.7433],[-99.76545,31.7433],[-99.76545,31.74276],[-99.76576,31.74276],[-99.76576,31.7433],[-99.76608,31.7433],[-99.76608,31.74357]],[[-99.76735,31.74249],[-99.76608,31.74249],[-99.76608,31.74222],[-99.76671,31.74222],[-99.76671,31.74195],[-99.76703,31.74195],[-99.76703,31.74222],[-99.76735,31.74222],[-99.76735,31.74249]],[[-99.76671,31.72659],[-99.7664,31.72659],[-99.7664,31.72632],[-99.76671,31.72632],[-99.76671,31.72659]]]},"properties":{"layer":"predicted_reach_h08","fire_name":"Seven","irwin_id":"{DBEB27C2-2C0B-4A81-B378-9BC264BE44C0}","model":"guarded_q65_79fires","model_checkpoint":"output/q65_79fires_causal_v1/q65_79fires.ubj","checkpoint_epoch":null,"decode":"guarded_q65_reach","operating_point":{"gate_threshold":0.25,"reach_multiplier":1.3,"day_guard_threshold":0.39},"val_precision":0.7166666666666667,"val_recall":0.86,"val_f1":0.7818181818181817,"issued_at_utc":"2026-09-22 23:29:27.532956+00:00","valid_from_utc":"2026-09-22 23:29:27.532956+00:00","valid_to_utc":"2026-09-23 23:29:27.532956+00:00","wfigs_date_current_utc":"2026-09-22 23:12:19+00:00","wfigs_perimeter_date_utc":"2026-09-22 19:27:40+00:00","pixel_size_m":30,"veg_source":"refreshed_d4","physics_source":"eikonal_fbfm40","history_n_dates":1,"degraded_history":true,"containment_pct":75,"acres_wfigs":482.97616055755077,"perimeter_clipped":false,"observed_dates":1,"consecutive_quiet_perimeters":0,"consecutive_static_perimeters":0,"last_material_growth_date":null,"days_since_material_growth":null,"latest_growth_acres":null,"latest_growth_pct":null,"model_caveat":"24-hour q65 front-reach forecast trained on 79 historical GeoMAC fires. The strictly causal day guard FAILED the quiet-day acceptance envelope and that failure stands: on the 2026-09-07 live batch this runtime predicted exactly zero growth on 4 of 11 active fires, because reach is decoded only where the segment gate is open and the day guard holds the gate shut below its 0.39 threshold. A published zero is a guard decision, not a measurement that the fire will not move. The displayed hourly contours are constant-local-rate interpolation of a model trained on 24-hour endpoints; they are spatially validated but have no independently observed sub-daily timing labels. Detached spotting is not represented, and the seven-fire audit behind the validation numbers was not blind because those fires had been reviewed in prior experiments.","model_format":"XGBoost UBJ","deployment_status":"website_default","gate_model_checkpoint":null,"gate_threshold":0.25,"gate_open_segments":63,"gate_total_segments":63,"hotspot_gate_radius_px":16.0,"hotspot_gate_lookback_hours":8,"hotspot_gate_min_detections":5,"hotspot_gate_detections":0,"hotspot_gate_applied":false,"hotspot_gate_reason":"no thermal detections available","hotspot_anchor_applied":false,"hotspot_anchor_detections":0,"hotspot_anchor_segments":0,"hotspot_anchor_radius_px":16.0,"hotspot_anchor_min_outside_detections":3,"hotspot_anchor_lookback_hours":24,"hotspot_anchor_fallback_applied":true,"hotspot_anchor_raw_detections":0,"hotspot_previous_window_detections":0,"hotspot_dropout":false,"recent_growth_gate_applied":true,"recent_growth_gate_lag":"2d","recent_growth_gate_band_px":8.0,"recent_growth_gate_open":63,"recent_growth_gate_segments":63,"recent_growth_gate_reason":"no observed growth in the last 2d; caller should open all segments rather than publish a fire-wide zero","day_guard_model_checkpoint":"output/q65_79fires_day_guard_v1/q65_day_guard.ubj","day_guard_threshold":0.39,"day_growth_probability":0.6159945726394653,"day_guard_active":true,"predicted_regime":"significant_growth","selected_operator":"guarded_q65_reach","spatial_validation":{"1":{"monotone":true,"endpoint_exact":true,"source_components":1,"maximum_perimeter_components":1,"source_connected":true,"disconnected_pixels":0,"disconnected_steps":[],"valid":true},"5":{"monotone":true,"endpoint_exact":true,"source_components":1,"maximum_perimeter_components":1,"source_connected":true,"disconnected_pixels":0,"disconnected_steps":[],"valid":true}},"interval_hours_available":[1,5],"arrival_method":"constant_local_normal_rate_from_24h_q65_reach","arrival_is_interpolated":true,"lagged_hotspot_available":false,"progression_observed":false,"cold_start_hotspot_supported":false,"cold_start_forecast_enabled":true,"cold_start_fallback_applied":true,"cold_start_fallback_reason":"no causal perimeter growth history","forecast_no_call":false,"predicted_growth_pixels":3982,"predicted_growth_acres":885.58,"predicted_growth_pct":182.828,"predicted_growth_max_reach_px":20.809,"hour":8,"valid_at_utc":"2026-09-23T07:29:27.532956Z"}},{"type":"Feature","geometry":{"type":"Polygon","coordinates":[[[-99.76101,31.74815],[-99.76101,31.74788],[-99.76133,31.74788],[-99.76133,31.7468],[-99.76196,31.7468],[-99.76196,31.74788],[-99.76355,31.74788],[-99.76355,31.74761],[-99.76418,31.74761],[-99.76418,31.74734],[-99.76513,31.74734],[-99.76513,31.74707],[-99.76545,31.74707],[-99.76545,31.7468],[-99.76576,31.7468],[-99.76576,31.74653],[-99.76545,31.74653],[-99.76545,31.746],[-99.76608,31.746],[-99.76608,31.74546],[-99.7664,31.74546],[-99.7664,31.74519],[-99.76608,31.74519],[-99.76608,31.74492],[-99.7664,31.74492],[-99.7664,31.74438],[-99.76671,31.74438],[-99.76671,31.74411],[-99.76735,31.74411],[-99.76735,31.74384],[-99.76766,31.74384],[-99.76766,31.74357],[-99.7683,31.7433],[-99.7683,31.74303],[-99.76862,31.74303],[-99.76862,31.74276],[-99.76925,31.74249],[-99.76925,31.74222],[-99.76988,31.74222],[-99.76988,31.74168],[-99.7702,31.74168],[-99.7702,31.74034],[-99.76988,31.74034],[-99.76988,31.7398],[-99.76862,31.73953],[-99.76862,31.73926],[-99.76798,31.73926],[-99.76798,31.74007],[-99.76766,31.74007],[-99.76766,31.74034],[-99.76735,31.74034],[-99.76735,31.74007],[-99.76703,31.74007],[-99.76703,31.74034],[-99.7664,31.74034],[-99.7664,31.74061],[-99.76576,31.74034],[-99.76576,31.74061],[-99.76545,31.74061],[-99.76545,31.74088],[-99.76513,31.74088],[-99.76513,31.74034],[-99.76386,31.74061],[-99.76386,31.74034],[-99.76418,31.74034],[-99.76418,31.74007],[-99.7645,31.74007],[-99.7645,31.73953],[-99.76545,31.73953],[-99.76545,31.73899],[-99.76576,31.73899],[-99.76576,31.73926],[-99.76671,31.73926],[-99.76671,31.73872],[-99.76703,31.73872],[-99.76703,31.73845],[-99.76671,31.73845],[-99.76671,31.73818],[-99.76608,31.73818],[-99.76608,31.73737],[-99.7664,31.73737],[-99.7664,31.73764],[-99.76703,31.73764],[-99.76703,31.7371],[-99.76735,31.7371],[-99.76735,31.73737],[-99.76766,31.73737],[-99.76766,31.73764],[-99.76798,31.73764],[-99.76798,31.73791],[-99.76925,31.73791],[-99.76925,31.73764],[-99.76957,31.73764],[-99.76957,31.73737],[-99.76988,31.73737],[-99.76988,31.73764],[-99.7702,31.73764],[-99.7702,31.73791],[-99.77083,31.73791],[-99.77083,31.73737],[-99.77178,31.73737],[-99.77178,31.73683],[-99.7721,31.73683],[-99.7721,31.73629],[-99.77242,31.73629],[-99.77242,31.73549],[-99.77178,31.73522],[-99.77178,31.73414],[-99.77147,31.73414],[-99.77147,31.73387],[-99.77083,31.73414],[-99.77083,31.73333],[-99.77147,31.73306],[-99.77147,31.73225],[-99.77178,31.73225],[-99.77178,31.73117],[-99.77147,31.73117],[-99.77147,31.73063],[-99.77115,31.73063],[-99.77115,31.7309],[-99.77052,31.7309],[-99.77052,31.73037],[-99.7702,31.73037],[-99.7702,31.7301],[-99.77115,31.7301],[-99.77115,31.72902],[-99.77083,31.72902],[-99.77083,31.72794],[-99.76988,31.72794],[-99.76988,31.7274],[-99.76957,31.7274],[-99.76957,31.72713],[-99.77083,31.72713],[-99.77083,31.72605],[-99.77052,31.72605],[-99.77052,31.72551],[-99.7702,31.72551],[-99.7702,31.72524],[-99.76957,31.72524],[-99.76957,31.72498],[-99.76893,31.72498],[-99.76893,31.72524],[-99.76862,31.72524],[-99.76862,31.72498],[-99.76703,31.72498],[-99.76703,31.72524],[-99.76671,31.72524],[-99.76671,31.72498],[-99.76513,31.72498],[-99.76513,31.72524],[-99.76481,31.72524],[-99.76481,31.72551],[-99.76386,31.72551],[-99.76386,31.72605],[-99.76291,31.72605],[-99.76291,31.72686],[-99.76228,31.72686],[-99.76228,31.72578],[-99.76133,31.72578],[-99.76133,31.72605],[-99.76069,31.72605],[-99.76069,31.72632],[-99.76038,31.72632],[-99.76038,31.72659],[-99.75974,31.72659],[-99.75974,31.72686],[-99.75911,31.72713],[-99.75911,31.72767],[-99.75879,31.72767],[-99.75879,31.72794],[-99.75943,31.72794],[-99.75943,31.72821],[-99.75911,31.72821],[-99.75911,31.72875],[-99.75848,31.72875],[-99.75848,31.72902],[-99.75816,31.72902],[-99.75816,31.72983],[-99.75752,31.7301],[-99.75752,31.73117],[-99.75721,31.73117],[-99.75721,31.73225],[-99.75848,31.73225],[-99.75848,31.73279],[-99.75784,31.73279],[-99.75784,31.73252],[-99.75752,31.73252],[-99.75752,31.73279],[-99.75689,31.73306],[-99.75689,31.73387],[-99.75752,31.73387],[-99.75752,31.73468],[-99.75689,31.73468],[-99.75689,31.73495],[-99.75657,31.73495],[-99.75657,31.73549],[-99.75689,31.73549],[-99.75689,31.73656],[-99.75657,31.73656],[-99.75657,31.73683],[-99.75594,31.73683],[-99.75594,31.73656],[-99.75562,31.73656],[-99.75562,31.73683],[-99.75499,31.7371],[-99.75499,31.73818],[-99.75594,31.73818],[-99.75594,31.73899],[-99.75531,31.73872],[-99.75531,31.73845],[-99.75436,31.73845],[-99.75436,31.73872],[-99.75404,31.73872],[-99.75404,31.74115],[-99.75467,31.74115],[-99.75467,31.74195],[-99.75436,31.74195],[-99.75436,31.74168],[-99.75372,31.74195],[-99.75372,31.7433],[-99.75404,31.7433],[-99.75404,31.74357],[-99.75467,31.74357],[-99.75467,31.7433],[-99.75531,31.7433],[-99.75531,31.74303],[-99.75562,31.74303],[-99.75562,31.74357],[-99.75499,31.74357],[-99.75499,31.74384],[-99.75467,31.74384],[-99.75467,31.74411],[-99.75499,31.74411],[-99.75499,31.74465],[-99.75404,31.74465],[-99.75404,31.74546],[-99.75436,31.74546],[-99.75436,31.746],[-99.75467,31.746],[-99.75467,31.74627],[-99.75531,31.74627],[-99.75531,31.74653],[-99.75657,31.74653],[-99.75657,31.74546],[-99.75752,31.74546],[-99.75752,31.74573],[-99.75721,31.74573],[-99.75721,31.74627],[-99.75752,31.74627],[-99.75752,31.74653],[-99.75816,31.74653],[-99.75816,31.7468],[-99.75784,31.7468],[-99.75784,31.74707],[-99.75752,31.74707],[-99.75752,31.74734],[-99.75784,31.74734],[-99.75784,31.74761],[-99.75816,31.74761],[-99.75816,31.74788],[-99.75943,31.74788],[-99.75943,31.74815],[-99.76101,31.74815]],[[-99.76608,31.74357],[-99.76545,31.74357],[-99.76545,31.74276],[-99.76576,31.74276],[-99.76576,31.7433],[-99.76608,31.7433],[-99.76608,31.74357]],[[-99.76735,31.74249],[-99.76608,31.74249],[-99.76608,31.74222],[-99.76671,31.74222],[-99.76671,31.74195],[-99.76703,31.74195],[-99.76703,31.74222],[-99.76735,31.74222],[-99.76735,31.74249]],[[-99.76671,31.72659],[-99.7664,31.72659],[-99.7664,31.72632],[-99.76671,31.72632],[-99.76671,31.72659]],[[-99.76735,31.72632],[-99.76671,31.72632],[-99.76671,31.72551],[-99.76703,31.72551],[-99.76703,31.72605],[-99.76735,31.72605],[-99.76735,31.72632]]]},"properties":{"layer":"predicted_reach_h09","fire_name":"Seven","irwin_id":"{DBEB27C2-2C0B-4A81-B378-9BC264BE44C0}","model":"guarded_q65_79fires","model_checkpoint":"output/q65_79fires_causal_v1/q65_79fires.ubj","checkpoint_epoch":null,"decode":"guarded_q65_reach","operating_point":{"gate_threshold":0.25,"reach_multiplier":1.3,"day_guard_threshold":0.39},"val_precision":0.7166666666666667,"val_recall":0.86,"val_f1":0.7818181818181817,"issued_at_utc":"2026-09-22 23:29:27.532956+00:00","valid_from_utc":"2026-09-22 23:29:27.532956+00:00","valid_to_utc":"2026-09-23 23:29:27.532956+00:00","wfigs_date_current_utc":"2026-09-22 23:12:19+00:00","wfigs_perimeter_date_utc":"2026-09-22 19:27:40+00:00","pixel_size_m":30,"veg_source":"refreshed_d4","physics_source":"eikonal_fbfm40","history_n_dates":1,"degraded_history":true,"containment_pct":75,"acres_wfigs":482.97616055755077,"perimeter_clipped":false,"observed_dates":1,"consecutive_quiet_perimeters":0,"consecutive_static_perimeters":0,"last_material_growth_date":null,"days_since_material_growth":null,"latest_growth_acres":null,"latest_growth_pct":null,"model_caveat":"24-hour q65 front-reach forecast trained on 79 historical GeoMAC fires. The strictly causal day guard FAILED the quiet-day acceptance envelope and that failure stands: on the 2026-09-07 live batch this runtime predicted exactly zero growth on 4 of 11 active fires, because reach is decoded only where the segment gate is open and the day guard holds the gate shut below its 0.39 threshold. A published zero is a guard decision, not a measurement that the fire will not move. The displayed hourly contours are constant-local-rate interpolation of a model trained on 24-hour endpoints; they are spatially validated but have no independently observed sub-daily timing labels. Detached spotting is not represented, and the seven-fire audit behind the validation numbers was not blind because those fires had been reviewed in prior experiments.","model_format":"XGBoost UBJ","deployment_status":"website_default","gate_model_checkpoint":null,"gate_threshold":0.25,"gate_open_segments":63,"gate_total_segments":63,"hotspot_gate_radius_px":16.0,"hotspot_gate_lookback_hours":8,"hotspot_gate_min_detections":5,"hotspot_gate_detections":0,"hotspot_gate_applied":false,"hotspot_gate_reason":"no thermal detections available","hotspot_anchor_applied":false,"hotspot_anchor_detections":0,"hotspot_anchor_segments":0,"hotspot_anchor_radius_px":16.0,"hotspot_anchor_min_outside_detections":3,"hotspot_anchor_lookback_hours":24,"hotspot_anchor_fallback_applied":true,"hotspot_anchor_raw_detections":0,"hotspot_previous_window_detections":0,"hotspot_dropout":false,"recent_growth_gate_applied":true,"recent_growth_gate_lag":"2d","recent_growth_gate_band_px":8.0,"recent_growth_gate_open":63,"recent_growth_gate_segments":63,"recent_growth_gate_reason":"no observed growth in the last 2d; caller should open all segments rather than publish a fire-wide zero","day_guard_model_checkpoint":"output/q65_79fires_day_guard_v1/q65_day_guard.ubj","day_guard_threshold":0.39,"day_growth_probability":0.6159945726394653,"day_guard_active":true,"predicted_regime":"significant_growth","selected_operator":"guarded_q65_reach","spatial_validation":{"1":{"monotone":true,"endpoint_exact":true,"source_components":1,"maximum_perimeter_components":1,"source_connected":true,"disconnected_pixels":0,"disconnected_steps":[],"valid":true},"5":{"monotone":true,"endpoint_exact":true,"source_components":1,"maximum_perimeter_components":1,"source_connected":true,"disconnected_pixels":0,"disconnected_steps":[],"valid":true}},"interval_hours_available":[1,5],"arrival_method":"constant_local_normal_rate_from_24h_q65_reach","arrival_is_interpolated":true,"lagged_hotspot_available":false,"progression_observed":false,"cold_start_hotspot_supported":false,"cold_start_forecast_enabled":true,"cold_start_fallback_applied":true,"cold_start_fallback_reason":"no causal perimeter growth history","forecast_no_call":false,"predicted_growth_pixels":3982,"predicted_growth_acres":885.58,"predicted_growth_pct":182.828,"predicted_growth_max_reach_px":20.809,"hour":9,"valid_at_utc":"2026-09-23T08:29:27.532956Z"}},{"type":"Feature","geometry":{"type":"Polygon","coordinates":[[[-99.76101,31.74842],[-99.76101,31.74815],[-99.76164,31.74815],[-99.76164,31.74788],[-99.76133,31.74788],[-99.76133,31.7468],[-99.76196,31.7468],[-99.76196,31.74815],[-99.76355,31.74815],[-99.76355,31.74788],[-99.76418,31.74788],[-99.76418,31.74761],[-99.76513,31.74761],[-99.76513,31.74734],[-99.76545,31.74734],[-99.76545,31.74707],[-99.76576,31.74707],[-99.76576,31.74653],[-99.76545,31.74653],[-99.76545,31.74627],[-99.76576,31.74627],[-99.76576,31.746],[-99.7664,31.74573],[-99.7664,31.74519],[-99.76608,31.74519],[-99.76608,31.74492],[-99.76671,31.74465],[-99.76671,31.74411],[-99.76766,31.74411],[-99.76766,31.74384],[-99.76798,31.74384],[-99.76798,31.7433],[-99.76862,31.7433],[-99.76862,31.74303],[-99.76893,31.74303],[-99.76893,31.74276],[-99.76957,31.74249],[-99.76957,31.74222],[-99.7702,31.74195],[-99.7702,31.74141],[-99.77052,31.74141],[-99.77052,31.74061],[-99.7702,31.74061],[-99.7702,31.74007],[-99.76988,31.74007],[-99.76988,31.73953],[-99.76925,31.73953],[-99.76925,31.73926],[-99.76798,31.73926],[-99.76798,31.74007],[-99.76766,31.74007],[-99.76766,31.74034],[-99.76735,31.74034],[-99.76735,31.74007],[-99.76671,31.74007],[-99.76671,31.74034],[-99.7664,31.74034],[-99.7664,31.74061],[-99.76608,31.74061],[-99.76608,31.74034],[-99.76545,31.74034],[-99.76545,31.74088],[-99.76513,31.74088],[-99.76513,31.74034],[-99.76386,31.74061],[-99.76386,31.74034],[-99.76418,31.74034],[-99.76418,31.74007],[-99.7645,31.74007],[-99.7645,31.73953],[-99.76545,31.73953],[-99.76545,31.73926],[-99.76608,31.73926],[-99.76608,31.73953],[-99.7664,31.73953],[-99.7664,31.73926],[-99.76703,31.73899],[-99.76703,31.73818],[-99.76671,31.73818],[-99.76671,31.73791],[-99.76608,31.73818],[-99.76608,31.73737],[-99.7664,31.73737],[-99.7664,31.73764],[-99.76703,31.73764],[-99.76703,31.73737],[-99.76735,31.73737],[-99.76735,31.73764],[-99.76798,31.73764],[-99.76798,31.73791],[-99.7683,31.73791],[-99.7683,31.73818],[-99.76925,31.73818],[-99.76925,31.73791],[-99.76957,31.73791],[-99.76957,31.73764],[-99.7702,31.73764],[-99.7702,31.73818],[-99.77083,31.73818],[-99.77083,31.73791],[-99.77115,31.73791],[-99.77115,31.73737],[-99.77147,31.73737],[-99.77147,31.73764],[-99.7721,31.73737],[-99.7721,31.73683],[-99.77242,31.73683],[-99.77242,31.73602],[-99.77273,31.73602],[-99.77273,31.73549],[-99.77242,31.73549],[-99.77242,31.73522],[-99.77178,31.73522],[-99.77178,31.73495],[-99.7721,31.73495],[-99.7721,31.73468],[-99.77178,31.73468],[-99.77178,31.73387],[-99.77115,31.73387],[-99.77115,31.73414],[-99.77083,31.73414],[-99.77083,31.73333],[-99.77115,31.73333],[-99.77115,31.73306],[-99.77178,31.73306],[-99.77178,31.73198],[-99.7721,31.73198],[-99.7721,31.73144],[-99.77178,31.73144],[-99.77178,31.73063],[-99.77052,31.7309],[-99.77052,31.7301],[-99.77147,31.7301],[-99.77147,31.72902],[-99.77115,31.72902],[-99.77115,31.72821],[-99.77083,31.72821],[-99.77083,31.72767],[-99.77052,31.72767],[-99.77052,31.72794],[-99.76988,31.72794],[-99.76988,31.72713],[-99.77083,31.72713],[-99.77083,31.72578],[-99.77052,31.72578],[-99.77052,31.72524],[-99.76988,31.72524],[-99.76988,31.72498],[-99.76862,31.72498],[-99.76862,31.72471],[-99.76735,31.72471],[-99.76735,31.72498],[-99.7664,31.72498],[-99.7664,31.72471],[-99.76545,31.72471],[-99.76545,31.72498],[-99.76481,31.72498],[-99.76481,31.72524],[-99.76418,31.72524],[-99.76418,31.72551],[-99.76386,31.72551],[-99.76386,31.72578],[-99.76323,31.72578],[-99.76323,31.72605],[-99.76291,31.72605],[-99.76291,31.72659],[-99.76228,31.72659],[-99.76228,31.72578],[-99.76069,31.72578],[-99.76069,31.72605],[-99.76038,31.72605],[-99.76038,31.72632],[-99.75974,31.72632],[-99.75974,31.72659],[-99.75943,31.72659],[-99.75943,31.72686],[-99.75879,31.72713],[-99.75879,31.72794],[-99.75911,31.72794],[-99.75911,31.72848],[-99.75784,31.72902],[-99.75784,31.72983],[-99.75752,31.72983],[-99.75752,31.7309],[-99.75721,31.7309],[-99.75721,31.73225],[-99.75848,31.73225],[-99.75848,31.73279],[-99.75784,31.73279],[-99.75784,31.73252],[-99.75721,31.73252],[-99.75721,31.73279],[-99.75689,31.73279],[-99.75689,31.73387],[-99.75752,31.73387],[-99.75752,31.73468],[-99.75657,31.73468],[-99.75657,31.73549],[-99.75689,31.73549],[-99.75689,31.73602],[-99.75657,31.73602],[-99.75657,31.73656],[-99.75626,31.73656],[-99.75626,31.73683],[-99.75594,31.73683],[-99.75594,31.73656],[-99.75531,31.73656],[-99.75531,31.73683],[-99.75499,31.73683],[-99.75499,31.73737],[-99.75467,31.73737],[-99.75467,31.73818],[-99.75436,31.73818],[-99.75436,31.73845],[-99.75404,31.73845],[-99.75404,31.73899],[-99.75372,31.73899],[-99.75372,31.7398],[-99.75404,31.7398],[-99.75404,31.74007],[-99.75372,31.74007],[-99.75372,31.74115],[-99.75467,31.74115],[-99.75467,31.74195],[-99.75436,31.74195],[-99.75436,31.74168],[-99.75372,31.74168],[-99.75372,31.74222],[-99.75341,31.74222],[-99.75341,31.74276],[-99.75372,31.74276],[-99.75372,31.74357],[-99.75404,31.74357],[-99.75404,31.74384],[-99.75436,31.74384],[-99.75436,31.74357],[-99.75467,31.74357],[-99.75467,31.74465],[-99.75372,31.74465],[-99.75372,31.74519],[-99.75404,31.74519],[-99.75404,31.74573],[-99.75436,31.74573],[-99.75436,31.74627],[-99.75467,31.74627],[-99.75467,31.74653],[-99.75562,31.74653],[-99.75562,31.7468],[-99.75657,31.7468],[-99.75657,31.74546],[-99.75721,31.74546],[-99.75721,31.74653],[-99.75784,31.7468],[-99.75784,31.74707],[-99.75752,31.74707],[-99.75752,31.74788],[-99.75816,31.74788],[-99.75816,31.74815],[-99.75974,31.74815],[-99.75974,31.74842],[-99.76101,31.74842]],[[-99.76608,31.74357],[-99.76545,31.74357],[-99.76545,31.7433],[-99.76608,31.7433],[-99.76608,31.74357]],[[-99.75562,31.74357],[-99.75467,31.74357],[-99.75467,31.7433],[-99.75531,31.7433],[-99.75531,31.74303],[-99.75562,31.74303],[-99.75562,31.74357]],[[-99.76576,31.74303],[-99.76545,31.74303],[-99.76545,31.74276],[-99.76576,31.74276],[-99.76576,31.74303]],[[-99.76735,31.74249],[-99.76671,31.74249],[-99.76671,31.74222],[-99.76735,31.74222],[-99.76735,31.74249]],[[-99.7664,31.74249],[-99.76608,31.74249],[-99.76608,31.74222],[-99.7664,31.74222],[-99.7664,31.74249]],[[-99.75594,31.73899],[-99.75562,31.73899],[-99.75562,31.73872],[-99.75594,31.73872],[-99.75594,31.73899]],[[-99.75562,31.73872],[-99.75531,31.73872],[-99.75531,31.73845],[-99.75467,31.73845],[-99.75467,31.73818],[-99.75594,31.73818],[-99.75594,31.73845],[-99.75562,31.73845],[-99.75562,31.73872]],[[-99.76671,31.72659],[-99.7664,31.72659],[-99.7664,31.72632],[-99.76671,31.72632],[-99.76671,31.72659]],[[-99.76735,31.72632],[-99.76671,31.72632],[-99.76671,31.72551],[-99.76703,31.72551],[-99.76703,31.72605],[-99.76735,31.72605],[-99.76735,31.72632]]]},"properties":{"layer":"predicted_reach_h10","fire_name":"Seven","irwin_id":"{DBEB27C2-2C0B-4A81-B378-9BC264BE44C0}","model":"guarded_q65_79fires","model_checkpoint":"output/q65_79fires_causal_v1/q65_79fires.ubj","checkpoint_epoch":null,"decode":"guarded_q65_reach","operating_point":{"gate_threshold":0.25,"reach_multiplier":1.3,"day_guard_threshold":0.39},"val_precision":0.7166666666666667,"val_recall":0.86,"val_f1":0.7818181818181817,"issued_at_utc":"2026-09-22 23:29:27.532956+00:00","valid_from_utc":"2026-09-22 23:29:27.532956+00:00","valid_to_utc":"2026-09-23 23:29:27.532956+00:00","wfigs_date_current_utc":"2026-09-22 23:12:19+00:00","wfigs_perimeter_date_utc":"2026-09-22 19:27:40+00:00","pixel_size_m":30,"veg_source":"refreshed_d4","physics_source":"eikonal_fbfm40","history_n_dates":1,"degraded_history":true,"containment_pct":75,"acres_wfigs":482.97616055755077,"perimeter_clipped":false,"observed_dates":1,"consecutive_quiet_perimeters":0,"consecutive_static_perimeters":0,"last_material_growth_date":null,"days_since_material_growth":null,"latest_growth_acres":null,"latest_growth_pct":null,"model_caveat":"24-hour q65 front-reach forecast trained on 79 historical GeoMAC fires. The strictly causal day guard FAILED the quiet-day acceptance envelope and that failure stands: on the 2026-09-07 live batch this runtime predicted exactly zero growth on 4 of 11 active fires, because reach is decoded only where the segment gate is open and the day guard holds the gate shut below its 0.39 threshold. A published zero is a guard decision, not a measurement that the fire will not move. The displayed hourly contours are constant-local-rate interpolation of a model trained on 24-hour endpoints; they are spatially validated but have no independently observed sub-daily timing labels. Detached spotting is not represented, and the seven-fire audit behind the validation numbers was not blind because those fires had been reviewed in prior experiments.","model_format":"XGBoost UBJ","deployment_status":"website_default","gate_model_checkpoint":null,"gate_threshold":0.25,"gate_open_segments":63,"gate_total_segments":63,"hotspot_gate_radius_px":16.0,"hotspot_gate_lookback_hours":8,"hotspot_gate_min_detections":5,"hotspot_gate_detections":0,"hotspot_gate_applied":false,"hotspot_gate_reason":"no thermal detections available","hotspot_anchor_applied":false,"hotspot_anchor_detections":0,"hotspot_anchor_segments":0,"hotspot_anchor_radius_px":16.0,"hotspot_anchor_min_outside_detections":3,"hotspot_anchor_lookback_hours":24,"hotspot_anchor_fallback_applied":true,"hotspot_anchor_raw_detections":0,"hotspot_previous_window_detections":0,"hotspot_dropout":false,"recent_growth_gate_applied":true,"recent_growth_gate_lag":"2d","recent_growth_gate_band_px":8.0,"recent_growth_gate_open":63,"recent_growth_gate_segments":63,"recent_growth_gate_reason":"no observed growth in the last 2d; caller should open all segments rather than publish a fire-wide zero","day_guard_model_checkpoint":"output/q65_79fires_day_guard_v1/q65_day_guard.ubj","day_guard_threshold":0.39,"day_growth_probability":0.6159945726394653,"day_guard_active":true,"predicted_regime":"significant_growth","selected_operator":"guarded_q65_reach","spatial_validation":{"1":{"monotone":true,"endpoint_exact":true,"source_components":1,"maximum_perimeter_components":1,"source_connected":true,"disconnected_pixels":0,"disconnected_steps":[],"valid":true},"5":{"monotone":true,"endpoint_exact":true,"source_components":1,"maximum_perimeter_components":1,"source_connected":true,"disconnected_pixels":0,"disconnected_steps":[],"valid":true}},"interval_hours_available":[1,5],"arrival_method":"constant_local_normal_rate_from_24h_q65_reach","arrival_is_interpolated":true,"lagged_hotspot_available":false,"progression_observed":false,"cold_start_hotspot_supported":false,"cold_start_forecast_enabled":true,"cold_start_fallback_applied":true,"cold_start_fallback_reason":"no causal perimeter growth history","forecast_no_call":false,"predicted_growth_pixels":3982,"predicted_growth_acres":885.58,"predicted_growth_pct":182.828,"predicted_growth_max_reach_px":20.809,"hour":10,"valid_at_utc":"2026-09-23T09:29:27.532956Z"}},{"type":"Feature","geometry":{"type":"Polygon","coordinates":[[[-99.76291,31.74842],[-99.76291,31.74815],[-99.76418,31.74815],[-99.76418,31.74788],[-99.7645,31.74788],[-99.7645,31.74761],[-99.76513,31.74788],[-99.76513,31.74761],[-99.76545,31.74761],[-99.76545,31.74734],[-99.76608,31.74707],[-99.76608,31.7468],[-99.76576,31.7468],[-99.76576,31.74627],[-99.76608,31.74627],[-99.76608,31.746],[-99.7664,31.746],[-99.7664,31.74573],[-99.76671,31.74573],[-99.76671,31.74546],[-99.7664,31.74546],[-99.7664,31.74492],[-99.76671,31.74492],[-99.76671,31.74438],[-99.76766,31.74438],[-99.76766,31.74411],[-99.76798,31.74411],[-99.76798,31.74357],[-99.76862,31.74357],[-99.76862,31.7433],[-99.76893,31.7433],[-99.76893,31.74303],[-99.76957,31.74276],[-99.76957,31.74249],[-99.76988,31.74249],[-99.76988,31.74222],[-99.77052,31.74195],[-99.77052,31.74007],[-99.76988,31.7398],[-99.76988,31.73953],[-99.76957,31.73953],[-99.76957,31.73926],[-99.76925,31.73926],[-99.76925,31.73899],[-99.7683,31.73899],[-99.7683,31.73926],[-99.76798,31.73926],[-99.76798,31.74007],[-99.7664,31.74007],[-99.7664,31.74061],[-99.76608,31.74061],[-99.76608,31.74034],[-99.76545,31.74034],[-99.76545,31.74061],[-99.76513,31.74061],[-99.76513,31.74034],[-99.76418,31.74034],[-99.76418,31.74007],[-99.7645,31.74007],[-99.7645,31.73953],[-99.76481,31.73953],[-99.76481,31.7398],[-99.76545,31.7398],[-99.76545,31.73953],[-99.76576,31.73953],[-99.76576,31.73926],[-99.76608,31.73926],[-99.76608,31.73953],[-99.7664,31.73953],[-99.7664,31.73926],[-99.76703,31.73926],[-99.76703,31.73818],[-99.76671,31.73818],[-99.76671,31.73791],[-99.76608,31.73818],[-99.76608,31.73737],[-99.7664,31.73737],[-99.7664,31.73764],[-99.76703,31.73764],[-99.76703,31.73737],[-99.76735,31.73737],[-99.76735,31.73764],[-99.76798,31.73764],[-99.76798,31.73818],[-99.76925,31.73818],[-99.76925,31.73791],[-99.76988,31.73791],[-99.76988,31.73764],[-99.7702,31.73764],[-99.7702,31.73818],[-99.77115,31.73818],[-99.77115,31.73764],[-99.7721,31.73764],[-99.7721,31.73737],[-99.77242,31.73737],[-99.77242,31.73683],[-99.77273,31.73683],[-99.77273,31.73522],[-99.7721,31.73522],[-99.7721,31.73387],[-99.77115,31.73387],[-99.77115,31.7336],[-99.77083,31.7336],[-99.77083,31.73333],[-99.77115,31.73333],[-99.77115,31.73306],[-99.77178,31.73306],[-99.77178,31.73225],[-99.7721,31.73225],[-99.7721,31.73063],[-99.77115,31.73063],[-99.77115,31.7309],[-99.77052,31.7309],[-99.77052,31.7301],[-99.77178,31.7301],[-99.77178,31.72929],[-99.77115,31.72902],[-99.77115,31.72794],[-99.77083,31.72794],[-99.77083,31.72767],[-99.77052,31.72767],[-99.77052,31.72794],[-99.76988,31.72794],[-99.76988,31.72713],[-99.77115,31.72713],[-99.77115,31.72578],[-99.77052,31.72551],[-99.77052,31.72524],[-99.76988,31.72498],[-99.76988,31.72471],[-99.76703,31.72471],[-99.76703,31.72498],[-99.76671,31.72498],[-99.76671,31.72471],[-99.76513,31.72471],[-99.76513,31.72498],[-99.76481,31.72498],[-99.76481,31.72524],[-99.76386,31.72524],[-99.76386,31.72578],[-99.76291,31.72578],[-99.76291,31.72659],[-99.76228,31.72659],[-99.76228,31.72551],[-99.76101,31.72551],[-99.76101,31.72578],[-99.76038,31.72578],[-99.76038,31.72605],[-99.76006,31.72605],[-99.76006,31.72632],[-99.75943,31.72632],[-99.75943,31.72659],[-99.75911,31.72659],[-99.75911,31.72686],[-99.75879,31.72686],[-99.75879,31.72713],[-99.75848,31.72713],[-99.75848,31.72794],[-99.75911,31.72794],[-99.75911,31.72821],[-99.75879,31.72821],[-99.75879,31.72875],[-99.75848,31.72875],[-99.75848,31.72848],[-99.75784,31.72875],[-99.75784,31.72956],[-99.75721,31.72983],[-99.75721,31.7309],[-99.75689,31.7309],[-99.75689,31.73225],[-99.75848,31.73225],[-99.75848,31.73252],[-99.75816,31.73252],[-99.75816,31.73279],[-99.75784,31.73279],[-99.75784,31.73252],[-99.75689,31.73252],[-99.75689,31.73306],[-99.75657,31.73306],[-99.75657,31.73387],[-99.75752,31.73387],[-99.75752,31.73414],[-99.75721,31.73414],[-99.75721,31.73468],[-99.75657,31.73441],[-99.75657,31.73495],[-99.75626,31.73495],[-99.75626,31.73549],[-99.75689,31.73549],[-99.75689,31.73576],[-99.75657,31.73576],[-99.75657,31.73656],[-99.75626,31.73656],[-99.75626,31.73683],[-99.75594,31.73683],[-99.75594,31.73656],[-99.75531,31.73656],[-99.75531,31.73683],[-99.75467,31.7371],[-99.75467,31.73818],[-99.75404,31.73818],[-99.75404,31.73872],[-99.75372,31.73872],[-99.75372,31.74115],[-99.75467,31.74115],[-99.75467,31.74141],[-99.75436,31.74141],[-99.75436,31.74168],[-99.75341,31.74168],[-99.75341,31.7433],[-99.75404,31.74357],[-99.75404,31.74384],[-99.75436,31.74384],[-99.75436,31.74357],[-99.75467,31.74357],[-99.75467,31.74465],[-99.75372,31.74465],[-99.75372,31.74573],[-99.75404,31.74573],[-99.75404,31.74627],[-99.75436,31.74627],[-99.75436,31.74653],[-99.75499,31.74653],[-99.75499,31.7468],[-99.75657,31.7468],[-99.75657,31.74546],[-99.75689,31.74546],[-99.75689,31.74573],[-99.75721,31.74573],[-99.75721,31.74627],[-99.75689,31.74627],[-99.75689,31.74653],[-99.75721,31.74653],[-99.75721,31.7468],[-99.75784,31.7468],[-99.75784,31.74707],[-99.75752,31.74707],[-99.75752,31.74761],[-99.75721,31.74761],[-99.75721,31.74788],[-99.75752,31.74788],[-99.75752,31.74815],[-99.75816,31.74815],[-99.75816,31.74842],[-99.76164,31.74842],[-99.76164,31.74788],[-99.76133,31.74788],[-99.76133,31.74707],[-99.76196,31.74707],[-99.76196,31.74815],[-99.76228,31.74815],[-99.76228,31.74842],[-99.76291,31.74842]],[[-99.76608,31.74357],[-99.76545,31.74357],[-99.76545,31.7433],[-99.76608,31.7433],[-99.76608,31.74357]],[[-99.75562,31.74357],[-99.75467,31.74357],[-99.75467,31.7433],[-99.75531,31.7433],[-99.75531,31.74303],[-99.75562,31.74303],[-99.75562,31.74357]],[[-99.76576,31.74303],[-99.76545,31.74303],[-99.76545,31.74276],[-99.76576,31.74276],[-99.76576,31.74303]],[[-99.76735,31.74249],[-99.76671,31.74249],[-99.76671,31.74222],[-99.76735,31.74222],[-99.76735,31.74249]],[[-99.7664,31.74249],[-99.76608,31.74249],[-99.76608,31.74222],[-99.7664,31.74222],[-99.7664,31.74249]],[[-99.75467,31.74195],[-99.75436,31.74195],[-99.75436,31.74168],[-99.75467,31.74168],[-99.75467,31.74195]],[[-99.76418,31.74061],[-99.76386,31.74061],[-99.76386,31.74034],[-99.76418,31.74034],[-99.76418,31.74061]],[[-99.75562,31.73872],[-99.75531,31.73872],[-99.75531,31.73845],[-99.75467,31.73845],[-99.75467,31.73818],[-99.75594,31.73818],[-99.75594,31.73845],[-99.75562,31.73845],[-99.75562,31.73872]],[[-99.76735,31.72632],[-99.76671,31.72632],[-99.76671,31.72551],[-99.76703,31.72551],[-99.76703,31.72605],[-99.76735,31.72605],[-99.76735,31.72632]]]},"properties":{"layer":"predicted_reach_h11","fire_name":"Seven","irwin_id":"{DBEB27C2-2C0B-4A81-B378-9BC264BE44C0}","model":"guarded_q65_79fires","model_checkpoint":"output/q65_79fires_causal_v1/q65_79fires.ubj","checkpoint_epoch":null,"decode":"guarded_q65_reach","operating_point":{"gate_threshold":0.25,"reach_multiplier":1.3,"day_guard_threshold":0.39},"val_precision":0.7166666666666667,"val_recall":0.86,"val_f1":0.7818181818181817,"issued_at_utc":"2026-09-22 23:29:27.532956+00:00","valid_from_utc":"2026-09-22 23:29:27.532956+00:00","valid_to_utc":"2026-09-23 23:29:27.532956+00:00","wfigs_date_current_utc":"2026-09-22 23:12:19+00:00","wfigs_perimeter_date_utc":"2026-09-22 19:27:40+00:00","pixel_size_m":30,"veg_source":"refreshed_d4","physics_source":"eikonal_fbfm40","history_n_dates":1,"degraded_history":true,"containment_pct":75,"acres_wfigs":482.97616055755077,"perimeter_clipped":false,"observed_dates":1,"consecutive_quiet_perimeters":0,"consecutive_static_perimeters":0,"last_material_growth_date":null,"days_since_material_growth":null,"latest_growth_acres":null,"latest_growth_pct":null,"model_caveat":"24-hour q65 front-reach forecast trained on 79 historical GeoMAC fires. The strictly causal day guard FAILED the quiet-day acceptance envelope and that failure stands: on the 2026-09-07 live batch this runtime predicted exactly zero growth on 4 of 11 active fires, because reach is decoded only where the segment gate is open and the day guard holds the gate shut below its 0.39 threshold. A published zero is a guard decision, not a measurement that the fire will not move. The displayed hourly contours are constant-local-rate interpolation of a model trained on 24-hour endpoints; they are spatially validated but have no independently observed sub-daily timing labels. Detached spotting is not represented, and the seven-fire audit behind the validation numbers was not blind because those fires had been reviewed in prior experiments.","model_format":"XGBoost UBJ","deployment_status":"website_default","gate_model_checkpoint":null,"gate_threshold":0.25,"gate_open_segments":63,"gate_total_segments":63,"hotspot_gate_radius_px":16.0,"hotspot_gate_lookback_hours":8,"hotspot_gate_min_detections":5,"hotspot_gate_detections":0,"hotspot_gate_applied":false,"hotspot_gate_reason":"no thermal detections available","hotspot_anchor_applied":false,"hotspot_anchor_detections":0,"hotspot_anchor_segments":0,"hotspot_anchor_radius_px":16.0,"hotspot_anchor_min_outside_detections":3,"hotspot_anchor_lookback_hours":24,"hotspot_anchor_fallback_applied":true,"hotspot_anchor_raw_detections":0,"hotspot_previous_window_detections":0,"hotspot_dropout":false,"recent_growth_gate_applied":true,"recent_growth_gate_lag":"2d","recent_growth_gate_band_px":8.0,"recent_growth_gate_open":63,"recent_growth_gate_segments":63,"recent_growth_gate_reason":"no observed growth in the last 2d; caller should open all segments rather than publish a fire-wide zero","day_guard_model_checkpoint":"output/q65_79fires_day_guard_v1/q65_day_guard.ubj","day_guard_threshold":0.39,"day_growth_probability":0.6159945726394653,"day_guard_active":true,"predicted_regime":"significant_growth","selected_operator":"guarded_q65_reach","spatial_validation":{"1":{"monotone":true,"endpoint_exact":true,"source_components":1,"maximum_perimeter_components":1,"source_connected":true,"disconnected_pixels":0,"disconnected_steps":[],"valid":true},"5":{"monotone":true,"endpoint_exact":true,"source_components":1,"maximum_perimeter_components":1,"source_connected":true,"disconnected_pixels":0,"disconnected_steps":[],"valid":true}},"interval_hours_available":[1,5],"arrival_method":"constant_local_normal_rate_from_24h_q65_reach","arrival_is_interpolated":true,"lagged_hotspot_available":false,"progression_observed":false,"cold_start_hotspot_supported":false,"cold_start_forecast_enabled":true,"cold_start_fallback_applied":true,"cold_start_fallback_reason":"no causal perimeter growth history","forecast_no_call":false,"predicted_growth_pixels":3982,"predicted_growth_acres":885.58,"predicted_growth_pct":182.828,"predicted_growth_max_reach_px":20.809,"hour":11,"valid_at_utc":"2026-09-23T10:29:27.532956Z"}},{"type":"Feature","geometry":{"type":"Polygon","coordinates":[[[-99.76164,31.74869],[-99.76164,31.74788],[-99.76133,31.74788],[-99.76133,31.74707],[-99.76196,31.74707],[-99.76196,31.74842],[-99.76386,31.74842],[-99.76386,31.74815],[-99.7645,31.74815],[-99.7645,31.74788],[-99.76545,31.74788],[-99.76545,31.74761],[-99.76608,31.74761],[-99.76608,31.74734],[-99.7664,31.74734],[-99.7664,31.74707],[-99.76576,31.7468],[-99.76576,31.74653],[-99.76608,31.74653],[-99.76608,31.74627],[-99.7664,31.74627],[-99.7664,31.746],[-99.76671,31.746],[-99.76671,31.74546],[-99.7664,31.74546],[-99.7664,31.74519],[-99.76671,31.74519],[-99.76671,31.74465],[-99.76703,31.74465],[-99.76703,31.74438],[-99.76798,31.74438],[-99.76798,31.74384],[-99.7683,31.74384],[-99.7683,31.74357],[-99.76893,31.74357],[-99.76893,31.7433],[-99.76925,31.7433],[-99.76925,31.74303],[-99.76957,31.74303],[-99.76957,31.74276],[-99.76988,31.74276],[-99.76988,31.74249],[-99.77052,31.74222],[-99.77052,31.74168],[-99.77083,31.74168],[-99.77083,31.74034],[-99.77052,31.74034],[-99.77052,31.7398],[-99.76988,31.73953],[-99.76988,31.73926],[-99.76957,31.73926],[-99.76957,31.73899],[-99.7683,31.73899],[-99.7683,31.73926],[-99.76798,31.73926],[-99.76798,31.74007],[-99.7664,31.74007],[-99.7664,31.74034],[-99.76545,31.74034],[-99.76545,31.74061],[-99.76513,31.74061],[-99.76513,31.74034],[-99.76418,31.74034],[-99.76418,31.74007],[-99.7645,31.74007],[-99.7645,31.73953],[-99.76481,31.73953],[-99.76481,31.7398],[-99.76545,31.7398],[-99.76545,31.73953],[-99.76576,31.73953],[-99.76576,31.73926],[-99.76608,31.73926],[-99.76608,31.73953],[-99.76671,31.73953],[-99.76671,31.73926],[-99.76703,31.73926],[-99.76703,31.73791],[-99.7664,31.73791],[-99.7664,31.73818],[-99.76608,31.73818],[-99.76608,31.73737],[-99.7664,31.73737],[-99.7664,31.73764],[-99.76798,31.73764],[-99.76798,31.73818],[-99.7683,31.73818],[-99.7683,31.73845],[-99.76893,31.73845],[-99.76893,31.73818],[-99.76957,31.73818],[-99.76957,31.73791],[-99.7702,31.73764],[-99.7702,31.73818],[-99.77052,31.73818],[-99.77052,31.73845],[-99.77115,31.73845],[-99.77115,31.73818],[-99.77147,31.73818],[-99.77147,31.73764],[-99.77242,31.73764],[-99.77242,31.73737],[-99.77273,31.73737],[-99.77273,31.73683],[-99.77305,31.73683],[-99.77305,31.73522],[-99.77242,31.73522],[-99.77242,31.73414],[-99.7721,31.73414],[-99.7721,31.73387],[-99.77115,31.73387],[-99.77115,31.73306],[-99.7721,31.73306],[-99.7721,31.73225],[-99.77242,31.73225],[-99.77242,31.7309],[-99.7721,31.7309],[-99.7721,31.73063],[-99.77115,31.73063],[-99.77115,31.7309],[-99.77083,31.7309],[-99.77083,31.7301],[-99.77178,31.7301],[-99.77178,31.72902],[-99.77147,31.72902],[-99.77147,31.72821],[-99.77115,31.72821],[-99.77115,31.72767],[-99.77052,31.72767],[-99.77052,31.72794],[-99.7702,31.72794],[-99.7702,31.7274],[-99.76988,31.7274],[-99.76988,31.72713],[-99.77147,31.72713],[-99.77147,31.72605],[-99.77115,31.72605],[-99.77115,31.72551],[-99.77052,31.72524],[-99.77052,31.72498],[-99.7702,31.72498],[-99.7702,31.72471],[-99.76957,31.72471],[-99.76957,31.72444],[-99.76893,31.72444],[-99.76893,31.72471],[-99.76862,31.72471],[-99.76862,31.72444],[-99.76703,31.72444],[-99.76703,31.72471],[-99.7664,31.72471],[-99.7664,31.72444],[-99.76545,31.72444],[-99.76545,31.72471],[-99.76481,31.72471],[-99.76481,31.72498],[-99.76355,31.72524],[-99.76355,31.72551],[-99.76323,31.72551],[-99.76323,31.72578],[-99.76259,31.72578],[-99.76259,31.72605],[-99.76291,31.72605],[-99.76291,31.72659],[-99.76228,31.72659],[-99.76228,31.72551],[-99.76196,31.72551],[-99.76196,31.72524],[-99.76133,31.72524],[-99.76133,31.72551],[-99.76038,31.72551],[-99.76038,31.72578],[-99.76006,31.72578],[-99.76006,31.72605],[-99.75943,31.72605],[-99.75943,31.72632],[-99.75911,31.72632],[-99.75911,31.72659],[-99.75879,31.72659],[-99.75879,31.72686],[-99.75848,31.72686],[-99.75848,31.7274],[-99.75816,31.7274],[-99.75816,31.72767],[-99.75879,31.72794],[-99.75879,31.72821],[-99.75848,31.72821],[-99.75848,31.72848],[-99.75784,31.72848],[-99.75784,31.72902],[-99.75752,31.72902],[-99.75752,31.72983],[-99.75689,31.7301],[-99.75689,31.73117],[-99.75657,31.73117],[-99.75657,31.73225],[-99.75689,31.73225],[-99.75689,31.73252],[-99.75657,31.73252],[-99.75657,31.73387],[-99.75721,31.73387],[-99.75721,31.73468],[-99.75689,31.73468],[-99.75689,31.73441],[-99.75626,31.73441],[-99.75626,31.73549],[-99.75689,31.73549],[-99.75689,31.73576],[-99.75657,31.73576],[-99.75657,31.73629],[-99.75626,31.73629],[-99.75626,31.73683],[-99.75594,31.73683],[-99.75594,31.73656],[-99.75562,31.73656],[-99.75562,31.73629],[-99.75499,31.73656],[-99.75499,31.73683],[-99.75467,31.73683],[-99.75467,31.73737],[-99.75436,31.73737],[-99.75436,31.73791],[-99.75372,31.73818],[-99.75372,31.73872],[-99.75341,31.73872],[-99.75341,31.74115],[-99.75436,31.74115],[-99.75436,31.74168],[-99.75341,31.74168],[-99.75341,31.74195],[-99.75309,31.74195],[-99.75309,31.74303],[-99.75341,31.74303],[-99.75341,31.74357],[-99.75372,31.74357],[-99.75372,31.74384],[-99.75436,31.74384],[-99.75436,31.74438],[-99.75467,31.74438],[-99.75467,31.74465],[-99.75341,31.74465],[-99.75341,31.74546],[-99.75372,31.74546],[-99.75372,31.746],[-99.75404,31.746],[-99.75404,31.74653],[-99.75467,31.74653],[-99.75467,31.7468],[-99.75499,31.7468],[-99.75499,31.74707],[-99.75657,31.74707],[-99.75657,31.74573],[-99.75721,31.74573],[-99.75721,31.74627],[-99.75689,31.74627],[-99.75689,31.7468],[-99.75752,31.7468],[-99.75752,31.74761],[-99.75721,31.74761],[-99.75721,31.74815],[-99.75784,31.74815],[-99.75784,31.74842],[-99.75848,31.74842],[-99.75848,31.74869],[-99.76164,31.74869]],[[-99.76608,31.74357],[-99.76545,31.74357],[-99.76545,31.7433],[-99.76608,31.7433],[-99.76608,31.74357]],[[-99.75562,31.74357],[-99.75467,31.74357],[-99.75467,31.7433],[-99.75562,31.7433],[-99.75562,31.74357]],[[-99.76735,31.74249],[-99.76671,31.74249],[-99.76671,31.74222],[-99.76735,31.74222],[-99.76735,31.74249]],[[-99.76418,31.74061],[-99.76386,31.74061],[-99.76386,31.74034],[-99.76418,31.74034],[-99.76418,31.74061]],[[-99.75562,31.73872],[-99.75531,31.73872],[-99.75531,31.73845],[-99.75467,31.73845],[-99.75467,31.73818],[-99.75562,31.73818],[-99.75562,31.73872]],[[-99.75816,31.73279],[-99.75784,31.73279],[-99.75784,31.73252],[-99.75721,31.73252],[-99.75721,31.73225],[-99.75848,31.73225],[-99.75848,31.73252],[-99.75816,31.73252],[-99.75816,31.73279]],[[-99.76735,31.72632],[-99.76671,31.72632],[-99.76671,31.72551],[-99.76703,31.72551],[-99.76703,31.72605],[-99.76735,31.72605],[-99.76735,31.72632]]]},"properties":{"layer":"predicted_reach_h12","fire_name":"Seven","irwin_id":"{DBEB27C2-2C0B-4A81-B378-9BC264BE44C0}","model":"guarded_q65_79fires","model_checkpoint":"output/q65_79fires_causal_v1/q65_79fires.ubj","checkpoint_epoch":null,"decode":"guarded_q65_reach","operating_point":{"gate_threshold":0.25,"reach_multiplier":1.3,"day_guard_threshold":0.39},"val_precision":0.7166666666666667,"val_recall":0.86,"val_f1":0.7818181818181817,"issued_at_utc":"2026-09-22 23:29:27.532956+00:00","valid_from_utc":"2026-09-22 23:29:27.532956+00:00","valid_to_utc":"2026-09-23 23:29:27.532956+00:00","wfigs_date_current_utc":"2026-09-22 23:12:19+00:00","wfigs_perimeter_date_utc":"2026-09-22 19:27:40+00:00","pixel_size_m":30,"veg_source":"refreshed_d4","physics_source":"eikonal_fbfm40","history_n_dates":1,"degraded_history":true,"containment_pct":75,"acres_wfigs":482.97616055755077,"perimeter_clipped":false,"observed_dates":1,"consecutive_quiet_perimeters":0,"consecutive_static_perimeters":0,"last_material_growth_date":null,"days_since_material_growth":null,"latest_growth_acres":null,"latest_growth_pct":null,"model_caveat":"24-hour q65 front-reach forecast trained on 79 historical GeoMAC fires. The strictly causal day guard FAILED the quiet-day acceptance envelope and that failure stands: on the 2026-09-07 live batch this runtime predicted exactly zero growth on 4 of 11 active fires, because reach is decoded only where the segment gate is open and the day guard holds the gate shut below its 0.39 threshold. A published zero is a guard decision, not a measurement that the fire will not move. The displayed hourly contours are constant-local-rate interpolation of a model trained on 24-hour endpoints; they are spatially validated but have no independently observed sub-daily timing labels. Detached spotting is not represented, and the seven-fire audit behind the validation numbers was not blind because those fires had been reviewed in prior experiments.","model_format":"XGBoost UBJ","deployment_status":"website_default","gate_model_checkpoint":null,"gate_threshold":0.25,"gate_open_segments":63,"gate_total_segments":63,"hotspot_gate_radius_px":16.0,"hotspot_gate_lookback_hours":8,"hotspot_gate_min_detections":5,"hotspot_gate_detections":0,"hotspot_gate_applied":false,"hotspot_gate_reason":"no thermal detections available","hotspot_anchor_applied":false,"hotspot_anchor_detections":0,"hotspot_anchor_segments":0,"hotspot_anchor_radius_px":16.0,"hotspot_anchor_min_outside_detections":3,"hotspot_anchor_lookback_hours":24,"hotspot_anchor_fallback_applied":true,"hotspot_anchor_raw_detections":0,"hotspot_previous_window_detections":0,"hotspot_dropout":false,"recent_growth_gate_applied":true,"recent_growth_gate_lag":"2d","recent_growth_gate_band_px":8.0,"recent_growth_gate_open":63,"recent_growth_gate_segments":63,"recent_growth_gate_reason":"no observed growth in the last 2d; caller should open all segments rather than publish a fire-wide zero","day_guard_model_checkpoint":"output/q65_79fires_day_guard_v1/q65_day_guard.ubj","day_guard_threshold":0.39,"day_growth_probability":0.6159945726394653,"day_guard_active":true,"predicted_regime":"significant_growth","selected_operator":"guarded_q65_reach","spatial_validation":{"1":{"monotone":true,"endpoint_exact":true,"source_components":1,"maximum_perimeter_components":1,"source_connected":true,"disconnected_pixels":0,"disconnected_steps":[],"valid":true},"5":{"monotone":true,"endpoint_exact":true,"source_components":1,"maximum_perimeter_components":1,"source_connected":true,"disconnected_pixels":0,"disconnected_steps":[],"valid":true}},"interval_hours_available":[1,5],"arrival_method":"constant_local_normal_rate_from_24h_q65_reach","arrival_is_interpolated":true,"lagged_hotspot_available":false,"progression_observed":false,"cold_start_hotspot_supported":false,"cold_start_forecast_enabled":true,"cold_start_fallback_applied":true,"cold_start_fallback_reason":"no causal perimeter growth history","forecast_no_call":false,"predicted_growth_pixels":3982,"predicted_growth_acres":885.58,"predicted_growth_pct":182.828,"predicted_growth_max_reach_px":20.809,"hour":12,"valid_at_utc":"2026-09-23T11:29:27.532956Z"}},{"type":"Feature","geometry":{"type":"Polygon","coordinates":[[[-99.76133,31.74896],[-99.76133,31.74869],[-99.76164,31.74869],[-99.76164,31.74788],[-99.76133,31.74788],[-99.76133,31.74707],[-99.76196,31.74707],[-99.76196,31.74869],[-99.76386,31.74869],[-99.76386,31.74842],[-99.7645,31.74842],[-99.7645,31.74815],[-99.76481,31.74815],[-99.76481,31.74788],[-99.76513,31.74788],[-99.76513,31.74815],[-99.76576,31.74815],[-99.76576,31.74788],[-99.7664,31.74761],[-99.7664,31.74707],[-99.76608,31.74707],[-99.76608,31.74653],[-99.76671,31.74627],[-99.76671,31.746],[-99.76703,31.746],[-99.76703,31.74546],[-99.7664,31.74546],[-99.7664,31.74519],[-99.76703,31.74492],[-99.76703,31.74438],[-99.76766,31.74465],[-99.76766,31.74438],[-99.7683,31.74411],[-99.7683,31.74384],[-99.76893,31.74384],[-99.76893,31.74357],[-99.76925,31.74357],[-99.76925,31.7433],[-99.76957,31.7433],[-99.76957,31.74303],[-99.7702,31.74276],[-99.7702,31.74249],[-99.77052,31.74249],[-99.77052,31.74222],[-99.77083,31.74222],[-99.77083,31.74141],[-99.77115,31.74141],[-99.77115,31.74061],[-99.77083,31.74061],[-99.77083,31.7398],[-99.77052,31.7398],[-99.77052,31.73953],[-99.76988,31.73926],[-99.76988,31.73899],[-99.7683,31.73899],[-99.7683,31.73926],[-99.76798,31.73926],[-99.76798,31.74007],[-99.76671,31.7398],[-99.76671,31.74007],[-99.7664,31.74007],[-99.7664,31.74034],[-99.76545,31.74034],[-99.76545,31.74061],[-99.76481,31.74034],[-99.76481,31.7398],[-99.76545,31.7398],[-99.76545,31.73953],[-99.76576,31.73953],[-99.76576,31.73926],[-99.76608,31.73926],[-99.76608,31.73953],[-99.76671,31.73953],[-99.76671,31.73926],[-99.76735,31.73899],[-99.76735,31.73818],[-99.76703,31.73818],[-99.76703,31.73764],[-99.76735,31.73764],[-99.76735,31.73791],[-99.76798,31.73791],[-99.76798,31.73845],[-99.76925,31.73845],[-99.76925,31.73818],[-99.76988,31.73818],[-99.76988,31.73791],[-99.7702,31.73791],[-99.7702,31.73818],[-99.77052,31.73818],[-99.77052,31.73845],[-99.77147,31.73845],[-99.77147,31.73818],[-99.77178,31.73818],[-99.77178,31.73764],[-99.77242,31.73791],[-99.77242,31.73764],[-99.77273,31.73764],[-99.77273,31.73737],[-99.77305,31.73737],[-99.77305,31.73683],[-99.77337,31.73683],[-99.77337,31.73522],[-99.77242,31.73522],[-99.77242,31.73387],[-99.77115,31.73387],[-99.77115,31.73306],[-99.77242,31.73306],[-99.77242,31.73225],[-99.77273,31.73225],[-99.77273,31.73117],[-99.77242,31.73117],[-99.77242,31.73063],[-99.77115,31.73063],[-99.77115,31.7309],[-99.77083,31.7309],[-99.77083,31.7301],[-99.7721,31.7301],[-99.7721,31.72902],[-99.77147,31.72902],[-99.77147,31.72767],[-99.77052,31.72767],[-99.77052,31.72794],[-99.7702,31.72794],[-99.7702,31.72713],[-99.77147,31.72713],[-99.77147,31.72551],[-99.77115,31.72551],[-99.77115,31.72524],[-99.77052,31.72498],[-99.77052,31.72471],[-99.7702,31.72471],[-99.7702,31.72444],[-99.76481,31.72444],[-99.76481,31.72471],[-99.7645,31.72471],[-99.7645,31.72498],[-99.76386,31.72498],[-99.76386,31.72524],[-99.76355,31.72524],[-99.76355,31.72551],[-99.76291,31.72551],[-99.76291,31.72578],[-99.76259,31.72578],[-99.76259,31.72605],[-99.76291,31.72605],[-99.76291,31.72632],[-99.76259,31.72632],[-99.76259,31.72659],[-99.76228,31.72659],[-99.76228,31.72524],[-99.76069,31.72524],[-99.76069,31.72551],[-99.76006,31.72551],[-99.76006,31.72578],[-99.75974,31.72578],[-99.75974,31.72605],[-99.75911,31.72605],[-99.75911,31.72632],[-99.75879,31.72632],[-99.75879,31.72659],[-99.75848,31.72659],[-99.75848,31.72713],[-99.75816,31.72713],[-99.75816,31.72767],[-99.75848,31.72767],[-99.75848,31.72848],[-99.75784,31.72848],[-99.75784,31.72875],[-99.75752,31.72875],[-99.75752,31.72929],[-99.75689,31.72956],[-99.75689,31.73063],[-99.75657,31.73063],[-99.75657,31.73279],[-99.75626,31.73279],[-99.75626,31.73387],[-99.75721,31.73387],[-99.75721,31.73468],[-99.75689,31.73468],[-99.75689,31.73441],[-99.75626,31.73441],[-99.75626,31.73468],[-99.75594,31.73468],[-99.75594,31.73549],[-99.75657,31.73549],[-99.75657,31.73602],[-99.75626,31.73602],[-99.75626,31.73656],[-99.75499,31.73629],[-99.75499,31.73656],[-99.75467,31.73656],[-99.75467,31.73683],[-99.75436,31.73683],[-99.75436,31.73791],[-99.75372,31.73791],[-99.75372,31.73845],[-99.75341,31.73845],[-99.75341,31.73926],[-99.75309,31.73926],[-99.75309,31.7398],[-99.75341,31.7398],[-99.75341,31.74034],[-99.75309,31.74034],[-99.75309,31.74088],[-99.75341,31.74088],[-99.75341,31.74115],[-99.75436,31.74115],[-99.75436,31.74168],[-99.75309,31.74168],[-99.75309,31.74357],[-99.75341,31.74357],[-99.75341,31.74384],[-99.75436,31.74384],[-99.75436,31.74465],[-99.75309,31.74465],[-99.75309,31.74519],[-99.75341,31.74519],[-99.75341,31.746],[-99.75372,31.746],[-99.75372,31.74653],[-99.75404,31.74653],[-99.75404,31.7468],[-99.75467,31.7468],[-99.75467,31.74707],[-99.75531,31.74707],[-99.75531,31.74734],[-99.75626,31.74734],[-99.75626,31.74707],[-99.75657,31.74707],[-99.75657,31.74573],[-99.75721,31.74573],[-99.75721,31.74627],[-99.75689,31.74627],[-99.75689,31.7468],[-99.75752,31.74707],[-99.75752,31.74761],[-99.75721,31.74761],[-99.75721,31.74842],[-99.75784,31.74842],[-99.75784,31.74869],[-99.75943,31.74869],[-99.75943,31.74896],[-99.76133,31.74896]],[[-99.76608,31.74357],[-99.76576,31.74357],[-99.76576,31.7433],[-99.76608,31.7433],[-99.76608,31.74357]],[[-99.75531,31.74357],[-99.75467,31.74357],[-99.75467,31.7433],[-99.75531,31.7433],[-99.75531,31.74357]],[[-99.76735,31.74249],[-99.76671,31.74249],[-99.76671,31.74222],[-99.76735,31.74222],[-99.76735,31.74249]],[[-99.76418,31.74061],[-99.76386,31.74061],[-99.76386,31.74034],[-99.76418,31.74034],[-99.76418,31.74061]],[[-99.75562,31.73872],[-99.75531,31.73872],[-99.75531,31.73845],[-99.75467,31.73845],[-99.75467,31.73818],[-99.75562,31.73818],[-99.75562,31.73872]],[[-99.7664,31.73818],[-99.76608,31.73818],[-99.76608,31.73791],[-99.7664,31.73791],[-99.7664,31.73818]],[[-99.76671,31.73791],[-99.7664,31.73791],[-99.7664,31.73764],[-99.76671,31.73764],[-99.76671,31.73791]],[[-99.75816,31.73279],[-99.75784,31.73279],[-99.75784,31.73252],[-99.75721,31.73252],[-99.75721,31.73225],[-99.75816,31.73225],[-99.75816,31.73279]],[[-99.76703,31.72605],[-99.76671,31.72605],[-99.76671,31.72551],[-99.76703,31.72551],[-99.76703,31.72605]]]},"properties":{"layer":"predicted_reach_h13","fire_name":"Seven","irwin_id":"{DBEB27C2-2C0B-4A81-B378-9BC264BE44C0}","model":"guarded_q65_79fires","model_checkpoint":"output/q65_79fires_causal_v1/q65_79fires.ubj","checkpoint_epoch":null,"decode":"guarded_q65_reach","operating_point":{"gate_threshold":0.25,"reach_multiplier":1.3,"day_guard_threshold":0.39},"val_precision":0.7166666666666667,"val_recall":0.86,"val_f1":0.7818181818181817,"issued_at_utc":"2026-09-22 23:29:27.532956+00:00","valid_from_utc":"2026-09-22 23:29:27.532956+00:00","valid_to_utc":"2026-09-23 23:29:27.532956+00:00","wfigs_date_current_utc":"2026-09-22 23:12:19+00:00","wfigs_perimeter_date_utc":"2026-09-22 19:27:40+00:00","pixel_size_m":30,"veg_source":"refreshed_d4","physics_source":"eikonal_fbfm40","history_n_dates":1,"degraded_history":true,"containment_pct":75,"acres_wfigs":482.97616055755077,"perimeter_clipped":false,"observed_dates":1,"consecutive_quiet_perimeters":0,"consecutive_static_perimeters":0,"last_material_growth_date":null,"days_since_material_growth":null,"latest_growth_acres":null,"latest_growth_pct":null,"model_caveat":"24-hour q65 front-reach forecast trained on 79 historical GeoMAC fires. The strictly causal day guard FAILED the quiet-day acceptance envelope and that failure stands: on the 2026-09-07 live batch this runtime predicted exactly zero growth on 4 of 11 active fires, because reach is decoded only where the segment gate is open and the day guard holds the gate shut below its 0.39 threshold. A published zero is a guard decision, not a measurement that the fire will not move. The displayed hourly contours are constant-local-rate interpolation of a model trained on 24-hour endpoints; they are spatially validated but have no independently observed sub-daily timing labels. Detached spotting is not represented, and the seven-fire audit behind the validation numbers was not blind because those fires had been reviewed in prior experiments.","model_format":"XGBoost UBJ","deployment_status":"website_default","gate_model_checkpoint":null,"gate_threshold":0.25,"gate_open_segments":63,"gate_total_segments":63,"hotspot_gate_radius_px":16.0,"hotspot_gate_lookback_hours":8,"hotspot_gate_min_detections":5,"hotspot_gate_detections":0,"hotspot_gate_applied":false,"hotspot_gate_reason":"no thermal detections available","hotspot_anchor_applied":false,"hotspot_anchor_detections":0,"hotspot_anchor_segments":0,"hotspot_anchor_radius_px":16.0,"hotspot_anchor_min_outside_detections":3,"hotspot_anchor_lookback_hours":24,"hotspot_anchor_fallback_applied":true,"hotspot_anchor_raw_detections":0,"hotspot_previous_window_detections":0,"hotspot_dropout":false,"recent_growth_gate_applied":true,"recent_growth_gate_lag":"2d","recent_growth_gate_band_px":8.0,"recent_growth_gate_open":63,"recent_growth_gate_segments":63,"recent_growth_gate_reason":"no observed growth in the last 2d; caller should open all segments rather than publish a fire-wide zero","day_guard_model_checkpoint":"output/q65_79fires_day_guard_v1/q65_day_guard.ubj","day_guard_threshold":0.39,"day_growth_probability":0.6159945726394653,"day_guard_active":true,"predicted_regime":"significant_growth","selected_operator":"guarded_q65_reach","spatial_validation":{"1":{"monotone":true,"endpoint_exact":true,"source_components":1,"maximum_perimeter_components":1,"source_connected":true,"disconnected_pixels":0,"disconnected_steps":[],"valid":true},"5":{"monotone":true,"endpoint_exact":true,"source_components":1,"maximum_perimeter_components":1,"source_connected":true,"disconnected_pixels":0,"disconnected_steps":[],"valid":true}},"interval_hours_available":[1,5],"arrival_method":"constant_local_normal_rate_from_24h_q65_reach","arrival_is_interpolated":true,"lagged_hotspot_available":false,"progression_observed":false,"cold_start_hotspot_supported":false,"cold_start_forecast_enabled":true,"cold_start_fallback_applied":true,"cold_start_fallback_reason":"no causal perimeter growth history","forecast_no_call":false,"predicted_growth_pixels":3982,"predicted_growth_acres":885.58,"predicted_growth_pct":182.828,"predicted_growth_max_reach_px":20.809,"hour":13,"valid_at_utc":"2026-09-23T12:29:27.532956Z"}},{"type":"Feature","geometry":{"type":"Polygon","coordinates":[[[-99.76101,31.74923],[-99.76101,31.74896],[-99.76355,31.74896],[-99.76355,31.74869],[-99.7645,31.74869],[-99.7645,31.74842],[-99.76481,31.74842],[-99.76481,31.74815],[-99.76513,31.74815],[-99.76513,31.74842],[-99.76576,31.74842],[-99.76576,31.74815],[-99.7664,31.74788],[-99.7664,31.74761],[-99.76671,31.74761],[-99.76671,31.74734],[-99.76608,31.74707],[-99.76608,31.7468],[-99.7664,31.7468],[-99.7664,31.74653],[-99.76703,31.74627],[-99.76703,31.74546],[-99.76671,31.74546],[-99.76671,31.74519],[-99.76703,31.74519],[-99.76703,31.74492],[-99.76735,31.74492],[-99.76735,31.74465],[-99.76798,31.74465],[-99.76798,31.74438],[-99.7683,31.74438],[-99.7683,31.74411],[-99.76862,31.74411],[-99.76862,31.74384],[-99.76925,31.74384],[-99.76925,31.74357],[-99.76957,31.74357],[-99.76957,31.7433],[-99.7702,31.74303],[-99.7702,31.74276],[-99.77052,31.74276],[-99.77052,31.74249],[-99.77083,31.74249],[-99.77083,31.74195],[-99.77115,31.74195],[-99.77115,31.7398],[-99.77052,31.73953],[-99.77052,31.73926],[-99.7702,31.73926],[-99.7702,31.73899],[-99.7683,31.73899],[-99.7683,31.73926],[-99.76798,31.73926],[-99.76798,31.74007],[-99.76766,31.74007],[-99.76766,31.7398],[-99.7664,31.7398],[-99.7664,31.73953],[-99.76703,31.73953],[-99.76703,31.73926],[-99.76735,31.73926],[-99.76735,31.73818],[-99.76703,31.73818],[-99.76703,31.73764],[-99.76735,31.73764],[-99.76735,31.73791],[-99.76798,31.73791],[-99.76798,31.73845],[-99.76957,31.73845],[-99.76957,31.73818],[-99.7702,31.73791],[-99.7702,31.73818],[-99.77083,31.73845],[-99.77083,31.73872],[-99.77147,31.73872],[-99.77147,31.73845],[-99.77178,31.73845],[-99.77178,31.73791],[-99.77242,31.73791],[-99.77242,31.73818],[-99.77273,31.73818],[-99.77273,31.73791],[-99.77305,31.73791],[-99.77305,31.73737],[-99.77337,31.73737],[-99.77337,31.73683],[-99.77369,31.73683],[-99.77369,31.73522],[-99.77273,31.73522],[-99.77273,31.73387],[-99.77147,31.73387],[-99.77147,31.73333],[-99.77115,31.73333],[-99.77115,31.73306],[-99.77273,31.73306],[-99.77273,31.73252],[-99.77242,31.73252],[-99.77242,31.73225],[-99.77305,31.73198],[-99.77305,31.73144],[-99.77273,31.73144],[-99.77273,31.73037],[-99.77242,31.73037],[-99.77242,31.73063],[-99.77115,31.73063],[-99.77115,31.73037],[-99.77083,31.73037],[-99.77083,31.7301],[-99.77242,31.7301],[-99.77242,31.72902],[-99.77178,31.72902],[-99.77178,31.72794],[-99.77147,31.72794],[-99.77147,31.72767],[-99.77052,31.72767],[-99.77052,31.72794],[-99.7702,31.72794],[-99.7702,31.72713],[-99.77178,31.72713],[-99.77178,31.72578],[-99.77147,31.72578],[-99.77147,31.72524],[-99.77115,31.72524],[-99.77115,31.72498],[-99.77052,31.72471],[-99.77052,31.72444],[-99.76988,31.72444],[-99.76988,31.72417],[-99.76925,31.72417],[-99.76925,31.72444],[-99.76893,31.72444],[-99.76893,31.72417],[-99.76703,31.72417],[-99.76703,31.72444],[-99.76671,31.72444],[-99.76671,31.72417],[-99.76513,31.72417],[-99.76513,31.72444],[-99.7645,31.72444],[-99.7645,31.72471],[-99.76386,31.72471],[-99.76386,31.72498],[-99.76355,31.72498],[-99.76355,31.72551],[-99.76259,31.72551],[-99.76259,31.72605],[-99.76291,31.72605],[-99.76291,31.72632],[-99.76228,31.72632],[-99.76228,31.72498],[-99.76101,31.72498],[-99.76101,31.72524],[-99.76038,31.72524],[-99.76038,31.72551],[-99.75974,31.72551],[-99.75974,31.72578],[-99.75911,31.72578],[-99.75911,31.72605],[-99.75879,31.72605],[-99.75879,31.72632],[-99.75816,31.72659],[-99.75816,31.72713],[-99.75784,31.72713],[-99.75784,31.72767],[-99.75848,31.72767],[-99.75848,31.72821],[-99.75721,31.72875],[-99.75721,31.72956],[-99.75657,31.72983],[-99.75657,31.7309],[-99.75626,31.7309],[-99.75626,31.73225],[-99.75657,31.73225],[-99.75657,31.73252],[-99.75626,31.73252],[-99.75626,31.73333],[-99.75594,31.73333],[-99.75594,31.73387],[-99.75721,31.73387],[-99.75721,31.73414],[-99.75689,31.73414],[-99.75689,31.73441],[-99.75594,31.73441],[-99.75594,31.73549],[-99.75657,31.73549],[-99.75657,31.73576],[-99.75626,31.73576],[-99.75626,31.73629],[-99.75594,31.73629],[-99.75594,31.73656],[-99.75531,31.73629],[-99.75531,31.73602],[-99.75499,31.73602],[-99.75499,31.73629],[-99.75467,31.73629],[-99.75467,31.73656],[-99.75436,31.73656],[-99.75436,31.7371],[-99.75404,31.7371],[-99.75404,31.73791],[-99.75372,31.73791],[-99.75372,31.73818],[-99.75341,31.73818],[-99.75341,31.73845],[-99.75309,31.73845],[-99.75309,31.74115],[-99.75436,31.74115],[-99.75436,31.74141],[-99.75404,31.74141],[-99.75404,31.74168],[-99.75341,31.74168],[-99.75341,31.74141],[-99.75309,31.74141],[-99.75309,31.74195],[-99.75277,31.74195],[-99.75277,31.7433],[-99.75309,31.7433],[-99.75309,31.74384],[-99.75436,31.74384],[-99.75436,31.74465],[-99.75309,31.74465],[-99.75309,31.746],[-99.75372,31.74627],[-99.75372,31.7468],[-99.75436,31.7468],[-99.75436,31.74707],[-99.75467,31.74707],[-99.75467,31.74734],[-99.75626,31.74734],[-99.75626,31.74707],[-99.75657,31.74707],[-99.75657,31.7468],[-99.75689,31.7468],[-99.75689,31.74707],[-99.75752,31.74707],[-99.75752,31.74761],[-99.75721,31.74761],[-99.75721,31.74815],[-99.75689,31.74815],[-99.75689,31.74842],[-99.75721,31.74842],[-99.75721,31.74869],[-99.75784,31.74869],[-99.75784,31.74896],[-99.76101,31.74923]],[[-99.76196,31.74869],[-99.76164,31.74869],[-99.76164,31.74788],[-99.76133,31.74788],[-99.76133,31.74734],[-99.76196,31.74734],[-99.76196,31.74869]],[[-99.75689,31.74653],[-99.75657,31.74653],[-99.75657,31.74573],[-99.75721,31.74573],[-99.75721,31.74627],[-99.75689,31.74627],[-99.75689,31.74653]],[[-99.76608,31.74357],[-99.76576,31.74357],[-99.76576,31.7433],[-99.76608,31.7433],[-99.76608,31.74357]],[[-99.75531,31.74357],[-99.75467,31.74357],[-99.75467,31.7433],[-99.75531,31.7433],[-99.75531,31.74357]],[[-99.76735,31.74249],[-99.76703,31.74249],[-99.76703,31.74222],[-99.76735,31.74222],[-99.76735,31.74249]],[[-99.76545,31.74061],[-99.76481,31.74034],[-99.76481,31.7398],[-99.76545,31.7398],[-99.76545,31.73953],[-99.76608,31.73926],[-99.76608,31.7398],[-99.7664,31.7398],[-99.7664,31.74034],[-99.76545,31.74034],[-99.76545,31.74061]],[[-99.76418,31.74061],[-99.76386,31.74061],[-99.76386,31.74034],[-99.76418,31.74034],[-99.76418,31.74061]],[[-99.75562,31.73872],[-99.75531,31.73872],[-99.75531,31.73845],[-99.75467,31.73845],[-99.75467,31.73818],[-99.75562,31.73818],[-99.75562,31.73872]],[[-99.7664,31.73818],[-99.76608,31.73818],[-99.76608,31.73791],[-99.7664,31.73791],[-99.7664,31.73818]],[[-99.76671,31.73791],[-99.7664,31.73791],[-99.7664,31.73764],[-99.76671,31.73764],[-99.76671,31.73791]],[[-99.75816,31.73279],[-99.75784,31.73279],[-99.75784,31.73252],[-99.75721,31.73252],[-99.75721,31.73225],[-99.75816,31.73225],[-99.75816,31.73279]],[[-99.76703,31.72605],[-99.76671,31.72605],[-99.76671,31.72551],[-99.76703,31.72551],[-99.76703,31.72605]]]},"properties":{"layer":"predicted_reach_h14","fire_name":"Seven","irwin_id":"{DBEB27C2-2C0B-4A81-B378-9BC264BE44C0}","model":"guarded_q65_79fires","model_checkpoint":"output/q65_79fires_causal_v1/q65_79fires.ubj","checkpoint_epoch":null,"decode":"guarded_q65_reach","operating_point":{"gate_threshold":0.25,"reach_multiplier":1.3,"day_guard_threshold":0.39},"val_precision":0.7166666666666667,"val_recall":0.86,"val_f1":0.7818181818181817,"issued_at_utc":"2026-09-22 23:29:27.532956+00:00","valid_from_utc":"2026-09-22 23:29:27.532956+00:00","valid_to_utc":"2026-09-23 23:29:27.532956+00:00","wfigs_date_current_utc":"2026-09-22 23:12:19+00:00","wfigs_perimeter_date_utc":"2026-09-22 19:27:40+00:00","pixel_size_m":30,"veg_source":"refreshed_d4","physics_source":"eikonal_fbfm40","history_n_dates":1,"degraded_history":true,"containment_pct":75,"acres_wfigs":482.97616055755077,"perimeter_clipped":false,"observed_dates":1,"consecutive_quiet_perimeters":0,"consecutive_static_perimeters":0,"last_material_growth_date":null,"days_since_material_growth":null,"latest_growth_acres":null,"latest_growth_pct":null,"model_caveat":"24-hour q65 front-reach forecast trained on 79 historical GeoMAC fires. The strictly causal day guard FAILED the quiet-day acceptance envelope and that failure stands: on the 2026-09-07 live batch this runtime predicted exactly zero growth on 4 of 11 active fires, because reach is decoded only where the segment gate is open and the day guard holds the gate shut below its 0.39 threshold. A published zero is a guard decision, not a measurement that the fire will not move. The displayed hourly contours are constant-local-rate interpolation of a model trained on 24-hour endpoints; they are spatially validated but have no independently observed sub-daily timing labels. Detached spotting is not represented, and the seven-fire audit behind the validation numbers was not blind because those fires had been reviewed in prior experiments.","model_format":"XGBoost UBJ","deployment_status":"website_default","gate_model_checkpoint":null,"gate_threshold":0.25,"gate_open_segments":63,"gate_total_segments":63,"hotspot_gate_radius_px":16.0,"hotspot_gate_lookback_hours":8,"hotspot_gate_min_detections":5,"hotspot_gate_detections":0,"hotspot_gate_applied":false,"hotspot_gate_reason":"no thermal detections available","hotspot_anchor_applied":false,"hotspot_anchor_detections":0,"hotspot_anchor_segments":0,"hotspot_anchor_radius_px":16.0,"hotspot_anchor_min_outside_detections":3,"hotspot_anchor_lookback_hours":24,"hotspot_anchor_fallback_applied":true,"hotspot_anchor_raw_detections":0,"hotspot_previous_window_detections":0,"hotspot_dropout":false,"recent_growth_gate_applied":true,"recent_growth_gate_lag":"2d","recent_growth_gate_band_px":8.0,"recent_growth_gate_open":63,"recent_growth_gate_segments":63,"recent_growth_gate_reason":"no observed growth in the last 2d; caller should open all segments rather than publish a fire-wide zero","day_guard_model_checkpoint":"output/q65_79fires_day_guard_v1/q65_day_guard.ubj","day_guard_threshold":0.39,"day_growth_probability":0.6159945726394653,"day_guard_active":true,"predicted_regime":"significant_growth","selected_operator":"guarded_q65_reach","spatial_validation":{"1":{"monotone":true,"endpoint_exact":true,"source_components":1,"maximum_perimeter_components":1,"source_connected":true,"disconnected_pixels":0,"disconnected_steps":[],"valid":true},"5":{"monotone":true,"endpoint_exact":true,"source_components":1,"maximum_perimeter_components":1,"source_connected":true,"disconnected_pixels":0,"disconnected_steps":[],"valid":true}},"interval_hours_available":[1,5],"arrival_method":"constant_local_normal_rate_from_24h_q65_reach","arrival_is_interpolated":true,"lagged_hotspot_available":false,"progression_observed":false,"cold_start_hotspot_supported":false,"cold_start_forecast_enabled":true,"cold_start_fallback_applied":true,"cold_start_fallback_reason":"no causal perimeter growth history","forecast_no_call":false,"predicted_growth_pixels":3982,"predicted_growth_acres":885.58,"predicted_growth_pct":182.828,"predicted_growth_max_reach_px":20.809,"hour":14,"valid_at_utc":"2026-09-23T13:29:27.532956Z"}},{"type":"Feature","geometry":{"type":"Polygon","coordinates":[[[-99.76069,31.7495],[-99.76069,31.74923],[-99.76196,31.74923],[-99.76196,31.74896],[-99.76228,31.74896],[-99.76228,31.74923],[-99.76323,31.74923],[-99.76323,31.74896],[-99.76418,31.74896],[-99.76418,31.74869],[-99.76481,31.74869],[-99.76481,31.74842],[-99.76608,31.74842],[-99.76608,31.74815],[-99.7664,31.74815],[-99.7664,31.74788],[-99.76671,31.74788],[-99.76671,31.74734],[-99.7664,31.74734],[-99.7664,31.7468],[-99.76671,31.7468],[-99.76671,31.74653],[-99.76735,31.74627],[-99.76735,31.74573],[-99.76703,31.74573],[-99.76703,31.74519],[-99.76735,31.74519],[-99.76735,31.74465],[-99.76798,31.74492],[-99.76798,31.74465],[-99.76862,31.74438],[-99.76862,31.74411],[-99.76925,31.74411],[-99.76925,31.74384],[-99.76957,31.74384],[-99.76957,31.74357],[-99.76988,31.74357],[-99.76988,31.7433],[-99.7702,31.7433],[-99.7702,31.74303],[-99.77052,31.74303],[-99.77052,31.74276],[-99.77115,31.74249],[-99.77115,31.74195],[-99.77147,31.74195],[-99.77147,31.74007],[-99.77115,31.74007],[-99.77115,31.73953],[-99.77083,31.73953],[-99.77083,31.73926],[-99.77052,31.73926],[-99.77052,31.73899],[-99.7683,31.73899],[-99.7683,31.73926],[-99.76798,31.73926],[-99.76798,31.74007],[-99.76766,31.74007],[-99.76766,31.7398],[-99.76671,31.7398],[-99.76671,31.73953],[-99.76735,31.73926],[-99.76735,31.73818],[-99.76703,31.73818],[-99.76703,31.73764],[-99.76735,31.73764],[-99.76735,31.73791],[-99.76798,31.73791],[-99.76798,31.73872],[-99.76925,31.73872],[-99.76925,31.73845],[-99.77052,31.73818],[-99.77052,31.73845],[-99.77083,31.73845],[-99.77083,31.73872],[-99.77147,31.73899],[-99.77147,31.73872],[-99.77178,31.73872],[-99.77178,31.73845],[-99.7721,31.73845],[-99.7721,31.73791],[-99.77242,31.73791],[-99.77242,31.73818],[-99.77305,31.73818],[-99.77305,31.73791],[-99.77337,31.73791],[-99.77337,31.73737],[-99.77369,31.73737],[-99.77369,31.73656],[-99.774,31.73656],[-99.774,31.73522],[-99.77305,31.73522],[-99.77305,31.73414],[-99.77273,31.73414],[-99.77273,31.73387],[-99.77147,31.73387],[-99.77147,31.73306],[-99.77273,31.73306],[-99.77273,31.73225],[-99.77305,31.73225],[-99.77305,31.73063],[-99.77273,31.73063],[-99.77273,31.73037],[-99.77242,31.73037],[-99.77242,31.73063],[-99.77115,31.73063],[-99.77115,31.7301],[-99.77242,31.7301],[-99.77242,31.72983],[-99.77273,31.72983],[-99.77273,31.72956],[-99.77242,31.72956],[-99.77242,31.72902],[-99.77178,31.72902],[-99.77178,31.72767],[-99.77052,31.72767],[-99.77052,31.72794],[-99.7702,31.72794],[-99.7702,31.72713],[-99.77178,31.72713],[-99.77178,31.72686],[-99.7721,31.72686],[-99.7721,31.72632],[-99.77178,31.72632],[-99.77178,31.72551],[-99.77147,31.72551],[-99.77147,31.72498],[-99.77115,31.72498],[-99.77115,31.72471],[-99.77083,31.72471],[-99.77083,31.72444],[-99.7702,31.72444],[-99.7702,31.72417],[-99.7683,31.72417],[-99.7683,31.7239],[-99.76735,31.7239],[-99.76735,31.72417],[-99.76481,31.72417],[-99.76481,31.72444],[-99.7645,31.72444],[-99.7645,31.72471],[-99.76355,31.72471],[-99.76355,31.72524],[-99.76291,31.72524],[-99.76291,31.72551],[-99.76259,31.72551],[-99.76259,31.72605],[-99.76291,31.72605],[-99.76291,31.72632],[-99.76228,31.72632],[-99.76228,31.72498],[-99.76038,31.72498],[-99.76038,31.72524],[-99.75974,31.72524],[-99.75974,31.72551],[-99.75943,31.72551],[-99.75943,31.72578],[-99.75879,31.72578],[-99.75879,31.72605],[-99.75848,31.72605],[-99.75848,31.72632],[-99.75816,31.72632],[-99.75816,31.72686],[-99.75784,31.72686],[-99.75784,31.72767],[-99.75848,31.72767],[-99.75848,31.72794],[-99.75816,31.72794],[-99.75816,31.72848],[-99.75784,31.72848],[-99.75784,31.72821],[-99.75721,31.72848],[-99.75721,31.72902],[-99.75689,31.72902],[-99.75689,31.72956],[-99.75657,31.72956],[-99.75657,31.7301],[-99.75626,31.7301],[-99.75626,31.73117],[-99.75594,31.73117],[-99.75594,31.73198],[-99.75626,31.73198],[-99.75626,31.73279],[-99.75594,31.73279],[-99.75594,31.73387],[-99.75689,31.73387],[-99.75689,31.73441],[-99.75594,31.73441],[-99.75594,31.73468],[-99.75562,31.73468],[-99.75562,31.73549],[-99.75626,31.73549],[-99.75626,31.73629],[-99.75562,31.73656],[-99.75562,31.73629],[-99.75531,31.73629],[-99.75531,31.73602],[-99.75467,31.73602],[-99.75467,31.73629],[-99.75436,31.73629],[-99.75436,31.73683],[-99.75404,31.73683],[-99.75404,31.73791],[-99.75341,31.73791],[-99.75341,31.73818],[-99.75309,31.73818],[-99.75309,31.73872],[-99.75277,31.73872],[-99.75277,31.7398],[-99.75309,31.7398],[-99.75309,31.74007],[-99.75277,31.74007],[-99.75277,31.74115],[-99.75404,31.74115],[-99.75404,31.74168],[-99.75277,31.74141],[-99.75277,31.74357],[-99.75309,31.74357],[-99.75309,31.74411],[-99.75341,31.74411],[-99.75341,31.74384],[-99.75404,31.74384],[-99.75404,31.74465],[-99.75277,31.74465],[-99.75277,31.74573],[-99.75309,31.74573],[-99.75309,31.74627],[-99.75372,31.74653],[-99.75372,31.74707],[-99.75436,31.74707],[-99.75436,31.74734],[-99.75499,31.74734],[-99.75499,31.74761],[-99.75626,31.74761],[-99.75626,31.74707],[-99.75721,31.74707],[-99.75721,31.74734],[-99.75752,31.74734],[-99.75752,31.74761],[-99.75721,31.74761],[-99.75721,31.74815],[-99.75689,31.74815],[-99.75689,31.74869],[-99.75721,31.74869],[-99.75721,31.74896],[-99.75784,31.74896],[-99.75784,31.74923],[-99.76006,31.74923],[-99.76006,31.7495],[-99.76069,31.7495]],[[-99.76196,31.74869],[-99.76164,31.74869],[-99.76164,31.74788],[-99.76133,31.74788],[-99.76133,31.74734],[-99.76196,31.74734],[-99.76196,31.74869]],[[-99.75689,31.74653],[-99.75657,31.74653],[-99.75657,31.74573],[-99.75721,31.746],[-99.75721,31.74627],[-99.75689,31.74627],[-99.75689,31.74653]],[[-99.76608,31.74357],[-99.76576,31.74357],[-99.76576,31.7433],[-99.76608,31.7433],[-99.76608,31.74357]],[[-99.75531,31.74357],[-99.75467,31.74357],[-99.75467,31.7433],[-99.75531,31.7433],[-99.75531,31.74357]],[[-99.76735,31.74249],[-99.76703,31.74249],[-99.76703,31.74222],[-99.76735,31.74222],[-99.76735,31.74249]],[[-99.76545,31.74061],[-99.76513,31.74061],[-99.76513,31.74007],[-99.76481,31.74007],[-99.76481,31.7398],[-99.76576,31.7398],[-99.76576,31.73926],[-99.76608,31.73926],[-99.76608,31.7398],[-99.7664,31.7398],[-99.7664,31.74034],[-99.76576,31.74007],[-99.76576,31.74034],[-99.76545,31.74034],[-99.76545,31.74061]],[[-99.76418,31.74061],[-99.76386,31.74061],[-99.76386,31.74034],[-99.76418,31.74034],[-99.76418,31.74061]],[[-99.75562,31.73845],[-99.75467,31.73845],[-99.75467,31.73818],[-99.75562,31.73818],[-99.75562,31.73845]],[[-99.7664,31.73818],[-99.76608,31.73818],[-99.76608,31.73791],[-99.7664,31.73791],[-99.7664,31.73818]],[[-99.76671,31.73791],[-99.7664,31.73791],[-99.7664,31.73764],[-99.76671,31.73764],[-99.76671,31.73791]],[[-99.75816,31.73279],[-99.75784,31.73279],[-99.75784,31.73252],[-99.75721,31.73252],[-99.75721,31.73225],[-99.75816,31.73225],[-99.75816,31.73279]],[[-99.76703,31.72605],[-99.76671,31.72605],[-99.76671,31.72551],[-99.76703,31.72551],[-99.76703,31.72605]]]},"properties":{"layer":"predicted_reach_h15","fire_name":"Seven","irwin_id":"{DBEB27C2-2C0B-4A81-B378-9BC264BE44C0}","model":"guarded_q65_79fires","model_checkpoint":"output/q65_79fires_causal_v1/q65_79fires.ubj","checkpoint_epoch":null,"decode":"guarded_q65_reach","operating_point":{"gate_threshold":0.25,"reach_multiplier":1.3,"day_guard_threshold":0.39},"val_precision":0.7166666666666667,"val_recall":0.86,"val_f1":0.7818181818181817,"issued_at_utc":"2026-09-22 23:29:27.532956+00:00","valid_from_utc":"2026-09-22 23:29:27.532956+00:00","valid_to_utc":"2026-09-23 23:29:27.532956+00:00","wfigs_date_current_utc":"2026-09-22 23:12:19+00:00","wfigs_perimeter_date_utc":"2026-09-22 19:27:40+00:00","pixel_size_m":30,"veg_source":"refreshed_d4","physics_source":"eikonal_fbfm40","history_n_dates":1,"degraded_history":true,"containment_pct":75,"acres_wfigs":482.97616055755077,"perimeter_clipped":false,"observed_dates":1,"consecutive_quiet_perimeters":0,"consecutive_static_perimeters":0,"last_material_growth_date":null,"days_since_material_growth":null,"latest_growth_acres":null,"latest_growth_pct":null,"model_caveat":"24-hour q65 front-reach forecast trained on 79 historical GeoMAC fires. The strictly causal day guard FAILED the quiet-day acceptance envelope and that failure stands: on the 2026-09-07 live batch this runtime predicted exactly zero growth on 4 of 11 active fires, because reach is decoded only where the segment gate is open and the day guard holds the gate shut below its 0.39 threshold. A published zero is a guard decision, not a measurement that the fire will not move. The displayed hourly contours are constant-local-rate interpolation of a model trained on 24-hour endpoints; they are spatially validated but have no independently observed sub-daily timing labels. Detached spotting is not represented, and the seven-fire audit behind the validation numbers was not blind because those fires had been reviewed in prior experiments.","model_format":"XGBoost UBJ","deployment_status":"website_default","gate_model_checkpoint":null,"gate_threshold":0.25,"gate_open_segments":63,"gate_total_segments":63,"hotspot_gate_radius_px":16.0,"hotspot_gate_lookback_hours":8,"hotspot_gate_min_detections":5,"hotspot_gate_detections":0,"hotspot_gate_applied":false,"hotspot_gate_reason":"no thermal detections available","hotspot_anchor_applied":false,"hotspot_anchor_detections":0,"hotspot_anchor_segments":0,"hotspot_anchor_radius_px":16.0,"hotspot_anchor_min_outside_detections":3,"hotspot_anchor_lookback_hours":24,"hotspot_anchor_fallback_applied":true,"hotspot_anchor_raw_detections":0,"hotspot_previous_window_detections":0,"hotspot_dropout":false,"recent_growth_gate_applied":true,"recent_growth_gate_lag":"2d","recent_growth_gate_band_px":8.0,"recent_growth_gate_open":63,"recent_growth_gate_segments":63,"recent_growth_gate_reason":"no observed growth in the last 2d; caller should open all segments rather than publish a fire-wide zero","day_guard_model_checkpoint":"output/q65_79fires_day_guard_v1/q65_day_guard.ubj","day_guard_threshold":0.39,"day_growth_probability":0.6159945726394653,"day_guard_active":true,"predicted_regime":"significant_growth","selected_operator":"guarded_q65_reach","spatial_validation":{"1":{"monotone":true,"endpoint_exact":true,"source_components":1,"maximum_perimeter_components":1,"source_connected":true,"disconnected_pixels":0,"disconnected_steps":[],"valid":true},"5":{"monotone":true,"endpoint_exact":true,"source_components":1,"maximum_perimeter_components":1,"source_connected":true,"disconnected_pixels":0,"disconnected_steps":[],"valid":true}},"interval_hours_available":[1,5],"arrival_method":"constant_local_normal_rate_from_24h_q65_reach","arrival_is_interpolated":true,"lagged_hotspot_available":false,"progression_observed":false,"cold_start_hotspot_supported":false,"cold_start_forecast_enabled":true,"cold_start_fallback_applied":true,"cold_start_fallback_reason":"no causal perimeter growth history","forecast_no_call":false,"predicted_growth_pixels":3982,"predicted_growth_acres":885.58,"predicted_growth_pct":182.828,"predicted_growth_max_reach_px":20.809,"hour":15,"valid_at_utc":"2026-09-23T14:29:27.532956Z"}},{"type":"Feature","geometry":{"type":"Polygon","coordinates":[[[-99.76164,31.7495],[-99.76164,31.74923],[-99.76418,31.74923],[-99.76418,31.74896],[-99.76481,31.74896],[-99.76481,31.74869],[-99.76513,31.74869],[-99.76513,31.74842],[-99.76545,31.74842],[-99.76545,31.74869],[-99.76671,31.74842],[-99.76671,31.74815],[-99.76703,31.74815],[-99.76703,31.74761],[-99.76671,31.74761],[-99.76671,31.74734],[-99.7664,31.74734],[-99.7664,31.74707],[-99.76703,31.7468],[-99.76703,31.74653],[-99.76735,31.74653],[-99.76735,31.746],[-99.76766,31.746],[-99.76766,31.74573],[-99.76703,31.74573],[-99.76703,31.74546],[-99.76735,31.74546],[-99.76735,31.74492],[-99.7683,31.74492],[-99.7683,31.74465],[-99.76862,31.74465],[-99.76862,31.74438],[-99.76893,31.74438],[-99.76893,31.74411],[-99.76957,31.74411],[-99.76957,31.74384],[-99.7702,31.74357],[-99.7702,31.7433],[-99.77052,31.7433],[-99.77052,31.74303],[-99.77115,31.74276],[-99.77115,31.74222],[-99.77147,31.74222],[-99.77147,31.74168],[-99.77178,31.74168],[-99.77178,31.74034],[-99.77147,31.74034],[-99.77147,31.73953],[-99.77115,31.73953],[-99.77115,31.73926],[-99.77052,31.73926],[-99.77052,31.73899],[-99.7683,31.73899],[-99.7683,31.73926],[-99.76798,31.73926],[-99.76798,31.7398],[-99.76671,31.7398],[-99.76671,31.73953],[-99.76735,31.73953],[-99.76735,31.73872],[-99.76766,31.73872],[-99.76766,31.73845],[-99.76735,31.73845],[-99.76735,31.73818],[-99.76703,31.73818],[-99.76703,31.73791],[-99.76798,31.73791],[-99.76798,31.73872],[-99.76957,31.73872],[-99.76957,31.73845],[-99.7702,31.73845],[-99.7702,31.73818],[-99.77052,31.73818],[-99.77052,31.73845],[-99.77115,31.73872],[-99.77115,31.73899],[-99.77178,31.73899],[-99.77178,31.73872],[-99.7721,31.73872],[-99.7721,31.73818],[-99.77273,31.73818],[-99.77273,31.73845],[-99.77305,31.73845],[-99.77305,31.73818],[-99.77369,31.73791],[-99.77369,31.73737],[-99.774,31.73737],[-99.774,31.73629],[-99.77432,31.73629],[-99.77432,31.73522],[-99.77305,31.73522],[-99.77305,31.7336],[-99.77273,31.7336],[-99.77273,31.73387],[-99.77178,31.73387],[-99.77178,31.7336],[-99.77147,31.7336],[-99.77147,31.73306],[-99.77305,31.73306],[-99.77305,31.73225],[-99.77337,31.73225],[-99.77337,31.73063],[-99.77305,31.73063],[-99.77305,31.73037],[-99.77242,31.73037],[-99.77242,31.73063],[-99.77115,31.73063],[-99.77115,31.7301],[-99.77273,31.7301],[-99.77273,31.72902],[-99.7721,31.72902],[-99.7721,31.72794],[-99.77178,31.72794],[-99.77178,31.7274],[-99.77147,31.7274],[-99.77147,31.72767],[-99.77052,31.72767],[-99.77052,31.72713],[-99.7721,31.72713],[-99.7721,31.72551],[-99.77178,31.72551],[-99.77178,31.72498],[-99.77147,31.72498],[-99.77147,31.72471],[-99.77115,31.72471],[-99.77115,31.72444],[-99.77083,31.72444],[-99.77083,31.72417],[-99.7702,31.72417],[-99.7702,31.7239],[-99.76925,31.7239],[-99.76925,31.72417],[-99.76893,31.72417],[-99.76893,31.7239],[-99.76703,31.7239],[-99.76703,31.72417],[-99.76671,31.72417],[-99.76671,31.7239],[-99.76513,31.7239],[-99.76513,31.72417],[-99.7645,31.72417],[-99.7645,31.72444],[-99.76386,31.72444],[-99.76386,31.72471],[-99.76323,31.72471],[-99.76323,31.72498],[-99.76355,31.72498],[-99.76355,31.72524],[-99.76259,31.72524],[-99.76259,31.72605],[-99.76291,31.72605],[-99.76291,31.72632],[-99.76228,31.72632],[-99.76228,31.72471],[-99.76069,31.72471],[-99.76069,31.72498],[-99.76006,31.72498],[-99.76006,31.72524],[-99.75974,31.72524],[-99.75974,31.72551],[-99.75879,31.72551],[-99.75879,31.72578],[-99.75848,31.72578],[-99.75848,31.72605],[-99.75784,31.72632],[-99.75784,31.72686],[-99.75752,31.72686],[-99.75752,31.7274],[-99.75816,31.72767],[-99.75816,31.72821],[-99.75721,31.72821],[-99.75721,31.72848],[-99.75689,31.72848],[-99.75689,31.72929],[-99.75626,31.72956],[-99.75626,31.73063],[-99.75594,31.73063],[-99.75594,31.73198],[-99.75626,31.73198],[-99.75626,31.73225],[-99.75594,31.73225],[-99.75594,31.73306],[-99.75562,31.73306],[-99.75562,31.73387],[-99.75689,31.73387],[-99.75689,31.73441],[-99.75562,31.73441],[-99.75562,31.73549],[-99.75626,31.73549],[-99.75626,31.73602],[-99.75594,31.73602],[-99.75594,31.73656],[-99.75531,31.73629],[-99.75531,31.73602],[-99.75467,31.73602],[-99.75467,31.73629],[-99.75404,31.73656],[-99.75404,31.7371],[-99.75372,31.7371],[-99.75372,31.73791],[-99.75309,31.73791],[-99.75309,31.73845],[-99.75277,31.73845],[-99.75277,31.74115],[-99.75404,31.74115],[-99.75404,31.74168],[-99.75341,31.74168],[-99.75341,31.74141],[-99.75277,31.74141],[-99.75277,31.74168],[-99.75245,31.74168],[-99.75245,31.7433],[-99.75277,31.7433],[-99.75277,31.74384],[-99.75309,31.74384],[-99.75309,31.74411],[-99.75341,31.74411],[-99.75341,31.74384],[-99.75404,31.74384],[-99.75404,31.74465],[-99.75245,31.74465],[-99.75245,31.74546],[-99.75277,31.74546],[-99.75277,31.74627],[-99.75341,31.74653],[-99.75341,31.74707],[-99.75404,31.74707],[-99.75404,31.74734],[-99.75436,31.74734],[-99.75436,31.74761],[-99.75531,31.74761],[-99.75531,31.74788],[-99.75626,31.74788],[-99.75626,31.74707],[-99.75752,31.74734],[-99.75752,31.74761],[-99.75721,31.74761],[-99.75721,31.74815],[-99.75657,31.74842],[-99.75657,31.74869],[-99.75721,31.74896],[-99.75721,31.74923],[-99.75816,31.74923],[-99.75816,31.7495],[-99.76164,31.7495]],[[-99.76196,31.74869],[-99.76164,31.74869],[-99.76164,31.74788],[-99.76133,31.74788],[-99.76133,31.74734],[-99.76196,31.74734],[-99.76196,31.74869]],[[-99.75689,31.74653],[-99.75657,31.74653],[-99.75657,31.746],[-99.75721,31.746],[-99.75721,31.74627],[-99.75689,31.74627],[-99.75689,31.74653]],[[-99.76608,31.74357],[-99.76576,31.74357],[-99.76576,31.7433],[-99.76608,31.7433],[-99.76608,31.74357]],[[-99.75531,31.74357],[-99.75467,31.74357],[-99.75467,31.7433],[-99.75531,31.7433],[-99.75531,31.74357]],[[-99.76735,31.74249],[-99.76703,31.74249],[-99.76703,31.74222],[-99.76735,31.74222],[-99.76735,31.74249]],[[-99.76418,31.74061],[-99.76386,31.74061],[-99.76386,31.74034],[-99.76418,31.74034],[-99.76418,31.74061]],[[-99.7664,31.74034],[-99.76608,31.74034],[-99.76608,31.74007],[-99.76545,31.74007],[-99.76545,31.74034],[-99.76513,31.74034],[-99.76513,31.74007],[-99.76481,31.74007],[-99.76481,31.7398],[-99.76576,31.7398],[-99.76576,31.73926],[-99.76608,31.73926],[-99.76608,31.7398],[-99.7664,31.7398],[-99.7664,31.74034]],[[-99.75531,31.73845],[-99.75467,31.73845],[-99.75467,31.73818],[-99.75531,31.73818],[-99.75531,31.73845]],[[-99.76671,31.73791],[-99.7664,31.73791],[-99.7664,31.73764],[-99.76671,31.73764],[-99.76671,31.73791]],[[-99.75816,31.73252],[-99.75721,31.73252],[-99.75721,31.73225],[-99.75816,31.73225],[-99.75816,31.73252]],[[-99.76703,31.72605],[-99.76671,31.72605],[-99.76671,31.72551],[-99.76703,31.72551],[-99.76703,31.72605]]]},"properties":{"layer":"predicted_reach_h16","fire_name":"Seven","irwin_id":"{DBEB27C2-2C0B-4A81-B378-9BC264BE44C0}","model":"guarded_q65_79fires","model_checkpoint":"output/q65_79fires_causal_v1/q65_79fires.ubj","checkpoint_epoch":null,"decode":"guarded_q65_reach","operating_point":{"gate_threshold":0.25,"reach_multiplier":1.3,"day_guard_threshold":0.39},"val_precision":0.7166666666666667,"val_recall":0.86,"val_f1":0.7818181818181817,"issued_at_utc":"2026-09-22 23:29:27.532956+00:00","valid_from_utc":"2026-09-22 23:29:27.532956+00:00","valid_to_utc":"2026-09-23 23:29:27.532956+00:00","wfigs_date_current_utc":"2026-09-22 23:12:19+00:00","wfigs_perimeter_date_utc":"2026-09-22 19:27:40+00:00","pixel_size_m":30,"veg_source":"refreshed_d4","physics_source":"eikonal_fbfm40","history_n_dates":1,"degraded_history":true,"containment_pct":75,"acres_wfigs":482.97616055755077,"perimeter_clipped":false,"observed_dates":1,"consecutive_quiet_perimeters":0,"consecutive_static_perimeters":0,"last_material_growth_date":null,"days_since_material_growth":null,"latest_growth_acres":null,"latest_growth_pct":null,"model_caveat":"24-hour q65 front-reach forecast trained on 79 historical GeoMAC fires. The strictly causal day guard FAILED the quiet-day acceptance envelope and that failure stands: on the 2026-09-07 live batch this runtime predicted exactly zero growth on 4 of 11 active fires, because reach is decoded only where the segment gate is open and the day guard holds the gate shut below its 0.39 threshold. A published zero is a guard decision, not a measurement that the fire will not move. The displayed hourly contours are constant-local-rate interpolation of a model trained on 24-hour endpoints; they are spatially validated but have no independently observed sub-daily timing labels. Detached spotting is not represented, and the seven-fire audit behind the validation numbers was not blind because those fires had been reviewed in prior experiments.","model_format":"XGBoost UBJ","deployment_status":"website_default","gate_model_checkpoint":null,"gate_threshold":0.25,"gate_open_segments":63,"gate_total_segments":63,"hotspot_gate_radius_px":16.0,"hotspot_gate_lookback_hours":8,"hotspot_gate_min_detections":5,"hotspot_gate_detections":0,"hotspot_gate_applied":false,"hotspot_gate_reason":"no thermal detections available","hotspot_anchor_applied":false,"hotspot_anchor_detections":0,"hotspot_anchor_segments":0,"hotspot_anchor_radius_px":16.0,"hotspot_anchor_min_outside_detections":3,"hotspot_anchor_lookback_hours":24,"hotspot_anchor_fallback_applied":true,"hotspot_anchor_raw_detections":0,"hotspot_previous_window_detections":0,"hotspot_dropout":false,"recent_growth_gate_applied":true,"recent_growth_gate_lag":"2d","recent_growth_gate_band_px":8.0,"recent_growth_gate_open":63,"recent_growth_gate_segments":63,"recent_growth_gate_reason":"no observed growth in the last 2d; caller should open all segments rather than publish a fire-wide zero","day_guard_model_checkpoint":"output/q65_79fires_day_guard_v1/q65_day_guard.ubj","day_guard_threshold":0.39,"day_growth_probability":0.6159945726394653,"day_guard_active":true,"predicted_regime":"significant_growth","selected_operator":"guarded_q65_reach","spatial_validation":{"1":{"monotone":true,"endpoint_exact":true,"source_components":1,"maximum_perimeter_components":1,"source_connected":true,"disconnected_pixels":0,"disconnected_steps":[],"valid":true},"5":{"monotone":true,"endpoint_exact":true,"source_components":1,"maximum_perimeter_components":1,"source_connected":true,"disconnected_pixels":0,"disconnected_steps":[],"valid":true}},"interval_hours_available":[1,5],"arrival_method":"constant_local_normal_rate_from_24h_q65_reach","arrival_is_interpolated":true,"lagged_hotspot_available":false,"progression_observed":false,"cold_start_hotspot_supported":false,"cold_start_forecast_enabled":true,"cold_start_fallback_applied":true,"cold_start_fallback_reason":"no causal perimeter growth history","forecast_no_call":false,"predicted_growth_pixels":3982,"predicted_growth_acres":885.58,"predicted_growth_pct":182.828,"predicted_growth_max_reach_px":20.809,"hour":16,"valid_at_utc":"2026-09-23T15:29:27.532956Z"}},{"type":"Feature","geometry":{"type":"Polygon","coordinates":[[[-99.76164,31.74977],[-99.76164,31.7495],[-99.76418,31.7495],[-99.76418,31.74923],[-99.76481,31.74923],[-99.76481,31.74896],[-99.76513,31.74896],[-99.76513,31.74869],[-99.76576,31.74869],[-99.76576,31.74896],[-99.76608,31.74896],[-99.76608,31.74869],[-99.76671,31.74869],[-99.76671,31.74842],[-99.76735,31.74815],[-99.76735,31.74788],[-99.76703,31.74788],[-99.76703,31.74761],[-99.76671,31.74761],[-99.76671,31.74707],[-99.76703,31.74707],[-99.76703,31.7468],[-99.76735,31.7468],[-99.76735,31.74653],[-99.76766,31.74653],[-99.76766,31.74573],[-99.76703,31.74573],[-99.76703,31.74546],[-99.76766,31.74519],[-99.76766,31.74492],[-99.76862,31.74492],[-99.76862,31.74465],[-99.76893,31.74465],[-99.76893,31.74411],[-99.76988,31.74411],[-99.76988,31.74384],[-99.7702,31.74384],[-99.7702,31.74357],[-99.77052,31.74357],[-99.77052,31.7433],[-99.77083,31.7433],[-99.77083,31.74303],[-99.77147,31.74276],[-99.77147,31.74222],[-99.77178,31.74222],[-99.77178,31.7398],[-99.77147,31.7398],[-99.77147,31.73926],[-99.7721,31.73899],[-99.7721,31.73872],[-99.77242,31.73872],[-99.77242,31.73818],[-99.77273,31.73818],[-99.77273,31.73845],[-99.77337,31.73845],[-99.77337,31.73818],[-99.77369,31.73818],[-99.77369,31.73791],[-99.774,31.73791],[-99.774,31.73737],[-99.77432,31.73737],[-99.77432,31.73522],[-99.77337,31.73522],[-99.77337,31.73387],[-99.77305,31.73387],[-99.77305,31.7336],[-99.77273,31.7336],[-99.77273,31.73387],[-99.77178,31.73387],[-99.77178,31.73306],[-99.77337,31.73306],[-99.77337,31.73252],[-99.77305,31.73252],[-99.77305,31.73225],[-99.77369,31.73225],[-99.77369,31.7309],[-99.77337,31.7309],[-99.77337,31.73037],[-99.77147,31.73063],[-99.77147,31.7301],[-99.77305,31.7301],[-99.77305,31.72902],[-99.7721,31.72902],[-99.7721,31.72875],[-99.77242,31.72875],[-99.77242,31.72848],[-99.7721,31.72848],[-99.7721,31.7274],[-99.77147,31.7274],[-99.77147,31.72767],[-99.77052,31.72767],[-99.77052,31.72713],[-99.77242,31.72713],[-99.77242,31.72578],[-99.7721,31.72578],[-99.7721,31.72524],[-99.77178,31.72524],[-99.77178,31.72471],[-99.77147,31.72471],[-99.77147,31.72444],[-99.77115,31.72444],[-99.77115,31.72417],[-99.77052,31.72417],[-99.77052,31.7239],[-99.76988,31.7239],[-99.76988,31.72363],[-99.76925,31.72363],[-99.76925,31.7239],[-99.76862,31.7239],[-99.76862,31.72363],[-99.76703,31.72363],[-99.76703,31.7239],[-99.7645,31.7239],[-99.7645,31.72417],[-99.76418,31.72417],[-99.76418,31.72444],[-99.76355,31.72444],[-99.76355,31.72471],[-99.76323,31.72471],[-99.76323,31.72498],[-99.76291,31.72498],[-99.76291,31.72524],[-99.76259,31.72524],[-99.76259,31.72605],[-99.76228,31.72605],[-99.76228,31.72444],[-99.76101,31.72444],[-99.76101,31.72471],[-99.76006,31.72471],[-99.76006,31.72498],[-99.75943,31.72524],[-99.75943,31.72551],[-99.75848,31.72551],[-99.75848,31.72578],[-99.75816,31.72578],[-99.75816,31.72605],[-99.75784,31.72605],[-99.75784,31.72659],[-99.75752,31.72659],[-99.75752,31.72713],[-99.75721,31.72713],[-99.75721,31.7274],[-99.75784,31.7274],[-99.75784,31.72767],[-99.75816,31.72767],[-99.75816,31.72794],[-99.75784,31.72794],[-99.75784,31.72821],[-99.75689,31.72821],[-99.75689,31.72875],[-99.75657,31.72875],[-99.75657,31.72956],[-99.75594,31.72983],[-99.75594,31.7309],[-99.75562,31.7309],[-99.75562,31.73198],[-99.75594,31.73198],[-99.75594,31.73252],[-99.75562,31.73252],[-99.75562,31.73387],[-99.75657,31.73387],[-99.75657,31.73441],[-99.75594,31.73441],[-99.75594,31.73414],[-99.75562,31.73414],[-99.75562,31.73468],[-99.75531,31.73468],[-99.75531,31.73549],[-99.75626,31.73549],[-99.75626,31.73576],[-99.75594,31.73576],[-99.75594,31.73629],[-99.75531,31.73629],[-99.75531,31.73602],[-99.75436,31.73602],[-99.75436,31.73629],[-99.75372,31.73656],[-99.75372,31.73737],[-99.75309,31.73764],[-99.75309,31.73791],[-99.75277,31.73791],[-99.75277,31.73845],[-99.75245,31.73845],[-99.75245,31.73953],[-99.75277,31.73953],[-99.75277,31.7398],[-99.75245,31.7398],[-99.75245,31.74115],[-99.75404,31.74115],[-99.75404,31.74168],[-99.75341,31.74168],[-99.75341,31.74141],[-99.75245,31.74141],[-99.75245,31.74222],[-99.75214,31.74222],[-99.75214,31.74276],[-99.75245,31.74276],[-99.75245,31.74384],[-99.75277,31.74384],[-99.75277,31.74411],[-99.75341,31.74411],[-99.75341,31.74384],[-99.75372,31.74384],[-99.75372,31.74438],[-99.75404,31.74438],[-99.75404,31.74465],[-99.75245,31.74465],[-99.75245,31.746],[-99.75277,31.746],[-99.75277,31.74653],[-99.75341,31.7468],[-99.75341,31.74707],[-99.75404,31.74734],[-99.75404,31.74761],[-99.75467,31.74761],[-99.75467,31.74788],[-99.75626,31.74788],[-99.75626,31.74707],[-99.75657,31.74707],[-99.75657,31.74734],[-99.75689,31.74734],[-99.75689,31.74761],[-99.75721,31.74761],[-99.75721,31.74815],[-99.75657,31.74842],[-99.75657,31.74896],[-99.75721,31.74923],[-99.75721,31.7495],[-99.75816,31.7495],[-99.75816,31.74977],[-99.75848,31.74977],[-99.75848,31.7495],[-99.75911,31.7495],[-99.75911,31.74977],[-99.76164,31.74977]],[[-99.76196,31.74869],[-99.76164,31.74869],[-99.76164,31.74788],[-99.76133,31.74788],[-99.76133,31.74761],[-99.76196,31.74761],[-99.76196,31.74869]],[[-99.75689,31.74653],[-99.75657,31.74653],[-99.75657,31.746],[-99.75721,31.746],[-99.75721,31.74627],[-99.75689,31.74627],[-99.75689,31.74653]],[[-99.76608,31.74357],[-99.76576,31.74357],[-99.76576,31.7433],[-99.76608,31.7433],[-99.76608,31.74357]],[[-99.75531,31.74357],[-99.75467,31.74357],[-99.75467,31.7433],[-99.75531,31.7433],[-99.75531,31.74357]],[[-99.76735,31.74249],[-99.76703,31.74249],[-99.76703,31.74222],[-99.76735,31.74222],[-99.76735,31.74249]],[[-99.76418,31.74061],[-99.76386,31.74061],[-99.76386,31.74034],[-99.76418,31.74034],[-99.76418,31.74061]],[[-99.76545,31.74034],[-99.76513,31.74034],[-99.76513,31.74007],[-99.76545,31.74007],[-99.76545,31.74034]],[[-99.7664,31.74007],[-99.76545,31.74007],[-99.76545,31.7398],[-99.76608,31.73953],[-99.76608,31.7398],[-99.7664,31.7398],[-99.7664,31.74007]],[[-99.76513,31.74007],[-99.76481,31.74007],[-99.76481,31.7398],[-99.76513,31.7398],[-99.76513,31.74007]],[[-99.76798,31.7398],[-99.76735,31.73953],[-99.76735,31.73926],[-99.76766,31.73926],[-99.76766,31.73818],[-99.76798,31.73818],[-99.76798,31.73872],[-99.7683,31.73872],[-99.7683,31.73926],[-99.76798,31.73926],[-99.76798,31.7398]],[[-99.77147,31.73926],[-99.77052,31.73926],[-99.77052,31.73899],[-99.76893,31.73899],[-99.76893,31.73872],[-99.76988,31.73872],[-99.76988,31.73845],[-99.77052,31.73818],[-99.77052,31.73845],[-99.77083,31.73845],[-99.77083,31.73872],[-99.77115,31.73872],[-99.77115,31.73899],[-99.77147,31.73899],[-99.77147,31.73926]],[[-99.75531,31.73845],[-99.75467,31.73845],[-99.75467,31.73818],[-99.75531,31.73818],[-99.75531,31.73845]],[[-99.76735,31.73818],[-99.76703,31.73818],[-99.76703,31.73791],[-99.76735,31.73791],[-99.76735,31.73818]],[[-99.76671,31.73791],[-99.7664,31.73791],[-99.7664,31.73764],[-99.76671,31.73764],[-99.76671,31.73791]],[[-99.75784,31.73252],[-99.75721,31.73252],[-99.75721,31.73225],[-99.75784,31.73225],[-99.75784,31.73252]],[[-99.76703,31.72605],[-99.76671,31.72605],[-99.76671,31.72551],[-99.76703,31.72551],[-99.76703,31.72605]]]},"properties":{"layer":"predicted_reach_h17","fire_name":"Seven","irwin_id":"{DBEB27C2-2C0B-4A81-B378-9BC264BE44C0}","model":"guarded_q65_79fires","model_checkpoint":"output/q65_79fires_causal_v1/q65_79fires.ubj","checkpoint_epoch":null,"decode":"guarded_q65_reach","operating_point":{"gate_threshold":0.25,"reach_multiplier":1.3,"day_guard_threshold":0.39},"val_precision":0.7166666666666667,"val_recall":0.86,"val_f1":0.7818181818181817,"issued_at_utc":"2026-09-22 23:29:27.532956+00:00","valid_from_utc":"2026-09-22 23:29:27.532956+00:00","valid_to_utc":"2026-09-23 23:29:27.532956+00:00","wfigs_date_current_utc":"2026-09-22 23:12:19+00:00","wfigs_perimeter_date_utc":"2026-09-22 19:27:40+00:00","pixel_size_m":30,"veg_source":"refreshed_d4","physics_source":"eikonal_fbfm40","history_n_dates":1,"degraded_history":true,"containment_pct":75,"acres_wfigs":482.97616055755077,"perimeter_clipped":false,"observed_dates":1,"consecutive_quiet_perimeters":0,"consecutive_static_perimeters":0,"last_material_growth_date":null,"days_since_material_growth":null,"latest_growth_acres":null,"latest_growth_pct":null,"model_caveat":"24-hour q65 front-reach forecast trained on 79 historical GeoMAC fires. The strictly causal day guard FAILED the quiet-day acceptance envelope and that failure stands: on the 2026-09-07 live batch this runtime predicted exactly zero growth on 4 of 11 active fires, because reach is decoded only where the segment gate is open and the day guard holds the gate shut below its 0.39 threshold. A published zero is a guard decision, not a measurement that the fire will not move. The displayed hourly contours are constant-local-rate interpolation of a model trained on 24-hour endpoints; they are spatially validated but have no independently observed sub-daily timing labels. Detached spotting is not represented, and the seven-fire audit behind the validation numbers was not blind because those fires had been reviewed in prior experiments.","model_format":"XGBoost UBJ","deployment_status":"website_default","gate_model_checkpoint":null,"gate_threshold":0.25,"gate_open_segments":63,"gate_total_segments":63,"hotspot_gate_radius_px":16.0,"hotspot_gate_lookback_hours":8,"hotspot_gate_min_detections":5,"hotspot_gate_detections":0,"hotspot_gate_applied":false,"hotspot_gate_reason":"no thermal detections available","hotspot_anchor_applied":false,"hotspot_anchor_detections":0,"hotspot_anchor_segments":0,"hotspot_anchor_radius_px":16.0,"hotspot_anchor_min_outside_detections":3,"hotspot_anchor_lookback_hours":24,"hotspot_anchor_fallback_applied":true,"hotspot_anchor_raw_detections":0,"hotspot_previous_window_detections":0,"hotspot_dropout":false,"recent_growth_gate_applied":true,"recent_growth_gate_lag":"2d","recent_growth_gate_band_px":8.0,"recent_growth_gate_open":63,"recent_growth_gate_segments":63,"recent_growth_gate_reason":"no observed growth in the last 2d; caller should open all segments rather than publish a fire-wide zero","day_guard_model_checkpoint":"output/q65_79fires_day_guard_v1/q65_day_guard.ubj","day_guard_threshold":0.39,"day_growth_probability":0.6159945726394653,"day_guard_active":true,"predicted_regime":"significant_growth","selected_operator":"guarded_q65_reach","spatial_validation":{"1":{"monotone":true,"endpoint_exact":true,"source_components":1,"maximum_perimeter_components":1,"source_connected":true,"disconnected_pixels":0,"disconnected_steps":[],"valid":true},"5":{"monotone":true,"endpoint_exact":true,"source_components":1,"maximum_perimeter_components":1,"source_connected":true,"disconnected_pixels":0,"disconnected_steps":[],"valid":true}},"interval_hours_available":[1,5],"arrival_method":"constant_local_normal_rate_from_24h_q65_reach","arrival_is_interpolated":true,"lagged_hotspot_available":false,"progression_observed":false,"cold_start_hotspot_supported":false,"cold_start_forecast_enabled":true,"cold_start_fallback_applied":true,"cold_start_fallback_reason":"no causal perimeter growth history","forecast_no_call":false,"predicted_growth_pixels":3982,"predicted_growth_acres":885.58,"predicted_growth_pct":182.828,"predicted_growth_max_reach_px":20.809,"hour":17,"valid_at_utc":"2026-09-23T16:29:27.532956Z"}},{"type":"Feature","geometry":{"type":"Polygon","coordinates":[[[-99.76133,31.75004],[-99.76133,31.74977],[-99.76386,31.74977],[-99.76386,31.7495],[-99.76481,31.7495],[-99.76481,31.74923],[-99.76513,31.74923],[-99.76513,31.74896],[-99.76576,31.74896],[-99.76576,31.74923],[-99.76608,31.74923],[-99.76608,31.74896],[-99.76671,31.74896],[-99.76671,31.74869],[-99.76735,31.74842],[-99.76735,31.74788],[-99.76671,31.74761],[-99.76671,31.74734],[-99.76703,31.74734],[-99.76703,31.74707],[-99.76735,31.74707],[-99.76735,31.7468],[-99.76766,31.7468],[-99.76766,31.74627],[-99.76798,31.74627],[-99.76798,31.746],[-99.76735,31.74573],[-99.76735,31.74546],[-99.76766,31.74546],[-99.76766,31.74492],[-99.7683,31.74492],[-99.7683,31.74519],[-99.76862,31.74519],[-99.76862,31.74492],[-99.76925,31.74465],[-99.76925,31.74438],[-99.76988,31.74438],[-99.76988,31.74411],[-99.77052,31.74384],[-99.77052,31.7433],[-99.77115,31.7433],[-99.77115,31.74303],[-99.77147,31.74303],[-99.77147,31.74249],[-99.77178,31.74249],[-99.77178,31.74195],[-99.7721,31.74195],[-99.7721,31.74007],[-99.77178,31.74007],[-99.77178,31.73926],[-99.77242,31.73899],[-99.77242,31.73872],[-99.77273,31.73872],[-99.77273,31.73845],[-99.77337,31.73872],[-99.77337,31.73845],[-99.77369,31.73845],[-99.77369,31.73818],[-99.77432,31.73791],[-99.77432,31.7371],[-99.77464,31.7371],[-99.77464,31.73522],[-99.77369,31.73522],[-99.77369,31.73414],[-99.77337,31.73414],[-99.77337,31.7336],[-99.77273,31.7336],[-99.77273,31.73387],[-99.77178,31.73387],[-99.77178,31.73306],[-99.77337,31.73306],[-99.77337,31.73225],[-99.774,31.73198],[-99.774,31.73144],[-99.77369,31.73144],[-99.77369,31.73037],[-99.77242,31.73037],[-99.77242,31.73063],[-99.77147,31.73063],[-99.77147,31.7301],[-99.77337,31.7301],[-99.77337,31.72929],[-99.77305,31.72929],[-99.77305,31.72902],[-99.77242,31.72902],[-99.77242,31.72767],[-99.7721,31.72767],[-99.7721,31.7274],[-99.77147,31.7274],[-99.77147,31.72767],[-99.77052,31.72767],[-99.77052,31.72713],[-99.77242,31.72713],[-99.77242,31.72524],[-99.77178,31.72498],[-99.77178,31.72444],[-99.77147,31.72444],[-99.77147,31.72417],[-99.77083,31.72417],[-99.77083,31.7239],[-99.77052,31.7239],[-99.77052,31.72363],[-99.76481,31.72363],[-99.76481,31.7239],[-99.76418,31.7239],[-99.76418,31.72417],[-99.76386,31.72417],[-99.76386,31.72444],[-99.76323,31.72444],[-99.76323,31.72498],[-99.76259,31.72498],[-99.76259,31.72605],[-99.76228,31.72605],[-99.76228,31.72444],[-99.76038,31.72444],[-99.76038,31.72471],[-99.75974,31.72471],[-99.75974,31.72498],[-99.75943,31.72498],[-99.75943,31.72524],[-99.75816,31.72551],[-99.75816,31.72578],[-99.75784,31.72578],[-99.75784,31.72605],[-99.75752,31.72605],[-99.75752,31.72659],[-99.75721,31.72659],[-99.75721,31.7274],[-99.75784,31.7274],[-99.75784,31.72821],[-99.75721,31.72821],[-99.75721,31.72794],[-99.75689,31.72794],[-99.75689,31.72848],[-99.75657,31.72848],[-99.75657,31.72902],[-99.75626,31.72902],[-99.75626,31.72956],[-99.75594,31.72956],[-99.75594,31.7301],[-99.75562,31.7301],[-99.75562,31.73117],[-99.75531,31.73117],[-99.75531,31.73198],[-99.75594,31.73198],[-99.75594,31.73225],[-99.75562,31.73225],[-99.75562,31.73279],[-99.75531,31.73279],[-99.75531,31.7336],[-99.75562,31.7336],[-99.75562,31.73387],[-99.75657,31.73387],[-99.75657,31.73441],[-99.75531,31.73414],[-99.75531,31.73549],[-99.75594,31.73549],[-99.75594,31.73629],[-99.75531,31.73629],[-99.75531,31.73602],[-99.75467,31.73602],[-99.75467,31.73576],[-99.75436,31.73576],[-99.75436,31.73602],[-99.75372,31.73629],[-99.75372,31.73683],[-99.75341,31.73683],[-99.75341,31.73764],[-99.75277,31.73764],[-99.75277,31.73818],[-99.75245,31.73818],[-99.75245,31.73899],[-99.75214,31.73899],[-99.75214,31.73953],[-99.75245,31.73953],[-99.75245,31.74115],[-99.75372,31.74115],[-99.75372,31.74168],[-99.75341,31.74168],[-99.75341,31.74141],[-99.75245,31.74141],[-99.75245,31.74168],[-99.75214,31.74168],[-99.75214,31.74357],[-99.75245,31.74357],[-99.75245,31.74411],[-99.75341,31.74411],[-99.75341,31.74384],[-99.75372,31.74384],[-99.75372,31.74465],[-99.75245,31.74465],[-99.75245,31.74492],[-99.75214,31.74492],[-99.75214,31.74573],[-99.75245,31.74573],[-99.75245,31.74653],[-99.75309,31.7468],[-99.75309,31.74707],[-99.75341,31.74707],[-99.75341,31.74734],[-99.75404,31.74761],[-99.75404,31.74788],[-99.75467,31.74788],[-99.75467,31.74815],[-99.75594,31.74815],[-99.75594,31.74788],[-99.75626,31.74788],[-99.75626,31.74734],[-99.75689,31.74734],[-99.75689,31.74761],[-99.75721,31.74761],[-99.75721,31.74815],[-99.75657,31.74842],[-99.75657,31.74896],[-99.75626,31.74896],[-99.75626,31.74923],[-99.75752,31.7495],[-99.75752,31.74977],[-99.76133,31.75004]],[[-99.76196,31.74869],[-99.76164,31.74869],[-99.76164,31.74788],[-99.76133,31.74788],[-99.76133,31.74761],[-99.76196,31.74761],[-99.76196,31.74869]],[[-99.75689,31.74653],[-99.75657,31.74653],[-99.75657,31.746],[-99.75721,31.746],[-99.75721,31.74627],[-99.75689,31.74627],[-99.75689,31.74653]],[[-99.76608,31.74357],[-99.76576,31.74357],[-99.76576,31.7433],[-99.76608,31.7433],[-99.76608,31.74357]],[[-99.75531,31.74357],[-99.75467,31.74357],[-99.75467,31.7433],[-99.75531,31.7433],[-99.75531,31.74357]],[[-99.76735,31.74249],[-99.76703,31.74249],[-99.76703,31.74222],[-99.76735,31.74222],[-99.76735,31.74249]],[[-99.76418,31.74061],[-99.76386,31.74061],[-99.76386,31.74034],[-99.76418,31.74034],[-99.76418,31.74061]],[[-99.76545,31.74034],[-99.76513,31.74034],[-99.76513,31.74007],[-99.76545,31.74007],[-99.76545,31.74034]],[[-99.7664,31.74007],[-99.76545,31.74007],[-99.76545,31.7398],[-99.76608,31.73953],[-99.76608,31.7398],[-99.7664,31.7398],[-99.7664,31.74007]],[[-99.76513,31.74007],[-99.76481,31.74007],[-99.76481,31.7398],[-99.76513,31.7398],[-99.76513,31.74007]],[[-99.76798,31.7398],[-99.76735,31.73953],[-99.76735,31.73926],[-99.76766,31.73926],[-99.76766,31.73818],[-99.76798,31.73818],[-99.76798,31.73872],[-99.7683,31.73872],[-99.7683,31.73926],[-99.76798,31.73926],[-99.76798,31.7398]],[[-99.77147,31.73926],[-99.77052,31.73926],[-99.77052,31.73899],[-99.76957,31.73899],[-99.76957,31.73872],[-99.77083,31.73845],[-99.77083,31.73872],[-99.77115,31.73872],[-99.77115,31.73899],[-99.77147,31.73899],[-99.77147,31.73926]],[[-99.75531,31.73845],[-99.75467,31.73845],[-99.75467,31.73818],[-99.75531,31.73818],[-99.75531,31.73845]],[[-99.76735,31.73818],[-99.76703,31.73818],[-99.76703,31.73791],[-99.76735,31.73791],[-99.76735,31.73818]],[[-99.76671,31.73791],[-99.7664,31.73791],[-99.7664,31.73764],[-99.76671,31.73764],[-99.76671,31.73791]],[[-99.75784,31.73252],[-99.75721,31.73252],[-99.75721,31.73225],[-99.75784,31.73225],[-99.75784,31.73252]],[[-99.76703,31.72605],[-99.76671,31.72605],[-99.76671,31.72551],[-99.76703,31.72551],[-99.76703,31.72605]]]},"properties":{"layer":"predicted_reach_h18","fire_name":"Seven","irwin_id":"{DBEB27C2-2C0B-4A81-B378-9BC264BE44C0}","model":"guarded_q65_79fires","model_checkpoint":"output/q65_79fires_causal_v1/q65_79fires.ubj","checkpoint_epoch":null,"decode":"guarded_q65_reach","operating_point":{"gate_threshold":0.25,"reach_multiplier":1.3,"day_guard_threshold":0.39},"val_precision":0.7166666666666667,"val_recall":0.86,"val_f1":0.7818181818181817,"issued_at_utc":"2026-09-22 23:29:27.532956+00:00","valid_from_utc":"2026-09-22 23:29:27.532956+00:00","valid_to_utc":"2026-09-23 23:29:27.532956+00:00","wfigs_date_current_utc":"2026-09-22 23:12:19+00:00","wfigs_perimeter_date_utc":"2026-09-22 19:27:40+00:00","pixel_size_m":30,"veg_source":"refreshed_d4","physics_source":"eikonal_fbfm40","history_n_dates":1,"degraded_history":true,"containment_pct":75,"acres_wfigs":482.97616055755077,"perimeter_clipped":false,"observed_dates":1,"consecutive_quiet_perimeters":0,"consecutive_static_perimeters":0,"last_material_growth_date":null,"days_since_material_growth":null,"latest_growth_acres":null,"latest_growth_pct":null,"model_caveat":"24-hour q65 front-reach forecast trained on 79 historical GeoMAC fires. The strictly causal day guard FAILED the quiet-day acceptance envelope and that failure stands: on the 2026-09-07 live batch this runtime predicted exactly zero growth on 4 of 11 active fires, because reach is decoded only where the segment gate is open and the day guard holds the gate shut below its 0.39 threshold. A published zero is a guard decision, not a measurement that the fire will not move. The displayed hourly contours are constant-local-rate interpolation of a model trained on 24-hour endpoints; they are spatially validated but have no independently observed sub-daily timing labels. Detached spotting is not represented, and the seven-fire audit behind the validation numbers was not blind because those fires had been reviewed in prior experiments.","model_format":"XGBoost UBJ","deployment_status":"website_default","gate_model_checkpoint":null,"gate_threshold":0.25,"gate_open_segments":63,"gate_total_segments":63,"hotspot_gate_radius_px":16.0,"hotspot_gate_lookback_hours":8,"hotspot_gate_min_detections":5,"hotspot_gate_detections":0,"hotspot_gate_applied":false,"hotspot_gate_reason":"no thermal detections available","hotspot_anchor_applied":false,"hotspot_anchor_detections":0,"hotspot_anchor_segments":0,"hotspot_anchor_radius_px":16.0,"hotspot_anchor_min_outside_detections":3,"hotspot_anchor_lookback_hours":24,"hotspot_anchor_fallback_applied":true,"hotspot_anchor_raw_detections":0,"hotspot_previous_window_detections":0,"hotspot_dropout":false,"recent_growth_gate_applied":true,"recent_growth_gate_lag":"2d","recent_growth_gate_band_px":8.0,"recent_growth_gate_open":63,"recent_growth_gate_segments":63,"recent_growth_gate_reason":"no observed growth in the last 2d; caller should open all segments rather than publish a fire-wide zero","day_guard_model_checkpoint":"output/q65_79fires_day_guard_v1/q65_day_guard.ubj","day_guard_threshold":0.39,"day_growth_probability":0.6159945726394653,"day_guard_active":true,"predicted_regime":"significant_growth","selected_operator":"guarded_q65_reach","spatial_validation":{"1":{"monotone":true,"endpoint_exact":true,"source_components":1,"maximum_perimeter_components":1,"source_connected":true,"disconnected_pixels":0,"disconnected_steps":[],"valid":true},"5":{"monotone":true,"endpoint_exact":true,"source_components":1,"maximum_perimeter_components":1,"source_connected":true,"disconnected_pixels":0,"disconnected_steps":[],"valid":true}},"interval_hours_available":[1,5],"arrival_method":"constant_local_normal_rate_from_24h_q65_reach","arrival_is_interpolated":true,"lagged_hotspot_available":false,"progression_observed":false,"cold_start_hotspot_supported":false,"cold_start_forecast_enabled":true,"cold_start_fallback_applied":true,"cold_start_fallback_reason":"no causal perimeter growth history","forecast_no_call":false,"predicted_growth_pixels":3982,"predicted_growth_acres":885.58,"predicted_growth_pct":182.828,"predicted_growth_max_reach_px":20.809,"hour":18,"valid_at_utc":"2026-09-23T17:29:27.532956Z"}},{"type":"Feature","geometry":{"type":"Polygon","coordinates":[[[-99.76101,31.75031],[-99.76101,31.75004],[-99.76355,31.75004],[-99.76355,31.74977],[-99.7645,31.74977],[-99.7645,31.7495],[-99.76513,31.7495],[-99.76513,31.74923],[-99.76671,31.74923],[-99.76671,31.74896],[-99.76703,31.74896],[-99.76703,31.74869],[-99.76735,31.74869],[-99.76735,31.74842],[-99.76766,31.74842],[-99.76766,31.74815],[-99.76703,31.74788],[-99.76703,31.74734],[-99.76766,31.74707],[-99.76766,31.74653],[-99.76798,31.74653],[-99.76798,31.746],[-99.76766,31.746],[-99.76766,31.74519],[-99.76798,31.74519],[-99.76798,31.74492],[-99.7683,31.74492],[-99.7683,31.74519],[-99.76893,31.74519],[-99.76893,31.74492],[-99.76925,31.74492],[-99.76925,31.74438],[-99.7702,31.74438],[-99.7702,31.74411],[-99.77052,31.74411],[-99.77052,31.74384],[-99.77083,31.74384],[-99.77083,31.74357],[-99.77115,31.74357],[-99.77115,31.7433],[-99.77178,31.74303],[-99.77178,31.74249],[-99.7721,31.74249],[-99.7721,31.74168],[-99.77242,31.74168],[-99.77242,31.74034],[-99.7721,31.74034],[-99.7721,31.73953],[-99.77178,31.73953],[-99.77178,31.73926],[-99.77242,31.73926],[-99.77242,31.73899],[-99.77273,31.73899],[-99.77273,31.73845],[-99.77305,31.73845],[-99.77305,31.73872],[-99.774,31.73872],[-99.774,31.73818],[-99.77464,31.73791],[-99.77464,31.7371],[-99.77495,31.7371],[-99.77495,31.73522],[-99.77369,31.73522],[-99.77369,31.7336],[-99.77273,31.7336],[-99.77273,31.73387],[-99.7721,31.73387],[-99.7721,31.73333],[-99.77178,31.73333],[-99.77178,31.73306],[-99.77369,31.73306],[-99.77369,31.73225],[-99.774,31.73225],[-99.774,31.73037],[-99.77337,31.7301],[-99.77337,31.72902],[-99.77273,31.72902],[-99.77273,31.72821],[-99.77242,31.72821],[-99.77242,31.7274],[-99.77147,31.7274],[-99.77147,31.72767],[-99.77083,31.72767],[-99.77083,31.72713],[-99.77273,31.72713],[-99.77273,31.72551],[-99.77242,31.72551],[-99.77242,31.72498],[-99.77178,31.72471],[-99.77178,31.72417],[-99.77147,31.72417],[-99.77147,31.7239],[-99.77083,31.7239],[-99.77083,31.72363],[-99.7702,31.72363],[-99.7702,31.72336],[-99.76957,31.72336],[-99.76957,31.72363],[-99.76893,31.72363],[-99.76893,31.72336],[-99.76703,31.72336],[-99.76703,31.72363],[-99.7664,31.72363],[-99.7664,31.72336],[-99.76545,31.72336],[-99.76545,31.72363],[-99.7645,31.72363],[-99.7645,31.7239],[-99.76418,31.7239],[-99.76418,31.72417],[-99.76323,31.72417],[-99.76323,31.72471],[-99.76291,31.72471],[-99.76291,31.72498],[-99.76228,31.72498],[-99.76228,31.72444],[-99.76196,31.72444],[-99.76196,31.72417],[-99.76069,31.72417],[-99.76069,31.72444],[-99.75943,31.72471],[-99.75943,31.72498],[-99.75911,31.72498],[-99.75911,31.72524],[-99.75816,31.72524],[-99.75816,31.72551],[-99.75784,31.72551],[-99.75784,31.72578],[-99.75752,31.72578],[-99.75752,31.72632],[-99.75721,31.72632],[-99.75721,31.72686],[-99.75689,31.72686],[-99.75689,31.7274],[-99.75784,31.7274],[-99.75784,31.72794],[-99.75752,31.72794],[-99.75752,31.72821],[-99.75689,31.72794],[-99.75689,31.72821],[-99.75657,31.72821],[-99.75657,31.72848],[-99.75626,31.72848],[-99.75626,31.72956],[-99.75562,31.72956],[-99.75562,31.73063],[-99.75531,31.73063],[-99.75531,31.73198],[-99.75562,31.73198],[-99.75562,31.73252],[-99.75531,31.73252],[-99.75531,31.7336],[-99.75562,31.7336],[-99.75562,31.73387],[-99.75657,31.73387],[-99.75657,31.73441],[-99.75531,31.73414],[-99.75531,31.73468],[-99.75499,31.73468],[-99.75499,31.73522],[-99.75531,31.73522],[-99.75531,31.73549],[-99.75594,31.73549],[-99.75594,31.73576],[-99.75562,31.73576],[-99.75562,31.73629],[-99.75531,31.73629],[-99.75531,31.73602],[-99.75467,31.73602],[-99.75467,31.73576],[-99.75404,31.73576],[-99.75404,31.73602],[-99.75372,31.73602],[-99.75372,31.73656],[-99.75341,31.73656],[-99.75341,31.73737],[-99.75277,31.73764],[-99.75277,31.73791],[-99.75245,31.73791],[-99.75245,31.73845],[-99.75214,31.73845],[-99.75214,31.74115],[-99.75372,31.74115],[-99.75372,31.74168],[-99.75341,31.74168],[-99.75341,31.74141],[-99.75214,31.74141],[-99.75214,31.74195],[-99.75182,31.74195],[-99.75182,31.74303],[-99.75214,31.74303],[-99.75214,31.74384],[-99.75245,31.74384],[-99.75245,31.74411],[-99.75341,31.74411],[-99.75341,31.74384],[-99.75372,31.74384],[-99.75372,31.74465],[-99.75245,31.74465],[-99.75245,31.74492],[-99.75182,31.74492],[-99.75182,31.74546],[-99.75214,31.74546],[-99.75214,31.74627],[-99.75245,31.74627],[-99.75245,31.7468],[-99.75309,31.74707],[-99.75309,31.74734],[-99.75341,31.74734],[-99.75341,31.74761],[-99.75372,31.74761],[-99.75372,31.74788],[-99.75436,31.74788],[-99.75436,31.74815],[-99.75499,31.74815],[-99.75499,31.74842],[-99.75594,31.74842],[-99.75594,31.74788],[-99.75626,31.74788],[-99.75626,31.74734],[-99.75657,31.74734],[-99.75657,31.74761],[-99.75721,31.74788],[-99.75721,31.74815],[-99.75657,31.74842],[-99.75657,31.74896],[-99.75626,31.74896],[-99.75626,31.7495],[-99.75752,31.74977],[-99.75752,31.75004],[-99.75974,31.75004],[-99.75974,31.75031],[-99.76101,31.75031]],[[-99.76196,31.74869],[-99.76164,31.74869],[-99.76164,31.74788],[-99.76133,31.74788],[-99.76133,31.74761],[-99.76196,31.74761],[-99.76196,31.74869]],[[-99.75689,31.74653],[-99.75657,31.74653],[-99.75657,31.746],[-99.75689,31.746],[-99.75689,31.74653]],[[-99.75531,31.74357],[-99.75467,31.74357],[-99.75467,31.7433],[-99.75531,31.7433],[-99.75531,31.74357]],[[-99.76735,31.74249],[-99.76703,31.74249],[-99.76703,31.74222],[-99.76735,31.74222],[-99.76735,31.74249]],[[-99.76418,31.74061],[-99.76386,31.74061],[-99.76386,31.74034],[-99.76418,31.74034],[-99.76418,31.74061]],[[-99.76545,31.74034],[-99.76513,31.74034],[-99.76513,31.74007],[-99.76545,31.74007],[-99.76545,31.74034]],[[-99.7664,31.74007],[-99.76576,31.74007],[-99.76576,31.7398],[-99.7664,31.7398],[-99.7664,31.74007]],[[-99.76513,31.74007],[-99.76481,31.74007],[-99.76481,31.7398],[-99.76513,31.7398],[-99.76513,31.74007]],[[-99.76798,31.73953],[-99.76766,31.73953],[-99.76766,31.73818],[-99.76798,31.73818],[-99.76798,31.73872],[-99.7683,31.73872],[-99.7683,31.73926],[-99.76798,31.73926],[-99.76798,31.73953]],[[-99.77147,31.73926],[-99.77052,31.73926],[-99.77052,31.73899],[-99.76988,31.73899],[-99.76988,31.73872],[-99.7702,31.73872],[-99.7702,31.73845],[-99.77083,31.73845],[-99.77083,31.73872],[-99.77115,31.73872],[-99.77115,31.73899],[-99.77147,31.73899],[-99.77147,31.73926]],[[-99.75531,31.73845],[-99.75467,31.73845],[-99.75467,31.73818],[-99.75531,31.73818],[-99.75531,31.73845]],[[-99.76735,31.73818],[-99.76703,31.73818],[-99.76703,31.73791],[-99.76735,31.73791],[-99.76735,31.73818]],[[-99.76671,31.73791],[-99.7664,31.73791],[-99.7664,31.73764],[-99.76671,31.73764],[-99.76671,31.73791]],[[-99.75784,31.73252],[-99.75721,31.73252],[-99.75721,31.73225],[-99.75784,31.73225],[-99.75784,31.73252]],[[-99.77242,31.73063],[-99.77178,31.73063],[-99.77178,31.73037],[-99.77147,31.73037],[-99.77147,31.7301],[-99.77337,31.7301],[-99.77337,31.73037],[-99.77242,31.73037],[-99.77242,31.73063]],[[-99.76259,31.72605],[-99.76228,31.72605],[-99.76228,31.72524],[-99.76259,31.72524],[-99.76259,31.72605]],[[-99.76703,31.72578],[-99.76671,31.72578],[-99.76671,31.72551],[-99.76703,31.72551],[-99.76703,31.72578]]]},"properties":{"layer":"predicted_reach_h19","fire_name":"Seven","irwin_id":"{DBEB27C2-2C0B-4A81-B378-9BC264BE44C0}","model":"guarded_q65_79fires","model_checkpoint":"output/q65_79fires_causal_v1/q65_79fires.ubj","checkpoint_epoch":null,"decode":"guarded_q65_reach","operating_point":{"gate_threshold":0.25,"reach_multiplier":1.3,"day_guard_threshold":0.39},"val_precision":0.7166666666666667,"val_recall":0.86,"val_f1":0.7818181818181817,"issued_at_utc":"2026-09-22 23:29:27.532956+00:00","valid_from_utc":"2026-09-22 23:29:27.532956+00:00","valid_to_utc":"2026-09-23 23:29:27.532956+00:00","wfigs_date_current_utc":"2026-09-22 23:12:19+00:00","wfigs_perimeter_date_utc":"2026-09-22 19:27:40+00:00","pixel_size_m":30,"veg_source":"refreshed_d4","physics_source":"eikonal_fbfm40","history_n_dates":1,"degraded_history":true,"containment_pct":75,"acres_wfigs":482.97616055755077,"perimeter_clipped":false,"observed_dates":1,"consecutive_quiet_perimeters":0,"consecutive_static_perimeters":0,"last_material_growth_date":null,"days_since_material_growth":null,"latest_growth_acres":null,"latest_growth_pct":null,"model_caveat":"24-hour q65 front-reach forecast trained on 79 historical GeoMAC fires. The strictly causal day guard FAILED the quiet-day acceptance envelope and that failure stands: on the 2026-09-07 live batch this runtime predicted exactly zero growth on 4 of 11 active fires, because reach is decoded only where the segment gate is open and the day guard holds the gate shut below its 0.39 threshold. A published zero is a guard decision, not a measurement that the fire will not move. The displayed hourly contours are constant-local-rate interpolation of a model trained on 24-hour endpoints; they are spatially validated but have no independently observed sub-daily timing labels. Detached spotting is not represented, and the seven-fire audit behind the validation numbers was not blind because those fires had been reviewed in prior experiments.","model_format":"XGBoost UBJ","deployment_status":"website_default","gate_model_checkpoint":null,"gate_threshold":0.25,"gate_open_segments":63,"gate_total_segments":63,"hotspot_gate_radius_px":16.0,"hotspot_gate_lookback_hours":8,"hotspot_gate_min_detections":5,"hotspot_gate_detections":0,"hotspot_gate_applied":false,"hotspot_gate_reason":"no thermal detections available","hotspot_anchor_applied":false,"hotspot_anchor_detections":0,"hotspot_anchor_segments":0,"hotspot_anchor_radius_px":16.0,"hotspot_anchor_min_outside_detections":3,"hotspot_anchor_lookback_hours":24,"hotspot_anchor_fallback_applied":true,"hotspot_anchor_raw_detections":0,"hotspot_previous_window_detections":0,"hotspot_dropout":false,"recent_growth_gate_applied":true,"recent_growth_gate_lag":"2d","recent_growth_gate_band_px":8.0,"recent_growth_gate_open":63,"recent_growth_gate_segments":63,"recent_growth_gate_reason":"no observed growth in the last 2d; caller should open all segments rather than publish a fire-wide zero","day_guard_model_checkpoint":"output/q65_79fires_day_guard_v1/q65_day_guard.ubj","day_guard_threshold":0.39,"day_growth_probability":0.6159945726394653,"day_guard_active":true,"predicted_regime":"significant_growth","selected_operator":"guarded_q65_reach","spatial_validation":{"1":{"monotone":true,"endpoint_exact":true,"source_components":1,"maximum_perimeter_components":1,"source_connected":true,"disconnected_pixels":0,"disconnected_steps":[],"valid":true},"5":{"monotone":true,"endpoint_exact":true,"source_components":1,"maximum_perimeter_components":1,"source_connected":true,"disconnected_pixels":0,"disconnected_steps":[],"valid":true}},"interval_hours_available":[1,5],"arrival_method":"constant_local_normal_rate_from_24h_q65_reach","arrival_is_interpolated":true,"lagged_hotspot_available":false,"progression_observed":false,"cold_start_hotspot_supported":false,"cold_start_forecast_enabled":true,"cold_start_fallback_applied":true,"cold_start_fallback_reason":"no causal perimeter growth history","forecast_no_call":false,"predicted_growth_pixels":3982,"predicted_growth_acres":885.58,"predicted_growth_pct":182.828,"predicted_growth_max_reach_px":20.809,"hour":19,"valid_at_utc":"2026-09-23T18:29:27.532956Z"}},{"type":"Feature","geometry":{"type":"Polygon","coordinates":[[[-99.76291,31.75031],[-99.76291,31.75004],[-99.7645,31.75004],[-99.7645,31.74977],[-99.76513,31.74977],[-99.76513,31.7495],[-99.76576,31.7495],[-99.76576,31.74923],[-99.76608,31.74923],[-99.76608,31.7495],[-99.76671,31.7495],[-99.76671,31.74923],[-99.76703,31.74923],[-99.76703,31.74896],[-99.76735,31.74896],[-99.76735,31.74869],[-99.76766,31.74869],[-99.76766,31.74815],[-99.76735,31.74815],[-99.76735,31.74788],[-99.76703,31.74788],[-99.76703,31.74761],[-99.76766,31.74734],[-99.76766,31.74707],[-99.76798,31.74707],[-99.76798,31.74653],[-99.7683,31.74653],[-99.7683,31.74627],[-99.76766,31.746],[-99.76766,31.74546],[-99.76798,31.74546],[-99.76798,31.74492],[-99.7683,31.74492],[-99.7683,31.74519],[-99.76925,31.74519],[-99.76925,31.74465],[-99.77052,31.74438],[-99.77052,31.74411],[-99.77083,31.74411],[-99.77083,31.74357],[-99.77147,31.74357],[-99.77147,31.7433],[-99.77178,31.7433],[-99.77178,31.74276],[-99.7721,31.74276],[-99.7721,31.74222],[-99.77242,31.74222],[-99.77242,31.7398],[-99.7721,31.7398],[-99.7721,31.73926],[-99.77273,31.73926],[-99.77273,31.73899],[-99.77305,31.73899],[-99.77305,31.73872],[-99.77369,31.73872],[-99.77369,31.73899],[-99.774,31.73899],[-99.774,31.73872],[-99.77432,31.73872],[-99.77432,31.73818],[-99.77464,31.73818],[-99.77464,31.73764],[-99.77495,31.73764],[-99.77495,31.7371],[-99.77527,31.7371],[-99.77527,31.73522],[-99.774,31.73522],[-99.774,31.73387],[-99.77369,31.73387],[-99.77369,31.7336],[-99.77273,31.7336],[-99.77273,31.73387],[-99.7721,31.73387],[-99.7721,31.73306],[-99.774,31.73306],[-99.774,31.73225],[-99.77432,31.73225],[-99.77432,31.73063],[-99.774,31.73063],[-99.774,31.7301],[-99.77369,31.7301],[-99.77369,31.72902],[-99.77273,31.72902],[-99.77273,31.72767],[-99.77242,31.72767],[-99.77242,31.7274],[-99.77147,31.7274],[-99.77147,31.72767],[-99.77083,31.72767],[-99.77083,31.72713],[-99.77305,31.72713],[-99.77305,31.72605],[-99.77273,31.72605],[-99.77273,31.72524],[-99.77242,31.72524],[-99.77242,31.72471],[-99.77178,31.72444],[-99.77178,31.72417],[-99.77147,31.72417],[-99.77147,31.7239],[-99.77115,31.7239],[-99.77115,31.72363],[-99.77052,31.72363],[-99.77052,31.72336],[-99.76957,31.72336],[-99.76957,31.72363],[-99.76925,31.72363],[-99.76925,31.72336],[-99.76798,31.72336],[-99.76798,31.72309],[-99.76766,31.72309],[-99.76766,31.72336],[-99.76481,31.72336],[-99.76481,31.72363],[-99.76355,31.7239],[-99.76355,31.72417],[-99.76323,31.72417],[-99.76323,31.72471],[-99.76259,31.72471],[-99.76259,31.72498],[-99.76228,31.72498],[-99.76228,31.72444],[-99.76196,31.72444],[-99.76196,31.7239],[-99.76133,31.7239],[-99.76133,31.72417],[-99.76006,31.72417],[-99.76006,31.72444],[-99.75943,31.72444],[-99.75943,31.72471],[-99.75911,31.72471],[-99.75911,31.72498],[-99.75784,31.72524],[-99.75784,31.72551],[-99.75752,31.72551],[-99.75752,31.72605],[-99.75689,31.72632],[-99.75689,31.7274],[-99.75784,31.7274],[-99.75784,31.72767],[-99.75752,31.72767],[-99.75752,31.72821],[-99.75721,31.72821],[-99.75721,31.72794],[-99.75657,31.72794],[-99.75657,31.72821],[-99.75626,31.72821],[-99.75626,31.72875],[-99.75594,31.72875],[-99.75594,31.72929],[-99.75562,31.72929],[-99.75562,31.72983],[-99.75531,31.72983],[-99.75531,31.7309],[-99.75499,31.7309],[-99.75499,31.73198],[-99.75531,31.73198],[-99.75531,31.73279],[-99.75499,31.73279],[-99.75499,31.7336],[-99.75626,31.73387],[-99.75626,31.73441],[-99.75594,31.73441],[-99.75594,31.73414],[-99.75499,31.73414],[-99.75499,31.73522],[-99.75562,31.73549],[-99.75562,31.73629],[-99.75531,31.73629],[-99.75531,31.73602],[-99.75467,31.73602],[-99.75467,31.73576],[-99.75404,31.73549],[-99.75404,31.73576],[-99.75372,31.73576],[-99.75372,31.73629],[-99.75341,31.73629],[-99.75341,31.73683],[-99.75309,31.73683],[-99.75309,31.73764],[-99.75245,31.73737],[-99.75245,31.73791],[-99.75214,31.73791],[-99.75214,31.73872],[-99.75182,31.73872],[-99.75182,31.73953],[-99.75214,31.73953],[-99.75214,31.74007],[-99.75182,31.74007],[-99.75182,31.74088],[-99.75214,31.74088],[-99.75214,31.74115],[-99.75372,31.74115],[-99.75372,31.74168],[-99.75341,31.74168],[-99.75341,31.74141],[-99.75182,31.74141],[-99.75182,31.74357],[-99.75214,31.74357],[-99.75214,31.74411],[-99.75341,31.74411],[-99.75341,31.74465],[-99.75245,31.74465],[-99.75245,31.74492],[-99.75182,31.74492],[-99.75182,31.74627],[-99.75214,31.74627],[-99.75214,31.7468],[-99.75245,31.7468],[-99.75245,31.74707],[-99.75309,31.74734],[-99.75309,31.74761],[-99.75341,31.74761],[-99.75341,31.74788],[-99.75372,31.74788],[-99.75372,31.74815],[-99.75436,31.74815],[-99.75436,31.74842],[-99.75594,31.74842],[-99.75594,31.74788],[-99.75626,31.74788],[-99.75626,31.74761],[-99.75657,31.74761],[-99.75657,31.74788],[-99.75721,31.74788],[-99.75721,31.74815],[-99.75657,31.74842],[-99.75657,31.74896],[-99.75626,31.74896],[-99.75626,31.74923],[-99.75594,31.74923],[-99.75594,31.7495],[-99.75626,31.7495],[-99.75626,31.74977],[-99.75689,31.74977],[-99.75689,31.75004],[-99.75752,31.75004],[-99.75752,31.75031],[-99.75848,31.75031],[-99.75848,31.75004],[-99.75879,31.75004],[-99.75879,31.75031],[-99.76196,31.75031],[-99.76196,31.75004],[-99.76259,31.75004],[-99.76259,31.75031],[-99.76291,31.75031]],[[-99.76196,31.74869],[-99.76164,31.74869],[-99.76164,31.74788],[-99.76196,31.74788],[-99.76196,31.74869]],[[-99.75689,31.74653],[-99.75657,31.74653],[-99.75657,31.74627],[-99.75689,31.74627],[-99.75689,31.74653]],[[-99.75531,31.74357],[-99.75467,31.74357],[-99.75467,31.7433],[-99.75531,31.7433],[-99.75531,31.74357]],[[-99.7664,31.74007],[-99.76576,31.74007],[-99.76576,31.7398],[-99.7664,31.7398],[-99.7664,31.74007]],[[-99.76513,31.74007],[-99.76481,31.74007],[-99.76481,31.7398],[-99.76513,31.7398],[-99.76513,31.74007]],[[-99.76798,31.73953],[-99.76766,31.73953],[-99.76766,31.73899],[-99.7683,31.73872],[-99.7683,31.73926],[-99.76798,31.73926],[-99.76798,31.73953]],[[-99.77147,31.73926],[-99.77052,31.73926],[-99.77052,31.73899],[-99.7702,31.73899],[-99.7702,31.73872],[-99.77083,31.73845],[-99.77083,31.73872],[-99.77115,31.73872],[-99.77115,31.73899],[-99.77147,31.73899],[-99.77147,31.73926]],[[-99.75499,31.73845],[-99.75467,31.73845],[-99.75467,31.73818],[-99.75499,31.73818],[-99.75499,31.73845]],[[-99.76671,31.73791],[-99.7664,31.73791],[-99.7664,31.73764],[-99.76671,31.73764],[-99.76671,31.73791]],[[-99.75784,31.73252],[-99.75721,31.73252],[-99.75721,31.73225],[-99.75784,31.73225],[-99.75784,31.73252]],[[-99.77242,31.73063],[-99.77178,31.73063],[-99.77178,31.7301],[-99.77337,31.7301],[-99.77337,31.73037],[-99.77242,31.73037],[-99.77242,31.73063]],[[-99.76259,31.72605],[-99.76228,31.72605],[-99.76228,31.72524],[-99.76259,31.72524],[-99.76259,31.72605]],[[-99.76703,31.72578],[-99.76671,31.72578],[-99.76671,31.72551],[-99.76703,31.72551],[-99.76703,31.72578]]]},"properties":{"layer":"predicted_reach_h20","fire_name":"Seven","irwin_id":"{DBEB27C2-2C0B-4A81-B378-9BC264BE44C0}","model":"guarded_q65_79fires","model_checkpoint":"output/q65_79fires_causal_v1/q65_79fires.ubj","checkpoint_epoch":null,"decode":"guarded_q65_reach","operating_point":{"gate_threshold":0.25,"reach_multiplier":1.3,"day_guard_threshold":0.39},"val_precision":0.7166666666666667,"val_recall":0.86,"val_f1":0.7818181818181817,"issued_at_utc":"2026-09-22 23:29:27.532956+00:00","valid_from_utc":"2026-09-22 23:29:27.532956+00:00","valid_to_utc":"2026-09-23 23:29:27.532956+00:00","wfigs_date_current_utc":"2026-09-22 23:12:19+00:00","wfigs_perimeter_date_utc":"2026-09-22 19:27:40+00:00","pixel_size_m":30,"veg_source":"refreshed_d4","physics_source":"eikonal_fbfm40","history_n_dates":1,"degraded_history":true,"containment_pct":75,"acres_wfigs":482.97616055755077,"perimeter_clipped":false,"observed_dates":1,"consecutive_quiet_perimeters":0,"consecutive_static_perimeters":0,"last_material_growth_date":null,"days_since_material_growth":null,"latest_growth_acres":null,"latest_growth_pct":null,"model_caveat":"24-hour q65 front-reach forecast trained on 79 historical GeoMAC fires. The strictly causal day guard FAILED the quiet-day acceptance envelope and that failure stands: on the 2026-09-07 live batch this runtime predicted exactly zero growth on 4 of 11 active fires, because reach is decoded only where the segment gate is open and the day guard holds the gate shut below its 0.39 threshold. A published zero is a guard decision, not a measurement that the fire will not move. The displayed hourly contours are constant-local-rate interpolation of a model trained on 24-hour endpoints; they are spatially validated but have no independently observed sub-daily timing labels. Detached spotting is not represented, and the seven-fire audit behind the validation numbers was not blind because those fires had been reviewed in prior experiments.","model_format":"XGBoost UBJ","deployment_status":"website_default","gate_model_checkpoint":null,"gate_threshold":0.25,"gate_open_segments":63,"gate_total_segments":63,"hotspot_gate_radius_px":16.0,"hotspot_gate_lookback_hours":8,"hotspot_gate_min_detections":5,"hotspot_gate_detections":0,"hotspot_gate_applied":false,"hotspot_gate_reason":"no thermal detections available","hotspot_anchor_applied":false,"hotspot_anchor_detections":0,"hotspot_anchor_segments":0,"hotspot_anchor_radius_px":16.0,"hotspot_anchor_min_outside_detections":3,"hotspot_anchor_lookback_hours":24,"hotspot_anchor_fallback_applied":true,"hotspot_anchor_raw_detections":0,"hotspot_previous_window_detections":0,"hotspot_dropout":false,"recent_growth_gate_applied":true,"recent_growth_gate_lag":"2d","recent_growth_gate_band_px":8.0,"recent_growth_gate_open":63,"recent_growth_gate_segments":63,"recent_growth_gate_reason":"no observed growth in the last 2d; caller should open all segments rather than publish a fire-wide zero","day_guard_model_checkpoint":"output/q65_79fires_day_guard_v1/q65_day_guard.ubj","day_guard_threshold":0.39,"day_growth_probability":0.6159945726394653,"day_guard_active":true,"predicted_regime":"significant_growth","selected_operator":"guarded_q65_reach","spatial_validation":{"1":{"monotone":true,"endpoint_exact":true,"source_components":1,"maximum_perimeter_components":1,"source_connected":true,"disconnected_pixels":0,"disconnected_steps":[],"valid":true},"5":{"monotone":true,"endpoint_exact":true,"source_components":1,"maximum_perimeter_components":1,"source_connected":true,"disconnected_pixels":0,"disconnected_steps":[],"valid":true}},"interval_hours_available":[1,5],"arrival_method":"constant_local_normal_rate_from_24h_q65_reach","arrival_is_interpolated":true,"lagged_hotspot_available":false,"progression_observed":false,"cold_start_hotspot_supported":false,"cold_start_forecast_enabled":true,"cold_start_fallback_applied":true,"cold_start_fallback_reason":"no causal perimeter growth history","forecast_no_call":false,"predicted_growth_pixels":3982,"predicted_growth_acres":885.58,"predicted_growth_pct":182.828,"predicted_growth_max_reach_px":20.809,"hour":20,"valid_at_utc":"2026-09-23T19:29:27.532956Z"}},{"type":"Feature","geometry":{"type":"Polygon","coordinates":[[[-99.76196,31.75058],[-99.76196,31.75031],[-99.76418,31.75031],[-99.76418,31.75004],[-99.76513,31.75004],[-99.76513,31.74977],[-99.76576,31.74977],[-99.76576,31.7495],[-99.7664,31.7495],[-99.7664,31.74977],[-99.76671,31.74977],[-99.76671,31.7495],[-99.76703,31.7495],[-99.76703,31.74923],[-99.76766,31.74923],[-99.76766,31.74896],[-99.76798,31.74896],[-99.76798,31.74842],[-99.76735,31.74815],[-99.76735,31.74761],[-99.76798,31.74734],[-99.76798,31.7468],[-99.7683,31.7468],[-99.7683,31.74653],[-99.76862,31.74653],[-99.76862,31.74627],[-99.76798,31.74627],[-99.76798,31.746],[-99.76766,31.746],[-99.76766,31.74573],[-99.76798,31.74573],[-99.76798,31.74546],[-99.7683,31.74546],[-99.7683,31.74519],[-99.76893,31.74546],[-99.76893,31.74519],[-99.76925,31.74519],[-99.76925,31.74492],[-99.76957,31.74492],[-99.76957,31.74465],[-99.7702,31.74465],[-99.7702,31.74438],[-99.77083,31.74411],[-99.77083,31.74384],[-99.77147,31.74384],[-99.77147,31.74357],[-99.77178,31.74357],[-99.77178,31.7433],[-99.7721,31.7433],[-99.7721,31.74276],[-99.77242,31.74276],[-99.77242,31.74195],[-99.77273,31.74195],[-99.77273,31.7398],[-99.77242,31.7398],[-99.77242,31.73926],[-99.77305,31.73926],[-99.77305,31.73872],[-99.77432,31.73899],[-99.77432,31.73872],[-99.77464,31.73872],[-99.77464,31.73818],[-99.77495,31.73818],[-99.77495,31.73764],[-99.77527,31.73764],[-99.77527,31.73683],[-99.77559,31.73683],[-99.77559,31.73522],[-99.77432,31.73522],[-99.77432,31.73414],[-99.774,31.73414],[-99.774,31.7336],[-99.77273,31.7336],[-99.77273,31.73387],[-99.7721,31.7336],[-99.7721,31.73306],[-99.774,31.73306],[-99.774,31.73225],[-99.77464,31.73225],[-99.77464,31.7309],[-99.77432,31.7309],[-99.77432,31.7301],[-99.774,31.7301],[-99.774,31.72902],[-99.77305,31.72902],[-99.77305,31.72794],[-99.77273,31.72794],[-99.77273,31.7274],[-99.77147,31.7274],[-99.77147,31.72767],[-99.77083,31.72767],[-99.77083,31.72713],[-99.77305,31.72713],[-99.77305,31.72524],[-99.77273,31.72524],[-99.77273,31.72471],[-99.7721,31.72444],[-99.7721,31.72417],[-99.77178,31.72417],[-99.77178,31.7239],[-99.77147,31.7239],[-99.77147,31.72363],[-99.77115,31.72363],[-99.77115,31.72336],[-99.77052,31.72336],[-99.77052,31.72309],[-99.76957,31.72309],[-99.76957,31.72336],[-99.76893,31.72336],[-99.76893,31.72309],[-99.76703,31.72309],[-99.76703,31.72336],[-99.76671,31.72336],[-99.76671,31.72309],[-99.76513,31.72309],[-99.76513,31.72336],[-99.76418,31.72336],[-99.76418,31.7239],[-99.76323,31.7239],[-99.76323,31.72471],[-99.76228,31.72471],[-99.76228,31.72444],[-99.76196,31.72444],[-99.76196,31.7239],[-99.76038,31.7239],[-99.76038,31.72417],[-99.75974,31.72417],[-99.75974,31.72444],[-99.75911,31.72444],[-99.75911,31.72471],[-99.75879,31.72471],[-99.75879,31.72498],[-99.75752,31.72524],[-99.75752,31.72578],[-99.75689,31.72605],[-99.75689,31.72659],[-99.75657,31.72659],[-99.75657,31.72713],[-99.75689,31.72713],[-99.75689,31.7274],[-99.75752,31.7274],[-99.75752,31.72794],[-99.75689,31.72794],[-99.75689,31.72767],[-99.75626,31.72794],[-99.75626,31.72848],[-99.75594,31.72848],[-99.75594,31.72929],[-99.75531,31.72929],[-99.75531,31.7301],[-99.75499,31.7301],[-99.75499,31.73144],[-99.75467,31.73144],[-99.75467,31.73171],[-99.75499,31.73171],[-99.75499,31.73198],[-99.75531,31.73198],[-99.75531,31.73225],[-99.75499,31.73225],[-99.75499,31.73333],[-99.75467,31.73333],[-99.75467,31.7336],[-99.75562,31.7336],[-99.75562,31.73387],[-99.75626,31.73387],[-99.75626,31.73441],[-99.75594,31.73441],[-99.75594,31.73414],[-99.75499,31.73414],[-99.75499,31.73441],[-99.75467,31.73441],[-99.75467,31.73522],[-99.75531,31.73522],[-99.75531,31.73549],[-99.75562,31.73549],[-99.75562,31.73602],[-99.75467,31.73602],[-99.75467,31.73576],[-99.75404,31.73549],[-99.75404,31.73576],[-99.75372,31.73576],[-99.75372,31.73602],[-99.75341,31.73602],[-99.75341,31.73629],[-99.75309,31.73629],[-99.75309,31.7371],[-99.75277,31.7371],[-99.75277,31.73737],[-99.75245,31.73737],[-99.75245,31.73764],[-99.75214,31.73764],[-99.75214,31.73818],[-99.75182,31.73818],[-99.75182,31.73899],[-99.7515,31.73899],[-99.7515,31.73953],[-99.75182,31.73953],[-99.75182,31.74168],[-99.7515,31.74168],[-99.7515,31.7433],[-99.75182,31.7433],[-99.75182,31.74411],[-99.75214,31.74411],[-99.75214,31.74438],[-99.75245,31.74438],[-99.75245,31.74411],[-99.75341,31.74411],[-99.75341,31.74465],[-99.7515,31.74492],[-99.7515,31.746],[-99.75182,31.746],[-99.75182,31.74653],[-99.75214,31.74653],[-99.75214,31.74707],[-99.75245,31.74707],[-99.75245,31.74734],[-99.75309,31.74761],[-99.75309,31.74788],[-99.75341,31.74788],[-99.75341,31.74815],[-99.75467,31.74842],[-99.75467,31.74869],[-99.75594,31.74869],[-99.75594,31.74788],[-99.75689,31.74788],[-99.75689,31.74842],[-99.75657,31.74842],[-99.75657,31.74896],[-99.75594,31.74923],[-99.75594,31.74977],[-99.75626,31.74977],[-99.75626,31.75004],[-99.75689,31.75004],[-99.75689,31.75031],[-99.75784,31.75031],[-99.75784,31.75058],[-99.75816,31.75058],[-99.75816,31.75031],[-99.75879,31.75031],[-99.75879,31.75058],[-99.76196,31.75058]],[[-99.76196,31.74869],[-99.76164,31.74869],[-99.76164,31.74788],[-99.76196,31.74788],[-99.76196,31.74869]],[[-99.75689,31.74653],[-99.75657,31.74653],[-99.75657,31.74627],[-99.75689,31.74627],[-99.75689,31.74653]],[[-99.75499,31.74357],[-99.75467,31.74357],[-99.75467,31.7433],[-99.75499,31.7433],[-99.75499,31.74357]],[[-99.75341,31.74141],[-99.75214,31.74141],[-99.75214,31.74115],[-99.75341,31.74115],[-99.75341,31.74141]],[[-99.7664,31.74007],[-99.76608,31.74007],[-99.76608,31.7398],[-99.7664,31.7398],[-99.7664,31.74007]],[[-99.76798,31.73953],[-99.76766,31.73953],[-99.76766,31.73926],[-99.76798,31.73926],[-99.76798,31.73953]],[[-99.77147,31.73926],[-99.77052,31.73926],[-99.77052,31.73899],[-99.7702,31.73899],[-99.7702,31.73872],[-99.77083,31.73845],[-99.77083,31.73872],[-99.77115,31.73872],[-99.77115,31.73899],[-99.77147,31.73899],[-99.77147,31.73926]],[[-99.7683,31.73926],[-99.76798,31.73926],[-99.76798,31.73872],[-99.7683,31.73872],[-99.7683,31.73926]],[[-99.75499,31.73845],[-99.75467,31.73845],[-99.75467,31.73818],[-99.75499,31.73818],[-99.75499,31.73845]],[[-99.75752,31.73252],[-99.75721,31.73252],[-99.75721,31.73225],[-99.75752,31.73225],[-99.75752,31.73252]],[[-99.77242,31.73063],[-99.77178,31.73063],[-99.77178,31.7301],[-99.77337,31.7301],[-99.77337,31.73037],[-99.77242,31.73037],[-99.77242,31.73063]],[[-99.76703,31.72578],[-99.76671,31.72578],[-99.76671,31.72551],[-99.76703,31.72551],[-99.76703,31.72578]],[[-99.76259,31.72578],[-99.76228,31.72578],[-99.76228,31.72524],[-99.76259,31.72524],[-99.76259,31.72578]]]},"properties":{"layer":"predicted_reach_h21","fire_name":"Seven","irwin_id":"{DBEB27C2-2C0B-4A81-B378-9BC264BE44C0}","model":"guarded_q65_79fires","model_checkpoint":"output/q65_79fires_causal_v1/q65_79fires.ubj","checkpoint_epoch":null,"decode":"guarded_q65_reach","operating_point":{"gate_threshold":0.25,"reach_multiplier":1.3,"day_guard_threshold":0.39},"val_precision":0.7166666666666667,"val_recall":0.86,"val_f1":0.7818181818181817,"issued_at_utc":"2026-09-22 23:29:27.532956+00:00","valid_from_utc":"2026-09-22 23:29:27.532956+00:00","valid_to_utc":"2026-09-23 23:29:27.532956+00:00","wfigs_date_current_utc":"2026-09-22 23:12:19+00:00","wfigs_perimeter_date_utc":"2026-09-22 19:27:40+00:00","pixel_size_m":30,"veg_source":"refreshed_d4","physics_source":"eikonal_fbfm40","history_n_dates":1,"degraded_history":true,"containment_pct":75,"acres_wfigs":482.97616055755077,"perimeter_clipped":false,"observed_dates":1,"consecutive_quiet_perimeters":0,"consecutive_static_perimeters":0,"last_material_growth_date":null,"days_since_material_growth":null,"latest_growth_acres":null,"latest_growth_pct":null,"model_caveat":"24-hour q65 front-reach forecast trained on 79 historical GeoMAC fires. The strictly causal day guard FAILED the quiet-day acceptance envelope and that failure stands: on the 2026-09-07 live batch this runtime predicted exactly zero growth on 4 of 11 active fires, because reach is decoded only where the segment gate is open and the day guard holds the gate shut below its 0.39 threshold. A published zero is a guard decision, not a measurement that the fire will not move. The displayed hourly contours are constant-local-rate interpolation of a model trained on 24-hour endpoints; they are spatially validated but have no independently observed sub-daily timing labels. Detached spotting is not represented, and the seven-fire audit behind the validation numbers was not blind because those fires had been reviewed in prior experiments.","model_format":"XGBoost UBJ","deployment_status":"website_default","gate_model_checkpoint":null,"gate_threshold":0.25,"gate_open_segments":63,"gate_total_segments":63,"hotspot_gate_radius_px":16.0,"hotspot_gate_lookback_hours":8,"hotspot_gate_min_detections":5,"hotspot_gate_detections":0,"hotspot_gate_applied":false,"hotspot_gate_reason":"no thermal detections available","hotspot_anchor_applied":false,"hotspot_anchor_detections":0,"hotspot_anchor_segments":0,"hotspot_anchor_radius_px":16.0,"hotspot_anchor_min_outside_detections":3,"hotspot_anchor_lookback_hours":24,"hotspot_anchor_fallback_applied":true,"hotspot_anchor_raw_detections":0,"hotspot_previous_window_detections":0,"hotspot_dropout":false,"recent_growth_gate_applied":true,"recent_growth_gate_lag":"2d","recent_growth_gate_band_px":8.0,"recent_growth_gate_open":63,"recent_growth_gate_segments":63,"recent_growth_gate_reason":"no observed growth in the last 2d; caller should open all segments rather than publish a fire-wide zero","day_guard_model_checkpoint":"output/q65_79fires_day_guard_v1/q65_day_guard.ubj","day_guard_threshold":0.39,"day_growth_probability":0.6159945726394653,"day_guard_active":true,"predicted_regime":"significant_growth","selected_operator":"guarded_q65_reach","spatial_validation":{"1":{"monotone":true,"endpoint_exact":true,"source_components":1,"maximum_perimeter_components":1,"source_connected":true,"disconnected_pixels":0,"disconnected_steps":[],"valid":true},"5":{"monotone":true,"endpoint_exact":true,"source_components":1,"maximum_perimeter_components":1,"source_connected":true,"disconnected_pixels":0,"disconnected_steps":[],"valid":true}},"interval_hours_available":[1,5],"arrival_method":"constant_local_normal_rate_from_24h_q65_reach","arrival_is_interpolated":true,"lagged_hotspot_available":false,"progression_observed":false,"cold_start_hotspot_supported":false,"cold_start_forecast_enabled":true,"cold_start_fallback_applied":true,"cold_start_fallback_reason":"no causal perimeter growth history","forecast_no_call":false,"predicted_growth_pixels":3982,"predicted_growth_acres":885.58,"predicted_growth_pct":182.828,"predicted_growth_max_reach_px":20.809,"hour":21,"valid_at_utc":"2026-09-23T20:29:27.532956Z"}},{"type":"Feature","geometry":{"type":"Polygon","coordinates":[[[-99.76164,31.75085],[-99.76164,31.75058],[-99.76418,31.75058],[-99.76418,31.75031],[-99.76513,31.75031],[-99.76513,31.75004],[-99.76545,31.75004],[-99.76545,31.74977],[-99.76608,31.74977],[-99.76608,31.7495],[-99.7664,31.7495],[-99.7664,31.75004],[-99.76671,31.75004],[-99.76671,31.74977],[-99.76703,31.74977],[-99.76703,31.7495],[-99.76766,31.7495],[-99.76766,31.74923],[-99.7683,31.74896],[-99.7683,31.74869],[-99.76798,31.74869],[-99.76798,31.74842],[-99.76735,31.74815],[-99.76735,31.74788],[-99.76798,31.74761],[-99.76798,31.74707],[-99.76862,31.7468],[-99.76862,31.74627],[-99.76798,31.74627],[-99.76798,31.74573],[-99.7683,31.74573],[-99.7683,31.74519],[-99.76862,31.74519],[-99.76862,31.74546],[-99.76925,31.74546],[-99.76925,31.74519],[-99.76957,31.74519],[-99.76957,31.74492],[-99.7702,31.74492],[-99.7702,31.74465],[-99.77052,31.74465],[-99.77052,31.74438],[-99.77115,31.74411],[-99.77115,31.74384],[-99.77178,31.74384],[-99.77178,31.74357],[-99.7721,31.74357],[-99.7721,31.74303],[-99.77242,31.74303],[-99.77242,31.74249],[-99.77273,31.74249],[-99.77273,31.74168],[-99.77305,31.74168],[-99.77305,31.74034],[-99.77273,31.74034],[-99.77273,31.73953],[-99.77337,31.73926],[-99.77337,31.73872],[-99.774,31.73899],[-99.774,31.73926],[-99.77432,31.73926],[-99.77432,31.73899],[-99.77464,31.73899],[-99.77464,31.73872],[-99.77495,31.73872],[-99.77495,31.73818],[-99.77527,31.73818],[-99.77527,31.73764],[-99.77559,31.73764],[-99.77559,31.73656],[-99.7759,31.73656],[-99.7759,31.73522],[-99.77432,31.73522],[-99.77432,31.7336],[-99.77273,31.7336],[-99.77273,31.73387],[-99.77242,31.73387],[-99.77242,31.73306],[-99.77432,31.73306],[-99.77432,31.73225],[-99.77495,31.73198],[-99.77495,31.73144],[-99.77464,31.73144],[-99.77464,31.7301],[-99.774,31.7301],[-99.774,31.72902],[-99.77305,31.72902],[-99.77305,31.7274],[-99.77147,31.7274],[-99.77147,31.72767],[-99.77083,31.7274],[-99.77083,31.72713],[-99.77337,31.72713],[-99.77337,31.72551],[-99.77305,31.72551],[-99.77305,31.72498],[-99.77273,31.72498],[-99.77273,31.72444],[-99.7721,31.72417],[-99.7721,31.7239],[-99.77178,31.7239],[-99.77178,31.72363],[-99.77147,31.72363],[-99.77147,31.72336],[-99.77083,31.72336],[-99.77083,31.72309],[-99.7702,31.72309],[-99.7702,31.72282],[-99.76957,31.72282],[-99.76957,31.72309],[-99.76862,31.72309],[-99.76862,31.72282],[-99.76735,31.72282],[-99.76735,31.72309],[-99.7645,31.72309],[-99.7645,31.72336],[-99.76386,31.72336],[-99.76386,31.72363],[-99.76355,31.72363],[-99.76355,31.7239],[-99.76291,31.7239],[-99.76291,31.72417],[-99.76323,31.72417],[-99.76323,31.72444],[-99.76259,31.72444],[-99.76259,31.72471],[-99.76196,31.72444],[-99.76196,31.72363],[-99.76069,31.72363],[-99.76069,31.7239],[-99.75974,31.7239],[-99.75974,31.72417],[-99.75943,31.72417],[-99.75943,31.72444],[-99.75879,31.72444],[-99.75879,31.72471],[-99.75816,31.72471],[-99.75816,31.72498],[-99.75784,31.72498],[-99.75784,31.72524],[-99.75752,31.72524],[-99.75752,31.72551],[-99.75721,31.72551],[-99.75721,31.72578],[-99.75657,31.72605],[-99.75657,31.72686],[-99.75626,31.72686],[-99.75626,31.72713],[-99.75752,31.7274],[-99.75752,31.72767],[-99.75721,31.72767],[-99.75721,31.72794],[-99.75689,31.72794],[-99.75689,31.72767],[-99.75626,31.72767],[-99.75626,31.72794],[-99.75594,31.72794],[-99.75594,31.72875],[-99.75562,31.72875],[-99.75562,31.72929],[-99.75499,31.72956],[-99.75499,31.73063],[-99.75467,31.73063],[-99.75467,31.73171],[-99.75499,31.73171],[-99.75499,31.73252],[-99.75467,31.73252],[-99.75467,31.7336],[-99.75562,31.7336],[-99.75562,31.73387],[-99.75626,31.73387],[-99.75626,31.73441],[-99.75594,31.73441],[-99.75594,31.73414],[-99.75467,31.73414],[-99.75467,31.73522],[-99.75531,31.73522],[-99.75531,31.73549],[-99.75562,31.73549],[-99.75562,31.73602],[-99.75467,31.73602],[-99.75467,31.73576],[-99.75436,31.73576],[-99.75436,31.73549],[-99.75372,31.73549],[-99.75372,31.73576],[-99.75341,31.73576],[-99.75341,31.73602],[-99.75309,31.73602],[-99.75309,31.73656],[-99.75277,31.73656],[-99.75277,31.73737],[-99.75214,31.73737],[-99.75214,31.73764],[-99.75182,31.73764],[-99.75182,31.73845],[-99.7515,31.73845],[-99.7515,31.73953],[-99.75182,31.73953],[-99.75182,31.7398],[-99.7515,31.7398],[-99.7515,31.74115],[-99.75182,31.74115],[-99.75182,31.74141],[-99.7515,31.74141],[-99.7515,31.74384],[-99.75182,31.74384],[-99.75182,31.74438],[-99.75245,31.74438],[-99.75245,31.74411],[-99.75309,31.74411],[-99.75309,31.74438],[-99.75341,31.74438],[-99.75341,31.74465],[-99.75245,31.74465],[-99.75245,31.74492],[-99.75119,31.74492],[-99.75119,31.74573],[-99.7515,31.74573],[-99.7515,31.74653],[-99.75182,31.74653],[-99.75182,31.74707],[-99.75245,31.74734],[-99.75245,31.74761],[-99.75309,31.74788],[-99.75309,31.74815],[-99.75341,31.74815],[-99.75341,31.74842],[-99.75404,31.74842],[-99.75404,31.74869],[-99.75499,31.74869],[-99.75499,31.74896],[-99.75594,31.74896],[-99.75594,31.74788],[-99.75657,31.74788],[-99.75657,31.74815],[-99.75689,31.74815],[-99.75689,31.74842],[-99.75657,31.74842],[-99.75657,31.74896],[-99.75594,31.74923],[-99.75594,31.75004],[-99.75626,31.75004],[-99.75626,31.75031],[-99.75689,31.75031],[-99.75689,31.75058],[-99.75784,31.75058],[-99.75784,31.75085],[-99.75816,31.75085],[-99.75816,31.75058],[-99.75911,31.75058],[-99.75911,31.75085],[-99.76164,31.75085]],[[-99.76196,31.74869],[-99.76164,31.74869],[-99.76164,31.74788],[-99.76196,31.74788],[-99.76196,31.74869]],[[-99.75689,31.74653],[-99.75657,31.74653],[-99.75657,31.74627],[-99.75689,31.74627],[-99.75689,31.74653]],[[-99.75499,31.74357],[-99.75467,31.74357],[-99.75467,31.7433],[-99.75499,31.7433],[-99.75499,31.74357]],[[-99.75341,31.74141],[-99.75214,31.74141],[-99.75214,31.74115],[-99.75341,31.74115],[-99.75341,31.74141]],[[-99.77273,31.73953],[-99.77242,31.73953],[-99.77242,31.73926],[-99.77273,31.73926],[-99.77273,31.73953]],[[-99.77147,31.73926],[-99.77052,31.73926],[-99.77052,31.73872],[-99.77115,31.73872],[-99.77115,31.73899],[-99.77147,31.73899],[-99.77147,31.73926]],[[-99.7683,31.73926],[-99.76798,31.73926],[-99.76798,31.73872],[-99.7683,31.73872],[-99.7683,31.73926]],[[-99.75499,31.73845],[-99.75467,31.73845],[-99.75467,31.73818],[-99.75499,31.73818],[-99.75499,31.73845]],[[-99.75752,31.73252],[-99.75721,31.73252],[-99.75721,31.73225],[-99.75752,31.73225],[-99.75752,31.73252]],[[-99.77242,31.73063],[-99.7721,31.73063],[-99.7721,31.7301],[-99.77337,31.7301],[-99.77337,31.73037],[-99.77242,31.73037],[-99.77242,31.73063]],[[-99.76703,31.72578],[-99.76671,31.72578],[-99.76671,31.72551],[-99.76703,31.72551],[-99.76703,31.72578]],[[-99.76259,31.72578],[-99.76228,31.72578],[-99.76228,31.72524],[-99.76259,31.72524],[-99.76259,31.72578]]]},"properties":{"layer":"predicted_reach_h22","fire_name":"Seven","irwin_id":"{DBEB27C2-2C0B-4A81-B378-9BC264BE44C0}","model":"guarded_q65_79fires","model_checkpoint":"output/q65_79fires_causal_v1/q65_79fires.ubj","checkpoint_epoch":null,"decode":"guarded_q65_reach","operating_point":{"gate_threshold":0.25,"reach_multiplier":1.3,"day_guard_threshold":0.39},"val_precision":0.7166666666666667,"val_recall":0.86,"val_f1":0.7818181818181817,"issued_at_utc":"2026-09-22 23:29:27.532956+00:00","valid_from_utc":"2026-09-22 23:29:27.532956+00:00","valid_to_utc":"2026-09-23 23:29:27.532956+00:00","wfigs_date_current_utc":"2026-09-22 23:12:19+00:00","wfigs_perimeter_date_utc":"2026-09-22 19:27:40+00:00","pixel_size_m":30,"veg_source":"refreshed_d4","physics_source":"eikonal_fbfm40","history_n_dates":1,"degraded_history":true,"containment_pct":75,"acres_wfigs":482.97616055755077,"perimeter_clipped":false,"observed_dates":1,"consecutive_quiet_perimeters":0,"consecutive_static_perimeters":0,"last_material_growth_date":null,"days_since_material_growth":null,"latest_growth_acres":null,"latest_growth_pct":null,"model_caveat":"24-hour q65 front-reach forecast trained on 79 historical GeoMAC fires. The strictly causal day guard FAILED the quiet-day acceptance envelope and that failure stands: on the 2026-09-07 live batch this runtime predicted exactly zero growth on 4 of 11 active fires, because reach is decoded only where the segment gate is open and the day guard holds the gate shut below its 0.39 threshold. A published zero is a guard decision, not a measurement that the fire will not move. The displayed hourly contours are constant-local-rate interpolation of a model trained on 24-hour endpoints; they are spatially validated but have no independently observed sub-daily timing labels. Detached spotting is not represented, and the seven-fire audit behind the validation numbers was not blind because those fires had been reviewed in prior experiments.","model_format":"XGBoost UBJ","deployment_status":"website_default","gate_model_checkpoint":null,"gate_threshold":0.25,"gate_open_segments":63,"gate_total_segments":63,"hotspot_gate_radius_px":16.0,"hotspot_gate_lookback_hours":8,"hotspot_gate_min_detections":5,"hotspot_gate_detections":0,"hotspot_gate_applied":false,"hotspot_gate_reason":"no thermal detections available","hotspot_anchor_applied":false,"hotspot_anchor_detections":0,"hotspot_anchor_segments":0,"hotspot_anchor_radius_px":16.0,"hotspot_anchor_min_outside_detections":3,"hotspot_anchor_lookback_hours":24,"hotspot_anchor_fallback_applied":true,"hotspot_anchor_raw_detections":0,"hotspot_previous_window_detections":0,"hotspot_dropout":false,"recent_growth_gate_applied":true,"recent_growth_gate_lag":"2d","recent_growth_gate_band_px":8.0,"recent_growth_gate_open":63,"recent_growth_gate_segments":63,"recent_growth_gate_reason":"no observed growth in the last 2d; caller should open all segments rather than publish a fire-wide zero","day_guard_model_checkpoint":"output/q65_79fires_day_guard_v1/q65_day_guard.ubj","day_guard_threshold":0.39,"day_growth_probability":0.6159945726394653,"day_guard_active":true,"predicted_regime":"significant_growth","selected_operator":"guarded_q65_reach","spatial_validation":{"1":{"monotone":true,"endpoint_exact":true,"source_components":1,"maximum_perimeter_components":1,"source_connected":true,"disconnected_pixels":0,"disconnected_steps":[],"valid":true},"5":{"monotone":true,"endpoint_exact":true,"source_components":1,"maximum_perimeter_components":1,"source_connected":true,"disconnected_pixels":0,"disconnected_steps":[],"valid":true}},"interval_hours_available":[1,5],"arrival_method":"constant_local_normal_rate_from_24h_q65_reach","arrival_is_interpolated":true,"lagged_hotspot_available":false,"progression_observed":false,"cold_start_hotspot_supported":false,"cold_start_forecast_enabled":true,"cold_start_fallback_applied":true,"cold_start_fallback_reason":"no causal perimeter growth history","forecast_no_call":false,"predicted_growth_pixels":3982,"predicted_growth_acres":885.58,"predicted_growth_pct":182.828,"predicted_growth_max_reach_px":20.809,"hour":22,"valid_at_utc":"2026-09-23T21:29:27.532956Z"}},{"type":"Feature","geometry":{"type":"Polygon","coordinates":[[[-99.76133,31.75112],[-99.76133,31.75085],[-99.76386,31.75085],[-99.76386,31.75058],[-99.76481,31.75058],[-99.76481,31.75031],[-99.76608,31.75004],[-99.76608,31.74977],[-99.7664,31.74977],[-99.7664,31.75004],[-99.76735,31.75004],[-99.76735,31.74977],[-99.76766,31.74977],[-99.76766,31.7495],[-99.7683,31.74923],[-99.7683,31.74869],[-99.76798,31.74869],[-99.76798,31.74842],[-99.76735,31.74815],[-99.76735,31.74788],[-99.76798,31.74788],[-99.76798,31.74761],[-99.7683,31.74761],[-99.7683,31.74707],[-99.76893,31.7468],[-99.76893,31.74653],[-99.76862,31.74653],[-99.76862,31.74627],[-99.76798,31.74627],[-99.76798,31.746],[-99.7683,31.746],[-99.7683,31.74546],[-99.76893,31.74546],[-99.76893,31.74573],[-99.76925,31.74573],[-99.76925,31.74546],[-99.76957,31.74546],[-99.76957,31.74519],[-99.7702,31.74519],[-99.7702,31.74492],[-99.77052,31.74492],[-99.77052,31.74465],[-99.77115,31.74438],[-99.77115,31.74411],[-99.77178,31.74411],[-99.77178,31.74384],[-99.77242,31.74357],[-99.77242,31.74303],[-99.77273,31.74303],[-99.77273,31.74249],[-99.77305,31.74249],[-99.77305,31.73953],[-99.77337,31.73953],[-99.77337,31.73926],[-99.77369,31.73926],[-99.77369,31.73899],[-99.774,31.73899],[-99.774,31.73926],[-99.77464,31.73926],[-99.77464,31.73899],[-99.77495,31.73899],[-99.77495,31.73872],[-99.77527,31.73872],[-99.77527,31.73818],[-99.77559,31.73818],[-99.77559,31.73764],[-99.7759,31.73764],[-99.7759,31.73629],[-99.77622,31.73629],[-99.77622,31.73522],[-99.77464,31.73522],[-99.77464,31.73387],[-99.77432,31.73387],[-99.77432,31.7336],[-99.77273,31.7336],[-99.77273,31.73387],[-99.77242,31.73387],[-99.77242,31.73306],[-99.77464,31.73306],[-99.77464,31.73225],[-99.77495,31.73225],[-99.77495,31.73037],[-99.77432,31.7301],[-99.77432,31.72902],[-99.77337,31.72902],[-99.77337,31.72767],[-99.77305,31.72767],[-99.77305,31.72713],[-99.77369,31.72713],[-99.77369,31.72605],[-99.77337,31.72605],[-99.77337,31.72498],[-99.77305,31.72498],[-99.77305,31.72444],[-99.77273,31.72444],[-99.77273,31.72417],[-99.77242,31.72417],[-99.77242,31.7239],[-99.7721,31.7239],[-99.7721,31.72363],[-99.77178,31.72363],[-99.77178,31.72336],[-99.77147,31.72336],[-99.77147,31.72309],[-99.77083,31.72309],[-99.77083,31.72282],[-99.76957,31.72282],[-99.76957,31.72309],[-99.76925,31.72309],[-99.76925,31.72282],[-99.76703,31.72282],[-99.76703,31.72309],[-99.76671,31.72309],[-99.76671,31.72282],[-99.76513,31.72282],[-99.76513,31.72309],[-99.76418,31.72309],[-99.76418,31.72336],[-99.76386,31.72336],[-99.76386,31.72363],[-99.76323,31.72363],[-99.76323,31.7239],[-99.76291,31.7239],[-99.76291,31.72417],[-99.76323,31.72417],[-99.76323,31.72444],[-99.76196,31.72444],[-99.76196,31.72363],[-99.76006,31.72363],[-99.76006,31.7239],[-99.75943,31.7239],[-99.75943,31.72417],[-99.75816,31.72444],[-99.75816,31.72471],[-99.75784,31.72471],[-99.75784,31.72498],[-99.75752,31.72498],[-99.75752,31.72524],[-99.75721,31.72524],[-99.75721,31.72551],[-99.75657,31.72578],[-99.75657,31.72632],[-99.75626,31.72632],[-99.75626,31.72713],[-99.75689,31.72713],[-99.75689,31.7274],[-99.75721,31.7274],[-99.75721,31.72794],[-99.75689,31.72794],[-99.75689,31.72767],[-99.75594,31.72767],[-99.75594,31.72821],[-99.75562,31.72821],[-99.75562,31.72902],[-99.75499,31.72929],[-99.75499,31.72983],[-99.75467,31.72983],[-99.75467,31.7309],[-99.75436,31.7309],[-99.75436,31.73171],[-99.75499,31.73171],[-99.75499,31.73198],[-99.75467,31.73198],[-99.75467,31.73306],[-99.75436,31.73306],[-99.75436,31.7336],[-99.75562,31.7336],[-99.75562,31.73387],[-99.75594,31.73387],[-99.75594,31.73414],[-99.75499,31.73414],[-99.75499,31.73387],[-99.75467,31.73387],[-99.75467,31.73441],[-99.75436,31.73441],[-99.75436,31.73522],[-99.75531,31.73522],[-99.75531,31.73602],[-99.75467,31.73602],[-99.75467,31.73576],[-99.75436,31.73576],[-99.75436,31.73549],[-99.75372,31.73522],[-99.75372,31.73549],[-99.75341,31.73549],[-99.75341,31.73576],[-99.75309,31.73576],[-99.75309,31.73629],[-99.75277,31.73629],[-99.75277,31.73683],[-99.75245,31.73683],[-99.75245,31.73737],[-99.75182,31.73737],[-99.75182,31.73791],[-99.7515,31.73791],[-99.7515,31.73872],[-99.75119,31.73872],[-99.75119,31.73953],[-99.7515,31.73953],[-99.7515,31.74168],[-99.75119,31.74168],[-99.75119,31.7433],[-99.7515,31.7433],[-99.7515,31.74411],[-99.75182,31.74411],[-99.75182,31.74438],[-99.75309,31.74411],[-99.75309,31.74465],[-99.75245,31.74465],[-99.75245,31.74492],[-99.75119,31.74492],[-99.75119,31.74627],[-99.7515,31.74627],[-99.7515,31.7468],[-99.75182,31.7468],[-99.75182,31.74734],[-99.75245,31.74761],[-99.75245,31.74788],[-99.75309,31.74815],[-99.75309,31.74842],[-99.75436,31.74869],[-99.75436,31.74896],[-99.75594,31.74896],[-99.75594,31.74788],[-99.75626,31.74788],[-99.75626,31.74815],[-99.75689,31.74815],[-99.75689,31.74842],[-99.75657,31.74842],[-99.75657,31.74896],[-99.75594,31.74923],[-99.75594,31.74977],[-99.75562,31.74977],[-99.75562,31.75004],[-99.75594,31.75004],[-99.75594,31.75031],[-99.75626,31.75031],[-99.75626,31.75058],[-99.75689,31.75058],[-99.75689,31.75085],[-99.75816,31.75085],[-99.75816,31.75058],[-99.75848,31.75058],[-99.75848,31.75085],[-99.75943,31.75085],[-99.75943,31.75112],[-99.76133,31.75112]],[[-99.76196,31.74869],[-99.76164,31.74869],[-99.76164,31.74815],[-99.76196,31.74815],[-99.76196,31.74869]],[[-99.75499,31.74357],[-99.75467,31.74357],[-99.75467,31.7433],[-99.75499,31.7433],[-99.75499,31.74357]],[[-99.75341,31.74141],[-99.75214,31.74141],[-99.75214,31.74115],[-99.75341,31.74115],[-99.75341,31.74141]],[[-99.77147,31.73926],[-99.77052,31.73926],[-99.77052,31.73899],[-99.77115,31.73872],[-99.77115,31.73899],[-99.77147,31.73899],[-99.77147,31.73926]],[[-99.7683,31.73926],[-99.76798,31.73926],[-99.76798,31.73899],[-99.7683,31.73899],[-99.7683,31.73926]],[[-99.75499,31.73845],[-99.75467,31.73845],[-99.75467,31.73818],[-99.75499,31.73818],[-99.75499,31.73845]],[[-99.75752,31.73252],[-99.75721,31.73252],[-99.75721,31.73225],[-99.75752,31.73225],[-99.75752,31.73252]],[[-99.77242,31.73063],[-99.7721,31.73063],[-99.7721,31.7301],[-99.77337,31.7301],[-99.77337,31.73037],[-99.77242,31.73037],[-99.77242,31.73063]],[[-99.77147,31.72767],[-99.77115,31.72767],[-99.77115,31.72713],[-99.77273,31.72713],[-99.77273,31.7274],[-99.77147,31.7274],[-99.77147,31.72767]],[[-99.76703,31.72578],[-99.76671,31.72578],[-99.76671,31.72551],[-99.76703,31.72551],[-99.76703,31.72578]],[[-99.76259,31.72578],[-99.76228,31.72578],[-99.76228,31.72524],[-99.76259,31.72524],[-99.76259,31.72578]]]},"properties":{"layer":"predicted_reach_h23","fire_name":"Seven","irwin_id":"{DBEB27C2-2C0B-4A81-B378-9BC264BE44C0}","model":"guarded_q65_79fires","model_checkpoint":"output/q65_79fires_causal_v1/q65_79fires.ubj","checkpoint_epoch":null,"decode":"guarded_q65_reach","operating_point":{"gate_threshold":0.25,"reach_multiplier":1.3,"day_guard_threshold":0.39},"val_precision":0.7166666666666667,"val_recall":0.86,"val_f1":0.7818181818181817,"issued_at_utc":"2026-09-22 23:29:27.532956+00:00","valid_from_utc":"2026-09-22 23:29:27.532956+00:00","valid_to_utc":"2026-09-23 23:29:27.532956+00:00","wfigs_date_current_utc":"2026-09-22 23:12:19+00:00","wfigs_perimeter_date_utc":"2026-09-22 19:27:40+00:00","pixel_size_m":30,"veg_source":"refreshed_d4","physics_source":"eikonal_fbfm40","history_n_dates":1,"degraded_history":true,"containment_pct":75,"acres_wfigs":482.97616055755077,"perimeter_clipped":false,"observed_dates":1,"consecutive_quiet_perimeters":0,"consecutive_static_perimeters":0,"last_material_growth_date":null,"days_since_material_growth":null,"latest_growth_acres":null,"latest_growth_pct":null,"model_caveat":"24-hour q65 front-reach forecast trained on 79 historical GeoMAC fires. The strictly causal day guard FAILED the quiet-day acceptance envelope and that failure stands: on the 2026-09-07 live batch this runtime predicted exactly zero growth on 4 of 11 active fires, because reach is decoded only where the segment gate is open and the day guard holds the gate shut below its 0.39 threshold. A published zero is a guard decision, not a measurement that the fire will not move. The displayed hourly contours are constant-local-rate interpolation of a model trained on 24-hour endpoints; they are spatially validated but have no independently observed sub-daily timing labels. Detached spotting is not represented, and the seven-fire audit behind the validation numbers was not blind because those fires had been reviewed in prior experiments.","model_format":"XGBoost UBJ","deployment_status":"website_default","gate_model_checkpoint":null,"gate_threshold":0.25,"gate_open_segments":63,"gate_total_segments":63,"hotspot_gate_radius_px":16.0,"hotspot_gate_lookback_hours":8,"hotspot_gate_min_detections":5,"hotspot_gate_detections":0,"hotspot_gate_applied":false,"hotspot_gate_reason":"no thermal detections available","hotspot_anchor_applied":false,"hotspot_anchor_detections":0,"hotspot_anchor_segments":0,"hotspot_anchor_radius_px":16.0,"hotspot_anchor_min_outside_detections":3,"hotspot_anchor_lookback_hours":24,"hotspot_anchor_fallback_applied":true,"hotspot_anchor_raw_detections":0,"hotspot_previous_window_detections":0,"hotspot_dropout":false,"recent_growth_gate_applied":true,"recent_growth_gate_lag":"2d","recent_growth_gate_band_px":8.0,"recent_growth_gate_open":63,"recent_growth_gate_segments":63,"recent_growth_gate_reason":"no observed growth in the last 2d; caller should open all segments rather than publish a fire-wide zero","day_guard_model_checkpoint":"output/q65_79fires_day_guard_v1/q65_day_guard.ubj","day_guard_threshold":0.39,"day_growth_probability":0.6159945726394653,"day_guard_active":true,"predicted_regime":"significant_growth","selected_operator":"guarded_q65_reach","spatial_validation":{"1":{"monotone":true,"endpoint_exact":true,"source_components":1,"maximum_perimeter_components":1,"source_connected":true,"disconnected_pixels":0,"disconnected_steps":[],"valid":true},"5":{"monotone":true,"endpoint_exact":true,"source_components":1,"maximum_perimeter_components":1,"source_connected":true,"disconnected_pixels":0,"disconnected_steps":[],"valid":true}},"interval_hours_available":[1,5],"arrival_method":"constant_local_normal_rate_from_24h_q65_reach","arrival_is_interpolated":true,"lagged_hotspot_available":false,"progression_observed":false,"cold_start_hotspot_supported":false,"cold_start_forecast_enabled":true,"cold_start_fallback_applied":true,"cold_start_fallback_reason":"no causal perimeter growth history","forecast_no_call":false,"predicted_growth_pixels":3982,"predicted_growth_acres":885.58,"predicted_growth_pct":182.828,"predicted_growth_max_reach_px":20.809,"hour":23,"valid_at_utc":"2026-09-23T22:29:27.532956Z"}},{"type":"Feature","geometry":{"type":"Polygon","coordinates":[[[-99.76323,31.75112],[-99.76323,31.75085],[-99.76481,31.75085],[-99.76481,31.75058],[-99.76608,31.75031],[-99.76608,31.75004],[-99.76735,31.75031],[-99.76735,31.75004],[-99.76766,31.75004],[-99.76766,31.74977],[-99.76798,31.74977],[-99.76798,31.7495],[-99.76862,31.74923],[-99.76862,31.74896],[-99.7683,31.74896],[-99.7683,31.74869],[-99.76766,31.74842],[-99.76766,31.74788],[-99.7683,31.74788],[-99.7683,31.74734],[-99.76893,31.74707],[-99.76893,31.74653],[-99.76862,31.74653],[-99.76862,31.74627],[-99.76798,31.74627],[-99.76798,31.746],[-99.7683,31.746],[-99.7683,31.74573],[-99.76862,31.74573],[-99.76862,31.74546],[-99.76893,31.74546],[-99.76893,31.74573],[-99.76957,31.74573],[-99.76957,31.74546],[-99.76988,31.74546],[-99.76988,31.74519],[-99.77052,31.74519],[-99.77052,31.74492],[-99.77115,31.74465],[-99.77115,31.74438],[-99.77147,31.74438],[-99.77147,31.74411],[-99.7721,31.74411],[-99.7721,31.74384],[-99.77242,31.74384],[-99.77242,31.7433],[-99.77273,31.7433],[-99.77273,31.74276],[-99.77305,31.74276],[-99.77305,31.74222],[-99.77337,31.74222],[-99.77337,31.7398],[-99.77305,31.7398],[-99.77305,31.73953],[-99.77369,31.73953],[-99.77369,31.73899],[-99.77432,31.73926],[-99.77432,31.73953],[-99.77495,31.73953],[-99.77495,31.73899],[-99.77559,31.73872],[-99.77559,31.73818],[-99.7759,31.73818],[-99.7759,31.73737],[-99.77622,31.73737],[-99.77622,31.73522],[-99.77495,31.73522],[-99.77495,31.73414],[-99.77464,31.73414],[-99.77464,31.73333],[-99.77432,31.73333],[-99.77432,31.7336],[-99.77273,31.7336],[-99.77273,31.73333],[-99.77242,31.73333],[-99.77242,31.73306],[-99.77464,31.73306],[-99.77464,31.73225],[-99.77527,31.73225],[-99.77527,31.73063],[-99.77495,31.73063],[-99.77495,31.7301],[-99.77464,31.7301],[-99.77464,31.72902],[-99.77337,31.72902],[-99.77337,31.72713],[-99.77369,31.72713],[-99.77369,31.72524],[-99.77337,31.72524],[-99.77337,31.72471],[-99.77305,31.72471],[-99.77305,31.72417],[-99.77273,31.72417],[-99.77273,31.7239],[-99.7721,31.72363],[-99.7721,31.72336],[-99.77178,31.72336],[-99.77178,31.72309],[-99.77052,31.72282],[-99.77052,31.72255],[-99.76988,31.72255],[-99.76988,31.72282],[-99.76893,31.72282],[-99.76893,31.72255],[-99.76703,31.72255],[-99.76703,31.72282],[-99.7645,31.72282],[-99.7645,31.72309],[-99.76386,31.72309],[-99.76386,31.72336],[-99.76355,31.72336],[-99.76355,31.72363],[-99.76291,31.72363],[-99.76291,31.72417],[-99.76259,31.72417],[-99.76259,31.72444],[-99.76196,31.72444],[-99.76196,31.72336],[-99.76038,31.72336],[-99.76038,31.72363],[-99.75974,31.72363],[-99.75974,31.7239],[-99.75911,31.7239],[-99.75911,31.72417],[-99.75784,31.72444],[-99.75784,31.72471],[-99.75752,31.72471],[-99.75752,31.72498],[-99.75689,31.72524],[-99.75689,31.72551],[-99.75657,31.72551],[-99.75657,31.72578],[-99.75626,31.72578],[-99.75626,31.72659],[-99.75594,31.72659],[-99.75594,31.72686],[-99.75626,31.72686],[-99.75626,31.72713],[-99.75689,31.72713],[-99.75689,31.7274],[-99.75721,31.7274],[-99.75721,31.72767],[-99.75626,31.72767],[-99.75626,31.7274],[-99.75594,31.7274],[-99.75594,31.72794],[-99.75562,31.72794],[-99.75562,31.72848],[-99.75531,31.72848],[-99.75531,31.72929],[-99.75467,31.72929],[-99.75467,31.73037],[-99.75436,31.73037],[-99.75436,31.73171],[-99.75467,31.73171],[-99.75467,31.73225],[-99.75436,31.73225],[-99.75436,31.7336],[-99.75562,31.7336],[-99.75562,31.73387],[-99.75594,31.73387],[-99.75594,31.73414],[-99.75499,31.73414],[-99.75499,31.73387],[-99.75436,31.73414],[-99.75436,31.73495],[-99.75404,31.73495],[-99.75404,31.73522],[-99.75341,31.73522],[-99.75341,31.73549],[-99.75309,31.73549],[-99.75309,31.73602],[-99.75277,31.73602],[-99.75277,31.73656],[-99.75245,31.73656],[-99.75245,31.73737],[-99.75182,31.73737],[-99.75182,31.73764],[-99.7515,31.73764],[-99.7515,31.73818],[-99.75119,31.73818],[-99.75119,31.74384],[-99.7515,31.74384],[-99.7515,31.74438],[-99.75245,31.74438],[-99.75245,31.74411],[-99.75309,31.74411],[-99.75309,31.74465],[-99.75245,31.74465],[-99.75245,31.74492],[-99.75087,31.74492],[-99.75087,31.746],[-99.75119,31.746],[-99.75119,31.7468],[-99.7515,31.7468],[-99.7515,31.74734],[-99.75214,31.74761],[-99.75214,31.74788],[-99.75245,31.74788],[-99.75245,31.74815],[-99.75277,31.74815],[-99.75277,31.74842],[-99.75309,31.74842],[-99.75309,31.74869],[-99.75436,31.74896],[-99.75436,31.74923],[-99.75562,31.74923],[-99.75562,31.74896],[-99.75594,31.74896],[-99.75594,31.74815],[-99.75657,31.74815],[-99.75657,31.74896],[-99.75594,31.74923],[-99.75594,31.74977],[-99.75562,31.74977],[-99.75562,31.75031],[-99.75626,31.75058],[-99.75626,31.75085],[-99.75721,31.75085],[-99.75721,31.75112],[-99.75816,31.75112],[-99.75816,31.75085],[-99.75848,31.75085],[-99.75848,31.75112],[-99.76323,31.75112]],[[-99.76196,31.74869],[-99.76164,31.74869],[-99.76164,31.74815],[-99.76196,31.74815],[-99.76196,31.74869]],[[-99.75499,31.74357],[-99.75467,31.74357],[-99.75467,31.7433],[-99.75499,31.7433],[-99.75499,31.74357]],[[-99.75309,31.74141],[-99.75214,31.74141],[-99.75214,31.74115],[-99.75309,31.74115],[-99.75309,31.74141]],[[-99.77147,31.73926],[-99.77052,31.73926],[-99.77052,31.73899],[-99.77115,31.73872],[-99.77115,31.73899],[-99.77147,31.73899],[-99.77147,31.73926]],[[-99.75499,31.73845],[-99.75467,31.73845],[-99.75467,31.73818],[-99.75499,31.73818],[-99.75499,31.73845]],[[-99.75531,31.73602],[-99.75467,31.73602],[-99.75467,31.73576],[-99.75436,31.73576],[-99.75436,31.73549],[-99.75404,31.73549],[-99.75404,31.73522],[-99.75531,31.73522],[-99.75531,31.73602]],[[-99.75752,31.73252],[-99.75721,31.73252],[-99.75721,31.73225],[-99.75752,31.73225],[-99.75752,31.73252]],[[-99.77337,31.73037],[-99.77242,31.73037],[-99.77242,31.7301],[-99.77337,31.7301],[-99.77337,31.73037]],[[-99.77147,31.72767],[-99.77115,31.72767],[-99.77115,31.72713],[-99.77273,31.72713],[-99.77273,31.7274],[-99.77147,31.7274],[-99.77147,31.72767]],[[-99.76703,31.72578],[-99.76671,31.72578],[-99.76671,31.72551],[-99.76703,31.72551],[-99.76703,31.72578]],[[-99.76259,31.72578],[-99.76228,31.72578],[-99.76228,31.72524],[-99.76259,31.72524],[-99.76259,31.72578]]]},"properties":{"layer":"predicted_reach_h24","fire_name":"Seven","irwin_id":"{DBEB27C2-2C0B-4A81-B378-9BC264BE44C0}","model":"guarded_q65_79fires","model_checkpoint":"output/q65_79fires_causal_v1/q65_79fires.ubj","checkpoint_epoch":null,"decode":"guarded_q65_reach","operating_point":{"gate_threshold":0.25,"reach_multiplier":1.3,"day_guard_threshold":0.39},"val_precision":0.7166666666666667,"val_recall":0.86,"val_f1":0.7818181818181817,"issued_at_utc":"2026-09-22 23:29:27.532956+00:00","valid_from_utc":"2026-09-22 23:29:27.532956+00:00","valid_to_utc":"2026-09-23 23:29:27.532956+00:00","wfigs_date_current_utc":"2026-09-22 23:12:19+00:00","wfigs_perimeter_date_utc":"2026-09-22 19:27:40+00:00","pixel_size_m":30,"veg_source":"refreshed_d4","physics_source":"eikonal_fbfm40","history_n_dates":1,"degraded_history":true,"containment_pct":75,"acres_wfigs":482.97616055755077,"perimeter_clipped":false,"observed_dates":1,"consecutive_quiet_perimeters":0,"consecutive_static_perimeters":0,"last_material_growth_date":null,"days_since_material_growth":null,"latest_growth_acres":null,"latest_growth_pct":null,"model_caveat":"24-hour q65 front-reach forecast trained on 79 historical GeoMAC fires. The strictly causal day guard FAILED the quiet-day acceptance envelope and that failure stands: on the 2026-09-07 live batch this runtime predicted exactly zero growth on 4 of 11 active fires, because reach is decoded only where the segment gate is open and the day guard holds the gate shut below its 0.39 threshold. A published zero is a guard decision, not a measurement that the fire will not move. The displayed hourly contours are constant-local-rate interpolation of a model trained on 24-hour endpoints; they are spatially validated but have no independently observed sub-daily timing labels. Detached spotting is not represented, and the seven-fire audit behind the validation numbers was not blind because those fires had been reviewed in prior experiments.","model_format":"XGBoost UBJ","deployment_status":"website_default","gate_model_checkpoint":null,"gate_threshold":0.25,"gate_open_segments":63,"gate_total_segments":63,"hotspot_gate_radius_px":16.0,"hotspot_gate_lookback_hours":8,"hotspot_gate_min_detections":5,"hotspot_gate_detections":0,"hotspot_gate_applied":false,"hotspot_gate_reason":"no thermal detections available","hotspot_anchor_applied":false,"hotspot_anchor_detections":0,"hotspot_anchor_segments":0,"hotspot_anchor_radius_px":16.0,"hotspot_anchor_min_outside_detections":3,"hotspot_anchor_lookback_hours":24,"hotspot_anchor_fallback_applied":true,"hotspot_anchor_raw_detections":0,"hotspot_previous_window_detections":0,"hotspot_dropout":false,"recent_growth_gate_applied":true,"recent_growth_gate_lag":"2d","recent_growth_gate_band_px":8.0,"recent_growth_gate_open":63,"recent_growth_gate_segments":63,"recent_growth_gate_reason":"no observed growth in the last 2d; caller should open all segments rather than publish a fire-wide zero","day_guard_model_checkpoint":"output/q65_79fires_day_guard_v1/q65_day_guard.ubj","day_guard_threshold":0.39,"day_growth_probability":0.6159945726394653,"day_guard_active":true,"predicted_regime":"significant_growth","selected_operator":"guarded_q65_reach","spatial_validation":{"1":{"monotone":true,"endpoint_exact":true,"source_components":1,"maximum_perimeter_components":1,"source_connected":true,"disconnected_pixels":0,"disconnected_steps":[],"valid":true},"5":{"monotone":true,"endpoint_exact":true,"source_components":1,"maximum_perimeter_components":1,"source_connected":true,"disconnected_pixels":0,"disconnected_steps":[],"valid":true}},"interval_hours_available":[1,5],"arrival_method":"constant_local_normal_rate_from_24h_q65_reach","arrival_is_interpolated":true,"lagged_hotspot_available":false,"progression_observed":false,"cold_start_hotspot_supported":false,"cold_start_forecast_enabled":true,"cold_start_fallback_applied":true,"cold_start_fallback_reason":"no causal perimeter growth history","forecast_no_call":false,"predicted_growth_pixels":3982,"predicted_growth_acres":885.58,"predicted_growth_pct":182.828,"predicted_growth_max_reach_px":20.809,"hour":24,"valid_at_utc":"2026-09-23T23:29:27.532956Z"}},{"type":"Feature","geometry":{"type":"MultiPoint","coordinates":[[-99.76592,31.72632],[-99.76699,31.72669],[-99.7679,31.72632],[-99.76893,31.72659],[-99.76893,31.72765],[-99.76924,31.72861],[-99.76925,31.72967],[-99.76925,31.73074],[-99.76957,31.73169],[-99.76957,31.73275],[-99.76964,31.73379],[-99.76988,31.73477],[-99.76988,31.73584],[-99.76925,31.73652],[-99.76864,31.73699],[-99.76773,31.73683],[-99.76659,31.73707],[-99.76576,31.73768],[-99.76604,31.73862],[-99.76506,31.73918],[-99.76418,31.73978],[-99.76355,31.74047],[-99.7647,31.74065],[-99.76584,31.74088],[-99.7671,31.74088],[-99.76829,31.741],[-99.76758,31.74168],[-99.76649,31.74201],[-99.76623,31.74276],[-99.76516,31.74314],[-99.76512,31.74397],[-99.7645,31.74481],[-99.76372,31.74544],[-99.76274,31.746],[-99.76149,31.746],[-99.76037,31.74627],[-99.75925,31.74598],[-99.75826,31.74546],[-99.75727,31.74492],[-99.75604,31.74487],[-99.75594,31.74406],[-99.75594,31.74322],[-99.75531,31.74254],[-99.75562,31.74158],[-99.75562,31.74052],[-99.7558,31.73951],[-99.75646,31.73868],[-99.75657,31.73788],[-99.75737,31.7371],[-99.75784,31.73636],[-99.75811,31.73539],[-99.75848,31.73445],[-99.7586,31.73357],[-99.75911,31.73277],[-99.75911,31.7317],[-99.75943,31.73075],[-99.75974,31.7298],[-99.76032,31.72893],[-99.76075,31.72802],[-99.7617,31.7274],[-99.76269,31.7274],[-99.76378,31.72707],[-99.76485,31.72669]]},"properties":{"layer":"gate_open_front","fire_name":"Seven","irwin_id":"{DBEB27C2-2C0B-4A81-B378-9BC264BE44C0}","model":"guarded_q65_79fires","model_checkpoint":"output/q65_79fires_causal_v1/q65_79fires.ubj","checkpoint_epoch":null,"decode":"guarded_q65_reach","operating_point":{"gate_threshold":0.25,"reach_multiplier":1.3,"day_guard_threshold":0.39},"val_precision":0.7166666666666667,"val_recall":0.86,"val_f1":0.7818181818181817,"issued_at_utc":"2026-09-22 23:29:27.532956+00:00","valid_from_utc":"2026-09-22 23:29:27.532956+00:00","valid_to_utc":"2026-09-23 23:29:27.532956+00:00","wfigs_date_current_utc":"2026-09-22 23:12:19+00:00","wfigs_perimeter_date_utc":"2026-09-22 19:27:40+00:00","pixel_size_m":30,"veg_source":"refreshed_d4","physics_source":"eikonal_fbfm40","history_n_dates":1,"degraded_history":true,"containment_pct":75,"acres_wfigs":482.97616055755077,"perimeter_clipped":false,"observed_dates":1,"consecutive_quiet_perimeters":0,"consecutive_static_perimeters":0,"last_material_growth_date":null,"days_since_material_growth":null,"latest_growth_acres":null,"latest_growth_pct":null,"model_caveat":"24-hour q65 front-reach forecast trained on 79 historical GeoMAC fires. The strictly causal day guard FAILED the quiet-day acceptance envelope and that failure stands: on the 2026-09-07 live batch this runtime predicted exactly zero growth on 4 of 11 active fires, because reach is decoded only where the segment gate is open and the day guard holds the gate shut below its 0.39 threshold. A published zero is a guard decision, not a measurement that the fire will not move. The displayed hourly contours are constant-local-rate interpolation of a model trained on 24-hour endpoints; they are spatially validated but have no independently observed sub-daily timing labels. Detached spotting is not represented, and the seven-fire audit behind the validation numbers was not blind because those fires had been reviewed in prior experiments.","model_format":"XGBoost UBJ","deployment_status":"website_default","gate_model_checkpoint":null,"gate_threshold":0.25,"gate_open_segments":63,"gate_total_segments":63,"hotspot_gate_radius_px":16.0,"hotspot_gate_lookback_hours":8,"hotspot_gate_min_detections":5,"hotspot_gate_detections":0,"hotspot_gate_applied":false,"hotspot_gate_reason":"no thermal detections available","hotspot_anchor_applied":false,"hotspot_anchor_detections":0,"hotspot_anchor_segments":0,"hotspot_anchor_radius_px":16.0,"hotspot_anchor_min_outside_detections":3,"hotspot_anchor_lookback_hours":24,"hotspot_anchor_fallback_applied":true,"hotspot_anchor_raw_detections":0,"hotspot_previous_window_detections":0,"hotspot_dropout":false,"recent_growth_gate_applied":true,"recent_growth_gate_lag":"2d","recent_growth_gate_band_px":8.0,"recent_growth_gate_open":63,"recent_growth_gate_segments":63,"recent_growth_gate_reason":"no observed growth in the last 2d; caller should open all segments rather than publish a fire-wide zero","day_guard_model_checkpoint":"output/q65_79fires_day_guard_v1/q65_day_guard.ubj","day_guard_threshold":0.39,"day_growth_probability":0.6159945726394653,"day_guard_active":true,"predicted_regime":"significant_growth","selected_operator":"guarded_q65_reach","spatial_validation":{"1":{"monotone":true,"endpoint_exact":true,"source_components":1,"maximum_perimeter_components":1,"source_connected":true,"disconnected_pixels":0,"disconnected_steps":[],"valid":true},"5":{"monotone":true,"endpoint_exact":true,"source_components":1,"maximum_perimeter_components":1,"source_connected":true,"disconnected_pixels":0,"disconnected_steps":[],"valid":true}},"interval_hours_available":[1,5],"arrival_method":"constant_local_normal_rate_from_24h_q65_reach","arrival_is_interpolated":true,"lagged_hotspot_available":false,"progression_observed":false,"cold_start_hotspot_supported":false,"cold_start_forecast_enabled":true,"cold_start_fallback_applied":true,"cold_start_fallback_reason":"no causal perimeter growth history","forecast_no_call":false,"predicted_growth_pixels":3982,"predicted_growth_acres":885.58,"predicted_growth_pct":182.828,"predicted_growth_max_reach_px":20.809}}]}