{"type":"FeatureCollection","features":[{"type":"Feature","geometry":{"type":"Polygon","coordinates":[[[-106.70705,46.24878],[-106.70705,46.24851],[-106.7086,46.24851],[-106.7086,46.2477],[-106.71016,46.2477],[-106.71016,46.24743],[-106.70977,46.24743],[-106.70977,46.24689],[-106.71055,46.24716],[-106.71055,46.24689],[-106.71094,46.24689],[-106.71094,46.24662],[-106.71172,46.24635],[-106.71172,46.24581],[-106.71211,46.24581],[-106.71211,46.24527],[-106.71172,46.24527],[-106.71172,46.24473],[-106.71094,46.24446],[-106.71094,46.24419],[-106.71055,46.24419],[-106.71055,46.24392],[-106.70977,46.24392],[-106.70977,46.24366],[-106.70938,46.24366],[-106.70938,46.24339],[-106.70899,46.24339],[-106.70899,46.24285],[-106.7086,46.24285],[-106.7086,46.24231],[-106.70938,46.24204],[-106.70938,46.24123],[-106.70899,46.24123],[-106.70899,46.24096],[-106.70977,46.24096],[-106.70977,46.24042],[-106.71016,46.24042],[-106.71016,46.24015],[-106.70977,46.24015],[-106.70977,46.23934],[-106.71094,46.23934],[-106.71094,46.23907],[-106.71172,46.23907],[-106.71172,46.238],[-106.7125,46.23773],[-106.7125,46.23611],[-106.71133,46.23611],[-106.71133,46.23584],[-106.71094,46.23584],[-106.71094,46.23557],[-106.70666,46.23557],[-106.70666,46.2353],[-106.70627,46.2353],[-106.70627,46.23557],[-106.70549,46.23557],[-106.70549,46.23638],[-106.70588,46.23638],[-106.70588,46.23665],[-106.70666,46.23692],[-106.70666,46.23773],[-106.70549,46.23773],[-106.70549,46.2388],[-106.7051,46.2388],[-106.7051,46.23907],[-106.70393,46.23907],[-106.70393,46.23934],[-106.70315,46.23934],[-106.70315,46.23961],[-106.70276,46.23961],[-106.70276,46.23988],[-106.7012,46.24015],[-106.7012,46.24042],[-106.70081,46.24042],[-106.70081,46.24069],[-106.70003,46.24096],[-106.70003,46.24204],[-106.70042,46.24204],[-106.70042,46.24258],[-106.70081,46.24258],[-106.70081,46.24339],[-106.7012,46.24339],[-106.7012,46.24419],[-106.70042,46.24446],[-106.70042,46.24473],[-106.70003,46.24473],[-106.70003,46.24446],[-106.69886,46.24446],[-106.69886,46.245],[-106.69847,46.245],[-106.69847,46.24554],[-106.69925,46.24554],[-106.69925,46.24581],[-106.69964,46.24581],[-106.69964,46.24608],[-106.70042,46.24635],[-106.70042,46.24689],[-106.7012,46.24689],[-106.7012,46.24716],[-106.70159,46.24716],[-106.70159,46.24743],[-106.70393,46.2477],[-106.70393,46.24797],[-106.70588,46.24797],[-106.70588,46.2477],[-106.70627,46.2477],[-106.70627,46.24797],[-106.70666,46.24797],[-106.70666,46.24878],[-106.70705,46.24878]]]},"properties":{"layer":"observed_perimeter","fire_name":"Valley","irwin_id":"{5E97EF7C-2039-44B3-8665-ADB0336B5488}","model":"arrival_run","checkpoint_epoch":216,"decode":"connected_causal","operating_point":{"floor":0.0,"mult":0.9},"val_precision":null,"val_recall":null,"model_caveat":"arrival_run chosen for best RECALL among the six FlameFlux v3 candidates on the production-valid t0-window corpus (R=0.624 on the fc2 held-out fires, R=0.432 on Dillon -- see candidate_comparison.md from the 2026-07-24 comparison). It does NOT meet the project's P>=0.50/R>=0.80 target: precision is the WORST of the six (P=0.120 on fc2 -- most flagged growth is wrong), and wind_run actually edges it on F1. IMPORTANT CAVEAT: arrival_run trained on the leaky 'observed' corpus (crop centered/sized on t0|t1, i.e. it saw the future perimeter's geometry during training) and has NEVER seen a t0-window crop -- the ONLY geometry this live pipeline can ever produce at forecast time (the future perimeter is, by definition, unknown). So every live prediction from this model is out-of-distribution relative to its own training. The measured t0-window numbers above already reflect that (they are not a surprise), but this is 'best available', not 'production-ready' -- represent it that way. The operating_point (floor=0.0, mult=0.9) is the VAL-selected connected-causal decode point; it did NOT clear the 0.50 precision floor during selection (feasible=False, val P=0.270/R=0.259) -- it's the best-F1 fallback point, not a precision-guaranteed one.","issued_at_utc":"2026-08-20 13:46:34.611898+00:00","valid_from_utc":"2026-08-20 00:00:00","valid_to_utc":"2026-08-21 00:00:00","wfigs_date_current_utc":"2026-08-20 12:05:00+00:00","pixel_size_m":30,"veg_source":"refreshed_d4","physics_source":"eikonal_fbfm40","history_n_dates":1,"degraded_history":true,"containment_pct":0.0,"acres_wfigs":224.5330361499428}},{"type":"Feature","geometry":{"type":"MultiPolygon","coordinates":[[[[-106.73627,46.21832],[-106.73627,46.21859],[-106.73588,46.21859],[-106.73588,46.21832],[-106.73627,46.21832]]],[[[-106.69925,46.25848],[-106.69886,46.25848],[-106.69886,46.25875],[-106.69847,46.25875],[-106.69847,46.25848],[-106.69769,46.25848],[-106.69769,46.25875],[-106.69653,46.25875],[-106.69653,46.25848],[-106.69419,46.25875],[-106.69419,46.25821],[-106.69341,46.25821],[-106.69341,46.25848],[-106.69302,46.25848],[-106.69302,46.25875],[-106.69263,46.25875],[-106.69263,46.25848],[-106.69224,46.25848],[-106.69224,46.25875],[-106.69185,46.25875],[-106.69185,46.25848],[-106.68834,46.25848],[-106.68834,46.25902],[-106.68795,46.25902],[-106.68795,46.25848],[-106.68756,46.25848],[-106.68756,46.25821],[-106.68639,46.25821],[-106.68639,46.25848],[-106.68561,46.25848],[-106.68561,46.25875],[-106.68484,46.25902],[-106.68484,46.25929],[-106.68406,46.25929],[-106.68406,46.25982],[-106.68367,46.25982],[-106.68367,46.2609],[-106.68289,46.2609],[-106.68289,46.26036],[-106.68172,46.26036],[-106.68172,46.26063],[-106.68133,46.26063],[-106.68133,46.26009],[-106.68094,46.26009],[-106.68094,46.25982],[-106.68055,46.25982],[-106.68055,46.25956],[-106.67977,46.25956],[-106.67977,46.25982],[-106.67938,46.25982],[-106.67938,46.26009],[-106.67899,46.26009],[-106.67899,46.25956],[-106.6786,46.25956],[-106.6786,46.25902],[-106.67938,46.25902],[-106.67938,46.25875],[-106.67977,46.25875],[-106.67977,46.25848],[-106.68055,46.25848],[-106.68055,46.25794],[-106.68094,46.25794],[-106.68094,46.25767],[-106.68172,46.2574],[-106.68172,46.25686],[-106.68133,46.25686],[-106.68133,46.25659],[-106.68172,46.25659],[-106.68172,46.25632],[-106.68211,46.25632],[-106.68211,46.25659],[-106.6825,46.25659],[-106.6825,46.25686],[-106.68328,46.25686],[-106.68328,46.25659],[-106.68367,46.25659],[-106.68367,46.25632],[-106.68133,46.25605],[-106.68133,46.25578],[-106.68094,46.25578],[-106.68094,46.25551],[-106.68016,46.25551],[-106.68016,46.25497],[-106.67821,46.25497],[-106.67821,46.25524],[-106.67782,46.25524],[-106.67782,46.25497],[-106.67743,46.25497],[-106.67743,46.25524],[-106.67704,46.25524],[-106.67704,46.25497],[-106.67587,46.25497],[-106.67587,46.25417],[-106.67626,46.25417],[-106.67626,46.25363],[-106.67431,46.25363],[-106.67431,46.25336],[-106.67354,46.25309],[-106.67354,46.25363],[-106.67393,46.25363],[-106.67393,46.2539],[-106.67276,46.2539],[-106.67276,46.25417],[-106.67237,46.25417],[-106.67237,46.25497],[-106.67276,46.25497],[-106.67276,46.25524],[-106.67315,46.25524],[-106.67315,46.25551],[-106.67276,46.25551],[-106.67276,46.25578],[-106.67159,46.25578],[-106.67159,46.25551],[-106.6712,46.25551],[-106.6712,46.25605],[-106.67003,46.25605],[-106.67003,46.25578],[-106.66847,46.25578],[-106.66847,46.25551],[-106.6673,46.25551],[-106.6673,46.25524],[-106.66652,46.25524],[-106.66652,46.25497],[-106.66418,46.25497],[-106.66418,46.2547],[-106.66301,46.2547],[-106.66301,46.25443],[-106.66263,46.25443],[-106.66263,46.25417],[-106.66107,46.25417],[-106.66107,46.2539],[-106.6599,46.2539],[-106.6599,46.25363],[-106.65912,46.25363],[-106.65912,46.25336],[-106.6599,46.25336],[-106.6599,46.25309],[-106.66146,46.25309],[-106.66146,46.25282],[-106.66107,46.25282],[-106.66107,46.25228],[-106.66068,46.25228],[-106.66068,46.25201],[-106.66146,46.25201],[-106.66146,46.25147],[-106.66107,46.25147],[-106.66107,46.25174],[-106.66029,46.25174],[-106.66029,46.25147],[-106.65951,46.2512],[-106.65951,46.25066],[-106.6599,46.25066],[-106.6599,46.25039],[-106.66029,46.25039],[-106.66029,46.25093],[-106.66068,46.25093],[-106.66068,46.25066],[-106.66185,46.25066],[-106.66185,46.25093],[-106.66224,46.25093],[-106.66224,46.25066],[-106.66301,46.25066],[-106.66301,46.25012],[-106.66224,46.25012],[-106.66224,46.24985],[-106.66185,46.24985],[-106.66185,46.24958],[-106.66107,46.24958],[-106.66107,46.24905],[-106.6599,46.24905],[-106.6599,46.24743],[-106.66068,46.24743],[-106.66068,46.2477],[-106.66107,46.2477],[-106.66107,46.24743],[-106.66185,46.24716],[-106.66185,46.24689],[-106.66224,46.24689],[-106.66224,46.24662],[-106.66379,46.24662],[-106.66379,46.24689],[-106.66457,46.24689],[-106.66457,46.24662],[-106.66691,46.24662],[-106.66691,46.24635],[-106.67159,46.24635],[-106.67159,46.24608],[-106.67393,46.24608],[-106.67393,46.24581],[-106.6747,46.24554],[-106.6747,46.245],[-106.67587,46.245],[-106.67587,46.24473],[-106.67626,46.24473],[-106.67626,46.24446],[-106.67743,46.24446],[-106.67743,46.24419],[-106.67782,46.24419],[-106.67782,46.24366],[-106.6786,46.24339],[-106.6786,46.24285],[-106.67938,46.24312],[-106.67938,46.24419],[-106.68055,46.24419],[-106.68055,46.24366],[-106.68211,46.24392],[-106.68211,46.24366],[-106.68133,46.24339],[-106.68133,46.24258],[-106.6825,46.24258],[-106.6825,46.24285],[-106.68289,46.24285],[-106.68289,46.24312],[-106.68406,46.24312],[-106.68406,46.24231],[-106.68445,46.24231],[-106.68445,46.24204],[-106.68484,46.24204],[-106.68484,46.24177],[-106.68717,46.24177],[-106.68717,46.24123],[-106.68678,46.24123],[-106.68678,46.24069],[-106.68639,46.24069],[-106.68639,46.24015],[-106.686,46.24015],[-106.686,46.23988],[-106.68678,46.23988],[-106.68678,46.24015],[-106.68717,46.24015],[-106.68717,46.24042],[-106.68873,46.24042],[-106.68873,46.23934],[-106.68912,46.23934],[-106.68912,46.23853],[-106.68795,46.23853],[-106.68795,46.23827],[-106.68834,46.23827],[-106.68834,46.238],[-106.69224,46.238],[-106.69224,46.23773],[-106.69302,46.23773],[-106.69302,46.23665],[-106.69263,46.23665],[-106.69263,46.23611],[-106.69341,46.23611],[-106.69341,46.23638],[-106.6938,46.23638],[-106.6938,46.23557],[-106.69341,46.23557],[-106.69341,46.23449],[-106.69419,46.23422],[-106.69419,46.23341],[-106.69458,46.23341],[-106.69458,46.23395],[-106.69536,46.23395],[-106.69536,46.23341],[-106.69497,46.23341],[-106.69497,46.23261],[-106.69536,46.23261],[-106.69536,46.23207],[-106.69614,46.23207],[-106.69614,46.23153],[-106.69536,46.23126],[-106.69536,46.22991],[-106.69497,46.22991],[-106.69497,46.2291],[-106.69458,46.2291],[-106.69458,46.22856],[-106.69536,46.22829],[-106.69536,46.22776],[-106.69497,46.22776],[-106.69497,46.22722],[-106.69536,46.22722],[-106.69536,46.22695],[-106.69614,46.22695],[-106.69614,46.22668],[-106.69769,46.22668],[-106.69769,46.22641],[-106.69847,46.22641],[-106.69847,46.22587],[-106.69808,46.22587],[-106.69808,46.2256],[-106.69847,46.2256],[-106.69847,46.22506],[-106.69886,46.22506],[-106.69886,46.22479],[-106.69808,46.22479],[-106.69808,46.22452],[-106.69769,46.22452],[-106.69769,46.22425],[-106.69653,46.22425],[-106.69653,46.22398],[-106.69614,46.22398],[-106.69614,46.22371],[-106.6973,46.22371],[-106.6973,46.22398],[-106.69808,46.22371],[-106.69808,46.2229],[-106.69769,46.2229],[-106.69769,46.22263],[-106.69653,46.22263],[-106.69653,46.22237],[-106.6973,46.2221],[-106.6973,46.22129],[-106.69769,46.22129],[-106.69769,46.22102],[-106.69808,46.22102],[-106.69808,46.22075],[-106.69886,46.22075],[-106.69886,46.21994],[-106.69692,46.21994],[-106.69692,46.21967],[-106.6973,46.21967],[-106.6973,46.21913],[-106.69769,46.21913],[-106.69769,46.21886],[-106.6973,46.21886],[-106.6973,46.21832],[-106.69692,46.21832],[-106.69692,46.21778],[-106.69614,46.21751],[-106.69614,46.21671],[-106.69692,46.21671],[-106.69692,46.21644],[-106.69653,46.21644],[-106.69653,46.2159],[-106.69536,46.2159],[-106.69536,46.21563],[-106.69497,46.21563],[-106.69497,46.21536],[-106.69341,46.21536],[-106.69341,46.21509],[-106.6938,46.21509],[-106.6938,46.21482],[-106.69497,46.21482],[-106.69497,46.21509],[-106.69575,46.21509],[-106.69575,46.21455],[-106.69614,46.21455],[-106.69614,46.21482],[-106.69692,46.21482],[-106.69692,46.21455],[-106.6973,46.21455],[-106.6973,46.21401],[-106.69653,46.21401],[-106.69653,46.21374],[-106.69575,46.21374],[-106.69575,46.21401],[-106.69536,46.21401],[-106.69536,46.21374],[-106.69458,46.21374],[-106.69458,46.21401],[-106.69419,46.21401],[-106.69419,46.21455],[-106.69341,46.21455],[-106.69341,46.21482],[-106.69263,46.21482],[-106.69263,46.21509],[-106.69224,46.21509],[-106.69224,46.21428],[-106.69068,46.21428],[-106.69068,46.2132],[-106.69029,46.2132],[-106.69029,46.21347],[-106.68951,46.21347],[-106.68951,46.2132],[-106.68873,46.21293],[-106.68873,46.21239],[-106.68834,46.21239],[-106.68834,46.21185],[-106.68717,46.21185],[-106.68717,46.21105],[-106.68795,46.21105],[-106.68795,46.21024],[-106.68834,46.21024],[-106.68834,46.20997],[-106.68912,46.20997],[-106.68912,46.2097],[-106.6899,46.2097],[-106.6899,46.20943],[-106.69068,46.20943],[-106.69068,46.20916],[-106.69263,46.20916],[-106.69263,46.20889],[-106.69341,46.20889],[-106.69341,46.20862],[-106.69419,46.20862],[-106.69419,46.20835],[-106.69769,46.20835],[-106.69769,46.20808],[-106.69964,46.20808],[-106.69964,46.20781],[-106.70042,46.20781],[-106.70042,46.20754],[-106.70354,46.20754],[-106.70354,46.20727],[-106.70393,46.20727],[-106.70393,46.20754],[-106.70899,46.20754],[-106.70899,46.20727],[-106.71055,46.207],[-106.71055,46.20647],[-106.71172,46.20647],[-106.71172,46.20673],[-106.7125,46.207],[-106.7125,46.20808],[-106.71601,46.20808],[-106.71601,46.20835],[-106.71796,46.20835],[-106.71796,46.20862],[-106.7199,46.20862],[-106.7199,46.20889],[-106.72068,46.20916],[-106.72068,46.20943],[-106.72146,46.20943],[-106.72146,46.20916],[-106.72185,46.20916],[-106.72185,46.2097],[-106.72224,46.2097],[-106.72224,46.20997],[-106.72341,46.20997],[-106.72341,46.21024],[-106.72497,46.21051],[-106.72497,46.21078],[-106.72536,46.21078],[-106.72536,46.21105],[-106.72614,46.21105],[-106.72614,46.21132],[-106.72653,46.21132],[-106.72653,46.21185],[-106.72848,46.21185],[-106.72848,46.21212],[-106.72887,46.21212],[-106.72887,46.21239],[-106.72965,46.21239],[-106.72965,46.21347],[-106.73004,46.21347],[-106.73004,46.21401],[-106.73043,46.21401],[-106.73043,46.21455],[-106.73082,46.21455],[-106.73082,46.21509],[-106.73121,46.21509],[-106.73121,46.21536],[-106.73159,46.21536],[-106.73159,46.21563],[-106.73237,46.21563],[-106.73237,46.2159],[-106.73276,46.2159],[-106.73276,46.21617],[-106.73354,46.21617],[-106.73354,46.21644],[-106.73393,46.21644],[-106.73393,46.21698],[-106.73432,46.21698],[-106.73432,46.21805],[-106.73471,46.21805],[-106.73471,46.21886],[-106.73549,46.21886],[-106.73549,46.21859],[-106.73588,46.21859],[-106.73588,46.2194],[-106.73549,46.2194],[-106.73549,46.21994],[-106.73627,46.21994],[-106.73627,46.21967],[-106.73666,46.21967],[-106.73666,46.22048],[-106.73705,46.22048],[-106.73705,46.22075],[-106.73783,46.22075],[-106.73783,46.22102],[-106.739,46.22102],[-106.739,46.2221],[-106.73978,46.22237],[-106.73978,46.22263],[-106.74134,46.22263],[-106.74134,46.2229],[-106.74173,46.2229],[-106.74173,46.22344],[-106.74095,46.22344],[-106.74095,46.22398],[-106.74134,46.22398],[-106.74134,46.22425],[-106.74173,46.22425],[-106.74173,46.22452],[-106.74212,46.22452],[-106.74212,46.22506],[-106.74251,46.22506],[-106.74251,46.22587],[-106.74289,46.22587],[-106.74289,46.22856],[-106.74328,46.22856],[-106.74328,46.2291],[-106.74367,46.2291],[-106.74367,46.23072],[-106.74328,46.23072],[-106.74328,46.23099],[-106.74367,46.23099],[-106.74367,46.23126],[-106.74445,46.23126],[-106.74445,46.2318],[-106.74523,46.23207],[-106.74523,46.23288],[-106.74484,46.23288],[-106.74484,46.23261],[-106.74406,46.23288],[-106.74406,46.23314],[-106.74445,46.23314],[-106.74445,46.23395],[-106.74406,46.23395],[-106.74406,46.23449],[-106.74445,46.23449],[-106.74445,46.2353],[-106.74406,46.2353],[-106.74406,46.23557],[-106.74484,46.23584],[-106.74484,46.23611],[-106.7464,46.23611],[-106.7464,46.23584],[-106.74679,46.23584],[-106.74679,46.23611],[-106.74757,46.23611],[-106.74757,46.23692],[-106.74835,46.23719],[-106.74835,46.23773],[-106.74913,46.23773],[-106.74913,46.23853],[-106.74952,46.23853],[-106.74952,46.23934],[-106.74991,46.23934],[-106.74991,46.24015],[-106.75069,46.24042],[-106.75069,46.2415],[-106.75147,46.2415],[-106.75147,46.24312],[-106.75225,46.24339],[-106.75225,46.24446],[-106.75186,46.24446],[-106.75186,46.245],[-106.75225,46.245],[-106.75225,46.24554],[-106.75264,46.24554],[-106.75264,46.24581],[-106.75225,46.24581],[-106.75225,46.24662],[-106.75303,46.24689],[-106.75303,46.24716],[-106.75264,46.24716],[-106.75264,46.24743],[-106.75303,46.24743],[-106.75303,46.24851],[-106.75225,46.24878],[-106.75225,46.24958],[-106.75108,46.24958],[-106.75108,46.24931],[-106.7503,46.24931],[-106.7503,46.24958],[-106.74991,46.24958],[-106.74991,46.25012],[-106.74952,46.25012],[-106.74952,46.25039],[-106.74913,46.25039],[-106.74913,46.25066],[-106.74874,46.25066],[-106.74874,46.25093],[-106.74913,46.25093],[-106.74913,46.2512],[-106.74757,46.2512],[-106.74757,46.25147],[-106.74679,46.25147],[-106.74679,46.25174],[-106.7464,46.25174],[-106.7464,46.25147],[-106.74562,46.25147],[-106.74562,46.2512],[-106.74523,46.2512],[-106.74523,46.25093],[-106.74445,46.25093],[-106.74445,46.25147],[-106.74367,46.25147],[-106.74367,46.2512],[-106.74328,46.2512],[-106.74328,46.25201],[-106.74289,46.25201],[-106.74289,46.25228],[-106.73978,46.25228],[-106.73978,46.25201],[-106.73939,46.25201],[-106.73939,46.25228],[-106.73861,46.25228],[-106.73861,46.25309],[-106.73744,46.25309],[-106.73744,46.25282],[-106.73393,46.25282],[-106.73393,46.25309],[-106.73082,46.25309],[-106.73082,46.25336],[-106.72965,46.25336],[-106.72965,46.25363],[-106.72614,46.25363],[-106.72614,46.2539],[-106.72458,46.2539],[-106.72458,46.2547],[-106.72419,46.2547],[-106.72419,46.25497],[-106.72341,46.25497],[-106.72341,46.2547],[-106.72302,46.2547],[-106.72302,46.25443],[-106.72263,46.25443],[-106.72263,46.2547],[-106.72107,46.2547],[-106.72107,46.25524],[-106.72068,46.25524],[-106.72068,46.25497],[-106.7199,46.25497],[-106.7199,46.2547],[-106.71952,46.2547],[-106.71952,46.25497],[-106.71913,46.25497],[-106.71913,46.2547],[-106.71796,46.2547],[-106.71796,46.25497],[-106.71757,46.25497],[-106.71757,46.25443],[-106.71718,46.25443],[-106.71718,46.25417],[-106.71484,46.25417],[-106.71484,46.25443],[-106.71445,46.25443],[-106.71445,46.25497],[-106.71523,46.25497],[-106.71523,46.2547],[-106.71718,46.2547],[-106.71718,46.25524],[-106.7164,46.25524],[-106.7164,46.25551],[-106.71328,46.25551],[-106.71328,46.25524],[-106.7125,46.25524],[-106.7125,46.25551],[-106.71133,46.25551],[-106.71133,46.25578],[-106.71055,46.25578],[-106.71055,46.25605],[-106.70977,46.25632],[-106.70977,46.25686],[-106.70938,46.25686],[-106.70938,46.25632],[-106.70783,46.25632],[-106.70783,46.25605],[-106.7051,46.25605],[-106.7051,46.25632],[-106.70549,46.25632],[-106.70549,46.25686],[-106.7051,46.25686],[-106.7051,46.25713],[-106.70432,46.25713],[-106.70432,46.2574],[-106.70393,46.2574],[-106.70393,46.25767],[-106.70315,46.25767],[-106.70315,46.25821],[-106.70237,46.25794],[-106.70237,46.25821],[-106.70159,46.25821],[-106.70159,46.25875],[-106.70081,46.25875],[-106.70081,46.25848],[-106.70042,46.25848],[-106.70042,46.25821],[-106.70003,46.25821],[-106.70003,46.25794],[-106.69925,46.25767],[-106.69925,46.25848]],[[-106.66224,46.24905],[-106.66224,46.24824],[-106.66185,46.24824],[-106.66185,46.24797],[-106.66107,46.24824],[-106.66107,46.24905],[-106.66224,46.24905]],[[-106.68055,46.24446],[-106.68094,46.24446],[-106.68094,46.24419],[-106.68055,46.24419],[-106.68055,46.24446]],[[-106.68873,46.24069],[-106.68912,46.24069],[-106.68912,46.24042],[-106.68873,46.24042],[-106.68873,46.24069]],[[-106.69263,46.21428],[-106.69263,46.21347],[-106.69224,46.21347],[-106.69224,46.21293],[-106.69146,46.2132],[-106.69146,46.21401],[-106.69224,46.21401],[-106.69224,46.21428],[-106.69263,46.21428]],[[-106.69263,46.21293],[-106.69263,46.21266],[-106.69224,46.21266],[-106.69224,46.21293],[-106.69263,46.21293]],[[-106.69302,46.21266],[-106.69302,46.21239],[-106.69263,46.21239],[-106.69263,46.21266],[-106.69302,46.21266]],[[-106.69341,46.21239],[-106.69341,46.21185],[-106.69302,46.21185],[-106.69302,46.21239],[-106.69341,46.21239]],[[-106.69107,46.2132],[-106.69107,46.21293],[-106.69068,46.21293],[-106.69068,46.2132],[-106.69107,46.2132]],[[-106.74406,46.23503],[-106.74367,46.23503],[-106.74367,46.2353],[-106.74406,46.2353],[-106.74406,46.23503]],[[-106.70042,46.25767],[-106.70042,46.2574],[-106.69964,46.2574],[-106.69964,46.25767],[-106.70042,46.25767]],[[-106.70159,46.2574],[-106.70159,46.25713],[-106.70276,46.25713],[-106.70276,46.25686],[-106.70081,46.25686],[-106.70081,46.25713],[-106.70042,46.25713],[-106.70042,46.2574],[-106.70159,46.2574]],[[-106.70354,46.25686],[-106.70354,46.25659],[-106.70276,46.25659],[-106.70276,46.25686],[-106.70354,46.25686]],[[-106.69614,46.25524],[-106.69614,46.25443],[-106.69536,46.25443],[-106.69536,46.2547],[-106.69497,46.2547],[-106.69497,46.25551],[-106.69575,46.25551],[-106.69575,46.25524],[-106.69614,46.25524]],[[-106.68328,46.25497],[-106.68328,46.2547],[-106.68172,46.2547],[-106.68172,46.25443],[-106.68133,46.25443],[-106.68133,46.25417],[-106.68055,46.25417],[-106.68055,46.2547],[-106.68133,46.2547],[-106.68133,46.25497],[-106.68172,46.25497],[-106.68172,46.25551],[-106.68406,46.25551],[-106.68406,46.25497],[-106.68328,46.25497]],[[-106.68912,46.25443],[-106.68873,46.25443],[-106.68873,46.25497],[-106.68834,46.25497],[-106.68834,46.25524],[-106.68951,46.25524],[-106.68951,46.25497],[-106.68912,46.25497],[-106.68912,46.25443]],[[-106.6899,46.25497],[-106.6899,46.2547],[-106.69146,46.2547],[-106.69146,46.25417],[-106.69107,46.25417],[-106.69107,46.25443],[-106.68951,46.25443],[-106.68951,46.25497],[-106.6899,46.25497]],[[-106.67782,46.25255],[-106.67782,46.25228],[-106.67704,46.25228],[-106.67704,46.25282],[-106.67782,46.25255]],[[-106.67315,46.25228],[-106.67315,46.25174],[-106.67276,46.25174],[-106.67276,46.25255],[-106.67354,46.25255],[-106.67354,46.25228],[-106.67315,46.25228]],[[-106.67548,46.24905],[-106.67548,46.24931],[-106.67587,46.24931],[-106.67587,46.24905],[-106.67548,46.24905]],[[-106.72458,46.2477],[-106.72458,46.24743],[-106.72497,46.24743],[-106.72497,46.24689],[-106.7238,46.24689],[-106.7238,46.24716],[-106.72302,46.24716],[-106.72302,46.24743],[-106.72263,46.24743],[-106.72263,46.24797],[-106.72419,46.24797],[-106.72419,46.2477],[-106.72458,46.2477]],[[-106.6786,46.24635],[-106.6786,46.24608],[-106.67782,46.24608],[-106.67782,46.24635],[-106.67743,46.24635],[-106.67743,46.24662],[-106.67821,46.24662],[-106.67821,46.24689],[-106.67977,46.24689],[-106.67977,46.24635],[-106.6786,46.24635]],[[-106.72419,46.24635],[-106.72419,46.24662],[-106.72458,46.24662],[-106.72458,46.24635],[-106.72419,46.24635]],[[-106.69847,46.24473],[-106.69847,46.245],[-106.69886,46.245],[-106.69886,46.24473],[-106.69847,46.24473]],[[-106.74289,46.23719],[-106.74289,46.23773],[-106.74328,46.23773],[-106.74328,46.23719],[-106.74289,46.23719]],[[-106.70588,46.2353],[-106.70588,46.23557],[-106.70627,46.23557],[-106.70627,46.2353],[-106.70588,46.2353]],[[-106.69847,46.22883],[-106.69847,46.22856],[-106.69614,46.22856],[-106.69614,46.22883],[-106.69692,46.22883],[-106.69692,46.2291],[-106.69847,46.22883]],[[-106.73822,46.22263],[-106.73822,46.2229],[-106.73861,46.2229],[-106.73861,46.22263],[-106.73822,46.22263]],[[-106.69847,46.21563],[-106.69847,46.21536],[-106.69886,46.21536],[-106.69886,46.21482],[-106.69808,46.21509],[-106.69808,46.21536],[-106.69769,46.21536],[-106.69769,46.21563],[-106.6973,46.21563],[-106.6973,46.2159],[-106.69808,46.2159],[-106.69808,46.21563],[-106.69847,46.21563]],[[-106.69925,46.21347],[-106.69925,46.2132],[-106.69886,46.2132],[-106.69886,46.21293],[-106.69847,46.21293],[-106.69847,46.21266],[-106.6973,46.21266],[-106.6973,46.21239],[-106.69692,46.21239],[-106.69692,46.21266],[-106.69614,46.21266],[-106.69614,46.2132],[-106.69653,46.2132],[-106.69653,46.21347],[-106.69692,46.21347],[-106.69692,46.21374],[-106.69847,46.21374],[-106.69847,46.21347],[-106.69925,46.21347]],[[-106.69964,46.21212],[-106.69964,46.21132],[-106.69925,46.21132],[-106.69925,46.21078],[-106.69886,46.21078],[-106.69886,46.21024],[-106.69808,46.21051],[-106.69808,46.21159],[-106.69847,46.21159],[-106.69847,46.21185],[-106.69886,46.21185],[-106.69886,46.21212],[-106.69925,46.21212],[-106.69925,46.21266],[-106.70003,46.21266],[-106.70003,46.21212],[-106.69964,46.21212]],[[-106.68951,46.21239],[-106.68951,46.21266],[-106.69029,46.21266],[-106.69029,46.21239],[-106.68951,46.21239]],[[-106.69653,46.21132],[-106.69653,46.21185],[-106.69692,46.21185],[-106.69692,46.21132],[-106.69653,46.21132]]],[[[-106.69224,46.23584],[-106.69263,46.23584],[-106.69263,46.23611],[-106.69224,46.23611],[-106.69224,46.23584]]],[[[-106.68756,46.25902],[-106.68795,46.25902],[-106.68795,46.25929],[-106.68756,46.25929],[-106.68756,46.25902]]]]},"properties":{"layer":"predicted_perimeter_24h","fire_name":"Valley","irwin_id":"{5E97EF7C-2039-44B3-8665-ADB0336B5488}","model":"arrival_run","checkpoint_epoch":216,"decode":"connected_causal","operating_point":{"floor":0.0,"mult":0.9},"val_precision":null,"val_recall":null,"model_caveat":"arrival_run chosen for best RECALL among the six FlameFlux v3 candidates on the production-valid t0-window corpus (R=0.624 on the fc2 held-out fires, R=0.432 on Dillon -- see candidate_comparison.md from the 2026-07-24 comparison). It does NOT meet the project's P>=0.50/R>=0.80 target: precision is the WORST of the six (P=0.120 on fc2 -- most flagged growth is wrong), and wind_run actually edges it on F1. IMPORTANT CAVEAT: arrival_run trained on the leaky 'observed' corpus (crop centered/sized on t0|t1, i.e. it saw the future perimeter's geometry during training) and has NEVER seen a t0-window crop -- the ONLY geometry this live pipeline can ever produce at forecast time (the future perimeter is, by definition, unknown). So every live prediction from this model is out-of-distribution relative to its own training. The measured t0-window numbers above already reflect that (they are not a surprise), but this is 'best available', not 'production-ready' -- represent it that way. The operating_point (floor=0.0, mult=0.9) is the VAL-selected connected-causal decode point; it did NOT clear the 0.50 precision floor during selection (feasible=False, val P=0.270/R=0.259) -- it's the best-F1 fallback point, not a precision-guaranteed one.","issued_at_utc":"2026-08-20 13:46:34.611898+00:00","valid_from_utc":"2026-08-20 00:00:00","valid_to_utc":"2026-08-21 00:00:00","wfigs_date_current_utc":"2026-08-20 12:05:00+00:00","pixel_size_m":30,"veg_source":"refreshed_d4","physics_source":"eikonal_fbfm40","history_n_dates":1,"degraded_history":true,"containment_pct":0.0,"acres_wfigs":224.5330361499428}},{"type":"Feature","geometry":{"type":"MultiPolygon","coordinates":[[[[-106.73627,46.21832],[-106.73627,46.21859],[-106.73588,46.21859],[-106.73588,46.21832],[-106.73627,46.21832]]],[[[-106.69925,46.25848],[-106.69886,46.25848],[-106.69886,46.25875],[-106.69847,46.25875],[-106.69847,46.25848],[-106.69769,46.25848],[-106.69769,46.25875],[-106.69653,46.25875],[-106.69653,46.25848],[-106.69419,46.25875],[-106.69419,46.25821],[-106.69341,46.25821],[-106.69341,46.25848],[-106.69302,46.25848],[-106.69302,46.25875],[-106.69263,46.25875],[-106.69263,46.25848],[-106.69224,46.25848],[-106.69224,46.25875],[-106.69185,46.25875],[-106.69185,46.25848],[-106.68834,46.25848],[-106.68834,46.25902],[-106.68795,46.25902],[-106.68795,46.25848],[-106.68756,46.25848],[-106.68756,46.25821],[-106.68639,46.25821],[-106.68639,46.25848],[-106.68561,46.25848],[-106.68561,46.25875],[-106.68484,46.25902],[-106.68484,46.25929],[-106.68406,46.25929],[-106.68406,46.25982],[-106.68367,46.25982],[-106.68367,46.2609],[-106.68289,46.2609],[-106.68289,46.26036],[-106.68172,46.26036],[-106.68172,46.26063],[-106.68133,46.26063],[-106.68133,46.26009],[-106.68094,46.26009],[-106.68094,46.25982],[-106.68055,46.25982],[-106.68055,46.25956],[-106.67977,46.25956],[-106.67977,46.25982],[-106.67938,46.25982],[-106.67938,46.26009],[-106.67899,46.26009],[-106.67899,46.25956],[-106.6786,46.25956],[-106.6786,46.25902],[-106.67938,46.25902],[-106.67938,46.25875],[-106.67977,46.25875],[-106.67977,46.25848],[-106.68055,46.25848],[-106.68055,46.25794],[-106.68094,46.25794],[-106.68094,46.25767],[-106.68172,46.2574],[-106.68172,46.25686],[-106.68133,46.25686],[-106.68133,46.25659],[-106.68172,46.25659],[-106.68172,46.25632],[-106.68211,46.25632],[-106.68211,46.25659],[-106.6825,46.25659],[-106.6825,46.25686],[-106.68328,46.25686],[-106.68328,46.25659],[-106.68367,46.25659],[-106.68367,46.25632],[-106.68133,46.25605],[-106.68133,46.25578],[-106.68094,46.25578],[-106.68094,46.25551],[-106.68016,46.25551],[-106.68016,46.25497],[-106.67821,46.25497],[-106.67821,46.25524],[-106.67782,46.25524],[-106.67782,46.25497],[-106.67743,46.25497],[-106.67743,46.25524],[-106.67704,46.25524],[-106.67704,46.25497],[-106.67587,46.25497],[-106.67587,46.25417],[-106.67626,46.25417],[-106.67626,46.25363],[-106.67431,46.25363],[-106.67431,46.25336],[-106.67354,46.25309],[-106.67354,46.25363],[-106.67393,46.25363],[-106.67393,46.2539],[-106.67276,46.2539],[-106.67276,46.25417],[-106.67237,46.25417],[-106.67237,46.25497],[-106.67276,46.25497],[-106.67276,46.25524],[-106.67315,46.25524],[-106.67315,46.25551],[-106.67276,46.25551],[-106.67276,46.25578],[-106.67159,46.25578],[-106.67159,46.25551],[-106.6712,46.25551],[-106.6712,46.25605],[-106.67003,46.25605],[-106.67003,46.25578],[-106.66847,46.25578],[-106.66847,46.25551],[-106.6673,46.25551],[-106.6673,46.25524],[-106.66652,46.25524],[-106.66652,46.25497],[-106.66418,46.25497],[-106.66418,46.2547],[-106.66301,46.2547],[-106.66301,46.25443],[-106.66263,46.25443],[-106.66263,46.25417],[-106.66107,46.25417],[-106.66107,46.2539],[-106.6599,46.2539],[-106.6599,46.25363],[-106.65912,46.25363],[-106.65912,46.25336],[-106.6599,46.25336],[-106.6599,46.25309],[-106.66146,46.25309],[-106.66146,46.25282],[-106.66107,46.25282],[-106.66107,46.25228],[-106.66068,46.25228],[-106.66068,46.25201],[-106.66146,46.25201],[-106.66146,46.25147],[-106.66107,46.25147],[-106.66107,46.25174],[-106.66029,46.25174],[-106.66029,46.25147],[-106.65951,46.2512],[-106.65951,46.25066],[-106.6599,46.25066],[-106.6599,46.25039],[-106.66029,46.25039],[-106.66029,46.25093],[-106.66068,46.25093],[-106.66068,46.25066],[-106.66185,46.25066],[-106.66185,46.25093],[-106.66224,46.25093],[-106.66224,46.25066],[-106.66301,46.25066],[-106.66301,46.25012],[-106.66224,46.25012],[-106.66224,46.24985],[-106.66185,46.24985],[-106.66185,46.24958],[-106.66107,46.24958],[-106.66107,46.24905],[-106.6599,46.24905],[-106.6599,46.24743],[-106.66068,46.24743],[-106.66068,46.2477],[-106.66107,46.2477],[-106.66107,46.24743],[-106.66185,46.24716],[-106.66185,46.24689],[-106.66224,46.24689],[-106.66224,46.24662],[-106.66379,46.24662],[-106.66379,46.24689],[-106.66457,46.24689],[-106.66457,46.24662],[-106.66691,46.24662],[-106.66691,46.24635],[-106.67159,46.24635],[-106.67159,46.24608],[-106.67393,46.24608],[-106.67393,46.24581],[-106.6747,46.24554],[-106.6747,46.245],[-106.67587,46.245],[-106.67587,46.24473],[-106.67626,46.24473],[-106.67626,46.24446],[-106.67743,46.24446],[-106.67743,46.24419],[-106.67782,46.24419],[-106.67782,46.24366],[-106.6786,46.24339],[-106.6786,46.24285],[-106.67938,46.24312],[-106.67938,46.24419],[-106.68055,46.24419],[-106.68055,46.24366],[-106.68211,46.24392],[-106.68211,46.24366],[-106.68133,46.24339],[-106.68133,46.24258],[-106.6825,46.24258],[-106.6825,46.24285],[-106.68289,46.24285],[-106.68289,46.24312],[-106.68406,46.24312],[-106.68406,46.24231],[-106.68445,46.24231],[-106.68445,46.24204],[-106.68484,46.24204],[-106.68484,46.24177],[-106.68717,46.24177],[-106.68717,46.24123],[-106.68678,46.24123],[-106.68678,46.24069],[-106.68639,46.24069],[-106.68639,46.24015],[-106.686,46.24015],[-106.686,46.23988],[-106.68678,46.23988],[-106.68678,46.24015],[-106.68717,46.24015],[-106.68717,46.24042],[-106.68873,46.24042],[-106.68873,46.23934],[-106.68912,46.23934],[-106.68912,46.23853],[-106.68795,46.23853],[-106.68795,46.23827],[-106.68834,46.23827],[-106.68834,46.238],[-106.69224,46.238],[-106.69224,46.23773],[-106.69302,46.23773],[-106.69302,46.23665],[-106.69263,46.23665],[-106.69263,46.23611],[-106.69341,46.23611],[-106.69341,46.23638],[-106.6938,46.23638],[-106.6938,46.23557],[-106.69341,46.23557],[-106.69341,46.23449],[-106.69419,46.23422],[-106.69419,46.23341],[-106.69458,46.23341],[-106.69458,46.23395],[-106.69536,46.23395],[-106.69536,46.23341],[-106.69497,46.23341],[-106.69497,46.23261],[-106.69536,46.23261],[-106.69536,46.23207],[-106.69614,46.23207],[-106.69614,46.23153],[-106.69536,46.23126],[-106.69536,46.22991],[-106.69497,46.22991],[-106.69497,46.2291],[-106.69458,46.2291],[-106.69458,46.22856],[-106.69536,46.22829],[-106.69536,46.22776],[-106.69497,46.22776],[-106.69497,46.22722],[-106.69536,46.22722],[-106.69536,46.22695],[-106.69614,46.22695],[-106.69614,46.22668],[-106.69769,46.22668],[-106.69769,46.22641],[-106.69847,46.22641],[-106.69847,46.22587],[-106.69808,46.22587],[-106.69808,46.2256],[-106.69847,46.2256],[-106.69847,46.22506],[-106.69886,46.22506],[-106.69886,46.22479],[-106.69808,46.22479],[-106.69808,46.22452],[-106.69769,46.22452],[-106.69769,46.22425],[-106.69653,46.22425],[-106.69653,46.22398],[-106.69614,46.22398],[-106.69614,46.22371],[-106.6973,46.22371],[-106.6973,46.22398],[-106.69808,46.22371],[-106.69808,46.2229],[-106.69769,46.2229],[-106.69769,46.22263],[-106.69653,46.22263],[-106.69653,46.22237],[-106.6973,46.2221],[-106.6973,46.22129],[-106.69769,46.22129],[-106.69769,46.22102],[-106.69808,46.22102],[-106.69808,46.22075],[-106.69886,46.22075],[-106.69886,46.21994],[-106.69692,46.21994],[-106.69692,46.21967],[-106.6973,46.21967],[-106.6973,46.21913],[-106.69769,46.21913],[-106.69769,46.21886],[-106.6973,46.21886],[-106.6973,46.21832],[-106.69692,46.21832],[-106.69692,46.21778],[-106.69614,46.21751],[-106.69614,46.21671],[-106.69692,46.21671],[-106.69692,46.21644],[-106.69653,46.21644],[-106.69653,46.2159],[-106.69536,46.2159],[-106.69536,46.21563],[-106.69497,46.21563],[-106.69497,46.21536],[-106.69341,46.21536],[-106.69341,46.21509],[-106.6938,46.21509],[-106.6938,46.21482],[-106.69497,46.21482],[-106.69497,46.21509],[-106.69575,46.21509],[-106.69575,46.21455],[-106.69614,46.21455],[-106.69614,46.21482],[-106.69692,46.21482],[-106.69692,46.21455],[-106.6973,46.21455],[-106.6973,46.21401],[-106.69653,46.21401],[-106.69653,46.21374],[-106.69575,46.21374],[-106.69575,46.21401],[-106.69536,46.21401],[-106.69536,46.21374],[-106.69458,46.21374],[-106.69458,46.21401],[-106.69419,46.21401],[-106.69419,46.21455],[-106.69341,46.21455],[-106.69341,46.21482],[-106.69263,46.21482],[-106.69263,46.21509],[-106.69224,46.21509],[-106.69224,46.21428],[-106.69068,46.21428],[-106.69068,46.2132],[-106.69029,46.2132],[-106.69029,46.21347],[-106.68951,46.21347],[-106.68951,46.2132],[-106.68873,46.21293],[-106.68873,46.21239],[-106.68834,46.21239],[-106.68834,46.21185],[-106.68717,46.21185],[-106.68717,46.21105],[-106.68795,46.21105],[-106.68795,46.21024],[-106.68834,46.21024],[-106.68834,46.20997],[-106.68912,46.20997],[-106.68912,46.2097],[-106.6899,46.2097],[-106.6899,46.20943],[-106.69068,46.20943],[-106.69068,46.20916],[-106.69263,46.20916],[-106.69263,46.20889],[-106.69341,46.20889],[-106.69341,46.20862],[-106.69419,46.20862],[-106.69419,46.20835],[-106.69769,46.20835],[-106.69769,46.20808],[-106.69964,46.20808],[-106.69964,46.20781],[-106.70042,46.20781],[-106.70042,46.20754],[-106.70354,46.20754],[-106.70354,46.20727],[-106.70393,46.20727],[-106.70393,46.20754],[-106.70899,46.20754],[-106.70899,46.20727],[-106.71055,46.207],[-106.71055,46.20647],[-106.71172,46.20647],[-106.71172,46.20673],[-106.7125,46.207],[-106.7125,46.20808],[-106.71601,46.20808],[-106.71601,46.20835],[-106.71796,46.20835],[-106.71796,46.20862],[-106.7199,46.20862],[-106.7199,46.20889],[-106.72068,46.20916],[-106.72068,46.20943],[-106.72146,46.20943],[-106.72146,46.20916],[-106.72185,46.20916],[-106.72185,46.2097],[-106.72224,46.2097],[-106.72224,46.20997],[-106.72341,46.20997],[-106.72341,46.21024],[-106.72497,46.21051],[-106.72497,46.21078],[-106.72536,46.21078],[-106.72536,46.21105],[-106.72614,46.21105],[-106.72614,46.21132],[-106.72653,46.21132],[-106.72653,46.21185],[-106.72848,46.21185],[-106.72848,46.21212],[-106.72887,46.21212],[-106.72887,46.21239],[-106.72965,46.21239],[-106.72965,46.21347],[-106.73004,46.21347],[-106.73004,46.21401],[-106.73043,46.21401],[-106.73043,46.21455],[-106.73082,46.21455],[-106.73082,46.21509],[-106.73121,46.21509],[-106.73121,46.21536],[-106.73159,46.21536],[-106.73159,46.21563],[-106.73237,46.21563],[-106.73237,46.2159],[-106.73276,46.2159],[-106.73276,46.21617],[-106.73354,46.21617],[-106.73354,46.21644],[-106.73393,46.21644],[-106.73393,46.21698],[-106.73432,46.21698],[-106.73432,46.21805],[-106.73471,46.21805],[-106.73471,46.21886],[-106.73549,46.21886],[-106.73549,46.21859],[-106.73588,46.21859],[-106.73588,46.2194],[-106.73549,46.2194],[-106.73549,46.21994],[-106.73627,46.21994],[-106.73627,46.21967],[-106.73666,46.21967],[-106.73666,46.22048],[-106.73705,46.22048],[-106.73705,46.22075],[-106.73783,46.22075],[-106.73783,46.22102],[-106.739,46.22102],[-106.739,46.2221],[-106.73978,46.22237],[-106.73978,46.22263],[-106.74134,46.22263],[-106.74134,46.2229],[-106.74173,46.2229],[-106.74173,46.22344],[-106.74095,46.22344],[-106.74095,46.22398],[-106.74134,46.22398],[-106.74134,46.22425],[-106.74173,46.22425],[-106.74173,46.22452],[-106.74212,46.22452],[-106.74212,46.22506],[-106.74251,46.22506],[-106.74251,46.22587],[-106.74289,46.22587],[-106.74289,46.22856],[-106.74328,46.22856],[-106.74328,46.2291],[-106.74367,46.2291],[-106.74367,46.23072],[-106.74328,46.23072],[-106.74328,46.23099],[-106.74367,46.23099],[-106.74367,46.23126],[-106.74445,46.23126],[-106.74445,46.2318],[-106.74523,46.23207],[-106.74523,46.23288],[-106.74484,46.23288],[-106.74484,46.23261],[-106.74406,46.23288],[-106.74406,46.23314],[-106.74445,46.23314],[-106.74445,46.23395],[-106.74406,46.23395],[-106.74406,46.23449],[-106.74445,46.23449],[-106.74445,46.2353],[-106.74406,46.2353],[-106.74406,46.23557],[-106.74484,46.23584],[-106.74484,46.23611],[-106.7464,46.23611],[-106.7464,46.23584],[-106.74679,46.23584],[-106.74679,46.23611],[-106.74757,46.23611],[-106.74757,46.23692],[-106.74835,46.23719],[-106.74835,46.23773],[-106.74913,46.23773],[-106.74913,46.23853],[-106.74952,46.23853],[-106.74952,46.23934],[-106.74991,46.23934],[-106.74991,46.24015],[-106.75069,46.24042],[-106.75069,46.2415],[-106.75147,46.2415],[-106.75147,46.24312],[-106.75225,46.24339],[-106.75225,46.24446],[-106.75186,46.24446],[-106.75186,46.245],[-106.75225,46.245],[-106.75225,46.24554],[-106.75264,46.24554],[-106.75264,46.24581],[-106.75225,46.24581],[-106.75225,46.24662],[-106.75303,46.24689],[-106.75303,46.24716],[-106.75264,46.24716],[-106.75264,46.24743],[-106.75303,46.24743],[-106.75303,46.24851],[-106.75225,46.24878],[-106.75225,46.24958],[-106.75108,46.24958],[-106.75108,46.24931],[-106.7503,46.24931],[-106.7503,46.24958],[-106.74991,46.24958],[-106.74991,46.25012],[-106.74952,46.25012],[-106.74952,46.25039],[-106.74913,46.25039],[-106.74913,46.25066],[-106.74874,46.25066],[-106.74874,46.25093],[-106.74913,46.25093],[-106.74913,46.2512],[-106.74757,46.2512],[-106.74757,46.25147],[-106.74679,46.25147],[-106.74679,46.25174],[-106.7464,46.25174],[-106.7464,46.25147],[-106.74562,46.25147],[-106.74562,46.2512],[-106.74523,46.2512],[-106.74523,46.25093],[-106.74445,46.25093],[-106.74445,46.25147],[-106.74367,46.25147],[-106.74367,46.2512],[-106.74328,46.2512],[-106.74328,46.25201],[-106.74289,46.25201],[-106.74289,46.25228],[-106.73978,46.25228],[-106.73978,46.25201],[-106.73939,46.25201],[-106.73939,46.25228],[-106.73861,46.25228],[-106.73861,46.25309],[-106.73744,46.25309],[-106.73744,46.25282],[-106.73393,46.25282],[-106.73393,46.25309],[-106.73082,46.25309],[-106.73082,46.25336],[-106.72965,46.25336],[-106.72965,46.25363],[-106.72614,46.25363],[-106.72614,46.2539],[-106.72458,46.2539],[-106.72458,46.2547],[-106.72419,46.2547],[-106.72419,46.25497],[-106.72341,46.25497],[-106.72341,46.2547],[-106.72302,46.2547],[-106.72302,46.25443],[-106.72263,46.25443],[-106.72263,46.2547],[-106.72107,46.2547],[-106.72107,46.25524],[-106.72068,46.25524],[-106.72068,46.25497],[-106.7199,46.25497],[-106.7199,46.2547],[-106.71952,46.2547],[-106.71952,46.25497],[-106.71913,46.25497],[-106.71913,46.2547],[-106.71796,46.2547],[-106.71796,46.25497],[-106.71757,46.25497],[-106.71757,46.25443],[-106.71718,46.25443],[-106.71718,46.25417],[-106.71484,46.25417],[-106.71484,46.25443],[-106.71445,46.25443],[-106.71445,46.25497],[-106.71523,46.25497],[-106.71523,46.2547],[-106.71718,46.2547],[-106.71718,46.25524],[-106.7164,46.25524],[-106.7164,46.25551],[-106.71328,46.25551],[-106.71328,46.25524],[-106.7125,46.25524],[-106.7125,46.25551],[-106.71133,46.25551],[-106.71133,46.25578],[-106.71055,46.25578],[-106.71055,46.25605],[-106.70977,46.25632],[-106.70977,46.25686],[-106.70938,46.25686],[-106.70938,46.25632],[-106.70783,46.25632],[-106.70783,46.25605],[-106.7051,46.25605],[-106.7051,46.25632],[-106.70549,46.25632],[-106.70549,46.25686],[-106.7051,46.25686],[-106.7051,46.25713],[-106.70432,46.25713],[-106.70432,46.2574],[-106.70393,46.2574],[-106.70393,46.25767],[-106.70315,46.25767],[-106.70315,46.25821],[-106.70237,46.25794],[-106.70237,46.25821],[-106.70159,46.25821],[-106.70159,46.25875],[-106.70081,46.25875],[-106.70081,46.25848],[-106.70042,46.25848],[-106.70042,46.25821],[-106.70003,46.25821],[-106.70003,46.25794],[-106.69925,46.25767],[-106.69925,46.25848]],[[-106.66224,46.24905],[-106.66224,46.24824],[-106.66185,46.24824],[-106.66185,46.24797],[-106.66107,46.24824],[-106.66107,46.24905],[-106.66224,46.24905]],[[-106.68055,46.24446],[-106.68094,46.24446],[-106.68094,46.24419],[-106.68055,46.24419],[-106.68055,46.24446]],[[-106.68873,46.24069],[-106.68912,46.24069],[-106.68912,46.24042],[-106.68873,46.24042],[-106.68873,46.24069]],[[-106.69263,46.21428],[-106.69263,46.21347],[-106.69224,46.21347],[-106.69224,46.21293],[-106.69146,46.2132],[-106.69146,46.21401],[-106.69224,46.21401],[-106.69224,46.21428],[-106.69263,46.21428]],[[-106.69263,46.21293],[-106.69263,46.21266],[-106.69224,46.21266],[-106.69224,46.21293],[-106.69263,46.21293]],[[-106.69302,46.21266],[-106.69302,46.21239],[-106.69263,46.21239],[-106.69263,46.21266],[-106.69302,46.21266]],[[-106.69341,46.21239],[-106.69341,46.21185],[-106.69302,46.21185],[-106.69302,46.21239],[-106.69341,46.21239]],[[-106.69107,46.2132],[-106.69107,46.21293],[-106.69068,46.21293],[-106.69068,46.2132],[-106.69107,46.2132]],[[-106.74406,46.23503],[-106.74367,46.23503],[-106.74367,46.2353],[-106.74406,46.2353],[-106.74406,46.23503]],[[-106.70042,46.25767],[-106.70042,46.2574],[-106.69964,46.2574],[-106.69964,46.25767],[-106.70042,46.25767]],[[-106.70159,46.2574],[-106.70159,46.25713],[-106.70276,46.25713],[-106.70276,46.25686],[-106.70081,46.25686],[-106.70081,46.25713],[-106.70042,46.25713],[-106.70042,46.2574],[-106.70159,46.2574]],[[-106.70354,46.25686],[-106.70354,46.25659],[-106.70276,46.25659],[-106.70276,46.25686],[-106.70354,46.25686]],[[-106.69614,46.25524],[-106.69614,46.25443],[-106.69536,46.25443],[-106.69536,46.2547],[-106.69497,46.2547],[-106.69497,46.25551],[-106.69575,46.25551],[-106.69575,46.25524],[-106.69614,46.25524]],[[-106.68328,46.25497],[-106.68328,46.2547],[-106.68172,46.2547],[-106.68172,46.25443],[-106.68133,46.25443],[-106.68133,46.25417],[-106.68055,46.25417],[-106.68055,46.2547],[-106.68133,46.2547],[-106.68133,46.25497],[-106.68172,46.25497],[-106.68172,46.25551],[-106.68406,46.25551],[-106.68406,46.25497],[-106.68328,46.25497]],[[-106.68912,46.25443],[-106.68873,46.25443],[-106.68873,46.25497],[-106.68834,46.25497],[-106.68834,46.25524],[-106.68951,46.25524],[-106.68951,46.25497],[-106.68912,46.25497],[-106.68912,46.25443]],[[-106.6899,46.25497],[-106.6899,46.2547],[-106.69146,46.2547],[-106.69146,46.25417],[-106.69107,46.25417],[-106.69107,46.25443],[-106.68951,46.25443],[-106.68951,46.25497],[-106.6899,46.25497]],[[-106.67782,46.25255],[-106.67782,46.25228],[-106.67704,46.25228],[-106.67704,46.25282],[-106.67782,46.25255]],[[-106.67315,46.25228],[-106.67315,46.25174],[-106.67276,46.25174],[-106.67276,46.25255],[-106.67354,46.25255],[-106.67354,46.25228],[-106.67315,46.25228]],[[-106.67548,46.24905],[-106.67548,46.24931],[-106.67587,46.24931],[-106.67587,46.24905],[-106.67548,46.24905]],[[-106.7086,46.24851],[-106.7086,46.2477],[-106.71016,46.2477],[-106.71016,46.24743],[-106.70977,46.24743],[-106.70977,46.24689],[-106.71055,46.24716],[-106.71055,46.24689],[-106.71094,46.24689],[-106.71094,46.24662],[-106.71172,46.24635],[-106.71172,46.24581],[-106.71211,46.24581],[-106.71211,46.24527],[-106.71172,46.24527],[-106.71172,46.24473],[-106.71094,46.24446],[-106.71094,46.24419],[-106.71055,46.24419],[-106.71055,46.24392],[-106.70977,46.24392],[-106.70977,46.24366],[-106.70938,46.24366],[-106.70938,46.24339],[-106.70899,46.24339],[-106.70899,46.24285],[-106.7086,46.24285],[-106.7086,46.24231],[-106.70938,46.24204],[-106.70938,46.24123],[-106.70899,46.24123],[-106.70899,46.24096],[-106.70977,46.24096],[-106.70977,46.24042],[-106.71016,46.24042],[-106.71016,46.24015],[-106.70977,46.24015],[-106.70977,46.23934],[-106.71094,46.23934],[-106.71094,46.23907],[-106.71172,46.23907],[-106.71172,46.238],[-106.7125,46.23773],[-106.7125,46.23611],[-106.71133,46.23611],[-106.71133,46.23584],[-106.71094,46.23584],[-106.71094,46.23557],[-106.70666,46.23557],[-106.70666,46.2353],[-106.70588,46.2353],[-106.70588,46.23557],[-106.70549,46.23557],[-106.70549,46.23638],[-106.70588,46.23638],[-106.70588,46.23665],[-106.70666,46.23692],[-106.70666,46.23773],[-106.70549,46.23773],[-106.70549,46.2388],[-106.7051,46.2388],[-106.7051,46.23907],[-106.70393,46.23907],[-106.70393,46.23934],[-106.70315,46.23934],[-106.70315,46.23961],[-106.70276,46.23961],[-106.70276,46.23988],[-106.7012,46.24015],[-106.7012,46.24042],[-106.70081,46.24042],[-106.70081,46.24069],[-106.70003,46.24096],[-106.70003,46.24204],[-106.70042,46.24204],[-106.70042,46.24258],[-106.70081,46.24258],[-106.70081,46.24339],[-106.7012,46.24339],[-106.7012,46.24419],[-106.70042,46.24446],[-106.70042,46.24473],[-106.70003,46.24473],[-106.70003,46.24446],[-106.69886,46.24446],[-106.69886,46.24473],[-106.69847,46.24473],[-106.69847,46.24554],[-106.69925,46.24554],[-106.69925,46.24581],[-106.69964,46.24581],[-106.69964,46.24608],[-106.70042,46.24635],[-106.70042,46.24689],[-106.7012,46.24689],[-106.7012,46.24716],[-106.70159,46.24716],[-106.70159,46.24743],[-106.70393,46.2477],[-106.70393,46.24797],[-106.70588,46.24797],[-106.70588,46.2477],[-106.70627,46.2477],[-106.70627,46.24797],[-106.70666,46.24797],[-106.70666,46.24878],[-106.70705,46.24878],[-106.70705,46.24851],[-106.7086,46.24851]],[[-106.72458,46.2477],[-106.72458,46.24743],[-106.72497,46.24743],[-106.72497,46.24689],[-106.7238,46.24689],[-106.7238,46.24716],[-106.72302,46.24716],[-106.72302,46.24743],[-106.72263,46.24743],[-106.72263,46.24797],[-106.72419,46.24797],[-106.72419,46.2477],[-106.72458,46.2477]],[[-106.6786,46.24635],[-106.6786,46.24608],[-106.67782,46.24608],[-106.67782,46.24635],[-106.67743,46.24635],[-106.67743,46.24662],[-106.67821,46.24662],[-106.67821,46.24689],[-106.67977,46.24689],[-106.67977,46.24635],[-106.6786,46.24635]],[[-106.72419,46.24635],[-106.72419,46.24662],[-106.72458,46.24662],[-106.72458,46.24635],[-106.72419,46.24635]],[[-106.74289,46.23719],[-106.74289,46.23773],[-106.74328,46.23773],[-106.74328,46.23719],[-106.74289,46.23719]],[[-106.69847,46.22883],[-106.69847,46.22856],[-106.69614,46.22856],[-106.69614,46.22883],[-106.69692,46.22883],[-106.69692,46.2291],[-106.69847,46.22883]],[[-106.73822,46.22263],[-106.73822,46.2229],[-106.73861,46.2229],[-106.73861,46.22263],[-106.73822,46.22263]],[[-106.69847,46.21563],[-106.69847,46.21536],[-106.69886,46.21536],[-106.69886,46.21482],[-106.69808,46.21509],[-106.69808,46.21536],[-106.69769,46.21536],[-106.69769,46.21563],[-106.6973,46.21563],[-106.6973,46.2159],[-106.69808,46.2159],[-106.69808,46.21563],[-106.69847,46.21563]],[[-106.69925,46.21347],[-106.69925,46.2132],[-106.69886,46.2132],[-106.69886,46.21293],[-106.69847,46.21293],[-106.69847,46.21266],[-106.6973,46.21266],[-106.6973,46.21239],[-106.69692,46.21239],[-106.69692,46.21266],[-106.69614,46.21266],[-106.69614,46.2132],[-106.69653,46.2132],[-106.69653,46.21347],[-106.69692,46.21347],[-106.69692,46.21374],[-106.69847,46.21374],[-106.69847,46.21347],[-106.69925,46.21347]],[[-106.69964,46.21212],[-106.69964,46.21132],[-106.69925,46.21132],[-106.69925,46.21078],[-106.69886,46.21078],[-106.69886,46.21024],[-106.69808,46.21051],[-106.69808,46.21159],[-106.69847,46.21159],[-106.69847,46.21185],[-106.69886,46.21185],[-106.69886,46.21212],[-106.69925,46.21212],[-106.69925,46.21266],[-106.70003,46.21266],[-106.70003,46.21212],[-106.69964,46.21212]],[[-106.68951,46.21239],[-106.68951,46.21266],[-106.69029,46.21266],[-106.69029,46.21239],[-106.68951,46.21239]],[[-106.69653,46.21132],[-106.69653,46.21185],[-106.69692,46.21185],[-106.69692,46.21132],[-106.69653,46.21132]]],[[[-106.69224,46.23584],[-106.69263,46.23584],[-106.69263,46.23611],[-106.69224,46.23611],[-106.69224,46.23584]]],[[[-106.68756,46.25902],[-106.68795,46.25902],[-106.68795,46.25929],[-106.68756,46.25929],[-106.68756,46.25902]]]]},"properties":{"layer":"predicted_growth_24h","fire_name":"Valley","irwin_id":"{5E97EF7C-2039-44B3-8665-ADB0336B5488}","model":"arrival_run","checkpoint_epoch":216,"decode":"connected_causal","operating_point":{"floor":0.0,"mult":0.9},"val_precision":null,"val_recall":null,"model_caveat":"arrival_run chosen for best RECALL among the six FlameFlux v3 candidates on the production-valid t0-window corpus (R=0.624 on the fc2 held-out fires, R=0.432 on Dillon -- see candidate_comparison.md from the 2026-07-24 comparison). It does NOT meet the project's P>=0.50/R>=0.80 target: precision is the WORST of the six (P=0.120 on fc2 -- most flagged growth is wrong), and wind_run actually edges it on F1. IMPORTANT CAVEAT: arrival_run trained on the leaky 'observed' corpus (crop centered/sized on t0|t1, i.e. it saw the future perimeter's geometry during training) and has NEVER seen a t0-window crop -- the ONLY geometry this live pipeline can ever produce at forecast time (the future perimeter is, by definition, unknown). So every live prediction from this model is out-of-distribution relative to its own training. The measured t0-window numbers above already reflect that (they are not a surprise), but this is 'best available', not 'production-ready' -- represent it that way. The operating_point (floor=0.0, mult=0.9) is the VAL-selected connected-causal decode point; it did NOT clear the 0.50 precision floor during selection (feasible=False, val P=0.270/R=0.259) -- it's the best-F1 fallback point, not a precision-guaranteed one.","issued_at_utc":"2026-08-20 13:46:34.611898+00:00","valid_from_utc":"2026-08-20 00:00:00","valid_to_utc":"2026-08-21 00:00:00","wfigs_date_current_utc":"2026-08-20 12:05:00+00:00","pixel_size_m":30,"veg_source":"refreshed_d4","physics_source":"eikonal_fbfm40","history_n_dates":1,"degraded_history":true,"containment_pct":0.0,"acres_wfigs":224.5330361499428}},{"type":"Feature","geometry":{"type":"Polygon","coordinates":[[[-106.70822,46.24931],[-106.70822,46.24905],[-106.7086,46.24905],[-106.7086,46.24878],[-106.70938,46.24878],[-106.70938,46.24851],[-106.70977,46.24851],[-106.70977,46.24824],[-106.71016,46.24824],[-106.71016,46.24797],[-106.71094,46.24797],[-106.71094,46.2477],[-106.71133,46.2477],[-106.71133,46.24743],[-106.71172,46.24743],[-106.71172,46.24716],[-106.71211,46.24716],[-106.71211,46.24662],[-106.7125,46.24662],[-106.7125,46.24608],[-106.71328,46.24581],[-106.71328,46.245],[-106.71289,46.245],[-106.71289,46.24446],[-106.71211,46.24419],[-106.71211,46.24258],[-106.71172,46.24258],[-106.71172,46.24204],[-106.71133,46.24204],[-106.71133,46.23988],[-106.71211,46.23961],[-106.71211,46.23934],[-106.7125,46.23934],[-106.7125,46.23907],[-106.71289,46.23907],[-106.71289,46.238],[-106.71367,46.23773],[-106.71367,46.23611],[-106.71328,46.23611],[-106.71328,46.23584],[-106.71289,46.23584],[-106.71289,46.23557],[-106.71133,46.2353],[-106.71133,46.23503],[-106.71016,46.23503],[-106.71016,46.23476],[-106.70549,46.23476],[-106.70549,46.23503],[-106.7051,46.23503],[-106.7051,46.2353],[-106.70471,46.2353],[-106.70471,46.23638],[-106.7051,46.23638],[-106.7051,46.23719],[-106.70471,46.23719],[-106.70471,46.23773],[-106.70432,46.23773],[-106.70432,46.23827],[-106.70393,46.23827],[-106.70393,46.23853],[-106.70315,46.23853],[-106.70315,46.2388],[-106.70237,46.2388],[-106.70237,46.23907],[-106.70198,46.23907],[-106.70198,46.23934],[-106.70042,46.23961],[-106.70042,46.23988],[-106.70003,46.23988],[-106.70003,46.24015],[-106.69925,46.24042],[-106.69925,46.24231],[-106.69964,46.24231],[-106.69964,46.24312],[-106.70003,46.24312],[-106.70003,46.24366],[-106.69886,46.24366],[-106.69886,46.24392],[-106.69808,46.24392],[-106.69808,46.24446],[-106.69769,46.24446],[-106.69769,46.24554],[-106.69847,46.24581],[-106.69847,46.24608],[-106.69886,46.24608],[-106.69886,46.24635],[-106.69925,46.24635],[-106.69925,46.24662],[-106.69964,46.24662],[-106.69964,46.24689],[-106.70003,46.24689],[-106.70003,46.24743],[-106.70081,46.24743],[-106.70081,46.2477],[-106.7012,46.2477],[-106.7012,46.24797],[-106.70159,46.24797],[-106.70159,46.24824],[-106.70276,46.24824],[-106.70276,46.24851],[-106.70393,46.24851],[-106.70393,46.24878],[-106.70627,46.24878],[-106.70627,46.24931],[-106.70822,46.24931]],[[-106.69886,46.245],[-106.69847,46.245],[-106.69847,46.24473],[-106.69886,46.24473],[-106.69886,46.245]],[[-106.70627,46.23557],[-106.70588,46.23557],[-106.70588,46.2353],[-106.70627,46.2353],[-106.70627,46.23557]]]},"properties":{"layer":"predicted_reach_h01","fire_name":"Valley","irwin_id":"{5E97EF7C-2039-44B3-8665-ADB0336B5488}","model":"arrival_run","checkpoint_epoch":216,"decode":"connected_causal","operating_point":{"floor":0.0,"mult":0.9},"val_precision":null,"val_recall":null,"model_caveat":"arrival_run chosen for best RECALL among the six FlameFlux v3 candidates on the production-valid t0-window corpus (R=0.624 on the fc2 held-out fires, R=0.432 on Dillon -- see candidate_comparison.md from the 2026-07-24 comparison). It does NOT meet the project's P>=0.50/R>=0.80 target: precision is the WORST of the six (P=0.120 on fc2 -- most flagged growth is wrong), and wind_run actually edges it on F1. IMPORTANT CAVEAT: arrival_run trained on the leaky 'observed' corpus (crop centered/sized on t0|t1, i.e. it saw the future perimeter's geometry during training) and has NEVER seen a t0-window crop -- the ONLY geometry this live pipeline can ever produce at forecast time (the future perimeter is, by definition, unknown). So every live prediction from this model is out-of-distribution relative to its own training. The measured t0-window numbers above already reflect that (they are not a surprise), but this is 'best available', not 'production-ready' -- represent it that way. The operating_point (floor=0.0, mult=0.9) is the VAL-selected connected-causal decode point; it did NOT clear the 0.50 precision floor during selection (feasible=False, val P=0.270/R=0.259) -- it's the best-F1 fallback point, not a precision-guaranteed one.","issued_at_utc":"2026-08-20 13:46:34.611898+00:00","valid_from_utc":"2026-08-20 00:00:00","valid_to_utc":"2026-08-21 00:00:00","wfigs_date_current_utc":"2026-08-20 12:05:00+00:00","pixel_size_m":30,"veg_source":"refreshed_d4","physics_source":"eikonal_fbfm40","history_n_dates":1,"degraded_history":true,"containment_pct":0.0,"acres_wfigs":224.5330361499428,"hour":1,"valid_at_utc":"2026-08-20 01:00:00"}},{"type":"Feature","geometry":{"type":"MultiPolygon","coordinates":[[[[-106.70744,46.23018],[-106.70744,46.23045],[-106.70705,46.23045],[-106.70705,46.23018],[-106.70744,46.23018]]],[[[-106.70276,46.23126],[-106.70315,46.23126],[-106.70315,46.23099],[-106.70393,46.23099],[-106.70393,46.23072],[-106.70432,46.23072],[-106.70432,46.23153],[-106.70354,46.23153],[-106.70354,46.2318],[-106.70237,46.2318],[-106.70237,46.23153],[-106.70276,46.23153],[-106.70276,46.23126]]],[[[-106.70938,46.2318],[-106.7086,46.23207],[-106.7086,46.23099],[-106.70938,46.23099],[-106.70938,46.2318]]],[[[-106.7086,46.23261],[-106.70783,46.23261],[-106.70783,46.23234],[-106.7086,46.23234],[-106.7086,46.23261]]],[[[-106.70198,46.23288],[-106.70237,46.23288],[-106.70237,46.23314],[-106.70159,46.23314],[-106.70159,46.23261],[-106.70198,46.23261],[-106.70198,46.23288]]],[[[-106.69769,46.24042],[-106.69769,46.24015],[-106.69847,46.24042],[-106.69847,46.23988],[-106.69925,46.23988],[-106.69925,46.23961],[-106.70003,46.23961],[-106.70003,46.23934],[-106.70159,46.23907],[-106.70159,46.2388],[-106.70198,46.2388],[-106.70198,46.23853],[-106.70237,46.23853],[-106.70237,46.23827],[-106.70393,46.238],[-106.70393,46.23746],[-106.70432,46.23746],[-106.70432,46.23692],[-106.70393,46.23692],[-106.70393,46.23638],[-106.70354,46.23638],[-106.70354,46.23557],[-106.70315,46.23557],[-106.70315,46.2353],[-106.70276,46.2353],[-106.70276,46.23503],[-106.70315,46.23503],[-106.70315,46.23476],[-106.70471,46.23476],[-106.70471,46.23395],[-106.70432,46.23395],[-106.70432,46.23368],[-106.70354,46.23341],[-106.70354,46.23288],[-106.70432,46.23261],[-106.70432,46.23234],[-106.7051,46.23234],[-106.7051,46.23288],[-106.70549,46.23288],[-106.70549,46.23341],[-106.70588,46.23341],[-106.70588,46.23368],[-106.70705,46.23368],[-106.70705,46.23341],[-106.70822,46.23341],[-106.70822,46.23314],[-106.7086,46.23314],[-106.7086,46.23341],[-106.70938,46.23368],[-106.70938,46.23395],[-106.70977,46.23395],[-106.70977,46.23422],[-106.71016,46.23422],[-106.71016,46.23449],[-106.71133,46.23449],[-106.71133,46.23476],[-106.71211,46.23476],[-106.71211,46.23503],[-106.71289,46.23476],[-106.71289,46.2353],[-106.71367,46.2353],[-106.71367,46.23584],[-106.71445,46.23584],[-106.71445,46.23638],[-106.71484,46.23638],[-106.71484,46.23665],[-106.71523,46.23665],[-106.71523,46.23692],[-106.71601,46.23692],[-106.71601,46.238],[-106.71679,46.238],[-106.71679,46.23961],[-106.7164,46.23961],[-106.7164,46.24015],[-106.71601,46.24015],[-106.71601,46.24042],[-106.71523,46.24042],[-106.71523,46.24096],[-106.71484,46.24096],[-106.71484,46.24123],[-106.71406,46.2415],[-106.71406,46.24204],[-106.71562,46.24231],[-106.71562,46.24312],[-106.71523,46.24312],[-106.71523,46.24339],[-106.71484,46.24339],[-106.71484,46.24366],[-106.71445,46.24366],[-106.71445,46.24419],[-106.71601,46.24419],[-106.71601,46.245],[-106.7164,46.245],[-106.7164,46.24527],[-106.71679,46.24527],[-106.71679,46.24554],[-106.7164,46.24554],[-106.7164,46.24581],[-106.71484,46.24581],[-106.71484,46.24554],[-106.71406,46.24554],[-106.71406,46.24608],[-106.71328,46.24635],[-106.71328,46.24716],[-106.71367,46.24716],[-106.71367,46.24743],[-106.71484,46.24743],[-106.71484,46.2477],[-106.71562,46.2477],[-106.71562,46.24824],[-106.7164,46.24851],[-106.7164,46.24878],[-106.71718,46.24878],[-106.71718,46.24931],[-106.71523,46.24931],[-106.71523,46.24958],[-106.71406,46.24958],[-106.71406,46.25012],[-106.71094,46.25039],[-106.71094,46.24958],[-106.71289,46.24958],[-106.71289,46.24931],[-106.71367,46.24931],[-106.71367,46.24878],[-106.71328,46.24878],[-106.71328,46.24851],[-106.7125,46.24851],[-106.7125,46.24878],[-106.71211,46.24878],[-106.71211,46.24905],[-106.71133,46.24905],[-106.71133,46.24931],[-106.71016,46.24931],[-106.71016,46.24958],[-106.70938,46.24985],[-106.70938,46.25012],[-106.70977,46.25012],[-106.70977,46.25039],[-106.71016,46.25039],[-106.71016,46.25066],[-106.71094,46.25066],[-106.71094,46.25093],[-106.71133,46.25093],[-106.71133,46.2512],[-106.71094,46.2512],[-106.71094,46.25147],[-106.71055,46.25147],[-106.71055,46.2512],[-106.70938,46.2512],[-106.70938,46.25093],[-106.70822,46.25093],[-106.70822,46.25066],[-106.70666,46.25066],[-106.70666,46.25093],[-106.70588,46.25066],[-106.70588,46.25093],[-106.70549,46.25093],[-106.70549,46.2512],[-106.70588,46.2512],[-106.70588,46.25174],[-106.70549,46.25174],[-106.70549,46.25201],[-106.70432,46.25201],[-106.70432,46.2512],[-106.70354,46.25093],[-106.70354,46.25039],[-106.70315,46.25039],[-106.70315,46.25012],[-106.70276,46.25012],[-106.70276,46.24985],[-106.70198,46.24985],[-106.70198,46.25012],[-106.70237,46.25012],[-106.70237,46.25039],[-106.7012,46.25039],[-106.7012,46.25012],[-106.70081,46.25012],[-106.70081,46.24985],[-106.70042,46.24985],[-106.70042,46.24905],[-106.69964,46.24905],[-106.69964,46.24878],[-106.69925,46.24878],[-106.69925,46.24797],[-106.69847,46.24797],[-106.69847,46.2477],[-106.69769,46.2477],[-106.69769,46.24743],[-106.69692,46.24743],[-106.69692,46.24716],[-106.69653,46.24716],[-106.69653,46.24662],[-106.69614,46.24662],[-106.69614,46.24608],[-106.69536,46.24581],[-106.69536,46.24527],[-106.69497,46.24527],[-106.69497,46.24473],[-106.69458,46.24473],[-106.69458,46.24392],[-106.69419,46.24392],[-106.69419,46.24339],[-106.69536,46.24339],[-106.69536,46.24366],[-106.69575,46.24366],[-106.69575,46.24392],[-106.69614,46.24392],[-106.69614,46.24419],[-106.69653,46.24419],[-106.69653,46.24446],[-106.69692,46.24446],[-106.69692,46.24473],[-106.69769,46.24446],[-106.69769,46.24392],[-106.69692,46.24366],[-106.69692,46.24285],[-106.69653,46.24285],[-106.69653,46.24231],[-106.69692,46.24231],[-106.69692,46.24204],[-106.69769,46.24231],[-106.69769,46.24177],[-106.6973,46.24177],[-106.6973,46.24123],[-106.69769,46.24123],[-106.69769,46.24069],[-106.6973,46.24069],[-106.6973,46.24042],[-106.69769,46.24042]],[[-106.69769,46.2415],[-106.69808,46.2415],[-106.69808,46.24123],[-106.69769,46.24123],[-106.69769,46.2415]],[[-106.69886,46.245],[-106.69886,46.24473],[-106.69847,46.24473],[-106.69847,46.245],[-106.69886,46.245]],[[-106.69847,46.24204],[-106.69847,46.24177],[-106.69808,46.24177],[-106.69808,46.24204],[-106.69847,46.24204]],[[-106.70627,46.23557],[-106.70627,46.2353],[-106.70588,46.2353],[-106.70588,46.23557],[-106.70627,46.23557]]],[[[-106.69964,46.25201],[-106.69925,46.25201],[-106.69925,46.2512],[-106.69964,46.2512],[-106.69964,46.25201]]],[[[-106.70042,46.25282],[-106.70003,46.25282],[-106.70003,46.25255],[-106.70042,46.25255],[-106.70042,46.25282]]],[[[-106.69886,46.23907],[-106.69769,46.23907],[-106.69769,46.2388],[-106.69886,46.2388],[-106.69886,46.23907]]],[[[-106.6938,46.24635],[-106.69341,46.24635],[-106.69341,46.24554],[-106.6938,46.24554],[-106.6938,46.24635]]],[[[-106.69575,46.24689],[-106.69614,46.24689],[-106.69614,46.24743],[-106.69575,46.24743],[-106.69575,46.2477],[-106.69497,46.2477],[-106.69497,46.24743],[-106.69419,46.24716],[-106.69419,46.24662],[-106.6938,46.24662],[-106.6938,46.24635],[-106.69536,46.24635],[-106.69536,46.24662],[-106.69575,46.24662],[-106.69575,46.24689]]],[[[-106.68717,46.24851],[-106.68639,46.24851],[-106.68639,46.24743],[-106.68717,46.24743],[-106.68717,46.24851]]],[[[-106.6938,46.24824],[-106.69458,46.24824],[-106.69458,46.24851],[-106.69497,46.24851],[-106.69497,46.24905],[-106.69419,46.24905],[-106.69419,46.24878],[-106.6938,46.24878],[-106.6938,46.24824]]],[[[-106.68756,46.24878],[-106.68717,46.24878],[-106.68717,46.24851],[-106.68756,46.24851],[-106.68756,46.24878]]],[[[-106.69419,46.24985],[-106.6938,46.24985],[-106.6938,46.24958],[-106.69419,46.24958],[-106.69419,46.24985]]]]},"properties":{"layer":"predicted_reach_h02","fire_name":"Valley","irwin_id":"{5E97EF7C-2039-44B3-8665-ADB0336B5488}","model":"arrival_run","checkpoint_epoch":216,"decode":"connected_causal","operating_point":{"floor":0.0,"mult":0.9},"val_precision":null,"val_recall":null,"model_caveat":"arrival_run chosen for best RECALL among the six FlameFlux v3 candidates on the production-valid t0-window corpus (R=0.624 on the fc2 held-out fires, R=0.432 on Dillon -- see candidate_comparison.md from the 2026-07-24 comparison). It does NOT meet the project's P>=0.50/R>=0.80 target: precision is the WORST of the six (P=0.120 on fc2 -- most flagged growth is wrong), and wind_run actually edges it on F1. IMPORTANT CAVEAT: arrival_run trained on the leaky 'observed' corpus (crop centered/sized on t0|t1, i.e. it saw the future perimeter's geometry during training) and has NEVER seen a t0-window crop -- the ONLY geometry this live pipeline can ever produce at forecast time (the future perimeter is, by definition, unknown). So every live prediction from this model is out-of-distribution relative to its own training. The measured t0-window numbers above already reflect that (they are not a surprise), but this is 'best available', not 'production-ready' -- represent it that way. The operating_point (floor=0.0, mult=0.9) is the VAL-selected connected-causal decode point; it did NOT clear the 0.50 precision floor during selection (feasible=False, val P=0.270/R=0.259) -- it's the best-F1 fallback point, not a precision-guaranteed one.","issued_at_utc":"2026-08-20 13:46:34.611898+00:00","valid_from_utc":"2026-08-20 00:00:00","valid_to_utc":"2026-08-21 00:00:00","wfigs_date_current_utc":"2026-08-20 12:05:00+00:00","pixel_size_m":30,"veg_source":"refreshed_d4","physics_source":"eikonal_fbfm40","history_n_dates":1,"degraded_history":true,"containment_pct":0.0,"acres_wfigs":224.5330361499428,"hour":2,"valid_at_utc":"2026-08-20 02:00:00"}},{"type":"Feature","geometry":{"type":"MultiPolygon","coordinates":[[[[-106.70315,46.22856],[-106.70315,46.22802],[-106.70549,46.22802],[-106.70549,46.22829],[-106.70627,46.22856],[-106.70627,46.22883],[-106.70354,46.22883],[-106.70354,46.22856],[-106.70315,46.22856]]],[[[-106.69302,46.24419],[-106.69302,46.24312],[-106.69341,46.24312],[-106.69341,46.24177],[-106.6938,46.24177],[-106.6938,46.2415],[-106.69419,46.2415],[-106.69419,46.24177],[-106.69575,46.2415],[-106.69575,46.24096],[-106.69497,46.24123],[-106.69497,46.23961],[-106.69614,46.23961],[-106.69614,46.23934],[-106.69653,46.23934],[-106.69653,46.2388],[-106.69575,46.23853],[-106.69575,46.238],[-106.69536,46.238],[-106.69536,46.23773],[-106.6973,46.23773],[-106.6973,46.238],[-106.69808,46.238],[-106.69808,46.23827],[-106.69925,46.23827],[-106.69925,46.23853],[-106.70003,46.23853],[-106.70003,46.23827],[-106.70081,46.23827],[-106.70081,46.238],[-106.7012,46.238],[-106.7012,46.23665],[-106.70159,46.23665],[-106.70159,46.23638],[-106.70237,46.23638],[-106.70237,46.23584],[-106.70198,46.23584],[-106.70198,46.23476],[-106.70237,46.23476],[-106.70237,46.23422],[-106.70198,46.23422],[-106.70198,46.23395],[-106.70081,46.23395],[-106.70081,46.23368],[-106.70042,46.23368],[-106.70042,46.23314],[-106.70081,46.23314],[-106.70081,46.23234],[-106.7012,46.23234],[-106.7012,46.2318],[-106.70159,46.2318],[-106.70159,46.23153],[-106.70198,46.23153],[-106.70198,46.23099],[-106.70276,46.23099],[-106.70276,46.23072],[-106.70315,46.23072],[-106.70315,46.23045],[-106.70354,46.23045],[-106.70354,46.22991],[-106.70471,46.22991],[-106.70471,46.23018],[-106.7051,46.23018],[-106.7051,46.23072],[-106.70549,46.23072],[-106.70549,46.23207],[-106.70588,46.23207],[-106.70588,46.23234],[-106.70666,46.23234],[-106.70666,46.2318],[-106.70588,46.23153],[-106.70588,46.23045],[-106.70627,46.23045],[-106.70627,46.22964],[-106.70666,46.22964],[-106.70666,46.22937],[-106.70822,46.22937],[-106.70822,46.23045],[-106.70938,46.23045],[-106.70938,46.23072],[-106.70977,46.23072],[-106.70977,46.23153],[-106.70938,46.23153],[-106.70938,46.23288],[-106.70977,46.23288],[-106.70977,46.23314],[-106.71016,46.23314],[-106.71016,46.23341],[-106.71055,46.23341],[-106.71055,46.23395],[-106.71133,46.23395],[-106.71133,46.23422],[-106.7125,46.23422],[-106.7125,46.23395],[-106.71289,46.23395],[-106.71289,46.23422],[-106.71367,46.23449],[-106.71367,46.23476],[-106.71445,46.23476],[-106.71445,46.23503],[-106.71523,46.2353],[-106.71523,46.23584],[-106.71601,46.23584],[-106.71601,46.23557],[-106.7164,46.23557],[-106.7164,46.2353],[-106.71718,46.2353],[-106.71718,46.23503],[-106.71757,46.23503],[-106.71757,46.23449],[-106.71796,46.23449],[-106.71796,46.23422],[-106.71835,46.23422],[-106.71835,46.23449],[-106.71874,46.23449],[-106.71874,46.23422],[-106.71913,46.23422],[-106.71913,46.23449],[-106.7199,46.23449],[-106.7199,46.23476],[-106.71952,46.23476],[-106.71952,46.2353],[-106.7199,46.2353],[-106.7199,46.23638],[-106.72029,46.23638],[-106.72029,46.23665],[-106.7199,46.23665],[-106.7199,46.23692],[-106.71913,46.23692],[-106.71913,46.23746],[-106.71757,46.238],[-106.71757,46.2388],[-106.71835,46.23907],[-106.71835,46.23961],[-106.71757,46.23961],[-106.71757,46.24015],[-106.71718,46.24015],[-106.71718,46.24069],[-106.71679,46.24069],[-106.71679,46.24096],[-106.7164,46.24096],[-106.7164,46.24123],[-106.71562,46.2415],[-106.71562,46.24204],[-106.7164,46.24231],[-106.7164,46.24258],[-106.71718,46.24258],[-106.71718,46.24231],[-106.71757,46.24231],[-106.71757,46.24366],[-106.71679,46.24366],[-106.71679,46.24473],[-106.71718,46.24473],[-106.71718,46.245],[-106.71679,46.245],[-106.71679,46.24581],[-106.71718,46.24581],[-106.71718,46.24635],[-106.71601,46.24635],[-106.71601,46.24662],[-106.71523,46.24662],[-106.71523,46.24716],[-106.71601,46.24743],[-106.71601,46.24797],[-106.7164,46.24797],[-106.7164,46.24824],[-106.71718,46.24824],[-106.71718,46.24851],[-106.71757,46.24851],[-106.71757,46.24958],[-106.71718,46.24958],[-106.71718,46.24985],[-106.7164,46.24985],[-106.7164,46.24958],[-106.71523,46.24958],[-106.71523,46.24985],[-106.71484,46.24985],[-106.71484,46.25066],[-106.71289,46.25066],[-106.71289,46.25093],[-106.71328,46.25093],[-106.71328,46.2512],[-106.71406,46.25147],[-106.71406,46.25201],[-106.71367,46.25201],[-106.71367,46.25228],[-106.71328,46.25228],[-106.71328,46.25201],[-106.7125,46.25201],[-106.7125,46.25174],[-106.71172,46.25174],[-106.71172,46.25201],[-106.71016,46.25201],[-106.71016,46.25174],[-106.70977,46.25174],[-106.70977,46.25147],[-106.7086,46.25147],[-106.7086,46.2512],[-106.70783,46.2512],[-106.70783,46.25147],[-106.70744,46.25147],[-106.70744,46.25201],[-106.70666,46.25201],[-106.70666,46.25228],[-106.70432,46.25228],[-106.70432,46.25255],[-106.70393,46.25255],[-106.70393,46.25282],[-106.70276,46.25282],[-106.70276,46.25255],[-106.70198,46.25228],[-106.70198,46.2512],[-106.70159,46.2512],[-106.70159,46.25093],[-106.70081,46.25066],[-106.70081,46.25201],[-106.7012,46.25201],[-106.7012,46.25309],[-106.70081,46.25309],[-106.70081,46.25336],[-106.69886,46.25336],[-106.69886,46.25255],[-106.69808,46.25255],[-106.69808,46.25228],[-106.69769,46.25228],[-106.69769,46.25201],[-106.69692,46.25201],[-106.69692,46.25093],[-106.6973,46.25093],[-106.6973,46.25066],[-106.69808,46.25093],[-106.69808,46.25039],[-106.69769,46.25039],[-106.69769,46.25012],[-106.69692,46.25012],[-106.69692,46.24985],[-106.69575,46.24985],[-106.69575,46.24958],[-106.69458,46.24958],[-106.69458,46.25012],[-106.69341,46.25012],[-106.69341,46.24985],[-106.69302,46.24985],[-106.69302,46.24958],[-106.69224,46.24958],[-106.69224,46.24931],[-106.69185,46.24931],[-106.69185,46.24878],[-106.69224,46.24878],[-106.69224,46.24716],[-106.69302,46.24689],[-106.69302,46.245],[-106.69263,46.245],[-106.69263,46.24419],[-106.69302,46.24419]],[[-106.69302,46.24743],[-106.69341,46.24743],[-106.69341,46.2477],[-106.69419,46.2477],[-106.69419,46.24743],[-106.6938,46.24743],[-106.6938,46.24689],[-106.69302,46.24689],[-106.69302,46.24743]],[[-106.69341,46.24931],[-106.69341,46.24878],[-106.69302,46.24878],[-106.69302,46.24931],[-106.69341,46.24931]],[[-106.69536,46.24797],[-106.69536,46.24851],[-106.69575,46.24851],[-106.69575,46.24878],[-106.69614,46.24878],[-106.69614,46.24905],[-106.69653,46.24905],[-106.69653,46.24824],[-106.69614,46.24824],[-106.69614,46.24797],[-106.69536,46.24797]],[[-106.69886,46.245],[-106.69886,46.24473],[-106.69847,46.24473],[-106.69847,46.245],[-106.69886,46.245]],[[-106.69497,46.24285],[-106.69497,46.24258],[-106.69458,46.24258],[-106.69458,46.24285],[-106.69497,46.24285]],[[-106.70627,46.23557],[-106.70627,46.2353],[-106.70588,46.2353],[-106.70588,46.23557],[-106.70627,46.23557]],[[-106.70354,46.23234],[-106.70354,46.23207],[-106.70315,46.23207],[-106.70315,46.23234],[-106.70354,46.23234]],[[-106.70666,46.23126],[-106.70666,46.23153],[-106.70705,46.23153],[-106.70705,46.2318],[-106.70783,46.2318],[-106.70783,46.23099],[-106.70705,46.23099],[-106.70705,46.23126],[-106.70666,46.23126]]],[[[-106.69029,46.24905],[-106.69068,46.24905],[-106.69068,46.25066],[-106.6899,46.25066],[-106.6899,46.24958],[-106.69029,46.24958],[-106.69029,46.24905]]],[[[-106.70783,46.25201],[-106.70783,46.25228],[-106.70744,46.25228],[-106.70744,46.25201],[-106.70783,46.25201]]],[[[-106.70822,46.25255],[-106.70783,46.25255],[-106.70783,46.25228],[-106.70822,46.25228],[-106.70822,46.25255]]],[[[-106.69653,46.25309],[-106.69614,46.25309],[-106.69614,46.25282],[-106.69653,46.25282],[-106.69653,46.25309]]],[[[-106.69808,46.25309],[-106.69808,46.25336],[-106.69692,46.25336],[-106.69692,46.25309],[-106.69808,46.25309]]],[[[-106.68912,46.245],[-106.6899,46.245],[-106.6899,46.24554],[-106.68951,46.24554],[-106.68951,46.24527],[-106.68912,46.24527],[-106.68912,46.245]]],[[[-106.68561,46.24581],[-106.68639,46.24581],[-106.68639,46.24635],[-106.686,46.24635],[-106.686,46.24608],[-106.68561,46.24608],[-106.68561,46.24581]]],[[[-106.68678,46.24878],[-106.686,46.24905],[-106.686,46.24716],[-106.68639,46.24716],[-106.68639,46.24689],[-106.68795,46.24743],[-106.68795,46.24797],[-106.68834,46.24797],[-106.68834,46.24824],[-106.68912,46.24851],[-106.68912,46.24931],[-106.68717,46.24931],[-106.68717,46.24905],[-106.68678,46.24905],[-106.68678,46.24878]]],[[[-106.68289,46.24931],[-106.68367,46.24931],[-106.68367,46.24985],[-106.6825,46.24985],[-106.6825,46.24905],[-106.68289,46.24905],[-106.68289,46.24931]]],[[[-106.68211,46.25147],[-106.68172,46.25147],[-106.68172,46.2512],[-106.68211,46.2512],[-106.68211,46.25147]]],[[[-106.68717,46.25255],[-106.68561,46.25255],[-106.68561,46.25228],[-106.68523,46.25228],[-106.68523,46.25201],[-106.68484,46.25201],[-106.68484,46.25174],[-106.68561,46.25174],[-106.68561,46.25147],[-106.686,46.25147],[-106.686,46.25174],[-106.68678,46.25174],[-106.68678,46.25201],[-106.68834,46.25201],[-106.68834,46.25228],[-106.68873,46.25228],[-106.68873,46.25282],[-106.68834,46.25282],[-106.68834,46.25309],[-106.68756,46.25309],[-106.68756,46.25282],[-106.68717,46.25282],[-106.68717,46.25255]]]]},"properties":{"layer":"predicted_reach_h03","fire_name":"Valley","irwin_id":"{5E97EF7C-2039-44B3-8665-ADB0336B5488}","model":"arrival_run","checkpoint_epoch":216,"decode":"connected_causal","operating_point":{"floor":0.0,"mult":0.9},"val_precision":null,"val_recall":null,"model_caveat":"arrival_run chosen for best RECALL among the six FlameFlux v3 candidates on the production-valid t0-window corpus (R=0.624 on the fc2 held-out fires, R=0.432 on Dillon -- see candidate_comparison.md from the 2026-07-24 comparison). It does NOT meet the project's P>=0.50/R>=0.80 target: precision is the WORST of the six (P=0.120 on fc2 -- most flagged growth is wrong), and wind_run actually edges it on F1. IMPORTANT CAVEAT: arrival_run trained on the leaky 'observed' corpus (crop centered/sized on t0|t1, i.e. it saw the future perimeter's geometry during training) and has NEVER seen a t0-window crop -- the ONLY geometry this live pipeline can ever produce at forecast time (the future perimeter is, by definition, unknown). So every live prediction from this model is out-of-distribution relative to its own training. The measured t0-window numbers above already reflect that (they are not a surprise), but this is 'best available', not 'production-ready' -- represent it that way. The operating_point (floor=0.0, mult=0.9) is the VAL-selected connected-causal decode point; it did NOT clear the 0.50 precision floor during selection (feasible=False, val P=0.270/R=0.259) -- it's the best-F1 fallback point, not a precision-guaranteed one.","issued_at_utc":"2026-08-20 13:46:34.611898+00:00","valid_from_utc":"2026-08-20 00:00:00","valid_to_utc":"2026-08-21 00:00:00","wfigs_date_current_utc":"2026-08-20 12:05:00+00:00","pixel_size_m":30,"veg_source":"refreshed_d4","physics_source":"eikonal_fbfm40","history_n_dates":1,"degraded_history":true,"containment_pct":0.0,"acres_wfigs":224.5330361499428,"hour":3,"valid_at_utc":"2026-08-20 03:00:00"}},{"type":"Feature","geometry":{"type":"MultiPolygon","coordinates":[[[[-106.72419,46.23234],[-106.72458,46.23234],[-106.72458,46.2318],[-106.72536,46.23153],[-106.72536,46.23234],[-106.72497,46.23234],[-106.72497,46.23288],[-106.72458,46.23288],[-106.72458,46.23314],[-106.7238,46.23314],[-106.7238,46.23288],[-106.72419,46.23288],[-106.72419,46.23234]]],[[[-106.71172,46.23288],[-106.71133,46.23288],[-106.71133,46.23234],[-106.71172,46.23234],[-106.71172,46.23288]]],[[[-106.71718,46.23288],[-106.7164,46.23288],[-106.7164,46.23261],[-106.71718,46.23261],[-106.71718,46.23288]]],[[[-106.72458,46.23638],[-106.72419,46.23638],[-106.72419,46.23665],[-106.72341,46.23692],[-106.72341,46.23611],[-106.72458,46.23611],[-106.72458,46.23638]]],[[[-106.72107,46.23988],[-106.72107,46.23961],[-106.72146,46.23961],[-106.72146,46.23988],[-106.72107,46.23988]]],[[[-106.72107,46.23988],[-106.72107,46.24015],[-106.72068,46.24015],[-106.72068,46.23988],[-106.72107,46.23988]]],[[[-106.7277,46.2415],[-106.72809,46.2415],[-106.72809,46.24123],[-106.72887,46.24123],[-106.72887,46.2415],[-106.72926,46.2415],[-106.72926,46.24177],[-106.72848,46.24177],[-106.72848,46.24204],[-106.72809,46.24204],[-106.72809,46.24177],[-106.7277,46.24177],[-106.7277,46.2415]]],[[[-106.72029,46.24285],[-106.72029,46.24258],[-106.72068,46.24258],[-106.72068,46.24285],[-106.72029,46.24285]]],[[[-106.71835,46.24689],[-106.71835,46.24662],[-106.71913,46.24662],[-106.71913,46.2477],[-106.71835,46.2477],[-106.71835,46.24716],[-106.71796,46.24716],[-106.71796,46.24689],[-106.71835,46.24689]]],[[[-106.69847,46.22614],[-106.69925,46.22614],[-106.69925,46.22668],[-106.69769,46.22668],[-106.69769,46.22641],[-106.69847,46.22641],[-106.69847,46.22614]]],[[[-106.69925,46.23288],[-106.69847,46.23288],[-106.69847,46.23261],[-106.69925,46.23261],[-106.69925,46.23288]]],[[[-106.69107,46.24042],[-106.69029,46.24042],[-106.69029,46.24015],[-106.69107,46.24015],[-106.69107,46.24042]]],[[[-106.69614,46.25309],[-106.69536,46.25282],[-106.69536,46.25255],[-106.6973,46.25255],[-106.6973,46.25228],[-106.69692,46.25228],[-106.69692,46.25201],[-106.69614,46.25201],[-106.69614,46.25174],[-106.69536,46.25174],[-106.69536,46.25147],[-106.69458,46.2512],[-106.69458,46.25093],[-106.69614,46.25093],[-106.69614,46.25066],[-106.69653,46.25066],[-106.69653,46.25012],[-106.69575,46.25012],[-106.69575,46.24985],[-106.69536,46.24985],[-106.69536,46.25012],[-106.69458,46.25039],[-106.69458,46.25066],[-106.6938,46.25066],[-106.6938,46.25039],[-106.69302,46.25039],[-106.69302,46.25012],[-106.69224,46.25012],[-106.69224,46.24985],[-106.69185,46.24985],[-106.69185,46.24716],[-106.69224,46.24716],[-106.69224,46.24608],[-106.69263,46.24608],[-106.69263,46.245],[-106.69224,46.245],[-106.69224,46.24446],[-106.69185,46.24446],[-106.69185,46.24419],[-106.69263,46.24392],[-106.69263,46.24339],[-106.69185,46.24312],[-106.69185,46.24258],[-106.69224,46.24258],[-106.69224,46.24204],[-106.69185,46.24204],[-106.69185,46.24177],[-106.69224,46.24177],[-106.69224,46.2415],[-106.69302,46.24177],[-106.69302,46.24123],[-106.69341,46.24123],[-106.69341,46.24096],[-106.69419,46.24123],[-106.69419,46.24069],[-106.69458,46.24069],[-106.69458,46.23934],[-106.69536,46.23907],[-106.69536,46.23692],[-106.69614,46.23692],[-106.69614,46.23719],[-106.69692,46.23719],[-106.69692,46.23746],[-106.69847,46.23773],[-106.69847,46.238],[-106.69925,46.238],[-106.69925,46.23773],[-106.70003,46.23773],[-106.70003,46.23719],[-106.69964,46.23719],[-106.69964,46.23665],[-106.69925,46.23665],[-106.69925,46.23611],[-106.69964,46.23611],[-106.69964,46.23584],[-106.70081,46.23584],[-106.70081,46.2353],[-106.70159,46.2353],[-106.70159,46.23503],[-106.7012,46.23503],[-106.7012,46.23422],[-106.70003,46.23422],[-106.70003,46.23449],[-106.69964,46.23449],[-106.69964,46.23422],[-106.69925,46.23422],[-106.69925,46.23368],[-106.69886,46.23368],[-106.69886,46.23341],[-106.69925,46.23341],[-106.69925,46.23288],[-106.70003,46.23261],[-106.70003,46.23207],[-106.70042,46.23207],[-106.70042,46.2318],[-106.7012,46.23153],[-106.7012,46.23099],[-106.70042,46.23099],[-106.70042,46.23018],[-106.70081,46.23018],[-106.70081,46.22964],[-106.70003,46.22964],[-106.70003,46.22937],[-106.69886,46.22937],[-106.69886,46.22883],[-106.69925,46.22883],[-106.69925,46.22856],[-106.7012,46.22856],[-106.7012,46.22829],[-106.70198,46.22829],[-106.70198,46.22802],[-106.70276,46.22802],[-106.70276,46.22776],[-106.70471,46.22776],[-106.70471,46.22749],[-106.70627,46.22749],[-106.70627,46.22802],[-106.70666,46.22802],[-106.70666,46.22829],[-106.70705,46.22829],[-106.70705,46.22856],[-106.70744,46.22856],[-106.70744,46.22883],[-106.70822,46.2291],[-106.70822,46.22937],[-106.7086,46.22937],[-106.7086,46.22964],[-106.70899,46.22964],[-106.70899,46.23018],[-106.70977,46.23045],[-106.70977,46.23261],[-106.71055,46.23288],[-106.71055,46.23314],[-106.71133,46.23341],[-106.71133,46.23368],[-106.7125,46.23368],[-106.7125,46.23341],[-106.71328,46.23341],[-106.71328,46.23368],[-106.71367,46.23368],[-106.71367,46.23449],[-106.71445,46.23449],[-106.71445,46.23476],[-106.71484,46.23476],[-106.71484,46.23449],[-106.71562,46.23449],[-106.71562,46.23422],[-106.71601,46.23422],[-106.71601,46.23395],[-106.71679,46.23395],[-106.71679,46.23449],[-106.71718,46.23449],[-106.71718,46.23288],[-106.71757,46.23288],[-106.71757,46.23314],[-106.71835,46.23314],[-106.71835,46.23368],[-106.71913,46.23341],[-106.71913,46.23368],[-106.72068,46.23395],[-106.72068,46.23449],[-106.72107,46.23449],[-106.72107,46.23503],[-106.72068,46.23503],[-106.72068,46.23557],[-106.72107,46.23557],[-106.72107,46.238],[-106.72068,46.238],[-106.72068,46.23827],[-106.7199,46.23853],[-106.7199,46.24042],[-106.71952,46.24042],[-106.71952,46.2415],[-106.7199,46.2415],[-106.7199,46.24204],[-106.72029,46.24204],[-106.72029,46.24258],[-106.71952,46.24258],[-106.71952,46.24231],[-106.71835,46.24231],[-106.71835,46.24339],[-106.71913,46.24339],[-106.71913,46.24366],[-106.71835,46.24366],[-106.71835,46.24446],[-106.71913,46.24473],[-106.71913,46.245],[-106.71952,46.245],[-106.71952,46.24527],[-106.72029,46.24527],[-106.72029,46.24554],[-106.7199,46.24554],[-106.7199,46.24581],[-106.71874,46.24581],[-106.71874,46.24527],[-106.71835,46.24527],[-106.71835,46.245],[-106.71757,46.245],[-106.71757,46.24608],[-106.71796,46.24608],[-106.71796,46.24635],[-106.71757,46.24635],[-106.71757,46.24689],[-106.71718,46.24689],[-106.71718,46.24743],[-106.71679,46.24743],[-106.71679,46.2477],[-106.71796,46.2477],[-106.71796,46.25012],[-106.71757,46.25012],[-106.71757,46.25039],[-106.71679,46.25039],[-106.71679,46.25012],[-106.7164,46.25012],[-106.7164,46.24985],[-106.71523,46.24985],[-106.71523,46.25066],[-106.71484,46.25066],[-106.71484,46.25093],[-106.71406,46.2512],[-106.71406,46.25147],[-106.71445,46.25147],[-106.71445,46.25228],[-106.71328,46.25228],[-106.71328,46.25255],[-106.71211,46.25255],[-106.71211,46.25282],[-106.71055,46.25282],[-106.71055,46.25309],[-106.70977,46.25309],[-106.70977,46.25201],[-106.70938,46.25201],[-106.70938,46.25174],[-106.7086,46.25174],[-106.7086,46.25201],[-106.70899,46.25201],[-106.70899,46.25282],[-106.70744,46.25282],[-106.70744,46.25255],[-106.70432,46.25255],[-106.70432,46.25282],[-106.70354,46.25282],[-106.70354,46.25309],[-106.70315,46.25309],[-106.70315,46.25282],[-106.70159,46.25282],[-106.70159,46.25309],[-106.7012,46.25309],[-106.7012,46.25336],[-106.70042,46.25336],[-106.70042,46.25363],[-106.69808,46.25363],[-106.69808,46.25336],[-106.69614,46.25336],[-106.69614,46.25309]],[[-106.69886,46.245],[-106.69886,46.24473],[-106.69847,46.24473],[-106.69847,46.245],[-106.69886,46.245]],[[-106.71874,46.24096],[-106.71874,46.24069],[-106.71835,46.24069],[-106.71835,46.24042],[-106.71796,46.24042],[-106.71796,46.24069],[-106.71757,46.24069],[-106.71757,46.2415],[-106.71796,46.2415],[-106.71796,46.24123],[-106.71874,46.24096]],[[-106.71874,46.2388],[-106.71874,46.23907],[-106.71913,46.23907],[-106.71913,46.23827],[-106.71835,46.23827],[-106.71835,46.2388],[-106.71874,46.2388]],[[-106.70627,46.23557],[-106.70627,46.2353],[-106.70588,46.2353],[-106.70588,46.23557],[-106.70627,46.23557]],[[-106.70276,46.2291],[-106.70276,46.22883],[-106.70237,46.22883],[-106.70237,46.2291],[-106.70198,46.2291],[-106.70198,46.22937],[-106.70159,46.22937],[-106.70159,46.22964],[-106.70198,46.22964],[-106.70198,46.22991],[-106.70237,46.22991],[-106.70237,46.23018],[-106.70276,46.23018],[-106.70276,46.22964],[-106.70315,46.22964],[-106.70315,46.2291],[-106.70276,46.2291]],[[-106.70588,46.22991],[-106.70588,46.22964],[-106.70549,46.22964],[-106.70549,46.22991],[-106.70588,46.22991]]],[[[-106.68912,46.24554],[-106.68873,46.24554],[-106.68873,46.245],[-106.68756,46.245],[-106.68756,46.24473],[-106.68717,46.24473],[-106.68717,46.24392],[-106.68795,46.24366],[-106.68795,46.24392],[-106.68873,46.24392],[-106.68873,46.24419],[-106.68951,46.24419],[-106.68951,46.24473],[-106.69029,46.24473],[-106.69029,46.24608],[-106.69146,46.24608],[-106.69146,46.24662],[-106.69107,46.24662],[-106.69107,46.24689],[-106.68951,46.24689],[-106.68951,46.24608],[-106.68912,46.24608],[-106.68912,46.24554]]],[[[-106.68717,46.24931],[-106.686,46.24931],[-106.686,46.24905],[-106.68561,46.24905],[-106.68561,46.24878],[-106.68523,46.24878],[-106.68523,46.24824],[-106.68561,46.24824],[-106.68561,46.24635],[-106.68484,46.24635],[-106.68484,46.24608],[-106.68445,46.24608],[-106.68445,46.24554],[-106.68523,46.24527],[-106.68523,46.245],[-106.68484,46.245],[-106.68484,46.24446],[-106.68523,46.24446],[-106.68523,46.24419],[-106.686,46.24419],[-106.686,46.24446],[-106.68639,46.24446],[-106.68639,46.24527],[-106.686,46.24527],[-106.686,46.24554],[-106.68639,46.24554],[-106.68639,46.24581],[-106.68678,46.24581],[-106.68678,46.24608],[-106.68717,46.24608],[-106.68717,46.24662],[-106.68795,46.24689],[-106.68795,46.24716],[-106.68912,46.24716],[-106.68912,46.24743],[-106.6899,46.24743],[-106.6899,46.24797],[-106.69029,46.24797],[-106.69029,46.24851],[-106.69107,46.24851],[-106.69107,46.25039],[-106.69029,46.25066],[-106.69029,46.25093],[-106.68951,46.25093],[-106.68951,46.24958],[-106.68717,46.24958],[-106.68717,46.24931]]],[[[-106.68211,46.24878],[-106.68367,46.24905],[-106.68367,46.24931],[-106.68406,46.24931],[-106.68406,46.24985],[-106.68367,46.24985],[-106.68367,46.25012],[-106.6825,46.25012],[-106.6825,46.24985],[-106.68211,46.24985],[-106.68211,46.24878]]],[[[-106.686,46.25282],[-106.686,46.25255],[-106.68484,46.25255],[-106.68484,46.25228],[-106.68367,46.25228],[-106.68367,46.25255],[-106.68328,46.25255],[-106.68328,46.25228],[-106.68289,46.25228],[-106.68289,46.25201],[-106.68133,46.25174],[-106.68133,46.25093],[-106.6825,46.25093],[-106.6825,46.2512],[-106.68289,46.2512],[-106.68289,46.25147],[-106.68328,46.25147],[-106.68328,46.25174],[-106.68406,46.25174],[-106.68406,46.25147],[-106.68523,46.25147],[-106.68523,46.25093],[-106.68561,46.25093],[-106.68561,46.25066],[-106.68678,46.25066],[-106.68678,46.2512],[-106.68717,46.2512],[-106.68717,46.25147],[-106.68834,46.25147],[-106.68834,46.25174],[-106.68912,46.25174],[-106.68912,46.25201],[-106.69068,46.25201],[-106.69068,46.25228],[-106.69107,46.25228],[-106.69107,46.25255],[-106.68951,46.25282],[-106.68951,46.25309],[-106.68912,46.25309],[-106.68912,46.25336],[-106.68795,46.25336],[-106.68795,46.25309],[-106.68717,46.25309],[-106.68717,46.25282],[-106.686,46.25282]]],[[[-106.68678,46.25417],[-106.68678,46.2539],[-106.68717,46.2539],[-106.68717,46.25417],[-106.68678,46.25417]]]]},"properties":{"layer":"predicted_reach_h04","fire_name":"Valley","irwin_id":"{5E97EF7C-2039-44B3-8665-ADB0336B5488}","model":"arrival_run","checkpoint_epoch":216,"decode":"connected_causal","operating_point":{"floor":0.0,"mult":0.9},"val_precision":null,"val_recall":null,"model_caveat":"arrival_run chosen for best RECALL among the six FlameFlux v3 candidates on the production-valid t0-window corpus (R=0.624 on the fc2 held-out fires, R=0.432 on Dillon -- see candidate_comparison.md from the 2026-07-24 comparison). It does NOT meet the project's P>=0.50/R>=0.80 target: precision is the WORST of the six (P=0.120 on fc2 -- most flagged growth is wrong), and wind_run actually edges it on F1. IMPORTANT CAVEAT: arrival_run trained on the leaky 'observed' corpus (crop centered/sized on t0|t1, i.e. it saw the future perimeter's geometry during training) and has NEVER seen a t0-window crop -- the ONLY geometry this live pipeline can ever produce at forecast time (the future perimeter is, by definition, unknown). So every live prediction from this model is out-of-distribution relative to its own training. The measured t0-window numbers above already reflect that (they are not a surprise), but this is 'best available', not 'production-ready' -- represent it that way. The operating_point (floor=0.0, mult=0.9) is the VAL-selected connected-causal decode point; it did NOT clear the 0.50 precision floor during selection (feasible=False, val P=0.270/R=0.259) -- it's the best-F1 fallback point, not a precision-guaranteed one.","issued_at_utc":"2026-08-20 13:46:34.611898+00:00","valid_from_utc":"2026-08-20 00:00:00","valid_to_utc":"2026-08-21 00:00:00","wfigs_date_current_utc":"2026-08-20 12:05:00+00:00","pixel_size_m":30,"veg_source":"refreshed_d4","physics_source":"eikonal_fbfm40","history_n_dates":1,"degraded_history":true,"containment_pct":0.0,"acres_wfigs":224.5330361499428,"hour":4,"valid_at_utc":"2026-08-20 04:00:00"}},{"type":"Feature","geometry":{"type":"MultiPolygon","coordinates":[[[[-106.71094,46.2256],[-106.71094,46.22506],[-106.71172,46.22506],[-106.71172,46.2256],[-106.71094,46.2256]]],[[[-106.71484,46.22776],[-106.71484,46.22802],[-106.71445,46.22802],[-106.71445,46.22829],[-106.71328,46.22829],[-106.71328,46.22802],[-106.71367,46.22802],[-106.71367,46.22776],[-106.71484,46.22776]]],[[[-106.71913,46.22802],[-106.72029,46.22802],[-106.72029,46.22829],[-106.71952,46.22856],[-106.71952,46.22883],[-106.71874,46.22883],[-106.71874,46.2291],[-106.71835,46.2291],[-106.71835,46.22856],[-106.71913,46.22829],[-106.71913,46.22802]]],[[[-106.71835,46.22937],[-106.71796,46.22937],[-106.71796,46.2291],[-106.71835,46.2291],[-106.71835,46.22937]]],[[[-106.71718,46.22937],[-106.71718,46.2291],[-106.71757,46.2291],[-106.71757,46.22937],[-106.71718,46.22937]]],[[[-106.7199,46.22991],[-106.7199,46.22964],[-106.72029,46.22964],[-106.72029,46.22991],[-106.7199,46.22991]]],[[[-106.71172,46.23018],[-106.71172,46.22991],[-106.71211,46.22991],[-106.71211,46.23018],[-106.71172,46.23018]]],[[[-106.71952,46.23018],[-106.71952,46.22991],[-106.7199,46.22991],[-106.7199,46.23045],[-106.71952,46.23045],[-106.71952,46.23072],[-106.71874,46.23072],[-106.71874,46.23045],[-106.71952,46.23018]]],[[[-106.72068,46.23153],[-106.72068,46.2318],[-106.72029,46.2318],[-106.72029,46.23072],[-106.72107,46.23099],[-106.72107,46.22883],[-106.72224,46.22883],[-106.72224,46.22964],[-106.72185,46.22964],[-106.72185,46.22991],[-106.72224,46.22991],[-106.72224,46.23018],[-106.72185,46.23018],[-106.72185,46.23099],[-106.72146,46.23099],[-106.72146,46.23126],[-106.72068,46.23153]]],[[[-106.72263,46.2318],[-106.72263,46.23153],[-106.72224,46.23153],[-106.72224,46.23126],[-106.72185,46.23126],[-106.72185,46.23099],[-106.72263,46.23099],[-106.72263,46.23126],[-106.72302,46.23126],[-106.72302,46.2318],[-106.72263,46.2318]]],[[[-106.72692,46.23234],[-106.72692,46.2318],[-106.72731,46.2318],[-106.72731,46.23234],[-106.72692,46.23234]]],[[[-106.72341,46.23341],[-106.72341,46.23368],[-106.72224,46.23368],[-106.72224,46.23314],[-106.72263,46.23314],[-106.72263,46.23261],[-106.7238,46.23261],[-106.7238,46.23234],[-106.72419,46.23234],[-106.72419,46.2318],[-106.72458,46.2318],[-106.72458,46.23126],[-106.72497,46.23126],[-106.72497,46.23099],[-106.72575,46.23099],[-106.72575,46.23234],[-106.72536,46.23234],[-106.72536,46.23288],[-106.72497,46.23288],[-106.72497,46.23341],[-106.72575,46.23341],[-106.72575,46.23368],[-106.72497,46.23395],[-106.72497,46.23368],[-106.72341,46.23341]]],[[[-106.72341,46.23746],[-106.72341,46.23692],[-106.72302,46.23692],[-106.72302,46.23611],[-106.72341,46.23611],[-106.72341,46.23584],[-106.7238,46.23584],[-106.7238,46.23557],[-106.72458,46.23557],[-106.72458,46.23584],[-106.72497,46.23584],[-106.72497,46.23638],[-106.72458,46.23638],[-106.72458,46.23719],[-106.72536,46.23719],[-106.72536,46.238],[-106.72497,46.238],[-106.72497,46.23773],[-106.7238,46.23773],[-106.7238,46.23746],[-106.72341,46.23746]]],[[[-106.72965,46.23961],[-106.72965,46.23934],[-106.73004,46.23934],[-106.73004,46.23961],[-106.72965,46.23961]]],[[[-106.72809,46.24123],[-106.72809,46.24096],[-106.72887,46.24096],[-106.72887,46.24123],[-106.72926,46.24123],[-106.72926,46.2415],[-106.72965,46.2415],[-106.72965,46.24177],[-106.72926,46.24177],[-106.72926,46.24204],[-106.72731,46.24204],[-106.72731,46.2415],[-106.72809,46.24123]]],[[[-106.73159,46.24366],[-106.73159,46.24339],[-106.73198,46.24339],[-106.73198,46.24366],[-106.73159,46.24366]]],[[[-106.71601,46.2512],[-106.71601,46.25093],[-106.7164,46.25093],[-106.7164,46.2512],[-106.71679,46.2512],[-106.71679,46.25174],[-106.71601,46.25174],[-106.71601,46.25147],[-106.71562,46.25147],[-106.71562,46.2512],[-106.71601,46.2512]]],[[[-106.70003,46.22263],[-106.70003,46.22317],[-106.69925,46.22317],[-106.69925,46.2229],[-106.69964,46.2229],[-106.69964,46.22263],[-106.70003,46.22263]]],[[[-106.70354,46.22425],[-106.70354,46.22479],[-106.70276,46.22479],[-106.70276,46.22398],[-106.70354,46.22425]]],[[[-106.69692,46.22695],[-106.69692,46.22668],[-106.69847,46.22641],[-106.69847,46.22587],[-106.69808,46.22587],[-106.69808,46.2256],[-106.69847,46.2256],[-106.69847,46.22506],[-106.69925,46.22506],[-106.69925,46.22479],[-106.70042,46.22479],[-106.70042,46.22533],[-106.69964,46.2256],[-106.69964,46.22614],[-106.70003,46.22614],[-106.70003,46.22668],[-106.70081,46.22668],[-106.70081,46.22695],[-106.70042,46.22695],[-106.70042,46.22749],[-106.69964,46.22749],[-106.69964,46.22722],[-106.69847,46.22722],[-106.69847,46.22695],[-106.69692,46.22695]]],[[[-106.70938,46.22829],[-106.70938,46.22883],[-106.7086,46.22856],[-106.7086,46.22829],[-106.70938,46.22829]]],[[[-106.69769,46.23072],[-106.69769,46.23045],[-106.69886,46.23045],[-106.69886,46.23072],[-106.69769,46.23072]]],[[[-106.68561,46.24905],[-106.68523,46.24905],[-106.68523,46.24851],[-106.68445,46.24824],[-106.68445,46.24797],[-106.68523,46.24797],[-106.68523,46.24662],[-106.68484,46.24662],[-106.68484,46.24635],[-106.68445,46.24635],[-106.68445,46.24608],[-106.68406,46.24608],[-106.68406,46.24554],[-106.68445,46.24554],[-106.68445,46.24527],[-106.68367,46.24527],[-106.68367,46.24473],[-106.68328,46.24473],[-106.68328,46.24446],[-106.68445,46.24446],[-106.68445,46.24419],[-106.68523,46.24419],[-106.68523,46.24392],[-106.686,46.24392],[-106.686,46.24339],[-106.68639,46.24339],[-106.68639,46.24312],[-106.68717,46.24312],[-106.68717,46.24339],[-106.68795,46.24339],[-106.68795,46.24366],[-106.68951,46.24392],[-106.68951,46.24446],[-106.6899,46.24446],[-106.6899,46.24473],[-106.69068,46.24473],[-106.69068,46.24446],[-106.69107,46.24446],[-106.69107,46.24419],[-106.69068,46.24419],[-106.69068,46.24366],[-106.6899,46.24339],[-106.6899,46.24258],[-106.69068,46.24231],[-106.69068,46.24123],[-106.69029,46.24123],[-106.69029,46.24096],[-106.68951,46.24096],[-106.68951,46.24069],[-106.6899,46.24069],[-106.6899,46.24015],[-106.69029,46.24015],[-106.69029,46.23988],[-106.69185,46.23988],[-106.69185,46.24042],[-106.69146,46.24042],[-106.69146,46.24123],[-106.69302,46.24123],[-106.69302,46.24096],[-106.69341,46.24096],[-106.69341,46.24069],[-106.6938,46.24069],[-106.6938,46.24042],[-106.69458,46.24015],[-106.69458,46.2388],[-106.69497,46.2388],[-106.69497,46.23638],[-106.69419,46.23611],[-106.69419,46.23557],[-106.69497,46.23557],[-106.69497,46.23584],[-106.69536,46.23584],[-106.69536,46.23638],[-106.69653,46.23638],[-106.69653,46.23692],[-106.6973,46.23692],[-106.6973,46.23719],[-106.69886,46.23719],[-106.69886,46.23692],[-106.69925,46.23692],[-106.69925,46.23665],[-106.69886,46.23665],[-106.69886,46.23611],[-106.69769,46.23611],[-106.69769,46.23584],[-106.6973,46.23584],[-106.6973,46.23557],[-106.69653,46.23557],[-106.69653,46.2353],[-106.69614,46.2353],[-106.69614,46.23503],[-106.6973,46.23503],[-106.6973,46.2353],[-106.69808,46.2353],[-106.69808,46.23557],[-106.69886,46.23557],[-106.69886,46.2353],[-106.69925,46.2353],[-106.69925,46.23449],[-106.69886,46.23449],[-106.69886,46.23368],[-106.69847,46.23368],[-106.69847,46.23314],[-106.69808,46.23314],[-106.69808,46.23261],[-106.6973,46.23234],[-106.6973,46.23207],[-106.69769,46.23207],[-106.69769,46.23153],[-106.69847,46.23153],[-106.69847,46.23099],[-106.69925,46.23072],[-106.69925,46.23045],[-106.70003,46.23045],[-106.70003,46.22964],[-106.69925,46.22964],[-106.69925,46.22937],[-106.69808,46.22937],[-106.69808,46.22883],[-106.69847,46.22883],[-106.69847,46.22856],[-106.69886,46.22856],[-106.69886,46.22829],[-106.70081,46.22829],[-106.70081,46.22802],[-106.70198,46.22802],[-106.70198,46.22776],[-106.70237,46.22776],[-106.70237,46.22695],[-106.70198,46.22695],[-106.70198,46.22668],[-106.70237,46.22668],[-106.70237,46.22641],[-106.70276,46.22641],[-106.70276,46.22668],[-106.70393,46.22668],[-106.70393,46.22695],[-106.70354,46.22695],[-106.70354,46.22749],[-106.70432,46.22749],[-106.70432,46.22722],[-106.70627,46.22722],[-106.70627,46.22668],[-106.70705,46.22668],[-106.70705,46.22722],[-106.70744,46.22722],[-106.70744,46.22749],[-106.70822,46.22749],[-106.70822,46.22802],[-106.70783,46.22802],[-106.70783,46.22776],[-106.70705,46.22776],[-106.70705,46.22802],[-106.70744,46.22802],[-106.70744,46.22829],[-106.70822,46.22856],[-106.70822,46.2291],[-106.7086,46.2291],[-106.7086,46.22937],[-106.70938,46.22937],[-106.70938,46.2291],[-106.71016,46.22937],[-106.71016,46.23018],[-106.70977,46.23018],[-106.70977,46.23045],[-106.71016,46.23045],[-106.71016,46.23126],[-106.70977,46.23126],[-106.70977,46.23234],[-106.71016,46.23234],[-106.71016,46.23261],[-106.71055,46.23261],[-106.71055,46.23234],[-106.71094,46.23234],[-106.71094,46.23207],[-106.71172,46.23207],[-106.71172,46.23153],[-106.7125,46.23153],[-106.7125,46.23261],[-106.71211,46.23261],[-106.71211,46.23314],[-106.71289,46.23314],[-106.71289,46.23288],[-106.71328,46.23288],[-106.71328,46.23314],[-106.71562,46.23314],[-106.71562,46.23261],[-106.71601,46.23261],[-106.71601,46.23207],[-106.71679,46.2318],[-106.71679,46.23207],[-106.71835,46.23234],[-106.71835,46.23261],[-106.71874,46.23261],[-106.71874,46.23288],[-106.71952,46.23314],[-106.71952,46.23341],[-106.72068,46.23341],[-106.72068,46.23368],[-106.72107,46.23368],[-106.72107,46.23395],[-106.72146,46.23395],[-106.72146,46.23584],[-106.72185,46.23584],[-106.72185,46.23692],[-106.72146,46.23692],[-106.72146,46.23746],[-106.72185,46.23746],[-106.72185,46.23773],[-106.72224,46.23773],[-106.72224,46.238],[-106.72263,46.238],[-106.72263,46.23827],[-106.72224,46.23827],[-106.72224,46.23934],[-106.72185,46.23934],[-106.72185,46.24015],[-106.72146,46.24015],[-106.72146,46.24042],[-106.72029,46.24042],[-106.72029,46.24069],[-106.7199,46.24069],[-106.7199,46.24177],[-106.72029,46.24177],[-106.72029,46.24204],[-106.72107,46.24231],[-106.72107,46.24312],[-106.72029,46.24339],[-106.72029,46.245],[-106.72107,46.245],[-106.72107,46.24608],[-106.72029,46.24635],[-106.72029,46.24662],[-106.71952,46.24662],[-106.71952,46.24851],[-106.71874,46.24851],[-106.71874,46.24824],[-106.71835,46.24824],[-106.71835,46.25012],[-106.71796,46.25012],[-106.71796,46.25039],[-106.71757,46.25039],[-106.71757,46.25066],[-106.71679,46.25066],[-106.71679,46.25039],[-106.7164,46.25039],[-106.7164,46.25012],[-106.71562,46.25012],[-106.71562,46.25039],[-106.71523,46.25039],[-106.71523,46.2512],[-106.71484,46.2512],[-106.71484,46.25228],[-106.71445,46.25228],[-106.71445,46.25255],[-106.71328,46.25255],[-106.71328,46.25282],[-106.71133,46.25282],[-106.71133,46.25309],[-106.70899,46.25309],[-106.70899,46.25282],[-106.7086,46.25282],[-106.7086,46.25309],[-106.70744,46.25309],[-106.70744,46.25282],[-106.70393,46.25282],[-106.70393,46.25309],[-106.70159,46.25309],[-106.70159,46.25336],[-106.7012,46.25336],[-106.7012,46.25363],[-106.69886,46.2539],[-106.69886,46.25363],[-106.69653,46.25363],[-106.69653,46.25336],[-106.69575,46.25336],[-106.69575,46.25309],[-106.69536,46.25309],[-106.69536,46.25228],[-106.69575,46.25228],[-106.69575,46.25201],[-106.69536,46.25201],[-106.69536,46.25174],[-106.69497,46.25174],[-106.69497,46.25147],[-106.69419,46.25147],[-106.69419,46.2512],[-106.69341,46.25093],[-106.69341,46.25066],[-106.69185,46.25039],[-106.69185,46.24985],[-106.69107,46.24985],[-106.69107,46.25066],[-106.69068,46.25066],[-106.69068,46.25093],[-106.6899,46.25093],[-106.6899,46.2512],[-106.68912,46.2512],[-106.68912,46.25174],[-106.69107,46.25174],[-106.69107,46.25201],[-106.69185,46.25228],[-106.69185,46.25282],[-106.69224,46.25282],[-106.69224,46.25417],[-106.6938,46.2539],[-106.6938,46.25443],[-106.69146,46.25443],[-106.69146,46.25417],[-106.69107,46.25417],[-106.69107,46.25309],[-106.69068,46.25309],[-106.69068,46.25282],[-106.69029,46.25282],[-106.69029,46.25309],[-106.6899,46.25309],[-106.6899,46.25336],[-106.68717,46.25336],[-106.68717,46.25309],[-106.68678,46.25309],[-106.68678,46.25282],[-106.68484,46.25282],[-106.68484,46.25255],[-106.68406,46.25255],[-106.68406,46.25282],[-106.68289,46.25282],[-106.68289,46.25255],[-106.6825,46.25255],[-106.6825,46.25228],[-106.68211,46.25228],[-106.68211,46.25201],[-106.68133,46.25201],[-106.68133,46.25174],[-106.68094,46.25174],[-106.68094,46.25093],[-106.68133,46.25093],[-106.68133,46.25066],[-106.6825,46.25066],[-106.6825,46.25093],[-106.68289,46.25093],[-106.68289,46.2512],[-106.68328,46.2512],[-106.68328,46.25147],[-106.68484,46.25147],[-106.68484,46.24985],[-106.68561,46.25012],[-106.68561,46.25039],[-106.68639,46.25039],[-106.68639,46.25012],[-106.68678,46.25012],[-106.68678,46.24985],[-106.68717,46.24985],[-106.68717,46.24958],[-106.686,46.24958],[-106.686,46.24931],[-106.68561,46.24931],[-106.68561,46.24905]],[[-106.68717,46.25012],[-106.68873,46.25012],[-106.68873,46.25039],[-106.68912,46.25039],[-106.68912,46.24985],[-106.68717,46.24985],[-106.68717,46.25012]],[[-106.69575,46.25039],[-106.69536,46.25039],[-106.69536,46.25066],[-106.69575,46.25066],[-106.69575,46.25039]],[[-106.68834,46.24608],[-106.68795,46.24608],[-106.68795,46.24662],[-106.68834,46.24662],[-106.68834,46.24608]],[[-106.69146,46.245],[-106.69068,46.245],[-106.69068,46.24581],[-106.69224,46.24581],[-106.69224,46.245],[-106.69185,46.245],[-106.69185,46.24473],[-106.69146,46.24473],[-106.69146,46.245]],[[-106.69886,46.24473],[-106.69847,46.24473],[-106.69847,46.245],[-106.69886,46.245],[-106.69886,46.24473]],[[-106.69107,46.24258],[-106.69068,46.24258],[-106.69068,46.24339],[-106.69146,46.24312],[-106.69146,46.24204],[-106.69107,46.24204],[-106.69107,46.24258]],[[-106.72068,46.23907],[-106.72146,46.23907],[-106.72146,46.2388],[-106.72107,46.2388],[-106.72107,46.23827],[-106.72068,46.23827],[-106.72068,46.23907]],[[-106.70627,46.2353],[-106.70588,46.2353],[-106.70588,46.23557],[-106.70627,46.23557],[-106.70627,46.2353]],[[-106.71484,46.23341],[-106.71445,46.23341],[-106.71445,46.23422],[-106.71484,46.23422],[-106.71484,46.23341]]],[[[-106.68211,46.24985],[-106.68211,46.24958],[-106.68172,46.24958],[-106.68172,46.24851],[-106.68211,46.24851],[-106.68211,46.24824],[-106.68289,46.24851],[-106.68289,46.24878],[-106.68367,46.24878],[-106.68367,46.24905],[-106.68445,46.24905],[-106.68445,46.24931],[-106.68484,46.24931],[-106.68484,46.24985],[-106.68406,46.24985],[-106.68406,46.25012],[-106.6825,46.25012],[-106.6825,46.24985],[-106.68211,46.24985]]],[[[-106.68523,46.25309],[-106.68523,46.25363],[-106.68561,46.25363],[-106.68561,46.2539],[-106.68445,46.2539],[-106.68445,46.25363],[-106.68406,46.25363],[-106.68406,46.25309],[-106.68523,46.25309]]],[[[-106.68639,46.25363],[-106.68639,46.25336],[-106.68717,46.25363],[-106.68717,46.25417],[-106.68756,46.25417],[-106.68756,46.25443],[-106.68639,46.25443],[-106.68639,46.25417],[-106.686,46.25417],[-106.686,46.25363],[-106.68639,46.25363]]],[[[-106.67977,46.25336],[-106.67977,46.25363],[-106.68055,46.25363],[-106.68055,46.2539],[-106.68094,46.2539],[-106.68094,46.25417],[-106.68016,46.25443],[-106.68016,46.2539],[-106.67938,46.2539],[-106.67938,46.25336],[-106.67977,46.25336]]],[[[-106.69068,46.25443],[-106.69068,46.25417],[-106.69107,46.25417],[-106.69107,46.25443],[-106.69068,46.25443]]],[[[-106.68133,46.25443],[-106.68133,46.25417],[-106.68172,46.25417],[-106.68172,46.25443],[-106.68133,46.25443]]],[[[-106.68834,46.25497],[-106.68834,46.25443],[-106.68873,46.25443],[-106.68873,46.25497],[-106.68834,46.25497]]],[[[-106.68912,46.25497],[-106.68912,46.2547],[-106.68951,46.2547],[-106.68951,46.25497],[-106.68912,46.25497]]],[[[-106.68094,46.2547],[-106.68133,46.2547],[-106.68133,46.25497],[-106.68094,46.25497],[-106.68094,46.2547]]],[[[-106.69029,46.2547],[-106.69107,46.2547],[-106.69107,46.25497],[-106.69068,46.25497],[-106.69068,46.25524],[-106.6899,46.25524],[-106.6899,46.25551],[-106.68873,46.25551],[-106.68873,46.25524],[-106.69029,46.25497],[-106.69029,46.2547]]]]},"properties":{"layer":"predicted_reach_h05","fire_name":"Valley","irwin_id":"{5E97EF7C-2039-44B3-8665-ADB0336B5488}","model":"arrival_run","checkpoint_epoch":216,"decode":"connected_causal","operating_point":{"floor":0.0,"mult":0.9},"val_precision":null,"val_recall":null,"model_caveat":"arrival_run chosen for best RECALL among the six FlameFlux v3 candidates on the production-valid t0-window corpus (R=0.624 on the fc2 held-out fires, R=0.432 on Dillon -- see candidate_comparison.md from the 2026-07-24 comparison). It does NOT meet the project's P>=0.50/R>=0.80 target: precision is the WORST of the six (P=0.120 on fc2 -- most flagged growth is wrong), and wind_run actually edges it on F1. IMPORTANT CAVEAT: arrival_run trained on the leaky 'observed' corpus (crop centered/sized on t0|t1, i.e. it saw the future perimeter's geometry during training) and has NEVER seen a t0-window crop -- the ONLY geometry this live pipeline can ever produce at forecast time (the future perimeter is, by definition, unknown). So every live prediction from this model is out-of-distribution relative to its own training. The measured t0-window numbers above already reflect that (they are not a surprise), but this is 'best available', not 'production-ready' -- represent it that way. The operating_point (floor=0.0, mult=0.9) is the VAL-selected connected-causal decode point; it did NOT clear the 0.50 precision floor during selection (feasible=False, val P=0.270/R=0.259) -- it's the best-F1 fallback point, not a precision-guaranteed one.","issued_at_utc":"2026-08-20 13:46:34.611898+00:00","valid_from_utc":"2026-08-20 00:00:00","valid_to_utc":"2026-08-21 00:00:00","wfigs_date_current_utc":"2026-08-20 12:05:00+00:00","pixel_size_m":30,"veg_source":"refreshed_d4","physics_source":"eikonal_fbfm40","history_n_dates":1,"degraded_history":true,"containment_pct":0.0,"acres_wfigs":224.5330361499428,"hour":5,"valid_at_utc":"2026-08-20 05:00:00"}},{"type":"Feature","geometry":{"type":"MultiPolygon","coordinates":[[[[-106.71055,46.22506],[-106.71094,46.22506],[-106.71094,46.22479],[-106.71211,46.22479],[-106.71211,46.2256],[-106.71133,46.2256],[-106.71133,46.22587],[-106.71094,46.22587],[-106.71094,46.2256],[-106.71055,46.2256],[-106.71055,46.22506]]],[[[-106.71952,46.22749],[-106.71874,46.22749],[-106.71874,46.22722],[-106.71952,46.22695],[-106.71952,46.22749]]],[[[-106.71874,46.22776],[-106.71835,46.22776],[-106.71835,46.22749],[-106.71874,46.22749],[-106.71874,46.22776]]],[[[-106.71328,46.22802],[-106.71328,46.22776],[-106.71367,46.22776],[-106.71367,46.22749],[-106.71484,46.22749],[-106.71484,46.22776],[-106.71523,46.22776],[-106.71523,46.22856],[-106.71484,46.22856],[-106.71484,46.22883],[-106.71523,46.22883],[-106.71523,46.2291],[-106.71445,46.2291],[-106.71445,46.22883],[-106.71289,46.22883],[-106.71289,46.22802],[-106.71328,46.22802]]],[[[-106.72497,46.2291],[-106.72497,46.22883],[-106.72536,46.22883],[-106.72536,46.2291],[-106.72497,46.2291]]],[[[-106.71523,46.22991],[-106.71523,46.22964],[-106.71562,46.22964],[-106.71562,46.22937],[-106.7164,46.22937],[-106.7164,46.22883],[-106.71796,46.22883],[-106.71796,46.22856],[-106.71835,46.22856],[-106.71835,46.22829],[-106.71913,46.22829],[-106.71913,46.22776],[-106.72068,46.22749],[-106.72068,46.22829],[-106.72029,46.22829],[-106.72029,46.22856],[-106.7199,46.22856],[-106.7199,46.22883],[-106.71913,46.2291],[-106.71913,46.22937],[-106.71874,46.22937],[-106.71874,46.22964],[-106.71757,46.22964],[-106.71757,46.22991],[-106.71679,46.22991],[-106.71679,46.23018],[-106.7164,46.23018],[-106.7164,46.23072],[-106.71523,46.23072],[-106.71523,46.23045],[-106.71484,46.23045],[-106.71484,46.22991],[-106.71523,46.22991]]],[[[-106.7277,46.23126],[-106.7277,46.23153],[-106.72809,46.23153],[-106.72809,46.23207],[-106.72731,46.23234],[-106.72731,46.23261],[-106.72692,46.23261],[-106.72692,46.23288],[-106.72653,46.23288],[-106.72653,46.2318],[-106.72692,46.2318],[-106.72692,46.23126],[-106.7277,46.23126]]],[[[-106.7277,46.238],[-106.72692,46.238],[-106.72692,46.23773],[-106.7277,46.23773],[-106.7277,46.238]]],[[[-106.73004,46.23961],[-106.73004,46.23988],[-106.72965,46.23988],[-106.72965,46.23961],[-106.72926,46.23961],[-106.72926,46.23934],[-106.72965,46.23934],[-106.72965,46.23907],[-106.73082,46.23907],[-106.73082,46.23934],[-106.73121,46.23934],[-106.73121,46.23961],[-106.73198,46.23961],[-106.73198,46.24015],[-106.73121,46.24015],[-106.73121,46.23988],[-106.73082,46.23988],[-106.73082,46.23961],[-106.73004,46.23961]]],[[[-106.72536,46.24069],[-106.72536,46.24096],[-106.72575,46.24096],[-106.72575,46.24123],[-106.72536,46.24123],[-106.72536,46.2415],[-106.72458,46.24123],[-106.72458,46.24069],[-106.72536,46.24069]]],[[[-106.72731,46.2415],[-106.72731,46.24123],[-106.7277,46.24123],[-106.7277,46.24096],[-106.72926,46.24096],[-106.72926,46.24123],[-106.72965,46.24123],[-106.72965,46.2415],[-106.73004,46.2415],[-106.73004,46.24204],[-106.72809,46.24204],[-106.72809,46.24231],[-106.72731,46.24231],[-106.72731,46.24204],[-106.72692,46.24204],[-106.72692,46.2415],[-106.72731,46.2415]]],[[[-106.73198,46.24312],[-106.73198,46.24285],[-106.73237,46.24285],[-106.73237,46.24312],[-106.73276,46.24312],[-106.73276,46.24339],[-106.73237,46.24339],[-106.73237,46.24366],[-106.73159,46.24366],[-106.73159,46.24392],[-106.73082,46.24392],[-106.73082,46.24339],[-106.73159,46.24339],[-106.73159,46.24312],[-106.73198,46.24312]]],[[[-106.72302,46.24339],[-106.72302,46.24366],[-106.72263,46.24366],[-106.72263,46.24312],[-106.72341,46.24312],[-106.72341,46.24339],[-106.72302,46.24339]]],[[[-106.72146,46.24473],[-106.72146,46.24446],[-106.72185,46.24446],[-106.72185,46.24473],[-106.72146,46.24473]]],[[[-106.71874,46.25174],[-106.71835,46.25174],[-106.71835,46.25147],[-106.71874,46.25147],[-106.71874,46.25174]]],[[[-106.69925,46.2229],[-106.69925,46.22263],[-106.69964,46.22263],[-106.69964,46.22237],[-106.70081,46.22237],[-106.70081,46.2229],[-106.70042,46.2229],[-106.70042,46.22317],[-106.70003,46.22317],[-106.70003,46.22344],[-106.69925,46.22344],[-106.69925,46.22317],[-106.69886,46.22317],[-106.69886,46.2229],[-106.69925,46.2229]]],[[[-106.70627,46.22263],[-106.70627,46.22344],[-106.70549,46.22344],[-106.70549,46.22317],[-106.7051,46.22317],[-106.7051,46.22263],[-106.70627,46.22263]]],[[[-106.70237,46.22479],[-106.70237,46.22452],[-106.70198,46.22452],[-106.70198,46.22425],[-106.70237,46.22425],[-106.70237,46.22398],[-106.70393,46.22398],[-106.70393,46.22425],[-106.70471,46.22452],[-106.70471,46.22479],[-106.70432,46.22479],[-106.70432,46.22533],[-106.70315,46.22533],[-106.70315,46.22506],[-106.70276,46.22506],[-106.70276,46.22479],[-106.70237,46.22479]]],[[[-106.71055,46.22695],[-106.71055,46.22668],[-106.71133,46.22695],[-106.71133,46.22802],[-106.71094,46.22802],[-106.71094,46.22776],[-106.71016,46.22776],[-106.71016,46.22695],[-106.71055,46.22695]]],[[[-106.69068,46.25551],[-106.68795,46.25551],[-106.68795,46.2547],[-106.68678,46.2547],[-106.68678,46.25443],[-106.68523,46.25443],[-106.68523,46.25417],[-106.68445,46.25417],[-106.68445,46.2539],[-106.68406,46.2539],[-106.68406,46.25363],[-106.68328,46.25336],[-106.68328,46.25309],[-106.68289,46.25309],[-106.68289,46.25282],[-106.6825,46.25282],[-106.6825,46.25255],[-106.68094,46.25255],[-106.68094,46.25174],[-106.68055,46.25174],[-106.68055,46.25066],[-106.68133,46.25066],[-106.68133,46.25039],[-106.6825,46.25039],[-106.6825,46.25012],[-106.68172,46.24985],[-106.68172,46.24958],[-106.68055,46.24958],[-106.68055,46.24931],[-106.68133,46.24905],[-106.68133,46.24878],[-106.68094,46.24878],[-106.68094,46.24824],[-106.68016,46.24824],[-106.68016,46.24743],[-106.68133,46.24743],[-106.68133,46.2477],[-106.68211,46.2477],[-106.68211,46.24716],[-106.6825,46.24716],[-106.6825,46.24689],[-106.68328,46.24689],[-106.68328,46.24716],[-106.68484,46.24716],[-106.68484,46.24662],[-106.68445,46.24662],[-106.68445,46.24635],[-106.68367,46.24608],[-106.68367,46.24527],[-106.68328,46.24527],[-106.68328,46.24473],[-106.68289,46.24473],[-106.68289,46.24392],[-106.68523,46.24392],[-106.68523,46.24339],[-106.68561,46.24339],[-106.68561,46.24312],[-106.686,46.24312],[-106.686,46.24285],[-106.68678,46.24285],[-106.68678,46.24258],[-106.68717,46.24258],[-106.68717,46.24285],[-106.68756,46.24285],[-106.68756,46.24312],[-106.68834,46.24312],[-106.68834,46.24339],[-106.68912,46.24339],[-106.68912,46.24366],[-106.68951,46.24366],[-106.68951,46.2415],[-106.68912,46.2415],[-106.68912,46.24096],[-106.68873,46.24096],[-106.68873,46.24069],[-106.68912,46.24069],[-106.68912,46.24042],[-106.68873,46.24042],[-106.68873,46.24015],[-106.6899,46.24015],[-106.6899,46.23988],[-106.69146,46.23961],[-106.69146,46.23988],[-106.69224,46.23988],[-106.69224,46.24096],[-106.69302,46.24069],[-106.69302,46.24042],[-106.6938,46.24042],[-106.6938,46.24015],[-106.69419,46.24015],[-106.69419,46.23961],[-106.69458,46.23961],[-106.69458,46.23853],[-106.69497,46.23853],[-106.69497,46.23719],[-106.69458,46.23719],[-106.69458,46.23638],[-106.69419,46.23638],[-106.69419,46.23584],[-106.6938,46.23584],[-106.6938,46.2353],[-106.69536,46.2353],[-106.69536,46.23557],[-106.69575,46.23557],[-106.69575,46.23503],[-106.69536,46.23503],[-106.69536,46.23368],[-106.69575,46.23368],[-106.69575,46.23341],[-106.69653,46.23368],[-106.69653,46.23422],[-106.69692,46.23422],[-106.69692,46.23449],[-106.69808,46.23449],[-106.69808,46.23422],[-106.69847,46.23422],[-106.69847,46.23368],[-106.69808,46.23368],[-106.69808,46.23341],[-106.69692,46.23341],[-106.69692,46.2318],[-106.69769,46.23153],[-106.69769,46.23126],[-106.69692,46.23099],[-106.69692,46.23045],[-106.69769,46.23045],[-106.69769,46.23018],[-106.69964,46.23018],[-106.69964,46.22964],[-106.69769,46.22964],[-106.69769,46.22937],[-106.6973,46.22937],[-106.6973,46.2291],[-106.69769,46.2291],[-106.69769,46.22883],[-106.69847,46.22883],[-106.69847,46.22829],[-106.69925,46.22829],[-106.69925,46.22802],[-106.70081,46.22802],[-106.70081,46.22776],[-106.70198,46.22776],[-106.70198,46.22749],[-106.70159,46.22749],[-106.70159,46.22722],[-106.70081,46.22722],[-106.70081,46.22749],[-106.70042,46.22749],[-106.70042,46.22776],[-106.69925,46.22776],[-106.69925,46.22749],[-106.69808,46.22749],[-106.69808,46.22722],[-106.69653,46.22695],[-106.69653,46.22668],[-106.69769,46.22668],[-106.69769,46.22641],[-106.69847,46.22641],[-106.69847,46.22587],[-106.69808,46.22587],[-106.69808,46.2256],[-106.69847,46.2256],[-106.69847,46.22506],[-106.69886,46.22506],[-106.69886,46.22479],[-106.69964,46.22479],[-106.69964,46.22452],[-106.70081,46.22452],[-106.70081,46.22479],[-106.7012,46.22479],[-106.7012,46.22533],[-106.70081,46.22533],[-106.70081,46.2256],[-106.70003,46.2256],[-106.70003,46.22614],[-106.70081,46.22641],[-106.70081,46.22668],[-106.70159,46.22668],[-106.70159,46.22614],[-106.70198,46.22614],[-106.70198,46.22587],[-106.70237,46.22587],[-106.70237,46.2256],[-106.70432,46.2256],[-106.70432,46.22587],[-106.70471,46.22587],[-106.70471,46.22614],[-106.7051,46.22614],[-106.7051,46.22668],[-106.70627,46.22668],[-106.70627,46.22641],[-106.70666,46.22641],[-106.70666,46.22614],[-106.70744,46.22614],[-106.70744,46.22587],[-106.70783,46.22587],[-106.70783,46.22533],[-106.70822,46.22533],[-106.70822,46.22398],[-106.7086,46.22398],[-106.7086,46.22425],[-106.70899,46.22425],[-106.70899,46.22506],[-106.7086,46.22506],[-106.7086,46.22614],[-106.70783,46.22641],[-106.70783,46.22722],[-106.7086,46.22749],[-106.7086,46.22776],[-106.70938,46.22776],[-106.70938,46.22802],[-106.70977,46.22802],[-106.70977,46.22856],[-106.71016,46.22856],[-106.71016,46.22937],[-106.71055,46.22937],[-106.71055,46.22964],[-106.71094,46.22964],[-106.71094,46.22937],[-106.71172,46.22937],[-106.71172,46.22964],[-106.7125,46.22964],[-106.7125,46.22991],[-106.71289,46.22991],[-106.71289,46.23072],[-106.7125,46.23072],[-106.7125,46.23099],[-106.71172,46.23072],[-106.71172,46.23045],[-106.71133,46.23045],[-106.71133,46.23018],[-106.71055,46.23018],[-106.71055,46.23045],[-106.71016,46.23045],[-106.71016,46.23234],[-106.71055,46.23234],[-106.71055,46.23207],[-106.71133,46.23207],[-106.71133,46.23153],[-106.7125,46.23153],[-106.7125,46.23207],[-106.71289,46.23207],[-106.71289,46.23261],[-106.71523,46.23288],[-106.71523,46.23261],[-106.71562,46.23261],[-106.71562,46.23207],[-106.71601,46.23207],[-106.71601,46.23126],[-106.71679,46.23099],[-106.71679,46.23126],[-106.71718,46.23126],[-106.71718,46.23153],[-106.71796,46.23153],[-106.71796,46.23072],[-106.71835,46.23072],[-106.71835,46.23045],[-106.71874,46.23045],[-106.71874,46.23018],[-106.71913,46.23018],[-106.71913,46.22991],[-106.7199,46.22964],[-106.7199,46.22937],[-106.72029,46.22937],[-106.72029,46.2291],[-106.72107,46.22883],[-106.72107,46.22856],[-106.72263,46.22856],[-106.72263,46.22964],[-106.72224,46.22964],[-106.72224,46.23045],[-106.72263,46.23045],[-106.72263,46.23099],[-106.72302,46.23099],[-106.72302,46.23126],[-106.72341,46.23126],[-106.72341,46.23207],[-106.72419,46.2318],[-106.72419,46.23099],[-106.7238,46.23099],[-106.7238,46.23045],[-106.72419,46.23045],[-106.72419,46.23018],[-106.72458,46.23018],[-106.72458,46.22991],[-106.72575,46.22991],[-106.72575,46.23045],[-106.72653,46.23045],[-106.72653,46.23018],[-106.72692,46.23018],[-106.72692,46.23099],[-106.72614,46.23099],[-106.72614,46.23234],[-106.72575,46.23234],[-106.72575,46.23288],[-106.72614,46.23288],[-106.72614,46.23395],[-106.72575,46.23395],[-106.72575,46.23449],[-106.72536,46.23449],[-106.72536,46.23476],[-106.72419,46.23476],[-106.72419,46.23422],[-106.7238,46.23422],[-106.7238,46.23449],[-106.72302,46.23449],[-106.72302,46.23422],[-106.72263,46.23422],[-106.72263,46.23449],[-106.72224,46.23449],[-106.72224,46.23503],[-106.72185,46.23503],[-106.72185,46.2353],[-106.72224,46.2353],[-106.72224,46.23584],[-106.72263,46.23584],[-106.72263,46.23611],[-106.72341,46.23584],[-106.72341,46.23557],[-106.72419,46.23557],[-106.72419,46.2353],[-106.72458,46.2353],[-106.72458,46.23557],[-106.72536,46.23557],[-106.72536,46.23503],[-106.72614,46.23503],[-106.72614,46.23557],[-106.72653,46.23557],[-106.72653,46.23611],[-106.72614,46.23611],[-106.72614,46.23638],[-106.72536,46.23611],[-106.72536,46.23665],[-106.72497,46.23665],[-106.72497,46.23692],[-106.72575,46.23719],[-106.72575,46.23773],[-106.72614,46.23773],[-106.72614,46.23853],[-106.72692,46.23853],[-106.72692,46.2388],[-106.72653,46.2388],[-106.72653,46.23907],[-106.72614,46.23907],[-106.72614,46.23934],[-106.72575,46.23934],[-106.72575,46.23961],[-106.72536,46.23961],[-106.72536,46.23988],[-106.72419,46.23988],[-106.72419,46.24015],[-106.72458,46.24015],[-106.72458,46.24042],[-106.72302,46.24042],[-106.72302,46.24015],[-106.72341,46.24015],[-106.72341,46.23988],[-106.72224,46.23988],[-106.72224,46.24015],[-106.72146,46.24042],[-106.72146,46.24069],[-106.72029,46.24069],[-106.72029,46.24177],[-106.72107,46.24204],[-106.72107,46.24258],[-106.72146,46.24258],[-106.72146,46.24312],[-106.72107,46.24312],[-106.72107,46.24366],[-106.72068,46.24366],[-106.72068,46.24419],[-106.72107,46.24419],[-106.72107,46.24473],[-106.72146,46.24473],[-106.72146,46.24581],[-106.72107,46.24581],[-106.72107,46.24635],[-106.72068,46.24635],[-106.72068,46.24662],[-106.72029,46.24662],[-106.72029,46.24743],[-106.7199,46.24743],[-106.7199,46.24797],[-106.71952,46.24797],[-106.71952,46.24851],[-106.71913,46.24851],[-106.71913,46.24905],[-106.71874,46.24905],[-106.71874,46.24985],[-106.71835,46.24985],[-106.71835,46.25039],[-106.71796,46.25039],[-106.71796,46.25066],[-106.71679,46.25066],[-106.71679,46.2512],[-106.71718,46.2512],[-106.71718,46.25201],[-106.71601,46.25201],[-106.71601,46.25174],[-106.71523,46.25174],[-106.71523,46.25201],[-106.71445,46.25228],[-106.71445,46.25255],[-106.71328,46.25255],[-106.71328,46.25282],[-106.71172,46.25282],[-106.71172,46.25309],[-106.70705,46.25309],[-106.70705,46.25282],[-106.70588,46.25282],[-106.70588,46.25309],[-106.70354,46.25309],[-106.70354,46.25336],[-106.70159,46.25336],[-106.70159,46.25363],[-106.70042,46.25363],[-106.70042,46.2539],[-106.69808,46.2539],[-106.69808,46.25363],[-106.69614,46.25363],[-106.69614,46.25336],[-106.69536,46.25336],[-106.69536,46.25309],[-106.69497,46.25309],[-106.69497,46.25228],[-106.69458,46.25228],[-106.69458,46.25201],[-106.6938,46.25201],[-106.6938,46.25147],[-106.69341,46.25147],[-106.69341,46.25093],[-106.69263,46.25093],[-106.69263,46.25066],[-106.69185,46.25066],[-106.69185,46.25039],[-106.69146,46.25039],[-106.69146,46.25066],[-106.69107,46.25066],[-106.69107,46.25093],[-106.69068,46.25093],[-106.69068,46.2512],[-106.6899,46.2512],[-106.6899,46.25174],[-106.69146,46.25174],[-106.69146,46.25201],[-106.69185,46.25201],[-106.69185,46.25228],[-106.69224,46.25228],[-106.69224,46.2539],[-106.69419,46.2539],[-106.69419,46.25443],[-106.6938,46.25443],[-106.6938,46.2547],[-106.69263,46.2547],[-106.69263,46.25443],[-106.69185,46.25443],[-106.69185,46.2547],[-106.69146,46.2547],[-106.69146,46.25497],[-106.69068,46.25524],[-106.69068,46.25551]],[[-106.6825,46.25066],[-106.68289,46.25066],[-106.68289,46.25093],[-106.68367,46.2512],[-106.68367,46.25147],[-106.68445,46.25147],[-106.68445,46.2512],[-106.68484,46.2512],[-106.68484,46.25066],[-106.68445,46.25066],[-106.68445,46.25012],[-106.68367,46.25012],[-106.68367,46.25039],[-106.6825,46.25039],[-106.6825,46.25066]],[[-106.69575,46.23584],[-106.69614,46.23584],[-106.69614,46.23557],[-106.69575,46.23557],[-106.69575,46.23584]],[[-106.69146,46.25417],[-106.69107,46.25417],[-106.69107,46.25443],[-106.68951,46.25443],[-106.68951,46.25497],[-106.6899,46.25497],[-106.6899,46.2547],[-106.69146,46.2547],[-106.69146,46.25417]],[[-106.68912,46.25497],[-106.68912,46.25443],[-106.68873,46.25443],[-106.68873,46.25497],[-106.68834,46.25497],[-106.68834,46.25524],[-106.68951,46.25524],[-106.68951,46.25497],[-106.68912,46.25497]],[[-106.69029,46.2539],[-106.68951,46.2539],[-106.68951,46.25417],[-106.69029,46.25417],[-106.69029,46.2539]],[[-106.68717,46.25363],[-106.68756,46.25363],[-106.68756,46.25417],[-106.68912,46.25417],[-106.68912,46.25363],[-106.68834,46.25363],[-106.68834,46.25336],[-106.68717,46.25336],[-106.68717,46.25363]],[[-106.7164,46.25039],[-106.71562,46.25039],[-106.71562,46.25066],[-106.7164,46.25066],[-106.7164,46.25039]],[[-106.68445,46.24905],[-106.68484,46.24905],[-106.68484,46.24878],[-106.68445,46.24878],[-106.68445,46.24905]],[[-106.68445,46.24851],[-106.68367,46.24824],[-106.68367,46.24743],[-106.68289,46.2477],[-106.68289,46.24797],[-106.68328,46.24797],[-106.68328,46.24851],[-106.68367,46.24851],[-106.68367,46.24878],[-106.68445,46.24878],[-106.68445,46.24851]],[[-106.69886,46.24473],[-106.69847,46.24473],[-106.69847,46.245],[-106.69886,46.245],[-106.69886,46.24473]],[[-106.69068,46.24392],[-106.6899,46.24392],[-106.6899,46.24446],[-106.69068,46.24446],[-106.69068,46.24392]],[[-106.72497,46.23853],[-106.72575,46.23853],[-106.72575,46.23827],[-106.72419,46.23827],[-106.72419,46.238],[-106.7238,46.238],[-106.7238,46.23827],[-106.72302,46.23827],[-106.72302,46.2388],[-106.72263,46.2388],[-106.72263,46.23907],[-106.72302,46.23907],[-106.72302,46.23961],[-106.7238,46.23961],[-106.7238,46.23934],[-106.72419,46.23934],[-106.72419,46.23907],[-106.72497,46.23907],[-106.72497,46.23853]],[[-106.70627,46.2353],[-106.70588,46.2353],[-106.70588,46.23557],[-106.70627,46.23557],[-106.70627,46.2353]],[[-106.71952,46.23126],[-106.71913,46.23126],[-106.71913,46.2318],[-106.71874,46.2318],[-106.71874,46.23207],[-106.71913,46.23207],[-106.71913,46.23261],[-106.71952,46.23261],[-106.71952,46.23288],[-106.72029,46.23288],[-106.72029,46.23234],[-106.7199,46.23234],[-106.7199,46.2318],[-106.71952,46.2318],[-106.71952,46.23126]]],[[[-106.67665,46.25282],[-106.67665,46.25228],[-106.67704,46.25228],[-106.67704,46.25282],[-106.67665,46.25282]]],[[[-106.67743,46.25282],[-106.67743,46.25255],[-106.67782,46.25255],[-106.67782,46.25282],[-106.67743,46.25282]]],[[[-106.67899,46.2539],[-106.67899,46.25363],[-106.6786,46.25363],[-106.6786,46.25336],[-106.67899,46.25336],[-106.67899,46.25309],[-106.68094,46.25309],[-106.68094,46.25363],[-106.68133,46.25363],[-106.68133,46.25417],[-106.68055,46.25417],[-106.68055,46.2547],[-106.68016,46.2547],[-106.68016,46.25417],[-106.67938,46.25417],[-106.67938,46.2539],[-106.67899,46.2539]]],[[[-106.68133,46.25443],[-106.68133,46.25417],[-106.68172,46.25417],[-106.68172,46.25443],[-106.68133,46.25443]]],[[[-106.68211,46.25443],[-106.68211,46.2547],[-106.68172,46.2547],[-106.68172,46.25443],[-106.68211,46.25443]]],[[[-106.68055,46.25497],[-106.68055,46.2547],[-106.68133,46.2547],[-106.68133,46.25497],[-106.68055,46.25497]]],[[[-106.67626,46.25497],[-106.67626,46.2547],[-106.67704,46.2547],[-106.67704,46.25497],[-106.67626,46.25497]]],[[[-106.68133,46.25524],[-106.68133,46.25497],[-106.68172,46.25497],[-106.68172,46.25524],[-106.68133,46.25524]]],[[[-106.67704,46.25524],[-106.67704,46.25497],[-106.67743,46.25497],[-106.67743,46.25524],[-106.67704,46.25524]]]]},"properties":{"layer":"predicted_reach_h06","fire_name":"Valley","irwin_id":"{5E97EF7C-2039-44B3-8665-ADB0336B5488}","model":"arrival_run","checkpoint_epoch":216,"decode":"connected_causal","operating_point":{"floor":0.0,"mult":0.9},"val_precision":null,"val_recall":null,"model_caveat":"arrival_run chosen for best RECALL among the six FlameFlux v3 candidates on the production-valid t0-window corpus (R=0.624 on the fc2 held-out fires, R=0.432 on Dillon -- see candidate_comparison.md from the 2026-07-24 comparison). It does NOT meet the project's P>=0.50/R>=0.80 target: precision is the WORST of the six (P=0.120 on fc2 -- most flagged growth is wrong), and wind_run actually edges it on F1. IMPORTANT CAVEAT: arrival_run trained on the leaky 'observed' corpus (crop centered/sized on t0|t1, i.e. it saw the future perimeter's geometry during training) and has NEVER seen a t0-window crop -- the ONLY geometry this live pipeline can ever produce at forecast time (the future perimeter is, by definition, unknown). So every live prediction from this model is out-of-distribution relative to its own training. The measured t0-window numbers above already reflect that (they are not a surprise), but this is 'best available', not 'production-ready' -- represent it that way. The operating_point (floor=0.0, mult=0.9) is the VAL-selected connected-causal decode point; it did NOT clear the 0.50 precision floor during selection (feasible=False, val P=0.270/R=0.259) -- it's the best-F1 fallback point, not a precision-guaranteed one.","issued_at_utc":"2026-08-20 13:46:34.611898+00:00","valid_from_utc":"2026-08-20 00:00:00","valid_to_utc":"2026-08-21 00:00:00","wfigs_date_current_utc":"2026-08-20 12:05:00+00:00","pixel_size_m":30,"veg_source":"refreshed_d4","physics_source":"eikonal_fbfm40","history_n_dates":1,"degraded_history":true,"containment_pct":0.0,"acres_wfigs":224.5330361499428,"hour":6,"valid_at_utc":"2026-08-20 06:00:00"}},{"type":"Feature","geometry":{"type":"MultiPolygon","coordinates":[[[[-106.71016,46.22156],[-106.71016,46.22102],[-106.71055,46.22102],[-106.71055,46.22156],[-106.71016,46.22156]]],[[[-106.71289,46.22425],[-106.71289,46.22398],[-106.71328,46.22398],[-106.71328,46.22425],[-106.71289,46.22425]]],[[[-106.71016,46.2256],[-106.71016,46.22506],[-106.71055,46.22506],[-106.71055,46.22452],[-106.71172,46.22452],[-106.71172,46.22479],[-106.7125,46.22506],[-106.7125,46.2256],[-106.71211,46.2256],[-106.71211,46.22587],[-106.71055,46.22587],[-106.71055,46.2256],[-106.71016,46.2256]]],[[[-106.71211,46.22668],[-106.71211,46.22614],[-106.7125,46.22614],[-106.7125,46.2256],[-106.71328,46.2256],[-106.71328,46.22614],[-106.71289,46.22614],[-106.71289,46.22668],[-106.71211,46.22668]]],[[[-106.7238,46.22668],[-106.7238,46.22749],[-106.72341,46.22749],[-106.72341,46.22776],[-106.72263,46.22802],[-106.72263,46.22695],[-106.72341,46.22695],[-106.72341,46.22668],[-106.7238,46.22668]]],[[[-106.72848,46.22749],[-106.72848,46.22722],[-106.72887,46.22722],[-106.72887,46.22802],[-106.72809,46.22776],[-106.72809,46.22749],[-106.72848,46.22749]]],[[[-106.72809,46.23045],[-106.72809,46.22964],[-106.72926,46.22964],[-106.72926,46.23045],[-106.72809,46.23045]]],[[[-106.73082,46.23153],[-106.73082,46.2318],[-106.73121,46.2318],[-106.73121,46.23207],[-106.73082,46.23207],[-106.73082,46.23261],[-106.73004,46.23261],[-106.73004,46.23234],[-106.73043,46.23234],[-106.73043,46.23153],[-106.73082,46.23153]]],[[[-106.72692,46.23476],[-106.72692,46.23422],[-106.7277,46.23395],[-106.7277,46.23449],[-106.72848,46.23449],[-106.72848,46.23557],[-106.7277,46.23557],[-106.7277,46.2353],[-106.72731,46.2353],[-106.72731,46.23476],[-106.72692,46.23476]]],[[[-106.72926,46.23665],[-106.72926,46.23611],[-106.72965,46.23611],[-106.72965,46.23665],[-106.72926,46.23665]]],[[[-106.72731,46.23692],[-106.72731,46.23665],[-106.7277,46.23665],[-106.7277,46.23692],[-106.72731,46.23692]]],[[[-106.73354,46.23907],[-106.73354,46.2388],[-106.73315,46.2388],[-106.73315,46.23853],[-106.73432,46.23853],[-106.73432,46.2388],[-106.7351,46.2388],[-106.7351,46.23961],[-106.73471,46.23961],[-106.73471,46.23934],[-106.73432,46.23934],[-106.73432,46.23907],[-106.73354,46.23907]]],[[[-106.72926,46.23934],[-106.72926,46.23907],[-106.73082,46.2388],[-106.73082,46.23907],[-106.73159,46.23907],[-106.73159,46.23934],[-106.73198,46.23934],[-106.73198,46.23961],[-106.73276,46.23988],[-106.73276,46.24015],[-106.73237,46.24015],[-106.73237,46.24042],[-106.73082,46.24042],[-106.73082,46.23988],[-106.72887,46.23988],[-106.72887,46.23934],[-106.72926,46.23934]]],[[[-106.7351,46.23988],[-106.7351,46.23961],[-106.73549,46.23961],[-106.73549,46.23988],[-106.7351,46.23988]]],[[[-106.72536,46.24473],[-106.72536,46.24419],[-106.72575,46.24419],[-106.72575,46.24392],[-106.72653,46.24392],[-106.72653,46.24366],[-106.72731,46.24366],[-106.72731,46.24339],[-106.72887,46.24339],[-106.72887,46.24392],[-106.72965,46.24392],[-106.72965,46.24419],[-106.73004,46.24419],[-106.73004,46.24446],[-106.72965,46.24446],[-106.72965,46.24473],[-106.72926,46.24473],[-106.72926,46.245],[-106.72848,46.245],[-106.72848,46.24446],[-106.72614,46.24446],[-106.72614,46.24473],[-106.72536,46.24473]]],[[[-106.72497,46.24581],[-106.72497,46.245],[-106.72536,46.245],[-106.72536,46.24581],[-106.72497,46.24581]]],[[[-106.72731,46.24635],[-106.72731,46.24608],[-106.7277,46.24608],[-106.7277,46.24581],[-106.72809,46.24581],[-106.72809,46.24554],[-106.72887,46.24581],[-106.72887,46.24608],[-106.72809,46.24608],[-106.72809,46.24635],[-106.7277,46.24635],[-106.7277,46.24662],[-106.72731,46.24662],[-106.72731,46.24689],[-106.72653,46.24689],[-106.72653,46.24662],[-106.72731,46.24635]]],[[[-106.70549,46.21455],[-106.70549,46.21509],[-106.70471,46.21509],[-106.70471,46.21482],[-106.70549,46.21455]]],[[[-106.70159,46.2159],[-106.70159,46.21644],[-106.70198,46.21644],[-106.70198,46.21671],[-106.70081,46.21671],[-106.70081,46.21644],[-106.7012,46.21644],[-106.7012,46.2159],[-106.70159,46.2159]]],[[[-106.70237,46.22021],[-106.70237,46.21994],[-106.70315,46.21994],[-106.70315,46.22021],[-106.70237,46.22021]]],[[[-106.7012,46.22102],[-106.7012,46.22129],[-106.70042,46.22129],[-106.70042,46.22048],[-106.70159,46.22048],[-106.70159,46.22102],[-106.7012,46.22102]]],[[[-106.70899,46.22156],[-106.70899,46.2221],[-106.70822,46.2221],[-106.70822,46.22183],[-106.70899,46.22156]]],[[[-106.70899,46.22263],[-106.70899,46.2229],[-106.7086,46.2229],[-106.7086,46.22237],[-106.70938,46.22237],[-106.70938,46.22263],[-106.70899,46.22263]]],[[[-106.69925,46.22263],[-106.69925,46.22237],[-106.69964,46.22237],[-106.69964,46.2221],[-106.70081,46.2221],[-106.70081,46.22237],[-106.70159,46.22237],[-106.70159,46.22263],[-106.7012,46.22263],[-106.7012,46.2229],[-106.70081,46.2229],[-106.70081,46.22317],[-106.70042,46.22317],[-106.70042,46.22344],[-106.70003,46.22344],[-106.70003,46.22371],[-106.69925,46.22371],[-106.69925,46.22344],[-106.69886,46.22344],[-106.69886,46.22263],[-106.69925,46.22263]]],[[[-106.7051,46.22344],[-106.7051,46.2229],[-106.70471,46.2229],[-106.70471,46.22263],[-106.70315,46.22263],[-106.70315,46.22237],[-106.70666,46.22237],[-106.70666,46.22263],[-106.70744,46.2229],[-106.70744,46.22344],[-106.70666,46.22371],[-106.70666,46.22398],[-106.70705,46.22398],[-106.70705,46.22425],[-106.70627,46.22425],[-106.70627,46.22371],[-106.70588,46.22371],[-106.70588,46.22344],[-106.7051,46.22344]]],[[[-106.68951,46.25578],[-106.68717,46.25551],[-106.68717,46.25524],[-106.68756,46.25524],[-106.68756,46.25497],[-106.68717,46.25497],[-106.68717,46.2547],[-106.686,46.2547],[-106.686,46.25443],[-106.68445,46.25443],[-106.68445,46.25417],[-106.68406,46.25417],[-106.68406,46.2539],[-106.68328,46.2539],[-106.68328,46.25336],[-106.6825,46.25309],[-106.6825,46.25282],[-106.68172,46.25282],[-106.68172,46.25309],[-106.68133,46.25309],[-106.68133,46.25363],[-106.68172,46.25363],[-106.68172,46.25417],[-106.68211,46.25417],[-106.68211,46.2547],[-106.68172,46.2547],[-106.68172,46.25443],[-106.68133,46.25443],[-106.68133,46.25417],[-106.68055,46.25417],[-106.68055,46.2547],[-106.68133,46.2547],[-106.68133,46.25497],[-106.68172,46.25497],[-106.68172,46.25524],[-106.68016,46.25497],[-106.68016,46.25443],[-106.67977,46.25443],[-106.67977,46.25417],[-106.67938,46.25417],[-106.67938,46.2539],[-106.6786,46.2539],[-106.6786,46.25363],[-106.67821,46.25363],[-106.67821,46.25309],[-106.67938,46.25309],[-106.67938,46.25282],[-106.68016,46.25282],[-106.68016,46.25255],[-106.68055,46.25255],[-106.68055,46.25174],[-106.68016,46.25174],[-106.68016,46.2512],[-106.67977,46.2512],[-106.67977,46.25093],[-106.67938,46.25093],[-106.67938,46.25066],[-106.67977,46.25066],[-106.67977,46.25039],[-106.68172,46.25039],[-106.68172,46.25012],[-106.68094,46.25012],[-106.68094,46.24985],[-106.68016,46.24958],[-106.68016,46.24905],[-106.68055,46.24905],[-106.68055,46.24851],[-106.67977,46.24824],[-106.67977,46.24743],[-106.67938,46.24743],[-106.67938,46.24689],[-106.68094,46.24689],[-106.68094,46.24716],[-106.68172,46.24716],[-106.68172,46.24689],[-106.6825,46.24689],[-106.6825,46.24662],[-106.68406,46.24689],[-106.68406,46.24635],[-106.68367,46.24635],[-106.68367,46.24581],[-106.68328,46.24581],[-106.68328,46.24527],[-106.68289,46.24527],[-106.68289,46.24473],[-106.6825,46.24473],[-106.6825,46.24419],[-106.68211,46.24419],[-106.68211,46.24392],[-106.68289,46.24392],[-106.68289,46.24366],[-106.68328,46.24366],[-106.68328,46.24312],[-106.68406,46.24312],[-106.68406,46.24339],[-106.68445,46.24339],[-106.68445,46.24285],[-106.68561,46.24285],[-106.68561,46.24258],[-106.686,46.24258],[-106.686,46.24231],[-106.68639,46.24231],[-106.68639,46.24177],[-106.68717,46.24204],[-106.68717,46.24231],[-106.68756,46.24231],[-106.68756,46.24258],[-106.68795,46.24258],[-106.68795,46.24285],[-106.68834,46.24285],[-106.68834,46.24312],[-106.68912,46.24312],[-106.68912,46.24204],[-106.68873,46.24204],[-106.68873,46.2415],[-106.68795,46.24177],[-106.68795,46.24123],[-106.68873,46.24123],[-106.68873,46.24096],[-106.68834,46.24096],[-106.68834,46.24042],[-106.68873,46.24042],[-106.68873,46.23934],[-106.68912,46.23934],[-106.68912,46.23907],[-106.6899,46.23907],[-106.6899,46.23934],[-106.68951,46.23934],[-106.68951,46.23988],[-106.6899,46.23988],[-106.6899,46.23961],[-106.69185,46.23961],[-106.69185,46.23988],[-106.69224,46.23988],[-106.69224,46.24015],[-106.69263,46.24015],[-106.69263,46.24042],[-106.6938,46.24042],[-106.6938,46.24015],[-106.69419,46.24015],[-106.69419,46.23907],[-106.69458,46.23907],[-106.69458,46.23853],[-106.69497,46.23853],[-106.69497,46.23719],[-106.69458,46.23719],[-106.69458,46.23665],[-106.69419,46.23665],[-106.69419,46.23611],[-106.6938,46.23611],[-106.6938,46.2353],[-106.69536,46.23476],[-106.69536,46.23314],[-106.69575,46.23314],[-106.69575,46.23288],[-106.69653,46.23288],[-106.69653,46.23153],[-106.69692,46.23153],[-106.69692,46.23126],[-106.69653,46.23126],[-106.69653,46.23045],[-106.69808,46.23018],[-106.69808,46.22964],[-106.69653,46.22937],[-106.69653,46.22883],[-106.69692,46.22883],[-106.69692,46.2291],[-106.69847,46.22883],[-106.69847,46.22856],[-106.69808,46.22856],[-106.69808,46.22829],[-106.69886,46.22802],[-106.69886,46.22776],[-106.69847,46.22776],[-106.69847,46.22749],[-106.69692,46.22722],[-106.69692,46.22695],[-106.69653,46.22695],[-106.69653,46.22668],[-106.69769,46.22668],[-106.69769,46.22641],[-106.69847,46.22641],[-106.69847,46.22587],[-106.69808,46.22587],[-106.69808,46.2256],[-106.69847,46.2256],[-106.69847,46.22506],[-106.69925,46.22479],[-106.69925,46.22452],[-106.70003,46.22452],[-106.70003,46.22425],[-106.70159,46.22452],[-106.70159,46.22425],[-106.70198,46.22425],[-106.70198,46.22398],[-106.70237,46.22398],[-106.70237,46.22371],[-106.70471,46.22398],[-106.70471,46.22425],[-106.7051,46.22425],[-106.7051,46.22506],[-106.70471,46.22506],[-106.70471,46.22533],[-106.70432,46.22533],[-106.70432,46.2256],[-106.7051,46.22587],[-106.7051,46.22614],[-106.70549,46.22614],[-106.70549,46.22641],[-106.70627,46.22641],[-106.70627,46.22614],[-106.70705,46.22614],[-106.70705,46.2256],[-106.70744,46.2256],[-106.70744,46.22506],[-106.70822,46.22506],[-106.70822,46.22479],[-106.70783,46.22479],[-106.70783,46.22452],[-106.70744,46.22452],[-106.70744,46.22398],[-106.70783,46.22398],[-106.70783,46.22371],[-106.70899,46.22371],[-106.70899,46.22398],[-106.70938,46.22398],[-106.70938,46.22479],[-106.70899,46.22479],[-106.70899,46.22587],[-106.71016,46.22587],[-106.71016,46.22614],[-106.71055,46.22614],[-106.71055,46.22641],[-106.71211,46.22668],[-106.71211,46.22776],[-106.71328,46.22776],[-106.71328,46.22749],[-106.71367,46.22749],[-106.71367,46.22722],[-106.71523,46.22749],[-106.71523,46.22802],[-106.71562,46.22802],[-106.71562,46.22829],[-106.71601,46.22829],[-106.71601,46.22856],[-106.71757,46.22856],[-106.71757,46.22802],[-106.71796,46.22802],[-106.71796,46.22749],[-106.71835,46.22749],[-106.71835,46.22722],[-106.71874,46.22722],[-106.71874,46.22695],[-106.71913,46.22695],[-106.71913,46.22668],[-106.71952,46.22668],[-106.71952,46.22641],[-106.72029,46.22614],[-106.72029,46.22668],[-106.7199,46.22668],[-106.7199,46.22722],[-106.72107,46.22722],[-106.72107,46.22749],[-106.72146,46.22749],[-106.72146,46.22776],[-106.72107,46.22776],[-106.72107,46.22802],[-106.72146,46.22802],[-106.72146,46.22829],[-106.72185,46.22829],[-106.72185,46.22802],[-106.72263,46.22802],[-106.72263,46.22829],[-106.72302,46.22829],[-106.72302,46.22856],[-106.72263,46.22856],[-106.72263,46.22883],[-106.72302,46.22883],[-106.72302,46.22964],[-106.72263,46.22964],[-106.72263,46.23045],[-106.72302,46.23045],[-106.72302,46.23072],[-106.7238,46.23045],[-106.7238,46.22991],[-106.72419,46.22991],[-106.72419,46.22937],[-106.72458,46.22937],[-106.72458,46.22856],[-106.72497,46.22856],[-106.72497,46.22829],[-106.72575,46.22829],[-106.72575,46.22856],[-106.72653,46.22856],[-106.72653,46.22829],[-106.72692,46.22829],[-106.72692,46.22991],[-106.7277,46.23018],[-106.7277,46.23072],[-106.72731,46.23072],[-106.72731,46.23099],[-106.7277,46.23099],[-106.7277,46.23126],[-106.72809,46.23126],[-106.72809,46.23153],[-106.72848,46.23153],[-106.72848,46.23207],[-106.7277,46.23234],[-106.7277,46.23288],[-106.72692,46.23288],[-106.72692,46.23341],[-106.72653,46.23341],[-106.72653,46.23395],[-106.72614,46.23395],[-106.72614,46.23476],[-106.72692,46.23476],[-106.72692,46.23665],[-106.72653,46.23665],[-106.72653,46.23719],[-106.72887,46.23692],[-106.72887,46.23746],[-106.72809,46.23773],[-106.72809,46.23827],[-106.7277,46.23827],[-106.7277,46.2388],[-106.72731,46.2388],[-106.72731,46.23934],[-106.72653,46.23961],[-106.72653,46.23988],[-106.72575,46.23988],[-106.72575,46.24069],[-106.72614,46.24069],[-106.72614,46.24123],[-106.72731,46.24123],[-106.72731,46.24096],[-106.7277,46.24096],[-106.7277,46.24069],[-106.72848,46.24069],[-106.72848,46.24096],[-106.72965,46.24096],[-106.72965,46.24123],[-106.73121,46.24123],[-106.73121,46.24177],[-106.73198,46.24204],[-106.73198,46.24231],[-106.73237,46.24231],[-106.73237,46.24258],[-106.73276,46.24258],[-106.73276,46.24285],[-106.73471,46.24285],[-106.73471,46.24312],[-106.73432,46.24312],[-106.73432,46.24339],[-106.73354,46.24339],[-106.73354,46.24312],[-106.73315,46.24312],[-106.73315,46.24339],[-106.73237,46.24366],[-106.73237,46.24392],[-106.73082,46.24392],[-106.73082,46.24419],[-106.73043,46.24419],[-106.73043,46.24392],[-106.73004,46.24392],[-106.73004,46.24312],[-106.72965,46.24312],[-106.72965,46.24231],[-106.72653,46.24231],[-106.72653,46.2415],[-106.72419,46.2415],[-106.72419,46.24096],[-106.72263,46.24096],[-106.72263,46.24042],[-106.72185,46.24042],[-106.72185,46.24069],[-106.72068,46.24069],[-106.72068,46.24096],[-106.72029,46.24096],[-106.72029,46.24177],[-106.72068,46.24177],[-106.72068,46.24204],[-106.72107,46.24204],[-106.72107,46.24231],[-106.72146,46.24231],[-106.72146,46.24366],[-106.72107,46.24366],[-106.72107,46.24446],[-106.72185,46.24446],[-106.72185,46.24392],[-106.72224,46.24392],[-106.72224,46.24312],[-106.72263,46.24312],[-106.72263,46.24285],[-106.7238,46.24285],[-106.7238,46.24366],[-106.72302,46.24366],[-106.72302,46.24392],[-106.72263,46.24392],[-106.72263,46.24419],[-106.72224,46.24419],[-106.72224,46.24473],[-106.72185,46.24473],[-106.72185,46.24527],[-106.72146,46.24527],[-106.72146,46.24608],[-106.72107,46.24608],[-106.72107,46.24662],[-106.72068,46.24662],[-106.72068,46.24743],[-106.7199,46.2477],[-106.7199,46.24824],[-106.71952,46.24824],[-106.71952,46.24878],[-106.71913,46.24878],[-106.71913,46.24985],[-106.71874,46.24985],[-106.71874,46.25039],[-106.71835,46.25039],[-106.71835,46.25066],[-106.71718,46.25066],[-106.71718,46.2512],[-106.71796,46.2512],[-106.71796,46.25093],[-106.71835,46.25093],[-106.71835,46.2512],[-106.71913,46.25147],[-106.71913,46.25174],[-106.71757,46.25174],[-106.71757,46.25201],[-106.71718,46.25201],[-106.71718,46.25228],[-106.71601,46.25228],[-106.71601,46.25201],[-106.71523,46.25201],[-106.71523,46.25228],[-106.71484,46.25228],[-106.71484,46.25255],[-106.71367,46.25255],[-106.71367,46.25282],[-106.71211,46.25282],[-106.71211,46.25309],[-106.71016,46.25309],[-106.71016,46.25336],[-106.70977,46.25336],[-106.70977,46.25309],[-106.70783,46.25309],[-106.70783,46.25336],[-106.70705,46.25336],[-106.70705,46.25309],[-106.70627,46.25309],[-106.70627,46.25336],[-106.7051,46.25336],[-106.7051,46.25309],[-106.70432,46.25309],[-106.70432,46.25336],[-106.70198,46.25336],[-106.70198,46.25363],[-106.70159,46.25363],[-106.70159,46.2539],[-106.69614,46.2539],[-106.69614,46.25363],[-106.69536,46.25363],[-106.69536,46.25309],[-106.69497,46.25309],[-106.69497,46.25255],[-106.69458,46.25255],[-106.69458,46.25228],[-106.6938,46.25228],[-106.6938,46.25201],[-106.69302,46.25174],[-106.69302,46.2512],[-106.69263,46.2512],[-106.69263,46.25093],[-106.69146,46.25093],[-106.69146,46.25174],[-106.69185,46.25174],[-106.69185,46.25201],[-106.69263,46.25228],[-106.69263,46.25363],[-106.69419,46.25363],[-106.69419,46.2539],[-106.69458,46.2539],[-106.69458,46.25417],[-106.6938,46.25443],[-106.6938,46.2547],[-106.69146,46.2547],[-106.69146,46.25524],[-106.69107,46.25524],[-106.69107,46.25551],[-106.68951,46.25551],[-106.68951,46.25578]],[[-106.68873,46.24069],[-106.68912,46.24069],[-106.68912,46.24042],[-106.68873,46.24042],[-106.68873,46.24069]],[[-106.69146,46.25417],[-106.69107,46.25417],[-106.69107,46.25443],[-106.68951,46.25443],[-106.68951,46.25497],[-106.6899,46.25497],[-106.6899,46.2547],[-106.69146,46.2547],[-106.69146,46.25417]],[[-106.68912,46.25497],[-106.68912,46.25443],[-106.68873,46.25443],[-106.68873,46.25497],[-106.68834,46.25497],[-106.68834,46.25524],[-106.68951,46.25524],[-106.68951,46.25497],[-106.68912,46.25497]],[[-106.68795,46.25417],[-106.68873,46.25417],[-106.68873,46.25363],[-106.68756,46.25363],[-106.68756,46.2539],[-106.68795,46.2539],[-106.68795,46.25417]],[[-106.68328,46.2512],[-106.68445,46.2512],[-106.68445,46.25039],[-106.68289,46.25039],[-106.68289,46.25093],[-106.68328,46.25093],[-106.68328,46.2512]],[[-106.69886,46.24473],[-106.69847,46.24473],[-106.69847,46.245],[-106.69886,46.245],[-106.69886,46.24473]],[[-106.73043,46.24312],[-106.73159,46.24312],[-106.73159,46.24285],[-106.73198,46.24285],[-106.73198,46.24258],[-106.73043,46.24258],[-106.73043,46.24312]],[[-106.72341,46.2388],[-106.72341,46.23907],[-106.7238,46.23907],[-106.7238,46.2388],[-106.72341,46.2388]],[[-106.72419,46.2388],[-106.72419,46.23853],[-106.7238,46.23853],[-106.7238,46.2388],[-106.72419,46.2388]],[[-106.70627,46.2353],[-106.70588,46.2353],[-106.70588,46.23557],[-106.70627,46.23557],[-106.70627,46.2353]],[[-106.71523,46.23072],[-106.71445,46.23072],[-106.71445,46.23045],[-106.71406,46.23045],[-106.71406,46.22991],[-106.71445,46.22991],[-106.71445,46.22937],[-106.71406,46.22937],[-106.71406,46.2291],[-106.7125,46.2291],[-106.7125,46.22883],[-106.71211,46.22883],[-106.71211,46.22937],[-106.71289,46.22964],[-106.71289,46.22991],[-106.71328,46.22991],[-106.71328,46.23018],[-106.71367,46.23018],[-106.71367,46.23045],[-106.71289,46.23072],[-106.71289,46.23126],[-106.7125,46.23126],[-106.7125,46.23153],[-106.71289,46.23153],[-106.71289,46.23234],[-106.71367,46.23234],[-106.71367,46.23261],[-106.71523,46.23261],[-106.71523,46.23234],[-106.71562,46.23234],[-106.71562,46.23099],[-106.71523,46.23099],[-106.71523,46.23072]],[[-106.71055,46.23099],[-106.71016,46.23099],[-106.71016,46.23207],[-106.71094,46.23207],[-106.71094,46.23153],[-106.71133,46.23153],[-106.71133,46.23072],[-106.71055,46.23072],[-106.71055,46.23099]],[[-106.71094,46.22829],[-106.71055,46.22829],[-106.71055,46.2291],[-106.71133,46.2291],[-106.71133,46.22883],[-106.71172,46.22883],[-106.71172,46.22856],[-106.71094,46.22856],[-106.71094,46.22829]],[[-106.70899,46.22695],[-106.7086,46.22695],[-106.7086,46.22722],[-106.70899,46.22722],[-106.70899,46.22749],[-106.70977,46.22749],[-106.70977,46.22695],[-106.70938,46.22695],[-106.70938,46.22668],[-106.70899,46.22668],[-106.70899,46.22695]],[[-106.70159,46.22533],[-106.7012,46.22533],[-106.7012,46.2256],[-106.70081,46.2256],[-106.70081,46.22587],[-106.70042,46.22587],[-106.70042,46.22614],[-106.70159,46.22614],[-106.70159,46.2256],[-106.70237,46.2256],[-106.70237,46.22479],[-106.70159,46.22479],[-106.70159,46.22533]]],[[[-106.67665,46.25066],[-106.67665,46.25039],[-106.67704,46.25039],[-106.67704,46.25066],[-106.67665,46.25066]]],[[[-106.67821,46.25093],[-106.67821,46.25039],[-106.67899,46.25039],[-106.67899,46.25093],[-106.67821,46.25093]]],[[[-106.67782,46.25201],[-106.67782,46.25228],[-106.67704,46.25228],[-106.67704,46.25282],[-106.67665,46.25282],[-106.67665,46.25228],[-106.67626,46.25228],[-106.67626,46.25201],[-106.67782,46.25201]]],[[[-106.67743,46.25282],[-106.67743,46.25255],[-106.67782,46.25255],[-106.67782,46.25282],[-106.67743,46.25282]]],[[[-106.67704,46.25309],[-106.67704,46.25282],[-106.67743,46.25282],[-106.67743,46.25309],[-106.67704,46.25309]]],[[[-106.67704,46.2547],[-106.67743,46.2547],[-106.67743,46.25524],[-106.67704,46.25524],[-106.67704,46.25497],[-106.67587,46.25497],[-106.67587,46.25417],[-106.67704,46.25417],[-106.67704,46.2547]]],[[[-106.68328,46.2547],[-106.68367,46.2547],[-106.68367,46.25497],[-106.68328,46.25497],[-106.68328,46.2547]]]]},"properties":{"layer":"predicted_reach_h07","fire_name":"Valley","irwin_id":"{5E97EF7C-2039-44B3-8665-ADB0336B5488}","model":"arrival_run","checkpoint_epoch":216,"decode":"connected_causal","operating_point":{"floor":0.0,"mult":0.9},"val_precision":null,"val_recall":null,"model_caveat":"arrival_run chosen for best RECALL among the six FlameFlux v3 candidates on the production-valid t0-window corpus (R=0.624 on the fc2 held-out fires, R=0.432 on Dillon -- see candidate_comparison.md from the 2026-07-24 comparison). It does NOT meet the project's P>=0.50/R>=0.80 target: precision is the WORST of the six (P=0.120 on fc2 -- most flagged growth is wrong), and wind_run actually edges it on F1. IMPORTANT CAVEAT: arrival_run trained on the leaky 'observed' corpus (crop centered/sized on t0|t1, i.e. it saw the future perimeter's geometry during training) and has NEVER seen a t0-window crop -- the ONLY geometry this live pipeline can ever produce at forecast time (the future perimeter is, by definition, unknown). So every live prediction from this model is out-of-distribution relative to its own training. The measured t0-window numbers above already reflect that (they are not a surprise), but this is 'best available', not 'production-ready' -- represent it that way. The operating_point (floor=0.0, mult=0.9) is the VAL-selected connected-causal decode point; it did NOT clear the 0.50 precision floor during selection (feasible=False, val P=0.270/R=0.259) -- it's the best-F1 fallback point, not a precision-guaranteed one.","issued_at_utc":"2026-08-20 13:46:34.611898+00:00","valid_from_utc":"2026-08-20 00:00:00","valid_to_utc":"2026-08-21 00:00:00","wfigs_date_current_utc":"2026-08-20 12:05:00+00:00","pixel_size_m":30,"veg_source":"refreshed_d4","physics_source":"eikonal_fbfm40","history_n_dates":1,"degraded_history":true,"containment_pct":0.0,"acres_wfigs":224.5330361499428,"hour":7,"valid_at_utc":"2026-08-20 07:00:00"}},{"type":"Feature","geometry":{"type":"MultiPolygon","coordinates":[[[[-106.71718,46.22237],[-106.7164,46.22237],[-106.7164,46.22183],[-106.71718,46.22183],[-106.71718,46.22237]]],[[[-106.71718,46.22479],[-106.71718,46.22506],[-106.7164,46.22506],[-106.7164,46.22452],[-106.71757,46.22452],[-106.71757,46.22479],[-106.71718,46.22479]]],[[[-106.72497,46.22587],[-106.72497,46.2256],[-106.72536,46.2256],[-106.72536,46.22587],[-106.72497,46.22587]]],[[[-106.73004,46.23153],[-106.73043,46.23153],[-106.73043,46.23126],[-106.73121,46.23126],[-106.73121,46.23261],[-106.73082,46.23261],[-106.73082,46.23288],[-106.72965,46.23288],[-106.72965,46.2318],[-106.73004,46.2318],[-106.73004,46.23153]]],[[[-106.73198,46.23314],[-106.73198,46.23288],[-106.73237,46.23288],[-106.73237,46.23314],[-106.73198,46.23314]]],[[[-106.73004,46.23368],[-106.73004,46.23341],[-106.73043,46.23341],[-106.73043,46.23395],[-106.73082,46.23395],[-106.73082,46.23449],[-106.73004,46.23449],[-106.73004,46.23422],[-106.72965,46.23422],[-106.72965,46.23368],[-106.73004,46.23368]]],[[[-106.73432,46.23476],[-106.73471,46.23476],[-106.73471,46.23449],[-106.7351,46.23449],[-106.7351,46.23422],[-106.73588,46.23422],[-106.73588,46.23449],[-106.73627,46.23449],[-106.73627,46.23476],[-106.73549,46.23476],[-106.73549,46.23503],[-106.73432,46.23503],[-106.73432,46.23476]]],[[[-106.73744,46.23449],[-106.73744,46.23476],[-106.73783,46.23476],[-106.73783,46.23503],[-106.73627,46.23503],[-106.73627,46.23476],[-106.73666,46.23476],[-106.73666,46.23449],[-106.73744,46.23449]]],[[[-106.73082,46.23503],[-106.73082,46.23449],[-106.73121,46.23449],[-106.73121,46.23503],[-106.73082,46.23503]]],[[[-106.73354,46.23692],[-106.73354,46.23665],[-106.73315,46.23665],[-106.73315,46.23692],[-106.73159,46.23692],[-106.73159,46.23665],[-106.73198,46.23665],[-106.73198,46.23638],[-106.73471,46.23638],[-106.73471,46.23665],[-106.73588,46.23665],[-106.73588,46.23692],[-106.73666,46.23692],[-106.73666,46.23719],[-106.73588,46.23746],[-106.73588,46.23719],[-106.73432,46.23719],[-106.73432,46.23692],[-106.73354,46.23692]]],[[[-106.739,46.23746],[-106.739,46.23773],[-106.73783,46.23773],[-106.73783,46.23719],[-106.73861,46.23719],[-106.73861,46.23746],[-106.739,46.23746]]],[[[-106.73354,46.23934],[-106.73354,46.23907],[-106.73315,46.23907],[-106.73315,46.2388],[-106.73276,46.2388],[-106.73276,46.23853],[-106.73237,46.23853],[-106.73237,46.238],[-106.73354,46.238],[-106.73354,46.23827],[-106.7351,46.23853],[-106.7351,46.2388],[-106.73549,46.2388],[-106.73549,46.23961],[-106.73588,46.23961],[-106.73588,46.23988],[-106.73471,46.23988],[-106.73471,46.23961],[-106.73432,46.23961],[-106.73432,46.23934],[-106.73354,46.23934]]],[[[-106.73082,46.24608],[-106.73082,46.24554],[-106.73159,46.24554],[-106.73159,46.24608],[-106.73082,46.24608]]],[[[-106.70471,46.21509],[-106.70432,46.21509],[-106.70432,46.21455],[-106.70198,46.21455],[-106.70198,46.21428],[-106.70237,46.21428],[-106.70237,46.21401],[-106.70315,46.21401],[-106.70315,46.21428],[-106.70549,46.21428],[-106.70549,46.21455],[-106.70588,46.21455],[-106.70588,46.21536],[-106.70549,46.21536],[-106.70549,46.21563],[-106.70471,46.21536],[-106.70471,46.21509]]],[[[-106.70432,46.21617],[-106.70471,46.21617],[-106.70471,46.21644],[-106.70432,46.21644],[-106.70432,46.21617]]],[[[-106.70315,46.21724],[-106.70198,46.21724],[-106.70198,46.21698],[-106.7012,46.21698],[-106.7012,46.21724],[-106.70081,46.21724],[-106.70081,46.21778],[-106.69964,46.21778],[-106.69964,46.21751],[-106.70003,46.21751],[-106.70003,46.21671],[-106.69964,46.21671],[-106.69964,46.21617],[-106.70081,46.21617],[-106.70081,46.2159],[-106.7012,46.2159],[-106.7012,46.21563],[-106.70198,46.21563],[-106.70198,46.2159],[-106.70237,46.2159],[-106.70237,46.21644],[-106.70276,46.21644],[-106.70276,46.21671],[-106.70315,46.21671],[-106.70315,46.21644],[-106.70432,46.21644],[-106.70432,46.21671],[-106.70393,46.21671],[-106.70393,46.21698],[-106.70315,46.21698],[-106.70315,46.21724]]],[[[-106.70977,46.21778],[-106.71055,46.21805],[-106.71055,46.21832],[-106.70938,46.21832],[-106.70938,46.21805],[-106.70977,46.21805],[-106.70977,46.21778]]],[[[-106.70744,46.21994],[-106.70744,46.21967],[-106.70783,46.21967],[-106.70783,46.22021],[-106.70744,46.22021],[-106.70744,46.22075],[-106.70666,46.22075],[-106.70666,46.22021],[-106.70744,46.21994]]],[[[-106.7086,46.22156],[-106.7086,46.22129],[-106.70977,46.22129],[-106.70977,46.22102],[-106.71016,46.22102],[-106.71016,46.22075],[-106.71094,46.22102],[-106.71094,46.22183],[-106.71016,46.22183],[-106.71016,46.2221],[-106.70938,46.22237],[-106.70938,46.2229],[-106.70899,46.2229],[-106.70899,46.22317],[-106.70822,46.2229],[-106.70822,46.22156],[-106.7086,46.22156]],[[-106.70977,46.22156],[-106.70938,46.22156],[-106.70938,46.22183],[-106.70977,46.22183],[-106.70977,46.22156]]],[[[-106.69769,46.2221],[-106.6973,46.2221],[-106.6973,46.22183],[-106.69769,46.22183],[-106.69769,46.2221]]],[[[-106.71289,46.22398],[-106.71289,46.22371],[-106.71367,46.22371],[-106.71367,46.22425],[-106.71328,46.22425],[-106.71328,46.22452],[-106.7125,46.22425],[-106.7125,46.22398],[-106.71289,46.22398]]],[[[-106.71523,46.22587],[-106.71523,46.2256],[-106.71562,46.2256],[-106.71562,46.22587],[-106.71523,46.22587]]],[[[-106.73121,46.2388],[-106.73121,46.23907],[-106.73198,46.23907],[-106.73198,46.23934],[-106.73237,46.23934],[-106.73237,46.23961],[-106.73276,46.23961],[-106.73276,46.23988],[-106.73315,46.23988],[-106.73315,46.24015],[-106.73471,46.24015],[-106.73471,46.24069],[-106.73549,46.24069],[-106.73549,46.24096],[-106.73588,46.24096],[-106.73588,46.2415],[-106.7351,46.2415],[-106.7351,46.24123],[-106.73471,46.24123],[-106.73471,46.24096],[-106.73354,46.24096],[-106.73354,46.24069],[-106.73198,46.24069],[-106.73198,46.24042],[-106.73121,46.24069],[-106.73121,46.24096],[-106.73159,46.24096],[-106.73159,46.2415],[-106.73198,46.2415],[-106.73198,46.24177],[-106.73276,46.24204],[-106.73276,46.24231],[-106.73432,46.24231],[-106.73432,46.24258],[-106.73471,46.24258],[-106.73471,46.24285],[-106.73549,46.24285],[-106.73549,46.24339],[-106.73315,46.24339],[-106.73315,46.24366],[-106.73159,46.24392],[-106.73159,46.24419],[-106.73043,46.24419],[-106.73043,46.24446],[-106.73004,46.24446],[-106.73004,46.24473],[-106.72926,46.245],[-106.72926,46.24581],[-106.72965,46.24581],[-106.72965,46.24608],[-106.72926,46.24608],[-106.72926,46.24635],[-106.72809,46.24635],[-106.72809,46.24662],[-106.7277,46.24662],[-106.7277,46.24689],[-106.72692,46.24716],[-106.72692,46.24797],[-106.72653,46.24797],[-106.72653,46.24635],[-106.72692,46.24635],[-106.72692,46.24581],[-106.72653,46.24581],[-106.72653,46.24554],[-106.72575,46.24527],[-106.72575,46.24581],[-106.72497,46.24608],[-106.72497,46.24554],[-106.72458,46.24554],[-106.72458,46.24446],[-106.72497,46.24446],[-106.72497,46.24392],[-106.72536,46.24392],[-106.72536,46.24366],[-106.72575,46.24366],[-106.72575,46.24231],[-106.72614,46.24231],[-106.72614,46.24177],[-106.72458,46.24177],[-106.72458,46.24204],[-106.72419,46.24204],[-106.72419,46.24258],[-106.7238,46.24258],[-106.7238,46.24285],[-106.72419,46.24285],[-106.72419,46.24339],[-106.72458,46.24339],[-106.72458,46.24366],[-106.72302,46.24366],[-106.72302,46.24392],[-106.72263,46.24392],[-106.72263,46.24419],[-106.72224,46.24419],[-106.72224,46.245],[-106.72185,46.245],[-106.72185,46.24554],[-106.72146,46.24554],[-106.72146,46.24635],[-106.72107,46.24635],[-106.72107,46.24689],[-106.72068,46.24689],[-106.72068,46.2477],[-106.72029,46.2477],[-106.72029,46.24797],[-106.7199,46.24797],[-106.7199,46.24824],[-106.71952,46.24824],[-106.71952,46.24905],[-106.71913,46.24905],[-106.71913,46.25012],[-106.71874,46.25012],[-106.71874,46.25066],[-106.71835,46.25066],[-106.71835,46.25093],[-106.71874,46.25093],[-106.71874,46.25147],[-106.71913,46.25147],[-106.71913,46.25174],[-106.71796,46.25174],[-106.71796,46.25201],[-106.71718,46.25201],[-106.71718,46.25228],[-106.71484,46.25228],[-106.71484,46.25255],[-106.71406,46.25255],[-106.71406,46.25282],[-106.71211,46.25282],[-106.71211,46.25309],[-106.71055,46.25309],[-106.71055,46.25336],[-106.70822,46.25309],[-106.70822,46.25336],[-106.70393,46.25336],[-106.70393,46.25363],[-106.70315,46.25363],[-106.70315,46.2539],[-106.69964,46.2539],[-106.69964,46.25417],[-106.69847,46.25417],[-106.69847,46.2539],[-106.69769,46.2539],[-106.69769,46.25417],[-106.69692,46.25417],[-106.69692,46.2539],[-106.69536,46.2539],[-106.69536,46.25336],[-106.69497,46.25336],[-106.69497,46.25282],[-106.69458,46.25282],[-106.69458,46.25228],[-106.69341,46.25228],[-106.69341,46.25201],[-106.69302,46.25201],[-106.69302,46.25174],[-106.69263,46.25174],[-106.69263,46.2512],[-106.69185,46.2512],[-106.69185,46.25174],[-106.69263,46.25201],[-106.69263,46.25309],[-106.69302,46.25309],[-106.69302,46.25363],[-106.69341,46.25363],[-106.69341,46.25336],[-106.6938,46.25336],[-106.6938,46.25363],[-106.69458,46.25363],[-106.69458,46.25417],[-106.6938,46.25443],[-106.6938,46.2547],[-106.69185,46.2547],[-106.69185,46.25497],[-106.69107,46.25524],[-106.69107,46.25551],[-106.6899,46.25551],[-106.6899,46.25578],[-106.68678,46.25578],[-106.68678,46.25524],[-106.68717,46.25524],[-106.68717,46.25497],[-106.68678,46.25497],[-106.68678,46.2547],[-106.68445,46.2547],[-106.68445,46.25443],[-106.68367,46.25443],[-106.68367,46.2547],[-106.68406,46.2547],[-106.68406,46.25497],[-106.68328,46.25497],[-106.68328,46.2547],[-106.68172,46.2547],[-106.68172,46.25443],[-106.68133,46.25443],[-106.68133,46.25417],[-106.68055,46.25417],[-106.68055,46.2547],[-106.68133,46.2547],[-106.68133,46.25497],[-106.68172,46.25497],[-106.68172,46.25551],[-106.68133,46.25551],[-106.68133,46.25524],[-106.68055,46.25524],[-106.68055,46.25497],[-106.68016,46.25497],[-106.68016,46.2547],[-106.67977,46.2547],[-106.67977,46.25443],[-106.67899,46.25417],[-106.67899,46.2539],[-106.67821,46.2539],[-106.67821,46.25363],[-106.67743,46.25336],[-106.67743,46.25309],[-106.67665,46.25309],[-106.67665,46.25282],[-106.67626,46.25282],[-106.67626,46.25201],[-106.67743,46.25201],[-106.67743,46.25147],[-106.67665,46.2512],[-106.67665,46.25066],[-106.67626,46.25066],[-106.67626,46.24985],[-106.67743,46.24985],[-106.67743,46.25039],[-106.67821,46.25039],[-106.67821,46.25012],[-106.67977,46.25012],[-106.67977,46.24905],[-106.68016,46.24905],[-106.68016,46.24851],[-106.67938,46.24824],[-106.67938,46.24743],[-106.67899,46.24743],[-106.67899,46.24689],[-106.67977,46.24689],[-106.67977,46.24662],[-106.68133,46.24662],[-106.68133,46.24689],[-106.68172,46.24689],[-106.68172,46.24662],[-106.68367,46.24662],[-106.68367,46.24635],[-106.68328,46.24635],[-106.68328,46.24581],[-106.6825,46.24554],[-106.6825,46.245],[-106.68172,46.24473],[-106.68172,46.24392],[-106.68211,46.24392],[-106.68211,46.24366],[-106.68289,46.24366],[-106.68289,46.24312],[-106.68406,46.24312],[-106.68406,46.24231],[-106.68561,46.24231],[-106.68561,46.24177],[-106.68717,46.24177],[-106.68717,46.2415],[-106.68756,46.2415],[-106.68756,46.24069],[-106.68795,46.24069],[-106.68795,46.24042],[-106.68873,46.24042],[-106.68873,46.23934],[-106.68912,46.23934],[-106.68912,46.2388],[-106.68951,46.2388],[-106.68951,46.23907],[-106.69068,46.23907],[-106.69068,46.23934],[-106.69146,46.23934],[-106.69146,46.23961],[-106.69224,46.23988],[-106.69224,46.24015],[-106.69419,46.24015],[-106.69419,46.2388],[-106.69458,46.2388],[-106.69458,46.23827],[-106.69497,46.23827],[-106.69497,46.23746],[-106.69458,46.23746],[-106.69458,46.23665],[-106.6938,46.23638],[-106.6938,46.23557],[-106.69341,46.23557],[-106.69341,46.2353],[-106.69419,46.2353],[-106.69419,46.23503],[-106.69458,46.23503],[-106.69458,46.23476],[-106.69497,46.23476],[-106.69497,46.23422],[-106.69536,46.23422],[-106.69536,46.23288],[-106.69614,46.23261],[-106.69614,46.23045],[-106.69692,46.23045],[-106.69692,46.23018],[-106.6973,46.23018],[-106.6973,46.22991],[-106.69769,46.22991],[-106.69769,46.22964],[-106.69653,46.22964],[-106.69653,46.22937],[-106.69614,46.22937],[-106.69614,46.22883],[-106.69692,46.22883],[-106.69692,46.2291],[-106.69847,46.22883],[-106.69847,46.22856],[-106.69808,46.22856],[-106.69808,46.22776],[-106.6973,46.22749],[-106.6973,46.22722],[-106.69653,46.22722],[-106.69653,46.22695],[-106.69614,46.22695],[-106.69614,46.22668],[-106.69769,46.22668],[-106.69769,46.22641],[-106.69847,46.22641],[-106.69847,46.22587],[-106.69808,46.22587],[-106.69808,46.2256],[-106.69847,46.2256],[-106.69847,46.22506],[-106.69886,46.22506],[-106.69886,46.22479],[-106.69847,46.22479],[-106.69847,46.22452],[-106.69964,46.22452],[-106.69964,46.22425],[-106.70003,46.22425],[-106.70003,46.22398],[-106.69925,46.22398],[-106.69925,46.22371],[-106.69886,46.22371],[-106.69886,46.22344],[-106.69847,46.22344],[-106.69847,46.22317],[-106.69808,46.22317],[-106.69808,46.2229],[-106.69847,46.2229],[-106.69847,46.22237],[-106.69925,46.22237],[-106.69925,46.22183],[-106.69964,46.22183],[-106.69964,46.22156],[-106.69886,46.22156],[-106.69886,46.22129],[-106.69964,46.22129],[-106.69964,46.22021],[-106.70198,46.22021],[-106.70198,46.21994],[-106.70237,46.21994],[-106.70237,46.21967],[-106.70354,46.21967],[-106.70354,46.22048],[-106.70237,46.22048],[-106.70237,46.22075],[-106.70198,46.22075],[-106.70198,46.22183],[-106.70237,46.22183],[-106.70237,46.2221],[-106.70627,46.22183],[-106.70627,46.2221],[-106.70705,46.22237],[-106.70705,46.22263],[-106.70744,46.22263],[-106.70744,46.2229],[-106.70783,46.2229],[-106.70783,46.22344],[-106.70938,46.22344],[-106.70938,46.2256],[-106.71016,46.2256],[-106.71016,46.22425],[-106.71133,46.22425],[-106.71133,46.22452],[-106.71211,46.22452],[-106.71211,46.22479],[-106.71289,46.22506],[-106.71289,46.22533],[-106.71406,46.22533],[-106.71406,46.2256],[-106.71445,46.2256],[-106.71445,46.22587],[-106.71523,46.22587],[-106.71523,46.22614],[-106.71484,46.22614],[-106.71484,46.22641],[-106.71328,46.22614],[-106.71328,46.22668],[-106.71367,46.22668],[-106.71367,46.22695],[-106.71445,46.22695],[-106.71445,46.22722],[-106.71484,46.22722],[-106.71484,46.22749],[-106.71562,46.22776],[-106.71562,46.22802],[-106.71601,46.22802],[-106.71601,46.22829],[-106.71718,46.22829],[-106.71718,46.22802],[-106.71757,46.22802],[-106.71757,46.22776],[-106.71796,46.22776],[-106.71796,46.22749],[-106.71835,46.22749],[-106.71835,46.22695],[-106.71874,46.22695],[-106.71874,46.22641],[-106.71952,46.22641],[-106.71952,46.22587],[-106.72068,46.22587],[-106.72068,46.22641],[-106.72107,46.22641],[-106.72107,46.22695],[-106.72146,46.22695],[-106.72146,46.22749],[-106.72224,46.22749],[-106.72224,46.22722],[-106.72263,46.22722],[-106.72263,46.22695],[-106.72302,46.22695],[-106.72302,46.22668],[-106.72419,46.22668],[-106.72419,46.22695],[-106.7238,46.22695],[-106.7238,46.22776],[-106.72302,46.22802],[-106.72302,46.22883],[-106.72341,46.22883],[-106.72341,46.22937],[-106.72419,46.2291],[-106.72419,46.22856],[-106.72497,46.22856],[-106.72497,46.22776],[-106.72575,46.22776],[-106.72575,46.22802],[-106.72731,46.22776],[-106.72731,46.22829],[-106.7277,46.22829],[-106.7277,46.22937],[-106.72848,46.22937],[-106.72848,46.2291],[-106.72887,46.2291],[-106.72887,46.22829],[-106.72809,46.22829],[-106.72809,46.22776],[-106.7277,46.22776],[-106.7277,46.22749],[-106.72809,46.22749],[-106.72809,46.22722],[-106.7277,46.22722],[-106.7277,46.22668],[-106.72848,46.22668],[-106.72848,46.22695],[-106.72887,46.22695],[-106.72887,46.22722],[-106.72965,46.22749],[-106.72965,46.22829],[-106.73004,46.22829],[-106.73004,46.2291],[-106.72965,46.2291],[-106.72965,46.22991],[-106.73004,46.22991],[-106.73004,46.23072],[-106.72887,46.23072],[-106.72887,46.23099],[-106.72848,46.23099],[-106.72848,46.23153],[-106.72887,46.23153],[-106.72887,46.23207],[-106.72848,46.23207],[-106.72848,46.23234],[-106.7277,46.23261],[-106.7277,46.23341],[-106.72848,46.23368],[-106.72848,46.23449],[-106.72887,46.23449],[-106.72887,46.2353],[-106.72926,46.2353],[-106.72926,46.23557],[-106.72965,46.23557],[-106.72965,46.23584],[-106.73004,46.23584],[-106.73004,46.23665],[-106.73082,46.23665],[-106.73082,46.23692],[-106.73004,46.23692],[-106.73004,46.23719],[-106.72965,46.23719],[-106.72965,46.23773],[-106.72887,46.23773],[-106.72887,46.238],[-106.72926,46.238],[-106.72926,46.23827],[-106.72809,46.23827],[-106.72809,46.23907],[-106.72887,46.23934],[-106.72887,46.23907],[-106.72965,46.23907],[-106.72965,46.2388],[-106.73121,46.2388]],[[-106.68367,46.25417],[-106.68328,46.25417],[-106.68328,46.2539],[-106.68289,46.2539],[-106.68289,46.25336],[-106.68211,46.25309],[-106.68211,46.25417],[-106.6825,46.25417],[-106.6825,46.25443],[-106.68367,46.25443],[-106.68367,46.25417]],[[-106.68873,46.24069],[-106.68912,46.24069],[-106.68912,46.24042],[-106.68873,46.24042],[-106.68873,46.24069]],[[-106.71289,46.22668],[-106.71289,46.22722],[-106.71328,46.22722],[-106.71328,46.22668],[-106.71289,46.22668]],[[-106.7277,46.23934],[-106.7277,46.23961],[-106.72692,46.23988],[-106.72692,46.24042],[-106.72614,46.24042],[-106.72614,46.24069],[-106.72731,46.24069],[-106.72731,46.24042],[-106.7277,46.24042],[-106.7277,46.24069],[-106.72926,46.24069],[-106.72926,46.24096],[-106.72965,46.24096],[-106.72965,46.24069],[-106.73043,46.24069],[-106.73043,46.24015],[-106.72926,46.24015],[-106.72926,46.24042],[-106.72887,46.24042],[-106.72887,46.24015],[-106.72848,46.24015],[-106.72848,46.23988],[-106.72809,46.23988],[-106.72809,46.23961],[-106.72848,46.23961],[-106.72848,46.23934],[-106.7277,46.23934]],[[-106.68834,46.25497],[-106.68834,46.25524],[-106.68951,46.25524],[-106.68951,46.25497],[-106.68912,46.25497],[-106.68912,46.25443],[-106.68873,46.25443],[-106.68873,46.25497],[-106.68834,46.25497]],[[-106.6899,46.25497],[-106.6899,46.2547],[-106.69146,46.2547],[-106.69146,46.25417],[-106.69107,46.25417],[-106.69107,46.25443],[-106.68951,46.25443],[-106.68951,46.25497],[-106.6899,46.25497]],[[-106.68834,46.25363],[-106.68795,46.25363],[-106.68795,46.2539],[-106.68834,46.2539],[-106.68834,46.25363]],[[-106.67938,46.25255],[-106.68016,46.25255],[-106.68016,46.25174],[-106.67977,46.25174],[-106.67977,46.2512],[-106.6786,46.2512],[-106.6786,46.25174],[-106.67821,46.25174],[-106.67821,46.25255],[-106.67782,46.25255],[-106.67782,46.25309],[-106.67899,46.25309],[-106.67899,46.25282],[-106.67938,46.25282],[-106.67938,46.25255]],[[-106.67782,46.25228],[-106.67704,46.25228],[-106.67704,46.25282],[-106.67782,46.25255],[-106.67782,46.25228]],[[-106.68367,46.2512],[-106.68406,46.2512],[-106.68406,46.25066],[-106.68328,46.25066],[-106.68328,46.25093],[-106.68367,46.25093],[-106.68367,46.2512]],[[-106.69886,46.24473],[-106.69847,46.24473],[-106.69847,46.245],[-106.69886,46.245],[-106.69886,46.24473]],[[-106.72185,46.24366],[-106.72146,46.24366],[-106.72146,46.24392],[-106.72185,46.24392],[-106.72185,46.24366]],[[-106.7277,46.24312],[-106.72926,46.24312],[-106.72926,46.24258],[-106.72731,46.24258],[-106.72731,46.24285],[-106.7277,46.24285],[-106.7277,46.24312]],[[-106.72341,46.24123],[-106.72302,46.24123],[-106.72302,46.24096],[-106.72263,46.24096],[-106.72263,46.24069],[-106.72146,46.24069],[-106.72146,46.24096],[-106.72068,46.24096],[-106.72068,46.24177],[-106.72107,46.24177],[-106.72107,46.24204],[-106.72185,46.24231],[-106.72185,46.24312],[-106.72224,46.24312],[-106.72224,46.24285],[-106.72302,46.24285],[-106.72302,46.24258],[-106.72341,46.24258],[-106.72341,46.24123]],[[-106.68795,46.24258],[-106.68834,46.24258],[-106.68834,46.24285],[-106.68912,46.24285],[-106.68912,46.24231],[-106.68873,46.24231],[-106.68873,46.24204],[-106.68795,46.24204],[-106.68795,46.24258]],[[-106.72887,46.23584],[-106.7277,46.23584],[-106.7277,46.23665],[-106.72887,46.23665],[-106.72887,46.23584]],[[-106.70627,46.2353],[-106.70588,46.2353],[-106.70588,46.23557],[-106.70627,46.23557],[-106.70627,46.2353]],[[-106.71562,46.23126],[-106.71523,46.23126],[-106.71523,46.23099],[-106.71484,46.23099],[-106.71484,46.23072],[-106.71328,46.23072],[-106.71328,46.23099],[-106.71289,46.23099],[-106.71289,46.23207],[-106.71328,46.23207],[-106.71328,46.23234],[-106.71406,46.23234],[-106.71406,46.23261],[-106.71484,46.23261],[-106.71484,46.23234],[-106.71523,46.23234],[-106.71523,46.23207],[-106.71562,46.23207],[-106.71562,46.23126]],[[-106.71094,46.23126],[-106.71055,46.23126],[-106.71055,46.23153],[-106.71094,46.23153],[-106.71094,46.23126]],[[-106.70666,46.22452],[-106.70588,46.22452],[-106.70588,46.22425],[-106.70549,46.22425],[-106.70549,46.22506],[-106.70588,46.22506],[-106.70588,46.22533],[-106.7051,46.22533],[-106.7051,46.22587],[-106.70549,46.22587],[-106.70549,46.22614],[-106.70666,46.22614],[-106.70666,46.22587],[-106.70705,46.22587],[-106.70705,46.22479],[-106.70666,46.22479],[-106.70666,46.22452]],[[-106.70471,46.2229],[-106.70159,46.2229],[-106.70159,46.22317],[-106.70081,46.22317],[-106.70081,46.22371],[-106.70042,46.22371],[-106.70042,46.22398],[-106.70198,46.22398],[-106.70198,46.22371],[-106.70276,46.22371],[-106.70276,46.22344],[-106.70354,46.22344],[-106.70354,46.22371],[-106.70432,46.22371],[-106.70432,46.22398],[-106.70549,46.22398],[-106.70549,46.22371],[-106.7051,46.22371],[-106.7051,46.22317],[-106.70471,46.22317],[-106.70471,46.2229]]],[[[-106.6825,46.24312],[-106.6825,46.24285],[-106.68289,46.24285],[-106.68289,46.24312],[-106.6825,46.24312]]],[[[-106.67626,46.25417],[-106.67626,46.2539],[-106.67704,46.2539],[-106.67704,46.25417],[-106.67743,46.25417],[-106.67743,46.2547],[-106.67782,46.2547],[-106.67782,46.25497],[-106.67743,46.25497],[-106.67743,46.25524],[-106.67704,46.25524],[-106.67704,46.25497],[-106.67587,46.25497],[-106.67587,46.25417],[-106.67626,46.25417]]],[[[-106.68406,46.25551],[-106.68406,46.25524],[-106.68445,46.25524],[-106.68445,46.25551],[-106.68406,46.25551]]]]},"properties":{"layer":"predicted_reach_h08","fire_name":"Valley","irwin_id":"{5E97EF7C-2039-44B3-8665-ADB0336B5488}","model":"arrival_run","checkpoint_epoch":216,"decode":"connected_causal","operating_point":{"floor":0.0,"mult":0.9},"val_precision":null,"val_recall":null,"model_caveat":"arrival_run chosen for best RECALL among the six FlameFlux v3 candidates on the production-valid t0-window corpus (R=0.624 on the fc2 held-out fires, R=0.432 on Dillon -- see candidate_comparison.md from the 2026-07-24 comparison). It does NOT meet the project's P>=0.50/R>=0.80 target: precision is the WORST of the six (P=0.120 on fc2 -- most flagged growth is wrong), and wind_run actually edges it on F1. IMPORTANT CAVEAT: arrival_run trained on the leaky 'observed' corpus (crop centered/sized on t0|t1, i.e. it saw the future perimeter's geometry during training) and has NEVER seen a t0-window crop -- the ONLY geometry this live pipeline can ever produce at forecast time (the future perimeter is, by definition, unknown). So every live prediction from this model is out-of-distribution relative to its own training. The measured t0-window numbers above already reflect that (they are not a surprise), but this is 'best available', not 'production-ready' -- represent it that way. The operating_point (floor=0.0, mult=0.9) is the VAL-selected connected-causal decode point; it did NOT clear the 0.50 precision floor during selection (feasible=False, val P=0.270/R=0.259) -- it's the best-F1 fallback point, not a precision-guaranteed one.","issued_at_utc":"2026-08-20 13:46:34.611898+00:00","valid_from_utc":"2026-08-20 00:00:00","valid_to_utc":"2026-08-21 00:00:00","wfigs_date_current_utc":"2026-08-20 12:05:00+00:00","pixel_size_m":30,"veg_source":"refreshed_d4","physics_source":"eikonal_fbfm40","history_n_dates":1,"degraded_history":true,"containment_pct":0.0,"acres_wfigs":224.5330361499428,"hour":8,"valid_at_utc":"2026-08-20 08:00:00"}},{"type":"Feature","geometry":{"type":"MultiPolygon","coordinates":[[[[-106.71679,46.22156],[-106.71835,46.22183],[-106.71835,46.2221],[-106.71874,46.2221],[-106.71874,46.22237],[-106.71835,46.22237],[-106.71835,46.22263],[-106.71601,46.22263],[-106.71601,46.22183],[-106.71679,46.22183],[-106.71679,46.22156]]],[[[-106.72536,46.22183],[-106.72575,46.22183],[-106.72575,46.22237],[-106.72614,46.22237],[-106.72614,46.2229],[-106.72497,46.2229],[-106.72497,46.2221],[-106.72536,46.2221],[-106.72536,46.22183]]],[[[-106.7238,46.22237],[-106.7238,46.22263],[-106.72419,46.22263],[-106.72419,46.2229],[-106.7238,46.2229],[-106.7238,46.22317],[-106.72263,46.22317],[-106.72263,46.2229],[-106.72302,46.2229],[-106.72302,46.22237],[-106.7238,46.22237]]],[[[-106.72107,46.22317],[-106.72107,46.2229],[-106.72185,46.22263],[-106.72185,46.2229],[-106.72263,46.22317],[-106.72263,46.22344],[-106.72068,46.22344],[-106.72068,46.22371],[-106.7199,46.22371],[-106.7199,46.2229],[-106.72029,46.2229],[-106.72029,46.22317],[-106.72107,46.22317]]],[[[-106.71484,46.22452],[-106.71484,46.22425],[-106.71523,46.22425],[-106.71523,46.22452],[-106.71484,46.22452]]],[[[-106.73354,46.22802],[-106.73237,46.22802],[-106.73237,46.22749],[-106.73354,46.22749],[-106.73354,46.22802]]],[[[-106.73276,46.22883],[-106.73276,46.22937],[-106.73198,46.22937],[-106.73198,46.2291],[-106.73237,46.2291],[-106.73237,46.22883],[-106.73276,46.22883]]],[[[-106.73354,46.2353],[-106.73354,46.23503],[-106.73432,46.23476],[-106.73432,46.23449],[-106.73471,46.23449],[-106.73471,46.23422],[-106.73744,46.23422],[-106.73744,46.23449],[-106.73783,46.23449],[-106.73783,46.23476],[-106.739,46.23476],[-106.739,46.2353],[-106.73666,46.2353],[-106.73666,46.23503],[-106.73471,46.23503],[-106.73471,46.2353],[-106.73354,46.2353]]],[[[-106.7351,46.24608],[-106.73471,46.24608],[-106.73471,46.24527],[-106.7351,46.24527],[-106.7351,46.24608]]],[[[-106.72965,46.24905],[-106.72965,46.24878],[-106.73004,46.24878],[-106.73004,46.24905],[-106.72965,46.24905]]],[[[-106.72419,46.25012],[-106.72419,46.24905],[-106.72458,46.24905],[-106.72458,46.25012],[-106.72419,46.25012]]],[[[-106.70588,46.21347],[-106.70549,46.21347],[-106.70549,46.21266],[-106.70588,46.21266],[-106.70588,46.21347]]],[[[-106.71172,46.2159],[-106.71211,46.2159],[-106.71211,46.21617],[-106.71133,46.21617],[-106.71133,46.21536],[-106.71172,46.21536],[-106.71172,46.2159]]],[[[-106.69847,46.21859],[-106.69886,46.21859],[-106.69886,46.21832],[-106.69847,46.21832],[-106.69847,46.21778],[-106.69808,46.21778],[-106.69808,46.21751],[-106.69925,46.21751],[-106.69925,46.21671],[-106.69886,46.21671],[-106.69886,46.21644],[-106.69925,46.21644],[-106.69925,46.21617],[-106.69964,46.21617],[-106.69964,46.2159],[-106.70081,46.2159],[-106.70081,46.21563],[-106.7012,46.21563],[-106.7012,46.21536],[-106.70237,46.21536],[-106.70237,46.21617],[-106.70276,46.21617],[-106.70276,46.21644],[-106.70354,46.21644],[-106.70354,46.21617],[-106.70432,46.21617],[-106.70432,46.2159],[-106.70471,46.2159],[-106.70471,46.21536],[-106.70393,46.21509],[-106.70393,46.21482],[-106.70276,46.21482],[-106.70276,46.21509],[-106.70198,46.21509],[-106.70198,46.21401],[-106.70549,46.21401],[-106.70549,46.21428],[-106.70627,46.21428],[-106.70627,46.21536],[-106.70588,46.21536],[-106.70588,46.2159],[-106.70549,46.2159],[-106.70549,46.21617],[-106.7051,46.21617],[-106.7051,46.21644],[-106.70471,46.21644],[-106.70471,46.21671],[-106.70432,46.21671],[-106.70432,46.21698],[-106.70354,46.21698],[-106.70354,46.21724],[-106.70315,46.21724],[-106.70315,46.21751],[-106.70276,46.21751],[-106.70276,46.21778],[-106.70198,46.21778],[-106.70198,46.21724],[-106.70159,46.21724],[-106.70159,46.21778],[-106.7012,46.21778],[-106.7012,46.21805],[-106.70276,46.21805],[-106.70276,46.21832],[-106.70237,46.21832],[-106.70237,46.21886],[-106.7012,46.21886],[-106.7012,46.21832],[-106.70042,46.21832],[-106.70042,46.21886],[-106.70003,46.21886],[-106.70003,46.2194],[-106.69886,46.2194],[-106.69886,46.21886],[-106.69847,46.21886],[-106.69847,46.21859]]],[[[-106.70938,46.21805],[-106.70938,46.21778],[-106.71055,46.21778],[-106.71055,46.21805],[-106.71094,46.21805],[-106.71094,46.21832],[-106.71016,46.21832],[-106.71016,46.21859],[-106.70899,46.21859],[-106.70899,46.21886],[-106.7086,46.21886],[-106.7086,46.21832],[-106.70938,46.21805]]],[[[-106.71484,46.2229],[-106.71484,46.22263],[-106.71523,46.22263],[-106.71523,46.2229],[-106.71484,46.2229]]],[[[-106.73237,46.23827],[-106.73237,46.23773],[-106.73354,46.23773],[-106.73354,46.238],[-106.73393,46.238],[-106.73393,46.23827],[-106.7351,46.23827],[-106.7351,46.23853],[-106.73549,46.23853],[-106.73549,46.23907],[-106.73588,46.23907],[-106.73588,46.23961],[-106.73627,46.23961],[-106.73627,46.23988],[-106.73822,46.23988],[-106.73822,46.24042],[-106.73666,46.24042],[-106.73666,46.24015],[-106.73549,46.24015],[-106.73549,46.24069],[-106.73588,46.24069],[-106.73588,46.24123],[-106.73627,46.24123],[-106.73627,46.2415],[-106.73471,46.2415],[-106.73471,46.24123],[-106.73432,46.24123],[-106.73432,46.24096],[-106.73237,46.24096],[-106.73237,46.2415],[-106.73276,46.2415],[-106.73276,46.24204],[-106.73432,46.24204],[-106.73432,46.24231],[-106.73471,46.24231],[-106.73471,46.24258],[-106.7351,46.24258],[-106.7351,46.24285],[-106.73588,46.24285],[-106.73588,46.24339],[-106.73627,46.24339],[-106.73627,46.24366],[-106.73276,46.24366],[-106.73276,46.24392],[-106.73198,46.24392],[-106.73198,46.24419],[-106.73121,46.24419],[-106.73121,46.24446],[-106.73082,46.24446],[-106.73082,46.24473],[-106.73004,46.24473],[-106.73004,46.24527],[-106.72965,46.24527],[-106.72965,46.24581],[-106.73043,46.24581],[-106.73043,46.24554],[-106.73082,46.24554],[-106.73082,46.24527],[-106.73159,46.24527],[-106.73159,46.24554],[-106.73198,46.24554],[-106.73198,46.24581],[-106.73276,46.24608],[-106.73276,46.24635],[-106.73121,46.24635],[-106.73121,46.24662],[-106.73082,46.24662],[-106.73082,46.24689],[-106.73004,46.24689],[-106.73004,46.24635],[-106.72848,46.24635],[-106.72848,46.24662],[-106.7277,46.24662],[-106.7277,46.24689],[-106.72731,46.24689],[-106.72731,46.24824],[-106.72692,46.24824],[-106.72692,46.24851],[-106.72614,46.24851],[-106.72614,46.24635],[-106.72536,46.24635],[-106.72536,46.24608],[-106.72497,46.24608],[-106.72497,46.24581],[-106.72458,46.24581],[-106.72458,46.24419],[-106.7238,46.24392],[-106.7238,46.24366],[-106.72302,46.24366],[-106.72302,46.24392],[-106.72263,46.24392],[-106.72263,46.24446],[-106.72224,46.24446],[-106.72224,46.245],[-106.72185,46.245],[-106.72185,46.24581],[-106.72146,46.24581],[-106.72146,46.24662],[-106.72107,46.24662],[-106.72107,46.24716],[-106.72068,46.24716],[-106.72068,46.2477],[-106.7199,46.24797],[-106.7199,46.24851],[-106.71952,46.24851],[-106.71952,46.24958],[-106.71913,46.24958],[-106.71913,46.25012],[-106.71874,46.25012],[-106.71874,46.2512],[-106.71913,46.2512],[-106.71913,46.25174],[-106.71952,46.25174],[-106.71952,46.25201],[-106.71757,46.25201],[-106.71757,46.25228],[-106.71484,46.25228],[-106.71484,46.25255],[-106.71406,46.25255],[-106.71406,46.25282],[-106.7125,46.25282],[-106.7125,46.25309],[-106.71094,46.25309],[-106.71094,46.25336],[-106.70899,46.25336],[-106.70899,46.25309],[-106.7086,46.25309],[-106.7086,46.25336],[-106.70393,46.25336],[-106.70393,46.25363],[-106.70354,46.25363],[-106.70354,46.2539],[-106.70198,46.2539],[-106.70198,46.25417],[-106.7012,46.25417],[-106.7012,46.2539],[-106.69964,46.2539],[-106.69964,46.25417],[-106.69692,46.25417],[-106.69692,46.2539],[-106.69458,46.2539],[-106.69458,46.25417],[-106.69419,46.25417],[-106.69419,46.2547],[-106.6938,46.2547],[-106.6938,46.25497],[-106.69302,46.25497],[-106.69302,46.2547],[-106.69185,46.2547],[-106.69185,46.25497],[-106.69107,46.25524],[-106.69107,46.25551],[-106.69029,46.25551],[-106.69029,46.25578],[-106.68678,46.25578],[-106.68678,46.25497],[-106.68639,46.25497],[-106.68639,46.2547],[-106.68484,46.2547],[-106.68484,46.25497],[-106.68445,46.25497],[-106.68445,46.25551],[-106.68406,46.25551],[-106.68406,46.25497],[-106.68328,46.25497],[-106.68328,46.2547],[-106.68172,46.2547],[-106.68172,46.25443],[-106.68133,46.25443],[-106.68133,46.25417],[-106.68055,46.25417],[-106.68055,46.2547],[-106.68133,46.2547],[-106.68133,46.25497],[-106.68172,46.25497],[-106.68172,46.25551],[-106.68016,46.25524],[-106.68016,46.25497],[-106.67977,46.25497],[-106.67977,46.25443],[-106.67899,46.25417],[-106.67899,46.2539],[-106.67782,46.2539],[-106.67782,46.25363],[-106.67743,46.25363],[-106.67743,46.25336],[-106.67665,46.25336],[-106.67665,46.25282],[-106.67626,46.25282],[-106.67626,46.25228],[-106.67587,46.25228],[-106.67587,46.25201],[-106.67626,46.25201],[-106.67626,46.25066],[-106.67548,46.25066],[-106.67548,46.24931],[-106.67665,46.24931],[-106.67665,46.24958],[-106.67743,46.24958],[-106.67743,46.24985],[-106.67899,46.24985],[-106.67899,46.24958],[-106.67938,46.24958],[-106.67938,46.24905],[-106.67977,46.24905],[-106.67977,46.24851],[-106.67938,46.24851],[-106.67938,46.24743],[-106.6786,46.24743],[-106.6786,46.24689],[-106.67977,46.24689],[-106.67977,46.24662],[-106.68016,46.24662],[-106.68016,46.24635],[-106.68055,46.24635],[-106.68055,46.24608],[-106.68133,46.24635],[-106.68133,46.24662],[-106.68289,46.24608],[-106.68289,46.24581],[-106.68211,46.24581],[-106.68211,46.24554],[-106.68172,46.24554],[-106.68172,46.245],[-106.68133,46.245],[-106.68133,46.24473],[-106.68094,46.24473],[-106.68094,46.24446],[-106.68133,46.24446],[-106.68133,46.24392],[-106.68211,46.24392],[-106.68211,46.24366],[-106.6825,46.24366],[-106.6825,46.24285],[-106.68289,46.24285],[-106.68289,46.24312],[-106.68406,46.24312],[-106.68406,46.24231],[-106.68445,46.24231],[-106.68445,46.24204],[-106.68484,46.24204],[-106.68484,46.24177],[-106.68717,46.24177],[-106.68717,46.24069],[-106.68756,46.24069],[-106.68756,46.24042],[-106.68873,46.24042],[-106.68873,46.23934],[-106.68912,46.23934],[-106.68912,46.2388],[-106.69029,46.2388],[-106.69029,46.23907],[-106.69107,46.23907],[-106.69107,46.23934],[-106.69146,46.23934],[-106.69146,46.23961],[-106.69224,46.23961],[-106.69224,46.23988],[-106.69263,46.23988],[-106.69263,46.24015],[-106.6938,46.24015],[-106.6938,46.23988],[-106.69419,46.23988],[-106.69419,46.2388],[-106.69458,46.2388],[-106.69458,46.238],[-106.69497,46.238],[-106.69497,46.23773],[-106.69458,46.23773],[-106.69458,46.23692],[-106.69419,46.23692],[-106.69419,46.23638],[-106.6938,46.23638],[-106.6938,46.23557],[-106.69341,46.23557],[-106.69341,46.2353],[-106.69497,46.23476],[-106.69497,46.23395],[-106.69536,46.23395],[-106.69536,46.23261],[-106.69575,46.23261],[-106.69575,46.23207],[-106.69614,46.23207],[-106.69614,46.23153],[-106.69575,46.23153],[-106.69575,46.23045],[-106.69614,46.23045],[-106.69614,46.23018],[-106.69692,46.23018],[-106.69692,46.22964],[-106.69614,46.22964],[-106.69614,46.22937],[-106.69575,46.22937],[-106.69575,46.22883],[-106.69692,46.22883],[-106.69692,46.2291],[-106.69847,46.22883],[-106.69847,46.22856],[-106.69769,46.22856],[-106.69769,46.22829],[-106.69808,46.22829],[-106.69808,46.22802],[-106.69769,46.22802],[-106.69769,46.22776],[-106.69614,46.22722],[-106.69614,46.22668],[-106.69769,46.22668],[-106.69769,46.22641],[-106.69847,46.22641],[-106.69847,46.22587],[-106.69808,46.22587],[-106.69808,46.2256],[-106.69847,46.2256],[-106.69847,46.22506],[-106.69886,46.22506],[-106.69886,46.22479],[-106.69808,46.22479],[-106.69808,46.22452],[-106.69886,46.22425],[-106.69886,46.22371],[-106.69808,46.22371],[-106.69808,46.2229],[-106.69769,46.2229],[-106.69769,46.22263],[-106.69653,46.22263],[-106.69653,46.22237],[-106.6973,46.2221],[-106.6973,46.22129],[-106.69808,46.22129],[-106.69808,46.22075],[-106.69886,46.22075],[-106.69886,46.22021],[-106.69925,46.22021],[-106.69925,46.21994],[-106.69964,46.21994],[-106.69964,46.21967],[-106.70042,46.21967],[-106.70042,46.21994],[-106.70198,46.21994],[-106.70198,46.21967],[-106.70237,46.21967],[-106.70237,46.2194],[-106.70354,46.2194],[-106.70354,46.21967],[-106.70393,46.21967],[-106.70393,46.22075],[-106.70237,46.22075],[-106.70237,46.22102],[-106.70198,46.22102],[-106.70198,46.22129],[-106.70237,46.22129],[-106.70237,46.22183],[-106.70432,46.22183],[-106.70432,46.22129],[-106.70588,46.22102],[-106.70588,46.22075],[-106.70666,46.22048],[-106.70666,46.21994],[-106.70705,46.21994],[-106.70705,46.21967],[-106.70744,46.21967],[-106.70744,46.2194],[-106.70783,46.2194],[-106.70783,46.22048],[-106.70744,46.22048],[-106.70744,46.22102],[-106.70705,46.22102],[-106.70705,46.22129],[-106.70666,46.22129],[-106.70666,46.22183],[-106.70705,46.22183],[-106.70705,46.22237],[-106.70783,46.22237],[-106.70783,46.22183],[-106.70822,46.22183],[-106.70822,46.22129],[-106.7086,46.22129],[-106.7086,46.22102],[-106.71094,46.22075],[-106.71094,46.22129],[-106.71133,46.22129],[-106.71133,46.22156],[-106.71094,46.22156],[-106.71094,46.2221],[-106.71016,46.2221],[-106.71016,46.22237],[-106.70938,46.22263],[-106.70938,46.22344],[-106.70977,46.22344],[-106.70977,46.22398],[-106.71094,46.22398],[-106.71094,46.22425],[-106.7125,46.22425],[-106.7125,46.22398],[-106.71289,46.22398],[-106.71289,46.22371],[-106.71328,46.22371],[-106.71328,46.22344],[-106.71367,46.22344],[-106.71367,46.22371],[-106.71406,46.22371],[-106.71406,46.22425],[-106.71328,46.22452],[-106.71328,46.22479],[-106.71289,46.22479],[-106.71289,46.22506],[-106.71367,46.22506],[-106.71367,46.22479],[-106.71406,46.22479],[-106.71406,46.22452],[-106.71484,46.22452],[-106.71484,46.22479],[-106.71445,46.22479],[-106.71445,46.22506],[-106.71562,46.22506],[-106.71562,46.22479],[-106.7164,46.22452],[-106.7164,46.22425],[-106.71757,46.22425],[-106.71757,46.22452],[-106.71796,46.22452],[-106.71796,46.22479],[-106.71757,46.22479],[-106.71757,46.22506],[-106.71679,46.22533],[-106.71679,46.2256],[-106.71718,46.2256],[-106.71718,46.22641],[-106.7164,46.22641],[-106.7164,46.22587],[-106.71562,46.22587],[-106.71562,46.22614],[-106.71523,46.22614],[-106.71523,46.22641],[-106.71445,46.22641],[-106.71445,46.22695],[-106.71484,46.22695],[-106.71484,46.22722],[-106.71562,46.22749],[-106.71562,46.22776],[-106.71601,46.22776],[-106.71601,46.22802],[-106.71718,46.22802],[-106.71718,46.22776],[-106.71757,46.22776],[-106.71757,46.22749],[-106.71796,46.22749],[-106.71796,46.22722],[-106.71835,46.22722],[-106.71835,46.22668],[-106.71874,46.22668],[-106.71874,46.22533],[-106.71913,46.22533],[-106.71913,46.22587],[-106.7199,46.22587],[-106.7199,46.2256],[-106.72068,46.2256],[-106.72068,46.22587],[-106.72107,46.22587],[-106.72107,46.2256],[-106.72146,46.2256],[-106.72146,46.22695],[-106.72263,46.22695],[-106.72263,46.22668],[-106.72419,46.22641],[-106.72419,46.22614],[-106.72497,46.22587],[-106.72497,46.2256],[-106.72536,46.2256],[-106.72536,46.22533],[-106.72575,46.22533],[-106.72575,46.22479],[-106.72692,46.22479],[-106.72692,46.22533],[-106.72653,46.22533],[-106.72653,46.2256],[-106.72614,46.2256],[-106.72614,46.22587],[-106.72536,46.22587],[-106.72536,46.22614],[-106.72497,46.22614],[-106.72497,46.22641],[-106.72458,46.22641],[-106.72458,46.22695],[-106.72419,46.22695],[-106.72419,46.22722],[-106.72458,46.22722],[-106.72458,46.22749],[-106.7238,46.22749],[-106.7238,46.22829],[-106.72458,46.22829],[-106.72458,46.22802],[-106.72419,46.22802],[-106.72419,46.22776],[-106.72497,46.22776],[-106.72497,46.22722],[-106.72614,46.22722],[-106.72614,46.22749],[-106.72692,46.22749],[-106.72692,46.22722],[-106.72731,46.22722],[-106.72731,46.22668],[-106.72809,46.22668],[-106.72809,46.22641],[-106.72848,46.22641],[-106.72848,46.22668],[-106.72887,46.22668],[-106.72887,46.22695],[-106.72926,46.22695],[-106.72926,46.22668],[-106.73004,46.22668],[-106.73004,46.22722],[-106.73043,46.22722],[-106.73043,46.22802],[-106.73082,46.22802],[-106.73082,46.22856],[-106.73004,46.22883],[-106.73004,46.22991],[-106.73043,46.22991],[-106.73043,46.23072],[-106.73004,46.23072],[-106.73004,46.23099],[-106.72926,46.23126],[-106.72926,46.2318],[-106.73004,46.23153],[-106.73004,46.23126],[-106.73043,46.23126],[-106.73043,46.23099],[-106.73121,46.23099],[-106.73121,46.23126],[-106.73159,46.23126],[-106.73159,46.23261],[-106.73276,46.23261],[-106.73276,46.23288],[-106.73315,46.23288],[-106.73315,46.23314],[-106.73354,46.23314],[-106.73354,46.23341],[-106.73159,46.23341],[-106.73159,46.23288],[-106.73082,46.23288],[-106.73082,46.23422],[-106.73159,46.23449],[-106.73159,46.23503],[-106.73121,46.23503],[-106.73121,46.23557],[-106.73082,46.23557],[-106.73082,46.23611],[-106.73121,46.23611],[-106.73121,46.23638],[-106.73588,46.23638],[-106.73588,46.23665],[-106.73666,46.23665],[-106.73666,46.23692],[-106.73783,46.23692],[-106.73783,46.23719],[-106.73939,46.23746],[-106.73939,46.238],[-106.73822,46.238],[-106.73822,46.23773],[-106.73744,46.23773],[-106.73744,46.23746],[-106.73471,46.23746],[-106.73471,46.23719],[-106.73354,46.23719],[-106.73354,46.23692],[-106.73237,46.23692],[-106.73237,46.23719],[-106.73043,46.23719],[-106.73043,46.23746],[-106.73004,46.23746],[-106.73004,46.23773],[-106.72965,46.23773],[-106.72965,46.23827],[-106.72926,46.23827],[-106.72926,46.23853],[-106.73082,46.23853],[-106.73082,46.2388],[-106.73237,46.23907],[-106.73237,46.2388],[-106.73198,46.2388],[-106.73198,46.23827],[-106.73237,46.23827]],[[-106.68873,46.24069],[-106.68912,46.24069],[-106.68912,46.24042],[-106.68873,46.24042],[-106.68873,46.24069]],[[-106.73237,46.23934],[-106.73276,46.23934],[-106.73276,46.23907],[-106.73237,46.23907],[-106.73237,46.23934]],[[-106.68873,46.25497],[-106.68834,46.25497],[-106.68834,46.25524],[-106.68951,46.25524],[-106.68951,46.25497],[-106.68912,46.25497],[-106.68912,46.25443],[-106.68873,46.25443],[-106.68873,46.25497]],[[-106.6899,46.25497],[-106.6899,46.2547],[-106.69146,46.2547],[-106.69146,46.25417],[-106.69107,46.25417],[-106.69107,46.25443],[-106.68951,46.25443],[-106.68951,46.25497],[-106.6899,46.25497]],[[-106.69302,46.25228],[-106.69302,46.25336],[-106.69458,46.25336],[-106.69458,46.25255],[-106.69419,46.25255],[-106.69419,46.25228],[-106.69302,46.25228]],[[-106.67938,46.25255],[-106.67938,46.25228],[-106.67977,46.25228],[-106.67977,46.25174],[-106.67899,46.25147],[-106.67899,46.25201],[-106.67821,46.25228],[-106.67821,46.25309],[-106.6786,46.25309],[-106.6786,46.25282],[-106.67899,46.25282],[-106.67899,46.25255],[-106.67938,46.25255]],[[-106.67704,46.25228],[-106.67704,46.25282],[-106.67782,46.25255],[-106.67782,46.25228],[-106.67704,46.25228]],[[-106.69886,46.245],[-106.69886,46.24473],[-106.69847,46.24473],[-106.69847,46.245],[-106.69886,46.245]],[[-106.72536,46.24285],[-106.72536,46.24258],[-106.72458,46.24258],[-106.72458,46.24339],[-106.72536,46.24339],[-106.72536,46.24312],[-106.72497,46.24312],[-106.72497,46.24285],[-106.72536,46.24285]],[[-106.72263,46.24123],[-106.72263,46.24096],[-106.72068,46.24096],[-106.72068,46.24177],[-106.72146,46.24177],[-106.72146,46.24231],[-106.72185,46.24231],[-106.72185,46.24285],[-106.72263,46.24285],[-106.72263,46.24258],[-106.72302,46.24258],[-106.72302,46.24123],[-106.72263,46.24123]],[[-106.73393,46.23988],[-106.73393,46.23934],[-106.73315,46.23934],[-106.73315,46.23988],[-106.73393,46.23988]],[[-106.70627,46.23557],[-106.70627,46.2353],[-106.70588,46.2353],[-106.70588,46.23557],[-106.70627,46.23557]],[[-106.72965,46.23476],[-106.72965,46.23449],[-106.72926,46.23449],[-106.72926,46.2353],[-106.73043,46.2353],[-106.73043,46.23503],[-106.73004,46.23503],[-106.73004,46.23476],[-106.72965,46.23476]],[[-106.72887,46.23261],[-106.72887,46.23234],[-106.72848,46.23234],[-106.72848,46.23288],[-106.72809,46.23288],[-106.72809,46.23314],[-106.72926,46.23314],[-106.72926,46.23341],[-106.72965,46.23341],[-106.72965,46.23288],[-106.72887,46.23261]],[[-106.71484,46.23126],[-106.71484,46.23072],[-106.71367,46.23072],[-106.71367,46.23099],[-106.71289,46.23126],[-106.71289,46.2318],[-106.71367,46.23207],[-106.71367,46.23234],[-106.71484,46.23234],[-106.71484,46.23207],[-106.71523,46.23207],[-106.71523,46.23126],[-106.71484,46.23126]],[[-106.70588,46.2256],[-106.70588,46.22587],[-106.70666,46.22587],[-106.70666,46.22533],[-106.70588,46.2256]],[[-106.71523,46.2256],[-106.71523,46.22533],[-106.71484,46.22533],[-106.71484,46.2256],[-106.71523,46.2256]],[[-106.70354,46.22317],[-106.70354,46.22344],[-106.70393,46.22344],[-106.70393,46.22371],[-106.7051,46.22371],[-106.7051,46.22344],[-106.70471,46.22344],[-106.70471,46.22317],[-106.70354,46.22317]],[[-106.7012,46.22344],[-106.7012,46.22371],[-106.70198,46.22371],[-106.70198,46.22317],[-106.7012,46.22344]]],[[[-106.67315,46.25336],[-106.67315,46.25309],[-106.67354,46.25309],[-106.67354,46.25336],[-106.67315,46.25336]]],[[[-106.67354,46.2539],[-106.67354,46.25363],[-106.67393,46.25363],[-106.67393,46.2539],[-106.67354,46.2539]]],[[[-106.67704,46.25497],[-106.67587,46.25497],[-106.67587,46.25417],[-106.67626,46.25417],[-106.67626,46.25363],[-106.67704,46.25363],[-106.67704,46.2539],[-106.67743,46.2539],[-106.67743,46.25443],[-106.67782,46.25443],[-106.67782,46.25497],[-106.67743,46.25497],[-106.67743,46.25524],[-106.67704,46.25524],[-106.67704,46.25497]]],[[[-106.67782,46.25524],[-106.67782,46.25497],[-106.67821,46.25497],[-106.67821,46.25524],[-106.67782,46.25524]]],[[[-106.68172,46.25578],[-106.68172,46.25551],[-106.68367,46.25551],[-106.68367,46.25578],[-106.68172,46.25578]]]]},"properties":{"layer":"predicted_reach_h09","fire_name":"Valley","irwin_id":"{5E97EF7C-2039-44B3-8665-ADB0336B5488}","model":"arrival_run","checkpoint_epoch":216,"decode":"connected_causal","operating_point":{"floor":0.0,"mult":0.9},"val_precision":null,"val_recall":null,"model_caveat":"arrival_run chosen for best RECALL among the six FlameFlux v3 candidates on the production-valid t0-window corpus (R=0.624 on the fc2 held-out fires, R=0.432 on Dillon -- see candidate_comparison.md from the 2026-07-24 comparison). It does NOT meet the project's P>=0.50/R>=0.80 target: precision is the WORST of the six (P=0.120 on fc2 -- most flagged growth is wrong), and wind_run actually edges it on F1. IMPORTANT CAVEAT: arrival_run trained on the leaky 'observed' corpus (crop centered/sized on t0|t1, i.e. it saw the future perimeter's geometry during training) and has NEVER seen a t0-window crop -- the ONLY geometry this live pipeline can ever produce at forecast time (the future perimeter is, by definition, unknown). So every live prediction from this model is out-of-distribution relative to its own training. The measured t0-window numbers above already reflect that (they are not a surprise), but this is 'best available', not 'production-ready' -- represent it that way. The operating_point (floor=0.0, mult=0.9) is the VAL-selected connected-causal decode point; it did NOT clear the 0.50 precision floor during selection (feasible=False, val P=0.270/R=0.259) -- it's the best-F1 fallback point, not a precision-guaranteed one.","issued_at_utc":"2026-08-20 13:46:34.611898+00:00","valid_from_utc":"2026-08-20 00:00:00","valid_to_utc":"2026-08-21 00:00:00","wfigs_date_current_utc":"2026-08-20 12:05:00+00:00","pixel_size_m":30,"veg_source":"refreshed_d4","physics_source":"eikonal_fbfm40","history_n_dates":1,"degraded_history":true,"containment_pct":0.0,"acres_wfigs":224.5330361499428,"hour":9,"valid_at_utc":"2026-08-20 09:00:00"}},{"type":"Feature","geometry":{"type":"MultiPolygon","coordinates":[[[[-106.71835,46.21832],[-106.71796,46.21832],[-106.71796,46.21805],[-106.71835,46.21805],[-106.71835,46.21832]]],[[[-106.72029,46.22263],[-106.72029,46.2229],[-106.72107,46.2229],[-106.72107,46.22237],[-106.72146,46.22237],[-106.72146,46.22263],[-106.72224,46.22263],[-106.72224,46.22237],[-106.72263,46.22237],[-106.72263,46.2221],[-106.72224,46.2221],[-106.72224,46.22183],[-106.72341,46.22183],[-106.72341,46.2221],[-106.7238,46.2221],[-106.7238,46.22237],[-106.72458,46.22237],[-106.72458,46.2221],[-106.72497,46.2221],[-106.72497,46.22183],[-106.72536,46.22183],[-106.72536,46.22156],[-106.72614,46.22183],[-106.72614,46.22317],[-106.72419,46.22317],[-106.72419,46.22344],[-106.72263,46.22344],[-106.72263,46.22371],[-106.72107,46.22371],[-106.72107,46.22398],[-106.7199,46.22398],[-106.7199,46.22371],[-106.71952,46.22371],[-106.71952,46.22263],[-106.72029,46.22263]]],[[[-106.7164,46.22749],[-106.7164,46.22722],[-106.71679,46.22722],[-106.71679,46.22749],[-106.7164,46.22749]]],[[[-106.73198,46.22776],[-106.73159,46.22776],[-106.73159,46.22722],[-106.73354,46.22722],[-106.73354,46.22776],[-106.73393,46.22776],[-106.73393,46.22802],[-106.73315,46.22802],[-106.73315,46.22829],[-106.73276,46.22829],[-106.73276,46.22802],[-106.73198,46.22802],[-106.73198,46.22776]]],[[[-106.7351,46.22856],[-106.7351,46.22776],[-106.73549,46.22776],[-106.73549,46.22856],[-106.7351,46.22856]]],[[[-106.73315,46.22883],[-106.73315,46.22964],[-106.73198,46.22964],[-106.73198,46.2291],[-106.73121,46.2291],[-106.73121,46.22883],[-106.73315,46.22883]]],[[[-106.73393,46.23045],[-106.73354,46.23045],[-106.73354,46.23018],[-106.73393,46.23018],[-106.73393,46.23045]]],[[[-106.73588,46.23314],[-106.73588,46.23261],[-106.73666,46.23261],[-106.73666,46.23314],[-106.73588,46.23314]]],[[[-106.73822,46.24527],[-106.73822,46.245],[-106.73861,46.245],[-106.73861,46.24527],[-106.73822,46.24527]]],[[[-106.739,46.24581],[-106.739,46.24554],[-106.73939,46.24554],[-106.73939,46.24581],[-106.739,46.24581]]],[[[-106.73354,46.24635],[-106.73354,46.24554],[-106.73315,46.24554],[-106.73315,46.24527],[-106.73393,46.24527],[-106.73393,46.245],[-106.73549,46.245],[-106.73549,46.24608],[-106.7351,46.24608],[-106.7351,46.24662],[-106.73471,46.24662],[-106.73471,46.24689],[-106.73432,46.24689],[-106.73432,46.24662],[-106.73354,46.24635]]],[[[-106.739,46.24635],[-106.739,46.24608],[-106.73939,46.24608],[-106.73939,46.24635],[-106.739,46.24635]]],[[[-106.72887,46.24905],[-106.72887,46.24878],[-106.72926,46.24878],[-106.72926,46.24851],[-106.73043,46.24851],[-106.73043,46.24985],[-106.73004,46.24985],[-106.73004,46.24958],[-106.72926,46.24958],[-106.72926,46.24905],[-106.72887,46.24905]]],[[[-106.7238,46.24905],[-106.72458,46.24905],[-106.72458,46.24958],[-106.72497,46.24958],[-106.72497,46.25012],[-106.72419,46.25039],[-106.72419,46.24958],[-106.7238,46.24958],[-106.7238,46.24905]]],[[[-106.71172,46.21536],[-106.71172,46.21563],[-106.71211,46.21563],[-106.71211,46.2159],[-106.7125,46.2159],[-106.7125,46.21617],[-106.71289,46.21617],[-106.71289,46.21671],[-106.71133,46.21671],[-106.71133,46.21617],[-106.71094,46.21617],[-106.71094,46.21536],[-106.71172,46.21536]]],[[[-106.69769,46.21617],[-106.69769,46.2159],[-106.69808,46.2159],[-106.69808,46.21617],[-106.69769,46.21617]]],[[[-106.71562,46.21778],[-106.71562,46.21751],[-106.7164,46.21751],[-106.7164,46.21778],[-106.71562,46.21778]]],[[[-106.71445,46.21805],[-106.71445,46.21832],[-106.71328,46.21832],[-106.71328,46.21751],[-106.71406,46.21751],[-106.71406,46.21805],[-106.71445,46.21805]]],[[[-106.71328,46.22102],[-106.71328,46.22156],[-106.7125,46.22156],[-106.7125,46.22129],[-106.71328,46.22102]]],[[[-106.71484,46.22344],[-106.71484,46.22317],[-106.71406,46.22317],[-106.71406,46.22263],[-106.71562,46.22237],[-106.71562,46.2221],[-106.7164,46.22183],[-106.7164,46.22156],[-106.71874,46.22156],[-106.71874,46.2221],[-106.71913,46.2221],[-106.71913,46.22237],[-106.71874,46.22237],[-106.71874,46.22263],[-106.71835,46.22263],[-106.71835,46.2229],[-106.71757,46.2229],[-106.71757,46.22317],[-106.71679,46.2229],[-106.71679,46.22371],[-106.71562,46.22371],[-106.71562,46.22317],[-106.71484,46.22344]]],[[[-106.71172,46.22344],[-106.71133,46.22344],[-106.71133,46.2229],[-106.71172,46.2229],[-106.71172,46.22344]]],[[[-106.69692,46.22398],[-106.69692,46.22371],[-106.6973,46.22371],[-106.6973,46.22398],[-106.69692,46.22398]]],[[[-106.7351,46.23827],[-106.73588,46.23853],[-106.73588,46.23934],[-106.73627,46.23934],[-106.73627,46.23961],[-106.73822,46.23961],[-106.73822,46.23988],[-106.739,46.24015],[-106.739,46.24042],[-106.73822,46.24042],[-106.73822,46.24069],[-106.73588,46.24042],[-106.73588,46.24096],[-106.73627,46.24096],[-106.73627,46.24123],[-106.73666,46.24123],[-106.73666,46.2415],[-106.73627,46.2415],[-106.73627,46.24177],[-106.7351,46.24177],[-106.7351,46.24258],[-106.73588,46.24258],[-106.73588,46.24285],[-106.73666,46.24312],[-106.73666,46.24366],[-106.73627,46.24366],[-106.73627,46.24419],[-106.73549,46.24419],[-106.73549,46.24392],[-106.7351,46.24392],[-106.7351,46.24366],[-106.73315,46.24366],[-106.73315,46.24392],[-106.73237,46.24392],[-106.73237,46.24419],[-106.73159,46.24419],[-106.73159,46.24473],[-106.73121,46.24473],[-106.73121,46.245],[-106.73198,46.24527],[-106.73198,46.24554],[-106.73237,46.24554],[-106.73237,46.24581],[-106.73276,46.24581],[-106.73276,46.24608],[-106.73315,46.24608],[-106.73315,46.24635],[-106.73276,46.24635],[-106.73276,46.24662],[-106.73121,46.24662],[-106.73121,46.24689],[-106.73082,46.24689],[-106.73082,46.24716],[-106.73004,46.24716],[-106.73004,46.24689],[-106.72965,46.24689],[-106.72965,46.24662],[-106.72926,46.24662],[-106.72926,46.24689],[-106.72887,46.24689],[-106.72887,46.24662],[-106.72848,46.24662],[-106.72848,46.24689],[-106.7277,46.24689],[-106.7277,46.24797],[-106.72731,46.24797],[-106.72731,46.24905],[-106.72575,46.24905],[-106.72575,46.24743],[-106.72614,46.24743],[-106.72614,46.24689],[-106.72575,46.24689],[-106.72575,46.24635],[-106.72536,46.24635],[-106.72536,46.24608],[-106.72497,46.24608],[-106.72497,46.24581],[-106.72458,46.24581],[-106.72458,46.24419],[-106.72419,46.24419],[-106.72419,46.24392],[-106.72302,46.24392],[-106.72302,46.24419],[-106.72263,46.24419],[-106.72263,46.24473],[-106.72224,46.24473],[-106.72224,46.24527],[-106.72185,46.24527],[-106.72185,46.24581],[-106.72146,46.24581],[-106.72146,46.24662],[-106.72107,46.24662],[-106.72107,46.24743],[-106.72068,46.24743],[-106.72068,46.24797],[-106.72029,46.24797],[-106.72029,46.24824],[-106.7199,46.24824],[-106.7199,46.24851],[-106.71952,46.24851],[-106.71952,46.24985],[-106.71913,46.24985],[-106.71913,46.25039],[-106.71874,46.25039],[-106.71874,46.2512],[-106.71952,46.25147],[-106.71952,46.25201],[-106.71796,46.25201],[-106.71796,46.25228],[-106.71484,46.25228],[-106.71484,46.25255],[-106.71445,46.25255],[-106.71445,46.25282],[-106.7125,46.25282],[-106.7125,46.25309],[-106.71094,46.25309],[-106.71094,46.25336],[-106.70588,46.25336],[-106.70588,46.25363],[-106.70549,46.25363],[-106.70549,46.25336],[-106.70471,46.25336],[-106.70471,46.25363],[-106.70393,46.25363],[-106.70393,46.2539],[-106.70276,46.2539],[-106.70276,46.25417],[-106.7012,46.25417],[-106.7012,46.2539],[-106.70003,46.2539],[-106.70003,46.25417],[-106.69653,46.25417],[-106.69653,46.2539],[-106.69497,46.2539],[-106.69497,46.25417],[-106.69419,46.25417],[-106.69419,46.2547],[-106.6938,46.2547],[-106.6938,46.25497],[-106.69263,46.25497],[-106.69263,46.2547],[-106.69185,46.2547],[-106.69185,46.25497],[-106.69146,46.25497],[-106.69146,46.25551],[-106.69068,46.25551],[-106.69068,46.25578],[-106.68639,46.25578],[-106.68639,46.25551],[-106.68678,46.25551],[-106.68678,46.25497],[-106.68484,46.25497],[-106.68484,46.25551],[-106.68445,46.25551],[-106.68445,46.25578],[-106.68133,46.25578],[-106.68133,46.25551],[-106.68016,46.25551],[-106.68016,46.25497],[-106.67977,46.25497],[-106.67977,46.2547],[-106.67899,46.25443],[-106.67899,46.25417],[-106.6786,46.25417],[-106.6786,46.2539],[-106.67782,46.2539],[-106.67782,46.2547],[-106.67821,46.2547],[-106.67821,46.25524],[-106.67782,46.25524],[-106.67782,46.25497],[-106.67743,46.25497],[-106.67743,46.25524],[-106.67704,46.25524],[-106.67704,46.25497],[-106.67587,46.25497],[-106.67587,46.25417],[-106.67626,46.25417],[-106.67626,46.25336],[-106.67665,46.25336],[-106.67665,46.25309],[-106.67626,46.25309],[-106.67626,46.25255],[-106.67587,46.25255],[-106.67587,46.25147],[-106.67626,46.25147],[-106.67626,46.2512],[-106.67587,46.2512],[-106.67587,46.25066],[-106.67509,46.25066],[-106.67509,46.24985],[-106.67548,46.24985],[-106.67548,46.24958],[-106.67509,46.24958],[-106.67509,46.24931],[-106.67665,46.24905],[-106.67665,46.24931],[-106.67821,46.24958],[-106.67821,46.24931],[-106.67899,46.24931],[-106.67899,46.24905],[-106.67938,46.24905],[-106.67938,46.24851],[-106.67899,46.24851],[-106.67899,46.2477],[-106.67821,46.24743],[-106.67821,46.24689],[-106.67977,46.24689],[-106.67977,46.24635],[-106.68016,46.24635],[-106.68016,46.24608],[-106.68133,46.24608],[-106.68133,46.24635],[-106.68172,46.24635],[-106.68172,46.24581],[-106.68133,46.24581],[-106.68133,46.24527],[-106.68094,46.24527],[-106.68094,46.24473],[-106.68055,46.24473],[-106.68055,46.24446],[-106.68094,46.24446],[-106.68094,46.24392],[-106.68211,46.24392],[-106.68211,46.24339],[-106.6825,46.24339],[-106.6825,46.24312],[-106.68211,46.24312],[-106.68211,46.24258],[-106.68289,46.24285],[-106.68289,46.24312],[-106.68406,46.24312],[-106.68406,46.24231],[-106.68445,46.24231],[-106.68445,46.24204],[-106.68484,46.24204],[-106.68484,46.24177],[-106.68717,46.24177],[-106.68717,46.24123],[-106.68678,46.24123],[-106.68678,46.24096],[-106.68717,46.24096],[-106.68717,46.24042],[-106.68873,46.24042],[-106.68873,46.23934],[-106.68912,46.23934],[-106.68912,46.2388],[-106.69029,46.2388],[-106.69029,46.23907],[-106.69107,46.23907],[-106.69107,46.23934],[-106.69146,46.23934],[-106.69146,46.23961],[-106.69224,46.23961],[-106.69224,46.23988],[-106.69263,46.23988],[-106.69263,46.24015],[-106.6938,46.24015],[-106.6938,46.23988],[-106.69419,46.23988],[-106.69419,46.2388],[-106.69458,46.2388],[-106.69458,46.23692],[-106.69419,46.23692],[-106.69419,46.23638],[-106.6938,46.23638],[-106.6938,46.23557],[-106.69341,46.23557],[-106.69341,46.2353],[-106.69497,46.23476],[-106.69497,46.23395],[-106.69536,46.23395],[-106.69536,46.23234],[-106.69614,46.23207],[-106.69614,46.23153],[-106.69536,46.23126],[-106.69536,46.23099],[-106.69575,46.23099],[-106.69575,46.23018],[-106.69614,46.23018],[-106.69614,46.22964],[-106.69575,46.22964],[-106.69575,46.22856],[-106.69614,46.22856],[-106.69614,46.22883],[-106.69692,46.22883],[-106.69692,46.2291],[-106.69847,46.22883],[-106.69847,46.22856],[-106.6973,46.22856],[-106.6973,46.22829],[-106.69769,46.22829],[-106.69769,46.22776],[-106.69692,46.22776],[-106.69692,46.22749],[-106.69653,46.22749],[-106.69653,46.22722],[-106.69575,46.22722],[-106.69575,46.22695],[-106.69614,46.22695],[-106.69614,46.22668],[-106.69769,46.22668],[-106.69769,46.22641],[-106.69847,46.22641],[-106.69847,46.22587],[-106.69808,46.22587],[-106.69808,46.2256],[-106.69847,46.2256],[-106.69847,46.22506],[-106.69886,46.22506],[-106.69886,46.22479],[-106.69808,46.22479],[-106.69808,46.22452],[-106.69769,46.22452],[-106.69769,46.22425],[-106.6973,46.22425],[-106.6973,46.22398],[-106.69808,46.22371],[-106.69808,46.2229],[-106.69769,46.2229],[-106.69769,46.22263],[-106.69653,46.22263],[-106.69653,46.22237],[-106.6973,46.2221],[-106.6973,46.22129],[-106.69769,46.22129],[-106.69769,46.22102],[-106.69808,46.22102],[-106.69808,46.22075],[-106.69886,46.22075],[-106.69886,46.2194],[-106.69847,46.2194],[-106.69847,46.21886],[-106.69808,46.21886],[-106.69808,46.21832],[-106.6973,46.21832],[-106.6973,46.21805],[-106.69653,46.21778],[-106.69653,46.21751],[-106.69692,46.21751],[-106.69692,46.21724],[-106.69653,46.21724],[-106.69653,46.21671],[-106.69692,46.21671],[-106.69692,46.21644],[-106.69769,46.21644],[-106.69769,46.21698],[-106.69847,46.21698],[-106.69847,46.21644],[-106.69886,46.21644],[-106.69886,46.2159],[-106.70042,46.2159],[-106.70042,46.21563],[-106.70081,46.21563],[-106.70081,46.21536],[-106.70159,46.21536],[-106.70159,46.21428],[-106.70198,46.21428],[-106.70198,46.21374],[-106.70471,46.21374],[-106.70471,46.2132],[-106.7051,46.2132],[-106.7051,46.21266],[-106.70549,46.21266],[-106.70549,46.21239],[-106.70627,46.21239],[-106.70627,46.21563],[-106.70588,46.21563],[-106.70588,46.2159],[-106.7051,46.21617],[-106.7051,46.21671],[-106.70471,46.21671],[-106.70471,46.21698],[-106.70432,46.21698],[-106.70432,46.21724],[-106.70354,46.21724],[-106.70354,46.21751],[-106.70315,46.21751],[-106.70315,46.21886],[-106.70276,46.21886],[-106.70276,46.21913],[-106.70393,46.21913],[-106.70393,46.2194],[-106.70432,46.2194],[-106.70432,46.22021],[-106.70471,46.22021],[-106.70471,46.22075],[-106.70588,46.22075],[-106.70588,46.22048],[-106.70666,46.22021],[-106.70666,46.21967],[-106.70705,46.21967],[-106.70705,46.2194],[-106.70783,46.21913],[-106.70783,46.21886],[-106.70822,46.21886],[-106.70822,46.21859],[-106.7086,46.21859],[-106.7086,46.21805],[-106.70899,46.21805],[-106.70899,46.21778],[-106.70977,46.21778],[-106.70977,46.21751],[-106.71055,46.21751],[-106.71055,46.21778],[-106.71133,46.21805],[-106.71133,46.21832],[-106.71055,46.21832],[-106.71055,46.21859],[-106.70977,46.21859],[-106.70977,46.21886],[-106.7086,46.21886],[-106.7086,46.21913],[-106.70822,46.21913],[-106.70822,46.22048],[-106.70783,46.22048],[-106.70783,46.22102],[-106.70705,46.22129],[-106.70705,46.22183],[-106.70783,46.22183],[-106.70783,46.22129],[-106.70822,46.22129],[-106.70822,46.22075],[-106.70977,46.22075],[-106.70977,46.22048],[-106.71055,46.22048],[-106.71055,46.22075],[-106.71094,46.22075],[-106.71094,46.22102],[-106.71133,46.22102],[-106.71133,46.22183],[-106.71094,46.22183],[-106.71094,46.2221],[-106.71055,46.2221],[-106.71055,46.22237],[-106.70977,46.22263],[-106.70977,46.22344],[-106.71016,46.22344],[-106.71016,46.22398],[-106.7125,46.22398],[-106.7125,46.22371],[-106.71289,46.22371],[-106.71289,46.22344],[-106.71328,46.22344],[-106.71328,46.22317],[-106.71406,46.22317],[-106.71406,46.22371],[-106.71445,46.22371],[-106.71445,46.22425],[-106.71484,46.22425],[-106.71484,46.22398],[-106.71562,46.22398],[-106.71562,46.22425],[-106.71796,46.22425],[-106.71796,46.22398],[-106.71835,46.22398],[-106.71835,46.22425],[-106.71874,46.22425],[-106.71874,46.22452],[-106.71835,46.22452],[-106.71835,46.22479],[-106.71757,46.22506],[-106.71757,46.22641],[-106.71679,46.22668],[-106.71679,46.22695],[-106.7164,46.22695],[-106.7164,46.22641],[-106.71523,46.22641],[-106.71523,46.22722],[-106.71601,46.22722],[-106.71601,46.22749],[-106.7164,46.22749],[-106.7164,46.22776],[-106.71718,46.22776],[-106.71718,46.22749],[-106.71796,46.22749],[-106.71796,46.22722],[-106.71835,46.22722],[-106.71835,46.22533],[-106.71913,46.22506],[-106.71913,46.22479],[-106.7199,46.22479],[-106.7199,46.22533],[-106.71952,46.22533],[-106.71952,46.2256],[-106.72107,46.2256],[-106.72107,46.22533],[-106.72185,46.22533],[-106.72185,46.2256],[-106.72224,46.2256],[-106.72224,46.22587],[-106.72185,46.22587],[-106.72185,46.22614],[-106.72224,46.22614],[-106.72224,46.22668],[-106.72302,46.22668],[-106.72302,46.22641],[-106.7238,46.22641],[-106.7238,46.22614],[-106.72419,46.22614],[-106.72419,46.22587],[-106.72458,46.22587],[-106.72458,46.2256],[-106.72497,46.2256],[-106.72497,46.22533],[-106.72536,46.22533],[-106.72536,46.22506],[-106.72575,46.22506],[-106.72575,46.22452],[-106.72536,46.22452],[-106.72536,46.22425],[-106.72497,46.22425],[-106.72497,46.22398],[-106.72653,46.22425],[-106.72653,46.22452],[-106.72731,46.22479],[-106.72731,46.22533],[-106.72692,46.22533],[-106.72692,46.2256],[-106.72614,46.2256],[-106.72614,46.22587],[-106.72536,46.22614],[-106.72536,46.22641],[-106.72497,46.22641],[-106.72497,46.22668],[-106.72536,46.22668],[-106.72536,46.22695],[-106.72731,46.22695],[-106.72731,46.22668],[-106.7277,46.22668],[-106.7277,46.22641],[-106.73004,46.22641],[-106.73004,46.22668],[-106.73043,46.22668],[-106.73043,46.22749],[-106.73121,46.22776],[-106.73121,46.22883],[-106.73043,46.22883],[-106.73043,46.2291],[-106.73004,46.2291],[-106.73004,46.22964],[-106.73082,46.22991],[-106.73082,46.23072],[-106.73121,46.23072],[-106.73121,46.23099],[-106.73159,46.23099],[-106.73159,46.23126],[-106.73198,46.23126],[-106.73198,46.23234],[-106.73315,46.23234],[-106.73315,46.23261],[-106.73354,46.23261],[-106.73354,46.23314],[-106.73393,46.23314],[-106.73393,46.23368],[-106.73354,46.23368],[-106.73354,46.23395],[-106.73276,46.23395],[-106.73276,46.23368],[-106.73121,46.23341],[-106.73121,46.23422],[-106.73198,46.23449],[-106.73198,46.23476],[-106.73393,46.23476],[-106.73393,46.23449],[-106.73432,46.23449],[-106.73432,46.23422],[-106.73471,46.23422],[-106.73471,46.23395],[-106.73666,46.23395],[-106.73666,46.23422],[-106.73822,46.23422],[-106.73822,46.23449],[-106.73861,46.23449],[-106.73861,46.23476],[-106.73939,46.23476],[-106.73939,46.2353],[-106.73861,46.2353],[-106.73861,46.23557],[-106.73822,46.23557],[-106.73822,46.2353],[-106.73627,46.2353],[-106.73627,46.23503],[-106.7351,46.23503],[-106.7351,46.2353],[-106.73432,46.2353],[-106.73432,46.23557],[-106.73354,46.23557],[-106.73354,46.2353],[-106.73237,46.2353],[-106.73237,46.23557],[-106.73198,46.23557],[-106.73198,46.23611],[-106.7351,46.23611],[-106.7351,46.23638],[-106.73705,46.23638],[-106.73705,46.23692],[-106.73861,46.23692],[-106.73861,46.23719],[-106.739,46.23719],[-106.739,46.23746],[-106.73978,46.23746],[-106.73978,46.23773],[-106.74017,46.23773],[-106.74017,46.23827],[-106.739,46.23827],[-106.739,46.238],[-106.73783,46.238],[-106.73783,46.23773],[-106.73705,46.23773],[-106.73705,46.23746],[-106.73627,46.23746],[-106.73627,46.23773],[-106.73393,46.23746],[-106.73393,46.23773],[-106.73432,46.23773],[-106.73432,46.238],[-106.7351,46.238],[-106.7351,46.23827]],[[-106.68873,46.24069],[-106.68912,46.24069],[-106.68912,46.24042],[-106.68873,46.24042],[-106.68873,46.24069]],[[-106.73393,46.23719],[-106.73237,46.23719],[-106.73237,46.23746],[-106.73198,46.23746],[-106.73198,46.23773],[-106.73354,46.23773],[-106.73354,46.23746],[-106.73393,46.23746],[-106.73393,46.23719]],[[-106.73004,46.23773],[-106.73004,46.23853],[-106.73198,46.23853],[-106.73198,46.23773],[-106.73004,46.23773]],[[-106.68172,46.25443],[-106.68133,46.25443],[-106.68133,46.25417],[-106.68055,46.25417],[-106.68055,46.2547],[-106.68133,46.2547],[-106.68133,46.25497],[-106.68172,46.25497],[-106.68172,46.25551],[-106.68406,46.25551],[-106.68406,46.25497],[-106.68328,46.25497],[-106.68328,46.2547],[-106.68172,46.2547],[-106.68172,46.25443]],[[-106.68834,46.25497],[-106.68834,46.25524],[-106.68951,46.25524],[-106.68951,46.25497],[-106.68912,46.25497],[-106.68912,46.25443],[-106.68873,46.25443],[-106.68873,46.25497],[-106.68834,46.25497]],[[-106.6899,46.25497],[-106.6899,46.2547],[-106.69146,46.2547],[-106.69146,46.25417],[-106.69107,46.25417],[-106.69107,46.25443],[-106.68951,46.25443],[-106.68951,46.25497],[-106.6899,46.25497]],[[-106.69419,46.25255],[-106.69341,46.25255],[-106.69341,46.25309],[-106.6938,46.25309],[-106.6938,46.25336],[-106.69458,46.25309],[-106.69458,46.25282],[-106.69419,46.25282],[-106.69419,46.25255]],[[-106.67821,46.25282],[-106.67899,46.25282],[-106.67899,46.25228],[-106.67821,46.25255],[-106.67821,46.25282]],[[-106.67704,46.25282],[-106.67782,46.25255],[-106.67782,46.25228],[-106.67704,46.25228],[-106.67704,46.25282]],[[-106.69886,46.24473],[-106.69847,46.24473],[-106.69847,46.245],[-106.69886,46.245],[-106.69886,46.24473]],[[-106.72263,46.24123],[-106.72224,46.24123],[-106.72224,46.24096],[-106.72107,46.24096],[-106.72107,46.24177],[-106.72146,46.24177],[-106.72146,46.24204],[-106.72185,46.24204],[-106.72185,46.24231],[-106.72224,46.24231],[-106.72224,46.24258],[-106.72263,46.24258],[-106.72263,46.24231],[-106.72302,46.24231],[-106.72302,46.2415],[-106.72263,46.2415],[-106.72263,46.24123]],[[-106.73315,46.24177],[-106.73471,46.24177],[-106.73471,46.2415],[-106.73432,46.2415],[-106.73432,46.24123],[-106.73315,46.24123],[-106.73315,46.24177]],[[-106.70627,46.2353],[-106.70588,46.2353],[-106.70588,46.23557],[-106.70627,46.23557],[-106.70627,46.2353]],[[-106.71484,46.23099],[-106.71328,46.23099],[-106.71328,46.23126],[-106.71289,46.23126],[-106.71289,46.2318],[-106.71328,46.2318],[-106.71328,46.23207],[-106.71406,46.23207],[-106.71406,46.23234],[-106.71484,46.23234],[-106.71484,46.23207],[-106.71523,46.23207],[-106.71523,46.23126],[-106.71484,46.23126],[-106.71484,46.23099]],[[-106.70159,46.21886],[-106.70042,46.21886],[-106.70042,46.21967],[-106.7012,46.21967],[-106.7012,46.21994],[-106.70198,46.21967],[-106.70198,46.21913],[-106.70159,46.21913],[-106.70159,46.21886]],[[-106.70393,46.21509],[-106.70276,46.21509],[-106.70276,46.21617],[-106.70432,46.2159],[-106.70432,46.21536],[-106.70393,46.21536],[-106.70393,46.21509]]],[[[-106.67315,46.25228],[-106.67315,46.25201],[-106.67354,46.25201],[-106.67354,46.25228],[-106.67315,46.25228]]],[[[-106.67237,46.25228],[-106.67237,46.25201],[-106.67276,46.25201],[-106.67276,46.25228],[-106.67237,46.25228]]],[[[-106.67431,46.25309],[-106.67431,46.25336],[-106.67393,46.25336],[-106.67393,46.25309],[-106.67431,46.25309]]],[[[-106.67315,46.2539],[-106.67315,46.25336],[-106.67276,46.25336],[-106.67276,46.25255],[-106.67354,46.25255],[-106.67354,46.25282],[-106.67393,46.25282],[-106.67393,46.25309],[-106.67354,46.25309],[-106.67354,46.25363],[-106.67393,46.25363],[-106.67393,46.2539],[-106.67315,46.2539]]]]},"properties":{"layer":"predicted_reach_h10","fire_name":"Valley","irwin_id":"{5E97EF7C-2039-44B3-8665-ADB0336B5488}","model":"arrival_run","checkpoint_epoch":216,"decode":"connected_causal","operating_point":{"floor":0.0,"mult":0.9},"val_precision":null,"val_recall":null,"model_caveat":"arrival_run chosen for best RECALL among the six FlameFlux v3 candidates on the production-valid t0-window corpus (R=0.624 on the fc2 held-out fires, R=0.432 on Dillon -- see candidate_comparison.md from the 2026-07-24 comparison). It does NOT meet the project's P>=0.50/R>=0.80 target: precision is the WORST of the six (P=0.120 on fc2 -- most flagged growth is wrong), and wind_run actually edges it on F1. IMPORTANT CAVEAT: arrival_run trained on the leaky 'observed' corpus (crop centered/sized on t0|t1, i.e. it saw the future perimeter's geometry during training) and has NEVER seen a t0-window crop -- the ONLY geometry this live pipeline can ever produce at forecast time (the future perimeter is, by definition, unknown). So every live prediction from this model is out-of-distribution relative to its own training. The measured t0-window numbers above already reflect that (they are not a surprise), but this is 'best available', not 'production-ready' -- represent it that way. The operating_point (floor=0.0, mult=0.9) is the VAL-selected connected-causal decode point; it did NOT clear the 0.50 precision floor during selection (feasible=False, val P=0.270/R=0.259) -- it's the best-F1 fallback point, not a precision-guaranteed one.","issued_at_utc":"2026-08-20 13:46:34.611898+00:00","valid_from_utc":"2026-08-20 00:00:00","valid_to_utc":"2026-08-21 00:00:00","wfigs_date_current_utc":"2026-08-20 12:05:00+00:00","pixel_size_m":30,"veg_source":"refreshed_d4","physics_source":"eikonal_fbfm40","history_n_dates":1,"degraded_history":true,"containment_pct":0.0,"acres_wfigs":224.5330361499428,"hour":10,"valid_at_utc":"2026-08-20 10:00:00"}},{"type":"Feature","geometry":{"type":"MultiPolygon","coordinates":[[[[-106.71718,46.21805],[-106.71757,46.21805],[-106.71757,46.21778],[-106.71835,46.21778],[-106.71835,46.21805],[-106.71874,46.21805],[-106.71874,46.21832],[-106.71835,46.21832],[-106.71835,46.21859],[-106.71757,46.21859],[-106.71757,46.21832],[-106.71718,46.21832],[-106.71718,46.21805]]],[[[-106.73276,46.22425],[-106.73237,46.22425],[-106.73237,46.22398],[-106.73276,46.22398],[-106.73276,46.22425]]],[[[-106.73121,46.22506],[-106.73237,46.22506],[-106.73237,46.2256],[-106.73159,46.2256],[-106.73159,46.22533],[-106.73121,46.22533],[-106.73121,46.22506]]],[[[-106.73627,46.23072],[-106.73705,46.23072],[-106.73705,46.23153],[-106.73783,46.23153],[-106.73783,46.2318],[-106.73666,46.2318],[-106.73666,46.23126],[-106.73627,46.23126],[-106.73627,46.23072]]],[[[-106.73939,46.2415],[-106.73861,46.2415],[-106.73861,46.24123],[-106.73939,46.24123],[-106.73939,46.2415]]],[[[-106.73861,46.24635],[-106.73822,46.24635],[-106.73822,46.24608],[-106.73861,46.24608],[-106.73861,46.24554],[-106.73822,46.24554],[-106.73822,46.24527],[-106.73783,46.24527],[-106.73783,46.245],[-106.73939,46.245],[-106.73939,46.24527],[-106.73978,46.24527],[-106.73978,46.24689],[-106.739,46.24689],[-106.739,46.24662],[-106.73861,46.24662],[-106.73861,46.24635]]],[[[-106.73276,46.24878],[-106.73315,46.24878],[-106.73315,46.24905],[-106.73237,46.24905],[-106.73237,46.24851],[-106.73276,46.24851],[-106.73276,46.24878]]],[[[-106.73471,46.24878],[-106.7351,46.24878],[-106.7351,46.24905],[-106.73471,46.24905],[-106.73471,46.24958],[-106.73432,46.24958],[-106.73432,46.24851],[-106.73471,46.24851],[-106.73471,46.24878]]],[[[-106.70081,46.21455],[-106.70042,46.21455],[-106.70042,46.21482],[-106.70003,46.21482],[-106.70003,46.21428],[-106.70081,46.21428],[-106.70081,46.21455]]],[[[-106.69614,46.21509],[-106.69575,46.21509],[-106.69575,46.21482],[-106.69614,46.21482],[-106.69614,46.21509]]],[[[-106.71757,46.21617],[-106.71679,46.21617],[-106.71679,46.21644],[-106.71601,46.21644],[-106.71601,46.2159],[-106.71757,46.2159],[-106.71757,46.21617]]],[[[-106.71523,46.21994],[-106.71484,46.21994],[-106.71484,46.21967],[-106.71523,46.21967],[-106.71523,46.21994]]],[[[-106.72731,46.24958],[-106.72575,46.24931],[-106.72575,46.24958],[-106.72536,46.24958],[-106.72536,46.25012],[-106.72497,46.25012],[-106.72497,46.25039],[-106.72419,46.25039],[-106.72419,46.25012],[-106.7238,46.25012],[-106.7238,46.24878],[-106.72458,46.24878],[-106.72458,46.24905],[-106.72536,46.24931],[-106.72536,46.24851],[-106.72575,46.24851],[-106.72575,46.24662],[-106.72536,46.24662],[-106.72536,46.24635],[-106.72497,46.24635],[-106.72497,46.24608],[-106.72458,46.24608],[-106.72458,46.24446],[-106.72419,46.24446],[-106.72419,46.24392],[-106.72302,46.24392],[-106.72302,46.24419],[-106.72263,46.24419],[-106.72263,46.24473],[-106.72224,46.24473],[-106.72224,46.24527],[-106.72185,46.24527],[-106.72185,46.24608],[-106.72146,46.24608],[-106.72146,46.24689],[-106.72107,46.24689],[-106.72107,46.24743],[-106.72068,46.24743],[-106.72068,46.24797],[-106.7199,46.24824],[-106.7199,46.24878],[-106.71952,46.24878],[-106.71952,46.25012],[-106.71913,46.25012],[-106.71913,46.25066],[-106.71874,46.25066],[-106.71874,46.25093],[-106.71913,46.25093],[-106.71913,46.25147],[-106.7199,46.25174],[-106.7199,46.25201],[-106.71796,46.25201],[-106.71796,46.25228],[-106.71523,46.25228],[-106.71523,46.25255],[-106.71445,46.25255],[-106.71445,46.25282],[-106.71133,46.25309],[-106.71133,46.25336],[-106.70666,46.25336],[-106.70666,46.25363],[-106.70393,46.25363],[-106.70393,46.2539],[-106.70315,46.2539],[-106.70315,46.25417],[-106.69653,46.25417],[-106.69653,46.2539],[-106.69497,46.2539],[-106.69497,46.25417],[-106.69458,46.25417],[-106.69458,46.25443],[-106.6938,46.2547],[-106.6938,46.25497],[-106.69263,46.25497],[-106.69263,46.2547],[-106.69185,46.2547],[-106.69185,46.25497],[-106.69146,46.25497],[-106.69146,46.25551],[-106.69068,46.25551],[-106.69068,46.25578],[-106.68951,46.25578],[-106.68951,46.25605],[-106.68912,46.25605],[-106.68912,46.25578],[-106.68834,46.25578],[-106.68834,46.25605],[-106.68639,46.25605],[-106.68639,46.25497],[-106.68523,46.25497],[-106.68523,46.25551],[-106.68484,46.25551],[-106.68484,46.25578],[-106.68094,46.25578],[-106.68094,46.25551],[-106.68016,46.25551],[-106.68016,46.25497],[-106.67938,46.25497],[-106.67938,46.25443],[-106.67899,46.25443],[-106.67899,46.25417],[-106.67821,46.25417],[-106.67821,46.25524],[-106.67782,46.25524],[-106.67782,46.25497],[-106.67743,46.25497],[-106.67743,46.25524],[-106.67704,46.25524],[-106.67704,46.25497],[-106.67587,46.25497],[-106.67587,46.25417],[-106.67626,46.25417],[-106.67626,46.25363],[-106.67587,46.25363],[-106.67587,46.25336],[-106.67626,46.25336],[-106.67626,46.25282],[-106.67587,46.25282],[-106.67587,46.25228],[-106.67548,46.25228],[-106.67548,46.25174],[-106.67587,46.25174],[-106.67587,46.25093],[-106.67548,46.25093],[-106.67548,46.25066],[-106.6747,46.25066],[-106.6747,46.25039],[-106.67354,46.25039],[-106.67354,46.24985],[-106.67393,46.24985],[-106.67393,46.25012],[-106.6747,46.25012],[-106.6747,46.24985],[-106.67509,46.24985],[-106.67509,46.24958],[-106.6747,46.24958],[-106.6747,46.24931],[-106.67509,46.24931],[-106.67509,46.24878],[-106.67665,46.24878],[-106.67665,46.24905],[-106.67743,46.24905],[-106.67743,46.24931],[-106.67899,46.24905],[-106.67899,46.24851],[-106.67821,46.24851],[-106.67821,46.24824],[-106.67782,46.24824],[-106.67782,46.24662],[-106.67821,46.24662],[-106.67821,46.24689],[-106.67977,46.24689],[-106.67977,46.24608],[-106.68055,46.24608],[-106.68055,46.24581],[-106.68094,46.24581],[-106.68094,46.24527],[-106.68055,46.24527],[-106.68055,46.24473],[-106.68016,46.24473],[-106.68016,46.24419],[-106.68055,46.24419],[-106.68055,46.24392],[-106.68094,46.24392],[-106.68094,46.24366],[-106.68133,46.24366],[-106.68133,46.24392],[-106.68211,46.24392],[-106.68211,46.24366],[-106.68172,46.24366],[-106.68172,46.24339],[-106.68211,46.24339],[-106.68211,46.24258],[-106.68289,46.24285],[-106.68289,46.24312],[-106.68406,46.24312],[-106.68406,46.24231],[-106.68445,46.24231],[-106.68445,46.24204],[-106.68484,46.24204],[-106.68484,46.24177],[-106.68717,46.24177],[-106.68717,46.24123],[-106.68678,46.24123],[-106.68678,46.24042],[-106.68873,46.24042],[-106.68873,46.23934],[-106.68912,46.23934],[-106.68912,46.2388],[-106.69068,46.2388],[-106.69068,46.23907],[-106.69146,46.23907],[-106.69146,46.23934],[-106.69185,46.23934],[-106.69185,46.23961],[-106.69224,46.23961],[-106.69224,46.23988],[-106.69263,46.23988],[-106.69263,46.24015],[-106.6938,46.24015],[-106.6938,46.23961],[-106.69419,46.23961],[-106.69419,46.23853],[-106.69458,46.23853],[-106.69458,46.23719],[-106.69419,46.23719],[-106.69419,46.23665],[-106.6938,46.23665],[-106.6938,46.23557],[-106.69341,46.23557],[-106.69341,46.2353],[-106.69419,46.23503],[-106.69419,46.23476],[-106.69458,46.23476],[-106.69458,46.23449],[-106.69497,46.23449],[-106.69497,46.23395],[-106.69536,46.23395],[-106.69536,46.23341],[-106.69497,46.23341],[-106.69497,46.23314],[-106.69536,46.23314],[-106.69536,46.23207],[-106.69614,46.23207],[-106.69614,46.23153],[-106.69536,46.23126],[-106.69536,46.22883],[-106.69575,46.22883],[-106.69575,46.22856],[-106.69614,46.22856],[-106.69614,46.22829],[-106.6973,46.22829],[-106.6973,46.22776],[-106.69692,46.22776],[-106.69692,46.22749],[-106.69575,46.22749],[-106.69575,46.22722],[-106.69536,46.22722],[-106.69536,46.22695],[-106.69847,46.22641],[-106.69847,46.22587],[-106.69808,46.22587],[-106.69808,46.2256],[-106.69847,46.2256],[-106.69847,46.22506],[-106.69886,46.22506],[-106.69886,46.22479],[-106.69808,46.22479],[-106.69808,46.22452],[-106.69769,46.22452],[-106.69769,46.22425],[-106.69692,46.22425],[-106.69692,46.22371],[-106.6973,46.22371],[-106.6973,46.22398],[-106.69808,46.22371],[-106.69808,46.2229],[-106.69769,46.2229],[-106.69769,46.22263],[-106.69653,46.22263],[-106.69653,46.22237],[-106.6973,46.2221],[-106.6973,46.22129],[-106.69769,46.22129],[-106.69769,46.22102],[-106.69808,46.22102],[-106.69808,46.22075],[-106.69886,46.22075],[-106.69886,46.21994],[-106.69847,46.21994],[-106.69847,46.2194],[-106.6973,46.2194],[-106.6973,46.21913],[-106.69769,46.21913],[-106.69769,46.21886],[-106.6973,46.21886],[-106.6973,46.21832],[-106.69692,46.21832],[-106.69692,46.21778],[-106.69653,46.21778],[-106.69653,46.21724],[-106.69614,46.21724],[-106.69614,46.21671],[-106.69692,46.21671],[-106.69692,46.21644],[-106.69653,46.21644],[-106.69653,46.21617],[-106.69692,46.21617],[-106.69692,46.2159],[-106.69808,46.2159],[-106.69808,46.21563],[-106.69847,46.21563],[-106.69847,46.21536],[-106.69925,46.21536],[-106.69925,46.21563],[-106.70081,46.21563],[-106.70081,46.21536],[-106.7012,46.21536],[-106.7012,46.21482],[-106.70159,46.21482],[-106.70159,46.21401],[-106.70198,46.21401],[-106.70198,46.21374],[-106.70393,46.21374],[-106.70393,46.21347],[-106.70471,46.2132],[-106.70471,46.21266],[-106.7051,46.21266],[-106.7051,46.21212],[-106.70627,46.21212],[-106.70627,46.21266],[-106.70666,46.21266],[-106.70666,46.21347],[-106.70627,46.21347],[-106.70627,46.21428],[-106.70666,46.21428],[-106.70666,46.21536],[-106.70627,46.21536],[-106.70627,46.2159],[-106.70588,46.2159],[-106.70588,46.21617],[-106.7051,46.21644],[-106.7051,46.21698],[-106.70471,46.21698],[-106.70471,46.21724],[-106.70432,46.21724],[-106.70432,46.21751],[-106.70354,46.21751],[-106.70354,46.21832],[-106.70432,46.21859],[-106.70432,46.21913],[-106.70471,46.21913],[-106.70471,46.21967],[-106.7051,46.21967],[-106.7051,46.22048],[-106.70588,46.22048],[-106.70588,46.22021],[-106.70627,46.22021],[-106.70627,46.21994],[-106.70666,46.21994],[-106.70666,46.21967],[-106.70705,46.21967],[-106.70705,46.2194],[-106.70744,46.2194],[-106.70744,46.21913],[-106.70822,46.21886],[-106.70822,46.21832],[-106.7086,46.21832],[-106.7086,46.21805],[-106.70938,46.21778],[-106.70938,46.21751],[-106.71055,46.21751],[-106.71055,46.21778],[-106.71133,46.21778],[-106.71133,46.21805],[-106.7125,46.21805],[-106.7125,46.21778],[-106.71328,46.21751],[-106.71328,46.21724],[-106.71289,46.21724],[-106.71289,46.21698],[-106.71211,46.21698],[-106.71211,46.21724],[-106.71172,46.21724],[-106.71172,46.21698],[-106.71133,46.21698],[-106.71133,46.21671],[-106.71094,46.21671],[-106.71094,46.21617],[-106.71055,46.21617],[-106.71055,46.21536],[-106.71211,46.21536],[-106.71211,46.2159],[-106.71289,46.2159],[-106.71289,46.21644],[-106.71328,46.21644],[-106.71328,46.21698],[-106.71367,46.21698],[-106.71367,46.21724],[-106.71406,46.21724],[-106.71406,46.21751],[-106.71679,46.21751],[-106.71679,46.21778],[-106.7164,46.21778],[-106.7164,46.21805],[-106.71484,46.21805],[-106.71484,46.21832],[-106.71211,46.21832],[-106.71211,46.21859],[-106.70977,46.21859],[-106.70977,46.21886],[-106.70899,46.21886],[-106.70899,46.21913],[-106.7086,46.21913],[-106.7086,46.2194],[-106.70822,46.2194],[-106.70822,46.22048],[-106.71016,46.22048],[-106.71016,46.22021],[-106.71055,46.22021],[-106.71055,46.22075],[-106.71133,46.22075],[-106.71133,46.22129],[-106.7125,46.22129],[-106.7125,46.22102],[-106.71367,46.22102],[-106.71367,46.22129],[-106.71406,46.22129],[-106.71406,46.22156],[-106.71367,46.22156],[-106.71367,46.22183],[-106.71211,46.22183],[-106.71211,46.2221],[-106.71133,46.22183],[-106.71133,46.22237],[-106.71172,46.22237],[-106.71172,46.2229],[-106.71211,46.2229],[-106.71211,46.22344],[-106.71172,46.22344],[-106.71172,46.22371],[-106.7125,46.22371],[-106.7125,46.22344],[-106.71289,46.22344],[-106.71289,46.2229],[-106.71328,46.2229],[-106.71328,46.22263],[-106.71406,46.22263],[-106.71406,46.22237],[-106.71562,46.2221],[-106.71562,46.22183],[-106.71601,46.22183],[-106.71601,46.22156],[-106.71679,46.22156],[-106.71679,46.22129],[-106.71874,46.22129],[-106.71874,46.22156],[-106.71952,46.22183],[-106.71952,46.2221],[-106.72029,46.22237],[-106.72029,46.22263],[-106.72068,46.22263],[-106.72068,46.22237],[-106.72224,46.22237],[-106.72224,46.2221],[-106.72185,46.2221],[-106.72185,46.22183],[-106.72224,46.22183],[-106.72224,46.22156],[-106.72302,46.22156],[-106.72302,46.22183],[-106.7238,46.22183],[-106.7238,46.2221],[-106.72458,46.2221],[-106.72458,46.22183],[-106.72497,46.22183],[-106.72497,46.22156],[-106.72614,46.22156],[-106.72614,46.22237],[-106.72653,46.22237],[-106.72653,46.22317],[-106.72614,46.22317],[-106.72614,46.22344],[-106.72536,46.22344],[-106.72536,46.22371],[-106.72575,46.22371],[-106.72575,46.22398],[-106.72653,46.22398],[-106.72653,46.22425],[-106.72731,46.22452],[-106.72731,46.22533],[-106.72692,46.22533],[-106.72692,46.22587],[-106.72614,46.22587],[-106.72614,46.22641],[-106.72575,46.22641],[-106.72575,46.22668],[-106.72731,46.22668],[-106.72731,46.22641],[-106.72809,46.22641],[-106.72809,46.22614],[-106.73004,46.22614],[-106.73004,46.22641],[-106.73043,46.22641],[-106.73043,46.22722],[-106.73082,46.22722],[-106.73082,46.22749],[-106.73121,46.22749],[-106.73121,46.22722],[-106.73198,46.22695],[-106.73198,46.22668],[-106.73276,46.22668],[-106.73276,46.22695],[-106.73354,46.22695],[-106.73354,46.22722],[-106.73393,46.22722],[-106.73393,46.22749],[-106.73432,46.22749],[-106.73432,46.22776],[-106.73471,46.22776],[-106.73471,46.22749],[-106.7351,46.22749],[-106.7351,46.22722],[-106.73549,46.22722],[-106.73549,46.22776],[-106.73588,46.22776],[-106.73588,46.22829],[-106.73549,46.22829],[-106.73549,46.22883],[-106.73471,46.22883],[-106.73471,46.22856],[-106.73432,46.22856],[-106.73432,46.22829],[-106.73315,46.22829],[-106.73315,46.22991],[-106.73393,46.22991],[-106.73393,46.23018],[-106.73432,46.23018],[-106.73432,46.23072],[-106.73315,46.23072],[-106.73315,46.23018],[-106.73237,46.23018],[-106.73237,46.22991],[-106.73159,46.22964],[-106.73159,46.22937],[-106.73121,46.22937],[-106.73121,46.2291],[-106.73043,46.2291],[-106.73043,46.22964],[-106.73121,46.22991],[-106.73121,46.23072],[-106.73198,46.23099],[-106.73198,46.23207],[-106.73354,46.23207],[-106.73354,46.23261],[-106.73393,46.23261],[-106.73393,46.23314],[-106.7351,46.23314],[-106.7351,46.23368],[-106.73549,46.23368],[-106.73549,46.23288],[-106.73627,46.23261],[-106.73627,46.23234],[-106.73705,46.23234],[-106.73705,46.23288],[-106.73666,46.23288],[-106.73666,46.23341],[-106.73588,46.23341],[-106.73588,46.23368],[-106.73822,46.23368],[-106.73822,46.23341],[-106.73861,46.23341],[-106.73861,46.23368],[-106.73939,46.23368],[-106.73939,46.23395],[-106.739,46.23395],[-106.739,46.23449],[-106.73978,46.23476],[-106.73978,46.2353],[-106.73939,46.2353],[-106.73939,46.23557],[-106.73627,46.23557],[-106.73627,46.2353],[-106.73471,46.2353],[-106.73471,46.23557],[-106.73432,46.23557],[-106.73432,46.23584],[-106.73471,46.23584],[-106.73471,46.23611],[-106.73705,46.23611],[-106.73705,46.23638],[-106.73744,46.23638],[-106.73744,46.23611],[-106.73822,46.23611],[-106.73822,46.23692],[-106.73861,46.23692],[-106.73861,46.23719],[-106.73939,46.23719],[-106.73939,46.23746],[-106.74017,46.23746],[-106.74017,46.23827],[-106.73822,46.23827],[-106.73822,46.238],[-106.73744,46.238],[-106.73744,46.23773],[-106.73588,46.23773],[-106.73588,46.23853],[-106.73627,46.23853],[-106.73627,46.23934],[-106.73666,46.23934],[-106.73666,46.23961],[-106.73822,46.23934],[-106.73822,46.23961],[-106.73861,46.23961],[-106.73861,46.23988],[-106.73939,46.24015],[-106.73939,46.24069],[-106.73978,46.24069],[-106.73978,46.24096],[-106.73861,46.24096],[-106.73861,46.24069],[-106.73705,46.24069],[-106.73705,46.24177],[-106.73549,46.24204],[-106.73549,46.24258],[-106.73705,46.24285],[-106.73705,46.24366],[-106.73666,46.24366],[-106.73666,46.24446],[-106.73588,46.24473],[-106.73588,46.245],[-106.73627,46.245],[-106.73627,46.24527],[-106.73588,46.24527],[-106.73588,46.24608],[-106.73549,46.24608],[-106.73549,46.24689],[-106.7351,46.24689],[-106.7351,46.24743],[-106.73432,46.24743],[-106.73432,46.24716],[-106.73354,46.24689],[-106.73354,46.24635],[-106.73315,46.24635],[-106.73315,46.24662],[-106.73276,46.24662],[-106.73276,46.24689],[-106.73198,46.24689],[-106.73198,46.24716],[-106.73121,46.24689],[-106.73121,46.24716],[-106.73043,46.24743],[-106.73043,46.24824],[-106.73082,46.24824],[-106.73082,46.24931],[-106.73121,46.24931],[-106.73121,46.24958],[-106.73082,46.24958],[-106.73082,46.25012],[-106.72965,46.25012],[-106.72965,46.24985],[-106.72926,46.24985],[-106.72926,46.24931],[-106.72848,46.24905],[-106.72848,46.24851],[-106.72809,46.24851],[-106.72809,46.24824],[-106.7277,46.24824],[-106.7277,46.24905],[-106.72731,46.24905],[-106.72731,46.24958]],[[-106.68055,46.24446],[-106.68094,46.24446],[-106.68094,46.24419],[-106.68055,46.24419],[-106.68055,46.24446]],[[-106.68873,46.24069],[-106.68912,46.24069],[-106.68912,46.24042],[-106.68873,46.24042],[-106.68873,46.24069]],[[-106.69614,46.22883],[-106.69769,46.2291],[-106.69769,46.22883],[-106.69847,46.22883],[-106.69847,46.22856],[-106.69614,46.22856],[-106.69614,46.22883]],[[-106.73471,46.22829],[-106.73471,46.22802],[-106.73432,46.22802],[-106.73432,46.22829],[-106.73471,46.22829]],[[-106.73004,46.24824],[-106.73004,46.24716],[-106.72887,46.24716],[-106.72887,46.24689],[-106.72809,46.24689],[-106.72809,46.24824],[-106.73004,46.24824]],[[-106.68172,46.2547],[-106.68172,46.25443],[-106.68133,46.25443],[-106.68133,46.25417],[-106.68055,46.25417],[-106.68055,46.2547],[-106.68133,46.2547],[-106.68133,46.25497],[-106.68172,46.25497],[-106.68172,46.25551],[-106.68406,46.25551],[-106.68406,46.25497],[-106.68328,46.25497],[-106.68328,46.2547],[-106.68172,46.2547]],[[-106.68873,46.25497],[-106.68834,46.25497],[-106.68834,46.25524],[-106.68951,46.25524],[-106.68951,46.25497],[-106.68912,46.25497],[-106.68912,46.25443],[-106.68873,46.25443],[-106.68873,46.25497]],[[-106.6899,46.25497],[-106.6899,46.2547],[-106.69146,46.2547],[-106.69146,46.25417],[-106.69107,46.25417],[-106.69107,46.25443],[-106.68951,46.25443],[-106.68951,46.25497],[-106.6899,46.25497]],[[-106.69341,46.25282],[-106.69341,46.25309],[-106.69419,46.25309],[-106.69419,46.25255],[-106.69341,46.25282]],[[-106.67704,46.25228],[-106.67704,46.25282],[-106.67782,46.25255],[-106.67782,46.25228],[-106.67704,46.25228]],[[-106.67587,46.24931],[-106.67587,46.24905],[-106.67548,46.24905],[-106.67548,46.24931],[-106.67587,46.24931]],[[-106.73471,46.24473],[-106.73471,46.24446],[-106.7351,46.24446],[-106.7351,46.24419],[-106.73471,46.24419],[-106.73471,46.24392],[-106.73276,46.24392],[-106.73276,46.24419],[-106.73198,46.24419],[-106.73198,46.245],[-106.73237,46.245],[-106.73237,46.24527],[-106.73315,46.24527],[-106.73315,46.245],[-106.73471,46.24473]],[[-106.69886,46.245],[-106.69886,46.24473],[-106.69847,46.24473],[-106.69847,46.245],[-106.69886,46.245]],[[-106.72185,46.24123],[-106.72185,46.24096],[-106.72107,46.24123],[-106.72107,46.24177],[-106.72224,46.24177],[-106.72224,46.24204],[-106.72263,46.24204],[-106.72263,46.2415],[-106.72185,46.24123]],[[-106.70627,46.23557],[-106.70627,46.2353],[-106.70588,46.2353],[-106.70588,46.23557],[-106.70627,46.23557]],[[-106.73315,46.23422],[-106.73315,46.23449],[-106.73393,46.23449],[-106.73393,46.23395],[-106.73315,46.23422]],[[-106.73237,46.23422],[-106.73237,46.23395],[-106.73159,46.23395],[-106.73159,46.23422],[-106.73237,46.23422]],[[-106.71484,46.23153],[-106.71484,46.23099],[-106.71367,46.23099],[-106.71367,46.23126],[-106.71328,46.23126],[-106.71328,46.23207],[-106.71445,46.23207],[-106.71445,46.23234],[-106.71484,46.23234],[-106.71484,46.23207],[-106.71523,46.23207],[-106.71523,46.23153],[-106.71484,46.23153]],[[-106.73159,46.22802],[-106.73159,46.22856],[-106.73237,46.22856],[-106.73237,46.22829],[-106.73198,46.22829],[-106.73198,46.22802],[-106.73159,46.22802]],[[-106.71718,46.22695],[-106.71718,46.22722],[-106.71796,46.22722],[-106.71796,46.22668],[-106.71718,46.22695]],[[-106.72458,46.2256],[-106.72458,46.22533],[-106.72497,46.22533],[-106.72497,46.22506],[-106.72536,46.22506],[-106.72536,46.22479],[-106.72458,46.22452],[-106.72458,46.22425],[-106.72419,46.22425],[-106.72419,46.22371],[-106.72341,46.22371],[-106.72341,46.22344],[-106.72302,46.22344],[-106.72302,46.22371],[-106.72146,46.22371],[-106.72146,46.22398],[-106.72068,46.22398],[-106.72068,46.22425],[-106.7199,46.22452],[-106.7199,46.22506],[-106.72029,46.22506],[-106.72029,46.22533],[-106.72107,46.22533],[-106.72107,46.22506],[-106.72224,46.22506],[-106.72224,46.22641],[-106.72341,46.22641],[-106.72341,46.22614],[-106.72419,46.22614],[-106.72419,46.2256],[-106.72458,46.2256]],[[-106.71835,46.22317],[-106.71835,46.22398],[-106.71913,46.22398],[-106.71913,46.2229],[-106.71835,46.22317]],[[-106.71016,46.22263],[-106.71016,46.22344],[-106.71094,46.22317],[-106.71094,46.22263],[-106.71016,46.22263]],[[-106.70159,46.21967],[-106.70159,46.21913],[-106.70081,46.21913],[-106.70081,46.21967],[-106.70159,46.21967]],[[-106.70315,46.21509],[-106.70315,46.2159],[-106.70393,46.2159],[-106.70393,46.21536],[-106.70315,46.21509]]],[[[-106.67237,46.25147],[-106.67354,46.25147],[-106.67354,46.25201],[-106.67393,46.25201],[-106.67393,46.25309],[-106.67354,46.25309],[-106.67354,46.25363],[-106.67393,46.25363],[-106.67393,46.2539],[-106.67276,46.2539],[-106.67276,46.25282],[-106.67237,46.25282],[-106.67237,46.25147]],[[-106.67276,46.25174],[-106.67276,46.25255],[-106.67354,46.25255],[-106.67354,46.25228],[-106.67315,46.25228],[-106.67315,46.25174],[-106.67276,46.25174]]],[[[-106.67431,46.25336],[-106.67393,46.25336],[-106.67393,46.25309],[-106.67431,46.25309],[-106.67431,46.25336]]],[[[-106.67431,46.25336],[-106.6747,46.25336],[-106.6747,46.25363],[-106.67431,46.25363],[-106.67431,46.25336]]]]},"properties":{"layer":"predicted_reach_h11","fire_name":"Valley","irwin_id":"{5E97EF7C-2039-44B3-8665-ADB0336B5488}","model":"arrival_run","checkpoint_epoch":216,"decode":"connected_causal","operating_point":{"floor":0.0,"mult":0.9},"val_precision":null,"val_recall":null,"model_caveat":"arrival_run chosen for best RECALL among the six FlameFlux v3 candidates on the production-valid t0-window corpus (R=0.624 on the fc2 held-out fires, R=0.432 on Dillon -- see candidate_comparison.md from the 2026-07-24 comparison). It does NOT meet the project's P>=0.50/R>=0.80 target: precision is the WORST of the six (P=0.120 on fc2 -- most flagged growth is wrong), and wind_run actually edges it on F1. IMPORTANT CAVEAT: arrival_run trained on the leaky 'observed' corpus (crop centered/sized on t0|t1, i.e. it saw the future perimeter's geometry during training) and has NEVER seen a t0-window crop -- the ONLY geometry this live pipeline can ever produce at forecast time (the future perimeter is, by definition, unknown). So every live prediction from this model is out-of-distribution relative to its own training. The measured t0-window numbers above already reflect that (they are not a surprise), but this is 'best available', not 'production-ready' -- represent it that way. The operating_point (floor=0.0, mult=0.9) is the VAL-selected connected-causal decode point; it did NOT clear the 0.50 precision floor during selection (feasible=False, val P=0.270/R=0.259) -- it's the best-F1 fallback point, not a precision-guaranteed one.","issued_at_utc":"2026-08-20 13:46:34.611898+00:00","valid_from_utc":"2026-08-20 00:00:00","valid_to_utc":"2026-08-21 00:00:00","wfigs_date_current_utc":"2026-08-20 12:05:00+00:00","pixel_size_m":30,"veg_source":"refreshed_d4","physics_source":"eikonal_fbfm40","history_n_dates":1,"degraded_history":true,"containment_pct":0.0,"acres_wfigs":224.5330361499428,"hour":11,"valid_at_utc":"2026-08-20 11:00:00"}},{"type":"Feature","geometry":{"type":"MultiPolygon","coordinates":[[[[-106.72068,46.21913],[-106.72068,46.2194],[-106.72029,46.2194],[-106.72029,46.21913],[-106.72068,46.21913]]],[[[-106.73159,46.22371],[-106.73121,46.22371],[-106.73121,46.22344],[-106.73159,46.22344],[-106.73159,46.22371]]],[[[-106.73315,46.22452],[-106.73159,46.22425],[-106.73159,46.22371],[-106.73276,46.22371],[-106.73276,46.22398],[-106.73315,46.22398],[-106.73315,46.22452]]],[[[-106.74095,46.23395],[-106.74173,46.23395],[-106.74173,46.23422],[-106.74212,46.23422],[-106.74212,46.23449],[-106.74251,46.23449],[-106.74251,46.23503],[-106.74134,46.23503],[-106.74134,46.23449],[-106.74095,46.23449],[-106.74095,46.23395]]],[[[-106.74134,46.24473],[-106.74095,46.24473],[-106.74095,46.24446],[-106.74134,46.24446],[-106.74134,46.24473]]],[[[-106.73861,46.24662],[-106.73822,46.24662],[-106.73822,46.24554],[-106.73744,46.24527],[-106.73744,46.245],[-106.73783,46.245],[-106.73783,46.24473],[-106.73939,46.24473],[-106.73939,46.245],[-106.74056,46.245],[-106.74056,46.24473],[-106.74095,46.24473],[-106.74095,46.24527],[-106.74056,46.24527],[-106.74056,46.24554],[-106.73978,46.24581],[-106.73978,46.24716],[-106.739,46.24716],[-106.739,46.24689],[-106.73861,46.24689],[-106.73861,46.24662]]],[[[-106.73393,46.24851],[-106.73432,46.24851],[-106.73432,46.24824],[-106.73549,46.24824],[-106.73549,46.24905],[-106.7351,46.24905],[-106.7351,46.24985],[-106.73471,46.24985],[-106.73471,46.25012],[-106.73432,46.25012],[-106.73432,46.24958],[-106.73393,46.24958],[-106.73393,46.24851]]],[[[-106.69419,46.21428],[-106.69419,46.21455],[-106.6938,46.21455],[-106.6938,46.21428],[-106.69419,46.21428]]],[[[-106.69614,46.21482],[-106.69692,46.21482],[-106.69692,46.21509],[-106.69575,46.21509],[-106.69575,46.21455],[-106.69614,46.21455],[-106.69614,46.21482]]],[[[-106.69497,46.21509],[-106.69458,46.21509],[-106.69458,46.21482],[-106.69497,46.21482],[-106.69497,46.21509]]],[[[-106.69575,46.21563],[-106.69497,46.21563],[-106.69497,46.21509],[-106.69575,46.21509],[-106.69575,46.21563]]],[[[-106.69769,46.21563],[-106.6973,46.21563],[-106.6973,46.21536],[-106.69769,46.21536],[-106.69769,46.21563]]],[[[-106.71601,46.21563],[-106.71757,46.21563],[-106.71757,46.2159],[-106.71796,46.2159],[-106.71796,46.21617],[-106.71757,46.21617],[-106.71757,46.21644],[-106.71679,46.21644],[-106.71679,46.21671],[-106.71562,46.21671],[-106.71562,46.2159],[-106.71601,46.2159],[-106.71601,46.21563]]],[[[-106.69068,46.2388],[-106.69068,46.23907],[-106.69146,46.23907],[-106.69146,46.23934],[-106.69185,46.23934],[-106.69185,46.23961],[-106.69224,46.23961],[-106.69224,46.23988],[-106.69302,46.23988],[-106.69302,46.24015],[-106.69341,46.24015],[-106.69341,46.23988],[-106.6938,46.23988],[-106.6938,46.23961],[-106.69419,46.23961],[-106.69419,46.23853],[-106.69458,46.23853],[-106.69458,46.23719],[-106.69419,46.23719],[-106.69419,46.23665],[-106.6938,46.23665],[-106.6938,46.23557],[-106.69341,46.23557],[-106.69341,46.23503],[-106.69419,46.23503],[-106.69419,46.23476],[-106.69458,46.23476],[-106.69458,46.23449],[-106.69497,46.23449],[-106.69497,46.23395],[-106.69536,46.23395],[-106.69536,46.23341],[-106.69497,46.23341],[-106.69497,46.23261],[-106.69536,46.23261],[-106.69536,46.23207],[-106.69614,46.23207],[-106.69614,46.23153],[-106.69536,46.23126],[-106.69536,46.22991],[-106.69497,46.22991],[-106.69497,46.22937],[-106.69536,46.22937],[-106.69536,46.2291],[-106.69497,46.2291],[-106.69497,46.22883],[-106.69575,46.22856],[-106.69575,46.22829],[-106.69692,46.22829],[-106.69692,46.22802],[-106.69614,46.22776],[-106.69614,46.22749],[-106.69575,46.22749],[-106.69575,46.22722],[-106.69536,46.22722],[-106.69536,46.22695],[-106.69847,46.22641],[-106.69847,46.22587],[-106.69808,46.22587],[-106.69808,46.2256],[-106.69847,46.2256],[-106.69847,46.22506],[-106.69886,46.22506],[-106.69886,46.22479],[-106.69808,46.22479],[-106.69808,46.22452],[-106.69769,46.22452],[-106.69769,46.22425],[-106.69653,46.22425],[-106.69653,46.22371],[-106.6973,46.22371],[-106.6973,46.22398],[-106.69808,46.22371],[-106.69808,46.2229],[-106.69769,46.2229],[-106.69769,46.22263],[-106.69653,46.22263],[-106.69653,46.22237],[-106.6973,46.2221],[-106.6973,46.22129],[-106.69769,46.22129],[-106.69769,46.22102],[-106.69808,46.22102],[-106.69808,46.22075],[-106.69886,46.22075],[-106.69886,46.21994],[-106.69808,46.21994],[-106.69808,46.21967],[-106.69769,46.21967],[-106.69769,46.21994],[-106.69692,46.21994],[-106.69692,46.21967],[-106.6973,46.21967],[-106.6973,46.21913],[-106.69769,46.21913],[-106.69769,46.21886],[-106.6973,46.21886],[-106.6973,46.21832],[-106.69692,46.21832],[-106.69692,46.21778],[-106.69614,46.21751],[-106.69614,46.21671],[-106.69692,46.21671],[-106.69692,46.21644],[-106.69653,46.21644],[-106.69653,46.2159],[-106.69692,46.2159],[-106.69692,46.21563],[-106.6973,46.21563],[-106.6973,46.2159],[-106.69808,46.2159],[-106.69808,46.21563],[-106.69886,46.21536],[-106.69886,46.21482],[-106.69964,46.21482],[-106.69964,46.21428],[-106.70003,46.21428],[-106.70003,46.21401],[-106.70159,46.21428],[-106.70159,46.21374],[-106.70198,46.21374],[-106.70198,46.2132],[-106.70237,46.2132],[-106.70237,46.21347],[-106.70393,46.21347],[-106.70393,46.2132],[-106.70432,46.2132],[-106.70432,46.21266],[-106.7051,46.21239],[-106.7051,46.21212],[-106.70549,46.21212],[-106.70549,46.21185],[-106.70627,46.21185],[-106.70627,46.21212],[-106.70666,46.21212],[-106.70666,46.21563],[-106.70627,46.21563],[-106.70627,46.21617],[-106.70549,46.21617],[-106.70549,46.21671],[-106.7051,46.21671],[-106.7051,46.21724],[-106.70471,46.21724],[-106.70471,46.21751],[-106.70432,46.21751],[-106.70432,46.21778],[-106.70393,46.21778],[-106.70393,46.21805],[-106.70471,46.21832],[-106.70471,46.21886],[-106.70549,46.21913],[-106.70549,46.21967],[-106.70627,46.21994],[-106.70627,46.21967],[-106.70666,46.21967],[-106.70666,46.2194],[-106.70705,46.2194],[-106.70705,46.21913],[-106.70744,46.21913],[-106.70744,46.21886],[-106.70783,46.21886],[-106.70783,46.21859],[-106.70822,46.21859],[-106.70822,46.21832],[-106.70899,46.21805],[-106.70899,46.21751],[-106.71133,46.21751],[-106.71133,46.21778],[-106.7125,46.21778],[-106.7125,46.21724],[-106.71094,46.21724],[-106.71094,46.21644],[-106.71055,46.21644],[-106.71055,46.21536],[-106.71094,46.21536],[-106.71094,46.21509],[-106.71172,46.21509],[-106.71172,46.21536],[-106.71211,46.21536],[-106.71211,46.21563],[-106.71289,46.2159],[-106.71289,46.21617],[-106.71328,46.21617],[-106.71328,46.21644],[-106.71367,46.21644],[-106.71367,46.21698],[-106.71406,46.21698],[-106.71406,46.21724],[-106.71445,46.21724],[-106.71445,46.21751],[-106.71562,46.21751],[-106.71562,46.21724],[-106.7164,46.21724],[-106.7164,46.21751],[-106.71835,46.21751],[-106.71835,46.21778],[-106.71874,46.21778],[-106.71874,46.21805],[-106.71913,46.21805],[-106.71913,46.21859],[-106.71874,46.21859],[-106.71874,46.21886],[-106.71718,46.21886],[-106.71718,46.21805],[-106.71562,46.21805],[-106.71562,46.21832],[-106.71445,46.21832],[-106.71445,46.21859],[-106.71367,46.21859],[-106.71367,46.21886],[-106.71328,46.21886],[-106.71328,46.21859],[-106.71289,46.21859],[-106.71289,46.21886],[-106.7125,46.21886],[-106.7125,46.21859],[-106.71016,46.21859],[-106.71016,46.21886],[-106.70938,46.21886],[-106.70938,46.21913],[-106.7086,46.21913],[-106.7086,46.2194],[-106.70822,46.2194],[-106.70822,46.22021],[-106.70977,46.22048],[-106.70977,46.22021],[-106.71016,46.22021],[-106.71016,46.21967],[-106.71094,46.21967],[-106.71094,46.22075],[-106.71133,46.22075],[-106.71133,46.22102],[-106.71172,46.22102],[-106.71172,46.22129],[-106.71211,46.22129],[-106.71211,46.22102],[-106.71289,46.22102],[-106.71289,46.22075],[-106.71406,46.22075],[-106.71406,46.21967],[-106.71601,46.21967],[-106.71601,46.22021],[-106.71523,46.22021],[-106.71523,46.22048],[-106.71484,46.22048],[-106.71484,46.22102],[-106.71445,46.22102],[-106.71445,46.22156],[-106.71406,46.22156],[-106.71406,46.22183],[-106.71445,46.22183],[-106.71445,46.2221],[-106.71484,46.2221],[-106.71484,46.22183],[-106.71562,46.22183],[-106.71562,46.22156],[-106.7164,46.22156],[-106.7164,46.22129],[-106.71874,46.22129],[-106.71874,46.22156],[-106.71952,46.22183],[-106.71952,46.2221],[-106.72107,46.2221],[-106.72107,46.22183],[-106.72185,46.22183],[-106.72185,46.22156],[-106.72341,46.22156],[-106.72341,46.22183],[-106.72458,46.22183],[-106.72458,46.22156],[-106.72497,46.22156],[-106.72497,46.22129],[-106.72614,46.22129],[-106.72614,46.22156],[-106.72653,46.22156],[-106.72653,46.22344],[-106.72614,46.22344],[-106.72614,46.22398],[-106.72692,46.22398],[-106.72692,46.22425],[-106.72731,46.22425],[-106.72731,46.22452],[-106.7277,46.22452],[-106.7277,46.22533],[-106.72731,46.22533],[-106.72731,46.2256],[-106.72692,46.2256],[-106.72692,46.22587],[-106.72653,46.22587],[-106.72653,46.22641],[-106.7277,46.22641],[-106.7277,46.22614],[-106.72887,46.22614],[-106.72887,46.22587],[-106.72965,46.22587],[-106.72965,46.22614],[-106.73043,46.22614],[-106.73043,46.22668],[-106.73082,46.22668],[-106.73082,46.22722],[-106.73159,46.22722],[-106.73159,46.22668],[-106.73198,46.22668],[-106.73198,46.22614],[-106.73237,46.22614],[-106.73237,46.22587],[-106.73159,46.22587],[-106.73159,46.2256],[-106.73082,46.22533],[-106.73082,46.22506],[-106.73276,46.22506],[-106.73276,46.2256],[-106.73432,46.2256],[-106.73432,46.22587],[-106.73276,46.22587],[-106.73276,46.22614],[-106.73315,46.22614],[-106.73315,46.22668],[-106.73354,46.22668],[-106.73354,46.22695],[-106.73393,46.22695],[-106.73393,46.22722],[-106.73549,46.22722],[-106.73549,46.22749],[-106.73588,46.22749],[-106.73588,46.22883],[-106.73549,46.22883],[-106.73549,46.2291],[-106.73432,46.2291],[-106.73432,46.22856],[-106.73354,46.22856],[-106.73354,46.22964],[-106.73393,46.22964],[-106.73393,46.22991],[-106.73471,46.23018],[-106.73471,46.23045],[-106.73393,46.23072],[-106.73393,46.23099],[-106.73354,46.23099],[-106.73354,46.23072],[-106.73276,46.23072],[-106.73276,46.23018],[-106.73159,46.23018],[-106.73159,46.23072],[-106.73198,46.23072],[-106.73198,46.23126],[-106.73237,46.23126],[-106.73237,46.2318],[-106.73354,46.2318],[-106.73354,46.23207],[-106.73393,46.23207],[-106.73393,46.2318],[-106.73432,46.2318],[-106.73432,46.23153],[-106.7351,46.23153],[-106.7351,46.23207],[-106.73549,46.23207],[-106.73549,46.23234],[-106.73627,46.23234],[-106.73627,46.23207],[-106.73666,46.23207],[-106.73666,46.2318],[-106.73627,46.2318],[-106.73627,46.23126],[-106.73549,46.23099],[-106.73549,46.23045],[-106.73705,46.23045],[-106.73705,46.23099],[-106.73783,46.23126],[-106.73783,46.23234],[-106.73705,46.23234],[-106.73705,46.23341],[-106.73822,46.23341],[-106.73822,46.23314],[-106.739,46.23314],[-106.739,46.23341],[-106.73939,46.23341],[-106.73939,46.23368],[-106.73978,46.23368],[-106.73978,46.23395],[-106.73939,46.23395],[-106.73939,46.23422],[-106.73978,46.23422],[-106.73978,46.23476],[-106.74017,46.23476],[-106.74017,46.23503],[-106.73978,46.23503],[-106.73978,46.23557],[-106.73861,46.23557],[-106.73861,46.23611],[-106.739,46.23611],[-106.739,46.23638],[-106.73861,46.23638],[-106.73861,46.23692],[-106.739,46.23692],[-106.739,46.23719],[-106.73939,46.23719],[-106.73939,46.23746],[-106.74056,46.23746],[-106.74056,46.23827],[-106.74017,46.23827],[-106.74017,46.23853],[-106.73861,46.23853],[-106.73861,46.2388],[-106.73822,46.2388],[-106.73822,46.23827],[-106.73744,46.23827],[-106.73744,46.238],[-106.73705,46.238],[-106.73705,46.23773],[-106.73627,46.23773],[-106.73627,46.23853],[-106.73666,46.23853],[-106.73666,46.2388],[-106.73627,46.2388],[-106.73627,46.23907],[-106.73666,46.23907],[-106.73666,46.23934],[-106.73744,46.23934],[-106.73744,46.23907],[-106.73861,46.23907],[-106.73861,46.23934],[-106.739,46.23934],[-106.739,46.23988],[-106.73978,46.24015],[-106.73978,46.2415],[-106.73939,46.2415],[-106.73939,46.24204],[-106.739,46.24204],[-106.739,46.24177],[-106.73822,46.24177],[-106.73822,46.24123],[-106.73861,46.24123],[-106.73861,46.24096],[-106.73744,46.24096],[-106.73744,46.24177],[-106.73666,46.24204],[-106.73666,46.24258],[-106.73744,46.24285],[-106.73744,46.24339],[-106.73705,46.24339],[-106.73705,46.24473],[-106.73627,46.24473],[-106.73627,46.245],[-106.73666,46.245],[-106.73666,46.24527],[-106.73627,46.24527],[-106.73627,46.24608],[-106.73549,46.24635],[-106.73549,46.24689],[-106.73588,46.24689],[-106.73588,46.24743],[-106.73393,46.24743],[-106.73393,46.24716],[-106.73354,46.24716],[-106.73354,46.24689],[-106.73237,46.24689],[-106.73237,46.24716],[-106.73198,46.24716],[-106.73198,46.24743],[-106.73082,46.24743],[-106.73082,46.24824],[-106.73121,46.24824],[-106.73121,46.24878],[-106.73198,46.24851],[-106.73198,46.24824],[-106.73354,46.24878],[-106.73354,46.24905],[-106.73315,46.24905],[-106.73315,46.24931],[-106.73237,46.24931],[-106.73237,46.24958],[-106.73121,46.24958],[-106.73121,46.25012],[-106.73082,46.25012],[-106.73082,46.25039],[-106.72926,46.25012],[-106.72926,46.24958],[-106.72887,46.24958],[-106.72887,46.24905],[-106.7277,46.24905],[-106.7277,46.24931],[-106.72731,46.24931],[-106.72731,46.24958],[-106.72692,46.24958],[-106.72692,46.24985],[-106.72653,46.24985],[-106.72653,46.24958],[-106.72575,46.24958],[-106.72575,46.25012],[-106.72536,46.25012],[-106.72536,46.25039],[-106.72497,46.25039],[-106.72497,46.25066],[-106.72419,46.25066],[-106.72419,46.25039],[-106.7238,46.25039],[-106.7238,46.24878],[-106.72536,46.24905],[-106.72536,46.24824],[-106.72575,46.24824],[-106.72575,46.24662],[-106.72536,46.24662],[-106.72536,46.24635],[-106.72497,46.24635],[-106.72497,46.24608],[-106.72458,46.24608],[-106.72458,46.24527],[-106.72419,46.24527],[-106.72419,46.245],[-106.72458,46.245],[-106.72458,46.24473],[-106.72419,46.24473],[-106.72419,46.24392],[-106.72302,46.24392],[-106.72302,46.24419],[-106.72263,46.24419],[-106.72263,46.24473],[-106.72224,46.24473],[-106.72224,46.24554],[-106.72185,46.24554],[-106.72185,46.24635],[-106.72146,46.24635],[-106.72146,46.24689],[-106.72107,46.24689],[-106.72107,46.2477],[-106.72068,46.2477],[-106.72068,46.24797],[-106.7199,46.24824],[-106.7199,46.24905],[-106.71952,46.24905],[-106.71952,46.25012],[-106.71913,46.25012],[-106.71913,46.25147],[-106.7199,46.25174],[-106.7199,46.25201],[-106.71796,46.25201],[-106.71796,46.25228],[-106.71679,46.25228],[-106.71679,46.25255],[-106.71523,46.25228],[-106.71523,46.25255],[-106.71445,46.25255],[-106.71445,46.25282],[-106.71133,46.25309],[-106.71133,46.25336],[-106.70705,46.25336],[-106.70705,46.25363],[-106.70393,46.25363],[-106.70393,46.2539],[-106.70315,46.2539],[-106.70315,46.25417],[-106.69886,46.25417],[-106.69886,46.25443],[-106.69847,46.25443],[-106.69847,46.25417],[-106.69653,46.25417],[-106.69653,46.2539],[-106.69497,46.2539],[-106.69497,46.25417],[-106.69458,46.25417],[-106.69458,46.25443],[-106.6938,46.2547],[-106.6938,46.25497],[-106.69146,46.25497],[-106.69146,46.25551],[-106.69107,46.25551],[-106.69107,46.25578],[-106.6899,46.25578],[-106.6899,46.25605],[-106.68639,46.25605],[-106.68639,46.25497],[-106.68561,46.25497],[-106.68561,46.25524],[-106.68523,46.25524],[-106.68523,46.25578],[-106.68445,46.25578],[-106.68445,46.25605],[-106.68367,46.25605],[-106.68367,46.25578],[-106.68133,46.25605],[-106.68133,46.25578],[-106.68094,46.25578],[-106.68094,46.25551],[-106.68016,46.25551],[-106.68016,46.25497],[-106.67938,46.25497],[-106.67938,46.25443],[-106.67821,46.25443],[-106.67821,46.2547],[-106.6786,46.2547],[-106.6786,46.25497],[-106.67821,46.25497],[-106.67821,46.25524],[-106.67782,46.25524],[-106.67782,46.25497],[-106.67743,46.25497],[-106.67743,46.25524],[-106.67704,46.25524],[-106.67704,46.25497],[-106.67587,46.25497],[-106.67587,46.25417],[-106.67626,46.25417],[-106.67626,46.25363],[-106.67431,46.25363],[-106.67431,46.25336],[-106.67354,46.25309],[-106.67354,46.25363],[-106.67393,46.25363],[-106.67393,46.2539],[-106.67276,46.2539],[-106.67276,46.25336],[-106.67237,46.25336],[-106.67237,46.25228],[-106.67198,46.25228],[-106.67198,46.25174],[-106.67237,46.25174],[-106.67237,46.25147],[-106.67354,46.25147],[-106.67354,46.25174],[-106.67393,46.25174],[-106.67393,46.25255],[-106.67431,46.25255],[-106.67431,46.25309],[-106.6747,46.25309],[-106.6747,46.25336],[-106.67587,46.25336],[-106.67587,46.25228],[-106.67548,46.25228],[-106.67548,46.25147],[-106.67587,46.25147],[-106.67587,46.25093],[-106.67509,46.25093],[-106.67509,46.25066],[-106.67315,46.25066],[-106.67315,46.24985],[-106.67431,46.24985],[-106.67431,46.24931],[-106.6747,46.24931],[-106.6747,46.24878],[-106.67626,46.24878],[-106.67626,46.24851],[-106.67704,46.24878],[-106.67704,46.2477],[-106.67743,46.2477],[-106.67743,46.24662],[-106.67821,46.24662],[-106.67821,46.24689],[-106.67977,46.24689],[-106.67977,46.24608],[-106.68055,46.24581],[-106.68055,46.245],[-106.68016,46.245],[-106.68016,46.24419],[-106.68055,46.24419],[-106.68055,46.24366],[-106.68211,46.24392],[-106.68211,46.24366],[-106.68172,46.24366],[-106.68172,46.24258],[-106.6825,46.24258],[-106.6825,46.24285],[-106.68289,46.24285],[-106.68289,46.24312],[-106.68406,46.24312],[-106.68406,46.24231],[-106.68445,46.24231],[-106.68445,46.24204],[-106.68484,46.24204],[-106.68484,46.24177],[-106.68717,46.24177],[-106.68717,46.24123],[-106.68678,46.24123],[-106.68678,46.24015],[-106.68717,46.24015],[-106.68717,46.24042],[-106.68873,46.24042],[-106.68873,46.23934],[-106.68912,46.23934],[-106.68912,46.2388],[-106.69068,46.2388]],[[-106.68055,46.24446],[-106.68094,46.24446],[-106.68094,46.24419],[-106.68055,46.24419],[-106.68055,46.24446]],[[-106.68873,46.24069],[-106.68912,46.24069],[-106.68912,46.24042],[-106.68873,46.24042],[-106.68873,46.24069]],[[-106.68172,46.2547],[-106.68172,46.25443],[-106.68133,46.25443],[-106.68133,46.25417],[-106.68055,46.25417],[-106.68055,46.2547],[-106.68133,46.2547],[-106.68133,46.25497],[-106.68172,46.25497],[-106.68172,46.25551],[-106.68406,46.25551],[-106.68406,46.25497],[-106.68328,46.25497],[-106.68328,46.2547],[-106.68172,46.2547]],[[-106.68873,46.25497],[-106.68834,46.25497],[-106.68834,46.25524],[-106.68951,46.25524],[-106.68951,46.25497],[-106.68912,46.25497],[-106.68912,46.25443],[-106.68873,46.25443],[-106.68873,46.25497]],[[-106.6899,46.25497],[-106.6899,46.2547],[-106.69146,46.2547],[-106.69146,46.25417],[-106.69107,46.25417],[-106.69107,46.25443],[-106.68951,46.25443],[-106.68951,46.25497],[-106.6899,46.25497]],[[-106.67704,46.25228],[-106.67704,46.25282],[-106.67782,46.25255],[-106.67782,46.25228],[-106.67704,46.25228]],[[-106.67276,46.25174],[-106.67276,46.25255],[-106.67354,46.25255],[-106.67354,46.25228],[-106.67315,46.25228],[-106.67315,46.25174],[-106.67276,46.25174]],[[-106.67587,46.24931],[-106.67587,46.24905],[-106.67548,46.24905],[-106.67548,46.24931],[-106.67587,46.24931]],[[-106.72887,46.24797],[-106.72887,46.24824],[-106.72965,46.24824],[-106.72965,46.24743],[-106.72848,46.24743],[-106.72848,46.24797],[-106.72887,46.24797]],[[-106.73237,46.24419],[-106.73237,46.245],[-106.73315,46.245],[-106.73315,46.24473],[-106.73432,46.24473],[-106.73432,46.24419],[-106.73237,46.24419]],[[-106.69886,46.245],[-106.69886,46.24473],[-106.69847,46.24473],[-106.69847,46.245],[-106.69886,46.245]],[[-106.72146,46.24123],[-106.72146,46.24177],[-106.72224,46.24177],[-106.72224,46.2415],[-106.72146,46.24123]],[[-106.73744,46.23584],[-106.73744,46.23557],[-106.73705,46.23557],[-106.73705,46.23584],[-106.73744,46.23584]],[[-106.73588,46.23584],[-106.73588,46.23557],[-106.7351,46.23557],[-106.7351,46.23584],[-106.73588,46.23584]],[[-106.70627,46.23557],[-106.70627,46.2353],[-106.70588,46.2353],[-106.70588,46.23557],[-106.70627,46.23557]],[[-106.71367,46.23099],[-106.71367,46.23126],[-106.71328,46.23126],[-106.71328,46.2318],[-106.71367,46.2318],[-106.71367,46.23207],[-106.71484,46.23207],[-106.71484,46.23126],[-106.71445,46.23126],[-106.71445,46.23099],[-106.71367,46.23099]],[[-106.69614,46.22856],[-106.69614,46.22883],[-106.69692,46.22883],[-106.69692,46.2291],[-106.69847,46.22883],[-106.69847,46.22856],[-106.69614,46.22856]],[[-106.72419,46.2256],[-106.72419,46.22506],[-106.72458,46.22506],[-106.72458,46.22479],[-106.72419,46.22479],[-106.72419,46.22425],[-106.7238,46.22425],[-106.7238,46.22398],[-106.72341,46.22398],[-106.72341,46.22371],[-106.72302,46.22371],[-106.72302,46.22398],[-106.72146,46.22398],[-106.72146,46.22452],[-106.72224,46.22452],[-106.72224,46.22506],[-106.72302,46.22506],[-106.72302,46.22614],[-106.72341,46.22614],[-106.72341,46.22587],[-106.7238,46.22587],[-106.7238,46.2256],[-106.72419,46.2256]],[[-106.72107,46.22506],[-106.72107,46.22479],[-106.72068,46.22479],[-106.72068,46.22506],[-106.72107,46.22506]],[[-106.7125,46.2221],[-106.7125,46.22263],[-106.71289,46.22263],[-106.71289,46.22237],[-106.71406,46.22237],[-106.71406,46.2221],[-106.7125,46.2221]],[[-106.70081,46.21536],[-106.70081,46.21509],[-106.69964,46.21509],[-106.69964,46.21536],[-106.70081,46.21536]]]]},"properties":{"layer":"predicted_reach_h12","fire_name":"Valley","irwin_id":"{5E97EF7C-2039-44B3-8665-ADB0336B5488}","model":"arrival_run","checkpoint_epoch":216,"decode":"connected_causal","operating_point":{"floor":0.0,"mult":0.9},"val_precision":null,"val_recall":null,"model_caveat":"arrival_run chosen for best RECALL among the six FlameFlux v3 candidates on the production-valid t0-window corpus (R=0.624 on the fc2 held-out fires, R=0.432 on Dillon -- see candidate_comparison.md from the 2026-07-24 comparison). It does NOT meet the project's P>=0.50/R>=0.80 target: precision is the WORST of the six (P=0.120 on fc2 -- most flagged growth is wrong), and wind_run actually edges it on F1. IMPORTANT CAVEAT: arrival_run trained on the leaky 'observed' corpus (crop centered/sized on t0|t1, i.e. it saw the future perimeter's geometry during training) and has NEVER seen a t0-window crop -- the ONLY geometry this live pipeline can ever produce at forecast time (the future perimeter is, by definition, unknown). So every live prediction from this model is out-of-distribution relative to its own training. The measured t0-window numbers above already reflect that (they are not a surprise), but this is 'best available', not 'production-ready' -- represent it that way. The operating_point (floor=0.0, mult=0.9) is the VAL-selected connected-causal decode point; it did NOT clear the 0.50 precision floor during selection (feasible=False, val P=0.270/R=0.259) -- it's the best-F1 fallback point, not a precision-guaranteed one.","issued_at_utc":"2026-08-20 13:46:34.611898+00:00","valid_from_utc":"2026-08-20 00:00:00","valid_to_utc":"2026-08-21 00:00:00","wfigs_date_current_utc":"2026-08-20 12:05:00+00:00","pixel_size_m":30,"veg_source":"refreshed_d4","physics_source":"eikonal_fbfm40","history_n_dates":1,"degraded_history":true,"containment_pct":0.0,"acres_wfigs":224.5330361499428,"hour":12,"valid_at_utc":"2026-08-20 12:00:00"}},{"type":"Feature","geometry":{"type":"MultiPolygon","coordinates":[[[[-106.70237,46.21266],[-106.70237,46.21293],[-106.70198,46.21293],[-106.70198,46.21266],[-106.70237,46.21266]]],[[[-106.69419,46.21428],[-106.69419,46.21455],[-106.69341,46.21455],[-106.69341,46.21428],[-106.69419,46.21428]]],[[[-106.69341,46.21455],[-106.69341,46.21482],[-106.69302,46.21482],[-106.69302,46.21455],[-106.69341,46.21455]]],[[[-106.69497,46.21563],[-106.69497,46.21536],[-106.69458,46.21536],[-106.69458,46.21509],[-106.6938,46.21509],[-106.6938,46.21482],[-106.69497,46.21482],[-106.69497,46.21509],[-106.69575,46.21509],[-106.69575,46.21455],[-106.69614,46.21455],[-106.69614,46.21482],[-106.69692,46.21482],[-106.69692,46.21455],[-106.6973,46.21455],[-106.6973,46.21509],[-106.69614,46.21509],[-106.69614,46.21563],[-106.69575,46.21563],[-106.69575,46.2159],[-106.69497,46.21563]]],[[[-106.71952,46.2194],[-106.71952,46.21913],[-106.72107,46.21913],[-106.72107,46.21967],[-106.72068,46.21967],[-106.72068,46.21994],[-106.7199,46.21994],[-106.7199,46.2194],[-106.71952,46.2194]]],[[[-106.739,46.22776],[-106.739,46.22802],[-106.73822,46.22802],[-106.73822,46.22776],[-106.739,46.22776]]],[[[-106.74212,46.24446],[-106.74212,46.24473],[-106.74173,46.24473],[-106.74173,46.24527],[-106.74095,46.24527],[-106.74095,46.24581],[-106.74017,46.24581],[-106.74017,46.24743],[-106.739,46.24743],[-106.739,46.24689],[-106.73861,46.24689],[-106.73861,46.24662],[-106.73783,46.24635],[-106.73783,46.24527],[-106.73705,46.24527],[-106.73705,46.24554],[-106.73627,46.24581],[-106.73627,46.24689],[-106.73588,46.24689],[-106.73588,46.24716],[-106.73627,46.24716],[-106.73627,46.24743],[-106.73588,46.24743],[-106.73588,46.2477],[-106.73666,46.2477],[-106.73666,46.24797],[-106.73627,46.24797],[-106.73627,46.24851],[-106.73549,46.24878],[-106.73549,46.24958],[-106.7351,46.24958],[-106.7351,46.25012],[-106.73432,46.25012],[-106.73432,46.25039],[-106.73354,46.25012],[-106.73354,46.25066],[-106.73198,46.25066],[-106.73198,46.25039],[-106.73276,46.25039],[-106.73276,46.24985],[-106.73393,46.24985],[-106.73393,46.24958],[-106.73198,46.24958],[-106.73198,46.24985],[-106.73237,46.24985],[-106.73237,46.25012],[-106.73121,46.25012],[-106.73121,46.25039],[-106.73082,46.25039],[-106.73082,46.25066],[-106.73004,46.25066],[-106.73004,46.25039],[-106.72926,46.25012],[-106.72926,46.24958],[-106.72887,46.24958],[-106.72887,46.24931],[-106.72848,46.24931],[-106.72848,46.24905],[-106.72809,46.24905],[-106.72809,46.24931],[-106.72731,46.24958],[-106.72731,46.24985],[-106.72692,46.24985],[-106.72692,46.25012],[-106.72653,46.25012],[-106.72653,46.25039],[-106.72575,46.25012],[-106.72575,46.25039],[-106.72536,46.25039],[-106.72536,46.25066],[-106.7238,46.25066],[-106.7238,46.24931],[-106.72341,46.24931],[-106.72341,46.24878],[-106.7238,46.24878],[-106.7238,46.24851],[-106.72419,46.24851],[-106.72419,46.24878],[-106.72536,46.24878],[-106.72536,46.24797],[-106.72575,46.24797],[-106.72575,46.24662],[-106.72536,46.24662],[-106.72536,46.24635],[-106.72497,46.24635],[-106.72497,46.24608],[-106.72458,46.24608],[-106.72458,46.24554],[-106.72419,46.24554],[-106.72419,46.24419],[-106.7238,46.24419],[-106.7238,46.24392],[-106.72302,46.24392],[-106.72302,46.24446],[-106.72263,46.24446],[-106.72263,46.245],[-106.72224,46.245],[-106.72224,46.24554],[-106.72185,46.24554],[-106.72185,46.24635],[-106.72146,46.24635],[-106.72146,46.24716],[-106.72107,46.24716],[-106.72107,46.2477],[-106.72068,46.2477],[-106.72068,46.24797],[-106.72029,46.24797],[-106.72029,46.24851],[-106.7199,46.24851],[-106.7199,46.24931],[-106.71952,46.24931],[-106.71952,46.25012],[-106.71913,46.25012],[-106.71913,46.2512],[-106.71952,46.2512],[-106.71952,46.25174],[-106.7199,46.25174],[-106.7199,46.25228],[-106.71835,46.25201],[-106.71835,46.25228],[-106.71718,46.25228],[-106.71718,46.25255],[-106.71445,46.25255],[-106.71445,46.25282],[-106.71328,46.25282],[-106.71328,46.25309],[-106.71172,46.25309],[-106.71172,46.25336],[-106.70744,46.25336],[-106.70744,46.25363],[-106.70432,46.25363],[-106.70432,46.2539],[-106.70354,46.2539],[-106.70354,46.25417],[-106.69886,46.25417],[-106.69886,46.25443],[-106.69808,46.25443],[-106.69808,46.25417],[-106.69614,46.25417],[-106.69614,46.2539],[-106.69536,46.2539],[-106.69536,46.25417],[-106.69458,46.25417],[-106.69458,46.25443],[-106.69419,46.25443],[-106.69419,46.25497],[-106.69185,46.25497],[-106.69185,46.25524],[-106.69146,46.25524],[-106.69146,46.25551],[-106.69107,46.25551],[-106.69107,46.25578],[-106.6899,46.25578],[-106.6899,46.25605],[-106.686,46.25605],[-106.686,46.25524],[-106.68523,46.25551],[-106.68523,46.25605],[-106.68328,46.25605],[-106.68328,46.25578],[-106.6825,46.25578],[-106.6825,46.25605],[-106.68133,46.25605],[-106.68133,46.25578],[-106.68094,46.25578],[-106.68094,46.25551],[-106.68016,46.25551],[-106.68016,46.25497],[-106.67821,46.25497],[-106.67821,46.25524],[-106.67743,46.25497],[-106.67743,46.25524],[-106.67704,46.25524],[-106.67704,46.25497],[-106.67587,46.25497],[-106.67587,46.25417],[-106.67626,46.25417],[-106.67626,46.25363],[-106.67431,46.25363],[-106.67431,46.25336],[-106.67393,46.25336],[-106.67393,46.25309],[-106.67354,46.25309],[-106.67354,46.25363],[-106.67393,46.25363],[-106.67393,46.2539],[-106.67276,46.2539],[-106.67276,46.25417],[-106.67237,46.25417],[-106.67237,46.25336],[-106.67198,46.25336],[-106.67198,46.25228],[-106.67159,46.25228],[-106.67159,46.25174],[-106.67198,46.25174],[-106.67198,46.25147],[-106.67237,46.25147],[-106.67237,46.2512],[-106.67354,46.2512],[-106.67354,46.25147],[-106.67393,46.25147],[-106.67393,46.25201],[-106.67431,46.25201],[-106.67431,46.25282],[-106.67509,46.25309],[-106.67509,46.25336],[-106.67587,46.25309],[-106.67587,46.25282],[-106.67548,46.25282],[-106.67548,46.25201],[-106.67509,46.25201],[-106.67509,46.25147],[-106.67548,46.25147],[-106.67548,46.25093],[-106.67431,46.25093],[-106.67431,46.25066],[-106.67276,46.25066],[-106.67276,46.24985],[-106.67315,46.24985],[-106.67315,46.24931],[-106.67393,46.24931],[-106.67393,46.24878],[-106.67509,46.24878],[-106.67509,46.24851],[-106.67665,46.24851],[-106.67665,46.24797],[-106.67704,46.24797],[-106.67704,46.24716],[-106.67743,46.24716],[-106.67743,46.24689],[-106.67704,46.24689],[-106.67704,46.24662],[-106.67821,46.24662],[-106.67821,46.24689],[-106.67977,46.24689],[-106.67977,46.24635],[-106.67938,46.24635],[-106.67938,46.24608],[-106.67977,46.24608],[-106.67977,46.24581],[-106.68055,46.24554],[-106.68055,46.24527],[-106.68016,46.24527],[-106.68016,46.24446],[-106.67977,46.24446],[-106.67977,46.24419],[-106.68055,46.24419],[-106.68055,46.24366],[-106.68211,46.24392],[-106.68211,46.24366],[-106.68133,46.24339],[-106.68133,46.24285],[-106.68172,46.24285],[-106.68172,46.24258],[-106.6825,46.24258],[-106.6825,46.24285],[-106.68289,46.24285],[-106.68289,46.24312],[-106.68406,46.24312],[-106.68406,46.24231],[-106.68445,46.24231],[-106.68445,46.24204],[-106.68484,46.24204],[-106.68484,46.24177],[-106.68717,46.24177],[-106.68717,46.24123],[-106.68678,46.24123],[-106.68678,46.24069],[-106.68639,46.24069],[-106.68639,46.24042],[-106.68678,46.24042],[-106.68678,46.24015],[-106.68717,46.24015],[-106.68717,46.24042],[-106.68873,46.24042],[-106.68873,46.23934],[-106.68912,46.23934],[-106.68912,46.2388],[-106.69107,46.2388],[-106.69107,46.23907],[-106.69146,46.23907],[-106.69146,46.23934],[-106.69185,46.23934],[-106.69185,46.23961],[-106.69263,46.23961],[-106.69263,46.23988],[-106.6938,46.23988],[-106.6938,46.23934],[-106.69419,46.23934],[-106.69419,46.23853],[-106.69458,46.23853],[-106.69458,46.23719],[-106.69419,46.23719],[-106.69419,46.23665],[-106.6938,46.23665],[-106.6938,46.23557],[-106.69341,46.23557],[-106.69341,46.23503],[-106.69419,46.23503],[-106.69419,46.23476],[-106.69458,46.23476],[-106.69458,46.23449],[-106.69497,46.23449],[-106.69497,46.23395],[-106.69536,46.23395],[-106.69536,46.23341],[-106.69497,46.23341],[-106.69497,46.23261],[-106.69536,46.23261],[-106.69536,46.23207],[-106.69614,46.23207],[-106.69614,46.23153],[-106.69536,46.23126],[-106.69536,46.22991],[-106.69497,46.22991],[-106.69497,46.22829],[-106.69575,46.22829],[-106.69575,46.22802],[-106.69614,46.22802],[-106.69614,46.22776],[-106.69575,46.22776],[-106.69575,46.22749],[-106.69497,46.22749],[-106.69497,46.22722],[-106.69536,46.22722],[-106.69536,46.22695],[-106.69614,46.22695],[-106.69614,46.22668],[-106.69769,46.22668],[-106.69769,46.22641],[-106.69847,46.22641],[-106.69847,46.22587],[-106.69808,46.22587],[-106.69808,46.2256],[-106.69847,46.2256],[-106.69847,46.22506],[-106.69886,46.22506],[-106.69886,46.22479],[-106.69808,46.22479],[-106.69808,46.22452],[-106.69769,46.22452],[-106.69769,46.22425],[-106.69653,46.22425],[-106.69653,46.22398],[-106.69614,46.22398],[-106.69614,46.22371],[-106.6973,46.22371],[-106.6973,46.22398],[-106.69808,46.22371],[-106.69808,46.2229],[-106.69769,46.2229],[-106.69769,46.22263],[-106.69653,46.22263],[-106.69653,46.22237],[-106.6973,46.2221],[-106.6973,46.22129],[-106.69769,46.22129],[-106.69769,46.22102],[-106.69808,46.22102],[-106.69808,46.22075],[-106.69886,46.22075],[-106.69886,46.21994],[-106.69692,46.21994],[-106.69692,46.21967],[-106.6973,46.21967],[-106.6973,46.21913],[-106.69769,46.21913],[-106.69769,46.21886],[-106.6973,46.21886],[-106.6973,46.21832],[-106.69692,46.21832],[-106.69692,46.21778],[-106.69614,46.21751],[-106.69614,46.21671],[-106.69692,46.21671],[-106.69692,46.21644],[-106.69653,46.21644],[-106.69653,46.21563],[-106.69692,46.21563],[-106.69692,46.21536],[-106.69769,46.21536],[-106.69769,46.21563],[-106.6973,46.21563],[-106.6973,46.2159],[-106.69808,46.2159],[-106.69808,46.21563],[-106.69886,46.21536],[-106.69886,46.21482],[-106.69925,46.21482],[-106.69925,46.21455],[-106.69964,46.21455],[-106.69964,46.21428],[-106.70003,46.21428],[-106.70003,46.21374],[-106.70159,46.21374],[-106.70159,46.2132],[-106.70276,46.2132],[-106.70276,46.21347],[-106.70354,46.21347],[-106.70354,46.2132],[-106.70393,46.2132],[-106.70393,46.21293],[-106.70471,46.21266],[-106.70471,46.21212],[-106.7051,46.21212],[-106.7051,46.21159],[-106.70627,46.21159],[-106.70627,46.21185],[-106.70666,46.21185],[-106.70666,46.2132],[-106.70705,46.2132],[-106.70705,46.21347],[-106.70666,46.21347],[-106.70666,46.21428],[-106.70705,46.21428],[-106.70705,46.21509],[-106.70666,46.21509],[-106.70666,46.2159],[-106.70627,46.2159],[-106.70627,46.21617],[-106.70549,46.21644],[-106.70549,46.21698],[-106.7051,46.21698],[-106.7051,46.21724],[-106.70471,46.21724],[-106.70471,46.21832],[-106.70549,46.21859],[-106.70549,46.21913],[-106.70588,46.21913],[-106.70588,46.21967],[-106.70666,46.21967],[-106.70666,46.2194],[-106.70705,46.2194],[-106.70705,46.21913],[-106.70744,46.21913],[-106.70744,46.21886],[-106.70822,46.21859],[-106.70822,46.21805],[-106.7086,46.21805],[-106.7086,46.21778],[-106.70899,46.21778],[-106.70899,46.21751],[-106.70938,46.21751],[-106.70938,46.21724],[-106.71094,46.21724],[-106.71094,46.21671],[-106.71055,46.21671],[-106.71055,46.21509],[-106.71211,46.21509],[-106.71211,46.21536],[-106.7125,46.21536],[-106.7125,46.2159],[-106.71328,46.2159],[-106.71328,46.21644],[-106.71367,46.21644],[-106.71367,46.21671],[-106.71406,46.21671],[-106.71406,46.21698],[-106.71445,46.21698],[-106.71445,46.21724],[-106.71562,46.21724],[-106.71562,46.21698],[-106.71601,46.21698],[-106.71601,46.21671],[-106.71562,46.21671],[-106.71562,46.2159],[-106.71601,46.2159],[-106.71601,46.21563],[-106.71679,46.21536],[-106.71679,46.21563],[-106.71796,46.21563],[-106.71796,46.2159],[-106.71835,46.2159],[-106.71835,46.21617],[-106.71796,46.21617],[-106.71796,46.21644],[-106.71718,46.21644],[-106.71718,46.21671],[-106.71679,46.21671],[-106.71679,46.21724],[-106.71718,46.21724],[-106.71718,46.21751],[-106.71874,46.21751],[-106.71874,46.21778],[-106.71913,46.21778],[-106.71913,46.21832],[-106.71952,46.21832],[-106.71952,46.21886],[-106.71913,46.21886],[-106.71913,46.2194],[-106.71835,46.2194],[-106.71835,46.21994],[-106.71679,46.21994],[-106.71679,46.22021],[-106.71601,46.22021],[-106.71601,46.22048],[-106.71562,46.22048],[-106.71562,46.22075],[-106.71523,46.22075],[-106.71523,46.22129],[-106.71718,46.22129],[-106.71718,46.22102],[-106.71874,46.22102],[-106.71874,46.22129],[-106.71913,46.22129],[-106.71913,46.22156],[-106.71952,46.22156],[-106.71952,46.22183],[-106.72146,46.22183],[-106.72146,46.22156],[-106.72185,46.22156],[-106.72185,46.22129],[-106.72341,46.22129],[-106.72341,46.22156],[-106.7238,46.22156],[-106.7238,46.22183],[-106.72458,46.22183],[-106.72458,46.22156],[-106.72497,46.22156],[-106.72497,46.22129],[-106.72653,46.22129],[-106.72653,46.22102],[-106.72731,46.22102],[-106.72731,46.22156],[-106.72653,46.22183],[-106.72653,46.2229],[-106.72692,46.2229],[-106.72692,46.22398],[-106.72731,46.22398],[-106.72731,46.22452],[-106.72809,46.22479],[-106.72809,46.22533],[-106.7277,46.22533],[-106.7277,46.22587],[-106.72731,46.22587],[-106.72731,46.22614],[-106.72809,46.22614],[-106.72809,46.22587],[-106.72965,46.2256],[-106.72965,46.22587],[-106.73004,46.22587],[-106.73004,46.22614],[-106.73082,46.22641],[-106.73082,46.22695],[-106.73159,46.22695],[-106.73159,46.22587],[-106.73121,46.22587],[-106.73121,46.2256],[-106.73043,46.22533],[-106.73043,46.22479],[-106.73198,46.22479],[-106.73198,46.22452],[-106.73159,46.22452],[-106.73159,46.22425],[-106.73082,46.22398],[-106.73082,46.22371],[-106.73043,46.22371],[-106.73043,46.22344],[-106.73237,46.22344],[-106.73237,46.22371],[-106.73276,46.22371],[-106.73276,46.22398],[-106.73315,46.22398],[-106.73315,46.22425],[-106.73354,46.22425],[-106.73354,46.22479],[-106.73276,46.22479],[-106.73276,46.22506],[-106.73393,46.22506],[-106.73393,46.22533],[-106.73471,46.2256],[-106.73471,46.22587],[-106.73393,46.22614],[-106.73393,46.22641],[-106.73354,46.22641],[-106.73354,46.22668],[-106.73393,46.22668],[-106.73393,46.22695],[-106.73549,46.22668],[-106.73549,46.22722],[-106.73588,46.22722],[-106.73588,46.22829],[-106.73627,46.22829],[-106.73627,46.22856],[-106.73588,46.22856],[-106.73588,46.22937],[-106.73432,46.22937],[-106.73432,46.2291],[-106.73393,46.2291],[-106.73393,46.22964],[-106.73432,46.22964],[-106.73432,46.22991],[-106.7351,46.22991],[-106.7351,46.23018],[-106.73588,46.23018],[-106.73588,46.23045],[-106.73705,46.23045],[-106.73705,46.23072],[-106.73744,46.23072],[-106.73744,46.23126],[-106.73822,46.23153],[-106.73822,46.23207],[-106.73783,46.23207],[-106.73783,46.23234],[-106.73705,46.23261],[-106.73705,46.23314],[-106.73822,46.23314],[-106.73822,46.23261],[-106.73861,46.23261],[-106.73861,46.23207],[-106.73939,46.23207],[-106.73939,46.23288],[-106.739,46.23288],[-106.739,46.23314],[-106.73978,46.23314],[-106.73978,46.23368],[-106.74212,46.23368],[-106.74212,46.23422],[-106.74289,46.23422],[-106.74289,46.23503],[-106.74251,46.23503],[-106.74251,46.2353],[-106.74212,46.2353],[-106.74212,46.23557],[-106.74095,46.23557],[-106.74095,46.2353],[-106.73939,46.23557],[-106.73939,46.23638],[-106.74017,46.23638],[-106.74017,46.23611],[-106.74056,46.23611],[-106.74056,46.23638],[-106.74095,46.23638],[-106.74095,46.23692],[-106.74134,46.23692],[-106.74134,46.23719],[-106.74056,46.23719],[-106.74056,46.23746],[-106.74095,46.23746],[-106.74095,46.23773],[-106.74056,46.23773],[-106.74056,46.23853],[-106.73978,46.2388],[-106.73978,46.23907],[-106.74017,46.23907],[-106.74017,46.23961],[-106.73978,46.23961],[-106.73978,46.24015],[-106.74017,46.24015],[-106.74017,46.24096],[-106.73978,46.24096],[-106.73978,46.2415],[-106.73939,46.2415],[-106.73939,46.24204],[-106.73822,46.24204],[-106.73822,46.24177],[-106.73744,46.24177],[-106.73744,46.24204],[-106.73705,46.24204],[-106.73705,46.24258],[-106.73744,46.24258],[-106.73744,46.24366],[-106.73705,46.24366],[-106.73705,46.24446],[-106.739,46.24446],[-106.739,46.24392],[-106.73939,46.24392],[-106.73939,46.24446],[-106.74017,46.24446],[-106.74017,46.24419],[-106.73978,46.24419],[-106.73978,46.24392],[-106.74095,46.24392],[-106.74095,46.24419],[-106.74134,46.24419],[-106.74134,46.24446],[-106.74212,46.24446]],[[-106.68055,46.24446],[-106.68094,46.24446],[-106.68094,46.24419],[-106.68055,46.24419],[-106.68055,46.24446]],[[-106.68873,46.24069],[-106.68912,46.24069],[-106.68912,46.24042],[-106.68873,46.24042],[-106.68873,46.24069]],[[-106.74056,46.24419],[-106.74056,46.24446],[-106.74095,46.24446],[-106.74095,46.24419],[-106.74056,46.24419]],[[-106.68328,46.2547],[-106.68172,46.2547],[-106.68172,46.25443],[-106.68133,46.25443],[-106.68133,46.25417],[-106.68055,46.25417],[-106.68055,46.2547],[-106.68133,46.2547],[-106.68133,46.25497],[-106.68172,46.25497],[-106.68172,46.25551],[-106.68406,46.25551],[-106.68406,46.25497],[-106.68328,46.25497],[-106.68328,46.2547]],[[-106.68873,46.25443],[-106.68873,46.25497],[-106.68834,46.25497],[-106.68834,46.25524],[-106.68951,46.25524],[-106.68951,46.25497],[-106.68912,46.25497],[-106.68912,46.25443],[-106.68873,46.25443]],[[-106.6899,46.25497],[-106.6899,46.2547],[-106.69146,46.2547],[-106.69146,46.25417],[-106.69107,46.25417],[-106.69107,46.25443],[-106.68951,46.25443],[-106.68951,46.25497],[-106.6899,46.25497]],[[-106.6786,46.2547],[-106.67899,46.2547],[-106.67899,46.25443],[-106.6786,46.25443],[-106.6786,46.2547]],[[-106.67782,46.25228],[-106.67704,46.25228],[-106.67704,46.25282],[-106.67782,46.25255],[-106.67782,46.25228]],[[-106.67315,46.25174],[-106.67276,46.25174],[-106.67276,46.25255],[-106.67354,46.25255],[-106.67354,46.25228],[-106.67315,46.25228],[-106.67315,46.25174]],[[-106.67548,46.24931],[-106.67587,46.24931],[-106.67587,46.24905],[-106.67548,46.24905],[-106.67548,46.24931]],[[-106.73315,46.24824],[-106.73315,46.24851],[-106.73393,46.24824],[-106.73393,46.24743],[-106.73237,46.24716],[-106.73237,46.2477],[-106.73159,46.2477],[-106.73159,46.24797],[-106.73315,46.24824]],[[-106.73121,46.24797],[-106.73121,46.24824],[-106.73159,46.24824],[-106.73159,46.24797],[-106.73121,46.24797]],[[-106.69847,46.245],[-106.69886,46.245],[-106.69886,46.24473],[-106.69847,46.24473],[-106.69847,46.245]],[[-106.73705,46.23853],[-106.73744,46.23853],[-106.73744,46.23827],[-106.73705,46.23827],[-106.73705,46.23853]],[[-106.739,46.23692],[-106.73939,46.23692],[-106.73939,46.23719],[-106.74017,46.23719],[-106.74017,46.23665],[-106.739,46.23665],[-106.739,46.23692]],[[-106.70588,46.23557],[-106.70627,46.23557],[-106.70627,46.2353],[-106.70588,46.2353],[-106.70588,46.23557]],[[-106.71328,46.2318],[-106.71367,46.2318],[-106.71367,46.23207],[-106.71484,46.23207],[-106.71484,46.23126],[-106.71328,46.23126],[-106.71328,46.2318]],[[-106.73276,46.23153],[-106.73432,46.23153],[-106.73432,46.23126],[-106.73276,46.23126],[-106.73276,46.23153]],[[-106.73471,46.23099],[-106.7351,46.23099],[-106.7351,46.23072],[-106.73471,46.23072],[-106.73471,46.23099]],[[-106.73237,46.23099],[-106.73276,46.23099],[-106.73276,46.23072],[-106.73237,46.23072],[-106.73237,46.23099]],[[-106.69847,46.22856],[-106.69614,46.22856],[-106.69614,46.22883],[-106.69769,46.2291],[-106.69769,46.22883],[-106.69847,46.22883],[-106.69847,46.22856]],[[-106.72263,46.22452],[-106.72302,46.22452],[-106.72302,46.22479],[-106.72341,46.22479],[-106.72341,46.22425],[-106.72263,46.22425],[-106.72263,46.22452]],[[-106.71328,46.22048],[-106.71367,46.22048],[-106.71367,46.2194],[-106.71328,46.2194],[-106.71328,46.21913],[-106.71445,46.21913],[-106.71445,46.2194],[-106.71601,46.21913],[-106.71601,46.2194],[-106.7164,46.2194],[-106.7164,46.21913],[-106.71718,46.21913],[-106.71718,46.21859],[-106.71679,46.21859],[-106.71679,46.21832],[-106.71484,46.21832],[-106.71484,46.21859],[-106.71445,46.21859],[-106.71445,46.21886],[-106.71094,46.21886],[-106.71094,46.21859],[-106.71055,46.21859],[-106.71055,46.21886],[-106.70977,46.21886],[-106.70977,46.21913],[-106.70899,46.21913],[-106.70899,46.2194],[-106.7086,46.2194],[-106.7086,46.22021],[-106.70977,46.22021],[-106.70977,46.21994],[-106.71016,46.21994],[-106.71016,46.21967],[-106.71133,46.21967],[-106.71133,46.22075],[-106.71172,46.22075],[-106.71172,46.22102],[-106.7125,46.22102],[-106.7125,46.22075],[-106.71328,46.22075],[-106.71328,46.22048]]],[[[-106.74289,46.23773],[-106.74251,46.23773],[-106.74251,46.23746],[-106.74289,46.23746],[-106.74289,46.23773]]],[[[-106.67237,46.2547],[-106.67198,46.2547],[-106.67198,46.25443],[-106.67237,46.25443],[-106.67237,46.2547]]]]},"properties":{"layer":"predicted_reach_h13","fire_name":"Valley","irwin_id":"{5E97EF7C-2039-44B3-8665-ADB0336B5488}","model":"arrival_run","checkpoint_epoch":216,"decode":"connected_causal","operating_point":{"floor":0.0,"mult":0.9},"val_precision":null,"val_recall":null,"model_caveat":"arrival_run chosen for best RECALL among the six FlameFlux v3 candidates on the production-valid t0-window corpus (R=0.624 on the fc2 held-out fires, R=0.432 on Dillon -- see candidate_comparison.md from the 2026-07-24 comparison). It does NOT meet the project's P>=0.50/R>=0.80 target: precision is the WORST of the six (P=0.120 on fc2 -- most flagged growth is wrong), and wind_run actually edges it on F1. IMPORTANT CAVEAT: arrival_run trained on the leaky 'observed' corpus (crop centered/sized on t0|t1, i.e. it saw the future perimeter's geometry during training) and has NEVER seen a t0-window crop -- the ONLY geometry this live pipeline can ever produce at forecast time (the future perimeter is, by definition, unknown). So every live prediction from this model is out-of-distribution relative to its own training. The measured t0-window numbers above already reflect that (they are not a surprise), but this is 'best available', not 'production-ready' -- represent it that way. The operating_point (floor=0.0, mult=0.9) is the VAL-selected connected-causal decode point; it did NOT clear the 0.50 precision floor during selection (feasible=False, val P=0.270/R=0.259) -- it's the best-F1 fallback point, not a precision-guaranteed one.","issued_at_utc":"2026-08-20 13:46:34.611898+00:00","valid_from_utc":"2026-08-20 00:00:00","valid_to_utc":"2026-08-21 00:00:00","wfigs_date_current_utc":"2026-08-20 12:05:00+00:00","pixel_size_m":30,"veg_source":"refreshed_d4","physics_source":"eikonal_fbfm40","history_n_dates":1,"degraded_history":true,"containment_pct":0.0,"acres_wfigs":224.5330361499428,"hour":13,"valid_at_utc":"2026-08-20 13:00:00"}},{"type":"Feature","geometry":{"type":"MultiPolygon","coordinates":[[[[-106.69692,46.21347],[-106.69692,46.21374],[-106.69769,46.21374],[-106.69769,46.21401],[-106.69653,46.21401],[-106.69653,46.21347],[-106.69692,46.21347]]],[[[-106.73354,46.2229],[-106.73276,46.2229],[-106.73276,46.22263],[-106.73354,46.22263],[-106.73354,46.2229]]],[[[-106.73822,46.22749],[-106.739,46.22749],[-106.739,46.22776],[-106.73939,46.22776],[-106.73939,46.22802],[-106.739,46.22802],[-106.739,46.22829],[-106.73783,46.22829],[-106.73783,46.22776],[-106.73822,46.22776],[-106.73822,46.22749]]],[[[-106.73666,46.24797],[-106.73666,46.24851],[-106.73588,46.24851],[-106.73588,46.24958],[-106.73549,46.24958],[-106.73549,46.25012],[-106.7351,46.25012],[-106.7351,46.25039],[-106.73432,46.25039],[-106.73432,46.25066],[-106.73354,46.25066],[-106.73354,46.25093],[-106.73043,46.25066],[-106.73043,46.2512],[-106.73004,46.2512],[-106.73004,46.25066],[-106.72965,46.25066],[-106.72965,46.25039],[-106.72926,46.25039],[-106.72926,46.25012],[-106.72887,46.25012],[-106.72887,46.24958],[-106.72848,46.24958],[-106.72848,46.24931],[-106.72809,46.24931],[-106.72809,46.24958],[-106.7277,46.24958],[-106.7277,46.24985],[-106.72692,46.25012],[-106.72692,46.25066],[-106.72653,46.25066],[-106.72653,46.25093],[-106.72614,46.25093],[-106.72614,46.25066],[-106.7238,46.25066],[-106.7238,46.24931],[-106.72341,46.24931],[-106.72341,46.24878],[-106.7238,46.24878],[-106.7238,46.24851],[-106.72458,46.24851],[-106.72458,46.24878],[-106.72497,46.24878],[-106.72497,46.24851],[-106.72536,46.24851],[-106.72536,46.2477],[-106.72575,46.2477],[-106.72575,46.24662],[-106.72536,46.24662],[-106.72536,46.24635],[-106.72458,46.24635],[-106.72458,46.24581],[-106.72419,46.24581],[-106.72419,46.24419],[-106.72341,46.24392],[-106.72341,46.24419],[-106.72263,46.24446],[-106.72263,46.245],[-106.72224,46.245],[-106.72224,46.24581],[-106.72185,46.24581],[-106.72185,46.24662],[-106.72146,46.24662],[-106.72146,46.24743],[-106.72107,46.24743],[-106.72107,46.24797],[-106.72068,46.24797],[-106.72068,46.24824],[-106.7199,46.24851],[-106.7199,46.24958],[-106.71952,46.24958],[-106.71952,46.25012],[-106.71913,46.25012],[-106.71913,46.25093],[-106.71952,46.25093],[-106.71952,46.25147],[-106.7199,46.25147],[-106.7199,46.25228],[-106.71913,46.25228],[-106.71913,46.25201],[-106.71874,46.25201],[-106.71874,46.25228],[-106.71718,46.25228],[-106.71718,46.25255],[-106.71484,46.25255],[-106.71484,46.25282],[-106.71328,46.25282],[-106.71328,46.25309],[-106.71172,46.25309],[-106.71172,46.25336],[-106.70783,46.25336],[-106.70783,46.25363],[-106.70432,46.25363],[-106.70432,46.2539],[-106.70354,46.2539],[-106.70354,46.25417],[-106.70159,46.25417],[-106.70159,46.25443],[-106.7012,46.25443],[-106.7012,46.25417],[-106.69925,46.25417],[-106.69925,46.25443],[-106.69769,46.25443],[-106.69769,46.25417],[-106.69614,46.25417],[-106.69614,46.2539],[-106.69536,46.2539],[-106.69536,46.25417],[-106.69458,46.25417],[-106.69458,46.25443],[-106.69419,46.25443],[-106.69419,46.25497],[-106.6938,46.25497],[-106.6938,46.25524],[-106.69302,46.25524],[-106.69302,46.25497],[-106.69185,46.25497],[-106.69185,46.25524],[-106.69146,46.25524],[-106.69146,46.25551],[-106.69107,46.25551],[-106.69107,46.25578],[-106.69029,46.25578],[-106.69029,46.25605],[-106.68756,46.25605],[-106.68756,46.25632],[-106.68717,46.25632],[-106.68717,46.25605],[-106.68561,46.25605],[-106.68561,46.25578],[-106.68523,46.25578],[-106.68523,46.25605],[-106.68133,46.25605],[-106.68133,46.25578],[-106.68094,46.25578],[-106.68094,46.25551],[-106.68016,46.25551],[-106.68016,46.25497],[-106.67821,46.25497],[-106.67821,46.25524],[-106.67782,46.25524],[-106.67782,46.25497],[-106.67743,46.25497],[-106.67743,46.25524],[-106.67704,46.25524],[-106.67704,46.25497],[-106.67587,46.25497],[-106.67587,46.25417],[-106.67626,46.25417],[-106.67626,46.25363],[-106.67431,46.25363],[-106.67431,46.25336],[-106.67393,46.25336],[-106.67393,46.25309],[-106.67354,46.25309],[-106.67354,46.25363],[-106.67393,46.25363],[-106.67393,46.2539],[-106.67276,46.2539],[-106.67276,46.25417],[-106.67237,46.25417],[-106.67237,46.2539],[-106.67198,46.2539],[-106.67198,46.25282],[-106.67159,46.25282],[-106.67159,46.25228],[-106.6712,46.25228],[-106.6712,46.25147],[-106.67198,46.25147],[-106.67198,46.2512],[-106.67354,46.2512],[-106.67354,46.25147],[-106.67548,46.25147],[-106.67548,46.2512],[-106.67509,46.2512],[-106.67509,46.25093],[-106.6747,46.25093],[-106.6747,46.2512],[-106.67431,46.2512],[-106.67431,46.25093],[-106.67315,46.25093],[-106.67315,46.25066],[-106.67276,46.25066],[-106.67276,46.25039],[-106.67237,46.25039],[-106.67237,46.24985],[-106.67276,46.24985],[-106.67276,46.24931],[-106.67354,46.24905],[-106.67354,46.24878],[-106.67393,46.24878],[-106.67393,46.24851],[-106.67626,46.24851],[-106.67626,46.24824],[-106.67665,46.24824],[-106.67665,46.24743],[-106.67704,46.24743],[-106.67704,46.24635],[-106.67743,46.24635],[-106.67743,46.24662],[-106.67821,46.24662],[-106.67821,46.24689],[-106.67977,46.24689],[-106.67977,46.24635],[-106.6786,46.24635],[-106.6786,46.24608],[-106.67977,46.24608],[-106.67977,46.24581],[-106.68016,46.24581],[-106.68016,46.24473],[-106.67977,46.24473],[-106.67977,46.24419],[-106.68055,46.24419],[-106.68055,46.24366],[-106.68211,46.24392],[-106.68211,46.24366],[-106.68133,46.24339],[-106.68133,46.24258],[-106.6825,46.24258],[-106.6825,46.24285],[-106.68289,46.24285],[-106.68289,46.24312],[-106.68406,46.24312],[-106.68406,46.24231],[-106.68445,46.24231],[-106.68445,46.24204],[-106.68484,46.24204],[-106.68484,46.24177],[-106.68717,46.24177],[-106.68717,46.24123],[-106.68678,46.24123],[-106.68678,46.24069],[-106.68639,46.24069],[-106.68639,46.24015],[-106.68717,46.24015],[-106.68717,46.24042],[-106.68873,46.24042],[-106.68873,46.23934],[-106.68912,46.23934],[-106.68912,46.23853],[-106.68951,46.23853],[-106.68951,46.2388],[-106.69107,46.2388],[-106.69107,46.23907],[-106.69146,46.23907],[-106.69146,46.23934],[-106.69185,46.23934],[-106.69185,46.23961],[-106.69263,46.23961],[-106.69263,46.23988],[-106.6938,46.23988],[-106.6938,46.23907],[-106.69419,46.23907],[-106.69419,46.23853],[-106.69458,46.23853],[-106.69458,46.23746],[-106.69419,46.23746],[-106.69419,46.23692],[-106.6938,46.23692],[-106.6938,46.23557],[-106.69341,46.23557],[-106.69341,46.23503],[-106.69419,46.23503],[-106.69419,46.23476],[-106.69458,46.23476],[-106.69458,46.23422],[-106.69536,46.23395],[-106.69536,46.23341],[-106.69497,46.23341],[-106.69497,46.23261],[-106.69536,46.23261],[-106.69536,46.23207],[-106.69614,46.23207],[-106.69614,46.23153],[-106.69536,46.23126],[-106.69536,46.22991],[-106.69497,46.22991],[-106.69497,46.2291],[-106.69458,46.2291],[-106.69458,46.22856],[-106.69536,46.22829],[-106.69536,46.22776],[-106.69497,46.22776],[-106.69497,46.22722],[-106.69536,46.22722],[-106.69536,46.22695],[-106.69614,46.22695],[-106.69614,46.22668],[-106.69769,46.22668],[-106.69769,46.22641],[-106.69847,46.22641],[-106.69847,46.22587],[-106.69808,46.22587],[-106.69808,46.2256],[-106.69847,46.2256],[-106.69847,46.22506],[-106.69886,46.22506],[-106.69886,46.22479],[-106.69808,46.22479],[-106.69808,46.22452],[-106.69769,46.22452],[-106.69769,46.22425],[-106.69653,46.22425],[-106.69653,46.22398],[-106.69614,46.22398],[-106.69614,46.22371],[-106.6973,46.22371],[-106.6973,46.22398],[-106.69808,46.22371],[-106.69808,46.2229],[-106.69769,46.2229],[-106.69769,46.22263],[-106.69653,46.22263],[-106.69653,46.22237],[-106.6973,46.2221],[-106.6973,46.22129],[-106.69769,46.22129],[-106.69769,46.22102],[-106.69808,46.22102],[-106.69808,46.22075],[-106.69886,46.22075],[-106.69886,46.21994],[-106.69692,46.21994],[-106.69692,46.21967],[-106.6973,46.21967],[-106.6973,46.21913],[-106.69769,46.21913],[-106.69769,46.21886],[-106.6973,46.21886],[-106.6973,46.21832],[-106.69692,46.21832],[-106.69692,46.21778],[-106.69614,46.21751],[-106.69614,46.21671],[-106.69692,46.21671],[-106.69692,46.21644],[-106.69653,46.21644],[-106.69653,46.2159],[-106.69536,46.2159],[-106.69536,46.21563],[-106.69497,46.21563],[-106.69497,46.21536],[-106.69458,46.21536],[-106.69458,46.21509],[-106.6938,46.21509],[-106.6938,46.21482],[-106.69497,46.21482],[-106.69497,46.21509],[-106.69575,46.21509],[-106.69575,46.21455],[-106.69614,46.21455],[-106.69614,46.21482],[-106.69692,46.21482],[-106.69692,46.21455],[-106.6973,46.21455],[-106.6973,46.21482],[-106.69808,46.21509],[-106.69808,46.21536],[-106.6973,46.21563],[-106.6973,46.2159],[-106.69808,46.2159],[-106.69808,46.21563],[-106.69886,46.21536],[-106.69886,46.21455],[-106.69925,46.21455],[-106.69925,46.21428],[-106.69964,46.21428],[-106.69964,46.21401],[-106.70003,46.21401],[-106.70003,46.21374],[-106.70042,46.21374],[-106.70042,46.21347],[-106.7012,46.21347],[-106.7012,46.2132],[-106.70159,46.2132],[-106.70159,46.21266],[-106.70198,46.21266],[-106.70198,46.21212],[-106.70276,46.21239],[-106.70276,46.2132],[-106.70393,46.2132],[-106.70393,46.21266],[-106.70432,46.21266],[-106.70432,46.21212],[-106.70471,46.21212],[-106.70471,46.21159],[-106.70666,46.21159],[-106.70666,46.21212],[-106.70705,46.21212],[-106.70705,46.21617],[-106.70627,46.21617],[-106.70627,46.21644],[-106.70549,46.21671],[-106.70549,46.21724],[-106.7051,46.21724],[-106.7051,46.21805],[-106.70549,46.21805],[-106.70549,46.21859],[-106.70588,46.21859],[-106.70588,46.21913],[-106.70627,46.21913],[-106.70627,46.2194],[-106.70705,46.2194],[-106.70705,46.21913],[-106.70744,46.21913],[-106.70744,46.21859],[-106.70783,46.21859],[-106.70783,46.21832],[-106.70822,46.21832],[-106.70822,46.21805],[-106.7086,46.21805],[-106.7086,46.21778],[-106.70899,46.21778],[-106.70899,46.21751],[-106.70938,46.21751],[-106.70938,46.21724],[-106.70977,46.21724],[-106.70977,46.21698],[-106.71055,46.21698],[-106.71055,46.21671],[-106.71016,46.21671],[-106.71016,46.21536],[-106.71055,46.21536],[-106.71055,46.21509],[-106.71211,46.21509],[-106.71211,46.21536],[-106.7125,46.21536],[-106.7125,46.21563],[-106.71289,46.21563],[-106.71289,46.2159],[-106.71328,46.2159],[-106.71328,46.21617],[-106.71367,46.21617],[-106.71367,46.21644],[-106.71445,46.21671],[-106.71445,46.21698],[-106.71562,46.21698],[-106.71562,46.21671],[-106.71523,46.21671],[-106.71523,46.21617],[-106.71562,46.21617],[-106.71562,46.21563],[-106.71601,46.21563],[-106.71601,46.21536],[-106.71757,46.21536],[-106.71757,46.21563],[-106.71835,46.21563],[-106.71835,46.2159],[-106.71874,46.2159],[-106.71874,46.21617],[-106.71835,46.21617],[-106.71835,46.21644],[-106.71757,46.21644],[-106.71757,46.21671],[-106.71718,46.21671],[-106.71718,46.21724],[-106.71835,46.21724],[-106.71835,46.21751],[-106.71913,46.21751],[-106.71913,46.21805],[-106.71952,46.21805],[-106.71952,46.21859],[-106.7199,46.21859],[-106.7199,46.21886],[-106.72068,46.21886],[-106.72068,46.21913],[-106.72146,46.21913],[-106.72146,46.21967],[-106.72107,46.21967],[-106.72107,46.21994],[-106.72029,46.21994],[-106.72029,46.22048],[-106.71874,46.22048],[-106.71874,46.22021],[-106.7164,46.22048],[-106.7164,46.22102],[-106.71718,46.22102],[-106.71718,46.22075],[-106.71835,46.22075],[-106.71835,46.22102],[-106.71913,46.22102],[-106.71913,46.22129],[-106.71952,46.22129],[-106.71952,46.22156],[-106.7199,46.22156],[-106.7199,46.22183],[-106.72107,46.22183],[-106.72107,46.22156],[-106.72185,46.22156],[-106.72185,46.22129],[-106.7238,46.22129],[-106.7238,46.22156],[-106.72458,46.22156],[-106.72458,46.22129],[-106.72536,46.22129],[-106.72536,46.22102],[-106.72614,46.22129],[-106.72614,46.22102],[-106.72653,46.22102],[-106.72653,46.22075],[-106.72731,46.22075],[-106.72731,46.22183],[-106.72653,46.2221],[-106.72653,46.22237],[-106.72692,46.22237],[-106.72692,46.22317],[-106.7277,46.22344],[-106.7277,46.22371],[-106.72731,46.22371],[-106.72731,46.22398],[-106.7277,46.22398],[-106.7277,46.22452],[-106.72848,46.22479],[-106.72848,46.22533],[-106.72809,46.22533],[-106.72809,46.2256],[-106.72887,46.2256],[-106.72887,46.22533],[-106.72965,46.22533],[-106.72965,46.22506],[-106.73004,46.22506],[-106.73004,46.22479],[-106.73043,46.22479],[-106.73043,46.22452],[-106.73121,46.22452],[-106.73121,46.22425],[-106.73082,46.22425],[-106.73082,46.22398],[-106.73004,46.22371],[-106.73004,46.22317],[-106.73121,46.22317],[-106.73121,46.22344],[-106.73276,46.22344],[-106.73276,46.22371],[-106.73315,46.22371],[-106.73315,46.22398],[-106.73354,46.22398],[-106.73354,46.22452],[-106.73393,46.22452],[-106.73393,46.22506],[-106.73432,46.22506],[-106.73432,46.22533],[-106.73471,46.22533],[-106.73471,46.2256],[-106.73549,46.2256],[-106.73549,46.22695],[-106.73588,46.22695],[-106.73588,46.22776],[-106.73627,46.22776],[-106.73627,46.22937],[-106.73588,46.22937],[-106.73588,46.22964],[-106.73549,46.22964],[-106.73549,46.22991],[-106.73627,46.22991],[-106.73627,46.23018],[-106.73666,46.23018],[-106.73666,46.23045],[-106.73744,46.23045],[-106.73744,46.23099],[-106.73783,46.23099],[-106.73783,46.23126],[-106.73822,46.23126],[-106.73822,46.23153],[-106.739,46.23153],[-106.739,46.2318],[-106.73939,46.2318],[-106.73939,46.23207],[-106.73978,46.23207],[-106.73978,46.23314],[-106.74134,46.23314],[-106.74134,46.23341],[-106.74173,46.23341],[-106.74173,46.23368],[-106.74289,46.23368],[-106.74289,46.23476],[-106.74328,46.23476],[-106.74328,46.23503],[-106.74289,46.23503],[-106.74289,46.23557],[-106.74095,46.23557],[-106.74095,46.23584],[-106.74134,46.23584],[-106.74134,46.23611],[-106.74095,46.23611],[-106.74095,46.23638],[-106.74212,46.23638],[-106.74212,46.23665],[-106.74173,46.23665],[-106.74173,46.23692],[-106.74289,46.23692],[-106.74289,46.23773],[-106.74328,46.23773],[-106.74328,46.238],[-106.74251,46.238],[-106.74251,46.23773],[-106.74212,46.23773],[-106.74212,46.23719],[-106.74134,46.23719],[-106.74134,46.23773],[-106.74095,46.23773],[-106.74095,46.23853],[-106.74056,46.23853],[-106.74056,46.23988],[-106.74017,46.23988],[-106.74017,46.24015],[-106.74056,46.24015],[-106.74056,46.24069],[-106.74017,46.24069],[-106.74017,46.2415],[-106.73978,46.2415],[-106.73978,46.24204],[-106.73744,46.24204],[-106.73744,46.24231],[-106.73783,46.24231],[-106.73783,46.24312],[-106.73744,46.24312],[-106.73744,46.24446],[-106.73822,46.24446],[-106.73822,46.24392],[-106.739,46.24392],[-106.739,46.24366],[-106.73939,46.24366],[-106.73939,46.24392],[-106.74095,46.24366],[-106.74095,46.24392],[-106.74134,46.24392],[-106.74134,46.24419],[-106.74212,46.24419],[-106.74212,46.24446],[-106.74251,46.24446],[-106.74251,46.24473],[-106.74212,46.24473],[-106.74212,46.24527],[-106.74134,46.24527],[-106.74134,46.24581],[-106.74056,46.24608],[-106.74056,46.24689],[-106.74017,46.24689],[-106.74017,46.24743],[-106.73978,46.24743],[-106.73978,46.2477],[-106.739,46.2477],[-106.739,46.24851],[-106.73783,46.24851],[-106.73783,46.24797],[-106.73744,46.24797],[-106.73744,46.2477],[-106.73666,46.24797]],[[-106.686,46.25578],[-106.686,46.25551],[-106.68561,46.25551],[-106.68561,46.25578],[-106.686,46.25578]],[[-106.68055,46.24446],[-106.68094,46.24446],[-106.68094,46.24419],[-106.68055,46.24419],[-106.68055,46.24446]],[[-106.68873,46.24069],[-106.68912,46.24069],[-106.68912,46.24042],[-106.68873,46.24042],[-106.68873,46.24069]],[[-106.72965,46.2256],[-106.73004,46.2256],[-106.73004,46.22587],[-106.73082,46.22614],[-106.73082,46.22668],[-106.73159,46.22668],[-106.73159,46.22587],[-106.73082,46.2256],[-106.73082,46.22533],[-106.72965,46.22533],[-106.72965,46.2256]],[[-106.73861,46.2477],[-106.73861,46.24689],[-106.73822,46.24689],[-106.73822,46.24662],[-106.73783,46.24662],[-106.73783,46.24635],[-106.73744,46.24635],[-106.73744,46.24581],[-106.73705,46.24581],[-106.73705,46.24635],[-106.73666,46.24635],[-106.73666,46.24689],[-106.73744,46.24716],[-106.73744,46.2477],[-106.73861,46.2477]],[[-106.68328,46.2547],[-106.68172,46.2547],[-106.68172,46.25443],[-106.68133,46.25443],[-106.68133,46.25417],[-106.68055,46.25417],[-106.68055,46.2547],[-106.68133,46.2547],[-106.68133,46.25497],[-106.68172,46.25497],[-106.68172,46.25551],[-106.68406,46.25551],[-106.68406,46.25497],[-106.68328,46.25497],[-106.68328,46.2547]],[[-106.68873,46.25443],[-106.68873,46.25497],[-106.68834,46.25497],[-106.68834,46.25524],[-106.68951,46.25524],[-106.68951,46.25497],[-106.68912,46.25497],[-106.68912,46.25443],[-106.68873,46.25443]],[[-106.6899,46.25497],[-106.6899,46.2547],[-106.69146,46.2547],[-106.69146,46.25417],[-106.69107,46.25417],[-106.69107,46.25443],[-106.68951,46.25443],[-106.68951,46.25497],[-106.6899,46.25497]],[[-106.67509,46.25201],[-106.67431,46.25201],[-106.67431,46.25255],[-106.6747,46.25255],[-106.6747,46.25282],[-106.67548,46.25309],[-106.67548,46.25255],[-106.67509,46.25255],[-106.67509,46.25201]],[[-106.67782,46.25228],[-106.67704,46.25228],[-106.67704,46.25282],[-106.67782,46.25255],[-106.67782,46.25228]],[[-106.67315,46.25174],[-106.67276,46.25174],[-106.67276,46.25255],[-106.67354,46.25255],[-106.67354,46.25228],[-106.67315,46.25228],[-106.67315,46.25174]],[[-106.67548,46.24931],[-106.67587,46.24931],[-106.67587,46.24905],[-106.67548,46.24905],[-106.67548,46.24931]],[[-106.73276,46.24824],[-106.73354,46.24824],[-106.73354,46.24797],[-106.73276,46.24797],[-106.73276,46.24824]],[[-106.69847,46.245],[-106.69886,46.245],[-106.69886,46.24473],[-106.69847,46.24473],[-106.69847,46.245]],[[-106.70588,46.23557],[-106.70627,46.23557],[-106.70627,46.2353],[-106.70588,46.2353],[-106.70588,46.23557]],[[-106.73783,46.23314],[-106.73783,46.23261],[-106.73744,46.23261],[-106.73744,46.23314],[-106.73783,46.23314]],[[-106.73822,46.23261],[-106.73822,46.23234],[-106.73783,46.23234],[-106.73783,46.23261],[-106.73822,46.23261]],[[-106.71484,46.23153],[-106.71445,46.23153],[-106.71445,46.23126],[-106.71367,46.23126],[-106.71367,46.23207],[-106.71445,46.23207],[-106.71445,46.2318],[-106.71484,46.2318],[-106.71484,46.23153]],[[-106.69847,46.22856],[-106.69614,46.22856],[-106.69614,46.22883],[-106.69769,46.2291],[-106.69769,46.22883],[-106.69847,46.22883],[-106.69847,46.22856]],[[-106.73393,46.22668],[-106.73471,46.22668],[-106.73471,46.22641],[-106.73393,46.22641],[-106.73393,46.22668]],[[-106.71172,46.22075],[-106.7125,46.22075],[-106.7125,46.22048],[-106.71172,46.22048],[-106.71172,46.22075]],[[-106.70977,46.21967],[-106.71016,46.21967],[-106.71016,46.2194],[-106.71133,46.2194],[-106.71133,46.21967],[-106.71289,46.21967],[-106.71289,46.2194],[-106.7125,46.2194],[-106.7125,46.21886],[-106.71016,46.21886],[-106.71016,46.21913],[-106.70977,46.21913],[-106.70977,46.2194],[-106.7086,46.2194],[-106.7086,46.21994],[-106.70899,46.21994],[-106.70899,46.22021],[-106.70938,46.22021],[-106.70938,46.21994],[-106.70977,46.21994],[-106.70977,46.21967]],[[-106.71523,46.21886],[-106.71484,46.21886],[-106.71484,46.21913],[-106.71679,46.21913],[-106.71679,46.21832],[-106.71523,46.21832],[-106.71523,46.21886]]],[[[-106.74367,46.23773],[-106.74328,46.23773],[-106.74328,46.23746],[-106.74367,46.23746],[-106.74367,46.23773]]],[[[-106.73082,46.25174],[-106.73004,46.25174],[-106.73004,46.25147],[-106.73082,46.25147],[-106.73082,46.25174]]],[[[-106.69458,46.21401],[-106.69419,46.21401],[-106.69419,46.21374],[-106.69458,46.21374],[-106.69458,46.21401]]],[[[-106.6938,46.21401],[-106.69419,46.21401],[-106.69419,46.21455],[-106.69263,46.21482],[-106.69263,46.21428],[-106.6938,46.21428],[-106.6938,46.21401]]],[[[-106.6938,46.21536],[-106.69341,46.21536],[-106.69341,46.21509],[-106.6938,46.21509],[-106.6938,46.21536]]],[[[-106.67782,46.24608],[-106.67782,46.24635],[-106.67743,46.24635],[-106.67743,46.24608],[-106.67782,46.24608]]],[[[-106.67237,46.25497],[-106.67198,46.25497],[-106.67198,46.25417],[-106.67237,46.25417],[-106.67237,46.25497]]],[[[-106.67237,46.25497],[-106.67276,46.25497],[-106.67276,46.25524],[-106.67237,46.25524],[-106.67237,46.25497]]]]},"properties":{"layer":"predicted_reach_h14","fire_name":"Valley","irwin_id":"{5E97EF7C-2039-44B3-8665-ADB0336B5488}","model":"arrival_run","checkpoint_epoch":216,"decode":"connected_causal","operating_point":{"floor":0.0,"mult":0.9},"val_precision":null,"val_recall":null,"model_caveat":"arrival_run chosen for best RECALL among the six FlameFlux v3 candidates on the production-valid t0-window corpus (R=0.624 on the fc2 held-out fires, R=0.432 on Dillon -- see candidate_comparison.md from the 2026-07-24 comparison). It does NOT meet the project's P>=0.50/R>=0.80 target: precision is the WORST of the six (P=0.120 on fc2 -- most flagged growth is wrong), and wind_run actually edges it on F1. IMPORTANT CAVEAT: arrival_run trained on the leaky 'observed' corpus (crop centered/sized on t0|t1, i.e. it saw the future perimeter's geometry during training) and has NEVER seen a t0-window crop -- the ONLY geometry this live pipeline can ever produce at forecast time (the future perimeter is, by definition, unknown). So every live prediction from this model is out-of-distribution relative to its own training. The measured t0-window numbers above already reflect that (they are not a surprise), but this is 'best available', not 'production-ready' -- represent it that way. The operating_point (floor=0.0, mult=0.9) is the VAL-selected connected-causal decode point; it did NOT clear the 0.50 precision floor during selection (feasible=False, val P=0.270/R=0.259) -- it's the best-F1 fallback point, not a precision-guaranteed one.","issued_at_utc":"2026-08-20 13:46:34.611898+00:00","valid_from_utc":"2026-08-20 00:00:00","valid_to_utc":"2026-08-21 00:00:00","wfigs_date_current_utc":"2026-08-20 12:05:00+00:00","pixel_size_m":30,"veg_source":"refreshed_d4","physics_source":"eikonal_fbfm40","history_n_dates":1,"degraded_history":true,"containment_pct":0.0,"acres_wfigs":224.5330361499428,"hour":14,"valid_at_utc":"2026-08-20 14:00:00"}},{"type":"Feature","geometry":{"type":"MultiPolygon","coordinates":[[[[-106.69653,46.2132],[-106.69653,46.21347],[-106.69614,46.21347],[-106.69614,46.2132],[-106.69653,46.2132]]],[[[-106.6938,46.21401],[-106.6938,46.21374],[-106.69458,46.21374],[-106.69458,46.21401],[-106.69419,46.21401],[-106.69419,46.21455],[-106.69263,46.21482],[-106.69263,46.21401],[-106.6938,46.21401]]],[[[-106.69263,46.21482],[-106.69263,46.21509],[-106.69224,46.21509],[-106.69224,46.21482],[-106.69263,46.21482]]],[[[-106.72146,46.21563],[-106.72068,46.21563],[-106.72068,46.21536],[-106.72146,46.21536],[-106.72146,46.21563]]],[[[-106.73354,46.22317],[-106.73276,46.22317],[-106.73276,46.2229],[-106.73237,46.2229],[-106.73237,46.22237],[-106.73354,46.22237],[-106.73354,46.22263],[-106.73393,46.22263],[-106.73393,46.2229],[-106.7351,46.2229],[-106.7351,46.22371],[-106.73393,46.22371],[-106.73393,46.22344],[-106.73354,46.22344],[-106.73354,46.22317]]],[[[-106.73822,46.22776],[-106.73822,46.22749],[-106.73861,46.22749],[-106.73861,46.22722],[-106.73939,46.22722],[-106.73939,46.22829],[-106.73822,46.22829],[-106.73822,46.22856],[-106.73783,46.22856],[-106.73783,46.22776],[-106.73822,46.22776]]],[[[-106.74289,46.238],[-106.74289,46.23827],[-106.74251,46.23827],[-106.74251,46.238],[-106.74212,46.238],[-106.74212,46.23773],[-106.74134,46.23773],[-106.74134,46.23827],[-106.74095,46.23827],[-106.74095,46.2388],[-106.74056,46.2388],[-106.74056,46.23907],[-106.74095,46.23907],[-106.74095,46.23988],[-106.74056,46.23988],[-106.74056,46.24096],[-106.74017,46.24096],[-106.74017,46.24177],[-106.73978,46.24177],[-106.73978,46.24231],[-106.739,46.24231],[-106.739,46.24258],[-106.73861,46.24258],[-106.73861,46.24285],[-106.739,46.24285],[-106.739,46.24312],[-106.73822,46.24312],[-106.73822,46.24339],[-106.73783,46.24339],[-106.73783,46.24392],[-106.73861,46.24392],[-106.73861,46.24339],[-106.74173,46.24339],[-106.74173,46.24366],[-106.74134,46.24366],[-106.74134,46.24392],[-106.74289,46.24392],[-106.74289,46.24473],[-106.74251,46.24473],[-106.74251,46.245],[-106.74212,46.245],[-106.74212,46.24527],[-106.74134,46.24554],[-106.74134,46.24608],[-106.74095,46.24608],[-106.74095,46.24662],[-106.74056,46.24662],[-106.74056,46.2477],[-106.73978,46.2477],[-106.73978,46.24797],[-106.73939,46.24797],[-106.73939,46.24851],[-106.73978,46.24851],[-106.73978,46.24878],[-106.74017,46.24878],[-106.74017,46.24905],[-106.74056,46.24905],[-106.74056,46.24958],[-106.73978,46.24958],[-106.73978,46.24905],[-106.739,46.24905],[-106.739,46.24878],[-106.73822,46.24878],[-106.73822,46.24851],[-106.73744,46.24851],[-106.73744,46.24824],[-106.73705,46.24824],[-106.73705,46.24851],[-106.73627,46.24851],[-106.73627,46.24905],[-106.73588,46.24905],[-106.73588,46.24931],[-106.73627,46.24931],[-106.73627,46.25012],[-106.73549,46.25012],[-106.73549,46.25039],[-106.7351,46.25039],[-106.7351,46.25066],[-106.73432,46.25066],[-106.73432,46.25093],[-106.73393,46.25093],[-106.73393,46.2512],[-106.73159,46.2512],[-106.73159,46.25066],[-106.73121,46.25066],[-106.73121,46.25093],[-106.73082,46.25093],[-106.73082,46.25147],[-106.73121,46.25147],[-106.73121,46.25174],[-106.73082,46.25174],[-106.73082,46.25201],[-106.73004,46.25201],[-106.73004,46.2512],[-106.72965,46.2512],[-106.72965,46.25066],[-106.72926,46.25066],[-106.72926,46.25039],[-106.72887,46.25039],[-106.72887,46.24985],[-106.72848,46.24985],[-106.72848,46.24958],[-106.7277,46.24958],[-106.7277,46.24985],[-106.72731,46.24985],[-106.72731,46.25066],[-106.72653,46.25093],[-106.72653,46.2512],[-106.72575,46.2512],[-106.72575,46.25147],[-106.72536,46.25147],[-106.72536,46.25093],[-106.72419,46.25093],[-106.72419,46.25066],[-106.7238,46.25066],[-106.7238,46.24958],[-106.72341,46.24958],[-106.72341,46.24878],[-106.7238,46.24878],[-106.7238,46.24851],[-106.72536,46.24851],[-106.72536,46.2477],[-106.72575,46.2477],[-106.72575,46.24689],[-106.72536,46.24689],[-106.72536,46.24662],[-106.72497,46.24662],[-106.72497,46.24635],[-106.72458,46.24635],[-106.72458,46.24581],[-106.72419,46.24581],[-106.72419,46.24419],[-106.72302,46.24419],[-106.72302,46.24446],[-106.72263,46.24446],[-106.72263,46.24527],[-106.72224,46.24527],[-106.72224,46.24581],[-106.72185,46.24581],[-106.72185,46.24689],[-106.72146,46.24689],[-106.72146,46.24743],[-106.72107,46.24743],[-106.72107,46.24797],[-106.72068,46.24797],[-106.72068,46.24824],[-106.7199,46.24851],[-106.7199,46.24958],[-106.71952,46.24958],[-106.71952,46.25039],[-106.71913,46.25039],[-106.71913,46.25093],[-106.71952,46.25093],[-106.71952,46.25147],[-106.7199,46.25147],[-106.7199,46.25228],[-106.71757,46.25228],[-106.71757,46.25255],[-106.71484,46.25255],[-106.71484,46.25282],[-106.71367,46.25282],[-106.71367,46.25309],[-106.71172,46.25309],[-106.71172,46.25336],[-106.70783,46.25336],[-106.70783,46.25363],[-106.70432,46.25363],[-106.70432,46.2539],[-106.70354,46.2539],[-106.70354,46.25417],[-106.70198,46.25417],[-106.70198,46.25443],[-106.70081,46.25443],[-106.70081,46.25417],[-106.69925,46.25417],[-106.69925,46.25443],[-106.6973,46.25443],[-106.6973,46.25417],[-106.69458,46.25417],[-106.69458,46.25443],[-106.69419,46.25443],[-106.69419,46.25497],[-106.6938,46.25497],[-106.6938,46.25524],[-106.69302,46.25524],[-106.69302,46.25497],[-106.69185,46.25497],[-106.69185,46.25524],[-106.69146,46.25524],[-106.69146,46.25578],[-106.69068,46.25578],[-106.69068,46.25605],[-106.6899,46.25605],[-106.6899,46.25632],[-106.68951,46.25632],[-106.68951,46.25605],[-106.68795,46.25605],[-106.68795,46.25632],[-106.68717,46.25632],[-106.68717,46.25605],[-106.68445,46.25605],[-106.68445,46.25632],[-106.68406,46.25632],[-106.68406,46.25605],[-106.68133,46.25605],[-106.68133,46.25578],[-106.68094,46.25578],[-106.68094,46.25551],[-106.68016,46.25551],[-106.68016,46.25497],[-106.67821,46.25497],[-106.67821,46.25524],[-106.67743,46.25497],[-106.67743,46.25524],[-106.67704,46.25524],[-106.67704,46.25497],[-106.67587,46.25497],[-106.67587,46.25417],[-106.67626,46.25417],[-106.67626,46.25363],[-106.67431,46.25363],[-106.67431,46.25336],[-106.67393,46.25336],[-106.67393,46.25309],[-106.67354,46.25309],[-106.67354,46.25363],[-106.67393,46.25363],[-106.67393,46.2539],[-106.67276,46.2539],[-106.67276,46.25417],[-106.67237,46.25417],[-106.67237,46.25497],[-106.67198,46.25497],[-106.67198,46.25336],[-106.67159,46.25336],[-106.67159,46.25282],[-106.6712,46.25282],[-106.6712,46.25228],[-106.67081,46.25228],[-106.67081,46.25147],[-106.67159,46.25147],[-106.67159,46.2512],[-106.67237,46.2512],[-106.67237,46.25093],[-106.67276,46.25093],[-106.67276,46.25066],[-106.67237,46.25066],[-106.67237,46.24958],[-106.67276,46.24958],[-106.67276,46.24878],[-106.67354,46.24851],[-106.67354,46.24824],[-106.6747,46.24824],[-106.6747,46.24851],[-106.67626,46.24824],[-106.67626,46.24797],[-106.67665,46.24797],[-106.67665,46.24662],[-106.67704,46.24662],[-106.67704,46.24635],[-106.67743,46.24635],[-106.67743,46.24662],[-106.67821,46.24662],[-106.67821,46.24689],[-106.67977,46.24689],[-106.67977,46.24635],[-106.6786,46.24635],[-106.6786,46.24608],[-106.67938,46.24608],[-106.67938,46.24581],[-106.67977,46.24581],[-106.67977,46.24554],[-106.68016,46.24554],[-106.68016,46.24527],[-106.67977,46.24527],[-106.67977,46.24419],[-106.68055,46.24419],[-106.68055,46.24366],[-106.68211,46.24392],[-106.68211,46.24366],[-106.68133,46.24339],[-106.68133,46.24258],[-106.6825,46.24258],[-106.6825,46.24285],[-106.68289,46.24285],[-106.68289,46.24312],[-106.68406,46.24312],[-106.68406,46.24231],[-106.68445,46.24231],[-106.68445,46.24204],[-106.68484,46.24204],[-106.68484,46.24177],[-106.68717,46.24177],[-106.68717,46.24123],[-106.68678,46.24123],[-106.68678,46.24069],[-106.68639,46.24069],[-106.68639,46.24015],[-106.68717,46.24015],[-106.68717,46.24042],[-106.68873,46.24042],[-106.68873,46.23934],[-106.68912,46.23934],[-106.68912,46.23853],[-106.6899,46.23853],[-106.6899,46.2388],[-106.69107,46.2388],[-106.69107,46.23907],[-106.69146,46.23907],[-106.69146,46.23934],[-106.69224,46.23934],[-106.69224,46.23961],[-106.69263,46.23961],[-106.69263,46.23988],[-106.6938,46.23988],[-106.6938,46.23907],[-106.69419,46.23907],[-106.69419,46.23853],[-106.69458,46.23853],[-106.69458,46.23746],[-106.69419,46.23746],[-106.69419,46.23692],[-106.6938,46.23692],[-106.6938,46.23557],[-106.69341,46.23557],[-106.69341,46.23503],[-106.6938,46.23503],[-106.6938,46.23476],[-106.69458,46.23476],[-106.69458,46.23422],[-106.69536,46.23395],[-106.69536,46.23341],[-106.69497,46.23341],[-106.69497,46.23261],[-106.69536,46.23261],[-106.69536,46.23207],[-106.69614,46.23207],[-106.69614,46.23153],[-106.69536,46.23126],[-106.69536,46.22991],[-106.69497,46.22991],[-106.69497,46.2291],[-106.69458,46.2291],[-106.69458,46.22856],[-106.69536,46.22829],[-106.69536,46.22776],[-106.69497,46.22776],[-106.69497,46.22722],[-106.69536,46.22722],[-106.69536,46.22695],[-106.69847,46.22641],[-106.69847,46.22587],[-106.69808,46.22587],[-106.69808,46.2256],[-106.69847,46.2256],[-106.69847,46.22506],[-106.69886,46.22506],[-106.69886,46.22479],[-106.69808,46.22479],[-106.69808,46.22452],[-106.69769,46.22452],[-106.69769,46.22425],[-106.69653,46.22425],[-106.69653,46.22398],[-106.69614,46.22398],[-106.69614,46.22371],[-106.6973,46.22371],[-106.6973,46.22398],[-106.69808,46.22371],[-106.69808,46.2229],[-106.69769,46.2229],[-106.69769,46.22263],[-106.69653,46.22263],[-106.69653,46.22237],[-106.6973,46.2221],[-106.6973,46.22129],[-106.69769,46.22129],[-106.69769,46.22102],[-106.69808,46.22102],[-106.69808,46.22075],[-106.69886,46.22075],[-106.69886,46.21994],[-106.69692,46.21994],[-106.69692,46.21967],[-106.6973,46.21967],[-106.6973,46.21913],[-106.69769,46.21913],[-106.69769,46.21886],[-106.6973,46.21886],[-106.6973,46.21832],[-106.69692,46.21832],[-106.69692,46.21778],[-106.69614,46.21751],[-106.69614,46.21671],[-106.69692,46.21671],[-106.69692,46.21644],[-106.69653,46.21644],[-106.69653,46.2159],[-106.69536,46.2159],[-106.69536,46.21563],[-106.69497,46.21563],[-106.69497,46.21536],[-106.69341,46.21536],[-106.69341,46.21509],[-106.6938,46.21509],[-106.6938,46.21482],[-106.69497,46.21482],[-106.69497,46.21509],[-106.69575,46.21509],[-106.69575,46.21455],[-106.69614,46.21455],[-106.69614,46.21482],[-106.69692,46.21482],[-106.69692,46.21455],[-106.6973,46.21455],[-106.6973,46.21401],[-106.69653,46.21401],[-106.69653,46.21347],[-106.69692,46.21347],[-106.69692,46.21374],[-106.69769,46.21374],[-106.69769,46.21482],[-106.69847,46.21482],[-106.69847,46.21509],[-106.69808,46.21509],[-106.69808,46.21536],[-106.69769,46.21536],[-106.69769,46.21563],[-106.6973,46.21563],[-106.6973,46.2159],[-106.69808,46.2159],[-106.69808,46.21563],[-106.69886,46.21536],[-106.69886,46.21455],[-106.69964,46.21428],[-106.69964,46.21374],[-106.70003,46.21374],[-106.70003,46.2132],[-106.70159,46.2132],[-106.70159,46.21212],[-106.70315,46.21212],[-106.70315,46.2132],[-106.70354,46.2132],[-106.70354,46.21266],[-106.70393,46.21266],[-106.70393,46.21239],[-106.70354,46.21239],[-106.70354,46.21212],[-106.70432,46.21212],[-106.70432,46.21159],[-106.7051,46.21159],[-106.7051,46.21132],[-106.70666,46.21132],[-106.70666,46.21159],[-106.70705,46.21159],[-106.70705,46.21482],[-106.70744,46.21482],[-106.70744,46.21617],[-106.70666,46.21644],[-106.70666,46.21671],[-106.70588,46.21671],[-106.70588,46.21724],[-106.70549,46.21724],[-106.70549,46.21805],[-106.70588,46.21805],[-106.70588,46.21859],[-106.70627,46.21859],[-106.70627,46.21913],[-106.70705,46.21913],[-106.70705,46.21886],[-106.70744,46.21886],[-106.70744,46.21859],[-106.70822,46.21832],[-106.70822,46.21778],[-106.7086,46.21778],[-106.7086,46.21751],[-106.70938,46.21724],[-106.70938,46.21698],[-106.71016,46.21698],[-106.71016,46.21509],[-106.7125,46.21509],[-106.7125,46.21536],[-106.71289,46.21536],[-106.71289,46.2159],[-106.71367,46.2159],[-106.71367,46.21617],[-106.71406,46.21617],[-106.71406,46.21644],[-106.71445,46.21644],[-106.71445,46.21671],[-106.71523,46.21644],[-106.71523,46.2159],[-106.71562,46.2159],[-106.71562,46.21536],[-106.7164,46.21536],[-106.7164,46.21509],[-106.71679,46.21509],[-106.71679,46.21536],[-106.71796,46.21536],[-106.71796,46.21563],[-106.71874,46.2159],[-106.71874,46.21644],[-106.71835,46.21644],[-106.71835,46.21671],[-106.71757,46.21671],[-106.71757,46.21724],[-106.71874,46.21724],[-106.71874,46.21751],[-106.71913,46.21751],[-106.71913,46.21778],[-106.71952,46.21778],[-106.71952,46.21805],[-106.7199,46.21805],[-106.7199,46.21859],[-106.72029,46.21859],[-106.72029,46.21886],[-106.72107,46.21886],[-106.72107,46.21913],[-106.72146,46.21913],[-106.72146,46.21994],[-106.72107,46.21994],[-106.72107,46.22021],[-106.72029,46.22048],[-106.72029,46.22075],[-106.7199,46.22075],[-106.7199,46.22102],[-106.71952,46.22102],[-106.71952,46.22129],[-106.7199,46.22129],[-106.7199,46.22156],[-106.72068,46.22156],[-106.72068,46.22129],[-106.72224,46.22129],[-106.72224,46.22102],[-106.72458,46.22129],[-106.72458,46.22102],[-106.72614,46.22102],[-106.72614,46.22075],[-106.72653,46.22075],[-106.72653,46.22048],[-106.72731,46.22048],[-106.72731,46.22075],[-106.7277,46.22075],[-106.7277,46.22156],[-106.72692,46.22183],[-106.72692,46.22263],[-106.72731,46.22263],[-106.72731,46.22317],[-106.72809,46.22344],[-106.72809,46.22452],[-106.73043,46.22452],[-106.73043,46.22398],[-106.72965,46.22371],[-106.72965,46.2229],[-106.73198,46.22317],[-106.73198,46.22344],[-106.73315,46.22344],[-106.73315,46.22371],[-106.73393,46.22398],[-106.73393,46.22479],[-106.73432,46.22479],[-106.73432,46.22506],[-106.7351,46.22506],[-106.7351,46.22425],[-106.73588,46.22425],[-106.73588,46.22533],[-106.73549,46.22533],[-106.73549,46.22668],[-106.73588,46.22668],[-106.73588,46.22722],[-106.73627,46.22722],[-106.73627,46.22829],[-106.73705,46.22856],[-106.73705,46.22937],[-106.73666,46.22937],[-106.73666,46.23018],[-106.73705,46.23018],[-106.73705,46.23045],[-106.73783,46.23072],[-106.73783,46.23099],[-106.73822,46.23099],[-106.73822,46.23126],[-106.73939,46.23126],[-106.73939,46.23153],[-106.73978,46.23153],[-106.73978,46.23207],[-106.74056,46.23234],[-106.74056,46.23261],[-106.74134,46.23261],[-106.74134,46.23314],[-106.74212,46.23314],[-106.74212,46.23341],[-106.74251,46.23341],[-106.74251,46.23368],[-106.74289,46.23368],[-106.74289,46.23422],[-106.74328,46.23422],[-106.74328,46.23557],[-106.74251,46.23557],[-106.74251,46.23611],[-106.74212,46.23611],[-106.74212,46.23638],[-106.74251,46.23638],[-106.74251,46.23692],[-106.74328,46.23692],[-106.74328,46.23719],[-106.74367,46.23719],[-106.74367,46.238],[-106.74289,46.238]],[[-106.68055,46.24446],[-106.68094,46.24446],[-106.68094,46.24419],[-106.68055,46.24419],[-106.68055,46.24446]],[[-106.68873,46.24069],[-106.68912,46.24069],[-106.68912,46.24042],[-106.68873,46.24042],[-106.68873,46.24069]],[[-106.74289,46.23719],[-106.74289,46.23773],[-106.74328,46.23773],[-106.74328,46.23719],[-106.74289,46.23719]],[[-106.68328,46.2547],[-106.68172,46.2547],[-106.68172,46.25443],[-106.68133,46.25443],[-106.68133,46.25417],[-106.68055,46.25417],[-106.68055,46.2547],[-106.68133,46.2547],[-106.68133,46.25497],[-106.68172,46.25497],[-106.68172,46.25551],[-106.68406,46.25551],[-106.68406,46.25497],[-106.68328,46.25497],[-106.68328,46.2547]],[[-106.68873,46.25443],[-106.68873,46.25497],[-106.68834,46.25497],[-106.68834,46.25524],[-106.68951,46.25524],[-106.68951,46.25497],[-106.68912,46.25497],[-106.68912,46.25443],[-106.68873,46.25443]],[[-106.6899,46.25497],[-106.6899,46.2547],[-106.69146,46.2547],[-106.69146,46.25417],[-106.69107,46.25417],[-106.69107,46.25443],[-106.68951,46.25443],[-106.68951,46.25497],[-106.6899,46.25497]],[[-106.67782,46.25228],[-106.67704,46.25228],[-106.67704,46.25282],[-106.67782,46.25255],[-106.67782,46.25228]],[[-106.67315,46.25174],[-106.67276,46.25174],[-106.67276,46.25255],[-106.67354,46.25255],[-106.67354,46.25228],[-106.67315,46.25228],[-106.67315,46.25174]],[[-106.67548,46.24931],[-106.67587,46.24931],[-106.67587,46.24905],[-106.67548,46.24905],[-106.67548,46.24931]],[[-106.73783,46.24716],[-106.73822,46.24716],[-106.73822,46.24689],[-106.73783,46.24689],[-106.73783,46.24716]],[[-106.73705,46.24662],[-106.73744,46.24662],[-106.73744,46.24635],[-106.73705,46.24635],[-106.73705,46.24662]],[[-106.69847,46.245],[-106.69886,46.245],[-106.69886,46.24473],[-106.69847,46.24473],[-106.69847,46.245]],[[-106.70588,46.23557],[-106.70627,46.23557],[-106.70627,46.2353],[-106.70588,46.2353],[-106.70588,46.23557]],[[-106.71367,46.2318],[-106.71445,46.2318],[-106.71445,46.23126],[-106.71367,46.23126],[-106.71367,46.2318]],[[-106.69847,46.22856],[-106.69614,46.22856],[-106.69614,46.22883],[-106.69769,46.2291],[-106.69769,46.22883],[-106.69847,46.22883],[-106.69847,46.22856]]],[[[-106.74367,46.24339],[-106.74367,46.24366],[-106.74328,46.24366],[-106.74328,46.24339],[-106.74367,46.24339]]],[[[-106.67782,46.24635],[-106.67743,46.24635],[-106.67743,46.24608],[-106.67782,46.24608],[-106.67782,46.24635]]],[[[-106.67276,46.25524],[-106.67237,46.25524],[-106.67237,46.25497],[-106.67276,46.25497],[-106.67276,46.25524]]]]},"properties":{"layer":"predicted_reach_h15","fire_name":"Valley","irwin_id":"{5E97EF7C-2039-44B3-8665-ADB0336B5488}","model":"arrival_run","checkpoint_epoch":216,"decode":"connected_causal","operating_point":{"floor":0.0,"mult":0.9},"val_precision":null,"val_recall":null,"model_caveat":"arrival_run chosen for best RECALL among the six FlameFlux v3 candidates on the production-valid t0-window corpus (R=0.624 on the fc2 held-out fires, R=0.432 on Dillon -- see candidate_comparison.md from the 2026-07-24 comparison). It does NOT meet the project's P>=0.50/R>=0.80 target: precision is the WORST of the six (P=0.120 on fc2 -- most flagged growth is wrong), and wind_run actually edges it on F1. IMPORTANT CAVEAT: arrival_run trained on the leaky 'observed' corpus (crop centered/sized on t0|t1, i.e. it saw the future perimeter's geometry during training) and has NEVER seen a t0-window crop -- the ONLY geometry this live pipeline can ever produce at forecast time (the future perimeter is, by definition, unknown). So every live prediction from this model is out-of-distribution relative to its own training. The measured t0-window numbers above already reflect that (they are not a surprise), but this is 'best available', not 'production-ready' -- represent it that way. The operating_point (floor=0.0, mult=0.9) is the VAL-selected connected-causal decode point; it did NOT clear the 0.50 precision floor during selection (feasible=False, val P=0.270/R=0.259) -- it's the best-F1 fallback point, not a precision-guaranteed one.","issued_at_utc":"2026-08-20 13:46:34.611898+00:00","valid_from_utc":"2026-08-20 00:00:00","valid_to_utc":"2026-08-21 00:00:00","wfigs_date_current_utc":"2026-08-20 12:05:00+00:00","pixel_size_m":30,"veg_source":"refreshed_d4","physics_source":"eikonal_fbfm40","history_n_dates":1,"degraded_history":true,"containment_pct":0.0,"acres_wfigs":224.5330361499428,"hour":15,"valid_at_utc":"2026-08-20 15:00:00"}},{"type":"Feature","geometry":{"type":"MultiPolygon","coordinates":[[[[-106.72107,46.21266],[-106.72068,46.21266],[-106.72068,46.21239],[-106.72107,46.21239],[-106.72107,46.21266]]],[[[-106.72068,46.2132],[-106.7199,46.21347],[-106.7199,46.21266],[-106.72068,46.21266],[-106.72068,46.2132]]],[[[-106.72107,46.21563],[-106.72029,46.21563],[-106.72029,46.21536],[-106.72068,46.21536],[-106.72068,46.21509],[-106.72146,46.21509],[-106.72146,46.21536],[-106.72224,46.21563],[-106.72224,46.21617],[-106.72185,46.21617],[-106.72185,46.2159],[-106.72107,46.2159],[-106.72107,46.21563]]],[[[-106.72575,46.2159],[-106.72575,46.21617],[-106.72497,46.21617],[-106.72497,46.2159],[-106.72575,46.2159]]],[[[-106.7277,46.21671],[-106.72692,46.21671],[-106.72692,46.2159],[-106.7277,46.2159],[-106.7277,46.21671]]],[[[-106.72341,46.21724],[-106.72263,46.21724],[-106.72263,46.21698],[-106.72341,46.21698],[-106.72341,46.21724]]],[[[-106.70627,46.20997],[-106.70627,46.2097],[-106.70666,46.2097],[-106.70666,46.21024],[-106.70588,46.21024],[-106.70588,46.20997],[-106.70627,46.20997]]],[[[-106.69263,46.21374],[-106.6938,46.21374],[-106.6938,46.21347],[-106.69497,46.21347],[-106.69497,46.21374],[-106.69419,46.21401],[-106.69419,46.21455],[-106.69341,46.21455],[-106.69341,46.21482],[-106.69263,46.21482],[-106.69263,46.21509],[-106.69224,46.21509],[-106.69224,46.21428],[-106.69263,46.21428],[-106.69263,46.21374]]],[[[-106.69029,46.23853],[-106.69029,46.2388],[-106.69185,46.23907],[-106.69185,46.23934],[-106.69224,46.23934],[-106.69224,46.23961],[-106.69263,46.23961],[-106.69263,46.23988],[-106.69341,46.23988],[-106.69341,46.23961],[-106.6938,46.23961],[-106.6938,46.23907],[-106.69419,46.23907],[-106.69419,46.23827],[-106.69458,46.23827],[-106.69458,46.23746],[-106.69419,46.23746],[-106.69419,46.23692],[-106.69341,46.23665],[-106.69341,46.23638],[-106.6938,46.23638],[-106.6938,46.23557],[-106.69341,46.23557],[-106.69341,46.23503],[-106.6938,46.23503],[-106.6938,46.23476],[-106.69458,46.23476],[-106.69458,46.23395],[-106.69536,46.23395],[-106.69536,46.23341],[-106.69497,46.23341],[-106.69497,46.23261],[-106.69536,46.23261],[-106.69536,46.23207],[-106.69614,46.23207],[-106.69614,46.23153],[-106.69536,46.23126],[-106.69536,46.22991],[-106.69497,46.22991],[-106.69497,46.2291],[-106.69458,46.2291],[-106.69458,46.22856],[-106.69536,46.22829],[-106.69536,46.22776],[-106.69497,46.22776],[-106.69497,46.22722],[-106.69536,46.22722],[-106.69536,46.22695],[-106.69614,46.22695],[-106.69614,46.22668],[-106.69769,46.22668],[-106.69769,46.22641],[-106.69847,46.22641],[-106.69847,46.22587],[-106.69808,46.22587],[-106.69808,46.2256],[-106.69847,46.2256],[-106.69847,46.22506],[-106.69886,46.22506],[-106.69886,46.22479],[-106.69808,46.22479],[-106.69808,46.22452],[-106.69769,46.22452],[-106.69769,46.22425],[-106.69653,46.22425],[-106.69653,46.22398],[-106.69614,46.22398],[-106.69614,46.22371],[-106.6973,46.22371],[-106.6973,46.22398],[-106.69808,46.22371],[-106.69808,46.2229],[-106.69769,46.2229],[-106.69769,46.22263],[-106.69653,46.22263],[-106.69653,46.22237],[-106.6973,46.2221],[-106.6973,46.22129],[-106.69769,46.22129],[-106.69769,46.22102],[-106.69808,46.22102],[-106.69808,46.22075],[-106.69886,46.22075],[-106.69886,46.21994],[-106.69692,46.21994],[-106.69692,46.21967],[-106.6973,46.21967],[-106.6973,46.21913],[-106.69769,46.21913],[-106.69769,46.21886],[-106.6973,46.21886],[-106.6973,46.21832],[-106.69692,46.21832],[-106.69692,46.21778],[-106.69614,46.21751],[-106.69614,46.21671],[-106.69692,46.21671],[-106.69692,46.21644],[-106.69653,46.21644],[-106.69653,46.2159],[-106.69536,46.2159],[-106.69536,46.21563],[-106.69497,46.21563],[-106.69497,46.21536],[-106.69341,46.21536],[-106.69341,46.21509],[-106.6938,46.21509],[-106.6938,46.21482],[-106.69497,46.21482],[-106.69497,46.21509],[-106.69575,46.21509],[-106.69575,46.21455],[-106.69614,46.21455],[-106.69614,46.21482],[-106.69692,46.21482],[-106.69692,46.21455],[-106.6973,46.21455],[-106.6973,46.21401],[-106.69653,46.21401],[-106.69653,46.21374],[-106.69575,46.21347],[-106.69575,46.21293],[-106.69614,46.21293],[-106.69614,46.2132],[-106.69653,46.2132],[-106.69653,46.21347],[-106.69692,46.21347],[-106.69692,46.21374],[-106.69808,46.21374],[-106.69808,46.21401],[-106.69769,46.21401],[-106.69769,46.21482],[-106.69847,46.21482],[-106.69847,46.21509],[-106.69808,46.21509],[-106.69808,46.21536],[-106.69769,46.21536],[-106.69769,46.21563],[-106.6973,46.21563],[-106.6973,46.2159],[-106.69808,46.2159],[-106.69808,46.21563],[-106.69886,46.21536],[-106.69886,46.21428],[-106.69925,46.21428],[-106.69925,46.21374],[-106.69964,46.21374],[-106.69964,46.2132],[-106.7012,46.2132],[-106.7012,46.21266],[-106.70159,46.21266],[-106.70159,46.21105],[-106.70237,46.21132],[-106.70237,46.21185],[-106.70276,46.21185],[-106.70276,46.21212],[-106.70432,46.21185],[-106.70432,46.21159],[-106.70471,46.21159],[-106.70471,46.21132],[-106.70549,46.21132],[-106.70549,46.21105],[-106.70666,46.21105],[-106.70666,46.21132],[-106.70705,46.21132],[-106.70705,46.21212],[-106.70744,46.21212],[-106.70744,46.21428],[-106.70783,46.21428],[-106.70783,46.21482],[-106.70977,46.21482],[-106.70977,46.21455],[-106.71016,46.21455],[-106.71016,46.21482],[-106.71211,46.21482],[-106.71211,46.21509],[-106.71289,46.21536],[-106.71289,46.21563],[-106.71328,46.21563],[-106.71328,46.2159],[-106.71367,46.2159],[-106.71367,46.21617],[-106.71406,46.21617],[-106.71406,46.21644],[-106.71484,46.21644],[-106.71484,46.2159],[-106.71523,46.2159],[-106.71523,46.21536],[-106.71601,46.21536],[-106.71601,46.21509],[-106.71679,46.21509],[-106.71679,46.21482],[-106.71718,46.21482],[-106.71718,46.21536],[-106.71874,46.21563],[-106.71874,46.2159],[-106.71952,46.2159],[-106.71952,46.21644],[-106.71913,46.21644],[-106.71913,46.21671],[-106.71835,46.21671],[-106.71835,46.21698],[-106.71874,46.21698],[-106.71874,46.21724],[-106.71913,46.21724],[-106.71913,46.21751],[-106.71952,46.21751],[-106.71952,46.21778],[-106.72029,46.21805],[-106.72029,46.21859],[-106.72068,46.21859],[-106.72068,46.21886],[-106.72107,46.21886],[-106.72107,46.21913],[-106.72263,46.21913],[-106.72263,46.21967],[-106.72224,46.21967],[-106.72224,46.21994],[-106.72185,46.21994],[-106.72185,46.22021],[-106.72146,46.22021],[-106.72146,46.22048],[-106.72107,46.22048],[-106.72107,46.22102],[-106.72263,46.22102],[-106.72263,46.22075],[-106.72302,46.22075],[-106.72302,46.22102],[-106.72497,46.22102],[-106.72497,46.22075],[-106.72575,46.22102],[-106.72575,46.22075],[-106.72653,46.22075],[-106.72653,46.22021],[-106.7277,46.22021],[-106.7277,46.22075],[-106.72809,46.22075],[-106.72809,46.22129],[-106.7277,46.22129],[-106.7277,46.2221],[-106.72731,46.2221],[-106.72731,46.2229],[-106.72809,46.2229],[-106.72809,46.22317],[-106.72848,46.22317],[-106.72848,46.22344],[-106.72926,46.22344],[-106.72926,46.22317],[-106.72887,46.22317],[-106.72887,46.2229],[-106.72926,46.2229],[-106.72926,46.22263],[-106.73043,46.22263],[-106.73043,46.2229],[-106.73121,46.2229],[-106.73121,46.22317],[-106.73237,46.22317],[-106.73237,46.2229],[-106.73198,46.2229],[-106.73198,46.22237],[-106.73393,46.22237],[-106.73393,46.22263],[-106.73549,46.2229],[-106.73549,46.22398],[-106.73588,46.22398],[-106.73588,46.22695],[-106.73627,46.22695],[-106.73627,46.22776],[-106.73666,46.22776],[-106.73666,46.22802],[-106.73744,46.22829],[-106.73744,46.22776],[-106.73783,46.22776],[-106.73783,46.22749],[-106.73822,46.22749],[-106.73822,46.22722],[-106.73978,46.22722],[-106.73978,46.22856],[-106.73744,46.22856],[-106.73744,46.22937],[-106.73705,46.22937],[-106.73705,46.23045],[-106.73783,46.23072],[-106.73783,46.23099],[-106.73822,46.23099],[-106.73822,46.23126],[-106.73978,46.23126],[-106.73978,46.23207],[-106.74134,46.23234],[-106.74134,46.23261],[-106.74173,46.23261],[-106.74173,46.23314],[-106.74289,46.23314],[-106.74289,46.23341],[-106.74328,46.23341],[-106.74328,46.23503],[-106.74367,46.23503],[-106.74367,46.23557],[-106.74289,46.23557],[-106.74289,46.23611],[-106.74251,46.23611],[-106.74251,46.23638],[-106.74328,46.23665],[-106.74328,46.23692],[-106.74367,46.23692],[-106.74367,46.23719],[-106.74406,46.23719],[-106.74406,46.23773],[-106.74367,46.23773],[-106.74367,46.23827],[-106.74134,46.23827],[-106.74134,46.2388],[-106.74095,46.2388],[-106.74095,46.24096],[-106.74017,46.24123],[-106.74017,46.24204],[-106.73978,46.24204],[-106.73978,46.24258],[-106.73939,46.24258],[-106.73939,46.24312],[-106.74017,46.24339],[-106.74017,46.24312],[-106.74056,46.24312],[-106.74056,46.24285],[-106.74173,46.24285],[-106.74173,46.24339],[-106.74484,46.24339],[-106.74484,46.24366],[-106.74406,46.24366],[-106.74406,46.24419],[-106.74328,46.24419],[-106.74328,46.24473],[-106.74289,46.24473],[-106.74289,46.24527],[-106.74212,46.24527],[-106.74212,46.24554],[-106.74134,46.24581],[-106.74134,46.24608],[-106.74173,46.24608],[-106.74173,46.24662],[-106.74212,46.24662],[-106.74212,46.24689],[-106.74095,46.24689],[-106.74095,46.24743],[-106.74056,46.24743],[-106.74056,46.24797],[-106.73978,46.24797],[-106.73978,46.24851],[-106.74017,46.24851],[-106.74017,46.24878],[-106.74095,46.24878],[-106.74095,46.24958],[-106.74056,46.24958],[-106.74056,46.25012],[-106.74017,46.25012],[-106.74017,46.24958],[-106.73939,46.24958],[-106.73939,46.24905],[-106.73822,46.24905],[-106.73822,46.24878],[-106.73783,46.24878],[-106.73783,46.24851],[-106.73705,46.24851],[-106.73705,46.24878],[-106.73627,46.24878],[-106.73627,46.24931],[-106.73666,46.24931],[-106.73666,46.24985],[-106.73705,46.24985],[-106.73705,46.25039],[-106.73627,46.25039],[-106.73627,46.25012],[-106.73588,46.25012],[-106.73588,46.25066],[-106.7351,46.25066],[-106.7351,46.25093],[-106.73432,46.25093],[-106.73432,46.2512],[-106.73354,46.2512],[-106.73354,46.25147],[-106.73121,46.2512],[-106.73121,46.25201],[-106.73082,46.25201],[-106.73082,46.25228],[-106.73004,46.25228],[-106.73004,46.25201],[-106.72965,46.25201],[-106.72965,46.2512],[-106.72926,46.2512],[-106.72926,46.25093],[-106.72848,46.25066],[-106.72848,46.24985],[-106.72809,46.24985],[-106.72809,46.25012],[-106.72731,46.25012],[-106.72731,46.25093],[-106.72653,46.2512],[-106.72653,46.25174],[-106.72536,46.25174],[-106.72536,46.2512],[-106.72497,46.2512],[-106.72497,46.25093],[-106.7238,46.25093],[-106.7238,46.25039],[-106.72341,46.25039],[-106.72341,46.24851],[-106.72497,46.24851],[-106.72497,46.24824],[-106.72536,46.24824],[-106.72536,46.24743],[-106.72575,46.24743],[-106.72575,46.24689],[-106.72536,46.24689],[-106.72536,46.24662],[-106.72497,46.24662],[-106.72497,46.24635],[-106.72419,46.24608],[-106.72419,46.24446],[-106.72341,46.24419],[-106.72341,46.24446],[-106.72263,46.24473],[-106.72263,46.24527],[-106.72224,46.24527],[-106.72224,46.24608],[-106.72185,46.24608],[-106.72185,46.24716],[-106.72146,46.24716],[-106.72146,46.2477],[-106.72107,46.2477],[-106.72107,46.24797],[-106.72068,46.24797],[-106.72068,46.24824],[-106.72029,46.24824],[-106.72029,46.24878],[-106.7199,46.24878],[-106.7199,46.24985],[-106.71952,46.24985],[-106.71952,46.25066],[-106.71913,46.25066],[-106.71913,46.25093],[-106.71952,46.25093],[-106.71952,46.2512],[-106.7199,46.2512],[-106.7199,46.25174],[-106.72029,46.25174],[-106.72029,46.25228],[-106.71484,46.25255],[-106.71484,46.25282],[-106.71367,46.25282],[-106.71367,46.25309],[-106.71211,46.25309],[-106.71211,46.25336],[-106.70783,46.25336],[-106.70783,46.25363],[-106.70471,46.25363],[-106.70471,46.2539],[-106.70393,46.2539],[-106.70393,46.25417],[-106.70198,46.25417],[-106.70198,46.25443],[-106.70081,46.25443],[-106.70081,46.25417],[-106.69964,46.25417],[-106.69964,46.25443],[-106.6973,46.25443],[-106.6973,46.25417],[-106.69458,46.25417],[-106.69458,46.2547],[-106.6938,46.25497],[-106.6938,46.25524],[-106.69263,46.25524],[-106.69263,46.25497],[-106.69185,46.25497],[-106.69185,46.25551],[-106.69107,46.25578],[-106.69107,46.25605],[-106.69029,46.25605],[-106.69029,46.25632],[-106.68912,46.25632],[-106.68912,46.25605],[-106.68795,46.25605],[-106.68795,46.25632],[-106.68639,46.25632],[-106.68639,46.25605],[-106.68484,46.25605],[-106.68484,46.25632],[-106.68367,46.25632],[-106.68367,46.25605],[-106.68133,46.25605],[-106.68133,46.25578],[-106.68094,46.25578],[-106.68094,46.25551],[-106.68016,46.25551],[-106.68016,46.25497],[-106.67821,46.25497],[-106.67821,46.25524],[-106.67743,46.25497],[-106.67743,46.25524],[-106.67704,46.25524],[-106.67704,46.25497],[-106.67587,46.25497],[-106.67587,46.25417],[-106.67626,46.25417],[-106.67626,46.25363],[-106.67431,46.25363],[-106.67431,46.25336],[-106.67393,46.25336],[-106.67393,46.25309],[-106.67354,46.25309],[-106.67354,46.25363],[-106.67393,46.25363],[-106.67393,46.2539],[-106.67276,46.2539],[-106.67276,46.25417],[-106.67237,46.25417],[-106.67237,46.25497],[-106.67276,46.25497],[-106.67276,46.25524],[-106.67198,46.25524],[-106.67198,46.25497],[-106.67159,46.25497],[-106.67159,46.2539],[-106.6712,46.2539],[-106.6712,46.25336],[-106.67081,46.25336],[-106.67081,46.25282],[-106.67042,46.25282],[-106.67042,46.25255],[-106.67081,46.25255],[-106.67081,46.25228],[-106.67042,46.25228],[-106.67042,46.2512],[-106.67081,46.2512],[-106.67081,46.25093],[-106.67237,46.25093],[-106.67237,46.25066],[-106.67198,46.25066],[-106.67198,46.24985],[-106.67237,46.24985],[-106.67237,46.24878],[-106.67276,46.24878],[-106.67276,46.24851],[-106.67315,46.24851],[-106.67315,46.24824],[-106.67626,46.24824],[-106.67626,46.24743],[-106.67665,46.24743],[-106.67665,46.24635],[-106.67704,46.24635],[-106.67704,46.24608],[-106.67782,46.24608],[-106.67782,46.24635],[-106.67743,46.24635],[-106.67743,46.24662],[-106.67821,46.24662],[-106.67821,46.24689],[-106.67977,46.24689],[-106.67977,46.24635],[-106.6786,46.24635],[-106.6786,46.24608],[-106.67821,46.24608],[-106.67821,46.24581],[-106.67938,46.24581],[-106.67938,46.24554],[-106.67977,46.24554],[-106.67977,46.24473],[-106.67938,46.24473],[-106.67938,46.24419],[-106.68055,46.24419],[-106.68055,46.24366],[-106.68211,46.24392],[-106.68211,46.24366],[-106.68133,46.24339],[-106.68133,46.24258],[-106.6825,46.24258],[-106.6825,46.24285],[-106.68289,46.24285],[-106.68289,46.24312],[-106.68406,46.24312],[-106.68406,46.24231],[-106.68445,46.24231],[-106.68445,46.24204],[-106.68484,46.24204],[-106.68484,46.24177],[-106.68717,46.24177],[-106.68717,46.24123],[-106.68678,46.24123],[-106.68678,46.24069],[-106.68639,46.24069],[-106.68639,46.23988],[-106.68717,46.24015],[-106.68717,46.24042],[-106.68873,46.24042],[-106.68873,46.23934],[-106.68912,46.23934],[-106.68912,46.23853],[-106.69029,46.23853]],[[-106.68055,46.24446],[-106.68094,46.24446],[-106.68094,46.24419],[-106.68055,46.24419],[-106.68055,46.24446]],[[-106.68873,46.24069],[-106.68912,46.24069],[-106.68912,46.24042],[-106.68873,46.24042],[-106.68873,46.24069]],[[-106.68172,46.2547],[-106.68172,46.25443],[-106.68133,46.25443],[-106.68133,46.25417],[-106.68055,46.25417],[-106.68055,46.2547],[-106.68133,46.2547],[-106.68133,46.25497],[-106.68172,46.25497],[-106.68172,46.25551],[-106.68406,46.25551],[-106.68406,46.25497],[-106.68328,46.25497],[-106.68328,46.2547],[-106.68172,46.2547]],[[-106.68873,46.25497],[-106.68834,46.25497],[-106.68834,46.25524],[-106.68951,46.25524],[-106.68951,46.25497],[-106.68912,46.25497],[-106.68912,46.25443],[-106.68873,46.25443],[-106.68873,46.25497]],[[-106.6899,46.25497],[-106.6899,46.2547],[-106.69146,46.2547],[-106.69146,46.25417],[-106.69107,46.25417],[-106.69107,46.25443],[-106.68951,46.25443],[-106.68951,46.25497],[-106.6899,46.25497]],[[-106.67704,46.25228],[-106.67704,46.25282],[-106.67782,46.25255],[-106.67782,46.25228],[-106.67704,46.25228]],[[-106.67276,46.25174],[-106.67276,46.25255],[-106.67354,46.25255],[-106.67354,46.25228],[-106.67315,46.25228],[-106.67315,46.25174],[-106.67276,46.25174]],[[-106.67587,46.24931],[-106.67587,46.24905],[-106.67548,46.24905],[-106.67548,46.24931],[-106.67587,46.24931]],[[-106.69886,46.245],[-106.69886,46.24473],[-106.69847,46.24473],[-106.69847,46.245],[-106.69886,46.245]],[[-106.74328,46.23773],[-106.74328,46.23719],[-106.74289,46.23719],[-106.74289,46.23773],[-106.74328,46.23773]],[[-106.70627,46.23557],[-106.70627,46.2353],[-106.70588,46.2353],[-106.70588,46.23557],[-106.70627,46.23557]],[[-106.71445,46.2318],[-106.71445,46.23153],[-106.71367,46.23153],[-106.71367,46.2318],[-106.71445,46.2318]],[[-106.69614,46.22856],[-106.69614,46.22883],[-106.69692,46.22883],[-106.69692,46.2291],[-106.69847,46.22883],[-106.69847,46.22856],[-106.69614,46.22856]],[[-106.7351,46.22452],[-106.7351,46.22425],[-106.73432,46.22425],[-106.73432,46.22452],[-106.7351,46.22452]],[[-106.70822,46.21805],[-106.70822,46.21778],[-106.70899,46.21751],[-106.70899,46.21698],[-106.70977,46.21698],[-106.70977,46.21644],[-106.71016,46.21644],[-106.71016,46.21563],[-106.70977,46.21563],[-106.70977,46.21536],[-106.7086,46.21536],[-106.7086,46.21563],[-106.70783,46.21563],[-106.70783,46.21671],[-106.70744,46.21671],[-106.70744,46.21698],[-106.70627,46.21698],[-106.70627,46.21724],[-106.70588,46.21724],[-106.70588,46.21805],[-106.70627,46.21805],[-106.70627,46.21859],[-106.70666,46.21859],[-106.70666,46.21886],[-106.70705,46.21886],[-106.70705,46.21859],[-106.70783,46.21859],[-106.70783,46.21805],[-106.70822,46.21805]]],[[[-106.66886,46.2477],[-106.66886,46.24797],[-106.66847,46.24797],[-106.66847,46.2477],[-106.66886,46.2477]]],[[[-106.66808,46.24851],[-106.6673,46.24851],[-106.6673,46.24824],[-106.66808,46.24824],[-106.66808,46.24851]]],[[[-106.67315,46.25551],[-106.67276,46.25551],[-106.67276,46.25524],[-106.67315,46.25524],[-106.67315,46.25551]]]]},"properties":{"layer":"predicted_reach_h16","fire_name":"Valley","irwin_id":"{5E97EF7C-2039-44B3-8665-ADB0336B5488}","model":"arrival_run","checkpoint_epoch":216,"decode":"connected_causal","operating_point":{"floor":0.0,"mult":0.9},"val_precision":null,"val_recall":null,"model_caveat":"arrival_run chosen for best RECALL among the six FlameFlux v3 candidates on the production-valid t0-window corpus (R=0.624 on the fc2 held-out fires, R=0.432 on Dillon -- see candidate_comparison.md from the 2026-07-24 comparison). It does NOT meet the project's P>=0.50/R>=0.80 target: precision is the WORST of the six (P=0.120 on fc2 -- most flagged growth is wrong), and wind_run actually edges it on F1. IMPORTANT CAVEAT: arrival_run trained on the leaky 'observed' corpus (crop centered/sized on t0|t1, i.e. it saw the future perimeter's geometry during training) and has NEVER seen a t0-window crop -- the ONLY geometry this live pipeline can ever produce at forecast time (the future perimeter is, by definition, unknown). So every live prediction from this model is out-of-distribution relative to its own training. The measured t0-window numbers above already reflect that (they are not a surprise), but this is 'best available', not 'production-ready' -- represent it that way. The operating_point (floor=0.0, mult=0.9) is the VAL-selected connected-causal decode point; it did NOT clear the 0.50 precision floor during selection (feasible=False, val P=0.270/R=0.259) -- it's the best-F1 fallback point, not a precision-guaranteed one.","issued_at_utc":"2026-08-20 13:46:34.611898+00:00","valid_from_utc":"2026-08-20 00:00:00","valid_to_utc":"2026-08-21 00:00:00","wfigs_date_current_utc":"2026-08-20 12:05:00+00:00","pixel_size_m":30,"veg_source":"refreshed_d4","physics_source":"eikonal_fbfm40","history_n_dates":1,"degraded_history":true,"containment_pct":0.0,"acres_wfigs":224.5330361499428,"hour":16,"valid_at_utc":"2026-08-20 16:00:00"}},{"type":"Feature","geometry":{"type":"MultiPolygon","coordinates":[[[[-106.69068,46.21051],[-106.69068,46.21078],[-106.69029,46.21078],[-106.69029,46.21051],[-106.69068,46.21051]]],[[[-106.71952,46.21374],[-106.71952,46.21293],[-106.7199,46.21293],[-106.7199,46.21266],[-106.72068,46.21239],[-106.72068,46.21212],[-106.72146,46.21212],[-106.72146,46.21266],[-106.72068,46.21293],[-106.72068,46.21401],[-106.7199,46.21401],[-106.7199,46.21374],[-106.71952,46.21374]]],[[[-106.72614,46.21671],[-106.72614,46.21644],[-106.72497,46.21644],[-106.72497,46.21617],[-106.72458,46.21617],[-106.72458,46.2159],[-106.72419,46.2159],[-106.72419,46.21536],[-106.72497,46.21536],[-106.72497,46.21563],[-106.72614,46.21563],[-106.72614,46.2159],[-106.72692,46.2159],[-106.72692,46.21563],[-106.7277,46.2159],[-106.7277,46.21671],[-106.72731,46.21671],[-106.72731,46.21724],[-106.72653,46.21724],[-106.72653,46.21671],[-106.72614,46.21671]]],[[[-106.73276,46.22075],[-106.73276,46.22102],[-106.73237,46.22102],[-106.73237,46.22075],[-106.73276,46.22075]]],[[[-106.72614,46.22075],[-106.72614,46.22021],[-106.72653,46.22021],[-106.72653,46.21994],[-106.72809,46.21994],[-106.72809,46.22021],[-106.72887,46.22021],[-106.72887,46.22048],[-106.72848,46.22048],[-106.72848,46.22156],[-106.72809,46.22156],[-106.72809,46.2221],[-106.7277,46.2221],[-106.7277,46.22237],[-106.72809,46.22237],[-106.72809,46.2229],[-106.72848,46.2229],[-106.72848,46.22263],[-106.72887,46.22263],[-106.72887,46.22237],[-106.73121,46.22263],[-106.73121,46.22237],[-106.73198,46.22237],[-106.73198,46.2221],[-106.73393,46.2221],[-106.73393,46.22237],[-106.73471,46.22237],[-106.73471,46.22263],[-106.7351,46.22263],[-106.7351,46.2229],[-106.73588,46.2229],[-106.73588,46.22317],[-106.73627,46.22317],[-106.73627,46.22371],[-106.73588,46.22371],[-106.73588,46.22425],[-106.73627,46.22425],[-106.73627,46.22533],[-106.73588,46.22533],[-106.73588,46.22614],[-106.73627,46.22614],[-106.73627,46.22695],[-106.73666,46.22695],[-106.73666,46.22776],[-106.73783,46.22776],[-106.73783,46.22749],[-106.73861,46.22722],[-106.73861,46.22695],[-106.73939,46.22695],[-106.73939,46.22722],[-106.73978,46.22722],[-106.73978,46.22829],[-106.74017,46.22829],[-106.74017,46.22883],[-106.73783,46.22883],[-106.73783,46.2291],[-106.73744,46.2291],[-106.73744,46.22991],[-106.73705,46.22991],[-106.73705,46.23018],[-106.73783,46.23045],[-106.73783,46.23072],[-106.73822,46.23072],[-106.73822,46.23099],[-106.739,46.23099],[-106.739,46.23126],[-106.73939,46.23126],[-106.73939,46.23099],[-106.74017,46.23099],[-106.74017,46.23153],[-106.73978,46.23153],[-106.73978,46.2318],[-106.74017,46.2318],[-106.74017,46.23207],[-106.74212,46.23207],[-106.74212,46.23314],[-106.74367,46.23314],[-106.74367,46.23395],[-106.74328,46.23395],[-106.74328,46.23422],[-106.74367,46.23422],[-106.74367,46.23449],[-106.74328,46.23449],[-106.74328,46.23476],[-106.74367,46.23476],[-106.74367,46.2353],[-106.74406,46.2353],[-106.74406,46.23584],[-106.74289,46.23584],[-106.74289,46.23638],[-106.74367,46.23665],[-106.74367,46.23692],[-106.74406,46.23692],[-106.74406,46.238],[-106.74367,46.238],[-106.74367,46.23827],[-106.74289,46.23827],[-106.74289,46.23853],[-106.74173,46.23853],[-106.74173,46.2388],[-106.74134,46.2388],[-106.74134,46.24015],[-106.74173,46.24015],[-106.74173,46.24042],[-106.74134,46.24042],[-106.74134,46.24069],[-106.74056,46.24096],[-106.74056,46.2415],[-106.74017,46.2415],[-106.74017,46.24177],[-106.74056,46.24177],[-106.74056,46.24204],[-106.74017,46.24204],[-106.74017,46.24258],[-106.73978,46.24258],[-106.73978,46.24285],[-106.74056,46.24285],[-106.74056,46.24258],[-106.74134,46.24258],[-106.74134,46.24285],[-106.74445,46.24285],[-106.74445,46.24312],[-106.74484,46.24312],[-106.74484,46.24339],[-106.74523,46.24339],[-106.74523,46.24366],[-106.74445,46.24392],[-106.74445,46.24419],[-106.74367,46.24419],[-106.74367,46.24473],[-106.74328,46.24473],[-106.74328,46.24527],[-106.74289,46.24527],[-106.74289,46.24554],[-106.74212,46.24581],[-106.74212,46.24716],[-106.74173,46.24716],[-106.74173,46.24689],[-106.74095,46.24716],[-106.74095,46.24797],[-106.74134,46.24797],[-106.74134,46.24824],[-106.74251,46.24824],[-106.74251,46.24851],[-106.74212,46.24851],[-106.74212,46.24905],[-106.74134,46.24905],[-106.74134,46.24958],[-106.74095,46.24958],[-106.74095,46.25012],[-106.74056,46.25012],[-106.74056,46.25066],[-106.739,46.25066],[-106.739,46.25012],[-106.73861,46.25012],[-106.73861,46.24958],[-106.73822,46.24958],[-106.73822,46.24905],[-106.73666,46.24905],[-106.73666,46.24931],[-106.73744,46.24931],[-106.73744,46.24985],[-106.73822,46.24985],[-106.73822,46.25012],[-106.73744,46.25012],[-106.73744,46.25066],[-106.73588,46.25066],[-106.73588,46.25093],[-106.73549,46.25093],[-106.73549,46.2512],[-106.73393,46.2512],[-106.73393,46.25147],[-106.73354,46.25147],[-106.73354,46.25174],[-106.73121,46.25174],[-106.73121,46.25228],[-106.72926,46.25228],[-106.72926,46.25174],[-106.72965,46.25174],[-106.72965,46.2512],[-106.72848,46.2512],[-106.72848,46.25012],[-106.7277,46.25012],[-106.7277,46.25093],[-106.72731,46.25093],[-106.72731,46.2512],[-106.72692,46.2512],[-106.72692,46.25147],[-106.72653,46.25147],[-106.72653,46.25201],[-106.72575,46.25228],[-106.72575,46.25201],[-106.72497,46.25174],[-106.72497,46.25093],[-106.7238,46.25093],[-106.7238,46.25066],[-106.72341,46.25066],[-106.72341,46.24851],[-106.72497,46.24851],[-106.72497,46.24824],[-106.72536,46.24824],[-106.72536,46.24662],[-106.72497,46.24662],[-106.72497,46.24635],[-106.72419,46.24635],[-106.72419,46.24446],[-106.72341,46.24419],[-106.72341,46.24446],[-106.72263,46.24473],[-106.72263,46.24554],[-106.72224,46.24554],[-106.72224,46.24608],[-106.72185,46.24608],[-106.72185,46.24716],[-106.72146,46.24716],[-106.72146,46.2477],[-106.72107,46.2477],[-106.72107,46.24797],[-106.72068,46.24797],[-106.72068,46.24851],[-106.7199,46.24878],[-106.7199,46.24985],[-106.71952,46.24985],[-106.71952,46.2512],[-106.72029,46.25147],[-106.72029,46.25228],[-106.71796,46.25228],[-106.71796,46.25255],[-106.71484,46.25255],[-106.71484,46.25282],[-106.71406,46.25282],[-106.71406,46.25309],[-106.71211,46.25309],[-106.71211,46.25336],[-106.70822,46.25336],[-106.70822,46.25363],[-106.7051,46.25363],[-106.7051,46.2539],[-106.70393,46.2539],[-106.70393,46.25417],[-106.70237,46.25417],[-106.70237,46.25443],[-106.70042,46.25443],[-106.70042,46.25417],[-106.69964,46.25417],[-106.69964,46.25443],[-106.69497,46.25417],[-106.69497,46.25443],[-106.69458,46.25443],[-106.69458,46.2547],[-106.6938,46.25497],[-106.6938,46.25524],[-106.69263,46.25524],[-106.69263,46.25497],[-106.69185,46.25497],[-106.69185,46.25551],[-106.69146,46.25551],[-106.69146,46.25605],[-106.69029,46.25605],[-106.69029,46.25632],[-106.68912,46.25632],[-106.68912,46.25605],[-106.68834,46.25605],[-106.68834,46.25632],[-106.686,46.25632],[-106.686,46.25605],[-106.68523,46.25605],[-106.68523,46.25632],[-106.68328,46.25632],[-106.68328,46.25605],[-106.68133,46.25605],[-106.68133,46.25578],[-106.68094,46.25578],[-106.68094,46.25551],[-106.68016,46.25551],[-106.68016,46.25497],[-106.67821,46.25497],[-106.67821,46.25524],[-106.67743,46.25497],[-106.67743,46.25524],[-106.67704,46.25524],[-106.67704,46.25497],[-106.67587,46.25497],[-106.67587,46.25417],[-106.67626,46.25417],[-106.67626,46.25363],[-106.67431,46.25363],[-106.67431,46.25336],[-106.67393,46.25336],[-106.67393,46.25309],[-106.67354,46.25309],[-106.67354,46.25363],[-106.67393,46.25363],[-106.67393,46.2539],[-106.67276,46.2539],[-106.67276,46.25417],[-106.67237,46.25417],[-106.67237,46.25497],[-106.67276,46.25497],[-106.67276,46.25524],[-106.67315,46.25524],[-106.67315,46.25551],[-106.67237,46.25551],[-106.67237,46.25524],[-106.67159,46.25497],[-106.67159,46.25443],[-106.6712,46.25443],[-106.6712,46.2539],[-106.67081,46.2539],[-106.67081,46.25336],[-106.67042,46.25336],[-106.67042,46.25228],[-106.67003,46.25228],[-106.67003,46.25093],[-106.67198,46.25093],[-106.67198,46.24958],[-106.67237,46.24958],[-106.67237,46.24905],[-106.67198,46.24905],[-106.67198,46.24878],[-106.67276,46.24851],[-106.67276,46.24824],[-106.67315,46.24824],[-106.67315,46.24797],[-106.67393,46.24797],[-106.67393,46.24824],[-106.67587,46.24824],[-106.67587,46.24797],[-106.67626,46.24797],[-106.67626,46.24662],[-106.67704,46.24635],[-106.67704,46.24608],[-106.67782,46.24608],[-106.67782,46.24635],[-106.67743,46.24635],[-106.67743,46.24662],[-106.67821,46.24662],[-106.67821,46.24689],[-106.67977,46.24689],[-106.67977,46.24635],[-106.6786,46.24635],[-106.6786,46.24608],[-106.67821,46.24608],[-106.67821,46.24581],[-106.67899,46.24581],[-106.67899,46.24554],[-106.67938,46.24554],[-106.67938,46.24419],[-106.68055,46.24419],[-106.68055,46.24366],[-106.68211,46.24392],[-106.68211,46.24366],[-106.68133,46.24339],[-106.68133,46.24258],[-106.6825,46.24258],[-106.6825,46.24285],[-106.68289,46.24285],[-106.68289,46.24312],[-106.68406,46.24312],[-106.68406,46.24231],[-106.68445,46.24231],[-106.68445,46.24204],[-106.68484,46.24204],[-106.68484,46.24177],[-106.68717,46.24177],[-106.68717,46.24123],[-106.68678,46.24123],[-106.68678,46.24069],[-106.68639,46.24069],[-106.68639,46.23988],[-106.68717,46.24015],[-106.68717,46.24042],[-106.68873,46.24042],[-106.68873,46.23934],[-106.68912,46.23934],[-106.68912,46.23853],[-106.69068,46.23853],[-106.69068,46.2388],[-106.69146,46.2388],[-106.69146,46.23907],[-106.69185,46.23907],[-106.69185,46.23934],[-106.69224,46.23934],[-106.69224,46.23961],[-106.69302,46.23961],[-106.69302,46.23988],[-106.69341,46.23988],[-106.69341,46.23961],[-106.6938,46.23961],[-106.6938,46.2388],[-106.69419,46.2388],[-106.69419,46.23827],[-106.69458,46.23827],[-106.69458,46.23746],[-106.69419,46.23746],[-106.69419,46.23692],[-106.69341,46.23665],[-106.69341,46.23638],[-106.6938,46.23638],[-106.6938,46.23557],[-106.69341,46.23557],[-106.69341,46.23503],[-106.6938,46.23503],[-106.6938,46.23476],[-106.69458,46.23476],[-106.69458,46.23395],[-106.69536,46.23395],[-106.69536,46.23341],[-106.69497,46.23341],[-106.69497,46.23261],[-106.69536,46.23261],[-106.69536,46.23207],[-106.69614,46.23207],[-106.69614,46.23153],[-106.69536,46.23126],[-106.69536,46.22991],[-106.69497,46.22991],[-106.69497,46.2291],[-106.69458,46.2291],[-106.69458,46.22856],[-106.69536,46.22829],[-106.69536,46.22776],[-106.69497,46.22776],[-106.69497,46.22722],[-106.69536,46.22722],[-106.69536,46.22695],[-106.69847,46.22641],[-106.69847,46.22587],[-106.69808,46.22587],[-106.69808,46.2256],[-106.69847,46.2256],[-106.69847,46.22506],[-106.69886,46.22506],[-106.69886,46.22479],[-106.69808,46.22479],[-106.69808,46.22452],[-106.69769,46.22452],[-106.69769,46.22425],[-106.69653,46.22425],[-106.69653,46.22398],[-106.69614,46.22398],[-106.69614,46.22371],[-106.6973,46.22371],[-106.6973,46.22398],[-106.69808,46.22371],[-106.69808,46.2229],[-106.69769,46.2229],[-106.69769,46.22263],[-106.69653,46.22263],[-106.69653,46.22237],[-106.6973,46.2221],[-106.6973,46.22129],[-106.69769,46.22129],[-106.69769,46.22102],[-106.69808,46.22102],[-106.69808,46.22075],[-106.69886,46.22075],[-106.69886,46.21994],[-106.69692,46.21994],[-106.69692,46.21967],[-106.6973,46.21967],[-106.6973,46.21913],[-106.69769,46.21913],[-106.69769,46.21886],[-106.6973,46.21886],[-106.6973,46.21832],[-106.69692,46.21832],[-106.69692,46.21778],[-106.69614,46.21751],[-106.69614,46.21671],[-106.69692,46.21671],[-106.69692,46.21644],[-106.69653,46.21644],[-106.69653,46.2159],[-106.69536,46.2159],[-106.69536,46.21563],[-106.69497,46.21563],[-106.69497,46.21536],[-106.69341,46.21536],[-106.69341,46.21509],[-106.6938,46.21509],[-106.6938,46.21482],[-106.69497,46.21482],[-106.69497,46.21509],[-106.69575,46.21509],[-106.69575,46.21455],[-106.69614,46.21455],[-106.69614,46.21482],[-106.69692,46.21482],[-106.69692,46.21455],[-106.6973,46.21455],[-106.6973,46.21401],[-106.69653,46.21401],[-106.69653,46.21374],[-106.69575,46.21374],[-106.69575,46.21401],[-106.69536,46.21401],[-106.69536,46.21374],[-106.69458,46.21374],[-106.69458,46.21401],[-106.69419,46.21401],[-106.69419,46.21455],[-106.69341,46.21455],[-106.69341,46.21482],[-106.69263,46.21482],[-106.69263,46.21509],[-106.69224,46.21509],[-106.69224,46.21428],[-106.69263,46.21428],[-106.69263,46.21347],[-106.69302,46.21347],[-106.69302,46.21293],[-106.69263,46.21293],[-106.69263,46.21266],[-106.69302,46.21266],[-106.69302,46.21239],[-106.6938,46.21266],[-106.6938,46.2132],[-106.69536,46.2132],[-106.69536,46.21293],[-106.69614,46.21266],[-106.69614,46.2132],[-106.69653,46.2132],[-106.69653,46.21347],[-106.69692,46.21347],[-106.69692,46.21374],[-106.69847,46.21374],[-106.69847,46.21401],[-106.69808,46.21401],[-106.69808,46.21455],[-106.69886,46.21455],[-106.69886,46.21347],[-106.69925,46.21347],[-106.69925,46.2132],[-106.69886,46.2132],[-106.69886,46.21266],[-106.70042,46.21266],[-106.70042,46.21293],[-106.70081,46.21293],[-106.70081,46.21266],[-106.7012,46.21266],[-106.7012,46.21105],[-106.70159,46.21105],[-106.70159,46.21078],[-106.70198,46.21078],[-106.70198,46.21105],[-106.70276,46.21132],[-106.70276,46.21159],[-106.70432,46.21159],[-106.70432,46.21132],[-106.70471,46.21132],[-106.70471,46.21105],[-106.70549,46.21105],[-106.70549,46.21051],[-106.70588,46.21051],[-106.70588,46.20943],[-106.70666,46.20943],[-106.70666,46.21105],[-106.70705,46.21105],[-106.70705,46.21159],[-106.70744,46.21159],[-106.70744,46.2132],[-106.70783,46.2132],[-106.70783,46.21428],[-106.7086,46.21428],[-106.7086,46.21455],[-106.70977,46.21455],[-106.70977,46.21428],[-106.71055,46.21428],[-106.71055,46.21455],[-106.71094,46.21455],[-106.71094,46.21482],[-106.71211,46.21482],[-106.71211,46.21509],[-106.7125,46.21509],[-106.7125,46.21536],[-106.71328,46.21536],[-106.71328,46.21563],[-106.71367,46.21563],[-106.71367,46.2159],[-106.71484,46.2159],[-106.71484,46.21563],[-106.71562,46.21536],[-106.71562,46.21509],[-106.71601,46.21509],[-106.71601,46.21482],[-106.7164,46.21482],[-106.7164,46.21455],[-106.71601,46.21455],[-106.71601,46.21428],[-106.71718,46.21428],[-106.71718,46.21482],[-106.71757,46.21482],[-106.71757,46.21509],[-106.71796,46.21509],[-106.71796,46.21536],[-106.71835,46.21536],[-106.71835,46.21563],[-106.71952,46.21563],[-106.71952,46.2159],[-106.7199,46.2159],[-106.7199,46.21536],[-106.72029,46.21536],[-106.72029,46.21509],[-106.72185,46.21509],[-106.72185,46.21536],[-106.72224,46.21536],[-106.72224,46.2159],[-106.72263,46.2159],[-106.72263,46.21644],[-106.72302,46.21644],[-106.72302,46.21671],[-106.7238,46.21698],[-106.7238,46.21778],[-106.72302,46.21778],[-106.72302,46.21832],[-106.72185,46.21832],[-106.72185,46.21805],[-106.72224,46.21805],[-106.72224,46.21778],[-106.72185,46.21778],[-106.72185,46.21751],[-106.72224,46.21751],[-106.72224,46.21671],[-106.72185,46.21671],[-106.72185,46.21617],[-106.7199,46.21617],[-106.7199,46.21698],[-106.72029,46.21698],[-106.72029,46.21751],[-106.72107,46.21751],[-106.72107,46.21805],[-106.72146,46.21805],[-106.72146,46.21832],[-106.72107,46.21832],[-106.72107,46.21859],[-106.72458,46.21859],[-106.72458,46.21913],[-106.72419,46.21913],[-106.72419,46.2194],[-106.72341,46.2194],[-106.72341,46.21994],[-106.72263,46.21994],[-106.72263,46.22048],[-106.7238,46.22048],[-106.7238,46.22075],[-106.72614,46.22075]],[[-106.68055,46.24446],[-106.68094,46.24446],[-106.68094,46.24419],[-106.68055,46.24419],[-106.68055,46.24446]],[[-106.68873,46.24069],[-106.68912,46.24069],[-106.68912,46.24042],[-106.68873,46.24042],[-106.68873,46.24069]],[[-106.72185,46.22048],[-106.72185,46.22075],[-106.72263,46.22075],[-106.72263,46.22048],[-106.72185,46.22048]],[[-106.68328,46.2547],[-106.68172,46.2547],[-106.68172,46.25443],[-106.68133,46.25443],[-106.68133,46.25417],[-106.68055,46.25417],[-106.68055,46.2547],[-106.68133,46.2547],[-106.68133,46.25497],[-106.68172,46.25497],[-106.68172,46.25551],[-106.68406,46.25551],[-106.68406,46.25497],[-106.68328,46.25497],[-106.68328,46.2547]],[[-106.68873,46.25443],[-106.68873,46.25497],[-106.68834,46.25497],[-106.68834,46.25524],[-106.68951,46.25524],[-106.68951,46.25497],[-106.68912,46.25497],[-106.68912,46.25443],[-106.68873,46.25443]],[[-106.6899,46.25497],[-106.6899,46.2547],[-106.69146,46.2547],[-106.69146,46.25417],[-106.69107,46.25417],[-106.69107,46.25443],[-106.68951,46.25443],[-106.68951,46.25497],[-106.6899,46.25497]],[[-106.67782,46.25228],[-106.67704,46.25228],[-106.67704,46.25282],[-106.67782,46.25255],[-106.67782,46.25228]],[[-106.67315,46.25174],[-106.67276,46.25174],[-106.67276,46.25255],[-106.67354,46.25255],[-106.67354,46.25228],[-106.67315,46.25228],[-106.67315,46.25174]],[[-106.73978,46.25039],[-106.74017,46.25039],[-106.74017,46.25012],[-106.73978,46.25012],[-106.73978,46.25039]],[[-106.67548,46.24931],[-106.67587,46.24931],[-106.67587,46.24905],[-106.67548,46.24905],[-106.67548,46.24931]],[[-106.69847,46.245],[-106.69886,46.245],[-106.69886,46.24473],[-106.69847,46.24473],[-106.69847,46.245]],[[-106.74289,46.23773],[-106.74328,46.23773],[-106.74328,46.23719],[-106.74289,46.23719],[-106.74289,46.23773]],[[-106.70588,46.23557],[-106.70627,46.23557],[-106.70627,46.2353],[-106.70588,46.2353],[-106.70588,46.23557]],[[-106.69847,46.22856],[-106.69614,46.22856],[-106.69614,46.22883],[-106.69769,46.2291],[-106.69769,46.22883],[-106.69847,46.22883],[-106.69847,46.22856]],[[-106.70783,46.21778],[-106.7086,46.21751],[-106.7086,46.21724],[-106.70899,46.21724],[-106.70899,46.21698],[-106.70938,46.21698],[-106.70938,46.21644],[-106.70977,46.21644],[-106.70977,46.21563],[-106.70899,46.21563],[-106.70899,46.2159],[-106.7086,46.2159],[-106.7086,46.21617],[-106.70822,46.21617],[-106.70822,46.21671],[-106.70783,46.21671],[-106.70783,46.21724],[-106.70744,46.21724],[-106.70744,46.21751],[-106.70705,46.21751],[-106.70705,46.21724],[-106.70627,46.21751],[-106.70627,46.21805],[-106.70705,46.21832],[-106.70705,46.21859],[-106.70744,46.21859],[-106.70744,46.21805],[-106.70783,46.21805],[-106.70783,46.21778]],[[-106.69847,46.21536],[-106.69886,46.21536],[-106.69886,46.21482],[-106.69808,46.21509],[-106.69808,46.21536],[-106.69769,46.21536],[-106.69769,46.21563],[-106.6973,46.21563],[-106.6973,46.2159],[-106.69808,46.2159],[-106.69808,46.21563],[-106.69847,46.21563],[-106.69847,46.21536]]],[[[-106.69341,46.23611],[-106.69341,46.23638],[-106.69302,46.23638],[-106.69302,46.23611],[-106.69341,46.23611]]],[[[-106.74367,46.24069],[-106.74367,46.24096],[-106.74445,46.24069],[-106.74445,46.2415],[-106.74328,46.2415],[-106.74328,46.24069],[-106.74367,46.24069]]],[[[-106.6673,46.24878],[-106.66652,46.24851],[-106.66652,46.24797],[-106.66691,46.24797],[-106.66691,46.2477],[-106.66769,46.24797],[-106.66769,46.2477],[-106.66847,46.2477],[-106.66847,46.24743],[-106.66925,46.24743],[-106.66925,46.24716],[-106.66964,46.24716],[-106.66964,46.24797],[-106.66925,46.24797],[-106.66925,46.24824],[-106.66847,46.24851],[-106.66847,46.24931],[-106.66886,46.24931],[-106.66886,46.24958],[-106.66769,46.24958],[-106.66769,46.24905],[-106.6673,46.24905],[-106.6673,46.24878]]],[[[-106.72809,46.25147],[-106.72887,46.25147],[-106.72887,46.25228],[-106.72809,46.25201],[-106.72809,46.25147]]]]},"properties":{"layer":"predicted_reach_h17","fire_name":"Valley","irwin_id":"{5E97EF7C-2039-44B3-8665-ADB0336B5488}","model":"arrival_run","checkpoint_epoch":216,"decode":"connected_causal","operating_point":{"floor":0.0,"mult":0.9},"val_precision":null,"val_recall":null,"model_caveat":"arrival_run chosen for best RECALL among the six FlameFlux v3 candidates on the production-valid t0-window corpus (R=0.624 on the fc2 held-out fires, R=0.432 on Dillon -- see candidate_comparison.md from the 2026-07-24 comparison). It does NOT meet the project's P>=0.50/R>=0.80 target: precision is the WORST of the six (P=0.120 on fc2 -- most flagged growth is wrong), and wind_run actually edges it on F1. IMPORTANT CAVEAT: arrival_run trained on the leaky 'observed' corpus (crop centered/sized on t0|t1, i.e. it saw the future perimeter's geometry during training) and has NEVER seen a t0-window crop -- the ONLY geometry this live pipeline can ever produce at forecast time (the future perimeter is, by definition, unknown). So every live prediction from this model is out-of-distribution relative to its own training. The measured t0-window numbers above already reflect that (they are not a surprise), but this is 'best available', not 'production-ready' -- represent it that way. The operating_point (floor=0.0, mult=0.9) is the VAL-selected connected-causal decode point; it did NOT clear the 0.50 precision floor during selection (feasible=False, val P=0.270/R=0.259) -- it's the best-F1 fallback point, not a precision-guaranteed one.","issued_at_utc":"2026-08-20 13:46:34.611898+00:00","valid_from_utc":"2026-08-20 00:00:00","valid_to_utc":"2026-08-21 00:00:00","wfigs_date_current_utc":"2026-08-20 12:05:00+00:00","pixel_size_m":30,"veg_source":"refreshed_d4","physics_source":"eikonal_fbfm40","history_n_dates":1,"degraded_history":true,"containment_pct":0.0,"acres_wfigs":224.5330361499428,"hour":17,"valid_at_utc":"2026-08-20 17:00:00"}},{"type":"Feature","geometry":{"type":"MultiPolygon","coordinates":[[[[-106.71562,46.21051],[-106.71562,46.21078],[-106.71523,46.21078],[-106.71523,46.21051],[-106.71562,46.21051]]],[[[-106.69769,46.21266],[-106.6973,46.21266],[-106.6973,46.21239],[-106.69769,46.21239],[-106.69769,46.21266]]],[[[-106.73432,46.21994],[-106.73393,46.21994],[-106.73393,46.21967],[-106.73432,46.21967],[-106.73432,46.2194],[-106.7351,46.2194],[-106.7351,46.22048],[-106.73471,46.22048],[-106.73471,46.22021],[-106.73432,46.22021],[-106.73432,46.21994]]],[[[-106.73315,46.22102],[-106.73198,46.22102],[-106.73198,46.22075],[-106.73159,46.22075],[-106.73159,46.22048],[-106.73237,46.22048],[-106.73237,46.22075],[-106.73354,46.22075],[-106.73354,46.22102],[-106.73432,46.22102],[-106.73432,46.22129],[-106.7351,46.22129],[-106.7351,46.22156],[-106.73354,46.22156],[-106.73354,46.22129],[-106.73315,46.22129],[-106.73315,46.22102]]],[[[-106.69068,46.23853],[-106.69068,46.2388],[-106.69146,46.2388],[-106.69146,46.23907],[-106.69185,46.23907],[-106.69185,46.23934],[-106.69224,46.23934],[-106.69224,46.23961],[-106.6938,46.23961],[-106.6938,46.2388],[-106.69419,46.2388],[-106.69419,46.23827],[-106.69458,46.23827],[-106.69458,46.23773],[-106.69419,46.23773],[-106.69419,46.23719],[-106.6938,46.23719],[-106.6938,46.23665],[-106.69341,46.23665],[-106.69341,46.23638],[-106.6938,46.23638],[-106.6938,46.23557],[-106.69341,46.23557],[-106.69341,46.23503],[-106.6938,46.23503],[-106.6938,46.23476],[-106.69458,46.23449],[-106.69458,46.23395],[-106.69536,46.23395],[-106.69536,46.23341],[-106.69497,46.23341],[-106.69497,46.23261],[-106.69536,46.23261],[-106.69536,46.23207],[-106.69614,46.23207],[-106.69614,46.23153],[-106.69536,46.23126],[-106.69536,46.22991],[-106.69497,46.22991],[-106.69497,46.2291],[-106.69458,46.2291],[-106.69458,46.22856],[-106.69536,46.22829],[-106.69536,46.22776],[-106.69497,46.22776],[-106.69497,46.22722],[-106.69536,46.22722],[-106.69536,46.22695],[-106.69614,46.22695],[-106.69614,46.22668],[-106.69769,46.22668],[-106.69769,46.22641],[-106.69847,46.22641],[-106.69847,46.22587],[-106.69808,46.22587],[-106.69808,46.2256],[-106.69847,46.2256],[-106.69847,46.22506],[-106.69886,46.22506],[-106.69886,46.22479],[-106.69808,46.22479],[-106.69808,46.22452],[-106.69769,46.22452],[-106.69769,46.22425],[-106.69653,46.22425],[-106.69653,46.22398],[-106.69614,46.22398],[-106.69614,46.22371],[-106.6973,46.22371],[-106.6973,46.22398],[-106.69808,46.22371],[-106.69808,46.2229],[-106.69769,46.2229],[-106.69769,46.22263],[-106.69653,46.22263],[-106.69653,46.22237],[-106.6973,46.2221],[-106.6973,46.22129],[-106.69769,46.22129],[-106.69769,46.22102],[-106.69808,46.22102],[-106.69808,46.22075],[-106.69886,46.22075],[-106.69886,46.21994],[-106.69692,46.21994],[-106.69692,46.21967],[-106.6973,46.21967],[-106.6973,46.21913],[-106.69769,46.21913],[-106.69769,46.21886],[-106.6973,46.21886],[-106.6973,46.21832],[-106.69692,46.21832],[-106.69692,46.21778],[-106.69614,46.21751],[-106.69614,46.21671],[-106.69692,46.21671],[-106.69692,46.21644],[-106.69653,46.21644],[-106.69653,46.2159],[-106.69536,46.2159],[-106.69536,46.21563],[-106.69497,46.21563],[-106.69497,46.21536],[-106.69341,46.21536],[-106.69341,46.21509],[-106.6938,46.21509],[-106.6938,46.21482],[-106.69497,46.21482],[-106.69497,46.21509],[-106.69575,46.21509],[-106.69575,46.21455],[-106.69614,46.21455],[-106.69614,46.21482],[-106.69692,46.21482],[-106.69692,46.21455],[-106.6973,46.21455],[-106.6973,46.21401],[-106.69653,46.21401],[-106.69653,46.21374],[-106.69575,46.21374],[-106.69575,46.21401],[-106.69536,46.21401],[-106.69536,46.21374],[-106.69458,46.21374],[-106.69458,46.21401],[-106.69419,46.21401],[-106.69419,46.21455],[-106.69341,46.21455],[-106.69341,46.21482],[-106.69263,46.21482],[-106.69263,46.21509],[-106.69224,46.21509],[-106.69224,46.21428],[-106.69263,46.21428],[-106.69263,46.21266],[-106.69302,46.21266],[-106.69302,46.21239],[-106.6938,46.21212],[-106.6938,46.21293],[-106.69458,46.21293],[-106.69458,46.2132],[-106.69497,46.2132],[-106.69497,46.21293],[-106.69575,46.21266],[-106.69575,46.21239],[-106.69614,46.21239],[-106.69614,46.21212],[-106.69692,46.21212],[-106.69692,46.21266],[-106.69614,46.21266],[-106.69614,46.2132],[-106.69653,46.2132],[-106.69653,46.21347],[-106.69692,46.21347],[-106.69692,46.21374],[-106.69847,46.21374],[-106.69847,46.21347],[-106.69925,46.21347],[-106.69925,46.2132],[-106.69847,46.21293],[-106.69847,46.21185],[-106.69925,46.21212],[-106.69925,46.21266],[-106.70003,46.21266],[-106.70003,46.21212],[-106.70081,46.21212],[-106.70081,46.21105],[-106.7012,46.21105],[-106.7012,46.21051],[-106.70237,46.21051],[-106.70237,46.21105],[-106.70315,46.21105],[-106.70315,46.21132],[-106.70432,46.21132],[-106.70432,46.21105],[-106.7051,46.21105],[-106.7051,46.21051],[-106.70549,46.21051],[-106.70549,46.20943],[-106.70588,46.20943],[-106.70588,46.20916],[-106.70666,46.20916],[-106.70666,46.20943],[-106.70705,46.20943],[-106.70705,46.21024],[-106.70666,46.21024],[-106.70666,46.21051],[-106.70705,46.21051],[-106.70705,46.21105],[-106.70744,46.21105],[-106.70744,46.21159],[-106.70783,46.21159],[-106.70783,46.2132],[-106.70822,46.2132],[-106.70822,46.21374],[-106.70899,46.21374],[-106.70899,46.21401],[-106.70938,46.21401],[-106.70938,46.21428],[-106.70977,46.21428],[-106.70977,46.21401],[-106.71055,46.21401],[-106.71055,46.21428],[-106.71133,46.21428],[-106.71133,46.21455],[-106.71211,46.21455],[-106.71211,46.21482],[-106.71289,46.21482],[-106.71289,46.21509],[-106.71328,46.21509],[-106.71328,46.21536],[-106.71484,46.21536],[-106.71484,46.21509],[-106.71523,46.21509],[-106.71523,46.21455],[-106.71406,46.21455],[-106.71406,46.21374],[-106.71445,46.21374],[-106.71445,46.21347],[-106.71484,46.21347],[-106.71484,46.21374],[-106.71601,46.21374],[-106.71601,46.21347],[-106.7164,46.21347],[-106.7164,46.21374],[-106.71718,46.21374],[-106.71718,46.21428],[-106.71796,46.21455],[-106.71796,46.21509],[-106.71835,46.21509],[-106.71835,46.21536],[-106.7199,46.21536],[-106.7199,46.21482],[-106.72068,46.21482],[-106.72068,46.21455],[-106.72029,46.21455],[-106.72029,46.21428],[-106.7199,46.21428],[-106.7199,46.21401],[-106.71952,46.21401],[-106.71952,46.21266],[-106.7199,46.21266],[-106.7199,46.21239],[-106.72029,46.21239],[-106.72029,46.21212],[-106.72185,46.21212],[-106.72185,46.21266],[-106.72107,46.21293],[-106.72107,46.21374],[-106.72146,46.21374],[-106.72146,46.21401],[-106.72107,46.21401],[-106.72107,46.21428],[-106.72146,46.21428],[-106.72146,46.21455],[-106.72107,46.21455],[-106.72107,46.21482],[-106.72185,46.21482],[-106.72185,46.21509],[-106.72263,46.21509],[-106.72263,46.21536],[-106.72731,46.21536],[-106.72731,46.21563],[-106.72809,46.2159],[-106.72809,46.21671],[-106.7277,46.21671],[-106.7277,46.21751],[-106.72809,46.21751],[-106.72809,46.21778],[-106.72731,46.21778],[-106.72731,46.21805],[-106.72692,46.21805],[-106.72692,46.21778],[-106.72614,46.21778],[-106.72614,46.21724],[-106.72497,46.21724],[-106.72497,46.21751],[-106.72419,46.21778],[-106.72419,46.21805],[-106.72497,46.21805],[-106.72497,46.21859],[-106.72614,46.21859],[-106.72614,46.21886],[-106.72536,46.21913],[-106.72536,46.2194],[-106.72458,46.2194],[-106.72458,46.22021],[-106.72614,46.22021],[-106.72614,46.21994],[-106.72653,46.21994],[-106.72653,46.21967],[-106.72887,46.21967],[-106.72887,46.21994],[-106.72926,46.21994],[-106.72926,46.22156],[-106.72887,46.22156],[-106.72887,46.22183],[-106.72926,46.22183],[-106.72926,46.2221],[-106.73159,46.2221],[-106.73159,46.22183],[-106.73432,46.22183],[-106.73432,46.2221],[-106.73471,46.2221],[-106.73471,46.22237],[-106.7351,46.22237],[-106.7351,46.22263],[-106.73588,46.22263],[-106.73588,46.2229],[-106.73627,46.2229],[-106.73627,46.22344],[-106.73666,46.22344],[-106.73666,46.22371],[-106.73627,46.22371],[-106.73627,46.22506],[-106.73666,46.22506],[-106.73666,46.22587],[-106.73627,46.22587],[-106.73627,46.22614],[-106.73666,46.22614],[-106.73666,46.22722],[-106.73705,46.22722],[-106.73705,46.22749],[-106.73783,46.22749],[-106.73783,46.22722],[-106.73822,46.22722],[-106.73822,46.22695],[-106.73978,46.22695],[-106.73978,46.22722],[-106.74017,46.22722],[-106.74017,46.22829],[-106.74056,46.22829],[-106.74056,46.2291],[-106.73783,46.2291],[-106.73783,46.22937],[-106.73822,46.22937],[-106.73822,46.22964],[-106.73744,46.22991],[-106.73744,46.23045],[-106.73822,46.23045],[-106.73822,46.23072],[-106.73861,46.23072],[-106.73861,46.23099],[-106.74056,46.23099],[-106.74056,46.23126],[-106.74017,46.23126],[-106.74017,46.2318],[-106.74056,46.2318],[-106.74056,46.23207],[-106.74251,46.23207],[-106.74251,46.23288],[-106.74289,46.23288],[-106.74289,46.23314],[-106.74406,46.23314],[-106.74406,46.23395],[-106.74367,46.23395],[-106.74367,46.23476],[-106.74406,46.23476],[-106.74406,46.23503],[-106.74367,46.23503],[-106.74367,46.2353],[-106.74406,46.2353],[-106.74406,46.23557],[-106.74445,46.23557],[-106.74445,46.23584],[-106.74484,46.23584],[-106.74484,46.23611],[-106.74328,46.23611],[-106.74328,46.23638],[-106.74406,46.23638],[-106.74406,46.23692],[-106.74445,46.23692],[-106.74445,46.23773],[-106.74406,46.23773],[-106.74406,46.23827],[-106.74367,46.23827],[-106.74367,46.23853],[-106.74289,46.23853],[-106.74289,46.2388],[-106.74173,46.2388],[-106.74173,46.23907],[-106.74134,46.23907],[-106.74134,46.23961],[-106.74173,46.23961],[-106.74173,46.24015],[-106.74212,46.24015],[-106.74212,46.24042],[-106.74173,46.24042],[-106.74173,46.24096],[-106.74095,46.24096],[-106.74095,46.24123],[-106.74056,46.24123],[-106.74056,46.24231],[-106.74134,46.24231],[-106.74134,46.24258],[-106.74289,46.24258],[-106.74289,46.24231],[-106.74406,46.24231],[-106.74406,46.24285],[-106.74523,46.24285],[-106.74523,46.24339],[-106.74562,46.24339],[-106.74562,46.24419],[-106.74406,46.24419],[-106.74406,46.24473],[-106.74367,46.24473],[-106.74367,46.24527],[-106.74328,46.24527],[-106.74328,46.24581],[-106.74251,46.24581],[-106.74251,46.24743],[-106.74134,46.24743],[-106.74134,46.2477],[-106.74251,46.2477],[-106.74251,46.24905],[-106.74212,46.24905],[-106.74212,46.24931],[-106.74134,46.24958],[-106.74134,46.25012],[-106.74095,46.25012],[-106.74095,46.25093],[-106.73783,46.25066],[-106.73783,46.25093],[-106.73744,46.25093],[-106.73744,46.2512],[-106.73471,46.2512],[-106.73471,46.25147],[-106.73393,46.25147],[-106.73393,46.25174],[-106.73315,46.25174],[-106.73315,46.25201],[-106.73121,46.25201],[-106.73121,46.25228],[-106.73043,46.25228],[-106.73043,46.25255],[-106.72965,46.25255],[-106.72965,46.25228],[-106.72809,46.25228],[-106.72809,46.25201],[-106.7277,46.25201],[-106.7277,46.2512],[-106.72692,46.25147],[-106.72692,46.25201],[-106.72653,46.25201],[-106.72653,46.25228],[-106.72536,46.25228],[-106.72536,46.25201],[-106.72497,46.25201],[-106.72497,46.2512],[-106.72458,46.2512],[-106.72458,46.25093],[-106.72341,46.25093],[-106.72341,46.24931],[-106.72302,46.24931],[-106.72302,46.24878],[-106.72341,46.24878],[-106.72341,46.24851],[-106.7238,46.24851],[-106.7238,46.24824],[-106.72497,46.24824],[-106.72497,46.24797],[-106.72536,46.24797],[-106.72536,46.24662],[-106.72458,46.24662],[-106.72458,46.24635],[-106.72419,46.24635],[-106.72419,46.24581],[-106.7238,46.24581],[-106.7238,46.245],[-106.72419,46.245],[-106.72419,46.24473],[-106.72341,46.24446],[-106.72341,46.24473],[-106.72263,46.245],[-106.72263,46.24554],[-106.72224,46.24554],[-106.72224,46.24635],[-106.72185,46.24635],[-106.72185,46.24743],[-106.72107,46.2477],[-106.72107,46.24824],[-106.72029,46.24851],[-106.72029,46.24905],[-106.7199,46.24905],[-106.7199,46.25012],[-106.71952,46.25012],[-106.71952,46.2512],[-106.72029,46.25147],[-106.72029,46.25228],[-106.71796,46.25228],[-106.71796,46.25255],[-106.71523,46.25255],[-106.71523,46.25282],[-106.71406,46.25282],[-106.71406,46.25309],[-106.7125,46.25309],[-106.7125,46.25336],[-106.71055,46.25336],[-106.71055,46.25363],[-106.70822,46.25336],[-106.70822,46.25363],[-106.70666,46.25363],[-106.70666,46.2539],[-106.70393,46.2539],[-106.70393,46.25417],[-106.70276,46.25417],[-106.70276,46.25443],[-106.69692,46.25443],[-106.69692,46.25417],[-106.69497,46.25417],[-106.69497,46.25443],[-106.69419,46.2547],[-106.69419,46.25524],[-106.6938,46.25524],[-106.6938,46.25551],[-106.69302,46.25551],[-106.69302,46.25524],[-106.69185,46.25524],[-106.69185,46.25578],[-106.69146,46.25578],[-106.69146,46.25605],[-106.69068,46.25605],[-106.69068,46.25632],[-106.68445,46.25632],[-106.68445,46.25659],[-106.68367,46.25659],[-106.68367,46.25632],[-106.6825,46.25632],[-106.6825,46.25605],[-106.68133,46.25605],[-106.68133,46.25578],[-106.68094,46.25578],[-106.68094,46.25551],[-106.68016,46.25551],[-106.68016,46.25497],[-106.67821,46.25497],[-106.67821,46.25524],[-106.67782,46.25524],[-106.67782,46.25497],[-106.67743,46.25497],[-106.67743,46.25524],[-106.67704,46.25524],[-106.67704,46.25497],[-106.67587,46.25497],[-106.67587,46.25417],[-106.67626,46.25417],[-106.67626,46.25363],[-106.67431,46.25363],[-106.67431,46.25336],[-106.67393,46.25336],[-106.67393,46.25309],[-106.67354,46.25309],[-106.67354,46.25363],[-106.67393,46.25363],[-106.67393,46.2539],[-106.67276,46.2539],[-106.67276,46.25417],[-106.67237,46.25417],[-106.67237,46.25497],[-106.67276,46.25497],[-106.67276,46.25524],[-106.67315,46.25524],[-106.67315,46.25551],[-106.67237,46.25551],[-106.67237,46.25524],[-106.67159,46.25497],[-106.67159,46.2547],[-106.67081,46.2547],[-106.67081,46.25443],[-106.67042,46.25443],[-106.67042,46.2539],[-106.67003,46.2539],[-106.67003,46.25363],[-106.67042,46.25363],[-106.67042,46.25282],[-106.67003,46.25282],[-106.67003,46.25228],[-106.66964,46.25228],[-106.66964,46.25201],[-106.67003,46.25201],[-106.67003,46.25174],[-106.66964,46.25174],[-106.66964,46.2512],[-106.66925,46.2512],[-106.66925,46.25093],[-106.66964,46.25093],[-106.66964,46.25066],[-106.66925,46.25066],[-106.66925,46.25039],[-106.67081,46.25039],[-106.67081,46.25066],[-106.67159,46.25066],[-106.67159,46.24985],[-106.67198,46.24985],[-106.67198,46.24851],[-106.67276,46.24824],[-106.67276,46.24797],[-106.67587,46.24824],[-106.67587,46.24797],[-106.67626,46.24797],[-106.67626,46.24635],[-106.67704,46.24635],[-106.67704,46.24608],[-106.67782,46.24608],[-106.67782,46.24581],[-106.67938,46.24554],[-106.67938,46.24419],[-106.68055,46.24419],[-106.68055,46.24366],[-106.68211,46.24392],[-106.68211,46.24366],[-106.68133,46.24339],[-106.68133,46.24258],[-106.6825,46.24258],[-106.6825,46.24285],[-106.68289,46.24285],[-106.68289,46.24312],[-106.68406,46.24312],[-106.68406,46.24231],[-106.68445,46.24231],[-106.68445,46.24204],[-106.68484,46.24204],[-106.68484,46.24177],[-106.68717,46.24177],[-106.68717,46.24123],[-106.68678,46.24123],[-106.68678,46.24069],[-106.68639,46.24069],[-106.68639,46.24015],[-106.686,46.24015],[-106.686,46.23988],[-106.68678,46.23988],[-106.68678,46.24015],[-106.68717,46.24015],[-106.68717,46.24042],[-106.68873,46.24042],[-106.68873,46.23934],[-106.68912,46.23934],[-106.68912,46.23853],[-106.69068,46.23853]],[[-106.67782,46.24635],[-106.67743,46.24635],[-106.67743,46.24662],[-106.67821,46.24662],[-106.67821,46.24689],[-106.67977,46.24689],[-106.67977,46.24635],[-106.6786,46.24635],[-106.6786,46.24608],[-106.67782,46.24608],[-106.67782,46.24635]],[[-106.68055,46.24446],[-106.68094,46.24446],[-106.68094,46.24419],[-106.68055,46.24419],[-106.68055,46.24446]],[[-106.68873,46.24069],[-106.68912,46.24069],[-106.68912,46.24042],[-106.68873,46.24042],[-106.68873,46.24069]],[[-106.68172,46.2547],[-106.68172,46.25443],[-106.68133,46.25443],[-106.68133,46.25417],[-106.68055,46.25417],[-106.68055,46.2547],[-106.68133,46.2547],[-106.68133,46.25497],[-106.68172,46.25497],[-106.68172,46.25551],[-106.68406,46.25551],[-106.68406,46.25497],[-106.68328,46.25497],[-106.68328,46.2547],[-106.68172,46.2547]],[[-106.68873,46.25497],[-106.68834,46.25497],[-106.68834,46.25524],[-106.68951,46.25524],[-106.68951,46.25497],[-106.68912,46.25497],[-106.68912,46.25443],[-106.68873,46.25443],[-106.68873,46.25497]],[[-106.6899,46.25497],[-106.6899,46.2547],[-106.69146,46.2547],[-106.69146,46.25417],[-106.69107,46.25417],[-106.69107,46.25443],[-106.68951,46.25443],[-106.68951,46.25497],[-106.6899,46.25497]],[[-106.67704,46.25228],[-106.67704,46.25282],[-106.67782,46.25255],[-106.67782,46.25228],[-106.67704,46.25228]],[[-106.67276,46.25174],[-106.67276,46.25255],[-106.67354,46.25255],[-106.67354,46.25228],[-106.67315,46.25228],[-106.67315,46.25174],[-106.67276,46.25174]],[[-106.67587,46.24931],[-106.67587,46.24905],[-106.67548,46.24905],[-106.67548,46.24931],[-106.67587,46.24931]],[[-106.69886,46.245],[-106.69886,46.24473],[-106.69847,46.24473],[-106.69847,46.245],[-106.69886,46.245]],[[-106.74328,46.23773],[-106.74328,46.23719],[-106.74289,46.23719],[-106.74289,46.23773],[-106.74328,46.23773]],[[-106.70627,46.23557],[-106.70627,46.2353],[-106.70588,46.2353],[-106.70588,46.23557],[-106.70627,46.23557]],[[-106.69614,46.22856],[-106.69614,46.22883],[-106.69692,46.22883],[-106.69692,46.2291],[-106.69847,46.22883],[-106.69847,46.22856],[-106.69614,46.22856]],[[-106.72146,46.21698],[-106.72146,46.21671],[-106.72068,46.21671],[-106.72068,46.21698],[-106.72146,46.21698]],[[-106.7238,46.21644],[-106.7238,46.21617],[-106.72341,46.21617],[-106.72341,46.21644],[-106.7238,46.21644]],[[-106.70938,46.21644],[-106.70938,46.21617],[-106.7086,46.21617],[-106.7086,46.21644],[-106.70938,46.21644]],[[-106.69886,46.21536],[-106.69886,46.21482],[-106.69847,46.21482],[-106.69847,46.21509],[-106.69808,46.21509],[-106.69808,46.21536],[-106.6973,46.21563],[-106.6973,46.2159],[-106.69808,46.2159],[-106.69808,46.21563],[-106.69886,46.21536]]],[[[-106.74445,46.2353],[-106.74406,46.2353],[-106.74406,46.23503],[-106.74445,46.23503],[-106.74445,46.2353]]],[[[-106.74289,46.24069],[-106.74445,46.24069],[-106.74445,46.24042],[-106.74523,46.24042],[-106.74523,46.24015],[-106.7464,46.24015],[-106.7464,46.24042],[-106.74562,46.24069],[-106.74562,46.24096],[-106.74484,46.24123],[-106.74484,46.2415],[-106.74406,46.24177],[-106.74406,46.24204],[-106.74328,46.24204],[-106.74328,46.2415],[-106.74289,46.2415],[-106.74289,46.24069]]],[[[-106.69068,46.21105],[-106.69068,46.21078],[-106.6899,46.21078],[-106.6899,46.21051],[-106.69029,46.21051],[-106.69029,46.21024],[-106.69107,46.21024],[-106.69107,46.21051],[-106.69146,46.21051],[-106.69146,46.21132],[-106.69068,46.21105]]],[[[-106.69107,46.21159],[-106.69146,46.21159],[-106.69146,46.21132],[-106.69224,46.21159],[-106.69224,46.21239],[-106.69146,46.21239],[-106.69146,46.21185],[-106.69107,46.21185],[-106.69107,46.21159]]],[[[-106.69302,46.21239],[-106.69263,46.21239],[-106.69263,46.21212],[-106.69302,46.21212],[-106.69302,46.21239]]],[[[-106.69224,46.21428],[-106.69185,46.21428],[-106.69185,46.21401],[-106.69224,46.21401],[-106.69224,46.21428]]],[[[-106.69341,46.23638],[-106.69302,46.23638],[-106.69302,46.23611],[-106.69341,46.23611],[-106.69341,46.23638]]],[[[-106.6673,46.24958],[-106.66691,46.24958],[-106.66691,46.24931],[-106.6673,46.24931],[-106.6673,46.24905],[-106.66613,46.24905],[-106.66613,46.2477],[-106.66691,46.2477],[-106.66691,46.24743],[-106.6673,46.24743],[-106.6673,46.2477],[-106.66808,46.2477],[-106.66808,46.24743],[-106.66886,46.24716],[-106.66886,46.24689],[-106.67042,46.24689],[-106.67042,46.24716],[-106.6712,46.24743],[-106.6712,46.24797],[-106.67042,46.24797],[-106.67042,46.24824],[-106.67003,46.24824],[-106.67003,46.24851],[-106.66925,46.24851],[-106.66925,46.25012],[-106.66808,46.25012],[-106.66808,46.25039],[-106.66886,46.25039],[-106.66886,46.25066],[-106.66808,46.25066],[-106.66808,46.2512],[-106.66691,46.2512],[-106.66691,46.25039],[-106.6673,46.25039],[-106.6673,46.24958]]],[[[-106.68211,46.25659],[-106.68172,46.25659],[-106.68172,46.25632],[-106.68211,46.25632],[-106.68211,46.25659]]]]},"properties":{"layer":"predicted_reach_h18","fire_name":"Valley","irwin_id":"{5E97EF7C-2039-44B3-8665-ADB0336B5488}","model":"arrival_run","checkpoint_epoch":216,"decode":"connected_causal","operating_point":{"floor":0.0,"mult":0.9},"val_precision":null,"val_recall":null,"model_caveat":"arrival_run chosen for best RECALL among the six FlameFlux v3 candidates on the production-valid t0-window corpus (R=0.624 on the fc2 held-out fires, R=0.432 on Dillon -- see candidate_comparison.md from the 2026-07-24 comparison). It does NOT meet the project's P>=0.50/R>=0.80 target: precision is the WORST of the six (P=0.120 on fc2 -- most flagged growth is wrong), and wind_run actually edges it on F1. IMPORTANT CAVEAT: arrival_run trained on the leaky 'observed' corpus (crop centered/sized on t0|t1, i.e. it saw the future perimeter's geometry during training) and has NEVER seen a t0-window crop -- the ONLY geometry this live pipeline can ever produce at forecast time (the future perimeter is, by definition, unknown). So every live prediction from this model is out-of-distribution relative to its own training. The measured t0-window numbers above already reflect that (they are not a surprise), but this is 'best available', not 'production-ready' -- represent it that way. The operating_point (floor=0.0, mult=0.9) is the VAL-selected connected-causal decode point; it did NOT clear the 0.50 precision floor during selection (feasible=False, val P=0.270/R=0.259) -- it's the best-F1 fallback point, not a precision-guaranteed one.","issued_at_utc":"2026-08-20 13:46:34.611898+00:00","valid_from_utc":"2026-08-20 00:00:00","valid_to_utc":"2026-08-21 00:00:00","wfigs_date_current_utc":"2026-08-20 12:05:00+00:00","pixel_size_m":30,"veg_source":"refreshed_d4","physics_source":"eikonal_fbfm40","history_n_dates":1,"degraded_history":true,"containment_pct":0.0,"acres_wfigs":224.5330361499428,"hour":18,"valid_at_utc":"2026-08-20 18:00:00"}},{"type":"Feature","geometry":{"type":"MultiPolygon","coordinates":[[[[-106.71523,46.21024],[-106.71523,46.20997],[-106.71562,46.20997],[-106.71562,46.21024],[-106.71601,46.21024],[-106.71601,46.21051],[-106.7164,46.21051],[-106.7164,46.21132],[-106.71601,46.21132],[-106.71601,46.21185],[-106.71445,46.21185],[-106.71445,46.21024],[-106.71523,46.21024]]],[[[-106.71484,46.21266],[-106.71445,46.21266],[-106.71445,46.21239],[-106.71484,46.21239],[-106.71484,46.21266]]],[[[-106.71367,46.21239],[-106.71406,46.21239],[-106.71406,46.21293],[-106.71328,46.21293],[-106.71328,46.2132],[-106.71289,46.2132],[-106.71289,46.21266],[-106.71367,46.21266],[-106.71367,46.21239]]],[[[-106.74134,46.23072],[-106.74095,46.23072],[-106.74095,46.23045],[-106.74134,46.23045],[-106.74134,46.23072]]],[[[-106.74484,46.23584],[-106.74484,46.23611],[-106.74523,46.23611],[-106.74523,46.23638],[-106.74445,46.23665],[-106.74445,46.23692],[-106.74484,46.23692],[-106.74484,46.23746],[-106.74445,46.23746],[-106.74445,46.23827],[-106.74406,46.23827],[-106.74406,46.23853],[-106.74445,46.23853],[-106.74445,46.2388],[-106.74328,46.2388],[-106.74328,46.23934],[-106.74212,46.23934],[-106.74212,46.23961],[-106.74367,46.23961],[-106.74367,46.23988],[-106.74328,46.23988],[-106.74328,46.24015],[-106.74523,46.24015],[-106.74523,46.23988],[-106.74601,46.23961],[-106.74601,46.23988],[-106.74679,46.24015],[-106.74679,46.24042],[-106.7464,46.24042],[-106.7464,46.24096],[-106.74562,46.24096],[-106.74562,46.24123],[-106.74523,46.24123],[-106.74523,46.24177],[-106.74445,46.24204],[-106.74445,46.24258],[-106.74484,46.24258],[-106.74484,46.24285],[-106.74601,46.24285],[-106.74601,46.24312],[-106.74562,46.24312],[-106.74562,46.24339],[-106.74601,46.24339],[-106.74601,46.24419],[-106.7464,46.24419],[-106.7464,46.24446],[-106.74679,46.24446],[-106.74679,46.24473],[-106.74445,46.24446],[-106.74445,46.24473],[-106.74406,46.24473],[-106.74406,46.245],[-106.74367,46.245],[-106.74367,46.24581],[-106.74328,46.24581],[-106.74328,46.24608],[-106.74289,46.24608],[-106.74289,46.24635],[-106.74251,46.24635],[-106.74251,46.24662],[-106.74289,46.24662],[-106.74289,46.24743],[-106.74251,46.24743],[-106.74251,46.2477],[-106.74289,46.2477],[-106.74289,46.24878],[-106.74251,46.24878],[-106.74251,46.24931],[-106.74212,46.24931],[-106.74212,46.24958],[-106.74134,46.24985],[-106.74134,46.2512],[-106.73744,46.2512],[-106.73744,46.25147],[-106.73471,46.25147],[-106.73471,46.25174],[-106.73393,46.25174],[-106.73393,46.25201],[-106.73315,46.25201],[-106.73315,46.25228],[-106.73082,46.25228],[-106.73082,46.25255],[-106.72887,46.25255],[-106.72887,46.25228],[-106.7277,46.25228],[-106.7277,46.25174],[-106.72692,46.25174],[-106.72692,46.25228],[-106.72614,46.25228],[-106.72614,46.25255],[-106.72497,46.25255],[-106.72497,46.25228],[-106.72419,46.25228],[-106.72419,46.25201],[-106.72458,46.25201],[-106.72458,46.25174],[-106.72497,46.25174],[-106.72497,46.2512],[-106.72419,46.2512],[-106.72419,46.25093],[-106.72341,46.25093],[-106.72341,46.25066],[-106.72302,46.25066],[-106.72302,46.25039],[-106.72341,46.25039],[-106.72341,46.24958],[-106.72302,46.24958],[-106.72302,46.24878],[-106.72341,46.24878],[-106.72341,46.24851],[-106.7238,46.24851],[-106.7238,46.24824],[-106.72497,46.24824],[-106.72497,46.24797],[-106.72536,46.24797],[-106.72536,46.24662],[-106.72458,46.24662],[-106.72458,46.24635],[-106.72419,46.24635],[-106.72419,46.24581],[-106.7238,46.24581],[-106.7238,46.24446],[-106.72341,46.24446],[-106.72341,46.24473],[-106.72302,46.24473],[-106.72302,46.24527],[-106.72263,46.24527],[-106.72263,46.24581],[-106.72224,46.24581],[-106.72224,46.24689],[-106.72185,46.24689],[-106.72185,46.24743],[-106.72146,46.24743],[-106.72146,46.24797],[-106.72107,46.24797],[-106.72107,46.24824],[-106.72068,46.24824],[-106.72068,46.24851],[-106.72029,46.24851],[-106.72029,46.24931],[-106.7199,46.24931],[-106.7199,46.25012],[-106.71952,46.25012],[-106.71952,46.2512],[-106.7199,46.2512],[-106.7199,46.25147],[-106.72029,46.25147],[-106.72029,46.25174],[-106.72068,46.25174],[-106.72068,46.25228],[-106.71835,46.25228],[-106.71835,46.25255],[-106.71562,46.25255],[-106.71562,46.25282],[-106.71445,46.25282],[-106.71445,46.25309],[-106.71289,46.25309],[-106.71289,46.25336],[-106.71094,46.25336],[-106.71094,46.25363],[-106.70744,46.25363],[-106.70744,46.2539],[-106.70432,46.2539],[-106.70432,46.25417],[-106.70354,46.25417],[-106.70354,46.25443],[-106.69692,46.25443],[-106.69692,46.25417],[-106.69497,46.25417],[-106.69497,46.25443],[-106.69419,46.2547],[-106.69419,46.25524],[-106.6938,46.25524],[-106.6938,46.25551],[-106.69263,46.25551],[-106.69263,46.25524],[-106.69224,46.25524],[-106.69224,46.25551],[-106.69185,46.25551],[-106.69185,46.25605],[-106.69068,46.25605],[-106.69068,46.25632],[-106.68756,46.25632],[-106.68756,46.25659],[-106.68678,46.25659],[-106.68678,46.25632],[-106.68445,46.25632],[-106.68445,46.25659],[-106.68367,46.25659],[-106.68367,46.25632],[-106.68133,46.25605],[-106.68133,46.25578],[-106.68094,46.25578],[-106.68094,46.25551],[-106.68016,46.25551],[-106.68016,46.25497],[-106.67821,46.25497],[-106.67821,46.25524],[-106.67782,46.25524],[-106.67782,46.25497],[-106.67743,46.25497],[-106.67743,46.25524],[-106.67704,46.25524],[-106.67704,46.25497],[-106.67587,46.25497],[-106.67587,46.25417],[-106.67626,46.25417],[-106.67626,46.25363],[-106.67431,46.25363],[-106.67431,46.25336],[-106.67393,46.25336],[-106.67393,46.25309],[-106.67354,46.25309],[-106.67354,46.25363],[-106.67393,46.25363],[-106.67393,46.2539],[-106.67276,46.2539],[-106.67276,46.25417],[-106.67237,46.25417],[-106.67237,46.25497],[-106.67276,46.25497],[-106.67276,46.25524],[-106.67315,46.25524],[-106.67315,46.25551],[-106.67198,46.25551],[-106.67198,46.25524],[-106.67159,46.25524],[-106.67159,46.25497],[-106.67081,46.25497],[-106.67081,46.2547],[-106.67042,46.2547],[-106.67042,46.25443],[-106.67003,46.25443],[-106.67003,46.25417],[-106.66964,46.25417],[-106.66964,46.25363],[-106.67003,46.25363],[-106.67003,46.25255],[-106.66964,46.25255],[-106.66964,46.25201],[-106.66925,46.25201],[-106.66925,46.2512],[-106.66847,46.2512],[-106.66847,46.25174],[-106.66613,46.25174],[-106.66613,46.25093],[-106.66652,46.25093],[-106.66652,46.25039],[-106.66691,46.25039],[-106.66691,46.25012],[-106.66652,46.25012],[-106.66652,46.24958],[-106.66574,46.24958],[-106.66574,46.24905],[-106.66535,46.24905],[-106.66535,46.24824],[-106.66574,46.24824],[-106.66574,46.2477],[-106.66613,46.2477],[-106.66613,46.24716],[-106.6673,46.24716],[-106.6673,46.24689],[-106.66769,46.24689],[-106.66769,46.24662],[-106.6712,46.24662],[-106.6712,46.24716],[-106.67237,46.24716],[-106.67237,46.24743],[-106.67315,46.24743],[-106.67315,46.2477],[-106.67393,46.2477],[-106.67393,46.24797],[-106.6747,46.24797],[-106.6747,46.24824],[-106.67548,46.24824],[-106.67548,46.24797],[-106.67626,46.2477],[-106.67626,46.24635],[-106.67665,46.24635],[-106.67665,46.24608],[-106.67782,46.24608],[-106.67782,46.24581],[-106.6786,46.24581],[-106.6786,46.24554],[-106.67899,46.24554],[-106.67899,46.245],[-106.67938,46.245],[-106.67938,46.24419],[-106.68055,46.24419],[-106.68055,46.24366],[-106.68211,46.24392],[-106.68211,46.24366],[-106.68133,46.24339],[-106.68133,46.24258],[-106.6825,46.24258],[-106.6825,46.24285],[-106.68289,46.24285],[-106.68289,46.24312],[-106.68406,46.24312],[-106.68406,46.24231],[-106.68445,46.24231],[-106.68445,46.24204],[-106.68484,46.24204],[-106.68484,46.24177],[-106.68717,46.24177],[-106.68717,46.24123],[-106.68678,46.24123],[-106.68678,46.24069],[-106.68639,46.24069],[-106.68639,46.24015],[-106.686,46.24015],[-106.686,46.23988],[-106.68678,46.23988],[-106.68678,46.24015],[-106.68717,46.24015],[-106.68717,46.24042],[-106.68873,46.24042],[-106.68873,46.23934],[-106.68912,46.23934],[-106.68912,46.23853],[-106.69068,46.23853],[-106.69068,46.2388],[-106.69146,46.2388],[-106.69146,46.23907],[-106.69185,46.23907],[-106.69185,46.23934],[-106.69224,46.23934],[-106.69224,46.23961],[-106.69341,46.23961],[-106.69341,46.23934],[-106.6938,46.23934],[-106.6938,46.2388],[-106.69419,46.2388],[-106.69419,46.23719],[-106.6938,46.23719],[-106.6938,46.23665],[-106.69341,46.23665],[-106.69341,46.23638],[-106.6938,46.23638],[-106.6938,46.23557],[-106.69341,46.23557],[-106.69341,46.23476],[-106.69419,46.23476],[-106.69419,46.23449],[-106.69458,46.23449],[-106.69458,46.23395],[-106.69536,46.23395],[-106.69536,46.23341],[-106.69497,46.23341],[-106.69497,46.23261],[-106.69536,46.23261],[-106.69536,46.23207],[-106.69614,46.23207],[-106.69614,46.23153],[-106.69536,46.23126],[-106.69536,46.22991],[-106.69497,46.22991],[-106.69497,46.2291],[-106.69458,46.2291],[-106.69458,46.22856],[-106.69536,46.22829],[-106.69536,46.22776],[-106.69497,46.22776],[-106.69497,46.22722],[-106.69536,46.22722],[-106.69536,46.22695],[-106.69847,46.22641],[-106.69847,46.22587],[-106.69808,46.22587],[-106.69808,46.2256],[-106.69847,46.2256],[-106.69847,46.22506],[-106.69886,46.22506],[-106.69886,46.22479],[-106.69808,46.22479],[-106.69808,46.22452],[-106.69769,46.22452],[-106.69769,46.22425],[-106.69653,46.22425],[-106.69653,46.22398],[-106.69614,46.22398],[-106.69614,46.22371],[-106.6973,46.22371],[-106.6973,46.22398],[-106.69808,46.22371],[-106.69808,46.2229],[-106.69769,46.2229],[-106.69769,46.22263],[-106.69653,46.22263],[-106.69653,46.22237],[-106.6973,46.2221],[-106.6973,46.22129],[-106.69769,46.22129],[-106.69769,46.22102],[-106.69808,46.22102],[-106.69808,46.22075],[-106.69886,46.22075],[-106.69886,46.21994],[-106.69692,46.21994],[-106.69692,46.21967],[-106.6973,46.21967],[-106.6973,46.21913],[-106.69769,46.21913],[-106.69769,46.21886],[-106.6973,46.21886],[-106.6973,46.21832],[-106.69692,46.21832],[-106.69692,46.21778],[-106.69614,46.21751],[-106.69614,46.21671],[-106.69692,46.21671],[-106.69692,46.21644],[-106.69653,46.21644],[-106.69653,46.2159],[-106.69536,46.2159],[-106.69536,46.21563],[-106.69497,46.21563],[-106.69497,46.21536],[-106.69341,46.21536],[-106.69341,46.21509],[-106.6938,46.21509],[-106.6938,46.21482],[-106.69497,46.21482],[-106.69497,46.21509],[-106.69575,46.21509],[-106.69575,46.21455],[-106.69614,46.21455],[-106.69614,46.21482],[-106.69692,46.21482],[-106.69692,46.21455],[-106.6973,46.21455],[-106.6973,46.21401],[-106.69653,46.21401],[-106.69653,46.21374],[-106.69575,46.21374],[-106.69575,46.21401],[-106.69536,46.21401],[-106.69536,46.21374],[-106.69458,46.21374],[-106.69458,46.21401],[-106.69419,46.21401],[-106.69419,46.21455],[-106.69341,46.21455],[-106.69341,46.21482],[-106.69263,46.21482],[-106.69263,46.21509],[-106.69224,46.21509],[-106.69224,46.21428],[-106.69263,46.21428],[-106.69263,46.21347],[-106.69224,46.21347],[-106.69224,46.21293],[-106.69185,46.21293],[-106.69185,46.21266],[-106.69146,46.21266],[-106.69146,46.21239],[-106.69107,46.21239],[-106.69107,46.21132],[-106.69029,46.21132],[-106.69029,46.21105],[-106.6899,46.21105],[-106.6899,46.21024],[-106.69029,46.21024],[-106.69029,46.20997],[-106.69107,46.20997],[-106.69107,46.21024],[-106.69185,46.21051],[-106.69185,46.21105],[-106.69224,46.21105],[-106.69224,46.21132],[-106.69263,46.21132],[-106.69263,46.21159],[-106.6938,46.21159],[-106.6938,46.21239],[-106.69419,46.21239],[-106.69419,46.21266],[-106.69536,46.21266],[-106.69536,46.21239],[-106.69575,46.21239],[-106.69575,46.21185],[-106.69614,46.21185],[-106.69614,46.21159],[-106.69653,46.21159],[-106.69653,46.21185],[-106.6973,46.21159],[-106.6973,46.21212],[-106.69808,46.21212],[-106.69808,46.21159],[-106.69847,46.21159],[-106.69847,46.21185],[-106.69886,46.21185],[-106.69886,46.21212],[-106.69925,46.21212],[-106.69925,46.21266],[-106.70003,46.21266],[-106.70003,46.21212],[-106.69964,46.21212],[-106.69964,46.21132],[-106.69925,46.21132],[-106.69925,46.21078],[-106.69886,46.21078],[-106.69886,46.21051],[-106.69964,46.21051],[-106.69964,46.21105],[-106.70042,46.21105],[-106.70042,46.21051],[-106.70081,46.21051],[-106.70081,46.21024],[-106.70237,46.21024],[-106.70237,46.21051],[-106.70315,46.21051],[-106.70315,46.21105],[-106.70393,46.21105],[-106.70393,46.21078],[-106.70432,46.21078],[-106.70432,46.21051],[-106.7051,46.21051],[-106.7051,46.20943],[-106.70549,46.20943],[-106.70549,46.20916],[-106.70588,46.20916],[-106.70588,46.20889],[-106.70627,46.20889],[-106.70627,46.20916],[-106.70705,46.20916],[-106.70705,46.21051],[-106.70744,46.21051],[-106.70744,46.21105],[-106.70783,46.21105],[-106.70783,46.21159],[-106.7086,46.21159],[-106.7086,46.21212],[-106.70899,46.21212],[-106.70899,46.2132],[-106.70938,46.2132],[-106.70938,46.21347],[-106.70977,46.21347],[-106.70977,46.21374],[-106.71094,46.21374],[-106.71094,46.21401],[-106.71133,46.21401],[-106.71133,46.21374],[-106.71211,46.21374],[-106.71211,46.2132],[-106.71289,46.2132],[-106.71289,46.21347],[-106.71367,46.21347],[-106.71367,46.2132],[-106.71718,46.2132],[-106.71718,46.21374],[-106.71796,46.21374],[-106.71796,46.21428],[-106.71835,46.21428],[-106.71835,46.21509],[-106.71874,46.21509],[-106.71874,46.21536],[-106.71913,46.21536],[-106.71913,46.21509],[-106.71952,46.21509],[-106.71952,46.21482],[-106.7199,46.21482],[-106.7199,46.21455],[-106.71952,46.21455],[-106.71952,46.21428],[-106.71913,46.21428],[-106.71913,46.21401],[-106.71874,46.21401],[-106.71874,46.21374],[-106.71913,46.21374],[-106.71913,46.21293],[-106.7199,46.21266],[-106.7199,46.21212],[-106.72068,46.21212],[-106.72068,46.21185],[-106.72107,46.21185],[-106.72107,46.21212],[-106.72341,46.21212],[-106.72341,46.21239],[-106.72302,46.21239],[-106.72302,46.21266],[-106.72263,46.21266],[-106.72263,46.21293],[-106.72185,46.21293],[-106.72185,46.2132],[-106.72341,46.21347],[-106.72341,46.21401],[-106.72302,46.21401],[-106.72302,46.21428],[-106.72341,46.21428],[-106.72341,46.21455],[-106.72302,46.21455],[-106.72302,46.21482],[-106.7238,46.21482],[-106.7238,46.21509],[-106.72614,46.21509],[-106.72614,46.21482],[-106.72692,46.21482],[-106.72692,46.21509],[-106.7277,46.21536],[-106.7277,46.21563],[-106.72809,46.21563],[-106.72809,46.2159],[-106.72848,46.2159],[-106.72848,46.21671],[-106.72926,46.21698],[-106.72926,46.21778],[-106.72887,46.21778],[-106.72887,46.21832],[-106.72848,46.21832],[-106.72848,46.21859],[-106.7277,46.21859],[-106.7277,46.21886],[-106.72731,46.21886],[-106.72731,46.21913],[-106.72809,46.21913],[-106.72809,46.2194],[-106.72926,46.2194],[-106.72926,46.21967],[-106.72965,46.21967],[-106.72965,46.22021],[-106.73043,46.22021],[-106.73043,46.22075],[-106.73082,46.22075],[-106.73082,46.22021],[-106.73159,46.22021],[-106.73159,46.22048],[-106.73315,46.22048],[-106.73315,46.21994],[-106.73237,46.21994],[-106.73237,46.21967],[-106.73276,46.21967],[-106.73276,46.2194],[-106.73432,46.2194],[-106.73432,46.21913],[-106.73471,46.21913],[-106.73471,46.21886],[-106.73549,46.21886],[-106.73549,46.21913],[-106.73588,46.21913],[-106.73588,46.2194],[-106.73549,46.2194],[-106.73549,46.22075],[-106.73588,46.22075],[-106.73588,46.22102],[-106.73549,46.22102],[-106.73549,46.22183],[-106.73588,46.22183],[-106.73588,46.22237],[-106.73627,46.22237],[-106.73627,46.2229],[-106.73666,46.2229],[-106.73666,46.22452],[-106.73705,46.22452],[-106.73705,46.22506],[-106.73744,46.22506],[-106.73744,46.22533],[-106.73705,46.22533],[-106.73705,46.2256],[-106.73744,46.2256],[-106.73744,46.22587],[-106.73705,46.22587],[-106.73705,46.22722],[-106.73783,46.22722],[-106.73783,46.22668],[-106.74017,46.22668],[-106.74017,46.22695],[-106.74056,46.22695],[-106.74056,46.22829],[-106.74095,46.22829],[-106.74095,46.2291],[-106.74017,46.2291],[-106.74017,46.22937],[-106.73978,46.22937],[-106.73978,46.22964],[-106.739,46.22964],[-106.739,46.23045],[-106.73978,46.23045],[-106.73978,46.23072],[-106.73939,46.23072],[-106.73939,46.23099],[-106.74095,46.23072],[-106.74095,46.23099],[-106.74056,46.23099],[-106.74056,46.2318],[-106.74212,46.2318],[-106.74212,46.23207],[-106.74251,46.23207],[-106.74251,46.23234],[-106.74289,46.23234],[-106.74289,46.23288],[-106.74406,46.23288],[-106.74406,46.23314],[-106.74445,46.23314],[-106.74445,46.23395],[-106.74406,46.23395],[-106.74406,46.23449],[-106.74445,46.23449],[-106.74445,46.2353],[-106.74406,46.2353],[-106.74406,46.23557],[-106.74484,46.23584]],[[-106.67782,46.24635],[-106.67743,46.24635],[-106.67743,46.24662],[-106.67821,46.24662],[-106.67821,46.24689],[-106.67977,46.24689],[-106.67977,46.24635],[-106.6786,46.24635],[-106.6786,46.24608],[-106.67782,46.24608],[-106.67782,46.24635]],[[-106.68055,46.24446],[-106.68094,46.24446],[-106.68094,46.24419],[-106.68055,46.24419],[-106.68055,46.24446]],[[-106.68873,46.24069],[-106.68912,46.24069],[-106.68912,46.24042],[-106.68873,46.24042],[-106.68873,46.24069]],[[-106.69263,46.21293],[-106.69263,46.21266],[-106.69224,46.21266],[-106.69224,46.21293],[-106.69263,46.21293]],[[-106.69302,46.21266],[-106.69302,46.21239],[-106.69263,46.21239],[-106.69263,46.21266],[-106.69302,46.21266]],[[-106.69341,46.21239],[-106.69341,46.21185],[-106.69302,46.21185],[-106.69302,46.21239],[-106.69341,46.21239]],[[-106.73315,46.22075],[-106.73432,46.22075],[-106.73432,46.22048],[-106.73315,46.22048],[-106.73315,46.22075]],[[-106.74406,46.23503],[-106.74367,46.23503],[-106.74367,46.2353],[-106.74406,46.2353],[-106.74406,46.23503]],[[-106.68172,46.2547],[-106.68172,46.25443],[-106.68133,46.25443],[-106.68133,46.25417],[-106.68055,46.25417],[-106.68055,46.2547],[-106.68133,46.2547],[-106.68133,46.25497],[-106.68172,46.25497],[-106.68172,46.25551],[-106.68406,46.25551],[-106.68406,46.25497],[-106.68328,46.25497],[-106.68328,46.2547],[-106.68172,46.2547]],[[-106.68873,46.25497],[-106.68834,46.25497],[-106.68834,46.25524],[-106.68951,46.25524],[-106.68951,46.25497],[-106.68912,46.25497],[-106.68912,46.25443],[-106.68873,46.25443],[-106.68873,46.25497]],[[-106.6899,46.25497],[-106.6899,46.2547],[-106.69146,46.2547],[-106.69146,46.25417],[-106.69107,46.25417],[-106.69107,46.25443],[-106.68951,46.25443],[-106.68951,46.25497],[-106.6899,46.25497]],[[-106.67704,46.25228],[-106.67704,46.25282],[-106.67782,46.25255],[-106.67782,46.25228],[-106.67704,46.25228]],[[-106.67276,46.25174],[-106.67276,46.25255],[-106.67354,46.25255],[-106.67354,46.25228],[-106.67315,46.25228],[-106.67315,46.25174],[-106.67276,46.25174]],[[-106.67042,46.24905],[-106.67042,46.24985],[-106.6712,46.24985],[-106.6712,46.24931],[-106.67159,46.24931],[-106.67159,46.24905],[-106.67042,46.24905]],[[-106.67587,46.24931],[-106.67587,46.24905],[-106.67548,46.24905],[-106.67548,46.24931],[-106.67587,46.24931]],[[-106.67159,46.24878],[-106.67159,46.24851],[-106.67081,46.24851],[-106.67081,46.24878],[-106.67159,46.24878]],[[-106.69886,46.245],[-106.69886,46.24473],[-106.69847,46.24473],[-106.69847,46.245],[-106.69886,46.245]],[[-106.74251,46.2415],[-106.74251,46.24096],[-106.74134,46.24096],[-106.74134,46.24123],[-106.74095,46.24123],[-106.74095,46.24204],[-106.74134,46.24204],[-106.74134,46.24231],[-106.74251,46.24231],[-106.74251,46.24204],[-106.74289,46.24204],[-106.74289,46.2415],[-106.74251,46.2415]],[[-106.74328,46.23773],[-106.74328,46.23719],[-106.74289,46.23719],[-106.74289,46.23773],[-106.74328,46.23773]],[[-106.70627,46.23557],[-106.70627,46.2353],[-106.70588,46.2353],[-106.70588,46.23557],[-106.70627,46.23557]],[[-106.69614,46.22856],[-106.69614,46.22883],[-106.69692,46.22883],[-106.69692,46.2291],[-106.69847,46.22883],[-106.69847,46.22856],[-106.69614,46.22856]],[[-106.73082,46.22129],[-106.73082,46.22102],[-106.73004,46.22102],[-106.73004,46.22129],[-106.73082,46.22129]],[[-106.69886,46.21536],[-106.69886,46.21482],[-106.69847,46.21482],[-106.69847,46.21509],[-106.69808,46.21509],[-106.69808,46.21536],[-106.6973,46.21563],[-106.6973,46.2159],[-106.69808,46.2159],[-106.69808,46.21563],[-106.69886,46.21536]],[[-106.69886,46.2132],[-106.69886,46.21293],[-106.69847,46.21293],[-106.69847,46.21266],[-106.6973,46.21266],[-106.6973,46.21239],[-106.69692,46.21239],[-106.69692,46.21266],[-106.69614,46.21266],[-106.69614,46.2132],[-106.69653,46.2132],[-106.69653,46.21347],[-106.69692,46.21347],[-106.69692,46.21374],[-106.69847,46.21374],[-106.69847,46.21347],[-106.69925,46.21347],[-106.69925,46.2132],[-106.69886,46.2132]]],[[[-106.74562,46.24581],[-106.74523,46.24581],[-106.74523,46.24554],[-106.74562,46.24554],[-106.74562,46.24581]]],[[[-106.69302,46.21105],[-106.69302,46.21132],[-106.69263,46.21132],[-106.69263,46.21105],[-106.69302,46.21105]]],[[[-106.69224,46.21428],[-106.69185,46.21428],[-106.69185,46.21401],[-106.69224,46.21401],[-106.69224,46.21428]]],[[[-106.69341,46.23638],[-106.69302,46.23638],[-106.69302,46.23611],[-106.69341,46.23611],[-106.69341,46.23638]]],[[[-106.6634,46.25039],[-106.6634,46.25066],[-106.66301,46.25066],[-106.66301,46.25039],[-106.6634,46.25039]]],[[[-106.68172,46.25659],[-106.68172,46.25632],[-106.68211,46.25632],[-106.68211,46.25659],[-106.68172,46.25659]]],[[[-106.68172,46.25659],[-106.68172,46.25686],[-106.68133,46.25686],[-106.68133,46.25659],[-106.68172,46.25659]]]]},"properties":{"layer":"predicted_reach_h19","fire_name":"Valley","irwin_id":"{5E97EF7C-2039-44B3-8665-ADB0336B5488}","model":"arrival_run","checkpoint_epoch":216,"decode":"connected_causal","operating_point":{"floor":0.0,"mult":0.9},"val_precision":null,"val_recall":null,"model_caveat":"arrival_run chosen for best RECALL among the six FlameFlux v3 candidates on the production-valid t0-window corpus (R=0.624 on the fc2 held-out fires, R=0.432 on Dillon -- see candidate_comparison.md from the 2026-07-24 comparison). It does NOT meet the project's P>=0.50/R>=0.80 target: precision is the WORST of the six (P=0.120 on fc2 -- most flagged growth is wrong), and wind_run actually edges it on F1. IMPORTANT CAVEAT: arrival_run trained on the leaky 'observed' corpus (crop centered/sized on t0|t1, i.e. it saw the future perimeter's geometry during training) and has NEVER seen a t0-window crop -- the ONLY geometry this live pipeline can ever produce at forecast time (the future perimeter is, by definition, unknown). So every live prediction from this model is out-of-distribution relative to its own training. The measured t0-window numbers above already reflect that (they are not a surprise), but this is 'best available', not 'production-ready' -- represent it that way. The operating_point (floor=0.0, mult=0.9) is the VAL-selected connected-causal decode point; it did NOT clear the 0.50 precision floor during selection (feasible=False, val P=0.270/R=0.259) -- it's the best-F1 fallback point, not a precision-guaranteed one.","issued_at_utc":"2026-08-20 13:46:34.611898+00:00","valid_from_utc":"2026-08-20 00:00:00","valid_to_utc":"2026-08-21 00:00:00","wfigs_date_current_utc":"2026-08-20 12:05:00+00:00","pixel_size_m":30,"veg_source":"refreshed_d4","physics_source":"eikonal_fbfm40","history_n_dates":1,"degraded_history":true,"containment_pct":0.0,"acres_wfigs":224.5330361499428,"hour":19,"valid_at_utc":"2026-08-20 19:00:00"}},{"type":"Feature","geometry":{"type":"MultiPolygon","coordinates":[[[[-106.73432,46.21751],[-106.73432,46.21778],[-106.73393,46.21778],[-106.73393,46.21751],[-106.73432,46.21751]]],[[[-106.73315,46.21778],[-106.73237,46.21778],[-106.73237,46.21751],[-106.73315,46.21751],[-106.73315,46.21778]]],[[[-106.73822,46.22317],[-106.73783,46.22317],[-106.73783,46.2229],[-106.73822,46.2229],[-106.73822,46.22317]]],[[[-106.74679,46.23611],[-106.7464,46.23611],[-106.7464,46.23584],[-106.74679,46.23584],[-106.74679,46.23611]]],[[[-106.74601,46.23827],[-106.74562,46.23827],[-106.74562,46.238],[-106.7464,46.23773],[-106.7464,46.238],[-106.74679,46.238],[-106.74679,46.23827],[-106.7464,46.23827],[-106.7464,46.23853],[-106.74679,46.23853],[-106.74679,46.2388],[-106.74562,46.2388],[-106.74562,46.23853],[-106.74601,46.23853],[-106.74601,46.23827]]],[[[-106.74445,46.2512],[-106.74406,46.2512],[-106.74406,46.25093],[-106.74445,46.25093],[-106.74445,46.2512]]],[[[-106.72302,46.25201],[-106.72263,46.25201],[-106.72263,46.25174],[-106.72302,46.25174],[-106.72302,46.25201]]],[[[-106.7351,46.25228],[-106.73471,46.25228],[-106.73471,46.25201],[-106.7351,46.25201],[-106.7351,46.25228]]],[[[-106.69847,46.21051],[-106.69808,46.21051],[-106.69808,46.21024],[-106.69847,46.21024],[-106.69847,46.21051]]],[[[-106.69224,46.21428],[-106.69146,46.21428],[-106.69146,46.21401],[-106.69224,46.21401],[-106.69224,46.21428]]],[[[-106.74484,46.23584],[-106.74484,46.23611],[-106.74601,46.23611],[-106.74601,46.23638],[-106.74523,46.23638],[-106.74523,46.23665],[-106.74484,46.23665],[-106.74484,46.23692],[-106.74523,46.23692],[-106.74523,46.23773],[-106.74445,46.238],[-106.74445,46.23853],[-106.74484,46.23853],[-106.74484,46.23907],[-106.74679,46.23907],[-106.74679,46.23961],[-106.74718,46.23961],[-106.74718,46.24015],[-106.74757,46.24015],[-106.74757,46.24042],[-106.74718,46.24042],[-106.74718,46.24096],[-106.7464,46.24096],[-106.7464,46.24123],[-106.74562,46.2415],[-106.74562,46.24177],[-106.74601,46.24177],[-106.74601,46.24204],[-106.74679,46.24204],[-106.74679,46.24258],[-106.7464,46.24258],[-106.7464,46.24392],[-106.74679,46.24392],[-106.74679,46.24446],[-106.74718,46.24446],[-106.74718,46.24473],[-106.74679,46.24473],[-106.74679,46.24527],[-106.7464,46.24527],[-106.7464,46.24581],[-106.74601,46.24581],[-106.74601,46.24635],[-106.74367,46.24635],[-106.74367,46.24743],[-106.74328,46.24743],[-106.74328,46.2477],[-106.74367,46.2477],[-106.74367,46.24878],[-106.74289,46.24878],[-106.74289,46.24958],[-106.74251,46.24958],[-106.74251,46.24985],[-106.74173,46.24985],[-106.74173,46.2512],[-106.74134,46.2512],[-106.74134,46.25147],[-106.74056,46.25147],[-106.74056,46.25174],[-106.74017,46.25174],[-106.74017,46.25147],[-106.73978,46.25147],[-106.73978,46.25174],[-106.73861,46.25174],[-106.73861,46.25147],[-106.73822,46.25147],[-106.73822,46.25174],[-106.73432,46.25174],[-106.73432,46.25201],[-106.73354,46.25201],[-106.73354,46.25228],[-106.73121,46.25228],[-106.73121,46.25255],[-106.73043,46.25255],[-106.73043,46.25282],[-106.73004,46.25282],[-106.73004,46.25255],[-106.72809,46.25255],[-106.72809,46.25228],[-106.72692,46.25228],[-106.72692,46.25255],[-106.72575,46.25255],[-106.72575,46.25282],[-106.72536,46.25282],[-106.72536,46.25255],[-106.72419,46.25255],[-106.72419,46.25228],[-106.72302,46.25228],[-106.72302,46.25201],[-106.72419,46.25201],[-106.72419,46.25174],[-106.72458,46.25174],[-106.72458,46.2512],[-106.72302,46.25093],[-106.72302,46.24931],[-106.72224,46.24931],[-106.72224,46.24905],[-106.72263,46.24905],[-106.72263,46.24878],[-106.72341,46.24851],[-106.72341,46.24824],[-106.72497,46.24824],[-106.72497,46.2477],[-106.72536,46.2477],[-106.72536,46.24689],[-106.72497,46.24689],[-106.72497,46.24662],[-106.72458,46.24662],[-106.72458,46.24635],[-106.72419,46.24635],[-106.72419,46.24608],[-106.72341,46.24581],[-106.72341,46.24527],[-106.72302,46.24527],[-106.72302,46.24581],[-106.72263,46.24581],[-106.72263,46.24608],[-106.72224,46.24608],[-106.72224,46.24716],[-106.72185,46.24716],[-106.72185,46.2477],[-106.72146,46.2477],[-106.72146,46.24797],[-106.72107,46.24797],[-106.72107,46.24851],[-106.72029,46.24878],[-106.72029,46.24958],[-106.7199,46.24958],[-106.7199,46.25039],[-106.71952,46.25039],[-106.71952,46.25093],[-106.7199,46.25093],[-106.7199,46.25147],[-106.72068,46.25147],[-106.72068,46.25228],[-106.72029,46.25228],[-106.72029,46.25255],[-106.71718,46.25255],[-106.71718,46.25282],[-106.71484,46.25282],[-106.71484,46.25309],[-106.71328,46.25309],[-106.71328,46.25336],[-106.71172,46.25336],[-106.71172,46.25363],[-106.70783,46.25363],[-106.70783,46.2539],[-106.70471,46.2539],[-106.70471,46.25417],[-106.70393,46.25417],[-106.70393,46.25443],[-106.70159,46.25443],[-106.70159,46.2547],[-106.70042,46.2547],[-106.70042,46.25443],[-106.69808,46.2547],[-106.69808,46.25443],[-106.69692,46.25443],[-106.69692,46.25417],[-106.69497,46.25417],[-106.69497,46.25443],[-106.69458,46.25443],[-106.69458,46.25497],[-106.69419,46.25497],[-106.69419,46.25551],[-106.69224,46.25551],[-106.69224,46.25605],[-106.69107,46.25605],[-106.69107,46.25632],[-106.68756,46.25632],[-106.68756,46.25659],[-106.68523,46.25632],[-106.68523,46.25659],[-106.68367,46.25659],[-106.68367,46.25632],[-106.68133,46.25605],[-106.68133,46.25578],[-106.68094,46.25578],[-106.68094,46.25551],[-106.68016,46.25551],[-106.68016,46.25497],[-106.67821,46.25497],[-106.67821,46.25524],[-106.67782,46.25524],[-106.67782,46.25497],[-106.67743,46.25497],[-106.67743,46.25524],[-106.67704,46.25524],[-106.67704,46.25497],[-106.67587,46.25497],[-106.67587,46.25417],[-106.67626,46.25417],[-106.67626,46.25363],[-106.67431,46.25363],[-106.67431,46.25336],[-106.67393,46.25336],[-106.67393,46.25309],[-106.67354,46.25309],[-106.67354,46.25363],[-106.67393,46.25363],[-106.67393,46.2539],[-106.67276,46.2539],[-106.67276,46.25417],[-106.67237,46.25417],[-106.67237,46.25497],[-106.67315,46.25524],[-106.67315,46.25551],[-106.67276,46.25551],[-106.67276,46.25578],[-106.67237,46.25578],[-106.67237,46.25551],[-106.67159,46.25551],[-106.67159,46.25524],[-106.6712,46.25524],[-106.6712,46.25497],[-106.67042,46.25497],[-106.67042,46.2547],[-106.67003,46.2547],[-106.67003,46.25443],[-106.66925,46.25417],[-106.66925,46.25309],[-106.66964,46.25309],[-106.66964,46.25282],[-106.66925,46.25282],[-106.66925,46.25228],[-106.66652,46.25228],[-106.66652,46.25201],[-106.66613,46.25201],[-106.66613,46.25174],[-106.66496,46.25174],[-106.66496,46.25147],[-106.66457,46.25147],[-106.66457,46.2512],[-106.66379,46.2512],[-106.66379,46.25093],[-106.66224,46.25093],[-106.66224,46.25066],[-106.66301,46.25066],[-106.66301,46.25039],[-106.66379,46.25039],[-106.66379,46.25066],[-106.66457,46.25066],[-106.66457,46.25093],[-106.66613,46.25093],[-106.66613,46.25012],[-106.66535,46.25012],[-106.66535,46.24958],[-106.66457,46.24958],[-106.66457,46.24931],[-106.66496,46.24931],[-106.66496,46.24905],[-106.66418,46.24905],[-106.66418,46.24824],[-106.66535,46.24824],[-106.66535,46.24716],[-106.66574,46.24716],[-106.66574,46.24689],[-106.66613,46.24689],[-106.66613,46.24662],[-106.6673,46.24662],[-106.6673,46.24635],[-106.67159,46.24635],[-106.67159,46.24689],[-106.67276,46.24689],[-106.67276,46.24716],[-106.67354,46.24743],[-106.67354,46.2477],[-106.67431,46.2477],[-106.67431,46.24797],[-106.67587,46.24797],[-106.67587,46.24662],[-106.67626,46.24662],[-106.67626,46.24635],[-106.67665,46.24635],[-106.67665,46.24608],[-106.67743,46.24608],[-106.67743,46.24581],[-106.67899,46.24554],[-106.67899,46.24446],[-106.67938,46.24446],[-106.67938,46.24419],[-106.68055,46.24419],[-106.68055,46.24366],[-106.68211,46.24392],[-106.68211,46.24366],[-106.68133,46.24339],[-106.68133,46.24258],[-106.6825,46.24258],[-106.6825,46.24285],[-106.68289,46.24285],[-106.68289,46.24312],[-106.68406,46.24312],[-106.68406,46.24231],[-106.68445,46.24231],[-106.68445,46.24204],[-106.68484,46.24204],[-106.68484,46.24177],[-106.68717,46.24177],[-106.68717,46.24123],[-106.68678,46.24123],[-106.68678,46.24069],[-106.68639,46.24069],[-106.68639,46.24015],[-106.686,46.24015],[-106.686,46.23988],[-106.68678,46.23988],[-106.68678,46.24015],[-106.68717,46.24015],[-106.68717,46.24042],[-106.68873,46.24042],[-106.68873,46.23934],[-106.68912,46.23934],[-106.68912,46.23853],[-106.69107,46.23853],[-106.69107,46.2388],[-106.69146,46.2388],[-106.69146,46.23907],[-106.69224,46.23907],[-106.69224,46.23934],[-106.69263,46.23934],[-106.69263,46.23961],[-106.69302,46.23961],[-106.69302,46.23934],[-106.6938,46.23907],[-106.6938,46.23853],[-106.69419,46.23853],[-106.69419,46.23746],[-106.6938,46.23746],[-106.6938,46.23692],[-106.69341,46.23692],[-106.69341,46.23638],[-106.6938,46.23638],[-106.6938,46.23557],[-106.69341,46.23557],[-106.69341,46.23476],[-106.69419,46.23476],[-106.69419,46.23449],[-106.69458,46.23449],[-106.69458,46.23395],[-106.69536,46.23395],[-106.69536,46.23341],[-106.69497,46.23341],[-106.69497,46.23261],[-106.69536,46.23261],[-106.69536,46.23207],[-106.69614,46.23207],[-106.69614,46.23153],[-106.69536,46.23126],[-106.69536,46.22991],[-106.69497,46.22991],[-106.69497,46.2291],[-106.69458,46.2291],[-106.69458,46.22856],[-106.69536,46.22829],[-106.69536,46.22776],[-106.69497,46.22776],[-106.69497,46.22722],[-106.69536,46.22722],[-106.69536,46.22695],[-106.69847,46.22641],[-106.69847,46.22587],[-106.69808,46.22587],[-106.69808,46.2256],[-106.69847,46.2256],[-106.69847,46.22506],[-106.69886,46.22506],[-106.69886,46.22479],[-106.69808,46.22479],[-106.69808,46.22452],[-106.69769,46.22452],[-106.69769,46.22425],[-106.69653,46.22425],[-106.69653,46.22398],[-106.69614,46.22398],[-106.69614,46.22371],[-106.6973,46.22371],[-106.6973,46.22398],[-106.69808,46.22371],[-106.69808,46.2229],[-106.69769,46.2229],[-106.69769,46.22263],[-106.69653,46.22263],[-106.69653,46.22237],[-106.6973,46.2221],[-106.6973,46.22129],[-106.69769,46.22129],[-106.69769,46.22102],[-106.69808,46.22102],[-106.69808,46.22075],[-106.69886,46.22075],[-106.69886,46.21994],[-106.69692,46.21994],[-106.69692,46.21967],[-106.6973,46.21967],[-106.6973,46.21913],[-106.69769,46.21913],[-106.69769,46.21886],[-106.6973,46.21886],[-106.6973,46.21832],[-106.69692,46.21832],[-106.69692,46.21778],[-106.69614,46.21751],[-106.69614,46.21671],[-106.69692,46.21671],[-106.69692,46.21644],[-106.69653,46.21644],[-106.69653,46.2159],[-106.69536,46.2159],[-106.69536,46.21563],[-106.69497,46.21563],[-106.69497,46.21536],[-106.69341,46.21536],[-106.69341,46.21509],[-106.6938,46.21509],[-106.6938,46.21482],[-106.69497,46.21482],[-106.69497,46.21509],[-106.69575,46.21509],[-106.69575,46.21455],[-106.69614,46.21455],[-106.69614,46.21482],[-106.69692,46.21482],[-106.69692,46.21455],[-106.6973,46.21455],[-106.6973,46.21401],[-106.69653,46.21401],[-106.69653,46.21374],[-106.69575,46.21374],[-106.69575,46.21401],[-106.69536,46.21401],[-106.69536,46.21374],[-106.69458,46.21374],[-106.69458,46.21401],[-106.69419,46.21401],[-106.69419,46.21455],[-106.69341,46.21455],[-106.69341,46.21482],[-106.69263,46.21482],[-106.69263,46.21509],[-106.69224,46.21509],[-106.69224,46.21428],[-106.69263,46.21428],[-106.69263,46.21347],[-106.69224,46.21347],[-106.69224,46.21293],[-106.69185,46.21293],[-106.69185,46.2132],[-106.69029,46.21293],[-106.69029,46.21239],[-106.6899,46.21239],[-106.6899,46.21212],[-106.69029,46.21212],[-106.69029,46.21159],[-106.68951,46.21185],[-106.68951,46.21024],[-106.6899,46.21024],[-106.6899,46.20997],[-106.69146,46.20997],[-106.69146,46.21024],[-106.69302,46.21024],[-106.69302,46.21051],[-106.6938,46.21051],[-106.6938,46.21105],[-106.69419,46.21105],[-106.69419,46.21239],[-106.69458,46.21239],[-106.69458,46.21266],[-106.69497,46.21266],[-106.69497,46.21239],[-106.69536,46.21239],[-106.69536,46.21212],[-106.69575,46.21212],[-106.69575,46.21159],[-106.69614,46.21159],[-106.69614,46.21105],[-106.69653,46.21105],[-106.69653,46.21078],[-106.6973,46.21078],[-106.6973,46.21051],[-106.69808,46.21051],[-106.69808,46.21159],[-106.69847,46.21159],[-106.69847,46.21185],[-106.69886,46.21185],[-106.69886,46.21212],[-106.69925,46.21212],[-106.69925,46.21266],[-106.70003,46.21266],[-106.70003,46.21212],[-106.69964,46.21212],[-106.69964,46.21132],[-106.69925,46.21132],[-106.69925,46.21078],[-106.69886,46.21078],[-106.69886,46.21024],[-106.69847,46.21024],[-106.69847,46.20997],[-106.69925,46.20997],[-106.69925,46.2097],[-106.70081,46.2097],[-106.70081,46.20943],[-106.7012,46.20943],[-106.7012,46.20889],[-106.70159,46.20889],[-106.70159,46.20943],[-106.70198,46.20943],[-106.70198,46.2097],[-106.70237,46.2097],[-106.70237,46.20997],[-106.70432,46.20997],[-106.70432,46.2097],[-106.70393,46.2097],[-106.70393,46.20943],[-106.70432,46.20943],[-106.70432,46.20889],[-106.70471,46.20889],[-106.70471,46.20862],[-106.70549,46.20862],[-106.70549,46.20889],[-106.70705,46.20889],[-106.70705,46.20916],[-106.70744,46.20916],[-106.70744,46.21024],[-106.70783,46.21024],[-106.70783,46.21078],[-106.7086,46.21105],[-106.7086,46.21132],[-106.70938,46.21132],[-106.70938,46.21159],[-106.70977,46.21159],[-106.70977,46.21239],[-106.70938,46.21239],[-106.70938,46.21266],[-106.70977,46.21266],[-106.70977,46.2132],[-106.71016,46.2132],[-106.71016,46.21347],[-106.71094,46.21347],[-106.71094,46.2132],[-106.71133,46.2132],[-106.71133,46.21185],[-106.71172,46.21185],[-106.71172,46.21132],[-106.71211,46.21132],[-106.71211,46.21105],[-106.7125,46.21105],[-106.7125,46.21078],[-106.71406,46.21051],[-106.71406,46.21024],[-106.71445,46.21024],[-106.71445,46.20997],[-106.7164,46.20997],[-106.7164,46.21024],[-106.71679,46.21024],[-106.71679,46.21051],[-106.71718,46.21051],[-106.71718,46.21159],[-106.71757,46.21159],[-106.71757,46.21212],[-106.71796,46.21212],[-106.71796,46.21239],[-106.71757,46.21239],[-106.71757,46.2132],[-106.71874,46.2132],[-106.71874,46.21293],[-106.71952,46.21266],[-106.71952,46.21212],[-106.7199,46.21212],[-106.7199,46.21185],[-106.72341,46.21185],[-106.72341,46.21212],[-106.7238,46.21212],[-106.7238,46.21293],[-106.72458,46.2132],[-106.72458,46.21374],[-106.72497,46.21374],[-106.72497,46.21401],[-106.72419,46.21401],[-106.72419,46.21455],[-106.72458,46.21455],[-106.72458,46.21482],[-106.72614,46.21482],[-106.72614,46.21455],[-106.72653,46.21455],[-106.72653,46.21428],[-106.72731,46.21428],[-106.72731,46.21455],[-106.7277,46.21455],[-106.7277,46.21536],[-106.72848,46.21536],[-106.72848,46.2159],[-106.72926,46.2159],[-106.72926,46.21617],[-106.72965,46.21617],[-106.72965,46.21832],[-106.72926,46.21832],[-106.72926,46.21913],[-106.72965,46.21913],[-106.72965,46.2194],[-106.73004,46.2194],[-106.73004,46.21913],[-106.73082,46.21913],[-106.73082,46.21859],[-106.73159,46.21859],[-106.73159,46.21886],[-106.73198,46.21886],[-106.73198,46.21913],[-106.73393,46.21913],[-106.73393,46.21886],[-106.73432,46.21886],[-106.73432,46.21805],[-106.73471,46.21805],[-106.73471,46.21886],[-106.73549,46.21886],[-106.73549,46.21859],[-106.73588,46.21859],[-106.73588,46.2194],[-106.73549,46.2194],[-106.73549,46.21994],[-106.73627,46.21994],[-106.73627,46.22048],[-106.73705,46.22075],[-106.73705,46.22102],[-106.73627,46.22102],[-106.73627,46.22183],[-106.73666,46.22183],[-106.73666,46.2229],[-106.73705,46.2229],[-106.73705,46.22398],[-106.73744,46.22398],[-106.73744,46.22479],[-106.73783,46.22479],[-106.73783,46.22506],[-106.73861,46.22506],[-106.73861,46.22614],[-106.739,46.22614],[-106.739,46.22641],[-106.74134,46.22668],[-106.74134,46.2291],[-106.74056,46.22937],[-106.74056,46.22991],[-106.74134,46.22991],[-106.74134,46.23018],[-106.74173,46.23018],[-106.74173,46.23072],[-106.74095,46.23099],[-106.74095,46.23153],[-106.74134,46.23153],[-106.74134,46.2318],[-106.74251,46.2318],[-106.74251,46.23207],[-106.74289,46.23207],[-106.74289,46.23261],[-106.74367,46.23261],[-106.74367,46.23288],[-106.74445,46.23314],[-106.74445,46.23395],[-106.74406,46.23395],[-106.74406,46.23449],[-106.74445,46.23449],[-106.74445,46.2353],[-106.74406,46.2353],[-106.74406,46.23557],[-106.74484,46.23584]],[[-106.68055,46.24446],[-106.68094,46.24446],[-106.68094,46.24419],[-106.68055,46.24419],[-106.68055,46.24446]],[[-106.68873,46.24069],[-106.68912,46.24069],[-106.68912,46.24042],[-106.68873,46.24042],[-106.68873,46.24069]],[[-106.69263,46.21293],[-106.69263,46.21266],[-106.69224,46.21266],[-106.69224,46.21293],[-106.69263,46.21293]],[[-106.69302,46.21266],[-106.69302,46.21239],[-106.69263,46.21239],[-106.69263,46.21266],[-106.69302,46.21266]],[[-106.69341,46.21239],[-106.69341,46.21185],[-106.69302,46.21185],[-106.69302,46.21239],[-106.69341,46.21239]],[[-106.74406,46.23503],[-106.74367,46.23503],[-106.74367,46.2353],[-106.74406,46.2353],[-106.74406,46.23503]],[[-106.68172,46.2547],[-106.68172,46.25443],[-106.68133,46.25443],[-106.68133,46.25417],[-106.68055,46.25417],[-106.68055,46.2547],[-106.68133,46.2547],[-106.68133,46.25497],[-106.68172,46.25497],[-106.68172,46.25551],[-106.68406,46.25551],[-106.68406,46.25497],[-106.68328,46.25497],[-106.68328,46.2547],[-106.68172,46.2547]],[[-106.68873,46.25497],[-106.68834,46.25497],[-106.68834,46.25524],[-106.68951,46.25524],[-106.68951,46.25497],[-106.68912,46.25497],[-106.68912,46.25443],[-106.68873,46.25443],[-106.68873,46.25497]],[[-106.6899,46.25497],[-106.6899,46.2547],[-106.69146,46.2547],[-106.69146,46.25417],[-106.69107,46.25417],[-106.69107,46.25443],[-106.68951,46.25443],[-106.68951,46.25497],[-106.6899,46.25497]],[[-106.67704,46.25228],[-106.67704,46.25282],[-106.67782,46.25255],[-106.67782,46.25228],[-106.67704,46.25228]],[[-106.67276,46.25174],[-106.67276,46.25255],[-106.67354,46.25255],[-106.67354,46.25228],[-106.67315,46.25228],[-106.67315,46.25174],[-106.67276,46.25174]],[[-106.67587,46.24931],[-106.67587,46.24905],[-106.67548,46.24905],[-106.67548,46.24931],[-106.67587,46.24931]],[[-106.67782,46.24608],[-106.67782,46.24635],[-106.67743,46.24635],[-106.67743,46.24662],[-106.67821,46.24662],[-106.67821,46.24689],[-106.67977,46.24689],[-106.67977,46.24635],[-106.6786,46.24635],[-106.6786,46.24608],[-106.67782,46.24608]],[[-106.74406,46.24608],[-106.74445,46.24608],[-106.74445,46.24554],[-106.74484,46.24554],[-106.74484,46.245],[-106.74406,46.24527],[-106.74406,46.24608]],[[-106.74523,46.245],[-106.74523,46.24473],[-106.74484,46.24473],[-106.74484,46.245],[-106.74523,46.245]],[[-106.7238,46.245],[-106.7238,46.24473],[-106.72341,46.24473],[-106.72341,46.245],[-106.7238,46.245]],[[-106.69886,46.245],[-106.69886,46.24473],[-106.69847,46.24473],[-106.69847,46.245],[-106.69886,46.245]],[[-106.74523,46.24231],[-106.74523,46.24204],[-106.74484,46.24204],[-106.74484,46.24231],[-106.74523,46.24231]],[[-106.74562,46.23961],[-106.74562,46.23934],[-106.74484,46.23934],[-106.74484,46.23961],[-106.74562,46.23961]],[[-106.74328,46.23773],[-106.74328,46.23719],[-106.74289,46.23719],[-106.74289,46.23773],[-106.74328,46.23773]],[[-106.70627,46.23557],[-106.70627,46.2353],[-106.70588,46.2353],[-106.70588,46.23557],[-106.70627,46.23557]],[[-106.69614,46.22856],[-106.69614,46.22883],[-106.69692,46.22883],[-106.69692,46.2291],[-106.69847,46.22883],[-106.69847,46.22856],[-106.69614,46.22856]],[[-106.69886,46.21536],[-106.69886,46.21482],[-106.69847,46.21482],[-106.69847,46.21509],[-106.69808,46.21509],[-106.69808,46.21536],[-106.6973,46.21563],[-106.6973,46.2159],[-106.69808,46.2159],[-106.69808,46.21563],[-106.69886,46.21536]],[[-106.69886,46.2132],[-106.69886,46.21293],[-106.69847,46.21293],[-106.69847,46.21266],[-106.6973,46.21266],[-106.6973,46.21239],[-106.69692,46.21239],[-106.69692,46.21266],[-106.69614,46.21266],[-106.69614,46.2132],[-106.69653,46.2132],[-106.69653,46.21347],[-106.69692,46.21347],[-106.69692,46.21374],[-106.69847,46.21374],[-106.69847,46.21347],[-106.69925,46.21347],[-106.69925,46.2132],[-106.69886,46.2132]],[[-106.69692,46.21185],[-106.69692,46.21132],[-106.69653,46.21132],[-106.69653,46.21185],[-106.69692,46.21185]]],[[[-106.69341,46.23638],[-106.69302,46.23638],[-106.69302,46.23611],[-106.69341,46.23611],[-106.69341,46.23638]]],[[[-106.68211,46.25659],[-106.68172,46.25659],[-106.68172,46.25632],[-106.68211,46.25632],[-106.68211,46.25659]]],[[[-106.70393,46.25686],[-106.70354,46.25686],[-106.70354,46.25659],[-106.70393,46.25659],[-106.70393,46.25686]]],[[[-106.68172,46.25686],[-106.68133,46.25686],[-106.68133,46.25659],[-106.68172,46.25659],[-106.68172,46.25686]]]]},"properties":{"layer":"predicted_reach_h20","fire_name":"Valley","irwin_id":"{5E97EF7C-2039-44B3-8665-ADB0336B5488}","model":"arrival_run","checkpoint_epoch":216,"decode":"connected_causal","operating_point":{"floor":0.0,"mult":0.9},"val_precision":null,"val_recall":null,"model_caveat":"arrival_run chosen for best RECALL among the six FlameFlux v3 candidates on the production-valid t0-window corpus (R=0.624 on the fc2 held-out fires, R=0.432 on Dillon -- see candidate_comparison.md from the 2026-07-24 comparison). It does NOT meet the project's P>=0.50/R>=0.80 target: precision is the WORST of the six (P=0.120 on fc2 -- most flagged growth is wrong), and wind_run actually edges it on F1. IMPORTANT CAVEAT: arrival_run trained on the leaky 'observed' corpus (crop centered/sized on t0|t1, i.e. it saw the future perimeter's geometry during training) and has NEVER seen a t0-window crop -- the ONLY geometry this live pipeline can ever produce at forecast time (the future perimeter is, by definition, unknown). So every live prediction from this model is out-of-distribution relative to its own training. The measured t0-window numbers above already reflect that (they are not a surprise), but this is 'best available', not 'production-ready' -- represent it that way. The operating_point (floor=0.0, mult=0.9) is the VAL-selected connected-causal decode point; it did NOT clear the 0.50 precision floor during selection (feasible=False, val P=0.270/R=0.259) -- it's the best-F1 fallback point, not a precision-guaranteed one.","issued_at_utc":"2026-08-20 13:46:34.611898+00:00","valid_from_utc":"2026-08-20 00:00:00","valid_to_utc":"2026-08-21 00:00:00","wfigs_date_current_utc":"2026-08-20 12:05:00+00:00","pixel_size_m":30,"veg_source":"refreshed_d4","physics_source":"eikonal_fbfm40","history_n_dates":1,"degraded_history":true,"containment_pct":0.0,"acres_wfigs":224.5330361499428,"hour":20,"valid_at_utc":"2026-08-20 20:00:00"}},{"type":"Feature","geometry":{"type":"MultiPolygon","coordinates":[[[[-106.73627,46.21859],[-106.73588,46.21859],[-106.73588,46.21832],[-106.73627,46.21832],[-106.73627,46.21859]]],[[[-106.74562,46.23665],[-106.74562,46.23692],[-106.74601,46.23692],[-106.74601,46.23746],[-106.74679,46.23746],[-106.74679,46.23773],[-106.74718,46.23773],[-106.74718,46.23853],[-106.74757,46.23853],[-106.74757,46.23961],[-106.74796,46.23961],[-106.74796,46.24015],[-106.74835,46.24015],[-106.74835,46.24123],[-106.74913,46.24123],[-106.74913,46.2415],[-106.74952,46.2415],[-106.74952,46.24204],[-106.74913,46.24204],[-106.74913,46.24258],[-106.74874,46.24258],[-106.74874,46.24231],[-106.74835,46.24231],[-106.74835,46.24204],[-106.74796,46.24204],[-106.74796,46.24231],[-106.74757,46.24231],[-106.74757,46.24258],[-106.74679,46.24285],[-106.74679,46.24339],[-106.74757,46.24366],[-106.74757,46.24392],[-106.74913,46.24392],[-106.74913,46.24419],[-106.74835,46.24419],[-106.74835,46.24473],[-106.74757,46.24473],[-106.74757,46.24527],[-106.74718,46.24527],[-106.74718,46.24608],[-106.74679,46.24608],[-106.74679,46.24662],[-106.74757,46.24662],[-106.74757,46.24716],[-106.74835,46.24743],[-106.74835,46.24797],[-106.74757,46.24797],[-106.74757,46.24824],[-106.74601,46.24824],[-106.74601,46.24878],[-106.74523,46.24851],[-106.74523,46.25012],[-106.74406,46.25012],[-106.74406,46.25039],[-106.74484,46.25066],[-106.74484,46.25093],[-106.74445,46.25093],[-106.74445,46.25147],[-106.74367,46.25147],[-106.74367,46.2512],[-106.74328,46.2512],[-106.74328,46.25174],[-106.74251,46.25174],[-106.74251,46.25147],[-106.74212,46.25147],[-106.74212,46.2512],[-106.74173,46.2512],[-106.74173,46.25147],[-106.74134,46.25147],[-106.74134,46.25174],[-106.74056,46.25174],[-106.74056,46.25201],[-106.74017,46.25201],[-106.74017,46.25228],[-106.73978,46.25228],[-106.73978,46.25201],[-106.73939,46.25201],[-106.73939,46.25228],[-106.73861,46.25228],[-106.73861,46.25201],[-106.73666,46.25201],[-106.73666,46.25228],[-106.73588,46.25228],[-106.73588,46.25282],[-106.73471,46.25282],[-106.73471,46.25255],[-106.73432,46.25255],[-106.73432,46.25228],[-106.73354,46.25228],[-106.73354,46.25255],[-106.73082,46.25255],[-106.73082,46.25282],[-106.7277,46.25282],[-106.7277,46.25255],[-106.72731,46.25255],[-106.72731,46.25282],[-106.72419,46.25282],[-106.72419,46.25255],[-106.72302,46.25255],[-106.72302,46.25228],[-106.72224,46.25228],[-106.72224,46.25147],[-106.72146,46.2512],[-106.72146,46.25093],[-106.72224,46.25093],[-106.72224,46.2512],[-106.72263,46.2512],[-106.72263,46.25039],[-106.72302,46.25039],[-106.72302,46.24958],[-106.72146,46.24985],[-106.72146,46.24905],[-106.72185,46.24905],[-106.72185,46.24878],[-106.72263,46.24878],[-106.72263,46.24851],[-106.72302,46.24851],[-106.72302,46.24824],[-106.72419,46.24824],[-106.72419,46.24797],[-106.72497,46.24797],[-106.72497,46.24689],[-106.72458,46.24689],[-106.72458,46.24635],[-106.7238,46.24635],[-106.7238,46.24608],[-106.72341,46.24608],[-106.72341,46.24581],[-106.72263,46.24581],[-106.72263,46.24716],[-106.72224,46.24716],[-106.72224,46.24743],[-106.72146,46.2477],[-106.72146,46.24824],[-106.72107,46.24824],[-106.72107,46.24878],[-106.72068,46.24878],[-106.72068,46.24931],[-106.72029,46.24931],[-106.72029,46.24985],[-106.7199,46.24985],[-106.7199,46.25066],[-106.71952,46.25066],[-106.71952,46.25093],[-106.7199,46.25093],[-106.7199,46.2512],[-106.72029,46.2512],[-106.72029,46.25147],[-106.72107,46.25147],[-106.72107,46.25228],[-106.72068,46.25228],[-106.72068,46.25255],[-106.71796,46.25255],[-106.71796,46.25282],[-106.71562,46.25282],[-106.71562,46.25309],[-106.71445,46.25309],[-106.71445,46.25336],[-106.7125,46.25336],[-106.7125,46.25363],[-106.71094,46.25363],[-106.71094,46.2539],[-106.70705,46.2539],[-106.70705,46.25417],[-106.70432,46.25417],[-106.70432,46.25443],[-106.70315,46.25443],[-106.70315,46.2547],[-106.69925,46.2547],[-106.69925,46.25497],[-106.69886,46.25497],[-106.69886,46.25524],[-106.69847,46.25524],[-106.69847,46.2547],[-106.69769,46.2547],[-106.69769,46.25443],[-106.69536,46.25417],[-106.69536,46.25443],[-106.69458,46.25443],[-106.69458,46.25497],[-106.69419,46.25497],[-106.69419,46.25578],[-106.69497,46.25578],[-106.69497,46.25605],[-106.69263,46.25578],[-106.69263,46.25605],[-106.69185,46.25605],[-106.69185,46.25632],[-106.69029,46.25632],[-106.69029,46.25659],[-106.68912,46.25659],[-106.68912,46.25632],[-106.68834,46.25632],[-106.68834,46.25659],[-106.68406,46.25659],[-106.68406,46.25686],[-106.68328,46.25686],[-106.68328,46.25659],[-106.68367,46.25659],[-106.68367,46.25632],[-106.68133,46.25605],[-106.68133,46.25578],[-106.68094,46.25578],[-106.68094,46.25551],[-106.68016,46.25551],[-106.68016,46.25497],[-106.67821,46.25497],[-106.67821,46.25524],[-106.67782,46.25524],[-106.67782,46.25497],[-106.67743,46.25497],[-106.67743,46.25524],[-106.67704,46.25524],[-106.67704,46.25497],[-106.67587,46.25497],[-106.67587,46.25417],[-106.67626,46.25417],[-106.67626,46.25363],[-106.67431,46.25363],[-106.67431,46.25336],[-106.67393,46.25336],[-106.67393,46.25309],[-106.67354,46.25309],[-106.67354,46.25363],[-106.67393,46.25363],[-106.67393,46.2539],[-106.67276,46.2539],[-106.67276,46.25417],[-106.67237,46.25417],[-106.67237,46.25497],[-106.67276,46.25497],[-106.67276,46.25524],[-106.67315,46.25524],[-106.67315,46.25551],[-106.67276,46.25551],[-106.67276,46.25578],[-106.67198,46.25578],[-106.67198,46.25551],[-106.67081,46.25551],[-106.67081,46.25524],[-106.67042,46.25524],[-106.67042,46.25497],[-106.67003,46.25497],[-106.67003,46.2547],[-106.66964,46.2547],[-106.66964,46.25443],[-106.66886,46.25443],[-106.66886,46.2539],[-106.66847,46.2539],[-106.66847,46.25336],[-106.66808,46.25336],[-106.66808,46.25309],[-106.66769,46.25309],[-106.66769,46.25282],[-106.66652,46.25282],[-106.66652,46.25255],[-106.66535,46.25255],[-106.66535,46.25228],[-106.66457,46.25228],[-106.66457,46.25174],[-106.66418,46.25174],[-106.66418,46.25147],[-106.66379,46.25147],[-106.66379,46.2512],[-106.66224,46.2512],[-106.66224,46.25066],[-106.66301,46.25066],[-106.66301,46.25012],[-106.66224,46.25012],[-106.66224,46.24985],[-106.6634,46.24985],[-106.6634,46.25012],[-106.66379,46.25012],[-106.66379,46.24931],[-106.6634,46.24931],[-106.6634,46.24905],[-106.66224,46.24905],[-106.66224,46.24851],[-106.66379,46.24824],[-106.66379,46.2477],[-106.66418,46.2477],[-106.66418,46.24689],[-106.66457,46.24689],[-106.66457,46.24662],[-106.66691,46.24662],[-106.66691,46.24635],[-106.67237,46.24635],[-106.67237,46.24662],[-106.67276,46.24662],[-106.67276,46.24689],[-106.67354,46.24689],[-106.67354,46.24743],[-106.67393,46.24743],[-106.67393,46.2477],[-106.67548,46.2477],[-106.67548,46.24743],[-106.67587,46.24743],[-106.67587,46.24635],[-106.67626,46.24635],[-106.67626,46.24608],[-106.67704,46.24608],[-106.67704,46.24581],[-106.67782,46.24581],[-106.67782,46.24554],[-106.6786,46.24554],[-106.6786,46.24527],[-106.67899,46.24527],[-106.67899,46.24392],[-106.67938,46.24392],[-106.67938,46.24419],[-106.68055,46.24419],[-106.68055,46.24366],[-106.68211,46.24392],[-106.68211,46.24366],[-106.68133,46.24339],[-106.68133,46.24258],[-106.6825,46.24258],[-106.6825,46.24285],[-106.68289,46.24285],[-106.68289,46.24312],[-106.68406,46.24312],[-106.68406,46.24231],[-106.68445,46.24231],[-106.68445,46.24204],[-106.68484,46.24204],[-106.68484,46.24177],[-106.68717,46.24177],[-106.68717,46.24123],[-106.68678,46.24123],[-106.68678,46.24069],[-106.68639,46.24069],[-106.68639,46.24015],[-106.686,46.24015],[-106.686,46.23988],[-106.68678,46.23988],[-106.68678,46.24015],[-106.68717,46.24015],[-106.68717,46.24042],[-106.68873,46.24042],[-106.68873,46.23934],[-106.68912,46.23934],[-106.68912,46.23853],[-106.68795,46.23853],[-106.68795,46.23827],[-106.6899,46.23827],[-106.6899,46.23853],[-106.69146,46.23853],[-106.69146,46.2388],[-106.69224,46.23907],[-106.69224,46.23934],[-106.69341,46.23934],[-106.69341,46.2388],[-106.6938,46.2388],[-106.6938,46.238],[-106.69419,46.238],[-106.69419,46.23773],[-106.6938,46.23773],[-106.6938,46.23692],[-106.69341,46.23692],[-106.69341,46.23665],[-106.69302,46.23665],[-106.69302,46.23638],[-106.69263,46.23638],[-106.69263,46.23611],[-106.69341,46.23611],[-106.69341,46.23638],[-106.6938,46.23638],[-106.6938,46.23557],[-106.69341,46.23557],[-106.69341,46.23476],[-106.69419,46.23449],[-106.69419,46.23422],[-106.69458,46.23422],[-106.69458,46.23395],[-106.69536,46.23395],[-106.69536,46.23341],[-106.69497,46.23341],[-106.69497,46.23261],[-106.69536,46.23261],[-106.69536,46.23207],[-106.69614,46.23207],[-106.69614,46.23153],[-106.69536,46.23126],[-106.69536,46.22991],[-106.69497,46.22991],[-106.69497,46.2291],[-106.69458,46.2291],[-106.69458,46.22856],[-106.69536,46.22829],[-106.69536,46.22776],[-106.69497,46.22776],[-106.69497,46.22722],[-106.69536,46.22722],[-106.69536,46.22695],[-106.69847,46.22641],[-106.69847,46.22587],[-106.69808,46.22587],[-106.69808,46.2256],[-106.69847,46.2256],[-106.69847,46.22506],[-106.69886,46.22506],[-106.69886,46.22479],[-106.69808,46.22479],[-106.69808,46.22452],[-106.69769,46.22452],[-106.69769,46.22425],[-106.69653,46.22425],[-106.69653,46.22398],[-106.69614,46.22398],[-106.69614,46.22371],[-106.6973,46.22371],[-106.6973,46.22398],[-106.69808,46.22371],[-106.69808,46.2229],[-106.69769,46.2229],[-106.69769,46.22263],[-106.69653,46.22263],[-106.69653,46.22237],[-106.6973,46.2221],[-106.6973,46.22129],[-106.69769,46.22129],[-106.69769,46.22102],[-106.69808,46.22102],[-106.69808,46.22075],[-106.69886,46.22075],[-106.69886,46.21994],[-106.69692,46.21994],[-106.69692,46.21967],[-106.6973,46.21967],[-106.6973,46.21913],[-106.69769,46.21913],[-106.69769,46.21886],[-106.6973,46.21886],[-106.6973,46.21832],[-106.69692,46.21832],[-106.69692,46.21778],[-106.69614,46.21751],[-106.69614,46.21671],[-106.69692,46.21671],[-106.69692,46.21644],[-106.69653,46.21644],[-106.69653,46.2159],[-106.69536,46.2159],[-106.69536,46.21563],[-106.69497,46.21563],[-106.69497,46.21536],[-106.69341,46.21536],[-106.69341,46.21509],[-106.6938,46.21509],[-106.6938,46.21482],[-106.69497,46.21482],[-106.69497,46.21509],[-106.69575,46.21509],[-106.69575,46.21455],[-106.69614,46.21455],[-106.69614,46.21482],[-106.69692,46.21482],[-106.69692,46.21455],[-106.6973,46.21455],[-106.6973,46.21401],[-106.69653,46.21401],[-106.69653,46.21374],[-106.69575,46.21374],[-106.69575,46.21401],[-106.69536,46.21401],[-106.69536,46.21374],[-106.69458,46.21374],[-106.69458,46.21401],[-106.69419,46.21401],[-106.69419,46.21455],[-106.69341,46.21455],[-106.69341,46.21482],[-106.69263,46.21482],[-106.69263,46.21509],[-106.69224,46.21509],[-106.69224,46.21428],[-106.69263,46.21428],[-106.69263,46.21347],[-106.69224,46.21347],[-106.69224,46.21293],[-106.69146,46.2132],[-106.69146,46.21401],[-106.69107,46.21401],[-106.69107,46.21347],[-106.69068,46.21347],[-106.69068,46.2132],[-106.6899,46.2132],[-106.6899,46.21293],[-106.68951,46.21293],[-106.68951,46.21266],[-106.69029,46.21266],[-106.69029,46.21239],[-106.68951,46.21239],[-106.68951,46.21185],[-106.68912,46.21185],[-106.68912,46.21051],[-106.68951,46.21051],[-106.68951,46.20997],[-106.69341,46.20997],[-106.69341,46.21024],[-106.6938,46.21024],[-106.6938,46.20997],[-106.69419,46.20997],[-106.69419,46.2097],[-106.6973,46.2097],[-106.6973,46.20943],[-106.69808,46.20943],[-106.69808,46.20916],[-106.69847,46.20916],[-106.69847,46.20889],[-106.69886,46.20889],[-106.69886,46.20862],[-106.69964,46.20862],[-106.69964,46.20889],[-106.70315,46.20889],[-106.70315,46.20862],[-106.70393,46.20862],[-106.70393,46.20835],[-106.70588,46.20835],[-106.70588,46.20862],[-106.70744,46.20862],[-106.70744,46.20889],[-106.70783,46.20889],[-106.70783,46.20943],[-106.70822,46.20943],[-106.70822,46.2097],[-106.7086,46.2097],[-106.7086,46.20997],[-106.70899,46.20997],[-106.70899,46.21024],[-106.70977,46.21051],[-106.70977,46.21078],[-106.71133,46.21051],[-106.71133,46.21024],[-106.71172,46.21024],[-106.71172,46.20997],[-106.71367,46.20997],[-106.71367,46.2097],[-106.71601,46.20943],[-106.71601,46.2097],[-106.71679,46.2097],[-106.71679,46.20997],[-106.71757,46.21024],[-106.71757,46.21159],[-106.71796,46.21159],[-106.71796,46.21185],[-106.71913,46.21185],[-106.71913,46.21159],[-106.72146,46.21159],[-106.72146,46.21185],[-106.72419,46.21185],[-106.72419,46.21212],[-106.72458,46.21212],[-106.72458,46.21239],[-106.72497,46.21239],[-106.72497,46.21293],[-106.72575,46.2132],[-106.72575,46.21347],[-106.72614,46.21347],[-106.72614,46.21374],[-106.72653,46.21374],[-106.72653,46.21401],[-106.72809,46.21428],[-106.72809,46.21482],[-106.72848,46.21482],[-106.72848,46.21509],[-106.72887,46.21509],[-106.72887,46.21536],[-106.72965,46.21563],[-106.72965,46.21617],[-106.73004,46.21617],[-106.73004,46.21778],[-106.73043,46.21778],[-106.73043,46.21805],[-106.73198,46.21805],[-106.73198,46.21751],[-106.73237,46.21751],[-106.73237,46.21724],[-106.73393,46.21724],[-106.73393,46.21698],[-106.73432,46.21698],[-106.73432,46.21805],[-106.73471,46.21805],[-106.73471,46.21886],[-106.73549,46.21886],[-106.73549,46.21859],[-106.73588,46.21859],[-106.73588,46.2194],[-106.73549,46.2194],[-106.73549,46.21994],[-106.73627,46.21994],[-106.73627,46.21967],[-106.73666,46.21967],[-106.73666,46.22048],[-106.73744,46.22075],[-106.73744,46.22102],[-106.73705,46.22102],[-106.73705,46.22237],[-106.73861,46.2229],[-106.73861,46.22344],[-106.73783,46.22371],[-106.73783,46.22425],[-106.73861,46.22452],[-106.73861,46.22479],[-106.73939,46.22479],[-106.73939,46.22506],[-106.74056,46.22506],[-106.74056,46.22614],[-106.74095,46.22614],[-106.74095,46.22641],[-106.74173,46.22668],[-106.74173,46.22722],[-106.74212,46.22722],[-106.74212,46.22749],[-106.74173,46.22749],[-106.74173,46.22776],[-106.74212,46.22776],[-106.74212,46.22802],[-106.74173,46.22802],[-106.74173,46.22991],[-106.74212,46.22991],[-106.74212,46.23072],[-106.74173,46.23072],[-106.74173,46.23126],[-106.74134,46.23126],[-106.74134,46.23153],[-106.74289,46.23153],[-106.74289,46.23207],[-106.74328,46.23207],[-106.74328,46.23261],[-106.74445,46.23261],[-106.74445,46.23288],[-106.74406,46.23288],[-106.74406,46.23314],[-106.74445,46.23314],[-106.74445,46.23395],[-106.74406,46.23395],[-106.74406,46.23449],[-106.74445,46.23449],[-106.74445,46.2353],[-106.74406,46.2353],[-106.74406,46.23557],[-106.74484,46.23584],[-106.74484,46.23611],[-106.7464,46.23611],[-106.7464,46.23638],[-106.74562,46.23665]],[[-106.66379,46.25039],[-106.66418,46.25039],[-106.66418,46.25012],[-106.66379,46.25012],[-106.66379,46.25039]],[[-106.68055,46.24446],[-106.68094,46.24446],[-106.68094,46.24419],[-106.68055,46.24419],[-106.68055,46.24446]],[[-106.68873,46.24069],[-106.68912,46.24069],[-106.68912,46.24042],[-106.68873,46.24042],[-106.68873,46.24069]],[[-106.69263,46.21293],[-106.69263,46.21266],[-106.69224,46.21266],[-106.69224,46.21293],[-106.69263,46.21293]],[[-106.69302,46.21266],[-106.69302,46.21239],[-106.69263,46.21239],[-106.69263,46.21266],[-106.69302,46.21266]],[[-106.69341,46.21239],[-106.69341,46.21185],[-106.69302,46.21185],[-106.69302,46.21239],[-106.69341,46.21239]],[[-106.69107,46.2132],[-106.69107,46.21293],[-106.69068,46.21293],[-106.69068,46.2132],[-106.69107,46.2132]],[[-106.74406,46.23503],[-106.74367,46.23503],[-106.74367,46.2353],[-106.74406,46.2353],[-106.74406,46.23503]],[[-106.68172,46.2547],[-106.68172,46.25443],[-106.68133,46.25443],[-106.68133,46.25417],[-106.68055,46.25417],[-106.68055,46.2547],[-106.68133,46.2547],[-106.68133,46.25497],[-106.68172,46.25497],[-106.68172,46.25551],[-106.68406,46.25551],[-106.68406,46.25497],[-106.68328,46.25497],[-106.68328,46.2547],[-106.68172,46.2547]],[[-106.68873,46.25497],[-106.68834,46.25497],[-106.68834,46.25524],[-106.68951,46.25524],[-106.68951,46.25497],[-106.68912,46.25497],[-106.68912,46.25443],[-106.68873,46.25443],[-106.68873,46.25497]],[[-106.6899,46.25497],[-106.6899,46.2547],[-106.69146,46.2547],[-106.69146,46.25417],[-106.69107,46.25417],[-106.69107,46.25443],[-106.68951,46.25443],[-106.68951,46.25497],[-106.6899,46.25497]],[[-106.67704,46.25228],[-106.67704,46.25282],[-106.67782,46.25255],[-106.67782,46.25228],[-106.67704,46.25228]],[[-106.67276,46.25174],[-106.67276,46.25255],[-106.67354,46.25255],[-106.67354,46.25228],[-106.67315,46.25228],[-106.67315,46.25174],[-106.67276,46.25174]],[[-106.72341,46.25147],[-106.72341,46.25174],[-106.72419,46.25174],[-106.72419,46.2512],[-106.72302,46.2512],[-106.72302,46.25147],[-106.72341,46.25147]],[[-106.74328,46.25093],[-106.74328,46.25066],[-106.74289,46.25066],[-106.74289,46.25093],[-106.74328,46.25093]],[[-106.74289,46.25039],[-106.74289,46.25012],[-106.74251,46.25012],[-106.74251,46.25039],[-106.74289,46.25039]],[[-106.67587,46.24931],[-106.67587,46.24905],[-106.67548,46.24905],[-106.67548,46.24931],[-106.67587,46.24931]],[[-106.67782,46.24608],[-106.67782,46.24635],[-106.67743,46.24635],[-106.67743,46.24662],[-106.67821,46.24662],[-106.67821,46.24689],[-106.67977,46.24689],[-106.67977,46.24635],[-106.6786,46.24635],[-106.6786,46.24608],[-106.67782,46.24608]],[[-106.69886,46.245],[-106.69886,46.24473],[-106.69847,46.24473],[-106.69847,46.245],[-106.69886,46.245]],[[-106.74328,46.23773],[-106.74328,46.23719],[-106.74289,46.23719],[-106.74289,46.23773],[-106.74328,46.23773]],[[-106.70627,46.23557],[-106.70627,46.2353],[-106.70588,46.2353],[-106.70588,46.23557],[-106.70627,46.23557]],[[-106.69614,46.22856],[-106.69614,46.22883],[-106.69692,46.22883],[-106.69692,46.2291],[-106.69847,46.22883],[-106.69847,46.22856],[-106.69614,46.22856]],[[-106.69886,46.21536],[-106.69886,46.21482],[-106.69847,46.21482],[-106.69847,46.21509],[-106.69808,46.21509],[-106.69808,46.21536],[-106.6973,46.21563],[-106.6973,46.2159],[-106.69808,46.2159],[-106.69808,46.21563],[-106.69886,46.21536]],[[-106.69886,46.2132],[-106.69886,46.21293],[-106.69847,46.21293],[-106.69847,46.21266],[-106.6973,46.21266],[-106.6973,46.21239],[-106.69692,46.21239],[-106.69692,46.21266],[-106.69614,46.21266],[-106.69614,46.2132],[-106.69653,46.2132],[-106.69653,46.21347],[-106.69692,46.21347],[-106.69692,46.21374],[-106.69847,46.21374],[-106.69847,46.21347],[-106.69925,46.21347],[-106.69925,46.2132],[-106.69886,46.2132]],[[-106.69925,46.21132],[-106.69925,46.21078],[-106.69886,46.21078],[-106.69886,46.21024],[-106.69808,46.21051],[-106.69808,46.21159],[-106.69847,46.21159],[-106.69847,46.21185],[-106.69886,46.21185],[-106.69886,46.21212],[-106.69925,46.21212],[-106.69925,46.21266],[-106.70003,46.21266],[-106.70003,46.21212],[-106.69964,46.21212],[-106.69964,46.21132],[-106.69925,46.21132]],[[-106.69692,46.21185],[-106.69692,46.21132],[-106.69653,46.21132],[-106.69653,46.21185],[-106.69692,46.21185]]],[[[-106.7464,46.23611],[-106.7464,46.23584],[-106.74679,46.23584],[-106.74679,46.23611],[-106.7464,46.23611]]],[[[-106.72146,46.2512],[-106.72146,46.25147],[-106.72107,46.25147],[-106.72107,46.2512],[-106.72146,46.2512]]],[[[-106.70237,46.25632],[-106.70471,46.25632],[-106.70471,46.25686],[-106.70432,46.25686],[-106.70432,46.25713],[-106.70354,46.25713],[-106.70354,46.2574],[-106.70315,46.2574],[-106.70315,46.25713],[-106.70276,46.25713],[-106.70276,46.25686],[-106.70081,46.25686],[-106.70081,46.25659],[-106.70237,46.25659],[-106.70237,46.25632]],[[-106.70354,46.25686],[-106.70354,46.25659],[-106.70276,46.25659],[-106.70276,46.25686],[-106.70354,46.25686]]],[[[-106.70042,46.25713],[-106.70003,46.25713],[-106.70003,46.25686],[-106.70042,46.25686],[-106.70042,46.25713]]],[[[-106.70276,46.25713],[-106.70276,46.2574],[-106.70198,46.2574],[-106.70198,46.25767],[-106.70159,46.25767],[-106.70159,46.25713],[-106.70276,46.25713]]],[[[-106.69224,46.21428],[-106.69146,46.21428],[-106.69146,46.21401],[-106.69224,46.21401],[-106.69224,46.21428]]],[[[-106.66107,46.24905],[-106.66068,46.24905],[-106.66068,46.24878],[-106.66107,46.24878],[-106.66107,46.24905]]],[[[-106.69847,46.25551],[-106.69808,46.25551],[-106.69808,46.25524],[-106.69847,46.25524],[-106.69847,46.25551]]],[[[-106.6973,46.25578],[-106.69692,46.25578],[-106.69692,46.25551],[-106.6973,46.25551],[-106.6973,46.25578]]],[[[-106.69653,46.25605],[-106.69614,46.25605],[-106.69614,46.25578],[-106.69653,46.25578],[-106.69653,46.25605]]],[[[-106.68172,46.25632],[-106.68211,46.25632],[-106.68211,46.25659],[-106.6825,46.25659],[-106.6825,46.25686],[-106.68133,46.25686],[-106.68133,46.25659],[-106.68172,46.25659],[-106.68172,46.25632]]]]},"properties":{"layer":"predicted_reach_h21","fire_name":"Valley","irwin_id":"{5E97EF7C-2039-44B3-8665-ADB0336B5488}","model":"arrival_run","checkpoint_epoch":216,"decode":"connected_causal","operating_point":{"floor":0.0,"mult":0.9},"val_precision":null,"val_recall":null,"model_caveat":"arrival_run chosen for best RECALL among the six FlameFlux v3 candidates on the production-valid t0-window corpus (R=0.624 on the fc2 held-out fires, R=0.432 on Dillon -- see candidate_comparison.md from the 2026-07-24 comparison). It does NOT meet the project's P>=0.50/R>=0.80 target: precision is the WORST of the six (P=0.120 on fc2 -- most flagged growth is wrong), and wind_run actually edges it on F1. IMPORTANT CAVEAT: arrival_run trained on the leaky 'observed' corpus (crop centered/sized on t0|t1, i.e. it saw the future perimeter's geometry during training) and has NEVER seen a t0-window crop -- the ONLY geometry this live pipeline can ever produce at forecast time (the future perimeter is, by definition, unknown). So every live prediction from this model is out-of-distribution relative to its own training. The measured t0-window numbers above already reflect that (they are not a surprise), but this is 'best available', not 'production-ready' -- represent it that way. The operating_point (floor=0.0, mult=0.9) is the VAL-selected connected-causal decode point; it did NOT clear the 0.50 precision floor during selection (feasible=False, val P=0.270/R=0.259) -- it's the best-F1 fallback point, not a precision-guaranteed one.","issued_at_utc":"2026-08-20 13:46:34.611898+00:00","valid_from_utc":"2026-08-20 00:00:00","valid_to_utc":"2026-08-21 00:00:00","wfigs_date_current_utc":"2026-08-20 12:05:00+00:00","pixel_size_m":30,"veg_source":"refreshed_d4","physics_source":"eikonal_fbfm40","history_n_dates":1,"degraded_history":true,"containment_pct":0.0,"acres_wfigs":224.5330361499428,"hour":21,"valid_at_utc":"2026-08-20 21:00:00"}},{"type":"Feature","geometry":{"type":"MultiPolygon","coordinates":[[[[-106.71952,46.20997],[-106.71952,46.21024],[-106.71913,46.21024],[-106.71913,46.20997],[-106.71952,46.20997]]],[[[-106.72107,46.20997],[-106.72107,46.21024],[-106.72068,46.21024],[-106.72068,46.21051],[-106.7199,46.21051],[-106.7199,46.20997],[-106.72107,46.20997]]],[[[-106.73627,46.21832],[-106.73627,46.21859],[-106.73588,46.21859],[-106.73588,46.21832],[-106.73627,46.21832]]],[[[-106.70977,46.25578],[-106.70977,46.25551],[-106.71016,46.25551],[-106.71016,46.25578],[-106.70977,46.25578]]],[[[-106.70977,46.25578],[-106.70977,46.25605],[-106.70938,46.25605],[-106.70938,46.25578],[-106.70977,46.25578]]],[[[-106.7086,46.25578],[-106.7086,46.25605],[-106.70783,46.25632],[-106.70783,46.25578],[-106.7086,46.25578]]],[[[-106.74484,46.23584],[-106.74484,46.23611],[-106.7464,46.23611],[-106.7464,46.23584],[-106.74718,46.23611],[-106.74718,46.23638],[-106.74679,46.23638],[-106.74679,46.23719],[-106.74757,46.23746],[-106.74757,46.238],[-106.74796,46.238],[-106.74796,46.23853],[-106.74835,46.23853],[-106.74835,46.23907],[-106.74913,46.23934],[-106.74913,46.24069],[-106.74952,46.24069],[-106.74952,46.24123],[-106.74991,46.24123],[-106.74991,46.24204],[-106.7503,46.24204],[-106.7503,46.24285],[-106.75069,46.24285],[-106.75069,46.24312],[-106.7503,46.24312],[-106.7503,46.24446],[-106.74991,46.24446],[-106.74991,46.24662],[-106.7503,46.24662],[-106.7503,46.24689],[-106.75108,46.24716],[-106.75108,46.2477],[-106.75147,46.2477],[-106.75147,46.24824],[-106.75069,46.24797],[-106.75069,46.24851],[-106.74991,46.24851],[-106.74991,46.24905],[-106.74913,46.24905],[-106.74913,46.24958],[-106.74835,46.24958],[-106.74835,46.25012],[-106.74757,46.25012],[-106.74757,46.25039],[-106.7464,46.25039],[-106.7464,46.25066],[-106.74601,46.25066],[-106.74601,46.2512],[-106.74523,46.2512],[-106.74523,46.25093],[-106.74445,46.25093],[-106.74445,46.25147],[-106.74367,46.25147],[-106.74367,46.2512],[-106.74328,46.2512],[-106.74328,46.25201],[-106.74251,46.25201],[-106.74251,46.25174],[-106.74212,46.25174],[-106.74212,46.25201],[-106.74134,46.25201],[-106.74134,46.25228],[-106.73978,46.25228],[-106.73978,46.25201],[-106.73939,46.25201],[-106.73939,46.25228],[-106.73861,46.25228],[-106.73861,46.25255],[-106.73783,46.25255],[-106.73783,46.25228],[-106.73744,46.25228],[-106.73744,46.25255],[-106.73666,46.25255],[-106.73666,46.25282],[-106.73043,46.25282],[-106.73043,46.25309],[-106.73004,46.25309],[-106.73004,46.25282],[-106.72614,46.25282],[-106.72614,46.25309],[-106.72185,46.25309],[-106.72185,46.25282],[-106.72146,46.25282],[-106.72146,46.25309],[-106.71913,46.25309],[-106.71913,46.25336],[-106.71835,46.25336],[-106.71835,46.25363],[-106.71718,46.25363],[-106.71718,46.2539],[-106.71679,46.2539],[-106.71679,46.25363],[-106.7164,46.25363],[-106.7164,46.2539],[-106.7125,46.2539],[-106.7125,46.25417],[-106.71172,46.25417],[-106.71172,46.25443],[-106.71133,46.25443],[-106.71133,46.2547],[-106.71094,46.2547],[-106.71094,46.25497],[-106.70977,46.25497],[-106.70977,46.25443],[-106.70783,46.25443],[-106.70783,46.2547],[-106.70549,46.2547],[-106.70549,46.25497],[-106.70276,46.25497],[-106.70276,46.25524],[-106.70042,46.25524],[-106.70042,46.25497],[-106.69964,46.25497],[-106.69964,46.25524],[-106.69925,46.25524],[-106.69925,46.25551],[-106.69886,46.25551],[-106.69886,46.25578],[-106.69808,46.25578],[-106.69808,46.25605],[-106.69653,46.25605],[-106.69653,46.25632],[-106.69302,46.25632],[-106.69302,46.25659],[-106.69263,46.25659],[-106.69263,46.25632],[-106.69146,46.25632],[-106.69146,46.25659],[-106.68717,46.25659],[-106.68717,46.25686],[-106.68484,46.25686],[-106.68484,46.25713],[-106.68445,46.25713],[-106.68445,46.25686],[-106.68406,46.25686],[-106.68406,46.25713],[-106.68172,46.25713],[-106.68172,46.25686],[-106.68133,46.25686],[-106.68133,46.25659],[-106.68172,46.25659],[-106.68172,46.25632],[-106.68211,46.25632],[-106.68211,46.25659],[-106.6825,46.25659],[-106.6825,46.25686],[-106.68328,46.25686],[-106.68328,46.25659],[-106.68367,46.25659],[-106.68367,46.25632],[-106.68133,46.25605],[-106.68133,46.25578],[-106.68094,46.25578],[-106.68094,46.25551],[-106.68016,46.25551],[-106.68016,46.25497],[-106.67821,46.25497],[-106.67821,46.25524],[-106.67782,46.25524],[-106.67782,46.25497],[-106.67743,46.25497],[-106.67743,46.25524],[-106.67704,46.25524],[-106.67704,46.25497],[-106.67587,46.25497],[-106.67587,46.25417],[-106.67626,46.25417],[-106.67626,46.25363],[-106.67431,46.25363],[-106.67431,46.25336],[-106.67393,46.25336],[-106.67393,46.25309],[-106.67354,46.25309],[-106.67354,46.25363],[-106.67393,46.25363],[-106.67393,46.2539],[-106.67276,46.2539],[-106.67276,46.25417],[-106.67237,46.25417],[-106.67237,46.25497],[-106.67276,46.25497],[-106.67276,46.25524],[-106.67315,46.25524],[-106.67315,46.25551],[-106.67276,46.25551],[-106.67276,46.25578],[-106.67159,46.25578],[-106.67159,46.25551],[-106.6712,46.25551],[-106.6712,46.25605],[-106.67081,46.25605],[-106.67081,46.25578],[-106.67042,46.25578],[-106.67042,46.25551],[-106.66964,46.25524],[-106.66964,46.25497],[-106.66847,46.25497],[-106.66847,46.2547],[-106.66808,46.2547],[-106.66808,46.25443],[-106.66769,46.25443],[-106.66769,46.25417],[-106.6673,46.25417],[-106.6673,46.2539],[-106.66652,46.2539],[-106.66652,46.25363],[-106.66613,46.25363],[-106.66613,46.25336],[-106.66457,46.25336],[-106.66457,46.25309],[-106.66379,46.25309],[-106.66379,46.25282],[-106.66301,46.25255],[-106.66301,46.25201],[-106.66146,46.25174],[-106.66146,46.25147],[-106.66185,46.25147],[-106.66185,46.2512],[-106.66146,46.2512],[-106.66146,46.25066],[-106.66224,46.25093],[-106.66224,46.25066],[-106.66301,46.25066],[-106.66301,46.25012],[-106.66224,46.25012],[-106.66224,46.24985],[-106.66185,46.24985],[-106.66185,46.24958],[-106.66107,46.24958],[-106.66107,46.24905],[-106.66224,46.24905],[-106.66224,46.24797],[-106.66301,46.2477],[-106.66301,46.24716],[-106.6634,46.24716],[-106.6634,46.24689],[-106.66457,46.24689],[-106.66457,46.24662],[-106.66691,46.24662],[-106.66691,46.24635],[-106.67159,46.24635],[-106.67159,46.24608],[-106.67315,46.24608],[-106.67315,46.24635],[-106.67354,46.24635],[-106.67354,46.24689],[-106.67393,46.24689],[-106.67393,46.24743],[-106.67509,46.24743],[-106.67509,46.24716],[-106.67548,46.24716],[-106.67548,46.24662],[-106.67587,46.24662],[-106.67587,46.24635],[-106.67626,46.24635],[-106.67626,46.24608],[-106.67665,46.24608],[-106.67665,46.24581],[-106.67743,46.24581],[-106.67743,46.24554],[-106.67821,46.24554],[-106.67821,46.24527],[-106.67899,46.245],[-106.67899,46.24339],[-106.67938,46.24339],[-106.67938,46.24419],[-106.68055,46.24419],[-106.68055,46.24366],[-106.68211,46.24392],[-106.68211,46.24366],[-106.68133,46.24339],[-106.68133,46.24258],[-106.6825,46.24258],[-106.6825,46.24285],[-106.68289,46.24285],[-106.68289,46.24312],[-106.68406,46.24312],[-106.68406,46.24231],[-106.68445,46.24231],[-106.68445,46.24204],[-106.68484,46.24204],[-106.68484,46.24177],[-106.68717,46.24177],[-106.68717,46.24123],[-106.68678,46.24123],[-106.68678,46.24069],[-106.68639,46.24069],[-106.68639,46.24015],[-106.686,46.24015],[-106.686,46.23988],[-106.68678,46.23988],[-106.68678,46.24015],[-106.68717,46.24015],[-106.68717,46.24042],[-106.68873,46.24042],[-106.68873,46.23934],[-106.68912,46.23934],[-106.68912,46.23853],[-106.68795,46.23853],[-106.68795,46.23827],[-106.69146,46.23827],[-106.69146,46.23853],[-106.69224,46.23853],[-106.69224,46.2388],[-106.69263,46.2388],[-106.69263,46.23907],[-106.69341,46.2388],[-106.69341,46.23827],[-106.6938,46.23827],[-106.6938,46.23746],[-106.69341,46.23746],[-106.69341,46.23692],[-106.69302,46.23692],[-106.69302,46.23665],[-106.69263,46.23665],[-106.69263,46.23611],[-106.69341,46.23611],[-106.69341,46.23638],[-106.6938,46.23638],[-106.6938,46.23557],[-106.69341,46.23557],[-106.69341,46.23449],[-106.69419,46.23422],[-106.69419,46.23341],[-106.69458,46.23341],[-106.69458,46.23395],[-106.69536,46.23395],[-106.69536,46.23341],[-106.69497,46.23341],[-106.69497,46.23261],[-106.69536,46.23261],[-106.69536,46.23207],[-106.69614,46.23207],[-106.69614,46.23153],[-106.69536,46.23126],[-106.69536,46.22991],[-106.69497,46.22991],[-106.69497,46.2291],[-106.69458,46.2291],[-106.69458,46.22856],[-106.69536,46.22829],[-106.69536,46.22776],[-106.69497,46.22776],[-106.69497,46.22722],[-106.69536,46.22722],[-106.69536,46.22695],[-106.69847,46.22641],[-106.69847,46.22587],[-106.69808,46.22587],[-106.69808,46.2256],[-106.69847,46.2256],[-106.69847,46.22506],[-106.69886,46.22506],[-106.69886,46.22479],[-106.69808,46.22479],[-106.69808,46.22452],[-106.69769,46.22452],[-106.69769,46.22425],[-106.69653,46.22425],[-106.69653,46.22398],[-106.69614,46.22398],[-106.69614,46.22371],[-106.6973,46.22371],[-106.6973,46.22398],[-106.69808,46.22371],[-106.69808,46.2229],[-106.69769,46.2229],[-106.69769,46.22263],[-106.69653,46.22263],[-106.69653,46.22237],[-106.6973,46.2221],[-106.6973,46.22129],[-106.69769,46.22129],[-106.69769,46.22102],[-106.69808,46.22102],[-106.69808,46.22075],[-106.69886,46.22075],[-106.69886,46.21994],[-106.69692,46.21994],[-106.69692,46.21967],[-106.6973,46.21967],[-106.6973,46.21913],[-106.69769,46.21913],[-106.69769,46.21886],[-106.6973,46.21886],[-106.6973,46.21832],[-106.69692,46.21832],[-106.69692,46.21778],[-106.69614,46.21751],[-106.69614,46.21671],[-106.69692,46.21671],[-106.69692,46.21644],[-106.69653,46.21644],[-106.69653,46.2159],[-106.69536,46.2159],[-106.69536,46.21563],[-106.69497,46.21563],[-106.69497,46.21536],[-106.69341,46.21536],[-106.69341,46.21509],[-106.6938,46.21509],[-106.6938,46.21482],[-106.69497,46.21482],[-106.69497,46.21509],[-106.69575,46.21509],[-106.69575,46.21455],[-106.69614,46.21455],[-106.69614,46.21482],[-106.69692,46.21482],[-106.69692,46.21455],[-106.6973,46.21455],[-106.6973,46.21401],[-106.69653,46.21401],[-106.69653,46.21374],[-106.69575,46.21374],[-106.69575,46.21401],[-106.69536,46.21401],[-106.69536,46.21374],[-106.69458,46.21374],[-106.69458,46.21401],[-106.69419,46.21401],[-106.69419,46.21455],[-106.69341,46.21455],[-106.69341,46.21482],[-106.69263,46.21482],[-106.69263,46.21509],[-106.69224,46.21509],[-106.69224,46.21428],[-106.69068,46.21428],[-106.69068,46.2132],[-106.69029,46.2132],[-106.69029,46.21347],[-106.68951,46.2132],[-106.68951,46.21266],[-106.68912,46.21266],[-106.68912,46.21185],[-106.68873,46.21185],[-106.68873,46.21051],[-106.68951,46.21024],[-106.68951,46.20997],[-106.6899,46.20997],[-106.6899,46.2097],[-106.69185,46.2097],[-106.69185,46.20943],[-106.69341,46.20943],[-106.69341,46.20916],[-106.69419,46.20916],[-106.69419,46.20889],[-106.69458,46.20889],[-106.69458,46.20862],[-106.69614,46.20862],[-106.69614,46.20889],[-106.69692,46.20889],[-106.69692,46.20862],[-106.69808,46.20862],[-106.69808,46.20835],[-106.69847,46.20835],[-106.69847,46.20808],[-106.70042,46.20808],[-106.70042,46.20835],[-106.70159,46.20835],[-106.70159,46.20808],[-106.70354,46.20808],[-106.70354,46.20781],[-106.70432,46.20808],[-106.70432,46.20781],[-106.70471,46.20781],[-106.70471,46.20808],[-106.70705,46.20808],[-106.70705,46.20835],[-106.7086,46.20835],[-106.7086,46.20862],[-106.70938,46.20862],[-106.70938,46.20889],[-106.71406,46.20889],[-106.71406,46.20916],[-106.71445,46.20916],[-106.71445,46.20889],[-106.71562,46.20889],[-106.71562,46.20916],[-106.71679,46.20916],[-106.71679,46.20943],[-106.71718,46.20943],[-106.71718,46.2097],[-106.71796,46.2097],[-106.71796,46.20997],[-106.71874,46.2097],[-106.71874,46.21078],[-106.71835,46.21078],[-106.71835,46.21132],[-106.72068,46.21132],[-106.72068,46.21105],[-106.72146,46.21105],[-106.72146,46.21078],[-106.72185,46.21078],[-106.72185,46.21105],[-106.72263,46.21105],[-106.72263,46.21132],[-106.72341,46.21132],[-106.72341,46.21159],[-106.72419,46.21159],[-106.72419,46.21185],[-106.72497,46.21185],[-106.72497,46.21239],[-106.72575,46.21266],[-106.72575,46.21293],[-106.72653,46.21293],[-106.72653,46.2132],[-106.72692,46.2132],[-106.72692,46.21347],[-106.72731,46.21347],[-106.72731,46.21374],[-106.72809,46.21374],[-106.72809,46.21428],[-106.72887,46.21428],[-106.72887,46.21482],[-106.72926,46.21482],[-106.72926,46.21509],[-106.72965,46.21509],[-106.72965,46.21536],[-106.73004,46.21536],[-106.73004,46.2159],[-106.73043,46.2159],[-106.73043,46.21644],[-106.73082,46.21644],[-106.73082,46.21698],[-106.73121,46.21698],[-106.73121,46.21724],[-106.73159,46.21724],[-106.73159,46.21698],[-106.73237,46.21698],[-106.73237,46.21671],[-106.73315,46.21671],[-106.73315,46.21644],[-106.73393,46.21644],[-106.73393,46.21698],[-106.73432,46.21698],[-106.73432,46.21805],[-106.73471,46.21805],[-106.73471,46.21886],[-106.73549,46.21886],[-106.73549,46.21859],[-106.73588,46.21859],[-106.73588,46.2194],[-106.73549,46.2194],[-106.73549,46.21994],[-106.73627,46.21994],[-106.73627,46.21967],[-106.73666,46.21967],[-106.73666,46.22048],[-106.73705,46.22048],[-106.73705,46.22075],[-106.73783,46.22075],[-106.73783,46.22183],[-106.73822,46.22183],[-106.73822,46.22237],[-106.73978,46.22237],[-106.73978,46.22317],[-106.73939,46.22317],[-106.73939,46.22344],[-106.73978,46.22344],[-106.73978,46.22371],[-106.73939,46.22371],[-106.73939,46.22398],[-106.74017,46.22425],[-106.74017,46.22479],[-106.74056,46.22479],[-106.74056,46.22506],[-106.74134,46.22506],[-106.74134,46.2256],[-106.74173,46.2256],[-106.74173,46.22641],[-106.74212,46.22641],[-106.74212,46.22695],[-106.74251,46.22695],[-106.74251,46.2291],[-106.74212,46.2291],[-106.74212,46.22964],[-106.74251,46.22964],[-106.74251,46.23099],[-106.74212,46.23099],[-106.74212,46.23126],[-106.74328,46.23126],[-106.74328,46.23153],[-106.74367,46.23153],[-106.74367,46.23234],[-106.74445,46.23261],[-106.74445,46.23288],[-106.74406,46.23288],[-106.74406,46.23314],[-106.74445,46.23314],[-106.74445,46.23395],[-106.74406,46.23395],[-106.74406,46.23449],[-106.74445,46.23449],[-106.74445,46.2353],[-106.74406,46.2353],[-106.74406,46.23557],[-106.74484,46.23584]],[[-106.68055,46.24446],[-106.68094,46.24446],[-106.68094,46.24419],[-106.68055,46.24419],[-106.68055,46.24446]],[[-106.68873,46.24069],[-106.68912,46.24069],[-106.68912,46.24042],[-106.68873,46.24042],[-106.68873,46.24069]],[[-106.69263,46.21428],[-106.69263,46.21347],[-106.69224,46.21347],[-106.69224,46.21293],[-106.69146,46.2132],[-106.69146,46.21401],[-106.69224,46.21401],[-106.69224,46.21428],[-106.69263,46.21428]],[[-106.69263,46.21293],[-106.69263,46.21266],[-106.69224,46.21266],[-106.69224,46.21293],[-106.69263,46.21293]],[[-106.69302,46.21266],[-106.69302,46.21239],[-106.69263,46.21239],[-106.69263,46.21266],[-106.69302,46.21266]],[[-106.69341,46.21239],[-106.69341,46.21185],[-106.69302,46.21185],[-106.69302,46.21239],[-106.69341,46.21239]],[[-106.69107,46.2132],[-106.69107,46.21293],[-106.69068,46.21293],[-106.69068,46.2132],[-106.69107,46.2132]],[[-106.69029,46.21266],[-106.69029,46.21239],[-106.68951,46.21239],[-106.68951,46.21266],[-106.69029,46.21266]],[[-106.74406,46.23503],[-106.74367,46.23503],[-106.74367,46.2353],[-106.74406,46.2353],[-106.74406,46.23503]],[[-106.69808,46.25524],[-106.69808,46.2547],[-106.6973,46.2547],[-106.6973,46.25443],[-106.69497,46.25443],[-106.69497,46.2547],[-106.69458,46.2547],[-106.69458,46.25551],[-106.69497,46.25551],[-106.69497,46.25578],[-106.69614,46.25578],[-106.69614,46.25551],[-106.69692,46.25551],[-106.69692,46.25524],[-106.69808,46.25524]],[[-106.68172,46.2547],[-106.68172,46.25443],[-106.68133,46.25443],[-106.68133,46.25417],[-106.68055,46.25417],[-106.68055,46.2547],[-106.68133,46.2547],[-106.68133,46.25497],[-106.68172,46.25497],[-106.68172,46.25551],[-106.68406,46.25551],[-106.68406,46.25497],[-106.68328,46.25497],[-106.68328,46.2547],[-106.68172,46.2547]],[[-106.68873,46.25497],[-106.68834,46.25497],[-106.68834,46.25524],[-106.68951,46.25524],[-106.68951,46.25497],[-106.68912,46.25497],[-106.68912,46.25443],[-106.68873,46.25443],[-106.68873,46.25497]],[[-106.6899,46.25497],[-106.6899,46.2547],[-106.69146,46.2547],[-106.69146,46.25417],[-106.69107,46.25417],[-106.69107,46.25443],[-106.68951,46.25443],[-106.68951,46.25497],[-106.6899,46.25497]],[[-106.67704,46.25228],[-106.67704,46.25282],[-106.67782,46.25255],[-106.67782,46.25228],[-106.67704,46.25228]],[[-106.67276,46.25174],[-106.67276,46.25255],[-106.67354,46.25255],[-106.67354,46.25228],[-106.67315,46.25228],[-106.67315,46.25174],[-106.67276,46.25174]],[[-106.72107,46.25039],[-106.72107,46.24985],[-106.72068,46.24985],[-106.72068,46.25012],[-106.7199,46.25039],[-106.7199,46.25093],[-106.72029,46.25093],[-106.72029,46.2512],[-106.72107,46.2512],[-106.72107,46.25066],[-106.72146,46.25066],[-106.72146,46.25039],[-106.72107,46.25039]],[[-106.74718,46.25012],[-106.74718,46.24985],[-106.74679,46.24985],[-106.74679,46.25012],[-106.74718,46.25012]],[[-106.67587,46.24931],[-106.67587,46.24905],[-106.67548,46.24905],[-106.67548,46.24931],[-106.67587,46.24931]],[[-106.72341,46.24608],[-106.72263,46.24635],[-106.72263,46.24689],[-106.72302,46.24689],[-106.72302,46.24743],[-106.72224,46.24743],[-106.72224,46.2477],[-106.72185,46.2477],[-106.72185,46.24797],[-106.72146,46.24797],[-106.72146,46.24851],[-106.72302,46.24851],[-106.72302,46.24824],[-106.72341,46.24824],[-106.72341,46.24797],[-106.72419,46.24797],[-106.72419,46.2477],[-106.72458,46.2477],[-106.72458,46.24743],[-106.72497,46.24743],[-106.72497,46.24689],[-106.72419,46.24689],[-106.72419,46.24662],[-106.7238,46.24662],[-106.7238,46.24635],[-106.72341,46.24635],[-106.72341,46.24608]],[[-106.72458,46.24662],[-106.72458,46.24635],[-106.72419,46.24635],[-106.72419,46.24662],[-106.72458,46.24662]],[[-106.67782,46.24608],[-106.67782,46.24635],[-106.67743,46.24635],[-106.67743,46.24662],[-106.67821,46.24662],[-106.67821,46.24689],[-106.67977,46.24689],[-106.67977,46.24635],[-106.6786,46.24635],[-106.6786,46.24608],[-106.67782,46.24608]],[[-106.69886,46.245],[-106.69886,46.24473],[-106.69847,46.24473],[-106.69847,46.245],[-106.69886,46.245]],[[-106.74328,46.23773],[-106.74328,46.23719],[-106.74289,46.23719],[-106.74289,46.23773],[-106.74328,46.23773]],[[-106.70627,46.23557],[-106.70627,46.2353],[-106.70588,46.2353],[-106.70588,46.23557],[-106.70627,46.23557]],[[-106.69614,46.22856],[-106.69614,46.22883],[-106.69692,46.22883],[-106.69692,46.2291],[-106.69847,46.22883],[-106.69847,46.22856],[-106.69614,46.22856]],[[-106.73861,46.2229],[-106.73861,46.22263],[-106.73822,46.22263],[-106.73822,46.2229],[-106.73861,46.2229]],[[-106.69886,46.21536],[-106.69886,46.21482],[-106.69847,46.21482],[-106.69847,46.21509],[-106.69808,46.21509],[-106.69808,46.21536],[-106.6973,46.21563],[-106.6973,46.2159],[-106.69808,46.2159],[-106.69808,46.21563],[-106.69886,46.21536]],[[-106.69886,46.2132],[-106.69886,46.21293],[-106.69847,46.21293],[-106.69847,46.21266],[-106.6973,46.21266],[-106.6973,46.21239],[-106.69692,46.21239],[-106.69692,46.21266],[-106.69614,46.21266],[-106.69614,46.2132],[-106.69653,46.2132],[-106.69653,46.21347],[-106.69692,46.21347],[-106.69692,46.21374],[-106.69847,46.21374],[-106.69847,46.21347],[-106.69925,46.21347],[-106.69925,46.2132],[-106.69886,46.2132]],[[-106.69925,46.21132],[-106.69925,46.21078],[-106.69886,46.21078],[-106.69886,46.21024],[-106.69808,46.21051],[-106.69808,46.21159],[-106.69847,46.21159],[-106.69847,46.21185],[-106.69886,46.21185],[-106.69886,46.21212],[-106.69925,46.21212],[-106.69925,46.21266],[-106.70003,46.21266],[-106.70003,46.21212],[-106.69964,46.21212],[-106.69964,46.21132],[-106.69925,46.21132]],[[-106.69692,46.21185],[-106.69692,46.21132],[-106.69653,46.21132],[-106.69653,46.21185],[-106.69692,46.21185]]],[[[-106.69263,46.23611],[-106.69224,46.23611],[-106.69224,46.23584],[-106.69263,46.23584],[-106.69263,46.23611]]],[[[-106.66146,46.24824],[-106.66107,46.24824],[-106.66107,46.24797],[-106.66146,46.24797],[-106.66146,46.24824]]],[[[-106.66068,46.24824],[-106.66107,46.24824],[-106.66107,46.24905],[-106.6599,46.24905],[-106.6599,46.24851],[-106.66068,46.24851],[-106.66068,46.24824]]],[[[-106.69808,46.25767],[-106.69847,46.25767],[-106.69847,46.2574],[-106.69925,46.25713],[-106.69925,46.25686],[-106.69964,46.25686],[-106.69964,46.25659],[-106.70042,46.25659],[-106.70042,46.25632],[-106.70237,46.25632],[-106.70237,46.25605],[-106.70315,46.25605],[-106.70315,46.25578],[-106.7051,46.25578],[-106.7051,46.25632],[-106.70549,46.25632],[-106.70549,46.25686],[-106.7051,46.25686],[-106.7051,46.25713],[-106.70432,46.25713],[-106.70432,46.2574],[-106.70315,46.2574],[-106.70315,46.25767],[-106.70198,46.25767],[-106.70198,46.25794],[-106.70081,46.25794],[-106.70081,46.25821],[-106.70042,46.25821],[-106.70042,46.25794],[-106.69964,46.25794],[-106.69964,46.25767],[-106.69925,46.25767],[-106.69925,46.25794],[-106.69808,46.25794],[-106.69808,46.25767]],[[-106.70042,46.25767],[-106.70042,46.2574],[-106.69964,46.2574],[-106.69964,46.25767],[-106.70042,46.25767]],[[-106.70159,46.2574],[-106.70159,46.25713],[-106.70276,46.25713],[-106.70276,46.25686],[-106.70081,46.25686],[-106.70081,46.25713],[-106.70042,46.25713],[-106.70042,46.2574],[-106.70159,46.2574]],[[-106.70354,46.25686],[-106.70354,46.25659],[-106.70276,46.25659],[-106.70276,46.25686],[-106.70354,46.25686]]]]},"properties":{"layer":"predicted_reach_h22","fire_name":"Valley","irwin_id":"{5E97EF7C-2039-44B3-8665-ADB0336B5488}","model":"arrival_run","checkpoint_epoch":216,"decode":"connected_causal","operating_point":{"floor":0.0,"mult":0.9},"val_precision":null,"val_recall":null,"model_caveat":"arrival_run chosen for best RECALL among the six FlameFlux v3 candidates on the production-valid t0-window corpus (R=0.624 on the fc2 held-out fires, R=0.432 on Dillon -- see candidate_comparison.md from the 2026-07-24 comparison). It does NOT meet the project's P>=0.50/R>=0.80 target: precision is the WORST of the six (P=0.120 on fc2 -- most flagged growth is wrong), and wind_run actually edges it on F1. IMPORTANT CAVEAT: arrival_run trained on the leaky 'observed' corpus (crop centered/sized on t0|t1, i.e. it saw the future perimeter's geometry during training) and has NEVER seen a t0-window crop -- the ONLY geometry this live pipeline can ever produce at forecast time (the future perimeter is, by definition, unknown). So every live prediction from this model is out-of-distribution relative to its own training. The measured t0-window numbers above already reflect that (they are not a surprise), but this is 'best available', not 'production-ready' -- represent it that way. The operating_point (floor=0.0, mult=0.9) is the VAL-selected connected-causal decode point; it did NOT clear the 0.50 precision floor during selection (feasible=False, val P=0.270/R=0.259) -- it's the best-F1 fallback point, not a precision-guaranteed one.","issued_at_utc":"2026-08-20 13:46:34.611898+00:00","valid_from_utc":"2026-08-20 00:00:00","valid_to_utc":"2026-08-21 00:00:00","wfigs_date_current_utc":"2026-08-20 12:05:00+00:00","pixel_size_m":30,"veg_source":"refreshed_d4","physics_source":"eikonal_fbfm40","history_n_dates":1,"degraded_history":true,"containment_pct":0.0,"acres_wfigs":224.5330361499428,"hour":22,"valid_at_utc":"2026-08-20 22:00:00"}},{"type":"Feature","geometry":{"type":"MultiPolygon","coordinates":[[[[-106.73588,46.21832],[-106.73627,46.21832],[-106.73627,46.21859],[-106.73588,46.21859],[-106.73588,46.21832]]],[[[-106.69925,46.25848],[-106.69886,46.25848],[-106.69886,46.25875],[-106.69847,46.25875],[-106.69847,46.25848],[-106.69769,46.25848],[-106.69769,46.25875],[-106.6973,46.25875],[-106.6973,46.25848],[-106.69692,46.25848],[-106.69692,46.25794],[-106.6973,46.25794],[-106.6973,46.2574],[-106.69692,46.2574],[-106.69692,46.25713],[-106.69575,46.25713],[-106.69575,46.2574],[-106.69536,46.2574],[-106.69536,46.25767],[-106.69263,46.25767],[-106.69263,46.2574],[-106.69224,46.2574],[-106.69224,46.25767],[-106.69146,46.25767],[-106.69146,46.25794],[-106.69068,46.25794],[-106.69068,46.25821],[-106.68951,46.25821],[-106.68951,46.25794],[-106.68912,46.25794],[-106.68912,46.25821],[-106.68795,46.25821],[-106.68795,46.25713],[-106.68756,46.25713],[-106.68756,46.2574],[-106.68678,46.2574],[-106.68678,46.25767],[-106.68445,46.25767],[-106.68445,46.25794],[-106.68328,46.25794],[-106.68328,46.25767],[-106.6825,46.25767],[-106.6825,46.25794],[-106.68211,46.25794],[-106.68211,46.25821],[-106.68172,46.25821],[-106.68172,46.25848],[-106.68211,46.25848],[-106.68211,46.25875],[-106.68172,46.25875],[-106.68172,46.25902],[-106.68094,46.25902],[-106.68094,46.25929],[-106.68016,46.25929],[-106.68016,46.25875],[-106.67977,46.25875],[-106.67977,46.25848],[-106.68055,46.25848],[-106.68055,46.25794],[-106.68094,46.25794],[-106.68094,46.25767],[-106.68172,46.2574],[-106.68172,46.25686],[-106.68133,46.25686],[-106.68133,46.25659],[-106.68211,46.25632],[-106.68211,46.25659],[-106.6825,46.25659],[-106.6825,46.25686],[-106.68328,46.25686],[-106.68328,46.25659],[-106.68367,46.25659],[-106.68367,46.25632],[-106.68133,46.25605],[-106.68133,46.25578],[-106.68094,46.25578],[-106.68094,46.25551],[-106.68016,46.25551],[-106.68016,46.25497],[-106.67821,46.25497],[-106.67821,46.25524],[-106.67782,46.25524],[-106.67782,46.25497],[-106.67743,46.25497],[-106.67743,46.25524],[-106.67704,46.25524],[-106.67704,46.25497],[-106.67587,46.25497],[-106.67587,46.25417],[-106.67626,46.25417],[-106.67626,46.25363],[-106.67431,46.25363],[-106.67431,46.25336],[-106.67393,46.25336],[-106.67393,46.25309],[-106.67354,46.25309],[-106.67354,46.25363],[-106.67393,46.25363],[-106.67393,46.2539],[-106.67276,46.2539],[-106.67276,46.25417],[-106.67237,46.25417],[-106.67237,46.25497],[-106.67276,46.25497],[-106.67276,46.25524],[-106.67315,46.25524],[-106.67315,46.25551],[-106.67276,46.25551],[-106.67276,46.25578],[-106.67159,46.25578],[-106.67159,46.25551],[-106.6712,46.25551],[-106.6712,46.25605],[-106.67003,46.25605],[-106.67003,46.25578],[-106.66925,46.25578],[-106.66925,46.25551],[-106.66847,46.25551],[-106.66847,46.25524],[-106.66769,46.25524],[-106.66769,46.25497],[-106.6673,46.25497],[-106.6673,46.25524],[-106.66652,46.25524],[-106.66652,46.25497],[-106.66418,46.25497],[-106.66418,46.2547],[-106.6634,46.2547],[-106.6634,46.25443],[-106.66301,46.25443],[-106.66301,46.25417],[-106.66263,46.25417],[-106.66263,46.2539],[-106.66185,46.2539],[-106.66185,46.25417],[-106.66146,46.25417],[-106.66146,46.2539],[-106.6599,46.2539],[-106.6599,46.25363],[-106.65951,46.25363],[-106.65951,46.25336],[-106.6599,46.25336],[-106.6599,46.25309],[-106.66146,46.25309],[-106.66146,46.25282],[-106.66107,46.25282],[-106.66107,46.25228],[-106.66068,46.25228],[-106.66068,46.25201],[-106.66146,46.25201],[-106.66146,46.25147],[-106.66107,46.25147],[-106.66107,46.25174],[-106.66029,46.25174],[-106.66029,46.25147],[-106.65951,46.2512],[-106.65951,46.25066],[-106.6599,46.25066],[-106.6599,46.25039],[-106.66029,46.25039],[-106.66029,46.25093],[-106.66068,46.25093],[-106.66068,46.25066],[-106.66185,46.25066],[-106.66185,46.25093],[-106.66224,46.25093],[-106.66224,46.25066],[-106.66301,46.25066],[-106.66301,46.25012],[-106.66224,46.25012],[-106.66224,46.24985],[-106.66185,46.24985],[-106.66185,46.24958],[-106.66107,46.24958],[-106.66107,46.24905],[-106.6599,46.24905],[-106.6599,46.24743],[-106.66068,46.24743],[-106.66068,46.2477],[-106.66107,46.2477],[-106.66107,46.24743],[-106.66185,46.24716],[-106.66185,46.24689],[-106.66224,46.24689],[-106.66224,46.24662],[-106.66379,46.24662],[-106.66379,46.24689],[-106.66457,46.24689],[-106.66457,46.24662],[-106.66691,46.24662],[-106.66691,46.24635],[-106.67159,46.24635],[-106.67159,46.24608],[-106.67393,46.24608],[-106.67393,46.24581],[-106.67431,46.24581],[-106.67431,46.24635],[-106.67548,46.24635],[-106.67548,46.24608],[-106.67587,46.24608],[-106.67587,46.24581],[-106.67626,46.24581],[-106.67626,46.24554],[-106.67743,46.24554],[-106.67743,46.24527],[-106.67821,46.245],[-106.67821,46.24419],[-106.6786,46.24419],[-106.6786,46.24339],[-106.67899,46.24339],[-106.67899,46.24312],[-106.67938,46.24312],[-106.67938,46.24419],[-106.68055,46.24419],[-106.68055,46.24366],[-106.68211,46.24392],[-106.68211,46.24366],[-106.68133,46.24339],[-106.68133,46.24258],[-106.6825,46.24258],[-106.6825,46.24285],[-106.68289,46.24285],[-106.68289,46.24312],[-106.68406,46.24312],[-106.68406,46.24231],[-106.68445,46.24231],[-106.68445,46.24204],[-106.68484,46.24204],[-106.68484,46.24177],[-106.68717,46.24177],[-106.68717,46.24123],[-106.68678,46.24123],[-106.68678,46.24069],[-106.68639,46.24069],[-106.68639,46.24015],[-106.686,46.24015],[-106.686,46.23988],[-106.68678,46.23988],[-106.68678,46.24015],[-106.68717,46.24015],[-106.68717,46.24042],[-106.68873,46.24042],[-106.68873,46.23934],[-106.68912,46.23934],[-106.68912,46.23853],[-106.68795,46.23853],[-106.68795,46.23827],[-106.68834,46.23827],[-106.68834,46.238],[-106.69224,46.238],[-106.69224,46.23773],[-106.69302,46.23773],[-106.69302,46.23665],[-106.69263,46.23665],[-106.69263,46.23611],[-106.69341,46.23611],[-106.69341,46.23638],[-106.6938,46.23638],[-106.6938,46.23557],[-106.69341,46.23557],[-106.69341,46.23449],[-106.69419,46.23422],[-106.69419,46.23341],[-106.69458,46.23341],[-106.69458,46.23395],[-106.69536,46.23395],[-106.69536,46.23341],[-106.69497,46.23341],[-106.69497,46.23261],[-106.69536,46.23261],[-106.69536,46.23207],[-106.69614,46.23207],[-106.69614,46.23153],[-106.69536,46.23126],[-106.69536,46.22991],[-106.69497,46.22991],[-106.69497,46.2291],[-106.69458,46.2291],[-106.69458,46.22856],[-106.69536,46.22829],[-106.69536,46.22776],[-106.69497,46.22776],[-106.69497,46.22722],[-106.69536,46.22722],[-106.69536,46.22695],[-106.69614,46.22695],[-106.69614,46.22668],[-106.69769,46.22668],[-106.69769,46.22641],[-106.69847,46.22641],[-106.69847,46.22587],[-106.69808,46.22587],[-106.69808,46.2256],[-106.69847,46.2256],[-106.69847,46.22506],[-106.69886,46.22506],[-106.69886,46.22479],[-106.69808,46.22479],[-106.69808,46.22452],[-106.69769,46.22452],[-106.69769,46.22425],[-106.69653,46.22425],[-106.69653,46.22398],[-106.69614,46.22398],[-106.69614,46.22371],[-106.6973,46.22371],[-106.6973,46.22398],[-106.69808,46.22371],[-106.69808,46.2229],[-106.69769,46.2229],[-106.69769,46.22263],[-106.69653,46.22263],[-106.69653,46.22237],[-106.6973,46.2221],[-106.6973,46.22129],[-106.69769,46.22129],[-106.69769,46.22102],[-106.69808,46.22102],[-106.69808,46.22075],[-106.69886,46.22075],[-106.69886,46.21994],[-106.69692,46.21994],[-106.69692,46.21967],[-106.6973,46.21967],[-106.6973,46.21913],[-106.69769,46.21913],[-106.69769,46.21886],[-106.6973,46.21886],[-106.6973,46.21832],[-106.69692,46.21832],[-106.69692,46.21778],[-106.69614,46.21751],[-106.69614,46.21671],[-106.69692,46.21671],[-106.69692,46.21644],[-106.69653,46.21644],[-106.69653,46.2159],[-106.69536,46.2159],[-106.69536,46.21563],[-106.69497,46.21563],[-106.69497,46.21536],[-106.69341,46.21536],[-106.69341,46.21509],[-106.6938,46.21509],[-106.6938,46.21482],[-106.69497,46.21482],[-106.69497,46.21509],[-106.69575,46.21509],[-106.69575,46.21455],[-106.69614,46.21455],[-106.69614,46.21482],[-106.69692,46.21482],[-106.69692,46.21455],[-106.6973,46.21455],[-106.6973,46.21401],[-106.69653,46.21401],[-106.69653,46.21374],[-106.69575,46.21374],[-106.69575,46.21401],[-106.69536,46.21401],[-106.69536,46.21374],[-106.69458,46.21374],[-106.69458,46.21401],[-106.69419,46.21401],[-106.69419,46.21455],[-106.69341,46.21455],[-106.69341,46.21482],[-106.69263,46.21482],[-106.69263,46.21509],[-106.69224,46.21509],[-106.69224,46.21428],[-106.69068,46.21428],[-106.69068,46.2132],[-106.69029,46.2132],[-106.69029,46.21347],[-106.68951,46.21347],[-106.68951,46.2132],[-106.68873,46.21293],[-106.68873,46.21239],[-106.68834,46.21239],[-106.68834,46.21185],[-106.68795,46.21185],[-106.68795,46.21051],[-106.68834,46.21051],[-106.68834,46.20997],[-106.68912,46.20997],[-106.68912,46.2097],[-106.6899,46.2097],[-106.6899,46.20943],[-106.69068,46.20943],[-106.69068,46.20916],[-106.69263,46.20916],[-106.69263,46.20889],[-106.69341,46.20889],[-106.69341,46.20862],[-106.69419,46.20862],[-106.69419,46.20835],[-106.69769,46.20835],[-106.69769,46.20808],[-106.69964,46.20808],[-106.69964,46.20781],[-106.70042,46.20781],[-106.70042,46.20754],[-106.70666,46.20754],[-106.70666,46.20781],[-106.7086,46.20781],[-106.7086,46.20808],[-106.70977,46.20808],[-106.70977,46.20781],[-106.71055,46.20781],[-106.71055,46.20754],[-106.71172,46.20754],[-106.71172,46.20808],[-106.71211,46.20808],[-106.71211,46.20835],[-106.7125,46.20835],[-106.7125,46.20808],[-106.71406,46.20808],[-106.71406,46.20835],[-106.7164,46.20835],[-106.7164,46.20862],[-106.71757,46.20862],[-106.71757,46.20889],[-106.71913,46.20862],[-106.71913,46.20889],[-106.71952,46.20889],[-106.71952,46.20916],[-106.72068,46.20916],[-106.72068,46.20943],[-106.72146,46.20943],[-106.72146,46.20916],[-106.72185,46.20916],[-106.72185,46.2097],[-106.72224,46.2097],[-106.72224,46.20997],[-106.72341,46.20997],[-106.72341,46.21024],[-106.7238,46.21024],[-106.7238,46.21051],[-106.72419,46.21051],[-106.72419,46.21105],[-106.72575,46.21132],[-106.72575,46.21185],[-106.7277,46.21185],[-106.7277,46.21212],[-106.72809,46.21212],[-106.72809,46.21239],[-106.72887,46.21266],[-106.72887,46.21347],[-106.72965,46.21374],[-106.72965,46.21455],[-106.73004,46.21455],[-106.73004,46.21482],[-106.73043,46.21482],[-106.73043,46.21509],[-106.73082,46.21509],[-106.73082,46.21536],[-106.73121,46.21536],[-106.73121,46.21563],[-106.73159,46.21563],[-106.73159,46.2159],[-106.73276,46.2159],[-106.73276,46.21617],[-106.73354,46.21617],[-106.73354,46.21644],[-106.73393,46.21644],[-106.73393,46.21698],[-106.73432,46.21698],[-106.73432,46.21805],[-106.73471,46.21805],[-106.73471,46.21886],[-106.73549,46.21886],[-106.73549,46.21859],[-106.73588,46.21859],[-106.73588,46.2194],[-106.73549,46.2194],[-106.73549,46.21994],[-106.73627,46.21994],[-106.73627,46.21967],[-106.73666,46.21967],[-106.73666,46.22048],[-106.73705,46.22048],[-106.73705,46.22075],[-106.73783,46.22075],[-106.73783,46.22102],[-106.73861,46.22102],[-106.73861,46.22129],[-106.739,46.22129],[-106.739,46.2221],[-106.73978,46.22237],[-106.73978,46.22263],[-106.74134,46.22263],[-106.74134,46.2229],[-106.74173,46.2229],[-106.74173,46.22344],[-106.74095,46.22344],[-106.74095,46.22398],[-106.74134,46.22398],[-106.74134,46.22425],[-106.74173,46.22425],[-106.74173,46.22452],[-106.74212,46.22452],[-106.74212,46.22533],[-106.74251,46.22533],[-106.74251,46.22587],[-106.74289,46.22587],[-106.74289,46.22856],[-106.74328,46.22856],[-106.74328,46.2291],[-106.74367,46.2291],[-106.74367,46.23072],[-106.74328,46.23072],[-106.74328,46.23099],[-106.74406,46.23126],[-106.74406,46.23153],[-106.74445,46.23153],[-106.74445,46.23207],[-106.74523,46.23234],[-106.74523,46.23288],[-106.74484,46.23288],[-106.74484,46.23261],[-106.74406,46.23288],[-106.74406,46.23314],[-106.74445,46.23314],[-106.74445,46.23395],[-106.74406,46.23395],[-106.74406,46.23449],[-106.74445,46.23449],[-106.74445,46.2353],[-106.74406,46.2353],[-106.74406,46.23557],[-106.74484,46.23584],[-106.74484,46.23611],[-106.7464,46.23611],[-106.7464,46.23584],[-106.74679,46.23584],[-106.74679,46.23611],[-106.74757,46.23611],[-106.74757,46.23692],[-106.74835,46.23719],[-106.74835,46.23773],[-106.74913,46.23773],[-106.74913,46.23853],[-106.74952,46.23853],[-106.74952,46.23934],[-106.74991,46.23934],[-106.74991,46.24015],[-106.75069,46.24042],[-106.75069,46.2415],[-106.75147,46.2415],[-106.75147,46.24312],[-106.75225,46.24339],[-106.75225,46.24446],[-106.75186,46.24446],[-106.75186,46.245],[-106.75225,46.245],[-106.75225,46.24554],[-106.75264,46.24554],[-106.75264,46.24581],[-106.75225,46.24581],[-106.75225,46.24662],[-106.75303,46.24689],[-106.75303,46.24716],[-106.75264,46.24716],[-106.75264,46.24743],[-106.75303,46.24743],[-106.75303,46.24851],[-106.75225,46.24878],[-106.75225,46.24958],[-106.75108,46.24958],[-106.75108,46.24931],[-106.7503,46.24931],[-106.7503,46.24958],[-106.74991,46.24958],[-106.74991,46.25012],[-106.74952,46.25012],[-106.74952,46.25039],[-106.74913,46.25039],[-106.74913,46.25066],[-106.74874,46.25066],[-106.74874,46.25093],[-106.74913,46.25093],[-106.74913,46.2512],[-106.74757,46.2512],[-106.74757,46.25147],[-106.74679,46.25147],[-106.74679,46.25174],[-106.7464,46.25174],[-106.7464,46.25147],[-106.74562,46.25147],[-106.74562,46.2512],[-106.74523,46.2512],[-106.74523,46.25093],[-106.74445,46.25093],[-106.74445,46.25147],[-106.74367,46.25147],[-106.74367,46.2512],[-106.74328,46.2512],[-106.74328,46.25201],[-106.74289,46.25201],[-106.74289,46.25228],[-106.73978,46.25228],[-106.73978,46.25201],[-106.73939,46.25201],[-106.73939,46.25228],[-106.73861,46.25228],[-106.73861,46.25309],[-106.73822,46.25309],[-106.73822,46.25282],[-106.73393,46.25282],[-106.73393,46.25309],[-106.73082,46.25309],[-106.73082,46.25336],[-106.72614,46.25336],[-106.72614,46.25363],[-106.72029,46.25363],[-106.72029,46.2539],[-106.71913,46.2539],[-106.71913,46.25417],[-106.71874,46.25417],[-106.71874,46.25443],[-106.71718,46.25443],[-106.71718,46.25417],[-106.71484,46.25417],[-106.71484,46.25443],[-106.71406,46.25443],[-106.71406,46.2547],[-106.71367,46.2547],[-106.71367,46.25524],[-106.71523,46.25497],[-106.71523,46.2547],[-106.71679,46.2547],[-106.71679,46.25524],[-106.7164,46.25524],[-106.7164,46.25551],[-106.71328,46.25551],[-106.71328,46.25524],[-106.7125,46.25524],[-106.7125,46.25551],[-106.71133,46.25551],[-106.71133,46.25578],[-106.71055,46.25578],[-106.71055,46.25605],[-106.70977,46.25632],[-106.70977,46.25686],[-106.70938,46.25686],[-106.70938,46.25632],[-106.70783,46.25632],[-106.70783,46.25605],[-106.7051,46.25605],[-106.7051,46.25632],[-106.70549,46.25632],[-106.70549,46.25686],[-106.7051,46.25686],[-106.7051,46.25713],[-106.70432,46.25713],[-106.70432,46.2574],[-106.70393,46.2574],[-106.70393,46.25767],[-106.70315,46.25767],[-106.70315,46.25794],[-106.70159,46.25821],[-106.70159,46.25848],[-106.7012,46.25848],[-106.7012,46.25875],[-106.70081,46.25875],[-106.70081,46.25848],[-106.70042,46.25848],[-106.70042,46.25821],[-106.70003,46.25821],[-106.70003,46.25794],[-106.69925,46.25767],[-106.69925,46.25848]],[[-106.66224,46.24905],[-106.66224,46.24824],[-106.66185,46.24824],[-106.66185,46.24797],[-106.66107,46.24824],[-106.66107,46.24905],[-106.66224,46.24905]],[[-106.68055,46.24446],[-106.68094,46.24446],[-106.68094,46.24419],[-106.68055,46.24419],[-106.68055,46.24446]],[[-106.68873,46.24069],[-106.68912,46.24069],[-106.68912,46.24042],[-106.68873,46.24042],[-106.68873,46.24069]],[[-106.69263,46.21428],[-106.69263,46.21347],[-106.69224,46.21347],[-106.69224,46.21293],[-106.69146,46.2132],[-106.69146,46.21401],[-106.69224,46.21401],[-106.69224,46.21428],[-106.69263,46.21428]],[[-106.69263,46.21293],[-106.69263,46.21266],[-106.69224,46.21266],[-106.69224,46.21293],[-106.69263,46.21293]],[[-106.69302,46.21266],[-106.69302,46.21239],[-106.69263,46.21239],[-106.69263,46.21266],[-106.69302,46.21266]],[[-106.69341,46.21239],[-106.69341,46.21185],[-106.69302,46.21185],[-106.69302,46.21239],[-106.69341,46.21239]],[[-106.69107,46.2132],[-106.69107,46.21293],[-106.69068,46.21293],[-106.69068,46.2132],[-106.69107,46.2132]],[[-106.74406,46.23503],[-106.74367,46.23503],[-106.74367,46.2353],[-106.74406,46.2353],[-106.74406,46.23503]],[[-106.70042,46.25767],[-106.70042,46.2574],[-106.69964,46.2574],[-106.69964,46.25767],[-106.70042,46.25767]],[[-106.70159,46.2574],[-106.70159,46.25713],[-106.70276,46.25713],[-106.70276,46.25686],[-106.70081,46.25686],[-106.70081,46.25713],[-106.70042,46.25713],[-106.70042,46.2574],[-106.70159,46.2574]],[[-106.70354,46.25686],[-106.70354,46.25659],[-106.70276,46.25659],[-106.70276,46.25686],[-106.70354,46.25686]],[[-106.69614,46.25524],[-106.69614,46.25497],[-106.69692,46.25497],[-106.69692,46.2547],[-106.69614,46.2547],[-106.69614,46.25443],[-106.69536,46.25443],[-106.69536,46.2547],[-106.69497,46.2547],[-106.69497,46.25551],[-106.69575,46.25551],[-106.69575,46.25524],[-106.69614,46.25524]],[[-106.68328,46.25497],[-106.68328,46.2547],[-106.68172,46.2547],[-106.68172,46.25443],[-106.68133,46.25443],[-106.68133,46.25417],[-106.68055,46.25417],[-106.68055,46.2547],[-106.68133,46.2547],[-106.68133,46.25497],[-106.68172,46.25497],[-106.68172,46.25551],[-106.68406,46.25551],[-106.68406,46.25497],[-106.68328,46.25497]],[[-106.68912,46.25443],[-106.68873,46.25443],[-106.68873,46.25497],[-106.68834,46.25497],[-106.68834,46.25524],[-106.68951,46.25524],[-106.68951,46.25497],[-106.68912,46.25497],[-106.68912,46.25443]],[[-106.6899,46.25497],[-106.6899,46.2547],[-106.69146,46.2547],[-106.69146,46.25417],[-106.69107,46.25417],[-106.69107,46.25443],[-106.68951,46.25443],[-106.68951,46.25497],[-106.6899,46.25497]],[[-106.67782,46.25255],[-106.67782,46.25228],[-106.67704,46.25228],[-106.67704,46.25282],[-106.67782,46.25255]],[[-106.67315,46.25228],[-106.67315,46.25174],[-106.67276,46.25174],[-106.67276,46.25255],[-106.67354,46.25255],[-106.67354,46.25228],[-106.67315,46.25228]],[[-106.67548,46.24905],[-106.67548,46.24931],[-106.67587,46.24931],[-106.67587,46.24905],[-106.67548,46.24905]],[[-106.72458,46.2477],[-106.72458,46.24743],[-106.72497,46.24743],[-106.72497,46.24689],[-106.7238,46.24689],[-106.7238,46.24716],[-106.72302,46.24716],[-106.72302,46.24743],[-106.72263,46.24743],[-106.72263,46.24797],[-106.72419,46.24797],[-106.72419,46.2477],[-106.72458,46.2477]],[[-106.6786,46.24635],[-106.6786,46.24608],[-106.67782,46.24608],[-106.67782,46.24635],[-106.67743,46.24635],[-106.67743,46.24662],[-106.67821,46.24662],[-106.67821,46.24689],[-106.67977,46.24689],[-106.67977,46.24635],[-106.6786,46.24635]],[[-106.72419,46.24635],[-106.72419,46.24662],[-106.72458,46.24662],[-106.72458,46.24635],[-106.72419,46.24635]],[[-106.69847,46.24473],[-106.69847,46.245],[-106.69886,46.245],[-106.69886,46.24473],[-106.69847,46.24473]],[[-106.74289,46.23719],[-106.74289,46.23773],[-106.74328,46.23773],[-106.74328,46.23719],[-106.74289,46.23719]],[[-106.70588,46.2353],[-106.70588,46.23557],[-106.70627,46.23557],[-106.70627,46.2353],[-106.70588,46.2353]],[[-106.69847,46.22883],[-106.69847,46.22856],[-106.69614,46.22856],[-106.69614,46.22883],[-106.69692,46.22883],[-106.69692,46.2291],[-106.69847,46.22883]],[[-106.73822,46.22263],[-106.73822,46.2229],[-106.73861,46.2229],[-106.73861,46.22263],[-106.73822,46.22263]],[[-106.69847,46.21563],[-106.69847,46.21536],[-106.69886,46.21536],[-106.69886,46.21482],[-106.69808,46.21509],[-106.69808,46.21536],[-106.69769,46.21536],[-106.69769,46.21563],[-106.6973,46.21563],[-106.6973,46.2159],[-106.69808,46.2159],[-106.69808,46.21563],[-106.69847,46.21563]],[[-106.69925,46.21347],[-106.69925,46.2132],[-106.69886,46.2132],[-106.69886,46.21293],[-106.69847,46.21293],[-106.69847,46.21266],[-106.6973,46.21266],[-106.6973,46.21239],[-106.69692,46.21239],[-106.69692,46.21266],[-106.69614,46.21266],[-106.69614,46.2132],[-106.69653,46.2132],[-106.69653,46.21347],[-106.69692,46.21347],[-106.69692,46.21374],[-106.69847,46.21374],[-106.69847,46.21347],[-106.69925,46.21347]],[[-106.69964,46.21212],[-106.69964,46.21132],[-106.69925,46.21132],[-106.69925,46.21078],[-106.69886,46.21078],[-106.69886,46.21024],[-106.69808,46.21051],[-106.69808,46.21159],[-106.69847,46.21159],[-106.69847,46.21185],[-106.69886,46.21185],[-106.69886,46.21212],[-106.69925,46.21212],[-106.69925,46.21266],[-106.70003,46.21266],[-106.70003,46.21212],[-106.69964,46.21212]],[[-106.68951,46.21239],[-106.68951,46.21266],[-106.69029,46.21266],[-106.69029,46.21239],[-106.68951,46.21239]],[[-106.69653,46.21132],[-106.69653,46.21185],[-106.69692,46.21185],[-106.69692,46.21132],[-106.69653,46.21132]]],[[[-106.69224,46.23584],[-106.69263,46.23584],[-106.69263,46.23611],[-106.69224,46.23611],[-106.69224,46.23584]]]]},"properties":{"layer":"predicted_reach_h23","fire_name":"Valley","irwin_id":"{5E97EF7C-2039-44B3-8665-ADB0336B5488}","model":"arrival_run","checkpoint_epoch":216,"decode":"connected_causal","operating_point":{"floor":0.0,"mult":0.9},"val_precision":null,"val_recall":null,"model_caveat":"arrival_run chosen for best RECALL among the six FlameFlux v3 candidates on the production-valid t0-window corpus (R=0.624 on the fc2 held-out fires, R=0.432 on Dillon -- see candidate_comparison.md from the 2026-07-24 comparison). It does NOT meet the project's P>=0.50/R>=0.80 target: precision is the WORST of the six (P=0.120 on fc2 -- most flagged growth is wrong), and wind_run actually edges it on F1. IMPORTANT CAVEAT: arrival_run trained on the leaky 'observed' corpus (crop centered/sized on t0|t1, i.e. it saw the future perimeter's geometry during training) and has NEVER seen a t0-window crop -- the ONLY geometry this live pipeline can ever produce at forecast time (the future perimeter is, by definition, unknown). So every live prediction from this model is out-of-distribution relative to its own training. The measured t0-window numbers above already reflect that (they are not a surprise), but this is 'best available', not 'production-ready' -- represent it that way. The operating_point (floor=0.0, mult=0.9) is the VAL-selected connected-causal decode point; it did NOT clear the 0.50 precision floor during selection (feasible=False, val P=0.270/R=0.259) -- it's the best-F1 fallback point, not a precision-guaranteed one.","issued_at_utc":"2026-08-20 13:46:34.611898+00:00","valid_from_utc":"2026-08-20 00:00:00","valid_to_utc":"2026-08-21 00:00:00","wfigs_date_current_utc":"2026-08-20 12:05:00+00:00","pixel_size_m":30,"veg_source":"refreshed_d4","physics_source":"eikonal_fbfm40","history_n_dates":1,"degraded_history":true,"containment_pct":0.0,"acres_wfigs":224.5330361499428,"hour":23,"valid_at_utc":"2026-08-20 23:00:00"}},{"type":"Feature","geometry":{"type":"MultiPolygon","coordinates":[[[[-106.73627,46.21832],[-106.73627,46.21859],[-106.73588,46.21859],[-106.73588,46.21832],[-106.73627,46.21832]]],[[[-106.69925,46.25848],[-106.69886,46.25848],[-106.69886,46.25875],[-106.69847,46.25875],[-106.69847,46.25848],[-106.69769,46.25848],[-106.69769,46.25875],[-106.69653,46.25875],[-106.69653,46.25848],[-106.69419,46.25875],[-106.69419,46.25821],[-106.69341,46.25821],[-106.69341,46.25848],[-106.69302,46.25848],[-106.69302,46.25875],[-106.69263,46.25875],[-106.69263,46.25848],[-106.69224,46.25848],[-106.69224,46.25875],[-106.69185,46.25875],[-106.69185,46.25848],[-106.68834,46.25848],[-106.68834,46.25902],[-106.68795,46.25902],[-106.68795,46.25848],[-106.68756,46.25848],[-106.68756,46.25821],[-106.68639,46.25821],[-106.68639,46.25848],[-106.68561,46.25848],[-106.68561,46.25875],[-106.68484,46.25902],[-106.68484,46.25929],[-106.68406,46.25929],[-106.68406,46.25982],[-106.68367,46.25982],[-106.68367,46.2609],[-106.68289,46.2609],[-106.68289,46.26036],[-106.68172,46.26036],[-106.68172,46.26063],[-106.68133,46.26063],[-106.68133,46.26009],[-106.68094,46.26009],[-106.68094,46.25982],[-106.68055,46.25982],[-106.68055,46.25956],[-106.67977,46.25956],[-106.67977,46.25982],[-106.67938,46.25982],[-106.67938,46.26009],[-106.67899,46.26009],[-106.67899,46.25956],[-106.6786,46.25956],[-106.6786,46.25902],[-106.67938,46.25902],[-106.67938,46.25875],[-106.67977,46.25875],[-106.67977,46.25848],[-106.68055,46.25848],[-106.68055,46.25794],[-106.68094,46.25794],[-106.68094,46.25767],[-106.68172,46.2574],[-106.68172,46.25686],[-106.68133,46.25686],[-106.68133,46.25659],[-106.68172,46.25659],[-106.68172,46.25632],[-106.68211,46.25632],[-106.68211,46.25659],[-106.6825,46.25659],[-106.6825,46.25686],[-106.68328,46.25686],[-106.68328,46.25659],[-106.68367,46.25659],[-106.68367,46.25632],[-106.68133,46.25605],[-106.68133,46.25578],[-106.68094,46.25578],[-106.68094,46.25551],[-106.68016,46.25551],[-106.68016,46.25497],[-106.67821,46.25497],[-106.67821,46.25524],[-106.67782,46.25524],[-106.67782,46.25497],[-106.67743,46.25497],[-106.67743,46.25524],[-106.67704,46.25524],[-106.67704,46.25497],[-106.67587,46.25497],[-106.67587,46.25417],[-106.67626,46.25417],[-106.67626,46.25363],[-106.67431,46.25363],[-106.67431,46.25336],[-106.67354,46.25309],[-106.67354,46.25363],[-106.67393,46.25363],[-106.67393,46.2539],[-106.67276,46.2539],[-106.67276,46.25417],[-106.67237,46.25417],[-106.67237,46.25497],[-106.67276,46.25497],[-106.67276,46.25524],[-106.67315,46.25524],[-106.67315,46.25551],[-106.67276,46.25551],[-106.67276,46.25578],[-106.67159,46.25578],[-106.67159,46.25551],[-106.6712,46.25551],[-106.6712,46.25605],[-106.67003,46.25605],[-106.67003,46.25578],[-106.66847,46.25578],[-106.66847,46.25551],[-106.6673,46.25551],[-106.6673,46.25524],[-106.66652,46.25524],[-106.66652,46.25497],[-106.66418,46.25497],[-106.66418,46.2547],[-106.66301,46.2547],[-106.66301,46.25443],[-106.66263,46.25443],[-106.66263,46.25417],[-106.66107,46.25417],[-106.66107,46.2539],[-106.6599,46.2539],[-106.6599,46.25363],[-106.65912,46.25363],[-106.65912,46.25336],[-106.6599,46.25336],[-106.6599,46.25309],[-106.66146,46.25309],[-106.66146,46.25282],[-106.66107,46.25282],[-106.66107,46.25228],[-106.66068,46.25228],[-106.66068,46.25201],[-106.66146,46.25201],[-106.66146,46.25147],[-106.66107,46.25147],[-106.66107,46.25174],[-106.66029,46.25174],[-106.66029,46.25147],[-106.65951,46.2512],[-106.65951,46.25066],[-106.6599,46.25066],[-106.6599,46.25039],[-106.66029,46.25039],[-106.66029,46.25093],[-106.66068,46.25093],[-106.66068,46.25066],[-106.66185,46.25066],[-106.66185,46.25093],[-106.66224,46.25093],[-106.66224,46.25066],[-106.66301,46.25066],[-106.66301,46.25012],[-106.66224,46.25012],[-106.66224,46.24985],[-106.66185,46.24985],[-106.66185,46.24958],[-106.66107,46.24958],[-106.66107,46.24905],[-106.6599,46.24905],[-106.6599,46.24743],[-106.66068,46.24743],[-106.66068,46.2477],[-106.66107,46.2477],[-106.66107,46.24743],[-106.66185,46.24716],[-106.66185,46.24689],[-106.66224,46.24689],[-106.66224,46.24662],[-106.66379,46.24662],[-106.66379,46.24689],[-106.66457,46.24689],[-106.66457,46.24662],[-106.66691,46.24662],[-106.66691,46.24635],[-106.67159,46.24635],[-106.67159,46.24608],[-106.67393,46.24608],[-106.67393,46.24581],[-106.6747,46.24554],[-106.6747,46.245],[-106.67587,46.245],[-106.67587,46.24473],[-106.67626,46.24473],[-106.67626,46.24446],[-106.67743,46.24446],[-106.67743,46.24419],[-106.67782,46.24419],[-106.67782,46.24366],[-106.6786,46.24339],[-106.6786,46.24285],[-106.67938,46.24312],[-106.67938,46.24419],[-106.68055,46.24419],[-106.68055,46.24366],[-106.68211,46.24392],[-106.68211,46.24366],[-106.68133,46.24339],[-106.68133,46.24258],[-106.6825,46.24258],[-106.6825,46.24285],[-106.68289,46.24285],[-106.68289,46.24312],[-106.68406,46.24312],[-106.68406,46.24231],[-106.68445,46.24231],[-106.68445,46.24204],[-106.68484,46.24204],[-106.68484,46.24177],[-106.68717,46.24177],[-106.68717,46.24123],[-106.68678,46.24123],[-106.68678,46.24069],[-106.68639,46.24069],[-106.68639,46.24015],[-106.686,46.24015],[-106.686,46.23988],[-106.68678,46.23988],[-106.68678,46.24015],[-106.68717,46.24015],[-106.68717,46.24042],[-106.68873,46.24042],[-106.68873,46.23934],[-106.68912,46.23934],[-106.68912,46.23853],[-106.68795,46.23853],[-106.68795,46.23827],[-106.68834,46.23827],[-106.68834,46.238],[-106.69224,46.238],[-106.69224,46.23773],[-106.69302,46.23773],[-106.69302,46.23665],[-106.69263,46.23665],[-106.69263,46.23611],[-106.69341,46.23611],[-106.69341,46.23638],[-106.6938,46.23638],[-106.6938,46.23557],[-106.69341,46.23557],[-106.69341,46.23449],[-106.69419,46.23422],[-106.69419,46.23341],[-106.69458,46.23341],[-106.69458,46.23395],[-106.69536,46.23395],[-106.69536,46.23341],[-106.69497,46.23341],[-106.69497,46.23261],[-106.69536,46.23261],[-106.69536,46.23207],[-106.69614,46.23207],[-106.69614,46.23153],[-106.69536,46.23126],[-106.69536,46.22991],[-106.69497,46.22991],[-106.69497,46.2291],[-106.69458,46.2291],[-106.69458,46.22856],[-106.69536,46.22829],[-106.69536,46.22776],[-106.69497,46.22776],[-106.69497,46.22722],[-106.69536,46.22722],[-106.69536,46.22695],[-106.69614,46.22695],[-106.69614,46.22668],[-106.69769,46.22668],[-106.69769,46.22641],[-106.69847,46.22641],[-106.69847,46.22587],[-106.69808,46.22587],[-106.69808,46.2256],[-106.69847,46.2256],[-106.69847,46.22506],[-106.69886,46.22506],[-106.69886,46.22479],[-106.69808,46.22479],[-106.69808,46.22452],[-106.69769,46.22452],[-106.69769,46.22425],[-106.69653,46.22425],[-106.69653,46.22398],[-106.69614,46.22398],[-106.69614,46.22371],[-106.6973,46.22371],[-106.6973,46.22398],[-106.69808,46.22371],[-106.69808,46.2229],[-106.69769,46.2229],[-106.69769,46.22263],[-106.69653,46.22263],[-106.69653,46.22237],[-106.6973,46.2221],[-106.6973,46.22129],[-106.69769,46.22129],[-106.69769,46.22102],[-106.69808,46.22102],[-106.69808,46.22075],[-106.69886,46.22075],[-106.69886,46.21994],[-106.69692,46.21994],[-106.69692,46.21967],[-106.6973,46.21967],[-106.6973,46.21913],[-106.69769,46.21913],[-106.69769,46.21886],[-106.6973,46.21886],[-106.6973,46.21832],[-106.69692,46.21832],[-106.69692,46.21778],[-106.69614,46.21751],[-106.69614,46.21671],[-106.69692,46.21671],[-106.69692,46.21644],[-106.69653,46.21644],[-106.69653,46.2159],[-106.69536,46.2159],[-106.69536,46.21563],[-106.69497,46.21563],[-106.69497,46.21536],[-106.69341,46.21536],[-106.69341,46.21509],[-106.6938,46.21509],[-106.6938,46.21482],[-106.69497,46.21482],[-106.69497,46.21509],[-106.69575,46.21509],[-106.69575,46.21455],[-106.69614,46.21455],[-106.69614,46.21482],[-106.69692,46.21482],[-106.69692,46.21455],[-106.6973,46.21455],[-106.6973,46.21401],[-106.69653,46.21401],[-106.69653,46.21374],[-106.69575,46.21374],[-106.69575,46.21401],[-106.69536,46.21401],[-106.69536,46.21374],[-106.69458,46.21374],[-106.69458,46.21401],[-106.69419,46.21401],[-106.69419,46.21455],[-106.69341,46.21455],[-106.69341,46.21482],[-106.69263,46.21482],[-106.69263,46.21509],[-106.69224,46.21509],[-106.69224,46.21428],[-106.69068,46.21428],[-106.69068,46.2132],[-106.69029,46.2132],[-106.69029,46.21347],[-106.68951,46.21347],[-106.68951,46.2132],[-106.68873,46.21293],[-106.68873,46.21239],[-106.68834,46.21239],[-106.68834,46.21185],[-106.68717,46.21185],[-106.68717,46.21105],[-106.68795,46.21105],[-106.68795,46.21024],[-106.68834,46.21024],[-106.68834,46.20997],[-106.68912,46.20997],[-106.68912,46.2097],[-106.6899,46.2097],[-106.6899,46.20943],[-106.69068,46.20943],[-106.69068,46.20916],[-106.69263,46.20916],[-106.69263,46.20889],[-106.69341,46.20889],[-106.69341,46.20862],[-106.69419,46.20862],[-106.69419,46.20835],[-106.69769,46.20835],[-106.69769,46.20808],[-106.69964,46.20808],[-106.69964,46.20781],[-106.70042,46.20781],[-106.70042,46.20754],[-106.70354,46.20754],[-106.70354,46.20727],[-106.70393,46.20727],[-106.70393,46.20754],[-106.70899,46.20754],[-106.70899,46.20727],[-106.71055,46.207],[-106.71055,46.20647],[-106.71172,46.20647],[-106.71172,46.20673],[-106.7125,46.207],[-106.7125,46.20808],[-106.71601,46.20808],[-106.71601,46.20835],[-106.71796,46.20835],[-106.71796,46.20862],[-106.7199,46.20862],[-106.7199,46.20889],[-106.72068,46.20916],[-106.72068,46.20943],[-106.72146,46.20943],[-106.72146,46.20916],[-106.72185,46.20916],[-106.72185,46.2097],[-106.72224,46.2097],[-106.72224,46.20997],[-106.72341,46.20997],[-106.72341,46.21024],[-106.72497,46.21051],[-106.72497,46.21078],[-106.72536,46.21078],[-106.72536,46.21105],[-106.72614,46.21105],[-106.72614,46.21132],[-106.72653,46.21132],[-106.72653,46.21185],[-106.72848,46.21185],[-106.72848,46.21212],[-106.72887,46.21212],[-106.72887,46.21239],[-106.72965,46.21239],[-106.72965,46.21347],[-106.73004,46.21347],[-106.73004,46.21401],[-106.73043,46.21401],[-106.73043,46.21455],[-106.73082,46.21455],[-106.73082,46.21509],[-106.73121,46.21509],[-106.73121,46.21536],[-106.73159,46.21536],[-106.73159,46.21563],[-106.73237,46.21563],[-106.73237,46.2159],[-106.73276,46.2159],[-106.73276,46.21617],[-106.73354,46.21617],[-106.73354,46.21644],[-106.73393,46.21644],[-106.73393,46.21698],[-106.73432,46.21698],[-106.73432,46.21805],[-106.73471,46.21805],[-106.73471,46.21886],[-106.73549,46.21886],[-106.73549,46.21859],[-106.73588,46.21859],[-106.73588,46.2194],[-106.73549,46.2194],[-106.73549,46.21994],[-106.73627,46.21994],[-106.73627,46.21967],[-106.73666,46.21967],[-106.73666,46.22048],[-106.73705,46.22048],[-106.73705,46.22075],[-106.73783,46.22075],[-106.73783,46.22102],[-106.739,46.22102],[-106.739,46.2221],[-106.73978,46.22237],[-106.73978,46.22263],[-106.74134,46.22263],[-106.74134,46.2229],[-106.74173,46.2229],[-106.74173,46.22344],[-106.74095,46.22344],[-106.74095,46.22398],[-106.74134,46.22398],[-106.74134,46.22425],[-106.74173,46.22425],[-106.74173,46.22452],[-106.74212,46.22452],[-106.74212,46.22506],[-106.74251,46.22506],[-106.74251,46.22587],[-106.74289,46.22587],[-106.74289,46.22856],[-106.74328,46.22856],[-106.74328,46.2291],[-106.74367,46.2291],[-106.74367,46.23072],[-106.74328,46.23072],[-106.74328,46.23099],[-106.74367,46.23099],[-106.74367,46.23126],[-106.74445,46.23126],[-106.74445,46.2318],[-106.74523,46.23207],[-106.74523,46.23288],[-106.74484,46.23288],[-106.74484,46.23261],[-106.74406,46.23288],[-106.74406,46.23314],[-106.74445,46.23314],[-106.74445,46.23395],[-106.74406,46.23395],[-106.74406,46.23449],[-106.74445,46.23449],[-106.74445,46.2353],[-106.74406,46.2353],[-106.74406,46.23557],[-106.74484,46.23584],[-106.74484,46.23611],[-106.7464,46.23611],[-106.7464,46.23584],[-106.74679,46.23584],[-106.74679,46.23611],[-106.74757,46.23611],[-106.74757,46.23692],[-106.74835,46.23719],[-106.74835,46.23773],[-106.74913,46.23773],[-106.74913,46.23853],[-106.74952,46.23853],[-106.74952,46.23934],[-106.74991,46.23934],[-106.74991,46.24015],[-106.75069,46.24042],[-106.75069,46.2415],[-106.75147,46.2415],[-106.75147,46.24312],[-106.75225,46.24339],[-106.75225,46.24446],[-106.75186,46.24446],[-106.75186,46.245],[-106.75225,46.245],[-106.75225,46.24554],[-106.75264,46.24554],[-106.75264,46.24581],[-106.75225,46.24581],[-106.75225,46.24662],[-106.75303,46.24689],[-106.75303,46.24716],[-106.75264,46.24716],[-106.75264,46.24743],[-106.75303,46.24743],[-106.75303,46.24851],[-106.75225,46.24878],[-106.75225,46.24958],[-106.75108,46.24958],[-106.75108,46.24931],[-106.7503,46.24931],[-106.7503,46.24958],[-106.74991,46.24958],[-106.74991,46.25012],[-106.74952,46.25012],[-106.74952,46.25039],[-106.74913,46.25039],[-106.74913,46.25066],[-106.74874,46.25066],[-106.74874,46.25093],[-106.74913,46.25093],[-106.74913,46.2512],[-106.74757,46.2512],[-106.74757,46.25147],[-106.74679,46.25147],[-106.74679,46.25174],[-106.7464,46.25174],[-106.7464,46.25147],[-106.74562,46.25147],[-106.74562,46.2512],[-106.74523,46.2512],[-106.74523,46.25093],[-106.74445,46.25093],[-106.74445,46.25147],[-106.74367,46.25147],[-106.74367,46.2512],[-106.74328,46.2512],[-106.74328,46.25201],[-106.74289,46.25201],[-106.74289,46.25228],[-106.73978,46.25228],[-106.73978,46.25201],[-106.73939,46.25201],[-106.73939,46.25228],[-106.73861,46.25228],[-106.73861,46.25309],[-106.73744,46.25309],[-106.73744,46.25282],[-106.73393,46.25282],[-106.73393,46.25309],[-106.73082,46.25309],[-106.73082,46.25336],[-106.72965,46.25336],[-106.72965,46.25363],[-106.72614,46.25363],[-106.72614,46.2539],[-106.72458,46.2539],[-106.72458,46.2547],[-106.72419,46.2547],[-106.72419,46.25497],[-106.72341,46.25497],[-106.72341,46.2547],[-106.72302,46.2547],[-106.72302,46.25443],[-106.72263,46.25443],[-106.72263,46.2547],[-106.72107,46.2547],[-106.72107,46.25524],[-106.72068,46.25524],[-106.72068,46.25497],[-106.7199,46.25497],[-106.7199,46.2547],[-106.71952,46.2547],[-106.71952,46.25497],[-106.71913,46.25497],[-106.71913,46.2547],[-106.71796,46.2547],[-106.71796,46.25497],[-106.71757,46.25497],[-106.71757,46.25443],[-106.71718,46.25443],[-106.71718,46.25417],[-106.71484,46.25417],[-106.71484,46.25443],[-106.71445,46.25443],[-106.71445,46.25497],[-106.71523,46.25497],[-106.71523,46.2547],[-106.71718,46.2547],[-106.71718,46.25524],[-106.7164,46.25524],[-106.7164,46.25551],[-106.71328,46.25551],[-106.71328,46.25524],[-106.7125,46.25524],[-106.7125,46.25551],[-106.71133,46.25551],[-106.71133,46.25578],[-106.71055,46.25578],[-106.71055,46.25605],[-106.70977,46.25632],[-106.70977,46.25686],[-106.70938,46.25686],[-106.70938,46.25632],[-106.70783,46.25632],[-106.70783,46.25605],[-106.7051,46.25605],[-106.7051,46.25632],[-106.70549,46.25632],[-106.70549,46.25686],[-106.7051,46.25686],[-106.7051,46.25713],[-106.70432,46.25713],[-106.70432,46.2574],[-106.70393,46.2574],[-106.70393,46.25767],[-106.70315,46.25767],[-106.70315,46.25821],[-106.70237,46.25794],[-106.70237,46.25821],[-106.70159,46.25821],[-106.70159,46.25875],[-106.70081,46.25875],[-106.70081,46.25848],[-106.70042,46.25848],[-106.70042,46.25821],[-106.70003,46.25821],[-106.70003,46.25794],[-106.69925,46.25767],[-106.69925,46.25848]],[[-106.66224,46.24905],[-106.66224,46.24824],[-106.66185,46.24824],[-106.66185,46.24797],[-106.66107,46.24824],[-106.66107,46.24905],[-106.66224,46.24905]],[[-106.68055,46.24446],[-106.68094,46.24446],[-106.68094,46.24419],[-106.68055,46.24419],[-106.68055,46.24446]],[[-106.68873,46.24069],[-106.68912,46.24069],[-106.68912,46.24042],[-106.68873,46.24042],[-106.68873,46.24069]],[[-106.69263,46.21428],[-106.69263,46.21347],[-106.69224,46.21347],[-106.69224,46.21293],[-106.69146,46.2132],[-106.69146,46.21401],[-106.69224,46.21401],[-106.69224,46.21428],[-106.69263,46.21428]],[[-106.69263,46.21293],[-106.69263,46.21266],[-106.69224,46.21266],[-106.69224,46.21293],[-106.69263,46.21293]],[[-106.69302,46.21266],[-106.69302,46.21239],[-106.69263,46.21239],[-106.69263,46.21266],[-106.69302,46.21266]],[[-106.69341,46.21239],[-106.69341,46.21185],[-106.69302,46.21185],[-106.69302,46.21239],[-106.69341,46.21239]],[[-106.69107,46.2132],[-106.69107,46.21293],[-106.69068,46.21293],[-106.69068,46.2132],[-106.69107,46.2132]],[[-106.74406,46.23503],[-106.74367,46.23503],[-106.74367,46.2353],[-106.74406,46.2353],[-106.74406,46.23503]],[[-106.70042,46.25767],[-106.70042,46.2574],[-106.69964,46.2574],[-106.69964,46.25767],[-106.70042,46.25767]],[[-106.70159,46.2574],[-106.70159,46.25713],[-106.70276,46.25713],[-106.70276,46.25686],[-106.70081,46.25686],[-106.70081,46.25713],[-106.70042,46.25713],[-106.70042,46.2574],[-106.70159,46.2574]],[[-106.70354,46.25686],[-106.70354,46.25659],[-106.70276,46.25659],[-106.70276,46.25686],[-106.70354,46.25686]],[[-106.69614,46.25524],[-106.69614,46.25443],[-106.69536,46.25443],[-106.69536,46.2547],[-106.69497,46.2547],[-106.69497,46.25551],[-106.69575,46.25551],[-106.69575,46.25524],[-106.69614,46.25524]],[[-106.68328,46.25497],[-106.68328,46.2547],[-106.68172,46.2547],[-106.68172,46.25443],[-106.68133,46.25443],[-106.68133,46.25417],[-106.68055,46.25417],[-106.68055,46.2547],[-106.68133,46.2547],[-106.68133,46.25497],[-106.68172,46.25497],[-106.68172,46.25551],[-106.68406,46.25551],[-106.68406,46.25497],[-106.68328,46.25497]],[[-106.68912,46.25443],[-106.68873,46.25443],[-106.68873,46.25497],[-106.68834,46.25497],[-106.68834,46.25524],[-106.68951,46.25524],[-106.68951,46.25497],[-106.68912,46.25497],[-106.68912,46.25443]],[[-106.6899,46.25497],[-106.6899,46.2547],[-106.69146,46.2547],[-106.69146,46.25417],[-106.69107,46.25417],[-106.69107,46.25443],[-106.68951,46.25443],[-106.68951,46.25497],[-106.6899,46.25497]],[[-106.67782,46.25255],[-106.67782,46.25228],[-106.67704,46.25228],[-106.67704,46.25282],[-106.67782,46.25255]],[[-106.67315,46.25228],[-106.67315,46.25174],[-106.67276,46.25174],[-106.67276,46.25255],[-106.67354,46.25255],[-106.67354,46.25228],[-106.67315,46.25228]],[[-106.67548,46.24905],[-106.67548,46.24931],[-106.67587,46.24931],[-106.67587,46.24905],[-106.67548,46.24905]],[[-106.72458,46.2477],[-106.72458,46.24743],[-106.72497,46.24743],[-106.72497,46.24689],[-106.7238,46.24689],[-106.7238,46.24716],[-106.72302,46.24716],[-106.72302,46.24743],[-106.72263,46.24743],[-106.72263,46.24797],[-106.72419,46.24797],[-106.72419,46.2477],[-106.72458,46.2477]],[[-106.6786,46.24635],[-106.6786,46.24608],[-106.67782,46.24608],[-106.67782,46.24635],[-106.67743,46.24635],[-106.67743,46.24662],[-106.67821,46.24662],[-106.67821,46.24689],[-106.67977,46.24689],[-106.67977,46.24635],[-106.6786,46.24635]],[[-106.72419,46.24635],[-106.72419,46.24662],[-106.72458,46.24662],[-106.72458,46.24635],[-106.72419,46.24635]],[[-106.69847,46.24473],[-106.69847,46.245],[-106.69886,46.245],[-106.69886,46.24473],[-106.69847,46.24473]],[[-106.74289,46.23719],[-106.74289,46.23773],[-106.74328,46.23773],[-106.74328,46.23719],[-106.74289,46.23719]],[[-106.70588,46.2353],[-106.70588,46.23557],[-106.70627,46.23557],[-106.70627,46.2353],[-106.70588,46.2353]],[[-106.69847,46.22883],[-106.69847,46.22856],[-106.69614,46.22856],[-106.69614,46.22883],[-106.69692,46.22883],[-106.69692,46.2291],[-106.69847,46.22883]],[[-106.73822,46.22263],[-106.73822,46.2229],[-106.73861,46.2229],[-106.73861,46.22263],[-106.73822,46.22263]],[[-106.69847,46.21563],[-106.69847,46.21536],[-106.69886,46.21536],[-106.69886,46.21482],[-106.69808,46.21509],[-106.69808,46.21536],[-106.69769,46.21536],[-106.69769,46.21563],[-106.6973,46.21563],[-106.6973,46.2159],[-106.69808,46.2159],[-106.69808,46.21563],[-106.69847,46.21563]],[[-106.69925,46.21347],[-106.69925,46.2132],[-106.69886,46.2132],[-106.69886,46.21293],[-106.69847,46.21293],[-106.69847,46.21266],[-106.6973,46.21266],[-106.6973,46.21239],[-106.69692,46.21239],[-106.69692,46.21266],[-106.69614,46.21266],[-106.69614,46.2132],[-106.69653,46.2132],[-106.69653,46.21347],[-106.69692,46.21347],[-106.69692,46.21374],[-106.69847,46.21374],[-106.69847,46.21347],[-106.69925,46.21347]],[[-106.69964,46.21212],[-106.69964,46.21132],[-106.69925,46.21132],[-106.69925,46.21078],[-106.69886,46.21078],[-106.69886,46.21024],[-106.69808,46.21051],[-106.69808,46.21159],[-106.69847,46.21159],[-106.69847,46.21185],[-106.69886,46.21185],[-106.69886,46.21212],[-106.69925,46.21212],[-106.69925,46.21266],[-106.70003,46.21266],[-106.70003,46.21212],[-106.69964,46.21212]],[[-106.68951,46.21239],[-106.68951,46.21266],[-106.69029,46.21266],[-106.69029,46.21239],[-106.68951,46.21239]],[[-106.69653,46.21132],[-106.69653,46.21185],[-106.69692,46.21185],[-106.69692,46.21132],[-106.69653,46.21132]]],[[[-106.69224,46.23584],[-106.69263,46.23584],[-106.69263,46.23611],[-106.69224,46.23611],[-106.69224,46.23584]]],[[[-106.68756,46.25902],[-106.68795,46.25902],[-106.68795,46.25929],[-106.68756,46.25929],[-106.68756,46.25902]]]]},"properties":{"layer":"predicted_reach_h24","fire_name":"Valley","irwin_id":"{5E97EF7C-2039-44B3-8665-ADB0336B5488}","model":"arrival_run","checkpoint_epoch":216,"decode":"connected_causal","operating_point":{"floor":0.0,"mult":0.9},"val_precision":null,"val_recall":null,"model_caveat":"arrival_run chosen for best RECALL among the six FlameFlux v3 candidates on the production-valid t0-window corpus (R=0.624 on the fc2 held-out fires, R=0.432 on Dillon -- see candidate_comparison.md from the 2026-07-24 comparison). It does NOT meet the project's P>=0.50/R>=0.80 target: precision is the WORST of the six (P=0.120 on fc2 -- most flagged growth is wrong), and wind_run actually edges it on F1. IMPORTANT CAVEAT: arrival_run trained on the leaky 'observed' corpus (crop centered/sized on t0|t1, i.e. it saw the future perimeter's geometry during training) and has NEVER seen a t0-window crop -- the ONLY geometry this live pipeline can ever produce at forecast time (the future perimeter is, by definition, unknown). So every live prediction from this model is out-of-distribution relative to its own training. The measured t0-window numbers above already reflect that (they are not a surprise), but this is 'best available', not 'production-ready' -- represent it that way. The operating_point (floor=0.0, mult=0.9) is the VAL-selected connected-causal decode point; it did NOT clear the 0.50 precision floor during selection (feasible=False, val P=0.270/R=0.259) -- it's the best-F1 fallback point, not a precision-guaranteed one.","issued_at_utc":"2026-08-20 13:46:34.611898+00:00","valid_from_utc":"2026-08-20 00:00:00","valid_to_utc":"2026-08-21 00:00:00","wfigs_date_current_utc":"2026-08-20 12:05:00+00:00","pixel_size_m":30,"veg_source":"refreshed_d4","physics_source":"eikonal_fbfm40","history_n_dates":1,"degraded_history":true,"containment_pct":0.0,"acres_wfigs":224.5330361499428,"hour":24,"valid_at_utc":"2026-08-21 00:00:00"}}]}