burnName,date,y,x,lat,lon,predicted_prob
0432,0721,444,485,44.98563601411312,-120.76465376533667,0.9683241248130798
0432,0721,453,483,44.98320820303138,-120.76541631936209,0.9902398586273193
0432,0721,584,530,44.94787006395279,-120.74749629976496,0.9730215668678284
0432,0721,583,515,44.94813982073965,-120.75321545495554,0.9909158945083618
0432,0721,470,551,44.97862233765477,-120.73948948249816,0.7595734596252441
0432,0721,562,539,44.9538047132637,-120.74406480665061,0.9994304776191711
0432,0721,569,572,44.95191641575568,-120.73148266523135,0.9564425349235535
0432,0721,567,520,44.9524559293294,-120.751309069892,0.9995027780532837
0432,0721,480,448,44.975924769786175,-120.77876101480675,0.914204478263855
0432,0721,586,535,44.94733055037907,-120.74558991470144,0.981051504611969
0432,0721,593,508,44.945442252871054,-120.75588439404446,0.5972568392753601
0432,0721,493,455,44.972417931557004,-120.77609207571781,0.5977988243103027
0432,0721,496,562,44.97160866119643,-120.73529543535841,0.9917904734611511
0432,0721,557,583,44.955153497198,-120.7272886180916,0.5031635165214539
0432,0721,479,550,44.97619452657304,-120.73987075951086,0.9960697293281555
0432,0721,576,550,44.950028118247666,-120.73987075951086,0.998368501663208
0432,0721,577,527,44.94975836146081,-120.74864013080307,0.9980305433273315
0432,0721,524,574,44.96405547116436,-120.73072011120595,0.8918545842170715
0432,0721,539,459,44.960009119361466,-120.774566967667,0.8434007167816162
0432,0721,535,460,44.96108814650891,-120.77418569065429,0.9567185044288635
0432,0721,442,484,44.98617552768684,-120.76503504234938,0.9559895992279053
0432,0721,586,522,44.94733055037907,-120.7505465158666,0.9466465711593628
0432,0721,557,544,44.955153497198,-120.74215842158709,0.9993661642074585
0432,0721,518,564,44.96567401188552,-120.734532881333,0.9997756481170654
0432,0721,532,470,44.96189741686948,-120.77037292052725,0.9972150325775146
0432,0721,462,444,44.98078039194965,-120.78028612285756,0.5346392393112183
0432,0721,451,490,44.9837477166051,-120.76274738027315,0.9873906373977661
0432,0721,576,548,44.950028118247666,-120.74063331353628,0.9986944198608398
0432,0721,562,553,44.9538047132637,-120.73872692847274,0.9972814917564392
0432,0721,547,579,44.95785106506659,-120.72881372614243,0.629340648651123
0432,0721,584,547,44.94787006395279,-120.74101459054899,0.9900917410850525
0432,0721,521,450,44.96486474152494,-120.77799846078133,0.5273730158805847
0432,0721,564,531,44.95326519968998,-120.74711502275225,0.999639630317688
0432,0721,466,448,44.97970136480221,-120.77876101480675,0.8670655488967896
0432,0721,518,574,44.96567401188552,-120.73072011120595,0.5241320729255676
0432,0721,569,541,44.95191641575568,-120.74330225262521,0.9985776543617249
0432,0721,444,489,44.98563601411312,-120.76312865728585,0.9444432258605957
0432,0721,555,579,44.95569301077172,-120.72881372614243,0.9374663233757019
0432,0721,500,562,44.97052963404899,-120.73529543535841,0.9970990419387817
0432,0721,568,548,44.95218617254255,-120.74063331353628,0.9978440999984741
0432,0721,480,554,44.975924769786175,-120.73834565146005,0.9952595829963684
0432,0721,588,524,44.94679103680535,-120.74978396184119,0.8975680470466614
0432,0721,485,448,44.97457598585188,-120.77876101480675,0.7576436400413513
0432,0721,564,565,44.95326519968998,-120.73415160432029,0.9657419919967651
0432,0721,527,453,44.96324620080378,-120.77685462974323,0.9369454383850098
0432,0721,510,451,44.96783206618039,-120.77761718376864,0.7255339026451111
0432,0721,566,561,44.95272568611626,-120.73567671237112,0.9681007266044617
0432,0721,453,507,44.98320820303138,-120.75626567105716,0.9367570877075195
0432,0721,545,576,44.95839057864031,-120.72995755718054,0.9697092771530151
0432,0721,573,555,44.95083738860825,-120.73796437444734,0.9966800212860107
0432,0721,549,468,44.95731155149287,-120.77113547455265,0.6685412526130676
0432,0721,586,529,44.94733055037907,-120.74787757677767,0.9438735842704773
0432,0721,582,490,44.94840957752651,-120.76274738027315,0.9076701402664185
0432,0721,537,459,44.960548632935186,-120.774566967667,0.913236141204834
0432,0721,542,461,44.95919984900089,-120.77380441364159,0.9081912636756897
0432,0721,450,486,44.98401747339196,-120.76427248832397,0.9901599287986755
0432,0721,449,494,44.98428723017882,-120.76122227222233,0.9539749622344971
0432,0721,498,562,44.97106914762271,-120.73529543535841,0.9956226348876953
0432,0721,591,514,44.945981766444774,-120.75359673196823,0.8719931244850159
0432,0721,455,458,44.98266868945766,-120.7749482446797,0.884593665599823
0432,0721,589,522,44.946521280018494,-120.7505465158666,0.8053224086761475
0432,0721,477,556,44.97673404014675,-120.73758309743464,0.839766263961792
0432,0721,516,561,44.96621352545924,-120.73567671237112,0.9999531507492065
0432,0721,579,500,44.94921884788709,-120.7589346101461,0.9987515211105347
0432,0721,457,513,44.98212917588395,-120.75397800898094,0.9928890466690063
0432,0721,575,523,44.95029787503453,-120.7501652388539,0.9962160587310791
0432,0721,577,565,44.94975836146081,-120.73415160432029,0.9987086653709412
0432,0721,487,560,44.97403647227816,-120.73605798938382,0.9756466150283813
0432,0721,562,583,44.9538047132637,-120.7272886180916,0.6584023833274841
0432,0721,470,542,44.97862233765477,-120.7429209756125,0.9881340861320496
0432,0721,578,549,44.94948860467395,-120.74025203652357,0.9981624484062195
0432,0721,456,491,44.982398932670804,-120.76236610326045,0.9905513525009155
0432,0721,586,562,44.94733055037907,-120.73529543535841,0.6831679940223694
0432,0721,543,460,44.95893009221403,-120.77418569065429,0.8976659774780273
0432,0721,557,562,44.955153497198,-120.73529543535841,0.9982256889343262
0432,0721,573,543,44.95083738860825,-120.7425396985998,0.998367190361023
0432,0721,491,560,44.972957445130724,-120.73605798938382,0.9950824975967407
0432,0721,545,465,44.95839057864031,-120.77227930559077,0.7308032512664795
0432,0721,577,485,44.94975836146081,-120.76465376533667,0.6715424060821533
0432,0721,443,485,44.985905770899976,-120.76465376533667,0.9630951881408691
0432,0721,518,451,44.96567401188552,-120.77761718376864,0.7948649525642395
0432,0721,563,563,44.953534956476844,-120.7349141583457,0.9649577736854553
0432,0721,474,543,44.977543310507336,-120.7425396985998,0.9949861764907837
0432,0721,572,523,44.951107145395106,-120.7501652388539,0.996116042137146
0432,0721,581,493,44.94867933431337,-120.76160354923503,0.9878512024879456
0432,0721,536,469,44.96081838972205,-120.77075419753994,0.9940404891967773
0432,0721,488,555,44.9737667154913,-120.73796437444734,0.9983259439468384
0432,0721,451,504,44.9837477166051,-120.75740950209529,0.8306007981300354
0432,0721,460,449,44.981319905523364,-120.77837973779404,0.780693531036377
0432,0721,495,553,44.971878417983284,-120.73872692847274,0.9997763633728027
0432,0721,464,445,44.98024087837593,-120.77990484584487,0.5978282690048218
0432,0721,473,553,44.97781306729419,-120.73872692847274,0.8685480356216431
0432,0721,568,516,44.95218617254255,-120.75283417794283,0.9995546340942383
0432,0721,587,512,44.947060793592215,-120.75435928599364,0.9767137169837952
0432,0721,484,559,44.97484574263874,-120.73643926639652,0.9675844311714172
0432,0721,540,476,44.95973936257461,-120.76808525845101,0.9905471801757812
0432,0721,579,489,44.94921884788709,-120.76312865728585,0.9879601001739502
0432,0721,501,557,44.97025987726213,-120.73720182042193,0.9996052384376526
0432,0721,584,545,44.94787006395279,-120.74177714457439,0.9926478862762451
0432,0721,484,561,44.97484574263874,-120.73567671237112,0.6954193711280823
0432,0721,572,533,44.951107145395106,-120.74635246872684,0.9989150166511536
0432,0721,503,561,44.96972036368841,-120.73567671237112,0.9990800023078918
0432,0721,569,533,44.95191641575568,-120.74635246872684,0.9988645911216736
0432,0721,534,470,44.96135790329576,-120.77037292052725,0.9970750212669373
0432,0721,587,510,44.947060793592215,-120.75512184001906,0.9802691340446472
0432,0721,441,471,44.986445284473696,-120.76999164351454,0.7411953806877136
0432,0721,578,492,44.94948860467395,-120.76198482624774,0.9929477572441101
0432,0721,583,540,44.94813982073965,-120.7436835296379,0.9978256225585938
0432,0721,480,445,44.975924769786175,-120.77990484584487,0.7106995582580566
0432,0721,544,572,44.95866033542717,-120.73148266523135,0.9966446161270142
0432,0721,507,564,44.96864133654097,-120.734532881333,0.9979743957519531
0432,0721,546,458,44.958120821853456,-120.7749482446797,0.7266634702682495
0432,0721,438,479,44.98725455483427,-120.7669414274129,0.762295663356781
0432,0721,550,474,44.957041794706015,-120.76884781247642,0.8675813674926758
0432,0721,578,574,44.94948860467395,-120.73072011120595,0.9567545056343079
0432,0721,543,474,44.95893009221403,-120.76884781247642,0.9860824346542358
0432,0721,456,511,44.982398932670804,-120.75474056300635,0.9880769848823547
0432,0721,498,561,44.97106914762271,-120.73567671237112,0.9981867671012878
0432,0721,508,566,44.96837157975411,-120.7337703273076,0.9892045855522156
0432,0721,467,520,44.979431608015354,-120.751309069892,0.9922879338264465
0432,0721,516,567,44.96621352545924,-120.73338905029489,0.9974788427352905
0432,0721,574,570,44.950567631821386,-120.73224521925677,0.9956291317939758
0432,0721,510,563,44.96783206618039,-120.7349141583457,0.9991859197616577
0432,0721,544,463,44.95866033542717,-120.77304185961617,0.7925220131874084
0432,0721,466,532,44.97970136480221,-120.74673374573955,0.9812901020050049
0432,0721,525,457,44.9637857143775,-120.7753295216924,0.9656981229782104
0432,0721,539,455,44.960009119361466,-120.77609207571781,0.8762211799621582
0432,0721,579,512,44.94921884788709,-120.75435928599364,0.9930099844932556
0432,0721,521,567,44.96486474152494,-120.73338905029489,0.9987543225288391
0432,0721,447,511,44.98482674375254,-120.75474056300635,0.5087592005729675
0432,0721,463,528,44.98051063516279,-120.74825885379038,0.9695414900779724
0432,0721,543,476,44.95893009221403,-120.76808525845101,0.9840986728668213
0432,0721,591,519,44.945981766444774,-120.75169034690471,0.712695300579071
0432,0721,525,452,44.9637857143775,-120.77723590675593,0.7958642244338989
0432,0721,469,442,44.97889209444163,-120.78104867688297,0.6821686029434204
0432,0721,571,525,44.95137690218196,-120.74940268482848,0.9976711869239807
0432,0721,537,578,44.960548632935186,-120.72919500315513,0.8882722854614258
0432,0721,576,535,44.950028118247666,-120.74558991470144,0.9995331168174744
0432,0721,574,562,44.950567631821386,-120.73529543535841,0.9984553456306458
0432,0721,535,575,44.96108814650891,-120.73033883419325,0.9922552704811096
0432,0721,463,516,44.98051063516279,-120.75283417794283,0.9929662346839905
0432,0721,473,536,44.97781306729419,-120.74520863768873,0.9958675503730774
0432,0721,567,522,44.9524559293294,-120.7505465158666,0.9995068907737732
0432,0721,474,555,44.977543310507336,-120.73796437444734,0.5885454416275024
0432,0721,577,551,44.94975836146081,-120.73948948249816,0.9982951879501343
0432,0721,451,491,44.9837477166051,-120.76236610326045,0.986089825630188
0432,0721,457,497,44.98212917588395,-120.76007844118422,0.9913508892059326
0432,0721,479,559,44.97619452657304,-120.73643926639652,0.6304949522018433
0432,0721,579,565,44.94921884788709,-120.73415160432029,0.9983332753181458
0432,0721,449,519,44.98428723017882,-120.75169034690471,0.6025378108024597
0432,0721,544,579,44.95866033542717,-120.72881372614243,0.8014773726463318
0432,0721,512,452,44.96729255260667,-120.77723590675593,0.7749124765396118
0432,0721,482,450,44.975385256212455,-120.77799846078133,0.7968400716781616
0432,0721,590,535,44.94625152323164,-120.74558991470144,0.7767928242683411
0432,0721,581,498,44.94867933431337,-120.75969716417151,0.9965327382087708
0432,0721,453,484,44.98320820303138,-120.76503504234938,0.9904027581214905
0432,0721,535,455,44.96108814650891,-120.77609207571781,0.9409430623054504
0432,0721,498,553,44.97106914762271,-120.73872692847274,0.9998769164085388
0432,0721,584,533,44.94787006395279,-120.74635246872684,0.9803379774093628
0432,0721,482,448,44.975385256212455,-120.77876101480675,0.8259727358818054
0432,0721,462,529,44.98078039194965,-120.74787757677767,0.9155672192573547
0432,0721,499,555,44.97079939083585,-120.73796437444734,0.9998112320899963
0432,0721,512,571,44.96729255260667,-120.73186394224406,0.8093451857566833
0432,0721,490,560,44.97322720191758,-120.73605798938382,0.9919008612632751
0432,0721,559,544,44.95461398362428,-120.74215842158709,0.999462366104126
0432,0721,476,544,44.977003796933616,-120.74215842158709,0.9963032603263855
0432,0721,512,570,44.96729255260667,-120.73224521925677,0.85997474193573
0432,0721,572,573,44.951107145395106,-120.73110138821866,0.912451982498169
0432,0721,516,560,44.96621352545924,-120.73605798938382,0.9999459981918335
0432,0721,566,569,44.95272568611626,-120.73262649626948,0.9618512988090515
0432,0721,502,560,44.969990120475266,-120.73605798938382,0.9990615844726562
0432,0721,511,458,44.967562309393536,-120.7749482446797,0.5009322166442871
0432,0721,577,550,44.94975836146081,-120.73987075951086,0.998487651348114
0432,0721,545,462,44.95839057864031,-120.77342313662888,0.9262952208518982
0432,0721,568,562,44.95218617254255,-120.73529543535841,0.9692951440811157
0432,0721,583,536,44.94813982073965,-120.74520863768873,0.9977878928184509
0432,0721,468,528,44.97916185122849,-120.74825885379038,0.9948992729187012
0432,0721,473,546,44.97781306729419,-120.74139586756168,0.9907808303833008
0432,0721,526,454,44.963515957590644,-120.77647335273052,0.9617220759391785
0432,0721,573,533,44.95083738860825,-120.74635246872684,0.9993764162063599
0432,0721,517,567,44.965943768672375,-120.73338905029489,0.9982241988182068
0432,0721,510,558,44.96783206618039,-120.73682054340922,0.9998812675476074
0432,0721,582,565,44.94840957752651,-120.73415160432029,0.9823470711708069
0432,0721,575,541,44.95029787503453,-120.74330225262521,0.9994723200798035
0432,0721,578,501,44.94948860467395,-120.75855333313339,0.9987883567810059
0432,0721,495,558,44.971878417983284,-120.73682054340922,0.9984782338142395
0432,0721,516,451,44.96621352545924,-120.77761718376864,0.8551656007766724
0432,0721,574,517,44.950567631821386,-120.75245290093012,0.9967425465583801
0432,0721,463,449,44.98051063516279,-120.77837973779404,0.7971621155738831
0432,0721,576,563,44.950028118247666,-120.7349141583457,0.9992735385894775
0432,0721,463,524,44.98051063516279,-120.74978396184119,0.9878386855125427
0432,0721,469,540,44.97889209444163,-120.7436835296379,0.9803425073623657
0432,0721,494,562,44.97214817477015,-120.73529543535841,0.9848393797874451
0432,0721,505,562,44.96918085011469,-120.73529543535841,0.9987705945968628
0432,0721,452,486,44.983477959818245,-120.76427248832397,0.989839494228363
0432,0721,485,549,44.97457598585188,-120.74025203652357,0.9983460903167725
0432,0721,449,514,44.98428723017882,-120.75359673196823,0.5778096914291382
0432,0721,448,494,44.98455698696568,-120.76122227222233,0.9275311827659607
0432,0721,525,456,44.9637857143775,-120.7757107987051,0.9550570249557495
0432,0721,554,547,44.955962767558574,-120.74101459054899,0.9998168349266052
0432,0721,536,572,44.96081838972205,-120.73148266523135,0.9946741461753845
0432,0721,516,450,44.96621352545924,-120.77799846078133,0.8645865321159363
0432,0721,497,558,44.97133890440956,-120.73682054340922,0.9990176558494568
0432,0721,449,510,44.98428723017882,-120.75512184001906,0.6779701709747314
0432,0721,464,528,44.98024087837593,-120.74825885379038,0.9829336404800415
0432,0721,497,562,44.97133890440956,-120.73529543535841,0.9941334128379822
0432,0721,582,563,44.94840957752651,-120.7349141583457,0.9962906837463379
0432,0721,522,451,44.96459498473808,-120.77761718376864,0.5991479158401489
0432,0721,459,530,44.98158966231023,-120.74749629976496,0.5013335347175598
0432,0721,452,490,44.983477959818245,-120.76274738027315,0.9893205165863037
0432,0721,460,522,44.981319905523364,-120.7505465158666,0.9872398376464844
0432,0721,459,523,44.98158966231023,-120.7501652388539,0.9781851172447205
0432,0721,557,577,44.955153497198,-120.72957628016783,0.9913383722305298
0432,0721,520,453,44.9651344983118,-120.77685462974323,0.8980041742324829
0432,0721,575,504,44.95029787503453,-120.75740950209529,0.9992521405220032
0432,0721,541,467,44.95946960578775,-120.77151675156536,0.9742172956466675
0432,0721,442,481,44.98617552768684,-120.76617887338749,0.967500627040863
0432,0721,572,553,44.951107145395106,-120.73872692847274,0.9944196343421936
0432,0721,587,493,44.947060793592215,-120.76160354923503,0.7133507132530212
0432,0721,575,555,44.95029787503453,-120.73796437444734,0.9993329048156738
0432,0721,580,498,44.94894909110023,-120.75969716417151,0.9974430203437805
0432,0721,557,549,44.955153497198,-120.74025203652357,0.9996658563613892
0432,0721,581,542,44.94867933431337,-120.7429209756125,0.9979868531227112
0432,0721,457,486,44.98212917588395,-120.76427248832397,0.9900540113449097
0432,0721,541,459,44.95946960578775,-120.774566967667,0.7720124125480652
0432,0721,439,482,44.986984798047416,-120.76579759637478,0.7149868607521057
0432,0721,475,541,44.97727355372047,-120.74330225262521,0.9958649277687073
0432,0721,481,450,44.97565501299932,-120.77799846078133,0.8467483520507812
0432,0721,533,572,44.96162766008263,-120.73148266523135,0.9969151020050049
0432,0721,571,536,44.95137690218196,-120.74520863768873,0.9988254308700562
0432,0721,585,553,44.947600307165935,-120.73872692847274,0.9765767455101013
0432,0721,447,492,44.98482674375254,-120.76198482624774,0.9382956027984619
0432,0721,574,568,44.950567631821386,-120.73300777328218,0.9930763244628906
0432,0721,572,559,44.951107145395106,-120.73643926639652,0.996749222278595
0432,0721,559,542,44.95461398362428,-120.7429209756125,0.9993878602981567
0432,0721,526,460,44.963515957590644,-120.77418569065429,0.9738056659698486
0432,0721,470,442,44.97862233765477,-120.78104867688297,0.6532316207885742
0432,0721,449,512,44.98428723017882,-120.75435928599364,0.6678244471549988
0432,0721,466,531,44.97970136480221,-120.74711502275225,0.9870507121086121
0432,0721,567,555,44.9524559293294,-120.73796437444734,0.9949226975440979
0432,0721,576,578,44.950028118247666,-120.72919500315513,0.6137173175811768
0432,0721,528,575,44.962976444016924,-120.73033883419325,0.9216434359550476
0432,0721,579,572,44.94921884788709,-120.73148266523135,0.9960391521453857
0432,0721,461,515,44.98105014873651,-120.75321545495554,0.9934973120689392
0432,0721,477,547,44.97673404014675,-120.74101459054899,0.9965141415596008
0432,0721,590,518,44.94625152323164,-120.75207162391742,0.8931518793106079
0432,0721,577,578,44.94975836146081,-120.72919500315513,0.7989819645881653
0432,0721,456,520,44.982398932670804,-120.751309069892,0.9789376854896545
0432,0721,489,550,44.973496958704445,-120.73987075951086,0.9990212321281433
0432,0721,578,517,44.94948860467395,-120.75245290093012,0.9902741312980652
0432,0721,589,507,44.946521280018494,-120.75626567105716,0.9756845831871033
0432,0721,487,558,44.97403647227816,-120.73682054340922,0.9947866797447205
0432,0721,575,579,44.95029787503453,-120.72881372614243,0.5161604881286621
0432,0721,521,453,44.96486474152494,-120.77685462974323,0.9266863465309143
0432,0721,535,454,44.96108814650891,-120.77647335273052,0.9464146494865417
0432,0721,575,565,44.95029787503453,-120.73415160432029,0.9950868487358093
0432,0721,453,491,44.98320820303138,-120.76236610326045,0.9890808463096619
0432,0721,575,560,44.95029787503453,-120.73605798938382,0.9997314214706421
0432,0721,557,555,44.955153497198,-120.73796437444734,0.9997942447662354
0432,0721,513,448,44.967022795819815,-120.77876101480675,0.6613848805427551
0432,0721,572,506,44.951107145395106,-120.75664694806987,0.9995087385177612
0432,0721,484,449,44.97484574263874,-120.77837973779404,0.8478971123695374
0432,0721,490,554,44.97322720191758,-120.73834565146005,0.9990711808204651
0432,0721,543,463,44.95893009221403,-120.77304185961617,0.8808090686798096
0432,0721,545,473,44.95839057864031,-120.76922908948913,0.9823349118232727
0432,0721,490,559,44.97322720191758,-120.73643926639652,0.9957683682441711
0432,0721,473,537,44.97781306729419,-120.74482736067603,0.9960764646530151
0432,0721,565,526,44.95299544290312,-120.74902140781577,0.9996253848075867
0432,0721,572,535,44.951107145395106,-120.74558991470144,0.9990832209587097
0432,0721,508,449,44.96837157975411,-120.77837973779404,0.5147221088409424
0432,0721,569,550,44.95191641575568,-120.73987075951086,0.9979046583175659
0432,0721,515,449,44.966483282246095,-120.77837973779404,0.8997417688369751
0432,0721,478,445,44.976464283359896,-120.77990484584487,0.8016115427017212
0432,0721,526,571,44.963515957590644,-120.73186394224406,0.996638834476471
0432,0721,543,472,44.95893009221403,-120.76961036650184,0.9790459275245667
0432,0721,490,557,44.97322720191758,-120.73720182042193,0.9979470372200012
0432,0721,494,564,44.97214817477015,-120.734532881333,0.8870325684547424
0432,0721,574,546,44.950567631821386,-120.74139586756168,0.998341977596283
0432,0721,474,544,44.977543310507336,-120.74215842158709,0.9952251315116882
0432,0721,505,451,44.96918085011469,-120.77761718376864,0.5866126418113708
0432,0721,454,505,44.982938446244525,-120.75702822508258,0.983309805393219
0432,0721,589,499,44.946521280018494,-120.7593158871588,0.9591935276985168
0432,0721,538,572,44.96027887614833,-120.73148266523135,0.9935595989227295
0432,0721,586,557,44.94733055037907,-120.73720182042193,0.8062021136283875
0432,0721,471,552,44.97835258086791,-120.73910820548545,0.7134221792221069
0432,0721,578,490,44.94948860467395,-120.76274738027315,0.9949179291725159
0432,0721,561,571,44.95407447005056,-120.73186394224406,0.9980843663215637
0432,0721,481,453,44.97565501299932,-120.77685462974323,0.8945910334587097
0432,0721,513,452,44.967022795819815,-120.77723590675593,0.7889825105667114
0432,0721,472,544,44.978082824081056,-120.74215842158709,0.994263768196106
0432,0721,559,566,44.95461398362428,-120.7337703273076,0.9980075359344482
0432,0721,515,564,44.966483282246095,-120.734532881333,0.9994771480560303
0432,0721,563,546,44.953534956476844,-120.74139586756168,0.9985936880111694
0432,0721,518,565,44.96567401188552,-120.73415160432029,0.9995288848876953
0432,0721,556,557,44.955423253984854,-120.73720182042193,0.9998041987419128
0432,0721,540,575,44.95973936257461,-120.73033883419325,0.9824158549308777
0432,0721,444,474,44.98563601411312,-120.76884781247642,0.9859024286270142
0432,0721,451,477,44.9837477166051,-120.76770398143832,0.9926509857177734
0432,0721,450,506,44.98401747339196,-120.75664694806987,0.7603533864021301
0432,0721,483,443,44.9751154994256,-120.78066739987027,0.6091408729553223
0432,0721,489,556,44.973496958704445,-120.73758309743464,0.9978910088539124
0432,0721,443,477,44.985905770899976,-120.76770398143832,0.9886482954025269
0432,0721,553,469,44.95623252434544,-120.77075419753994,0.5497385859489441
0432,0721,569,524,44.95191641575568,-120.74978396184119,0.9988777041435242
0432,0721,567,558,44.9524559293294,-120.73682054340922,0.9963847994804382
0432,0721,518,571,44.96567401188552,-120.73186394224406,0.9672368764877319
0432,0721,578,489,44.94948860467395,-120.76312865728585,0.9927323460578918
0432,0721,587,543,44.947060793592215,-120.7425396985998,0.8984084129333496
0432,0721,520,563,44.9651344983118,-120.7349141583457,0.9999344944953918
0432,0721,583,503,44.94813982073965,-120.75779077910799,0.9893102049827576
0432,0721,522,563,44.96459498473808,-120.7349141583457,0.9999484419822693
0432,0721,559,570,44.95461398362428,-120.73224521925677,0.9993501305580139
0432,0721,543,457,44.95893009221403,-120.7753295216924,0.645760178565979
0432,0721,453,508,44.98320820303138,-120.75588439404446,0.9511938691139221
0432,0721,578,570,44.94948860467395,-120.73224521925677,0.9988647699356079
0432,0721,558,554,44.95488374041114,-120.73834565146005,0.999783456325531
0432,0721,467,521,44.979431608015354,-120.7509277928793,0.9920873641967773
0432,0721,578,552,44.94948860467395,-120.73910820548545,0.9987834692001343
0432,0721,568,515,44.95218617254255,-120.75321545495554,0.9994992613792419
0432,0721,584,520,44.94787006395279,-120.751309069892,0.9813886880874634
0432,0721,558,543,44.95488374041114,-120.7425396985998,0.9992178678512573
0432,0721,587,546,44.947060793592215,-120.74139586756168,0.8522143363952637
0432,0721,591,529,44.945981766444774,-120.74787757677767,0.5366780757904053
0432,0721,465,527,44.97997112158907,-120.74864013080307,0.9902909994125366
0432,0721,502,566,44.969990120475266,-120.7337703273076,0.8695448040962219
0432,0721,515,561,44.966483282246095,-120.73567671237112,0.999951183795929
0432,0721,533,452,44.96162766008263,-120.77723590675593,0.7111993432044983
0432,0721,582,541,44.94840957752651,-120.74330225262521,0.9981030821800232
0432,0721,568,571,44.95218617254255,-120.73186394224406,0.9619721174240112
0432,0721,578,536,44.94948860467395,-120.74520863768873,0.9993934035301208
0432,0721,470,533,44.97862233765477,-120.74635246872684,0.9930025339126587
0432,0721,578,546,44.94948860467395,-120.74139586756168,0.9991345405578613
0432,0721,582,558,44.94840957752651,-120.73682054340922,0.996923565864563
0432,0721,515,459,44.966483282246095,-120.774566967667,0.8286744356155396
0432,0721,543,471,44.95893009221403,-120.76999164351454,0.975463330745697
0432,0721,467,448,44.979431608015354,-120.77876101480675,0.891643226146698
0432,0721,528,452,44.962976444016924,-120.77723590675593,0.8089185953140259
0432,0721,579,557,44.94921884788709,-120.73720182042193,0.9987685084342957
0432,0721,578,507,44.94948860467395,-120.75626567105716,0.997410237789154
0432,0721,538,456,44.96027887614833,-120.7757107987051,0.9273405075073242
0432,0721,579,534,44.94921884788709,-120.74597119171415,0.9994441270828247
0432,0721,572,525,44.951107145395106,-120.74940268482848,0.996910572052002
0432,0721,569,563,44.95191641575568,-120.7349141583457,0.97773277759552
0432,0721,558,580,44.95488374041114,-120.72843244912973,0.884856641292572
0432,0721,487,555,44.97403647227816,-120.73796437444734,0.9977504014968872
0432,0721,580,574,44.94894909110023,-120.73072011120595,0.8898112177848816
0432,0721,567,574,44.9524559293294,-120.73072011120595,0.8387869596481323
0432,0721,586,544,44.94733055037907,-120.74215842158709,0.9761741757392883
0432,0721,505,565,44.96918085011469,-120.73415160432029,0.9934556484222412
0432,0721,467,533,44.979431608015354,-120.74635246872684,0.9837033152580261
0432,0721,573,529,44.95083738860825,-120.74787757677767,0.9981208443641663
0432,0721,473,548,44.97781306729419,-120.74063331353628,0.9792053699493408
0432,0721,566,572,44.95272568611626,-120.73148266523135,0.9110013842582703
0432,0721,513,454,44.967022795819815,-120.77647335273052,0.6835355758666992
0432,0721,518,570,44.96567401188552,-120.73224521925677,0.9872357845306396
0432,0721,577,557,44.94975836146081,-120.73720182042193,0.9993630051612854
0432,0721,443,478,44.985905770899976,-120.76732270442561,0.9865931868553162
0432,0721,486,554,44.97430622906502,-120.73834565146005,0.9979845881462097
0432,0721,493,559,44.972417931557004,-120.73643926639652,0.9974186420440674
0432,0721,497,557,44.97133890440956,-120.73720182042193,0.9993242025375366
0432,0721,572,556,44.951107145395106,-120.73758309743464,0.9950376152992249
0432,0721,584,500,44.94787006395279,-120.7589346101461,0.9879719018936157
0432,0721,585,501,44.947600307165935,-120.75855333313339,0.9879255294799805
0432,0721,537,461,44.960548632935186,-120.77380441364159,0.9800471067428589
0432,0721,565,573,44.95299544290312,-120.73110138821866,0.8977789282798767
0432,0721,482,444,44.975385256212455,-120.78028612285756,0.5327445864677429
0432,0721,493,451,44.972417931557004,-120.77761718376864,0.5196625590324402
0432,0721,537,476,44.960548632935186,-120.76808525845101,0.9927471876144409
0432,0721,580,516,44.94894909110023,-120.75283417794283,0.9885143637657166
0432,0721,472,551,44.978082824081056,-120.73948948249816,0.9257718920707703
0432,0721,469,439,44.97889209444163,-120.7821925079211,0.5328860878944397
0432,0721,571,572,44.95137690218196,-120.73148266523135,0.9630445241928101
0432,0721,524,455,44.96405547116436,-120.77609207571781,0.970839262008667
0432,0721,580,522,44.94894909110023,-120.7505465158666,0.992559552192688
0432,0721,589,528,44.946521280018494,-120.74825885379038,0.75295090675354
0432,0721,560,552,44.95434422683742,-120.73910820548545,0.999503493309021
0432,0721,569,534,44.95191641575568,-120.74597119171415,0.9991549849510193
0432,0721,472,442,44.978082824081056,-120.78104867688297,0.5052158236503601
0432,0721,548,475,44.957581308279735,-120.76846653546372,0.9132817387580872
0432,0721,460,523,44.981319905523364,-120.7501652388539,0.98322993516922
0432,0721,567,546,44.9524559293294,-120.74139586756168,0.9979870319366455
0432,0721,453,517,44.98320820303138,-120.75245290093012,0.9100751280784607
0432,0721,561,566,44.95407447005056,-120.7337703273076,0.9964635968208313
0432,0721,485,559,44.97457598585188,-120.73643926639652,0.9762740731239319
0432,0721,570,552,44.951646658968826,-120.73910820548545,0.9956645369529724
0432,0721,535,458,44.96108814650891,-120.7749482446797,0.8886274695396423
0432,0721,448,477,44.98455698696568,-120.76770398143832,0.9927491545677185
0432,0721,562,574,44.9538047132637,-120.73072011120595,0.9935481548309326
0432,0721,583,519,44.94813982073965,-120.75169034690471,0.9880478382110596
0432,0721,457,509,44.98212917588395,-120.75550311703176,0.9928095936775208
0432,0721,565,547,44.95299544290312,-120.74101459054899,0.997571587562561
0432,0721,470,443,44.97862233765477,-120.78066739987027,0.6389749050140381
0432,0721,556,576,44.955423253984854,-120.72995755718054,0.994415819644928
0432,0721,579,498,44.94921884788709,-120.75969716417151,0.9981252551078796
0432,0721,557,580,44.955153497198,-120.72843244912973,0.904107928276062
0432,0721,526,568,44.963515957590644,-120.73300777328218,0.9989487528800964
0432,0721,469,441,44.97889209444163,-120.78142995389568,0.5293105840682983
0432,0721,512,559,44.96729255260667,-120.73643926639652,0.9999260306358337
0432,0721,506,453,44.96891109332783,-120.77685462974323,0.6804131269454956
0432,0721,507,562,44.96864133654097,-120.73529543535841,0.9991105198860168
0432,0721,537,464,44.960548632935186,-120.77266058260348,0.9631970524787903
0432,0721,580,572,44.94894909110023,-120.73148266523135,0.9896878004074097
0432,0721,474,551,44.977543310507336,-120.73948948249816,0.9741865992546082
0432,0721,491,564,44.972957445130724,-120.734532881333,0.6597801446914673
0432,0721,583,545,44.94813982073965,-120.74177714457439,0.9971216917037964
0432,0721,519,562,44.965404255098655,-120.73529543535841,0.9999514818191528
0432,0721,578,502,44.94948860467395,-120.7581720561207,0.9989457130432129
0432,0721,544,474,44.95866033542717,-120.76884781247642,0.982650101184845
0432,0721,593,500,44.945442252871054,-120.7589346101461,0.6617721319198608
0432,0721,459,518,44.98158966231023,-120.75207162391742,0.9910804629325867
0432,0721,439,483,44.986984798047416,-120.76541631936209,0.693090558052063
0432,0721,586,504,44.94733055037907,-120.75740950209529,0.9925487637519836
0432,0721,536,574,44.96081838972205,-120.73072011120595,0.9944958090782166
0432,0721,590,524,44.94625152323164,-120.74978396184119,0.6854336857795715
0432,0721,593,497,44.945442252871054,-120.76007844118422,0.5068165063858032
0432,0721,535,471,44.96108814650891,-120.76999164351454,0.9960739016532898
0432,0721,564,548,44.95326519968998,-120.74063331353628,0.9983745217323303
0432,0721,506,455,44.96891109332783,-120.77609207571781,0.507727861404419
0432,0721,523,567,44.96432522795122,-120.73338905029489,0.9993400573730469
0432,0721,578,510,44.94948860467395,-120.75512184001906,0.9969069957733154
0432,0721,462,517,44.98078039194965,-120.75245290093012,0.9923184514045715
0432,0721,584,563,44.94787006395279,-120.7349141583457,0.9124112725257874
0432,0721,541,476,44.95946960578775,-120.76808525845101,0.9848212003707886
0432,0721,576,551,44.950028118247666,-120.73948948249816,0.9985288977622986
0432,0721,514,561,44.96675303903295,-120.73567671237112,0.9999514818191528
0432,0721,585,526,44.947600307165935,-120.74902140781577,0.9718250036239624
0432,0721,494,561,44.97214817477015,-120.73567671237112,0.9951915144920349
0432,0721,571,555,44.95137690218196,-120.73796437444734,0.9910826683044434
0432,0721,567,530,44.9524559293294,-120.74749629976496,0.9994856119155884
0432,0721,515,446,44.966483282246095,-120.77952356883216,0.8632186651229858
0432,0721,538,476,44.96027887614833,-120.76808525845101,0.9948906898498535
0432,0721,544,464,44.95866033542717,-120.77266058260348,0.7230371236801147
0432,0721,560,544,44.95434422683742,-120.74215842158709,0.9994762539863586
0432,0721,455,480,44.98266868945766,-120.7665601504002,0.9898684024810791
0432,0721,561,574,44.95407447005056,-120.73072011120595,0.9957093596458435
0432,0721,583,501,44.94813982073965,-120.75855333313339,0.9894916415214539
0432,0721,568,534,44.95218617254255,-120.74597119171415,0.9993398785591125
0432,0721,459,529,44.98158966231023,-120.74787757677767,0.6148791313171387
0432,0721,571,527,44.95137690218196,-120.74864013080307,0.997945249080658
0432,0721,573,534,44.95083738860825,-120.74597119171415,0.9994217753410339
0432,0721,577,544,44.94975836146081,-120.74215842158709,0.9996347427368164
0432,0721,587,554,44.947060793592215,-120.73834565146005,0.5553510189056396
0432,0721,524,565,44.96405547116436,-120.73415160432029,0.9998892545700073
0432,0721,447,466,44.98482674375254,-120.77189802857806,0.8431842923164368
0432,0721,437,476,44.98752431162114,-120.76808525845101,0.5479850769042969
0432,0721,559,540,44.95461398362428,-120.7436835296379,0.999453604221344
0432,0721,507,567,44.96864133654097,-120.73338905029489,0.907087504863739
0432,0721,571,556,44.95137690218196,-120.73758309743464,0.9954389333724976
0432,0721,468,537,44.97916185122849,-120.74482736067603,0.973794162273407
0432,0721,453,482,44.98320820303138,-120.76579759637478,0.9904878735542297
0432,0721,494,452,44.97214817477015,-120.77723590675593,0.589615523815155
0432,0721,578,556,44.94948860467395,-120.73758309743464,0.9989877343177795
0432,0721,515,455,44.966483282246095,-120.77609207571781,0.7396585941314697
0432,0721,439,478,44.986984798047416,-120.76732270442561,0.8394586443901062
0432,0721,552,473,44.956502281132295,-120.76922908948913,0.6536499857902527
0432,0721,449,478,44.98428723017882,-120.76732270442561,0.9924601316452026
0432,0721,577,554,44.94975836146081,-120.73834565146005,0.9990874528884888
0432,0721,456,482,44.982398932670804,-120.76579759637478,0.9889257550239563
0432,0721,544,460,44.95866033542717,-120.77418569065429,0.9014009237289429
0432,0721,444,470,44.98563601411312,-120.77037292052725,0.9622528553009033
0432,0721,569,516,44.95191641575568,-120.75283417794283,0.9994239807128906
0432,0721,568,554,44.95218617254255,-120.73834565146005,0.9967813491821289
0432,0721,479,445,44.97619452657304,-120.77990484584487,0.7801149487495422
0432,0721,508,568,44.96837157975411,-120.73300777328218,0.8313294053077698
0432,0721,590,527,44.94625152323164,-120.74864013080307,0.642271876335144
0432,0721,579,578,44.94921884788709,-120.72919500315513,0.8933461308479309
0432,0721,449,487,44.98428723017882,-120.76389121131126,0.9893588423728943
0432,0721,511,569,44.967562309393536,-120.73262649626948,0.8810146450996399
0432,0721,537,471,44.960548632935186,-120.76999164351454,0.9946175217628479
0432,0721,567,527,44.9524559293294,-120.74864013080307,0.9995583295822144
0432,0721,573,551,44.95083738860825,-120.73948948249816,0.9947826862335205
0432,0721,580,542,44.94894909110023,-120.7429209756125,0.999024510383606
0432,0721,468,525,44.97916185122849,-120.74940268482848,0.9934141039848328
0432,0721,572,560,44.951107145395106,-120.73605798938382,0.9967740178108215
0432,0721,577,579,44.94975836146081,-120.72881372614243,0.7482139468193054
0432,0721,537,457,44.960548632935186,-120.7753295216924,0.8101146817207336
0432,0721,586,560,44.94733055037907,-120.73605798938382,0.7362902164459229
0432,0721,468,543,44.97916185122849,-120.7425396985998,0.9291903972625732
0432,0721,580,540,44.94894909110023,-120.7436835296379,0.9992115497589111
0432,0721,575,567,44.95029787503453,-120.73338905029489,0.9968212842941284
0432,0721,591,517,44.945981766444774,-120.75245290093012,0.8129462003707886
0432,0721,579,532,44.94921884788709,-120.74673374573955,0.999090313911438
0432,0721,452,520,44.983477959818245,-120.751309069892,0.8261672854423523
0432,0721,470,548,44.97862233765477,-120.74063331353628,0.8547492623329163
0432,0721,567,528,44.9524559293294,-120.74825885379038,0.9994871020317078
0432,0721,442,487,44.98617552768684,-120.76389121131126,0.9419737458229065
0432,0721,576,561,44.950028118247666,-120.73567671237112,0.9994779229164124
0432,0721,493,452,44.972417931557004,-120.77723590675593,0.6589710712432861
0432,0721,570,572,44.951646658968826,-120.73148266523135,0.9562628865242004
0432,0721,582,532,44.94840957752651,-120.74673374573955,0.9964864253997803
0432,0721,481,444,44.97565501299932,-120.78028612285756,0.5591727495193481
0432,0721,484,553,44.97484574263874,-120.73872692847274,0.998152494430542
0432,0721,517,455,44.965943768672375,-120.77609207571781,0.8549908399581909
0432,0721,571,523,44.95137690218196,-120.7501652388539,0.9976664781570435
0432,0721,506,564,44.96891109332783,-120.734532881333,0.9976797699928284
0432,0721,510,567,44.96783206618039,-120.73338905029489,0.9774194955825806
0432,0721,445,491,44.985366257326255,-120.76236610326045,0.8714593648910522
0432,0721,453,499,44.98320820303138,-120.7593158871588,0.972084105014801
0432,0721,524,453,44.96405547116436,-120.77685462974323,0.9599801301956177
0432,0721,468,547,44.97916185122849,-120.74101459054899,0.7155645489692688
0432,0721,460,528,44.981319905523364,-120.74825885379038,0.8723945617675781
0432,0721,450,489,44.98401747339196,-120.76312865728585,0.9880463480949402
0432,0721,575,568,44.95029787503453,-120.73300777328218,0.997390627861023
0432,0721,457,495,44.98212917588395,-120.76084099520962,0.9909740090370178
0432,0721,562,564,44.9538047132637,-120.734532881333,0.989338755607605
0432,0721,583,543,44.94813982073965,-120.7425396985998,0.9954881072044373
0432,0721,563,575,44.953534956476844,-120.73033883419325,0.9773426055908203
0432,0721,520,565,44.9651344983118,-120.73415160432029,0.9997508525848389
0432,0721,577,572,44.94975836146081,-120.73148266523135,0.9953576922416687
0432,0721,523,455,44.96432522795122,-120.77609207571781,0.9567028284072876
0432,0721,539,470,44.960009119361466,-120.77037292052725,0.9945588707923889
0432,0721,579,553,44.94921884788709,-120.73872692847274,0.9979444146156311
0432,0721,573,545,44.95083738860825,-120.74177714457439,0.9979249238967896
0432,0721,581,507,44.94867933431337,-120.75626567105716,0.9927898645401001
0432,0721,477,548,44.97673404014675,-120.74063331353628,0.9955496788024902
0432,0721,588,523,44.94679103680535,-120.7501652388539,0.8591843247413635
0432,0721,450,477,44.98401747339196,-120.76770398143832,0.9926366806030273
0432,0721,464,531,44.98024087837593,-120.74711502275225,0.9318896532058716
0432,0721,479,546,44.97619452657304,-120.74139586756168,0.99775630235672
0432,0721,506,561,44.96891109332783,-120.73567671237112,0.9994537830352783
0432,0721,579,567,44.94921884788709,-120.73338905029489,0.996623158454895
0432,0721,568,565,44.95218617254255,-120.73415160432029,0.9822334051132202
0432,0721,516,446,44.96621352545924,-120.77952356883216,0.8100453615188599
0432,0721,465,525,44.97997112158907,-120.74940268482848,0.9909944534301758
0432,0721,524,571,44.96405547116436,-120.73186394224406,0.996415913105011
0432,0721,592,508,44.94571200965792,-120.75588439404446,0.8343973159790039
0432,0721,576,576,44.950028118247666,-120.72995755718054,0.8752253651618958
0432,0721,546,469,44.958120821853456,-120.77075419753994,0.9711179733276367
0432,0721,502,563,44.969990120475266,-120.7349141583457,0.9963724613189697
0432,0721,508,565,44.96837157975411,-120.73415160432029,0.997215986251831
0432,0721,465,536,44.97997112158907,-120.74520863768873,0.8444988131523132
0432,0721,517,459,44.965943768672375,-120.774566967667,0.883202314376831
0432,0721,568,537,44.95218617254255,-120.74482736067603,0.9991784691810608
0432,0721,577,556,44.94975836146081,-120.73758309743464,0.9994820952415466
0432,0721,547,474,44.95785106506659,-120.76884781247642,0.9435135126113892
0432,0721,579,558,44.94921884788709,-120.73682054340922,0.9991130828857422
0432,0721,567,570,44.9524559293294,-120.73224521925677,0.9641403555870056
0432,0721,581,522,44.94867933431337,-120.7505465158666,0.9886954426765442
0432,0721,488,558,44.9737667154913,-120.73682054340922,0.9959858059883118
0432,0721,464,521,44.98024087837593,-120.7509277928793,0.9924365282058716
0432,0721,502,564,44.969990120475266,-120.734532881333,0.9904427528381348
0432,0721,515,560,44.966483282246095,-120.73605798938382,0.9999434947967529
0432,0721,471,444,44.97835258086791,-120.78028612285756,0.7083457708358765
0432,0721,453,514,44.98320820303138,-120.75359673196823,0.9231619238853455
0432,0721,560,550,44.95434422683742,-120.73987075951086,0.999405026435852
0432,0721,488,559,44.9737667154913,-120.73643926639652,0.9935824275016785
0432,0721,501,558,44.97025987726213,-120.73682054340922,0.9991348385810852
0432,0721,586,546,44.94733055037907,-120.74139586756168,0.9588624835014343
0432,0721,579,497,44.94921884788709,-120.76007844118422,0.9981070756912231
0432,0721,447,487,44.98482674375254,-120.76389121131126,0.9853573441505432
0432,0721,479,557,44.97619452657304,-120.73720182042193,0.886770486831665
0432,0721,449,481,44.98428723017882,-120.76617887338749,0.9915401339530945
0432,0721,483,556,44.9751154994256,-120.73758309743464,0.9932928681373596
0432,0721,580,545,44.94894909110023,-120.74177714457439,0.9986427426338196
0432,0721,487,550,44.97403647227816,-120.73987075951086,0.9985318779945374
0432,0721,454,510,44.982938446244525,-120.75512184001906,0.9825962781906128
0432,0721,445,475,44.985366257326255,-120.76846653546372,0.989521324634552
0432,0721,437,487,44.98752431162114,-120.76389121131126,0.626437783241272
0432,0721,544,466,44.95866033542717,-120.77189802857806,0.9154298305511475
0432,0721,533,460,44.96162766008263,-120.77418569065429,0.9648079872131348
0432,0721,574,551,44.950567631821386,-120.73948948249816,0.9974309206008911
0432,0721,573,532,44.95083738860825,-120.74673374573955,0.9992498755455017
0432,0721,571,520,44.95137690218196,-120.751309069892,0.9980006217956543
0432,0721,489,452,44.973496958704445,-120.77723590675593,0.737617015838623
0432,0721,452,521,44.983477959818245,-120.7509277928793,0.7551385164260864
0432,0721,465,538,44.97997112158907,-120.74444608366332,0.5713486671447754
0432,0721,582,534,44.94840957752651,-120.74597119171415,0.9978471398353577
0432,0721,555,577,44.95569301077172,-120.72957628016783,0.9849135875701904
0432,0721,517,450,44.965943768672375,-120.77799846078133,0.800311803817749
0432,0721,587,508,44.947060793592215,-120.75588439404446,0.9854886531829834
0432,0721,547,465,44.95785106506659,-120.77227930559077,0.5504802465438843
0432,0721,464,524,44.98024087837593,-120.74978396184119,0.9911797046661377
0432,0721,488,450,44.9737667154913,-120.77799846078133,0.6104126572608948
0432,0721,486,444,44.97430622906502,-120.78028612285756,0.5776243209838867
0432,0721,576,536,44.950028118247666,-120.74520863768873,0.9996480345726013
0432,0721,460,526,44.981319905523364,-120.74902140781577,0.946690559387207
0432,0721,464,520,44.98024087837593,-120.751309069892,0.9931579828262329
0432,0721,561,540,44.95407447005056,-120.7436835296379,0.9994786977767944
0432,0721,577,495,44.94975836146081,-120.76084099520962,0.9988130927085876
0432,0721,583,563,44.94813982073965,-120.7349141583457,0.9724475741386414
0432,0721,502,558,44.969990120475266,-120.73682054340922,0.9993746280670166
0432,0721,585,497,44.947600307165935,-120.76007844118422,0.9612065553665161
0432,0721,565,527,44.95299544290312,-120.74864013080307,0.9995670318603516
0432,0721,567,549,44.9524559293294,-120.74025203652357,0.997586727142334
0432,0721,557,559,44.955153497198,-120.73643926639652,0.9997144937515259
0432,0721,529,569,44.96270668723006,-120.73262649626948,0.9991559386253357
0432,0721,479,446,44.97619452657304,-120.77952356883216,0.7729608416557312
0432,0721,516,453,44.96621352545924,-120.77685462974323,0.8709859251976013
0432,0721,586,517,44.94733055037907,-120.75245290093012,0.9648022651672363
0432,0721,551,466,44.95677203791915,-120.77189802857806,0.6228227615356445
0432,0721,440,488,44.98671504126056,-120.76350993429855,0.7816909551620483
0432,0721,530,456,44.962436930443204,-120.7757107987051,0.972096860408783
0432,0721,491,556,44.972957445130724,-120.73758309743464,0.9986746907234192
0432,0721,585,556,44.947600307165935,-120.73758309743464,0.9507419466972351
0432,0721,579,488,44.94921884788709,-120.76350993429855,0.9539732933044434
0432,0721,578,521,44.94948860467395,-120.7509277928793,0.9934203028678894
0432,0721,547,471,44.95785106506659,-120.76999164351454,0.9061744809150696
0432,0721,478,558,44.976464283359896,-120.73682054340922,0.7865360379219055
0432,0721,570,542,44.951646658968826,-120.7429209756125,0.9988133311271667
0432,0721,501,555,44.97025987726213,-120.73796437444734,0.9998683333396912
0432,0721,508,452,44.96837157975411,-120.77723590675593,0.6789729595184326
0432,0721,447,468,44.98482674375254,-120.77113547455265,0.9710647463798523
0432,0721,542,474,44.95919984900089,-120.76884781247642,0.9875285625457764
0432,0721,457,490,44.98212917588395,-120.76274738027315,0.9912633895874023
0432,0721,588,527,44.94679103680535,-120.74864013080307,0.8735496401786804
0432,0721,570,567,44.951646658968826,-120.73338905029489,0.9795807600021362
0432,0721,539,570,44.960009119361466,-120.73224521925677,0.9977315068244934
0432,0721,580,577,44.94894909110023,-120.72957628016783,0.914313018321991
0432,0721,565,553,44.95299544290312,-120.73872692847274,0.9947579503059387
0432,0721,577,510,44.94975836146081,-120.75512184001906,0.9969300627708435
0432,0721,504,453,44.96945060690155,-120.77685462974323,0.5790673494338989
0432,0721,568,532,44.95218617254255,-120.74673374573955,0.9991873502731323
0432,0721,527,572,44.96324620080378,-120.73148266523135,0.9956912398338318
0432,0721,557,581,44.955153497198,-120.72805117211702,0.8259151577949524
0432,0721,569,544,44.95191641575568,-120.74215842158709,0.9985889792442322
0432,0721,584,511,44.94787006395279,-120.75474056300635,0.9886371493339539
0432,0721,554,552,44.955962767558574,-120.73910820548545,0.9999567270278931
0432,0721,447,496,44.98482674375254,-120.76045971819693,0.8154993653297424
0432,0721,511,459,44.967562309393536,-120.774566967667,0.6728162169456482
0432,0721,478,557,44.976464283359896,-120.73720182042193,0.8778746724128723
0432,0721,489,559,44.973496958704445,-120.73643926639652,0.994728147983551
0432,0721,539,573,44.960009119361466,-120.73110138821866,0.9860630035400391
0432,0721,537,574,44.960548632935186,-120.73072011120595,0.993166446685791
0432,0721,456,477,44.982398932670804,-120.76770398143832,0.9901125431060791
0432,0721,556,550,44.955423253984854,-120.73987075951086,0.9998227953910828
0432,0721,441,473,44.986445284473696,-120.76922908948913,0.856715738773346
0432,0721,537,572,44.960548632935186,-120.73148266523135,0.9940442442893982
0432,0721,568,560,44.95218617254255,-120.73605798938382,0.9922370910644531
0432,0721,529,574,44.96270668723006,-120.73072011120595,0.9925936460494995
0432,0721,582,510,44.94840957752651,-120.75512184001906,0.9919396638870239
0432,0721,480,451,44.975924769786175,-120.77761718376864,0.9034926295280457
0432,0721,571,543,44.95137690218196,-120.7425396985998,0.9984151721000671
0432,0721,441,478,44.986445284473696,-120.76732270442561,0.9712370038032532
0432,0721,466,526,44.97970136480221,-120.74902140781577,0.9922674894332886
0432,0721,587,502,44.947060793592215,-120.7581720561207,0.9918950796127319
0432,0721,529,461,44.96270668723006,-120.77380441364159,0.9922388792037964
0432,0721,444,480,44.98563601411312,-120.7665601504002,0.9853612780570984
0432,0721,488,451,44.9737667154913,-120.77761718376864,0.6586669683456421
0432,0721,577,517,44.94975836146081,-120.75245290093012,0.9880347847938538
0432,0721,446,484,44.9850965005394,-120.76503504234938,0.9855828881263733
0432,0721,468,445,44.97916185122849,-120.77990484584487,0.7729973196983337
0432,0721,446,468,44.9850965005394,-120.77113547455265,0.9578919410705566
0432,0721,512,560,44.96729255260667,-120.73605798938382,0.9999108910560608
0432,0721,579,510,44.94921884788709,-120.75512184001906,0.9954007863998413
0432,0721,470,550,44.97862233765477,-120.73987075951086,0.8353571891784668
0432,0721,568,577,44.95218617254255,-120.72957628016783,0.5695897936820984
0432,0721,554,466,44.955962767558574,-120.77189802857806,0.6577650904655457
0432,0721,583,521,44.94813982073965,-120.7509277928793,0.9873231053352356
0432,0721,592,511,44.94571200965792,-120.75474056300635,0.6270447373390198
0432,0721,487,451,44.97403647227816,-120.77761718376864,0.8074533939361572
0432,0721,490,552,44.97322720191758,-120.73910820548545,0.999420702457428
0432,0721,453,498,44.98320820303138,-120.75969716417151,0.9815409779548645
0432,0721,580,533,44.94894909110023,-120.74635246872684,0.9990391731262207
0432,0721,569,557,44.95191641575568,-120.73720182042193,0.9956355690956116
0432,0721,574,508,44.950567631821386,-120.75588439404446,0.999167799949646
0432,0721,449,485,44.98428723017882,-120.76465376533667,0.9909695982933044
0432,0721,577,520,44.94975836146081,-120.751309069892,0.9935706853866577
0432,0721,502,555,44.969990120475266,-120.73796437444734,0.9998727440834045
0432,0721,454,521,44.982938446244525,-120.7509277928793,0.9042391180992126
0432,0721,566,562,44.95272568611626,-120.73529543535841,0.9555232524871826
0432,0721,455,485,44.98266868945766,-120.76465376533667,0.9889878630638123
0432,0721,572,537,44.951107145395106,-120.74482736067603,0.9992091655731201
0432,0721,580,578,44.94894909110023,-120.72919500315513,0.7878136038780212
0432,0721,590,508,44.94625152323164,-120.75588439404446,0.9655761122703552
0432,0721,529,567,44.96270668723006,-120.73338905029489,0.9997696876525879
0432,0721,592,513,44.94571200965792,-120.75397800898094,0.7202972769737244
0432,0721,550,472,44.957041794706015,-120.76961036650184,0.7904748320579529
0432,0721,455,514,44.98266868945766,-120.75359673196823,0.9837714433670044
0432,0721,536,467,44.96081838972205,-120.77151675156536,0.9886971116065979
0432,0721,586,523,44.94733055037907,-120.7501652388539,0.9508277773857117
0432,0721,580,569,44.94894909110023,-120.73262649626948,0.9953020811080933
0432,0721,583,516,44.94813982073965,-120.75283417794283,0.9895448684692383
0432,0721,512,457,44.96729255260667,-120.7753295216924,0.5485640168190002
0432,0721,544,475,44.95866033542717,-120.76846653546372,0.9832145571708679
0432,0721,537,465,44.960548632935186,-120.77227930559077,0.9692670106887817
0432,0721,588,499,44.94679103680535,-120.7593158871588,0.9822500348091125
0432,0721,572,526,44.951107145395106,-120.74902140781577,0.9976481199264526
0432,0721,555,556,44.95569301077172,-120.73758309743464,0.9999020099639893
0432,0721,447,495,44.98482674375254,-120.76084099520962,0.8611660003662109
0432,0721,460,524,44.981319905523364,-120.74978396184119,0.969843864440918
0432,0721,586,496,44.94733055037907,-120.76045971819693,0.8855649828910828
0432,0721,588,532,44.94679103680535,-120.74673374573955,0.9129772782325745
0432,0721,492,562,44.97268768834386,-120.73529543535841,0.971483051776886
0432,0721,574,533,44.950567631821386,-120.74635246872684,0.9994944334030151
0432,0721,560,546,44.95434422683742,-120.74139586756168,0.9994077086448669
0432,0721,546,466,44.958120821853456,-120.77189802857806,0.9031280279159546
0432,0721,560,539,44.95434422683742,-120.74406480665061,0.9994816184043884
0432,0721,550,459,44.957041794706015,-120.774566967667,0.568160891532898
0432,0721,566,558,44.95272568611626,-120.73682054340922,0.9948245286941528
0432,0721,585,562,44.947600307165935,-120.73529543535841,0.8496710062026978
0432,0721,547,469,44.95785106506659,-120.77075419753994,0.9019884467124939
0432,0721,587,548,44.947060793592215,-120.74063331353628,0.7992848753929138
0432,0721,562,557,44.9538047132637,-120.73720182042193,0.9923243522644043
0432,0721,497,556,44.97133890440956,-120.73758309743464,0.9994891881942749
0432,0721,518,568,44.96567401188552,-120.73300777328218,0.997372031211853
0432,0721,567,573,44.9524559293294,-120.73110138821866,0.8461477756500244
0432,0721,544,459,44.95866033542717,-120.774566967667,0.8692618012428284
0432,0721,459,524,44.98158966231023,-120.74978396184119,0.967208206653595
0432,0721,501,562,44.97025987726213,-120.73529543535841,0.9974451065063477
0432,0721,583,514,44.94813982073965,-120.75359673196823,0.9921078085899353
0432,0721,534,576,44.96135790329576,-120.72995755718054,0.9812513589859009
0432,0721,488,549,44.9737667154913,-120.74025203652357,0.9987162947654724
0432,0721,500,564,44.97052963404899,-120.734532881333,0.9810764789581299
0432,0721,454,496,44.982938446244525,-120.76045971819693,0.9876036047935486
0432,0721,568,546,44.95218617254255,-120.74139586756168,0.9974448680877686
0432,0721,545,476,44.95839057864031,-120.76808525845101,0.9822880029678345
0432,0721,575,564,44.95029787503453,-120.734532881333,0.9979408979415894
0432,0721,579,552,44.94921884788709,-120.73910820548545,0.998645544052124
0432,0721,582,557,44.94840957752651,-120.73720182042193,0.997146725654602
0432,0721,467,525,44.979431608015354,-120.74940268482848,0.9924889206886292
0432,0721,504,567,44.96945060690155,-120.73338905029489,0.6094931364059448
0432,0721,449,508,44.98428723017882,-120.75588439404446,0.5815737247467041
0432,0721,586,521,44.94733055037907,-120.7509277928793,0.9604618549346924
0432,0721,570,559,44.951646658968826,-120.73643926639652,0.9954267144203186
0432,0721,517,446,44.965943768672375,-120.77952356883216,0.6242369413375854
0432,0721,575,502,44.95029787503453,-120.7581720561207,0.9995134472846985
0432,0721,459,525,44.98158966231023,-120.74940268482848,0.9491717219352722
0432,0721,572,520,44.951107145395106,-120.751309069892,0.9970383048057556
0432,0721,585,507,44.947600307165935,-120.75626567105716,0.991978645324707
0432,0721,571,550,44.95137690218196,-120.73987075951086,0.9954364895820618
0432,0721,556,553,44.955423253984854,-120.73872692847274,0.9998939633369446
0432,0721,545,575,44.95839057864031,-120.73033883419325,0.9753923416137695
0432,0721,471,542,44.97835258086791,-120.7429209756125,0.9923972487449646
0432,0721,512,448,44.96729255260667,-120.77876101480675,0.5777637362480164
0432,0721,519,451,44.965404255098655,-120.77761718376864,0.781467616558075
0432,0721,452,512,44.983477959818245,-120.75435928599364,0.8798911571502686
0432,0721,581,537,44.94867933431337,-120.74482736067603,0.9989684820175171
0432,0721,553,460,44.95623252434544,-120.77418569065429,0.5336847901344299
0432,0721,577,534,44.94975836146081,-120.74597119171415,0.9993983507156372
0432,0721,558,545,44.95488374041114,-120.74177714457439,0.9994028210639954
0432,0721,590,531,44.94625152323164,-120.74711502275225,0.7477294206619263
0432,0721,581,570,44.94867933431337,-120.73224521925677,0.9894422888755798
0432,0721,486,553,44.97430622906502,-120.73872692847274,0.9981030821800232
0432,0721,437,480,44.98752431162114,-120.7665601504002,0.6175081133842468
0432,0721,524,569,44.96405547116436,-120.73262649626948,0.9984455704689026
0432,0721,579,514,44.94921884788709,-120.75359673196823,0.9892323613166809
0432,0721,573,520,44.95083738860825,-120.751309069892,0.9953561425209045
0432,0721,493,563,44.972417931557004,-120.7349141583457,0.9595020413398743
0432,0721,540,579,44.95973936257461,-120.72881372614243,0.7569050788879395
0432,0721,441,475,44.986445284473696,-120.76846653546372,0.9419454336166382
0432,0721,591,501,44.945981766444774,-120.75855333313339,0.9524917006492615
0432,0721,568,545,44.95218617254255,-120.74177714457439,0.9977515339851379
0432,0721,486,555,44.97430622906502,-120.73796437444734,0.9977854490280151
0432,0721,533,576,44.96162766008263,-120.72995755718054,0.9773956537246704
0432,0721,575,553,44.95029787503453,-120.73872692847274,0.9992539286613464
0432,0721,530,576,44.962436930443204,-120.72995755718054,0.8580795526504517
0432,0721,482,559,44.975385256212455,-120.73643926639652,0.9212010502815247
0432,0721,587,553,44.947060793592215,-120.73872692847274,0.5009787082672119
0432,0721,582,545,44.94840957752651,-120.74177714457439,0.9973433613777161
0432,0721,485,444,44.97457598585188,-120.78028612285756,0.5447527170181274
0432,0721,510,562,44.96783206618039,-120.73529543535841,0.9995346665382385
0432,0721,481,550,44.97565501299932,-120.73987075951086,0.9969991445541382
0432,0721,572,564,44.951107145395106,-120.734532881333,0.9847116470336914
0432,0721,469,445,44.97889209444163,-120.77990484584487,0.8003754615783691
0432,0721,574,559,44.950567631821386,-120.73643926639652,0.999181866645813
0432,0721,581,488,44.94867933431337,-120.76350993429855,0.7249569296836853
0432,0721,544,573,44.95866033542717,-120.73110138821866,0.9921860694885254
0432,0721,478,556,44.976464283359896,-120.73758309743464,0.9233545064926147
0432,0721,570,524,44.951646658968826,-120.74978396184119,0.9981981515884399
0432,0721,475,544,44.97727355372047,-120.74215842158709,0.9957937002182007
0432,0721,531,576,44.96216717365635,-120.72995755718054,0.9315207004547119
0432,0721,586,542,44.94733055037907,-120.7429209756125,0.960333526134491
0432,0721,492,452,44.97268768834386,-120.77723590675593,0.6206893920898438
0432,0721,569,543,44.95191641575568,-120.7425396985998,0.998456597328186
0432,0721,473,538,44.97781306729419,-120.74444608366332,0.995360255241394
0432,0721,584,506,44.94787006395279,-120.75664694806987,0.9921718835830688
0432,0721,445,494,44.985366257326255,-120.76122227222233,0.6676008701324463
0432,0721,461,527,44.98105014873651,-120.74864013080307,0.9556515216827393
0432,0721,568,572,44.95218617254255,-120.73148266523135,0.9491686820983887
0432,0721,566,523,44.95272568611626,-120.7501652388539,0.9995723962783813
0432,0721,551,472,44.95677203791915,-120.76961036650184,0.6599878668785095
0432,0721,562,543,44.9538047132637,-120.7425396985998,0.9991573691368103
0432,0721,592,515,44.94571200965792,-120.75321545495554,0.6109965443611145
0432,0721,578,532,44.94948860467395,-120.74673374573955,0.9984387755393982
0432,0721,452,493,44.983477959818245,-120.76160354923503,0.9847859144210815
0432,0721,578,568,44.94948860467395,-120.73300777328218,0.9983099699020386
0432,0721,587,530,44.947060793592215,-120.74749629976496,0.928755521774292
0432,0721,526,453,44.963515957590644,-120.77685462974323,0.9211316108703613
0432,0721,563,566,44.953534956476844,-120.7337703273076,0.9831864237785339
0432,0721,439,481,44.986984798047416,-120.76617887338749,0.7971082925796509
0432,0721,589,540,44.946521280018494,-120.7436835296379,0.6919541358947754
0432,0721,541,471,44.95946960578775,-120.76999164351454,0.9828904867172241
0432,0721,467,537,44.979431608015354,-120.74482736067603,0.9435392618179321
0432,0721,594,502,44.9451724960842,-120.7581720561207,0.7270811796188354
0432,0721,484,451,44.97484574263874,-120.77761718376864,0.9137457609176636
0432,0721,574,526,44.950567631821386,-120.74902140781577,0.9975101351737976
0432,0721,510,457,44.96783206618039,-120.7753295216924,0.5748575329780579
0432,0721,585,534,44.947600307165935,-120.74597119171415,0.9729549288749695
0432,0721,478,552,44.976464283359896,-120.73910820548545,0.9922216534614563
0432,0721,578,504,44.94948860467395,-120.75740950209529,0.9985703825950623
0432,0721,585,528,44.947600307165935,-120.74825885379038,0.9758278727531433
0432,0721,548,468,44.957581308279735,-120.77113547455265,0.820895791053772
0432,0721,526,576,44.963515957590644,-120.72995755718054,0.550804853439331
0432,0721,448,484,44.98455698696568,-120.76503504234938,0.9899385571479797
0432,0721,565,538,44.95299544290312,-120.74444608366332,0.9992070198059082
0432,0721,460,520,44.981319905523364,-120.751309069892,0.9919192790985107
0432,0721,558,562,44.95488374041114,-120.73529543535841,0.9976688623428345
0432,0721,536,471,44.96081838972205,-120.76999164351454,0.9958493113517761
0432,0721,483,548,44.9751154994256,-120.74063331353628,0.9982643723487854
0432,0721,565,534,44.95299544290312,-120.74597119171415,0.9995346069335938
0432,0721,519,568,44.965404255098655,-120.73300777328218,0.9976654052734375
0432,0721,467,523,44.979431608015354,-120.7501652388539,0.9926562309265137
0432,0721,461,523,44.98105014873651,-120.7501652388539,0.9845532774925232
0432,0721,575,506,44.95029787503453,-120.75664694806987,0.9991311430931091
0432,0721,514,455,44.96675303903295,-120.77609207571781,0.6137157678604126
0432,0721,474,548,44.977543310507336,-120.74063331353628,0.9883608818054199
0432,0721,456,490,44.982398932670804,-120.76274738027315,0.9900811910629272
0432,0721,591,531,44.945981766444774,-120.74711502275225,0.5616495609283447
0432,0721,469,440,44.97889209444163,-120.78181123090839,0.5006439089775085
0432,0721,505,563,44.96918085011469,-120.7349141583457,0.9982900619506836
0432,0721,506,451,44.96891109332783,-120.77761718376864,0.644008994102478
0432,0721,456,517,44.982398932670804,-120.75245290093012,0.9853587746620178
0432,0721,448,496,44.98455698696568,-120.76045971819693,0.8537520170211792
0432,0721,572,558,44.951107145395106,-120.73682054340922,0.9965475797653198
0432,0721,539,452,44.960009119361466,-120.77723590675593,0.5162031650543213
0432,0721,577,576,44.94975836146081,-120.72995755718054,0.9565526247024536
0432,0721,564,566,44.95326519968998,-120.7337703273076,0.9672092795372009
0432,0721,589,510,44.946521280018494,-120.75512184001906,0.9619758129119873
0432,0721,565,558,44.95299544290312,-120.73682054340922,0.9890492558479309
0432,0721,554,550,44.955962767558574,-120.73987075951086,0.9999144077301025
0432,0721,482,553,44.975385256212455,-120.73872692847274,0.9967917799949646
0432,0721,584,544,44.94787006395279,-120.74215842158709,0.9958159327507019
0432,0721,534,569,44.96135790329576,-120.73262649626948,0.9993863105773926
0432,0721,557,551,44.955153497198,-120.73948948249816,0.9997881054878235
0432,0721,579,520,44.94921884788709,-120.751309069892,0.9930697083473206
0432,0721,571,531,44.95137690218196,-120.74711502275225,0.998553991317749
0432,0721,570,576,44.951646658968826,-120.72995755718054,0.8393247127532959
0432,0721,579,575,44.94921884788709,-120.73033883419325,0.9431130290031433
0432,0721,577,532,44.94975836146081,-120.74673374573955,0.9989926218986511
0432,0721,541,571,44.95946960578775,-120.73186394224406,0.996425986289978
0432,0721,580,547,44.94894909110023,-120.74101459054899,0.9982115030288696
0432,0721,570,578,44.951646658968826,-120.72919500315513,0.523579478263855
0432,0721,523,570,44.96432522795122,-120.73224521925677,0.9965067505836487
0432,0721,569,546,44.95191641575568,-120.74139586756168,0.9970438480377197
0432,0721,453,511,44.98320820303138,-120.75474056300635,0.9470289349555969
0432,0721,534,471,44.96135790329576,-120.76999164351454,0.9969331622123718
0432,0721,589,509,44.946521280018494,-120.75550311703176,0.9629638195037842
0432,0721,535,463,44.96108814650891,-120.77304185961617,0.9787242412567139
0432,0721,537,463,44.960548632935186,-120.77304185961617,0.9673579931259155
0432,0721,576,533,44.950028118247666,-120.74635246872684,0.999426543712616
0432,0721,457,481,44.98212917588395,-120.76617887338749,0.9888916015625
0432,0721,542,460,44.95919984900089,-120.77418569065429,0.8476176261901855
0432,0721,571,577,44.95137690218196,-120.72957628016783,0.7010779976844788
0432,0721,438,475,44.98725455483427,-120.76846653546372,0.501528263092041
0432,0721,451,493,44.9837477166051,-120.76160354923503,0.9802567362785339
0432,0721,531,458,44.96216717365635,-120.7749482446797,0.9599332213401794
0432,0721,518,457,44.96567401188552,-120.7753295216924,0.857852041721344
0432,0721,587,505,44.947060793592215,-120.75702822508258,0.9898267388343811
0432,0721,586,513,44.94733055037907,-120.75397800898094,0.9769169688224792
0432,0721,485,446,44.97457598585188,-120.77952356883216,0.506611704826355
0432,0721,581,534,44.94867933431337,-120.74597119171415,0.9987127780914307
0432,0721,530,577,44.962436930443204,-120.72957628016783,0.5828624963760376
0432,0721,518,569,44.96567401188552,-120.73262649626948,0.9959975481033325
0432,0721,584,549,44.94787006395279,-120.74025203652357,0.9836416244506836
0432,0721,514,451,44.96675303903295,-120.77761718376864,0.7628113031387329
0432,0721,545,460,44.95839057864031,-120.77418569065429,0.9151238203048706
0432,0721,569,528,44.95191641575568,-120.74825885379038,0.9988797903060913
0432,0721,576,565,44.950028118247666,-120.73415160432029,0.9980810880661011
0432,0721,508,450,44.96837157975411,-120.77799846078133,0.527155339717865
0432,0721,446,496,44.9850965005394,-120.76045971819693,0.6909874677658081
0432,0721,574,575,44.950567631821386,-120.73033883419325,0.9423384666442871
0432,0721,570,575,44.951646658968826,-120.73033883419325,0.8873690962791443
0432,0721,539,460,44.960009119361466,-120.77418569065429,0.9350025653839111
0432,0721,561,583,44.95407447005056,-120.7272886180916,0.7702027559280396
0432,0721,562,571,44.9538047132637,-120.73186394224406,0.9954515695571899
0432,0721,444,472,44.98563601411312,-120.76961036650184,0.9750080108642578
0432,0721,488,552,44.9737667154913,-120.73910820548545,0.9990164041519165
0432,0721,549,579,44.95731155149287,-120.72881372614243,0.761960506439209
0432,0721,575,577,44.95029787503453,-120.72957628016783,0.8192458152770996
0432,0721,450,500,44.98401747339196,-120.7589346101461,0.8246415853500366
0432,0721,440,483,44.98671504126056,-120.76541631936209,0.8033548593521118
0432,0721,567,524,44.9524559293294,-120.74978396184119,0.999411404132843
0432,0721,514,560,44.96675303903295,-120.73605798938382,0.9999424815177917
0432,0721,538,575,44.96027887614833,-120.73033883419325,0.9830319285392761
0432,0721,570,550,44.951646658968826,-120.73987075951086,0.9958465695381165
0432,0721,581,558,44.94867933431337,-120.73682054340922,0.9967949986457825
0432,0721,582,562,44.94840957752651,-120.73529543535841,0.996952474117279
0432,0721,500,452,44.97052963404899,-120.77723590675593,0.5473967790603638
0432,0721,494,554,44.97214817477015,-120.73834565146005,0.9995567202568054
0432,0721,470,534,44.97862233765477,-120.74597119171415,0.9932780861854553
0432,0721,537,569,44.960548632935186,-120.73262649626948,0.9990456700325012
0432,0721,471,540,44.97835258086791,-120.7436835296379,0.9910588264465332
0432,0721,559,560,44.95461398362428,-120.73605798938382,0.9986239671707153
0432,0721,570,533,44.951646658968826,-120.74635246872684,0.9987161159515381
0432,0721,453,481,44.98320820303138,-120.76617887338749,0.9903624653816223
0432,0721,573,547,44.95083738860825,-120.74101459054899,0.9963801503181458
0432,0721,586,499,44.94733055037907,-120.7593158871588,0.9869757890701294
0432,0721,480,444,44.975924769786175,-120.78028612285756,0.6511690616607666
0432,0721,567,571,44.9524559293294,-120.73186394224406,0.9433379173278809
0432,0721,539,466,44.960009119361466,-120.77189802857806,0.9785948395729065
0432,0721,471,446,44.97835258086791,-120.77952356883216,0.7675735950469971
0432,0721,561,580,44.95407447005056,-120.72843244912973,0.8485120534896851
0432,0721,511,558,44.967562309393536,-120.73682054340922,0.9998974800109863
0432,0721,445,466,44.985366257326255,-120.77189802857806,0.6023514270782471
0432,0721,460,446,44.981319905523364,-120.77952356883216,0.5147719383239746
0432,0721,585,559,44.947600307165935,-120.73643926639652,0.829376757144928
0432,0721,566,541,44.95272568611626,-120.74330225262521,0.9987499713897705
0432,0721,499,560,44.97079939083585,-120.73605798938382,0.9987863302230835
0432,0721,580,548,44.94894909110023,-120.74063331353628,0.9986772537231445
0432,0721,556,580,44.955423253984854,-120.72843244912973,0.9006248712539673
0432,0721,531,462,44.96216717365635,-120.77342313662888,0.9945943355560303
0432,0721,479,556,44.97619452657304,-120.73758309743464,0.9326030015945435
0432,0721,543,578,44.95893009221403,-120.72919500315513,0.8737351894378662
0432,0721,452,484,44.983477959818245,-120.76503504234938,0.9909387826919556
0432,0721,580,490,44.94894909110023,-120.76274738027315,0.977846086025238
0432,0721,567,523,44.9524559293294,-120.7501652388539,0.99944669008255
0432,0721,537,474,44.960548632935186,-120.76884781247642,0.992918074131012
0432,0721,473,544,44.97781306729419,-120.74215842158709,0.9950181245803833
0432,0721,580,554,44.94894909110023,-120.73834565146005,0.9979999661445618
0432,0721,567,535,44.9524559293294,-120.74558991470144,0.9992448091506958
0432,0721,575,521,44.95029787503453,-120.7509277928793,0.9945573806762695
0432,0721,453,516,44.98320820303138,-120.75283417794283,0.9036194682121277
0432,0721,483,547,44.9751154994256,-120.74101459054899,0.9980051517486572
0432,0721,550,473,44.957041794706015,-120.76922908948913,0.8002089262008667
0432,0721,582,521,44.94840957752651,-120.7509277928793,0.9884026050567627
0432,0721,457,501,44.98212917588395,-120.75855333313339,0.9923277497291565
0432,0721,570,534,44.951646658968826,-120.74597119171415,0.9990076422691345
0432,0721,518,455,44.96567401188552,-120.77609207571781,0.8299158811569214
0432,0721,479,553,44.97619452657304,-120.73872692847274,0.9934225678443909
0432,0721,456,501,44.982398932670804,-120.75855333313339,0.9907566905021667
0432,0721,496,565,44.97160866119643,-120.73415160432029,0.828763484954834
0432,0721,559,578,44.95461398362428,-120.72919500315513,0.9780896902084351
0432,0721,437,479,44.98752431162114,-120.7669414274129,0.6987470984458923
0432,0721,451,520,44.9837477166051,-120.751309069892,0.7772577404975891
0432,0721,450,482,44.98401747339196,-120.76579759637478,0.991446316242218
0432,0721,573,569,44.95083738860825,-120.73262649626948,0.9934390783309937
0432,0721,531,577,44.96216717365635,-120.72957628016783,0.7403230667114258
0432,0721,512,561,44.96729255260667,-120.73567671237112,0.9999024271965027
0432,0721,577,537,44.94975836146081,-120.74482736067603,0.9994999766349792
0432,0721,574,554,44.950567631821386,-120.73834565146005,0.9988276362419128
0432,0721,575,519,44.95029787503453,-120.75169034690471,0.9947047233581543
0432,0721,574,532,44.950567631821386,-120.74673374573955,0.9993776679039001
0432,0721,581,525,44.94867933431337,-120.74940268482848,0.9941750168800354
0432,0721,511,456,44.967562309393536,-120.7757107987051,0.517479419708252
0432,0721,449,513,44.98428723017882,-120.75397800898094,0.6694368720054626
0432,0721,532,456,44.96189741686948,-120.7757107987051,0.9635350108146667
0432,0721,438,481,44.98725455483427,-120.76617887338749,0.6449107527732849
0432,0721,521,458,44.96486474152494,-120.7749482446797,0.936610221862793
0432,0721,447,480,44.98482674375254,-120.7665601504002,0.9910706281661987
0432,0721,463,530,44.98051063516279,-120.74749629976496,0.91949462890625
0432,0721,576,539,44.950028118247666,-120.74406480665061,0.9996721744537354
0432,0721,443,475,44.985905770899976,-120.76846653546372,0.9774865508079529
0432,0721,589,500,44.946521280018494,-120.7589346101461,0.9774956703186035
0432,0721,572,570,44.951107145395106,-120.73224521925677,0.9864783883094788
0432,0721,584,559,44.94787006395279,-120.73643926639652,0.9328145980834961
0432,0721,496,557,44.97160866119643,-120.73720182042193,0.9991804957389832
0432,0721,557,582,44.955153497198,-120.72766989510431,0.8154608607292175
0432,0721,457,505,44.98212917588395,-120.75702822508258,0.9929780960083008
0432,0721,569,540,44.95191641575568,-120.7436835296379,0.9989809393882751
0432,0721,578,550,44.94948860467395,-120.73987075951086,0.9980994462966919
0432,0721,577,560,44.94975836146081,-120.73605798938382,0.9997751712799072
0432,0721,570,517,44.951646658968826,-120.75245290093012,0.9992204904556274
0432,0721,451,522,44.9837477166051,-120.7505465158666,0.5224593281745911
0432,0721,587,494,44.947060793592215,-120.76122227222233,0.6401484608650208
0432,0721,464,536,44.98024087837593,-120.74520863768873,0.5502368211746216
0432,0721,549,469,44.95731155149287,-120.77075419753994,0.6872050166130066
0432,0721,589,504,44.946521280018494,-120.75740950209529,0.9770793318748474
0432,0721,587,547,44.947060793592215,-120.74101459054899,0.8475213050842285
0432,0721,568,568,44.95218617254255,-120.73300777328218,0.9709824919700623
0432,0721,513,456,44.967022795819815,-120.7757107987051,0.5147169828414917
0432,0721,580,566,44.94894909110023,-120.7337703273076,0.9941576719284058
0432,0721,489,558,44.973496958704445,-120.73682054340922,0.9968700408935547
0432,0721,538,475,44.96027887614833,-120.76846653546372,0.9926851391792297
0432,0721,577,498,44.94975836146081,-120.75969716417151,0.9990825653076172
0432,0721,582,499,44.94840957752651,-120.7593158871588,0.9952704310417175
0432,0721,587,522,44.947060793592215,-120.7505465158666,0.9581574201583862
0432,0721,577,561,44.94975836146081,-120.73567671237112,0.9995999336242676
0432,0721,537,573,44.960548632935186,-120.73110138821866,0.9925519824028015
0432,0721,568,573,44.95218617254255,-120.73110138821866,0.904920220375061
0432,0721,563,571,44.953534956476844,-120.73186394224406,0.9899758100509644
0432,0721,576,552,44.950028118247666,-120.73910820548545,0.9992302656173706
0432,0721,483,451,44.9751154994256,-120.77761718376864,0.9205015301704407
0432,0721,575,552,44.95029787503453,-120.73910820548545,0.9993105530738831
0432,0721,588,529,44.94679103680535,-120.74787757677767,0.9105857014656067
0432,0721,585,530,44.947600307165935,-120.74749629976496,0.9645006656646729
0432,0721,580,544,44.94894909110023,-120.74215842158709,0.9990536570549011
0432,0721,559,552,44.95461398362428,-120.73910820548545,0.9997023344039917
0432,0721,591,518,44.945981766444774,-120.75207162391742,0.7772961854934692
0432,0721,471,443,44.97835258086791,-120.78066739987027,0.6206629872322083
0432,0721,572,577,44.951107145395106,-120.72957628016783,0.6990208625793457
0432,0721,447,479,44.98482674375254,-120.7669414274129,0.9923384189605713
0432,0721,578,573,44.94948860467395,-120.73110138821866,0.9784405827522278
0432,0721,588,518,44.94679103680535,-120.75207162391742,0.9523529410362244
0432,0721,571,544,44.95137690218196,-120.74215842158709,0.9988635778427124
0432,0721,571,575,44.95137690218196,-120.73033883419325,0.876752495765686
0432,0721,584,508,44.94787006395279,-120.75588439404446,0.9923198819160461
0432,0721,442,479,44.98617552768684,-120.7669414274129,0.9796344041824341
0432,0721,450,520,44.98401747339196,-120.751309069892,0.706006646156311
0432,0721,527,571,44.96324620080378,-120.73186394224406,0.9971500039100647
0432,0721,444,482,44.98563601411312,-120.76579759637478,0.98283851146698
0432,0721,587,545,44.947060793592215,-120.74177714457439,0.8728632926940918
0432,0721,569,566,44.95191641575568,-120.7337703273076,0.9826003909111023
0432,0721,580,502,44.94894909110023,-120.7581720561207,0.9974426031112671
0432,0721,469,444,44.97889209444163,-120.78028612285756,0.6618401408195496
0432,0721,511,449,44.967562309393536,-120.77837973779404,0.6200215220451355
0432,0721,527,568,44.96324620080378,-120.73300777328218,0.9990110397338867
0432,0721,589,530,44.946521280018494,-120.74749629976496,0.782528817653656
0432,0721,581,551,44.94867933431337,-120.73948948249816,0.9946208000183105
0432,0721,476,550,44.977003796933616,-120.73987075951086,0.9907999038696289
0432,0721,560,548,44.95434422683742,-120.74063331353628,0.9994655251502991
0432,0721,458,525,44.981859419097084,-120.74940268482848,0.9279481768608093
0432,0721,565,525,44.95299544290312,-120.74940268482848,0.9996045231819153
0432,0721,452,501,44.983477959818245,-120.75855333313339,0.9264993667602539
0432,0721,549,577,44.95731155149287,-120.72957628016783,0.9694015979766846
0432,0721,580,557,44.94894909110023,-120.73720182042193,0.9986424446105957
0432,0721,534,454,44.96135790329576,-120.77647335273052,0.9605231285095215
0432,0721,585,517,44.947600307165935,-120.75245290093012,0.9577860236167908
0432,0721,578,572,44.94948860467395,-120.73148266523135,0.9960252642631531
0432,0721,558,559,44.95488374041114,-120.73643926639652,0.9994139075279236
0432,0721,538,468,44.96027887614833,-120.77113547455265,0.9804428815841675
0432,0721,489,552,44.973496958704445,-120.73910820548545,0.9992595314979553
0432,0721,542,574,44.95919984900089,-120.73072011120595,0.982884407043457
0432,0721,579,554,44.94921884788709,-120.73834565146005,0.9983327984809875
0432,0721,582,506,44.94840957752651,-120.75664694806987,0.9910221099853516
0432,0721,565,572,44.95299544290312,-120.73148266523135,0.927251935005188
0432,0721,465,524,44.97997112158907,-120.74978396184119,0.9925137162208557
0432,0721,462,522,44.98078039194965,-120.7505465158666,0.9914005398750305
0432,0721,571,552,44.95137690218196,-120.73910820548545,0.9959936141967773
0432,0721,451,521,44.9837477166051,-120.7509277928793,0.6881228089332581
0432,0721,444,484,44.98563601411312,-120.76503504234938,0.9746084809303284
0432,0721,487,557,44.97403647227816,-120.73720182042193,0.9970342516899109
0432,0721,458,455,44.981859419097084,-120.77609207571781,0.7882145047187805
0432,0721,538,472,44.96027887614833,-120.76961036650184,0.9938989877700806
0432,0721,581,506,44.94867933431337,-120.75664694806987,0.9933954477310181
0432,0721,592,510,44.94571200965792,-120.75512184001906,0.689443826675415
0432,0721,579,501,44.94921884788709,-120.75855333313339,0.998610258102417
0432,0721,575,569,44.95029787503453,-120.73262649626948,0.9971084594726562
0432,0721,560,573,44.95434422683742,-120.73110138821866,0.9971831440925598
0432,0721,575,542,44.95029787503453,-120.7429209756125,0.9995653629302979
0432,0721,569,519,44.95191641575568,-120.75169034690471,0.9990859031677246
0432,0721,465,542,44.97997112158907,-120.7429209756125,0.5867199897766113
0432,0721,514,569,44.96675303903295,-120.73262649626948,0.9721276760101318
0432,0721,537,576,44.960548632935186,-120.72995755718054,0.9816887378692627
0432,0721,471,532,44.97835258086791,-120.74673374573955,0.9956900477409363
0432,0721,453,480,44.98320820303138,-120.7665601504002,0.9907180070877075
0432,0721,502,455,44.969990120475266,-120.77609207571781,0.5845820903778076
0432,0721,451,513,44.9837477166051,-120.75397800898094,0.8099662661552429
0432,0721,457,507,44.98212917588395,-120.75626567105716,0.9930706024169922
0432,0721,574,563,44.950567631821386,-120.7349141583457,0.9983623623847961
0432,0721,472,553,44.978082824081056,-120.73872692847274,0.7021015286445618
0432,0721,463,535,44.98051063516279,-120.74558991470144,0.5444598197937012
0432,0721,455,508,44.98266868945766,-120.75588439404446,0.9856936931610107
0432,0721,519,574,44.965404255098655,-120.73072011120595,0.6848130226135254
0432,0721,538,573,44.96027887614833,-120.73110138821866,0.9904874563217163
0432,0721,575,559,44.95029787503453,-120.73643926639652,0.9996070265769958
0432,0721,525,568,44.9637857143775,-120.73300777328218,0.9990320205688477
0432,0721,575,516,44.95029787503453,-120.75283417794283,0.9963399767875671
0432,0721,440,481,44.98671504126056,-120.76617887338749,0.8818824887275696
0432,0721,536,468,44.96081838972205,-120.77113547455265,0.9783069491386414
0432,0721,449,480,44.98428723017882,-120.7665601504002,0.9919638633728027
0432,0721,577,521,44.94975836146081,-120.7509277928793,0.9937112331390381
0432,0721,574,531,44.950567631821386,-120.74711502275225,0.9992783665657043
0432,0721,574,561,44.950567631821386,-120.73567671237112,0.9984527230262756
0432,0721,463,445,44.98051063516279,-120.77990484584487,0.5465290546417236
0432,0721,583,494,44.94813982073965,-120.76122227222233,0.8433202505111694
0432,0721,535,568,44.96108814650891,-120.73300777328218,0.9990851879119873
0432,0721,523,565,44.96432522795122,-120.73415160432029,0.9998736381530762
0432,0721,477,544,44.97673404014675,-120.74215842158709,0.9960821866989136
0432,0721,575,485,44.95029787503453,-120.76465376533667,0.8396307229995728
0432,0721,530,575,44.962436930443204,-120.73033883419325,0.9732807874679565
0432,0721,584,550,44.94787006395279,-120.73987075951086,0.964259684085846
0432,0721,568,539,44.95218617254255,-120.74406480665061,0.9991066455841064
0432,0721,559,554,44.95461398362428,-120.73834565146005,0.9995962381362915
0432,0721,478,551,44.976464283359896,-120.73948948249816,0.9947589635848999
0432,0721,490,563,44.97322720191758,-120.7349141583457,0.8372529745101929
0432,0721,581,532,44.94867933431337,-120.74673374573955,0.9985954761505127
0432,0721,538,460,44.96027887614833,-120.77418569065429,0.9452439546585083
0432,0721,569,538,44.95191641575568,-120.74444608366332,0.9990620613098145
0432,0721,532,575,44.96189741686948,-120.73033883419325,0.9873992800712585
0432,0721,449,493,44.98428723017882,-120.76160354923503,0.9583412408828735
0432,0721,510,452,44.96783206618039,-120.77723590675593,0.7631323337554932
0432,0721,579,494,44.94921884788709,-120.76122227222233,0.9954279065132141
0432,0721,437,485,44.98752431162114,-120.76465376533667,0.661012589931488
0432,0721,506,562,44.96891109332783,-120.73529543535841,0.9990278482437134
0432,0721,548,578,44.957581308279735,-120.72919500315513,0.8612270951271057
0432,0721,457,523,44.98212917588395,-120.7501652388539,0.9429389238357544
0432,0721,551,579,44.95677203791915,-120.72881372614243,0.8626375198364258
0432,0721,515,451,44.966483282246095,-120.77761718376864,0.8406195044517517
0432,0721,456,481,44.982398932670804,-120.76617887338749,0.9888516068458557
0432,0721,563,560,44.953534956476844,-120.73605798938382,0.984010636806488
0432,0721,579,527,44.94921884788709,-120.74864013080307,0.9976370930671692
0432,0721,575,537,44.95029787503453,-120.74482736067603,0.9996893405914307
0432,0721,521,459,44.96486474152494,-120.774566967667,0.9347061514854431
0432,0721,506,563,44.96891109332783,-120.7349141583457,0.9984276294708252
0432,0721,500,559,44.97052963404899,-120.73643926639652,0.999042272567749
0432,0721,501,565,44.97025987726213,-120.73415160432029,0.9583746194839478
0432,0721,523,575,44.96432522795122,-120.73033883419325,0.6856569647789001
0432,0721,476,551,44.977003796933616,-120.73948948249816,0.9882841110229492
0432,0721,565,568,44.95299544290312,-120.73300777328218,0.9234541654586792
0432,0721,456,508,44.982398932670804,-120.75588439404446,0.9893176555633545
0432,0721,566,545,44.95272568611626,-120.74177714457439,0.9979433417320251
0432,0721,577,493,44.94975836146081,-120.76160354923503,0.9975554347038269
0432,0721,565,541,44.95299544290312,-120.74330225262521,0.9989371299743652
0432,0721,475,543,44.97727355372047,-120.7425396985998,0.9955025315284729
0432,0721,584,541,44.94787006395279,-120.74330225262521,0.9954754114151001
0432,0721,567,562,44.9524559293294,-120.73529543535841,0.9705691337585449
0432,0721,470,538,44.97862233765477,-120.74444608366332,0.9893910884857178
0432,0721,457,487,44.98212917588395,-120.76389121131126,0.9894295334815979
0432,0721,450,491,44.98401747339196,-120.76236610326045,0.9813108444213867
0432,0721,497,452,44.97133890440956,-120.77723590675593,0.5050337314605713
0432,0721,455,484,44.98266868945766,-120.76503504234938,0.9890955686569214
0432,0721,537,467,44.960548632935186,-120.77151675156536,0.9844912886619568
0432,0721,538,569,44.96027887614833,-120.73262649626948,0.999060332775116
0432,0721,571,540,44.95137690218196,-120.7436835296379,0.999161958694458
0432,0721,561,551,44.95407447005056,-120.73948948249816,0.9991089105606079
0432,0721,519,449,44.965404255098655,-120.77837973779404,0.6301512718200684
0432,0721,585,523,44.947600307165935,-120.7501652388539,0.9674740433692932
0432,0721,480,557,44.975924769786175,-120.73720182042193,0.9113876223564148
0432,0721,579,499,44.94921884788709,-120.7593158871588,0.9984563589096069
0432,0721,540,474,44.95973936257461,-120.76884781247642,0.9920939207077026
0432,0721,576,577,44.950028118247666,-120.72957628016783,0.8493713140487671
0432,0721,540,455,44.95973936257461,-120.77609207571781,0.8691490292549133
0432,0721,590,497,44.94625152323164,-120.76007844118422,0.8024811744689941
0432,0721,568,564,44.95218617254255,-120.734532881333,0.9831202030181885
0432,0721,552,577,44.956502281132295,-120.72957628016783,0.9750673174858093
0432,0721,438,478,44.98725455483427,-120.76732270442561,0.7492789030075073
0432,0721,564,557,44.95326519968998,-120.73720182042193,0.9927337169647217
0432,0721,583,524,44.94813982073965,-120.74978396184119,0.9870582818984985
0432,0721,580,571,44.94894909110023,-120.73186394224406,0.9939530491828918
0432,0721,454,479,44.982938446244525,-120.7669414274129,0.9907455444335938
0432,0721,542,577,44.95919984900089,-120.72957628016783,0.9473599791526794
0432,0721,550,475,44.957041794706015,-120.76846653546372,0.8019537329673767
0432,0721,582,511,44.94840957752651,-120.75474056300635,0.9920129179954529
0432,0721,567,557,44.9524559293294,-120.73720182042193,0.9961376786231995
0432,0721,468,448,44.97916185122849,-120.77876101480675,0.9431517720222473
0432,0721,586,515,44.94733055037907,-120.75321545495554,0.9681570529937744
0432,0721,580,512,44.94894909110023,-120.75435928599364,0.9883886575698853
0432,0721,465,532,44.97997112158907,-120.74673374573955,0.9520160555839539
0432,0721,576,558,44.950028118247666,-120.73682054340922,0.9997010231018066
0432,0721,565,539,44.95299544290312,-120.74406480665061,0.9990567564964294
0432,0721,555,576,44.95569301077172,-120.72995755718054,0.9952161908149719
0432,0721,490,551,44.97322720191758,-120.73948948249816,0.9993412494659424
0432,0721,499,566,44.97079939083585,-120.7337703273076,0.7931962609291077
0432,0721,576,498,44.950028118247666,-120.75969716417151,0.9992771744728088
0432,0721,513,562,44.967022795819815,-120.73529543535841,0.9998522400856018
0432,0721,486,448,44.97430622906502,-120.77876101480675,0.6249331831932068
0432,0721,585,504,44.947600307165935,-120.75740950209529,0.9922544956207275
0432,0721,560,545,44.95434422683742,-120.74177714457439,0.9994632601737976
0432,0721,445,495,44.985366257326255,-120.76084099520962,0.5018751621246338
0432,0721,535,574,44.96108814650891,-120.73072011120595,0.9949311017990112
0432,0721,506,452,44.96891109332783,-120.77723590675593,0.7248629927635193
0432,0721,456,502,44.982398932670804,-120.7581720561207,0.9905502796173096
0432,0721,454,493,44.982938446244525,-120.76160354923503,0.990402102470398
0432,0721,579,569,44.94921884788709,-120.73262649626948,0.9969156384468079
0432,0721,476,547,44.977003796933616,-120.74101459054899,0.995581865310669
0432,0721,492,451,44.97268768834386,-120.77761718376864,0.52029949426651
0432,0721,563,562,44.953534956476844,-120.73529543535841,0.9551948308944702
0432,0721,587,534,44.947060793592215,-120.74597119171415,0.966113805770874
0432,0721,535,469,44.96108814650891,-120.77075419753994,0.9943162202835083
0432,0721,583,506,44.94813982073965,-120.75664694806987,0.9927909970283508
0432,0721,543,468,44.95893009221403,-120.77113547455265,0.9332051277160645
0432,0721,505,453,44.96918085011469,-120.77685462974323,0.6549887657165527
0432,0721,510,560,44.96783206618039,-120.73605798938382,0.999874472618103
0432,0721,440,489,44.98671504126056,-120.76312865728585,0.6728273034095764
0432,0721,488,561,44.9737667154913,-120.73567671237112,0.9522995352745056
0432,0721,558,564,44.95488374041114,-120.734532881333,0.9986834526062012
0432,0721,471,546,44.97835258086791,-120.74139586756168,0.960320234298706
0432,0721,533,469,44.96162766008263,-120.77075419753994,0.9961036443710327
0432,0721,578,495,44.94948860467395,-120.76084099520962,0.9982226490974426
0432,0721,528,573,44.962976444016924,-120.73110138821866,0.9955166578292847
0432,0721,460,515,44.981319905523364,-120.75321545495554,0.9941245317459106
0432,0721,482,548,44.975385256212455,-120.74063331353628,0.9977911114692688
0432,0721,569,515,44.95191641575568,-120.75321545495554,0.9994410276412964
0432,0721,535,465,44.96108814650891,-120.77227930559077,0.969878613948822
0432,0721,585,538,44.947600307165935,-120.74444608366332,0.990262508392334
0432,0721,467,544,44.979431608015354,-120.74215842158709,0.7822003364562988
0432,0721,518,459,44.96567401188552,-120.774566967667,0.9130841493606567
0432,0721,465,523,44.97997112158907,-120.7501652388539,0.9929720163345337
0432,0721,567,567,44.9524559293294,-120.73338905029489,0.9563058018684387
0432,0721,450,514,44.98401747339196,-120.75359673196823,0.7554593086242676
0432,0721,575,556,44.95029787503453,-120.73758309743464,0.9994075894355774
0432,0721,590,516,44.94625152323164,-120.75283417794283,0.9192156195640564
0432,0721,470,444,44.97862233765477,-120.78028612285756,0.6780811548233032
0432,0721,474,553,44.977543310507336,-120.73872692847274,0.9383872747421265
0432,0721,587,526,44.947060793592215,-120.74902140781577,0.9502400159835815
0432,0721,451,483,44.9837477166051,-120.76541631936209,0.9914203882217407
0432,0721,452,518,44.983477959818245,-120.75207162391742,0.8409684896469116
0432,0721,587,536,44.947060793592215,-120.74520863768873,0.9777378439903259
0432,0721,553,576,44.95623252434544,-120.72995755718054,0.9926188588142395
0432,0721,568,543,44.95218617254255,-120.7425396985998,0.9986701607704163
0432,0721,517,572,44.965943768672375,-120.73148266523135,0.8473025560379028
0432,0721,590,525,44.94625152323164,-120.74940268482848,0.6337040662765503
0432,0721,484,558,44.97484574263874,-120.73682054340922,0.979308009147644
0432,0721,578,520,44.94948860467395,-120.751309069892,0.9938952326774597
0432,0721,583,497,44.94813982073965,-120.76007844118422,0.9666924476623535
0432,0721,569,554,44.95191641575568,-120.73834565146005,0.9947072267532349
0432,0721,567,542,44.9524559293294,-120.7429209756125,0.9990087747573853
0432,0721,580,511,44.94894909110023,-120.75474056300635,0.9891957640647888
0432,0721,568,517,44.95218617254255,-120.75245290093012,0.9995164275169373
0432,0721,570,540,44.951646658968826,-120.7436835296379,0.9987043738365173
0432,0721,475,549,44.97727355372047,-120.74025203652357,0.9906934499740601
0432,0721,543,576,44.95893009221403,-120.72995755718054,0.967589259147644
0432,0721,455,503,44.98266868945766,-120.75779077910799,0.9885340332984924
0432,0721,550,471,44.957041794706015,-120.76999164351454,0.6844050884246826
0432,0721,571,511,44.95137690218196,-120.75474056300635,0.9994335174560547
0432,0721,560,562,44.95434422683742,-120.73529543535841,0.9906566143035889
0432,0721,581,576,44.94867933431337,-120.72995755718054,0.6877526044845581
0432,0721,471,543,44.97835258086791,-120.7425396985998,0.9918689727783203
0432,0721,591,521,44.945981766444774,-120.7509277928793,0.6213418245315552
0432,0721,582,514,44.94840957752651,-120.75359673196823,0.9899855852127075
0432,0721,552,474,44.956502281132295,-120.76884781247642,0.7355645298957825
0432,0721,459,521,44.98158966231023,-120.7509277928793,0.9857619404792786
0432,0721,577,552,44.94975836146081,-120.73910820548545,0.9991611242294312
0432,0721,449,484,44.98428723017882,-120.76503504234938,0.9916754364967346
0432,0721,524,575,44.96405547116436,-120.73033883419325,0.7069650888442993
0432,0721,485,451,44.97457598585188,-120.77761718376864,0.9093408584594727
0432,0721,457,491,44.98212917588395,-120.76236610326045,0.9913966059684753
0432,0721,481,547,44.97565501299932,-120.74101459054899,0.9978750348091125
0432,0721,448,495,44.98455698696568,-120.76084099520962,0.8883519172668457
0432,0721,563,545,44.953534956476844,-120.74177714457439,0.9984796643257141
0432,0721,575,536,44.95029787503453,-120.74520863768873,0.9997164011001587
0432,0721,579,544,44.94921884788709,-120.74215842158709,0.9993894696235657
0432,0721,539,462,44.960009119361466,-120.77342313662888,0.9818127751350403
0432,0721,579,561,44.94921884788709,-120.73567671237112,0.9990041255950928
0432,0721,515,571,44.966483282246095,-120.73186394224406,0.8662534356117249
0432,0721,487,559,44.97403647227816,-120.73643926639652,0.9903861880302429
0432,0721,516,571,44.96621352545924,-120.73186394224406,0.9112114906311035
0432,0721,472,545,44.978082824081056,-120.74177714457439,0.99019855260849
0432,0721,512,446,44.96729255260667,-120.77952356883216,0.634763240814209
0432,0721,440,477,44.98671504126056,-120.76770398143832,0.9070608615875244
0432,0721,571,535,44.95137690218196,-120.74558991470144,0.9984931945800781
0432,0721,457,503,44.98212917588395,-120.75779077910799,0.9929365515708923
0432,0721,461,519,44.98105014873651,-120.75169034690471,0.9922276735305786
0432,0721,458,512,44.981859419097084,-120.75435928599364,0.9936672449111938
0432,0721,456,486,44.982398932670804,-120.76427248832397,0.9887804985046387
0432,0721,565,536,44.95299544290312,-120.74520863768873,0.9994394779205322
0432,0721,452,516,44.983477959818245,-120.75283417794283,0.8439634442329407
0432,0721,461,446,44.98105014873651,-120.77952356883216,0.7024046182632446
0432,0721,572,542,44.951107145395106,-120.7429209756125,0.9989815950393677
0432,0721,564,529,44.95326519968998,-120.74787757677767,0.9996597170829773
0432,0721,562,566,44.9538047132637,-120.7337703273076,0.9926639795303345
0432,0721,586,549,44.94733055037907,-120.74025203652357,0.9197527170181274
0432,0721,581,575,44.94867933431337,-120.73033883419325,0.537217378616333
0432,0721,581,536,44.94867933431337,-120.74520863768873,0.9990326166152954
0432,0721,548,462,44.957581308279735,-120.77342313662888,0.8240720629692078
0432,0721,569,521,44.95191641575568,-120.7509277928793,0.9989091157913208
0432,0721,473,444,44.97781306729419,-120.78028612285756,0.6642243266105652
0432,0721,575,527,44.95029787503453,-120.74864013080307,0.9986990094184875
0432,0721,493,565,44.972417931557004,-120.73415160432029,0.5817233324050903
0432,0721,457,484,44.98212917588395,-120.76503504234938,0.989526093006134
0432,0721,571,549,44.95137690218196,-120.74025203652357,0.9958396553993225
0432,0721,588,526,44.94679103680535,-120.74902140781577,0.9073761701583862
0432,0721,525,574,44.9637857143775,-120.73072011120595,0.9409812688827515
0432,0721,541,473,44.95946960578775,-120.76922908948913,0.9842115044593811
0432,0721,574,555,44.950567631821386,-120.73796437444734,0.9989537000656128
0432,0721,476,549,44.977003796933616,-120.74025203652357,0.9938641786575317
0432,0721,541,469,44.95946960578775,-120.77075419753994,0.9601808786392212
0432,0721,469,546,44.97889209444163,-120.74139586756168,0.8851251006126404
0432,0721,582,505,44.94840957752651,-120.75702822508258,0.9918842911720276
0432,0721,593,499,44.945442252871054,-120.7593158871588,0.614093005657196
0432,0721,559,558,44.95461398362428,-120.73682054340922,0.9987061619758606
0432,0721,455,518,44.98266868945766,-120.75207162391742,0.9763073921203613
0432,0721,561,565,44.95407447005056,-120.73415160432029,0.9951902031898499
0432,0721,495,566,44.971878417983284,-120.7337703273076,0.5161057710647583
0432,0721,467,542,44.979431608015354,-120.7429209756125,0.9033565521240234
0432,0721,536,463,44.96081838972205,-120.77304185961617,0.9708584547042847
0432,0721,523,569,44.96432522795122,-120.73262649626948,0.9981429576873779
0432,0721,574,535,44.950567631821386,-120.74558991470144,0.9995465874671936
0432,0721,451,492,44.9837477166051,-120.76198482624774,0.9849390387535095
0432,0721,578,539,44.94948860467395,-120.74406480665061,0.9992190599441528
0432,0721,521,449,44.96486474152494,-120.77837973779404,0.5165113806724548
0432,0721,525,454,44.9637857143775,-120.77647335273052,0.9720654487609863
0432,0721,582,567,44.94840957752651,-120.73338905029489,0.9134519696235657
0432,0721,539,465,44.960009119361466,-120.77227930559077,0.9621015787124634
0432,0721,576,540,44.950028118247666,-120.7436835296379,0.9997280240058899
0432,0721,512,562,44.96729255260667,-120.73529543535841,0.9998028874397278
0432,0721,580,576,44.94894909110023,-120.72995755718054,0.924505889415741
0432,0721,549,462,44.95731155149287,-120.77342313662888,0.7591434717178345
0432,0721,574,541,44.950567631821386,-120.74330225262521,0.9992370009422302
0432,0721,580,570,44.94894909110023,-120.73224521925677,0.9959416389465332
0432,0721,517,568,44.965943768672375,-120.73300777328218,0.9967845678329468
0432,0721,449,517,44.98428723017882,-120.75245290093012,0.6681507229804993
0432,0721,531,571,44.96216717365635,-120.73186394224406,0.9975631237030029
0432,0721,582,566,44.94840957752651,-120.7337703273076,0.9319014549255371
0432,0721,454,495,44.982938446244525,-120.76084099520962,0.9888921976089478
0432,0721,455,501,44.98266868945766,-120.75855333313339,0.9894057512283325
0432,0721,575,546,44.95029787503453,-120.74139586756168,0.9990918040275574
0432,0721,522,566,44.96459498473808,-120.7337703273076,0.9996728301048279
0432,0721,519,450,44.965404255098655,-120.77799846078133,0.6773672699928284
0432,0721,569,526,44.95191641575568,-120.74902140781577,0.9989919662475586
0432,0721,589,505,44.946521280018494,-120.75702822508258,0.9752217531204224
0432,0721,589,512,44.946521280018494,-120.75435928599364,0.9411185383796692
0432,0721,451,502,44.9837477166051,-120.7581720561207,0.883248507976532
0432,0721,558,555,44.95488374041114,-120.73796437444734,0.9996384382247925
0432,0721,457,511,44.98212917588395,-120.75474056300635,0.9924662709236145
0432,0721,573,578,44.95083738860825,-120.72919500315513,0.5237787365913391
0432,0721,549,460,44.95731155149287,-120.77418569065429,0.7978619337081909
0432,0721,568,563,44.95218617254255,-120.7349141583457,0.9707987308502197
0432,0721,582,549,44.94840957752651,-120.74025203652357,0.9941579103469849
0432,0721,580,546,44.94894909110023,-120.74139586756168,0.998598039150238
0432,0721,456,483,44.982398932670804,-120.76541631936209,0.9886124134063721
0432,0721,549,472,44.95731155149287,-120.76961036650184,0.7754464149475098
0432,0721,564,575,44.95326519968998,-120.73033883419325,0.9532789587974548
0432,0721,581,510,44.94867933431337,-120.75512184001906,0.9912633299827576
0432,0721,526,569,44.963515957590644,-120.73262649626948,0.9986516833305359
0432,0721,574,539,44.950567631821386,-120.74406480665061,0.9994800090789795
0432,0721,441,487,44.986445284473696,-120.76389121131126,0.8904345035552979
0432,0721,560,570,44.95434422683742,-120.73224521925677,0.9988520741462708
0432,0721,591,527,44.945981766444774,-120.74864013080307,0.5525968074798584
0432,0721,499,563,44.97079939083585,-120.7349141583457,0.9904218912124634
0432,0721,569,571,44.95191641575568,-120.73186394224406,0.9659819602966309
0432,0721,583,507,44.94813982073965,-120.75626567105716,0.9933337569236755
0432,0721,594,503,44.9451724960842,-120.75779077910799,0.7247556447982788
0432,0721,528,459,44.962976444016924,-120.774566967667,0.9543374180793762
0432,0721,452,513,44.983477959818245,-120.75397800898094,0.8543017506599426
0432,0721,481,559,44.97565501299932,-120.73643926639652,0.8247203826904297
0432,0721,577,494,44.94975836146081,-120.76122227222233,0.9982468485832214
0432,0721,482,452,44.975385256212455,-120.77723590675593,0.9121156930923462
0432,0721,470,441,44.97862233765477,-120.78142995389568,0.5881080031394958
0432,0721,571,568,44.95137690218196,-120.73300777328218,0.9799445271492004
0432,0721,590,505,44.94625152323164,-120.75702822508258,0.9695332646369934
0432,0721,516,456,44.96621352545924,-120.7757107987051,0.7336105108261108
0432,0721,581,550,44.94867933431337,-120.73987075951086,0.9934990406036377
0432,0721,547,578,44.95785106506659,-120.72919500315513,0.8163483142852783
0432,0721,496,566,44.97160866119643,-120.7337703273076,0.6075466275215149
0432,0721,451,494,44.9837477166051,-120.76122227222233,0.9717943072319031
0432,0721,538,455,44.96027887614833,-120.77609207571781,0.9098993539810181
0432,0721,517,570,44.965943768672375,-120.73224521925677,0.9809284210205078
0432,0721,521,574,44.96486474152494,-120.73072011120595,0.854132354259491
0432,0721,466,519,44.97970136480221,-120.75169034690471,0.9919971823692322
0432,0721,560,561,44.95434422683742,-120.73567671237112,0.9948274493217468
0432,0721,448,485,44.98455698696568,-120.76465376533667,0.9887198805809021
0432,0721,451,480,44.9837477166051,-120.7665601504002,0.9915673136711121
0432,0721,581,573,44.94867933431337,-120.73110138821866,0.916189432144165
0432,0721,572,517,44.951107145395106,-120.75245290093012,0.9980801343917847
0432,0721,458,516,44.981859419097084,-120.75283417794283,0.9914373159408569
0432,0721,503,558,44.96972036368841,-120.73682054340922,0.999541699886322
0432,0721,495,563,44.971878417983284,-120.7349141583457,0.9636259078979492
0432,0721,567,518,44.9524559293294,-120.75207162391742,0.9996128678321838
0432,0721,560,549,44.95434422683742,-120.74025203652357,0.9994519948959351
0432,0721,465,447,44.97997112158907,-120.77914229181945,0.8264830112457275
0432,0721,574,524,44.950567631821386,-120.74978396184119,0.9963998794555664
0432,0721,480,446,44.975924769786175,-120.77952356883216,0.689052939414978
0432,0721,441,486,44.986445284473696,-120.76427248832397,0.9049451947212219
0432,0721,572,539,44.951107145395106,-120.74406480665061,0.9989517331123352
0432,0721,557,578,44.955153497198,-120.72919500315513,0.9796966314315796
0432,0721,452,508,44.983477959818245,-120.75588439404446,0.8774909973144531
0432,0721,461,531,44.98105014873651,-120.74711502275225,0.6377586722373962
0432,0721,572,505,44.951107145395106,-120.75702822508258,0.99949711561203
0432,0721,554,551,44.955962767558574,-120.73948948249816,0.9999387264251709
0432,0721,451,511,44.9837477166051,-120.75474056300635,0.8620602488517761
0432,0721,584,492,44.94787006395279,-120.76198482624774,0.5587030053138733
0432,0721,546,572,44.958120821853456,-120.73148266523135,0.9985882043838501
0432,0721,439,486,44.986984798047416,-120.76427248832397,0.819359540939331
0432,0721,445,482,44.985366257326255,-120.76579759637478,0.9877209067344666
0432,0721,562,547,44.9538047132637,-120.74101459054899,0.9987159371376038
0432,0721,465,445,44.97997112158907,-120.77990484584487,0.6999042630195618
0432,0721,535,567,44.96108814650891,-120.73338905029489,0.9994766116142273
0432,0721,568,570,44.95218617254255,-120.73224521925677,0.9718985557556152
0432,0721,592,503,44.94571200965792,-120.75779077910799,0.8852386474609375
0432,0721,450,516,44.98401747339196,-120.75283417794283,0.7714571356773376
0432,0721,520,459,44.9651344983118,-120.774566967667,0.9184642434120178
0432,0721,523,573,44.96432522795122,-120.73110138821866,0.9565383195877075
0432,0721,578,522,44.94948860467395,-120.7505465158666,0.9944784641265869
0432,0721,532,457,44.96189741686948,-120.7753295216924,0.9582658410072327
0432,0721,466,520,44.97970136480221,-120.751309069892,0.9922444820404053
0432,0721,503,452,44.96972036368841,-120.77723590675593,0.6880885362625122
0432,0721,553,578,44.95623252434544,-120.72919500315513,0.9230283498764038
0432,0721,509,559,44.968101822967256,-120.73643926639652,0.9998859167098999
0432,0721,530,572,44.962436930443204,-120.73148266523135,0.9970722794532776
0432,0721,574,522,44.950567631821386,-120.7505465158666,0.9951933026313782
0432,0721,588,494,44.94679103680535,-120.76122227222233,0.5222548246383667
0432,0721,444,478,44.98563601411312,-120.76732270442561,0.9897210001945496
0432,0721,540,475,44.95973936257461,-120.76846653546372,0.9905849099159241
0432,0721,545,574,44.95839057864031,-120.73072011120595,0.9930188059806824
0432,0721,554,467,44.955962767558574,-120.77151675156536,0.7153546810150146
0432,0721,450,497,44.98401747339196,-120.76007844118422,0.9190794825553894
0432,0721,527,459,44.96324620080378,-120.774566967667,0.9603026509284973
0432,0721,593,506,44.945442252871054,-120.75664694806987,0.7373344898223877
0432,0721,588,504,44.94679103680535,-120.75740950209529,0.9870292544364929
0432,0721,470,445,44.97862233765477,-120.77990484584487,0.7633091807365417
0432,0721,470,541,44.97862233765477,-120.74330225262521,0.9889764785766602
0432,0721,454,491,44.982938446244525,-120.76236610326045,0.9908214211463928
0432,0721,453,515,44.98320820303138,-120.75321545495554,0.9053316116333008
0432,0721,538,474,44.96027887614833,-120.76884781247642,0.9935132265090942
0432,0721,590,496,44.94625152323164,-120.76045971819693,0.6558979749679565
0432,0721,550,575,44.957041794706015,-120.73033883419325,0.9970560669898987
0432,0721,492,455,44.97268768834386,-120.77609207571781,0.5057494640350342
0432,0721,563,547,44.953534956476844,-120.74101459054899,0.9985551238059998
0432,0721,577,540,44.94975836146081,-120.7436835296379,0.9996468424797058
0432,0721,588,530,44.94679103680535,-120.74749629976496,0.8796343207359314
0432,0721,533,573,44.96162766008263,-120.73110138821866,0.995856523513794
0432,0721,567,566,44.9524559293294,-120.7337703273076,0.9587880969047546
0432,0721,487,549,44.97403647227816,-120.74025203652357,0.9986656904220581
0432,0721,563,576,44.953534956476844,-120.72995755718054,0.9670305252075195
0432,0721,456,518,44.982398932670804,-120.75207162391742,0.9822630882263184
0432,0721,465,537,44.97997112158907,-120.74482736067603,0.6648573279380798
0432,0721,561,584,44.95407447005056,-120.7269073410789,0.5854175090789795
0432,0721,575,534,44.95029787503453,-120.74597119171415,0.9996935725212097
0432,0721,571,571,44.95137690218196,-120.73186394224406,0.9625840187072754
0432,0721,589,520,44.946521280018494,-120.751309069892,0.8910379409790039
0432,0721,552,579,44.956502281132295,-120.72881372614243,0.9005573391914368
0432,0721,591,512,44.945981766444774,-120.75435928599364,0.8766393065452576
0432,0721,580,503,44.94894909110023,-120.75779077910799,0.9967795610427856
0432,0721,584,503,44.94787006395279,-120.75779077910799,0.9878417253494263
0432,0721,460,519,44.981319905523364,-120.75169034690471,0.9923062324523926
0432,0721,450,479,44.98401747339196,-120.7669414274129,0.9917424321174622
0432,0721,463,522,44.98051063516279,-120.7505465158666,0.9921536445617676
0432,0721,551,580,44.95677203791915,-120.72843244912973,0.6101818680763245
0432,0721,480,450,44.975924769786175,-120.77799846078133,0.8484680652618408
0432,0721,471,534,44.97835258086791,-120.74597119171415,0.9935966730117798
0432,0721,564,577,44.95326519968998,-120.72957628016783,0.8569591045379639
0432,0721,534,573,44.96135790329576,-120.73110138821866,0.9951298832893372
0432,0721,545,474,44.95839057864031,-120.76884781247642,0.9850019216537476
0432,0721,574,514,44.950567631821386,-120.75359673196823,0.9978105425834656
0432,0721,516,448,44.96621352545924,-120.77876101480675,0.7809215188026428
0432,0721,585,552,44.947600307165935,-120.73910820548545,0.976812481880188
0432,0721,564,549,44.95326519968998,-120.74025203652357,0.9981603026390076
0432,0721,454,489,44.982938446244525,-120.76312865728585,0.98867267370224
0432,0721,562,554,44.9538047132637,-120.73834565146005,0.9958617091178894
0432,0721,439,476,44.986984798047416,-120.76808525845101,0.7378197312355042
0432,0721,527,575,44.96324620080378,-120.73033883419325,0.8498375415802002
0432,0721,576,502,44.950028118247666,-120.7581720561207,0.9991728663444519
0432,0721,454,524,44.982938446244525,-120.74978396184119,0.6407226324081421
0432,0721,511,450,44.967562309393536,-120.77799846078133,0.6920962929725647
0432,0721,513,561,44.967022795819815,-120.73567671237112,0.9999369382858276
0432,0721,572,536,44.951107145395106,-120.74520863768873,0.9992397427558899
0432,0721,552,470,44.956502281132295,-120.77037292052725,0.5174217820167542
0432,0721,583,559,44.94813982073965,-120.73643926639652,0.9878361821174622
0432,0721,444,479,44.98563601411312,-120.7669414274129,0.9853267669677734
0432,0721,520,457,44.9651344983118,-120.7753295216924,0.8892746567726135
0432,0721,534,457,44.96135790329576,-120.7753295216924,0.9111953973770142
0432,0721,594,501,44.9451724960842,-120.75855333313339,0.6002482771873474
0432,0721,587,509,44.947060793592215,-120.75550311703176,0.9826638698577881
0432,0721,443,468,44.985905770899976,-120.77113547455265,0.5374937057495117
0432,0721,564,541,44.95326519968998,-120.74330225262521,0.9991260170936584
0432,0721,555,549,44.95569301077172,-120.74025203652357,0.9998536109924316
0432,0721,556,549,44.955423253984854,-120.74025203652357,0.9997984170913696
0432,0721,451,500,44.9837477166051,-120.7589346101461,0.8795022368431091
0432,0721,486,562,44.97430622906502,-120.73529543535841,0.5960521697998047
0432,0721,471,547,44.97835258086791,-120.74101459054899,0.9300371408462524
0432,0721,456,495,44.982398932670804,-120.76084099520962,0.9894682168960571
0432,0721,450,505,44.98401747339196,-120.75702822508258,0.7621028423309326
0432,0721,478,559,44.976464283359896,-120.73643926639652,0.5126779079437256
0432,0721,547,572,44.95785106506659,-120.73148266523135,0.9991232752799988
0432,0721,453,489,44.98320820303138,-120.76312865728585,0.9885371923446655
0432,0721,592,499,44.94571200965792,-120.7593158871588,0.7983081340789795
0432,0721,495,564,44.971878417983284,-120.734532881333,0.8880313038825989
0432,0721,572,576,44.951107145395106,-120.72995755718054,0.8681865930557251
0432,0721,581,562,44.94867933431337,-120.73529543535841,0.9981122016906738
0432,0721,560,572,44.95434422683742,-120.73148266523135,0.9985144138336182
0432,0721,547,576,44.95785106506659,-120.72995755718054,0.9834488034248352
0432,0721,537,453,44.960548632935186,-120.77685462974323,0.8576291799545288
0432,0721,589,508,44.946521280018494,-120.75588439404446,0.9718096852302551
0432,0721,514,456,44.96675303903295,-120.7757107987051,0.5921512246131897
0432,0721,583,529,44.94813982073965,-120.74787757677767,0.9923125505447388
0432,0721,576,574,44.950028118247666,-120.73072011120595,0.9467121362686157
0432,0721,466,518,44.97970136480221,-120.75207162391742,0.9922821521759033
0432,0721,469,550,44.97889209444163,-120.73987075951086,0.7315719127655029
0432,0721,450,499,44.98401747339196,-120.7593158871588,0.8537960648536682
0432,0721,551,467,44.95677203791915,-120.77151675156536,0.7091973423957825
0432,0721,581,560,44.94867933431337,-120.73605798938382,0.9987576603889465
0432,0721,559,550,44.95461398362428,-120.73987075951086,0.9995169043540955
0432,0721,457,516,44.98212917588395,-120.75283417794283,0.9886649250984192
0432,0721,567,531,44.9524559293294,-120.74711502275225,0.999374508857727
0432,0721,574,510,44.950567631821386,-120.75512184001906,0.9989160895347595
0432,0721,487,552,44.97403647227816,-120.73910820548545,0.9988504648208618
0432,0721,452,482,44.983477959818245,-120.76579759637478,0.9913239479064941
0432,0721,562,550,44.9538047132637,-120.73987075951086,0.9986022710800171
0432,0721,576,521,44.950028118247666,-120.7509277928793,0.9934108853340149
0432,0721,575,557,44.95029787503453,-120.73720182042193,0.9992530941963196
0432,0721,455,515,44.98266868945766,-120.75321545495554,0.9846361875534058
0432,0721,566,536,44.95272568611626,-120.74520863768873,0.9992400407791138
0432,0721,532,461,44.96189741686948,-120.77380441364159,0.9882978200912476
0432,0721,483,444,44.9751154994256,-120.78028612285756,0.5388256907463074
0432,0721,569,511,44.95191641575568,-120.75474056300635,0.9994627833366394
0432,0721,501,563,44.97025987726213,-120.7349141583457,0.995046079158783
0432,0721,448,497,44.98455698696568,-120.76007844118422,0.8168222308158875
0432,0721,461,445,44.98105014873651,-120.77990484584487,0.5793783664703369
0432,0721,467,522,44.979431608015354,-120.7505465158666,0.9922569394111633
0432,0721,562,569,44.9538047132637,-120.73262649626948,0.9968676567077637
0432,0721,541,468,44.95946960578775,-120.77113547455265,0.8966619968414307
0432,0721,577,509,44.94975836146081,-120.75550311703176,0.9968694448471069
0432,0721,470,537,44.97862233765477,-120.74482736067603,0.9901124238967896
0432,0721,570,545,44.951646658968826,-120.74177714457439,0.9977577328681946
0432,0721,469,551,44.97889209444163,-120.73948948249816,0.6422773003578186
0432,0721,473,541,44.97781306729419,-120.74330225262521,0.9943810701370239
0432,0721,465,520,44.97997112158907,-120.751309069892,0.9933282136917114
0432,0721,520,572,44.9651344983118,-120.73148266523135,0.9659515023231506
0432,0721,546,465,44.958120821853456,-120.77227930559077,0.7689232230186462
0432,0721,583,537,44.94813982073965,-120.74482736067603,0.9984169602394104
0432,0721,582,548,44.94840957752651,-120.74063331353628,0.996557354927063
0432,0721,514,563,44.96675303903295,-120.7349141583457,0.9997406601905823
0432,0721,589,498,44.946521280018494,-120.75969716417151,0.9317415952682495
0432,0721,546,579,44.958120821853456,-120.72881372614243,0.5674278140068054
0432,0721,578,547,44.94948860467395,-120.74101459054899,0.9985719323158264
0432,0721,577,569,44.94975836146081,-120.73262649626948,0.9982512593269348
0432,0721,515,563,44.966483282246095,-120.7349141583457,0.9997734427452087
0432,0721,485,449,44.97457598585188,-120.77837973779404,0.8252072334289551
0432,0721,579,562,44.94921884788709,-120.73529543535841,0.9991187453269958
0432,0721,459,516,44.98158966231023,-120.75283417794283,0.9934384822845459
0432,0721,493,564,44.972417931557004,-120.734532881333,0.8751447200775146
0432,0721,542,467,44.95919984900089,-120.77151675156536,0.9655962586402893
0432,0721,542,571,44.95919984900089,-120.73186394224406,0.996647298336029
0432,0721,579,563,44.94921884788709,-120.7349141583457,0.998989462852478
0432,0721,468,443,44.97916185122849,-120.78066739987027,0.6165097951889038
0432,0721,565,567,44.95299544290312,-120.73338905029489,0.9372197985649109
0432,0721,582,496,44.94840957752651,-120.76045971819693,0.9839707016944885
0432,0721,532,569,44.96189741686948,-120.73262649626948,0.9994452595710754
0432,0721,578,499,44.94948860467395,-120.7593158871588,0.9988217353820801
0432,0721,460,448,44.981319905523364,-120.77876101480675,0.7683191895484924
0432,0721,574,515,44.950567631821386,-120.75321545495554,0.9974569082260132
0432,0721,569,562,44.95191641575568,-120.73529543535841,0.9741090536117554
0432,0721,461,520,44.98105014873651,-120.751309069892,0.9919781684875488
0432,0721,563,542,44.953534956476844,-120.7429209756125,0.9991903901100159
0432,0721,517,458,44.965943768672375,-120.7749482446797,0.8344621658325195
0432,0721,579,516,44.94921884788709,-120.75283417794283,0.9887204170227051
0432,0721,464,519,44.98024087837593,-120.75169034690471,0.9927495121955872
0432,0721,486,558,44.97430622906502,-120.73682054340922,0.9928439855575562
0432,0721,455,457,44.98266868945766,-120.7753295216924,0.8215593099594116
0432,0721,534,572,44.96135790329576,-120.73148266523135,0.9965720176696777
0432,0721,543,454,44.95893009221403,-120.77647335273052,0.6935864686965942
0432,0721,580,489,44.94894909110023,-120.76312865728585,0.9659340977668762
0432,0721,562,545,44.9538047132637,-120.74177714457439,0.9988977909088135
0432,0721,546,459,44.958120821853456,-120.774566967667,0.8639935255050659
0432,0721,552,461,44.956502281132295,-120.77380441364159,0.7367905378341675
0432,0721,548,470,44.957581308279735,-120.77037292052725,0.7949608564376831
0432,0721,462,448,44.98078039194965,-120.77876101480675,0.7221689820289612
0432,0721,576,513,44.950028118247666,-120.75397800898094,0.9963346719741821
0432,0721,555,547,44.95569301077172,-120.74101459054899,0.999765932559967
0432,0721,483,450,44.9751154994256,-120.77799846078133,0.7944236993789673
0432,0721,446,466,44.9850965005394,-120.77189802857806,0.7232412695884705
0432,0721,535,470,44.96108814650891,-120.77037292052725,0.9965193867683411
0432,0721,569,556,44.95191641575568,-120.73758309743464,0.9956556558609009
0432,0721,587,523,44.947060793592215,-120.7501652388539,0.9564181566238403
0432,0721,524,564,44.96405547116436,-120.734532881333,0.9999092817306519
0432,0721,449,506,44.98428723017882,-120.75664694806987,0.5547418594360352
0432,0721,578,530,44.94948860467395,-120.74749629976496,0.9981305599212646
0432,0721,567,564,44.9524559293294,-120.734532881333,0.9663494229316711
0432,0721,539,464,44.960009119361466,-120.77266058260348,0.9680231213569641
0432,0721,468,529,44.97916185122849,-120.74787757677767,0.9941222071647644
0432,0721,527,573,44.96324620080378,-120.73110138821866,0.9925066828727722
0432,0721,581,492,44.94867933431337,-120.76198482624774,0.9784172177314758
0432,0721,556,548,44.955423253984854,-120.74063331353628,0.9997550845146179
0432,0721,575,514,44.95029787503453,-120.75359673196823,0.9971662759780884
0432,0721,555,553,44.95569301077172,-120.73872692847274,0.9999255537986755
0432,0721,533,457,44.96162766008263,-120.7753295216924,0.9407220482826233
0432,0721,571,558,44.95137690218196,-120.73682054340922,0.996400773525238
0432,0721,585,522,44.947600307165935,-120.7505465158666,0.9700132608413696
0432,0721,488,563,44.9737667154913,-120.7349141583457,0.6355767250061035
0432,0721,584,512,44.94787006395279,-120.75435928599364,0.9913862347602844
0432,0721,560,568,44.95434422683742,-120.73300777328218,0.9982558488845825
0432,0721,532,466,44.96189741686948,-120.77189802857806,0.9942103624343872
0432,0721,560,538,44.95434422683742,-120.74444608366332,0.9995435476303101
0432,0721,478,555,44.976464283359896,-120.73796437444734,0.9721248745918274
0432,0721,585,512,44.947600307165935,-120.75435928599364,0.9888340830802917
0432,0721,511,448,44.967562309393536,-120.77876101480675,0.5459619760513306
0432,0721,556,551,44.955423253984854,-120.73948948249816,0.9998542666435242
0432,0721,510,446,44.96783206618039,-120.77952356883216,0.531714141368866
0432,0721,504,556,44.96945060690155,-120.73758309743464,0.9998483657836914
0432,0721,525,453,44.9637857143775,-120.77685462974323,0.9423689246177673
0432,0721,452,511,44.983477959818245,-120.75474056300635,0.8539310693740845
0432,0721,583,546,44.94813982073965,-120.74139586756168,0.9959228038787842
0432,0721,524,570,44.96405547116436,-120.73224521925677,0.9972823858261108
0432,0721,527,457,44.96324620080378,-120.7753295216924,0.9411135315895081
0432,0721,574,567,44.950567631821386,-120.73338905029489,0.9938220381736755
0432,0721,554,469,44.955962767558574,-120.77075419753994,0.5885874032974243
0432,0721,463,523,44.98051063516279,-120.7501652388539,0.9906310439109802
0432,0721,443,482,44.985905770899976,-120.76579759637478,0.9753087759017944
0432,0721,572,552,44.951107145395106,-120.73910820548545,0.995887815952301
0432,0721,570,561,44.951646658968826,-120.73567671237112,0.9899640083312988
0432,0721,559,579,44.95461398362428,-120.72881372614243,0.9548304080963135
0432,0721,578,533,44.94948860467395,-120.74635246872684,0.9989701509475708
0432,0721,574,548,44.950567631821386,-120.74063331353628,0.9975208044052124
0432,0721,457,485,44.98212917588395,-120.76465376533667,0.9896658658981323
0432,0721,512,456,44.96729255260667,-120.7757107987051,0.5164378881454468
0432,0721,577,558,44.94975836146081,-120.73682054340922,0.9995272755622864
0432,0721,594,505,44.9451724960842,-120.75702822508258,0.5719367265701294
0432,0721,512,569,44.96729255260667,-120.73262649626948,0.9315855503082275
0432,0721,543,458,44.95893009221403,-120.7749482446797,0.7508089542388916
0432,0721,570,509,44.951646658968826,-120.75550311703176,0.9995356798171997
0432,0721,481,446,44.97565501299932,-120.77952356883216,0.6407538652420044
0432,0721,589,518,44.946521280018494,-120.75207162391742,0.9292469620704651
0432,0721,537,469,44.960548632935186,-120.77075419753994,0.9926724433898926
0432,0721,470,540,44.97862233765477,-120.7436835296379,0.9870246648788452
0432,0721,554,549,44.955962767558574,-120.74025203652357,0.9998870491981506
0432,0721,448,493,44.98455698696568,-120.76160354923503,0.9452049732208252
0432,0721,474,541,44.977543310507336,-120.74330225262521,0.9953721165657043
0432,0721,573,517,44.95083738860825,-120.75245290093012,0.9974595308303833
0432,0721,584,551,44.94787006395279,-120.73948948249816,0.9741489887237549
0432,0721,480,452,44.975924769786175,-120.77723590675593,0.923372209072113
0432,0721,514,457,44.96675303903295,-120.7753295216924,0.7653921842575073
0432,0721,472,539,44.978082824081056,-120.74406480665061,0.9931045770645142
0432,0721,562,568,44.9538047132637,-120.73300777328218,0.9943090081214905
0432,0721,579,490,44.94921884788709,-120.76274738027315,0.9908224940299988
0432,0721,495,552,44.971878417983284,-120.73910820548545,0.9997941255569458
0432,0721,485,443,44.97457598585188,-120.78066739987027,0.5943378806114197
0432,0721,467,444,44.979431608015354,-120.78028612285756,0.7193490266799927
0432,0721,556,581,44.955423253984854,-120.72805117211702,0.8134620785713196
0432,0721,583,569,44.94813982073965,-120.73262649626948,0.8257034420967102
0432,0721,544,471,44.95866033542717,-120.76999164351454,0.973751425743103
0432,0721,506,569,44.96891109332783,-120.73262649626948,0.6055945158004761
0432,0721,586,539,44.94733055037907,-120.74406480665061,0.97415691614151
0432,0721,585,525,44.947600307165935,-120.74940268482848,0.9623225331306458
0432,0721,583,551,44.94813982073965,-120.73948948249816,0.98783940076828
0432,0721,452,496,44.983477959818245,-120.76045971819693,0.9739428162574768
0432,0721,543,456,44.95893009221403,-120.7757107987051,0.7643234729766846
0432,0721,562,581,44.9538047132637,-120.72805117211702,0.7313884496688843
0432,0721,535,572,44.96108814650891,-120.73148266523135,0.9959521889686584
0432,0721,566,548,44.95272568611626,-120.74063331353628,0.9978805184364319
0432,0721,539,469,44.960009119361466,-120.77075419753994,0.98537677526474
0432,0721,556,559,44.955423253984854,-120.73643926639652,0.9998307824134827
0432,0721,482,451,44.975385256212455,-120.77761718376864,0.9151027798652649
0432,0721,570,556,44.951646658968826,-120.73758309743464,0.9944688081741333
0432,0721,569,531,44.95191641575568,-120.74711502275225,0.9990096092224121
0432,0721,575,538,44.95029787503453,-120.74444608366332,0.999739408493042
0432,0721,582,551,44.94840957752651,-120.73948948249816,0.9936050772666931
0432,0721,453,487,44.98320820303138,-120.76389121131126,0.9884830117225647
0432,0721,591,515,44.945981766444774,-120.75321545495554,0.8708958029747009
0432,0721,477,554,44.97673404014675,-120.73834565146005,0.9841991066932678
0432,0721,567,575,44.9524559293294,-120.73033883419325,0.8226068615913391
0432,0721,462,447,44.98078039194965,-120.77914229181945,0.6627535223960876
0432,0721,573,575,44.95083738860825,-120.73033883419325,0.8983260989189148
0432,0721,524,456,44.96405547116436,-120.7757107987051,0.9525554776191711
0432,0721,454,503,44.982938446244525,-120.75779077910799,0.9854950308799744
0432,0721,464,527,44.98024087837593,-120.74864013080307,0.9848116636276245
0432,0721,578,555,44.94948860467395,-120.73796437444734,0.9989143013954163
0432,0721,558,549,44.95488374041114,-120.74025203652357,0.9996105432510376
0432,0721,545,472,44.95839057864031,-120.76961036650184,0.9655483961105347
0432,0721,531,457,44.96216717365635,-120.7753295216924,0.9618241190910339
0432,0721,454,488,44.982938446244525,-120.76350993429855,0.9885388612747192
0432,0721,508,459,44.96837157975411,-120.774566967667,0.5125531554222107
0432,0721,535,466,44.96108814650891,-120.77189802857806,0.9887813329696655
0432,0721,584,548,44.94787006395279,-120.74063331353628,0.9915788173675537
0432,0721,586,509,44.94733055037907,-120.75550311703176,0.9883226156234741
0432,0721,587,535,44.947060793592215,-120.74558991470144,0.9662640690803528
0432,0721,587,506,44.947060793592215,-120.75664694806987,0.9886573553085327
0432,0721,542,576,44.95919984900089,-120.72995755718054,0.9697648882865906
0432,0721,571,566,44.95137690218196,-120.7337703273076,0.9736142158508301
0432,0721,522,453,44.96459498473808,-120.77685462974323,0.9520264267921448
0432,0721,543,574,44.95893009221403,-120.73072011120595,0.9832971692085266
0432,0721,500,556,44.97052963404899,-120.73758309743464,0.9996974468231201
0432,0721,515,453,44.966483282246095,-120.77685462974323,0.8286475539207458
0432,0721,506,559,44.96891109332783,-120.73643926639652,0.9997592568397522
0432,0721,591,528,44.945981766444774,-120.74825885379038,0.5017085075378418
0432,0721,456,457,44.982398932670804,-120.7753295216924,0.844277024269104
0432,0721,574,530,44.950567631821386,-120.74749629976496,0.9991620779037476
0432,0721,568,557,44.95218617254255,-120.73720182042193,0.9969910979270935
0432,0721,583,525,44.94813982073965,-120.74940268482848,0.9906198978424072
0432,0721,582,570,44.94840957752651,-120.73224521925677,0.9613240957260132
0432,0721,585,509,44.947600307165935,-120.75550311703176,0.9872769117355347
0432,0721,581,519,44.94867933431337,-120.75169034690471,0.9902691841125488
0432,0721,578,544,44.94948860467395,-120.74215842158709,0.999480664730072
0432,0721,575,510,44.95029787503453,-120.75512184001906,0.9984203577041626
0432,0721,454,486,44.982938446244525,-120.76427248832397,0.9889540076255798
0432,0721,439,480,44.986984798047416,-120.7665601504002,0.8162775039672852
0432,0721,542,458,44.95919984900089,-120.7749482446797,0.699835479259491
0432,0721,527,566,44.96324620080378,-120.7337703273076,0.999840497970581
0432,0721,582,497,44.94840957752651,-120.76007844118422,0.9935230016708374
0432,0721,474,539,44.977543310507336,-120.74406480665061,0.9958311319351196
0432,0721,571,529,44.95137690218196,-120.74787757677767,0.9983198642730713
0432,0721,529,575,44.96270668723006,-120.73033883419325,0.951055645942688
0432,0721,456,523,44.982398932670804,-120.7501652388539,0.903718113899231
0432,0721,456,478,44.982398932670804,-120.76732270442561,0.9899169206619263
0432,0721,582,526,44.94840957752651,-120.74902140781577,0.9915298819541931
0432,0721,585,518,44.947600307165935,-120.75207162391742,0.9578604102134705
0432,0721,565,570,44.95299544290312,-120.73224521925677,0.9687139391899109
0432,0721,575,572,44.95029787503453,-120.73148266523135,0.9913137555122375
0432,0721,585,499,44.947600307165935,-120.7593158871588,0.9879121780395508
0432,0721,519,452,44.965404255098655,-120.77723590675593,0.8643074035644531
0432,0721,559,546,44.95461398362428,-120.74139586756168,0.9995018243789673
0432,0721,561,572,44.95407447005056,-120.73148266523135,0.9978048801422119
0432,0721,570,529,44.951646658968826,-120.74787757677767,0.9982843399047852
0432,0721,579,548,44.94921884788709,-120.74063331353628,0.9990648627281189
0432,0721,557,557,44.955153497198,-120.73720182042193,0.9995178580284119
0432,0721,486,560,44.97430622906502,-120.73605798938382,0.9617407917976379
0432,0721,546,471,44.958120821853456,-120.76999164351454,0.9608718752861023
0432,0721,524,451,44.96405547116436,-120.77761718376864,0.5952909588813782
0432,0721,576,537,44.950028118247666,-120.74482736067603,0.9996010661125183
0432,0721,592,507,44.94571200965792,-120.75626567105716,0.8653033971786499
0432,0721,572,541,44.951107145395106,-120.74330225262521,0.9987848997116089
0432,0721,589,527,44.946521280018494,-120.74864013080307,0.7385312914848328
0432,0721,569,555,44.95191641575568,-120.73796437444734,0.9947676658630371
0432,0721,476,548,44.977003796933616,-120.74063331353628,0.9942129254341125
0432,0721,544,467,44.95866033542717,-120.77151675156536,0.969760000705719
0432,0721,463,527,44.98051063516279,-120.74864013080307,0.9796715378761292
0432,0721,472,543,44.978082824081056,-120.7425396985998,0.994140625
0432,0721,453,497,44.98320820303138,-120.76007844118422,0.9812775254249573
0432,0721,586,498,44.94733055037907,-120.75969716417151,0.9753187894821167
0432,0721,447,485,44.98482674375254,-120.76465376533667,0.9866610169410706
0432,0721,546,454,44.958120821853456,-120.77647335273052,0.7424672245979309
0432,0721,450,508,44.98401747339196,-120.75588439404446,0.765152096748352
0432,0721,509,562,44.968101822967256,-120.73529543535841,0.9993987083435059
0432,0721,450,504,44.98401747339196,-120.75740950209529,0.7491685152053833
0432,0721,540,460,44.95973936257461,-120.77418569065429,0.8899825811386108
0432,0721,546,474,44.958120821853456,-120.76884781247642,0.9834539890289307
0432,0721,497,565,44.97133890440956,-120.73415160432029,0.8823244571685791
0432,0721,478,442,44.976464283359896,-120.78104867688297,0.7007534503936768
0432,0721,551,462,44.95677203791915,-120.77342313662888,0.8949859738349915
0432,0721,472,552,44.978082824081056,-120.73910820548545,0.8765801787376404
0432,0721,586,505,44.94733055037907,-120.75702822508258,0.9914381504058838
0432,0721,538,471,44.96027887614833,-120.76999164351454,0.994410514831543
0432,0721,440,485,44.98671504126056,-120.76465376533667,0.8452942371368408
0432,0721,442,471,44.98617552768684,-120.76999164351454,0.8706297874450684
0432,0721,530,566,44.962436930443204,-120.7337703273076,0.9998924732208252
0432,0721,545,579,44.95839057864031,-120.72881372614243,0.7722399234771729
0432,0721,564,553,44.95326519968998,-120.73872692847274,0.9948459267616272
0432,0721,447,484,44.98482674375254,-120.76503504234938,0.9883700013160706
0432,0721,520,458,44.9651344983118,-120.7749482446797,0.9066163301467896
0432,0721,570,510,44.951646658968826,-120.75512184001906,0.9995860457420349
0432,0721,575,533,44.95029787503453,-120.74635246872684,0.9995461702346802
0432,0721,542,472,44.95919984900089,-120.76961036650184,0.9835516214370728
0432,0721,515,456,44.966483282246095,-120.7757107987051,0.6478855609893799
0432,0721,573,542,44.95083738860825,-120.7429209756125,0.9988550543785095
0432,0721,449,492,44.98428723017882,-120.76198482624774,0.9678470492362976
0432,0721,453,501,44.98320820303138,-120.75855333313339,0.9661089777946472
0432,0721,476,545,44.977003796933616,-120.74177714457439,0.9965358376502991
0432,0721,517,563,44.965943768672375,-120.7349141583457,0.9998683929443359
0432,0721,474,549,44.977543310507336,-120.74025203652357,0.9858436584472656
0432,0721,552,580,44.956502281132295,-120.72843244912973,0.6633989214897156
0432,0721,590,534,44.94625152323164,-120.74597119171415,0.7739085555076599
0432,0721,563,579,44.953534956476844,-120.72881372614243,0.8363115191459656
0432,0721,491,553,44.972957445130724,-120.73872692847274,0.9995561242103577
0432,0721,577,525,44.94975836146081,-120.74940268482848,0.9963493943214417
0432,0721,444,476,44.98563601411312,-120.76808525845101,0.9893031120300293
0432,0721,485,550,44.97457598585188,-120.73987075951086,0.9980106353759766
0432,0721,569,574,44.95191641575568,-120.73072011120595,0.8627827167510986
0432,0721,561,553,44.95407447005056,-120.73872692847274,0.9984694123268127
0432,0721,476,546,44.977003796933616,-120.74139586756168,0.9963207840919495
0432,0721,509,565,44.968101822967256,-120.73415160432029,0.9976232051849365
0432,0721,532,578,44.96189741686948,-120.72919500315513,0.5617031455039978
0432,0721,581,500,44.94867933431337,-120.7589346101461,0.9973778128623962
0432,0721,590,530,44.94625152323164,-120.74749629976496,0.7393129467964172
0432,0721,580,513,44.94894909110023,-120.75397800898094,0.9852747917175293
0432,0721,442,477,44.98617552768684,-120.76770398143832,0.982536792755127
0432,0721,460,514,44.981319905523364,-120.75359673196823,0.9943063259124756
0432,0721,583,558,44.94813982073965,-120.73682054340922,0.9879524111747742
0432,0721,522,457,44.96459498473808,-120.7753295216924,0.9553499221801758
0432,0721,452,489,44.983477959818245,-120.76312865728585,0.9891073703765869
0432,0721,514,566,44.96675303903295,-120.7337703273076,0.9987833499908447
0432,0721,555,575,44.95569301077172,-120.73033883419325,0.9974876642227173
0432,0721,539,579,44.960009119361466,-120.72881372614243,0.7508044838905334
0432,0721,576,515,44.950028118247666,-120.75321545495554,0.9958294034004211
0432,0721,457,496,44.98212917588395,-120.76045971819693,0.9914296269416809
0432,0721,570,527,44.951646658968826,-120.74864013080307,0.998502254486084
0432,0721,457,526,44.98212917588395,-120.74902140781577,0.8220227360725403
0432,0721,568,569,44.95218617254255,-120.73262649626948,0.9795421361923218
0432,0721,522,445,44.96459498473808,-120.77990484584487,0.5591441988945007
0432,0721,547,459,44.95785106506659,-120.774566967667,0.8158109784126282
0432,0721,533,468,44.96162766008263,-120.77113547455265,0.9902136921882629
0432,0721,535,576,44.96108814650891,-120.72995755718054,0.9820823669433594
0432,0721,451,506,44.9837477166051,-120.75664694806987,0.7837644815444946
0432,0721,448,479,44.98455698696568,-120.7669414274129,0.9923915863037109
0432,0721,584,509,44.94787006395279,-120.75550311703176,0.9899880290031433
0432,0721,510,449,44.96783206618039,-120.77837973779404,0.591580331325531
0432,0721,528,572,44.962976444016924,-120.73148266523135,0.9960170388221741
0432,0721,587,501,44.947060793592215,-120.75855333313339,0.9935377836227417
0432,0721,578,493,44.94948860467395,-120.76160354923503,0.9965332746505737
0432,0721,492,558,44.97268768834386,-120.73682054340922,0.9972348213195801
0432,0721,457,500,44.98212917588395,-120.7589346101461,0.9931747317314148
0432,0721,454,484,44.982938446244525,-120.76503504234938,0.9896475076675415
0432,0721,448,490,44.98455698696568,-120.76274738027315,0.9749473929405212
0432,0721,460,531,44.981319905523364,-120.74711502275225,0.5224860906600952
0432,0721,547,462,44.95785106506659,-120.77342313662888,0.9294470548629761
0432,0721,449,504,44.98428723017882,-120.75740950209529,0.6135135889053345
0432,0721,565,546,44.95299544290312,-120.74139586756168,0.9975348114967346
0432,0721,528,577,44.962976444016924,-120.72957628016783,0.526111900806427
0432,0721,554,579,44.955962767558574,-120.72881372614243,0.9026469588279724
0432,0721,441,488,44.986445284473696,-120.76350993429855,0.8450312614440918
0432,0721,575,529,44.95029787503453,-120.74787757677767,0.9992341995239258
0432,0721,445,487,44.985366257326255,-120.76389121131126,0.9645410776138306
0432,0721,455,456,44.98266868945766,-120.7757107987051,0.6483916640281677
0432,0721,472,444,44.978082824081056,-120.78028612285756,0.6554059982299805
0432,0721,459,448,44.98158966231023,-120.77876101480675,0.5551356077194214
0432,0721,584,554,44.94787006395279,-120.73834565146005,0.9855586290359497
0432,0721,455,479,44.98266868945766,-120.7669414274129,0.9903428554534912
0432,0721,579,555,44.94921884788709,-120.73796437444734,0.9984084367752075
0432,0721,532,566,44.96189741686948,-120.7337703273076,0.9998424649238586
0432,0721,459,514,44.98158966231023,-120.75359673196823,0.994107186794281
0432,0721,455,487,44.98266868945766,-120.76389121131126,0.9887803196907043
0432,0721,571,533,44.95137690218196,-120.74635246872684,0.9987784028053284
0432,0721,510,559,44.96783206618039,-120.73643926639652,0.999898374080658
0432,0721,573,546,44.95083738860825,-120.74139586756168,0.9972313046455383
0432,0721,580,567,44.94894909110023,-120.73338905029489,0.993125855922699
0432,0721,568,522,44.95218617254255,-120.7505465158666,0.999211847782135
0432,0721,586,559,44.94733055037907,-120.73643926639652,0.5636769533157349
0432,0721,582,573,44.94840957752651,-120.73110138821866,0.7432435750961304
0432,0721,583,526,44.94813982073965,-120.74902140781577,0.9904769659042358
0432,0721,569,552,44.95191641575568,-120.73910820548545,0.9978529810905457
0432,0721,572,571,44.951107145395106,-120.73186394224406,0.9724037647247314
0432,0721,585,511,44.947600307165935,-120.75474056300635,0.9878755807876587
0432,0721,567,540,44.9524559293294,-120.7436835296379,0.9991414546966553
0432,0721,465,518,44.97997112158907,-120.75207162391742,0.9927513599395752
0432,0721,487,450,44.97403647227816,-120.77799846078133,0.7301919460296631
0432,0721,526,459,44.963515957590644,-120.774566967667,0.9625897407531738
0432,0721,561,538,44.95407447005056,-120.74444608366332,0.9995456337928772
0432,0721,560,541,44.95434422683742,-120.74330225262521,0.9994776844978333
0432,0721,578,542,44.94948860467395,-120.7429209756125,0.9993859529495239
0432,0721,577,499,44.94975836146081,-120.7593158871588,0.999125063419342
0432,0721,576,532,44.950028118247666,-120.74673374573955,0.9993460774421692
0432,0721,485,445,44.97457598585188,-120.77990484584487,0.505622148513794
0432,0721,571,538,44.95137690218196,-120.74444608366332,0.9991339445114136
0432,0721,568,542,44.95218617254255,-120.7429209756125,0.9991066455841064
0432,0721,456,497,44.982398932670804,-120.76007844118422,0.9897898435592651
0432,0721,484,551,44.97484574263874,-120.73948948249816,0.9977856874465942
0432,0721,562,579,44.9538047132637,-120.72881372614243,0.9108090400695801
0432,0721,559,556,44.95461398362428,-120.73758309743464,0.999247670173645
0432,0721,465,530,44.97997112158907,-120.74749629976496,0.9824194312095642
0432,0721,471,533,44.97835258086791,-120.74635246872684,0.9943225979804993
0432,0721,534,570,44.96135790329576,-120.73224521925677,0.9985122084617615
0432,0721,449,518,44.98428723017882,-120.75207162391742,0.6240344047546387
0432,0721,467,447,44.979431608015354,-120.77914229181945,0.8365933895111084
0432,0721,456,492,44.982398932670804,-120.76198482624774,0.9908806085586548
0432,0721,581,505,44.94867933431337,-120.75702822508258,0.9939150214195251
0432,0721,457,455,44.98212917588395,-120.77609207571781,0.6580464839935303
0432,0721,516,566,44.96621352545924,-120.7337703273076,0.9988102316856384
0432,0721,529,577,44.96270668723006,-120.72957628016783,0.5668967366218567
0432,0721,483,557,44.9751154994256,-120.73720182042193,0.9857008457183838
0432,0721,584,524,44.94787006395279,-120.74978396184119,0.9810203313827515
0432,0721,583,492,44.94813982073965,-120.76198482624774,0.6992619037628174
0432,0721,576,545,44.950028118247666,-120.74177714457439,0.9992332458496094
0432,0721,580,518,44.94894909110023,-120.75207162391742,0.9902761578559875
0432,0721,583,496,44.94813982073965,-120.76045971819693,0.937198281288147
0432,0721,540,467,44.95973936257461,-120.77151675156536,0.9776900410652161
0432,0721,536,569,44.96081838972205,-120.73262649626948,0.9991971254348755
0432,0721,577,502,44.94975836146081,-120.7581720561207,0.9991371631622314
0432,0721,585,498,44.947600307165935,-120.75969716417151,0.9770915508270264
0432,0721,461,528,44.98105014873651,-120.74825885379038,0.9312745332717896
0432,0721,480,550,44.975924769786175,-120.73987075951086,0.9967933297157288
0432,0721,523,459,44.96432522795122,-120.774566967667,0.9449422359466553
0432,0721,522,569,44.96459498473808,-120.73262649626948,0.9980748295783997
0432,0721,542,469,44.95919984900089,-120.77075419753994,0.9538176655769348
0432,0721,478,548,44.976464283359896,-120.74063331353628,0.9960038661956787
0432,0721,549,578,44.95731155149287,-120.72919500315513,0.9090154767036438
0432,0721,582,498,44.94840957752651,-120.75969716417151,0.9934314489364624
0432,0721,536,454,44.96081838972205,-120.77647335273052,0.9118606448173523
0432,0721,453,502,44.98320820303138,-120.7581720561207,0.9676336050033569
0432,0721,584,499,44.94787006395279,-120.7593158871588,0.9851393699645996
0432,0721,533,453,44.96162766008263,-120.77685462974323,0.9562652707099915
0432,0721,544,461,44.95866033542717,-120.77380441364159,0.922805905342102
0432,0721,469,448,44.97889209444163,-120.77876101480675,0.9472405314445496
0432,0721,571,522,44.95137690218196,-120.7505465158666,0.9976187348365784
0432,0721,536,577,44.96081838972205,-120.72957628016783,0.9673696756362915
0432,0721,589,516,44.946521280018494,-120.75283417794283,0.9413599371910095
0432,0721,453,478,44.98320820303138,-120.76732270442561,0.9916908740997314
0432,0721,564,572,44.95326519968998,-120.73148266523135,0.9589108824729919
0432,0721,578,494,44.94948860467395,-120.76122227222233,0.9973649978637695
0432,0721,540,458,44.95973936257461,-120.7749482446797,0.8249444365501404
0432,0721,514,447,44.96675303903295,-120.77914229181945,0.7641870379447937
0432,0721,576,579,44.950028118247666,-120.72881372614243,0.6635503172874451
0432,0721,569,520,44.95191641575568,-120.751309069892,0.9990088939666748
0432,0721,575,550,44.95029787503453,-120.73987075951086,0.9982293248176575
0432,0721,580,575,44.94894909110023,-120.73033883419325,0.8893471956253052
0432,0721,562,565,44.9538047132637,-120.73415160432029,0.9909200072288513
0432,0721,505,459,44.96918085011469,-120.774566967667,0.5377852916717529
0432,0721,448,517,44.98455698696568,-120.75245290093012,0.5820608735084534
0432,0721,518,445,44.96567401188552,-120.77990484584487,0.752544641494751
0432,0721,534,463,44.96135790329576,-120.77304185961617,0.9844203591346741
0432,0721,584,552,44.94787006395279,-120.73910820548545,0.9895006418228149
0432,0721,480,447,44.975924769786175,-120.77914229181945,0.8865048885345459
0432,0721,531,568,44.96216717365635,-120.73300777328218,0.9996068477630615
0432,0721,575,530,44.95029787503453,-120.74749629976496,0.9993898272514343
0432,0721,469,525,44.97889209444163,-120.74940268482848,0.9938274621963501
0432,0721,500,555,44.97052963404899,-120.73796437444734,0.9998385906219482
0432,0721,519,453,44.965404255098655,-120.77685462974323,0.8931214809417725
0432,0721,587,542,44.947060793592215,-120.7429209756125,0.8978368043899536
0432,0721,568,556,44.95218617254255,-120.73758309743464,0.9970719218254089
0432,0721,453,500,44.98320820303138,-120.7589346101461,0.9705182909965515
0432,0721,451,509,44.9837477166051,-120.75550311703176,0.8532171845436096
0432,0721,534,467,44.96135790329576,-120.77151675156536,0.9914833307266235
0432,0721,558,544,44.95488374041114,-120.74215842158709,0.9993127584457397
0432,0721,571,560,44.95137690218196,-120.73605798938382,0.9963611960411072
0432,0721,567,536,44.9524559293294,-120.74520863768873,0.9992746710777283
0432,0721,573,540,44.95083738860825,-120.7436835296379,0.9992567300796509
0432,0721,561,561,44.95407447005056,-120.73567671237112,0.9879565238952637
0432,0721,581,557,44.94867933431337,-120.73720182042193,0.9977675080299377
0432,0721,536,578,44.96081838972205,-120.72919500315513,0.8762968182563782
0432,0721,493,553,44.972417931557004,-120.73872692847274,0.9996818900108337
0432,0721,465,541,44.97997112158907,-120.74330225262521,0.6242048144340515
0432,0721,473,545,44.97781306729419,-120.74177714457439,0.9942848682403564
0432,0721,534,567,44.96135790329576,-120.73338905029489,0.9995453357696533
0432,0721,581,489,44.94867933431337,-120.76312865728585,0.9235764741897583
0432,0721,509,451,44.968101822967256,-120.77761718376864,0.6897768378257751
0432,0721,562,555,44.9538047132637,-120.73796437444734,0.993463397026062
0432,0721,445,492,44.985366257326255,-120.76198482624774,0.7734673619270325
0432,0721,576,525,44.950028118247666,-120.74940268482848,0.9973393678665161
0432,0721,572,572,44.951107145395106,-120.73148266523135,0.9551518559455872
0432,0721,536,579,44.96081838972205,-120.72881372614243,0.6741215586662292
0432,0721,554,577,44.955962767558574,-120.72957628016783,0.9795776605606079
0432,0721,578,559,44.94948860467395,-120.73643926639652,0.9995170831680298
