burnName,date,y,x,lat,lon,predicted_prob
0567_LITTLE_BUCK,0726,885,706,44.881255066635184,-120.51309380296405,0.9975287914276123
0567_LITTLE_BUCK,0726,75,342,45.09975806399136,-120.65191392970674,0.9804462790489197
0567_LITTLE_BUCK,0726,168,379,45.07467068281343,-120.63780309264773,0.9980437159538269
0567_LITTLE_BUCK,0726,918,788,44.872353092668824,-120.4818211370495,0.9981228113174438
0567_LITTLE_BUCK,0726,768,819,44.91281661069774,-120.46999854383789,0.9978251457214355
0567_LITTLE_BUCK,0726,185,328,45.070084817436815,-120.65725316535068,0.9932371377944946
0567_LITTLE_BUCK,0726,195,357,45.06738724956822,-120.64619332008822,0.9977551102638245
0567_LITTLE_BUCK,0726,114,291,45.08923754930384,-120.67136400240969,0.8852245807647705
0567_LITTLE_BUCK,0726,714,824,44.92738347718815,-120.46809167396505,0.974157989025116
0567_LITTLE_BUCK,0726,594,366,44.95975429161129,-120.6427609543171,0.9927389621734619
0567_LITTLE_BUCK,0726,807,489,44.902296096010225,-120.59585195544527,0.9994773864746094
0567_LITTLE_BUCK,0726,754,724,44.916593205713774,-120.50622907142183,0.9985305666923523
0567_LITTLE_BUCK,0726,570,590,44.96622845449592,-120.55733318401391,0.6956761479377747
0567_LITTLE_BUCK,0726,236,348,45.05632722130698,-120.64962568585932,0.9975287914276123
0567_LITTLE_BUCK,0726,500,603,44.98511142957608,-120.55237532234453,0.5431399345397949
0567_LITTLE_BUCK,0726,772,851,44.911737583550305,-120.45779457665172,0.8499408960342407
0567_LITTLE_BUCK,0726,425,189,45.005343188590544,-120.71026414781561,0.8536723852157593
0567_LITTLE_BUCK,0726,71,442,45.10083709113879,-120.61377653224994,0.8876584768295288
0567_LITTLE_BUCK,0726,768,717,44.91281661069774,-120.50889868924381,0.9979397058486938
0567_LITTLE_BUCK,0726,604,626,44.957056723742696,-120.54360372092947,0.9965495467185974
0567_LITTLE_BUCK,0726,820,717,44.89878925778105,-120.50889868924381,0.9975287914276123
0567_LITTLE_BUCK,0726,374,206,45.01910078472037,-120.70378079024795,0.9969920516014099
0567_LITTLE_BUCK,0726,329,473,45.031239840129054,-120.60195393903835,0.9972100853919983
0567_LITTLE_BUCK,0726,462,310,44.99536218747674,-120.6641178968929,0.9984551668167114
0567_LITTLE_BUCK,0726,566,571,44.96730748164335,-120.5645792895307,0.5062347650527954
0567_LITTLE_BUCK,0726,367,184,45.02098908222839,-120.71217101768845,0.9492929577827454
0567_LITTLE_BUCK,0726,375,186,45.018831027933516,-120.71140826973931,0.9831444025039673
0567_LITTLE_BUCK,0726,773,640,44.91146782676344,-120.53826448528552,0.9831172823905945
0567_LITTLE_BUCK,0726,578,717,44.964070400201045,-120.50889868924381,0.7982041239738464
0567_LITTLE_BUCK,0726,367,546,45.02098908222839,-120.5741136388949,0.8546329736709595
0567_LITTLE_BUCK,0726,143,296,45.08141460248491,-120.66945713253685,0.9816762208938599
0567_LITTLE_BUCK,0726,428,618,45.00453391822996,-120.54665471272601,0.8624127507209778
0567_LITTLE_BUCK,0726,631,367,44.94977329049749,-120.64237958034253,0.9957112669944763
0567_LITTLE_BUCK,0726,802,724,44.90364487994452,-120.50622907142183,0.9978019595146179
0567_LITTLE_BUCK,0726,720,424,44.925764936467,-120.62064126379217,0.5508793592453003
0567_LITTLE_BUCK,0726,597,358,44.95894502125071,-120.64581194611365,0.9613078236579895
0567_LITTLE_BUCK,0726,270,281,45.047155490553756,-120.67517774215537,0.5348266363143921
0567_LITTLE_BUCK,0726,815,512,44.900138041715344,-120.5870803540302,0.999993622303009
0567_LITTLE_BUCK,0726,589,576,44.96110307554559,-120.56267241965786,0.9862694144248962
0567_LITTLE_BUCK,0726,693,764,44.9330483697122,-120.49097411243912,0.9976958632469177
0567_LITTLE_BUCK,0726,831,705,44.895821933125596,-120.51347517693861,0.9980750679969788
0567_LITTLE_BUCK,0726,81,376,45.0981395232702,-120.63894721457143,0.9997612833976746
0567_LITTLE_BUCK,0726,585,540,44.96218210269303,-120.5764018827423,0.7417755722999573
0567_LITTLE_BUCK,0726,648,678,44.94518742512088,-120.52377227425195,0.9982804656028748
0567_LITTLE_BUCK,0726,167,415,45.07494043960028,-120.62407362956328,0.9979282021522522
0567_LITTLE_BUCK,0726,917,721,44.87262284945568,-120.50737319334553,0.9981634616851807
0567_LITTLE_BUCK,0726,579,720,44.96380064341418,-120.5077545673201,0.7570735216140747
0567_LITTLE_BUCK,0726,233,388,45.057136491667556,-120.63437072687661,0.9947971105575562
0567_LITTLE_BUCK,0726,950,708,44.86372087548932,-120.51233105501491,0.9656277298927307
0567_LITTLE_BUCK,0726,351,554,45.025305190818145,-120.57106264709836,0.9597358703613281
0567_LITTLE_BUCK,0726,301,284,45.038793030161116,-120.67403362023167,0.9851622581481934
0567_LITTLE_BUCK,0726,415,186,45.00804075645914,-120.71140826973931,0.9784359335899353
0567_LITTLE_BUCK,0726,719,857,44.926034693253854,-120.4555063328043,0.7693052291870117
0567_LITTLE_BUCK,0726,905,839,44.875859930897995,-120.46237106434653,0.880535900592804
0567_LITTLE_BUCK,0726,936,724,44.86749747050535,-120.50622907142183,0.9981974363327026
0567_LITTLE_BUCK,0726,787,572,44.907691231747414,-120.56419791555614,0.9438402652740479
0567_LITTLE_BUCK,0726,630,559,44.950043047284346,-120.56915577722552,0.9970084428787231
0567_LITTLE_BUCK,0726,642,646,44.94680596584204,-120.53597624143812,0.9993219971656799
0567_LITTLE_BUCK,0726,571,321,44.965958697709056,-120.65992278317266,0.6887049078941345
0567_LITTLE_BUCK,0726,484,534,44.989427538165835,-120.5786901265897,0.997582197189331
0567_LITTLE_BUCK,0726,100,300,45.093014144319866,-120.66793163663858,0.6336161494255066
0567_LITTLE_BUCK,0726,515,293,44.98106507777319,-120.67060125446055,0.9431979656219482
0567_LITTLE_BUCK,0726,773,643,44.91146782676344,-120.53712036336182,0.9780793190002441
0567_LITTLE_BUCK,0726,232,359,45.05740624845442,-120.64543057213908,0.9975287914276123
0567_LITTLE_BUCK,0726,760,489,44.91497466499262,-120.59585195544527,0.9994419813156128
0567_LITTLE_BUCK,0726,834,818,44.89501266276502,-120.47037991781245,0.997229814529419
0567_LITTLE_BUCK,0726,305,449,45.037714003013676,-120.61110691442798,0.997617244720459
0567_LITTLE_BUCK,0726,951,722,44.86345111870246,-120.50699181937097,0.9923896789550781
0567_LITTLE_BUCK,0726,68,348,45.10164636149937,-120.64962568585932,0.9837580323219299
0567_LITTLE_BUCK,0726,589,567,44.96110307554559,-120.56610478542898,0.9940730333328247
0567_LITTLE_BUCK,0726,816,803,44.89986828492849,-120.47610052743097,0.998403787612915
0567_LITTLE_BUCK,0726,241,340,45.05497843737268,-120.65267667765586,0.9975287914276123
0567_LITTLE_BUCK,0726,167,298,45.07494043960028,-120.66869438458771,0.8404927253723145
0567_LITTLE_BUCK,0726,184,421,45.07035457422367,-120.62178538571587,0.9982324838638306
0567_LITTLE_BUCK,0726,218,421,45.061182843470455,-120.62178538571587,0.9178187251091003
0567_LITTLE_BUCK,0726,159,312,45.07709849389516,-120.66335514894377,0.9952312707901001
0567_LITTLE_BUCK,0726,695,779,44.93250885613848,-120.4852535028206,0.9968060255050659
0567_LITTLE_BUCK,0726,446,294,44.99967829606649,-120.67021988048599,0.9982640743255615
0567_LITTLE_BUCK,0726,322,468,45.033128137637064,-120.6038608089112,0.9955386519432068
0567_LITTLE_BUCK,0726,179,362,45.07170335815797,-120.64428645021538,0.9981849789619446
0567_LITTLE_BUCK,0726,172,347,45.073591655665986,-120.6500070598339,0.9962822198867798
0567_LITTLE_BUCK,0726,946,787,44.864799902636754,-120.48220251102406,0.9979668259620667
0567_LITTLE_BUCK,0726,407,177,45.01019881075401,-120.71484063551043,0.8277597427368164
0567_LITTLE_BUCK,0726,815,811,44.900138041715344,-120.47304953563443,0.9975287914276123
0567_LITTLE_BUCK,0726,259,375,45.050122815209214,-120.639328588546,0.9956960678100586
0567_LITTLE_BUCK,0726,896,696,44.87828774197973,-120.51690754270973,0.9753531813621521
0567_LITTLE_BUCK,0726,630,673,44.950043047284346,-120.52567914412478,0.998393177986145
0567_LITTLE_BUCK,0726,759,649,44.91524442177948,-120.53483211951442,0.9986463189125061
0567_LITTLE_BUCK,0726,832,829,44.89555217633873,-120.46618480409221,0.9974241852760315
0567_LITTLE_BUCK,0726,812,715,44.90094731207593,-120.50966143719293,0.9959895014762878
0567_LITTLE_BUCK,0726,736,825,44.92144882787724,-120.46771029999047,0.9647991061210632
0567_LITTLE_BUCK,0726,914,818,44.87343211981626,-120.47037991781245,0.9975430965423584
0567_LITTLE_BUCK,0726,380,512,45.01748224399922,-120.5870803540302,0.9920573234558105
0567_LITTLE_BUCK,0726,753,674,44.91686296250064,-120.52529777015022,0.9981319308280945
0567_LITTLE_BUCK,0726,880,687,44.88260385056948,-120.52033990848084,0.7982259392738342
0567_LITTLE_BUCK,0726,744,832,44.91929077358237,-120.4650406821685,0.803652822971344
0567_LITTLE_BUCK,0726,802,500,44.90364487994452,-120.59165684172501,0.9999939203262329
0567_LITTLE_BUCK,0726,767,671,44.9130863674846,-120.52644189207392,0.9156227111816406
0567_LITTLE_BUCK,0726,207,459,45.064150168125906,-120.6072931746823,0.9918766021728516
0567_LITTLE_BUCK,0726,571,346,44.965958697709056,-120.65038843380846,0.9976963400840759
0567_LITTLE_BUCK,0726,209,311,45.063610654552186,-120.66373652291833,0.8986262679100037
0567_LITTLE_BUCK,0726,447,592,44.999408539279635,-120.55657043606477,0.9974746108055115
0567_LITTLE_BUCK,0726,204,453,45.06495943848648,-120.6095814185297,0.9965172410011292
0567_LITTLE_BUCK,0726,771,439,44.91200734033716,-120.61492065417366,0.6175459027290344
0567_LITTLE_BUCK,0726,440,597,45.00129683678765,-120.55466356619193,0.9977675676345825
0567_LITTLE_BUCK,0726,590,601,44.96083331875873,-120.55313807029367,0.981130838394165
0567_LITTLE_BUCK,0726,301,342,45.038793030161116,-120.65191392970674,0.9982653260231018
0567_LITTLE_BUCK,0726,824,844,44.89771023063361,-120.46046419447369,0.9920247197151184
0567_LITTLE_BUCK,0726,200,481,45.06603846563392,-120.59890294724181,0.9151265621185303
0567_LITTLE_BUCK,0726,370,283,45.02017981186781,-120.67441499420623,0.9975676536560059
0567_LITTLE_BUCK,0726,962,746,44.860483794047006,-120.49783884398134,0.999333918094635
0567_LITTLE_BUCK,0726,339,271,45.02854227226045,-120.67899148190105,0.9978368282318115
0567_LITTLE_BUCK,0726,216,316,45.06172235704417,-120.6618296530455,0.9428800940513611
0567_LITTLE_BUCK,0726,353,243,45.024765677244424,-120.68966995318894,0.9975287914276123
0567_LITTLE_BUCK,0726,378,540,45.01802175757294,-120.5764018827423,0.9976516962051392
0567_LITTLE_BUCK,0726,621,688,44.952470858366084,-120.51995853450627,0.9990727305412292
0567_LITTLE_BUCK,0726,632,566,44.94950353371063,-120.56648615940354,0.9975287914276123
0567_LITTLE_BUCK,0726,761,479,44.914704908205756,-120.59966569519094,0.9994363784790039
0567_LITTLE_BUCK,0726,650,666,44.94464791154716,-120.52834876194676,0.9985229969024658
0567_LITTLE_BUCK,0726,144,449,45.081144845698056,-120.61110691442798,0.9988536834716797
0567_LITTLE_BUCK,0726,786,565,44.90796098853427,-120.56686753337812,0.9977960586547852
0567_LITTLE_BUCK,0726,79,434,45.09867903684392,-120.6168275240465,0.9483649134635925
0567_LITTLE_BUCK,0726,645,350,44.945996695481455,-120.6488629379102,0.6498644948005676
0567_LITTLE_BUCK,0726,856,689,44.88907801345411,-120.5195771605317,0.9846943616867065
0567_LITTLE_BUCK,0726,746,708,44.91875126000865,-120.51233105501491,0.9989679455757141
0567_LITTLE_BUCK,0726,202,484,45.0654989520602,-120.5977588253181,0.5771320462226868
0567_LITTLE_BUCK,0726,248,407,45.053090139864665,-120.62712462135983,0.9951320886611938
0567_LITTLE_BUCK,0726,651,413,44.9443781547603,-120.62483637751242,0.9972018599510193
0567_LITTLE_BUCK,0726,242,428,45.054708680585826,-120.6191157678939,0.9827095866203308
0567_LITTLE_BUCK,0726,423,196,45.00588270216426,-120.70759452999363,0.9869127869606018
0567_LITTLE_BUCK,0726,909,725,44.874780903750555,-120.50584769744727,0.9991163611412048
0567_LITTLE_BUCK,0726,46,366,45.10758101081028,-120.6427609543171,0.6533300280570984
0567_LITTLE_BUCK,0726,228,387,45.05848527560186,-120.63475210085117,0.9899311065673828
0567_LITTLE_BUCK,0726,100,371,45.093014144319866,-120.64085408444427,0.9999423623085022
0567_LITTLE_BUCK,0726,347,200,45.02638421796558,-120.70606903409536,0.9670854210853577
0567_LITTLE_BUCK,0726,242,382,45.054708680585826,-120.63665897072401,0.9604334235191345
0567_LITTLE_BUCK,0726,252,392,45.05201111271723,-120.63284523097835,0.978860080242157
0567_LITTLE_BUCK,0726,887,779,44.880715553061464,-120.4852535028206,0.9982835054397583
0567_LITTLE_BUCK,0726,549,315,44.971893347019964,-120.66221102702006,0.9811707139015198
0567_LITTLE_BUCK,0726,687,777,44.93466691043336,-120.48601625076974,0.992047905921936
0567_LITTLE_BUCK,0726,569,315,44.966498211282776,-120.66221102702006,0.7377920150756836
0567_LITTLE_BUCK,0726,432,302,45.00345489108253,-120.66716888868945,0.9965850114822388
0567_LITTLE_BUCK,0726,185,452,45.070084817436815,-120.60996279250428,0.9977113008499146
0567_LITTLE_BUCK,0726,688,765,44.9343971536465,-120.49059273846454,0.997294545173645
0567_LITTLE_BUCK,0726,197,299,45.0668477359945,-120.66831301061315,0.9033620953559875
0567_LITTLE_BUCK,0726,806,462,44.90256585279708,-120.6061490527586,0.9885013103485107
0567_LITTLE_BUCK,0726,293,481,45.04095108445599,-120.59890294724181,0.9804425835609436
0567_LITTLE_BUCK,0726,315,285,45.03501643514508,-120.67365224625709,0.997414231300354
0567_LITTLE_BUCK,0726,303,495,45.038253516587396,-120.59356371159785,0.821124792098999
0567_LITTLE_BUCK,0726,658,538,44.94248985725228,-120.57716463069144,0.9975245594978333
0567_LITTLE_BUCK,0726,807,465,44.902296096010225,-120.6050049308349,0.9938547015190125
0567_LITTLE_BUCK,0726,617,566,44.953549885513524,-120.56648615940354,0.9968069791793823
0567_LITTLE_BUCK,0726,876,771,44.88368287771692,-120.48830449461714,0.9986706972122192
0567_LITTLE_BUCK,0726,845,483,44.89204533810956,-120.59814019929267,0.9181674122810364
0567_LITTLE_BUCK,0726,397,561,45.01289637862261,-120.56839302927638,0.9976428151130676
0567_LITTLE_BUCK,0726,240,379,45.055248194159546,-120.63780309264773,0.9741619825363159
0567_LITTLE_BUCK,0726,609,727,44.9557079398084,-120.50508494949813,0.9756381511688232
0567_LITTLE_BUCK,0726,786,573,44.90796098853427,-120.56381654158157,0.948282778263092
0567_LITTLE_BUCK,0726,648,415,44.94518742512088,-120.62407362956328,0.9982628226280212
0567_LITTLE_BUCK,0726,845,799,44.89204533810956,-120.47762602332924,0.9989361763000488
0567_LITTLE_BUCK,0726,899,831,44.87747847161915,-120.46542205614307,0.9831957221031189
0567_LITTLE_BUCK,0726,466,545,44.9942831603293,-120.57449501286946,0.9948909282684326
0567_LITTLE_BUCK,0726,76,464,45.099488307204496,-120.60538630480946,0.8112959265708923
0567_LITTLE_BUCK,0726,135,459,45.083572656779786,-120.6072931746823,0.9765133261680603
0567_LITTLE_BUCK,0726,710,444,44.92846250433559,-120.61301378430082,0.9978170394897461
0567_LITTLE_BUCK,0726,805,743,44.90283560958394,-120.49898296590504,0.9994288682937622
0567_LITTLE_BUCK,0726,552,324,44.97108407665939,-120.65877866124895,0.9923442602157593
0567_LITTLE_BUCK,0726,121,458,45.08734925179582,-120.60767454865686,0.940295934677124
0567_LITTLE_BUCK,0726,126,350,45.086000467861524,-120.6488629379102,0.9986932277679443
0567_LITTLE_BUCK,0726,67,325,45.10191611828623,-120.65839728727438,0.9592425227165222
0567_LITTLE_BUCK,0726,252,296,45.05201111271723,-120.66945713253685,0.8336341381072998
0567_LITTLE_BUCK,0726,616,733,44.95381964230038,-120.50279670565072,0.7482479214668274
0567_LITTLE_BUCK,0726,431,296,45.00372464786938,-120.66945713253685,0.9975994229316711
0567_LITTLE_BUCK,0726,447,594,44.999408539279635,-120.55580768811565,0.9973264336585999
0567_LITTLE_BUCK,0726,83,415,45.09760000969648,-120.62407362956328,0.9975623488426208
0567_LITTLE_BUCK,0726,570,330,44.96622845449592,-120.65649041740154,0.8064453601837158
0567_LITTLE_BUCK,0726,770,716,44.912277097124026,-120.50928006321837,0.9975771307945251
0567_LITTLE_BUCK,0726,558,323,44.969465535938234,-120.65916003522352,0.989033579826355
0567_LITTLE_BUCK,0726,237,448,45.05605746452012,-120.61148828840254,0.9680064916610718
0567_LITTLE_BUCK,0726,904,788,44.87612968768485,-120.4818211370495,0.9984956979751587
0567_LITTLE_BUCK,0726,80,333,45.09840928005706,-120.65534629547784,0.9749959707260132
0567_LITTLE_BUCK,0726,582,370,44.962991373053605,-120.64123545841883,0.9979416728019714
0567_LITTLE_BUCK,0726,305,450,45.037714003013676,-120.6107255404534,0.9975778460502625
0567_LITTLE_BUCK,0726,262,367,45.04931354484864,-120.64237958034253,0.9975559115409851
0567_LITTLE_BUCK,0726,170,391,45.074131169239706,-120.63322660495291,0.9976133108139038
0567_LITTLE_BUCK,0726,298,360,45.03960230052169,-120.64504919816451,0.9991921186447144
0567_LITTLE_BUCK,0726,761,735,44.914704908205756,-120.50203395770158,0.9978196024894714
0567_LITTLE_BUCK,0726,452,568,44.99805975534534,-120.5657234114544,0.9969544410705566
0567_LITTLE_BUCK,0726,961,771,44.86075355083386,-120.48830449461714,0.9988660216331482
0567_LITTLE_BUCK,0726,416,537,45.007770999672275,-120.577546004666,0.9975287914276123
0567_LITTLE_BUCK,0726,931,707,44.868846254439646,-120.51271242898947,0.9975436329841614
0567_LITTLE_BUCK,0726,813,803,44.900677555289064,-120.47610052743097,0.9984691739082336
0567_LITTLE_BUCK,0726,959,725,44.86129306440758,-120.50584769744727,0.9947545528411865
0567_LITTLE_BUCK,0726,148,414,45.080065818550615,-120.62445500353785,0.9982238411903381
0567_LITTLE_BUCK,0726,368,517,45.02071932544153,-120.58517348415737,0.9837231040000916
0567_LITTLE_BUCK,0726,539,334,44.97459091488856,-120.65496492150328,0.9960370063781738
0567_LITTLE_BUCK,0726,463,589,44.99509243068988,-120.55771455798848,0.9079982042312622
0567_LITTLE_BUCK,0726,156,317,45.07790776425574,-120.66144827907092,0.9971649050712585
0567_LITTLE_BUCK,0726,797,839,44.90499366387882,-120.46237106434653,0.9846615195274353
0567_LITTLE_BUCK,0726,596,674,44.95921477803757,-120.52529777015022,0.9975287914276123
0567_LITTLE_BUCK,0726,427,628,45.004803675016824,-120.54284097298034,0.8600409030914307
0567_LITTLE_BUCK,0726,171,465,45.07386141245285,-120.6050049308349,0.9609807729721069
0567_LITTLE_BUCK,0726,85,421,45.097060496122765,-120.62178538571587,0.9973679184913635
0567_LITTLE_BUCK,0726,678,420,44.937094721515095,-120.62216675969044,0.997503936290741
0567_LITTLE_BUCK,0726,394,502,45.01370564898318,-120.59089409377589,0.9972883462905884
0567_LITTLE_BUCK,0726,599,629,44.95840550767699,-120.54245959900577,0.9964537024497986
0567_LITTLE_BUCK,0726,769,819,44.91254685391088,-120.46999854383789,0.9978274703025818
0567_LITTLE_BUCK,0726,698,425,44.931699585777906,-120.6202598898176,0.995243489742279
0567_LITTLE_BUCK,0726,714,834,44.92738347718815,-120.46427793421937,0.905017077922821
0567_LITTLE_BUCK,0726,119,286,45.08788876536954,-120.67327087228253,0.7757794260978699
0567_LITTLE_BUCK,0726,568,318,44.96676796806964,-120.66106690509636,0.8778871893882751
0567_LITTLE_BUCK,0726,300,300,45.03906278694797,-120.66793163663858,0.9958820343017578
0567_LITTLE_BUCK,0726,749,693,44.91794198964807,-120.51805166463343,0.9982706308364868
0567_LITTLE_BUCK,0726,375,235,45.018831027933516,-120.69272094498548,0.9980520606040955
0567_LITTLE_BUCK,0726,883,817,44.881794580208904,-120.47076129178703,0.9969539046287537
0567_LITTLE_BUCK,0726,570,318,44.96622845449592,-120.66106690509636,0.7806990742683411
0567_LITTLE_BUCK,0726,471,565,44.992934376395006,-120.56686753337812,0.9723780751228333
0567_LITTLE_BUCK,0726,752,677,44.917132719287494,-120.52415364822652,0.9980413913726807
0567_LITTLE_BUCK,0726,680,768,44.936555207941375,-120.48944861654084,0.9930652976036072
0567_LITTLE_BUCK,0726,735,828,44.921718584664106,-120.46656617806677,0.946324348449707
0567_LITTLE_BUCK,0726,752,449,44.917132719287494,-120.61110691442798,0.9975109100341797
0567_LITTLE_BUCK,0726,920,800,44.871813579095104,-120.47724464935467,0.9969577193260193
0567_LITTLE_BUCK,0726,427,206,45.004803675016824,-120.70378079024795,0.9947194457054138
0567_LITTLE_BUCK,0726,367,290,45.02098908222839,-120.67174537638425,0.9975287914276123
0567_LITTLE_BUCK,0726,468,607,44.99374364675558,-120.55084982644627,0.8610429763793945
0567_LITTLE_BUCK,0726,718,429,44.92630445004072,-120.61873439391933,0.9600197076797485
0567_LITTLE_BUCK,0726,809,453,44.901756582436505,-120.6095814185297,0.9885638952255249
0567_LITTLE_BUCK,0726,831,816,44.895821933125596,-120.47114266576159,0.9974969625473022
0567_LITTLE_BUCK,0726,850,811,44.890696554175264,-120.47304953563443,0.9934061169624329
0567_LITTLE_BUCK,0726,315,329,45.03501643514508,-120.65687179137612,0.9983102679252625
0567_LITTLE_BUCK,0726,629,370,44.95031280407121,-120.64123545841883,0.9969657063484192
0567_LITTLE_BUCK,0726,757,823,44.9157839353532,-120.46847304793961,0.9961810111999512
0567_LITTLE_BUCK,0726,277,466,45.045267193045746,-120.60462355686032,0.9975287914276123
0567_LITTLE_BUCK,0726,429,221,45.0042641614431,-120.69806018062944,0.9972301721572876
0567_LITTLE_BUCK,0726,953,786,44.86291160512874,-120.48258388499862,0.9989198446273804
0567_LITTLE_BUCK,0726,667,755,44.940062046170546,-120.49440647821022,0.9641494750976562
0567_LITTLE_BUCK,0726,579,639,44.96380064341418,-120.53864585926009,0.6135159730911255
0567_LITTLE_BUCK,0726,631,538,44.94977329049749,-120.57716463069144,0.983954668045044
0567_LITTLE_BUCK,0726,755,434,44.91632344892692,-120.6168275240465,0.5713295936584473
0567_LITTLE_BUCK,0726,461,210,44.9956319442636,-120.70225529434968,0.6393001675605774
0567_LITTLE_BUCK,0726,376,596,45.01856127114665,-120.55504494016651,0.9869560599327087
0567_LITTLE_BUCK,0726,379,544,45.017752000786075,-120.57487638684404,0.997346818447113
0567_LITTLE_BUCK,0726,769,572,44.91254685391088,-120.56419791555614,0.9993560314178467
0567_LITTLE_BUCK,0726,193,375,45.06792676314194,-120.639328588546,0.9978049397468567
0567_LITTLE_BUCK,0726,111,349,45.090046819664416,-120.64924431188476,0.9999770522117615
0567_LITTLE_BUCK,0726,676,787,44.937634235088815,-120.48220251102406,0.8172003030776978
0567_LITTLE_BUCK,0726,548,338,44.97216310380683,-120.653439425605,0.9975311160087585
0567_LITTLE_BUCK,0726,595,571,44.95948453482443,-120.5645792895307,0.9888114929199219
0567_LITTLE_BUCK,0726,701,814,44.93089031541733,-120.47190541371073,0.9745386242866516
0567_LITTLE_BUCK,0726,665,731,44.940601559744266,-120.50355945359985,0.9977065324783325
0567_LITTLE_BUCK,0726,791,568,44.90661220459997,-120.5657234114544,0.8763467669487
0567_LITTLE_BUCK,0726,666,751,44.94033180295741,-120.4959319741085,0.9868218302726746
0567_LITTLE_BUCK,0726,726,429,44.92414639574584,-120.61873439391933,0.855445384979248
0567_LITTLE_BUCK,0726,853,845,44.88988728381469,-120.46008282049912,0.9921401143074036
0567_LITTLE_BUCK,0726,106,361,45.09139560359871,-120.64466782418994,0.99997478723526
0567_LITTLE_BUCK,0726,422,581,45.00615245895112,-120.56076554978503,0.9988208413124084
0567_LITTLE_BUCK,0726,285,489,45.043109138750864,-120.59585195544527,0.9018016457557678
0567_LITTLE_BUCK,0726,767,634,44.9130863674846,-120.54055272913293,0.9983582496643066
0567_LITTLE_BUCK,0726,719,859,44.926034693253854,-120.45474358485518,0.779864490032196
0567_LITTLE_BUCK,0726,161,466,45.076558980321444,-120.60462355686032,0.9528104662895203
0567_LITTLE_BUCK,0726,675,780,44.93790399187567,-120.48487212884604,0.9053829312324524
0567_LITTLE_BUCK,0726,586,597,44.961912345906164,-120.55466356619193,0.992169976234436
0567_LITTLE_BUCK,0726,555,312,44.97027480629881,-120.66335514894377,0.7975060343742371
0567_LITTLE_BUCK,0726,667,392,44.940062046170546,-120.63284523097835,0.8946018218994141
0567_LITTLE_BUCK,0726,646,390,44.9457269386946,-120.63360797892747,0.9970130920410156
0567_LITTLE_BUCK,0726,438,552,45.001836350361366,-120.5718253950475,0.997422993183136
0567_LITTLE_BUCK,0726,110,355,45.09031657645127,-120.64695606803735,0.9999096393585205
0567_LITTLE_BUCK,0726,180,330,45.07143360137111,-120.65649041740154,0.9949726462364197
0567_LITTLE_BUCK,0726,406,165,45.01046856754087,-120.71941712320523,0.5178393721580505
0567_LITTLE_BUCK,0726,392,505,45.014245162556904,-120.58974997185217,0.9974675178527832
0567_LITTLE_BUCK,0726,784,724,44.90850050210799,-120.50622907142183,0.9956130981445312
0567_LITTLE_BUCK,0726,652,402,44.944108397973444,-120.62903149123267,0.9978856444358826
0567_LITTLE_BUCK,0726,255,457,45.051201842356654,-120.60805592263144,0.9906145334243774
0567_LITTLE_BUCK,0726,721,428,44.92549517968014,-120.6191157678939,0.9289233684539795
0567_LITTLE_BUCK,0726,713,819,44.927653233975015,-120.46999854383789,0.9742029309272766
0567_LITTLE_BUCK,0726,821,846,44.89851950099419,-120.45970144652455,0.9948983192443848
0567_LITTLE_BUCK,0726,431,194,45.00372464786938,-120.70835727794277,0.8597104549407959
0567_LITTLE_BUCK,0726,446,506,44.99967829606649,-120.58936859787761,0.998347818851471
0567_LITTLE_BUCK,0726,194,390,45.06765700635508,-120.63360797892747,0.9975736141204834
0567_LITTLE_BUCK,0726,253,293,45.05174135593037,-120.67060125446055,0.5268827676773071
0567_LITTLE_BUCK,0726,886,778,44.88098530984833,-120.48563487679516,0.998305082321167
0567_LITTLE_BUCK,0726,171,343,45.07386141245285,-120.65153255573216,0.9963093400001526
0567_LITTLE_BUCK,0726,651,350,44.9443781547603,-120.6488629379102,0.6880898475646973
0567_LITTLE_BUCK,0726,764,470,44.91389563784518,-120.60309806096205,0.998910665512085
0567_LITTLE_BUCK,0726,747,431,44.91848150322179,-120.6179716459702,0.6613456606864929
0567_LITTLE_BUCK,0726,887,831,44.880715553061464,-120.46542205614307,0.8924829363822937
0567_LITTLE_BUCK,0726,662,729,44.94141083010484,-120.50432220154899,0.9975640773773193
0567_LITTLE_BUCK,0726,603,666,44.95732648052955,-120.52834876194676,0.9976279735565186
0567_LITTLE_BUCK,0726,899,753,44.87747847161915,-120.49516922615936,0.9993535280227661
0567_LITTLE_BUCK,0726,660,518,44.94195034367856,-120.5847921101828,0.9978479743003845
0567_LITTLE_BUCK,0726,73,423,45.10029757756507,-120.62102263776674,0.9796225428581238
0567_LITTLE_BUCK,0726,153,446,45.07871703461632,-120.61225103635168,0.998576819896698
0567_LITTLE_BUCK,0726,954,792,44.86264184834188,-120.48029564115122,0.9987518191337585
0567_LITTLE_BUCK,0726,653,677,44.94383864118658,-120.52415364822652,0.9986088275909424
0567_LITTLE_BUCK,0726,943,801,44.86560917299733,-120.47686327538011,0.9966092109680176
0567_LITTLE_BUCK,0726,102,451,45.09247463074615,-120.61034416647884,0.982317328453064
0567_LITTLE_BUCK,0726,374,568,45.01910078472037,-120.5657234114544,0.9929205775260925
0567_LITTLE_BUCK,0726,204,311,45.06495943848648,-120.66373652291833,0.8739861249923706
0567_LITTLE_BUCK,0726,623,713,44.951931344792364,-120.51042418514207,0.9971978664398193
0567_LITTLE_BUCK,0726,743,822,44.91956053036923,-120.46885442191419,0.9938033819198608
0567_LITTLE_BUCK,0726,932,785,44.86857649765279,-120.4829652589732,0.9973244667053223
0567_LITTLE_BUCK,0726,631,741,44.94977329049749,-120.49974571385418,0.5384777784347534
0567_LITTLE_BUCK,0726,260,375,45.04985305842236,-120.639328588546,0.9962098598480225
0567_LITTLE_BUCK,0726,374,576,45.01910078472037,-120.56267241965786,0.9905083775520325
0567_LITTLE_BUCK,0726,152,429,45.078986791403175,-120.61873439391933,0.9993479251861572
0567_LITTLE_BUCK,0726,667,414,44.940062046170546,-120.62445500353785,0.9896267056465149
0567_LITTLE_BUCK,0726,470,570,44.99320413318186,-120.56496066350527,0.7944789528846741
0567_LITTLE_BUCK,0726,957,779,44.8618325779813,-120.4852535028206,0.9989043474197388
0567_LITTLE_BUCK,0726,842,825,44.89285460847014,-120.46771029999047,0.995081901550293
0567_LITTLE_BUCK,0726,227,332,45.05875503238872,-120.6557276694524,0.9936742782592773
0567_LITTLE_BUCK,0726,908,780,44.87505066053742,-120.48487212884604,0.9980983734130859
0567_LITTLE_BUCK,0726,459,248,44.99617145783732,-120.6877630833161,0.9963587522506714
0567_LITTLE_BUCK,0726,247,321,45.05335989665153,-120.65992278317266,0.9818017482757568
0567_LITTLE_BUCK,0726,675,759,44.93790399187567,-120.49288098231196,0.9820912480354309
0567_LITTLE_BUCK,0726,646,384,44.9457269386946,-120.63589622277489,0.995701014995575
0567_LITTLE_BUCK,0726,614,735,44.9543591558741,-120.50203395770158,0.5704528093338013
0567_LITTLE_BUCK,0726,351,205,45.025305190818145,-120.70416216422252,0.9508683085441589
0567_LITTLE_BUCK,0726,832,694,44.89555217633873,-120.51767029065886,0.9974689483642578
0567_LITTLE_BUCK,0726,744,860,44.91929077358237,-120.4543622108806,0.8510883450508118
0567_LITTLE_BUCK,0726,428,206,45.00453391822996,-120.70378079024795,0.994468092918396
0567_LITTLE_BUCK,0726,719,425,44.926034693253854,-120.6202598898176,0.6773170232772827
0567_LITTLE_BUCK,0726,824,489,44.89771023063361,-120.59585195544527,0.9996674656867981
0567_LITTLE_BUCK,0726,390,288,45.014784676130624,-120.67250812433339,0.9975287914276123
0567_LITTLE_BUCK,0726,846,708,44.891775581322705,-120.51233105501491,0.9973538517951965
0567_LITTLE_BUCK,0726,772,646,44.911737583550305,-120.53597624143812,0.9849912524223328
0567_LITTLE_BUCK,0726,224,313,45.059564302749294,-120.6629737749692,0.9715778827667236
0567_LITTLE_BUCK,0726,360,287,45.02287737973641,-120.67288949830797,0.9975287914276123
0567_LITTLE_BUCK,0726,470,556,44.99320413318186,-120.57029989914922,0.9652770161628723
0567_LITTLE_BUCK,0726,274,285,45.04607646340632,-120.67365224625709,0.9507547616958618
0567_LITTLE_BUCK,0726,441,620,45.00102708000079,-120.54589196477689,0.958000659942627
0567_LITTLE_BUCK,0726,618,637,44.95328012872666,-120.53940860720923,0.9975579977035522
0567_LITTLE_BUCK,0726,207,420,45.064150168125906,-120.62216675969044,0.9954086542129517
0567_LITTLE_BUCK,0726,600,644,44.958135750890136,-120.53673898938725,0.9974579811096191
0567_LITTLE_BUCK,0726,843,693,44.89258485168328,-120.51805166463343,0.9858735203742981
0567_LITTLE_BUCK,0726,276,342,45.0455369498326,-120.65191392970674,0.9981277585029602
0567_LITTLE_BUCK,0726,623,357,44.951931344792364,-120.64619332008822,0.9675037860870361
0567_LITTLE_BUCK,0726,664,560,44.94087131653113,-120.56877440325096,0.9979078769683838
0567_LITTLE_BUCK,0726,454,601,44.99752024177162,-120.55313807029367,0.9902856349945068
0567_LITTLE_BUCK,0726,411,585,45.00911978360657,-120.55924005388675,0.9977369904518127
0567_LITTLE_BUCK,0726,247,443,45.05335989665153,-120.61339515827538,0.9837778210639954
0567_LITTLE_BUCK,0726,179,399,45.07170335815797,-120.63017561315637,0.9974424839019775
0567_LITTLE_BUCK,0726,468,567,44.99374364675558,-120.56610478542898,0.9658330678939819
0567_LITTLE_BUCK,0726,472,605,44.99266461960815,-120.55161257439539,0.5484014749526978
0567_LITTLE_BUCK,0726,652,540,44.944108397973444,-120.5764018827423,0.9975287914276123
0567_LITTLE_BUCK,0726,773,639,44.91146782676344,-120.53864585926009,0.9870479702949524
0567_LITTLE_BUCK,0726,678,437,44.937094721515095,-120.61568340212278,0.9976702928543091
0567_LITTLE_BUCK,0726,586,624,44.961912345906164,-120.54436646887861,0.9977214932441711
0567_LITTLE_BUCK,0726,678,772,44.937094721515095,-120.48792312064258,0.9852305054664612
0567_LITTLE_BUCK,0726,773,846,44.91146782676344,-120.45970144652455,0.9085674285888672
0567_LITTLE_BUCK,0726,553,309,44.97081431987253,-120.66449927086747,0.81363445520401
0567_LITTLE_BUCK,0726,151,419,45.07925654819004,-120.622548133665,0.9983064532279968
0567_LITTLE_BUCK,0726,457,529,44.99671097141104,-120.58059699646255,0.99782395362854
0567_LITTLE_BUCK,0726,606,371,44.956517210168975,-120.64085408444427,0.9954094290733337
0567_LITTLE_BUCK,0726,561,322,44.96865626557765,-120.65954140919808,0.9745661020278931
0567_LITTLE_BUCK,0726,769,708,44.91254685391088,-120.51233105501491,0.9924687147140503
0567_LITTLE_BUCK,0726,248,379,45.053090139864665,-120.63780309264773,0.9794084429740906
0567_LITTLE_BUCK,0726,815,818,44.900138041715344,-120.47037991781245,0.9944124221801758
0567_LITTLE_BUCK,0726,377,203,45.018291514359795,-120.70492491217166,0.9955875277519226
0567_LITTLE_BUCK,0726,236,345,45.05632722130698,-120.65076980778302,0.9975287914276123
0567_LITTLE_BUCK,0726,189,454,45.069005790289374,-120.60920004455514,0.9975809454917908
0567_LITTLE_BUCK,0726,930,813,44.86911601122651,-120.47228678768529,0.9780601263046265
0567_LITTLE_BUCK,0726,813,475,44.900677555289064,-120.60119119108921,0.9942323565483093
0567_LITTLE_BUCK,0726,513,323,44.98160459134691,-120.65916003522352,0.9972818493843079
0567_LITTLE_BUCK,0726,621,619,44.952470858366084,-120.54627333875145,0.9976020455360413
0567_LITTLE_BUCK,0726,881,695,44.882334093782625,-120.5172889166843,0.9632470607757568
0567_LITTLE_BUCK,0726,697,418,44.93196934256476,-120.62292950763958,0.9726099371910095
0567_LITTLE_BUCK,0726,224,338,45.059564302749294,-120.653439425605,0.9975252151489258
0567_LITTLE_BUCK,0726,271,376,45.0468857337669,-120.63894721457143,0.9975287914276123
0567_LITTLE_BUCK,0726,192,286,45.0681965199288,-120.67327087228253,0.7990641593933105
0567_LITTLE_BUCK,0726,447,302,44.999408539279635,-120.66716888868945,0.9978576898574829
0567_LITTLE_BUCK,0726,955,761,44.862372091555024,-120.49211823436282,0.9993458390235901
0567_LITTLE_BUCK,0726,579,542,44.96380064341418,-120.57563913479316,0.8347861766815186
0567_LITTLE_BUCK,0726,444,518,45.00021780964021,-120.5847921101828,0.9980042576789856
0567_LITTLE_BUCK,0726,376,196,45.01856127114665,-120.70759452999363,0.9840338230133057
0567_LITTLE_BUCK,0726,306,471,45.03744424622682,-120.60271668698748,0.966881275177002
0567_LITTLE_BUCK,0726,344,192,45.027193488326155,-120.7091200258919,0.6070767641067505
0567_LITTLE_BUCK,0726,391,502,45.01451491934376,-120.59089409377589,0.9973101615905762
0567_LITTLE_BUCK,0726,652,382,44.944108397973444,-120.63665897072401,0.9969342350959778
0567_LITTLE_BUCK,0726,468,247,44.99374364675558,-120.68814445729068,0.9957607388496399
0567_LITTLE_BUCK,0726,925,715,44.87046479516081,-120.50966143719293,0.9977441430091858
0567_LITTLE_BUCK,0726,389,542,45.01505443291748,-120.57563913479316,0.9982155561447144
0567_LITTLE_BUCK,0726,773,444,44.91146782676344,-120.61301378430082,0.590824544429779
0567_LITTLE_BUCK,0726,123,303,45.0868097382221,-120.66678751471487,0.9984217286109924
0567_LITTLE_BUCK,0726,584,548,44.962451859479884,-120.57335089094576,0.8799847364425659
0567_LITTLE_BUCK,0726,952,776,44.8631813619156,-120.4863976247443,0.9992022514343262
0567_LITTLE_BUCK,0726,511,329,44.98214410492063,-120.65687179137612,0.997603714466095
0567_LITTLE_BUCK,0726,706,809,44.92954153148303,-120.47381228358357,0.9684641361236572
0567_LITTLE_BUCK,0726,793,839,44.90607269102625,-120.46237106434653,0.9848173260688782
0567_LITTLE_BUCK,0726,471,569,44.992934376395006,-120.56534203747984,0.8791382312774658
0567_LITTLE_BUCK,0726,659,404,44.94222010046543,-120.62826874328353,0.9976764917373657
0567_LITTLE_BUCK,0726,659,524,44.94222010046543,-120.58250386633539,0.9977125525474548
0567_LITTLE_BUCK,0726,242,467,45.054708680585826,-120.60424218288576,0.9746677279472351
0567_LITTLE_BUCK,0726,530,318,44.9770187259703,-120.66106690509636,0.9855502843856812
0567_LITTLE_BUCK,0726,767,620,44.9130863674846,-120.54589196477689,0.9983378648757935
0567_LITTLE_BUCK,0726,774,593,44.911198069976585,-120.55618906209021,0.9859147667884827
0567_LITTLE_BUCK,0726,189,294,45.069005790289374,-120.67021988048599,0.9199451208114624
0567_LITTLE_BUCK,0726,752,825,44.917132719287494,-120.46771029999047,0.9925533533096313
0567_LITTLE_BUCK,0726,715,426,44.927113720401294,-120.61987851584304,0.9662945866584778
0567_LITTLE_BUCK,0726,490,542,44.987808997444674,-120.57563913479316,0.9918518662452698
0567_LITTLE_BUCK,0726,393,313,45.01397540577005,-120.6629737749692,0.9979017376899719
0567_LITTLE_BUCK,0726,848,775,44.891236067748984,-120.48677899871888,0.9990027546882629
0567_LITTLE_BUCK,0726,427,177,45.004803675016824,-120.71484063551043,0.5959823727607727
0567_LITTLE_BUCK,0726,556,345,44.97000504951195,-120.65076980778302,0.9979541301727295
0567_LITTLE_BUCK,0726,252,394,45.05201111271723,-120.63208248302921,0.9861832857131958
0567_LITTLE_BUCK,0726,771,472,44.91200734033716,-120.60233531301292,0.999165415763855
0567_LITTLE_BUCK,0726,351,566,45.025305190818145,-120.56648615940354,0.862210750579834
0567_LITTLE_BUCK,0726,972,739,44.85778622617841,-120.5005084618033,0.9831539392471313
0567_LITTLE_BUCK,0726,711,820,44.928192747548735,-120.46961716986331,0.9761618971824646
0567_LITTLE_BUCK,0726,945,719,44.86506965942362,-120.50813594129467,0.9961384534835815
0567_LITTLE_BUCK,0726,797,716,44.90499366387882,-120.50928006321837,0.9898114800453186
0567_LITTLE_BUCK,0726,605,710,44.95678696695584,-120.51156830706577,0.9874690175056458
0567_LITTLE_BUCK,0726,151,287,45.07925654819004,-120.67288949830797,0.9084659814834595
0567_LITTLE_BUCK,0726,909,722,44.874780903750555,-120.50699181937097,0.9987730979919434
0567_LITTLE_BUCK,0726,778,611,44.910119042829145,-120.54932433054799,0.9379760026931763
0567_LITTLE_BUCK,0726,482,275,44.98996705173955,-120.67746598600277,0.9956519603729248
0567_LITTLE_BUCK,0726,96,354,45.09409317146731,-120.64733744201192,0.9999253749847412
0567_LITTLE_BUCK,0726,766,827,44.91335612427146,-120.46694755204135,0.9889740943908691
0567_LITTLE_BUCK,0726,639,385,44.947615236202616,-120.63551484880031,0.9976171851158142
0567_LITTLE_BUCK,0726,204,326,45.06495943848648,-120.65801591329982,0.9932740926742554
0567_LITTLE_BUCK,0726,578,715,44.964070400201045,-120.50966143719293,0.8694522380828857
0567_LITTLE_BUCK,0726,102,336,45.09247463074615,-120.65420217355414,0.9994367957115173
0567_LITTLE_BUCK,0726,103,333,45.09220487395929,-120.65534629547784,0.9995600581169128
0567_LITTLE_BUCK,0726,960,798,44.86102330762073,-120.47800739730381,0.9930720925331116
0567_LITTLE_BUCK,0726,790,849,44.90688196138684,-120.45855732460085,0.9708179235458374
0567_LITTLE_BUCK,0726,860,818,44.88799898630667,-120.47037991781245,0.9685752391815186
0567_LITTLE_BUCK,0726,361,580,45.02260762294955,-120.5611469237596,0.7936881184577942
0567_LITTLE_BUCK,0726,164,332,45.07574970996086,-120.6557276694524,0.9954102039337158
0567_LITTLE_BUCK,0726,758,838,44.91551417856634,-120.4627524383211,0.9837948083877563
0567_LITTLE_BUCK,0726,120,326,45.08761900858268,-120.65801591329982,0.9997893571853638
0567_LITTLE_BUCK,0726,539,348,44.97459091488856,-120.64962568585932,0.9988469481468201
0567_LITTLE_BUCK,0726,453,615,44.997789998558474,-120.54779883464973,0.9704339504241943
0567_LITTLE_BUCK,0726,470,547,44.99320413318186,-120.57373226492032,0.9899141192436218
0567_LITTLE_BUCK,0726,443,489,45.00048756642707,-120.59585195544527,0.9978165626525879
0567_LITTLE_BUCK,0726,256,375,45.05093208556979,-120.639328588546,0.9935034513473511
0567_LITTLE_BUCK,0726,357,570,45.023686650096984,-120.56496066350527,0.6202225685119629
0567_LITTLE_BUCK,0726,656,387,44.943029370826004,-120.63475210085117,0.9955358505249023
0567_LITTLE_BUCK,0726,49,349,45.1067717404497,-120.64924431188476,0.9672762751579285
0567_LITTLE_BUCK,0726,484,289,44.989427538165835,-120.67212675035883,0.9977195858955383
0567_LITTLE_BUCK,0726,649,693,44.94491766833402,-120.51805166463343,0.9984308481216431
0567_LITTLE_BUCK,0726,123,292,45.0868097382221,-120.67098262843513,0.7066723704338074
0567_LITTLE_BUCK,0726,780,763,44.90957952925543,-120.49135548641368,0.9993740320205688
0567_LITTLE_BUCK,0726,898,771,44.87774822840601,-120.48830449461714,0.9986361265182495
0567_LITTLE_BUCK,0726,512,301,44.981874348133765,-120.66755026266401,0.9841369390487671
0567_LITTLE_BUCK,0726,314,286,45.035286191931945,-120.67327087228253,0.9976202249526978
0567_LITTLE_BUCK,0726,620,618,44.95274061515294,-120.54665471272601,0.9975976943969727
0567_LITTLE_BUCK,0726,73,378,45.10029757756507,-120.63818446662229,0.9988966584205627
0567_LITTLE_BUCK,0726,789,519,44.907151718173694,-120.58441073620823,0.9999198317527771
0567_LITTLE_BUCK,0726,143,317,45.08141460248491,-120.66144827907092,0.9984881281852722
0567_LITTLE_BUCK,0726,108,304,45.09085609002499,-120.6664061407403,0.9849668145179749
0567_LITTLE_BUCK,0726,202,425,45.0654989520602,-120.6202598898176,0.9974700808525085
0567_LITTLE_BUCK,0726,226,358,45.059024789175574,-120.64581194611365,0.9977408051490784
0567_LITTLE_BUCK,0726,652,670,44.944108397973444,-120.5268232660485,0.9986824989318848
0567_LITTLE_BUCK,0726,857,697,44.88880825666725,-120.51652616873515,0.9742554426193237
0567_LITTLE_BUCK,0726,485,279,44.98915778137897,-120.67594049010451,0.9963614344596863
0567_LITTLE_BUCK,0726,450,612,44.99859926891905,-120.54894295657343,0.9915785193443298
0567_LITTLE_BUCK,0726,860,769,44.88799898630667,-120.48906724256628,0.9988056421279907
0567_LITTLE_BUCK,0726,504,274,44.984032402428646,-120.67784735997735,0.9353355169296265
0567_LITTLE_BUCK,0726,218,456,45.061182843470455,-120.608437296606,0.8107641339302063
0567_LITTLE_BUCK,0726,43,381,45.10839028117086,-120.63704034469859,0.6888896822929382
0567_LITTLE_BUCK,0726,407,513,45.01019881075401,-120.58669898005563,0.9975287914276123
0567_LITTLE_BUCK,0726,416,525,45.007770999672275,-120.58212249236082,0.9974755048751831
0567_LITTLE_BUCK,0726,147,416,45.08033557533747,-120.62369225558871,0.9981685876846313
0567_LITTLE_BUCK,0726,322,254,45.033128137637064,-120.6854748394687,0.9370490908622742
0567_LITTLE_BUCK,0726,150,346,45.079526304976895,-120.65038843380846,0.9977146983146667
0567_LITTLE_BUCK,0726,139,377,45.08249362963235,-120.63856584059685,0.9987629652023315
0567_LITTLE_BUCK,0726,737,448,44.921179071090386,-120.61148828840254,0.9986997842788696
0567_LITTLE_BUCK,0726,755,673,44.91632344892692,-120.52567914412478,0.9979615807533264
0567_LITTLE_BUCK,0726,213,385,45.06253162740475,-120.63551484880031,0.9919219017028809
0567_LITTLE_BUCK,0726,773,662,44.91146782676344,-120.52987425784504,0.9588761329650879
0567_LITTLE_BUCK,0726,204,355,45.06495943848648,-120.64695606803735,0.997593879699707
0567_LITTLE_BUCK,0726,460,230,44.99590170105046,-120.69462781485832,0.9967975616455078
0567_LITTLE_BUCK,0726,533,334,44.97620945560972,-120.65496492150328,0.9965147972106934
0567_LITTLE_BUCK,0726,140,353,45.08222387284549,-120.64771881598648,0.9977365732192993
0567_LITTLE_BUCK,0726,753,579,44.91686296250064,-120.56152829773416,0.9989848136901855
0567_LITTLE_BUCK,0726,199,338,45.06630822242078,-120.653439425605,0.9496055841445923
0567_LITTLE_BUCK,0726,732,467,44.92252785502468,-120.60424218288576,0.9998388886451721
0567_LITTLE_BUCK,0726,724,825,44.92468590931956,-120.46771029999047,0.9810871481895447
0567_LITTLE_BUCK,0726,584,568,44.962451859479884,-120.5657234114544,0.9918599128723145
0567_LITTLE_BUCK,0726,903,842,44.876399444471716,-120.46122694242283,0.9254286885261536
0567_LITTLE_BUCK,0726,563,365,44.96811675200394,-120.64314232829167,0.9978575110435486
0567_LITTLE_BUCK,0726,283,293,45.043648652324585,-120.67060125446055,0.9751409292221069
0567_LITTLE_BUCK,0726,682,768,44.936015694367654,-120.48944861654084,0.9949470162391663
0567_LITTLE_BUCK,0726,90,458,45.09571171218846,-120.60767454865686,0.8572394251823425
0567_LITTLE_BUCK,0726,817,840,44.89959852814163,-120.46198969037196,0.9946531057357788
0567_LITTLE_BUCK,0726,797,803,44.90499366387882,-120.47610052743097,0.9979371428489685
0567_LITTLE_BUCK,0726,445,245,44.99994805285335,-120.68890720523981,0.9982697367668152
0567_LITTLE_BUCK,0726,516,288,44.98079532098633,-120.67250812433339,0.8556466102600098
0567_LITTLE_BUCK,0726,961,783,44.86075355083386,-120.48372800692232,0.997826874256134
0567_LITTLE_BUCK,0726,715,791,44.927113720401294,-120.48067701512578,0.9975451827049255
0567_LITTLE_BUCK,0726,629,539,44.95031280407121,-120.57678325671688,0.9729946255683899
0567_LITTLE_BUCK,0726,235,298,45.05659697809384,-120.66869438458771,0.5767449140548706
0567_LITTLE_BUCK,0726,144,403,45.081144845698056,-120.62865011725809,0.9991036653518677
0567_LITTLE_BUCK,0726,43,383,45.10839028117086,-120.63627759674945,0.6090652346611023
0567_LITTLE_BUCK,0726,356,589,45.02395640688385,-120.55771455798848,0.8442533612251282
0567_LITTLE_BUCK,0726,177,387,45.07224287173169,-120.63475210085117,0.9976522326469421
0567_LITTLE_BUCK,0726,708,800,44.92900201790931,-120.47724464935467,0.9911036491394043
0567_LITTLE_BUCK,0726,152,434,45.078986791403175,-120.6168275240465,0.999119758605957
0567_LITTLE_BUCK,0726,228,358,45.05848527560186,-120.64581194611365,0.9977502822875977
0567_LITTLE_BUCK,0726,585,542,44.96218210269303,-120.57563913479316,0.7915016412734985
0567_LITTLE_BUCK,0726,67,419,45.10191611828623,-120.622548133665,0.9893611073493958
0567_LITTLE_BUCK,0726,839,826,44.89366387883072,-120.46732892601591,0.9965909719467163
0567_LITTLE_BUCK,0726,805,498,44.90283560958394,-120.59241958967415,0.9999783635139465
0567_LITTLE_BUCK,0726,614,670,44.9543591558741,-120.5268232660485,0.9978518486022949
0567_LITTLE_BUCK,0726,431,222,45.00372464786938,-120.69767880665486,0.997265636920929
0567_LITTLE_BUCK,0726,803,526,44.90337512315766,-120.58174111838625,0.9998878240585327
0567_LITTLE_BUCK,0726,585,613,44.96218210269303,-120.54856158259885,0.9777389168739319
0567_LITTLE_BUCK,0726,713,794,44.927653233975015,-120.47953289320208,0.9976768493652344
0567_LITTLE_BUCK,0726,397,161,45.01289637862261,-120.72094261910351,0.6691302061080933
0567_LITTLE_BUCK,0726,227,383,45.05875503238872,-120.63627759674945,0.995768129825592
0567_LITTLE_BUCK,0726,718,435,44.92630445004072,-120.61644615007192,0.9928389191627502
0567_LITTLE_BUCK,0726,779,615,44.90984928604229,-120.54779883464973,0.9553975462913513
0567_LITTLE_BUCK,0726,509,312,44.98268361849435,-120.66335514894377,0.9962712526321411
0567_LITTLE_BUCK,0726,482,248,44.98996705173955,-120.6877630833161,0.9083519577980042
0567_LITTLE_BUCK,0726,455,562,44.997250484984754,-120.56801165530182,0.9953961968421936
0567_LITTLE_BUCK,0726,753,716,44.91686296250064,-120.50928006321837,0.9985350370407104
0567_LITTLE_BUCK,0726,762,487,44.9144351514189,-120.5966147033944,0.9996907711029053
0567_LITTLE_BUCK,0726,776,841,44.910658556402865,-120.46160831639739,0.9593615531921387
0567_LITTLE_BUCK,0726,666,405,44.94033180295741,-120.62788736930897,0.9906651377677917
0567_LITTLE_BUCK,0726,834,717,44.89501266276502,-120.50889868924381,0.9982863664627075
0567_LITTLE_BUCK,0726,112,362,45.08977706287756,-120.64428645021538,0.9999133348464966
0567_LITTLE_BUCK,0726,469,546,44.993473889968726,-120.5741136388949,0.989715576171875
0567_LITTLE_BUCK,0726,784,537,44.90850050210799,-120.577546004666,0.9992766380310059
0567_LITTLE_BUCK,0726,425,291,45.005343188590544,-120.67136400240969,0.997667133808136
0567_LITTLE_BUCK,0726,969,784,44.85859549653899,-120.48334663294776,0.921871542930603
0567_LITTLE_BUCK,0726,195,378,45.06738724956822,-120.63818446662229,0.9977229833602905
0567_LITTLE_BUCK,0726,459,602,44.99617145783732,-120.5527566963191,0.9811553359031677
0567_LITTLE_BUCK,0726,293,314,45.04095108445599,-120.66259240099463,0.9968429207801819
0567_LITTLE_BUCK,0726,934,690,44.86803698407907,-120.51919578655713,0.9421780705451965
0567_LITTLE_BUCK,0726,656,672,44.943029370826004,-120.52606051809936,0.9983924627304077
0567_LITTLE_BUCK,0726,338,295,45.028812029047316,-120.66983850651143,0.997470498085022
0567_LITTLE_BUCK,0726,479,548,44.99077632210013,-120.57335089094576,0.9246516227722168
0567_LITTLE_BUCK,0726,940,809,44.866418443357915,-120.47381228358357,0.9832339286804199
0567_LITTLE_BUCK,0726,575,368,44.96487967056162,-120.64199820636797,0.9977582097053528
0567_LITTLE_BUCK,0726,102,299,45.09247463074615,-120.66831301061315,0.6136327385902405
0567_LITTLE_BUCK,0726,962,710,44.860483794047006,-120.51156830706577,0.9595531821250916
0567_LITTLE_BUCK,0726,119,292,45.08788876536954,-120.67098262843513,0.7296460866928101
0567_LITTLE_BUCK,0726,183,424,45.070624331010535,-120.62064126379217,0.9982432723045349
0567_LITTLE_BUCK,0726,191,405,45.06846627671566,-120.62788736930897,0.9976740479469299
0567_LITTLE_BUCK,0726,971,761,44.85805598296527,-120.49211823436282,0.9916613698005676
0567_LITTLE_BUCK,0726,465,601,44.99455291711616,-120.55313807029367,0.9420418739318848
0567_LITTLE_BUCK,0726,829,826,44.896361446699316,-120.46732892601591,0.9979066252708435
0567_LITTLE_BUCK,0726,674,412,44.938173748662535,-120.62521775148699,0.9648711681365967
0567_LITTLE_BUCK,0726,421,502,45.00642221573798,-120.59089409377589,0.9977686405181885
0567_LITTLE_BUCK,0726,160,381,45.0768287371083,-120.63704034469859,0.9980834722518921
0567_LITTLE_BUCK,0726,57,315,45.10461368615483,-120.66221102702006,0.8655012249946594
0567_LITTLE_BUCK,0726,849,802,44.89096631096213,-120.47648190140553,0.9985799193382263
0567_LITTLE_BUCK,0726,66,338,45.10218587507309,-120.653439425605,0.9904828071594238
0567_LITTLE_BUCK,0726,946,810,44.864799902636754,-120.473430909609,0.9836714267730713
0567_LITTLE_BUCK,0726,884,777,44.88152482342204,-120.48601625076974,0.9982320666313171
0567_LITTLE_BUCK,0726,82,372,45.09786976648334,-120.6404727104697,0.9998966455459595
0567_LITTLE_BUCK,0726,792,825,44.90634244781312,-120.46771029999047,0.9943686127662659
0567_LITTLE_BUCK,0726,858,847,44.88853849988039,-120.45932007254999,0.9946361184120178
0567_LITTLE_BUCK,0726,391,528,45.01451491934376,-120.58097837043712,0.9980509281158447
0567_LITTLE_BUCK,0726,115,396,45.088967792516975,-120.63131973508007,0.9986895322799683
0567_LITTLE_BUCK,0726,698,446,44.931699585777906,-120.61225103635168,0.9976342916488647
0567_LITTLE_BUCK,0726,972,791,44.85778622617841,-120.48067701512578,0.7584941387176514
0567_LITTLE_BUCK,0726,801,478,44.90391463673138,-120.60004706916551,0.9991760849952698
0567_LITTLE_BUCK,0726,138,456,45.08276338641921,-120.608437296606,0.9957422018051147
0567_LITTLE_BUCK,0726,309,248,45.03663497586624,-120.6877630833161,0.8820878267288208
0567_LITTLE_BUCK,0726,648,745,44.94518742512088,-120.4982202179559,0.596799373626709
0567_LITTLE_BUCK,0726,137,294,45.083033143206066,-120.67021988048599,0.8993034362792969
0567_LITTLE_BUCK,0726,827,815,44.89690096027304,-120.47152403973615,0.9974355697631836
0567_LITTLE_BUCK,0726,760,856,44.91497466499262,-120.45588770677888,0.7266441583633423
0567_LITTLE_BUCK,0726,272,295,45.04661597698004,-120.66983850651143,0.985762894153595
0567_LITTLE_BUCK,0726,625,552,44.95139183121864,-120.5718253950475,0.9909308552742004
0567_LITTLE_BUCK,0726,294,277,45.040681327669134,-120.67670323805363,0.9727150201797485
0567_LITTLE_BUCK,0726,72,403,45.100567334351936,-120.62865011725809,0.9948853254318237
0567_LITTLE_BUCK,0726,190,406,45.06873603350252,-120.62750599533439,0.9976761341094971
0567_LITTLE_BUCK,0726,977,760,44.856437442244115,-120.49249960833738,0.9671932458877563
0567_LITTLE_BUCK,0726,486,291,44.988888024592114,-120.67136400240969,0.9974749088287354
0567_LITTLE_BUCK,0726,82,366,45.09786976648334,-120.6427609543171,0.9999667406082153
0567_LITTLE_BUCK,0726,924,711,44.87073455194766,-120.51118693309121,0.9977572560310364
0567_LITTLE_BUCK,0726,577,580,44.9643401569879,-120.5611469237596,0.8165379762649536
0567_LITTLE_BUCK,0726,78,385,45.098948793630775,-120.63551484880031,0.9990361928939819
0567_LITTLE_BUCK,0726,195,353,45.06738724956822,-120.64771881598648,0.9976047873497009
0567_LITTLE_BUCK,0726,376,234,45.01856127114665,-120.69310231896006,0.9981455206871033
0567_LITTLE_BUCK,0726,889,821,44.88017603948774,-120.46923579588875,0.9939679503440857
0567_LITTLE_BUCK,0726,100,393,45.093014144319866,-120.63246385700377,0.999939501285553
0567_LITTLE_BUCK,0726,385,551,45.01613346006492,-120.57220676902206,0.9955811500549316
0567_LITTLE_BUCK,0726,196,319,45.06711749278136,-120.66068553112179,0.9779881238937378
0567_LITTLE_BUCK,0726,368,306,45.02071932544153,-120.66564339279117,0.9978497624397278
0567_LITTLE_BUCK,0726,720,836,44.925764936467,-120.46351518627023,0.893836498260498
0567_LITTLE_BUCK,0726,749,851,44.91794198964807,-120.45779457665172,0.671654999256134
0567_LITTLE_BUCK,0726,917,779,44.87262284945568,-120.4852535028206,0.9986717700958252
0567_LITTLE_BUCK,0726,402,536,45.01154759468831,-120.57792737864058,0.998259961605072
0567_LITTLE_BUCK,0726,936,714,44.86749747050535,-120.51004281116751,0.9977757334709167
0567_LITTLE_BUCK,0726,733,823,44.922258098237826,-120.46847304793961,0.9641855359077454
0567_LITTLE_BUCK,0726,458,518,44.99644121462418,-120.5847921101828,0.9983452558517456
0567_LITTLE_BUCK,0726,145,356,45.08087508891119,-120.64657469406278,0.9971591234207153
0567_LITTLE_BUCK,0726,201,461,45.06576870884706,-120.60653042673316,0.9975048899650574
0567_LITTLE_BUCK,0726,697,806,44.93196934256476,-120.47495640550727,0.9699925780296326
0567_LITTLE_BUCK,0726,294,346,45.040681327669134,-120.65038843380846,0.9980550408363342
0567_LITTLE_BUCK,0726,651,412,44.9443781547603,-120.62521775148699,0.9979074001312256
0567_LITTLE_BUCK,0726,185,385,45.070084817436815,-120.63551484880031,0.9979003071784973
0567_LITTLE_BUCK,0726,688,364,44.9343971536465,-120.64352370226624,0.609443724155426
0567_LITTLE_BUCK,0726,818,475,44.89932877135477,-120.60119119108921,0.9973158240318298
0567_LITTLE_BUCK,0726,938,724,44.86695795693163,-120.50622907142183,0.9980948567390442
0567_LITTLE_BUCK,0726,634,356,44.94896402013691,-120.64657469406278,0.9274662733078003
0567_LITTLE_BUCK,0726,416,300,45.007770999672275,-120.66793163663858,0.9938229322433472
0567_LITTLE_BUCK,0726,488,293,44.988348511018394,-120.67060125446055,0.9977064728736877
0567_LITTLE_BUCK,0726,465,259,44.99455291711616,-120.68356796959586,0.9976049661636353
0567_LITTLE_BUCK,0726,407,219,45.01019881075401,-120.69882292857858,0.9986327290534973
0567_LITTLE_BUCK,0726,686,790,44.93493666722022,-120.48105838910035,0.8658494353294373
0567_LITTLE_BUCK,0726,173,413,45.07332189887913,-120.62483637751242,0.9977731704711914
0567_LITTLE_BUCK,0726,640,640,44.94734547941575,-120.53826448528552,0.9991710186004639
0567_LITTLE_BUCK,0726,296,335,45.04014181409541,-120.6545835475287,0.9976574778556824
0567_LITTLE_BUCK,0726,809,709,44.901756582436505,-120.51194968104035,0.9886639714241028
0567_LITTLE_BUCK,0726,773,467,44.91146782676344,-120.60424218288576,0.9984810948371887
0567_LITTLE_BUCK,0726,469,584,44.993473889968726,-120.55962142786132,0.6421374678611755
0567_LITTLE_BUCK,0726,683,805,44.9357459375808,-120.47533777948183,0.8884690403938293
0567_LITTLE_BUCK,0726,945,816,44.86506965942362,-120.47114266576159,0.9759759306907654
0567_LITTLE_BUCK,0726,204,455,45.06495943848648,-120.60881867058058,0.9968479871749878
0567_LITTLE_BUCK,0726,218,385,45.061182843470455,-120.63551484880031,0.9873322248458862
0567_LITTLE_BUCK,0726,894,695,44.878827255553446,-120.5172889166843,0.9601759314537048
0567_LITTLE_BUCK,0726,580,704,44.963530886627325,-120.51385655091319,0.8801848292350769
0567_LITTLE_BUCK,0726,602,632,44.957596237316416,-120.54131547708207,0.9954540729522705
0567_LITTLE_BUCK,0726,480,249,44.99050656531327,-120.68738170934154,0.9508236050605774
0567_LITTLE_BUCK,0726,107,262,45.091125846811856,-120.68242384767215,0.7580351829528809
0567_LITTLE_BUCK,0726,789,829,44.907151718173694,-120.46618480409221,0.9966105818748474
0567_LITTLE_BUCK,0726,370,557,45.02017981186781,-120.56991852517466,0.9093155264854431
0567_LITTLE_BUCK,0726,434,522,45.002915377508806,-120.58326661428453,0.9976409077644348
0567_LITTLE_BUCK,0726,802,822,44.90364487994452,-120.46885442191419,0.9557163119316101
0567_LITTLE_BUCK,0726,654,707,44.943568884399724,-120.51271242898947,0.9980016946792603
0567_LITTLE_BUCK,0726,303,342,45.038253516587396,-120.65191392970674,0.9980483055114746
0567_LITTLE_BUCK,0726,437,631,45.00210610714823,-120.54169685105663,0.7717891931533813
0567_LITTLE_BUCK,0726,607,725,44.95624745338212,-120.50584769744727,0.9795477986335754
0567_LITTLE_BUCK,0726,577,363,44.9643401569879,-120.64390507624081,0.9976209998130798
0567_LITTLE_BUCK,0726,110,368,45.09031657645127,-120.64199820636797,0.9992758631706238
0567_LITTLE_BUCK,0726,248,472,45.053090139864665,-120.60233531301292,0.9459542036056519
0567_LITTLE_BUCK,0726,819,454,44.89905901456791,-120.60920004455514,0.9707334637641907
0567_LITTLE_BUCK,0726,353,237,45.024765677244424,-120.69195819703636,0.9975287914276123
0567_LITTLE_BUCK,0726,852,708,44.890157040601544,-120.51233105501491,0.9948729276657104
0567_LITTLE_BUCK,0726,723,809,44.92495566610642,-120.47381228358357,0.9975809454917908
0567_LITTLE_BUCK,0726,759,595,44.91524442177948,-120.55542631414107,0.9991075992584229
0567_LITTLE_BUCK,0726,389,605,45.01505443291748,-120.55161257439539,0.9819540977478027
0567_LITTLE_BUCK,0726,785,805,44.908230745321134,-120.47533777948183,0.9987960457801819
0567_LITTLE_BUCK,0726,836,487,44.8944731491913,-120.5966147033944,0.9941247701644897
0567_LITTLE_BUCK,0726,285,326,45.043109138750864,-120.65801591329982,0.9972946643829346
0567_LITTLE_BUCK,0726,803,718,44.90337512315766,-120.50851731526923,0.9948121905326843
0567_LITTLE_BUCK,0726,742,819,44.91983028715609,-120.46999854383789,0.9931973814964294
0567_LITTLE_BUCK,0726,229,313,45.058215518815,-120.6629737749692,0.9736952185630798
0567_LITTLE_BUCK,0726,836,796,44.8944731491913,-120.47877014525295,0.9992495179176331
0567_LITTLE_BUCK,0726,890,856,44.87990628270089,-120.45588770677888,0.9561069011688232
0567_LITTLE_BUCK,0726,315,281,45.03501643514508,-120.67517774215537,0.9976828098297119
0567_LITTLE_BUCK,0726,604,560,44.957056723742696,-120.56877440325096,0.9920690059661865
0567_LITTLE_BUCK,0726,97,296,45.09382341468045,-120.66945713253685,0.7636915445327759
0567_LITTLE_BUCK,0726,600,686,44.958135750890136,-120.5207212824554,0.9970494508743286
0567_LITTLE_BUCK,0726,212,465,45.06280138419161,-120.6050049308349,0.9391505718231201
0567_LITTLE_BUCK,0726,975,783,44.85697695581783,-120.48372800692232,0.6232800483703613
0567_LITTLE_BUCK,0726,220,459,45.060643329896735,-120.6072931746823,0.7200528979301453
0567_LITTLE_BUCK,0726,248,393,45.053090139864665,-120.63246385700377,0.9825088381767273
0567_LITTLE_BUCK,0726,388,576,45.015324189704344,-120.56267241965786,0.9965091943740845
0567_LITTLE_BUCK,0726,934,685,44.86803698407907,-120.52110265642997,0.7134357690811157
0567_LITTLE_BUCK,0726,347,225,45.02638421796558,-120.69653468473116,0.9948309659957886
0567_LITTLE_BUCK,0726,664,424,44.94087131653113,-120.62064126379217,0.9980367422103882
0567_LITTLE_BUCK,0726,390,302,45.014784676130624,-120.66716888868945,0.9954385161399841
0567_LITTLE_BUCK,0726,484,577,44.989427538165835,-120.5622910456833,0.6834507584571838
0567_LITTLE_BUCK,0726,464,592,44.99482267390302,-120.55657043606477,0.8962767124176025
0567_LITTLE_BUCK,0726,437,505,45.00210610714823,-120.58974997185217,0.9985307455062866
0567_LITTLE_BUCK,0726,663,795,44.941141073317986,-120.47915151922751,0.6019231081008911
0567_LITTLE_BUCK,0726,588,718,44.961372832332444,-120.50851731526923,0.9574517607688904
0567_LITTLE_BUCK,0726,384,293,45.01640321685178,-120.67060125446055,0.9952311515808105
0567_LITTLE_BUCK,0726,646,391,44.9457269386946,-120.63322660495291,0.9969066977500916
0567_LITTLE_BUCK,0726,615,358,44.954089399087245,-120.64581194611365,0.9544014930725098
0567_LITTLE_BUCK,0726,366,181,45.02125883901525,-120.71331513961215,0.8759623169898987
0567_LITTLE_BUCK,0726,635,527,44.94869426335005,-120.58135974441169,0.9974597692489624
0567_LITTLE_BUCK,0726,792,541,44.90634244781312,-120.57602050876774,0.9996082782745361
0567_LITTLE_BUCK,0726,633,660,44.94923377692377,-120.53063700579416,0.9988648891448975
0567_LITTLE_BUCK,0726,492,258,44.98726948387095,-120.68394934357043,0.9627885222434998
0567_LITTLE_BUCK,0726,713,849,44.927653233975015,-120.45855732460085,0.5808548331260681
0567_LITTLE_BUCK,0726,690,439,44.93385764007278,-120.61492065417366,0.9976310133934021
0567_LITTLE_BUCK,0726,317,284,45.03447692157136,-120.67403362023167,0.9970245361328125
0567_LITTLE_BUCK,0726,754,689,44.916593205713774,-120.5195771605317,0.9976670145988464
0567_LITTLE_BUCK,0726,485,533,44.98915778137897,-120.57907150056428,0.9975836277008057
0567_LITTLE_BUCK,0726,47,346,45.10731125402342,-120.65038843380846,0.9755489826202393
0567_LITTLE_BUCK,0726,901,752,44.87693895804543,-120.49555060013392,0.9993842244148254
0567_LITTLE_BUCK,0726,777,802,44.91038879961601,-120.47648190140553,0.9986772537231445
0567_LITTLE_BUCK,0726,701,798,44.93089031541733,-120.47800739730381,0.988487958908081
0567_LITTLE_BUCK,0726,903,839,44.876399444471716,-120.46237106434653,0.9260780811309814
0567_LITTLE_BUCK,0726,482,279,44.98996705173955,-120.67594049010451,0.9962468147277832
0567_LITTLE_BUCK,0726,478,577,44.99104607888699,-120.5622910456833,0.6061119437217712
0567_LITTLE_BUCK,0726,209,448,45.063610654552186,-120.61148828840254,0.9973448514938354
0567_LITTLE_BUCK,0726,241,464,45.05497843737268,-120.60538630480946,0.9693663120269775
0567_LITTLE_BUCK,0726,418,571,45.007231486098554,-120.5645792895307,0.9992350339889526
0567_LITTLE_BUCK,0726,416,605,45.007770999672275,-120.55161257439539,0.9746257662773132
0567_LITTLE_BUCK,0726,365,187,45.02152859580211,-120.71102689576475,0.9727555513381958
0567_LITTLE_BUCK,0726,744,839,44.91929077358237,-120.46237106434653,0.920458972454071
0567_LITTLE_BUCK,0726,180,349,45.07143360137111,-120.64924431188476,0.9975287914276123
0567_LITTLE_BUCK,0726,145,450,45.08087508891119,-120.6107255404534,0.9988079071044922
0567_LITTLE_BUCK,0726,441,253,45.00102708000079,-120.68585621344327,0.9988849759101868
0567_LITTLE_BUCK,0726,907,720,44.875320417324275,-120.5077545673201,0.9984803795814514
0567_LITTLE_BUCK,0726,203,415,45.065229195273346,-120.62407362956328,0.995800793170929
0567_LITTLE_BUCK,0726,442,200,45.00075732321393,-120.70606903409536,0.8663273453712463
0567_LITTLE_BUCK,0726,686,792,44.93493666722022,-120.48029564115122,0.8562972545623779
0567_LITTLE_BUCK,0726,92,356,45.09517219861475,-120.64657469406278,0.9999737739562988
0567_LITTLE_BUCK,0726,303,486,45.038253516587396,-120.59699607736897,0.9260405898094177
0567_LITTLE_BUCK,0726,253,473,45.05174135593037,-120.60195393903835,0.9576824903488159
0567_LITTLE_BUCK,0726,114,384,45.08923754930384,-120.63589622277489,0.9982866644859314
0567_LITTLE_BUCK,0726,163,468,45.076019466747724,-120.6038608089112,0.8392441272735596
0567_LITTLE_BUCK,0726,164,404,45.07574970996086,-120.62826874328353,0.9980253577232361
0567_LITTLE_BUCK,0726,800,747,44.904184393518236,-120.49745747000676,0.9996229410171509
0567_LITTLE_BUCK,0726,741,822,44.920100043942945,-120.46885442191419,0.9905441999435425
0567_LITTLE_BUCK,0726,822,690,44.898249744207334,-120.51919578655713,0.8132233619689941
0567_LITTLE_BUCK,0726,305,497,45.037714003013676,-120.59280096364873,0.7982794642448425
0567_LITTLE_BUCK,0726,325,271,45.03231886727649,-120.67899148190105,0.9950486421585083
0567_LITTLE_BUCK,0726,238,342,45.05578770773326,-120.65191392970674,0.9975934624671936
0567_LITTLE_BUCK,0726,64,333,45.10272538864681,-120.65534629547784,0.9846059679985046
0567_LITTLE_BUCK,0726,175,288,45.07278238530541,-120.67250812433339,0.7876237034797668
0567_LITTLE_BUCK,0726,351,535,45.025305190818145,-120.57830875261514,0.9680203795433044
0567_LITTLE_BUCK,0726,363,562,45.02206810937583,-120.56801165530182,0.5436081886291504
0567_LITTLE_BUCK,0726,916,702,44.87289260624254,-120.51461929886231,0.9971248507499695
0567_LITTLE_BUCK,0726,872,843,44.884761904864355,-120.46084556844826,0.9962480664253235
0567_LITTLE_BUCK,0726,84,452,45.09733025290962,-120.60996279250428,0.8732066750526428
0567_LITTLE_BUCK,0726,179,339,45.07170335815797,-120.65305805163044,0.9963765144348145
0567_LITTLE_BUCK,0726,250,355,45.05255062629095,-120.64695606803735,0.9966638088226318
0567_LITTLE_BUCK,0726,638,727,44.94788499298947,-120.50508494949813,0.9747515916824341
0567_LITTLE_BUCK,0726,789,555,44.907151718173694,-120.57068127312378,0.9987829327583313
0567_LITTLE_BUCK,0726,269,306,45.04742524734062,-120.66564339279117,0.9678174257278442
0567_LITTLE_BUCK,0726,611,685,44.95516842623468,-120.52110265642997,0.9975287914276123
0567_LITTLE_BUCK,0726,608,659,44.955977696595255,-120.53101837976874,0.9980345964431763
0567_LITTLE_BUCK,0726,236,449,45.05632722130698,-120.61110691442798,0.9359923005104065
0567_LITTLE_BUCK,0726,420,287,45.00669197252484,-120.67288949830797,0.9977939128875732
0567_LITTLE_BUCK,0726,161,475,45.076558980321444,-120.60119119108921,0.8345131874084473
0567_LITTLE_BUCK,0726,633,486,44.94923377692377,-120.59699607736897,0.9984875321388245
0567_LITTLE_BUCK,0726,585,672,44.96218210269303,-120.52606051809936,0.9959770441055298
0567_LITTLE_BUCK,0726,251,475,45.05228086950409,-120.60119119108921,0.9127830266952515
0567_LITTLE_BUCK,0726,260,302,45.04985305842236,-120.66716888868945,0.9501398801803589
0567_LITTLE_BUCK,0726,798,749,44.904723907091956,-120.49669472205763,0.9996181726455688
0567_LITTLE_BUCK,0726,575,584,44.96487967056162,-120.55962142786132,0.8707077503204346
0567_LITTLE_BUCK,0726,257,326,45.050662328782934,-120.65801591329982,0.9966131448745728
0567_LITTLE_BUCK,0726,195,419,45.06738724956822,-120.622548133665,0.9975749850273132
0567_LITTLE_BUCK,0726,256,367,45.05093208556979,-120.64237958034253,0.9972463846206665
0567_LITTLE_BUCK,0726,399,531,45.012356865048886,-120.57983424851342,0.9986817240715027
0567_LITTLE_BUCK,0726,141,446,45.08195411605863,-120.61225103635168,0.999136745929718
0567_LITTLE_BUCK,0726,161,289,45.076558980321444,-120.67212675035883,0.7162079215049744
0567_LITTLE_BUCK,0726,816,454,44.89986828492849,-120.60920004455514,0.990830659866333
0567_LITTLE_BUCK,0726,242,416,45.054708680585826,-120.62369225558871,0.9829673171043396
0567_LITTLE_BUCK,0726,148,444,45.080065818550615,-120.61301378430082,0.9990345239639282
0567_LITTLE_BUCK,0726,276,391,45.0455369498326,-120.63322660495291,0.9975671172142029
0567_LITTLE_BUCK,0726,629,655,44.95031280407121,-120.532543875667,0.9993756413459778
0567_LITTLE_BUCK,0726,198,397,45.06657797920764,-120.6309383611055,0.9974894523620605
0567_LITTLE_BUCK,0726,353,573,45.024765677244424,-120.56381654158157,0.8186221122741699
0567_LITTLE_BUCK,0726,561,320,44.96865626557765,-120.66030415714722,0.9624418616294861
0567_LITTLE_BUCK,0726,487,286,44.98861826780525,-120.67327087228253,0.9968519806861877
0567_LITTLE_BUCK,0726,899,783,44.87747847161915,-120.48372800692232,0.9981086850166321
0567_LITTLE_BUCK,0726,578,357,44.964070400201045,-120.64619332008822,0.9984925389289856
0567_LITTLE_BUCK,0726,348,217,45.02611446117872,-120.6995856765277,0.9911131858825684
0567_LITTLE_BUCK,0726,947,776,44.8645301458499,-120.4863976247443,0.9991105794906616
0567_LITTLE_BUCK,0726,583,719,44.96272161626674,-120.50813594129467,0.9604625105857849
0567_LITTLE_BUCK,0726,250,286,45.05255062629095,-120.67327087228253,0.561372697353363
0567_LITTLE_BUCK,0726,206,446,45.06441992491276,-120.61225103635168,0.997290849685669
0567_LITTLE_BUCK,0726,631,359,44.94977329049749,-120.64543057213908,0.970349907875061
0567_LITTLE_BUCK,0726,333,482,45.03016081298161,-120.59852157326723,0.9938862323760986
0567_LITTLE_BUCK,0726,761,443,44.914704908205756,-120.61339515827538,0.9621422290802002
0567_LITTLE_BUCK,0726,822,445,44.898249744207334,-120.61263241032624,0.8815300464630127
0567_LITTLE_BUCK,0726,70,442,45.10110684792566,-120.61377653224994,0.8809038996696472
0567_LITTLE_BUCK,0726,431,500,45.00372464786938,-120.59165684172501,0.9976041316986084
0567_LITTLE_BUCK,0726,166,385,45.07521019638715,-120.63551484880031,0.9978697299957275
0567_LITTLE_BUCK,0726,579,637,44.96380064341418,-120.53940860720923,0.610457181930542
0567_LITTLE_BUCK,0726,645,415,44.945996695481455,-120.62407362956328,0.9983606934547424
0567_LITTLE_BUCK,0726,619,624,44.953010371939804,-120.54436646887861,0.9976217150688171
0567_LITTLE_BUCK,0726,708,788,44.92900201790931,-120.4818211370495,0.9976338744163513
0567_LITTLE_BUCK,0726,123,448,45.0868097382221,-120.61148828840254,0.9988541603088379
0567_LITTLE_BUCK,0726,188,459,45.06927554707624,-120.6072931746823,0.9976978898048401
0567_LITTLE_BUCK,0726,448,586,44.99913878249277,-120.55885867991219,0.9964227080345154
0567_LITTLE_BUCK,0726,468,250,44.99374364675558,-120.68700033536697,0.9962713122367859
0567_LITTLE_BUCK,0726,637,529,44.948154749776336,-120.58059699646255,0.9973031282424927
0567_LITTLE_BUCK,0726,394,183,45.01370564898318,-120.71255239166301,0.9098836779594421
0567_LITTLE_BUCK,0726,638,733,44.94788499298947,-120.50279670565072,0.8594741821289062
0567_LITTLE_BUCK,0726,577,590,44.9643401569879,-120.55733318401391,0.9764469265937805
0567_LITTLE_BUCK,0726,134,287,45.08384241356665,-120.67288949830797,0.5983217358589172
0567_LITTLE_BUCK,0726,868,826,44.885840932011796,-120.46732892601591,0.7870712280273438
0567_LITTLE_BUCK,0726,838,766,44.89393363561758,-120.49021136448998,0.9987471103668213
0567_LITTLE_BUCK,0726,793,709,44.90607269102625,-120.51194968104035,0.9827772974967957
0567_LITTLE_BUCK,0726,456,524,44.9969807281979,-120.58250386633539,0.9980846047401428
0567_LITTLE_BUCK,0726,956,743,44.86210233476816,-120.49898296590504,0.9985787272453308
0567_LITTLE_BUCK,0726,751,696,44.91740247607435,-120.51690754270973,0.99781334400177
0567_LITTLE_BUCK,0726,135,340,45.083572656779786,-120.65267667765586,0.9965695142745972
0567_LITTLE_BUCK,0726,202,399,45.0654989520602,-120.63017561315637,0.9972187876701355
0567_LITTLE_BUCK,0726,574,618,44.96514942734848,-120.54665471272601,0.902437686920166
0567_LITTLE_BUCK,0726,410,292,45.009389540393435,-120.67098262843513,0.9975287914276123
0567_LITTLE_BUCK,0726,334,275,45.02989105619476,-120.67746598600277,0.9975287914276123
0567_LITTLE_BUCK,0726,132,314,45.08438192714036,-120.66259240099463,0.9995095133781433
0567_LITTLE_BUCK,0726,945,779,44.86506965942362,-120.4852535028206,0.9984942674636841
0567_LITTLE_BUCK,0726,598,680,44.95867526446385,-120.52300952630281,0.9964553713798523
0567_LITTLE_BUCK,0726,855,831,44.88934777024097,-120.46542205614307,0.9635600447654724
0567_LITTLE_BUCK,0726,760,574,44.91497466499262,-120.563435167607,0.9986810088157654
0567_LITTLE_BUCK,0726,97,355,45.09382341468045,-120.64695606803735,0.999912679195404
0567_LITTLE_BUCK,0726,460,531,44.99590170105046,-120.57983424851342,0.9976403713226318
0567_LITTLE_BUCK,0726,89,433,45.095981468975324,-120.61720889802106,0.9952399134635925
0567_LITTLE_BUCK,0726,674,357,44.938173748662535,-120.64619332008822,0.9044089913368225
0567_LITTLE_BUCK,0726,788,518,44.90742147496055,-120.5847921101828,0.999894380569458
0567_LITTLE_BUCK,0726,652,705,44.944108397973444,-120.51347517693861,0.9979724884033203
0567_LITTLE_BUCK,0726,495,301,44.98646021351038,-120.66755026266401,0.9972836375236511
0567_LITTLE_BUCK,0726,624,729,44.95166158800551,-120.50432220154899,0.9791026711463928
0567_LITTLE_BUCK,0726,106,356,45.09139560359871,-120.64657469406278,0.9999614357948303
0567_LITTLE_BUCK,0726,648,369,44.94518742512088,-120.6416168323934,0.9865963459014893
0567_LITTLE_BUCK,0726,405,548,45.01073832432773,-120.57335089094576,0.9979789853096008
0567_LITTLE_BUCK,0726,773,461,44.91146782676344,-120.60653042673316,0.9966981410980225
0567_LITTLE_BUCK,0726,699,809,44.93142982899104,-120.47381228358357,0.9624475836753845
0567_LITTLE_BUCK,0726,197,336,45.0668477359945,-120.65420217355414,0.9451649188995361
0567_LITTLE_BUCK,0726,801,499,44.90391463673138,-120.59203821569959,0.9999851584434509
0567_LITTLE_BUCK,0726,175,320,45.07278238530541,-120.66030415714722,0.9881575703620911
0567_LITTLE_BUCK,0726,191,291,45.06846627671566,-120.67136400240969,0.8816059231758118
0567_LITTLE_BUCK,0726,65,375,45.102455631859954,-120.639328588546,0.9977877140045166
0567_LITTLE_BUCK,0726,456,506,44.9969807281979,-120.58936859787761,0.9988449215888977
0567_LITTLE_BUCK,0726,97,312,45.09382341468045,-120.66335514894377,0.9974402189254761
0567_LITTLE_BUCK,0726,589,587,44.96110307554559,-120.55847730593761,0.9965222477912903
0567_LITTLE_BUCK,0726,888,693,44.88044579627461,-120.51805166463343,0.8931907415390015
0567_LITTLE_BUCK,0726,212,405,45.06280138419161,-120.62788736930897,0.9970847964286804
0567_LITTLE_BUCK,0726,800,452,44.904184393518236,-120.60996279250428,0.8121802806854248
0567_LITTLE_BUCK,0726,410,220,45.009389540393435,-120.698441554604,0.9985594153404236
0567_LITTLE_BUCK,0726,911,750,44.874241390176834,-120.49631334808306,0.9992507696151733
0567_LITTLE_BUCK,0726,329,477,45.031239840129054,-120.60042844314007,0.996943473815918
0567_LITTLE_BUCK,0726,817,799,44.89959852814163,-120.47762602332924,0.9989144206047058
0567_LITTLE_BUCK,0726,667,437,44.940062046170546,-120.61568340212278,0.9981696605682373
0567_LITTLE_BUCK,0726,659,403,44.94222010046543,-120.62865011725809,0.9979274868965149
0567_LITTLE_BUCK,0726,108,376,45.09085609002499,-120.63894721457143,0.998894453048706
0567_LITTLE_BUCK,0726,68,429,45.10164636149937,-120.61873439391933,0.9407283067703247
0567_LITTLE_BUCK,0726,216,454,45.06172235704417,-120.60920004455514,0.9437971115112305
0567_LITTLE_BUCK,0726,162,317,45.07628922353458,-120.66144827907092,0.9957873821258545
0567_LITTLE_BUCK,0726,400,578,45.01208710826203,-120.56190967170873,0.9975287914276123
0567_LITTLE_BUCK,0726,571,574,44.965958697709056,-120.563435167607,0.9306327104568481
0567_LITTLE_BUCK,0726,755,725,44.91632344892692,-120.50584769744727,0.9984877109527588
0567_LITTLE_BUCK,0726,528,328,44.97755823954402,-120.65725316535068,0.9954094290733337
0567_LITTLE_BUCK,0726,673,432,44.93844350544939,-120.61759027199562,0.9978897571563721
0567_LITTLE_BUCK,0726,191,287,45.06846627671566,-120.67288949830797,0.8198961615562439
0567_LITTLE_BUCK,0726,708,427,44.92900201790931,-120.61949714186846,0.9929120540618896
0567_LITTLE_BUCK,0726,801,532,44.90391463673138,-120.57945287453884,0.999476969242096
0567_LITTLE_BUCK,0726,288,334,45.04229986839029,-120.65496492150328,0.9976810812950134
0567_LITTLE_BUCK,0726,815,488,44.900138041715344,-120.59623332941983,0.9992527961730957
0567_LITTLE_BUCK,0726,796,813,44.905263420665676,-120.47228678768529,0.9974396228790283
0567_LITTLE_BUCK,0726,251,468,45.05228086950409,-120.6038608089112,0.940747082233429
0567_LITTLE_BUCK,0726,906,795,44.87559017411113,-120.47915151922751,0.999722957611084
0567_LITTLE_BUCK,0726,641,354,44.947075722628895,-120.64733744201192,0.8489423990249634
0567_LITTLE_BUCK,0726,66,354,45.10218587507309,-120.64733744201192,0.9949449300765991
0567_LITTLE_BUCK,0726,112,386,45.08977706287756,-120.63513347482575,0.9990066885948181
0567_LITTLE_BUCK,0726,752,729,44.917132719287494,-120.50432220154899,0.9987620711326599
0567_LITTLE_BUCK,0726,688,810,44.9343971536465,-120.473430909609,0.8575679659843445
0567_LITTLE_BUCK,0726,187,296,45.069545303863094,-120.66945713253685,0.8573628067970276
0567_LITTLE_BUCK,0726,319,253,45.03393740799765,-120.68585621344327,0.8852666616439819
0567_LITTLE_BUCK,0726,193,446,45.06792676314194,-120.61225103635168,0.9980340600013733
0567_LITTLE_BUCK,0726,238,418,45.05578770773326,-120.62292950763958,0.9794766306877136
0567_LITTLE_BUCK,0726,712,813,44.92792299076187,-120.47228678768529,0.9816411733627319
0567_LITTLE_BUCK,0726,187,292,45.069545303863094,-120.67098262843513,0.8323219418525696
0567_LITTLE_BUCK,0726,846,826,44.891775581322705,-120.46732892601591,0.9932445883750916
0567_LITTLE_BUCK,0726,184,355,45.07035457422367,-120.64695606803735,0.9975357055664062
0567_LITTLE_BUCK,0726,239,370,45.0555179509464,-120.64123545841883,0.9929885864257812
0567_LITTLE_BUCK,0726,74,444,45.100027820778216,-120.61301378430082,0.9244251847267151
0567_LITTLE_BUCK,0726,758,701,44.91551417856634,-120.51500067283689,0.9980782270431519
0567_LITTLE_BUCK,0726,398,510,45.01262662183575,-120.58784310197935,0.9957984685897827
0567_LITTLE_BUCK,0726,477,585,44.991315835673845,-120.55924005388675,0.5296552777290344
0567_LITTLE_BUCK,0726,386,202,45.01586370327806,-120.70530628614623,0.9970536828041077
0567_LITTLE_BUCK,0726,617,721,44.953549885513524,-120.50737319334553,0.9901335835456848
0567_LITTLE_BUCK,0726,762,716,44.9144351514189,-120.50928006321837,0.9982784986495972
0567_LITTLE_BUCK,0726,612,729,44.95489866944782,-120.50432220154899,0.9369034171104431
0567_LITTLE_BUCK,0726,455,542,44.997250484984754,-120.57563913479316,0.9976910948753357
0567_LITTLE_BUCK,0726,655,525,44.94329912761286,-120.58212249236082,0.9973828196525574
0567_LITTLE_BUCK,0726,754,594,44.916593205713774,-120.55580768811565,0.9992296099662781
0567_LITTLE_BUCK,0726,294,318,45.040681327669134,-120.66106690509636,0.9974939227104187
0567_LITTLE_BUCK,0726,132,305,45.08438192714036,-120.66602476676574,0.9988656640052795
0567_LITTLE_BUCK,0726,673,365,44.93844350544939,-120.64314232829167,0.9291673898696899
0567_LITTLE_BUCK,0726,703,780,44.93035080184361,-120.48487212884604,0.9978672862052917
0567_LITTLE_BUCK,0726,305,491,45.037714003013676,-120.59508920749613,0.8724978566169739
0567_LITTLE_BUCK,0726,108,285,45.09085609002499,-120.67365224625709,0.8525850772857666
0567_LITTLE_BUCK,0726,166,461,45.07521019638715,-120.60653042673316,0.9876883029937744
0567_LITTLE_BUCK,0726,156,352,45.07790776425574,-120.64810018996106,0.9966397285461426
0567_LITTLE_BUCK,0726,201,399,45.06576870884706,-120.63017561315637,0.9972214102745056
0567_LITTLE_BUCK,0726,50,356,45.106501983662845,-120.64657469406278,0.9312238097190857
0567_LITTLE_BUCK,0726,201,394,45.06576870884706,-120.63208248302921,0.9968783259391785
0567_LITTLE_BUCK,0726,807,511,44.902296096010225,-120.58746172800477,0.9999986290931702
0567_LITTLE_BUCK,0726,100,376,45.093014144319866,-120.63894721457143,0.9997380375862122
0567_LITTLE_BUCK,0726,191,301,45.06846627671566,-120.66755026266401,0.9271150231361389
0567_LITTLE_BUCK,0726,712,802,44.92792299076187,-120.47648190140553,0.9935548901557922
0567_LITTLE_BUCK,0726,750,854,44.917672232861214,-120.456650454728,0.7594248056411743
0567_LITTLE_BUCK,0726,697,798,44.93196934256476,-120.47800739730381,0.9833990335464478
0567_LITTLE_BUCK,0726,118,318,45.0881585221564,-120.66106690509636,0.9994932413101196
0567_LITTLE_BUCK,0726,819,693,44.89905901456791,-120.51805166463343,0.7917107343673706
0567_LITTLE_BUCK,0726,125,370,45.08627022464838,-120.64123545841883,0.9984925985336304
0567_LITTLE_BUCK,0726,614,624,44.9543591558741,-120.54436646887861,0.9977535009384155
0567_LITTLE_BUCK,0726,433,580,45.00318513429566,-120.5611469237596,0.9992567300796509
0567_LITTLE_BUCK,0726,421,582,45.00642221573798,-120.56038417581046,0.9981904029846191
0567_LITTLE_BUCK,0726,719,433,44.926034693253854,-120.61720889802106,0.9616358280181885
0567_LITTLE_BUCK,0726,366,304,45.02125883901525,-120.6664061407403,0.9979810118675232
0567_LITTLE_BUCK,0726,70,389,45.10110684792566,-120.63398935290205,0.9236834645271301
0567_LITTLE_BUCK,0726,656,554,44.943029370826004,-120.57106264709836,0.9975287914276123
0567_LITTLE_BUCK,0726,408,610,45.00992905396715,-120.54970570452255,0.896206796169281
0567_LITTLE_BUCK,0726,697,795,44.93196934256476,-120.47915151922751,0.9905679821968079
0567_LITTLE_BUCK,0726,378,190,45.01802175757294,-120.70988277384104,0.975120484828949
0567_LITTLE_BUCK,0726,649,690,44.94491766833402,-120.51919578655713,0.998547375202179
0567_LITTLE_BUCK,0726,584,653,44.962451859479884,-120.53330662361614,0.9810907244682312
0567_LITTLE_BUCK,0726,885,844,44.881255066635184,-120.46046419447369,0.9841423034667969
0567_LITTLE_BUCK,0726,800,474,44.904184393518236,-120.60157256506378,0.9989618062973022
0567_LITTLE_BUCK,0726,473,252,44.992394862821286,-120.68623758741784,0.9925207495689392
0567_LITTLE_BUCK,0726,386,569,45.01586370327806,-120.56534203747984,0.997289776802063
0567_LITTLE_BUCK,0726,155,461,45.0781775210426,-120.60653042673316,0.9846171736717224
0567_LITTLE_BUCK,0726,240,468,45.055248194159546,-120.6038608089112,0.9643446803092957
0567_LITTLE_BUCK,0726,221,348,45.06037357310987,-120.64962568585932,0.99757981300354
0567_LITTLE_BUCK,0726,924,718,44.87073455194766,-120.50851731526923,0.9979491233825684
0567_LITTLE_BUCK,0726,85,457,45.097060496122765,-120.60805592263144,0.9059328436851501
0567_LITTLE_BUCK,0726,451,525,44.998329512132194,-120.58212249236082,0.9982621669769287
0567_LITTLE_BUCK,0726,757,848,44.9157839353532,-120.45893869857542,0.7824540734291077
0567_LITTLE_BUCK,0726,201,432,45.06576870884706,-120.61759027199562,0.9975769519805908
0567_LITTLE_BUCK,0726,593,360,44.96002404839815,-120.64504919816451,0.931053102016449
0567_LITTLE_BUCK,0726,152,348,45.078986791403175,-120.64962568585932,0.997665286064148
0567_LITTLE_BUCK,0726,248,374,45.053090139864665,-120.63970996252056,0.990595817565918
0567_LITTLE_BUCK,0726,935,748,44.86776722729221,-120.4970760960322,0.9992734789848328
0567_LITTLE_BUCK,0726,782,805,44.90904001568171,-120.47533777948183,0.9989110827445984
0567_LITTLE_BUCK,0726,210,366,45.06334089776533,-120.6427609543171,0.997646689414978
0567_LITTLE_BUCK,0726,950,776,44.86372087548932,-120.4863976247443,0.9994453191757202
0567_LITTLE_BUCK,0726,114,450,45.08923754930384,-120.6107255404534,0.9962700605392456
0567_LITTLE_BUCK,0726,494,587,44.98672997029724,-120.55847730593761,0.574057400226593
0567_LITTLE_BUCK,0726,40,345,45.10919955153144,-120.65076980778302,0.7082768678665161
0567_LITTLE_BUCK,0726,474,581,44.99212510603443,-120.56076554978503,0.573728084564209
0567_LITTLE_BUCK,0726,911,825,44.874241390176834,-120.46771029999047,0.9972832202911377
0567_LITTLE_BUCK,0726,810,449,44.90148682564964,-120.61110691442798,0.9797770380973816
0567_LITTLE_BUCK,0726,448,255,44.99913878249277,-120.68509346549413,0.9983694553375244
0567_LITTLE_BUCK,0726,300,477,45.03906278694797,-120.60042844314007,0.9874716401100159
0567_LITTLE_BUCK,0726,909,850,44.874780903750555,-120.45817595062628,0.9703020453453064
0567_LITTLE_BUCK,0726,773,450,44.91146782676344,-120.6107255404534,0.8929013013839722
0567_LITTLE_BUCK,0726,677,743,44.93736447830195,-120.49898296590504,0.9971732497215271
0567_LITTLE_BUCK,0726,90,431,45.09571171218846,-120.6179716459702,0.9936152100563049
0567_LITTLE_BUCK,0726,262,452,45.04931354484864,-120.60996279250428,0.9969949722290039
0567_LITTLE_BUCK,0726,573,679,44.96541918413534,-120.52339090027738,0.6654046177864075
0567_LITTLE_BUCK,0726,188,350,45.06927554707624,-120.6488629379102,0.997563898563385
0567_LITTLE_BUCK,0726,784,848,44.90850050210799,-120.45893869857542,0.9728116989135742
0567_LITTLE_BUCK,0726,969,766,44.85859549653899,-120.49021136448998,0.9947570562362671
0567_LITTLE_BUCK,0726,380,539,45.01748224399922,-120.57678325671688,0.9977707862854004
0567_LITTLE_BUCK,0726,900,712,44.87720871483229,-120.51080555911665,0.9981546998023987
0567_LITTLE_BUCK,0726,278,285,45.04499743625888,-120.67365224625709,0.9483760595321655
0567_LITTLE_BUCK,0726,674,414,44.938173748662535,-120.62445500353785,0.9900835156440735
0567_LITTLE_BUCK,0726,99,300,45.09328390110673,-120.66793163663858,0.6145645380020142
0567_LITTLE_BUCK,0726,340,472,45.028272515473596,-120.60233531301292,0.9975817799568176
0567_LITTLE_BUCK,0726,627,743,44.95085231764493,-120.49898296590504,0.8482372760772705
0567_LITTLE_BUCK,0726,318,253,45.034207164784505,-120.68585621344327,0.8877819776535034
0567_LITTLE_BUCK,0726,761,726,44.914704908205756,-120.50546632347269,0.9980267882347107
0567_LITTLE_BUCK,0726,976,740,44.85670719903097,-120.50012708782874,0.9116717576980591
0567_LITTLE_BUCK,0726,365,529,45.02152859580211,-120.58059699646255,0.9956619739532471
0567_LITTLE_BUCK,0726,771,794,44.91200734033716,-120.47953289320208,0.9997814297676086
0567_LITTLE_BUCK,0726,779,630,44.90984928604229,-120.5420782250312,0.87601238489151
0567_LITTLE_BUCK,0726,765,647,44.91362588105832,-120.53559486746354,0.9982751607894897
0567_LITTLE_BUCK,0726,806,816,44.90256585279708,-120.47114266576159,0.9929602146148682
0567_LITTLE_BUCK,0726,424,606,45.0056129453774,-120.55123120042083,0.9943246841430664
0567_LITTLE_BUCK,0726,859,682,44.88826874309353,-120.52224677835368,0.8790798783302307
0567_LITTLE_BUCK,0726,412,597,45.008850026819715,-120.55466356619193,0.9966779351234436
0567_LITTLE_BUCK,0726,656,700,44.943029370826004,-120.51538204681145,0.9981906414031982
0567_LITTLE_BUCK,0726,293,460,45.04095108445599,-120.60691180070773,0.994727611541748
0567_LITTLE_BUCK,0726,375,593,45.018831027933516,-120.55618906209021,0.9858086705207825
0567_LITTLE_BUCK,0726,748,434,44.918211746434935,-120.6168275240465,0.9152469635009766
0567_LITTLE_BUCK,0726,804,521,44.9031053663708,-120.58364798825909,0.9999766945838928
0567_LITTLE_BUCK,0726,563,313,44.96811675200394,-120.6629737749692,0.6715912818908691
0567_LITTLE_BUCK,0726,798,546,44.904723907091956,-120.5741136388949,0.9457776546478271
0567_LITTLE_BUCK,0726,712,797,44.92792299076187,-120.47838877127838,0.9968874454498291
0567_LITTLE_BUCK,0726,901,792,44.87693895804543,-120.48029564115122,0.998665452003479
0567_LITTLE_BUCK,0726,966,709,44.859404766899566,-120.51194968104035,0.9527472853660583
0567_LITTLE_BUCK,0726,652,511,44.944108397973444,-120.58746172800477,0.9980431199073792
0567_LITTLE_BUCK,0726,108,443,45.09085609002499,-120.61339515827538,0.9979529976844788
0567_LITTLE_BUCK,0726,440,550,45.00129683678765,-120.57258814299662,0.9976816177368164
0567_LITTLE_BUCK,0726,434,189,45.002915377508806,-120.71026414781561,0.7586650252342224
0567_LITTLE_BUCK,0726,654,566,44.943568884399724,-120.56648615940354,0.9980611205101013
0567_LITTLE_BUCK,0726,159,294,45.07709849389516,-120.67021988048599,0.9658675193786621
0567_LITTLE_BUCK,0726,755,820,44.91632344892692,-120.46961716986331,0.9970108866691589
0567_LITTLE_BUCK,0726,260,303,45.04985305842236,-120.66678751471487,0.9605318903923035
0567_LITTLE_BUCK,0726,152,433,45.078986791403175,-120.61720889802106,0.9991481900215149
0567_LITTLE_BUCK,0726,626,743,44.95112207443179,-120.49898296590504,0.7298526763916016
0567_LITTLE_BUCK,0726,453,248,44.997789998558474,-120.6877630833161,0.9975091814994812
0567_LITTLE_BUCK,0726,785,732,44.908230745321134,-120.50317807962529,0.9976991415023804
0567_LITTLE_BUCK,0726,637,720,44.948154749776336,-120.5077545673201,0.9956337809562683
0567_LITTLE_BUCK,0726,677,382,44.93736447830195,-120.63665897072401,0.6364995837211609
0567_LITTLE_BUCK,0726,590,639,44.96083331875873,-120.53864585926009,0.9445109963417053
0567_LITTLE_BUCK,0726,502,273,44.98457191600236,-120.67822873395191,0.9759443998336792
0567_LITTLE_BUCK,0726,580,627,44.963530886627325,-120.5432223469549,0.932758092880249
0567_LITTLE_BUCK,0726,432,293,45.00345489108253,-120.67060125446055,0.9976635575294495
0567_LITTLE_BUCK,0726,927,835,44.869925281587086,-120.4638965602448,0.9890846014022827
0567_LITTLE_BUCK,0726,106,413,45.09139560359871,-120.62483637751242,0.9986711740493774
0567_LITTLE_BUCK,0726,911,749,44.874241390176834,-120.49669472205763,0.9992256760597229
0567_LITTLE_BUCK,0726,181,327,45.071163844584255,-120.65763453932524,0.9938209652900696
0567_LITTLE_BUCK,0726,736,430,44.92144882787724,-120.61835301994476,0.7754014134407043
0567_LITTLE_BUCK,0726,447,530,44.999408539279635,-120.58021562248798,0.9976305961608887
0567_LITTLE_BUCK,0726,221,359,45.06037357310987,-120.64543057213908,0.9962753057479858
0567_LITTLE_BUCK,0726,163,475,45.076019466747724,-120.60119119108921,0.7910928130149841
0567_LITTLE_BUCK,0726,974,757,44.85724671260469,-120.49364373026108,0.9815002083778381
0567_LITTLE_BUCK,0726,416,183,45.007770999672275,-120.71255239166301,0.8057281970977783
0567_LITTLE_BUCK,0726,285,454,45.043109138750864,-120.60920004455514,0.9979038238525391
0567_LITTLE_BUCK,0726,128,339,45.085460954287804,-120.65305805163044,0.9979239702224731
0567_LITTLE_BUCK,0726,63,438,45.10299514543367,-120.61530202814822,0.7804875373840332
0567_LITTLE_BUCK,0726,156,457,45.07790776425574,-120.60805592263144,0.9971702098846436
0567_LITTLE_BUCK,0726,600,716,44.958135750890136,-120.50928006321837,0.9682782292366028
0567_LITTLE_BUCK,0726,324,283,45.03258862406335,-120.67441499420623,0.9972082376480103
0567_LITTLE_BUCK,0726,335,463,45.02962129940789,-120.60576767878402,0.9975849390029907
0567_LITTLE_BUCK,0726,862,770,44.88745947273295,-120.4886858685917,0.9988612532615662
0567_LITTLE_BUCK,0726,248,301,45.053090139864665,-120.66755026266401,0.8213220238685608
0567_LITTLE_BUCK,0726,748,438,44.918211746434935,-120.61530202814822,0.9951793551445007
0567_LITTLE_BUCK,0726,256,365,45.05093208556979,-120.64314232829167,0.9972764849662781
0567_LITTLE_BUCK,0726,598,361,44.95867526446385,-120.64466782418994,0.9581775069236755
0567_LITTLE_BUCK,0726,927,784,44.869925281587086,-120.48334663294776,0.9978799223899841
0567_LITTLE_BUCK,0726,271,465,45.0468857337669,-120.6050049308349,0.9973615407943726
0567_LITTLE_BUCK,0726,505,305,44.98376264564178,-120.66602476676574,0.9945970773696899
0567_LITTLE_BUCK,0726,796,804,44.905263420665676,-120.4757191534564,0.9986554384231567
0567_LITTLE_BUCK,0726,828,482,44.89663120348617,-120.59852157326723,0.9977409243583679
0567_LITTLE_BUCK,0726,641,398,44.947075722628895,-120.63055698713093,0.9984733462333679
0567_LITTLE_BUCK,0726,761,681,44.914704908205756,-120.52262815232824,0.9871307015419006
0567_LITTLE_BUCK,0726,774,595,44.911198069976585,-120.55542631414107,0.9927827715873718
0567_LITTLE_BUCK,0726,64,314,45.10272538864681,-120.66259240099463,0.9646852016448975
0567_LITTLE_BUCK,0726,216,360,45.06172235704417,-120.64504919816451,0.9953986406326294
0567_LITTLE_BUCK,0726,106,347,45.09139560359871,-120.6500070598339,0.9999096989631653
0567_LITTLE_BUCK,0726,605,717,44.95678696695584,-120.50889868924381,0.9793724417686462
0567_LITTLE_BUCK,0726,637,512,44.948154749776336,-120.5870803540302,0.9980218410491943
0567_LITTLE_BUCK,0726,639,485,44.947615236202616,-120.59737745134353,0.998516321182251
0567_LITTLE_BUCK,0726,136,309,45.08330289999293,-120.66449927086747,0.9990330338478088
0567_LITTLE_BUCK,0726,186,426,45.06981506064996,-120.61987851584304,0.9980002045631409
0567_LITTLE_BUCK,0726,449,517,44.998869025705915,-120.58517348415737,0.9983135461807251
0567_LITTLE_BUCK,0726,627,662,44.95085231764493,-120.52987425784504,0.9990320205688477
0567_LITTLE_BUCK,0726,52,333,45.105962470089125,-120.65534629547784,0.9652225375175476
0567_LITTLE_BUCK,0726,743,429,44.91956053036923,-120.61873439391933,0.5959494113922119
0567_LITTLE_BUCK,0726,196,399,45.06711749278136,-120.63017561315637,0.9975287914276123
0567_LITTLE_BUCK,0726,134,333,45.08384241356665,-120.65534629547784,0.9986766576766968
0567_LITTLE_BUCK,0726,447,551,44.999408539279635,-120.57220676902206,0.997675895690918
0567_LITTLE_BUCK,0726,682,356,44.936015694367654,-120.64657469406278,0.7040433287620544
0567_LITTLE_BUCK,0726,774,818,44.911198069976585,-120.47037991781245,0.9976850748062134
0567_LITTLE_BUCK,0726,617,550,44.953549885513524,-120.57258814299662,0.9862139225006104
0567_LITTLE_BUCK,0726,409,613,45.00965929718029,-120.54856158259885,0.8000178933143616
0567_LITTLE_BUCK,0726,760,840,44.91497466499262,-120.46198969037196,0.9898995757102966
0567_LITTLE_BUCK,0726,288,446,45.04229986839029,-120.61225103635168,0.997829794883728
0567_LITTLE_BUCK,0726,790,757,44.90688196138684,-120.49364373026108,0.9995331168174744
0567_LITTLE_BUCK,0726,467,316,44.994013403542446,-120.6618296530455,0.9990943074226379
0567_LITTLE_BUCK,0726,426,622,45.00507343180368,-120.54512921682775,0.9364365935325623
0567_LITTLE_BUCK,0726,469,538,44.993473889968726,-120.57716463069144,0.9964787364006042
0567_LITTLE_BUCK,0726,950,791,44.86372087548932,-120.48067701512578,0.999087929725647
0567_LITTLE_BUCK,0726,215,334,45.06199211383103,-120.65496492150328,0.9970602989196777
0567_LITTLE_BUCK,0726,448,543,44.99913878249277,-120.5752577608186,0.9977738261222839
0567_LITTLE_BUCK,0726,166,303,45.07521019638715,-120.66678751471487,0.8609543442726135
0567_LITTLE_BUCK,0726,654,525,44.943568884399724,-120.58212249236082,0.9973832368850708
0567_LITTLE_BUCK,0726,915,817,44.8731623630294,-120.47076129178703,0.9975287914276123
0567_LITTLE_BUCK,0726,665,531,44.940601559744266,-120.57983424851342,0.9976417422294617
0567_LITTLE_BUCK,0726,665,771,44.940601559744266,-120.48830449461714,0.8657703399658203
0567_LITTLE_BUCK,0726,685,795,44.93520642400708,-120.47915151922751,0.9152665734291077
0567_LITTLE_BUCK,0726,116,327,45.08869803573012,-120.65763453932524,0.9997236728668213
0567_LITTLE_BUCK,0726,680,743,44.936555207941375,-120.49898296590504,0.9976096749305725
0567_LITTLE_BUCK,0726,153,312,45.07871703461632,-120.66335514894377,0.9956930875778198
0567_LITTLE_BUCK,0726,444,617,45.00021780964021,-120.54703608670059,0.9625795483589172
0567_LITTLE_BUCK,0726,237,438,45.05605746452012,-120.61530202814822,0.9786058068275452
0567_LITTLE_BUCK,0726,569,566,44.966498211282776,-120.56648615940354,0.9192983508110046
0567_LITTLE_BUCK,0726,400,546,45.01208710826203,-120.5741136388949,0.9982420206069946
0567_LITTLE_BUCK,0726,751,702,44.91740247607435,-120.51461929886231,0.9982391595840454
0567_LITTLE_BUCK,0726,603,633,44.95732648052955,-120.5409341031075,0.9952719807624817
0567_LITTLE_BUCK,0726,27,354,45.11270638976061,-120.64733744201192,0.7170259952545166
0567_LITTLE_BUCK,0726,837,492,44.894203392404435,-120.59470783352155,0.9739245176315308
0567_LITTLE_BUCK,0726,761,684,44.914704908205756,-120.52148403040454,0.9891943335533142
0567_LITTLE_BUCK,0726,777,734,44.91038879961601,-120.50241533167615,0.9973194599151611
0567_LITTLE_BUCK,0726,525,326,44.978367509904594,-120.65801591329982,0.9949508905410767
0567_LITTLE_BUCK,0726,410,594,45.009389540393435,-120.55580768811565,0.9974197745323181
0567_LITTLE_BUCK,0726,644,714,44.94626645226832,-120.51004281116751,0.9972320795059204
0567_LITTLE_BUCK,0726,293,275,45.04095108445599,-120.67746598600277,0.9361289739608765
0567_LITTLE_BUCK,0726,536,328,44.97540018524914,-120.65725316535068,0.995281457901001
0567_LITTLE_BUCK,0726,793,699,44.90607269102625,-120.51576342078603,0.5809836387634277
0567_LITTLE_BUCK,0726,570,372,44.96622845449592,-120.6404727104697,0.9986331462860107
0567_LITTLE_BUCK,0726,808,463,44.90202633922336,-120.60576767878402,0.9920599460601807
0567_LITTLE_BUCK,0726,664,747,44.94087131653113,-120.49745747000676,0.9914675951004028
0567_LITTLE_BUCK,0726,405,283,45.01073832432773,-120.67441499420623,0.9979671239852905
0567_LITTLE_BUCK,0726,479,546,44.99077632210013,-120.5741136388949,0.9408138394355774
0567_LITTLE_BUCK,0726,52,357,45.105962470089125,-120.64619332008822,0.9216858744621277
0567_LITTLE_BUCK,0726,73,359,45.10029757756507,-120.64543057213908,0.998984158039093
0567_LITTLE_BUCK,0726,298,454,45.03960230052169,-120.60920004455514,0.9956562519073486
0567_LITTLE_BUCK,0726,439,598,45.00156659357451,-120.55428219221737,0.9980649948120117
0567_LITTLE_BUCK,0726,962,743,44.860483794047006,-120.49898296590504,0.9992246627807617
0567_LITTLE_BUCK,0726,321,284,45.03339789442393,-120.67403362023167,0.9972619414329529
0567_LITTLE_BUCK,0726,214,441,45.06226187061789,-120.61415790622452,0.9952712655067444
0567_LITTLE_BUCK,0726,754,475,44.916593205713774,-120.60119119108921,0.9994410276412964
0567_LITTLE_BUCK,0726,439,618,45.00156659357451,-120.54665471272601,0.9677091836929321
0567_LITTLE_BUCK,0726,64,297,45.10272538864681,-120.66907575856229,0.7606835961341858
0567_LITTLE_BUCK,0726,463,518,44.99509243068988,-120.5847921101828,0.9982712268829346
0567_LITTLE_BUCK,0726,763,639,44.914165394632036,-120.53864585926009,0.9982700943946838
0567_LITTLE_BUCK,0726,424,178,45.0056129453774,-120.71445926153585,0.6321372389793396
0567_LITTLE_BUCK,0726,560,360,44.96892602236451,-120.64504919816451,0.9981637597084045
0567_LITTLE_BUCK,0726,651,357,44.9443781547603,-120.64619332008822,0.9540303349494934
0567_LITTLE_BUCK,0726,406,631,45.01046856754087,-120.54169685105663,0.6244314908981323
0567_LITTLE_BUCK,0726,657,742,44.94275961403914,-120.4993643398796,0.9852502346038818
0567_LITTLE_BUCK,0726,643,408,44.946536209055175,-120.62674324738525,0.9988429546356201
0567_LITTLE_BUCK,0726,353,564,45.024765677244424,-120.56724890735268,0.6864083409309387
0567_LITTLE_BUCK,0726,221,405,45.06037357310987,-120.62788736930897,0.9970982670783997
0567_LITTLE_BUCK,0726,54,323,45.105422956515405,-120.65916003522352,0.7722617387771606
0567_LITTLE_BUCK,0726,957,743,44.8618325779813,-120.49898296590504,0.9987983703613281
0567_LITTLE_BUCK,0726,418,187,45.007231486098554,-120.71102689576475,0.9461926817893982
0567_LITTLE_BUCK,0726,232,313,45.05740624845442,-120.6629737749692,0.9545424580574036
0567_LITTLE_BUCK,0726,101,288,45.09274438753301,-120.67250812433339,0.9010335803031921
0567_LITTLE_BUCK,0726,915,794,44.8731623630294,-120.47953289320208,0.9992479085922241
0567_LITTLE_BUCK,0726,600,679,44.958135750890136,-120.52339090027738,0.9970166087150574
0567_LITTLE_BUCK,0726,763,729,44.914165394632036,-120.50432220154899,0.9976654052734375
0567_LITTLE_BUCK,0726,395,201,45.01343589219633,-120.70568766012079,0.9960877895355225
0567_LITTLE_BUCK,0726,452,630,44.99805975534534,-120.5420782250312,0.5747920274734497
0567_LITTLE_BUCK,0726,241,397,45.05497843737268,-120.6309383611055,0.9781084656715393
0567_LITTLE_BUCK,0726,771,668,44.91200734033716,-120.52758601399762,0.9301477670669556
0567_LITTLE_BUCK,0726,75,438,45.09975806399136,-120.61530202814822,0.8978913426399231
0567_LITTLE_BUCK,0726,638,372,44.94788499298947,-120.6404727104697,0.997445285320282
0567_LITTLE_BUCK,0726,304,292,45.03798375980054,-120.67098262843513,0.994016170501709
0567_LITTLE_BUCK,0726,785,778,44.908230745321134,-120.48563487679516,0.9995682239532471
0567_LITTLE_BUCK,0726,771,448,44.91200734033716,-120.61148828840254,0.8401985168457031
0567_LITTLE_BUCK,0726,248,402,45.053090139864665,-120.62903149123267,0.9945172667503357
0567_LITTLE_BUCK,0726,943,750,44.86560917299733,-120.49631334808306,0.9994304180145264
0567_LITTLE_BUCK,0726,745,819,44.91902101679551,-120.46999854383789,0.9956071972846985
0567_LITTLE_BUCK,0726,781,629,44.90930977246857,-120.54245959900577,0.5363299250602722
0567_LITTLE_BUCK,0726,259,381,45.050122815209214,-120.63704034469859,0.9869019389152527
0567_LITTLE_BUCK,0726,602,692,44.957596237316416,-120.518433038608,0.9957810044288635
0567_LITTLE_BUCK,0726,309,331,45.03663497586624,-120.65610904342698,0.9975297451019287
0567_LITTLE_BUCK,0726,328,286,45.03150959691591,-120.67327087228253,0.9969913959503174
0567_LITTLE_BUCK,0726,651,417,44.9443781547603,-120.62331088161415,0.9972430467605591
0567_LITTLE_BUCK,0726,788,525,44.90742147496055,-120.58212249236082,0.9998022317886353
0567_LITTLE_BUCK,0726,166,388,45.07521019638715,-120.63437072687661,0.9977223873138428
0567_LITTLE_BUCK,0726,103,299,45.09220487395929,-120.66831301061315,0.6609624624252319
0567_LITTLE_BUCK,0726,905,799,44.875859930897995,-120.47762602332924,0.9994416832923889
0567_LITTLE_BUCK,0726,911,802,44.874241390176834,-120.47648190140553,0.9990780353546143
0567_LITTLE_BUCK,0726,104,263,45.09193511717243,-120.68204247369759,0.7480252981185913
0567_LITTLE_BUCK,0726,575,589,44.96487967056162,-120.55771455798848,0.9162899255752563
0567_LITTLE_BUCK,0726,423,541,45.00588270216426,-120.57602050876774,0.9976875185966492
0567_LITTLE_BUCK,0726,66,340,45.10218587507309,-120.65267667765586,0.9900299906730652
0567_LITTLE_BUCK,0726,913,703,44.87370187660312,-120.51423792488775,0.997645914554596
0567_LITTLE_BUCK,0726,467,227,44.994013403542446,-120.69577193678202,0.9787254333496094
0567_LITTLE_BUCK,0726,816,463,44.89986828492849,-120.60576767878402,0.9978753924369812
0567_LITTLE_BUCK,0726,903,751,44.876399444471716,-120.4959319741085,0.9993692636489868
0567_LITTLE_BUCK,0726,528,319,44.97755823954402,-120.66068553112179,0.9906641244888306
0567_LITTLE_BUCK,0726,834,832,44.89501266276502,-120.4650406821685,0.9970120787620544
0567_LITTLE_BUCK,0726,356,545,45.02395640688385,-120.57449501286946,0.9015683531761169
0567_LITTLE_BUCK,0726,781,806,44.90930977246857,-120.47495640550727,0.9987806677818298
0567_LITTLE_BUCK,0726,748,714,44.918211746434935,-120.51004281116751,0.998643159866333
0567_LITTLE_BUCK,0726,50,341,45.106501983662845,-120.6522953036813,0.981111466884613
0567_LITTLE_BUCK,0726,382,569,45.0169427304255,-120.56534203747984,0.9970300197601318
0567_LITTLE_BUCK,0726,777,567,44.91038879961601,-120.56610478542898,0.9996796250343323
0567_LITTLE_BUCK,0726,489,532,44.98807875423154,-120.57945287453884,0.9975065588951111
0567_LITTLE_BUCK,0726,742,842,44.91983028715609,-120.46122694242283,0.9129510521888733
0567_LITTLE_BUCK,0726,542,358,44.97378164452798,-120.64581194611365,0.9988468885421753
0567_LITTLE_BUCK,0726,671,389,44.93898301902311,-120.63398935290205,0.782054603099823
0567_LITTLE_BUCK,0726,356,549,45.02395640688385,-120.5729695169712,0.9200440049171448
0567_LITTLE_BUCK,0726,660,765,44.94195034367856,-120.49059273846454,0.9301838874816895
0567_LITTLE_BUCK,0726,428,496,45.00453391822996,-120.59318233762329,0.9975517392158508
0567_LITTLE_BUCK,0726,402,506,45.01154759468831,-120.58936859787761,0.996040940284729
0567_LITTLE_BUCK,0726,902,781,44.87666920125857,-120.48449075487146,0.9979731440544128
0567_LITTLE_BUCK,0726,136,364,45.08330289999293,-120.64352370226624,0.9982227087020874
0567_LITTLE_BUCK,0726,118,392,45.0881585221564,-120.63284523097835,0.9987899661064148
0567_LITTLE_BUCK,0726,931,696,44.868846254439646,-120.51690754270973,0.9861853718757629
0567_LITTLE_BUCK,0726,904,797,44.87612968768485,-120.47838877127838,0.9992781281471252
0567_LITTLE_BUCK,0726,128,306,45.085460954287804,-120.66564339279117,0.9990541934967041
0567_LITTLE_BUCK,0726,115,460,45.088967792516975,-120.60691180070773,0.7368417382240295
0567_LITTLE_BUCK,0726,389,572,45.01505443291748,-120.56419791555614,0.996829628944397
0567_LITTLE_BUCK,0726,220,362,45.060643329896735,-120.64428645021538,0.9948151111602783
0567_LITTLE_BUCK,0726,76,360,45.099488307204496,-120.64504919816451,0.9995530843734741
0567_LITTLE_BUCK,0726,401,618,45.011817351475166,-120.54665471272601,0.8835305571556091
0567_LITTLE_BUCK,0726,478,548,44.99104607888699,-120.57335089094576,0.9329596757888794
0567_LITTLE_BUCK,0726,920,698,44.871813579095104,-120.51614479476059,0.995988130569458
0567_LITTLE_BUCK,0726,479,262,44.99077632210013,-120.68242384767215,0.9912546873092651
0567_LITTLE_BUCK,0726,744,444,44.91929077358237,-120.61301378430082,0.9977747201919556
0567_LITTLE_BUCK,0726,439,625,45.00156659357451,-120.54398509490404,0.9505494236946106
0567_LITTLE_BUCK,0726,611,607,44.95516842623468,-120.55084982644627,0.9976615905761719
0567_LITTLE_BUCK,0726,805,541,44.90283560958394,-120.57602050876774,0.7755323648452759
0567_LITTLE_BUCK,0726,977,753,44.856437442244115,-120.49516922615936,0.960542619228363
0567_LITTLE_BUCK,0726,953,810,44.86291160512874,-120.473430909609,0.9767194390296936
0567_LITTLE_BUCK,0726,486,557,44.988888024592114,-120.56991852517466,0.8791041970252991
0567_LITTLE_BUCK,0726,928,793,44.86965552480023,-120.47991426717665,0.7770472168922424
0567_LITTLE_BUCK,0726,426,633,45.00507343180368,-120.5409341031075,0.7185012102127075
0567_LITTLE_BUCK,0726,801,517,44.90391463673138,-120.58517348415737,0.9999927878379822
0567_LITTLE_BUCK,0726,640,486,44.94734547941575,-120.59699607736897,0.998560905456543
0567_LITTLE_BUCK,0726,173,463,45.07332189887913,-120.60576767878402,0.9826871752738953
0567_LITTLE_BUCK,0726,286,488,45.04283938196401,-120.59623332941983,0.9194493889808655
0567_LITTLE_BUCK,0726,671,756,44.93898301902311,-120.49402510423566,0.9714397192001343
0567_LITTLE_BUCK,0726,274,295,45.04607646340632,-120.66983850651143,0.9844478368759155
0567_LITTLE_BUCK,0726,932,769,44.86857649765279,-120.48906724256628,0.9999194145202637
0567_LITTLE_BUCK,0726,538,319,44.97486067167542,-120.66068553112179,0.9908322095870972
0567_LITTLE_BUCK,0726,342,220,45.027733001899875,-120.698441554604,0.9796188473701477
0567_LITTLE_BUCK,0726,253,316,45.05174135593037,-120.6618296530455,0.9844922423362732
0567_LITTLE_BUCK,0726,99,396,45.09328390110673,-120.63131973508007,0.9998341202735901
0567_LITTLE_BUCK,0726,631,354,44.94977329049749,-120.64733744201192,0.8219794034957886
0567_LITTLE_BUCK,0726,349,200,45.02584470439186,-120.70606903409536,0.9624976515769958
0567_LITTLE_BUCK,0726,748,445,44.918211746434935,-120.61263241032624,0.9978951811790466
0567_LITTLE_BUCK,0726,211,457,45.063071140978465,-120.60805592263144,0.9833514094352722
0567_LITTLE_BUCK,0726,245,416,45.05389941022525,-120.62369225558871,0.9896351099014282
0567_LITTLE_BUCK,0726,728,443,44.92360688217212,-120.61339515827538,0.9984692335128784
0567_LITTLE_BUCK,0726,661,370,44.94168058689171,-120.64123545841883,0.9587196111679077
0567_LITTLE_BUCK,0726,497,280,44.985920699936656,-120.67555911612993,0.992191731929779
0567_LITTLE_BUCK,0726,354,570,45.02449592045756,-120.56496066350527,0.7385995984077454
0567_LITTLE_BUCK,0726,835,707,44.894742905978156,-120.51271242898947,0.998345673084259
0567_LITTLE_BUCK,0726,403,627,45.01127783790145,-120.5432223469549,0.5939071178436279
0567_LITTLE_BUCK,0726,908,814,44.87505066053742,-120.47190541371073,0.9976113438606262
0567_LITTLE_BUCK,0726,451,302,44.998329512132194,-120.66716888868945,0.9977534413337708
0567_LITTLE_BUCK,0726,202,444,45.0654989520602,-120.61301378430082,0.9976699352264404
0567_LITTLE_BUCK,0726,237,422,45.05605746452012,-120.6214040117413,0.9899603724479675
0567_LITTLE_BUCK,0726,905,784,44.875859930897995,-120.48334663294776,0.9979419708251953
0567_LITTLE_BUCK,0726,256,351,45.05093208556979,-120.64848156393562,0.9975303411483765
0567_LITTLE_BUCK,0726,102,294,45.09247463074615,-120.67021988048599,0.7170418500900269
0567_LITTLE_BUCK,0726,188,414,45.06927554707624,-120.62445500353785,0.9976866841316223
0567_LITTLE_BUCK,0726,147,294,45.08033557533747,-120.67021988048599,0.9701830744743347
0567_LITTLE_BUCK,0726,941,773,44.86614868657105,-120.487541746668,0.999715268611908
0567_LITTLE_BUCK,0726,879,816,44.88287360735634,-120.47114266576159,0.9972234964370728
0567_LITTLE_BUCK,0726,837,768,44.894203392404435,-120.48944861654084,0.998822808265686
0567_LITTLE_BUCK,0726,586,577,44.961912345906164,-120.5622910456833,0.973817765712738
0567_LITTLE_BUCK,0726,445,244,44.99994805285335,-120.68928857921438,0.9981217384338379
0567_LITTLE_BUCK,0726,150,323,45.079526304976895,-120.65916003522352,0.9980300664901733
0567_LITTLE_BUCK,0726,794,766,44.9058029342394,-120.49021136448998,0.9989114999771118
0567_LITTLE_BUCK,0726,691,814,44.933587883285924,-120.47190541371073,0.9331454038619995
0567_LITTLE_BUCK,0726,609,601,44.9557079398084,-120.55313807029367,0.9982073903083801
0567_LITTLE_BUCK,0726,767,479,44.9130863674846,-120.59966569519094,0.9994375705718994
0567_LITTLE_BUCK,0726,141,379,45.08195411605863,-120.63780309264773,0.9988877177238464
0567_LITTLE_BUCK,0726,837,488,44.894203392404435,-120.59623332941983,0.9929804801940918
0567_LITTLE_BUCK,0726,937,691,44.86722771371849,-120.51881441258257,0.8134902715682983
0567_LITTLE_BUCK,0726,328,273,45.03150959691591,-120.67822873395191,0.9966937303543091
0567_LITTLE_BUCK,0726,781,468,44.90930977246857,-120.6038608089112,0.9993476867675781
0567_LITTLE_BUCK,0726,182,346,45.07089408779739,-120.65038843380846,0.9976157546043396
0567_LITTLE_BUCK,0726,615,375,44.954089399087245,-120.639328588546,0.9971908926963806
0567_LITTLE_BUCK,0726,260,370,45.04985305842236,-120.64123545841883,0.9975287914276123
0567_LITTLE_BUCK,0726,95,318,45.094362928254164,-120.66106690509636,0.9980458617210388
0567_LITTLE_BUCK,0726,418,182,45.007231486098554,-120.71293376563759,0.8245665431022644
0567_LITTLE_BUCK,0726,700,799,44.931160072204186,-120.47762602332924,0.9859318137168884
0567_LITTLE_BUCK,0726,591,655,44.96056356197187,-120.532543875667,0.9959725141525269
0567_LITTLE_BUCK,0726,355,578,45.024226163670704,-120.56190967170873,0.7523601651191711
0567_LITTLE_BUCK,0726,360,527,45.02287737973641,-120.58135974441169,0.9918161630630493
0567_LITTLE_BUCK,0726,884,695,44.88152482342204,-120.5172889166843,0.9598276019096375
0567_LITTLE_BUCK,0726,77,424,45.09921855041764,-120.62064126379217,0.9756726026535034
0567_LITTLE_BUCK,0726,670,753,44.93925277580997,-120.49516922615936,0.985030472278595
0567_LITTLE_BUCK,0726,757,720,44.9157839353532,-120.5077545673201,0.9983901977539062
0567_LITTLE_BUCK,0726,972,767,44.85778622617841,-120.48982999051542,0.9872219562530518
0567_LITTLE_BUCK,0726,379,575,45.017752000786075,-120.56305379363243,0.9954777359962463
0567_LITTLE_BUCK,0726,610,730,44.95543818302154,-120.50394082757443,0.8636487126350403
0567_LITTLE_BUCK,0726,374,518,45.01910078472037,-120.5847921101828,0.9841155409812927
0567_LITTLE_BUCK,0726,116,396,45.08869803573012,-120.63131973508007,0.9986944198608398
0567_LITTLE_BUCK,0726,619,547,44.953010371939804,-120.57373226492032,0.9968475699424744
0567_LITTLE_BUCK,0726,65,410,45.102455631859954,-120.62598049943612,0.9874276518821716
0567_LITTLE_BUCK,0726,581,375,44.96326112984046,-120.639328588546,0.9989551305770874
0567_LITTLE_BUCK,0726,666,719,44.94033180295741,-120.50813594129467,0.9981634616851807
0567_LITTLE_BUCK,0726,484,275,44.989427538165835,-120.67746598600277,0.995844841003418
0567_LITTLE_BUCK,0726,158,329,45.07736825068202,-120.65687179137612,0.9973937273025513
0567_LITTLE_BUCK,0726,672,797,44.93871326223625,-120.47838877127838,0.6598857641220093
0567_LITTLE_BUCK,0726,412,630,45.008850026819715,-120.5420782250312,0.8608278036117554
0567_LITTLE_BUCK,0726,202,343,45.0654989520602,-120.65153255573216,0.9908333420753479
0567_LITTLE_BUCK,0726,309,269,45.03663497586624,-120.67975422985018,0.9406217336654663
0567_LITTLE_BUCK,0726,633,730,44.94923377692377,-120.50394082757443,0.9758741855621338
0567_LITTLE_BUCK,0726,932,807,44.86857649765279,-120.4745750315327,0.9841815233230591
0567_LITTLE_BUCK,0726,159,417,45.07709849389516,-120.62331088161415,0.9980897903442383
0567_LITTLE_BUCK,0726,126,356,45.086000467861524,-120.64657469406278,0.9981445074081421
0567_LITTLE_BUCK,0726,697,815,44.93196934256476,-120.47152403973615,0.9528995752334595
0567_LITTLE_BUCK,0726,426,513,45.00507343180368,-120.58669898005563,0.9976403117179871
0567_LITTLE_BUCK,0726,324,291,45.03258862406335,-120.67136400240969,0.9974116683006287
0567_LITTLE_BUCK,0726,760,817,44.91497466499262,-120.47076129178703,0.9985734224319458
0567_LITTLE_BUCK,0726,391,536,45.01451491934376,-120.57792737864058,0.9981979131698608
0567_LITTLE_BUCK,0726,765,671,44.91362588105832,-120.52644189207392,0.961524248123169
0567_LITTLE_BUCK,0726,875,856,44.88395263450378,-120.45588770677888,0.9934045076370239
0567_LITTLE_BUCK,0726,242,307,45.054708680585826,-120.6652620188166,0.9085734486579895
0567_LITTLE_BUCK,0726,482,289,44.98996705173955,-120.67212675035883,0.9981656670570374
0567_LITTLE_BUCK,0726,675,398,44.93790399187567,-120.63055698713093,0.9590355157852173
0567_LITTLE_BUCK,0726,655,545,44.94329912761286,-120.57449501286946,0.9975287914276123
0567_LITTLE_BUCK,0726,741,845,44.920100043942945,-120.46008282049912,0.6487746834754944
0567_LITTLE_BUCK,0726,199,409,45.06630822242078,-120.62636187341069,0.9973703622817993
0567_LITTLE_BUCK,0726,331,259,45.03070032655533,-120.68356796959586,0.9914438128471375
0567_LITTLE_BUCK,0726,648,489,44.94518742512088,-120.59585195544527,0.9979387521743774
0567_LITTLE_BUCK,0726,217,461,45.06145260025731,-120.60653042673316,0.7742315530776978
0567_LITTLE_BUCK,0726,863,850,44.88718971594609,-120.45817595062628,0.9953359961509705
0567_LITTLE_BUCK,0726,181,469,45.071163844584255,-120.60347943493662,0.9508944153785706
0567_LITTLE_BUCK,0726,759,857,44.91524442177948,-120.4555063328043,0.8122556209564209
0567_LITTLE_BUCK,0726,244,387,45.054169167012105,-120.63475210085117,0.9736360311508179
0567_LITTLE_BUCK,0726,518,305,44.98025580741261,-120.66602476676574,0.9825093746185303
0567_LITTLE_BUCK,0726,75,410,45.09975806399136,-120.62598049943612,0.996450662612915
0567_LITTLE_BUCK,0726,58,366,45.104343929367964,-120.6427609543171,0.9843738675117493
0567_LITTLE_BUCK,0726,682,437,44.936015694367654,-120.61568340212278,0.9976523518562317
0567_LITTLE_BUCK,0726,646,507,44.9457269386946,-120.58898722390305,0.9979768991470337
0567_LITTLE_BUCK,0726,156,318,45.07790776425574,-120.66106690509636,0.9970496296882629
0567_LITTLE_BUCK,0726,491,286,44.98753924065782,-120.67327087228253,0.9967626929283142
0567_LITTLE_BUCK,0726,495,266,44.98646021351038,-120.68089835177389,0.9777183532714844
0567_LITTLE_BUCK,0726,256,346,45.05093208556979,-120.65038843380846,0.9976096153259277
0567_LITTLE_BUCK,0726,205,382,45.064689681699626,-120.63665897072401,0.9975437521934509
0567_LITTLE_BUCK,0726,315,284,45.03501643514508,-120.67403362023167,0.9973122477531433
0567_LITTLE_BUCK,0726,122,363,45.087079495008965,-120.64390507624081,0.9988863468170166
0567_LITTLE_BUCK,0726,324,234,45.03258862406335,-120.69310231896006,0.9521436095237732
0567_LITTLE_BUCK,0726,660,359,44.94195034367856,-120.64543057213908,0.9519774317741394
0567_LITTLE_BUCK,0726,863,815,44.88718971594609,-120.47152403973615,0.9483574628829956
0567_LITTLE_BUCK,0726,596,551,44.95921477803757,-120.57220676902206,0.8030271530151367
0567_LITTLE_BUCK,0726,180,443,45.07143360137111,-120.61339515827538,0.9987826943397522
0567_LITTLE_BUCK,0726,202,416,45.0654989520602,-120.62369225558871,0.9972914457321167
0567_LITTLE_BUCK,0726,112,448,45.08977706287756,-120.61148828840254,0.9974095225334167
0567_LITTLE_BUCK,0726,568,563,44.96676796806964,-120.56763028132724,0.8296221494674683
0567_LITTLE_BUCK,0726,421,180,45.00642221573798,-120.71369651358671,0.6763262152671814
0567_LITTLE_BUCK,0726,695,435,44.93250885613848,-120.61644615007192,0.9975287914276123
0567_LITTLE_BUCK,0726,941,710,44.86614868657105,-120.51156830706577,0.9955043196678162
0567_LITTLE_BUCK,0726,921,773,44.87154382230824,-120.487541746668,0.9995499849319458
0567_LITTLE_BUCK,0726,388,299,45.015324189704344,-120.66831301061315,0.9940399527549744
0567_LITTLE_BUCK,0726,51,379,45.10623222687598,-120.63780309264773,0.9358898997306824
0567_LITTLE_BUCK,0726,258,306,45.05039257199607,-120.66564339279117,0.9703346490859985
0567_LITTLE_BUCK,0726,276,291,45.0455369498326,-120.67136400240969,0.9791927337646484
0567_LITTLE_BUCK,0726,283,488,45.043648652324585,-120.59623332941983,0.9319900274276733
0567_LITTLE_BUCK,0726,948,752,44.864260389063034,-120.49555060013392,0.9991589784622192
0567_LITTLE_BUCK,0726,714,832,44.92738347718815,-120.4650406821685,0.9580258727073669
0567_LITTLE_BUCK,0726,576,618,44.96460991377476,-120.54665471272601,0.9869188666343689
0567_LITTLE_BUCK,0726,582,717,44.962991373053605,-120.50889868924381,0.8811631202697754
0567_LITTLE_BUCK,0726,797,482,44.90499366387882,-120.59852157326723,0.9994157552719116
0567_LITTLE_BUCK,0726,855,809,44.88934777024097,-120.47381228358357,0.9966421723365784
0567_LITTLE_BUCK,0726,271,395,45.0468857337669,-120.63170110905463,0.9969834685325623
0567_LITTLE_BUCK,0726,771,831,44.91200734033716,-120.46542205614307,0.9908729195594788
0567_LITTLE_BUCK,0726,412,553,45.008850026819715,-120.57144402107292,0.9982872605323792
0567_LITTLE_BUCK,0726,586,595,44.961912345906164,-120.55542631414107,0.9909628629684448
0567_LITTLE_BUCK,0726,210,302,45.06334089776533,-120.66716888868945,0.9590470790863037
0567_LITTLE_BUCK,0726,311,284,45.03609546229252,-120.67403362023167,0.9967834949493408
0567_LITTLE_BUCK,0726,699,428,44.93142982899104,-120.6191157678939,0.9973882436752319
0567_LITTLE_BUCK,0726,390,522,45.014784676130624,-120.58326661428453,0.9977733492851257
0567_LITTLE_BUCK,0726,789,462,44.907151718173694,-120.6061490527586,0.9921078681945801
0567_LITTLE_BUCK,0726,141,318,45.08195411605863,-120.66106690509636,0.9985822439193726
0567_LITTLE_BUCK,0726,903,692,44.876399444471716,-120.518433038608,0.8759497404098511
0567_LITTLE_BUCK,0726,452,308,44.99805975534534,-120.66488064484204,0.9984891414642334
0567_LITTLE_BUCK,0726,490,250,44.987808997444674,-120.68700033536697,0.7803357243537903
0567_LITTLE_BUCK,0726,312,260,45.03582570550566,-120.6831865956213,0.9809114336967468
0567_LITTLE_BUCK,0726,621,736,44.952470858366084,-120.50165258372701,0.6736674904823303
0567_LITTLE_BUCK,0726,573,330,44.96541918413534,-120.65649041740154,0.6663542985916138
0567_LITTLE_BUCK,0726,599,541,44.95840550767699,-120.57602050876774,0.8045658469200134
0567_LITTLE_BUCK,0726,70,345,45.10110684792566,-120.65076980778302,0.959815502166748
0567_LITTLE_BUCK,0726,750,823,44.917672232861214,-120.46847304793961,0.9960756897926331
0567_LITTLE_BUCK,0726,366,203,45.02125883901525,-120.70492491217166,0.9847811460494995
0567_LITTLE_BUCK,0726,457,508,44.99671097141104,-120.58860584992847,0.9989600777626038
0567_LITTLE_BUCK,0726,409,520,45.00965929718029,-120.58402936223366,0.9975287914276123
0567_LITTLE_BUCK,0726,441,559,45.00102708000079,-120.56915577722552,0.9978857040405273
0567_LITTLE_BUCK,0726,389,569,45.01505443291748,-120.56534203747984,0.9970883131027222
0567_LITTLE_BUCK,0726,925,776,44.87046479516081,-120.4863976247443,0.9992893934249878
0567_LITTLE_BUCK,0726,427,602,45.004803675016824,-120.5527566963191,0.9977283477783203
0567_LITTLE_BUCK,0726,190,465,45.06873603350252,-120.6050049308349,0.9955145120620728
0567_LITTLE_BUCK,0726,797,541,44.90499366387882,-120.57602050876774,0.9978649616241455
0567_LITTLE_BUCK,0726,678,775,44.937094721515095,-120.48677899871888,0.9707520008087158
0567_LITTLE_BUCK,0726,884,809,44.88152482342204,-120.47381228358357,0.9988625645637512
0567_LITTLE_BUCK,0726,801,720,44.90391463673138,-120.5077545673201,0.9963724613189697
0567_LITTLE_BUCK,0726,690,816,44.93385764007278,-120.47114266576159,0.8954287767410278
0567_LITTLE_BUCK,0726,621,717,44.952470858366084,-120.50889868924381,0.9932226538658142
0567_LITTLE_BUCK,0726,696,771,44.93223909935163,-120.48830449461714,0.9976642727851868
0567_LITTLE_BUCK,0726,652,416,44.944108397973444,-120.62369225558871,0.9972218871116638
0567_LITTLE_BUCK,0726,775,728,44.91092831318973,-120.50470357552355,0.9956731796264648
0567_LITTLE_BUCK,0726,455,517,44.997250484984754,-120.58517348415737,0.9983966946601868
0567_LITTLE_BUCK,0726,592,700,44.96029380518501,-120.51538204681145,0.9943318367004395
0567_LITTLE_BUCK,0726,229,378,45.058215518815,-120.63818446662229,0.9923019409179688
0567_LITTLE_BUCK,0726,144,307,45.081144845698056,-120.6652620188166,0.9985476136207581
0567_LITTLE_BUCK,0726,888,822,44.88044579627461,-120.46885442191419,0.9879686236381531
0567_LITTLE_BUCK,0726,837,828,44.894203392404435,-120.46656617806677,0.9970376491546631
0567_LITTLE_BUCK,0726,843,840,44.89258485168328,-120.46198969037196,0.9910610914230347
0567_LITTLE_BUCK,0726,645,423,44.945996695481455,-120.62102263776674,0.9986760020256042
0567_LITTLE_BUCK,0726,240,467,45.055248194159546,-120.60424218288576,0.9697418212890625
0567_LITTLE_BUCK,0726,125,326,45.08627022464838,-120.65801591329982,0.9998718500137329
0567_LITTLE_BUCK,0726,213,368,45.06253162740475,-120.64199820636797,0.9973456859588623
0567_LITTLE_BUCK,0726,922,720,44.87127406552138,-120.5077545673201,0.998141884803772
0567_LITTLE_BUCK,0726,817,815,44.89959852814163,-120.47152403973615,0.9974846839904785
0567_LITTLE_BUCK,0726,611,705,44.95516842623468,-120.51347517693861,0.9980448484420776
0567_LITTLE_BUCK,0726,401,507,45.011817351475166,-120.58898722390305,0.9964308142662048
0567_LITTLE_BUCK,0726,787,839,44.907691231747414,-120.46237106434653,0.9792106747627258
0567_LITTLE_BUCK,0726,702,774,44.930620558630466,-120.48716037269344,0.9977337121963501
0567_LITTLE_BUCK,0726,845,805,44.89204533810956,-120.47533777948183,0.9980594515800476
0567_LITTLE_BUCK,0726,410,203,45.009389540393435,-120.70492491217166,0.9967811107635498
0567_LITTLE_BUCK,0726,381,518,45.017212487212355,-120.5847921101828,0.9926895499229431
0567_LITTLE_BUCK,0726,872,814,44.884761904864355,-120.47190541371073,0.9913832545280457
0567_LITTLE_BUCK,0726,163,370,45.076019466747724,-120.64123545841883,0.9980743527412415
0567_LITTLE_BUCK,0726,642,635,44.94680596584204,-120.54017135515836,0.9985623359680176
0567_LITTLE_BUCK,0726,103,302,45.09220487395929,-120.66716888868945,0.8911814093589783
0567_LITTLE_BUCK,0726,175,353,45.07278238530541,-120.64771881598648,0.9967044591903687
0567_LITTLE_BUCK,0726,905,835,44.875859930897995,-120.4638965602448,0.9874023199081421
0567_LITTLE_BUCK,0726,433,496,45.00318513429566,-120.59318233762329,0.9977526068687439
0567_LITTLE_BUCK,0726,334,271,45.02989105619476,-120.67899148190105,0.9976359605789185
0567_LITTLE_BUCK,0726,808,514,44.90202633922336,-120.58631760608107,0.999997615814209
0567_LITTLE_BUCK,0726,408,590,45.00992905396715,-120.55733318401391,0.9976286888122559
0567_LITTLE_BUCK,0726,965,784,44.85967452368643,-120.48334663294776,0.9949262142181396
0567_LITTLE_BUCK,0726,103,268,45.09220487395929,-120.68013560382475,0.7155596017837524
0567_LITTLE_BUCK,0726,416,586,45.007770999672275,-120.55885867991219,0.9983340501785278
0567_LITTLE_BUCK,0726,294,442,45.040681327669134,-120.61377653224994,0.9979403018951416
0567_LITTLE_BUCK,0726,304,451,45.03798375980054,-120.61034416647884,0.9975287914276123
0567_LITTLE_BUCK,0726,760,676,44.91497466499262,-120.52453502220108,0.9902576804161072
0567_LITTLE_BUCK,0726,475,542,44.991855349247565,-120.57563913479316,0.9902615547180176
0567_LITTLE_BUCK,0726,631,664,44.94977329049749,-120.5291115098959,0.9987345933914185
0567_LITTLE_BUCK,0726,335,462,45.02962129940789,-120.6061490527586,0.9975965023040771
0567_LITTLE_BUCK,0726,488,252,44.988348511018394,-120.68623758741784,0.8063603639602661
0567_LITTLE_BUCK,0726,688,762,44.9343971536465,-120.49173686038824,0.9976633191108704
0567_LITTLE_BUCK,0726,836,693,44.8944731491913,-120.51805166463343,0.9970569014549255
0567_LITTLE_BUCK,0726,589,541,44.96110307554559,-120.57602050876774,0.7914969325065613
0567_LITTLE_BUCK,0726,393,284,45.01397540577005,-120.67403362023167,0.9977684020996094
0567_LITTLE_BUCK,0726,262,315,45.04931354484864,-120.66221102702006,0.9413707852363586
0567_LITTLE_BUCK,0726,367,579,45.02098908222839,-120.56152829773416,0.8397203087806702
0567_LITTLE_BUCK,0726,420,193,45.00669197252484,-120.70873865191733,0.9874953031539917
0567_LITTLE_BUCK,0726,362,299,45.02233786616269,-120.66831301061315,0.9975894093513489
0567_LITTLE_BUCK,0726,602,725,44.957596237316416,-120.50584769744727,0.8726721405982971
0567_LITTLE_BUCK,0726,372,279,45.01964029829409,-120.67594049010451,0.9979652762413025
0567_LITTLE_BUCK,0726,256,398,45.05093208556979,-120.63055698713093,0.9935417175292969
0567_LITTLE_BUCK,0726,752,681,44.917132719287494,-120.52262815232824,0.997929573059082
0567_LITTLE_BUCK,0726,260,434,45.04985305842236,-120.6168275240465,0.9966049790382385
0567_LITTLE_BUCK,0726,569,583,44.966498211282776,-120.56000280183589,0.6842191219329834
0567_LITTLE_BUCK,0726,449,208,44.998869025705915,-120.70301804229882,0.9794222116470337
0567_LITTLE_BUCK,0726,209,373,45.063610654552186,-120.64009133649513,0.9974485039710999
0567_LITTLE_BUCK,0726,595,635,44.95948453482443,-120.54017135515836,0.9876776933670044
0567_LITTLE_BUCK,0726,130,303,45.08492144071408,-120.66678751471487,0.9977835416793823
0567_LITTLE_BUCK,0726,933,751,44.86830674086593,-120.4959319741085,0.9995392560958862
0567_LITTLE_BUCK,0726,779,807,44.90984928604229,-120.4745750315327,0.9985242486000061
0567_LITTLE_BUCK,0726,484,272,44.989427538165835,-120.67861010792647,0.9941924810409546
0567_LITTLE_BUCK,0726,411,535,45.00911978360657,-120.57830875261514,0.9975317120552063
0567_LITTLE_BUCK,0726,645,522,44.945996695481455,-120.58326661428453,0.9975364804267883
0567_LITTLE_BUCK,0726,419,177,45.0069617293117,-120.71484063551043,0.796406626701355
0567_LITTLE_BUCK,0726,630,706,44.950043047284346,-120.51309380296405,0.9980348944664001
0567_LITTLE_BUCK,0726,719,834,44.926034693253854,-120.46427793421937,0.9181521534919739
0567_LITTLE_BUCK,0726,434,567,45.002915377508806,-120.56610478542898,0.9981756210327148
0567_LITTLE_BUCK,0726,785,556,44.908230745321134,-120.57029989914922,0.9989967346191406
0567_LITTLE_BUCK,0726,588,550,44.961372832332444,-120.57258814299662,0.552710235118866
0567_LITTLE_BUCK,0726,406,611,45.01046856754087,-120.54932433054799,0.8078773617744446
0567_LITTLE_BUCK,0726,811,814,44.901217068862785,-120.47190541371073,0.9975504279136658
0567_LITTLE_BUCK,0726,591,607,44.96056356197187,-120.55084982644627,0.8968843221664429
0567_LITTLE_BUCK,0726,626,667,44.95112207443179,-120.5279673879722,0.9985979199409485
0567_LITTLE_BUCK,0726,663,571,44.941141073317986,-120.5645792895307,0.9981245994567871
0567_LITTLE_BUCK,0726,398,616,45.01262662183575,-120.54741746067515,0.8720976114273071
0567_LITTLE_BUCK,0726,157,388,45.07763800746888,-120.63437072687661,0.9984102845191956
0567_LITTLE_BUCK,0726,740,864,44.92036980072981,-120.45283671498234,0.9323635101318359
0567_LITTLE_BUCK,0726,823,839,44.89797998742047,-120.46237106434653,0.9961649775505066
0567_LITTLE_BUCK,0726,446,518,44.99967829606649,-120.5847921101828,0.9980724453926086
0567_LITTLE_BUCK,0726,602,563,44.957596237316416,-120.56763028132724,0.9894410967826843
0567_LITTLE_BUCK,0726,55,374,45.10515319972855,-120.63970996252056,0.9337652921676636
0567_LITTLE_BUCK,0726,462,244,44.99536218747674,-120.68928857921438,0.9955497980117798
0567_LITTLE_BUCK,0726,650,404,44.94464791154716,-120.62826874328353,0.9978185296058655
0567_LITTLE_BUCK,0726,721,839,44.92549517968014,-120.46237106434653,0.9095968008041382
0567_LITTLE_BUCK,0726,247,486,45.05335989665153,-120.59699607736897,0.7883442640304565
0567_LITTLE_BUCK,0726,603,628,44.95732648052955,-120.54284097298034,0.9962403178215027
0567_LITTLE_BUCK,0726,870,774,44.885301418438075,-120.48716037269344,0.9984671473503113
0567_LITTLE_BUCK,0726,429,542,45.0042641614431,-120.57563913479316,0.9976935982704163
0567_LITTLE_BUCK,0726,444,240,45.00021780964021,-120.69081407511266,0.9980752468109131
0567_LITTLE_BUCK,0726,731,848,44.92279761181154,-120.45893869857542,0.7215464115142822
0567_LITTLE_BUCK,0726,114,378,45.08923754930384,-120.63818446662229,0.9984612464904785
0567_LITTLE_BUCK,0726,268,469,45.047695004127476,-120.60347943493662,0.9971497654914856
0567_LITTLE_BUCK,0726,384,596,45.01640321685178,-120.55504494016651,0.9920930862426758
0567_LITTLE_BUCK,0726,746,447,44.91875126000865,-120.61186966237712,0.9982553720474243
0567_LITTLE_BUCK,0726,375,310,45.018831027933516,-120.6641178968929,0.9976640939712524
0567_LITTLE_BUCK,0726,812,839,44.90094731207593,-120.46237106434653,0.9910146594047546
0567_LITTLE_BUCK,0726,772,711,44.911737583550305,-120.51118693309121,0.9946550130844116
0567_LITTLE_BUCK,0726,978,764,44.85616768545725,-120.49097411243912,0.8774359226226807
0567_LITTLE_BUCK,0726,887,708,44.880715553061464,-120.51233105501491,0.9978028535842896
0567_LITTLE_BUCK,0726,821,443,44.89851950099419,-120.61339515827538,0.900679349899292
0567_LITTLE_BUCK,0726,219,356,45.06091308668359,-120.64657469406278,0.9975449442863464
0567_LITTLE_BUCK,0726,231,295,45.05767600524128,-120.66983850651143,0.6095784902572632
0567_LITTLE_BUCK,0726,354,578,45.02449592045756,-120.56190967170873,0.7958133220672607
0567_LITTLE_BUCK,0726,99,337,45.09328390110673,-120.65382079957958,0.9994975924491882
0567_LITTLE_BUCK,0726,903,686,44.876399444471716,-120.5207212824554,0.5759840607643127
0567_LITTLE_BUCK,0726,773,471,44.91146782676344,-120.60271668698748,0.9990026354789734
0567_LITTLE_BUCK,0726,381,547,45.017212487212355,-120.57373226492032,0.9971890449523926
0567_LITTLE_BUCK,0726,682,788,44.936015694367654,-120.4818211370495,0.8715198636054993
0567_LITTLE_BUCK,0726,688,771,44.9343971536465,-120.48830449461714,0.9957985281944275
0567_LITTLE_BUCK,0726,963,786,44.86021403726014,-120.48258388499862,0.9971603155136108
0567_LITTLE_BUCK,0726,752,581,44.917132719287494,-120.56076554978503,0.9987706542015076
0567_LITTLE_BUCK,0726,902,851,44.87666920125857,-120.45779457665172,0.9170979261398315
0567_LITTLE_BUCK,0726,335,286,45.02962129940789,-120.67327087228253,0.9949795007705688
0567_LITTLE_BUCK,0726,156,320,45.07790776425574,-120.66030415714722,0.9974755048751831
0567_LITTLE_BUCK,0726,966,769,44.859404766899566,-120.48906724256628,0.9969785809516907
0567_LITTLE_BUCK,0726,455,264,44.997250484984754,-120.68166109972302,0.9979254007339478
0567_LITTLE_BUCK,0726,472,242,44.99266461960815,-120.69005132716352,0.9760728478431702
0567_LITTLE_BUCK,0726,226,317,45.059024789175574,-120.66144827907092,0.9636209607124329
0567_LITTLE_BUCK,0726,378,296,45.01802175757294,-120.66945713253685,0.9967782497406006
0567_LITTLE_BUCK,0726,675,453,44.93790399187567,-120.6095814185297,0.9988723993301392
0567_LITTLE_BUCK,0726,944,815,44.865339416210475,-120.47152403973615,0.9811851382255554
0567_LITTLE_BUCK,0726,772,640,44.911737583550305,-120.53826448528552,0.9934143424034119
0567_LITTLE_BUCK,0726,777,722,44.91038879961601,-120.50699181937097,0.9800956845283508
0567_LITTLE_BUCK,0726,447,204,44.999408539279635,-120.70454353819709,0.9369601607322693
0567_LITTLE_BUCK,0726,470,577,44.99320413318186,-120.5622910456833,0.6949990391731262
0567_LITTLE_BUCK,0726,926,773,44.87019503837394,-120.487541746668,0.9997017979621887
0567_LITTLE_BUCK,0726,254,379,45.05147159914351,-120.63780309264773,0.9844047427177429
0567_LITTLE_BUCK,0726,284,300,45.04337889553773,-120.66793163663858,0.9697878956794739
0567_LITTLE_BUCK,0726,498,295,44.9856509431498,-120.66983850651143,0.9958546757698059
0567_LITTLE_BUCK,0726,767,480,44.9130863674846,-120.59928432121637,0.9993801116943359
0567_LITTLE_BUCK,0726,239,361,45.0555179509464,-120.64466782418994,0.9964284300804138
0567_LITTLE_BUCK,0726,925,774,44.87046479516081,-120.48716037269344,0.999608039855957
0567_LITTLE_BUCK,0726,766,682,44.91335612427146,-120.52224677835368,0.9428158402442932
0567_LITTLE_BUCK,0726,598,577,44.95867526446385,-120.5622910456833,0.9963518381118774
0567_LITTLE_BUCK,0726,921,692,44.87154382230824,-120.518433038608,0.9745815396308899
0567_LITTLE_BUCK,0726,453,211,44.997789998558474,-120.70187392037512,0.9835065007209778
0567_LITTLE_BUCK,0726,395,532,45.01343589219633,-120.57945287453884,0.9983760118484497
0567_LITTLE_BUCK,0726,790,467,44.90688196138684,-120.60424218288576,0.9987269043922424
0567_LITTLE_BUCK,0726,248,414,45.053090139864665,-120.62445500353785,0.9938486218452454
0567_LITTLE_BUCK,0726,320,489,45.033667651210784,-120.59585195544527,0.9215905070304871
0567_LITTLE_BUCK,0726,740,450,44.92036980072981,-120.6107255404534,0.9985928535461426
0567_LITTLE_BUCK,0726,593,652,44.96002404839815,-120.5336879975907,0.9959540963172913
0567_LITTLE_BUCK,0726,174,312,45.073052142092266,-120.66335514894377,0.7693625688552856
0567_LITTLE_BUCK,0726,773,802,44.91146782676344,-120.47648190140553,0.9991248250007629
0567_LITTLE_BUCK,0726,780,541,44.90957952925543,-120.57602050876774,0.9990268349647522
0567_LITTLE_BUCK,0726,815,482,44.900138041715344,-120.59852157326723,0.9979349970817566
0567_LITTLE_BUCK,0726,306,460,45.03744424622682,-120.60691180070773,0.9968225955963135
0567_LITTLE_BUCK,0726,137,331,45.083033143206066,-120.65610904342698,0.9987912774085999
0567_LITTLE_BUCK,0726,595,628,44.95948453482443,-120.54284097298034,0.995532751083374
0567_LITTLE_BUCK,0726,361,211,45.02260762294955,-120.70187392037512,0.990705668926239
0567_LITTLE_BUCK,0726,742,838,44.91983028715609,-120.4627524383211,0.7617460489273071
0567_LITTLE_BUCK,0726,569,585,44.966498211282776,-120.55924005388675,0.7401614785194397
0567_LITTLE_BUCK,0726,672,796,44.93871326223625,-120.47877014525295,0.7450604438781738
0567_LITTLE_BUCK,0726,459,525,44.99617145783732,-120.58212249236082,0.9978128671646118
0567_LITTLE_BUCK,0726,656,555,44.943029370826004,-120.57068127312378,0.9975287914276123
0567_LITTLE_BUCK,0726,724,429,44.92468590931956,-120.61873439391933,0.8490554690361023
0567_LITTLE_BUCK,0726,671,381,44.93898301902311,-120.63704034469859,0.5573856830596924
0567_LITTLE_BUCK,0726,417,588,45.00750124288542,-120.55809593196305,0.9985564351081848
0567_LITTLE_BUCK,0726,763,855,44.914165394632036,-120.45626908075344,0.6241661906242371
0567_LITTLE_BUCK,0726,441,542,45.00102708000079,-120.57563913479316,0.9985765814781189
0567_LITTLE_BUCK,0726,312,470,45.03582570550566,-120.60309806096205,0.9921844005584717
0567_LITTLE_BUCK,0726,707,442,44.92927177469617,-120.61377653224994,0.9976585507392883
0567_LITTLE_BUCK,0726,708,811,44.92900201790931,-120.47304953563443,0.9638280272483826
0567_LITTLE_BUCK,0726,385,539,45.01613346006492,-120.57678325671688,0.9977781772613525
0567_LITTLE_BUCK,0726,262,457,45.04931354484864,-120.60805592263144,0.9964598417282104
0567_LITTLE_BUCK,0726,373,233,45.019370541507236,-120.69348369293462,0.997978150844574
0567_LITTLE_BUCK,0726,634,566,44.94896402013691,-120.56648615940354,0.9975287914276123
0567_LITTLE_BUCK,0726,872,699,44.884761904864355,-120.51576342078603,0.9913566708564758
0567_LITTLE_BUCK,0726,193,441,45.06792676314194,-120.61415790622452,0.9985523819923401
0567_LITTLE_BUCK,0726,182,302,45.07089408779739,-120.66716888868945,0.8934391140937805
0567_LITTLE_BUCK,0726,711,428,44.928192747548735,-120.6191157678939,0.9914237260818481
0567_LITTLE_BUCK,0726,802,541,44.90364487994452,-120.57602050876774,0.8970940709114075
0567_LITTLE_BUCK,0726,194,330,45.06765700635508,-120.65649041740154,0.9891053438186646
0567_LITTLE_BUCK,0726,613,568,44.95462891266096,-120.5657234114544,0.9975267052650452
0567_LITTLE_BUCK,0726,322,256,45.033128137637064,-120.68471209151956,0.9668508768081665
0567_LITTLE_BUCK,0726,691,801,44.933587883285924,-120.47686327538011,0.9413148164749146
0567_LITTLE_BUCK,0726,640,660,44.94734547941575,-120.53063700579416,0.9983340501785278
0567_LITTLE_BUCK,0726,900,815,44.87720871483229,-120.47152403973615,0.9978187084197998
0567_LITTLE_BUCK,0726,276,337,45.0455369498326,-120.65382079957958,0.9976738095283508
0567_LITTLE_BUCK,0726,973,736,44.85751646939155,-120.50165258372701,0.9687852263450623
0567_LITTLE_BUCK,0726,864,685,44.88691995915923,-120.52110265642997,0.9579640030860901
0567_LITTLE_BUCK,0726,344,286,45.027193488326155,-120.67327087228253,0.996717095375061
0567_LITTLE_BUCK,0726,864,773,44.88691995915923,-120.487541746668,0.9986519813537598
0567_LITTLE_BUCK,0726,71,388,45.10083709113879,-120.63437072687661,0.9487069249153137
0567_LITTLE_BUCK,0726,674,359,44.938173748662535,-120.64543057213908,0.9194816946983337
0567_LITTLE_BUCK,0726,246,310,45.053629653438385,-120.6641178968929,0.9496464729309082
0567_LITTLE_BUCK,0726,248,455,45.053090139864665,-120.60881867058058,0.966725766658783
0567_LITTLE_BUCK,0726,943,802,44.86560917299733,-120.47648190140553,0.9957231879234314
0567_LITTLE_BUCK,0726,760,821,44.91497466499262,-120.46923579588875,0.996995210647583
0567_LITTLE_BUCK,0726,966,734,44.859404766899566,-120.50241533167615,0.9989784359931946
0567_LITTLE_BUCK,0726,283,319,45.043648652324585,-120.66068553112179,0.9949790835380554
0567_LITTLE_BUCK,0726,371,218,45.01991005508095,-120.69920430255314,0.9984939098358154
0567_LITTLE_BUCK,0726,296,490,45.04014181409541,-120.59547058147069,0.8431899547576904
0567_LITTLE_BUCK,0726,293,493,45.04095108445599,-120.59432645954699,0.8313285112380981
0567_LITTLE_BUCK,0726,143,444,45.08141460248491,-120.61301378430082,0.9990283846855164
0567_LITTLE_BUCK,0726,254,480,45.05147159914351,-120.59928432121637,0.9087898135185242
0567_LITTLE_BUCK,0726,456,547,44.9969807281979,-120.57373226492032,0.997735857963562
0567_LITTLE_BUCK,0726,664,542,44.94087131653113,-120.57563913479316,0.9975538849830627
0567_LITTLE_BUCK,0726,216,447,45.06172235704417,-120.61186966237712,0.9831417798995972
0567_LITTLE_BUCK,0726,583,697,44.96272161626674,-120.51652616873515,0.9584305286407471
0567_LITTLE_BUCK,0726,239,399,45.0555179509464,-120.63017561315637,0.984516978263855
0567_LITTLE_BUCK,0726,248,347,45.053090139864665,-120.6500070598339,0.9975287914276123
0567_LITTLE_BUCK,0726,660,559,44.94195034367856,-120.56915577722552,0.9978414177894592
0567_LITTLE_BUCK,0726,615,569,44.954089399087245,-120.56534203747984,0.9973503947257996
0567_LITTLE_BUCK,0726,806,807,44.90256585279708,-120.4745750315327,0.9979533553123474
0567_LITTLE_BUCK,0726,303,469,45.038253516587396,-120.60347943493662,0.9737374782562256
0567_LITTLE_BUCK,0726,957,721,44.8618325779813,-120.50737319334553,0.978246808052063
0567_LITTLE_BUCK,0726,688,400,44.9343971536465,-120.6297942391818,0.587729275226593
0567_LITTLE_BUCK,0726,625,705,44.95139183121864,-120.51347517693861,0.998017430305481
0567_LITTLE_BUCK,0726,594,722,44.95975429161129,-120.50699181937097,0.9269484877586365
0567_LITTLE_BUCK,0726,101,341,45.09274438753301,-120.6522953036813,0.9996592402458191
0567_LITTLE_BUCK,0726,174,359,45.073052142092266,-120.64543057213908,0.9975716471672058
0567_LITTLE_BUCK,0726,434,562,45.002915377508806,-120.56801165530182,0.9975980520248413
0567_LITTLE_BUCK,0726,107,339,45.091125846811856,-120.65305805163044,0.9995371699333191
0567_LITTLE_BUCK,0726,727,822,44.92387663895898,-120.46885442191419,0.9784134030342102
0567_LITTLE_BUCK,0726,646,424,44.9457269386946,-120.62064126379217,0.998651385307312
0567_LITTLE_BUCK,0726,753,683,44.91686296250064,-120.52186540437911,0.9973068833351135
0567_LITTLE_BUCK,0726,607,370,44.95624745338212,-120.64123545841883,0.9957687258720398
0567_LITTLE_BUCK,0726,917,728,44.87262284945568,-120.50470357552355,0.9992145299911499
0567_LITTLE_BUCK,0726,606,597,44.956517210168975,-120.55466356619193,0.9979870915412903
0567_LITTLE_BUCK,0726,746,697,44.91875126000865,-120.51652616873515,0.9984549283981323
0567_LITTLE_BUCK,0726,636,491,44.94842450656319,-120.59508920749613,0.998116672039032
0567_LITTLE_BUCK,0726,750,474,44.917672232861214,-120.60157256506378,0.9993230104446411
0567_LITTLE_BUCK,0726,818,711,44.89932877135477,-120.51118693309121,0.9945277571678162
0567_LITTLE_BUCK,0726,800,763,44.904184393518236,-120.49135548641368,0.9987314343452454
0567_LITTLE_BUCK,0726,207,378,45.064150168125906,-120.63818446662229,0.9975824952125549
0567_LITTLE_BUCK,0726,452,596,44.99805975534534,-120.55504494016651,0.9907422661781311
0567_LITTLE_BUCK,0726,947,727,44.8645301458499,-120.50508494949813,0.9983060359954834
0567_LITTLE_BUCK,0726,261,455,45.049583301635494,-120.60881867058058,0.9962639212608337
0567_LITTLE_BUCK,0726,290,473,45.04176035481657,-120.60195393903835,0.9947317242622375
0567_LITTLE_BUCK,0726,401,509,45.011817351475166,-120.58822447595391,0.995025634765625
0567_LITTLE_BUCK,0726,934,723,44.86803698407907,-120.50661044539639,0.9982450604438782
0567_LITTLE_BUCK,0726,270,392,45.047155490553756,-120.63284523097835,0.9963294863700867
0567_LITTLE_BUCK,0726,472,229,44.99266461960815,-120.6950091888329,0.6977912187576294
0567_LITTLE_BUCK,0726,557,357,44.96973529272509,-120.64619332008822,0.9982680678367615
0567_LITTLE_BUCK,0726,553,363,44.97081431987253,-120.64390507624081,0.9984748363494873
0567_LITTLE_BUCK,0726,789,452,44.907151718173694,-120.60996279250428,0.644418478012085
0567_LITTLE_BUCK,0726,432,496,45.00345489108253,-120.59318233762329,0.9975665211677551
0567_LITTLE_BUCK,0726,745,706,44.91902101679551,-120.51309380296405,0.9987689256668091
0567_LITTLE_BUCK,0726,606,538,44.956517210168975,-120.57716463069144,0.6473058462142944
0567_LITTLE_BUCK,0726,444,228,45.00021780964021,-120.69539056280746,0.9983078837394714
0567_LITTLE_BUCK,0726,597,601,44.95894502125071,-120.55313807029367,0.98883056640625
0567_LITTLE_BUCK,0726,82,348,45.09786976648334,-120.64962568585932,0.998116672039032
0567_LITTLE_BUCK,0726,59,359,45.10407417258111,-120.64543057213908,0.964210033416748
0567_LITTLE_BUCK,0726,583,567,44.96272161626674,-120.56610478542898,0.9864013195037842
0567_LITTLE_BUCK,0726,430,615,45.00399440465625,-120.54779883464973,0.9630813598632812
0567_LITTLE_BUCK,0726,658,554,44.94248985725228,-120.57106264709836,0.9975287914276123
0567_LITTLE_BUCK,0726,574,676,44.96514942734848,-120.52453502220108,0.975669264793396
0567_LITTLE_BUCK,0726,932,712,44.86857649765279,-120.51080555911665,0.9976633787155151
0567_LITTLE_BUCK,0726,860,774,44.88799898630667,-120.48716037269344,0.998859167098999
0567_LITTLE_BUCK,0726,589,373,44.96110307554559,-120.64009133649513,0.9966053366661072
0567_LITTLE_BUCK,0726,407,507,45.01019881075401,-120.58898722390305,0.9967561364173889
0567_LITTLE_BUCK,0726,860,692,44.88799898630667,-120.518433038608,0.9716989398002625
0567_LITTLE_BUCK,0726,707,430,44.92927177469617,-120.61835301994476,0.9894994497299194
0567_LITTLE_BUCK,0726,205,406,45.064689681699626,-120.62750599533439,0.9976966977119446
0567_LITTLE_BUCK,0726,178,288,45.07197311494483,-120.67250812433339,0.7444168925285339
0567_LITTLE_BUCK,0726,153,463,45.07871703461632,-120.60576767878402,0.9765101671218872
0567_LITTLE_BUCK,0726,88,420,45.09625122576218,-120.62216675969044,0.9976198077201843
0567_LITTLE_BUCK,0726,451,259,44.998329512132194,-120.68356796959586,0.9979525208473206
0567_LITTLE_BUCK,0726,697,433,44.93196934256476,-120.61720889802106,0.9974800944328308
0567_LITTLE_BUCK,0726,639,724,44.947615236202616,-120.50622907142183,0.9848314523696899
0567_LITTLE_BUCK,0726,467,314,44.994013403542446,-120.66259240099463,0.9987069368362427
0567_LITTLE_BUCK,0726,902,691,44.87666920125857,-120.51881441258257,0.8236894011497498
0567_LITTLE_BUCK,0726,634,539,44.94896402013691,-120.57678325671688,0.9772968888282776
0567_LITTLE_BUCK,0726,386,565,45.01586370327806,-120.56686753337812,0.9973627328872681
0567_LITTLE_BUCK,0726,899,810,44.87747847161915,-120.473430909609,0.998367965221405
0567_LITTLE_BUCK,0726,679,435,44.93682496472824,-120.61644615007192,0.9975811839103699
0567_LITTLE_BUCK,0726,841,706,44.893124365257,-120.51309380296405,0.9973238706588745
0567_LITTLE_BUCK,0726,794,519,44.9058029342394,-120.58441073620823,0.999962568283081
0567_LITTLE_BUCK,0726,627,362,44.95085231764493,-120.64428645021538,0.972305953502655
0567_LITTLE_BUCK,0726,400,587,45.01208710826203,-120.55847730593761,0.9966694712638855
0567_LITTLE_BUCK,0726,689,803,44.93412739685964,-120.47610052743097,0.9285879135131836
0567_LITTLE_BUCK,0726,828,686,44.89663120348617,-120.5207212824554,0.8636192083358765
0567_LITTLE_BUCK,0726,48,358,45.107041497236565,-120.64581194611365,0.89958256483078
0567_LITTLE_BUCK,0726,206,329,45.06441992491276,-120.65687179137612,0.994425892829895
0567_LITTLE_BUCK,0726,423,546,45.00588270216426,-120.5741136388949,0.9975287914276123
0567_LITTLE_BUCK,0726,67,317,45.10191611828623,-120.66144827907092,0.9474800229072571
0567_LITTLE_BUCK,0726,350,189,45.025574947605,-120.71026414781561,0.8781474828720093
0567_LITTLE_BUCK,0726,493,526,44.9869997270841,-120.58174111838625,0.9975358843803406
0567_LITTLE_BUCK,0726,531,334,44.97674896918344,-120.65496492150328,0.9964784383773804
0567_LITTLE_BUCK,0726,472,534,44.99266461960815,-120.5786901265897,0.997134268283844
0567_LITTLE_BUCK,0726,51,348,45.10623222687598,-120.64962568585932,0.9743611812591553
0567_LITTLE_BUCK,0726,215,421,45.06199211383103,-120.62178538571587,0.9786670804023743
0567_LITTLE_BUCK,0726,284,452,45.04337889553773,-120.60996279250428,0.9979798793792725
0567_LITTLE_BUCK,0726,366,567,45.02125883901525,-120.56610478542898,0.8069626688957214
0567_LITTLE_BUCK,0726,136,361,45.08330289999293,-120.64466782418994,0.9979563355445862
0567_LITTLE_BUCK,0726,880,696,44.88260385056948,-120.51690754270973,0.975954532623291
0567_LITTLE_BUCK,0726,974,737,44.85724671260469,-120.50127120975245,0.9604348540306091
0567_LITTLE_BUCK,0726,49,327,45.1067717404497,-120.65763453932524,0.6097866296768188
0567_LITTLE_BUCK,0726,264,313,45.04877403127492,-120.6629737749692,0.9562318921089172
0567_LITTLE_BUCK,0726,633,664,44.94923377692377,-120.5291115098959,0.998688280582428
0567_LITTLE_BUCK,0726,465,227,44.99455291711616,-120.69577193678202,0.9856493473052979
0567_LITTLE_BUCK,0726,639,708,44.947615236202616,-120.51233105501491,0.9976755380630493
0567_LITTLE_BUCK,0726,633,389,44.94923377692377,-120.63398935290205,0.9989405274391174
0567_LITTLE_BUCK,0726,377,181,45.018291514359795,-120.71331513961215,0.8740633130073547
0567_LITTLE_BUCK,0726,311,246,45.03609546229252,-120.68852583126524,0.9536706209182739
0567_LITTLE_BUCK,0726,946,795,44.864799902636754,-120.47915151922751,0.998465895652771
0567_LITTLE_BUCK,0726,449,526,44.998869025705915,-120.58174111838625,0.9981805086135864
0567_LITTLE_BUCK,0726,867,694,44.88611068879865,-120.51767029065886,0.9720687866210938
0567_LITTLE_BUCK,0726,251,315,45.05228086950409,-120.66221102702006,0.9758512377738953
0567_LITTLE_BUCK,0726,764,713,44.91389563784518,-120.51042418514207,0.9980366826057434
0567_LITTLE_BUCK,0726,433,301,45.00318513429566,-120.66755026266401,0.9971104264259338
0567_LITTLE_BUCK,0726,961,807,44.86075355083386,-120.4745750315327,0.9546778202056885
0567_LITTLE_BUCK,0726,941,765,44.86614868657105,-120.49059273846454,0.9998089671134949
0567_LITTLE_BUCK,0726,261,488,45.049583301635494,-120.59623332941983,0.9206686615943909
0567_LITTLE_BUCK,0726,169,455,45.07440092602656,-120.60881867058058,0.9975287914276123
0567_LITTLE_BUCK,0726,758,860,44.91551417856634,-120.4543622108806,0.913993775844574
0567_LITTLE_BUCK,0726,140,409,45.08222387284549,-120.62636187341069,0.998721182346344
0567_LITTLE_BUCK,0726,417,500,45.00750124288542,-120.59165684172501,0.9975287914276123
0567_LITTLE_BUCK,0726,212,479,45.06280138419161,-120.59966569519094,0.6440725326538086
0567_LITTLE_BUCK,0726,934,711,44.86803698407907,-120.51118693309121,0.9976974725723267
0567_LITTLE_BUCK,0726,241,449,45.05497843737268,-120.61110691442798,0.9752943515777588
0567_LITTLE_BUCK,0726,443,631,45.00048756642707,-120.54169685105663,0.6287155151367188
0567_LITTLE_BUCK,0726,576,592,44.96460991377476,-120.55657043606477,0.9802181720733643
0567_LITTLE_BUCK,0726,853,842,44.88988728381469,-120.46122694242283,0.9933993220329285
0567_LITTLE_BUCK,0726,841,848,44.893124365257,-120.45893869857542,0.980954647064209
0567_LITTLE_BUCK,0726,666,394,44.94033180295741,-120.63208248302921,0.9835370779037476
0567_LITTLE_BUCK,0726,371,569,45.01991005508095,-120.56534203747984,0.9850369095802307
0567_LITTLE_BUCK,0726,894,837,44.878827255553446,-120.46313381229567,0.9486051201820374
0567_LITTLE_BUCK,0726,863,684,44.88718971594609,-120.52148403040454,0.9548795819282532
0567_LITTLE_BUCK,0726,423,512,45.00588270216426,-120.5870803540302,0.9976598024368286
0567_LITTLE_BUCK,0726,791,815,44.90661220459997,-120.47152403973615,0.9978326559066772
0567_LITTLE_BUCK,0726,657,554,44.94275961403914,-120.57106264709836,0.9975287914276123
0567_LITTLE_BUCK,0726,394,196,45.01370564898318,-120.70759452999363,0.9971259236335754
0567_LITTLE_BUCK,0726,70,322,45.10110684792566,-120.65954140919808,0.9609217047691345
0567_LITTLE_BUCK,0726,107,322,45.091125846811856,-120.65954140919808,0.9991304278373718
0567_LITTLE_BUCK,0726,674,792,44.938173748662535,-120.48029564115122,0.6582667231559753
0567_LITTLE_BUCK,0726,694,801,44.93277861292534,-120.47686327538011,0.9538981318473816
0567_LITTLE_BUCK,0726,395,598,45.01343589219633,-120.55428219221737,0.9916763305664062
0567_LITTLE_BUCK,0726,155,432,45.0781775210426,-120.61759027199562,0.9992316365242004
0567_LITTLE_BUCK,0726,165,422,45.075479953174,-120.6214040117413,0.9980965852737427
0567_LITTLE_BUCK,0726,639,516,44.947615236202616,-120.58555485813193,0.9978591203689575
0567_LITTLE_BUCK,0726,774,786,44.911198069976585,-120.48258388499862,0.9998129606246948
0567_LITTLE_BUCK,0726,198,381,45.06657797920764,-120.63704034469859,0.9975761771202087
0567_LITTLE_BUCK,0726,435,524,45.00264562072195,-120.58250386633539,0.9977111220359802
0567_LITTLE_BUCK,0726,210,381,45.06334089776533,-120.63704034469859,0.9970424175262451
0567_LITTLE_BUCK,0726,836,490,44.8944731491913,-120.59547058147069,0.992335855960846
0567_LITTLE_BUCK,0726,522,327,44.97917678026517,-120.65763453932524,0.996306300163269
0567_LITTLE_BUCK,0726,656,513,44.943029370826004,-120.58669898005563,0.9978263974189758
0567_LITTLE_BUCK,0726,243,317,45.05443892379896,-120.66144827907092,0.9686745405197144
0567_LITTLE_BUCK,0726,81,354,45.0981395232702,-120.64733744201192,0.9993901252746582
0567_LITTLE_BUCK,0726,722,823,44.92522542289328,-120.46847304793961,0.9739500284194946
0567_LITTLE_BUCK,0726,503,297,44.9843021592155,-120.66907575856229,0.9854282140731812
0567_LITTLE_BUCK,0726,81,303,45.0981395232702,-120.66678751471487,0.816939115524292
0567_LITTLE_BUCK,0726,801,542,44.90391463673138,-120.57563913479316,0.9232728481292725
0567_LITTLE_BUCK,0726,587,546,44.96164258911931,-120.5741136388949,0.9560987949371338
0567_LITTLE_BUCK,0726,165,378,45.075479953174,-120.63818446662229,0.9978863000869751
0567_LITTLE_BUCK,0726,104,345,45.09193511717243,-120.65076980778302,0.9998735189437866
0567_LITTLE_BUCK,0726,426,295,45.00507343180368,-120.66983850651143,0.9975467324256897
0567_LITTLE_BUCK,0726,779,806,44.90984928604229,-120.47495640550727,0.998411238193512
0567_LITTLE_BUCK,0726,705,794,44.92981128826989,-120.47953289320208,0.996025025844574
0567_LITTLE_BUCK,0726,873,679,44.8844921480775,-120.52339090027738,0.8472645878791809
0567_LITTLE_BUCK,0726,672,734,44.93871326223625,-120.50241533167615,0.9979362487792969
0567_LITTLE_BUCK,0726,397,284,45.01289637862261,-120.67403362023167,0.9978019595146179
0567_LITTLE_BUCK,0726,113,397,45.089507306090695,-120.6309383611055,0.9987125992774963
0567_LITTLE_BUCK,0726,295,454,45.04041157088227,-120.60920004455514,0.9958840012550354
0567_LITTLE_BUCK,0726,614,541,44.9543591558741,-120.57602050876774,0.9355772733688354
0567_LITTLE_BUCK,0726,951,746,44.86345111870246,-120.49783884398134,0.9984980821609497
0567_LITTLE_BUCK,0726,798,539,44.904723907091956,-120.57678325671688,0.9977260828018188
0567_LITTLE_BUCK,0726,286,480,45.04283938196401,-120.59928432121637,0.9957667589187622
0567_LITTLE_BUCK,0726,76,336,45.099488307204496,-120.65420217355414,0.9727928042411804
0567_LITTLE_BUCK,0726,542,335,44.97378164452798,-120.6545835475287,0.9962882399559021
0567_LITTLE_BUCK,0726,404,621,45.01100808111459,-120.54551059080231,0.9204099774360657
0567_LITTLE_BUCK,0726,402,163,45.01154759468831,-120.72017987115437,0.7039913535118103
0567_LITTLE_BUCK,0726,667,739,44.940062046170546,-120.5005084618033,0.9975287914276123
0567_LITTLE_BUCK,0726,669,764,44.93952253259683,-120.49097411243912,0.9497435092926025
0567_LITTLE_BUCK,0726,878,710,44.8831433641432,-120.51156830706577,0.9977244138717651
0567_LITTLE_BUCK,0726,342,294,45.027733001899875,-120.67021988048599,0.997352123260498
0567_LITTLE_BUCK,0726,131,346,45.08465168392723,-120.65038843380846,0.9982990026473999
0567_LITTLE_BUCK,0726,577,559,44.9643401569879,-120.56915577722552,0.8667840957641602
0567_LITTLE_BUCK,0726,171,291,45.07386141245285,-120.67136400240969,0.8206593990325928
0567_LITTLE_BUCK,0726,154,345,45.07844727782946,-120.65076980778302,0.9976100325584412
0567_LITTLE_BUCK,0726,702,442,44.930620558630466,-120.61377653224994,0.9977717995643616
0567_LITTLE_BUCK,0726,398,566,45.01262662183575,-120.56648615940354,0.9977509379386902
0567_LITTLE_BUCK,0726,971,798,44.85805598296527,-120.47800739730381,0.7377239465713501
0567_LITTLE_BUCK,0726,786,739,44.90796098853427,-120.5005084618033,0.9984739422798157
0567_LITTLE_BUCK,0726,283,302,45.043648652324585,-120.66716888868945,0.9478243589401245
0567_LITTLE_BUCK,0726,536,355,44.97540018524914,-120.64695606803735,0.9990862607955933
0567_LITTLE_BUCK,0726,790,728,44.90688196138684,-120.50470357552355,0.9976616501808167
0567_LITTLE_BUCK,0726,636,676,44.94842450656319,-120.52453502220108,0.997834324836731
0567_LITTLE_BUCK,0726,302,331,45.03852327337425,-120.65610904342698,0.9975826144218445
0567_LITTLE_BUCK,0726,75,323,45.09975806399136,-120.65916003522352,0.9266734719276428
0567_LITTLE_BUCK,0726,103,282,45.09220487395929,-120.6747963681808,0.5185062885284424
0567_LITTLE_BUCK,0726,804,498,44.9031053663708,-120.59241958967415,0.9999810457229614
0567_LITTLE_BUCK,0726,269,480,45.04742524734062,-120.59928432121637,0.973456621170044
0567_LITTLE_BUCK,0726,775,473,44.91092831318973,-120.60195393903835,0.9991868734359741
0567_LITTLE_BUCK,0726,742,820,44.91983028715609,-120.46961716986331,0.9934132099151611
0567_LITTLE_BUCK,0726,673,368,44.93844350544939,-120.64199820636797,0.6507825255393982
0567_LITTLE_BUCK,0726,230,300,45.05794576202814,-120.66793163663858,0.8041570782661438
0567_LITTLE_BUCK,0726,461,237,44.9956319442636,-120.69195819703636,0.9960434436798096
0567_LITTLE_BUCK,0726,364,222,45.02179835258897,-120.69767880665486,0.9979515671730042
0567_LITTLE_BUCK,0726,633,375,44.94923377692377,-120.639328588546,0.997180163860321
0567_LITTLE_BUCK,0726,635,362,44.94869426335005,-120.64428645021538,0.9750301241874695
0567_LITTLE_BUCK,0726,581,711,44.96326112984046,-120.51118693309121,0.952640175819397
0567_LITTLE_BUCK,0726,368,192,45.02071932544153,-120.7091200258919,0.9840642809867859
0567_LITTLE_BUCK,0726,199,473,45.06630822242078,-120.60195393903835,0.9811049699783325
0567_LITTLE_BUCK,0726,185,472,45.070084817436815,-120.60233531301292,0.9628673791885376
0567_LITTLE_BUCK,0726,879,775,44.88287360735634,-120.48677899871888,0.9985398650169373
0567_LITTLE_BUCK,0726,806,839,44.90256585279708,-120.46237106434653,0.9885638356208801
0567_LITTLE_BUCK,0726,854,756,44.88961752702783,-120.49402510423566,0.9994298219680786
0567_LITTLE_BUCK,0726,849,702,44.89096631096213,-120.51461929886231,0.9884477257728577
0567_LITTLE_BUCK,0726,273,453,45.04634622019318,-120.6095814185297,0.9976559281349182
0567_LITTLE_BUCK,0726,529,333,44.97728848275715,-120.65534629547784,0.9967496395111084
0567_LITTLE_BUCK,0726,98,392,45.09355365789359,-120.63284523097835,0.999880850315094
0567_LITTLE_BUCK,0726,676,798,44.937634235088815,-120.47800739730381,0.8358525633811951
0567_LITTLE_BUCK,0726,157,285,45.07763800746888,-120.67365224625709,0.6047896146774292
0567_LITTLE_BUCK,0726,669,761,44.93952253259683,-120.49211823436282,0.9547365307807922
0567_LITTLE_BUCK,0726,810,723,44.90148682564964,-120.50661044539639,0.99766606092453
0567_LITTLE_BUCK,0726,310,479,45.03636521907938,-120.59966569519094,0.9655734300613403
0567_LITTLE_BUCK,0726,314,269,45.035286191931945,-120.67975422985018,0.9815957546234131
0567_LITTLE_BUCK,0726,125,365,45.08627022464838,-120.64314232829167,0.9983310103416443
0567_LITTLE_BUCK,0726,877,703,44.88341312093006,-120.51423792488775,0.9954501986503601
0567_LITTLE_BUCK,0726,814,455,44.90040779850221,-120.60881867058058,0.9956337213516235
0567_LITTLE_BUCK,0726,157,454,45.07763800746888,-120.60920004455514,0.9977096915245056
0567_LITTLE_BUCK,0726,682,798,44.936015694367654,-120.47800739730381,0.9262124300003052
0567_LITTLE_BUCK,0726,425,197,45.005343188590544,-120.70721315601907,0.9852071404457092
0567_LITTLE_BUCK,0726,774,824,44.911198069976585,-120.46809167396505,0.9969742894172668
0567_LITTLE_BUCK,0726,288,489,45.04229986839029,-120.59585195544527,0.9280961155891418
0567_LITTLE_BUCK,0726,461,608,44.9956319442636,-120.55046845247169,0.9803658723831177
0567_LITTLE_BUCK,0726,180,406,45.07143360137111,-120.62750599533439,0.9975287914276123
0567_LITTLE_BUCK,0726,408,604,45.00992905396715,-120.55199394836997,0.9829828143119812
0567_LITTLE_BUCK,0726,74,449,45.100027820778216,-120.61110691442798,0.9212365746498108
0567_LITTLE_BUCK,0726,111,345,45.090046819664416,-120.65076980778302,0.9999590516090393
0567_LITTLE_BUCK,0726,780,813,44.90957952925543,-120.47228678768529,0.99832683801651
0567_LITTLE_BUCK,0726,303,464,45.038253516587396,-120.60538630480946,0.9919079542160034
0567_LITTLE_BUCK,0726,586,584,44.961912345906164,-120.55962142786132,0.9869264960289001
0567_LITTLE_BUCK,0726,461,600,44.9956319442636,-120.55351944426823,0.9598311185836792
0567_LITTLE_BUCK,0726,786,848,44.90796098853427,-120.45893869857542,0.974190354347229
0567_LITTLE_BUCK,0726,385,561,45.01613346006492,-120.56839302927638,0.9970776438713074
0567_LITTLE_BUCK,0726,399,161,45.012356865048886,-120.72094261910351,0.767408549785614
0567_LITTLE_BUCK,0726,221,460,45.06037357310987,-120.60691180070773,0.6607627272605896
0567_LITTLE_BUCK,0726,931,719,44.868846254439646,-120.50813594129467,0.9978290796279907
0567_LITTLE_BUCK,0726,620,606,44.95274061515294,-120.55123120042083,0.9978147745132446
0567_LITTLE_BUCK,0726,251,462,45.05228086950409,-120.6061490527586,0.9726526737213135
0567_LITTLE_BUCK,0726,587,570,44.96164258911931,-120.56496066350527,0.992496907711029
0567_LITTLE_BUCK,0726,855,816,44.88934777024097,-120.47114266576159,0.9733332395553589
0567_LITTLE_BUCK,0726,467,574,44.994013403542446,-120.563435167607,0.6843473315238953
0567_LITTLE_BUCK,0726,261,368,45.049583301635494,-120.64199820636797,0.9975290298461914
0567_LITTLE_BUCK,0726,803,829,44.90337512315766,-120.46618480409221,0.992231547832489
0567_LITTLE_BUCK,0726,804,813,44.9031053663708,-120.47228678768529,0.9943276047706604
0567_LITTLE_BUCK,0726,233,429,45.057136491667556,-120.61873439391933,0.7534083724021912
0567_LITTLE_BUCK,0726,850,825,44.890696554175264,-120.46771029999047,0.9900442957878113
0567_LITTLE_BUCK,0726,786,477,44.90796098853427,-120.60042844314007,0.9996851682662964
0567_LITTLE_BUCK,0726,821,467,44.89851950099419,-120.60424218288576,0.9974355697631836
0567_LITTLE_BUCK,0726,460,596,44.99590170105046,-120.55504494016651,0.9190412759780884
0567_LITTLE_BUCK,0726,933,812,44.86830674086593,-120.47266816165985,0.9724646210670471
0567_LITTLE_BUCK,0726,71,426,45.10083709113879,-120.61987851584304,0.9643552303314209
0567_LITTLE_BUCK,0726,435,596,45.00264562072195,-120.55504494016651,0.9983212947845459
0567_LITTLE_BUCK,0726,707,813,44.92927177469617,-120.47228678768529,0.9600704312324524
0567_LITTLE_BUCK,0726,828,688,44.89663120348617,-120.51995853450627,0.9680978059768677
0567_LITTLE_BUCK,0726,805,816,44.90283560958394,-120.47114266576159,0.9926962852478027
0567_LITTLE_BUCK,0726,49,375,45.1067717404497,-120.639328588546,0.922930896282196
0567_LITTLE_BUCK,0726,775,794,44.91092831318973,-120.47953289320208,0.9996981620788574
0567_LITTLE_BUCK,0726,397,550,45.01289637862261,-120.57258814299662,0.9977569580078125
0567_LITTLE_BUCK,0726,827,672,44.89690096027304,-120.52606051809936,0.5696048140525818
0567_LITTLE_BUCK,0726,691,757,44.933587883285924,-120.49364373026108,0.9978088140487671
0567_LITTLE_BUCK,0726,360,179,45.02287737973641,-120.71407788756129,0.5008187294006348
0567_LITTLE_BUCK,0726,767,830,44.9130863674846,-120.46580343011765,0.9735417366027832
0567_LITTLE_BUCK,0726,699,805,44.93142982899104,-120.47533777948183,0.9800593852996826
0567_LITTLE_BUCK,0726,332,264,45.03043056976847,-120.68166109972302,0.9963545203208923
0567_LITTLE_BUCK,0726,246,300,45.053629653438385,-120.66793163663858,0.8359165191650391
0567_LITTLE_BUCK,0726,258,366,45.05039257199607,-120.6427609543171,0.9975625872612
0567_LITTLE_BUCK,0726,159,340,45.07709849389516,-120.65267667765586,0.9975540637969971
0567_LITTLE_BUCK,0726,919,705,44.87208333588196,-120.51347517693861,0.9975468516349792
0567_LITTLE_BUCK,0726,665,447,44.940601559744266,-120.61186966237712,0.9989650249481201
0567_LITTLE_BUCK,0726,769,642,44.91254685391088,-120.53750173733638,0.998151957988739
0567_LITTLE_BUCK,0726,190,481,45.06873603350252,-120.59890294724181,0.8127581477165222
0567_LITTLE_BUCK,0726,502,325,44.98457191600236,-120.65839728727438,0.9977608323097229
0567_LITTLE_BUCK,0726,116,285,45.08869803573012,-120.67365224625709,0.8359400033950806
0567_LITTLE_BUCK,0726,255,335,45.051201842356654,-120.6545835475287,0.9978131651878357
0567_LITTLE_BUCK,0726,816,448,44.89986828492849,-120.61148828840254,0.9371435046195984
0567_LITTLE_BUCK,0726,908,848,44.87505066053742,-120.45893869857542,0.9486947059631348
0567_LITTLE_BUCK,0726,286,348,45.04283938196401,-120.64962568585932,0.9982479810714722
0567_LITTLE_BUCK,0726,378,293,45.01802175757294,-120.67060125446055,0.9970675110816956
0567_LITTLE_BUCK,0726,132,367,45.08438192714036,-120.64237958034253,0.9981016516685486
0567_LITTLE_BUCK,0726,157,467,45.07763800746888,-120.60424218288576,0.8583654761314392
0567_LITTLE_BUCK,0726,248,403,45.053090139864665,-120.62865011725809,0.9943651556968689
0567_LITTLE_BUCK,0726,414,555,45.008310513245995,-120.57068127312378,0.9981147646903992
0567_LITTLE_BUCK,0726,390,519,45.014784676130624,-120.58441073620823,0.9970210194587708
0567_LITTLE_BUCK,0726,158,314,45.07736825068202,-120.66259240099463,0.9958670139312744
0567_LITTLE_BUCK,0726,656,574,44.943029370826004,-120.563435167607,0.9987290501594543
0567_LITTLE_BUCK,0726,347,198,45.02638421796558,-120.7068317820445,0.9681804180145264
0567_LITTLE_BUCK,0726,794,709,44.9058029342394,-120.51194968104035,0.9823541641235352
0567_LITTLE_BUCK,0726,235,435,45.05659697809384,-120.61644615007192,0.9405024647712708
0567_LITTLE_BUCK,0726,581,582,44.96326112984046,-120.56038417581046,0.879809558391571
0567_LITTLE_BUCK,0726,52,380,45.105962470089125,-120.63742171867315,0.9447345733642578
0567_LITTLE_BUCK,0726,648,725,44.94518742512088,-120.50584769744727,0.9931604266166687
0567_LITTLE_BUCK,0726,641,511,44.947075722628895,-120.58746172800477,0.9977612495422363
0567_LITTLE_BUCK,0726,769,699,44.91254685391088,-120.51576342078603,0.9906948804855347
0567_LITTLE_BUCK,0726,208,293,45.06388041133905,-120.67060125446055,0.7139667868614197
0567_LITTLE_BUCK,0726,189,463,45.069005790289374,-120.60576767878402,0.9968830347061157
0567_LITTLE_BUCK,0726,173,331,45.07332189887913,-120.65610904342698,0.9960350394248962
0567_LITTLE_BUCK,0726,248,351,45.053090139864665,-120.64848156393562,0.9975287914276123
0567_LITTLE_BUCK,0726,605,538,44.95678696695584,-120.57716463069144,0.663335382938385
0567_LITTLE_BUCK,0726,916,810,44.87289260624254,-120.473430909609,0.9975287914276123
0567_LITTLE_BUCK,0726,594,650,44.95975429161129,-120.53445074553984,0.9953083992004395
0567_LITTLE_BUCK,0726,890,805,44.87990628270089,-120.47533777948183,0.9993817210197449
0567_LITTLE_BUCK,0726,955,704,44.862372091555024,-120.51385655091319,0.8832603096961975
0567_LITTLE_BUCK,0726,939,819,44.86668820014477,-120.46999854383789,0.9674941301345825
0567_LITTLE_BUCK,0726,77,294,45.09921855041764,-120.67021988048599,0.6782755255699158
0567_LITTLE_BUCK,0726,466,267,44.9942831603293,-120.68051697779931,0.9973525404930115
0567_LITTLE_BUCK,0726,634,366,44.94896402013691,-120.6427609543171,0.9952147006988525
0567_LITTLE_BUCK,0726,221,446,45.06037357310987,-120.61225103635168,0.9663124084472656
0567_LITTLE_BUCK,0726,146,421,45.080605332124335,-120.62178538571587,0.9988847374916077
0567_LITTLE_BUCK,0726,422,215,45.00615245895112,-120.70034842447684,0.996831476688385
0567_LITTLE_BUCK,0726,406,518,45.01046856754087,-120.5847921101828,0.9970664381980896
0567_LITTLE_BUCK,0726,359,562,45.023147136523264,-120.56801165530182,0.6066939234733582
0567_LITTLE_BUCK,0726,617,717,44.953549885513524,-120.50889868924381,0.9888712763786316
0567_LITTLE_BUCK,0726,805,809,44.90283560958394,-120.47381228358357,0.9973312020301819
0567_LITTLE_BUCK,0726,316,473,45.034746678358225,-120.60195393903835,0.9917976260185242
0567_LITTLE_BUCK,0726,703,781,44.93035080184361,-120.48449075487146,0.9978492856025696
0567_LITTLE_BUCK,0726,216,323,45.06172235704417,-120.65916003522352,0.990018367767334
0567_LITTLE_BUCK,0726,959,712,44.86129306440758,-120.51080555911665,0.976840615272522
0567_LITTLE_BUCK,0726,366,586,45.02125883901525,-120.55885867991219,0.9272924065589905
0567_LITTLE_BUCK,0726,854,837,44.88961752702783,-120.46313381229567,0.9962131977081299
0567_LITTLE_BUCK,0726,629,380,44.95031280407121,-120.63742171867315,0.9983528256416321
0567_LITTLE_BUCK,0726,794,733,44.9058029342394,-120.50279670565072,0.9978399872779846
0567_LITTLE_BUCK,0726,624,560,44.95166158800551,-120.56877440325096,0.9970173239707947
0567_LITTLE_BUCK,0726,582,366,44.962991373053605,-120.6427609543171,0.9979756474494934
0567_LITTLE_BUCK,0726,168,423,45.07467068281343,-120.62102263776674,0.9984016418457031
0567_LITTLE_BUCK,0726,793,459,44.90607269102625,-120.6072931746823,0.9366797804832458
0567_LITTLE_BUCK,0726,387,600,45.0155939464912,-120.55351944426823,0.9899287819862366
0567_LITTLE_BUCK,0726,880,817,44.88260385056948,-120.47076129178703,0.9967324137687683
0567_LITTLE_BUCK,0726,861,806,44.88772922951981,-120.47495640550727,0.9980358481407166
0567_LITTLE_BUCK,0726,814,481,44.90040779850221,-120.59890294724181,0.9976257681846619
0567_LITTLE_BUCK,0726,880,829,44.88260385056948,-120.46618480409221,0.8073700070381165
0567_LITTLE_BUCK,0726,177,328,45.07224287173169,-120.65725316535068,0.9946098923683167
0567_LITTLE_BUCK,0726,231,387,45.05767600524128,-120.63475210085117,0.9918382167816162
0567_LITTLE_BUCK,0726,228,325,45.05848527560186,-120.65839728727438,0.9809218049049377
0567_LITTLE_BUCK,0726,326,266,45.03204911048963,-120.68089835177389,0.9916490316390991
0567_LITTLE_BUCK,0726,300,494,45.03906278694797,-120.59394508557243,0.6957862377166748
0567_LITTLE_BUCK,0726,466,239,44.9942831603293,-120.69119544908722,0.9915086030960083
0567_LITTLE_BUCK,0726,406,598,45.01046856754087,-120.55428219221737,0.9952155947685242
0567_LITTLE_BUCK,0726,729,862,44.92333712538526,-120.45359946293146,0.7247007489204407
0567_LITTLE_BUCK,0726,433,191,45.00318513429566,-120.70950139986647,0.7367176413536072
0567_LITTLE_BUCK,0726,90,375,45.09571171218846,-120.639328588546,0.9999021887779236
0567_LITTLE_BUCK,0726,834,707,44.89501266276502,-120.51271242898947,0.9982765316963196
0567_LITTLE_BUCK,0726,588,679,44.961372832332444,-120.52339090027738,0.9974356293678284
0567_LITTLE_BUCK,0726,244,415,45.054169167012105,-120.62407362956328,0.98117595911026
0567_LITTLE_BUCK,0726,826,832,44.89717071705989,-120.4650406821685,0.9965188503265381
0567_LITTLE_BUCK,0726,612,644,44.95489866944782,-120.53673898938725,0.9982005953788757
0567_LITTLE_BUCK,0726,357,211,45.023686650096984,-120.70187392037512,0.9857466816902161
0567_LITTLE_BUCK,0726,580,540,44.963530886627325,-120.5764018827423,0.7805576920509338
0567_LITTLE_BUCK,0726,296,475,45.04014181409541,-120.60119119108921,0.9895893931388855
0567_LITTLE_BUCK,0726,407,622,45.01019881075401,-120.54512921682775,0.9063361883163452
0567_LITTLE_BUCK,0726,613,682,44.95462891266096,-120.52224677835368,0.9975544214248657
0567_LITTLE_BUCK,0726,594,355,44.95975429161129,-120.64695606803735,0.928282618522644
0567_LITTLE_BUCK,0726,819,506,44.89905901456791,-120.58936859787761,0.9999914169311523
0567_LITTLE_BUCK,0726,451,234,44.998329512132194,-120.69310231896006,0.9979501366615295
0567_LITTLE_BUCK,0726,234,350,45.0568667348807,-120.6488629379102,0.9975287914276123
0567_LITTLE_BUCK,0726,517,320,44.98052556419947,-120.66030415714722,0.9970052242279053
0567_LITTLE_BUCK,0726,624,669,44.95166158800551,-120.52720464002306,0.9985443949699402
0567_LITTLE_BUCK,0726,667,438,44.940062046170546,-120.61530202814822,0.9984407424926758
0567_LITTLE_BUCK,0726,648,392,44.94518742512088,-120.63284523097835,0.9963081479072571
0567_LITTLE_BUCK,0726,814,467,44.90040779850221,-120.60424218288576,0.9961104393005371
0567_LITTLE_BUCK,0726,835,719,44.894742905978156,-120.50813594129467,0.9986234307289124
0567_LITTLE_BUCK,0726,667,737,44.940062046170546,-120.50127120975245,0.9975541830062866
0567_LITTLE_BUCK,0726,411,612,45.00911978360657,-120.54894295657343,0.8447413444519043
0567_LITTLE_BUCK,0726,838,470,44.89393363561758,-120.60309806096205,0.9424524903297424
0567_LITTLE_BUCK,0726,487,565,44.98861826780525,-120.56686753337812,0.8543431758880615
0567_LITTLE_BUCK,0726,207,339,45.064150168125906,-120.65305805163044,0.9956769943237305
0567_LITTLE_BUCK,0726,900,800,44.87720871483229,-120.47724464935467,0.9992927312850952
0567_LITTLE_BUCK,0726,203,352,45.065229195273346,-120.64810018996106,0.9975801110267639
0567_LITTLE_BUCK,0726,72,306,45.100567334351936,-120.66564339279117,0.936244547367096
0567_LITTLE_BUCK,0726,562,348,44.96838650879079,-120.64962568585932,0.9977754354476929
0567_LITTLE_BUCK,0726,835,821,44.894742905978156,-120.46923579588875,0.996990442276001
0567_LITTLE_BUCK,0726,77,344,45.09921855041764,-120.6511511817576,0.9941849112510681
0567_LITTLE_BUCK,0726,843,773,44.89258485168328,-120.487541746668,0.9987807869911194
0567_LITTLE_BUCK,0726,144,436,45.081144845698056,-120.61606477609736,0.9992515444755554
0567_LITTLE_BUCK,0726,652,370,44.944108397973444,-120.64123545841883,0.9870993494987488
0567_LITTLE_BUCK,0726,729,435,44.92333712538526,-120.61644615007192,0.9817314743995667
0567_LITTLE_BUCK,0726,616,613,44.95381964230038,-120.54856158259885,0.9975340962409973
0567_LITTLE_BUCK,0726,204,479,45.06495943848648,-120.59966569519094,0.8821349143981934
0567_LITTLE_BUCK,0726,116,342,45.08869803573012,-120.65191392970674,0.9999313354492188
0567_LITTLE_BUCK,0726,209,410,45.063610654552186,-120.62598049943612,0.9973145127296448
0567_LITTLE_BUCK,0726,171,306,45.07386141245285,-120.66564339279117,0.7780640721321106
0567_LITTLE_BUCK,0726,46,316,45.10758101081028,-120.6618296530455,0.7177277207374573
0567_LITTLE_BUCK,0726,262,470,45.04931354484864,-120.60309806096205,0.9962563514709473
0567_LITTLE_BUCK,0726,138,380,45.08276338641921,-120.63742171867315,0.9987506866455078
0567_LITTLE_BUCK,0726,686,405,44.93493666722022,-120.62788736930897,0.8672173023223877
0567_LITTLE_BUCK,0726,740,436,44.92036980072981,-120.61606477609736,0.9897533655166626
0567_LITTLE_BUCK,0726,256,357,45.05093208556979,-120.64619332008822,0.9975287914276123
0567_LITTLE_BUCK,0726,383,190,45.01667297363864,-120.70988277384104,0.9713302254676819
0567_LITTLE_BUCK,0726,416,509,45.007770999672275,-120.58822447595391,0.9969781041145325
0567_LITTLE_BUCK,0726,424,202,45.0056129453774,-120.70530628614623,0.9928540587425232
0567_LITTLE_BUCK,0726,612,615,44.95489866944782,-120.54779883464973,0.9968805313110352
0567_LITTLE_BUCK,0726,779,637,44.90984928604229,-120.53940860720923,0.6871230602264404
0567_LITTLE_BUCK,0726,694,444,44.93277861292534,-120.61301378430082,0.997586190700531
0567_LITTLE_BUCK,0726,277,475,45.045267193045746,-120.60119119108921,0.9926741123199463
0567_LITTLE_BUCK,0726,608,661,44.955977696595255,-120.5302556318196,0.9981271624565125
0567_LITTLE_BUCK,0726,283,312,45.043648652324585,-120.66335514894377,0.9581172466278076
0567_LITTLE_BUCK,0726,438,629,45.001836350361366,-120.54245959900577,0.807028591632843
0567_LITTLE_BUCK,0726,424,498,45.0056129453774,-120.59241958967415,0.9976027011871338
0567_LITTLE_BUCK,0726,98,401,45.09355365789359,-120.62941286520723,0.999518096446991
0567_LITTLE_BUCK,0726,387,295,45.0155939464912,-120.66983850651143,0.9937250018119812
0567_LITTLE_BUCK,0726,629,668,44.95031280407121,-120.52758601399762,0.9983927607536316
0567_LITTLE_BUCK,0726,293,311,45.04095108445599,-120.66373652291833,0.9963480234146118
0567_LITTLE_BUCK,0726,617,712,44.953549885513524,-120.51080555911665,0.9975259900093079
0567_LITTLE_BUCK,0726,806,510,44.90256585279708,-120.58784310197935,0.9999968409538269
0567_LITTLE_BUCK,0726,444,230,45.00021780964021,-120.69462781485832,0.9981784224510193
0567_LITTLE_BUCK,0726,622,691,44.95220110157923,-120.51881441258257,0.9988427758216858
0567_LITTLE_BUCK,0726,657,373,44.94275961403914,-120.64009133649513,0.9910203814506531
0567_LITTLE_BUCK,0726,610,555,44.95543818302154,-120.57068127312378,0.9746374487876892
0567_LITTLE_BUCK,0726,471,579,44.992934376395006,-120.56152829773416,0.7135788202285767
0567_LITTLE_BUCK,0726,460,211,44.99590170105046,-120.70187392037512,0.6270544528961182
0567_LITTLE_BUCK,0726,179,347,45.07170335815797,-120.6500070598339,0.9967840313911438
0567_LITTLE_BUCK,0726,498,599,44.9856509431498,-120.55390081824281,0.6374375224113464
0567_LITTLE_BUCK,0726,170,308,45.074131169239706,-120.66488064484204,0.7591044902801514
0567_LITTLE_BUCK,0726,174,333,45.073052142092266,-120.65534629547784,0.9964971542358398
0567_LITTLE_BUCK,0726,627,569,44.95085231764493,-120.56534203747984,0.9975287914276123
0567_LITTLE_BUCK,0726,274,302,45.04607646340632,-120.66716888868945,0.9716174602508545
0567_LITTLE_BUCK,0726,786,568,44.90796098853427,-120.5657234114544,0.9966079592704773
0567_LITTLE_BUCK,0726,291,484,45.04149059802971,-120.5977588253181,0.9532116651535034
0567_LITTLE_BUCK,0726,306,301,45.03744424622682,-120.66755026266401,0.9972707629203796
0567_LITTLE_BUCK,0726,792,835,44.90634244781312,-120.4638965602448,0.9959731698036194
0567_LITTLE_BUCK,0726,770,444,44.912277097124026,-120.61301378430082,0.6852585673332214
0567_LITTLE_BUCK,0726,604,619,44.957056723742696,-120.54627333875145,0.997719407081604
0567_LITTLE_BUCK,0726,924,749,44.87073455194766,-120.49669472205763,0.9995774030685425
0567_LITTLE_BUCK,0726,235,388,45.05659697809384,-120.63437072687661,0.9958639740943909
0567_LITTLE_BUCK,0726,463,509,44.99509243068988,-120.58822447595391,0.9989398121833801
0567_LITTLE_BUCK,0726,438,508,45.001836350361366,-120.58860584992847,0.998166561126709
0567_LITTLE_BUCK,0726,438,237,45.001836350361366,-120.69195819703636,0.9985924363136292
0567_LITTLE_BUCK,0726,222,295,45.060103816323014,-120.66983850651143,0.6748871207237244
0567_LITTLE_BUCK,0726,771,847,44.91200734033716,-120.45932007254999,0.7331021428108215
0567_LITTLE_BUCK,0726,68,456,45.10164636149937,-120.608437296606,0.6858113408088684
0567_LITTLE_BUCK,0726,315,257,45.03501643514508,-120.684330717545,0.9847074151039124
0567_LITTLE_BUCK,0726,633,722,44.94923377692377,-120.50699181937097,0.996663510799408
0567_LITTLE_BUCK,0726,769,621,44.91254685391088,-120.54551059080231,0.9978175759315491
0567_LITTLE_BUCK,0726,106,362,45.09139560359871,-120.64428645021538,0.9999802708625793
0567_LITTLE_BUCK,0726,279,454,45.044727679472025,-120.60920004455514,0.9979907274246216
0567_LITTLE_BUCK,0726,730,433,44.9230673685984,-120.61720889802106,0.8528786897659302
0567_LITTLE_BUCK,0726,799,775,44.9044541503051,-120.48677899871888,0.9989008903503418
0567_LITTLE_BUCK,0726,418,594,45.007231486098554,-120.55580768811565,0.9975526332855225
0567_LITTLE_BUCK,0726,510,278,44.982413861707485,-120.67632186407907,0.9356231093406677
0567_LITTLE_BUCK,0726,48,377,45.107041497236565,-120.63856584059685,0.9531858563423157
0567_LITTLE_BUCK,0726,849,688,44.89096631096213,-120.51995853450627,0.9857684969902039
0567_LITTLE_BUCK,0726,582,676,44.962991373053605,-120.52453502220108,0.9969632625579834
0567_LITTLE_BUCK,0726,594,623,44.95975429161129,-120.54474784285317,0.9982022643089294
0567_LITTLE_BUCK,0726,471,258,44.992934376395006,-120.68394934357043,0.9961522817611694
0567_LITTLE_BUCK,0726,824,705,44.89771023063361,-120.51347517693861,0.9928475618362427
0567_LITTLE_BUCK,0726,474,555,44.99212510603443,-120.57068127312378,0.8691216707229614
0567_LITTLE_BUCK,0726,199,408,45.06630822242078,-120.62674324738525,0.997344970703125
0567_LITTLE_BUCK,0726,258,410,45.05039257199607,-120.62598049943612,0.9972252249717712
0567_LITTLE_BUCK,0726,60,325,45.10380441579425,-120.65839728727438,0.9645617604255676
0567_LITTLE_BUCK,0726,376,592,45.01856127114665,-120.55657043606477,0.9886012077331543
0567_LITTLE_BUCK,0726,618,605,44.95328012872666,-120.55161257439539,0.9979705810546875
0567_LITTLE_BUCK,0726,289,486,45.04203011160343,-120.59699607736897,0.9563339948654175
0567_LITTLE_BUCK,0726,880,771,44.88260385056948,-120.48830449461714,0.998836874961853
0567_LITTLE_BUCK,0726,245,468,45.05389941022525,-120.6038608089112,0.9771947860717773
0567_LITTLE_BUCK,0726,246,427,45.053629653438385,-120.61949714186846,0.9916505813598633
0567_LITTLE_BUCK,0726,180,481,45.07143360137111,-120.59890294724181,0.6298394203186035
0567_LITTLE_BUCK,0726,744,670,44.91929077358237,-120.5268232660485,0.9982161521911621
0567_LITTLE_BUCK,0726,105,379,45.09166536038557,-120.63780309264773,0.9996220469474792
0567_LITTLE_BUCK,0726,371,531,45.01991005508095,-120.57983424851342,0.9975287914276123
0567_LITTLE_BUCK,0726,441,575,45.00102708000079,-120.56305379363243,0.9985173940658569
0567_LITTLE_BUCK,0726,650,533,44.94464791154716,-120.57907150056428,0.9970628619194031
0567_LITTLE_BUCK,0726,827,671,44.89690096027304,-120.52644189207392,0.5728045105934143
0567_LITTLE_BUCK,0726,243,386,45.05443892379896,-120.63513347482575,0.9694129824638367
0567_LITTLE_BUCK,0726,412,537,45.008850026819715,-120.577546004666,0.9975287914276123
0567_LITTLE_BUCK,0726,203,468,45.065229195273346,-120.6038608089112,0.993494987487793
0567_LITTLE_BUCK,0726,400,501,45.01208710826203,-120.59127546775045,0.9966458082199097
0567_LITTLE_BUCK,0726,926,830,44.87019503837394,-120.46580343011765,0.9919304251670837
0567_LITTLE_BUCK,0726,810,440,44.90148682564964,-120.61453928019908,0.6452499628067017
0567_LITTLE_BUCK,0726,678,802,44.937094721515095,-120.47648190140553,0.7931203246116638
0567_LITTLE_BUCK,0726,647,714,44.94545718190774,-120.51004281116751,0.997539222240448
0567_LITTLE_BUCK,0726,179,468,45.07170335815797,-120.6038608089112,0.9581319093704224
0567_LITTLE_BUCK,0726,827,677,44.89690096027304,-120.52415364822652,0.5474894642829895
0567_LITTLE_BUCK,0726,955,788,44.862372091555024,-120.4818211370495,0.9990853667259216
0567_LITTLE_BUCK,0726,121,376,45.08734925179582,-120.63894721457143,0.9982030391693115
0567_LITTLE_BUCK,0726,771,850,44.91200734033716,-120.45817595062628,0.7365594506263733
0567_LITTLE_BUCK,0726,604,683,44.957056723742696,-120.52186540437911,0.9975296258926392
0567_LITTLE_BUCK,0726,358,182,45.02341689331013,-120.71293376563759,0.8591130971908569
0567_LITTLE_BUCK,0726,818,832,44.89932877135477,-120.4650406821685,0.9969824552536011
0567_LITTLE_BUCK,0726,831,700,44.895821933125596,-120.51538204681145,0.9983121752738953
0567_LITTLE_BUCK,0726,632,720,44.94950353371063,-120.5077545673201,0.9975627064704895
0567_LITTLE_BUCK,0726,770,851,44.912277097124026,-120.45779457665172,0.5715810656547546
0567_LITTLE_BUCK,0726,570,594,44.96622845449592,-120.55580768811565,0.6973586082458496
0567_LITTLE_BUCK,0726,702,814,44.930620558630466,-120.47190541371073,0.9684259295463562
0567_LITTLE_BUCK,0726,472,550,44.99266461960815,-120.57258814299662,0.9623639583587646
0567_LITTLE_BUCK,0726,333,283,45.03016081298161,-120.67441499420623,0.9969286322593689
0567_LITTLE_BUCK,0726,388,507,45.015324189704344,-120.58898722390305,0.9975367188453674
0567_LITTLE_BUCK,0726,634,376,44.94896402013691,-120.63894721457143,0.996862530708313
0567_LITTLE_BUCK,0726,480,535,44.99050656531327,-120.57830875261514,0.9944366812705994
0567_LITTLE_BUCK,0726,447,236,44.999408539279635,-120.69233957101092,0.9976386427879333
0567_LITTLE_BUCK,0726,644,518,44.94626645226832,-120.5847921101828,0.9976502060890198
0567_LITTLE_BUCK,0726,641,358,44.947075722628895,-120.64581194611365,0.9871324896812439
0567_LITTLE_BUCK,0726,610,562,44.95543818302154,-120.56801165530182,0.9947881698608398
0567_LITTLE_BUCK,0726,369,203,45.02044956865467,-120.70492491217166,0.9823593497276306
0567_LITTLE_BUCK,0726,787,721,44.907691231747414,-120.50737319334553,0.9949727654457092
0567_LITTLE_BUCK,0726,291,354,45.04149059802971,-120.64733744201192,0.9986675381660461
0567_LITTLE_BUCK,0726,651,693,44.9443781547603,-120.51805166463343,0.9983198642730713
0567_LITTLE_BUCK,0726,820,509,44.89878925778105,-120.58822447595391,0.9994127154350281
0567_LITTLE_BUCK,0726,99,318,45.09328390110673,-120.66106690509636,0.9980937838554382
0567_LITTLE_BUCK,0726,358,283,45.02341689331013,-120.67441499420623,0.9975287914276123
0567_LITTLE_BUCK,0726,564,549,44.96784699521707,-120.5729695169712,0.624893069267273
0567_LITTLE_BUCK,0726,926,804,44.87019503837394,-120.4757191534564,0.9887391328811646
0567_LITTLE_BUCK,0726,324,474,45.03258862406335,-120.60157256506378,0.9962250590324402
0567_LITTLE_BUCK,0726,675,782,44.93790399187567,-120.4841093808969,0.8298589587211609
0567_LITTLE_BUCK,0726,454,516,44.99752024177162,-120.58555485813193,0.9985640645027161
0567_LITTLE_BUCK,0726,146,431,45.080605332124335,-120.6179716459702,0.9994106888771057
0567_LITTLE_BUCK,0726,789,553,44.907151718173694,-120.57144402107292,0.9988939166069031
0567_LITTLE_BUCK,0726,206,452,45.06441992491276,-120.60996279250428,0.9940827488899231
0567_LITTLE_BUCK,0726,765,818,44.91362588105832,-120.47037991781245,0.9983059167861938
0567_LITTLE_BUCK,0726,434,566,45.002915377508806,-120.56648615940354,0.9979756474494934
0567_LITTLE_BUCK,0726,137,325,45.083033143206066,-120.65839728727438,0.9993528127670288
0567_LITTLE_BUCK,0726,400,603,45.01208710826203,-120.55237532234453,0.9785221815109253
0567_LITTLE_BUCK,0726,936,686,44.86749747050535,-120.5207212824554,0.5726155638694763
0567_LITTLE_BUCK,0726,203,459,45.065229195273346,-120.6072931746823,0.9972319602966309
0567_LITTLE_BUCK,0726,113,351,45.089507306090695,-120.64848156393562,0.9998265504837036
0567_LITTLE_BUCK,0726,417,544,45.00750124288542,-120.57487638684404,0.9975713491439819
0567_LITTLE_BUCK,0726,443,242,45.00048756642707,-120.69005132716352,0.9982273578643799
0567_LITTLE_BUCK,0726,145,374,45.08087508891119,-120.63970996252056,0.9992857575416565
0567_LITTLE_BUCK,0726,690,436,44.93385764007278,-120.61606477609736,0.9975873827934265
0567_LITTLE_BUCK,0726,654,706,44.943568884399724,-120.51309380296405,0.9980950355529785
0567_LITTLE_BUCK,0726,954,710,44.86264184834188,-120.51156830706577,0.9614010453224182
0567_LITTLE_BUCK,0726,655,696,44.94329912761286,-120.51690754270973,0.9980804324150085
0567_LITTLE_BUCK,0726,603,553,44.95732648052955,-120.57144402107292,0.9825693964958191
0567_LITTLE_BUCK,0726,405,169,45.01073832432773,-120.71789162730697,0.6349306106567383
0567_LITTLE_BUCK,0726,670,409,44.93925277580997,-120.62636187341069,0.9805639386177063
0567_LITTLE_BUCK,0726,440,492,45.00129683678765,-120.59470783352155,0.9978178143501282
0567_LITTLE_BUCK,0726,600,705,44.958135750890136,-120.51347517693861,0.9911092519760132
0567_LITTLE_BUCK,0726,648,695,44.94518742512088,-120.5172889166843,0.9982901811599731
0567_LITTLE_BUCK,0726,640,556,44.94734547941575,-120.57029989914922,0.9982284903526306
0567_LITTLE_BUCK,0726,775,706,44.91092831318973,-120.51309380296405,0.5001735687255859
0567_LITTLE_BUCK,0726,428,585,45.00453391822996,-120.55924005388675,0.9989336729049683
0567_LITTLE_BUCK,0726,230,409,45.05794576202814,-120.62636187341069,0.9084394574165344
0567_LITTLE_BUCK,0726,400,217,45.01208710826203,-120.6995856765277,0.9987223744392395
0567_LITTLE_BUCK,0726,621,652,44.952470858366084,-120.5336879975907,0.9994633793830872
0567_LITTLE_BUCK,0726,592,582,44.96029380518501,-120.56038417581046,0.9914356470108032
0567_LITTLE_BUCK,0726,140,305,45.08222387284549,-120.66602476676574,0.9985948204994202
0567_LITTLE_BUCK,0726,958,771,44.86156282119444,-120.48830449461714,0.9991653561592102
0567_LITTLE_BUCK,0726,181,474,45.071163844584255,-120.60157256506378,0.8430770635604858
0567_LITTLE_BUCK,0726,186,481,45.06981506064996,-120.59890294724181,0.7432075142860413
0567_LITTLE_BUCK,0726,683,405,44.9357459375808,-120.62788736930897,0.9508973360061646
0567_LITTLE_BUCK,0726,627,677,44.95085231764493,-120.52415364822652,0.9983247518539429
0567_LITTLE_BUCK,0726,243,421,45.05443892379896,-120.62178538571587,0.9850218892097473
0567_LITTLE_BUCK,0726,651,403,44.9443781547603,-120.62865011725809,0.9980753064155579
0567_LITTLE_BUCK,0726,898,806,44.87774822840601,-120.47495640550727,0.998590886592865
0567_LITTLE_BUCK,0726,765,717,44.91362588105832,-120.50889868924381,0.9981789588928223
0567_LITTLE_BUCK,0726,210,399,45.06334089776533,-120.63017561315637,0.997530460357666
0567_LITTLE_BUCK,0726,380,521,45.01748224399922,-120.58364798825909,0.9968127012252808
0567_LITTLE_BUCK,0726,565,342,44.967577238430216,-120.65191392970674,0.9973958730697632
0567_LITTLE_BUCK,0726,312,300,45.03582570550566,-120.66793163663858,0.9972208738327026
0567_LITTLE_BUCK,0726,668,755,44.93979228938369,-120.49440647821022,0.9639191627502441
0567_LITTLE_BUCK,0726,764,818,44.91389563784518,-120.47037991781245,0.9986637830734253
0567_LITTLE_BUCK,0726,416,199,45.007770999672275,-120.70645040806993,0.9939498901367188
0567_LITTLE_BUCK,0726,690,785,44.93385764007278,-120.4829652589732,0.9905861020088196
0567_LITTLE_BUCK,0726,948,727,44.864260389063034,-120.50508494949813,0.9981935620307922
0567_LITTLE_BUCK,0726,681,389,44.93628545115452,-120.63398935290205,0.5615766048431396
0567_LITTLE_BUCK,0726,706,831,44.92954153148303,-120.46542205614307,0.9640743732452393
0567_LITTLE_BUCK,0726,971,792,44.85805598296527,-120.48029564115122,0.7835227847099304
0567_LITTLE_BUCK,0726,322,223,45.033128137637064,-120.6972974326803,0.7245904803276062
0567_LITTLE_BUCK,0726,757,449,44.9157839353532,-120.61110691442798,0.9964272975921631
0567_LITTLE_BUCK,0726,639,721,44.947615236202616,-120.50737319334553,0.9933009147644043
0567_LITTLE_BUCK,0726,892,844,44.87936676912717,-120.46046419447369,0.9363014101982117
0567_LITTLE_BUCK,0726,889,815,44.88017603948774,-120.47152403973615,0.9975976347923279
0567_LITTLE_BUCK,0726,345,191,45.0269237315393,-120.70950139986647,0.7233274579048157
0567_LITTLE_BUCK,0726,644,370,44.94626645226832,-120.64123545841883,0.9939433336257935
0567_LITTLE_BUCK,0726,590,641,44.96083331875873,-120.53788311131096,0.9534174799919128
0567_LITTLE_BUCK,0726,638,567,44.94788499298947,-120.56610478542898,0.9975287914276123
0567_LITTLE_BUCK,0726,690,427,44.93385764007278,-120.61949714186846,0.9973942637443542
0567_LITTLE_BUCK,0726,283,277,45.043648652324585,-120.67670323805363,0.9455399513244629
0567_LITTLE_BUCK,0726,128,453,45.085460954287804,-120.6095814185297,0.9979993104934692
0567_LITTLE_BUCK,0726,162,413,45.07628922353458,-120.62483637751242,0.9978340268135071
0567_LITTLE_BUCK,0726,214,320,45.06226187061789,-120.66030415714722,0.9815317392349243
0567_LITTLE_BUCK,0726,334,461,45.02989105619476,-120.60653042673316,0.9975733160972595
0567_LITTLE_BUCK,0726,466,555,44.9942831603293,-120.57068127312378,0.9499094486236572
0567_LITTLE_BUCK,0726,425,535,45.005343188590544,-120.57830875261514,0.9972522258758545
0567_LITTLE_BUCK,0726,828,706,44.89663120348617,-120.51309380296405,0.9975806474685669
0567_LITTLE_BUCK,0726,276,389,45.0455369498326,-120.63398935290205,0.997571587562561
0567_LITTLE_BUCK,0726,926,810,44.87019503837394,-120.473430909609,0.9737014770507812
0567_LITTLE_BUCK,0726,653,550,44.94383864118658,-120.57258814299662,0.9975287914276123
0567_LITTLE_BUCK,0726,651,749,44.9443781547603,-120.49669472205763,0.5302069783210754
0567_LITTLE_BUCK,0726,394,280,45.01370564898318,-120.67555911612993,0.9981054663658142
0567_LITTLE_BUCK,0726,206,358,45.06441992491276,-120.64581194611365,0.9976144433021545
0567_LITTLE_BUCK,0726,63,372,45.10299514543367,-120.6404727104697,0.9982584118843079
0567_LITTLE_BUCK,0726,558,327,44.969465535938234,-120.65763453932524,0.9787559509277344
0567_LITTLE_BUCK,0726,658,741,44.94248985725228,-120.49974571385418,0.9820267558097839
0567_LITTLE_BUCK,0726,342,295,45.027733001899875,-120.66983850651143,0.9974958300590515
0567_LITTLE_BUCK,0726,769,816,44.91254685391088,-120.47114266576159,0.998875617980957
0567_LITTLE_BUCK,0726,81,322,45.0981395232702,-120.65954140919808,0.928956151008606
0567_LITTLE_BUCK,0726,854,824,44.88961752702783,-120.46809167396505,0.9761965870857239
0567_LITTLE_BUCK,0726,381,290,45.017212487212355,-120.67174537638425,0.9975287914276123
0567_LITTLE_BUCK,0726,785,785,44.908230745321134,-120.4829652589732,0.9998173117637634
0567_LITTLE_BUCK,0726,487,558,44.98861826780525,-120.56953715120008,0.8823068737983704
0567_LITTLE_BUCK,0726,649,520,44.94491766833402,-120.58402936223366,0.9977052807807922
0567_LITTLE_BUCK,0726,917,687,44.87262284945568,-120.52033990848084,0.7303478717803955
0567_LITTLE_BUCK,0726,90,432,45.09571171218846,-120.61759027199562,0.9948491454124451
0567_LITTLE_BUCK,0726,934,809,44.86803698407907,-120.47381228358357,0.978114664554596
0567_LITTLE_BUCK,0726,266,373,45.0482345177012,-120.64009133649513,0.9975287914276123
0567_LITTLE_BUCK,0726,156,343,45.07790776425574,-120.65153255573216,0.997636616230011
0567_LITTLE_BUCK,0726,686,778,44.93493666722022,-120.48563487679516,0.9914277195930481
0567_LITTLE_BUCK,0726,368,200,45.02071932544153,-120.70606903409536,0.980475127696991
0567_LITTLE_BUCK,0726,80,407,45.09840928005706,-120.62712462135983,0.9979871511459351
0567_LITTLE_BUCK,0726,607,546,44.95624745338212,-120.5741136388949,0.9843247532844543
0567_LITTLE_BUCK,0726,734,826,44.92198834145096,-120.46732892601591,0.9635844826698303
0567_LITTLE_BUCK,0726,347,207,45.02638421796558,-120.70339941627338,0.9605598449707031
0567_LITTLE_BUCK,0726,96,376,45.09409317146731,-120.63894721457143,0.99982088804245
0567_LITTLE_BUCK,0726,565,352,44.967577238430216,-120.64810018996106,0.997818648815155
0567_LITTLE_BUCK,0726,472,243,44.99266461960815,-120.68966995318894,0.9787274599075317
0567_LITTLE_BUCK,0726,903,829,44.876399444471716,-120.46618480409221,0.993415355682373
0567_LITTLE_BUCK,0726,582,571,44.962991373053605,-120.5645792895307,0.9769737124443054
0567_LITTLE_BUCK,0726,451,503,44.998329512132194,-120.59051271980131,0.9983877539634705
0567_LITTLE_BUCK,0726,357,542,45.023686650096984,-120.57563913479316,0.8993067145347595
0567_LITTLE_BUCK,0726,914,776,44.87343211981626,-120.4863976247443,0.9987331032752991
0567_LITTLE_BUCK,0726,268,434,45.047695004127476,-120.6168275240465,0.9975287914276123
0567_LITTLE_BUCK,0726,610,681,44.95543818302154,-120.52262815232824,0.9975287914276123
0567_LITTLE_BUCK,0726,76,428,45.099488307204496,-120.6191157678939,0.9453076124191284
0567_LITTLE_BUCK,0726,935,698,44.86776722729221,-120.51614479476059,0.884702742099762
0567_LITTLE_BUCK,0726,798,698,44.904723907091956,-120.51614479476059,0.617975652217865
0567_LITTLE_BUCK,0726,61,429,45.10353465900739,-120.61873439391933,0.5826077461242676
0567_LITTLE_BUCK,0726,633,697,44.94923377692377,-120.51652616873515,0.9982134103775024
0567_LITTLE_BUCK,0726,793,535,44.90607269102625,-120.57830875261514,0.9998304843902588
0567_LITTLE_BUCK,0726,771,655,44.91200734033716,-120.532543875667,0.9852843880653381
0567_LITTLE_BUCK,0726,262,445,45.04931354484864,-120.61263241032624,0.9967858791351318
0567_LITTLE_BUCK,0726,274,276,45.04607646340632,-120.67708461202821,0.8676882386207581
0567_LITTLE_BUCK,0726,787,702,44.907691231747414,-120.51461929886231,0.5649434328079224
0567_LITTLE_BUCK,0726,572,317,44.9656889409222,-120.66144827907092,0.6214308738708496
0567_LITTLE_BUCK,0726,329,225,45.031239840129054,-120.69653468473116,0.9077481031417847
0567_LITTLE_BUCK,0726,657,566,44.94275961403914,-120.56648615940354,0.9981953501701355
0567_LITTLE_BUCK,0726,802,528,44.90364487994452,-120.58097837043712,0.9998525977134705
0567_LITTLE_BUCK,0726,652,759,44.944108397973444,-120.49288098231196,0.769234836101532
0567_LITTLE_BUCK,0726,621,606,44.952470858366084,-120.55123120042083,0.9978600740432739
0567_LITTLE_BUCK,0726,765,446,44.91362588105832,-120.61225103635168,0.9257605671882629
0567_LITTLE_BUCK,0726,589,666,44.96110307554559,-120.52834876194676,0.9949156641960144
0567_LITTLE_BUCK,0726,363,577,45.02206810937583,-120.5622910456833,0.7421979904174805
0567_LITTLE_BUCK,0726,229,324,45.058215518815,-120.65877866124895,0.9852882027626038
0567_LITTLE_BUCK,0726,253,384,45.05174135593037,-120.63589622277489,0.9605094790458679
0567_LITTLE_BUCK,0726,268,293,45.047695004127476,-120.67060125446055,0.5926998257637024
0567_LITTLE_BUCK,0726,751,669,44.91740247607435,-120.52720464002306,0.9981359839439392
0567_LITTLE_BUCK,0726,800,534,44.904184393518236,-120.5786901265897,0.9998040795326233
0567_LITTLE_BUCK,0726,82,417,45.09786976648334,-120.62331088161415,0.997081458568573
0567_LITTLE_BUCK,0726,956,756,44.86210233476816,-120.49402510423566,0.9993980526924133
0567_LITTLE_BUCK,0726,926,751,44.87019503837394,-120.4959319741085,0.9995759129524231
0567_LITTLE_BUCK,0726,794,532,44.9058029342394,-120.57945287453884,0.9999399781227112
0567_LITTLE_BUCK,0726,86,293,45.0967907393359,-120.67060125446055,0.7955825328826904
0567_LITTLE_BUCK,0726,614,710,44.9543591558741,-120.51156830706577,0.9978699088096619
0567_LITTLE_BUCK,0726,640,699,44.94734547941575,-120.51576342078603,0.9980878829956055
0567_LITTLE_BUCK,0726,369,305,45.02044956865467,-120.66602476676574,0.9981191158294678
0567_LITTLE_BUCK,0726,963,742,44.86021403726014,-120.4993643398796,0.9993960857391357
0567_LITTLE_BUCK,0726,867,819,44.88611068879865,-120.46999854383789,0.9688014984130859
0567_LITTLE_BUCK,0726,367,207,45.02098908222839,-120.70339941627338,0.9919971823692322
0567_LITTLE_BUCK,0726,799,731,44.9044541503051,-120.50355945359985,0.9983202815055847
0567_LITTLE_BUCK,0726,314,466,45.035286191931945,-120.60462355686032,0.994545578956604
0567_LITTLE_BUCK,0726,53,387,45.10569271330226,-120.63475210085117,0.7861437201499939
0567_LITTLE_BUCK,0726,635,552,44.94869426335005,-120.5718253950475,0.996060311794281
0567_LITTLE_BUCK,0726,659,571,44.94222010046543,-120.5645792895307,0.9987606406211853
0567_LITTLE_BUCK,0726,953,720,44.86291160512874,-120.5077545673201,0.9904035329818726
0567_LITTLE_BUCK,0726,292,317,45.041220841242854,-120.66144827907092,0.9969244003295898
0567_LITTLE_BUCK,0726,540,354,44.9743211581017,-120.64733744201192,0.9989197254180908
0567_LITTLE_BUCK,0726,920,688,44.871813579095104,-120.51995853450627,0.8498532176017761
0567_LITTLE_BUCK,0726,558,334,44.969465535938234,-120.65496492150328,0.9925060868263245
0567_LITTLE_BUCK,0726,295,488,45.04041157088227,-120.59623332941983,0.8983286023139954
0567_LITTLE_BUCK,0726,583,372,44.96272161626674,-120.6404727104697,0.9982550740242004
0567_LITTLE_BUCK,0726,611,602,44.95516842623468,-120.5527566963191,0.9981786608695984
0567_LITTLE_BUCK,0726,634,726,44.94896402013691,-120.50546632347269,0.9878085851669312
0567_LITTLE_BUCK,0726,243,273,45.05443892379896,-120.67822873395191,0.6515418291091919
0567_LITTLE_BUCK,0726,569,335,44.966498211282776,-120.6545835475287,0.944297194480896
0567_LITTLE_BUCK,0726,271,324,45.0468857337669,-120.65877866124895,0.9962146282196045
0567_LITTLE_BUCK,0726,508,283,44.982953375281205,-120.67441499420623,0.9538681507110596
0567_LITTLE_BUCK,0726,451,229,44.998329512132194,-120.6950091888329,0.9974936246871948
0567_LITTLE_BUCK,0726,407,618,45.01019881075401,-120.54665471272601,0.8626145124435425
0567_LITTLE_BUCK,0726,390,584,45.014784676130624,-120.55962142786132,0.9940429329872131
0567_LITTLE_BUCK,0726,101,265,45.09274438753301,-120.68127972574845,0.5362868905067444
0567_LITTLE_BUCK,0726,155,369,45.0781775210426,-120.6416168323934,0.9979413747787476
0567_LITTLE_BUCK,0726,96,270,45.09409317146731,-120.67937285587561,0.5530811548233032
0567_LITTLE_BUCK,0726,592,537,44.96029380518501,-120.577546004666,0.788466215133667
0567_LITTLE_BUCK,0726,616,675,44.95381964230038,-120.52491639617566,0.9976283311843872
0567_LITTLE_BUCK,0726,648,687,44.94518742512088,-120.52033990848084,0.9979453086853027
0567_LITTLE_BUCK,0726,624,565,44.95166158800551,-120.56686753337812,0.9971545934677124
0567_LITTLE_BUCK,0726,183,356,45.070624331010535,-120.64657469406278,0.9975674748420715
0567_LITTLE_BUCK,0726,228,378,45.05848527560186,-120.63818446662229,0.9907820820808411
0567_LITTLE_BUCK,0726,191,397,45.06846627671566,-120.6309383611055,0.9975287914276123
0567_LITTLE_BUCK,0726,362,228,45.02233786616269,-120.69539056280746,0.9972437620162964
0567_LITTLE_BUCK,0726,64,298,45.10272538864681,-120.66869438458771,0.8263364434242249
0567_LITTLE_BUCK,0726,476,224,44.99158559246071,-120.69691605870574,0.5857296586036682
0567_LITTLE_BUCK,0726,46,361,45.10758101081028,-120.64466782418994,0.5563148856163025
0567_LITTLE_BUCK,0726,360,566,45.02287737973641,-120.56648615940354,0.7176587581634521
0567_LITTLE_BUCK,0726,759,567,44.91524442177948,-120.56610478542898,0.999187171459198
0567_LITTLE_BUCK,0726,568,351,44.96676796806964,-120.64848156393562,0.9975644946098328
0567_LITTLE_BUCK,0726,45,341,45.10785076759714,-120.6522953036813,0.9250434041023254
0567_LITTLE_BUCK,0726,191,387,45.06846627671566,-120.63475210085117,0.9976363182067871
0567_LITTLE_BUCK,0726,802,717,44.90364487994452,-120.50889868924381,0.9930983781814575
0567_LITTLE_BUCK,0726,214,310,45.06226187061789,-120.6641178968929,0.9548908472061157
0567_LITTLE_BUCK,0726,956,741,44.86210233476816,-120.49974571385418,0.9987760782241821
0567_LITTLE_BUCK,0726,411,615,45.00911978360657,-120.54779883464973,0.8286701440811157
0567_LITTLE_BUCK,0726,577,563,44.9643401569879,-120.56763028132724,0.9325736165046692
0567_LITTLE_BUCK,0726,131,404,45.08465168392723,-120.62826874328353,0.9993131160736084
0567_LITTLE_BUCK,0726,773,654,44.91146782676344,-120.53292524964158,0.9855065941810608
0567_LITTLE_BUCK,0726,205,414,45.064689681699626,-120.62445500353785,0.9952406883239746
0567_LITTLE_BUCK,0726,72,378,45.100567334351936,-120.63818446662229,0.998746395111084
0567_LITTLE_BUCK,0726,439,189,45.00156659357451,-120.71026414781561,0.6145818829536438
0567_LITTLE_BUCK,0726,620,357,44.95274061515294,-120.64619332008822,0.9495356678962708
0567_LITTLE_BUCK,0726,394,302,45.01370564898318,-120.66716888868945,0.9952666759490967
0567_LITTLE_BUCK,0726,105,398,45.09166536038557,-120.63055698713093,0.9994861483573914
0567_LITTLE_BUCK,0726,310,296,45.03636521907938,-120.66945713253685,0.9952383041381836
0567_LITTLE_BUCK,0726,824,445,44.89771023063361,-120.61263241032624,0.826646089553833
0567_LITTLE_BUCK,0726,782,709,44.90904001568171,-120.51194968104035,0.9564540982246399
0567_LITTLE_BUCK,0726,268,319,45.047695004127476,-120.66068553112179,0.9895793795585632
0567_LITTLE_BUCK,0726,653,743,44.94383864118658,-120.49898296590504,0.9717940092086792
0567_LITTLE_BUCK,0726,468,559,44.99374364675558,-120.56915577722552,0.9795254468917847
0567_LITTLE_BUCK,0726,389,584,45.01505443291748,-120.55962142786132,0.9946665167808533
0567_LITTLE_BUCK,0726,383,612,45.01667297363864,-120.54894295657343,0.7630358934402466
0567_LITTLE_BUCK,0726,665,407,44.940601559744266,-120.62712462135983,0.9898713827133179
0567_LITTLE_BUCK,0726,768,836,44.91281661069774,-120.46351518627023,0.982711672782898
0567_LITTLE_BUCK,0726,574,597,44.96514942734848,-120.55466356619193,0.9777765870094299
0567_LITTLE_BUCK,0726,73,436,45.10029757756507,-120.61606477609736,0.902893602848053
0567_LITTLE_BUCK,0726,976,735,44.85670719903097,-120.50203395770158,0.8916745781898499
0567_LITTLE_BUCK,0726,407,625,45.01019881075401,-120.54398509490404,0.8974334597587585
0567_LITTLE_BUCK,0726,910,824,44.8745111469637,-120.46809167396505,0.9975313544273376
0567_LITTLE_BUCK,0726,969,764,44.85859549653899,-120.49097411243912,0.9956341981887817
0567_LITTLE_BUCK,0726,971,775,44.85805598296527,-120.48677899871888,0.9490451216697693
0567_LITTLE_BUCK,0726,753,484,44.91686296250064,-120.5977588253181,0.9994974732398987
0567_LITTLE_BUCK,0726,622,573,44.95220110157923,-120.56381654158157,0.9975336194038391
0567_LITTLE_BUCK,0726,180,464,45.07143360137111,-120.60538630480946,0.984486997127533
0567_LITTLE_BUCK,0726,745,728,44.91902101679551,-120.50470357552355,0.9988484382629395
0567_LITTLE_BUCK,0726,959,776,44.86129306440758,-120.4863976247443,0.9978775978088379
0567_LITTLE_BUCK,0726,105,415,45.09166536038557,-120.62407362956328,0.9981473684310913
0567_LITTLE_BUCK,0726,386,550,45.01586370327806,-120.57258814299662,0.9964602589607239
0567_LITTLE_BUCK,0726,88,371,45.09625122576218,-120.64085408444427,0.9999785423278809
0567_LITTLE_BUCK,0726,898,781,44.87774822840601,-120.48449075487146,0.9979334473609924
0567_LITTLE_BUCK,0726,764,856,44.91389563784518,-120.45588770677888,0.7263530492782593
0567_LITTLE_BUCK,0726,905,742,44.875859930897995,-120.4993643398796,0.9994096159934998
0567_LITTLE_BUCK,0726,325,473,45.03231886727649,-120.60195393903835,0.9967254996299744
0567_LITTLE_BUCK,0726,324,261,45.03258862406335,-120.68280522164672,0.9900521636009216
0567_LITTLE_BUCK,0726,422,508,45.00615245895112,-120.58860584992847,0.9977626800537109
0567_LITTLE_BUCK,0726,140,376,45.08222387284549,-120.63894721457143,0.9987568259239197
0567_LITTLE_BUCK,0726,77,398,45.09921855041764,-120.63055698713093,0.9980227947235107
0567_LITTLE_BUCK,0726,757,818,44.9157839353532,-120.47037991781245,0.9983117580413818
0567_LITTLE_BUCK,0726,719,819,44.926034693253854,-120.46999854383789,0.9859597682952881
0567_LITTLE_BUCK,0726,817,517,44.89959852814163,-120.58517348415737,0.9988090991973877
0567_LITTLE_BUCK,0726,335,229,45.02962129940789,-120.6950091888329,0.9770934581756592
0567_LITTLE_BUCK,0726,915,778,44.8731623630294,-120.48563487679516,0.9986136555671692
0567_LITTLE_BUCK,0726,619,657,44.953010371939804,-120.53178112771788,0.9991752505302429
0567_LITTLE_BUCK,0726,874,697,44.884222391290635,-120.51652616873515,0.984653890132904
0567_LITTLE_BUCK,0726,790,756,44.90688196138684,-120.49402510423566,0.9996306896209717
0567_LITTLE_BUCK,0726,652,536,44.944108397973444,-120.57792737864058,0.9975287914276123
0567_LITTLE_BUCK,0726,609,609,44.9557079398084,-120.55008707849713,0.9971284866333008
0567_LITTLE_BUCK,0726,299,358,45.03933254373484,-120.64581194611365,0.9991151094436646
0567_LITTLE_BUCK,0726,565,338,44.967577238430216,-120.653439425605,0.9888933897018433
0567_LITTLE_BUCK,0726,200,469,45.06603846563392,-120.60347943493662,0.9953154921531677
0567_LITTLE_BUCK,0726,254,366,45.05147159914351,-120.6427609543171,0.9965675473213196
0567_LITTLE_BUCK,0726,806,787,44.90256585279708,-120.48220251102406,0.9997331500053406
0567_LITTLE_BUCK,0726,163,352,45.076019466747724,-120.64810018996106,0.9959680438041687
0567_LITTLE_BUCK,0726,269,475,45.04742524734062,-120.60119119108921,0.9893985986709595
0567_LITTLE_BUCK,0726,597,562,44.95894502125071,-120.56801165530182,0.992069661617279
0567_LITTLE_BUCK,0726,282,480,45.04391840911145,-120.59928432121637,0.9967272281646729
0567_LITTLE_BUCK,0726,514,300,44.981334834560045,-120.66793163663858,0.9691311717033386
0567_LITTLE_BUCK,0726,79,401,45.09867903684392,-120.62941286520723,0.9982165694236755
0567_LITTLE_BUCK,0726,715,428,44.927113720401294,-120.6191157678939,0.9774057269096375
0567_LITTLE_BUCK,0726,921,831,44.87154382230824,-120.46542205614307,0.9854595065116882
0567_LITTLE_BUCK,0726,885,684,44.881255066635184,-120.52148403040454,0.5329281091690063
0567_LITTLE_BUCK,0726,582,702,44.962991373053605,-120.51461929886231,0.9073476791381836
0567_LITTLE_BUCK,0726,297,298,45.03987205730856,-120.66869438458771,0.992236852645874
0567_LITTLE_BUCK,0726,190,418,45.06873603350252,-120.62292950763958,0.9976872205734253
0567_LITTLE_BUCK,0726,559,364,44.96919577915137,-120.64352370226624,0.9981618523597717
0567_LITTLE_BUCK,0726,934,694,44.86803698407907,-120.51767029065886,0.9660013318061829
0567_LITTLE_BUCK,0726,392,582,45.014245162556904,-120.56038417581046,0.9939227104187012
0567_LITTLE_BUCK,0726,853,707,44.88988728381469,-120.51271242898947,0.9934729337692261
0567_LITTLE_BUCK,0726,184,313,45.07035457422367,-120.6629737749692,0.8746799826622009
0567_LITTLE_BUCK,0726,47,354,45.10731125402342,-120.64733744201192,0.951003909111023
0567_LITTLE_BUCK,0726,583,558,44.96272161626674,-120.56953715120008,0.8928182125091553
0567_LITTLE_BUCK,0726,772,668,44.911737583550305,-120.52758601399762,0.9159680008888245
0567_LITTLE_BUCK,0726,841,773,44.893124365257,-120.487541746668,0.9987613558769226
0567_LITTLE_BUCK,0726,293,464,45.04095108445599,-120.60538630480946,0.9949097633361816
0567_LITTLE_BUCK,0726,698,780,44.931699585777906,-120.48487212884604,0.9975400567054749
0567_LITTLE_BUCK,0726,419,288,45.0069617293117,-120.67250812433339,0.9977368116378784
0567_LITTLE_BUCK,0726,736,813,44.92144882787724,-120.47228678768529,0.9968282580375671
0567_LITTLE_BUCK,0726,427,211,45.004803675016824,-120.70187392037512,0.9955980777740479
0567_LITTLE_BUCK,0726,952,753,44.8631813619156,-120.49516922615936,0.9992807507514954
0567_LITTLE_BUCK,0726,410,204,45.009389540393435,-120.70454353819709,0.9964435696601868
0567_LITTLE_BUCK,0726,276,275,45.0455369498326,-120.67746598600277,0.8714877963066101
0567_LITTLE_BUCK,0726,142,450,45.08168435927177,-120.6107255404534,0.9989269375801086
0567_LITTLE_BUCK,0726,447,239,44.999408539279635,-120.69119544908722,0.9978325366973877
0567_LITTLE_BUCK,0726,805,522,44.90283560958394,-120.58326661428453,0.9999332427978516
0567_LITTLE_BUCK,0726,197,319,45.0668477359945,-120.66068553112179,0.9571135640144348
0567_LITTLE_BUCK,0726,236,419,45.05632722130698,-120.622548133665,0.9910465478897095
0567_LITTLE_BUCK,0726,83,404,45.09760000969648,-120.62826874328353,0.9982098937034607
0567_LITTLE_BUCK,0726,861,773,44.88772922951981,-120.487541746668,0.9988008141517639
0567_LITTLE_BUCK,0726,583,588,44.96272161626674,-120.55809593196305,0.9927242398262024
0567_LITTLE_BUCK,0726,959,737,44.86129306440758,-120.50127120975245,0.9986518025398254
0567_LITTLE_BUCK,0726,770,802,44.912277097124026,-120.47648190140553,0.9995452761650085
0567_LITTLE_BUCK,0726,898,690,44.87774822840601,-120.51919578655713,0.799048662185669
0567_LITTLE_BUCK,0726,762,664,44.9144351514189,-120.5291115098959,0.9937686920166016
0567_LITTLE_BUCK,0726,252,485,45.05201111271723,-120.59737745134353,0.8504953980445862
0567_LITTLE_BUCK,0726,742,821,44.91983028715609,-120.46923579588875,0.9934348464012146
0567_LITTLE_BUCK,0726,454,566,44.99752024177162,-120.56648615940354,0.9955067038536072
0567_LITTLE_BUCK,0726,907,781,44.875320417324275,-120.48449075487146,0.9980298280715942
0567_LITTLE_BUCK,0726,904,687,44.87612968768485,-120.52033990848084,0.6207226514816284
0567_LITTLE_BUCK,0726,354,251,45.02449592045756,-120.6866189613924,0.9983787536621094
0567_LITTLE_BUCK,0726,868,833,44.885840932011796,-120.46465930819393,0.8889754414558411
0567_LITTLE_BUCK,0726,71,427,45.10083709113879,-120.61949714186846,0.9515507221221924
0567_LITTLE_BUCK,0726,247,455,45.05335989665153,-120.60881867058058,0.9710922241210938
0567_LITTLE_BUCK,0726,431,571,45.00372464786938,-120.5645792895307,0.9994933009147644
0567_LITTLE_BUCK,0726,596,572,44.95921477803757,-120.56419791555614,0.9929581880569458
0567_LITTLE_BUCK,0726,305,282,45.037714003013676,-120.6747963681808,0.9907538890838623
0567_LITTLE_BUCK,0726,369,514,45.02044956865467,-120.58631760608107,0.9922823905944824
0567_LITTLE_BUCK,0726,749,813,44.91794198964807,-120.47228678768529,0.9979717135429382
0567_LITTLE_BUCK,0726,662,383,44.94141083010484,-120.63627759674945,0.990636944770813
0567_LITTLE_BUCK,0726,98,379,45.09355365789359,-120.63780309264773,0.9997941851615906
0567_LITTLE_BUCK,0726,66,398,45.10218587507309,-120.63055698713093,0.9372666478157043
0567_LITTLE_BUCK,0726,926,793,44.87019503837394,-120.47991426717665,0.6011286377906799
0567_LITTLE_BUCK,0726,570,581,44.96622845449592,-120.56076554978503,0.8116238713264465
0567_LITTLE_BUCK,0726,295,347,45.04041157088227,-120.6500070598339,0.9981958270072937
0567_LITTLE_BUCK,0726,446,202,44.99967829606649,-120.70530628614623,0.9074966907501221
0567_LITTLE_BUCK,0726,89,361,45.095981468975324,-120.64466782418994,0.9999889135360718
0567_LITTLE_BUCK,0726,74,354,45.100027820778216,-120.64733744201192,0.9990842342376709
0567_LITTLE_BUCK,0726,919,724,44.87208333588196,-120.50622907142183,0.9987397193908691
0567_LITTLE_BUCK,0726,260,298,45.04985305842236,-120.66869438458771,0.7733097672462463
0567_LITTLE_BUCK,0726,472,544,44.99266461960815,-120.57487638684404,0.994483232498169
0567_LITTLE_BUCK,0726,284,496,45.04337889553773,-120.59318233762329,0.6905182003974915
0567_LITTLE_BUCK,0726,940,722,44.866418443357915,-120.50699181937097,0.9979384541511536
0567_LITTLE_BUCK,0726,703,784,44.93035080184361,-120.48334663294776,0.9977676868438721
0567_LITTLE_BUCK,0726,624,698,44.95166158800551,-120.51614479476059,0.9983590841293335
0567_LITTLE_BUCK,0726,367,195,45.02098908222839,-120.7079759039682,0.9888256192207336
0567_LITTLE_BUCK,0726,666,420,44.94033180295741,-120.62216675969044,0.9969190955162048
0567_LITTLE_BUCK,0726,166,398,45.07521019638715,-120.63055698713093,0.9975837469100952
0567_LITTLE_BUCK,0726,409,537,45.00965929718029,-120.577546004666,0.9976011514663696
0567_LITTLE_BUCK,0726,217,346,45.06145260025731,-120.65038843380846,0.9976382851600647
0567_LITTLE_BUCK,0726,666,550,44.94033180295741,-120.57258814299662,0.9977869391441345
0567_LITTLE_BUCK,0726,733,450,44.922258098237826,-120.6107255404534,0.995908260345459
0567_LITTLE_BUCK,0726,104,269,45.09193511717243,-120.67975422985018,0.7715107202529907
0567_LITTLE_BUCK,0726,397,620,45.01289637862261,-120.54589196477689,0.9111382365226746
0567_LITTLE_BUCK,0726,793,468,44.90607269102625,-120.6038608089112,0.9985074996948242
0567_LITTLE_BUCK,0726,655,541,44.94329912761286,-120.57602050876774,0.9971941113471985
0567_LITTLE_BUCK,0726,599,609,44.95840550767699,-120.55008707849713,0.9914957284927368
0567_LITTLE_BUCK,0726,615,704,44.954089399087245,-120.51385655091319,0.9980158805847168
0567_LITTLE_BUCK,0726,445,583,44.99994805285335,-120.56000280183589,0.997572124004364
0567_LITTLE_BUCK,0726,575,709,44.96487967056162,-120.51194968104035,0.601578950881958
0567_LITTLE_BUCK,0726,478,551,44.99104607888699,-120.57220676902206,0.8861894011497498
0567_LITTLE_BUCK,0726,233,294,45.057136491667556,-120.67021988048599,0.534864068031311
0567_LITTLE_BUCK,0726,326,263,45.03204911048963,-120.68204247369759,0.9916289448738098
0567_LITTLE_BUCK,0726,586,370,44.961912345906164,-120.64123545841883,0.9975544214248657
0567_LITTLE_BUCK,0726,440,627,45.00129683678765,-120.5432223469549,0.8643777370452881
0567_LITTLE_BUCK,0726,367,211,45.02098908222839,-120.70187392037512,0.9970016479492188
0567_LITTLE_BUCK,0726,713,799,44.927653233975015,-120.47762602332924,0.997098982334137
0567_LITTLE_BUCK,0726,630,564,44.950043047284346,-120.56724890735268,0.9973581433296204
0567_LITTLE_BUCK,0726,794,772,44.9058029342394,-120.48792312064258,0.9992175102233887
0567_LITTLE_BUCK,0726,526,329,44.97809775311774,-120.65687179137612,0.9964808225631714
0567_LITTLE_BUCK,0726,695,442,44.93250885613848,-120.61377653224994,0.9976821541786194
0567_LITTLE_BUCK,0726,630,707,44.950043047284346,-120.51271242898947,0.9978602528572083
0567_LITTLE_BUCK,0726,545,349,44.972972374167405,-120.64924431188476,0.9985136389732361
0567_LITTLE_BUCK,0726,161,337,45.076558980321444,-120.65382079957958,0.9971743226051331
0567_LITTLE_BUCK,0726,888,701,44.88044579627461,-120.51500067283689,0.9967468976974487
0567_LITTLE_BUCK,0726,768,630,44.91281661069774,-120.5420782250312,0.9979780316352844
0567_LITTLE_BUCK,0726,785,843,44.908230745321134,-120.46084556844826,0.970051109790802
0567_LITTLE_BUCK,0726,682,366,44.936015694367654,-120.6427609543171,0.7903899550437927
0567_LITTLE_BUCK,0726,812,831,44.90094731207593,-120.46542205614307,0.9965575337409973
0567_LITTLE_BUCK,0726,623,628,44.951931344792364,-120.54284097298034,0.9976361393928528
0567_LITTLE_BUCK,0726,873,674,44.8844921480775,-120.52529777015022,0.6468847393989563
0567_LITTLE_BUCK,0726,582,565,44.962991373053605,-120.56686753337812,0.9771478772163391
0567_LITTLE_BUCK,0726,740,861,44.92036980072981,-120.45398083690604,0.8813262581825256
0567_LITTLE_BUCK,0726,838,715,44.89393363561758,-120.50966143719293,0.997964084148407
0567_LITTLE_BUCK,0726,495,290,44.98646021351038,-120.67174537638425,0.9966906309127808
0567_LITTLE_BUCK,0726,808,474,44.90202633922336,-120.60157256506378,0.9958180785179138
0567_LITTLE_BUCK,0726,218,403,45.061182843470455,-120.62865011725809,0.9975383281707764
0567_LITTLE_BUCK,0726,512,290,44.981874348133765,-120.67174537638425,0.9483160972595215
0567_LITTLE_BUCK,0726,692,410,44.93331812649906,-120.62598049943612,0.887280285358429
0567_LITTLE_BUCK,0726,951,733,44.86345111870246,-120.50279670565072,0.9986505508422852
0567_LITTLE_BUCK,0726,370,188,45.02017981186781,-120.71064552179017,0.9743736982345581
0567_LITTLE_BUCK,0726,630,739,44.950043047284346,-120.5005084618033,0.711732029914856
0567_LITTLE_BUCK,0726,316,245,45.034746678358225,-120.68890720523981,0.9627909660339355
0567_LITTLE_BUCK,0726,459,544,44.99617145783732,-120.57487638684404,0.9975393414497375
0567_LITTLE_BUCK,0726,596,624,44.95921477803757,-120.54436646887861,0.998150110244751
0567_LITTLE_BUCK,0726,799,705,44.9044541503051,-120.51347517693861,0.9719587564468384
0567_LITTLE_BUCK,0726,644,541,44.94626645226832,-120.57602050876774,0.9973753690719604
0567_LITTLE_BUCK,0726,936,707,44.86749747050535,-120.51271242898947,0.995961606502533
0567_LITTLE_BUCK,0726,218,372,45.061182843470455,-120.6404727104697,0.994347870349884
0567_LITTLE_BUCK,0726,68,457,45.10164636149937,-120.60805592263144,0.5483885407447815
0567_LITTLE_BUCK,0726,830,471,44.89609168991245,-120.60271668698748,0.9886409640312195
0567_LITTLE_BUCK,0726,582,362,44.962991373053605,-120.64428645021538,0.9982287883758545
0567_LITTLE_BUCK,0726,804,833,44.9031053663708,-120.46465930819393,0.9965890049934387
0567_LITTLE_BUCK,0726,850,851,44.890696554175264,-120.45779457665172,0.9775912165641785
0567_LITTLE_BUCK,0726,357,233,45.023686650096984,-120.69348369293462,0.9971921443939209
0567_LITTLE_BUCK,0726,144,459,45.081144845698056,-120.6072931746823,0.9925051927566528
0567_LITTLE_BUCK,0726,216,369,45.06172235704417,-120.6416168323934,0.9952729940414429
0567_LITTLE_BUCK,0726,171,395,45.07386141245285,-120.63170110905463,0.9975612759590149
0567_LITTLE_BUCK,0726,905,805,44.875859930897995,-120.47533777948183,0.9987207651138306
0567_LITTLE_BUCK,0726,111,381,45.090046819664416,-120.63704034469859,0.998751699924469
0567_LITTLE_BUCK,0726,934,724,44.86803698407907,-120.50622907142183,0.9983308911323547
0567_LITTLE_BUCK,0726,566,567,44.96730748164335,-120.56610478542898,0.7199603915214539
0567_LITTLE_BUCK,0726,252,380,45.05201111271723,-120.63742171867315,0.9834356904029846
0567_LITTLE_BUCK,0726,96,321,45.09409317146731,-120.65992278317266,0.998357355594635
0567_LITTLE_BUCK,0726,755,828,44.91632344892692,-120.46656617806677,0.9799636006355286
0567_LITTLE_BUCK,0726,289,450,45.04203011160343,-120.6107255404534,0.9979148507118225
0567_LITTLE_BUCK,0726,664,797,44.94087131653113,-120.47838877127838,0.5878130793571472
0567_LITTLE_BUCK,0726,377,583,45.018291514359795,-120.56000280183589,0.9923097491264343
0567_LITTLE_BUCK,0726,942,715,44.865878929784195,-120.50966143719293,0.9955099821090698
0567_LITTLE_BUCK,0726,371,306,45.01991005508095,-120.66564339279117,0.997758686542511
0567_LITTLE_BUCK,0726,253,366,45.05174135593037,-120.6427609543171,0.9951936602592468
0567_LITTLE_BUCK,0726,478,263,44.99104607888699,-120.68204247369759,0.9935986399650574
0567_LITTLE_BUCK,0726,790,563,44.90688196138684,-120.56763028132724,0.9935426115989685
0567_LITTLE_BUCK,0726,617,675,44.953549885513524,-120.52491639617566,0.9977391362190247
0567_LITTLE_BUCK,0726,187,455,45.069545303863094,-120.60881867058058,0.9976546168327332
0567_LITTLE_BUCK,0726,851,704,44.89042679738841,-120.51385655091319,0.9938830733299255
0567_LITTLE_BUCK,0726,801,477,44.90391463673138,-120.60042844314007,0.9990532398223877
0567_LITTLE_BUCK,0726,403,505,45.01127783790145,-120.58974997185217,0.9959890246391296
0567_LITTLE_BUCK,0726,302,474,45.03852327337425,-120.60157256506378,0.977188766002655
0567_LITTLE_BUCK,0726,244,300,45.054169167012105,-120.66793163663858,0.8950719237327576
0567_LITTLE_BUCK,0726,957,728,44.8618325779813,-120.50470357552355,0.99811190366745
0567_LITTLE_BUCK,0726,445,549,44.99994805285335,-120.5729695169712,0.9977945685386658
0567_LITTLE_BUCK,0726,219,373,45.06091308668359,-120.64009133649513,0.9956943392753601
0567_LITTLE_BUCK,0726,946,767,44.864799902636754,-120.48982999051542,0.9995996952056885
0567_LITTLE_BUCK,0726,161,385,45.076558980321444,-120.63551484880031,0.9981825351715088
0567_LITTLE_BUCK,0726,492,537,44.98726948387095,-120.577546004666,0.9975138306617737
0567_LITTLE_BUCK,0726,674,746,44.938173748662535,-120.49783884398134,0.9956578016281128
0567_LITTLE_BUCK,0726,432,624,45.00345489108253,-120.54436646887861,0.943534255027771
0567_LITTLE_BUCK,0726,169,279,45.07440092602656,-120.67594049010451,0.5046694278717041
0567_LITTLE_BUCK,0726,589,725,44.96110307554559,-120.50584769744727,0.8689422011375427
0567_LITTLE_BUCK,0726,54,340,45.105422956515405,-120.65267667765586,0.9845443367958069
0567_LITTLE_BUCK,0726,767,730,44.9130863674846,-120.50394082757443,0.9978090524673462
0567_LITTLE_BUCK,0726,814,703,44.90040779850221,-120.51423792488775,0.9714323282241821
0567_LITTLE_BUCK,0726,76,462,45.099488307204496,-120.6061490527586,0.8644769787788391
0567_LITTLE_BUCK,0726,596,375,44.95921477803757,-120.639328588546,0.9965711236000061
0567_LITTLE_BUCK,0726,437,568,45.00210610714823,-120.5657234114544,0.9985911250114441
0567_LITTLE_BUCK,0726,531,323,44.97674896918344,-120.65916003522352,0.9961560368537903
0567_LITTLE_BUCK,0726,544,323,44.97324213095426,-120.65916003522352,0.9943605065345764
0567_LITTLE_BUCK,0726,586,552,44.961912345906164,-120.5718253950475,0.7282788753509521
0567_LITTLE_BUCK,0726,370,224,45.02017981186781,-120.69691605870574,0.9983829259872437
0567_LITTLE_BUCK,0726,943,774,44.86560917299733,-120.48716037269344,0.9994725584983826
0567_LITTLE_BUCK,0726,91,379,45.095441955401604,-120.63780309264773,0.999833881855011
0567_LITTLE_BUCK,0726,815,449,44.900138041715344,-120.61110691442798,0.9423072934150696
0567_LITTLE_BUCK,0726,779,793,44.90984928604229,-120.47991426717665,0.9997256994247437
0567_LITTLE_BUCK,0726,905,739,44.875859930897995,-120.5005084618033,0.9993610978126526
0567_LITTLE_BUCK,0726,432,608,45.00345489108253,-120.55046845247169,0.994642972946167
0567_LITTLE_BUCK,0726,381,533,45.017212487212355,-120.57907150056428,0.9986022114753723
0567_LITTLE_BUCK,0726,759,856,44.91524442177948,-120.45588770677888,0.7462283372879028
0567_LITTLE_BUCK,0726,784,717,44.90850050210799,-120.50889868924381,0.9928149580955505
0567_LITTLE_BUCK,0726,747,449,44.91848150322179,-120.61110691442798,0.9981811046600342
0567_LITTLE_BUCK,0726,748,709,44.918211746434935,-120.51194968104035,0.9986916184425354
0567_LITTLE_BUCK,0726,65,298,45.102455631859954,-120.66869438458771,0.7968046069145203
0567_LITTLE_BUCK,0726,97,309,45.09382341468045,-120.66449927086747,0.9955756664276123
0567_LITTLE_BUCK,0726,808,782,44.90202633922336,-120.4841093808969,0.9993609189987183
0567_LITTLE_BUCK,0726,797,513,44.90499366387882,-120.58669898005563,0.9999560117721558
0567_LITTLE_BUCK,0726,661,564,44.94168058689171,-120.56724890735268,0.9976013898849487
0567_LITTLE_BUCK,0726,127,293,45.08573071107466,-120.67060125446055,0.5594043731689453
0567_LITTLE_BUCK,0726,284,313,45.04337889553773,-120.6629737749692,0.9796313047409058
0567_LITTLE_BUCK,0726,942,809,44.865878929784195,-120.47381228358357,0.9845569133758545
0567_LITTLE_BUCK,0726,399,182,45.012356865048886,-120.71293376563759,0.8842114210128784
0567_LITTLE_BUCK,0726,613,618,44.95462891266096,-120.54665471272601,0.9974804520606995
0567_LITTLE_BUCK,0726,625,683,44.95139183121864,-120.52186540437911,0.9985770583152771
0567_LITTLE_BUCK,0726,830,478,44.89609168991245,-120.60004706916551,0.995481014251709
0567_LITTLE_BUCK,0726,365,291,45.02152859580211,-120.67136400240969,0.997541606426239
0567_LITTLE_BUCK,0726,615,352,44.954089399087245,-120.64810018996106,0.6496978998184204
0567_LITTLE_BUCK,0726,858,835,44.88853849988039,-120.4638965602448,0.9951227307319641
0567_LITTLE_BUCK,0726,281,325,45.044188165898305,-120.65839728727438,0.9966731667518616
0567_LITTLE_BUCK,0726,152,431,45.078986791403175,-120.6179716459702,0.9993311762809753
0567_LITTLE_BUCK,0726,488,290,44.988348511018394,-120.67174537638425,0.9970451593399048
0567_LITTLE_BUCK,0726,747,443,44.91848150322179,-120.61339515827538,0.9978272318840027
0567_LITTLE_BUCK,0726,785,853,44.908230745321134,-120.45703182870258,0.9774335026741028
0567_LITTLE_BUCK,0726,784,705,44.90850050210799,-120.51347517693861,0.8293478488922119
0567_LITTLE_BUCK,0726,771,686,44.91200734033716,-120.5207212824554,0.8924946188926697
0567_LITTLE_BUCK,0726,877,806,44.88341312093006,-120.47495640550727,0.9988220930099487
0567_LITTLE_BUCK,0726,801,843,44.90391463673138,-120.46084556844826,0.9690348505973816
0567_LITTLE_BUCK,0726,256,372,45.05093208556979,-120.6404727104697,0.9962775707244873
0567_LITTLE_BUCK,0726,646,710,44.9457269386946,-120.51156830706577,0.9976206421852112
0567_LITTLE_BUCK,0726,198,326,45.06657797920764,-120.65801591329982,0.9946574568748474
0567_LITTLE_BUCK,0726,904,814,44.87612968768485,-120.47190541371073,0.9979227185249329
0567_LITTLE_BUCK,0726,337,275,45.02908178583417,-120.67746598600277,0.9976152777671814
0567_LITTLE_BUCK,0726,193,456,45.06792676314194,-120.608437296606,0.9975139498710632
0567_LITTLE_BUCK,0726,153,289,45.07871703461632,-120.67212675035883,0.9634274244308472
0567_LITTLE_BUCK,0726,595,677,44.95948453482443,-120.52415364822652,0.9971156716346741
0567_LITTLE_BUCK,0726,673,801,44.93844350544939,-120.47686327538011,0.569787859916687
0567_LITTLE_BUCK,0726,810,492,44.90148682564964,-120.59470783352155,0.999822199344635
0567_LITTLE_BUCK,0726,158,481,45.07736825068202,-120.59890294724181,0.5021505355834961
0567_LITTLE_BUCK,0726,404,502,45.01100808111459,-120.59089409377589,0.9949360489845276
0567_LITTLE_BUCK,0726,289,485,45.04203011160343,-120.59737745134353,0.9574268460273743
0567_LITTLE_BUCK,0726,764,457,44.91389563784518,-120.60805592263144,0.996932327747345
0567_LITTLE_BUCK,0726,367,209,45.02098908222839,-120.70263666832425,0.9952861666679382
0567_LITTLE_BUCK,0726,371,567,45.01991005508095,-120.56610478542898,0.9855592846870422
0567_LITTLE_BUCK,0726,342,269,45.027733001899875,-120.67975422985018,0.9979099035263062
0567_LITTLE_BUCK,0726,549,307,44.971893347019964,-120.6652620188166,0.73026442527771
0567_LITTLE_BUCK,0726,455,553,44.997250484984754,-120.57144402107292,0.9960145354270935
0567_LITTLE_BUCK,0726,766,629,44.91335612427146,-120.54245959900577,0.9983165264129639
0567_LITTLE_BUCK,0726,351,288,45.025305190818145,-120.67250812433339,0.9958531260490417
0567_LITTLE_BUCK,0726,53,355,45.10569271330226,-120.64695606803735,0.9441057443618774
0567_LITTLE_BUCK,0726,649,712,44.94491766833402,-120.51080555911665,0.9975378513336182
0567_LITTLE_BUCK,0726,792,462,44.90634244781312,-120.6061490527586,0.9904730916023254
0567_LITTLE_BUCK,0726,703,435,44.93035080184361,-120.61644615007192,0.997286319732666
0567_LITTLE_BUCK,0726,117,372,45.08842827894326,-120.6404727104697,0.9992008209228516
0567_LITTLE_BUCK,0726,237,423,45.05605746452012,-120.62102263776674,0.9893732666969299
0567_LITTLE_BUCK,0726,643,725,44.946536209055175,-120.50584769744727,0.9790228605270386
0567_LITTLE_BUCK,0726,258,421,45.05039257199607,-120.62178538571587,0.9961933493614197
0567_LITTLE_BUCK,0726,815,804,44.900138041715344,-120.4757191534564,0.998320996761322
0567_LITTLE_BUCK,0726,800,821,44.904184393518236,-120.46923579588875,0.954164981842041
0567_LITTLE_BUCK,0726,178,383,45.07197311494483,-120.63627759674945,0.9979718923568726
0567_LITTLE_BUCK,0726,704,777,44.930081045056745,-120.48601625076974,0.9979724287986755
0567_LITTLE_BUCK,0726,750,660,44.917672232861214,-120.53063700579416,0.9983593821525574
0567_LITTLE_BUCK,0726,415,287,45.00804075645914,-120.67288949830797,0.9977369904518127
0567_LITTLE_BUCK,0726,91,296,45.095441955401604,-120.66945713253685,0.8375861048698425
0567_LITTLE_BUCK,0726,939,765,44.86668820014477,-120.49059273846454,0.99989253282547
0567_LITTLE_BUCK,0726,109,382,45.090586333238136,-120.63665897072401,0.9979251623153687
0567_LITTLE_BUCK,0726,655,496,44.94329912761286,-120.59318233762329,0.9979918003082275
0567_LITTLE_BUCK,0726,736,841,44.92144882787724,-120.46160831639739,0.9238237738609314
0567_LITTLE_BUCK,0726,585,645,44.96218210269303,-120.53635761541268,0.8699037432670593
0567_LITTLE_BUCK,0726,113,337,45.089507306090695,-120.65382079957958,0.9994589686393738
0567_LITTLE_BUCK,0726,104,306,45.09193511717243,-120.66564339279117,0.9953078627586365
0567_LITTLE_BUCK,0726,690,403,44.93385764007278,-120.62865011725809,0.6875898241996765
0567_LITTLE_BUCK,0726,305,476,45.037714003013676,-120.60080981711465,0.9710846543312073
0567_LITTLE_BUCK,0726,371,560,45.01991005508095,-120.56877440325096,0.9720401167869568
0567_LITTLE_BUCK,0726,918,804,44.872353092668824,-120.4757191534564,0.9975807666778564
0567_LITTLE_BUCK,0726,423,513,45.00588270216426,-120.58669898005563,0.9976962804794312
0567_LITTLE_BUCK,0726,391,513,45.01451491934376,-120.58669898005563,0.9969927668571472
0567_LITTLE_BUCK,0726,303,362,45.038253516587396,-120.64428645021538,0.9990302324295044
0567_LITTLE_BUCK,0726,675,405,44.93790399187567,-120.62788736930897,0.9640835523605347
0567_LITTLE_BUCK,0726,370,562,45.02017981186781,-120.56801165530182,0.9805164933204651
0567_LITTLE_BUCK,0726,944,703,44.865339416210475,-120.51423792488775,0.9082112908363342
0567_LITTLE_BUCK,0726,288,315,45.04229986839029,-120.66221102702006,0.9956398606300354
0567_LITTLE_BUCK,0726,200,337,45.06603846563392,-120.65382079957958,0.9535225033760071
0567_LITTLE_BUCK,0726,178,381,45.07197311494483,-120.63704034469859,0.9979488849639893
0567_LITTLE_BUCK,0726,242,438,45.054708680585826,-120.61530202814822,0.9843277931213379
0567_LITTLE_BUCK,0726,596,676,44.95921477803757,-120.52453502220108,0.9974039196968079
0567_LITTLE_BUCK,0726,589,663,44.96110307554559,-120.52949288387046,0.9918299317359924
0567_LITTLE_BUCK,0726,291,493,45.04149059802971,-120.59432645954699,0.8326178789138794
0567_LITTLE_BUCK,0726,261,464,45.049583301635494,-120.60538630480946,0.9973415732383728
0567_LITTLE_BUCK,0726,238,387,45.05578770773326,-120.63475210085117,0.9708922505378723
0567_LITTLE_BUCK,0726,291,287,45.04149059802971,-120.67288949830797,0.9888451099395752
0567_LITTLE_BUCK,0726,146,395,45.080605332124335,-120.63170110905463,0.9988356232643127
0567_LITTLE_BUCK,0726,69,299,45.10137660471251,-120.66831301061315,0.8679644465446472
0567_LITTLE_BUCK,0726,618,716,44.95328012872666,-120.50928006321837,0.9909080862998962
0567_LITTLE_BUCK,0726,826,489,44.89717071705989,-120.59585195544527,0.9996219277381897
0567_LITTLE_BUCK,0726,597,656,44.95894502125071,-120.53216250169244,0.9961720705032349
0567_LITTLE_BUCK,0726,688,440,44.9343971536465,-120.61453928019908,0.9976720809936523
0567_LITTLE_BUCK,0726,906,835,44.87559017411113,-120.4638965602448,0.9884887933731079
0567_LITTLE_BUCK,0726,147,329,45.08033557533747,-120.65687179137612,0.9980413317680359
0567_LITTLE_BUCK,0726,663,365,44.941141073317986,-120.64314232829167,0.9613526463508606
0567_LITTLE_BUCK,0726,219,357,45.06091308668359,-120.64619332008822,0.996667206287384
0567_LITTLE_BUCK,0726,184,411,45.07035457422367,-120.62559912546155,0.9979450702667236
0567_LITTLE_BUCK,0726,747,474,44.91848150322179,-120.60157256506378,0.9992244839668274
0567_LITTLE_BUCK,0726,423,221,45.00588270216426,-120.69806018062944,0.9976588487625122
0567_LITTLE_BUCK,0726,972,746,44.85778622617841,-120.49783884398134,0.9795791506767273
0567_LITTLE_BUCK,0726,634,381,44.94896402013691,-120.63704034469859,0.9977880120277405
0567_LITTLE_BUCK,0726,491,325,44.98753924065782,-120.65839728727438,0.9980631470680237
0567_LITTLE_BUCK,0726,64,409,45.10272538864681,-120.62636187341069,0.9779192209243774
0567_LITTLE_BUCK,0726,696,435,44.93223909935163,-120.61644615007192,0.9975305199623108
0567_LITTLE_BUCK,0726,949,806,44.86399063227618,-120.47495640550727,0.9916137456893921
0567_LITTLE_BUCK,0726,617,677,44.953549885513524,-120.52415364822652,0.9978057742118835
0567_LITTLE_BUCK,0726,96,308,45.09409317146731,-120.66488064484204,0.9854700565338135
0567_LITTLE_BUCK,0726,162,412,45.07628922353458,-120.62521775148699,0.997852087020874
0567_LITTLE_BUCK,0726,961,750,44.86075355083386,-120.49631334808306,0.9995241761207581
0567_LITTLE_BUCK,0726,819,798,44.89905901456791,-120.47800739730381,0.9989084601402283
0567_LITTLE_BUCK,0726,249,384,45.05282038307781,-120.63589622277489,0.9634557962417603
0567_LITTLE_BUCK,0726,664,763,44.94087131653113,-120.49135548641368,0.9440905451774597
0567_LITTLE_BUCK,0726,857,839,44.88880825666725,-120.46237106434653,0.9955557584762573
0567_LITTLE_BUCK,0726,207,291,45.064150168125906,-120.67136400240969,0.6676281690597534
0567_LITTLE_BUCK,0726,448,207,44.99913878249277,-120.70339941627338,0.9750593304634094
0567_LITTLE_BUCK,0726,710,839,44.92846250433559,-120.46237106434653,0.8906711339950562
0567_LITTLE_BUCK,0726,716,843,44.92684396361444,-120.46084556844826,0.7896299958229065
0567_LITTLE_BUCK,0726,439,239,45.00156659357451,-120.69119544908722,0.9987341165542603
0567_LITTLE_BUCK,0726,638,358,44.94788499298947,-120.64581194611365,0.9877942204475403
0567_LITTLE_BUCK,0726,572,349,44.9656889409222,-120.64924431188476,0.9978833794593811
0567_LITTLE_BUCK,0726,401,542,45.011817351475166,-120.57563913479316,0.9980491995811462
0567_LITTLE_BUCK,0726,701,418,44.93089031541733,-120.62292950763958,0.8870587348937988
0567_LITTLE_BUCK,0726,459,553,44.99617145783732,-120.57144402107292,0.9919514656066895
0567_LITTLE_BUCK,0726,817,479,44.89959852814163,-120.59966569519094,0.9964231252670288
0567_LITTLE_BUCK,0726,266,492,45.0482345177012,-120.59470783352155,0.5918224453926086
0567_LITTLE_BUCK,0726,906,831,44.87559017411113,-120.46542205614307,0.9923382997512817
0567_LITTLE_BUCK,0726,726,852,44.92414639574584,-120.45741320267715,0.7735207080841064
0567_LITTLE_BUCK,0726,775,715,44.91092831318973,-120.50966143719293,0.8955849409103394
0567_LITTLE_BUCK,0726,117,359,45.08842827894326,-120.64543057213908,0.9992741346359253
0567_LITTLE_BUCK,0726,437,620,45.00210610714823,-120.54589196477689,0.9573093056678772
0567_LITTLE_BUCK,0726,851,840,44.89042679738841,-120.46198969037196,0.9932212233543396
0567_LITTLE_BUCK,0726,222,390,45.060103816323014,-120.63360797892747,0.997147798538208
0567_LITTLE_BUCK,0726,671,738,44.93898301902311,-120.50088983577788,0.9975351691246033
0567_LITTLE_BUCK,0726,179,297,45.07170335815797,-120.66907575856229,0.812341570854187
0567_LITTLE_BUCK,0726,190,301,45.06873603350252,-120.66755026266401,0.9259369969367981
0567_LITTLE_BUCK,0726,922,811,44.87127406552138,-120.47304953563443,0.9826793074607849
0567_LITTLE_BUCK,0726,332,289,45.03043056976847,-120.67212675035883,0.9950541257858276
0567_LITTLE_BUCK,0726,901,754,44.87693895804543,-120.4947878521848,0.9994614124298096
0567_LITTLE_BUCK,0726,279,471,45.044727679472025,-120.60271668698748,0.9974439740180969
0567_LITTLE_BUCK,0726,336,242,45.029351542621036,-120.69005132716352,0.9947212338447571
0567_LITTLE_BUCK,0726,603,620,44.95732648052955,-120.54589196477689,0.9978837966918945
0567_LITTLE_BUCK,0726,946,702,44.864799902636754,-120.51461929886231,0.8447065353393555
0567_LITTLE_BUCK,0726,274,273,45.04607646340632,-120.67822873395191,0.57131028175354
0567_LITTLE_BUCK,0726,906,836,44.87559017411113,-120.46351518627023,0.9699671864509583
0567_LITTLE_BUCK,0726,54,306,45.105422956515405,-120.66564339279117,0.8327885866165161
0567_LITTLE_BUCK,0726,639,508,44.947615236202616,-120.58860584992847,0.9980705380439758
0567_LITTLE_BUCK,0726,739,673,44.920639557516665,-120.52567914412478,0.998715877532959
0567_LITTLE_BUCK,0726,953,716,44.86291160512874,-120.50928006321837,0.9848375916481018
0567_LITTLE_BUCK,0726,821,804,44.89851950099419,-120.4757191534564,0.9982370138168335
0567_LITTLE_BUCK,0726,608,620,44.955977696595255,-120.54589196477689,0.9976373910903931
0567_LITTLE_BUCK,0726,617,558,44.953549885513524,-120.56953715120008,0.9957005381584167
0567_LITTLE_BUCK,0726,683,425,44.9357459375808,-120.6202598898176,0.997482180595398
0567_LITTLE_BUCK,0726,288,320,45.04229986839029,-120.66030415714722,0.9975287914276123
0567_LITTLE_BUCK,0726,929,696,44.869385768013366,-120.51690754270973,0.9920908808708191
0567_LITTLE_BUCK,0726,426,298,45.00507343180368,-120.66869438458771,0.9970758557319641
0567_LITTLE_BUCK,0726,668,741,44.93979228938369,-120.49974571385418,0.9975164532661438
0567_LITTLE_BUCK,0726,371,230,45.01991005508095,-120.69462781485832,0.9980942606925964
0567_LITTLE_BUCK,0726,434,294,45.002915377508806,-120.67021988048599,0.9976652264595032
0567_LITTLE_BUCK,0726,710,448,44.92846250433559,-120.61148828840254,0.9977021217346191
0567_LITTLE_BUCK,0726,841,699,44.893124365257,-120.51576342078603,0.9974789023399353
0567_LITTLE_BUCK,0726,197,359,45.0668477359945,-120.64543057213908,0.9976930022239685
0567_LITTLE_BUCK,0726,393,550,45.01397540577005,-120.57258814299662,0.9977374076843262
0567_LITTLE_BUCK,0726,238,455,45.05578770773326,-120.60881867058058,0.9658544063568115
0567_LITTLE_BUCK,0726,384,555,45.01640321685178,-120.57068127312378,0.9951345920562744
0567_LITTLE_BUCK,0726,743,856,44.91956053036923,-120.45588770677888,0.7742161750793457
0567_LITTLE_BUCK,0726,750,666,44.917672232861214,-120.52834876194676,0.9982520937919617
0567_LITTLE_BUCK,0726,451,629,44.998329512132194,-120.54245959900577,0.6434122323989868
0567_LITTLE_BUCK,0726,650,409,44.94464791154716,-120.62636187341069,0.9980665445327759
0567_LITTLE_BUCK,0726,591,719,44.96056356197187,-120.50813594129467,0.9788606762886047
0567_LITTLE_BUCK,0726,477,565,44.991315835673845,-120.56686753337812,0.9123890995979309
0567_LITTLE_BUCK,0726,333,247,45.03016081298161,-120.68814445729068,0.9957777857780457
0567_LITTLE_BUCK,0726,119,457,45.08788876536954,-120.60805592263144,0.9790641069412231
0567_LITTLE_BUCK,0726,963,726,44.86021403726014,-120.50546632347269,0.9978663921356201
0567_LITTLE_BUCK,0726,662,772,44.94141083010484,-120.48792312064258,0.8709237575531006
0567_LITTLE_BUCK,0726,157,308,45.07763800746888,-120.66488064484204,0.9961375594139099
0567_LITTLE_BUCK,0726,612,374,44.95489866944782,-120.63970996252056,0.996494472026825
0567_LITTLE_BUCK,0726,72,446,45.100567334351936,-120.61225103635168,0.8874049782752991
0567_LITTLE_BUCK,0726,635,663,44.94869426335005,-120.52949288387046,0.9985944628715515
0567_LITTLE_BUCK,0726,599,575,44.95840550767699,-120.56305379363243,0.9955286383628845
0567_LITTLE_BUCK,0726,145,434,45.08087508891119,-120.6168275240465,0.9992403388023376
0567_LITTLE_BUCK,0726,659,728,44.94222010046543,-120.50470357552355,0.9971869587898254
0567_LITTLE_BUCK,0726,584,368,44.962451859479884,-120.64199820636797,0.9978413581848145
0567_LITTLE_BUCK,0726,909,753,44.874780903750555,-120.49516922615936,0.99951171875
0567_LITTLE_BUCK,0726,364,220,45.02179835258897,-120.698441554604,0.9979584217071533
0567_LITTLE_BUCK,0726,708,449,44.92900201790931,-120.61110691442798,0.9977049231529236
0567_LITTLE_BUCK,0726,359,560,45.023147136523264,-120.56877440325096,0.8445612788200378
0567_LITTLE_BUCK,0726,101,371,45.09274438753301,-120.64085408444427,0.9999337196350098
0567_LITTLE_BUCK,0726,543,315,44.973511887741125,-120.66221102702006,0.9920885562896729
0567_LITTLE_BUCK,0726,776,738,44.910658556402865,-120.50088983577788,0.9979866743087769
0567_LITTLE_BUCK,0726,226,386,45.059024789175574,-120.63513347482575,0.9925728440284729
0567_LITTLE_BUCK,0726,868,779,44.885840932011796,-120.4852535028206,0.9988457560539246
0567_LITTLE_BUCK,0726,377,302,45.018291514359795,-120.66716888868945,0.9973192811012268
0567_LITTLE_BUCK,0726,232,414,45.05740624845442,-120.62445500353785,0.8987892866134644
0567_LITTLE_BUCK,0726,591,684,44.96056356197187,-120.52148403040454,0.9953429698944092
0567_LITTLE_BUCK,0726,772,733,44.911737583550305,-120.50279670565072,0.997789204120636
0567_LITTLE_BUCK,0726,584,592,44.962451859479884,-120.55657043606477,0.996638834476471
0567_LITTLE_BUCK,0726,928,778,44.86965552480023,-120.48563487679516,0.9991408586502075
0567_LITTLE_BUCK,0726,920,829,44.871813579095104,-120.46618480409221,0.9882222414016724
0567_LITTLE_BUCK,0726,426,290,45.00507343180368,-120.67174537638425,0.9976987242698669
0567_LITTLE_BUCK,0726,269,378,45.04742524734062,-120.63818446662229,0.9975287914276123
0567_LITTLE_BUCK,0726,831,704,44.895821933125596,-120.51385655091319,0.9982408285140991
0567_LITTLE_BUCK,0726,164,307,45.07574970996086,-120.6652620188166,0.8808838725090027
0567_LITTLE_BUCK,0726,730,841,44.9230673685984,-120.46160831639739,0.922650158405304
0567_LITTLE_BUCK,0726,209,288,45.063610654552186,-120.67250812433339,0.5340434908866882
0567_LITTLE_BUCK,0726,420,177,45.00669197252484,-120.71484063551043,0.8006520867347717
0567_LITTLE_BUCK,0726,494,290,44.98672997029724,-120.67174537638425,0.9969205856323242
0567_LITTLE_BUCK,0726,363,207,45.02206810937583,-120.70339941627338,0.9896631836891174
0567_LITTLE_BUCK,0726,861,848,44.88772922951981,-120.45893869857542,0.9957144856452942
0567_LITTLE_BUCK,0726,899,709,44.87747847161915,-120.51194968104035,0.9978880286216736
0567_LITTLE_BUCK,0726,623,717,44.951931344792364,-120.50889868924381,0.9957001805305481
0567_LITTLE_BUCK,0726,278,286,45.04499743625888,-120.67327087228253,0.9559950232505798
0567_LITTLE_BUCK,0726,318,466,45.034207164784505,-120.60462355686032,0.9949070811271667
0567_LITTLE_BUCK,0726,468,603,44.99374364675558,-120.55237532234453,0.7356390357017517
0567_LITTLE_BUCK,0726,219,441,45.06091308668359,-120.61415790622452,0.986358106136322
0567_LITTLE_BUCK,0726,60,337,45.10380441579425,-120.65382079957958,0.984247088432312
0567_LITTLE_BUCK,0726,496,283,44.98619045672352,-120.67441499420623,0.9948410391807556
0567_LITTLE_BUCK,0726,85,283,45.097060496122765,-120.67441499420623,0.6793685555458069
0567_LITTLE_BUCK,0726,90,338,45.09571171218846,-120.653439425605,0.9980514049530029
0567_LITTLE_BUCK,0726,232,372,45.05740624845442,-120.6404727104697,0.9896866679191589
0567_LITTLE_BUCK,0726,598,565,44.95867526446385,-120.56686753337812,0.98915034532547
0567_LITTLE_BUCK,0726,292,354,45.041220841242854,-120.64733744201192,0.9986560344696045
0567_LITTLE_BUCK,0726,404,607,45.01100808111459,-120.55084982644627,0.9600770473480225
0567_LITTLE_BUCK,0726,679,748,44.93682496472824,-120.4970760960322,0.9967440962791443
0567_LITTLE_BUCK,0726,130,304,45.08492144071408,-120.6664061407403,0.9982970356941223
0567_LITTLE_BUCK,0726,649,367,44.94491766833402,-120.64237958034253,0.9943259358406067
0567_LITTLE_BUCK,0726,139,455,45.08249362963235,-120.60881867058058,0.9969807267189026
0567_LITTLE_BUCK,0726,927,704,44.869925281587086,-120.51385655091319,0.9971476793289185
0567_LITTLE_BUCK,0726,806,504,44.90256585279708,-120.59013134582675,0.9999983906745911
0567_LITTLE_BUCK,0726,755,715,44.91632344892692,-120.50966143719293,0.9983462691307068
0567_LITTLE_BUCK,0726,891,706,44.87963652591403,-120.51309380296405,0.9975351095199585
0567_LITTLE_BUCK,0726,609,555,44.9557079398084,-120.57068127312378,0.9815725088119507
0567_LITTLE_BUCK,0726,953,705,44.86291160512874,-120.51347517693861,0.8921199440956116
0567_LITTLE_BUCK,0726,806,454,44.90256585279708,-120.60920004455514,0.9848821759223938
0567_LITTLE_BUCK,0726,668,542,44.93979228938369,-120.57563913479316,0.997646152973175
0567_LITTLE_BUCK,0726,839,694,44.89366387883072,-120.51767029065886,0.9960529804229736
0567_LITTLE_BUCK,0726,400,214,45.01208710826203,-120.7007297984514,0.9986670613288879
0567_LITTLE_BUCK,0726,763,628,44.914165394632036,-120.54284097298034,0.9984726905822754
0567_LITTLE_BUCK,0726,331,232,45.03070032655533,-120.6938650669092,0.9817995429039001
0567_LITTLE_BUCK,0726,170,303,45.074131169239706,-120.66678751471487,0.8127740025520325
0567_LITTLE_BUCK,0726,840,849,44.89339412204386,-120.45855732460085,0.9794416427612305
0567_LITTLE_BUCK,0726,742,846,44.91983028715609,-120.45970144652455,0.640206515789032
0567_LITTLE_BUCK,0726,448,631,44.99913878249277,-120.54169685105663,0.5785365104675293
0567_LITTLE_BUCK,0726,668,359,44.93979228938369,-120.64543057213908,0.9505499601364136
0567_LITTLE_BUCK,0726,332,481,45.03043056976847,-120.59890294724181,0.9940349459648132
0567_LITTLE_BUCK,0726,761,642,44.914704908205756,-120.53750173733638,0.998561680316925
0567_LITTLE_BUCK,0726,281,387,45.044188165898305,-120.63475210085117,0.9976069927215576
0567_LITTLE_BUCK,0726,824,838,44.89771023063361,-120.4627524383211,0.995898962020874
0567_LITTLE_BUCK,0726,770,598,44.912277097124026,-120.55428219221737,0.995934784412384
0567_LITTLE_BUCK,0726,781,566,44.90930977246857,-120.56648615940354,0.9993473291397095
0567_LITTLE_BUCK,0726,105,363,45.09166536038557,-120.64390507624081,0.9999819993972778
0567_LITTLE_BUCK,0726,766,691,44.91335612427146,-120.51881441258257,0.9929983019828796
0567_LITTLE_BUCK,0726,145,327,45.08087508891119,-120.65763453932524,0.9982985854148865
0567_LITTLE_BUCK,0726,143,315,45.08141460248491,-120.66221102702006,0.9984115958213806
0567_LITTLE_BUCK,0726,836,469,44.8944731491913,-120.60347943493662,0.9537913203239441
0567_LITTLE_BUCK,0726,448,300,44.99913878249277,-120.66793163663858,0.9978490471839905
0567_LITTLE_BUCK,0726,950,762,44.86372087548932,-120.49173686038824,0.9993499517440796
0567_LITTLE_BUCK,0726,618,622,44.95328012872666,-120.54512921682775,0.99765545129776
0567_LITTLE_BUCK,0726,831,716,44.895821933125596,-120.50928006321837,0.9981458187103271
0567_LITTLE_BUCK,0726,601,371,44.95786599410327,-120.64085408444427,0.994193434715271
0567_LITTLE_BUCK,0726,475,260,44.991855349247565,-120.6831865956213,0.992749035358429
0567_LITTLE_BUCK,0726,67,402,45.10191611828623,-120.62903149123267,0.9847648739814758
0567_LITTLE_BUCK,0726,852,828,44.890157040601544,-120.46656617806677,0.9759228229522705
0567_LITTLE_BUCK,0726,188,474,45.06927554707624,-120.60157256506378,0.9481788277626038
0567_LITTLE_BUCK,0726,809,809,44.901756582436505,-120.47381228358357,0.9980459213256836
0567_LITTLE_BUCK,0726,151,461,45.07925654819004,-120.60653042673316,0.9858041405677795
0567_LITTLE_BUCK,0726,584,617,44.962451859479884,-120.54703608670059,0.9973261952400208
0567_LITTLE_BUCK,0726,53,363,45.10569271330226,-120.64390507624081,0.9606602787971497
0567_LITTLE_BUCK,0726,238,399,45.05578770773326,-120.63017561315637,0.9810938239097595
0567_LITTLE_BUCK,0726,646,706,44.9457269386946,-120.51309380296405,0.9978832006454468
0567_LITTLE_BUCK,0726,190,302,45.06873603350252,-120.66716888868945,0.9226672649383545
0567_LITTLE_BUCK,0726,259,416,45.050122815209214,-120.62369225558871,0.9971075057983398
0567_LITTLE_BUCK,0726,895,853,44.87855749876659,-120.45703182870258,0.8865777850151062
0567_LITTLE_BUCK,0726,726,816,44.92414639574584,-120.47114266576159,0.9958329796791077
0567_LITTLE_BUCK,0726,744,443,44.91929077358237,-120.61339515827538,0.9980153441429138
0567_LITTLE_BUCK,0726,597,369,44.95894502125071,-120.6416168323934,0.9952674508094788
0567_LITTLE_BUCK,0726,698,445,44.931699585777906,-120.61263241032624,0.9975996613502502
0567_LITTLE_BUCK,0726,246,372,45.053629653438385,-120.6404727104697,0.9908404350280762
0567_LITTLE_BUCK,0726,151,332,45.07925654819004,-120.6557276694524,0.9977503418922424
0567_LITTLE_BUCK,0726,427,609,45.004803675016824,-120.55008707849713,0.9892104864120483
0567_LITTLE_BUCK,0726,259,301,45.050122815209214,-120.66755026266401,0.9255856871604919
0567_LITTLE_BUCK,0726,326,233,45.03204911048963,-120.69348369293462,0.9720775485038757
0567_LITTLE_BUCK,0726,170,386,45.074131169239706,-120.63513347482575,0.9979259967803955
0567_LITTLE_BUCK,0726,916,784,44.87289260624254,-120.48334663294776,0.9974297881126404
0567_LITTLE_BUCK,0726,811,436,44.901217068862785,-120.61606477609736,0.5258548259735107
0567_LITTLE_BUCK,0726,700,423,44.931160072204186,-120.62102263776674,0.9944184422492981
0567_LITTLE_BUCK,0726,631,489,44.94977329049749,-120.59585195544527,0.9981696009635925
0567_LITTLE_BUCK,0726,658,379,44.94248985725228,-120.63780309264773,0.9907654523849487
0567_LITTLE_BUCK,0726,777,822,44.91038879961601,-120.46885442191419,0.9972167015075684
0567_LITTLE_BUCK,0726,610,705,44.95543818302154,-120.51347517693861,0.9980865120887756
0567_LITTLE_BUCK,0726,370,201,45.02017981186781,-120.70568766012079,0.9796947240829468
0567_LITTLE_BUCK,0726,805,839,44.90283560958394,-120.46237106434653,0.9884602427482605
0567_LITTLE_BUCK,0726,789,803,44.907151718173694,-120.47610052743097,0.9996142983436584
0567_LITTLE_BUCK,0726,103,446,45.09220487395929,-120.61225103635168,0.995917797088623
0567_LITTLE_BUCK,0726,846,687,44.891775581322705,-120.52033990848084,0.9704094529151917
0567_LITTLE_BUCK,0726,124,369,45.086539981435244,-120.6416168323934,0.9983040690422058
0567_LITTLE_BUCK,0726,295,482,45.04041157088227,-120.59852157326723,0.9596666097640991
0567_LITTLE_BUCK,0726,791,560,44.90661220459997,-120.56877440325096,0.9941666126251221
0567_LITTLE_BUCK,0726,252,302,45.05201111271723,-120.66716888868945,0.9438589811325073
0567_LITTLE_BUCK,0726,663,535,44.941141073317986,-120.57830875261514,0.9975587129592896
0567_LITTLE_BUCK,0726,848,762,44.891236067748984,-120.49173686038824,0.99898761510849
0567_LITTLE_BUCK,0726,207,468,45.064150168125906,-120.6038608089112,0.9802782535552979
0567_LITTLE_BUCK,0726,825,796,44.89744047384675,-120.47877014525295,0.9991263151168823
0567_LITTLE_BUCK,0726,654,489,44.943568884399724,-120.59585195544527,0.9979710578918457
0567_LITTLE_BUCK,0726,598,674,44.95867526446385,-120.52529777015022,0.9975287914276123
0567_LITTLE_BUCK,0726,607,713,44.95624745338212,-120.51042418514207,0.9928039908409119
0567_LITTLE_BUCK,0726,312,328,45.03582570550566,-120.65725316535068,0.9977183938026428
0567_LITTLE_BUCK,0726,417,182,45.00750124288542,-120.71293376563759,0.7857065200805664
0567_LITTLE_BUCK,0726,425,632,45.005343188590544,-120.54131547708207,0.7450704574584961
0567_LITTLE_BUCK,0726,451,524,44.998329512132194,-120.58250386633539,0.9983587861061096
0567_LITTLE_BUCK,0726,456,237,44.9969807281979,-120.69195819703636,0.9961836338043213
0567_LITTLE_BUCK,0726,375,596,45.018831027933516,-120.55504494016651,0.981909453868866
0567_LITTLE_BUCK,0726,591,653,44.96056356197187,-120.53330662361614,0.9970706701278687
0567_LITTLE_BUCK,0726,230,376,45.05794576202814,-120.63894721457143,0.9892356991767883
0567_LITTLE_BUCK,0726,910,805,44.8745111469637,-120.47533777948183,0.9985975027084351
0567_LITTLE_BUCK,0726,619,538,44.953010371939804,-120.57716463069144,0.9610227942466736
0567_LITTLE_BUCK,0726,109,456,45.090586333238136,-120.608437296606,0.9444519281387329
0567_LITTLE_BUCK,0726,81,435,45.0981395232702,-120.61644615007192,0.9523570537567139
0567_LITTLE_BUCK,0726,137,343,45.083033143206066,-120.65153255573216,0.9968839883804321
0567_LITTLE_BUCK,0726,761,440,44.914704908205756,-120.61453928019908,0.6223546266555786
0567_LITTLE_BUCK,0726,382,534,45.0169427304255,-120.5786901265897,0.9984233379364014
0567_LITTLE_BUCK,0726,256,345,45.05093208556979,-120.65076980778302,0.9976792931556702
0567_LITTLE_BUCK,0726,574,557,44.96514942734848,-120.56991852517466,0.5999261736869812
0567_LITTLE_BUCK,0726,55,370,45.10515319972855,-120.64123545841883,0.9544530510902405
0567_LITTLE_BUCK,0726,295,475,45.04041157088227,-120.60119119108921,0.9901911020278931
0567_LITTLE_BUCK,0726,649,710,44.94491766833402,-120.51156830706577,0.9975454807281494
0567_LITTLE_BUCK,0726,169,299,45.07440092602656,-120.66831301061315,0.8153983354568481
0567_LITTLE_BUCK,0726,659,354,44.94222010046543,-120.64733744201192,0.6193134188652039
0567_LITTLE_BUCK,0726,179,330,45.07170335815797,-120.65649041740154,0.9951290488243103
0567_LITTLE_BUCK,0726,164,402,45.07574970996086,-120.62903149123267,0.9980025291442871
0567_LITTLE_BUCK,0726,779,804,44.90984928604229,-120.4757191534564,0.9986656904220581
0567_LITTLE_BUCK,0726,217,446,45.06145260025731,-120.61225103635168,0.987888753414154
0567_LITTLE_BUCK,0726,75,274,45.09975806399136,-120.67784735997735,0.6227262020111084
0567_LITTLE_BUCK,0726,536,314,44.97540018524914,-120.66259240099463,0.9887655377388
0567_LITTLE_BUCK,0726,579,619,44.96380064341418,-120.54627333875145,0.994270920753479
0567_LITTLE_BUCK,0726,613,622,44.95462891266096,-120.54512921682775,0.997780978679657
0567_LITTLE_BUCK,0726,382,201,45.0169427304255,-120.70568766012079,0.9963380694389343
0567_LITTLE_BUCK,0726,490,586,44.987808997444674,-120.55885867991219,0.528403103351593
0567_LITTLE_BUCK,0726,960,734,44.86102330762073,-120.50241533167615,0.9989810585975647
0567_LITTLE_BUCK,0726,152,453,45.078986791403175,-120.6095814185297,0.9981881380081177
0567_LITTLE_BUCK,0726,971,766,44.85805598296527,-120.49021136448998,0.989654004573822
0567_LITTLE_BUCK,0726,51,376,45.10623222687598,-120.63894721457143,0.9099822640419006
0567_LITTLE_BUCK,0726,578,674,44.964070400201045,-120.52529777015022,0.9937434196472168
0567_LITTLE_BUCK,0726,533,317,44.97620945560972,-120.66144827907092,0.98968905210495
0567_LITTLE_BUCK,0726,834,478,44.89501266276502,-120.60004706916551,0.9916042685508728
0567_LITTLE_BUCK,0726,577,688,44.9643401569879,-120.51995853450627,0.9900694489479065
0567_LITTLE_BUCK,0726,339,293,45.02854227226045,-120.67060125446055,0.9970577359199524
0567_LITTLE_BUCK,0726,637,496,44.948154749776336,-120.59318233762329,0.9983229637145996
0567_LITTLE_BUCK,0726,575,667,44.96487967056162,-120.5279673879722,0.8774665594100952
0567_LITTLE_BUCK,0726,598,648,44.95867526446385,-120.53521349348898,0.9972110986709595
0567_LITTLE_BUCK,0726,312,474,45.03582570550566,-120.60157256506378,0.9919670820236206
0567_LITTLE_BUCK,0726,911,841,44.874241390176834,-120.46160831639739,0.8816902041435242
0567_LITTLE_BUCK,0726,81,375,45.0981395232702,-120.639328588546,0.9997997283935547
0567_LITTLE_BUCK,0726,890,803,44.87990628270089,-120.47610052743097,0.9995859265327454
0567_LITTLE_BUCK,0726,634,709,44.94896402013691,-120.51194968104035,0.9978421926498413
0567_LITTLE_BUCK,0726,882,690,44.88206433699576,-120.51919578655713,0.8552629947662354
0567_LITTLE_BUCK,0726,330,236,45.03097008334219,-120.69233957101092,0.988892138004303
0567_LITTLE_BUCK,0726,893,777,44.87909701234031,-120.48601625076974,0.9976840615272522
0567_LITTLE_BUCK,0726,626,369,44.95112207443179,-120.6416168323934,0.9942784905433655
0567_LITTLE_BUCK,0726,283,303,45.043648652324585,-120.66678751471487,0.9109728932380676
0567_LITTLE_BUCK,0726,610,375,44.95543818302154,-120.639328588546,0.9964534640312195
0567_LITTLE_BUCK,0726,846,820,44.891775581322705,-120.46961716986331,0.9912858009338379
0567_LITTLE_BUCK,0726,342,281,45.027733001899875,-120.67517774215537,0.9968822002410889
0567_LITTLE_BUCK,0726,716,444,44.92684396361444,-120.61301378430082,0.9975499510765076
0567_LITTLE_BUCK,0726,386,292,45.01586370327806,-120.67098262843513,0.9972468614578247
0567_LITTLE_BUCK,0726,479,600,44.99077632210013,-120.55351944426823,0.5100825428962708
0567_LITTLE_BUCK,0726,243,274,45.05443892379896,-120.67784735997735,0.6035410761833191
0567_LITTLE_BUCK,0726,800,512,44.904184393518236,-120.5870803540302,0.9999722242355347
0567_LITTLE_BUCK,0726,423,190,45.00588270216426,-120.70988277384104,0.9235384464263916
0567_LITTLE_BUCK,0726,197,331,45.0668477359945,-120.65610904342698,0.9765891432762146
0567_LITTLE_BUCK,0726,480,242,44.99050656531327,-120.69005132716352,0.7434571981430054
0567_LITTLE_BUCK,0726,294,283,45.040681327669134,-120.67441499420623,0.989712655544281
0567_LITTLE_BUCK,0726,108,299,45.09085609002499,-120.66831301061315,0.8050824999809265
0567_LITTLE_BUCK,0726,474,236,44.99212510603443,-120.69233957101092,0.8066419959068298
0567_LITTLE_BUCK,0726,458,250,44.99644121462418,-120.68700033536697,0.9974070191383362
0567_LITTLE_BUCK,0726,83,369,45.09760000969648,-120.6416168323934,0.9999805092811584
0567_LITTLE_BUCK,0726,520,321,44.97971629383889,-120.65992278317266,0.9964202642440796
0567_LITTLE_BUCK,0726,412,595,45.008850026819715,-120.55542631414107,0.9975283145904541
0567_LITTLE_BUCK,0726,297,276,45.03987205730856,-120.67708461202821,0.9673763513565063
0567_LITTLE_BUCK,0726,650,735,44.94464791154716,-120.50203395770158,0.976836085319519
0567_LITTLE_BUCK,0726,776,827,44.910658556402865,-120.46694755204135,0.9944571256637573
0567_LITTLE_BUCK,0726,385,578,45.01613346006492,-120.56190967170873,0.9967506527900696
0567_LITTLE_BUCK,0726,625,738,44.95139183121864,-120.50088983577788,0.5113599300384521
0567_LITTLE_BUCK,0726,596,685,44.95921477803757,-120.52110265642997,0.9944422841072083
0567_LITTLE_BUCK,0726,363,559,45.02206810937583,-120.56915577722552,0.8071292042732239
0567_LITTLE_BUCK,0726,458,542,44.99644121462418,-120.57563913479316,0.9975723624229431
0567_LITTLE_BUCK,0726,803,487,44.90337512315766,-120.5966147033944,0.9991827011108398
0567_LITTLE_BUCK,0726,603,361,44.95732648052955,-120.64466782418994,0.9678334593772888
0567_LITTLE_BUCK,0726,154,394,45.07844727782946,-120.63208248302921,0.998500645160675
0567_LITTLE_BUCK,0726,680,399,44.936555207941375,-120.63017561315637,0.9806573390960693
0567_LITTLE_BUCK,0726,675,765,44.93790399187567,-120.49059273846454,0.9778963923454285
0567_LITTLE_BUCK,0726,181,346,45.071163844584255,-120.65038843380846,0.9972283840179443
0567_LITTLE_BUCK,0726,337,228,45.02908178583417,-120.69539056280746,0.9728902578353882
0567_LITTLE_BUCK,0726,137,322,45.083033143206066,-120.65954140919808,0.9992103576660156
0567_LITTLE_BUCK,0726,62,434,45.10326490222053,-120.6168275240465,0.6230965256690979
0567_LITTLE_BUCK,0726,429,602,45.0042641614431,-120.5527566963191,0.998144805431366
0567_LITTLE_BUCK,0726,101,349,45.09274438753301,-120.64924431188476,0.9999209642410278
0567_LITTLE_BUCK,0726,670,561,44.93925277580997,-120.56839302927638,0.9981547594070435
0567_LITTLE_BUCK,0726,73,440,45.10029757756507,-120.61453928019908,0.9073797464370728
0567_LITTLE_BUCK,0726,906,693,44.87559017411113,-120.51805166463343,0.9217368960380554
0567_LITTLE_BUCK,0726,606,555,44.956517210168975,-120.57068127312378,0.9754126667976379
0567_LITTLE_BUCK,0726,233,321,45.057136491667556,-120.65992278317266,0.9853864908218384
0567_LITTLE_BUCK,0726,588,640,44.961372832332444,-120.53826448528552,0.9378995299339294
0567_LITTLE_BUCK,0726,435,623,45.00264562072195,-120.54474784285317,0.9337610602378845
0567_LITTLE_BUCK,0726,953,766,44.86291160512874,-120.49021136448998,0.9998290538787842
0567_LITTLE_BUCK,0726,768,720,44.91281661069774,-120.5077545673201,0.9977540969848633
0567_LITTLE_BUCK,0726,944,782,44.865339416210475,-120.4841093808969,0.9985127449035645
0567_LITTLE_BUCK,0726,764,822,44.91389563784518,-120.46885442191419,0.9978063702583313
0567_LITTLE_BUCK,0726,53,410,45.10569271330226,-120.62598049943612,0.5321916937828064
0567_LITTLE_BUCK,0726,699,787,44.93142982899104,-120.48220251102406,0.996146023273468
0567_LITTLE_BUCK,0726,507,305,44.98322313206806,-120.66602476676574,0.9940589666366577
0567_LITTLE_BUCK,0726,629,730,44.95031280407121,-120.50394082757443,0.9879496097564697
0567_LITTLE_BUCK,0726,373,184,45.019370541507236,-120.71217101768845,0.966267466545105
0567_LITTLE_BUCK,0726,211,301,45.063071140978465,-120.66755026266401,0.9601123929023743
0567_LITTLE_BUCK,0726,59,378,45.10407417258111,-120.63818446662229,0.9912353157997131
0567_LITTLE_BUCK,0726,106,334,45.09139560359871,-120.65496492150328,0.9992689490318298
0567_LITTLE_BUCK,0726,232,298,45.05740624845442,-120.66869438458771,0.591342031955719
0567_LITTLE_BUCK,0726,504,301,44.984032402428646,-120.66755026266401,0.9878897666931152
0567_LITTLE_BUCK,0726,106,389,45.09139560359871,-120.63398935290205,0.9995970726013184
0567_LITTLE_BUCK,0726,942,817,44.865878929784195,-120.47076129178703,0.9643628597259521
0567_LITTLE_BUCK,0726,432,606,45.00345489108253,-120.55123120042083,0.9971009492874146
0567_LITTLE_BUCK,0726,460,511,44.99590170105046,-120.58746172800477,0.9988973736763
0567_LITTLE_BUCK,0726,564,356,44.96784699521707,-120.64657469406278,0.99785977602005
0567_LITTLE_BUCK,0726,101,378,45.09274438753301,-120.63818446662229,0.9996811151504517
0567_LITTLE_BUCK,0726,361,551,45.02260762294955,-120.57220676902206,0.7540462613105774
0567_LITTLE_BUCK,0726,972,729,44.85778622617841,-120.50432220154899,0.973726749420166
0567_LITTLE_BUCK,0726,776,467,44.910658556402865,-120.60424218288576,0.9989150166511536
0567_LITTLE_BUCK,0726,254,351,45.05147159914351,-120.64848156393562,0.9975346922874451
0567_LITTLE_BUCK,0726,267,491,45.04796476091434,-120.59508920749613,0.5851451754570007
0567_LITTLE_BUCK,0726,653,418,44.94383864118658,-120.62292950763958,0.9971369504928589
0567_LITTLE_BUCK,0726,245,311,45.05389941022525,-120.66373652291833,0.9169500470161438
0567_LITTLE_BUCK,0726,605,566,44.95678696695584,-120.56648615940354,0.9965699315071106
0567_LITTLE_BUCK,0726,84,328,45.09733025290962,-120.65725316535068,0.9842665791511536
0567_LITTLE_BUCK,0726,951,740,44.86345111870246,-120.50012708782874,0.9987158179283142
0567_LITTLE_BUCK,0726,949,769,44.86399063227618,-120.48906724256628,0.9996429681777954
0567_LITTLE_BUCK,0726,643,682,44.946536209055175,-120.52224677835368,0.9980544447898865
0567_LITTLE_BUCK,0726,333,276,45.03016081298161,-120.67708461202821,0.9975264072418213
0567_LITTLE_BUCK,0726,703,819,44.93035080184361,-120.46999854383789,0.9836836457252502
0567_LITTLE_BUCK,0726,952,747,44.8631813619156,-120.49745747000676,0.9987308979034424
0567_LITTLE_BUCK,0726,166,310,45.07521019638715,-120.6641178968929,0.9224389791488647
0567_LITTLE_BUCK,0726,811,705,44.901217068862785,-120.51347517693861,0.977865993976593
0567_LITTLE_BUCK,0726,804,700,44.9031053663708,-120.51538204681145,0.9329294562339783
0567_LITTLE_BUCK,0726,757,729,44.9157839353532,-120.50432220154899,0.9981715083122253
0567_LITTLE_BUCK,0726,835,774,44.894742905978156,-120.48716037269344,0.999052107334137
0567_LITTLE_BUCK,0726,215,404,45.06199211383103,-120.62826874328353,0.9971109628677368
0567_LITTLE_BUCK,0726,97,456,45.09382341468045,-120.608437296606,0.8466712832450867
0567_LITTLE_BUCK,0726,72,367,45.100567334351936,-120.64237958034253,0.9992576837539673
0567_LITTLE_BUCK,0726,521,304,44.979446537052034,-120.6664061407403,0.938322901725769
0567_LITTLE_BUCK,0726,782,839,44.90904001568171,-120.46237106434653,0.9787829518318176
0567_LITTLE_BUCK,0726,687,765,44.93466691043336,-120.49059273846454,0.9967748522758484
0567_LITTLE_BUCK,0726,152,478,45.078986791403175,-120.60004706916551,0.565883994102478
0567_LITTLE_BUCK,0726,164,364,45.07574970996086,-120.64352370226624,0.9976223111152649
0567_LITTLE_BUCK,0726,191,413,45.06846627671566,-120.62483637751242,0.9975287914276123
0567_LITTLE_BUCK,0726,653,505,44.94383864118658,-120.58974997185217,0.998374342918396
0567_LITTLE_BUCK,0726,864,700,44.88691995915923,-120.51538204681145,0.9908976554870605
0567_LITTLE_BUCK,0726,307,472,45.037174489439955,-120.60233531301292,0.9705935120582581
0567_LITTLE_BUCK,0726,419,199,45.0069617293117,-120.70645040806993,0.9941571950912476
0567_LITTLE_BUCK,0726,101,379,45.09274438753301,-120.63780309264773,0.9998417496681213
0567_LITTLE_BUCK,0726,872,767,44.884761904864355,-120.48982999051542,0.9989910125732422
0567_LITTLE_BUCK,0726,289,481,45.04203011160343,-120.59890294724181,0.9892826676368713
0567_LITTLE_BUCK,0726,25,378,45.11324590333433,-120.63818446662229,0.8511570692062378
0567_LITTLE_BUCK,0726,795,734,44.90553317745253,-120.50241533167615,0.9980400204658508
0567_LITTLE_BUCK,0726,778,730,44.910119042829145,-120.50394082757443,0.99580979347229
0567_LITTLE_BUCK,0726,231,401,45.05767600524128,-120.62941286520723,0.970186710357666
0567_LITTLE_BUCK,0726,158,394,45.07736825068202,-120.63208248302921,0.9981992840766907
0567_LITTLE_BUCK,0726,771,632,44.91200734033716,-120.54131547708207,0.9976097941398621
0567_LITTLE_BUCK,0726,642,693,44.94680596584204,-120.51805166463343,0.9980344176292419
0567_LITTLE_BUCK,0726,471,545,44.992934376395006,-120.57449501286946,0.9930877685546875
0567_LITTLE_BUCK,0726,620,667,44.95274061515294,-120.5279673879722,0.9985566735267639
0567_LITTLE_BUCK,0726,670,383,44.93925277580997,-120.63627759674945,0.7587749361991882
0567_LITTLE_BUCK,0726,93,294,45.094902441827884,-120.67021988048599,0.8699877858161926
0567_LITTLE_BUCK,0726,627,624,44.95085231764493,-120.54436646887861,0.9979341626167297
0567_LITTLE_BUCK,0726,860,707,44.88799898630667,-120.51271242898947,0.9949947595596313
0567_LITTLE_BUCK,0726,140,341,45.08222387284549,-120.6522953036813,0.9976553916931152
0567_LITTLE_BUCK,0726,501,307,44.98484167278922,-120.6652620188166,0.9968615770339966
0567_LITTLE_BUCK,0726,204,408,45.06495943848648,-120.62674324738525,0.9974660277366638
0567_LITTLE_BUCK,0726,369,554,45.02044956865467,-120.57106264709836,0.8945620656013489
0567_LITTLE_BUCK,0726,585,366,44.96218210269303,-120.6427609543171,0.9974492788314819
0567_LITTLE_BUCK,0726,582,634,44.962991373053605,-120.54055272913293,0.8684760332107544
0567_LITTLE_BUCK,0726,596,632,44.95921477803757,-120.54131547708207,0.9941065311431885
0567_LITTLE_BUCK,0726,797,732,44.90499366387882,-120.50317807962529,0.9980208873748779
0567_LITTLE_BUCK,0726,538,333,44.97486067167542,-120.65534629547784,0.9966573715209961
0567_LITTLE_BUCK,0726,672,449,44.93871326223625,-120.61110691442798,0.998753547668457
0567_LITTLE_BUCK,0726,504,300,44.984032402428646,-120.66793163663858,0.9847124814987183
0567_LITTLE_BUCK,0726,900,750,44.87720871483229,-120.49631334808306,0.9991797208786011
0567_LITTLE_BUCK,0726,674,781,44.938173748662535,-120.48449075487146,0.864060640335083
0567_LITTLE_BUCK,0726,155,291,45.0781775210426,-120.67136400240969,0.9745822548866272
0567_LITTLE_BUCK,0726,416,527,45.007770999672275,-120.58135974441169,0.9975005388259888
0567_LITTLE_BUCK,0726,978,760,44.85616768545725,-120.49249960833738,0.9278727173805237
0567_LITTLE_BUCK,0726,156,286,45.07790776425574,-120.67327087228253,0.8595994710922241
0567_LITTLE_BUCK,0726,188,408,45.06927554707624,-120.62674324738525,0.9977325201034546
0567_LITTLE_BUCK,0726,684,759,44.93547618079394,-120.49288098231196,0.9964262247085571
0567_LITTLE_BUCK,0726,168,372,45.07467068281343,-120.6404727104697,0.9979022741317749
0567_LITTLE_BUCK,0726,953,792,44.86291160512874,-120.48029564115122,0.998676061630249
0567_LITTLE_BUCK,0726,838,706,44.89393363561758,-120.51309380296405,0.99798184633255
0567_LITTLE_BUCK,0726,366,526,45.02125883901525,-120.58174111838625,0.9948363304138184
0567_LITTLE_BUCK,0726,108,378,45.09085609002499,-120.63818446662229,0.9989736080169678
0567_LITTLE_BUCK,0726,454,525,44.99752024177162,-120.58212249236082,0.998248815536499
0567_LITTLE_BUCK,0726,215,388,45.06199211383103,-120.63437072687661,0.9933845400810242
0567_LITTLE_BUCK,0726,766,789,44.91335612427146,-120.48143976307492,0.9997224807739258
0567_LITTLE_BUCK,0726,682,792,44.936015694367654,-120.48029564115122,0.8752759099006653
0567_LITTLE_BUCK,0726,282,319,45.04391840911145,-120.66068553112179,0.9946183562278748
0567_LITTLE_BUCK,0726,208,294,45.06388041133905,-120.67021988048599,0.8214849233627319
0567_LITTLE_BUCK,0726,871,772,44.88503166165122,-120.48792312064258,0.9984396696090698
0567_LITTLE_BUCK,0726,605,606,44.95678696695584,-120.55123120042083,0.9976767301559448
0567_LITTLE_BUCK,0726,623,617,44.951931344792364,-120.54703608670059,0.9977521896362305
0567_LITTLE_BUCK,0726,949,797,44.86399063227618,-120.47838877127838,0.9982861280441284
0567_LITTLE_BUCK,0726,523,326,44.978907023478314,-120.65801591329982,0.9961219429969788
0567_LITTLE_BUCK,0726,432,571,45.00345489108253,-120.5645792895307,0.999358057975769
0567_LITTLE_BUCK,0726,399,214,45.012356865048886,-120.7007297984514,0.9989065527915955
0567_LITTLE_BUCK,0726,389,507,45.01505443291748,-120.58898722390305,0.9976974725723267
0567_LITTLE_BUCK,0726,241,493,45.05497843737268,-120.59432645954699,0.6653490662574768
0567_LITTLE_BUCK,0726,641,517,44.947075722628895,-120.58517348415737,0.9976320266723633
0567_LITTLE_BUCK,0726,714,444,44.92738347718815,-120.61301378430082,0.9978175759315491
0567_LITTLE_BUCK,0726,793,716,44.90607269102625,-120.50928006321837,0.9927287697792053
0567_LITTLE_BUCK,0726,512,328,44.981874348133765,-120.65725316535068,0.9973624348640442
0567_LITTLE_BUCK,0726,66,382,45.10218587507309,-120.63665897072401,0.9842530488967896
0567_LITTLE_BUCK,0726,84,301,45.09733025290962,-120.66755026266401,0.8395748734474182
0567_LITTLE_BUCK,0726,213,293,45.06253162740475,-120.67060125446055,0.6021577715873718
0567_LITTLE_BUCK,0726,269,369,45.04742524734062,-120.6416168323934,0.9975287914276123
0567_LITTLE_BUCK,0726,163,292,45.076019466747724,-120.67098262843513,0.6427733302116394
0567_LITTLE_BUCK,0726,683,748,44.9357459375808,-120.4970760960322,0.9975490570068359
0567_LITTLE_BUCK,0726,764,702,44.91389563784518,-120.51461929886231,0.99752277135849
0567_LITTLE_BUCK,0726,499,314,44.98538118636294,-120.66259240099463,0.9976071119308472
0567_LITTLE_BUCK,0726,617,718,44.953549885513524,-120.50851731526923,0.992071270942688
0567_LITTLE_BUCK,0726,327,273,45.03177935370277,-120.67822873395191,0.9964849352836609
0567_LITTLE_BUCK,0726,944,752,44.865339416210475,-120.49555060013392,0.9993546009063721
0567_LITTLE_BUCK,0726,845,772,44.89204533810956,-120.48792312064258,0.9986743330955505
0567_LITTLE_BUCK,0726,413,567,45.00858027003285,-120.56610478542898,0.9993210434913635
0567_LITTLE_BUCK,0726,588,370,44.961372832332444,-120.64123545841883,0.9958023428916931
0567_LITTLE_BUCK,0726,68,396,45.10164636149937,-120.63131973508007,0.9133629202842712
0567_LITTLE_BUCK,0726,128,301,45.085460954287804,-120.66755026266401,0.9960498213768005
0567_LITTLE_BUCK,0726,630,699,44.950043047284346,-120.51576342078603,0.9984703063964844
0567_LITTLE_BUCK,0726,171,337,45.07386141245285,-120.65382079957958,0.995576798915863
0567_LITTLE_BUCK,0726,770,675,44.912277097124026,-120.52491639617566,0.8342748284339905
0567_LITTLE_BUCK,0726,511,287,44.98214410492063,-120.67288949830797,0.954028844833374
0567_LITTLE_BUCK,0726,387,567,45.0155939464912,-120.56610478542898,0.9972485899925232
0567_LITTLE_BUCK,0726,792,453,44.90634244781312,-120.6095814185297,0.7556888461112976
0567_LITTLE_BUCK,0726,778,809,44.910119042829145,-120.47381228358357,0.9986424446105957
0567_LITTLE_BUCK,0726,777,828,44.91038879961601,-120.46656617806677,0.9951515197753906
0567_LITTLE_BUCK,0726,496,294,44.98619045672352,-120.67021988048599,0.9964800477027893
0567_LITTLE_BUCK,0726,67,333,45.10191611828623,-120.65534629547784,0.9850947260856628
0567_LITTLE_BUCK,0726,594,620,44.95975429161129,-120.54589196477689,0.9979192614555359
0567_LITTLE_BUCK,0726,90,330,45.09571171218846,-120.65649041740154,0.9977169632911682
0567_LITTLE_BUCK,0726,408,307,45.00992905396715,-120.6652620188166,0.9964399337768555
0567_LITTLE_BUCK,0726,772,675,44.911737583550305,-120.52491639617566,0.7942188382148743
0567_LITTLE_BUCK,0726,749,448,44.91794198964807,-120.61148828840254,0.9975959658622742
0567_LITTLE_BUCK,0726,795,826,44.90553317745253,-120.46732892601591,0.9848315119743347
0567_LITTLE_BUCK,0726,463,619,44.99509243068988,-120.54627333875145,0.8993825316429138
0567_LITTLE_BUCK,0726,772,705,44.911737583550305,-120.51347517693861,0.9890744090080261
0567_LITTLE_BUCK,0726,707,419,44.92927177469617,-120.622548133665,0.809472382068634
0567_LITTLE_BUCK,0726,150,297,45.079526304976895,-120.66907575856229,0.992343008518219
0567_LITTLE_BUCK,0726,351,567,45.025305190818145,-120.56610478542898,0.856548547744751
0567_LITTLE_BUCK,0726,53,374,45.10569271330226,-120.63970996252056,0.948248028755188
0567_LITTLE_BUCK,0726,261,401,45.049583301635494,-120.62941286520723,0.9961310625076294
0567_LITTLE_BUCK,0726,160,420,45.0768287371083,-120.62216675969044,0.9980401396751404
0567_LITTLE_BUCK,0726,151,371,45.07925654819004,-120.64085408444427,0.9982945322990417
0567_LITTLE_BUCK,0726,421,294,45.00642221573798,-120.67021988048599,0.9975287914276123
0567_LITTLE_BUCK,0726,272,480,45.04661597698004,-120.59928432121637,0.983160138130188
0567_LITTLE_BUCK,0726,846,711,44.891775581322705,-120.51118693309121,0.9974085688591003
0567_LITTLE_BUCK,0726,216,389,45.06172235704417,-120.63398935290205,0.995041012763977
0567_LITTLE_BUCK,0726,418,532,45.007231486098554,-120.57945287453884,0.9975452423095703
0567_LITTLE_BUCK,0726,364,532,45.02179835258897,-120.57945287453884,0.9951082468032837
0567_LITTLE_BUCK,0726,644,650,44.94626645226832,-120.53445074553984,0.9987392425537109
0567_LITTLE_BUCK,0726,768,676,44.91281661069774,-120.52453502220108,0.8227233290672302
0567_LITTLE_BUCK,0726,430,578,45.00399440465625,-120.56190967170873,0.9992384910583496
0567_LITTLE_BUCK,0726,201,455,45.06576870884706,-120.60881867058058,0.9972696900367737
0567_LITTLE_BUCK,0726,491,585,44.98753924065782,-120.55924005388675,0.5267094373703003
0567_LITTLE_BUCK,0726,617,672,44.953549885513524,-120.52606051809936,0.99795001745224
0567_LITTLE_BUCK,0726,707,420,44.92927177469617,-120.62216675969044,0.8770725727081299
0567_LITTLE_BUCK,0726,423,620,45.00588270216426,-120.54589196477689,0.9064837098121643
0567_LITTLE_BUCK,0726,378,583,45.01802175757294,-120.56000280183589,0.9912016987800598
0567_LITTLE_BUCK,0726,863,682,44.88718971594609,-120.52224677835368,0.9065319895744324
0567_LITTLE_BUCK,0726,229,330,45.058215518815,-120.65649041740154,0.9954156279563904
0567_LITTLE_BUCK,0726,554,334,44.97054456308567,-120.65496492150328,0.9954866766929626
0567_LITTLE_BUCK,0726,94,449,45.09463268504103,-120.61110691442798,0.9583389759063721
0567_LITTLE_BUCK,0726,899,703,44.87747847161915,-120.51423792488775,0.9975287914276123
0567_LITTLE_BUCK,0726,574,591,44.96514942734848,-120.55695181003935,0.8795506358146667
0567_LITTLE_BUCK,0726,805,713,44.90283560958394,-120.51042418514207,0.9906632900238037
0567_LITTLE_BUCK,0726,795,701,44.90553317745253,-120.51500067283689,0.8216598033905029
0567_LITTLE_BUCK,0726,395,512,45.01343589219633,-120.5870803540302,0.997587263584137
0567_LITTLE_BUCK,0726,372,515,45.01964029829409,-120.5859362321065,0.96322101354599
0567_LITTLE_BUCK,0726,313,305,45.0355559487188,-120.66602476676574,0.9976192712783813
0567_LITTLE_BUCK,0726,112,455,45.08977706287756,-120.60881867058058,0.977989137172699
0567_LITTLE_BUCK,0726,426,304,45.00507343180368,-120.6664061407403,0.9939411282539368
0567_LITTLE_BUCK,0726,404,193,45.01100808111459,-120.70873865191733,0.9913651943206787
0567_LITTLE_BUCK,0726,779,583,44.90984928604229,-120.56000280183589,0.9434657692909241
0567_LITTLE_BUCK,0726,589,693,44.96110307554559,-120.51805166463343,0.9886511564254761
0567_LITTLE_BUCK,0726,103,287,45.09220487395929,-120.67288949830797,0.9282190799713135
0567_LITTLE_BUCK,0726,660,565,44.94195034367856,-120.56686753337812,0.997717022895813
0567_LITTLE_BUCK,0726,360,551,45.02287737973641,-120.57220676902206,0.7013842463493347
0567_LITTLE_BUCK,0726,182,303,45.07089408779739,-120.66678751471487,0.8813084959983826
0567_LITTLE_BUCK,0726,597,582,44.95894502125071,-120.56038417581046,0.9955410957336426
0567_LITTLE_BUCK,0726,632,371,44.94950353371063,-120.64085408444427,0.997414767742157
0567_LITTLE_BUCK,0726,632,490,44.94950353371063,-120.59547058147069,0.9981254935264587
0567_LITTLE_BUCK,0726,442,251,45.00075732321393,-120.6866189613924,0.9986931681632996
0567_LITTLE_BUCK,0726,763,857,44.914165394632036,-120.4555063328043,0.7503619194030762
0567_LITTLE_BUCK,0726,115,303,45.088967792516975,-120.66678751471487,0.9972238540649414
0567_LITTLE_BUCK,0726,764,623,44.91389563784518,-120.54474784285317,0.998493492603302
0567_LITTLE_BUCK,0726,180,317,45.07143360137111,-120.66144827907092,0.9849787354469299
0567_LITTLE_BUCK,0726,760,452,44.91497466499262,-120.60996279250428,0.9963803887367249
0567_LITTLE_BUCK,0726,488,307,44.988348511018394,-120.6652620188166,0.9980919361114502
0567_LITTLE_BUCK,0726,405,221,45.01073832432773,-120.69806018062944,0.9987798929214478
0567_LITTLE_BUCK,0726,632,537,44.94950353371063,-120.577546004666,0.9850113987922668
0567_LITTLE_BUCK,0726,439,603,45.00156659357451,-120.55237532234453,0.9981123208999634
0567_LITTLE_BUCK,0726,417,598,45.00750124288542,-120.55428219221737,0.994175136089325
0567_LITTLE_BUCK,0726,824,450,44.89771023063361,-120.6107255404534,0.9410444498062134
0567_LITTLE_BUCK,0726,900,697,44.87720871483229,-120.51652616873515,0.9849609732627869
0567_LITTLE_BUCK,0726,476,539,44.99158559246071,-120.57678325671688,0.9927610158920288
0567_LITTLE_BUCK,0726,247,326,45.05335989665153,-120.65801591329982,0.9959788918495178
0567_LITTLE_BUCK,0726,290,327,45.04176035481657,-120.65763453932524,0.9975825548171997
0567_LITTLE_BUCK,0726,651,516,44.9443781547603,-120.58555485813193,0.997690737247467
0567_LITTLE_BUCK,0726,785,452,44.908230745321134,-120.60996279250428,0.6672104597091675
0567_LITTLE_BUCK,0726,653,400,44.94383864118658,-120.6297942391818,0.9977231025695801
0567_LITTLE_BUCK,0726,250,354,45.05255062629095,-120.64733744201192,0.9970956444740295
0567_LITTLE_BUCK,0726,146,328,45.080605332124335,-120.65725316535068,0.9981003403663635
0567_LITTLE_BUCK,0726,442,535,45.00075732321393,-120.57830875261514,0.9979768991470337
0567_LITTLE_BUCK,0726,562,325,44.96838650879079,-120.65839728727438,0.9732436537742615
0567_LITTLE_BUCK,0726,119,362,45.08788876536954,-120.64428645021538,0.9988168478012085
0567_LITTLE_BUCK,0726,119,320,45.08788876536954,-120.66030415714722,0.9995896220207214
0567_LITTLE_BUCK,0726,417,226,45.00750124288542,-120.6961533107566,0.9991148710250854
0567_LITTLE_BUCK,0726,693,803,44.9330483697122,-120.47610052743097,0.9525130987167358
0567_LITTLE_BUCK,0726,244,492,45.054169167012105,-120.59470783352155,0.6814509034156799
0567_LITTLE_BUCK,0726,258,326,45.05039257199607,-120.65801591329982,0.997313916683197
0567_LITTLE_BUCK,0726,811,700,44.901217068862785,-120.51538204681145,0.9383783936500549
0567_LITTLE_BUCK,0726,785,578,44.908230745321134,-120.56190967170873,0.7838936448097229
0567_LITTLE_BUCK,0726,405,501,45.01073832432773,-120.59127546775045,0.996280312538147
0567_LITTLE_BUCK,0726,181,342,45.071163844584255,-120.65191392970674,0.9960447549819946
0567_LITTLE_BUCK,0726,566,319,44.96730748164335,-120.66068553112179,0.9069505333900452
0567_LITTLE_BUCK,0726,365,215,45.02152859580211,-120.70034842447684,0.9979704022407532
0567_LITTLE_BUCK,0726,422,617,45.00615245895112,-120.54703608670059,0.865776777267456
0567_LITTLE_BUCK,0726,680,398,44.936555207941375,-120.63055698713093,0.9290438890457153
0567_LITTLE_BUCK,0726,198,419,45.06657797920764,-120.622548133665,0.9967547059059143
0567_LITTLE_BUCK,0726,814,698,44.90040779850221,-120.51614479476059,0.9186797142028809
0567_LITTLE_BUCK,0726,215,449,45.06199211383103,-120.61110691442798,0.991911768913269
0567_LITTLE_BUCK,0726,773,598,44.91146782676344,-120.55428219221737,0.9893821477890015
0567_LITTLE_BUCK,0726,207,324,45.064150168125906,-120.65877866124895,0.9844306707382202
0567_LITTLE_BUCK,0726,161,351,45.076558980321444,-120.64848156393562,0.9962693452835083
0567_LITTLE_BUCK,0726,209,378,45.063610654552186,-120.63818446662229,0.9974907636642456
0567_LITTLE_BUCK,0726,484,547,44.989427538165835,-120.57373226492032,0.9464067220687866
0567_LITTLE_BUCK,0726,260,462,45.04985305842236,-120.6061490527586,0.9945366978645325
0567_LITTLE_BUCK,0726,48,375,45.107041497236565,-120.639328588546,0.919762909412384
0567_LITTLE_BUCK,0726,467,521,44.994013403542446,-120.58364798825909,0.997776448726654
0567_LITTLE_BUCK,0726,135,454,45.083572656779786,-120.60920004455514,0.9971135258674622
0567_LITTLE_BUCK,0726,816,699,44.89986828492849,-120.51576342078603,0.9539137482643127
0567_LITTLE_BUCK,0726,270,459,45.047155490553756,-120.6072931746823,0.9975287914276123
0567_LITTLE_BUCK,0726,398,180,45.01262662183575,-120.71369651358671,0.7743775844573975
0567_LITTLE_BUCK,0726,368,179,45.02071932544153,-120.71407788756129,0.6569857001304626
0567_LITTLE_BUCK,0726,387,541,45.0155939464912,-120.57602050876774,0.9980100989341736
0567_LITTLE_BUCK,0726,454,574,44.99752024177162,-120.563435167607,0.9928617477416992
0567_LITTLE_BUCK,0726,778,840,44.910119042829145,-120.46198969037196,0.9713134169578552
0567_LITTLE_BUCK,0726,429,306,45.0042641614431,-120.66564339279117,0.9960092306137085
0567_LITTLE_BUCK,0726,46,341,45.10758101081028,-120.6522953036813,0.9661446809768677
0567_LITTLE_BUCK,0726,658,748,44.94248985725228,-120.4970760960322,0.8882995247840881
0567_LITTLE_BUCK,0726,433,585,45.00318513429566,-120.55924005388675,0.9988130331039429
0567_LITTLE_BUCK,0726,412,632,45.008850026819715,-120.54131547708207,0.6635386943817139
0567_LITTLE_BUCK,0726,841,797,44.893124365257,-120.47838877127838,0.9992597699165344
0567_LITTLE_BUCK,0726,647,377,44.94545718190774,-120.63856584059685,0.9948722124099731
0567_LITTLE_BUCK,0726,601,566,44.95786599410327,-120.56648615940354,0.9955637454986572
0567_LITTLE_BUCK,0726,81,439,45.0981395232702,-120.61492065417366,0.9245814085006714
0567_LITTLE_BUCK,0726,876,693,44.88368287771692,-120.51805166463343,0.9217151403427124
0567_LITTLE_BUCK,0726,350,549,45.025574947605,-120.5729695169712,0.9663007855415344
0567_LITTLE_BUCK,0726,885,828,44.881255066635184,-120.46656617806677,0.9342016577720642
0567_LITTLE_BUCK,0726,484,257,44.989427538165835,-120.684330717545,0.9785168170928955
0567_LITTLE_BUCK,0726,142,293,45.08168435927177,-120.67060125446055,0.9145645499229431
0567_LITTLE_BUCK,0726,225,373,45.05929454596244,-120.64009133649513,0.9903132915496826
0567_LITTLE_BUCK,0726,301,279,45.038793030161116,-120.67594049010451,0.9889465570449829
0567_LITTLE_BUCK,0726,483,275,44.98969729495269,-120.67746598600277,0.9956718683242798
0567_LITTLE_BUCK,0726,339,269,45.02854227226045,-120.67975422985018,0.9978161454200745
0567_LITTLE_BUCK,0726,594,613,44.95975429161129,-120.54856158259885,0.9934890866279602
0567_LITTLE_BUCK,0726,425,533,45.005343188590544,-120.57907150056428,0.9977324604988098
0567_LITTLE_BUCK,0726,318,238,45.034207164784505,-120.69157682306178,0.9518411755561829
0567_LITTLE_BUCK,0726,440,192,45.00129683678765,-120.7091200258919,0.6139650344848633
0567_LITTLE_BUCK,0726,399,513,45.012356865048886,-120.58669898005563,0.9969201683998108
0567_LITTLE_BUCK,0726,223,395,45.05983405953616,-120.63170110905463,0.9969979524612427
0567_LITTLE_BUCK,0726,364,289,45.02179835258897,-120.67212675035883,0.9975287914276123
0567_LITTLE_BUCK,0726,630,503,44.950043047284346,-120.59051271980131,0.9985526204109192
0567_LITTLE_BUCK,0726,156,328,45.07790776425574,-120.65725316535068,0.997437059879303
0567_LITTLE_BUCK,0726,654,552,44.943568884399724,-120.5718253950475,0.9975519776344299
0567_LITTLE_BUCK,0726,73,299,45.10029757756507,-120.66831301061315,0.8772833943367004
0567_LITTLE_BUCK,0726,149,436,45.07979606176376,-120.61606477609736,0.9992056488990784
0567_LITTLE_BUCK,0726,586,547,44.961912345906164,-120.57373226492032,0.9558745622634888
0567_LITTLE_BUCK,0726,71,390,45.10083709113879,-120.63360797892747,0.9146096110343933
0567_LITTLE_BUCK,0726,120,453,45.08761900858268,-120.6095814185297,0.99666827917099
0567_LITTLE_BUCK,0726,646,692,44.9457269386946,-120.518433038608,0.9981927275657654
0567_LITTLE_BUCK,0726,568,332,44.96676796806964,-120.6557276694524,0.9420862793922424
0567_LITTLE_BUCK,0726,430,529,45.00399440465625,-120.58059699646255,0.998025119304657
0567_LITTLE_BUCK,0726,652,751,44.944108397973444,-120.4959319741085,0.6178327202796936
0567_LITTLE_BUCK,0726,835,686,44.894742905978156,-120.5207212824554,0.9543660879135132
0567_LITTLE_BUCK,0726,646,731,44.9457269386946,-120.50355945359985,0.9734415411949158
0567_LITTLE_BUCK,0726,152,310,45.078986791403175,-120.6641178968929,0.9957890510559082
0567_LITTLE_BUCK,0726,954,728,44.86264184834188,-120.50470357552355,0.9980410933494568
0567_LITTLE_BUCK,0726,367,515,45.02098908222839,-120.5859362321065,0.9836636185646057
0567_LITTLE_BUCK,0726,573,368,44.96541918413534,-120.64199820636797,0.9977560043334961
0567_LITTLE_BUCK,0726,478,537,44.99104607888699,-120.577546004666,0.9929303526878357
0567_LITTLE_BUCK,0726,427,542,45.004803675016824,-120.57563913479316,0.9976967573165894
0567_LITTLE_BUCK,0726,324,470,45.03258862406335,-120.60309806096205,0.9957068562507629
0567_LITTLE_BUCK,0726,587,359,44.96164258911931,-120.64543057213908,0.9434303641319275
0567_LITTLE_BUCK,0726,305,468,45.037714003013676,-120.6038608089112,0.9806746244430542
0567_LITTLE_BUCK,0726,438,558,45.001836350361366,-120.56953715120008,0.9977182149887085
0567_LITTLE_BUCK,0726,312,463,45.03582570550566,-120.60576767878402,0.9958698749542236
0567_LITTLE_BUCK,0726,660,433,44.94195034367856,-120.61720889802106,0.9984722137451172
0567_LITTLE_BUCK,0726,272,313,45.04661597698004,-120.6629737749692,0.9831688404083252
0567_LITTLE_BUCK,0726,437,497,45.00210610714823,-120.59280096364873,0.9980940222740173
0567_LITTLE_BUCK,0726,344,220,45.027193488326155,-120.698441554604,0.9901679754257202
0567_LITTLE_BUCK,0726,962,703,44.860483794047006,-120.51423792488775,0.6897053122520447
0567_LITTLE_BUCK,0726,677,394,44.93736447830195,-120.63208248302921,0.5296638607978821
0567_LITTLE_BUCK,0726,697,793,44.93196934256476,-120.47991426717665,0.9909960627555847
0567_LITTLE_BUCK,0726,808,780,44.90202633922336,-120.48487212884604,0.9990852475166321
0567_LITTLE_BUCK,0726,333,274,45.03016081298161,-120.67784735997735,0.9970285892486572
0567_LITTLE_BUCK,0726,772,657,44.911737583550305,-120.53178112771788,0.9726759195327759
0567_LITTLE_BUCK,0726,795,486,44.90553317745253,-120.59699607736897,0.9997004866600037
0567_LITTLE_BUCK,0726,616,555,44.95381964230038,-120.57068127312378,0.9943875074386597
0567_LITTLE_BUCK,0726,575,597,44.96487967056162,-120.55466356619193,0.9757885336875916
0567_LITTLE_BUCK,0726,285,311,45.043109138750864,-120.66373652291833,0.9556666612625122
0567_LITTLE_BUCK,0726,350,204,45.025574947605,-120.70454353819709,0.9567558169364929
0567_LITTLE_BUCK,0726,223,339,45.05983405953616,-120.65305805163044,0.9976415634155273
0567_LITTLE_BUCK,0726,72,437,45.100567334351936,-120.61568340212278,0.9104864597320557
0567_LITTLE_BUCK,0726,921,775,44.87154382230824,-120.48677899871888,0.9992742538452148
0567_LITTLE_BUCK,0726,698,428,44.931699585777906,-120.6191157678939,0.9974969029426575
0567_LITTLE_BUCK,0726,555,343,44.97027480629881,-120.65153255573216,0.9977281093597412
0567_LITTLE_BUCK,0726,228,357,45.05848527560186,-120.64619332008822,0.9977731704711914
0567_LITTLE_BUCK,0726,646,645,44.9457269386946,-120.53635761541268,0.999150276184082
0567_LITTLE_BUCK,0726,242,422,45.054708680585826,-120.6214040117413,0.9868412017822266
0567_LITTLE_BUCK,0726,176,361,45.07251262851855,-120.64466782418994,0.9982854127883911
0567_LITTLE_BUCK,0726,567,611,44.967037724856496,-120.54932433054799,0.5294763445854187
0567_LITTLE_BUCK,0726,410,537,45.009389540393435,-120.577546004666,0.9976088404655457
0567_LITTLE_BUCK,0726,774,823,44.911198069976585,-120.46847304793961,0.9970861077308655
0567_LITTLE_BUCK,0726,814,696,44.90040779850221,-120.51690754270973,0.8397524356842041
0567_LITTLE_BUCK,0726,590,365,44.96083331875873,-120.64314232829167,0.995592474937439
0567_LITTLE_BUCK,0726,402,306,45.01154759468831,-120.66564339279117,0.9960243105888367
0567_LITTLE_BUCK,0726,182,297,45.07089408779739,-120.66907575856229,0.8352953195571899
0567_LITTLE_BUCK,0726,618,715,44.95328012872666,-120.50966143719293,0.9937663674354553
0567_LITTLE_BUCK,0726,351,213,45.025305190818145,-120.70111117242598,0.9823092818260193
0567_LITTLE_BUCK,0726,935,805,44.86776722729221,-120.47533777948183,0.9886805415153503
0567_LITTLE_BUCK,0726,128,341,45.085460954287804,-120.6522953036813,0.9985640645027161
0567_LITTLE_BUCK,0726,437,183,45.00210610714823,-120.71255239166301,0.5001316070556641
0567_LITTLE_BUCK,0726,753,719,44.91686296250064,-120.50813594129467,0.9984718561172485
0567_LITTLE_BUCK,0726,596,673,44.95921477803757,-120.52567914412478,0.9975287914276123
0567_LITTLE_BUCK,0726,753,829,44.91686296250064,-120.46618480409221,0.9735013246536255
0567_LITTLE_BUCK,0726,870,681,44.885301418438075,-120.52262815232824,0.8427156209945679
0567_LITTLE_BUCK,0726,461,513,44.9956319442636,-120.58669898005563,0.9989378452301025
0567_LITTLE_BUCK,0726,89,374,45.095981468975324,-120.63970996252056,0.9999210238456726
0567_LITTLE_BUCK,0726,771,465,44.91200734033716,-120.6050049308349,0.9983193874359131
0567_LITTLE_BUCK,0726,905,698,44.875859930897995,-120.51614479476059,0.9951465725898743
0567_LITTLE_BUCK,0726,713,812,44.927653233975015,-120.47266816165985,0.982147753238678
0567_LITTLE_BUCK,0726,237,452,45.05605746452012,-120.60996279250428,0.9563413262367249
0567_LITTLE_BUCK,0726,78,462,45.098948793630775,-120.6061490527586,0.6728487014770508
0567_LITTLE_BUCK,0726,848,704,44.891236067748984,-120.51385655091319,0.9937511682510376
0567_LITTLE_BUCK,0726,373,230,45.019370541507236,-120.69462781485832,0.9981589317321777
0567_LITTLE_BUCK,0726,848,771,44.891236067748984,-120.48830449461714,0.9987555742263794
0567_LITTLE_BUCK,0726,417,627,45.00750124288542,-120.5432223469549,0.8928446769714355
0567_LITTLE_BUCK,0726,337,254,45.02908178583417,-120.6854748394687,0.9971776008605957
0567_LITTLE_BUCK,0726,676,430,44.937634235088815,-120.61835301994476,0.9975858926773071
0567_LITTLE_BUCK,0726,568,585,44.96676796806964,-120.55924005388675,0.620984673500061
0567_LITTLE_BUCK,0726,441,551,45.00102708000079,-120.57220676902206,0.9978654980659485
0567_LITTLE_BUCK,0726,445,248,44.99994805285335,-120.6877630833161,0.9984225630760193
0567_LITTLE_BUCK,0726,434,564,45.002915377508806,-120.56724890735268,0.997806966304779
0567_LITTLE_BUCK,0726,929,682,44.869385768013366,-120.52224677835368,0.5996602177619934
0567_LITTLE_BUCK,0726,959,772,44.86129306440758,-120.48792312064258,0.9993304014205933
0567_LITTLE_BUCK,0726,808,845,44.90202633922336,-120.46008282049912,0.9833705425262451
0567_LITTLE_BUCK,0726,638,655,44.94788499298947,-120.532543875667,0.9989179968833923
0567_LITTLE_BUCK,0726,869,824,44.88557117522493,-120.46809167396505,0.9364393949508667
0567_LITTLE_BUCK,0726,124,356,45.086539981435244,-120.64657469406278,0.9986850023269653
0567_LITTLE_BUCK,0726,803,777,44.90337512315766,-120.48601625076974,0.9992818832397461
0567_LITTLE_BUCK,0726,741,479,44.920100043942945,-120.59966569519094,0.9992398619651794
0567_LITTLE_BUCK,0726,353,198,45.024765677244424,-120.7068317820445,0.9691656231880188
0567_LITTLE_BUCK,0726,386,524,45.01586370327806,-120.58250386633539,0.9978581070899963
0567_LITTLE_BUCK,0726,113,340,45.089507306090695,-120.65267667765586,0.9997137188911438
0567_LITTLE_BUCK,0726,651,681,44.9443781547603,-120.52262815232824,0.9985379576683044
0567_LITTLE_BUCK,0726,807,529,44.902296096010225,-120.58059699646255,0.9979572296142578
0567_LITTLE_BUCK,0726,267,392,45.04796476091434,-120.63284523097835,0.9921593070030212
0567_LITTLE_BUCK,0726,283,456,45.043648652324585,-120.608437296606,0.997846245765686
0567_LITTLE_BUCK,0726,148,323,45.080065818550615,-120.65916003522352,0.9980387091636658
0567_LITTLE_BUCK,0726,717,431,44.926574206827574,-120.6179716459702,0.9701615571975708
0567_LITTLE_BUCK,0726,859,777,44.88826874309353,-120.48601625076974,0.9990029335021973
0567_LITTLE_BUCK,0726,50,345,45.106501983662845,-120.65076980778302,0.9842675924301147
0567_LITTLE_BUCK,0726,130,457,45.08492144071408,-120.60805592263144,0.9805700182914734
0567_LITTLE_BUCK,0726,243,312,45.05443892379896,-120.66335514894377,0.9435088634490967
0567_LITTLE_BUCK,0726,872,833,44.884761904864355,-120.46465930819393,0.8783271312713623
0567_LITTLE_BUCK,0726,394,182,45.01370564898318,-120.71293376563759,0.9104275107383728
0567_LITTLE_BUCK,0726,638,551,44.94788499298947,-120.57220676902206,0.9974998235702515
0567_LITTLE_BUCK,0726,297,337,45.03987205730856,-120.65382079957958,0.9979684948921204
0567_LITTLE_BUCK,0726,221,381,45.06037357310987,-120.63704034469859,0.995623767375946
0567_LITTLE_BUCK,0726,161,327,45.076558980321444,-120.65763453932524,0.9962813258171082
0567_LITTLE_BUCK,0726,550,328,44.97162359023311,-120.65725316535068,0.9902486801147461
0567_LITTLE_BUCK,0726,99,394,45.09328390110673,-120.63208248302921,0.9998591542243958
0567_LITTLE_BUCK,0726,139,447,45.08249362963235,-120.61186966237712,0.9991058707237244
0567_LITTLE_BUCK,0726,458,609,44.99644121462418,-120.55008707849713,0.9848443865776062
0567_LITTLE_BUCK,0726,904,720,44.87612968768485,-120.5077545673201,0.9987874627113342
0567_LITTLE_BUCK,0726,885,690,44.881255066635184,-120.51919578655713,0.8013826012611389
0567_LITTLE_BUCK,0726,822,473,44.898249744207334,-120.60195393903835,0.998278021812439
0567_LITTLE_BUCK,0726,64,413,45.10272538864681,-120.62483637751242,0.9767495393753052
0567_LITTLE_BUCK,0726,853,712,44.88988728381469,-120.51080555911665,0.9975736141204834
0567_LITTLE_BUCK,0726,428,536,45.00453391822996,-120.57792737864058,0.9977869391441345
0567_LITTLE_BUCK,0726,463,594,44.99509243068988,-120.55580768811565,0.9220017194747925
0567_LITTLE_BUCK,0726,287,330,45.04256962517715,-120.65649041740154,0.9975386261940002
0567_LITTLE_BUCK,0726,285,465,45.043109138750864,-120.6050049308349,0.9975418448448181
0567_LITTLE_BUCK,0726,138,464,45.08276338641921,-120.60538630480946,0.5184714794158936
0567_LITTLE_BUCK,0726,616,692,44.95381964230038,-120.518433038608,0.9977578520774841
0567_LITTLE_BUCK,0726,495,586,44.98646021351038,-120.55885867991219,0.5239782929420471
0567_LITTLE_BUCK,0726,747,693,44.91848150322179,-120.51805166463343,0.9983142614364624
0567_LITTLE_BUCK,0726,407,300,45.01019881075401,-120.66793163663858,0.9947873950004578
0567_LITTLE_BUCK,0726,389,571,45.01505443291748,-120.5645792895307,0.9966673254966736
0567_LITTLE_BUCK,0726,654,375,44.943568884399724,-120.639328588546,0.9840111136436462
0567_LITTLE_BUCK,0726,89,296,45.095981468975324,-120.66945713253685,0.891266405582428
0567_LITTLE_BUCK,0726,643,695,44.946536209055175,-120.5172889166843,0.9980132579803467
0567_LITTLE_BUCK,0726,195,295,45.06738724956822,-120.66983850651143,0.9211093783378601
0567_LITTLE_BUCK,0726,449,574,44.998869025705915,-120.563435167607,0.9958632588386536
0567_LITTLE_BUCK,0726,670,361,44.93925277580997,-120.64466782418994,0.8678297996520996
0567_LITTLE_BUCK,0726,341,281,45.02800275868674,-120.67517774215537,0.9963515400886536
0567_LITTLE_BUCK,0726,417,564,45.00750124288542,-120.56724890735268,0.9993423819541931
0567_LITTLE_BUCK,0726,559,312,44.96919577915137,-120.66335514894377,0.5623276829719543
0567_LITTLE_BUCK,0726,67,418,45.10191611828623,-120.62292950763958,0.9897606372833252
0567_LITTLE_BUCK,0726,222,345,45.060103816323014,-120.65076980778302,0.9976352453231812
0567_LITTLE_BUCK,0726,643,535,44.946536209055175,-120.57830875261514,0.9968516230583191
0567_LITTLE_BUCK,0726,388,206,45.015324189704344,-120.70378079024795,0.9973809123039246
0567_LITTLE_BUCK,0726,570,329,44.96622845449592,-120.65687179137612,0.6015321612358093
0567_LITTLE_BUCK,0726,794,459,44.9058029342394,-120.6072931746823,0.9183315634727478
0567_LITTLE_BUCK,0726,662,522,44.94141083010484,-120.58326661428453,0.9977409839630127
0567_LITTLE_BUCK,0726,237,321,45.05605746452012,-120.65992278317266,0.9883408546447754
0567_LITTLE_BUCK,0726,901,701,44.87693895804543,-120.51500067283689,0.9975464344024658
0567_LITTLE_BUCK,0726,629,677,44.95031280407121,-120.52415364822652,0.9983406066894531
0567_LITTLE_BUCK,0726,883,695,44.881794580208904,-120.5172889166843,0.9566302299499512
0567_LITTLE_BUCK,0726,882,817,44.88206433699576,-120.47076129178703,0.9967473149299622
0567_LITTLE_BUCK,0726,243,402,45.05443892379896,-120.62903149123267,0.9878410696983337
0567_LITTLE_BUCK,0726,659,742,44.94222010046543,-120.4993643398796,0.9876697063446045
0567_LITTLE_BUCK,0726,654,519,44.943568884399724,-120.58441073620823,0.9974568486213684
0567_LITTLE_BUCK,0726,914,725,44.87343211981626,-120.50584769744727,0.998947262763977
0567_LITTLE_BUCK,0726,44,380,45.108120524384,-120.63742171867315,0.6681972146034241
0567_LITTLE_BUCK,0726,185,414,45.070084817436815,-120.62445500353785,0.9980819225311279
0567_LITTLE_BUCK,0726,207,418,45.064150168125906,-120.62292950763958,0.995289146900177
0567_LITTLE_BUCK,0726,796,762,44.905263420665676,-120.49173686038824,0.9992955327033997
0567_LITTLE_BUCK,0726,784,827,44.90850050210799,-120.46694755204135,0.9960202574729919
0567_LITTLE_BUCK,0726,647,674,44.94545718190774,-120.52529777015022,0.9984228014945984
0567_LITTLE_BUCK,0726,126,327,45.086000467861524,-120.65763453932524,0.999833881855011
0567_LITTLE_BUCK,0726,684,401,44.93547618079394,-120.62941286520723,0.8728678822517395
0567_LITTLE_BUCK,0726,77,328,45.09921855041764,-120.65725316535068,0.8994694948196411
0567_LITTLE_BUCK,0726,366,211,45.02125883901525,-120.70187392037512,0.9967074394226074
0567_LITTLE_BUCK,0726,308,480,45.0369047326531,-120.59928432121637,0.9419570565223694
0567_LITTLE_BUCK,0726,193,378,45.06792676314194,-120.63818446662229,0.9977174401283264
0567_LITTLE_BUCK,0726,430,542,45.00399440465625,-120.57563913479316,0.9977068305015564
0567_LITTLE_BUCK,0726,458,612,44.99644121462418,-120.54894295657343,0.9634261727333069
0567_LITTLE_BUCK,0726,484,255,44.989427538165835,-120.68509346549413,0.9751718044281006
0567_LITTLE_BUCK,0726,586,592,44.961912345906164,-120.55657043606477,0.9968106746673584
0567_LITTLE_BUCK,0726,580,641,44.963530886627325,-120.53788311131096,0.5423595309257507
0567_LITTLE_BUCK,0726,402,298,45.01154759468831,-120.66869438458771,0.9946240782737732
0567_LITTLE_BUCK,0726,138,323,45.08276338641921,-120.65916003522352,0.9991987943649292
0567_LITTLE_BUCK,0726,670,555,44.93925277580997,-120.57068127312378,0.9980151057243347
0567_LITTLE_BUCK,0726,312,299,45.03582570550566,-120.66831301061315,0.9968174695968628
0567_LITTLE_BUCK,0726,425,496,45.005343188590544,-120.59318233762329,0.9975368976593018
0567_LITTLE_BUCK,0726,851,695,44.89042679738841,-120.5172889166843,0.9738892316818237
0567_LITTLE_BUCK,0726,44,318,45.108120524384,-120.66106690509636,0.702034592628479
0567_LITTLE_BUCK,0726,816,443,44.89986828492849,-120.61339515827538,0.8639349341392517
0567_LITTLE_BUCK,0726,584,639,44.962451859479884,-120.53864585926009,0.8397345542907715
0567_LITTLE_BUCK,0726,611,694,44.95516842623468,-120.51767029065886,0.9975287914276123
0567_LITTLE_BUCK,0726,89,333,45.095981468975324,-120.65534629547784,0.9972487092018127
0567_LITTLE_BUCK,0726,751,478,44.91740247607435,-120.60004706916551,0.99912029504776
0567_LITTLE_BUCK,0726,142,317,45.08168435927177,-120.66144827907092,0.9986181259155273
0567_LITTLE_BUCK,0726,675,573,44.93790399187567,-120.56381654158157,0.9979485273361206
0567_LITTLE_BUCK,0726,320,449,45.033667651210784,-120.61110691442798,0.9980025887489319
0567_LITTLE_BUCK,0726,313,248,45.0355559487188,-120.6877630833161,0.9564072489738464
0567_LITTLE_BUCK,0726,835,484,44.894742905978156,-120.5977588253181,0.9935377836227417
0567_LITTLE_BUCK,0726,710,436,44.92846250433559,-120.61606477609736,0.9969199895858765
0567_LITTLE_BUCK,0726,330,232,45.03097008334219,-120.6938650669092,0.9824510216712952
0567_LITTLE_BUCK,0726,688,809,44.9343971536465,-120.47381228358357,0.8079133629798889
0567_LITTLE_BUCK,0726,836,485,44.8944731491913,-120.59737745134353,0.9925771951675415
0567_LITTLE_BUCK,0726,786,813,44.90796098853427,-120.47228678768529,0.9979155659675598
0567_LITTLE_BUCK,0726,882,839,44.88206433699576,-120.46237106434653,0.984400749206543
0567_LITTLE_BUCK,0726,503,305,44.9843021592155,-120.66602476676574,0.9955268502235413
0567_LITTLE_BUCK,0726,357,287,45.023686650096984,-120.67288949830797,0.9975287914276123
0567_LITTLE_BUCK,0726,108,391,45.09085609002499,-120.63322660495291,0.9994480013847351
0567_LITTLE_BUCK,0726,213,395,45.06253162740475,-120.63170110905463,0.9974001049995422
0567_LITTLE_BUCK,0726,294,479,45.040681327669134,-120.59966569519094,0.9830476641654968
0567_LITTLE_BUCK,0726,935,749,44.86776722729221,-120.49669472205763,0.9993634223937988
0567_LITTLE_BUCK,0726,125,452,45.08627022464838,-120.60996279250428,0.9980281591415405
0567_LITTLE_BUCK,0726,841,801,44.893124365257,-120.47686327538011,0.9984046816825867
0567_LITTLE_BUCK,0726,189,314,45.069005790289374,-120.66259240099463,0.9595316052436829
0567_LITTLE_BUCK,0726,185,398,45.070084817436815,-120.63055698713093,0.9975287914276123
0567_LITTLE_BUCK,0726,475,245,44.991855349247565,-120.68890720523981,0.968909740447998
0567_LITTLE_BUCK,0726,837,701,44.894203392404435,-120.51500067283689,0.9976738095283508
0567_LITTLE_BUCK,0726,664,411,44.94087131653113,-120.62559912546155,0.9907817244529724
0567_LITTLE_BUCK,0726,458,590,44.99644121462418,-120.55733318401391,0.9420903325080872
0567_LITTLE_BUCK,0726,107,265,45.091125846811856,-120.68127972574845,0.6344619989395142
0567_LITTLE_BUCK,0726,175,403,45.07278238530541,-120.62865011725809,0.9975689053535461
0567_LITTLE_BUCK,0726,689,768,44.93412739685964,-120.48944861654084,0.9971892833709717
0567_LITTLE_BUCK,0726,937,722,44.86722771371849,-120.50699181937097,0.9981030225753784
0567_LITTLE_BUCK,0726,596,649,44.95921477803757,-120.53483211951442,0.9955293536186218
0567_LITTLE_BUCK,0726,141,358,45.08195411605863,-120.64581194611365,0.9973945617675781
0567_LITTLE_BUCK,0726,353,306,45.024765677244424,-120.66564339279117,0.9978172183036804
0567_LITTLE_BUCK,0726,422,541,45.00615245895112,-120.57602050876774,0.9973787665367126
0567_LITTLE_BUCK,0726,717,855,44.926574206827574,-120.45626908075344,0.7200295925140381
0567_LITTLE_BUCK,0726,394,217,45.01370564898318,-120.6995856765277,0.9993887543678284
0567_LITTLE_BUCK,0726,790,706,44.90688196138684,-120.51309380296405,0.9561896920204163
0567_LITTLE_BUCK,0726,455,509,44.997250484984754,-120.58822447595391,0.998612105846405
0567_LITTLE_BUCK,0726,245,319,45.05389941022525,-120.66068553112179,0.9569569230079651
0567_LITTLE_BUCK,0726,165,357,45.075479953174,-120.64619332008822,0.9961401224136353
0567_LITTLE_BUCK,0726,63,375,45.10299514543367,-120.639328588546,0.9971073865890503
0567_LITTLE_BUCK,0726,635,478,44.94869426335005,-120.60004706916551,0.998940110206604
0567_LITTLE_BUCK,0726,198,461,45.06657797920764,-120.60653042673316,0.9975287914276123
0567_LITTLE_BUCK,0726,565,370,44.967577238430216,-120.64123545841883,0.998341977596283
0567_LITTLE_BUCK,0726,578,579,44.964070400201045,-120.56152829773416,0.8126615285873413
0567_LITTLE_BUCK,0726,589,616,44.96110307554559,-120.54741746067515,0.9933179616928101
0567_LITTLE_BUCK,0726,570,354,44.96622845449592,-120.64733744201192,0.9978952407836914
0567_LITTLE_BUCK,0726,340,221,45.028272515473596,-120.69806018062944,0.9654572010040283
0567_LITTLE_BUCK,0726,789,707,44.907151718173694,-120.51271242898947,0.9609324336051941
0567_LITTLE_BUCK,0726,835,773,44.894742905978156,-120.487541746668,0.9989025592803955
0567_LITTLE_BUCK,0726,779,742,44.90984928604229,-120.4993643398796,0.9982725381851196
0567_LITTLE_BUCK,0726,482,256,44.98996705173955,-120.68471209151956,0.9839676022529602
0567_LITTLE_BUCK,0726,821,833,44.89851950099419,-120.46465930819393,0.9970790147781372
0567_LITTLE_BUCK,0726,635,557,44.94869426335005,-120.56991852517466,0.9974046945571899
0567_LITTLE_BUCK,0726,103,367,45.09220487395929,-120.64237958034253,0.9999255537986755
0567_LITTLE_BUCK,0726,133,340,45.08411217035351,-120.65267667765586,0.9973303079605103
0567_LITTLE_BUCK,0726,833,706,44.895282419551876,-120.51309380296405,0.9980846643447876
0567_LITTLE_BUCK,0726,257,404,45.050662328782934,-120.62826874328353,0.9958845376968384
0567_LITTLE_BUCK,0726,633,673,44.94923377692377,-120.52567914412478,0.9980486035346985
0567_LITTLE_BUCK,0726,165,420,45.075479953174,-120.62216675969044,0.9978050589561462
0567_LITTLE_BUCK,0726,686,779,44.93493666722022,-120.4852535028206,0.9876719117164612
0567_LITTLE_BUCK,0726,94,347,45.09463268504103,-120.6500070598339,0.9996975660324097
0567_LITTLE_BUCK,0726,397,540,45.01289637862261,-120.5764018827423,0.9983935356140137
0567_LITTLE_BUCK,0726,166,364,45.07521019638715,-120.64352370226624,0.9975347518920898
0567_LITTLE_BUCK,0726,686,411,44.93493666722022,-120.62559912546155,0.9293555021286011
0567_LITTLE_BUCK,0726,592,614,44.96029380518501,-120.54818020862429,0.9931092262268066
0567_LITTLE_BUCK,0726,124,338,45.086539981435244,-120.653439425605,0.9990242719650269
0567_LITTLE_BUCK,0726,415,177,45.00804075645914,-120.71484063551043,0.8563851714134216
0567_LITTLE_BUCK,0726,786,716,44.90796098853427,-120.50928006321837,0.9937965273857117
0567_LITTLE_BUCK,0726,215,406,45.06199211383103,-120.62750599533439,0.9963868856430054
0567_LITTLE_BUCK,0726,355,567,45.024226163670704,-120.56610478542898,0.6908558011054993
0567_LITTLE_BUCK,0726,396,560,45.01316613540946,-120.56877440325096,0.99774569272995
0567_LITTLE_BUCK,0726,395,507,45.01343589219633,-120.58898722390305,0.9974815249443054
0567_LITTLE_BUCK,0726,343,472,45.02746324511302,-120.60233531301292,0.9977807402610779
0567_LITTLE_BUCK,0726,797,478,44.90499366387882,-120.60004706916551,0.9994533658027649
0567_LITTLE_BUCK,0726,446,490,44.99967829606649,-120.59547058147069,0.998145580291748
0567_LITTLE_BUCK,0726,682,804,44.936015694367654,-120.4757191534564,0.8729438185691833
0567_LITTLE_BUCK,0726,582,540,44.962991373053605,-120.5764018827423,0.8102043867111206
0567_LITTLE_BUCK,0726,466,228,44.9942831603293,-120.69539056280746,0.9838724732398987
0567_LITTLE_BUCK,0726,199,332,45.06630822242078,-120.6557276694524,0.9470534920692444
0567_LITTLE_BUCK,0726,309,267,45.03663497586624,-120.68051697779931,0.7932026982307434
0567_LITTLE_BUCK,0726,388,293,45.015324189704344,-120.67060125446055,0.9963944554328918
0567_LITTLE_BUCK,0726,575,558,44.96487967056162,-120.56953715120008,0.64081871509552
0567_LITTLE_BUCK,0726,280,466,45.04445792268516,-120.60462355686032,0.9975446462631226
0567_LITTLE_BUCK,0726,118,380,45.0881585221564,-120.63742171867315,0.9983301758766174
0567_LITTLE_BUCK,0726,457,536,44.99671097141104,-120.57792737864058,0.9976437091827393
0567_LITTLE_BUCK,0726,163,472,45.076019466747724,-120.60233531301292,0.8681584596633911
0567_LITTLE_BUCK,0726,617,692,44.953549885513524,-120.518433038608,0.9977354407310486
0567_LITTLE_BUCK,0726,273,296,45.04634622019318,-120.66945713253685,0.981157660484314
0567_LITTLE_BUCK,0726,775,572,44.91092831318973,-120.56419791555614,0.9991334080696106
0567_LITTLE_BUCK,0726,335,482,45.02962129940789,-120.59852157326723,0.9947169423103333
0567_LITTLE_BUCK,0726,140,313,45.08222387284549,-120.6629737749692,0.9985242486000061
0567_LITTLE_BUCK,0726,902,702,44.87666920125857,-120.51461929886231,0.9976200461387634
0567_LITTLE_BUCK,0726,658,708,44.94248985725228,-120.51233105501491,0.9979129433631897
0567_LITTLE_BUCK,0726,195,428,45.06738724956822,-120.6191157678939,0.9979045391082764
0567_LITTLE_BUCK,0726,973,785,44.85751646939155,-120.4829652589732,0.8039788603782654
0567_LITTLE_BUCK,0726,879,696,44.88287360735634,-120.51690754270973,0.9772036075592041
0567_LITTLE_BUCK,0726,966,754,44.859404766899566,-120.4947878521848,0.9981779456138611
0567_LITTLE_BUCK,0726,661,529,44.94168058689171,-120.58059699646255,0.9976215362548828
0567_LITTLE_BUCK,0726,800,491,44.904184393518236,-120.59508920749613,0.9998476505279541
0567_LITTLE_BUCK,0726,311,299,45.03609546229252,-120.66831301061315,0.99679034948349
0567_LITTLE_BUCK,0726,312,228,45.03582570550566,-120.69539056280746,0.6157566905021667
0567_LITTLE_BUCK,0726,70,370,45.10110684792566,-120.64123545841883,0.9987696409225464
0567_LITTLE_BUCK,0726,918,817,44.872353092668824,-120.47076129178703,0.9972829222679138
0567_LITTLE_BUCK,0726,977,724,44.856437442244115,-120.50622907142183,0.7243670225143433
0567_LITTLE_BUCK,0726,592,660,44.96029380518501,-120.53063700579416,0.9953615665435791
0567_LITTLE_BUCK,0726,929,700,44.869385768013366,-120.51538204681145,0.9968127012252808
0567_LITTLE_BUCK,0726,970,762,44.85832573975213,-120.49173686038824,0.9935632944107056
0567_LITTLE_BUCK,0726,356,236,45.02395640688385,-120.69233957101092,0.9975287914276123
0567_LITTLE_BUCK,0726,370,566,45.02017981186781,-120.56648615940354,0.9760133028030396
0567_LITTLE_BUCK,0726,149,365,45.07979606176376,-120.64314232829167,0.9980404376983643
0567_LITTLE_BUCK,0726,684,428,44.93547618079394,-120.6191157678939,0.9976343512535095
0567_LITTLE_BUCK,0726,931,796,44.868846254439646,-120.47877014525295,0.95676189661026
0567_LITTLE_BUCK,0726,128,312,45.085460954287804,-120.66335514894377,0.9995787143707275
0567_LITTLE_BUCK,0726,487,279,44.98861826780525,-120.67594049010451,0.9964251518249512
0567_LITTLE_BUCK,0726,219,294,45.06091308668359,-120.67021988048599,0.5808292627334595
0567_LITTLE_BUCK,0726,392,544,45.014245162556904,-120.57487638684404,0.9981465935707092
0567_LITTLE_BUCK,0726,559,335,44.96919577915137,-120.6545835475287,0.9923367500305176
0567_LITTLE_BUCK,0726,784,844,44.90850050210799,-120.46046419447369,0.968869149684906
0567_LITTLE_BUCK,0726,647,491,44.94545718190774,-120.59508920749613,0.9979466795921326
0567_LITTLE_BUCK,0726,272,375,45.04661597698004,-120.639328588546,0.9975287914276123
0567_LITTLE_BUCK,0726,637,716,44.948154749776336,-120.50928006321837,0.9966187477111816
0567_LITTLE_BUCK,0726,734,439,44.92198834145096,-120.61492065417366,0.9973524808883667
0567_LITTLE_BUCK,0726,772,571,44.911737583550305,-120.5645792895307,0.9995498061180115
0567_LITTLE_BUCK,0726,230,322,45.05794576202814,-120.65954140919808,0.9793530106544495
0567_LITTLE_BUCK,0726,578,601,44.964070400201045,-120.55313807029367,0.9523800015449524
0567_LITTLE_BUCK,0726,262,499,45.04931354484864,-120.59203821569959,0.8656586408615112
0567_LITTLE_BUCK,0726,679,782,44.93682496472824,-120.4841093808969,0.9106097221374512
0567_LITTLE_BUCK,0726,322,299,45.033128137637064,-120.66831301061315,0.9967444539070129
0567_LITTLE_BUCK,0726,694,777,44.93277861292534,-120.48601625076974,0.9967672228813171
0567_LITTLE_BUCK,0726,58,327,45.104343929367964,-120.65763453932524,0.9688045978546143
0567_LITTLE_BUCK,0726,781,826,44.90930977246857,-120.46732892601591,0.9968419671058655
0567_LITTLE_BUCK,0726,655,683,44.94329912761286,-120.52186540437911,0.9984365105628967
0567_LITTLE_BUCK,0726,779,847,44.90984928604229,-120.45932007254999,0.9427241683006287
0567_LITTLE_BUCK,0726,245,404,45.05389941022525,-120.62826874328353,0.9917088150978088
0567_LITTLE_BUCK,0726,653,349,44.94383864118658,-120.64924431188476,0.649904727935791
0567_LITTLE_BUCK,0726,370,225,45.02017981186781,-120.69653468473116,0.9982349872589111
0567_LITTLE_BUCK,0726,150,304,45.079526304976895,-120.6664061407403,0.9965845346450806
0567_LITTLE_BUCK,0726,284,294,45.04337889553773,-120.67021988048599,0.9742035865783691
0567_LITTLE_BUCK,0726,585,705,44.96218210269303,-120.51347517693861,0.9823510646820068
0567_LITTLE_BUCK,0726,640,709,44.94734547941575,-120.51194968104035,0.9976564049720764
0567_LITTLE_BUCK,0726,770,840,44.912277097124026,-120.46198969037196,0.9864014983177185
0567_LITTLE_BUCK,0726,701,779,44.93089031541733,-120.4852535028206,0.997783899307251
0567_LITTLE_BUCK,0726,798,829,44.904723907091956,-120.46618480409221,0.9751167893409729
0567_LITTLE_BUCK,0726,655,427,44.94329912761286,-120.61949714186846,0.9986785054206848
0567_LITTLE_BUCK,0726,107,451,45.091125846811856,-120.61034416647884,0.9786397814750671
0567_LITTLE_BUCK,0726,641,708,44.947075722628895,-120.51233105501491,0.9977378845214844
0567_LITTLE_BUCK,0726,447,628,44.999408539279635,-120.54284097298034,0.7378154993057251
0567_LITTLE_BUCK,0726,318,293,45.034207164784505,-120.67060125446055,0.9973213076591492
0567_LITTLE_BUCK,0726,54,316,45.105422956515405,-120.6618296530455,0.7562931776046753
0567_LITTLE_BUCK,0726,330,229,45.03097008334219,-120.6950091888329,0.9726479649543762
0567_LITTLE_BUCK,0726,905,708,44.875859930897995,-120.51233105501491,0.9978692531585693
0567_LITTLE_BUCK,0726,877,775,44.88341312093006,-120.48677899871888,0.9984506964683533
0567_LITTLE_BUCK,0726,658,355,44.94248985725228,-120.64695606803735,0.7822520136833191
0567_LITTLE_BUCK,0726,108,386,45.09085609002499,-120.63513347482575,0.9995220899581909
0567_LITTLE_BUCK,0726,316,334,45.034746678358225,-120.65496492150328,0.9981321096420288
0567_LITTLE_BUCK,0726,582,628,44.962991373053605,-120.54284097298034,0.9515267610549927
0567_LITTLE_BUCK,0726,614,545,44.9543591558741,-120.57449501286946,0.9831776022911072
0567_LITTLE_BUCK,0726,282,442,45.04391840911145,-120.61377653224994,0.998359739780426
0567_LITTLE_BUCK,0726,459,609,44.99617145783732,-120.55008707849713,0.9881157875061035
0567_LITTLE_BUCK,0726,531,320,44.97674896918344,-120.66030415714722,0.9942439794540405
0567_LITTLE_BUCK,0726,697,426,44.93196934256476,-120.61987851584304,0.9974592924118042
0567_LITTLE_BUCK,0726,170,312,45.074131169239706,-120.66335514894377,0.8505415320396423
0567_LITTLE_BUCK,0726,153,461,45.07871703461632,-120.60653042673316,0.9865289926528931
0567_LITTLE_BUCK,0726,628,697,44.95058256085807,-120.51652616873515,0.9986847043037415
0567_LITTLE_BUCK,0726,667,547,44.940062046170546,-120.57373226492032,0.9977647066116333
0567_LITTLE_BUCK,0726,122,341,45.087079495008965,-120.6522953036813,0.9993122220039368
0567_LITTLE_BUCK,0726,605,648,44.95678696695584,-120.53521349348898,0.9983919262886047
0567_LITTLE_BUCK,0726,533,312,44.97620945560972,-120.66335514894377,0.9564437866210938
0567_LITTLE_BUCK,0726,109,274,45.090586333238136,-120.67784735997735,0.6212832927703857
0567_LITTLE_BUCK,0726,49,346,45.1067717404497,-120.65038843380846,0.984466552734375
0567_LITTLE_BUCK,0726,581,580,44.96326112984046,-120.5611469237596,0.869728684425354
0567_LITTLE_BUCK,0726,776,795,44.910658556402865,-120.47915151922751,0.9995386600494385
0567_LITTLE_BUCK,0726,91,326,45.095441955401604,-120.65801591329982,0.9982810616493225
0567_LITTLE_BUCK,0726,462,520,44.99536218747674,-120.58402936223366,0.9982864260673523
0567_LITTLE_BUCK,0726,521,315,44.979446537052034,-120.66221102702006,0.9945619106292725
0567_LITTLE_BUCK,0726,786,466,44.90796098853427,-120.60462355686032,0.9991940259933472
0567_LITTLE_BUCK,0726,648,503,44.94518742512088,-120.59051271980131,0.9979503154754639
0567_LITTLE_BUCK,0726,120,367,45.08761900858268,-120.64237958034253,0.9985147714614868
0567_LITTLE_BUCK,0726,323,270,45.03285838085021,-120.67937285587561,0.9938733577728271
0567_LITTLE_BUCK,0726,605,664,44.95678696695584,-120.5291115098959,0.9980378150939941
0567_LITTLE_BUCK,0726,411,287,45.00911978360657,-120.67288949830797,0.9977455139160156
0567_LITTLE_BUCK,0726,218,425,45.061182843470455,-120.6202598898176,0.9232134222984314
0567_LITTLE_BUCK,0726,260,460,45.04985305842236,-120.60691180070773,0.9951856136322021
0567_LITTLE_BUCK,0726,694,435,44.93277861292534,-120.61644615007192,0.9975287914276123
0567_LITTLE_BUCK,0726,969,719,44.85859549653899,-120.50813594129467,0.9687991142272949
0567_LITTLE_BUCK,0726,333,479,45.03016081298161,-120.59966569519094,0.9952526092529297
0567_LITTLE_BUCK,0726,827,694,44.89690096027304,-120.51767029065886,0.992525041103363
0567_LITTLE_BUCK,0726,638,756,44.94788499298947,-120.49402510423566,0.6171966195106506
0567_LITTLE_BUCK,0726,585,728,44.96218210269303,-120.50470357552355,0.8642255067825317
0567_LITTLE_BUCK,0726,617,545,44.953549885513524,-120.57449501286946,0.991305410861969
0567_LITTLE_BUCK,0726,338,292,45.028812029047316,-120.67098262843513,0.9972384572029114
0567_LITTLE_BUCK,0726,426,596,45.00507343180368,-120.55504494016651,0.9981363415718079
0567_LITTLE_BUCK,0726,484,294,44.989427538165835,-120.67021988048599,0.9979186058044434
0567_LITTLE_BUCK,0726,73,395,45.10029757756507,-120.63170110905463,0.9888219833374023
0567_LITTLE_BUCK,0726,166,419,45.07521019638715,-120.622548133665,0.9977267980575562
0567_LITTLE_BUCK,0726,870,833,44.885301418438075,-120.46465930819393,0.8943228721618652
0567_LITTLE_BUCK,0726,362,549,45.02233786616269,-120.5729695169712,0.8606677651405334
0567_LITTLE_BUCK,0726,331,293,45.03070032655533,-120.67060125446055,0.9972289800643921
0567_LITTLE_BUCK,0726,564,344,44.96784699521707,-120.6511511817576,0.997559130191803
0567_LITTLE_BUCK,0726,352,542,45.02503543403128,-120.57563913479316,0.9355716109275818
0567_LITTLE_BUCK,0726,642,644,44.94680596584204,-120.53673898938725,0.9991973042488098
0567_LITTLE_BUCK,0726,921,841,44.87154382230824,-120.46160831639739,0.965088427066803
0567_LITTLE_BUCK,0726,486,254,44.988888024592114,-120.6854748394687,0.9385935664176941
0567_LITTLE_BUCK,0726,243,470,45.05443892379896,-120.60309806096205,0.9506398439407349
0567_LITTLE_BUCK,0726,759,719,44.91524442177948,-120.50813594129467,0.9984633922576904
0567_LITTLE_BUCK,0726,406,593,45.01046856754087,-120.55618906209021,0.9974217414855957
0567_LITTLE_BUCK,0726,655,369,44.94329912761286,-120.6416168323934,0.9886099100112915
0567_LITTLE_BUCK,0726,109,317,45.090586333238136,-120.66144827907092,0.9988503456115723
0567_LITTLE_BUCK,0726,432,491,45.00345489108253,-120.59508920749613,0.9975892901420593
0567_LITTLE_BUCK,0726,657,359,44.94275961403914,-120.64543057213908,0.9610169529914856
0567_LITTLE_BUCK,0726,657,423,44.94275961403914,-120.62102263776674,0.9980875849723816
0567_LITTLE_BUCK,0726,322,229,45.033128137637064,-120.6950091888329,0.9356704354286194
0567_LITTLE_BUCK,0726,800,757,44.904184393518236,-120.49364373026108,0.9992506504058838
0567_LITTLE_BUCK,0726,569,597,44.966498211282776,-120.55466356619193,0.77070552110672
0567_LITTLE_BUCK,0726,785,808,44.908230745321134,-120.47419365755813,0.9984976649284363
0567_LITTLE_BUCK,0726,683,788,44.9357459375808,-120.4818211370495,0.8847766518592834
0567_LITTLE_BUCK,0726,247,363,45.05335989665153,-120.64390507624081,0.9875359535217285
0567_LITTLE_BUCK,0726,59,418,45.10407417258111,-120.62292950763958,0.9407960772514343
0567_LITTLE_BUCK,0726,461,552,44.9956319442636,-120.5718253950475,0.9945886135101318
0567_LITTLE_BUCK,0726,207,417,45.064150168125906,-120.62331088161415,0.9962765574455261
0567_LITTLE_BUCK,0726,711,814,44.928192747548735,-120.47190541371073,0.9775762557983398
0567_LITTLE_BUCK,0726,363,311,45.02206810937583,-120.66373652291833,0.9981930255889893
0567_LITTLE_BUCK,0726,959,747,44.86129306440758,-120.49745747000676,0.9992536902427673
0567_LITTLE_BUCK,0726,402,191,45.01154759468831,-120.70950139986647,0.9859021306037903
0567_LITTLE_BUCK,0726,430,298,45.00399440465625,-120.66869438458771,0.9974995851516724
0567_LITTLE_BUCK,0726,249,485,45.05282038307781,-120.59737745134353,0.8171308040618896
0567_LITTLE_BUCK,0726,86,442,45.0967907393359,-120.61377653224994,0.972338855266571
0567_LITTLE_BUCK,0726,413,633,45.00858027003285,-120.5409341031075,0.6052312254905701
0567_LITTLE_BUCK,0726,610,548,44.95543818302154,-120.57335089094576,0.9928075671195984
0567_LITTLE_BUCK,0726,888,702,44.88044579627461,-120.51461929886231,0.99711674451828
0567_LITTLE_BUCK,0726,473,578,44.992394862821286,-120.56190967170873,0.6045684218406677
0567_LITTLE_BUCK,0726,805,537,44.90283560958394,-120.577546004666,0.9496613144874573
0567_LITTLE_BUCK,0726,794,477,44.9058029342394,-120.60042844314007,0.9994824528694153
0567_LITTLE_BUCK,0726,765,646,44.91362588105832,-120.53597624143812,0.9983513355255127
0567_LITTLE_BUCK,0726,194,395,45.06765700635508,-120.63170110905463,0.9975287914276123
0567_LITTLE_BUCK,0726,169,364,45.07440092602656,-120.64352370226624,0.9978816509246826
0567_LITTLE_BUCK,0726,587,724,44.96164258911931,-120.50622907142183,0.8880467414855957
0567_LITTLE_BUCK,0726,595,685,44.95948453482443,-120.52110265642997,0.9946985244750977
0567_LITTLE_BUCK,0726,599,627,44.95840550767699,-120.5432223469549,0.99689781665802
0567_LITTLE_BUCK,0726,398,212,45.01262662183575,-120.70149254640054,0.9984590411186218
0567_LITTLE_BUCK,0726,474,248,44.99212510603443,-120.6877630833161,0.9805269837379456
0567_LITTLE_BUCK,0726,599,658,44.95840550767699,-120.5313997537433,0.9979708194732666
0567_LITTLE_BUCK,0726,654,677,44.943568884399724,-120.52415364822652,0.9985564947128296
0567_LITTLE_BUCK,0726,159,414,45.07709849389516,-120.62445500353785,0.9978029727935791
0567_LITTLE_BUCK,0726,365,213,45.02152859580211,-120.70111117242598,0.9977845549583435
0567_LITTLE_BUCK,0726,778,822,44.910119042829145,-120.46885442191419,0.9970319271087646
0567_LITTLE_BUCK,0726,74,274,45.100027820778216,-120.67784735997735,0.5956012010574341
0567_LITTLE_BUCK,0726,231,375,45.05767600524128,-120.639328588546,0.989199697971344
0567_LITTLE_BUCK,0726,625,660,44.95139183121864,-120.53063700579416,0.9992392659187317
0567_LITTLE_BUCK,0726,316,454,45.034746678358225,-120.60920004455514,0.9975309371948242
0567_LITTLE_BUCK,0726,162,404,45.07628922353458,-120.62826874328353,0.9978651404380798
0567_LITTLE_BUCK,0726,203,402,45.065229195273346,-120.62903149123267,0.9975540041923523
0567_LITTLE_BUCK,0726,750,711,44.917672232861214,-120.51118693309121,0.998350203037262
0567_LITTLE_BUCK,0726,895,772,44.87855749876659,-120.48792312064258,0.9983192086219788
0567_LITTLE_BUCK,0726,354,573,45.02449592045756,-120.56381654158157,0.8188419938087463
0567_LITTLE_BUCK,0726,768,608,44.91281661069774,-120.55046845247169,0.9974979162216187
0567_LITTLE_BUCK,0726,614,553,44.9543591558741,-120.57144402107292,0.9900622367858887
0567_LITTLE_BUCK,0726,611,546,44.95516842623468,-120.5741136388949,0.98697429895401
0567_LITTLE_BUCK,0726,843,718,44.89258485168328,-120.50851731526923,0.9986254572868347
0567_LITTLE_BUCK,0726,486,564,44.988888024592114,-120.56724890735268,0.9216703176498413
0567_LITTLE_BUCK,0726,178,293,45.07197311494483,-120.67060125446055,0.8314424157142639
0567_LITTLE_BUCK,0726,457,602,44.99671097141104,-120.5527566963191,0.9848935604095459
0567_LITTLE_BUCK,0726,694,781,44.93277861292534,-120.48449075487146,0.9955803155899048
0567_LITTLE_BUCK,0726,434,575,45.002915377508806,-120.56305379363243,0.998783528804779
0567_LITTLE_BUCK,0726,380,576,45.01748224399922,-120.56267241965786,0.995004415512085
0567_LITTLE_BUCK,0726,434,556,45.002915377508806,-120.57029989914922,0.9976449608802795
0567_LITTLE_BUCK,0726,753,723,44.91686296250064,-120.50661044539639,0.9986106753349304
0567_LITTLE_BUCK,0726,867,698,44.88611068879865,-120.51614479476059,0.9881517887115479
0567_LITTLE_BUCK,0726,361,312,45.02260762294955,-120.66335514894377,0.9987158179283142
0567_LITTLE_BUCK,0726,847,849,44.89150582453584,-120.45855732460085,0.977018415927887
0567_LITTLE_BUCK,0726,256,422,45.05093208556979,-120.6214040117413,0.993406355381012
0567_LITTLE_BUCK,0726,672,802,44.93871326223625,-120.47648190140553,0.5953859090805054
0567_LITTLE_BUCK,0726,213,410,45.06253162740475,-120.62598049943612,0.9958391785621643
0567_LITTLE_BUCK,0726,65,307,45.102455631859954,-120.6652620188166,0.9339674115180969
0567_LITTLE_BUCK,0726,179,372,45.07170335815797,-120.6404727104697,0.9979992508888245
0567_LITTLE_BUCK,0726,316,228,45.034746678358225,-120.69539056280746,0.7481500506401062
0567_LITTLE_BUCK,0726,915,688,44.8731623630294,-120.51995853450627,0.6790416836738586
0567_LITTLE_BUCK,0726,491,596,44.98753924065782,-120.55504494016651,0.6198092699050903
0567_LITTLE_BUCK,0726,60,372,45.10380441579425,-120.6404727104697,0.9935343265533447
0567_LITTLE_BUCK,0726,903,743,44.876399444471716,-120.49898296590504,0.9992983937263489
0567_LITTLE_BUCK,0726,935,714,44.86776722729221,-120.51004281116751,0.9978001713752747
0567_LITTLE_BUCK,0726,363,222,45.02206810937583,-120.69767880665486,0.9978451728820801
0567_LITTLE_BUCK,0726,955,725,44.862372091555024,-120.50584769744727,0.9957897663116455
0567_LITTLE_BUCK,0726,302,494,45.03852327337425,-120.59394508557243,0.7549952864646912
0567_LITTLE_BUCK,0726,219,321,45.06091308668359,-120.65992278317266,0.9778474569320679
0567_LITTLE_BUCK,0726,836,497,44.8944731491913,-120.59280096364873,0.8206191658973694
0567_LITTLE_BUCK,0726,285,287,45.043109138750864,-120.67288949830797,0.9748526215553284
0567_LITTLE_BUCK,0726,391,551,45.01451491934376,-120.57220676902206,0.9973883032798767
0567_LITTLE_BUCK,0726,428,487,45.00453391822996,-120.5966147033944,0.9975886940956116
0567_LITTLE_BUCK,0726,249,432,45.05282038307781,-120.61759027199562,0.9895366430282593
0567_LITTLE_BUCK,0726,712,808,44.92792299076187,-120.47419365755813,0.990659773349762
0567_LITTLE_BUCK,0726,437,591,45.00210610714823,-120.55695181003935,0.9982172250747681
0567_LITTLE_BUCK,0726,498,284,44.9856509431498,-120.67403362023167,0.9937232732772827
0567_LITTLE_BUCK,0726,300,348,45.03906278694797,-120.64962568585932,0.9983609914779663
0567_LITTLE_BUCK,0726,422,299,45.00615245895112,-120.66831301061315,0.9964751601219177
0567_LITTLE_BUCK,0726,279,331,45.044727679472025,-120.65610904342698,0.9975287914276123
0567_LITTLE_BUCK,0726,166,284,45.07521019638715,-120.67403362023167,0.5678719878196716
0567_LITTLE_BUCK,0726,696,438,44.93223909935163,-120.61530202814822,0.9975452423095703
0567_LITTLE_BUCK,0726,338,463,45.028812029047316,-120.60576767878402,0.9979177117347717
0567_LITTLE_BUCK,0726,871,702,44.88503166165122,-120.51461929886231,0.9941855072975159
0567_LITTLE_BUCK,0726,955,796,44.862372091555024,-120.47877014525295,0.997351884841919
0567_LITTLE_BUCK,0726,774,578,44.911198069976585,-120.56190967170873,0.9987344145774841
0567_LITTLE_BUCK,0726,897,701,44.87801798519287,-120.51500067283689,0.9975190162658691
0567_LITTLE_BUCK,0726,352,194,45.02503543403128,-120.70835727794277,0.9504276514053345
0567_LITTLE_BUCK,0726,776,818,44.910658556402865,-120.47037991781245,0.9976280927658081
0567_LITTLE_BUCK,0726,933,684,44.86830674086593,-120.52148403040454,0.615510106086731
0567_LITTLE_BUCK,0726,378,599,45.01802175757294,-120.55390081824281,0.9793083071708679
0567_LITTLE_BUCK,0726,811,520,44.901217068862785,-120.58402936223366,0.9998784065246582
0567_LITTLE_BUCK,0726,803,844,44.90337512315766,-120.46046419447369,0.9699475169181824
0567_LITTLE_BUCK,0726,312,471,45.03582570550566,-120.60271668698748,0.9917181134223938
0567_LITTLE_BUCK,0726,516,308,44.98079532098633,-120.66488064484204,0.9936321377754211
0567_LITTLE_BUCK,0726,661,375,44.94168058689171,-120.639328588546,0.9641208052635193
0567_LITTLE_BUCK,0726,273,391,45.04634622019318,-120.63322660495291,0.9975473880767822
0567_LITTLE_BUCK,0726,46,326,45.10758101081028,-120.65801591329982,0.5644741654396057
0567_LITTLE_BUCK,0726,378,565,45.01802175757294,-120.56686753337812,0.9960993528366089
0567_LITTLE_BUCK,0726,779,796,44.90984928604229,-120.47877014525295,0.9995844960212708
0567_LITTLE_BUCK,0726,514,291,44.981334834560045,-120.67136400240969,0.9336400032043457
0567_LITTLE_BUCK,0726,173,471,45.07332189887913,-120.60271668698748,0.7103606462478638
0567_LITTLE_BUCK,0726,638,723,44.94788499298947,-120.50661044539639,0.9892566800117493
0567_LITTLE_BUCK,0726,470,245,44.99320413318186,-120.68890720523981,0.9938169717788696
0567_LITTLE_BUCK,0726,710,824,44.92846250433559,-120.46809167396505,0.9790002107620239
0567_LITTLE_BUCK,0726,210,405,45.06334089776533,-120.62788736930897,0.9975736737251282
0567_LITTLE_BUCK,0726,326,225,45.03204911048963,-120.69653468473116,0.8419144153594971
0567_LITTLE_BUCK,0726,606,632,44.956517210168975,-120.54131547708207,0.9965107440948486
0567_LITTLE_BUCK,0726,854,827,44.88961752702783,-120.46694755204135,0.957183837890625
0567_LITTLE_BUCK,0726,65,310,45.102455631859954,-120.6641178968929,0.9646662473678589
0567_LITTLE_BUCK,0726,821,697,44.89851950099419,-120.51652616873515,0.9680497050285339
0567_LITTLE_BUCK,0726,789,522,44.907151718173694,-120.58326661428453,0.9999006986618042
0567_LITTLE_BUCK,0726,606,684,44.956517210168975,-120.52148403040454,0.9975365996360779
0567_LITTLE_BUCK,0726,834,799,44.89501266276502,-120.47762602332924,0.9987809658050537
0567_LITTLE_BUCK,0726,595,697,44.95948453482443,-120.51652616873515,0.9930321574211121
0567_LITTLE_BUCK,0726,144,450,45.081144845698056,-120.6107255404534,0.9988144040107727
0567_LITTLE_BUCK,0726,788,796,44.90742147496055,-120.47877014525295,0.9999185800552368
0567_LITTLE_BUCK,0726,77,455,45.09921855041764,-120.60881867058058,0.9354705214500427
0567_LITTLE_BUCK,0726,639,757,44.947615236202616,-120.49364373026108,0.5299990773200989
0567_LITTLE_BUCK,0726,936,771,44.86749747050535,-120.48830449461714,0.9999300241470337
0567_LITTLE_BUCK,0726,474,247,44.99212510603443,-120.68814445729068,0.9685954451560974
0567_LITTLE_BUCK,0726,459,230,44.99617145783732,-120.69462781485832,0.9969373941421509
0567_LITTLE_BUCK,0726,951,774,44.86345111870246,-120.48716037269344,0.9995735287666321
0567_LITTLE_BUCK,0726,375,282,45.018831027933516,-120.6747963681808,0.9977745413780212
0567_LITTLE_BUCK,0726,135,360,45.083572656779786,-120.64504919816451,0.997929573059082
0567_LITTLE_BUCK,0726,922,701,44.87127406552138,-120.51500067283689,0.9965744018554688
0567_LITTLE_BUCK,0726,191,345,45.06846627671566,-120.65076980778302,0.9961024522781372
0567_LITTLE_BUCK,0726,768,825,44.91281661069774,-120.46771029999047,0.9930837750434875
0567_LITTLE_BUCK,0726,582,350,44.962991373053605,-120.6488629379102,0.9944796562194824
0567_LITTLE_BUCK,0726,569,614,44.966498211282776,-120.54818020862429,0.5791376829147339
0567_LITTLE_BUCK,0726,765,831,44.91362588105832,-120.46542205614307,0.9779898524284363
0567_LITTLE_BUCK,0726,717,819,44.926574206827574,-120.46999854383789,0.9727020263671875
0567_LITTLE_BUCK,0726,869,841,44.88557117522493,-120.46160831639739,0.9955236911773682
0567_LITTLE_BUCK,0726,671,394,44.93898301902311,-120.63208248302921,0.7700214982032776
0567_LITTLE_BUCK,0726,146,455,45.080605332124335,-120.60881867058058,0.9982474446296692
0567_LITTLE_BUCK,0726,137,337,45.083033143206066,-120.65382079957958,0.9966240525245667
0567_LITTLE_BUCK,0726,724,856,44.92468590931956,-120.45588770677888,0.6287317872047424
0567_LITTLE_BUCK,0726,392,619,45.014245162556904,-120.54627333875145,0.8849548697471619
0567_LITTLE_BUCK,0726,257,374,45.050662328782934,-120.63970996252056,0.9952653646469116
0567_LITTLE_BUCK,0726,571,546,44.965958697709056,-120.5741136388949,0.8862594366073608
0567_LITTLE_BUCK,0726,591,638,44.96056356197187,-120.53902723323466,0.9627247452735901
0567_LITTLE_BUCK,0726,155,410,45.0781775210426,-120.62598049943612,0.9981228709220886
0567_LITTLE_BUCK,0726,456,213,44.9969807281979,-120.70111117242598,0.9630911946296692
0567_LITTLE_BUCK,0726,324,486,45.03258862406335,-120.59699607736897,0.9540880918502808
0567_LITTLE_BUCK,0726,758,673,44.91551417856634,-120.52567914412478,0.9957923889160156
0567_LITTLE_BUCK,0726,778,844,44.910119042829145,-120.46046419447369,0.9642902612686157
0567_LITTLE_BUCK,0726,98,298,45.09355365789359,-120.66869438458771,0.6012119650840759
0567_LITTLE_BUCK,0726,551,352,44.971353833446244,-120.64810018996106,0.998957097530365
0567_LITTLE_BUCK,0726,263,471,45.04904378806177,-120.60271668698748,0.9965132474899292
0567_LITTLE_BUCK,0726,421,285,45.00642221573798,-120.67365224625709,0.9979737401008606
0567_LITTLE_BUCK,0726,767,625,44.9130863674846,-120.54398509490404,0.9982526898384094
0567_LITTLE_BUCK,0726,251,454,45.05228086950409,-120.60920004455514,0.97217857837677
0567_LITTLE_BUCK,0726,758,709,44.91551417856634,-120.51194968104035,0.9982593655586243
0567_LITTLE_BUCK,0726,828,826,44.89663120348617,-120.46732892601591,0.9978911280632019
0567_LITTLE_BUCK,0726,134,392,45.08384241356665,-120.63284523097835,0.9988410472869873
0567_LITTLE_BUCK,0726,383,292,45.01667297363864,-120.67098262843513,0.9967593550682068
0567_LITTLE_BUCK,0726,689,432,44.93412739685964,-120.61759027199562,0.9975283145904541
0567_LITTLE_BUCK,0726,601,599,44.95786599410327,-120.55390081824281,0.9977555274963379
0567_LITTLE_BUCK,0726,473,607,44.992394862821286,-120.55084982644627,0.5310307145118713
0567_LITTLE_BUCK,0726,101,343,45.09274438753301,-120.65153255573216,0.9997067451477051
0567_LITTLE_BUCK,0726,86,275,45.0967907393359,-120.67746598600277,0.6076202392578125
0567_LITTLE_BUCK,0726,866,778,44.886380445585516,-120.48563487679516,0.9987722635269165
0567_LITTLE_BUCK,0726,659,392,44.94222010046543,-120.63284523097835,0.9892435073852539
0567_LITTLE_BUCK,0726,151,418,45.07925654819004,-120.62292950763958,0.9982643723487854
0567_LITTLE_BUCK,0726,726,817,44.92414639574584,-120.47076129178703,0.9943758845329285
0567_LITTLE_BUCK,0726,136,408,45.08330289999293,-120.62674324738525,0.9988527894020081
0567_LITTLE_BUCK,0726,947,761,44.8645301458499,-120.49211823436282,0.999403178691864
0567_LITTLE_BUCK,0726,107,448,45.091125846811856,-120.61148828840254,0.9942572116851807
0567_LITTLE_BUCK,0726,170,438,45.074131169239706,-120.61530202814822,0.9995051622390747
0567_LITTLE_BUCK,0726,72,462,45.100567334351936,-120.6061490527586,0.697467029094696
0567_LITTLE_BUCK,0726,742,433,44.91983028715609,-120.61720889802106,0.8399163484573364
0567_LITTLE_BUCK,0726,743,682,44.91956053036923,-120.52224677835368,0.9980012774467468
0567_LITTLE_BUCK,0726,152,438,45.078986791403175,-120.61530202814822,0.9991194605827332
0567_LITTLE_BUCK,0726,544,322,44.97324213095426,-120.65954140919808,0.9941893815994263
0567_LITTLE_BUCK,0726,471,234,44.992934376395006,-120.69310231896006,0.9416906833648682
0567_LITTLE_BUCK,0726,693,767,44.9330483697122,-120.48982999051542,0.9977247714996338
0567_LITTLE_BUCK,0726,139,319,45.08249362963235,-120.66068553112179,0.9987788200378418
0567_LITTLE_BUCK,0726,613,678,44.95462891266096,-120.52377227425195,0.9975724220275879
0567_LITTLE_BUCK,0726,676,421,44.937634235088815,-120.62178538571587,0.9975935220718384
0567_LITTLE_BUCK,0726,315,454,45.03501643514508,-120.60920004455514,0.9975309371948242
0567_LITTLE_BUCK,0726,338,217,45.028812029047316,-120.6995856765277,0.9200308322906494
0567_LITTLE_BUCK,0726,851,773,44.89042679738841,-120.487541746668,0.9986633062362671
0567_LITTLE_BUCK,0726,748,825,44.918211746434935,-120.46771029999047,0.9938415288925171
0567_LITTLE_BUCK,0726,496,272,44.98619045672352,-120.67861010792647,0.9833146929740906
0567_LITTLE_BUCK,0726,430,623,45.00399440465625,-120.54474784285317,0.9402408599853516
0567_LITTLE_BUCK,0726,189,407,45.069005790289374,-120.62712462135983,0.9976786971092224
0567_LITTLE_BUCK,0726,380,525,45.01748224399922,-120.58212249236082,0.9976754784584045
0567_LITTLE_BUCK,0726,933,758,44.86830674086593,-120.49326235628652,0.9998152852058411
0567_LITTLE_BUCK,0726,602,687,44.957596237316416,-120.52033990848084,0.9975441098213196
0567_LITTLE_BUCK,0726,329,249,45.031239840129054,-120.68738170934154,0.9844255447387695
0567_LITTLE_BUCK,0726,174,344,45.073052142092266,-120.6511511817576,0.9960536360740662
0567_LITTLE_BUCK,0726,422,631,45.00615245895112,-120.54169685105663,0.8875113129615784
0567_LITTLE_BUCK,0726,652,760,44.944108397973444,-120.49249960833738,0.689254879951477
0567_LITTLE_BUCK,0726,587,552,44.96164258911931,-120.5718253950475,0.7672000527381897
0567_LITTLE_BUCK,0726,78,371,45.098948793630775,-120.64085408444427,0.9998558759689331
0567_LITTLE_BUCK,0726,789,571,44.907151718173694,-120.5645792895307,0.9235695600509644
0567_LITTLE_BUCK,0726,417,634,45.00750124288542,-120.54055272913293,0.5230655670166016
0567_LITTLE_BUCK,0726,843,843,44.89258485168328,-120.46084556844826,0.9869467616081238
0567_LITTLE_BUCK,0726,562,346,44.96838650879079,-120.65038843380846,0.9976125359535217
0567_LITTLE_BUCK,0726,511,271,44.98214410492063,-120.67899148190105,0.7157973051071167
0567_LITTLE_BUCK,0726,876,676,44.88368287771692,-120.52453502220108,0.5458168983459473
0567_LITTLE_BUCK,0726,132,393,45.08438192714036,-120.63246385700377,0.9986900687217712
0567_LITTLE_BUCK,0726,354,198,45.02449592045756,-120.7068317820445,0.966071367263794
0567_LITTLE_BUCK,0726,489,292,44.98807875423154,-120.67098262843513,0.9971755146980286
0567_LITTLE_BUCK,0726,635,543,44.94869426335005,-120.5752577608186,0.9911221861839294
0567_LITTLE_BUCK,0726,680,800,44.936555207941375,-120.47724464935467,0.9140608310699463
0567_LITTLE_BUCK,0726,295,478,45.04041157088227,-120.60004706916551,0.9799422025680542
0567_LITTLE_BUCK,0726,539,317,44.97459091488856,-120.66144827907092,0.9891971349716187
0567_LITTLE_BUCK,0726,265,376,45.04850427448805,-120.63894721457143,0.997183084487915
0567_LITTLE_BUCK,0726,855,705,44.88934777024097,-120.51347517693861,0.9933192729949951
0567_LITTLE_BUCK,0726,840,474,44.89339412204386,-120.60157256506378,0.9605798125267029
0567_LITTLE_BUCK,0726,394,292,45.01370564898318,-120.67098262843513,0.9975287914276123
0567_LITTLE_BUCK,0726,400,290,45.01208710826203,-120.67174537638425,0.9975287914276123
0567_LITTLE_BUCK,0726,797,546,44.90499366387882,-120.5741136388949,0.9743971228599548
0567_LITTLE_BUCK,0726,604,353,44.957056723742696,-120.64771881598648,0.8692435622215271
0567_LITTLE_BUCK,0726,637,702,44.948154749776336,-120.51461929886231,0.997934103012085
0567_LITTLE_BUCK,0726,736,832,44.92144882787724,-120.4650406821685,0.7180489301681519
0567_LITTLE_BUCK,0726,581,696,44.96326112984046,-120.51690754270973,0.9344684481620789
0567_LITTLE_BUCK,0726,457,521,44.99671097141104,-120.58364798825909,0.998357892036438
0567_LITTLE_BUCK,0726,714,850,44.92738347718815,-120.45817595062628,0.6599940657615662
0567_LITTLE_BUCK,0726,640,547,44.94734547941575,-120.57373226492032,0.9975430369377136
0567_LITTLE_BUCK,0726,271,469,45.0468857337669,-120.60347943493662,0.9969508051872253
0567_LITTLE_BUCK,0726,414,296,45.008310513245995,-120.66945713253685,0.9971700310707092
0567_LITTLE_BUCK,0726,104,271,45.09193511717243,-120.67899148190105,0.7198076248168945
0567_LITTLE_BUCK,0726,776,822,44.910658556402865,-120.46885442191419,0.997270941734314
0567_LITTLE_BUCK,0726,165,289,45.075479953174,-120.67212675035883,0.7664666175842285
0567_LITTLE_BUCK,0726,77,456,45.09921855041764,-120.608437296606,0.9334078431129456
0567_LITTLE_BUCK,0726,340,276,45.028272515473596,-120.67708461202821,0.9975758194923401
0567_LITTLE_BUCK,0726,763,586,44.914165394632036,-120.55885867991219,0.9988281726837158
0567_LITTLE_BUCK,0726,756,715,44.91605369214005,-120.50966143719293,0.9981924295425415
0567_LITTLE_BUCK,0726,319,262,45.03393740799765,-120.68242384767215,0.9876017570495605
0567_LITTLE_BUCK,0726,786,819,44.90796098853427,-120.46999854383789,0.997527539730072
0567_LITTLE_BUCK,0726,915,842,44.8731623630294,-120.46122694242283,0.9290429353713989
0567_LITTLE_BUCK,0726,916,786,44.87289260624254,-120.48258388499862,0.9969577193260193
0567_LITTLE_BUCK,0726,233,373,45.057136491667556,-120.64009133649513,0.9869130849838257
0567_LITTLE_BUCK,0726,103,265,45.09220487395929,-120.68127972574845,0.6670158505439758
0567_LITTLE_BUCK,0726,484,537,44.989427538165835,-120.577546004666,0.995799720287323
0567_LITTLE_BUCK,0726,405,176,45.01073832432773,-120.71522200948499,0.5111991167068481
0567_LITTLE_BUCK,0726,642,510,44.94680596584204,-120.58784310197935,0.9977612495422363
0567_LITTLE_BUCK,0726,293,289,45.04095108445599,-120.67212675035883,0.9889561533927917
0567_LITTLE_BUCK,0726,760,664,44.91497466499262,-120.5291115098959,0.9958926439285278
0567_LITTLE_BUCK,0726,220,452,45.060643329896735,-120.60996279250428,0.8409122824668884
0567_LITTLE_BUCK,0726,446,591,44.99967829606649,-120.55695181003935,0.9973475933074951
0567_LITTLE_BUCK,0726,241,497,45.05497843737268,-120.59280096364873,0.6291425228118896
0567_LITTLE_BUCK,0726,599,613,44.95840550767699,-120.54856158259885,0.9968137741088867
0567_LITTLE_BUCK,0726,628,502,44.95058256085807,-120.59089409377589,0.9986135363578796
0567_LITTLE_BUCK,0726,882,814,44.88206433699576,-120.47190541371073,0.9970935583114624
0567_LITTLE_BUCK,0726,882,809,44.88206433699576,-120.47381228358357,0.9988952279090881
0567_LITTLE_BUCK,0726,321,282,45.03339789442393,-120.6747963681808,0.9975591897964478
0567_LITTLE_BUCK,0726,904,746,44.87612968768485,-120.49783884398134,0.9993208646774292
0567_LITTLE_BUCK,0726,143,465,45.08141460248491,-120.6050049308349,0.6932446956634521
0567_LITTLE_BUCK,0726,296,472,45.04014181409541,-120.60233531301292,0.9892368316650391
0567_LITTLE_BUCK,0726,168,468,45.07467068281343,-120.6038608089112,0.8208173513412476
0567_LITTLE_BUCK,0726,425,607,45.005343188590544,-120.55084982644627,0.9928696155548096
0567_LITTLE_BUCK,0726,594,593,44.95975429161129,-120.55618906209021,0.9977452158927917
0567_LITTLE_BUCK,0726,966,704,44.859404766899566,-120.51385655091319,0.9141290187835693
0567_LITTLE_BUCK,0726,814,829,44.90040779850221,-120.46618480409221,0.9970141053199768
0567_LITTLE_BUCK,0726,553,349,44.97081431987253,-120.64924431188476,0.9987860918045044
0567_LITTLE_BUCK,0726,528,313,44.97755823954402,-120.6629737749692,0.9850695133209229
0567_LITTLE_BUCK,0726,665,795,44.940601559744266,-120.47915151922751,0.5810757279396057
0567_LITTLE_BUCK,0726,323,466,45.03285838085021,-120.60462355686032,0.9962602853775024
0567_LITTLE_BUCK,0726,565,357,44.967577238430216,-120.64619332008822,0.9976946711540222
0567_LITTLE_BUCK,0726,950,807,44.86372087548932,-120.4745750315327,0.9895166158676147
0567_LITTLE_BUCK,0726,751,443,44.91740247607435,-120.61339515827538,0.9976407885551453
0567_LITTLE_BUCK,0726,203,456,45.065229195273346,-120.608437296606,0.9967560172080994
0567_LITTLE_BUCK,0726,379,204,45.017752000786075,-120.70454353819709,0.9967906475067139
0567_LITTLE_BUCK,0726,625,365,44.95139183121864,-120.64314232829167,0.9913162589073181
0567_LITTLE_BUCK,0726,691,448,44.933587883285924,-120.61148828840254,0.9981124401092529
0567_LITTLE_BUCK,0726,428,548,45.00453391822996,-120.57335089094576,0.9975321292877197
0567_LITTLE_BUCK,0726,790,481,44.90688196138684,-120.59890294724181,0.9996633529663086
0567_LITTLE_BUCK,0726,700,428,44.931160072204186,-120.6191157678939,0.9972438216209412
0567_LITTLE_BUCK,0726,896,783,44.87828774197973,-120.48372800692232,0.998013973236084
0567_LITTLE_BUCK,0726,579,601,44.96380064341418,-120.55313807029367,0.958488404750824
0567_LITTLE_BUCK,0726,656,370,44.943029370826004,-120.64123545841883,0.9895842671394348
0567_LITTLE_BUCK,0726,275,385,45.04580670661946,-120.63551484880031,0.9975590705871582
0567_LITTLE_BUCK,0726,424,611,45.0056129453774,-120.54932433054799,0.9573290944099426
0567_LITTLE_BUCK,0726,362,561,45.02233786616269,-120.56839302927638,0.7982696294784546
0567_LITTLE_BUCK,0726,797,731,44.90499366387882,-120.50355945359985,0.9977308511734009
0567_LITTLE_BUCK,0726,503,264,44.9843021592155,-120.68166109972302,0.9279534816741943
0567_LITTLE_BUCK,0726,877,835,44.88341312093006,-120.4638965602448,0.9537163972854614
0567_LITTLE_BUCK,0726,900,687,44.87720871483229,-120.52033990848084,0.6732504367828369
0567_LITTLE_BUCK,0726,627,371,44.95085231764493,-120.64085408444427,0.9959666132926941
0567_LITTLE_BUCK,0726,87,267,45.096520982549045,-120.68051697779931,0.5469200015068054
0567_LITTLE_BUCK,0726,945,757,44.86506965942362,-120.49364373026108,0.9995977282524109
0567_LITTLE_BUCK,0726,438,203,45.001836350361366,-120.70492491217166,0.9849982261657715
0567_LITTLE_BUCK,0726,647,530,44.94545718190774,-120.58021562248798,0.9969199299812317
0567_LITTLE_BUCK,0726,620,722,44.95274061515294,-120.50699181937097,0.9871780872344971
0567_LITTLE_BUCK,0726,403,293,45.01127783790145,-120.67060125446055,0.997418224811554
0567_LITTLE_BUCK,0726,108,447,45.09085609002499,-120.61186966237712,0.9967033863067627
0567_LITTLE_BUCK,0726,56,404,45.104883442941684,-120.62826874328353,0.5737392902374268
0567_LITTLE_BUCK,0726,567,608,44.967037724856496,-120.55046845247169,0.5496867895126343
0567_LITTLE_BUCK,0726,175,390,45.07278238530541,-120.63360797892747,0.9975465536117554
0567_LITTLE_BUCK,0726,425,220,45.005343188590544,-120.698441554604,0.9973951578140259
0567_LITTLE_BUCK,0726,110,283,45.09031657645127,-120.67441499420623,0.8605865836143494
0567_LITTLE_BUCK,0726,142,436,45.08168435927177,-120.61606477609736,0.9992652535438538
0567_LITTLE_BUCK,0726,965,728,44.85967452368643,-120.50470357552355,0.996337890625
0567_LITTLE_BUCK,0726,247,422,45.05335989665153,-120.6214040117413,0.9913896918296814
0567_LITTLE_BUCK,0726,916,816,44.87289260624254,-120.47114266576159,0.9975287914276123
0567_LITTLE_BUCK,0726,351,226,45.025305190818145,-120.6961533107566,0.9966237545013428
0567_LITTLE_BUCK,0726,391,533,45.01451491934376,-120.57907150056428,0.9980571866035461
0567_LITTLE_BUCK,0726,657,415,44.94275961403914,-120.62407362956328,0.9965173602104187
0567_LITTLE_BUCK,0726,570,613,44.96622845449592,-120.54856158259885,0.7495102286338806
0567_LITTLE_BUCK,0726,742,830,44.91983028715609,-120.46580343011765,0.916195809841156
0567_LITTLE_BUCK,0726,863,711,44.88718971594609,-120.51118693309121,0.9976476430892944
0567_LITTLE_BUCK,0726,450,613,44.99859926891905,-120.54856158259885,0.9799778461456299
0567_LITTLE_BUCK,0726,256,423,45.05093208556979,-120.62102263776674,0.9941002726554871
0567_LITTLE_BUCK,0726,744,667,44.91929077358237,-120.5279673879722,0.998309850692749
0567_LITTLE_BUCK,0726,883,826,44.881794580208904,-120.46732892601591,0.9119916558265686
0567_LITTLE_BUCK,0726,290,462,45.04176035481657,-120.6061490527586,0.996890127658844
0567_LITTLE_BUCK,0726,179,288,45.07170335815797,-120.67250812433339,0.7545092105865479
0567_LITTLE_BUCK,0726,674,426,44.938173748662535,-120.61987851584304,0.9977348446846008
0567_LITTLE_BUCK,0726,763,703,44.914165394632036,-120.51423792488775,0.99769127368927
0567_LITTLE_BUCK,0726,262,397,45.04931354484864,-120.6309383611055,0.994219183921814
0567_LITTLE_BUCK,0726,193,285,45.06792676314194,-120.67365224625709,0.6920107007026672
0567_LITTLE_BUCK,0726,781,471,44.90930977246857,-120.60271668698748,0.9995025992393494
0567_LITTLE_BUCK,0726,782,598,44.90904001568171,-120.55428219221737,0.6041115522384644
0567_LITTLE_BUCK,0726,594,585,44.95975429161129,-120.55924005388675,0.9970560669898987
0567_LITTLE_BUCK,0726,194,376,45.06765700635508,-120.63894721457143,0.9978325963020325
0567_LITTLE_BUCK,0726,200,333,45.06603846563392,-120.65534629547784,0.9272587299346924
0567_LITTLE_BUCK,0726,543,307,44.973511887741125,-120.6652620188166,0.893290102481842
0567_LITTLE_BUCK,0726,619,724,44.953010371939804,-120.50622907142183,0.9855360388755798
0567_LITTLE_BUCK,0726,446,244,44.99967829606649,-120.68928857921438,0.997829020023346
0567_LITTLE_BUCK,0726,862,771,44.88745947273295,-120.48830449461714,0.9988299608230591
0567_LITTLE_BUCK,0726,499,267,44.98538118636294,-120.68051697779931,0.9698534607887268
0567_LITTLE_BUCK,0726,658,690,44.94248985725228,-120.51919578655713,0.9981826543807983
0567_LITTLE_BUCK,0726,754,711,44.916593205713774,-120.51118693309121,0.998123288154602
0567_LITTLE_BUCK,0726,190,394,45.06873603350252,-120.63208248302921,0.9975287914276123
0567_LITTLE_BUCK,0726,448,624,44.99913878249277,-120.54436646887861,0.9563931822776794
0567_LITTLE_BUCK,0726,743,861,44.91956053036923,-120.45398083690604,0.9155828952789307
0567_LITTLE_BUCK,0726,175,464,45.07278238530541,-120.60538630480946,0.9808001518249512
0567_LITTLE_BUCK,0726,754,840,44.916593205713774,-120.46198969037196,0.9846664667129517
0567_LITTLE_BUCK,0726,880,689,44.88260385056948,-120.5195771605317,0.8782567381858826
0567_LITTLE_BUCK,0726,894,804,44.878827255553446,-120.4757191534564,0.9995584487915039
0567_LITTLE_BUCK,0726,441,534,45.00102708000079,-120.5786901265897,0.9980802536010742
0567_LITTLE_BUCK,0726,398,521,45.01262662183575,-120.58364798825909,0.9969004988670349
0567_LITTLE_BUCK,0726,396,619,45.01316613540946,-120.54627333875145,0.9098021388053894
0567_LITTLE_BUCK,0726,278,338,45.04499743625888,-120.653439425605,0.9975478649139404
0567_LITTLE_BUCK,0726,793,479,44.90607269102625,-120.59966569519094,0.9997005462646484
0567_LITTLE_BUCK,0726,84,375,45.09733025290962,-120.639328588546,0.9998107552528381
0567_LITTLE_BUCK,0726,790,842,44.90688196138684,-120.46122694242283,0.9785770773887634
0567_LITTLE_BUCK,0726,771,624,44.91200734033716,-120.54436646887861,0.997817873954773
0567_LITTLE_BUCK,0726,649,537,44.94491766833402,-120.577546004666,0.9974486827850342
0567_LITTLE_BUCK,0726,112,334,45.08977706287756,-120.65496492150328,0.9993078112602234
0567_LITTLE_BUCK,0726,390,554,45.014784676130624,-120.57106264709836,0.9975243210792542
0567_LITTLE_BUCK,0726,903,784,44.876399444471716,-120.48334663294776,0.9980825185775757
0567_LITTLE_BUCK,0726,776,668,44.910658556402865,-120.52758601399762,0.693939208984375
0567_LITTLE_BUCK,0726,61,310,45.10353465900739,-120.6641178968929,0.9345813989639282
0567_LITTLE_BUCK,0726,430,200,45.00399440465625,-120.70606903409536,0.9828429818153381
0567_LITTLE_BUCK,0726,110,445,45.09031657645127,-120.61263241032624,0.9979867339134216
0567_LITTLE_BUCK,0726,454,547,44.99752024177162,-120.57373226492032,0.9978494644165039
0567_LITTLE_BUCK,0726,642,368,44.94680596584204,-120.64199820636797,0.9831305146217346
0567_LITTLE_BUCK,0726,178,336,45.07197311494483,-120.65420217355414,0.995608925819397
0567_LITTLE_BUCK,0726,236,401,45.05632722130698,-120.62941286520723,0.9968120455741882
0567_LITTLE_BUCK,0726,666,408,44.94033180295741,-120.62674324738525,0.9862942695617676
0567_LITTLE_BUCK,0726,944,757,44.865339416210475,-120.49364373026108,0.9996187686920166
0567_LITTLE_BUCK,0726,436,241,45.002375863935086,-120.69043270113808,0.999236524105072
0567_LITTLE_BUCK,0726,652,732,44.944108397973444,-120.50317807962529,0.9914776086807251
0567_LITTLE_BUCK,0726,913,791,44.87370187660312,-120.48067701512578,0.998719334602356
0567_LITTLE_BUCK,0726,716,798,44.92684396361444,-120.47800739730381,0.9975311756134033
0567_LITTLE_BUCK,0726,323,227,45.03285838085021,-120.69577193678202,0.8084434270858765
0567_LITTLE_BUCK,0726,620,614,44.95274061515294,-120.54818020862429,0.9976560473442078
0567_LITTLE_BUCK,0726,687,436,44.93466691043336,-120.61606477609736,0.997660219669342
0567_LITTLE_BUCK,0726,72,362,45.100567334351936,-120.64428645021538,0.9991528987884521
0567_LITTLE_BUCK,0726,127,367,45.08573071107466,-120.64237958034253,0.9984221458435059
0567_LITTLE_BUCK,0726,973,786,44.85751646939155,-120.48258388499862,0.8259981274604797
0567_LITTLE_BUCK,0726,275,449,45.04580670661946,-120.61110691442798,0.9975945353507996
0567_LITTLE_BUCK,0726,292,301,45.041220841242854,-120.66755026266401,0.9915673732757568
0567_LITTLE_BUCK,0726,220,391,45.060643329896735,-120.63322660495291,0.9968748092651367
0567_LITTLE_BUCK,0726,193,299,45.06792676314194,-120.66831301061315,0.9006428718566895
0567_LITTLE_BUCK,0726,169,291,45.07440092602656,-120.67136400240969,0.8162647485733032
0567_LITTLE_BUCK,0726,99,373,45.09328390110673,-120.64009133649513,0.9998161196708679
0567_LITTLE_BUCK,0726,100,288,45.093014144319866,-120.67250812433339,0.910406768321991
0567_LITTLE_BUCK,0726,833,493,44.895282419551876,-120.59432645954699,0.9927855730056763
0567_LITTLE_BUCK,0726,487,272,44.98861826780525,-120.67861010792647,0.993228554725647
0567_LITTLE_BUCK,0726,634,545,44.94896402013691,-120.57449501286946,0.9938280582427979
0567_LITTLE_BUCK,0726,711,799,44.928192747548735,-120.47762602332924,0.9955454468727112
0567_LITTLE_BUCK,0726,692,773,44.93331812649906,-120.487541746668,0.9971491098403931
0567_LITTLE_BUCK,0726,120,448,45.08761900858268,-120.61148828840254,0.9987648725509644
0567_LITTLE_BUCK,0726,649,680,44.94491766833402,-120.52300952630281,0.9982845783233643
0567_LITTLE_BUCK,0726,631,714,44.94977329049749,-120.51004281116751,0.9975422024726868
0567_LITTLE_BUCK,0726,628,386,44.95058256085807,-120.63513347482575,0.9991069436073303
0567_LITTLE_BUCK,0726,202,368,45.0654989520602,-120.64199820636797,0.9979236125946045
0567_LITTLE_BUCK,0726,839,812,44.89366387883072,-120.47266816165985,0.9969168305397034
0567_LITTLE_BUCK,0726,758,852,44.91551417856634,-120.45741320267715,0.6788256764411926
0567_LITTLE_BUCK,0726,407,187,45.01019881075401,-120.71102689576475,0.9914551377296448
0567_LITTLE_BUCK,0726,216,406,45.06172235704417,-120.62750599533439,0.9963420629501343
0567_LITTLE_BUCK,0726,655,528,44.94329912761286,-120.58097837043712,0.9975468516349792
0567_LITTLE_BUCK,0726,926,700,44.87019503837394,-120.51538204681145,0.9966884851455688
0567_LITTLE_BUCK,0726,645,409,44.945996695481455,-120.62636187341069,0.9985915422439575
0567_LITTLE_BUCK,0726,102,362,45.09247463074615,-120.64428645021538,0.999965250492096
0567_LITTLE_BUCK,0726,911,714,44.874241390176834,-120.51004281116751,0.99826979637146
0567_LITTLE_BUCK,0726,497,260,44.985920699936656,-120.6831865956213,0.9516719579696655
0567_LITTLE_BUCK,0726,496,606,44.98619045672352,-120.55123120042083,0.5639733076095581
0567_LITTLE_BUCK,0726,812,470,44.90094731207593,-120.60309806096205,0.9951455593109131
0567_LITTLE_BUCK,0726,204,351,45.06495943848648,-120.64848156393562,0.9975780844688416
0567_LITTLE_BUCK,0726,825,494,44.89744047384675,-120.59394508557243,0.9996993541717529
0567_LITTLE_BUCK,0726,194,446,45.06765700635508,-120.61225103635168,0.9980850219726562
0567_LITTLE_BUCK,0726,578,710,44.964070400201045,-120.51156830706577,0.9228370785713196
0567_LITTLE_BUCK,0726,469,604,44.993473889968726,-120.55199394836997,0.8385707139968872
0567_LITTLE_BUCK,0726,206,311,45.06441992491276,-120.66373652291833,0.8786510229110718
0567_LITTLE_BUCK,0726,103,266,45.09220487395929,-120.68089835177389,0.6753891110420227
0567_LITTLE_BUCK,0726,307,295,45.037174489439955,-120.66983850651143,0.993241012096405
0567_LITTLE_BUCK,0726,752,432,44.917132719287494,-120.61759027199562,0.5048589110374451
0567_LITTLE_BUCK,0726,458,256,44.99644121462418,-120.68471209151956,0.9976215362548828
0567_LITTLE_BUCK,0726,479,601,44.99077632210013,-120.55313807029367,0.560805082321167
0567_LITTLE_BUCK,0726,947,747,44.8645301458499,-120.49745747000676,0.9987890124320984
0567_LITTLE_BUCK,0726,421,222,45.00642221573798,-120.69767880665486,0.997929573059082
0567_LITTLE_BUCK,0726,157,458,45.07763800746888,-120.60767454865686,0.9964253306388855
0567_LITTLE_BUCK,0726,577,562,44.9643401569879,-120.56801165530182,0.9303212761878967
0567_LITTLE_BUCK,0726,272,290,45.04661597698004,-120.67174537638425,0.9780129194259644
0567_LITTLE_BUCK,0726,671,385,44.93898301902311,-120.63551484880031,0.7609730362892151
0567_LITTLE_BUCK,0726,926,702,44.87019503837394,-120.51461929886231,0.9968398213386536
0567_LITTLE_BUCK,0726,394,553,45.01370564898318,-120.57144402107292,0.9973419308662415
0567_LITTLE_BUCK,0726,705,806,44.92981128826989,-120.47495640550727,0.9831052422523499
0567_LITTLE_BUCK,0726,759,699,44.91524442177948,-120.51576342078603,0.997882604598999
0567_LITTLE_BUCK,0726,651,482,44.9443781547603,-120.59852157326723,0.9985761046409607
0567_LITTLE_BUCK,0726,793,466,44.90607269102625,-120.60462355686032,0.9976415634155273
0567_LITTLE_BUCK,0726,195,453,45.06738724956822,-120.6095814185297,0.997535765171051
0567_LITTLE_BUCK,0726,397,288,45.01289637862261,-120.67250812433339,0.9975287914276123
0567_LITTLE_BUCK,0726,654,537,44.943568884399724,-120.577546004666,0.9974029660224915
0567_LITTLE_BUCK,0726,829,716,44.896361446699316,-120.50928006321837,0.9981120824813843
0567_LITTLE_BUCK,0726,430,566,45.00399440465625,-120.56648615940354,0.9984414577484131
0567_LITTLE_BUCK,0726,435,307,45.00264562072195,-120.6652620188166,0.9975786209106445
0567_LITTLE_BUCK,0726,630,658,44.950043047284346,-120.5313997537433,0.9991797804832458
0567_LITTLE_BUCK,0726,773,790,44.91146782676344,-120.48105838910035,0.9997544884681702
0567_LITTLE_BUCK,0726,261,470,45.049583301635494,-120.60309806096205,0.9960554242134094
0567_LITTLE_BUCK,0726,586,698,44.961912345906164,-120.51614479476059,0.9830239415168762
0567_LITTLE_BUCK,0726,818,705,44.89932877135477,-120.51347517693861,0.9711560606956482
0567_LITTLE_BUCK,0726,269,485,45.04742524734062,-120.59737745134353,0.9491389393806458
0567_LITTLE_BUCK,0726,573,583,44.96541918413534,-120.56000280183589,0.8476686477661133
0567_LITTLE_BUCK,0726,447,210,44.999408539279635,-120.70225529434968,0.9852825999259949
0567_LITTLE_BUCK,0726,756,847,44.91605369214005,-120.45932007254999,0.8070619106292725
0567_LITTLE_BUCK,0726,386,541,45.01586370327806,-120.57602050876774,0.9978687763214111
0567_LITTLE_BUCK,0726,754,814,44.916593205713774,-120.47190541371073,0.9980159997940063
0567_LITTLE_BUCK,0726,106,364,45.09139560359871,-120.64352370226624,0.9999358057975769
0567_LITTLE_BUCK,0726,779,833,44.90984928604229,-120.46465930819393,0.9947089552879333
0567_LITTLE_BUCK,0726,447,597,44.999408539279635,-120.55466356619193,0.9976257085800171
0567_LITTLE_BUCK,0726,49,328,45.1067717404497,-120.65725316535068,0.5120425820350647
0567_LITTLE_BUCK,0726,751,730,44.91740247607435,-120.50394082757443,0.9987240433692932
0567_LITTLE_BUCK,0726,203,477,45.065229195273346,-120.60042844314007,0.894726574420929
0567_LITTLE_BUCK,0726,373,532,45.019370541507236,-120.57945287453884,0.9977615475654602
0567_LITTLE_BUCK,0726,852,837,44.890157040601544,-120.46313381229567,0.9953551888465881
0567_LITTLE_BUCK,0726,228,382,45.05848527560186,-120.63665897072401,0.9945071935653687
0567_LITTLE_BUCK,0726,446,306,44.99967829606649,-120.66564339279117,0.9981461763381958
0567_LITTLE_BUCK,0726,906,810,44.87559017411113,-120.473430909609,0.99826580286026
0567_LITTLE_BUCK,0726,801,769,44.90391463673138,-120.48906724256628,0.9985738396644592
0567_LITTLE_BUCK,0726,656,691,44.943029370826004,-120.51881441258257,0.9982775449752808
0567_LITTLE_BUCK,0726,774,840,44.911198069976585,-120.46198969037196,0.983855664730072
0567_LITTLE_BUCK,0726,458,589,44.99644121462418,-120.55771455798848,0.934874415397644
0567_LITTLE_BUCK,0726,768,667,44.91281661069774,-120.5279673879722,0.9759175777435303
0567_LITTLE_BUCK,0726,445,487,44.99994805285335,-120.5966147033944,0.997815728187561
0567_LITTLE_BUCK,0726,335,477,45.02962129940789,-120.60042844314007,0.9972361326217651
0567_LITTLE_BUCK,0726,496,598,44.98619045672352,-120.55428219221737,0.7296872735023499
0567_LITTLE_BUCK,0726,759,706,44.91524442177948,-120.51309380296405,0.9982008337974548
0567_LITTLE_BUCK,0726,343,229,45.02746324511302,-120.6950091888329,0.9927520751953125
0567_LITTLE_BUCK,0726,195,426,45.06738724956822,-120.61987851584304,0.9976640343666077
0567_LITTLE_BUCK,0726,801,516,44.90391463673138,-120.58555485813193,0.9999865293502808
0567_LITTLE_BUCK,0726,659,480,44.94222010046543,-120.59928432121637,0.9984784722328186
0567_LITTLE_BUCK,0726,497,289,44.985920699936656,-120.67212675035883,0.9962475895881653
0567_LITTLE_BUCK,0726,448,519,44.99913878249277,-120.58441073620823,0.9985558986663818
0567_LITTLE_BUCK,0726,229,359,45.058215518815,-120.64543057213908,0.9977184534072876
0567_LITTLE_BUCK,0726,300,359,45.03906278694797,-120.64543057213908,0.999113917350769
0567_LITTLE_BUCK,0726,50,388,45.106501983662845,-120.63437072687661,0.7619827389717102
0567_LITTLE_BUCK,0726,591,606,44.96056356197187,-120.55123120042083,0.9025234580039978
0567_LITTLE_BUCK,0726,857,783,44.88880825666725,-120.48372800692232,0.9994061589241028
0567_LITTLE_BUCK,0726,463,574,44.99509243068988,-120.563435167607,0.8387584686279297
0567_LITTLE_BUCK,0726,190,395,45.06873603350252,-120.63170110905463,0.9975287914276123
0567_LITTLE_BUCK,0726,243,364,45.05443892379896,-120.64352370226624,0.9873754978179932
0567_LITTLE_BUCK,0726,939,789,44.86668820014477,-120.48143976307492,0.9950066208839417
0567_LITTLE_BUCK,0726,300,449,45.03906278694797,-120.61110691442798,0.9976769089698792
0567_LITTLE_BUCK,0726,301,354,45.038793030161116,-120.64733744201192,0.998853862285614
0567_LITTLE_BUCK,0726,192,469,45.0681965199288,-120.60347943493662,0.9916951656341553
0567_LITTLE_BUCK,0726,192,389,45.0681965199288,-120.63398935290205,0.9974557757377625
0567_LITTLE_BUCK,0726,212,325,45.06280138419161,-120.65839728727438,0.9963634014129639
0567_LITTLE_BUCK,0726,630,738,44.950043047284346,-120.50088983577788,0.7136573195457458
0567_LITTLE_BUCK,0726,217,362,45.06145260025731,-120.64428645021538,0.9944440722465515
0567_LITTLE_BUCK,0726,428,601,45.00453391822996,-120.55313807029367,0.9980995655059814
0567_LITTLE_BUCK,0726,49,364,45.1067717404497,-120.64352370226624,0.9049618244171143
0567_LITTLE_BUCK,0726,185,312,45.070084817436815,-120.66335514894377,0.9195894002914429
0567_LITTLE_BUCK,0726,421,200,45.00642221573798,-120.70606903409536,0.995259165763855
0567_LITTLE_BUCK,0726,774,706,44.911198069976585,-120.51309380296405,0.6754021644592285
0567_LITTLE_BUCK,0726,235,305,45.05659697809384,-120.66602476676574,0.90542072057724
0567_LITTLE_BUCK,0726,118,325,45.0881585221564,-120.65839728727438,0.9996564984321594
0567_LITTLE_BUCK,0726,277,305,45.045267193045746,-120.66602476676574,0.9253390431404114
0567_LITTLE_BUCK,0726,541,334,44.974051401314846,-120.65496492150328,0.9960582256317139
0567_LITTLE_BUCK,0726,824,822,44.89771023063361,-120.46885442191419,0.997599720954895
0567_LITTLE_BUCK,0726,253,348,45.05174135593037,-120.64962568585932,0.9975602626800537
0567_LITTLE_BUCK,0726,216,333,45.06172235704417,-120.65534629547784,0.9973692893981934
0567_LITTLE_BUCK,0726,634,557,44.94896402013691,-120.56991852517466,0.9974237680435181
0567_LITTLE_BUCK,0726,233,411,45.057136491667556,-120.62559912546155,0.9877375960350037
0567_LITTLE_BUCK,0726,610,364,44.95543818302154,-120.64352370226624,0.9875174760818481
0567_LITTLE_BUCK,0726,195,401,45.06738724956822,-120.62941286520723,0.9975287914276123
0567_LITTLE_BUCK,0726,260,491,45.04985305842236,-120.59508920749613,0.8219111561775208
0567_LITTLE_BUCK,0726,416,297,45.007770999672275,-120.66907575856229,0.9967640042304993
0567_LITTLE_BUCK,0726,753,440,44.91686296250064,-120.61453928019908,0.9928653836250305
0567_LITTLE_BUCK,0726,526,322,44.97809775311774,-120.65954140919808,0.9951754212379456
0567_LITTLE_BUCK,0726,943,776,44.86560917299733,-120.4863976247443,0.9991968274116516
0567_LITTLE_BUCK,0726,596,577,44.95921477803757,-120.5622910456833,0.9936490654945374
0567_LITTLE_BUCK,0726,236,304,45.05632722130698,-120.6664061407403,0.9373855590820312
0567_LITTLE_BUCK,0726,887,770,44.880715553061464,-120.4886858685917,0.9987170696258545
0567_LITTLE_BUCK,0726,747,833,44.91848150322179,-120.46465930819393,0.83608078956604
0567_LITTLE_BUCK,0726,572,545,44.9656889409222,-120.57449501286946,0.8845953345298767
0567_LITTLE_BUCK,0726,770,445,44.912277097124026,-120.61263241032624,0.7845625877380371
0567_LITTLE_BUCK,0726,224,435,45.059564302749294,-120.61644615007192,0.6744056940078735
0567_LITTLE_BUCK,0726,124,354,45.086539981435244,-120.64733744201192,0.9990869164466858
0567_LITTLE_BUCK,0726,386,581,45.01586370327806,-120.56076554978503,0.9961830377578735
0567_LITTLE_BUCK,0726,776,741,44.910658556402865,-120.49974571385418,0.9983062148094177
0567_LITTLE_BUCK,0726,820,813,44.89878925778105,-120.47228678768529,0.9975597858428955
0567_LITTLE_BUCK,0726,790,708,44.90688196138684,-120.51233105501491,0.9771166443824768
0567_LITTLE_BUCK,0726,976,736,44.85670719903097,-120.50165258372701,0.9026743769645691
0567_LITTLE_BUCK,0726,852,836,44.890157040601544,-120.46351518627023,0.9958615899085999
0567_LITTLE_BUCK,0726,505,315,44.98376264564178,-120.66221102702006,0.9973480701446533
0567_LITTLE_BUCK,0726,865,685,44.88665020237237,-120.52110265642997,0.9594415426254272
0567_LITTLE_BUCK,0726,584,575,44.962451859479884,-120.56305379363243,0.9659916162490845
0567_LITTLE_BUCK,0726,828,494,44.89663120348617,-120.59394508557243,0.9976406097412109
0567_LITTLE_BUCK,0726,602,557,44.957596237316416,-120.56991852517466,0.9834466576576233
0567_LITTLE_BUCK,0726,921,789,44.87154382230824,-120.48143976307492,0.9841511249542236
0567_LITTLE_BUCK,0726,170,282,45.074131169239706,-120.6747963681808,0.5653048753738403
0567_LITTLE_BUCK,0726,641,359,44.947075722628895,-120.64543057213908,0.9883916974067688
0567_LITTLE_BUCK,0726,642,699,44.94680596584204,-120.51576342078603,0.9982368350028992
0567_LITTLE_BUCK,0726,642,414,44.94680596584204,-120.62445500353785,0.9984188079833984
0567_LITTLE_BUCK,0726,461,510,44.9956319442636,-120.58784310197935,0.9987819790840149
0567_LITTLE_BUCK,0726,912,754,44.87397163338998,-120.4947878521848,0.9997532367706299
0567_LITTLE_BUCK,0726,617,670,44.953549885513524,-120.5268232660485,0.9981948137283325
0567_LITTLE_BUCK,0726,307,351,45.037174489439955,-120.64848156393562,0.9978650212287903
0567_LITTLE_BUCK,0726,179,319,45.07170335815797,-120.66068553112179,0.9912333488464355
0567_LITTLE_BUCK,0726,886,853,44.88098530984833,-120.45703182870258,0.9819526076316833
0567_LITTLE_BUCK,0726,789,837,44.907151718173694,-120.46313381229567,0.9937378764152527
0567_LITTLE_BUCK,0726,650,710,44.94464791154716,-120.51156830706577,0.9975988864898682
0567_LITTLE_BUCK,0726,826,499,44.89717071705989,-120.59203821569959,0.9965860247612
0567_LITTLE_BUCK,0726,901,799,44.87693895804543,-120.47762602332924,0.9993728399276733
0567_LITTLE_BUCK,0726,126,343,45.086000467861524,-120.65153255573216,0.9984005689620972
0567_LITTLE_BUCK,0726,864,683,44.88691995915923,-120.52186540437911,0.9368574023246765
0567_LITTLE_BUCK,0726,564,362,44.96784699521707,-120.64428645021538,0.9979003071784973
0567_LITTLE_BUCK,0726,674,352,44.938173748662535,-120.64810018996106,0.6984802484512329
0567_LITTLE_BUCK,0726,350,558,45.025574947605,-120.56953715120008,0.9515635967254639
0567_LITTLE_BUCK,0726,83,291,45.09760000969648,-120.67136400240969,0.8025566339492798
0567_LITTLE_BUCK,0726,585,354,44.96218210269303,-120.64733744201192,0.9791021943092346
0567_LITTLE_BUCK,0726,658,733,44.94248985725228,-120.50279670565072,0.9915969967842102
0567_LITTLE_BUCK,0726,146,463,45.080605332124335,-120.60576767878402,0.9071716666221619
0567_LITTLE_BUCK,0726,863,819,44.88718971594609,-120.46999854383789,0.9676927328109741
0567_LITTLE_BUCK,0726,655,421,44.94329912761286,-120.62178538571587,0.9974033236503601
0567_LITTLE_BUCK,0726,874,805,44.884222391290635,-120.47533777948183,0.998808741569519
0567_LITTLE_BUCK,0726,102,410,45.09247463074615,-120.62598049943612,0.9984903335571289
0567_LITTLE_BUCK,0726,270,295,45.047155490553756,-120.66983850651143,0.9781593680381775
0567_LITTLE_BUCK,0726,354,242,45.02449592045756,-120.69005132716352,0.9975287914276123
0567_LITTLE_BUCK,0726,114,367,45.08923754930384,-120.64237958034253,0.999579131603241
0567_LITTLE_BUCK,0726,753,726,44.91686296250064,-120.50546632347269,0.9985467791557312
0567_LITTLE_BUCK,0726,643,348,44.946536209055175,-120.64962568585932,0.5230581760406494
0567_LITTLE_BUCK,0726,758,449,44.91551417856634,-120.61110691442798,0.9953364729881287
0567_LITTLE_BUCK,0726,622,355,44.95220110157923,-120.64695606803735,0.9485099911689758
0567_LITTLE_BUCK,0726,60,320,45.10380441579425,-120.66030415714722,0.9606257081031799
0567_LITTLE_BUCK,0726,200,425,45.06603846563392,-120.6202598898176,0.997565507888794
0567_LITTLE_BUCK,0726,629,673,44.95031280407121,-120.52567914412478,0.9984455704689026
0567_LITTLE_BUCK,0726,967,793,44.85913501011271,-120.47991426717665,0.9424847960472107
0567_LITTLE_BUCK,0726,756,859,44.91605369214005,-120.45474358485518,0.8821545243263245
0567_LITTLE_BUCK,0726,382,203,45.0169427304255,-120.70492491217166,0.9964652061462402
0567_LITTLE_BUCK,0726,236,442,45.05632722130698,-120.61377653224994,0.9652712345123291
0567_LITTLE_BUCK,0726,87,436,45.096520982549045,-120.61606477609736,0.9822933077812195
0567_LITTLE_BUCK,0726,694,412,44.93277861292534,-120.62521775148699,0.7177145481109619
0567_LITTLE_BUCK,0726,172,387,45.073591655665986,-120.63475210085117,0.9976089000701904
0567_LITTLE_BUCK,0726,772,735,44.911737583550305,-120.50203395770158,0.9978217482566833
0567_LITTLE_BUCK,0726,670,390,44.93925277580997,-120.63360797892747,0.7108970284461975
0567_LITTLE_BUCK,0726,67,330,45.10191611828623,-120.65649041740154,0.9814417362213135
0567_LITTLE_BUCK,0726,940,796,44.866418443357915,-120.47877014525295,0.9970884919166565
0567_LITTLE_BUCK,0726,433,295,45.00318513429566,-120.66983850651143,0.9976019859313965
0567_LITTLE_BUCK,0726,756,813,44.91605369214005,-120.47228678768529,0.9988921880722046
0567_LITTLE_BUCK,0726,797,553,44.90499366387882,-120.57144402107292,0.8936876058578491
0567_LITTLE_BUCK,0726,385,605,45.01613346006492,-120.55161257439539,0.9814565777778625
0567_LITTLE_BUCK,0726,715,795,44.927113720401294,-120.47915151922751,0.9975476264953613
0567_LITTLE_BUCK,0726,732,818,44.92252785502468,-120.47037991781245,0.9876165390014648
0567_LITTLE_BUCK,0726,583,557,44.96272161626674,-120.56991852517466,0.8477096557617188
0567_LITTLE_BUCK,0726,210,436,45.06334089776533,-120.61606477609736,0.9971892833709717
0567_LITTLE_BUCK,0726,134,321,45.08384241356665,-120.65992278317266,0.999677836894989
0567_LITTLE_BUCK,0726,548,339,44.97216310380683,-120.65305805163044,0.9975495934486389
0567_LITTLE_BUCK,0726,659,526,44.94222010046543,-120.58174111838625,0.9976855516433716
0567_LITTLE_BUCK,0726,256,350,45.05093208556979,-120.6488629379102,0.9975298643112183
0567_LITTLE_BUCK,0726,149,437,45.07979606176376,-120.61568340212278,0.999251127243042
0567_LITTLE_BUCK,0726,896,841,44.87828774197973,-120.46160831639739,0.9387584924697876
0567_LITTLE_BUCK,0726,805,469,44.90283560958394,-120.60347943493662,0.992870032787323
0567_LITTLE_BUCK,0726,488,272,44.988348511018394,-120.67861010792647,0.9918350577354431
0567_LITTLE_BUCK,0726,459,549,44.99617145783732,-120.5729695169712,0.9972596168518066
0567_LITTLE_BUCK,0726,869,776,44.88557117522493,-120.4863976247443,0.9986975193023682
0567_LITTLE_BUCK,0726,721,853,44.92549517968014,-120.45703182870258,0.7325381636619568
0567_LITTLE_BUCK,0726,780,788,44.90957952925543,-120.4818211370495,0.9998823404312134
0567_LITTLE_BUCK,0726,845,781,44.89204533810956,-120.48449075487146,0.9993745684623718
0567_LITTLE_BUCK,0726,69,317,45.10137660471251,-120.66144827907092,0.9434689283370972
0567_LITTLE_BUCK,0726,211,363,45.063071140978465,-120.64390507624081,0.9976444840431213
0567_LITTLE_BUCK,0726,660,551,44.94195034367856,-120.57220676902206,0.9977714419364929
0567_LITTLE_BUCK,0726,693,774,44.9330483697122,-120.48716037269344,0.997355043888092
0567_LITTLE_BUCK,0726,433,227,45.00318513429566,-120.69577193678202,0.997979998588562
0567_LITTLE_BUCK,0726,652,684,44.944108397973444,-120.52148403040454,0.998611330986023
0567_LITTLE_BUCK,0726,682,800,44.936015694367654,-120.47724464935467,0.9041993021965027
0567_LITTLE_BUCK,0726,576,559,44.96460991377476,-120.56915577722552,0.7723481059074402
0567_LITTLE_BUCK,0726,84,411,45.09733025290962,-120.62559912546155,0.9979362487792969
0567_LITTLE_BUCK,0726,278,457,45.04499743625888,-120.60805592263144,0.9977984428405762
0567_LITTLE_BUCK,0726,251,303,45.05228086950409,-120.66678751471487,0.9684306383132935
0567_LITTLE_BUCK,0726,193,459,45.06792676314194,-120.6072931746823,0.997572124004364
0567_LITTLE_BUCK,0726,254,415,45.05147159914351,-120.62407362956328,0.9968554377555847
0567_LITTLE_BUCK,0726,48,318,45.107041497236565,-120.66106690509636,0.7439054250717163
0567_LITTLE_BUCK,0726,383,293,45.01667297363864,-120.67060125446055,0.9953562617301941
0567_LITTLE_BUCK,0726,837,809,44.894203392404435,-120.47381228358357,0.9976643323898315
0567_LITTLE_BUCK,0726,657,546,44.94275961403914,-120.5741136388949,0.9975287914276123
0567_LITTLE_BUCK,0726,449,216,44.998869025705915,-120.69996705050228,0.9928908348083496
0567_LITTLE_BUCK,0726,627,734,44.95085231764493,-120.50241533167615,0.9693030714988708
0567_LITTLE_BUCK,0726,676,734,44.937634235088815,-120.50241533167615,0.9979858994483948
0567_LITTLE_BUCK,0726,330,270,45.03097008334219,-120.67937285587561,0.9966074228286743
0567_LITTLE_BUCK,0726,136,449,45.08330289999293,-120.61110691442798,0.9990133047103882
0567_LITTLE_BUCK,0726,756,589,44.91605369214005,-120.55771455798848,0.9990543723106384
0567_LITTLE_BUCK,0726,823,848,44.89797998742047,-120.45893869857542,0.9942656755447388
0567_LITTLE_BUCK,0726,433,235,45.00318513429566,-120.69272094498548,0.9991083145141602
0567_LITTLE_BUCK,0726,783,576,44.90877025889485,-120.56267241965786,0.9774861335754395
0567_LITTLE_BUCK,0726,588,561,44.961372832332444,-120.56839302927638,0.9824435114860535
0567_LITTLE_BUCK,0726,149,443,45.07979606176376,-120.61339515827538,0.9991071820259094
0567_LITTLE_BUCK,0726,433,544,45.00318513429566,-120.57487638684404,0.9975647926330566
0567_LITTLE_BUCK,0726,304,490,45.03798375980054,-120.59547058147069,0.8944823145866394
0567_LITTLE_BUCK,0726,851,693,44.89042679738841,-120.51805166463343,0.9626997709274292
0567_LITTLE_BUCK,0726,824,816,44.89771023063361,-120.47114266576159,0.9975786209106445
0567_LITTLE_BUCK,0726,132,457,45.08438192714036,-120.60805592263144,0.9852041602134705
0567_LITTLE_BUCK,0726,896,795,44.87828774197973,-120.47915151922751,0.9997231364250183
0567_LITTLE_BUCK,0726,116,456,45.08869803573012,-120.608437296606,0.9868174195289612
0567_LITTLE_BUCK,0726,908,813,44.87505066053742,-120.47228678768529,0.9975818395614624
0567_LITTLE_BUCK,0726,560,349,44.96892602236451,-120.64924431188476,0.9978516697883606
0567_LITTLE_BUCK,0726,588,578,44.961372832332444,-120.56190967170873,0.980948269367218
0567_LITTLE_BUCK,0726,405,219,45.01073832432773,-120.69882292857858,0.9987001419067383
0567_LITTLE_BUCK,0726,576,616,44.96460991377476,-120.54741746067515,0.9730997681617737
0567_LITTLE_BUCK,0726,899,788,44.87747847161915,-120.4818211370495,0.9988837242126465
0567_LITTLE_BUCK,0726,855,839,44.88934777024097,-120.46237106434653,0.9952454566955566
0567_LITTLE_BUCK,0726,391,209,45.01451491934376,-120.70263666832425,0.9984980225563049
0567_LITTLE_BUCK,0726,928,705,44.86965552480023,-120.51347517693861,0.9973588585853577
0567_LITTLE_BUCK,0726,257,465,45.050662328782934,-120.6050049308349,0.98991459608078
0567_LITTLE_BUCK,0726,962,723,44.860483794047006,-120.50661044539639,0.9708853363990784
0567_LITTLE_BUCK,0726,657,682,44.94275961403914,-120.52224677835368,0.9983110427856445
0567_LITTLE_BUCK,0726,134,420,45.08384241356665,-120.62216675969044,0.9987419843673706
0567_LITTLE_BUCK,0726,396,557,45.01316613540946,-120.56991852517466,0.9976519346237183
0567_LITTLE_BUCK,0726,816,484,44.89986828492849,-120.5977588253181,0.9986699223518372
0567_LITTLE_BUCK,0726,252,449,45.05201111271723,-120.61110691442798,0.9840312600135803
0567_LITTLE_BUCK,0726,716,787,44.92684396361444,-120.48220251102406,0.997579038143158
0567_LITTLE_BUCK,0726,523,301,44.978907023478314,-120.66755026266401,0.8447883725166321
0567_LITTLE_BUCK,0726,484,568,44.989427538165835,-120.5657234114544,0.8642957806587219
0567_LITTLE_BUCK,0726,845,707,44.89204533810956,-120.51271242898947,0.9973893165588379
0567_LITTLE_BUCK,0726,529,307,44.97728848275715,-120.6652620188166,0.9136887788772583
0567_LITTLE_BUCK,0726,40,342,45.10919955153144,-120.65191392970674,0.6796753406524658
0567_LITTLE_BUCK,0726,782,846,44.90904001568171,-120.45970144652455,0.971278965473175
0567_LITTLE_BUCK,0726,829,477,44.896361446699316,-120.60042844314007,0.9954230785369873
0567_LITTLE_BUCK,0726,251,497,45.05228086950409,-120.59280096364873,0.8361971974372864
0567_LITTLE_BUCK,0726,288,279,45.04229986839029,-120.67594049010451,0.9786601066589355
0567_LITTLE_BUCK,0726,210,327,45.06334089776533,-120.65763453932524,0.9949995279312134
0567_LITTLE_BUCK,0726,81,329,45.0981395232702,-120.65687179137612,0.9337148666381836
0567_LITTLE_BUCK,0726,645,489,44.945996695481455,-120.59585195544527,0.9980618953704834
0567_LITTLE_BUCK,0726,367,584,45.02098908222839,-120.55962142786132,0.9105596542358398
0567_LITTLE_BUCK,0726,467,595,44.994013403542446,-120.55542631414107,0.7930488586425781
0567_LITTLE_BUCK,0726,928,721,44.86965552480023,-120.50737319334553,0.9982588291168213
0567_LITTLE_BUCK,0726,383,521,45.01667297363864,-120.58364798825909,0.9970921277999878
0567_LITTLE_BUCK,0726,47,347,45.10731125402342,-120.6500070598339,0.9733622670173645
0567_LITTLE_BUCK,0726,355,250,45.024226163670704,-120.68700033536697,0.9982059001922607
0567_LITTLE_BUCK,0726,401,303,45.011817351475166,-120.66678751471487,0.9941308498382568
0567_LITTLE_BUCK,0726,846,809,44.891775581322705,-120.47381228358357,0.9962016940116882
0567_LITTLE_BUCK,0726,692,813,44.93331812649906,-120.47228678768529,0.9604358077049255
0567_LITTLE_BUCK,0726,838,489,44.89393363561758,-120.59585195544527,0.9902517795562744
0567_LITTLE_BUCK,0726,417,177,45.00750124288542,-120.71484063551043,0.8174652457237244
0567_LITTLE_BUCK,0726,605,638,44.95678696695584,-120.53902723323466,0.9976727962493896
0567_LITTLE_BUCK,0726,917,835,44.87262284945568,-120.4638965602448,0.9596350789070129
0567_LITTLE_BUCK,0726,175,479,45.07278238530541,-120.59966569519094,0.6088046431541443
0567_LITTLE_BUCK,0726,74,422,45.100027820778216,-120.6214040117413,0.9823988676071167
0567_LITTLE_BUCK,0726,137,412,45.083033143206066,-120.62521775148699,0.9984924793243408
0567_LITTLE_BUCK,0726,116,320,45.08869803573012,-120.66030415714722,0.9993737936019897
0567_LITTLE_BUCK,0726,149,349,45.07979606176376,-120.64924431188476,0.997664749622345
0567_LITTLE_BUCK,0726,692,430,44.93331812649906,-120.61835301994476,0.9974198937416077
0567_LITTLE_BUCK,0726,140,387,45.08222387284549,-120.63475210085117,0.9988492131233215
0567_LITTLE_BUCK,0726,255,463,45.051201842356654,-120.60576767878402,0.9846358299255371
0567_LITTLE_BUCK,0726,640,382,44.94734547941575,-120.63665897072401,0.9971917867660522
0567_LITTLE_BUCK,0726,845,844,44.89204533810956,-120.46046419447369,0.9904830455780029
0567_LITTLE_BUCK,0726,322,448,45.033128137637064,-120.61148828840254,0.997898280620575
0567_LITTLE_BUCK,0726,445,219,44.99994805285335,-120.69882292857858,0.9945888519287109
0567_LITTLE_BUCK,0726,641,419,44.947075722628895,-120.622548133665,0.9984229803085327
0567_LITTLE_BUCK,0726,431,235,45.00372464786938,-120.69272094498548,0.9995532035827637
0567_LITTLE_BUCK,0726,798,706,44.904723907091956,-120.51309380296405,0.970288872718811
0567_LITTLE_BUCK,0726,593,545,44.96002404839815,-120.57449501286946,0.9276459217071533
0567_LITTLE_BUCK,0726,285,487,45.043109138750864,-120.5966147033944,0.9384172558784485
0567_LITTLE_BUCK,0726,405,521,45.01073832432773,-120.58364798825909,0.997125506401062
0567_LITTLE_BUCK,0726,179,365,45.07170335815797,-120.64314232829167,0.9983116984367371
0567_LITTLE_BUCK,0726,413,628,45.00858027003285,-120.54284097298034,0.9143794178962708
0567_LITTLE_BUCK,0726,769,741,44.91254685391088,-120.49974571385418,0.9989555478096008
0567_LITTLE_BUCK,0726,252,496,45.05201111271723,-120.59318233762329,0.8067654967308044
0567_LITTLE_BUCK,0726,779,626,44.90984928604229,-120.54360372092947,0.9018072485923767
0567_LITTLE_BUCK,0726,472,240,44.99266461960815,-120.69081407511266,0.9788788557052612
0567_LITTLE_BUCK,0726,295,285,45.04041157088227,-120.67365224625709,0.9821469187736511
0567_LITTLE_BUCK,0726,585,620,44.96218210269303,-120.54589196477689,0.9974254369735718
0567_LITTLE_BUCK,0726,918,805,44.872353092668824,-120.47533777948183,0.9975550174713135
0567_LITTLE_BUCK,0726,837,460,44.894203392404435,-120.60691180070773,0.8039566278457642
0567_LITTLE_BUCK,0726,579,569,44.96380064341418,-120.56534203747984,0.9645897150039673
0567_LITTLE_BUCK,0726,481,560,44.99023680852641,-120.56877440325096,0.9340502619743347
0567_LITTLE_BUCK,0726,800,826,44.904184393518236,-120.46732892601591,0.9524512887001038
0567_LITTLE_BUCK,0726,801,806,44.90391463673138,-120.47495640550727,0.9972665309906006
0567_LITTLE_BUCK,0726,249,438,45.05282038307781,-120.61530202814822,0.9817705154418945
0567_LITTLE_BUCK,0726,803,725,44.90337512315766,-120.50584769744727,0.9978508353233337
0567_LITTLE_BUCK,0726,968,736,44.858865253325845,-120.50165258372701,0.9973993301391602
0567_LITTLE_BUCK,0726,193,400,45.06792676314194,-120.6297942391818,0.9975287914276123
0567_LITTLE_BUCK,0726,950,801,44.86372087548932,-120.47686327538011,0.9971060156822205
0567_LITTLE_BUCK,0726,420,210,45.00669197252484,-120.70225529434968,0.9961899518966675
0567_LITTLE_BUCK,0726,252,351,45.05201111271723,-120.64848156393562,0.9975548982620239
0567_LITTLE_BUCK,0726,656,694,44.943029370826004,-120.51767029065886,0.9981050491333008
0567_LITTLE_BUCK,0726,204,381,45.06495943848648,-120.63704034469859,0.9975309371948242
0567_LITTLE_BUCK,0726,250,497,45.05255062629095,-120.59280096364873,0.7794156670570374
0567_LITTLE_BUCK,0726,973,790,44.85751646939155,-120.48105838910035,0.738943338394165
0567_LITTLE_BUCK,0726,466,537,44.9942831603293,-120.577546004666,0.9975491166114807
0567_LITTLE_BUCK,0726,593,621,44.96002404839815,-120.54551059080231,0.9980645179748535
0567_LITTLE_BUCK,0726,76,353,45.099488307204496,-120.64771881598648,0.9989543557167053
0567_LITTLE_BUCK,0726,73,363,45.10029757756507,-120.64390507624081,0.9988181591033936
0567_LITTLE_BUCK,0726,542,318,44.97378164452798,-120.66106690509636,0.9878702759742737
0567_LITTLE_BUCK,0726,642,538,44.94680596584204,-120.57716463069144,0.9956108927726746
0567_LITTLE_BUCK,0726,710,804,44.92846250433559,-120.4757191534564,0.98850417137146
0567_LITTLE_BUCK,0726,673,725,44.93844350544939,-120.50584769744727,0.9984384179115295
0567_LITTLE_BUCK,0726,131,360,45.08465168392723,-120.64504919816451,0.9976877570152283
0567_LITTLE_BUCK,0726,277,493,45.045267193045746,-120.59432645954699,0.7114920616149902
0567_LITTLE_BUCK,0726,469,536,44.993473889968726,-120.57792737864058,0.9975315928459167
0567_LITTLE_BUCK,0726,410,546,45.009389540393435,-120.5741136388949,0.9982340335845947
0567_LITTLE_BUCK,0726,751,697,44.91740247607435,-120.51652616873515,0.997904896736145
0567_LITTLE_BUCK,0726,826,720,44.89717071705989,-120.5077545673201,0.9980190396308899
0567_LITTLE_BUCK,0726,843,821,44.89258485168328,-120.46923579588875,0.992546021938324
0567_LITTLE_BUCK,0726,628,659,44.95058256085807,-120.53101837976874,0.9990939497947693
0567_LITTLE_BUCK,0726,412,558,45.008850026819715,-120.56953715120008,0.99827641248703
0567_LITTLE_BUCK,0726,145,295,45.08087508891119,-120.66983850651143,0.961043655872345
0567_LITTLE_BUCK,0726,785,836,44.908230745321134,-120.46351518627023,0.9950799942016602
0567_LITTLE_BUCK,0726,428,202,45.00453391822996,-120.70530628614623,0.9884187579154968
0567_LITTLE_BUCK,0726,628,624,44.95058256085807,-120.54436646887861,0.9979041218757629
0567_LITTLE_BUCK,0726,524,313,44.97863726669145,-120.6629737749692,0.9909770488739014
0567_LITTLE_BUCK,0726,273,305,45.04634622019318,-120.66602476676574,0.9778801202774048
0567_LITTLE_BUCK,0726,278,473,45.04499743625888,-120.60195393903835,0.9967712163925171
0567_LITTLE_BUCK,0726,675,438,44.93790399187567,-120.61530202814822,0.9980154037475586
0567_LITTLE_BUCK,0726,432,592,45.00345489108253,-120.55657043606477,0.9984300136566162
0567_LITTLE_BUCK,0726,411,173,45.00911978360657,-120.71636613140869,0.8446664214134216
0567_LITTLE_BUCK,0726,944,795,44.865339416210475,-120.47915151922751,0.9979323148727417
0567_LITTLE_BUCK,0726,374,569,45.01910078472037,-120.56534203747984,0.9937065243721008
0567_LITTLE_BUCK,0726,790,825,44.90688196138684,-120.46771029999047,0.9961041212081909
0567_LITTLE_BUCK,0726,490,602,44.987808997444674,-120.5527566963191,0.5335703492164612
0567_LITTLE_BUCK,0726,104,342,45.09193511717243,-120.65191392970674,0.9996408224105835
0567_LITTLE_BUCK,0726,748,439,44.918211746434935,-120.61492065417366,0.9977271556854248
0567_LITTLE_BUCK,0726,961,804,44.86075355083386,-120.4757191534564,0.968643307685852
0567_LITTLE_BUCK,0726,320,242,45.033667651210784,-120.69005132716352,0.9682585597038269
0567_LITTLE_BUCK,0726,636,677,44.94842450656319,-120.52415364822652,0.9979127645492554
0567_LITTLE_BUCK,0726,196,421,45.06711749278136,-120.62178538571587,0.9977009892463684
0567_LITTLE_BUCK,0726,716,862,44.92684396361444,-120.45359946293146,0.700282096862793
0567_LITTLE_BUCK,0726,588,664,44.961372832332444,-120.5291115098959,0.9886500835418701
0567_LITTLE_BUCK,0726,759,589,44.91524442177948,-120.55771455798848,0.9989432096481323
0567_LITTLE_BUCK,0726,401,511,45.011817351475166,-120.58746172800477,0.9966149926185608
0567_LITTLE_BUCK,0726,679,382,44.93682496472824,-120.63665897072401,0.5337396860122681
0567_LITTLE_BUCK,0726,514,313,44.981334834560045,-120.6629737749692,0.9961941242218018
0567_LITTLE_BUCK,0726,587,547,44.96164258911931,-120.57373226492032,0.965799868106842
0567_LITTLE_BUCK,0726,61,366,45.10353465900739,-120.6427609543171,0.9955081939697266
0567_LITTLE_BUCK,0726,59,311,45.10407417258111,-120.66373652291833,0.9200190305709839
0567_LITTLE_BUCK,0726,615,623,44.954089399087245,-120.54474784285317,0.9980019330978394
0567_LITTLE_BUCK,0726,133,448,45.08411217035351,-120.61148828840254,0.9991360306739807
0567_LITTLE_BUCK,0726,137,292,45.083033143206066,-120.67098262843513,0.8664496541023254
0567_LITTLE_BUCK,0726,85,394,45.097060496122765,-120.63208248302921,0.9997134804725647
0567_LITTLE_BUCK,0726,858,770,44.88853849988039,-120.4886858685917,0.9988300204277039
0567_LITTLE_BUCK,0726,137,421,45.083033143206066,-120.62178538571587,0.9988587498664856
0567_LITTLE_BUCK,0726,728,844,44.92360688217212,-120.46046419447369,0.6192328929901123
0567_LITTLE_BUCK,0726,825,797,44.89744047384675,-120.47838877127838,0.9990466237068176
0567_LITTLE_BUCK,0726,609,640,44.9557079398084,-120.53826448528552,0.9982008337974548
0567_LITTLE_BUCK,0726,682,434,44.936015694367654,-120.6168275240465,0.9978041052818298
0567_LITTLE_BUCK,0726,420,212,45.00669197252484,-120.70149254640054,0.9965544939041138
0567_LITTLE_BUCK,0726,384,182,45.01640321685178,-120.71293376563759,0.7953411340713501
0567_LITTLE_BUCK,0726,85,378,45.097060496122765,-120.63818446662229,0.9997681379318237
0567_LITTLE_BUCK,0726,949,711,44.86399063227618,-120.51118693309121,0.9805173277854919
0567_LITTLE_BUCK,0726,947,793,44.8645301458499,-120.47991426717665,0.9991942644119263
0567_LITTLE_BUCK,0726,797,815,44.90499366387882,-120.47152403973615,0.9834796190261841
0567_LITTLE_BUCK,0726,833,822,44.895282419551876,-120.46885442191419,0.9973156452178955
0567_LITTLE_BUCK,0726,448,575,44.99913878249277,-120.56305379363243,0.9971499443054199
0567_LITTLE_BUCK,0726,124,320,45.086539981435244,-120.66030415714722,0.999809741973877
0567_LITTLE_BUCK,0726,387,559,45.0155939464912,-120.56915577722552,0.9971488118171692
0567_LITTLE_BUCK,0726,223,443,45.05983405953616,-120.61339515827538,0.7893229126930237
0567_LITTLE_BUCK,0726,313,341,45.0355559487188,-120.6522953036813,0.9983024597167969
0567_LITTLE_BUCK,0726,711,842,44.928192747548735,-120.46122694242283,0.820646345615387
0567_LITTLE_BUCK,0726,590,723,44.96083331875873,-120.50661044539639,0.8815382122993469
0567_LITTLE_BUCK,0726,798,487,44.904723907091956,-120.5966147033944,0.9997041821479797
0567_LITTLE_BUCK,0726,936,700,44.86749747050535,-120.51538204681145,0.9108454585075378
0567_LITTLE_BUCK,0726,483,571,44.98969729495269,-120.5645792895307,0.5952059030532837
0567_LITTLE_BUCK,0726,250,385,45.05255062629095,-120.63551484880031,0.968424916267395
0567_LITTLE_BUCK,0726,368,557,45.02071932544153,-120.56991852517466,0.8407188057899475
0567_LITTLE_BUCK,0726,969,790,44.85859549653899,-120.48105838910035,0.9102113246917725
0567_LITTLE_BUCK,0726,509,285,44.98268361849435,-120.67365224625709,0.9605337977409363
0567_LITTLE_BUCK,0726,434,211,45.002915377508806,-120.70187392037512,0.9913748502731323
0567_LITTLE_BUCK,0726,675,756,44.93790399187567,-120.49402510423566,0.9865914583206177
0567_LITTLE_BUCK,0726,295,276,45.04041157088227,-120.67708461202821,0.9732365012168884
0567_LITTLE_BUCK,0726,930,788,44.86911601122651,-120.4818211370495,0.9821333289146423
0567_LITTLE_BUCK,0726,406,539,45.01046856754087,-120.57678325671688,0.9979640245437622
0567_LITTLE_BUCK,0726,604,363,44.957056723742696,-120.64390507624081,0.9898881912231445
0567_LITTLE_BUCK,0726,445,295,44.99994805285335,-120.66983850651143,0.9981181621551514
0567_LITTLE_BUCK,0726,627,701,44.95085231764493,-120.51500067283689,0.9984211921691895
0567_LITTLE_BUCK,0726,434,590,45.002915377508806,-120.55733318401391,0.9981887340545654
0567_LITTLE_BUCK,0726,603,623,44.95732648052955,-120.54474784285317,0.9983461499214172
0567_LITTLE_BUCK,0726,261,322,45.049583301635494,-120.65954140919808,0.9953097105026245
0567_LITTLE_BUCK,0726,409,184,45.00965929718029,-120.71217101768845,0.9778995513916016
0567_LITTLE_BUCK,0726,911,702,44.874241390176834,-120.51461929886231,0.9975194931030273
0567_LITTLE_BUCK,0726,961,754,44.86075355083386,-120.4947878521848,0.9995194673538208
0567_LITTLE_BUCK,0726,611,542,44.95516842623468,-120.57563913479316,0.8033213019371033
0567_LITTLE_BUCK,0726,971,755,44.85805598296527,-120.49440647821022,0.9916074275970459
0567_LITTLE_BUCK,0726,431,534,45.00372464786938,-120.5786901265897,0.9978201985359192
0567_LITTLE_BUCK,0726,618,621,44.95328012872666,-120.54551059080231,0.9977390170097351
0567_LITTLE_BUCK,0726,906,692,44.87559017411113,-120.518433038608,0.8845951557159424
0567_LITTLE_BUCK,0726,194,380,45.06765700635508,-120.63742171867315,0.9977231621742249
0567_LITTLE_BUCK,0726,437,216,45.00210610714823,-120.69996705050228,0.9956314563751221
0567_LITTLE_BUCK,0726,604,374,44.957056723742696,-120.63970996252056,0.9959574937820435
0567_LITTLE_BUCK,0726,593,646,44.96002404839815,-120.53597624143812,0.9938287734985352
0567_LITTLE_BUCK,0726,475,229,44.991855349247565,-120.6950091888329,0.5040101408958435
0567_LITTLE_BUCK,0726,161,450,45.076558980321444,-120.6107255404534,0.9978928565979004
0567_LITTLE_BUCK,0726,798,720,44.904723907091956,-120.5077545673201,0.9959337711334229
0567_LITTLE_BUCK,0726,788,520,44.90742147496055,-120.58402936223366,0.9998877644538879
0567_LITTLE_BUCK,0726,819,724,44.89905901456791,-120.50622907142183,0.9986698627471924
0567_LITTLE_BUCK,0726,608,377,44.955977696595255,-120.63856584059685,0.9978921413421631
0567_LITTLE_BUCK,0726,718,841,44.92630445004072,-120.46160831639739,0.9105103015899658
0567_LITTLE_BUCK,0726,576,355,44.96460991377476,-120.64695606803735,0.9981282353401184
0567_LITTLE_BUCK,0726,786,727,44.90796098853427,-120.50508494949813,0.9973962306976318
0567_LITTLE_BUCK,0726,436,292,45.002375863935086,-120.67098262843513,0.9980030655860901
0567_LITTLE_BUCK,0726,129,448,45.08519119750095,-120.61148828840254,0.9990837574005127
0567_LITTLE_BUCK,0726,928,704,44.86965552480023,-120.51385655091319,0.9970301389694214
0567_LITTLE_BUCK,0726,802,781,44.90364487994452,-120.48449075487146,0.9993535280227661
0567_LITTLE_BUCK,0726,466,235,44.9942831603293,-120.69272094498548,0.9905043840408325
0567_LITTLE_BUCK,0726,717,816,44.926574206827574,-120.47114266576159,0.9904088973999023
0567_LITTLE_BUCK,0726,252,439,45.05201111271723,-120.61492065417366,0.9694692492485046
0567_LITTLE_BUCK,0726,666,713,44.94033180295741,-120.51042418514207,0.998401403427124
0567_LITTLE_BUCK,0726,300,340,45.03906278694797,-120.65267667765586,0.9982431530952454
0567_LITTLE_BUCK,0726,265,267,45.04850427448805,-120.68051697779931,0.5454211235046387
0567_LITTLE_BUCK,0726,267,299,45.04796476091434,-120.66831301061315,0.78147292137146
0567_LITTLE_BUCK,0726,381,208,45.017212487212355,-120.70301804229882,0.9973884224891663
0567_LITTLE_BUCK,0726,796,715,44.905263420665676,-120.50966143719293,0.9886546730995178
0567_LITTLE_BUCK,0726,665,437,44.940601559744266,-120.61568340212278,0.9983541369438171
0567_LITTLE_BUCK,0726,405,503,45.01073832432773,-120.59051271980131,0.9963598251342773
0567_LITTLE_BUCK,0726,281,281,45.044188165898305,-120.67517774215537,0.9646440744400024
0567_LITTLE_BUCK,0726,49,321,45.1067717404497,-120.65992278317266,0.6566731333732605
0567_LITTLE_BUCK,0726,738,830,44.92090931430353,-120.46580343011765,0.8831312656402588
0567_LITTLE_BUCK,0726,601,608,44.95786599410327,-120.55046845247169,0.99270099401474
0567_LITTLE_BUCK,0726,571,548,44.965958697709056,-120.57335089094576,0.8836789727210999
0567_LITTLE_BUCK,0726,401,216,45.011817351475166,-120.69996705050228,0.9983819127082825
0567_LITTLE_BUCK,0726,310,463,45.03636521907938,-120.60576767878402,0.9963448643684387
0567_LITTLE_BUCK,0726,875,692,44.88395263450378,-120.518433038608,0.9545356035232544
0567_LITTLE_BUCK,0726,400,544,45.01208710826203,-120.57487638684404,0.9980064034461975
0567_LITTLE_BUCK,0726,65,430,45.102455631859954,-120.61835301994476,0.9482328295707703
0567_LITTLE_BUCK,0726,799,725,44.9044541503051,-120.50584769744727,0.9977596998214722
0567_LITTLE_BUCK,0726,255,378,45.051201842356654,-120.63818446662229,0.9882208108901978
0567_LITTLE_BUCK,0726,50,377,45.106501983662845,-120.63856584059685,0.9407265782356262
0567_LITTLE_BUCK,0726,581,698,44.96326112984046,-120.51614479476059,0.9242604970932007
0567_LITTLE_BUCK,0726,441,230,45.00102708000079,-120.69462781485832,0.997982919216156
0567_LITTLE_BUCK,0726,314,298,45.035286191931945,-120.66869438458771,0.9959525465965271
0567_LITTLE_BUCK,0726,242,468,45.054708680585826,-120.6038608089112,0.973700761795044
0567_LITTLE_BUCK,0726,681,425,44.93628545115452,-120.6202598898176,0.9975367188453674
0567_LITTLE_BUCK,0726,135,390,45.083572656779786,-120.63360797892747,0.9988797307014465
0567_LITTLE_BUCK,0726,89,332,45.095981468975324,-120.6557276694524,0.9971497058868408
0567_LITTLE_BUCK,0726,641,556,44.947075722628895,-120.57029989914922,0.9983507990837097
0567_LITTLE_BUCK,0726,80,286,45.09840928005706,-120.67327087228253,0.6942417025566101
0567_LITTLE_BUCK,0726,366,287,45.02125883901525,-120.67288949830797,0.9975287914276123
0567_LITTLE_BUCK,0726,689,758,44.93412739685964,-120.49326235628652,0.9978501200675964
0567_LITTLE_BUCK,0726,425,288,45.005343188590544,-120.67250812433339,0.997774064540863
0567_LITTLE_BUCK,0726,803,701,44.90337512315766,-120.51500067283689,0.9552404880523682
0567_LITTLE_BUCK,0726,246,307,45.053629653438385,-120.6652620188166,0.9657151699066162
0567_LITTLE_BUCK,0726,457,585,44.99671097141104,-120.55924005388675,0.9711001515388489
0567_LITTLE_BUCK,0726,622,701,44.95220110157923,-120.51500067283689,0.9978811144828796
0567_LITTLE_BUCK,0726,113,377,45.089507306090695,-120.63856584059685,0.9985786080360413
0567_LITTLE_BUCK,0726,257,307,45.050662328782934,-120.6652620188166,0.971396267414093
0567_LITTLE_BUCK,0726,615,371,44.954089399087245,-120.64085408444427,0.9965509176254272
0567_LITTLE_BUCK,0726,937,761,44.86722771371849,-120.49211823436282,0.9997811913490295
0567_LITTLE_BUCK,0726,563,366,44.96811675200394,-120.6427609543171,0.998019278049469
0567_LITTLE_BUCK,0726,912,701,44.87397163338998,-120.51500067283689,0.9972530603408813
0567_LITTLE_BUCK,0726,764,724,44.91389563784518,-120.50622907142183,0.9979321360588074
0567_LITTLE_BUCK,0726,151,320,45.07925654819004,-120.66030415714722,0.9977079629898071
0567_LITTLE_BUCK,0726,768,715,44.91281661069774,-120.50966143719293,0.9978663921356201
0567_LITTLE_BUCK,0726,778,588,44.910119042829145,-120.55809593196305,0.8729349970817566
0567_LITTLE_BUCK,0726,639,488,44.947615236202616,-120.59623332941983,0.998248279094696
0567_LITTLE_BUCK,0726,689,789,44.93412739685964,-120.48143976307492,0.9580217003822327
0567_LITTLE_BUCK,0726,144,379,45.081144845698056,-120.63780309264773,0.9993762373924255
0567_LITTLE_BUCK,0726,593,594,44.96002404839815,-120.55580768811565,0.9976623058319092
0567_LITTLE_BUCK,0726,670,433,44.93925277580997,-120.61720889802106,0.9978551864624023
0567_LITTLE_BUCK,0726,783,801,44.90877025889485,-120.47686327538011,0.9992825388908386
0567_LITTLE_BUCK,0726,183,482,45.070624331010535,-120.59852157326723,0.6098235845565796
0567_LITTLE_BUCK,0726,502,265,44.98457191600236,-120.68127972574845,0.955563485622406
0567_LITTLE_BUCK,0726,772,721,44.911737583550305,-120.50737319334553,0.9975287914276123
0567_LITTLE_BUCK,0726,459,535,44.99617145783732,-120.57830875261514,0.997607409954071
0567_LITTLE_BUCK,0726,399,544,45.012356865048886,-120.57487638684404,0.9979156255722046
0567_LITTLE_BUCK,0726,597,670,44.95894502125071,-120.5268232660485,0.9973148107528687
0567_LITTLE_BUCK,0726,351,239,45.025305190818145,-120.69119544908722,0.9973378777503967
0567_LITTLE_BUCK,0726,104,272,45.09193511717243,-120.67861010792647,0.6653420329093933
0567_LITTLE_BUCK,0726,686,357,44.93493666722022,-120.64619332008822,0.7886172533035278
0567_LITTLE_BUCK,0726,940,770,44.866418443357915,-120.4886858685917,0.999796986579895
0567_LITTLE_BUCK,0726,257,427,45.050662328782934,-120.61949714186846,0.9961622953414917
0567_LITTLE_BUCK,0726,261,367,45.049583301635494,-120.64237958034253,0.9975594282150269
0567_LITTLE_BUCK,0726,765,723,44.91362588105832,-120.50661044539639,0.9979996681213379
0567_LITTLE_BUCK,0726,578,694,44.964070400201045,-120.51767029065886,0.9284173846244812
0567_LITTLE_BUCK,0726,235,380,45.05659697809384,-120.63742171867315,0.9879934787750244
0567_LITTLE_BUCK,0726,575,355,44.96487967056162,-120.64695606803735,0.998356282711029
0567_LITTLE_BUCK,0726,742,811,44.91983028715609,-120.47304953563443,0.997974693775177
0567_LITTLE_BUCK,0726,586,669,44.961912345906164,-120.52720464002306,0.9944870471954346
0567_LITTLE_BUCK,0726,368,224,45.02071932544153,-120.69691605870574,0.997975766658783
0567_LITTLE_BUCK,0726,120,338,45.08761900858268,-120.653439425605,0.9992280602455139
0567_LITTLE_BUCK,0726,72,305,45.100567334351936,-120.66602476676574,0.9312424063682556
0567_LITTLE_BUCK,0726,409,196,45.00965929718029,-120.70759452999363,0.9940392374992371
0567_LITTLE_BUCK,0726,750,454,44.917672232861214,-120.60920004455514,0.9990321397781372
0567_LITTLE_BUCK,0726,286,443,45.04283938196401,-120.61339515827538,0.9981149435043335
0567_LITTLE_BUCK,0726,436,213,45.002375863935086,-120.70111117242598,0.9946053624153137
0567_LITTLE_BUCK,0726,940,767,44.866418443357915,-120.48982999051542,0.9998660683631897
0567_LITTLE_BUCK,0726,47,362,45.10731125402342,-120.64428645021538,0.8753770589828491
0567_LITTLE_BUCK,0726,99,268,45.09328390110673,-120.68013560382475,0.5149043202400208
0567_LITTLE_BUCK,0726,350,542,45.025574947605,-120.57563913479316,0.956956148147583
0567_LITTLE_BUCK,0726,249,398,45.05282038307781,-120.63055698713093,0.9919936060905457
0567_LITTLE_BUCK,0726,450,615,44.99859926891905,-120.54779883464973,0.9700436592102051
0567_LITTLE_BUCK,0726,265,475,45.04850427448805,-120.60119119108921,0.9915783405303955
0567_LITTLE_BUCK,0726,649,675,44.94491766833402,-120.52491639617566,0.9984205961227417
0567_LITTLE_BUCK,0726,874,676,44.884222391290635,-120.52453502220108,0.6393063068389893
0567_LITTLE_BUCK,0726,339,279,45.02854227226045,-120.67594049010451,0.9973652362823486
0567_LITTLE_BUCK,0726,457,216,44.99671097141104,-120.69996705050228,0.9864174127578735
0567_LITTLE_BUCK,0726,416,556,45.007770999672275,-120.57029989914922,0.9982898831367493
0567_LITTLE_BUCK,0726,656,403,44.943029370826004,-120.62865011725809,0.9979135990142822
0567_LITTLE_BUCK,0726,893,789,44.87909701234031,-120.48143976307492,0.9991729855537415
0567_LITTLE_BUCK,0726,612,642,44.95489866944782,-120.53750173733638,0.9982143044471741
0567_LITTLE_BUCK,0726,222,304,45.060103816323014,-120.6664061407403,0.9667443037033081
0567_LITTLE_BUCK,0726,616,716,44.95381964230038,-120.50928006321837,0.9940975904464722
0567_LITTLE_BUCK,0726,259,404,45.050122815209214,-120.62826874328353,0.9957544207572937
0567_LITTLE_BUCK,0726,92,422,45.09517219861475,-120.6214040117413,0.9977648258209229
0567_LITTLE_BUCK,0726,261,304,45.049583301635494,-120.6664061407403,0.9648670554161072
0567_LITTLE_BUCK,0726,796,767,44.905263420665676,-120.48982999051542,0.9989979267120361
0567_LITTLE_BUCK,0726,63,398,45.10299514543367,-120.63055698713093,0.7453723549842834
0567_LITTLE_BUCK,0726,223,394,45.05983405953616,-120.63208248302921,0.9969869256019592
0567_LITTLE_BUCK,0726,164,410,45.07574970996086,-120.62598049943612,0.9979420304298401
0567_LITTLE_BUCK,0726,766,642,44.91335612427146,-120.53750173733638,0.9984703063964844
0567_LITTLE_BUCK,0726,151,310,45.07925654819004,-120.6641178968929,0.9953485131263733
0567_LITTLE_BUCK,0726,197,295,45.0668477359945,-120.66983850651143,0.9347819685935974
0567_LITTLE_BUCK,0726,736,448,44.92144882787724,-120.61148828840254,0.9984056353569031
0567_LITTLE_BUCK,0726,588,358,44.961372832332444,-120.64581194611365,0.8781193494796753
0567_LITTLE_BUCK,0726,788,837,44.90742147496055,-120.46313381229567,0.9927784204483032
0567_LITTLE_BUCK,0726,757,443,44.9157839353532,-120.61339515827538,0.9935689568519592
0567_LITTLE_BUCK,0726,449,585,44.998869025705915,-120.55924005388675,0.9953780770301819
0567_LITTLE_BUCK,0726,568,586,44.96676796806964,-120.55885867991219,0.6594449281692505
0567_LITTLE_BUCK,0726,789,802,44.907151718173694,-120.47648190140553,0.999729335308075
0567_LITTLE_BUCK,0726,458,618,44.99644121462418,-120.54665471272601,0.9577909111976624
0567_LITTLE_BUCK,0726,215,314,45.06199211383103,-120.66259240099463,0.9689745306968689
0567_LITTLE_BUCK,0726,477,554,44.991315835673845,-120.57106264709836,0.7379852533340454
0567_LITTLE_BUCK,0726,341,283,45.02800275868674,-120.67441499420623,0.997062623500824
0567_LITTLE_BUCK,0726,103,283,45.09220487395929,-120.67441499420623,0.8243148326873779
0567_LITTLE_BUCK,0726,654,685,44.943568884399724,-120.52110265642997,0.9984108209609985
0567_LITTLE_BUCK,0726,486,545,44.988888024592114,-120.57449501286946,0.9766675233840942
0567_LITTLE_BUCK,0726,219,394,45.06091308668359,-120.63208248302921,0.9971967339515686
0567_LITTLE_BUCK,0726,86,453,45.0967907393359,-120.6095814185297,0.8609726428985596
0567_LITTLE_BUCK,0726,137,387,45.083033143206066,-120.63475210085117,0.9987804293632507
0567_LITTLE_BUCK,0726,906,703,44.87559017411113,-120.51423792488775,0.9976341724395752
0567_LITTLE_BUCK,0726,144,462,45.081144845698056,-120.6061490527586,0.9100871086120605
0567_LITTLE_BUCK,0726,839,799,44.89366387883072,-120.47762602332924,0.9987936615943909
0567_LITTLE_BUCK,0726,612,536,44.95489866944782,-120.57792737864058,0.9295020699501038
0567_LITTLE_BUCK,0726,276,392,45.0455369498326,-120.63284523097835,0.997572660446167
0567_LITTLE_BUCK,0726,663,546,44.941141073317986,-120.5741136388949,0.9975986480712891
0567_LITTLE_BUCK,0726,172,410,45.073591655665986,-120.62598049943612,0.9977960586547852
0567_LITTLE_BUCK,0726,388,569,45.015324189704344,-120.56534203747984,0.9970421195030212
0567_LITTLE_BUCK,0726,156,385,45.07790776425574,-120.63551484880031,0.9985204935073853
0567_LITTLE_BUCK,0726,455,579,44.997250484984754,-120.56152829773416,0.9944620132446289
0567_LITTLE_BUCK,0726,882,693,44.88206433699576,-120.51805166463343,0.8696817755699158
0567_LITTLE_BUCK,0726,811,459,44.901217068862785,-120.6072931746823,0.996259331703186
0567_LITTLE_BUCK,0726,308,283,45.0369047326531,-120.67441499420623,0.99494868516922
0567_LITTLE_BUCK,0726,139,316,45.08249362963235,-120.6618296530455,0.9988356828689575
0567_LITTLE_BUCK,0726,762,854,44.9144351514189,-120.456650454728,0.5738233327865601
0567_LITTLE_BUCK,0726,248,435,45.053090139864665,-120.61644615007192,0.9839670658111572
0567_LITTLE_BUCK,0726,496,295,44.98619045672352,-120.66983850651143,0.9965083599090576
0567_LITTLE_BUCK,0726,248,478,45.053090139864665,-120.60004706916551,0.9296678304672241
0567_LITTLE_BUCK,0726,81,271,45.0981395232702,-120.67899148190105,0.5657148957252502
0567_LITTLE_BUCK,0726,474,531,44.99212510603443,-120.57983424851342,0.9973689913749695
0567_LITTLE_BUCK,0726,153,422,45.07871703461632,-120.6214040117413,0.9988375902175903
0567_LITTLE_BUCK,0726,92,450,45.09517219861475,-120.6107255404534,0.9290524125099182
0567_LITTLE_BUCK,0726,899,853,44.87747847161915,-120.45703182870258,0.874903678894043
0567_LITTLE_BUCK,0726,618,695,44.95328012872666,-120.5172889166843,0.9977684020996094
0567_LITTLE_BUCK,0726,89,297,45.095981468975324,-120.66907575856229,0.9022290706634521
0567_LITTLE_BUCK,0726,640,526,44.94734547941575,-120.58174111838625,0.9973744750022888
0567_LITTLE_BUCK,0726,852,819,44.890157040601544,-120.46999854383789,0.9893947243690491
0567_LITTLE_BUCK,0726,776,625,44.910658556402865,-120.54398509490404,0.9834485054016113
0567_LITTLE_BUCK,0726,903,831,44.876399444471716,-120.46542205614307,0.9896950721740723
0567_LITTLE_BUCK,0726,757,858,44.9157839353532,-120.45512495882974,0.8809489011764526
0567_LITTLE_BUCK,0726,365,528,45.02152859580211,-120.58097837043712,0.9958539009094238
0567_LITTLE_BUCK,0726,855,813,44.88934777024097,-120.47228678768529,0.9811682105064392
0567_LITTLE_BUCK,0726,877,827,44.88341312093006,-120.46694755204135,0.8300799131393433
0567_LITTLE_BUCK,0726,593,640,44.96002404839815,-120.53826448528552,0.9919084906578064
0567_LITTLE_BUCK,0726,942,706,44.865878929784195,-120.51309380296405,0.9896888136863708
0567_LITTLE_BUCK,0726,295,279,45.04041157088227,-120.67594049010451,0.9864723086357117
0567_LITTLE_BUCK,0726,431,295,45.00372464786938,-120.66983850651143,0.9975930452346802
0567_LITTLE_BUCK,0726,612,354,44.95489866944782,-120.64733744201192,0.8733739256858826
0567_LITTLE_BUCK,0726,174,373,45.073052142092266,-120.64009133649513,0.998176634311676
0567_LITTLE_BUCK,0726,699,825,44.93142982899104,-120.46771029999047,0.9694210886955261
0567_LITTLE_BUCK,0726,945,811,44.86506965942362,-120.47304953563443,0.984524667263031
0567_LITTLE_BUCK,0726,707,445,44.92927177469617,-120.61263241032624,0.9976803660392761
0567_LITTLE_BUCK,0726,434,568,45.002915377508806,-120.5657234114544,0.9984164237976074
0567_LITTLE_BUCK,0726,365,587,45.02152859580211,-120.55847730593761,0.9211820363998413
0567_LITTLE_BUCK,0726,457,226,44.99671097141104,-120.6961533107566,0.9954455494880676
0567_LITTLE_BUCK,0726,378,180,45.01802175757294,-120.71369651358671,0.7633522748947144
0567_LITTLE_BUCK,0726,659,727,44.94222010046543,-120.50508494949813,0.9973561763763428
0567_LITTLE_BUCK,0726,583,348,44.96272161626674,-120.64962568585932,0.9817010760307312
0567_LITTLE_BUCK,0726,635,529,44.94869426335005,-120.58059699646255,0.9968087673187256
0567_LITTLE_BUCK,0726,768,657,44.91281661069774,-120.53178112771788,0.9961268901824951
0567_LITTLE_BUCK,0726,259,309,45.050122815209214,-120.66449927086747,0.9676868915557861
0567_LITTLE_BUCK,0726,416,531,45.007770999672275,-120.57983424851342,0.9976116418838501
0567_LITTLE_BUCK,0726,236,302,45.05632722130698,-120.66716888868945,0.917506754398346
0567_LITTLE_BUCK,0726,716,437,44.92684396361444,-120.61568340212278,0.9951780438423157
0567_LITTLE_BUCK,0726,884,698,44.88152482342204,-120.51614479476059,0.9863452315330505
0567_LITTLE_BUCK,0726,184,424,45.07035457422367,-120.62064126379217,0.9982488751411438
0567_LITTLE_BUCK,0726,712,826,44.92792299076187,-120.46732892601591,0.9764828681945801
0567_LITTLE_BUCK,0726,626,542,44.95112207443179,-120.57563913479316,0.9866281151771545
0567_LITTLE_BUCK,0726,365,297,45.02152859580211,-120.66907575856229,0.9975427985191345
0567_LITTLE_BUCK,0726,799,807,44.9044541503051,-120.4745750315327,0.9947420358657837
0567_LITTLE_BUCK,0726,724,836,44.92468590931956,-120.46351518627023,0.8548112511634827
0567_LITTLE_BUCK,0726,620,359,44.95274061515294,-120.64543057213908,0.9180558919906616
0567_LITTLE_BUCK,0726,366,541,45.02125883901525,-120.57602050876774,0.9292770624160767
0567_LITTLE_BUCK,0726,398,593,45.01262662183575,-120.55618906209021,0.9940020442008972
0567_LITTLE_BUCK,0726,604,377,44.957056723742696,-120.63856584059685,0.9975870251655579
0567_LITTLE_BUCK,0726,125,357,45.08627022464838,-120.64619332008822,0.998545229434967
0567_LITTLE_BUCK,0726,663,383,44.941141073317986,-120.63627759674945,0.9858916997909546
0567_LITTLE_BUCK,0726,201,310,45.06576870884706,-120.6641178968929,0.8701664209365845
0567_LITTLE_BUCK,0726,322,284,45.033128137637064,-120.67403362023167,0.9972459077835083
0567_LITTLE_BUCK,0726,693,413,44.9330483697122,-120.62483637751242,0.8229572772979736
0567_LITTLE_BUCK,0726,153,406,45.07871703461632,-120.62750599533439,0.9979473948478699
0567_LITTLE_BUCK,0726,202,345,45.0654989520602,-120.65076980778302,0.9947968125343323
0567_LITTLE_BUCK,0726,802,521,44.90364487994452,-120.58364798825909,0.9999876618385315
0567_LITTLE_BUCK,0726,632,382,44.94950353371063,-120.63665897072401,0.9981940388679504
0567_LITTLE_BUCK,0726,396,170,45.01316613540946,-120.71751025333239,0.6124129295349121
0567_LITTLE_BUCK,0726,956,728,44.86210233476816,-120.50470357552355,0.9980352520942688
0567_LITTLE_BUCK,0726,738,861,44.92090931430353,-120.45398083690604,0.8911277055740356
0567_LITTLE_BUCK,0726,439,631,45.00156659357451,-120.54169685105663,0.7784329652786255
0567_LITTLE_BUCK,0726,888,838,44.88044579627461,-120.4627524383211,0.9698279500007629
0567_LITTLE_BUCK,0726,906,806,44.87559017411113,-120.47495640550727,0.9986134767532349
0567_LITTLE_BUCK,0726,286,439,45.04283938196401,-120.61492065417366,0.9985324740409851
0567_LITTLE_BUCK,0726,653,693,44.94383864118658,-120.51805166463343,0.9983229041099548
0567_LITTLE_BUCK,0726,366,598,45.02125883901525,-120.55428219221737,0.6927751302719116
0567_LITTLE_BUCK,0726,775,834,44.91092831318973,-120.46427793421937,0.9888049960136414
0567_LITTLE_BUCK,0726,382,294,45.0169427304255,-120.67021988048599,0.9950497150421143
0567_LITTLE_BUCK,0726,684,794,44.93547618079394,-120.47953289320208,0.9215283989906311
0567_LITTLE_BUCK,0726,517,295,44.98052556419947,-120.66983850651143,0.929980993270874
0567_LITTLE_BUCK,0726,358,191,45.02341689331013,-120.70950139986647,0.9569369554519653
0567_LITTLE_BUCK,0726,606,625,44.956517210168975,-120.54398509490404,0.9965395331382751
0567_LITTLE_BUCK,0726,902,849,44.87666920125857,-120.45855732460085,0.9166476130485535
0567_LITTLE_BUCK,0726,356,311,45.02395640688385,-120.66373652291833,0.9980122447013855
0567_LITTLE_BUCK,0726,642,703,44.94680596584204,-120.51423792488775,0.9981100559234619
0567_LITTLE_BUCK,0726,807,522,44.902296096010225,-120.58326661428453,0.9999368786811829
0567_LITTLE_BUCK,0726,897,695,44.87801798519287,-120.5172889166843,0.9675575494766235
0567_LITTLE_BUCK,0726,675,425,44.93790399187567,-120.6202598898176,0.9977118372917175
0567_LITTLE_BUCK,0726,294,342,45.040681327669134,-120.65191392970674,0.9978885054588318
0567_LITTLE_BUCK,0726,159,323,45.07709849389516,-120.65916003522352,0.9971303939819336
0567_LITTLE_BUCK,0726,395,593,45.01343589219633,-120.55618906209021,0.9934381246566772
0567_LITTLE_BUCK,0726,255,406,45.051201842356654,-120.62750599533439,0.9959196448326111
0567_LITTLE_BUCK,0726,684,756,44.93547618079394,-120.49402510423566,0.9967465996742249
0567_LITTLE_BUCK,0726,958,795,44.86156282119444,-120.47915151922751,0.9960869550704956
0567_LITTLE_BUCK,0726,219,407,45.06091308668359,-120.62712462135983,0.9959409236907959
0567_LITTLE_BUCK,0726,777,460,44.91038879961601,-120.60691180070773,0.9958145022392273
0567_LITTLE_BUCK,0726,442,627,45.00075732321393,-120.5432223469549,0.885102391242981
0567_LITTLE_BUCK,0726,74,453,45.100027820778216,-120.6095814185297,0.9400779008865356
0567_LITTLE_BUCK,0726,282,302,45.04391840911145,-120.66716888868945,0.9457887411117554
0567_LITTLE_BUCK,0726,195,447,45.06738724956822,-120.61186966237712,0.9979597330093384
0567_LITTLE_BUCK,0726,61,396,45.10353465900739,-120.63131973508007,0.5091679096221924
0567_LITTLE_BUCK,0726,157,477,45.07763800746888,-120.60042844314007,0.5011323690414429
0567_LITTLE_BUCK,0726,197,340,45.0668477359945,-120.65267667765586,0.9649839997291565
0567_LITTLE_BUCK,0726,690,806,44.93385764007278,-120.47495640550727,0.8931193351745605
0567_LITTLE_BUCK,0726,562,342,44.96838650879079,-120.65191392970674,0.9973634481430054
0567_LITTLE_BUCK,0726,673,434,44.93844350544939,-120.6168275240465,0.9977280497550964
0567_LITTLE_BUCK,0726,421,203,45.00642221573798,-120.70492491217166,0.9944865107536316
0567_LITTLE_BUCK,0726,977,786,44.856437442244115,-120.48258388499862,0.5133203268051147
0567_LITTLE_BUCK,0726,207,407,45.064150168125906,-120.62712462135983,0.9974425435066223
0567_LITTLE_BUCK,0726,895,697,44.87855749876659,-120.51652616873515,0.9816434979438782
0567_LITTLE_BUCK,0726,132,323,45.08438192714036,-120.65916003522352,0.9998189210891724
0567_LITTLE_BUCK,0726,737,449,44.921179071090386,-120.61110691442798,0.9983953237533569
0567_LITTLE_BUCK,0726,254,483,45.05147159914351,-120.59814019929267,0.9219423532485962
0567_LITTLE_BUCK,0726,363,543,45.02206810937583,-120.5752577608186,0.8851886987686157
0567_LITTLE_BUCK,0726,194,356,45.06765700635508,-120.64657469406278,0.9975479245185852
0567_LITTLE_BUCK,0726,342,213,45.027733001899875,-120.70111117242598,0.9237408638000488
0567_LITTLE_BUCK,0726,372,193,45.01964029829409,-120.70873865191733,0.981406033039093
0567_LITTLE_BUCK,0726,724,442,44.92468590931956,-120.61377653224994,0.9981034398078918
0567_LITTLE_BUCK,0726,757,579,44.9157839353532,-120.56152829773416,0.9986887574195862
0567_LITTLE_BUCK,0726,896,723,44.87828774197973,-120.50661044539639,0.9991756081581116
0567_LITTLE_BUCK,0726,802,723,44.90364487994452,-120.50661044539639,0.9976869821548462
0567_LITTLE_BUCK,0726,837,848,44.894203392404435,-120.45893869857542,0.9838008284568787
0567_LITTLE_BUCK,0726,777,624,44.91038879961601,-120.54436646887861,0.9769417643547058
0567_LITTLE_BUCK,0726,98,418,45.09355365789359,-120.62292950763958,0.9979209303855896
0567_LITTLE_BUCK,0726,76,379,45.099488307204496,-120.63780309264773,0.9989883899688721
0567_LITTLE_BUCK,0726,326,226,45.03204911048963,-120.6961533107566,0.869879961013794
0567_LITTLE_BUCK,0726,241,413,45.05497843737268,-120.62483637751242,0.9749080538749695
0567_LITTLE_BUCK,0726,442,544,45.00075732321393,-120.57487638684404,0.998170018196106
0567_LITTLE_BUCK,0726,652,687,44.944108397973444,-120.52033990848084,0.9984769821166992
0567_LITTLE_BUCK,0726,321,287,45.03339789442393,-120.67288949830797,0.997600257396698
0567_LITTLE_BUCK,0726,85,336,45.097060496122765,-120.65420217355414,0.9963482022285461
0567_LITTLE_BUCK,0726,277,314,45.045267193045746,-120.66259240099463,0.9823433756828308
0567_LITTLE_BUCK,0726,408,578,45.00992905396715,-120.56190967170873,0.9976546168327332
0567_LITTLE_BUCK,0726,64,358,45.10272538864681,-120.64581194611365,0.9940798282623291
0567_LITTLE_BUCK,0726,922,828,44.87127406552138,-120.46656617806677,0.9904606342315674
0567_LITTLE_BUCK,0726,687,785,44.93466691043336,-120.4829652589732,0.9370898604393005
0567_LITTLE_BUCK,0726,74,441,45.100027820778216,-120.61415790622452,0.8944419622421265
0567_LITTLE_BUCK,0726,916,793,44.87289260624254,-120.47991426717665,0.9987350702285767
0567_LITTLE_BUCK,0726,854,696,44.88961752702783,-120.51690754270973,0.9726144075393677
0567_LITTLE_BUCK,0726,399,173,45.012356865048886,-120.71636613140869,0.6578949093818665
0567_LITTLE_BUCK,0726,214,450,45.06226187061789,-120.6107255404534,0.9918556213378906
0567_LITTLE_BUCK,0726,110,310,45.09031657645127,-120.6641178968929,0.9981587529182434
0567_LITTLE_BUCK,0726,237,373,45.05605746452012,-120.64009133649513,0.9878942370414734
0567_LITTLE_BUCK,0726,626,625,44.95112207443179,-120.54398509490404,0.9978142380714417
0567_LITTLE_BUCK,0726,407,629,45.01019881075401,-120.54245959900577,0.8108323812484741
0567_LITTLE_BUCK,0726,755,827,44.91632344892692,-120.46694755204135,0.9844663739204407
0567_LITTLE_BUCK,0726,866,771,44.886380445585516,-120.48830449461714,0.9986609816551208
0567_LITTLE_BUCK,0726,747,677,44.91848150322179,-120.52415364822652,0.9981248378753662
0567_LITTLE_BUCK,0726,265,495,45.04850427448805,-120.59356371159785,0.6939923763275146
0567_LITTLE_BUCK,0726,395,192,45.01343589219633,-120.7091200258919,0.9877248406410217
0567_LITTLE_BUCK,0726,399,586,45.012356865048886,-120.55885867991219,0.9958515763282776
0567_LITTLE_BUCK,0726,185,380,45.070084817436815,-120.63742171867315,0.9979488253593445
0567_LITTLE_BUCK,0726,580,563,44.963530886627325,-120.56763028132724,0.956477165222168
0567_LITTLE_BUCK,0726,461,551,44.9956319442636,-120.57220676902206,0.9959399700164795
0567_LITTLE_BUCK,0726,455,564,44.997250484984754,-120.56724890735268,0.9959700703620911
0567_LITTLE_BUCK,0726,643,675,44.946536209055175,-120.52491639617566,0.9980728626251221
0567_LITTLE_BUCK,0726,748,699,44.918211746434935,-120.51576342078603,0.9985172152519226
0567_LITTLE_BUCK,0726,155,336,45.0781775210426,-120.65420217355414,0.9962282180786133
0567_LITTLE_BUCK,0726,667,444,44.940062046170546,-120.61301378430082,0.9986528754234314
0567_LITTLE_BUCK,0726,965,713,44.85967452368643,-120.51042418514207,0.973910391330719
0567_LITTLE_BUCK,0726,156,367,45.07790776425574,-120.64237958034253,0.9976774454116821
0567_LITTLE_BUCK,0726,464,229,44.99482267390302,-120.6950091888329,0.9883375763893127
0567_LITTLE_BUCK,0726,837,776,44.894203392404435,-120.4863976247443,0.9991942644119263
0567_LITTLE_BUCK,0726,423,509,45.00588270216426,-120.58822447595391,0.9977335333824158
0567_LITTLE_BUCK,0726,809,710,44.901756582436505,-120.51156830706577,0.9891051650047302
0567_LITTLE_BUCK,0726,617,671,44.953549885513524,-120.52644189207392,0.9980482459068298
0567_LITTLE_BUCK,0726,893,770,44.87909701234031,-120.4886858685917,0.9985988140106201
0567_LITTLE_BUCK,0726,753,712,44.91686296250064,-120.51080555911665,0.9982233643531799
0567_LITTLE_BUCK,0726,282,310,45.04391840911145,-120.6641178968929,0.9217879772186279
0567_LITTLE_BUCK,0726,841,771,44.893124365257,-120.48830449461714,0.9987505674362183
0567_LITTLE_BUCK,0726,308,341,45.0369047326531,-120.6522953036813,0.9981434941291809
0567_LITTLE_BUCK,0726,292,279,45.041220841242854,-120.67594049010451,0.9873983860015869
0567_LITTLE_BUCK,0726,762,440,44.9144351514189,-120.61453928019908,0.5405546426773071
0567_LITTLE_BUCK,0726,246,357,45.053629653438385,-120.64619332008822,0.9918741583824158
0567_LITTLE_BUCK,0726,791,521,44.90661220459997,-120.58364798825909,0.9999281167984009
0567_LITTLE_BUCK,0726,973,723,44.85751646939155,-120.50661044539639,0.9275935292243958
0567_LITTLE_BUCK,0726,425,297,45.005343188590544,-120.66907575856229,0.9972265362739563
0567_LITTLE_BUCK,0726,642,405,44.94680596584204,-120.62788736930897,0.9986504316329956
0567_LITTLE_BUCK,0726,434,192,45.002915377508806,-120.7091200258919,0.7770674824714661
0567_LITTLE_BUCK,0726,951,782,44.86345111870246,-120.4841093808969,0.999182403087616
0567_LITTLE_BUCK,0726,573,600,44.96541918413534,-120.55351944426823,0.9589992761611938
0567_LITTLE_BUCK,0726,415,557,45.00804075645914,-120.56991852517466,0.9983070492744446
0567_LITTLE_BUCK,0726,89,429,45.095981468975324,-120.61873439391933,0.9959878921508789
0567_LITTLE_BUCK,0726,650,558,44.94464791154716,-120.56953715120008,0.9975765347480774
0567_LITTLE_BUCK,0726,696,813,44.93223909935163,-120.47228678768529,0.949148952960968
0567_LITTLE_BUCK,0726,972,751,44.85778622617841,-120.4959319741085,0.9863124489784241
0567_LITTLE_BUCK,0726,92,299,45.09517219861475,-120.66831301061315,0.7313299775123596
0567_LITTLE_BUCK,0726,855,699,44.88934777024097,-120.51576342078603,0.9820919632911682
0567_LITTLE_BUCK,0726,60,414,45.10380441579425,-120.62445500353785,0.9496251344680786
0567_LITTLE_BUCK,0726,588,567,44.961372832332444,-120.56610478542898,0.9923648238182068
0567_LITTLE_BUCK,0726,470,597,44.99320413318186,-120.55466356619193,0.6084232926368713
0567_LITTLE_BUCK,0726,844,696,44.892315094896425,-120.51690754270973,0.9898602366447449
0567_LITTLE_BUCK,0726,315,449,45.03501643514508,-120.61110691442798,0.997988760471344
0567_LITTLE_BUCK,0726,797,847,44.90499366387882,-120.45932007254999,0.966485857963562
0567_LITTLE_BUCK,0726,612,636,44.95489866944782,-120.5397899811838,0.9969767332077026
0567_LITTLE_BUCK,0726,129,288,45.08519119750095,-120.67250812433339,0.6175304055213928
0567_LITTLE_BUCK,0726,167,384,45.07494043960028,-120.63589622277489,0.998011589050293
0567_LITTLE_BUCK,0726,150,414,45.079526304976895,-120.62445500353785,0.9983819127082825
0567_LITTLE_BUCK,0726,257,391,45.050662328782934,-120.63322660495291,0.9812488555908203
0567_LITTLE_BUCK,0726,559,344,44.96919577915137,-120.6511511817576,0.9977075457572937
0567_LITTLE_BUCK,0726,492,272,44.98726948387095,-120.67861010792647,0.9861559867858887
0567_LITTLE_BUCK,0726,133,392,45.08411217035351,-120.63284523097835,0.9987515807151794
0567_LITTLE_BUCK,0726,728,842,44.92360688217212,-120.46122694242283,0.8703752160072327
0567_LITTLE_BUCK,0726,396,179,45.01316613540946,-120.71407788756129,0.7205648422241211
0567_LITTLE_BUCK,0726,845,715,44.89204533810956,-120.50966143719293,0.9977295398712158
0567_LITTLE_BUCK,0726,462,570,44.99536218747674,-120.56496066350527,0.9494505524635315
0567_LITTLE_BUCK,0726,326,286,45.03204911048963,-120.67327087228253,0.9968041777610779
0567_LITTLE_BUCK,0726,78,439,45.098948793630775,-120.61492065417366,0.8842288851737976
0567_LITTLE_BUCK,0726,831,706,44.895821933125596,-120.51309380296405,0.9982988834381104
0567_LITTLE_BUCK,0726,321,495,45.03339789442393,-120.59356371159785,0.8257449865341187
0567_LITTLE_BUCK,0726,671,579,44.93898301902311,-120.56152829773416,0.9985256195068359
0567_LITTLE_BUCK,0726,734,817,44.92198834145096,-120.47076129178703,0.9922126531600952
0567_LITTLE_BUCK,0726,654,408,44.943568884399724,-120.62674324738525,0.9978935122489929
0567_LITTLE_BUCK,0726,592,721,44.96029380518501,-120.50737319334553,0.9548288583755493
0567_LITTLE_BUCK,0726,249,298,45.05282038307781,-120.66869438458771,0.596509575843811
0567_LITTLE_BUCK,0726,972,713,44.85778622617841,-120.51042418514207,0.853627622127533
0567_LITTLE_BUCK,0726,344,287,45.027193488326155,-120.67288949830797,0.9960892796516418
0567_LITTLE_BUCK,0726,202,402,45.0654989520602,-120.62903149123267,0.9975311160087585
0567_LITTLE_BUCK,0726,793,522,44.90607269102625,-120.58326661428453,0.9999603629112244
0567_LITTLE_BUCK,0726,411,500,45.00911978360657,-120.59165684172501,0.9973012804985046
0567_LITTLE_BUCK,0726,175,289,45.07278238530541,-120.67212675035883,0.8417022228240967
0567_LITTLE_BUCK,0726,253,347,45.05174135593037,-120.6500070598339,0.9975314736366272
0567_LITTLE_BUCK,0726,155,341,45.0781775210426,-120.6522953036813,0.9975562691688538
0567_LITTLE_BUCK,0726,581,648,44.96326112984046,-120.53521349348898,0.7659605741500854
0567_LITTLE_BUCK,0726,323,252,45.03285838085021,-120.68623758741784,0.9236897230148315
0567_LITTLE_BUCK,0726,604,707,44.957056723742696,-120.51271242898947,0.9879251718521118
0567_LITTLE_BUCK,0726,937,717,44.86722771371849,-120.50889868924381,0.9978209733963013
0567_LITTLE_BUCK,0726,325,272,45.03231886727649,-120.67861010792647,0.9963815212249756
0567_LITTLE_BUCK,0726,375,313,45.018831027933516,-120.6629737749692,0.9983225464820862
0567_LITTLE_BUCK,0726,334,241,45.02989105619476,-120.69043270113808,0.9926049709320068
0567_LITTLE_BUCK,0726,155,317,45.0781775210426,-120.66144827907092,0.9970698356628418
0567_LITTLE_BUCK,0726,706,823,44.92954153148303,-120.46847304793961,0.9809011220932007
0567_LITTLE_BUCK,0726,796,533,44.905263420665676,-120.57907150056428,0.9999203681945801
0567_LITTLE_BUCK,0726,938,693,44.86695795693163,-120.51805166463343,0.6487231850624084
0567_LITTLE_BUCK,0726,583,675,44.96272161626674,-120.52491639617566,0.9972668886184692
0567_LITTLE_BUCK,0726,190,460,45.06873603350252,-120.60691180070773,0.9975888729095459
0567_LITTLE_BUCK,0726,963,795,44.86021403726014,-120.47915151922751,0.9936850666999817
0567_LITTLE_BUCK,0726,657,409,44.94275961403914,-120.62636187341069,0.9966515898704529
0567_LITTLE_BUCK,0726,877,697,44.88341312093006,-120.51652616873515,0.9753872752189636
0567_LITTLE_BUCK,0726,640,731,44.94734547941575,-120.50355945359985,0.928458034992218
0567_LITTLE_BUCK,0726,745,834,44.91902101679551,-120.46427793421937,0.8197238445281982
0567_LITTLE_BUCK,0726,549,357,44.971893347019964,-120.64619332008822,0.9984499216079712
0567_LITTLE_BUCK,0726,174,457,45.073052142092266,-120.60805592263144,0.9974476099014282
0567_LITTLE_BUCK,0726,767,575,44.9130863674846,-120.56305379363243,0.9989953637123108
0567_LITTLE_BUCK,0726,76,344,45.099488307204496,-120.6511511817576,0.9930083155632019
0567_LITTLE_BUCK,0726,55,301,45.10515319972855,-120.66755026266401,0.8655174374580383
0567_LITTLE_BUCK,0726,509,298,44.98268361849435,-120.66869438458771,0.9806644320487976
0567_LITTLE_BUCK,0726,743,825,44.91956053036923,-120.46771029999047,0.989763617515564
0567_LITTLE_BUCK,0726,743,726,44.91956053036923,-120.50546632347269,0.9988605976104736
0567_LITTLE_BUCK,0726,154,451,45.07844727782946,-120.61034416647884,0.9982966184616089
0567_LITTLE_BUCK,0726,202,313,45.0654989520602,-120.6629737749692,0.8602851629257202
0567_LITTLE_BUCK,0726,572,590,44.9656889409222,-120.55733318401391,0.8379268646240234
0567_LITTLE_BUCK,0726,207,370,45.064150168125906,-120.64123545841883,0.9975954294204712
0567_LITTLE_BUCK,0726,798,773,44.904723907091956,-120.487541746668,0.9988490343093872
0567_LITTLE_BUCK,0726,612,679,44.95489866944782,-120.52339090027738,0.9975287914276123
0567_LITTLE_BUCK,0726,155,420,45.0781775210426,-120.62216675969044,0.9985939264297485
0567_LITTLE_BUCK,0726,765,710,44.91362588105832,-120.51156830706577,0.9976744055747986
0567_LITTLE_BUCK,0726,345,231,45.0269237315393,-120.69424644088376,0.9948035478591919
0567_LITTLE_BUCK,0726,678,784,44.937094721515095,-120.48334663294776,0.8631715178489685
0567_LITTLE_BUCK,0726,919,777,44.87208333588196,-120.48601625076974,0.9989159107208252
0567_LITTLE_BUCK,0726,315,307,45.03501643514508,-120.6652620188166,0.9979162812232971
0567_LITTLE_BUCK,0726,797,702,44.90499366387882,-120.51461929886231,0.8985857367515564
0567_LITTLE_BUCK,0726,600,354,44.958135750890136,-120.64733744201192,0.9303287267684937
0567_LITTLE_BUCK,0726,951,785,44.86345111870246,-120.4829652589732,0.9990835189819336
0567_LITTLE_BUCK,0726,96,378,45.09409317146731,-120.63818446662229,0.9998460412025452
0567_LITTLE_BUCK,0726,101,275,45.09274438753301,-120.67746598600277,0.6270709037780762
0567_LITTLE_BUCK,0726,606,365,44.956517210168975,-120.64314232829167,0.9947556853294373
0567_LITTLE_BUCK,0726,753,477,44.91686296250064,-120.60042844314007,0.9991728067398071
0567_LITTLE_BUCK,0726,451,564,44.998329512132194,-120.56724890735268,0.997305154800415
0567_LITTLE_BUCK,0726,910,821,44.8745111469637,-120.46923579588875,0.9975479245185852
0567_LITTLE_BUCK,0726,965,703,44.85967452368643,-120.51423792488775,0.8394586443901062
0567_LITTLE_BUCK,0726,129,339,45.08519119750095,-120.65305805163044,0.9978201985359192
0567_LITTLE_BUCK,0726,194,437,45.06765700635508,-120.61568340212278,0.9984872937202454
0567_LITTLE_BUCK,0726,211,480,45.063071140978465,-120.59928432121637,0.512607991695404
0567_LITTLE_BUCK,0726,525,303,44.978367509904594,-120.66678751471487,0.7090489268302917
0567_LITTLE_BUCK,0726,912,776,44.87397163338998,-120.4863976247443,0.9986273646354675
0567_LITTLE_BUCK,0726,180,310,45.07143360137111,-120.6641178968929,0.8882097005844116
0567_LITTLE_BUCK,0726,467,242,44.994013403542446,-120.69005132716352,0.9948770403862
0567_LITTLE_BUCK,0726,825,826,44.89744047384675,-120.46732892601591,0.9976224303245544
0567_LITTLE_BUCK,0726,772,731,44.911737583550305,-120.50355945359985,0.9975605010986328
0567_LITTLE_BUCK,0726,363,597,45.02206810937583,-120.55466356619193,0.7214351892471313
0567_LITTLE_BUCK,0726,127,457,45.08573071107466,-120.60805592263144,0.9825924038887024
0567_LITTLE_BUCK,0726,886,704,44.88098530984833,-120.51385655091319,0.9975226521492004
0567_LITTLE_BUCK,0726,345,236,45.0269237315393,-120.69233957101092,0.9959355592727661
0567_LITTLE_BUCK,0726,703,419,44.93035080184361,-120.622548133665,0.8200517296791077
0567_LITTLE_BUCK,0726,961,808,44.86075355083386,-120.47419365755813,0.9554141759872437
0567_LITTLE_BUCK,0726,466,607,44.9942831603293,-120.55084982644627,0.9308971166610718
0567_LITTLE_BUCK,0726,165,356,45.075479953174,-120.64657469406278,0.9968965649604797
0567_LITTLE_BUCK,0726,26,372,45.11297614654747,-120.6404727104697,0.8832045197486877
0567_LITTLE_BUCK,0726,655,403,44.94329912761286,-120.62865011725809,0.9980413913726807
0567_LITTLE_BUCK,0726,665,730,44.940601559744266,-120.50394082757443,0.9977205991744995
0567_LITTLE_BUCK,0726,211,479,45.063071140978465,-120.59966569519094,0.6462711691856384
0567_LITTLE_BUCK,0726,933,683,44.86830674086593,-120.52186540437911,0.5234964489936829
0567_LITTLE_BUCK,0726,287,341,45.04256962517715,-120.6522953036813,0.9976816773414612
0567_LITTLE_BUCK,0726,388,558,45.015324189704344,-120.56953715120008,0.9971943497657776
0567_LITTLE_BUCK,0726,609,682,44.9557079398084,-120.52224677835368,0.9975287914276123
0567_LITTLE_BUCK,0726,232,365,45.05740624845442,-120.64314232829167,0.9967687129974365
0567_LITTLE_BUCK,0726,630,500,44.950043047284346,-120.59165684172501,0.9985278248786926
0567_LITTLE_BUCK,0726,367,460,45.02098908222839,-120.60691180070773,0.9990725517272949
0567_LITTLE_BUCK,0726,299,350,45.03933254373484,-120.6488629379102,0.9984927177429199
0567_LITTLE_BUCK,0726,149,363,45.07979606176376,-120.64390507624081,0.99749755859375
0567_LITTLE_BUCK,0726,757,724,44.9157839353532,-120.50622907142183,0.9985107779502869
0567_LITTLE_BUCK,0726,636,663,44.94842450656319,-120.52949288387046,0.9985926747322083
0567_LITTLE_BUCK,0726,822,516,44.898249744207334,-120.58555485813193,0.7935439348220825
0567_LITTLE_BUCK,0726,151,475,45.07925654819004,-120.60119119108921,0.7939149737358093
0567_LITTLE_BUCK,0726,382,542,45.0169427304255,-120.57563913479316,0.9976547360420227
0567_LITTLE_BUCK,0726,410,569,45.009389540393435,-120.56534203747984,0.998708188533783
0567_LITTLE_BUCK,0726,766,462,44.91335612427146,-120.6061490527586,0.9983538389205933
0567_LITTLE_BUCK,0726,628,615,44.95058256085807,-120.54779883464973,0.9977666735649109
0567_LITTLE_BUCK,0726,206,328,45.06441992491276,-120.65725316535068,0.9925939440727234
0567_LITTLE_BUCK,0726,779,735,44.90984928604229,-120.50203395770158,0.9977370500564575
0567_LITTLE_BUCK,0726,645,406,44.945996695481455,-120.62750599533439,0.998634397983551
0567_LITTLE_BUCK,0726,409,175,45.00965929718029,-120.71560338345955,0.7404593229293823
0567_LITTLE_BUCK,0726,340,281,45.028272515473596,-120.67517774215537,0.9961545467376709
0567_LITTLE_BUCK,0726,433,627,45.00318513429566,-120.5432223469549,0.8480791449546814
0567_LITTLE_BUCK,0726,770,691,44.912277097124026,-120.51881441258257,0.9603462815284729
0567_LITTLE_BUCK,0726,550,311,44.97162359023311,-120.66373652291833,0.8874520659446716
0567_LITTLE_BUCK,0726,78,464,45.098948793630775,-120.60538630480946,0.7747250199317932
0567_LITTLE_BUCK,0726,354,571,45.02449592045756,-120.5645792895307,0.7755431532859802
0567_LITTLE_BUCK,0726,661,369,44.94168058689171,-120.6416168323934,0.8886464834213257
0567_LITTLE_BUCK,0726,243,481,45.05443892379896,-120.59890294724181,0.9010151028633118
0567_LITTLE_BUCK,0726,349,542,45.02584470439186,-120.57563913479316,0.9531708359718323
0567_LITTLE_BUCK,0726,227,319,45.05875503238872,-120.66068553112179,0.8857332468032837
0567_LITTLE_BUCK,0726,857,823,44.88880825666725,-120.46847304793961,0.985518753528595
0567_LITTLE_BUCK,0726,595,698,44.95948453482443,-120.51614479476059,0.9935188293457031
0567_LITTLE_BUCK,0726,639,480,44.947615236202616,-120.59928432121637,0.9987069368362427
0567_LITTLE_BUCK,0726,551,328,44.971353833446244,-120.65725316535068,0.9884790182113647
0567_LITTLE_BUCK,0726,440,620,45.00129683678765,-120.54589196477689,0.9682096242904663
0567_LITTLE_BUCK,0726,110,362,45.09031657645127,-120.64428645021538,0.9998422861099243
0567_LITTLE_BUCK,0726,761,853,44.914704908205756,-120.45703182870258,0.5756955742835999
0567_LITTLE_BUCK,0726,337,233,45.02908178583417,-120.69348369293462,0.986178994178772
0567_LITTLE_BUCK,0726,342,238,45.027733001899875,-120.69157682306178,0.9957293272018433
0567_LITTLE_BUCK,0726,955,713,44.862372091555024,-120.51042418514207,0.9587329030036926
0567_LITTLE_BUCK,0726,409,288,45.00965929718029,-120.67250812433339,0.9976262450218201
0567_LITTLE_BUCK,0726,430,526,45.00399440465625,-120.58174111838625,0.9979293942451477
0567_LITTLE_BUCK,0726,280,306,45.04445792268516,-120.66564339279117,0.9198055863380432
0567_LITTLE_BUCK,0726,822,804,44.898249744207334,-120.4757191534564,0.9981431365013123
0567_LITTLE_BUCK,0726,420,627,45.00669197252484,-120.5432223469549,0.9141097068786621
0567_LITTLE_BUCK,0726,66,413,45.10218587507309,-120.62483637751242,0.98922199010849
0567_LITTLE_BUCK,0726,582,572,44.962991373053605,-120.56419791555614,0.9735198020935059
0567_LITTLE_BUCK,0726,209,334,45.063610654552186,-120.65496492150328,0.9908015727996826
0567_LITTLE_BUCK,0726,703,429,44.93035080184361,-120.61873439391933,0.9931538701057434
0567_LITTLE_BUCK,0726,591,597,44.96056356197187,-120.55466356619193,0.9966853857040405
0567_LITTLE_BUCK,0726,833,489,44.895282419551876,-120.59585195544527,0.9971168041229248
0567_LITTLE_BUCK,0726,49,338,45.1067717404497,-120.653439425605,0.9774594902992249
0567_LITTLE_BUCK,0726,114,317,45.08923754930384,-120.66144827907092,0.9988177418708801
0567_LITTLE_BUCK,0726,770,688,44.912277097124026,-120.51995853450627,0.9333086609840393
0567_LITTLE_BUCK,0726,355,206,45.024226163670704,-120.70378079024795,0.9749868512153625
0567_LITTLE_BUCK,0726,489,581,44.98807875423154,-120.56076554978503,0.5217831134796143
0567_LITTLE_BUCK,0726,407,287,45.01019881075401,-120.67288949830797,0.9976945519447327
0567_LITTLE_BUCK,0726,613,559,44.95462891266096,-120.56915577722552,0.994887113571167
0567_LITTLE_BUCK,0726,286,477,45.04283938196401,-120.60042844314007,0.996566653251648
0567_LITTLE_BUCK,0726,415,565,45.00804075645914,-120.56686753337812,0.9993172287940979
0567_LITTLE_BUCK,0726,369,229,45.02044956865467,-120.6950091888329,0.9975359439849854
0567_LITTLE_BUCK,0726,799,531,44.9044541503051,-120.57983424851342,0.9999282956123352
0567_LITTLE_BUCK,0726,628,743,44.95058256085807,-120.49898296590504,0.7724143862724304
0567_LITTLE_BUCK,0726,363,236,45.02206810937583,-120.69233957101092,0.9970153570175171
0567_LITTLE_BUCK,0726,225,434,45.05929454596244,-120.6168275240465,0.8414971828460693
0567_LITTLE_BUCK,0726,384,191,45.01640321685178,-120.70950139986647,0.9754016995429993
0567_LITTLE_BUCK,0726,651,555,44.9443781547603,-120.57068127312378,0.9975287914276123
0567_LITTLE_BUCK,0726,346,212,45.02665397475244,-120.70149254640054,0.9693501591682434
0567_LITTLE_BUCK,0726,599,652,44.95840550767699,-120.5336879975907,0.997196614742279
0567_LITTLE_BUCK,0726,190,441,45.06873603350252,-120.61415790622452,0.998595654964447
0567_LITTLE_BUCK,0726,223,469,45.05983405953616,-120.60347943493662,0.6085919141769409
0567_LITTLE_BUCK,0726,214,356,45.06226187061789,-120.64657469406278,0.9975333213806152
0567_LITTLE_BUCK,0726,606,649,44.956517210168975,-120.53483211951442,0.9982272386550903
0567_LITTLE_BUCK,0726,59,313,45.10407417258111,-120.6629737749692,0.8803951740264893
0567_LITTLE_BUCK,0726,501,279,44.98484167278922,-120.67594049010451,0.9855862259864807
0567_LITTLE_BUCK,0726,178,396,45.07197311494483,-120.63131973508007,0.9975332617759705
0567_LITTLE_BUCK,0726,611,609,44.95516842623468,-120.55008707849713,0.9972527027130127
0567_LITTLE_BUCK,0726,942,795,44.865878929784195,-120.47915151922751,0.9973299503326416
0567_LITTLE_BUCK,0726,737,829,44.921179071090386,-120.46618480409221,0.900996208190918
0567_LITTLE_BUCK,0726,292,277,45.041220841242854,-120.67670323805363,0.9738537669181824
0567_LITTLE_BUCK,0726,809,788,44.901756582436505,-120.4818211370495,0.9995542168617249
0567_LITTLE_BUCK,0726,667,386,44.940062046170546,-120.63513347482575,0.9615216851234436
0567_LITTLE_BUCK,0726,655,749,44.94329912761286,-120.49669472205763,0.8349111676216125
0567_LITTLE_BUCK,0726,691,423,44.933587883285924,-120.62102263776674,0.9971880316734314
0567_LITTLE_BUCK,0726,94,323,45.09463268504103,-120.65916003522352,0.998126208782196
0567_LITTLE_BUCK,0726,960,796,44.86102330762073,-120.47877014525295,0.9948851466178894
0567_LITTLE_BUCK,0726,720,856,44.925764936467,-120.45588770677888,0.7010014653205872
0567_LITTLE_BUCK,0726,298,325,45.03960230052169,-120.65839728727438,0.9976092576980591
0567_LITTLE_BUCK,0726,467,269,44.994013403542446,-120.67975422985018,0.9973230361938477
0567_LITTLE_BUCK,0726,317,245,45.03447692157136,-120.68890720523981,0.9613648653030396
0567_LITTLE_BUCK,0726,773,854,44.91146782676344,-120.456650454728,0.9253671765327454
0567_LITTLE_BUCK,0726,371,201,45.01991005508095,-120.70568766012079,0.9796388745307922
0567_LITTLE_BUCK,0726,332,459,45.03043056976847,-120.6072931746823,0.9975484013557434
0567_LITTLE_BUCK,0726,229,402,45.058215518815,-120.62903149123267,0.9855858683586121
0567_LITTLE_BUCK,0726,859,764,44.88826874309353,-120.49097411243912,0.999049723148346
0567_LITTLE_BUCK,0726,307,485,45.037174489439955,-120.59737745134353,0.8714736700057983
0567_LITTLE_BUCK,0726,375,564,45.018831027933516,-120.56724890735268,0.9935845732688904
0567_LITTLE_BUCK,0726,821,808,44.89851950099419,-120.47419365755813,0.9979300498962402
0567_LITTLE_BUCK,0726,497,277,44.985920699936656,-120.67670323805363,0.9863809943199158
0567_LITTLE_BUCK,0726,637,671,44.948154749776336,-120.52644189207392,0.9981047511100769
0567_LITTLE_BUCK,0726,210,334,45.06334089776533,-120.65496492150328,0.9947609305381775
0567_LITTLE_BUCK,0726,833,827,44.895282419551876,-120.46694755204135,0.9971911907196045
0567_LITTLE_BUCK,0726,607,548,44.95624745338212,-120.57335089094576,0.9930410385131836
0567_LITTLE_BUCK,0726,917,817,44.87262284945568,-120.47076129178703,0.9973244071006775
0567_LITTLE_BUCK,0726,85,376,45.097060496122765,-120.63894721457143,0.9998499155044556
0567_LITTLE_BUCK,0726,501,310,44.98484167278922,-120.6641178968929,0.9971665143966675
0567_LITTLE_BUCK,0726,230,378,45.05794576202814,-120.63818446662229,0.989199697971344
0567_LITTLE_BUCK,0726,829,500,44.896361446699316,-120.59165684172501,0.8724910616874695
0567_LITTLE_BUCK,0726,476,255,44.99158559246071,-120.68509346549413,0.9928061962127686
0567_LITTLE_BUCK,0726,415,534,45.00804075645914,-120.5786901265897,0.9975287914276123
0567_LITTLE_BUCK,0726,189,428,45.069005790289374,-120.6191157678939,0.9980877041816711
0567_LITTLE_BUCK,0726,877,823,44.88341312093006,-120.46847304793961,0.9532520771026611
0567_LITTLE_BUCK,0726,455,619,44.997250484984754,-120.54627333875145,0.9678243398666382
0567_LITTLE_BUCK,0726,224,321,45.059564302749294,-120.65992278317266,0.9815892577171326
0567_LITTLE_BUCK,0726,79,410,45.09867903684392,-120.62598049943612,0.9975749254226685
0567_LITTLE_BUCK,0726,781,463,44.90930977246857,-120.60576767878402,0.9984220862388611
0567_LITTLE_BUCK,0726,778,784,44.910119042829145,-120.48334663294776,0.9998677968978882
0567_LITTLE_BUCK,0726,253,308,45.05174135593037,-120.66488064484204,0.9771721959114075
0567_LITTLE_BUCK,0726,147,295,45.08033557533747,-120.66983850651143,0.968453586101532
0567_LITTLE_BUCK,0726,626,375,44.95112207443179,-120.639328588546,0.9968644380569458
0567_LITTLE_BUCK,0726,236,463,45.05632722130698,-120.60576767878402,0.904076099395752
0567_LITTLE_BUCK,0726,807,481,44.902296096010225,-120.59890294724181,0.9980105757713318
0567_LITTLE_BUCK,0726,456,249,44.9969807281979,-120.68738170934154,0.9974384307861328
0567_LITTLE_BUCK,0726,643,649,44.946536209055175,-120.53483211951442,0.998892605304718
0567_LITTLE_BUCK,0726,69,279,45.10137660471251,-120.67594049010451,0.5359815359115601
0567_LITTLE_BUCK,0726,567,316,44.967037724856496,-120.6618296530455,0.780434787273407
0567_LITTLE_BUCK,0726,457,560,44.99671097141104,-120.56877440325096,0.9945302605628967
0567_LITTLE_BUCK,0726,357,281,45.023686650096984,-120.67517774215537,0.9975289702415466
0567_LITTLE_BUCK,0726,482,586,44.98996705173955,-120.55885867991219,0.530486524105072
0567_LITTLE_BUCK,0726,762,840,44.9144351514189,-120.46198969037196,0.9889984130859375
0567_LITTLE_BUCK,0726,438,613,45.001836350361366,-120.54856158259885,0.9863597750663757
0567_LITTLE_BUCK,0726,792,718,44.90634244781312,-120.50851731526923,0.9943228363990784
0567_LITTLE_BUCK,0726,372,564,45.01964029829409,-120.56724890735268,0.9879121780395508
0567_LITTLE_BUCK,0726,413,604,45.00858027003285,-120.55199394836997,0.9831834435462952
0567_LITTLE_BUCK,0726,131,307,45.08465168392723,-120.6652620188166,0.9989156126976013
0567_LITTLE_BUCK,0726,801,757,44.90391463673138,-120.49364373026108,0.9993496537208557
0567_LITTLE_BUCK,0726,634,474,44.94896402013691,-120.60157256506378,0.9991436004638672
0567_LITTLE_BUCK,0726,355,237,45.024226163670704,-120.69195819703636,0.9975287914276123
0567_LITTLE_BUCK,0726,842,469,44.89285460847014,-120.60347943493662,0.8679988980293274
0567_LITTLE_BUCK,0726,445,557,44.99994805285335,-120.56991852517466,0.9975656270980835
0567_LITTLE_BUCK,0726,765,660,44.91362588105832,-120.53063700579416,0.9925467371940613
0567_LITTLE_BUCK,0726,605,713,44.95678696695584,-120.51042418514207,0.9865637421607971
0567_LITTLE_BUCK,0726,745,845,44.91902101679551,-120.46008282049912,0.7401700615882874
0567_LITTLE_BUCK,0726,635,716,44.94869426335005,-120.50928006321837,0.997353732585907
0567_LITTLE_BUCK,0726,179,380,45.07170335815797,-120.63742171867315,0.9979601502418518
0567_LITTLE_BUCK,0726,399,180,45.012356865048886,-120.71369651358671,0.758382260799408
0567_LITTLE_BUCK,0726,406,533,45.01046856754087,-120.57907150056428,0.99820476770401
0567_LITTLE_BUCK,0726,902,843,44.87666920125857,-120.46084556844826,0.9317429661750793
0567_LITTLE_BUCK,0726,151,356,45.07925654819004,-120.64657469406278,0.9965897798538208
0567_LITTLE_BUCK,0726,756,477,44.91605369214005,-120.60042844314007,0.9992772936820984
0567_LITTLE_BUCK,0726,914,792,44.87343211981626,-120.48029564115122,0.99882972240448
0567_LITTLE_BUCK,0726,784,461,44.90850050210799,-120.60653042673316,0.9963087439537048
0567_LITTLE_BUCK,0726,187,401,45.069545303863094,-120.62941286520723,0.9975287914276123
0567_LITTLE_BUCK,0726,890,788,44.87990628270089,-120.4818211370495,0.9992930889129639
0567_LITTLE_BUCK,0726,632,370,44.94950353371063,-120.64123545841883,0.9970420002937317
0567_LITTLE_BUCK,0726,430,227,45.00399440465625,-120.69577193678202,0.998458206653595
0567_LITTLE_BUCK,0726,283,487,45.043648652324585,-120.5966147033944,0.9444856643676758
0567_LITTLE_BUCK,0726,387,529,45.0155939464912,-120.58059699646255,0.9977894425392151
0567_LITTLE_BUCK,0726,669,541,44.93952253259683,-120.57602050876774,0.9976227879524231
0567_LITTLE_BUCK,0726,714,442,44.92738347718815,-120.61377653224994,0.9976162314414978
0567_LITTLE_BUCK,0726,569,580,44.966498211282776,-120.5611469237596,0.7607088088989258
0567_LITTLE_BUCK,0726,697,799,44.93196934256476,-120.47762602332924,0.9843288064002991
0567_LITTLE_BUCK,0726,896,709,44.87828774197973,-120.51194968104035,0.9978970289230347
0567_LITTLE_BUCK,0726,650,355,44.94464791154716,-120.64695606803735,0.7681189179420471
0567_LITTLE_BUCK,0726,364,522,45.02179835258897,-120.58326661428453,0.982239305973053
0567_LITTLE_BUCK,0726,245,289,45.05389941022525,-120.67212675035883,0.5055480599403381
0567_LITTLE_BUCK,0726,902,834,44.87666920125857,-120.46427793421937,0.9886897802352905
0567_LITTLE_BUCK,0726,365,303,45.02152859580211,-120.66678751471487,0.9976274371147156
0567_LITTLE_BUCK,0726,239,454,45.0555179509464,-120.60920004455514,0.9725033044815063
0567_LITTLE_BUCK,0726,901,772,44.87693895804543,-120.48792312064258,0.9985745549201965
0567_LITTLE_BUCK,0726,258,481,45.05039257199607,-120.59890294724181,0.9437589049339294
0567_LITTLE_BUCK,0726,404,203,45.01100808111459,-120.70492491217166,0.9965633153915405
0567_LITTLE_BUCK,0726,231,327,45.05767600524128,-120.65763453932524,0.9909341931343079
0567_LITTLE_BUCK,0726,657,559,44.94275961403914,-120.56915577722552,0.9975746870040894
0567_LITTLE_BUCK,0726,677,433,44.93736447830195,-120.61720889802106,0.9975669384002686
0567_LITTLE_BUCK,0726,659,497,44.94222010046543,-120.59280096364873,0.9978830218315125
0567_LITTLE_BUCK,0726,829,819,44.896361446699316,-120.46999854383789,0.9973056316375732
0567_LITTLE_BUCK,0726,766,587,44.91335612427146,-120.55847730593761,0.9989241361618042
0567_LITTLE_BUCK,0726,270,327,45.047155490553756,-120.65763453932524,0.9970007538795471
0567_LITTLE_BUCK,0726,247,281,45.05335989665153,-120.67517774215537,0.6215876340866089
0567_LITTLE_BUCK,0726,414,609,45.008310513245995,-120.55008707849713,0.9510310292243958
0567_LITTLE_BUCK,0726,50,314,45.106501983662845,-120.66259240099463,0.7513284683227539
0567_LITTLE_BUCK,0726,101,363,45.09274438753301,-120.64390507624081,0.9999752044677734
0567_LITTLE_BUCK,0726,232,320,45.05740624845442,-120.66030415714722,0.9698684811592102
0567_LITTLE_BUCK,0726,751,447,44.91740247607435,-120.61186966237712,0.9972566962242126
0567_LITTLE_BUCK,0726,742,454,44.91983028715609,-120.60920004455514,0.9993076324462891
0567_LITTLE_BUCK,0726,406,293,45.01046856754087,-120.67060125446055,0.9975287914276123
0567_LITTLE_BUCK,0726,633,656,44.94923377692377,-120.53216250169244,0.9992055296897888
0567_LITTLE_BUCK,0726,118,350,45.0881585221564,-120.6488629379102,0.9995590448379517
0567_LITTLE_BUCK,0726,488,562,44.988348511018394,-120.56801165530182,0.8886743783950806
0567_LITTLE_BUCK,0726,564,367,44.96784699521707,-120.64237958034253,0.9980146884918213
0567_LITTLE_BUCK,0726,179,343,45.07170335815797,-120.65153255573216,0.9953490495681763
0567_LITTLE_BUCK,0726,309,236,45.03663497586624,-120.69233957101092,0.7005323171615601
0567_LITTLE_BUCK,0726,256,296,45.05093208556979,-120.66945713253685,0.7913357019424438
0567_LITTLE_BUCK,0726,519,324,44.97998605062575,-120.65877866124895,0.9971147179603577
0567_LITTLE_BUCK,0726,406,203,45.01046856754087,-120.70492491217166,0.9965092539787292
0567_LITTLE_BUCK,0726,464,593,44.99482267390302,-120.55618906209021,0.8663037419319153
0567_LITTLE_BUCK,0726,672,417,44.93871326223625,-120.62331088161415,0.992907702922821
0567_LITTLE_BUCK,0726,449,626,44.998869025705915,-120.54360372092947,0.8588111400604248
0567_LITTLE_BUCK,0726,794,472,44.9058029342394,-120.60233531301292,0.999363362789154
0567_LITTLE_BUCK,0726,801,768,44.90391463673138,-120.48944861654084,0.998511552810669
0567_LITTLE_BUCK,0726,179,293,45.07170335815797,-120.67060125446055,0.837260901927948
0567_LITTLE_BUCK,0726,779,715,44.90984928604229,-120.50966143719293,0.9445714950561523
0567_LITTLE_BUCK,0726,197,296,45.0668477359945,-120.66945713253685,0.9207280278205872
0567_LITTLE_BUCK,0726,786,451,44.90796098853427,-120.61034416647884,0.7687258124351501
0567_LITTLE_BUCK,0726,745,717,44.91902101679551,-120.50889868924381,0.999029278755188
0567_LITTLE_BUCK,0726,330,296,45.03097008334219,-120.66945713253685,0.99741530418396
0567_LITTLE_BUCK,0726,794,703,44.9058029342394,-120.51423792488775,0.9220379590988159
0567_LITTLE_BUCK,0726,305,332,45.037714003013676,-120.6557276694524,0.9975383281707764
0567_LITTLE_BUCK,0726,108,448,45.09085609002499,-120.61148828840254,0.9948766231536865
0567_LITTLE_BUCK,0726,703,427,44.93035080184361,-120.61949714186846,0.9923433065414429
0567_LITTLE_BUCK,0726,169,331,45.07440092602656,-120.65610904342698,0.9948192238807678
0567_LITTLE_BUCK,0726,847,765,44.89150582453584,-120.49059273846454,0.9989205598831177
0567_LITTLE_BUCK,0726,369,180,45.02044956865467,-120.71369651358671,0.7696912288665771
0567_LITTLE_BUCK,0726,921,795,44.87154382230824,-120.47915151922751,0.9786236882209778
0567_LITTLE_BUCK,0726,295,321,45.04041157088227,-120.65992278317266,0.9976117014884949
0567_LITTLE_BUCK,0726,973,788,44.85751646939155,-120.4818211370495,0.813751220703125
0567_LITTLE_BUCK,0726,236,451,45.05632722130698,-120.61034416647884,0.9284961223602295
0567_LITTLE_BUCK,0726,110,345,45.09031657645127,-120.65076980778302,0.9998560547828674
0567_LITTLE_BUCK,0726,776,660,44.910658556402865,-120.53063700579416,0.9001659750938416
0567_LITTLE_BUCK,0726,212,389,45.06280138419161,-120.63398935290205,0.9969860911369324
0567_LITTLE_BUCK,0726,883,686,44.881794580208904,-120.5207212824554,0.6440272927284241
0567_LITTLE_BUCK,0726,469,229,44.993473889968726,-120.6950091888329,0.9578665494918823
0567_LITTLE_BUCK,0726,276,286,45.0455369498326,-120.67327087228253,0.9561121463775635
0567_LITTLE_BUCK,0726,799,846,44.9044541503051,-120.45970144652455,0.9637926816940308
0567_LITTLE_BUCK,0726,864,828,44.88691995915923,-120.46656617806677,0.8199411630630493
0567_LITTLE_BUCK,0726,79,404,45.09867903684392,-120.62826874328353,0.9979601502418518
0567_LITTLE_BUCK,0726,666,393,44.94033180295741,-120.63246385700377,0.9607582092285156
0567_LITTLE_BUCK,0726,961,805,44.86075355083386,-120.47533777948183,0.9705079197883606
0567_LITTLE_BUCK,0726,333,277,45.03016081298161,-120.67670323805363,0.997423529624939
0567_LITTLE_BUCK,0726,712,848,44.92792299076187,-120.45893869857542,0.5170261263847351
0567_LITTLE_BUCK,0726,654,565,44.943568884399724,-120.56686753337812,0.9978934526443481
0567_LITTLE_BUCK,0726,362,578,45.02233786616269,-120.56190967170873,0.7826005816459656
0567_LITTLE_BUCK,0726,891,712,44.87963652591403,-120.51080555911665,0.9982424974441528
0567_LITTLE_BUCK,0726,904,825,44.87612968768485,-120.46771029999047,0.9936942458152771
0567_LITTLE_BUCK,0726,431,606,45.00372464786938,-120.55123120042083,0.9970919489860535
0567_LITTLE_BUCK,0726,165,457,45.075479953174,-120.60805592263144,0.9974787831306458
0567_LITTLE_BUCK,0726,617,538,44.953549885513524,-120.57716463069144,0.9683480858802795
0567_LITTLE_BUCK,0726,370,549,45.02017981186781,-120.5729695169712,0.9700940251350403
0567_LITTLE_BUCK,0726,181,418,45.071163844584255,-120.62292950763958,0.9985588192939758
0567_LITTLE_BUCK,0726,214,360,45.06226187061789,-120.64504919816451,0.997535765171051
0567_LITTLE_BUCK,0726,856,840,44.88907801345411,-120.46198969037196,0.9953027367591858
0567_LITTLE_BUCK,0726,394,203,45.01370564898318,-120.70492491217166,0.9963399171829224
0567_LITTLE_BUCK,0726,352,189,45.02503543403128,-120.71026414781561,0.8738091588020325
0567_LITTLE_BUCK,0726,758,728,44.91551417856634,-120.50470357552355,0.9979618191719055
0567_LITTLE_BUCK,0726,402,504,45.01154759468831,-120.59013134582675,0.9949274063110352
0567_LITTLE_BUCK,0726,608,678,44.955977696595255,-120.52377227425195,0.9975287914276123
0567_LITTLE_BUCK,0726,548,315,44.97216310380683,-120.66221102702006,0.9854171872138977
0567_LITTLE_BUCK,0726,802,508,44.90364487994452,-120.58860584992847,0.9999974966049194
0567_LITTLE_BUCK,0726,201,288,45.06576870884706,-120.67250812433339,0.7444127202033997
0567_LITTLE_BUCK,0726,617,546,44.953549885513524,-120.5741136388949,0.9959704875946045
0567_LITTLE_BUCK,0726,432,550,45.00345489108253,-120.57258814299662,0.9975525736808777
0567_LITTLE_BUCK,0726,249,361,45.05282038307781,-120.64466782418994,0.992514967918396
0567_LITTLE_BUCK,0726,588,705,44.961372832332444,-120.51347517693861,0.9900774359703064
0567_LITTLE_BUCK,0726,769,478,44.91254685391088,-120.60004706916551,0.9993354082107544
0567_LITTLE_BUCK,0726,652,683,44.944108397973444,-120.52186540437911,0.9986580610275269
0567_LITTLE_BUCK,0726,78,295,45.098948793630775,-120.66983850651143,0.7709306478500366
0567_LITTLE_BUCK,0726,970,709,44.85832573975213,-120.51194968104035,0.8938530087471008
0567_LITTLE_BUCK,0726,138,379,45.08276338641921,-120.63780309264773,0.9988818764686584
0567_LITTLE_BUCK,0726,327,486,45.03177935370277,-120.59699607736897,0.9660291075706482
0567_LITTLE_BUCK,0726,880,694,44.88260385056948,-120.51767029065886,0.952292799949646
0567_LITTLE_BUCK,0726,247,432,45.05335989665153,-120.61759027199562,0.9893547296524048
0567_LITTLE_BUCK,0726,170,437,45.074131169239706,-120.61568340212278,0.9994682669639587
0567_LITTLE_BUCK,0726,759,686,44.91524442177948,-120.5207212824554,0.9947318434715271
0567_LITTLE_BUCK,0726,171,400,45.07386141245285,-120.6297942391818,0.9975287914276123
0567_LITTLE_BUCK,0726,637,663,44.948154749776336,-120.52949288387046,0.9984015822410583
0567_LITTLE_BUCK,0726,81,382,45.0981395232702,-120.63665897072401,0.9994035959243774
0567_LITTLE_BUCK,0726,261,449,45.049583301635494,-120.61110691442798,0.996659517288208
0567_LITTLE_BUCK,0726,604,372,44.957056723742696,-120.6404727104697,0.9938613772392273
0567_LITTLE_BUCK,0726,257,494,45.050662328782934,-120.59394508557243,0.8007935285568237
0567_LITTLE_BUCK,0726,95,290,45.094362928254164,-120.67174537638425,0.9138416051864624
0567_LITTLE_BUCK,0726,656,702,44.943029370826004,-120.51461929886231,0.9980242252349854
0567_LITTLE_BUCK,0726,911,722,44.874241390176834,-120.50699181937097,0.9985896944999695
0567_LITTLE_BUCK,0726,619,676,44.953010371939804,-120.52453502220108,0.9979329705238342
0567_LITTLE_BUCK,0726,189,456,45.069005790289374,-120.608437296606,0.9975566864013672
0567_LITTLE_BUCK,0726,299,489,45.03933254373484,-120.59585195544527,0.8078780770301819
0567_LITTLE_BUCK,0726,580,635,44.963530886627325,-120.54017135515836,0.785513699054718
0567_LITTLE_BUCK,0726,588,636,44.961372832332444,-120.5397899811838,0.8638101816177368
0567_LITTLE_BUCK,0726,511,318,44.98214410492063,-120.66106690509636,0.997022271156311
0567_LITTLE_BUCK,0726,156,357,45.07790776425574,-120.64619332008822,0.9967821836471558
0567_LITTLE_BUCK,0726,102,457,45.09247463074615,-120.60805592263144,0.8886842727661133
0567_LITTLE_BUCK,0726,367,538,45.02098908222839,-120.57716463069144,0.946988046169281
0567_LITTLE_BUCK,0726,827,493,44.89690096027304,-120.59432645954699,0.9990013241767883
0567_LITTLE_BUCK,0726,413,611,45.00858027003285,-120.54932433054799,0.8455384969711304
0567_LITTLE_BUCK,0726,793,733,44.90607269102625,-120.50279670565072,0.9978488683700562
0567_LITTLE_BUCK,0726,475,581,44.991855349247565,-120.56076554978503,0.6242899298667908
0567_LITTLE_BUCK,0726,744,680,44.91929077358237,-120.52300952630281,0.9982035756111145
0567_LITTLE_BUCK,0726,467,261,44.994013403542446,-120.68280522164672,0.9973307251930237
0567_LITTLE_BUCK,0726,94,363,45.09463268504103,-120.64390507624081,0.9999889135360718
0567_LITTLE_BUCK,0726,912,779,44.87397163338998,-120.4852535028206,0.9984498023986816
0567_LITTLE_BUCK,0726,236,454,45.05632722130698,-120.60920004455514,0.921911895275116
0567_LITTLE_BUCK,0726,85,384,45.097060496122765,-120.63589622277489,0.9997419118881226
0567_LITTLE_BUCK,0726,975,774,44.85697695581783,-120.48716037269344,0.8680845499038696
0567_LITTLE_BUCK,0726,644,371,44.94626645226832,-120.64085408444427,0.9950132369995117
0567_LITTLE_BUCK,0726,201,407,45.06576870884706,-120.62712462135983,0.9975287914276123
0567_LITTLE_BUCK,0726,379,603,45.017752000786075,-120.55237532234453,0.9653396010398865
0567_LITTLE_BUCK,0726,824,511,44.89771023063361,-120.58746172800477,0.9843180775642395
0567_LITTLE_BUCK,0726,435,509,45.00264562072195,-120.58822447595391,0.9980353116989136
0567_LITTLE_BUCK,0726,102,289,45.09247463074615,-120.67212675035883,0.8969347476959229
0567_LITTLE_BUCK,0726,940,785,44.866418443357915,-120.4829652589732,0.9974454641342163
0567_LITTLE_BUCK,0726,814,714,44.90040779850221,-120.51004281116751,0.9967147707939148
0567_LITTLE_BUCK,0726,209,464,45.063610654552186,-120.60538630480946,0.9796648025512695
0567_LITTLE_BUCK,0726,289,289,45.04203011160343,-120.67212675035883,0.9835683107376099
0567_LITTLE_BUCK,0726,212,337,45.06280138419161,-120.65382079957958,0.9972957372665405
0567_LITTLE_BUCK,0726,559,362,44.96919577915137,-120.64428645021538,0.9980507493019104
0567_LITTLE_BUCK,0726,414,285,45.008310513245995,-120.67365224625709,0.9978890419006348
0567_LITTLE_BUCK,0726,310,290,45.03636521907938,-120.67174537638425,0.9969194531440735
0567_LITTLE_BUCK,0726,619,489,44.953010371939804,-120.59585195544527,0.9982455968856812
0567_LITTLE_BUCK,0726,635,475,44.94869426335005,-120.60119119108921,0.9991089701652527
0567_LITTLE_BUCK,0726,966,722,44.859404766899566,-120.50699181937097,0.9789980053901672
0567_LITTLE_BUCK,0726,303,352,45.038253516587396,-120.64810018996106,0.9981974959373474
0567_LITTLE_BUCK,0726,468,317,44.99374364675558,-120.66144827907092,0.9990101456642151
0567_LITTLE_BUCK,0726,666,406,44.94033180295741,-120.62750599533439,0.9917998313903809
0567_LITTLE_BUCK,0726,202,296,45.0654989520602,-120.66945713253685,0.9054499864578247
0567_LITTLE_BUCK,0726,152,422,45.078986791403175,-120.6214040117413,0.9988294243812561
0567_LITTLE_BUCK,0726,126,331,45.086000467861524,-120.65610904342698,0.9996171593666077
0567_LITTLE_BUCK,0726,755,460,44.91632344892692,-120.60691180070773,0.9988311529159546
0567_LITTLE_BUCK,0726,601,361,44.95786599410327,-120.64466782418994,0.953942060470581
0567_LITTLE_BUCK,0726,607,369,44.95624745338212,-120.6416168323934,0.9953978657722473
0567_LITTLE_BUCK,0726,666,585,44.94033180295741,-120.55924005388675,0.9987910985946655
0567_LITTLE_BUCK,0726,653,761,44.94383864118658,-120.49211823436282,0.6909523010253906
0567_LITTLE_BUCK,0726,910,786,44.8745111469637,-120.48258388499862,0.9980422258377075
0567_LITTLE_BUCK,0726,244,464,45.054169167012105,-120.60538630480946,0.9752407073974609
0567_LITTLE_BUCK,0726,70,302,45.10110684792566,-120.66716888868945,0.9621596336364746
0567_LITTLE_BUCK,0726,611,573,44.95516842623468,-120.56381654158157,0.9973496794700623
0567_LITTLE_BUCK,0726,220,369,45.060643329896735,-120.6416168323934,0.9966155886650085
0567_LITTLE_BUCK,0726,216,321,45.06172235704417,-120.65992278317266,0.9837257862091064
0567_LITTLE_BUCK,0726,624,668,44.95166158800551,-120.52758601399762,0.9986711740493774
0567_LITTLE_BUCK,0726,200,407,45.06603846563392,-120.62712462135983,0.9974686503410339
0567_LITTLE_BUCK,0726,481,559,44.99023680852641,-120.56915577722552,0.9378837943077087
0567_LITTLE_BUCK,0726,455,229,44.997250484984754,-120.6950091888329,0.9964128136634827
0567_LITTLE_BUCK,0726,66,379,45.10218587507309,-120.63780309264773,0.9958071708679199
0567_LITTLE_BUCK,0726,429,500,45.0042641614431,-120.59165684172501,0.9978463053703308
0567_LITTLE_BUCK,0726,257,474,45.050662328782934,-120.60157256506378,0.9769518971443176
0567_LITTLE_BUCK,0726,233,299,45.057136491667556,-120.66831301061315,0.6021209955215454
0567_LITTLE_BUCK,0726,792,472,44.90634244781312,-120.60233531301292,0.9994262456893921
0567_LITTLE_BUCK,0726,370,288,45.02017981186781,-120.67250812433339,0.9975287914276123
0567_LITTLE_BUCK,0726,453,506,44.997789998558474,-120.58936859787761,0.9986978769302368
0567_LITTLE_BUCK,0726,636,361,44.94842450656319,-120.64466782418994,0.9638180136680603
0567_LITTLE_BUCK,0726,412,197,45.008850026819715,-120.70721315601907,0.9951570630073547
0567_LITTLE_BUCK,0726,90,440,45.09571171218846,-120.61453928019908,0.9944680333137512
0567_LITTLE_BUCK,0726,583,354,44.96272161626674,-120.64733744201192,0.9888181686401367
0567_LITTLE_BUCK,0726,155,436,45.0781775210426,-120.61606477609736,0.9990460276603699
0567_LITTLE_BUCK,0726,393,293,45.01397540577005,-120.67060125446055,0.9971987009048462
0567_LITTLE_BUCK,0726,811,717,44.901217068862785,-120.50889868924381,0.9972062706947327
0567_LITTLE_BUCK,0726,253,365,45.05174135593037,-120.64314232829167,0.9952861666679382
0567_LITTLE_BUCK,0726,658,493,44.94248985725228,-120.59432645954699,0.9979991912841797
0567_LITTLE_BUCK,0726,665,385,44.940601559744266,-120.63551484880031,0.9633800983428955
0567_LITTLE_BUCK,0726,59,408,45.10407417258111,-120.62674324738525,0.9005907773971558
0567_LITTLE_BUCK,0726,308,485,45.0369047326531,-120.59737745134353,0.880333423614502
0567_LITTLE_BUCK,0726,333,278,45.03016081298161,-120.67632186407907,0.9972041249275208
0567_LITTLE_BUCK,0726,666,561,44.94033180295741,-120.56839302927638,0.9978978633880615
0567_LITTLE_BUCK,0726,916,749,44.87289260624254,-120.49669472205763,0.9994953274726868
0567_LITTLE_BUCK,0726,390,210,45.014784676130624,-120.70225529434968,0.9987614154815674
0567_LITTLE_BUCK,0726,169,333,45.07440092602656,-120.65534629547784,0.9938575625419617
0567_LITTLE_BUCK,0726,162,295,45.07628922353458,-120.66983850651143,0.8945848941802979
0567_LITTLE_BUCK,0726,202,477,45.0654989520602,-120.60042844314007,0.9135966897010803
0567_LITTLE_BUCK,0726,410,183,45.009389540393435,-120.71255239166301,0.9783102869987488
0567_LITTLE_BUCK,0726,803,708,44.90337512315766,-120.51233105501491,0.9794189929962158
0567_LITTLE_BUCK,0726,894,686,44.878827255553446,-120.5207212824554,0.6485859751701355
0567_LITTLE_BUCK,0726,142,357,45.08168435927177,-120.64619332008822,0.9977123737335205
0567_LITTLE_BUCK,0726,750,725,44.917672232861214,-120.50584769744727,0.9986774325370789
0567_LITTLE_BUCK,0726,419,555,45.0069617293117,-120.57068127312378,0.9981368780136108
0567_LITTLE_BUCK,0726,107,333,45.091125846811856,-120.65534629547784,0.9995084404945374
0567_LITTLE_BUCK,0726,682,761,44.936015694367654,-120.49211823436282,0.9946151971817017
0567_LITTLE_BUCK,0726,431,224,45.00372464786938,-120.69691605870574,0.9977144598960876
0567_LITTLE_BUCK,0726,465,605,44.99455291711616,-120.55161257439539,0.947759747505188
0567_LITTLE_BUCK,0726,84,268,45.09733025290962,-120.68013560382475,0.5193564295768738
0567_LITTLE_BUCK,0726,942,726,44.865878929784195,-120.50546632347269,0.9983869791030884
0567_LITTLE_BUCK,0726,660,439,44.94195034367856,-120.61492065417366,0.9989295601844788
0567_LITTLE_BUCK,0726,792,451,44.90634244781312,-120.61034416647884,0.6854928135871887
0567_LITTLE_BUCK,0726,682,783,44.936015694367654,-120.48372800692232,0.9246389269828796
0567_LITTLE_BUCK,0726,104,450,45.09193511717243,-120.6107255404534,0.985535740852356
0567_LITTLE_BUCK,0726,905,844,44.875859930897995,-120.46046419447369,0.9353440403938293
0567_LITTLE_BUCK,0726,661,544,44.94168058689171,-120.57487638684404,0.9976751804351807
0567_LITTLE_BUCK,0726,454,580,44.99752024177162,-120.5611469237596,0.9892916679382324
0567_LITTLE_BUCK,0726,962,753,44.860483794047006,-120.49516922615936,0.9993338584899902
0567_LITTLE_BUCK,0726,334,264,45.02989105619476,-120.68166109972302,0.9973060488700867
0567_LITTLE_BUCK,0726,255,282,45.051201842356654,-120.6747963681808,0.5383241176605225
0567_LITTLE_BUCK,0726,88,443,45.09625122576218,-120.61339515827538,0.9824400544166565
0567_LITTLE_BUCK,0726,114,355,45.08923754930384,-120.64695606803735,0.9998770952224731
0567_LITTLE_BUCK,0726,450,248,44.99859926891905,-120.6877630833161,0.9978261590003967
0567_LITTLE_BUCK,0726,729,443,44.92333712538526,-120.61339515827538,0.9985753893852234
0567_LITTLE_BUCK,0726,732,854,44.92252785502468,-120.456650454728,0.77052903175354
0567_LITTLE_BUCK,0726,770,699,44.912277097124026,-120.51576342078603,0.9935965538024902
0567_LITTLE_BUCK,0726,528,326,44.97755823954402,-120.65801591329982,0.9935732483863831
0567_LITTLE_BUCK,0726,250,339,45.05255062629095,-120.65305805163044,0.9975287914276123
0567_LITTLE_BUCK,0726,504,303,44.984032402428646,-120.66678751471487,0.9913450479507446
0567_LITTLE_BUCK,0726,668,800,44.93979228938369,-120.47724464935467,0.6773017048835754
0567_LITTLE_BUCK,0726,119,342,45.08788876536954,-120.65191392970674,0.9995127320289612
0567_LITTLE_BUCK,0726,253,335,45.05174135593037,-120.6545835475287,0.9976910948753357
0567_LITTLE_BUCK,0726,207,347,45.064150168125906,-120.6500070598339,0.9974572062492371
0567_LITTLE_BUCK,0726,152,443,45.078986791403175,-120.61339515827538,0.9989388585090637
0567_LITTLE_BUCK,0726,700,435,44.931160072204186,-120.61644615007192,0.9975958466529846
0567_LITTLE_BUCK,0726,915,724,44.8731623630294,-120.50622907142183,0.9988252520561218
0567_LITTLE_BUCK,0726,897,820,44.87801798519287,-120.46961716986331,0.9970390796661377
0567_LITTLE_BUCK,0726,652,667,44.944108397973444,-120.5279673879722,0.9987826943397522
0567_LITTLE_BUCK,0726,640,535,44.94734547941575,-120.57830875261514,0.9948557615280151
0567_LITTLE_BUCK,0726,100,362,45.093014144319866,-120.64428645021538,0.9999510645866394
0567_LITTLE_BUCK,0726,781,656,44.90930977246857,-120.53216250169244,0.6257461905479431
0567_LITTLE_BUCK,0726,777,636,44.91038879961601,-120.5397899811838,0.9417312145233154
0567_LITTLE_BUCK,0726,628,360,44.95058256085807,-120.64504919816451,0.9338893890380859
0567_LITTLE_BUCK,0726,822,486,44.898249744207334,-120.59699607736897,0.9994392991065979
0567_LITTLE_BUCK,0726,361,524,45.02260762294955,-120.58250386633539,0.9893267750740051
0567_LITTLE_BUCK,0726,354,197,45.02449592045756,-120.70721315601907,0.9681566953659058
0567_LITTLE_BUCK,0726,640,522,44.94734547941575,-120.58326661428453,0.9975287914276123
0567_LITTLE_BUCK,0726,74,313,45.100027820778216,-120.6629737749692,0.9455110430717468
0567_LITTLE_BUCK,0726,641,370,44.947075722628895,-120.64123545841883,0.9953967928886414
0567_LITTLE_BUCK,0726,821,504,44.89851950099419,-120.59013134582675,0.9999279379844666
0567_LITTLE_BUCK,0726,135,462,45.083572656779786,-120.6061490527586,0.6941922903060913
0567_LITTLE_BUCK,0726,769,859,44.91254685391088,-120.45474358485518,0.8254056572914124
0567_LITTLE_BUCK,0726,182,307,45.07089408779739,-120.6652620188166,0.8798405528068542
0567_LITTLE_BUCK,0726,632,674,44.94950353371063,-120.52529777015022,0.9980655908584595
0567_LITTLE_BUCK,0726,112,309,45.08977706287756,-120.66449927086747,0.9982926249504089
0567_LITTLE_BUCK,0726,408,201,45.00992905396715,-120.70568766012079,0.9961249828338623
0567_LITTLE_BUCK,0726,171,476,45.07386141245285,-120.60080981711465,0.5858821272850037
0567_LITTLE_BUCK,0726,574,354,44.96514942734848,-120.64733744201192,0.9980596899986267
0567_LITTLE_BUCK,0726,772,456,44.911737583550305,-120.608437296606,0.9916946887969971
0567_LITTLE_BUCK,0726,789,820,44.907151718173694,-120.46961716986331,0.9974607229232788
0567_LITTLE_BUCK,0726,450,258,44.99859926891905,-120.68394934357043,0.9979784488677979
0567_LITTLE_BUCK,0726,407,296,45.01019881075401,-120.66945713253685,0.9969521760940552
0567_LITTLE_BUCK,0726,81,307,45.0981395232702,-120.6652620188166,0.881732165813446
0567_LITTLE_BUCK,0726,405,214,45.01073832432773,-120.7007297984514,0.9980891346931458
0567_LITTLE_BUCK,0726,405,532,45.01073832432773,-120.57945287453884,0.9982942342758179
0567_LITTLE_BUCK,0726,874,767,44.884222391290635,-120.48982999051542,0.9989445209503174
0567_LITTLE_BUCK,0726,678,448,44.937094721515095,-120.61148828840254,0.9984480142593384
0567_LITTLE_BUCK,0726,771,449,44.91200734033716,-120.61110691442798,0.9111906290054321
0567_LITTLE_BUCK,0726,121,286,45.08734925179582,-120.67327087228253,0.5889500975608826
0567_LITTLE_BUCK,0726,275,311,45.04580670661946,-120.66373652291833,0.9558918476104736
0567_LITTLE_BUCK,0726,430,579,45.00399440465625,-120.56152829773416,0.9992838501930237
0567_LITTLE_BUCK,0726,394,216,45.01370564898318,-120.69996705050228,0.9993141889572144
0567_LITTLE_BUCK,0726,214,346,45.06226187061789,-120.65038843380846,0.99757319688797
0567_LITTLE_BUCK,0726,223,392,45.05983405953616,-120.63284523097835,0.9971588253974915
0567_LITTLE_BUCK,0726,639,512,44.947615236202616,-120.5870803540302,0.9979503750801086
0567_LITTLE_BUCK,0726,824,709,44.89771023063361,-120.51194968104035,0.996396541595459
0567_LITTLE_BUCK,0726,416,581,45.007770999672275,-120.56076554978503,0.9981644749641418
0567_LITTLE_BUCK,0726,659,440,44.94222010046543,-120.61453928019908,0.9990041255950928
0567_LITTLE_BUCK,0726,624,684,44.95166158800551,-120.52148403040454,0.9985253214836121
0567_LITTLE_BUCK,0726,63,408,45.10299514543367,-120.62674324738525,0.9643662571907043
0567_LITTLE_BUCK,0726,647,558,44.94545718190774,-120.56953715120008,0.9976695775985718
0567_LITTLE_BUCK,0726,676,445,44.937634235088815,-120.61263241032624,0.9982843995094299
0567_LITTLE_BUCK,0726,653,421,44.94383864118658,-120.62178538571587,0.9975253939628601
0567_LITTLE_BUCK,0726,379,299,45.017752000786075,-120.66831301061315,0.9953176379203796
0567_LITTLE_BUCK,0726,928,788,44.86965552480023,-120.4818211370495,0.9813947081565857
0567_LITTLE_BUCK,0726,621,692,44.952470858366084,-120.518433038608,0.9987865686416626
0567_LITTLE_BUCK,0726,677,359,44.93736447830195,-120.64543057213908,0.9094412922859192
0567_LITTLE_BUCK,0726,195,369,45.06738724956822,-120.6416168323934,0.9979297518730164
0567_LITTLE_BUCK,0726,79,308,45.09867903684392,-120.66488064484204,0.8812776207923889
0567_LITTLE_BUCK,0726,740,430,44.92036980072981,-120.61835301994476,0.6990599036216736
0567_LITTLE_BUCK,0726,491,307,44.98753924065782,-120.6652620188166,0.9977826476097107
0567_LITTLE_BUCK,0726,308,268,45.0369047326531,-120.68013560382475,0.5209340453147888
0567_LITTLE_BUCK,0726,602,576,44.957596237316416,-120.56267241965786,0.9954625368118286
0567_LITTLE_BUCK,0726,700,831,44.931160072204186,-120.46542205614307,0.9057669639587402
0567_LITTLE_BUCK,0726,161,445,45.076558980321444,-120.61263241032624,0.998845100402832
0567_LITTLE_BUCK,0726,388,617,45.015324189704344,-120.54703608670059,0.9090415239334106
0567_LITTLE_BUCK,0726,147,339,45.08033557533747,-120.65305805163044,0.996861457824707
0567_LITTLE_BUCK,0726,165,328,45.075479953174,-120.65725316535068,0.9952589273452759
0567_LITTLE_BUCK,0726,72,361,45.100567334351936,-120.64466782418994,0.9988623261451721
0567_LITTLE_BUCK,0726,917,694,44.87262284945568,-120.51767029065886,0.9840804934501648
0567_LITTLE_BUCK,0726,864,817,44.88691995915923,-120.47076129178703,0.9444987773895264
0567_LITTLE_BUCK,0726,410,303,45.009389540393435,-120.66678751471487,0.995323657989502
0567_LITTLE_BUCK,0726,751,856,44.91740247607435,-120.45588770677888,0.8063825368881226
0567_LITTLE_BUCK,0726,913,813,44.87370187660312,-120.47228678768529,0.9975287914276123
0567_LITTLE_BUCK,0726,316,240,45.034746678358225,-120.69081407511266,0.9658170938491821
0567_LITTLE_BUCK,0726,461,258,44.9956319442636,-120.68394934357043,0.9975659251213074
0567_LITTLE_BUCK,0726,932,720,44.86857649765279,-120.5077545673201,0.997921884059906
0567_LITTLE_BUCK,0726,259,425,45.050122815209214,-120.6202598898176,0.9970030784606934
0567_LITTLE_BUCK,0726,618,612,44.95328012872666,-120.54894295657343,0.9974458813667297
0567_LITTLE_BUCK,0726,756,587,44.91605369214005,-120.55847730593761,0.9991136789321899
0567_LITTLE_BUCK,0726,598,678,44.95867526446385,-120.52377227425195,0.9972367286682129
0567_LITTLE_BUCK,0726,799,527,44.9044541503051,-120.58135974441169,0.9999808669090271
0567_LITTLE_BUCK,0726,325,468,45.03231886727649,-120.6038608089112,0.9969000816345215
0567_LITTLE_BUCK,0726,412,548,45.008850026819715,-120.57335089094576,0.9983898997306824
0567_LITTLE_BUCK,0726,328,302,45.03150959691591,-120.66716888868945,0.9977625608444214
0567_LITTLE_BUCK,0726,78,359,45.098948793630775,-120.64543057213908,0.9992473721504211
0567_LITTLE_BUCK,0726,626,660,44.95112207443179,-120.53063700579416,0.9992598295211792
0567_LITTLE_BUCK,0726,806,508,44.90256585279708,-120.58860584992847,0.9999971389770508
0567_LITTLE_BUCK,0726,187,452,45.069545303863094,-120.60996279250428,0.9977757930755615
0567_LITTLE_BUCK,0726,194,462,45.06765700635508,-120.6061490527586,0.9975619912147522
0567_LITTLE_BUCK,0726,600,612,44.958135750890136,-120.54894295657343,0.9960601329803467
0567_LITTLE_BUCK,0726,790,567,44.90688196138684,-120.56610478542898,0.9509905576705933
0567_LITTLE_BUCK,0726,439,206,45.00156659357451,-120.70378079024795,0.9904829263687134
0567_LITTLE_BUCK,0726,775,711,44.91092831318973,-120.51118693309121,0.7079507112503052
0567_LITTLE_BUCK,0726,179,474,45.07170335815797,-120.60157256506378,0.8416376709938049
0567_LITTLE_BUCK,0726,321,258,45.03339789442393,-120.68394934357043,0.9863865375518799
0567_LITTLE_BUCK,0726,606,710,44.956517210168975,-120.51156830706577,0.9928897619247437
0567_LITTLE_BUCK,0726,692,781,44.93331812649906,-120.48449075487146,0.9951552748680115
0567_LITTLE_BUCK,0726,324,264,45.03258862406335,-120.68166109972302,0.991614043712616
0567_LITTLE_BUCK,0726,614,680,44.9543591558741,-120.52300952630281,0.9976277947425842
0567_LITTLE_BUCK,0726,222,366,45.060103816323014,-120.6427609543171,0.9956378936767578
0567_LITTLE_BUCK,0726,222,458,45.060103816323014,-120.60767454865686,0.6427299380302429
0567_LITTLE_BUCK,0726,449,257,44.998869025705915,-120.684330717545,0.9981281757354736
0567_LITTLE_BUCK,0726,396,303,45.01316613540946,-120.66678751471487,0.9958088397979736
0567_LITTLE_BUCK,0726,840,490,44.89339412204386,-120.59547058147069,0.9700300693511963
0567_LITTLE_BUCK,0726,637,531,44.948154749776336,-120.57983424851342,0.9959834218025208
0567_LITTLE_BUCK,0726,527,307,44.97782799633087,-120.6652620188166,0.8702696561813354
0567_LITTLE_BUCK,0726,298,471,45.03960230052169,-120.60271668698748,0.9870754480361938
0567_LITTLE_BUCK,0726,408,580,45.00992905396715,-120.5611469237596,0.9976197481155396
0567_LITTLE_BUCK,0726,260,328,45.04985305842236,-120.65725316535068,0.9975442290306091
0567_LITTLE_BUCK,0726,492,550,44.98726948387095,-120.57258814299662,0.9519237279891968
0567_LITTLE_BUCK,0726,762,724,44.9144351514189,-120.50622907142183,0.9981221556663513
0567_LITTLE_BUCK,0726,408,534,45.00992905396715,-120.5786901265897,0.9978497624397278
0567_LITTLE_BUCK,0726,69,440,45.10137660471251,-120.61453928019908,0.8767609000205994
0567_LITTLE_BUCK,0726,837,841,44.894203392404435,-120.46160831639739,0.9904064536094666
0567_LITTLE_BUCK,0726,580,684,44.963530886627325,-120.52148403040454,0.9954748153686523
0567_LITTLE_BUCK,0726,378,592,45.01802175757294,-120.55657043606477,0.9879230260848999
0567_LITTLE_BUCK,0726,180,442,45.07143360137111,-120.61377653224994,0.9985775351524353
0567_LITTLE_BUCK,0726,758,453,44.91551417856634,-120.6095814185297,0.9978949427604675
0567_LITTLE_BUCK,0726,864,810,44.88691995915923,-120.473430909609,0.9925565123558044
0567_LITTLE_BUCK,0726,727,820,44.92387663895898,-120.46961716986331,0.9809427261352539
0567_LITTLE_BUCK,0726,637,510,44.948154749776336,-120.58784310197935,0.9980114698410034
0567_LITTLE_BUCK,0726,137,288,45.083033143206066,-120.67250812433339,0.7400567531585693
0567_LITTLE_BUCK,0726,160,339,45.0768287371083,-120.65305805163044,0.9975506067276001
0567_LITTLE_BUCK,0726,52,341,45.105962470089125,-120.6522953036813,0.9856399893760681
0567_LITTLE_BUCK,0726,770,819,44.912277097124026,-120.46999854383789,0.997901976108551
0567_LITTLE_BUCK,0726,256,428,45.05093208556979,-120.6191157678939,0.9934360384941101
0567_LITTLE_BUCK,0726,720,831,44.925764936467,-120.46542205614307,0.9595081806182861
0567_LITTLE_BUCK,0726,647,729,44.94545718190774,-120.50432220154899,0.9785887598991394
0567_LITTLE_BUCK,0726,81,339,45.0981395232702,-120.65305805163044,0.9953622221946716
0567_LITTLE_BUCK,0726,345,238,45.0269237315393,-120.69157682306178,0.996209442615509
0567_LITTLE_BUCK,0726,89,419,45.095981468975324,-120.622548133665,0.9977521300315857
0567_LITTLE_BUCK,0726,255,496,45.051201842356654,-120.59318233762329,0.832059383392334
0567_LITTLE_BUCK,0726,699,836,44.93142982899104,-120.46351518627023,0.7133533954620361
0567_LITTLE_BUCK,0726,413,175,45.00858027003285,-120.71560338345955,0.805989146232605
0567_LITTLE_BUCK,0726,464,240,44.99482267390302,-120.69081407511266,0.9954782128334045
0567_LITTLE_BUCK,0726,750,579,44.917672232861214,-120.56152829773416,0.9991261959075928
0567_LITTLE_BUCK,0726,412,496,45.008850026819715,-120.59318233762329,0.9974651336669922
0567_LITTLE_BUCK,0726,568,361,44.96676796806964,-120.64466782418994,0.9977516531944275
0567_LITTLE_BUCK,0726,765,703,44.91362588105832,-120.51423792488775,0.9974849224090576
0567_LITTLE_BUCK,0726,396,547,45.01316613540946,-120.57373226492032,0.9980947971343994
0567_LITTLE_BUCK,0726,280,479,45.04445792268516,-120.59966569519094,0.9946305751800537
0567_LITTLE_BUCK,0726,950,755,44.86372087548932,-120.49440647821022,0.9991589188575745
0567_LITTLE_BUCK,0726,250,314,45.05255062629095,-120.66259240099463,0.9668933749198914
0567_LITTLE_BUCK,0726,175,346,45.07278238530541,-120.65038843380846,0.9959282875061035
0567_LITTLE_BUCK,0726,129,308,45.08519119750095,-120.66488064484204,0.9989056587219238
0567_LITTLE_BUCK,0726,261,390,45.049583301635494,-120.63360797892747,0.9827774167060852
0567_LITTLE_BUCK,0726,790,732,44.90688196138684,-120.50317807962529,0.9979469776153564
0567_LITTLE_BUCK,0726,773,833,44.91146782676344,-120.46465930819393,0.9913432002067566
0567_LITTLE_BUCK,0726,244,469,45.054169167012105,-120.60347943493662,0.971716046333313
0567_LITTLE_BUCK,0726,247,280,45.05335989665153,-120.67555911612993,0.5821587443351746
0567_LITTLE_BUCK,0726,383,592,45.01667297363864,-120.55657043606477,0.9902961850166321
0567_LITTLE_BUCK,0726,939,812,44.86668820014477,-120.47266816165985,0.9787983894348145
0567_LITTLE_BUCK,0726,773,603,44.91146782676344,-120.55237532234453,0.9840134382247925
0567_LITTLE_BUCK,0726,399,565,45.012356865048886,-120.56686753337812,0.9977587461471558
0567_LITTLE_BUCK,0726,235,333,45.05659697809384,-120.65534629547784,0.996577262878418
0567_LITTLE_BUCK,0726,738,833,44.92090931430353,-120.46465930819393,0.5652034878730774
0567_LITTLE_BUCK,0726,491,275,44.98753924065782,-120.67746598600277,0.9935514330863953
0567_LITTLE_BUCK,0726,86,296,45.0967907393359,-120.66945713253685,0.8724785447120667
0567_LITTLE_BUCK,0726,327,282,45.03177935370277,-120.6747963681808,0.99723219871521
0567_LITTLE_BUCK,0726,410,286,45.009389540393435,-120.67327087228253,0.9977731108665466
0567_LITTLE_BUCK,0726,781,733,44.90930977246857,-120.50279670565072,0.9973052144050598
0567_LITTLE_BUCK,0726,627,714,44.95085231764493,-120.51004281116751,0.9972401261329651
0567_LITTLE_BUCK,0726,356,186,45.02395640688385,-120.71140826973931,0.8667755126953125
0567_LITTLE_BUCK,0726,249,343,45.05282038307781,-120.65153255573216,0.9975287914276123
0567_LITTLE_BUCK,0726,174,409,45.073052142092266,-120.62636187341069,0.9977598786354065
0567_LITTLE_BUCK,0726,393,196,45.01397540577005,-120.70759452999363,0.9965261220932007
0567_LITTLE_BUCK,0726,677,405,44.93736447830195,-120.62788736930897,0.9312612414360046
0567_LITTLE_BUCK,0726,613,730,44.95462891266096,-120.50394082757443,0.927112877368927
0567_LITTLE_BUCK,0726,221,401,45.06037357310987,-120.62941286520723,0.9974255561828613
0567_LITTLE_BUCK,0726,199,419,45.06630822242078,-120.622548133665,0.9964990615844727
0567_LITTLE_BUCK,0726,138,354,45.08276338641921,-120.64733744201192,0.9978078007698059
0567_LITTLE_BUCK,0726,239,374,45.0555179509464,-120.63970996252056,0.9895018935203552
0567_LITTLE_BUCK,0726,416,296,45.007770999672275,-120.66945713253685,0.9973520636558533
0567_LITTLE_BUCK,0726,208,350,45.06388041133905,-120.6488629379102,0.9975404143333435
0567_LITTLE_BUCK,0726,706,450,44.92954153148303,-120.6107255404534,0.9979506731033325
0567_LITTLE_BUCK,0726,697,767,44.93196934256476,-120.48982999051542,0.9976909756660461
0567_LITTLE_BUCK,0726,971,789,44.85805598296527,-120.48143976307492,0.8900651931762695
0567_LITTLE_BUCK,0726,380,526,45.01748224399922,-120.58174111838625,0.9977492094039917
0567_LITTLE_BUCK,0726,421,634,45.00642221573798,-120.54055272913293,0.6901722550392151
0567_LITTLE_BUCK,0726,223,362,45.05983405953616,-120.64428645021538,0.9961796998977661
0567_LITTLE_BUCK,0726,800,831,44.904184393518236,-120.46542205614307,0.9950978755950928
0567_LITTLE_BUCK,0726,590,695,44.96083331875873,-120.5172889166843,0.9905977249145508
0567_LITTLE_BUCK,0726,858,831,44.88853849988039,-120.46542205614307,0.9485806822776794
0567_LITTLE_BUCK,0726,424,284,45.0056129453774,-120.67403362023167,0.9981042146682739
0567_LITTLE_BUCK,0726,771,737,44.91200734033716,-120.50127120975245,0.9978598952293396
0567_LITTLE_BUCK,0726,177,342,45.07224287173169,-120.65191392970674,0.9955391883850098
0567_LITTLE_BUCK,0726,273,375,45.04634622019318,-120.639328588546,0.9975287914276123
0567_LITTLE_BUCK,0726,968,780,44.858865253325845,-120.48487212884604,0.9745920300483704
0567_LITTLE_BUCK,0726,782,711,44.90904001568171,-120.51118693309121,0.9766703844070435
0567_LITTLE_BUCK,0726,569,599,44.966498211282776,-120.55390081824281,0.7520481944084167
0567_LITTLE_BUCK,0726,441,561,45.00102708000079,-120.56839302927638,0.9979145526885986
0567_LITTLE_BUCK,0726,196,431,45.06711749278136,-120.6179716459702,0.9982126355171204
0567_LITTLE_BUCK,0726,591,594,44.96056356197187,-120.55580768811565,0.9976652264595032
0567_LITTLE_BUCK,0726,470,568,44.99320413318186,-120.5657234114544,0.934404730796814
0567_LITTLE_BUCK,0726,408,535,45.00992905396715,-120.57830875261514,0.9977642297744751
0567_LITTLE_BUCK,0726,573,687,44.96541918413534,-120.52033990848084,0.5914050936698914
0567_LITTLE_BUCK,0726,144,315,45.081144845698056,-120.66221102702006,0.9984711408615112
0567_LITTLE_BUCK,0726,303,280,45.038253516587396,-120.67555911612993,0.9870343208312988
0567_LITTLE_BUCK,0726,895,848,44.87855749876659,-120.45893869857542,0.9183349013328552
0567_LITTLE_BUCK,0726,426,631,45.00507343180368,-120.54169685105663,0.8262364268302917
0567_LITTLE_BUCK,0726,578,672,44.964070400201045,-120.52606051809936,0.9900872111320496
0567_LITTLE_BUCK,0726,669,795,44.93952253259683,-120.47915151922751,0.5296827554702759
0567_LITTLE_BUCK,0726,681,402,44.93628545115452,-120.62903149123267,0.9033848643302917
0567_LITTLE_BUCK,0726,745,846,44.91902101679551,-120.45970144652455,0.7021617889404297
0567_LITTLE_BUCK,0726,635,512,44.94869426335005,-120.5870803540302,0.9980118274688721
0567_LITTLE_BUCK,0726,125,374,45.08627022464838,-120.63970996252056,0.9984229803085327
0567_LITTLE_BUCK,0726,227,348,45.05875503238872,-120.64962568585932,0.9975287914276123
0567_LITTLE_BUCK,0726,607,614,44.95624745338212,-120.54818020862429,0.9972865581512451
0567_LITTLE_BUCK,0726,853,692,44.88988728381469,-120.518433038608,0.9742534160614014
0567_LITTLE_BUCK,0726,133,310,45.08411217035351,-120.6641178968929,0.9993147253990173
0567_LITTLE_BUCK,0726,639,494,44.947615236202616,-120.59394508557243,0.9985095262527466
0567_LITTLE_BUCK,0726,384,595,45.01640321685178,-120.55542631414107,0.9919050931930542
0567_LITTLE_BUCK,0726,577,548,44.9643401569879,-120.57335089094576,0.6846483945846558
0567_LITTLE_BUCK,0726,687,428,44.93466691043336,-120.6191157678939,0.9973768591880798
0567_LITTLE_BUCK,0726,426,210,45.00507343180368,-120.70225529434968,0.9954018592834473
0567_LITTLE_BUCK,0726,580,697,44.963530886627325,-120.51652616873515,0.9182749390602112
0567_LITTLE_BUCK,0726,420,564,45.00669197252484,-120.56724890735268,0.9991174936294556
0567_LITTLE_BUCK,0726,608,574,44.955977696595255,-120.563435167607,0.9969502687454224
0567_LITTLE_BUCK,0726,340,468,45.028272515473596,-120.6038608089112,0.9976834058761597
0567_LITTLE_BUCK,0726,296,288,45.04014181409541,-120.67250812433339,0.989432692527771
0567_LITTLE_BUCK,0726,746,707,44.91875126000865,-120.51271242898947,0.9989057779312134
0567_LITTLE_BUCK,0726,747,703,44.91848150322179,-120.51423792488775,0.9985077977180481
0567_LITTLE_BUCK,0726,448,253,44.99913878249277,-120.68585621344327,0.997878909111023
0567_LITTLE_BUCK,0726,176,400,45.07251262851855,-120.6297942391818,0.9975287914276123
0567_LITTLE_BUCK,0726,630,610,44.950043047284346,-120.54970570452255,0.9975894689559937
0567_LITTLE_BUCK,0726,728,813,44.92360688217212,-120.47228678768529,0.9973809719085693
0567_LITTLE_BUCK,0726,853,685,44.88988728381469,-120.52110265642997,0.9609169960021973
0567_LITTLE_BUCK,0726,591,683,44.96056356197187,-120.52186540437911,0.9959714412689209
0567_LITTLE_BUCK,0726,801,455,44.90391463673138,-120.60881867058058,0.9213681817054749
0567_LITTLE_BUCK,0726,147,419,45.08033557533747,-120.622548133665,0.998217761516571
0567_LITTLE_BUCK,0726,263,320,45.04904378806177,-120.66030415714722,0.9934256672859192
0567_LITTLE_BUCK,0726,375,594,45.018831027933516,-120.55580768811565,0.9866682887077332
0567_LITTLE_BUCK,0726,679,772,44.93682496472824,-120.48792312064258,0.988148033618927
0567_LITTLE_BUCK,0726,672,566,44.93871326223625,-120.56648615940354,0.9978419542312622
0567_LITTLE_BUCK,0726,85,391,45.097060496122765,-120.63322660495291,0.9998871684074402
0567_LITTLE_BUCK,0726,176,350,45.07251262851855,-120.6488629379102,0.997515082359314
0567_LITTLE_BUCK,0726,123,346,45.0868097382221,-120.65038843380846,0.9995446801185608
0567_LITTLE_BUCK,0726,399,183,45.012356865048886,-120.71255239166301,0.9101943969726562
0567_LITTLE_BUCK,0726,700,784,44.931160072204186,-120.48334663294776,0.9974851012229919
0567_LITTLE_BUCK,0726,843,777,44.89258485168328,-120.48601625076974,0.9990845918655396
0567_LITTLE_BUCK,0726,197,460,45.0668477359945,-120.60691180070773,0.9975287914276123
0567_LITTLE_BUCK,0726,627,613,44.95085231764493,-120.54856158259885,0.997675895690918
0567_LITTLE_BUCK,0726,250,292,45.05255062629095,-120.67098262843513,0.5901874303817749
0567_LITTLE_BUCK,0726,795,831,44.90553317745253,-120.46542205614307,0.996653139591217
0567_LITTLE_BUCK,0726,837,832,44.894203392404435,-120.4650406821685,0.9964305758476257
0567_LITTLE_BUCK,0726,157,295,45.07763800746888,-120.66983850651143,0.9862686395645142
0567_LITTLE_BUCK,0726,881,835,44.882334093782625,-120.4638965602448,0.9416546821594238
0567_LITTLE_BUCK,0726,615,672,44.954089399087245,-120.52606051809936,0.9977765679359436
0567_LITTLE_BUCK,0726,890,693,44.87990628270089,-120.51805166463343,0.8852803707122803
0567_LITTLE_BUCK,0726,438,580,45.001836350361366,-120.5611469237596,0.998721718788147
0567_LITTLE_BUCK,0726,640,527,44.94734547941575,-120.58135974441169,0.9973125457763672
0567_LITTLE_BUCK,0726,810,502,44.90148682564964,-120.59089409377589,0.9999987483024597
0567_LITTLE_BUCK,0726,622,377,44.95220110157923,-120.63856584059685,0.9973655343055725
0567_LITTLE_BUCK,0726,230,342,45.05794576202814,-120.65191392970674,0.9975566864013672
0567_LITTLE_BUCK,0726,802,787,44.90364487994452,-120.48220251102406,0.9997081756591797
0567_LITTLE_BUCK,0726,675,352,44.93790399187567,-120.64810018996106,0.6538838744163513
0567_LITTLE_BUCK,0726,433,622,45.00318513429566,-120.54512921682775,0.9371439218521118
0567_LITTLE_BUCK,0726,758,700,44.91551417856634,-120.51538204681145,0.9980461597442627
0567_LITTLE_BUCK,0726,441,226,45.00102708000079,-120.6961533107566,0.9977792501449585
0567_LITTLE_BUCK,0726,975,751,44.85697695581783,-120.4959319741085,0.9750514626502991
0567_LITTLE_BUCK,0726,642,547,44.94680596584204,-120.57373226492032,0.9975615739822388
0567_LITTLE_BUCK,0726,121,328,45.08734925179582,-120.65725316535068,0.9997122883796692
0567_LITTLE_BUCK,0726,213,308,45.06253162740475,-120.66488064484204,0.9537238478660583
0567_LITTLE_BUCK,0726,82,405,45.09786976648334,-120.62788736930897,0.9980132579803467
0567_LITTLE_BUCK,0726,313,306,45.0355559487188,-120.66564339279117,0.9976382851600647
0567_LITTLE_BUCK,0726,279,462,45.044727679472025,-120.6061490527586,0.9976705312728882
0567_LITTLE_BUCK,0726,274,309,45.04607646340632,-120.66449927086747,0.9543918371200562
0567_LITTLE_BUCK,0726,417,521,45.00750124288542,-120.58364798825909,0.9963537454605103
0567_LITTLE_BUCK,0726,146,357,45.080605332124335,-120.64619332008822,0.9961439371109009
0567_LITTLE_BUCK,0726,924,725,44.87073455194766,-120.50584769744727,0.9991208910942078
0567_LITTLE_BUCK,0726,571,572,44.965958697709056,-120.56419791555614,0.9249916672706604
0567_LITTLE_BUCK,0726,389,597,45.01505443291748,-120.55466356619193,0.9918354749679565
0567_LITTLE_BUCK,0726,120,380,45.08761900858268,-120.63742171867315,0.9983645677566528
0567_LITTLE_BUCK,0726,290,350,45.04176035481657,-120.6488629379102,0.9979819059371948
0567_LITTLE_BUCK,0726,933,816,44.86830674086593,-120.47114266576159,0.9571400880813599
0567_LITTLE_BUCK,0726,415,537,45.00804075645914,-120.577546004666,0.9975287914276123
0567_LITTLE_BUCK,0726,269,321,45.04742524734062,-120.65992278317266,0.9921563863754272
0567_LITTLE_BUCK,0726,273,277,45.04634622019318,-120.67670323805363,0.8511945605278015
0567_LITTLE_BUCK,0726,76,348,45.099488307204496,-120.64962568585932,0.9979288578033447
0567_LITTLE_BUCK,0726,800,475,44.904184393518236,-120.60119119108921,0.9990875720977783
0567_LITTLE_BUCK,0726,761,738,44.914704908205756,-120.50088983577788,0.9984208345413208
0567_LITTLE_BUCK,0726,395,284,45.01343589219633,-120.67403362023167,0.9977691769599915
0567_LITTLE_BUCK,0726,394,608,45.01370564898318,-120.55046845247169,0.9668124914169312
0567_LITTLE_BUCK,0726,257,369,45.050662328782934,-120.6416168323934,0.9971578121185303
0567_LITTLE_BUCK,0726,670,581,44.93925277580997,-120.56076554978503,0.9985782504081726
0567_LITTLE_BUCK,0726,360,286,45.02287737973641,-120.67327087228253,0.9975287914276123
0567_LITTLE_BUCK,0726,267,489,45.04796476091434,-120.59585195544527,0.7580883502960205
0567_LITTLE_BUCK,0726,920,819,44.871813579095104,-120.46999854383789,0.9968212246894836
0567_LITTLE_BUCK,0726,327,297,45.03177935370277,-120.66907575856229,0.9973520636558533
0567_LITTLE_BUCK,0726,788,783,44.90742147496055,-120.48372800692232,0.9998851418495178
0567_LITTLE_BUCK,0726,890,804,44.87990628270089,-120.4757191534564,0.9996061325073242
0567_LITTLE_BUCK,0726,92,363,45.09517219861475,-120.64390507624081,0.9999945163726807
0567_LITTLE_BUCK,0726,113,374,45.089507306090695,-120.63970996252056,0.9989175796508789
0567_LITTLE_BUCK,0726,181,422,45.071163844584255,-120.6214040117413,0.9985049962997437
0567_LITTLE_BUCK,0726,361,573,45.02260762294955,-120.56381654158157,0.7977051734924316
0567_LITTLE_BUCK,0726,653,741,44.94383864118658,-120.49974571385418,0.9746724963188171
0567_LITTLE_BUCK,0726,929,713,44.869385768013366,-120.51042418514207,0.9977089762687683
0567_LITTLE_BUCK,0726,71,276,45.10083709113879,-120.67708461202821,0.5780777931213379
0567_LITTLE_BUCK,0726,205,445,45.064689681699626,-120.61263241032624,0.9978622198104858
0567_LITTLE_BUCK,0726,102,276,45.09247463074615,-120.67708461202821,0.686957597732544
0567_LITTLE_BUCK,0726,199,388,45.06630822242078,-120.63437072687661,0.9968183040618896
0567_LITTLE_BUCK,0726,593,675,44.96002404839815,-120.52491639617566,0.9974424242973328
0567_LITTLE_BUCK,0726,645,545,44.945996695481455,-120.57449501286946,0.9976484179496765
0567_LITTLE_BUCK,0726,755,674,44.91632344892692,-120.52529777015022,0.9979957342147827
0567_LITTLE_BUCK,0726,111,335,45.090046819664416,-120.6545835475287,0.9990372061729431
0567_LITTLE_BUCK,0726,465,604,44.99455291711616,-120.55199394836997,0.9415656924247742
0567_LITTLE_BUCK,0726,848,688,44.891236067748984,-120.51995853450627,0.9855155944824219
0567_LITTLE_BUCK,0726,181,328,45.071163844584255,-120.65725316535068,0.99370276927948
0567_LITTLE_BUCK,0726,968,792,44.858865253325845,-120.48029564115122,0.9204265475273132
0567_LITTLE_BUCK,0726,818,694,44.89932877135477,-120.51767029065886,0.849202573299408
0567_LITTLE_BUCK,0726,444,581,45.00021780964021,-120.56076554978503,0.9977263808250427
0567_LITTLE_BUCK,0726,307,450,45.037174489439955,-120.6107255404534,0.9976359009742737
0567_LITTLE_BUCK,0726,750,669,44.917672232861214,-120.52720464002306,0.9981716275215149
0567_LITTLE_BUCK,0726,602,359,44.957596237316416,-120.64543057213908,0.9732876420021057
0567_LITTLE_BUCK,0726,924,706,44.87073455194766,-120.51309380296405,0.997674822807312
0567_LITTLE_BUCK,0726,796,460,44.905263420665676,-120.60691180070773,0.9230261445045471
0567_LITTLE_BUCK,0726,622,702,44.95220110157923,-120.51461929886231,0.9979522824287415
0567_LITTLE_BUCK,0726,656,553,44.943029370826004,-120.57144402107292,0.9975287914276123
0567_LITTLE_BUCK,0726,722,446,44.92522542289328,-120.61225103635168,0.9966142773628235
0567_LITTLE_BUCK,0726,962,704,44.860483794047006,-120.51385655091319,0.8805754780769348
0567_LITTLE_BUCK,0726,250,453,45.05255062629095,-120.6095814185297,0.9662001729011536
0567_LITTLE_BUCK,0726,900,838,44.87720871483229,-120.4627524383211,0.9350461959838867
0567_LITTLE_BUCK,0726,628,566,44.95058256085807,-120.56648615940354,0.9974916577339172
0567_LITTLE_BUCK,0726,668,777,44.93979228938369,-120.48601625076974,0.8687615394592285
0567_LITTLE_BUCK,0726,71,353,45.10083709113879,-120.64771881598648,0.998644232749939
0567_LITTLE_BUCK,0726,123,326,45.0868097382221,-120.65801591329982,0.999904215335846
0567_LITTLE_BUCK,0726,667,546,44.940062046170546,-120.5741136388949,0.9977378845214844
0567_LITTLE_BUCK,0726,326,270,45.03204911048963,-120.67937285587561,0.9957545399665833
0567_LITTLE_BUCK,0726,219,362,45.06091308668359,-120.64428645021538,0.9948264360427856
0567_LITTLE_BUCK,0726,598,364,44.95867526446385,-120.64352370226624,0.9874942302703857
0567_LITTLE_BUCK,0726,782,810,44.90904001568171,-120.473430909609,0.9983016848564148
0567_LITTLE_BUCK,0726,238,319,45.05578770773326,-120.66068553112179,0.9859582185745239
0567_LITTLE_BUCK,0726,120,349,45.08761900858268,-120.64924431188476,0.9995731115341187
0567_LITTLE_BUCK,0726,807,831,44.902296096010225,-120.46542205614307,0.996697187423706
0567_LITTLE_BUCK,0726,175,292,45.07278238530541,-120.67098262843513,0.8539174199104309
0567_LITTLE_BUCK,0726,721,443,44.92549517968014,-120.61339515827538,0.9977290034294128
0567_LITTLE_BUCK,0726,101,316,45.09274438753301,-120.6618296530455,0.998204231262207
0567_LITTLE_BUCK,0726,947,711,44.8645301458499,-120.51118693309121,0.9873418807983398
0567_LITTLE_BUCK,0726,671,417,44.93898301902311,-120.62331088161415,0.9946303367614746
0567_LITTLE_BUCK,0726,421,589,45.00642221573798,-120.55771455798848,0.9981040358543396
0567_LITTLE_BUCK,0726,107,360,45.091125846811856,-120.64504919816451,0.9999544620513916
0567_LITTLE_BUCK,0726,871,830,44.88503166165122,-120.46580343011765,0.8513611555099487
0567_LITTLE_BUCK,0726,578,604,44.964070400201045,-120.55199394836997,0.9248653650283813
0567_LITTLE_BUCK,0726,310,492,45.03636521907938,-120.59470783352155,0.8565500974655151
0567_LITTLE_BUCK,0726,755,456,44.91632344892692,-120.608437296606,0.9988700151443481
0567_LITTLE_BUCK,0726,720,830,44.925764936467,-120.46580343011765,0.9629122614860535
0567_LITTLE_BUCK,0726,289,281,45.04203011160343,-120.67517774215537,0.9781259298324585
0567_LITTLE_BUCK,0726,222,394,45.060103816323014,-120.63208248302921,0.9967886209487915
0567_LITTLE_BUCK,0726,935,759,44.86776722729221,-120.49288098231196,0.9998635649681091
0567_LITTLE_BUCK,0726,847,843,44.89150582453584,-120.46084556844826,0.9921302199363708
0567_LITTLE_BUCK,0726,244,495,45.054169167012105,-120.59356371159785,0.6475973129272461
0567_LITTLE_BUCK,0726,69,392,45.10137660471251,-120.63284523097835,0.9234179854393005
0567_LITTLE_BUCK,0726,576,581,44.96460991377476,-120.56076554978503,0.7872159481048584
0567_LITTLE_BUCK,0726,652,516,44.944108397973444,-120.58555485813193,0.997714638710022
0567_LITTLE_BUCK,0726,622,359,44.95220110157923,-120.64543057213908,0.9669784903526306
0567_LITTLE_BUCK,0726,577,666,44.9643401569879,-120.52834876194676,0.9241568446159363
0567_LITTLE_BUCK,0726,227,386,45.05875503238872,-120.63513347482575,0.9921172261238098
0567_LITTLE_BUCK,0726,442,517,45.00075732321393,-120.58517348415737,0.9977275729179382
0567_LITTLE_BUCK,0726,647,551,44.94545718190774,-120.57220676902206,0.997560441493988
0567_LITTLE_BUCK,0726,811,523,44.901217068862785,-120.58288524030996,0.9965555667877197
0567_LITTLE_BUCK,0726,208,327,45.06388041133905,-120.65763453932524,0.9911878108978271
0567_LITTLE_BUCK,0726,820,453,44.89878925778105,-120.6095814185297,0.9638491272926331
0567_LITTLE_BUCK,0726,338,248,45.028812029047316,-120.6877630833161,0.9967777132987976
0567_LITTLE_BUCK,0726,941,766,44.86614868657105,-120.49021136448998,0.9998047351837158
0567_LITTLE_BUCK,0726,442,248,45.00075732321393,-120.6877630833161,0.9987462759017944
0567_LITTLE_BUCK,0726,269,379,45.04742524734062,-120.63780309264773,0.9974714517593384
0567_LITTLE_BUCK,0726,928,696,44.86965552480023,-120.51690754270973,0.9922906756401062
0567_LITTLE_BUCK,0726,828,720,44.89663120348617,-120.5077545673201,0.9982848167419434
0567_LITTLE_BUCK,0726,720,811,44.925764936467,-120.47304953563443,0.996910035610199
0567_LITTLE_BUCK,0726,751,454,44.91740247607435,-120.60920004455514,0.999019205570221
0567_LITTLE_BUCK,0726,219,354,45.06091308668359,-120.64733744201192,0.9979038834571838
0567_LITTLE_BUCK,0726,389,565,45.01505443291748,-120.56686753337812,0.9974090456962585
0567_LITTLE_BUCK,0726,415,602,45.00804075645914,-120.5527566963191,0.9906025528907776
0567_LITTLE_BUCK,0726,176,410,45.07251262851855,-120.62598049943612,0.9976027607917786
0567_LITTLE_BUCK,0726,215,405,45.06199211383103,-120.62788736930897,0.9969903230667114
0567_LITTLE_BUCK,0726,928,820,44.86965552480023,-120.46961716986331,0.9885891675949097
0567_LITTLE_BUCK,0726,656,765,44.943029370826004,-120.49059273846454,0.605734646320343
0567_LITTLE_BUCK,0726,453,589,44.997789998558474,-120.55771455798848,0.977074384689331
0567_LITTLE_BUCK,0726,82,273,45.09786976648334,-120.67822873395191,0.5094113349914551
0567_LITTLE_BUCK,0726,590,726,44.96083331875873,-120.50546632347269,0.839952290058136
0567_LITTLE_BUCK,0726,384,574,45.01640321685178,-120.563435167607,0.9965935349464417
0567_LITTLE_BUCK,0726,912,699,44.87397163338998,-120.51576342078603,0.9958990812301636
0567_LITTLE_BUCK,0726,778,574,44.910119042829145,-120.563435167607,0.9985966086387634
0567_LITTLE_BUCK,0726,383,204,45.01667297363864,-120.70454353819709,0.9966903924942017
0567_LITTLE_BUCK,0726,147,474,45.08033557533747,-120.60157256506378,0.7094581723213196
0567_LITTLE_BUCK,0726,428,580,45.00453391822996,-120.5611469237596,0.9990964531898499
0567_LITTLE_BUCK,0726,225,322,45.05929454596244,-120.65954140919808,0.9829025864601135
0567_LITTLE_BUCK,0726,85,304,45.097060496122765,-120.6664061407403,0.7139735817909241
0567_LITTLE_BUCK,0726,321,447,45.03339789442393,-120.61186966237712,0.9979304671287537
0567_LITTLE_BUCK,0726,183,477,45.070624331010535,-120.60042844314007,0.7613757848739624
0567_LITTLE_BUCK,0726,590,541,44.96083331875873,-120.57602050876774,0.8099320530891418
0567_LITTLE_BUCK,0726,615,550,44.954089399087245,-120.57258814299662,0.9833320379257202
0567_LITTLE_BUCK,0726,784,799,44.90850050210799,-120.47762602332924,0.9992572665214539
0567_LITTLE_BUCK,0726,771,619,44.91200734033716,-120.54627333875145,0.9978535771369934
0567_LITTLE_BUCK,0726,742,479,44.91983028715609,-120.59966569519094,0.9991981387138367
0567_LITTLE_BUCK,0726,905,806,44.875859930897995,-120.47495640550727,0.9986276030540466
0567_LITTLE_BUCK,0726,569,314,44.966498211282776,-120.66259240099463,0.6407451629638672
0567_LITTLE_BUCK,0726,727,836,44.92387663895898,-120.46351518627023,0.7838430404663086
0567_LITTLE_BUCK,0726,806,542,44.90256585279708,-120.57563913479316,0.5724864602088928
0567_LITTLE_BUCK,0726,814,847,44.90040779850221,-120.45932007254999,0.9927777647972107
0567_LITTLE_BUCK,0726,630,359,44.950043047284346,-120.64543057213908,0.972957193851471
0567_LITTLE_BUCK,0726,607,356,44.95624745338212,-120.64657469406278,0.9862443804740906
0567_LITTLE_BUCK,0726,437,553,45.00210610714823,-120.57144402107292,0.9974116683006287
0567_LITTLE_BUCK,0726,454,573,44.99752024177162,-120.56381654158157,0.9924972057342529
0567_LITTLE_BUCK,0726,870,686,44.885301418438075,-120.5207212824554,0.9637322425842285
0567_LITTLE_BUCK,0726,329,301,45.031239840129054,-120.66755026266401,0.9975966811180115
0567_LITTLE_BUCK,0726,184,322,45.07035457422367,-120.65954140919808,0.9960331320762634
0567_LITTLE_BUCK,0726,862,842,44.88745947273295,-120.46122694242283,0.996547520160675
0567_LITTLE_BUCK,0726,369,590,45.02044956865467,-120.55733318401391,0.9401304721832275
0567_LITTLE_BUCK,0726,292,485,45.041220841242854,-120.59737745134353,0.9578615427017212
0567_LITTLE_BUCK,0726,358,226,45.02341689331013,-120.6961533107566,0.9971232414245605
0567_LITTLE_BUCK,0726,334,289,45.02989105619476,-120.67212675035883,0.9943253993988037
0567_LITTLE_BUCK,0726,876,684,44.88368287771692,-120.52148403040454,0.9167123436927795
0567_LITTLE_BUCK,0726,417,289,45.00750124288542,-120.67212675035883,0.9976704120635986
0567_LITTLE_BUCK,0726,416,538,45.007770999672275,-120.57716463069144,0.997645914554596
0567_LITTLE_BUCK,0726,614,718,44.9543591558741,-120.50851731526923,0.9906546473503113
0567_LITTLE_BUCK,0726,69,358,45.10137660471251,-120.64581194611365,0.9986240267753601
0567_LITTLE_BUCK,0726,775,568,44.91092831318973,-120.5657234114544,0.9995388984680176
0567_LITTLE_BUCK,0726,358,199,45.02341689331013,-120.70645040806993,0.9720052480697632
0567_LITTLE_BUCK,0726,635,500,44.94869426335005,-120.59165684172501,0.9984350204467773
0567_LITTLE_BUCK,0726,771,459,44.91200734033716,-120.6072931746823,0.9962028861045837
0567_LITTLE_BUCK,0726,774,804,44.911198069976585,-120.4757191534564,0.9992455840110779
0567_LITTLE_BUCK,0726,567,604,44.967037724856496,-120.55199394836997,0.8075376749038696
0567_LITTLE_BUCK,0726,782,577,44.90904001568171,-120.5622910456833,0.9834476113319397
0567_LITTLE_BUCK,0726,828,673,44.89663120348617,-120.52567914412478,0.5616878867149353
0567_LITTLE_BUCK,0726,158,291,45.07736825068202,-120.67136400240969,0.964624285697937
0567_LITTLE_BUCK,0726,464,514,44.99482267390302,-120.58631760608107,0.9986969828605652
0567_LITTLE_BUCK,0726,358,524,45.02341689331013,-120.58250386633539,0.991205632686615
0567_LITTLE_BUCK,0726,110,263,45.09031657645127,-120.68204247369759,0.5121266841888428
0567_LITTLE_BUCK,0726,467,556,44.994013403542446,-120.57029989914922,0.959733247756958
0567_LITTLE_BUCK,0726,742,428,44.91983028715609,-120.6191157678939,0.6238796710968018
0567_LITTLE_BUCK,0726,74,292,45.100027820778216,-120.67098262843513,0.5486819744110107
0567_LITTLE_BUCK,0726,222,418,45.060103816323014,-120.62292950763958,0.8776618242263794
0567_LITTLE_BUCK,0726,462,562,44.99536218747674,-120.56801165530182,0.9828429818153381
0567_LITTLE_BUCK,0726,856,764,44.88907801345411,-120.49097411243912,0.9989794492721558
0567_LITTLE_BUCK,0726,106,277,45.09139560359871,-120.67670323805363,0.792924702167511
0567_LITTLE_BUCK,0726,634,544,44.94896402013691,-120.57487638684404,0.991890013217926
0567_LITTLE_BUCK,0726,666,564,44.94033180295741,-120.56724890735268,0.9977757930755615
0567_LITTLE_BUCK,0726,99,408,45.09328390110673,-120.62674324738525,0.9988042116165161
0567_LITTLE_BUCK,0726,763,829,44.914165394632036,-120.46618480409221,0.980715811252594
0567_LITTLE_BUCK,0726,224,306,45.059564302749294,-120.66564339279117,0.9560647010803223
0567_LITTLE_BUCK,0726,803,700,44.90337512315766,-120.51538204681145,0.9342286586761475
0567_LITTLE_BUCK,0726,941,785,44.86614868657105,-120.4829652589732,0.99732905626297
0567_LITTLE_BUCK,0726,964,756,44.859944280473286,-120.49402510423566,0.9991536140441895
0567_LITTLE_BUCK,0726,360,572,45.02287737973641,-120.56419791555614,0.7705133557319641
0567_LITTLE_BUCK,0726,233,308,45.057136491667556,-120.66488064484204,0.9416340589523315
0567_LITTLE_BUCK,0726,399,620,45.012356865048886,-120.54589196477689,0.908873438835144
0567_LITTLE_BUCK,0726,976,714,44.85670719903097,-120.51004281116751,0.6476134061813354
0567_LITTLE_BUCK,0726,495,590,44.98646021351038,-120.55733318401391,0.6172624826431274
0567_LITTLE_BUCK,0726,128,414,45.085460954287804,-120.62445500353785,0.9988294839859009
0567_LITTLE_BUCK,0726,460,489,44.99590170105046,-120.59585195544527,0.9982046484947205
0567_LITTLE_BUCK,0726,461,227,44.9956319442636,-120.69577193678202,0.9939989447593689
0567_LITTLE_BUCK,0726,793,520,44.90607269102625,-120.58402936223366,0.9999473094940186
0567_LITTLE_BUCK,0726,615,670,44.954089399087245,-120.5268232660485,0.9978460669517517
0567_LITTLE_BUCK,0726,164,406,45.07574970996086,-120.62750599533439,0.9978792071342468
0567_LITTLE_BUCK,0726,767,666,44.9130863674846,-120.52834876194676,0.9801883101463318
0567_LITTLE_BUCK,0726,224,363,45.059564302749294,-120.64390507624081,0.996282696723938
0567_LITTLE_BUCK,0726,645,400,44.945996695481455,-120.6297942391818,0.9980588555335999
0567_LITTLE_BUCK,0726,475,277,44.991855349247565,-120.67670323805363,0.9976432919502258
0567_LITTLE_BUCK,0726,66,383,45.10218587507309,-120.63627759674945,0.9837615489959717
0567_LITTLE_BUCK,0726,823,466,44.89797998742047,-120.60462355686032,0.9963921308517456
0567_LITTLE_BUCK,0726,804,511,44.9031053663708,-120.58746172800477,0.9999948143959045
0567_LITTLE_BUCK,0726,244,482,45.054169167012105,-120.59852157326723,0.8923026323318481
0567_LITTLE_BUCK,0726,374,287,45.01910078472037,-120.67288949830797,0.997617781162262
0567_LITTLE_BUCK,0726,175,398,45.07278238530541,-120.63055698713093,0.9975287914276123
0567_LITTLE_BUCK,0726,66,392,45.10218587507309,-120.63284523097835,0.8036568760871887
0567_LITTLE_BUCK,0726,398,179,45.01262662183575,-120.71407788756129,0.7240180969238281
0567_LITTLE_BUCK,0726,343,233,45.02746324511302,-120.69348369293462,0.9924046993255615
0567_LITTLE_BUCK,0726,463,582,44.99509243068988,-120.56038417581046,0.8674029111862183
0567_LITTLE_BUCK,0726,418,556,45.007231486098554,-120.57029989914922,0.9979856610298157
0567_LITTLE_BUCK,0726,198,387,45.06657797920764,-120.63475210085117,0.9971914887428284
0567_LITTLE_BUCK,0726,617,537,44.953549885513524,-120.577546004666,0.9715888500213623
0567_LITTLE_BUCK,0726,227,392,45.05875503238872,-120.63284523097835,0.9962612986564636
0567_LITTLE_BUCK,0726,586,610,44.961912345906164,-120.54970570452255,0.9285101294517517
0567_LITTLE_BUCK,0726,224,329,45.059564302749294,-120.65687179137612,0.9940276145935059
0567_LITTLE_BUCK,0726,202,322,45.0654989520602,-120.65954140919808,0.9793290495872498
0567_LITTLE_BUCK,0726,747,453,44.91848150322179,-120.6095814185297,0.9988762736320496
0567_LITTLE_BUCK,0726,679,406,44.93682496472824,-120.62750599533439,0.9178075194358826
0567_LITTLE_BUCK,0726,138,305,45.08276338641921,-120.66602476676574,0.9986494183540344
0567_LITTLE_BUCK,0726,878,773,44.8831433641432,-120.487541746668,0.99853515625
0567_LITTLE_BUCK,0726,221,357,45.06037357310987,-120.64619332008822,0.9973636865615845
0567_LITTLE_BUCK,0726,240,353,45.055248194159546,-120.64771881598648,0.9970275163650513
0567_LITTLE_BUCK,0726,313,469,45.0355559487188,-120.60347943493662,0.9929835796356201
0567_LITTLE_BUCK,0726,873,808,44.8844921480775,-120.47419365755813,0.9984683394432068
0567_LITTLE_BUCK,0726,641,692,44.947075722628895,-120.518433038608,0.9980627298355103
0567_LITTLE_BUCK,0726,710,789,44.92846250433559,-120.48143976307492,0.9976646304130554
0567_LITTLE_BUCK,0726,375,212,45.018831027933516,-120.70149254640054,0.9984318614006042
0567_LITTLE_BUCK,0726,645,480,44.945996695481455,-120.59928432121637,0.9988457560539246
0567_LITTLE_BUCK,0726,561,366,44.96865626557765,-120.6427609543171,0.9982205033302307
0567_LITTLE_BUCK,0726,406,162,45.01046856754087,-120.72056124512893,0.5416331887245178
0567_LITTLE_BUCK,0726,182,448,45.07089408779739,-120.61148828840254,0.998120903968811
0567_LITTLE_BUCK,0726,237,455,45.05605746452012,-120.60881867058058,0.959104597568512
0567_LITTLE_BUCK,0726,593,378,44.96002404839815,-120.63818446662229,0.9987378716468811
0567_LITTLE_BUCK,0726,88,460,45.09625122576218,-120.60691180070773,0.7559829950332642
0567_LITTLE_BUCK,0726,494,597,44.98672997029724,-120.55466356619193,0.7739933133125305
0567_LITTLE_BUCK,0726,575,682,44.96487967056162,-120.52224677835368,0.9891226291656494
0567_LITTLE_BUCK,0726,701,433,44.93089031541733,-120.61720889802106,0.9969860315322876
0567_LITTLE_BUCK,0726,457,533,44.99671097141104,-120.57907150056428,0.9976583123207092
0567_LITTLE_BUCK,0726,367,190,45.02098908222839,-120.70988277384104,0.9792600870132446
0567_LITTLE_BUCK,0726,314,465,45.035286191931945,-120.6050049308349,0.9947937726974487
0567_LITTLE_BUCK,0726,947,771,44.8645301458499,-120.48830449461714,0.9992800951004028
0567_LITTLE_BUCK,0726,917,751,44.87262284945568,-120.4959319741085,0.999739408493042
0567_LITTLE_BUCK,0726,355,193,45.024226163670704,-120.70873865191733,0.9460790753364563
0567_LITTLE_BUCK,0726,312,449,45.03582570550566,-120.61110691442798,0.9978892803192139
0567_LITTLE_BUCK,0726,98,363,45.09355365789359,-120.64390507624081,0.9999759197235107
0567_LITTLE_BUCK,0726,169,397,45.07440092602656,-120.6309383611055,0.9975927472114563
0567_LITTLE_BUCK,0726,382,525,45.0169427304255,-120.58212249236082,0.9978464245796204
0567_LITTLE_BUCK,0726,793,458,44.90607269102625,-120.60767454865686,0.9144229292869568
0567_LITTLE_BUCK,0726,628,552,44.95058256085807,-120.5718253950475,0.9897041320800781
0567_LITTLE_BUCK,0726,534,330,44.975939698822856,-120.65649041740154,0.9969140887260437
0567_LITTLE_BUCK,0726,648,667,44.94518742512088,-120.5279673879722,0.9986900091171265
0567_LITTLE_BUCK,0726,731,826,44.92279761181154,-120.46732892601591,0.9736355543136597
0567_LITTLE_BUCK,0726,792,769,44.90634244781312,-120.48906724256628,0.9991624355316162
0567_LITTLE_BUCK,0726,247,327,45.05335989665153,-120.65763453932524,0.9965680241584778
0567_LITTLE_BUCK,0726,301,286,45.038793030161116,-120.67327087228253,0.9866161942481995
0567_LITTLE_BUCK,0726,779,613,44.90984928604229,-120.54856158259885,0.9532761573791504
0567_LITTLE_BUCK,0726,441,245,45.00102708000079,-120.68890720523981,0.9987837076187134
0567_LITTLE_BUCK,0726,423,505,45.00588270216426,-120.58974997185217,0.9977841973304749
0567_LITTLE_BUCK,0726,731,823,44.92279761181154,-120.46847304793961,0.966532826423645
0567_LITTLE_BUCK,0726,667,719,44.940062046170546,-120.50813594129467,0.9981642961502075
0567_LITTLE_BUCK,0726,716,816,44.92684396361444,-120.47114266576159,0.989431619644165
0567_LITTLE_BUCK,0726,210,416,45.06334089776533,-120.62369225558871,0.9963962435722351
0567_LITTLE_BUCK,0726,116,382,45.08869803573012,-120.63665897072401,0.9983901381492615
0567_LITTLE_BUCK,0726,340,215,45.028272515473596,-120.70034842447684,0.9376928806304932
0567_LITTLE_BUCK,0726,653,496,44.94383864118658,-120.59318233762329,0.998307466506958
0567_LITTLE_BUCK,0726,434,491,45.002915377508806,-120.59508920749613,0.998124361038208
0567_LITTLE_BUCK,0726,545,320,44.972972374167405,-120.66030415714722,0.9864565134048462
0567_LITTLE_BUCK,0726,928,808,44.86965552480023,-120.47419365755813,0.980160117149353
0567_LITTLE_BUCK,0726,44,332,45.108120524384,-120.6557276694524,0.5708222389221191
0567_LITTLE_BUCK,0726,653,407,44.94383864118658,-120.62712462135983,0.9981042742729187
0567_LITTLE_BUCK,0726,217,431,45.06145260025731,-120.6179716459702,0.9906541109085083
0567_LITTLE_BUCK,0726,399,218,45.012356865048886,-120.69920430255314,0.9990860223770142
0567_LITTLE_BUCK,0726,62,300,45.10326490222053,-120.66793163663858,0.919667661190033
0567_LITTLE_BUCK,0726,810,825,44.90148682564964,-120.46771029999047,0.991473913192749
0567_LITTLE_BUCK,0726,238,333,45.05578770773326,-120.65534629547784,0.9971967339515686
0567_LITTLE_BUCK,0726,892,689,44.87936676912717,-120.5195771605317,0.7759681940078735
0567_LITTLE_BUCK,0726,231,408,45.05767600524128,-120.62674324738525,0.9243793487548828
0567_LITTLE_BUCK,0726,659,509,44.94222010046543,-120.58822447595391,0.9980902671813965
0567_LITTLE_BUCK,0726,84,302,45.09733025290962,-120.66716888868945,0.7616545557975769
0567_LITTLE_BUCK,0726,506,305,44.983492888854926,-120.66602476676574,0.9935985207557678
0567_LITTLE_BUCK,0726,392,198,45.014245162556904,-120.7068317820445,0.9966663122177124
0567_LITTLE_BUCK,0726,928,697,44.86965552480023,-120.51652616873515,0.9932597875595093
0567_LITTLE_BUCK,0726,745,668,44.91902101679551,-120.52758601399762,0.9983011484146118
0567_LITTLE_BUCK,0726,176,460,45.07251262851855,-120.60691180070773,0.9952411651611328
0567_LITTLE_BUCK,0726,669,351,44.93952253259683,-120.64848156393562,0.7598746418952942
0567_LITTLE_BUCK,0726,395,594,45.01343589219633,-120.55580768811565,0.9939408898353577
0567_LITTLE_BUCK,0726,677,734,44.93736447830195,-120.50241533167615,0.9979540109634399
0567_LITTLE_BUCK,0726,955,769,44.862372091555024,-120.48906724256628,0.9993672370910645
0567_LITTLE_BUCK,0726,816,488,44.89986828492849,-120.59623332941983,0.9992834329605103
0567_LITTLE_BUCK,0726,227,339,45.05875503238872,-120.65305805163044,0.9973980188369751
0567_LITTLE_BUCK,0726,400,607,45.01208710826203,-120.55084982644627,0.9512500166893005
0567_LITTLE_BUCK,0726,874,836,44.884222391290635,-120.46351518627023,0.988714337348938
0567_LITTLE_BUCK,0726,499,297,44.98538118636294,-120.66907575856229,0.9951741695404053
0567_LITTLE_BUCK,0726,663,744,44.941141073317986,-120.49860159193047,0.9953195452690125
0567_LITTLE_BUCK,0726,221,367,45.06037357310987,-120.64237958034253,0.995720624923706
0567_LITTLE_BUCK,0726,416,501,45.007770999672275,-120.59127546775045,0.9975287914276123
0567_LITTLE_BUCK,0726,109,273,45.090586333238136,-120.67822873395191,0.6216352581977844
0567_LITTLE_BUCK,0726,669,779,44.93952253259683,-120.4852535028206,0.8139498829841614
0567_LITTLE_BUCK,0726,603,558,44.95732648052955,-120.56953715120008,0.9907233119010925
0567_LITTLE_BUCK,0726,861,825,44.88772922951981,-120.46771029999047,0.9446202516555786
0567_LITTLE_BUCK,0726,635,725,44.94869426335005,-120.50584769744727,0.9872572422027588
0567_LITTLE_BUCK,0726,929,802,44.869385768013366,-120.47648190140553,0.9866130948066711
0567_LITTLE_BUCK,0726,379,556,45.017752000786075,-120.57029989914922,0.9930931925773621
0567_LITTLE_BUCK,0726,697,817,44.93196934256476,-120.47076129178703,0.9609911441802979
0567_LITTLE_BUCK,0726,476,568,44.99158559246071,-120.5657234114544,0.8548892140388489
0567_LITTLE_BUCK,0726,114,330,45.08923754930384,-120.65649041740154,0.9995940327644348
0567_LITTLE_BUCK,0726,801,450,44.90391463673138,-120.6107255404534,0.8849164247512817
0567_LITTLE_BUCK,0726,63,352,45.10299514543367,-120.64810018996106,0.9527407288551331
0567_LITTLE_BUCK,0726,150,369,45.079526304976895,-120.6416168323934,0.9985843300819397
0567_LITTLE_BUCK,0726,201,331,45.06576870884706,-120.65610904342698,0.9798766374588013
0567_LITTLE_BUCK,0726,407,220,45.01019881075401,-120.698441554604,0.9986347556114197
0567_LITTLE_BUCK,0726,117,345,45.08842827894326,-120.65076980778302,0.999904453754425
0567_LITTLE_BUCK,0726,260,404,45.04985305842236,-120.62826874328353,0.99631267786026
0567_LITTLE_BUCK,0726,662,767,44.94141083010484,-120.48982999051542,0.9363320469856262
0567_LITTLE_BUCK,0726,477,541,44.991315835673845,-120.57602050876774,0.9910711646080017
0567_LITTLE_BUCK,0726,241,321,45.05497843737268,-120.65992278317266,0.9825044870376587
0567_LITTLE_BUCK,0726,772,853,44.911737583550305,-120.45703182870258,0.8959891200065613
0567_LITTLE_BUCK,0726,638,648,44.94788499298947,-120.53521349348898,0.999549150466919
0567_LITTLE_BUCK,0726,353,309,45.024765677244424,-120.66449927086747,0.9981070756912231
0567_LITTLE_BUCK,0726,62,299,45.10326490222053,-120.66831301061315,0.9059392809867859
0567_LITTLE_BUCK,0726,100,412,45.093014144319866,-120.62521775148699,0.9982472062110901
0567_LITTLE_BUCK,0726,320,455,45.033667651210784,-120.60881867058058,0.9975287914276123
0567_LITTLE_BUCK,0726,948,767,44.864260389063034,-120.48982999051542,0.999477744102478
0567_LITTLE_BUCK,0726,751,700,44.91740247607435,-120.51538204681145,0.9980915784835815
0567_LITTLE_BUCK,0726,904,772,44.87612968768485,-120.48792312064258,0.9985912442207336
0567_LITTLE_BUCK,0726,451,616,44.998329512132194,-120.54741746067515,0.9673665165901184
0567_LITTLE_BUCK,0726,630,375,44.950043047284346,-120.639328588546,0.9970319867134094
0567_LITTLE_BUCK,0726,64,334,45.10272538864681,-120.65496492150328,0.9889905452728271
0567_LITTLE_BUCK,0726,159,465,45.07709849389516,-120.6050049308349,0.9583649635314941
0567_LITTLE_BUCK,0726,207,455,45.064150168125906,-120.60881867058058,0.992670476436615
0567_LITTLE_BUCK,0726,903,771,44.876399444471716,-120.48830449461714,0.9986521005630493
0567_LITTLE_BUCK,0726,231,349,45.05767600524128,-120.64924431188476,0.9975287914276123
0567_LITTLE_BUCK,0726,965,702,44.85967452368643,-120.51461929886231,0.6777655482292175
0567_LITTLE_BUCK,0726,769,722,44.91254685391088,-120.50699181937097,0.9976633787155151
0567_LITTLE_BUCK,0726,804,728,44.9031053663708,-120.50470357552355,0.9979874491691589
0567_LITTLE_BUCK,0726,655,692,44.94329912761286,-120.518433038608,0.9982472062110901
0567_LITTLE_BUCK,0726,273,461,45.04634622019318,-120.60653042673316,0.9975376129150391
0567_LITTLE_BUCK,0726,288,323,45.04229986839029,-120.65916003522352,0.9975287914276123
0567_LITTLE_BUCK,0726,819,811,44.89905901456791,-120.47304953563443,0.9975287914276123
0567_LITTLE_BUCK,0726,232,370,45.05740624845442,-120.64123545841883,0.991019606590271
0567_LITTLE_BUCK,0726,212,458,45.06280138419161,-120.60767454865686,0.9818425178527832
0567_LITTLE_BUCK,0726,49,345,45.1067717404497,-120.65076980778302,0.9836481213569641
0567_LITTLE_BUCK,0726,696,798,44.93223909935163,-120.47800739730381,0.9799021482467651
0567_LITTLE_BUCK,0726,563,321,44.96811675200394,-120.65992278317266,0.9533212780952454
0567_LITTLE_BUCK,0726,328,237,45.03150959691591,-120.69195819703636,0.9869462847709656
0567_LITTLE_BUCK,0726,179,385,45.07170335815797,-120.63551484880031,0.9976488351821899
0567_LITTLE_BUCK,0726,674,758,44.938173748662535,-120.49326235628652,0.9810762405395508
0567_LITTLE_BUCK,0726,237,308,45.05605746452012,-120.66488064484204,0.9252278208732605
0567_LITTLE_BUCK,0726,693,443,44.9330483697122,-120.61339515827538,0.9976123571395874
0567_LITTLE_BUCK,0726,208,423,45.06388041133905,-120.62102263776674,0.9937984943389893
0567_LITTLE_BUCK,0726,771,608,44.91200734033716,-120.55046845247169,0.9924907088279724
0567_LITTLE_BUCK,0726,651,562,44.9443781547603,-120.56801165530182,0.9975560307502747
0567_LITTLE_BUCK,0726,558,337,44.969465535938234,-120.65382079957958,0.9961956143379211
0567_LITTLE_BUCK,0726,165,279,45.075479953174,-120.67594049010451,0.5165750980377197
0567_LITTLE_BUCK,0726,164,451,45.07574970996086,-120.61034416647884,0.9976701736450195
0567_LITTLE_BUCK,0726,899,705,44.87747847161915,-120.51347517693861,0.99757981300354
0567_LITTLE_BUCK,0726,821,704,44.89851950099419,-120.51385655091319,0.9802022576332092
0567_LITTLE_BUCK,0726,971,764,44.85805598296527,-120.49097411243912,0.9922860264778137
0567_LITTLE_BUCK,0726,465,242,44.99455291711616,-120.69005132716352,0.9946283102035522
0567_LITTLE_BUCK,0726,480,259,44.99050656531327,-120.68356796959586,0.9867556691169739
0567_LITTLE_BUCK,0726,599,556,44.95840550767699,-120.57029989914922,0.976665735244751
0567_LITTLE_BUCK,0726,195,467,45.06738724956822,-120.60424218288576,0.995547890663147
0567_LITTLE_BUCK,0726,733,825,44.922258098237826,-120.46771029999047,0.969666063785553
0567_LITTLE_BUCK,0726,404,202,45.01100808111459,-120.70530628614623,0.9966197609901428
0567_LITTLE_BUCK,0726,704,433,44.930081045056745,-120.61720889802106,0.9936789870262146
0567_LITTLE_BUCK,0726,717,440,44.926574206827574,-120.61453928019908,0.9977377653121948
0567_LITTLE_BUCK,0726,674,744,44.938173748662535,-120.49860159193047,0.9962866306304932
0567_LITTLE_BUCK,0726,109,370,45.090586333238136,-120.64123545841883,0.9997667670249939
0567_LITTLE_BUCK,0726,349,571,45.02584470439186,-120.5645792895307,0.8304941654205322
0567_LITTLE_BUCK,0726,926,684,44.87019503837394,-120.52148403040454,0.7679271101951599
0567_LITTLE_BUCK,0726,254,478,45.05147159914351,-120.60004706916551,0.9295685291290283
0567_LITTLE_BUCK,0726,845,846,44.89204533810956,-120.45970144652455,0.9880019426345825
0567_LITTLE_BUCK,0726,779,789,44.90984928604229,-120.48143976307492,0.9998772740364075
0567_LITTLE_BUCK,0726,357,196,45.023686650096984,-120.70759452999363,0.9741459488868713
0567_LITTLE_BUCK,0726,946,746,44.864799902636754,-120.49783884398134,0.9989535808563232
0567_LITTLE_BUCK,0726,354,236,45.02449592045756,-120.69233957101092,0.9975193738937378
0567_LITTLE_BUCK,0726,932,727,44.86857649765279,-120.50508494949813,0.9989955425262451
0567_LITTLE_BUCK,0726,967,792,44.85913501011271,-120.48029564115122,0.9382612705230713
0567_LITTLE_BUCK,0726,110,353,45.09031657645127,-120.64771881598648,0.999946117401123
0567_LITTLE_BUCK,0726,589,571,44.96110307554559,-120.5645792895307,0.9923400282859802
0567_LITTLE_BUCK,0726,429,569,45.0042641614431,-120.56534203747984,0.9991365075111389
0567_LITTLE_BUCK,0726,360,194,45.02287737973641,-120.70835727794277,0.9770704507827759
0567_LITTLE_BUCK,0726,682,438,44.936015694367654,-120.61530202814822,0.9979001879692078
0567_LITTLE_BUCK,0726,145,451,45.08087508891119,-120.61034416647884,0.9986568689346313
0567_LITTLE_BUCK,0726,720,810,44.925764936467,-120.473430909609,0.9972977042198181
0567_LITTLE_BUCK,0726,832,697,44.89555217633873,-120.51652616873515,0.9979040026664734
0567_LITTLE_BUCK,0726,311,453,45.03609546229252,-120.6095814185297,0.997534990310669
0567_LITTLE_BUCK,0726,671,792,44.93898301902311,-120.48029564115122,0.8535833954811096
0567_LITTLE_BUCK,0726,904,705,44.87612968768485,-120.51347517693861,0.9977245926856995
0567_LITTLE_BUCK,0726,160,448,45.0768287371083,-120.61148828840254,0.9982360601425171
0567_LITTLE_BUCK,0726,757,832,44.9157839353532,-120.4650406821685,0.9529539346694946
0567_LITTLE_BUCK,0726,937,763,44.86722771371849,-120.49135548641368,0.9998037219047546
0567_LITTLE_BUCK,0726,968,710,44.858865253325845,-120.51156830706577,0.957000732421875
0567_LITTLE_BUCK,0726,488,588,44.988348511018394,-120.55809593196305,0.5055662393569946
0567_LITTLE_BUCK,0726,654,549,44.943568884399724,-120.5729695169712,0.9975287914276123
0567_LITTLE_BUCK,0726,448,632,44.99913878249277,-120.54131547708207,0.5276736617088318
0567_LITTLE_BUCK,0726,615,640,44.954089399087245,-120.53826448528552,0.9979244470596313
0567_LITTLE_BUCK,0726,648,350,44.94518742512088,-120.6488629379102,0.5940446257591248
0567_LITTLE_BUCK,0726,241,433,45.05497843737268,-120.61720889802106,0.9841983914375305
0567_LITTLE_BUCK,0726,90,314,45.09571171218846,-120.66259240099463,0.9824219346046448
0567_LITTLE_BUCK,0726,757,703,44.9157839353532,-120.51423792488775,0.9979869723320007
0567_LITTLE_BUCK,0726,737,828,44.921179071090386,-120.46656617806677,0.9338533878326416
0567_LITTLE_BUCK,0726,231,358,45.05767600524128,-120.64581194611365,0.9975287914276123
0567_LITTLE_BUCK,0726,149,289,45.07979606176376,-120.67212675035883,0.9630526900291443
0567_LITTLE_BUCK,0726,263,500,45.04904378806177,-120.59165684172501,0.6540164947509766
0567_LITTLE_BUCK,0726,228,401,45.05848527560186,-120.62941286520723,0.9932802319526672
0567_LITTLE_BUCK,0726,682,774,44.936015694367654,-120.48716037269344,0.9928380250930786
0567_LITTLE_BUCK,0726,291,288,45.04149059802971,-120.67250812433339,0.9884671568870544
0567_LITTLE_BUCK,0726,74,373,45.100027820778216,-120.64009133649513,0.9988505244255066
0567_LITTLE_BUCK,0726,396,515,45.01316613540946,-120.5859362321065,0.9973763227462769
0567_LITTLE_BUCK,0726,857,699,44.88880825666725,-120.51576342078603,0.9800495505332947
0567_LITTLE_BUCK,0726,890,834,44.87990628270089,-120.46427793421937,0.9371414184570312
0567_LITTLE_BUCK,0726,652,494,44.944108397973444,-120.59394508557243,0.9982701539993286
0567_LITTLE_BUCK,0726,913,820,44.87370187660312,-120.46961716986331,0.9974489808082581
0567_LITTLE_BUCK,0726,645,481,44.945996695481455,-120.59890294724181,0.998786211013794
0567_LITTLE_BUCK,0726,452,243,44.99805975534534,-120.68966995318894,0.9974995851516724
0567_LITTLE_BUCK,0726,263,390,45.04904378806177,-120.63360797892747,0.9841955900192261
0567_LITTLE_BUCK,0726,93,321,45.094902441827884,-120.65992278317266,0.9980288147926331
0567_LITTLE_BUCK,0726,43,331,45.10839028117086,-120.65610904342698,0.5489080548286438
0567_LITTLE_BUCK,0726,818,478,44.89932877135477,-120.60004706916551,0.9978142380714417
0567_LITTLE_BUCK,0726,200,438,45.06603846563392,-120.61530202814822,0.9975958466529846
0567_LITTLE_BUCK,0726,425,488,45.005343188590544,-120.59623332941983,0.9975453615188599
0567_LITTLE_BUCK,0726,730,832,44.9230673685984,-120.4650406821685,0.8164923787117004
0567_LITTLE_BUCK,0726,518,316,44.98025580741261,-120.6618296530455,0.9968127608299255
0567_LITTLE_BUCK,0726,93,312,45.094902441827884,-120.66335514894377,0.9879549741744995
0567_LITTLE_BUCK,0726,832,700,44.89555217633873,-120.51538204681145,0.9986134767532349
0567_LITTLE_BUCK,0726,414,205,45.008310513245995,-120.70416216422252,0.9966666102409363
0567_LITTLE_BUCK,0726,272,470,45.04661597698004,-120.60309806096205,0.9964690804481506
0567_LITTLE_BUCK,0726,494,248,44.98672997029724,-120.6877630833161,0.5471895337104797
0567_LITTLE_BUCK,0726,669,768,44.93952253259683,-120.48944861654084,0.9612388610839844
0567_LITTLE_BUCK,0726,507,315,44.98322313206806,-120.66221102702006,0.9971586465835571
0567_LITTLE_BUCK,0726,489,281,44.98807875423154,-120.67517774215537,0.9967982769012451
0567_LITTLE_BUCK,0726,377,545,45.018291514359795,-120.57449501286946,0.996868371963501
0567_LITTLE_BUCK,0726,905,852,44.875859930897995,-120.45741320267715,0.9692594408988953
0567_LITTLE_BUCK,0726,402,186,45.01154759468831,-120.71140826973931,0.9871605038642883
0567_LITTLE_BUCK,0726,791,736,44.90661220459997,-120.50165258372701,0.9983046054840088
0567_LITTLE_BUCK,0726,316,274,45.034746678358225,-120.67784735997735,0.9952422380447388
0567_LITTLE_BUCK,0726,213,436,45.06253162740475,-120.61606477609736,0.995703399181366
0567_LITTLE_BUCK,0726,200,376,45.06603846563392,-120.63894721457143,0.9975761771202087
0567_LITTLE_BUCK,0726,668,416,44.93979228938369,-120.62369225558871,0.991462230682373
0567_LITTLE_BUCK,0726,722,438,44.92522542289328,-120.61530202814822,0.9973692297935486
0567_LITTLE_BUCK,0726,781,584,44.90930977246857,-120.55962142786132,0.6891395449638367
0567_LITTLE_BUCK,0726,849,817,44.89096631096213,-120.47076129178703,0.9906589984893799
0567_LITTLE_BUCK,0726,807,773,44.902296096010225,-120.487541746668,0.9984866380691528
0567_LITTLE_BUCK,0726,256,441,45.05093208556979,-120.61415790622452,0.9849789142608643
0567_LITTLE_BUCK,0726,317,451,45.03447692157136,-120.61034416647884,0.9978684186935425
0567_LITTLE_BUCK,0726,332,267,45.03043056976847,-120.68051697779931,0.9971197247505188
0567_LITTLE_BUCK,0726,133,462,45.08411217035351,-120.6061490527586,0.6725659370422363
0567_LITTLE_BUCK,0726,472,597,44.99266461960815,-120.55466356619193,0.5170654654502869
0567_LITTLE_BUCK,0726,629,560,44.95031280407121,-120.56877440325096,0.9973808526992798
0567_LITTLE_BUCK,0726,457,535,44.99671097141104,-120.57830875261514,0.9976243376731873
0567_LITTLE_BUCK,0726,762,827,44.9144351514189,-120.46694755204135,0.9884932637214661
0567_LITTLE_BUCK,0726,209,302,45.063610654552186,-120.66716888868945,0.9501103758811951
0567_LITTLE_BUCK,0726,257,466,45.050662328782934,-120.60462355686032,0.9899899363517761
0567_LITTLE_BUCK,0726,803,506,44.90337512315766,-120.58936859787761,0.9999980330467224
0567_LITTLE_BUCK,0726,604,352,44.957056723742696,-120.64810018996106,0.73665452003479
0567_LITTLE_BUCK,0726,787,568,44.907691231747414,-120.5657234114544,0.992897093296051
0567_LITTLE_BUCK,0726,655,577,44.94329912761286,-120.5622910456833,0.9984312057495117
0567_LITTLE_BUCK,0726,783,452,44.90877025889485,-120.60996279250428,0.6702756285667419
0567_LITTLE_BUCK,0726,87,313,45.096520982549045,-120.6629737749692,0.8872686624526978
0567_LITTLE_BUCK,0726,182,331,45.07089408779739,-120.65610904342698,0.994066596031189
0567_LITTLE_BUCK,0726,588,619,44.961372832332444,-120.54627333875145,0.9962904453277588
0567_LITTLE_BUCK,0726,227,315,45.05875503238872,-120.66221102702006,0.9522258043289185
0567_LITTLE_BUCK,0726,173,387,45.07332189887913,-120.63475210085117,0.9975854158401489
0567_LITTLE_BUCK,0726,422,194,45.00615245895112,-120.70835727794277,0.988434910774231
0567_LITTLE_BUCK,0726,416,529,45.007770999672275,-120.58059699646255,0.9975287914276123
0567_LITTLE_BUCK,0726,581,359,44.96326112984046,-120.64543057213908,0.9982327818870544
0567_LITTLE_BUCK,0726,898,686,44.87774822840601,-120.5207212824554,0.5622440576553345
0567_LITTLE_BUCK,0726,354,187,45.02449592045756,-120.71102689576475,0.8711565136909485
0567_LITTLE_BUCK,0726,448,203,44.99913878249277,-120.70492491217166,0.8794951438903809
0567_LITTLE_BUCK,0726,449,303,44.998869025705915,-120.66678751471487,0.9979909062385559
0567_LITTLE_BUCK,0726,225,422,45.05929454596244,-120.6214040117413,0.8010689616203308
0567_LITTLE_BUCK,0726,207,467,45.064150168125906,-120.60424218288576,0.9861693978309631
0567_LITTLE_BUCK,0726,961,791,44.86075355083386,-120.48067701512578,0.995047926902771
0567_LITTLE_BUCK,0726,243,298,45.05443892379896,-120.66869438458771,0.8382733464241028
0567_LITTLE_BUCK,0726,402,200,45.01154759468831,-120.70606903409536,0.9968549013137817
0567_LITTLE_BUCK,0726,43,344,45.10839028117086,-120.6511511817576,0.8432472348213196
0567_LITTLE_BUCK,0726,797,499,44.90499366387882,-120.59203821569959,0.9999719262123108
0567_LITTLE_BUCK,0726,382,288,45.0169427304255,-120.67250812433339,0.9975874423980713
0567_LITTLE_BUCK,0726,810,810,44.90148682564964,-120.473430909609,0.9977893829345703
0567_LITTLE_BUCK,0726,438,548,45.001836350361366,-120.57335089094576,0.9977197051048279
0567_LITTLE_BUCK,0726,680,756,44.936555207941375,-120.49402510423566,0.9937217235565186
0567_LITTLE_BUCK,0726,453,504,44.997789998558474,-120.59013134582675,0.9988295435905457
0567_LITTLE_BUCK,0726,398,210,45.01262662183575,-120.70225529434968,0.9984869360923767
0567_LITTLE_BUCK,0726,679,432,44.93682496472824,-120.61759027199562,0.9976334571838379
0567_LITTLE_BUCK,0726,780,628,44.90957952925543,-120.54284097298034,0.7443757057189941
0567_LITTLE_BUCK,0726,257,368,45.050662328782934,-120.64199820636797,0.9973436594009399
0567_LITTLE_BUCK,0726,84,344,45.09733025290962,-120.6511511817576,0.9976390600204468
0567_LITTLE_BUCK,0726,153,360,45.07871703461632,-120.64504919816451,0.9968559741973877
0567_LITTLE_BUCK,0726,854,697,44.88961752702783,-120.51652616873515,0.9755287766456604
0567_LITTLE_BUCK,0726,74,459,45.100027820778216,-120.6072931746823,0.89778733253479
0567_LITTLE_BUCK,0726,482,276,44.98996705173955,-120.67708461202821,0.9957990646362305
0567_LITTLE_BUCK,0726,317,271,45.03447692157136,-120.67899148190105,0.9857780933380127
0567_LITTLE_BUCK,0726,888,688,44.88044579627461,-120.51995853450627,0.6955363750457764
0567_LITTLE_BUCK,0726,303,485,45.038253516587396,-120.59737745134353,0.9301398992538452
0567_LITTLE_BUCK,0726,897,822,44.87801798519287,-120.46885442191419,0.9917550683021545
0567_LITTLE_BUCK,0726,260,431,45.04985305842236,-120.6179716459702,0.997109591960907
0567_LITTLE_BUCK,0726,767,460,44.9130863674846,-120.60691180070773,0.9971334338188171
0567_LITTLE_BUCK,0726,308,348,45.0369047326531,-120.64962568585932,0.9978989362716675
0567_LITTLE_BUCK,0726,382,563,45.0169427304255,-120.56763028132724,0.9965553879737854
0567_LITTLE_BUCK,0726,672,731,44.93871326223625,-120.50355945359985,0.998046875
0567_LITTLE_BUCK,0726,464,524,44.99482267390302,-120.58250386633539,0.9976328611373901
0567_LITTLE_BUCK,0726,300,446,45.03906278694797,-120.61225103635168,0.9979436993598938
0567_LITTLE_BUCK,0726,492,265,44.98726948387095,-120.68127972574845,0.9673799872398376
0567_LITTLE_BUCK,0726,244,274,45.054169167012105,-120.67784735997735,0.6605073809623718
0567_LITTLE_BUCK,0726,64,396,45.10272538864681,-120.63131973508007,0.5778691172599792
0567_LITTLE_BUCK,0726,194,473,45.06765700635508,-120.60195393903835,0.9848170280456543
0567_LITTLE_BUCK,0726,907,845,44.875320417324275,-120.46008282049912,0.9385647177696228
0567_LITTLE_BUCK,0726,69,345,45.10137660471251,-120.65076980778302,0.9569042325019836
0567_LITTLE_BUCK,0726,78,451,45.098948793630775,-120.61034416647884,0.9277920126914978
0567_LITTLE_BUCK,0726,841,686,44.893124365257,-120.5207212824554,0.9645012021064758
0567_LITTLE_BUCK,0726,163,414,45.076019466747724,-120.62445500353785,0.9977293610572815
0567_LITTLE_BUCK,0726,651,672,44.9443781547603,-120.52606051809936,0.9986746311187744
0567_LITTLE_BUCK,0726,418,303,45.007231486098554,-120.66678751471487,0.9942394495010376
0567_LITTLE_BUCK,0726,946,788,44.864799902636754,-120.4818211370495,0.9984629154205322
0567_LITTLE_BUCK,0726,551,323,44.971353833446244,-120.65916003522352,0.9931466579437256
0567_LITTLE_BUCK,0726,252,434,45.05201111271723,-120.6168275240465,0.9818032383918762
0567_LITTLE_BUCK,0726,484,285,44.989427538165835,-120.67365224625709,0.9971945881843567
0567_LITTLE_BUCK,0726,673,724,44.93844350544939,-120.50622907142183,0.9983793497085571
0567_LITTLE_BUCK,0726,906,745,44.87559017411113,-120.4982202179559,0.9993364810943604
0567_LITTLE_BUCK,0726,463,249,44.99509243068988,-120.68738170934154,0.9973676204681396
0567_LITTLE_BUCK,0726,438,298,45.001836350361366,-120.66869438458771,0.9975894689559937
0567_LITTLE_BUCK,0726,151,439,45.07925654819004,-120.61492065417366,0.9990890622138977
0567_LITTLE_BUCK,0726,418,519,45.007231486098554,-120.58441073620823,0.9972449541091919
0567_LITTLE_BUCK,0726,687,749,44.93466691043336,-120.49669472205763,0.997666597366333
0567_LITTLE_BUCK,0726,393,583,45.01397540577005,-120.56000280183589,0.9941692352294922
0567_LITTLE_BUCK,0726,630,614,44.950043047284346,-120.54818020862429,0.9976798295974731
0567_LITTLE_BUCK,0726,75,300,45.09975806399136,-120.66793163663858,0.8512428998947144
0567_LITTLE_BUCK,0726,109,350,45.090586333238136,-120.6488629379102,0.9999501705169678
0567_LITTLE_BUCK,0726,308,351,45.0369047326531,-120.64848156393562,0.9978225231170654
0567_LITTLE_BUCK,0726,594,639,44.95975429161129,-120.53864585926009,0.9913675785064697
0567_LITTLE_BUCK,0726,644,358,44.94626645226832,-120.64581194611365,0.9800541400909424
0567_LITTLE_BUCK,0726,630,718,44.950043047284346,-120.50851731526923,0.9975502490997314
0567_LITTLE_BUCK,0726,830,800,44.89609168991245,-120.47724464935467,0.9986811280250549
0567_LITTLE_BUCK,0726,606,549,44.956517210168975,-120.5729695169712,0.9883942008018494
0567_LITTLE_BUCK,0726,792,725,44.90634244781312,-120.50584769744727,0.9972323775291443
0567_LITTLE_BUCK,0726,889,840,44.88017603948774,-120.46198969037196,0.9652745127677917
0567_LITTLE_BUCK,0726,239,493,45.0555179509464,-120.59432645954699,0.6193965077400208
0567_LITTLE_BUCK,0726,74,406,45.100027820778216,-120.62750599533439,0.9960804581642151
0567_LITTLE_BUCK,0726,177,473,45.07224287173169,-120.60195393903835,0.8312833905220032
0567_LITTLE_BUCK,0726,145,306,45.08087508891119,-120.66564339279117,0.9984585642814636
0567_LITTLE_BUCK,0726,968,771,44.858865253325845,-120.48830449461714,0.996227502822876
0567_LITTLE_BUCK,0726,935,718,44.86776722729221,-120.50851731526923,0.9978456497192383
0567_LITTLE_BUCK,0726,100,410,45.093014144319866,-120.62598049943612,0.9982542991638184
0567_LITTLE_BUCK,0726,314,260,45.035286191931945,-120.6831865956213,0.983708381652832
0567_LITTLE_BUCK,0726,450,526,44.99859926891905,-120.58174111838625,0.9982527494430542
0567_LITTLE_BUCK,0726,760,461,44.91497466499262,-120.60653042673316,0.9984094500541687
0567_LITTLE_BUCK,0726,741,823,44.920100043942945,-120.46847304793961,0.9888082146644592
0567_LITTLE_BUCK,0726,49,391,45.1067717404497,-120.63322660495291,0.6442592144012451
0567_LITTLE_BUCK,0726,249,372,45.05282038307781,-120.6404727104697,0.9910244941711426
0567_LITTLE_BUCK,0726,700,446,44.931160072204186,-120.61225103635168,0.9975840449333191
0567_LITTLE_BUCK,0726,278,288,45.04499743625888,-120.67250812433339,0.9654419422149658
0567_LITTLE_BUCK,0726,876,695,44.88368287771692,-120.5172889166843,0.9781978726387024
0567_LITTLE_BUCK,0726,660,526,44.94195034367856,-120.58174111838625,0.9976621270179749
0567_LITTLE_BUCK,0726,785,467,44.908230745321134,-120.60424218288576,0.9993449449539185
0567_LITTLE_BUCK,0726,130,341,45.08492144071408,-120.6522953036813,0.9978652596473694
0567_LITTLE_BUCK,0726,124,302,45.086539981435244,-120.66716888868945,0.998474657535553
0567_LITTLE_BUCK,0726,257,310,45.050662328782934,-120.6641178968929,0.9438806772232056
0567_LITTLE_BUCK,0726,603,644,44.95732648052955,-120.53673898938725,0.9979556798934937
0567_LITTLE_BUCK,0726,194,477,45.06765700635508,-120.60042844314007,0.9456769227981567
0567_LITTLE_BUCK,0726,297,274,45.03987205730856,-120.67784735997735,0.9035302400588989
0567_LITTLE_BUCK,0726,720,833,44.925764936467,-120.46465930819393,0.9380638003349304
0567_LITTLE_BUCK,0726,126,310,45.086000467861524,-120.6641178968929,0.9992574453353882
0567_LITTLE_BUCK,0726,326,287,45.03204911048963,-120.67288949830797,0.9967595934867859
0567_LITTLE_BUCK,0726,700,810,44.931160072204186,-120.473430909609,0.9677611589431763
0567_LITTLE_BUCK,0726,162,357,45.07628922353458,-120.64619332008822,0.9962245225906372
0567_LITTLE_BUCK,0726,150,415,45.079526304976895,-120.62407362956328,0.9982835054397583
0567_LITTLE_BUCK,0726,736,440,44.92144882787724,-120.61453928019908,0.9976651072502136
0567_LITTLE_BUCK,0726,782,765,44.90904001568171,-120.49059273846454,0.9991435408592224
0567_LITTLE_BUCK,0726,667,730,44.940062046170546,-120.50394082757443,0.9980418086051941
0567_LITTLE_BUCK,0726,854,760,44.88961752702783,-120.49249960833738,0.9992804527282715
0567_LITTLE_BUCK,0726,632,539,44.94950353371063,-120.57678325671688,0.9763223528862
0567_LITTLE_BUCK,0726,946,781,44.864799902636754,-120.48449075487146,0.9987858533859253
0567_LITTLE_BUCK,0726,371,234,45.01991005508095,-120.69310231896006,0.9979634881019592
0567_LITTLE_BUCK,0726,128,294,45.085460954287804,-120.67021988048599,0.7674487829208374
0567_LITTLE_BUCK,0726,42,381,45.10866003795772,-120.63704034469859,0.5708988904953003
0567_LITTLE_BUCK,0726,799,483,44.9044541503051,-120.59814019929267,0.9994306564331055
0567_LITTLE_BUCK,0726,125,364,45.08627022464838,-120.64352370226624,0.9983022809028625
0567_LITTLE_BUCK,0726,777,736,44.91038879961601,-120.50165258372701,0.9978658556938171
0567_LITTLE_BUCK,0726,356,296,45.02395640688385,-120.66945713253685,0.9975607991218567
0567_LITTLE_BUCK,0726,278,444,45.04499743625888,-120.61301378430082,0.9979231357574463
0567_LITTLE_BUCK,0726,434,614,45.002915377508806,-120.54818020862429,0.9726198315620422
0567_LITTLE_BUCK,0726,605,556,44.95678696695584,-120.57029989914922,0.9874216914176941
0567_LITTLE_BUCK,0726,667,764,44.940062046170546,-120.49097411243912,0.952708899974823
0567_LITTLE_BUCK,0726,438,610,45.001836350361366,-120.54970570452255,0.9920669198036194
0567_LITTLE_BUCK,0726,661,551,44.94168058689171,-120.57220676902206,0.9979068636894226
0567_LITTLE_BUCK,0726,934,753,44.86803698407907,-120.49516922615936,0.9996296763420105
0567_LITTLE_BUCK,0726,424,218,45.0056129453774,-120.69920430255314,0.9970179796218872
0567_LITTLE_BUCK,0726,644,420,44.94626645226832,-120.62216675969044,0.998544454574585
0567_LITTLE_BUCK,0726,367,563,45.02098908222839,-120.56763028132724,0.7307167053222656
0567_LITTLE_BUCK,0726,66,416,45.10218587507309,-120.62369225558871,0.9850883483886719
0567_LITTLE_BUCK,0726,507,271,44.98322313206806,-120.67899148190105,0.9164977073669434
0567_LITTLE_BUCK,0726,381,559,45.017212487212355,-120.56915577722552,0.9953411221504211
0567_LITTLE_BUCK,0726,186,407,45.06981506064996,-120.62712462135983,0.9976539611816406
0567_LITTLE_BUCK,0726,76,346,45.099488307204496,-120.65038843380846,0.9954142570495605
0567_LITTLE_BUCK,0726,797,473,44.90499366387882,-120.60195393903835,0.9990678429603577
0567_LITTLE_BUCK,0726,599,728,44.95840550767699,-120.50470357552355,0.7600533962249756
0567_LITTLE_BUCK,0726,805,725,44.90283560958394,-120.50584769744727,0.9978297352790833
0567_LITTLE_BUCK,0726,196,323,45.06711749278136,-120.65916003522352,0.990501880645752
0567_LITTLE_BUCK,0726,624,670,44.95166158800551,-120.5268232660485,0.9983245730400085
0567_LITTLE_BUCK,0726,677,390,44.93736447830195,-120.63360797892747,0.7704163789749146
0567_LITTLE_BUCK,0726,871,831,44.88503166165122,-120.46542205614307,0.8682268261909485
0567_LITTLE_BUCK,0726,186,482,45.06981506064996,-120.59852157326723,0.6164411902427673
0567_LITTLE_BUCK,0726,499,282,44.98538118636294,-120.6747963681808,0.9907584190368652
0567_LITTLE_BUCK,0726,313,245,45.0355559487188,-120.68890720523981,0.969189465045929
0567_LITTLE_BUCK,0726,457,250,44.99671097141104,-120.68700033536697,0.997328519821167
0567_LITTLE_BUCK,0726,394,603,45.01370564898318,-120.55237532234453,0.9845508933067322
0567_LITTLE_BUCK,0726,41,345,45.108929794744576,-120.65076980778302,0.7943853139877319
0567_LITTLE_BUCK,0726,199,290,45.06630822242078,-120.67174537638425,0.7494242787361145
0567_LITTLE_BUCK,0726,450,292,44.99859926891905,-120.67098262843513,0.9985774159431458
0567_LITTLE_BUCK,0726,471,252,44.992934376395006,-120.68623758741784,0.9948519468307495
0567_LITTLE_BUCK,0726,861,809,44.88772922951981,-120.47381228358357,0.996142566204071
0567_LITTLE_BUCK,0726,127,454,45.08573071107466,-120.60920004455514,0.9968308806419373
0567_LITTLE_BUCK,0726,438,486,45.001836350361366,-120.59699607736897,0.998002827167511
0567_LITTLE_BUCK,0726,402,622,45.01154759468831,-120.54512921682775,0.8472228050231934
0567_LITTLE_BUCK,0726,887,785,44.880715553061464,-120.4829652589732,0.9985882043838501
0567_LITTLE_BUCK,0726,169,355,45.07440092602656,-120.64695606803735,0.9969142079353333
0567_LITTLE_BUCK,0726,254,388,45.05147159914351,-120.63437072687661,0.9511902928352356
0567_LITTLE_BUCK,0726,895,695,44.87855749876659,-120.5172889166843,0.9599840044975281
0567_LITTLE_BUCK,0726,632,553,44.94950353371063,-120.57144402107292,0.9904378652572632
0567_LITTLE_BUCK,0726,390,597,45.014784676130624,-120.55466356619193,0.9925146102905273
0567_LITTLE_BUCK,0726,269,302,45.04742524734062,-120.66716888868945,0.9542368054389954
0567_LITTLE_BUCK,0726,767,691,44.9130863674846,-120.51881441258257,0.98826664686203
0567_LITTLE_BUCK,0726,311,497,45.03609546229252,-120.59280096364873,0.8783897757530212
0567_LITTLE_BUCK,0726,671,581,44.93898301902311,-120.56076554978503,0.9985382556915283
0567_LITTLE_BUCK,0726,458,539,44.99644121462418,-120.57678325671688,0.9975541234016418
0567_LITTLE_BUCK,0726,338,226,45.028812029047316,-120.6961533107566,0.9808065295219421
0567_LITTLE_BUCK,0726,806,485,44.90256585279708,-120.59737745134353,0.9990166425704956
0567_LITTLE_BUCK,0726,139,422,45.08249362963235,-120.6214040117413,0.9990664124488831
0567_LITTLE_BUCK,0726,856,778,44.88907801345411,-120.48563487679516,0.9992017149925232
0567_LITTLE_BUCK,0726,689,775,44.93412739685964,-120.48677899871888,0.9960517287254333
0567_LITTLE_BUCK,0726,48,395,45.107041497236565,-120.63170110905463,0.5065446496009827
0567_LITTLE_BUCK,0726,770,720,44.912277097124026,-120.5077545673201,0.9975287914276123
0567_LITTLE_BUCK,0726,742,475,44.91983028715609,-120.60119119108921,0.9992400407791138
0567_LITTLE_BUCK,0726,964,746,44.859944280473286,-120.49783884398134,0.9992817640304565
0567_LITTLE_BUCK,0726,947,807,44.8645301458499,-120.4745750315327,0.9896016120910645
0567_LITTLE_BUCK,0726,646,700,44.9457269386946,-120.51538204681145,0.9986945390701294
0567_LITTLE_BUCK,0726,787,795,44.907691231747414,-120.47915151922751,0.999872088432312
0567_LITTLE_BUCK,0726,413,510,45.00858027003285,-120.58784310197935,0.9976298809051514
0567_LITTLE_BUCK,0726,720,817,44.925764936467,-120.47076129178703,0.9924419522285461
0567_LITTLE_BUCK,0726,634,716,44.94896402013691,-120.50928006321837,0.9976423382759094
0567_LITTLE_BUCK,0726,96,297,45.09409317146731,-120.66907575856229,0.6970971822738647
0567_LITTLE_BUCK,0726,451,565,44.998329512132194,-120.56686753337812,0.997157633304596
0567_LITTLE_BUCK,0726,588,595,44.961372832332444,-120.55542631414107,0.9939534068107605
0567_LITTLE_BUCK,0726,297,452,45.03987205730856,-120.60996279250428,0.9961251616477966
0567_LITTLE_BUCK,0726,255,479,45.051201842356654,-120.59966569519094,0.9319567084312439
0567_LITTLE_BUCK,0726,675,444,44.93790399187567,-120.61301378430082,0.998232901096344
0567_LITTLE_BUCK,0726,467,233,44.994013403542446,-120.69348369293462,0.9891155362129211
0567_LITTLE_BUCK,0726,406,211,45.01046856754087,-120.70187392037512,0.9976634383201599
0567_LITTLE_BUCK,0726,102,275,45.09247463074615,-120.67746598600277,0.684169590473175
0567_LITTLE_BUCK,0726,63,355,45.10299514543367,-120.64695606803735,0.9895062446594238
0567_LITTLE_BUCK,0726,448,566,44.99913878249277,-120.56648615940354,0.9975014925003052
0567_LITTLE_BUCK,0726,82,346,45.09786976648334,-120.65038843380846,0.997865617275238
0567_LITTLE_BUCK,0726,200,386,45.06603846563392,-120.63513347482575,0.9975367188453674
0567_LITTLE_BUCK,0726,200,404,45.06603846563392,-120.62826874328353,0.997618556022644
0567_LITTLE_BUCK,0726,787,560,44.907691231747414,-120.56877440325096,0.998643696308136
0567_LITTLE_BUCK,0726,544,313,44.97324213095426,-120.6629737749692,0.9875451922416687
0567_LITTLE_BUCK,0726,594,659,44.95975429161129,-120.53101837976874,0.9963235855102539
0567_LITTLE_BUCK,0726,270,369,45.047155490553756,-120.6416168323934,0.9975312948226929
0567_LITTLE_BUCK,0726,587,348,44.96164258911931,-120.64962568585932,0.7492322325706482
0567_LITTLE_BUCK,0726,930,793,44.86911601122651,-120.47991426717665,0.8311312198638916
0567_LITTLE_BUCK,0726,72,298,45.100567334351936,-120.66869438458771,0.8665781021118164
0567_LITTLE_BUCK,0726,228,397,45.05848527560186,-120.6309383611055,0.9951657652854919
0567_LITTLE_BUCK,0726,794,554,44.9058029342394,-120.57106264709836,0.97085040807724
0567_LITTLE_BUCK,0726,317,297,45.03447692157136,-120.66907575856229,0.9965284466743469
0567_LITTLE_BUCK,0726,154,468,45.07844727782946,-120.6038608089112,0.8196853399276733
0567_LITTLE_BUCK,0726,975,745,44.85697695581783,-120.4982202179559,0.9744125604629517
0567_LITTLE_BUCK,0726,146,337,45.080605332124335,-120.65382079957958,0.9968905448913574
0567_LITTLE_BUCK,0726,614,613,44.9543591558741,-120.54856158259885,0.9974598288536072
0567_LITTLE_BUCK,0726,145,396,45.08087508891119,-120.63131973508007,0.9988530278205872
0567_LITTLE_BUCK,0726,662,372,44.94141083010484,-120.6404727104697,0.9597663879394531
0567_LITTLE_BUCK,0726,775,809,44.91092831318973,-120.47381228358357,0.9990652799606323
0567_LITTLE_BUCK,0726,756,679,44.91605369214005,-120.52339090027738,0.9968848824501038
0567_LITTLE_BUCK,0726,197,387,45.0668477359945,-120.63475210085117,0.9976694583892822
0567_LITTLE_BUCK,0726,451,214,44.998329512132194,-120.7007297984514,0.988503098487854
0567_LITTLE_BUCK,0726,786,456,44.90796098853427,-120.608437296606,0.9649741053581238
0567_LITTLE_BUCK,0726,151,344,45.07925654819004,-120.6511511817576,0.997704267501831
0567_LITTLE_BUCK,0726,376,573,45.01856127114665,-120.56381654158157,0.994141697883606
0567_LITTLE_BUCK,0726,770,790,44.912277097124026,-120.48105838910035,0.9997733235359192
0567_LITTLE_BUCK,0726,777,469,44.91038879961601,-120.60347943493662,0.9990425705909729
0567_LITTLE_BUCK,0726,590,544,44.96083331875873,-120.57487638684404,0.8291600942611694
0567_LITTLE_BUCK,0726,85,308,45.097060496122765,-120.66488064484204,0.7604416608810425
0567_LITTLE_BUCK,0726,425,516,45.005343188590544,-120.58555485813193,0.9977117776870728
0567_LITTLE_BUCK,0726,779,736,44.90984928604229,-120.50165258372701,0.9979450106620789
0567_LITTLE_BUCK,0726,249,291,45.05282038307781,-120.67136400240969,0.6519295573234558
0567_LITTLE_BUCK,0726,828,710,44.89663120348617,-120.51156830706577,0.997527003288269
0567_LITTLE_BUCK,0726,932,695,44.86857649765279,-120.5172889166843,0.9826669096946716
0567_LITTLE_BUCK,0726,271,454,45.0468857337669,-120.60920004455514,0.9976645708084106
0567_LITTLE_BUCK,0726,852,689,44.890157040601544,-120.5195771605317,0.9828651547431946
0567_LITTLE_BUCK,0726,469,240,44.993473889968726,-120.69081407511266,0.992392897605896
0567_LITTLE_BUCK,0726,64,307,45.10272538864681,-120.6652620188166,0.9349198341369629
0567_LITTLE_BUCK,0726,61,302,45.10353465900739,-120.66716888868945,0.9577244520187378
0567_LITTLE_BUCK,0726,794,760,44.9058029342394,-120.49249960833738,0.9992826581001282
0567_LITTLE_BUCK,0726,118,442,45.0881585221564,-120.61377653224994,0.9986235499382019
0567_LITTLE_BUCK,0726,451,620,44.998329512132194,-120.54589196477689,0.9534854292869568
0567_LITTLE_BUCK,0726,791,831,44.90661220459997,-120.46542205614307,0.9973891973495483
0567_LITTLE_BUCK,0726,576,681,44.96460991377476,-120.52262815232824,0.9894528388977051
0567_LITTLE_BUCK,0726,639,366,44.947615236202616,-120.6427609543171,0.9952271580696106
0567_LITTLE_BUCK,0726,591,659,44.96056356197187,-120.53101837976874,0.9950505495071411
0567_LITTLE_BUCK,0726,356,235,45.02395640688385,-120.69272094498548,0.9973975419998169
0567_LITTLE_BUCK,0726,103,409,45.09220487395929,-120.62636187341069,0.9986457824707031
0567_LITTLE_BUCK,0726,387,197,45.0155939464912,-120.70721315601907,0.996472179889679
0567_LITTLE_BUCK,0726,691,426,44.933587883285924,-120.61987851584304,0.9972620606422424
0567_LITTLE_BUCK,0726,805,787,44.90283560958394,-120.48220251102406,0.9997447729110718
0567_LITTLE_BUCK,0726,567,330,44.967037724856496,-120.65649041740154,0.9099082350730896
0567_LITTLE_BUCK,0726,912,709,44.87397163338998,-120.51194968104035,0.9979780912399292
0567_LITTLE_BUCK,0726,817,509,44.89959852814163,-120.58822447595391,0.999995231628418
0567_LITTLE_BUCK,0726,266,264,45.0482345177012,-120.68166109972302,0.6059526205062866
0567_LITTLE_BUCK,0726,145,297,45.08087508891119,-120.66907575856229,0.991908848285675
0567_LITTLE_BUCK,0726,756,657,44.91605369214005,-120.53178112771788,0.9980782270431519
0567_LITTLE_BUCK,0726,535,318,44.975669942036,-120.66106690509636,0.9888606071472168
0567_LITTLE_BUCK,0726,903,695,44.876399444471716,-120.5172889166843,0.9683018326759338
0567_LITTLE_BUCK,0726,579,555,44.96380064341418,-120.57068127312378,0.7627426981925964
0567_LITTLE_BUCK,0726,722,817,44.92522542289328,-120.47076129178703,0.9940224289894104
0567_LITTLE_BUCK,0726,881,775,44.882334093782625,-120.48677899871888,0.9983768463134766
0567_LITTLE_BUCK,0726,574,586,44.96514942734848,-120.55885867991219,0.9145241975784302
0567_LITTLE_BUCK,0726,917,713,44.87262284945568,-120.51042418514207,0.997803807258606
0567_LITTLE_BUCK,0726,888,852,44.88044579627461,-120.45741320267715,0.9781278967857361
0567_LITTLE_BUCK,0726,918,775,44.872353092668824,-120.48677899871888,0.9991884827613831
0567_LITTLE_BUCK,0726,440,582,45.00129683678765,-120.56038417581046,0.9985000491142273
0567_LITTLE_BUCK,0726,464,614,44.99482267390302,-120.54818020862429,0.9070917963981628
0567_LITTLE_BUCK,0726,756,832,44.91605369214005,-120.4650406821685,0.9345635771751404
0567_LITTLE_BUCK,0726,91,293,45.095441955401604,-120.67060125446055,0.8448096513748169
0567_LITTLE_BUCK,0726,140,329,45.08222387284549,-120.65687179137612,0.9986596703529358
0567_LITTLE_BUCK,0726,357,296,45.023686650096984,-120.66945713253685,0.997595489025116
0567_LITTLE_BUCK,0726,70,456,45.10110684792566,-120.608437296606,0.8194743394851685
0567_LITTLE_BUCK,0726,721,802,44.92549517968014,-120.47648190140553,0.9975376725196838
0567_LITTLE_BUCK,0726,881,833,44.882334093782625,-120.46465930819393,0.7786923050880432
0567_LITTLE_BUCK,0726,750,820,44.917672232861214,-120.46961716986331,0.9969549179077148
0567_LITTLE_BUCK,0726,443,209,45.00048756642707,-120.70263666832425,0.9760492444038391
0567_LITTLE_BUCK,0726,829,841,44.896361446699316,-120.46160831639739,0.9943479299545288
0567_LITTLE_BUCK,0726,350,547,45.025574947605,-120.57373226492032,0.9652300477027893
0567_LITTLE_BUCK,0726,573,369,44.96541918413534,-120.6416168323934,0.9979264736175537
0567_LITTLE_BUCK,0726,765,620,44.91362588105832,-120.54589196477689,0.9985358119010925
0567_LITTLE_BUCK,0726,799,810,44.9044541503051,-120.473430909609,0.9926342964172363
0567_LITTLE_BUCK,0726,614,616,44.9543591558741,-120.54741746067515,0.9975625872612
0567_LITTLE_BUCK,0726,227,381,45.05875503238872,-120.63704034469859,0.9932786822319031
0567_LITTLE_BUCK,0726,632,554,44.94950353371063,-120.57106264709836,0.9939792156219482
0567_LITTLE_BUCK,0726,368,563,45.02071932544153,-120.56763028132724,0.7714488506317139
0567_LITTLE_BUCK,0726,653,526,44.94383864118658,-120.58174111838625,0.9974697232246399
0567_LITTLE_BUCK,0726,215,312,45.06199211383103,-120.66335514894377,0.9694605469703674
0567_LITTLE_BUCK,0726,84,457,45.09733025290962,-120.60805592263144,0.9218243360519409
0567_LITTLE_BUCK,0726,235,428,45.05659697809384,-120.6191157678939,0.9389275908470154
0567_LITTLE_BUCK,0726,187,300,45.069545303863094,-120.66793163663858,0.8728174567222595
0567_LITTLE_BUCK,0726,223,452,45.05983405953616,-120.60996279250428,0.5664834380149841
0567_LITTLE_BUCK,0726,208,439,45.06388041133905,-120.61492065417366,0.9970523118972778
0567_LITTLE_BUCK,0726,104,403,45.09193511717243,-120.62865011725809,0.9993212819099426
0567_LITTLE_BUCK,0726,606,360,44.956517210168975,-120.64504919816451,0.9828820824623108
0567_LITTLE_BUCK,0726,107,384,45.091125846811856,-120.63589622277489,0.9994329810142517
0567_LITTLE_BUCK,0726,430,562,45.00399440465625,-120.56801165530182,0.9978790879249573
0567_LITTLE_BUCK,0726,289,310,45.04203011160343,-120.6641178968929,0.9950156211853027
0567_LITTLE_BUCK,0726,608,685,44.955977696595255,-120.52110265642997,0.9975287914276123
0567_LITTLE_BUCK,0726,291,461,45.04149059802971,-120.60653042673316,0.9955626130104065
0567_LITTLE_BUCK,0726,58,321,45.104343929367964,-120.65992278317266,0.9570382237434387
0567_LITTLE_BUCK,0726,409,174,45.00965929718029,-120.71598475743413,0.7653657793998718
0567_LITTLE_BUCK,0726,688,807,44.9343971536465,-120.4745750315327,0.8441608548164368
0567_LITTLE_BUCK,0726,964,703,44.859944280473286,-120.51423792488775,0.8400984406471252
0567_LITTLE_BUCK,0726,237,459,45.05605746452012,-120.6072931746823,0.9509514570236206
0567_LITTLE_BUCK,0726,633,732,44.94923377692377,-120.50317807962529,0.9845725297927856
0567_LITTLE_BUCK,0726,423,202,45.00588270216426,-120.70530628614623,0.9937623739242554
0567_LITTLE_BUCK,0726,69,381,45.10137660471251,-120.63704034469859,0.9928794503211975
0567_LITTLE_BUCK,0726,233,424,45.057136491667556,-120.62064126379217,0.793616533279419
0567_LITTLE_BUCK,0726,707,823,44.92927177469617,-120.46847304793961,0.9811285138130188
0567_LITTLE_BUCK,0726,299,351,45.03933254373484,-120.64848156393562,0.9984772205352783
0567_LITTLE_BUCK,0726,490,325,44.987808997444674,-120.65839728727438,0.9981318116188049
0567_LITTLE_BUCK,0726,78,315,45.098948793630775,-120.66221102702006,0.9033430814743042
0567_LITTLE_BUCK,0726,618,723,44.95328012872666,-120.50661044539639,0.9861162900924683
0567_LITTLE_BUCK,0726,793,532,44.90607269102625,-120.57945287453884,0.999880313873291
0567_LITTLE_BUCK,0726,791,535,44.90661220459997,-120.57830875261514,0.9998158812522888
0567_LITTLE_BUCK,0726,80,401,45.09840928005706,-120.62941286520723,0.9984809160232544
0567_LITTLE_BUCK,0726,533,310,44.97620945560972,-120.6641178968929,0.9052790403366089
0567_LITTLE_BUCK,0726,426,302,45.00507343180368,-120.66716888868945,0.9946013689041138
0567_LITTLE_BUCK,0726,782,833,44.90904001568171,-120.46465930819393,0.9947906732559204
0567_LITTLE_BUCK,0726,835,695,44.894742905978156,-120.5172889166843,0.9983366131782532
0567_LITTLE_BUCK,0726,611,628,44.95516842623468,-120.54284097298034,0.9969182014465332
0567_LITTLE_BUCK,0726,313,264,45.0355559487188,-120.68166109972302,0.9882604479789734
0567_LITTLE_BUCK,0726,400,517,45.01208710826203,-120.58517348415737,0.9953840970993042
0567_LITTLE_BUCK,0726,812,494,44.90094731207593,-120.59394508557243,0.9998905062675476
0567_LITTLE_BUCK,0726,393,299,45.01397540577005,-120.66831301061315,0.9957379698753357
0567_LITTLE_BUCK,0726,697,780,44.93196934256476,-120.48487212884604,0.9971944093704224
0567_LITTLE_BUCK,0726,694,762,44.93277861292534,-120.49173686038824,0.9976060390472412
0567_LITTLE_BUCK,0726,197,383,45.0668477359945,-120.63627759674945,0.9977643489837646
0567_LITTLE_BUCK,0726,401,169,45.011817351475166,-120.71789162730697,0.6867358088493347
0567_LITTLE_BUCK,0726,257,367,45.050662328782934,-120.64237958034253,0.9975287914276123
0567_LITTLE_BUCK,0726,772,577,44.911737583550305,-120.5622910456833,0.9989290237426758
0567_LITTLE_BUCK,0726,779,601,44.90984928604229,-120.55313807029367,0.7622507214546204
0567_LITTLE_BUCK,0726,581,363,44.96326112984046,-120.64390507624081,0.9980807304382324
0567_LITTLE_BUCK,0726,713,451,44.927653233975015,-120.61034416647884,0.9981191158294678
0567_LITTLE_BUCK,0726,772,799,44.911737583550305,-120.47762602332924,0.9994926452636719
0567_LITTLE_BUCK,0726,909,837,44.874780903750555,-120.46313381229567,0.9140236377716064
0567_LITTLE_BUCK,0726,418,584,45.007231486098554,-120.55962142786132,0.9984815716743469
0567_LITTLE_BUCK,0726,781,539,44.90930977246857,-120.57678325671688,0.9992235898971558
0567_LITTLE_BUCK,0726,199,390,45.06630822242078,-120.63360797892747,0.9969081282615662
0567_LITTLE_BUCK,0726,459,585,44.99617145783732,-120.55924005388675,0.9388296604156494
0567_LITTLE_BUCK,0726,942,807,44.865878929784195,-120.4745750315327,0.990523636341095
0567_LITTLE_BUCK,0726,191,412,45.06846627671566,-120.62521775148699,0.9975287914276123
0567_LITTLE_BUCK,0726,198,373,45.06657797920764,-120.64009133649513,0.997593879699707
0567_LITTLE_BUCK,0726,584,626,44.962451859479884,-120.54360372092947,0.9718337655067444
0567_LITTLE_BUCK,0726,913,711,44.87370187660312,-120.51118693309121,0.9980239868164062
0567_LITTLE_BUCK,0726,232,387,45.05740624845442,-120.63475210085117,0.9939440488815308
0567_LITTLE_BUCK,0726,438,493,45.001836350361366,-120.59432645954699,0.9977908730506897
0567_LITTLE_BUCK,0726,86,447,45.0967907393359,-120.61186966237712,0.9219884276390076
0567_LITTLE_BUCK,0726,637,726,44.948154749776336,-120.50546632347269,0.985924243927002
0567_LITTLE_BUCK,0726,816,445,44.89986828492849,-120.61263241032624,0.8852604031562805
0567_LITTLE_BUCK,0726,825,800,44.89744047384675,-120.47724464935467,0.9986777901649475
0567_LITTLE_BUCK,0726,359,291,45.023147136523264,-120.67136400240969,0.9975588917732239
0567_LITTLE_BUCK,0726,187,405,45.069545303863094,-120.62788736930897,0.9976801872253418
0567_LITTLE_BUCK,0726,189,349,45.069005790289374,-120.64924431188476,0.997549295425415
0567_LITTLE_BUCK,0726,179,390,45.07170335815797,-120.63360797892747,0.9975287914276123
0567_LITTLE_BUCK,0726,827,673,44.89690096027304,-120.52567914412478,0.5326285362243652
0567_LITTLE_BUCK,0726,583,585,44.96272161626674,-120.55924005388675,0.9879799485206604
0567_LITTLE_BUCK,0726,667,383,44.940062046170546,-120.63627759674945,0.9154943227767944
0567_LITTLE_BUCK,0726,343,276,45.02746324511302,-120.67708461202821,0.9975444078445435
0567_LITTLE_BUCK,0726,222,329,45.060103816323014,-120.65687179137612,0.9950848817825317
0567_LITTLE_BUCK,0726,146,290,45.080605332124335,-120.67174537638425,0.9236613512039185
0567_LITTLE_BUCK,0726,834,484,44.89501266276502,-120.5977588253181,0.9945753216743469
0567_LITTLE_BUCK,0726,893,799,44.87909701234031,-120.47762602332924,0.999699592590332
0567_LITTLE_BUCK,0726,920,806,44.871813579095104,-120.47495640550727,0.9972383379936218
0567_LITTLE_BUCK,0726,77,462,45.09921855041764,-120.6061490527586,0.7831715941429138
0567_LITTLE_BUCK,0726,735,470,44.921718584664106,-120.60309806096205,0.9998143911361694
0567_LITTLE_BUCK,0726,76,394,45.099488307204496,-120.63208248302921,0.9975382089614868
0567_LITTLE_BUCK,0726,425,543,45.005343188590544,-120.5752577608186,0.9976400136947632
0567_LITTLE_BUCK,0726,181,300,45.071163844584255,-120.66793163663858,0.8674821257591248
0567_LITTLE_BUCK,0726,280,292,45.04445792268516,-120.67098262843513,0.9676707983016968
0567_LITTLE_BUCK,0726,635,484,44.94869426335005,-120.5977588253181,0.9985190629959106
0567_LITTLE_BUCK,0726,759,652,44.91524442177948,-120.5336879975907,0.9983696341514587
0567_LITTLE_BUCK,0726,150,447,45.079526304976895,-120.61186966237712,0.9985126852989197
0567_LITTLE_BUCK,0726,976,731,44.85670719903097,-120.50355945359985,0.8927407264709473
0567_LITTLE_BUCK,0726,834,828,44.89501266276502,-120.46656617806677,0.9972988963127136
0567_LITTLE_BUCK,0726,789,469,44.907151718173694,-120.60347943493662,0.9989997148513794
0567_LITTLE_BUCK,0726,757,669,44.9157839353532,-120.52720464002306,0.9961764812469482
0567_LITTLE_BUCK,0726,851,846,44.89042679738841,-120.45970144652455,0.9888898134231567
0567_LITTLE_BUCK,0726,815,485,44.900138041715344,-120.59737745134353,0.9985225200653076
0567_LITTLE_BUCK,0726,457,232,44.99671097141104,-120.6938650669092,0.9970165491104126
0567_LITTLE_BUCK,0726,905,830,44.875859930897995,-120.46580343011765,0.9916924238204956
0567_LITTLE_BUCK,0726,377,525,45.018291514359795,-120.58212249236082,0.9976532459259033
0567_LITTLE_BUCK,0726,262,304,45.04931354484864,-120.6664061407403,0.9621292948722839
0567_LITTLE_BUCK,0726,402,610,45.01154759468831,-120.54970570452255,0.9019935131072998
0567_LITTLE_BUCK,0726,181,479,45.071163844584255,-120.59966569519094,0.7097739577293396
0567_LITTLE_BUCK,0726,261,451,45.049583301635494,-120.61034416647884,0.9965221881866455
0567_LITTLE_BUCK,0726,747,684,44.91848150322179,-120.52148403040454,0.9980934262275696
0567_LITTLE_BUCK,0726,801,816,44.90391463673138,-120.47114266576159,0.9838866591453552
0567_LITTLE_BUCK,0726,645,696,44.945996695481455,-120.51690754270973,0.9981939792633057
0567_LITTLE_BUCK,0726,388,541,45.015324189704344,-120.57602050876774,0.9981221556663513
0567_LITTLE_BUCK,0726,649,687,44.94491766833402,-120.52033990848084,0.9981765151023865
0567_LITTLE_BUCK,0726,570,568,44.96622845449592,-120.5657234114544,0.9331843852996826
0567_LITTLE_BUCK,0726,696,799,44.93223909935163,-120.47762602332924,0.9798738956451416
0567_LITTLE_BUCK,0726,891,791,44.87963652591403,-120.48067701512578,0.9994602203369141
0567_LITTLE_BUCK,0726,370,595,45.02017981186781,-120.55542631414107,0.9091152548789978
0567_LITTLE_BUCK,0726,936,750,44.86749747050535,-120.49631334808306,0.999488890171051
0567_LITTLE_BUCK,0726,903,801,44.876399444471716,-120.47686327538011,0.9993553757667542
0567_LITTLE_BUCK,0726,298,278,45.03960230052169,-120.67632186407907,0.9862086772918701
0567_LITTLE_BUCK,0726,657,710,44.94275961403914,-120.51156830706577,0.9977614879608154
0567_LITTLE_BUCK,0726,485,542,44.98915778137897,-120.57563913479316,0.9863457083702087
0567_LITTLE_BUCK,0726,394,610,45.01370564898318,-120.54970570452255,0.9483042359352112
0567_LITTLE_BUCK,0726,934,795,44.86803698407907,-120.47915151922751,0.9836886525154114
0567_LITTLE_BUCK,0726,172,325,45.073591655665986,-120.65839728727438,0.9937942624092102
0567_LITTLE_BUCK,0726,437,550,45.00210610714823,-120.57258814299662,0.9973945617675781
0567_LITTLE_BUCK,0726,879,682,44.88287360735634,-120.52224677835368,0.7147557139396667
0567_LITTLE_BUCK,0726,654,666,44.943568884399724,-120.52834876194676,0.9987335801124573
0567_LITTLE_BUCK,0726,51,309,45.10623222687598,-120.66449927086747,0.7453983426094055
0567_LITTLE_BUCK,0726,407,536,45.01019881075401,-120.57792737864058,0.9978150129318237
0567_LITTLE_BUCK,0726,179,332,45.07170335815797,-120.6557276694524,0.9951822757720947
0567_LITTLE_BUCK,0726,466,543,44.9942831603293,-120.5752577608186,0.9967342019081116
0567_LITTLE_BUCK,0726,970,772,44.85832573975213,-120.48792312064258,0.9899832606315613
0567_LITTLE_BUCK,0726,873,769,44.8844921480775,-120.48906724256628,0.9988725781440735
0567_LITTLE_BUCK,0726,602,622,44.957596237316416,-120.54512921682775,0.998543918132782
0567_LITTLE_BUCK,0726,650,717,44.94464791154716,-120.50889868924381,0.997562050819397
0567_LITTLE_BUCK,0726,832,841,44.89555217633873,-120.46160831639739,0.9942166209220886
0567_LITTLE_BUCK,0726,856,830,44.88907801345411,-120.46580343011765,0.9729011058807373
0567_LITTLE_BUCK,0726,620,657,44.95274061515294,-120.53178112771788,0.9993595480918884
0567_LITTLE_BUCK,0726,954,765,44.86264184834188,-120.49059273846454,0.9998459815979004
0567_LITTLE_BUCK,0726,228,343,45.05848527560186,-120.65153255573216,0.9975192546844482
0567_LITTLE_BUCK,0726,623,559,44.951931344792364,-120.56915577722552,0.9968581199645996
0567_LITTLE_BUCK,0726,406,528,45.01046856754087,-120.58097837043712,0.998214066028595
0567_LITTLE_BUCK,0726,718,838,44.92630445004072,-120.4627524383211,0.8955804109573364
0567_LITTLE_BUCK,0726,62,402,45.10326490222053,-120.62903149123267,0.9054093956947327
0567_LITTLE_BUCK,0726,78,424,45.098948793630775,-120.62064126379217,0.9789530038833618
0567_LITTLE_BUCK,0726,667,350,44.940062046170546,-120.6488629379102,0.7621068358421326
0567_LITTLE_BUCK,0726,229,420,45.058215518815,-120.62216675969044,0.5200250148773193
0567_LITTLE_BUCK,0726,917,755,44.87262284945568,-120.49440647821022,0.9998564720153809
0567_LITTLE_BUCK,0726,642,552,44.94680596584204,-120.5718253950475,0.9975340962409973
0567_LITTLE_BUCK,0726,96,329,45.09409317146731,-120.65687179137612,0.9988299012184143
0567_LITTLE_BUCK,0726,923,719,44.87100430873453,-120.50813594129467,0.9980518221855164
0567_LITTLE_BUCK,0726,80,323,45.09840928005706,-120.65916003522352,0.9161409139633179
0567_LITTLE_BUCK,0726,428,215,45.00453391822996,-120.70034842447684,0.996652364730835
0567_LITTLE_BUCK,0726,751,437,44.91740247607435,-120.61568340212278,0.9616082310676575
0567_LITTLE_BUCK,0726,622,366,44.95220110157923,-120.6427609543171,0.9945604205131531
0567_LITTLE_BUCK,0726,810,504,44.90148682564964,-120.59013134582675,0.9999995231628418
0567_LITTLE_BUCK,0726,265,391,45.04850427448805,-120.63322660495291,0.9910040497779846
0567_LITTLE_BUCK,0726,357,528,45.023686650096984,-120.58097837043712,0.9868665337562561
0567_LITTLE_BUCK,0726,252,381,45.05201111271723,-120.63704034469859,0.9833607077598572
0567_LITTLE_BUCK,0726,192,305,45.0681965199288,-120.66602476676574,0.8554814457893372
0567_LITTLE_BUCK,0726,203,462,45.065229195273346,-120.6061490527586,0.9973980784416199
0567_LITTLE_BUCK,0726,817,826,44.89959852814163,-120.46732892601591,0.9970585703849792
0567_LITTLE_BUCK,0726,517,291,44.98052556419947,-120.67136400240969,0.8707905411720276
0567_LITTLE_BUCK,0726,593,546,44.96002404839815,-120.5741136388949,0.971308708190918
0567_LITTLE_BUCK,0726,394,281,45.01370564898318,-120.67517774215537,0.9980177283287048
0567_LITTLE_BUCK,0726,238,487,45.05578770773326,-120.5966147033944,0.6963244676589966
0567_LITTLE_BUCK,0726,57,405,45.10461368615483,-120.62788736930897,0.7601231932640076
0567_LITTLE_BUCK,0726,85,410,45.097060496122765,-120.62598049943612,0.9981785416603088
0567_LITTLE_BUCK,0726,432,230,45.00345489108253,-120.69462781485832,0.9988332986831665
0567_LITTLE_BUCK,0726,194,478,45.06765700635508,-120.60004706916551,0.9335005879402161
0567_LITTLE_BUCK,0726,850,708,44.890696554175264,-120.51233105501491,0.995258092880249
0567_LITTLE_BUCK,0726,786,462,44.90796098853427,-120.6061490527586,0.9968087077140808
0567_LITTLE_BUCK,0726,510,272,44.982413861707485,-120.67861010792647,0.8969772458076477
0567_LITTLE_BUCK,0726,716,443,44.92684396361444,-120.61339515827538,0.9973928928375244
0567_LITTLE_BUCK,0726,489,259,44.98807875423154,-120.68356796959586,0.9635633826255798
0567_LITTLE_BUCK,0726,229,363,45.058215518815,-120.64390507624081,0.9975653290748596
0567_LITTLE_BUCK,0726,245,482,45.05389941022525,-120.59852157326723,0.8938878774642944
0567_LITTLE_BUCK,0726,882,709,44.88206433699576,-120.51194968104035,0.9977937340736389
0567_LITTLE_BUCK,0726,821,705,44.89851950099419,-120.51347517693861,0.9823758006095886
0567_LITTLE_BUCK,0726,696,830,44.93223909935163,-120.46580343011765,0.8065596222877502
0567_LITTLE_BUCK,0726,216,344,45.06172235704417,-120.6511511817576,0.9976200461387634
0567_LITTLE_BUCK,0726,151,367,45.07925654819004,-120.64237958034253,0.9981617331504822
0567_LITTLE_BUCK,0726,937,766,44.86722771371849,-120.49021136448998,0.9999350309371948
0567_LITTLE_BUCK,0726,791,541,44.90661220459997,-120.57602050876774,0.9994757771492004
0567_LITTLE_BUCK,0726,205,369,45.064689681699626,-120.6416168323934,0.9977375864982605
0567_LITTLE_BUCK,0726,480,536,44.99050656531327,-120.57792737864058,0.99356609582901
0567_LITTLE_BUCK,0726,326,278,45.03204911048963,-120.67632186407907,0.9972335696220398
0567_LITTLE_BUCK,0726,893,787,44.87909701234031,-120.48220251102406,0.9989140629768372
0567_LITTLE_BUCK,0726,415,618,45.00804075645914,-120.54665471272601,0.8770707249641418
0567_LITTLE_BUCK,0726,386,303,45.01586370327806,-120.66678751471487,0.9956069588661194
0567_LITTLE_BUCK,0726,134,397,45.08384241356665,-120.6309383611055,0.9991148710250854
0567_LITTLE_BUCK,0726,221,322,45.06037357310987,-120.65954140919808,0.9845700860023499
0567_LITTLE_BUCK,0726,630,724,44.950043047284346,-120.50622907142183,0.9971221089363098
0567_LITTLE_BUCK,0726,659,691,44.94222010046543,-120.51881441258257,0.9982592463493347
0567_LITTLE_BUCK,0726,375,584,45.018831027933516,-120.55962142786132,0.9908340573310852
0567_LITTLE_BUCK,0726,61,358,45.10353465900739,-120.64581194611365,0.9819161891937256
0567_LITTLE_BUCK,0726,615,356,44.954089399087245,-120.64657469406278,0.9522985219955444
0567_LITTLE_BUCK,0726,423,621,45.00588270216426,-120.54551059080231,0.93184894323349
0567_LITTLE_BUCK,0726,833,720,44.895282419551876,-120.5077545673201,0.998618483543396
0567_LITTLE_BUCK,0726,576,359,44.96460991377476,-120.64543057213908,0.9979252815246582
0567_LITTLE_BUCK,0726,937,783,44.86722771371849,-120.48372800692232,0.9980046153068542
0567_LITTLE_BUCK,0726,417,186,45.00750124288542,-120.71140826973931,0.922397792339325
0567_LITTLE_BUCK,0726,235,419,45.05659697809384,-120.622548133665,0.9847304224967957
0567_LITTLE_BUCK,0726,816,523,44.89986828492849,-120.58288524030996,0.5743109583854675
0567_LITTLE_BUCK,0726,595,369,44.95948453482443,-120.6416168323934,0.9941563606262207
0567_LITTLE_BUCK,0726,953,715,44.86291160512874,-120.50966143719293,0.9809753894805908
0567_LITTLE_BUCK,0726,656,485,44.943029370826004,-120.59737745134353,0.9981229305267334
0567_LITTLE_BUCK,0726,793,831,44.90607269102625,-120.46542205614307,0.9971487522125244
0567_LITTLE_BUCK,0726,123,349,45.0868097382221,-120.64924431188476,0.9993780851364136
0567_LITTLE_BUCK,0726,50,349,45.106501983662845,-120.64924431188476,0.9621340036392212
0567_LITTLE_BUCK,0726,971,776,44.85805598296527,-120.4863976247443,0.9415451884269714
0567_LITTLE_BUCK,0726,191,319,45.06846627671566,-120.66068553112179,0.9906794428825378
0567_LITTLE_BUCK,0726,158,449,45.07736825068202,-120.61110691442798,0.99800705909729
0567_LITTLE_BUCK,0726,604,673,44.957056723742696,-120.52567914412478,0.9976068735122681
0567_LITTLE_BUCK,0726,691,765,44.933587883285924,-120.49059273846454,0.9977754354476929
0567_LITTLE_BUCK,0726,409,173,45.00965929718029,-120.71636613140869,0.7867426872253418
0567_LITTLE_BUCK,0726,101,356,45.09274438753301,-120.64657469406278,0.9999386072158813
0567_LITTLE_BUCK,0726,803,787,44.90337512315766,-120.48220251102406,0.9997647404670715
0567_LITTLE_BUCK,0726,683,413,44.9357459375808,-120.62483637751242,0.9867106676101685
0567_LITTLE_BUCK,0726,788,771,44.90742147496055,-120.48830449461714,0.9993417263031006
0567_LITTLE_BUCK,0726,300,332,45.03906278694797,-120.6557276694524,0.9976598024368286
0567_LITTLE_BUCK,0726,888,841,44.88044579627461,-120.46160831639739,0.9718232750892639
0567_LITTLE_BUCK,0726,258,389,45.05039257199607,-120.63398935290205,0.9731232523918152
0567_LITTLE_BUCK,0726,877,810,44.88341312093006,-120.473430909609,0.9983852505683899
0567_LITTLE_BUCK,0726,846,837,44.891775581322705,-120.46313381229567,0.9941902756690979
0567_LITTLE_BUCK,0726,887,854,44.880715553061464,-120.456650454728,0.9765278100967407
0567_LITTLE_BUCK,0726,724,444,44.92468590931956,-120.61301378430082,0.9977162480354309
0567_LITTLE_BUCK,0726,122,360,45.087079495008965,-120.64504919816451,0.9986425042152405
0567_LITTLE_BUCK,0726,91,307,45.095441955401604,-120.6652620188166,0.7130042314529419
0567_LITTLE_BUCK,0726,765,704,44.91362588105832,-120.51385655091319,0.9974203109741211
0567_LITTLE_BUCK,0726,663,549,44.941141073317986,-120.5729695169712,0.9977976083755493
0567_LITTLE_BUCK,0726,413,303,45.00858027003285,-120.66678751471487,0.9955412149429321
0567_LITTLE_BUCK,0726,412,173,45.008850026819715,-120.71636613140869,0.840869128704071
0567_LITTLE_BUCK,0726,318,231,45.034207164784505,-120.69424644088376,0.9031144976615906
0567_LITTLE_BUCK,0726,789,715,44.907151718173694,-120.50966143719293,0.9889211058616638
0567_LITTLE_BUCK,0726,634,663,44.94896402013691,-120.52949288387046,0.9986438155174255
0567_LITTLE_BUCK,0726,968,783,44.858865253325845,-120.48372800692232,0.9597421288490295
0567_LITTLE_BUCK,0726,601,679,44.95786599410327,-120.52339090027738,0.9975419640541077
0567_LITTLE_BUCK,0726,632,509,44.94950353371063,-120.58822447595391,0.998376727104187
0567_LITTLE_BUCK,0726,875,819,44.88395263450378,-120.46999854383789,0.9866539835929871
0567_LITTLE_BUCK,0726,714,447,44.92738347718815,-120.61186966237712,0.9972081184387207
0567_LITTLE_BUCK,0726,745,710,44.91902101679551,-120.51156830706577,0.9991381168365479
0567_LITTLE_BUCK,0726,124,308,45.086539981435244,-120.66488064484204,0.9988718628883362
0567_LITTLE_BUCK,0726,597,713,44.95894502125071,-120.51042418514207,0.9820459485054016
0567_LITTLE_BUCK,0726,689,446,44.93412739685964,-120.61225103635168,0.9979095458984375
0567_LITTLE_BUCK,0726,688,780,44.9343971536465,-120.48487212884604,0.9864362478256226
0567_LITTLE_BUCK,0726,457,509,44.99671097141104,-120.58822447595391,0.9987860918045044
0567_LITTLE_BUCK,0726,612,695,44.95489866944782,-120.5172889166843,0.9975287914276123
0567_LITTLE_BUCK,0726,280,337,45.04445792268516,-120.65382079957958,0.9975287914276123
0567_LITTLE_BUCK,0726,627,617,44.95085231764493,-120.54703608670059,0.9977949857711792
0567_LITTLE_BUCK,0726,792,813,44.90634244781312,-120.47228678768529,0.9978576302528381
0567_LITTLE_BUCK,0726,320,289,45.033667651210784,-120.67212675035883,0.997585654258728
0567_LITTLE_BUCK,0726,601,616,44.95786599410327,-120.54741746067515,0.997420072555542
0567_LITTLE_BUCK,0726,115,395,45.088967792516975,-120.63170110905463,0.9988242387771606
0567_LITTLE_BUCK,0726,68,422,45.10164636149937,-120.6214040117413,0.983352541923523
0567_LITTLE_BUCK,0726,98,273,45.09355365789359,-120.67822873395191,0.5146154165267944
0567_LITTLE_BUCK,0726,429,623,45.0042641614431,-120.54474784285317,0.9373161792755127
0567_LITTLE_BUCK,0726,950,735,44.86372087548932,-120.50203395770158,0.9987825751304626
0567_LITTLE_BUCK,0726,677,733,44.93736447830195,-120.50279670565072,0.9980695843696594
0567_LITTLE_BUCK,0726,82,297,45.09786976648334,-120.66907575856229,0.8085888624191284
0567_LITTLE_BUCK,0726,283,299,45.043648652324585,-120.66831301061315,0.9658334255218506
0567_LITTLE_BUCK,0726,273,328,45.04634622019318,-120.65725316535068,0.9975429773330688
0567_LITTLE_BUCK,0726,580,652,44.963530886627325,-120.5336879975907,0.7475424408912659
0567_LITTLE_BUCK,0726,760,816,44.91497466499262,-120.47114266576159,0.9985969662666321
0567_LITTLE_BUCK,0726,429,200,45.0042641614431,-120.70606903409536,0.9865347743034363
0567_LITTLE_BUCK,0726,793,732,44.90607269102625,-120.50317807962529,0.9978962540626526
0567_LITTLE_BUCK,0726,631,624,44.94977329049749,-120.54436646887861,0.99793541431427
0567_LITTLE_BUCK,0726,657,539,44.94275961403914,-120.57678325671688,0.9975287914276123
0567_LITTLE_BUCK,0726,422,286,45.00615245895112,-120.67327087228253,0.9978687763214111
0567_LITTLE_BUCK,0726,826,693,44.89717071705989,-120.51805166463343,0.9887768030166626
0567_LITTLE_BUCK,0726,357,193,45.023686650096984,-120.70873865191733,0.9602555632591248
0567_LITTLE_BUCK,0726,647,681,44.94545718190774,-120.52262815232824,0.998087465763092
0567_LITTLE_BUCK,0726,471,561,44.992934376395006,-120.56839302927638,0.9778247475624084
0567_LITTLE_BUCK,0726,131,300,45.08465168392723,-120.66793163663858,0.994297444820404
0567_LITTLE_BUCK,0726,244,406,45.054169167012105,-120.62750599533439,0.9896763563156128
0567_LITTLE_BUCK,0726,64,384,45.10272538864681,-120.63589622277489,0.9743313193321228
0567_LITTLE_BUCK,0726,646,478,44.9457269386946,-120.60004706916551,0.9990183711051941
0567_LITTLE_BUCK,0726,330,473,45.03097008334219,-120.60195393903835,0.9974396824836731
0567_LITTLE_BUCK,0726,574,688,44.96514942734848,-120.51995853450627,0.9219368100166321
0567_LITTLE_BUCK,0726,816,500,44.89986828492849,-120.59165684172501,0.9999967813491821
0567_LITTLE_BUCK,0726,250,434,45.05255062629095,-120.6168275240465,0.9873543977737427
0567_LITTLE_BUCK,0726,618,728,44.95328012872666,-120.50470357552355,0.9801182150840759
0567_LITTLE_BUCK,0726,799,819,44.9044541503051,-120.46999854383789,0.914928674697876
0567_LITTLE_BUCK,0726,97,370,45.09382341468045,-120.64123545841883,0.9999715685844421
0567_LITTLE_BUCK,0726,54,303,45.105422956515405,-120.66678751471487,0.8879565000534058
0567_LITTLE_BUCK,0726,282,485,45.04391840911145,-120.59737745134353,0.9751476645469666
0567_LITTLE_BUCK,0726,774,831,44.911198069976585,-120.46542205614307,0.9929376840591431
0567_LITTLE_BUCK,0726,618,666,44.95328012872666,-120.52834876194676,0.9982825517654419
0567_LITTLE_BUCK,0726,242,418,45.054708680585826,-120.62292950763958,0.9856982827186584
0567_LITTLE_BUCK,0726,705,818,44.92981128826989,-120.47037991781245,0.9811974167823792
0567_LITTLE_BUCK,0726,124,365,45.086539981435244,-120.64314232829167,0.9983712434768677
0567_LITTLE_BUCK,0726,770,724,44.912277097124026,-120.50622907142183,0.9975287914276123
0567_LITTLE_BUCK,0726,454,539,44.99752024177162,-120.57678325671688,0.9975558519363403
0567_LITTLE_BUCK,0726,207,396,45.064150168125906,-120.63131973508007,0.9965316653251648
0567_LITTLE_BUCK,0726,355,280,45.024226163670704,-120.67555911612993,0.9975661039352417
0567_LITTLE_BUCK,0726,592,668,44.96029380518501,-120.52758601399762,0.9952176213264465
0567_LITTLE_BUCK,0726,651,510,44.9443781547603,-120.58784310197935,0.9977372288703918
0567_LITTLE_BUCK,0726,146,348,45.080605332124335,-120.64962568585932,0.9978712201118469
0567_LITTLE_BUCK,0726,733,438,44.922258098237826,-120.61530202814822,0.9959386587142944
0567_LITTLE_BUCK,0726,892,813,44.87936676912717,-120.47228678768529,0.9983985424041748
0567_LITTLE_BUCK,0726,245,344,45.05389941022525,-120.6511511817576,0.9975287914276123
0567_LITTLE_BUCK,0726,202,429,45.0654989520602,-120.61873439391933,0.997645914554596
0567_LITTLE_BUCK,0726,911,773,44.874241390176834,-120.487541746668,0.9987545609474182
0567_LITTLE_BUCK,0726,671,744,44.93898301902311,-120.49860159193047,0.9965502023696899
0567_LITTLE_BUCK,0726,358,207,45.02341689331013,-120.70339941627338,0.9830495715141296
0567_LITTLE_BUCK,0726,98,384,45.09355365789359,-120.63589622277489,0.9999003410339355
0567_LITTLE_BUCK,0726,577,544,44.9643401569879,-120.57487638684404,0.8676360845565796
0567_LITTLE_BUCK,0726,245,459,45.05389941022525,-120.6072931746823,0.976119875907898
0567_LITTLE_BUCK,0726,651,405,44.9443781547603,-120.62788736930897,0.9977859854698181
0567_LITTLE_BUCK,0726,591,593,44.96056356197187,-120.55618906209021,0.9976325631141663
0567_LITTLE_BUCK,0726,909,709,44.874780903750555,-120.51194968104035,0.9979207515716553
0567_LITTLE_BUCK,0726,594,554,44.95975429161129,-120.57106264709836,0.9421402812004089
0567_LITTLE_BUCK,0726,611,624,44.95516842623468,-120.54436646887861,0.9976498484611511
0567_LITTLE_BUCK,0726,376,569,45.01856127114665,-120.56534203747984,0.9940548539161682
0567_LITTLE_BUCK,0726,577,600,44.9643401569879,-120.55351944426823,0.9528400301933289
0567_LITTLE_BUCK,0726,126,354,45.086000467861524,-120.64733744201192,0.9986161589622498
0567_LITTLE_BUCK,0726,945,789,44.86506965942362,-120.48143976307492,0.998421847820282
0567_LITTLE_BUCK,0726,672,440,44.93871326223625,-120.61453928019908,0.9984408617019653
0567_LITTLE_BUCK,0726,244,445,45.054169167012105,-120.61263241032624,0.9796887040138245
0567_LITTLE_BUCK,0726,774,785,44.911198069976585,-120.4829652589732,0.999868631362915
0567_LITTLE_BUCK,0726,174,418,45.073052142092266,-120.62292950763958,0.9982787370681763
0567_LITTLE_BUCK,0726,946,703,44.864799902636754,-120.51423792488775,0.8530208468437195
0567_LITTLE_BUCK,0726,769,801,44.91254685391088,-120.47686327538011,0.9996725916862488
0567_LITTLE_BUCK,0726,121,320,45.08734925179582,-120.66030415714722,0.9996070861816406
0567_LITTLE_BUCK,0726,852,774,44.890157040601544,-120.48716037269344,0.9987415075302124
0567_LITTLE_BUCK,0726,224,341,45.059564302749294,-120.6522953036813,0.9975305199623108
0567_LITTLE_BUCK,0726,971,735,44.85805598296527,-120.50203395770158,0.9847618937492371
0567_LITTLE_BUCK,0726,578,343,44.964070400201045,-120.65153255573216,0.9709537625312805
0567_LITTLE_BUCK,0726,842,778,44.89285460847014,-120.48563487679516,0.9991564750671387
0567_LITTLE_BUCK,0726,682,433,44.936015694367654,-120.61720889802106,0.9976934194564819
0567_LITTLE_BUCK,0726,444,630,45.00021780964021,-120.5420782250312,0.6498892307281494
0567_LITTLE_BUCK,0726,405,606,45.01073832432773,-120.55123120042083,0.9747827649116516
0567_LITTLE_BUCK,0726,398,532,45.01262662183575,-120.57945287453884,0.9986257553100586
0567_LITTLE_BUCK,0726,675,386,44.93790399187567,-120.63513347482575,0.8436583876609802
0567_LITTLE_BUCK,0726,75,432,45.09975806399136,-120.61759027199562,0.9216975569725037
0567_LITTLE_BUCK,0726,765,726,44.91362588105832,-120.50546632347269,0.9977127909660339
0567_LITTLE_BUCK,0726,626,615,44.95112207443179,-120.54779883464973,0.997760534286499
0567_LITTLE_BUCK,0726,332,262,45.03043056976847,-120.68242384767215,0.9954384565353394
0567_LITTLE_BUCK,0726,519,294,44.97998605062575,-120.67021988048599,0.8731431365013123
0567_LITTLE_BUCK,0726,206,406,45.06441992491276,-120.62750599533439,0.9976608753204346
0567_LITTLE_BUCK,0726,183,321,45.070624331010535,-120.65992278317266,0.9929602146148682
0567_LITTLE_BUCK,0726,703,797,44.93035080184361,-120.47838877127838,0.9854758977890015
0567_LITTLE_BUCK,0726,491,549,44.98753924065782,-120.5729695169712,0.9615485668182373
0567_LITTLE_BUCK,0726,185,292,45.070084817436815,-120.67098262843513,0.8541960120201111
0567_LITTLE_BUCK,0726,245,373,45.05389941022525,-120.64009133649513,0.9904212951660156
0567_LITTLE_BUCK,0726,648,511,44.94518742512088,-120.58746172800477,0.9978448152542114
0567_LITTLE_BUCK,0726,703,431,44.93035080184361,-120.6179716459702,0.9908910393714905
0567_LITTLE_BUCK,0726,859,685,44.88826874309353,-120.52110265642997,0.9703276753425598
0567_LITTLE_BUCK,0726,467,522,44.994013403542446,-120.58326661428453,0.9976382255554199
0567_LITTLE_BUCK,0726,255,405,45.051201842356654,-120.62788736930897,0.9953199625015259
0567_LITTLE_BUCK,0726,261,487,45.049583301635494,-120.5966147033944,0.9278739094734192
0567_LITTLE_BUCK,0726,311,303,45.03609546229252,-120.66678751471487,0.9975948929786682
0567_LITTLE_BUCK,0726,944,800,44.865339416210475,-120.47724464935467,0.9969713687896729
0567_LITTLE_BUCK,0726,588,371,44.961372832332444,-120.64085408444427,0.9961490035057068
0567_LITTLE_BUCK,0726,275,294,45.04580670661946,-120.67021988048599,0.9790492057800293
0567_LITTLE_BUCK,0726,403,175,45.01127783790145,-120.71560338345955,0.5543360710144043
0567_LITTLE_BUCK,0726,648,515,44.94518742512088,-120.5859362321065,0.9978086948394775
0567_LITTLE_BUCK,0726,612,699,44.95489866944782,-120.51576342078603,0.9979175329208374
0567_LITTLE_BUCK,0726,653,534,44.94383864118658,-120.5786901265897,0.9973500967025757
0567_LITTLE_BUCK,0726,374,602,45.01910078472037,-120.5527566963191,0.6712762713432312
0567_LITTLE_BUCK,0726,404,186,45.01100808111459,-120.71140826973931,0.9893596172332764
0567_LITTLE_BUCK,0726,430,605,45.00399440465625,-120.55161257439539,0.9975900053977966
0567_LITTLE_BUCK,0726,211,476,45.063071140978465,-120.60080981711465,0.6786544322967529
0567_LITTLE_BUCK,0726,48,393,45.107041497236565,-120.63246385700377,0.6171998977661133
0567_LITTLE_BUCK,0726,917,842,44.87262284945568,-120.46122694242283,0.9540678262710571
0567_LITTLE_BUCK,0726,777,458,44.91038879961601,-120.60767454865686,0.9951481819152832
0567_LITTLE_BUCK,0726,105,340,45.09166536038557,-120.65267667765586,0.999505877494812
0567_LITTLE_BUCK,0726,302,283,45.03852327337425,-120.67441499420623,0.9885033965110779
0567_LITTLE_BUCK,0726,217,301,45.06145260025731,-120.66755026266401,0.9608870148658752
0567_LITTLE_BUCK,0726,820,488,44.89878925778105,-120.59623332941983,0.999629557132721
0567_LITTLE_BUCK,0726,294,290,45.040681327669134,-120.67174537638425,0.9917263984680176
0567_LITTLE_BUCK,0726,405,196,45.01073832432773,-120.70759452999363,0.9943453669548035
0567_LITTLE_BUCK,0726,398,577,45.01262662183575,-120.5622910456833,0.9975287914276123
0567_LITTLE_BUCK,0726,196,381,45.06711749278136,-120.63704034469859,0.9978618621826172
0567_LITTLE_BUCK,0726,642,665,44.94680596584204,-120.52873013592132,0.9980889558792114
0567_LITTLE_BUCK,0726,216,442,45.06172235704417,-120.61377653224994,0.990492582321167
0567_LITTLE_BUCK,0726,140,464,45.08222387284549,-120.60538630480946,0.5101596117019653
0567_LITTLE_BUCK,0726,661,567,44.94168058689171,-120.56610478542898,0.997661828994751
0567_LITTLE_BUCK,0726,77,333,45.09921855041764,-120.65534629547784,0.9574905037879944
0567_LITTLE_BUCK,0726,829,700,44.896361446699316,-120.51538204681145,0.9969336986541748
0567_LITTLE_BUCK,0726,827,805,44.89690096027304,-120.47533777948183,0.9980537295341492
0567_LITTLE_BUCK,0726,414,608,45.008310513245995,-120.55046845247169,0.9675963521003723
0567_LITTLE_BUCK,0726,246,367,45.053629653438385,-120.64237958034253,0.9886580109596252
0567_LITTLE_BUCK,0726,259,463,45.050122815209214,-120.60576767878402,0.9906225204467773
0567_LITTLE_BUCK,0726,894,774,44.878827255553446,-120.48716037269344,0.9980929493904114
0567_LITTLE_BUCK,0726,732,466,44.92252785502468,-120.60462355686032,0.9997562766075134
0567_LITTLE_BUCK,0726,231,337,45.05767600524128,-120.65382079957958,0.9975379109382629
0567_LITTLE_BUCK,0726,588,649,44.961372832332444,-120.53483211951442,0.9779868125915527
0567_LITTLE_BUCK,0726,364,212,45.02179835258897,-120.70149254640054,0.9969903230667114
0567_LITTLE_BUCK,0726,424,540,45.0056129453774,-120.5764018827423,0.9975996613502502
0567_LITTLE_BUCK,0726,580,372,44.963530886627325,-120.6404727104697,0.9980960488319397
0567_LITTLE_BUCK,0726,136,318,45.08330289999293,-120.66106690509636,0.9994683861732483
0567_LITTLE_BUCK,0726,85,396,45.097060496122765,-120.63131973508007,0.9996686577796936
0567_LITTLE_BUCK,0726,356,561,45.02395640688385,-120.56839302927638,0.7273275852203369
0567_LITTLE_BUCK,0726,629,486,44.95031280407121,-120.59699607736897,0.9981957674026489
0567_LITTLE_BUCK,0726,229,349,45.058215518815,-120.64924431188476,0.9975287914276123
0567_LITTLE_BUCK,0726,461,604,44.9956319442636,-120.55199394836997,0.9684926867485046
0567_LITTLE_BUCK,0726,303,458,45.038253516587396,-120.60767454865686,0.9953034520149231
0567_LITTLE_BUCK,0726,804,452,44.9031053663708,-120.60996279250428,0.9644785523414612
0567_LITTLE_BUCK,0726,324,229,45.03258862406335,-120.6950091888329,0.868640661239624
0567_LITTLE_BUCK,0726,183,345,45.070624331010535,-120.65076980778302,0.9973313808441162
0567_LITTLE_BUCK,0726,776,857,44.910658556402865,-120.4555063328043,0.9458802938461304
0567_LITTLE_BUCK,0726,822,507,44.898249744207334,-120.58898722390305,0.9988756775856018
0567_LITTLE_BUCK,0726,925,827,44.87046479516081,-120.46694755204135,0.9933657646179199
0567_LITTLE_BUCK,0726,737,827,44.921179071090386,-120.46694755204135,0.9677600264549255
0567_LITTLE_BUCK,0726,621,621,44.952470858366084,-120.54551059080231,0.9975772500038147
0567_LITTLE_BUCK,0726,962,737,44.860483794047006,-120.50127120975245,0.9987671971321106
0567_LITTLE_BUCK,0726,283,314,45.043648652324585,-120.66259240099463,0.9885387420654297
0567_LITTLE_BUCK,0726,98,311,45.09355365789359,-120.66373652291833,0.9976184964179993
0567_LITTLE_BUCK,0726,702,830,44.930620558630466,-120.46580343011765,0.9472151398658752
0567_LITTLE_BUCK,0726,172,341,45.073591655665986,-120.6522953036813,0.9959313869476318
0567_LITTLE_BUCK,0726,292,483,45.041220841242854,-120.59814019929267,0.9616293907165527
0567_LITTLE_BUCK,0726,749,721,44.91794198964807,-120.50737319334553,0.9986580014228821
0567_LITTLE_BUCK,0726,386,617,45.01586370327806,-120.54703608670059,0.870564341545105
0567_LITTLE_BUCK,0726,805,775,44.90283560958394,-120.48677899871888,0.9990457892417908
0567_LITTLE_BUCK,0726,428,608,45.00453391822996,-120.55046845247169,0.993209719657898
0567_LITTLE_BUCK,0726,323,296,45.03285838085021,-120.66945713253685,0.9968770146369934
0567_LITTLE_BUCK,0726,435,298,45.00264562072195,-120.66869438458771,0.9975844621658325
0567_LITTLE_BUCK,0726,131,461,45.08465168392723,-120.60653042673316,0.7859670519828796
0567_LITTLE_BUCK,0726,366,522,45.02125883901525,-120.58326661428453,0.9820753335952759
0567_LITTLE_BUCK,0726,852,806,44.890157040601544,-120.47495640550727,0.997956395149231
0567_LITTLE_BUCK,0726,247,312,45.05335989665153,-120.66335514894377,0.9612277150154114
0567_LITTLE_BUCK,0726,353,557,45.024765677244424,-120.56991852517466,0.924569845199585
0567_LITTLE_BUCK,0726,286,278,45.04283938196401,-120.67632186407907,0.9660785794258118
0567_LITTLE_BUCK,0726,466,260,44.9942831603293,-120.6831865956213,0.9975283145904541
0567_LITTLE_BUCK,0726,804,535,44.9031053663708,-120.57830875261514,0.99302077293396
0567_LITTLE_BUCK,0726,331,275,45.03070032655533,-120.67746598600277,0.9972294569015503
0567_LITTLE_BUCK,0726,519,307,44.97998605062575,-120.6652620188166,0.9875502586364746
0567_LITTLE_BUCK,0726,806,819,44.90256585279708,-120.46999854383789,0.9839630126953125
0567_LITTLE_BUCK,0726,568,338,44.96676796806964,-120.653439425605,0.9810992479324341
0567_LITTLE_BUCK,0726,667,725,44.940062046170546,-120.50584769744727,0.9979717135429382
0567_LITTLE_BUCK,0726,951,732,44.86345111870246,-120.50317807962529,0.9986087679862976
0567_LITTLE_BUCK,0726,737,817,44.921179071090386,-120.47076129178703,0.9927679300308228
0567_LITTLE_BUCK,0726,664,726,44.94087131653113,-120.50546632347269,0.9976508617401123
0567_LITTLE_BUCK,0726,78,307,45.098948793630775,-120.6652620188166,0.8550606369972229
0567_LITTLE_BUCK,0726,278,336,45.04499743625888,-120.65420217355414,0.9975720643997192
0567_LITTLE_BUCK,0726,629,686,44.95031280407121,-120.5207212824554,0.9987805485725403
0567_LITTLE_BUCK,0726,102,446,45.09247463074615,-120.61225103635168,0.9957329630851746
0567_LITTLE_BUCK,0726,900,754,44.87720871483229,-120.4947878521848,0.9994392991065979
0567_LITTLE_BUCK,0726,448,490,44.99913878249277,-120.59547058147069,0.9979982376098633
0567_LITTLE_BUCK,0726,968,747,44.858865253325845,-120.49745747000676,0.9978041052818298
0567_LITTLE_BUCK,0726,111,276,45.090046819664416,-120.67708461202821,0.6415959000587463
0567_LITTLE_BUCK,0726,580,348,44.963530886627325,-120.64962568585932,0.9905107617378235
0567_LITTLE_BUCK,0726,648,516,44.94518742512088,-120.58555485813193,0.9976773858070374
0567_LITTLE_BUCK,0726,817,802,44.89959852814163,-120.47648190140553,0.9983545541763306
0567_LITTLE_BUCK,0726,150,305,45.079526304976895,-120.66602476676574,0.9971262812614441
0567_LITTLE_BUCK,0726,375,520,45.018831027933516,-120.58402936223366,0.9921860694885254
0567_LITTLE_BUCK,0726,439,600,45.00156659357451,-120.55351944426823,0.9982132911682129
0567_LITTLE_BUCK,0726,750,665,44.917672232861214,-120.52873013592132,0.9982457160949707
0567_LITTLE_BUCK,0726,156,324,45.07790776425574,-120.65877866124895,0.99763023853302
0567_LITTLE_BUCK,0726,163,364,45.076019466747724,-120.64352370226624,0.9974737167358398
0567_LITTLE_BUCK,0726,581,560,44.96326112984046,-120.56877440325096,0.9433490037918091
0567_LITTLE_BUCK,0726,109,302,45.090586333238136,-120.66716888868945,0.9858052134513855
0567_LITTLE_BUCK,0726,91,286,45.095441955401604,-120.67327087228253,0.8463128805160522
0567_LITTLE_BUCK,0726,672,791,44.93871326223625,-120.48067701512578,0.8124221563339233
0567_LITTLE_BUCK,0726,909,839,44.874780903750555,-120.46237106434653,0.910953938961029
0567_LITTLE_BUCK,0726,109,364,45.090586333238136,-120.64352370226624,0.9997126460075378
0567_LITTLE_BUCK,0726,496,600,44.98619045672352,-120.55351944426823,0.7329068779945374
0567_LITTLE_BUCK,0726,679,356,44.93682496472824,-120.64657469406278,0.7410500049591064
0567_LITTLE_BUCK,0726,832,465,44.89555217633873,-120.6050049308349,0.9499278664588928
0567_LITTLE_BUCK,0726,974,780,44.85724671260469,-120.48487212884604,0.865925669670105
0567_LITTLE_BUCK,0726,150,471,45.079526304976895,-120.60271668698748,0.7664704322814941
0567_LITTLE_BUCK,0726,313,243,45.0355559487188,-120.68966995318894,0.9622781276702881
0567_LITTLE_BUCK,0726,919,697,44.87208333588196,-120.51652616873515,0.9931214451789856
0567_LITTLE_BUCK,0726,213,334,45.06253162740475,-120.65496492150328,0.9970667958259583
0567_LITTLE_BUCK,0726,805,517,44.90283560958394,-120.58517348415737,0.9999854564666748
0567_LITTLE_BUCK,0726,620,490,44.95274061515294,-120.59547058147069,0.998240053653717
0567_LITTLE_BUCK,0726,306,496,45.03744424622682,-120.59318233762329,0.8081022500991821
0567_LITTLE_BUCK,0726,417,297,45.00750124288542,-120.66907575856229,0.9968611001968384
0567_LITTLE_BUCK,0726,293,458,45.04095108445599,-120.60767454865686,0.9946338534355164
0567_LITTLE_BUCK,0726,331,462,45.03070032655533,-120.6061490527586,0.9976048469543457
0567_LITTLE_BUCK,0726,692,423,44.93331812649906,-120.62102263776674,0.9968611598014832
0567_LITTLE_BUCK,0726,395,566,45.01343589219633,-120.56648615940354,0.9978160858154297
0567_LITTLE_BUCK,0726,268,303,45.047695004127476,-120.66678751471487,0.9635845422744751
0567_LITTLE_BUCK,0726,246,443,45.053629653438385,-120.61339515827538,0.9831388592720032
0567_LITTLE_BUCK,0726,804,538,44.9031053663708,-120.57716463069144,0.9451901912689209
0567_LITTLE_BUCK,0726,470,578,44.99320413318186,-120.56190967170873,0.6571767926216125
0567_LITTLE_BUCK,0726,211,319,45.063071140978465,-120.66068553112179,0.9316580891609192
0567_LITTLE_BUCK,0726,798,453,44.904723907091956,-120.6095814185297,0.7180877327919006
0567_LITTLE_BUCK,0726,727,847,44.92387663895898,-120.45932007254999,0.6836638450622559
0567_LITTLE_BUCK,0726,482,554,44.98996705173955,-120.57106264709836,0.7567823529243469
0567_LITTLE_BUCK,0726,867,678,44.88611068879865,-120.52377227425195,0.7147890329360962
0567_LITTLE_BUCK,0726,497,598,44.985920699936656,-120.55428219221737,0.6892333030700684
0567_LITTLE_BUCK,0726,585,713,44.96218210269303,-120.51042418514207,0.9737561345100403
0567_LITTLE_BUCK,0726,283,309,45.043648652324585,-120.66449927086747,0.8997009992599487
0567_LITTLE_BUCK,0726,244,416,45.054169167012105,-120.62369225558871,0.9832494258880615
0567_LITTLE_BUCK,0726,579,349,44.96380064341418,-120.64924431188476,0.9967997670173645
0567_LITTLE_BUCK,0726,765,611,44.91362588105832,-120.54932433054799,0.9989053010940552
0567_LITTLE_BUCK,0726,204,317,45.06495943848648,-120.66144827907092,0.8518710136413574
0567_LITTLE_BUCK,0726,596,680,44.95921477803757,-120.52300952630281,0.9963722825050354
0567_LITTLE_BUCK,0726,772,806,44.911737583550305,-120.47495640550727,0.9993725419044495
0567_LITTLE_BUCK,0726,760,708,44.91497466499262,-120.51233105501491,0.9981390237808228
0567_LITTLE_BUCK,0726,814,723,44.90040779850221,-120.50661044539639,0.9980509281158447
0567_LITTLE_BUCK,0726,606,554,44.956517210168975,-120.57106264709836,0.9795819520950317
0567_LITTLE_BUCK,0726,761,716,44.914704908205756,-120.50928006321837,0.9983890056610107
0567_LITTLE_BUCK,0726,611,538,44.95516842623468,-120.57716463069144,0.6775208115577698
0567_LITTLE_BUCK,0726,600,701,44.958135750890136,-120.51500067283689,0.9909777641296387
0567_LITTLE_BUCK,0726,776,460,44.910658556402865,-120.60691180070773,0.9948358535766602
0567_LITTLE_BUCK,0726,762,489,44.9144351514189,-120.59585195544527,0.9994664788246155
0567_LITTLE_BUCK,0726,760,572,44.91497466499262,-120.56419791555614,0.9989368915557861
0567_LITTLE_BUCK,0726,805,523,44.90283560958394,-120.58288524030996,0.9998019933700562
0567_LITTLE_BUCK,0726,875,678,44.88395263450378,-120.52377227425195,0.7368572950363159
0567_LITTLE_BUCK,0726,844,490,44.892315094896425,-120.59547058147069,0.7895927429199219
0567_LITTLE_BUCK,0726,783,741,44.90877025889485,-120.49974571385418,0.9982379078865051
0567_LITTLE_BUCK,0726,620,695,44.95274061515294,-120.5172889166843,0.9983408451080322
0567_LITTLE_BUCK,0726,223,320,45.05983405953616,-120.66030415714722,0.9598934054374695
0567_LITTLE_BUCK,0726,61,389,45.10353465900739,-120.63398935290205,0.8124563097953796
0567_LITTLE_BUCK,0726,235,454,45.05659697809384,-120.60920004455514,0.7844545245170593
0567_LITTLE_BUCK,0726,113,365,45.089507306090695,-120.64314232829167,0.9997618198394775
0567_LITTLE_BUCK,0726,743,475,44.91956053036923,-120.60119119108921,0.9993267059326172
0567_LITTLE_BUCK,0726,90,287,45.09571171218846,-120.67288949830797,0.8512519001960754
0567_LITTLE_BUCK,0726,692,403,44.93331812649906,-120.62865011725809,0.805894136428833
0567_LITTLE_BUCK,0726,57,349,45.10461368615483,-120.64924431188476,0.9600405693054199
0567_LITTLE_BUCK,0726,206,293,45.06441992491276,-120.67060125446055,0.7483424544334412
0567_LITTLE_BUCK,0726,143,376,45.08141460248491,-120.63894721457143,0.9990856051445007
0567_LITTLE_BUCK,0726,762,824,44.9144351514189,-120.46809167396505,0.9945136904716492
0567_LITTLE_BUCK,0726,743,853,44.91956053036923,-120.45703182870258,0.716740608215332
0567_LITTLE_BUCK,0726,774,671,44.911198069976585,-120.52644189207392,0.7456185221672058
0567_LITTLE_BUCK,0726,472,579,44.99266461960815,-120.56152829773416,0.6703058481216431
0567_LITTLE_BUCK,0726,686,416,44.93493666722022,-120.62369225558871,0.9757288694381714
0567_LITTLE_BUCK,0726,748,694,44.918211746434935,-120.51767029065886,0.9983577728271484
0567_LITTLE_BUCK,0726,138,330,45.08276338641921,-120.65649041740154,0.9988285899162292
0567_LITTLE_BUCK,0726,235,379,45.05659697809384,-120.63780309264773,0.9867042303085327
0567_LITTLE_BUCK,0726,94,275,45.09463268504103,-120.67746598600277,0.5202988386154175
0567_LITTLE_BUCK,0726,387,283,45.0155939464912,-120.67441499420623,0.9977810978889465
0567_LITTLE_BUCK,0726,601,567,44.95786599410327,-120.56610478542898,0.9960243105888367
0567_LITTLE_BUCK,0726,682,784,44.936015694367654,-120.48334663294776,0.8956000804901123
0567_LITTLE_BUCK,0726,946,772,44.864799902636754,-120.48792312064258,0.9993605017662048
0567_LITTLE_BUCK,0726,310,489,45.03636521907938,-120.59585195544527,0.8758416771888733
0567_LITTLE_BUCK,0726,184,383,45.07035457422367,-120.63627759674945,0.9980100393295288
0567_LITTLE_BUCK,0726,679,409,44.93682496472824,-120.62636187341069,0.849391758441925
0567_LITTLE_BUCK,0726,355,232,45.024226163670704,-120.6938650669092,0.9970507621765137
0567_LITTLE_BUCK,0726,174,313,45.073052142092266,-120.6629737749692,0.8062276840209961
0567_LITTLE_BUCK,0726,665,711,44.940601559744266,-120.51118693309121,0.9984105229377747
0567_LITTLE_BUCK,0726,576,335,44.96460991377476,-120.6545835475287,0.7513871788978577
0567_LITTLE_BUCK,0726,806,512,44.90256585279708,-120.5870803540302,0.9999963641166687
0567_LITTLE_BUCK,0726,505,284,44.98376264564178,-120.67403362023167,0.9716723561286926
0567_LITTLE_BUCK,0726,779,799,44.90984928604229,-120.47762602332924,0.9991763830184937
0567_LITTLE_BUCK,0726,674,745,44.938173748662535,-120.4982202179559,0.9960359930992126
0567_LITTLE_BUCK,0726,453,257,44.997789998558474,-120.684330717545,0.9977195262908936
0567_LITTLE_BUCK,0726,695,782,44.93250885613848,-120.4841093808969,0.9958952069282532
0567_LITTLE_BUCK,0726,925,692,44.87046479516081,-120.518433038608,0.9867735505104065
0567_LITTLE_BUCK,0726,233,338,45.057136491667556,-120.653439425605,0.9974225163459778
0567_LITTLE_BUCK,0726,813,838,44.900677555289064,-120.4627524383211,0.9921389222145081
0567_LITTLE_BUCK,0726,215,365,45.06199211383103,-120.64314232829167,0.9965826272964478
0567_LITTLE_BUCK,0726,147,411,45.08033557533747,-120.62559912546155,0.99830561876297
0567_LITTLE_BUCK,0726,686,363,44.93493666722022,-120.64390507624081,0.5885321497917175
0567_LITTLE_BUCK,0726,887,704,44.880715553061464,-120.51385655091319,0.9975287914276123
0567_LITTLE_BUCK,0726,282,320,45.04391840911145,-120.66030415714722,0.9949358701705933
0567_LITTLE_BUCK,0726,92,331,45.09517219861475,-120.65610904342698,0.9984229207038879
0567_LITTLE_BUCK,0726,146,284,45.080605332124335,-120.67403362023167,0.62542325258255
0567_LITTLE_BUCK,0726,634,382,44.94896402013691,-120.63665897072401,0.9977851510047913
0567_LITTLE_BUCK,0726,744,708,44.91929077358237,-120.51233105501491,0.9991326332092285
0567_LITTLE_BUCK,0726,445,576,44.99994805285335,-120.56267241965786,0.9977359771728516
0567_LITTLE_BUCK,0726,821,836,44.89851950099419,-120.46351518627023,0.9964253902435303
0567_LITTLE_BUCK,0726,617,634,44.953549885513524,-120.54055272913293,0.9975287914276123
0567_LITTLE_BUCK,0726,83,298,45.09760000969648,-120.66869438458771,0.8836316466331482
0567_LITTLE_BUCK,0726,168,329,45.07467068281343,-120.65687179137612,0.9947674870491028
0567_LITTLE_BUCK,0726,25,370,45.11324590333433,-120.64123545841883,0.5549795031547546
0567_LITTLE_BUCK,0726,251,427,45.05228086950409,-120.61949714186846,0.9938574433326721
0567_LITTLE_BUCK,0726,960,754,44.86102330762073,-120.4947878521848,0.9994375109672546
0567_LITTLE_BUCK,0726,601,354,44.95786599410327,-120.64733744201192,0.9070059657096863
0567_LITTLE_BUCK,0726,892,771,44.87936676912717,-120.48830449461714,0.9985212683677673
0567_LITTLE_BUCK,0726,365,231,45.02152859580211,-120.69424644088376,0.9968648552894592
0567_LITTLE_BUCK,0726,701,422,44.93089031541733,-120.6214040117413,0.9865709543228149
0567_LITTLE_BUCK,0726,293,334,45.04095108445599,-120.65496492150328,0.9977121353149414
0567_LITTLE_BUCK,0726,698,801,44.931699585777906,-120.47686327538011,0.9845144748687744
0567_LITTLE_BUCK,0726,371,294,45.01991005508095,-120.67021988048599,0.9973678588867188
0567_LITTLE_BUCK,0726,340,220,45.028272515473596,-120.698441554604,0.9656267762184143
0567_LITTLE_BUCK,0726,444,302,45.00021780964021,-120.66716888868945,0.9977841973304749
0567_LITTLE_BUCK,0726,661,722,44.94168058689171,-120.50699181937097,0.9976282715797424
0567_LITTLE_BUCK,0726,401,192,45.011817351475166,-120.7091200258919,0.9885788559913635
0567_LITTLE_BUCK,0726,599,374,44.95840550767699,-120.63970996252056,0.9972275495529175
0567_LITTLE_BUCK,0726,196,470,45.06711749278136,-120.60309806096205,0.9903294444084167
0567_LITTLE_BUCK,0726,744,677,44.91929077358237,-120.52415364822652,0.9982300400733948
0567_LITTLE_BUCK,0726,578,617,44.964070400201045,-120.54703608670059,0.9941583871841431
0567_LITTLE_BUCK,0726,473,539,44.992394862821286,-120.57678325671688,0.995411217212677
0567_LITTLE_BUCK,0726,598,558,44.95867526446385,-120.56953715120008,0.9810934066772461
0567_LITTLE_BUCK,0726,78,349,45.098948793630775,-120.64924431188476,0.9985410571098328
0567_LITTLE_BUCK,0726,481,556,44.99023680852641,-120.57029989914922,0.7753458023071289
0567_LITTLE_BUCK,0726,638,650,44.94788499298947,-120.53445074553984,0.9993247389793396
0567_LITTLE_BUCK,0726,580,674,44.963530886627325,-120.52529777015022,0.9934676885604858
0567_LITTLE_BUCK,0726,423,607,45.00588270216426,-120.55084982644627,0.9914873838424683
0567_LITTLE_BUCK,0726,212,473,45.06280138419161,-120.60195393903835,0.7975935935974121
0567_LITTLE_BUCK,0726,146,474,45.080605332124335,-120.60157256506378,0.6344186663627625
0567_LITTLE_BUCK,0726,444,558,45.00021780964021,-120.56953715120008,0.9977698922157288
0567_LITTLE_BUCK,0726,226,372,45.059024789175574,-120.6404727104697,0.9902921319007874
0567_LITTLE_BUCK,0726,79,382,45.09867903684392,-120.63665897072401,0.999438464641571
0567_LITTLE_BUCK,0726,258,489,45.05039257199607,-120.59585195544527,0.8474637866020203
0567_LITTLE_BUCK,0726,598,603,44.95867526446385,-120.55237532234453,0.97646564245224
0567_LITTLE_BUCK,0726,444,525,45.00021780964021,-120.58212249236082,0.9979254603385925
0567_LITTLE_BUCK,0726,657,411,44.94275961403914,-120.62559912546155,0.9967883825302124
0567_LITTLE_BUCK,0726,821,824,44.89851950099419,-120.46809167396505,0.9979093074798584
0567_LITTLE_BUCK,0726,895,854,44.87855749876659,-120.456650454728,0.8781312704086304
0567_LITTLE_BUCK,0726,443,591,45.00048756642707,-120.55695181003935,0.9977762699127197
0567_LITTLE_BUCK,0726,406,610,45.01046856754087,-120.54970570452255,0.8804159760475159
0567_LITTLE_BUCK,0726,172,285,45.073591655665986,-120.67365224625709,0.7337983250617981
0567_LITTLE_BUCK,0726,758,462,44.91551417856634,-120.6061490527586,0.9987552165985107
0567_LITTLE_BUCK,0726,59,337,45.10407417258111,-120.65382079957958,0.9811335206031799
0567_LITTLE_BUCK,0726,926,786,44.87019503837394,-120.48258388499862,0.9947421550750732
0567_LITTLE_BUCK,0726,754,824,44.916593205713774,-120.46809167396505,0.9956294894218445
0567_LITTLE_BUCK,0726,810,480,44.90148682564964,-120.59928432121637,0.9966999292373657
0567_LITTLE_BUCK,0726,605,618,44.95678696695584,-120.54665471272601,0.9974861145019531
0567_LITTLE_BUCK,0726,359,571,45.023147136523264,-120.5645792895307,0.7425893545150757
0567_LITTLE_BUCK,0726,766,600,44.91335612427146,-120.55351944426823,0.9973024129867554
0567_LITTLE_BUCK,0726,948,771,44.864260389063034,-120.48830449461714,0.9992060661315918
0567_LITTLE_BUCK,0726,433,543,45.00318513429566,-120.5752577608186,0.9976025223731995
0567_LITTLE_BUCK,0726,396,282,45.01316613540946,-120.6747963681808,0.9979457855224609
0567_LITTLE_BUCK,0726,374,555,45.01910078472037,-120.57068127312378,0.9835323691368103
0567_LITTLE_BUCK,0726,169,284,45.07440092602656,-120.67403362023167,0.5576131343841553
0567_LITTLE_BUCK,0726,147,466,45.08033557533747,-120.60462355686032,0.7726858854293823
0567_LITTLE_BUCK,0726,106,415,45.09139560359871,-120.62407362956328,0.9984575510025024
0567_LITTLE_BUCK,0726,111,326,45.090046819664416,-120.65801591329982,0.9992825388908386
0567_LITTLE_BUCK,0726,189,308,45.069005790289374,-120.66488064484204,0.8385500907897949
0567_LITTLE_BUCK,0726,770,646,44.912277097124026,-120.53597624143812,0.9970163702964783
0567_LITTLE_BUCK,0726,867,677,44.88611068879865,-120.52415364822652,0.5586507320404053
0567_LITTLE_BUCK,0726,660,442,44.94195034367856,-120.61377653224994,0.9989784359931946
0567_LITTLE_BUCK,0726,788,537,44.90742147496055,-120.577546004666,0.9996134638786316
0567_LITTLE_BUCK,0726,628,701,44.95058256085807,-120.51500067283689,0.9986149072647095
0567_LITTLE_BUCK,0726,341,238,45.02800275868674,-120.69157682306178,0.9957951903343201
0567_LITTLE_BUCK,0726,953,768,44.86291160512874,-120.48944861654084,0.9995786547660828
0567_LITTLE_BUCK,0726,208,454,45.06388041133905,-120.60920004455514,0.9905611872673035
0567_LITTLE_BUCK,0726,58,312,45.104343929367964,-120.66335514894377,0.8947022557258606
0567_LITTLE_BUCK,0726,776,731,44.910658556402865,-120.50355945359985,0.9961665868759155
0567_LITTLE_BUCK,0726,510,318,44.982413861707485,-120.66106690509636,0.997076690196991
0567_LITTLE_BUCK,0726,490,531,44.987808997444674,-120.57983424851342,0.9975287914276123
0567_LITTLE_BUCK,0726,167,346,45.07494043960028,-120.65038843380846,0.9959681630134583
0567_LITTLE_BUCK,0726,179,311,45.07170335815797,-120.66373652291833,0.9018412232398987
0567_LITTLE_BUCK,0726,802,727,44.90364487994452,-120.50508494949813,0.9978596568107605
0567_LITTLE_BUCK,0726,747,702,44.91848150322179,-120.51461929886231,0.9984710812568665
0567_LITTLE_BUCK,0726,360,235,45.02287737973641,-120.69272094498548,0.9973991513252258
0567_LITTLE_BUCK,0726,573,599,44.96541918413534,-120.55390081824281,0.9466755390167236
0567_LITTLE_BUCK,0726,476,584,44.99158559246071,-120.55962142786132,0.581227719783783
0567_LITTLE_BUCK,0726,807,448,44.902296096010225,-120.61148828840254,0.9492083787918091
0567_LITTLE_BUCK,0726,790,541,44.90688196138684,-120.57602050876774,0.9992784261703491
0567_LITTLE_BUCK,0726,143,436,45.08141460248491,-120.61606477609736,0.9992226362228394
0567_LITTLE_BUCK,0726,769,585,44.91254685391088,-120.55924005388675,0.9988826513290405
0567_LITTLE_BUCK,0726,614,715,44.9543591558741,-120.50966143719293,0.9937179088592529
0567_LITTLE_BUCK,0726,870,782,44.885301418438075,-120.4841093808969,0.9989111423492432
0567_LITTLE_BUCK,0726,189,338,45.069005790289374,-120.653439425605,0.9899088740348816
0567_LITTLE_BUCK,0726,508,311,44.982953375281205,-120.66373652291833,0.9963915348052979
0567_LITTLE_BUCK,0726,239,467,45.0555179509464,-120.60424218288576,0.9656251072883606
0567_LITTLE_BUCK,0726,920,805,44.871813579095104,-120.47533777948183,0.9971736073493958
0567_LITTLE_BUCK,0726,160,423,45.0768287371083,-120.62102263776674,0.9988566637039185
0567_LITTLE_BUCK,0726,281,473,45.044188165898305,-120.60195393903835,0.9975287914276123
0567_LITTLE_BUCK,0726,56,351,45.104883442941684,-120.64848156393562,0.9516456723213196
0567_LITTLE_BUCK,0726,458,567,44.99644121462418,-120.56610478542898,0.9940599203109741
0567_LITTLE_BUCK,0726,422,530,45.00615245895112,-120.58021562248798,0.9977502226829529
0567_LITTLE_BUCK,0726,668,583,44.93979228938369,-120.56000280183589,0.9988241195678711
0567_LITTLE_BUCK,0726,751,441,44.91740247607435,-120.61415790622452,0.9976617097854614
0567_LITTLE_BUCK,0726,282,295,45.04391840911145,-120.66983850651143,0.9811563491821289
0567_LITTLE_BUCK,0726,449,234,44.998869025705915,-120.69310231896006,0.9978695511817932
0567_LITTLE_BUCK,0726,252,476,45.05201111271723,-120.60080981711465,0.917637825012207
0567_LITTLE_BUCK,0726,865,823,44.88665020237237,-120.46847304793961,0.9689611196517944
0567_LITTLE_BUCK,0726,637,398,44.948154749776336,-120.63055698713093,0.9990474581718445
0567_LITTLE_BUCK,0726,111,348,45.090046819664416,-120.64962568585932,0.9999634027481079
0567_LITTLE_BUCK,0726,877,686,44.88341312093006,-120.5207212824554,0.8941860795021057
0567_LITTLE_BUCK,0726,765,455,44.91362588105832,-120.60881867058058,0.9965243339538574
0567_LITTLE_BUCK,0726,223,363,45.05983405953616,-120.64390507624081,0.9959163665771484
0567_LITTLE_BUCK,0726,72,368,45.100567334351936,-120.64199820636797,0.9991756081581116
0567_LITTLE_BUCK,0726,807,471,44.902296096010225,-120.60271668698748,0.9953864812850952
0567_LITTLE_BUCK,0726,248,458,45.053090139864665,-120.60767454865686,0.9775266647338867
0567_LITTLE_BUCK,0726,770,595,44.912277097124026,-120.55542631414107,0.996682345867157
0567_LITTLE_BUCK,0726,312,307,45.03582570550566,-120.6652620188166,0.9976633787155151
0567_LITTLE_BUCK,0726,472,225,44.99266461960815,-120.69653468473116,0.7523611783981323
0567_LITTLE_BUCK,0726,493,589,44.9869997270841,-120.55771455798848,0.5998886823654175
0567_LITTLE_BUCK,0726,630,560,44.950043047284346,-120.56877440325096,0.9974040985107422
0567_LITTLE_BUCK,0726,247,419,45.05335989665153,-120.622548133665,0.9924722909927368
0567_LITTLE_BUCK,0726,896,813,44.87828774197973,-120.47228678768529,0.9982695579528809
0567_LITTLE_BUCK,0726,710,450,44.92846250433559,-120.6107255404534,0.9979004859924316
0567_LITTLE_BUCK,0726,586,615,44.961912345906164,-120.54779883464973,0.9911186099052429
0567_LITTLE_BUCK,0726,158,303,45.07736825068202,-120.66678751471487,0.9949978590011597
0567_LITTLE_BUCK,0726,634,717,44.94896402013691,-120.50889868924381,0.9971294403076172
0567_LITTLE_BUCK,0726,432,227,45.00345489108253,-120.69577193678202,0.9982466101646423
0567_LITTLE_BUCK,0726,955,729,44.862372091555024,-120.50432220154899,0.9980118274688721
0567_LITTLE_BUCK,0726,573,683,44.96541918413534,-120.52186540437911,0.9208340048789978
0567_LITTLE_BUCK,0726,776,713,44.910658556402865,-120.51042418514207,0.830349326133728
0567_LITTLE_BUCK,0726,671,570,44.93898301902311,-120.56496066350527,0.9980162382125854
0567_LITTLE_BUCK,0726,901,844,44.87693895804543,-120.46046419447369,0.9277979731559753
0567_LITTLE_BUCK,0726,232,324,45.05740624845442,-120.65877866124895,0.9862260222434998
0567_LITTLE_BUCK,0726,174,385,45.073052142092266,-120.63551484880031,0.9976561665534973
0567_LITTLE_BUCK,0726,221,449,45.06037357310987,-120.61110691442798,0.9554093480110168
0567_LITTLE_BUCK,0726,601,554,44.95786599410327,-120.57106264709836,0.9813497066497803
0567_LITTLE_BUCK,0726,835,817,44.894742905978156,-120.47076129178703,0.9971230030059814
0567_LITTLE_BUCK,0726,395,612,45.01343589219633,-120.54894295657343,0.9046990871429443
0567_LITTLE_BUCK,0726,300,453,45.03906278694797,-120.6095814185297,0.9965397119522095
0567_LITTLE_BUCK,0726,739,475,44.920639557516665,-120.60119119108921,0.9993789196014404
0567_LITTLE_BUCK,0726,279,293,45.044727679472025,-120.67060125446055,0.9655410647392273
0567_LITTLE_BUCK,0726,497,290,44.985920699936656,-120.67174537638425,0.996522843837738
0567_LITTLE_BUCK,0726,348,568,45.02611446117872,-120.5657234114544,0.7742818593978882
0567_LITTLE_BUCK,0726,227,430,45.05875503238872,-120.61835301994476,0.6535495519638062
0567_LITTLE_BUCK,0726,375,312,45.018831027933516,-120.66335514894377,0.9982303380966187
0567_LITTLE_BUCK,0726,873,695,44.8844921480775,-120.5172889166843,0.9769006371498108
0567_LITTLE_BUCK,0726,684,806,44.93547618079394,-120.47495640550727,0.8785016536712646
0567_LITTLE_BUCK,0726,321,268,45.03339789442393,-120.68013560382475,0.9916425347328186
0567_LITTLE_BUCK,0726,398,281,45.01262662183575,-120.67517774215537,0.9980372786521912
0567_LITTLE_BUCK,0726,336,239,45.029351542621036,-120.69119544908722,0.9927653074264526
0567_LITTLE_BUCK,0726,581,341,44.96326112984046,-120.6522953036813,0.7644807696342468
0567_LITTLE_BUCK,0726,249,423,45.05282038307781,-120.62102263776674,0.9946406483650208
0567_LITTLE_BUCK,0726,327,256,45.03177935370277,-120.68471209151956,0.9791064262390137
0567_LITTLE_BUCK,0726,798,466,44.904723907091956,-120.60462355686032,0.9961560368537903
0567_LITTLE_BUCK,0726,119,326,45.08788876536954,-120.65801591329982,0.9997586607933044
0567_LITTLE_BUCK,0726,144,332,45.081144845698056,-120.6557276694524,0.9982768297195435
0567_LITTLE_BUCK,0726,97,287,45.09382341468045,-120.67288949830797,0.9226101636886597
0567_LITTLE_BUCK,0726,128,366,45.085460954287804,-120.6427609543171,0.9984446167945862
0567_LITTLE_BUCK,0726,790,707,44.90688196138684,-120.51271242898947,0.9685102105140686
0567_LITTLE_BUCK,0726,61,359,45.10353465900739,-120.64543057213908,0.9850680828094482
0567_LITTLE_BUCK,0726,473,258,44.992394862821286,-120.68394934357043,0.9950760006904602
0567_LITTLE_BUCK,0726,440,500,45.00129683678765,-120.59165684172501,0.9977307915687561
0567_LITTLE_BUCK,0726,344,216,45.027193488326155,-120.69996705050228,0.9834109544754028
0567_LITTLE_BUCK,0726,340,294,45.028272515473596,-120.67021988048599,0.9972187876701355
0567_LITTLE_BUCK,0726,81,313,45.0981395232702,-120.6629737749692,0.8659457564353943
0567_LITTLE_BUCK,0726,255,382,45.051201842356654,-120.63665897072401,0.9737752079963684
0567_LITTLE_BUCK,0726,393,511,45.01397540577005,-120.58746172800477,0.9969146251678467
0567_LITTLE_BUCK,0726,874,856,44.884222391290635,-120.45588770677888,0.9930605888366699
0567_LITTLE_BUCK,0726,642,533,44.94680596584204,-120.57907150056428,0.9968112111091614
0567_LITTLE_BUCK,0726,557,363,44.96973529272509,-120.64390507624081,0.9981691241264343
0567_LITTLE_BUCK,0726,424,303,45.0056129453774,-120.66678751471487,0.994133472442627
0567_LITTLE_BUCK,0726,159,412,45.07709849389516,-120.62521775148699,0.9978000521659851
0567_LITTLE_BUCK,0726,151,438,45.07925654819004,-120.61530202814822,0.9990962147712708
0567_LITTLE_BUCK,0726,952,734,44.8631813619156,-120.50241533167615,0.9988124370574951
0567_LITTLE_BUCK,0726,420,173,45.00669197252484,-120.71636613140869,0.8222153186798096
0567_LITTLE_BUCK,0726,865,703,44.88665020237237,-120.51423792488775,0.9947084188461304
0567_LITTLE_BUCK,0726,223,455,45.05983405953616,-120.60881867058058,0.58346027135849
0567_LITTLE_BUCK,0726,258,471,45.05039257199607,-120.60271668698748,0.989561915397644
0567_LITTLE_BUCK,0726,180,296,45.07143360137111,-120.66945713253685,0.7813603281974792
0567_LITTLE_BUCK,0726,599,360,44.95840550767699,-120.64504919816451,0.9672834277153015
0567_LITTLE_BUCK,0726,574,678,44.96514942734848,-120.52377227425195,0.9655587077140808
0567_LITTLE_BUCK,0726,154,358,45.07844727782946,-120.64581194611365,0.9962583780288696
0567_LITTLE_BUCK,0726,206,477,45.06441992491276,-120.60042844314007,0.8768380880355835
0567_LITTLE_BUCK,0726,651,383,44.9443781547603,-120.63627759674945,0.995593249797821
0567_LITTLE_BUCK,0726,761,857,44.914704908205756,-120.4555063328043,0.7286927103996277
0567_LITTLE_BUCK,0726,907,784,44.875320417324275,-120.48334663294776,0.9980217218399048
0567_LITTLE_BUCK,0726,661,373,44.94168058689171,-120.64009133649513,0.9652092456817627
0567_LITTLE_BUCK,0726,637,507,44.948154749776336,-120.58898722390305,0.9980761408805847
0567_LITTLE_BUCK,0726,493,268,44.9869997270841,-120.68013560382475,0.9738308787345886
0567_LITTLE_BUCK,0726,925,686,44.87046479516081,-120.5207212824554,0.8988862037658691
0567_LITTLE_BUCK,0726,753,818,44.91686296250064,-120.47037991781245,0.9977937936782837
0567_LITTLE_BUCK,0726,243,494,45.05443892379896,-120.59394508557243,0.5767754316329956
0567_LITTLE_BUCK,0726,923,774,44.87100430873453,-120.48716037269344,0.9994900226593018
0567_LITTLE_BUCK,0726,978,759,44.85616768545725,-120.49288098231196,0.9069821238517761
0567_LITTLE_BUCK,0726,372,228,45.01964029829409,-120.69539056280746,0.9979711771011353
0567_LITTLE_BUCK,0726,160,329,45.0768287371083,-120.65687179137612,0.9974063634872437
0567_LITTLE_BUCK,0726,409,201,45.00965929718029,-120.70568766012079,0.9961424469947815
0567_LITTLE_BUCK,0726,116,376,45.08869803573012,-120.63894721457143,0.9986950159072876
0567_LITTLE_BUCK,0726,155,448,45.0781775210426,-120.61148828840254,0.9983213543891907
0567_LITTLE_BUCK,0726,164,309,45.07574970996086,-120.66449927086747,0.923816442489624
0567_LITTLE_BUCK,0726,775,658,44.91092831318973,-120.5313997537433,0.9257457256317139
0567_LITTLE_BUCK,0726,759,735,44.91524442177948,-120.50203395770158,0.9979732632637024
0567_LITTLE_BUCK,0726,676,387,44.937634235088815,-120.63475210085117,0.8850658535957336
0567_LITTLE_BUCK,0726,906,698,44.87559017411113,-120.51614479476059,0.9950534701347351
0567_LITTLE_BUCK,0726,132,298,45.08438192714036,-120.66869438458771,0.9871107339859009
0567_LITTLE_BUCK,0726,769,615,44.91254685391088,-120.54779883464973,0.9979872107505798
0567_LITTLE_BUCK,0726,391,211,45.01451491934376,-120.70187392037512,0.9987546801567078
0567_LITTLE_BUCK,0726,585,562,44.96218210269303,-120.56801165530182,0.9814528822898865
0567_LITTLE_BUCK,0726,773,858,44.91146782676344,-120.45512495882974,0.9490004181861877
0567_LITTLE_BUCK,0726,277,387,45.045267193045746,-120.63475210085117,0.9975810050964355
0567_LITTLE_BUCK,0726,405,499,45.01073832432773,-120.59203821569959,0.9964112639427185
0567_LITTLE_BUCK,0726,425,612,45.005343188590544,-120.54894295657343,0.961491584777832
0567_LITTLE_BUCK,0726,166,474,45.07521019638715,-120.60157256506378,0.8283476829528809
0567_LITTLE_BUCK,0726,627,707,44.95085231764493,-120.51271242898947,0.9979597926139832
0567_LITTLE_BUCK,0726,91,332,45.095441955401604,-120.6557276694524,0.9981335997581482
0567_LITTLE_BUCK,0726,528,307,44.97755823954402,-120.6652620188166,0.8872363567352295
0567_LITTLE_BUCK,0726,701,448,44.93089031541733,-120.61148828840254,0.9975504279136658
0567_LITTLE_BUCK,0726,903,822,44.876399444471716,-120.46885442191419,0.9961225390434265
0567_LITTLE_BUCK,0726,890,691,44.87990628270089,-120.51881441258257,0.8176426887512207
0567_LITTLE_BUCK,0726,679,422,44.93682496472824,-120.6214040117413,0.9978355169296265
0567_LITTLE_BUCK,0726,976,774,44.85670719903097,-120.48716037269344,0.7624393105506897
0567_LITTLE_BUCK,0726,439,210,45.00156659357451,-120.70225529434968,0.9862676858901978
0567_LITTLE_BUCK,0726,753,705,44.91686296250064,-120.51347517693861,0.9981658458709717
0567_LITTLE_BUCK,0726,905,707,44.875859930897995,-120.51271242898947,0.9978275299072266
0567_LITTLE_BUCK,0726,770,850,44.912277097124026,-120.45817595062628,0.5680816173553467
0567_LITTLE_BUCK,0726,437,630,45.00210610714823,-120.5420782250312,0.7931602001190186
0567_LITTLE_BUCK,0726,780,454,44.90957952925543,-120.60920004455514,0.9545315504074097
0567_LITTLE_BUCK,0726,597,595,44.95894502125071,-120.55542631414107,0.9977436065673828
0567_LITTLE_BUCK,0726,428,488,45.00453391822996,-120.59623332941983,0.9975721836090088
0567_LITTLE_BUCK,0726,353,553,45.024765677244424,-120.57144402107292,0.8866924047470093
0567_LITTLE_BUCK,0726,498,320,44.9856509431498,-120.66030415714722,0.9978834390640259
0567_LITTLE_BUCK,0726,421,572,45.00642221573798,-120.56419791555614,0.9992965459823608
0567_LITTLE_BUCK,0726,399,291,45.012356865048886,-120.67136400240969,0.9975287914276123
0567_LITTLE_BUCK,0726,801,508,44.90391463673138,-120.58860584992847,0.999994158744812
0567_LITTLE_BUCK,0726,450,225,44.99859926891905,-120.69653468473116,0.9964746236801147
0567_LITTLE_BUCK,0726,860,839,44.88799898630667,-120.46237106434653,0.995922327041626
0567_LITTLE_BUCK,0726,499,258,44.98538118636294,-120.68394934357043,0.916546642780304
0567_LITTLE_BUCK,0726,594,630,44.95975429161129,-120.5420782250312,0.9957584142684937
0567_LITTLE_BUCK,0726,739,671,44.920639557516665,-120.52644189207392,0.9985141158103943
0567_LITTLE_BUCK,0726,571,575,44.965958697709056,-120.56305379363243,0.9234834313392639
0567_LITTLE_BUCK,0726,341,273,45.02800275868674,-120.67822873395191,0.9977605938911438
0567_LITTLE_BUCK,0726,898,849,44.87774822840601,-120.45855732460085,0.9149222373962402
0567_LITTLE_BUCK,0726,813,828,44.900677555289064,-120.46656617806677,0.9969649910926819
0567_LITTLE_BUCK,0726,655,419,44.94329912761286,-120.622548133665,0.9975517988204956
0567_LITTLE_BUCK,0726,314,264,45.035286191931945,-120.68166109972302,0.9883010983467102
0567_LITTLE_BUCK,0726,218,348,45.061182843470455,-120.64962568585932,0.997651994228363
0567_LITTLE_BUCK,0726,652,555,44.944108397973444,-120.57068127312378,0.9975287914276123
0567_LITTLE_BUCK,0726,757,854,44.9157839353532,-120.456650454728,0.7564902305603027
0567_LITTLE_BUCK,0726,613,370,44.95462891266096,-120.64123545841883,0.9957509636878967
0567_LITTLE_BUCK,0726,669,714,44.93952253259683,-120.51004281116751,0.9985092282295227
0567_LITTLE_BUCK,0726,221,350,45.06037357310987,-120.6488629379102,0.997573971748352
0567_LITTLE_BUCK,0726,207,356,45.064150168125906,-120.64657469406278,0.9975746273994446
