burnName,date,y,x,lat,lon,predicted_prob
Akawa_Butte,0720,493,651,44.46205160751535,-121.39713203323313,0.9915162324905396
Akawa_Butte,0720,482,410,44.4650189321708,-121.48821302873245,0.9981827735900879
Akawa_Butte,0720,435,430,44.4776975011532,-121.48065443989432,0.9973201155662537
Akawa_Butte,0720,618,564,44.42833200915791,-121.43001189467894,0.9826715588569641
Akawa_Butte,0720,418,417,44.482283366529806,-121.4855675226391,0.8268874287605286
Akawa_Butte,0720,524,628,44.4536891471227,-121.40582441039697,0.9979547262191772
Akawa_Butte,0720,389,666,44.49010631334873,-121.39146309160455,0.991797924041748
Akawa_Butte,0720,376,516,44.493613151577904,-121.44815250789043,0.8641201257705688
Akawa_Butte,0720,635,558,44.4237461437813,-121.43227947133038,0.96092689037323
Akawa_Butte,0720,640,500,44.422397359847004,-121.45419937896092,0.9978082180023193
Akawa_Butte,0720,627,559,44.42590419807618,-121.43190154188848,0.8601728677749634
Akawa_Butte,0720,382,435,44.49199461085675,-121.4787647926848,0.770172119140625
Akawa_Butte,0720,613,590,44.42968079309221,-121.4201857291894,0.5828220844268799
Akawa_Butte,0720,589,343,44.43615495597684,-121.51353430134014,0.9940839409828186
Akawa_Butte,0720,557,587,44.44478717315634,-121.42131951751512,0.9985969066619873
Akawa_Butte,0720,389,434,44.49010631334873,-121.47914272212671,0.9706659317016602
Akawa_Butte,0720,621,368,44.427522738797336,-121.5040860652925,0.9108127951622009
Akawa_Butte,0720,382,486,44.49199461085675,-121.4594903911476,0.9897440671920776
Akawa_Butte,0720,611,530,44.43022030666593,-121.44286149570374,0.9974682927131653
Akawa_Butte,0720,556,658,44.4450569299432,-121.39448652713979,0.983168363571167
Akawa_Butte,0720,380,567,44.49253412443047,-121.42887810635322,0.9088816046714783
Akawa_Butte,0720,616,566,44.42887152273163,-121.42925603579513,0.986627459526062
Akawa_Butte,0720,380,449,44.49253412443047,-121.47347378049813,0.9932175278663635
Akawa_Butte,0720,404,433,44.48605996154584,-121.4795206515686,0.9956610798835754
Akawa_Butte,0720,621,477,44.427522738797336,-121.46289175612475,0.9981502890586853
Akawa_Butte,0720,374,513,44.494152665151624,-121.44928629621614,0.6576719284057617
Akawa_Butte,0720,622,614,44.42725298201048,-121.41111542258365,0.9099183082580566
Akawa_Butte,0720,382,510,44.49199461085675,-121.45042008454186,0.9889628291130066
Akawa_Butte,0720,479,664,44.465828202531384,-121.39221895048836,0.9931126236915588
Akawa_Butte,0720,533,383,44.45126133604097,-121.4984171236639,0.9970591068267822
Akawa_Butte,0720,391,443,44.48956679977501,-121.47574135714956,0.9962860941886902
Akawa_Butte,0720,660,499,44.417002224109815,-121.45457730840283,0.9914323687553406
Akawa_Butte,0720,658,401,44.417541737683536,-121.4916143937096,0.9977310299873352
Akawa_Butte,0720,657,444,44.41781149447039,-121.47536342770765,0.9973889589309692
Akawa_Butte,0720,619,363,44.428062252371056,-121.50597571250202,0.9574061632156372
Akawa_Butte,0720,651,464,44.41943003519155,-121.46780483886953,0.9971783757209778
Akawa_Butte,0720,351,645,44.5003570712494,-121.39939960988457,0.9430867433547974
Akawa_Butte,0720,618,350,44.42833200915791,-121.5108887952468,0.9930205345153809
Akawa_Butte,0720,611,514,44.43022030666593,-121.44890836677423,0.9987448453903198
Akawa_Butte,0720,486,632,44.463939905023366,-121.40431269262935,0.9990214109420776
Akawa_Butte,0720,557,607,44.44478717315634,-121.413760928677,0.9227911829948425
Akawa_Butte,0720,370,668,44.495231692299065,-121.39070723272074,0.9580240845680237
Akawa_Butte,0720,526,392,44.45314963354899,-121.49501575868675,0.9970124363899231
Akawa_Butte,0720,613,531,44.42968079309221,-121.44248356626184,0.9973430633544922
Akawa_Butte,0720,629,482,44.42536468450246,-121.46100210891522,0.9941897392272949
Akawa_Butte,0720,597,540,44.433996901681965,-121.43908220128469,0.9990087747573853
Akawa_Butte,0720,454,674,44.47257212220287,-121.3884396560693,0.9323825240135193
Akawa_Butte,0720,532,376,44.45153109282783,-121.50106262975724,0.9970357418060303
Akawa_Butte,0720,626,592,44.42617395486304,-121.41942987030558,0.956664502620697
Akawa_Butte,0720,598,392,44.4337271448951,-121.49501575868675,0.999076783657074
Akawa_Butte,0720,660,422,44.417002224109815,-121.48367787542958,0.9982550740242004
Akawa_Butte,0720,547,633,44.44748474102494,-121.40393476318744,0.8725787401199341
Akawa_Butte,0720,618,593,44.42833200915791,-121.41905194086368,0.9054584503173828
Akawa_Butte,0720,532,624,44.45153109282783,-121.40733612816459,0.9977655410766602
Akawa_Butte,0720,435,407,44.4776975011532,-121.48934681705816,0.960161030292511
Akawa_Butte,0720,665,394,44.41565344017552,-121.49425989980294,0.9871265292167664
Akawa_Butte,0720,499,663,44.460433066794195,-121.39259687993027,0.9820333123207092
Akawa_Butte,0720,657,434,44.41781149447039,-121.47914272212671,0.9979648590087891
Akawa_Butte,0720,359,657,44.498199016954516,-121.3948644565817,0.9705511331558228
Akawa_Butte,0720,601,595,44.432917874534525,-121.41829608197986,0.6455897688865662
Akawa_Butte,0720,363,634,44.49711998980708,-121.40355683374554,0.9935527443885803
Akawa_Butte,0720,410,664,44.48444142082469,-121.39221895048836,0.9952377080917358
Akawa_Butte,0720,615,339,44.4291412795185,-121.51504601910776,0.9955984950065613
Akawa_Butte,0720,546,598,44.4477544978118,-121.41716229365414,0.9985138177871704
Akawa_Butte,0720,640,470,44.422397359847004,-121.46553726221809,0.9968373775482178
Akawa_Butte,0720,468,660,44.468795527186835,-121.39373066825598,0.9863234162330627
Akawa_Butte,0720,606,482,44.43156909060023,-121.46100210891522,0.9988571405410767
Akawa_Butte,0720,387,529,44.49064582692245,-121.44323942514565,0.9869012236595154
Akawa_Butte,0720,595,328,44.434536415255685,-121.51920324296873,0.7940158843994141
Akawa_Butte,0720,627,354,44.42590419807618,-121.50937707747917,0.8483375310897827
Akawa_Butte,0720,598,355,44.4337271448951,-121.50899914803726,0.9941430687904358
Akawa_Butte,0720,386,533,44.49091558370931,-121.44172770737802,0.9803894758224487
Akawa_Butte,0720,382,574,44.49199461085675,-121.42623260025988,0.954043984413147
Akawa_Butte,0720,652,385,44.419160278404696,-121.49766126478009,0.9646068811416626
Akawa_Butte,0720,543,351,44.44856376817238,-121.51051086580489,0.9966311454772949
Akawa_Butte,0720,420,427,44.48174385295609,-121.48178822822004,0.9955922365188599
Akawa_Butte,0720,529,656,44.452340363188405,-121.39524238602361,0.516793966293335
Akawa_Butte,0720,508,647,44.45800525571246,-121.39864375100076,0.992093026638031
Akawa_Butte,0720,656,403,44.418081251257256,-121.49085853482579,0.998028576374054
Akawa_Butte,0720,597,378,44.433996901681965,-121.50030677087344,0.9991023540496826
Akawa_Butte,0720,606,567,44.43156909060023,-121.42887810635322,0.9952472448348999
Akawa_Butte,0720,585,337,44.43723398312428,-121.51580187799158,0.9811927080154419
Akawa_Butte,0720,433,429,44.478237014726915,-121.48103236933623,0.9972741007804871
Akawa_Butte,0720,379,491,44.49280388121733,-121.45760074393807,0.9842309951782227
Akawa_Butte,0720,634,519,44.424015900568165,-121.44701871956471,0.7662424445152283
Akawa_Butte,0720,392,572,44.489297042988156,-121.4269884591437,0.9959167242050171
Akawa_Butte,0720,636,393,44.423476386994444,-121.49463782924485,0.9983730316162109
Akawa_Butte,0720,564,653,44.442898875648325,-121.39637617434933,0.9895438551902771
Akawa_Butte,0720,417,418,44.48255312331667,-121.4851895931972,0.9224671125411987
Akawa_Butte,0720,644,471,44.42131833269957,-121.4651593327762,0.9965230822563171
Akawa_Butte,0720,570,336,44.44128033492717,-121.51617980743347,0.9530717134475708
Akawa_Butte,0720,380,540,44.49253412443047,-121.43908220128469,0.9349643588066101
Akawa_Butte,0720,402,687,44.48659947511956,-121.38352657332453,0.8256742358207703
Akawa_Butte,0720,376,573,44.493613151577904,-121.42661052970179,0.5434367060661316
Akawa_Butte,0720,391,592,44.48956679977501,-121.41942987030558,0.9938161969184875
Akawa_Butte,0720,590,498,44.43588519918998,-121.45495523784473,0.9988890886306763
Akawa_Butte,0720,389,612,44.49010631334873,-121.41187128146747,0.9973926544189453
Akawa_Butte,0720,535,365,44.45072182246725,-121.50521985361821,0.9964918494224548
Akawa_Butte,0720,573,323,44.440471064566594,-121.52109289017825,0.6031430959701538
Akawa_Butte,0720,629,516,44.42536468450246,-121.44815250789043,0.9236440062522888
Akawa_Butte,0720,495,633,44.46151209394163,-121.40393476318744,0.998647928237915
Akawa_Butte,0720,514,637,44.4563867149913,-121.40242304541982,0.997856080532074
Akawa_Butte,0720,384,687,44.49145509728303,-121.38352657332453,0.511533260345459
Akawa_Butte,0720,603,386,44.432378360960804,-121.49728333533818,0.9990467429161072
Akawa_Butte,0720,524,372,44.4536891471227,-121.50257434752487,0.9950249791145325
Akawa_Butte,0720,486,673,44.463939905023366,-121.3888175855112,0.9277547001838684
Akawa_Butte,0720,649,483,44.41996954876527,-121.46062417947331,0.9957783818244934
Akawa_Butte,0720,489,398,44.46313063466279,-121.49274818203531,0.9906385540962219
Akawa_Butte,0720,547,644,44.44748474102494,-121.39977753932648,0.9733079671859741
Akawa_Butte,0720,385,568,44.49118534049617,-121.42850017691133,0.9871121048927307
Akawa_Butte,0720,507,659,44.458275012499314,-121.3941085976979,0.9834288954734802
Akawa_Butte,0720,539,624,44.44964279531981,-121.40733612816459,0.9970031976699829
Akawa_Butte,0720,504,656,44.4590842828599,-121.39524238602361,0.9907006621360779
Akawa_Butte,0720,594,517,44.43480617204254,-121.44777457844852,0.9986565113067627
Akawa_Butte,0720,648,394,44.42023930555213,-121.49425989980294,0.9982869625091553
Akawa_Butte,0720,632,388,44.424555414141885,-121.49652747645438,0.998136043548584
Akawa_Butte,0720,585,351,44.43723398312428,-121.51051086580489,0.9951761960983276
Akawa_Butte,0720,571,585,44.44101057814031,-121.42207537639892,0.996143102645874
Akawa_Butte,0720,547,606,44.44748474102494,-121.4141388581189,0.9972895383834839
Akawa_Butte,0720,430,657,44.4790462850875,-121.3948644565817,0.995103120803833
Akawa_Butte,0720,616,551,44.42887152273163,-121.43492497742372,0.9794399738311768
Akawa_Butte,0720,366,608,44.496310719446505,-121.41338299923508,0.8370601534843445
Akawa_Butte,0720,384,664,44.49145509728303,-121.39221895048836,0.9953137040138245
Akawa_Butte,0720,515,623,44.45611695820444,-121.4077140576065,0.9991117715835571
Akawa_Butte,0720,643,477,44.42158808948643,-121.46289175612475,0.9964807629585266
Akawa_Butte,0720,613,332,44.42968079309221,-121.5176915252011,0.9800567626953125
Akawa_Butte,0720,522,650,44.45422866069642,-121.39750996267504,0.9283277988433838
Akawa_Butte,0720,596,333,44.43426665846882,-121.51731359575919,0.9431928396224976
Akawa_Butte,0720,447,416,44.47446041971089,-121.48594545208101,0.9974486827850342
Akawa_Butte,0720,620,502,44.42779249558419,-121.4534435200771,0.9865185022354126
Akawa_Butte,0720,645,409,44.42104857591271,-121.48859095817436,0.9988607168197632
Akawa_Butte,0720,414,683,44.48336239367725,-121.38503829109214,0.9155244827270508
Akawa_Butte,0720,384,685,44.49145509728303,-121.38428243220834,0.6045076847076416
Akawa_Butte,0720,627,348,44.42590419807618,-121.5116446541306,0.9888032674789429
Akawa_Butte,0720,643,565,44.42158808948643,-121.42963396523704,0.9892887473106384
Akawa_Butte,0720,557,600,44.44478717315634,-121.41640643477034,0.9936605095863342
Akawa_Butte,0720,643,474,44.42158808948643,-121.46402554445048,0.9962870478630066
Akawa_Butte,0720,381,505,44.49226436764361,-121.45230973175138,0.9793456196784973
Akawa_Butte,0720,651,400,44.41943003519155,-121.4919923231515,0.9982569217681885
Akawa_Butte,0720,661,480,44.41673246732296,-121.46175796779903,0.9786174893379211
Akawa_Butte,0720,364,638,44.49685023302022,-121.40204511597791,0.9955098032951355
Akawa_Butte,0720,402,688,44.48659947511956,-121.38314864388262,0.7072908282279968
Akawa_Butte,0720,575,336,44.439931550992874,-121.51617980743347,0.9647999405860901
Akawa_Butte,0720,431,679,44.478776528300635,-121.38655000885977,0.8736267685890198
Akawa_Butte,0720,440,402,44.476348717218904,-121.49123646426769,0.6269234418869019
Akawa_Butte,0720,626,551,44.42617395486304,-121.43492497742372,0.548635721206665
Akawa_Butte,0720,578,354,44.4391222806323,-121.50937707747917,0.9967570900917053
Akawa_Butte,0720,612,327,44.429950549879074,-121.51958117241064,0.9598900079727173
Akawa_Butte,0720,385,601,44.49118534049617,-121.41602850532843,0.9934765100479126
Akawa_Butte,0720,513,651,44.45665647177816,-121.39713203323313,0.9885609149932861
Akawa_Butte,0720,667,489,44.4151139266018,-121.45835660282188,0.9796323776245117
Akawa_Butte,0720,596,409,44.43426665846882,-121.48859095817436,0.9994561076164246
Akawa_Butte,0720,387,564,44.49064582692245,-121.43001189467894,0.9931992292404175
Akawa_Butte,0720,369,434,44.49550144908592,-121.47914272212671,0.5772549510002136
Akawa_Butte,0720,638,462,44.422936873420724,-121.46856069775335,0.9977865815162659
Akawa_Butte,0720,603,402,44.432378360960804,-121.49123646426769,0.9994776248931885
Akawa_Butte,0720,562,334,44.443438389222045,-121.5169356663173,0.9182814359664917
Akawa_Butte,0720,624,603,44.42671346843676,-121.41527264644462,0.8594881892204285
Akawa_Butte,0720,654,446,44.418620764830976,-121.47460756882384,0.9975540041923523
Akawa_Butte,0720,499,395,44.460433066794195,-121.49388197036103,0.9931477308273315
Akawa_Butte,0720,384,572,44.49145509728303,-121.4269884591437,0.9801297783851624
Akawa_Butte,0720,626,504,44.42617395486304,-121.4526876611933,0.9967755079269409
Akawa_Butte,0720,655,389,44.41835100804411,-121.49614954701246,0.9898059964179993
Akawa_Butte,0720,490,394,44.462860877875926,-121.49425989980294,0.9873215556144714
Akawa_Butte,0720,664,470,44.41592319696238,-121.46553726221809,0.5890425443649292
Akawa_Butte,0720,419,418,44.48201360974295,-121.4851895931972,0.9648776650428772
Akawa_Butte,0720,530,348,44.45207060640155,-121.5116446541306,0.9900386929512024
Akawa_Butte,0720,631,337,44.42482517092874,-121.51580187799158,0.9967257976531982
Akawa_Butte,0720,379,670,44.49280388121733,-121.38995137383692,0.9322096705436707
Akawa_Butte,0720,635,491,44.4237461437813,-121.45760074393807,0.9984701871871948
Akawa_Butte,0720,395,682,44.48848777262758,-121.38541622053405,0.8678056597709656
Akawa_Butte,0720,614,515,44.42941103630535,-121.44853043733234,0.9979879260063171
Akawa_Butte,0720,403,659,44.486329718332705,-121.3941085976979,0.9982172250747681
Akawa_Butte,0720,551,323,44.446405713877496,-121.52109289017825,0.608944296836853
Akawa_Butte,0720,636,493,44.423476386994444,-121.45684488505427,0.9978996515274048
Akawa_Butte,0720,610,485,44.430490063452794,-121.45986832058951,0.9982982873916626
Akawa_Butte,0720,663,447,44.41619295374924,-121.47422963938193,0.8030267357826233
Akawa_Butte,0720,630,492,44.4250949277156,-121.45722281449616,0.994551956653595
Akawa_Butte,0720,495,657,44.46151209394163,-121.3948644565817,0.9880771040916443
Akawa_Butte,0720,570,650,44.44128033492717,-121.39750996267504,0.9536581635475159
Akawa_Butte,0720,659,388,44.41727198089668,-121.49652747645438,0.9563920497894287
Akawa_Butte,0720,383,609,44.49172485406989,-121.41300506979319,0.9938622713088989
Akawa_Butte,0720,568,335,44.44181984850089,-121.51655773687538,0.9331597685813904
Akawa_Butte,0720,627,578,44.42590419807618,-121.42472088249227,0.9729905724525452
Akawa_Butte,0720,648,425,44.42023930555213,-121.48254408710386,0.9989951848983765
Akawa_Butte,0720,367,656,44.49604096265964,-121.39524238602361,0.9943460822105408
Akawa_Butte,0720,596,374,44.43426665846882,-121.50181848864106,0.9990662932395935
Akawa_Butte,0720,601,385,44.432917874534525,-121.49766126478009,0.9990811944007874
Akawa_Butte,0720,374,430,44.494152665151624,-121.48065443989432,0.6480737924575806
Akawa_Butte,0720,416,432,44.48282288010353,-121.47989858101052,0.9964460134506226
Akawa_Butte,0720,395,503,44.48848777262758,-121.4530655906352,0.9973738193511963
Akawa_Butte,0720,605,482,44.43183884738709,-121.46100210891522,0.998924732208252
Akawa_Butte,0720,427,443,44.479855555448076,-121.47574135714956,0.9975271224975586
Akawa_Butte,0720,435,675,44.4776975011532,-121.3880617266274,0.931459903717041
Akawa_Butte,0720,531,341,44.45180084961469,-121.51429016022395,0.8935708999633789
Akawa_Butte,0720,609,520,44.43075982023965,-121.4466407901228,0.9985121488571167
Akawa_Butte,0720,525,342,44.453419390335846,-121.51391223078204,0.8617239594459534
Akawa_Butte,0720,613,394,44.42968079309221,-121.49425989980294,0.998778760433197
Akawa_Butte,0720,569,354,44.44155009171403,-121.50937707747917,0.9975219964981079
Akawa_Butte,0720,424,685,44.48066482580865,-121.38428243220834,0.7584314346313477
Akawa_Butte,0720,654,396,44.418620764830976,-121.49350404091913,0.9978471398353577
Akawa_Butte,0720,398,443,44.487678502267,-121.47574135714956,0.9973281025886536
Akawa_Butte,0720,373,426,44.49442242193849,-121.48216615766195,0.5557892322540283
Akawa_Butte,0720,393,529,44.4890272862013,-121.44323942514565,0.9975123405456543
Akawa_Butte,0720,533,620,44.45126133604097,-121.40884784593221,0.9980164170265198
Akawa_Butte,0720,495,668,44.46151209394163,-121.39070723272074,0.9717104434967041
Akawa_Butte,0720,603,349,44.432378360960804,-121.51126672468871,0.9959346055984497
Akawa_Butte,0720,547,662,44.44748474102494,-121.39297480937218,0.7143765091896057
Akawa_Butte,0720,537,377,44.45018230889353,-121.50068470031535,0.9973874092102051
Akawa_Butte,0720,391,568,44.48956679977501,-121.42850017691133,0.996103823184967
Akawa_Butte,0720,605,537,44.43183884738709,-121.44021598961041,0.9980945587158203
Akawa_Butte,0720,410,675,44.48444142082469,-121.3880617266274,0.958207905292511
Akawa_Butte,0720,415,416,44.48309263689039,-121.48594545208101,0.6178527474403381
Akawa_Butte,0720,641,469,44.42212760306015,-121.46591519166,0.9969784617424011
Akawa_Butte,0720,610,333,44.430490063452794,-121.51731359575919,0.9738849401473999
Akawa_Butte,0720,667,482,44.4151139266018,-121.46100210891522,0.9436126351356506
Akawa_Butte,0720,562,579,44.443438389222045,-121.42434295305036,0.998855471611023
Akawa_Butte,0720,454,644,44.47257212220287,-121.39977753932648,0.9983258247375488
Akawa_Butte,0720,596,524,44.43426665846882,-121.44512907235517,0.9987204670906067
Akawa_Butte,0720,570,598,44.44128033492717,-121.41716229365414,0.8688687086105347
Akawa_Butte,0720,555,663,44.44532668673006,-121.39259687993027,0.9683528542518616
Akawa_Butte,0720,630,510,44.4250949277156,-121.45042008454186,0.9936607480049133
Akawa_Butte,0720,414,669,44.48336239367725,-121.39032930327883,0.9612892270088196
Akawa_Butte,0720,592,527,44.43534568561626,-121.44399528402946,0.9992313385009766
Akawa_Butte,0720,545,612,44.44802425459866,-121.41187128146747,0.9952176809310913
Akawa_Butte,0720,597,361,44.433996901681965,-121.50673157138583,0.9928080439567566
Akawa_Butte,0720,390,534,44.489836556561876,-121.44134977793613,0.9960837364196777
Akawa_Butte,0720,391,483,44.48956679977501,-121.46062417947331,0.9965760707855225
Akawa_Butte,0720,590,570,44.43588519918998,-121.42774431802751,0.9985817670822144
Akawa_Butte,0720,598,490,44.4337271448951,-121.45797867337998,0.9989548921585083
Akawa_Butte,0720,630,514,44.4250949277156,-121.44890836677423,0.9619574546813965
Akawa_Butte,0720,646,497,44.42077881912585,-121.45533316728664,0.9966676235198975
Akawa_Butte,0720,569,599,44.44155009171403,-121.41678436421223,0.8912683129310608
Akawa_Butte,0720,387,506,44.49064582692245,-121.45193180230949,0.9937458634376526
Akawa_Butte,0720,487,646,44.4636701482365,-121.39902168044266,0.9979613423347473
Akawa_Butte,0720,572,326,44.44074082135345,-121.51995910185254,0.6671062111854553
Akawa_Butte,0720,556,635,44.4450569299432,-121.40317890430363,0.8275815844535828
Akawa_Butte,0720,393,666,44.4890272862013,-121.39146309160455,0.9933465719223022
Akawa_Butte,0720,528,627,44.45261011997527,-121.40620233983887,0.9972323775291443
Akawa_Butte,0720,538,354,44.449912552106674,-121.50937707747917,0.9973161220550537
Akawa_Butte,0720,351,631,44.5003570712494,-121.40469062207126,0.8210569620132446
Akawa_Butte,0720,498,651,44.46070282358105,-121.39713203323313,0.9895005822181702
Akawa_Butte,0720,643,495,44.42158808948643,-121.45608902617045,0.9975759387016296
Akawa_Butte,0720,603,365,44.432378360960804,-121.50521985361821,0.9969334006309509
Akawa_Butte,0720,444,428,44.475269690071464,-121.48141029877814,0.9977508783340454
Akawa_Butte,0720,389,457,44.49010631334873,-121.47045034496287,0.9981709122657776
Akawa_Butte,0720,567,587,44.44208960528775,-121.42131951751512,0.9947720170021057
Akawa_Butte,0720,545,632,44.44802425459866,-121.40431269262935,0.9468563199043274
Akawa_Butte,0720,540,604,44.449373038532954,-121.41489471700271,0.9986252188682556
Akawa_Butte,0720,456,648,44.47203260862915,-121.39826582155885,0.9978770613670349
Akawa_Butte,0720,658,476,44.417541737683536,-121.46326968556666,0.9845805764198303
Akawa_Butte,0720,385,529,44.49118534049617,-121.44323942514565,0.983539342880249
Akawa_Butte,0720,462,411,44.470414067907996,-121.48783509929054,0.9975429773330688
Akawa_Butte,0720,503,641,44.459354039646755,-121.4009113276522,0.9976722002029419
Akawa_Butte,0720,492,674,44.462321364302205,-121.3884396560693,0.5156842470169067
Akawa_Butte,0720,389,665,44.49010631334873,-121.39184102104646,0.9938978552818298
Akawa_Butte,0720,448,660,44.47419066292402,-121.39373066825598,0.9876423478126526
Akawa_Butte,0720,378,595,44.49307363800419,-121.41829608197986,0.9641158580780029
Akawa_Butte,0720,464,396,44.469874554334275,-121.49350404091913,0.9653009176254272
Akawa_Butte,0720,376,428,44.493613151577904,-121.48141029877814,0.641706109046936
Akawa_Butte,0720,646,400,44.42077881912585,-121.4919923231515,0.9985821843147278
Akawa_Butte,0720,473,672,44.46744674325254,-121.38919551495312,0.9166237115859985
Akawa_Butte,0720,631,476,44.42482517092874,-121.46326968556666,0.9961423277854919
Akawa_Butte,0720,623,608,44.426983225223616,-121.41338299923508,0.8365365266799927
Akawa_Butte,0720,559,648,44.44424765958262,-121.39826582155885,0.9134700298309326
Akawa_Butte,0720,496,671,44.46124233715477,-121.38957344439501,0.9324687719345093
Akawa_Butte,0720,559,336,44.44424765958262,-121.51617980743347,0.9717312455177307
Akawa_Butte,0720,390,679,44.489836556561876,-121.38655000885977,0.8955089449882507
Akawa_Butte,0720,354,637,44.49954780088881,-121.40242304541982,0.9745724201202393
Akawa_Butte,0720,606,350,44.43156909060023,-121.5108887952468,0.9954321384429932
Akawa_Butte,0720,568,343,44.44181984850089,-121.51353430134014,0.9839635491371155
Akawa_Butte,0720,618,603,44.42833200915791,-121.41527264644462,0.7841320633888245
Akawa_Butte,0720,614,539,44.42941103630535,-121.43946013072659,0.9951276183128357
Akawa_Butte,0720,487,392,44.4636701482365,-121.49501575868675,0.9698283672332764
Akawa_Butte,0720,613,522,44.42968079309221,-121.445884931239,0.9987539649009705
Akawa_Butte,0720,374,463,44.494152665151624,-121.46818276831144,0.9927945137023926
Akawa_Butte,0720,668,484,44.41484416981494,-121.46024625003142,0.9608798623085022
Akawa_Butte,0720,615,544,44.4291412795185,-121.43757048351706,0.9867615103721619
Akawa_Butte,0720,608,399,44.43102957702651,-121.49237025259342,0.999186635017395
Akawa_Butte,0720,463,407,44.47014431112113,-121.48934681705816,0.997527003288269
Akawa_Butte,0720,608,527,44.43102957702651,-121.44399528402946,0.9981150031089783
Akawa_Butte,0720,634,522,44.424015900568165,-121.445884931239,0.615917444229126
Akawa_Butte,0720,605,496,44.43183884738709,-121.45571109672855,0.9976261258125305
Akawa_Butte,0720,622,511,44.42725298201048,-121.45004215509995,0.995774507522583
Akawa_Butte,0720,639,505,44.42266711663387,-121.45230973175138,0.9932093620300293
Akawa_Butte,0720,391,685,44.48956679977501,-121.38428243220834,0.780489981174469
Akawa_Butte,0720,384,516,44.49145509728303,-121.44815250789043,0.9914218187332153
Akawa_Butte,0720,392,492,44.489297042988156,-121.45722281449616,0.9970312714576721
Akawa_Butte,0720,555,345,44.44532668673006,-121.51277844245632,0.9874492287635803
Akawa_Butte,0720,480,666,44.46555844574452,-121.39146309160455,0.9930828213691711
Akawa_Butte,0720,489,663,44.46313063466279,-121.39259687993027,0.9929324388504028
Akawa_Butte,0720,597,381,44.433996901681965,-121.49917298254772,0.9990161657333374
Akawa_Butte,0720,562,609,44.443438389222045,-121.41300506979319,0.6881779432296753
Akawa_Butte,0720,505,379,44.458814526073034,-121.49992884143153,0.8612040877342224
Akawa_Butte,0720,610,480,44.430490063452794,-121.46175796779903,0.9986799955368042
Akawa_Butte,0720,427,439,44.479855555448076,-121.47725307491717,0.9975712299346924
Akawa_Butte,0720,649,422,44.41996954876527,-121.48367787542958,0.9990328550338745
Akawa_Butte,0720,385,570,44.49118534049617,-121.42774431802751,0.9866506457328796
Akawa_Butte,0720,462,664,44.470414067907996,-121.39221895048836,0.9818018078804016
Akawa_Butte,0720,475,413,44.46690722967882,-121.48707924040673,0.9980775117874146
Akawa_Butte,0720,488,665,44.463400391449646,-121.39184102104646,0.9906487464904785
Akawa_Butte,0720,620,351,44.42779249558419,-121.51051086580489,0.9855337738990784
Akawa_Butte,0720,582,341,44.43804325348486,-121.51429016022395,0.9860226511955261
Akawa_Butte,0720,514,661,44.4563867149913,-121.39335273881407,0.8619697690010071
Akawa_Butte,0720,573,310,44.440471064566594,-121.52600597292303,0.56052565574646
Akawa_Butte,0720,581,505,44.43831301027171,-121.45230973175138,0.999242901802063
Akawa_Butte,0720,637,566,44.42320663020759,-121.42925603579513,0.9846187829971313
Akawa_Butte,0720,376,529,44.493613151577904,-121.44323942514565,0.7505398988723755
Akawa_Butte,0720,425,679,44.480395069021796,-121.38655000885977,0.9068419933319092
Akawa_Butte,0720,639,555,44.42266711663387,-121.43341325965609,0.954729437828064
Akawa_Butte,0720,631,573,44.42482517092874,-121.42661052970179,0.9879576563835144
Akawa_Butte,0720,681,474,44.41133733158577,-121.46402554445048,0.7452221512794495
Akawa_Butte,0720,542,604,44.448833524959234,-121.41489471700271,0.998455286026001
Akawa_Butte,0720,622,592,44.42725298201048,-121.41942987030558,0.942122220993042
Akawa_Butte,0720,658,499,44.417541737683536,-121.45457730840283,0.9907256960868835
Akawa_Butte,0720,360,641,44.49792926016766,-121.4009113276522,0.9928370714187622
Akawa_Butte,0720,493,387,44.46205160751535,-121.49690540589629,0.9439037442207336
Akawa_Butte,0720,501,644,44.459893553220475,-121.39977753932648,0.9961714744567871
Akawa_Butte,0720,387,471,44.49064582692245,-121.4651593327762,0.9975842237472534
Akawa_Butte,0720,600,377,44.43318763132139,-121.50068470031535,0.9990745782852173
Akawa_Butte,0720,391,530,44.48956679977501,-121.44286149570374,0.9969550371170044
Akawa_Butte,0720,541,618,44.4491032817461,-121.40960370481604,0.9972460865974426
Akawa_Butte,0720,517,657,44.45557744463072,-121.3948644565817,0.9231707453727722
Akawa_Butte,0720,528,625,44.45261011997527,-121.40695819872269,0.9978289008140564
Akawa_Butte,0720,639,440,44.42266711663387,-121.47687514547528,0.9992042779922485
Akawa_Butte,0720,501,395,44.459893553220475,-121.49388197036103,0.9936357736587524
Akawa_Butte,0720,531,369,44.45180084961469,-121.50370813585059,0.9956472516059875
Akawa_Butte,0720,562,596,44.443438389222045,-121.41791815253796,0.9881462454795837
Akawa_Butte,0720,376,585,44.493613151577904,-121.42207537639892,0.5988809466362
Akawa_Butte,0720,653,500,44.41889052161783,-121.45419937896092,0.9935930371284485
Akawa_Butte,0720,639,344,44.42266711663387,-121.51315637189823,0.9802100658416748
Akawa_Butte,0720,510,654,44.45746574213874,-121.39599824490742,0.9846553206443787
Akawa_Butte,0720,379,490,44.49280388121733,-121.45797867337998,0.984554648399353
Akawa_Butte,0720,546,657,44.4477544978118,-121.3948644565817,0.554610013961792
Akawa_Butte,0720,552,629,44.44613595709064,-121.40544648095506,0.7916839718818665
Akawa_Butte,0720,511,648,44.45719598535188,-121.39826582155885,0.9921362996101379
Akawa_Butte,0720,614,376,44.42941103630535,-121.50106262975724,0.9979962110519409
Akawa_Butte,0720,378,657,44.49307363800419,-121.3948644565817,0.9977384805679321
Akawa_Butte,0720,443,416,44.47553944685832,-121.48594545208101,0.997675895690918
Akawa_Butte,0720,618,365,44.42833200915791,-121.50521985361821,0.9757927060127258
Akawa_Butte,0720,487,624,44.4636701482365,-121.40733612816459,0.9993187785148621
Akawa_Butte,0720,412,436,44.48390190725097,-121.47838686324289,0.9973455667495728
Akawa_Butte,0720,597,524,44.433996901681965,-121.44512907235517,0.998867928981781
Akawa_Butte,0720,352,667,44.50008731446253,-121.39108516216264,0.8108016848564148
Akawa_Butte,0720,602,359,44.43264811774767,-121.50748743026965,0.9948553442955017
Akawa_Butte,0720,485,657,44.46420966181022,-121.3948644565817,0.991522490978241
Akawa_Butte,0720,505,666,44.458814526073034,-121.39146309160455,0.8183839321136475
Akawa_Butte,0720,542,621,44.448833524959234,-121.40846991649032,0.9960196018218994
Akawa_Butte,0720,608,492,44.43102957702651,-121.45722281449616,0.997660756111145
Akawa_Butte,0720,628,329,44.42563444128932,-121.51882531352682,0.9910902976989746
Akawa_Butte,0720,388,524,44.490376070135596,-121.44512907235517,0.9932249784469604
Akawa_Butte,0720,638,400,44.422936873420724,-121.4919923231515,0.998660147190094
Akawa_Butte,0720,668,429,44.41484416981494,-121.48103236933623,0.9831936359405518
Akawa_Butte,0720,619,568,44.428062252371056,-121.42850017691133,0.9677050113677979
Akawa_Butte,0720,377,533,44.49334339479105,-121.44172770737802,0.7777008414268494
Akawa_Butte,0720,615,582,44.4291412795185,-121.42320916472464,0.9503223299980164
Akawa_Butte,0720,600,334,44.43318763132139,-121.5169356663173,0.9652138948440552
Akawa_Butte,0720,400,486,44.48713898869328,-121.4594903911476,0.9984093308448792
Akawa_Butte,0720,386,560,44.49091558370931,-121.43152361244657,0.9927341938018799
Akawa_Butte,0720,373,619,44.49442242193849,-121.40922577537413,0.9942545890808105
Akawa_Butte,0720,620,588,44.42779249558419,-121.4209415880732,0.9711259007453918
Akawa_Butte,0720,389,527,44.49010631334873,-121.44399528402946,0.9933997988700867
Akawa_Butte,0720,346,650,44.501705855183694,-121.39750996267504,0.5437931418418884
Akawa_Butte,0720,414,427,44.48336239367725,-121.48178822822004,0.9949032068252563
Akawa_Butte,0720,404,445,44.48605996154584,-121.47498549826574,0.997952401638031
Akawa_Butte,0720,513,392,44.45665647177816,-121.49501575868675,0.9932507276535034
Akawa_Butte,0720,626,583,44.42617395486304,-121.42283123528273,0.9693979024887085
Akawa_Butte,0720,461,697,44.47068382469485,-121.37974727890547,0.6177759766578674
Akawa_Butte,0720,584,514,44.437503739911136,-121.44890836677423,0.9990606307983398
Akawa_Butte,0720,405,454,44.485790204758985,-121.47158413328859,0.9980849027633667
Akawa_Butte,0720,601,552,44.432917874534525,-121.43454704798181,0.9983280897140503
Akawa_Butte,0720,396,452,44.488218015840715,-121.4723399921724,0.9982113838195801
Akawa_Butte,0720,643,403,44.42158808948643,-121.49085853482579,0.9987302422523499
Akawa_Butte,0720,370,620,44.495231692299065,-121.40884784593221,0.992750346660614
Akawa_Butte,0720,572,309,44.44074082135345,-121.52638390236494,0.5362004637718201
Akawa_Butte,0720,632,460,44.424555414141885,-121.46931655663715,0.9983454942703247
Akawa_Butte,0720,441,678,44.47607896043204,-121.38692793830168,0.8760778307914734
Akawa_Butte,0720,531,355,44.45180084961469,-121.50899914803726,0.9962762594223022
Akawa_Butte,0720,509,619,44.4577354989256,-121.40922577537413,0.9992630481719971
Akawa_Butte,0720,545,656,44.44802425459866,-121.39524238602361,0.5473214983940125
Akawa_Butte,0720,504,642,44.4590842828599,-121.40053339821029,0.9974275231361389
Akawa_Butte,0720,450,645,44.4736511493503,-121.39939960988457,0.9982885718345642
Akawa_Butte,0720,662,415,44.416462710536095,-121.48632338152292,0.9979420900344849
Akawa_Butte,0720,453,662,44.472841878989726,-121.39297480937218,0.9887135624885559
Akawa_Butte,0720,591,380,44.43561544240312,-121.49955091198962,0.9993038177490234
Akawa_Butte,0720,620,525,44.42779249558419,-121.44475114291328,0.9937370419502258
Akawa_Butte,0720,472,391,44.4677165000394,-121.49539368812866,0.9060789346694946
Akawa_Butte,0720,553,590,44.44586620030378,-121.4201857291894,0.9985946416854858
Akawa_Butte,0720,586,575,44.436964226337416,-121.42585467081798,0.9984614253044128
Akawa_Butte,0720,434,432,44.47796725794006,-121.47989858101052,0.9973388314247131
Akawa_Butte,0720,539,648,44.44964279531981,-121.39826582155885,0.9797410368919373
Akawa_Butte,0720,673,420,44.413495385880644,-121.48443373431338,0.8564752340316772
Akawa_Butte,0720,432,433,44.47850677151378,-121.4795206515686,0.9973735213279724
Akawa_Butte,0720,433,681,44.478237014726915,-121.38579414997596,0.7614569067955017
Akawa_Butte,0720,473,399,44.46744674325254,-121.49237025259342,0.9940715432167053
Akawa_Butte,0720,348,634,44.501166341609974,-121.40355683374554,0.6977970600128174
Akawa_Butte,0720,666,489,44.41538368338866,-121.45835660282188,0.980534553527832
Akawa_Butte,0720,523,371,44.453958903909566,-121.50295227696678,0.9944102168083191
Akawa_Butte,0720,635,398,44.4237461437813,-121.49274818203531,0.9985489845275879
Akawa_Butte,0720,371,476,44.4949619355122,-121.46326968556666,0.9336366057395935
Akawa_Butte,0720,465,393,44.46960479754741,-121.49463782924485,0.9314149022102356
Akawa_Butte,0720,637,569,44.42320663020759,-121.42812224746942,0.9864110350608826
Akawa_Butte,0720,375,415,44.49388290836477,-121.48632338152292,0.525429904460907
Akawa_Butte,0720,611,397,44.43022030666593,-121.49312611147722,0.9990385174751282
Akawa_Butte,0720,374,500,44.494152665151624,-121.45419937896092,0.958753228187561
Akawa_Butte,0720,667,410,44.4151139266018,-121.48821302873245,0.9971662163734436
Akawa_Butte,0720,386,517,44.49091558370931,-121.44777457844852,0.9908713102340698
Akawa_Butte,0720,591,594,44.43561544240312,-121.41867401142177,0.6343356370925903
Akawa_Butte,0720,419,438,44.48201360974295,-121.47763100435908,0.9979832768440247
Akawa_Butte,0720,358,640,44.49846877374138,-121.4012892570941,0.9916595220565796
Akawa_Butte,0720,560,646,44.443977902795766,-121.39902168044266,0.7877578139305115
Akawa_Butte,0720,423,428,44.48093458259551,-121.48141029877814,0.9969117045402527
Akawa_Butte,0720,607,502,44.43129933381337,-121.4534435200771,0.9976450800895691
Akawa_Butte,0720,607,490,44.43129933381337,-121.45797867337998,0.9982348680496216
Akawa_Butte,0720,524,390,44.4536891471227,-121.49577161757057,0.9962149858474731
Akawa_Butte,0720,588,344,44.436424712763696,-121.51315637189823,0.9929168820381165
Akawa_Butte,0720,627,328,44.42590419807618,-121.51920324296873,0.9894563555717468
Akawa_Butte,0720,612,556,44.429950549879074,-121.4330353302142,0.9939428567886353
Akawa_Butte,0720,553,592,44.44586620030378,-121.41942987030558,0.9986152052879333
Akawa_Butte,0720,372,604,44.494692178725344,-121.41489471700271,0.8985869884490967
Akawa_Butte,0720,437,661,44.47715798757948,-121.39335273881407,0.9434759020805359
Akawa_Butte,0720,375,619,44.49388290836477,-121.40922577537413,0.9940824508666992
Akawa_Butte,0720,467,392,44.4690652839737,-121.49501575868675,0.935882031917572
Akawa_Butte,0720,493,382,44.46205160751535,-121.49879505310581,0.7273008823394775
Akawa_Butte,0720,371,601,44.4949619355122,-121.41602850532843,0.7564787864685059
Akawa_Butte,0720,602,483,44.43264811774767,-121.46062417947331,0.9991363286972046
Akawa_Butte,0720,548,649,44.44721498423808,-121.39788789211694,0.9602628350257874
Akawa_Butte,0720,644,459,44.42131833269957,-121.46969448607906,0.9980875253677368
Akawa_Butte,0720,363,672,44.49711998980708,-121.38919551495312,0.8982526063919067
Akawa_Butte,0720,395,448,44.48848777262758,-121.47385170994002,0.9977665543556213
Akawa_Butte,0720,624,393,44.42671346843676,-121.49463782924485,0.9983201026916504
Akawa_Butte,0720,581,312,44.43831301027171,-121.52525011403922,0.5448499917984009
Akawa_Butte,0720,610,507,44.430490063452794,-121.45155387286758,0.9976444244384766
Akawa_Butte,0720,501,649,44.459893553220475,-121.39788789211694,0.9916704893112183
Akawa_Butte,0720,598,537,44.4337271448951,-121.44021598961041,0.9990101456642151
Akawa_Butte,0720,395,577,44.48848777262758,-121.42509881193416,0.9966729283332825
Akawa_Butte,0720,371,499,44.4949619355122,-121.45457730840283,0.7474408745765686
Akawa_Butte,0720,655,442,44.41835100804411,-121.47611928659146,0.9975846409797668
Akawa_Butte,0720,401,685,44.48686923190642,-121.38428243220834,0.895905613899231
Akawa_Butte,0720,568,588,44.44181984850089,-121.4209415880732,0.9886755347251892
Akawa_Butte,0720,628,507,44.42563444128932,-121.45155387286758,0.9958769083023071
Akawa_Butte,0720,620,568,44.42779249558419,-121.42850017691133,0.9690732359886169
Akawa_Butte,0720,662,464,44.416462710536095,-121.46780483886953,0.5534616112709045
Akawa_Butte,0720,388,567,44.490376070135596,-121.42887810635322,0.9938120245933533
Akawa_Butte,0720,635,391,44.4237461437813,-121.49539368812866,0.9983453154563904
Akawa_Butte,0720,459,631,44.47122333826857,-121.40469062207126,0.9990488290786743
Akawa_Butte,0720,621,340,44.427522738797336,-121.51466808966586,0.9973539113998413
Akawa_Butte,0720,554,652,44.44559644351692,-121.39675410379122,0.9561315178871155
Akawa_Butte,0720,660,480,44.417002224109815,-121.46175796779903,0.9861504435539246
Akawa_Butte,0720,358,650,44.49846877374138,-121.39750996267504,0.9926697015762329
Akawa_Butte,0720,653,440,44.41889052161783,-121.47687514547528,0.9978960752487183
Akawa_Butte,0720,622,478,44.42725298201048,-121.46251382668285,0.9979866743087769
Akawa_Butte,0720,504,392,44.4590842828599,-121.49501575868675,0.9872784614562988
Akawa_Butte,0720,653,395,44.41889052161783,-121.49388197036103,0.9979087710380554
Akawa_Butte,0720,380,476,44.49253412443047,-121.46326968556666,0.9952107667922974
Akawa_Butte,0720,548,378,44.44721498423808,-121.50030677087344,0.9977899193763733
Akawa_Butte,0720,552,637,44.44613595709064,-121.40242304541982,0.7839807271957397
Akawa_Butte,0720,388,569,44.490376070135596,-121.42812224746942,0.9936434030532837
Akawa_Butte,0720,474,658,44.46717698646568,-121.39448652713979,0.9913602471351624
Akawa_Butte,0720,538,650,44.449912552106674,-121.39750996267504,0.9701663255691528
Akawa_Butte,0720,646,554,44.42077881912585,-121.433791189098,0.8919847011566162
Akawa_Butte,0720,396,674,44.488218015840715,-121.3884396560693,0.9424837231636047
Akawa_Butte,0720,370,490,44.495231692299065,-121.45797867337998,0.9360913634300232
Akawa_Butte,0720,674,419,44.41322562909379,-121.4848116637553,0.6530815362930298
Akawa_Butte,0720,668,403,44.41484416981494,-121.49085853482579,0.9923883080482483
Akawa_Butte,0720,408,676,44.4849809343984,-121.38768379718549,0.9690483808517456
Akawa_Butte,0720,418,667,44.482283366529806,-121.39108516216264,0.972570538520813
Akawa_Butte,0720,623,391,44.426983225223616,-121.49539368812866,0.9982565641403198
Akawa_Butte,0720,395,581,44.48848777262758,-121.42358709416655,0.9966544508934021
Akawa_Butte,0720,593,515,44.4350759288294,-121.44853043733234,0.9983806610107422
Akawa_Butte,0720,635,343,44.4237461437813,-121.51353430134014,0.991662323474884
Akawa_Butte,0720,559,345,44.44424765958262,-121.51277844245632,0.9888359904289246
Akawa_Butte,0720,495,642,44.46151209394163,-121.40053339821029,0.9980469942092896
Akawa_Butte,0720,642,470,44.42185784627329,-121.46553726221809,0.996746301651001
Akawa_Butte,0720,533,346,44.45126133604097,-121.51240051301443,0.9856364130973816
Akawa_Butte,0720,558,645,44.444517416369486,-121.39939960988457,0.7853304147720337
Akawa_Butte,0720,607,376,44.43129933381337,-121.50106262975724,0.9986982345581055
Akawa_Butte,0720,516,372,44.45584720141758,-121.50257434752487,0.9719732403755188
Akawa_Butte,0720,585,576,44.43723398312428,-121.42547674137607,0.9984229207038879
Akawa_Butte,0720,622,464,44.42725298201048,-121.46780483886953,0.9992418885231018
Akawa_Butte,0720,449,664,44.47392090613717,-121.39221895048836,0.9840324521064758
Akawa_Butte,0720,427,414,44.479855555448076,-121.48670131096482,0.9772077202796936
Akawa_Butte,0720,536,364,44.450452065680395,-121.50559778306011,0.9973026514053345
Akawa_Butte,0720,661,385,44.41673246732296,-121.49766126478009,0.5977377891540527
Akawa_Butte,0720,640,492,44.422397359847004,-121.45722281449616,0.9982579946517944
Akawa_Butte,0720,544,607,44.448294011385514,-121.413760928677,0.9981014132499695
Akawa_Butte,0720,509,381,44.4577354989256,-121.49917298254772,0.9469225406646729
Akawa_Butte,0720,370,682,44.495231692299065,-121.38541622053405,0.8208969831466675
Akawa_Butte,0720,632,610,44.424555414141885,-121.41262714035128,0.969624400138855
Akawa_Butte,0720,662,436,44.416462710536095,-121.47838686324289,0.9966060519218445
Akawa_Butte,0720,394,577,44.488757529414436,-121.42509881193416,0.9962645769119263
Akawa_Butte,0720,542,641,44.448833524959234,-121.4009113276522,0.9813013076782227
Akawa_Butte,0720,480,401,44.46555844574452,-121.4916143937096,0.9943435192108154
Akawa_Butte,0720,660,494,44.417002224109815,-121.45646695561236,0.9915898442268372
Akawa_Butte,0720,511,383,44.45719598535188,-121.4984171236639,0.974746823310852
Akawa_Butte,0720,591,494,44.43561544240312,-121.45646695561236,0.998869001865387
Akawa_Butte,0720,412,672,44.48390190725097,-121.38919551495312,0.954039990901947
Akawa_Butte,0720,638,446,44.422936873420724,-121.47460756882384,0.9990537762641907
Akawa_Butte,0720,569,329,44.44155009171403,-121.51882531352682,0.6852505803108215
Akawa_Butte,0720,506,659,44.45854476928618,-121.3941085976979,0.9836849570274353
Akawa_Butte,0720,360,674,44.49792926016766,-121.3884396560693,0.7427083253860474
Akawa_Butte,0720,455,653,44.472302365416006,-121.39637617434933,0.9972038865089417
Akawa_Butte,0720,555,614,44.44532668673006,-121.41111542258365,0.6564486622810364
Akawa_Butte,0720,576,584,44.43966179420601,-121.42245330584083,0.9975841045379639
Akawa_Butte,0720,593,509,44.4350759288294,-121.45079801398377,0.9980201721191406
Akawa_Butte,0720,605,401,44.43183884738709,-121.4916143937096,0.9993494749069214
Akawa_Butte,0720,580,503,44.43858276705858,-121.4530655906352,0.9992870092391968
Akawa_Butte,0720,549,355,44.44694522745122,-121.50899914803726,0.9968246817588806
Akawa_Butte,0720,563,645,44.44316863243519,-121.39939960988457,0.7380169034004211
Akawa_Butte,0720,392,477,44.489297042988156,-121.46289175612475,0.9977180361747742
Akawa_Butte,0720,371,606,44.4949619355122,-121.4141388581189,0.930328369140625
Akawa_Butte,0720,631,554,44.42482517092874,-121.433791189098,0.8505101799964905
Akawa_Butte,0720,545,378,44.44802425459866,-121.50030677087344,0.9975674748420715
Akawa_Butte,0720,545,383,44.44802425459866,-121.4984171236639,0.9976341128349304
Akawa_Butte,0720,384,531,44.49145509728303,-121.44248356626184,0.9793409705162048
Akawa_Butte,0720,590,521,44.43588519918998,-121.4462628606809,0.9988991618156433
Akawa_Butte,0720,351,639,44.5003570712494,-121.401667186536,0.9454046487808228
Akawa_Butte,0720,578,325,44.4391222806323,-121.52033703129445,0.6322682499885559
Akawa_Butte,0720,600,587,44.43318763132139,-121.42131951751512,0.9477165937423706
Akawa_Butte,0720,412,683,44.48390190725097,-121.38503829109214,0.9244007468223572
Akawa_Butte,0720,365,675,44.49658047623336,-121.3880617266274,0.8894435167312622
Akawa_Butte,0720,665,421,44.41565344017552,-121.48405580487149,0.9977372288703918
Akawa_Butte,0720,420,441,44.48174385295609,-121.47649721603337,0.9979453086853027
Akawa_Butte,0720,465,409,44.46960479754741,-121.48859095817436,0.9975409507751465
Akawa_Butte,0720,547,634,44.44748474102494,-121.40355683374554,0.9029674530029297
Akawa_Butte,0720,627,475,44.42590419807618,-121.46364761500857,0.9975448846817017
Akawa_Butte,0720,492,642,44.462321364302205,-121.40053339821029,0.9981356263160706
Akawa_Butte,0720,393,568,44.4890272862013,-121.42850017691133,0.9967077970504761
Akawa_Butte,0720,352,642,44.50008731446253,-121.40053339821029,0.9563547968864441
Akawa_Butte,0720,529,654,44.452340363188405,-121.39599824490742,0.8330109119415283
Akawa_Butte,0720,374,418,44.494152665151624,-121.4851895931972,0.5137799382209778
Akawa_Butte,0720,658,390,44.417541737683536,-121.49577161757057,0.9863117933273315
Akawa_Butte,0720,488,384,44.463400391449646,-121.498039194222,0.5932061672210693
Akawa_Butte,0720,395,441,44.48848777262758,-121.47649721603337,0.996634304523468
Akawa_Butte,0720,640,343,44.422397359847004,-121.51353430134014,0.9858915209770203
Akawa_Butte,0720,646,474,44.42077881912585,-121.46402554445048,0.9961673617362976
Akawa_Butte,0720,656,416,44.418081251257256,-121.48594545208101,0.9985010623931885
Akawa_Butte,0720,659,399,44.41727198089668,-121.49237025259342,0.9976558685302734
Akawa_Butte,0720,502,669,44.45962379643361,-121.39032930327883,0.7568234205245972
Akawa_Butte,0720,622,473,44.42725298201048,-121.46440347389238,0.9984927773475647
Akawa_Butte,0720,619,483,44.428062252371056,-121.46062417947331,0.9974235892295837
Akawa_Butte,0720,549,653,44.44694522745122,-121.39637617434933,0.9581301808357239
Akawa_Butte,0720,555,653,44.44532668673006,-121.39637617434933,0.9765773415565491
Akawa_Butte,0720,550,608,44.44667547066436,-121.41338299923508,0.9883635640144348
Akawa_Butte,0720,617,386,44.42860176594478,-121.49728333533818,0.9981804490089417
Akawa_Butte,0720,515,624,44.45611695820444,-121.40733612816459,0.9990218877792358
Akawa_Butte,0720,531,615,44.45180084961469,-121.41073749314175,0.9983607530593872
Akawa_Butte,0720,591,586,44.43561544240312,-121.42169744695701,0.970623791217804
Akawa_Butte,0720,640,559,44.422397359847004,-121.43190154188848,0.967308521270752
Akawa_Butte,0720,666,428,44.41538368338866,-121.48141029877814,0.9956650733947754
Akawa_Butte,0720,520,652,44.45476817427014,-121.39675410379122,0.955536961555481
Akawa_Butte,0720,641,554,44.42212760306015,-121.433791189098,0.9140698313713074
Akawa_Butte,0720,652,420,44.419160278404696,-121.48443373431338,0.9988654851913452
Akawa_Butte,0720,378,514,44.49307363800419,-121.44890836677423,0.9231124520301819
Akawa_Butte,0720,636,521,44.423476386994444,-121.4462628606809,0.5379390716552734
Akawa_Butte,0720,554,594,44.44559644351692,-121.41867401142177,0.9984914660453796
Akawa_Butte,0720,566,581,44.442359362074605,-121.42358709416655,0.9987280368804932
Akawa_Butte,0720,438,682,44.47688823079262,-121.38541622053405,0.6310572028160095
Akawa_Butte,0720,553,607,44.44586620030378,-121.413760928677,0.9879778027534485
Akawa_Butte,0720,467,655,44.4690652839737,-121.39562031546551,0.9964234828948975
Akawa_Butte,0720,516,632,44.45584720141758,-121.40431269262935,0.9982665777206421
Akawa_Butte,0720,540,611,44.449373038532954,-121.41224921090937,0.9979592561721802
Akawa_Butte,0720,559,322,44.44424765958262,-121.52147081962016,0.6389045119285583
Akawa_Butte,0720,643,447,44.42158808948643,-121.47422963938193,0.9984443783760071
Akawa_Butte,0720,591,526,44.43561544240312,-121.44437321347137,0.9992291927337646
Akawa_Butte,0720,628,331,44.42563444128932,-121.51806945464301,0.9924023151397705
Akawa_Butte,0720,640,533,44.422397359847004,-121.44172770737802,0.5210763216018677
Akawa_Butte,0720,539,653,44.44964279531981,-121.39637617434933,0.9394530057907104
Akawa_Butte,0720,500,394,44.46016331000733,-121.49425989980294,0.9928247332572937
Akawa_Butte,0720,417,441,44.48255312331667,-121.47649721603337,0.99806809425354
Akawa_Butte,0720,376,670,44.493613151577904,-121.38995137383692,0.9385231733322144
Akawa_Butte,0720,545,652,44.44802425459866,-121.39675410379122,0.9534683227539062
Akawa_Butte,0720,557,628,44.44478717315634,-121.40582441039697,0.589958667755127
Akawa_Butte,0720,374,421,44.494152665151624,-121.48405580487149,0.5098739266395569
Akawa_Butte,0720,617,602,44.42860176594478,-121.41565057588652,0.8285092115402222
Akawa_Butte,0720,573,327,44.440471064566594,-121.51958117241064,0.6668579578399658
Akawa_Butte,0720,657,470,44.41781149447039,-121.46553726221809,0.9792038798332214
Akawa_Butte,0720,595,332,44.434536415255685,-121.5176915252011,0.8986109495162964
Akawa_Butte,0720,615,492,44.4291412795185,-121.45722281449616,0.995110809803009
Akawa_Butte,0720,655,469,44.41835100804411,-121.46591519166,0.9926822185516357
Akawa_Butte,0720,635,345,44.4237461437813,-121.51277844245632,0.9775649905204773
Akawa_Butte,0720,554,590,44.44559644351692,-121.4201857291894,0.998520016670227
Akawa_Butte,0720,409,664,44.484711177611544,-121.39221895048836,0.9958897829055786
Akawa_Butte,0720,617,365,44.42860176594478,-121.50521985361821,0.9827187061309814
Akawa_Butte,0720,455,640,44.472302365416006,-121.4012892570941,0.9986216425895691
Akawa_Butte,0720,380,554,44.49253412443047,-121.433791189098,0.9718484282493591
Akawa_Butte,0720,370,611,44.495231692299065,-121.41224921090937,0.9781988263130188
Akawa_Butte,0720,593,492,44.4350759288294,-121.45722281449616,0.9989569187164307
Akawa_Butte,0720,395,481,44.48848777262758,-121.46138003835713,0.997999370098114
Akawa_Butte,0720,436,431,44.47742774436634,-121.48027651045243,0.997518002986908
Akawa_Butte,0720,641,385,44.42212760306015,-121.49766126478009,0.9945204257965088
Akawa_Butte,0720,546,590,44.4477544978118,-121.4201857291894,0.9985917806625366
Akawa_Butte,0720,368,645,44.495771205872785,-121.39939960988457,0.9959211945533752
Akawa_Butte,0720,485,661,44.46420966181022,-121.39335273881407,0.9918031096458435
Akawa_Butte,0720,618,601,44.42833200915791,-121.41602850532843,0.8841826319694519
Akawa_Butte,0720,355,622,44.499278044101956,-121.40809198704841,0.6550257802009583
Akawa_Butte,0720,466,703,44.469335040760555,-121.37747970225404,0.6322384476661682
Akawa_Butte,0720,404,436,44.48605996154584,-121.47838686324289,0.9962939023971558
Akawa_Butte,0720,586,501,44.436964226337416,-121.45382144951901,0.9991530776023865
Akawa_Butte,0720,654,402,44.418620764830976,-121.49123646426769,0.9981929063796997
Akawa_Butte,0720,547,657,44.44748474102494,-121.3948644565817,0.6830024719238281
Akawa_Butte,0720,522,378,44.45422866069642,-121.50030677087344,0.9949564933776855
Akawa_Butte,0720,432,653,44.47850677151378,-121.39637617434933,0.9979182481765747
Akawa_Butte,0720,659,466,44.41727198089668,-121.46704897998572,0.9649917483329773
Akawa_Butte,0720,638,537,44.422936873420724,-121.44021598961041,0.5017017126083374
Akawa_Butte,0720,639,571,44.42266711663387,-121.42736638858561,0.9886460304260254
Akawa_Butte,0720,569,586,44.44155009171403,-121.42169744695701,0.99396151304245
Akawa_Butte,0720,613,511,44.42968079309221,-121.45004215509995,0.9983879923820496
Akawa_Butte,0720,530,651,44.45207060640155,-121.39713203323313,0.9313212037086487
Akawa_Butte,0720,556,619,44.4450569299432,-121.40922577537413,0.7613869309425354
Akawa_Butte,0720,608,318,44.43102957702651,-121.52298253738779,0.8615720868110657
Akawa_Butte,0720,548,349,44.44721498423808,-121.51126672468871,0.9947656989097595
Akawa_Butte,0720,660,408,44.417002224109815,-121.48896888761625,0.9978976845741272
Akawa_Butte,0720,375,526,44.49388290836477,-121.44437321347137,0.5815579891204834
Akawa_Butte,0720,660,389,44.417002224109815,-121.49614954701246,0.9705104827880859
Akawa_Butte,0720,597,558,44.433996901681965,-121.43227947133038,0.9980749487876892
Akawa_Butte,0720,408,674,44.4849809343984,-121.3884396560693,0.9528388977050781
Akawa_Butte,0720,374,617,44.494152665151624,-121.40998163425793,0.993852972984314
Akawa_Butte,0720,565,325,44.44262911886147,-121.52033703129445,0.6753821969032288
Akawa_Butte,0720,536,638,44.450452065680395,-121.40204511597791,0.9895791411399841
Akawa_Butte,0720,589,499,44.43615495597684,-121.45457730840283,0.9989389777183533
Akawa_Butte,0720,579,326,44.43885252384543,-121.51995910185254,0.6530791521072388
Akawa_Butte,0720,453,644,44.472841878989726,-121.39977753932648,0.9983314275741577
Akawa_Butte,0720,423,686,44.48093458259551,-121.38390450276643,0.7311791181564331
Akawa_Butte,0720,551,336,44.446405713877496,-121.51617980743347,0.9581639766693115
Akawa_Butte,0720,559,318,44.44424765958262,-121.52298253738779,0.5478559136390686
Akawa_Butte,0720,542,597,44.448833524959234,-121.41754022309605,0.9986329674720764
Akawa_Butte,0720,513,613,44.45665647177816,-121.41149335202556,0.9994184970855713
Akawa_Butte,0720,646,385,44.42077881912585,-121.49766126478009,0.9876101016998291
Akawa_Butte,0720,387,683,44.49064582692245,-121.38503829109214,0.7875989675521851
Akawa_Butte,0720,368,642,44.495771205872785,-121.40053339821029,0.9962589740753174
Akawa_Butte,0720,408,431,44.4849809343984,-121.48027651045243,0.9934937357902527
Akawa_Butte,0720,627,483,44.42590419807618,-121.46062417947331,0.9948687553405762
Akawa_Butte,0720,575,513,44.439931550992874,-121.44928629621614,0.9994630217552185
Akawa_Butte,0720,377,577,44.49334339479105,-121.42509881193416,0.5750241875648499
Akawa_Butte,0720,515,616,44.45611695820444,-121.41035956369984,0.9992917776107788
Akawa_Butte,0720,602,576,44.43264811774767,-121.42547674137607,0.9978529810905457
Akawa_Butte,0720,380,681,44.49253412443047,-121.38579414997596,0.8290442824363708
Akawa_Butte,0720,380,504,44.49253412443047,-121.4526876611933,0.9728471040725708
Akawa_Butte,0720,629,380,44.42536468450246,-121.49955091198962,0.9891595244407654
Akawa_Butte,0720,376,672,44.493613151577904,-121.38919551495312,0.9175724983215332
Akawa_Butte,0720,621,549,44.427522738797336,-121.43568083630753,0.9888935089111328
Akawa_Butte,0720,505,394,44.458814526073034,-121.49425989980294,0.9937613010406494
Akawa_Butte,0720,621,376,44.427522738797336,-121.50106262975724,0.9945708513259888
Akawa_Butte,0720,505,650,44.458814526073034,-121.39750996267504,0.9943605065345764
Akawa_Butte,0720,470,670,44.468256013613114,-121.38995137383692,0.9518428444862366
Akawa_Butte,0720,599,514,44.433457388108245,-121.44890836677423,0.998320460319519
Akawa_Butte,0720,366,663,44.496310719446505,-121.39259687993027,0.96355140209198
Akawa_Butte,0720,358,619,44.49846877374138,-121.40922577537413,0.7693777680397034
Akawa_Butte,0720,624,349,44.42671346843676,-121.51126672468871,0.9917012453079224
Akawa_Butte,0720,380,526,44.49253412443047,-121.44437321347137,0.9428509473800659
Akawa_Butte,0720,590,387,44.43588519918998,-121.49690540589629,0.9992847442626953
Akawa_Butte,0720,608,361,44.43102957702651,-121.50673157138583,0.9850752949714661
Akawa_Butte,0720,653,479,44.41889052161783,-121.46213589724094,0.9949372410774231
Akawa_Butte,0720,634,388,44.424015900568165,-121.49652747645438,0.9981837868690491
Akawa_Butte,0720,487,637,44.4636701482365,-121.40242304541982,0.9988294243812561
Akawa_Butte,0720,425,655,44.480395069021796,-121.39562031546551,0.9981721043586731
Akawa_Butte,0720,630,343,44.4250949277156,-121.51353430134014,0.9944818019866943
Akawa_Butte,0720,369,638,44.49550144908592,-121.40204511597791,0.9968819618225098
Akawa_Butte,0720,594,356,44.43480617204254,-121.50862121859537,0.9953437447547913
Akawa_Butte,0720,396,450,44.488218015840715,-121.47309585105621,0.9980382919311523
Akawa_Butte,0720,615,502,44.4291412795185,-121.4534435200771,0.9829950332641602
Akawa_Butte,0720,589,566,44.43615495597684,-121.42925603579513,0.9986271858215332
Akawa_Butte,0720,551,354,44.446405713877496,-121.50937707747917,0.9965570569038391
Akawa_Butte,0720,674,409,44.41322562909379,-121.48859095817436,0.6204899549484253
Akawa_Butte,0720,629,502,44.42536468450246,-121.4534435200771,0.9977003931999207
Akawa_Butte,0720,428,680,44.47958579866121,-121.38617207941786,0.8937197327613831
Akawa_Butte,0720,425,419,44.480395069021796,-121.4848116637553,0.9927799701690674
Akawa_Butte,0720,439,681,44.47661847400576,-121.38579414997596,0.6513673663139343
Akawa_Butte,0720,491,650,44.46259112108907,-121.39750996267504,0.9955527186393738
Akawa_Butte,0720,579,349,44.43885252384543,-121.51126672468871,0.9953407645225525
Akawa_Butte,0720,508,654,44.45800525571246,-121.39599824490742,0.9847670197486877
Akawa_Butte,0720,646,491,44.42077881912585,-121.45760074393807,0.9964832067489624
Akawa_Butte,0720,425,678,44.480395069021796,-121.38692793830168,0.9259465932846069
Akawa_Butte,0720,585,315,44.43723398312428,-121.5241163257135,0.5324535369873047
Akawa_Butte,0720,621,373,44.427522738797336,-121.50219641808296,0.9795382022857666
Akawa_Butte,0720,371,676,44.4949619355122,-121.38768379718549,0.9085951447486877
Akawa_Butte,0720,537,640,44.45018230889353,-121.4012892570941,0.9887793660163879
Akawa_Butte,0720,583,595,44.43777349669799,-121.41829608197986,0.7398786544799805
Akawa_Butte,0720,484,399,44.46447941859709,-121.49237025259342,0.9916040897369385
Akawa_Butte,0720,385,451,44.49118534049617,-121.4727179216143,0.9963316917419434
Akawa_Butte,0720,608,320,44.43102957702651,-121.52222667850397,0.8896629810333252
Akawa_Butte,0720,633,338,44.42428565735502,-121.51542394854967,0.9970995187759399
Akawa_Butte,0720,653,444,44.41889052161783,-121.47536342770765,0.9976821541786194
Akawa_Butte,0720,505,399,44.458814526073034,-121.49237025259342,0.9955408573150635
Akawa_Butte,0720,601,578,44.432917874534525,-121.42472088249227,0.9976876378059387
Akawa_Butte,0720,647,442,44.42050906233899,-121.47611928659146,0.9982949495315552
Akawa_Butte,0720,372,474,44.494692178725344,-121.46402554445048,0.9708227515220642
Akawa_Butte,0720,407,663,44.485250691185264,-121.39259687993027,0.9969875812530518
Akawa_Butte,0720,616,510,44.42887152273163,-121.45042008454186,0.9979691505432129
Akawa_Butte,0720,616,574,44.42887152273163,-121.42623260025988,0.9837318658828735
Akawa_Butte,0720,441,414,44.47607896043204,-121.48670131096482,0.9971616864204407
Akawa_Butte,0720,460,648,44.47095358148171,-121.39826582155885,0.998025119304657
Akawa_Butte,0720,575,509,44.439931550992874,-121.45079801398377,0.9994153380393982
Akawa_Butte,0720,582,351,44.43804325348486,-121.51051086580489,0.9954456090927124
Akawa_Butte,0720,610,533,44.430490063452794,-121.44172770737802,0.9979091286659241
Akawa_Butte,0720,544,664,44.448294011385514,-121.39221895048836,0.5577559471130371
Akawa_Butte,0720,551,623,44.446405713877496,-121.4077140576065,0.8271141648292542
Akawa_Butte,0720,434,680,44.47796725794006,-121.38617207941786,0.7604808807373047
Akawa_Butte,0720,496,670,44.46124233715477,-121.38995137383692,0.9370202422142029
Akawa_Butte,0720,369,627,44.49550144908592,-121.40620233983887,0.9956331849098206
Akawa_Butte,0720,524,638,44.4536891471227,-121.40204511597791,0.9774937033653259
Akawa_Butte,0720,599,328,44.433457388108245,-121.51920324296873,0.8660027980804443
Akawa_Butte,0720,622,485,44.42725298201048,-121.45986832058951,0.9952476620674133
Akawa_Butte,0720,619,377,44.428062252371056,-121.50068470031535,0.9976337552070618
Akawa_Butte,0720,556,590,44.4450569299432,-121.4201857291894,0.9983633160591125
Akawa_Butte,0720,630,378,44.4250949277156,-121.50030677087344,0.9323986768722534
Akawa_Butte,0720,511,372,44.45719598535188,-121.50257434752487,0.9473837614059448
Akawa_Butte,0720,633,336,44.42428565735502,-121.51617980743347,0.9972820281982422
Akawa_Butte,0720,497,380,44.46097258036791,-121.49955091198962,0.7772524356842041
Akawa_Butte,0720,565,351,44.44262911886147,-121.51051086580489,0.9970316886901855
Akawa_Butte,0720,607,478,44.43129933381337,-121.46251382668285,0.9988946914672852
Akawa_Butte,0720,614,390,44.42941103630535,-121.49577161757057,0.9983987212181091
Akawa_Butte,0720,506,644,44.45854476928618,-121.39977753932648,0.9952696561813354
Akawa_Butte,0720,568,604,44.44181984850089,-121.41489471700271,0.6261880397796631
Akawa_Butte,0720,508,616,44.45800525571246,-121.41035956369984,0.9993161559104919
Akawa_Butte,0720,619,506,44.428062252371056,-121.45193180230949,0.9966298341751099
Akawa_Butte,0720,556,599,44.4450569299432,-121.41678436421223,0.9953119158744812
Akawa_Butte,0720,379,606,44.49280388121733,-121.4141388581189,0.9901190400123596
Akawa_Butte,0720,553,668,44.44586620030378,-121.39070723272074,0.9694933295249939
Akawa_Butte,0720,376,498,44.493613151577904,-121.45495523784473,0.980889081954956
Akawa_Butte,0720,660,457,44.417002224109815,-121.47045034496287,0.9626524448394775
Akawa_Butte,0720,649,502,44.41996954876527,-121.4534435200771,0.9920408129692078
Akawa_Butte,0720,585,329,44.43723398312428,-121.51882531352682,0.7647007703781128
Akawa_Butte,0720,579,322,44.43885252384543,-121.52147081962016,0.578117847442627
Akawa_Butte,0720,424,664,44.48066482580865,-121.39221895048836,0.9603900909423828
Akawa_Butte,0720,632,489,44.424555414141885,-121.45835660282188,0.9929467439651489
Akawa_Butte,0720,600,392,44.43318763132139,-121.49501575868675,0.9991660714149475
Akawa_Butte,0720,622,557,44.42725298201048,-121.43265740077229,0.972292423248291
Akawa_Butte,0720,617,482,44.42860176594478,-121.46100210891522,0.9979235529899597
Akawa_Butte,0720,420,687,44.48174385295609,-121.38352657332453,0.8025354146957397
Akawa_Butte,0720,620,363,44.42779249558419,-121.50597571250202,0.9248253703117371
Akawa_Butte,0720,600,534,44.43318763132139,-121.44134977793613,0.9987172484397888
Akawa_Butte,0720,400,438,44.48713898869328,-121.47763100435908,0.9963658452033997
Akawa_Butte,0720,389,505,44.49010631334873,-121.45230973175138,0.9951851963996887
Akawa_Butte,0720,541,605,44.4491032817461,-121.4145167875608,0.9984612464904785
Akawa_Butte,0720,485,670,44.46420966181022,-121.38995137383692,0.9756463170051575
Akawa_Butte,0720,624,595,44.42671346843676,-121.41829608197986,0.946667492389679
Akawa_Butte,0720,490,406,44.462860877875926,-121.48972474650007,0.9973273873329163
Akawa_Butte,0720,649,481,44.41996954876527,-121.46138003835713,0.9963063597679138
Akawa_Butte,0720,386,662,44.49091558370931,-121.39297480937218,0.9967319965362549
Akawa_Butte,0720,613,359,44.42968079309221,-121.50748743026965,0.971034586429596
Akawa_Butte,0720,580,333,44.43858276705858,-121.51731359575919,0.8894819617271423
Akawa_Butte,0720,384,545,44.49145509728303,-121.43719255407515,0.9905694723129272
Akawa_Butte,0720,528,634,44.45261011997527,-121.40355683374554,0.9872043132781982
Akawa_Butte,0720,599,588,44.433457388108245,-121.4209415880732,0.9412186741828918
Akawa_Butte,0720,556,344,44.4450569299432,-121.51315637189823,0.9837132096290588
Akawa_Butte,0720,548,616,44.44721498423808,-121.41035956369984,0.9804489016532898
Akawa_Butte,0720,426,661,44.48012531223493,-121.39335273881407,0.9772741198539734
Akawa_Butte,0720,616,471,44.42887152273163,-121.4651593327762,0.9988347887992859
Akawa_Butte,0720,378,490,44.49307363800419,-121.45797867337998,0.9826259016990662
Akawa_Butte,0720,413,434,44.4836321504641,-121.47914272212671,0.9971303343772888
Akawa_Butte,0720,634,540,44.424015900568165,-121.43908220128469,0.5612873435020447
Akawa_Butte,0720,383,445,44.49172485406989,-121.47498549826574,0.9949235916137695
Akawa_Butte,0720,543,611,44.44856376817238,-121.41224921090937,0.9971500635147095
Akawa_Butte,0720,350,644,44.50062682803625,-121.39977753932648,0.9108895659446716
Akawa_Butte,0720,367,456,44.49604096265964,-121.47082827440478,0.8833693861961365
Akawa_Butte,0720,563,325,44.44316863243519,-121.52033703129445,0.7044571042060852
Akawa_Butte,0720,540,357,44.449373038532954,-121.50824328915346,0.9975372552871704
Akawa_Butte,0720,451,657,44.47338139256345,-121.3948644565817,0.9947394728660583
Akawa_Butte,0720,368,681,44.495771205872785,-121.38579414997596,0.8150076270103455
Akawa_Butte,0720,651,390,44.41943003519155,-121.49577161757057,0.9966973066329956
Akawa_Butte,0720,377,424,44.49334339479105,-121.48292201654577,0.5354370474815369
Akawa_Butte,0720,627,485,44.42590419807618,-121.45986832058951,0.994350254535675
Akawa_Butte,0720,369,468,44.49550144908592,-121.46629312110191,0.968781590461731
Akawa_Butte,0720,640,488,44.422397359847004,-121.45873453226379,0.9976122975349426
Akawa_Butte,0720,545,672,44.44802425459866,-121.38919551495312,0.6938554644584656
Akawa_Butte,0720,357,631,44.498738530528236,-121.40469062207126,0.9806272983551025
Akawa_Butte,0720,478,673,44.46609795931824,-121.3888175855112,0.8911921381950378
Akawa_Butte,0720,565,653,44.44262911886147,-121.39637617434933,0.9890341758728027
Akawa_Butte,0720,434,408,44.47796725794006,-121.48896888761625,0.9564909934997559
Akawa_Butte,0720,604,509,44.43210860417395,-121.45079801398377,0.9980100989341736
Akawa_Butte,0720,373,629,44.49442242193849,-121.40544648095506,0.9967151880264282
Akawa_Butte,0720,382,569,44.49199461085675,-121.42812224746942,0.9755876660346985
Akawa_Butte,0720,638,339,44.422936873420724,-121.51504601910776,0.996113657951355
Akawa_Butte,0720,600,402,44.43318763132139,-121.49123646426769,0.9994710683822632
Akawa_Butte,0720,531,348,44.45180084961469,-121.5116446541306,0.9891971349716187
Akawa_Butte,0720,407,679,44.485250691185264,-121.38655000885977,0.9738321304321289
Akawa_Butte,0720,554,363,44.44559644351692,-121.50597571250202,0.998113751411438
Akawa_Butte,0720,668,485,44.41484416981494,-121.45986832058951,0.965182363986969
Akawa_Butte,0720,375,435,44.49388290836477,-121.4787647926848,0.6547284126281738
Akawa_Butte,0720,576,315,44.43966179420601,-121.5241163257135,0.5840294361114502
Akawa_Butte,0720,635,470,44.4237461437813,-121.46553726221809,0.9975903630256653
Akawa_Butte,0720,418,436,44.482283366529806,-121.47838686324289,0.9979581236839294
Akawa_Butte,0720,617,479,44.42860176594478,-121.46213589724094,0.9981473088264465
Akawa_Butte,0720,391,437,44.48956679977501,-121.478008933801,0.9936936497688293
Akawa_Butte,0720,606,561,44.43156909060023,-121.43114568300466,0.9969574213027954
Akawa_Butte,0720,632,471,44.424555414141885,-121.4651593327762,0.9978716373443604
Akawa_Butte,0720,549,598,44.44694522745122,-121.41716229365414,0.9986006021499634
Akawa_Butte,0720,674,412,44.41322562909379,-121.48745716984864,0.7246381640434265
Akawa_Butte,0720,373,454,44.49442242193849,-121.47158413328859,0.9858967065811157
Akawa_Butte,0720,593,320,44.4350759288294,-121.52222667850397,0.6594173312187195
Akawa_Butte,0720,382,514,44.49199461085675,-121.44890836677423,0.9880485534667969
Akawa_Butte,0720,520,645,44.45476817427014,-121.39939960988457,0.9759438633918762
Akawa_Butte,0720,651,409,44.41943003519155,-121.48859095817436,0.9984328746795654
Akawa_Butte,0720,491,660,44.46259112108907,-121.39373066825598,0.991435170173645
Akawa_Butte,0720,542,650,44.448833524959234,-121.39750996267504,0.9781442284584045
Akawa_Butte,0720,390,492,44.489836556561876,-121.45722281449616,0.9961853623390198
Akawa_Butte,0720,602,363,44.43264811774767,-121.50597571250202,0.994655966758728
Akawa_Butte,0720,534,617,44.45099157925411,-121.40998163425793,0.9981200695037842
Akawa_Butte,0720,349,642,44.50089658482311,-121.40053339821029,0.9062815308570862
Akawa_Butte,0720,498,393,44.46070282358105,-121.49463782924485,0.9902112483978271
Akawa_Butte,0720,613,477,44.42968079309221,-121.46289175612475,0.9984593987464905
Akawa_Butte,0720,471,400,44.46798625682626,-121.4919923231515,0.9960175156593323
Akawa_Butte,0720,490,395,44.462860877875926,-121.49388197036103,0.9884461164474487
Akawa_Butte,0720,660,396,44.417002224109815,-121.49350404091913,0.9958779811859131
Akawa_Butte,0720,585,509,44.43723398312428,-121.45079801398377,0.9990207552909851
Akawa_Butte,0720,472,656,44.4677165000394,-121.39524238602361,0.9941466450691223
Akawa_Butte,0720,524,629,44.4536891471227,-121.40544648095506,0.997933566570282
Akawa_Butte,0720,431,414,44.478776528300635,-121.48670131096482,0.9923058152198792
Akawa_Butte,0720,509,378,44.4577354989256,-121.50030677087344,0.9304698705673218
Akawa_Butte,0720,667,495,44.4151139266018,-121.45608902617045,0.9829390048980713
Akawa_Butte,0720,381,491,44.49226436764361,-121.45760074393807,0.9877514243125916
Akawa_Butte,0720,633,566,44.42428565735502,-121.42925603579513,0.9748689532279968
Akawa_Butte,0720,389,501,44.49010631334873,-121.45382144951901,0.9946156144142151
Akawa_Butte,0720,589,325,44.43615495597684,-121.52033703129445,0.7086710333824158
Akawa_Butte,0720,618,546,44.42833200915791,-121.43681462463326,0.9845457077026367
Akawa_Butte,0720,625,375,44.426443711649895,-121.50144055919915,0.9625635147094727
Akawa_Butte,0720,609,525,44.43075982023965,-121.44475114291328,0.9983786940574646
Akawa_Butte,0720,651,460,44.41943003519155,-121.46931655663715,0.9975160956382751
Akawa_Butte,0720,592,379,44.43534568561626,-121.49992884143153,0.9992040395736694
Akawa_Butte,0720,643,396,44.42158808948643,-121.49350404091913,0.9985451698303223
Akawa_Butte,0720,629,387,44.42536468450246,-121.49690540589629,0.9981303215026855
Akawa_Butte,0720,478,655,44.46609795931824,-121.39562031546551,0.995936930179596
Akawa_Butte,0720,635,494,44.4237461437813,-121.45646695561236,0.9985195994377136
Akawa_Butte,0720,452,671,44.47311163577659,-121.38957344439501,0.9660749435424805
Akawa_Butte,0720,532,363,44.45153109282783,-121.50597571250202,0.9953643679618835
Akawa_Butte,0720,599,378,44.433457388108245,-121.50030677087344,0.9990409016609192
Akawa_Butte,0720,602,400,44.43264811774767,-121.4919923231515,0.9994896650314331
Akawa_Butte,0720,622,608,44.42725298201048,-121.41338299923508,0.793027937412262
Akawa_Butte,0720,649,394,44.41996954876527,-121.49425989980294,0.9982660412788391
Akawa_Butte,0720,609,557,44.43075982023965,-121.43265740077229,0.9958456158638
Akawa_Butte,0720,616,374,44.42887152273163,-121.50181848864106,0.9971333146095276
Akawa_Butte,0720,381,602,44.49226436764361,-121.41565057588652,0.9885199666023254
Akawa_Butte,0720,462,645,44.470414067907996,-121.39939960988457,0.9982872605323792
Akawa_Butte,0720,532,632,44.45153109282783,-121.40431269262935,0.9918038249015808
Akawa_Butte,0720,608,512,44.43102957702651,-121.44966422565805,0.9984508156776428
Akawa_Butte,0720,635,504,44.4237461437813,-121.4526876611933,0.9970808625221252
Akawa_Butte,0720,563,654,44.44316863243519,-121.39599824490742,0.9880307912826538
Akawa_Butte,0720,481,671,44.46528868895766,-121.38957344439501,0.9734870195388794
Akawa_Butte,0720,561,321,44.4437081460089,-121.52184874906207,0.6168068051338196
Akawa_Butte,0720,379,489,44.49280388121733,-121.45835660282188,0.9852288961410522
Akawa_Butte,0720,610,366,44.430490063452794,-121.5048419241763,0.996052086353302
Akawa_Butte,0720,424,687,44.48066482580865,-121.38352657332453,0.5211317539215088
Akawa_Butte,0720,659,481,44.41727198089668,-121.46138003835713,0.9880322217941284
Akawa_Butte,0720,599,502,44.433457388108245,-121.4534435200771,0.9980018138885498
Akawa_Butte,0720,593,344,44.4350759288294,-121.51315637189823,0.9961129426956177
Akawa_Butte,0720,462,633,44.470414067907996,-121.40393476318744,0.9988301992416382
Akawa_Butte,0720,385,472,44.49118534049617,-121.46478140333429,0.997580349445343
Akawa_Butte,0720,602,517,44.43264811774767,-121.44777457844852,0.9982773661613464
Akawa_Butte,0720,512,646,44.45692622856502,-121.39902168044266,0.9922353029251099
Akawa_Butte,0720,483,395,44.46474917538394,-121.49388197036103,0.9752305746078491
Akawa_Butte,0720,446,407,44.474730176497744,-121.48934681705816,0.9958023428916931
Akawa_Butte,0720,391,467,44.48956679977501,-121.46667105054381,0.9979426264762878
Akawa_Butte,0720,403,665,44.486329718332705,-121.39184102104646,0.9951237440109253
Akawa_Butte,0720,630,473,44.4250949277156,-121.46440347389238,0.9975685477256775
Akawa_Butte,0720,635,544,44.4237461437813,-121.43757048351706,0.6539357900619507
Akawa_Butte,0720,388,500,44.490376070135596,-121.45419937896092,0.9946502447128296
Akawa_Butte,0720,673,474,44.413495385880644,-121.46402554445048,0.5911245942115784
Akawa_Butte,0720,555,606,44.44532668673006,-121.4141388581189,0.9859066605567932
Akawa_Butte,0720,633,348,44.42428565735502,-121.5116446541306,0.9392810463905334
Akawa_Butte,0720,487,401,44.4636701482365,-121.4916143937096,0.9952588081359863
Akawa_Butte,0720,351,644,44.5003570712494,-121.39977753932648,0.9418072700500488
Akawa_Butte,0720,391,473,44.48956679977501,-121.46440347389238,0.9977633357048035
Akawa_Butte,0720,613,579,44.42968079309221,-121.42434295305036,0.9684486389160156
Akawa_Butte,0720,379,486,44.49280388121733,-121.4594903911476,0.9839462041854858
Akawa_Butte,0720,372,654,44.494692178725344,-121.39599824490742,0.9967681169509888
Akawa_Butte,0720,606,534,44.43156909060023,-121.44134977793613,0.9979227781295776
Akawa_Butte,0720,665,481,44.41565344017552,-121.46138003835713,0.9449253082275391
Akawa_Butte,0720,366,652,44.496310719446505,-121.39675410379122,0.9958728551864624
Akawa_Butte,0720,604,538,44.43210860417395,-121.4398380601685,0.9982308149337769
Akawa_Butte,0720,563,326,44.44316863243519,-121.51995910185254,0.7193154692649841
Akawa_Butte,0720,640,344,44.422397359847004,-121.51315637189823,0.9776557087898254
Akawa_Butte,0720,641,477,44.42212760306015,-121.46289175612475,0.9963297843933105
Akawa_Butte,0720,494,666,44.46178185072849,-121.39146309160455,0.9799217581748962
Akawa_Butte,0720,463,412,44.47014431112113,-121.48745716984864,0.9976552724838257
Akawa_Butte,0720,391,589,44.48956679977501,-121.4205636586313,0.9928094744682312
Akawa_Butte,0720,392,688,44.489297042988156,-121.38314864388262,0.5134328007698059
Akawa_Butte,0720,405,675,44.485790204758985,-121.3880617266274,0.945569634437561
Akawa_Butte,0720,384,522,44.49145509728303,-121.445884931239,0.9890961647033691
Akawa_Butte,0720,382,511,44.49199461085675,-121.45004215509995,0.9888042211532593
Akawa_Butte,0720,645,507,44.42104857591271,-121.45155387286758,0.974852979183197
Akawa_Butte,0720,598,505,44.4337271448951,-121.45230973175138,0.9979816675186157
Akawa_Butte,0720,369,610,44.49550144908592,-121.41262714035128,0.9701930284500122
Akawa_Butte,0720,433,422,44.478237014726915,-121.48367787542958,0.9973387718200684
Akawa_Butte,0720,591,316,44.43561544240312,-121.5237383962716,0.5846199989318848
Akawa_Butte,0720,530,637,44.45207060640155,-121.40242304541982,0.9839103817939758
Akawa_Butte,0720,590,563,44.43588519918998,-121.43038982412085,0.99842768907547
Akawa_Butte,0720,373,485,44.49442242193849,-121.45986832058951,0.9723289608955383
Akawa_Butte,0720,621,616,44.427522738797336,-121.41035956369984,0.9081499576568604
Akawa_Butte,0720,648,469,44.42023930555213,-121.46591519166,0.9965397715568542
Akawa_Butte,0720,624,607,44.42671346843676,-121.413760928677,0.8490411639213562
Akawa_Butte,0720,642,569,44.42185784627329,-121.42812224746942,0.9853110313415527
Akawa_Butte,0720,644,474,44.42131833269957,-121.46402554445048,0.9963539838790894
Akawa_Butte,0720,639,349,44.42266711663387,-121.51126672468871,0.6117348074913025
Akawa_Butte,0720,603,570,44.432378360960804,-121.42774431802751,0.9972649216651917
Akawa_Butte,0720,529,392,44.452340363188405,-121.49501575868675,0.9973439574241638
Akawa_Butte,0720,429,658,44.479316041874355,-121.39448652713979,0.9937966465950012
Akawa_Butte,0720,590,572,44.43588519918998,-121.4269884591437,0.9985309839248657
Akawa_Butte,0720,482,658,44.4650189321708,-121.39448652713979,0.9938871264457703
Akawa_Butte,0720,400,462,44.48713898869328,-121.46856069775335,0.9981739521026611
Akawa_Butte,0720,413,673,44.4836321504641,-121.3888175855112,0.960185706615448
Akawa_Butte,0720,648,466,44.42023930555213,-121.46704897998572,0.996660053730011
Akawa_Butte,0720,545,366,44.44802425459866,-121.5048419241763,0.9978463053703308
Akawa_Butte,0720,642,563,44.42185784627329,-121.43038982412085,0.9762541651725769
Akawa_Butte,0720,643,475,44.42158808948643,-121.46364761500857,0.9962663650512695
Akawa_Butte,0720,376,554,44.493613151577904,-121.433791189098,0.8036354184150696
Akawa_Butte,0720,596,525,44.43426665846882,-121.44475114291328,0.9989674687385559
Akawa_Butte,0720,542,614,44.448833524959234,-121.41111542258365,0.9972447156906128
Akawa_Butte,0720,380,549,44.49253412443047,-121.43568083630753,0.9738218784332275
Akawa_Butte,0720,631,513,44.42482517092874,-121.44928629621614,0.9684528112411499
Akawa_Butte,0720,598,594,44.4337271448951,-121.41867401142177,0.707078754901886
Akawa_Butte,0720,643,404,44.42158808948643,-121.49048060538388,0.9987692832946777
Akawa_Butte,0720,477,394,44.4663677161051,-121.49425989980294,0.9756662249565125
Akawa_Butte,0720,652,394,44.419160278404696,-121.49425989980294,0.9979577660560608
Akawa_Butte,0720,668,411,44.41484416981494,-121.48783509929054,0.997186541557312
Akawa_Butte,0720,377,534,44.49334339479105,-121.44134977793613,0.7603586316108704
Akawa_Butte,0720,574,319,44.44020130777973,-121.52260460794588,0.6009628772735596
Akawa_Butte,0720,612,336,44.429950549879074,-121.51617980743347,0.9870374202728271
Akawa_Butte,0720,534,345,44.45099157925411,-121.51277844245632,0.9830889105796814
Akawa_Butte,0720,519,380,44.455037931057,-121.49955091198962,0.9944305419921875
Akawa_Butte,0720,397,461,44.48794825905386,-121.46893862719524,0.9982755184173584
Akawa_Butte,0720,614,357,44.42941103630535,-121.50824328915346,0.9837871193885803
Akawa_Butte,0720,537,622,44.45018230889353,-121.40809198704841,0.9976812601089478
Akawa_Butte,0720,518,364,44.45530768784386,-121.50559778306011,0.9802740216255188
Akawa_Butte,0720,516,382,44.45584720141758,-121.49879505310581,0.991207480430603
Akawa_Butte,0720,621,369,44.427522738797336,-121.50370813585059,0.9363563656806946
Akawa_Butte,0720,622,327,44.42725298201048,-121.51958117241064,0.9840986132621765
Akawa_Butte,0720,597,347,44.433996901681965,-121.51202258357252,0.9960209727287292
Akawa_Butte,0720,589,324,44.43615495597684,-121.52071496073636,0.7022824287414551
Akawa_Butte,0720,543,352,44.44856376817238,-121.510132936363,0.9968130588531494
Akawa_Butte,0720,526,627,44.45314963354899,-121.40620233983887,0.9978818893432617
Akawa_Butte,0720,561,357,44.4437081460089,-121.50824328915346,0.9971546530723572
Akawa_Butte,0720,499,376,44.460433066794195,-121.50106262975724,0.7207818627357483
Akawa_Butte,0720,633,559,44.42428565735502,-121.43190154188848,0.9369155764579773
Akawa_Butte,0720,388,484,44.490376070135596,-121.46024625003142,0.9958189725875854
Akawa_Butte,0720,494,399,44.46178185072849,-121.49237025259342,0.9944438338279724
Akawa_Butte,0720,551,338,44.446405713877496,-121.51542394854967,0.9760047197341919
Akawa_Butte,0720,622,586,44.42725298201048,-121.42169744695701,0.9789396524429321
Akawa_Butte,0720,658,454,44.417541737683536,-121.47158413328859,0.9923924803733826
Akawa_Butte,0720,445,657,44.4749999332846,-121.3948644565817,0.9852001667022705
Akawa_Butte,0720,671,410,44.414034899454364,-121.48821302873245,0.9732522964477539
Akawa_Butte,0720,625,454,44.426443711649895,-121.47158413328859,0.9994546175003052
Akawa_Butte,0720,533,354,44.45126133604097,-121.50937707747917,0.9965863227844238
Akawa_Butte,0720,462,413,44.470414067907996,-121.48707924040673,0.9977321624755859
Akawa_Butte,0720,655,439,44.41835100804411,-121.47725307491717,0.9977099299430847
Akawa_Butte,0720,624,377,44.42671346843676,-121.50068470031535,0.9923720955848694
Akawa_Butte,0720,355,646,44.499278044101956,-121.39902168044266,0.9838718175888062
Akawa_Butte,0720,399,501,44.48740874548014,-121.45382144951901,0.9985012412071228
Akawa_Butte,0720,367,639,44.49604096265964,-121.401667186536,0.9961174726486206
Akawa_Butte,0720,621,566,44.427522738797336,-121.42925603579513,0.9623575806617737
Akawa_Butte,0720,637,476,44.42320663020759,-121.46326968556666,0.9953665733337402
Akawa_Butte,0720,561,591,44.4437081460089,-121.41980779974749,0.9964305758476257
Akawa_Butte,0720,381,488,44.49226436764361,-121.45873453226379,0.987407922744751
Akawa_Butte,0720,552,607,44.44613595709064,-121.413760928677,0.9890413284301758
Akawa_Butte,0720,653,477,44.41889052161783,-121.46289175612475,0.9952590465545654
Akawa_Butte,0720,360,622,44.49792926016766,-121.40809198704841,0.930366575717926
Akawa_Butte,0720,635,507,44.4237461437813,-121.45155387286758,0.9916340708732605
Akawa_Butte,0720,369,648,44.49550144908592,-121.39826582155885,0.9960268139839172
Akawa_Butte,0720,402,669,44.48659947511956,-121.39032930327883,0.9676561951637268
Akawa_Butte,0720,600,354,44.43318763132139,-121.50937707747917,0.9940364360809326
Akawa_Butte,0720,549,586,44.44694522745122,-121.42169744695701,0.998862087726593
Akawa_Butte,0720,595,396,44.434536415255685,-121.49350404091913,0.9990778565406799
Akawa_Butte,0720,562,336,44.443438389222045,-121.51617980743347,0.973230242729187
Akawa_Butte,0720,452,668,44.47311163577659,-121.39070723272074,0.9783262610435486
Akawa_Butte,0720,648,491,44.42023930555213,-121.45760074393807,0.9963056445121765
Akawa_Butte,0720,515,365,44.45611695820444,-121.50521985361821,0.9524117708206177
Akawa_Butte,0720,381,416,44.49226436764361,-121.48594545208101,0.5436908006668091
Akawa_Butte,0720,508,393,44.45800525571246,-121.49463782924485,0.9930160641670227
Akawa_Butte,0720,591,564,44.43561544240312,-121.43001189467894,0.9983723163604736
Akawa_Butte,0720,588,346,44.436424712763696,-121.51240051301443,0.9916786551475525
Akawa_Butte,0720,543,640,44.44856376817238,-121.4012892570941,0.9771327972412109
Akawa_Butte,0720,603,542,44.432378360960804,-121.43832634240087,0.9983068108558655
Akawa_Butte,0720,373,685,44.49442242193849,-121.38428243220834,0.6743480563163757
Akawa_Butte,0720,612,549,44.429950549879074,-121.43568083630753,0.9916977882385254
Akawa_Butte,0720,390,568,44.489836556561876,-121.42850017691133,0.9958403706550598
Akawa_Butte,0720,661,402,44.41673246732296,-121.49123646426769,0.9976169466972351
Akawa_Butte,0720,378,432,44.49307363800419,-121.47989858101052,0.5269765853881836
Akawa_Butte,0720,538,609,44.449912552106674,-121.41300506979319,0.9983019828796387
Akawa_Butte,0720,642,449,44.42185784627329,-121.47347378049813,0.9984597563743591
Akawa_Butte,0720,526,631,44.45314963354899,-121.40469062207126,0.9962177872657776
Akawa_Butte,0720,378,505,44.49307363800419,-121.45230973175138,0.9547221064567566
Akawa_Butte,0720,552,603,44.44613595709064,-121.41527264644462,0.9958621859550476
Akawa_Butte,0720,633,579,44.42428565735502,-121.42434295305036,0.9806867241859436
Akawa_Butte,0720,596,508,44.43426665846882,-121.45117594342567,0.998031497001648
Akawa_Butte,0720,610,585,44.430490063452794,-121.42207537639892,0.8946477770805359
Akawa_Butte,0720,382,458,44.49199461085675,-121.47007241552096,0.9965500831604004
Akawa_Butte,0720,415,658,44.48309263689039,-121.39448652713979,0.9981486797332764
Akawa_Butte,0720,397,688,44.48794825905386,-121.38314864388262,0.5485916137695312
Akawa_Butte,0720,383,681,44.49172485406989,-121.38579414997596,0.8391578197479248
Akawa_Butte,0720,480,668,44.46555844574452,-121.39070723272074,0.985138475894928
Akawa_Butte,0720,659,389,44.41727198089668,-121.49614954701246,0.9763544797897339
Akawa_Butte,0720,353,664,44.49981755767568,-121.39221895048836,0.910804808139801
Akawa_Butte,0720,623,380,44.426983225223616,-121.49955091198962,0.9978986382484436
Akawa_Butte,0720,558,332,44.444517416369486,-121.5176915252011,0.8826913833618164
Akawa_Butte,0720,514,630,44.4563867149913,-121.40506855151315,0.9983946681022644
Akawa_Butte,0720,623,594,44.426983225223616,-121.41867401142177,0.9509892463684082
Akawa_Butte,0720,587,594,44.43669446955056,-121.41867401142177,0.7141393423080444
Akawa_Butte,0720,627,608,44.42590419807618,-121.41338299923508,0.9468807578086853
Akawa_Butte,0720,610,398,44.430490063452794,-121.49274818203531,0.9991427063941956
Akawa_Butte,0720,570,349,44.44128033492717,-121.51126672468871,0.9954180717468262
Akawa_Butte,0720,600,506,44.43318763132139,-121.45193180230949,0.9981003999710083
Akawa_Butte,0720,450,417,44.4736511493503,-121.4855675226391,0.9974647760391235
Akawa_Butte,0720,379,471,44.49280388121733,-121.4651593327762,0.9963942170143127
Akawa_Butte,0720,648,399,44.42023930555213,-121.49237025259342,0.9984065890312195
Akawa_Butte,0720,611,544,44.43022030666593,-121.43757048351706,0.992546021938324
Akawa_Butte,0720,536,387,44.450452065680395,-121.49690540589629,0.9973165392875671
Akawa_Butte,0720,663,420,44.41619295374924,-121.48443373431338,0.9979626536369324
Akawa_Butte,0720,578,595,44.4391222806323,-121.41829608197986,0.8415348529815674
Akawa_Butte,0720,615,514,44.4291412795185,-121.44890836677423,0.9982336163520813
Akawa_Butte,0720,385,545,44.49118534049617,-121.43719255407515,0.9917308688163757
Akawa_Butte,0720,375,547,44.49388290836477,-121.43643669519135,0.7623835802078247
Akawa_Butte,0720,580,362,44.43858276705858,-121.50635364194393,0.995602548122406
Akawa_Butte,0720,546,361,44.4477544978118,-121.50673157138583,0.9977919459342957
Akawa_Butte,0720,582,596,44.43804325348486,-121.41791815253796,0.682710587978363
Akawa_Butte,0720,380,677,44.49253412443047,-121.38730586774358,0.9061441421508789
Akawa_Butte,0720,581,310,44.43831301027171,-121.52600597292303,0.5469439029693604
Akawa_Butte,0720,552,597,44.44613595709064,-121.41754022309605,0.9983593821525574
Akawa_Butte,0720,619,508,44.428062252371056,-121.45117594342567,0.9979256391525269
Akawa_Butte,0720,605,563,44.43183884738709,-121.43038982412085,0.9968963265419006
Akawa_Butte,0720,438,657,44.47688823079262,-121.3948644565817,0.9733374714851379
Akawa_Butte,0720,548,656,44.44721498423808,-121.39524238602361,0.7697180509567261
Akawa_Butte,0720,609,335,44.43075982023965,-121.51655773687538,0.9760551452636719
Akawa_Butte,0720,656,459,44.418081251257256,-121.46969448607906,0.9946042895317078
Akawa_Butte,0720,590,561,44.43588519918998,-121.43114568300466,0.9983818531036377
Akawa_Butte,0720,388,509,44.490376070135596,-121.45079801398377,0.9941334128379822
Akawa_Butte,0720,417,423,44.48255312331667,-121.48329994598767,0.9897785782814026
Akawa_Butte,0720,388,462,44.490376070135596,-121.46856069775335,0.9980084896087646
Akawa_Butte,0720,447,424,44.47446041971089,-121.48292201654577,0.9975460171699524
Akawa_Butte,0720,385,590,44.49118534049617,-121.4201857291894,0.9809885025024414
Akawa_Butte,0720,373,487,44.49442242193849,-121.4591124617057,0.9746436476707458
Akawa_Butte,0720,654,431,44.418620764830976,-121.48027651045243,0.9985211491584778
Akawa_Butte,0720,363,633,44.49711998980708,-121.40393476318744,0.9940758943557739
Akawa_Butte,0720,372,427,44.494692178725344,-121.48178822822004,0.631227433681488
Akawa_Butte,0720,547,358,44.44748474102494,-121.50786535971154,0.9972267150878906
Akawa_Butte,0720,474,389,44.46717698646568,-121.49614954701246,0.7885493636131287
Akawa_Butte,0720,434,422,44.47796725794006,-121.48367787542958,0.9974436163902283
Akawa_Butte,0720,507,658,44.458275012499314,-121.39448652713979,0.9830829501152039
Akawa_Butte,0720,602,404,44.43264811774767,-121.49048060538388,0.9995545744895935
Akawa_Butte,0720,507,376,44.458275012499314,-121.50106262975724,0.8913766145706177
Akawa_Butte,0720,618,334,44.42833200915791,-121.5169356663173,0.9900979995727539
Akawa_Butte,0720,380,461,44.49253412443047,-121.46893862719524,0.9968808889389038
Akawa_Butte,0720,637,348,44.42320663020759,-121.5116446541306,0.8214156031608582
Akawa_Butte,0720,617,546,44.42860176594478,-121.43681462463326,0.9672157168388367
Akawa_Butte,0720,622,363,44.42725298201048,-121.50597571250202,0.8095635771751404
Akawa_Butte,0720,460,641,44.47095358148171,-121.4009113276522,0.9986048936843872
Akawa_Butte,0720,554,644,44.44559644351692,-121.39977753932648,0.958794891834259
Akawa_Butte,0720,615,487,44.4291412795185,-121.4591124617057,0.997632622718811
Akawa_Butte,0720,614,506,44.42941103630535,-121.45193180230949,0.9922172427177429
Akawa_Butte,0720,487,673,44.4636701482365,-121.3888175855112,0.9326391816139221
Akawa_Butte,0720,367,492,44.49604096265964,-121.45722281449616,0.6793237924575806
Akawa_Butte,0720,559,352,44.44424765958262,-121.510132936363,0.9966496825218201
Akawa_Butte,0720,617,501,44.42860176594478,-121.45382144951901,0.983511209487915
Akawa_Butte,0720,536,629,44.450452065680395,-121.40544648095506,0.9958877563476562
Akawa_Butte,0720,420,438,44.48174385295609,-121.47763100435908,0.9980698823928833
Akawa_Butte,0720,497,381,44.46097258036791,-121.49917298254772,0.8207945823669434
Akawa_Butte,0720,628,340,44.42563444128932,-121.51466808966586,0.9963501691818237
Akawa_Butte,0720,454,656,44.47257212220287,-121.39524238602361,0.9964374303817749
Akawa_Butte,0720,477,651,44.4663677161051,-121.39713203323313,0.9976691603660583
Akawa_Butte,0720,654,491,44.418620764830976,-121.45760074393807,0.9946434497833252
Akawa_Butte,0720,653,446,44.41889052161783,-121.47460756882384,0.9976069331169128
Akawa_Butte,0720,594,539,44.43480617204254,-121.43946013072659,0.998970627784729
Akawa_Butte,0720,625,357,44.426443711649895,-121.50824328915346,0.878972589969635
Akawa_Butte,0720,531,639,44.45180084961469,-121.401667186536,0.9874188899993896
Akawa_Butte,0720,414,670,44.48336239367725,-121.38995137383692,0.9581366777420044
Akawa_Butte,0720,625,385,44.426443711649895,-121.49766126478009,0.9981377124786377
Akawa_Butte,0720,612,548,44.429950549879074,-121.43605876574944,0.9893007874488831
Akawa_Butte,0720,446,423,44.474730176497744,-121.48329994598767,0.9975998997688293
Akawa_Butte,0720,431,435,44.478776528300635,-121.4787647926848,0.9975082874298096
Akawa_Butte,0720,552,664,44.44613595709064,-121.39221895048836,0.9480617642402649
Akawa_Butte,0720,613,507,44.42968079309221,-121.45155387286758,0.9938807487487793
Akawa_Butte,0720,627,493,44.42590419807618,-121.45684488505427,0.9915238618850708
Akawa_Butte,0720,639,506,44.42266711663387,-121.45193180230949,0.9918634295463562
Akawa_Butte,0720,458,673,44.47149309505543,-121.3888175855112,0.9617685079574585
Akawa_Butte,0720,431,664,44.478776528300635,-121.39221895048836,0.9409217834472656
Akawa_Butte,0720,639,451,44.42266711663387,-121.4727179216143,0.9985728859901428
Akawa_Butte,0720,549,621,44.44694522745122,-121.40846991649032,0.9236124753952026
Akawa_Butte,0720,646,451,44.42077881912585,-121.4727179216143,0.9981773495674133
Akawa_Butte,0720,605,378,44.43183884738709,-121.50030677087344,0.9987552762031555
Akawa_Butte,0720,653,390,44.41889052161783,-121.49577161757057,0.9951987266540527
Akawa_Butte,0720,556,588,44.4450569299432,-121.4209415880732,0.9985364079475403
Akawa_Butte,0720,387,560,44.49064582692245,-121.43152361244657,0.9940628409385681
Akawa_Butte,0720,437,682,44.47715798757948,-121.38541622053405,0.6821104884147644
Akawa_Butte,0720,609,336,44.43075982023965,-121.51617980743347,0.9802320003509521
Akawa_Butte,0720,648,400,44.42023930555213,-121.4919923231515,0.9984574913978577
Akawa_Butte,0720,629,574,44.42536468450246,-121.42623260025988,0.9823641180992126
Akawa_Butte,0720,522,370,44.45422866069642,-121.50333020640868,0.9933434724807739
Akawa_Butte,0720,634,383,44.424015900568165,-121.4984171236639,0.9918705224990845
Akawa_Butte,0720,549,642,44.44694522745122,-121.40053339821029,0.9617416262626648
Akawa_Butte,0720,436,430,44.47742774436634,-121.48065443989432,0.9974419474601746
Akawa_Butte,0720,532,646,44.45153109282783,-121.39902168044266,0.9659488797187805
Akawa_Butte,0720,569,318,44.44155009171403,-121.52298253738779,0.5615964531898499
Akawa_Butte,0720,435,659,44.4776975011532,-121.3941085976979,0.9666692018508911
Akawa_Butte,0720,389,586,44.49010631334873,-121.42169744695701,0.986913800239563
Akawa_Butte,0720,638,544,44.422936873420724,-121.43757048351706,0.6173519492149353
Akawa_Butte,0720,441,657,44.47607896043204,-121.3948644565817,0.9838069677352905
Akawa_Butte,0720,543,333,44.44856376817238,-121.51731359575919,0.6539448499679565
Akawa_Butte,0720,656,426,44.418081251257256,-121.48216615766195,0.9985578060150146
Akawa_Butte,0720,459,669,44.47122333826857,-121.39032930327883,0.9800137877464294
Akawa_Butte,0720,640,574,44.422397359847004,-121.42623260025988,0.991211473941803
Akawa_Butte,0720,381,673,44.49226436764361,-121.3888175855112,0.9079840183258057
Akawa_Butte,0720,379,591,44.49280388121733,-121.41980779974749,0.9227361083030701
Akawa_Butte,0720,587,575,44.43669446955056,-121.42585467081798,0.9984285235404968
Akawa_Butte,0720,437,659,44.47715798757948,-121.3941085976979,0.960401177406311
Akawa_Butte,0720,604,491,44.43210860417395,-121.45760074393807,0.9985560178756714
Akawa_Butte,0720,560,342,44.443977902795766,-121.51391223078204,0.9791374802589417
Akawa_Butte,0720,632,378,44.424555414141885,-121.50030677087344,0.869148313999176
Akawa_Butte,0720,600,500,44.43318763132139,-121.45419937896092,0.9981088042259216
Akawa_Butte,0720,591,354,44.43561544240312,-121.50937707747917,0.995998203754425
Akawa_Butte,0720,379,564,44.49280388121733,-121.43001189467894,0.9029695987701416
Akawa_Butte,0720,381,536,44.49226436764361,-121.4405939190523,0.9430161714553833
Akawa_Butte,0720,630,569,44.4250949277156,-121.42812224746942,0.9809272289276123
Akawa_Butte,0720,627,590,44.42590419807618,-121.4201857291894,0.9759963750839233
Akawa_Butte,0720,411,443,44.484171664037824,-121.47574135714956,0.9980226755142212
Akawa_Butte,0720,370,607,44.495231692299065,-121.413760928677,0.9468836188316345
Akawa_Butte,0720,611,387,44.43022030666593,-121.49690540589629,0.9983758330345154
Akawa_Butte,0720,522,651,44.45422866069642,-121.39713203323313,0.9319927096366882
Akawa_Butte,0720,628,589,44.42563444128932,-121.4205636586313,0.9802539348602295
Akawa_Butte,0720,397,486,44.48794825905386,-121.4594903911476,0.9981582164764404
Akawa_Butte,0720,585,318,44.43723398312428,-121.52298253738779,0.5670052766799927
Akawa_Butte,0720,554,582,44.44559644351692,-121.42320916472464,0.9989506006240845
Akawa_Butte,0720,532,341,44.45153109282783,-121.51429016022395,0.9003539085388184
Akawa_Butte,0720,536,651,44.450452065680395,-121.39713203323313,0.9765480160713196
Akawa_Butte,0720,644,478,44.42131833269957,-121.46251382668285,0.9966083765029907
Akawa_Butte,0720,358,633,44.49846877374138,-121.40393476318744,0.984611988067627
Akawa_Butte,0720,436,655,44.47742774436634,-121.39562031546551,0.9921864867210388
Akawa_Butte,0720,381,582,44.49226436764361,-121.42320916472464,0.9161178469657898
Akawa_Butte,0720,500,639,44.46016331000733,-121.401667186536,0.9982886910438538
Akawa_Butte,0720,577,349,44.439392037419154,-121.51126672468871,0.9963598847389221
Akawa_Butte,0720,353,646,44.49981755767568,-121.39902168044266,0.9732437133789062
Akawa_Butte,0720,370,655,44.495231692299065,-121.39562031546551,0.995981752872467
Akawa_Butte,0720,652,446,44.419160278404696,-121.47460756882384,0.9977403283119202
Akawa_Butte,0720,603,566,44.432378360960804,-121.42925603579513,0.9973673820495605
Akawa_Butte,0720,369,628,44.49550144908592,-121.40582441039697,0.9959319829940796
Akawa_Butte,0720,539,370,44.44964279531981,-121.50333020640868,0.9977004528045654
Akawa_Butte,0720,621,543,44.427522738797336,-121.43794841295897,0.9916631579399109
Akawa_Butte,0720,567,329,44.44208960528775,-121.51882531352682,0.6966356039047241
Akawa_Butte,0720,662,401,44.416462710536095,-121.4916143937096,0.997248113155365
Akawa_Butte,0720,563,339,44.44316863243519,-121.51504601910776,0.9783860445022583
Akawa_Butte,0720,603,327,44.432378360960804,-121.51958117241064,0.9056035280227661
Akawa_Butte,0720,373,450,44.49442242193849,-121.47309585105621,0.982378363609314
Akawa_Butte,0720,640,443,44.422397359847004,-121.47574135714956,0.9989877939224243
Akawa_Butte,0720,545,606,44.44802425459866,-121.4141388581189,0.998179018497467
Akawa_Butte,0720,377,484,44.49334339479105,-121.46024625003142,0.98525071144104
Akawa_Butte,0720,424,416,44.48066482580865,-121.48594545208101,0.9777837991714478
Akawa_Butte,0720,358,637,44.49846877374138,-121.40242304541982,0.9899100065231323
Akawa_Butte,0720,665,487,44.41565344017552,-121.4591124617057,0.9770634770393372
Akawa_Butte,0720,432,663,44.47850677151378,-121.39259687993027,0.9401077628135681
Akawa_Butte,0720,405,436,44.485790204758985,-121.47838686324289,0.9966527223587036
Akawa_Butte,0720,567,349,44.44208960528775,-121.51126672468871,0.996153712272644
Akawa_Butte,0720,388,485,44.490376070135596,-121.45986832058951,0.995510458946228
Akawa_Butte,0720,485,386,44.46420966181022,-121.49728333533818,0.7048962116241455
Akawa_Butte,0720,567,330,44.44208960528775,-121.51844738408491,0.7298887968063354
Akawa_Butte,0720,390,664,44.489836556561876,-121.39221895048836,0.9952317476272583
Akawa_Butte,0720,494,645,44.46178185072849,-121.39939960988457,0.9978485107421875
Akawa_Butte,0720,390,515,44.489836556561876,-121.44853043733234,0.997076690196991
Akawa_Butte,0720,380,607,44.49253412443047,-121.413760928677,0.9901220798492432
Akawa_Butte,0720,538,355,44.449912552106674,-121.50899914803726,0.9973941445350647
Akawa_Butte,0720,632,479,44.424555414141885,-121.46213589724094,0.9960048198699951
Akawa_Butte,0720,614,377,44.42941103630535,-121.50068470031535,0.998448371887207
Akawa_Butte,0720,348,650,44.501166341609974,-121.39750996267504,0.8753229975700378
Akawa_Butte,0720,649,449,44.41996954876527,-121.47347378049813,0.9979085326194763
Akawa_Butte,0720,448,668,44.47419066292402,-121.39070723272074,0.9784656763076782
Akawa_Butte,0720,390,497,44.489836556561876,-121.45533316728664,0.9958437085151672
Akawa_Butte,0720,538,366,44.449912552106674,-121.5048419241763,0.9972556233406067
Akawa_Butte,0720,631,392,44.42482517092874,-121.49501575868675,0.9981992840766907
Akawa_Butte,0720,532,367,44.45153109282783,-121.5044639947344,0.9954793453216553
Akawa_Butte,0720,533,624,44.45126133604097,-121.40733612816459,0.9977589845657349
Akawa_Butte,0720,373,460,44.49442242193849,-121.46931655663715,0.9918798804283142
Akawa_Butte,0720,525,638,44.453419390335846,-121.40204511597791,0.978259801864624
Akawa_Butte,0720,540,619,44.449373038532954,-121.40922577537413,0.997660219669342
Akawa_Butte,0720,580,313,44.43858276705858,-121.52487218459731,0.5716586112976074
Akawa_Butte,0720,674,406,44.41322562909379,-121.48972474650007,0.6804777979850769
Akawa_Butte,0720,610,368,44.430490063452794,-121.5040860652925,0.9963029623031616
Akawa_Butte,0720,602,393,44.43264811774767,-121.49463782924485,0.9992481470108032
Akawa_Butte,0720,584,328,44.437503739911136,-121.51920324296873,0.7540677189826965
Akawa_Butte,0720,484,651,44.46447941859709,-121.39713203323313,0.9975858926773071
Akawa_Butte,0720,477,660,44.4663677161051,-121.39373066825598,0.9925208687782288
Akawa_Butte,0720,649,383,44.41996954876527,-121.4984171236639,0.9014808535575867
Akawa_Butte,0720,634,601,44.424015900568165,-121.41602850532843,0.9805163145065308
Akawa_Butte,0720,627,335,44.42590419807618,-121.51655773687538,0.9943276047706604
Akawa_Butte,0720,367,461,44.49604096265964,-121.46893862719524,0.8656409978866577
Akawa_Butte,0720,379,500,44.49280388121733,-121.45419937896092,0.9715244770050049
Akawa_Butte,0720,551,618,44.446405713877496,-121.40960370481604,0.8919581174850464
Akawa_Butte,0720,537,349,44.45018230889353,-121.51126672468871,0.9956098794937134
Akawa_Butte,0720,372,441,44.494692178725344,-121.47649721603337,0.8575502634048462
Akawa_Butte,0720,604,356,44.43210860417395,-121.50862121859537,0.9927076697349548
Akawa_Butte,0720,424,417,44.48066482580865,-121.4855675226391,0.9898378849029541
Akawa_Butte,0720,430,660,44.4790462850875,-121.39373066825598,0.9739586114883423
Akawa_Butte,0720,600,512,44.43318763132139,-121.44966422565805,0.9980887770652771
Akawa_Butte,0720,499,379,44.460433066794195,-121.49992884143153,0.8081983327865601
Akawa_Butte,0720,631,591,44.42482517092874,-121.41980779974749,0.9824790954589844
Akawa_Butte,0720,609,523,44.43075982023965,-121.44550700179708,0.9985751509666443
Akawa_Butte,0720,646,458,44.42077881912585,-121.47007241552096,0.9979384541511536
Akawa_Butte,0720,504,655,44.4590842828599,-121.39562031546551,0.9907223582267761
Akawa_Butte,0720,635,512,44.4237461437813,-121.44966422565805,0.9633746147155762
Akawa_Butte,0720,360,656,44.49792926016766,-121.39524238602361,0.9820669293403625
Akawa_Butte,0720,665,436,44.41565344017552,-121.47838686324289,0.952228844165802
Akawa_Butte,0720,635,559,44.4237461437813,-121.43190154188848,0.9601818919181824
Akawa_Butte,0720,565,590,44.44262911886147,-121.4201857291894,0.991205096244812
Akawa_Butte,0720,392,671,44.489297042988156,-121.38957344439501,0.9678258895874023
Akawa_Butte,0720,659,424,44.41727198089668,-121.48292201654577,0.9982471466064453
Akawa_Butte,0720,485,668,44.46420966181022,-121.39070723272074,0.9853765964508057
Akawa_Butte,0720,621,540,44.427522738797336,-121.43908220128469,0.9954001903533936
Akawa_Butte,0720,406,682,44.48552044797212,-121.38541622053405,0.9329584240913391
Akawa_Butte,0720,439,651,44.47661847400576,-121.39713203323313,0.9979772567749023
Akawa_Butte,0720,666,417,44.41538368338866,-121.4855675226391,0.9976235032081604
Akawa_Butte,0720,662,435,44.416462710536095,-121.4787647926848,0.9970129132270813
Akawa_Butte,0720,471,676,44.46798625682626,-121.38768379718549,0.6782644391059875
Akawa_Butte,0720,636,550,44.423476386994444,-121.43530290686563,0.8585635423660278
Akawa_Butte,0720,603,589,44.432378360960804,-121.4205636586313,0.8072572350502014
Akawa_Butte,0720,614,382,44.42941103630535,-121.49879505310581,0.9982221722602844
Akawa_Butte,0720,421,678,44.48147409616923,-121.38692793830168,0.9207521080970764
Akawa_Butte,0720,512,614,44.45692622856502,-121.41111542258365,0.9993778467178345
Akawa_Butte,0720,380,582,44.49253412443047,-121.42320916472464,0.8545884490013123
Akawa_Butte,0720,419,435,44.48201360974295,-121.4787647926848,0.9980098605155945
Akawa_Butte,0720,408,668,44.4849809343984,-121.39070723272074,0.9730852246284485
Akawa_Butte,0720,530,653,44.45207060640155,-121.39637617434933,0.8925628662109375
Akawa_Butte,0720,628,346,44.42563444128932,-121.51240051301443,0.9911255836486816
Akawa_Butte,0720,352,643,44.50008731446253,-121.40015546876839,0.9538592100143433
Akawa_Butte,0720,405,432,44.485790204758985,-121.47989858101052,0.9945014119148254
Akawa_Butte,0720,391,475,44.48956679977501,-121.46364761500857,0.9976324439048767
Akawa_Butte,0720,643,443,44.42158808948643,-121.47574135714956,0.9986292719841003
Akawa_Butte,0720,635,395,44.4237461437813,-121.49388197036103,0.9984571933746338
Akawa_Butte,0720,671,412,44.414034899454364,-121.48745716984864,0.9784172177314758
Akawa_Butte,0720,618,345,44.42833200915791,-121.51277844245632,0.9977790713310242
Akawa_Butte,0720,468,407,44.468795527186835,-121.48934681705816,0.9972938895225525
Akawa_Butte,0720,499,374,44.460433066794195,-121.50181848864106,0.5541155934333801
Akawa_Butte,0720,565,644,44.44262911886147,-121.39977753932648,0.559323251247406
Akawa_Butte,0720,541,360,44.4491032817461,-121.50710950082774,0.9976016879081726
Akawa_Butte,0720,605,375,44.43183884738709,-121.50144055919915,0.9988934993743896
Akawa_Butte,0720,630,560,44.4250949277156,-121.43152361244657,0.8999887704849243
Akawa_Butte,0720,490,640,44.462860877875926,-121.4012892570941,0.9984105825424194
Akawa_Butte,0720,579,310,44.43885252384543,-121.52600597292303,0.5538309812545776
Akawa_Butte,0720,544,665,44.448294011385514,-121.39184102104646,0.5602928400039673
Akawa_Butte,0720,574,343,44.44020130777973,-121.51353430134014,0.9810259938240051
Akawa_Butte,0720,629,594,44.42536468450246,-121.41867401142177,0.9843422770500183
Akawa_Butte,0720,444,663,44.475269690071464,-121.39259687993027,0.967616081237793
Akawa_Butte,0720,387,500,44.49064582692245,-121.45419937896092,0.9943785071372986
Akawa_Butte,0720,488,408,44.463400391449646,-121.48896888761625,0.9980088472366333
Akawa_Butte,0720,363,644,44.49711998980708,-121.39977753932648,0.9954013824462891
Akawa_Butte,0720,598,489,44.4337271448951,-121.45835660282188,0.9990779161453247
Akawa_Butte,0720,502,644,44.45962379643361,-121.39977753932648,0.9957688450813293
Akawa_Butte,0720,647,445,44.42050906233899,-121.47498549826574,0.9980720281600952
Akawa_Butte,0720,517,380,44.45557744463072,-121.49955091198962,0.9896697402000427
Akawa_Butte,0720,475,651,44.46690722967882,-121.39713203323313,0.9977118372917175
Akawa_Butte,0720,585,565,44.43723398312428,-121.42963396523704,0.9988014101982117
Akawa_Butte,0720,595,586,44.434536415255685,-121.42169744695701,0.9685274958610535
Akawa_Butte,0720,387,470,44.49064582692245,-121.46553726221809,0.9976661801338196
Akawa_Butte,0720,544,334,44.448294011385514,-121.5169356663173,0.7925795912742615
Akawa_Butte,0720,500,671,44.46016331000733,-121.38957344439501,0.7290773987770081
Akawa_Butte,0720,592,317,44.43534568561626,-121.52336046682969,0.6279784440994263
Akawa_Butte,0720,409,422,44.484711177611544,-121.48367787542958,0.7312558889389038
Akawa_Butte,0720,375,492,44.49388290836477,-121.45722281449616,0.9801402688026428
Akawa_Butte,0720,534,631,44.45099157925411,-121.40469062207126,0.9941310286521912
Akawa_Butte,0720,382,531,44.49199461085675,-121.44248356626184,0.9654651284217834
Akawa_Butte,0720,385,463,44.49118534049617,-121.46818276831144,0.9978538751602173
Akawa_Butte,0720,416,448,44.48282288010353,-121.47385170994002,0.9978404641151428
Akawa_Butte,0720,571,334,44.44101057814031,-121.5169356663173,0.8905637264251709
Akawa_Butte,0720,674,417,44.41322562909379,-121.4855675226391,0.6885154247283936
Akawa_Butte,0720,376,435,44.493613151577904,-121.4787647926848,0.6708652377128601
Akawa_Butte,0720,434,423,44.47796725794006,-121.48329994598767,0.9975489974021912
Akawa_Butte,0720,652,485,44.419160278404696,-121.45986832058951,0.9953634738922119
Akawa_Butte,0720,592,358,44.43534568561626,-121.50786535971154,0.9951165318489075
Akawa_Butte,0720,519,655,44.455037931057,-121.39562031546551,0.9433250427246094
Akawa_Butte,0720,637,454,44.42320663020759,-121.47158413328859,0.998357355594635
Akawa_Butte,0720,650,403,44.41969979197841,-121.49085853482579,0.9984638690948486
Akawa_Butte,0720,609,325,44.43075982023965,-121.52033703129445,0.9334077835083008
Akawa_Butte,0720,621,544,44.427522738797336,-121.43757048351706,0.9908407330513
Akawa_Butte,0720,620,575,44.42779249558419,-121.42585467081798,0.9586321115493774
Akawa_Butte,0720,484,654,44.46447941859709,-121.39599824490742,0.9945793747901917
Akawa_Butte,0720,368,466,44.495771205872785,-121.46704897998572,0.9455639123916626
Akawa_Butte,0720,524,367,44.4536891471227,-121.5044639947344,0.9955044984817505
Akawa_Butte,0720,605,329,44.43183884738709,-121.51882531352682,0.9323866367340088
Akawa_Butte,0720,624,583,44.42671346843676,-121.42283123528273,0.972070038318634
Akawa_Butte,0720,664,403,44.41592319696238,-121.49085853482579,0.9967069625854492
Akawa_Butte,0720,419,434,44.48201360974295,-121.47914272212671,0.9979973435401917
Akawa_Butte,0720,386,521,44.49091558370931,-121.4462628606809,0.9900023937225342
Akawa_Butte,0720,640,457,44.422397359847004,-121.47045034496287,0.9982633590698242
Akawa_Butte,0720,553,586,44.44586620030378,-121.42169744695701,0.998799204826355
Akawa_Butte,0720,527,642,44.452879876762125,-121.40053339821029,0.9817904233932495
Akawa_Butte,0720,625,358,44.426443711649895,-121.50786535971154,0.7613560557365417
Akawa_Butte,0720,428,658,44.47958579866121,-121.39448652713979,0.994614839553833
Akawa_Butte,0720,362,664,44.49738974659394,-121.39221895048836,0.9367241859436035
Akawa_Butte,0720,374,551,44.494152665151624,-121.43492497742372,0.5535331964492798
Akawa_Butte,0720,382,576,44.49199461085675,-121.42547674137607,0.9437754154205322
Akawa_Butte,0720,537,621,44.45018230889353,-121.40846991649032,0.9977550506591797
Akawa_Butte,0720,386,605,44.49091558370931,-121.4145167875608,0.9944006204605103
Akawa_Butte,0720,357,657,44.498738530528236,-121.3948644565817,0.9797723293304443
Akawa_Butte,0720,579,579,44.43885252384543,-121.42434295305036,0.9986612200737
Akawa_Butte,0720,549,635,44.44694522745122,-121.40317890430363,0.9174812436103821
Akawa_Butte,0720,585,328,44.43723398312428,-121.51920324296873,0.7604897022247314
Akawa_Butte,0720,462,410,44.470414067907996,-121.48821302873245,0.9976882338523865
Akawa_Butte,0720,436,423,44.47742774436634,-121.48329994598767,0.9977536201477051
Akawa_Butte,0720,627,394,44.42590419807618,-121.49425989980294,0.9984455108642578
Akawa_Butte,0720,623,522,44.426983225223616,-121.445884931239,0.9493923783302307
Akawa_Butte,0720,374,419,44.494152665151624,-121.4848116637553,0.5377820730209351
Akawa_Butte,0720,452,662,44.47311163577659,-121.39297480937218,0.9873095750808716
Akawa_Butte,0720,623,473,44.426983225223616,-121.46440347389238,0.9983306527137756
Akawa_Butte,0720,668,418,44.41484416981494,-121.4851895931972,0.9974954128265381
Akawa_Butte,0720,639,499,44.42266711663387,-121.45457730840283,0.9979421496391296
Akawa_Butte,0720,522,633,44.45422866069642,-121.40393476318744,0.994475245475769
Akawa_Butte,0720,500,645,44.46016331000733,-121.39939960988457,0.9953598380088806
Akawa_Butte,0720,511,654,44.45719598535188,-121.39599824490742,0.9796513319015503
Akawa_Butte,0720,494,634,44.46178185072849,-121.40355683374554,0.9988567233085632
Akawa_Butte,0720,605,370,44.43183884738709,-121.50333020640868,0.9981654286384583
Akawa_Butte,0720,616,355,44.42887152273163,-121.50899914803726,0.9760944247245789
Akawa_Butte,0720,558,353,44.444517416369486,-121.50975500692108,0.9965786933898926
Akawa_Butte,0720,545,376,44.44802425459866,-121.50106262975724,0.9976109266281128
Akawa_Butte,0720,611,525,44.43022030666593,-121.44475114291328,0.9982128143310547
Akawa_Butte,0720,398,680,44.487678502267,-121.38617207941786,0.9280614256858826
Akawa_Butte,0720,557,338,44.44478717315634,-121.51542394854967,0.9776203632354736
Akawa_Butte,0720,527,354,44.452879876762125,-121.50937707747917,0.9950838088989258
Akawa_Butte,0720,596,520,44.43426665846882,-121.4466407901228,0.9987375140190125
Akawa_Butte,0720,551,328,44.446405713877496,-121.51920324296873,0.6869106888771057
Akawa_Butte,0720,420,682,44.48174385295609,-121.38541622053405,0.8854449391365051
Akawa_Butte,0720,645,553,44.42104857591271,-121.43416911853991,0.8660351634025574
Akawa_Butte,0720,503,664,44.459354039646755,-121.39221895048836,0.9427860379219055
Akawa_Butte,0720,380,464,44.49253412443047,-121.46780483886953,0.9970912337303162
Akawa_Butte,0720,533,619,44.45126133604097,-121.40922577537413,0.9980500340461731
Akawa_Butte,0720,599,382,44.433457388108245,-121.49879505310581,0.9990983009338379
Akawa_Butte,0720,598,516,44.4337271448951,-121.44815250789043,0.9986626505851746
Akawa_Butte,0720,618,482,44.42833200915791,-121.46100210891522,0.9977045059204102
Akawa_Butte,0720,416,436,44.48282288010353,-121.47838686324289,0.9978821873664856
Akawa_Butte,0720,405,434,44.485790204758985,-121.47914272212671,0.9960669875144958
Akawa_Butte,0720,672,409,44.4137651426675,-121.48859095817436,0.9483506083488464
Akawa_Butte,0720,605,564,44.43183884738709,-121.43001189467894,0.996505856513977
Akawa_Butte,0720,667,434,44.4151139266018,-121.47914272212671,0.9347150325775146
Akawa_Butte,0720,436,425,44.47742774436634,-121.48254408710386,0.9977350831031799
Akawa_Butte,0720,533,637,44.45126133604097,-121.40242304541982,0.977616012096405
Akawa_Butte,0720,522,632,44.45422866069642,-121.40431269262935,0.9962826371192932
Akawa_Butte,0720,639,384,44.42266711663387,-121.498039194222,0.994428813457489
Akawa_Butte,0720,498,382,44.46070282358105,-121.49879505310581,0.8660358190536499
Akawa_Butte,0720,561,340,44.4437081460089,-121.51466808966586,0.9794049859046936
Akawa_Butte,0720,488,652,44.463400391449646,-121.39675410379122,0.9953364729881287
Akawa_Butte,0720,604,567,44.43210860417395,-121.42887810635322,0.9966539144515991
Akawa_Butte,0720,514,634,44.4563867149913,-121.40355683374554,0.9982413053512573
Akawa_Butte,0720,570,358,44.44128033492717,-121.50786535971154,0.9977273941040039
Akawa_Butte,0720,600,407,44.43318763132139,-121.48934681705816,0.9995877742767334
Akawa_Butte,0720,377,610,44.49334339479105,-121.41262714035128,0.9921266436576843
Akawa_Butte,0720,596,317,44.43426665846882,-121.52336046682969,0.596423864364624
Akawa_Butte,0720,642,540,44.42185784627329,-121.43908220128469,0.6151633858680725
Akawa_Butte,0720,591,336,44.43561544240312,-121.51617980743347,0.9710956811904907
Akawa_Butte,0720,555,639,44.44532668673006,-121.401667186536,0.881912350654602
Akawa_Butte,0720,455,667,44.472302365416006,-121.39108516216264,0.9814812541007996
Akawa_Butte,0720,614,524,44.42941103630535,-121.44512907235517,0.9984947443008423
Akawa_Butte,0720,644,461,44.42131833269957,-121.46893862719524,0.9979180693626404
Akawa_Butte,0720,437,412,44.47715798757948,-121.48745716984864,0.9953381419181824
Akawa_Butte,0720,569,597,44.44155009171403,-121.41754022309605,0.9400386214256287
Akawa_Butte,0720,571,587,44.44101057814031,-121.42131951751512,0.9902111291885376
Akawa_Butte,0720,480,395,44.46555844574452,-121.49388197036103,0.9697248339653015
Akawa_Butte,0720,622,512,44.42725298201048,-121.44966422565805,0.9962188005447388
Akawa_Butte,0720,623,381,44.426983225223616,-121.49917298254772,0.997898280620575
Akawa_Butte,0720,410,440,44.48444142082469,-121.47687514547528,0.99777752161026
Akawa_Butte,0720,661,461,44.41673246732296,-121.46893862719524,0.8049545884132385
Akawa_Butte,0720,539,621,44.44964279531981,-121.40846991649032,0.9977741837501526
Akawa_Butte,0720,425,672,44.480395069021796,-121.38919551495312,0.9442910552024841
Akawa_Butte,0720,381,493,44.49226436764361,-121.45684488505427,0.9848033785820007
Akawa_Butte,0720,622,343,44.42725298201048,-121.51353430134014,0.9980753660202026
Akawa_Butte,0720,536,633,44.450452065680395,-121.40393476318744,0.992740273475647
Akawa_Butte,0720,609,379,44.43075982023965,-121.49992884143153,0.9983625411987305
Akawa_Butte,0720,625,601,44.426443711649895,-121.41602850532843,0.9110533595085144
Akawa_Butte,0720,567,584,44.44208960528775,-121.42245330584083,0.9981685876846313
Akawa_Butte,0720,389,670,44.49010631334873,-121.38995137383692,0.97649747133255
Akawa_Butte,0720,632,344,44.424555414141885,-121.51315637189823,0.9914257526397705
Akawa_Butte,0720,437,655,44.47715798757948,-121.39562031546551,0.9903321862220764
Akawa_Butte,0720,438,655,44.47688823079262,-121.39562031546551,0.9871135354042053
Akawa_Butte,0720,515,651,44.45611695820444,-121.39713203323313,0.9848341345787048
Akawa_Butte,0720,395,670,44.48848777262758,-121.38995137383692,0.9741901159286499
Akawa_Butte,0720,588,356,44.436424712763696,-121.50862121859537,0.9947807788848877
Akawa_Butte,0720,637,440,44.42320663020759,-121.47687514547528,0.9993035793304443
Akawa_Butte,0720,627,478,44.42590419807618,-121.46251382668285,0.9961896538734436
Akawa_Butte,0720,632,384,44.424555414141885,-121.498039194222,0.9972697496414185
Akawa_Butte,0720,529,617,44.452340363188405,-121.40998163425793,0.9982779622077942
Akawa_Butte,0720,618,535,44.42833200915791,-121.44097184849421,0.9923080801963806
Akawa_Butte,0720,554,350,44.44559644351692,-121.5108887952468,0.9956644177436829
Akawa_Butte,0720,600,565,44.43318763132139,-121.42963396523704,0.9979315400123596
Akawa_Butte,0720,592,327,44.43534568561626,-121.51958117241064,0.7400361895561218
Akawa_Butte,0720,583,591,44.43777349669799,-121.41980779974749,0.8870956897735596
Akawa_Butte,0720,664,439,44.41592319696238,-121.47725307491717,0.9564886689186096
Akawa_Butte,0720,612,514,44.429950549879074,-121.44890836677423,0.9987421035766602
Akawa_Butte,0720,543,610,44.44856376817238,-121.41262714035128,0.9976956844329834
Akawa_Butte,0720,616,571,44.42887152273163,-121.42736638858561,0.9818029403686523
Akawa_Butte,0720,596,566,44.43426665846882,-121.42925603579513,0.9980441927909851
Akawa_Butte,0720,433,675,44.478237014726915,-121.3880617266274,0.9244678616523743
Akawa_Butte,0720,593,345,44.4350759288294,-121.51277844245632,0.9963863492012024
Akawa_Butte,0720,641,465,44.42212760306015,-121.46742690942763,0.9979990720748901
Akawa_Butte,0720,649,382,44.41996954876527,-121.49879505310581,0.8031665086746216
Akawa_Butte,0720,400,574,44.48713898869328,-121.42623260025988,0.998372495174408
Akawa_Butte,0720,595,386,44.434536415255685,-121.49728333533818,0.9990795850753784
Akawa_Butte,0720,552,579,44.44613595709064,-121.42434295305036,0.9992048144340515
Akawa_Butte,0720,613,475,44.42968079309221,-121.46364761500857,0.9986231327056885
Akawa_Butte,0720,388,684,44.490376070135596,-121.38466036165025,0.7404298782348633
Akawa_Butte,0720,599,516,44.433457388108245,-121.44815250789043,0.9985927939414978
Akawa_Butte,0720,422,437,44.48120433938237,-121.478008933801,0.998035192489624
Akawa_Butte,0720,372,424,44.494692178725344,-121.48292201654577,0.6270691156387329
Akawa_Butte,0720,568,645,44.44181984850089,-121.39939960988457,0.5596575736999512
Akawa_Butte,0720,633,583,44.42428565735502,-121.42283123528273,0.9821022748947144
Akawa_Butte,0720,392,496,44.489297042988156,-121.45571109672855,0.9969356656074524
Akawa_Butte,0720,411,673,44.484171664037824,-121.3888175855112,0.9541491866111755
Akawa_Butte,0720,607,373,44.43129933381337,-121.50219641808296,0.9988477230072021
Akawa_Butte,0720,497,668,44.46097258036791,-121.39070723272074,0.9619103670120239
Akawa_Butte,0720,481,659,44.46528868895766,-121.3941085976979,0.9940419793128967
Akawa_Butte,0720,437,409,44.47715798757948,-121.48859095817436,0.9937401413917542
Akawa_Butte,0720,378,574,44.49307363800419,-121.42623260025988,0.7200145125389099
Akawa_Butte,0720,610,531,44.430490063452794,-121.44248356626184,0.9977733492851257
Akawa_Butte,0720,402,664,44.48659947511956,-121.39221895048836,0.9963348507881165
Akawa_Butte,0720,586,573,44.436964226337416,-121.42661052970179,0.9986394047737122
Akawa_Butte,0720,555,601,44.44532668673006,-121.41602850532843,0.9948045015335083
Akawa_Butte,0720,645,402,44.42104857591271,-121.49123646426769,0.9987295866012573
Akawa_Butte,0720,620,392,44.42779249558419,-121.49501575868675,0.9985846877098083
Akawa_Butte,0720,473,408,44.46744674325254,-121.48896888761625,0.9973676204681396
Akawa_Butte,0720,669,478,44.414574413028085,-121.46251382668285,0.8337776064872742
Akawa_Butte,0720,620,539,44.42779249558419,-121.43946013072659,0.9948931932449341
Akawa_Butte,0720,592,315,44.43534568561626,-121.5241163257135,0.5605616569519043
Akawa_Butte,0720,362,661,44.49738974659394,-121.39335273881407,0.9432634711265564
Akawa_Butte,0720,368,636,44.495771205872785,-121.40280097486172,0.9962538480758667
Akawa_Butte,0720,534,650,44.45099157925411,-121.39750996267504,0.9704586863517761
Akawa_Butte,0720,433,406,44.478237014726915,-121.48972474650007,0.5033737421035767
Akawa_Butte,0720,635,564,44.4237461437813,-121.43001189467894,0.9785124063491821
Akawa_Butte,0720,639,532,44.42266711663387,-121.44210563681993,0.5480874180793762
Akawa_Butte,0720,625,487,44.426443711649895,-121.4591124617057,0.9945780038833618
Akawa_Butte,0720,401,683,44.48686923190642,-121.38503829109214,0.9297184348106384
Akawa_Butte,0720,382,517,44.49199461085675,-121.44777457844852,0.9863755702972412
Akawa_Butte,0720,621,596,44.427522738797336,-121.41791815253796,0.9529529809951782
Akawa_Butte,0720,644,400,44.42131833269957,-121.4919923231515,0.9986104369163513
Akawa_Butte,0720,622,476,44.42725298201048,-121.46326968556666,0.9983330965042114
Akawa_Butte,0720,465,670,44.46960479754741,-121.38995137383692,0.9699273705482483
Akawa_Butte,0720,647,435,44.42050906233899,-121.4787647926848,0.9988015294075012
Akawa_Butte,0720,649,478,44.41996954876527,-121.46251382668285,0.9962915182113647
Akawa_Butte,0720,407,448,44.485250691185264,-121.47385170994002,0.9982331395149231
Akawa_Butte,0720,353,644,44.49981755767568,-121.39977753932648,0.967941403388977
Akawa_Butte,0720,578,358,44.4391222806323,-121.50786535971154,0.9949356317520142
Akawa_Butte,0720,636,347,44.423476386994444,-121.51202258357252,0.9142331480979919
Akawa_Butte,0720,648,449,44.42023930555213,-121.47347378049813,0.9979171752929688
Akawa_Butte,0720,524,350,44.4536891471227,-121.5108887952468,0.9914555549621582
Akawa_Butte,0720,614,387,44.42941103630535,-121.49690540589629,0.9983937740325928
Akawa_Butte,0720,664,410,44.41592319696238,-121.48821302873245,0.9978116750717163
Akawa_Butte,0720,479,648,44.465828202531384,-121.39826582155885,0.997961163520813
Akawa_Butte,0720,661,422,44.41673246732296,-121.48367787542958,0.9981511235237122
Akawa_Butte,0720,616,378,44.42887152273163,-121.50030677087344,0.9983205199241638
Akawa_Butte,0720,525,635,44.453419390335846,-121.40317890430363,0.9864873886108398
Akawa_Butte,0720,634,546,44.424015900568165,-121.43681462463326,0.696658730506897
Akawa_Butte,0720,395,686,44.48848777262758,-121.38390450276643,0.7846922278404236
Akawa_Butte,0720,619,602,44.428062252371056,-121.41565057588652,0.9106737971305847
Akawa_Butte,0720,386,550,44.49091558370931,-121.43530290686563,0.9940310120582581
Akawa_Butte,0720,527,654,44.452879876762125,-121.39599824490742,0.9057856202125549
Akawa_Butte,0720,593,583,44.4350759288294,-121.42283123528273,0.9955052137374878
Akawa_Butte,0720,347,654,44.50143609839683,-121.39599824490742,0.9275898933410645
Akawa_Butte,0720,380,670,44.49253412443047,-121.38995137383692,0.9451309442520142
Akawa_Butte,0720,650,395,44.41969979197841,-121.49388197036103,0.9982322454452515
Akawa_Butte,0720,349,660,44.50089658482311,-121.39373066825598,0.8853427171707153
Akawa_Butte,0720,635,496,44.4237461437813,-121.45571109672855,0.9988510608673096
Akawa_Butte,0720,451,667,44.47338139256345,-121.39108516216264,0.9842932820320129
Akawa_Butte,0720,626,485,44.42617395486304,-121.45986832058951,0.9952093362808228
Akawa_Butte,0720,457,702,44.47176285184229,-121.37785763169593,0.6715882420539856
Akawa_Butte,0720,558,333,44.444517416369486,-121.51731359575919,0.9191014170646667
Akawa_Butte,0720,554,605,44.44559644351692,-121.4145167875608,0.9926257729530334
Akawa_Butte,0720,357,667,44.498738530528236,-121.39108516216264,0.9144904613494873
Akawa_Butte,0720,373,603,44.49442242193849,-121.41527264644462,0.9344263076782227
Akawa_Butte,0720,611,357,44.43022030666593,-121.50824328915346,0.9819636344909668
Akawa_Butte,0720,389,664,44.49010631334873,-121.39221895048836,0.9947106838226318
Akawa_Butte,0720,610,541,44.430490063452794,-121.43870427184278,0.9948614835739136
Akawa_Butte,0720,375,538,44.49388290836477,-121.4398380601685,0.6965665817260742
Akawa_Butte,0720,366,636,44.496310719446505,-121.40280097486172,0.9959896206855774
Akawa_Butte,0720,616,364,44.42887152273163,-121.50559778306011,0.9814246296882629
Akawa_Butte,0720,614,574,44.42941103630535,-121.42623260025988,0.9719858169555664
Akawa_Butte,0720,618,485,44.42833200915791,-121.45986832058951,0.9970683455467224
Akawa_Butte,0720,600,571,44.43318763132139,-121.42736638858561,0.9978049397468567
Akawa_Butte,0720,487,639,44.4636701482365,-121.401667186536,0.99858558177948
Akawa_Butte,0720,371,485,44.4949619355122,-121.45986832058951,0.9429512023925781
Akawa_Butte,0720,517,656,44.45557744463072,-121.39524238602361,0.9534868597984314
Akawa_Butte,0720,564,581,44.442898875648325,-121.42358709416655,0.9987606406211853
Akawa_Butte,0720,394,449,44.488757529414436,-121.47347378049813,0.9978380799293518
Akawa_Butte,0720,623,478,44.426983225223616,-121.46251382668285,0.9978646039962769
Akawa_Butte,0720,619,486,44.428062252371056,-121.4594903911476,0.9952170848846436
Akawa_Butte,0720,597,393,44.433996901681965,-121.49463782924485,0.9990864396095276
Akawa_Butte,0720,432,425,44.47850677151378,-121.48254408710386,0.9974481463432312
Akawa_Butte,0720,436,674,44.47742774436634,-121.3884396560693,0.9379672408103943
Akawa_Butte,0720,634,580,44.424015900568165,-121.42396502360845,0.9833527207374573
Akawa_Butte,0720,655,392,44.41835100804411,-121.49501575868675,0.9963570833206177
Akawa_Butte,0720,547,654,44.44748474102494,-121.39599824490742,0.9329518675804138
Akawa_Butte,0720,381,570,44.49226436764361,-121.42774431802751,0.9475963115692139
Akawa_Butte,0720,565,655,44.44262911886147,-121.39562031546551,0.9922281503677368
Akawa_Butte,0720,415,443,44.48309263689039,-121.47574135714956,0.9982003569602966
Akawa_Butte,0720,465,397,44.46960479754741,-121.49312611147722,0.9859244227409363
Akawa_Butte,0720,647,466,44.42050906233899,-121.46704897998572,0.9968324303627014
Akawa_Butte,0720,510,629,44.45746574213874,-121.40544648095506,0.9988049864768982
Akawa_Butte,0720,635,460,44.4237461437813,-121.46931655663715,0.9983800053596497
Akawa_Butte,0720,657,443,44.41781149447039,-121.47574135714956,0.9974232912063599
Akawa_Butte,0720,618,577,44.42833200915791,-121.42509881193416,0.97059565782547
Akawa_Butte,0720,400,449,44.48713898869328,-121.47347378049813,0.9981456995010376
Akawa_Butte,0720,605,577,44.43183884738709,-121.42509881193416,0.995232880115509
Akawa_Butte,0720,488,634,44.463400391449646,-121.40355683374554,0.9989974498748779
Akawa_Butte,0720,397,677,44.48794825905386,-121.38730586774358,0.9540033340454102
Akawa_Butte,0720,388,683,44.490376070135596,-121.38503829109214,0.7821793556213379
Akawa_Butte,0720,503,637,44.459354039646755,-121.40242304541982,0.9982664585113525
Akawa_Butte,0720,371,604,44.4949619355122,-121.41489471700271,0.8351233601570129
Akawa_Butte,0720,606,381,44.43156909060023,-121.49917298254772,0.998805582523346
Akawa_Butte,0720,521,383,44.454498417483286,-121.4984171236639,0.9951364398002625
Akawa_Butte,0720,633,571,44.42428565735502,-121.42736638858561,0.983396589756012
Akawa_Butte,0720,611,570,44.43022030666593,-121.42774431802751,0.9745518565177917
Akawa_Butte,0720,650,448,44.41969979197841,-121.47385170994002,0.9978615045547485
Akawa_Butte,0720,381,575,44.49226436764361,-121.42585467081798,0.8969516158103943
Akawa_Butte,0720,442,414,44.475809203645184,-121.48670131096482,0.9972342252731323
Akawa_Butte,0720,657,415,44.41781149447039,-121.48632338152292,0.9983898997306824
Akawa_Butte,0720,598,580,44.4337271448951,-121.42396502360845,0.9977473616600037
Akawa_Butte,0720,381,469,44.49226436764361,-121.46591519166,0.9969896674156189
Akawa_Butte,0720,459,664,44.47122333826857,-121.39221895048836,0.985559344291687
Akawa_Butte,0720,631,569,44.42482517092874,-121.42812224746942,0.9821264743804932
Akawa_Butte,0720,347,652,44.50143609839683,-121.39675410379122,0.8158488273620605
Akawa_Butte,0720,436,411,44.47742774436634,-121.48783509929054,0.9951243996620178
Akawa_Butte,0720,442,428,44.475809203645184,-121.48141029877814,0.997628927230835
Akawa_Butte,0720,548,629,44.44721498423808,-121.40544648095506,0.8431522250175476
Akawa_Butte,0720,385,508,44.49118534049617,-121.45117594342567,0.9924585819244385
Akawa_Butte,0720,369,625,44.49550144908592,-121.40695819872269,0.9952461123466492
Akawa_Butte,0720,674,487,44.41322562909379,-121.4591124617057,0.9603809714317322
Akawa_Butte,0720,449,407,44.47392090613717,-121.48934681705816,0.9964540600776672
Akawa_Butte,0720,570,327,44.44128033492717,-121.51958117241064,0.6558180451393127
Akawa_Butte,0720,393,668,44.4890272862013,-121.39070723272074,0.9858604669570923
Akawa_Butte,0720,569,601,44.44155009171403,-121.41602850532843,0.882571816444397
Akawa_Butte,0720,653,450,44.41889052161783,-121.47309585105621,0.9974370002746582
Akawa_Butte,0720,585,591,44.43723398312428,-121.41980779974749,0.8415688872337341
Akawa_Butte,0720,489,673,44.46313063466279,-121.3888175855112,0.8695000410079956
Akawa_Butte,0720,386,467,44.49091558370931,-121.46667105054381,0.9976743459701538
Akawa_Butte,0720,481,665,44.46528868895766,-121.39184102104646,0.9931824207305908
Akawa_Butte,0720,612,353,44.429950549879074,-121.50975500692108,0.9815455675125122
Akawa_Butte,0720,610,375,44.430490063452794,-121.50144055919915,0.9984259605407715
Akawa_Butte,0720,624,615,44.42671346843676,-121.41073749314175,0.9298694133758545
Akawa_Butte,0720,598,384,44.4337271448951,-121.498039194222,0.9990867376327515
Akawa_Butte,0720,600,397,44.43318763132139,-121.49312611147722,0.9993041157722473
Akawa_Butte,0720,596,549,44.43426665846882,-121.43568083630753,0.9983260631561279
Akawa_Butte,0720,493,658,44.46205160751535,-121.39448652713979,0.9873729348182678
Akawa_Butte,0720,394,579,44.488757529414436,-121.42434295305036,0.996008038520813
Akawa_Butte,0720,602,514,44.43264811774767,-121.44890836677423,0.9980745911598206
Akawa_Butte,0720,357,643,44.498738530528236,-121.40015546876839,0.9909858107566833
Akawa_Butte,0720,597,350,44.433996901681965,-121.5108887952468,0.994497537612915
Akawa_Butte,0720,640,592,44.422397359847004,-121.41942987030558,0.9765624403953552
Akawa_Butte,0720,476,638,44.46663747289196,-121.40204511597791,0.9985218644142151
Akawa_Butte,0720,468,639,44.468795527186835,-121.401667186536,0.9984084963798523
Akawa_Butte,0720,654,398,44.418620764830976,-121.49274818203531,0.9981220960617065
Akawa_Butte,0720,528,385,44.45261011997527,-121.49766126478009,0.996184766292572
Akawa_Butte,0720,539,626,44.44964279531981,-121.40658026928078,0.9965725541114807
Akawa_Butte,0720,524,659,44.4536891471227,-121.3941085976979,0.72720867395401
Akawa_Butte,0720,433,662,44.478237014726915,-121.39297480937218,0.939909040927887
Akawa_Butte,0720,642,580,44.42185784627329,-121.42396502360845,0.9846552014350891
Akawa_Butte,0720,379,416,44.49280388121733,-121.48594545208101,0.5853227376937866
Akawa_Butte,0720,369,466,44.49550144908592,-121.46704897998572,0.9704557657241821
Akawa_Butte,0720,405,430,44.485790204758985,-121.48065443989432,0.9915435314178467
Akawa_Butte,0720,620,469,44.42779249558419,-121.46591519166,0.9986947774887085
Akawa_Butte,0720,485,662,44.46420966181022,-121.39297480937218,0.9927020072937012
Akawa_Butte,0720,377,454,44.49334339479105,-121.47158413328859,0.9932465553283691
Akawa_Butte,0720,639,553,44.42266711663387,-121.43416911853991,0.9325716495513916
Akawa_Butte,0720,624,580,44.42671346843676,-121.42396502360845,0.9732236266136169
Akawa_Butte,0720,423,675,44.48093458259551,-121.3880617266274,0.9296084046363831
Akawa_Butte,0720,419,444,44.48201360974295,-121.47536342770765,0.9977984428405762
Akawa_Butte,0720,606,522,44.43156909060023,-121.445884931239,0.9980370998382568
Akawa_Butte,0720,598,535,44.4337271448951,-121.44097184849421,0.9989683032035828
Akawa_Butte,0720,468,669,44.468795527186835,-121.39032930327883,0.9730109572410583
Akawa_Butte,0720,614,473,44.42941103630535,-121.46440347389238,0.9987900257110596
Akawa_Butte,0720,657,390,44.41781149447039,-121.49577161757057,0.989218533039093
Akawa_Butte,0720,517,348,44.45557744463072,-121.5116446541306,0.7183384299278259
Akawa_Butte,0720,511,656,44.45719598535188,-121.39524238602361,0.9744453430175781
Akawa_Butte,0720,547,338,44.44748474102494,-121.51542394854967,0.9649009108543396
Akawa_Butte,0720,598,534,44.4337271448951,-121.44134977793613,0.9988537430763245
Akawa_Butte,0720,516,644,44.45584720141758,-121.39977753932648,0.9869068264961243
Akawa_Butte,0720,476,647,44.46663747289196,-121.39864375100076,0.9980359077453613
Akawa_Butte,0720,470,398,44.468256013613114,-121.49274818203531,0.9928374290466309
Akawa_Butte,0720,492,397,44.462321364302205,-121.49312611147722,0.9923577904701233
Akawa_Butte,0720,464,636,44.469874554334275,-121.40280097486172,0.9986991882324219
Akawa_Butte,0720,539,356,44.44964279531981,-121.50862121859537,0.9975100159645081
Akawa_Butte,0720,417,420,44.48255312331667,-121.48443373431338,0.9798405170440674
Akawa_Butte,0720,385,434,44.49118534049617,-121.47914272212671,0.6882547736167908
Akawa_Butte,0720,665,429,44.41565344017552,-121.48103236933623,0.996784508228302
Akawa_Butte,0720,466,657,44.469335040760555,-121.3948644565817,0.9929598569869995
Akawa_Butte,0720,390,501,44.489836556561876,-121.45382144951901,0.9953091740608215
Akawa_Butte,0720,593,331,44.4350759288294,-121.51806945464301,0.8450409770011902
Akawa_Butte,0720,607,363,44.43129933381337,-121.50597571250202,0.9948755502700806
Akawa_Butte,0720,592,501,44.43534568561626,-121.45382144951901,0.9987542629241943
Akawa_Butte,0720,625,461,44.426443711649895,-121.46893862719524,0.999222457408905
Akawa_Butte,0720,609,552,44.43075982023965,-121.43454704798181,0.9954085946083069
Akawa_Butte,0720,655,410,44.41835100804411,-121.48821302873245,0.9982354640960693
Akawa_Butte,0720,462,639,44.470414067907996,-121.401667186536,0.998656153678894
Akawa_Butte,0720,602,586,44.43264811774767,-121.42169744695701,0.9428582191467285
Akawa_Butte,0720,608,382,44.43102957702651,-121.49879505310581,0.9986448884010315
Akawa_Butte,0720,651,486,44.41943003519155,-121.4594903911476,0.9951562881469727
Akawa_Butte,0720,360,640,44.49792926016766,-121.4012892570941,0.993216335773468
Akawa_Butte,0720,561,355,44.4437081460089,-121.50899914803726,0.997321605682373
Akawa_Butte,0720,373,486,44.49442242193849,-121.4594903911476,0.969505786895752
Akawa_Butte,0720,378,466,44.49307363800419,-121.46704897998572,0.9960930943489075
Akawa_Butte,0720,369,675,44.49550144908592,-121.3880617266274,0.9198358654975891
Akawa_Butte,0720,607,339,44.43129933381337,-121.51504601910776,0.9941226243972778
Akawa_Butte,0720,559,353,44.44424765958262,-121.50975500692108,0.9966791272163391
Akawa_Butte,0720,471,407,44.46798625682626,-121.48934681705816,0.997194766998291
Akawa_Butte,0720,557,341,44.44478717315634,-121.51429016022395,0.9751591086387634
Akawa_Butte,0720,636,494,44.423476386994444,-121.45646695561236,0.9982607364654541
Akawa_Butte,0720,576,591,44.43966179420601,-121.41980779974749,0.9673731327056885
Akawa_Butte,0720,361,621,44.4976595033808,-121.40846991649032,0.9425841569900513
Akawa_Butte,0720,638,501,44.422936873420724,-121.45382144951901,0.9976305961608887
Akawa_Butte,0720,549,645,44.44694522745122,-121.39939960988457,0.9655106067657471
Akawa_Butte,0720,377,545,44.49334339479105,-121.43719255407515,0.8964173793792725
Akawa_Butte,0720,611,558,44.43022030666593,-121.43227947133038,0.9939780235290527
Akawa_Butte,0720,604,565,44.43210860417395,-121.42963396523704,0.9970884323120117
Akawa_Butte,0720,614,394,44.42941103630535,-121.49425989980294,0.9987882375717163
Akawa_Butte,0720,563,651,44.44316863243519,-121.39713203323313,0.983456552028656
Akawa_Butte,0720,520,389,44.45476817427014,-121.49614954701246,0.9948664903640747
Akawa_Butte,0720,613,502,44.42968079309221,-121.4534435200771,0.9833241105079651
Akawa_Butte,0720,593,337,44.4350759288294,-121.51580187799158,0.9841859936714172
Akawa_Butte,0720,544,626,44.448294011385514,-121.40658026928078,0.975662350654602
Akawa_Butte,0720,605,389,44.43183884738709,-121.49614954701246,0.9989892840385437
Akawa_Butte,0720,516,380,44.45584720141758,-121.49955091198962,0.9862066507339478
Akawa_Butte,0720,361,634,44.4976595033808,-121.40355683374554,0.9911540746688843
Akawa_Butte,0720,539,635,44.44964279531981,-121.40317890430363,0.9870688915252686
Akawa_Butte,0720,621,498,44.427522738797336,-121.45495523784473,0.9820565581321716
Akawa_Butte,0720,642,499,44.42185784627329,-121.45457730840283,0.9972080588340759
Akawa_Butte,0720,513,611,44.45665647177816,-121.41224921090937,0.9994246959686279
Akawa_Butte,0720,567,354,44.44208960528775,-121.50937707747917,0.9975144863128662
Akawa_Butte,0720,378,620,44.49307363800419,-121.40884784593221,0.9952915906906128
Akawa_Butte,0720,628,398,44.42563444128932,-121.49274818203531,0.9986979365348816
Akawa_Butte,0720,638,492,44.422936873420724,-121.45722281449616,0.9984884262084961
Akawa_Butte,0720,597,508,44.433996901681965,-121.45117594342567,0.9983089566230774
Akawa_Butte,0720,510,659,44.45746574213874,-121.3941085976979,0.950960636138916
Akawa_Butte,0720,633,541,44.42428565735502,-121.43870427184278,0.5010343790054321
Akawa_Butte,0720,526,642,44.45314963354899,-121.40053339821029,0.9813799858093262
Akawa_Butte,0720,597,356,44.433996901681965,-121.50862121859537,0.9942938089370728
Akawa_Butte,0720,599,319,44.433457388108245,-121.52260460794588,0.6869061589241028
Akawa_Butte,0720,534,373,44.45099157925411,-121.50219641808296,0.9971194863319397
Akawa_Butte,0720,574,318,44.44020130777973,-121.52298253738779,0.5858449339866638
Akawa_Butte,0720,631,388,44.42482517092874,-121.49652747645438,0.9981536865234375
Akawa_Butte,0720,561,319,44.4437081460089,-121.52260460794588,0.5627473592758179
Akawa_Butte,0720,654,494,44.418620764830976,-121.45646695561236,0.9946435689926147
Akawa_Butte,0720,497,669,44.46097258036791,-121.39032930327883,0.9527066946029663
Akawa_Butte,0720,631,497,44.42482517092874,-121.45533316728664,0.9978486895561218
Akawa_Butte,0720,563,355,44.44316863243519,-121.50899914803726,0.9971869587898254
Akawa_Butte,0720,590,523,44.43588519918998,-121.44550700179708,0.9991332292556763
Akawa_Butte,0720,634,556,44.424015900568165,-121.4330353302142,0.9426530599594116
Akawa_Butte,0720,637,388,44.42320663020759,-121.49652747645438,0.9981125593185425
Akawa_Butte,0720,579,341,44.43885252384543,-121.51429016022395,0.9852198362350464
Akawa_Butte,0720,623,616,44.426983225223616,-121.41035956369984,0.9532788395881653
Akawa_Butte,0720,355,633,44.499278044101956,-121.40393476318744,0.9617659449577332
Akawa_Butte,0720,510,382,44.45746574213874,-121.49879505310581,0.9700943827629089
Akawa_Butte,0720,652,451,44.419160278404696,-121.4727179216143,0.997543215751648
Akawa_Butte,0720,621,572,44.427522738797336,-121.4269884591437,0.9588419795036316
Akawa_Butte,0720,648,465,44.42023930555213,-121.46742690942763,0.9969087243080139
Akawa_Butte,0720,636,559,44.423476386994444,-121.43190154188848,0.9616709351539612
Akawa_Butte,0720,503,646,44.459354039646755,-121.39902168044266,0.9949737787246704
Akawa_Butte,0720,547,658,44.44748474102494,-121.39448652713979,0.6543066501617432
Akawa_Butte,0720,363,642,44.49711998980708,-121.40053339821029,0.99490886926651
Akawa_Butte,0720,625,560,44.426443711649895,-121.43152361244657,0.8871487975120544
Akawa_Butte,0720,501,645,44.459893553220475,-121.39939960988457,0.9949886798858643
Akawa_Butte,0720,613,358,44.42968079309221,-121.50786535971154,0.9789023995399475
Akawa_Butte,0720,599,321,44.433457388108245,-121.52184874906207,0.7450425028800964
Akawa_Butte,0720,384,447,44.49145509728303,-121.47422963938193,0.9953945875167847
Akawa_Butte,0720,666,397,44.41538368338866,-121.49312611147722,0.9884428381919861
Akawa_Butte,0720,353,651,44.49981755767568,-121.39713203323313,0.9637293815612793
Akawa_Butte,0720,579,340,44.43885252384543,-121.51466808966586,0.9868721961975098
Akawa_Butte,0720,644,464,44.42131833269957,-121.46780483886953,0.9977623820304871
Akawa_Butte,0720,628,591,44.42563444128932,-121.41980779974749,0.9757879376411438
Akawa_Butte,0720,396,474,44.488218015840715,-121.46402554445048,0.9981481432914734
Akawa_Butte,0720,444,668,44.475269690071464,-121.39070723272074,0.9606990218162537
Akawa_Butte,0720,630,559,44.4250949277156,-121.43190154188848,0.8743575811386108
Akawa_Butte,0720,558,358,44.444517416369486,-121.50786535971154,0.9972943663597107
Akawa_Butte,0720,550,649,44.44667547066436,-121.39788789211694,0.9625734686851501
Akawa_Butte,0720,627,506,44.42590419807618,-121.45193180230949,0.9965734481811523
Akawa_Butte,0720,376,563,44.493613151577904,-121.43038982412085,0.661758303642273
Akawa_Butte,0720,455,662,44.472302365416006,-121.39297480937218,0.9869477152824402
Akawa_Butte,0720,439,406,44.47661847400576,-121.48972474650007,0.9864004254341125
Akawa_Butte,0720,565,334,44.44262911886147,-121.5169356663173,0.8911966681480408
Akawa_Butte,0720,571,600,44.44101057814031,-121.41640643477034,0.6898227334022522
Akawa_Butte,0720,652,475,44.419160278404696,-121.46364761500857,0.9957457184791565
Akawa_Butte,0720,603,574,44.432378360960804,-121.42623260025988,0.9976814985275269
Akawa_Butte,0720,557,339,44.44478717315634,-121.51504601910776,0.9798807501792908
Akawa_Butte,0720,505,370,44.458814526073034,-121.50333020640868,0.6556633710861206
Akawa_Butte,0720,394,571,44.488757529414436,-121.42736638858561,0.9968744516372681
Akawa_Butte,0720,371,630,44.4949619355122,-121.40506855151315,0.9966194033622742
Akawa_Butte,0720,670,400,44.41430465624122,-121.4919923231515,0.9348079562187195
Akawa_Butte,0720,372,669,44.494692178725344,-121.39032930327883,0.9546040892601013
Akawa_Butte,0720,549,377,44.44694522745122,-121.50068470031535,0.9978657364845276
Akawa_Butte,0720,608,567,44.43102957702651,-121.42887810635322,0.9933886528015137
Akawa_Butte,0720,638,541,44.422936873420724,-121.43870427184278,0.529776930809021
Akawa_Butte,0720,641,538,44.42212760306015,-121.4398380601685,0.5818710327148438
Akawa_Butte,0720,558,344,44.444517416369486,-121.51315637189823,0.9852455854415894
Akawa_Butte,0720,573,332,44.440471064566594,-121.5176915252011,0.8015184998512268
Akawa_Butte,0720,515,649,44.45611695820444,-121.39788789211694,0.9877409934997559
Akawa_Butte,0720,622,588,44.42725298201048,-121.4209415880732,0.9672571420669556
Akawa_Butte,0720,390,490,44.489836556561876,-121.45797867337998,0.9963681697845459
Akawa_Butte,0720,558,611,44.444517416369486,-121.41224921090937,0.5847980380058289
Akawa_Butte,0720,379,664,44.49280388121733,-121.39221895048836,0.9951281547546387
Akawa_Butte,0720,612,516,44.429950549879074,-121.44815250789043,0.9985833764076233
Akawa_Butte,0720,611,578,44.43022030666593,-121.42472088249227,0.9679142236709595
Akawa_Butte,0720,622,558,44.42725298201048,-121.43227947133038,0.9671608209609985
Akawa_Butte,0720,487,668,44.4636701482365,-121.39070723272074,0.9859594702720642
Akawa_Butte,0720,602,353,44.43264811774767,-121.50975500692108,0.9945205450057983
Akawa_Butte,0720,376,416,44.493613151577904,-121.48594545208101,0.6662238240242004
Akawa_Butte,0720,438,403,44.47688823079262,-121.49085853482579,0.5917902588844299
Akawa_Butte,0720,580,357,44.43858276705858,-121.50824328915346,0.9951561093330383
Akawa_Butte,0720,431,418,44.478776528300635,-121.4851895931972,0.9958932995796204
Akawa_Butte,0720,633,596,44.42428565735502,-121.41791815253796,0.9804667830467224
Akawa_Butte,0720,367,629,44.49604096265964,-121.40544648095506,0.9954013824462891
Akawa_Butte,0720,352,653,44.50008731446253,-121.39637617434933,0.9588351249694824
Akawa_Butte,0720,504,379,44.4590842828599,-121.49992884143153,0.8571816086769104
Akawa_Butte,0720,672,487,44.4137651426675,-121.4591124617057,0.9601845741271973
Akawa_Butte,0720,411,425,44.484171664037824,-121.48254408710386,0.9771026968955994
Akawa_Butte,0720,353,647,44.49981755767568,-121.39864375100076,0.9763345718383789
Akawa_Butte,0720,649,507,44.41996954876527,-121.45155387286758,0.9700149893760681
Akawa_Butte,0720,484,407,44.46447941859709,-121.48934681705816,0.9970480799674988
Akawa_Butte,0720,426,651,44.48012531223493,-121.39713203323313,0.9985762238502502
Akawa_Butte,0720,637,593,44.42320663020759,-121.41905194086368,0.9864431619644165
Akawa_Butte,0720,601,586,44.432917874534525,-121.42169744695701,0.9494885206222534
Akawa_Butte,0720,620,396,44.42779249558419,-121.49350404091913,0.9989389181137085
Akawa_Butte,0720,380,519,44.49253412443047,-121.44701871956471,0.9526128768920898
Akawa_Butte,0720,605,324,44.43183884738709,-121.52071496073636,0.9037497639656067
Akawa_Butte,0720,509,394,44.4577354989256,-121.49425989980294,0.9939360022544861
Akawa_Butte,0720,660,394,44.417002224109815,-121.49425989980294,0.9943119883537292
Akawa_Butte,0720,547,355,44.44748474102494,-121.50899914803726,0.9967960715293884
Akawa_Butte,0720,565,578,44.44262911886147,-121.42472088249227,0.9988000392913818
Akawa_Butte,0720,372,681,44.494692178725344,-121.38579414997596,0.8601378798484802
Akawa_Butte,0720,479,646,44.465828202531384,-121.39902168044266,0.9981664419174194
Akawa_Butte,0720,380,506,44.49253412443047,-121.45193180230949,0.9704077243804932
Akawa_Butte,0720,549,638,44.44694522745122,-121.40204511597791,0.9465509057044983
Akawa_Butte,0720,388,534,44.490376070135596,-121.44134977793613,0.9901692271232605
Akawa_Butte,0720,674,477,44.41322562909379,-121.46289175612475,0.7621492147445679
Akawa_Butte,0720,496,641,44.46124233715477,-121.4009113276522,0.9981067776679993
Akawa_Butte,0720,395,489,44.48848777262758,-121.45835660282188,0.9977518916130066
Akawa_Butte,0720,554,338,44.44559644351692,-121.51542394854967,0.9821463227272034
Akawa_Butte,0720,581,328,44.43831301027171,-121.51920324296873,0.7163520455360413
Akawa_Butte,0720,388,553,44.490376070135596,-121.43416911853991,0.9959344267845154
Akawa_Butte,0720,550,323,44.44667547066436,-121.52109289017825,0.5813362002372742
Akawa_Butte,0720,466,414,44.469335040760555,-121.48670131096482,0.99785977602005
Akawa_Butte,0720,436,419,44.47742774436634,-121.4848116637553,0.9977180361747742
Akawa_Butte,0720,375,530,44.49388290836477,-121.44286149570374,0.6381428241729736
Akawa_Butte,0720,476,664,44.46663747289196,-121.39221895048836,0.9917036294937134
Akawa_Butte,0720,642,348,44.42185784627329,-121.5116446541306,0.6181063055992126
Akawa_Butte,0720,608,483,44.43102957702651,-121.46062417947331,0.9986463785171509
Akawa_Butte,0720,549,615,44.44694522745122,-121.41073749314175,0.976852536201477
Akawa_Butte,0720,511,390,44.45719598535188,-121.49577161757057,0.9921286106109619
Akawa_Butte,0720,372,678,44.494692178725344,-121.38692793830168,0.8826799988746643
Akawa_Butte,0720,417,431,44.48255312331667,-121.48027651045243,0.995887041091919
Akawa_Butte,0720,379,618,44.49280388121733,-121.40960370481604,0.995084285736084
Akawa_Butte,0720,633,485,44.42428565735502,-121.45986832058951,0.9910025596618652
Akawa_Butte,0720,582,348,44.43804325348486,-121.5116446541306,0.9938693046569824
Akawa_Butte,0720,389,579,44.49010631334873,-121.42434295305036,0.9902579188346863
Akawa_Butte,0720,615,477,44.4291412795185,-121.46289175612475,0.998435378074646
Akawa_Butte,0720,626,496,44.42617395486304,-121.45571109672855,0.9968918561935425
Akawa_Butte,0720,637,570,44.42320663020759,-121.42774431802751,0.9889425039291382
Akawa_Butte,0720,545,627,44.44802425459866,-121.40620233983887,0.9585756063461304
Akawa_Butte,0720,613,335,44.42968079309221,-121.51655773687538,0.9853773713111877
Akawa_Butte,0720,454,657,44.47257212220287,-121.3948644565817,0.9957420229911804
Akawa_Butte,0720,387,466,44.49064582692245,-121.46704897998572,0.9977315068244934
Akawa_Butte,0720,581,346,44.43831301027171,-121.51240051301443,0.9885434508323669
Akawa_Butte,0720,602,491,44.43264811774767,-121.45760074393807,0.9987866878509521
Akawa_Butte,0720,404,457,44.48605996154584,-121.47045034496287,0.9981099963188171
Akawa_Butte,0720,546,351,44.4477544978118,-121.51051086580489,0.9961560964584351
Akawa_Butte,0720,520,382,44.45476817427014,-121.49879505310581,0.9954083561897278
Akawa_Butte,0720,439,407,44.47661847400576,-121.48934681705816,0.9912576675415039
Akawa_Butte,0720,548,329,44.44721498423808,-121.51882531352682,0.5853409767150879
Akawa_Butte,0720,542,346,44.448833524959234,-121.51240051301443,0.9908683896064758
Akawa_Butte,0720,549,607,44.44694522745122,-121.413760928677,0.9941584467887878
Akawa_Butte,0720,463,408,44.47014431112113,-121.48896888761625,0.9976941347122192
Akawa_Butte,0720,593,401,44.4350759288294,-121.4916143937096,0.9991941452026367
Akawa_Butte,0720,385,507,44.49118534049617,-121.45155387286758,0.9929328560829163
Akawa_Butte,0720,642,454,44.42185784627329,-121.47158413328859,0.9982348084449768
Akawa_Butte,0720,456,660,44.47203260862915,-121.39373066825598,0.9896970987319946
Akawa_Butte,0720,564,318,44.442898875648325,-121.52298253738779,0.5827042460441589
Akawa_Butte,0720,624,497,44.42671346843676,-121.45533316728664,0.9912367463111877
Akawa_Butte,0720,522,645,44.45422866069642,-121.39939960988457,0.9529194831848145
Akawa_Butte,0720,632,569,44.424555414141885,-121.42812224746942,0.9795343279838562
Akawa_Butte,0720,381,583,44.49226436764361,-121.42283123528273,0.9079888463020325
Akawa_Butte,0720,613,543,44.42968079309221,-121.43794841295897,0.9925829768180847
Akawa_Butte,0720,369,462,44.49550144908592,-121.46856069775335,0.9892189502716064
Akawa_Butte,0720,651,414,44.41943003519155,-121.48670131096482,0.9986894130706787
Akawa_Butte,0720,394,477,44.488757529414436,-121.46289175612475,0.9979677200317383
Akawa_Butte,0720,397,456,44.48794825905386,-121.47082827440478,0.998201310634613
Akawa_Butte,0720,661,437,44.41673246732296,-121.478008933801,0.9970576167106628
Akawa_Butte,0720,490,653,44.462860877875926,-121.39637617434933,0.9913250803947449
Akawa_Butte,0720,603,586,44.432378360960804,-121.42169744695701,0.9315094947814941
Akawa_Butte,0720,521,345,44.454498417483286,-121.51277844245632,0.9476515650749207
Akawa_Butte,0720,537,651,44.45018230889353,-121.39713203323313,0.9697962403297424
Akawa_Butte,0720,606,579,44.43156909060023,-121.42434295305036,0.9880343079566956
Akawa_Butte,0720,511,652,44.45719598535188,-121.39675410379122,0.9873251914978027
Akawa_Butte,0720,376,470,44.493613151577904,-121.46553726221809,0.9952595829963684
Akawa_Butte,0720,559,359,44.44424765958262,-121.50748743026965,0.9973536133766174
Akawa_Butte,0720,476,398,44.46663747289196,-121.49274818203531,0.9920310378074646
Akawa_Butte,0720,382,472,44.49199461085675,-121.46478140333429,0.9969247579574585
Akawa_Butte,0720,565,313,44.44262911886147,-121.52487218459731,0.5291969776153564
Akawa_Butte,0720,388,469,44.490376070135596,-121.46591519166,0.9975834488868713
Akawa_Butte,0720,426,674,44.48012531223493,-121.3884396560693,0.9277540445327759
Akawa_Butte,0720,635,442,44.4237461437813,-121.47611928659146,0.9993790984153748
Akawa_Butte,0720,602,504,44.43264811774767,-121.4526876611933,0.9980489611625671
Akawa_Butte,0720,620,581,44.42779249558419,-121.42358709416655,0.9644931554794312
Akawa_Butte,0720,443,671,44.47553944685832,-121.38957344439501,0.962049126625061
Akawa_Butte,0720,379,521,44.49280388121733,-121.4462628606809,0.917254626750946
Akawa_Butte,0720,571,582,44.44101057814031,-121.42320916472464,0.9985154271125793
Akawa_Butte,0720,549,614,44.44694522745122,-121.41111542258365,0.976842999458313
Akawa_Butte,0720,383,492,44.49172485406989,-121.45722281449616,0.9933419227600098
Akawa_Butte,0720,467,404,44.4690652839737,-121.49048060538388,0.9969820380210876
Akawa_Butte,0720,556,602,44.4450569299432,-121.41565057588652,0.9938294291496277
Akawa_Butte,0720,397,683,44.48794825905386,-121.38503829109214,0.8928536176681519
Akawa_Butte,0720,625,341,44.426443711649895,-121.51429016022395,0.9967328310012817
Akawa_Butte,0720,534,338,44.45099157925411,-121.51542394854967,0.8127219080924988
Akawa_Butte,0720,630,469,44.4250949277156,-121.46591519166,0.9979744553565979
Akawa_Butte,0720,387,487,44.49064582692245,-121.4591124617057,0.9951683878898621
Akawa_Butte,0720,620,605,44.42779249558419,-121.4145167875608,0.6928384900093079
Akawa_Butte,0720,493,395,44.46205160751535,-121.49388197036103,0.9910538196563721
Akawa_Butte,0720,614,335,44.42941103630535,-121.51655773687538,0.987124502658844
Akawa_Butte,0720,392,527,44.489297042988156,-121.44399528402946,0.9972329139709473
Akawa_Butte,0720,546,345,44.4477544978118,-121.51277844245632,0.9918076992034912
Akawa_Butte,0720,379,455,44.49280388121733,-121.47120620384668,0.9945962429046631
Akawa_Butte,0720,618,464,44.42833200915791,-121.46780483886953,0.9993402361869812
Akawa_Butte,0720,361,662,44.4976595033808,-121.39297480937218,0.9338132739067078
Akawa_Butte,0720,619,478,44.428062252371056,-121.46251382668285,0.9981386065483093
Akawa_Butte,0720,387,678,44.49064582692245,-121.38692793830168,0.9158152937889099
Akawa_Butte,0720,590,339,44.43588519918998,-121.51504601910776,0.9914932250976562
Akawa_Butte,0720,397,687,44.48794825905386,-121.38352657332453,0.7457557320594788
Akawa_Butte,0720,526,377,44.45314963354899,-121.50068470031535,0.996414065361023
Akawa_Butte,0720,518,356,44.45530768784386,-121.50862121859537,0.9349046349525452
Akawa_Butte,0720,403,432,44.486329718332705,-121.47989858101052,0.9935749173164368
Akawa_Butte,0720,653,489,44.41889052161783,-121.45835660282188,0.9945420622825623
Akawa_Butte,0720,652,431,44.419160278404696,-121.48027651045243,0.9986031651496887
Akawa_Butte,0720,531,370,44.45180084961469,-121.50333020640868,0.9961771965026855
Akawa_Butte,0720,547,337,44.44748474102494,-121.51580187799158,0.9607020020484924
Akawa_Butte,0720,357,630,44.498738530528236,-121.40506855151315,0.9773730039596558
Akawa_Butte,0720,392,452,44.489297042988156,-121.4723399921724,0.9981220364570618
Akawa_Butte,0720,611,557,44.43022030666593,-121.43265740077229,0.9943313002586365
Akawa_Butte,0720,651,441,44.41943003519155,-121.47649721603337,0.9979806542396545
Akawa_Butte,0720,385,550,44.49118534049617,-121.43530290686563,0.9920799732208252
Akawa_Butte,0720,615,534,44.4291412795185,-121.44134977793613,0.9953972697257996
Akawa_Butte,0720,457,416,44.47176285184229,-121.48594545208101,0.9975174069404602
Akawa_Butte,0720,615,541,44.4291412795185,-121.43870427184278,0.9859983921051025
Akawa_Butte,0720,538,380,44.449912552106674,-121.49955091198962,0.9974364042282104
Akawa_Butte,0720,577,589,44.439392037419154,-121.4205636586313,0.979709804058075
Akawa_Butte,0720,368,435,44.495771205872785,-121.4787647926848,0.5102213621139526
Akawa_Butte,0720,631,603,44.42482517092874,-121.41527264644462,0.9574099183082581
Akawa_Butte,0720,368,437,44.495771205872785,-121.478008933801,0.6219110488891602
Akawa_Butte,0720,406,685,44.48552044797212,-121.38428243220834,0.9184967875480652
Akawa_Butte,0720,406,434,44.48552044797212,-121.47914272212671,0.9962717294692993
Akawa_Butte,0720,425,686,44.480395069021796,-121.38390450276643,0.7603285908699036
Akawa_Butte,0720,625,478,44.426443711649895,-121.46251382668285,0.9972538948059082
Akawa_Butte,0720,633,548,44.42428565735502,-121.43605876574944,0.712515115737915
Akawa_Butte,0720,375,603,44.49388290836477,-121.41527264644462,0.9864190816879272
Akawa_Butte,0720,647,488,44.42050906233899,-121.45873453226379,0.9961183071136475
Akawa_Butte,0720,587,317,44.43669446955056,-121.52336046682969,0.5749117136001587
Akawa_Butte,0720,634,559,44.424015900568165,-121.43190154188848,0.9418854117393494
Akawa_Butte,0720,389,467,44.49010631334873,-121.46667105054381,0.9977637529373169
Akawa_Butte,0720,546,653,44.4477544978118,-121.39637617434933,0.9470356106758118
Akawa_Butte,0720,556,617,44.4450569299432,-121.40998163425793,0.6922169923782349
Akawa_Butte,0720,576,319,44.43966179420601,-121.52260460794588,0.5545468926429749
Akawa_Butte,0720,559,333,44.44424765958262,-121.51731359575919,0.9063811898231506
Akawa_Butte,0720,539,345,44.44964279531981,-121.51277844245632,0.9874162077903748
Akawa_Butte,0720,532,647,44.45153109282783,-121.39864375100076,0.9576284289360046
Akawa_Butte,0720,550,651,44.44667547066436,-121.39713203323313,0.9743618369102478
Akawa_Butte,0720,506,639,44.45854476928618,-121.401667186536,0.9974596500396729
Akawa_Butte,0720,502,664,44.45962379643361,-121.39221895048836,0.9565613269805908
Akawa_Butte,0720,624,380,44.42671346843676,-121.49955091198962,0.9974892139434814
Akawa_Butte,0720,540,374,44.449373038532954,-121.50181848864106,0.9976837038993835
Akawa_Butte,0720,375,421,44.49388290836477,-121.48405580487149,0.5171043276786804
Akawa_Butte,0720,394,582,44.488757529414436,-121.42320916472464,0.9961061477661133
Akawa_Butte,0720,653,413,44.41889052161783,-121.48707924040673,0.9985421895980835
Akawa_Butte,0720,553,344,44.44586620030378,-121.51315637189823,0.988644003868103
Akawa_Butte,0720,599,362,44.433457388108245,-121.50635364194393,0.9942017793655396
Akawa_Butte,0720,520,375,44.45476817427014,-121.50144055919915,0.9919617176055908
Akawa_Butte,0720,560,354,44.443977902795766,-121.50937707747917,0.9971715211868286
Akawa_Butte,0720,626,489,44.42617395486304,-121.45835660282188,0.989810585975647
Akawa_Butte,0720,624,579,44.42671346843676,-121.42434295305036,0.9749419093132019
Akawa_Butte,0720,579,328,44.43885252384543,-121.51920324296873,0.7070026397705078
Akawa_Butte,0720,597,316,44.433996901681965,-121.5237383962716,0.5697228908538818
Akawa_Butte,0720,664,442,44.41592319696238,-121.47611928659146,0.8716654181480408
Akawa_Butte,0720,463,651,44.47014431112113,-121.39713203323313,0.9977909922599792
Akawa_Butte,0720,671,480,44.414034899454364,-121.46175796779903,0.8655396699905396
Akawa_Butte,0720,377,437,44.49334339479105,-121.478008933801,0.8366870284080505
Akawa_Butte,0720,597,533,44.433996901681965,-121.44172770737802,0.9988232851028442
Akawa_Butte,0720,517,352,44.45557744463072,-121.510132936363,0.8421582579612732
Akawa_Butte,0720,367,658,44.49604096265964,-121.39448652713979,0.9935200810432434
Akawa_Butte,0720,375,593,44.49388290836477,-121.41905194086368,0.8495567440986633
Akawa_Butte,0720,593,405,44.4350759288294,-121.49010267594197,0.9993759989738464
Akawa_Butte,0720,620,483,44.42779249558419,-121.46062417947331,0.9971448183059692
Akawa_Butte,0720,454,639,44.47257212220287,-121.401667186536,0.9987484812736511
Akawa_Butte,0720,376,541,44.493613151577904,-121.43870427184278,0.7712231874465942
Akawa_Butte,0720,482,651,44.4650189321708,-121.39713203323313,0.9975883364677429
Akawa_Butte,0720,387,495,44.49064582692245,-121.45608902617045,0.9948723912239075
Akawa_Butte,0720,583,506,44.43777349669799,-121.45193180230949,0.9991192817687988
Akawa_Butte,0720,621,523,44.427522738797336,-121.44550700179708,0.9924793243408203
Akawa_Butte,0720,636,542,44.423476386994444,-121.43832634240087,0.5731861591339111
Akawa_Butte,0720,594,334,44.43480617204254,-121.5169356663173,0.9174625873565674
Akawa_Butte,0720,356,659,44.4990082873151,-121.3941085976979,0.9622205495834351
Akawa_Butte,0720,408,666,44.4849809343984,-121.39146309160455,0.985027551651001
Akawa_Butte,0720,399,669,44.48740874548014,-121.39032930327883,0.9734072685241699
Akawa_Butte,0720,367,603,44.49604096265964,-121.41527264644462,0.5859079360961914
Akawa_Butte,0720,655,412,44.41835100804411,-121.48745716984864,0.998350203037262
Akawa_Butte,0720,515,391,44.45611695820444,-121.49539368812866,0.9935802817344666
Akawa_Butte,0720,635,501,44.4237461437813,-121.45382144951901,0.9976195693016052
Akawa_Butte,0720,530,642,44.45207060640155,-121.40053339821029,0.9881243705749512
Akawa_Butte,0720,614,320,44.42941103630535,-121.52222667850397,0.9379892349243164
Akawa_Butte,0720,636,400,44.423476386994444,-121.4919923231515,0.9986129403114319
Akawa_Butte,0720,395,474,44.48848777262758,-121.46402554445048,0.9981080889701843
Akawa_Butte,0720,499,667,44.460433066794195,-121.39108516216264,0.9540088772773743
Akawa_Butte,0720,680,473,44.41160708837263,-121.46440347389238,0.6498531103134155
Akawa_Butte,0720,426,682,44.48012531223493,-121.38541622053405,0.8800838589668274
Akawa_Butte,0720,566,646,44.442359362074605,-121.39902168044266,0.5654374361038208
Akawa_Butte,0720,408,441,44.4849809343984,-121.47649721603337,0.9978194832801819
Akawa_Butte,0720,403,435,44.486329718332705,-121.4787647926848,0.996133029460907
Akawa_Butte,0720,601,328,44.432917874534525,-121.51920324296873,0.8914926648139954
Akawa_Butte,0720,668,440,44.41484416981494,-121.47687514547528,0.6366074681282043
Akawa_Butte,0720,599,355,44.433457388108245,-121.50899914803726,0.9941982626914978
Akawa_Butte,0720,552,345,44.44613595709064,-121.51277844245632,0.9904675483703613
Akawa_Butte,0720,370,455,44.495231692299065,-121.47120620384668,0.9869272112846375
Akawa_Butte,0720,598,319,44.4337271448951,-121.52260460794588,0.6533375382423401
Akawa_Butte,0720,649,404,44.41996954876527,-121.49048060538388,0.9986127614974976
Akawa_Butte,0720,423,425,44.48093458259551,-121.48254408710386,0.9955072402954102
Akawa_Butte,0720,609,383,44.43075982023965,-121.4984171236639,0.9984264373779297
Akawa_Butte,0720,390,444,44.489836556561876,-121.47536342770765,0.9964370727539062
Akawa_Butte,0720,630,384,44.4250949277156,-121.498039194222,0.9977998733520508
Akawa_Butte,0720,433,412,44.478237014726915,-121.48745716984864,0.9923145771026611
Akawa_Butte,0720,596,532,44.43426665846882,-121.44210563681993,0.9987469911575317
Akawa_Butte,0720,608,372,44.43102957702651,-121.50257434752487,0.9985342025756836
Akawa_Butte,0720,491,656,44.46259112108907,-121.39524238602361,0.9889872074127197
Akawa_Butte,0720,665,414,44.41565344017552,-121.48670131096482,0.9977492690086365
Akawa_Butte,0720,605,365,44.43183884738709,-121.50521985361821,0.9970343112945557
Akawa_Butte,0720,577,514,44.439392037419154,-121.44890836677423,0.9994180202484131
Akawa_Butte,0720,374,441,44.494152665151624,-121.47649721603337,0.8695037364959717
Akawa_Butte,0720,533,387,44.45126133604097,-121.49690540589629,0.9971843957901001
Akawa_Butte,0720,587,521,44.43669446955056,-121.4462628606809,0.9992398619651794
Akawa_Butte,0720,379,603,44.49280388121733,-121.41527264644462,0.9880301356315613
Akawa_Butte,0720,599,343,44.433457388108245,-121.51353430134014,0.997869610786438
Akawa_Butte,0720,373,659,44.49442242193849,-121.3941085976979,0.9963439106941223
Akawa_Butte,0720,592,321,44.43534568561626,-121.52184874906207,0.6574846506118774
Akawa_Butte,0720,615,555,44.4291412795185,-121.43341325965609,0.9932138323783875
Akawa_Butte,0720,355,631,44.499278044101956,-121.40469062207126,0.9523560404777527
Akawa_Butte,0720,671,418,44.414034899454364,-121.4851895931972,0.973137378692627
Akawa_Butte,0720,437,424,44.47715798757948,-121.48292201654577,0.9976807236671448
Akawa_Butte,0720,580,515,44.43858276705858,-121.44853043733234,0.9993270039558411
Akawa_Butte,0720,585,383,44.43723398312428,-121.4984171236639,0.9993842244148254
Akawa_Butte,0720,396,578,44.488218015840715,-121.42472088249227,0.9971461296081543
Akawa_Butte,0720,366,457,44.496310719446505,-121.47045034496287,0.5312895178794861
Akawa_Butte,0720,596,492,44.43426665846882,-121.45722281449616,0.9989615678787231
Akawa_Butte,0720,450,668,44.4736511493503,-121.39070723272074,0.9809019565582275
Akawa_Butte,0720,633,552,44.42428565735502,-121.43454704798181,0.777015209197998
Akawa_Butte,0720,356,628,44.4990082873151,-121.40582441039697,0.9096711277961731
Akawa_Butte,0720,620,484,44.42779249558419,-121.46024625003142,0.99654620885849
Akawa_Butte,0720,659,425,44.41727198089668,-121.48254408710386,0.9982102513313293
Akawa_Butte,0720,484,401,44.46447941859709,-121.4916143937096,0.9952949285507202
Akawa_Butte,0720,418,656,44.482283366529806,-121.39524238602361,0.9982104301452637
Akawa_Butte,0720,498,404,44.46070282358105,-121.49048060538388,0.997147262096405
Akawa_Butte,0720,601,393,44.432917874534525,-121.49463782924485,0.9992509484291077
Akawa_Butte,0720,412,423,44.48390190725097,-121.48329994598767,0.9595358371734619
Akawa_Butte,0720,594,589,44.43480617204254,-121.4205636586313,0.9037888050079346
Akawa_Butte,0720,496,384,44.46124233715477,-121.498039194222,0.8822851181030273
Akawa_Butte,0720,624,540,44.42671346843676,-121.43908220128469,0.9406163692474365
Akawa_Butte,0720,559,596,44.44424765958262,-121.41791815253796,0.9949894547462463
Akawa_Butte,0720,382,502,44.49199461085675,-121.4534435200771,0.988744854927063
Akawa_Butte,0720,551,346,44.446405713877496,-121.51240051301443,0.9906448125839233
Akawa_Butte,0720,376,415,44.493613151577904,-121.48632338152292,0.5905699133872986
Akawa_Butte,0720,574,580,44.44020130777973,-121.42396502360845,0.9987260699272156
Akawa_Butte,0720,363,682,44.49711998980708,-121.38541622053405,0.531181812286377
Akawa_Butte,0720,605,404,44.43183884738709,-121.49048060538388,0.9994797110557556
Akawa_Butte,0720,376,513,44.493613151577904,-121.44928629621614,0.9135571718215942
Akawa_Butte,0720,605,398,44.43183884738709,-121.49274818203531,0.9992659091949463
Akawa_Butte,0720,552,659,44.44613595709064,-121.3941085976979,0.954160213470459
Akawa_Butte,0720,643,470,44.42158808948643,-121.46553726221809,0.9967367053031921
Akawa_Butte,0720,659,411,44.41727198089668,-121.48783509929054,0.9980835914611816
Akawa_Butte,0720,568,587,44.44181984850089,-121.42131951751512,0.9914863705635071
Akawa_Butte,0720,631,382,44.42482517092874,-121.49879505310581,0.9928357601165771
Akawa_Butte,0720,378,600,44.49307363800419,-121.41640643477034,0.9821890592575073
Akawa_Butte,0720,432,435,44.47850677151378,-121.4787647926848,0.9974943995475769
Akawa_Butte,0720,524,639,44.4536891471227,-121.401667186536,0.9789642095565796
Akawa_Butte,0720,539,353,44.44964279531981,-121.50975500692108,0.997220516204834
Akawa_Butte,0720,443,411,44.47553944685832,-121.48783509929054,0.9969564080238342
Akawa_Butte,0720,590,314,44.43588519918998,-121.5244942551554,0.5339264869689941
Akawa_Butte,0720,367,485,44.49604096265964,-121.45986832058951,0.6708220839500427
Akawa_Butte,0720,576,311,44.43966179420601,-121.52562804348112,0.5831634998321533
Akawa_Butte,0720,394,453,44.488757529414436,-121.4719620627305,0.9982076287269592
Akawa_Butte,0720,552,589,44.44613595709064,-121.4205636586313,0.9986237287521362
Akawa_Butte,0720,653,458,44.41889052161783,-121.47007241552096,0.9974154829978943
Akawa_Butte,0720,394,486,44.488757529414436,-121.4594903911476,0.9975742697715759
Akawa_Butte,0720,493,650,44.46205160751535,-121.39750996267504,0.9929754734039307
Akawa_Butte,0720,645,487,44.42104857591271,-121.4591124617057,0.9952700734138489
Akawa_Butte,0720,623,514,44.426983225223616,-121.44890836677423,0.9924420118331909
Akawa_Butte,0720,531,641,44.45180084961469,-121.4009113276522,0.9860925674438477
Akawa_Butte,0720,658,417,44.417541737683536,-121.4855675226391,0.9984312057495117
Akawa_Butte,0720,487,406,44.4636701482365,-121.48972474650007,0.9971020817756653
Akawa_Butte,0720,646,449,44.42077881912585,-121.47347378049813,0.9981409907341003
Akawa_Butte,0720,617,603,44.42860176594478,-121.41527264644462,0.7580195665359497
Akawa_Butte,0720,352,636,44.50008731446253,-121.40280097486172,0.9441620111465454
Akawa_Butte,0720,646,383,44.42077881912585,-121.4984171236639,0.9567165374755859
Akawa_Butte,0720,512,632,44.45692622856502,-121.40431269262935,0.9983678460121155
Akawa_Butte,0720,595,378,44.434536415255685,-121.50030677087344,0.9991194605827332
Akawa_Butte,0720,374,514,44.494152665151624,-121.44890836677423,0.6518118381500244
Akawa_Butte,0720,609,529,44.43075982023965,-121.44323942514565,0.9980783462524414
Akawa_Butte,0720,604,506,44.43210860417395,-121.45193180230949,0.9979278445243835
Akawa_Butte,0720,373,437,44.49442242193849,-121.478008933801,0.7978063821792603
Akawa_Butte,0720,396,442,44.488218015840715,-121.47611928659146,0.9969143271446228
Akawa_Butte,0720,567,589,44.44208960528775,-121.4205636586313,0.9895996451377869
Akawa_Butte,0720,571,598,44.44101057814031,-121.41716229365414,0.8136855363845825
Akawa_Butte,0720,627,494,44.42590419807618,-121.45646695561236,0.9950807094573975
Akawa_Butte,0720,673,405,44.413495385880644,-121.49010267594197,0.8418192267417908
Akawa_Butte,0720,617,517,44.42860176594478,-121.44777457844852,0.9969205260276794
Akawa_Butte,0720,591,409,44.43561544240312,-121.48859095817436,0.9993824362754822
Akawa_Butte,0720,655,503,44.41835100804411,-121.4530655906352,0.9854859709739685
Akawa_Butte,0720,556,616,44.4450569299432,-121.41035956369984,0.6683499813079834
Akawa_Butte,0720,650,389,44.41969979197841,-121.49614954701246,0.9961156249046326
Akawa_Butte,0720,396,451,44.488218015840715,-121.4727179216143,0.9981446862220764
Akawa_Butte,0720,425,657,44.480395069021796,-121.3948644565817,0.9968054294586182
Akawa_Butte,0720,515,383,44.45611695820444,-121.4984171236639,0.9882146716117859
Akawa_Butte,0720,371,455,44.4949619355122,-121.47120620384668,0.9880070090293884
Akawa_Butte,0720,659,491,44.41727198089668,-121.45760074393807,0.9917873740196228
Akawa_Butte,0720,378,487,44.49307363800419,-121.4591124617057,0.9839761257171631
Akawa_Butte,0720,488,632,44.463400391449646,-121.40431269262935,0.9990703463554382
Akawa_Butte,0720,552,355,44.44613595709064,-121.50899914803726,0.9964308142662048
Akawa_Butte,0720,401,661,44.48686923190642,-121.39335273881407,0.9979891777038574
Akawa_Butte,0720,645,498,44.42104857591271,-121.45495523784473,0.9968321323394775
Akawa_Butte,0720,429,668,44.479316041874355,-121.39070723272074,0.9676709175109863
Akawa_Butte,0720,609,386,44.43075982023965,-121.49728333533818,0.9984148144721985
Akawa_Butte,0720,595,410,44.434536415255685,-121.48821302873245,0.9994357228279114
Akawa_Butte,0720,534,352,44.45099157925411,-121.510132936363,0.9964845776557922
Akawa_Butte,0720,621,391,44.427522738797336,-121.49539368812866,0.9983909130096436
Akawa_Butte,0720,374,505,44.494152665151624,-121.45230973175138,0.8917300701141357
Akawa_Butte,0720,558,662,44.444517416369486,-121.39297480937218,0.9886152148246765
Akawa_Butte,0720,559,340,44.44424765958262,-121.51466808966586,0.9775350689888
Akawa_Butte,0720,545,381,44.44802425459866,-121.49917298254772,0.9978137612342834
Akawa_Butte,0720,530,359,44.45207060640155,-121.50748743026965,0.9945619702339172
Akawa_Butte,0720,581,334,44.43831301027171,-121.5169356663173,0.918178379535675
Akawa_Butte,0720,623,353,44.426983225223616,-121.50975500692108,0.9754440188407898
Akawa_Butte,0720,383,523,44.49172485406989,-121.44550700179708,0.9879939556121826
Akawa_Butte,0720,475,633,44.46690722967882,-121.40393476318744,0.9987258315086365
Akawa_Butte,0720,634,462,44.424015900568165,-121.46856069775335,0.9980197548866272
Akawa_Butte,0720,476,653,44.46663747289196,-121.39637617434933,0.9965578317642212
Akawa_Butte,0720,378,610,44.49307363800419,-121.41262714035128,0.9920721650123596
Akawa_Butte,0720,535,379,44.45072182246725,-121.49992884143153,0.9972116947174072
Akawa_Butte,0720,566,590,44.442359362074605,-121.4201857291894,0.989376962184906
Akawa_Butte,0720,548,606,44.44721498423808,-121.4141388581189,0.9967836141586304
Akawa_Butte,0720,519,378,44.455037931057,-121.50030677087344,0.9924312829971313
Akawa_Butte,0720,539,639,44.44964279531981,-121.401667186536,0.9836224913597107
Akawa_Butte,0720,476,655,44.46663747289196,-121.39562031546551,0.9959542155265808
Akawa_Butte,0720,358,656,44.49846877374138,-121.39524238602361,0.9774045944213867
Akawa_Butte,0720,511,620,44.45719598535188,-121.40884784593221,0.9992468357086182
Akawa_Butte,0720,645,469,44.42104857591271,-121.46591519166,0.9965746402740479
Akawa_Butte,0720,406,670,44.48552044797212,-121.38995137383692,0.9637989401817322
Akawa_Butte,0720,648,484,44.42023930555213,-121.46024625003142,0.9959951639175415
Akawa_Butte,0720,640,462,44.422397359847004,-121.46856069775335,0.9980784058570862
Akawa_Butte,0720,424,680,44.48066482580865,-121.38617207941786,0.8820076584815979
Akawa_Butte,0720,592,323,44.43534568561626,-121.52109289017825,0.6761722564697266
Akawa_Butte,0720,514,635,44.4563867149913,-121.40317890430363,0.9982759952545166
Akawa_Butte,0720,637,339,44.42320663020759,-121.51504601910776,0.9964412450790405
Akawa_Butte,0720,646,401,44.42077881912585,-121.4916143937096,0.9986215829849243
Akawa_Butte,0720,536,353,44.450452065680395,-121.50975500692108,0.9972724318504333
Akawa_Butte,0720,404,451,44.48605996154584,-121.4727179216143,0.9981630444526672
Akawa_Butte,0720,456,652,44.47203260862915,-121.39675410379122,0.9972253441810608
Akawa_Butte,0720,591,499,44.43561544240312,-121.45457730840283,0.998885452747345
Akawa_Butte,0720,612,517,44.429950549879074,-121.44777457844852,0.9986028075218201
Akawa_Butte,0720,545,635,44.44802425459866,-121.40317890430363,0.9410644173622131
Akawa_Butte,0720,632,563,44.424555414141885,-121.43038982412085,0.9565089344978333
Akawa_Butte,0720,595,596,44.434536415255685,-121.41791815253796,0.5577078461647034
Akawa_Butte,0720,428,440,44.47958579866121,-121.47687514547528,0.9977015256881714
Akawa_Butte,0720,620,576,44.42779249558419,-121.42547674137607,0.945097804069519
Akawa_Butte,0720,571,357,44.44101057814031,-121.50824328915346,0.9973388314247131
Akawa_Butte,0720,500,393,44.46016331000733,-121.49463782924485,0.9901163578033447
Akawa_Butte,0720,609,549,44.43075982023965,-121.43568083630753,0.9941765666007996
Akawa_Butte,0720,371,615,44.4949619355122,-121.41073749314175,0.9903837442398071
Akawa_Butte,0720,462,398,44.470414067907996,-121.49274818203531,0.9857811331748962
Akawa_Butte,0720,543,626,44.44856376817238,-121.40658026928078,0.9859105348587036
Akawa_Butte,0720,381,513,44.49226436764361,-121.44928629621614,0.9751673936843872
Akawa_Butte,0720,633,493,44.42428565735502,-121.45684488505427,0.9971358776092529
Akawa_Butte,0720,580,328,44.43858276705858,-121.51920324296873,0.7119091749191284
Akawa_Butte,0720,537,387,44.45018230889353,-121.49690540589629,0.9973877668380737
Akawa_Butte,0720,403,442,44.486329718332705,-121.47611928659146,0.997418999671936
Akawa_Butte,0720,620,500,44.42779249558419,-121.45419937896092,0.9767104983329773
Akawa_Butte,0720,462,652,44.470414067907996,-121.39675410379122,0.9970909953117371
Akawa_Butte,0720,377,606,44.49334339479105,-121.4141388581189,0.9891756772994995
Akawa_Butte,0720,428,652,44.47958579866121,-121.39675410379122,0.9984267354011536
Akawa_Butte,0720,360,676,44.49792926016766,-121.38768379718549,0.7160180807113647
Akawa_Butte,0720,596,509,44.43426665846882,-121.45079801398377,0.9982175827026367
Akawa_Butte,0720,599,572,44.433457388108245,-121.4269884591437,0.9978154301643372
Akawa_Butte,0720,586,319,44.436964226337416,-121.52260460794588,0.582883894443512
Akawa_Butte,0720,379,539,44.49280388121733,-121.43946013072659,0.8874098062515259
Akawa_Butte,0720,495,661,44.46151209394163,-121.39335273881407,0.9880634546279907
Akawa_Butte,0720,653,391,44.41889052161783,-121.49539368812866,0.9965171813964844
Akawa_Butte,0720,681,473,44.41133733158577,-121.46440347389238,0.6998192071914673
Akawa_Butte,0720,538,648,44.449912552106674,-121.39826582155885,0.9776965379714966
Akawa_Butte,0720,501,651,44.459893553220475,-121.39713203323313,0.9901977777481079
Akawa_Butte,0720,452,640,44.47311163577659,-121.4012892570941,0.9986386299133301
Akawa_Butte,0720,522,344,44.45422866069642,-121.51315637189823,0.9366275072097778
Akawa_Butte,0720,633,573,44.42428565735502,-121.42661052970179,0.9878737330436707
Akawa_Butte,0720,650,454,44.41969979197841,-121.47158413328859,0.9976421594619751
Akawa_Butte,0720,372,656,44.494692178725344,-121.39524238602361,0.9967898726463318
Akawa_Butte,0720,545,643,44.44802425459866,-121.40015546876839,0.9763434529304504
Akawa_Butte,0720,377,527,44.49334339479105,-121.44399528402946,0.7855687141418457
Akawa_Butte,0720,582,588,44.43804325348486,-121.4209415880732,0.9699049592018127
Akawa_Butte,0720,607,569,44.43129933381337,-121.42812224746942,0.9929453730583191
Akawa_Butte,0720,509,659,44.4577354989256,-121.3941085976979,0.9669296741485596
Akawa_Butte,0720,552,616,44.44613595709064,-121.41035956369984,0.8203573226928711
Akawa_Butte,0720,462,662,44.470414067907996,-121.39297480937218,0.9851730465888977
Akawa_Butte,0720,539,372,44.44964279531981,-121.50257434752487,0.9977055191993713
Akawa_Butte,0720,660,426,44.417002224109815,-121.48216615766195,0.9980080127716064
Akawa_Butte,0720,410,666,44.48444142082469,-121.39146309160455,0.9818227291107178
Akawa_Butte,0720,622,515,44.42725298201048,-121.44853043733234,0.996334433555603
Akawa_Butte,0720,540,385,44.449373038532954,-121.49766126478009,0.9974512457847595
Akawa_Butte,0720,596,383,44.43426665846882,-121.4984171236639,0.9990648627281189
Akawa_Butte,0720,621,522,44.427522738797336,-121.445884931239,0.9934364557266235
Akawa_Butte,0720,477,648,44.4663677161051,-121.39826582155885,0.997986912727356
Akawa_Butte,0720,554,340,44.44559644351692,-121.51466808966586,0.9779711961746216
Akawa_Butte,0720,635,604,44.4237461437813,-121.41489471700271,0.9766750931739807
Akawa_Butte,0720,622,396,44.42725298201048,-121.49350404091913,0.9988433122634888
Akawa_Butte,0720,518,648,44.45530768784386,-121.39826582155885,0.982119083404541
Akawa_Butte,0720,627,492,44.42590419807618,-121.45722281449616,0.9915194511413574
Akawa_Butte,0720,574,352,44.44020130777973,-121.510132936363,0.997218906879425
Akawa_Butte,0720,617,375,44.42860176594478,-121.50144055919915,0.9972084760665894
Akawa_Butte,0720,558,649,44.444517416369486,-121.39788789211694,0.9397755265235901
Akawa_Butte,0720,632,463,44.424555414141885,-121.46818276831144,0.9982494115829468
Akawa_Butte,0720,390,522,44.489836556561876,-121.445884931239,0.9966028332710266
Akawa_Butte,0720,420,686,44.48174385295609,-121.38390450276643,0.8373181819915771
Akawa_Butte,0720,352,630,44.50008731446253,-121.40506855151315,0.8098347187042236
Akawa_Butte,0720,627,576,44.42590419807618,-121.42547674137607,0.9621796607971191
Akawa_Butte,0720,595,414,44.434536415255685,-121.48670131096482,0.9994935989379883
Akawa_Butte,0720,378,544,44.49307363800419,-121.43757048351706,0.9313735365867615
Akawa_Butte,0720,439,673,44.47661847400576,-121.3888175855112,0.929062008857727
Akawa_Butte,0720,661,404,44.41673246732296,-121.49048060538388,0.9977224469184875
Akawa_Butte,0720,375,499,44.49388290836477,-121.45457730840283,0.972871720790863
Akawa_Butte,0720,653,442,44.41889052161783,-121.47611928659146,0.997774600982666
Akawa_Butte,0720,536,652,44.450452065680395,-121.39675410379122,0.9656784534454346
Akawa_Butte,0720,587,337,44.43669446955056,-121.51580187799158,0.9831241965293884
Akawa_Butte,0720,375,626,44.49388290836477,-121.40658026928078,0.9959281086921692
Akawa_Butte,0720,395,675,44.48848777262758,-121.3880617266274,0.9421110153198242
Akawa_Butte,0720,367,657,44.49604096265964,-121.3948644565817,0.9943540692329407
Akawa_Butte,0720,595,510,44.434536415255685,-121.45042008454186,0.9981691837310791
Akawa_Butte,0720,547,609,44.44748474102494,-121.41300506979319,0.9948084950447083
Akawa_Butte,0720,656,488,44.418081251257256,-121.45873453226379,0.9939635992050171
Akawa_Butte,0720,498,400,44.46070282358105,-121.4919923231515,0.9949619770050049
Akawa_Butte,0720,603,362,44.432378360960804,-121.50635364194393,0.9938466548919678
Akawa_Butte,0720,511,395,44.45719598535188,-121.49388197036103,0.9947487711906433
Akawa_Butte,0720,580,594,44.43858276705858,-121.41867401142177,0.869258463382721
Akawa_Butte,0720,507,388,44.458275012499314,-121.49652747645438,0.9819136261940002
Akawa_Butte,0720,368,661,44.495771205872785,-121.39335273881407,0.9817991852760315
Akawa_Butte,0720,604,569,44.43210860417395,-121.42812224746942,0.9960645437240601
Akawa_Butte,0720,542,380,44.448833524959234,-121.49955091198962,0.9975752830505371
Akawa_Butte,0720,376,600,44.493613151577904,-121.41640643477034,0.9648242592811584
Akawa_Butte,0720,580,317,44.43858276705858,-121.52336046682969,0.502252459526062
Akawa_Butte,0720,380,437,44.49253412443047,-121.478008933801,0.8561124205589294
Akawa_Butte,0720,357,624,44.498738530528236,-121.40733612816459,0.8887282609939575
Akawa_Butte,0720,603,514,44.432378360960804,-121.44890836677423,0.9979488849639893
Akawa_Butte,0720,534,641,44.45099157925411,-121.4009113276522,0.9877301454544067
Akawa_Butte,0720,513,642,44.45665647177816,-121.40053339821029,0.994136393070221
Akawa_Butte,0720,430,667,44.4790462850875,-121.39108516216264,0.9610635042190552
Akawa_Butte,0720,373,432,44.49442242193849,-121.47989858101052,0.7369494438171387
Akawa_Butte,0720,636,591,44.423476386994444,-121.41980779974749,0.9841042160987854
Akawa_Butte,0720,604,382,44.43210860417395,-121.49879505310581,0.9989514946937561
Akawa_Butte,0720,630,575,44.4250949277156,-121.42585467081798,0.9863368272781372
Akawa_Butte,0720,600,485,44.43318763132139,-121.45986832058951,0.9989652633666992
Akawa_Butte,0720,546,608,44.4477544978118,-121.41338299923508,0.9968087673187256
Akawa_Butte,0720,385,665,44.49118534049617,-121.39184102104646,0.9933992028236389
Akawa_Butte,0720,544,669,44.448294011385514,-121.39032930327883,0.6939623355865479
Akawa_Butte,0720,407,674,44.485250691185264,-121.3884396560693,0.947018563747406
Akawa_Butte,0720,410,437,44.48444142082469,-121.478008933801,0.9970670938491821
Akawa_Butte,0720,445,645,44.4749999332846,-121.39939960988457,0.9982936382293701
Akawa_Butte,0720,353,655,44.49981755767568,-121.39562031546551,0.9691956639289856
Akawa_Butte,0720,544,343,44.448294011385514,-121.51353430134014,0.9861840605735779
Akawa_Butte,0720,601,580,44.432917874534525,-121.42396502360845,0.9977466464042664
Akawa_Butte,0720,628,380,44.42563444128932,-121.49955091198962,0.9931417107582092
Akawa_Butte,0720,587,517,44.43669446955056,-121.44777457844852,0.9989462494850159
Akawa_Butte,0720,571,353,44.44101057814031,-121.50975500692108,0.9971872568130493
Akawa_Butte,0720,605,403,44.43183884738709,-121.49085853482579,0.9994288086891174
Akawa_Butte,0720,601,491,44.432917874534525,-121.45760074393807,0.9986878037452698
Akawa_Butte,0720,553,581,44.44586620030378,-121.42358709416655,0.9990844130516052
Akawa_Butte,0720,413,445,44.4836321504641,-121.47498549826574,0.9980757832527161
Akawa_Butte,0720,509,650,44.4577354989256,-121.39750996267504,0.9888917207717896
Akawa_Butte,0720,429,416,44.479316041874355,-121.48594545208101,0.9913573861122131
Akawa_Butte,0720,390,673,44.489836556561876,-121.3888175855112,0.9527480006217957
Akawa_Butte,0720,646,482,44.42077881912585,-121.46100210891522,0.9957212805747986
Akawa_Butte,0720,405,677,44.485790204758985,-121.38730586774358,0.9723464846611023
Akawa_Butte,0720,431,668,44.478776528300635,-121.39070723272074,0.9568673968315125
Akawa_Butte,0720,461,652,44.47068382469485,-121.39675410379122,0.9971609711647034
Akawa_Butte,0720,615,511,44.4291412795185,-121.45004215509995,0.9984135031700134
Akawa_Butte,0720,553,333,44.44586620030378,-121.51731359575919,0.897480309009552
Akawa_Butte,0720,564,650,44.442898875648325,-121.39750996267504,0.9714330434799194
Akawa_Butte,0720,619,502,44.428062252371056,-121.4534435200771,0.9875414967536926
Akawa_Butte,0720,613,529,44.42968079309221,-121.44323942514565,0.9981630444526672
Akawa_Butte,0720,542,612,44.448833524959234,-121.41187128146747,0.9974750876426697
Akawa_Butte,0720,621,343,44.427522738797336,-121.51353430134014,0.9976522922515869
Akawa_Butte,0720,383,613,44.49172485406989,-121.41149335202556,0.9959485530853271
Akawa_Butte,0720,503,396,44.459354039646755,-121.49350404091913,0.9940021634101868
Akawa_Butte,0720,630,468,44.4250949277156,-121.46629312110191,0.9980732798576355
Akawa_Butte,0720,452,670,44.47311163577659,-121.38995137383692,0.9713234901428223
Akawa_Butte,0720,456,649,44.47203260862915,-121.39788789211694,0.9978457689285278
Akawa_Butte,0720,639,444,44.42266711663387,-121.47536342770765,0.9990471601486206
Akawa_Butte,0720,617,384,44.42860176594478,-121.498039194222,0.998128354549408
Akawa_Butte,0720,530,344,44.45207060640155,-121.51315637189823,0.9745908975601196
Akawa_Butte,0720,638,388,44.422936873420724,-121.49652747645438,0.9980601668357849
Akawa_Butte,0720,622,342,44.42725298201048,-121.51391223078204,0.9980391263961792
Akawa_Butte,0720,631,340,44.42482517092874,-121.51466808966586,0.9965900778770447
Akawa_Butte,0720,512,620,44.45692622856502,-121.40884784593221,0.9992276430130005
Akawa_Butte,0720,514,376,44.4563867149913,-121.50106262975724,0.9572809338569641
Akawa_Butte,0720,613,319,44.42968079309221,-121.52260460794588,0.9257346987724304
Akawa_Butte,0720,678,480,44.41214660194635,-121.46175796779903,0.8971769213676453
Akawa_Butte,0720,377,477,44.49334339479105,-121.46289175612475,0.9911168217658997
Akawa_Butte,0720,374,473,44.494152665151624,-121.46440347389238,0.9919915795326233
Akawa_Butte,0720,642,344,44.42185784627329,-121.51315637189823,0.9710754752159119
Akawa_Butte,0720,537,644,44.45018230889353,-121.39977753932648,0.9824999570846558
Akawa_Butte,0720,415,687,44.48309263689039,-121.38352657332453,0.7475268244743347
Akawa_Butte,0720,570,312,44.44128033492717,-121.52525011403922,0.5439008474349976
Akawa_Butte,0720,550,600,44.44667547066436,-121.41640643477034,0.9985069036483765
Akawa_Butte,0720,612,490,44.429950549879074,-121.45797867337998,0.9970391988754272
Akawa_Butte,0720,458,648,44.47149309505543,-121.39826582155885,0.9978986382484436
Akawa_Butte,0720,596,321,44.43426665846882,-121.52184874906207,0.6800762414932251
Akawa_Butte,0720,361,668,44.4976595033808,-121.39070723272074,0.9135482311248779
Akawa_Butte,0720,546,661,44.4477544978118,-121.39335273881407,0.685690701007843
Akawa_Butte,0720,632,503,44.424555414141885,-121.4530655906352,0.9970000982284546
Akawa_Butte,0720,442,429,44.475809203645184,-121.48103236933623,0.9976521730422974
Akawa_Butte,0720,638,398,44.422936873420724,-121.49274818203531,0.9985987544059753
Akawa_Butte,0720,633,592,44.42428565735502,-121.41942987030558,0.9792468547821045
Akawa_Butte,0720,552,349,44.44613595709064,-121.51126672468871,0.9948599934577942
Akawa_Butte,0720,494,656,44.46178185072849,-121.39524238602361,0.9876368045806885
Akawa_Butte,0720,365,621,44.49658047623336,-121.40846991649032,0.9861235618591309
Akawa_Butte,0720,461,657,44.47068382469485,-121.3948644565817,0.9930290579795837
Akawa_Butte,0720,389,604,44.49010631334873,-121.41489471700271,0.9961430430412292
Akawa_Butte,0720,363,656,44.49711998980708,-121.39524238602361,0.9912962317466736
Akawa_Butte,0720,423,651,44.48093458259551,-121.39713203323313,0.9986752867698669
Akawa_Butte,0720,610,393,44.430490063452794,-121.49463782924485,0.9987695813179016
Akawa_Butte,0720,450,675,44.4736511493503,-121.3880617266274,0.9103991389274597
Akawa_Butte,0720,523,658,44.453958903909566,-121.39448652713979,0.7350969314575195
Akawa_Butte,0720,582,587,44.43804325348486,-121.42131951751512,0.9776407480239868
Akawa_Butte,0720,356,635,44.4990082873151,-121.40317890430363,0.9789516925811768
Akawa_Butte,0720,615,375,44.4291412795185,-121.50144055919915,0.9974898099899292
Akawa_Butte,0720,645,454,44.42104857591271,-121.47158413328859,0.9981570243835449
Akawa_Butte,0720,637,557,44.42320663020759,-121.43265740077229,0.9541651010513306
Akawa_Butte,0720,629,469,44.42536468450246,-121.46591519166,0.9979739785194397
Akawa_Butte,0720,389,678,44.49010631334873,-121.38692793830168,0.9352370500564575
Akawa_Butte,0720,487,384,44.4636701482365,-121.498039194222,0.5219390988349915
Akawa_Butte,0720,517,372,44.45557744463072,-121.50257434752487,0.9844784736633301
Akawa_Butte,0720,612,485,44.429950549879074,-121.45986832058951,0.9979485869407654
Akawa_Butte,0720,637,491,44.42320663020759,-121.45760074393807,0.9973679184913635
Akawa_Butte,0720,495,400,44.46151209394163,-121.4919923231515,0.9951819181442261
Akawa_Butte,0720,625,550,44.426443711649895,-121.43530290686563,0.5929683446884155
Akawa_Butte,0720,463,395,44.47014431112113,-121.49388197036103,0.9511839151382446
Akawa_Butte,0720,446,650,44.474730176497744,-121.39750996267504,0.9972377419471741
Akawa_Butte,0720,406,448,44.48552044797212,-121.47385170994002,0.9981931447982788
Akawa_Butte,0720,604,404,44.43210860417395,-121.49048060538388,0.9994911551475525
Akawa_Butte,0720,523,642,44.453958903909566,-121.40053339821029,0.9800074100494385
Akawa_Butte,0720,618,370,44.42833200915791,-121.50333020640868,0.9838669896125793
Akawa_Butte,0720,633,563,44.42428565735502,-121.43038982412085,0.9539933800697327
Akawa_Butte,0720,376,675,44.493613151577904,-121.3880617266274,0.9131935834884644
Akawa_Butte,0720,558,347,44.444517416369486,-121.51202258357252,0.9933469891548157
Akawa_Butte,0720,387,567,44.49064582692245,-121.42887810635322,0.9927142262458801
Akawa_Butte,0720,621,505,44.427522738797336,-121.45230973175138,0.9920924305915833
Akawa_Butte,0720,600,330,44.43318763132139,-121.51844738408491,0.9029197692871094
Akawa_Butte,0720,616,513,44.42887152273163,-121.44928629621614,0.9981004595756531
Akawa_Butte,0720,613,578,44.42968079309221,-121.42472088249227,0.975297749042511
Akawa_Butte,0720,537,619,44.45018230889353,-121.40922577537413,0.9978138208389282
Akawa_Butte,0720,598,590,44.4337271448951,-121.4201857291894,0.8358567357063293
Akawa_Butte,0720,372,674,44.494692178725344,-121.3884396560693,0.9212399125099182
Akawa_Butte,0720,552,649,44.44613595709064,-121.39788789211694,0.977985680103302
Akawa_Butte,0720,651,492,44.41943003519155,-121.45722281449616,0.9955741763114929
Akawa_Butte,0720,395,429,44.48848777262758,-121.48103236933623,0.8571953177452087
Akawa_Butte,0720,476,660,44.46663747289196,-121.39373066825598,0.9904700517654419
Akawa_Butte,0720,609,373,44.43075982023965,-121.50219641808296,0.9985451698303223
Akawa_Butte,0720,612,371,44.429950549879074,-121.50295227696678,0.9969124794006348
Akawa_Butte,0720,373,498,44.49442242193849,-121.45495523784473,0.9508822560310364
Akawa_Butte,0720,615,580,44.4291412795185,-121.42396502360845,0.9618809223175049
Akawa_Butte,0720,545,341,44.44802425459866,-121.51429016022395,0.9806338548660278
Akawa_Butte,0720,658,445,44.417541737683536,-121.47498549826574,0.9962657690048218
Akawa_Butte,0720,469,665,44.46852577039998,-121.39184102104646,0.9864102005958557
Akawa_Butte,0720,548,603,44.44721498423808,-121.41527264644462,0.9982647895812988
Akawa_Butte,0720,348,640,44.501166341609974,-121.4012892570941,0.863369345664978
Akawa_Butte,0720,539,604,44.44964279531981,-121.41489471700271,0.9986639022827148
Akawa_Butte,0720,376,481,44.493613151577904,-121.46138003835713,0.9898219108581543
Akawa_Butte,0720,581,596,44.43831301027171,-121.41791815253796,0.7132877111434937
Akawa_Butte,0720,556,584,44.4450569299432,-121.42245330584083,0.9987441897392273
Akawa_Butte,0720,583,340,44.43777349669799,-121.51466808966586,0.9898282289505005
Akawa_Butte,0720,644,445,44.42131833269957,-121.47498549826574,0.998432457447052
Akawa_Butte,0720,662,468,44.416462710536095,-121.46629312110191,0.6366250514984131
Akawa_Butte,0720,380,467,44.49253412443047,-121.46667105054381,0.9968355298042297
Akawa_Butte,0720,381,617,44.49226436764361,-121.40998163425793,0.9964205026626587
Akawa_Butte,0720,524,376,44.4536891471227,-121.50106262975724,0.9949854612350464
Akawa_Butte,0720,549,649,44.44694522745122,-121.39788789211694,0.9640241861343384
Akawa_Butte,0720,592,590,44.43534568561626,-121.4201857291894,0.8626018762588501
Akawa_Butte,0720,645,439,44.42104857591271,-121.47725307491717,0.9987733960151672
Akawa_Butte,0720,603,329,44.432378360960804,-121.51882531352682,0.9191218614578247
Akawa_Butte,0720,644,385,44.42131833269957,-121.49766126478009,0.9897096753120422
Akawa_Butte,0720,531,622,44.45180084961469,-121.40809198704841,0.997974693775177
Akawa_Butte,0720,608,490,44.43102957702651,-121.45797867337998,0.9980623722076416
Akawa_Butte,0720,644,477,44.42131833269957,-121.46289175612475,0.9965519309043884
Akawa_Butte,0720,597,336,44.433996901681965,-121.51617980743347,0.9755526185035706
Akawa_Butte,0720,432,676,44.47850677151378,-121.38768379718549,0.911853015422821
Akawa_Butte,0720,601,398,44.432917874534525,-121.49274818203531,0.9994193911552429
Akawa_Butte,0720,617,334,44.42860176594478,-121.5169356663173,0.9898031949996948
Akawa_Butte,0720,396,670,44.488218015840715,-121.38995137383692,0.9747121334075928
Akawa_Butte,0720,388,488,44.490376070135596,-121.45873453226379,0.9954685568809509
Akawa_Butte,0720,381,490,44.49226436764361,-121.45797867337998,0.9881134629249573
Akawa_Butte,0720,572,354,44.44074082135345,-121.50937707747917,0.99753737449646
Akawa_Butte,0720,595,347,44.434536415255685,-121.51202258357252,0.9957365393638611
Akawa_Butte,0720,360,670,44.49792926016766,-121.38995137383692,0.9049192667007446
Akawa_Butte,0720,609,583,44.43075982023965,-121.42283123528273,0.9380438923835754
Akawa_Butte,0720,466,393,44.469335040760555,-121.49463782924485,0.9547552466392517
Akawa_Butte,0720,618,483,44.42833200915791,-121.46062417947331,0.9974117875099182
Akawa_Butte,0720,627,507,44.42590419807618,-121.45155387286758,0.995964765548706
Akawa_Butte,0720,519,628,44.455037931057,-121.40582441039697,0.9983143210411072
Akawa_Butte,0720,575,323,44.439931550992874,-121.52109289017825,0.5832559466362
Akawa_Butte,0720,469,392,44.46852577039998,-121.49501575868675,0.9550320506095886
Akawa_Butte,0720,433,679,44.478237014726915,-121.38655000885977,0.843297004699707
Akawa_Butte,0720,612,323,44.429950549879074,-121.52109289017825,0.9444677233695984
Akawa_Butte,0720,441,673,44.47607896043204,-121.3888175855112,0.9544833898544312
Akawa_Butte,0720,383,511,44.49172485406989,-121.45004215509995,0.9905003309249878
Akawa_Butte,0720,639,598,44.42266711663387,-121.41716229365414,0.9822264313697815
Akawa_Butte,0720,626,560,44.42617395486304,-121.43152361244657,0.8438224196434021
Akawa_Butte,0720,469,404,44.46852577039998,-121.49048060538388,0.9969453811645508
Akawa_Butte,0720,446,646,44.474730176497744,-121.39902168044266,0.9982777237892151
Akawa_Butte,0720,594,347,44.43480617204254,-121.51202258357252,0.9954744577407837
Akawa_Butte,0720,641,455,44.42212760306015,-121.47120620384668,0.9982626438140869
Akawa_Butte,0720,504,651,44.4590842828599,-121.39713203323313,0.9936584830284119
Akawa_Butte,0720,602,320,44.43264811774767,-121.52222667850397,0.7916699051856995
Akawa_Butte,0720,553,324,44.44586620030378,-121.52071496073636,0.7133244276046753
Akawa_Butte,0720,534,341,44.45099157925411,-121.51429016022395,0.942554771900177
Akawa_Butte,0720,605,330,44.43183884738709,-121.51844738408491,0.9411320090293884
Akawa_Butte,0720,630,485,44.4250949277156,-121.45986832058951,0.9891207218170166
Akawa_Butte,0720,391,573,44.48956679977501,-121.42661052970179,0.9953382015228271
Akawa_Butte,0720,609,551,44.43075982023965,-121.43492497742372,0.9951341152191162
Akawa_Butte,0720,547,586,44.44748474102494,-121.42169744695701,0.9988558888435364
Akawa_Butte,0720,508,644,44.45800525571246,-121.39977753932648,0.9934223294258118
Akawa_Butte,0720,465,674,44.46960479754741,-121.3884396560693,0.9546486735343933
Akawa_Butte,0720,371,493,44.4949619355122,-121.45684488505427,0.9339646100997925
Akawa_Butte,0720,483,671,44.46474917538394,-121.38957344439501,0.9740656018257141
Akawa_Butte,0720,350,645,44.50062682803625,-121.39939960988457,0.9170131683349609
Akawa_Butte,0720,509,637,44.4577354989256,-121.40242304541982,0.9981955289840698
Akawa_Butte,0720,643,462,44.42158808948643,-121.46856069775335,0.997944176197052
Akawa_Butte,0720,598,517,44.4337271448951,-121.44777457844852,0.9986976385116577
Akawa_Butte,0720,477,658,44.4663677161051,-121.39448652713979,0.9936859011650085
Akawa_Butte,0720,458,663,44.47149309505543,-121.39259687993027,0.9858339428901672
Akawa_Butte,0720,631,498,44.42482517092874,-121.45495523784473,0.9977341294288635
Akawa_Butte,0720,530,629,44.45207060640155,-121.40544648095506,0.9956114888191223
Akawa_Butte,0720,617,586,44.42860176594478,-121.42169744695701,0.924014151096344
Akawa_Butte,0720,620,546,44.42779249558419,-121.43681462463326,0.9895397424697876
Akawa_Butte,0720,561,587,44.4437081460089,-121.42131951751512,0.9981623888015747
Akawa_Butte,0720,390,481,44.489836556561876,-121.46138003835713,0.9965877532958984
Akawa_Butte,0720,532,391,44.45153109282783,-121.49539368812866,0.9973692893981934
Akawa_Butte,0720,618,515,44.42833200915791,-121.44853043733234,0.9975910186767578
Akawa_Butte,0720,410,436,44.48444142082469,-121.47838686324289,0.9967029094696045
Akawa_Butte,0720,421,438,44.48147409616923,-121.47763100435908,0.9980636239051819
Akawa_Butte,0720,616,468,44.42887152273163,-121.46629312110191,0.9990294575691223
Akawa_Butte,0720,428,666,44.47958579866121,-121.39146309160455,0.9691567420959473
Akawa_Butte,0720,390,460,44.489836556561876,-121.46931655663715,0.998185396194458
Akawa_Butte,0720,500,385,44.46016331000733,-121.49766126478009,0.9457863569259644
Akawa_Butte,0720,526,347,44.45314963354899,-121.51202258357252,0.9851886034011841
Akawa_Butte,0720,387,668,44.49064582692245,-121.39070723272074,0.9878548383712769
Akawa_Butte,0720,401,446,44.48686923190642,-121.47460756882384,0.9980185627937317
Akawa_Butte,0720,591,353,44.43561544240312,-121.50975500692108,0.9961358904838562
Akawa_Butte,0720,589,501,44.43615495597684,-121.45382144951901,0.9988105297088623
Akawa_Butte,0720,374,502,44.494152665151624,-121.4534435200771,0.9274689555168152
Akawa_Butte,0720,626,340,44.42617395486304,-121.51466808966586,0.9964930415153503
Akawa_Butte,0720,386,595,44.49091558370931,-121.41829608197986,0.992098867893219
Akawa_Butte,0720,371,654,44.4949619355122,-121.39599824490742,0.9963767528533936
Akawa_Butte,0720,658,458,44.417541737683536,-121.47007241552096,0.9862213730812073
Akawa_Butte,0720,391,580,44.48956679977501,-121.42396502360845,0.9938466548919678
Akawa_Butte,0720,618,394,44.42833200915791,-121.49425989980294,0.9988963603973389
Akawa_Butte,0720,358,657,44.49846877374138,-121.3948644565817,0.9737450480461121
Akawa_Butte,0720,511,621,44.45719598535188,-121.40846991649032,0.9992392659187317
Akawa_Butte,0720,637,503,44.42320663020759,-121.4530655906352,0.9963505864143372
Akawa_Butte,0720,406,680,44.48552044797212,-121.38617207941786,0.9629065990447998
Akawa_Butte,0720,348,642,44.501166341609974,-121.40053339821029,0.8254812955856323
Akawa_Butte,0720,622,462,44.42725298201048,-121.46856069775335,0.9992773532867432
Akawa_Butte,0720,624,348,44.42671346843676,-121.5116446541306,0.9950154423713684
Akawa_Butte,0720,618,369,44.42833200915791,-121.50370813585059,0.9815707206726074
Akawa_Butte,0720,468,404,44.468795527186835,-121.49048060538388,0.9969462752342224
Akawa_Butte,0720,598,500,44.4337271448951,-121.45419937896092,0.9984246492385864
Akawa_Butte,0720,659,474,44.41727198089668,-121.46402554445048,0.9734097719192505
Akawa_Butte,0720,549,588,44.44694522745122,-121.4209415880732,0.9986920952796936
Akawa_Butte,0720,381,515,44.49226436764361,-121.44853043733234,0.9700107574462891
Akawa_Butte,0720,461,641,44.47068382469485,-121.4009113276522,0.9985604882240295
Akawa_Butte,0720,600,508,44.43318763132139,-121.45117594342567,0.9979822635650635
Akawa_Butte,0720,372,683,44.494692178725344,-121.38503829109214,0.8613499402999878
Akawa_Butte,0720,649,496,44.41996954876527,-121.45571109672855,0.9958272576332092
Akawa_Butte,0720,641,543,44.42212760306015,-121.43794841295897,0.533079981803894
Akawa_Butte,0720,526,655,44.45314963354899,-121.39562031546551,0.8918909430503845
Akawa_Butte,0720,356,668,44.4990082873151,-121.39070723272074,0.9041476249694824
Akawa_Butte,0720,669,402,44.414574413028085,-121.49123646426769,0.9874653220176697
Akawa_Butte,0720,599,552,44.433457388108245,-121.43454704798181,0.9984210133552551
Akawa_Butte,0720,632,483,44.424555414141885,-121.46062417947331,0.9917654991149902
Akawa_Butte,0720,529,369,44.452340363188405,-121.50370813585059,0.9952308535575867
Akawa_Butte,0720,514,615,44.4563867149913,-121.41073749314175,0.9993348717689514
Akawa_Butte,0720,386,475,44.49091558370931,-121.46364761500857,0.9970253109931946
Akawa_Butte,0720,623,481,44.426983225223616,-121.46138003835713,0.9971402883529663
Akawa_Butte,0720,365,625,44.49658047623336,-121.40695819872269,0.9941815733909607
Akawa_Butte,0720,503,379,44.459354039646755,-121.49992884143153,0.8544559478759766
Akawa_Butte,0720,609,508,44.43075982023965,-121.45117594342567,0.9982711672782898
Akawa_Butte,0720,455,668,44.472302365416006,-121.39070723272074,0.9805576801300049
Akawa_Butte,0720,580,332,44.43858276705858,-121.5176915252011,0.8547157049179077
Akawa_Butte,0720,570,599,44.44128033492717,-121.41678436421223,0.8286407589912415
Akawa_Butte,0720,383,662,44.49172485406989,-121.39297480937218,0.9965739250183105
Akawa_Butte,0720,610,508,44.430490063452794,-121.45117594342567,0.9978636503219604
Akawa_Butte,0720,388,559,44.490376070135596,-121.43190154188848,0.9953933358192444
Akawa_Butte,0720,614,512,44.42941103630535,-121.44966422565805,0.9987912774085999
Akawa_Butte,0720,416,445,44.48282288010353,-121.47498549826574,0.9978770613670349
Akawa_Butte,0720,614,559,44.42941103630535,-121.43190154188848,0.9934334754943848
Akawa_Butte,0720,650,467,44.41969979197841,-121.46667105054381,0.9964433908462524
Akawa_Butte,0720,613,560,44.42968079309221,-121.43152361244657,0.9934150576591492
Akawa_Butte,0720,567,652,44.44208960528775,-121.39675410379122,0.9802112579345703
Akawa_Butte,0720,527,652,44.452879876762125,-121.39675410379122,0.9308270215988159
Akawa_Butte,0720,661,458,44.41673246732296,-121.47007241552096,0.781198263168335
Akawa_Butte,0720,507,650,44.458275012499314,-121.39750996267504,0.9909780025482178
Akawa_Butte,0720,587,516,44.43669446955056,-121.44815250789043,0.9989061951637268
Akawa_Butte,0720,501,639,44.459893553220475,-121.401667186536,0.9982748627662659
Akawa_Butte,0720,384,578,44.49145509728303,-121.42472088249227,0.9720557928085327
Akawa_Butte,0720,661,460,44.41673246732296,-121.46931655663715,0.7868219017982483
Akawa_Butte,0720,366,642,44.496310719446505,-121.40053339821029,0.9958969354629517
Akawa_Butte,0720,511,627,44.45719598535188,-121.40620233983887,0.9988291263580322
Akawa_Butte,0720,561,324,44.4437081460089,-121.52071496073636,0.6835814714431763
Akawa_Butte,0720,370,462,44.495231692299065,-121.46856069775335,0.9894802570343018
Akawa_Butte,0720,377,487,44.49334339479105,-121.4591124617057,0.9817058444023132
Akawa_Butte,0720,372,472,44.494692178725344,-121.46478140333429,0.9838038682937622
Akawa_Butte,0720,637,591,44.42320663020759,-121.41980779974749,0.9852522611618042
Akawa_Butte,0720,508,617,44.45800525571246,-121.40998163425793,0.9993126392364502
Akawa_Butte,0720,489,658,44.46313063466279,-121.39448652713979,0.9909423589706421
Akawa_Butte,0720,624,471,44.42671346843676,-121.4651593327762,0.998375654220581
Akawa_Butte,0720,613,497,44.42968079309221,-121.45533316728664,0.9938661456108093
Akawa_Butte,0720,625,588,44.426443711649895,-121.4209415880732,0.9779605269432068
Akawa_Butte,0720,618,620,44.42833200915791,-121.40884784593221,0.5955889225006104
Akawa_Butte,0720,635,394,44.4237461437813,-121.49425989980294,0.9984803795814514
Akawa_Butte,0720,649,506,44.41996954876527,-121.45193180230949,0.9740675687789917
Akawa_Butte,0720,627,347,44.42590419807618,-121.51202258357252,0.9926667809486389
Akawa_Butte,0720,426,658,44.48012531223493,-121.39448652713979,0.9939103722572327
Akawa_Butte,0720,659,472,44.41727198089668,-121.46478140333429,0.9710706472396851
Akawa_Butte,0720,359,630,44.498199016954516,-121.40506855151315,0.983862578868866
Akawa_Butte,0720,548,637,44.44721498423808,-121.40242304541982,0.9147862195968628
Akawa_Butte,0720,364,660,44.49685023302022,-121.39373066825598,0.9738885760307312
Akawa_Butte,0720,642,407,44.42185784627329,-121.48934681705816,0.9988687634468079
Akawa_Butte,0720,366,635,44.496310719446505,-121.40317890430363,0.995780885219574
Akawa_Butte,0720,382,469,44.49199461085675,-121.46591519166,0.9973387718200684
Akawa_Butte,0720,358,675,44.49846877374138,-121.3880617266274,0.7228991985321045
Akawa_Butte,0720,573,337,44.440471064566594,-121.51580187799158,0.9670435786247253
Akawa_Butte,0720,601,367,44.432917874534525,-121.5044639947344,0.9975193738937378
Akawa_Butte,0720,453,416,44.472841878989726,-121.48594545208101,0.9973238110542297
Akawa_Butte,0720,380,415,44.49253412443047,-121.48632338152292,0.5728834867477417
Akawa_Butte,0720,634,507,44.424015900568165,-121.45155387286758,0.992978036403656
Akawa_Butte,0720,624,508,44.42671346843676,-121.45117594342567,0.9958919286727905
Akawa_Butte,0720,548,342,44.44721498423808,-121.51391223078204,0.9836047291755676
Akawa_Butte,0720,379,594,44.49280388121733,-121.41867401142177,0.9560648202896118
Akawa_Butte,0720,625,519,44.426443711649895,-121.44701871956471,0.8486974835395813
Akawa_Butte,0720,618,474,44.42833200915791,-121.46402554445048,0.9984101057052612
Akawa_Butte,0720,390,508,44.489836556561876,-121.45117594342567,0.9967206716537476
Akawa_Butte,0720,425,431,44.480395069021796,-121.48027651045243,0.9972706437110901
Akawa_Butte,0720,628,332,44.42563444128932,-121.5176915252011,0.992635190486908
Akawa_Butte,0720,603,585,44.432378360960804,-121.42207537639892,0.9638816118240356
Akawa_Butte,0720,593,579,44.4350759288294,-121.42434295305036,0.9981042146682739
Akawa_Butte,0720,403,683,44.486329718332705,-121.38503829109214,0.935090184211731
Akawa_Butte,0720,629,612,44.42536468450246,-121.41187128146747,0.9722152352333069
Akawa_Butte,0720,564,338,44.442898875648325,-121.51542394854967,0.9790863394737244
Akawa_Butte,0720,543,599,44.44856376817238,-121.41678436421223,0.998658299446106
Akawa_Butte,0720,661,411,44.41673246732296,-121.48783509929054,0.9979602098464966
Akawa_Butte,0720,625,347,44.426443711649895,-121.51202258357252,0.9963520765304565
Akawa_Butte,0720,388,607,44.490376070135596,-121.413760928677,0.9954479932785034
Akawa_Butte,0720,435,665,44.4776975011532,-121.39184102104646,0.9598827958106995
Akawa_Butte,0720,375,551,44.49388290836477,-121.43492497742372,0.6944405436515808
Akawa_Butte,0720,492,390,44.462321364302205,-121.49577161757057,0.9735235571861267
Akawa_Butte,0720,555,346,44.44532668673006,-121.51240051301443,0.9911687970161438
Akawa_Butte,0720,648,505,44.42023930555213,-121.45230973175138,0.9878485798835754
Akawa_Butte,0720,485,409,44.46420966181022,-121.48859095817436,0.9981338381767273
Akawa_Butte,0720,643,581,44.42158808948643,-121.42358709416655,0.9872143268585205
Akawa_Butte,0720,347,664,44.50143609839683,-121.39221895048836,0.6209428906440735
Akawa_Butte,0720,592,494,44.43534568561626,-121.45646695561236,0.9988662004470825
Akawa_Butte,0720,539,352,44.44964279531981,-121.510132936363,0.9970811009407043
Akawa_Butte,0720,406,429,44.48552044797212,-121.48103236933623,0.9922661185264587
Akawa_Butte,0720,384,682,44.49145509728303,-121.38541622053405,0.7831501364707947
Akawa_Butte,0720,497,636,44.46097258036791,-121.40280097486172,0.9984784722328186
Akawa_Butte,0720,526,381,44.45314963354899,-121.49917298254772,0.9961481094360352
Akawa_Butte,0720,378,624,44.49307363800419,-121.40733612816459,0.9972864985466003
Akawa_Butte,0720,405,660,44.485790204758985,-121.39373066825598,0.9981066584587097
Akawa_Butte,0720,598,337,44.4337271448951,-121.51580187799158,0.9839746952056885
Akawa_Butte,0720,580,508,44.43858276705858,-121.45117594342567,0.9992961883544922
Akawa_Butte,0720,620,482,44.42779249558419,-121.46100210891522,0.9973618984222412
Akawa_Butte,0720,606,547,44.43156909060023,-121.43643669519135,0.997599184513092
Akawa_Butte,0720,604,396,44.43210860417395,-121.49350404091913,0.9992592334747314
Akawa_Butte,0720,625,379,44.426443711649895,-121.49992884143153,0.996300458908081
Akawa_Butte,0720,398,448,44.487678502267,-121.47385170994002,0.9981852173805237
Akawa_Butte,0720,472,660,44.4677165000394,-121.39373066825598,0.9891905784606934
Akawa_Butte,0720,573,331,44.440471064566594,-121.51806945464301,0.7341088652610779
Akawa_Butte,0720,622,347,44.42725298201048,-121.51202258357252,0.9975405335426331
Akawa_Butte,0720,605,327,44.43183884738709,-121.51958117241064,0.9281190037727356
Akawa_Butte,0720,621,344,44.427522738797336,-121.51315637189823,0.9977228045463562
Akawa_Butte,0720,659,394,44.41727198089668,-121.49425989980294,0.995354413986206
Akawa_Butte,0720,586,357,44.436964226337416,-121.50824328915346,0.9937941431999207
Akawa_Butte,0720,598,584,44.4337271448951,-121.42245330584083,0.9913811683654785
Akawa_Butte,0720,553,363,44.44586620030378,-121.50597571250202,0.9981591701507568
Akawa_Butte,0720,349,661,44.50089658482311,-121.39335273881407,0.8891698718070984
Akawa_Butte,0720,608,396,44.43102957702651,-121.49350404091913,0.9990519881248474
Akawa_Butte,0720,544,363,44.448294011385514,-121.50597571250202,0.9979838132858276
Akawa_Butte,0720,532,393,44.45153109282783,-121.49463782924485,0.9976449012756348
Akawa_Butte,0720,524,351,44.4536891471227,-121.51051086580489,0.9923932552337646
Akawa_Butte,0720,531,353,44.45180084961469,-121.50975500692108,0.9958536624908447
Akawa_Butte,0720,370,614,44.495231692299065,-121.41111542258365,0.9858859181404114
Akawa_Butte,0720,553,337,44.44586620030378,-121.51580187799158,0.9761343598365784
Akawa_Butte,0720,549,646,44.44694522745122,-121.39902168044266,0.970501184463501
Akawa_Butte,0720,575,331,44.439931550992874,-121.51806945464301,0.7692521810531616
Akawa_Butte,0720,565,595,44.44262911886147,-121.41829608197986,0.9870818853378296
Akawa_Butte,0720,672,405,44.4137651426675,-121.49010267594197,0.8871321678161621
Akawa_Butte,0720,509,618,44.4577354989256,-121.40960370481604,0.9992831945419312
Akawa_Butte,0720,459,672,44.47122333826857,-121.38919551495312,0.9736776947975159
Akawa_Butte,0720,590,494,44.43588519918998,-121.45646695561236,0.9988573789596558
Akawa_Butte,0720,567,352,44.44208960528775,-121.510132936363,0.9970455765724182
Akawa_Butte,0720,554,619,44.44559644351692,-121.40922577537413,0.7531378269195557
Akawa_Butte,0720,616,491,44.42887152273163,-121.45760074393807,0.9948186874389648
Akawa_Butte,0720,675,421,44.412955872306924,-121.48405580487149,0.5641910433769226
Akawa_Butte,0720,632,587,44.424555414141885,-121.42131951751512,0.9816541075706482
Akawa_Butte,0720,535,363,44.45072182246725,-121.50597571250202,0.9969053864479065
Akawa_Butte,0720,594,410,44.43480617204254,-121.48821302873245,0.9994285702705383
Akawa_Butte,0720,606,565,44.43156909060023,-121.42963396523704,0.9960699081420898
Akawa_Butte,0720,350,642,44.50062682803625,-121.40053339821029,0.9284251928329468
Akawa_Butte,0720,470,668,44.468256013613114,-121.39070723272074,0.9695051908493042
Akawa_Butte,0720,635,557,44.4237461437813,-121.43265740077229,0.9634779095649719
Akawa_Butte,0720,600,504,44.43318763132139,-121.4526876611933,0.9979934096336365
Akawa_Butte,0720,623,509,44.426983225223616,-121.45079801398377,0.9952852129936218
Akawa_Butte,0720,562,346,44.443438389222045,-121.51240051301443,0.9930856227874756
Akawa_Butte,0720,659,428,44.41727198089668,-121.48141029877814,0.9979920983314514
Akawa_Butte,0720,593,402,44.4350759288294,-121.49123646426769,0.9992119669914246
Akawa_Butte,0720,615,515,44.4291412795185,-121.44853043733234,0.9978024959564209
Akawa_Butte,0720,384,507,44.49145509728303,-121.45155387286758,0.9929838180541992
Akawa_Butte,0720,476,404,44.46663747289196,-121.49048060538388,0.9960913062095642
Akawa_Butte,0720,368,451,44.495771205872785,-121.4727179216143,0.9402077198028564
Akawa_Butte,0720,536,618,44.450452065680395,-121.40960370481604,0.9978712797164917
Akawa_Butte,0720,659,485,44.41727198089668,-121.45986832058951,0.9905886054039001
Akawa_Butte,0720,438,412,44.47688823079262,-121.48745716984864,0.99577397108078
Akawa_Butte,0720,667,393,44.4151139266018,-121.49463782924485,0.9335797429084778
Akawa_Butte,0720,603,553,44.432378360960804,-121.43416911853991,0.9981541037559509
Akawa_Butte,0720,632,564,44.424555414141885,-121.43001189467894,0.9620411396026611
Akawa_Butte,0720,371,443,44.4949619355122,-121.47574135714956,0.9255960583686829
Akawa_Butte,0720,447,666,44.47446041971089,-121.39146309160455,0.9776930809020996
Akawa_Butte,0720,624,527,44.42671346843676,-121.44399528402946,0.5911750793457031
Akawa_Butte,0720,606,553,44.43156909060023,-121.43416911853991,0.9976043105125427
Akawa_Butte,0720,660,500,44.417002224109815,-121.45419937896092,0.9915058016777039
Akawa_Butte,0720,497,641,44.46097258036791,-121.4009113276522,0.9981071352958679
Akawa_Butte,0720,549,341,44.44694522745122,-121.51429016022395,0.9812019467353821
Akawa_Butte,0720,383,502,44.49172485406989,-121.4534435200771,0.9924377799034119
Akawa_Butte,0720,382,460,44.49199461085675,-121.46931655663715,0.9973490834236145
Akawa_Butte,0720,651,425,44.41943003519155,-121.48254408710386,0.9989255666732788
Akawa_Butte,0720,397,681,44.48794825905386,-121.38579414997596,0.9078126549720764
Akawa_Butte,0720,372,499,44.494692178725344,-121.45457730840283,0.9085581302642822
Akawa_Butte,0720,659,480,44.41727198089668,-121.46175796779903,0.9889302849769592
Akawa_Butte,0720,522,349,44.45422866069642,-121.51126672468871,0.9884528517723083
Akawa_Butte,0720,377,508,44.49334339479105,-121.45117594342567,0.9296551942825317
Akawa_Butte,0720,545,385,44.44802425459866,-121.49766126478009,0.9978471994400024
Akawa_Butte,0720,551,331,44.446405713877496,-121.51806945464301,0.717555820941925
Akawa_Butte,0720,558,595,44.444517416369486,-121.41829608197986,0.9971403479576111
Akawa_Butte,0720,671,420,44.414034899454364,-121.48443373431338,0.9748504757881165
Akawa_Butte,0720,631,586,44.42482517092874,-121.42169744695701,0.984552264213562
Akawa_Butte,0720,438,652,44.47688823079262,-121.39675410379122,0.9976422190666199
Akawa_Butte,0720,350,654,44.50062682803625,-121.39599824490742,0.9624416828155518
Akawa_Butte,0720,623,332,44.426983225223616,-121.5176915252011,0.9908890128135681
Akawa_Butte,0720,651,493,44.41943003519155,-121.45684488505427,0.9953035116195679
Akawa_Butte,0720,377,620,44.49334339479105,-121.40884784593221,0.9952557682991028
Akawa_Butte,0720,382,499,44.49199461085675,-121.45457730840283,0.9902596473693848
Akawa_Butte,0720,654,502,44.418620764830976,-121.4534435200771,0.9896155595779419
Akawa_Butte,0720,639,488,44.42266711663387,-121.45873453226379,0.9982262849807739
Akawa_Butte,0720,611,548,44.43022030666593,-121.43605876574944,0.9910063743591309
Akawa_Butte,0720,611,398,44.43022030666593,-121.49274818203531,0.9991449117660522
Akawa_Butte,0720,599,556,44.433457388108245,-121.4330353302142,0.9982713460922241
Akawa_Butte,0720,637,509,44.42320663020759,-121.45079801398377,0.9830824136734009
Akawa_Butte,0720,604,527,44.43210860417395,-121.44399528402946,0.998399555683136
Akawa_Butte,0720,593,381,44.4350759288294,-121.49917298254772,0.9992187023162842
Akawa_Butte,0720,575,337,44.439931550992874,-121.51580187799158,0.9823570251464844
Akawa_Butte,0720,638,383,44.422936873420724,-121.4984171236639,0.9904308319091797
Akawa_Butte,0720,603,519,44.432378360960804,-121.44701871956471,0.998103141784668
Akawa_Butte,0720,608,322,44.43102957702651,-121.52147081962016,0.9018266797065735
Akawa_Butte,0720,668,431,44.41484416981494,-121.48027651045243,0.97216796875
Akawa_Butte,0720,444,405,44.475269690071464,-121.49010267594197,0.9877864122390747
Akawa_Butte,0720,481,669,44.46528868895766,-121.39032930327883,0.9794291853904724
Akawa_Butte,0720,553,328,44.44586620030378,-121.51920324296873,0.7995907664299011
Akawa_Butte,0720,383,451,44.49172485406989,-121.4727179216143,0.9950132369995117
Akawa_Butte,0720,614,373,44.42941103630535,-121.50219641808296,0.9975921511650085
Akawa_Butte,0720,423,671,44.48093458259551,-121.38957344439501,0.9559786319732666
Akawa_Butte,0720,609,535,44.43075982023965,-121.44097184849421,0.9979011416435242
Akawa_Butte,0720,530,357,44.45207060640155,-121.50824328915346,0.9948365092277527
Akawa_Butte,0720,575,504,44.439931550992874,-121.4526876611933,0.9994608163833618
Akawa_Butte,0720,369,658,44.49550144908592,-121.39448652713979,0.9946161508560181
Akawa_Butte,0720,432,647,44.47850677151378,-121.39864375100076,0.9985407590866089
Akawa_Butte,0720,380,624,44.49253412443047,-121.40733612816459,0.9972888827323914
Akawa_Butte,0720,556,646,44.4450569299432,-121.39902168044266,0.8922327756881714
Akawa_Butte,0720,374,490,44.494152665151624,-121.45797867337998,0.9771694540977478
Akawa_Butte,0720,500,636,44.46016331000733,-121.40280097486172,0.9984436631202698
Akawa_Butte,0720,518,655,44.45530768784386,-121.39562031546551,0.9596373438835144
Akawa_Butte,0720,594,378,44.43480617204254,-121.50030677087344,0.9991863965988159
Akawa_Butte,0720,393,679,44.4890272862013,-121.38655000885977,0.9252241253852844
Akawa_Butte,0720,599,363,44.433457388108245,-121.50597571250202,0.995027482509613
Akawa_Butte,0720,562,319,44.443438389222045,-121.52260460794588,0.5692043900489807
Akawa_Butte,0720,598,354,44.4337271448951,-121.50937707747917,0.994376003742218
Akawa_Butte,0720,457,665,44.47176285184229,-121.39184102104646,0.9830313920974731
Akawa_Butte,0720,604,570,44.43210860417395,-121.42774431802751,0.9970157146453857
Akawa_Butte,0720,381,572,44.49226436764361,-121.4269884591437,0.9345846772193909
Akawa_Butte,0720,593,497,44.4350759288294,-121.45533316728664,0.9987151026725769
Akawa_Butte,0720,635,566,44.4237461437813,-121.42925603579513,0.9836312532424927
Akawa_Butte,0720,378,613,44.49307363800419,-121.41149335202556,0.9915337562561035
Akawa_Butte,0720,538,368,44.449912552106674,-121.5040860652925,0.9976046085357666
Akawa_Butte,0720,470,388,44.468256013613114,-121.49652747645438,0.5119923949241638
Akawa_Butte,0720,378,562,44.49307363800419,-121.43076775356276,0.8914111852645874
Akawa_Butte,0720,584,560,44.437503739911136,-121.43152361244657,0.9990050196647644
Akawa_Butte,0720,636,463,44.423476386994444,-121.46818276831144,0.998033344745636
Akawa_Butte,0720,608,340,44.43102957702651,-121.51466808966586,0.9968068599700928
Akawa_Butte,0720,399,495,44.48740874548014,-121.45608902617045,0.9982701539993286
Akawa_Butte,0720,514,365,44.4563867149913,-121.50521985361821,0.9355868101119995
Akawa_Butte,0720,406,661,44.48552044797212,-121.39335273881407,0.9979706406593323
Akawa_Butte,0720,524,346,44.4536891471227,-121.51240051301443,0.9731894135475159
Akawa_Butte,0720,607,322,44.43129933381337,-121.52147081962016,0.895700216293335
Akawa_Butte,0720,650,507,44.41969979197841,-121.45155387286758,0.966376006603241
Akawa_Butte,0720,585,356,44.43723398312428,-121.50862121859537,0.9936224222183228
Akawa_Butte,0720,657,459,44.41781149447039,-121.46969448607906,0.9901853799819946
Akawa_Butte,0720,375,485,44.49388290836477,-121.45986832058951,0.9785233736038208
Akawa_Butte,0720,522,366,44.45422866069642,-121.5048419241763,0.9947097897529602
Akawa_Butte,0720,633,580,44.42428565735502,-121.42396502360845,0.9833018779754639
Akawa_Butte,0720,457,650,44.47176285184229,-121.39750996267504,0.9978975653648376
Akawa_Butte,0720,639,588,44.42266711663387,-121.4209415880732,0.9727095365524292
Akawa_Butte,0720,648,438,44.42023930555213,-121.47763100435908,0.9984365701675415
Akawa_Butte,0720,535,389,44.45072182246725,-121.49614954701246,0.9973922371864319
Akawa_Butte,0720,402,670,44.48659947511956,-121.38995137383692,0.9623490571975708
Akawa_Butte,0720,374,433,44.494152665151624,-121.4795206515686,0.6641461253166199
Akawa_Butte,0720,658,397,44.417541737683536,-121.49312611147722,0.9975331425666809
Akawa_Butte,0720,464,676,44.469874554334275,-121.38768379718549,0.7898882031440735
Akawa_Butte,0720,467,407,44.4690652839737,-121.48934681705816,0.997360348701477
Akawa_Butte,0720,510,656,44.45746574213874,-121.39524238602361,0.9742814302444458
Akawa_Butte,0720,382,464,44.49199461085675,-121.46780483886953,0.9975265860557556
Akawa_Butte,0720,617,548,44.42860176594478,-121.43605876574944,0.9609801173210144
Akawa_Butte,0720,540,607,44.449373038532954,-121.413760928677,0.9982284903526306
Akawa_Butte,0720,484,673,44.46447941859709,-121.3888175855112,0.9320951700210571
Akawa_Butte,0720,557,650,44.44478717315634,-121.39750996267504,0.9576413631439209
Akawa_Butte,0720,646,408,44.42077881912585,-121.48896888761625,0.9987495541572571
Akawa_Butte,0720,622,574,44.42725298201048,-121.42623260025988,0.9580947160720825
Akawa_Butte,0720,608,515,44.43102957702651,-121.44853043733234,0.9980754852294922
Akawa_Butte,0720,501,656,44.459893553220475,-121.39524238602361,0.9883153438568115
Akawa_Butte,0720,626,378,44.42617395486304,-121.50030677087344,0.9917157888412476
Akawa_Butte,0720,591,357,44.43561544240312,-121.50824328915346,0.9955461025238037
Akawa_Butte,0720,536,613,44.450452065680395,-121.41149335202556,0.9980682134628296
Akawa_Butte,0720,617,330,44.42860176594478,-121.51844738408491,0.9848343133926392
Akawa_Butte,0720,404,681,44.48605996154584,-121.38579414997596,0.9471582174301147
Akawa_Butte,0720,545,620,44.44802425459866,-121.40884784593221,0.9889830946922302
Akawa_Butte,0720,617,332,44.42860176594478,-121.5176915252011,0.9878000617027283
Akawa_Butte,0720,468,401,44.468795527186835,-121.4916143937096,0.9966409206390381
Akawa_Butte,0720,612,358,44.429950549879074,-121.50786535971154,0.9776768088340759
Akawa_Butte,0720,522,381,44.45422866069642,-121.49917298254772,0.9958138465881348
Akawa_Butte,0720,653,456,44.41889052161783,-121.47082827440478,0.9974109530448914
Akawa_Butte,0720,570,600,44.44128033492717,-121.41640643477034,0.8303847312927246
Akawa_Butte,0720,641,544,44.42212760306015,-121.43757048351706,0.5320410132408142
Akawa_Butte,0720,386,682,44.49091558370931,-121.38541622053405,0.7819709181785583
Akawa_Butte,0720,476,397,44.46663747289196,-121.49312611147722,0.9887667298316956
Akawa_Butte,0720,526,360,44.45314963354899,-121.50710950082774,0.9914047718048096
Akawa_Butte,0720,368,651,44.495771205872785,-121.39713203323313,0.9956377148628235
Akawa_Butte,0720,356,646,44.4990082873151,-121.39902168044266,0.9866625666618347
Akawa_Butte,0720,489,625,44.46313063466279,-121.40695819872269,0.9992996454238892
Akawa_Butte,0720,627,555,44.42590419807618,-121.43341325965609,0.8296477794647217
Akawa_Butte,0720,556,338,44.4450569299432,-121.51542394854967,0.9750229120254517
Akawa_Butte,0720,392,577,44.489297042988156,-121.42509881193416,0.9948830604553223
Akawa_Butte,0720,601,506,44.432917874534525,-121.45193180230949,0.9981248378753662
Akawa_Butte,0720,647,427,44.42050906233899,-121.48178822822004,0.9990783333778381
Akawa_Butte,0720,617,525,44.42860176594478,-121.44475114291328,0.993852436542511
Akawa_Butte,0720,502,387,44.45962379643361,-121.49690540589629,0.9729276299476624
Akawa_Butte,0720,661,478,44.41673246732296,-121.46251382668285,0.9731378555297852
Akawa_Butte,0720,646,404,44.42077881912585,-121.49048060538388,0.99872225522995
Akawa_Butte,0720,653,492,44.41889052161783,-121.45722281449616,0.9953375458717346
Akawa_Butte,0720,554,651,44.44559644351692,-121.39713203323313,0.965082585811615
Akawa_Butte,0720,621,609,44.427522738797336,-121.41300506979319,0.7602306604385376
Akawa_Butte,0720,624,347,44.42671346843676,-121.51202258357252,0.997001588344574
Akawa_Butte,0720,507,371,44.458275012499314,-121.50295227696678,0.8027214407920837
Akawa_Butte,0720,462,699,44.470414067907996,-121.37899142002165,0.5209665894508362
Akawa_Butte,0720,554,626,44.44559644351692,-121.40658026928078,0.7990776896476746
Akawa_Butte,0720,473,403,44.46744674325254,-121.49085853482579,0.9966542720794678
Akawa_Butte,0720,612,340,44.429950549879074,-121.51466808966586,0.9969362616539001
Akawa_Butte,0720,547,664,44.44748474102494,-121.39221895048836,0.669577956199646
Akawa_Butte,0720,524,359,44.4536891471227,-121.50748743026965,0.9902161955833435
Akawa_Butte,0720,398,493,44.487678502267,-121.45684488505427,0.9980987310409546
Akawa_Butte,0720,505,392,44.458814526073034,-121.49501575868675,0.9886661171913147
Akawa_Butte,0720,390,448,44.489836556561876,-121.47385170994002,0.9971487522125244
Akawa_Butte,0720,603,356,44.432378360960804,-121.50862121859537,0.9933253526687622
Akawa_Butte,0720,421,664,44.48147409616923,-121.39221895048836,0.9739871621131897
Akawa_Butte,0720,554,584,44.44559644351692,-121.42245330584083,0.998837947845459
Akawa_Butte,0720,569,338,44.44155009171403,-121.51542394854967,0.9823424816131592
Akawa_Butte,0720,574,326,44.44020130777973,-121.51995910185254,0.652687668800354
Akawa_Butte,0720,595,358,44.434536415255685,-121.50786535971154,0.9943543076515198
Akawa_Butte,0720,535,653,44.45072182246725,-121.39637617434933,0.945115327835083
Akawa_Butte,0720,672,411,44.4137651426675,-121.48783509929054,0.9401142597198486
Akawa_Butte,0720,558,324,44.444517416369486,-121.52071496073636,0.7023918628692627
Akawa_Butte,0720,364,651,44.49685023302022,-121.39713203323313,0.9954205751419067
Akawa_Butte,0720,597,493,44.433996901681965,-121.45684488505427,0.9988376498222351
Akawa_Butte,0720,373,473,44.49442242193849,-121.46440347389238,0.9883385896682739
Akawa_Butte,0720,394,472,44.488757529414436,-121.46478140333429,0.9981611371040344
Akawa_Butte,0720,584,596,44.437503739911136,-121.41791815253796,0.6174175143241882
Akawa_Butte,0720,582,333,44.43804325348486,-121.51731359575919,0.8668193221092224
Akawa_Butte,0720,612,396,44.429950549879074,-121.49350404091913,0.998943030834198
Akawa_Butte,0720,625,502,44.426443711649895,-121.4534435200771,0.9945588707923889
Akawa_Butte,0720,430,678,44.4790462850875,-121.38692793830168,0.8988447189331055
Akawa_Butte,0720,380,458,44.49253412443047,-121.47007241552096,0.9961308240890503
Akawa_Butte,0720,486,635,44.463939905023366,-121.40317890430363,0.9988973736763
Akawa_Butte,0720,525,641,44.453419390335846,-121.4009113276522,0.9817938804626465
Akawa_Butte,0720,374,450,44.494152665151624,-121.47309585105621,0.9802136421203613
Akawa_Butte,0720,376,627,44.493613151577904,-121.40620233983887,0.9965549111366272
Akawa_Butte,0720,666,413,44.41538368338866,-121.48707924040673,0.9976888298988342
Akawa_Butte,0720,593,315,44.4350759288294,-121.5241163257135,0.5423653721809387
Akawa_Butte,0720,653,473,44.41889052161783,-121.46440347389238,0.9948872923851013
Akawa_Butte,0720,585,587,44.43723398312428,-121.42131951751512,0.9743339419364929
Akawa_Butte,0720,489,650,44.46313063466279,-121.39750996267504,0.9968412518501282
Akawa_Butte,0720,562,653,44.443438389222045,-121.39637617434933,0.988774836063385
Akawa_Butte,0720,470,402,44.468256013613114,-121.49123646426769,0.9968364238739014
Akawa_Butte,0720,361,633,44.4976595033808,-121.40393476318744,0.9917601346969604
Akawa_Butte,0720,386,687,44.49091558370931,-121.38352657332453,0.5786526799201965
Akawa_Butte,0720,573,586,44.440471064566594,-121.42169744695701,0.9939848780632019
Akawa_Butte,0720,574,316,44.44020130777973,-121.5237383962716,0.5764356851577759
Akawa_Butte,0720,438,427,44.47688823079262,-121.48178822822004,0.9976699948310852
Akawa_Butte,0720,404,665,44.48605996154584,-121.39184102104646,0.9947014451026917
Akawa_Butte,0720,432,650,44.47850677151378,-121.39750996267504,0.9981646537780762
Akawa_Butte,0720,583,351,44.43777349669799,-121.51051086580489,0.9952086210250854
Akawa_Butte,0720,510,374,44.45746574213874,-121.50181848864106,0.9356445670127869
Akawa_Butte,0720,622,552,44.42725298201048,-121.43454704798181,0.9849269986152649
Akawa_Butte,0720,367,627,44.49604096265964,-121.40620233983887,0.9944422245025635
Akawa_Butte,0720,616,590,44.42887152273163,-121.4201857291894,0.6544623374938965
Akawa_Butte,0720,614,391,44.42941103630535,-121.49539368812866,0.9983829855918884
Akawa_Butte,0720,428,655,44.47958579866121,-121.39562031546551,0.9977999329566956
Akawa_Butte,0720,666,494,44.41538368338866,-121.45646695561236,0.9854607582092285
Akawa_Butte,0720,392,456,44.489297042988156,-121.47082827440478,0.9983231425285339
Akawa_Butte,0720,572,597,44.44074082135345,-121.41754022309605,0.8737703561782837
Akawa_Butte,0720,434,658,44.47796725794006,-121.39448652713979,0.971513032913208
Akawa_Butte,0720,632,377,44.424555414141885,-121.50068470031535,0.6950600743293762
Akawa_Butte,0720,479,390,44.465828202531384,-121.49577161757057,0.7747195363044739
Akawa_Butte,0720,552,356,44.44613595709064,-121.50862121859537,0.9966575503349304
Akawa_Butte,0720,575,590,44.439931550992874,-121.4201857291894,0.9783814549446106
Akawa_Butte,0720,641,488,44.42212760306015,-121.45873453226379,0.997223973274231
Akawa_Butte,0720,614,491,44.42941103630535,-121.45760074393807,0.9964005351066589
Akawa_Butte,0720,502,652,44.45962379643361,-121.39675410379122,0.9871227741241455
Akawa_Butte,0720,353,668,44.49981755767568,-121.39070723272074,0.7847951054573059
Akawa_Butte,0720,400,457,44.48713898869328,-121.47045034496287,0.99814373254776
Akawa_Butte,0720,609,519,44.43075982023965,-121.44701871956471,0.9983358979225159
Akawa_Butte,0720,614,339,44.42941103630535,-121.51504601910776,0.994880735874176
Akawa_Butte,0720,636,338,44.423476386994444,-121.51542394854967,0.997094452381134
Akawa_Butte,0720,522,646,44.45422866069642,-121.39902168044266,0.9543797969818115
Akawa_Butte,0720,585,515,44.43723398312428,-121.44853043733234,0.9989979267120361
Akawa_Butte,0720,598,328,44.4337271448951,-121.51920324296873,0.8554727435112
Akawa_Butte,0720,597,487,44.433996901681965,-121.4591124617057,0.9989520311355591
Akawa_Butte,0720,384,478,44.49145509728303,-121.46251382668285,0.9964002966880798
Akawa_Butte,0720,386,544,44.49091558370931,-121.43757048351706,0.9929817318916321
Akawa_Butte,0720,605,355,44.43183884738709,-121.50899914803726,0.9907503128051758
Akawa_Butte,0720,492,394,44.462321364302205,-121.49425989980294,0.9902017712593079
Akawa_Butte,0720,654,392,44.418620764830976,-121.49501575868675,0.9965735077857971
Akawa_Butte,0720,613,573,44.42968079309221,-121.42661052970179,0.986011266708374
Akawa_Butte,0720,556,611,44.4450569299432,-121.41224921090937,0.654944658279419
Akawa_Butte,0720,607,345,44.43129933381337,-121.51277844245632,0.9974508881568909
Akawa_Butte,0720,387,662,44.49064582692245,-121.39297480937218,0.996849775314331
Akawa_Butte,0720,424,433,44.48066482580865,-121.4795206515686,0.9979284405708313
Akawa_Butte,0720,669,480,44.414574413028085,-121.46175796779903,0.9125146269798279
Akawa_Butte,0720,487,671,44.4636701482365,-121.38957344439501,0.9694845080375671
Akawa_Butte,0720,608,566,44.43102957702651,-121.42925603579513,0.9940471649169922
Akawa_Butte,0720,586,329,44.436964226337416,-121.51882531352682,0.7776858806610107
Akawa_Butte,0720,604,564,44.43210860417395,-121.43001189467894,0.9971768856048584
Akawa_Butte,0720,359,653,44.498199016954516,-121.39637617434933,0.9893984198570251
Akawa_Butte,0720,568,355,44.44181984850089,-121.50899914803726,0.9977080821990967
Akawa_Butte,0720,442,407,44.475809203645184,-121.48934681705816,0.9942454099655151
Akawa_Butte,0720,606,401,44.43156909060023,-121.4916143937096,0.9993351697921753
Akawa_Butte,0720,517,364,44.45557744463072,-121.50559778306011,0.973995566368103
Akawa_Butte,0720,510,378,44.45746574213874,-121.50030677087344,0.9356502890586853
Akawa_Butte,0720,660,489,44.417002224109815,-121.45835660282188,0.9889909625053406
Akawa_Butte,0720,532,372,44.45153109282783,-121.50257434752487,0.9966203570365906
Akawa_Butte,0720,413,658,44.4836321504641,-121.39448652713979,0.9982063174247742
Akawa_Butte,0720,605,374,44.43183884738709,-121.50181848864106,0.9989729523658752
Akawa_Butte,0720,373,427,44.49442242193849,-121.48178822822004,0.6079761981964111
Akawa_Butte,0720,403,656,44.486329718332705,-121.39524238602361,0.9986725449562073
Akawa_Butte,0720,439,412,44.47661847400576,-121.48745716984864,0.9961455464363098
Akawa_Butte,0720,385,484,44.49118534049617,-121.46024625003142,0.995538055896759
Akawa_Butte,0720,540,648,44.449373038532954,-121.39826582155885,0.98275226354599
Akawa_Butte,0720,604,324,44.43210860417395,-121.52071496073636,0.892017126083374
Akawa_Butte,0720,599,383,44.433457388108245,-121.4984171236639,0.9990209341049194
Akawa_Butte,0720,379,595,44.49280388121733,-121.41829608197986,0.9614553451538086
Akawa_Butte,0720,609,334,44.43075982023965,-121.5169356663173,0.9729061722755432
Akawa_Butte,0720,564,332,44.442898875648325,-121.5176915252011,0.8215938210487366
Akawa_Butte,0720,385,660,44.49118534049617,-121.39373066825598,0.9972213506698608
Akawa_Butte,0720,391,678,44.48956679977501,-121.38692793830168,0.9424175024032593
Akawa_Butte,0720,640,459,44.422397359847004,-121.46969448607906,0.9981827735900879
Akawa_Butte,0720,609,320,44.43075982023965,-121.52222667850397,0.894187331199646
Akawa_Butte,0720,496,394,44.46124233715477,-121.49425989980294,0.9911383390426636
Akawa_Butte,0720,440,674,44.476348717218904,-121.3884396560693,0.9449302554130554
Akawa_Butte,0720,612,526,44.429950549879074,-121.44437321347137,0.9982185959815979
Akawa_Butte,0720,545,339,44.44802425459866,-121.51504601910776,0.9645563364028931
Akawa_Butte,0720,421,657,44.48147409616923,-121.3948644565817,0.9975720047950745
Akawa_Butte,0720,629,491,44.42536468450246,-121.45760074393807,0.9905458688735962
Akawa_Butte,0720,375,681,44.49388290836477,-121.38579414997596,0.8032011985778809
Akawa_Butte,0720,372,628,44.494692178725344,-121.40582441039697,0.9963376522064209
Akawa_Butte,0720,385,598,44.49118534049617,-121.41716229365414,0.9912304878234863
Akawa_Butte,0720,580,325,44.43858276705858,-121.52033703129445,0.6421594023704529
Akawa_Butte,0720,375,590,44.49388290836477,-121.4201857291894,0.7435376048088074
Akawa_Butte,0720,486,643,44.463939905023366,-121.40015546876839,0.9982503652572632
Akawa_Butte,0720,535,627,44.45072182246725,-121.40620233983887,0.9959263205528259
Akawa_Butte,0720,422,442,44.48120433938237,-121.47611928659146,0.9976235628128052
Akawa_Butte,0720,532,629,44.45153109282783,-121.40544648095506,0.9961029291152954
Akawa_Butte,0720,541,644,44.4491032817461,-121.39977753932648,0.9828373789787292
Akawa_Butte,0720,375,470,44.49388290836477,-121.46553726221809,0.9945757389068604
Akawa_Butte,0720,649,398,44.41996954876527,-121.49274818203531,0.9984003901481628
Akawa_Butte,0720,369,636,44.49550144908592,-121.40280097486172,0.9965727925300598
Akawa_Butte,0720,364,632,44.49685023302022,-121.40431269262935,0.9954507350921631
Akawa_Butte,0720,479,388,44.465828202531384,-121.49652747645438,0.6290163397789001
Akawa_Butte,0720,505,373,44.458814526073034,-121.50219641808296,0.7810543775558472
Akawa_Butte,0720,508,632,44.45800525571246,-121.40431269262935,0.9985485672950745
Akawa_Butte,0720,565,349,44.44262911886147,-121.51126672468871,0.9955257773399353
Akawa_Butte,0720,643,544,44.42158808948643,-121.43757048351706,0.500914990901947
Akawa_Butte,0720,610,383,44.430490063452794,-121.4984171236639,0.9983916282653809
Akawa_Butte,0720,433,433,44.478237014726915,-121.4795206515686,0.9974307417869568
Akawa_Butte,0720,464,678,44.469874554334275,-121.38692793830168,0.5795092582702637
Akawa_Butte,0720,610,374,44.430490063452794,-121.50181848864106,0.9984497427940369
Akawa_Butte,0720,438,425,44.47688823079262,-121.48254408710386,0.9976847767829895
Akawa_Butte,0720,673,408,44.413495385880644,-121.48896888761625,0.8407411575317383
Akawa_Butte,0720,526,633,44.45314963354899,-121.40393476318744,0.991359293460846
Akawa_Butte,0720,653,441,44.41889052161783,-121.47649721603337,0.9978005886077881
Akawa_Butte,0720,512,369,44.45692622856502,-121.50370813585059,0.9431796669960022
Akawa_Butte,0720,620,383,44.42779249558419,-121.4984171236639,0.998120903968811
Akawa_Butte,0720,570,347,44.44128033492717,-121.51202258357252,0.9920557737350464
Akawa_Butte,0720,641,479,44.42212760306015,-121.46213589724094,0.9962498545646667
Akawa_Butte,0720,373,656,44.49442242193849,-121.39524238602361,0.9974510669708252
Akawa_Butte,0720,597,587,44.433996901681965,-121.42131951751512,0.9621049165725708
Akawa_Butte,0720,527,341,44.452879876762125,-121.51429016022395,0.8345050811767578
Akawa_Butte,0720,365,623,44.49658047623336,-121.4077140576065,0.9921444654464722
Akawa_Butte,0720,481,668,44.46528868895766,-121.39070723272074,0.9846663475036621
Akawa_Butte,0720,673,417,44.413495385880644,-121.4855675226391,0.8689154386520386
Akawa_Butte,0720,533,393,44.45126133604097,-121.49463782924485,0.9977636933326721
Akawa_Butte,0720,364,624,44.49685023302022,-121.40733612816459,0.9880374670028687
Akawa_Butte,0720,637,576,44.42320663020759,-121.42547674137607,0.9892165064811707
Akawa_Butte,0720,573,646,44.440471064566594,-121.39902168044266,0.5216617584228516
Akawa_Butte,0720,563,601,44.44316863243519,-121.41602850532843,0.9545181393623352
Akawa_Butte,0720,446,412,44.474730176497744,-121.48745716984864,0.9971816539764404
Akawa_Butte,0720,382,559,44.49199461085675,-121.43190154188848,0.9827510714530945
Akawa_Butte,0720,639,592,44.42266711663387,-121.41942987030558,0.982171893119812
Akawa_Butte,0720,443,424,44.47553944685832,-121.48292201654577,0.9975253343582153
Akawa_Butte,0720,622,359,44.42725298201048,-121.50748743026965,0.9156420230865479
Akawa_Butte,0720,372,476,44.494692178725344,-121.46326968556666,0.9682205319404602
Akawa_Butte,0720,644,561,44.42131833269957,-121.43114568300466,0.9726619124412537
Akawa_Butte,0720,378,563,44.49307363800419,-121.43038982412085,0.8756781816482544
Akawa_Butte,0720,604,352,44.43210860417395,-121.510132936363,0.9936699271202087
Akawa_Butte,0720,623,458,44.426983225223616,-121.47007241552096,0.9994753003120422
Akawa_Butte,0720,416,662,44.48282288010353,-121.39297480937218,0.9937043190002441
Akawa_Butte,0720,624,500,44.42671346843676,-121.45419937896092,0.990967333316803
Akawa_Butte,0720,508,374,44.45800525571246,-121.50181848864106,0.9254825711250305
Akawa_Butte,0720,664,475,44.41592319696238,-121.46364761500857,0.8433288931846619
Akawa_Butte,0720,380,485,44.49253412443047,-121.45986832058951,0.9873189926147461
Akawa_Butte,0720,628,466,44.42563444128932,-121.46704897998572,0.998378336429596
Akawa_Butte,0720,654,504,44.418620764830976,-121.4526876611933,0.9837652444839478
Akawa_Butte,0720,642,570,44.42185784627329,-121.42774431802751,0.9863906502723694
Akawa_Butte,0720,570,348,44.44128033492717,-121.5116446541306,0.9943852424621582
Akawa_Butte,0720,481,410,44.46528868895766,-121.48821302873245,0.9980106353759766
Akawa_Butte,0720,392,437,44.489297042988156,-121.478008933801,0.994536280632019
Akawa_Butte,0720,439,664,44.47661847400576,-121.39221895048836,0.9512622952461243
Akawa_Butte,0720,390,601,44.489836556561876,-121.41602850532843,0.996802806854248
Akawa_Butte,0720,559,603,44.44424765958262,-121.41527264644462,0.9792264699935913
Akawa_Butte,0720,602,537,44.43264811774767,-121.44021598961041,0.998490571975708
Akawa_Butte,0720,466,390,44.469335040760555,-121.49577161757057,0.6631706357002258
Akawa_Butte,0720,607,574,44.43129933381337,-121.42623260025988,0.993926465511322
Akawa_Butte,0720,644,497,44.42131833269957,-121.45533316728664,0.9973037242889404
Akawa_Butte,0720,473,632,44.46744674325254,-121.40431269262935,0.9987106323242188
Akawa_Butte,0720,632,473,44.424555414141885,-121.46440347389238,0.9969955682754517
Akawa_Butte,0720,494,638,44.46178185072849,-121.40204511597791,0.9985038638114929
Akawa_Butte,0720,645,567,44.42104857591271,-121.42887810635322,0.9870322942733765
Akawa_Butte,0720,669,491,44.414574413028085,-121.45760074393807,0.9813199639320374
Akawa_Butte,0720,517,374,44.45557744463072,-121.50181848864106,0.9887552857398987
Akawa_Butte,0720,391,682,44.48956679977501,-121.38541622053405,0.823072075843811
Akawa_Butte,0720,514,631,44.4563867149913,-121.40469062207126,0.9983044266700745
Akawa_Butte,0720,398,501,44.487678502267,-121.45382144951901,0.9983371496200562
Akawa_Butte,0720,418,655,44.482283366529806,-121.39562031546551,0.9982794523239136
Akawa_Butte,0720,476,394,44.46663747289196,-121.49425989980294,0.9769781827926636
Akawa_Butte,0720,489,646,44.46313063466279,-121.39902168044266,0.9979708194732666
Akawa_Butte,0720,599,504,44.433457388108245,-121.4526876611933,0.9979761242866516
Akawa_Butte,0720,594,354,44.43480617204254,-121.50937707747917,0.9945996403694153
Akawa_Butte,0720,624,538,44.42671346843676,-121.4398380601685,0.9020804166793823
Akawa_Butte,0720,655,463,44.41835100804411,-121.46818276831144,0.9931085705757141
Akawa_Butte,0720,386,484,44.49091558370931,-121.46024625003142,0.9954742789268494
Akawa_Butte,0720,670,416,44.41430465624122,-121.48594545208101,0.9915797114372253
Akawa_Butte,0720,646,407,44.42077881912585,-121.48934681705816,0.9987020492553711
Akawa_Butte,0720,477,646,44.4663677161051,-121.39902168044266,0.9981537461280823
Akawa_Butte,0720,604,321,44.43210860417395,-121.52184874906207,0.8504952192306519
Akawa_Butte,0720,626,558,44.42617395486304,-121.43227947133038,0.8411964774131775
Akawa_Butte,0720,376,629,44.493613151577904,-121.40544648095506,0.9973253607749939
Akawa_Butte,0720,594,572,44.43480617204254,-121.4269884591437,0.998103141784668
Akawa_Butte,0720,630,564,44.4250949277156,-121.43001189467894,0.9470695853233337
Akawa_Butte,0720,502,393,44.45962379643361,-121.49463782924485,0.9890422821044922
Akawa_Butte,0720,467,642,44.4690652839737,-121.40053339821029,0.998317539691925
Akawa_Butte,0720,585,363,44.43723398312428,-121.50597571250202,0.9958928227424622
Akawa_Butte,0720,638,469,44.422936873420724,-121.46591519166,0.9970058798789978
Akawa_Butte,0720,426,669,44.48012531223493,-121.39032930327883,0.966852068901062
Akawa_Butte,0720,372,500,44.494692178725344,-121.45419937896092,0.8834468126296997
Akawa_Butte,0720,396,686,44.488218015840715,-121.38390450276643,0.8205355405807495
Akawa_Butte,0720,584,586,44.437503739911136,-121.42169744695701,0.9799492359161377
Akawa_Butte,0720,545,662,44.44802425459866,-121.39297480937218,0.580498218536377
Akawa_Butte,0720,592,350,44.43534568561626,-121.5108887952468,0.9954327940940857
Akawa_Butte,0720,608,583,44.43102957702651,-121.42283123528273,0.9434321522712708
Akawa_Butte,0720,390,590,44.489836556561876,-121.4201857291894,0.9911507368087769
Akawa_Butte,0720,635,505,44.4237461437813,-121.45230973175138,0.995699942111969
Akawa_Butte,0720,533,365,44.45126133604097,-121.50521985361821,0.9961040616035461
Akawa_Butte,0720,403,433,44.486329718332705,-121.4795206515686,0.9952083826065063
Akawa_Butte,0720,638,456,44.422936873420724,-121.47082827440478,0.998369574546814
Akawa_Butte,0720,668,409,44.41484416981494,-121.48859095817436,0.9963942170143127
Akawa_Butte,0720,630,584,44.4250949277156,-121.42245330584083,0.9831995368003845
Akawa_Butte,0720,602,562,44.43264811774767,-121.43076775356276,0.9975244998931885
Akawa_Butte,0720,601,534,44.432917874534525,-121.44134977793613,0.9985697865486145
Akawa_Butte,0720,643,552,44.42158808948643,-121.43454704798181,0.849683403968811
Akawa_Butte,0720,560,608,44.443977902795766,-121.41338299923508,0.758317232131958
Akawa_Butte,0720,656,495,44.418081251257256,-121.45608902617045,0.9931795597076416
Akawa_Butte,0720,604,372,44.43210860417395,-121.50257434752487,0.9989802241325378
Akawa_Butte,0720,601,496,44.432917874534525,-121.45571109672855,0.9983218908309937
Akawa_Butte,0720,531,648,44.45180084961469,-121.39826582155885,0.9479829668998718
Akawa_Butte,0720,669,429,44.414574413028085,-121.48103236933623,0.9569453597068787
Akawa_Butte,0720,579,314,44.43885252384543,-121.5244942551554,0.5537447333335876
Akawa_Butte,0720,532,606,44.45153109282783,-121.4141388581189,0.9988440275192261
Akawa_Butte,0720,623,370,44.426983225223616,-121.50333020640868,0.9113569259643555
Akawa_Butte,0720,474,666,44.46717698646568,-121.39146309160455,0.9878354668617249
Akawa_Butte,0720,591,516,44.43561544240312,-121.44815250789043,0.9984102249145508
Akawa_Butte,0720,385,678,44.49118534049617,-121.38692793830168,0.917730987071991
Akawa_Butte,0720,382,675,44.49199461085675,-121.3880617266274,0.9342215061187744
Akawa_Butte,0720,432,411,44.47850677151378,-121.48783509929054,0.9815887212753296
Akawa_Butte,0720,414,448,44.48336239367725,-121.47385170994002,0.9978488087654114
Akawa_Butte,0720,621,383,44.427522738797336,-121.4984171236639,0.9980373382568359
Akawa_Butte,0720,498,661,44.46070282358105,-121.39335273881407,0.9828668832778931
Akawa_Butte,0720,397,432,44.48794825905386,-121.47989858101052,0.9838947057723999
Akawa_Butte,0720,402,442,44.48659947511956,-121.47611928659146,0.9975435137748718
Akawa_Butte,0720,649,405,44.41996954876527,-121.49010267594197,0.998611330986023
Akawa_Butte,0720,460,658,44.47095358148171,-121.39448652713979,0.9926928877830505
Akawa_Butte,0720,531,356,44.45180084961469,-121.50862121859537,0.9960252046585083
Akawa_Butte,0720,596,412,44.43426665846882,-121.48745716984864,0.9994649887084961
Akawa_Butte,0720,614,381,44.42941103630535,-121.49917298254772,0.9982519149780273
Akawa_Butte,0720,546,634,44.4477544978118,-121.40355683374554,0.8966113328933716
Akawa_Butte,0720,605,322,44.43183884738709,-121.52147081962016,0.8768429160118103
Akawa_Butte,0720,413,421,44.4836321504641,-121.48405580487149,0.9403173327445984
Akawa_Butte,0720,656,398,44.418081251257256,-121.49274818203531,0.9979245662689209
Akawa_Butte,0720,435,408,44.4776975011532,-121.48896888761625,0.9800214171409607
Akawa_Butte,0720,585,501,44.43723398312428,-121.45382144951901,0.9991317987442017
Akawa_Butte,0720,610,339,44.430490063452794,-121.51504601910776,0.9945446252822876
Akawa_Butte,0720,377,572,44.49334339479105,-121.4269884591437,0.6417517066001892
Akawa_Butte,0720,667,492,44.4151139266018,-121.45722281449616,0.9862954616546631
Akawa_Butte,0720,604,374,44.43210860417395,-121.50181848864106,0.9989703893661499
Akawa_Butte,0720,376,539,44.493613151577904,-121.43946013072659,0.7682307362556458
Akawa_Butte,0720,501,655,44.459893553220475,-121.39562031546551,0.987260103225708
Akawa_Butte,0720,377,609,44.49334339479105,-121.41300506979319,0.9918259978294373
Akawa_Butte,0720,369,428,44.49550144908592,-121.48141029877814,0.5143935084342957
Akawa_Butte,0720,440,680,44.476348717218904,-121.38617207941786,0.6920179128646851
Akawa_Butte,0720,588,387,44.436424712763696,-121.49690540589629,0.999336838722229
Akawa_Butte,0720,600,322,44.43318763132139,-121.52147081962016,0.7840256690979004
Akawa_Butte,0720,608,505,44.43102957702651,-121.45230973175138,0.9981606006622314
Akawa_Butte,0720,644,504,44.42131833269957,-121.4526876611933,0.9910745620727539
Akawa_Butte,0720,374,611,44.494152665151624,-121.41224921090937,0.9906227588653564
Akawa_Butte,0720,603,550,44.432378360960804,-121.43530290686563,0.9982624650001526
Akawa_Butte,0720,546,347,44.4477544978118,-121.51202258357252,0.9935258030891418
Akawa_Butte,0720,439,416,44.47661847400576,-121.48594545208101,0.9975760579109192
Akawa_Butte,0720,655,425,44.41835100804411,-121.48254408710386,0.9987006187438965
Akawa_Butte,0720,490,636,44.462860877875926,-121.40280097486172,0.998940646648407
Akawa_Butte,0720,368,650,44.495771205872785,-121.39750996267504,0.9956748485565186
Akawa_Butte,0720,628,495,44.42563444128932,-121.45608902617045,0.9961163997650146
Akawa_Butte,0720,445,646,44.4749999332846,-121.39902168044266,0.9982866048812866
Akawa_Butte,0720,474,645,44.46717698646568,-121.39939960988457,0.9981280565261841
Akawa_Butte,0720,596,353,44.43426665846882,-121.50975500692108,0.992867112159729
Akawa_Butte,0720,370,680,44.495231692299065,-121.38617207941786,0.8568602204322815
Akawa_Butte,0720,632,576,44.424555414141885,-121.42547674137607,0.9844881296157837
Akawa_Butte,0720,500,653,44.46016331000733,-121.39637617434933,0.9847099184989929
Akawa_Butte,0720,350,637,44.50062682803625,-121.40242304541982,0.9044284820556641
Akawa_Butte,0720,558,608,44.444517416369486,-121.41338299923508,0.8575709462165833
Akawa_Butte,0720,555,593,44.44532668673006,-121.41905194086368,0.9984648823738098
Akawa_Butte,0720,484,394,44.46447941859709,-121.49425989980294,0.9787157773971558
Akawa_Butte,0720,632,333,44.424555414141885,-121.51731359575919,0.9962476491928101
Akawa_Butte,0720,662,455,44.416462710536095,-121.47120620384668,0.6848427653312683
Akawa_Butte,0720,466,678,44.469335040760555,-121.38692793830168,0.5780208706855774
Akawa_Butte,0720,608,542,44.43102957702651,-121.43832634240087,0.996258556842804
Akawa_Butte,0720,488,404,44.463400391449646,-121.49048060538388,0.9958666563034058
Akawa_Butte,0720,371,494,44.4949619355122,-121.45646695561236,0.9269208312034607
Akawa_Butte,0720,572,592,44.44074082135345,-121.41942987030558,0.9754420518875122
Akawa_Butte,0720,598,331,44.4337271448951,-121.51806945464301,0.8951147794723511
Akawa_Butte,0720,618,386,44.42833200915791,-121.49728333533818,0.9981600642204285
Akawa_Butte,0720,611,583,44.43022030666593,-121.42283123528273,0.9433610439300537
Akawa_Butte,0720,675,478,44.412955872306924,-121.46251382668285,0.8165276646614075
Akawa_Butte,0720,519,638,44.455037931057,-121.40204511597791,0.983716607093811
Akawa_Butte,0720,488,394,44.463400391449646,-121.49425989980294,0.9844340085983276
Akawa_Butte,0720,601,592,44.432917874534525,-121.41942987030558,0.7943723201751709
Akawa_Butte,0720,619,479,44.428062252371056,-121.46213589724094,0.9981362819671631
Akawa_Butte,0720,625,556,44.426443711649895,-121.4330353302142,0.8963757157325745
Akawa_Butte,0720,371,652,44.4949619355122,-121.39675410379122,0.9964808821678162
Akawa_Butte,0720,455,666,44.472302365416006,-121.39146309160455,0.9840584993362427
Akawa_Butte,0720,637,472,44.42320663020759,-121.46478140333429,0.9960522055625916
Akawa_Butte,0720,399,496,44.48740874548014,-121.45571109672855,0.9983421564102173
Akawa_Butte,0720,376,628,44.493613151577904,-121.40582441039697,0.9970780611038208
Akawa_Butte,0720,642,400,44.42185784627329,-121.4919923231515,0.9986821413040161
Akawa_Butte,0720,631,330,44.42482517092874,-121.51844738408491,0.993495762348175
Akawa_Butte,0720,629,561,44.42536468450246,-121.43114568300466,0.9066901206970215
Akawa_Butte,0720,653,415,44.41889052161783,-121.48632338152292,0.9985620975494385
Akawa_Butte,0720,546,366,44.4477544978118,-121.5048419241763,0.997765064239502
Akawa_Butte,0720,580,349,44.43858276705858,-121.51126672468871,0.995708167552948
Akawa_Butte,0720,627,517,44.42590419807618,-121.44777457844852,0.9080900549888611
Akawa_Butte,0720,570,331,44.44128033492717,-121.51806945464301,0.7143266797065735
Akawa_Butte,0720,632,385,44.424555414141885,-121.49766126478009,0.9978805184364319
Akawa_Butte,0720,519,661,44.455037931057,-121.39335273881407,0.6398620009422302
Akawa_Butte,0720,613,589,44.42968079309221,-121.4205636586313,0.7140688300132751
Akawa_Butte,0720,553,585,44.44586620030378,-121.42207537639892,0.9988163709640503
Akawa_Butte,0720,619,384,44.428062252371056,-121.498039194222,0.9981957674026489
Akawa_Butte,0720,552,657,44.44613595709064,-121.3948644565817,0.9289677143096924
Akawa_Butte,0720,633,487,44.42428565735502,-121.4591124617057,0.9910838603973389
Akawa_Butte,0720,663,392,44.41619295374924,-121.49501575868675,0.9828652739524841
Akawa_Butte,0720,628,488,44.42563444128932,-121.45873453226379,0.9868221282958984
Akawa_Butte,0720,623,373,44.426983225223616,-121.50219641808296,0.9653188586235046
Akawa_Butte,0720,375,439,44.49388290836477,-121.47725307491717,0.7448785305023193
Akawa_Butte,0720,514,614,44.4563867149913,-121.41111542258365,0.9993610382080078
Akawa_Butte,0720,441,659,44.47607896043204,-121.3941085976979,0.9745723605155945
Akawa_Butte,0720,363,649,44.49711998980708,-121.39788789211694,0.9955019950866699
Akawa_Butte,0720,558,341,44.444517416369486,-121.51429016022395,0.9791356325149536
Akawa_Butte,0720,656,410,44.418081251257256,-121.48821302873245,0.9982208609580994
Akawa_Butte,0720,432,417,44.47850677151378,-121.4855675226391,0.9955823421478271
Akawa_Butte,0720,422,435,44.48120433938237,-121.4787647926848,0.9980413913726807
Akawa_Butte,0720,547,625,44.44748474102494,-121.40695819872269,0.9074569344520569
Akawa_Butte,0720,653,462,44.41889052161783,-121.46856069775335,0.9965529441833496
Akawa_Butte,0720,580,361,44.43858276705858,-121.50673157138583,0.994468092918396
Akawa_Butte,0720,566,654,44.442359362074605,-121.39599824490742,0.9890422224998474
Akawa_Butte,0720,599,549,44.433457388108245,-121.43568083630753,0.9986388087272644
Akawa_Butte,0720,661,464,44.41673246732296,-121.46780483886953,0.8027386665344238
Akawa_Butte,0720,574,355,44.44020130777973,-121.50899914803726,0.9962611198425293
Akawa_Butte,0720,566,334,44.442359362074605,-121.5169356663173,0.8728721737861633
Akawa_Butte,0720,375,491,44.49388290836477,-121.45760074393807,0.9807177186012268
Akawa_Butte,0720,646,555,44.42077881912585,-121.43341325965609,0.9044309258460999
Akawa_Butte,0720,488,639,44.463400391449646,-121.401667186536,0.9985629916191101
Akawa_Butte,0720,625,514,44.426443711649895,-121.44890836677423,0.9911783337593079
Akawa_Butte,0720,376,525,44.493613151577904,-121.44475114291328,0.7255945205688477
Akawa_Butte,0720,388,578,44.490376070135596,-121.42472088249227,0.9870487451553345
Akawa_Butte,0720,621,326,44.427522738797336,-121.51995910185254,0.980711042881012
Akawa_Butte,0720,399,666,44.48740874548014,-121.39146309160455,0.9935736656188965
Akawa_Butte,0720,639,562,44.42266711663387,-121.43076775356276,0.9828459024429321
Akawa_Butte,0720,519,644,44.455037931057,-121.39977753932648,0.9825578927993774
Akawa_Butte,0720,607,566,44.43129933381337,-121.42925603579513,0.9951834678649902
Akawa_Butte,0720,487,410,44.4636701482365,-121.48821302873245,0.9983825087547302
Akawa_Butte,0720,631,451,44.42482517092874,-121.4727179216143,0.9993715882301331
Akawa_Butte,0720,644,499,44.42131833269957,-121.45457730840283,0.9970281720161438
Akawa_Butte,0720,601,567,44.432917874534525,-121.42887810635322,0.9978824257850647
Akawa_Butte,0720,393,492,44.4890272862013,-121.45722281449616,0.997175931930542
Akawa_Butte,0720,381,450,44.49226436764361,-121.47309585105621,0.9931899905204773
Akawa_Butte,0720,640,435,44.422397359847004,-121.4787647926848,0.9992964267730713
Akawa_Butte,0720,674,408,44.41322562909379,-121.48896888761625,0.6302489638328552
Akawa_Butte,0720,431,677,44.478776528300635,-121.38730586774358,0.8904354572296143
Akawa_Butte,0720,677,482,44.4124163587332,-121.46100210891522,0.9256587028503418
Akawa_Butte,0720,430,671,44.4790462850875,-121.38957344439501,0.9474402666091919
Akawa_Butte,0720,630,376,44.4250949277156,-121.50106262975724,0.6468489170074463
Akawa_Butte,0720,611,356,44.43022030666593,-121.50862121859537,0.979816198348999
Akawa_Butte,0720,451,417,44.47338139256345,-121.4855675226391,0.9974285960197449
Akawa_Butte,0720,562,603,44.443438389222045,-121.41527264644462,0.9286412000656128
Akawa_Butte,0720,567,324,44.44208960528775,-121.52071496073636,0.6622056365013123
Akawa_Butte,0720,601,519,44.432917874534525,-121.44701871956471,0.9983522295951843
Akawa_Butte,0720,520,357,44.45476817427014,-121.50824328915346,0.9870269894599915
Akawa_Butte,0720,524,634,44.4536891471227,-121.40355683374554,0.9903124570846558
Akawa_Butte,0720,632,341,44.424555414141885,-121.51429016022395,0.9960659146308899
Akawa_Butte,0720,570,595,44.44128033492717,-121.41829608197986,0.9576421976089478
Akawa_Butte,0720,525,636,44.453419390335846,-121.40280097486172,0.9834069609642029
Akawa_Butte,0720,614,573,44.42941103630535,-121.42661052970179,0.9830502271652222
Akawa_Butte,0720,587,574,44.43669446955056,-121.42623260025988,0.9985348582267761
Akawa_Butte,0720,550,612,44.44667547066436,-121.41187128146747,0.9710202813148499
Akawa_Butte,0720,619,598,44.428062252371056,-121.41716229365414,0.8854239583015442
Akawa_Butte,0720,624,480,44.42671346843676,-121.46175796779903,0.9969945549964905
Akawa_Butte,0720,656,423,44.418081251257256,-121.48329994598767,0.9986175298690796
Akawa_Butte,0720,545,377,44.44802425459866,-121.50068470031535,0.9976110458374023
Akawa_Butte,0720,387,510,44.49064582692245,-121.45042008454186,0.9929242134094238
Akawa_Butte,0720,633,602,44.42428565735502,-121.41565057588652,0.9714758396148682
Akawa_Butte,0720,409,438,44.484711177611544,-121.47763100435908,0.9972543716430664
Akawa_Butte,0720,626,578,44.42617395486304,-121.42472088249227,0.9666101336479187
Akawa_Butte,0720,597,335,44.433996901681965,-121.51655773687538,0.9688481092453003
Akawa_Butte,0720,378,599,44.49307363800419,-121.41678436421223,0.9790040254592896
Akawa_Butte,0720,511,377,44.45719598535188,-121.50068470031535,0.9370462894439697
Akawa_Butte,0720,532,617,44.45153109282783,-121.40998163425793,0.9982293248176575
Akawa_Butte,0720,353,653,44.49981755767568,-121.39637617434933,0.9660412669181824
Akawa_Butte,0720,388,573,44.490376070135596,-121.42661052970179,0.9914971590042114
Akawa_Butte,0720,623,587,44.426983225223616,-121.42131951751512,0.9738898873329163
Akawa_Butte,0720,498,641,44.46070282358105,-121.4009113276522,0.9981244206428528
Akawa_Butte,0720,568,324,44.44181984850089,-121.52071496073636,0.6605363488197327
Akawa_Butte,0720,378,458,44.49307363800419,-121.47007241552096,0.9946927428245544
Akawa_Butte,0720,369,646,44.49550144908592,-121.39902168044266,0.9961696267127991
Akawa_Butte,0720,438,422,44.47688823079262,-121.48367787542958,0.9977078437805176
Akawa_Butte,0720,516,379,44.45584720141758,-121.49992884143153,0.9842855334281921
Akawa_Butte,0720,520,379,44.45476817427014,-121.49992884143153,0.9942421913146973
Akawa_Butte,0720,586,520,44.436964226337416,-121.4466407901228,0.9992114305496216
Akawa_Butte,0720,363,675,44.49711998980708,-121.3880617266274,0.8579870462417603
Akawa_Butte,0720,421,654,44.48147409616923,-121.39599824490742,0.9982694387435913
Akawa_Butte,0720,347,638,44.50143609839683,-121.40204511597791,0.7957519888877869
Akawa_Butte,0720,438,407,44.47688823079262,-121.48934681705816,0.9882186055183411
Akawa_Butte,0720,551,363,44.446405713877496,-121.50597571250202,0.9980250597000122
Akawa_Butte,0720,377,588,44.49334339479105,-121.4209415880732,0.7952349185943604
Akawa_Butte,0720,397,580,44.48794825905386,-121.42396502360845,0.9974427223205566
Akawa_Butte,0720,610,394,44.430490063452794,-121.49425989980294,0.9988520741462708
Akawa_Butte,0720,562,355,44.443438389222045,-121.50899914803726,0.9972833395004272
Akawa_Butte,0720,474,647,44.46717698646568,-121.39864375100076,0.9980173110961914
Akawa_Butte,0720,372,624,44.494692178725344,-121.40733612816459,0.9959623217582703
Akawa_Butte,0720,657,398,44.41781149447039,-121.49274818203531,0.9978994727134705
Akawa_Butte,0720,379,588,44.49280388121733,-121.4209415880732,0.8832110166549683
Akawa_Butte,0720,416,675,44.48282288010353,-121.3880617266274,0.956623375415802
Akawa_Butte,0720,391,669,44.48956679977501,-121.39032930327883,0.9798439741134644
Akawa_Butte,0720,592,511,44.43534568561626,-121.45004215509995,0.998100996017456
Akawa_Butte,0720,585,346,44.43723398312428,-121.51240051301443,0.9914507865905762
Akawa_Butte,0720,656,407,44.418081251257256,-121.48934681705816,0.9980779886245728
Akawa_Butte,0720,396,437,44.488218015840715,-121.478008933801,0.9955902099609375
Akawa_Butte,0720,375,417,44.49388290836477,-121.4855675226391,0.5962579250335693
Akawa_Butte,0720,385,528,44.49118534049617,-121.44361735458756,0.9847791790962219
Akawa_Butte,0720,442,660,44.475809203645184,-121.39373066825598,0.9642897844314575
Akawa_Butte,0720,541,361,44.4491032817461,-121.50673157138583,0.9976722598075867
Akawa_Butte,0720,359,669,44.498199016954516,-121.39032930327883,0.8845431804656982
Akawa_Butte,0720,475,663,44.46690722967882,-121.39259687993027,0.9921041131019592
Akawa_Butte,0720,379,452,44.49280388121733,-121.4723399921724,0.993787407875061
Akawa_Butte,0720,505,645,44.458814526073034,-121.39939960988457,0.9953562617301941
Akawa_Butte,0720,650,391,44.41969979197841,-121.49539368812866,0.9976621866226196
Akawa_Butte,0720,422,422,44.48120433938237,-121.48367787542958,0.9940534234046936
Akawa_Butte,0720,658,395,44.417541737683536,-121.49388197036103,0.9965204000473022
Akawa_Butte,0720,588,329,44.436424712763696,-121.51882531352682,0.7956402897834778
Akawa_Butte,0720,513,370,44.45665647177816,-121.50333020640868,0.9585667252540588
Akawa_Butte,0720,540,629,44.449373038532954,-121.40544648095506,0.991249680519104
Akawa_Butte,0720,543,362,44.44856376817238,-121.50635364194393,0.9978856444358826
Akawa_Butte,0720,593,502,44.4350759288294,-121.4534435200771,0.9984961152076721
Akawa_Butte,0720,548,614,44.44721498423808,-121.41111542258365,0.9834059476852417
Akawa_Butte,0720,396,447,44.488218015840715,-121.47422963938193,0.9977492094039917
Akawa_Butte,0720,529,375,44.452340363188405,-121.50144055919915,0.9968625903129578
Akawa_Butte,0720,607,402,44.43129933381337,-121.49123646426769,0.9992778897285461
Akawa_Butte,0720,608,561,44.43102957702651,-121.43114568300466,0.9955688118934631
Akawa_Butte,0720,629,503,44.42536468450246,-121.4530655906352,0.9972233176231384
Akawa_Butte,0720,642,469,44.42185784627329,-121.46591519166,0.9969779253005981
Akawa_Butte,0720,473,674,44.46744674325254,-121.3884396560693,0.8668607473373413
Akawa_Butte,0720,375,664,44.49388290836477,-121.39221895048836,0.9917144179344177
Akawa_Butte,0720,420,671,44.48174385295609,-121.38957344439501,0.9636286497116089
Akawa_Butte,0720,417,426,44.48255312331667,-121.48216615766195,0.9949966669082642
Akawa_Butte,0720,656,417,44.418081251257256,-121.4855675226391,0.9985212087631226
Akawa_Butte,0720,543,371,44.44856376817238,-121.50295227696678,0.9978113770484924
Akawa_Butte,0720,552,361,44.44613595709064,-121.50673157138583,0.9977794885635376
Akawa_Butte,0720,472,633,44.4677165000394,-121.40393476318744,0.9986588358879089
Akawa_Butte,0720,604,511,44.43210860417395,-121.45004215509995,0.9981331825256348
Akawa_Butte,0720,623,548,44.426983225223616,-121.43605876574944,0.9862703084945679
Akawa_Butte,0720,565,324,44.44262911886147,-121.52071496073636,0.6542450189590454
Akawa_Butte,0720,470,393,44.468256013613114,-121.49463782924485,0.9704443216323853
Akawa_Butte,0720,635,583,44.4237461437813,-121.42283123528273,0.9881461262702942
Akawa_Butte,0720,609,524,44.43075982023965,-121.44512907235517,0.9985443949699402
Akawa_Butte,0720,607,543,44.43129933381337,-121.43794841295897,0.997492790222168
Akawa_Butte,0720,465,642,44.46960479754741,-121.40053339821029,0.9983453154563904
Akawa_Butte,0720,659,495,44.41727198089668,-121.45608902617045,0.9909507036209106
Akawa_Butte,0720,386,552,44.49091558370931,-121.43454704798181,0.9944703578948975
Akawa_Butte,0720,394,490,44.488757529414436,-121.45797867337998,0.997491717338562
Akawa_Butte,0720,615,385,44.4291412795185,-121.49766126478009,0.9981623888015747
Akawa_Butte,0720,625,600,44.426443711649895,-121.41640643477034,0.9207013249397278
Akawa_Butte,0720,382,479,44.49199461085675,-121.46213589724094,0.9952362179756165
Akawa_Butte,0720,460,674,44.47095358148171,-121.3884396560693,0.9588128328323364
Akawa_Butte,0720,636,553,44.423476386994444,-121.43416911853991,0.930535614490509
Akawa_Butte,0720,398,579,44.487678502267,-121.42434295305036,0.9979382157325745
Akawa_Butte,0720,630,585,44.4250949277156,-121.42207537639892,0.984953761100769
Akawa_Butte,0720,362,620,44.49738974659394,-121.40884784593221,0.9289810657501221
Akawa_Butte,0720,583,594,44.43777349669799,-121.41867401142177,0.7653656005859375
Akawa_Butte,0720,534,344,44.45099157925411,-121.51315637189823,0.9744571447372437
Akawa_Butte,0720,375,461,44.49388290836477,-121.46893862719524,0.9927846789360046
Akawa_Butte,0720,651,490,44.41943003519155,-121.45797867337998,0.9949702620506287
Akawa_Butte,0720,560,339,44.443977902795766,-121.51504601910776,0.9819536805152893
Akawa_Butte,0720,385,453,44.49118534049617,-121.4719620627305,0.996698796749115
Akawa_Butte,0720,491,652,44.46259112108907,-121.39675410379122,0.9913511872291565
Akawa_Butte,0720,522,394,44.45422866069642,-121.49425989980294,0.9974031448364258
Akawa_Butte,0720,440,655,44.476348717218904,-121.39562031546551,0.9890273213386536
Akawa_Butte,0720,437,431,44.47715798757948,-121.48027651045243,0.9974715113639832
Akawa_Butte,0720,599,331,44.433457388108245,-121.51806945464301,0.9005066752433777
Akawa_Butte,0720,673,475,44.413495385880644,-121.46364761500857,0.67217618227005
Akawa_Butte,0720,577,318,44.439392037419154,-121.52298253738779,0.532425045967102
Akawa_Butte,0720,428,432,44.47958579866121,-121.47989858101052,0.9975661635398865
Akawa_Butte,0720,590,516,44.43588519918998,-121.44815250789043,0.9985174536705017
Akawa_Butte,0720,533,372,44.45126133604097,-121.50257434752487,0.9968729615211487
Akawa_Butte,0720,375,591,44.49388290836477,-121.41980779974749,0.7648620009422302
Akawa_Butte,0720,374,605,44.494152665151624,-121.4145167875608,0.9849031567573547
Akawa_Butte,0720,624,482,44.42671346843676,-121.46100210891522,0.9958536028862
Akawa_Butte,0720,619,366,44.428062252371056,-121.5048419241763,0.9624690413475037
Akawa_Butte,0720,403,675,44.486329718332705,-121.3880617266274,0.9377241134643555
Akawa_Butte,0720,547,329,44.44748474102494,-121.51882531352682,0.5072344541549683
Akawa_Butte,0720,589,591,44.43615495597684,-121.41980779974749,0.8307372331619263
Akawa_Butte,0720,445,412,44.4749999332846,-121.48745716984864,0.9970735907554626
Akawa_Butte,0720,616,340,44.42887152273163,-121.51466808966586,0.9969063997268677
Akawa_Butte,0720,369,645,44.49550144908592,-121.39939960988457,0.9960750341415405
Akawa_Butte,0720,429,676,44.479316041874355,-121.38768379718549,0.9238368272781372
Akawa_Butte,0720,517,638,44.45557744463072,-121.40204511597791,0.9923244714736938
Akawa_Butte,0720,443,662,44.47553944685832,-121.39297480937218,0.9652779698371887
Akawa_Butte,0720,502,639,44.45962379643361,-121.401667186536,0.9982456564903259
Akawa_Butte,0720,545,641,44.44802425459866,-121.4009113276522,0.9642999172210693
Akawa_Butte,0720,636,576,44.423476386994444,-121.42547674137607,0.9883590936660767
Akawa_Butte,0720,378,531,44.49307363800419,-121.44248356626184,0.8227053284645081
Akawa_Butte,0720,618,486,44.42833200915791,-121.4594903911476,0.9962844848632812
Akawa_Butte,0720,653,405,44.41889052161783,-121.49010267594197,0.9983497858047485
Akawa_Butte,0720,523,357,44.453958903909566,-121.50824328915346,0.9914218783378601
Akawa_Butte,0720,632,379,44.424555414141885,-121.49992884143153,0.9405795335769653
Akawa_Butte,0720,576,357,44.43966179420601,-121.50824328915346,0.9958877563476562
Akawa_Butte,0720,659,396,44.41727198089668,-121.49350404091913,0.9966027736663818
Akawa_Butte,0720,526,349,44.45314963354899,-121.51126672468871,0.9917412400245667
Akawa_Butte,0720,550,662,44.44667547066436,-121.39297480937218,0.8677340149879456
Akawa_Butte,0720,363,628,44.49711998980708,-121.40582441039697,0.9908939599990845
Akawa_Butte,0720,548,335,44.44721498423808,-121.51655773687538,0.9215466976165771
Akawa_Butte,0720,643,555,44.42158808948643,-121.43341325965609,0.9412569403648376
Akawa_Butte,0720,446,666,44.474730176497744,-121.39146309160455,0.9752757549285889
Akawa_Butte,0720,573,580,44.440471064566594,-121.42396502360845,0.9986679553985596
Akawa_Butte,0720,637,391,44.42320663020759,-121.49539368812866,0.9982761144638062
Akawa_Butte,0720,578,588,44.4391222806323,-121.4209415880732,0.9856289625167847
Akawa_Butte,0720,418,431,44.482283366529806,-121.48027651045243,0.9956853985786438
Akawa_Butte,0720,424,672,44.48066482580865,-121.38919551495312,0.9450430870056152
Akawa_Butte,0720,542,379,44.448833524959234,-121.49992884143153,0.9975137114524841
Akawa_Butte,0720,615,495,44.4291412795185,-121.45608902617045,0.995674729347229
Akawa_Butte,0720,416,680,44.48282288010353,-121.38617207941786,0.9222142696380615
Akawa_Butte,0720,628,387,44.42563444128932,-121.49690540589629,0.9981850385665894
Akawa_Butte,0720,539,617,44.44964279531981,-121.40998163425793,0.9979369640350342
Akawa_Butte,0720,613,559,44.42968079309221,-121.43190154188848,0.9939897656440735
Akawa_Butte,0720,553,655,44.44586620030378,-121.39562031546551,0.9546946287155151
Akawa_Butte,0720,377,680,44.49334339479105,-121.38617207941786,0.844809353351593
Akawa_Butte,0720,388,494,44.490376070135596,-121.45646695561236,0.9950257539749146
Akawa_Butte,0720,430,653,44.4790462850875,-121.39637617434933,0.9981586337089539
Akawa_Butte,0720,485,632,44.46420966181022,-121.40431269262935,0.9990161657333374
Akawa_Butte,0720,389,481,44.49010631334873,-121.46138003835713,0.9962764978408813
Akawa_Butte,0720,550,356,44.44667547066436,-121.50862121859537,0.996914267539978
Akawa_Butte,0720,635,586,44.4237461437813,-121.42169744695701,0.9856740236282349
Akawa_Butte,0720,395,443,44.48848777262758,-121.47574135714956,0.9969092011451721
Akawa_Butte,0720,481,388,44.46528868895766,-121.49652747645438,0.6495826244354248
Akawa_Butte,0720,387,526,44.49064582692245,-121.44437321347137,0.9891981482505798
Akawa_Butte,0720,424,669,44.48066482580865,-121.39032930327883,0.9678199291229248
Akawa_Butte,0720,399,431,44.48740874548014,-121.48027651045243,0.9820922017097473
Akawa_Butte,0720,623,350,44.426983225223616,-121.5108887952468,0.9910343885421753
Akawa_Butte,0720,424,413,44.48066482580865,-121.48707924040673,0.6905915141105652
Akawa_Butte,0720,370,661,44.495231692299065,-121.39335273881407,0.985466480255127
Akawa_Butte,0720,546,640,44.4477544978118,-121.4012892570941,0.9514119625091553
Akawa_Butte,0720,647,470,44.42050906233899,-121.46553726221809,0.9963867664337158
Akawa_Butte,0720,382,545,44.49199461085675,-121.43719255407515,0.9857938885688782
Akawa_Butte,0720,556,335,44.4450569299432,-121.51655773687538,0.9721390604972839
Akawa_Butte,0720,482,669,44.4650189321708,-121.39032930327883,0.9760767817497253
Akawa_Butte,0720,634,342,44.424015900568165,-121.51391223078204,0.9945729374885559
Akawa_Butte,0720,384,479,44.49145509728303,-121.46213589724094,0.9963173866271973
Akawa_Butte,0720,389,561,44.49010631334873,-121.43114568300466,0.9958702325820923
Akawa_Butte,0720,587,313,44.43669446955056,-121.52487218459731,0.5522700548171997
Akawa_Butte,0720,615,343,44.4291412795185,-121.51353430134014,0.9972680807113647
Akawa_Butte,0720,661,391,44.41673246732296,-121.49539368812866,0.9818487167358398
Akawa_Butte,0720,594,595,44.43480617204254,-121.41829608197986,0.6757228970527649
Akawa_Butte,0720,541,369,44.4491032817461,-121.50370813585059,0.9977436661720276
Akawa_Butte,0720,628,613,44.42563444128932,-121.41149335202556,0.9652977585792542
Akawa_Butte,0720,541,383,44.4491032817461,-121.4984171236639,0.9973964691162109
Akawa_Butte,0720,371,490,44.4949619355122,-121.45797867337998,0.9565055966377258
Akawa_Butte,0720,532,386,44.45153109282783,-121.49728333533818,0.9971883296966553
Akawa_Butte,0720,646,469,44.42077881912585,-121.46591519166,0.9963638782501221
Akawa_Butte,0720,655,393,44.41835100804411,-121.49463782924485,0.9968770742416382
Akawa_Butte,0720,607,358,44.43129933381337,-121.50786535971154,0.9923696517944336
Akawa_Butte,0720,630,596,44.4250949277156,-121.41791815253796,0.9756432175636292
Akawa_Butte,0720,387,574,44.49064582692245,-121.42623260025988,0.9891154170036316
Akawa_Butte,0720,398,437,44.487678502267,-121.478008933801,0.9961531758308411
Akawa_Butte,0720,635,379,44.4237461437813,-121.49992884143153,0.9109305739402771
Akawa_Butte,0720,371,653,44.4949619355122,-121.39637617434933,0.9965198040008545
Akawa_Butte,0720,384,497,44.49145509728303,-121.45533316728664,0.9945247769355774
Akawa_Butte,0720,368,635,44.495771205872785,-121.40317890430363,0.9961787462234497
Akawa_Butte,0720,541,346,44.4491032817461,-121.51240051301443,0.9911259412765503
Akawa_Butte,0720,648,452,44.42023930555213,-121.4723399921724,0.9979153275489807
Akawa_Butte,0720,652,408,44.419160278404696,-121.48896888761625,0.9983609914779663
Akawa_Butte,0720,542,630,44.448833524959234,-121.40506855151315,0.9850751757621765
Akawa_Butte,0720,538,338,44.449912552106674,-121.51542394854967,0.87721848487854
Akawa_Butte,0720,607,359,44.43129933381337,-121.50748743026965,0.9909533262252808
Akawa_Butte,0720,595,363,44.434536415255685,-121.50597571250202,0.9955490827560425
Akawa_Butte,0720,605,317,44.43183884738709,-121.52336046682969,0.7995311617851257
Akawa_Butte,0720,526,343,44.45314963354899,-121.51353430134014,0.9362443089485168
Akawa_Butte,0720,597,323,44.433996901681965,-121.52109289017825,0.7292459011077881
Akawa_Butte,0720,562,589,44.443438389222045,-121.4205636586313,0.9970579147338867
Akawa_Butte,0720,471,654,44.46798625682626,-121.39599824490742,0.9966508150100708
Akawa_Butte,0720,623,569,44.426983225223616,-121.42812224746942,0.9592204689979553
Akawa_Butte,0720,598,380,44.4337271448951,-121.49955091198962,0.9990996718406677
Akawa_Butte,0720,629,507,44.42536468450246,-121.45155387286758,0.9958015084266663
Akawa_Butte,0720,491,629,44.46259112108907,-121.40544648095506,0.9992067217826843
Akawa_Butte,0720,540,377,44.449373038532954,-121.50068470031535,0.9976615905761719
Akawa_Butte,0720,603,361,44.432378360960804,-121.50673157138583,0.9931363463401794
Akawa_Butte,0720,661,476,44.41673246732296,-121.46326968556666,0.958550214767456
Akawa_Butte,0720,617,378,44.42860176594478,-121.50030677087344,0.9982699751853943
Akawa_Butte,0720,498,655,44.46070282358105,-121.39562031546551,0.9875932335853577
Akawa_Butte,0720,621,324,44.427522738797336,-121.52071496073636,0.976000189781189
Akawa_Butte,0720,445,415,44.4749999332846,-121.48632338152292,0.9975844621658325
Akawa_Butte,0720,606,481,44.43156909060023,-121.46138003835713,0.9989321231842041
Akawa_Butte,0720,377,431,44.49334339479105,-121.48027651045243,0.5689711570739746
Akawa_Butte,0720,553,652,44.44586620030378,-121.39675410379122,0.963173508644104
Akawa_Butte,0720,666,479,44.41538368338866,-121.46213589724094,0.9074603319168091
Akawa_Butte,0720,582,584,44.43804325348486,-121.42245330584083,0.9933739304542542
Akawa_Butte,0720,646,432,44.42077881912585,-121.47989858101052,0.9989201426506042
Akawa_Butte,0720,620,619,44.42779249558419,-121.40922577537413,0.8916066288948059
Akawa_Butte,0720,524,356,44.4536891471227,-121.50862121859537,0.9921329021453857
Akawa_Butte,0720,393,429,44.4890272862013,-121.48103236933623,0.6281616687774658
Akawa_Butte,0720,365,610,44.49658047623336,-121.41262714035128,0.8610044121742249
Akawa_Butte,0720,396,476,44.488218015840715,-121.46326968556666,0.998077929019928
Akawa_Butte,0720,637,562,44.42320663020759,-121.43076775356276,0.9730761647224426
Akawa_Butte,0720,521,631,44.454498417483286,-121.40469062207126,0.9974061846733093
Akawa_Butte,0720,385,501,44.49118534049617,-121.45382144951901,0.9936036467552185
Akawa_Butte,0720,398,688,44.487678502267,-121.38314864388262,0.6061580181121826
Akawa_Butte,0720,574,350,44.44020130777973,-121.5108887952468,0.9962641000747681
Akawa_Butte,0720,550,665,44.44667547066436,-121.39184102104646,0.8267760872840881
Akawa_Butte,0720,618,617,44.42833200915791,-121.40998163425793,0.5268833041191101
Akawa_Butte,0720,377,466,44.49334339479105,-121.46704897998572,0.9955212473869324
Akawa_Butte,0720,507,633,44.458275012499314,-121.40393476318744,0.9983856081962585
Akawa_Butte,0720,421,661,44.48147409616923,-121.39335273881407,0.9901955723762512
Akawa_Butte,0720,457,645,44.47176285184229,-121.39939960988457,0.9982077479362488
Akawa_Butte,0720,377,463,44.49334339479105,-121.46818276831144,0.9954935908317566
Akawa_Butte,0720,370,626,44.495231692299065,-121.40658026928078,0.9957043528556824
Akawa_Butte,0720,665,426,44.41565344017552,-121.48216615766195,0.9976161122322083
Akawa_Butte,0720,428,650,44.47958579866121,-121.39750996267504,0.9986728429794312
Akawa_Butte,0720,628,600,44.42563444128932,-121.41640643477034,0.9511170387268066
Akawa_Butte,0720,394,474,44.488757529414436,-121.46402554445048,0.9981096982955933
Akawa_Butte,0720,671,485,44.414034899454364,-121.45986832058951,0.9567067623138428
Akawa_Butte,0720,399,493,44.48740874548014,-121.45684488505427,0.998262882232666
Akawa_Butte,0720,399,429,44.48740874548014,-121.48103236933623,0.9436379671096802
Akawa_Butte,0720,633,594,44.42428565735502,-121.41867401142177,0.9754250049591064
Akawa_Butte,0720,664,428,44.41592319696238,-121.48141029877814,0.9975836873054504
Akawa_Butte,0720,567,581,44.44208960528775,-121.42358709416655,0.9986514449119568
Akawa_Butte,0720,617,542,44.42860176594478,-121.43832634240087,0.9834994673728943
Akawa_Butte,0720,377,570,44.49334339479105,-121.42774431802751,0.6435602903366089
Akawa_Butte,0720,585,344,44.43723398312428,-121.51315637189823,0.9905998110771179
Akawa_Butte,0720,629,591,44.42536468450246,-121.41980779974749,0.9796088337898254
Akawa_Butte,0720,440,409,44.476348717218904,-121.48859095817436,0.9948810338973999
Akawa_Butte,0720,390,471,44.489836556561876,-121.4651593327762,0.9976266026496887
Akawa_Butte,0720,548,619,44.44721498423808,-121.40922577537413,0.9688935875892639
Akawa_Butte,0720,573,309,44.440471064566594,-121.52638390236494,0.533720076084137
Akawa_Butte,0720,539,614,44.44964279531981,-121.41111542258365,0.9978925585746765
Akawa_Butte,0720,646,433,44.42077881912585,-121.4795206515686,0.9988946318626404
Akawa_Butte,0720,367,447,44.49604096265964,-121.47422963938193,0.6605117917060852
Akawa_Butte,0720,602,324,44.43264811774767,-121.52071496073636,0.8578779697418213
Akawa_Butte,0720,536,345,44.450452065680395,-121.51277844245632,0.9885327816009521
Akawa_Butte,0720,391,487,44.48956679977501,-121.4591124617057,0.9967927932739258
Akawa_Butte,0720,482,655,44.4650189321708,-121.39562031546551,0.996060848236084
Akawa_Butte,0720,622,324,44.42725298201048,-121.52071496073636,0.9779566526412964
Akawa_Butte,0720,653,454,44.41889052161783,-121.47158413328859,0.9974298477172852
Akawa_Butte,0720,632,468,44.424555414141885,-121.46629312110191,0.997758686542511
Akawa_Butte,0720,633,606,44.42428565735502,-121.4141388581189,0.9762082099914551
Akawa_Butte,0720,595,524,44.434536415255685,-121.44512907235517,0.9988505244255066
Akawa_Butte,0720,652,412,44.419160278404696,-121.48745716984864,0.9985378980636597
Akawa_Butte,0720,495,648,44.46151209394163,-121.39826582155885,0.9949942827224731
Akawa_Butte,0720,573,596,44.440471064566594,-121.41791815253796,0.901291012763977
Akawa_Butte,0720,524,345,44.4536891471227,-121.51277844245632,0.9626435041427612
Akawa_Butte,0720,563,602,44.44316863243519,-121.41565057588652,0.9470767378807068
Akawa_Butte,0720,607,494,44.43129933381337,-121.45646695561236,0.9976625442504883
Akawa_Butte,0720,602,595,44.43264811774767,-121.41829608197986,0.5901169776916504
Akawa_Butte,0720,643,383,44.42158808948643,-121.4984171236639,0.973781943321228
Akawa_Butte,0720,416,421,44.48282288010353,-121.48405580487149,0.9840880632400513
Akawa_Butte,0720,630,467,44.4250949277156,-121.46667105054381,0.9980846047401428
Akawa_Butte,0720,389,559,44.49010631334873,-121.43190154188848,0.9961308240890503
Akawa_Butte,0720,433,431,44.478237014726915,-121.48027651045243,0.9970829486846924
Akawa_Butte,0720,467,400,44.4690652839737,-121.4919923231515,0.995663046836853
Akawa_Butte,0720,669,415,44.414574413028085,-121.48632338152292,0.9969906806945801
Akawa_Butte,0720,386,503,44.49091558370931,-121.4530655906352,0.9937771558761597
Akawa_Butte,0720,623,545,44.426983225223616,-121.43719255407515,0.9847903251647949
Akawa_Butte,0720,627,568,44.42590419807618,-121.42850017691133,0.9405713677406311
Akawa_Butte,0720,584,354,44.437503739911136,-121.50937707747917,0.9960635304450989
Akawa_Butte,0720,359,650,44.498199016954516,-121.39750996267504,0.9929326176643372
Akawa_Butte,0720,365,612,44.49658047623336,-121.41187128146747,0.903201162815094
Akawa_Butte,0720,552,605,44.44613595709064,-121.4145167875608,0.9939396977424622
Akawa_Butte,0720,512,626,44.45692622856502,-121.40658026928078,0.9989316463470459
Akawa_Butte,0720,629,338,44.42536468450246,-121.51542394854967,0.9963290691375732
Akawa_Butte,0720,635,337,44.4237461437813,-121.51580187799158,0.9974178075790405
Akawa_Butte,0720,472,393,44.4677165000394,-121.49463782924485,0.9631670117378235
Akawa_Butte,0720,560,594,44.443977902795766,-121.41867401142177,0.9955676794052124
Akawa_Butte,0720,565,647,44.44262911886147,-121.39864375100076,0.745254397392273
Akawa_Butte,0720,617,588,44.42860176594478,-121.4209415880732,0.8815256953239441
Akawa_Butte,0720,537,610,44.45018230889353,-121.41262714035128,0.9982110261917114
Akawa_Butte,0720,651,452,44.41943003519155,-121.4723399921724,0.9975748658180237
Akawa_Butte,0720,355,643,44.499278044101956,-121.40015546876839,0.9800461530685425
Akawa_Butte,0720,384,597,44.49145509728303,-121.41754022309605,0.9901952147483826
Akawa_Butte,0720,636,396,44.423476386994444,-121.49350404091913,0.9984816312789917
Akawa_Butte,0720,437,674,44.47715798757948,-121.3884396560693,0.932266116142273
Akawa_Butte,0720,493,660,44.46205160751535,-121.39373066825598,0.9868136644363403
Akawa_Butte,0720,626,612,44.42617395486304,-121.41187128146747,0.9459971785545349
Akawa_Butte,0720,370,627,44.495231692299065,-121.40620233983887,0.9958885908126831
Akawa_Butte,0720,430,684,44.4790462850875,-121.38466036165025,0.571735143661499
Akawa_Butte,0720,531,383,44.45180084961469,-121.4984171236639,0.9970552921295166
Akawa_Butte,0720,607,353,44.43129933381337,-121.50975500692108,0.9919800758361816
Akawa_Butte,0720,611,386,44.43022030666593,-121.49728333533818,0.9983710646629333
Akawa_Butte,0720,362,641,44.49738974659394,-121.4009113276522,0.9947682619094849
Akawa_Butte,0720,426,664,44.48012531223493,-121.39221895048836,0.9644841551780701
Akawa_Butte,0720,640,484,44.422397359847004,-121.46024625003142,0.9954392910003662
Akawa_Butte,0720,540,628,44.449373038532954,-121.40582441039697,0.9923949241638184
Akawa_Butte,0720,642,448,44.42185784627329,-121.47385170994002,0.9985405206680298
Akawa_Butte,0720,439,422,44.47661847400576,-121.48367787542958,0.997667670249939
Akawa_Butte,0720,460,662,44.47095358148171,-121.39297480937218,0.9845466613769531
Akawa_Butte,0720,635,546,44.4237461437813,-121.43681462463326,0.7825533747673035
Akawa_Butte,0720,666,415,44.41538368338866,-121.48632338152292,0.9976642727851868
Akawa_Butte,0720,370,475,44.495231692299065,-121.46364761500857,0.9259260296821594
Akawa_Butte,0720,673,423,44.413495385880644,-121.48329994598767,0.7305799126625061
Akawa_Butte,0720,374,636,44.494152665151624,-121.40280097486172,0.9978930354118347
Akawa_Butte,0720,529,345,44.452340363188405,-121.51277844245632,0.9768232107162476
Akawa_Butte,0720,619,533,44.428062252371056,-121.44172770737802,0.9927524328231812
Akawa_Butte,0720,458,671,44.47149309505543,-121.38957344439501,0.9723396897315979
Akawa_Butte,0720,623,530,44.426983225223616,-121.44286149570374,0.9541546106338501
Akawa_Butte,0720,372,630,44.494692178725344,-121.40506855151315,0.9967622756958008
Akawa_Butte,0720,376,679,44.493613151577904,-121.38655000885977,0.8848525285720825
Akawa_Butte,0720,422,416,44.48120433938237,-121.48594545208101,0.9328190088272095
Akawa_Butte,0720,388,480,44.490376070135596,-121.46175796779903,0.9963876008987427
Akawa_Butte,0720,394,459,44.488757529414436,-121.46969448607906,0.9983513355255127
Akawa_Butte,0720,379,441,44.49280388121733,-121.47649721603337,0.9751209616661072
Akawa_Butte,0720,411,450,44.484171664037824,-121.47309585105621,0.9978677034378052
Akawa_Butte,0720,647,482,44.42050906233899,-121.46100210891522,0.9960741400718689
Akawa_Butte,0720,635,492,44.4237461437813,-121.45722281449616,0.9983517527580261
Akawa_Butte,0720,545,380,44.44802425459866,-121.49955091198962,0.9977508187294006
Akawa_Butte,0720,391,688,44.48956679977501,-121.38314864388262,0.5072280168533325
Akawa_Butte,0720,624,375,44.42671346843676,-121.50144055919915,0.9805734753608704
Akawa_Butte,0720,485,654,44.46420966181022,-121.39599824490742,0.9955909252166748
Akawa_Butte,0720,640,576,44.422397359847004,-121.42547674137607,0.9848228096961975
Akawa_Butte,0720,471,396,44.46798625682626,-121.49350404091913,0.9873942136764526
Akawa_Butte,0720,382,488,44.49199461085675,-121.45873453226379,0.9902191162109375
Akawa_Butte,0720,551,350,44.446405713877496,-121.5108887952468,0.9951982498168945
Akawa_Butte,0720,626,522,44.42617395486304,-121.445884931239,0.6338200569152832
Akawa_Butte,0720,588,338,44.436424712763696,-121.51542394854967,0.9893705248832703
Akawa_Butte,0720,603,405,44.432378360960804,-121.49010267594197,0.9995371103286743
Akawa_Butte,0720,371,449,44.4949619355122,-121.47347378049813,0.9631646275520325
Akawa_Butte,0720,368,494,44.495771205872785,-121.45646695561236,0.7610053420066833
Akawa_Butte,0720,619,555,44.428062252371056,-121.43341325965609,0.9795662760734558
Akawa_Butte,0720,655,427,44.41835100804411,-121.48178822822004,0.9986447691917419
Akawa_Butte,0720,611,370,44.43022030666593,-121.50333020640868,0.9967822432518005
Akawa_Butte,0720,642,405,44.42185784627329,-121.49010267594197,0.9988335371017456
Akawa_Butte,0720,615,369,44.4291412795185,-121.50370813585059,0.9922856092453003
Akawa_Butte,0720,378,616,44.49307363800419,-121.41035956369984,0.9939948320388794
Akawa_Butte,0720,381,459,44.49226436764361,-121.46969448607906,0.9968680143356323
Akawa_Butte,0720,524,651,44.4536891471227,-121.39713203323313,0.9332261085510254
Akawa_Butte,0720,630,380,44.4250949277156,-121.49955091198962,0.9822524189949036
Akawa_Butte,0720,377,601,44.49334339479105,-121.41602850532843,0.9861071705818176
Akawa_Butte,0720,381,503,44.49226436764361,-121.4530655906352,0.9780478477478027
Akawa_Butte,0720,600,520,44.43318763132139,-121.4466407901228,0.9984525442123413
Akawa_Butte,0720,511,618,44.45719598535188,-121.40960370481604,0.9992924332618713
Akawa_Butte,0720,447,651,44.47446041971089,-121.39713203323313,0.9974775910377502
Akawa_Butte,0720,606,494,44.43156909060023,-121.45646695561236,0.9977288842201233
Akawa_Butte,0720,537,624,44.45018230889353,-121.40733612816459,0.9974930286407471
Akawa_Butte,0720,599,357,44.433457388108245,-121.50824328915346,0.9951248168945312
Akawa_Butte,0720,451,421,44.47338139256345,-121.48405580487149,0.9975107908248901
Akawa_Butte,0720,467,391,44.4690652839737,-121.49539368812866,0.8710247278213501
Akawa_Butte,0720,620,609,44.42779249558419,-121.41300506979319,0.597656786441803
Akawa_Butte,0720,407,441,44.485250691185264,-121.47649721603337,0.9977937936782837
Akawa_Butte,0720,513,634,44.45665647177816,-121.40355683374554,0.9982233047485352
Akawa_Butte,0720,669,418,44.414574413028085,-121.4851895931972,0.9956392645835876
Akawa_Butte,0720,664,436,44.41592319696238,-121.47838686324289,0.986703634262085
Akawa_Butte,0720,544,360,44.448294011385514,-121.50710950082774,0.9975818395614624
Akawa_Butte,0720,630,382,44.4250949277156,-121.49879505310581,0.9946646690368652
Akawa_Butte,0720,469,389,44.46852577039998,-121.49614954701246,0.6608260869979858
Akawa_Butte,0720,453,641,44.472841878989726,-121.4009113276522,0.998615026473999
Akawa_Butte,0720,627,455,44.42590419807618,-121.47120620384668,0.9994494318962097
Akawa_Butte,0720,634,598,44.424015900568165,-121.41716229365414,0.9831470251083374
Akawa_Butte,0720,367,667,44.49604096265964,-121.39108516216264,0.9587824940681458
Akawa_Butte,0720,471,397,44.46798625682626,-121.49312611147722,0.9904850125312805
Akawa_Butte,0720,350,655,44.50062682803625,-121.39562031546551,0.9530845284461975
Akawa_Butte,0720,365,672,44.49658047623336,-121.38919551495312,0.90524822473526
Akawa_Butte,0720,608,494,44.43102957702651,-121.45646695561236,0.9973393678665161
Akawa_Butte,0720,356,650,44.4990082873151,-121.39750996267504,0.9836598634719849
Akawa_Butte,0720,664,430,44.41592319696238,-121.48065443989432,0.9970974922180176
Akawa_Butte,0720,616,586,44.42887152273163,-121.42169744695701,0.882594108581543
Akawa_Butte,0720,642,436,44.42185784627329,-121.47838686324289,0.9991825222969055
Akawa_Butte,0720,551,337,44.446405713877496,-121.51580187799158,0.9711982607841492
Akawa_Butte,0720,597,332,44.433996901681965,-121.5176915252011,0.9084229469299316
Akawa_Butte,0720,632,550,44.424555414141885,-121.43530290686563,0.7281243205070496
Akawa_Butte,0720,588,516,44.436424712763696,-121.44815250789043,0.9987785220146179
Akawa_Butte,0720,602,373,44.43264811774767,-121.50219641808296,0.9990749359130859
Akawa_Butte,0720,389,675,44.49010631334873,-121.3880617266274,0.9442534446716309
Akawa_Butte,0720,594,359,44.43480617204254,-121.50748743026965,0.9941419959068298
Akawa_Butte,0720,501,668,44.459893553220475,-121.39070723272074,0.8853384256362915
Akawa_Butte,0720,399,441,44.48740874548014,-121.47649721603337,0.9972431063652039
Akawa_Butte,0720,545,603,44.44802425459866,-121.41527264644462,0.998308539390564
Akawa_Butte,0720,603,501,44.432378360960804,-121.45382144951901,0.9978491067886353
Akawa_Butte,0720,393,470,44.4890272862013,-121.46553726221809,0.9981737732887268
Akawa_Butte,0720,637,506,44.42320663020759,-121.45193180230949,0.9912946224212646
Akawa_Butte,0720,592,593,44.43534568561626,-121.41905194086368,0.6398401260375977
Akawa_Butte,0720,375,478,44.49388290836477,-121.46251382668285,0.9899703860282898
Akawa_Butte,0720,632,567,44.424555414141885,-121.42887810635322,0.9752074480056763
Akawa_Butte,0720,592,573,44.43534568561626,-121.42661052970179,0.9984001517295837
Akawa_Butte,0720,604,504,44.43210860417395,-121.4526876611933,0.997748851776123
Akawa_Butte,0720,422,687,44.48120433938237,-121.38352657332453,0.5954180359840393
Akawa_Butte,0720,542,638,44.448833524959234,-121.40204511597791,0.9761850833892822
Akawa_Butte,0720,621,539,44.427522738797336,-121.43946013072659,0.9953191876411438
Akawa_Butte,0720,409,668,44.484711177611544,-121.39070723272074,0.9729223251342773
Akawa_Butte,0720,548,327,44.44721498423808,-121.51958117241064,0.5752288103103638
Akawa_Butte,0720,627,599,44.42590419807618,-121.41678436421223,0.9642229080200195
Akawa_Butte,0720,594,491,44.43480617204254,-121.45760074393807,0.9990811347961426
Akawa_Butte,0720,527,347,44.452879876762125,-121.51202258357252,0.9867454171180725
Akawa_Butte,0720,583,363,44.43777349669799,-121.50597571250202,0.9956492781639099
Akawa_Butte,0720,500,667,44.46016331000733,-121.39108516216264,0.9381045699119568
Akawa_Butte,0720,548,366,44.44721498423808,-121.5048419241763,0.9978892207145691
Akawa_Butte,0720,414,436,44.48336239367725,-121.47838686324289,0.9979220628738403
Akawa_Butte,0720,375,561,44.49388290836477,-121.43114568300466,0.5491387844085693
Akawa_Butte,0720,607,332,44.43129933381337,-121.5176915252011,0.9603003263473511
Akawa_Butte,0720,584,595,44.437503739911136,-121.41829608197986,0.7282688617706299
Akawa_Butte,0720,505,387,44.458814526073034,-121.49690540589629,0.9722478985786438
Akawa_Butte,0720,436,668,44.47742774436634,-121.39070723272074,0.9415112137794495
Akawa_Butte,0720,608,478,44.43102957702651,-121.46251382668285,0.9988970756530762
Akawa_Butte,0720,612,367,44.429950549879074,-121.5044639947344,0.993233859539032
Akawa_Butte,0720,591,507,44.43561544240312,-121.45155387286758,0.9981073141098022
Akawa_Butte,0720,657,428,44.41781149447039,-121.48141029877814,0.9982998371124268
Akawa_Butte,0720,641,483,44.42212760306015,-121.46062417947331,0.9952089190483093
Akawa_Butte,0720,391,684,44.48956679977501,-121.38466036165025,0.7871007323265076
Akawa_Butte,0720,584,382,44.437503739911136,-121.49879505310581,0.9994204640388489
Akawa_Butte,0720,500,669,44.46016331000733,-121.39032930327883,0.8758835196495056
Akawa_Butte,0720,438,432,44.47688823079262,-121.47989858101052,0.997471034526825
Akawa_Butte,0720,532,365,44.45153109282783,-121.50521985361821,0.9955189228057861
Akawa_Butte,0720,623,365,44.426983225223616,-121.50521985361821,0.8303243517875671
Akawa_Butte,0720,607,509,44.43129933381337,-121.45079801398377,0.9986329078674316
Akawa_Butte,0720,435,670,44.4776975011532,-121.38995137383692,0.9331303834915161
Akawa_Butte,0720,489,408,44.46313063466279,-121.48896888761625,0.9980621337890625
Akawa_Butte,0720,431,417,44.478776528300635,-121.4855675226391,0.9950209259986877
Akawa_Butte,0720,389,596,44.49010631334873,-121.41791815253796,0.993629515171051
Akawa_Butte,0720,455,641,44.472302365416006,-121.4009113276522,0.9986090064048767
Akawa_Butte,0720,530,352,44.45207060640155,-121.510132936363,0.9956285357475281
Akawa_Butte,0720,490,385,44.462860877875926,-121.49766126478009,0.8284374475479126
Akawa_Butte,0720,424,656,44.48066482580865,-121.39524238602361,0.9978022575378418
Akawa_Butte,0720,381,497,44.49226436764361,-121.45533316728664,0.9865292906761169
Akawa_Butte,0720,525,372,44.453419390335846,-121.50257434752487,0.9952700138092041
Akawa_Butte,0720,592,386,44.43534568561626,-121.49728333533818,0.9992049336433411
Akawa_Butte,0720,637,599,44.42320663020759,-121.41678436421223,0.9800252318382263
Akawa_Butte,0720,545,669,44.44802425459866,-121.39032930327883,0.7561538219451904
Akawa_Butte,0720,547,630,44.44748474102494,-121.40506855151315,0.8994866609573364
Akawa_Butte,0720,651,401,44.41943003519155,-121.4916143937096,0.9982755184173584
Akawa_Butte,0720,679,474,44.41187684515949,-121.46402554445048,0.7018874287605286
Akawa_Butte,0720,534,612,44.45099157925411,-121.41187128146747,0.9983687996864319
Akawa_Butte,0720,528,345,44.45261011997527,-121.51277844245632,0.976719319820404
Akawa_Butte,0720,435,409,44.4776975011532,-121.48859095817436,0.983018159866333
Akawa_Butte,0720,669,404,44.414574413028085,-121.49048060538388,0.9912407994270325
Akawa_Butte,0720,588,336,44.436424712763696,-121.51617980743347,0.9736531972885132
Akawa_Butte,0720,551,610,44.446405713877496,-121.41262714035128,0.9689761400222778
Akawa_Butte,0720,393,434,44.4890272862013,-121.47914272212671,0.985893726348877
Akawa_Butte,0720,388,668,44.490376070135596,-121.39070723272074,0.9884988069534302
Akawa_Butte,0720,538,339,44.449912552106674,-121.51504601910776,0.9126483201980591
Akawa_Butte,0720,607,389,44.43129933381337,-121.49614954701246,0.998795211315155
Akawa_Butte,0720,616,506,44.42887152273163,-121.45193180230949,0.9958999156951904
Akawa_Butte,0720,546,587,44.4477544978118,-121.42131951751512,0.998776376247406
Akawa_Butte,0720,400,655,44.48713898869328,-121.39562031546551,0.9987959861755371
Akawa_Butte,0720,597,338,44.433996901681965,-121.51542394854967,0.989507794380188
Akawa_Butte,0720,572,315,44.44074082135345,-121.5241163257135,0.5710480809211731
Akawa_Butte,0720,442,665,44.475809203645184,-121.39184102104646,0.9685361385345459
Akawa_Butte,0720,371,663,44.4949619355122,-121.39259687993027,0.977627694606781
Akawa_Butte,0720,667,394,44.4151139266018,-121.49425989980294,0.9689081907272339
Akawa_Butte,0720,543,344,44.44856376817238,-121.51315637189823,0.9874123930931091
Akawa_Butte,0720,550,669,44.44667547066436,-121.39032930327883,0.8766617774963379
Akawa_Butte,0720,386,588,44.49091558370931,-121.4209415880732,0.9837677478790283
Akawa_Butte,0720,548,632,44.44721498423808,-121.40431269262935,0.8809937834739685
Akawa_Butte,0720,625,477,44.426443711649895,-121.46289175612475,0.9976953268051147
Akawa_Butte,0720,354,665,44.49954780088881,-121.39184102104646,0.9093695878982544
Akawa_Butte,0720,458,662,44.47149309505543,-121.39297480937218,0.9868401885032654
Akawa_Butte,0720,623,338,44.426983225223616,-121.51542394854967,0.9956954717636108
Akawa_Butte,0720,423,653,44.48093458259551,-121.39637617434933,0.9983917474746704
Akawa_Butte,0720,637,349,44.42320663020759,-121.51126672468871,0.7039049863815308
Akawa_Butte,0720,617,322,44.42860176594478,-121.52147081962016,0.9586183428764343
Akawa_Butte,0720,665,393,44.41565344017552,-121.49463782924485,0.9823951125144958
Akawa_Butte,0720,644,434,44.42131833269957,-121.47914272212671,0.9990999102592468
Akawa_Butte,0720,664,448,44.41592319696238,-121.47385170994002,0.6300842761993408
Akawa_Butte,0720,608,338,44.43102957702651,-121.51542394854967,0.9880011081695557
Akawa_Butte,0720,634,495,44.424015900568165,-121.45608902617045,0.998757004737854
Akawa_Butte,0720,548,347,44.44721498423808,-121.51202258357252,0.9930070638656616
Akawa_Butte,0720,584,357,44.437503739911136,-121.50824328915346,0.9934918880462646
Akawa_Butte,0720,612,387,44.429950549879074,-121.49690540589629,0.9983882308006287
Akawa_Butte,0720,387,687,44.49064582692245,-121.38352657332453,0.5625869631767273
Akawa_Butte,0720,657,431,44.41781149447039,-121.48027651045243,0.9981257915496826
Akawa_Butte,0720,656,412,44.418081251257256,-121.48745716984864,0.9982985854148865
Akawa_Butte,0720,422,440,44.48120433938237,-121.47687514547528,0.9979082345962524
Akawa_Butte,0720,627,563,44.42590419807618,-121.43038982412085,0.9410948157310486
Akawa_Butte,0720,537,637,44.45018230889353,-121.40242304541982,0.9882985949516296
Akawa_Butte,0720,375,521,44.49388290836477,-121.4462628606809,0.7571471333503723
Akawa_Butte,0720,458,636,44.47149309505543,-121.40280097486172,0.9988340735435486
Akawa_Butte,0720,560,586,44.443977902795766,-121.42169744695701,0.9983925819396973
Akawa_Butte,0720,665,485,44.41565344017552,-121.45986832058951,0.9716014266014099
Akawa_Butte,0720,481,653,44.46528868895766,-121.39637617434933,0.9968061447143555
Akawa_Butte,0720,502,384,44.45962379643361,-121.498039194222,0.9361517429351807
Akawa_Butte,0720,610,522,44.430490063452794,-121.445884931239,0.9985194802284241
Akawa_Butte,0720,528,393,44.45261011997527,-121.49463782924485,0.9973976612091064
Akawa_Butte,0720,608,366,44.43102957702651,-121.5048419241763,0.9969392418861389
Akawa_Butte,0720,596,517,44.43426665846882,-121.44777457844852,0.9986627697944641
Akawa_Butte,0720,575,346,44.439931550992874,-121.51240051301443,0.9887577891349792
Akawa_Butte,0720,618,517,44.42833200915791,-121.44777457844852,0.9964513182640076
Akawa_Butte,0720,517,368,44.45557744463072,-121.5040860652925,0.9857333898544312
Akawa_Butte,0720,623,541,44.426983225223616,-121.43870427184278,0.9878076314926147
Akawa_Butte,0720,471,389,44.46798625682626,-121.49614954701246,0.6827040314674377
Akawa_Butte,0720,607,484,44.43129933381337,-121.46024625003142,0.9987427592277527
Akawa_Butte,0720,665,434,44.41565344017552,-121.47914272212671,0.9822466373443604
Akawa_Butte,0720,572,350,44.44074082135345,-121.5108887952468,0.9970412850379944
Akawa_Butte,0720,629,568,44.42536468450246,-121.42850017691133,0.9526128768920898
Akawa_Butte,0720,533,640,44.45126133604097,-121.4012892570941,0.9822769165039062
Akawa_Butte,0720,373,481,44.49442242193849,-121.46138003835713,0.9834696650505066
Akawa_Butte,0720,612,585,44.429950549879074,-121.42207537639892,0.8952475786209106
Akawa_Butte,0720,585,341,44.43723398312428,-121.51429016022395,0.9907800555229187
Akawa_Butte,0720,641,509,44.42212760306015,-121.45079801398377,0.9764887690544128
Akawa_Butte,0720,548,669,44.44721498423808,-121.39032930327883,0.8310239315032959
Akawa_Butte,0720,651,440,44.41943003519155,-121.47687514547528,0.9979950189590454
Akawa_Butte,0720,379,499,44.49280388121733,-121.45457730840283,0.9748499393463135
Akawa_Butte,0720,651,419,44.41943003519155,-121.4848116637553,0.9988078474998474
Akawa_Butte,0720,616,352,44.42887152273163,-121.510132936363,0.9873164892196655
Akawa_Butte,0720,554,341,44.44559644351692,-121.51429016022395,0.9794061779975891
Akawa_Butte,0720,379,575,44.49280388121733,-121.42585467081798,0.7709704637527466
Akawa_Butte,0720,603,555,44.432378360960804,-121.43341325965609,0.9980338215827942
Akawa_Butte,0720,381,678,44.49226436764361,-121.38692793830168,0.8981013298034668
Akawa_Butte,0720,376,654,44.493613151577904,-121.39599824490742,0.9978213906288147
Akawa_Butte,0720,549,668,44.44694522745122,-121.39070723272074,0.8090855479240417
Akawa_Butte,0720,417,665,44.48255312331667,-121.39184102104646,0.977737307548523
Akawa_Butte,0720,374,665,44.494152665151624,-121.39184102104646,0.983677327632904
Akawa_Butte,0720,466,656,44.469335040760555,-121.39524238602361,0.994682252407074
Akawa_Butte,0720,370,497,44.495231692299065,-121.45533316728664,0.797860860824585
Akawa_Butte,0720,580,596,44.43858276705858,-121.41791815253796,0.7712574601173401
Akawa_Butte,0720,609,540,44.43075982023965,-121.43908220128469,0.9946401119232178
Akawa_Butte,0720,539,649,44.44964279531981,-121.39788789211694,0.9761335253715515
Akawa_Butte,0720,529,643,44.452340363188405,-121.40015546876839,0.9831733107566833
Akawa_Butte,0720,381,477,44.49226436764361,-121.46289175612475,0.9951996207237244
Akawa_Butte,0720,640,583,44.422397359847004,-121.42283123528273,0.9808108806610107
Akawa_Butte,0720,647,452,44.42050906233899,-121.4723399921724,0.9980579018592834
Akawa_Butte,0720,648,461,44.42023930555213,-121.46893862719524,0.9976595044136047
Akawa_Butte,0720,524,383,44.4536891471227,-121.4984171236639,0.9952166676521301
Akawa_Butte,0720,652,409,44.419160278404696,-121.48859095817436,0.9983609318733215
Akawa_Butte,0720,638,478,44.422936873420724,-121.46251382668285,0.9957708120346069
Akawa_Butte,0720,404,449,44.48605996154584,-121.47347378049813,0.9981672167778015
Akawa_Butte,0720,415,430,44.48309263689039,-121.48065443989432,0.9961909055709839
Akawa_Butte,0720,417,674,44.48255312331667,-121.3884396560693,0.9522708654403687
Akawa_Butte,0720,637,464,44.42320663020759,-121.46780483886953,0.9978300929069519
Akawa_Butte,0720,517,383,44.45557744463072,-121.4984171236639,0.9922289252281189
Akawa_Butte,0720,620,489,44.42779249558419,-121.45835660282188,0.994278073310852
Akawa_Butte,0720,558,593,44.444517416369486,-121.41905194086368,0.9979033470153809
Akawa_Butte,0720,655,460,44.41835100804411,-121.46931655663715,0.9956179857254028
Akawa_Butte,0720,606,558,44.43156909060023,-121.43227947133038,0.9974499344825745
Akawa_Butte,0720,596,341,44.43426665846882,-121.51429016022395,0.9974214434623718
Akawa_Butte,0720,383,568,44.49172485406989,-121.42850017691133,0.982200562953949
Akawa_Butte,0720,487,634,44.4636701482365,-121.40355683374554,0.9989751577377319
Akawa_Butte,0720,587,504,44.43669446955056,-121.4526876611933,0.9987887144088745
Akawa_Butte,0720,450,660,44.4736511493503,-121.39373066825598,0.9881386160850525
Akawa_Butte,0720,416,420,44.48282288010353,-121.48443373431338,0.9745537638664246
Akawa_Butte,0720,381,683,44.49226436764361,-121.38503829109214,0.7962082624435425
Akawa_Butte,0720,551,335,44.446405713877496,-121.51655773687538,0.9457689523696899
Akawa_Butte,0720,539,355,44.44964279531981,-121.50899914803726,0.9974255561828613
Akawa_Butte,0720,547,352,44.44748474102494,-121.510132936363,0.996212899684906
Akawa_Butte,0720,545,599,44.44802425459866,-121.41678436421223,0.9985736608505249
Akawa_Butte,0720,547,621,44.44748474102494,-121.40846991649032,0.970119059085846
Akawa_Butte,0720,538,372,44.449912552106674,-121.50257434752487,0.9976521730422974
Akawa_Butte,0720,510,631,44.45746574213874,-121.40469062207126,0.9985647797584534
Akawa_Butte,0720,546,592,44.4477544978118,-121.41942987030558,0.9985997080802917
Akawa_Butte,0720,591,347,44.43561544240312,-121.51202258357252,0.9930809140205383
Akawa_Butte,0720,349,657,44.50089658482311,-121.3948644565817,0.9477113485336304
Akawa_Butte,0720,626,472,44.42617395486304,-121.46478140333429,0.9982601404190063
Akawa_Butte,0720,496,649,44.46124233715477,-121.39788789211694,0.992831826210022
Akawa_Butte,0720,615,393,44.4291412795185,-121.49463782924485,0.9985801577568054
Akawa_Butte,0720,604,343,44.43210860417395,-121.51353430134014,0.9971999526023865
Akawa_Butte,0720,658,421,44.417541737683536,-121.48405580487149,0.9984495639801025
Akawa_Butte,0720,605,523,44.43183884738709,-121.44550700179708,0.9983620047569275
Akawa_Butte,0720,598,346,44.4337271448951,-121.51240051301443,0.9972139596939087
Akawa_Butte,0720,533,368,44.45126133604097,-121.5040860652925,0.9959871768951416
Akawa_Butte,0720,603,537,44.432378360960804,-121.44021598961041,0.9983273148536682
Akawa_Butte,0720,632,352,44.424555414141885,-121.510132936363,0.5647545456886292
Akawa_Butte,0720,599,523,44.433457388108245,-121.44550700179708,0.9988099932670593
Akawa_Butte,0720,672,418,44.4137651426675,-121.4851895931972,0.9411356449127197
Akawa_Butte,0720,376,465,44.493613151577904,-121.46742690942763,0.9954480528831482
Akawa_Butte,0720,621,323,44.427522738797336,-121.52109289017825,0.9729105830192566
Akawa_Butte,0720,616,394,44.42887152273163,-121.49425989980294,0.9987303018569946
Akawa_Butte,0720,634,347,44.424015900568165,-121.51202258357252,0.947719395160675
Akawa_Butte,0720,412,424,44.48390190725097,-121.48292201654577,0.9728594422340393
Akawa_Butte,0720,654,389,44.418620764830976,-121.49614954701246,0.9904378652572632
Akawa_Butte,0720,375,548,44.49388290836477,-121.43605876574944,0.7655181288719177
Akawa_Butte,0720,436,650,44.47742774436634,-121.39750996267504,0.9980735778808594
Akawa_Butte,0720,615,469,44.4291412795185,-121.46591519166,0.9989945292472839
Akawa_Butte,0720,502,390,44.45962379643361,-121.49577161757057,0.9832686185836792
Akawa_Butte,0720,634,492,44.424015900568165,-121.45722281449616,0.9978671073913574
Akawa_Butte,0720,601,325,44.432917874534525,-121.52033703129445,0.8587965369224548
Akawa_Butte,0720,385,682,44.49118534049617,-121.38541622053405,0.7990685701370239
Akawa_Butte,0720,626,576,44.42617395486304,-121.42547674137607,0.9576343297958374
Akawa_Butte,0720,603,533,44.432378360960804,-121.44172770737802,0.9981762766838074
Akawa_Butte,0720,661,447,44.41673246732296,-121.47422963938193,0.9796286225318909
Akawa_Butte,0720,356,620,44.4990082873151,-121.40884784593221,0.5205347537994385
Akawa_Butte,0720,376,661,44.493613151577904,-121.39335273881407,0.9954798817634583
Akawa_Butte,0720,629,337,44.42536468450246,-121.51580187799158,0.9962050914764404
Akawa_Butte,0720,353,660,44.49981755767568,-121.39373066825598,0.9142851829528809
Akawa_Butte,0720,580,354,44.43858276705858,-121.50937707747917,0.996486246585846
Akawa_Butte,0720,447,409,44.47446041971089,-121.48859095817436,0.996848464012146
Akawa_Butte,0720,652,416,44.419160278404696,-121.48594545208101,0.9986633658409119
Akawa_Butte,0720,454,667,44.47257212220287,-121.39108516216264,0.9782267808914185
Akawa_Butte,0720,429,413,44.479316041874355,-121.48707924040673,0.9839738607406616
Akawa_Butte,0720,669,410,44.414574413028085,-121.48821302873245,0.9957464933395386
Akawa_Butte,0720,378,519,44.49307363800419,-121.44701871956471,0.8925487995147705
Akawa_Butte,0720,525,368,44.453419390335846,-121.5040860652925,0.9949308633804321
Akawa_Butte,0720,627,500,44.42590419807618,-121.45419937896092,0.9955964684486389
Akawa_Butte,0720,532,607,44.45153109282783,-121.413760928677,0.998759388923645
Akawa_Butte,0720,657,446,44.41781149447039,-121.47460756882384,0.9967835545539856
Akawa_Butte,0720,388,527,44.490376070135596,-121.44399528402946,0.991683304309845
Akawa_Butte,0720,554,323,44.44559644351692,-121.52109289017825,0.6849755048751831
Akawa_Butte,0720,554,353,44.44559644351692,-121.50975500692108,0.996457040309906
Akawa_Butte,0720,426,412,44.48012531223493,-121.48745716984864,0.7635000348091125
Akawa_Butte,0720,619,590,44.428062252371056,-121.4201857291894,0.919790506362915
Akawa_Butte,0720,537,338,44.45018230889353,-121.51542394854967,0.8593143820762634
Akawa_Butte,0720,448,664,44.47419066292402,-121.39221895048836,0.9818545579910278
Akawa_Butte,0720,618,574,44.42833200915791,-121.42623260025988,0.9657015800476074
Akawa_Butte,0720,660,414,44.417002224109815,-121.48670131096482,0.9981971383094788
Akawa_Butte,0720,376,446,44.493613151577904,-121.47460756882384,0.9857534170150757
Akawa_Butte,0720,496,659,44.46124233715477,-121.3941085976979,0.9883617758750916
Akawa_Butte,0720,385,440,44.49118534049617,-121.47687514547528,0.9907128810882568
Akawa_Butte,0720,621,491,44.427522738797336,-121.45760074393807,0.9954160451889038
Akawa_Butte,0720,471,395,44.46798625682626,-121.49388197036103,0.9820554256439209
Akawa_Butte,0720,588,345,44.436424712763696,-121.51277844245632,0.9925592541694641
Akawa_Butte,0720,655,443,44.41835100804411,-121.47574135714956,0.9975820779800415
Akawa_Butte,0720,477,398,44.4663677161051,-121.49274818203531,0.9916501641273499
Akawa_Butte,0720,421,437,44.48147409616923,-121.478008933801,0.9980552792549133
Akawa_Butte,0720,627,385,44.42590419807618,-121.49766126478009,0.9982184171676636
Akawa_Butte,0720,633,448,44.42428565735502,-121.47385170994002,0.9992861747741699
Akawa_Butte,0720,536,371,44.450452065680395,-121.50295227696678,0.9977637529373169
Akawa_Butte,0720,586,330,44.436964226337416,-121.51844738408491,0.7972468733787537
Akawa_Butte,0720,661,475,44.41673246732296,-121.46364761500857,0.9487189650535583
Akawa_Butte,0720,660,416,44.417002224109815,-121.48594545208101,0.9982456564903259
Akawa_Butte,0720,636,564,44.423476386994444,-121.43001189467894,0.9778169393539429
Akawa_Butte,0720,372,618,44.494692178725344,-121.40960370481604,0.9929948449134827
Akawa_Butte,0720,394,581,44.488757529414436,-121.42358709416655,0.9959662556648254
Akawa_Butte,0720,617,366,44.42860176594478,-121.5048419241763,0.9825460910797119
Akawa_Butte,0720,579,329,44.43885252384543,-121.51882531352682,0.7445323467254639
Akawa_Butte,0720,663,409,44.41619295374924,-121.48859095817436,0.9978039860725403
Akawa_Butte,0720,573,599,44.440471064566594,-121.41678436421223,0.5180759429931641
Akawa_Butte,0720,663,412,44.41619295374924,-121.48745716984864,0.9978845715522766
Akawa_Butte,0720,352,666,44.50008731446253,-121.39146309160455,0.7791425585746765
Akawa_Butte,0720,620,599,44.42779249558419,-121.41678436421223,0.9196982383728027
Akawa_Butte,0720,640,394,44.422397359847004,-121.49425989980294,0.998442530632019
Akawa_Butte,0720,587,360,44.43669446955056,-121.50710950082774,0.9921795725822449
Akawa_Butte,0720,375,464,44.49388290836477,-121.46780483886953,0.9952362775802612
Akawa_Butte,0720,371,495,44.4949619355122,-121.45608902617045,0.9303369522094727
Akawa_Butte,0720,625,584,44.426443711649895,-121.42245330584083,0.9616763591766357
Akawa_Butte,0720,500,392,44.46016331000733,-121.49501575868675,0.9882084727287292
Akawa_Butte,0720,565,337,44.44262911886147,-121.51580187799158,0.9596199989318848
Akawa_Butte,0720,380,543,44.49253412443047,-121.43794841295897,0.9552313685417175
Akawa_Butte,0720,549,632,44.44694522745122,-121.40431269262935,0.9049342274665833
Akawa_Butte,0720,423,673,44.48093458259551,-121.3888175855112,0.9431369304656982
Akawa_Butte,0720,496,667,44.46124233715477,-121.39108516216264,0.9680819511413574
Akawa_Butte,0720,430,659,44.4790462850875,-121.3941085976979,0.9858413338661194
Akawa_Butte,0720,637,498,44.42320663020759,-121.45495523784473,0.9982615113258362
Akawa_Butte,0720,586,350,44.436964226337416,-121.5108887952468,0.9946193695068359
Akawa_Butte,0720,608,384,44.43102957702651,-121.498039194222,0.9985056519508362
Akawa_Butte,0720,586,351,44.436964226337416,-121.51051086580489,0.9949649572372437
Akawa_Butte,0720,522,379,44.45422866069642,-121.49992884143153,0.9957684278488159
Akawa_Butte,0720,388,574,44.490376070135596,-121.42623260025988,0.9904584884643555
Akawa_Butte,0720,643,388,44.42158808948643,-121.49652747645438,0.9975725412368774
Akawa_Butte,0720,383,490,44.49172485406989,-121.45797867337998,0.9931738376617432
Akawa_Butte,0720,585,321,44.43723398312428,-121.52184874906207,0.6195460557937622
Akawa_Butte,0720,566,582,44.442359362074605,-121.42320916472464,0.9985603094100952
Akawa_Butte,0720,633,507,44.42428565735502,-121.45155387286758,0.9948002099990845
Akawa_Butte,0720,586,358,44.436964226337416,-121.50786535971154,0.9930316209793091
Akawa_Butte,0720,581,381,44.43831301027171,-121.49917298254772,0.9995100498199463
Akawa_Butte,0720,444,420,44.475269690071464,-121.48443373431338,0.997471272945404
Akawa_Butte,0720,392,674,44.489297042988156,-121.3884396560693,0.9484569430351257
Akawa_Butte,0720,544,614,44.448294011385514,-121.41111542258365,0.9959885478019714
Akawa_Butte,0720,608,402,44.43102957702651,-121.49123646426769,0.9993200898170471
Akawa_Butte,0720,636,545,44.423476386994444,-121.43719255407515,0.7054254412651062
Akawa_Butte,0720,646,468,44.42077881912585,-121.46629312110191,0.9966473579406738
Akawa_Butte,0720,479,656,44.465828202531384,-121.39524238602361,0.9946982860565186
Akawa_Butte,0720,438,653,44.47688823079262,-121.39637617434933,0.9950057864189148
Akawa_Butte,0720,352,665,44.50008731446253,-121.39184102104646,0.8442260026931763
Akawa_Butte,0720,374,482,44.494152665151624,-121.46100210891522,0.9873694181442261
Akawa_Butte,0720,627,611,44.42590419807618,-121.41224921090937,0.9474305510520935
Akawa_Butte,0720,397,450,44.48794825905386,-121.47309585105621,0.9981198906898499
Akawa_Butte,0720,633,385,44.42428565735502,-121.49766126478009,0.9976691007614136
Akawa_Butte,0720,612,539,44.429950549879074,-121.43946013072659,0.995704174041748
Akawa_Butte,0720,531,636,44.45180084961469,-121.40280097486172,0.9846262335777283
Akawa_Butte,0720,376,566,44.493613151577904,-121.42925603579513,0.5611185431480408
Akawa_Butte,0720,379,469,44.49280388121733,-121.46591519166,0.9960825443267822
Akawa_Butte,0720,520,657,44.45476817427014,-121.3948644565817,0.8695551156997681
Akawa_Butte,0720,356,662,44.4990082873151,-121.39297480937218,0.9403217434883118
Akawa_Butte,0720,630,601,44.4250949277156,-121.41602850532843,0.9762568473815918
Akawa_Butte,0720,546,597,44.4477544978118,-121.41754022309605,0.9985327124595642
Akawa_Butte,0720,437,651,44.47715798757948,-121.39713203323313,0.9980525970458984
Akawa_Butte,0720,532,344,44.45153109282783,-121.51315637189823,0.9697755575180054
Akawa_Butte,0720,563,318,44.44316863243519,-121.52298253738779,0.5529741644859314
Akawa_Butte,0720,377,498,44.49334339479105,-121.45495523784473,0.9795224666595459
Akawa_Butte,0720,432,669,44.47850677151378,-121.39032930327883,0.9423152804374695
Akawa_Butte,0720,397,578,44.48794825905386,-121.42472088249227,0.9976128935813904
Akawa_Butte,0720,542,601,44.448833524959234,-121.41602850532843,0.9986170530319214
Akawa_Butte,0720,376,518,44.493613151577904,-121.44739664900662,0.834674060344696
Akawa_Butte,0720,640,454,44.422397359847004,-121.47158413328859,0.9983178973197937
Akawa_Butte,0720,397,673,44.48794825905386,-121.3888175855112,0.946617066860199
Akawa_Butte,0720,545,644,44.44802425459866,-121.39977753932648,0.974116325378418
Akawa_Butte,0720,458,677,44.47149309505543,-121.38730586774358,0.8387171030044556
Akawa_Butte,0720,550,616,44.44667547066436,-121.41035956369984,0.9592183232307434
Akawa_Butte,0720,665,417,44.41565344017552,-121.4855675226391,0.9977285265922546
Akawa_Butte,0720,461,701,44.47068382469485,-121.37823556113784,0.6895406246185303
Akawa_Butte,0720,418,666,44.482283366529806,-121.39146309160455,0.9754961729049683
Akawa_Butte,0720,636,513,44.423476386994444,-121.44928629621614,0.9397194385528564
Akawa_Butte,0720,504,370,44.4590842828599,-121.50333020640868,0.5488343238830566
Akawa_Butte,0720,622,471,44.42725298201048,-121.4651593327762,0.9985007643699646
Akawa_Butte,0720,460,669,44.47095358148171,-121.39032930327883,0.9801726937294006
Akawa_Butte,0720,531,646,44.45180084961469,-121.39902168044266,0.9675679206848145
Akawa_Butte,0720,635,447,44.4237461437813,-121.47422963938193,0.999187171459198
Akawa_Butte,0720,601,571,44.432917874534525,-121.42736638858561,0.9978587031364441
Akawa_Butte,0720,599,593,44.433457388108245,-121.41905194086368,0.7388489246368408
Akawa_Butte,0720,452,415,44.47311163577659,-121.48632338152292,0.9973074197769165
Akawa_Butte,0720,399,455,44.48740874548014,-121.47120620384668,0.9981786608695984
Akawa_Butte,0720,447,649,44.47446041971089,-121.39788789211694,0.9980791211128235
Akawa_Butte,0720,384,488,44.49145509728303,-121.45873453226379,0.9946659207344055
Akawa_Butte,0720,544,613,44.448294011385514,-121.41149335202556,0.9960119128227234
Akawa_Butte,0720,625,583,44.426443711649895,-121.42283123528273,0.9655917882919312
Akawa_Butte,0720,513,623,44.45665647177816,-121.4077140576065,0.9991323351860046
Akawa_Butte,0720,558,588,44.444517416369486,-121.4209415880732,0.9984704852104187
Akawa_Butte,0720,378,503,44.49307363800419,-121.4530655906352,0.959287703037262
Akawa_Butte,0720,599,545,44.433457388108245,-121.43719255407515,0.9989660382270813
Akawa_Butte,0720,403,669,44.486329718332705,-121.39032930327883,0.9668164253234863
Akawa_Butte,0720,426,684,44.48012531223493,-121.38466036165025,0.8376054763793945
Akawa_Butte,0720,381,555,44.49226436764361,-121.43341325965609,0.9793554544448853
Akawa_Butte,0720,481,404,44.46528868895766,-121.49048060538388,0.9954046607017517
Akawa_Butte,0720,641,540,44.42212760306015,-121.43908220128469,0.6064610481262207
Akawa_Butte,0720,629,510,44.42536468450246,-121.45042008454186,0.9943019151687622
Akawa_Butte,0720,560,338,44.443977902795766,-121.51542394854967,0.9789263606071472
Akawa_Butte,0720,596,415,44.43426665846882,-121.48632338152292,0.9995213747024536
Akawa_Butte,0720,665,395,44.41565344017552,-121.49388197036103,0.9892181754112244
Akawa_Butte,0720,608,553,44.43102957702651,-121.43416911853991,0.9964516758918762
Akawa_Butte,0720,489,628,44.46313063466279,-121.40582441039697,0.9992250204086304
Akawa_Butte,0720,373,474,44.49442242193849,-121.46402554445048,0.9859780073165894
Akawa_Butte,0720,563,594,44.44316863243519,-121.41867401142177,0.9887929558753967
Akawa_Butte,0720,551,599,44.446405713877496,-121.41678436421223,0.9983853101730347
Akawa_Butte,0720,502,643,44.45962379643361,-121.40015546876839,0.9960525631904602
Akawa_Butte,0720,648,396,44.42023930555213,-121.49350404091913,0.9984389543533325
Akawa_Butte,0720,640,584,44.422397359847004,-121.42245330584083,0.9768288731575012
Akawa_Butte,0720,479,653,44.465828202531384,-121.39637617434933,0.9969569444656372
Akawa_Butte,0720,611,364,44.43022030666593,-121.50559778306011,0.9905118346214294
Akawa_Butte,0720,404,663,44.48605996154584,-121.39259687993027,0.997366726398468
Akawa_Butte,0720,606,391,44.43156909060023,-121.49539368812866,0.9989924430847168
Akawa_Butte,0720,432,415,44.47850677151378,-121.48632338152292,0.9935543537139893
Akawa_Butte,0720,548,650,44.44721498423808,-121.39750996267504,0.964343249797821
Akawa_Butte,0720,655,449,44.41835100804411,-121.47347378049813,0.997115969657898
Akawa_Butte,0720,584,344,44.437503739911136,-121.51315637189823,0.9915876984596252
Akawa_Butte,0720,566,345,44.442359362074605,-121.51277844245632,0.9871645569801331
Akawa_Butte,0720,657,447,44.41781149447039,-121.47422963938193,0.9966621994972229
Akawa_Butte,0720,422,433,44.48120433938237,-121.4795206515686,0.9978996515274048
Akawa_Butte,0720,556,632,44.4450569299432,-121.40431269262935,0.7088772058486938
Akawa_Butte,0720,593,581,44.4350759288294,-121.42358709416655,0.9973989725112915
Akawa_Butte,0720,599,581,44.433457388108245,-121.42358709416655,0.9973317384719849
Akawa_Butte,0720,380,433,44.49253412443047,-121.4795206515686,0.6749945878982544
Akawa_Butte,0720,654,454,44.418620764830976,-121.47158413328859,0.9970930814743042
Akawa_Butte,0720,424,684,44.48066482580865,-121.38466036165025,0.8090518712997437
Akawa_Butte,0720,353,642,44.49981755767568,-121.40053339821029,0.967365026473999
Akawa_Butte,0720,436,661,44.47742774436634,-121.39335273881407,0.9439710974693298
Akawa_Butte,0720,636,510,44.423476386994444,-121.45042008454186,0.9792872667312622
Akawa_Butte,0720,463,652,44.47014431112113,-121.39675410379122,0.9972730875015259
Akawa_Butte,0720,474,661,44.46717698646568,-121.39335273881407,0.9896961450576782
Akawa_Butte,0720,467,673,44.4690652839737,-121.3888175855112,0.948898434638977
Akawa_Butte,0720,376,603,44.493613151577904,-121.41527264644462,0.9867534637451172
Akawa_Butte,0720,671,430,44.414034899454364,-121.48065443989432,0.7147431969642639
Akawa_Butte,0720,651,496,44.41943003519155,-121.45571109672855,0.9956068396568298
Akawa_Butte,0720,408,686,44.4849809343984,-121.38390450276643,0.853895902633667
Akawa_Butte,0720,386,558,44.49091558370931,-121.43227947133038,0.9929655194282532
Akawa_Butte,0720,634,512,44.424015900568165,-121.44966422565805,0.9620074033737183
Akawa_Butte,0720,567,316,44.44208960528775,-121.5237383962716,0.5473663210868835
Akawa_Butte,0720,611,385,44.43022030666593,-121.49766126478009,0.9984002113342285
Akawa_Butte,0720,552,595,44.44613595709064,-121.41829608197986,0.9985570907592773
Akawa_Butte,0720,376,555,44.493613151577904,-121.43341325965609,0.8086574673652649
Akawa_Butte,0720,629,388,44.42536468450246,-121.49652747645438,0.9980853199958801
Akawa_Butte,0720,585,583,44.43723398312428,-121.42283123528273,0.9954409003257751
Akawa_Butte,0720,432,654,44.47850677151378,-121.39599824490742,0.997879683971405
Akawa_Butte,0720,653,452,44.41889052161783,-121.4723399921724,0.997349202632904
Akawa_Butte,0720,452,647,44.47311163577659,-121.39864375100076,0.998087465763092
Akawa_Butte,0720,606,354,44.43156909060023,-121.50937707747917,0.9912219047546387
Akawa_Butte,0720,396,575,44.488218015840715,-121.42585467081798,0.9972195029258728
Akawa_Butte,0720,414,428,44.48336239367725,-121.48141029877814,0.9956516027450562
Akawa_Butte,0720,401,437,44.48686923190642,-121.478008933801,0.9962440133094788
Akawa_Butte,0720,392,575,44.489297042988156,-121.42585467081798,0.9948977828025818
Akawa_Butte,0720,661,444,44.41673246732296,-121.47536342770765,0.990051805973053
Akawa_Butte,0720,442,404,44.475809203645184,-121.49048060538388,0.9726394414901733
Akawa_Butte,0720,371,638,44.4949619355122,-121.40204511597791,0.9974024891853333
Akawa_Butte,0720,656,499,44.418081251257256,-121.45457730840283,0.993302047252655
Akawa_Butte,0720,588,317,44.436424712763696,-121.52336046682969,0.6039888858795166
Akawa_Butte,0720,658,443,44.417541737683536,-121.47574135714956,0.9973382353782654
Akawa_Butte,0720,390,476,44.489836556561876,-121.46326968556666,0.997167706489563
Akawa_Butte,0720,650,482,44.41969979197841,-121.46100210891522,0.9958785176277161
Akawa_Butte,0720,455,645,44.472302365416006,-121.39939960988457,0.9981160163879395
Akawa_Butte,0720,532,657,44.45153109282783,-121.3948644565817,0.5643817782402039
Akawa_Butte,0720,386,556,44.49091558370931,-121.4330353302142,0.9921714067459106
Akawa_Butte,0720,610,332,44.430490063452794,-121.5176915252011,0.9710129499435425
Akawa_Butte,0720,377,488,44.49334339479105,-121.45873453226379,0.9826850891113281
Akawa_Butte,0720,596,588,44.43426665846882,-121.4209415880732,0.9395682215690613
Akawa_Butte,0720,394,489,44.488757529414436,-121.45835660282188,0.9975347518920898
Akawa_Butte,0720,607,512,44.43129933381337,-121.44966422565805,0.9983435869216919
Akawa_Butte,0720,641,410,44.42212760306015,-121.48821302873245,0.9990556240081787
Akawa_Butte,0720,386,515,44.49091558370931,-121.44853043733234,0.9913551211357117
Akawa_Butte,0720,364,609,44.49685023302022,-121.41300506979319,0.7127320170402527
Akawa_Butte,0720,667,429,44.4151139266018,-121.48103236933623,0.9909355044364929
Akawa_Butte,0720,583,504,44.43777349669799,-121.4526876611933,0.9992092847824097
Akawa_Butte,0720,589,348,44.43615495597684,-121.5116446541306,0.9939459562301636
Akawa_Butte,0720,381,499,44.49226436764361,-121.45457730840283,0.983731210231781
Akawa_Butte,0720,554,581,44.44559644351692,-121.42358709416655,0.9990442395210266
Akawa_Butte,0720,463,646,44.47014431112113,-121.39902168044266,0.9983980059623718
Akawa_Butte,0720,613,536,44.42968079309221,-121.4405939190523,0.9957990050315857
Akawa_Butte,0720,394,682,44.488757529414436,-121.38541622053405,0.8425655364990234
Akawa_Butte,0720,600,381,44.43318763132139,-121.49917298254772,0.9991658329963684
Akawa_Butte,0720,574,317,44.44020130777973,-121.52336046682969,0.5750532150268555
Akawa_Butte,0720,462,698,44.470414067907996,-121.37936934946356,0.6056832671165466
Akawa_Butte,0720,639,501,44.42266711663387,-121.45382144951901,0.9974866509437561
Akawa_Butte,0720,569,330,44.44155009171403,-121.51844738408491,0.7186822891235352
Akawa_Butte,0720,368,630,44.495771205872785,-121.40506855151315,0.996097981929779
Akawa_Butte,0720,384,600,44.49145509728303,-121.41640643477034,0.9916133880615234
Akawa_Butte,0720,671,426,44.414034899454364,-121.48216615766195,0.8936409950256348
Akawa_Butte,0720,360,645,44.49792926016766,-121.39939960988457,0.9937835931777954
Akawa_Butte,0720,355,650,44.499278044101956,-121.39750996267504,0.9774676561355591
Akawa_Butte,0720,390,488,44.489836556561876,-121.45873453226379,0.9964568018913269
Akawa_Butte,0720,577,356,44.439392037419154,-121.50862121859537,0.9949945211410522
Akawa_Butte,0720,594,329,44.43480617204254,-121.51882531352682,0.7984527945518494
Akawa_Butte,0720,445,411,44.4749999332846,-121.48783509929054,0.9970974326133728
Akawa_Butte,0720,350,667,44.50062682803625,-121.39108516216264,0.7709386348724365
Akawa_Butte,0720,391,476,44.48956679977501,-121.46326968556666,0.9975345730781555
Akawa_Butte,0720,388,686,44.490376070135596,-121.38390450276643,0.6797417402267456
Akawa_Butte,0720,635,576,44.4237461437813,-121.42547674137607,0.9856460094451904
Akawa_Butte,0720,602,557,44.43264811774767,-121.43265740077229,0.9981549382209778
Akawa_Butte,0720,626,380,44.42617395486304,-121.49955091198962,0.9964854717254639
Akawa_Butte,0720,346,659,44.501705855183694,-121.3941085976979,0.7368804216384888
Akawa_Butte,0720,615,563,44.4291412795185,-121.43038982412085,0.9933111071586609
Akawa_Butte,0720,382,529,44.49199461085675,-121.44323942514565,0.9574658274650574
Akawa_Butte,0720,544,656,44.448294011385514,-121.39524238602361,0.5707864165306091
Akawa_Butte,0720,629,570,44.42536468450246,-121.42774431802751,0.9778293967247009
Akawa_Butte,0720,620,595,44.42779249558419,-121.41829608197986,0.9633435010910034
Akawa_Butte,0720,572,338,44.44074082135345,-121.51542394854967,0.9862017035484314
Akawa_Butte,0720,574,362,44.44020130777973,-121.50635364194393,0.997496485710144
Akawa_Butte,0720,624,484,44.42671346843676,-121.46024625003142,0.9947328567504883
Akawa_Butte,0720,523,655,44.453958903909566,-121.39562031546551,0.9043697714805603
Akawa_Butte,0720,385,517,44.49118534049617,-121.44777457844852,0.9906433820724487
Akawa_Butte,0720,640,473,44.422397359847004,-121.46440347389238,0.9963188171386719
Akawa_Butte,0720,428,445,44.47958579866121,-121.47498549826574,0.9974588751792908
Akawa_Butte,0720,396,577,44.488218015840715,-121.42509881193416,0.9972409605979919
Akawa_Butte,0720,594,388,44.43480617204254,-121.49652747645438,0.999036431312561
Akawa_Butte,0720,475,410,44.46690722967882,-121.48821302873245,0.9977501034736633
Akawa_Butte,0720,482,671,44.4650189321708,-121.38957344439501,0.9690110683441162
Akawa_Butte,0720,374,604,44.494152665151624,-121.41489471700271,0.9787132143974304
Akawa_Butte,0720,641,492,44.42212760306015,-121.45722281449616,0.9974005818367004
Akawa_Butte,0720,371,600,44.4949619355122,-121.41640643477034,0.6315872669219971
Akawa_Butte,0720,453,661,44.472841878989726,-121.39335273881407,0.9903139472007751
Akawa_Butte,0720,622,607,44.42725298201048,-121.413760928677,0.7822114825248718
Akawa_Butte,0720,390,475,44.489836556561876,-121.46364761500857,0.9972440004348755
Akawa_Butte,0720,525,378,44.453419390335846,-121.50030677087344,0.9964717030525208
Akawa_Butte,0720,562,330,44.443438389222045,-121.51844738408491,0.7765585780143738
Akawa_Butte,0720,666,437,44.41538368338866,-121.478008933801,0.8843215107917786
Akawa_Butte,0720,473,395,44.46744674325254,-121.49388197036103,0.9812601804733276
Akawa_Butte,0720,489,629,44.46313063466279,-121.40544648095506,0.9992235898971558
Akawa_Butte,0720,534,655,44.45099157925411,-121.39562031546551,0.8136264681816101
Akawa_Butte,0720,379,531,44.49280388121733,-121.44248356626184,0.8485509157180786
Akawa_Butte,0720,502,378,44.45962379643361,-121.50030677087344,0.8388962149620056
Akawa_Butte,0720,383,509,44.49172485406989,-121.45079801398377,0.9914855360984802
Akawa_Butte,0720,585,357,44.43723398312428,-121.50824328915346,0.99308842420578
Akawa_Butte,0720,538,636,44.449912552106674,-121.40280097486172,0.987994372844696
Akawa_Butte,0720,636,538,44.423476386994444,-121.4398380601685,0.5852735638618469
Akawa_Butte,0720,595,361,44.434536415255685,-121.50673157138583,0.9940844774246216
Akawa_Butte,0720,562,335,44.443438389222045,-121.51655773687538,0.963314414024353
Akawa_Butte,0720,589,362,44.43615495597684,-121.50635364194393,0.9930562973022461
Akawa_Butte,0720,665,406,44.41565344017552,-121.48972474650007,0.9975889325141907
Akawa_Butte,0720,404,439,44.48605996154584,-121.47725307491717,0.996694803237915
Akawa_Butte,0720,607,382,44.43129933381337,-121.49879505310581,0.9987846612930298
Akawa_Butte,0720,386,593,44.49091558370931,-121.41905194086368,0.9911001920700073
Akawa_Butte,0720,496,389,44.46124233715477,-121.49614954701246,0.9723820686340332
Akawa_Butte,0720,537,354,44.45018230889353,-121.50937707747917,0.9973706603050232
Akawa_Butte,0720,635,481,44.4237461437813,-121.46138003835713,0.9940779805183411
Akawa_Butte,0720,408,443,44.4849809343984,-121.47574135714956,0.9981264472007751
Akawa_Butte,0720,507,377,44.458275012499314,-121.50068470031535,0.8951310515403748
Akawa_Butte,0720,483,409,44.46474917538394,-121.48859095817436,0.9980146288871765
Akawa_Butte,0720,610,544,44.430490063452794,-121.43757048351706,0.9938052296638489
Akawa_Butte,0720,539,619,44.44964279531981,-121.40922577537413,0.9978299140930176
Akawa_Butte,0720,637,493,44.42320663020759,-121.45684488505427,0.9978853464126587
Akawa_Butte,0720,388,442,44.490376070135596,-121.47611928659146,0.9957575798034668
Akawa_Butte,0720,615,539,44.4291412795185,-121.43946013072659,0.9923654198646545
Akawa_Butte,0720,608,585,44.43102957702651,-121.42207537639892,0.77449631690979
Akawa_Butte,0720,422,415,44.48120433938237,-121.48632338152292,0.8299596905708313
Akawa_Butte,0720,598,340,44.4337271448951,-121.51466808966586,0.9971264600753784
Akawa_Butte,0720,612,368,44.429950549879074,-121.5040860652925,0.9929199814796448
Akawa_Butte,0720,642,551,44.42185784627329,-121.43492497742372,0.7832050323486328
Akawa_Butte,0720,375,628,44.49388290836477,-121.40582441039697,0.9963573813438416
Akawa_Butte,0720,629,605,44.42536468450246,-121.4145167875608,0.9597450494766235
Akawa_Butte,0720,646,389,44.42077881912585,-121.49614954701246,0.9973479509353638
Akawa_Butte,0720,352,656,44.50008731446253,-121.39524238602361,0.9462563395500183
Akawa_Butte,0720,597,353,44.433996901681965,-121.50975500692108,0.9937648177146912
Akawa_Butte,0720,646,396,44.42077881912585,-121.49350404091913,0.9985162615776062
Akawa_Butte,0720,387,498,44.49064582692245,-121.45495523784473,0.9945560693740845
Akawa_Butte,0720,661,423,44.41673246732296,-121.48329994598767,0.9981019496917725
Akawa_Butte,0720,417,434,44.48255312331667,-121.47914272212671,0.9977701902389526
Akawa_Butte,0720,372,483,44.494692178725344,-121.46062417947331,0.9786624312400818
Akawa_Butte,0720,609,333,44.43075982023965,-121.51731359575919,0.9713735580444336
Akawa_Butte,0720,437,666,44.47715798757948,-121.39146309160455,0.9504504799842834
Akawa_Butte,0720,501,388,44.459893553220475,-121.49652747645438,0.9749628901481628
Akawa_Butte,0720,452,646,44.47311163577659,-121.39902168044266,0.9981549382209778
Akawa_Butte,0720,411,437,44.484171664037824,-121.478008933801,0.9973611831665039
Akawa_Butte,0720,545,609,44.44802425459866,-121.41300506979319,0.9971202611923218
Akawa_Butte,0720,541,606,44.4491032817461,-121.4141388581189,0.9982625842094421
Akawa_Butte,0720,609,482,44.43075982023965,-121.46100210891522,0.9984976649284363
Akawa_Butte,0720,370,453,44.495231692299065,-121.4719620627305,0.9767321944236755
Akawa_Butte,0720,618,587,44.42833200915791,-121.42131951751512,0.9291203618049622
Akawa_Butte,0720,631,473,44.42482517092874,-121.46440347389238,0.997394859790802
Akawa_Butte,0720,366,612,44.496310719446505,-121.41187128146747,0.9419766068458557
Akawa_Butte,0720,674,474,44.41322562909379,-121.46402554445048,0.6138536930084229
Akawa_Butte,0720,379,524,44.49280388121733,-121.44512907235517,0.8870863914489746
Akawa_Butte,0720,420,437,44.48174385295609,-121.478008933801,0.9979651570320129
Akawa_Butte,0720,501,664,44.459893553220475,-121.39221895048836,0.9658379554748535
Akawa_Butte,0720,528,392,44.45261011997527,-121.49501575868675,0.9973272681236267
Akawa_Butte,0720,388,516,44.490376070135596,-121.44815250789043,0.9943154454231262
Akawa_Butte,0720,538,634,44.449912552106674,-121.40355683374554,0.9892653226852417
Akawa_Butte,0720,522,341,44.45422866069642,-121.51429016022395,0.5133346915245056
Akawa_Butte,0720,555,646,44.44532668673006,-121.39902168044266,0.9570581316947937
Akawa_Butte,0720,618,600,44.42833200915791,-121.41640643477034,0.7915951609611511
Akawa_Butte,0720,648,451,44.42023930555213,-121.4727179216143,0.9980005621910095
Akawa_Butte,0720,572,648,44.44074082135345,-121.39826582155885,0.8660789132118225
Akawa_Butte,0720,527,641,44.452879876762125,-121.4009113276522,0.9820007681846619
Akawa_Butte,0720,501,658,44.459893553220475,-121.39448652713979,0.9874886870384216
Akawa_Butte,0720,581,584,44.43831301027171,-121.42245330584083,0.994999349117279
Akawa_Butte,0720,652,452,44.419160278404696,-121.4723399921724,0.9975051283836365
Akawa_Butte,0720,496,634,44.46124233715477,-121.40355683374554,0.998542070388794
Akawa_Butte,0720,551,334,44.446405713877496,-121.5169356663173,0.9392015337944031
Akawa_Butte,0720,618,344,44.42833200915791,-121.51315637189823,0.997282862663269
Akawa_Butte,0720,368,461,44.495771205872785,-121.46893862719524,0.9682601094245911
Akawa_Butte,0720,622,541,44.42725298201048,-121.43870427184278,0.9952723979949951
Akawa_Butte,0720,532,381,44.45153109282783,-121.49917298254772,0.9965881705284119
Akawa_Butte,0720,584,574,44.437503739911136,-121.42623260025988,0.9985580444335938
Akawa_Butte,0720,520,362,44.45476817427014,-121.50635364194393,0.9868306517601013
Akawa_Butte,0720,379,440,44.49280388121733,-121.47687514547528,0.959189236164093
Akawa_Butte,0720,570,583,44.44128033492717,-121.42283123528273,0.9982911944389343
Akawa_Butte,0720,589,509,44.43615495597684,-121.45079801398377,0.9982756972312927
Akawa_Butte,0720,538,647,44.449912552106674,-121.39864375100076,0.9820917248725891
Akawa_Butte,0720,557,645,44.44478717315634,-121.39939960988457,0.8385080695152283
Akawa_Butte,0720,571,351,44.44101057814031,-121.51051086580489,0.9965512752532959
Akawa_Butte,0720,377,604,44.49334339479105,-121.41489471700271,0.9875012636184692
Akawa_Butte,0720,544,377,44.448294011385514,-121.50068470031535,0.9975671172142029
Akawa_Butte,0720,555,585,44.44532668673006,-121.42207537639892,0.9987414479255676
Akawa_Butte,0720,637,554,44.42320663020759,-121.433791189098,0.9390188455581665
Akawa_Butte,0720,429,673,44.479316041874355,-121.3888175855112,0.9304279088973999
Akawa_Butte,0720,393,569,44.4890272862013,-121.42812224746942,0.9964544177055359
Akawa_Butte,0720,542,631,44.448833524959234,-121.40469062207126,0.9808036684989929
Akawa_Butte,0720,382,666,44.49199461085675,-121.39146309160455,0.9888797998428345
Akawa_Butte,0720,650,463,44.41969979197841,-121.46818276831144,0.9972862005233765
Akawa_Butte,0720,390,588,44.489836556561876,-121.4209415880732,0.9898261427879333
Akawa_Butte,0720,375,482,44.49388290836477,-121.46100210891522,0.988663911819458
Akawa_Butte,0720,460,677,44.47095358148171,-121.38730586774358,0.8416604399681091
Akawa_Butte,0720,658,415,44.417541737683536,-121.48632338152292,0.9983529448509216
Akawa_Butte,0720,402,450,44.48659947511956,-121.47309585105621,0.9982777237892151
Akawa_Butte,0720,601,368,44.432917874534525,-121.5040860652925,0.9976529479026794
Akawa_Butte,0720,431,431,44.478776528300635,-121.48027651045243,0.9972386360168457
Akawa_Butte,0720,636,442,44.423476386994444,-121.47611928659146,0.9993412494659424
Akawa_Butte,0720,634,585,44.424015900568165,-121.42207537639892,0.9822728037834167
Akawa_Butte,0720,641,579,44.42212760306015,-121.42434295305036,0.9781429171562195
Akawa_Butte,0720,380,621,44.49253412443047,-121.40846991649032,0.9968019723892212
Akawa_Butte,0720,608,394,44.43102957702651,-121.49425989980294,0.9989064931869507
Akawa_Butte,0720,616,467,44.42887152273163,-121.46667105054381,0.9991461038589478
Akawa_Butte,0720,655,487,44.41835100804411,-121.4591124617057,0.9940346479415894
Akawa_Butte,0720,565,341,44.44262911886147,-121.51429016022395,0.9703839421272278
Akawa_Butte,0720,635,468,44.4237461437813,-121.46629312110191,0.9979175329208374
Akawa_Butte,0720,625,504,44.426443711649895,-121.4526876611933,0.9960919618606567
Akawa_Butte,0720,512,376,44.45692622856502,-121.50106262975724,0.9395751357078552
Akawa_Butte,0720,355,652,44.499278044101956,-121.39675410379122,0.978107213973999
Akawa_Butte,0720,500,401,44.46016331000733,-121.4916143937096,0.9963457584381104
Akawa_Butte,0720,555,666,44.44532668673006,-121.39146309160455,0.9701228141784668
Akawa_Butte,0720,411,429,44.484171664037824,-121.48103236933623,0.9950395822525024
Akawa_Butte,0720,390,473,44.489836556561876,-121.46440347389238,0.9974891543388367
Akawa_Butte,0720,623,502,44.426983225223616,-121.4534435200771,0.9901666641235352
Akawa_Butte,0720,378,463,44.49307363800419,-121.46818276831144,0.9961593747138977
Akawa_Butte,0720,436,654,44.47742774436634,-121.39599824490742,0.9944583773612976
Akawa_Butte,0720,362,632,44.49738974659394,-121.40431269262935,0.9933693408966064
Akawa_Butte,0720,630,604,44.4250949277156,-121.41489471700271,0.9653210043907166
Akawa_Butte,0720,604,380,44.43210860417395,-121.49955091198962,0.9989818334579468
Akawa_Butte,0720,619,565,44.428062252371056,-121.42963396523704,0.9706211090087891
Akawa_Butte,0720,383,457,44.49172485406989,-121.47045034496287,0.9968370795249939
Akawa_Butte,0720,457,676,44.47176285184229,-121.38768379718549,0.8697978854179382
Akawa_Butte,0720,635,520,44.4237461437813,-121.4466407901228,0.6975330114364624
Akawa_Butte,0720,651,488,44.41943003519155,-121.45873453226379,0.9951840043067932
Akawa_Butte,0720,656,404,44.418081251257256,-121.49048060538388,0.998077929019928
Akawa_Butte,0720,658,456,44.417541737683536,-121.47082827440478,0.9905896186828613
Akawa_Butte,0720,615,571,44.4291412795185,-121.42736638858561,0.9801227450370789
Akawa_Butte,0720,385,586,44.49118534049617,-121.42169744695701,0.9778894186019897
Akawa_Butte,0720,648,393,44.42023930555213,-121.49463782924485,0.9981833696365356
Akawa_Butte,0720,361,617,44.4976595033808,-121.40998163425793,0.8845237493515015
Akawa_Butte,0720,394,684,44.488757529414436,-121.38466036165025,0.7936022877693176
Akawa_Butte,0720,510,377,44.45746574213874,-121.50068470031535,0.928914487361908
Akawa_Butte,0720,381,474,44.49226436764361,-121.46402554445048,0.9962449669837952
Akawa_Butte,0720,445,410,44.4749999332846,-121.48821302873245,0.9969168305397034
Akawa_Butte,0720,546,363,44.4477544978118,-121.50597571250202,0.9978584051132202
Akawa_Butte,0720,470,658,44.468256013613114,-121.39448652713979,0.9886367321014404
Akawa_Butte,0720,516,386,44.45584720141758,-121.49728333533818,0.9932149648666382
Akawa_Butte,0720,539,606,44.44964279531981,-121.4141388581189,0.9984824061393738
Akawa_Butte,0720,516,366,44.45584720141758,-121.5048419241763,0.9751534461975098
Akawa_Butte,0720,359,677,44.498199016954516,-121.38730586774358,0.5585352778434753
Akawa_Butte,0720,619,591,44.428062252371056,-121.41980779974749,0.9173652529716492
Akawa_Butte,0720,438,664,44.47688823079262,-121.39221895048836,0.9470921158790588
Akawa_Butte,0720,622,490,44.42725298201048,-121.45797867337998,0.9954133033752441
Akawa_Butte,0720,574,589,44.44020130777973,-121.4205636586313,0.9843982458114624
Akawa_Butte,0720,641,452,44.42212760306015,-121.4723399921724,0.9983261227607727
Akawa_Butte,0720,436,407,44.47742774436634,-121.48934681705816,0.9770030379295349
Akawa_Butte,0720,655,404,44.41835100804411,-121.49048060538388,0.9981352090835571
Akawa_Butte,0720,636,567,44.423476386994444,-121.42887810635322,0.9838978052139282
Akawa_Butte,0720,362,617,44.49738974659394,-121.40998163425793,0.9219680428504944
Akawa_Butte,0720,650,477,44.41969979197841,-121.46289175612475,0.9961819052696228
Akawa_Butte,0720,596,361,44.43426665846882,-121.50673157138583,0.993634045124054
Akawa_Butte,0720,433,665,44.478237014726915,-121.39184102104646,0.9555127620697021
Akawa_Butte,0720,618,328,44.42833200915791,-121.51920324296873,0.9818367958068848
Akawa_Butte,0720,505,641,44.458814526073034,-121.4009113276522,0.9974079728126526
Akawa_Butte,0720,410,672,44.48444142082469,-121.38919551495312,0.9568077325820923
Akawa_Butte,0720,647,434,44.42050906233899,-121.47914272212671,0.9988008141517639
Akawa_Butte,0720,419,667,44.48201360974295,-121.39108516216264,0.9722397327423096
Akawa_Butte,0720,612,522,44.429950549879074,-121.445884931239,0.9986860752105713
Akawa_Butte,0720,604,590,44.43210860417395,-121.4201857291894,0.5636904239654541
Akawa_Butte,0720,408,663,44.4849809343984,-121.39259687993027,0.9969910383224487
Akawa_Butte,0720,376,522,44.493613151577904,-121.445884931239,0.8232337236404419
Akawa_Butte,0720,639,382,44.42266711663387,-121.49879505310581,0.9821325540542603
Akawa_Butte,0720,410,451,44.48444142082469,-121.4727179216143,0.9979516267776489
Akawa_Butte,0720,370,486,44.495231692299065,-121.4594903911476,0.9258272647857666
Akawa_Butte,0720,513,628,44.45665647177816,-121.40582441039697,0.9987406730651855
Akawa_Butte,0720,573,597,44.440471064566594,-121.41754022309605,0.8391245603561401
Akawa_Butte,0720,620,584,44.42779249558419,-121.42245330584083,0.9586649537086487
Akawa_Butte,0720,544,370,44.448294011385514,-121.50333020640868,0.9978414177894592
Akawa_Butte,0720,523,647,44.453958903909566,-121.39864375100076,0.9569542407989502
Akawa_Butte,0720,566,603,44.442359362074605,-121.41527264644462,0.9054552912712097
Akawa_Butte,0720,499,402,44.460433066794195,-121.49123646426769,0.9971467852592468
Akawa_Butte,0720,576,339,44.43966179420601,-121.51504601910776,0.9899447560310364
Akawa_Butte,0720,461,671,44.47068382469485,-121.38957344439501,0.972421407699585
Akawa_Butte,0720,640,389,44.422397359847004,-121.49614954701246,0.9980639219284058
Akawa_Butte,0720,610,329,44.430490063452794,-121.51882531352682,0.9562565684318542
Akawa_Butte,0720,606,493,44.43156909060023,-121.45684488505427,0.9980250597000122
Akawa_Butte,0720,597,529,44.433996901681965,-121.44323942514565,0.9989094138145447
Akawa_Butte,0720,516,385,44.45584720141758,-121.49766126478009,0.9912049174308777
Akawa_Butte,0720,489,404,44.46313063466279,-121.49048060538388,0.9959900975227356
Akawa_Butte,0720,403,458,44.486329718332705,-121.47007241552096,0.9981318116188049
Akawa_Butte,0720,370,651,44.495231692299065,-121.39713203323313,0.9962223768234253
Akawa_Butte,0720,511,628,44.45719598535188,-121.40582441039697,0.9988057017326355
Akawa_Butte,0720,674,421,44.41322562909379,-121.48405580487149,0.7488843202590942
Akawa_Butte,0720,539,373,44.44964279531981,-121.50219641808296,0.9976092576980591
Akawa_Butte,0720,398,441,44.487678502267,-121.47649721603337,0.9971785545349121
Akawa_Butte,0720,354,635,44.49954780088881,-121.40317890430363,0.9605067372322083
Akawa_Butte,0720,660,448,44.417002224109815,-121.47385170994002,0.9920529723167419
Akawa_Butte,0720,627,612,44.42590419807618,-121.41187128146747,0.9605891108512878
Akawa_Butte,0720,637,510,44.42320663020759,-121.45042008454186,0.9736509323120117
Akawa_Butte,0720,413,448,44.4836321504641,-121.47385170994002,0.9979245662689209
Akawa_Butte,0720,439,659,44.47661847400576,-121.3941085976979,0.9587416648864746
Akawa_Butte,0720,474,412,44.46717698646568,-121.48745716984864,0.9978410601615906
Akawa_Butte,0720,386,535,44.49091558370931,-121.44097184849421,0.981991171836853
Akawa_Butte,0720,509,645,44.4577354989256,-121.39939960988457,0.9918205738067627
Akawa_Butte,0720,532,656,44.45153109282783,-121.39524238602361,0.5694659948348999
Akawa_Butte,0720,406,674,44.48552044797212,-121.3884396560693,0.9405913352966309
Akawa_Butte,0720,375,605,44.49388290836477,-121.4145167875608,0.9881280660629272
Akawa_Butte,0720,381,675,44.49226436764361,-121.3880617266274,0.9170149564743042
Akawa_Butte,0720,573,340,44.440471064566594,-121.51466808966586,0.9854184985160828
Akawa_Butte,0720,502,395,44.45962379643361,-121.49388197036103,0.993534505367279
Akawa_Butte,0720,517,640,44.45557744463072,-121.4012892570941,0.9916897416114807
Akawa_Butte,0720,622,565,44.42725298201048,-121.42963396523704,0.95496666431427
Akawa_Butte,0720,384,561,44.49145509728303,-121.43114568300466,0.9899269938468933
Akawa_Butte,0720,508,614,44.45800525571246,-121.41111542258365,0.9993417263031006
Akawa_Butte,0720,667,475,44.4151139266018,-121.46364761500857,0.7306869626045227
Akawa_Butte,0720,368,647,44.495771205872785,-121.39864375100076,0.9958531856536865
Akawa_Butte,0720,388,518,44.490376070135596,-121.44739664900662,0.9937002658843994
Akawa_Butte,0720,599,332,44.433457388108245,-121.5176915252011,0.9253993630409241
Akawa_Butte,0720,564,643,44.442898875648325,-121.40015546876839,0.5575575828552246
Akawa_Butte,0720,551,662,44.446405713877496,-121.39297480937218,0.9307109713554382
Akawa_Butte,0720,608,548,44.43102957702651,-121.43605876574944,0.9959676265716553
Akawa_Butte,0720,627,510,44.42590419807618,-121.45042008454186,0.9958953857421875
Akawa_Butte,0720,601,405,44.432917874534525,-121.49010267594197,0.9995852708816528
Akawa_Butte,0720,471,630,44.46798625682626,-121.40506855151315,0.9989439845085144
Akawa_Butte,0720,575,339,44.439931550992874,-121.51504601910776,0.9868438839912415
Akawa_Butte,0720,513,647,44.45665647177816,-121.39864375100076,0.9924225807189941
Akawa_Butte,0720,535,606,44.45072182246725,-121.4141388581189,0.9986758828163147
Akawa_Butte,0720,617,593,44.42860176594478,-121.41905194086368,0.8079795837402344
Akawa_Butte,0720,445,425,44.4749999332846,-121.48254408710386,0.9974855780601501
Akawa_Butte,0720,480,390,44.46555844574452,-121.49577161757057,0.7566173672676086
Akawa_Butte,0720,497,386,44.46097258036791,-121.49728333533818,0.9494943618774414
Akawa_Butte,0720,606,569,44.43156909060023,-121.42812224746942,0.9936996698379517
Akawa_Butte,0720,487,622,44.4636701482365,-121.40809198704841,0.9993435144424438
Akawa_Butte,0720,516,615,44.45584720141758,-121.41073749314175,0.9992892146110535
Akawa_Butte,0720,534,632,44.45099157925411,-121.40431269262935,0.9931225776672363
Akawa_Butte,0720,624,619,44.42671346843676,-121.40922577537413,0.9634537100791931
Akawa_Butte,0720,545,601,44.44802425459866,-121.41602850532843,0.9984657764434814
Akawa_Butte,0720,536,620,44.450452065680395,-121.40884784593221,0.9978045225143433
Akawa_Butte,0720,625,332,44.426443711649895,-121.5176915252011,0.9921833276748657
Akawa_Butte,0720,468,397,44.468795527186835,-121.49312611147722,0.9897953867912292
Akawa_Butte,0720,627,504,44.42590419807618,-121.4526876611933,0.9970456957817078
Akawa_Butte,0720,575,320,44.439931550992874,-121.52222667850397,0.587671160697937
Akawa_Butte,0720,472,671,44.4677165000394,-121.38957344439501,0.949604332447052
Akawa_Butte,0720,628,514,44.42563444128932,-121.44890836677423,0.9734461903572083
Akawa_Butte,0720,598,550,44.4337271448951,-121.43530290686563,0.9984327554702759
Akawa_Butte,0720,355,666,44.499278044101956,-121.39146309160455,0.8947879076004028
Akawa_Butte,0720,378,529,44.49307363800419,-121.44323942514565,0.8575171828269958
Akawa_Butte,0720,390,438,44.489836556561876,-121.47763100435908,0.9940494298934937
Akawa_Butte,0720,628,344,44.42563444128932,-121.51315637189823,0.9942907094955444
Akawa_Butte,0720,465,677,44.46960479754741,-121.38730586774358,0.7083186507225037
Akawa_Butte,0720,415,666,44.48309263689039,-121.39146309160455,0.9721986651420593
Akawa_Butte,0720,472,405,44.4677165000394,-121.49010267594197,0.996723473072052
Akawa_Butte,0720,546,386,44.4477544978118,-121.49728333533818,0.9979504942893982
Akawa_Butte,0720,385,522,44.49118534049617,-121.445884931239,0.9889200329780579
Akawa_Butte,0720,481,390,44.46528868895766,-121.49577161757057,0.7958425283432007
Akawa_Butte,0720,358,643,44.49846877374138,-121.40015546876839,0.9913655519485474
Akawa_Butte,0720,521,370,44.454498417483286,-121.50333020640868,0.9915734529495239
Akawa_Butte,0720,627,588,44.42590419807618,-121.4209415880732,0.9783779382705688
Akawa_Butte,0720,604,534,44.43210860417395,-121.44134977793613,0.9981159567832947
Akawa_Butte,0720,400,459,44.48713898869328,-121.46969448607906,0.9981931447982788
Akawa_Butte,0720,380,495,44.49253412443047,-121.45608902617045,0.9823335409164429
Akawa_Butte,0720,460,634,44.47095358148171,-121.40355683374554,0.998915433883667
Akawa_Butte,0720,513,387,44.45665647177816,-121.49690540589629,0.9909783601760864
Akawa_Butte,0720,369,672,44.49550144908592,-121.38919551495312,0.9349820017814636
Akawa_Butte,0720,614,490,44.42941103630535,-121.45797867337998,0.9967240691184998
Akawa_Butte,0720,557,637,44.44478717315634,-121.40242304541982,0.6618870496749878
Akawa_Butte,0720,581,586,44.43831301027171,-121.42169744695701,0.9850261211395264
Akawa_Butte,0720,394,664,44.488757529414436,-121.39221895048836,0.9957822561264038
Akawa_Butte,0720,502,375,44.45962379643361,-121.50144055919915,0.7817968130111694
Akawa_Butte,0720,380,605,44.49253412443047,-121.4145167875608,0.9897096753120422
Akawa_Butte,0720,587,356,44.43669446955056,-121.50862121859537,0.9948698282241821
Akawa_Butte,0720,542,645,44.448833524959234,-121.39939960988457,0.9828450679779053
Akawa_Butte,0720,446,659,44.474730176497744,-121.3941085976979,0.9778895378112793
Akawa_Butte,0720,551,654,44.446405713877496,-121.39599824490742,0.9361168146133423
Akawa_Butte,0720,386,522,44.49091558370931,-121.445884931239,0.988888680934906
Akawa_Butte,0720,647,443,44.42050906233899,-121.47574135714956,0.9982455372810364
Akawa_Butte,0720,424,670,44.48066482580865,-121.38995137383692,0.9645000100135803
Akawa_Butte,0720,364,641,44.49685023302022,-121.4009113276522,0.9948943853378296
Akawa_Butte,0720,606,376,44.43156909060023,-121.50106262975724,0.998783528804779
Akawa_Butte,0720,665,494,44.41565344017552,-121.45646695561236,0.9866872429847717
Akawa_Butte,0720,374,663,44.494152665151624,-121.39259687993027,0.9890537858009338
Akawa_Butte,0720,595,341,44.434536415255685,-121.51429016022395,0.9973324537277222
Akawa_Butte,0720,379,536,44.49280388121733,-121.4405939190523,0.8798744678497314
Akawa_Butte,0720,537,385,44.45018230889353,-121.49766126478009,0.9972770810127258
Akawa_Butte,0720,387,494,44.49064582692245,-121.45646695561236,0.9949480295181274
Akawa_Butte,0720,663,403,44.41619295374924,-121.49085853482579,0.9970237016677856
Akawa_Butte,0720,549,327,44.44694522745122,-121.51958117241064,0.5936144590377808
Akawa_Butte,0720,380,622,44.49253412443047,-121.40809198704841,0.9969824552536011
Akawa_Butte,0720,384,452,44.49145509728303,-121.4723399921724,0.9961376786231995
Akawa_Butte,0720,551,579,44.446405713877496,-121.42434295305036,0.999210774898529
Akawa_Butte,0720,534,649,44.45099157925411,-121.39788789211694,0.9699289202690125
Akawa_Butte,0720,610,551,44.430490063452794,-121.43492497742372,0.9935354590415955
Akawa_Butte,0720,370,435,44.495231692299065,-121.4787647926848,0.6036115288734436
Akawa_Butte,0720,609,526,44.43075982023965,-121.44437321347137,0.9982728362083435
Akawa_Butte,0720,634,558,44.424015900568165,-121.43227947133038,0.9515105485916138
Akawa_Butte,0720,425,441,44.480395069021796,-121.47649721603337,0.997606098651886
Akawa_Butte,0720,531,375,44.45180084961469,-121.50144055919915,0.9973766803741455
Akawa_Butte,0720,601,404,44.432917874534525,-121.49048060538388,0.9995620846748352
Akawa_Butte,0720,489,399,44.46313063466279,-121.49237025259342,0.9927889704704285
Akawa_Butte,0720,413,681,44.4836321504641,-121.38579414997596,0.9256895184516907
Akawa_Butte,0720,625,483,44.426443711649895,-121.46062417947331,0.9944204092025757
Akawa_Butte,0720,558,659,44.444517416369486,-121.3941085976979,0.9893907308578491
Akawa_Butte,0720,657,436,44.41781149447039,-121.47838686324289,0.9977273344993591
Akawa_Butte,0720,389,475,44.49010631334873,-121.46364761500857,0.9971532821655273
Akawa_Butte,0720,350,659,44.50062682803625,-121.3941085976979,0.9228683114051819
Akawa_Butte,0720,625,460,44.426443711649895,-121.46931655663715,0.9992567896842957
Akawa_Butte,0720,449,655,44.47392090613717,-121.39562031546551,0.9958507418632507
Akawa_Butte,0720,422,655,44.48120433938237,-121.39562031546551,0.9981869459152222
Akawa_Butte,0720,414,422,44.48336239367725,-121.48367787542958,0.9736800193786621
Akawa_Butte,0720,442,409,44.475809203645184,-121.48859095817436,0.9960936307907104
Akawa_Butte,0720,403,667,44.486329718332705,-121.39108516216264,0.98685622215271
Akawa_Butte,0720,638,570,44.422936873420724,-121.42774431802751,0.9899992346763611
Akawa_Butte,0720,564,324,44.442898875648325,-121.52071496073636,0.6787222623825073
Akawa_Butte,0720,572,645,44.44074082135345,-121.39939960988457,0.5621882677078247
Akawa_Butte,0720,608,563,44.43102957702651,-121.43038982412085,0.9951948523521423
Akawa_Butte,0720,625,377,44.426443711649895,-121.50068470031535,0.9894981980323792
Akawa_Butte,0720,608,377,44.43102957702651,-121.50068470031535,0.9984152317047119
Akawa_Butte,0720,512,372,44.45692622856502,-121.50257434752487,0.9503688812255859
Akawa_Butte,0720,499,382,44.460433066794195,-121.49879505310581,0.9048022627830505
Akawa_Butte,0720,557,633,44.44478717315634,-121.40393476318744,0.5346958637237549
Akawa_Butte,0720,391,572,44.48956679977501,-121.4269884591437,0.9957067966461182
Akawa_Butte,0720,425,663,44.480395069021796,-121.39259687993027,0.9699967503547668
Akawa_Butte,0720,550,353,44.44667547066436,-121.50975500692108,0.9966011643409729
Akawa_Butte,0720,516,640,44.45584720141758,-121.4012892570941,0.992059588432312
Akawa_Butte,0720,350,630,44.50062682803625,-121.40506855151315,0.6937631964683533
Akawa_Butte,0720,635,478,44.4237461437813,-121.46251382668285,0.9956600666046143
Akawa_Butte,0720,406,445,44.48552044797212,-121.47498549826574,0.9979912638664246
Akawa_Butte,0720,520,371,44.45476817427014,-121.50295227696678,0.9912665486335754
Akawa_Butte,0720,556,332,44.4450569299432,-121.5176915252011,0.865002453327179
Akawa_Butte,0720,414,437,44.48336239367725,-121.478008933801,0.9979780912399292
Akawa_Butte,0720,639,441,44.42266711663387,-121.47649721603337,0.9991823434829712
Akawa_Butte,0720,361,673,44.4976595033808,-121.3888175855112,0.8377385139465332
Akawa_Butte,0720,453,675,44.472841878989726,-121.3880617266274,0.8796523213386536
Akawa_Butte,0720,355,629,44.499278044101956,-121.40544648095506,0.8989547491073608
Akawa_Butte,0720,613,508,44.42968079309221,-121.45117594342567,0.9969317317008972
Akawa_Butte,0720,389,600,44.49010631334873,-121.41640643477034,0.994909942150116
Akawa_Butte,0720,384,449,44.49145509728303,-121.47347378049813,0.9950646162033081
Akawa_Butte,0720,597,396,44.433996901681965,-121.49350404091913,0.9992785453796387
Akawa_Butte,0720,474,404,44.46717698646568,-121.49048060538388,0.996441125869751
Akawa_Butte,0720,586,320,44.436964226337416,-121.52222667850397,0.6197435259819031
Akawa_Butte,0720,407,453,44.485250691185264,-121.4719620627305,0.9979630708694458
Akawa_Butte,0720,555,326,44.44532668673006,-121.51995910185254,0.7786641716957092
Akawa_Butte,0720,654,422,44.418620764830976,-121.48367787542958,0.9988389015197754
Akawa_Butte,0720,483,392,44.46474917538394,-121.49501575868675,0.9471914768218994
Akawa_Butte,0720,644,448,44.42131833269957,-121.47385170994002,0.998336136341095
Akawa_Butte,0720,641,562,44.42212760306015,-121.43076775356276,0.9712365865707397
Akawa_Butte,0720,641,511,44.42212760306015,-121.45004215509995,0.9329243898391724
Akawa_Butte,0720,601,488,44.432917874534525,-121.45873453226379,0.9989269971847534
Akawa_Butte,0720,529,647,44.452340363188405,-121.39864375100076,0.9504993557929993
Akawa_Butte,0720,542,629,44.448833524959234,-121.40544648095506,0.9849786758422852
Akawa_Butte,0720,380,490,44.49253412443047,-121.45797867337998,0.9867406487464905
Akawa_Butte,0720,500,383,44.46016331000733,-121.4984171236639,0.914345920085907
Akawa_Butte,0720,410,687,44.48444142082469,-121.38352657332453,0.7416778206825256
Akawa_Butte,0720,638,593,44.422936873420724,-121.41905194086368,0.9872956275939941
Akawa_Butte,0720,509,642,44.4577354989256,-121.40053339821029,0.9947684407234192
Akawa_Butte,0720,616,556,44.42887152273163,-121.4330353302142,0.9895550012588501
Akawa_Butte,0720,627,490,44.42590419807618,-121.45797867337998,0.9905218482017517
Akawa_Butte,0720,347,663,44.50143609839683,-121.39259687993027,0.7563843131065369
Akawa_Butte,0720,628,567,44.42563444128932,-121.42887810635322,0.9580183029174805
Akawa_Butte,0720,364,662,44.49685023302022,-121.39297480937218,0.9558347463607788
Akawa_Butte,0720,565,356,44.44262911886147,-121.50862121859537,0.9972289204597473
Akawa_Butte,0720,622,582,44.42725298201048,-121.42320916472464,0.9741118550300598
Akawa_Butte,0720,527,373,44.452879876762125,-121.50219641808296,0.9963670372962952
Akawa_Butte,0720,552,655,44.44613595709064,-121.39562031546551,0.9408747553825378
Akawa_Butte,0720,565,323,44.44262911886147,-121.52109289017825,0.6281396150588989
Akawa_Butte,0720,617,467,44.42860176594478,-121.46667105054381,0.9990891218185425
Akawa_Butte,0720,612,552,44.429950549879074,-121.43454704798181,0.9923076629638672
Akawa_Butte,0720,383,485,44.49172485406989,-121.45986832058951,0.9930000901222229
Akawa_Butte,0720,373,674,44.49442242193849,-121.3884396560693,0.9197055101394653
Akawa_Butte,0720,539,347,44.44964279531981,-121.51202258357252,0.9925338625907898
Akawa_Butte,0720,631,350,44.42482517092874,-121.5108887952468,0.890097975730896
Akawa_Butte,0720,386,501,44.49091558370931,-121.45382144951901,0.9937688112258911
Akawa_Butte,0720,396,430,44.488218015840715,-121.48065443989432,0.9189226031303406
Akawa_Butte,0720,425,651,44.480395069021796,-121.39713203323313,0.9986492991447449
Akawa_Butte,0720,527,646,44.452879876762125,-121.39902168044266,0.9597715735435486
Akawa_Butte,0720,510,612,44.45746574213874,-121.41187128146747,0.9993801116943359
Akawa_Butte,0720,434,681,44.47796725794006,-121.38579414997596,0.7382650375366211
Akawa_Butte,0720,481,399,44.46528868895766,-121.49237025259342,0.9914718866348267
Akawa_Butte,0720,479,666,44.465828202531384,-121.39146309160455,0.9924125671386719
Akawa_Butte,0720,586,337,44.436964226337416,-121.51580187799158,0.9834368824958801
Akawa_Butte,0720,436,663,44.47742774436634,-121.39259687993027,0.9535846710205078
Akawa_Butte,0720,626,395,44.42617395486304,-121.49388197036103,0.9984839558601379
Akawa_Butte,0720,662,399,44.416462710536095,-121.49237025259342,0.9963902235031128
Akawa_Butte,0720,598,487,44.4337271448951,-121.4591124617057,0.9990344643592834
Akawa_Butte,0720,366,620,44.496310719446505,-121.40884784593221,0.988250732421875
Akawa_Butte,0720,498,640,44.46070282358105,-121.4012892570941,0.9981809854507446
Akawa_Butte,0720,547,607,44.44748474102494,-121.413760928677,0.9967743158340454
Akawa_Butte,0720,593,572,44.4350759288294,-121.4269884591437,0.9983023405075073
Akawa_Butte,0720,399,499,44.48740874548014,-121.45457730840283,0.9984363317489624
Akawa_Butte,0720,436,658,44.47742774436634,-121.39448652713979,0.9680014848709106
Akawa_Butte,0720,629,567,44.42536468450246,-121.42887810635322,0.9580524563789368
Akawa_Butte,0720,634,545,44.424015900568165,-121.43719255407515,0.6300762295722961
Akawa_Butte,0720,652,482,44.419160278404696,-121.46100210891522,0.9950112104415894
Akawa_Butte,0720,518,634,44.45530768784386,-121.40355683374554,0.9968174695968628
Akawa_Butte,0720,534,630,44.45099157925411,-121.40506855151315,0.995363712310791
Akawa_Butte,0720,526,361,44.45314963354899,-121.50673157138583,0.9929518699645996
Akawa_Butte,0720,511,394,44.45719598535188,-121.49425989980294,0.9944484829902649
Akawa_Butte,0720,598,385,44.4337271448951,-121.49766126478009,0.9991104006767273
Akawa_Butte,0720,634,549,44.424015900568165,-121.43568083630753,0.8034881353378296
Akawa_Butte,0720,633,474,44.42428565735502,-121.46402554445048,0.9961265325546265
Akawa_Butte,0720,379,609,44.49280388121733,-121.41300506979319,0.9918550848960876
Akawa_Butte,0720,613,510,44.42968079309221,-121.45042008454186,0.9983912110328674
Akawa_Butte,0720,639,597,44.42266711663387,-121.41754022309605,0.9766089916229248
Akawa_Butte,0720,538,362,44.449912552106674,-121.50635364194393,0.9974563121795654
Akawa_Butte,0720,384,441,44.49145509728303,-121.47649721603337,0.9901048541069031
Akawa_Butte,0720,384,587,44.49145509728303,-121.42131951751512,0.9762014150619507
Akawa_Butte,0720,549,612,44.44694522745122,-121.41187128146747,0.9823843240737915
Akawa_Butte,0720,351,652,44.5003570712494,-121.39675410379122,0.9495453834533691
Akawa_Butte,0720,474,410,44.46717698646568,-121.48821302873245,0.9976580739021301
Akawa_Butte,0720,367,635,44.49604096265964,-121.40317890430363,0.9959589838981628
Akawa_Butte,0720,614,365,44.42941103630535,-121.50521985361821,0.9906405806541443
Akawa_Butte,0720,606,392,44.43156909060023,-121.49501575868675,0.999001145362854
Akawa_Butte,0720,426,657,44.48012531223493,-121.3948644565817,0.9965980648994446
Akawa_Butte,0720,433,413,44.478237014726915,-121.48707924040673,0.9934476613998413
Akawa_Butte,0720,536,627,44.450452065680395,-121.40620233983887,0.996065616607666
Akawa_Butte,0720,605,562,44.43183884738709,-121.43076775356276,0.9969240427017212
Akawa_Butte,0720,372,418,44.494692178725344,-121.4851895931972,0.5250961780548096
Akawa_Butte,0720,605,579,44.43183884738709,-121.42434295305036,0.9944011569023132
Akawa_Butte,0720,623,334,44.426983225223616,-121.5169356663173,0.9921608567237854
Akawa_Butte,0720,638,396,44.422936873420724,-121.49350404091913,0.9985092282295227
Akawa_Butte,0720,421,444,44.48147409616923,-121.47536342770765,0.997748851776123
Akawa_Butte,0720,590,327,44.43588519918998,-121.51958117241064,0.7401307225227356
Akawa_Butte,0720,609,576,44.43075982023965,-121.42547674137607,0.9907019138336182
Akawa_Butte,0720,394,529,44.488757529414436,-121.44323942514565,0.9977486729621887
Akawa_Butte,0720,412,441,44.48390190725097,-121.47649721603337,0.9980420470237732
Akawa_Butte,0720,644,493,44.42131833269957,-121.45684488505427,0.9973862171173096
Akawa_Butte,0720,394,430,44.488757529414436,-121.48065443989432,0.7901834845542908
Akawa_Butte,0720,389,567,44.49010631334873,-121.42887810635322,0.9952366948127747
Akawa_Butte,0720,460,654,44.47095358148171,-121.39599824490742,0.9967743158340454
Akawa_Butte,0720,395,428,44.48848777262758,-121.48141029877814,0.8259588479995728
Akawa_Butte,0720,607,568,44.43129933381337,-121.42850017691133,0.9941078424453735
Akawa_Butte,0720,370,436,44.495231692299065,-121.47838686324289,0.6473693251609802
Akawa_Butte,0720,593,358,44.4350759288294,-121.50786535971154,0.9948890805244446
Akawa_Butte,0720,590,322,44.43588519918998,-121.52147081962016,0.6582652926445007
Akawa_Butte,0720,361,669,44.4976595033808,-121.39032930327883,0.9118167161941528
Akawa_Butte,0720,377,630,44.49334339479105,-121.40506855151315,0.9976762533187866
Akawa_Butte,0720,570,308,44.44128033492717,-121.52676183180684,0.5191765427589417
Akawa_Butte,0720,385,605,44.49118534049617,-121.4145167875608,0.9943683743476868
Akawa_Butte,0720,586,362,44.436964226337416,-121.50635364194393,0.9934995770454407
Akawa_Butte,0720,550,666,44.44667547066436,-121.39146309160455,0.8142269253730774
Akawa_Butte,0720,428,668,44.47958579866121,-121.39070723272074,0.9672472476959229
Akawa_Butte,0720,474,646,44.46717698646568,-121.39902168044266,0.9981333613395691
Akawa_Butte,0720,653,453,44.41889052161783,-121.4719620627305,0.9973594546318054
Akawa_Butte,0720,634,387,44.424015900568165,-121.49690540589629,0.9981615543365479
Akawa_Butte,0720,665,478,44.41565344017552,-121.46251382668285,0.8920137882232666
Akawa_Butte,0720,607,522,44.43129933381337,-121.445884931239,0.9983957409858704
Akawa_Butte,0720,384,432,44.49145509728303,-121.47989858101052,0.5154381990432739
Akawa_Butte,0720,416,683,44.48282288010353,-121.38503829109214,0.9107268452644348
Akawa_Butte,0720,645,411,44.42104857591271,-121.48783509929054,0.9988841414451599
Akawa_Butte,0720,381,679,44.49226436764361,-121.38655000885977,0.8798586130142212
Akawa_Butte,0720,555,581,44.44532668673006,-121.42358709416655,0.999010443687439
Akawa_Butte,0720,620,367,44.42779249558419,-121.5044639947344,0.9457554221153259
Akawa_Butte,0720,547,364,44.44748474102494,-121.50559778306011,0.997879147529602
Akawa_Butte,0720,616,393,44.42887152273163,-121.49463782924485,0.9986217617988586
Akawa_Butte,0720,568,319,44.44181984850089,-121.52260460794588,0.5907108187675476
Akawa_Butte,0720,576,356,44.43966179420601,-121.50862121859537,0.9957816004753113
Akawa_Butte,0720,399,683,44.48740874548014,-121.38503829109214,0.9085171222686768
Akawa_Butte,0720,399,667,44.48740874548014,-121.39108516216264,0.9864017367362976
Akawa_Butte,0720,422,666,44.48120433938237,-121.39146309160455,0.9687891602516174
Akawa_Butte,0720,366,611,44.496310719446505,-121.41224921090937,0.9430322051048279
Akawa_Butte,0720,556,633,44.4450569299432,-121.40393476318744,0.7618387937545776
Akawa_Butte,0720,427,653,44.479855555448076,-121.39637617434933,0.9983055591583252
Akawa_Butte,0720,626,512,44.42617395486304,-121.44966422565805,0.9936071038246155
Akawa_Butte,0720,383,677,44.49172485406989,-121.38730586774358,0.9383149743080139
Akawa_Butte,0720,603,522,44.432378360960804,-121.445884931239,0.9986188411712646
Akawa_Butte,0720,607,531,44.43129933381337,-121.44248356626184,0.9978175163269043
Akawa_Butte,0720,597,494,44.433996901681965,-121.45646695561236,0.9986706972122192
Akawa_Butte,0720,520,391,44.45476817427014,-121.49539368812866,0.9956774711608887
Akawa_Butte,0720,420,663,44.48174385295609,-121.39259687993027,0.9867776036262512
Akawa_Butte,0720,609,337,44.43075982023965,-121.51580187799158,0.9854522943496704
Akawa_Butte,0720,622,505,44.42725298201048,-121.45230973175138,0.9933362007141113
Akawa_Butte,0720,544,382,44.448294011385514,-121.49879505310581,0.9976395964622498
Akawa_Butte,0720,603,393,44.432378360960804,-121.49463782924485,0.9992396831512451
Akawa_Butte,0720,548,601,44.44721498423808,-121.41602850532843,0.9985488653182983
Akawa_Butte,0720,387,474,44.49064582692245,-121.46402554445048,0.9971514940261841
Akawa_Butte,0720,569,339,44.44155009171403,-121.51504601910776,0.9834209680557251
Akawa_Butte,0720,624,378,44.42671346843676,-121.50030677087344,0.9963793754577637
Akawa_Butte,0720,597,511,44.433996901681965,-121.45004215509995,0.9980766177177429
Akawa_Butte,0720,526,635,44.45314963354899,-121.40317890430363,0.9855040311813354
Akawa_Butte,0720,432,673,44.47850677151378,-121.3888175855112,0.9369708299636841
Akawa_Butte,0720,372,612,44.494692178725344,-121.41187128146747,0.9836280345916748
Akawa_Butte,0720,370,431,44.495231692299065,-121.48027651045243,0.5418536067008972
Akawa_Butte,0720,621,381,44.427522738797336,-121.49917298254772,0.9978837370872498
Akawa_Butte,0720,590,362,44.43588519918998,-121.50635364194393,0.9935914874076843
Akawa_Butte,0720,609,588,44.43075982023965,-121.4209415880732,0.659619152545929
Akawa_Butte,0720,377,621,44.49334339479105,-121.40846991649032,0.995701014995575
Akawa_Butte,0720,614,586,44.42941103630535,-121.42169744695701,0.8645967841148376
Akawa_Butte,0720,629,386,44.42536468450246,-121.49728333533818,0.998099684715271
Akawa_Butte,0720,464,664,44.469874554334275,-121.39221895048836,0.9811330437660217
Akawa_Butte,0720,663,497,44.41619295374924,-121.45533316728664,0.988152801990509
Akawa_Butte,0720,598,381,44.4337271448951,-121.49917298254772,0.9991424083709717
Akawa_Butte,0720,547,626,44.44748474102494,-121.40658026928078,0.9147399663925171
Akawa_Butte,0720,410,442,44.48444142082469,-121.47611928659146,0.9981673955917358
Akawa_Butte,0720,652,478,44.419160278404696,-121.46251382668285,0.9961267113685608
Akawa_Butte,0720,456,641,44.47203260862915,-121.4009113276522,0.998681366443634
Akawa_Butte,0720,574,331,44.44020130777973,-121.51806945464301,0.7498511672019958
Akawa_Butte,0720,507,631,44.458275012499314,-121.40469062207126,0.9985432624816895
Akawa_Butte,0720,575,352,44.439931550992874,-121.510132936363,0.9970867037773132
Akawa_Butte,0720,615,348,44.4291412795185,-121.5116446541306,0.9961450695991516
Akawa_Butte,0720,382,523,44.49199461085675,-121.44550700179708,0.9854254126548767
Akawa_Butte,0720,493,666,44.46205160751535,-121.39146309160455,0.9788639545440674
Akawa_Butte,0720,433,653,44.478237014726915,-121.39637617434933,0.9979113936424255
Akawa_Butte,0720,620,562,44.42779249558419,-121.43076775356276,0.9759482741355896
Akawa_Butte,0720,373,610,44.49442242193849,-121.41262714035128,0.9854817390441895
Akawa_Butte,0720,619,515,44.428062252371056,-121.44853043733234,0.9973098635673523
Akawa_Butte,0720,620,506,44.42779249558419,-121.45193180230949,0.9960582852363586
Akawa_Butte,0720,544,356,44.448294011385514,-121.50862121859537,0.9972100257873535
Akawa_Butte,0720,374,618,44.494152665151624,-121.40960370481604,0.994015097618103
Akawa_Butte,0720,667,474,44.4151139266018,-121.46402554445048,0.6605822443962097
Akawa_Butte,0720,617,359,44.42860176594478,-121.50748743026965,0.9643523097038269
Akawa_Butte,0720,532,655,44.45153109282783,-121.39562031546551,0.7428159713745117
Akawa_Butte,0720,434,418,44.47796725794006,-121.4851895931972,0.996665358543396
Akawa_Butte,0720,419,420,44.48201360974295,-121.48443373431338,0.985210120677948
Akawa_Butte,0720,674,473,44.41322562909379,-121.46440347389238,0.5321091413497925
Akawa_Butte,0720,516,646,44.45584720141758,-121.39902168044266,0.9848721027374268
Akawa_Butte,0720,381,549,44.49226436764361,-121.43568083630753,0.983473539352417
Akawa_Butte,0720,610,358,44.430490063452794,-121.50786535971154,0.9863995313644409
Akawa_Butte,0720,656,475,44.418081251257256,-121.46364761500857,0.9909875988960266
Akawa_Butte,0720,630,341,44.4250949277156,-121.51429016022395,0.9962481260299683
Akawa_Butte,0720,390,599,44.489836556561876,-121.41678436421223,0.9962656497955322
Akawa_Butte,0720,650,452,44.41969979197841,-121.4723399921724,0.9977258443832397
Akawa_Butte,0720,611,329,44.43022030666593,-121.51882531352682,0.961173415184021
Akawa_Butte,0720,626,569,44.42617395486304,-121.42812224746942,0.9498335123062134
Akawa_Butte,0720,387,509,44.49064582692245,-121.45079801398377,0.9931768178939819
Akawa_Butte,0720,544,344,44.448294011385514,-121.51315637189823,0.9901927709579468
Akawa_Butte,0720,545,348,44.44802425459866,-121.5116446541306,0.9947783350944519
Akawa_Butte,0720,583,512,44.43777349669799,-121.44966422565805,0.9992249608039856
Akawa_Butte,0720,600,496,44.43318763132139,-121.45571109672855,0.9983556866645813
Akawa_Butte,0720,504,403,44.4590842828599,-121.49085853482579,0.9975854158401489
Akawa_Butte,0720,604,587,44.43210860417395,-121.42131951751512,0.831809937953949
Akawa_Butte,0720,575,583,44.439931550992874,-121.42283123528273,0.9982092380523682
Akawa_Butte,0720,660,438,44.417002224109815,-121.47763100435908,0.9974321126937866
Akawa_Butte,0720,374,494,44.494152665151624,-121.45646695561236,0.9716116189956665
Akawa_Butte,0720,513,645,44.45665647177816,-121.39939960988457,0.9928379654884338
Akawa_Butte,0720,666,395,44.41538368338866,-121.49388197036103,0.9847388863563538
Akawa_Butte,0720,420,430,44.48174385295609,-121.48065443989432,0.996442437171936
Akawa_Butte,0720,578,342,44.4391222806323,-121.51391223078204,0.9835110306739807
Akawa_Butte,0720,605,515,44.43183884738709,-121.44853043733234,0.9974039196968079
Akawa_Butte,0720,609,350,44.43075982023965,-121.5108887952468,0.9947605133056641
Akawa_Butte,0720,645,500,44.42104857591271,-121.45419937896092,0.9964525699615479
Akawa_Butte,0720,652,466,44.419160278404696,-121.46704897998572,0.9962815642356873
Akawa_Butte,0720,557,620,44.44478717315634,-121.40884784593221,0.7658280730247498
Akawa_Butte,0720,363,659,44.49711998980708,-121.3941085976979,0.9753652215003967
Akawa_Butte,0720,374,657,44.494152665151624,-121.3948644565817,0.9974664449691772
Akawa_Butte,0720,472,395,44.4677165000394,-121.49388197036103,0.9797825813293457
Akawa_Butte,0720,375,671,44.49388290836477,-121.38957344439501,0.9219809174537659
Akawa_Butte,0720,617,325,44.42860176594478,-121.52033703129445,0.9727400541305542
Akawa_Butte,0720,579,356,44.43885252384543,-121.50862121859537,0.9951335191726685
Akawa_Butte,0720,407,667,44.485250691185264,-121.39108516216264,0.9781785607337952
Akawa_Butte,0720,626,516,44.42617395486304,-121.44815250789043,0.9766544699668884
Akawa_Butte,0720,603,319,44.432378360960804,-121.52260460794588,0.8050241470336914
Akawa_Butte,0720,524,370,44.4536891471227,-121.50333020640868,0.9943287372589111
Akawa_Butte,0720,578,309,44.4391222806323,-121.52638390236494,0.5298159122467041
Akawa_Butte,0720,611,528,44.43022030666593,-121.44361735458756,0.998022198677063
Akawa_Butte,0720,635,377,44.4237461437813,-121.50068470031535,0.5472028851509094
Akawa_Butte,0720,647,503,44.42050906233899,-121.4530655906352,0.991157591342926
Akawa_Butte,0720,580,514,44.43858276705858,-121.44890836677423,0.9993839859962463
Akawa_Butte,0720,619,356,44.428062252371056,-121.50862121859537,0.9669261574745178
Akawa_Butte,0720,428,422,44.47958579866121,-121.48367787542958,0.9966892004013062
Akawa_Butte,0720,570,647,44.44128033492717,-121.39864375100076,0.6744484901428223
Akawa_Butte,0720,398,668,44.487678502267,-121.39070723272074,0.9785439968109131
Akawa_Butte,0720,428,676,44.47958579866121,-121.38768379718549,0.9147260785102844
Akawa_Butte,0720,605,353,44.43183884738709,-121.50975500692108,0.9930311441421509
Akawa_Butte,0720,656,409,44.418081251257256,-121.48859095817436,0.9981618523597717
Akawa_Butte,0720,657,432,44.41781149447039,-121.47989858101052,0.9980438351631165
Akawa_Butte,0720,632,398,44.424555414141885,-121.49274818203531,0.9985981583595276
Akawa_Butte,0720,624,381,44.42671346843676,-121.49917298254772,0.9978844523429871
Akawa_Butte,0720,558,600,44.444517416369486,-121.41640643477034,0.9923941493034363
Akawa_Butte,0720,415,684,44.48309263689039,-121.38466036165025,0.8730568885803223
Akawa_Butte,0720,378,587,44.49307363800419,-121.42131951751512,0.860703706741333
Akawa_Butte,0720,626,355,44.42617395486304,-121.50899914803726,0.9072930812835693
Akawa_Butte,0720,386,683,44.49091558370931,-121.38503829109214,0.8091010451316833
Akawa_Butte,0720,616,584,44.42887152273163,-121.42245330584083,0.9350597262382507
Akawa_Butte,0720,487,640,44.4636701482365,-121.4012892570941,0.9984843730926514
Akawa_Butte,0720,556,645,44.4450569299432,-121.39939960988457,0.8921090960502625
Akawa_Butte,0720,530,617,44.45207060640155,-121.40998163425793,0.9982791543006897
Akawa_Butte,0720,497,647,44.46097258036791,-121.39864375100076,0.9947394728660583
Akawa_Butte,0720,506,388,44.45854476928618,-121.49652747645438,0.9800732731819153
Akawa_Butte,0720,633,400,44.42428565735502,-121.4919923231515,0.9986456036567688
Akawa_Butte,0720,497,639,44.46097258036791,-121.401667186536,0.9981698393821716
Akawa_Butte,0720,493,388,44.46205160751535,-121.49652747645438,0.9616948366165161
Akawa_Butte,0720,459,638,44.47122333826857,-121.40204511597791,0.9987093806266785
Akawa_Butte,0720,605,369,44.43183884738709,-121.50370813585059,0.99773108959198
Akawa_Butte,0720,377,575,44.49334339479105,-121.42585467081798,0.5960543155670166
Akawa_Butte,0720,480,653,44.46555844574452,-121.39637617434933,0.9967037439346313
Akawa_Butte,0720,634,397,44.424015900568165,-121.49312611147722,0.9984635710716248
Akawa_Butte,0720,421,667,44.48147409616923,-121.39108516216264,0.9660211801528931
Akawa_Butte,0720,672,408,44.4137651426675,-121.48896888761625,0.9204548001289368
Akawa_Butte,0720,522,643,44.45422866069642,-121.40015546876839,0.9767888188362122
Akawa_Butte,0720,544,638,44.448294011385514,-121.40204511597791,0.9556744694709778
Akawa_Butte,0720,651,495,44.41943003519155,-121.45608902617045,0.995185911655426
Akawa_Butte,0720,436,427,44.47742774436634,-121.48178822822004,0.9976862668991089
Akawa_Butte,0720,628,610,44.42563444128932,-121.41262714035128,0.9569166898727417
Akawa_Butte,0720,461,633,44.47068382469485,-121.40393476318744,0.9989224076271057
Akawa_Butte,0720,625,495,44.426443711649895,-121.45608902617045,0.9911854267120361
Akawa_Butte,0720,601,374,44.432917874534525,-121.50181848864106,0.9991225004196167
Akawa_Butte,0720,411,442,44.484171664037824,-121.47611928659146,0.9980990290641785
Akawa_Butte,0720,363,641,44.49711998980708,-121.4009113276522,0.9947566390037537
Akawa_Butte,0720,424,427,44.48066482580865,-121.48178822822004,0.99642014503479
Akawa_Butte,0720,533,623,44.45126133604097,-121.4077140576065,0.9977835416793823
Akawa_Butte,0720,579,594,44.43885252384543,-121.41867401142177,0.8799746632575989
Akawa_Butte,0720,469,414,44.46852577039998,-121.48670131096482,0.9978339672088623
Akawa_Butte,0720,542,333,44.448833524959234,-121.51731359575919,0.5920304656028748
Akawa_Butte,0720,389,590,44.49010631334873,-121.4201857291894,0.9890650510787964
Akawa_Butte,0720,652,393,44.419160278404696,-121.49463782924485,0.9976624846458435
Akawa_Butte,0720,635,551,44.4237461437813,-121.43492497742372,0.8742353320121765
Akawa_Butte,0720,513,638,44.45665647177816,-121.40204511597791,0.9974938035011292
Akawa_Butte,0720,465,396,44.46960479754741,-121.49350404091913,0.9753687381744385
Akawa_Butte,0720,610,543,44.430490063452794,-121.43794841295897,0.9950882196426392
Akawa_Butte,0720,370,678,44.495231692299065,-121.38692793830168,0.8903508186340332
Akawa_Butte,0720,524,358,44.4536891471227,-121.50786535971154,0.9907162189483643
Akawa_Butte,0720,623,566,44.426983225223616,-121.42925603579513,0.9613863229751587
Akawa_Butte,0720,380,618,44.49253412443047,-121.40960370481604,0.9955804347991943
Akawa_Butte,0720,587,589,44.43669446955056,-121.4205636586313,0.9331715703010559
Akawa_Butte,0720,389,557,44.49010631334873,-121.43265740077229,0.9965102672576904
Akawa_Butte,0720,598,329,44.4337271448951,-121.51882531352682,0.8625819087028503
Akawa_Butte,0720,348,638,44.501166341609974,-121.40204511597791,0.8627074956893921
Akawa_Butte,0720,480,391,44.46555844574452,-121.49539368812866,0.8518370985984802
Akawa_Butte,0720,596,551,44.43426665846882,-121.43492497742372,0.9982154965400696
Akawa_Butte,0720,553,643,44.44586620030378,-121.40015546876839,0.9557002782821655
Akawa_Butte,0720,630,556,44.4250949277156,-121.4330353302142,0.8407950401306152
Akawa_Butte,0720,557,638,44.44478717315634,-121.40204511597791,0.6538044810295105
Akawa_Butte,0720,641,449,44.42212760306015,-121.47347378049813,0.9985260367393494
Akawa_Butte,0720,613,569,44.42968079309221,-121.42812224746942,0.9757851362228394
Akawa_Butte,0720,576,508,44.43966179420601,-121.45117594342567,0.9993662238121033
Akawa_Butte,0720,596,355,44.43426665846882,-121.50899914803726,0.9946762323379517
Akawa_Butte,0720,460,700,44.47095358148171,-121.37861349057975,0.5035887956619263
Akawa_Butte,0720,497,383,44.46097258036791,-121.4984171236639,0.8680114150047302
Akawa_Butte,0720,374,434,44.494152665151624,-121.47914272212671,0.6379704475402832
Akawa_Butte,0720,608,379,44.43102957702651,-121.49992884143153,0.9984788298606873
Akawa_Butte,0720,558,610,44.444517416369486,-121.41262714035128,0.6348461508750916
Akawa_Butte,0720,460,638,44.47095358148171,-121.40204511597791,0.9987572431564331
Akawa_Butte,0720,455,658,44.472302365416006,-121.39448652713979,0.9953181743621826
Akawa_Butte,0720,480,674,44.46555844574452,-121.3884396560693,0.9274647235870361
Akawa_Butte,0720,592,318,44.43534568561626,-121.52298253738779,0.6506137251853943
Akawa_Butte,0720,461,409,44.47068382469485,-121.48859095817436,0.9976768493652344
Akawa_Butte,0720,623,534,44.426983225223616,-121.44134977793613,0.9722453951835632
Akawa_Butte,0720,558,334,44.444517416369486,-121.5169356663173,0.9387022256851196
Akawa_Butte,0720,447,665,44.47446041971089,-121.39184102104646,0.977467954158783
Akawa_Butte,0720,398,580,44.487678502267,-121.42396502360845,0.9978693723678589
Akawa_Butte,0720,616,478,44.42887152273163,-121.46251382668285,0.9983310699462891
Akawa_Butte,0720,497,393,44.46097258036791,-121.49463782924485,0.9897235035896301
Akawa_Butte,0720,595,569,44.434536415255685,-121.42812224746942,0.9980259537696838
Akawa_Butte,0720,386,438,44.49091558370931,-121.47763100435908,0.984175980091095
Akawa_Butte,0720,614,329,44.42941103630535,-121.51882531352682,0.9752791523933411
Akawa_Butte,0720,595,497,44.434536415255685,-121.45533316728664,0.9986652135848999
Akawa_Butte,0720,619,570,44.428062252371056,-121.42774431802751,0.9654794335365295
Akawa_Butte,0720,544,346,44.448294011385514,-121.51240051301443,0.9923716187477112
Akawa_Butte,0720,596,582,44.43426665846882,-121.42320916472464,0.9970051646232605
Akawa_Butte,0720,379,445,44.49280388121733,-121.47498549826574,0.9933529496192932
Akawa_Butte,0720,442,423,44.475809203645184,-121.48329994598767,0.9975676536560059
Akawa_Butte,0720,657,500,44.41781149447039,-121.45419937896092,0.9913756251335144
Akawa_Butte,0720,641,441,44.42212760306015,-121.47649721603337,0.9990226626396179
Akawa_Butte,0720,580,316,44.43858276705858,-121.5237383962716,0.5363362431526184
Akawa_Butte,0720,656,462,44.418081251257256,-121.46856069775335,0.9918007254600525
Akawa_Butte,0720,600,505,44.43318763132139,-121.45230973175138,0.9980347752571106
Akawa_Butte,0720,533,652,44.45126133604097,-121.39675410379122,0.9383750557899475
Akawa_Butte,0720,615,584,44.4291412795185,-121.42245330584083,0.9315412044525146
Akawa_Butte,0720,660,469,44.417002224109815,-121.46591519166,0.9600091576576233
Akawa_Butte,0720,560,649,44.443977902795766,-121.39788789211694,0.952486515045166
Akawa_Butte,0720,457,644,44.47176285184229,-121.39977753932648,0.9983069896697998
Akawa_Butte,0720,427,666,44.479855555448076,-121.39146309160455,0.9704866409301758
Akawa_Butte,0720,441,661,44.47607896043204,-121.39335273881407,0.966719388961792
Akawa_Butte,0720,659,426,44.41727198089668,-121.48216615766195,0.9981269836425781
Akawa_Butte,0720,599,512,44.433457388108245,-121.44966422565805,0.9981330037117004
Akawa_Butte,0720,397,501,44.48794825905386,-121.45382144951901,0.9978916645050049
Akawa_Butte,0720,476,649,44.46663747289196,-121.39788789211694,0.99790358543396
Akawa_Butte,0720,534,614,44.45099157925411,-121.41111542258365,0.9982288479804993
Akawa_Butte,0720,604,589,44.43210860417395,-121.4205636586313,0.6190595030784607
Akawa_Butte,0720,567,323,44.44208960528775,-121.52109289017825,0.6414834260940552
Akawa_Butte,0720,575,324,44.439931550992874,-121.52071496073636,0.6201285719871521
Akawa_Butte,0720,370,460,44.495231692299065,-121.46931655663715,0.9873663783073425
Akawa_Butte,0720,633,391,44.42428565735502,-121.49539368812866,0.9982672333717346
Akawa_Butte,0720,601,397,44.432917874534525,-121.49312611147722,0.9993587732315063
Akawa_Butte,0720,546,663,44.4477544978118,-121.39259687993027,0.6532101035118103
Akawa_Butte,0720,657,476,44.41781149447039,-121.46326968556666,0.9882956147193909
Akawa_Butte,0720,581,320,44.43831301027171,-121.52222667850397,0.550303041934967
Akawa_Butte,0720,499,657,44.460433066794195,-121.3948644565817,0.9873701930046082
Akawa_Butte,0720,652,384,44.419160278404696,-121.498039194222,0.9371752142906189
Akawa_Butte,0720,680,476,44.41160708837263,-121.46326968556666,0.796980082988739
Akawa_Butte,0720,600,353,44.43318763132139,-121.50975500692108,0.9943313002586365
Akawa_Butte,0720,638,395,44.422936873420724,-121.49388197036103,0.9984832406044006
Akawa_Butte,0720,599,493,44.433457388108245,-121.45684488505427,0.998820960521698
Akawa_Butte,0720,608,586,44.43102957702651,-121.42169744695701,0.633012056350708
Akawa_Butte,0720,606,555,44.43156909060023,-121.43341325965609,0.997715175151825
Akawa_Butte,0720,418,665,44.482283366529806,-121.39184102104646,0.980622410774231
Akawa_Butte,0720,460,679,44.47095358148171,-121.38655000885977,0.6067264080047607
Akawa_Butte,0720,642,486,44.42185784627329,-121.4594903911476,0.9954307079315186
Akawa_Butte,0720,469,668,44.46852577039998,-121.39070723272074,0.9766048192977905
Akawa_Butte,0720,406,433,44.48552044797212,-121.4795206515686,0.9956174492835999
Akawa_Butte,0720,563,598,44.44316863243519,-121.41716229365414,0.9716307520866394
Akawa_Butte,0720,387,462,44.49064582692245,-121.46856069775335,0.9979085326194763
Akawa_Butte,0720,408,450,44.4849809343984,-121.47309585105621,0.9981327056884766
Akawa_Butte,0720,372,464,44.494692178725344,-121.46780483886953,0.9922301769256592
Akawa_Butte,0720,606,505,44.43156909060023,-121.45230973175138,0.9981290102005005
Akawa_Butte,0720,399,498,44.48740874548014,-121.45495523784473,0.9984342455863953
Akawa_Butte,0720,438,410,44.47688823079262,-121.48821302873245,0.9949684143066406
Akawa_Butte,0720,590,364,44.43588519918998,-121.50559778306011,0.9974711537361145
Akawa_Butte,0720,447,669,44.47446041971089,-121.39032930327883,0.9759000539779663
Akawa_Butte,0720,661,495,44.41673246732296,-121.45608902617045,0.9899922013282776
Akawa_Butte,0720,488,674,44.463400391449646,-121.3884396560693,0.8703700304031372
Akawa_Butte,0720,601,502,44.432917874534525,-121.4534435200771,0.9979647397994995
Akawa_Butte,0720,596,339,44.43426665846882,-121.51504601910776,0.9940851330757141
Akawa_Butte,0720,585,584,44.43723398312428,-121.42245330584083,0.9928969144821167
Akawa_Butte,0720,536,356,44.450452065680395,-121.50862121859537,0.9973289370536804
Akawa_Butte,0720,585,348,44.43723398312428,-121.5116446541306,0.9929504990577698
Akawa_Butte,0720,662,407,44.416462710536095,-121.48934681705816,0.9977224469184875
Akawa_Butte,0720,530,382,44.45207060640155,-121.49879505310581,0.996662974357605
Akawa_Butte,0720,376,473,44.493613151577904,-121.46440347389238,0.9937109351158142
Akawa_Butte,0720,660,492,44.417002224109815,-121.45722281449616,0.9923076033592224
Akawa_Butte,0720,615,368,44.4291412795185,-121.5040860652925,0.9899275898933411
Akawa_Butte,0720,641,501,44.42212760306015,-121.45382144951901,0.99671870470047
Akawa_Butte,0720,662,397,44.416462710536095,-121.49312611147722,0.9948339462280273
Akawa_Butte,0720,426,437,44.48012531223493,-121.478008933801,0.997776448726654
Akawa_Butte,0720,503,668,44.459354039646755,-121.39070723272074,0.8290871977806091
Akawa_Butte,0720,448,651,44.47419066292402,-121.39713203323313,0.9978242516517639
Akawa_Butte,0720,557,661,44.44478717315634,-121.39335273881407,0.9864574670791626
Akawa_Butte,0720,618,392,44.42833200915791,-121.49501575868675,0.9986695647239685
Akawa_Butte,0720,470,664,44.468256013613114,-121.39221895048836,0.9873973727226257
Akawa_Butte,0720,644,404,44.42131833269957,-121.49048060538388,0.9987254738807678
Akawa_Butte,0720,413,671,44.4836321504641,-121.38957344439501,0.9559785723686218
Akawa_Butte,0720,637,458,44.42320663020759,-121.47007241552096,0.9981485605239868
Akawa_Butte,0720,412,680,44.48390190725097,-121.38617207941786,0.9446332454681396
Akawa_Butte,0720,544,615,44.448294011385514,-121.41073749314175,0.9959083199501038
Akawa_Butte,0720,634,515,44.424015900568165,-121.44853043733234,0.9556207656860352
Akawa_Butte,0720,374,457,44.494152665151624,-121.47045034496287,0.9885152578353882
Akawa_Butte,0720,373,666,44.49442242193849,-121.39146309160455,0.9734283089637756
Akawa_Butte,0720,652,458,44.419160278404696,-121.47007241552096,0.9975386261940002
Akawa_Butte,0720,374,552,44.494152665151624,-121.43454704798181,0.55697101354599
Akawa_Butte,0720,547,589,44.44748474102494,-121.4205636586313,0.9985983371734619
Akawa_Butte,0720,607,528,44.43129933381337,-121.44361735458756,0.997773289680481
Akawa_Butte,0720,444,419,44.475269690071464,-121.4848116637553,0.9975624680519104
Akawa_Butte,0720,602,508,44.43264811774767,-121.45117594342567,0.9980271458625793
Akawa_Butte,0720,387,535,44.49064582692245,-121.44097184849421,0.9856820106506348
Akawa_Butte,0720,640,401,44.422397359847004,-121.4916143937096,0.9987335801124573
Akawa_Butte,0720,408,439,44.4849809343984,-121.47725307491717,0.9973468780517578
Akawa_Butte,0720,622,618,44.42725298201048,-121.40960370481604,0.9619725942611694
Akawa_Butte,0720,612,505,44.429950549879074,-121.45230973175138,0.9937173128128052
Akawa_Butte,0720,605,529,44.43183884738709,-121.44323942514565,0.9983047246932983
Akawa_Butte,0720,479,667,44.465828202531384,-121.39108516216264,0.9914835691452026
Akawa_Butte,0720,580,360,44.43858276705858,-121.50710950082774,0.9941498637199402
Akawa_Butte,0720,563,655,44.44316863243519,-121.39562031546551,0.989578902721405
Akawa_Butte,0720,543,367,44.44856376817238,-121.5044639947344,0.9978514313697815
Akawa_Butte,0720,357,617,44.498738530528236,-121.40998163425793,0.5917418599128723
Akawa_Butte,0720,543,336,44.44856376817238,-121.51617980743347,0.8509882688522339
Akawa_Butte,0720,438,650,44.47688823079262,-121.39750996267504,0.997984766960144
Akawa_Butte,0720,627,345,44.42590419807618,-121.51277844245632,0.995056688785553
Akawa_Butte,0720,619,387,44.428062252371056,-121.49690540589629,0.9981148838996887
Akawa_Butte,0720,535,648,44.45072182246725,-121.39826582155885,0.9828945398330688
Akawa_Butte,0720,596,362,44.43426665846882,-121.50635364194393,0.9941027760505676
Akawa_Butte,0720,547,386,44.44748474102494,-121.49728333533818,0.9980243444442749
Akawa_Butte,0720,428,684,44.47958579866121,-121.38466036165025,0.7167051434516907
Akawa_Butte,0720,602,408,44.43264811774767,-121.48896888761625,0.9996406435966492
Akawa_Butte,0720,633,581,44.42428565735502,-121.42358709416655,0.9809916615486145
Akawa_Butte,0720,511,651,44.45719598535188,-121.39713203323313,0.9885047674179077
Akawa_Butte,0720,450,422,44.4736511493503,-121.48367787542958,0.9975787401199341
Akawa_Butte,0720,414,671,44.48336239367725,-121.38957344439501,0.9623264074325562
Akawa_Butte,0720,378,437,44.49307363800419,-121.478008933801,0.8554539084434509
Akawa_Butte,0720,365,648,44.49658047623336,-121.39826582155885,0.9959958791732788
Akawa_Butte,0720,511,373,44.45719598535188,-121.50219641808296,0.9439486265182495
Akawa_Butte,0720,611,392,44.43022030666593,-121.49501575868675,0.9986491799354553
Akawa_Butte,0720,530,371,44.45207060640155,-121.50295227696678,0.9965686798095703
Akawa_Butte,0720,539,386,44.44964279531981,-121.49728333533818,0.9974549412727356
Akawa_Butte,0720,555,617,44.44532668673006,-121.40998163425793,0.6994648575782776
Akawa_Butte,0720,377,659,44.49334339479105,-121.3941085976979,0.9969837069511414
Akawa_Butte,0720,451,654,44.47338139256345,-121.39599824490742,0.9964730739593506
Akawa_Butte,0720,667,490,44.4151139266018,-121.45797867337998,0.9831265807151794
Akawa_Butte,0720,662,439,44.416462710536095,-121.47725307491717,0.9941882491111755
Akawa_Butte,0720,571,314,44.44101057814031,-121.5244942551554,0.535527229309082
Akawa_Butte,0720,632,516,44.424555414141885,-121.44815250789043,0.9442322254180908
Akawa_Butte,0720,560,334,44.443977902795766,-121.5169356663173,0.94789719581604
Akawa_Butte,0720,435,411,44.4776975011532,-121.48783509929054,0.9937083125114441
Akawa_Butte,0720,599,342,44.433457388108245,-121.51391223078204,0.997977077960968
Akawa_Butte,0720,660,437,44.417002224109815,-121.478008933801,0.9974441528320312
Akawa_Butte,0720,666,399,44.41538368338866,-121.49237025259342,0.9904664158821106
Akawa_Butte,0720,540,369,44.449373038532954,-121.50370813585059,0.9977405071258545
Akawa_Butte,0720,587,344,44.43669446955056,-121.51315637189823,0.9914568066596985
Akawa_Butte,0720,385,441,44.49118534049617,-121.47649721603337,0.9939716458320618
Akawa_Butte,0720,377,505,44.49334339479105,-121.45230973175138,0.9536427855491638
Akawa_Butte,0720,356,661,44.4990082873151,-121.39335273881407,0.9486306309700012
Akawa_Butte,0720,651,449,44.41943003519155,-121.47347378049813,0.9977442622184753
Akawa_Butte,0720,426,443,44.48012531223493,-121.47574135714956,0.9976733922958374
Akawa_Butte,0720,563,652,44.44316863243519,-121.39675410379122,0.9873380661010742
Akawa_Butte,0720,593,519,44.4350759288294,-121.44701871956471,0.9987396597862244
Akawa_Butte,0720,564,595,44.442898875648325,-121.41829608197986,0.9879628419876099
Akawa_Butte,0720,512,373,44.45692622856502,-121.50219641808296,0.9499377608299255
Akawa_Butte,0720,656,451,44.418081251257256,-121.4727179216143,0.9966171979904175
Akawa_Butte,0720,546,620,44.4477544978118,-121.40884784593221,0.9830522537231445
Akawa_Butte,0720,483,652,44.46474917538394,-121.39675410379122,0.9974074959754944
Akawa_Butte,0720,593,339,44.4350759288294,-121.51504601910776,0.9913221597671509
Akawa_Butte,0720,375,674,44.49388290836477,-121.3884396560693,0.9036727547645569
Akawa_Butte,0720,629,377,44.42536468450246,-121.50068470031535,0.8971570730209351
Akawa_Butte,0720,347,634,44.50143609839683,-121.40355683374554,0.5077910423278809
Akawa_Butte,0720,390,528,44.489836556561876,-121.44361735458756,0.995643675327301
Akawa_Butte,0720,578,333,44.4391222806323,-121.51731359575919,0.8595585227012634
Akawa_Butte,0720,377,586,44.49334339479105,-121.42169744695701,0.7176939845085144
Akawa_Butte,0720,424,414,44.48066482580865,-121.48670131096482,0.9128640294075012
Akawa_Butte,0720,537,628,44.45018230889353,-121.40582441039697,0.9959322810173035
Akawa_Butte,0720,629,480,44.42536468450246,-121.46175796779903,0.9947293400764465
Akawa_Butte,0720,622,323,44.42725298201048,-121.52109289017825,0.9758947491645813
Akawa_Butte,0720,374,438,44.494152665151624,-121.47763100435908,0.6799426674842834
Akawa_Butte,0720,632,513,44.424555414141885,-121.44928629621614,0.9687764644622803
Akawa_Butte,0720,623,463,44.426983225223616,-121.46818276831144,0.9992817640304565
Akawa_Butte,0720,520,384,44.45476817427014,-121.498039194222,0.9948070645332336
Akawa_Butte,0720,632,546,44.424555414141885,-121.43681462463326,0.5802600383758545
Akawa_Butte,0720,596,398,44.43426665846882,-121.49274818203531,0.9992820024490356
Akawa_Butte,0720,633,475,44.42428565735502,-121.46364761500857,0.9958066940307617
Akawa_Butte,0720,373,449,44.49442242193849,-121.47347378049813,0.9727988243103027
Akawa_Butte,0720,554,662,44.44559644351692,-121.39297480937218,0.9666849374771118
Akawa_Butte,0720,520,621,44.45476817427014,-121.40846991649032,0.9986470937728882
Akawa_Butte,0720,668,421,44.41484416981494,-121.48405580487149,0.997180700302124
Akawa_Butte,0720,356,634,44.4990082873151,-121.40355683374554,0.9769717454910278
Akawa_Butte,0720,658,503,44.417541737683536,-121.4530655906352,0.9812778234481812
Akawa_Butte,0720,513,371,44.45665647177816,-121.50295227696678,0.9561286568641663
Akawa_Butte,0720,584,590,44.437503739911136,-121.4201857291894,0.9053334593772888
Akawa_Butte,0720,488,650,44.463400391449646,-121.39750996267504,0.9977041482925415
Akawa_Butte,0720,405,424,44.485790204758985,-121.48292201654577,0.7477185726165771
Akawa_Butte,0720,667,413,44.4151139266018,-121.48707924040673,0.9976328015327454
Akawa_Butte,0720,656,415,44.418081251257256,-121.48632338152292,0.9984545111656189
Akawa_Butte,0720,617,493,44.42860176594478,-121.45684488505427,0.9937124848365784
Akawa_Butte,0720,540,361,44.449373038532954,-121.50673157138583,0.9976046681404114
Akawa_Butte,0720,651,505,44.41943003519155,-121.45230973175138,0.9799662232398987
Akawa_Butte,0720,663,448,44.41619295374924,-121.47385170994002,0.771039605140686
Akawa_Butte,0720,616,369,44.42887152273163,-121.50370813585059,0.9882831573486328
Akawa_Butte,0720,503,390,44.459354039646755,-121.49577161757057,0.9839987754821777
Akawa_Butte,0720,595,333,44.434536415255685,-121.51731359575919,0.9296512007713318
Akawa_Butte,0720,613,323,44.42968079309221,-121.52109289017825,0.9513869285583496
Akawa_Butte,0720,660,474,44.417002224109815,-121.46402554445048,0.9642210006713867
Akawa_Butte,0720,591,525,44.43561544240312,-121.44475114291328,0.9992765188217163
Akawa_Butte,0720,350,649,44.50062682803625,-121.39788789211694,0.9348759651184082
Akawa_Butte,0720,421,674,44.48147409616923,-121.3884396560693,0.9422585368156433
Akawa_Butte,0720,656,465,44.418081251257256,-121.46742690942763,0.9905487298965454
Akawa_Butte,0720,600,564,44.43318763132139,-121.43001189467894,0.9979971647262573
Akawa_Butte,0720,667,411,44.4151139266018,-121.48783509929054,0.9975886940956116
Akawa_Butte,0720,534,357,44.45099157925411,-121.50824328915346,0.9965846538543701
Akawa_Butte,0720,625,497,44.426443711649895,-121.45533316728664,0.995227575302124
Akawa_Butte,0720,622,382,44.42725298201048,-121.49879505310581,0.9979162216186523
Akawa_Butte,0720,390,674,44.489836556561876,-121.3884396560693,0.9426822662353516
Akawa_Butte,0720,618,373,44.42833200915791,-121.50219641808296,0.9917568564414978
Akawa_Butte,0720,647,489,44.42050906233899,-121.45835660282188,0.9959555864334106
Akawa_Butte,0720,421,440,44.48147409616923,-121.47687514547528,0.9979543685913086
Akawa_Butte,0720,614,345,44.42941103630535,-121.51277844245632,0.9975354075431824
Akawa_Butte,0720,628,385,44.42563444128932,-121.49766126478009,0.9981434345245361
Akawa_Butte,0720,545,649,44.44802425459866,-121.39788789211694,0.9698358178138733
Akawa_Butte,0720,625,515,44.426443711649895,-121.44853043733234,0.9882562160491943
Akawa_Butte,0720,369,676,44.49550144908592,-121.38768379718549,0.9117430448532104
Akawa_Butte,0720,597,382,44.433996901681965,-121.49879505310581,0.9990634918212891
Akawa_Butte,0720,585,563,44.43723398312428,-121.43038982412085,0.9988576769828796
Akawa_Butte,0720,593,580,44.4350759288294,-121.42396502360845,0.997742235660553
Akawa_Butte,0720,427,438,44.479855555448076,-121.47763100435908,0.9975420236587524
Akawa_Butte,0720,599,364,44.433457388108245,-121.50559778306011,0.9966652393341064
Akawa_Butte,0720,620,557,44.42779249558419,-121.43265740077229,0.9763162136077881
Akawa_Butte,0720,570,353,44.44128033492717,-121.50975500692108,0.9972622990608215
Akawa_Butte,0720,591,582,44.43561544240312,-121.42320916472464,0.9960404634475708
Akawa_Butte,0720,391,455,44.48956679977501,-121.47120620384668,0.9983228445053101
Akawa_Butte,0720,660,467,44.417002224109815,-121.46667105054381,0.9470513463020325
Akawa_Butte,0720,668,473,44.41484416981494,-121.46440347389238,0.5449997186660767
Akawa_Butte,0720,547,593,44.44748474102494,-121.41905194086368,0.998612642288208
Akawa_Butte,0720,375,529,44.49388290836477,-121.44323942514565,0.5984944701194763
Akawa_Butte,0720,637,379,44.42320663020759,-121.49992884143153,0.8922471404075623
Akawa_Butte,0720,573,308,44.440471064566594,-121.52676183180684,0.5174350142478943
Akawa_Butte,0720,657,423,44.41781149447039,-121.48329994598767,0.99852055311203
Akawa_Butte,0720,633,497,44.42428565735502,-121.45533316728664,0.9986180067062378
Akawa_Butte,0720,372,646,44.494692178725344,-121.39902168044266,0.9968929886817932
Akawa_Butte,0720,375,433,44.49388290836477,-121.4795206515686,0.5925808548927307
Akawa_Butte,0720,376,476,44.493613151577904,-121.46326968556666,0.9923092722892761
Akawa_Butte,0720,585,339,44.43723398312428,-121.51504601910776,0.9879307746887207
Akawa_Butte,0720,514,650,44.4563867149913,-121.39750996267504,0.9851100444793701
Akawa_Butte,0720,600,497,44.43318763132139,-121.45533316728664,0.9982976317405701
Akawa_Butte,0720,657,497,44.41781149447039,-121.45533316728664,0.9920504093170166
Akawa_Butte,0720,376,547,44.493613151577904,-121.43643669519135,0.8514978885650635
Akawa_Butte,0720,631,491,44.42482517092874,-121.45760074393807,0.9966109395027161
Akawa_Butte,0720,431,424,44.478776528300635,-121.48292201654577,0.9970215559005737
Akawa_Butte,0720,425,424,44.480395069021796,-121.48292201654577,0.9953688979148865
Akawa_Butte,0720,461,403,44.47068382469485,-121.49085853482579,0.9963271617889404
Akawa_Butte,0720,427,670,44.479855555448076,-121.38995137383692,0.9568922519683838
Akawa_Butte,0720,474,402,44.46717698646568,-121.49123646426769,0.9963507056236267
Akawa_Butte,0720,399,450,44.48740874548014,-121.47309585105621,0.9982107877731323
Akawa_Butte,0720,376,484,44.493613151577904,-121.46024625003142,0.9854319095611572
Akawa_Butte,0720,388,453,44.490376070135596,-121.4719620627305,0.9977860450744629
Akawa_Butte,0720,569,349,44.44155009171403,-121.51126672468871,0.99526447057724
Akawa_Butte,0720,388,471,44.490376070135596,-121.4651593327762,0.9974890947341919
Akawa_Butte,0720,390,453,44.489836556561876,-121.4719620627305,0.9980517625808716
Akawa_Butte,0720,415,449,44.48309263689039,-121.47347378049813,0.9978544116020203
Akawa_Butte,0720,549,606,44.44694522745122,-121.4141388581189,0.9961761832237244
Akawa_Butte,0720,603,388,44.432378360960804,-121.49652747645438,0.9991328120231628
Akawa_Butte,0720,410,677,44.48444142082469,-121.38730586774358,0.9750996828079224
Akawa_Butte,0720,601,354,44.432917874534525,-121.50937707747917,0.993660569190979
Akawa_Butte,0720,651,397,44.41943003519155,-121.49312611147722,0.998299241065979
Akawa_Butte,0720,616,328,44.42887152273163,-121.51920324296873,0.9778727293014526
Akawa_Butte,0720,627,334,44.42590419807618,-121.5169356663173,0.9934608936309814
Akawa_Butte,0720,620,359,44.42779249558419,-121.50748743026965,0.934488832950592
Akawa_Butte,0720,642,509,44.42185784627329,-121.45079801398377,0.9705201387405396
Akawa_Butte,0720,628,509,44.42563444128932,-121.45079801398377,0.9960504770278931
Akawa_Butte,0720,619,385,44.428062252371056,-121.49766126478009,0.998181164264679
Akawa_Butte,0720,555,335,44.44532668673006,-121.51655773687538,0.964410126209259
Akawa_Butte,0720,553,630,44.44586620030378,-121.40506855151315,0.7641289830207825
Akawa_Butte,0720,633,501,44.42428565735502,-121.45382144951901,0.9979571104049683
Akawa_Butte,0720,555,340,44.44532668673006,-121.51466808966586,0.9750068187713623
Akawa_Butte,0720,488,637,44.463400391449646,-121.40242304541982,0.9988874197006226
Akawa_Butte,0720,449,663,44.47392090613717,-121.39259687993027,0.9836146235466003
Akawa_Butte,0720,415,445,44.48309263689039,-121.47498549826574,0.9979753494262695
Akawa_Butte,0720,388,530,44.490376070135596,-121.44286149570374,0.9900009632110596
Akawa_Butte,0720,659,452,44.41727198089668,-121.4723399921724,0.9904038906097412
Akawa_Butte,0720,640,560,44.422397359847004,-121.43152361244657,0.9699598550796509
Akawa_Butte,0720,435,660,44.4776975011532,-121.39373066825598,0.9539200663566589
Akawa_Butte,0720,376,499,44.493613151577904,-121.45457730840283,0.977139413356781
Akawa_Butte,0720,392,503,44.489297042988156,-121.4530655906352,0.9967176914215088
Akawa_Butte,0720,665,440,44.41565344017552,-121.47687514547528,0.8759701251983643
Akawa_Butte,0720,398,686,44.487678502267,-121.38390450276643,0.8154603242874146
Akawa_Butte,0720,410,429,44.48444142082469,-121.48103236933623,0.9941353797912598
Akawa_Butte,0720,395,504,44.48848777262758,-121.4526876611933,0.9975851774215698
Akawa_Butte,0720,428,446,44.47958579866121,-121.47460756882384,0.9974827766418457
Akawa_Butte,0720,501,384,44.459893553220475,-121.498039194222,0.9334995746612549
Akawa_Butte,0720,371,496,44.4949619355122,-121.45571109672855,0.9336814284324646
Akawa_Butte,0720,592,492,44.43534568561626,-121.45722281449616,0.9988906979560852
Akawa_Butte,0720,374,442,44.494152665151624,-121.47611928659146,0.8759645223617554
Akawa_Butte,0720,386,530,44.49091558370931,-121.44286149570374,0.9837285280227661
Akawa_Butte,0720,623,618,44.426983225223616,-121.40960370481604,0.9565373659133911
Akawa_Butte,0720,462,665,44.470414067907996,-121.39184102104646,0.9785222411155701
Akawa_Butte,0720,650,436,44.41969979197841,-121.47838686324289,0.9984537363052368
Akawa_Butte,0720,410,678,44.48444142082469,-121.38692793830168,0.9767403602600098
Akawa_Butte,0720,599,513,44.433457388108245,-121.44928629621614,0.9982224702835083
Akawa_Butte,0720,505,653,44.458814526073034,-121.39637617434933,0.9920865297317505
Akawa_Butte,0720,459,703,44.47122333826857,-121.37747970225404,0.7231506109237671
Akawa_Butte,0720,355,637,44.499278044101956,-121.40242304541982,0.9803168773651123
Akawa_Butte,0720,652,476,44.419160278404696,-121.46326968556666,0.9959865808486938
Akawa_Butte,0720,566,355,44.442359362074605,-121.50899914803726,0.9972443580627441
Akawa_Butte,0720,619,339,44.428062252371056,-121.51504601910776,0.9956639409065247
Akawa_Butte,0720,641,504,44.42212760306015,-121.4526876611933,0.9938123822212219
Akawa_Butte,0720,364,639,44.49685023302022,-121.401667186536,0.9957894682884216
Akawa_Butte,0720,502,653,44.45962379643361,-121.39637617434933,0.9855823516845703
Akawa_Butte,0720,353,649,44.49981755767568,-121.39788789211694,0.9727192521095276
Akawa_Butte,0720,482,405,44.4650189321708,-121.49010267594197,0.9961957931518555
Akawa_Butte,0720,373,657,44.49442242193849,-121.3948644565817,0.9972904324531555
Akawa_Butte,0720,498,649,44.46070282358105,-121.39788789211694,0.9915902614593506
Akawa_Butte,0720,443,667,44.47553944685832,-121.39108516216264,0.9664326310157776
Akawa_Butte,0720,474,636,44.46717698646568,-121.40280097486172,0.998638391494751
Akawa_Butte,0720,399,483,44.48740874548014,-121.46062417947331,0.9982563853263855
Akawa_Butte,0720,487,656,44.4636701482365,-121.39524238602361,0.991729736328125
Akawa_Butte,0720,600,408,44.43318763132139,-121.48896888761625,0.9996058344841003
Akawa_Butte,0720,533,615,44.45126133604097,-121.41073749314175,0.9982890486717224
Akawa_Butte,0720,371,431,44.4949619355122,-121.48027651045243,0.6688611507415771
Akawa_Butte,0720,657,472,44.41781149447039,-121.46478140333429,0.9834838509559631
Akawa_Butte,0720,635,570,44.4237461437813,-121.42774431802751,0.9861100316047668
Akawa_Butte,0720,608,392,44.43102957702651,-121.49501575868675,0.9988494515419006
Akawa_Butte,0720,537,650,44.45018230889353,-121.39750996267504,0.9747141599655151
Akawa_Butte,0720,625,500,44.426443711649895,-121.45419937896092,0.9929572939872742
Akawa_Butte,0720,375,534,44.49388290836477,-121.44134977793613,0.5677315592765808
Akawa_Butte,0720,367,478,44.49604096265964,-121.46251382668285,0.688482940196991
Akawa_Butte,0720,649,445,44.41996954876527,-121.47498549826574,0.9979599714279175
Akawa_Butte,0720,379,566,44.49280388121733,-121.42925603579513,0.8856221437454224
Akawa_Butte,0720,607,537,44.43129933381337,-121.44021598961041,0.9981521368026733
Akawa_Butte,0720,590,501,44.43588519918998,-121.45382144951901,0.9988279342651367
Akawa_Butte,0720,391,460,44.48956679977501,-121.46931655663715,0.9982482194900513
Akawa_Butte,0720,614,384,44.42941103630535,-121.498039194222,0.9982537627220154
Akawa_Butte,0720,417,435,44.48255312331667,-121.4787647926848,0.9979068636894226
Akawa_Butte,0720,390,436,44.489836556561876,-121.47838686324289,0.9885042309761047
Akawa_Butte,0720,621,575,44.427522738797336,-121.42585467081798,0.9558277726173401
Akawa_Butte,0720,552,593,44.44613595709064,-121.41905194086368,0.9986914396286011
Akawa_Butte,0720,448,650,44.47419066292402,-121.39750996267504,0.9979634284973145
Akawa_Butte,0720,621,488,44.427522738797336,-121.45873453226379,0.9948558807373047
Akawa_Butte,0720,543,380,44.44856376817238,-121.49955091198962,0.9976686239242554
Akawa_Butte,0720,648,433,44.42023930555213,-121.4795206515686,0.9987577795982361
Akawa_Butte,0720,666,409,44.41538368338866,-121.48859095817436,0.9976276755332947
Akawa_Butte,0720,579,512,44.43885252384543,-121.44966422565805,0.9994238615036011
Akawa_Butte,0720,370,645,44.495231692299065,-121.39939960988457,0.9962868690490723
Akawa_Butte,0720,437,407,44.47715798757948,-121.48934681705816,0.9840160608291626
Akawa_Butte,0720,380,509,44.49253412443047,-121.45079801398377,0.9642183780670166
Akawa_Butte,0720,601,382,44.432917874534525,-121.49879505310581,0.9990743398666382
Akawa_Butte,0720,582,504,44.43804325348486,-121.4526876611933,0.9992496371269226
Akawa_Butte,0720,597,377,44.433996901681965,-121.50068470031535,0.999123752117157
Akawa_Butte,0720,524,626,44.4536891471227,-121.40658026928078,0.9980960488319397
Akawa_Butte,0720,610,516,44.430490063452794,-121.44815250789043,0.9984227418899536
Akawa_Butte,0720,425,653,44.480395069021796,-121.39637617434933,0.9983932971954346
Akawa_Butte,0720,628,580,44.42563444128932,-121.42396502360845,0.9740834832191467
Akawa_Butte,0720,614,386,44.42941103630535,-121.49728333533818,0.9983159303665161
Akawa_Butte,0720,513,626,44.45665647177816,-121.40658026928078,0.9989100098609924
Akawa_Butte,0720,390,487,44.489836556561876,-121.4591124617057,0.9962987899780273
Akawa_Butte,0720,454,413,44.47257212220287,-121.48707924040673,0.9973902106285095
Akawa_Butte,0720,622,605,44.42725298201048,-121.4145167875608,0.7640330195426941
Akawa_Butte,0720,379,586,44.49280388121733,-121.42169744695701,0.8766184449195862
Akawa_Butte,0720,367,678,44.49604096265964,-121.38692793830168,0.8875592947006226
Akawa_Butte,0720,362,627,44.49738974659394,-121.40620233983887,0.9871026277542114
Akawa_Butte,0720,467,410,44.4690652839737,-121.48821302873245,0.9975358843803406
Akawa_Butte,0720,648,428,44.42023930555213,-121.48141029877814,0.998965859413147
Akawa_Butte,0720,623,538,44.426983225223616,-121.4398380601685,0.9839258790016174
Akawa_Butte,0720,607,348,44.43129933381337,-121.5116446541306,0.9959948658943176
Akawa_Butte,0720,574,320,44.44020130777973,-121.52222667850397,0.6103077530860901
Akawa_Butte,0720,618,498,44.42833200915791,-121.45495523784473,0.9734098315238953
Akawa_Butte,0720,603,541,44.432378360960804,-121.43870427184278,0.9983682632446289
Akawa_Butte,0720,451,672,44.47338139256345,-121.38919551495312,0.9698885083198547
Akawa_Butte,0720,520,631,44.45476817427014,-121.40469062207126,0.9976674318313599
Akawa_Butte,0720,374,446,44.494152665151624,-121.47460756882384,0.9674181938171387
Akawa_Butte,0720,456,416,44.47203260862915,-121.48594545208101,0.9974599480628967
Akawa_Butte,0720,349,641,44.50089658482311,-121.4009113276522,0.9111645221710205
Akawa_Butte,0720,625,339,44.426443711649895,-121.51504601910776,0.9965155720710754
Akawa_Butte,0720,384,669,44.49145509728303,-121.39032930327883,0.9740444421768188
Akawa_Butte,0720,377,457,44.49334339479105,-121.47045034496287,0.9936435222625732
Akawa_Butte,0720,538,349,44.449912552106674,-121.51126672468871,0.9954994320869446
Akawa_Butte,0720,662,396,44.416462710536095,-121.49350404091913,0.993405282497406
Akawa_Butte,0720,601,387,44.432917874534525,-121.49690540589629,0.9990776181221008
Akawa_Butte,0720,650,472,44.41969979197841,-121.46478140333429,0.996284008026123
Akawa_Butte,0720,599,586,44.433457388108245,-121.42169744695701,0.9650291800498962
Akawa_Butte,0720,636,466,44.423476386994444,-121.46704897998572,0.9978498220443726
Akawa_Butte,0720,443,674,44.47553944685832,-121.3884396560693,0.9495829343795776
Akawa_Butte,0720,618,514,44.42833200915791,-121.44890836677423,0.9980753064155579
Akawa_Butte,0720,655,445,44.41835100804411,-121.47498549826574,0.9974976778030396
Akawa_Butte,0720,401,667,44.48686923190642,-121.39108516216264,0.9874523878097534
Akawa_Butte,0720,558,587,44.444517416369486,-121.42131951751512,0.9985648989677429
Akawa_Butte,0720,654,477,44.418620764830976,-121.46289175612475,0.9943945407867432
Akawa_Butte,0720,536,339,44.450452065680395,-121.51504601910776,0.8778715133666992
Akawa_Butte,0720,642,547,44.42185784627329,-121.43643669519135,0.6619940400123596
Akawa_Butte,0720,543,607,44.44856376817238,-121.413760928677,0.9981143474578857
Akawa_Butte,0720,371,489,44.4949619355122,-121.45835660282188,0.9505343437194824
Akawa_Butte,0720,366,605,44.496310719446505,-121.4145167875608,0.6422829627990723
Akawa_Butte,0720,556,355,44.4450569299432,-121.50899914803726,0.9965872764587402
Akawa_Butte,0720,563,320,44.44316863243519,-121.52222667850397,0.5747427344322205
Akawa_Butte,0720,624,536,44.42671346843676,-121.4405939190523,0.8714970350265503
Akawa_Butte,0720,368,641,44.495771205872785,-121.4009113276522,0.996411144733429
Akawa_Butte,0720,628,397,44.42563444128932,-121.49312611147722,0.9985910654067993
Akawa_Butte,0720,425,658,44.480395069021796,-121.39448652713979,0.9952659010887146
Akawa_Butte,0720,544,340,44.448294011385514,-121.51466808966586,0.9729604721069336
Akawa_Butte,0720,628,334,44.42563444128932,-121.5169356663173,0.9942350387573242
Akawa_Butte,0720,390,677,44.489836556561876,-121.38730586774358,0.9490042924880981
Akawa_Butte,0720,508,664,44.45800525571246,-121.39221895048836,0.8766855597496033
Akawa_Butte,0720,672,406,44.4137651426675,-121.48972474650007,0.8920887112617493
Akawa_Butte,0720,555,608,44.44532668673006,-121.41338299923508,0.9572562575340271
Akawa_Butte,0720,433,435,44.478237014726915,-121.4787647926848,0.9975423216819763
Akawa_Butte,0720,484,390,44.46447941859709,-121.49577161757057,0.8945131301879883
Akawa_Butte,0720,383,674,44.49172485406989,-121.3884396560693,0.9407191872596741
Akawa_Butte,0720,393,477,44.4890272862013,-121.46289175612475,0.9979163408279419
Akawa_Butte,0720,447,673,44.47446041971089,-121.3888175855112,0.9640670418739319
Akawa_Butte,0720,438,409,44.47688823079262,-121.48859095817436,0.9945507645606995
Akawa_Butte,0720,605,376,44.43183884738709,-121.50106262975724,0.9988781213760376
Akawa_Butte,0720,550,355,44.44667547066436,-121.50899914803726,0.996687650680542
Akawa_Butte,0720,628,389,44.42563444128932,-121.49614954701246,0.9981191754341125
Akawa_Butte,0720,604,540,44.43210860417395,-121.43908220128469,0.9981546401977539
Akawa_Butte,0720,391,686,44.48956679977501,-121.38390450276643,0.7407755851745605
Akawa_Butte,0720,631,566,44.42482517092874,-121.42925603579513,0.972285807132721
Akawa_Butte,0720,585,323,44.43723398312428,-121.52109289017825,0.6734382510185242
Akawa_Butte,0720,597,503,44.433996901681965,-121.4530655906352,0.9980388283729553
Akawa_Butte,0720,610,340,44.430490063452794,-121.51466808966586,0.9966491460800171
Akawa_Butte,0720,658,406,44.417541737683536,-121.48972474650007,0.9979286193847656
Akawa_Butte,0720,578,314,44.4391222806323,-121.5244942551554,0.5821160078048706
Akawa_Butte,0720,530,375,44.45207060640155,-121.50144055919915,0.9972905516624451
Akawa_Butte,0720,603,493,44.432378360960804,-121.45684488505427,0.9984580278396606
Akawa_Butte,0720,662,409,44.416462710536095,-121.48859095817436,0.9978072643280029
Akawa_Butte,0720,388,657,44.490376070135596,-121.3948644565817,0.9981429576873779
Akawa_Butte,0720,636,587,44.423476386994444,-121.42131951751512,0.9837871789932251
Akawa_Butte,0720,414,426,44.48336239367725,-121.48216615766195,0.9941285252571106
Akawa_Butte,0720,390,480,44.489836556561876,-121.46175796779903,0.9966751337051392
Akawa_Butte,0720,575,344,44.439931550992874,-121.51315637189823,0.98507159948349
Akawa_Butte,0720,552,336,44.44613595709064,-121.51617980743347,0.9697670340538025
Akawa_Butte,0720,354,661,44.49954780088881,-121.39335273881407,0.9275197982788086
Akawa_Butte,0720,453,659,44.472841878989726,-121.3941085976979,0.9944152235984802
Akawa_Butte,0720,566,583,44.442359362074605,-121.42283123528273,0.9984213709831238
Akawa_Butte,0720,607,349,44.43129933381337,-121.51126672468871,0.9955827593803406
Akawa_Butte,0720,555,636,44.44532668673006,-121.40280097486172,0.8615636825561523
Akawa_Butte,0720,497,379,44.46097258036791,-121.49992884143153,0.7142047882080078
Akawa_Butte,0720,400,455,44.48713898869328,-121.47120620384668,0.9981474280357361
Akawa_Butte,0720,543,366,44.44856376817238,-121.5048419241763,0.997784435749054
Akawa_Butte,0720,632,558,44.424555414141885,-121.43227947133038,0.9217202663421631
Akawa_Butte,0720,562,351,44.443438389222045,-121.51051086580489,0.9968756437301636
Akawa_Butte,0720,654,414,44.418620764830976,-121.48670131096482,0.9985021948814392
Akawa_Butte,0720,634,449,44.424015900568165,-121.47347378049813,0.9991662502288818
Akawa_Butte,0720,497,648,44.46097258036791,-121.39826582155885,0.9941374659538269
Akawa_Butte,0720,633,567,44.42428565735502,-121.42887810635322,0.976315975189209
Akawa_Butte,0720,383,665,44.49172485406989,-121.39184102104646,0.9942853450775146
Akawa_Butte,0720,462,412,44.470414067907996,-121.48745716984864,0.9975708723068237
Akawa_Butte,0720,543,620,44.44856376817238,-121.40884784593221,0.9943835139274597
Akawa_Butte,0720,351,628,44.5003570712494,-121.40582441039697,0.5709974765777588
Akawa_Butte,0720,524,385,44.4536891471227,-121.49766126478009,0.9951140284538269
Akawa_Butte,0720,620,348,44.42779249558419,-121.5116446541306,0.9960277080535889
Akawa_Butte,0720,357,655,44.498738530528236,-121.39562031546551,0.984600841999054
Akawa_Butte,0720,378,656,44.49307363800419,-121.39524238602361,0.997844934463501
Akawa_Butte,0720,549,656,44.44694522745122,-121.39524238602361,0.7936540842056274
Akawa_Butte,0720,605,364,44.43183884738709,-121.50559778306011,0.9965386390686035
Akawa_Butte,0720,653,495,44.41889052161783,-121.45608902617045,0.9946392774581909
Akawa_Butte,0720,374,623,44.494152665151624,-121.4077140576065,0.9960671067237854
Akawa_Butte,0720,634,583,44.424015900568165,-121.42283123528273,0.9852092266082764
Akawa_Butte,0720,586,336,44.436964226337416,-121.51617980743347,0.9692112803459167
Akawa_Butte,0720,542,603,44.448833524959234,-121.41527264644462,0.998482346534729
Akawa_Butte,0720,434,656,44.47796725794006,-121.39524238602361,0.9906224608421326
Akawa_Butte,0720,370,646,44.495231692299065,-121.39902168044266,0.996389627456665
Akawa_Butte,0720,456,670,44.47203260862915,-121.38995137383692,0.9755192399024963
Akawa_Butte,0720,498,667,44.46070282358105,-121.39108516216264,0.9611603617668152
Akawa_Butte,0720,547,594,44.44748474102494,-121.41867401142177,0.998640775680542
Akawa_Butte,0720,446,651,44.474730176497744,-121.39713203323313,0.9966885447502136
Akawa_Butte,0720,572,594,44.44074082135345,-121.41867401142177,0.9517472386360168
Akawa_Butte,0720,380,496,44.49253412443047,-121.45571109672855,0.9831421971321106
Akawa_Butte,0720,570,330,44.44128033492717,-121.51844738408491,0.7133914232254028
Akawa_Butte,0720,468,399,44.468795527186835,-121.49237025259342,0.9943231344223022
Akawa_Butte,0720,657,394,44.41781149447039,-121.49425989980294,0.9967392086982727
Akawa_Butte,0720,510,651,44.45746574213874,-121.39713203323313,0.9882121682167053
Akawa_Butte,0720,531,634,44.45180084961469,-121.40355683374554,0.9905716180801392
Akawa_Butte,0720,627,349,44.42590419807618,-121.51126672468871,0.9841343760490417
Akawa_Butte,0720,559,344,44.44424765958262,-121.51315637189823,0.9840691685676575
Akawa_Butte,0720,545,642,44.44802425459866,-121.40053339821029,0.9696531295776367
Akawa_Butte,0720,607,560,44.43129933381337,-121.43152361244657,0.9970484972000122
Akawa_Butte,0720,521,386,44.454498417483286,-121.49728333533818,0.9955393075942993
Akawa_Butte,0720,426,656,44.48012531223493,-121.39524238602361,0.9973641633987427
Akawa_Butte,0720,654,395,44.418620764830976,-121.49388197036103,0.9976363778114319
Akawa_Butte,0720,469,637,44.46852577039998,-121.40242304541982,0.9985193014144897
Akawa_Butte,0720,655,388,44.41835100804411,-121.49652747645438,0.9847163558006287
Akawa_Butte,0720,589,503,44.43615495597684,-121.4530655906352,0.9986735582351685
Akawa_Butte,0720,527,344,44.452879876762125,-121.51315637189823,0.9663583636283875
Akawa_Butte,0720,400,456,44.48713898869328,-121.47082827440478,0.9981128573417664
Akawa_Butte,0720,583,355,44.43777349669799,-121.50899914803726,0.9945123791694641
Akawa_Butte,0720,556,600,44.4450569299432,-121.41640643477034,0.994792103767395
Akawa_Butte,0720,561,659,44.4437081460089,-121.3941085976979,0.9948481917381287
Akawa_Butte,0720,384,529,44.49145509728303,-121.44323942514565,0.9814676642417908
Akawa_Butte,0720,557,583,44.44478717315634,-121.42283123528273,0.9987596273422241
Akawa_Butte,0720,655,450,44.41835100804411,-121.47309585105621,0.9968674182891846
Akawa_Butte,0720,644,496,44.42131833269957,-121.45571109672855,0.9974965453147888
Akawa_Butte,0720,503,400,44.459354039646755,-121.4919923231515,0.9962351322174072
Akawa_Butte,0720,646,509,44.42077881912585,-121.45079801398377,0.957195520401001
Akawa_Butte,0720,515,382,44.45611695820444,-121.49879505310581,0.9891211986541748
Akawa_Butte,0720,515,647,44.45611695820444,-121.39864375100076,0.9897582530975342
Akawa_Butte,0720,559,331,44.44424765958262,-121.51806945464301,0.821778416633606
Akawa_Butte,0720,456,666,44.47203260862915,-121.39146309160455,0.9823697209358215
Akawa_Butte,0720,483,668,44.46474917538394,-121.39070723272074,0.9834393858909607
Akawa_Butte,0720,391,453,44.48956679977501,-121.4719620627305,0.9981848001480103
Akawa_Butte,0720,355,649,44.499278044101956,-121.39788789211694,0.9799897074699402
Akawa_Butte,0720,656,494,44.418081251257256,-121.45646695561236,0.9936903715133667
Akawa_Butte,0720,627,592,44.42590419807618,-121.41942987030558,0.9687948822975159
Akawa_Butte,0720,606,341,44.43156909060023,-121.51429016022395,0.9975707530975342
Akawa_Butte,0720,392,461,44.489297042988156,-121.46893862719524,0.9982649683952332
Akawa_Butte,0720,500,381,44.46016331000733,-121.49917298254772,0.8541006445884705
Akawa_Butte,0720,620,585,44.42779249558419,-121.42207537639892,0.9733187556266785
Akawa_Butte,0720,560,337,44.443977902795766,-121.51580187799158,0.9777539968490601
Akawa_Butte,0720,511,386,44.45719598535188,-121.49728333533818,0.9889847040176392
Akawa_Butte,0720,358,654,44.49846877374138,-121.39599824490742,0.9889105558395386
Akawa_Butte,0720,387,453,44.49064582692245,-121.4719620627305,0.997677743434906
Akawa_Butte,0720,622,563,44.42725298201048,-121.43038982412085,0.9532968997955322
Akawa_Butte,0720,509,631,44.4577354989256,-121.40469062207126,0.9985367059707642
Akawa_Butte,0720,568,646,44.44181984850089,-121.39902168044266,0.5946646928787231
Akawa_Butte,0720,545,342,44.44802425459866,-121.51391223078204,0.984976053237915
Akawa_Butte,0720,639,453,44.42266711663387,-121.4719620627305,0.9983440637588501
Akawa_Butte,0720,576,352,44.43966179420601,-121.510132936363,0.9969947934150696
Akawa_Butte,0720,621,465,44.427522738797336,-121.46742690942763,0.9991529583930969
Akawa_Butte,0720,575,353,44.439931550992874,-121.50975500692108,0.9973155856132507
Akawa_Butte,0720,636,450,44.423476386994444,-121.47309585105621,0.9990782737731934
Akawa_Butte,0720,387,517,44.49064582692245,-121.44777457844852,0.9919427037239075
Akawa_Butte,0720,533,376,44.45126133604097,-121.50106262975724,0.9970262050628662
Akawa_Butte,0720,629,486,44.42536468450246,-121.4594903911476,0.9866414666175842
Akawa_Butte,0720,368,496,44.495771205872785,-121.45571109672855,0.5920323729515076
Akawa_Butte,0720,516,659,44.45584720141758,-121.3941085976979,0.8774861693382263
Akawa_Butte,0720,383,480,44.49172485406989,-121.46175796779903,0.9958574771881104
Akawa_Butte,0720,617,474,44.42860176594478,-121.46402554445048,0.9984869956970215
Akawa_Butte,0720,541,367,44.4491032817461,-121.5044639947344,0.9976241588592529
Akawa_Butte,0720,560,660,44.443977902795766,-121.39373066825598,0.9943234324455261
Akawa_Butte,0720,637,598,44.42320663020759,-121.41716229365414,0.9825729131698608
Akawa_Butte,0720,640,345,44.422397359847004,-121.51277844245632,0.9549185037612915
Akawa_Butte,0720,613,328,44.42968079309221,-121.51920324296873,0.9677062034606934
Akawa_Butte,0720,654,488,44.418620764830976,-121.45873453226379,0.994724690914154
Akawa_Butte,0720,521,361,44.454498417483286,-121.50673157138583,0.9869323968887329
Akawa_Butte,0720,598,321,44.4337271448951,-121.52184874906207,0.7127605676651001
Akawa_Butte,0720,411,438,44.484171664037824,-121.47763100435908,0.9977877736091614
Akawa_Butte,0720,617,370,44.42860176594478,-121.50333020640868,0.9881671071052551
Akawa_Butte,0720,609,478,44.43075982023965,-121.46251382668285,0.9988002181053162
Akawa_Butte,0720,651,439,44.41943003519155,-121.47725307491717,0.9981037378311157
Akawa_Butte,0720,607,352,44.43129933381337,-121.510132936363,0.9933325052261353
Akawa_Butte,0720,622,344,44.42725298201048,-121.51315637189823,0.997648298740387
Akawa_Butte,0720,462,396,44.470414067907996,-121.49350404091913,0.9615543484687805
Akawa_Butte,0720,640,493,44.422397359847004,-121.45684488505427,0.9978090524673462
Akawa_Butte,0720,645,408,44.42104857591271,-121.48896888761625,0.9988186359405518
Akawa_Butte,0720,546,621,44.4477544978118,-121.40846991649032,0.9841936826705933
Akawa_Butte,0720,396,436,44.488218015840715,-121.47838686324289,0.9953857660293579
Akawa_Butte,0720,638,508,44.422936873420724,-121.45117594342567,0.9863401651382446
Akawa_Butte,0720,555,341,44.44532668673006,-121.51429016022395,0.9753907918930054
Akawa_Butte,0720,638,554,44.422936873420724,-121.433791189098,0.939629077911377
Akawa_Butte,0720,595,348,44.434536415255685,-121.5116446541306,0.9954169988632202
Akawa_Butte,0720,512,611,44.45692622856502,-121.41224921090937,0.9994188547134399
Akawa_Butte,0720,582,356,44.43804325348486,-121.50862121859537,0.9943532347679138
Akawa_Butte,0720,573,322,44.440471064566594,-121.52147081962016,0.6290633082389832
Akawa_Butte,0720,627,596,44.42590419807618,-121.41791815253796,0.9719670414924622
Akawa_Butte,0720,640,477,44.422397359847004,-121.46289175612475,0.9963437914848328
Akawa_Butte,0720,566,350,44.442359362074605,-121.5108887952468,0.9966920614242554
Akawa_Butte,0720,646,450,44.42077881912585,-121.47309585105621,0.9981587529182434
Akawa_Butte,0720,634,481,44.424015900568165,-121.46138003835713,0.9937573075294495
Akawa_Butte,0720,385,513,44.49118534049617,-121.44928629621614,0.9921258687973022
Akawa_Butte,0720,609,581,44.43075982023965,-121.42358709416655,0.9725427627563477
Akawa_Butte,0720,391,680,44.48956679977501,-121.38617207941786,0.8956947326660156
Akawa_Butte,0720,423,669,44.48093458259551,-121.39032930327883,0.967006266117096
Akawa_Butte,0720,600,361,44.43318763132139,-121.50673157138583,0.9948446154594421
Akawa_Butte,0720,481,395,44.46528868895766,-121.49388197036103,0.9709455370903015
Akawa_Butte,0720,642,579,44.42185784627329,-121.42434295305036,0.9833806753158569
Akawa_Butte,0720,647,450,44.42050906233899,-121.47309585105621,0.9980582594871521
Akawa_Butte,0720,364,629,44.49685023302022,-121.40544648095506,0.9944598078727722
Akawa_Butte,0720,544,369,44.448294011385514,-121.50370813585059,0.9978302717208862
Akawa_Butte,0720,612,546,44.429950549879074,-121.43681462463326,0.9867215752601624
Akawa_Butte,0720,618,397,44.42833200915791,-121.49312611147722,0.9991278648376465
Akawa_Butte,0720,621,337,44.427522738797336,-121.51580187799158,0.9940479397773743
Akawa_Butte,0720,560,580,44.443977902795766,-121.42396502360845,0.9989182353019714
Akawa_Butte,0720,626,491,44.42617395486304,-121.45760074393807,0.990405797958374
Akawa_Butte,0720,480,656,44.46555844574452,-121.39524238602361,0.9956545233726501
Akawa_Butte,0720,381,664,44.49226436764361,-121.39221895048836,0.9943002462387085
Akawa_Butte,0720,551,341,44.446405713877496,-121.51429016022395,0.9840247631072998
Akawa_Butte,0720,565,317,44.44262911886147,-121.52336046682969,0.5453258156776428
Akawa_Butte,0720,369,487,44.49550144908592,-121.4591124617057,0.9245659112930298
Akawa_Butte,0720,610,497,44.430490063452794,-121.45533316728664,0.9959418773651123
Akawa_Butte,0720,389,558,44.49010631334873,-121.43227947133038,0.9965440630912781
Akawa_Butte,0720,636,554,44.423476386994444,-121.433791189098,0.9484767913818359
Akawa_Butte,0720,506,615,44.45854476928618,-121.41073749314175,0.9993029832839966
Akawa_Butte,0720,476,399,44.46663747289196,-121.49237025259342,0.994406521320343
Akawa_Butte,0720,588,348,44.436424712763696,-121.5116446541306,0.9940499067306519
Akawa_Butte,0720,375,486,44.49388290836477,-121.4594903911476,0.9764647483825684
Akawa_Butte,0720,595,550,44.434536415255685,-121.43530290686563,0.9983124732971191
Akawa_Butte,0720,423,442,44.48093458259551,-121.47611928659146,0.9976236820220947
Akawa_Butte,0720,550,331,44.44667547066436,-121.51806945464301,0.6859121918678284
Akawa_Butte,0720,607,481,44.43129933381337,-121.46138003835713,0.9988119006156921
Akawa_Butte,0720,667,403,44.4151139266018,-121.49085853482579,0.993885338306427
Akawa_Butte,0720,398,453,44.487678502267,-121.4719620627305,0.9982874393463135
Akawa_Butte,0720,444,422,44.475269690071464,-121.48367787542958,0.997478723526001
Akawa_Butte,0720,643,547,44.42158808948643,-121.43643669519135,0.6847905516624451
Akawa_Butte,0720,427,431,44.479855555448076,-121.48027651045243,0.9974683523178101
Akawa_Butte,0720,620,389,44.42779249558419,-121.49614954701246,0.9982299208641052
Akawa_Butte,0720,563,607,44.44316863243519,-121.413760928677,0.7886795997619629
Akawa_Butte,0720,642,581,44.42185784627329,-121.42358709416655,0.9849793910980225
Akawa_Butte,0720,546,646,44.4477544978118,-121.39902168044266,0.9773523211479187
Akawa_Butte,0720,542,351,44.448833524959234,-121.51051086580489,0.9965405464172363
Akawa_Butte,0720,667,487,44.4151139266018,-121.4591124617057,0.9737889766693115
Akawa_Butte,0720,641,390,44.42212760306015,-121.49577161757057,0.9981446862220764
Akawa_Butte,0720,605,391,44.43183884738709,-121.49539368812866,0.9991054534912109
Akawa_Butte,0720,530,626,44.45207060640155,-121.40658026928078,0.9970816373825073
Akawa_Butte,0720,390,500,44.489836556561876,-121.45419937896092,0.9954381585121155
Akawa_Butte,0720,636,343,44.423476386994444,-121.51353430134014,0.9908989667892456
Akawa_Butte,0720,372,503,44.494692178725344,-121.4530655906352,0.594470202922821
Akawa_Butte,0720,548,642,44.44721498423808,-121.40053339821029,0.9617906212806702
Akawa_Butte,0720,507,635,44.458275012499314,-121.40317890430363,0.9982575178146362
Akawa_Butte,0720,624,363,44.42671346843676,-121.50597571250202,0.5660482048988342
Akawa_Butte,0720,391,590,44.48956679977501,-121.4201857291894,0.9928475618362427
Akawa_Butte,0720,381,435,44.49226436764361,-121.4787647926848,0.6787968873977661
Akawa_Butte,0720,669,424,44.414574413028085,-121.48292201654577,0.9932081699371338
Akawa_Butte,0720,433,658,44.478237014726915,-121.39448652713979,0.9780163764953613
Akawa_Butte,0720,376,427,44.493613151577904,-121.48178822822004,0.610571026802063
Akawa_Butte,0720,481,409,44.46528868895766,-121.48859095817436,0.9976529479026794
Akawa_Butte,0720,553,340,44.44586620030378,-121.51466808966586,0.9812460541725159
Akawa_Butte,0720,502,638,44.45962379643361,-121.40204511597791,0.9982277750968933
Akawa_Butte,0720,643,491,44.42158808948643,-121.45760074393807,0.9969984292984009
Akawa_Butte,0720,596,496,44.43426665846882,-121.45571109672855,0.9986312389373779
Akawa_Butte,0720,640,461,44.422397359847004,-121.46893862719524,0.9980432987213135
Akawa_Butte,0720,624,537,44.42671346843676,-121.44021598961041,0.8763917088508606
Akawa_Butte,0720,603,372,44.432378360960804,-121.50257434752487,0.9990153312683105
Akawa_Butte,0720,429,410,44.479316041874355,-121.48821302873245,0.6956505179405212
Akawa_Butte,0720,373,633,44.49442242193849,-121.40393476318744,0.9972169399261475
Akawa_Butte,0720,645,412,44.42104857591271,-121.48745716984864,0.9989749193191528
Akawa_Butte,0720,461,399,44.47068382469485,-121.49237025259342,0.989582896232605
Akawa_Butte,0720,573,647,44.440471064566594,-121.39864375100076,0.6524322628974915
Akawa_Butte,0720,660,468,44.417002224109815,-121.46629312110191,0.9598129987716675
Akawa_Butte,0720,377,526,44.49334339479105,-121.44437321347137,0.7690722942352295
Akawa_Butte,0720,389,679,44.49010631334873,-121.38655000885977,0.8932249546051025
Akawa_Butte,0720,645,393,44.42104857591271,-121.49463782924485,0.9982489943504333
Akawa_Butte,0720,611,560,44.43022030666593,-121.43152361244657,0.9948331713676453
Akawa_Butte,0720,662,448,44.416462710536095,-121.47385170994002,0.8732041716575623
Akawa_Butte,0720,614,485,44.42941103630535,-121.45986832058951,0.9978958368301392
Akawa_Butte,0720,628,555,44.42563444128932,-121.43341325965609,0.817690372467041
Akawa_Butte,0720,615,520,44.4291412795185,-121.4466407901228,0.9973549842834473
Akawa_Butte,0720,612,568,44.429950549879074,-121.42850017691133,0.986692488193512
Akawa_Butte,0720,413,444,44.4836321504641,-121.47536342770765,0.998153030872345
Akawa_Butte,0720,521,643,44.454498417483286,-121.40015546876839,0.9770737886428833
Akawa_Butte,0720,621,600,44.427522738797336,-121.41640643477034,0.8643156886100769
Akawa_Butte,0720,525,390,44.453419390335846,-121.49577161757057,0.9963799118995667
Akawa_Butte,0720,548,328,44.44721498423808,-121.51920324296873,0.5660542249679565
Akawa_Butte,0720,556,637,44.4450569299432,-121.40242304541982,0.8233392238616943
Akawa_Butte,0720,547,590,44.44748474102494,-121.4201857291894,0.9985561370849609
Akawa_Butte,0720,380,456,44.49253412443047,-121.47082827440478,0.9958488941192627
Akawa_Butte,0720,662,472,44.416462710536095,-121.46478140333429,0.831420361995697
Akawa_Butte,0720,637,500,44.42320663020759,-121.45419937896092,0.9977660775184631
Akawa_Butte,0720,644,452,44.42131833269957,-121.4723399921724,0.998253345489502
Akawa_Butte,0720,515,618,44.45611695820444,-121.40960370481604,0.9992287755012512
Akawa_Butte,0720,606,480,44.43156909060023,-121.46175796779903,0.9990264177322388
Akawa_Butte,0720,379,484,44.49280388121733,-121.46024625003142,0.9870095252990723
Akawa_Butte,0720,635,459,44.4237461437813,-121.46969448607906,0.998517632484436
Akawa_Butte,0720,554,647,44.44559644351692,-121.39864375100076,0.9729989767074585
Akawa_Butte,0720,385,464,44.49118534049617,-121.46780483886953,0.9978656768798828
Akawa_Butte,0720,443,670,44.47553944685832,-121.38995137383692,0.9639416337013245
Akawa_Butte,0720,541,381,44.4491032817461,-121.49917298254772,0.9975827932357788
Akawa_Butte,0720,549,330,44.44694522745122,-121.51844738408491,0.6207120418548584
Akawa_Butte,0720,564,323,44.442898875648325,-121.52109289017825,0.6356934309005737
Akawa_Butte,0720,460,676,44.47095358148171,-121.38768379718549,0.8741493225097656
Akawa_Butte,0720,499,398,44.460433066794195,-121.49274818203531,0.9955626130104065
Akawa_Butte,0720,631,593,44.42482517092874,-121.41905194086368,0.9771077632904053
Akawa_Butte,0720,566,580,44.442359362074605,-121.42396502360845,0.9987491369247437
Akawa_Butte,0720,442,654,44.475809203645184,-121.39599824490742,0.989355206489563
Akawa_Butte,0720,646,505,44.42077881912585,-121.45230973175138,0.9852650761604309
Akawa_Butte,0720,613,532,44.42968079309221,-121.44210563681993,0.9960235953330994
Akawa_Butte,0720,520,635,44.45476817427014,-121.40317890430363,0.992450475692749
Akawa_Butte,0720,638,578,44.422936873420724,-121.42472088249227,0.9888283610343933
Akawa_Butte,0720,391,451,44.48956679977501,-121.4727179216143,0.9977640509605408
Akawa_Butte,0720,624,330,44.42671346843676,-121.51844738408491,0.9901906847953796
Akawa_Butte,0720,497,649,44.46097258036791,-121.39788789211694,0.9922115802764893
Akawa_Butte,0720,376,626,44.493613151577904,-121.40658026928078,0.9962447285652161
Akawa_Butte,0720,374,624,44.494152665151624,-121.40733612816459,0.9959590435028076
Akawa_Butte,0720,557,596,44.44478717315634,-121.41791815253796,0.9968037605285645
Akawa_Butte,0720,390,566,44.489836556561876,-121.42925603579513,0.9964234232902527
Akawa_Butte,0720,489,639,44.46313063466279,-121.401667186536,0.9985107779502869
Akawa_Butte,0720,655,454,44.41835100804411,-121.47158413328859,0.9967699646949768
Akawa_Butte,0720,523,637,44.453958903909566,-121.40242304541982,0.9793450236320496
Akawa_Butte,0720,631,555,44.42482517092874,-121.43341325965609,0.8715375661849976
Akawa_Butte,0720,633,519,44.42428565735502,-121.44701871956471,0.7621621489524841
Akawa_Butte,0720,598,347,44.4337271448951,-121.51202258357252,0.9967129826545715
Akawa_Butte,0720,452,654,44.47311163577659,-121.39599824490742,0.9964937567710876
Akawa_Butte,0720,542,341,44.448833524959234,-121.51429016022395,0.9767795205116272
Akawa_Butte,0720,462,675,44.470414067907996,-121.3880617266274,0.9172785878181458
Akawa_Butte,0720,378,592,44.49307363800419,-121.41942987030558,0.9359912872314453
Akawa_Butte,0720,416,660,44.48282288010353,-121.39373066825598,0.9969019293785095
Akawa_Butte,0720,544,644,44.448294011385514,-121.39977753932648,0.9785273671150208
Akawa_Butte,0720,640,558,44.422397359847004,-121.43227947133038,0.9611003398895264
Akawa_Butte,0720,380,558,44.49253412443047,-121.43227947133038,0.9638422727584839
Akawa_Butte,0720,650,384,44.41969979197841,-121.498039194222,0.9396034479141235
Akawa_Butte,0720,424,419,44.48066482580865,-121.4848116637553,0.9918934106826782
Akawa_Butte,0720,653,423,44.41889052161783,-121.48329994598767,0.9988829493522644
Akawa_Butte,0720,624,606,44.42671346843676,-121.4141388581189,0.88637375831604
Akawa_Butte,0720,365,669,44.49658047623336,-121.39032930327883,0.939649760723114
Akawa_Butte,0720,517,365,44.45557744463072,-121.50521985361821,0.9814971685409546
Akawa_Butte,0720,448,659,44.47419066292402,-121.3941085976979,0.990690290927887
Akawa_Butte,0720,534,610,44.45099157925411,-121.41262714035128,0.9984467625617981
Akawa_Butte,0720,632,382,44.424555414141885,-121.49879505310581,0.9910597205162048
Akawa_Butte,0720,544,625,44.448294011385514,-121.40695819872269,0.9803085923194885
Akawa_Butte,0720,371,462,44.4949619355122,-121.46856069775335,0.9912474155426025
Akawa_Butte,0720,528,649,44.45261011997527,-121.39788789211694,0.9424628019332886
Akawa_Butte,0720,622,536,44.42725298201048,-121.4405939190523,0.9919219613075256
Akawa_Butte,0720,667,412,44.4151139266018,-121.48745716984864,0.9976174831390381
Akawa_Butte,0720,558,327,44.444517416369486,-121.51958117241064,0.786701500415802
Akawa_Butte,0720,372,468,44.494692178725344,-121.46629312110191,0.992599606513977
Akawa_Butte,0720,649,458,44.41996954876527,-121.47007241552096,0.9976856708526611
Akawa_Butte,0720,577,335,44.439392037419154,-121.51655773687538,0.9490323662757874
Akawa_Butte,0720,657,486,44.41781149447039,-121.4594903911476,0.992384135723114
Akawa_Butte,0720,380,615,44.49253412443047,-121.41073749314175,0.9935224652290344
Akawa_Butte,0720,533,349,44.45126133604097,-121.51126672468871,0.9930177927017212
Akawa_Butte,0720,378,558,44.49307363800419,-121.43227947133038,0.9178615808486938
Akawa_Butte,0720,624,335,44.42671346843676,-121.51655773687538,0.9932001829147339
Akawa_Butte,0720,555,665,44.44532668673006,-121.39184102104646,0.9717797636985779
Akawa_Butte,0720,520,348,44.45476817427014,-121.5116446541306,0.9798874258995056
Akawa_Butte,0720,384,509,44.49145509728303,-121.45079801398377,0.9916257858276367
Akawa_Butte,0720,596,523,44.43426665846882,-121.44550700179708,0.9987362027168274
Akawa_Butte,0720,450,677,44.4736511493503,-121.38730586774358,0.8403866291046143
Akawa_Butte,0720,474,396,44.46717698646568,-121.49350404091913,0.9875555038452148
Akawa_Butte,0720,509,399,44.4577354989256,-121.49237025259342,0.9956558346748352
Akawa_Butte,0720,368,613,44.495771205872785,-121.41149335202556,0.9758129715919495
Akawa_Butte,0720,619,365,44.428062252371056,-121.50521985361821,0.9597561359405518
Akawa_Butte,0720,563,658,44.44316863243519,-121.39448652713979,0.9944182634353638
Akawa_Butte,0720,566,317,44.442359362074605,-121.52336046682969,0.5541310906410217
Akawa_Butte,0720,639,494,44.42266711663387,-121.45646695561236,0.9984328746795654
Akawa_Butte,0720,428,415,44.47958579866121,-121.48632338152292,0.987394392490387
Akawa_Butte,0720,526,379,44.45314963354899,-121.49992884143153,0.9965441823005676
Akawa_Butte,0720,560,583,44.443977902795766,-121.42283123528273,0.9985729455947876
Akawa_Butte,0720,367,483,44.49604096265964,-121.46062417947331,0.8445371985435486
Akawa_Butte,0720,534,350,44.45099157925411,-121.5108887952468,0.9960225224494934
Akawa_Butte,0720,614,478,44.42941103630535,-121.46251382668285,0.9983559846878052
Akawa_Butte,0720,553,620,44.44586620030378,-121.40884784593221,0.7942637205123901
Akawa_Butte,0720,596,413,44.43426665846882,-121.48707924040673,0.9994737505912781
Akawa_Butte,0720,626,386,44.42617395486304,-121.49728333533818,0.9982113838195801
Akawa_Butte,0720,593,322,44.4350759288294,-121.52147081962016,0.6713120341300964
Akawa_Butte,0720,399,430,44.48740874548014,-121.48065443989432,0.9529964327812195
Akawa_Butte,0720,500,668,44.46016331000733,-121.39070723272074,0.9072366952896118
Akawa_Butte,0720,370,464,44.495231692299065,-121.46780483886953,0.9893929362297058
Akawa_Butte,0720,494,392,44.46178185072849,-121.49501575868675,0.9837422966957092
Akawa_Butte,0720,552,337,44.44613595709064,-121.51580187799158,0.9740700125694275
Akawa_Butte,0720,577,350,44.439392037419154,-121.5108887952468,0.9968225359916687
Akawa_Butte,0720,498,387,44.46070282358105,-121.49690540589629,0.9612590074539185
Akawa_Butte,0720,628,479,44.42563444128932,-121.46213589724094,0.9954268336296082
Akawa_Butte,0720,649,393,44.41996954876527,-121.49463782924485,0.9982079863548279
Akawa_Butte,0720,449,656,44.47392090613717,-121.39524238602361,0.9953118562698364
Akawa_Butte,0720,608,564,44.43102957702651,-121.43001189467894,0.9951069355010986
Akawa_Butte,0720,549,655,44.44694522745122,-121.39562031546551,0.8905773162841797
Akawa_Butte,0720,636,571,44.423476386994444,-121.42736638858561,0.9881429672241211
Akawa_Butte,0720,453,666,44.472841878989726,-121.39146309160455,0.9848499298095703
Akawa_Butte,0720,373,503,44.49442242193849,-121.4530655906352,0.7762438654899597
Akawa_Butte,0720,579,580,44.43885252384543,-121.42396502360845,0.998641848564148
Akawa_Butte,0720,617,534,44.42860176594478,-121.44134977793613,0.9918437004089355
Akawa_Butte,0720,479,670,44.465828202531384,-121.38995137383692,0.978325605392456
Akawa_Butte,0720,374,503,44.494152665151624,-121.4530655906352,0.9114927053451538
Akawa_Butte,0720,431,432,44.478776528300635,-121.47989858101052,0.9973174929618835
Akawa_Butte,0720,511,637,44.45719598535188,-121.40242304541982,0.9981122016906738
Akawa_Butte,0720,558,319,44.444517416369486,-121.52260460794588,0.5696696639060974
Akawa_Butte,0720,386,562,44.49091558370931,-121.43076775356276,0.9928861260414124
Akawa_Butte,0720,660,483,44.417002224109815,-121.46062417947331,0.9878026247024536
Akawa_Butte,0720,373,441,44.49442242193849,-121.47649721603337,0.8513112664222717
Akawa_Butte,0720,567,309,44.44208960528775,-121.52638390236494,0.5335288047790527
Akawa_Butte,0720,594,550,44.43480617204254,-121.43530290686563,0.9984320402145386
Akawa_Butte,0720,367,446,44.49604096265964,-121.47460756882384,0.6275244951248169
Akawa_Butte,0720,615,485,44.4291412795185,-121.45986832058951,0.9978560209274292
Akawa_Butte,0720,559,584,44.44424765958262,-121.42245330584083,0.9985553622245789
Akawa_Butte,0720,424,432,44.48066482580865,-121.47989858101052,0.9975467324256897
Akawa_Butte,0720,373,500,44.49442242193849,-121.45419937896092,0.9255999326705933
Akawa_Butte,0720,468,671,44.468795527186835,-121.38957344439501,0.9646328091621399
Akawa_Butte,0720,367,650,44.49604096265964,-121.39750996267504,0.9957607984542847
Akawa_Butte,0720,583,590,44.43777349669799,-121.4201857291894,0.9206638336181641
Akawa_Butte,0720,618,579,44.42833200915791,-121.42434295305036,0.9568525552749634
Akawa_Butte,0720,494,382,44.46178185072849,-121.49879505310581,0.7514597177505493
Akawa_Butte,0720,624,491,44.42671346843676,-121.45760074393807,0.9913713335990906
Akawa_Butte,0720,545,359,44.44802425459866,-121.50748743026965,0.9974738955497742
Akawa_Butte,0720,657,396,44.41781149447039,-121.49350404091913,0.9975311756134033
Akawa_Butte,0720,428,425,44.47958579866121,-121.48254408710386,0.9967401623725891
Akawa_Butte,0720,531,345,44.45180084961469,-121.51277844245632,0.9760744571685791
Akawa_Butte,0720,588,502,44.436424712763696,-121.4534435200771,0.9988548159599304
Akawa_Butte,0720,582,332,44.43804325348486,-121.5176915252011,0.831119179725647
Akawa_Butte,0720,591,589,44.43561544240312,-121.4205636586313,0.9168596267700195
Akawa_Butte,0720,394,678,44.488757529414436,-121.38692793830168,0.9326311349868774
Akawa_Butte,0720,367,454,44.49604096265964,-121.47158413328859,0.7867749333381653
Akawa_Butte,0720,445,424,44.4749999332846,-121.48292201654577,0.9974749684333801
Akawa_Butte,0720,474,652,44.46717698646568,-121.39675410379122,0.9969676733016968
Akawa_Butte,0720,495,632,44.46151209394163,-121.40431269262935,0.9987362027168274
Akawa_Butte,0720,631,469,44.42482517092874,-121.46591519166,0.9978828430175781
Akawa_Butte,0720,428,414,44.47958579866121,-121.48670131096482,0.9854123592376709
Akawa_Butte,0720,424,425,44.48066482580865,-121.48254408710386,0.9958004355430603
Akawa_Butte,0720,352,657,44.50008731446253,-121.3948644565817,0.9412593841552734
Akawa_Butte,0720,624,529,44.42671346843676,-121.44323942514565,0.6635358333587646
Akawa_Butte,0720,384,471,44.49145509728303,-121.4651593327762,0.9974647164344788
Akawa_Butte,0720,670,409,44.41430465624122,-121.48859095817436,0.9869623184204102
Akawa_Butte,0720,496,392,44.46124233715477,-121.49501575868675,0.9847509860992432
Akawa_Butte,0720,650,494,44.41969979197841,-121.45646695561236,0.9953829646110535
Akawa_Butte,0720,450,656,44.4736511493503,-121.39524238602361,0.9952827095985413
Akawa_Butte,0720,628,471,44.42563444128932,-121.4651593327762,0.9980584979057312
Akawa_Butte,0720,507,622,44.458275012499314,-121.40809198704841,0.9990625381469727
Akawa_Butte,0720,537,643,44.45018230889353,-121.40015546876839,0.9863712787628174
Akawa_Butte,0720,650,443,44.41969979197841,-121.47574135714956,0.997974693775177
Akawa_Butte,0720,562,594,44.443438389222045,-121.41867401142177,0.9899063110351562
Akawa_Butte,0720,570,337,44.44128033492717,-121.51580187799158,0.9758502244949341
Akawa_Butte,0720,427,421,44.479855555448076,-121.48405580487149,0.9955899119377136
Akawa_Butte,0720,487,387,44.4636701482365,-121.49690540589629,0.8598742485046387
Akawa_Butte,0720,376,592,44.493613151577904,-121.41942987030558,0.8355572819709778
Akawa_Butte,0720,371,616,44.4949619355122,-121.41035956369984,0.9910908341407776
Akawa_Butte,0720,517,367,44.45557744463072,-121.5044639947344,0.9839821457862854
Akawa_Butte,0720,397,674,44.48794825905386,-121.3884396560693,0.9467088580131531
Akawa_Butte,0720,638,345,44.422936873420724,-121.51277844245632,0.966417133808136
Akawa_Butte,0720,447,670,44.47446041971089,-121.38995137383692,0.9780002236366272
Akawa_Butte,0720,613,485,44.42968079309221,-121.45986832058951,0.9978846311569214
Akawa_Butte,0720,526,372,44.45314963354899,-121.50257434752487,0.9959313273429871
Akawa_Butte,0720,662,419,44.416462710536095,-121.4848116637553,0.9979898929595947
Akawa_Butte,0720,399,426,44.48740874548014,-121.48216615766195,0.5848055481910706
Akawa_Butte,0720,506,664,44.45854476928618,-121.39221895048836,0.859313428401947
Akawa_Butte,0720,608,386,44.43102957702651,-121.49728333533818,0.9985153079032898
Akawa_Butte,0720,434,411,44.47796725794006,-121.48783509929054,0.9910068511962891
Akawa_Butte,0720,657,440,44.41781149447039,-121.47687514547528,0.9974822998046875
Akawa_Butte,0720,398,436,44.487678502267,-121.47838686324289,0.9958164095878601
Akawa_Butte,0720,422,670,44.48120433938237,-121.38995137383692,0.9651098251342773
Akawa_Butte,0720,596,493,44.43426665846882,-121.45684488505427,0.9988855123519897
Akawa_Butte,0720,385,480,44.49118534049617,-121.46175796779903,0.9963217377662659
Akawa_Butte,0720,641,498,44.42212760306015,-121.45495523784473,0.9979209303855896
Akawa_Butte,0720,660,497,44.417002224109815,-121.45533316728664,0.9916418194770813
Akawa_Butte,0720,614,549,44.42941103630535,-121.43568083630753,0.9905579090118408
Akawa_Butte,0720,633,506,44.42428565735502,-121.45193180230949,0.9965974688529968
Akawa_Butte,0720,624,495,44.42671346843676,-121.45608902617045,0.991696298122406
Akawa_Butte,0720,658,479,44.417541737683536,-121.46213589724094,0.989071786403656
Akawa_Butte,0720,654,472,44.418620764830976,-121.46478140333429,0.9936172366142273
Akawa_Butte,0720,361,646,44.4976595033808,-121.39902168044266,0.9950223565101624
Akawa_Butte,0720,389,668,44.49010631334873,-121.39070723272074,0.9878965020179749
Akawa_Butte,0720,393,478,44.4890272862013,-121.46251382668285,0.997860848903656
Akawa_Butte,0720,663,432,44.41619295374924,-121.47989858101052,0.9973325729370117
Akawa_Butte,0720,472,667,44.4677165000394,-121.39108516216264,0.9874405264854431
Akawa_Butte,0720,537,356,44.45018230889353,-121.50862121859537,0.9975123405456543
Akawa_Butte,0720,386,570,44.49091558370931,-121.42774431802751,0.9892721772193909
Akawa_Butte,0720,387,455,44.49064582692245,-121.47120620384668,0.9977980852127075
Akawa_Butte,0720,365,683,44.49658047623336,-121.38503829109214,0.790567934513092
Akawa_Butte,0720,458,658,44.47149309505543,-121.39448652713979,0.9940577745437622
Akawa_Butte,0720,444,666,44.475269690071464,-121.39146309160455,0.9709449410438538
Akawa_Butte,0720,371,635,44.4949619355122,-121.40317890430363,0.9970602989196777
Akawa_Butte,0720,620,357,44.42779249558419,-121.50824328915346,0.953423798084259
Akawa_Butte,0720,394,431,44.488757529414436,-121.48027651045243,0.8804807066917419
Akawa_Butte,0720,631,550,44.42482517092874,-121.43530290686563,0.6663446426391602
Akawa_Butte,0720,475,637,44.46690722967882,-121.40242304541982,0.9986846446990967
Akawa_Butte,0720,359,639,44.498199016954516,-121.401667186536,0.9926335215568542
Akawa_Butte,0720,523,389,44.453958903909566,-121.49614954701246,0.9952337741851807
Akawa_Butte,0720,375,673,44.49388290836477,-121.3888175855112,0.9171501398086548
Akawa_Butte,0720,571,593,44.44101057814031,-121.41905194086368,0.9737614393234253
Akawa_Butte,0720,616,482,44.42887152273163,-121.46100210891522,0.9980673789978027
Akawa_Butte,0720,629,569,44.42536468450246,-121.42812224746942,0.9708307385444641
Akawa_Butte,0720,635,462,44.4237461437813,-121.46856069775335,0.9981832504272461
Akawa_Butte,0720,564,605,44.442898875648325,-121.4145167875608,0.8632400631904602
Akawa_Butte,0720,535,341,44.45072182246725,-121.51429016022395,0.9602193236351013
Akawa_Butte,0720,652,403,44.419160278404696,-121.49085853482579,0.9982414245605469
Akawa_Butte,0720,624,533,44.42671346843676,-121.44172770737802,0.6185191869735718
Akawa_Butte,0720,450,419,44.4736511493503,-121.4848116637553,0.9976519346237183
Akawa_Butte,0720,399,676,44.48740874548014,-121.38768379718549,0.952337920665741
Akawa_Butte,0720,549,362,44.44694522745122,-121.50635364194393,0.9978386759757996
Akawa_Butte,0720,364,619,44.49685023302022,-121.40922577537413,0.9601833820343018
Akawa_Butte,0720,475,658,44.46690722967882,-121.39448652713979,0.9930882453918457
Akawa_Butte,0720,366,632,44.496310719446505,-121.40431269262935,0.9960097074508667
Akawa_Butte,0720,453,652,44.472841878989726,-121.39675410379122,0.9977062940597534
Akawa_Butte,0720,516,393,44.45584720141758,-121.49463782924485,0.9941745400428772
Akawa_Butte,0720,638,542,44.422936873420724,-121.43832634240087,0.536464512348175
Akawa_Butte,0720,660,406,44.417002224109815,-121.48972474650007,0.9978115558624268
Akawa_Butte,0720,504,637,44.4590842828599,-121.40242304541982,0.9981165528297424
Akawa_Butte,0720,564,579,44.442898875648325,-121.42434295305036,0.998794436454773
Akawa_Butte,0720,354,646,44.49954780088881,-121.39902168044266,0.9810364842414856
Akawa_Butte,0720,634,461,44.424015900568165,-121.46893862719524,0.9982061982154846
Akawa_Butte,0720,594,325,44.43480617204254,-121.52033703129445,0.7046119570732117
Akawa_Butte,0720,438,671,44.47688823079262,-121.38957344439501,0.9163013100624084
Akawa_Butte,0720,609,331,44.43075982023965,-121.51806945464301,0.9630800485610962
Akawa_Butte,0720,529,385,44.452340363188405,-121.49766126478009,0.9967292547225952
Akawa_Butte,0720,488,663,44.463400391449646,-121.39259687993027,0.9926711320877075
Akawa_Butte,0720,512,612,44.45692622856502,-121.41187128146747,0.999416172504425
Akawa_Butte,0720,570,324,44.44128033492717,-121.52071496073636,0.6262860298156738
Akawa_Butte,0720,524,354,44.4536891471227,-121.50937707747917,0.992874026298523
Akawa_Butte,0720,393,575,44.4890272862013,-121.42585467081798,0.9958478808403015
Akawa_Butte,0720,567,345,44.44208960528775,-121.51277844245632,0.9889317750930786
Akawa_Butte,0720,613,582,44.42968079309221,-121.42320916472464,0.9636070132255554
Akawa_Butte,0720,493,654,44.46205160751535,-121.39599824490742,0.9898067116737366
Akawa_Butte,0720,526,657,44.45314963354899,-121.3948644565817,0.7018858194351196
Akawa_Butte,0720,583,511,44.43777349669799,-121.45004215509995,0.9991726875305176
Akawa_Butte,0720,569,346,44.44155009171403,-121.51240051301443,0.9905475378036499
Akawa_Butte,0720,488,407,44.463400391449646,-121.48934681705816,0.997610330581665
Akawa_Butte,0720,440,427,44.476348717218904,-121.48178822822004,0.9976204037666321
Akawa_Butte,0720,404,427,44.48605996154584,-121.48178822822004,0.9778748750686646
Akawa_Butte,0720,634,392,44.424015900568165,-121.49501575868675,0.99833083152771
Akawa_Butte,0720,592,362,44.43534568561626,-121.50635364194393,0.9953685402870178
Akawa_Butte,0720,568,312,44.44181984850089,-121.52525011403922,0.5556637644767761
Akawa_Butte,0720,366,480,44.496310719446505,-121.46175796779903,0.566204309463501
Akawa_Butte,0720,491,663,44.46259112108907,-121.39259687993027,0.9903917908668518
Akawa_Butte,0720,643,460,44.42158808948643,-121.46931655663715,0.9981451630592346
Akawa_Butte,0720,625,465,44.426443711649895,-121.46742690942763,0.998865008354187
Akawa_Butte,0720,493,386,44.46205160751535,-121.49728333533818,0.9238647818565369
Akawa_Butte,0720,361,615,44.4976595033808,-121.41073749314175,0.7551712989807129
Akawa_Butte,0720,574,345,44.44020130777973,-121.51277844245632,0.9865410327911377
Akawa_Butte,0720,377,450,44.49334339479105,-121.47309585105621,0.9895037412643433
Akawa_Butte,0720,653,499,44.41889052161783,-121.45457730840283,0.9937484264373779
Akawa_Butte,0720,621,611,44.427522738797336,-121.41224921090937,0.7936635613441467
Akawa_Butte,0720,382,495,44.49199461085675,-121.45608902617045,0.9919782280921936
Akawa_Butte,0720,503,639,44.459354039646755,-121.401667186536,0.998137891292572
Akawa_Butte,0720,469,703,44.46852577039998,-121.37747970225404,0.5659209489822388
Akawa_Butte,0720,395,665,44.48848777262758,-121.39184102104646,0.994810938835144
Akawa_Butte,0720,372,495,44.494692178725344,-121.45608902617045,0.9580640196800232
Akawa_Butte,0720,507,383,44.458275012499314,-121.4984171236639,0.9523870348930359
Akawa_Butte,0720,602,319,44.43264811774767,-121.52260460794588,0.7747792601585388
Akawa_Butte,0720,571,331,44.44101057814031,-121.51806945464301,0.7218425273895264
Akawa_Butte,0720,571,596,44.44101057814031,-121.41791815253796,0.9375925660133362
Akawa_Butte,0720,555,597,44.44532668673006,-121.41754022309605,0.9969741106033325
Akawa_Butte,0720,470,703,44.468256013613114,-121.37747970225404,0.5182287096977234
Akawa_Butte,0720,425,416,44.480395069021796,-121.48594545208101,0.9858275055885315
Akawa_Butte,0720,434,429,44.47796725794006,-121.48103236933623,0.9973935484886169
Akawa_Butte,0720,397,443,44.48794825905386,-121.47574135714956,0.9971802830696106
Akawa_Butte,0720,594,336,44.43480617204254,-121.51617980743347,0.9670161008834839
Akawa_Butte,0720,426,442,44.48012531223493,-121.47611928659146,0.9977611899375916
Akawa_Butte,0720,548,640,44.44721498423808,-121.4012892570941,0.9486038684844971
Akawa_Butte,0720,638,393,44.422936873420724,-121.49463782924485,0.9983404874801636
Akawa_Butte,0720,479,663,44.465828202531384,-121.39259687993027,0.9924612641334534
Akawa_Butte,0720,523,363,44.453958903909566,-121.50597571250202,0.9928773641586304
Akawa_Butte,0720,373,440,44.49442242193849,-121.47687514547528,0.854249894618988
Akawa_Butte,0720,637,584,44.42320663020759,-121.42245330584083,0.9867808222770691
Akawa_Butte,0720,581,589,44.43831301027171,-121.4205636586313,0.9555227756500244
Akawa_Butte,0720,645,396,44.42104857591271,-121.49350404091913,0.9985371828079224
Akawa_Butte,0720,576,578,44.43966179420601,-121.42472088249227,0.9987298250198364
Akawa_Butte,0720,353,636,44.49981755767568,-121.40280097486172,0.9584243297576904
Akawa_Butte,0720,557,342,44.44478717315634,-121.51391223078204,0.9752723574638367
Akawa_Butte,0720,372,482,44.494692178725344,-121.46100210891522,0.972888708114624
Akawa_Butte,0720,647,554,44.42050906233899,-121.433791189098,0.9247326850891113
Akawa_Butte,0720,611,569,44.43022030666593,-121.42812224746942,0.9789368510246277
Akawa_Butte,0720,367,452,44.49604096265964,-121.4723399921724,0.8088129758834839
Akawa_Butte,0720,579,320,44.43885252384543,-121.52222667850397,0.53471839427948
Akawa_Butte,0720,543,338,44.44856376817238,-121.51542394854967,0.9178696274757385
Akawa_Butte,0720,542,363,44.448833524959234,-121.50597571250202,0.9977383613586426
Akawa_Butte,0720,657,402,44.41781149447039,-121.49123646426769,0.9980059862136841
Akawa_Butte,0720,590,334,44.43588519918998,-121.5169356663173,0.9113985300064087
Akawa_Butte,0720,601,565,44.432917874534525,-121.42963396523704,0.997825026512146
Akawa_Butte,0720,432,434,44.47850677151378,-121.47914272212671,0.9974596500396729
Akawa_Butte,0720,528,362,44.45261011997527,-121.50635364194393,0.9934225082397461
Akawa_Butte,0720,551,625,44.446405713877496,-121.40695819872269,0.8348329663276672
Akawa_Butte,0720,658,498,44.417541737683536,-121.45495523784473,0.9907888770103455
Akawa_Butte,0720,596,534,44.43426665846882,-121.44134977793613,0.9988778829574585
Akawa_Butte,0720,383,517,44.49172485406989,-121.44777457844852,0.9906514883041382
Akawa_Butte,0720,478,660,44.46609795931824,-121.39373066825598,0.9916570782661438
Akawa_Butte,0720,604,579,44.43210860417395,-121.42434295305036,0.9963154792785645
Akawa_Butte,0720,602,351,44.43264811774767,-121.51051086580489,0.995246410369873
Akawa_Butte,0720,609,487,44.43075982023965,-121.4591124617057,0.9981802105903625
Akawa_Butte,0720,381,579,44.49226436764361,-121.42434295305036,0.9202682971954346
Akawa_Butte,0720,390,678,44.489836556561876,-121.38692793830168,0.9355970025062561
Akawa_Butte,0720,660,487,44.417002224109815,-121.4591124617057,0.9897170066833496
Akawa_Butte,0720,622,370,44.42725298201048,-121.50333020640868,0.9434399604797363
Akawa_Butte,0720,593,490,44.4350759288294,-121.45797867337998,0.9989851117134094
Akawa_Butte,0720,650,453,44.41969979197841,-121.4719620627305,0.9976206421852112
Akawa_Butte,0720,643,473,44.42158808948643,-121.46440347389238,0.9963142275810242
Akawa_Butte,0720,598,522,44.4337271448951,-121.445884931239,0.9987845420837402
Akawa_Butte,0720,630,600,44.4250949277156,-121.41640643477034,0.9777891635894775
Akawa_Butte,0720,599,398,44.433457388108245,-121.49274818203531,0.9993178844451904
Akawa_Butte,0720,618,572,44.42833200915791,-121.4269884591437,0.9790040850639343
Akawa_Butte,0720,611,543,44.43022030666593,-121.43794841295897,0.9940993785858154
Akawa_Butte,0720,401,676,44.48686923190642,-121.38768379718549,0.9589896202087402
Akawa_Butte,0720,513,362,44.45665647177816,-121.50635364194393,0.8055925965309143
Akawa_Butte,0720,590,497,44.43588519918998,-121.45533316728664,0.998902440071106
Akawa_Butte,0720,650,496,44.41969979197841,-121.45571109672855,0.9955551624298096
Akawa_Butte,0720,618,501,44.42833200915791,-121.45382144951901,0.9836293458938599
Akawa_Butte,0720,605,527,44.43183884738709,-121.44399528402946,0.9984436631202698
Akawa_Butte,0720,378,498,44.49307363800419,-121.45495523784473,0.9762222766876221
Akawa_Butte,0720,375,440,44.49388290836477,-121.47687514547528,0.8806436657905579
Akawa_Butte,0720,635,572,44.4237461437813,-121.4269884591437,0.9865265488624573
Akawa_Butte,0720,609,354,44.43075982023965,-121.50937707747917,0.9851478934288025
Akawa_Butte,0720,533,359,44.45126133604097,-121.50748743026965,0.9956803917884827
Akawa_Butte,0720,614,571,44.42941103630535,-121.42736638858561,0.9768319725990295
Akawa_Butte,0720,636,379,44.423476386994444,-121.49992884143153,0.9051568508148193
Akawa_Butte,0720,456,662,44.47203260862915,-121.39297480937218,0.9851404428482056
Akawa_Butte,0720,622,518,44.42725298201048,-121.44739664900662,0.9947683215141296
Akawa_Butte,0720,658,450,44.417541737683536,-121.47309585105621,0.9944524765014648
Akawa_Butte,0720,607,585,44.43129933381337,-121.42207537639892,0.8389371633529663
Akawa_Butte,0720,641,578,44.42212760306015,-121.42472088249227,0.9769219160079956
Akawa_Butte,0720,363,680,44.49711998980708,-121.38617207941786,0.7168697118759155
Akawa_Butte,0720,449,654,44.47392090613717,-121.39599824490742,0.9965834617614746
Akawa_Butte,0720,399,448,44.48740874548014,-121.47385170994002,0.9982085227966309
Akawa_Butte,0720,632,490,44.424555414141885,-121.45797867337998,0.9955183863639832
Akawa_Butte,0720,555,640,44.44532668673006,-121.4012892570941,0.9137623310089111
Akawa_Butte,0720,429,672,44.479316041874355,-121.38919551495312,0.9495360851287842
Akawa_Butte,0720,521,372,44.454498417483286,-121.50257434752487,0.9931927919387817
Akawa_Butte,0720,551,622,44.446405713877496,-121.40809198704841,0.8302964568138123
Akawa_Butte,0720,391,447,44.48956679977501,-121.47422963938193,0.9973224401473999
Akawa_Butte,0720,612,559,44.429950549879074,-121.43190154188848,0.9949245452880859
Akawa_Butte,0720,390,439,44.489836556561876,-121.47725307491717,0.9947597980499268
Akawa_Butte,0720,554,599,44.44559644351692,-121.41678436421223,0.9967451691627502
Akawa_Butte,0720,560,360,44.443977902795766,-121.50710950082774,0.9975003004074097
Akawa_Butte,0720,662,493,44.416462710536095,-121.45684488505427,0.991021454334259
Akawa_Butte,0720,617,390,44.42860176594478,-121.49577161757057,0.9983710646629333
Akawa_Butte,0720,661,496,44.41673246732296,-121.45571109672855,0.9902252554893494
Akawa_Butte,0720,598,379,44.4337271448951,-121.49992884143153,0.9990575313568115
Akawa_Butte,0720,564,339,44.442898875648325,-121.51504601910776,0.9809930324554443
Akawa_Butte,0720,361,650,44.4976595033808,-121.39750996267504,0.9939931631088257
Akawa_Butte,0720,529,618,44.452340363188405,-121.40960370481604,0.9982053637504578
Akawa_Butte,0720,554,596,44.44559644351692,-121.41791815253796,0.9980602264404297
Akawa_Butte,0720,548,363,44.44721498423808,-121.50597571250202,0.9979037046432495
Akawa_Butte,0720,545,349,44.44802425459866,-121.51126672468871,0.9951943159103394
Akawa_Butte,0720,487,667,44.4636701482365,-121.39108516216264,0.988904595375061
Akawa_Butte,0720,574,336,44.44020130777973,-121.51617980743347,0.9601393938064575
Akawa_Butte,0720,471,402,44.46798625682626,-121.49123646426769,0.9965400099754333
Akawa_Butte,0720,598,551,44.4337271448951,-121.43492497742372,0.9983505606651306
Akawa_Butte,0720,378,611,44.49307363800419,-121.41224921090937,0.9920101165771484
Akawa_Butte,0720,509,621,44.4577354989256,-121.40846991649032,0.9992837905883789
Akawa_Butte,0720,535,381,44.45072182246725,-121.49917298254772,0.9972169995307922
Akawa_Butte,0720,547,344,44.44748474102494,-121.51315637189823,0.9895917177200317
Akawa_Butte,0720,569,350,44.44155009171403,-121.5108887952468,0.9964577555656433
Akawa_Butte,0720,378,507,44.49307363800419,-121.45155387286758,0.9438537359237671
Akawa_Butte,0720,534,378,44.45099157925411,-121.50030677087344,0.9964559674263
Akawa_Butte,0720,651,459,44.41943003519155,-121.46969448607906,0.9975823163986206
Akawa_Butte,0720,587,596,44.43669446955056,-121.41791815253796,0.5744699239730835
Akawa_Butte,0720,541,617,44.4491032817461,-121.40998163425793,0.9974462389945984
Akawa_Butte,0720,650,468,44.41969979197841,-121.46629312110191,0.9963939785957336
Akawa_Butte,0720,564,654,44.442898875648325,-121.39599824490742,0.9889534115791321
Akawa_Butte,0720,383,590,44.49172485406989,-121.4201857291894,0.9783414006233215
Akawa_Butte,0720,398,497,44.487678502267,-121.45533316728664,0.9982339143753052
Akawa_Butte,0720,373,653,44.49442242193849,-121.39637617434933,0.9976769685745239
Akawa_Butte,0720,523,353,44.453958903909566,-121.50975500692108,0.9921099543571472
Akawa_Butte,0720,381,451,44.49226436764361,-121.4727179216143,0.9941085577011108
Akawa_Butte,0720,554,583,44.44559644351692,-121.42283123528273,0.9988573789596558
Akawa_Butte,0720,388,676,44.490376070135596,-121.38768379718549,0.9360525608062744
Akawa_Butte,0720,537,392,44.45018230889353,-121.49501575868675,0.9979123473167419
Akawa_Butte,0720,476,645,44.46663747289196,-121.39939960988457,0.9982792139053345
Akawa_Butte,0720,617,541,44.42860176594478,-121.43870427184278,0.9849469661712646
Akawa_Butte,0720,479,398,44.465828202531384,-121.49274818203531,0.988854169845581
Akawa_Butte,0720,470,397,44.468256013613114,-121.49312611147722,0.9900212287902832
Akawa_Butte,0720,384,665,44.49145509728303,-121.39184102104646,0.9936304092407227
Akawa_Butte,0720,514,616,44.4563867149913,-121.41035956369984,0.9993223547935486
Akawa_Butte,0720,619,529,44.428062252371056,-121.44323942514565,0.9923967719078064
Akawa_Butte,0720,631,395,44.42482517092874,-121.49388197036103,0.9984054565429688
Akawa_Butte,0720,370,484,44.495231692299065,-121.46024625003142,0.939365029335022
Akawa_Butte,0720,513,625,44.45665647177816,-121.40695819872269,0.9990199208259583
Akawa_Butte,0720,387,456,44.49064582692245,-121.47082827440478,0.9978156089782715
Akawa_Butte,0720,611,522,44.43022030666593,-121.445884931239,0.9985256791114807
Akawa_Butte,0720,495,654,44.46151209394163,-121.39599824490742,0.990185022354126
Akawa_Butte,0720,641,557,44.42212760306015,-121.43265740077229,0.9566212892532349
Akawa_Butte,0720,635,515,44.4237461437813,-121.44853043733234,0.9472192525863647
Akawa_Butte,0720,376,606,44.493613151577904,-121.4141388581189,0.9885370135307312
Akawa_Butte,0720,491,401,44.46259112108907,-121.4916143937096,0.9957485198974609
Akawa_Butte,0720,529,381,44.452340363188405,-121.49917298254772,0.9966530799865723
Akawa_Butte,0720,559,346,44.44424765958262,-121.51240051301443,0.992107093334198
Akawa_Butte,0720,528,655,44.45261011997527,-121.39562031546551,0.7994781732559204
Akawa_Butte,0720,404,455,44.48605996154584,-121.47120620384668,0.9980772733688354
Akawa_Butte,0720,581,343,44.43831301027171,-121.51353430134014,0.9800612926483154
Akawa_Butte,0720,468,659,44.468795527186835,-121.3941085976979,0.9912349581718445
Akawa_Butte,0720,581,323,44.43831301027171,-121.52109289017825,0.5954503417015076
Akawa_Butte,0720,368,474,44.495771205872785,-121.46402554445048,0.8217876553535461
Akawa_Butte,0720,575,327,44.439931550992874,-121.51958117241064,0.6471983790397644
Akawa_Butte,0720,409,661,44.484711177611544,-121.39335273881407,0.9978712797164917
Akawa_Butte,0720,548,610,44.44721498423808,-121.41262714035128,0.9917336702346802
Akawa_Butte,0720,613,480,44.42968079309221,-121.46175796779903,0.9983446598052979
Akawa_Butte,0720,600,404,44.43318763132139,-121.49048060538388,0.9995165467262268
Akawa_Butte,0720,370,496,44.495231692299065,-121.45571109672855,0.8783679008483887
Akawa_Butte,0720,382,453,44.49199461085675,-121.4719620627305,0.9942554831504822
Akawa_Butte,0720,463,393,44.47014431112113,-121.49463782924485,0.8714759349822998
Akawa_Butte,0720,651,443,44.41943003519155,-121.47574135714956,0.9979185461997986
Akawa_Butte,0720,364,656,44.49685023302022,-121.39524238602361,0.9932871460914612
Akawa_Butte,0720,359,621,44.498199016954516,-121.40846991649032,0.8822754621505737
Akawa_Butte,0720,550,349,44.44667547066436,-121.51126672468871,0.9954633116722107
Akawa_Butte,0720,516,639,44.45584720141758,-121.401667186536,0.9927237033843994
Akawa_Butte,0720,383,565,44.49172485406989,-121.42963396523704,0.9835034012794495
Akawa_Butte,0720,369,616,44.49550144908592,-121.41035956369984,0.9893977046012878
Akawa_Butte,0720,439,431,44.47661847400576,-121.48027651045243,0.9974992871284485
Akawa_Butte,0720,611,377,44.43022030666593,-121.50068470031535,0.9983744621276855
Akawa_Butte,0720,595,407,44.434536415255685,-121.48934681705816,0.9994420409202576
Akawa_Butte,0720,448,674,44.47419066292402,-121.3884396560693,0.9606550335884094
Akawa_Butte,0720,563,595,44.44316863243519,-121.41829608197986,0.9885460734367371
Akawa_Butte,0720,576,590,44.43966179420601,-121.4201857291894,0.9758564233779907
Akawa_Butte,0720,614,471,44.42941103630535,-121.4651593327762,0.9989191889762878
Akawa_Butte,0720,579,339,44.43885252384543,-121.51504601910776,0.9856343865394592
Akawa_Butte,0720,639,343,44.42266711663387,-121.51353430134014,0.9875506162643433
Akawa_Butte,0720,669,479,44.414574413028085,-121.46213589724094,0.886448085308075
Akawa_Butte,0720,370,434,44.495231692299065,-121.47914272212671,0.5776639580726624
Akawa_Butte,0720,656,461,44.418081251257256,-121.46893862719524,0.9930905699729919
Akawa_Butte,0720,540,358,44.449373038532954,-121.50786535971154,0.9975411891937256
Akawa_Butte,0720,636,592,44.423476386994444,-121.41942987030558,0.9828544855117798
Akawa_Butte,0720,659,453,44.41727198089668,-121.4719620627305,0.990331768989563
Akawa_Butte,0720,388,512,44.490376070135596,-121.44966422565805,0.994227945804596
Akawa_Butte,0720,431,411,44.478776528300635,-121.48783509929054,0.9811578392982483
Akawa_Butte,0720,653,403,44.41889052161783,-121.49085853482579,0.998245358467102
Akawa_Butte,0720,359,651,44.498199016954516,-121.39713203323313,0.9923548102378845
Akawa_Butte,0720,475,649,44.46690722967882,-121.39788789211694,0.9978315234184265
Akawa_Butte,0720,552,580,44.44613595709064,-121.42396502360845,0.9991676211357117
Akawa_Butte,0720,598,563,44.4337271448951,-121.43038982412085,0.9980460405349731
Akawa_Butte,0720,543,335,44.44856376817238,-121.51655773687538,0.8009030222892761
Akawa_Butte,0720,449,421,44.47392090613717,-121.48405580487149,0.9975775480270386
Akawa_Butte,0720,520,358,44.45476817427014,-121.50786535971154,0.9859828948974609
Akawa_Butte,0720,631,470,44.42482517092874,-121.46553726221809,0.997847855091095
Akawa_Butte,0720,464,655,44.469874554334275,-121.39562031546551,0.9961221814155579
Akawa_Butte,0720,371,447,44.4949619355122,-121.47422963938193,0.969539999961853
Akawa_Butte,0720,615,552,44.4291412795185,-121.43454704798181,0.9897456765174866
Akawa_Butte,0720,390,462,44.489836556561876,-121.46856069775335,0.9981092214584351
Akawa_Butte,0720,526,344,44.45314963354899,-121.51315637189823,0.9560461640357971
Akawa_Butte,0720,630,501,44.4250949277156,-121.45382144951901,0.9979669451713562
Akawa_Butte,0720,603,390,44.432378360960804,-121.49577161757057,0.9991645216941833
Akawa_Butte,0720,432,667,44.47850677151378,-121.39108516216264,0.9458969235420227
Akawa_Butte,0720,407,664,44.485250691185264,-121.39221895048836,0.9961895942687988
Akawa_Butte,0720,367,480,44.49604096265964,-121.46175796779903,0.848495364189148
Akawa_Butte,0720,624,557,44.42671346843676,-121.43265740077229,0.9681130647659302
Akawa_Butte,0720,442,678,44.475809203645184,-121.38692793830168,0.8648650646209717
Akawa_Butte,0720,462,407,44.470414067907996,-121.48934681705816,0.9975156784057617
Akawa_Butte,0720,448,418,44.47419066292402,-121.4851895931972,0.9975038766860962
Akawa_Butte,0720,619,603,44.428062252371056,-121.41527264644462,0.7653511762619019
Akawa_Butte,0720,592,574,44.43534568561626,-121.42623260025988,0.9983768463134766
Akawa_Butte,0720,489,626,44.46313063466279,-121.40658026928078,0.9992597103118896
Akawa_Butte,0720,402,428,44.48659947511956,-121.48141029877814,0.976344645023346
Akawa_Butte,0720,633,512,44.42428565735502,-121.44966422565805,0.9651812314987183
Akawa_Butte,0720,483,650,44.46474917538394,-121.39750996267504,0.9976028203964233
Akawa_Butte,0720,600,355,44.43318763132139,-121.50899914803726,0.9936546683311462
Akawa_Butte,0720,538,641,44.449912552106674,-121.4009113276522,0.9814991354942322
Akawa_Butte,0720,371,475,44.4949619355122,-121.46364761500857,0.9559030532836914
Akawa_Butte,0720,660,413,44.417002224109815,-121.48707924040673,0.9981649518013
Akawa_Butte,0720,495,639,44.46151209394163,-121.401667186536,0.9982187151908875
Akawa_Butte,0720,623,351,44.426983225223616,-121.51051086580489,0.986954927444458
Akawa_Butte,0720,378,537,44.49307363800419,-121.44021598961041,0.8576338887214661
Akawa_Butte,0720,618,479,44.42833200915791,-121.46213589724094,0.9981499910354614
Akawa_Butte,0720,382,599,44.49199461085675,-121.41678436421223,0.9876932501792908
Akawa_Butte,0720,483,658,44.46474917538394,-121.39448652713979,0.9937129020690918
Akawa_Butte,0720,514,613,44.4563867149913,-121.41149335202556,0.999411940574646
Akawa_Butte,0720,650,493,44.41969979197841,-121.45684488505427,0.9954342842102051
Akawa_Butte,0720,616,567,44.42887152273163,-121.42887810635322,0.9839339852333069
Akawa_Butte,0720,433,416,44.478237014726915,-121.48594545208101,0.9950453042984009
Akawa_Butte,0720,631,474,44.42482517092874,-121.46402554445048,0.996908962726593
Akawa_Butte,0720,628,399,44.42563444128932,-121.49237025259342,0.9987349510192871
Akawa_Butte,0720,533,636,44.45126133604097,-121.40280097486172,0.9802632927894592
Akawa_Butte,0720,535,634,44.45072182246725,-121.40355683374554,0.9900548458099365
Akawa_Butte,0720,562,610,44.443438389222045,-121.41262714035128,0.5296335220336914
Akawa_Butte,0720,563,581,44.44316863243519,-121.42358709416655,0.9987366199493408
Akawa_Butte,0720,605,386,44.43183884738709,-121.49728333533818,0.9989538788795471
Akawa_Butte,0720,575,595,44.439931550992874,-121.41829608197986,0.9074329137802124
Akawa_Butte,0720,476,390,44.46663747289196,-121.49577161757057,0.8321235179901123
Akawa_Butte,0720,612,392,44.429950549879074,-121.49501575868675,0.9986608028411865
Akawa_Butte,0720,512,392,44.45692622856502,-121.49501575868675,0.993372917175293
Akawa_Butte,0720,642,573,44.42185784627329,-121.42661052970179,0.9910582900047302
Akawa_Butte,0720,582,511,44.43804325348486,-121.45004215509995,0.999244749546051
Akawa_Butte,0720,662,467,44.416462710536095,-121.46667105054381,0.6571744680404663
Akawa_Butte,0720,387,508,44.49064582692245,-121.45117594342567,0.9935880303382874
Akawa_Butte,0720,466,642,44.469335040760555,-121.40053339821029,0.998323917388916
Akawa_Butte,0720,611,324,44.43022030666593,-121.52071496073636,0.9423948526382446
Akawa_Butte,0720,602,502,44.43264811774767,-121.4534435200771,0.9979114532470703
Akawa_Butte,0720,410,665,44.48444142082469,-121.39184102104646,0.991357684135437
Akawa_Butte,0720,378,477,44.49307363800419,-121.46289175612475,0.9922405481338501
Akawa_Butte,0720,635,587,44.4237461437813,-121.42131951751512,0.984031081199646
Akawa_Butte,0720,541,629,44.4491032817461,-121.40544648095506,0.9885258674621582
Akawa_Butte,0720,587,324,44.43669446955056,-121.52071496073636,0.7016903758049011
Akawa_Butte,0720,625,618,44.426443711649895,-121.40960370481604,0.9684012532234192
Akawa_Butte,0720,467,665,44.4690652839737,-121.39184102104646,0.9848498702049255
Akawa_Butte,0720,540,651,44.449373038532954,-121.39713203323313,0.9678871035575867
Akawa_Butte,0720,349,647,44.50089658482311,-121.39864375100076,0.9310184121131897
Akawa_Butte,0720,637,543,44.42320663020759,-121.43794841295897,0.5289270281791687
Akawa_Butte,0720,518,374,44.45530768784386,-121.50181848864106,0.9909518957138062
Akawa_Butte,0720,646,461,44.42077881912585,-121.46893862719524,0.9977557063102722
Akawa_Butte,0720,463,414,44.47014431112113,-121.48670131096482,0.9978016018867493
Akawa_Butte,0720,560,333,44.443977902795766,-121.51731359575919,0.8946523070335388
Akawa_Butte,0720,515,632,44.45611695820444,-121.40431269262935,0.9982275366783142
Akawa_Butte,0720,658,407,44.417541737683536,-121.48934681705816,0.9979357719421387
Akawa_Butte,0720,608,500,44.43102957702651,-121.45419937896092,0.9971621036529541
Akawa_Butte,0720,536,341,44.450452065680395,-121.51429016022395,0.9640523195266724
Akawa_Butte,0720,640,387,44.422397359847004,-121.49690540589629,0.9976964592933655
Akawa_Butte,0720,470,657,44.468256013613114,-121.3948644565817,0.9915878772735596
Akawa_Butte,0720,613,576,44.42968079309221,-121.42547674137607,0.9781015515327454
Akawa_Butte,0720,630,565,44.4250949277156,-121.42963396523704,0.9532686471939087
Akawa_Butte,0720,535,632,44.45072182246725,-121.40431269262935,0.9932583570480347
Akawa_Butte,0720,522,391,44.45422866069642,-121.49539368812866,0.9963058829307556
Akawa_Butte,0720,655,407,44.41835100804411,-121.48934681705816,0.9981308579444885
Akawa_Butte,0720,377,433,44.49334339479105,-121.4795206515686,0.5967497229576111
Akawa_Butte,0720,395,502,44.48848777262758,-121.4534435200771,0.9971411824226379
Akawa_Butte,0720,351,636,44.5003570712494,-121.40280097486172,0.9318782091140747
Akawa_Butte,0720,653,447,44.41889052161783,-121.47422963938193,0.997593879699707
Akawa_Butte,0720,598,378,44.4337271448951,-121.50030677087344,0.9990765452384949
Akawa_Butte,0720,526,388,44.45314963354899,-121.49652747645438,0.9960410594940186
Akawa_Butte,0720,421,663,44.48147409616923,-121.39259687993027,0.9823376536369324
Akawa_Butte,0720,627,472,44.42590419807618,-121.46478140333429,0.9981644749641418
Akawa_Butte,0720,503,389,44.459354039646755,-121.49614954701246,0.9794394969940186
Akawa_Butte,0720,530,385,44.45207060640155,-121.49766126478009,0.9969196915626526
Akawa_Butte,0720,418,675,44.482283366529806,-121.3880617266274,0.9599284529685974
Akawa_Butte,0720,604,325,44.43210860417395,-121.52033703129445,0.9015969038009644
Akawa_Butte,0720,640,347,44.422397359847004,-121.51202258357252,0.8335501551628113
Akawa_Butte,0720,549,629,44.44694522745122,-121.40544648095506,0.8552587628364563
Akawa_Butte,0720,646,447,44.42077881912585,-121.47422963938193,0.998157799243927
Akawa_Butte,0720,654,407,44.418620764830976,-121.48934681705816,0.9982398152351379
Akawa_Butte,0720,461,656,44.47068382469485,-121.39524238602361,0.9946613311767578
Akawa_Butte,0720,594,495,44.43480617204254,-121.45608902617045,0.9989078044891357
Akawa_Butte,0720,578,337,44.4391222806323,-121.51580187799158,0.9739614129066467
Akawa_Butte,0720,632,465,44.424555414141885,-121.46742690942763,0.9979508519172668
Akawa_Butte,0720,492,670,44.462321364302205,-121.38995137383692,0.9448896050453186
Akawa_Butte,0720,602,519,44.43264811774767,-121.44701871956471,0.9982849955558777
Akawa_Butte,0720,552,617,44.44613595709064,-121.40998163425793,0.8082137107849121
Akawa_Butte,0720,518,370,44.45530768784386,-121.50333020640868,0.9887151718139648
Akawa_Butte,0720,377,683,44.49334339479105,-121.38503829109214,0.7876430749893188
Akawa_Butte,0720,617,566,44.42860176594478,-121.42925603579513,0.9784292578697205
Akawa_Butte,0720,628,607,44.42563444128932,-121.413760928677,0.9513224959373474
Akawa_Butte,0720,608,528,44.43102957702651,-121.44361735458756,0.9978587627410889
Akawa_Butte,0720,563,591,44.44316863243519,-121.41980779974749,0.9908936619758606
Akawa_Butte,0720,605,569,44.43183884738709,-121.42812224746942,0.9950553774833679
Akawa_Butte,0720,562,642,44.443438389222045,-121.40053339821029,0.5106583833694458
Akawa_Butte,0720,617,562,44.42860176594478,-121.43076775356276,0.9803151488304138
Akawa_Butte,0720,451,639,44.47338139256345,-121.401667186536,0.9987062215805054
Akawa_Butte,0720,609,342,44.43075982023965,-121.51391223078204,0.997331976890564
Akawa_Butte,0720,610,341,44.430490063452794,-121.51429016022395,0.9971916079521179
Akawa_Butte,0720,575,347,44.439931550992874,-121.51202258357252,0.9903508424758911
Akawa_Butte,0720,612,557,44.429950549879074,-121.43265740077229,0.9946521520614624
Akawa_Butte,0720,365,641,44.49658047623336,-121.4009113276522,0.9954883456230164
Akawa_Butte,0720,627,604,44.42590419807618,-121.41489471700271,0.9561254978179932
Akawa_Butte,0720,353,633,44.49981755767568,-121.40393476318744,0.9431939125061035
Akawa_Butte,0720,393,441,44.4890272862013,-121.47649721603337,0.9962289929389954
Akawa_Butte,0720,491,657,44.46259112108907,-121.3948644565817,0.9899511337280273
Akawa_Butte,0720,605,344,44.43183884738709,-121.51315637189823,0.9972346425056458
Akawa_Butte,0720,550,647,44.44667547066436,-121.39864375100076,0.9710301756858826
Akawa_Butte,0720,582,505,44.43804325348486,-121.45230973175138,0.9992281794548035
Akawa_Butte,0720,387,478,44.49064582692245,-121.46251382668285,0.996713399887085
Akawa_Butte,0720,368,456,44.495771205872785,-121.47082827440478,0.9541897177696228
Akawa_Butte,0720,446,421,44.474730176497744,-121.48405580487149,0.997563898563385
Akawa_Butte,0720,350,648,44.50062682803625,-121.39826582155885,0.9271437525749207
Akawa_Butte,0720,413,661,44.4836321504641,-121.39335273881407,0.9974077939987183
Akawa_Butte,0720,479,654,44.465828202531384,-121.39599824490742,0.9964574575424194
Akawa_Butte,0720,487,652,44.4636701482365,-121.39675410379122,0.9965256452560425
Akawa_Butte,0720,575,350,44.439931550992874,-121.5108887952468,0.99677973985672
Akawa_Butte,0720,389,524,44.49010631334873,-121.44512907235517,0.9947234988212585
Akawa_Butte,0720,648,444,44.42023930555213,-121.47536342770765,0.9979849457740784
Akawa_Butte,0720,644,550,44.42131833269957,-121.43530290686563,0.7810024619102478
Akawa_Butte,0720,644,509,44.42131833269957,-121.45079801398377,0.9680179357528687
Akawa_Butte,0720,591,532,44.43561544240312,-121.44210563681993,0.9991691708564758
Akawa_Butte,0720,632,339,44.424555414141885,-121.51504601910776,0.9967255592346191
Akawa_Butte,0720,470,655,44.468256013613114,-121.39562031546551,0.9962322115898132
Akawa_Butte,0720,374,669,44.494152665151624,-121.39032930327883,0.9476954936981201
Akawa_Butte,0720,613,365,44.42968079309221,-121.50521985361821,0.9912711977958679
Akawa_Butte,0720,429,681,44.479316041874355,-121.38579414997596,0.8686232566833496
Akawa_Butte,0720,619,493,44.428062252371056,-121.45684488505427,0.9944378733634949
Akawa_Butte,0720,530,350,44.45207060640155,-121.5108887952468,0.9928484559059143
Akawa_Butte,0720,485,669,44.46420966181022,-121.39032930327883,0.9795325994491577
Akawa_Butte,0720,482,401,44.4650189321708,-121.4916143937096,0.9945198893547058
Akawa_Butte,0720,383,450,44.49172485406989,-121.47309585105621,0.9939494132995605
Akawa_Butte,0720,523,387,44.453958903909566,-121.49690540589629,0.99500972032547
Akawa_Butte,0720,538,346,44.449912552106674,-121.51240051301443,0.9887158870697021
Akawa_Butte,0720,369,441,44.49550144908592,-121.47649721603337,0.7829981446266174
Akawa_Butte,0720,634,553,44.424015900568165,-121.43416911853991,0.889028787612915
Akawa_Butte,0720,635,574,44.4237461437813,-121.42623260025988,0.9896075129508972
Akawa_Butte,0720,503,642,44.459354039646755,-121.40053339821029,0.9972729682922363
Akawa_Butte,0720,614,530,44.42941103630535,-121.44286149570374,0.9978625774383545
Akawa_Butte,0720,406,660,44.48552044797212,-121.39373066825598,0.9980916976928711
Akawa_Butte,0720,553,325,44.44586620030378,-121.52033703129445,0.7367268204689026
Akawa_Butte,0720,544,606,44.448294011385514,-121.4141388581189,0.998223602771759
Akawa_Butte,0720,375,488,44.49388290836477,-121.45873453226379,0.9807714819908142
Akawa_Butte,0720,537,367,44.45018230889353,-121.5044639947344,0.9973933100700378
Akawa_Butte,0720,471,404,44.46798625682626,-121.49048060538388,0.996944010257721
Akawa_Butte,0720,385,599,44.49118534049617,-121.41678436421223,0.9918526411056519
Akawa_Butte,0720,652,414,44.419160278404696,-121.48670131096482,0.9986191391944885
Akawa_Butte,0720,587,519,44.43669446955056,-121.44701871956471,0.9990754723548889
Akawa_Butte,0720,534,647,44.45099157925411,-121.39864375100076,0.974361777305603
Akawa_Butte,0720,370,665,44.495231692299065,-121.39184102104646,0.972700297832489
Akawa_Butte,0720,623,508,44.426983225223616,-121.45117594342567,0.9961531758308411
Akawa_Butte,0720,372,496,44.494692178725344,-121.45571109672855,0.9563285112380981
Akawa_Butte,0720,526,376,44.45314963354899,-121.50106262975724,0.9962814450263977
Akawa_Butte,0720,609,479,44.43075982023965,-121.46213589724094,0.9986708164215088
Akawa_Butte,0720,388,450,44.490376070135596,-121.47309585105621,0.9968919157981873
Akawa_Butte,0720,627,520,44.42590419807618,-121.4466407901228,0.7613799571990967
Akawa_Butte,0720,673,404,44.413495385880644,-121.49048060538388,0.7962286472320557
Akawa_Butte,0720,367,666,44.49604096265964,-121.39146309160455,0.9586756825447083
Akawa_Butte,0720,477,401,44.4663677161051,-121.4916143937096,0.9957895874977112
Akawa_Butte,0720,660,403,44.417002224109815,-121.49085853482579,0.9975950717926025
Akawa_Butte,0720,533,373,44.45126133604097,-121.50219641808296,0.9969608783721924
Akawa_Butte,0720,499,671,44.460433066794195,-121.38957344439501,0.7146003842353821
Akawa_Butte,0720,585,517,44.43723398312428,-121.44777457844852,0.9990714192390442
Akawa_Butte,0720,570,591,44.44128033492717,-121.41980779974749,0.9818542003631592
Akawa_Butte,0720,619,601,44.428062252371056,-121.41602850532843,0.936161458492279
Akawa_Butte,0720,438,405,44.47688823079262,-121.49010267594197,0.9443689584732056
Akawa_Butte,0720,364,677,44.49685023302022,-121.38730586774358,0.8897679448127747
Akawa_Butte,0720,462,697,44.470414067907996,-121.37974727890547,0.6232835650444031
Akawa_Butte,0720,616,372,44.42887152273163,-121.50257434752487,0.9947280883789062
Akawa_Butte,0720,527,370,44.452879876762125,-121.50333020640868,0.9954538345336914
Akawa_Butte,0720,519,381,44.455037931057,-121.49917298254772,0.9942041635513306
Akawa_Butte,0720,645,475,44.42104857591271,-121.46364761500857,0.9961557388305664
Akawa_Butte,0720,639,587,44.42266711663387,-121.42131951751512,0.9745811820030212
Akawa_Butte,0720,614,333,44.42941103630535,-121.51731359575919,0.983146607875824
Akawa_Butte,0720,428,686,44.47958579866121,-121.38390450276643,0.581389307975769
Akawa_Butte,0720,650,455,44.41969979197841,-121.47120620384668,0.9976468682289124
Akawa_Butte,0720,611,579,44.43022030666593,-121.42434295305036,0.963962733745575
Akawa_Butte,0720,394,675,44.488757529414436,-121.3880617266274,0.9446761608123779
Akawa_Butte,0720,626,333,44.42617395486304,-121.51731359575919,0.9926674365997314
Akawa_Butte,0720,368,464,44.495771205872785,-121.46780483886953,0.9479210376739502
Akawa_Butte,0720,625,562,44.426443711649895,-121.43076775356276,0.9360015392303467
Akawa_Butte,0720,603,563,44.432378360960804,-121.43038982412085,0.9974624514579773
Akawa_Butte,0720,478,658,44.46609795931824,-121.39448652713979,0.9935107231140137
Akawa_Butte,0720,505,375,44.458814526073034,-121.50144055919915,0.8557077646255493
Akawa_Butte,0720,383,612,44.49172485406989,-121.41187128146747,0.9951269030570984
Akawa_Butte,0720,600,507,44.43318763132139,-121.45155387286758,0.9981804490089417
Akawa_Butte,0720,382,508,44.49199461085675,-121.45117594342567,0.9892906546592712
Akawa_Butte,0720,660,446,44.417002224109815,-121.47460756882384,0.9947010278701782
Akawa_Butte,0720,595,530,44.434536415255685,-121.44286149570374,0.9989154934883118
Akawa_Butte,0720,584,329,44.437503739911136,-121.51882531352682,0.7698239684104919
Akawa_Butte,0720,649,448,44.41996954876527,-121.47385170994002,0.9979177713394165
Akawa_Butte,0720,607,517,44.43129933381337,-121.44777457844852,0.997755765914917
Akawa_Butte,0720,392,443,44.489297042988156,-121.47574135714956,0.996510922908783
Akawa_Butte,0720,548,613,44.44721498423808,-121.41149335202556,0.9861863851547241
Akawa_Butte,0720,381,566,44.49226436764361,-121.42925603579513,0.9677128195762634
Akawa_Butte,0720,626,373,44.42617395486304,-121.50219641808296,0.66189044713974
Akawa_Butte,0720,604,379,44.43210860417395,-121.49992884143153,0.9989020824432373
Akawa_Butte,0720,644,508,44.42131833269957,-121.45117594342567,0.9776304960250854
Akawa_Butte,0720,405,440,44.485790204758985,-121.47687514547528,0.9968189597129822
Akawa_Butte,0720,594,502,44.43480617204254,-121.4534435200771,0.9983904361724854
Akawa_Butte,0720,434,406,44.47796725794006,-121.48972474650007,0.7882923483848572
Akawa_Butte,0720,631,609,44.42482517092874,-121.41300506979319,0.972062349319458
Akawa_Butte,0720,433,659,44.478237014726915,-121.3941085976979,0.9653510451316833
Akawa_Butte,0720,612,477,44.429950549879074,-121.46289175612475,0.9985339045524597
Akawa_Butte,0720,595,526,44.434536415255685,-121.44437321347137,0.9988895654678345
Akawa_Butte,0720,600,386,44.43318763132139,-121.49728333533818,0.9990591406822205
Akawa_Butte,0720,596,349,44.43426665846882,-121.51126672468871,0.9946945309638977
Akawa_Butte,0720,364,657,44.49685023302022,-121.3948644565817,0.9927936792373657
Akawa_Butte,0720,547,612,44.44748474102494,-121.41187128146747,0.9913764595985413
Akawa_Butte,0720,468,392,44.468795527186835,-121.49501575868675,0.9449082016944885
Akawa_Butte,0720,647,406,44.42050906233899,-121.48972474650007,0.9986627697944641
Akawa_Butte,0720,641,584,44.42212760306015,-121.42245330584083,0.9771368503570557
Akawa_Butte,0720,626,520,44.42617395486304,-121.4466407901228,0.778306782245636
Akawa_Butte,0720,625,612,44.426443711649895,-121.41187128146747,0.9504514932632446
Akawa_Butte,0720,609,475,44.43075982023965,-121.46364761500857,0.9988568425178528
Akawa_Butte,0720,439,427,44.47661847400576,-121.48178822822004,0.9976059794425964
Akawa_Butte,0720,370,662,44.495231692299065,-121.39297480937218,0.9811398983001709
Akawa_Butte,0720,374,426,44.494152665151624,-121.48216615766195,0.5286694765090942
Akawa_Butte,0720,582,591,44.43804325348486,-121.41980779974749,0.8980661034584045
Akawa_Butte,0720,454,417,44.47257212220287,-121.4855675226391,0.997456967830658
Akawa_Butte,0720,579,582,44.43885252384543,-121.42320916472464,0.9981511235237122
Akawa_Butte,0720,478,647,44.46609795931824,-121.39864375100076,0.9980540871620178
Akawa_Butte,0720,569,588,44.44155009171403,-121.4209415880732,0.9866185784339905
Akawa_Butte,0720,349,649,44.50089658482311,-121.39788789211694,0.925315260887146
Akawa_Butte,0720,543,379,44.44856376817238,-121.49992884143153,0.9975849986076355
Akawa_Butte,0720,587,331,44.43669446955056,-121.51806945464301,0.8015335202217102
Akawa_Butte,0720,670,430,44.41430465624122,-121.48065443989432,0.9038743376731873
Akawa_Butte,0720,519,350,44.455037931057,-121.5108887952468,0.9804849028587341
Akawa_Butte,0720,622,328,44.42725298201048,-121.51920324296873,0.9857692718505859
Akawa_Butte,0720,386,451,44.49091558370931,-121.4727179216143,0.9969497919082642
Akawa_Butte,0720,389,490,44.49010631334873,-121.45797867337998,0.995852530002594
Akawa_Butte,0720,366,479,44.496310719446505,-121.46213589724094,0.5778934359550476
Akawa_Butte,0720,514,655,44.4563867149913,-121.39562031546551,0.9777721762657166
Akawa_Butte,0720,533,613,44.45126133604097,-121.41149335202556,0.9984332323074341
Akawa_Butte,0720,609,505,44.43075982023965,-121.45230973175138,0.9983060359954834
Akawa_Butte,0720,595,544,44.434536415255685,-121.43757048351706,0.9988247156143188
Akawa_Butte,0720,661,392,44.41673246732296,-121.49501575868675,0.9867193102836609
Akawa_Butte,0720,558,597,44.444517416369486,-121.41754022309605,0.9945625066757202
Akawa_Butte,0720,387,553,44.49064582692245,-121.43416911853991,0.9955673217773438
Akawa_Butte,0720,392,567,44.489297042988156,-121.42887810635322,0.9962843656539917
Akawa_Butte,0720,375,445,44.49388290836477,-121.47498549826574,0.976808488368988
Akawa_Butte,0720,583,334,44.43777349669799,-121.5169356663173,0.9263736009597778
Akawa_Butte,0720,522,390,44.45422866069642,-121.49577161757057,0.9963027238845825
Akawa_Butte,0720,470,399,44.468256013613114,-121.49237025259342,0.994841456413269
Akawa_Butte,0720,353,630,44.49981755767568,-121.40506855151315,0.8755161166191101
Akawa_Butte,0720,577,509,44.439392037419154,-121.45079801398377,0.9993834495544434
Akawa_Butte,0720,657,469,44.41781149447039,-121.46591519166,0.9831666946411133
Akawa_Butte,0720,648,450,44.42023930555213,-121.47309585105621,0.9979864954948425
Akawa_Butte,0720,583,328,44.43777349669799,-121.51920324296873,0.7417728304862976
Akawa_Butte,0720,628,339,44.42563444128932,-121.51504601910776,0.9963851571083069
Akawa_Butte,0720,383,466,44.49172485406989,-121.46704897998572,0.9977102875709534
Akawa_Butte,0720,403,685,44.486329718332705,-121.38428243220834,0.8902739882469177
Akawa_Butte,0720,634,400,44.424015900568165,-121.4919923231515,0.9986602663993835
Akawa_Butte,0720,396,665,44.488218015840715,-121.39184102104646,0.9939889907836914
Akawa_Butte,0720,618,387,44.42833200915791,-121.49690540589629,0.9982262849807739
Akawa_Butte,0720,380,428,44.49253412443047,-121.48141029877814,0.5184481143951416
Akawa_Butte,0720,614,540,44.42941103630535,-121.43908220128469,0.9933004379272461
Akawa_Butte,0720,492,653,44.462321364302205,-121.39637617434933,0.9888015389442444
Akawa_Butte,0720,604,351,44.43210860417395,-121.51051086580489,0.9945890307426453
Akawa_Butte,0720,545,594,44.44802425459866,-121.41867401142177,0.9985660910606384
Akawa_Butte,0720,549,595,44.44694522745122,-121.41829608197986,0.9985609650611877
Akawa_Butte,0720,571,648,44.44101057814031,-121.39826582155885,0.8497641682624817
Akawa_Butte,0720,639,510,44.42266711663387,-121.45042008454186,0.9717211127281189
Akawa_Butte,0720,415,422,44.48309263689039,-121.48367787542958,0.9822608828544617
Akawa_Butte,0720,392,450,44.489297042988156,-121.47309585105621,0.9974822998046875
Akawa_Butte,0720,542,382,44.448833524959234,-121.49879505310581,0.9974391460418701
Akawa_Butte,0720,446,420,44.474730176497744,-121.48443373431338,0.9975395202636719
Akawa_Butte,0720,654,433,44.418620764830976,-121.4795206515686,0.9984090924263
Akawa_Butte,0720,628,510,44.42563444128932,-121.45042008454186,0.995097815990448
Akawa_Butte,0720,628,349,44.42563444128932,-121.51126672468871,0.9731317162513733
Akawa_Butte,0720,575,360,44.439931550992874,-121.50710950082774,0.9965810775756836
Akawa_Butte,0720,426,655,44.48012531223493,-121.39562031546551,0.9979403614997864
Akawa_Butte,0720,668,478,44.41484416981494,-121.46251382668285,0.838352382183075
Akawa_Butte,0720,526,629,44.45314963354899,-121.40544648095506,0.9976136684417725
Akawa_Butte,0720,370,618,44.495231692299065,-121.40960370481604,0.9920920729637146
Akawa_Butte,0720,518,378,44.45530768784386,-121.50030677087344,0.9893419742584229
Akawa_Butte,0720,608,531,44.43102957702651,-121.44248356626184,0.997997522354126
Akawa_Butte,0720,549,617,44.44694522745122,-121.40998163425793,0.9737765789031982
Akawa_Butte,0720,662,449,44.416462710536095,-121.47347378049813,0.8286478519439697
Akawa_Butte,0720,515,634,44.45611695820444,-121.40355683374554,0.998216450214386
Akawa_Butte,0720,439,669,44.47661847400576,-121.39032930327883,0.9216514825820923
Akawa_Butte,0720,515,379,44.45611695820444,-121.49992884143153,0.9813992977142334
Akawa_Butte,0720,380,542,44.49253412443047,-121.43832634240087,0.9506593942642212
Akawa_Butte,0720,544,611,44.448294011385514,-121.41224921090937,0.9967246651649475
Akawa_Butte,0720,632,521,44.424555414141885,-121.4462628606809,0.6297349333763123
Akawa_Butte,0720,645,448,44.42104857591271,-121.47385170994002,0.9982361197471619
Akawa_Butte,0720,633,555,44.42428565735502,-121.43341325965609,0.9055184125900269
Akawa_Butte,0720,489,649,44.46313063466279,-121.39788789211694,0.9978201389312744
Akawa_Butte,0720,612,352,44.429950549879074,-121.510132936363,0.9860773682594299
Akawa_Butte,0720,639,579,44.42266711663387,-121.42434295305036,0.9820773005485535
Akawa_Butte,0720,569,645,44.44155009171403,-121.39939960988457,0.5524860620498657
Akawa_Butte,0720,362,626,44.49738974659394,-121.40658026928078,0.9828752279281616
Akawa_Butte,0720,362,612,44.49738974659394,-121.41187128146747,0.5489990711212158
Akawa_Butte,0720,579,321,44.43885252384543,-121.52184874906207,0.5607729554176331
Akawa_Butte,0720,347,647,44.50143609839683,-121.39864375100076,0.841006338596344
Akawa_Butte,0720,459,655,44.47122333826857,-121.39562031546551,0.9967306852340698
Akawa_Butte,0720,416,688,44.48282288010353,-121.38314864388262,0.5479393601417542
Akawa_Butte,0720,616,594,44.42887152273163,-121.41867401142177,0.6778303384780884
Akawa_Butte,0720,606,382,44.43156909060023,-121.49879505310581,0.9988703727722168
Akawa_Butte,0720,584,355,44.437503739911136,-121.50899914803726,0.9946839809417725
Akawa_Butte,0720,425,687,44.480395069021796,-121.38352657332453,0.5727862119674683
Akawa_Butte,0720,474,669,44.46717698646568,-121.39032930327883,0.9510669708251953
Akawa_Butte,0720,553,354,44.44586620030378,-121.50937707747917,0.9965088963508606
Akawa_Butte,0720,393,670,44.4890272862013,-121.38995137383692,0.9762571454048157
Akawa_Butte,0720,547,631,44.44748474102494,-121.40469062207126,0.9067261219024658
Akawa_Butte,0720,499,644,44.460433066794195,-121.39977753932648,0.9970711469650269
Akawa_Butte,0720,592,345,44.43534568561626,-121.51277844245632,0.9962173700332642
Akawa_Butte,0720,464,394,44.469874554334275,-121.49425989980294,0.9232898354530334
Akawa_Butte,0720,603,318,44.432378360960804,-121.52298253738779,0.7656530737876892
Akawa_Butte,0720,611,344,44.43022030666593,-121.51315637189823,0.9970996379852295
Akawa_Butte,0720,369,483,44.49550144908592,-121.46062417947331,0.9311364889144897
Akawa_Butte,0720,390,470,44.489836556561876,-121.46553726221809,0.9977354407310486
Akawa_Butte,0720,593,317,44.4350759288294,-121.52336046682969,0.6072241067886353
Akawa_Butte,0720,550,610,44.44667547066436,-121.41262714035128,0.9831393361091614
Akawa_Butte,0720,624,332,44.42671346843676,-121.5176915252011,0.9917148351669312
Akawa_Butte,0720,362,669,44.49738974659394,-121.39032930327883,0.9141235947608948
Akawa_Butte,0720,569,353,44.44155009171403,-121.50975500692108,0.9970305562019348
Akawa_Butte,0720,452,638,44.47311163577659,-121.40204511597791,0.9988229274749756
Akawa_Butte,0720,542,358,44.448833524959234,-121.50786535971154,0.9974980354309082
Akawa_Butte,0720,377,518,44.49334339479105,-121.44739664900662,0.8676247000694275
Akawa_Butte,0720,488,649,44.463400391449646,-121.39788789211694,0.9978949427604675
Akawa_Butte,0720,465,633,44.46960479754741,-121.40393476318744,0.9987701177597046
Akawa_Butte,0720,374,667,44.494152665151624,-121.39108516216264,0.9602783918380737
Akawa_Butte,0720,613,518,44.42968079309221,-121.44739664900662,0.9983815550804138
Akawa_Butte,0720,384,460,44.49145509728303,-121.46931655663715,0.9978312253952026
Akawa_Butte,0720,625,509,44.426443711649895,-121.45079801398377,0.9952684640884399
Akawa_Butte,0720,664,494,44.41592319696238,-121.45646695561236,0.9891384243965149
Akawa_Butte,0720,598,491,44.4337271448951,-121.45760074393807,0.9989452362060547
Akawa_Butte,0720,597,351,44.433996901681965,-121.51051086580489,0.9932451844215393
Akawa_Butte,0720,544,365,44.448294011385514,-121.50521985361821,0.9977598190307617
Akawa_Butte,0720,598,532,44.4337271448951,-121.44210563681993,0.9989503026008606
Akawa_Butte,0720,652,463,44.419160278404696,-121.46818276831144,0.9971417784690857
Akawa_Butte,0720,520,388,44.45476817427014,-121.49652747645438,0.9950804114341736
Akawa_Butte,0720,437,433,44.47715798757948,-121.4795206515686,0.9974393844604492
Akawa_Butte,0720,525,359,44.453419390335846,-121.50748743026965,0.9897316694259644
Akawa_Butte,0720,409,436,44.484711177611544,-121.47838686324289,0.9968101978302002
Akawa_Butte,0720,528,342,44.45261011997527,-121.51391223078204,0.9285153150558472
Akawa_Butte,0720,381,479,44.49226436764361,-121.46213589724094,0.993803858757019
Akawa_Butte,0720,552,612,44.44613595709064,-121.41187128146747,0.9139555096626282
Akawa_Butte,0720,625,549,44.426443711649895,-121.43568083630753,0.5816872715950012
Akawa_Butte,0720,361,626,44.4976595033808,-121.40658026928078,0.9760444760322571
Akawa_Butte,0720,425,670,44.480395069021796,-121.38995137383692,0.9657436013221741
Akawa_Butte,0720,473,649,44.46744674325254,-121.39788789211694,0.9978999495506287
Akawa_Butte,0720,607,334,44.43129933381337,-121.5169356663173,0.9674871563911438
Akawa_Butte,0720,526,624,44.45314963354899,-121.40733612816459,0.9980784058570862
Akawa_Butte,0720,637,393,44.42320663020759,-121.49463782924485,0.9983640313148499
Akawa_Butte,0720,508,369,44.45800525571246,-121.50370813585059,0.7728047966957092
Akawa_Butte,0720,632,345,44.424555414141885,-121.51277844245632,0.9865846633911133
Akawa_Butte,0720,661,454,44.41673246732296,-121.47158413328859,0.9060798287391663
Akawa_Butte,0720,394,458,44.488757529414436,-121.47007241552096,0.9983843564987183
Akawa_Butte,0720,652,459,44.419160278404696,-121.46969448607906,0.9975356459617615
Akawa_Butte,0720,384,436,44.49145509728303,-121.47838686324289,0.9105145335197449
Akawa_Butte,0720,610,319,44.430490063452794,-121.52260460794588,0.8966155052185059
Akawa_Butte,0720,548,668,44.44721498423808,-121.39070723272074,0.7861695289611816
Akawa_Butte,0720,634,521,44.424015900568165,-121.4462628606809,0.5822510123252869
Akawa_Butte,0720,625,561,44.426443711649895,-121.43114568300466,0.9239245057106018
Akawa_Butte,0720,534,337,44.45099157925411,-121.51580187799158,0.719819962978363
Akawa_Butte,0720,398,486,44.487678502267,-121.4594903911476,0.9982666373252869
Akawa_Butte,0720,597,387,44.433996901681965,-121.49690540589629,0.9991468191146851
Akawa_Butte,0720,672,422,44.4137651426675,-121.48367787542958,0.8697612881660461
Akawa_Butte,0720,451,651,44.47338139256345,-121.39713203323313,0.9978839755058289
Akawa_Butte,0720,668,397,44.41484416981494,-121.49312611147722,0.978937566280365
Akawa_Butte,0720,571,650,44.44101057814031,-121.39750996267504,0.9623047113418579
Akawa_Butte,0720,627,470,44.42590419807618,-121.46553726221809,0.9981730580329895
Akawa_Butte,0720,467,397,44.4690652839737,-121.49312611147722,0.9901475310325623
Akawa_Butte,0720,603,368,44.432378360960804,-121.5040860652925,0.9972598552703857
Akawa_Butte,0720,434,655,44.47796725794006,-121.39562031546551,0.9938560724258423
Akawa_Butte,0720,487,649,44.4636701482365,-121.39788789211694,0.9978595972061157
