burnName,date,y,x,lat,lon,predicted_prob
CINDER_COMPLEX,0725,561,541,37.01845030285915,-118.2409748229668,0.8995369076728821
CINDER_COMPLEX,0725,573,510,37.01521322141684,-118.25145014100727,0.7977187037467957
CINDER_COMPLEX,0725,559,556,37.01898981643287,-118.23590612068917,0.9507507681846619
CINDER_COMPLEX,0725,524,535,37.02843130397295,-118.24300230387786,0.967208206653595
CINDER_COMPLEX,0725,533,476,37.02600349289122,-118.26293919950325,0.9727925062179565
CINDER_COMPLEX,0725,543,457,37.023305925022626,-118.2693595557216,0.9665617942810059
CINDER_COMPLEX,0725,578,440,37.013864437482546,-118.2751040849696,0.9213839769363403
CINDER_COMPLEX,0725,546,432,37.02249665466205,-118.277807392851,0.7987470626831055
CINDER_COMPLEX,0725,455,530,37.047044522266255,-118.24469187130374,0.9538712501525879
CINDER_COMPLEX,0725,467,462,37.04380744082395,-118.26766998829572,0.8071940541267395
CINDER_COMPLEX,0725,596,473,37.00900881531907,-118.26395293995878,0.992969274520874
CINDER_COMPLEX,0725,464,541,37.044616711184524,-118.2409748229668,0.8443247675895691
CINDER_COMPLEX,0725,527,441,37.027622033612374,-118.27476617148442,0.883054792881012
CINDER_COMPLEX,0725,582,503,37.012785410335105,-118.2538155354035,0.6955179572105408
CINDER_COMPLEX,0725,516,448,37.03058935826783,-118.27240077708818,0.9508958458900452
CINDER_COMPLEX,0725,556,436,37.01979908679345,-118.2764557389103,0.9129354357719421
CINDER_COMPLEX,0725,571,564,37.015752734990556,-118.23320281280776,0.9198362231254578
CINDER_COMPLEX,0725,499,462,37.035175223644444,-118.26766998829572,0.9710147380828857
CINDER_COMPLEX,0725,566,529,37.017101518924854,-118.24502978478893,0.9583888649940491
CINDER_COMPLEX,0725,550,549,37.02141762751461,-118.2382715150854,0.9081905484199524
CINDER_COMPLEX,0725,515,546,37.03085911505469,-118.23928525554092,0.8895527720451355
CINDER_COMPLEX,0725,567,451,37.016831762138,-118.27138703663266,0.9682555794715881
CINDER_COMPLEX,0725,594,448,37.00954832889279,-118.27240077708818,0.9883801937103271
CINDER_COMPLEX,0725,538,483,37.02465470895692,-118.26057380510701,0.9727247357368469
CINDER_COMPLEX,0725,480,531,37.04030060259477,-118.24435395781856,0.9296190738677979
CINDER_COMPLEX,0725,472,536,37.04245865688965,-118.24266439039269,0.9194793701171875
CINDER_COMPLEX,0725,456,518,37.0467747654794,-118.24874683312585,0.7853631973266602
CINDER_COMPLEX,0725,597,475,37.008739058532214,-118.26327711298843,0.9872229099273682
CINDER_COMPLEX,0725,457,534,37.04650500869254,-118.24334021736304,0.8810768723487854
CINDER_COMPLEX,0725,436,539,37.05216990121659,-118.24165064993716,0.7541442513465881
CINDER_COMPLEX,0725,574,565,37.01494346462998,-118.23286489932258,0.8865928649902344
CINDER_COMPLEX,0725,556,482,37.01979908679345,-118.2609117185922,0.9788414835929871
CINDER_COMPLEX,0725,538,437,37.02465470895692,-118.27611782542512,0.8702948689460754
CINDER_COMPLEX,0725,533,490,37.02600349289122,-118.2582084107108,0.9730357527732849
CINDER_COMPLEX,0725,568,457,37.01656200535114,-118.2693595557216,0.9776110649108887
CINDER_COMPLEX,0725,597,466,37.008739058532214,-118.26631833435502,0.9969574213027954
CINDER_COMPLEX,0725,588,439,37.011166869613945,-118.27544199845477,0.9366857409477234
CINDER_COMPLEX,0725,417,525,37.05729528016692,-118.24638143872963,0.5462258458137512
CINDER_COMPLEX,0725,520,515,37.02951033112039,-118.24976057358138,0.9817329049110413
CINDER_COMPLEX,0725,560,524,37.018720059646014,-118.2467193522148,0.8089849352836609
CINDER_COMPLEX,0725,546,447,37.02249665466205,-118.27273869057336,0.9340540170669556
CINDER_COMPLEX,0725,475,540,37.041649386529066,-118.24131273645199,0.841961681842804
CINDER_COMPLEX,0725,477,464,37.041109872955346,-118.26699416132537,0.927882730960846
CINDER_COMPLEX,0725,571,434,37.015752734990556,-118.27713156588065,0.8381392359733582
CINDER_COMPLEX,0725,440,517,37.05109087406915,-118.24908474661103,0.5548964738845825
CINDER_COMPLEX,0725,598,454,37.00846930174535,-118.27037329617713,0.9942197799682617
CINDER_COMPLEX,0725,544,540,37.02303616823576,-118.24131273645199,0.9093562364578247
CINDER_COMPLEX,0725,573,514,37.01521322141684,-118.25009848706657,0.7421090006828308
CINDER_COMPLEX,0725,507,501,37.03301716934956,-118.25449136237386,0.9622381329536438
CINDER_COMPLEX,0725,477,535,37.041109872955346,-118.24300230387786,0.9072955846786499
CINDER_COMPLEX,0725,563,432,37.01791078928544,-118.277807392851,0.8766117691993713
CINDER_COMPLEX,0725,479,454,37.04057035938163,-118.27037329617713,0.9719206094741821
CINDER_COMPLEX,0725,501,476,37.034635710070724,-118.26293919950325,0.9682066440582275
CINDER_COMPLEX,0725,543,451,37.023305925022626,-118.27138703663266,0.9469738006591797
CINDER_COMPLEX,0725,544,479,37.02303616823576,-118.26192545904773,0.9714000225067139
CINDER_COMPLEX,0725,570,542,37.01602249177742,-118.24063690948162,0.9640974402427673
CINDER_COMPLEX,0725,462,518,37.045156224758244,-118.24874683312585,0.9145060777664185
CINDER_COMPLEX,0725,586,552,37.011706383187665,-118.23725777462987,0.750041127204895
CINDER_COMPLEX,0725,535,491,37.0254639793175,-118.25787049722561,0.9723812341690063
CINDER_COMPLEX,0725,454,532,37.04731427905312,-118.24401604433339,0.658675491809845
CINDER_COMPLEX,0725,504,548,37.03382643971015,-118.23860942857057,0.773898720741272
CINDER_COMPLEX,0725,577,563,37.0141341942694,-118.23354072629293,0.8598388433456421
CINDER_COMPLEX,0725,536,468,37.025194222530644,-118.26564250738467,0.976630687713623
CINDER_COMPLEX,0725,474,528,37.04191914331593,-118.2453676982741,0.9053486585617065
CINDER_COMPLEX,0725,497,483,37.03571473721816,-118.26057380510701,0.9611783623695374
CINDER_COMPLEX,0725,551,447,37.021147870727745,-118.27273869057336,0.9406704902648926
CINDER_COMPLEX,0725,502,527,37.03436595328386,-118.24570561175928,0.8968254923820496
CINDER_COMPLEX,0725,565,529,37.01737127571172,-118.24502978478893,0.9565801620483398
CINDER_COMPLEX,0725,590,459,37.01062735604023,-118.26868372875124,0.9937421083450317
CINDER_COMPLEX,0725,602,459,37.00739027459792,-118.26868372875124,0.9965183734893799
CINDER_COMPLEX,0725,527,473,37.027622033612374,-118.26395293995878,0.9725112915039062
CINDER_COMPLEX,0725,453,526,37.047584035839975,-118.24604352524445,0.9103966951370239
CINDER_COMPLEX,0725,547,561,37.022226897875186,-118.23421655326328,0.8819732666015625
CINDER_COMPLEX,0725,485,465,37.03895181866047,-118.26665624784019,0.9440052509307861
CINDER_COMPLEX,0725,491,462,37.03733327793932,-118.26766998829572,0.9622606039047241
CINDER_COMPLEX,0725,582,509,37.012785410335105,-118.25178805449244,0.7918767929077148
CINDER_COMPLEX,0725,526,463,37.02789179039924,-118.26733207481054,0.9728553295135498
CINDER_COMPLEX,0725,548,553,37.02195714108833,-118.2369198611447,0.9225265383720398
CINDER_COMPLEX,0725,537,542,37.02492446574378,-118.24063690948162,0.8914079070091248
CINDER_COMPLEX,0725,515,461,37.03085911505469,-118.26800790178089,0.9746617078781128
CINDER_COMPLEX,0725,575,478,37.01467370784312,-118.2622633725329,0.9766899347305298
CINDER_COMPLEX,0725,521,441,37.029240574333535,-118.27476617148442,0.8981355428695679
CINDER_COMPLEX,0725,479,480,37.04057035938163,-118.26158754556255,0.5112923383712769
CINDER_COMPLEX,0725,492,448,37.037063521152454,-118.27240077708818,0.9725720286369324
CINDER_COMPLEX,0725,507,445,37.03301716934956,-118.27341451754371,0.9676087498664856
CINDER_COMPLEX,0725,506,451,37.03328692613643,-118.27138703663266,0.9736166000366211
CINDER_COMPLEX,0725,446,536,37.04947233334799,-118.24266439039269,0.8327416181564331
CINDER_COMPLEX,0725,552,489,37.02087811394089,-118.25854632419596,0.9765058755874634
CINDER_COMPLEX,0725,579,471,37.01359468069568,-118.26462876692914,0.9895676374435425
CINDER_COMPLEX,0725,469,455,37.04326792725023,-118.27003538269196,0.9596914649009705
CINDER_COMPLEX,0725,495,457,37.03625425079188,-118.2693595557216,0.970950722694397
CINDER_COMPLEX,0725,579,457,37.01359468069568,-118.2693595557216,0.990641713142395
CINDER_COMPLEX,0725,549,439,37.021687384301465,-118.27544199845477,0.9135109782218933
CINDER_COMPLEX,0725,491,495,37.03733327793932,-118.25651884328491,0.8117867112159729
CINDER_COMPLEX,0725,526,446,37.02789179039924,-118.27307660405853,0.8829663395881653
CINDER_COMPLEX,0725,536,556,37.025194222530644,-118.23590612068917,0.9325768947601318
CINDER_COMPLEX,0725,552,436,37.02087811394089,-118.2764557389103,0.8918530941009521
CINDER_COMPLEX,0725,504,457,37.03382643971015,-118.2693595557216,0.974932849407196
CINDER_COMPLEX,0725,568,538,37.01656200535114,-118.24198856342234,0.9302842020988464
CINDER_COMPLEX,0725,509,549,37.03247765577585,-118.2382715150854,0.7481098771095276
CINDER_COMPLEX,0725,448,536,37.04893281977427,-118.24266439039269,0.8537361025810242
CINDER_COMPLEX,0725,506,526,37.03328692613643,-118.24604352524445,0.8940408229827881
CINDER_COMPLEX,0725,563,569,37.01791078928544,-118.23151324538188,0.611650824546814
CINDER_COMPLEX,0725,525,459,37.028161547186095,-118.26868372875124,0.9696556925773621
CINDER_COMPLEX,0725,564,443,37.017641032498574,-118.27409034451406,0.9416651129722595
CINDER_COMPLEX,0725,564,431,37.017641032498574,-118.27814530633619,0.8715554475784302
CINDER_COMPLEX,0725,480,449,37.04030060259477,-118.27206286360301,0.9704979658126831
CINDER_COMPLEX,0725,453,516,37.047584035839975,-118.24942266009622,0.5815192461013794
CINDER_COMPLEX,0725,505,476,37.03355668292328,-118.26293919950325,0.9665853977203369
CINDER_COMPLEX,0725,514,533,37.031128871841545,-118.24367813084821,0.9379853010177612
CINDER_COMPLEX,0725,470,520,37.04299817046336,-118.2480710061555,0.9121535420417786
CINDER_COMPLEX,0725,511,516,37.03193814220213,-118.24942266009622,0.99006587266922
CINDER_COMPLEX,0725,489,491,37.03787279151304,-118.25787049722561,0.5348995923995972
CINDER_COMPLEX,0725,574,513,37.01494346462998,-118.25043640055173,0.5149877071380615
CINDER_COMPLEX,0725,554,472,37.02033860036717,-118.26429085344395,0.9845592975616455
CINDER_COMPLEX,0725,581,537,37.01305516712196,-118.24232647690751,0.9353388547897339
CINDER_COMPLEX,0725,555,556,37.02006884358031,-118.23590612068917,0.9493729472160339
CINDER_COMPLEX,0725,531,443,37.02654300646494,-118.27409034451406,0.8763493299484253
CINDER_COMPLEX,0725,552,458,37.02087811394089,-118.26902164223642,0.9675734043121338
CINDER_COMPLEX,0725,469,543,37.04326792725023,-118.24029899599645,0.6248692274093628
CINDER_COMPLEX,0725,483,454,37.03949133223419,-118.27037329617713,0.9723686575889587
CINDER_COMPLEX,0725,553,538,37.02060835715403,-118.24198856342234,0.9040585160255432
CINDER_COMPLEX,0725,595,464,37.009278572105934,-118.26699416132537,0.9962900876998901
CINDER_COMPLEX,0725,540,474,37.0241151953832,-118.2636150264736,0.9730890989303589
CINDER_COMPLEX,0725,595,473,37.009278572105934,-118.26395293995878,0.9915397763252258
CINDER_COMPLEX,0725,610,473,37.00523222030304,-118.26395293995878,0.9766912460327148
CINDER_COMPLEX,0725,597,473,37.008739058532214,-118.26395293995878,0.9945569634437561
CINDER_COMPLEX,0725,565,574,37.01737127571172,-118.22982367795599,0.7009299993515015
CINDER_COMPLEX,0725,530,456,37.0268127632518,-118.26969746920678,0.9594491720199585
CINDER_COMPLEX,0725,502,452,37.03436595328386,-118.27104912314748,0.9740758538246155
CINDER_COMPLEX,0725,490,501,37.037603034726175,-118.25449136237386,0.8837436437606812
CINDER_COMPLEX,0725,459,525,37.04596549511882,-118.24638143872963,0.9443221688270569
CINDER_COMPLEX,0725,495,484,37.03625425079188,-118.26023589162185,0.9481462836265564
CINDER_COMPLEX,0725,559,454,37.01898981643287,-118.27037329617713,0.9578677415847778
CINDER_COMPLEX,0725,573,439,37.01521322141684,-118.27544199845477,0.9053676128387451
CINDER_COMPLEX,0725,503,453,37.034096196497,-118.27071120966231,0.9745022058486938
CINDER_COMPLEX,0725,494,539,37.03652400757874,-118.24165064993716,0.838121771812439
CINDER_COMPLEX,0725,577,538,37.0141341942694,-118.24198856342234,0.9525799751281738
CINDER_COMPLEX,0725,546,556,37.02249665466205,-118.23590612068917,0.9199901223182678
CINDER_COMPLEX,0725,547,447,37.022226897875186,-118.27273869057336,0.9346550703048706
CINDER_COMPLEX,0725,564,456,37.017641032498574,-118.26969746920678,0.9738913774490356
CINDER_COMPLEX,0725,506,528,37.03328692613643,-118.2453676982741,0.8728656768798828
CINDER_COMPLEX,0725,572,434,37.0154829782037,-118.27713156588065,0.8382120132446289
CINDER_COMPLEX,0725,439,525,37.05136063085601,-118.24638143872963,0.8358027935028076
CINDER_COMPLEX,0725,576,463,37.01440395105626,-118.26733207481054,0.9901610016822815
CINDER_COMPLEX,0725,590,483,37.01062735604023,-118.26057380510701,0.9030247330665588
CINDER_COMPLEX,0725,563,434,37.01791078928544,-118.27713156588065,0.8912947177886963
CINDER_COMPLEX,0725,577,483,37.0141341942694,-118.26057380510701,0.953902006149292
CINDER_COMPLEX,0725,596,448,37.00900881531907,-118.27240077708818,0.988502025604248
CINDER_COMPLEX,0725,554,436,37.02033860036717,-118.2764557389103,0.9069662690162659
CINDER_COMPLEX,0725,483,452,37.03949133223419,-118.27104912314748,0.971001148223877
CINDER_COMPLEX,0725,464,535,37.044616711184524,-118.24300230387786,0.933813750743866
CINDER_COMPLEX,0725,440,532,37.05109087406915,-118.24401604433339,0.9170487523078918
CINDER_COMPLEX,0725,565,517,37.01737127571172,-118.24908474661103,0.7169439196586609
CINDER_COMPLEX,0725,532,483,37.02627324967808,-118.26057380510701,0.9726983904838562
CINDER_COMPLEX,0725,445,529,37.04974209013485,-118.24502978478893,0.8878623247146606
CINDER_COMPLEX,0725,577,433,37.0141341942694,-118.27746947936583,0.8010426759719849
CINDER_COMPLEX,0725,513,451,37.03139862862841,-118.27138703663266,0.9652705192565918
CINDER_COMPLEX,0725,489,470,37.03787279151304,-118.2649666804143,0.9093557000160217
CINDER_COMPLEX,0725,562,543,37.018180546072294,-118.24029899599645,0.9393119215965271
CINDER_COMPLEX,0725,581,447,37.01305516712196,-118.27273869057336,0.9753355383872986
CINDER_COMPLEX,0725,475,461,37.041649386529066,-118.26800790178089,0.9483669400215149
CINDER_COMPLEX,0725,567,568,37.016831762138,-118.23185115886704,0.7696365118026733
CINDER_COMPLEX,0725,538,488,37.02465470895692,-118.25888423768114,0.972190797328949
CINDER_COMPLEX,0725,551,433,37.021147870727745,-118.27746947936583,0.8249687552452087
CINDER_COMPLEX,0725,514,450,37.031128871841545,-118.27172495011783,0.9617117047309875
CINDER_COMPLEX,0725,489,453,37.03787279151304,-118.27071120966231,0.9734994769096375
CINDER_COMPLEX,0725,490,446,37.037603034726175,-118.27307660405853,0.9719045162200928
CINDER_COMPLEX,0725,583,442,37.01251565354824,-118.27442825799925,0.936869740486145
CINDER_COMPLEX,0725,510,526,37.032207898988986,-118.24604352524445,0.9546463489532471
CINDER_COMPLEX,0725,601,480,37.00766003138477,-118.26158754556255,0.7720158696174622
CINDER_COMPLEX,0725,581,443,37.01305516712196,-118.27409034451406,0.9496908783912659
CINDER_COMPLEX,0725,509,485,37.03247765577585,-118.25989797813666,0.9716071486473083
CINDER_COMPLEX,0725,604,461,37.0068507610242,-118.26800790178089,0.9956032633781433
CINDER_COMPLEX,0725,574,523,37.01494346462998,-118.24705726569998,0.8537260890007019
CINDER_COMPLEX,0725,479,532,37.04057035938163,-118.24401604433339,0.9401087760925293
CINDER_COMPLEX,0725,465,458,37.04434695439766,-118.26902164223642,0.8911744356155396
CINDER_COMPLEX,0725,475,535,37.041649386529066,-118.24300230387786,0.8999902606010437
CINDER_COMPLEX,0725,575,562,37.01467370784312,-118.23387863977811,0.924519419670105
CINDER_COMPLEX,0725,586,451,37.011706383187665,-118.27138703663266,0.9860022068023682
CINDER_COMPLEX,0725,558,479,37.019259573219735,-118.26192545904773,0.9899154901504517
CINDER_COMPLEX,0725,590,460,37.01062735604023,-118.26834581526607,0.9945209622383118
CINDER_COMPLEX,0725,459,451,37.04596549511882,-118.27138703663266,0.9479708075523376
CINDER_COMPLEX,0725,477,543,37.041109872955346,-118.24029899599645,0.5513591170310974
CINDER_COMPLEX,0725,564,516,37.017641032498574,-118.24942266009622,0.8267828226089478
CINDER_COMPLEX,0725,561,524,37.01845030285915,-118.2467193522148,0.8622172474861145
CINDER_COMPLEX,0725,467,528,37.04380744082395,-118.2453676982741,0.8465083241462708
CINDER_COMPLEX,0725,555,433,37.02006884358031,-118.27746947936583,0.8565998673439026
CINDER_COMPLEX,0725,577,481,37.0141341942694,-118.26124963207738,0.9696946144104004
CINDER_COMPLEX,0725,565,478,37.01737127571172,-118.2622633725329,0.9808935523033142
CINDER_COMPLEX,0725,513,550,37.03139862862841,-118.23793360160022,0.6738200187683105
CINDER_COMPLEX,0725,590,551,37.01062735604023,-118.23759568811505,0.8796168565750122
CINDER_COMPLEX,0725,591,438,37.01035759925337,-118.27577991193995,0.947846531867981
CINDER_COMPLEX,0725,589,551,37.01089711282709,-118.23759568811505,0.8578608632087708
CINDER_COMPLEX,0725,573,460,37.01521322141684,-118.26834581526607,0.9895185232162476
CINDER_COMPLEX,0725,461,518,37.0454259815451,-118.24874683312585,0.9220835566520691
CINDER_COMPLEX,0725,591,478,37.01035759925337,-118.2622633725329,0.9790545105934143
CINDER_COMPLEX,0725,579,565,37.01359468069568,-118.23286489932258,0.6667923927307129
CINDER_COMPLEX,0725,479,449,37.04057035938163,-118.27206286360301,0.9696833491325378
CINDER_COMPLEX,0725,508,453,37.032747412562706,-118.27071120966231,0.9741251468658447
CINDER_COMPLEX,0725,516,458,37.03058935826783,-118.26902164223642,0.9741004109382629
CINDER_COMPLEX,0725,518,453,37.03004984469411,-118.27071120966231,0.9592428207397461
CINDER_COMPLEX,0725,562,529,37.018180546072294,-118.24502978478893,0.9273478388786316
CINDER_COMPLEX,0725,591,442,37.01035759925337,-118.27442825799925,0.9590194821357727
CINDER_COMPLEX,0725,614,466,37.0041531931556,-118.26631833435502,0.9860856533050537
CINDER_COMPLEX,0725,532,440,37.02627324967808,-118.2751040849696,0.8769355416297913
CINDER_COMPLEX,0725,587,473,37.01143662640081,-118.26395293995878,0.9929829239845276
CINDER_COMPLEX,0725,468,546,37.043537684037084,-118.23928525554092,0.6701515316963196
CINDER_COMPLEX,0725,572,507,37.0154829782037,-118.25246388146279,0.8861932754516602
CINDER_COMPLEX,0725,557,475,37.01952933000659,-118.26327711298843,0.977909505367279
CINDER_COMPLEX,0725,420,521,37.05648600980634,-118.24773309267033,0.6485679149627686
CINDER_COMPLEX,0725,580,434,37.013324923908826,-118.27713156588065,0.846315324306488
CINDER_COMPLEX,0725,531,453,37.02654300646494,-118.27071120966231,0.9344514608383179
CINDER_COMPLEX,0725,520,487,37.02951033112039,-118.25922215116631,0.9723466634750366
CINDER_COMPLEX,0725,534,549,37.02573373610436,-118.2382715150854,0.9146716594696045
CINDER_COMPLEX,0725,551,458,37.021147870727745,-118.26902164223642,0.9688409566879272
CINDER_COMPLEX,0725,435,535,37.05243965800345,-118.24300230387786,0.9009144306182861
CINDER_COMPLEX,0725,527,487,37.027622033612374,-118.25922215116631,0.9724183082580566
CINDER_COMPLEX,0725,553,462,37.02060835715403,-118.26766998829572,0.9735066294670105
CINDER_COMPLEX,0725,535,545,37.0254639793175,-118.2396231690261,0.8513475060462952
CINDER_COMPLEX,0725,554,489,37.02033860036717,-118.25854632419596,0.9712392091751099
CINDER_COMPLEX,0725,421,524,37.05621625301948,-118.2467193522148,0.7289713025093079
CINDER_COMPLEX,0725,580,546,37.013324923908826,-118.23928525554092,0.9466676712036133
CINDER_COMPLEX,0725,572,442,37.0154829782037,-118.27442825799925,0.9394827485084534
CINDER_COMPLEX,0725,565,451,37.01737127571172,-118.27138703663266,0.9630847573280334
CINDER_COMPLEX,0725,464,543,37.044616711184524,-118.24029899599645,0.7577950954437256
CINDER_COMPLEX,0725,568,452,37.01656200535114,-118.27104912314748,0.969387412071228
CINDER_COMPLEX,0725,521,450,37.029240574333535,-118.27172495011783,0.9423246383666992
CINDER_COMPLEX,0725,535,552,37.0254639793175,-118.23725777462987,0.9160335063934326
CINDER_COMPLEX,0725,553,457,37.02060835715403,-118.2693595557216,0.966007649898529
CINDER_COMPLEX,0725,503,484,37.034096196497,-118.26023589162185,0.9724612236022949
CINDER_COMPLEX,0725,508,525,37.032747412562706,-118.24638143872963,0.9504761099815369
CINDER_COMPLEX,0725,520,486,37.02951033112039,-118.2595600646515,0.9723466634750366
CINDER_COMPLEX,0725,465,530,37.04434695439766,-118.24469187130374,0.9511637687683105
CINDER_COMPLEX,0725,483,527,37.03949133223419,-118.24570561175928,0.8429567813873291
CINDER_COMPLEX,0725,581,541,37.01305516712196,-118.2409748229668,0.9678375720977783
CINDER_COMPLEX,0725,582,514,37.012785410335105,-118.25009848706657,0.7124154567718506
CINDER_COMPLEX,0725,496,545,37.03598449400502,-118.2396231690261,0.7172039151191711
CINDER_COMPLEX,0725,545,548,37.022766411448906,-118.23860942857057,0.9225189089775085
CINDER_COMPLEX,0725,600,554,37.00792978817164,-118.23658194765952,0.7432321906089783
CINDER_COMPLEX,0725,601,556,37.00766003138477,-118.23590612068917,0.6655351519584656
CINDER_COMPLEX,0725,586,482,37.011706383187665,-118.2609117185922,0.9077849388122559
CINDER_COMPLEX,0725,567,435,37.016831762138,-118.27679365239547,0.8886846303939819
CINDER_COMPLEX,0725,532,463,37.02627324967808,-118.26733207481054,0.9725894927978516
CINDER_COMPLEX,0725,609,478,37.0055019770899,-118.2622633725329,0.9396321773529053
CINDER_COMPLEX,0725,472,535,37.04245865688965,-118.24300230387786,0.9168002009391785
CINDER_COMPLEX,0725,429,525,37.054058198724604,-118.24638143872963,0.743344247341156
CINDER_COMPLEX,0725,555,476,37.02006884358031,-118.26293919950325,0.9808741211891174
CINDER_COMPLEX,0725,502,549,37.03436595328386,-118.2382715150854,0.5209329128265381
CINDER_COMPLEX,0725,578,487,37.013864437482546,-118.25922215116631,0.825435221195221
CINDER_COMPLEX,0725,571,438,37.015752734990556,-118.27577991193995,0.8946540355682373
CINDER_COMPLEX,0725,558,466,37.019259573219735,-118.26631833435502,0.9815701842308044
CINDER_COMPLEX,0725,475,460,37.041649386529066,-118.26834581526607,0.9568408131599426
CINDER_COMPLEX,0725,532,471,37.02627324967808,-118.26462876692914,0.9731423258781433
CINDER_COMPLEX,0725,512,459,37.031668385415266,-118.26868372875124,0.9752939343452454
CINDER_COMPLEX,0725,542,489,37.02357568180948,-118.25854632419596,0.970493495464325
CINDER_COMPLEX,0725,499,452,37.035175223644444,-118.27104912314748,0.973979115486145
CINDER_COMPLEX,0725,494,472,37.03652400757874,-118.26429085344395,0.9247545003890991
CINDER_COMPLEX,0725,481,465,37.04003084580791,-118.26665624784019,0.9387784600257874
CINDER_COMPLEX,0725,553,440,37.02060835715403,-118.2751040849696,0.9295333027839661
CINDER_COMPLEX,0725,504,522,37.03382643971015,-118.24739517918515,0.9231126308441162
CINDER_COMPLEX,0725,483,473,37.03949133223419,-118.26395293995878,0.7765682339668274
CINDER_COMPLEX,0725,493,543,37.0367937643656,-118.24029899599645,0.8973280191421509
CINDER_COMPLEX,0725,506,484,37.03328692613643,-118.26023589162185,0.967747688293457
CINDER_COMPLEX,0725,590,554,37.01062735604023,-118.23658194765952,0.7567882537841797
CINDER_COMPLEX,0725,451,523,37.048123549413695,-118.24705726569998,0.8905524611473083
CINDER_COMPLEX,0725,521,474,37.029240574333535,-118.2636150264736,0.9724834561347961
CINDER_COMPLEX,0725,523,458,37.028701060759815,-118.26902164223642,0.9703397750854492
CINDER_COMPLEX,0725,599,459,37.008199544958494,-118.26868372875124,0.9963447451591492
CINDER_COMPLEX,0725,514,476,37.031128871841545,-118.26293919950325,0.944859504699707
CINDER_COMPLEX,0725,476,470,37.04137962974221,-118.2649666804143,0.7281115055084229
CINDER_COMPLEX,0725,542,446,37.02357568180948,-118.27307660405853,0.9198993444442749
CINDER_COMPLEX,0725,468,451,37.043537684037084,-118.27138703663266,0.9665892720222473
CINDER_COMPLEX,0725,549,433,37.021687384301465,-118.27746947936583,0.8202734589576721
CINDER_COMPLEX,0725,511,471,37.03193814220213,-118.26462876692914,0.9659363031387329
CINDER_COMPLEX,0725,508,500,37.032747412562706,-118.25482927585902,0.9722972512245178
CINDER_COMPLEX,0725,573,449,37.01521322141684,-118.27206286360301,0.9748352766036987
CINDER_COMPLEX,0725,512,473,37.031668385415266,-118.26395293995878,0.9466105103492737
CINDER_COMPLEX,0725,570,561,37.01602249177742,-118.23421655326328,0.9116166234016418
CINDER_COMPLEX,0725,577,523,37.0141341942694,-118.24705726569998,0.7098062634468079
CINDER_COMPLEX,0725,530,553,37.0268127632518,-118.2369198611447,0.8415085077285767
CINDER_COMPLEX,0725,577,534,37.0141341942694,-118.24334021736304,0.8840058445930481
CINDER_COMPLEX,0725,530,476,37.0268127632518,-118.26293919950325,0.972421407699585
CINDER_COMPLEX,0725,443,518,37.05028160370857,-118.24874683312585,0.6768596768379211
CINDER_COMPLEX,0725,566,445,37.017101518924854,-118.27341451754371,0.9517242908477783
CINDER_COMPLEX,0725,505,446,37.03355668292328,-118.27307660405853,0.9708990454673767
CINDER_COMPLEX,0725,496,456,37.03598449400502,-118.26969746920678,0.9733171463012695
CINDER_COMPLEX,0725,573,550,37.01521322141684,-118.23793360160022,0.9625042676925659
CINDER_COMPLEX,0725,512,516,37.031668385415266,-118.24942266009622,0.9891154766082764
CINDER_COMPLEX,0725,510,501,37.032207898988986,-118.25449136237386,0.9679606556892395
CINDER_COMPLEX,0725,601,450,37.00766003138477,-118.27172495011783,0.9925390481948853
CINDER_COMPLEX,0725,597,544,37.008739058532214,-118.23996108251127,0.7286292910575867
CINDER_COMPLEX,0725,494,544,37.03652400757874,-118.23996108251127,0.8406347036361694
CINDER_COMPLEX,0725,579,458,37.01359468069568,-118.26902164223642,0.9907499551773071
CINDER_COMPLEX,0725,529,557,37.027082520038654,-118.23556820720398,0.6203272342681885
CINDER_COMPLEX,0725,488,500,37.038142548299895,-118.25482927585902,0.6849295496940613
CINDER_COMPLEX,0725,496,444,37.03598449400502,-118.2737524310289,0.9716585278511047
CINDER_COMPLEX,0725,578,568,37.013864437482546,-118.23185115886704,0.6623700261116028
CINDER_COMPLEX,0725,570,518,37.01602249177742,-118.24874683312585,0.5844475626945496
CINDER_COMPLEX,0725,560,433,37.018720059646014,-118.27746947936583,0.8856981992721558
CINDER_COMPLEX,0725,603,471,37.00712051781105,-118.26462876692914,0.9920275807380676
CINDER_COMPLEX,0725,466,451,37.044077197610804,-118.27138703663266,0.9647722840309143
CINDER_COMPLEX,0725,510,459,37.032207898988986,-118.26868372875124,0.9751796722412109
CINDER_COMPLEX,0725,575,454,37.01467370784312,-118.27037329617713,0.9842225313186646
CINDER_COMPLEX,0725,481,464,37.04003084580791,-118.26699416132537,0.9565981030464172
CINDER_COMPLEX,0725,594,479,37.00954832889279,-118.26192545904773,0.9761655330657959
CINDER_COMPLEX,0725,570,532,37.01602249177742,-118.24401604433339,0.9265549778938293
CINDER_COMPLEX,0725,497,494,37.03571473721816,-118.25685675677008,0.9457606077194214
CINDER_COMPLEX,0725,562,473,37.018180546072294,-118.26395293995878,0.9872724413871765
CINDER_COMPLEX,0725,578,566,37.013864437482546,-118.2325269858374,0.5162410140037537
CINDER_COMPLEX,0725,565,513,37.01737127571172,-118.25043640055173,0.7607372999191284
CINDER_COMPLEX,0725,470,523,37.04299817046336,-118.24705726569998,0.9045087099075317
CINDER_COMPLEX,0725,555,454,37.02006884358031,-118.27037329617713,0.9546219706535339
CINDER_COMPLEX,0725,486,529,37.038682061873615,-118.24502978478893,0.8724278807640076
CINDER_COMPLEX,0725,452,523,37.04785379262684,-118.24705726569998,0.9001988172531128
CINDER_COMPLEX,0725,503,491,37.034096196497,-118.25787049722561,0.9694237112998962
CINDER_COMPLEX,0725,566,463,37.017101518924854,-118.26733207481054,0.9829572439193726
CINDER_COMPLEX,0725,534,561,37.02573373610436,-118.23421655326328,0.7379665374755859
CINDER_COMPLEX,0725,488,478,37.038142548299895,-118.2622633725329,0.8124906420707703
CINDER_COMPLEX,0725,569,457,37.01629224856428,-118.2693595557216,0.9788615703582764
CINDER_COMPLEX,0725,574,566,37.01494346462998,-118.2325269858374,0.8928816914558411
CINDER_COMPLEX,0725,450,522,37.04839330620055,-118.24739517918515,0.9170754551887512
CINDER_COMPLEX,0725,507,452,37.03301716934956,-118.27104912314748,0.9737959504127502
CINDER_COMPLEX,0725,570,510,37.01602249177742,-118.25145014100727,0.6556058526039124
CINDER_COMPLEX,0725,512,547,37.031668385415266,-118.23894734205575,0.8829383254051208
CINDER_COMPLEX,0725,570,557,37.01602249177742,-118.23556820720398,0.9359276294708252
CINDER_COMPLEX,0725,573,542,37.01521322141684,-118.24063690948162,0.9710232615470886
CINDER_COMPLEX,0725,559,435,37.01898981643287,-118.27679365239547,0.9061404466629028
CINDER_COMPLEX,0725,542,474,37.02357568180948,-118.2636150264736,0.9722855091094971
CINDER_COMPLEX,0725,576,477,37.01440395105626,-118.26260128601808,0.9834110736846924
CINDER_COMPLEX,0725,465,534,37.04434695439766,-118.24334021736304,0.9632354974746704
CINDER_COMPLEX,0725,586,443,37.011706383187665,-118.27409034451406,0.9499926567077637
CINDER_COMPLEX,0725,498,484,37.0354449804313,-118.26023589162185,0.9507899880409241
CINDER_COMPLEX,0725,531,447,37.02654300646494,-118.27273869057336,0.8844456672668457
CINDER_COMPLEX,0725,560,476,37.018720059646014,-118.26293919950325,0.9778633713722229
CINDER_COMPLEX,0725,570,438,37.01602249177742,-118.27577991193995,0.8956300616264343
CINDER_COMPLEX,0725,500,495,37.03490546685758,-118.25651884328491,0.9450932741165161
CINDER_COMPLEX,0725,590,455,37.01062735604023,-118.27003538269196,0.9925106763839722
CINDER_COMPLEX,0725,511,536,37.03193814220213,-118.24266439039269,0.9549092650413513
CINDER_COMPLEX,0725,600,545,37.00792978817164,-118.2396231690261,0.6084688901901245
CINDER_COMPLEX,0725,495,481,37.03625425079188,-118.26124963207738,0.9583536386489868
CINDER_COMPLEX,0725,603,466,37.00712051781105,-118.26631833435502,0.9949217438697815
CINDER_COMPLEX,0725,551,559,37.021147870727745,-118.23489238023363,0.9215742349624634
CINDER_COMPLEX,0725,430,536,37.05378844193775,-118.24266439039269,0.5673223733901978
CINDER_COMPLEX,0725,576,449,37.01440395105626,-118.27206286360301,0.9766278266906738
CINDER_COMPLEX,0725,561,464,37.01845030285915,-118.26699416132537,0.9827989935874939
CINDER_COMPLEX,0725,590,443,37.01062735604023,-118.27409034451406,0.9606395959854126
CINDER_COMPLEX,0725,469,461,37.04326792725023,-118.26800790178089,0.872160017490387
CINDER_COMPLEX,0725,567,537,37.016831762138,-118.24232647690751,0.9548932909965515
CINDER_COMPLEX,0725,567,469,37.016831762138,-118.26530459389949,0.9841105341911316
CINDER_COMPLEX,0725,603,551,37.00712051781105,-118.23759568811505,0.864722490310669
CINDER_COMPLEX,0725,476,522,37.04137962974221,-118.24739517918515,0.9703364968299866
CINDER_COMPLEX,0725,542,563,37.02357568180948,-118.23354072629293,0.5680303573608398
CINDER_COMPLEX,0725,596,543,37.00900881531907,-118.24029899599645,0.7322037220001221
CINDER_COMPLEX,0725,491,491,37.03733327793932,-118.25787049722561,0.5155778527259827
CINDER_COMPLEX,0725,468,459,37.043537684037084,-118.26868372875124,0.9202082753181458
CINDER_COMPLEX,0725,459,526,37.04596549511882,-118.24604352524445,0.9407140016555786
CINDER_COMPLEX,0725,531,549,37.02654300646494,-118.2382715150854,0.900316596031189
CINDER_COMPLEX,0725,481,452,37.04003084580791,-118.27104912314748,0.9715989828109741
CINDER_COMPLEX,0725,531,479,37.02654300646494,-118.26192545904773,0.9723972678184509
CINDER_COMPLEX,0725,538,469,37.02465470895692,-118.26530459389949,0.9751637578010559
CINDER_COMPLEX,0725,580,467,37.013324923908826,-118.26598042086984,0.992496132850647
CINDER_COMPLEX,0725,520,476,37.02951033112039,-118.26293919950325,0.9722262620925903
CINDER_COMPLEX,0725,561,521,37.01845030285915,-118.24773309267033,0.583564043045044
CINDER_COMPLEX,0725,541,441,37.02384543859635,-118.27476617148442,0.8986684083938599
CINDER_COMPLEX,0725,505,480,37.03355668292328,-118.26158754556255,0.9726887345314026
CINDER_COMPLEX,0725,603,474,37.00712051781105,-118.2636150264736,0.9777790307998657
CINDER_COMPLEX,0725,509,447,37.03247765577585,-118.27273869057336,0.9675544500350952
CINDER_COMPLEX,0725,558,566,37.019259573219735,-118.2325269858374,0.9051265120506287
CINDER_COMPLEX,0725,431,536,37.053518685150884,-118.24266439039269,0.5757002830505371
CINDER_COMPLEX,0725,503,497,37.034096196497,-118.25584301631456,0.9660747051239014
CINDER_COMPLEX,0725,491,465,37.03733327793932,-118.26665624784019,0.9479899406433105
CINDER_COMPLEX,0725,581,455,37.01305516712196,-118.27003538269196,0.9905276894569397
CINDER_COMPLEX,0725,471,522,37.04272841367651,-118.24739517918515,0.9211816191673279
CINDER_COMPLEX,0725,574,466,37.01494346462998,-118.26631833435502,0.9909541606903076
CINDER_COMPLEX,0725,588,542,37.011166869613945,-118.24063690948162,0.889362096786499
CINDER_COMPLEX,0725,589,565,37.01089711282709,-118.23286489932258,0.6046237945556641
CINDER_COMPLEX,0725,566,435,37.017101518924854,-118.27679365239547,0.8928119540214539
CINDER_COMPLEX,0725,617,478,37.003343922795025,-118.2622633725329,0.8500980138778687
CINDER_COMPLEX,0725,475,450,37.041649386529066,-118.27172495011783,0.9685311913490295
CINDER_COMPLEX,0725,592,453,37.01008784246651,-118.27071120966231,0.9916980862617493
CINDER_COMPLEX,0725,536,559,37.025194222530644,-118.23489238023363,0.8309956192970276
CINDER_COMPLEX,0725,574,455,37.01494346462998,-118.27003538269196,0.98518967628479
CINDER_COMPLEX,0725,536,552,37.025194222530644,-118.23725777462987,0.920682966709137
CINDER_COMPLEX,0725,501,530,37.034635710070724,-118.24469187130374,0.8815451264381409
CINDER_COMPLEX,0725,561,456,37.01845030285915,-118.26969746920678,0.96905118227005
CINDER_COMPLEX,0725,502,476,37.03436595328386,-118.26293919950325,0.9684136509895325
CINDER_COMPLEX,0725,571,432,37.015752734990556,-118.277807392851,0.814338207244873
CINDER_COMPLEX,0725,556,564,37.01979908679345,-118.23320281280776,0.8673658967018127
CINDER_COMPLEX,0725,554,539,37.02033860036717,-118.24165064993716,0.770160973072052
CINDER_COMPLEX,0725,549,467,37.021687384301465,-118.26598042086984,0.9727491140365601
CINDER_COMPLEX,0725,541,549,37.02384543859635,-118.2382715150854,0.9121274352073669
CINDER_COMPLEX,0725,569,564,37.01629224856428,-118.23320281280776,0.8495448231697083
CINDER_COMPLEX,0725,592,557,37.01008784246651,-118.23556820720398,0.5488867163658142
CINDER_COMPLEX,0725,565,474,37.01737127571172,-118.2636150264736,0.9834551811218262
CINDER_COMPLEX,0725,451,522,37.048123549413695,-118.24739517918515,0.9076973795890808
CINDER_COMPLEX,0725,438,531,37.05163038764287,-118.24435395781856,0.9328386783599854
CINDER_COMPLEX,0725,505,466,37.03355668292328,-118.26631833435502,0.9731915593147278
CINDER_COMPLEX,0725,579,440,37.01359468069568,-118.2751040849696,0.9236242175102234
CINDER_COMPLEX,0725,481,519,37.04003084580791,-118.24840891964068,0.9495528340339661
CINDER_COMPLEX,0725,467,530,37.04380744082395,-118.24469187130374,0.9436659812927246
CINDER_COMPLEX,0725,549,460,37.021687384301465,-118.26834581526607,0.9735221266746521
CINDER_COMPLEX,0725,607,468,37.00604149066362,-118.26564250738467,0.9926862120628357
CINDER_COMPLEX,0725,596,471,37.00900881531907,-118.26462876692914,0.9960659742355347
CINDER_COMPLEX,0725,553,439,37.02060835715403,-118.27544199845477,0.9242653846740723
CINDER_COMPLEX,0725,551,470,37.021147870727745,-118.2649666804143,0.9739016890525818
CINDER_COMPLEX,0725,452,527,37.04785379262684,-118.24570561175928,0.9091603755950928
CINDER_COMPLEX,0725,533,549,37.02600349289122,-118.2382715150854,0.9217196702957153
CINDER_COMPLEX,0725,473,448,37.042188900102786,-118.27240077708818,0.9667030572891235
CINDER_COMPLEX,0725,553,479,37.02060835715403,-118.26192545904773,0.9743940234184265
CINDER_COMPLEX,0725,569,555,37.01629224856428,-118.23624403417433,0.9119356870651245
CINDER_COMPLEX,0725,542,479,37.02357568180948,-118.26192545904773,0.9720157980918884
CINDER_COMPLEX,0725,576,554,37.01440395105626,-118.23658194765952,0.9354108572006226
CINDER_COMPLEX,0725,590,479,37.01062735604023,-118.26192545904773,0.9837693572044373
CINDER_COMPLEX,0725,456,458,37.0467747654794,-118.26902164223642,0.5532107949256897
CINDER_COMPLEX,0725,471,528,37.04272841367651,-118.2453676982741,0.9290676712989807
CINDER_COMPLEX,0725,570,486,37.01602249177742,-118.2595600646515,0.9798167943954468
CINDER_COMPLEX,0725,445,534,37.04974209013485,-118.24334021736304,0.8963483572006226
CINDER_COMPLEX,0725,479,458,37.04057035938163,-118.26902164223642,0.9696301221847534
CINDER_COMPLEX,0725,501,547,37.034635710070724,-118.23894734205575,0.7701744437217712
CINDER_COMPLEX,0725,541,454,37.02384543859635,-118.27037329617713,0.9576486945152283
CINDER_COMPLEX,0725,525,451,37.028161547186095,-118.27138703663266,0.9352994561195374
CINDER_COMPLEX,0725,519,480,37.02978008790725,-118.26158754556255,0.9721871018409729
CINDER_COMPLEX,0725,425,523,37.055137225872045,-118.24705726569998,0.8381622433662415
CINDER_COMPLEX,0725,482,459,37.03976108902105,-118.26868372875124,0.9685456156730652
CINDER_COMPLEX,0725,547,476,37.022226897875186,-118.26293919950325,0.9722309708595276
CINDER_COMPLEX,0725,556,450,37.01979908679345,-118.27172495011783,0.9489205479621887
CINDER_COMPLEX,0725,508,476,37.032747412562706,-118.26293919950325,0.9220821261405945
CINDER_COMPLEX,0725,521,457,37.029240574333535,-118.2693595557216,0.969230592250824
CINDER_COMPLEX,0725,580,507,37.013324923908826,-118.25246388146279,0.5925598740577698
CINDER_COMPLEX,0725,492,482,37.037063521152454,-118.2609117185922,0.8856244683265686
CINDER_COMPLEX,0725,503,543,37.034096196497,-118.24029899599645,0.8490357995033264
CINDER_COMPLEX,0725,543,447,37.023305925022626,-118.27273869057336,0.9273014664649963
CINDER_COMPLEX,0725,599,475,37.008199544958494,-118.26327711298843,0.9853557348251343
CINDER_COMPLEX,0725,596,452,37.00900881531907,-118.27104912314748,0.9929320812225342
CINDER_COMPLEX,0725,597,474,37.008739058532214,-118.2636150264736,0.9920539259910583
CINDER_COMPLEX,0725,544,446,37.02303616823576,-118.27307660405853,0.9271392226219177
CINDER_COMPLEX,0725,558,441,37.019259573219735,-118.27476617148442,0.9336848258972168
CINDER_COMPLEX,0725,522,473,37.02897081754667,-118.26395293995878,0.9725195169448853
CINDER_COMPLEX,0725,579,555,37.01359468069568,-118.23624403417433,0.9053164124488831
CINDER_COMPLEX,0725,595,552,37.009278572105934,-118.23725777462987,0.8448514342308044
CINDER_COMPLEX,0725,509,500,37.03247765577585,-118.25482927585902,0.9798912405967712
CINDER_COMPLEX,0725,492,536,37.037063521152454,-118.24266439039269,0.7710199356079102
CINDER_COMPLEX,0725,565,476,37.01737127571172,-118.26293919950325,0.9828954339027405
CINDER_COMPLEX,0725,436,535,37.05216990121659,-118.24300230387786,0.9003298878669739
CINDER_COMPLEX,0725,502,456,37.03436595328386,-118.26969746920678,0.9747459292411804
CINDER_COMPLEX,0725,519,525,37.02978008790725,-118.24638143872963,0.9778859615325928
CINDER_COMPLEX,0725,499,473,37.035175223644444,-118.26395293995878,0.9689955115318298
CINDER_COMPLEX,0725,537,464,37.02492446574378,-118.26699416132537,0.9753857254981995
CINDER_COMPLEX,0725,566,504,37.017101518924854,-118.25347762191832,0.6503417491912842
CINDER_COMPLEX,0725,504,521,37.03382643971015,-118.24773309267033,0.9288730025291443
CINDER_COMPLEX,0725,485,535,37.03895181866047,-118.24300230387786,0.6707339286804199
CINDER_COMPLEX,0725,494,467,37.03652400757874,-118.26598042086984,0.9596313834190369
CINDER_COMPLEX,0725,556,490,37.01979908679345,-118.2582084107108,0.9685240983963013
CINDER_COMPLEX,0725,492,458,37.037063521152454,-118.26902164223642,0.9678884148597717
CINDER_COMPLEX,0725,487,447,37.03841230508675,-118.27273869057336,0.971557080745697
CINDER_COMPLEX,0725,437,538,37.05190014442973,-118.24198856342234,0.7650550603866577
CINDER_COMPLEX,0725,544,490,37.02303616823576,-118.2582084107108,0.9664562940597534
CINDER_COMPLEX,0725,559,470,37.01898981643287,-118.2649666804143,0.9799048900604248
CINDER_COMPLEX,0725,471,529,37.04272841367651,-118.24502978478893,0.9615387916564941
CINDER_COMPLEX,0725,565,440,37.01737127571172,-118.2751040849696,0.9313657879829407
CINDER_COMPLEX,0725,585,540,37.01197613997453,-118.24131273645199,0.9541770815849304
CINDER_COMPLEX,0725,526,484,37.02789179039924,-118.26023589162185,0.9721311330795288
CINDER_COMPLEX,0725,474,540,37.04191914331593,-118.24131273645199,0.8376102447509766
CINDER_COMPLEX,0725,494,461,37.03652400757874,-118.26800790178089,0.9668569564819336
CINDER_COMPLEX,0725,505,496,37.03355668292328,-118.25618092979973,0.9783283472061157
CINDER_COMPLEX,0725,573,457,37.01521322141684,-118.2693595557216,0.9868336319923401
CINDER_COMPLEX,0725,572,446,37.0154829782037,-118.27307660405853,0.9673589468002319
CINDER_COMPLEX,0725,549,462,37.021687384301465,-118.26766998829572,0.9735108017921448
CINDER_COMPLEX,0725,452,521,37.04785379262684,-118.24773309267033,0.8802547454833984
CINDER_COMPLEX,0725,546,436,37.02249665466205,-118.2764557389103,0.8851445913314819
CINDER_COMPLEX,0725,500,536,37.03490546685758,-118.24266439039269,0.8757719993591309
CINDER_COMPLEX,0725,573,541,37.01521322141684,-118.2409748229668,0.9633976817131042
CINDER_COMPLEX,0725,494,452,37.03652400757874,-118.27104912314748,0.9725475311279297
CINDER_COMPLEX,0725,554,484,37.02033860036717,-118.26023589162185,0.984795093536377
CINDER_COMPLEX,0725,443,523,37.05028160370857,-118.24705726569998,0.8689537048339844
CINDER_COMPLEX,0725,452,524,37.04785379262684,-118.2467193522148,0.9095873832702637
CINDER_COMPLEX,0725,536,456,37.025194222530644,-118.26969746920678,0.9611506462097168
CINDER_COMPLEX,0725,552,552,37.02087811394089,-118.23725777462987,0.9377388954162598
CINDER_COMPLEX,0725,485,447,37.03895181866047,-118.27273869057336,0.9719263911247253
CINDER_COMPLEX,0725,559,531,37.01898981643287,-118.24435395781856,0.9596455097198486
CINDER_COMPLEX,0725,528,490,37.02735227682552,-118.2582084107108,0.9724555015563965
CINDER_COMPLEX,0725,559,555,37.01898981643287,-118.23624403417433,0.958263635635376
CINDER_COMPLEX,0725,592,550,37.01008784246651,-118.23793360160022,0.6540392637252808
CINDER_COMPLEX,0725,503,498,37.034096196497,-118.25550510282937,0.9592218995094299
CINDER_COMPLEX,0725,532,460,37.02627324967808,-118.26834581526607,0.9716653227806091
CINDER_COMPLEX,0725,573,472,37.01521322141684,-118.26429085344395,0.9878307580947876
CINDER_COMPLEX,0725,541,545,37.02384543859635,-118.2396231690261,0.9087632298469543
CINDER_COMPLEX,0725,520,474,37.02951033112039,-118.2636150264736,0.9724481105804443
CINDER_COMPLEX,0725,615,472,37.003883436368746,-118.26429085344395,0.962483286857605
CINDER_COMPLEX,0725,507,474,37.03301716934956,-118.2636150264736,0.9691966772079468
CINDER_COMPLEX,0725,476,542,37.04137962974221,-118.24063690948162,0.7714824676513672
CINDER_COMPLEX,0725,549,558,37.021687384301465,-118.23523029371881,0.9002993106842041
CINDER_COMPLEX,0725,516,453,37.03058935826783,-118.27071120966231,0.965059220790863
CINDER_COMPLEX,0725,430,519,37.05378844193775,-118.24840891964068,0.5075544118881226
CINDER_COMPLEX,0725,582,564,37.012785410335105,-118.23320281280776,0.705814003944397
CINDER_COMPLEX,0725,550,546,37.02141762751461,-118.23928525554092,0.9334455132484436
CINDER_COMPLEX,0725,417,523,37.05729528016692,-118.24705726569998,0.868831217288971
CINDER_COMPLEX,0725,446,537,37.04947233334799,-118.24232647690751,0.6379963755607605
CINDER_COMPLEX,0725,544,549,37.02303616823576,-118.2382715150854,0.9254755973815918
CINDER_COMPLEX,0725,597,449,37.008739058532214,-118.27206286360301,0.9893869161605835
CINDER_COMPLEX,0725,497,545,37.03571473721816,-118.2396231690261,0.7967543601989746
CINDER_COMPLEX,0725,534,476,37.02573373610436,-118.26293919950325,0.97250896692276
CINDER_COMPLEX,0725,453,515,37.047584035839975,-118.24976057358138,0.5617336630821228
CINDER_COMPLEX,0725,440,518,37.05109087406915,-118.24874683312585,0.6654930114746094
CINDER_COMPLEX,0725,502,484,37.03436595328386,-118.26023589162185,0.971100389957428
CINDER_COMPLEX,0725,475,463,37.041649386529066,-118.26733207481054,0.9331842064857483
CINDER_COMPLEX,0725,581,563,37.01305516712196,-118.23354072629293,0.6942914128303528
CINDER_COMPLEX,0725,605,472,37.00658100423734,-118.26429085344395,0.9847285747528076
CINDER_COMPLEX,0725,457,531,37.04650500869254,-118.24435395781856,0.9067469239234924
CINDER_COMPLEX,0725,490,533,37.037603034726175,-118.24367813084821,0.875103771686554
CINDER_COMPLEX,0725,602,475,37.00739027459792,-118.26327711298843,0.9790614247322083
CINDER_COMPLEX,0725,443,526,37.05028160370857,-118.24604352524445,0.9288316965103149
CINDER_COMPLEX,0725,474,543,37.04191914331593,-118.24029899599645,0.5243982076644897
CINDER_COMPLEX,0725,496,499,37.03598449400502,-118.2551671893442,0.9331133961677551
CINDER_COMPLEX,0725,488,468,37.038142548299895,-118.26564250738467,0.9507973790168762
CINDER_COMPLEX,0725,476,524,37.04137962974221,-118.2467193522148,0.9411512613296509
CINDER_COMPLEX,0725,528,484,37.02735227682552,-118.26023589162185,0.9723438620567322
CINDER_COMPLEX,0725,443,538,37.05028160370857,-118.24198856342234,0.6758833527565002
CINDER_COMPLEX,0725,576,566,37.01440395105626,-118.2325269858374,0.7694081664085388
CINDER_COMPLEX,0725,515,477,37.03085911505469,-118.26260128601808,0.9228165149688721
CINDER_COMPLEX,0725,565,521,37.01737127571172,-118.24773309267033,0.7586051821708679
CINDER_COMPLEX,0725,501,443,37.034635710070724,-118.27409034451406,0.9716698527336121
CINDER_COMPLEX,0725,597,459,37.008739058532214,-118.26868372875124,0.9961315989494324
CINDER_COMPLEX,0725,513,473,37.03139862862841,-118.26395293995878,0.9345111846923828
CINDER_COMPLEX,0725,551,550,37.021147870727745,-118.23793360160022,0.955093502998352
CINDER_COMPLEX,0725,588,467,37.011166869613945,-118.26598042086984,0.994977593421936
CINDER_COMPLEX,0725,487,452,37.03841230508675,-118.27104912314748,0.9726702570915222
CINDER_COMPLEX,0725,568,527,37.01656200535114,-118.24570561175928,0.7858507037162781
CINDER_COMPLEX,0725,515,482,37.03085911505469,-118.2609117185922,0.967868447303772
CINDER_COMPLEX,0725,484,478,37.039221575447336,-118.2622633725329,0.732292115688324
CINDER_COMPLEX,0725,480,487,37.04030060259477,-118.25922215116631,0.5025140047073364
CINDER_COMPLEX,0725,596,466,37.00900881531907,-118.26631833435502,0.9964689016342163
CINDER_COMPLEX,0725,429,530,37.054058198724604,-118.24469187130374,0.7371081113815308
CINDER_COMPLEX,0725,504,478,37.03382643971015,-118.2622633725329,0.9721460342407227
CINDER_COMPLEX,0725,618,477,37.00307416600816,-118.26260128601808,0.8322128057479858
CINDER_COMPLEX,0725,556,455,37.01979908679345,-118.27003538269196,0.9582570195198059
CINDER_COMPLEX,0725,472,543,37.04245865688965,-118.24029899599645,0.576073944568634
CINDER_COMPLEX,0725,603,470,37.00712051781105,-118.2649666804143,0.9935634732246399
CINDER_COMPLEX,0725,593,449,37.00981808567965,-118.27206286360301,0.9887440204620361
CINDER_COMPLEX,0725,539,455,37.02438495217006,-118.27003538269196,0.9647558331489563
CINDER_COMPLEX,0725,584,435,37.012245896761385,-118.27679365239547,0.8828326463699341
CINDER_COMPLEX,0725,449,527,37.048663062987416,-118.24570561175928,0.9277281761169434
CINDER_COMPLEX,0725,568,455,37.01656200535114,-118.27003538269196,0.9745426177978516
CINDER_COMPLEX,0725,548,550,37.02195714108833,-118.23793360160022,0.9375571012496948
CINDER_COMPLEX,0725,550,488,37.02141762751461,-118.25888423768114,0.9798116683959961
CINDER_COMPLEX,0725,517,462,37.03031960148097,-118.26766998829572,0.974036693572998
CINDER_COMPLEX,0725,565,566,37.01737127571172,-118.2325269858374,0.8908830881118774
CINDER_COMPLEX,0725,551,484,37.021147870727745,-118.26023589162185,0.9733647108078003
CINDER_COMPLEX,0725,554,549,37.02033860036717,-118.2382715150854,0.9412590861320496
CINDER_COMPLEX,0725,593,546,37.00981808567965,-118.23928525554092,0.8003085851669312
CINDER_COMPLEX,0725,493,491,37.0367937643656,-118.25787049722561,0.6989855766296387
CINDER_COMPLEX,0725,517,535,37.03031960148097,-118.24300230387786,0.9741790294647217
CINDER_COMPLEX,0725,481,528,37.04003084580791,-118.2453676982741,0.9144761562347412
CINDER_COMPLEX,0725,478,521,37.04084011616849,-118.24773309267033,0.9635151624679565
CINDER_COMPLEX,0725,608,475,37.005771733876756,-118.26327711298843,0.9741596579551697
CINDER_COMPLEX,0725,598,462,37.00846930174535,-118.26766998829572,0.9964985847473145
CINDER_COMPLEX,0725,589,456,37.01089711282709,-118.26969746920678,0.9936020970344543
CINDER_COMPLEX,0725,485,486,37.03895181866047,-118.2595600646515,0.5588158369064331
CINDER_COMPLEX,0725,599,444,37.008199544958494,-118.2737524310289,0.9826715588569641
CINDER_COMPLEX,0725,460,452,37.04569573833196,-118.27104912314748,0.9413766264915466
CINDER_COMPLEX,0725,575,489,37.01467370784312,-118.25854632419596,0.569366991519928
CINDER_COMPLEX,0725,560,464,37.018720059646014,-118.26699416132537,0.9813187718391418
CINDER_COMPLEX,0725,581,551,37.01305516712196,-118.23759568811505,0.9280786514282227
CINDER_COMPLEX,0725,447,519,37.049202576561136,-118.24840891964068,0.7131720781326294
CINDER_COMPLEX,0725,544,462,37.02303616823576,-118.26766998829572,0.9768050909042358
CINDER_COMPLEX,0725,571,455,37.015752734990556,-118.27003538269196,0.9808136224746704
CINDER_COMPLEX,0725,490,484,37.037603034726175,-118.26023589162185,0.5939064025878906
CINDER_COMPLEX,0725,526,487,37.02789179039924,-118.25922215116631,0.9723668098449707
CINDER_COMPLEX,0725,542,451,37.02357568180948,-118.27138703663266,0.946743369102478
CINDER_COMPLEX,0725,497,463,37.03571473721816,-118.26733207481054,0.9688268303871155
CINDER_COMPLEX,0725,613,462,37.00442294994246,-118.26766998829572,0.9882715344429016
CINDER_COMPLEX,0725,549,550,37.021687384301465,-118.23793360160022,0.9463592171669006
CINDER_COMPLEX,0725,611,460,37.00496246351618,-118.26834581526607,0.9920905232429504
CINDER_COMPLEX,0725,597,444,37.008739058532214,-118.2737524310289,0.981633722782135
CINDER_COMPLEX,0725,541,487,37.02384543859635,-118.25922215116631,0.9698987603187561
CINDER_COMPLEX,0725,510,445,37.032207898988986,-118.27341451754371,0.9627982974052429
CINDER_COMPLEX,0725,520,468,37.02951033112039,-118.26564250738467,0.9726117253303528
CINDER_COMPLEX,0725,582,479,37.012785410335105,-118.26192545904773,0.984491229057312
CINDER_COMPLEX,0725,463,534,37.04488646797138,-118.24334021736304,0.965814471244812
CINDER_COMPLEX,0725,474,460,37.04191914331593,-118.26834581526607,0.9500094056129456
CINDER_COMPLEX,0725,475,532,37.041649386529066,-118.24401604433339,0.9165815711021423
CINDER_COMPLEX,0725,553,472,37.02060835715403,-118.26429085344395,0.9795025587081909
CINDER_COMPLEX,0725,563,547,37.01791078928544,-118.23894734205575,0.9561945199966431
CINDER_COMPLEX,0725,613,479,37.00442294994246,-118.26192545904773,0.5908458232879639
CINDER_COMPLEX,0725,619,477,37.002804409221305,-118.26260128601808,0.7968710064888
CINDER_COMPLEX,0725,552,448,37.02087811394089,-118.27240077708818,0.9425129294395447
CINDER_COMPLEX,0725,501,527,37.034635710070724,-118.24570561175928,0.8777300119400024
CINDER_COMPLEX,0725,585,451,37.01197613997453,-118.27138703663266,0.9858830571174622
CINDER_COMPLEX,0725,566,553,37.017101518924854,-118.2369198611447,0.9562907814979553
CINDER_COMPLEX,0725,519,453,37.02978008790725,-118.27071120966231,0.9563860297203064
CINDER_COMPLEX,0725,614,475,37.0041531931556,-118.26327711298843,0.8925447463989258
CINDER_COMPLEX,0725,586,458,37.011706383187665,-118.26902164223642,0.9923950433731079
CINDER_COMPLEX,0725,544,438,37.02303616823576,-118.27577991193995,0.8972915410995483
CINDER_COMPLEX,0725,547,546,37.022226897875186,-118.23928525554092,0.9352778196334839
CINDER_COMPLEX,0725,595,549,37.009278572105934,-118.2382715150854,0.928573727607727
CINDER_COMPLEX,0725,595,469,37.009278572105934,-118.26530459389949,0.9965105652809143
CINDER_COMPLEX,0725,466,462,37.044077197610804,-118.26766998829572,0.7793474793434143
CINDER_COMPLEX,0725,514,538,37.031128871841545,-118.24198856342234,0.8285667896270752
CINDER_COMPLEX,0725,515,481,37.03085911505469,-118.26124963207738,0.9590359330177307
CINDER_COMPLEX,0725,569,467,37.01629224856428,-118.26598042086984,0.9843235611915588
CINDER_COMPLEX,0725,566,552,37.017101518924854,-118.23725777462987,0.947777271270752
CINDER_COMPLEX,0725,468,521,37.043537684037084,-118.24773309267033,0.9231200218200684
CINDER_COMPLEX,0725,535,467,37.0254639793175,-118.26598042086984,0.9762442708015442
CINDER_COMPLEX,0725,540,478,37.0241151953832,-118.2622633725329,0.9743975400924683
CINDER_COMPLEX,0725,603,547,37.00712051781105,-118.23894734205575,0.8627620339393616
CINDER_COMPLEX,0725,488,467,37.038142548299895,-118.26598042086984,0.9364896416664124
CINDER_COMPLEX,0725,515,485,37.03085911505469,-118.25989797813666,0.9549764394760132
CINDER_COMPLEX,0725,485,531,37.03895181866047,-118.24435395781856,0.733676552772522
CINDER_COMPLEX,0725,570,536,37.01602249177742,-118.24266439039269,0.9034222960472107
CINDER_COMPLEX,0725,551,456,37.021147870727745,-118.26969746920678,0.9621173739433289
CINDER_COMPLEX,0725,598,468,37.00846930174535,-118.26564250738467,0.996999204158783
CINDER_COMPLEX,0725,572,492,37.0154829782037,-118.25753258374044,0.8307355642318726
CINDER_COMPLEX,0725,484,526,37.039221575447336,-118.24604352524445,0.9001535773277283
CINDER_COMPLEX,0725,592,464,37.01008784246651,-118.26699416132537,0.9961978793144226
CINDER_COMPLEX,0725,572,538,37.0154829782037,-118.24198856342234,0.9330720901489258
CINDER_COMPLEX,0725,513,480,37.03139862862841,-118.26158754556255,0.9703090190887451
CINDER_COMPLEX,0725,531,555,37.02654300646494,-118.23624403417433,0.9341447949409485
CINDER_COMPLEX,0725,607,478,37.00604149066362,-118.2622633725329,0.9017053842544556
CINDER_COMPLEX,0725,512,486,37.031668385415266,-118.2595600646515,0.974934995174408
CINDER_COMPLEX,0725,607,464,37.00604149066362,-118.26699416132537,0.9956640601158142
CINDER_COMPLEX,0725,472,537,37.04245865688965,-118.24232647690751,0.9268580675125122
CINDER_COMPLEX,0725,595,453,37.009278572105934,-118.27071120966231,0.9936020374298096
CINDER_COMPLEX,0725,581,525,37.01305516712196,-118.24638143872963,0.8187735080718994
CINDER_COMPLEX,0725,468,527,37.043537684037084,-118.24570561175928,0.8852242231369019
CINDER_COMPLEX,0725,518,486,37.03004984469411,-118.2595600646515,0.9723466634750366
CINDER_COMPLEX,0725,518,531,37.03004984469411,-118.24435395781856,0.9538914561271667
CINDER_COMPLEX,0725,508,530,37.032747412562706,-118.24469187130374,0.8900435566902161
CINDER_COMPLEX,0725,547,488,37.022226897875186,-118.25888423768114,0.9721837043762207
CINDER_COMPLEX,0725,586,441,37.011706383187665,-118.27476617148442,0.9422621726989746
CINDER_COMPLEX,0725,535,478,37.0254639793175,-118.2622633725329,0.9732996225357056
CINDER_COMPLEX,0725,563,538,37.01791078928544,-118.24198856342234,0.9290062785148621
CINDER_COMPLEX,0725,482,468,37.03976108902105,-118.26564250738467,0.930232048034668
CINDER_COMPLEX,0725,498,542,37.0354449804313,-118.24063690948162,0.803423285484314
CINDER_COMPLEX,0725,543,463,37.023305925022626,-118.26733207481054,0.9791108965873718
CINDER_COMPLEX,0725,495,478,37.03625425079188,-118.2622633725329,0.9306381344795227
CINDER_COMPLEX,0725,589,541,37.01089711282709,-118.2409748229668,0.8855197429656982
CINDER_COMPLEX,0725,560,437,37.018720059646014,-118.27611782542512,0.9188331961631775
CINDER_COMPLEX,0725,520,444,37.02951033112039,-118.2737524310289,0.9035928845405579
CINDER_COMPLEX,0725,510,455,37.032207898988986,-118.27003538269196,0.9756632447242737
CINDER_COMPLEX,0725,498,533,37.0354449804313,-118.24367813084821,0.8199924826622009
CINDER_COMPLEX,0725,503,476,37.034096196497,-118.26293919950325,0.9688568711280823
CINDER_COMPLEX,0725,530,551,37.0268127632518,-118.23759568811505,0.8672465085983276
CINDER_COMPLEX,0725,579,545,37.01359468069568,-118.2396231690261,0.9617541432380676
CINDER_COMPLEX,0725,474,536,37.04191914331593,-118.24266439039269,0.861879825592041
CINDER_COMPLEX,0725,490,544,37.037603034726175,-118.23996108251127,0.5794349312782288
CINDER_COMPLEX,0725,446,519,37.04947233334799,-118.24840891964068,0.7626009583473206
CINDER_COMPLEX,0725,417,522,37.05729528016692,-118.24739517918515,0.8254390954971313
CINDER_COMPLEX,0725,469,532,37.04326792725023,-118.24401604433339,0.9572308659553528
CINDER_COMPLEX,0725,502,461,37.03436595328386,-118.26800790178089,0.9730919003486633
CINDER_COMPLEX,0725,561,533,37.01845030285915,-118.24367813084821,0.9094129204750061
CINDER_COMPLEX,0725,580,536,37.013324923908826,-118.24266439039269,0.8341386914253235
CINDER_COMPLEX,0725,488,535,37.038142548299895,-118.24300230387786,0.780390202999115
CINDER_COMPLEX,0725,501,446,37.034635710070724,-118.27307660405853,0.9724339842796326
CINDER_COMPLEX,0725,552,449,37.02087811394089,-118.27206286360301,0.9438533186912537
CINDER_COMPLEX,0725,516,490,37.03058935826783,-118.2582084107108,0.9708742499351501
CINDER_COMPLEX,0725,572,569,37.0154829782037,-118.23151324538188,0.8744540810585022
CINDER_COMPLEX,0725,587,485,37.01143662640081,-118.25989797813666,0.5549407601356506
CINDER_COMPLEX,0725,582,532,37.012785410335105,-118.24401604433339,0.8872743248939514
CINDER_COMPLEX,0725,544,449,37.02303616823576,-118.27206286360301,0.9402095675468445
CINDER_COMPLEX,0725,589,471,37.01089711282709,-118.26462876692914,0.9949626922607422
CINDER_COMPLEX,0725,566,550,37.017101518924854,-118.23793360160022,0.9665628671646118
CINDER_COMPLEX,0725,591,483,37.01035759925337,-118.26057380510701,0.8503366112709045
CINDER_COMPLEX,0725,595,444,37.009278572105934,-118.2737524310289,0.9787867665290833
CINDER_COMPLEX,0725,501,521,37.034635710070724,-118.24773309267033,0.9302860498428345
CINDER_COMPLEX,0725,522,447,37.02897081754667,-118.27273869057336,0.9170253276824951
CINDER_COMPLEX,0725,559,541,37.01898981643287,-118.2409748229668,0.9369327425956726
CINDER_COMPLEX,0725,431,520,37.053518685150884,-118.2480710061555,0.5385816693305969
CINDER_COMPLEX,0725,510,456,37.032207898988986,-118.26969746920678,0.9758704304695129
CINDER_COMPLEX,0725,514,448,37.031128871841545,-118.27240077708818,0.9570989012718201
CINDER_COMPLEX,0725,569,468,37.01629224856428,-118.26564250738467,0.9859626293182373
CINDER_COMPLEX,0725,610,480,37.00523222030304,-118.26158754556255,0.7365173697471619
CINDER_COMPLEX,0725,585,440,37.01197613997453,-118.2751040849696,0.9380840063095093
CINDER_COMPLEX,0725,564,510,37.017641032498574,-118.25145014100727,0.8682858347892761
CINDER_COMPLEX,0725,609,464,37.0055019770899,-118.26699416132537,0.9951579570770264
CINDER_COMPLEX,0725,471,462,37.04272841367651,-118.26766998829572,0.8758399486541748
CINDER_COMPLEX,0725,593,482,37.00981808567965,-118.2609117185922,0.8766090273857117
CINDER_COMPLEX,0725,468,520,37.043537684037084,-118.2480710061555,0.9100862145423889
CINDER_COMPLEX,0725,556,555,37.01979908679345,-118.23624403417433,0.9550322890281677
CINDER_COMPLEX,0725,600,463,37.00792978817164,-118.26733207481054,0.9968069791793823
CINDER_COMPLEX,0725,534,464,37.02573373610436,-118.26699416132537,0.9745371341705322
CINDER_COMPLEX,0725,591,463,37.01035759925337,-118.26733207481054,0.9952781796455383
CINDER_COMPLEX,0725,451,535,37.048123549413695,-118.24300230387786,0.8178825378417969
CINDER_COMPLEX,0725,574,490,37.01494346462998,-118.2582084107108,0.8356465101242065
CINDER_COMPLEX,0725,514,485,37.031128871841545,-118.25989797813666,0.96021568775177
CINDER_COMPLEX,0725,502,467,37.03436595328386,-118.26598042086984,0.9727655053138733
CINDER_COMPLEX,0725,492,485,37.037063521152454,-118.25989797813666,0.7280681729316711
CINDER_COMPLEX,0725,583,435,37.01251565354824,-118.27679365239547,0.8772497177124023
CINDER_COMPLEX,0725,601,465,37.00766003138477,-118.26665624784019,0.99676114320755
CINDER_COMPLEX,0725,459,539,37.04596549511882,-118.24165064993716,0.8838636875152588
CINDER_COMPLEX,0725,577,470,37.0141341942694,-118.2649666804143,0.9901512265205383
CINDER_COMPLEX,0725,556,570,37.01979908679345,-118.2311753318967,0.5756129026412964
CINDER_COMPLEX,0725,580,473,37.013324923908826,-118.26395293995878,0.9902532696723938
CINDER_COMPLEX,0725,484,449,37.039221575447336,-118.27206286360301,0.972947359085083
CINDER_COMPLEX,0725,492,492,37.037063521152454,-118.25753258374044,0.764046311378479
CINDER_COMPLEX,0725,496,477,37.03598449400502,-118.26260128601808,0.9497084021568298
CINDER_COMPLEX,0725,611,464,37.00496246351618,-118.26699416132537,0.9908960461616516
CINDER_COMPLEX,0725,581,433,37.01305516712196,-118.27746947936583,0.8384385108947754
CINDER_COMPLEX,0725,545,488,37.022766411448906,-118.25888423768114,0.9712901711463928
CINDER_COMPLEX,0725,581,460,37.01305516712196,-118.26834581526607,0.992793619632721
CINDER_COMPLEX,0725,613,468,37.00442294994246,-118.26564250738467,0.9754143953323364
CINDER_COMPLEX,0725,577,473,37.0141341942694,-118.26395293995878,0.9898509383201599
CINDER_COMPLEX,0725,509,525,37.03247765577585,-118.24638143872963,0.9557167291641235
CINDER_COMPLEX,0725,478,538,37.04084011616849,-118.24198856342234,0.828524112701416
CINDER_COMPLEX,0725,551,562,37.021147870727745,-118.23387863977811,0.839849054813385
CINDER_COMPLEX,0725,479,467,37.04057035938163,-118.26598042086984,0.912647008895874
CINDER_COMPLEX,0725,553,442,37.02060835715403,-118.27442825799925,0.936771035194397
CINDER_COMPLEX,0725,500,443,37.03490546685758,-118.27409034451406,0.971560001373291
CINDER_COMPLEX,0725,558,489,37.019259573219735,-118.25854632419596,0.961849570274353
CINDER_COMPLEX,0725,496,478,37.03598449400502,-118.2622633725329,0.9564874172210693
CINDER_COMPLEX,0725,574,560,37.01494346462998,-118.23455446674846,0.9485163688659668
CINDER_COMPLEX,0725,571,451,37.015752734990556,-118.27138703663266,0.9698516130447388
CINDER_COMPLEX,0725,508,448,37.032747412562706,-118.27240077708818,0.9696025848388672
CINDER_COMPLEX,0725,564,574,37.017641032498574,-118.22982367795599,0.6392030715942383
CINDER_COMPLEX,0725,544,450,37.02303616823576,-118.27172495011783,0.9441013932228088
CINDER_COMPLEX,0725,448,538,37.04893281977427,-118.24198856342234,0.8438472747802734
CINDER_COMPLEX,0725,478,529,37.04084011616849,-118.24502978478893,0.9444904327392578
CINDER_COMPLEX,0725,481,527,37.04003084580791,-118.24570561175928,0.8774718642234802
CINDER_COMPLEX,0725,565,468,37.01737127571172,-118.26564250738467,0.9842002391815186
CINDER_COMPLEX,0725,554,552,37.02033860036717,-118.23725777462987,0.9482173323631287
CINDER_COMPLEX,0725,438,526,37.05163038764287,-118.24604352524445,0.8603132367134094
CINDER_COMPLEX,0725,564,549,37.017641032498574,-118.2382715150854,0.9563148617744446
CINDER_COMPLEX,0725,557,560,37.01952933000659,-118.23455446674846,0.8926732540130615
CINDER_COMPLEX,0725,439,522,37.05136063085601,-118.24739517918515,0.8329455256462097
CINDER_COMPLEX,0725,441,531,37.05082111728229,-118.24435395781856,0.9394795894622803
CINDER_COMPLEX,0725,511,518,37.03193814220213,-118.24874683312585,0.9850155115127563
CINDER_COMPLEX,0725,510,528,37.032207898988986,-118.2453676982741,0.9537330865859985
CINDER_COMPLEX,0725,521,546,37.029240574333535,-118.23928525554092,0.8348294496536255
CINDER_COMPLEX,0725,552,561,37.02087811394089,-118.23421655326328,0.8726284503936768
CINDER_COMPLEX,0725,513,517,37.03139862862841,-118.24908474661103,0.9871808290481567
CINDER_COMPLEX,0725,469,468,37.04326792725023,-118.26564250738467,0.5508543252944946
CINDER_COMPLEX,0725,526,528,37.02789179039924,-118.2453676982741,0.7541345953941345
CINDER_COMPLEX,0725,546,542,37.02249665466205,-118.24063690948162,0.9091506600379944
CINDER_COMPLEX,0725,575,435,37.01467370784312,-118.27679365239547,0.8390743136405945
CINDER_COMPLEX,0725,577,552,37.0141341942694,-118.23725777462987,0.8963327407836914
CINDER_COMPLEX,0725,548,471,37.02195714108833,-118.26462876692914,0.9744227528572083
CINDER_COMPLEX,0725,496,454,37.03598449400502,-118.27037329617713,0.9729501605033875
CINDER_COMPLEX,0725,540,558,37.0241151953832,-118.23523029371881,0.9240264296531677
CINDER_COMPLEX,0725,504,483,37.03382643971015,-118.26057380510701,0.9699816107749939
CINDER_COMPLEX,0725,562,480,37.018180546072294,-118.26158754556255,0.9839475154876709
CINDER_COMPLEX,0725,474,468,37.04191914331593,-118.26564250738467,0.8272854685783386
CINDER_COMPLEX,0725,559,490,37.01898981643287,-118.2582084107108,0.9683840274810791
CINDER_COMPLEX,0725,579,443,37.01359468069568,-118.27409034451406,0.9456698298454285
CINDER_COMPLEX,0725,560,459,37.018720059646014,-118.26868372875124,0.9746606945991516
CINDER_COMPLEX,0725,519,485,37.02978008790725,-118.25989797813666,0.9711011052131653
CINDER_COMPLEX,0725,529,451,37.027082520038654,-118.27138703663266,0.9230585694313049
CINDER_COMPLEX,0725,602,547,37.00739027459792,-118.23894734205575,0.8250113725662231
CINDER_COMPLEX,0725,479,457,37.04057035938163,-118.2693595557216,0.9726760983467102
CINDER_COMPLEX,0725,521,484,37.029240574333535,-118.26023589162185,0.9723466634750366
CINDER_COMPLEX,0725,546,458,37.02249665466205,-118.26902164223642,0.9675533771514893
CINDER_COMPLEX,0725,580,436,37.013324923908826,-118.2764557389103,0.8725868463516235
CINDER_COMPLEX,0725,598,558,37.00846930174535,-118.23523029371881,0.6380276679992676
CINDER_COMPLEX,0725,562,453,37.018180546072294,-118.27071120966231,0.9605198502540588
CINDER_COMPLEX,0725,602,474,37.00739027459792,-118.2636150264736,0.9833453297615051
CINDER_COMPLEX,0725,517,456,37.03031960148097,-118.26969746920678,0.970741331577301
CINDER_COMPLEX,0725,455,537,37.047044522266255,-118.24232647690751,0.8027468323707581
CINDER_COMPLEX,0725,462,459,37.045156224758244,-118.26868372875124,0.8097688555717468
CINDER_COMPLEX,0725,555,566,37.02006884358031,-118.2325269858374,0.7765317559242249
CINDER_COMPLEX,0725,568,472,37.01656200535114,-118.26429085344395,0.9816649556159973
CINDER_COMPLEX,0725,589,544,37.01089711282709,-118.23996108251127,0.8876125812530518
CINDER_COMPLEX,0725,543,549,37.023305925022626,-118.2382715150854,0.9179485440254211
CINDER_COMPLEX,0725,585,510,37.01197613997453,-118.25145014100727,0.577872633934021
CINDER_COMPLEX,0725,546,471,37.02249665466205,-118.26462876692914,0.9748921990394592
CINDER_COMPLEX,0725,459,453,37.04596549511882,-118.27071120966231,0.9306471347808838
CINDER_COMPLEX,0725,542,462,37.02357568180948,-118.26766998829572,0.9772831201553345
CINDER_COMPLEX,0725,502,539,37.03436595328386,-118.24165064993716,0.7851539254188538
CINDER_COMPLEX,0725,495,495,37.03625425079188,-118.25651884328491,0.9395976066589355
CINDER_COMPLEX,0725,558,560,37.019259573219735,-118.23455446674846,0.937059223651886
CINDER_COMPLEX,0725,565,442,37.01737127571172,-118.27442825799925,0.940553605556488
CINDER_COMPLEX,0725,599,549,37.008199544958494,-118.2382715150854,0.7806105613708496
CINDER_COMPLEX,0725,495,451,37.03625425079188,-118.27138703663266,0.9731630682945251
CINDER_COMPLEX,0725,526,465,37.02789179039924,-118.26665624784019,0.9737643599510193
CINDER_COMPLEX,0725,611,480,37.00496246351618,-118.26158754556255,0.5996557474136353
CINDER_COMPLEX,0725,570,558,37.01602249177742,-118.23523029371881,0.8783939480781555
CINDER_COMPLEX,0725,437,460,37.05190014442973,-118.26834581526607,0.6063288450241089
CINDER_COMPLEX,0725,612,480,37.00469270672932,-118.26158754556255,0.5230180621147156
CINDER_COMPLEX,0725,578,458,37.013864437482546,-118.26902164223642,0.9896928071975708
CINDER_COMPLEX,0725,564,535,37.017641032498574,-118.24300230387786,0.9209098815917969
CINDER_COMPLEX,0725,563,526,37.01791078928544,-118.24604352524445,0.7286980748176575
CINDER_COMPLEX,0725,541,455,37.02384543859635,-118.27003538269196,0.9627344608306885
CINDER_COMPLEX,0725,559,481,37.01898981643287,-118.26124963207738,0.9829162359237671
CINDER_COMPLEX,0725,565,563,37.01737127571172,-118.23354072629293,0.8804728984832764
CINDER_COMPLEX,0725,493,463,37.0367937643656,-118.26733207481054,0.9610090255737305
CINDER_COMPLEX,0725,517,477,37.03031960148097,-118.26260128601808,0.9722150564193726
CINDER_COMPLEX,0725,560,435,37.018720059646014,-118.27679365239547,0.9038788676261902
CINDER_COMPLEX,0725,441,524,37.05082111728229,-118.2467193522148,0.906807005405426
CINDER_COMPLEX,0725,506,478,37.03328692613643,-118.2622633725329,0.9701173901557922
CINDER_COMPLEX,0725,484,450,37.039221575447336,-118.27172495011783,0.9722774624824524
CINDER_COMPLEX,0725,537,488,37.02492446574378,-118.25888423768114,0.9725391268730164
CINDER_COMPLEX,0725,563,458,37.01791078928544,-118.26902164223642,0.9755747318267822
CINDER_COMPLEX,0725,592,554,37.01008784246651,-118.23658194765952,0.5631256699562073
CINDER_COMPLEX,0725,571,469,37.015752734990556,-118.26530459389949,0.9821071028709412
CINDER_COMPLEX,0725,583,447,37.01251565354824,-118.27273869057336,0.9752653241157532
CINDER_COMPLEX,0725,500,486,37.03490546685758,-118.2595600646515,0.969296395778656
CINDER_COMPLEX,0725,466,531,37.044077197610804,-118.24435395781856,0.9259383082389832
CINDER_COMPLEX,0725,564,568,37.017641032498574,-118.23185115886704,0.6340994834899902
CINDER_COMPLEX,0725,528,556,37.02735227682552,-118.23590612068917,0.6197076439857483
CINDER_COMPLEX,0725,573,493,37.01521322141684,-118.25719467025526,0.6700271964073181
CINDER_COMPLEX,0725,550,469,37.02141762751461,-118.26530459389949,0.9737194180488586
CINDER_COMPLEX,0725,593,472,37.00981808567965,-118.26429085344395,0.9952545166015625
CINDER_COMPLEX,0725,515,532,37.03085911505469,-118.24401604433339,0.9506573677062988
CINDER_COMPLEX,0725,538,555,37.02465470895692,-118.23624403417433,0.9329071044921875
CINDER_COMPLEX,0725,562,528,37.018180546072294,-118.2453676982741,0.8115247488021851
CINDER_COMPLEX,0725,545,458,37.022766411448906,-118.26902164223642,0.9690226912498474
CINDER_COMPLEX,0725,539,482,37.02438495217006,-118.2609117185922,0.9729166030883789
CINDER_COMPLEX,0725,585,487,37.01197613997453,-118.25922215116631,0.7593837976455688
CINDER_COMPLEX,0725,442,531,37.05055136049543,-118.24435395781856,0.9398505687713623
CINDER_COMPLEX,0725,539,440,37.02438495217006,-118.2751040849696,0.88443523645401
CINDER_COMPLEX,0725,502,472,37.03436595328386,-118.26429085344395,0.9677020907402039
CINDER_COMPLEX,0725,539,450,37.02438495217006,-118.27172495011783,0.9372408986091614
CINDER_COMPLEX,0725,525,444,37.028161547186095,-118.2737524310289,0.8757221698760986
CINDER_COMPLEX,0725,416,521,37.057565036953775,-118.24773309267033,0.7285350561141968
CINDER_COMPLEX,0725,515,551,37.03085911505469,-118.23759568811505,0.7010220289230347
CINDER_COMPLEX,0725,536,448,37.025194222530644,-118.27240077708818,0.9053968787193298
CINDER_COMPLEX,0725,604,478,37.0068507610242,-118.2622633725329,0.8945299983024597
CINDER_COMPLEX,0725,454,535,37.04731427905312,-118.24300230387786,0.6601471304893494
CINDER_COMPLEX,0725,553,456,37.02060835715403,-118.26969746920678,0.964807391166687
CINDER_COMPLEX,0725,544,459,37.02303616823576,-118.26868372875124,0.9707371592521667
CINDER_COMPLEX,0725,591,545,37.01035759925337,-118.2396231690261,0.8486611843109131
CINDER_COMPLEX,0725,516,468,37.03058935826783,-118.26564250738467,0.9724249839782715
CINDER_COMPLEX,0725,456,527,37.0467747654794,-118.24570561175928,0.911764919757843
CINDER_COMPLEX,0725,487,472,37.03841230508675,-118.26429085344395,0.8128032088279724
CINDER_COMPLEX,0725,503,463,37.034096196497,-118.26733207481054,0.973209798336029
CINDER_COMPLEX,0725,536,557,37.025194222530644,-118.23556820720398,0.9265511631965637
CINDER_COMPLEX,0725,544,542,37.02303616823576,-118.24063690948162,0.9004002213478088
CINDER_COMPLEX,0725,562,562,37.018180546072294,-118.23387863977811,0.8642631769180298
CINDER_COMPLEX,0725,582,539,37.012785410335105,-118.24165064993716,0.9571611881256104
CINDER_COMPLEX,0725,513,442,37.03139862862841,-118.27442825799925,0.9380823373794556
CINDER_COMPLEX,0725,574,449,37.01494346462998,-118.27206286360301,0.975652277469635
CINDER_COMPLEX,0725,582,444,37.012785410335105,-118.2737524310289,0.9527877569198608
CINDER_COMPLEX,0725,483,475,37.03949133223419,-118.26327711298843,0.5005325078964233
CINDER_COMPLEX,0725,576,487,37.01440395105626,-118.25922215116631,0.8620777726173401
CINDER_COMPLEX,0725,535,470,37.0254639793175,-118.2649666804143,0.9748598337173462
CINDER_COMPLEX,0725,584,486,37.012245896761385,-118.2595600646515,0.7469139099121094
CINDER_COMPLEX,0725,543,556,37.023305925022626,-118.23590612068917,0.8851788640022278
CINDER_COMPLEX,0725,527,446,37.027622033612374,-118.27307660405853,0.8779172301292419
CINDER_COMPLEX,0725,589,553,37.01089711282709,-118.2369198611447,0.8711604475975037
CINDER_COMPLEX,0725,535,561,37.0254639793175,-118.23421655326328,0.6816633343696594
CINDER_COMPLEX,0725,559,484,37.01898981643287,-118.26023589162185,0.979763388633728
CINDER_COMPLEX,0725,504,454,37.03382643971015,-118.27037329617713,0.9750884175300598
CINDER_COMPLEX,0725,562,560,37.018180546072294,-118.23455446674846,0.8536273241043091
CINDER_COMPLEX,0725,603,464,37.00712051781105,-118.26699416132537,0.9956660270690918
CINDER_COMPLEX,0725,534,486,37.02573373610436,-118.2595600646515,0.9727159142494202
CINDER_COMPLEX,0725,557,554,37.01952933000659,-118.23658194765952,0.9681872725486755
CINDER_COMPLEX,0725,547,463,37.022226897875186,-118.26733207481054,0.9736689925193787
CINDER_COMPLEX,0725,556,550,37.01979908679345,-118.23793360160022,0.9603685736656189
CINDER_COMPLEX,0725,439,533,37.05136063085601,-118.24367813084821,0.9192748665809631
CINDER_COMPLEX,0725,561,555,37.01845030285915,-118.23624403417433,0.910617470741272
CINDER_COMPLEX,0725,581,521,37.01305516712196,-118.24773309267033,0.6312716007232666
CINDER_COMPLEX,0725,437,532,37.05190014442973,-118.24401604433339,0.9184433817863464
CINDER_COMPLEX,0725,600,447,37.00792978817164,-118.27273869057336,0.9894426465034485
CINDER_COMPLEX,0725,572,472,37.0154829782037,-118.26429085344395,0.9858213663101196
CINDER_COMPLEX,0725,590,437,37.01062735604023,-118.27611782542512,0.935545802116394
CINDER_COMPLEX,0725,584,477,37.012245896761385,-118.26260128601808,0.9857872128486633
CINDER_COMPLEX,0725,573,527,37.01521322141684,-118.24570561175928,0.8083833456039429
CINDER_COMPLEX,0725,609,458,37.0055019770899,-118.26902164223642,0.9954739212989807
CINDER_COMPLEX,0725,556,469,37.01979908679345,-118.26530459389949,0.9781904220581055
CINDER_COMPLEX,0725,480,544,37.04030060259477,-118.23996108251127,0.5444401502609253
CINDER_COMPLEX,0725,542,485,37.02357568180948,-118.25989797813666,0.9705098271369934
CINDER_COMPLEX,0725,500,453,37.03490546685758,-118.27071120966231,0.9741697311401367
CINDER_COMPLEX,0725,603,479,37.00712051781105,-118.26192545904773,0.8254389762878418
CINDER_COMPLEX,0725,581,435,37.01305516712196,-118.27679365239547,0.8661687970161438
CINDER_COMPLEX,0725,459,529,37.04596549511882,-118.24502978478893,0.9288913011550903
CINDER_COMPLEX,0725,517,545,37.03031960148097,-118.2396231690261,0.9099180698394775
CINDER_COMPLEX,0725,489,533,37.03787279151304,-118.24367813084821,0.8841132521629333
CINDER_COMPLEX,0725,531,556,37.02654300646494,-118.23590612068917,0.9487014412879944
CINDER_COMPLEX,0725,606,469,37.006311247450476,-118.26530459389949,0.9919966459274292
CINDER_COMPLEX,0725,488,452,37.038142548299895,-118.27104912314748,0.9732906818389893
CINDER_COMPLEX,0725,532,491,37.02627324967808,-118.25787049722561,0.972126305103302
CINDER_COMPLEX,0725,526,535,37.02789179039924,-118.24300230387786,0.8421689867973328
CINDER_COMPLEX,0725,574,522,37.01494346462998,-118.24739517918515,0.7291545867919922
CINDER_COMPLEX,0725,537,491,37.02492446574378,-118.25787049722561,0.9731153249740601
CINDER_COMPLEX,0725,459,460,37.04596549511882,-118.26834581526607,0.6270704865455627
CINDER_COMPLEX,0725,541,480,37.02384543859635,-118.26158754556255,0.9712875485420227
CINDER_COMPLEX,0725,585,555,37.01197613997453,-118.23624403417433,0.7809383869171143
CINDER_COMPLEX,0725,466,520,37.044077197610804,-118.2480710061555,0.8920767307281494
CINDER_COMPLEX,0725,531,487,37.02654300646494,-118.25922215116631,0.9725978374481201
CINDER_COMPLEX,0725,538,448,37.02465470895692,-118.27240077708818,0.9143421649932861
CINDER_COMPLEX,0725,580,435,37.013324923908826,-118.27679365239547,0.8577529191970825
CINDER_COMPLEX,0725,567,448,37.016831762138,-118.27240077708818,0.9638975262641907
CINDER_COMPLEX,0725,526,548,37.02789179039924,-118.23860942857057,0.6559031009674072
CINDER_COMPLEX,0725,554,452,37.02033860036717,-118.27104912314748,0.9506533145904541
CINDER_COMPLEX,0725,578,476,37.013864437482546,-118.26293919950325,0.9920337796211243
CINDER_COMPLEX,0725,586,442,37.011706383187665,-118.27442825799925,0.9451042413711548
CINDER_COMPLEX,0725,507,547,37.03301716934956,-118.23894734205575,0.8463022708892822
CINDER_COMPLEX,0725,536,486,37.025194222530644,-118.2595600646515,0.9744352102279663
CINDER_COMPLEX,0725,568,567,37.01656200535114,-118.23218907235223,0.6833720803260803
CINDER_COMPLEX,0725,538,446,37.02465470895692,-118.27307660405853,0.8965097069740295
CINDER_COMPLEX,0725,540,452,37.0241151953832,-118.27104912314748,0.942827045917511
CINDER_COMPLEX,0725,567,545,37.016831762138,-118.2396231690261,0.9678603410720825
CINDER_COMPLEX,0725,537,551,37.02492446574378,-118.23759568811505,0.9042283892631531
CINDER_COMPLEX,0725,517,480,37.03031960148097,-118.26158754556255,0.9723044633865356
CINDER_COMPLEX,0725,518,448,37.03004984469411,-118.27240077708818,0.9414530396461487
CINDER_COMPLEX,0725,598,461,37.00846930174535,-118.26800790178089,0.9964161515235901
CINDER_COMPLEX,0725,563,574,37.01791078928544,-118.22982367795599,0.5188930630683899
CINDER_COMPLEX,0725,464,526,37.044616711184524,-118.24604352524445,0.9332785606384277
CINDER_COMPLEX,0725,564,563,37.017641032498574,-118.23354072629293,0.871877908706665
CINDER_COMPLEX,0725,492,499,37.037063521152454,-118.2551671893442,0.8527796864509583
CINDER_COMPLEX,0725,587,479,37.01143662640081,-118.26192545904773,0.9751747250556946
CINDER_COMPLEX,0725,475,545,37.041649386529066,-118.2396231690261,0.5943369269371033
CINDER_COMPLEX,0725,512,485,37.031668385415266,-118.25989797813666,0.9717251062393188
CINDER_COMPLEX,0725,511,524,37.03193814220213,-118.2467193522148,0.9613078236579895
CINDER_COMPLEX,0725,607,471,37.00604149066362,-118.26462876692914,0.9911105632781982
CINDER_COMPLEX,0725,607,476,37.00604149066362,-118.26293919950325,0.9534558653831482
CINDER_COMPLEX,0725,519,534,37.02978008790725,-118.24334021736304,0.9663823843002319
CINDER_COMPLEX,0725,585,476,37.01197613997453,-118.26293919950325,0.9898183345794678
CINDER_COMPLEX,0725,510,473,37.032207898988986,-118.26395293995878,0.9310400485992432
CINDER_COMPLEX,0725,589,458,37.01089711282709,-118.26902164223642,0.9926112294197083
CINDER_COMPLEX,0725,570,456,37.01602249177742,-118.26969746920678,0.9792606234550476
CINDER_COMPLEX,0725,603,473,37.00712051781105,-118.26395293995878,0.9847165942192078
CINDER_COMPLEX,0725,562,464,37.018180546072294,-118.26699416132537,0.9820438623428345
CINDER_COMPLEX,0725,449,523,37.048663062987416,-118.24705726569998,0.9082463383674622
CINDER_COMPLEX,0725,493,469,37.0367937643656,-118.26530459389949,0.9576612114906311
CINDER_COMPLEX,0725,457,516,37.04650500869254,-118.24942266009622,0.8228769302368164
CINDER_COMPLEX,0725,561,485,37.01845030285915,-118.25989797813666,0.9716542959213257
CINDER_COMPLEX,0725,491,454,37.03733327793932,-118.27037329617713,0.972723126411438
CINDER_COMPLEX,0725,537,463,37.02492446574378,-118.26733207481054,0.9756953120231628
CINDER_COMPLEX,0725,577,571,37.0141341942694,-118.23083741841153,0.8628016710281372
CINDER_COMPLEX,0725,489,493,37.03787279151304,-118.25719467025526,0.6946329474449158
CINDER_COMPLEX,0725,586,467,37.011706383187665,-118.26598042086984,0.9953887462615967
CINDER_COMPLEX,0725,537,480,37.02492446574378,-118.26158754556255,0.9720742106437683
CINDER_COMPLEX,0725,580,549,37.013324923908826,-118.2382715150854,0.9471044540405273
CINDER_COMPLEX,0725,505,445,37.03355668292328,-118.27341451754371,0.9701254963874817
CINDER_COMPLEX,0725,455,515,37.047044522266255,-118.24976057358138,0.667018711566925
CINDER_COMPLEX,0725,548,481,37.02195714108833,-118.26124963207738,0.9711436629295349
CINDER_COMPLEX,0725,538,491,37.02465470895692,-118.25787049722561,0.9697991013526917
CINDER_COMPLEX,0725,468,468,37.043537684037084,-118.26564250738467,0.53929203748703
CINDER_COMPLEX,0725,532,441,37.02627324967808,-118.27476617148442,0.8799450397491455
CINDER_COMPLEX,0725,565,525,37.01737127571172,-118.24638143872963,0.8985960483551025
CINDER_COMPLEX,0725,510,462,37.032207898988986,-118.26766998829572,0.9745966792106628
CINDER_COMPLEX,0725,576,452,37.01440395105626,-118.27104912314748,0.9822115898132324
CINDER_COMPLEX,0725,566,575,37.017101518924854,-118.22948576447082,0.6986772418022156
CINDER_COMPLEX,0725,452,455,37.04785379262684,-118.27003538269196,0.798772931098938
CINDER_COMPLEX,0725,498,472,37.0354449804313,-118.26429085344395,0.9606632590293884
CINDER_COMPLEX,0725,562,491,37.018180546072294,-118.25787049722561,0.9604581594467163
CINDER_COMPLEX,0725,581,513,37.01305516712196,-118.25043640055173,0.5830825567245483
CINDER_COMPLEX,0725,533,546,37.02600349289122,-118.23928525554092,0.9120860695838928
CINDER_COMPLEX,0725,532,472,37.02627324967808,-118.26429085344395,0.973222017288208
CINDER_COMPLEX,0725,473,456,37.042188900102786,-118.26969746920678,0.9687929749488831
CINDER_COMPLEX,0725,477,533,37.041109872955346,-118.24367813084821,0.9706985354423523
CINDER_COMPLEX,0725,472,457,37.04245865688965,-118.2693595557216,0.9619420170783997
CINDER_COMPLEX,0725,578,462,37.013864437482546,-118.26766998829572,0.9923648238182068
CINDER_COMPLEX,0725,547,459,37.022226897875186,-118.26868372875124,0.9701034426689148
CINDER_COMPLEX,0725,584,457,37.012245896761385,-118.2693595557216,0.9909854531288147
CINDER_COMPLEX,0725,498,450,37.0354449804313,-118.27172495011783,0.9736531972885132
CINDER_COMPLEX,0725,552,486,37.02087811394089,-118.2595600646515,0.975385844707489
CINDER_COMPLEX,0725,432,526,37.05324892836403,-118.24604352524445,0.8558322191238403
CINDER_COMPLEX,0725,578,558,37.013864437482546,-118.23523029371881,0.6904274225234985
CINDER_COMPLEX,0725,482,476,37.03976108902105,-118.26293919950325,0.5438600778579712
CINDER_COMPLEX,0725,561,542,37.01845030285915,-118.24063690948162,0.9427217245101929
CINDER_COMPLEX,0725,495,530,37.03625425079188,-118.24469187130374,0.8298776149749756
CINDER_COMPLEX,0725,475,523,37.041649386529066,-118.24705726569998,0.9311839938163757
CINDER_COMPLEX,0725,522,456,37.02897081754667,-118.26969746920678,0.965927004814148
CINDER_COMPLEX,0725,537,456,37.02492446574378,-118.26969746920678,0.9641332030296326
CINDER_COMPLEX,0725,578,555,37.013864437482546,-118.23624403417433,0.8802587985992432
CINDER_COMPLEX,0725,558,450,37.019259573219735,-118.27172495011783,0.9474025964736938
CINDER_COMPLEX,0725,570,462,37.01602249177742,-118.26766998829572,0.9831579327583313
CINDER_COMPLEX,0725,544,434,37.02303616823576,-118.27713156588065,0.8545299172401428
CINDER_COMPLEX,0725,469,449,37.04326792725023,-118.27206286360301,0.9656419157981873
CINDER_COMPLEX,0725,497,455,37.03571473721816,-118.27003538269196,0.9732405543327332
CINDER_COMPLEX,0725,540,552,37.0241151953832,-118.23725777462987,0.9114382863044739
CINDER_COMPLEX,0725,598,448,37.00846930174535,-118.27240077708818,0.9894207119941711
CINDER_COMPLEX,0725,531,468,37.02654300646494,-118.26564250738467,0.9736030697822571
CINDER_COMPLEX,0725,449,518,37.048663062987416,-118.24874683312585,0.7839065790176392
CINDER_COMPLEX,0725,489,468,37.03787279151304,-118.26564250738467,0.94712895154953
CINDER_COMPLEX,0725,565,538,37.01737127571172,-118.24198856342234,0.9673149585723877
CINDER_COMPLEX,0725,580,544,37.013324923908826,-118.23996108251127,0.9508805871009827
CINDER_COMPLEX,0725,502,540,37.03436595328386,-118.24131273645199,0.8964572548866272
CINDER_COMPLEX,0725,518,480,37.03004984469411,-118.26158754556255,0.9723466634750366
CINDER_COMPLEX,0725,431,521,37.053518685150884,-118.24773309267033,0.6435848474502563
CINDER_COMPLEX,0725,514,541,37.031128871841545,-118.2409748229668,0.8948913812637329
CINDER_COMPLEX,0725,488,492,37.038142548299895,-118.25753258374044,0.5960574746131897
CINDER_COMPLEX,0725,585,524,37.01197613997453,-118.2467193522148,0.7317776679992676
CINDER_COMPLEX,0725,596,458,37.00900881531907,-118.26902164223642,0.9961079955101013
CINDER_COMPLEX,0725,601,458,37.00766003138477,-118.26902164223642,0.9962974190711975
CINDER_COMPLEX,0725,592,549,37.01008784246651,-118.2382715150854,0.8548000454902649
CINDER_COMPLEX,0725,550,539,37.02141762751461,-118.24165064993716,0.7971990704536438
CINDER_COMPLEX,0725,442,526,37.05055136049543,-118.24604352524445,0.9238755702972412
CINDER_COMPLEX,0725,512,462,37.031668385415266,-118.26766998829572,0.974479615688324
CINDER_COMPLEX,0725,504,466,37.03382643971015,-118.26631833435502,0.9729377031326294
CINDER_COMPLEX,0725,573,459,37.01521322141684,-118.26868372875124,0.9884450435638428
CINDER_COMPLEX,0725,561,471,37.01845030285915,-118.26462876692914,0.9799676537513733
CINDER_COMPLEX,0725,508,449,37.032747412562706,-118.27206286360301,0.9703856110572815
CINDER_COMPLEX,0725,555,548,37.02006884358031,-118.23860942857057,0.9411184191703796
CINDER_COMPLEX,0725,565,510,37.01737127571172,-118.25145014100727,0.8959853053092957
CINDER_COMPLEX,0725,580,541,37.013324923908826,-118.2409748229668,0.9330126047134399
CINDER_COMPLEX,0725,496,526,37.03598449400502,-118.24604352524445,0.7338616251945496
CINDER_COMPLEX,0725,582,526,37.012785410335105,-118.24604352524445,0.6325867176055908
CINDER_COMPLEX,0725,511,548,37.03193814220213,-118.23860942857057,0.8633015155792236
CINDER_COMPLEX,0725,493,454,37.0367937643656,-118.27037329617713,0.9727924466133118
CINDER_COMPLEX,0725,574,571,37.01494346462998,-118.23083741841153,0.9262108206748962
CINDER_COMPLEX,0725,575,459,37.01467370784312,-118.26868372875124,0.9900966286659241
CINDER_COMPLEX,0725,573,468,37.01521322141684,-118.26564250738467,0.9902645349502563
CINDER_COMPLEX,0725,593,548,37.00981808567965,-118.23860942857057,0.8576837182044983
CINDER_COMPLEX,0725,578,563,37.013864437482546,-118.23354072629293,0.7093506455421448
CINDER_COMPLEX,0725,516,452,37.03058935826783,-118.27104912314748,0.9620729088783264
CINDER_COMPLEX,0725,460,518,37.04569573833196,-118.24874683312585,0.9109740853309631
CINDER_COMPLEX,0725,505,520,37.03355668292328,-118.2480710061555,0.9550490379333496
CINDER_COMPLEX,0725,436,522,37.05216990121659,-118.24739517918515,0.8660045266151428
CINDER_COMPLEX,0725,479,471,37.04057035938163,-118.26462876692914,0.7636889815330505
CINDER_COMPLEX,0725,526,448,37.02789179039924,-118.27240077708818,0.8984394669532776
CINDER_COMPLEX,0725,467,456,37.04380744082395,-118.26969746920678,0.945938766002655
CINDER_COMPLEX,0725,586,550,37.011706383187665,-118.23793360160022,0.9015653133392334
CINDER_COMPLEX,0725,505,538,37.03355668292328,-118.24198856342234,0.8131179213523865
CINDER_COMPLEX,0725,593,471,37.00981808567965,-118.26462876692914,0.9959399104118347
CINDER_COMPLEX,0725,577,478,37.0141341942694,-118.2622633725329,0.9847699403762817
CINDER_COMPLEX,0725,509,532,37.03247765577585,-118.24401604433339,0.9529591798782349
CINDER_COMPLEX,0725,496,457,37.03598449400502,-118.2693595557216,0.9721165299415588
CINDER_COMPLEX,0725,582,443,37.012785410335105,-118.27409034451406,0.9457653164863586
CINDER_COMPLEX,0725,574,561,37.01494346462998,-118.23421655326328,0.9298951029777527
CINDER_COMPLEX,0725,445,538,37.04974209013485,-118.24198856342234,0.6378787159919739
CINDER_COMPLEX,0725,566,447,37.017101518924854,-118.27273869057336,0.9600939750671387
CINDER_COMPLEX,0725,607,465,37.00604149066362,-118.26665624784019,0.995560884475708
CINDER_COMPLEX,0725,542,547,37.02357568180948,-118.23894734205575,0.9019798636436462
CINDER_COMPLEX,0725,549,464,37.021687384301465,-118.26699416132537,0.9752370119094849
CINDER_COMPLEX,0725,460,525,37.04569573833196,-118.24638143872963,0.9226813912391663
CINDER_COMPLEX,0725,601,462,37.00766003138477,-118.26766998829572,0.9968094825744629
CINDER_COMPLEX,0725,504,458,37.03382643971015,-118.26902164223642,0.9744877815246582
CINDER_COMPLEX,0725,553,464,37.02060835715403,-118.26699416132537,0.9780781865119934
CINDER_COMPLEX,0725,481,468,37.04003084580791,-118.26564250738467,0.927604079246521
CINDER_COMPLEX,0725,504,487,37.03382643971015,-118.25922215116631,0.9711780548095703
CINDER_COMPLEX,0725,451,520,37.048123549413695,-118.2480710061555,0.8370948433876038
CINDER_COMPLEX,0725,555,434,37.02006884358031,-118.27713156588065,0.8732848763465881
CINDER_COMPLEX,0725,503,494,37.034096196497,-118.25685675677008,0.9633374214172363
CINDER_COMPLEX,0725,464,452,37.044616711184524,-118.27104912314748,0.9538326263427734
CINDER_COMPLEX,0725,494,546,37.03652400757874,-118.23928525554092,0.5252885818481445
CINDER_COMPLEX,0725,592,443,37.01008784246651,-118.27409034451406,0.9652530550956726
CINDER_COMPLEX,0725,538,542,37.02465470895692,-118.24063690948162,0.9362776875495911
CINDER_COMPLEX,0725,523,483,37.028701060759815,-118.26057380510701,0.9722910523414612
CINDER_COMPLEX,0725,587,557,37.01143662640081,-118.23556820720398,0.6989034414291382
CINDER_COMPLEX,0725,509,548,37.03247765577585,-118.23860942857057,0.8456134796142578
CINDER_COMPLEX,0725,501,486,37.034635710070724,-118.2595600646515,0.9716644883155823
CINDER_COMPLEX,0725,558,443,37.019259573219735,-118.27409034451406,0.939903974533081
CINDER_COMPLEX,0725,514,443,37.031128871841545,-118.27409034451406,0.9367754459381104
CINDER_COMPLEX,0725,570,452,37.01602249177742,-118.27104912314748,0.9700934290885925
CINDER_COMPLEX,0725,543,542,37.023305925022626,-118.24063690948162,0.9071308970451355
CINDER_COMPLEX,0725,448,523,37.04893281977427,-118.24705726569998,0.8840948343276978
CINDER_COMPLEX,0725,568,454,37.01656200535114,-118.27037329617713,0.973260760307312
CINDER_COMPLEX,0725,494,535,37.03652400757874,-118.24300230387786,0.9031817317008972
CINDER_COMPLEX,0725,543,548,37.023305925022626,-118.23860942857057,0.9045252799987793
CINDER_COMPLEX,0725,513,486,37.03139862862841,-118.2595600646515,0.974014401435852
CINDER_COMPLEX,0725,501,466,37.034635710070724,-118.26631833435502,0.9724248051643372
CINDER_COMPLEX,0725,465,541,37.04434695439766,-118.2409748229668,0.8646750450134277
CINDER_COMPLEX,0725,511,441,37.03193814220213,-118.27476617148442,0.9475212097167969
CINDER_COMPLEX,0725,537,443,37.02492446574378,-118.27409034451406,0.885094404220581
CINDER_COMPLEX,0725,565,575,37.01737127571172,-118.22948576447082,0.5647005438804626
CINDER_COMPLEX,0725,574,459,37.01494346462998,-118.26868372875124,0.9896312952041626
CINDER_COMPLEX,0725,492,493,37.037063521152454,-118.25719467025526,0.7910540699958801
CINDER_COMPLEX,0725,522,459,37.02897081754667,-118.26868372875124,0.9717695713043213
CINDER_COMPLEX,0725,571,573,37.015752734990556,-118.23016159144117,0.7658103108406067
CINDER_COMPLEX,0725,567,508,37.016831762138,-118.25212596797762,0.7719407081604004
CINDER_COMPLEX,0725,572,550,37.0154829782037,-118.23793360160022,0.9411166906356812
CINDER_COMPLEX,0725,551,538,37.021147870727745,-118.24198856342234,0.9137361645698547
CINDER_COMPLEX,0725,490,447,37.037603034726175,-118.27273869057336,0.9719218611717224
CINDER_COMPLEX,0725,480,469,37.04030060259477,-118.26530459389949,0.9235839247703552
CINDER_COMPLEX,0725,527,451,37.027622033612374,-118.27138703663266,0.9287844896316528
CINDER_COMPLEX,0725,605,476,37.00658100423734,-118.26293919950325,0.9291094541549683
CINDER_COMPLEX,0725,586,474,37.011706383187665,-118.2636150264736,0.9939525723457336
CINDER_COMPLEX,0725,492,501,37.037063521152454,-118.25449136237386,0.9135755896568298
CINDER_COMPLEX,0725,568,565,37.01656200535114,-118.23286489932258,0.8949527740478516
CINDER_COMPLEX,0725,591,451,37.01035759925337,-118.27138703663266,0.9879893064498901
CINDER_COMPLEX,0725,423,522,37.05567673944576,-118.24739517918515,0.6852257251739502
CINDER_COMPLEX,0725,569,510,37.01629224856428,-118.25145014100727,0.8094687461853027
CINDER_COMPLEX,0725,526,479,37.02789179039924,-118.26192545904773,0.9722254872322083
CINDER_COMPLEX,0725,583,543,37.01251565354824,-118.24029899599645,0.9393338561058044
CINDER_COMPLEX,0725,571,461,37.015752734990556,-118.26800790178089,0.9851837754249573
CINDER_COMPLEX,0725,540,450,37.0241151953832,-118.27172495011783,0.9421448111534119
CINDER_COMPLEX,0725,535,443,37.0254639793175,-118.27409034451406,0.8895681500434875
CINDER_COMPLEX,0725,588,478,37.011166869613945,-118.2622633725329,0.9793683886528015
CINDER_COMPLEX,0725,513,516,37.03139862862841,-118.24942266009622,0.9869933128356934
CINDER_COMPLEX,0725,481,539,37.04003084580791,-118.24165064993716,0.6681876182556152
CINDER_COMPLEX,0725,573,570,37.01521322141684,-118.2311753318967,0.8750342726707458
CINDER_COMPLEX,0725,546,564,37.02249665466205,-118.23320281280776,0.7618615031242371
CINDER_COMPLEX,0725,484,532,37.039221575447336,-118.24401604433339,0.8503941297531128
CINDER_COMPLEX,0725,523,472,37.028701060759815,-118.26429085344395,0.9720163941383362
CINDER_COMPLEX,0725,584,485,37.012245896761385,-118.25989797813666,0.8554465174674988
CINDER_COMPLEX,0725,581,436,37.01305516712196,-118.2764557389103,0.8762420415878296
CINDER_COMPLEX,0725,557,550,37.01952933000659,-118.23793360160022,0.9596096873283386
CINDER_COMPLEX,0725,434,524,37.05270941479031,-118.2467193522148,0.8702893257141113
CINDER_COMPLEX,0725,568,473,37.01656200535114,-118.26395293995878,0.9790254235267639
CINDER_COMPLEX,0725,481,529,37.04003084580791,-118.24502978478893,0.9263543486595154
CINDER_COMPLEX,0725,579,455,37.01359468069568,-118.27003538269196,0.9905148148536682
CINDER_COMPLEX,0725,580,573,37.013324923908826,-118.23016159144117,0.5020490884780884
CINDER_COMPLEX,0725,509,461,37.03247765577585,-118.26800790178089,0.9747321605682373
CINDER_COMPLEX,0725,431,526,37.053518685150884,-118.24604352524445,0.7952314019203186
CINDER_COMPLEX,0725,513,522,37.03139862862841,-118.24739517918515,0.9614181518554688
CINDER_COMPLEX,0725,521,537,37.029240574333535,-118.24232647690751,0.9066431522369385
CINDER_COMPLEX,0725,532,476,37.02627324967808,-118.26293919950325,0.9726567268371582
CINDER_COMPLEX,0725,564,514,37.017641032498574,-118.25009848706657,0.7360619902610779
CINDER_COMPLEX,0725,489,451,37.03787279151304,-118.27138703663266,0.972615659236908
CINDER_COMPLEX,0725,479,465,37.04057035938163,-118.26665624784019,0.9137105345726013
CINDER_COMPLEX,0725,526,469,37.02789179039924,-118.26530459389949,0.9729127883911133
CINDER_COMPLEX,0725,475,537,37.041649386529066,-118.24232647690751,0.9314243793487549
CINDER_COMPLEX,0725,529,449,37.027082520038654,-118.27206286360301,0.9014347195625305
CINDER_COMPLEX,0725,533,451,37.02600349289122,-118.27138703663266,0.9293509125709534
CINDER_COMPLEX,0725,527,477,37.027622033612374,-118.26260128601808,0.9723181128501892
CINDER_COMPLEX,0725,544,475,37.02303616823576,-118.26327711298843,0.9709904193878174
CINDER_COMPLEX,0725,508,534,37.032747412562706,-118.24334021736304,0.9330212473869324
CINDER_COMPLEX,0725,577,482,37.0141341942694,-118.2609117185922,0.954864501953125
CINDER_COMPLEX,0725,508,460,37.032747412562706,-118.26834581526607,0.9747877717018127
CINDER_COMPLEX,0725,588,444,37.011166869613945,-118.2737524310289,0.9588587284088135
CINDER_COMPLEX,0725,566,451,37.017101518924854,-118.27138703663266,0.9666537642478943
CINDER_COMPLEX,0725,595,457,37.009278572105934,-118.2693595557216,0.9960036277770996
CINDER_COMPLEX,0725,576,444,37.01440395105626,-118.2737524310289,0.9505709409713745
CINDER_COMPLEX,0725,583,479,37.01251565354824,-118.26192545904773,0.9707155823707581
CINDER_COMPLEX,0725,477,536,37.041109872955346,-118.24266439039269,0.8757656812667847
CINDER_COMPLEX,0725,500,529,37.03490546685758,-118.24502978478893,0.8575327396392822
CINDER_COMPLEX,0725,539,486,37.02438495217006,-118.2595600646515,0.9663333296775818
CINDER_COMPLEX,0725,438,522,37.05163038764287,-118.24739517918515,0.8342545032501221
CINDER_COMPLEX,0725,528,553,37.02735227682552,-118.2369198611447,0.6722872853279114
CINDER_COMPLEX,0725,603,467,37.00712051781105,-118.26598042086984,0.9948122501373291
CINDER_COMPLEX,0725,482,463,37.03976108902105,-118.26733207481054,0.9615231156349182
CINDER_COMPLEX,0725,571,552,37.015752734990556,-118.23725777462987,0.9423420429229736
CINDER_COMPLEX,0725,480,464,37.04030060259477,-118.26699416132537,0.9519180059432983
CINDER_COMPLEX,0725,582,546,37.012785410335105,-118.23928525554092,0.9681528210639954
CINDER_COMPLEX,0725,514,551,37.031128871841545,-118.23759568811505,0.5134488940238953
CINDER_COMPLEX,0725,564,522,37.017641032498574,-118.24739517918515,0.5825120806694031
CINDER_COMPLEX,0725,468,540,37.043537684037084,-118.24131273645199,0.9041853547096252
CINDER_COMPLEX,0725,585,511,37.01197613997453,-118.25111222752209,0.6653455495834351
CINDER_COMPLEX,0725,518,527,37.03004984469411,-118.24570561175928,0.9791854619979858
CINDER_COMPLEX,0725,484,529,37.039221575447336,-118.24502978478893,0.8636257648468018
CINDER_COMPLEX,0725,559,548,37.01898981643287,-118.23860942857057,0.9491965770721436
CINDER_COMPLEX,0725,471,527,37.04272841367651,-118.24570561175928,0.90184485912323
CINDER_COMPLEX,0725,481,478,37.04003084580791,-118.2622633725329,0.6732169985771179
CINDER_COMPLEX,0725,493,545,37.0367937643656,-118.2396231690261,0.8283406496047974
CINDER_COMPLEX,0725,605,460,37.00658100423734,-118.26834581526607,0.9955683946609497
CINDER_COMPLEX,0725,440,537,37.05109087406915,-118.24232647690751,0.6819079518318176
CINDER_COMPLEX,0725,514,456,37.031128871841545,-118.26969746920678,0.974623441696167
CINDER_COMPLEX,0725,538,551,37.02465470895692,-118.23759568811505,0.9378499984741211
CINDER_COMPLEX,0725,439,521,37.05136063085601,-118.24773309267033,0.6923091411590576
CINDER_COMPLEX,0725,464,516,37.044616711184524,-118.24942266009622,0.8933678865432739
CINDER_COMPLEX,0725,529,446,37.027082520038654,-118.27307660405853,0.872404932975769
CINDER_COMPLEX,0725,486,474,37.038682061873615,-118.2636150264736,0.7401455044746399
CINDER_COMPLEX,0725,446,524,37.04947233334799,-118.2467193522148,0.8768335580825806
CINDER_COMPLEX,0725,534,439,37.02573373610436,-118.27544199845477,0.8746883869171143
CINDER_COMPLEX,0725,490,450,37.037603034726175,-118.27172495011783,0.9721279144287109
CINDER_COMPLEX,0725,574,479,37.01494346462998,-118.26192545904773,0.9832897782325745
CINDER_COMPLEX,0725,440,530,37.05109087406915,-118.24469187130374,0.9511187672615051
CINDER_COMPLEX,0725,507,469,37.03301716934956,-118.26530459389949,0.9733516573905945
CINDER_COMPLEX,0725,594,466,37.00954832889279,-118.26631833435502,0.996408224105835
CINDER_COMPLEX,0725,548,539,37.02195714108833,-118.24165064993716,0.9354948997497559
CINDER_COMPLEX,0725,549,484,37.021687384301465,-118.26023589162185,0.9721279740333557
CINDER_COMPLEX,0725,457,514,37.04650500869254,-118.25009848706657,0.7813147902488708
CINDER_COMPLEX,0725,592,467,37.01008784246651,-118.26598042086984,0.9963151216506958
CINDER_COMPLEX,0725,556,480,37.01979908679345,-118.26158754556255,0.9800031781196594
CINDER_COMPLEX,0725,498,462,37.0354449804313,-118.26766998829572,0.9700816869735718
CINDER_COMPLEX,0725,534,446,37.02573373610436,-118.27307660405853,0.888008177280426
CINDER_COMPLEX,0725,586,462,37.011706383187665,-118.26766998829572,0.9936872720718384
CINDER_COMPLEX,0725,465,536,37.04434695439766,-118.24266439039269,0.909574031829834
CINDER_COMPLEX,0725,506,493,37.03328692613643,-118.25719467025526,0.9737069010734558
CINDER_COMPLEX,0725,553,478,37.02060835715403,-118.2622633725329,0.9741705060005188
CINDER_COMPLEX,0725,537,483,37.02492446574378,-118.26057380510701,0.9735711216926575
CINDER_COMPLEX,0725,490,485,37.037603034726175,-118.25989797813666,0.5929039120674133
CINDER_COMPLEX,0725,518,470,37.03004984469411,-118.2649666804143,0.972726583480835
CINDER_COMPLEX,0725,551,544,37.021147870727745,-118.23996108251127,0.9248827695846558
CINDER_COMPLEX,0725,543,477,37.023305925022626,-118.26260128601808,0.9722509384155273
CINDER_COMPLEX,0725,522,470,37.02897081754667,-118.2649666804143,0.9725412130355835
CINDER_COMPLEX,0725,592,474,37.01008784246651,-118.2636150264736,0.990163266658783
CINDER_COMPLEX,0725,560,537,37.018720059646014,-118.24232647690751,0.9435796141624451
CINDER_COMPLEX,0725,548,477,37.02195714108833,-118.26260128601808,0.9720661044120789
CINDER_COMPLEX,0725,546,446,37.02249665466205,-118.27307660405853,0.9309647083282471
CINDER_COMPLEX,0725,500,498,37.03490546685758,-118.25550510282937,0.9551475644111633
CINDER_COMPLEX,0725,608,471,37.005771733876756,-118.26462876692914,0.9905729293823242
CINDER_COMPLEX,0725,547,544,37.022226897875186,-118.23996108251127,0.925022542476654
CINDER_COMPLEX,0725,436,540,37.05216990121659,-118.24131273645199,0.60661381483078
CINDER_COMPLEX,0725,451,531,37.048123549413695,-118.24435395781856,0.8500295877456665
CINDER_COMPLEX,0725,542,435,37.02357568180948,-118.27679365239547,0.8711892366409302
CINDER_COMPLEX,0725,465,452,37.04434695439766,-118.27104912314748,0.9579023718833923
CINDER_COMPLEX,0725,604,541,37.0068507610242,-118.2409748229668,0.5941241383552551
CINDER_COMPLEX,0725,600,549,37.00792978817164,-118.2382715150854,0.8187093734741211
CINDER_COMPLEX,0725,439,539,37.05136063085601,-118.24165064993716,0.6256452798843384
CINDER_COMPLEX,0725,585,551,37.01197613997453,-118.23759568811505,0.8615029454231262
CINDER_COMPLEX,0725,542,465,37.02357568180948,-118.26665624784019,0.9770134687423706
CINDER_COMPLEX,0725,431,528,37.053518685150884,-118.2453676982741,0.8394517302513123
CINDER_COMPLEX,0725,470,537,37.04299817046336,-118.24232647690751,0.9108220338821411
CINDER_COMPLEX,0725,463,532,37.04488646797138,-118.24401604433339,0.9448850750923157
CINDER_COMPLEX,0725,535,462,37.0254639793175,-118.26766998829572,0.9750341176986694
CINDER_COMPLEX,0725,533,440,37.02600349289122,-118.2751040849696,0.8725870251655579
CINDER_COMPLEX,0725,502,487,37.03436595328386,-118.25922215116631,0.9687858819961548
CINDER_COMPLEX,0725,501,536,37.034635710070724,-118.24266439039269,0.9352408051490784
CINDER_COMPLEX,0725,533,487,37.02600349289122,-118.25922215116631,0.9725199341773987
CINDER_COMPLEX,0725,524,476,37.02843130397295,-118.26293919950325,0.9722082614898682
CINDER_COMPLEX,0725,553,547,37.02060835715403,-118.23894734205575,0.9233976602554321
CINDER_COMPLEX,0725,581,520,37.01305516712196,-118.2480710061555,0.8127550482749939
CINDER_COMPLEX,0725,574,458,37.01494346462998,-118.26902164223642,0.9886810779571533
CINDER_COMPLEX,0725,580,465,37.013324923908826,-118.26665624784019,0.9927929639816284
CINDER_COMPLEX,0725,583,571,37.01251565354824,-118.23083741841153,0.5050036907196045
CINDER_COMPLEX,0725,539,436,37.02438495217006,-118.2764557389103,0.8671301007270813
CINDER_COMPLEX,0725,548,435,37.02195714108833,-118.27679365239547,0.8683406710624695
CINDER_COMPLEX,0725,478,459,37.04084011616849,-118.26868372875124,0.9648274779319763
CINDER_COMPLEX,0725,444,539,37.05001184692171,-118.24165064993716,0.5664038062095642
CINDER_COMPLEX,0725,568,563,37.01656200535114,-118.23354072629293,0.8493993878364563
CINDER_COMPLEX,0725,569,549,37.01629224856428,-118.2382715150854,0.9633834958076477
CINDER_COMPLEX,0725,542,445,37.02357568180948,-118.27341451754371,0.9136839509010315
CINDER_COMPLEX,0725,560,438,37.018720059646014,-118.27577991193995,0.9237481951713562
CINDER_COMPLEX,0725,511,443,37.03193814220213,-118.27409034451406,0.9564300775527954
CINDER_COMPLEX,0725,504,492,37.03382643971015,-118.25753258374044,0.9686654210090637
CINDER_COMPLEX,0725,499,478,37.035175223644444,-118.2622633725329,0.9659680128097534
CINDER_COMPLEX,0725,527,489,37.027622033612374,-118.25854632419596,0.9723156094551086
CINDER_COMPLEX,0725,579,444,37.01359468069568,-118.2737524310289,0.9519639015197754
CINDER_COMPLEX,0725,566,548,37.017101518924854,-118.23860942857057,0.9640783071517944
CINDER_COMPLEX,0725,502,492,37.03436595328386,-118.25753258374044,0.9667447209358215
CINDER_COMPLEX,0725,500,480,37.03490546685758,-118.26158754556255,0.9636350870132446
CINDER_COMPLEX,0725,614,476,37.0041531931556,-118.26293919950325,0.7846415638923645
CINDER_COMPLEX,0725,552,439,37.02087811394089,-118.27544199845477,0.922995388507843
CINDER_COMPLEX,0725,551,545,37.021147870727745,-118.2396231690261,0.9363850355148315
CINDER_COMPLEX,0725,499,480,37.035175223644444,-118.26158754556255,0.962689995765686
CINDER_COMPLEX,0725,591,548,37.01035759925337,-118.23860942857057,0.8012852072715759
CINDER_COMPLEX,0725,567,550,37.016831762138,-118.23793360160022,0.9611508846282959
CINDER_COMPLEX,0725,499,483,37.035175223644444,-118.26057380510701,0.9614237546920776
CINDER_COMPLEX,0725,581,461,37.01305516712196,-118.26800790178089,0.9922909140586853
CINDER_COMPLEX,0725,516,449,37.03058935826783,-118.27206286360301,0.9535400867462158
CINDER_COMPLEX,0725,433,531,37.052979171577164,-118.24435395781856,0.9203782677650452
CINDER_COMPLEX,0725,570,479,37.01602249177742,-118.26192545904773,0.9847374558448792
CINDER_COMPLEX,0725,512,543,37.031668385415266,-118.24029899599645,0.8895523548126221
CINDER_COMPLEX,0725,567,440,37.016831762138,-118.2751040849696,0.9280834197998047
CINDER_COMPLEX,0725,594,465,37.00954832889279,-118.26665624784019,0.9963279962539673
CINDER_COMPLEX,0725,421,525,37.05621625301948,-118.24638143872963,0.5043343305587769
CINDER_COMPLEX,0725,513,448,37.03139862862841,-118.27240077708818,0.9599208831787109
CINDER_COMPLEX,0725,475,530,37.041649386529066,-118.24469187130374,0.9421160221099854
CINDER_COMPLEX,0725,537,560,37.02492446574378,-118.23455446674846,0.817481517791748
CINDER_COMPLEX,0725,545,554,37.022766411448906,-118.23658194765952,0.9204297065734863
CINDER_COMPLEX,0725,556,546,37.01979908679345,-118.23928525554092,0.9414975047111511
CINDER_COMPLEX,0725,521,548,37.029240574333535,-118.23860942857057,0.7883027791976929
CINDER_COMPLEX,0725,486,466,37.038682061873615,-118.26631833435502,0.9311055541038513
CINDER_COMPLEX,0725,544,545,37.02303616823576,-118.2396231690261,0.929589569568634
CINDER_COMPLEX,0725,568,511,37.01656200535114,-118.25111222752209,0.7406402230262756
CINDER_COMPLEX,0725,575,433,37.01467370784312,-118.27746947936583,0.8024374842643738
CINDER_COMPLEX,0725,508,533,37.032747412562706,-118.24367813084821,0.9374988675117493
CINDER_COMPLEX,0725,596,544,37.00900881531907,-118.23996108251127,0.7671157717704773
CINDER_COMPLEX,0725,500,489,37.03490546685758,-118.25854632419596,0.9431240558624268
CINDER_COMPLEX,0725,529,455,37.027082520038654,-118.27003538269196,0.9527410864830017
CINDER_COMPLEX,0725,549,443,37.021687384301465,-118.27409034451406,0.9337063431739807
CINDER_COMPLEX,0725,600,547,37.00792978817164,-118.23894734205575,0.736994206905365
CINDER_COMPLEX,0725,568,437,37.01656200535114,-118.27611782542512,0.9007865190505981
CINDER_COMPLEX,0725,595,441,37.009278572105934,-118.27476617148442,0.9749162793159485
CINDER_COMPLEX,0725,457,518,37.04650500869254,-118.24874683312585,0.866248369216919
CINDER_COMPLEX,0725,604,455,37.0068507610242,-118.27003538269196,0.9952433109283447
CINDER_COMPLEX,0725,462,526,37.045156224758244,-118.24604352524445,0.9387149810791016
CINDER_COMPLEX,0725,465,464,37.04434695439766,-118.26699416132537,0.6590811610221863
CINDER_COMPLEX,0725,594,482,37.00954832889279,-118.2609117185922,0.7998261451721191
CINDER_COMPLEX,0725,464,537,37.044616711184524,-118.24232647690751,0.8996765613555908
CINDER_COMPLEX,0725,558,430,37.019259573219735,-118.27848321982135,0.8285017609596252
CINDER_COMPLEX,0725,557,485,37.01952933000659,-118.25989797813666,0.9789058566093445
CINDER_COMPLEX,0725,568,572,37.01656200535114,-118.23049950492634,0.7946872711181641
CINDER_COMPLEX,0725,557,542,37.01952933000659,-118.24063690948162,0.9336975812911987
CINDER_COMPLEX,0725,506,534,37.03328692613643,-118.24334021736304,0.8189831376075745
CINDER_COMPLEX,0725,433,517,37.052979171577164,-118.24908474661103,0.5374076962471008
CINDER_COMPLEX,0725,557,534,37.01952933000659,-118.24334021736304,0.9325547218322754
CINDER_COMPLEX,0725,460,539,37.04569573833196,-118.24165064993716,0.8942252993583679
CINDER_COMPLEX,0725,560,485,37.018720059646014,-118.25989797813666,0.9757474660873413
CINDER_COMPLEX,0725,584,476,37.012245896761385,-118.26293919950325,0.9899993538856506
CINDER_COMPLEX,0725,490,488,37.037603034726175,-118.25888423768114,0.6124258041381836
CINDER_COMPLEX,0725,450,521,37.04839330620055,-118.24773309267033,0.889803946018219
CINDER_COMPLEX,0725,602,548,37.00739027459792,-118.23860942857057,0.8378553986549377
CINDER_COMPLEX,0725,561,442,37.01845030285915,-118.27442825799925,0.9366848468780518
CINDER_COMPLEX,0725,505,471,37.03355668292328,-118.26462876692914,0.97234046459198
CINDER_COMPLEX,0725,565,470,37.01737127571172,-118.2649666804143,0.981450617313385
CINDER_COMPLEX,0725,534,491,37.02573373610436,-118.25787049722561,0.9724842309951782
CINDER_COMPLEX,0725,465,524,37.04434695439766,-118.2467193522148,0.905482292175293
CINDER_COMPLEX,0725,577,510,37.0141341942694,-118.25145014100727,0.530206024646759
CINDER_COMPLEX,0725,581,511,37.01305516712196,-118.25111222752209,0.7519567608833313
CINDER_COMPLEX,0725,476,527,37.04137962974221,-118.24570561175928,0.9206202626228333
CINDER_COMPLEX,0725,574,464,37.01494346462998,-118.26699416132537,0.9920471906661987
CINDER_COMPLEX,0725,504,543,37.03382643971015,-118.24029899599645,0.8064936995506287
CINDER_COMPLEX,0725,464,540,37.044616711184524,-118.24131273645199,0.855922281742096
CINDER_COMPLEX,0725,567,519,37.016831762138,-118.24840891964068,0.5881637334823608
CINDER_COMPLEX,0725,548,490,37.02195714108833,-118.2582084107108,0.97735995054245
CINDER_COMPLEX,0725,552,476,37.02087811394089,-118.26293919950325,0.9738096594810486
CINDER_COMPLEX,0725,494,533,37.03652400757874,-118.24367813084821,0.923102855682373
CINDER_COMPLEX,0725,496,538,37.03598449400502,-118.24198856342234,0.6187189817428589
CINDER_COMPLEX,0725,585,486,37.01197613997453,-118.2595600646515,0.7960824966430664
CINDER_COMPLEX,0725,557,552,37.01952933000659,-118.23725777462987,0.9517744183540344
CINDER_COMPLEX,0725,531,448,37.02654300646494,-118.27240077708818,0.8946428894996643
CINDER_COMPLEX,0725,505,469,37.03355668292328,-118.26530459389949,0.9742532968521118
CINDER_COMPLEX,0725,482,455,37.03976108902105,-118.27003538269196,0.9721660614013672
CINDER_COMPLEX,0725,569,475,37.01629224856428,-118.26327711298843,0.9800111651420593
CINDER_COMPLEX,0725,462,535,37.045156224758244,-118.24300230387786,0.8714982867240906
CINDER_COMPLEX,0725,575,537,37.01467370784312,-118.24232647690751,0.9306541681289673
CINDER_COMPLEX,0725,570,550,37.01602249177742,-118.23793360160022,0.9565322399139404
CINDER_COMPLEX,0725,518,547,37.03004984469411,-118.23894734205575,0.830619752407074
CINDER_COMPLEX,0725,589,545,37.01089711282709,-118.2396231690261,0.9159795641899109
CINDER_COMPLEX,0725,560,430,37.018720059646014,-118.27848321982135,0.8487489223480225
CINDER_COMPLEX,0725,493,465,37.0367937643656,-118.26665624784019,0.9564975500106812
CINDER_COMPLEX,0725,590,465,37.01062735604023,-118.26665624784019,0.9947868585586548
CINDER_COMPLEX,0725,457,533,37.04650500869254,-118.24367813084821,0.8857035636901855
CINDER_COMPLEX,0725,460,515,37.04569573833196,-118.24976057358138,0.8811780214309692
CINDER_COMPLEX,0725,596,553,37.00900881531907,-118.2369198611447,0.8867425918579102
CINDER_COMPLEX,0725,466,452,37.044077197610804,-118.27104912314748,0.9608446955680847
CINDER_COMPLEX,0725,509,528,37.03247765577585,-118.2453676982741,0.9503979086875916
CINDER_COMPLEX,0725,577,450,37.0141341942694,-118.27172495011783,0.9799427390098572
CINDER_COMPLEX,0725,579,433,37.01359468069568,-118.27746947936583,0.8203328847885132
CINDER_COMPLEX,0725,599,454,37.008199544958494,-118.27037329617713,0.9948548674583435
CINDER_COMPLEX,0725,482,527,37.03976108902105,-118.24570561175928,0.8461483716964722
CINDER_COMPLEX,0725,517,525,37.03031960148097,-118.24638143872963,0.9735220670700073
CINDER_COMPLEX,0725,569,461,37.01629224856428,-118.26800790178089,0.9830681085586548
CINDER_COMPLEX,0725,567,468,37.016831762138,-118.26564250738467,0.9855310320854187
CINDER_COMPLEX,0725,552,490,37.02087811394089,-118.2582084107108,0.973179280757904
CINDER_COMPLEX,0725,470,455,37.04299817046336,-118.27003538269196,0.9622452855110168
CINDER_COMPLEX,0725,484,455,37.039221575447336,-118.27003538269196,0.9717563986778259
CINDER_COMPLEX,0725,550,556,37.02141762751461,-118.23590612068917,0.9074894785881042
CINDER_COMPLEX,0725,469,523,37.04326792725023,-118.24705726569998,0.9241397976875305
CINDER_COMPLEX,0725,468,458,37.043537684037084,-118.26902164223642,0.9312214851379395
CINDER_COMPLEX,0725,490,526,37.037603034726175,-118.24604352524445,0.9221826791763306
CINDER_COMPLEX,0725,569,550,37.01629224856428,-118.23793360160022,0.9560002684593201
CINDER_COMPLEX,0725,567,447,37.016831762138,-118.27273869057336,0.9608356952667236
CINDER_COMPLEX,0725,492,490,37.037063521152454,-118.2582084107108,0.7657893300056458
CINDER_COMPLEX,0725,551,482,37.021147870727745,-118.2609117185922,0.9702964425086975
CINDER_COMPLEX,0725,567,539,37.016831762138,-118.24165064993716,0.9568023681640625
CINDER_COMPLEX,0725,530,455,37.0268127632518,-118.27003538269196,0.9519197344779968
CINDER_COMPLEX,0725,549,560,37.021687384301465,-118.23455446674846,0.8578149080276489
CINDER_COMPLEX,0725,488,493,37.038142548299895,-118.25719467025526,0.5207881927490234
CINDER_COMPLEX,0725,479,523,37.04057035938163,-118.24705726569998,0.9567430019378662
CINDER_COMPLEX,0725,518,476,37.03004984469411,-118.26293919950325,0.9723466634750366
CINDER_COMPLEX,0725,556,541,37.01979908679345,-118.2409748229668,0.9367346167564392
CINDER_COMPLEX,0725,537,440,37.02492446574378,-118.2751040849696,0.8721487522125244
CINDER_COMPLEX,0725,494,456,37.03652400757874,-118.26969746920678,0.971225380897522
CINDER_COMPLEX,0725,462,532,37.045156224758244,-118.24401604433339,0.9228630661964417
CINDER_COMPLEX,0725,513,528,37.03139862862841,-118.2453676982741,0.9466740489006042
CINDER_COMPLEX,0725,611,458,37.00496246351618,-118.26902164223642,0.9930039644241333
CINDER_COMPLEX,0725,570,460,37.01602249177742,-118.26834581526607,0.9845031499862671
CINDER_COMPLEX,0725,512,490,37.031668385415266,-118.2582084107108,0.9738396406173706
CINDER_COMPLEX,0725,580,550,37.013324923908826,-118.23793360160022,0.9149260520935059
CINDER_COMPLEX,0725,560,543,37.018720059646014,-118.24029899599645,0.951370120048523
CINDER_COMPLEX,0725,601,457,37.00766003138477,-118.2693595557216,0.9961099624633789
CINDER_COMPLEX,0725,453,514,37.047584035839975,-118.25009848706657,0.5375341176986694
CINDER_COMPLEX,0725,520,442,37.02951033112039,-118.27442825799925,0.8997381925582886
CINDER_COMPLEX,0725,564,566,37.017641032498574,-118.2325269858374,0.844582200050354
CINDER_COMPLEX,0725,499,527,37.035175223644444,-118.24570561175928,0.8679265379905701
CINDER_COMPLEX,0725,592,472,37.01008784246651,-118.26429085344395,0.9936935901641846
CINDER_COMPLEX,0725,555,482,37.02006884358031,-118.2609117185922,0.9836018681526184
CINDER_COMPLEX,0725,493,536,37.0367937643656,-118.24266439039269,0.8259637951850891
CINDER_COMPLEX,0725,597,480,37.008739058532214,-118.26158754556255,0.8313732147216797
CINDER_COMPLEX,0725,461,530,37.0454259815451,-118.24469187130374,0.954692006111145
CINDER_COMPLEX,0725,581,440,37.01305516712196,-118.2751040849696,0.9275458455085754
CINDER_COMPLEX,0725,591,460,37.01035759925337,-118.26834581526607,0.9949999451637268
CINDER_COMPLEX,0725,602,545,37.00739027459792,-118.2396231690261,0.7931835651397705
CINDER_COMPLEX,0725,590,560,37.01062735604023,-118.23455446674846,0.7177135348320007
CINDER_COMPLEX,0725,580,466,37.013324923908826,-118.26631833435502,0.9912418723106384
CINDER_COMPLEX,0725,506,489,37.03328692613643,-118.25854632419596,0.9724056124687195
CINDER_COMPLEX,0725,542,448,37.02357568180948,-118.27240077708818,0.9314091801643372
CINDER_COMPLEX,0725,436,523,37.05216990121659,-118.24705726569998,0.8737487196922302
CINDER_COMPLEX,0725,556,488,37.01979908679345,-118.25888423768114,0.9759075045585632
CINDER_COMPLEX,0725,587,536,37.01143662640081,-118.24266439039269,0.8274967074394226
CINDER_COMPLEX,0725,517,453,37.03031960148097,-118.27071120966231,0.9623924493789673
CINDER_COMPLEX,0725,569,563,37.01629224856428,-118.23354072629293,0.8298711776733398
CINDER_COMPLEX,0725,554,544,37.02033860036717,-118.23996108251127,0.9191744923591614
CINDER_COMPLEX,0725,570,537,37.01602249177742,-118.24232647690751,0.9426900148391724
CINDER_COMPLEX,0725,562,566,37.018180546072294,-118.2325269858374,0.7959300875663757
CINDER_COMPLEX,0725,582,572,37.012785410335105,-118.23049950492634,0.536534309387207
CINDER_COMPLEX,0725,498,454,37.0354449804313,-118.27037329617713,0.9737656116485596
CINDER_COMPLEX,0725,485,476,37.03895181866047,-118.26293919950325,0.6634066700935364
CINDER_COMPLEX,0725,511,446,37.03193814220213,-118.27307660405853,0.9615758061408997
CINDER_COMPLEX,0725,508,536,37.032747412562706,-118.24266439039269,0.9255261421203613
CINDER_COMPLEX,0725,467,542,37.04380744082395,-118.24063690948162,0.880666971206665
CINDER_COMPLEX,0725,577,560,37.0141341942694,-118.23455446674846,0.8837617039680481
CINDER_COMPLEX,0725,549,485,37.021687384301465,-118.25989797813666,0.9725104570388794
CINDER_COMPLEX,0725,510,521,37.032207898988986,-118.24773309267033,0.9674072265625
CINDER_COMPLEX,0725,472,456,37.04245865688965,-118.26969746920678,0.9667235016822815
CINDER_COMPLEX,0725,486,461,37.038682061873615,-118.26800790178089,0.9614289999008179
CINDER_COMPLEX,0725,581,467,37.01305516712196,-118.26598042086984,0.9938363432884216
CINDER_COMPLEX,0725,521,532,37.029240574333535,-118.24401604433339,0.9200261235237122
CINDER_COMPLEX,0725,578,533,37.013864437482546,-118.24367813084821,0.8603746891021729
CINDER_COMPLEX,0725,498,445,37.0354449804313,-118.27341451754371,0.9720224738121033
CINDER_COMPLEX,0725,579,453,37.01359468069568,-118.27071120966231,0.9869494438171387
CINDER_COMPLEX,0725,580,438,37.013324923908826,-118.27577991193995,0.9020686149597168
CINDER_COMPLEX,0725,540,436,37.0241151953832,-118.2764557389103,0.8721059560775757
CINDER_COMPLEX,0725,441,537,37.05082111728229,-118.24232647690751,0.676968514919281
CINDER_COMPLEX,0725,519,472,37.02978008790725,-118.26429085344395,0.9722314476966858
CINDER_COMPLEX,0725,566,475,37.017101518924854,-118.26327711298843,0.9884681701660156
CINDER_COMPLEX,0725,539,545,37.02438495217006,-118.2396231690261,0.9174066185951233
CINDER_COMPLEX,0725,602,454,37.00739027459792,-118.27037329617713,0.9951574206352234
CINDER_COMPLEX,0725,574,574,37.01494346462998,-118.22982367795599,0.8567980527877808
CINDER_COMPLEX,0725,531,472,37.02654300646494,-118.26429085344395,0.9731459617614746
CINDER_COMPLEX,0725,469,519,37.04326792725023,-118.24840891964068,0.9179707169532776
CINDER_COMPLEX,0725,569,456,37.01629224856428,-118.26969746920678,0.9790385961532593
CINDER_COMPLEX,0725,517,479,37.03031960148097,-118.26192545904773,0.9720582962036133
CINDER_COMPLEX,0725,559,438,37.01898981643287,-118.27577991193995,0.9252018928527832
CINDER_COMPLEX,0725,584,541,37.012245896761385,-118.2409748229668,0.8885017037391663
CINDER_COMPLEX,0725,575,483,37.01467370784312,-118.26057380510701,0.9601373076438904
CINDER_COMPLEX,0725,542,488,37.02357568180948,-118.25888423768114,0.9717051386833191
CINDER_COMPLEX,0725,586,551,37.011706383187665,-118.23759568811505,0.8354654312133789
CINDER_COMPLEX,0725,501,532,37.034635710070724,-118.24401604433339,0.9544776678085327
CINDER_COMPLEX,0725,532,553,37.02627324967808,-118.2369198611447,0.8815516829490662
CINDER_COMPLEX,0725,572,470,37.0154829782037,-118.2649666804143,0.9778129458427429
CINDER_COMPLEX,0725,557,448,37.01952933000659,-118.27240077708818,0.9442105293273926
CINDER_COMPLEX,0725,532,481,37.02627324967808,-118.26124963207738,0.9725421071052551
CINDER_COMPLEX,0725,578,548,37.013864437482546,-118.23860942857057,0.9601606130599976
CINDER_COMPLEX,0725,566,449,37.017101518924854,-118.27206286360301,0.9655593633651733
CINDER_COMPLEX,0725,450,539,37.04839330620055,-118.24165064993716,0.7110114693641663
CINDER_COMPLEX,0725,508,524,37.032747412562706,-118.2467193522148,0.9502266049385071
CINDER_COMPLEX,0725,570,546,37.01602249177742,-118.23928525554092,0.9677057266235352
CINDER_COMPLEX,0725,528,462,37.02735227682552,-118.26766998829572,0.9720355868339539
CINDER_COMPLEX,0725,602,465,37.00739027459792,-118.26665624784019,0.9958664178848267
CINDER_COMPLEX,0725,609,456,37.0055019770899,-118.26969746920678,0.9947450757026672
CINDER_COMPLEX,0725,556,537,37.01979908679345,-118.24232647690751,0.9399218559265137
CINDER_COMPLEX,0725,438,539,37.05163038764287,-118.24165064993716,0.6913936734199524
CINDER_COMPLEX,0725,560,456,37.018720059646014,-118.26969746920678,0.9677581191062927
CINDER_COMPLEX,0725,517,461,37.03031960148097,-118.26800790178089,0.9744614958763123
CINDER_COMPLEX,0725,577,443,37.0141341942694,-118.27409034451406,0.9481914639472961
CINDER_COMPLEX,0725,573,566,37.01521322141684,-118.2325269858374,0.8450413942337036
CINDER_COMPLEX,0725,503,470,37.034096196497,-118.2649666804143,0.9720712304115295
CINDER_COMPLEX,0725,521,550,37.029240574333535,-118.23793360160022,0.6922851800918579
CINDER_COMPLEX,0725,537,469,37.02492446574378,-118.26530459389949,0.9763528108596802
CINDER_COMPLEX,0725,606,467,37.006311247450476,-118.26598042086984,0.994098961353302
CINDER_COMPLEX,0725,437,521,37.05190014442973,-118.24773309267033,0.7354083061218262
CINDER_COMPLEX,0725,527,486,37.027622033612374,-118.2595600646515,0.9723687171936035
CINDER_COMPLEX,0725,581,514,37.01305516712196,-118.25009848706657,0.6736586093902588
CINDER_COMPLEX,0725,547,486,37.022226897875186,-118.2595600646515,0.966838002204895
CINDER_COMPLEX,0725,467,465,37.04380744082395,-118.26665624784019,0.6647594571113586
CINDER_COMPLEX,0725,554,476,37.02033860036717,-118.26293919950325,0.9869729280471802
CINDER_COMPLEX,0725,449,540,37.048663062987416,-118.24131273645199,0.5752834677696228
CINDER_COMPLEX,0725,475,454,37.041649386529066,-118.27037329617713,0.9697326421737671
CINDER_COMPLEX,0725,514,535,37.031128871841545,-118.24300230387786,0.8928548693656921
CINDER_COMPLEX,0725,490,495,37.037603034726175,-118.25651884328491,0.7788335680961609
CINDER_COMPLEX,0725,460,455,37.04569573833196,-118.27003538269196,0.9177141189575195
CINDER_COMPLEX,0725,546,442,37.02249665466205,-118.27442825799925,0.9191781282424927
CINDER_COMPLEX,0725,477,521,37.041109872955346,-118.24773309267033,0.9722727537155151
CINDER_COMPLEX,0725,535,445,37.0254639793175,-118.27341451754371,0.8857141733169556
CINDER_COMPLEX,0725,559,456,37.01898981643287,-118.26969746920678,0.9661086797714233
CINDER_COMPLEX,0725,456,455,37.0467747654794,-118.27003538269196,0.8848300576210022
CINDER_COMPLEX,0725,489,531,37.03787279151304,-118.24435395781856,0.8797180652618408
CINDER_COMPLEX,0725,519,532,37.02978008790725,-118.24401604433339,0.9710686802864075
CINDER_COMPLEX,0725,572,480,37.0154829782037,-118.26158754556255,0.9747357368469238
CINDER_COMPLEX,0725,495,533,37.03625425079188,-118.24367813084821,0.914114773273468
CINDER_COMPLEX,0725,562,556,37.018180546072294,-118.23590612068917,0.9433315396308899
CINDER_COMPLEX,0725,551,439,37.021147870727745,-118.27544199845477,0.9220839738845825
CINDER_COMPLEX,0725,522,482,37.02897081754667,-118.2609117185922,0.9723560214042664
CINDER_COMPLEX,0725,513,443,37.03139862862841,-118.27409034451406,0.9444153904914856
CINDER_COMPLEX,0725,494,528,37.03652400757874,-118.2453676982741,0.9387348294258118
CINDER_COMPLEX,0725,560,528,37.018720059646014,-118.2453676982741,0.8989062309265137
CINDER_COMPLEX,0725,561,490,37.01845030285915,-118.2582084107108,0.9557673931121826
CINDER_COMPLEX,0725,569,520,37.01629224856428,-118.2480710061555,0.7104418873786926
CINDER_COMPLEX,0725,502,481,37.03436595328386,-118.26124963207738,0.9702168703079224
CINDER_COMPLEX,0725,514,516,37.031128871841545,-118.24942266009622,0.9746119976043701
CINDER_COMPLEX,0725,433,523,37.052979171577164,-118.24705726569998,0.9042713642120361
CINDER_COMPLEX,0725,583,532,37.01251565354824,-118.24401604433339,0.7230249047279358
CINDER_COMPLEX,0725,576,556,37.01440395105626,-118.23590612068917,0.9147633910179138
CINDER_COMPLEX,0725,458,455,37.04623525190568,-118.27003538269196,0.9023429155349731
CINDER_COMPLEX,0725,599,452,37.008199544958494,-118.27104912314748,0.9929579496383667
CINDER_COMPLEX,0725,567,555,37.016831762138,-118.23624403417433,0.9608950614929199
CINDER_COMPLEX,0725,612,467,37.00469270672932,-118.26598042086984,0.9867086410522461
CINDER_COMPLEX,0725,599,470,37.008199544958494,-118.2649666804143,0.995356559753418
CINDER_COMPLEX,0725,543,468,37.023305925022626,-118.26564250738467,0.9755669236183167
CINDER_COMPLEX,0725,574,568,37.01494346462998,-118.23185115886704,0.9127382636070251
CINDER_COMPLEX,0725,565,527,37.01737127571172,-118.24570561175928,0.8860787749290466
CINDER_COMPLEX,0725,484,470,37.039221575447336,-118.2649666804143,0.8696454763412476
CINDER_COMPLEX,0725,504,485,37.03382643971015,-118.25989797813666,0.9708917140960693
CINDER_COMPLEX,0725,582,485,37.012785410335105,-118.25989797813666,0.9234567284584045
CINDER_COMPLEX,0725,495,497,37.03625425079188,-118.25584301631456,0.933571457862854
CINDER_COMPLEX,0725,569,464,37.01629224856428,-118.26699416132537,0.9864327311515808
CINDER_COMPLEX,0725,507,459,37.03301716934956,-118.26868372875124,0.9749285578727722
CINDER_COMPLEX,0725,463,516,37.04488646797138,-118.24942266009622,0.8687785863876343
CINDER_COMPLEX,0725,596,469,37.00900881531907,-118.26530459389949,0.9966287016868591
CINDER_COMPLEX,0725,573,531,37.01521322141684,-118.24435395781856,0.8997282385826111
CINDER_COMPLEX,0725,472,459,37.04245865688965,-118.26868372875124,0.9460312128067017
CINDER_COMPLEX,0725,482,462,37.03976108902105,-118.26766998829572,0.9655340313911438
CINDER_COMPLEX,0725,563,537,37.01791078928544,-118.24232647690751,0.9353821277618408
CINDER_COMPLEX,0725,550,567,37.02141762751461,-118.23218907235223,0.5929832458496094
CINDER_COMPLEX,0725,566,470,37.017101518924854,-118.2649666804143,0.9856528043746948
CINDER_COMPLEX,0725,494,462,37.03652400757874,-118.26766998829572,0.9671898484230042
CINDER_COMPLEX,0725,588,538,37.011166869613945,-118.24198856342234,0.8313515782356262
CINDER_COMPLEX,0725,535,558,37.0254639793175,-118.23523029371881,0.8984626531600952
CINDER_COMPLEX,0725,590,546,37.01062735604023,-118.23928525554092,0.8440819382667542
CINDER_COMPLEX,0725,510,543,37.032207898988986,-118.24029899599645,0.9031645059585571
CINDER_COMPLEX,0725,502,488,37.03436595328386,-118.25888423768114,0.9631253480911255
CINDER_COMPLEX,0725,519,457,37.02978008790725,-118.2693595557216,0.9706710577011108
CINDER_COMPLEX,0725,596,540,37.00900881531907,-118.24131273645199,0.5608344078063965
CINDER_COMPLEX,0725,481,451,37.04003084580791,-118.27138703663266,0.9701593518257141
CINDER_COMPLEX,0725,505,524,37.03355668292328,-118.2467193522148,0.9398510456085205
CINDER_COMPLEX,0725,541,482,37.02384543859635,-118.2609117185922,0.9742388129234314
CINDER_COMPLEX,0725,521,480,37.029240574333535,-118.26158754556255,0.9723466634750366
CINDER_COMPLEX,0725,480,477,37.04030060259477,-118.26260128601808,0.5742709636688232
CINDER_COMPLEX,0725,490,534,37.037603034726175,-118.24334021736304,0.8586822152137756
CINDER_COMPLEX,0725,478,530,37.04084011616849,-118.24469187130374,0.9332566261291504
CINDER_COMPLEX,0725,497,490,37.03571473721816,-118.2582084107108,0.9453926682472229
CINDER_COMPLEX,0725,575,484,37.01467370784312,-118.26023589162185,0.9427434802055359
CINDER_COMPLEX,0725,509,486,37.03247765577585,-118.2595600646515,0.9742714166641235
CINDER_COMPLEX,0725,602,456,37.00739027459792,-118.26969746920678,0.996004581451416
CINDER_COMPLEX,0725,459,452,37.04596549511882,-118.27104912314748,0.9390376210212708
CINDER_COMPLEX,0725,495,537,37.03625425079188,-118.24232647690751,0.8486446142196655
CINDER_COMPLEX,0725,528,457,37.02735227682552,-118.2693595557216,0.9616812467575073
CINDER_COMPLEX,0725,542,490,37.02357568180948,-118.2582084107108,0.9686143398284912
CINDER_COMPLEX,0725,573,463,37.01521322141684,-118.26733207481054,0.9894167184829712
CINDER_COMPLEX,0725,576,532,37.01440395105626,-118.24401604433339,0.6978142261505127
CINDER_COMPLEX,0725,468,467,37.043537684037084,-118.26598042086984,0.5829927325248718
CINDER_COMPLEX,0725,556,445,37.01979908679345,-118.27341451754371,0.9421677589416504
CINDER_COMPLEX,0725,570,534,37.01602249177742,-118.24334021736304,0.9187162518501282
CINDER_COMPLEX,0725,502,534,37.03436595328386,-118.24334021736304,0.9128047823905945
CINDER_COMPLEX,0725,436,531,37.05216990121659,-118.24435395781856,0.9427059888839722
CINDER_COMPLEX,0725,421,522,37.05621625301948,-118.24739517918515,0.7922004461288452
CINDER_COMPLEX,0725,505,514,37.03355668292328,-118.25009848706657,0.9697697162628174
CINDER_COMPLEX,0725,552,462,37.02087811394089,-118.26766998829572,0.9725159406661987
CINDER_COMPLEX,0725,507,458,37.03301716934956,-118.26902164223642,0.9751879572868347
CINDER_COMPLEX,0725,546,465,37.02249665466205,-118.26665624784019,0.9750301837921143
CINDER_COMPLEX,0725,594,455,37.00954832889279,-118.27003538269196,0.9950138330459595
CINDER_COMPLEX,0725,570,445,37.01602249177742,-118.27341451754371,0.955179750919342
CINDER_COMPLEX,0725,522,534,37.02897081754667,-118.24334021736304,0.8264234662055969
CINDER_COMPLEX,0725,479,539,37.04057035938163,-118.24165064993716,0.7753496766090393
CINDER_COMPLEX,0725,503,540,37.034096196497,-118.24131273645199,0.9054192900657654
CINDER_COMPLEX,0725,487,457,37.03841230508675,-118.2693595557216,0.9699394106864929
CINDER_COMPLEX,0725,500,531,37.03490546685758,-118.24435395781856,0.8473626971244812
CINDER_COMPLEX,0725,487,481,37.03841230508675,-118.26124963207738,0.6876440644264221
CINDER_COMPLEX,0725,597,454,37.008739058532214,-118.27037329617713,0.9939137697219849
CINDER_COMPLEX,0725,499,484,37.035175223644444,-118.26023589162185,0.9533819556236267
CINDER_COMPLEX,0725,546,540,37.02249665466205,-118.24131273645199,0.8578622341156006
CINDER_COMPLEX,0725,502,460,37.03436595328386,-118.26834581526607,0.973206102848053
CINDER_COMPLEX,0725,559,466,37.01898981643287,-118.26631833435502,0.9818158149719238
CINDER_COMPLEX,0725,477,537,37.041109872955346,-118.24232647690751,0.8606833219528198
CINDER_COMPLEX,0725,544,436,37.02303616823576,-118.2764557389103,0.8806333541870117
CINDER_COMPLEX,0725,498,539,37.0354449804313,-118.24165064993716,0.776827871799469
CINDER_COMPLEX,0725,580,565,37.013324923908826,-118.23286489932258,0.5690545439720154
CINDER_COMPLEX,0725,474,451,37.04191914331593,-118.27138703663266,0.9679597020149231
CINDER_COMPLEX,0725,499,537,37.035175223644444,-118.24232647690751,0.8979693055152893
CINDER_COMPLEX,0725,537,442,37.02492446574378,-118.27442825799925,0.8815682530403137
CINDER_COMPLEX,0725,498,496,37.0354449804313,-118.25618092979973,0.9498934149742126
CINDER_COMPLEX,0725,575,480,37.01467370784312,-118.26158754556255,0.9750040769577026
CINDER_COMPLEX,0725,553,550,37.02060835715403,-118.23793360160022,0.949765145778656
CINDER_COMPLEX,0725,455,452,37.047044522266255,-118.27104912314748,0.9213799238204956
CINDER_COMPLEX,0725,507,462,37.03301716934956,-118.26766998829572,0.9739722013473511
CINDER_COMPLEX,0725,481,522,37.04003084580791,-118.24739517918515,0.9436694979667664
CINDER_COMPLEX,0725,572,457,37.0154829782037,-118.2693595557216,0.9845243096351624
CINDER_COMPLEX,0725,467,535,37.04380744082395,-118.24300230387786,0.9134530425071716
CINDER_COMPLEX,0725,471,467,37.04272841367651,-118.26598042086984,0.7458183765411377
CINDER_COMPLEX,0725,490,452,37.037603034726175,-118.27104912314748,0.9727722406387329
CINDER_COMPLEX,0725,541,463,37.02384543859635,-118.26733207481054,0.9765685796737671
CINDER_COMPLEX,0725,534,444,37.02573373610436,-118.2737524310289,0.8826218247413635
CINDER_COMPLEX,0725,528,473,37.02735227682552,-118.26395293995878,0.9725469946861267
CINDER_COMPLEX,0725,570,563,37.01602249177742,-118.23354072629293,0.8687452077865601
CINDER_COMPLEX,0725,584,479,37.012245896761385,-118.26192545904773,0.9668114185333252
CINDER_COMPLEX,0725,558,433,37.019259573219735,-118.27746947936583,0.8773569464683533
CINDER_COMPLEX,0725,560,445,37.018720059646014,-118.27341451754371,0.9416114091873169
CINDER_COMPLEX,0725,578,449,37.013864437482546,-118.27206286360301,0.9791324138641357
CINDER_COMPLEX,0725,460,460,37.04569573833196,-118.26834581526607,0.6936030387878418
CINDER_COMPLEX,0725,615,476,37.003883436368746,-118.26293919950325,0.8353346586227417
CINDER_COMPLEX,0725,437,540,37.05190014442973,-118.24131273645199,0.5442509055137634
CINDER_COMPLEX,0725,521,477,37.029240574333535,-118.26260128601808,0.9723807573318481
CINDER_COMPLEX,0725,575,458,37.01467370784312,-118.26902164223642,0.9891966581344604
CINDER_COMPLEX,0725,543,444,37.023305925022626,-118.2737524310289,0.913743793964386
CINDER_COMPLEX,0725,604,471,37.0068507610242,-118.26462876692914,0.9914558529853821
CINDER_COMPLEX,0725,511,469,37.03193814220213,-118.26530459389949,0.9712142944335938
CINDER_COMPLEX,0725,449,536,37.048663062987416,-118.24266439039269,0.8560832738876343
CINDER_COMPLEX,0725,516,466,37.03058935826783,-118.26631833435502,0.973101794719696
CINDER_COMPLEX,0725,521,525,37.029240574333535,-118.24638143872963,0.9329782724380493
CINDER_COMPLEX,0725,469,458,37.04326792725023,-118.26902164223642,0.9330161213874817
CINDER_COMPLEX,0725,594,460,37.00954832889279,-118.26834581526607,0.9965696930885315
CINDER_COMPLEX,0725,567,472,37.016831762138,-118.26429085344395,0.9839272499084473
CINDER_COMPLEX,0725,524,443,37.02843130397295,-118.27409034451406,0.8836567401885986
CINDER_COMPLEX,0725,581,504,37.01305516712196,-118.25347762191832,0.5739832520484924
CINDER_COMPLEX,0725,477,530,37.041109872955346,-118.24469187130374,0.950092613697052
CINDER_COMPLEX,0725,528,453,37.02735227682552,-118.27071120966231,0.938723087310791
CINDER_COMPLEX,0725,568,443,37.01656200535114,-118.27409034451406,0.9438996315002441
CINDER_COMPLEX,0725,592,546,37.01008784246651,-118.23928525554092,0.8050966262817383
CINDER_COMPLEX,0725,526,468,37.02789179039924,-118.26564250738467,0.9732644557952881
CINDER_COMPLEX,0725,545,433,37.022766411448906,-118.27746947936583,0.8317572474479675
CINDER_COMPLEX,0725,520,528,37.02951033112039,-118.2453676982741,0.9781834483146667
CINDER_COMPLEX,0725,550,552,37.02141762751461,-118.23725777462987,0.9436585307121277
CINDER_COMPLEX,0725,516,477,37.03058935826783,-118.26260128601808,0.9623810648918152
CINDER_COMPLEX,0725,545,480,37.022766411448906,-118.26158754556255,0.970892608165741
CINDER_COMPLEX,0725,522,453,37.02897081754667,-118.27071120966231,0.9527192711830139
CINDER_COMPLEX,0725,569,506,37.01629224856428,-118.25280179494797,0.7230190634727478
CINDER_COMPLEX,0725,552,459,37.02087811394089,-118.26868372875124,0.9701274037361145
CINDER_COMPLEX,0725,573,545,37.01521322141684,-118.2396231690261,0.9679787158966064
CINDER_COMPLEX,0725,542,561,37.02357568180948,-118.23421655326328,0.7846122980117798
CINDER_COMPLEX,0725,566,563,37.017101518924854,-118.23354072629293,0.9293892979621887
CINDER_COMPLEX,0725,523,551,37.028701060759815,-118.23759568811505,0.6456524729728699
CINDER_COMPLEX,0725,572,555,37.0154829782037,-118.23624403417433,0.9462001919746399
CINDER_COMPLEX,0725,504,527,37.03382643971015,-118.24570561175928,0.8786377906799316
CINDER_COMPLEX,0725,558,434,37.019259573219735,-118.27713156588065,0.8915092945098877
CINDER_COMPLEX,0725,464,520,37.044616711184524,-118.2480710061555,0.9041635990142822
CINDER_COMPLEX,0725,522,442,37.02897081754667,-118.27442825799925,0.8964075446128845
CINDER_COMPLEX,0725,584,444,37.012245896761385,-118.2737524310289,0.9518581628799438
CINDER_COMPLEX,0725,574,550,37.01494346462998,-118.23793360160022,0.958320140838623
CINDER_COMPLEX,0725,491,466,37.03733327793932,-118.26631833435502,0.9436843395233154
CINDER_COMPLEX,0725,538,450,37.02465470895692,-118.27172495011783,0.9343609809875488
CINDER_COMPLEX,0725,598,479,37.00846930174535,-118.26192545904773,0.9650652408599854
CINDER_COMPLEX,0725,588,436,37.011166869613945,-118.2764557389103,0.9205976128578186
CINDER_COMPLEX,0725,562,433,37.018180546072294,-118.27746947936583,0.8806728720664978
CINDER_COMPLEX,0725,525,464,37.028161547186095,-118.26699416132537,0.9732380509376526
CINDER_COMPLEX,0725,560,567,37.018720059646014,-118.23218907235223,0.7490585446357727
CINDER_COMPLEX,0725,581,434,37.01305516712196,-118.27713156588065,0.8502551913261414
CINDER_COMPLEX,0725,474,533,37.04191914331593,-118.24367813084821,0.9505954384803772
CINDER_COMPLEX,0725,569,476,37.01629224856428,-118.26293919950325,0.9803975820541382
CINDER_COMPLEX,0725,587,436,37.01143662640081,-118.2764557389103,0.9167848825454712
CINDER_COMPLEX,0725,617,479,37.003343922795025,-118.26192545904773,0.8114438652992249
CINDER_COMPLEX,0725,580,564,37.013324923908826,-118.23320281280776,0.5406224727630615
CINDER_COMPLEX,0725,557,547,37.01952933000659,-118.23894734205575,0.9330298900604248
CINDER_COMPLEX,0725,456,532,37.0467747654794,-118.24401604433339,0.7816652655601501
CINDER_COMPLEX,0725,563,573,37.01791078928544,-118.23016159144117,0.6430248618125916
CINDER_COMPLEX,0725,497,547,37.03571473721816,-118.23894734205575,0.5957092642784119
CINDER_COMPLEX,0725,510,457,37.032207898988986,-118.2693595557216,0.975732684135437
CINDER_COMPLEX,0725,532,452,37.02627324967808,-118.27104912314748,0.9307525753974915
CINDER_COMPLEX,0725,502,479,37.03436595328386,-118.26192545904773,0.9713847637176514
CINDER_COMPLEX,0725,564,430,37.017641032498574,-118.27848321982135,0.8616301417350769
CINDER_COMPLEX,0725,498,468,37.0354449804313,-118.26564250738467,0.9683452844619751
CINDER_COMPLEX,0725,578,445,37.013864437482546,-118.27341451754371,0.960848331451416
CINDER_COMPLEX,0725,576,442,37.01440395105626,-118.27442825799925,0.9352487325668335
CINDER_COMPLEX,0725,540,556,37.0241151953832,-118.23590612068917,0.9295737743377686
CINDER_COMPLEX,0725,570,451,37.01602249177742,-118.27138703663266,0.9674456715583801
CINDER_COMPLEX,0725,526,553,37.02789179039924,-118.2369198611447,0.5038526654243469
CINDER_COMPLEX,0725,508,475,37.032747412562706,-118.26327711298843,0.943268895149231
CINDER_COMPLEX,0725,447,456,37.049202576561136,-118.26969746920678,0.5755964517593384
CINDER_COMPLEX,0725,540,557,37.0241151953832,-118.23556820720398,0.9279853701591492
CINDER_COMPLEX,0725,498,453,37.0354449804313,-118.27071120966231,0.974033534526825
CINDER_COMPLEX,0725,474,530,37.04191914331593,-118.24469187130374,0.9370591044425964
CINDER_COMPLEX,0725,433,522,37.052979171577164,-118.24739517918515,0.8751929402351379
CINDER_COMPLEX,0725,454,514,37.04731427905312,-118.25009848706657,0.5384894013404846
CINDER_COMPLEX,0725,508,549,37.032747412562706,-118.2382715150854,0.7104960083961487
CINDER_COMPLEX,0725,465,515,37.04434695439766,-118.24976057358138,0.9053393602371216
CINDER_COMPLEX,0725,513,535,37.03139862862841,-118.24300230387786,0.9169771075248718
CINDER_COMPLEX,0725,556,479,37.01979908679345,-118.26192545904773,0.9788289070129395
CINDER_COMPLEX,0725,455,539,37.047044522266255,-118.24165064993716,0.7940908074378967
CINDER_COMPLEX,0725,591,445,37.01035759925337,-118.27341451754371,0.9719741940498352
CINDER_COMPLEX,0725,532,459,37.02627324967808,-118.26868372875124,0.9705737233161926
CINDER_COMPLEX,0725,506,535,37.03328692613643,-118.24300230387786,0.7616257667541504
CINDER_COMPLEX,0725,502,489,37.03436595328386,-118.25854632419596,0.9596500396728516
CINDER_COMPLEX,0725,503,529,37.034096196497,-118.24502978478893,0.8814443349838257
CINDER_COMPLEX,0725,544,558,37.02303616823576,-118.23523029371881,0.9113491177558899
CINDER_COMPLEX,0725,513,444,37.03139862862841,-118.2737524310289,0.950007438659668
CINDER_COMPLEX,0725,549,483,37.021687384301465,-118.26057380510701,0.9703972935676575
CINDER_COMPLEX,0725,446,530,37.04947233334799,-118.24469187130374,0.9392390251159668
CINDER_COMPLEX,0725,482,465,37.03976108902105,-118.26665624784019,0.9449170827865601
CINDER_COMPLEX,0725,576,479,37.01440395105626,-118.26192545904773,0.9692628383636475
CINDER_COMPLEX,0725,555,551,37.02006884358031,-118.23759568811505,0.9643357992172241
CINDER_COMPLEX,0725,585,553,37.01197613997453,-118.2369198611447,0.8307701945304871
CINDER_COMPLEX,0725,462,455,37.045156224758244,-118.27003538269196,0.930779755115509
CINDER_COMPLEX,0725,578,572,37.013864437482546,-118.23049950492634,0.7221671938896179
CINDER_COMPLEX,0725,517,452,37.03031960148097,-118.27104912314748,0.9591978788375854
CINDER_COMPLEX,0725,479,537,37.04057035938163,-118.24232647690751,0.8228870630264282
CINDER_COMPLEX,0725,583,538,37.01251565354824,-118.24198856342234,0.9151318669319153
CINDER_COMPLEX,0725,566,480,37.017101518924854,-118.26158754556255,0.9864897131919861
CINDER_COMPLEX,0725,547,562,37.022226897875186,-118.23387863977811,0.7956734299659729
CINDER_COMPLEX,0725,562,446,37.018180546072294,-118.27307660405853,0.9432833194732666
CINDER_COMPLEX,0725,576,563,37.01440395105626,-118.23354072629293,0.8560627698898315
CINDER_COMPLEX,0725,486,460,37.038682061873615,-118.26834581526607,0.9651389718055725
CINDER_COMPLEX,0725,476,458,37.04137962974221,-118.26902164223642,0.9684441089630127
CINDER_COMPLEX,0725,571,527,37.015752734990556,-118.24570561175928,0.8584387898445129
CINDER_COMPLEX,0725,552,540,37.02087811394089,-118.24131273645199,0.929175078868866
CINDER_COMPLEX,0725,455,513,37.047044522266255,-118.25043640055173,0.6563166379928589
CINDER_COMPLEX,0725,535,489,37.0254639793175,-118.25854632419596,0.9733101725578308
CINDER_COMPLEX,0725,488,477,37.038142548299895,-118.26260128601808,0.7791078090667725
CINDER_COMPLEX,0725,546,486,37.02249665466205,-118.2595600646515,0.9685679078102112
CINDER_COMPLEX,0725,496,445,37.03598449400502,-118.27341451754371,0.9719278812408447
CINDER_COMPLEX,0725,573,432,37.01521322141684,-118.277807392851,0.8076697587966919
CINDER_COMPLEX,0725,539,473,37.02438495217006,-118.26395293995878,0.9735543727874756
CINDER_COMPLEX,0725,538,480,37.02465470895692,-118.26158754556255,0.9716490507125854
CINDER_COMPLEX,0725,555,478,37.02006884358031,-118.2622633725329,0.9839717745780945
CINDER_COMPLEX,0725,562,536,37.018180546072294,-118.24266439039269,0.8135055303573608
CINDER_COMPLEX,0725,565,473,37.01737127571172,-118.26395293995878,0.9851863384246826
CINDER_COMPLEX,0725,598,557,37.00846930174535,-118.23556820720398,0.6597843170166016
CINDER_COMPLEX,0725,518,525,37.03004984469411,-118.24638143872963,0.965391993522644
CINDER_COMPLEX,0725,548,547,37.02195714108833,-118.23894734205575,0.9443790316581726
CINDER_COMPLEX,0725,570,549,37.01602249177742,-118.2382715150854,0.9596158862113953
CINDER_COMPLEX,0725,572,536,37.0154829782037,-118.24266439039269,0.8821070194244385
CINDER_COMPLEX,0725,580,547,37.013324923908826,-118.23894734205575,0.9518551230430603
CINDER_COMPLEX,0725,605,468,37.00658100423734,-118.26564250738467,0.993189811706543
CINDER_COMPLEX,0725,533,489,37.02600349289122,-118.25854632419596,0.9729626774787903
CINDER_COMPLEX,0725,581,470,37.01305516712196,-118.2649666804143,0.9929199814796448
CINDER_COMPLEX,0725,470,452,37.04299817046336,-118.27104912314748,0.9661646485328674
CINDER_COMPLEX,0725,546,489,37.02249665466205,-118.25854632419596,0.9724532961845398
CINDER_COMPLEX,0725,576,548,37.01440395105626,-118.23860942857057,0.9462957978248596
CINDER_COMPLEX,0725,578,560,37.013864437482546,-118.23455446674846,0.8479088544845581
CINDER_COMPLEX,0725,453,531,37.047584035839975,-118.24435395781856,0.8434512615203857
CINDER_COMPLEX,0725,577,451,37.0141341942694,-118.27138703663266,0.9821288585662842
CINDER_COMPLEX,0725,521,463,37.029240574333535,-118.26733207481054,0.97358638048172
CINDER_COMPLEX,0725,464,534,37.044616711184524,-118.24334021736304,0.9627824425697327
CINDER_COMPLEX,0725,445,535,37.04974209013485,-118.24300230387786,0.8753725290298462
CINDER_COMPLEX,0725,507,465,37.03301716934956,-118.26665624784019,0.9732837080955505
CINDER_COMPLEX,0725,565,439,37.01737127571172,-118.27544199845477,0.9260932803153992
CINDER_COMPLEX,0725,583,553,37.01251565354824,-118.2369198611447,0.889733612537384
CINDER_COMPLEX,0725,534,546,37.02573373610436,-118.23928525554092,0.8861690163612366
CINDER_COMPLEX,0725,551,486,37.021147870727745,-118.2595600646515,0.9749511480331421
CINDER_COMPLEX,0725,521,530,37.029240574333535,-118.24469187130374,0.9542593955993652
CINDER_COMPLEX,0725,527,491,37.027622033612374,-118.25787049722561,0.9723170399665833
CINDER_COMPLEX,0725,515,480,37.03085911505469,-118.26158754556255,0.9656199812889099
CINDER_COMPLEX,0725,524,457,37.02843130397295,-118.2693595557216,0.9668709635734558
CINDER_COMPLEX,0725,504,532,37.03382643971015,-118.24401604433339,0.9184356927871704
CINDER_COMPLEX,0725,574,535,37.01494346462998,-118.24300230387786,0.9341556429862976
CINDER_COMPLEX,0725,467,529,37.04380744082395,-118.24502978478893,0.913293719291687
CINDER_COMPLEX,0725,482,478,37.03976108902105,-118.2622633725329,0.6513991951942444
CINDER_COMPLEX,0725,460,457,37.04569573833196,-118.2693595557216,0.8638776540756226
CINDER_COMPLEX,0725,491,528,37.03733327793932,-118.2453676982741,0.9281384944915771
CINDER_COMPLEX,0725,611,474,37.00496246351618,-118.2636150264736,0.9547139406204224
CINDER_COMPLEX,0725,506,464,37.03328692613643,-118.26699416132537,0.9734700918197632
CINDER_COMPLEX,0725,533,447,37.02600349289122,-118.27273869057336,0.8865604400634766
CINDER_COMPLEX,0725,555,545,37.02006884358031,-118.2396231690261,0.9510751366615295
CINDER_COMPLEX,0725,488,528,37.038142548299895,-118.2453676982741,0.9236919283866882
CINDER_COMPLEX,0725,595,550,37.009278572105934,-118.23793360160022,0.8811545372009277
CINDER_COMPLEX,0725,527,442,37.027622033612374,-118.27442825799925,0.8842411637306213
CINDER_COMPLEX,0725,566,541,37.017101518924854,-118.2409748229668,0.9691630005836487
CINDER_COMPLEX,0725,434,526,37.05270941479031,-118.24604352524445,0.8769888877868652
CINDER_COMPLEX,0725,530,442,37.0268127632518,-118.27442825799925,0.878044068813324
CINDER_COMPLEX,0725,479,460,37.04057035938163,-118.26834581526607,0.9663638472557068
CINDER_COMPLEX,0725,488,471,37.038142548299895,-118.26462876692914,0.8412660956382751
CINDER_COMPLEX,0725,536,543,37.025194222530644,-118.24029899599645,0.8740213513374329
CINDER_COMPLEX,0725,595,480,37.009278572105934,-118.26158754556255,0.7364626526832581
CINDER_COMPLEX,0725,522,546,37.02897081754667,-118.23928525554092,0.7867526412010193
CINDER_COMPLEX,0725,606,457,37.006311247450476,-118.2693595557216,0.9957009553909302
CINDER_COMPLEX,0725,563,566,37.01791078928544,-118.2325269858374,0.8237276077270508
CINDER_COMPLEX,0725,568,481,37.01656200535114,-118.26124963207738,0.9762505888938904
CINDER_COMPLEX,0725,491,473,37.03733327793932,-118.26395293995878,0.8290694355964661
CINDER_COMPLEX,0725,452,542,37.04785379262684,-118.24063690948162,0.5791822671890259
CINDER_COMPLEX,0725,469,536,37.04326792725023,-118.24266439039269,0.9073000550270081
CINDER_COMPLEX,0725,511,448,37.03193814220213,-118.27240077708818,0.9646702408790588
CINDER_COMPLEX,0725,560,523,37.018720059646014,-118.24705726569998,0.771508514881134
CINDER_COMPLEX,0725,506,530,37.03328692613643,-118.24469187130374,0.7031908631324768
CINDER_COMPLEX,0725,566,438,37.017101518924854,-118.27577991193995,0.9181046485900879
CINDER_COMPLEX,0725,548,487,37.02195714108833,-118.25922215116631,0.9654635190963745
CINDER_COMPLEX,0725,568,503,37.01656200535114,-118.2538155354035,0.8500177264213562
CINDER_COMPLEX,0725,493,466,37.0367937643656,-118.26631833435502,0.9539228677749634
CINDER_COMPLEX,0725,486,448,37.038682061873615,-118.27240077708818,0.97193443775177
CINDER_COMPLEX,0725,558,459,37.019259573219735,-118.26868372875124,0.9718392491340637
CINDER_COMPLEX,0725,468,538,37.043537684037084,-118.24198856342234,0.9399992823600769
CINDER_COMPLEX,0725,509,490,37.03247765577585,-118.2582084107108,0.9711213111877441
CINDER_COMPLEX,0725,570,439,37.01602249177742,-118.27544199845477,0.9065327644348145
CINDER_COMPLEX,0725,509,523,37.03247765577585,-118.24705726569998,0.9501246213912964
CINDER_COMPLEX,0725,565,475,37.01737127571172,-118.26327711298843,0.9831537008285522
CINDER_COMPLEX,0725,521,471,37.029240574333535,-118.26462876692914,0.9725683927536011
CINDER_COMPLEX,0725,610,467,37.00523222030304,-118.26598042086984,0.9915250539779663
CINDER_COMPLEX,0725,513,453,37.03139862862841,-118.27071120966231,0.9702358245849609
CINDER_COMPLEX,0725,567,567,37.016831762138,-118.23218907235223,0.8016899824142456
CINDER_COMPLEX,0725,506,475,37.03328692613643,-118.26327711298843,0.9669381380081177
CINDER_COMPLEX,0725,593,555,37.00981808567965,-118.23624403417433,0.6000003814697266
CINDER_COMPLEX,0725,444,527,37.05001184692171,-118.24570561175928,0.915656328201294
CINDER_COMPLEX,0725,509,526,37.03247765577585,-118.24604352524445,0.9554709196090698
CINDER_COMPLEX,0725,455,531,37.047044522266255,-118.24435395781856,0.8569372892379761
CINDER_COMPLEX,0725,509,465,37.03247765577585,-118.26665624784019,0.973334014415741
CINDER_COMPLEX,0725,565,567,37.01737127571172,-118.23218907235223,0.8408421874046326
CINDER_COMPLEX,0725,439,523,37.05136063085601,-118.24705726569998,0.8528351783752441
CINDER_COMPLEX,0725,545,558,37.022766411448906,-118.23523029371881,0.8955082297325134
CINDER_COMPLEX,0725,590,439,37.01062735604023,-118.27544199845477,0.9461007714271545
CINDER_COMPLEX,0725,438,524,37.05163038764287,-118.2467193522148,0.8235183358192444
CINDER_COMPLEX,0725,583,443,37.01251565354824,-118.27409034451406,0.9440587162971497
CINDER_COMPLEX,0725,458,530,37.04623525190568,-118.24469187130374,0.9404776096343994
CINDER_COMPLEX,0725,602,462,37.00739027459792,-118.26766998829572,0.9965803623199463
CINDER_COMPLEX,0725,517,451,37.03031960148097,-118.27138703663266,0.955498218536377
CINDER_COMPLEX,0725,606,455,37.006311247450476,-118.27003538269196,0.9945188760757446
CINDER_COMPLEX,0725,514,517,37.031128871841545,-118.24908474661103,0.9767431020736694
CINDER_COMPLEX,0725,540,490,37.0241151953832,-118.2582084107108,0.9696826934814453
CINDER_COMPLEX,0725,463,530,37.04488646797138,-118.24469187130374,0.967101514339447
CINDER_COMPLEX,0725,513,545,37.03139862862841,-118.2396231690261,0.901116132736206
CINDER_COMPLEX,0725,577,487,37.0141341942694,-118.25922215116631,0.9219661355018616
CINDER_COMPLEX,0725,480,533,37.04030060259477,-118.24367813084821,0.9434181451797485
CINDER_COMPLEX,0725,570,467,37.01602249177742,-118.26598042086984,0.984614908695221
CINDER_COMPLEX,0725,497,452,37.03571473721816,-118.27104912314748,0.9737241864204407
CINDER_COMPLEX,0725,533,450,37.02600349289122,-118.27172495011783,0.9198814630508423
CINDER_COMPLEX,0725,512,513,37.031668385415266,-118.25043640055173,0.9870931506156921
CINDER_COMPLEX,0725,471,448,37.04272841367651,-118.27240077708818,0.9661931395530701
CINDER_COMPLEX,0725,558,556,37.019259573219735,-118.23590612068917,0.9597183465957642
CINDER_COMPLEX,0725,586,531,37.011706383187665,-118.24435395781856,0.751304030418396
CINDER_COMPLEX,0725,552,554,37.02087811394089,-118.23658194765952,0.9312925934791565
CINDER_COMPLEX,0725,583,451,37.01251565354824,-118.27138703663266,0.983136773109436
CINDER_COMPLEX,0725,454,536,37.04731427905312,-118.24266439039269,0.6592155694961548
CINDER_COMPLEX,0725,582,502,37.012785410335105,-118.25415344888867,0.5803501605987549
CINDER_COMPLEX,0725,573,528,37.01521322141684,-118.2453676982741,0.8322860598564148
CINDER_COMPLEX,0725,601,481,37.00766003138477,-118.26124963207738,0.6780556440353394
CINDER_COMPLEX,0725,546,461,37.02249665466205,-118.26800790178089,0.9727817177772522
CINDER_COMPLEX,0725,595,545,37.009278572105934,-118.2396231690261,0.8894771337509155
CINDER_COMPLEX,0725,499,543,37.035175223644444,-118.24029899599645,0.8605002760887146
CINDER_COMPLEX,0725,554,448,37.02033860036717,-118.27240077708818,0.9428181052207947
CINDER_COMPLEX,0725,568,462,37.01656200535114,-118.26766998829572,0.9825505614280701
CINDER_COMPLEX,0725,518,451,37.03004984469411,-118.27138703663266,0.9526883363723755
CINDER_COMPLEX,0725,614,472,37.0041531931556,-118.26429085344395,0.9480009078979492
CINDER_COMPLEX,0725,578,567,37.013864437482546,-118.23218907235223,0.678309440612793
CINDER_COMPLEX,0725,464,522,37.044616711184524,-118.24739517918515,0.9202554225921631
CINDER_COMPLEX,0725,596,456,37.00900881531907,-118.26969746920678,0.9955563545227051
CINDER_COMPLEX,0725,535,448,37.0254639793175,-118.27240077708818,0.8973671197891235
CINDER_COMPLEX,0725,562,533,37.018180546072294,-118.24367813084821,0.9048293232917786
CINDER_COMPLEX,0725,554,548,37.02033860036717,-118.23860942857057,0.9344975352287292
CINDER_COMPLEX,0725,435,525,37.05243965800345,-118.24638143872963,0.8635615110397339
CINDER_COMPLEX,0725,598,475,37.00846930174535,-118.26327711298843,0.9918410181999207
CINDER_COMPLEX,0725,516,544,37.03058935826783,-118.23996108251127,0.9070608615875244
CINDER_COMPLEX,0725,525,487,37.028161547186095,-118.25922215116631,0.9724268913269043
CINDER_COMPLEX,0725,589,460,37.01089711282709,-118.26834581526607,0.9943111538887024
CINDER_COMPLEX,0725,437,520,37.05190014442973,-118.2480710061555,0.7040827870368958
CINDER_COMPLEX,0725,427,521,37.054597712298325,-118.24773309267033,0.6313419342041016
CINDER_COMPLEX,0725,557,551,37.01952933000659,-118.23759568811505,0.9555351734161377
CINDER_COMPLEX,0725,506,527,37.03328692613643,-118.24570561175928,0.8589341044425964
CINDER_COMPLEX,0725,533,482,37.02600349289122,-118.2609117185922,0.9727154970169067
CINDER_COMPLEX,0725,464,529,37.044616711184524,-118.24502978478893,0.9277181625366211
CINDER_COMPLEX,0725,583,535,37.01251565354824,-118.24300230387786,0.8484852313995361
CINDER_COMPLEX,0725,589,444,37.01089711282709,-118.2737524310289,0.965064525604248
CINDER_COMPLEX,0725,507,441,37.03301716934956,-118.27476617148442,0.9621830582618713
CINDER_COMPLEX,0725,504,481,37.03382643971015,-118.26124963207738,0.9723901748657227
CINDER_COMPLEX,0725,583,454,37.01251565354824,-118.27037329617713,0.9880560040473938
CINDER_COMPLEX,0725,569,454,37.01629224856428,-118.27037329617713,0.9731491804122925
CINDER_COMPLEX,0725,555,536,37.02006884358031,-118.24266439039269,0.8869319558143616
CINDER_COMPLEX,0725,595,468,37.009278572105934,-118.26564250738467,0.9960113167762756
CINDER_COMPLEX,0725,523,479,37.028701060759815,-118.26192545904773,0.9723446369171143
CINDER_COMPLEX,0725,527,490,37.027622033612374,-118.2582084107108,0.9723035097122192
CINDER_COMPLEX,0725,525,550,37.028161547186095,-118.23793360160022,0.7624238133430481
CINDER_COMPLEX,0725,506,521,37.03328692613643,-118.24773309267033,0.9490574598312378
CINDER_COMPLEX,0725,429,523,37.054058198724604,-118.24705726569998,0.879368245601654
CINDER_COMPLEX,0725,505,486,37.03355668292328,-118.2595600646515,0.9733370542526245
CINDER_COMPLEX,0725,566,561,37.017101518924854,-118.23421655326328,0.9297313690185547
CINDER_COMPLEX,0725,471,530,37.04272841367651,-118.24469187130374,0.9641435742378235
CINDER_COMPLEX,0725,549,549,37.021687384301465,-118.2382715150854,0.9167153239250183
CINDER_COMPLEX,0725,555,437,37.02006884358031,-118.27611782542512,0.9160019159317017
CINDER_COMPLEX,0725,536,477,37.025194222530644,-118.26260128601808,0.9752185940742493
CINDER_COMPLEX,0725,505,474,37.03355668292328,-118.2636150264736,0.9730742573738098
CINDER_COMPLEX,0725,544,476,37.02303616823576,-118.26293919950325,0.9719919562339783
CINDER_COMPLEX,0725,513,454,37.03139862862841,-118.27037329617713,0.9724215865135193
CINDER_COMPLEX,0725,525,490,37.028161547186095,-118.2582084107108,0.9723431468009949
CINDER_COMPLEX,0725,572,541,37.0154829782037,-118.2409748229668,0.9477131366729736
CINDER_COMPLEX,0725,531,449,37.02654300646494,-118.27206286360301,0.9040611386299133
CINDER_COMPLEX,0725,616,475,37.00361367958188,-118.26327711298843,0.9246236085891724
CINDER_COMPLEX,0725,513,543,37.03139862862841,-118.24029899599645,0.8818157315254211
CINDER_COMPLEX,0725,578,552,37.013864437482546,-118.23725777462987,0.88779217004776
CINDER_COMPLEX,0725,525,547,37.028161547186095,-118.23894734205575,0.7556540966033936
CINDER_COMPLEX,0725,550,442,37.02141762751461,-118.27442825799925,0.9351749420166016
CINDER_COMPLEX,0725,574,454,37.01494346462998,-118.27037329617713,0.9833669662475586
CINDER_COMPLEX,0725,480,475,37.04030060259477,-118.26327711298843,0.574704110622406
CINDER_COMPLEX,0725,457,532,37.04650500869254,-118.24401604433339,0.8309341669082642
CINDER_COMPLEX,0725,431,525,37.053518685150884,-118.24638143872963,0.7301543354988098
CINDER_COMPLEX,0725,491,486,37.03733327793932,-118.2595600646515,0.6788122057914734
CINDER_COMPLEX,0725,465,457,37.04434695439766,-118.2693595557216,0.9253714084625244
CINDER_COMPLEX,0725,596,548,37.00900881531907,-118.23860942857057,0.9180907011032104
CINDER_COMPLEX,0725,582,533,37.012785410335105,-118.24367813084821,0.9324237704277039
CINDER_COMPLEX,0725,543,559,37.023305925022626,-118.23489238023363,0.9329821467399597
CINDER_COMPLEX,0725,471,468,37.04272841367651,-118.26564250738467,0.6856518387794495
CINDER_COMPLEX,0725,541,437,37.02384543859635,-118.27611782542512,0.8835147619247437
CINDER_COMPLEX,0725,531,463,37.02654300646494,-118.26733207481054,0.9722661972045898
CINDER_COMPLEX,0725,486,477,37.038682061873615,-118.26260128601808,0.5099693536758423
CINDER_COMPLEX,0725,588,483,37.011166869613945,-118.26057380510701,0.8723709583282471
CINDER_COMPLEX,0725,455,518,37.047044522266255,-118.24874683312585,0.7065266966819763
CINDER_COMPLEX,0725,534,482,37.02573373610436,-118.2609117185922,0.9727636575698853
CINDER_COMPLEX,0725,542,540,37.02357568180948,-118.24131273645199,0.8210102915763855
CINDER_COMPLEX,0725,461,534,37.0454259815451,-118.24334021736304,0.9511494040489197
CINDER_COMPLEX,0725,553,485,37.02060835715403,-118.25989797813666,0.9821222424507141
CINDER_COMPLEX,0725,531,467,37.02654300646494,-118.26598042086984,0.9739919900894165
CINDER_COMPLEX,0725,572,450,37.0154829782037,-118.27172495011783,0.9733414649963379
CINDER_COMPLEX,0725,604,450,37.0068507610242,-118.27172495011783,0.9904285073280334
CINDER_COMPLEX,0725,488,473,37.038142548299895,-118.26395293995878,0.7775167226791382
CINDER_COMPLEX,0725,532,456,37.02627324967808,-118.26969746920678,0.9603785276412964
CINDER_COMPLEX,0725,583,473,37.01251565354824,-118.26395293995878,0.9915502071380615
CINDER_COMPLEX,0725,585,572,37.01197613997453,-118.23049950492634,0.5235760807991028
CINDER_COMPLEX,0725,602,452,37.00739027459792,-118.27104912314748,0.9935972690582275
CINDER_COMPLEX,0725,576,464,37.01440395105626,-118.26699416132537,0.9921387434005737
CINDER_COMPLEX,0725,508,516,37.032747412562706,-118.24942266009622,0.9832356572151184
CINDER_COMPLEX,0725,603,472,37.00712051781105,-118.26429085344395,0.9882246255874634
CINDER_COMPLEX,0725,569,444,37.01629224856428,-118.2737524310289,0.9482777714729309
CINDER_COMPLEX,0725,518,474,37.03004984469411,-118.2636150264736,0.9723821878433228
CINDER_COMPLEX,0725,489,541,37.03787279151304,-118.2409748229668,0.7513877749443054
CINDER_COMPLEX,0725,590,469,37.01062735604023,-118.26530459389949,0.9958627820014954
CINDER_COMPLEX,0725,594,471,37.00954832889279,-118.26462876692914,0.9960665702819824
CINDER_COMPLEX,0725,526,486,37.02789179039924,-118.2595600646515,0.9724103808403015
CINDER_COMPLEX,0725,502,532,37.03436595328386,-118.24401604433339,0.92433762550354
CINDER_COMPLEX,0725,491,447,37.03733327793932,-118.27273869057336,0.9722524285316467
CINDER_COMPLEX,0725,595,555,37.009278572105934,-118.23624403417433,0.8126813769340515
CINDER_COMPLEX,0725,574,457,37.01494346462998,-118.2693595557216,0.9885085225105286
CINDER_COMPLEX,0725,525,534,37.028161547186095,-118.24334021736304,0.9495726227760315
CINDER_COMPLEX,0725,496,497,37.03598449400502,-118.25584301631456,0.9448516964912415
CINDER_COMPLEX,0725,463,535,37.04488646797138,-118.24300230387786,0.9115556478500366
CINDER_COMPLEX,0725,575,531,37.01467370784312,-118.24435395781856,0.8600640892982483
CINDER_COMPLEX,0725,588,554,37.011166869613945,-118.23658194765952,0.7199717164039612
CINDER_COMPLEX,0725,544,484,37.02303616823576,-118.26023589162185,0.9712393879890442
CINDER_COMPLEX,0725,602,447,37.00739027459792,-118.27273869057336,0.9903045296669006
CINDER_COMPLEX,0725,562,524,37.018180546072294,-118.2467193522148,0.678686797618866
CINDER_COMPLEX,0725,545,474,37.022766411448906,-118.2636150264736,0.9737311005592346
CINDER_COMPLEX,0725,573,509,37.01521322141684,-118.25178805449244,0.7795676589012146
CINDER_COMPLEX,0725,488,539,37.038142548299895,-118.24165064993716,0.534022331237793
CINDER_COMPLEX,0725,518,530,37.03004984469411,-118.24469187130374,0.9491010308265686
CINDER_COMPLEX,0725,563,557,37.01791078928544,-118.23556820720398,0.9387875199317932
CINDER_COMPLEX,0725,570,469,37.01602249177742,-118.26530459389949,0.9848897457122803
CINDER_COMPLEX,0725,425,522,37.055137225872045,-118.24739517918515,0.7900846600532532
CINDER_COMPLEX,0725,585,462,37.01197613997453,-118.26766998829572,0.9934018850326538
CINDER_COMPLEX,0725,550,541,37.02141762751461,-118.2409748229668,0.7842096090316772
CINDER_COMPLEX,0725,599,455,37.008199544958494,-118.27003538269196,0.9956108927726746
CINDER_COMPLEX,0725,492,488,37.037063521152454,-118.25888423768114,0.6866468191146851
CINDER_COMPLEX,0725,471,519,37.04272841367651,-118.24840891964068,0.9245234131813049
CINDER_COMPLEX,0725,575,456,37.01467370784312,-118.26969746920678,0.9876905083656311
CINDER_COMPLEX,0725,482,461,37.03976108902105,-118.26800790178089,0.9676781296730042
CINDER_COMPLEX,0725,580,445,37.013324923908826,-118.27341451754371,0.9607287645339966
CINDER_COMPLEX,0725,557,440,37.01952933000659,-118.2751040849696,0.9299198985099792
CINDER_COMPLEX,0725,519,470,37.02978008790725,-118.2649666804143,0.9727919697761536
CINDER_COMPLEX,0725,551,558,37.021147870727745,-118.23523029371881,0.927069902420044
CINDER_COMPLEX,0725,515,454,37.03085911505469,-118.27037329617713,0.9694762229919434
CINDER_COMPLEX,0725,468,452,37.043537684037084,-118.27104912314748,0.9630635380744934
CINDER_COMPLEX,0725,488,481,37.038142548299895,-118.26124963207738,0.7743750214576721
CINDER_COMPLEX,0725,555,553,37.02006884358031,-118.2369198611447,0.9636799097061157
CINDER_COMPLEX,0725,505,547,37.03355668292328,-118.23894734205575,0.7926521897315979
CINDER_COMPLEX,0725,582,528,37.012785410335105,-118.2453676982741,0.6979693174362183
CINDER_COMPLEX,0725,460,543,37.04569573833196,-118.24029899599645,0.7045305967330933
CINDER_COMPLEX,0725,505,499,37.03355668292328,-118.2551671893442,0.9699966907501221
CINDER_COMPLEX,0725,516,551,37.03058935826783,-118.23759568811505,0.8027700781822205
CINDER_COMPLEX,0725,450,523,37.04839330620055,-118.24705726569998,0.907855749130249
CINDER_COMPLEX,0725,457,542,37.04650500869254,-118.24063690948162,0.5996628403663635
CINDER_COMPLEX,0725,585,444,37.01197613997453,-118.2737524310289,0.9557072520256042
CINDER_COMPLEX,0725,484,480,37.039221575447336,-118.26158754556255,0.6075610518455505
CINDER_COMPLEX,0725,488,450,37.038142548299895,-118.27172495011783,0.9723899364471436
CINDER_COMPLEX,0725,575,481,37.01467370784312,-118.26124963207738,0.9703468680381775
CINDER_COMPLEX,0725,577,537,37.0141341942694,-118.24232647690751,0.9309040307998657
CINDER_COMPLEX,0725,445,530,37.04974209013485,-118.24469187130374,0.9246222972869873
CINDER_COMPLEX,0725,602,550,37.00739027459792,-118.23793360160022,0.8101657032966614
CINDER_COMPLEX,0725,553,459,37.02060835715403,-118.26868372875124,0.9691067934036255
CINDER_COMPLEX,0725,576,530,37.01440395105626,-118.24469187130374,0.6037583947181702
CINDER_COMPLEX,0725,540,549,37.0241151953832,-118.2382715150854,0.9349968433380127
CINDER_COMPLEX,0725,568,524,37.01656200535114,-118.2467193522148,0.6411399841308594
CINDER_COMPLEX,0725,548,545,37.02195714108833,-118.2396231690261,0.9360814094543457
CINDER_COMPLEX,0725,555,537,37.02006884358031,-118.24232647690751,0.926724910736084
CINDER_COMPLEX,0725,533,552,37.02600349289122,-118.23725777462987,0.9278292655944824
CINDER_COMPLEX,0725,498,525,37.0354449804313,-118.24638143872963,0.908257007598877
CINDER_COMPLEX,0725,488,448,37.038142548299895,-118.27240077708818,0.9719497561454773
CINDER_COMPLEX,0725,437,527,37.05190014442973,-118.24570561175928,0.9168981313705444
CINDER_COMPLEX,0725,463,543,37.04488646797138,-118.24029899599645,0.6132736206054688
CINDER_COMPLEX,0725,469,467,37.04326792725023,-118.26598042086984,0.6088002920150757
CINDER_COMPLEX,0725,539,555,37.02438495217006,-118.23624403417433,0.9452614188194275
CINDER_COMPLEX,0725,537,562,37.02492446574378,-118.23387863977811,0.5063996911048889
CINDER_COMPLEX,0725,564,472,37.017641032498574,-118.26429085344395,0.9827700257301331
CINDER_COMPLEX,0725,571,555,37.015752734990556,-118.23624403417433,0.9510850310325623
CINDER_COMPLEX,0725,526,461,37.02789179039924,-118.26800790178089,0.9712226390838623
CINDER_COMPLEX,0725,598,464,37.00846930174535,-118.26699416132537,0.9968953728675842
CINDER_COMPLEX,0725,505,443,37.03355668292328,-118.27409034451406,0.968191385269165
CINDER_COMPLEX,0725,602,469,37.00739027459792,-118.26530459389949,0.9954476952552795
CINDER_COMPLEX,0725,594,463,37.00954832889279,-118.26733207481054,0.9957436919212341
CINDER_COMPLEX,0725,591,455,37.01035759925337,-118.27003538269196,0.9934326410293579
CINDER_COMPLEX,0725,525,476,37.028161547186095,-118.26293919950325,0.9722994565963745
CINDER_COMPLEX,0725,606,475,37.006311247450476,-118.26327711298843,0.962256908416748
CINDER_COMPLEX,0725,439,526,37.05136063085601,-118.24604352524445,0.8779801726341248
CINDER_COMPLEX,0725,490,445,37.037603034726175,-118.27341451754371,0.9716005325317383
CINDER_COMPLEX,0725,558,569,37.019259573219735,-118.23151324538188,0.7465628981590271
CINDER_COMPLEX,0725,585,457,37.01197613997453,-118.2693595557216,0.992118239402771
CINDER_COMPLEX,0725,471,465,37.04272841367651,-118.26665624784019,0.7388795614242554
CINDER_COMPLEX,0725,589,560,37.01089711282709,-118.23455446674846,0.558850884437561
CINDER_COMPLEX,0725,584,532,37.012245896761385,-118.24401604433339,0.5245705246925354
CINDER_COMPLEX,0725,547,477,37.022226897875186,-118.26260128601808,0.9715068340301514
CINDER_COMPLEX,0725,577,485,37.0141341942694,-118.25989797813666,0.9403586387634277
CINDER_COMPLEX,0725,483,480,37.03949133223419,-118.26158754556255,0.6068997979164124
CINDER_COMPLEX,0725,503,464,37.034096196497,-118.26699416132537,0.9725697040557861
CINDER_COMPLEX,0725,486,468,37.038682061873615,-118.26564250738467,0.9230055212974548
CINDER_COMPLEX,0725,499,491,37.035175223644444,-118.25787049722561,0.9466806650161743
CINDER_COMPLEX,0725,583,458,37.01251565354824,-118.26902164223642,0.9909777045249939
CINDER_COMPLEX,0725,567,533,37.016831762138,-118.24367813084821,0.9553061127662659
CINDER_COMPLEX,0725,567,434,37.016831762138,-118.27713156588065,0.8766962885856628
CINDER_COMPLEX,0725,567,552,37.016831762138,-118.23725777462987,0.9518001079559326
CINDER_COMPLEX,0725,579,533,37.01359468069568,-118.24367813084821,0.6819889545440674
CINDER_COMPLEX,0725,580,461,37.013324923908826,-118.26800790178089,0.990473210811615
CINDER_COMPLEX,0725,589,482,37.01089711282709,-118.2609117185922,0.9148399233818054
CINDER_COMPLEX,0725,457,459,37.04650500869254,-118.26868372875124,0.5472978353500366
CINDER_COMPLEX,0725,473,539,37.042188900102786,-118.24165064993716,0.9077499508857727
CINDER_COMPLEX,0725,568,508,37.01656200535114,-118.25212596797762,0.7417209148406982
CINDER_COMPLEX,0725,551,475,37.021147870727745,-118.26327711298843,0.9751049876213074
CINDER_COMPLEX,0725,543,467,37.023305925022626,-118.26598042086984,0.9798991084098816
CINDER_COMPLEX,0725,420,524,37.05648600980634,-118.2467193522148,0.7997304797172546
CINDER_COMPLEX,0725,587,444,37.01143662640081,-118.2737524310289,0.9575323462486267
CINDER_COMPLEX,0725,492,471,37.037063521152454,-118.26462876692914,0.8782827854156494
CINDER_COMPLEX,0725,494,457,37.03652400757874,-118.2693595557216,0.9701168537139893
CINDER_COMPLEX,0725,581,474,37.01305516712196,-118.2636150264736,0.9912790656089783
CINDER_COMPLEX,0725,488,527,37.038142548299895,-118.24570561175928,0.9240570068359375
CINDER_COMPLEX,0725,506,531,37.03328692613643,-118.24435395781856,0.7783301472663879
CINDER_COMPLEX,0725,514,479,37.031128871841545,-118.26192545904773,0.9679170846939087
CINDER_COMPLEX,0725,514,478,37.031128871841545,-118.2622633725329,0.9607598781585693
CINDER_COMPLEX,0725,544,451,37.02303616823576,-118.27138703663266,0.9461368918418884
CINDER_COMPLEX,0725,589,455,37.01089711282709,-118.27003538269196,0.9919827580451965
CINDER_COMPLEX,0725,481,470,37.04003084580791,-118.2649666804143,0.8810138702392578
CINDER_COMPLEX,0725,587,451,37.01143662640081,-118.27138703663266,0.9861385822296143
CINDER_COMPLEX,0725,489,460,37.03787279151304,-118.26834581526607,0.9653673768043518
CINDER_COMPLEX,0725,579,568,37.01359468069568,-118.23185115886704,0.6291464567184448
CINDER_COMPLEX,0725,581,558,37.01305516712196,-118.23523029371881,0.8096646666526794
CINDER_COMPLEX,0725,476,468,37.04137962974221,-118.26564250738467,0.8829705715179443
CINDER_COMPLEX,0725,473,541,37.042188900102786,-118.2409748229668,0.8757787346839905
CINDER_COMPLEX,0725,491,459,37.03733327793932,-118.26868372875124,0.9680024981498718
CINDER_COMPLEX,0725,445,526,37.04974209013485,-118.24604352524445,0.9305576086044312
CINDER_COMPLEX,0725,489,461,37.03787279151304,-118.26800790178089,0.9645565748214722
CINDER_COMPLEX,0725,500,533,37.03490546685758,-118.24367813084821,0.9076893329620361
CINDER_COMPLEX,0725,550,440,37.02141762751461,-118.2751040849696,0.9252627491950989
CINDER_COMPLEX,0725,515,535,37.03085911505469,-118.24300230387786,0.9316235184669495
CINDER_COMPLEX,0725,488,453,37.038142548299895,-118.27071120966231,0.9725984334945679
CINDER_COMPLEX,0725,438,528,37.05163038764287,-118.2453676982741,0.9027577638626099
CINDER_COMPLEX,0725,535,477,37.0254639793175,-118.26260128601808,0.973732054233551
CINDER_COMPLEX,0725,532,448,37.02627324967808,-118.27240077708818,0.8935730457305908
CINDER_COMPLEX,0725,498,443,37.0354449804313,-118.27409034451406,0.9713464975357056
CINDER_COMPLEX,0725,569,505,37.01629224856428,-118.25313970843315,0.6178703904151917
CINDER_COMPLEX,0725,469,524,37.04326792725023,-118.2467193522148,0.9086782336235046
CINDER_COMPLEX,0725,523,485,37.028701060759815,-118.25989797813666,0.9710644483566284
CINDER_COMPLEX,0725,476,543,37.04137962974221,-118.24029899599645,0.7398532032966614
CINDER_COMPLEX,0725,586,453,37.011706383187665,-118.27071120966231,0.9891279339790344
CINDER_COMPLEX,0725,478,455,37.04084011616849,-118.27003538269196,0.9718760251998901
CINDER_COMPLEX,0725,558,543,37.019259573219735,-118.24029899599645,0.9328988790512085
CINDER_COMPLEX,0725,503,446,37.034096196497,-118.27307660405853,0.9720215201377869
CINDER_COMPLEX,0725,569,439,37.01629224856428,-118.27544199845477,0.9097107648849487
CINDER_COMPLEX,0725,531,477,37.02654300646494,-118.26260128601808,0.9724891185760498
CINDER_COMPLEX,0725,453,536,37.047584035839975,-118.24266439039269,0.6808713674545288
CINDER_COMPLEX,0725,526,458,37.02789179039924,-118.26902164223642,0.9665060639381409
CINDER_COMPLEX,0725,556,464,37.01979908679345,-118.26699416132537,0.9784637689590454
CINDER_COMPLEX,0725,556,430,37.01979908679345,-118.27848321982135,0.799953281879425
CINDER_COMPLEX,0725,445,523,37.04974209013485,-118.24705726569998,0.8884591460227966
CINDER_COMPLEX,0725,563,544,37.01791078928544,-118.23996108251127,0.9423432350158691
CINDER_COMPLEX,0725,598,472,37.00846930174535,-118.26429085344395,0.9950994253158569
CINDER_COMPLEX,0725,573,543,37.01521322141684,-118.24029899599645,0.9666309356689453
CINDER_COMPLEX,0725,477,452,37.041109872955346,-118.27104912314748,0.9707078337669373
CINDER_COMPLEX,0725,485,456,37.03895181866047,-118.26969746920678,0.971612811088562
CINDER_COMPLEX,0725,583,465,37.01251565354824,-118.26665624784019,0.993698000907898
CINDER_COMPLEX,0725,464,532,37.044616711184524,-118.24401604433339,0.9544722437858582
CINDER_COMPLEX,0725,547,480,37.022226897875186,-118.26158754556255,0.971851110458374
CINDER_COMPLEX,0725,586,454,37.011706383187665,-118.27037329617713,0.99085533618927
CINDER_COMPLEX,0725,478,463,37.04084011616849,-118.26733207481054,0.9453399181365967
CINDER_COMPLEX,0725,581,488,37.01305516712196,-118.25888423768114,0.6270842552185059
CINDER_COMPLEX,0725,535,551,37.0254639793175,-118.23759568811505,0.9127680063247681
CINDER_COMPLEX,0725,458,451,37.04623525190568,-118.27138703663266,0.9453408718109131
CINDER_COMPLEX,0725,616,476,37.00361367958188,-118.26293919950325,0.8772103786468506
CINDER_COMPLEX,0725,584,548,37.012245896761385,-118.23860942857057,0.8951831459999084
CINDER_COMPLEX,0725,461,455,37.0454259815451,-118.27003538269196,0.9243868589401245
CINDER_COMPLEX,0725,585,456,37.01197613997453,-118.26969746920678,0.9927369356155396
CINDER_COMPLEX,0725,583,482,37.01251565354824,-118.2609117185922,0.917687177658081
CINDER_COMPLEX,0725,443,531,37.05028160370857,-118.24435395781856,0.9365229606628418
CINDER_COMPLEX,0725,575,474,37.01467370784312,-118.2636150264736,0.9805343151092529
CINDER_COMPLEX,0725,431,524,37.053518685150884,-118.2467193522148,0.7541041970252991
CINDER_COMPLEX,0725,532,490,37.02627324967808,-118.2582084107108,0.972444474697113
CINDER_COMPLEX,0725,568,447,37.01656200535114,-118.27273869057336,0.9624726176261902
CINDER_COMPLEX,0725,502,541,37.03436595328386,-118.2409748229668,0.9025192856788635
CINDER_COMPLEX,0725,527,549,37.027622033612374,-118.2382715150854,0.7921520471572876
CINDER_COMPLEX,0725,586,516,37.011706383187665,-118.24942266009622,0.5833803415298462
CINDER_COMPLEX,0725,619,478,37.002804409221305,-118.2622633725329,0.737606406211853
CINDER_COMPLEX,0725,539,448,37.02438495217006,-118.27240077708818,0.9197942018508911
CINDER_COMPLEX,0725,597,547,37.008739058532214,-118.23894734205575,0.880746066570282
CINDER_COMPLEX,0725,473,531,37.042188900102786,-118.24435395781856,0.9525826573371887
CINDER_COMPLEX,0725,550,475,37.02141762751461,-118.26327711298843,0.9732590913772583
CINDER_COMPLEX,0725,587,547,37.01143662640081,-118.23894734205575,0.945074200630188
CINDER_COMPLEX,0725,476,464,37.04137962974221,-118.26699416132537,0.9247361421585083
CINDER_COMPLEX,0725,595,443,37.009278572105934,-118.27409034451406,0.9771071672439575
CINDER_COMPLEX,0725,570,464,37.01602249177742,-118.26699416132537,0.985759437084198
CINDER_COMPLEX,0725,477,467,37.041109872955346,-118.26598042086984,0.8879161477088928
CINDER_COMPLEX,0725,584,484,37.012245896761385,-118.26023589162185,0.9078895449638367
CINDER_COMPLEX,0725,499,485,37.035175223644444,-118.25989797813666,0.9587258696556091
CINDER_COMPLEX,0725,507,523,37.03301716934956,-118.24705726569998,0.9438807964324951
CINDER_COMPLEX,0725,563,562,37.01791078928544,-118.23387863977811,0.8770526051521301
CINDER_COMPLEX,0725,510,483,37.032207898988986,-118.26057380510701,0.9703070521354675
CINDER_COMPLEX,0725,583,470,37.01251565354824,-118.2649666804143,0.9905681014060974
CINDER_COMPLEX,0725,517,516,37.03031960148097,-118.24942266009622,0.9808238744735718
CINDER_COMPLEX,0725,538,484,37.02465470895692,-118.26023589162185,0.9724399447441101
CINDER_COMPLEX,0725,601,477,37.00766003138477,-118.26260128601808,0.9683259725570679
CINDER_COMPLEX,0725,536,545,37.025194222530644,-118.2396231690261,0.9141587615013123
CINDER_COMPLEX,0725,560,536,37.018720059646014,-118.24266439039269,0.9285878539085388
CINDER_COMPLEX,0725,603,549,37.00712051781105,-118.2382715150854,0.8975555896759033
CINDER_COMPLEX,0725,563,436,37.01791078928544,-118.2764557389103,0.907737135887146
CINDER_COMPLEX,0725,521,534,37.029240574333535,-118.24334021736304,0.9032610654830933
CINDER_COMPLEX,0725,429,528,37.054058198724604,-118.2453676982741,0.7906106114387512
CINDER_COMPLEX,0725,508,523,37.032747412562706,-118.24705726569998,0.9509612917900085
CINDER_COMPLEX,0725,471,469,37.04272841367651,-118.26530459389949,0.5372264385223389
CINDER_COMPLEX,0725,554,444,37.02033860036717,-118.2737524310289,0.940557062625885
CINDER_COMPLEX,0725,507,461,37.03301716934956,-118.26800790178089,0.9741690754890442
CINDER_COMPLEX,0725,521,485,37.029240574333535,-118.25989797813666,0.9723684191703796
CINDER_COMPLEX,0725,598,554,37.00846930174535,-118.23658194765952,0.7762123346328735
CINDER_COMPLEX,0725,591,554,37.01035759925337,-118.23658194765952,0.6755593419075012
CINDER_COMPLEX,0725,586,517,37.011706383187665,-118.24908474661103,0.5693870782852173
CINDER_COMPLEX,0725,514,524,37.031128871841545,-118.2467193522148,0.9459999799728394
CINDER_COMPLEX,0725,473,537,37.042188900102786,-118.24232647690751,0.9308226704597473
CINDER_COMPLEX,0725,417,521,37.05729528016692,-118.24773309267033,0.7205657362937927
CINDER_COMPLEX,0725,515,475,37.03085911505469,-118.26327711298843,0.965783953666687
CINDER_COMPLEX,0725,477,527,37.041109872955346,-118.24570561175928,0.9273166656494141
CINDER_COMPLEX,0725,514,514,37.031128871841545,-118.25009848706657,0.9701279997825623
CINDER_COMPLEX,0725,574,447,37.01494346462998,-118.27273869057336,0.9722437262535095
CINDER_COMPLEX,0725,575,488,37.01467370784312,-118.25888423768114,0.6825948357582092
CINDER_COMPLEX,0725,527,468,37.027622033612374,-118.26564250738467,0.973145604133606
CINDER_COMPLEX,0725,497,446,37.03571473721816,-118.27307660405853,0.9724952578544617
CINDER_COMPLEX,0725,524,551,37.02843130397295,-118.23759568811505,0.7167993187904358
CINDER_COMPLEX,0725,478,542,37.04084011616849,-118.24063690948162,0.6585066914558411
CINDER_COMPLEX,0725,541,448,37.02384543859635,-118.27240077708818,0.9306508898735046
CINDER_COMPLEX,0725,569,556,37.01629224856428,-118.23590612068917,0.9123449921607971
CINDER_COMPLEX,0725,510,468,37.032207898988986,-118.26564250738467,0.9728754162788391
CINDER_COMPLEX,0725,571,548,37.015752734990556,-118.23860942857057,0.9545994400978088
CINDER_COMPLEX,0725,512,467,37.031668385415266,-118.26598042086984,0.9730794429779053
CINDER_COMPLEX,0725,550,456,37.02141762751461,-118.26969746920678,0.9629849195480347
CINDER_COMPLEX,0725,465,543,37.04434695439766,-118.24029899599645,0.6679490208625793
CINDER_COMPLEX,0725,572,518,37.0154829782037,-118.24874683312585,0.5668370723724365
CINDER_COMPLEX,0725,590,540,37.01062735604023,-118.24131273645199,0.7624961733818054
CINDER_COMPLEX,0725,580,545,37.013324923908826,-118.2396231690261,0.949921190738678
CINDER_COMPLEX,0725,433,521,37.052979171577164,-118.24773309267033,0.7644767165184021
CINDER_COMPLEX,0725,536,469,37.025194222530644,-118.26530459389949,0.9768671989440918
CINDER_COMPLEX,0725,564,442,37.017641032498574,-118.27442825799925,0.9398350119590759
CINDER_COMPLEX,0725,518,515,37.03004984469411,-118.24976057358138,0.9739641547203064
CINDER_COMPLEX,0725,513,548,37.03139862862841,-118.23860942857057,0.8226419687271118
CINDER_COMPLEX,0725,474,526,37.04191914331593,-118.24604352524445,0.9180900454521179
CINDER_COMPLEX,0725,512,529,37.031668385415266,-118.24502978478893,0.9368926882743835
CINDER_COMPLEX,0725,503,468,37.034096196497,-118.26564250738467,0.9731689095497131
CINDER_COMPLEX,0725,579,477,37.01359468069568,-118.26260128601808,0.98396235704422
CINDER_COMPLEX,0725,489,527,37.03787279151304,-118.24570561175928,0.9200956225395203
CINDER_COMPLEX,0725,462,536,37.045156224758244,-118.24266439039269,0.805589497089386
CINDER_COMPLEX,0725,568,552,37.01656200535114,-118.23725777462987,0.9308264255523682
CINDER_COMPLEX,0725,574,552,37.01494346462998,-118.23725777462987,0.9517593383789062
CINDER_COMPLEX,0725,498,545,37.0354449804313,-118.2396231690261,0.7367455363273621
CINDER_COMPLEX,0725,514,460,37.031128871841545,-118.26834581526607,0.9752719402313232
CINDER_COMPLEX,0725,558,555,37.019259573219735,-118.23624403417433,0.9641116261482239
CINDER_COMPLEX,0725,539,468,37.02438495217006,-118.26564250738467,0.9755715727806091
CINDER_COMPLEX,0725,563,571,37.01791078928544,-118.23083741841153,0.6289147138595581
CINDER_COMPLEX,0725,590,482,37.01062735604023,-118.2609117185922,0.9165748953819275
CINDER_COMPLEX,0725,549,556,37.021687384301465,-118.23590612068917,0.8689150214195251
CINDER_COMPLEX,0725,609,475,37.0055019770899,-118.26327711298843,0.9763395190238953
CINDER_COMPLEX,0725,525,472,37.028161547186095,-118.26429085344395,0.9724127054214478
CINDER_COMPLEX,0725,573,523,37.01521322141684,-118.24705726569998,0.8793900012969971
CINDER_COMPLEX,0725,603,543,37.00712051781105,-118.24029899599645,0.6158042550086975
CINDER_COMPLEX,0725,496,529,37.03598449400502,-118.24502978478893,0.8335251808166504
CINDER_COMPLEX,0725,507,448,37.03301716934956,-118.27240077708818,0.9704570174217224
CINDER_COMPLEX,0725,586,473,37.011706383187665,-118.26395293995878,0.994547426700592
CINDER_COMPLEX,0725,576,571,37.01440395105626,-118.23083741841153,0.837684154510498
CINDER_COMPLEX,0725,571,466,37.015752734990556,-118.26631833435502,0.9832005500793457
CINDER_COMPLEX,0725,501,544,37.034635710070724,-118.23996108251127,0.9275482892990112
CINDER_COMPLEX,0725,518,466,37.03004984469411,-118.26631833435502,0.973286509513855
CINDER_COMPLEX,0725,568,505,37.01656200535114,-118.25313970843315,0.518920361995697
CINDER_COMPLEX,0725,533,453,37.02600349289122,-118.27071120966231,0.940491795539856
CINDER_COMPLEX,0725,464,539,37.044616711184524,-118.24165064993716,0.9228180646896362
CINDER_COMPLEX,0725,484,457,37.039221575447336,-118.2693595557216,0.9721601605415344
CINDER_COMPLEX,0725,562,438,37.018180546072294,-118.27577991193995,0.9202207326889038
CINDER_COMPLEX,0725,600,445,37.00792978817164,-118.27341451754371,0.9848524928092957
CINDER_COMPLEX,0725,522,469,37.02897081754667,-118.26530459389949,0.9726608991622925
CINDER_COMPLEX,0725,550,548,37.02141762751461,-118.23860942857057,0.9214538931846619
CINDER_COMPLEX,0725,456,452,37.0467747654794,-118.27104912314748,0.9310140013694763
CINDER_COMPLEX,0725,506,482,37.03328692613643,-118.2609117185922,0.9720755815505981
CINDER_COMPLEX,0725,572,441,37.0154829782037,-118.27476617148442,0.9271116256713867
CINDER_COMPLEX,0725,551,443,37.021147870727745,-118.27409034451406,0.9390226006507874
CINDER_COMPLEX,0725,531,545,37.02654300646494,-118.2396231690261,0.8549305200576782
CINDER_COMPLEX,0725,504,488,37.03382643971015,-118.25888423768114,0.9695256948471069
CINDER_COMPLEX,0725,501,545,37.034635710070724,-118.2396231690261,0.8658047318458557
CINDER_COMPLEX,0725,516,467,37.03058935826783,-118.26598042086984,0.9728710055351257
CINDER_COMPLEX,0725,606,470,37.006311247450476,-118.2649666804143,0.9921513795852661
CINDER_COMPLEX,0725,516,462,37.03058935826783,-118.26766998829572,0.9742376804351807
CINDER_COMPLEX,0725,555,468,37.02006884358031,-118.26564250738467,0.9765332341194153
CINDER_COMPLEX,0725,544,487,37.02303616823576,-118.25922215116631,0.9626021385192871
CINDER_COMPLEX,0725,578,530,37.013864437482546,-118.24469187130374,0.6136804819107056
CINDER_COMPLEX,0725,590,467,37.01062735604023,-118.26598042086984,0.9954351186752319
CINDER_COMPLEX,0725,567,557,37.016831762138,-118.23556820720398,0.9634583592414856
CINDER_COMPLEX,0725,446,539,37.04947233334799,-118.24165064993716,0.5968509912490845
CINDER_COMPLEX,0725,441,518,37.05082111728229,-118.24874683312585,0.7831146717071533
CINDER_COMPLEX,0725,495,445,37.03625425079188,-118.27341451754371,0.9719057679176331
CINDER_COMPLEX,0725,610,457,37.00523222030304,-118.2693595557216,0.9937036633491516
CINDER_COMPLEX,0725,543,553,37.023305925022626,-118.2369198611447,0.8961050510406494
CINDER_COMPLEX,0725,453,530,37.047584035839975,-118.24469187130374,0.9309256672859192
CINDER_COMPLEX,0725,582,460,37.012785410335105,-118.26834581526607,0.9922249913215637
CINDER_COMPLEX,0725,450,532,37.04839330620055,-118.24401604433339,0.8116567730903625
CINDER_COMPLEX,0725,480,455,37.04030060259477,-118.27003538269196,0.9724621176719666
CINDER_COMPLEX,0725,477,462,37.041109872955346,-118.26766998829572,0.9510206580162048
CINDER_COMPLEX,0725,525,462,37.028161547186095,-118.26766998829572,0.9728464484214783
CINDER_COMPLEX,0725,565,516,37.01737127571172,-118.24942266009622,0.9159644842147827
CINDER_COMPLEX,0725,463,540,37.04488646797138,-118.24131273645199,0.8341501355171204
CINDER_COMPLEX,0725,563,475,37.01791078928544,-118.26327711298843,0.9827471375465393
CINDER_COMPLEX,0725,573,565,37.01521322141684,-118.23286489932258,0.8998557925224304
CINDER_COMPLEX,0725,554,490,37.02033860036717,-118.2582084107108,0.9750462174415588
CINDER_COMPLEX,0725,581,442,37.01305516712196,-118.27442825799925,0.9424484968185425
CINDER_COMPLEX,0725,466,524,37.044077197610804,-118.2467193522148,0.9031552672386169
CINDER_COMPLEX,0725,587,458,37.01143662640081,-118.26902164223642,0.9933575391769409
CINDER_COMPLEX,0725,582,447,37.012785410335105,-118.27273869057336,0.9756941199302673
CINDER_COMPLEX,0725,517,464,37.03031960148097,-118.26699416132537,0.9735142588615417
CINDER_COMPLEX,0725,501,497,37.034635710070724,-118.25584301631456,0.9592636823654175
CINDER_COMPLEX,0725,566,568,37.017101518924854,-118.23185115886704,0.8082253336906433
CINDER_COMPLEX,0725,467,461,37.04380744082395,-118.26800790178089,0.8356125950813293
CINDER_COMPLEX,0725,500,497,37.03490546685758,-118.25584301631456,0.9555160403251648
CINDER_COMPLEX,0725,571,473,37.015752734990556,-118.26395293995878,0.9811105132102966
CINDER_COMPLEX,0725,604,476,37.0068507610242,-118.26293919950325,0.9477555751800537
CINDER_COMPLEX,0725,562,530,37.018180546072294,-118.24469187130374,0.940311849117279
CINDER_COMPLEX,0725,427,526,37.054597712298325,-118.24604352524445,0.6032512784004211
CINDER_COMPLEX,0725,529,458,37.027082520038654,-118.26902164223642,0.9651452898979187
CINDER_COMPLEX,0725,586,510,37.011706383187665,-118.25145014100727,0.6989273428916931
CINDER_COMPLEX,0725,545,472,37.022766411448906,-118.26429085344395,0.974764347076416
CINDER_COMPLEX,0725,589,550,37.01089711282709,-118.23793360160022,0.8926244378089905
CINDER_COMPLEX,0725,498,449,37.0354449804313,-118.27206286360301,0.9732984900474548
CINDER_COMPLEX,0725,584,535,37.012245896761385,-118.24300230387786,0.7020741701126099
CINDER_COMPLEX,0725,603,477,37.00712051781105,-118.26260128601808,0.9434281587600708
CINDER_COMPLEX,0725,482,477,37.03976108902105,-118.26260128601808,0.5920780301094055
CINDER_COMPLEX,0725,582,483,37.012785410335105,-118.26057380510701,0.9517398476600647
CINDER_COMPLEX,0725,564,476,37.017641032498574,-118.26293919950325,0.9795584082603455
CINDER_COMPLEX,0725,599,471,37.008199544958494,-118.26462876692914,0.9944495558738708
CINDER_COMPLEX,0725,501,442,37.034635710070724,-118.27442825799925,0.9715901017189026
CINDER_COMPLEX,0725,569,508,37.01629224856428,-118.25212596797762,0.7740710377693176
CINDER_COMPLEX,0725,590,476,37.01062735604023,-118.26293919950325,0.9921168684959412
CINDER_COMPLEX,0725,552,435,37.02087811394089,-118.27679365239547,0.8712220788002014
CINDER_COMPLEX,0725,484,479,37.039221575447336,-118.26192545904773,0.582419753074646
CINDER_COMPLEX,0725,573,461,37.01521322141684,-118.26800790178089,0.9887343645095825
CINDER_COMPLEX,0725,475,468,37.041649386529066,-118.26564250738467,0.8627591729164124
CINDER_COMPLEX,0725,572,452,37.0154829782037,-118.27104912314748,0.9751718640327454
CINDER_COMPLEX,0725,480,465,37.04030060259477,-118.26665624784019,0.9294648766517639
CINDER_COMPLEX,0725,558,469,37.019259573219735,-118.26530459389949,0.9844801425933838
CINDER_COMPLEX,0725,597,555,37.008739058532214,-118.23624403417433,0.9092519283294678
CINDER_COMPLEX,0725,475,539,37.041649386529066,-118.24165064993716,0.8910386562347412
CINDER_COMPLEX,0725,588,456,37.011166869613945,-118.26969746920678,0.9930814504623413
CINDER_COMPLEX,0725,540,444,37.0241151953832,-118.2737524310289,0.8986087441444397
CINDER_COMPLEX,0725,581,524,37.01305516712196,-118.2467193522148,0.8852880001068115
CINDER_COMPLEX,0725,515,525,37.03085911505469,-118.24638143872963,0.9639155268669128
CINDER_COMPLEX,0725,503,549,37.034096196497,-118.2382715150854,0.6057681441307068
CINDER_COMPLEX,0725,602,451,37.00739027459792,-118.27138703663266,0.992844820022583
CINDER_COMPLEX,0725,526,447,37.02789179039924,-118.27273869057336,0.8859149217605591
CINDER_COMPLEX,0725,485,536,37.03895181866047,-118.24266439039269,0.6095609068870544
CINDER_COMPLEX,0725,454,525,37.04731427905312,-118.24638143872963,0.945048451423645
CINDER_COMPLEX,0725,567,463,37.016831762138,-118.26733207481054,0.9830945134162903
CINDER_COMPLEX,0725,586,456,37.011706383187665,-118.26969746920678,0.9929333925247192
CINDER_COMPLEX,0725,495,534,37.03625425079188,-118.24334021736304,0.885564923286438
CINDER_COMPLEX,0725,568,542,37.01656200535114,-118.24063690948162,0.9418391585350037
CINDER_COMPLEX,0725,446,533,37.04947233334799,-118.24367813084821,0.8543566465377808
CINDER_COMPLEX,0725,599,556,37.008199544958494,-118.23590612068917,0.7259407043457031
CINDER_COMPLEX,0725,556,437,37.01979908679345,-118.27611782542512,0.9191286563873291
CINDER_COMPLEX,0725,533,472,37.02600349289122,-118.26429085344395,0.9733426570892334
CINDER_COMPLEX,0725,499,498,37.035175223644444,-118.25550510282937,0.930596649646759
CINDER_COMPLEX,0725,545,555,37.022766411448906,-118.23624403417433,0.8687839508056641
CINDER_COMPLEX,0725,595,478,37.009278572105934,-118.2622633725329,0.9532955288887024
CINDER_COMPLEX,0725,488,458,37.038142548299895,-118.26902164223642,0.9682490229606628
CINDER_COMPLEX,0725,578,486,37.013864437482546,-118.2595600646515,0.8973752856254578
CINDER_COMPLEX,0725,545,449,37.022766411448906,-118.27206286360301,0.9411042928695679
CINDER_COMPLEX,0725,513,445,37.03139862862841,-118.27341451754371,0.9524397850036621
CINDER_COMPLEX,0725,559,445,37.01898981643287,-118.27341451754371,0.9426174759864807
CINDER_COMPLEX,0725,512,528,37.031668385415266,-118.2453676982741,0.9516189098358154
CINDER_COMPLEX,0725,599,460,37.008199544958494,-118.26834581526607,0.9965856671333313
CINDER_COMPLEX,0725,466,526,37.044077197610804,-118.24604352524445,0.9061972498893738
CINDER_COMPLEX,0725,553,455,37.02060835715403,-118.27003538269196,0.957852840423584
CINDER_COMPLEX,0725,552,450,37.02087811394089,-118.27172495011783,0.9457432627677917
CINDER_COMPLEX,0725,436,520,37.05216990121659,-118.2480710061555,0.6271870732307434
CINDER_COMPLEX,0725,510,465,37.032207898988986,-118.26665624784019,0.9733604788780212
CINDER_COMPLEX,0725,602,549,37.00739027459792,-118.2382715150854,0.8716939687728882
CINDER_COMPLEX,0725,548,446,37.02195714108833,-118.27307660405853,0.933103084564209
CINDER_COMPLEX,0725,433,518,37.052979171577164,-118.24874683312585,0.6395090222358704
CINDER_COMPLEX,0725,535,553,37.0254639793175,-118.2369198611447,0.9044365286827087
CINDER_COMPLEX,0725,501,543,37.034635710070724,-118.24029899599645,0.9138978123664856
CINDER_COMPLEX,0725,497,473,37.03571473721816,-118.26395293995878,0.9628617763519287
CINDER_COMPLEX,0725,438,534,37.05163038764287,-118.24334021736304,0.9055807590484619
CINDER_COMPLEX,0725,571,533,37.015752734990556,-118.24367813084821,0.8507505059242249
CINDER_COMPLEX,0725,565,522,37.01737127571172,-118.24739517918515,0.8711051940917969
CINDER_COMPLEX,0725,507,455,37.03301716934956,-118.27003538269196,0.9752276539802551
CINDER_COMPLEX,0725,463,531,37.04488646797138,-118.24435395781856,0.9433234333992004
CINDER_COMPLEX,0725,532,450,37.02627324967808,-118.27172495011783,0.9206769466400146
CINDER_COMPLEX,0725,473,519,37.042188900102786,-118.24840891964068,0.9217572212219238
CINDER_COMPLEX,0725,489,488,37.03787279151304,-118.25888423768114,0.7340115904808044
CINDER_COMPLEX,0725,572,559,37.0154829782037,-118.23489238023363,0.9311695098876953
CINDER_COMPLEX,0725,567,551,37.016831762138,-118.23759568811505,0.9536421895027161
CINDER_COMPLEX,0725,495,485,37.03625425079188,-118.25989797813666,0.933797299861908
CINDER_COMPLEX,0725,591,472,37.01035759925337,-118.26429085344395,0.9929326176643372
CINDER_COMPLEX,0725,570,548,37.01602249177742,-118.23860942857057,0.9649955630302429
CINDER_COMPLEX,0725,585,526,37.01197613997453,-118.24604352524445,0.5930448174476624
CINDER_COMPLEX,0725,608,482,37.005771733876756,-118.2609117185922,0.5775105357170105
CINDER_COMPLEX,0725,551,453,37.021147870727745,-118.27071120966231,0.9494357705116272
CINDER_COMPLEX,0725,596,474,37.00900881531907,-118.2636150264736,0.9880082011222839
CINDER_COMPLEX,0725,570,547,37.01602249177742,-118.23894734205575,0.963555097579956
CINDER_COMPLEX,0725,484,452,37.039221575447336,-118.27104912314748,0.9710299372673035
CINDER_COMPLEX,0725,578,480,37.013864437482546,-118.26158754556255,0.9767457246780396
CINDER_COMPLEX,0725,575,514,37.01467370784312,-118.25009848706657,0.5609753727912903
CINDER_COMPLEX,0725,586,512,37.011706383187665,-118.25077431403692,0.5411827564239502
CINDER_COMPLEX,0725,459,450,37.04596549511882,-118.27172495011783,0.9553968906402588
CINDER_COMPLEX,0725,443,534,37.05028160370857,-118.24334021736304,0.9311274886131287
CINDER_COMPLEX,0725,569,469,37.01629224856428,-118.26530459389949,0.9843634963035583
CINDER_COMPLEX,0725,478,532,37.04084011616849,-118.24401604433339,0.9430299401283264
CINDER_COMPLEX,0725,481,476,37.04003084580791,-118.26293919950325,0.607984721660614
CINDER_COMPLEX,0725,539,474,37.02438495217006,-118.2636150264736,0.9720169305801392
CINDER_COMPLEX,0725,525,471,37.028161547186095,-118.26462876692914,0.9722751975059509
CINDER_COMPLEX,0725,499,529,37.035175223644444,-118.24502978478893,0.8867868781089783
CINDER_COMPLEX,0725,525,488,37.028161547186095,-118.25888423768114,0.9723454713821411
CINDER_COMPLEX,0725,522,461,37.02897081754667,-118.26800790178089,0.9730178117752075
CINDER_COMPLEX,0725,472,451,37.04245865688965,-118.27138703663266,0.9676497578620911
CINDER_COMPLEX,0725,605,544,37.00658100423734,-118.23996108251127,0.5257040858268738
CINDER_COMPLEX,0725,610,461,37.00523222030304,-118.26800790178089,0.9939588904380798
CINDER_COMPLEX,0725,545,440,37.022766411448906,-118.2751040849696,0.9063616394996643
CINDER_COMPLEX,0725,462,541,37.045156224758244,-118.2409748229668,0.8636970520019531
CINDER_COMPLEX,0725,591,547,37.01035759925337,-118.23894734205575,0.8270009756088257
CINDER_COMPLEX,0725,514,473,37.031128871841545,-118.26395293995878,0.9309281706809998
CINDER_COMPLEX,0725,517,549,37.03031960148097,-118.2382715150854,0.8015925288200378
CINDER_COMPLEX,0725,555,544,37.02006884358031,-118.23996108251127,0.9412292242050171
CINDER_COMPLEX,0725,517,515,37.03031960148097,-118.24976057358138,0.9819507598876953
CINDER_COMPLEX,0725,573,573,37.01521322141684,-118.23016159144117,0.9020209312438965
CINDER_COMPLEX,0725,576,483,37.01440395105626,-118.26057380510701,0.9380752444267273
CINDER_COMPLEX,0725,590,450,37.01062735604023,-118.27172495011783,0.9856587648391724
CINDER_COMPLEX,0725,498,527,37.0354449804313,-118.24570561175928,0.8224645256996155
CINDER_COMPLEX,0725,450,525,37.04839330620055,-118.24638143872963,0.9369187951087952
CINDER_COMPLEX,0725,454,527,37.04731427905312,-118.24570561175928,0.928041934967041
CINDER_COMPLEX,0725,508,501,37.032747412562706,-118.25449136237386,0.9676914811134338
CINDER_COMPLEX,0725,495,500,37.03625425079188,-118.25482927585902,0.9419997930526733
CINDER_COMPLEX,0725,463,538,37.04488646797138,-118.24198856342234,0.9160691499710083
CINDER_COMPLEX,0725,553,460,37.02060835715403,-118.26834581526607,0.9729396104812622
CINDER_COMPLEX,0725,576,481,37.01440395105626,-118.26124963207738,0.9620012044906616
CINDER_COMPLEX,0725,467,522,37.04380744082395,-118.24739517918515,0.9114789962768555
CINDER_COMPLEX,0725,483,525,37.03949133223419,-118.24638143872963,0.9575909972190857
CINDER_COMPLEX,0725,581,450,37.01305516712196,-118.27172495011783,0.9816923141479492
CINDER_COMPLEX,0725,483,451,37.03949133223419,-118.27138703663266,0.9703583121299744
CINDER_COMPLEX,0725,549,544,37.021687384301465,-118.23996108251127,0.9040077924728394
CINDER_COMPLEX,0725,431,532,37.053518685150884,-118.24401604433339,0.8168148994445801
CINDER_COMPLEX,0725,454,539,37.04731427905312,-118.24165064993716,0.7262111902236938
CINDER_COMPLEX,0725,542,463,37.02357568180948,-118.26733207481054,0.9767767786979675
CINDER_COMPLEX,0725,586,548,37.011706383187665,-118.23860942857057,0.957231879234314
CINDER_COMPLEX,0725,567,481,37.016831762138,-118.26124963207738,0.9802533984184265
CINDER_COMPLEX,0725,524,534,37.02843130397295,-118.24334021736304,0.9578356742858887
CINDER_COMPLEX,0725,595,456,37.009278572105934,-118.26969746920678,0.9957488179206848
CINDER_COMPLEX,0725,544,559,37.02303616823576,-118.23489238023363,0.9168816804885864
CINDER_COMPLEX,0725,490,454,37.037603034726175,-118.27037329617713,0.9726057052612305
CINDER_COMPLEX,0725,574,526,37.01494346462998,-118.24604352524445,0.8106293082237244
CINDER_COMPLEX,0725,502,485,37.03436595328386,-118.25989797813666,0.9677481651306152
CINDER_COMPLEX,0725,484,535,37.039221575447336,-118.24300230387786,0.6961171627044678
CINDER_COMPLEX,0725,492,537,37.037063521152454,-118.24232647690751,0.6825155019760132
CINDER_COMPLEX,0725,506,532,37.03328692613643,-118.24401604433339,0.8555151224136353
CINDER_COMPLEX,0725,515,544,37.03085911505469,-118.23996108251127,0.84605473279953
CINDER_COMPLEX,0725,503,490,37.034096196497,-118.2582084107108,0.9672203063964844
CINDER_COMPLEX,0725,557,457,37.01952933000659,-118.2693595557216,0.9664943218231201
CINDER_COMPLEX,0725,476,532,37.04137962974221,-118.24401604433339,0.9231572151184082
CINDER_COMPLEX,0725,517,443,37.03031960148097,-118.27409034451406,0.9129838347434998
CINDER_COMPLEX,0725,520,481,37.02951033112039,-118.26124963207738,0.9721218943595886
CINDER_COMPLEX,0725,600,552,37.00792978817164,-118.23725777462987,0.6975187063217163
CINDER_COMPLEX,0725,532,559,37.02627324967808,-118.23489238023363,0.8625353574752808
CINDER_COMPLEX,0725,568,562,37.01656200535114,-118.23387863977811,0.8771641850471497
CINDER_COMPLEX,0725,517,530,37.03031960148097,-118.24469187130374,0.9824094176292419
CINDER_COMPLEX,0725,515,472,37.03085911505469,-118.26429085344395,0.9595569372177124
CINDER_COMPLEX,0725,502,522,37.03436595328386,-118.24739517918515,0.8725212216377258
CINDER_COMPLEX,0725,590,548,37.01062735604023,-118.23860942857057,0.8679236769676208
CINDER_COMPLEX,0725,566,518,37.017101518924854,-118.24874683312585,0.5390008091926575
CINDER_COMPLEX,0725,475,457,37.041649386529066,-118.2693595557216,0.9699873328208923
CINDER_COMPLEX,0725,526,551,37.02789179039924,-118.23759568811505,0.7028590440750122
CINDER_COMPLEX,0725,537,450,37.02492446574378,-118.27172495011783,0.9340068101882935
CINDER_COMPLEX,0725,507,515,37.03301716934956,-118.24976057358138,0.9774840474128723
CINDER_COMPLEX,0725,569,558,37.01629224856428,-118.23523029371881,0.8938882946968079
CINDER_COMPLEX,0725,586,484,37.011706383187665,-118.26023589162185,0.8895534873008728
CINDER_COMPLEX,0725,559,534,37.01898981643287,-118.24334021736304,0.907123327255249
CINDER_COMPLEX,0725,536,478,37.025194222530644,-118.2622633725329,0.975143313407898
CINDER_COMPLEX,0725,597,462,37.008739058532214,-118.26766998829572,0.9961956739425659
CINDER_COMPLEX,0725,459,514,37.04596549511882,-118.25009848706657,0.8733640909194946
CINDER_COMPLEX,0725,536,441,37.025194222530644,-118.27476617148442,0.87254798412323
CINDER_COMPLEX,0725,539,550,37.02438495217006,-118.23793360160022,0.9440047144889832
CINDER_COMPLEX,0725,592,479,37.01008784246651,-118.26192545904773,0.9739744067192078
CINDER_COMPLEX,0725,579,451,37.01359468069568,-118.27138703663266,0.9826847910881042
CINDER_COMPLEX,0725,586,544,37.011706383187665,-118.23996108251127,0.9650623798370361
CINDER_COMPLEX,0725,557,453,37.01952933000659,-118.27071120966231,0.9544537663459778
CINDER_COMPLEX,0725,466,456,37.044077197610804,-118.26969746920678,0.9444892406463623
CINDER_COMPLEX,0725,541,457,37.02384543859635,-118.2693595557216,0.9689216017723083
CINDER_COMPLEX,0725,551,542,37.021147870727745,-118.24063690948162,0.9318616986274719
CINDER_COMPLEX,0725,580,442,37.013324923908826,-118.27442825799925,0.9436116814613342
CINDER_COMPLEX,0725,429,520,37.054058198724604,-118.2480710061555,0.7123905420303345
CINDER_COMPLEX,0725,441,521,37.05082111728229,-118.24773309267033,0.8227601647377014
CINDER_COMPLEX,0725,533,439,37.02600349289122,-118.27544199845477,0.8757212162017822
CINDER_COMPLEX,0725,598,560,37.00846930174535,-118.23455446674846,0.6062382459640503
CINDER_COMPLEX,0725,556,543,37.01979908679345,-118.24029899599645,0.9349691271781921
CINDER_COMPLEX,0725,414,520,37.058104550527496,-118.2480710061555,0.5577617287635803
CINDER_COMPLEX,0725,530,483,37.0268127632518,-118.26057380510701,0.9724546074867249
CINDER_COMPLEX,0725,542,461,37.02357568180948,-118.26800790178089,0.9754769206047058
CINDER_COMPLEX,0725,558,539,37.019259573219735,-118.24165064993716,0.891830563545227
CINDER_COMPLEX,0725,583,456,37.01251565354824,-118.26969746920678,0.9912357926368713
CINDER_COMPLEX,0725,575,473,37.01467370784312,-118.26395293995878,0.9865415096282959
CINDER_COMPLEX,0725,586,487,37.011706383187665,-118.25922215116631,0.5185341835021973
CINDER_COMPLEX,0725,565,441,37.01737127571172,-118.27476617148442,0.9353251457214355
CINDER_COMPLEX,0725,565,564,37.01737127571172,-118.23320281280776,0.8158624768257141
CINDER_COMPLEX,0725,531,492,37.02654300646494,-118.25753258374044,0.9697171449661255
CINDER_COMPLEX,0725,596,447,37.00900881531907,-118.27273869057336,0.9866435527801514
CINDER_COMPLEX,0725,445,520,37.04974209013485,-118.2480710061555,0.8078224658966064
CINDER_COMPLEX,0725,537,448,37.02492446574378,-118.27240077708818,0.9107506275177002
CINDER_COMPLEX,0725,426,521,37.05486746908518,-118.24773309267033,0.5130508542060852
CINDER_COMPLEX,0725,510,449,37.032207898988986,-118.27206286360301,0.9677174091339111
CINDER_COMPLEX,0725,589,557,37.01089711282709,-118.23556820720398,0.7978180050849915
CINDER_COMPLEX,0725,491,467,37.03733327793932,-118.26598042086984,0.9476515054702759
CINDER_COMPLEX,0725,571,553,37.015752734990556,-118.2369198611447,0.9521889090538025
CINDER_COMPLEX,0725,557,483,37.01952933000659,-118.26057380510701,0.979904294013977
CINDER_COMPLEX,0725,587,468,37.01143662640081,-118.26564250738467,0.994787335395813
CINDER_COMPLEX,0725,593,445,37.00981808567965,-118.27341451754371,0.9781817197799683
CINDER_COMPLEX,0725,563,542,37.01791078928544,-118.24063690948162,0.9554668068885803
CINDER_COMPLEX,0725,583,464,37.01251565354824,-118.26699416132537,0.9939792156219482
CINDER_COMPLEX,0725,515,466,37.03085911505469,-118.26631833435502,0.973142147064209
CINDER_COMPLEX,0725,457,540,37.04650500869254,-118.24131273645199,0.7676937580108643
CINDER_COMPLEX,0725,500,543,37.03490546685758,-118.24029899599645,0.8776682019233704
CINDER_COMPLEX,0725,579,474,37.01359468069568,-118.2636150264736,0.9845640063285828
CINDER_COMPLEX,0725,542,562,37.02357568180948,-118.23387863977811,0.6282494068145752
CINDER_COMPLEX,0725,509,542,37.03247765577585,-118.24063690948162,0.9369191527366638
CINDER_COMPLEX,0725,473,529,37.042188900102786,-118.24502978478893,0.9464523792266846
CINDER_COMPLEX,0725,523,463,37.028701060759815,-118.26733207481054,0.9733292460441589
CINDER_COMPLEX,0725,497,477,37.03571473721816,-118.26260128601808,0.9513557553291321
CINDER_COMPLEX,0725,539,544,37.02438495217006,-118.23996108251127,0.9173234701156616
CINDER_COMPLEX,0725,591,443,37.01035759925337,-118.27409034451406,0.9627111554145813
CINDER_COMPLEX,0725,454,537,37.04731427905312,-118.24232647690751,0.6920226812362671
CINDER_COMPLEX,0725,485,449,37.03895181866047,-118.27206286360301,0.972650945186615
CINDER_COMPLEX,0725,557,536,37.01952933000659,-118.24266439039269,0.8451677560806274
CINDER_COMPLEX,0725,485,530,37.03895181866047,-118.24469187130374,0.6976088285446167
CINDER_COMPLEX,0725,549,444,37.021687384301465,-118.2737524310289,0.9346755146980286
CINDER_COMPLEX,0725,458,457,37.04623525190568,-118.2693595557216,0.8378490209579468
CINDER_COMPLEX,0725,569,465,37.01629224856428,-118.26665624784019,0.9859447479248047
CINDER_COMPLEX,0725,518,456,37.03004984469411,-118.26969746920678,0.9696491956710815
CINDER_COMPLEX,0725,458,537,37.04623525190568,-118.24232647690751,0.8143105506896973
CINDER_COMPLEX,0725,582,558,37.012785410335105,-118.23523029371881,0.8650035262107849
CINDER_COMPLEX,0725,602,471,37.00739027459792,-118.26462876692914,0.9930450320243835
CINDER_COMPLEX,0725,560,478,37.018720059646014,-118.2622633725329,0.975256085395813
CINDER_COMPLEX,0725,572,561,37.0154829782037,-118.23421655326328,0.922730028629303
CINDER_COMPLEX,0725,495,535,37.03625425079188,-118.24300230387786,0.8856989145278931
CINDER_COMPLEX,0725,543,465,37.023305925022626,-118.26665624784019,0.9769917726516724
CINDER_COMPLEX,0725,476,463,37.04137962974221,-118.26733207481054,0.9413841962814331
CINDER_COMPLEX,0725,541,556,37.02384543859635,-118.23590612068917,0.906550407409668
CINDER_COMPLEX,0725,547,550,37.022226897875186,-118.23793360160022,0.9478425979614258
CINDER_COMPLEX,0725,484,524,37.039221575447336,-118.2467193522148,0.9784992337226868
CINDER_COMPLEX,0725,540,466,37.0241151953832,-118.26631833435502,0.977103054523468
CINDER_COMPLEX,0725,494,490,37.03652400757874,-118.2582084107108,0.7659966349601746
CINDER_COMPLEX,0725,583,452,37.01251565354824,-118.27104912314748,0.9847903251647949
CINDER_COMPLEX,0725,534,547,37.02573373610436,-118.23894734205575,0.8754680156707764
CINDER_COMPLEX,0725,555,490,37.02006884358031,-118.2582084107108,0.9686968326568604
CINDER_COMPLEX,0725,543,563,37.023305925022626,-118.23354072629293,0.6590849757194519
CINDER_COMPLEX,0725,494,492,37.03652400757874,-118.25753258374044,0.8630973100662231
CINDER_COMPLEX,0725,591,565,37.01035759925337,-118.23286489932258,0.5968133807182312
CINDER_COMPLEX,0725,554,440,37.02033860036717,-118.2751040849696,0.9288336634635925
CINDER_COMPLEX,0725,571,526,37.015752734990556,-118.24604352524445,0.7339257001876831
CINDER_COMPLEX,0725,543,560,37.023305925022626,-118.23455446674846,0.8749816417694092
CINDER_COMPLEX,0725,618,473,37.00307416600816,-118.26395293995878,0.9623879790306091
CINDER_COMPLEX,0725,494,451,37.03652400757874,-118.27138703663266,0.9727423787117004
CINDER_COMPLEX,0725,581,533,37.01305516712196,-118.24367813084821,0.8663840889930725
CINDER_COMPLEX,0725,485,455,37.03895181866047,-118.27003538269196,0.971648633480072
CINDER_COMPLEX,0725,503,447,37.034096196497,-118.27273869057336,0.972273051738739
CINDER_COMPLEX,0725,430,525,37.05378844193775,-118.24638143872963,0.7580886483192444
CINDER_COMPLEX,0725,579,573,37.01359468069568,-118.23016159144117,0.5172646641731262
CINDER_COMPLEX,0725,603,459,37.00712051781105,-118.26868372875124,0.9961872100830078
CINDER_COMPLEX,0725,443,540,37.05028160370857,-118.24131273645199,0.5573529601097107
CINDER_COMPLEX,0725,587,466,37.01143662640081,-118.26631833435502,0.9941369891166687
CINDER_COMPLEX,0725,530,478,37.0268127632518,-118.2622633725329,0.9724705815315247
CINDER_COMPLEX,0725,489,500,37.03787279151304,-118.25482927585902,0.8772284388542175
CINDER_COMPLEX,0725,500,539,37.03490546685758,-118.24165064993716,0.7829570174217224
CINDER_COMPLEX,0725,498,529,37.0354449804313,-118.24502978478893,0.8035495281219482
CINDER_COMPLEX,0725,569,543,37.01629224856428,-118.24029899599645,0.964849591255188
CINDER_COMPLEX,0725,499,457,37.035175223644444,-118.2693595557216,0.9733568429946899
CINDER_COMPLEX,0725,557,464,37.01952933000659,-118.26699416132537,0.9800155758857727
CINDER_COMPLEX,0725,555,467,37.02006884358031,-118.26598042086984,0.9783716797828674
CINDER_COMPLEX,0725,577,440,37.0141341942694,-118.2751040849696,0.9209803938865662
CINDER_COMPLEX,0725,550,462,37.02141762751461,-118.26766998829572,0.9731536507606506
CINDER_COMPLEX,0725,459,533,37.04596549511882,-118.24367813084821,0.92093425989151
CINDER_COMPLEX,0725,546,479,37.02249665466205,-118.26192545904773,0.9706780314445496
CINDER_COMPLEX,0725,563,450,37.01791078928544,-118.27172495011783,0.9505040049552917
CINDER_COMPLEX,0725,414,521,37.058104550527496,-118.24773309267033,0.552335798740387
CINDER_COMPLEX,0725,515,530,37.03085911505469,-118.24469187130374,0.9567391276359558
CINDER_COMPLEX,0725,480,448,37.04030060259477,-118.27240077708818,0.9722198843955994
CINDER_COMPLEX,0725,576,559,37.01440395105626,-118.23489238023363,0.9060482382774353
CINDER_COMPLEX,0725,524,462,37.02843130397295,-118.26766998829572,0.9733273983001709
CINDER_COMPLEX,0725,550,564,37.02141762751461,-118.23320281280776,0.7497857809066772
CINDER_COMPLEX,0725,564,547,37.017641032498574,-118.23894734205575,0.9607450366020203
CINDER_COMPLEX,0725,548,450,37.02195714108833,-118.27172495011783,0.942550539970398
CINDER_COMPLEX,0725,523,468,37.028701060759815,-118.26564250738467,0.9724631905555725
CINDER_COMPLEX,0725,490,499,37.037603034726175,-118.2551671893442,0.8237004280090332
CINDER_COMPLEX,0725,456,456,37.0467747654794,-118.26969746920678,0.8548968434333801
CINDER_COMPLEX,0725,558,446,37.019259573219735,-118.27307660405853,0.9422323703765869
CINDER_COMPLEX,0725,479,448,37.04057035938163,-118.27240077708818,0.9708828330039978
CINDER_COMPLEX,0725,443,528,37.05028160370857,-118.2453676982741,0.9056071639060974
CINDER_COMPLEX,0725,576,570,37.01440395105626,-118.2311753318967,0.8033962249755859
CINDER_COMPLEX,0725,490,483,37.037603034726175,-118.26057380510701,0.7191567420959473
CINDER_COMPLEX,0725,512,475,37.031668385415266,-118.26327711298843,0.9535433053970337
CINDER_COMPLEX,0725,578,478,37.013864437482546,-118.2622633725329,0.9869713187217712
CINDER_COMPLEX,0725,468,464,37.043537684037084,-118.26699416132537,0.7624194622039795
CINDER_COMPLEX,0725,593,466,37.00981808567965,-118.26631833435502,0.9967447519302368
CINDER_COMPLEX,0725,521,447,37.029240574333535,-118.27273869057336,0.9239920377731323
CINDER_COMPLEX,0725,580,443,37.013324923908826,-118.27409034451406,0.9480519890785217
CINDER_COMPLEX,0725,543,462,37.023305925022626,-118.26766998829572,0.9773510098457336
CINDER_COMPLEX,0725,499,528,37.035175223644444,-118.2453676982741,0.8941227197647095
CINDER_COMPLEX,0725,567,454,37.016831762138,-118.27037329617713,0.9728438258171082
CINDER_COMPLEX,0725,504,539,37.03382643971015,-118.24165064993716,0.8159866333007812
CINDER_COMPLEX,0725,576,471,37.01440395105626,-118.26462876692914,0.9815120100975037
CINDER_COMPLEX,0725,573,561,37.01521322141684,-118.23421655326328,0.9295332431793213
CINDER_COMPLEX,0725,554,488,37.02033860036717,-118.25888423768114,0.9761591553688049
CINDER_COMPLEX,0725,537,446,37.02492446574378,-118.27307660405853,0.8965901732444763
CINDER_COMPLEX,0725,561,468,37.01845030285915,-118.26564250738467,0.9829965829849243
CINDER_COMPLEX,0725,543,486,37.023305925022626,-118.2595600646515,0.9654261469841003
CINDER_COMPLEX,0725,567,476,37.016831762138,-118.26293919950325,0.983040452003479
CINDER_COMPLEX,0725,512,482,37.031668385415266,-118.2609117185922,0.9740439653396606
CINDER_COMPLEX,0725,503,467,37.034096196497,-118.26598042086984,0.9732590913772583
CINDER_COMPLEX,0725,573,474,37.01521322141684,-118.2636150264736,0.9827668070793152
CINDER_COMPLEX,0725,576,476,37.01440395105626,-118.26293919950325,0.9865971803665161
CINDER_COMPLEX,0725,525,475,37.028161547186095,-118.26327711298843,0.9724567532539368
CINDER_COMPLEX,0725,506,468,37.03328692613643,-118.26564250738467,0.973908007144928
CINDER_COMPLEX,0725,555,452,37.02006884358031,-118.27104912314748,0.9507321119308472
CINDER_COMPLEX,0725,571,572,37.015752734990556,-118.23049950492634,0.8352985382080078
CINDER_COMPLEX,0725,567,569,37.016831762138,-118.23151324538188,0.8476426005363464
CINDER_COMPLEX,0725,547,474,37.022226897875186,-118.2636150264736,0.9731352925300598
CINDER_COMPLEX,0725,580,459,37.013324923908826,-118.26868372875124,0.9911170601844788
CINDER_COMPLEX,0725,501,473,37.034635710070724,-118.26395293995878,0.9646894335746765
CINDER_COMPLEX,0725,598,546,37.00846930174535,-118.23928525554092,0.7131346464157104
CINDER_COMPLEX,0725,588,438,37.011166869613945,-118.27577991193995,0.9322798848152161
CINDER_COMPLEX,0725,568,561,37.01656200535114,-118.23421655326328,0.9307591915130615
CINDER_COMPLEX,0725,528,446,37.02735227682552,-118.27307660405853,0.8737750053405762
CINDER_COMPLEX,0725,502,459,37.03436595328386,-118.26868372875124,0.9732699990272522
CINDER_COMPLEX,0725,558,537,37.019259573219735,-118.24232647690751,0.8969473838806152
CINDER_COMPLEX,0725,499,496,37.035175223644444,-118.25618092979973,0.9516679048538208
CINDER_COMPLEX,0725,550,432,37.02141762751461,-118.277807392851,0.7952665686607361
CINDER_COMPLEX,0725,528,478,37.02735227682552,-118.2622633725329,0.9721955060958862
CINDER_COMPLEX,0725,589,554,37.01089711282709,-118.23658194765952,0.8393242955207825
CINDER_COMPLEX,0725,538,548,37.02465470895692,-118.23860942857057,0.9514347910881042
CINDER_COMPLEX,0725,524,465,37.02843130397295,-118.26665624784019,0.9736860394477844
CINDER_COMPLEX,0725,508,522,37.032747412562706,-118.24739517918515,0.9488876461982727
CINDER_COMPLEX,0725,539,554,37.02438495217006,-118.23658194765952,0.922334611415863
CINDER_COMPLEX,0725,586,437,37.011706383187665,-118.27611782542512,0.9206330180168152
CINDER_COMPLEX,0725,597,545,37.008739058532214,-118.2396231690261,0.7809233069419861
CINDER_COMPLEX,0725,512,464,37.031668385415266,-118.26699416132537,0.9738544821739197
CINDER_COMPLEX,0725,480,468,37.04030060259477,-118.26564250738467,0.9358911514282227
CINDER_COMPLEX,0725,573,538,37.01521322141684,-118.24198856342234,0.9581125378608704
CINDER_COMPLEX,0725,532,557,37.02627324967808,-118.23556820720398,0.9342842698097229
CINDER_COMPLEX,0725,519,450,37.02978008790725,-118.27172495011783,0.9475029110908508
CINDER_COMPLEX,0725,480,532,37.04030060259477,-118.24401604433339,0.9367265701293945
CINDER_COMPLEX,0725,586,537,37.011706383187665,-118.24232647690751,0.9389364719390869
CINDER_COMPLEX,0725,614,478,37.0041531931556,-118.2622633725329,0.6658016443252563
CINDER_COMPLEX,0725,494,460,37.03652400757874,-118.26834581526607,0.9670951962471008
CINDER_COMPLEX,0725,560,515,37.018720059646014,-118.24976057358138,0.8937320709228516
CINDER_COMPLEX,0725,480,529,37.04030060259477,-118.24502978478893,0.9313666820526123
CINDER_COMPLEX,0725,481,473,37.04003084580791,-118.26395293995878,0.5724956393241882
CINDER_COMPLEX,0725,506,441,37.03328692613643,-118.27476617148442,0.9640330672264099
CINDER_COMPLEX,0725,504,467,37.03382643971015,-118.26598042086984,0.9734697937965393
CINDER_COMPLEX,0725,589,484,37.01089711282709,-118.26023589162185,0.8083879947662354
CINDER_COMPLEX,0725,497,486,37.03571473721816,-118.2595600646515,0.9549980759620667
CINDER_COMPLEX,0725,492,494,37.037063521152454,-118.25685675677008,0.8695089817047119
CINDER_COMPLEX,0725,579,561,37.01359468069568,-118.23421655326328,0.7706447839736938
CINDER_COMPLEX,0725,442,540,37.05055136049543,-118.24131273645199,0.5141909122467041
CINDER_COMPLEX,0725,578,527,37.013864437482546,-118.24570561175928,0.5003405809402466
CINDER_COMPLEX,0725,469,521,37.04326792725023,-118.24773309267033,0.9173937439918518
CINDER_COMPLEX,0725,440,519,37.05109087406915,-118.24840891964068,0.671855628490448
CINDER_COMPLEX,0725,525,466,37.028161547186095,-118.26631833435502,0.9737045764923096
CINDER_COMPLEX,0725,555,483,37.02006884358031,-118.26057380510701,0.9830502271652222
CINDER_COMPLEX,0725,588,466,37.011166869613945,-118.26631833435502,0.9940377473831177
CINDER_COMPLEX,0725,597,556,37.008739058532214,-118.23590612068917,0.8089175820350647
CINDER_COMPLEX,0725,483,470,37.03949133223419,-118.2649666804143,0.8697191476821899
CINDER_COMPLEX,0725,595,467,37.009278572105934,-118.26598042086984,0.9963523149490356
CINDER_COMPLEX,0725,543,436,37.023305925022626,-118.2764557389103,0.8815501928329468
CINDER_COMPLEX,0725,540,461,37.0241151953832,-118.26800790178089,0.9761224389076233
CINDER_COMPLEX,0725,574,554,37.01494346462998,-118.23658194765952,0.9586604833602905
CINDER_COMPLEX,0725,501,472,37.034635710070724,-118.26429085344395,0.9681448340415955
CINDER_COMPLEX,0725,557,455,37.01952933000659,-118.27003538269196,0.959730327129364
CINDER_COMPLEX,0725,576,573,37.01440395105626,-118.23016159144117,0.7588755488395691
CINDER_COMPLEX,0725,559,550,37.01898981643287,-118.23793360160022,0.9581627249717712
CINDER_COMPLEX,0725,515,457,37.03085911505469,-118.2693595557216,0.974481463432312
CINDER_COMPLEX,0725,522,528,37.02897081754667,-118.2453676982741,0.827089786529541
CINDER_COMPLEX,0725,516,536,37.03058935826783,-118.24266439039269,0.9522712230682373
CINDER_COMPLEX,0725,590,550,37.01062735604023,-118.23793360160022,0.841558039188385
CINDER_COMPLEX,0725,566,551,37.017101518924854,-118.23759568811505,0.9510060548782349
CINDER_COMPLEX,0725,556,462,37.01979908679345,-118.26766998829572,0.9763533473014832
CINDER_COMPLEX,0725,592,543,37.01008784246651,-118.24029899599645,0.7165980339050293
CINDER_COMPLEX,0725,577,457,37.0141341942694,-118.2693595557216,0.9893810749053955
CINDER_COMPLEX,0725,582,450,37.012785410335105,-118.27172495011783,0.9808601140975952
CINDER_COMPLEX,0725,527,443,37.027622033612374,-118.27409034451406,0.8830095529556274
CINDER_COMPLEX,0725,560,564,37.018720059646014,-118.23320281280776,0.865521252155304
CINDER_COMPLEX,0725,484,464,37.039221575447336,-118.26699416132537,0.9563342928886414
CINDER_COMPLEX,0725,549,487,37.021687384301465,-118.25922215116631,0.9767109751701355
CINDER_COMPLEX,0725,597,464,37.008739058532214,-118.26699416132537,0.9970252513885498
CINDER_COMPLEX,0725,505,540,37.03355668292328,-118.24131273645199,0.8755322098731995
CINDER_COMPLEX,0725,513,449,37.03139862862841,-118.27206286360301,0.9613686203956604
CINDER_COMPLEX,0725,533,454,37.02600349289122,-118.27037329617713,0.9466310143470764
CINDER_COMPLEX,0725,575,554,37.01467370784312,-118.23658194765952,0.9443731904029846
CINDER_COMPLEX,0725,493,497,37.0367937643656,-118.25584301631456,0.8721946477890015
CINDER_COMPLEX,0725,493,471,37.0367937643656,-118.26462876692914,0.9215652346611023
CINDER_COMPLEX,0725,579,551,37.01359468069568,-118.23759568811505,0.9243718981742859
CINDER_COMPLEX,0725,572,506,37.0154829782037,-118.25280179494797,0.7798125147819519
CINDER_COMPLEX,0725,557,450,37.01952933000659,-118.27172495011783,0.9476348161697388
CINDER_COMPLEX,0725,576,470,37.01440395105626,-118.2649666804143,0.9837916493415833
CINDER_COMPLEX,0725,481,530,37.04003084580791,-118.24469187130374,0.9213151335716248
CINDER_COMPLEX,0725,517,469,37.03031960148097,-118.26530459389949,0.9728214144706726
CINDER_COMPLEX,0725,517,467,37.03031960148097,-118.26598042086984,0.9732328653335571
CINDER_COMPLEX,0725,521,490,37.029240574333535,-118.2582084107108,0.9723466634750366
CINDER_COMPLEX,0725,432,533,37.05324892836403,-118.24367813084821,0.8118001222610474
CINDER_COMPLEX,0725,548,485,37.02195714108833,-118.25989797813666,0.9703225493431091
CINDER_COMPLEX,0725,543,443,37.023305925022626,-118.27409034451406,0.9132325649261475
CINDER_COMPLEX,0725,528,475,37.02735227682552,-118.26327711298843,0.9724326729774475
CINDER_COMPLEX,0725,565,447,37.01737127571172,-118.27273869057336,0.9553952217102051
CINDER_COMPLEX,0725,582,540,37.012785410335105,-118.24131273645199,0.9701949954032898
CINDER_COMPLEX,0725,503,451,37.034096196497,-118.27138703663266,0.9739342927932739
CINDER_COMPLEX,0725,598,550,37.00846930174535,-118.23793360160022,0.8444285988807678
CINDER_COMPLEX,0725,602,467,37.00739027459792,-118.26598042086984,0.9957630038261414
CINDER_COMPLEX,0725,555,491,37.02006884358031,-118.25787049722561,0.9758486747741699
CINDER_COMPLEX,0725,588,552,37.011166869613945,-118.23725777462987,0.7982521057128906
CINDER_COMPLEX,0725,540,475,37.0241151953832,-118.26327711298843,0.9714927077293396
CINDER_COMPLEX,0725,578,549,37.013864437482546,-118.2382715150854,0.9632748961448669
CINDER_COMPLEX,0725,436,528,37.05216990121659,-118.2453676982741,0.8947194218635559
CINDER_COMPLEX,0725,560,465,37.018720059646014,-118.26665624784019,0.9804686903953552
CINDER_COMPLEX,0725,593,440,37.00981808567965,-118.2751040849696,0.9678634405136108
CINDER_COMPLEX,0725,484,527,37.039221575447336,-118.24570561175928,0.889221727848053
CINDER_COMPLEX,0725,589,445,37.01089711282709,-118.27341451754371,0.9669821262359619
CINDER_COMPLEX,0725,417,520,37.05729528016692,-118.2480710061555,0.631602942943573
CINDER_COMPLEX,0725,501,539,37.034635710070724,-118.24165064993716,0.8230970501899719
CINDER_COMPLEX,0725,501,463,37.034635710070724,-118.26733207481054,0.9719911813735962
CINDER_COMPLEX,0725,594,481,37.00954832889279,-118.26124963207738,0.8707165718078613
CINDER_COMPLEX,0725,589,475,37.01089711282709,-118.26327711298843,0.989903450012207
CINDER_COMPLEX,0725,558,460,37.019259573219735,-118.26834581526607,0.9734950661659241
CINDER_COMPLEX,0725,593,461,37.00981808567965,-118.26800790178089,0.9963069558143616
CINDER_COMPLEX,0725,576,457,37.01440395105626,-118.2693595557216,0.9881094098091125
CINDER_COMPLEX,0725,537,475,37.02492446574378,-118.26327711298843,0.9733943343162537
CINDER_COMPLEX,0725,466,543,37.044077197610804,-118.24029899599645,0.5754860639572144
CINDER_COMPLEX,0725,565,433,37.01737127571172,-118.27746947936583,0.8815428614616394
CINDER_COMPLEX,0725,548,564,37.02195714108833,-118.23320281280776,0.7572252154350281
CINDER_COMPLEX,0725,554,439,37.02033860036717,-118.27544199845477,0.9260566830635071
CINDER_COMPLEX,0725,573,575,37.01521322141684,-118.22948576447082,0.7628213167190552
CINDER_COMPLEX,0725,504,477,37.03382643971015,-118.26260128601808,0.9673335552215576
CINDER_COMPLEX,0725,581,532,37.01305516712196,-118.24401604433339,0.8522139191627502
CINDER_COMPLEX,0725,485,470,37.03895181866047,-118.2649666804143,0.8772168159484863
CINDER_COMPLEX,0725,545,553,37.022766411448906,-118.2369198611447,0.9013924598693848
CINDER_COMPLEX,0725,554,468,37.02033860036717,-118.26564250738467,0.9809297919273376
CINDER_COMPLEX,0725,569,526,37.01629224856428,-118.24604352524445,0.8607785701751709
CINDER_COMPLEX,0725,568,556,37.01656200535114,-118.23590612068917,0.9182485938072205
CINDER_COMPLEX,0725,500,538,37.03490546685758,-118.24198856342234,0.8166359066963196
CINDER_COMPLEX,0725,574,546,37.01494346462998,-118.23928525554092,0.9731127023696899
CINDER_COMPLEX,0725,590,471,37.01062735604023,-118.26462876692914,0.9946868419647217
CINDER_COMPLEX,0725,415,522,37.05783479374064,-118.24739517918515,0.8184079527854919
CINDER_COMPLEX,0725,584,460,37.012245896761385,-118.26834581526607,0.9923566579818726
CINDER_COMPLEX,0725,543,475,37.023305925022626,-118.26327711298843,0.9725349545478821
CINDER_COMPLEX,0725,569,524,37.01629224856428,-118.2467193522148,0.832478940486908
CINDER_COMPLEX,0725,481,459,37.04003084580791,-118.26868372875124,0.9684864282608032
CINDER_COMPLEX,0725,476,541,37.04137962974221,-118.2409748229668,0.7856395840644836
CINDER_COMPLEX,0725,566,465,37.017101518924854,-118.26665624784019,0.9850167036056519
CINDER_COMPLEX,0725,576,569,37.01440395105626,-118.23151324538188,0.8300120234489441
CINDER_COMPLEX,0725,513,469,37.03139862862841,-118.26530459389949,0.9723596572875977
CINDER_COMPLEX,0725,448,540,37.04893281977427,-118.24131273645199,0.5768181085586548
CINDER_COMPLEX,0725,574,446,37.01494346462998,-118.27307660405853,0.9664644598960876
CINDER_COMPLEX,0725,518,467,37.03004984469411,-118.26598042086984,0.9731957316398621
CINDER_COMPLEX,0725,615,469,37.003883436368746,-118.26530459389949,0.9726768732070923
CINDER_COMPLEX,0725,455,514,37.047044522266255,-118.25009848706657,0.6041593551635742
CINDER_COMPLEX,0725,581,454,37.01305516712196,-118.27037329617713,0.9885926842689514
CINDER_COMPLEX,0725,560,455,37.018720059646014,-118.27003538269196,0.9620241522789001
CINDER_COMPLEX,0725,542,557,37.02357568180948,-118.23556820720398,0.8752087950706482
CINDER_COMPLEX,0725,441,532,37.05082111728229,-118.24401604433339,0.9242219924926758
CINDER_COMPLEX,0725,615,477,37.003883436368746,-118.26260128601808,0.7726823091506958
CINDER_COMPLEX,0725,541,439,37.02384543859635,-118.27544199845477,0.8946588635444641
CINDER_COMPLEX,0725,585,538,37.01197613997453,-118.24198856342234,0.9250003695487976
CINDER_COMPLEX,0725,437,526,37.05190014442973,-118.24604352524445,0.891954779624939
CINDER_COMPLEX,0725,469,544,37.04326792725023,-118.23996108251127,0.5116861462593079
CINDER_COMPLEX,0725,569,443,37.01629224856428,-118.27409034451406,0.9424000978469849
CINDER_COMPLEX,0725,503,482,37.034096196497,-118.2609117185922,0.9725110530853271
CINDER_COMPLEX,0725,533,452,37.02600349289122,-118.27104912314748,0.9345244765281677
CINDER_COMPLEX,0725,515,463,37.03085911505469,-118.26733207481054,0.9738905429840088
CINDER_COMPLEX,0725,570,543,37.01602249177742,-118.24029899599645,0.9646269679069519
CINDER_COMPLEX,0725,540,468,37.0241151953832,-118.26564250738467,0.9761939644813538
CINDER_COMPLEX,0725,587,544,37.01143662640081,-118.23996108251127,0.936333417892456
CINDER_COMPLEX,0725,488,489,37.038142548299895,-118.25854632419596,0.5754290223121643
CINDER_COMPLEX,0725,573,535,37.01521322141684,-118.24300230387786,0.9154766201972961
CINDER_COMPLEX,0725,572,477,37.0154829782037,-118.26260128601808,0.9741429090499878
CINDER_COMPLEX,0725,528,474,37.02735227682552,-118.2636150264736,0.972427487373352
CINDER_COMPLEX,0725,535,447,37.0254639793175,-118.27273869057336,0.8928685188293457
CINDER_COMPLEX,0725,604,543,37.0068507610242,-118.24029899599645,0.5617550611495972
CINDER_COMPLEX,0725,544,437,37.02303616823576,-118.27611782542512,0.889909565448761
CINDER_COMPLEX,0725,562,478,37.018180546072294,-118.2622633725329,0.988370418548584
CINDER_COMPLEX,0725,438,536,37.05163038764287,-118.24266439039269,0.8702500462532043
CINDER_COMPLEX,0725,591,540,37.01035759925337,-118.24131273645199,0.6678078770637512
CINDER_COMPLEX,0725,548,482,37.02195714108833,-118.2609117185922,0.9681890606880188
CINDER_COMPLEX,0725,566,555,37.017101518924854,-118.23624403417433,0.9656209945678711
CINDER_COMPLEX,0725,540,445,37.0241151953832,-118.27341451754371,0.9028292298316956
CINDER_COMPLEX,0725,478,527,37.04084011616849,-118.24570561175928,0.9313851594924927
CINDER_COMPLEX,0725,490,487,37.037603034726175,-118.25922215116631,0.6744363903999329
CINDER_COMPLEX,0725,514,452,37.031128871841545,-118.27104912314748,0.9663347601890564
CINDER_COMPLEX,0725,573,529,37.01521322141684,-118.24502978478893,0.8255440592765808
CINDER_COMPLEX,0725,476,534,37.04137962974221,-118.24334021736304,0.9555684328079224
CINDER_COMPLEX,0725,504,461,37.03382643971015,-118.26800790178089,0.9734721183776855
CINDER_COMPLEX,0725,442,528,37.05055136049543,-118.2453676982741,0.9445210099220276
CINDER_COMPLEX,0725,431,531,37.053518685150884,-118.24435395781856,0.8887463212013245
CINDER_COMPLEX,0725,573,557,37.01521322141684,-118.23556820720398,0.9355944395065308
CINDER_COMPLEX,0725,511,488,37.03193814220213,-118.25888423768114,0.9721135497093201
CINDER_COMPLEX,0725,536,476,37.025194222530644,-118.26293919950325,0.9741961359977722
CINDER_COMPLEX,0725,585,535,37.01197613997453,-118.24300230387786,0.8825327157974243
CINDER_COMPLEX,0725,564,523,37.017641032498574,-118.24705726569998,0.8033812046051025
CINDER_COMPLEX,0725,587,460,37.01143662640081,-118.26834581526607,0.9931278824806213
CINDER_COMPLEX,0725,573,475,37.01521322141684,-118.26327711298843,0.9784358143806458
CINDER_COMPLEX,0725,572,571,37.0154829782037,-118.23083741841153,0.8730183839797974
CINDER_COMPLEX,0725,524,453,37.02843130397295,-118.27071120966231,0.9494749307632446
CINDER_COMPLEX,0725,563,550,37.01791078928544,-118.23793360160022,0.9605761766433716
CINDER_COMPLEX,0725,530,472,37.0268127632518,-118.26429085344395,0.9729669690132141
CINDER_COMPLEX,0725,504,534,37.03382643971015,-118.24334021736304,0.8648956418037415
CINDER_COMPLEX,0725,576,433,37.01440395105626,-118.27746947936583,0.7985613346099854
CINDER_COMPLEX,0725,561,544,37.01845030285915,-118.23996108251127,0.9337171912193298
CINDER_COMPLEX,0725,596,459,37.00900881531907,-118.26868372875124,0.9963737726211548
CINDER_COMPLEX,0725,591,482,37.01035759925337,-118.2609117185922,0.8822517991065979
CINDER_COMPLEX,0725,497,536,37.03571473721816,-118.24266439039269,0.8436402082443237
CINDER_COMPLEX,0725,586,447,37.011706383187665,-118.27273869057336,0.9774908423423767
CINDER_COMPLEX,0725,486,457,37.038682061873615,-118.2693595557216,0.9701651930809021
CINDER_COMPLEX,0725,571,482,37.015752734990556,-118.2609117185922,0.9675060510635376
CINDER_COMPLEX,0725,468,541,37.043537684037084,-118.2409748229668,0.8859871625900269
CINDER_COMPLEX,0725,535,439,37.0254639793175,-118.27544199845477,0.8711729645729065
CINDER_COMPLEX,0725,502,530,37.03436595328386,-118.24469187130374,0.8119213581085205
CINDER_COMPLEX,0725,514,465,37.031128871841545,-118.26665624784019,0.9732823967933655
CINDER_COMPLEX,0725,519,460,37.02978008790725,-118.26834581526607,0.9735666513442993
CINDER_COMPLEX,0725,541,481,37.02384543859635,-118.26124963207738,0.9731424450874329
CINDER_COMPLEX,0725,508,479,37.032747412562706,-118.26192545904773,0.9680417776107788
CINDER_COMPLEX,0725,564,545,37.017641032498574,-118.2396231690261,0.9595314860343933
CINDER_COMPLEX,0725,482,534,37.03976108902105,-118.24334021736304,0.8177525997161865
CINDER_COMPLEX,0725,609,466,37.0055019770899,-118.26631833435502,0.9953936338424683
CINDER_COMPLEX,0725,544,488,37.02303616823576,-118.25888423768114,0.9716083407402039
CINDER_COMPLEX,0725,532,462,37.02627324967808,-118.26766998829572,0.9723697900772095
CINDER_COMPLEX,0725,514,530,37.031128871841545,-118.24469187130374,0.9325318932533264
CINDER_COMPLEX,0725,547,542,37.022226897875186,-118.24063690948162,0.9376302361488342
CINDER_COMPLEX,0725,547,442,37.022226897875186,-118.27442825799925,0.9217394590377808
CINDER_COMPLEX,0725,543,562,37.023305925022626,-118.23387863977811,0.6778545379638672
CINDER_COMPLEX,0725,572,502,37.0154829782037,-118.25415344888867,0.82053142786026
CINDER_COMPLEX,0725,596,547,37.00900881531907,-118.23894734205575,0.9021300077438354
CINDER_COMPLEX,0725,466,457,37.044077197610804,-118.2693595557216,0.9348021149635315
CINDER_COMPLEX,0725,571,570,37.015752734990556,-118.2311753318967,0.6869835257530212
CINDER_COMPLEX,0725,560,487,37.018720059646014,-118.25922215116631,0.9733877778053284
CINDER_COMPLEX,0725,549,567,37.021687384301465,-118.23218907235223,0.5854811072349548
CINDER_COMPLEX,0725,525,455,37.028161547186095,-118.27003538269196,0.9573906064033508
CINDER_COMPLEX,0725,568,546,37.01656200535114,-118.23928525554092,0.9579881429672241
CINDER_COMPLEX,0725,491,499,37.03733327793932,-118.2551671893442,0.8622150421142578
CINDER_COMPLEX,0725,540,476,37.0241151953832,-118.26293919950325,0.9736778140068054
CINDER_COMPLEX,0725,442,521,37.05055136049543,-118.24773309267033,0.8425710201263428
CINDER_COMPLEX,0725,556,535,37.01979908679345,-118.24300230387786,0.9100416898727417
CINDER_COMPLEX,0725,469,456,37.04326792725023,-118.26969746920678,0.9537762999534607
CINDER_COMPLEX,0725,531,445,37.02654300646494,-118.27341451754371,0.8701923489570618
CINDER_COMPLEX,0725,516,470,37.03058935826783,-118.2649666804143,0.9710730910301208
CINDER_COMPLEX,0725,465,525,37.04434695439766,-118.24638143872963,0.9377992749214172
CINDER_COMPLEX,0725,590,485,37.01062735604023,-118.25989797813666,0.7691934704780579
CINDER_COMPLEX,0725,517,528,37.03031960148097,-118.2453676982741,0.9792565703392029
CINDER_COMPLEX,0725,551,448,37.021147870727745,-118.27240077708818,0.9411308765411377
CINDER_COMPLEX,0725,597,563,37.008739058532214,-118.23354072629293,0.696412980556488
CINDER_COMPLEX,0725,451,539,37.048123549413695,-118.24165064993716,0.7468588948249817
CINDER_COMPLEX,0725,551,566,37.021147870727745,-118.2325269858374,0.5927894115447998
CINDER_COMPLEX,0725,479,536,37.04057035938163,-118.24266439039269,0.8118435144424438
CINDER_COMPLEX,0725,487,534,37.03841230508675,-118.24334021736304,0.7956348657608032
CINDER_COMPLEX,0725,583,564,37.01251565354824,-118.23320281280776,0.654900074005127
CINDER_COMPLEX,0725,563,561,37.01791078928544,-118.23421655326328,0.9052674770355225
CINDER_COMPLEX,0725,551,541,37.021147870727745,-118.2409748229668,0.922202467918396
CINDER_COMPLEX,0725,551,554,37.021147870727745,-118.23658194765952,0.9436575174331665
CINDER_COMPLEX,0725,557,456,37.01952933000659,-118.26969746920678,0.9634923338890076
CINDER_COMPLEX,0725,475,528,37.041649386529066,-118.2453676982741,0.895736813545227
CINDER_COMPLEX,0725,497,492,37.03571473721816,-118.25753258374044,0.9326419234275818
CINDER_COMPLEX,0725,509,541,37.03247765577585,-118.2409748229668,0.943149209022522
CINDER_COMPLEX,0725,560,453,37.018720059646014,-118.27071120966231,0.9540724158287048
CINDER_COMPLEX,0725,559,448,37.01898981643287,-118.27240077708818,0.9437181353569031
CINDER_COMPLEX,0725,467,457,37.04380744082395,-118.2693595557216,0.9384753704071045
CINDER_COMPLEX,0725,597,465,37.008739058532214,-118.26665624784019,0.9972476363182068
CINDER_COMPLEX,0725,550,555,37.02141762751461,-118.23624403417433,0.9295137524604797
CINDER_COMPLEX,0725,531,474,37.02654300646494,-118.2636150264736,0.9725707769393921
CINDER_COMPLEX,0725,495,446,37.03625425079188,-118.27307660405853,0.9722861647605896
CINDER_COMPLEX,0725,570,528,37.01602249177742,-118.2453676982741,0.8967998623847961
CINDER_COMPLEX,0725,565,432,37.01737127571172,-118.277807392851,0.8773911595344543
CINDER_COMPLEX,0725,508,480,37.032747412562706,-118.26158754556255,0.9696548581123352
CINDER_COMPLEX,0725,601,467,37.00766003138477,-118.26598042086984,0.9968051314353943
CINDER_COMPLEX,0725,478,466,37.04084011616849,-118.26631833435502,0.8888307213783264
CINDER_COMPLEX,0725,510,481,37.032207898988986,-118.26124963207738,0.9728835225105286
CINDER_COMPLEX,0725,565,514,37.01737127571172,-118.25009848706657,0.8547629714012146
CINDER_COMPLEX,0725,590,449,37.01062735604023,-118.27206286360301,0.9852486848831177
CINDER_COMPLEX,0725,517,478,37.03031960148097,-118.2622633725329,0.9722265005111694
CINDER_COMPLEX,0725,477,458,37.041109872955346,-118.26902164223642,0.9679659008979797
CINDER_COMPLEX,0725,541,563,37.02384543859635,-118.23354072629293,0.5298892855644226
CINDER_COMPLEX,0725,456,530,37.0467747654794,-118.24469187130374,0.9466444253921509
CINDER_COMPLEX,0725,548,449,37.02195714108833,-118.27206286360301,0.9404424428939819
CINDER_COMPLEX,0725,547,471,37.022226897875186,-118.26462876692914,0.9760845303535461
CINDER_COMPLEX,0725,534,478,37.02573373610436,-118.2622633725329,0.9724705815315247
CINDER_COMPLEX,0725,480,530,37.04030060259477,-118.24469187130374,0.937315046787262
CINDER_COMPLEX,0725,477,523,37.041109872955346,-118.24705726569998,0.9648606777191162
CINDER_COMPLEX,0725,472,468,37.04245865688965,-118.26564250738467,0.7827444672584534
CINDER_COMPLEX,0725,478,539,37.04084011616849,-118.24165064993716,0.8282073736190796
CINDER_COMPLEX,0725,556,431,37.01979908679345,-118.27814530633619,0.8227616548538208
CINDER_COMPLEX,0725,567,460,37.016831762138,-118.26834581526607,0.9841757416725159
CINDER_COMPLEX,0725,613,463,37.00442294994246,-118.26733207481054,0.9857581257820129
CINDER_COMPLEX,0725,520,462,37.02951033112039,-118.26766998829572,0.9740763902664185
CINDER_COMPLEX,0725,549,461,37.021687384301465,-118.26800790178089,0.9749586582183838
CINDER_COMPLEX,0725,481,541,37.04003084580791,-118.2409748229668,0.6709534525871277
CINDER_COMPLEX,0725,444,457,37.05001184692171,-118.2693595557216,0.5631725788116455
CINDER_COMPLEX,0725,570,433,37.01602249177742,-118.27746947936583,0.8302565813064575
CINDER_COMPLEX,0725,466,454,37.044077197610804,-118.27037329617713,0.9504347443580627
CINDER_COMPLEX,0725,512,463,37.031668385415266,-118.26733207481054,0.9742035865783691
CINDER_COMPLEX,0725,510,444,37.032207898988986,-118.2737524310289,0.9607723951339722
CINDER_COMPLEX,0725,492,469,37.037063521152454,-118.26530459389949,0.9558168649673462
CINDER_COMPLEX,0725,574,460,37.01494346462998,-118.26834581526607,0.9907764792442322
CINDER_COMPLEX,0725,571,539,37.015752734990556,-118.24165064993716,0.9521418809890747
CINDER_COMPLEX,0725,539,556,37.02438495217006,-118.23590612068917,0.9393642544746399
CINDER_COMPLEX,0725,474,454,37.04191914331593,-118.27037329617713,0.9682909846305847
CINDER_COMPLEX,0725,578,484,37.013864437482546,-118.26023589162185,0.9467763304710388
CINDER_COMPLEX,0725,563,440,37.01791078928544,-118.2751040849696,0.9303731322288513
CINDER_COMPLEX,0725,577,446,37.0141341942694,-118.27307660405853,0.9675276279449463
CINDER_COMPLEX,0725,604,454,37.0068507610242,-118.27037329617713,0.994151771068573
CINDER_COMPLEX,0725,457,517,37.04650500869254,-118.24908474661103,0.8396651744842529
CINDER_COMPLEX,0725,526,550,37.02789179039924,-118.23793360160022,0.7120954990386963
CINDER_COMPLEX,0725,564,557,37.017641032498574,-118.23556820720398,0.9354012608528137
CINDER_COMPLEX,0725,565,454,37.01737127571172,-118.27037329617713,0.9699777960777283
CINDER_COMPLEX,0725,540,462,37.0241151953832,-118.26766998829572,0.9770249128341675
CINDER_COMPLEX,0725,578,452,37.013864437482546,-118.27104912314748,0.984287440776825
CINDER_COMPLEX,0725,496,484,37.03598449400502,-118.26023589162185,0.9572156071662903
CINDER_COMPLEX,0725,585,470,37.01197613997453,-118.2649666804143,0.9947145581245422
CINDER_COMPLEX,0725,563,531,37.01791078928544,-118.24435395781856,0.9536126852035522
CINDER_COMPLEX,0725,572,503,37.0154829782037,-118.2538155354035,0.8738112449645996
CINDER_COMPLEX,0725,586,533,37.011706383187665,-118.24367813084821,0.855072021484375
CINDER_COMPLEX,0725,519,482,37.02978008790725,-118.2609117185922,0.9723466634750366
CINDER_COMPLEX,0725,557,565,37.01952933000659,-118.23286489932258,0.8569508194923401
CINDER_COMPLEX,0725,553,480,37.02060835715403,-118.26158754556255,0.9801895618438721
CINDER_COMPLEX,0725,477,460,37.041109872955346,-118.26834581526607,0.962640106678009
CINDER_COMPLEX,0725,473,518,37.042188900102786,-118.24874683312585,0.9043042063713074
CINDER_COMPLEX,0725,561,516,37.01845030285915,-118.24942266009622,0.9133850932121277
CINDER_COMPLEX,0725,542,473,37.02357568180948,-118.26395293995878,0.9736646413803101
CINDER_COMPLEX,0725,492,534,37.037063521152454,-118.24334021736304,0.7302765846252441
CINDER_COMPLEX,0725,511,486,37.03193814220213,-118.2595600646515,0.9731139540672302
CINDER_COMPLEX,0725,573,437,37.01521322141684,-118.27611782542512,0.8821783661842346
CINDER_COMPLEX,0725,479,479,37.04057035938163,-118.26192545904773,0.5896870493888855
CINDER_COMPLEX,0725,510,485,37.032207898988986,-118.25989797813666,0.9728025794029236
CINDER_COMPLEX,0725,548,561,37.02195714108833,-118.23421655326328,0.895986795425415
CINDER_COMPLEX,0725,575,553,37.01467370784312,-118.2369198611447,0.9490224719047546
CINDER_COMPLEX,0725,520,451,37.02951033112039,-118.27138703663266,0.9482566714286804
CINDER_COMPLEX,0725,579,452,37.01359468069568,-118.27104912314748,0.9848350286483765
CINDER_COMPLEX,0725,575,448,37.01467370784312,-118.27240077708818,0.9734036326408386
CINDER_COMPLEX,0725,603,453,37.00712051781105,-118.27071120966231,0.9937953352928162
CINDER_COMPLEX,0725,494,448,37.03652400757874,-118.27240077708818,0.9727780818939209
CINDER_COMPLEX,0725,457,458,37.04650500869254,-118.26902164223642,0.620025098323822
CINDER_COMPLEX,0725,432,531,37.05324892836403,-118.24435395781856,0.9097070693969727
CINDER_COMPLEX,0725,509,516,37.03247765577585,-118.24942266009622,0.9910515546798706
CINDER_COMPLEX,0725,544,556,37.02303616823576,-118.23590612068917,0.8584439754486084
CINDER_COMPLEX,0725,545,547,37.022766411448906,-118.23894734205575,0.9141101837158203
CINDER_COMPLEX,0725,571,446,37.015752734990556,-118.27307660405853,0.9636347889900208
CINDER_COMPLEX,0725,610,481,37.00523222030304,-118.26124963207738,0.6667946577072144
CINDER_COMPLEX,0725,525,443,37.028161547186095,-118.27409034451406,0.8791713118553162
CINDER_COMPLEX,0725,581,507,37.01305516712196,-118.25246388146279,0.8747870922088623
CINDER_COMPLEX,0725,618,474,37.00307416600816,-118.2636150264736,0.9626809358596802
CINDER_COMPLEX,0725,563,473,37.01791078928544,-118.26395293995878,0.9837715029716492
CINDER_COMPLEX,0725,487,471,37.03841230508675,-118.26462876692914,0.866226315498352
CINDER_COMPLEX,0725,521,442,37.029240574333535,-118.27442825799925,0.898301362991333
CINDER_COMPLEX,0725,533,460,37.02600349289122,-118.26834581526607,0.9738898277282715
CINDER_COMPLEX,0725,458,523,37.04623525190568,-118.24705726569998,0.930232048034668
CINDER_COMPLEX,0725,576,534,37.01440395105626,-118.24334021736304,0.7799736857414246
CINDER_COMPLEX,0725,575,572,37.01467370784312,-118.23049950492634,0.8998926281929016
CINDER_COMPLEX,0725,546,547,37.02249665466205,-118.23894734205575,0.922679603099823
CINDER_COMPLEX,0725,516,532,37.03058935826783,-118.24401604433339,0.9714288711547852
CINDER_COMPLEX,0725,530,463,37.0268127632518,-118.26733207481054,0.9725158214569092
CINDER_COMPLEX,0725,569,507,37.01629224856428,-118.25246388146279,0.8354911208152771
CINDER_COMPLEX,0725,588,455,37.011166869613945,-118.27003538269196,0.9917948842048645
CINDER_COMPLEX,0725,498,482,37.0354449804313,-118.2609117185922,0.9705678820610046
CINDER_COMPLEX,0725,544,447,37.02303616823576,-118.27273869057336,0.9304788708686829
CINDER_COMPLEX,0725,577,438,37.0141341942694,-118.27577991193995,0.8930597901344299
CINDER_COMPLEX,0725,604,473,37.0068507610242,-118.26395293995878,0.985070526599884
CINDER_COMPLEX,0725,524,472,37.02843130397295,-118.26429085344395,0.9721622467041016
CINDER_COMPLEX,0725,489,466,37.03787279151304,-118.26631833435502,0.9358307123184204
CINDER_COMPLEX,0725,585,438,37.01197613997453,-118.27577991193995,0.9226718544960022
CINDER_COMPLEX,0725,566,510,37.017101518924854,-118.25145014100727,0.6636707782745361
CINDER_COMPLEX,0725,544,455,37.02303616823576,-118.27003538269196,0.9592838883399963
CINDER_COMPLEX,0725,568,460,37.01656200535114,-118.26834581526607,0.9831719398498535
CINDER_COMPLEX,0725,544,557,37.02303616823576,-118.23556820720398,0.8803071975708008
CINDER_COMPLEX,0725,553,451,37.02060835715403,-118.27138703663266,0.9483606815338135
CINDER_COMPLEX,0725,515,442,37.03085911505469,-118.27442825799925,0.9234773516654968
CINDER_COMPLEX,0725,458,454,37.04623525190568,-118.27037329617713,0.9079614281654358
CINDER_COMPLEX,0725,606,464,37.006311247450476,-118.26699416132537,0.9949608445167542
CINDER_COMPLEX,0725,490,541,37.037603034726175,-118.2409748229668,0.7123012542724609
CINDER_COMPLEX,0725,488,470,37.038142548299895,-118.2649666804143,0.8871617913246155
CINDER_COMPLEX,0725,572,449,37.0154829782037,-118.27206286360301,0.9726151823997498
CINDER_COMPLEX,0725,478,460,37.04084011616849,-118.26834581526607,0.9630306959152222
CINDER_COMPLEX,0725,609,482,37.0055019770899,-118.2609117185922,0.6642419099807739
CINDER_COMPLEX,0725,601,447,37.00766003138477,-118.27273869057336,0.9901970624923706
CINDER_COMPLEX,0725,504,537,37.03382643971015,-118.24232647690751,0.9069734215736389
CINDER_COMPLEX,0725,510,542,37.032207898988986,-118.24063690948162,0.9135454893112183
CINDER_COMPLEX,0725,513,472,37.03139862862841,-118.26429085344395,0.9538585543632507
CINDER_COMPLEX,0725,549,481,37.021687384301465,-118.26124963207738,0.9723917245864868
CINDER_COMPLEX,0725,556,433,37.01979908679345,-118.27746947936583,0.8652860522270203
CINDER_COMPLEX,0725,524,487,37.02843130397295,-118.25922215116631,0.9723890423774719
CINDER_COMPLEX,0725,486,530,37.038682061873615,-118.24469187130374,0.6820244789123535
CINDER_COMPLEX,0725,584,474,37.012245896761385,-118.2636150264736,0.9882094860076904
CINDER_COMPLEX,0725,517,474,37.03031960148097,-118.2636150264736,0.9719371199607849
CINDER_COMPLEX,0725,542,449,37.02357568180948,-118.27206286360301,0.9386799335479736
CINDER_COMPLEX,0725,449,537,37.048663062987416,-118.24232647690751,0.8088018894195557
CINDER_COMPLEX,0725,558,515,37.019259573219735,-118.24976057358138,0.9563614726066589
CINDER_COMPLEX,0725,590,444,37.01062735604023,-118.2737524310289,0.966385006904602
CINDER_COMPLEX,0725,492,540,37.037063521152454,-118.24131273645199,0.8504877090454102
CINDER_COMPLEX,0725,519,459,37.02978008790725,-118.26868372875124,0.9727558493614197
CINDER_COMPLEX,0725,558,476,37.019259573219735,-118.26293919950325,0.9877758622169495
CINDER_COMPLEX,0725,495,527,37.03625425079188,-118.24570561175928,0.9137188196182251
CINDER_COMPLEX,0725,582,518,37.012785410335105,-118.24874683312585,0.8627336025238037
CINDER_COMPLEX,0725,547,465,37.022226897875186,-118.26665624784019,0.9739551544189453
CINDER_COMPLEX,0725,565,526,37.01737127571172,-118.24604352524445,0.9330019354820251
CINDER_COMPLEX,0725,444,526,37.05001184692171,-118.24604352524445,0.9182642698287964
CINDER_COMPLEX,0725,582,438,37.012785410335105,-118.27577991193995,0.9034578800201416
CINDER_COMPLEX,0725,549,488,37.021687384301465,-118.25888423768114,0.9787337183952332
CINDER_COMPLEX,0725,537,451,37.02492446574378,-118.27138703663266,0.9364432096481323
CINDER_COMPLEX,0725,428,520,37.05432795551146,-118.2480710061555,0.5858770608901978
CINDER_COMPLEX,0725,567,442,37.016831762138,-118.27442825799925,0.9375795125961304
CINDER_COMPLEX,0725,520,449,37.02951033112039,-118.27206286360301,0.9388649463653564
CINDER_COMPLEX,0725,548,468,37.02195714108833,-118.26564250738467,0.9751628637313843
CINDER_COMPLEX,0725,516,479,37.03058935826783,-118.26192545904773,0.9703925848007202
CINDER_COMPLEX,0725,479,525,37.04057035938163,-118.24638143872963,0.9634981155395508
CINDER_COMPLEX,0725,534,557,37.02573373610436,-118.23556820720398,0.9087476134300232
CINDER_COMPLEX,0725,527,462,37.027622033612374,-118.26766998829572,0.9720054864883423
CINDER_COMPLEX,0725,505,516,37.03355668292328,-118.24942266009622,0.9805957674980164
CINDER_COMPLEX,0725,471,541,37.04272841367651,-118.2409748229668,0.8591787219047546
CINDER_COMPLEX,0725,468,518,37.043537684037084,-118.24874683312585,0.9110982418060303
CINDER_COMPLEX,0725,508,542,37.032747412562706,-118.24063690948162,0.9065790772438049
CINDER_COMPLEX,0725,538,464,37.02465470895692,-118.26699416132537,0.9752198457717896
CINDER_COMPLEX,0725,550,445,37.02141762751461,-118.27341451754371,0.9383569955825806
CINDER_COMPLEX,0725,524,544,37.02843130397295,-118.23996108251127,0.8919008374214172
CINDER_COMPLEX,0725,567,458,37.016831762138,-118.26902164223642,0.9822469353675842
CINDER_COMPLEX,0725,576,551,37.01440395105626,-118.23759568811505,0.923556923866272
CINDER_COMPLEX,0725,586,448,37.011706383187665,-118.27240077708818,0.980370044708252
CINDER_COMPLEX,0725,496,462,37.03598449400502,-118.26766998829572,0.9679462909698486
CINDER_COMPLEX,0725,452,536,37.04785379262684,-118.24266439039269,0.6930341720581055
CINDER_COMPLEX,0725,559,464,37.01898981643287,-118.26699416132537,0.9799301624298096
CINDER_COMPLEX,0725,519,474,37.02978008790725,-118.2636150264736,0.9724157452583313
CINDER_COMPLEX,0725,540,471,37.0241151953832,-118.26462876692914,0.9731531739234924
CINDER_COMPLEX,0725,487,484,37.03841230508675,-118.26023589162185,0.6580135226249695
CINDER_COMPLEX,0725,606,451,37.006311247450476,-118.27138703663266,0.9903239607810974
CINDER_COMPLEX,0725,571,530,37.015752734990556,-118.24469187130374,0.8530296087265015
CINDER_COMPLEX,0725,539,442,37.02438495217006,-118.27442825799925,0.8916826248168945
CINDER_COMPLEX,0725,570,461,37.01602249177742,-118.26800790178089,0.984490692615509
CINDER_COMPLEX,0725,584,454,37.012245896761385,-118.27037329617713,0.9884312152862549
CINDER_COMPLEX,0725,569,566,37.01629224856428,-118.2325269858374,0.7006658315658569
CINDER_COMPLEX,0725,511,550,37.03193814220213,-118.23793360160022,0.6896365880966187
CINDER_COMPLEX,0725,586,538,37.011706383187665,-118.24198856342234,0.9416589140892029
CINDER_COMPLEX,0725,522,481,37.02897081754667,-118.26124963207738,0.9723502397537231
CINDER_COMPLEX,0725,558,458,37.019259573219735,-118.26902164223642,0.96992427110672
CINDER_COMPLEX,0725,587,462,37.01143662640081,-118.26766998829572,0.9940707087516785
CINDER_COMPLEX,0725,582,516,37.012785410335105,-118.24942266009622,0.8647174835205078
CINDER_COMPLEX,0725,572,500,37.0154829782037,-118.25482927585902,0.8092466592788696
CINDER_COMPLEX,0725,548,438,37.02195714108833,-118.27577991193995,0.9010119438171387
CINDER_COMPLEX,0725,483,448,37.03949133223419,-118.27240077708818,0.9727333188056946
CINDER_COMPLEX,0725,503,450,37.034096196497,-118.27172495011783,0.9735552668571472
CINDER_COMPLEX,0725,500,527,37.03490546685758,-118.24570561175928,0.8694266676902771
CINDER_COMPLEX,0725,504,523,37.03382643971015,-118.24705726569998,0.9282451272010803
CINDER_COMPLEX,0725,597,469,37.008739058532214,-118.26530459389949,0.9966815710067749
CINDER_COMPLEX,0725,498,455,37.0354449804313,-118.27003538269196,0.973526120185852
CINDER_COMPLEX,0725,494,534,37.03652400757874,-118.24334021736304,0.899397611618042
CINDER_COMPLEX,0725,518,488,37.03004984469411,-118.25888423768114,0.9723466634750366
CINDER_COMPLEX,0725,539,466,37.02438495217006,-118.26631833435502,0.9777728915214539
CINDER_COMPLEX,0725,545,466,37.022766411448906,-118.26631833435502,0.9759897589683533
CINDER_COMPLEX,0725,568,430,37.01656200535114,-118.27848321982135,0.8410826325416565
CINDER_COMPLEX,0725,528,545,37.02735227682552,-118.2396231690261,0.8636936545372009
CINDER_COMPLEX,0725,461,461,37.0454259815451,-118.26800790178089,0.5832688212394714
CINDER_COMPLEX,0725,580,446,37.013324923908826,-118.27307660405853,0.9704175591468811
CINDER_COMPLEX,0725,584,456,37.012245896761385,-118.26969746920678,0.9913908243179321
CINDER_COMPLEX,0725,464,458,37.044616711184524,-118.26902164223642,0.8754392862319946
CINDER_COMPLEX,0725,557,482,37.01952933000659,-118.2609117185922,0.9810115098953247
CINDER_COMPLEX,0725,556,561,37.01979908679345,-118.23421655326328,0.9195853471755981
CINDER_COMPLEX,0725,567,464,37.016831762138,-118.26699416132537,0.9851809144020081
CINDER_COMPLEX,0725,443,521,37.05028160370857,-118.24773309267033,0.827692449092865
CINDER_COMPLEX,0725,592,548,37.01008784246651,-118.23860942857057,0.7928739786148071
CINDER_COMPLEX,0725,478,465,37.04084011616849,-118.26665624784019,0.8963883519172668
CINDER_COMPLEX,0725,455,538,37.047044522266255,-118.24198856342234,0.8399946689605713
CINDER_COMPLEX,0725,581,529,37.01305516712196,-118.24502978478893,0.7141780853271484
CINDER_COMPLEX,0725,447,537,37.049202576561136,-118.24232647690751,0.7599827647209167
CINDER_COMPLEX,0725,550,480,37.02141762751461,-118.26158754556255,0.973206102848053
CINDER_COMPLEX,0725,575,526,37.01467370784312,-118.24604352524445,0.6141947507858276
CINDER_COMPLEX,0725,566,574,37.017101518924854,-118.22982367795599,0.808297872543335
CINDER_COMPLEX,0725,547,549,37.022226897875186,-118.2382715150854,0.9202688932418823
CINDER_COMPLEX,0725,558,467,37.019259573219735,-118.26598042086984,0.9820879697799683
CINDER_COMPLEX,0725,459,517,37.04596549511882,-118.24908474661103,0.874451220035553
CINDER_COMPLEX,0725,573,491,37.01521322141684,-118.25787049722561,0.8227744698524475
CINDER_COMPLEX,0725,502,528,37.03436595328386,-118.2453676982741,0.8943154215812683
CINDER_COMPLEX,0725,554,443,37.02033860036717,-118.27409034451406,0.9392182230949402
CINDER_COMPLEX,0725,615,478,37.003883436368746,-118.2622633725329,0.7053892612457275
CINDER_COMPLEX,0725,605,451,37.00658100423734,-118.27138703663266,0.9907929301261902
CINDER_COMPLEX,0725,551,438,37.021147870727745,-118.27577991193995,0.9148050546646118
CINDER_COMPLEX,0725,584,561,37.012245896761385,-118.23421655326328,0.5194348692893982
CINDER_COMPLEX,0725,451,536,37.048123549413695,-118.24266439039269,0.7661638259887695
CINDER_COMPLEX,0725,551,469,37.021147870727745,-118.26530459389949,0.9746408462524414
CINDER_COMPLEX,0725,508,550,37.032747412562706,-118.23793360160022,0.6300040483474731
CINDER_COMPLEX,0725,513,477,37.03139862862841,-118.26260128601808,0.9314541220664978
CINDER_COMPLEX,0725,538,455,37.02465470895692,-118.27003538269196,0.9609330296516418
CINDER_COMPLEX,0725,554,433,37.02033860036717,-118.27746947936583,0.8464989066123962
CINDER_COMPLEX,0725,554,540,37.02033860036717,-118.24131273645199,0.7963215112686157
CINDER_COMPLEX,0725,522,477,37.02897081754667,-118.26260128601808,0.9723671674728394
CINDER_COMPLEX,0725,574,530,37.01494346462998,-118.24469187130374,0.9096955060958862
CINDER_COMPLEX,0725,572,483,37.0154829782037,-118.26057380510701,0.954647958278656
CINDER_COMPLEX,0725,568,441,37.01656200535114,-118.27476617148442,0.9315940141677856
CINDER_COMPLEX,0725,514,528,37.031128871841545,-118.2453676982741,0.9469208717346191
CINDER_COMPLEX,0725,552,538,37.02087811394089,-118.24198856342234,0.9269548654556274
CINDER_COMPLEX,0725,495,452,37.03625425079188,-118.27104912314748,0.9728015661239624
CINDER_COMPLEX,0725,542,542,37.02357568180948,-118.24063690948162,0.9037653803825378
CINDER_COMPLEX,0725,491,474,37.03733327793932,-118.2636150264736,0.8673641681671143
CINDER_COMPLEX,0725,509,520,37.03247765577585,-118.2480710061555,0.9746769070625305
CINDER_COMPLEX,0725,538,436,37.02465470895692,-118.2764557389103,0.8650422096252441
CINDER_COMPLEX,0725,599,469,37.008199544958494,-118.26530459389949,0.996052622795105
CINDER_COMPLEX,0725,546,488,37.02249665466205,-118.25888423768114,0.9710334539413452
CINDER_COMPLEX,0725,543,474,37.023305925022626,-118.2636150264736,0.9720682501792908
CINDER_COMPLEX,0725,433,530,37.052979171577164,-118.24469187130374,0.8968561291694641
CINDER_COMPLEX,0725,532,473,37.02627324967808,-118.26395293995878,0.9732993841171265
CINDER_COMPLEX,0725,563,554,37.01791078928544,-118.23658194765952,0.9458639621734619
CINDER_COMPLEX,0725,585,485,37.01197613997453,-118.25989797813666,0.8694719672203064
CINDER_COMPLEX,0725,567,532,37.016831762138,-118.24401604433339,0.9530849456787109
CINDER_COMPLEX,0725,454,530,37.04731427905312,-118.24469187130374,0.9464800953865051
CINDER_COMPLEX,0725,595,539,37.009278572105934,-118.24165064993716,0.5736220479011536
CINDER_COMPLEX,0725,539,438,37.02438495217006,-118.27577991193995,0.8781406283378601
CINDER_COMPLEX,0725,560,566,37.018720059646014,-118.2325269858374,0.8334571123123169
CINDER_COMPLEX,0725,472,463,37.04245865688965,-118.26733207481054,0.8887574076652527
CINDER_COMPLEX,0725,493,538,37.0367937643656,-118.24198856342234,0.7366481423377991
CINDER_COMPLEX,0725,537,458,37.02492446574378,-118.26902164223642,0.971676766872406
CINDER_COMPLEX,0725,541,443,37.02384543859635,-118.27409034451406,0.9063423871994019
CINDER_COMPLEX,0725,560,461,37.018720059646014,-118.26800790178089,0.9771991968154907
CINDER_COMPLEX,0725,518,550,37.03004984469411,-118.23793360160022,0.7939867973327637
CINDER_COMPLEX,0725,547,547,37.022226897875186,-118.23894734205575,0.9398050904273987
CINDER_COMPLEX,0725,548,455,37.02195714108833,-118.27003538269196,0.9567305445671082
CINDER_COMPLEX,0725,504,460,37.03382643971015,-118.26834581526607,0.9735504388809204
CINDER_COMPLEX,0725,499,544,37.035175223644444,-118.23996108251127,0.898482620716095
CINDER_COMPLEX,0725,437,539,37.05190014442973,-118.24165064993716,0.7022743225097656
CINDER_COMPLEX,0725,515,547,37.03085911505469,-118.23894734205575,0.8815621137619019
CINDER_COMPLEX,0725,570,441,37.01602249177742,-118.27476617148442,0.9247294664382935
CINDER_COMPLEX,0725,564,538,37.017641032498574,-118.24198856342234,0.9292687177658081
CINDER_COMPLEX,0725,500,548,37.03490546685758,-118.23860942857057,0.7647241950035095
CINDER_COMPLEX,0725,509,513,37.03247765577585,-118.25043640055173,0.9769760966300964
CINDER_COMPLEX,0725,564,561,37.017641032498574,-118.23421655326328,0.9152222275733948
CINDER_COMPLEX,0725,509,533,37.03247765577585,-118.24367813084821,0.9524648785591125
CINDER_COMPLEX,0725,554,449,37.02033860036717,-118.27206286360301,0.9449322819709778
CINDER_COMPLEX,0725,544,482,37.02303616823576,-118.2609117185922,0.9709370732307434
CINDER_COMPLEX,0725,507,488,37.03301716934956,-118.25888423768114,0.967882513999939
CINDER_COMPLEX,0725,586,445,37.011706383187665,-118.27341451754371,0.9626598358154297
CINDER_COMPLEX,0725,477,451,37.041109872955346,-118.27138703663266,0.970300555229187
CINDER_COMPLEX,0725,480,471,37.04030060259477,-118.26462876692914,0.7608157992362976
CINDER_COMPLEX,0725,518,478,37.03004984469411,-118.2622633725329,0.9723466634750366
CINDER_COMPLEX,0725,557,563,37.01952933000659,-118.23354072629293,0.8895646929740906
CINDER_COMPLEX,0725,505,497,37.03355668292328,-118.25584301631456,0.9744353294372559
CINDER_COMPLEX,0725,557,535,37.01952933000659,-118.24300230387786,0.8394309282302856
CINDER_COMPLEX,0725,550,470,37.02141762751461,-118.2649666804143,0.9739340543746948
CINDER_COMPLEX,0725,504,475,37.03382643971015,-118.26327711298843,0.9717680215835571
CINDER_COMPLEX,0725,588,470,37.011166869613945,-118.2649666804143,0.9943093657493591
CINDER_COMPLEX,0725,612,465,37.00469270672932,-118.26665624784019,0.991172194480896
CINDER_COMPLEX,0725,572,462,37.0154829782037,-118.26766998829572,0.9862632155418396
CINDER_COMPLEX,0725,521,488,37.029240574333535,-118.25888423768114,0.9723466634750366
CINDER_COMPLEX,0725,601,451,37.00766003138477,-118.27138703663266,0.9931398034095764
CINDER_COMPLEX,0725,538,471,37.02465470895692,-118.26462876692914,0.9742323160171509
CINDER_COMPLEX,0725,513,483,37.03139862862841,-118.26057380510701,0.9681792855262756
CINDER_COMPLEX,0725,576,531,37.01440395105626,-118.24435395781856,0.6560878157615662
CINDER_COMPLEX,0725,477,469,37.041109872955346,-118.26530459389949,0.8489032983779907
CINDER_COMPLEX,0725,589,464,37.01089711282709,-118.26699416132537,0.9953122735023499
CINDER_COMPLEX,0725,568,468,37.01656200535114,-118.26564250738467,0.9857027530670166
CINDER_COMPLEX,0725,601,448,37.00766003138477,-118.27240077708818,0.9917017817497253
CINDER_COMPLEX,0725,577,462,37.0141341942694,-118.26766998829572,0.9913437962532043
CINDER_COMPLEX,0725,490,528,37.037603034726175,-118.2453676982741,0.9180775880813599
CINDER_COMPLEX,0725,562,451,37.018180546072294,-118.27138703663266,0.951249361038208
CINDER_COMPLEX,0725,543,446,37.023305925022626,-118.27307660405853,0.9226235747337341
CINDER_COMPLEX,0725,563,453,37.01791078928544,-118.27071120966231,0.9619818925857544
CINDER_COMPLEX,0725,593,473,37.00981808567965,-118.26395293995878,0.9946231842041016
CINDER_COMPLEX,0725,454,526,37.04731427905312,-118.24604352524445,0.9226329922676086
CINDER_COMPLEX,0725,514,464,37.031128871841545,-118.26699416132537,0.9736945629119873
CINDER_COMPLEX,0725,523,490,37.028701060759815,-118.2582084107108,0.9723035097122192
CINDER_COMPLEX,0725,602,472,37.00739027459792,-118.26429085344395,0.9905269742012024
CINDER_COMPLEX,0725,520,461,37.02951033112039,-118.26800790178089,0.9737046957015991
CINDER_COMPLEX,0725,540,481,37.0241151953832,-118.26124963207738,0.9744776487350464
CINDER_COMPLEX,0725,506,459,37.03328692613643,-118.26868372875124,0.9746976494789124
CINDER_COMPLEX,0725,499,459,37.035175223644444,-118.26868372875124,0.9723659157752991
CINDER_COMPLEX,0725,592,551,37.01008784246651,-118.23759568811505,0.6107778549194336
CINDER_COMPLEX,0725,568,450,37.01656200535114,-118.27172495011783,0.9675815105438232
CINDER_COMPLEX,0725,463,525,37.04488646797138,-118.24638143872963,0.941277265548706
CINDER_COMPLEX,0725,574,525,37.01494346462998,-118.24638143872963,0.8066360354423523
CINDER_COMPLEX,0725,512,549,37.031668385415266,-118.2382715150854,0.7300124168395996
CINDER_COMPLEX,0725,501,526,37.034635710070724,-118.24604352524445,0.9087954759597778
CINDER_COMPLEX,0725,555,484,37.02006884358031,-118.26023589162185,0.9814764857292175
CINDER_COMPLEX,0725,476,447,37.04137962974221,-118.27273869057336,0.969319760799408
CINDER_COMPLEX,0725,491,493,37.03733327793932,-118.25719467025526,0.7705125212669373
CINDER_COMPLEX,0725,544,547,37.02303616823576,-118.23894734205575,0.9314466714859009
CINDER_COMPLEX,0725,554,537,37.02033860036717,-118.24232647690751,0.8132377862930298
CINDER_COMPLEX,0725,509,445,37.03247765577585,-118.27341451754371,0.9649672508239746
CINDER_COMPLEX,0725,589,542,37.01089711282709,-118.24063690948162,0.8809779286384583
CINDER_COMPLEX,0725,505,532,37.03355668292328,-118.24401604433339,0.9217199683189392
CINDER_COMPLEX,0725,608,480,37.005771733876756,-118.26158754556255,0.8304547071456909
CINDER_COMPLEX,0725,574,494,37.01494346462998,-118.25685675677008,0.8242696523666382
CINDER_COMPLEX,0725,582,553,37.012785410335105,-118.2369198611447,0.895193338394165
CINDER_COMPLEX,0725,544,471,37.02303616823576,-118.26462876692914,0.9734412431716919
CINDER_COMPLEX,0725,522,516,37.02897081754667,-118.24942266009622,0.9520658850669861
CINDER_COMPLEX,0725,480,478,37.04030060259477,-118.2622633725329,0.5507192611694336
CINDER_COMPLEX,0725,489,474,37.03787279151304,-118.2636150264736,0.8446945548057556
CINDER_COMPLEX,0725,477,541,37.041109872955346,-118.2409748229668,0.7918704748153687
CINDER_COMPLEX,0725,560,460,37.018720059646014,-118.26834581526607,0.9765552282333374
CINDER_COMPLEX,0725,499,458,37.035175223644444,-118.26902164223642,0.9733010530471802
CINDER_COMPLEX,0725,587,446,37.01143662640081,-118.27307660405853,0.9712026119232178
CINDER_COMPLEX,0725,423,524,37.05567673944576,-118.2467193522148,0.5022416114807129
CINDER_COMPLEX,0725,516,518,37.03058935826783,-118.24874683312585,0.9822391271591187
CINDER_COMPLEX,0725,484,466,37.039221575447336,-118.26631833435502,0.9376410245895386
CINDER_COMPLEX,0725,436,527,37.05216990121659,-118.24570561175928,0.9072058796882629
CINDER_COMPLEX,0725,512,456,37.031668385415266,-118.26969746920678,0.9757919907569885
CINDER_COMPLEX,0725,545,445,37.022766411448906,-118.27341451754371,0.9252071380615234
CINDER_COMPLEX,0725,495,470,37.03625425079188,-118.2649666804143,0.9567556381225586
CINDER_COMPLEX,0725,573,549,37.01521322141684,-118.2382715150854,0.9641202092170715
CINDER_COMPLEX,0725,437,518,37.05190014442973,-118.24874683312585,0.6415723562240601
CINDER_COMPLEX,0725,470,539,37.04299817046336,-118.24165064993716,0.8489813208580017
CINDER_COMPLEX,0725,583,480,37.01251565354824,-118.26158754556255,0.9739881753921509
CINDER_COMPLEX,0725,579,434,37.01359468069568,-118.27713156588065,0.8333132266998291
CINDER_COMPLEX,0725,604,474,37.0068507610242,-118.2636150264736,0.9783743023872375
CINDER_COMPLEX,0725,511,444,37.03193814220213,-118.2737524310289,0.9579311013221741
CINDER_COMPLEX,0725,593,547,37.00981808567965,-118.23894734205575,0.8606650233268738
CINDER_COMPLEX,0725,579,476,37.01359468069568,-118.26293919950325,0.9873921275138855
CINDER_COMPLEX,0725,585,528,37.01197613997453,-118.2453676982741,0.7134791016578674
CINDER_COMPLEX,0725,604,457,37.0068507610242,-118.2693595557216,0.9957402944564819
CINDER_COMPLEX,0725,478,540,37.04084011616849,-118.24131273645199,0.7467851638793945
CINDER_COMPLEX,0725,500,475,37.03490546685758,-118.26327711298843,0.9667326807975769
CINDER_COMPLEX,0725,500,459,37.03490546685758,-118.26868372875124,0.9731228947639465
CINDER_COMPLEX,0725,552,431,37.02087811394089,-118.27814530633619,0.767152726650238
CINDER_COMPLEX,0725,534,485,37.02573373610436,-118.25989797813666,0.9728119969367981
CINDER_COMPLEX,0725,522,464,37.02897081754667,-118.26699416132537,0.9735850095748901
CINDER_COMPLEX,0725,513,461,37.03139862862841,-118.26800790178089,0.9746108651161194
CINDER_COMPLEX,0725,570,478,37.01602249177742,-118.2622633725329,0.9849626421928406
CINDER_COMPLEX,0725,495,540,37.03625425079188,-118.24131273645199,0.8113009929656982
CINDER_COMPLEX,0725,496,469,37.03598449400502,-118.26530459389949,0.9662810564041138
CINDER_COMPLEX,0725,514,477,37.031128871841545,-118.26260128601808,0.9263476133346558
CINDER_COMPLEX,0725,575,544,37.01467370784312,-118.23996108251127,0.9625198245048523
CINDER_COMPLEX,0725,507,478,37.03301716934956,-118.2622633725329,0.9702632427215576
CINDER_COMPLEX,0725,555,431,37.02006884358031,-118.27814530633619,0.8070966005325317
CINDER_COMPLEX,0725,596,557,37.00900881531907,-118.23556820720398,0.7318713068962097
CINDER_COMPLEX,0725,553,553,37.02060835715403,-118.2369198611447,0.9506765007972717
CINDER_COMPLEX,0725,573,484,37.01521322141684,-118.26023589162185,0.9657444953918457
CINDER_COMPLEX,0725,443,530,37.05028160370857,-118.24469187130374,0.9393999576568604
CINDER_COMPLEX,0725,414,519,37.058104550527496,-118.24840891964068,0.5821377038955688
CINDER_COMPLEX,0725,524,447,37.02843130397295,-118.27273869057336,0.9017922282218933
CINDER_COMPLEX,0725,496,486,37.03598449400502,-118.2595600646515,0.9479517340660095
CINDER_COMPLEX,0725,576,460,37.01440395105626,-118.26834581526607,0.9902639389038086
CINDER_COMPLEX,0725,577,445,37.0141341942694,-118.27341451754371,0.9591734409332275
CINDER_COMPLEX,0725,558,544,37.019259573219735,-118.23996108251127,0.9438316226005554
CINDER_COMPLEX,0725,456,533,37.0467747654794,-118.24367813084821,0.8357507586479187
CINDER_COMPLEX,0725,576,443,37.01440395105626,-118.27409034451406,0.9448323249816895
CINDER_COMPLEX,0725,562,459,37.018180546072294,-118.26868372875124,0.9760978817939758
CINDER_COMPLEX,0725,562,534,37.018180546072294,-118.24334021736304,0.8905081748962402
CINDER_COMPLEX,0725,515,455,37.03085911505469,-118.27003538269196,0.9715744256973267
CINDER_COMPLEX,0725,480,450,37.04030060259477,-118.27172495011783,0.9698976874351501
CINDER_COMPLEX,0725,562,448,37.018180546072294,-118.27240077708818,0.9453572630882263
CINDER_COMPLEX,0725,561,445,37.01845030285915,-118.27341451754371,0.9416214227676392
CINDER_COMPLEX,0725,472,540,37.04245865688965,-118.24131273645199,0.8800857067108154
CINDER_COMPLEX,0725,587,469,37.01143662640081,-118.26530459389949,0.9947925806045532
CINDER_COMPLEX,0725,562,439,37.018180546072294,-118.27544199845477,0.9258564710617065
CINDER_COMPLEX,0725,544,433,37.02303616823576,-118.27746947936583,0.8367251753807068
CINDER_COMPLEX,0725,581,458,37.01305516712196,-118.26902164223642,0.9909523129463196
CINDER_COMPLEX,0725,550,487,37.02141762751461,-118.25922215116631,0.9779368042945862
CINDER_COMPLEX,0725,572,533,37.0154829782037,-118.24367813084821,0.7299251556396484
CINDER_COMPLEX,0725,486,481,37.038682061873615,-118.26124963207738,0.5659724473953247
CINDER_COMPLEX,0725,568,464,37.01656200535114,-118.26699416132537,0.9853757619857788
CINDER_COMPLEX,0725,525,447,37.028161547186095,-118.27273869057336,0.8945145606994629
CINDER_COMPLEX,0725,484,482,37.039221575447336,-118.2609117185922,0.6318188905715942
CINDER_COMPLEX,0725,492,533,37.037063521152454,-118.24367813084821,0.769661009311676
CINDER_COMPLEX,0725,560,452,37.018720059646014,-118.27104912314748,0.9521589875221252
CINDER_COMPLEX,0725,479,450,37.04057035938163,-118.27172495011783,0.9697251915931702
CINDER_COMPLEX,0725,505,543,37.03355668292328,-118.24029899599645,0.8776362538337708
CINDER_COMPLEX,0725,476,540,37.04137962974221,-118.24131273645199,0.8734914660453796
CINDER_COMPLEX,0725,505,484,37.03355668292328,-118.26023589162185,0.9720166325569153
CINDER_COMPLEX,0725,570,529,37.01602249177742,-118.24502978478893,0.9308454394340515
CINDER_COMPLEX,0725,572,551,37.0154829782037,-118.23759568811505,0.9472306966781616
CINDER_COMPLEX,0725,438,538,37.05163038764287,-118.24198856342234,0.7121131420135498
CINDER_COMPLEX,0725,616,474,37.00361367958188,-118.2636150264736,0.9540392160415649
CINDER_COMPLEX,0725,563,549,37.01791078928544,-118.2382715150854,0.9550625681877136
CINDER_COMPLEX,0725,520,448,37.02951033112039,-118.27240077708818,0.9348845481872559
CINDER_COMPLEX,0725,545,489,37.022766411448906,-118.25854632419596,0.9713677167892456
CINDER_COMPLEX,0725,605,548,37.00658100423734,-118.23860942857057,0.8048818111419678
CINDER_COMPLEX,0725,560,492,37.018720059646014,-118.25753258374044,0.9677480459213257
CINDER_COMPLEX,0725,489,476,37.03787279151304,-118.26293919950325,0.8185533881187439
CINDER_COMPLEX,0725,506,473,37.03328692613643,-118.26395293995878,0.9615452289581299
CINDER_COMPLEX,0725,511,526,37.03193814220213,-118.24604352524445,0.9589436650276184
CINDER_COMPLEX,0725,502,451,37.03436595328386,-118.27138703663266,0.9737352132797241
CINDER_COMPLEX,0725,461,460,37.0454259815451,-118.26834581526607,0.7118944525718689
CINDER_COMPLEX,0725,563,468,37.01791078928544,-118.26564250738467,0.9818482995033264
CINDER_COMPLEX,0725,523,478,37.028701060759815,-118.2622633725329,0.9720799326896667
CINDER_COMPLEX,0725,506,466,37.03328692613643,-118.26631833435502,0.9734281301498413
CINDER_COMPLEX,0725,524,464,37.02843130397295,-118.26699416132537,0.9732769727706909
CINDER_COMPLEX,0725,563,528,37.01791078928544,-118.2453676982741,0.891184389591217
CINDER_COMPLEX,0725,507,539,37.03301716934956,-118.24165064993716,0.8773487210273743
CINDER_COMPLEX,0725,569,430,37.01629224856428,-118.27848321982135,0.8153102397918701
CINDER_COMPLEX,0725,491,545,37.03733327793932,-118.2396231690261,0.7299631237983704
CINDER_COMPLEX,0725,455,532,37.047044522266255,-118.24401604433339,0.7889297008514404
CINDER_COMPLEX,0725,558,567,37.019259573219735,-118.23218907235223,0.8772497177124023
CINDER_COMPLEX,0725,591,452,37.01035759925337,-118.27104912314748,0.9895123243331909
CINDER_COMPLEX,0725,596,480,37.00900881531907,-118.26158754556255,0.7739794850349426
CINDER_COMPLEX,0725,573,562,37.01521322141684,-118.23387863977811,0.9104248285293579
CINDER_COMPLEX,0725,562,542,37.018180546072294,-118.24063690948162,0.9535043239593506
CINDER_COMPLEX,0725,448,525,37.04893281977427,-118.24638143872963,0.9241694211959839
CINDER_COMPLEX,0725,507,540,37.03301716934956,-118.24131273645199,0.9204890727996826
CINDER_COMPLEX,0725,484,481,37.039221575447336,-118.26124963207738,0.5303614139556885
CINDER_COMPLEX,0725,559,462,37.01898981643287,-118.26766998829572,0.9784308075904846
CINDER_COMPLEX,0725,573,569,37.01521322141684,-118.23151324538188,0.899735152721405
CINDER_COMPLEX,0725,513,470,37.03139862862841,-118.2649666804143,0.9701270461082458
CINDER_COMPLEX,0725,563,470,37.01791078928544,-118.2649666804143,0.9819464683532715
CINDER_COMPLEX,0725,519,490,37.02978008790725,-118.2582084107108,0.9723466634750366
CINDER_COMPLEX,0725,476,454,37.04137962974221,-118.27037329617713,0.970676839351654
CINDER_COMPLEX,0725,535,438,37.0254639793175,-118.27577991193995,0.8743619322776794
CINDER_COMPLEX,0725,588,548,37.011166869613945,-118.23860942857057,0.9094630479812622
CINDER_COMPLEX,0725,520,480,37.02951033112039,-118.26158754556255,0.9722262620925903
CINDER_COMPLEX,0725,557,546,37.01952933000659,-118.23928525554092,0.9541415572166443
CINDER_COMPLEX,0725,421,520,37.05621625301948,-118.2480710061555,0.5511465668678284
CINDER_COMPLEX,0725,591,561,37.01035759925337,-118.23421655326328,0.638397216796875
CINDER_COMPLEX,0725,568,444,37.01656200535114,-118.2737524310289,0.9487500786781311
CINDER_COMPLEX,0725,565,569,37.01737127571172,-118.23151324538188,0.744646430015564
CINDER_COMPLEX,0725,535,543,37.0254639793175,-118.24029899599645,0.8375753164291382
CINDER_COMPLEX,0725,497,461,37.03571473721816,-118.26800790178089,0.9698642492294312
CINDER_COMPLEX,0725,540,469,37.0241151953832,-118.26530459389949,0.9756430387496948
CINDER_COMPLEX,0725,578,554,37.013864437482546,-118.23658194765952,0.8556767702102661
CINDER_COMPLEX,0725,475,469,37.041649386529066,-118.26530459389949,0.8035850524902344
CINDER_COMPLEX,0725,543,453,37.023305925022626,-118.27071120966231,0.9498717784881592
CINDER_COMPLEX,0725,519,487,37.02978008790725,-118.25922215116631,0.9723466634750366
CINDER_COMPLEX,0725,527,461,37.027622033612374,-118.26800790178089,0.9702396988868713
CINDER_COMPLEX,0725,510,474,37.032207898988986,-118.2636150264736,0.9628535509109497
CINDER_COMPLEX,0725,585,545,37.01197613997453,-118.2396231690261,0.9636427164077759
CINDER_COMPLEX,0725,567,479,37.016831762138,-118.26192545904773,0.9828035831451416
CINDER_COMPLEX,0725,517,470,37.03031960148097,-118.2649666804143,0.972250759601593
CINDER_COMPLEX,0725,572,464,37.0154829782037,-118.26699416132537,0.9899550080299377
CINDER_COMPLEX,0725,576,547,37.01440395105626,-118.23894734205575,0.9579315185546875
CINDER_COMPLEX,0725,509,489,37.03247765577585,-118.25854632419596,0.9690071940422058
CINDER_COMPLEX,0725,550,478,37.02141762751461,-118.2622633725329,0.9715900421142578
CINDER_COMPLEX,0725,492,498,37.037063521152454,-118.25550510282937,0.9003102779388428
CINDER_COMPLEX,0725,509,443,37.03247765577585,-118.27409034451406,0.9616696834564209
CINDER_COMPLEX,0725,514,527,37.031128871841545,-118.24570561175928,0.9532220959663391
CINDER_COMPLEX,0725,539,459,37.02438495217006,-118.26868372875124,0.9734399318695068
CINDER_COMPLEX,0725,569,440,37.01629224856428,-118.2751040849696,0.9197567701339722
CINDER_COMPLEX,0725,537,561,37.02492446574378,-118.23421655326328,0.7494617104530334
CINDER_COMPLEX,0725,550,447,37.02141762751461,-118.27273869057336,0.9396334290504456
CINDER_COMPLEX,0725,581,560,37.01305516712196,-118.23455446674846,0.6250259876251221
CINDER_COMPLEX,0725,521,464,37.029240574333535,-118.26699416132537,0.9738832712173462
CINDER_COMPLEX,0725,541,444,37.02384543859635,-118.2737524310289,0.9056993722915649
CINDER_COMPLEX,0725,543,485,37.023305925022626,-118.25989797813666,0.9703973531723022
CINDER_COMPLEX,0725,511,538,37.03193814220213,-118.24198856342234,0.9295529723167419
CINDER_COMPLEX,0725,560,539,37.018720059646014,-118.24165064993716,0.9367901086807251
CINDER_COMPLEX,0725,555,455,37.02006884358031,-118.27003538269196,0.9592196345329285
CINDER_COMPLEX,0725,606,476,37.006311247450476,-118.26293919950325,0.9359311461448669
CINDER_COMPLEX,0725,481,479,37.04003084580791,-118.26192545904773,0.6873750686645508
CINDER_COMPLEX,0725,561,559,37.01845030285915,-118.23489238023363,0.7984071969985962
CINDER_COMPLEX,0725,435,536,37.05243965800345,-118.24266439039269,0.8768165707588196
CINDER_COMPLEX,0725,505,526,37.03355668292328,-118.24604352524445,0.9031197428703308
CINDER_COMPLEX,0725,585,529,37.01197613997453,-118.24502978478893,0.7030335664749146
CINDER_COMPLEX,0725,564,513,37.017641032498574,-118.25043640055173,0.504892110824585
CINDER_COMPLEX,0725,555,459,37.02006884358031,-118.26868372875124,0.970313549041748
CINDER_COMPLEX,0725,564,453,37.017641032498574,-118.27071120966231,0.9645286202430725
CINDER_COMPLEX,0725,603,465,37.00712051781105,-118.26665624784019,0.9954710602760315
CINDER_COMPLEX,0725,576,432,37.01440395105626,-118.277807392851,0.7847744822502136
CINDER_COMPLEX,0725,500,525,37.03490546685758,-118.24638143872963,0.9207826256752014
CINDER_COMPLEX,0725,510,450,37.032207898988986,-118.27172495011783,0.9691736698150635
CINDER_COMPLEX,0725,538,489,37.02465470895692,-118.25854632419596,0.9712348580360413
CINDER_COMPLEX,0725,567,522,37.016831762138,-118.24739517918515,0.8059957027435303
CINDER_COMPLEX,0725,481,461,37.04003084580791,-118.26800790178089,0.968951940536499
CINDER_COMPLEX,0725,583,468,37.01251565354824,-118.26564250738467,0.9934927821159363
CINDER_COMPLEX,0725,544,444,37.02303616823576,-118.2737524310289,0.9178754091262817
CINDER_COMPLEX,0725,486,532,37.038682061873615,-118.24401604433339,0.8945942521095276
CINDER_COMPLEX,0725,514,462,37.031128871841545,-118.26766998829572,0.9743360280990601
CINDER_COMPLEX,0725,513,538,37.03139862862841,-118.24198856342234,0.9035823941230774
CINDER_COMPLEX,0725,580,451,37.013324923908826,-118.27138703663266,0.983645498752594
CINDER_COMPLEX,0725,558,439,37.019259573219735,-118.27544199845477,0.9276396632194519
CINDER_COMPLEX,0725,610,463,37.00523222030304,-118.26733207481054,0.9932720065116882
CINDER_COMPLEX,0725,529,555,37.027082520038654,-118.23624403417433,0.7038997411727905
CINDER_COMPLEX,0725,530,480,37.0268127632518,-118.26158754556255,0.9723633527755737
CINDER_COMPLEX,0725,582,556,37.012785410335105,-118.23590612068917,0.9079634547233582
CINDER_COMPLEX,0725,557,540,37.01952933000659,-118.24131273645199,0.8625587224960327
CINDER_COMPLEX,0725,462,452,37.045156224758244,-118.27104912314748,0.9441666603088379
CINDER_COMPLEX,0725,599,550,37.008199544958494,-118.23793360160022,0.7452837228775024
CINDER_COMPLEX,0725,568,475,37.01656200535114,-118.26327711298843,0.9791802763938904
CINDER_COMPLEX,0725,518,514,37.03004984469411,-118.25009848706657,0.9735244512557983
CINDER_COMPLEX,0725,479,466,37.04057035938163,-118.26631833435502,0.8870341777801514
CINDER_COMPLEX,0725,515,516,37.03085911505469,-118.24942266009622,0.9695785641670227
CINDER_COMPLEX,0725,561,520,37.01845030285915,-118.2480710061555,0.7447372674942017
CINDER_COMPLEX,0725,491,494,37.03733327793932,-118.25685675677008,0.7749767899513245
CINDER_COMPLEX,0725,552,453,37.02087811394089,-118.27071120966231,0.95110684633255
CINDER_COMPLEX,0725,494,486,37.03652400757874,-118.2595600646515,0.8578004837036133
CINDER_COMPLEX,0725,561,540,37.01845030285915,-118.24131273645199,0.8678042888641357
CINDER_COMPLEX,0725,464,545,37.044616711184524,-118.2396231690261,0.6175369024276733
CINDER_COMPLEX,0725,560,480,37.018720059646014,-118.26158754556255,0.9784266352653503
CINDER_COMPLEX,0725,560,470,37.018720059646014,-118.2649666804143,0.976892352104187
CINDER_COMPLEX,0725,520,455,37.02951033112039,-118.27003538269196,0.9634544849395752
CINDER_COMPLEX,0725,552,467,37.02087811394089,-118.26598042086984,0.9737184047698975
CINDER_COMPLEX,0725,542,554,37.02357568180948,-118.23658194765952,0.9183394312858582
CINDER_COMPLEX,0725,533,465,37.02600349289122,-118.26665624784019,0.9749131202697754
CINDER_COMPLEX,0725,495,488,37.03625425079188,-118.25888423768114,0.9120458960533142
CINDER_COMPLEX,0725,518,535,37.03004984469411,-118.24300230387786,0.942540168762207
CINDER_COMPLEX,0725,520,472,37.02951033112039,-118.26429085344395,0.9723562598228455
CINDER_COMPLEX,0725,575,549,37.01467370784312,-118.2382715150854,0.9497889876365662
CINDER_COMPLEX,0725,564,550,37.017641032498574,-118.23793360160022,0.948058009147644
CINDER_COMPLEX,0725,477,470,37.041109872955346,-118.2649666804143,0.7669316530227661
CINDER_COMPLEX,0725,547,539,37.022226897875186,-118.24165064993716,0.9226072430610657
CINDER_COMPLEX,0725,531,475,37.02654300646494,-118.26327711298843,0.9723706841468811
CINDER_COMPLEX,0725,568,570,37.01656200535114,-118.2311753318967,0.7446291446685791
CINDER_COMPLEX,0725,509,464,37.03247765577585,-118.26699416132537,0.9737406373023987
CINDER_COMPLEX,0725,513,459,37.03139862862841,-118.26868372875124,0.9754456877708435
CINDER_COMPLEX,0725,566,542,37.017101518924854,-118.24063690948162,0.9726512432098389
CINDER_COMPLEX,0725,573,524,37.01521322141684,-118.2467193522148,0.9083312153816223
CINDER_COMPLEX,0725,543,454,37.023305925022626,-118.27037329617713,0.9550174474716187
CINDER_COMPLEX,0725,544,555,37.02303616823576,-118.23624403417433,0.9067210555076599
CINDER_COMPLEX,0725,580,532,37.013324923908826,-118.24401604433339,0.5851656794548035
CINDER_COMPLEX,0725,569,570,37.01629224856428,-118.2311753318967,0.7466480731964111
CINDER_COMPLEX,0725,560,544,37.018720059646014,-118.23996108251127,0.9431893825531006
CINDER_COMPLEX,0725,448,524,37.04893281977427,-118.2467193522148,0.8918069005012512
CINDER_COMPLEX,0725,520,544,37.02951033112039,-118.23996108251127,0.8590673208236694
CINDER_COMPLEX,0725,600,452,37.00792978817164,-118.27104912314748,0.9931696057319641
CINDER_COMPLEX,0725,578,569,37.013864437482546,-118.23151324538188,0.5154967904090881
CINDER_COMPLEX,0725,526,444,37.02789179039924,-118.2737524310289,0.8722615838050842
CINDER_COMPLEX,0725,430,524,37.05378844193775,-118.2467193522148,0.7986319661140442
CINDER_COMPLEX,0725,509,441,37.03247765577585,-118.27476617148442,0.9581568241119385
CINDER_COMPLEX,0725,536,453,37.025194222530644,-118.27071120966231,0.9418948292732239
CINDER_COMPLEX,0725,482,460,37.03976108902105,-118.26834581526607,0.9678049087524414
CINDER_COMPLEX,0725,612,460,37.00469270672932,-118.26834581526607,0.9911784529685974
CINDER_COMPLEX,0725,433,527,37.052979171577164,-118.24570561175928,0.9137817025184631
CINDER_COMPLEX,0725,541,546,37.02384543859635,-118.23928525554092,0.9303020238876343
CINDER_COMPLEX,0725,473,521,37.042188900102786,-118.24773309267033,0.9214142560958862
CINDER_COMPLEX,0725,556,434,37.01979908679345,-118.27713156588065,0.8837705850601196
CINDER_COMPLEX,0725,528,445,37.02735227682552,-118.27341451754371,0.8682231307029724
CINDER_COMPLEX,0725,516,472,37.03058935826783,-118.26429085344395,0.9684185981750488
CINDER_COMPLEX,0725,577,539,37.0141341942694,-118.24165064993716,0.9446523785591125
CINDER_COMPLEX,0725,588,476,37.011166869613945,-118.26293919950325,0.9888107180595398
CINDER_COMPLEX,0725,435,539,37.05243965800345,-118.24165064993716,0.7061284184455872
CINDER_COMPLEX,0725,509,479,37.03247765577585,-118.26192545904773,0.9716365337371826
CINDER_COMPLEX,0725,496,461,37.03598449400502,-118.26800790178089,0.9687873125076294
CINDER_COMPLEX,0725,579,560,37.01359468069568,-118.23455446674846,0.8475316762924194
CINDER_COMPLEX,0725,533,457,37.02600349289122,-118.2693595557216,0.9676764607429504
CINDER_COMPLEX,0725,571,477,37.015752734990556,-118.26260128601808,0.978751540184021
CINDER_COMPLEX,0725,537,482,37.02492446574378,-118.2609117185922,0.9750397205352783
CINDER_COMPLEX,0725,604,460,37.0068507610242,-118.26834581526607,0.9955767393112183
CINDER_COMPLEX,0725,571,488,37.015752734990556,-118.25888423768114,0.8889318108558655
CINDER_COMPLEX,0725,474,518,37.04191914331593,-118.24874683312585,0.9026708006858826
CINDER_COMPLEX,0725,541,471,37.02384543859635,-118.26462876692914,0.9744049310684204
CINDER_COMPLEX,0725,469,463,37.04326792725023,-118.26733207481054,0.7948033809661865
CINDER_COMPLEX,0725,560,489,37.018720059646014,-118.25854632419596,0.9584778547286987
CINDER_COMPLEX,0725,553,454,37.02060835715403,-118.27037329617713,0.9545969367027283
CINDER_COMPLEX,0725,492,535,37.037063521152454,-118.24300230387786,0.7760083675384521
CINDER_COMPLEX,0725,521,448,37.029240574333535,-118.27240077708818,0.9311036467552185
CINDER_COMPLEX,0725,574,572,37.01494346462998,-118.23049950492634,0.9264494180679321
CINDER_COMPLEX,0725,565,438,37.01737127571172,-118.27577991193995,0.9209131598472595
CINDER_COMPLEX,0725,482,517,37.03976108902105,-118.24908474661103,0.9380959868431091
CINDER_COMPLEX,0725,568,474,37.01656200535114,-118.2636150264736,0.9789035320281982
CINDER_COMPLEX,0725,504,463,37.03382643971015,-118.26733207481054,0.9735940098762512
CINDER_COMPLEX,0725,510,530,37.032207898988986,-118.24469187130374,0.899258017539978
CINDER_COMPLEX,0725,561,479,37.01845030285915,-118.26192545904773,0.9810619950294495
CINDER_COMPLEX,0725,547,470,37.022226897875186,-118.2649666804143,0.9748475551605225
CINDER_COMPLEX,0725,595,454,37.009278572105934,-118.27037329617713,0.9945074915885925
CINDER_COMPLEX,0725,463,451,37.04488646797138,-118.27138703663266,0.9606418609619141
CINDER_COMPLEX,0725,525,456,37.028161547186095,-118.26969746920678,0.9611328840255737
CINDER_COMPLEX,0725,585,445,37.01197613997453,-118.27341451754371,0.9608047008514404
CINDER_COMPLEX,0725,463,460,37.04488646797138,-118.26834581526607,0.7817456722259521
CINDER_COMPLEX,0725,585,461,37.01197613997453,-118.26800790178089,0.9935191869735718
CINDER_COMPLEX,0725,573,490,37.01521322141684,-118.2582084107108,0.7688007950782776
CINDER_COMPLEX,0725,449,533,37.048663062987416,-118.24367813084821,0.8441579937934875
CINDER_COMPLEX,0725,558,444,37.019259573219735,-118.2737524310289,0.9421089887619019
CINDER_COMPLEX,0725,485,481,37.03895181866047,-118.26124963207738,0.573540210723877
CINDER_COMPLEX,0725,552,479,37.02087811394089,-118.26192545904773,0.9700048565864563
CINDER_COMPLEX,0725,511,514,37.03193814220213,-118.25009848706657,0.9876752495765686
CINDER_COMPLEX,0725,514,549,37.031128871841545,-118.2382715150854,0.7145382761955261
CINDER_COMPLEX,0725,498,547,37.0354449804313,-118.23894734205575,0.6132380962371826
CINDER_COMPLEX,0725,559,539,37.01898981643287,-118.24165064993716,0.9310434460639954
CINDER_COMPLEX,0725,553,470,37.02060835715403,-118.2649666804143,0.9805952310562134
CINDER_COMPLEX,0725,502,466,37.03436595328386,-118.26631833435502,0.9726356267929077
CINDER_COMPLEX,0725,583,449,37.01251565354824,-118.27206286360301,0.9798728823661804
CINDER_COMPLEX,0725,518,472,37.03004984469411,-118.26429085344395,0.9724969267845154
CINDER_COMPLEX,0725,506,533,37.03328692613643,-118.24367813084821,0.8795592188835144
CINDER_COMPLEX,0725,564,468,37.017641032498574,-118.26564250738467,0.9827128052711487
CINDER_COMPLEX,0725,535,450,37.0254639793175,-118.27172495011783,0.9215755462646484
CINDER_COMPLEX,0725,578,488,37.013864437482546,-118.25888423768114,0.5630577802658081
CINDER_COMPLEX,0725,515,451,37.03085911505469,-118.27138703663266,0.9613292813301086
CINDER_COMPLEX,0725,529,457,37.027082520038654,-118.2693595557216,0.9608983397483826
CINDER_COMPLEX,0725,560,469,37.018720059646014,-118.26530459389949,0.9778949022293091
CINDER_COMPLEX,0725,535,459,37.0254639793175,-118.26868372875124,0.9722821116447449
CINDER_COMPLEX,0725,612,471,37.00469270672932,-118.26462876692914,0.9721992611885071
CINDER_COMPLEX,0725,561,447,37.01845030285915,-118.27273869057336,0.9425370693206787
CINDER_COMPLEX,0725,486,531,37.038682061873615,-118.24435395781856,0.805006206035614
CINDER_COMPLEX,0725,586,539,37.011706383187665,-118.24165064993716,0.9531407952308655
CINDER_COMPLEX,0725,445,524,37.04974209013485,-118.2467193522148,0.8729652166366577
CINDER_COMPLEX,0725,569,472,37.01629224856428,-118.26429085344395,0.9827889204025269
CINDER_COMPLEX,0725,569,562,37.01629224856428,-118.23387863977811,0.8767439126968384
CINDER_COMPLEX,0725,530,467,37.0268127632518,-118.26598042086984,0.9740298390388489
CINDER_COMPLEX,0725,534,460,37.02573373610436,-118.26834581526607,0.9727960228919983
CINDER_COMPLEX,0725,527,484,37.027622033612374,-118.26023589162185,0.9723255634307861
CINDER_COMPLEX,0725,492,529,37.037063521152454,-118.24502978478893,0.8867392539978027
CINDER_COMPLEX,0725,568,533,37.01656200535114,-118.24367813084821,0.8931093215942383
CINDER_COMPLEX,0725,579,464,37.01359468069568,-118.26699416132537,0.9932558536529541
CINDER_COMPLEX,0725,541,445,37.02384543859635,-118.27341451754371,0.9091097712516785
CINDER_COMPLEX,0725,517,447,37.03031960148097,-118.27273869057336,0.9434510469436646
CINDER_COMPLEX,0725,535,554,37.0254639793175,-118.23658194765952,0.9418228268623352
CINDER_COMPLEX,0725,558,465,37.019259573219735,-118.26665624784019,0.9802330136299133
CINDER_COMPLEX,0725,572,479,37.0154829782037,-118.26192545904773,0.9681904911994934
CINDER_COMPLEX,0725,597,548,37.008739058532214,-118.23860942857057,0.8860481381416321
CINDER_COMPLEX,0725,560,552,37.018720059646014,-118.23725777462987,0.9398250579833984
CINDER_COMPLEX,0725,419,521,37.0567557665932,-118.24773309267033,0.699507474899292
CINDER_COMPLEX,0725,483,465,37.03949133223419,-118.26665624784019,0.9482300281524658
CINDER_COMPLEX,0725,562,466,37.018180546072294,-118.26631833435502,0.9812530875205994
CINDER_COMPLEX,0725,556,460,37.01979908679345,-118.26834581526607,0.9719274640083313
CINDER_COMPLEX,0725,525,463,37.028161547186095,-118.26733207481054,0.9732460975646973
CINDER_COMPLEX,0725,598,543,37.00846930174535,-118.24029899599645,0.6445650458335876
CINDER_COMPLEX,0725,547,444,37.022226897875186,-118.2737524310289,0.927916944026947
CINDER_COMPLEX,0725,432,534,37.05324892836403,-118.24334021736304,0.7630481123924255
CINDER_COMPLEX,0725,520,452,37.02951033112039,-118.27104912314748,0.9522486925125122
CINDER_COMPLEX,0725,582,543,37.012785410335105,-118.24029899599645,0.9679010510444641
CINDER_COMPLEX,0725,501,481,37.034635710070724,-118.26124963207738,0.9685328602790833
CINDER_COMPLEX,0725,538,460,37.02465470895692,-118.26834581526607,0.9730565547943115
CINDER_COMPLEX,0725,604,544,37.0068507610242,-118.23996108251127,0.6613287329673767
CINDER_COMPLEX,0725,544,473,37.02303616823576,-118.26395293995878,0.9744268655776978
CINDER_COMPLEX,0725,446,520,37.04947233334799,-118.2480710061555,0.7919141054153442
CINDER_COMPLEX,0725,536,554,37.025194222530644,-118.23658194765952,0.9448450803756714
CINDER_COMPLEX,0725,493,453,37.0367937643656,-118.27071120966231,0.9725317358970642
CINDER_COMPLEX,0725,530,445,37.0268127632518,-118.27341451754371,0.8708469271659851
CINDER_COMPLEX,0725,596,453,37.00900881531907,-118.27071120966231,0.9930598735809326
CINDER_COMPLEX,0725,486,452,37.038682061873615,-118.27104912314748,0.971626877784729
CINDER_COMPLEX,0725,615,474,37.003883436368746,-118.2636150264736,0.9432505369186401
CINDER_COMPLEX,0725,469,546,37.04326792725023,-118.23928525554092,0.6475937962532043
CINDER_COMPLEX,0725,549,476,37.021687384301465,-118.26293919950325,0.9730295538902283
CINDER_COMPLEX,0725,462,449,37.045156224758244,-118.27206286360301,0.9662117958068848
CINDER_COMPLEX,0725,531,459,37.02654300646494,-118.26868372875124,0.9680661559104919
CINDER_COMPLEX,0725,585,437,37.01197613997453,-118.27611782542512,0.9147577285766602
CINDER_COMPLEX,0725,451,530,37.048123549413695,-118.24469187130374,0.9228958487510681
CINDER_COMPLEX,0725,575,570,37.01467370784312,-118.2311753318967,0.8419021368026733
CINDER_COMPLEX,0725,591,475,37.01035759925337,-118.26327711298843,0.9900795817375183
CINDER_COMPLEX,0725,574,567,37.01494346462998,-118.23218907235223,0.9161950349807739
CINDER_COMPLEX,0725,509,477,37.03247765577585,-118.26260128601808,0.9302624464035034
CINDER_COMPLEX,0725,577,432,37.0141341942694,-118.277807392851,0.7859891057014465
CINDER_COMPLEX,0725,435,521,37.05243965800345,-118.24773309267033,0.811468780040741
CINDER_COMPLEX,0725,582,481,37.012785410335105,-118.26124963207738,0.9713226556777954
CINDER_COMPLEX,0725,539,460,37.02438495217006,-118.26834581526607,0.9731400609016418
CINDER_COMPLEX,0725,499,476,37.035175223644444,-118.26293919950325,0.9554535150527954
CINDER_COMPLEX,0725,501,538,37.034635710070724,-118.24198856342234,0.8238825798034668
CINDER_COMPLEX,0725,475,546,37.041649386529066,-118.23928525554092,0.5107302069664001
CINDER_COMPLEX,0725,499,497,37.035175223644444,-118.25584301631456,0.9547610878944397
CINDER_COMPLEX,0725,462,545,37.045156224758244,-118.2396231690261,0.5519269108772278
CINDER_COMPLEX,0725,503,475,37.034096196497,-118.26327711298843,0.971644401550293
CINDER_COMPLEX,0725,465,539,37.04434695439766,-118.24165064993716,0.9014042019844055
CINDER_COMPLEX,0725,556,562,37.01979908679345,-118.23387863977811,0.8986037969589233
CINDER_COMPLEX,0725,458,525,37.04623525190568,-118.24638143872963,0.9496740102767944
CINDER_COMPLEX,0725,467,539,37.04380744082395,-118.24165064993716,0.9033824801445007
CINDER_COMPLEX,0725,502,471,37.03436595328386,-118.26462876692914,0.9708306789398193
CINDER_COMPLEX,0725,525,442,37.028161547186095,-118.27442825799925,0.8858518004417419
CINDER_COMPLEX,0725,577,528,37.0141341942694,-118.2453676982741,0.6640706062316895
CINDER_COMPLEX,0725,464,531,37.044616711184524,-118.24435395781856,0.9564694762229919
CINDER_COMPLEX,0725,596,464,37.00900881531907,-118.26699416132537,0.9969757795333862
CINDER_COMPLEX,0725,519,531,37.02978008790725,-118.24435395781856,0.9724231958389282
CINDER_COMPLEX,0725,591,485,37.01035759925337,-118.25989797813666,0.5481140613555908
CINDER_COMPLEX,0725,491,451,37.03733327793932,-118.27138703663266,0.9723360538482666
CINDER_COMPLEX,0725,489,540,37.03787279151304,-118.24131273645199,0.7378622889518738
CINDER_COMPLEX,0725,497,534,37.03571473721816,-118.24334021736304,0.7263404130935669
CINDER_COMPLEX,0725,515,471,37.03085911505469,-118.26462876692914,0.9664216637611389
CINDER_COMPLEX,0725,539,480,37.02438495217006,-118.26158754556255,0.9723014235496521
CINDER_COMPLEX,0725,588,558,37.011166869613945,-118.23523029371881,0.5685386657714844
CINDER_COMPLEX,0725,581,510,37.01305516712196,-118.25145014100727,0.7894302606582642
CINDER_COMPLEX,0725,478,535,37.04084011616849,-118.24300230387786,0.8754187226295471
CINDER_COMPLEX,0725,529,546,37.027082520038654,-118.23928525554092,0.8426758050918579
CINDER_COMPLEX,0725,470,535,37.04299817046336,-118.24300230387786,0.8951809406280518
CINDER_COMPLEX,0725,567,560,37.016831762138,-118.23455446674846,0.920981764793396
CINDER_COMPLEX,0725,522,489,37.02897081754667,-118.25854632419596,0.9723435640335083
CINDER_COMPLEX,0725,558,553,37.019259573219735,-118.2369198611447,0.9537757635116577
CINDER_COMPLEX,0725,536,542,37.025194222530644,-118.24063690948162,0.8522496223449707
CINDER_COMPLEX,0725,462,522,37.045156224758244,-118.24739517918515,0.9210594296455383
CINDER_COMPLEX,0725,600,462,37.00792978817164,-118.26766998829572,0.9969574213027954
CINDER_COMPLEX,0725,548,469,37.02195714108833,-118.26530459389949,0.9756112098693848
CINDER_COMPLEX,0725,575,567,37.01467370784312,-118.23218907235223,0.8724769353866577
CINDER_COMPLEX,0725,489,501,37.03787279151304,-118.25449136237386,0.8568503856658936
CINDER_COMPLEX,0725,600,458,37.00792978817164,-118.26902164223642,0.9963129162788391
CINDER_COMPLEX,0725,533,442,37.02600349289122,-118.27442825799925,0.8852372765541077
CINDER_COMPLEX,0725,511,489,37.03193814220213,-118.25854632419596,0.9701645374298096
CINDER_COMPLEX,0725,604,467,37.0068507610242,-118.26598042086984,0.9942601919174194
CINDER_COMPLEX,0725,553,443,37.02060835715403,-118.27409034451406,0.9392385482788086
CINDER_COMPLEX,0725,586,509,37.011706383187665,-118.25178805449244,0.6450889706611633
CINDER_COMPLEX,0725,589,452,37.01089711282709,-118.27104912314748,0.9885327816009521
CINDER_COMPLEX,0725,561,562,37.01845030285915,-118.23387863977811,0.9071466326713562
CINDER_COMPLEX,0725,591,539,37.01035759925337,-118.24165064993716,0.617424488067627
CINDER_COMPLEX,0725,492,491,37.037063521152454,-118.25787049722561,0.5374367237091064
CINDER_COMPLEX,0725,574,575,37.01494346462998,-118.22948576447082,0.837967038154602
CINDER_COMPLEX,0725,462,454,37.045156224758244,-118.27037329617713,0.9343642592430115
CINDER_COMPLEX,0725,589,571,37.01089711282709,-118.23083741841153,0.6851785778999329
CINDER_COMPLEX,0725,592,450,37.01008784246651,-118.27172495011783,0.9882868528366089
CINDER_COMPLEX,0725,568,548,37.01656200535114,-118.23860942857057,0.9523241519927979
CINDER_COMPLEX,0725,550,454,37.02141762751461,-118.27037329617713,0.95322585105896
CINDER_COMPLEX,0725,575,506,37.01467370784312,-118.25280179494797,0.5913756489753723
CINDER_COMPLEX,0725,513,523,37.03139862862841,-118.24705726569998,0.9585644602775574
CINDER_COMPLEX,0725,478,454,37.04084011616849,-118.27037329617713,0.9712581634521484
CINDER_COMPLEX,0725,516,482,37.03058935826783,-118.2609117185922,0.9707778692245483
CINDER_COMPLEX,0725,554,558,37.02033860036717,-118.23523029371881,0.8786684274673462
CINDER_COMPLEX,0725,571,459,37.015752734990556,-118.26868372875124,0.9846233129501343
CINDER_COMPLEX,0725,541,486,37.02384543859635,-118.2595600646515,0.9727952480316162
CINDER_COMPLEX,0725,504,471,37.03382643971015,-118.26462876692914,0.9712362289428711
CINDER_COMPLEX,0725,510,466,37.032207898988986,-118.26631833435502,0.9733414649963379
CINDER_COMPLEX,0725,470,465,37.04299817046336,-118.26665624784019,0.6936955451965332
CINDER_COMPLEX,0725,461,525,37.0454259815451,-118.24638143872963,0.9352907538414001
CINDER_COMPLEX,0725,536,558,37.025194222530644,-118.23523029371881,0.888266384601593
CINDER_COMPLEX,0725,518,546,37.03004984469411,-118.23928525554092,0.8781961798667908
CINDER_COMPLEX,0725,490,463,37.037603034726175,-118.26733207481054,0.9554486870765686
CINDER_COMPLEX,0725,584,451,37.012245896761385,-118.27138703663266,0.9840588569641113
CINDER_COMPLEX,0725,432,523,37.05324892836403,-118.24705726569998,0.8895112872123718
CINDER_COMPLEX,0725,529,471,37.027082520038654,-118.26462876692914,0.9729328155517578
CINDER_COMPLEX,0725,573,483,37.01521322141684,-118.26057380510701,0.9649184942245483
CINDER_COMPLEX,0725,457,511,37.04650500869254,-118.25111222752209,0.5580169558525085
CINDER_COMPLEX,0725,475,536,37.041649386529066,-118.24266439039269,0.8696941137313843
CINDER_COMPLEX,0725,450,529,37.04839330620055,-118.24502978478893,0.901807427406311
CINDER_COMPLEX,0725,584,475,37.012245896761385,-118.26327711298843,0.9861975312232971
CINDER_COMPLEX,0725,563,565,37.01791078928544,-118.23286489932258,0.8860465884208679
CINDER_COMPLEX,0725,598,476,37.00846930174535,-118.26293919950325,0.9904869794845581
CINDER_COMPLEX,0725,554,474,37.02033860036717,-118.2636150264736,0.984648585319519
CINDER_COMPLEX,0725,494,443,37.03652400757874,-118.27409034451406,0.9711776971817017
CINDER_COMPLEX,0725,452,457,37.04785379262684,-118.2693595557216,0.6202835440635681
CINDER_COMPLEX,0725,591,454,37.01035759925337,-118.27037329617713,0.9920424222946167
CINDER_COMPLEX,0725,555,562,37.02006884358031,-118.23387863977811,0.8706063032150269
CINDER_COMPLEX,0725,585,483,37.01197613997453,-118.26057380510701,0.9210779070854187
CINDER_COMPLEX,0725,529,465,37.027082520038654,-118.26665624784019,0.9735468029975891
CINDER_COMPLEX,0725,561,539,37.01845030285915,-118.24165064993716,0.8731387257575989
CINDER_COMPLEX,0725,446,518,37.04947233334799,-118.24874683312585,0.651577353477478
CINDER_COMPLEX,0725,613,474,37.00442294994246,-118.2636150264736,0.9377554059028625
CINDER_COMPLEX,0725,540,458,37.0241151953832,-118.26902164223642,0.9709681272506714
CINDER_COMPLEX,0725,520,441,37.02951033112039,-118.27476617148442,0.8990737795829773
CINDER_COMPLEX,0725,581,538,37.01305516712196,-118.24198856342234,0.9427857398986816
CINDER_COMPLEX,0725,461,453,37.0454259815451,-118.27071120966231,0.933874785900116
CINDER_COMPLEX,0725,532,555,37.02627324967808,-118.23624403417433,0.9514042735099792
CINDER_COMPLEX,0725,589,536,37.01089711282709,-118.24266439039269,0.6328098177909851
CINDER_COMPLEX,0725,588,551,37.011166869613945,-118.23759568811505,0.8070574402809143
CINDER_COMPLEX,0725,458,538,37.04623525190568,-118.24198856342234,0.8920713663101196
CINDER_COMPLEX,0725,529,461,37.027082520038654,-118.26800790178089,0.9700160026550293
CINDER_COMPLEX,0725,547,551,37.022226897875186,-118.23759568811505,0.9579839110374451
CINDER_COMPLEX,0725,549,542,37.021687384301465,-118.24063690948162,0.9239746332168579
CINDER_COMPLEX,0725,555,480,37.02006884358031,-118.26158754556255,0.9852247834205627
CINDER_COMPLEX,0725,459,541,37.04596549511882,-118.2409748229668,0.8091450333595276
CINDER_COMPLEX,0725,482,525,37.03976108902105,-118.24638143872963,0.934429943561554
CINDER_COMPLEX,0725,532,475,37.02627324967808,-118.26327711298843,0.9723967909812927
CINDER_COMPLEX,0725,505,447,37.03355668292328,-118.27273869057336,0.9715595245361328
CINDER_COMPLEX,0725,506,442,37.03328692613643,-118.27442825799925,0.9655266404151917
CINDER_COMPLEX,0725,547,460,37.022226897875186,-118.26834581526607,0.9722769856452942
CINDER_COMPLEX,0725,572,473,37.0154829782037,-118.26395293995878,0.9801815152168274
CINDER_COMPLEX,0725,571,464,37.015752734990556,-118.26699416132537,0.9875098466873169
CINDER_COMPLEX,0725,507,526,37.03301716934956,-118.24604352524445,0.9111497402191162
CINDER_COMPLEX,0725,512,457,37.031668385415266,-118.2693595557216,0.9758281707763672
CINDER_COMPLEX,0725,593,441,37.00981808567965,-118.27476617148442,0.967251181602478
CINDER_COMPLEX,0725,571,567,37.015752734990556,-118.23218907235223,0.7755622863769531
CINDER_COMPLEX,0725,555,488,37.02006884358031,-118.25888423768114,0.9775906205177307
CINDER_COMPLEX,0725,527,464,37.027622033612374,-118.26699416132537,0.9731800556182861
CINDER_COMPLEX,0725,545,543,37.022766411448906,-118.24029899599645,0.9131982922554016
CINDER_COMPLEX,0725,550,558,37.02141762751461,-118.23523029371881,0.920285701751709
CINDER_COMPLEX,0725,579,563,37.01359468069568,-118.23354072629293,0.6855023503303528
CINDER_COMPLEX,0725,481,458,37.04003084580791,-118.26902164223642,0.971323549747467
CINDER_COMPLEX,0725,531,548,37.02654300646494,-118.23860942857057,0.893695592880249
CINDER_COMPLEX,0725,562,463,37.018180546072294,-118.26733207481054,0.9783865213394165
CINDER_COMPLEX,0725,489,481,37.03787279151304,-118.26124963207738,0.7637474536895752
CINDER_COMPLEX,0725,617,480,37.003343922795025,-118.26158754556255,0.558548629283905
CINDER_COMPLEX,0725,556,547,37.01979908679345,-118.23894734205575,0.946533739566803
CINDER_COMPLEX,0725,487,537,37.03841230508675,-118.24232647690751,0.6413964033126831
CINDER_COMPLEX,0725,599,457,37.008199544958494,-118.2693595557216,0.9961428046226501
CINDER_COMPLEX,0725,588,450,37.011166869613945,-118.27172495011783,0.9845929741859436
CINDER_COMPLEX,0725,563,572,37.01791078928544,-118.23049950492634,0.7292250394821167
CINDER_COMPLEX,0725,495,539,37.03625425079188,-118.24165064993716,0.7637076377868652
CINDER_COMPLEX,0725,578,454,37.013864437482546,-118.27037329617713,0.9885514378547668
CINDER_COMPLEX,0725,425,525,37.055137225872045,-118.24638143872963,0.5425242185592651
CINDER_COMPLEX,0725,518,529,37.03004984469411,-118.24502978478893,0.9687085747718811
CINDER_COMPLEX,0725,479,540,37.04057035938163,-118.24131273645199,0.6594005227088928
CINDER_COMPLEX,0725,515,470,37.03085911505469,-118.2649666804143,0.970509946346283
CINDER_COMPLEX,0725,493,489,37.0367937643656,-118.25854632419596,0.7621492147445679
CINDER_COMPLEX,0725,575,443,37.01467370784312,-118.27409034451406,0.9434680938720703
CINDER_COMPLEX,0725,535,444,37.0254639793175,-118.2737524310289,0.8837679624557495
CINDER_COMPLEX,0725,505,485,37.03355668292328,-118.25989797813666,0.9708032011985779
CINDER_COMPLEX,0725,448,456,37.04893281977427,-118.26969746920678,0.6399109959602356
CINDER_COMPLEX,0725,579,485,37.01359468069568,-118.25989797813666,0.8365055322647095
CINDER_COMPLEX,0725,484,462,37.039221575447336,-118.26766998829572,0.9625958204269409
CINDER_COMPLEX,0725,545,564,37.022766411448906,-118.23320281280776,0.6651187539100647
CINDER_COMPLEX,0725,542,564,37.02357568180948,-118.23320281280776,0.5192570090293884
CINDER_COMPLEX,0725,555,550,37.02006884358031,-118.23793360160022,0.9669451117515564
CINDER_COMPLEX,0725,603,553,37.00712051781105,-118.2369198611447,0.8497656583786011
CINDER_COMPLEX,0725,572,467,37.0154829782037,-118.26598042086984,0.9848482012748718
CINDER_COMPLEX,0725,513,468,37.03139862862841,-118.26564250738467,0.9733296036720276
CINDER_COMPLEX,0725,581,508,37.01305516712196,-118.25212596797762,0.8303709626197815
CINDER_COMPLEX,0725,572,443,37.0154829782037,-118.27409034451406,0.9444255232810974
CINDER_COMPLEX,0725,577,562,37.0141341942694,-118.23387863977811,0.8907431960105896
CINDER_COMPLEX,0725,591,551,37.01035759925337,-118.23759568811505,0.783614993095398
CINDER_COMPLEX,0725,567,477,37.016831762138,-118.26260128601808,0.9825077056884766
CINDER_COMPLEX,0725,586,469,37.011706383187665,-118.26530459389949,0.9962146878242493
CINDER_COMPLEX,0725,598,458,37.00846930174535,-118.26902164223642,0.995858371257782
CINDER_COMPLEX,0725,600,548,37.00792978817164,-118.23860942857057,0.7738896012306213
CINDER_COMPLEX,0725,580,432,37.013324923908826,-118.277807392851,0.8238961100578308
CINDER_COMPLEX,0725,472,467,37.04245865688965,-118.26598042086984,0.7621166110038757
CINDER_COMPLEX,0725,546,546,37.02249665466205,-118.23928525554092,0.9205612540245056
CINDER_COMPLEX,0725,495,491,37.03625425079188,-118.25787049722561,0.8689267635345459
CINDER_COMPLEX,0725,524,489,37.02843130397295,-118.25854632419596,0.9720946550369263
CINDER_COMPLEX,0725,578,537,37.013864437482546,-118.24232647690751,0.941412091255188
CINDER_COMPLEX,0725,507,456,37.03301716934956,-118.26969746920678,0.9754928946495056
CINDER_COMPLEX,0725,550,441,37.02141762751461,-118.27476617148442,0.9305079579353333
CINDER_COMPLEX,0725,516,530,37.03058935826783,-118.24469187130374,0.9770218133926392
CINDER_COMPLEX,0725,487,529,37.03841230508675,-118.24502978478893,0.8878702521324158
CINDER_COMPLEX,0725,575,477,37.01467370784312,-118.26260128601808,0.9824468493461609
CINDER_COMPLEX,0725,521,526,37.029240574333535,-118.24604352524445,0.9633772969245911
CINDER_COMPLEX,0725,537,547,37.02492446574378,-118.23894734205575,0.9167231917381287
CINDER_COMPLEX,0725,577,520,37.0141341942694,-118.2480710061555,0.5396390557289124
CINDER_COMPLEX,0725,496,464,37.03598449400502,-118.26699416132537,0.9676355719566345
CINDER_COMPLEX,0725,552,433,37.02087811394089,-118.27746947936583,0.831730842590332
CINDER_COMPLEX,0725,512,489,37.031668385415266,-118.25854632419596,0.9711636900901794
CINDER_COMPLEX,0725,586,511,37.011706383187665,-118.25111222752209,0.6363499760627747
CINDER_COMPLEX,0725,439,528,37.05136063085601,-118.2453676982741,0.9016651511192322
CINDER_COMPLEX,0725,608,466,37.005771733876756,-118.26631833435502,0.9955254793167114
CINDER_COMPLEX,0725,577,436,37.0141341942694,-118.2764557389103,0.8562676906585693
CINDER_COMPLEX,0725,507,514,37.03301716934956,-118.25009848706657,0.9772613644599915
CINDER_COMPLEX,0725,427,520,37.054597712298325,-118.2480710061555,0.5290319919586182
CINDER_COMPLEX,0725,491,489,37.03733327793932,-118.25854632419596,0.6696248054504395
CINDER_COMPLEX,0725,562,532,37.018180546072294,-118.24401604433339,0.9024696350097656
CINDER_COMPLEX,0725,587,543,37.01143662640081,-118.24029899599645,0.9412773251533508
CINDER_COMPLEX,0725,573,559,37.01521322141684,-118.23489238023363,0.9300894737243652
CINDER_COMPLEX,0725,599,559,37.008199544958494,-118.23489238023363,0.8249531388282776
CINDER_COMPLEX,0725,533,486,37.02600349289122,-118.2595600646515,0.9727776050567627
CINDER_COMPLEX,0725,605,477,37.00658100423734,-118.26260128601808,0.920673131942749
CINDER_COMPLEX,0725,540,551,37.0241151953832,-118.23759568811505,0.9464430809020996
CINDER_COMPLEX,0725,559,554,37.01898981643287,-118.23658194765952,0.9528021216392517
CINDER_COMPLEX,0725,466,527,37.044077197610804,-118.24570561175928,0.8277993202209473
CINDER_COMPLEX,0725,550,446,37.02141762751461,-118.27307660405853,0.9393906593322754
CINDER_COMPLEX,0725,463,456,37.04488646797138,-118.26969746920678,0.9262930154800415
CINDER_COMPLEX,0725,578,562,37.013864437482546,-118.23387863977811,0.5264094471931458
CINDER_COMPLEX,0725,569,551,37.01629224856428,-118.23759568811505,0.931692361831665
CINDER_COMPLEX,0725,556,471,37.01979908679345,-118.26462876692914,0.9745404124259949
CINDER_COMPLEX,0725,522,548,37.02897081754667,-118.23860942857057,0.6832443475723267
CINDER_COMPLEX,0725,587,471,37.01143662640081,-118.26462876692914,0.9950147271156311
CINDER_COMPLEX,0725,573,482,37.01521322141684,-118.2609117185922,0.9661686420440674
CINDER_COMPLEX,0725,525,546,37.028161547186095,-118.23928525554092,0.8201249241828918
CINDER_COMPLEX,0725,490,473,37.037603034726175,-118.26395293995878,0.7960514426231384
CINDER_COMPLEX,0725,593,452,37.00981808567965,-118.27104912314748,0.9931399822235107
CINDER_COMPLEX,0725,521,454,37.029240574333535,-118.27037329617713,0.9591063857078552
CINDER_COMPLEX,0725,534,448,37.02573373610436,-118.27240077708818,0.8956876993179321
CINDER_COMPLEX,0725,560,570,37.018720059646014,-118.2311753318967,0.6554754376411438
CINDER_COMPLEX,0725,602,448,37.00739027459792,-118.27240077708818,0.9908729195594788
CINDER_COMPLEX,0725,554,486,37.02033860036717,-118.2595600646515,0.983451247215271
CINDER_COMPLEX,0725,567,504,37.016831762138,-118.25347762191832,0.8036977648735046
CINDER_COMPLEX,0725,507,529,37.03301716934956,-118.24502978478893,0.8750556707382202
CINDER_COMPLEX,0725,589,569,37.01089711282709,-118.23151324538188,0.6317533254623413
CINDER_COMPLEX,0725,447,528,37.049202576561136,-118.2453676982741,0.9127240777015686
CINDER_COMPLEX,0725,589,539,37.01089711282709,-118.24165064993716,0.8270514011383057
CINDER_COMPLEX,0725,549,479,37.021687384301465,-118.26192545904773,0.9713925123214722
CINDER_COMPLEX,0725,550,464,37.02141762751461,-118.26699416132537,0.9753795266151428
CINDER_COMPLEX,0725,529,551,37.027082520038654,-118.23759568811505,0.786855161190033
CINDER_COMPLEX,0725,534,456,37.02573373610436,-118.26969746920678,0.9608365297317505
CINDER_COMPLEX,0725,553,468,37.02060835715403,-118.26564250738467,0.978615939617157
CINDER_COMPLEX,0725,469,464,37.04326792725023,-118.26699416132537,0.7524400353431702
CINDER_COMPLEX,0725,579,461,37.01359468069568,-118.26800790178089,0.9914047718048096
CINDER_COMPLEX,0725,592,456,37.01008784246651,-118.26969746920678,0.9949482083320618
CINDER_COMPLEX,0725,532,485,37.02627324967808,-118.25989797813666,0.9724732637405396
CINDER_COMPLEX,0725,562,526,37.018180546072294,-118.24604352524445,0.7159360647201538
CINDER_COMPLEX,0725,457,454,37.04650500869254,-118.27037329617713,0.9058560729026794
CINDER_COMPLEX,0725,583,559,37.01251565354824,-118.23489238023363,0.853773295879364
CINDER_COMPLEX,0725,570,562,37.01602249177742,-118.23387863977811,0.8425842523574829
CINDER_COMPLEX,0725,609,463,37.0055019770899,-118.26733207481054,0.9953465461730957
CINDER_COMPLEX,0725,464,544,37.044616711184524,-118.23996108251127,0.6955742835998535
CINDER_COMPLEX,0725,526,449,37.02789179039924,-118.27206286360301,0.913705587387085
CINDER_COMPLEX,0725,526,462,37.02789179039924,-118.26766998829572,0.9724977612495422
CINDER_COMPLEX,0725,568,506,37.01656200535114,-118.25280179494797,0.5457793474197388
CINDER_COMPLEX,0725,492,496,37.037063521152454,-118.25618092979973,0.8454993367195129
CINDER_COMPLEX,0725,601,453,37.00766003138477,-118.27071120966231,0.9944857954978943
CINDER_COMPLEX,0725,502,521,37.03436595328386,-118.24773309267033,0.9150309562683105
CINDER_COMPLEX,0725,549,551,37.021687384301465,-118.23759568811505,0.9303061366081238
CINDER_COMPLEX,0725,585,548,37.01197613997453,-118.23860942857057,0.9552786350250244
CINDER_COMPLEX,0725,601,555,37.00766003138477,-118.23624403417433,0.8001887798309326
CINDER_COMPLEX,0725,504,456,37.03382643971015,-118.26969746920678,0.9751945734024048
CINDER_COMPLEX,0725,536,459,37.025194222530644,-118.26868372875124,0.9739103317260742
CINDER_COMPLEX,0725,576,445,37.01440395105626,-118.27341451754371,0.9586060643196106
CINDER_COMPLEX,0725,594,464,37.00954832889279,-118.26699416132537,0.9964002966880798
CINDER_COMPLEX,0725,571,559,37.015752734990556,-118.23489238023363,0.9378148317337036
CINDER_COMPLEX,0725,515,441,37.03085911505469,-118.27476617148442,0.9186656475067139
CINDER_COMPLEX,0725,513,465,37.03139862862841,-118.26665624784019,0.9734219908714294
CINDER_COMPLEX,0725,490,527,37.037603034726175,-118.24570561175928,0.9149676561355591
CINDER_COMPLEX,0725,578,475,37.013864437482546,-118.26327711298843,0.9898366928100586
CINDER_COMPLEX,0725,574,510,37.01494346462998,-118.25145014100727,0.6266095042228699
CINDER_COMPLEX,0725,614,477,37.0041531931556,-118.26260128601808,0.6963643431663513
CINDER_COMPLEX,0725,500,464,37.03490546685758,-118.26699416132537,0.9708707928657532
CINDER_COMPLEX,0725,459,523,37.04596549511882,-118.24705726569998,0.9221910834312439
CINDER_COMPLEX,0725,471,523,37.04272841367651,-118.24705726569998,0.9150309562683105
CINDER_COMPLEX,0725,468,532,37.043537684037084,-118.24401604433339,0.9389225840568542
CINDER_COMPLEX,0725,577,503,37.0141341942694,-118.2538155354035,0.7632730007171631
CINDER_COMPLEX,0725,554,464,37.02033860036717,-118.26699416132537,0.9752426147460938
CINDER_COMPLEX,0725,500,526,37.03490546685758,-118.24604352524445,0.8722930550575256
CINDER_COMPLEX,0725,461,522,37.0454259815451,-118.24739517918515,0.9117178916931152
CINDER_COMPLEX,0725,529,463,37.027082520038654,-118.26733207481054,0.9727466106414795
CINDER_COMPLEX,0725,550,554,37.02141762751461,-118.23658194765952,0.9458310604095459
CINDER_COMPLEX,0725,560,463,37.018720059646014,-118.26733207481054,0.9802331924438477
CINDER_COMPLEX,0725,575,540,37.01467370784312,-118.24131273645199,0.9607433676719666
CINDER_COMPLEX,0725,468,461,37.043537684037084,-118.26800790178089,0.8644170761108398
CINDER_COMPLEX,0725,528,550,37.02735227682552,-118.23793360160022,0.763795018196106
CINDER_COMPLEX,0725,528,447,37.02735227682552,-118.27273869057336,0.8805389404296875
CINDER_COMPLEX,0725,605,469,37.00658100423734,-118.26530459389949,0.9941934943199158
CINDER_COMPLEX,0725,566,535,37.017101518924854,-118.24300230387786,0.9451192617416382
CINDER_COMPLEX,0725,571,507,37.015752734990556,-118.25246388146279,0.7346477508544922
CINDER_COMPLEX,0725,564,461,37.017641032498574,-118.26800790178089,0.9789196848869324
CINDER_COMPLEX,0725,572,490,37.0154829782037,-118.2582084107108,0.8105406165122986
CINDER_COMPLEX,0725,470,450,37.04299817046336,-118.27172495011783,0.9673001766204834
CINDER_COMPLEX,0725,575,449,37.01467370784312,-118.27206286360301,0.9758360385894775
CINDER_COMPLEX,0725,564,478,37.017641032498574,-118.2622633725329,0.9727298021316528
CINDER_COMPLEX,0725,604,453,37.0068507610242,-118.27071120966231,0.9925902485847473
CINDER_COMPLEX,0725,537,553,37.02492446574378,-118.2369198611447,0.9194116592407227
CINDER_COMPLEX,0725,523,444,37.028701060759815,-118.2737524310289,0.8852667808532715
CINDER_COMPLEX,0725,589,459,37.01089711282709,-118.26868372875124,0.9938448667526245
CINDER_COMPLEX,0725,530,443,37.0268127632518,-118.27409034451406,0.8736839294433594
CINDER_COMPLEX,0725,502,486,37.03436595328386,-118.2595600646515,0.967268705368042
CINDER_COMPLEX,0725,597,457,37.008739058532214,-118.2693595557216,0.9955344200134277
CINDER_COMPLEX,0725,566,464,37.017101518924854,-118.26699416132537,0.9852367043495178
CINDER_COMPLEX,0725,592,555,37.01008784246651,-118.23624403417433,0.5456624627113342
CINDER_COMPLEX,0725,575,472,37.01467370784312,-118.26429085344395,0.9891363382339478
CINDER_COMPLEX,0725,576,446,37.01440395105626,-118.27307660405853,0.9670166373252869
CINDER_COMPLEX,0725,591,441,37.01035759925337,-118.27476617148442,0.9558852910995483
CINDER_COMPLEX,0725,450,540,37.04839330620055,-118.24131273645199,0.5959948897361755
CINDER_COMPLEX,0725,495,443,37.03625425079188,-118.27409034451406,0.9712715148925781
CINDER_COMPLEX,0725,475,533,37.041649386529066,-118.24367813084821,0.9475792050361633
CINDER_COMPLEX,0725,480,462,37.04030060259477,-118.26766998829572,0.9634836316108704
CINDER_COMPLEX,0725,577,474,37.0141341942694,-118.2636150264736,0.9873067140579224
CINDER_COMPLEX,0725,509,531,37.03247765577585,-118.24435395781856,0.9400116801261902
CINDER_COMPLEX,0725,566,459,37.017101518924854,-118.26868372875124,0.9827339053153992
CINDER_COMPLEX,0725,446,532,37.04947233334799,-118.24401604433339,0.8735510110855103
CINDER_COMPLEX,0725,463,529,37.04488646797138,-118.24502978478893,0.9485383629798889
CINDER_COMPLEX,0725,469,522,37.04326792725023,-118.24739517918515,0.9207200407981873
CINDER_COMPLEX,0725,478,457,37.04084011616849,-118.2693595557216,0.9713329672813416
CINDER_COMPLEX,0725,572,494,37.0154829782037,-118.25685675677008,0.8352599740028381
CINDER_COMPLEX,0725,542,482,37.02357568180948,-118.2609117185922,0.9717515707015991
CINDER_COMPLEX,0725,497,531,37.03571473721816,-118.24435395781856,0.6227803230285645
CINDER_COMPLEX,0725,506,485,37.03328692613643,-118.25989797813666,0.9698161482810974
CINDER_COMPLEX,0725,440,525,37.05109087406915,-118.24638143872963,0.8963508605957031
CINDER_COMPLEX,0725,473,540,37.042188900102786,-118.24131273645199,0.8943595290184021
CINDER_COMPLEX,0725,498,531,37.0354449804313,-118.24435395781856,0.5859538912773132
CINDER_COMPLEX,0725,545,479,37.022766411448906,-118.26192545904773,0.9713620543479919
CINDER_COMPLEX,0725,599,467,37.008199544958494,-118.26598042086984,0.9965147972106934
CINDER_COMPLEX,0725,576,572,37.01440395105626,-118.23049950492634,0.8560096621513367
CINDER_COMPLEX,0725,570,556,37.01602249177742,-118.23590612068917,0.9487627148628235
CINDER_COMPLEX,0725,515,539,37.03085911505469,-118.24165064993716,0.9285742044448853
CINDER_COMPLEX,0725,603,451,37.00712051781105,-118.27138703663266,0.9924111366271973
CINDER_COMPLEX,0725,561,444,37.01845030285915,-118.2737524310289,0.9414942860603333
CINDER_COMPLEX,0725,599,544,37.008199544958494,-118.23996108251127,0.526405394077301
CINDER_COMPLEX,0725,577,477,37.0141341942694,-118.26260128601808,0.9868671894073486
CINDER_COMPLEX,0725,478,533,37.04084011616849,-118.24367813084821,0.9640602469444275
CINDER_COMPLEX,0725,468,449,37.043537684037084,-118.27206286360301,0.965446949005127
CINDER_COMPLEX,0725,590,468,37.01062735604023,-118.26564250738467,0.9960865378379822
CINDER_COMPLEX,0725,519,514,37.02978008790725,-118.25009848706657,0.9774091243743896
CINDER_COMPLEX,0725,515,446,37.03085911505469,-118.27307660405853,0.9474757313728333
CINDER_COMPLEX,0725,568,551,37.01656200535114,-118.23759568811505,0.9394062757492065
CINDER_COMPLEX,0725,490,537,37.037603034726175,-118.24232647690751,0.75169837474823
CINDER_COMPLEX,0725,573,546,37.01521322141684,-118.23928525554092,0.9703555703163147
CINDER_COMPLEX,0725,553,431,37.02060835715403,-118.27814530633619,0.780363917350769
CINDER_COMPLEX,0725,501,542,37.034635710070724,-118.24063690948162,0.8949254155158997
CINDER_COMPLEX,0725,559,530,37.01898981643287,-118.24469187130374,0.9561327695846558
CINDER_COMPLEX,0725,498,448,37.0354449804313,-118.27240077708818,0.9730211496353149
CINDER_COMPLEX,0725,564,560,37.017641032498574,-118.23455446674846,0.8695427179336548
CINDER_COMPLEX,0725,608,464,37.005771733876756,-118.26699416132537,0.9961017370223999
CINDER_COMPLEX,0725,568,531,37.01656200535114,-118.24435395781856,0.9195841550827026
CINDER_COMPLEX,0725,602,450,37.00739027459792,-118.27172495011783,0.9920220375061035
CINDER_COMPLEX,0725,468,545,37.043537684037084,-118.2396231690261,0.6230352520942688
CINDER_COMPLEX,0725,560,565,37.018720059646014,-118.23286489932258,0.8481013774871826
CINDER_COMPLEX,0725,470,534,37.04299817046336,-118.24334021736304,0.9556421637535095
CINDER_COMPLEX,0725,556,473,37.01979908679345,-118.26395293995878,0.9756833910942078
CINDER_COMPLEX,0725,553,566,37.02060835715403,-118.2325269858374,0.5905466079711914
CINDER_COMPLEX,0725,506,513,37.03328692613643,-118.25043640055173,0.9296215772628784
CINDER_COMPLEX,0725,535,560,37.0254639793175,-118.23455446674846,0.8357441425323486
CINDER_COMPLEX,0725,575,465,37.01467370784312,-118.26665624784019,0.9912587404251099
CINDER_COMPLEX,0725,575,527,37.01467370784312,-118.24570561175928,0.6946434378623962
CINDER_COMPLEX,0725,581,476,37.01305516712196,-118.26293919950325,0.9870750904083252
CINDER_COMPLEX,0725,568,482,37.01656200535114,-118.2609117185922,0.9695174694061279
CINDER_COMPLEX,0725,566,525,37.017101518924854,-118.24638143872963,0.8587363362312317
CINDER_COMPLEX,0725,577,471,37.0141341942694,-118.26462876692914,0.9881908297538757
CINDER_COMPLEX,0725,585,512,37.01197613997453,-118.25077431403692,0.5062899589538574
CINDER_COMPLEX,0725,556,456,37.01979908679345,-118.26969746920678,0.9629755616188049
CINDER_COMPLEX,0725,570,512,37.01602249177742,-118.25077431403692,0.611175000667572
CINDER_COMPLEX,0725,602,463,37.00739027459792,-118.26733207481054,0.9961302280426025
CINDER_COMPLEX,0725,510,448,37.032207898988986,-118.27240077708818,0.9664709568023682
CINDER_COMPLEX,0725,567,529,37.016831762138,-118.24502978478893,0.9462102055549622
CINDER_COMPLEX,0725,610,460,37.00523222030304,-118.26834581526607,0.9933193922042847
CINDER_COMPLEX,0725,514,475,37.031128871841545,-118.26327711298843,0.9590930342674255
CINDER_COMPLEX,0725,601,449,37.00766003138477,-118.27206286360301,0.9914273023605347
CINDER_COMPLEX,0725,562,550,37.018180546072294,-118.23793360160022,0.9613003134727478
CINDER_COMPLEX,0725,547,469,37.022226897875186,-118.26530459389949,0.9756052494049072
CINDER_COMPLEX,0725,544,564,37.02303616823576,-118.23320281280776,0.5173998475074768
CINDER_COMPLEX,0725,592,478,37.01008784246651,-118.2622633725329,0.9799571633338928
CINDER_COMPLEX,0725,555,538,37.02006884358031,-118.24198856342234,0.9076844453811646
CINDER_COMPLEX,0725,481,477,37.04003084580791,-118.26260128601808,0.5716325044631958
CINDER_COMPLEX,0725,581,453,37.01305516712196,-118.27071120966231,0.9867882132530212
CINDER_COMPLEX,0725,577,486,37.0141341942694,-118.2595600646515,0.9217491745948792
CINDER_COMPLEX,0725,515,449,37.03085911505469,-118.27206286360301,0.9564500451087952
CINDER_COMPLEX,0725,527,474,37.027622033612374,-118.2636150264736,0.9724857807159424
CINDER_COMPLEX,0725,566,566,37.017101518924854,-118.2325269858374,0.9196390509605408
CINDER_COMPLEX,0725,518,548,37.03004984469411,-118.23860942857057,0.7641587853431702
CINDER_COMPLEX,0725,604,477,37.0068507610242,-118.26260128601808,0.9455687999725342
CINDER_COMPLEX,0725,550,438,37.02141762751461,-118.27577991193995,0.9105427265167236
CINDER_COMPLEX,0725,487,532,37.03841230508675,-118.24401604433339,0.8975663185119629
CINDER_COMPLEX,0725,567,505,37.016831762138,-118.25313970843315,0.6782644391059875
CINDER_COMPLEX,0725,466,514,37.044077197610804,-118.25009848706657,0.8708285689353943
CINDER_COMPLEX,0725,587,449,37.01143662640081,-118.27206286360301,0.9829186201095581
CINDER_COMPLEX,0725,478,464,37.04084011616849,-118.26699416132537,0.9281364679336548
CINDER_COMPLEX,0725,502,547,37.03436595328386,-118.23894734205575,0.7097657918930054
CINDER_COMPLEX,0725,512,452,37.031668385415266,-118.27104912314748,0.9696163535118103
CINDER_COMPLEX,0725,505,487,37.03355668292328,-118.25922215116631,0.9729018211364746
CINDER_COMPLEX,0725,512,442,37.031668385415266,-118.27442825799925,0.9457350373268127
CINDER_COMPLEX,0725,586,457,37.011706383187665,-118.2693595557216,0.9929512143135071
CINDER_COMPLEX,0725,573,489,37.01521322141684,-118.25854632419596,0.7425189018249512
CINDER_COMPLEX,0725,581,530,37.01305516712196,-118.24469187130374,0.7411994338035583
CINDER_COMPLEX,0725,528,476,37.02735227682552,-118.26293919950325,0.9725714325904846
CINDER_COMPLEX,0725,607,466,37.00604149066362,-118.26631833435502,0.994914710521698
CINDER_COMPLEX,0725,548,461,37.02195714108833,-118.26800790178089,0.9723089933395386
CINDER_COMPLEX,0725,419,525,37.0567557665932,-118.24638143872963,0.6605024933815002
CINDER_COMPLEX,0725,593,450,37.00981808567965,-118.27172495011783,0.9899159073829651
CINDER_COMPLEX,0725,476,530,37.04137962974221,-118.24469187130374,0.9506422281265259
CINDER_COMPLEX,0725,594,541,37.00954832889279,-118.2409748229668,0.6897324919700623
CINDER_COMPLEX,0725,567,541,37.016831762138,-118.2409748229668,0.9654255509376526
CINDER_COMPLEX,0725,546,435,37.02249665466205,-118.27679365239547,0.8721267580986023
CINDER_COMPLEX,0725,526,450,37.02789179039924,-118.27172495011783,0.9258471727371216
CINDER_COMPLEX,0725,490,493,37.037603034726175,-118.25719467025526,0.7615026831626892
CINDER_COMPLEX,0725,549,475,37.021687384301465,-118.26327711298843,0.9733088612556458
CINDER_COMPLEX,0725,577,476,37.0141341942694,-118.26293919950325,0.9877761006355286
CINDER_COMPLEX,0725,468,463,37.043537684037084,-118.26733207481054,0.7972814440727234
CINDER_COMPLEX,0725,508,467,37.032747412562706,-118.26598042086984,0.9732378721237183
CINDER_COMPLEX,0725,515,456,37.03085911505469,-118.26969746920678,0.9735967516899109
CINDER_COMPLEX,0725,437,528,37.05190014442973,-118.2453676982741,0.9001654982566833
CINDER_COMPLEX,0725,556,538,37.01979908679345,-118.24198856342234,0.9236565232276917
CINDER_COMPLEX,0725,542,481,37.02357568180948,-118.26124963207738,0.9719439148902893
CINDER_COMPLEX,0725,483,466,37.03949133223419,-118.26631833435502,0.933162271976471
CINDER_COMPLEX,0725,517,489,37.03031960148097,-118.25854632419596,0.9722092151641846
CINDER_COMPLEX,0725,515,513,37.03085911505469,-118.25043640055173,0.9696134924888611
CINDER_COMPLEX,0725,569,438,37.01629224856428,-118.27577991193995,0.8972905278205872
CINDER_COMPLEX,0725,572,481,37.0154829782037,-118.26124963207738,0.9688697457313538
CINDER_COMPLEX,0725,493,494,37.0367937643656,-118.25685675677008,0.8726458549499512
CINDER_COMPLEX,0725,513,544,37.03139862862841,-118.23996108251127,0.8916149735450745
CINDER_COMPLEX,0725,568,541,37.01656200535114,-118.2409748229668,0.9548017978668213
CINDER_COMPLEX,0725,499,443,37.035175223644444,-118.27409034451406,0.9713143110275269
CINDER_COMPLEX,0725,504,472,37.03382643971015,-118.26429085344395,0.9653217196464539
CINDER_COMPLEX,0725,520,445,37.02951033112039,-118.27341451754371,0.9097017049789429
CINDER_COMPLEX,0725,427,527,37.054597712298325,-118.24570561175928,0.5850524306297302
CINDER_COMPLEX,0725,502,475,37.03436595328386,-118.26327711298843,0.973128080368042
CINDER_COMPLEX,0725,614,474,37.0041531931556,-118.2636150264736,0.939322829246521
CINDER_COMPLEX,0725,575,462,37.01467370784312,-118.26766998829572,0.9899095892906189
CINDER_COMPLEX,0725,455,528,37.047044522266255,-118.2453676982741,0.9317218065261841
CINDER_COMPLEX,0725,496,468,37.03598449400502,-118.26564250738467,0.9675496220588684
CINDER_COMPLEX,0725,556,568,37.01979908679345,-118.23185115886704,0.7323325872421265
CINDER_COMPLEX,0725,542,556,37.02357568180948,-118.23590612068917,0.8906164169311523
CINDER_COMPLEX,0725,568,547,37.01656200535114,-118.23894734205575,0.9611731767654419
CINDER_COMPLEX,0725,521,549,37.029240574333535,-118.2382715150854,0.7566662430763245
CINDER_COMPLEX,0725,579,479,37.01359468069568,-118.26192545904773,0.9696816205978394
CINDER_COMPLEX,0725,473,534,37.042188900102786,-118.24334021736304,0.9541174173355103
CINDER_COMPLEX,0725,529,470,37.027082520038654,-118.2649666804143,0.9735265374183655
CINDER_COMPLEX,0725,590,564,37.01062735604023,-118.23320281280776,0.5921361446380615
CINDER_COMPLEX,0725,559,491,37.01898981643287,-118.25787049722561,0.974793016910553
CINDER_COMPLEX,0725,462,540,37.045156224758244,-118.24131273645199,0.8258905410766602
CINDER_COMPLEX,0725,513,452,37.03139862862841,-118.27104912314748,0.9685220122337341
CINDER_COMPLEX,0725,508,517,37.032747412562706,-118.24908474661103,0.9816458225250244
CINDER_COMPLEX,0725,541,476,37.02384543859635,-118.26293919950325,0.9717393517494202
CINDER_COMPLEX,0725,570,484,37.01602249177742,-118.26023589162185,0.9830874800682068
CINDER_COMPLEX,0725,570,443,37.01602249177742,-118.27409034451406,0.9394975900650024
CINDER_COMPLEX,0725,521,458,37.029240574333535,-118.26902164223642,0.9705202579498291
CINDER_COMPLEX,0725,483,458,37.03949133223419,-118.26902164223642,0.9715344905853271
CINDER_COMPLEX,0725,542,464,37.02357568180948,-118.26699416132537,0.9756126403808594
CINDER_COMPLEX,0725,559,561,37.01898981643287,-118.23421655326328,0.9239605069160461
CINDER_COMPLEX,0725,550,550,37.02141762751461,-118.23793360160022,0.9509960412979126
CINDER_COMPLEX,0725,511,477,37.03193814220213,-118.26260128601808,0.9348084330558777
CINDER_COMPLEX,0725,480,467,37.04030060259477,-118.26598042086984,0.9087204933166504
CINDER_COMPLEX,0725,547,457,37.022226897875186,-118.2693595557216,0.9651211500167847
CINDER_COMPLEX,0725,583,563,37.01251565354824,-118.23354072629293,0.5440117716789246
CINDER_COMPLEX,0725,559,476,37.01898981643287,-118.26293919950325,0.9814719557762146
CINDER_COMPLEX,0725,593,456,37.00981808567965,-118.26969746920678,0.9960176944732666
CINDER_COMPLEX,0725,539,453,37.02438495217006,-118.27071120966231,0.9480519890785217
CINDER_COMPLEX,0725,610,472,37.00523222030304,-118.26429085344395,0.9790960550308228
CINDER_COMPLEX,0725,539,484,37.02438495217006,-118.26023589162185,0.9725672006607056
CINDER_COMPLEX,0725,545,437,37.022766411448906,-118.27611782542512,0.8903644680976868
CINDER_COMPLEX,0725,565,435,37.01737127571172,-118.27679365239547,0.9002325534820557
CINDER_COMPLEX,0725,454,456,37.04731427905312,-118.26969746920678,0.7544779777526855
CINDER_COMPLEX,0725,467,460,37.04380744082395,-118.26834581526607,0.8873348236083984
CINDER_COMPLEX,0725,554,471,37.02033860036717,-118.26462876692914,0.9822158217430115
CINDER_COMPLEX,0725,547,464,37.022226897875186,-118.26699416132537,0.9755335450172424
CINDER_COMPLEX,0725,563,524,37.01791078928544,-118.2467193522148,0.5711866021156311
CINDER_COMPLEX,0725,545,463,37.022766411448906,-118.26733207481054,0.9768059849739075
CINDER_COMPLEX,0725,526,455,37.02789179039924,-118.27003538269196,0.9538867473602295
CINDER_COMPLEX,0725,526,443,37.02789179039924,-118.27409034451406,0.8811696171760559
CINDER_COMPLEX,0725,535,555,37.0254639793175,-118.23624403417433,0.94484543800354
CINDER_COMPLEX,0725,606,480,37.006311247450476,-118.26158754556255,0.6073578000068665
CINDER_COMPLEX,0725,551,540,37.021147870727745,-118.24131273645199,0.8933138847351074
CINDER_COMPLEX,0725,545,457,37.022766411448906,-118.2693595557216,0.9667617082595825
CINDER_COMPLEX,0725,540,453,37.0241151953832,-118.27071120966231,0.9493804574012756
CINDER_COMPLEX,0725,550,453,37.02141762751461,-118.27071120966231,0.9492706656455994
CINDER_COMPLEX,0725,561,488,37.01845030285915,-118.25888423768114,0.9655755758285522
CINDER_COMPLEX,0725,432,532,37.05324892836403,-118.24401604433339,0.8680975437164307
CINDER_COMPLEX,0725,512,526,37.031668385415266,-118.24604352524445,0.9530762434005737
CINDER_COMPLEX,0725,513,534,37.03139862862841,-118.24334021736304,0.9299228191375732
CINDER_COMPLEX,0725,527,553,37.027622033612374,-118.2369198611447,0.555108904838562
CINDER_COMPLEX,0725,584,459,37.012245896761385,-118.26868372875124,0.9916858077049255
CINDER_COMPLEX,0725,451,537,37.048123549413695,-118.24232647690751,0.722672700881958
CINDER_COMPLEX,0725,477,463,37.041109872955346,-118.26733207481054,0.9426383376121521
CINDER_COMPLEX,0725,592,485,37.01008784246651,-118.25989797813666,0.70766282081604
CINDER_COMPLEX,0725,573,433,37.01521322141684,-118.27746947936583,0.8156812787055969
CINDER_COMPLEX,0725,555,447,37.02006884358031,-118.27273869057336,0.9418992400169373
CINDER_COMPLEX,0725,433,529,37.052979171577164,-118.24502978478893,0.882653534412384
CINDER_COMPLEX,0725,495,486,37.03625425079188,-118.2595600646515,0.9121791124343872
CINDER_COMPLEX,0725,514,444,37.031128871841545,-118.2737524310289,0.9432467818260193
CINDER_COMPLEX,0725,505,473,37.03355668292328,-118.26395293995878,0.9631115198135376
CINDER_COMPLEX,0725,557,490,37.01952933000659,-118.2582084107108,0.9719359874725342
CINDER_COMPLEX,0725,571,551,37.015752734990556,-118.23759568811505,0.9585564136505127
CINDER_COMPLEX,0725,540,477,37.0241151953832,-118.26260128601808,0.9746471047401428
CINDER_COMPLEX,0725,549,470,37.021687384301465,-118.2649666804143,0.975545346736908
CINDER_COMPLEX,0725,571,504,37.015752734990556,-118.25347762191832,0.5852016806602478
CINDER_COMPLEX,0725,617,475,37.003343922795025,-118.26327711298843,0.9563353061676025
CINDER_COMPLEX,0725,507,536,37.03301716934956,-118.24266439039269,0.8905811309814453
CINDER_COMPLEX,0725,484,476,37.039221575447336,-118.26293919950325,0.5443791747093201
CINDER_COMPLEX,0725,480,524,37.04030060259477,-118.2467193522148,0.9682360291481018
CINDER_COMPLEX,0725,438,523,37.05163038764287,-118.24705726569998,0.8581445813179016
CINDER_COMPLEX,0725,465,463,37.04434695439766,-118.26733207481054,0.6908707022666931
CINDER_COMPLEX,0725,573,525,37.01521322141684,-118.24638143872963,0.8567063808441162
CINDER_COMPLEX,0725,537,548,37.02492446574378,-118.23860942857057,0.9452285170555115
CINDER_COMPLEX,0725,571,519,37.015752734990556,-118.24840891964068,0.520553469657898
CINDER_COMPLEX,0725,601,546,37.00766003138477,-118.23928525554092,0.7008492946624756
CINDER_COMPLEX,0725,496,495,37.03598449400502,-118.25651884328491,0.9387611746788025
CINDER_COMPLEX,0725,501,541,37.034635710070724,-118.2409748229668,0.9272884130477905
CINDER_COMPLEX,0725,574,532,37.01494346462998,-118.24401604433339,0.9289903044700623
CINDER_COMPLEX,0725,485,464,37.03895181866047,-118.26699416132537,0.9514791369438171
CINDER_COMPLEX,0725,502,470,37.03436595328386,-118.2649666804143,0.9708549380302429
CINDER_COMPLEX,0725,415,520,37.05783479374064,-118.2480710061555,0.5683490633964539
CINDER_COMPLEX,0725,549,468,37.021687384301465,-118.26564250738467,0.9740684032440186
CINDER_COMPLEX,0725,545,560,37.022766411448906,-118.23455446674846,0.9008872509002686
CINDER_COMPLEX,0725,483,537,37.03949133223419,-118.24232647690751,0.5741902589797974
CINDER_COMPLEX,0725,515,538,37.03085911505469,-118.24198856342234,0.913844645023346
CINDER_COMPLEX,0725,536,562,37.025194222530644,-118.23387863977811,0.551581859588623
CINDER_COMPLEX,0725,560,551,37.018720059646014,-118.23759568811505,0.9499384760856628
CINDER_COMPLEX,0725,475,542,37.041649386529066,-118.24063690948162,0.8816881775856018
CINDER_COMPLEX,0725,607,457,37.00604149066362,-118.2693595557216,0.9958420395851135
CINDER_COMPLEX,0725,569,483,37.01629224856428,-118.26057380510701,0.9743285775184631
CINDER_COMPLEX,0725,434,530,37.05270941479031,-118.24469187130374,0.9162489175796509
CINDER_COMPLEX,0725,571,485,37.015752734990556,-118.25989797813666,0.957047700881958
CINDER_COMPLEX,0725,589,548,37.01089711282709,-118.23860942857057,0.9276406168937683
CINDER_COMPLEX,0725,464,463,37.044616711184524,-118.26733207481054,0.6440863013267517
CINDER_COMPLEX,0725,589,547,37.01089711282709,-118.23894734205575,0.9166972041130066
CINDER_COMPLEX,0725,588,465,37.011166869613945,-118.26665624784019,0.9947524070739746
CINDER_COMPLEX,0725,505,460,37.03355668292328,-118.26834581526607,0.9738609194755554
CINDER_COMPLEX,0725,432,530,37.05324892836403,-118.24469187130374,0.8722888231277466
CINDER_COMPLEX,0725,550,543,37.02141762751461,-118.24029899599645,0.8945455551147461
CINDER_COMPLEX,0725,516,481,37.03058935826783,-118.26124963207738,0.9680212736129761
CINDER_COMPLEX,0725,426,528,37.05486746908518,-118.2453676982741,0.5051937103271484
CINDER_COMPLEX,0725,498,456,37.0354449804313,-118.26969746920678,0.9733248949050903
CINDER_COMPLEX,0725,566,437,37.017101518924854,-118.27611782542512,0.9130987524986267
CINDER_COMPLEX,0725,500,549,37.03490546685758,-118.2382715150854,0.5742468237876892
CINDER_COMPLEX,0725,528,464,37.02735227682552,-118.26699416132537,0.973044753074646
CINDER_COMPLEX,0725,426,522,37.05486746908518,-118.24739517918515,0.769142746925354
CINDER_COMPLEX,0725,539,548,37.02438495217006,-118.23860942857057,0.9473769664764404
CINDER_COMPLEX,0725,598,469,37.00846930174535,-118.26530459389949,0.9969117641448975
CINDER_COMPLEX,0725,554,438,37.02033860036717,-118.27577991193995,0.9205924272537231
CINDER_COMPLEX,0725,586,476,37.011706383187665,-118.26293919950325,0.9923898577690125
CINDER_COMPLEX,0725,511,528,37.03193814220213,-118.2453676982741,0.9590369462966919
CINDER_COMPLEX,0725,567,570,37.016831762138,-118.2311753318967,0.8329525589942932
CINDER_COMPLEX,0725,552,548,37.02087811394089,-118.23860942857057,0.923043966293335
CINDER_COMPLEX,0725,558,488,37.019259573219735,-118.25888423768114,0.9612014293670654
CINDER_COMPLEX,0725,559,546,37.01898981643287,-118.23928525554092,0.9506876468658447
CINDER_COMPLEX,0725,583,546,37.01251565354824,-118.23928525554092,0.9410254955291748
CINDER_COMPLEX,0725,556,484,37.01979908679345,-118.26023589162185,0.9790850281715393
CINDER_COMPLEX,0725,571,536,37.015752734990556,-118.24266439039269,0.8837963938713074
CINDER_COMPLEX,0725,570,516,37.01602249177742,-118.24942266009622,0.5564839839935303
CINDER_COMPLEX,0725,573,436,37.01521322141684,-118.2764557389103,0.8663043975830078
CINDER_COMPLEX,0725,497,537,37.03571473721816,-118.24232647690751,0.8146084547042847
CINDER_COMPLEX,0725,547,440,37.022226897875186,-118.2751040849696,0.9121918678283691
CINDER_COMPLEX,0725,562,435,37.018180546072294,-118.27679365239547,0.8990122675895691
CINDER_COMPLEX,0725,495,528,37.03625425079188,-118.2453676982741,0.9248804450035095
CINDER_COMPLEX,0725,508,540,37.032747412562706,-118.24131273645199,0.9513834714889526
CINDER_COMPLEX,0725,556,569,37.01979908679345,-118.23151324538188,0.5758252739906311
CINDER_COMPLEX,0725,597,470,37.008739058532214,-118.2649666804143,0.996450662612915
CINDER_COMPLEX,0725,505,545,37.03355668292328,-118.2396231690261,0.8850167393684387
CINDER_COMPLEX,0725,550,479,37.02141762751461,-118.26192545904773,0.9712294340133667
CINDER_COMPLEX,0725,497,460,37.03571473721816,-118.26834581526607,0.9702494144439697
CINDER_COMPLEX,0725,563,535,37.01791078928544,-118.24300230387786,0.9073299169540405
CINDER_COMPLEX,0725,466,534,37.044077197610804,-118.24334021736304,0.9558773636817932
CINDER_COMPLEX,0725,594,447,37.00954832889279,-118.27273869057336,0.9865037202835083
CINDER_COMPLEX,0725,505,452,37.03355668292328,-118.27104912314748,0.9744368195533752
CINDER_COMPLEX,0725,546,544,37.02249665466205,-118.23996108251127,0.9236798286437988
CINDER_COMPLEX,0725,596,549,37.00900881531907,-118.2382715150854,0.9422701597213745
CINDER_COMPLEX,0725,572,487,37.0154829782037,-118.25922215116631,0.9211621880531311
CINDER_COMPLEX,0725,564,455,37.017641032498574,-118.27003538269196,0.9686616063117981
CINDER_COMPLEX,0725,581,553,37.01305516712196,-118.2369198611447,0.9195025563240051
CINDER_COMPLEX,0725,469,448,37.04326792725023,-118.27240077708818,0.9659497737884521
CINDER_COMPLEX,0725,524,444,37.02843130397295,-118.2737524310289,0.8812856078147888
CINDER_COMPLEX,0725,414,523,37.058104550527496,-118.24705726569998,0.7294734120368958
CINDER_COMPLEX,0725,417,519,37.05729528016692,-118.24840891964068,0.5630983114242554
CINDER_COMPLEX,0725,587,450,37.01143662640081,-118.27172495011783,0.9843342900276184
CINDER_COMPLEX,0725,562,462,37.018180546072294,-118.26766998829572,0.9772792458534241
CINDER_COMPLEX,0725,605,549,37.00658100423734,-118.2382715150854,0.8108459115028381
CINDER_COMPLEX,0725,497,450,37.03571473721816,-118.27172495011783,0.9734687209129333
CINDER_COMPLEX,0725,570,455,37.01602249177742,-118.27003538269196,0.9775789380073547
CINDER_COMPLEX,0725,556,551,37.01979908679345,-118.23759568811505,0.9632277488708496
CINDER_COMPLEX,0725,496,474,37.03598449400502,-118.2636150264736,0.9595995545387268
CINDER_COMPLEX,0725,565,570,37.01737127571172,-118.2311753318967,0.7858476638793945
CINDER_COMPLEX,0725,526,474,37.02789179039924,-118.2636150264736,0.9726020693778992
CINDER_COMPLEX,0725,566,453,37.017101518924854,-118.27071120966231,0.9706267714500427
CINDER_COMPLEX,0725,470,536,37.04299817046336,-118.24266439039269,0.8778982162475586
CINDER_COMPLEX,0725,436,532,37.05216990121659,-118.24401604433339,0.9126583933830261
CINDER_COMPLEX,0725,573,480,37.01521322141684,-118.26158754556255,0.9760769605636597
CINDER_COMPLEX,0725,478,528,37.04084011616849,-118.2453676982741,0.9343035817146301
CINDER_COMPLEX,0725,517,484,37.03031960148097,-118.26023589162185,0.9723084568977356
CINDER_COMPLEX,0725,608,478,37.005771733876756,-118.2622633725329,0.9403260946273804
CINDER_COMPLEX,0725,503,483,37.034096196497,-118.26057380510701,0.9716078639030457
CINDER_COMPLEX,0725,495,489,37.03625425079188,-118.25854632419596,0.8946337699890137
CINDER_COMPLEX,0725,564,467,37.017641032498574,-118.26598042086984,0.9791378974914551
CINDER_COMPLEX,0725,506,455,37.03328692613643,-118.27003538269196,0.97540682554245
CINDER_COMPLEX,0725,592,539,37.01008784246651,-118.24165064993716,0.5709857940673828
CINDER_COMPLEX,0725,590,553,37.01062735604023,-118.2369198611447,0.8397772312164307
CINDER_COMPLEX,0725,544,539,37.02303616823576,-118.24165064993716,0.909271240234375
CINDER_COMPLEX,0725,563,454,37.01791078928544,-118.27037329617713,0.9647791981697083
CINDER_COMPLEX,0725,581,438,37.01305516712196,-118.27577991193995,0.8990772366523743
CINDER_COMPLEX,0725,493,451,37.0367937643656,-118.27138703663266,0.9725574851036072
CINDER_COMPLEX,0725,516,474,37.03058935826783,-118.2636150264736,0.9707691073417664
CINDER_COMPLEX,0725,567,512,37.016831762138,-118.25077431403692,0.5310972929000854
CINDER_COMPLEX,0725,482,453,37.03976108902105,-118.27071120966231,0.9725753664970398
CINDER_COMPLEX,0725,434,518,37.05270941479031,-118.24874683312585,0.5556336045265198
CINDER_COMPLEX,0725,492,454,37.037063521152454,-118.27037329617713,0.972780704498291
CINDER_COMPLEX,0725,590,559,37.01062735604023,-118.23489238023363,0.8059290051460266
CINDER_COMPLEX,0725,429,521,37.054058198724604,-118.24773309267033,0.7194057703018188
CINDER_COMPLEX,0725,468,455,37.043537684037084,-118.27003538269196,0.9567071199417114
CINDER_COMPLEX,0725,500,537,37.03490546685758,-118.24232647690751,0.8848555088043213
CINDER_COMPLEX,0725,559,440,37.01898981643287,-118.2751040849696,0.9318113327026367
CINDER_COMPLEX,0725,509,473,37.03247765577585,-118.26395293995878,0.9309077262878418
CINDER_COMPLEX,0725,454,524,37.04731427905312,-118.2467193522148,0.928360641002655
CINDER_COMPLEX,0725,485,474,37.03895181866047,-118.2636150264736,0.802924633026123
CINDER_COMPLEX,0725,553,487,37.02060835715403,-118.25922215116631,0.9806023836135864
CINDER_COMPLEX,0725,595,556,37.009278572105934,-118.23590612068917,0.7454531192779541
CINDER_COMPLEX,0725,563,448,37.01791078928544,-118.27240077708818,0.9482599496841431
CINDER_COMPLEX,0725,464,453,37.044616711184524,-118.27071120966231,0.9429895281791687
CINDER_COMPLEX,0725,512,531,37.031668385415266,-118.24435395781856,0.9415841102600098
CINDER_COMPLEX,0725,478,458,37.04084011616849,-118.26902164223642,0.9689381122589111
CINDER_COMPLEX,0725,516,524,37.03058935826783,-118.2467193522148,0.9747006893157959
CINDER_COMPLEX,0725,553,474,37.02060835715403,-118.2636150264736,0.9755949974060059
CINDER_COMPLEX,0725,613,461,37.00442294994246,-118.26800790178089,0.9892500638961792
CINDER_COMPLEX,0725,579,482,37.01359468069568,-118.2609117185922,0.899336576461792
CINDER_COMPLEX,0725,495,448,37.03625425079188,-118.27240077708818,0.9729001522064209
CINDER_COMPLEX,0725,493,479,37.0367937643656,-118.26192545904773,0.9173182845115662
CINDER_COMPLEX,0725,589,480,37.01089711282709,-118.26158754556255,0.9662657976150513
CINDER_COMPLEX,0725,570,535,37.01602249177742,-118.24300230387786,0.8884071707725525
CINDER_COMPLEX,0725,504,544,37.03382643971015,-118.23996108251127,0.9015188217163086
CINDER_COMPLEX,0725,604,475,37.0068507610242,-118.26327711298843,0.9662697315216064
CINDER_COMPLEX,0725,497,533,37.03571473721816,-118.24367813084821,0.8028042316436768
CINDER_COMPLEX,0725,519,545,37.02978008790725,-118.2396231690261,0.9235369563102722
CINDER_COMPLEX,0725,541,540,37.02384543859635,-118.24131273645199,0.8349929451942444
CINDER_COMPLEX,0725,573,470,37.01521322141684,-118.2649666804143,0.9868950247764587
CINDER_COMPLEX,0725,572,532,37.0154829782037,-118.24401604433339,0.8567036390304565
CINDER_COMPLEX,0725,501,471,37.034635710070724,-118.26462876692914,0.968646228313446
CINDER_COMPLEX,0725,583,444,37.01251565354824,-118.2737524310289,0.9503711462020874
CINDER_COMPLEX,0725,567,559,37.016831762138,-118.23489238023363,0.947058916091919
CINDER_COMPLEX,0725,509,547,37.03247765577585,-118.23894734205575,0.8521746397018433
CINDER_COMPLEX,0725,570,567,37.01602249177742,-118.23218907235223,0.6340809464454651
CINDER_COMPLEX,0725,596,460,37.00900881531907,-118.26834581526607,0.9963940978050232
CINDER_COMPLEX,0725,567,540,37.016831762138,-118.24131273645199,0.9577159285545349
CINDER_COMPLEX,0725,550,547,37.02141762751461,-118.23894734205575,0.9185404777526855
CINDER_COMPLEX,0725,479,518,37.04057035938163,-118.24874683312585,0.9079378843307495
CINDER_COMPLEX,0725,503,546,37.034096196497,-118.23928525554092,0.8263857960700989
CINDER_COMPLEX,0725,567,554,37.016831762138,-118.23658194765952,0.9577170610427856
CINDER_COMPLEX,0725,510,533,37.032207898988986,-118.24367813084821,0.954075276851654
CINDER_COMPLEX,0725,427,524,37.054597712298325,-118.2467193522148,0.6667912602424622
CINDER_COMPLEX,0725,443,520,37.05028160370857,-118.2480710061555,0.7448869347572327
CINDER_COMPLEX,0725,472,469,37.04245865688965,-118.26530459389949,0.664955735206604
CINDER_COMPLEX,0725,573,544,37.01521322141684,-118.23996108251127,0.9723988771438599
CINDER_COMPLEX,0725,465,514,37.04434695439766,-118.25009848706657,0.8778424263000488
CINDER_COMPLEX,0725,540,467,37.0241151953832,-118.26598042086984,0.9779003262519836
CINDER_COMPLEX,0725,574,509,37.01494346462998,-118.25178805449244,0.6331029534339905
CINDER_COMPLEX,0725,507,479,37.03301716934956,-118.26192545904773,0.9681369066238403
CINDER_COMPLEX,0725,442,519,37.05055136049543,-118.24840891964068,0.7796249389648438
CINDER_COMPLEX,0725,561,477,37.01845030285915,-118.26260128601808,0.9800838828086853
CINDER_COMPLEX,0725,504,519,37.03382643971015,-118.24840891964068,0.954694390296936
CINDER_COMPLEX,0725,573,485,37.01521322141684,-118.25989797813666,0.9595986604690552
CINDER_COMPLEX,0725,565,449,37.01737127571172,-118.27206286360301,0.9627431631088257
CINDER_COMPLEX,0725,471,532,37.04272841367651,-118.24401604433339,0.9553483128547668
CINDER_COMPLEX,0725,561,446,37.01845030285915,-118.27307660405853,0.9414483904838562
CINDER_COMPLEX,0725,595,551,37.009278572105934,-118.23759568811505,0.887658417224884
CINDER_COMPLEX,0725,467,455,37.04380744082395,-118.27003538269196,0.9525444507598877
CINDER_COMPLEX,0725,523,546,37.028701060759815,-118.23928525554092,0.826592743396759
CINDER_COMPLEX,0725,596,467,37.00900881531907,-118.26598042086984,0.9969874620437622
CINDER_COMPLEX,0725,568,453,37.01656200535114,-118.27071120966231,0.9707745909690857
CINDER_COMPLEX,0725,502,529,37.03436595328386,-118.24502978478893,0.8730955719947815
CINDER_COMPLEX,0725,560,555,37.018720059646014,-118.23624403417433,0.9264519810676575
CINDER_COMPLEX,0725,546,439,37.02249665466205,-118.27544199845477,0.9062623977661133
CINDER_COMPLEX,0725,590,462,37.01062735604023,-118.26766998829572,0.9940503239631653
CINDER_COMPLEX,0725,576,447,37.01440395105626,-118.27273869057336,0.9726539254188538
CINDER_COMPLEX,0725,588,536,37.011166869613945,-118.24266439039269,0.6854643225669861
CINDER_COMPLEX,0725,533,458,37.02600349289122,-118.26902164223642,0.9715830683708191
CINDER_COMPLEX,0725,479,531,37.04057035938163,-118.24435395781856,0.92527174949646
CINDER_COMPLEX,0725,554,563,37.02033860036717,-118.23354072629293,0.8475664258003235
CINDER_COMPLEX,0725,539,441,37.02438495217006,-118.27476617148442,0.8880859613418579
CINDER_COMPLEX,0725,534,555,37.02573373610436,-118.23624403417433,0.9438122510910034
CINDER_COMPLEX,0725,418,521,37.057025523380055,-118.24773309267033,0.6986551880836487
CINDER_COMPLEX,0725,585,473,37.01197613997453,-118.26395293995878,0.9935562610626221
CINDER_COMPLEX,0725,597,450,37.008739058532214,-118.27172495011783,0.9901737570762634
CINDER_COMPLEX,0725,489,447,37.03787279151304,-118.27273869057336,0.9717167615890503
CINDER_COMPLEX,0725,513,530,37.03139862862841,-118.24469187130374,0.938174843788147
CINDER_COMPLEX,0725,537,490,37.02492446574378,-118.2582084107108,0.9741787910461426
CINDER_COMPLEX,0725,572,526,37.0154829782037,-118.24604352524445,0.7281373739242554
CINDER_COMPLEX,0725,496,470,37.03598449400502,-118.2649666804143,0.9599176049232483
CINDER_COMPLEX,0725,573,442,37.01521322141684,-118.27442825799925,0.9391660690307617
CINDER_COMPLEX,0725,458,517,37.04623525190568,-118.24908474661103,0.8371394872665405
CINDER_COMPLEX,0725,547,441,37.022226897875186,-118.27476617148442,0.9163976311683655
CINDER_COMPLEX,0725,546,448,37.02249665466205,-118.27240077708818,0.9371981620788574
CINDER_COMPLEX,0725,510,480,37.032207898988986,-118.26158754556255,0.9728088974952698
CINDER_COMPLEX,0725,472,533,37.04245865688965,-118.24367813084821,0.961578369140625
CINDER_COMPLEX,0725,491,460,37.03733327793932,-118.26834581526607,0.9674175977706909
CINDER_COMPLEX,0725,539,449,37.02438495217006,-118.27206286360301,0.9278261065483093
CINDER_COMPLEX,0725,519,448,37.02978008790725,-118.27240077708818,0.9388231635093689
CINDER_COMPLEX,0725,540,464,37.0241151953832,-118.26699416132537,0.9755661487579346
CINDER_COMPLEX,0725,469,539,37.04326792725023,-118.24165064993716,0.8997395634651184
CINDER_COMPLEX,0725,607,460,37.00604149066362,-118.26834581526607,0.9954363107681274
CINDER_COMPLEX,0725,525,449,37.028161547186095,-118.27206286360301,0.9209408760070801
CINDER_COMPLEX,0725,493,487,37.0367937643656,-118.25922215116631,0.8200733661651611
CINDER_COMPLEX,0725,550,568,37.02141762751461,-118.23185115886704,0.524986743927002
CINDER_COMPLEX,0725,578,556,37.013864437482546,-118.23590612068917,0.9243577718734741
CINDER_COMPLEX,0725,587,559,37.01143662640081,-118.23489238023363,0.5828104019165039
CINDER_COMPLEX,0725,590,484,37.01062735604023,-118.26023589162185,0.8495956063270569
CINDER_COMPLEX,0725,452,538,37.04785379262684,-118.24198856342234,0.8353182077407837
CINDER_COMPLEX,0725,541,564,37.02384543859635,-118.23320281280776,0.5556175708770752
CINDER_COMPLEX,0725,474,523,37.04191914331593,-118.24705726569998,0.9135040640830994
CINDER_COMPLEX,0725,572,474,37.0154829782037,-118.2636150264736,0.972885251045227
CINDER_COMPLEX,0725,583,450,37.01251565354824,-118.27172495011783,0.9811742305755615
CINDER_COMPLEX,0725,493,449,37.0367937643656,-118.27206286360301,0.9727705717086792
CINDER_COMPLEX,0725,535,486,37.0254639793175,-118.2595600646515,0.9729923009872437
CINDER_COMPLEX,0725,495,529,37.03625425079188,-118.24502978478893,0.9172442555427551
CINDER_COMPLEX,0725,531,470,37.02654300646494,-118.2649666804143,0.9735504984855652
CINDER_COMPLEX,0725,582,482,37.012785410335105,-118.2609117185922,0.9527879357337952
CINDER_COMPLEX,0725,510,475,37.032207898988986,-118.26327711298843,0.9585764408111572
CINDER_COMPLEX,0725,451,524,37.048123549413695,-118.2467193522148,0.9151889681816101
CINDER_COMPLEX,0725,568,440,37.01656200535114,-118.2751040849696,0.9277203679084778
CINDER_COMPLEX,0725,431,523,37.053518685150884,-118.24705726569998,0.8538851141929626
CINDER_COMPLEX,0725,508,490,37.032747412562706,-118.2582084107108,0.9716381430625916
CINDER_COMPLEX,0725,498,480,37.0354449804313,-118.26158754556255,0.965227484703064
CINDER_COMPLEX,0725,560,532,37.018720059646014,-118.24401604433339,0.9494693279266357
CINDER_COMPLEX,0725,547,564,37.022226897875186,-118.23320281280776,0.7905356287956238
CINDER_COMPLEX,0725,579,484,37.01359468069568,-118.26023589162185,0.9015662670135498
CINDER_COMPLEX,0725,545,455,37.022766411448906,-118.27003538269196,0.9603174924850464
CINDER_COMPLEX,0725,422,522,37.05594649623262,-118.24739517918515,0.7176051735877991
CINDER_COMPLEX,0725,497,479,37.03571473721816,-118.26192545904773,0.9675596356391907
CINDER_COMPLEX,0725,560,557,37.018720059646014,-118.23556820720398,0.9296499490737915
CINDER_COMPLEX,0725,533,560,37.02600349289122,-118.23455446674846,0.8149604797363281
CINDER_COMPLEX,0725,438,521,37.05163038764287,-118.24773309267033,0.6890829205513
CINDER_COMPLEX,0725,549,437,37.021687384301465,-118.27611782542512,0.8989837169647217
CINDER_COMPLEX,0725,480,537,37.04030060259477,-118.24232647690751,0.8031054735183716
CINDER_COMPLEX,0725,551,487,37.021147870727745,-118.25922215116631,0.9726547598838806
CINDER_COMPLEX,0725,480,521,37.04030060259477,-118.24773309267033,0.9585878252983093
CINDER_COMPLEX,0725,511,551,37.03193814220213,-118.23759568811505,0.5099014639854431
CINDER_COMPLEX,0725,511,470,37.03193814220213,-118.2649666804143,0.9705873131752014
CINDER_COMPLEX,0725,528,547,37.02735227682552,-118.23894734205575,0.8300456404685974
CINDER_COMPLEX,0725,549,466,37.021687384301465,-118.26631833435502,0.9742529392242432
CINDER_COMPLEX,0725,556,451,37.01979908679345,-118.27138703663266,0.9497259259223938
CINDER_COMPLEX,0725,484,486,37.039221575447336,-118.2595600646515,0.5814524292945862
CINDER_COMPLEX,0725,512,530,37.031668385415266,-118.24469187130374,0.9260953068733215
CINDER_COMPLEX,0725,562,564,37.018180546072294,-118.23320281280776,0.8637567758560181
CINDER_COMPLEX,0725,526,456,37.02789179039924,-118.26969746920678,0.9592668414115906
CINDER_COMPLEX,0725,548,459,37.02195714108833,-118.26868372875124,0.9678567051887512
CINDER_COMPLEX,0725,549,559,37.021687384301465,-118.23489238023363,0.8873751163482666
CINDER_COMPLEX,0725,475,464,37.041649386529066,-118.26699416132537,0.9151220321655273
CINDER_COMPLEX,0725,472,464,37.04245865688965,-118.26699416132537,0.868373453617096
CINDER_COMPLEX,0725,582,458,37.012785410335105,-118.26902164223642,0.9906385540962219
CINDER_COMPLEX,0725,570,509,37.01602249177742,-118.25178805449244,0.5101363658905029
CINDER_COMPLEX,0725,452,535,37.04785379262684,-118.24300230387786,0.7799007892608643
CINDER_COMPLEX,0725,533,485,37.02600349289122,-118.25989797813666,0.9729094505310059
CINDER_COMPLEX,0725,586,465,37.011706383187665,-118.26665624784019,0.9945712089538574
CINDER_COMPLEX,0725,453,542,37.047584035839975,-118.24063690948162,0.5660701394081116
CINDER_COMPLEX,0725,553,559,37.02060835715403,-118.23489238023363,0.771925151348114
CINDER_COMPLEX,0725,576,458,37.01440395105626,-118.26902164223642,0.9888631701469421
CINDER_COMPLEX,0725,573,516,37.01521322141684,-118.24942266009622,0.8560999035835266
CINDER_COMPLEX,0725,559,451,37.01898981643287,-118.27138703663266,0.9498435854911804
CINDER_COMPLEX,0725,538,445,37.02465470895692,-118.27341451754371,0.889942467212677
CINDER_COMPLEX,0725,529,544,37.027082520038654,-118.23996108251127,0.8439885973930359
CINDER_COMPLEX,0725,455,453,37.047044522266255,-118.27071120966231,0.9126455783843994
CINDER_COMPLEX,0725,465,451,37.04434695439766,-118.27138703663266,0.9633868336677551
CINDER_COMPLEX,0725,582,486,37.012785410335105,-118.2595600646515,0.8298318982124329
CINDER_COMPLEX,0725,479,521,37.04057035938163,-118.24773309267033,0.9551413655281067
CINDER_COMPLEX,0725,507,472,37.03301716934956,-118.26429085344395,0.9243163466453552
CINDER_COMPLEX,0725,509,463,37.03247765577585,-118.26733207481054,0.9741334319114685
CINDER_COMPLEX,0725,527,551,37.027622033612374,-118.23759568811505,0.7141003608703613
CINDER_COMPLEX,0725,488,459,37.038142548299895,-118.26868372875124,0.9657715559005737
CINDER_COMPLEX,0725,566,538,37.017101518924854,-118.24198856342234,0.9722629189491272
CINDER_COMPLEX,0725,576,434,37.01440395105626,-118.27713156588065,0.8166438341140747
CINDER_COMPLEX,0725,521,453,37.029240574333535,-118.27071120966231,0.9547540545463562
CINDER_COMPLEX,0725,473,453,37.042188900102786,-118.27071120966231,0.9665539860725403
CINDER_COMPLEX,0725,511,479,37.03193814220213,-118.26192545904773,0.9714304804801941
CINDER_COMPLEX,0725,568,529,37.01656200535114,-118.24502978478893,0.8824346661567688
CINDER_COMPLEX,0725,480,534,37.04030060259477,-118.24334021736304,0.8837722539901733
CINDER_COMPLEX,0725,549,453,37.021687384301465,-118.27071120966231,0.9492952823638916
CINDER_COMPLEX,0725,589,439,37.01089711282709,-118.27544199845477,0.9387875199317932
CINDER_COMPLEX,0725,523,482,37.028701060759815,-118.2609117185922,0.9720426201820374
CINDER_COMPLEX,0725,585,536,37.01197613997453,-118.24266439039269,0.8822149038314819
CINDER_COMPLEX,0725,434,534,37.05270941479031,-118.24334021736304,0.8568338751792908
CINDER_COMPLEX,0725,586,519,37.011706383187665,-118.24840891964068,0.5434114336967468
CINDER_COMPLEX,0725,488,474,37.038142548299895,-118.2636150264736,0.8240696787834167
CINDER_COMPLEX,0725,572,485,37.0154829782037,-118.25989797813666,0.9610039591789246
CINDER_COMPLEX,0725,591,564,37.01035759925337,-118.23320281280776,0.5732659697532654
CINDER_COMPLEX,0725,524,471,37.02843130397295,-118.26462876692914,0.9721425771713257
CINDER_COMPLEX,0725,479,461,37.04057035938163,-118.26800790178089,0.963374137878418
CINDER_COMPLEX,0725,517,448,37.03031960148097,-118.27240077708818,0.947235643863678
CINDER_COMPLEX,0725,545,446,37.022766411448906,-118.27307660405853,0.9310454726219177
CINDER_COMPLEX,0725,568,539,37.01656200535114,-118.24165064993716,0.9462233781814575
CINDER_COMPLEX,0725,556,453,37.01979908679345,-118.27071120966231,0.9534831047058105
CINDER_COMPLEX,0725,589,546,37.01089711282709,-118.23928525554092,0.8982714414596558
CINDER_COMPLEX,0725,598,450,37.00846930174535,-118.27172495011783,0.9905706644058228
CINDER_COMPLEX,0725,460,461,37.04569573833196,-118.26800790178089,0.5624053478240967
CINDER_COMPLEX,0725,593,538,37.00981808567965,-118.24198856342234,0.5064851641654968
CINDER_COMPLEX,0725,562,440,37.018180546072294,-118.2751040849696,0.9300461411476135
CINDER_COMPLEX,0725,568,569,37.01656200535114,-118.23151324538188,0.7728163599967957
CINDER_COMPLEX,0725,572,437,37.0154829782037,-118.27611782542512,0.883991539478302
CINDER_COMPLEX,0725,600,448,37.00792978817164,-118.27240077708818,0.9905309677124023
CINDER_COMPLEX,0725,538,552,37.02465470895692,-118.23725777462987,0.9235300421714783
CINDER_COMPLEX,0725,558,547,37.019259573219735,-118.23894734205575,0.9342332482337952
CINDER_COMPLEX,0725,435,531,37.05243965800345,-118.24435395781856,0.936103105545044
CINDER_COMPLEX,0725,586,485,37.011706383187665,-118.25989797813666,0.820313572883606
CINDER_COMPLEX,0725,442,523,37.05055136049543,-118.24705726569998,0.8904052376747131
CINDER_COMPLEX,0725,585,532,37.01197613997453,-118.24401604433339,0.7791774868965149
CINDER_COMPLEX,0725,486,469,37.038682061873615,-118.26530459389949,0.8998718857765198
CINDER_COMPLEX,0725,594,472,37.00954832889279,-118.26429085344395,0.9951877593994141
CINDER_COMPLEX,0725,558,456,37.019259573219735,-118.26969746920678,0.9644672274589539
CINDER_COMPLEX,0725,594,476,37.00954832889279,-118.26293919950325,0.9920066595077515
CINDER_COMPLEX,0725,513,476,37.03139862862841,-118.26293919950325,0.9476437568664551
CINDER_COMPLEX,0725,496,467,37.03598449400502,-118.26598042086984,0.9632201194763184
CINDER_COMPLEX,0725,522,458,37.02897081754667,-118.26902164223642,0.9705091714859009
CINDER_COMPLEX,0725,494,455,37.03652400757874,-118.27003538269196,0.9722940921783447
CINDER_COMPLEX,0725,457,456,37.04650500869254,-118.26969746920678,0.8885574340820312
CINDER_COMPLEX,0725,504,480,37.03382643971015,-118.26158754556255,0.9720185995101929
CINDER_COMPLEX,0725,437,523,37.05190014442973,-118.24705726569998,0.8890076279640198
CINDER_COMPLEX,0725,571,474,37.015752734990556,-118.2636150264736,0.9732465147972107
CINDER_COMPLEX,0725,512,484,37.031668385415266,-118.26023589162185,0.9705247282981873
CINDER_COMPLEX,0725,498,497,37.0354449804313,-118.25584301631456,0.9485413432121277
CINDER_COMPLEX,0725,484,461,37.039221575447336,-118.26800790178089,0.9661865234375
CINDER_COMPLEX,0725,546,444,37.02249665466205,-118.2737524310289,0.9246479272842407
CINDER_COMPLEX,0725,458,456,37.04623525190568,-118.26969746920678,0.8968151211738586
CINDER_COMPLEX,0725,459,540,37.04596549511882,-118.24131273645199,0.8334764838218689
CINDER_COMPLEX,0725,580,433,37.013324923908826,-118.27746947936583,0.835192084312439
CINDER_COMPLEX,0725,458,529,37.04623525190568,-118.24502978478893,0.9284131526947021
CINDER_COMPLEX,0725,603,452,37.00712051781105,-118.27104912314748,0.9929200410842896
CINDER_COMPLEX,0725,585,458,37.01197613997453,-118.26902164223642,0.9921084046363831
CINDER_COMPLEX,0725,524,532,37.02843130397295,-118.24401604433339,0.9633755683898926
CINDER_COMPLEX,0725,499,449,37.035175223644444,-118.27206286360301,0.9732173681259155
CINDER_COMPLEX,0725,440,535,37.05109087406915,-118.24300230387786,0.9295556545257568
CINDER_COMPLEX,0725,494,525,37.03652400757874,-118.24638143872963,0.9538694620132446
CINDER_COMPLEX,0725,573,521,37.01521322141684,-118.24773309267033,0.7102253437042236
CINDER_COMPLEX,0725,541,466,37.02384543859635,-118.26631833435502,0.9765221476554871
CINDER_COMPLEX,0725,559,537,37.01898981643287,-118.24232647690751,0.9446974992752075
CINDER_COMPLEX,0725,453,524,37.047584035839975,-118.2467193522148,0.8990897536277771
CINDER_COMPLEX,0725,495,469,37.03625425079188,-118.26530459389949,0.9640470147132874
CINDER_COMPLEX,0725,501,479,37.034635710070724,-118.26192545904773,0.9700722098350525
CINDER_COMPLEX,0725,585,459,37.01197613997453,-118.26868372875124,0.9928045272827148
CINDER_COMPLEX,0725,574,486,37.01494346462998,-118.2595600646515,0.9602903127670288
CINDER_COMPLEX,0725,505,462,37.03355668292328,-118.26766998829572,0.9736440777778625
CINDER_COMPLEX,0725,494,480,37.03652400757874,-118.26158754556255,0.9398918747901917
CINDER_COMPLEX,0725,528,549,37.02735227682552,-118.2382715150854,0.8611751794815063
CINDER_COMPLEX,0725,549,448,37.021687384301465,-118.27240077708818,0.940160870552063
CINDER_COMPLEX,0725,516,460,37.03058935826783,-118.26834581526607,0.9748488068580627
CINDER_COMPLEX,0725,590,555,37.01062735604023,-118.23624403417433,0.8699260354042053
CINDER_COMPLEX,0725,512,469,37.031668385415266,-118.26530459389949,0.9722100496292114
CINDER_COMPLEX,0725,564,536,37.017641032498574,-118.24266439039269,0.9130198955535889
CINDER_COMPLEX,0725,452,537,37.04785379262684,-118.24232647690751,0.6279614567756653
CINDER_COMPLEX,0725,426,527,37.05486746908518,-118.24570561175928,0.5599565505981445
CINDER_COMPLEX,0725,524,483,37.02843130397295,-118.26057380510701,0.9719536900520325
CINDER_COMPLEX,0725,566,452,37.017101518924854,-118.27104912314748,0.9681265950202942
CINDER_COMPLEX,0725,464,454,37.044616711184524,-118.27037329617713,0.940034806728363
CINDER_COMPLEX,0725,462,458,37.045156224758244,-118.26902164223642,0.8433981537818909
CINDER_COMPLEX,0725,509,487,37.03247765577585,-118.25922215116631,0.9741075038909912
CINDER_COMPLEX,0725,555,563,37.02006884358031,-118.23354072629293,0.8802432417869568
CINDER_COMPLEX,0725,445,533,37.04974209013485,-118.24367813084821,0.8586702942848206
CINDER_COMPLEX,0725,571,433,37.015752734990556,-118.27746947936583,0.8234653472900391
CINDER_COMPLEX,0725,527,548,37.027622033612374,-118.23860942857057,0.7532649636268616
CINDER_COMPLEX,0725,588,540,37.011166869613945,-118.24131273645199,0.8946982622146606
CINDER_COMPLEX,0725,554,482,37.02033860036717,-118.2609117185922,0.9860363006591797
CINDER_COMPLEX,0725,560,519,37.018720059646014,-118.24840891964068,0.7894245982170105
CINDER_COMPLEX,0725,595,460,37.009278572105934,-118.26834581526607,0.9961968660354614
CINDER_COMPLEX,0725,559,543,37.01898981643287,-118.24029899599645,0.9460602402687073
CINDER_COMPLEX,0725,521,472,37.029240574333535,-118.26429085344395,0.9725551009178162
CINDER_COMPLEX,0725,583,540,37.01251565354824,-118.24131273645199,0.9368575215339661
CINDER_COMPLEX,0725,519,451,37.02978008790725,-118.27138703663266,0.9510706663131714
CINDER_COMPLEX,0725,560,550,37.018720059646014,-118.23793360160022,0.9452898502349854
CINDER_COMPLEX,0725,454,540,37.04731427905312,-118.24131273645199,0.6282523274421692
CINDER_COMPLEX,0725,510,541,37.032207898988986,-118.2409748229668,0.9428200721740723
CINDER_COMPLEX,0725,600,558,37.00792978817164,-118.23523029371881,0.5971038341522217
CINDER_COMPLEX,0725,574,500,37.01494346462998,-118.25482927585902,0.5266854763031006
CINDER_COMPLEX,0725,507,484,37.03301716934956,-118.26023589162185,0.9679124355316162
CINDER_COMPLEX,0725,524,445,37.02843130397295,-118.27341451754371,0.8809138536453247
CINDER_COMPLEX,0725,564,537,37.017641032498574,-118.24232647690751,0.941676914691925
CINDER_COMPLEX,0725,578,455,37.013864437482546,-118.27003538269196,0.9894464612007141
CINDER_COMPLEX,0725,567,572,37.016831762138,-118.23049950492634,0.8711721897125244
CINDER_COMPLEX,0725,499,548,37.035175223644444,-118.23860942857057,0.7160714864730835
CINDER_COMPLEX,0725,609,457,37.0055019770899,-118.2693595557216,0.9949311017990112
CINDER_COMPLEX,0725,515,536,37.03085911505469,-118.24266439039269,0.902595579624176
CINDER_COMPLEX,0725,577,546,37.0141341942694,-118.23928525554092,0.9720718264579773
CINDER_COMPLEX,0725,515,458,37.03085911505469,-118.26902164223642,0.9747955203056335
CINDER_COMPLEX,0725,469,540,37.04326792725023,-118.24131273645199,0.8709133267402649
CINDER_COMPLEX,0725,469,462,37.04326792725023,-118.26766998829572,0.8409462571144104
CINDER_COMPLEX,0725,538,545,37.02465470895692,-118.2396231690261,0.9322159886360168
CINDER_COMPLEX,0725,532,552,37.02627324967808,-118.23725777462987,0.9165328741073608
CINDER_COMPLEX,0725,610,482,37.00523222030304,-118.2609117185922,0.5500587821006775
CINDER_COMPLEX,0725,570,432,37.01602249177742,-118.277807392851,0.8183795213699341
CINDER_COMPLEX,0725,586,557,37.011706383187665,-118.23556820720398,0.6527041792869568
CINDER_COMPLEX,0725,534,479,37.02573373610436,-118.26192545904773,0.972449779510498
CINDER_COMPLEX,0725,552,566,37.02087811394089,-118.2325269858374,0.5206225514411926
CINDER_COMPLEX,0725,500,492,37.03490546685758,-118.25753258374044,0.9519097208976746
CINDER_COMPLEX,0725,562,479,37.018180546072294,-118.26192545904773,0.9881640076637268
CINDER_COMPLEX,0725,516,549,37.03058935826783,-118.2382715150854,0.8253383040428162
CINDER_COMPLEX,0725,566,537,37.017101518924854,-118.24232647690751,0.9619159698486328
CINDER_COMPLEX,0725,539,464,37.02438495217006,-118.26699416132537,0.9751138091087341
CINDER_COMPLEX,0725,496,524,37.03598449400502,-118.2467193522148,0.8861569166183472
CINDER_COMPLEX,0725,541,562,37.02384543859635,-118.23387863977811,0.5913988947868347
CINDER_COMPLEX,0725,538,550,37.02465470895692,-118.23793360160022,0.9403864145278931
CINDER_COMPLEX,0725,556,441,37.01979908679345,-118.27476617148442,0.9335718750953674
CINDER_COMPLEX,0725,614,465,37.0041531931556,-118.26665624784019,0.9839328527450562
CINDER_COMPLEX,0725,535,453,37.0254639793175,-118.27071120966231,0.9353926777839661
CINDER_COMPLEX,0725,573,435,37.01521322141684,-118.27679365239547,0.8557478189468384
CINDER_COMPLEX,0725,501,455,37.034635710070724,-118.27003538269196,0.9746764302253723
CINDER_COMPLEX,0725,582,470,37.012785410335105,-118.2649666804143,0.9930471777915955
CINDER_COMPLEX,0725,577,488,37.0141341942694,-118.25888423768114,0.7798527479171753
CINDER_COMPLEX,0725,559,568,37.01898981643287,-118.23185115886704,0.7993404865264893
CINDER_COMPLEX,0725,561,486,37.01845030285915,-118.2595600646515,0.9730867147445679
CINDER_COMPLEX,0725,498,494,37.0354449804313,-118.25685675677008,0.9150280952453613
CINDER_COMPLEX,0725,504,524,37.03382643971015,-118.2467193522148,0.9401698708534241
CINDER_COMPLEX,0725,508,442,37.032747412562706,-118.27442825799925,0.9620662927627563
CINDER_COMPLEX,0725,539,479,37.02438495217006,-118.26192545904773,0.9740505218505859
CINDER_COMPLEX,0725,472,460,37.04245865688965,-118.26834581526607,0.936523973941803
CINDER_COMPLEX,0725,582,475,37.012785410335105,-118.26327711298843,0.9914300441741943
CINDER_COMPLEX,0725,533,475,37.02600349289122,-118.26327711298843,0.9726952910423279
CINDER_COMPLEX,0725,492,541,37.037063521152454,-118.2409748229668,0.7558026313781738
CINDER_COMPLEX,0725,557,476,37.01952933000659,-118.26293919950325,0.9782902598381042
CINDER_COMPLEX,0725,499,472,37.035175223644444,-118.26429085344395,0.9588978290557861
CINDER_COMPLEX,0725,490,543,37.037603034726175,-118.24029899599645,0.610791802406311
CINDER_COMPLEX,0725,535,550,37.0254639793175,-118.23793360160022,0.9004966616630554
CINDER_COMPLEX,0725,562,565,37.018180546072294,-118.23286489932258,0.808451771736145
CINDER_COMPLEX,0725,542,442,37.02357568180948,-118.27442825799925,0.9088273644447327
CINDER_COMPLEX,0725,488,525,37.038142548299895,-118.24638143872963,0.9491492509841919
CINDER_COMPLEX,0725,505,464,37.03355668292328,-118.26699416132537,0.9735655784606934
CINDER_COMPLEX,0725,590,457,37.01062735604023,-118.2693595557216,0.9939372539520264
CINDER_COMPLEX,0725,570,477,37.01602249177742,-118.26260128601808,0.986636221408844
CINDER_COMPLEX,0725,496,541,37.03598449400502,-118.2409748229668,0.7405184507369995
CINDER_COMPLEX,0725,560,568,37.018720059646014,-118.23185115886704,0.7906838655471802
CINDER_COMPLEX,0725,590,545,37.01062735604023,-118.2396231690261,0.876690149307251
CINDER_COMPLEX,0725,463,539,37.04488646797138,-118.24165064993716,0.8696474432945251
CINDER_COMPLEX,0725,540,563,37.0241151953832,-118.23354072629293,0.5442340970039368
CINDER_COMPLEX,0725,482,518,37.03976108902105,-118.24874683312585,0.9347756505012512
CINDER_COMPLEX,0725,559,455,37.01898981643287,-118.27003538269196,0.9628643989562988
CINDER_COMPLEX,0725,510,520,37.032207898988986,-118.2480710061555,0.9750514626502991
CINDER_COMPLEX,0725,513,547,37.03139862862841,-118.23894734205575,0.856251060962677
CINDER_COMPLEX,0725,488,449,37.038142548299895,-118.27206286360301,0.9721700549125671
CINDER_COMPLEX,0725,547,487,37.022226897875186,-118.25922215116631,0.9664129018783569
CINDER_COMPLEX,0725,581,539,37.01305516712196,-118.24165064993716,0.9581013321876526
CINDER_COMPLEX,0725,583,565,37.01251565354824,-118.23286489932258,0.6340740323066711
CINDER_COMPLEX,0725,540,548,37.0241151953832,-118.23860942857057,0.9403420686721802
CINDER_COMPLEX,0725,529,553,37.027082520038654,-118.2369198611447,0.8008779883384705
CINDER_COMPLEX,0725,503,523,37.034096196497,-118.24705726569998,0.9303938150405884
CINDER_COMPLEX,0725,583,541,37.01251565354824,-118.2409748229668,0.948230504989624
CINDER_COMPLEX,0725,505,478,37.03355668292328,-118.2622633725329,0.9726480841636658
CINDER_COMPLEX,0725,538,463,37.02465470895692,-118.26733207481054,0.9771250486373901
CINDER_COMPLEX,0725,477,531,37.041109872955346,-118.24435395781856,0.935512125492096
CINDER_COMPLEX,0725,463,450,37.04488646797138,-118.27172495011783,0.9643810987472534
CINDER_COMPLEX,0725,516,515,37.03058935826783,-118.24976057358138,0.9828065633773804
CINDER_COMPLEX,0725,502,537,37.03436595328386,-118.24232647690751,0.9277430176734924
CINDER_COMPLEX,0725,541,473,37.02384543859635,-118.26395293995878,0.9745509624481201
CINDER_COMPLEX,0725,495,475,37.03625425079188,-118.26327711298843,0.9540726542472839
CINDER_COMPLEX,0725,529,490,37.027082520038654,-118.2582084107108,0.9726190567016602
CINDER_COMPLEX,0725,496,446,37.03598449400502,-118.27307660405853,0.9722667932510376
CINDER_COMPLEX,0725,534,459,37.02573373610436,-118.26868372875124,0.971931517124176
CINDER_COMPLEX,0725,559,483,37.01898981643287,-118.26057380510701,0.9819701910018921
CINDER_COMPLEX,0725,460,529,37.04569573833196,-118.24502978478893,0.909142255783081
CINDER_COMPLEX,0725,544,560,37.02303616823576,-118.23455446674846,0.8841818571090698
CINDER_COMPLEX,0725,612,464,37.00469270672932,-118.26699416132537,0.9904428124427795
CINDER_COMPLEX,0725,565,562,37.01737127571172,-118.23387863977811,0.9254136085510254
CINDER_COMPLEX,0725,498,477,37.0354449804313,-118.26260128601808,0.9574409127235413
CINDER_COMPLEX,0725,593,446,37.00981808567965,-118.27307660405853,0.9823886752128601
CINDER_COMPLEX,0725,555,446,37.02006884358031,-118.27307660405853,0.9410442113876343
CINDER_COMPLEX,0725,497,449,37.03571473721816,-118.27206286360301,0.9732081294059753
CINDER_COMPLEX,0725,514,481,37.031128871841545,-118.26124963207738,0.963830828666687
CINDER_COMPLEX,0725,603,548,37.00712051781105,-118.23860942857057,0.8554739952087402
CINDER_COMPLEX,0725,505,479,37.03355668292328,-118.26192545904773,0.9710795879364014
CINDER_COMPLEX,0725,550,484,37.02141762751461,-118.26023589162185,0.9733703136444092
CINDER_COMPLEX,0725,516,543,37.03058935826783,-118.24029899599645,0.9216276407241821
CINDER_COMPLEX,0725,497,527,37.03571473721816,-118.24570561175928,0.8036698698997498
CINDER_COMPLEX,0725,592,440,37.01008784246651,-118.2751040849696,0.9592607021331787
CINDER_COMPLEX,0725,574,456,37.01494346462998,-118.26969746920678,0.9870947599411011
CINDER_COMPLEX,0725,505,522,37.03355668292328,-118.24739517918515,0.9342651963233948
CINDER_COMPLEX,0725,513,515,37.03139862862841,-118.24976057358138,0.9851152300834656
CINDER_COMPLEX,0725,552,483,37.02087811394089,-118.26057380510701,0.9758579730987549
CINDER_COMPLEX,0725,577,529,37.0141341942694,-118.24502978478893,0.6821622848510742
CINDER_COMPLEX,0725,560,450,37.018720059646014,-118.27172495011783,0.9473766088485718
CINDER_COMPLEX,0725,565,540,37.01737127571172,-118.24131273645199,0.9537351131439209
CINDER_COMPLEX,0725,600,480,37.00792978817164,-118.26158754556255,0.7296558618545532
CINDER_COMPLEX,0725,520,524,37.02951033112039,-118.2467193522148,0.9787209630012512
CINDER_COMPLEX,0725,535,464,37.0254639793175,-118.26699416132537,0.9749774932861328
CINDER_COMPLEX,0725,539,439,37.02438495217006,-118.27544199845477,0.8814685940742493
CINDER_COMPLEX,0725,506,549,37.03328692613643,-118.2382715150854,0.520980179309845
CINDER_COMPLEX,0725,517,457,37.03031960148097,-118.2693595557216,0.9720672369003296
CINDER_COMPLEX,0725,467,543,37.04380744082395,-118.24029899599645,0.5717101693153381
CINDER_COMPLEX,0725,566,544,37.017101518924854,-118.23996108251127,0.9731308221817017
CINDER_COMPLEX,0725,519,537,37.02978008790725,-118.24232647690751,0.9589196443557739
CINDER_COMPLEX,0725,469,460,37.04326792725023,-118.26834581526607,0.9039297699928284
CINDER_COMPLEX,0725,576,466,37.01440395105626,-118.26631833435502,0.9896548390388489
CINDER_COMPLEX,0725,465,521,37.04434695439766,-118.24773309267033,0.9063857793807983
CINDER_COMPLEX,0725,543,480,37.023305925022626,-118.26158754556255,0.9717475175857544
CINDER_COMPLEX,0725,476,529,37.04137962974221,-118.24502978478893,0.9386638402938843
CINDER_COMPLEX,0725,531,559,37.02654300646494,-118.23489238023363,0.8239113688468933
CINDER_COMPLEX,0725,546,464,37.02249665466205,-118.26699416132537,0.9756222367286682
CINDER_COMPLEX,0725,551,435,37.021147870727745,-118.27679365239547,0.8693615794181824
CINDER_COMPLEX,0725,457,457,37.04650500869254,-118.2693595557216,0.7920083999633789
CINDER_COMPLEX,0725,564,564,37.017641032498574,-118.23320281280776,0.833146333694458
CINDER_COMPLEX,0725,595,463,37.009278572105934,-118.26733207481054,0.9965534806251526
CINDER_COMPLEX,0725,577,465,37.0141341942694,-118.26665624784019,0.9931037425994873
CINDER_COMPLEX,0725,568,566,37.01656200535114,-118.2325269858374,0.8090763092041016
CINDER_COMPLEX,0725,442,527,37.05055136049543,-118.24570561175928,0.9425714612007141
CINDER_COMPLEX,0725,530,468,37.0268127632518,-118.26564250738467,0.9738696813583374
CINDER_COMPLEX,0725,572,438,37.0154829782037,-118.27577991193995,0.8966107368469238
CINDER_COMPLEX,0725,515,517,37.03085911505469,-118.24908474661103,0.9796174168586731
CINDER_COMPLEX,0725,425,527,37.055137225872045,-118.24570561175928,0.602103054523468
CINDER_COMPLEX,0725,502,482,37.03436595328386,-118.2609117185922,0.970480740070343
CINDER_COMPLEX,0725,510,536,37.032207898988986,-118.24266439039269,0.9549689292907715
CINDER_COMPLEX,0725,451,455,37.048123549413695,-118.27003538269196,0.747859537601471
CINDER_COMPLEX,0725,493,495,37.0367937643656,-118.25651884328491,0.8327481150627136
CINDER_COMPLEX,0725,561,553,37.01845030285915,-118.2369198611447,0.952002227306366
CINDER_COMPLEX,0725,550,562,37.02141762751461,-118.23387863977811,0.8516948223114014
CINDER_COMPLEX,0725,572,454,37.0154829782037,-118.27037329617713,0.980691134929657
CINDER_COMPLEX,0725,597,553,37.008739058532214,-118.2369198611447,0.8687768578529358
CINDER_COMPLEX,0725,524,446,37.02843130397295,-118.27307660405853,0.8869491815567017
CINDER_COMPLEX,0725,579,481,37.01359468069568,-118.26124963207738,0.9445241689682007
CINDER_COMPLEX,0725,435,524,37.05243965800345,-118.2467193522148,0.8672672510147095
CINDER_COMPLEX,0725,449,531,37.048663062987416,-118.24435395781856,0.9258422255516052
CINDER_COMPLEX,0725,485,458,37.03895181866047,-118.26902164223642,0.9688391089439392
CINDER_COMPLEX,0725,581,465,37.01305516712196,-118.26665624784019,0.9946392774581909
CINDER_COMPLEX,0725,585,520,37.01197613997453,-118.2480710061555,0.5996357202529907
CINDER_COMPLEX,0725,574,557,37.01494346462998,-118.23556820720398,0.9416138529777527
CINDER_COMPLEX,0725,568,528,37.01656200535114,-118.2453676982741,0.8076507449150085
CINDER_COMPLEX,0725,561,528,37.01845030285915,-118.2453676982741,0.8269273638725281
CINDER_COMPLEX,0725,530,475,37.0268127632518,-118.26327711298843,0.9724162220954895
CINDER_COMPLEX,0725,589,437,37.01089711282709,-118.27611782542512,0.9258387088775635
CINDER_COMPLEX,0725,563,467,37.01791078928544,-118.26598042086984,0.9796742796897888
CINDER_COMPLEX,0725,562,447,37.018180546072294,-118.27273869057336,0.9445570111274719
CINDER_COMPLEX,0725,561,571,37.01845030285915,-118.23083741841153,0.6980799436569214
CINDER_COMPLEX,0725,525,532,37.028161547186095,-118.24401604433339,0.9162676334381104
CINDER_COMPLEX,0725,598,460,37.00846930174535,-118.26834581526607,0.996568500995636
CINDER_COMPLEX,0725,510,515,37.032207898988986,-118.24976057358138,0.983889102935791
CINDER_COMPLEX,0725,420,526,37.05648600980634,-118.24604352524445,0.548791766166687
CINDER_COMPLEX,0725,593,549,37.00981808567965,-118.2382715150854,0.8868765830993652
CINDER_COMPLEX,0725,492,470,37.037063521152454,-118.2649666804143,0.9344311356544495
CINDER_COMPLEX,0725,464,546,37.044616711184524,-118.23928525554092,0.6151108145713806
CINDER_COMPLEX,0725,559,536,37.01898981643287,-118.24266439039269,0.9165807366371155
CINDER_COMPLEX,0725,567,449,37.016831762138,-118.27206286360301,0.9660081267356873
CINDER_COMPLEX,0725,467,532,37.04380744082395,-118.24401604433339,0.9390096068382263
CINDER_COMPLEX,0725,593,439,37.00981808567965,-118.27544199845477,0.9668135643005371
CINDER_COMPLEX,0725,537,445,37.02492446574378,-118.27341451754371,0.8895260095596313
CINDER_COMPLEX,0725,614,467,37.0041531931556,-118.26598042086984,0.9809757471084595
CINDER_COMPLEX,0725,576,438,37.01440395105626,-118.27577991193995,0.8953511714935303
CINDER_COMPLEX,0725,461,523,37.0454259815451,-118.24705726569998,0.9191160202026367
CINDER_COMPLEX,0725,566,519,37.017101518924854,-118.24840891964068,0.5008282661437988
CINDER_COMPLEX,0725,488,529,37.038142548299895,-118.24502978478893,0.8834596872329712
CINDER_COMPLEX,0725,574,531,37.01494346462998,-118.24435395781856,0.920769453048706
CINDER_COMPLEX,0725,549,489,37.021687384301465,-118.25854632419596,0.9790695309638977
CINDER_COMPLEX,0725,508,515,37.032747412562706,-118.24976057358138,0.9831278324127197
CINDER_COMPLEX,0725,507,487,37.03301716934956,-118.25922215116631,0.9697971940040588
CINDER_COMPLEX,0725,585,454,37.01197613997453,-118.27037329617713,0.9901553392410278
CINDER_COMPLEX,0725,467,459,37.04380744082395,-118.26868372875124,0.9147242903709412
CINDER_COMPLEX,0725,533,467,37.02600349289122,-118.26598042086984,0.97555011510849
CINDER_COMPLEX,0725,520,551,37.02951033112039,-118.23759568811505,0.6288928985595703
CINDER_COMPLEX,0725,541,561,37.02384543859635,-118.23421655326328,0.7857726216316223
CINDER_COMPLEX,0725,533,545,37.02600349289122,-118.2396231690261,0.8935306668281555
CINDER_COMPLEX,0725,553,447,37.02060835715403,-118.27273869057336,0.9420591592788696
CINDER_COMPLEX,0725,543,473,37.023305925022626,-118.26395293995878,0.974129319190979
CINDER_COMPLEX,0725,559,477,37.01898981643287,-118.26260128601808,0.982466995716095
CINDER_COMPLEX,0725,552,550,37.02087811394089,-118.23793360160022,0.939826488494873
CINDER_COMPLEX,0725,470,524,37.04299817046336,-118.2467193522148,0.9166203737258911
CINDER_COMPLEX,0725,563,464,37.01791078928544,-118.26699416132537,0.9811923503875732
CINDER_COMPLEX,0725,494,537,37.03652400757874,-118.24232647690751,0.764803409576416
CINDER_COMPLEX,0725,466,541,37.044077197610804,-118.2409748229668,0.8320810198783875
CINDER_COMPLEX,0725,448,521,37.04893281977427,-118.24773309267033,0.8587527871131897
CINDER_COMPLEX,0725,478,541,37.04084011616849,-118.2409748229668,0.7499712705612183
CINDER_COMPLEX,0725,570,551,37.01602249177742,-118.23759568811505,0.9356290102005005
CINDER_COMPLEX,0725,557,537,37.01952933000659,-118.24232647690751,0.9216660261154175
CINDER_COMPLEX,0725,536,473,37.025194222530644,-118.26395293995878,0.9749044179916382
CINDER_COMPLEX,0725,525,548,37.028161547186095,-118.23860942857057,0.7478457689285278
CINDER_COMPLEX,0725,533,477,37.02600349289122,-118.26260128601808,0.9727380275726318
CINDER_COMPLEX,0725,519,549,37.02978008790725,-118.2382715150854,0.8061559796333313
CINDER_COMPLEX,0725,555,441,37.02006884358031,-118.27476617148442,0.9332261085510254
CINDER_COMPLEX,0725,562,522,37.018180546072294,-118.24739517918515,0.6327871680259705
CINDER_COMPLEX,0725,567,509,37.016831762138,-118.25178805449244,0.6523557901382446
CINDER_COMPLEX,0725,591,449,37.01035759925337,-118.27206286360301,0.9860754013061523
CINDER_COMPLEX,0725,475,465,37.041649386529066,-118.26665624784019,0.8991879820823669
CINDER_COMPLEX,0725,539,452,37.02438495217006,-118.27104912314748,0.9402891993522644
CINDER_COMPLEX,0725,531,483,37.02654300646494,-118.26057380510701,0.9726881384849548
CINDER_COMPLEX,0725,584,549,37.012245896761385,-118.2382715150854,0.9115657210350037
CINDER_COMPLEX,0725,573,481,37.01521322141684,-118.26124963207738,0.9741562604904175
CINDER_COMPLEX,0725,507,463,37.03301716934956,-118.26733207481054,0.9738495945930481
CINDER_COMPLEX,0725,551,454,37.021147870727745,-118.27037329617713,0.9530375003814697
CINDER_COMPLEX,0725,468,448,37.043537684037084,-118.27240077708818,0.9656221866607666
CINDER_COMPLEX,0725,497,525,37.03571473721816,-118.24638143872963,0.8979329466819763
CINDER_COMPLEX,0725,576,472,37.01440395105626,-118.26429085344395,0.9895851016044617
CINDER_COMPLEX,0725,540,435,37.0241151953832,-118.27679365239547,0.8629778027534485
CINDER_COMPLEX,0725,534,447,37.02573373610436,-118.27273869057336,0.8860436081886292
CINDER_COMPLEX,0725,538,440,37.02465470895692,-118.2751040849696,0.8787411451339722
CINDER_COMPLEX,0725,582,449,37.012785410335105,-118.27206286360301,0.9796611070632935
CINDER_COMPLEX,0725,459,512,37.04596549511882,-118.25077431403692,0.8355194330215454
CINDER_COMPLEX,0725,505,542,37.03355668292328,-118.24063690948162,0.8579762578010559
CINDER_COMPLEX,0725,543,440,37.023305925022626,-118.2751040849696,0.901261568069458
CINDER_COMPLEX,0725,554,567,37.02033860036717,-118.23218907235223,0.5631464719772339
CINDER_COMPLEX,0725,544,548,37.02303616823576,-118.23860942857057,0.9165133833885193
CINDER_COMPLEX,0725,553,548,37.02060835715403,-118.23860942857057,0.9095009565353394
CINDER_COMPLEX,0725,588,544,37.011166869613945,-118.23996108251127,0.91447913646698
CINDER_COMPLEX,0725,601,473,37.00766003138477,-118.26395293995878,0.9913778305053711
CINDER_COMPLEX,0725,540,554,37.0241151953832,-118.23658194765952,0.9181716442108154
CINDER_COMPLEX,0725,551,449,37.021147870727745,-118.27206286360301,0.9425610899925232
CINDER_COMPLEX,0725,439,534,37.05136063085601,-118.24334021736304,0.9207704067230225
CINDER_COMPLEX,0725,536,439,37.025194222530644,-118.27544199845477,0.8744240999221802
CINDER_COMPLEX,0725,526,491,37.02789179039924,-118.25787049722561,0.9722580313682556
CINDER_COMPLEX,0725,604,459,37.0068507610242,-118.26868372875124,0.9958807826042175
CINDER_COMPLEX,0725,486,482,37.038682061873615,-118.2609117185922,0.5338872671127319
CINDER_COMPLEX,0725,555,485,37.02006884358031,-118.25989797813666,0.9827033281326294
CINDER_COMPLEX,0725,547,466,37.022226897875186,-118.26631833435502,0.9720348715782166
CINDER_COMPLEX,0725,551,565,37.021147870727745,-118.23286489932258,0.6471286416053772
CINDER_COMPLEX,0725,496,491,37.03598449400502,-118.25787049722561,0.8765820860862732
CINDER_COMPLEX,0725,508,537,37.032747412562706,-118.24232647690751,0.9183915257453918
CINDER_COMPLEX,0725,572,432,37.0154829782037,-118.277807392851,0.8118937015533447
CINDER_COMPLEX,0725,587,448,37.01143662640081,-118.27240077708818,0.9809959530830383
CINDER_COMPLEX,0725,569,535,37.01629224856428,-118.24300230387786,0.9155785441398621
CINDER_COMPLEX,0725,446,531,37.04947233334799,-118.24435395781856,0.9022212028503418
CINDER_COMPLEX,0725,591,569,37.01035759925337,-118.23151324538188,0.5206815600395203
CINDER_COMPLEX,0725,562,483,37.018180546072294,-118.26057380510701,0.9821441769599915
CINDER_COMPLEX,0725,581,555,37.01305516712196,-118.23624403417433,0.9176715612411499
CINDER_COMPLEX,0725,484,460,37.039221575447336,-118.26834581526607,0.9679054021835327
CINDER_COMPLEX,0725,603,449,37.00712051781105,-118.27206286360301,0.9907671809196472
CINDER_COMPLEX,0725,575,491,37.01467370784312,-118.25787049722561,0.7136757373809814
CINDER_COMPLEX,0725,464,513,37.044616711184524,-118.25043640055173,0.8666884303092957
CINDER_COMPLEX,0725,543,442,37.023305925022626,-118.27442825799925,0.9086713790893555
CINDER_COMPLEX,0725,529,485,37.027082520038654,-118.25989797813666,0.9725859761238098
CINDER_COMPLEX,0725,604,542,37.0068507610242,-118.24063690948162,0.5545206069946289
CINDER_COMPLEX,0725,522,468,37.02897081754667,-118.26564250738467,0.97304767370224
CINDER_COMPLEX,0725,522,535,37.02897081754667,-118.24300230387786,0.8540478944778442
CINDER_COMPLEX,0725,474,532,37.04191914331593,-118.24401604433339,0.9345142245292664
CINDER_COMPLEX,0725,505,549,37.03355668292328,-118.2382715150854,0.5672028064727783
CINDER_COMPLEX,0725,504,536,37.03382643971015,-118.24266439039269,0.9147766828536987
CINDER_COMPLEX,0725,587,477,37.01143662640081,-118.26260128601808,0.9853480458259583
CINDER_COMPLEX,0725,537,438,37.02492446574378,-118.27577991193995,0.8743982911109924
CINDER_COMPLEX,0725,579,556,37.01359468069568,-118.23590612068917,0.907122790813446
CINDER_COMPLEX,0725,491,452,37.03733327793932,-118.27104912314748,0.9724843502044678
CINDER_COMPLEX,0725,547,485,37.022226897875186,-118.25989797813666,0.9703274965286255
CINDER_COMPLEX,0725,586,468,37.011706383187665,-118.26564250738467,0.996191680431366
CINDER_COMPLEX,0725,589,481,37.01089711282709,-118.26124963207738,0.9428444504737854
CINDER_COMPLEX,0725,560,529,37.018720059646014,-118.24502978478893,0.9149975180625916
CINDER_COMPLEX,0725,499,533,37.035175223644444,-118.24367813084821,0.865071177482605
CINDER_COMPLEX,0725,487,469,37.03841230508675,-118.26530459389949,0.9194476008415222
CINDER_COMPLEX,0725,578,446,37.013864437482546,-118.27307660405853,0.9687985181808472
CINDER_COMPLEX,0725,559,478,37.01898981643287,-118.2622633725329,0.9841374754905701
CINDER_COMPLEX,0725,556,447,37.01979908679345,-118.27273869057336,0.9427782297134399
CINDER_COMPLEX,0725,559,449,37.01898981643287,-118.27206286360301,0.9449414014816284
CINDER_COMPLEX,0725,434,533,37.05270941479031,-118.24367813084821,0.8541385531425476
CINDER_COMPLEX,0725,467,448,37.04380744082395,-118.27240077708818,0.9648821353912354
CINDER_COMPLEX,0725,598,548,37.00846930174535,-118.23860942857057,0.7747408747673035
CINDER_COMPLEX,0725,550,463,37.02141762751461,-118.26733207481054,0.9731007218360901
CINDER_COMPLEX,0725,559,533,37.01898981643287,-118.24367813084821,0.9373125433921814
CINDER_COMPLEX,0725,508,451,37.032747412562706,-118.27138703663266,0.9723655581474304
CINDER_COMPLEX,0725,561,484,37.01845030285915,-118.26023589162185,0.9756358861923218
CINDER_COMPLEX,0725,547,540,37.022226897875186,-118.24131273645199,0.9152587652206421
CINDER_COMPLEX,0725,560,457,37.018720059646014,-118.2693595557216,0.9700320959091187
CINDER_COMPLEX,0725,564,531,37.017641032498574,-118.24435395781856,0.9558186531066895
CINDER_COMPLEX,0725,536,479,37.025194222530644,-118.26192545904773,0.9735596776008606
CINDER_COMPLEX,0725,592,449,37.01008784246651,-118.27206286360301,0.9869280457496643
CINDER_COMPLEX,0725,442,524,37.05055136049543,-118.2467193522148,0.8916805386543274
CINDER_COMPLEX,0725,510,461,37.032207898988986,-118.26800790178089,0.974892258644104
CINDER_COMPLEX,0725,601,471,37.00766003138477,-118.26462876692914,0.9950610995292664
CINDER_COMPLEX,0725,542,553,37.02357568180948,-118.2369198611447,0.9005333781242371
CINDER_COMPLEX,0725,519,467,37.02978008790725,-118.26598042086984,0.9732974171638489
CINDER_COMPLEX,0725,520,533,37.02951033112039,-118.24367813084821,0.9534419775009155
CINDER_COMPLEX,0725,579,540,37.01359468069568,-118.24131273645199,0.9543490409851074
CINDER_COMPLEX,0725,491,533,37.03733327793932,-118.24367813084821,0.8347343802452087
CINDER_COMPLEX,0725,555,534,37.02006884358031,-118.24334021736304,0.8303195238113403
CINDER_COMPLEX,0725,519,547,37.02978008790725,-118.23894734205575,0.8829891085624695
CINDER_COMPLEX,0725,573,444,37.01521322141684,-118.2737524310289,0.9541416764259338
CINDER_COMPLEX,0725,533,478,37.02600349289122,-118.2622633725329,0.9725248217582703
CINDER_COMPLEX,0725,599,546,37.008199544958494,-118.23928525554092,0.6975134015083313
CINDER_COMPLEX,0725,546,554,37.02249665466205,-118.23658194765952,0.9155243039131165
CINDER_COMPLEX,0725,560,454,37.018720059646014,-118.27037329617713,0.9572995901107788
CINDER_COMPLEX,0725,564,445,37.017641032498574,-118.27341451754371,0.9460274577140808
CINDER_COMPLEX,0725,513,485,37.03139862862841,-118.25989797813666,0.9691317677497864
CINDER_COMPLEX,0725,564,524,37.017641032498574,-118.2467193522148,0.7084747552871704
CINDER_COMPLEX,0725,613,471,37.00442294994246,-118.26462876692914,0.9663541913032532
CINDER_COMPLEX,0725,519,488,37.02978008790725,-118.25888423768114,0.9721951484680176
CINDER_COMPLEX,0725,509,538,37.03247765577585,-118.24198856342234,0.9204113483428955
CINDER_COMPLEX,0725,452,539,37.04785379262684,-118.24165064993716,0.7957679033279419
CINDER_COMPLEX,0725,570,568,37.01602249177742,-118.23185115886704,0.7322045564651489
CINDER_COMPLEX,0725,565,534,37.01737127571172,-118.24334021736304,0.9708656072616577
CINDER_COMPLEX,0725,534,545,37.02573373610436,-118.2396231690261,0.8780343532562256
CINDER_COMPLEX,0725,590,568,37.01062735604023,-118.23185115886704,0.5329400300979614
CINDER_COMPLEX,0725,447,529,37.049202576561136,-118.24502978478893,0.9281107783317566
CINDER_COMPLEX,0725,572,563,37.0154829782037,-118.23354072629293,0.9217692613601685
CINDER_COMPLEX,0725,585,503,37.01197613997453,-118.2538155354035,0.6544144749641418
CINDER_COMPLEX,0725,577,553,37.0141341942694,-118.2369198611447,0.9355857968330383
CINDER_COMPLEX,0725,510,479,37.032207898988986,-118.26192545904773,0.9717876315116882
CINDER_COMPLEX,0725,539,443,37.02438495217006,-118.27409034451406,0.8910282850265503
CINDER_COMPLEX,0725,557,438,37.01952933000659,-118.27577991193995,0.9217243194580078
CINDER_COMPLEX,0725,484,469,37.039221575447336,-118.26530459389949,0.9308531284332275
CINDER_COMPLEX,0725,535,446,37.0254639793175,-118.27307660405853,0.8898663520812988
CINDER_COMPLEX,0725,574,543,37.01494346462998,-118.24029899599645,0.9739875793457031
CINDER_COMPLEX,0725,497,448,37.03571473721816,-118.27240077708818,0.9729219079017639
CINDER_COMPLEX,0725,540,541,37.0241151953832,-118.2409748229668,0.9162126183509827
CINDER_COMPLEX,0725,601,461,37.00766003138477,-118.26800790178089,0.9966997504234314
CINDER_COMPLEX,0725,485,524,37.03895181866047,-118.2467193522148,0.987659215927124
CINDER_COMPLEX,0725,511,476,37.03193814220213,-118.26293919950325,0.9462750554084778
CINDER_COMPLEX,0725,547,445,37.022226897875186,-118.27341451754371,0.9298348426818848
CINDER_COMPLEX,0725,567,445,37.016831762138,-118.27341451754371,0.9520171284675598
CINDER_COMPLEX,0725,577,431,37.0141341942694,-118.27814530633619,0.782027542591095
CINDER_COMPLEX,0725,481,481,37.04003084580791,-118.26124963207738,0.5250537395477295
CINDER_COMPLEX,0725,513,526,37.03139862862841,-118.24604352524445,0.951448380947113
CINDER_COMPLEX,0725,520,485,37.02951033112039,-118.25989797813666,0.9721091389656067
CINDER_COMPLEX,0725,572,489,37.0154829782037,-118.25854632419596,0.8279674053192139
CINDER_COMPLEX,0725,476,525,37.04137962974221,-118.24638143872963,0.9627735018730164
CINDER_COMPLEX,0725,569,569,37.01629224856428,-118.23151324538188,0.806181788444519
CINDER_COMPLEX,0725,531,451,37.02654300646494,-118.27138703663266,0.922893762588501
CINDER_COMPLEX,0725,545,485,37.022766411448906,-118.25989797813666,0.9706194400787354
CINDER_COMPLEX,0725,519,526,37.02978008790725,-118.24604352524445,0.9815002083778381
CINDER_COMPLEX,0725,574,534,37.01494346462998,-118.24334021736304,0.9524997472763062
CINDER_COMPLEX,0725,491,497,37.03733327793932,-118.25584301631456,0.8574544787406921
CINDER_COMPLEX,0725,512,470,37.031668385415266,-118.2649666804143,0.9703378081321716
CINDER_COMPLEX,0725,580,484,37.013324923908826,-118.26023589162185,0.926160454750061
CINDER_COMPLEX,0725,617,472,37.003343922795025,-118.26429085344395,0.9707973003387451
CINDER_COMPLEX,0725,518,484,37.03004984469411,-118.26023589162185,0.9723466634750366
CINDER_COMPLEX,0725,473,460,37.042188900102786,-118.26834581526607,0.9443050622940063
CINDER_COMPLEX,0725,503,541,37.034096196497,-118.2409748229668,0.9034050703048706
CINDER_COMPLEX,0725,537,544,37.02492446574378,-118.23996108251127,0.9078921675682068
CINDER_COMPLEX,0725,479,533,37.04057035938163,-118.24367813084821,0.9532178640365601
CINDER_COMPLEX,0725,454,457,37.04731427905312,-118.2693595557216,0.5751330256462097
CINDER_COMPLEX,0725,600,460,37.00792978817164,-118.26834581526607,0.9965097308158875
CINDER_COMPLEX,0725,542,459,37.02357568180948,-118.26868372875124,0.9710140228271484
CINDER_COMPLEX,0725,573,547,37.01521322141684,-118.23894734205575,0.9643340706825256
CINDER_COMPLEX,0725,570,524,37.01602249177742,-118.2467193522148,0.7117859721183777
CINDER_COMPLEX,0725,499,445,37.035175223644444,-118.27341451754371,0.972148597240448
CINDER_COMPLEX,0725,463,528,37.04488646797138,-118.2453676982741,0.9183942675590515
CINDER_COMPLEX,0725,537,467,37.02492446574378,-118.26598042086984,0.9768155217170715
CINDER_COMPLEX,0725,482,471,37.03976108902105,-118.26462876692914,0.8165338635444641
CINDER_COMPLEX,0725,538,558,37.02465470895692,-118.23523029371881,0.814586341381073
CINDER_COMPLEX,0725,552,544,37.02087811394089,-118.23996108251127,0.9289171695709229
CINDER_COMPLEX,0725,598,452,37.00846930174535,-118.27104912314748,0.9931548833847046
CINDER_COMPLEX,0725,555,436,37.02006884358031,-118.2764557389103,0.9086655974388123
CINDER_COMPLEX,0725,492,450,37.037063521152454,-118.27172495011783,0.9724645614624023
CINDER_COMPLEX,0725,500,447,37.03490546685758,-118.27273869057336,0.9726641774177551
CINDER_COMPLEX,0725,496,482,37.03598449400502,-118.2609117185922,0.9576534628868103
CINDER_COMPLEX,0725,582,506,37.012785410335105,-118.25280179494797,0.5676403045654297
CINDER_COMPLEX,0725,469,528,37.04326792725023,-118.2453676982741,0.902892529964447
CINDER_COMPLEX,0725,569,449,37.01629224856428,-118.27206286360301,0.9654447436332703
CINDER_COMPLEX,0725,511,480,37.03193814220213,-118.26158754556255,0.9724982380867004
CINDER_COMPLEX,0725,528,444,37.02735227682552,-118.2737524310289,0.8708218336105347
CINDER_COMPLEX,0725,515,523,37.03085911505469,-118.24705726569998,0.9703571796417236
CINDER_COMPLEX,0725,535,492,37.0254639793175,-118.25753258374044,0.9698903560638428
CINDER_COMPLEX,0725,547,453,37.022226897875186,-118.27071120966231,0.9496481418609619
CINDER_COMPLEX,0725,595,445,37.009278572105934,-118.27341451754371,0.9810144305229187
CINDER_COMPLEX,0725,468,528,37.043537684037084,-118.2453676982741,0.868179202079773
CINDER_COMPLEX,0725,478,537,37.04084011616849,-118.24232647690751,0.7940095067024231
CINDER_COMPLEX,0725,610,469,37.00523222030304,-118.26530459389949,0.9878272414207458
CINDER_COMPLEX,0725,514,453,37.031128871841545,-118.27071120966231,0.9688723683357239
CINDER_COMPLEX,0725,525,478,37.028161547186095,-118.2622633725329,0.9724596738815308
CINDER_COMPLEX,0725,513,549,37.03139862862841,-118.2382715150854,0.7270873785018921
CINDER_COMPLEX,0725,475,462,37.041649386529066,-118.26766998829572,0.9422765374183655
CINDER_COMPLEX,0725,545,460,37.022766411448906,-118.26834581526607,0.9731025099754333
CINDER_COMPLEX,0725,486,527,37.038682061873615,-118.24570561175928,0.9200328588485718
CINDER_COMPLEX,0725,581,456,37.01305516712196,-118.26969746920678,0.991759181022644
CINDER_COMPLEX,0725,594,544,37.00954832889279,-118.23996108251127,0.7770552635192871
CINDER_COMPLEX,0725,488,540,37.038142548299895,-118.24131273645199,0.6273367404937744
CINDER_COMPLEX,0725,525,551,37.028161547186095,-118.23759568811505,0.7537388205528259
CINDER_COMPLEX,0725,501,533,37.034635710070724,-118.24367813084821,0.9566985368728638
CINDER_COMPLEX,0725,530,491,37.0268127632518,-118.25787049722561,0.9724758267402649
CINDER_COMPLEX,0725,537,459,37.02492446574378,-118.26868372875124,0.9736166596412659
CINDER_COMPLEX,0725,584,455,37.012245896761385,-118.27003538269196,0.9900792837142944
CINDER_COMPLEX,0725,577,574,37.0141341942694,-118.22982367795599,0.5192311406135559
CINDER_COMPLEX,0725,564,525,37.017641032498574,-118.24638143872963,0.664111852645874
CINDER_COMPLEX,0725,500,478,37.03490546685758,-118.2622633725329,0.9704665541648865
CINDER_COMPLEX,0725,549,557,37.021687384301465,-118.23556820720398,0.893481433391571
CINDER_COMPLEX,0725,513,490,37.03139862862841,-118.2582084107108,0.9725238084793091
CINDER_COMPLEX,0725,511,527,37.03193814220213,-118.24570561175928,0.9572881460189819
CINDER_COMPLEX,0725,455,517,37.047044522266255,-118.24908474661103,0.648410439491272
CINDER_COMPLEX,0725,485,528,37.03895181866047,-118.2453676982741,0.9118733406066895
CINDER_COMPLEX,0725,559,567,37.01898981643287,-118.23218907235223,0.8317959308624268
CINDER_COMPLEX,0725,567,530,37.016831762138,-118.24469187130374,0.9716266393661499
CINDER_COMPLEX,0725,547,450,37.022226897875186,-118.27172495011783,0.9427263140678406
CINDER_COMPLEX,0725,545,464,37.022766411448906,-118.26699416132537,0.97596275806427
CINDER_COMPLEX,0725,507,549,37.03301716934956,-118.2382715150854,0.6214693188667297
CINDER_COMPLEX,0725,500,457,37.03490546685758,-118.2693595557216,0.9735395312309265
CINDER_COMPLEX,0725,499,451,37.035175223644444,-118.27138703663266,0.9738793969154358
CINDER_COMPLEX,0725,561,565,37.01845030285915,-118.23286489932258,0.8180500268936157
CINDER_COMPLEX,0725,496,465,37.03598449400502,-118.26665624784019,0.9645198583602905
CINDER_COMPLEX,0725,565,555,37.01737127571172,-118.23624403417433,0.9464147090911865
CINDER_COMPLEX,0725,553,467,37.02060835715403,-118.26598042086984,0.9787209630012512
CINDER_COMPLEX,0725,588,481,37.011166869613945,-118.26124963207738,0.9379814863204956
CINDER_COMPLEX,0725,478,451,37.04084011616849,-118.27138703663266,0.9707725048065186
CINDER_COMPLEX,0725,571,471,37.015752734990556,-118.26462876692914,0.9765955805778503
CINDER_COMPLEX,0725,524,467,37.02843130397295,-118.26598042086984,0.9741389751434326
CINDER_COMPLEX,0725,582,510,37.012785410335105,-118.25145014100727,0.7652459144592285
CINDER_COMPLEX,0725,570,457,37.01602249177742,-118.2693595557216,0.9804329872131348
CINDER_COMPLEX,0725,551,557,37.021147870727745,-118.23556820720398,0.8930895924568176
CINDER_COMPLEX,0725,554,467,37.02033860036717,-118.26598042086984,0.9798681735992432
CINDER_COMPLEX,0725,509,551,37.03247765577585,-118.23759568811505,0.5494049191474915
CINDER_COMPLEX,0725,506,463,37.03328692613643,-118.26733207481054,0.9736966490745544
CINDER_COMPLEX,0725,500,487,37.03490546685758,-118.25922215116631,0.9485601186752319
CINDER_COMPLEX,0725,560,553,37.018720059646014,-118.2369198611447,0.9516572952270508
CINDER_COMPLEX,0725,551,460,37.021147870727745,-118.26834581526607,0.9715362787246704
CINDER_COMPLEX,0725,533,554,37.02600349289122,-118.23658194765952,0.9370906352996826
CINDER_COMPLEX,0725,534,469,37.02573373610436,-118.26530459389949,0.9744617342948914
CINDER_COMPLEX,0725,559,479,37.01898981643287,-118.26192545904773,0.9858881235122681
CINDER_COMPLEX,0725,594,483,37.00954832889279,-118.26057380510701,0.7750154733657837
CINDER_COMPLEX,0725,520,477,37.02951033112039,-118.26260128601808,0.9721218943595886
CINDER_COMPLEX,0725,510,476,37.032207898988986,-118.26293919950325,0.9458056688308716
CINDER_COMPLEX,0725,534,465,37.02573373610436,-118.26665624784019,0.9753873348236084
CINDER_COMPLEX,0725,462,516,37.045156224758244,-118.24942266009622,0.8861020803451538
CINDER_COMPLEX,0725,553,463,37.02060835715403,-118.26733207481054,0.9730879068374634
CINDER_COMPLEX,0725,565,531,37.01737127571172,-118.24435395781856,0.9639262557029724
CINDER_COMPLEX,0725,514,488,37.031128871841545,-118.25888423768114,0.958830714225769
CINDER_COMPLEX,0725,581,449,37.01305516712196,-118.27206286360301,0.9798572659492493
CINDER_COMPLEX,0725,572,574,37.0154829782037,-118.22982367795599,0.7501422166824341
CINDER_COMPLEX,0725,567,566,37.016831762138,-118.2325269858374,0.9008932709693909
CINDER_COMPLEX,0725,588,448,37.011166869613945,-118.27240077708818,0.9808261394500732
CINDER_COMPLEX,0725,582,462,37.012785410335105,-118.26766998829572,0.9926970601081848
CINDER_COMPLEX,0725,434,539,37.05270941479031,-118.24165064993716,0.5397117733955383
CINDER_COMPLEX,0725,577,455,37.0141341942694,-118.27003538269196,0.9885988235473633
CINDER_COMPLEX,0725,501,549,37.034635710070724,-118.2382715150854,0.6863735914230347
CINDER_COMPLEX,0725,473,459,37.042188900102786,-118.26868372875124,0.9519843459129333
CINDER_COMPLEX,0725,481,526,37.04003084580791,-118.24604352524445,0.9196305274963379
CINDER_COMPLEX,0725,501,492,37.034635710070724,-118.25753258374044,0.964677631855011
CINDER_COMPLEX,0725,519,444,37.02978008790725,-118.2737524310289,0.9092315435409546
CINDER_COMPLEX,0725,502,544,37.03436595328386,-118.23996108251127,0.8989638090133667
CINDER_COMPLEX,0725,487,476,37.03841230508675,-118.26293919950325,0.8014280200004578
CINDER_COMPLEX,0725,563,438,37.01791078928544,-118.27577991193995,0.9199457764625549
CINDER_COMPLEX,0725,583,547,37.01251565354824,-118.23894734205575,0.9437090158462524
CINDER_COMPLEX,0725,534,487,37.02573373610436,-118.25922215116631,0.9726162552833557
CINDER_COMPLEX,0725,588,464,37.011166869613945,-118.26699416132537,0.9951222538948059
CINDER_COMPLEX,0725,446,522,37.04947233334799,-118.24739517918515,0.8908745050430298
CINDER_COMPLEX,0725,542,541,37.02357568180948,-118.2409748229668,0.8730918765068054
CINDER_COMPLEX,0725,473,462,37.042188900102786,-118.26766998829572,0.9120499491691589
CINDER_COMPLEX,0725,548,474,37.02195714108833,-118.2636150264736,0.9737229347229004
CINDER_COMPLEX,0725,507,519,37.03301716934956,-118.24840891964068,0.9746977090835571
CINDER_COMPLEX,0725,568,442,37.01656200535114,-118.27442825799925,0.936947762966156
CINDER_COMPLEX,0725,523,443,37.028701060759815,-118.27409034451406,0.8900338411331177
CINDER_COMPLEX,0725,453,513,37.047584035839975,-118.25043640055173,0.5503372550010681
CINDER_COMPLEX,0725,477,538,37.041109872955346,-118.24198856342234,0.8701105713844299
CINDER_COMPLEX,0725,589,443,37.01089711282709,-118.27409034451406,0.9599770307540894
CINDER_COMPLEX,0725,491,463,37.03733327793932,-118.26733207481054,0.9586408734321594
CINDER_COMPLEX,0725,497,493,37.03571473721816,-118.25719467025526,0.934075653553009
CINDER_COMPLEX,0725,593,448,37.00981808567965,-118.27240077708818,0.9882568120956421
CINDER_COMPLEX,0725,489,458,37.03787279151304,-118.26902164223642,0.9684242010116577
CINDER_COMPLEX,0725,551,455,37.021147870727745,-118.27003538269196,0.9581728577613831
CINDER_COMPLEX,0725,598,467,37.00846930174535,-118.26598042086984,0.9972136616706848
CINDER_COMPLEX,0725,551,561,37.021147870727745,-118.23421655326328,0.8683435320854187
CINDER_COMPLEX,0725,534,550,37.02573373610436,-118.23793360160022,0.9060794115066528
CINDER_COMPLEX,0725,562,434,37.018180546072294,-118.27713156588065,0.8895214200019836
CINDER_COMPLEX,0725,447,531,37.049202576561136,-118.24435395781856,0.9038028717041016
CINDER_COMPLEX,0725,535,483,37.0254639793175,-118.26057380510701,0.973108172416687
CINDER_COMPLEX,0725,494,545,37.03652400757874,-118.2396231690261,0.6221604943275452
CINDER_COMPLEX,0725,564,473,37.017641032498574,-118.26395293995878,0.9803733825683594
CINDER_COMPLEX,0725,538,452,37.02465470895692,-118.27104912314748,0.9425212144851685
CINDER_COMPLEX,0725,565,539,37.01737127571172,-118.24165064993716,0.9480894207954407
CINDER_COMPLEX,0725,510,453,37.032207898988986,-118.27071120966231,0.9734846949577332
CINDER_COMPLEX,0725,541,438,37.02384543859635,-118.27577991193995,0.8907791972160339
CINDER_COMPLEX,0725,488,501,37.038142548299895,-118.25449136237386,0.6485154032707214
CINDER_COMPLEX,0725,572,460,37.0154829782037,-118.26834581526607,0.9869132041931152
CINDER_COMPLEX,0725,428,530,37.05432795551146,-118.24469187130374,0.5676805377006531
CINDER_COMPLEX,0725,523,481,37.028701060759815,-118.26124963207738,0.9708974957466125
CINDER_COMPLEX,0725,429,524,37.054058198724604,-118.2467193522148,0.8254184722900391
CINDER_COMPLEX,0725,548,554,37.02195714108833,-118.23658194765952,0.9039217233657837
CINDER_COMPLEX,0725,603,458,37.00712051781105,-118.26902164223642,0.9962649941444397
CINDER_COMPLEX,0725,523,461,37.028701060759815,-118.26800790178089,0.9727936387062073
CINDER_COMPLEX,0725,567,473,37.016831762138,-118.26395293995878,0.9840244054794312
CINDER_COMPLEX,0725,580,556,37.013324923908826,-118.23590612068917,0.8056122660636902
CINDER_COMPLEX,0725,582,457,37.012785410335105,-118.2693595557216,0.9914975762367249
CINDER_COMPLEX,0725,490,489,37.037603034726175,-118.25854632419596,0.6637589335441589
CINDER_COMPLEX,0725,563,456,37.01791078928544,-118.26969746920678,0.9709214568138123
CINDER_COMPLEX,0725,562,477,37.018180546072294,-118.26260128601808,0.9891785979270935
CINDER_COMPLEX,0725,618,475,37.00307416600816,-118.26327711298843,0.9469184279441833
CINDER_COMPLEX,0725,575,555,37.01467370784312,-118.23624403417433,0.9575107097625732
CINDER_COMPLEX,0725,558,570,37.019259573219735,-118.2311753318967,0.6636348366737366
CINDER_COMPLEX,0725,591,538,37.01035759925337,-118.24198856342234,0.529952347278595
CINDER_COMPLEX,0725,493,480,37.0367937643656,-118.26158754556255,0.9287936091423035
CINDER_COMPLEX,0725,555,535,37.02006884358031,-118.24300230387786,0.8866864442825317
CINDER_COMPLEX,0725,582,451,37.012785410335105,-118.27138703663266,0.9830666780471802
CINDER_COMPLEX,0725,556,463,37.01979908679345,-118.26733207481054,0.977540910243988
CINDER_COMPLEX,0725,574,553,37.01494346462998,-118.2369198611447,0.9470633864402771
CINDER_COMPLEX,0725,529,484,37.027082520038654,-118.26023589162185,0.9723533391952515
CINDER_COMPLEX,0725,480,457,37.04030060259477,-118.2693595557216,0.9733728170394897
CINDER_COMPLEX,0725,587,554,37.01143662640081,-118.23658194765952,0.6309105753898621
CINDER_COMPLEX,0725,598,473,37.00846930174535,-118.26395293995878,0.9944679737091064
CINDER_COMPLEX,0725,550,544,37.02141762751461,-118.23996108251127,0.9139614701271057
CINDER_COMPLEX,0725,494,458,37.03652400757874,-118.26902164223642,0.9687086343765259
CINDER_COMPLEX,0725,544,468,37.02303616823576,-118.26564250738467,0.9763235449790955
CINDER_COMPLEX,0725,508,463,37.032747412562706,-118.26733207481054,0.9740106463432312
CINDER_COMPLEX,0725,586,556,37.011706383187665,-118.23590612068917,0.7065573334693909
CINDER_COMPLEX,0725,485,529,37.03895181866047,-118.24502978478893,0.8815317749977112
CINDER_COMPLEX,0725,561,454,37.01845030285915,-118.27037329617713,0.958680272102356
CINDER_COMPLEX,0725,481,536,37.04003084580791,-118.24266439039269,0.7521438598632812
CINDER_COMPLEX,0725,561,512,37.01845030285915,-118.25077431403692,0.9258997440338135
CINDER_COMPLEX,0725,555,471,37.02006884358031,-118.26462876692914,0.9782591462135315
CINDER_COMPLEX,0725,502,478,37.03436595328386,-118.2622633725329,0.9688305854797363
CINDER_COMPLEX,0725,571,476,37.015752734990556,-118.26293919950325,0.9804697632789612
CINDER_COMPLEX,0725,561,567,37.01845030285915,-118.23218907235223,0.713145911693573
CINDER_COMPLEX,0725,529,475,37.027082520038654,-118.26327711298843,0.9724927544593811
CINDER_COMPLEX,0725,584,488,37.012245896761385,-118.25888423768114,0.5645175576210022
CINDER_COMPLEX,0725,480,526,37.04030060259477,-118.24604352524445,0.9246869683265686
CINDER_COMPLEX,0725,502,480,37.03436595328386,-118.26158754556255,0.9708884954452515
CINDER_COMPLEX,0725,600,479,37.00792978817164,-118.26192545904773,0.8861647248268127
CINDER_COMPLEX,0725,528,487,37.02735227682552,-118.25922215116631,0.9724470376968384
CINDER_COMPLEX,0725,498,532,37.0354449804313,-118.24401604433339,0.78285151720047
CINDER_COMPLEX,0725,525,458,37.028161547186095,-118.26902164223642,0.9674140214920044
CINDER_COMPLEX,0725,548,478,37.02195714108833,-118.2622633725329,0.9693946242332458
CINDER_COMPLEX,0725,595,442,37.009278572105934,-118.27442825799925,0.9749073386192322
CINDER_COMPLEX,0725,572,572,37.0154829782037,-118.23049950492634,0.864469051361084
CINDER_COMPLEX,0725,543,483,37.023305925022626,-118.26057380510701,0.9734102487564087
CINDER_COMPLEX,0725,455,457,37.047044522266255,-118.2693595557216,0.6425184011459351
CINDER_COMPLEX,0725,571,558,37.015752734990556,-118.23523029371881,0.926973283290863
CINDER_COMPLEX,0725,570,454,37.01602249177742,-118.27037329617713,0.9759380221366882
CINDER_COMPLEX,0725,590,447,37.01062735604023,-118.27273869057336,0.981014609336853
CINDER_COMPLEX,0725,466,455,37.044077197610804,-118.27003538269196,0.9484241008758545
CINDER_COMPLEX,0725,510,467,37.032207898988986,-118.26598042086984,0.9726274013519287
CINDER_COMPLEX,0725,568,545,37.01656200535114,-118.2396231690261,0.9634995460510254
CINDER_COMPLEX,0725,473,450,37.042188900102786,-118.27172495011783,0.9665289521217346
CINDER_COMPLEX,0725,479,468,37.04057035938163,-118.26564250738467,0.9218384623527527
CINDER_COMPLEX,0725,492,486,37.037063521152454,-118.2595600646515,0.8434575200080872
CINDER_COMPLEX,0725,560,549,37.018720059646014,-118.2382715150854,0.9570692777633667
CINDER_COMPLEX,0725,501,480,37.034635710070724,-118.26158754556255,0.9700675010681152
CINDER_COMPLEX,0725,531,456,37.02654300646494,-118.26969746920678,0.9596002697944641
CINDER_COMPLEX,0725,564,433,37.017641032498574,-118.27746947936583,0.8845359086990356
CINDER_COMPLEX,0725,597,549,37.008739058532214,-118.2382715150854,0.9269855618476868
CINDER_COMPLEX,0725,545,459,37.022766411448906,-118.26868372875124,0.9705837368965149
CINDER_COMPLEX,0725,583,467,37.01251565354824,-118.26598042086984,0.9928811192512512
CINDER_COMPLEX,0725,539,469,37.02438495217006,-118.26530459389949,0.9756293892860413
CINDER_COMPLEX,0725,525,457,37.028161547186095,-118.2693595557216,0.9648287296295166
CINDER_COMPLEX,0725,555,458,37.02006884358031,-118.26902164223642,0.9686570167541504
CINDER_COMPLEX,0725,562,544,37.018180546072294,-118.23996108251127,0.9437694549560547
CINDER_COMPLEX,0725,574,519,37.01494346462998,-118.24840891964068,0.674543559551239
CINDER_COMPLEX,0725,514,442,37.031128871841545,-118.27442825799925,0.9309995770454407
CINDER_COMPLEX,0725,538,439,37.02465470895692,-118.27544199845477,0.8805244565010071
CINDER_COMPLEX,0725,545,448,37.022766411448906,-118.27240077708818,0.9375051259994507
CINDER_COMPLEX,0725,550,563,37.02141762751461,-118.23354072629293,0.8601765632629395
CINDER_COMPLEX,0725,510,537,37.032207898988986,-118.24232647690751,0.9402018189430237
CINDER_COMPLEX,0725,594,552,37.00954832889279,-118.23725777462987,0.65766441822052
CINDER_COMPLEX,0725,452,531,37.04785379262684,-118.24435395781856,0.8462337255477905
CINDER_COMPLEX,0725,553,441,37.02060835715403,-118.27476617148442,0.9344817399978638
CINDER_COMPLEX,0725,481,472,37.04003084580791,-118.26429085344395,0.7770627737045288
CINDER_COMPLEX,0725,502,473,37.03436595328386,-118.26395293995878,0.965234637260437
CINDER_COMPLEX,0725,575,452,37.01467370784312,-118.27104912314748,0.9798179268836975
CINDER_COMPLEX,0725,517,531,37.03031960148097,-118.24435395781856,0.97968590259552
CINDER_COMPLEX,0725,600,472,37.00792978817164,-118.26429085344395,0.9932250380516052
CINDER_COMPLEX,0725,559,486,37.01898981643287,-118.2595600646515,0.9767958521842957
CINDER_COMPLEX,0725,552,542,37.02087811394089,-118.24063690948162,0.9212567210197449
CINDER_COMPLEX,0725,477,528,37.041109872955346,-118.2453676982741,0.9278504848480225
CINDER_COMPLEX,0725,546,433,37.02249665466205,-118.27746947936583,0.8268894553184509
CINDER_COMPLEX,0725,510,534,37.032207898988986,-118.24334021736304,0.9436752796173096
CINDER_COMPLEX,0725,573,450,37.01521322141684,-118.27172495011783,0.9753480553627014
CINDER_COMPLEX,0725,547,473,37.022226897875186,-118.26395293995878,0.9742024540901184
CINDER_COMPLEX,0725,582,550,37.012785410335105,-118.23793360160022,0.952349841594696
CINDER_COMPLEX,0725,534,475,37.02573373610436,-118.26327711298843,0.9725325107574463
CINDER_COMPLEX,0725,577,495,37.0141341942694,-118.25651884328491,0.6337167024612427
CINDER_COMPLEX,0725,569,574,37.01629224856428,-118.22982367795599,0.5680731534957886
CINDER_COMPLEX,0725,508,487,37.032747412562706,-118.25922215116631,0.9690818786621094
CINDER_COMPLEX,0725,472,458,37.04245865688965,-118.26902164223642,0.9558139443397522
CINDER_COMPLEX,0725,588,545,37.011166869613945,-118.2396231690261,0.9247214198112488
CINDER_COMPLEX,0725,550,489,37.02141762751461,-118.25854632419596,0.9797955751419067
CINDER_COMPLEX,0725,538,470,37.02465470895692,-118.2649666804143,0.9743509888648987
CINDER_COMPLEX,0725,483,464,37.03949133223419,-118.26699416132537,0.9572609066963196
CINDER_COMPLEX,0725,560,484,37.018720059646014,-118.26023589162185,0.9763442277908325
CINDER_COMPLEX,0725,489,480,37.03787279151304,-118.26158754556255,0.8521295785903931
CINDER_COMPLEX,0725,572,528,37.0154829782037,-118.2453676982741,0.7097034454345703
CINDER_COMPLEX,0725,600,551,37.00792978817164,-118.23759568811505,0.7521207928657532
CINDER_COMPLEX,0725,604,464,37.0068507610242,-118.26699416132537,0.9956961870193481
CINDER_COMPLEX,0725,578,544,37.013864437482546,-118.23996108251127,0.9752897024154663
CINDER_COMPLEX,0725,534,488,37.02573373610436,-118.25888423768114,0.9727472066879272
CINDER_COMPLEX,0725,460,450,37.04569573833196,-118.27172495011783,0.959113597869873
CINDER_COMPLEX,0725,570,440,37.01602249177742,-118.2751040849696,0.9151706695556641
CINDER_COMPLEX,0725,576,453,37.01440395105626,-118.27071120966231,0.9840047359466553
CINDER_COMPLEX,0725,481,538,37.04003084580791,-118.24198856342234,0.7378819584846497
CINDER_COMPLEX,0725,491,530,37.03733327793932,-118.24469187130374,0.8106415867805481
CINDER_COMPLEX,0725,575,522,37.01467370784312,-118.24739517918515,0.6806431412696838
CINDER_COMPLEX,0725,511,459,37.03193814220213,-118.26868372875124,0.975256085395813
CINDER_COMPLEX,0725,507,480,37.03301716934956,-118.26158754556255,0.968488335609436
CINDER_COMPLEX,0725,517,490,37.03031960148097,-118.2582084107108,0.9723982810974121
CINDER_COMPLEX,0725,548,557,37.02195714108833,-118.23556820720398,0.9136059880256653
CINDER_COMPLEX,0725,556,440,37.01979908679345,-118.2751040849696,0.929745078086853
CINDER_COMPLEX,0725,573,539,37.01521322141684,-118.24165064993716,0.9636921882629395
CINDER_COMPLEX,0725,482,449,37.03976108902105,-118.27206286360301,0.9724559783935547
CINDER_COMPLEX,0725,543,456,37.023305925022626,-118.26969746920678,0.9636107683181763
CINDER_COMPLEX,0725,509,453,37.03247765577585,-118.27071120966231,0.9738122224807739
CINDER_COMPLEX,0725,550,486,37.02141762751461,-118.2595600646515,0.9781315326690674
CINDER_COMPLEX,0725,519,463,37.02978008790725,-118.26733207481054,0.9739728569984436
CINDER_COMPLEX,0725,508,551,37.032747412562706,-118.23759568811505,0.5263896584510803
CINDER_COMPLEX,0725,529,460,37.027082520038654,-118.26834581526607,0.9682062268257141
CINDER_COMPLEX,0725,546,485,37.02249665466205,-118.25989797813666,0.9705066680908203
CINDER_COMPLEX,0725,504,445,37.03382643971015,-118.27341451754371,0.9709096550941467
CINDER_COMPLEX,0725,546,562,37.02249665466205,-118.23387863977811,0.7895916104316711
CINDER_COMPLEX,0725,557,557,37.01952933000659,-118.23556820720398,0.9377907514572144
CINDER_COMPLEX,0725,500,477,37.03490546685758,-118.26260128601808,0.9551668167114258
CINDER_COMPLEX,0725,471,457,37.04272841367651,-118.2693595557216,0.957026481628418
CINDER_COMPLEX,0725,565,457,37.01737127571172,-118.2693595557216,0.9779756665229797
CINDER_COMPLEX,0725,511,472,37.03193814220213,-118.26429085344395,0.9513161778450012
CINDER_COMPLEX,0725,487,460,37.03841230508675,-118.26834581526607,0.9655667543411255
CINDER_COMPLEX,0725,455,523,37.047044522266255,-118.24705726569998,0.9267048239707947
CINDER_COMPLEX,0725,453,539,37.047584035839975,-118.24165064993716,0.7503640651702881
CINDER_COMPLEX,0725,556,452,37.01979908679345,-118.27104912314748,0.9518589377403259
CINDER_COMPLEX,0725,577,533,37.0141341942694,-118.24367813084821,0.7909021973609924
CINDER_COMPLEX,0725,449,519,37.048663062987416,-118.24840891964068,0.8453936576843262
CINDER_COMPLEX,0725,492,487,37.037063521152454,-118.25922215116631,0.668583869934082
CINDER_COMPLEX,0725,494,540,37.03652400757874,-118.24131273645199,0.8659175634384155
CINDER_COMPLEX,0725,581,567,37.01305516712196,-118.23218907235223,0.6146634221076965
CINDER_COMPLEX,0725,479,538,37.04057035938163,-118.24198856342234,0.8123871684074402
CINDER_COMPLEX,0725,555,460,37.02006884358031,-118.26834581526607,0.970325767993927
CINDER_COMPLEX,0725,528,469,37.02735227682552,-118.26530459389949,0.9732321500778198
CINDER_COMPLEX,0725,567,527,37.016831762138,-118.24570561175928,0.8980579972267151
CINDER_COMPLEX,0725,548,445,37.02195714108833,-118.27341451754371,0.9328053593635559
CINDER_COMPLEX,0725,597,453,37.008739058532214,-118.27071120966231,0.9935488104820251
CINDER_COMPLEX,0725,521,449,37.029240574333535,-118.27206286360301,0.9368801116943359
CINDER_COMPLEX,0725,617,477,37.003343922795025,-118.26260128601808,0.8529955148696899
CINDER_COMPLEX,0725,466,522,37.044077197610804,-118.24739517918515,0.9146937131881714
CINDER_COMPLEX,0725,594,475,37.00954832889279,-118.26327711298843,0.991515576839447
CINDER_COMPLEX,0725,438,530,37.05163038764287,-118.24469187130374,0.9374755024909973
CINDER_COMPLEX,0725,530,555,37.0268127632518,-118.23624403417433,0.8385602235794067
CINDER_COMPLEX,0725,458,531,37.04623525190568,-118.24435395781856,0.8456724286079407
CINDER_COMPLEX,0725,461,527,37.0454259815451,-118.24570561175928,0.920223593711853
CINDER_COMPLEX,0725,589,543,37.01089711282709,-118.24029899599645,0.874273419380188
CINDER_COMPLEX,0725,500,468,37.03490546685758,-118.26564250738467,0.9709416627883911
CINDER_COMPLEX,0725,437,522,37.05190014442973,-118.24739517918515,0.8523433208465576
CINDER_COMPLEX,0725,551,436,37.021147870727745,-118.2764557389103,0.8927409648895264
CINDER_COMPLEX,0725,602,476,37.00739027459792,-118.26293919950325,0.967292845249176
CINDER_COMPLEX,0725,467,533,37.04380744082395,-118.24367813084821,0.9579092264175415
CINDER_COMPLEX,0725,556,560,37.01979908679345,-118.23455446674846,0.89323490858078
CINDER_COMPLEX,0725,572,534,37.0154829782037,-118.24334021736304,0.8278470635414124
CINDER_COMPLEX,0725,539,451,37.02438495217006,-118.27138703663266,0.9390164017677307
CINDER_COMPLEX,0725,577,507,37.0141341942694,-118.25246388146279,0.7667790651321411
CINDER_COMPLEX,0725,496,488,37.03598449400502,-118.25888423768114,0.9281189441680908
CINDER_COMPLEX,0725,569,453,37.01629224856428,-118.27071120966231,0.9710113406181335
CINDER_COMPLEX,0725,532,454,37.02627324967808,-118.27037329617713,0.9457880854606628
CINDER_COMPLEX,0725,494,459,37.03652400757874,-118.26868372875124,0.967690110206604
CINDER_COMPLEX,0725,496,481,37.03598449400502,-118.26124963207738,0.9675062298774719
CINDER_COMPLEX,0725,508,478,37.032747412562706,-118.2622633725329,0.9723004102706909
CINDER_COMPLEX,0725,612,466,37.00469270672932,-118.26631833435502,0.9889801740646362
CINDER_COMPLEX,0725,451,527,37.048123549413695,-118.24570561175928,0.9209291338920593
CINDER_COMPLEX,0725,481,474,37.04003084580791,-118.2636150264736,0.5855451822280884
CINDER_COMPLEX,0725,596,541,37.00900881531907,-118.2409748229668,0.7161747217178345
CINDER_COMPLEX,0725,519,489,37.02978008790725,-118.25854632419596,0.9711011052131653
CINDER_COMPLEX,0725,577,541,37.0141341942694,-118.2409748229668,0.9603089094161987
CINDER_COMPLEX,0725,477,532,37.041109872955346,-118.24401604433339,0.9451637268066406
CINDER_COMPLEX,0725,433,534,37.052979171577164,-118.24334021736304,0.8398131132125854
CINDER_COMPLEX,0725,511,474,37.03193814220213,-118.2636150264736,0.9655886888504028
CINDER_COMPLEX,0725,563,515,37.01791078928544,-118.24976057358138,0.6851339936256409
CINDER_COMPLEX,0725,513,540,37.03139862862841,-118.24131273645199,0.8957697749137878
CINDER_COMPLEX,0725,483,531,37.03949133223419,-118.24435395781856,0.8036297559738159
CINDER_COMPLEX,0725,520,456,37.02951033112039,-118.26969746920678,0.9676759839057922
CINDER_COMPLEX,0725,576,461,37.01440395105626,-118.26800790178089,0.9896888136863708
CINDER_COMPLEX,0725,549,451,37.021687384301465,-118.27138703663266,0.9438998699188232
CINDER_COMPLEX,0725,565,553,37.01737127571172,-118.2369198611447,0.9562212824821472
CINDER_COMPLEX,0725,584,542,37.012245896761385,-118.24063690948162,0.8927676677703857
CINDER_COMPLEX,0725,544,461,37.02303616823576,-118.26800790178089,0.975620448589325
CINDER_COMPLEX,0725,471,535,37.04272841367651,-118.24300230387786,0.8991544246673584
CINDER_COMPLEX,0725,513,488,37.03139862862841,-118.25888423768114,0.9687574505805969
CINDER_COMPLEX,0725,456,538,37.0467747654794,-118.24198856342234,0.8694885969161987
CINDER_COMPLEX,0725,417,524,37.05729528016692,-118.2467193522148,0.7710343599319458
CINDER_COMPLEX,0725,506,546,37.03328692613643,-118.23928525554092,0.8221795558929443
CINDER_COMPLEX,0725,496,532,37.03598449400502,-118.24401604433339,0.7663558125495911
CINDER_COMPLEX,0725,503,457,37.034096196497,-118.2693595557216,0.9746574759483337
CINDER_COMPLEX,0725,571,468,37.015752734990556,-118.26564250738467,0.9852198362350464
CINDER_COMPLEX,0725,476,520,37.04137962974221,-118.2480710061555,0.951450526714325
CINDER_COMPLEX,0725,461,540,37.0454259815451,-118.24131273645199,0.8523268103599548
CINDER_COMPLEX,0725,569,518,37.01629224856428,-118.24874683312585,0.6993953585624695
CINDER_COMPLEX,0725,594,456,37.00954832889279,-118.26969746920678,0.9959473609924316
CINDER_COMPLEX,0725,563,461,37.01791078928544,-118.26800790178089,0.9782346487045288
CINDER_COMPLEX,0725,528,481,37.02735227682552,-118.26124963207738,0.9724491834640503
CINDER_COMPLEX,0725,485,533,37.03895181866047,-118.24367813084821,0.8641520738601685
CINDER_COMPLEX,0725,488,534,37.038142548299895,-118.24334021736304,0.7267560958862305
CINDER_COMPLEX,0725,566,523,37.017101518924854,-118.24705726569998,0.8857617378234863
CINDER_COMPLEX,0725,594,540,37.00954832889279,-118.24131273645199,0.6744732856750488
CINDER_COMPLEX,0725,538,490,37.02465470895692,-118.2582084107108,0.969386100769043
CINDER_COMPLEX,0725,613,478,37.00442294994246,-118.2622633725329,0.7224549055099487
CINDER_COMPLEX,0725,500,474,37.03490546685758,-118.2636150264736,0.9750256538391113
CINDER_COMPLEX,0725,490,461,37.037603034726175,-118.26800790178089,0.9638858437538147
CINDER_COMPLEX,0725,505,488,37.03355668292328,-118.25888423768114,0.9728642702102661
CINDER_COMPLEX,0725,554,559,37.02033860036717,-118.23489238023363,0.8453080058097839
CINDER_COMPLEX,0725,499,538,37.035175223644444,-118.24198856342234,0.7215126752853394
CINDER_COMPLEX,0725,581,534,37.01305516712196,-118.24334021736304,0.9214111566543579
CINDER_COMPLEX,0725,581,516,37.01305516712196,-118.24942266009622,0.87367844581604
CINDER_COMPLEX,0725,533,484,37.02600349289122,-118.26023589162185,0.9728953242301941
CINDER_COMPLEX,0725,504,526,37.03382643971015,-118.24604352524445,0.8840187191963196
CINDER_COMPLEX,0725,531,461,37.02654300646494,-118.26800790178089,0.9704263806343079
CINDER_COMPLEX,0725,530,548,37.0268127632518,-118.23860942857057,0.8358076810836792
CINDER_COMPLEX,0725,511,535,37.03193814220213,-118.24300230387786,0.9497514367103577
CINDER_COMPLEX,0725,598,545,37.00846930174535,-118.2396231690261,0.733559787273407
CINDER_COMPLEX,0725,549,458,37.021687384301465,-118.26902164223642,0.9665382504463196
CINDER_COMPLEX,0725,436,537,37.05216990121659,-118.24232647690751,0.7828945517539978
CINDER_COMPLEX,0725,558,535,37.019259573219735,-118.24300230387786,0.8618569374084473
CINDER_COMPLEX,0725,514,468,37.031128871841545,-118.26564250738467,0.9727544784545898
CINDER_COMPLEX,0725,585,523,37.01197613997453,-118.24705726569998,0.7391344904899597
CINDER_COMPLEX,0725,509,521,37.03247765577585,-118.24773309267033,0.9661464095115662
CINDER_COMPLEX,0725,559,570,37.01898981643287,-118.2311753318967,0.7037811279296875
CINDER_COMPLEX,0725,532,484,37.02627324967808,-118.26023589162185,0.9728361368179321
CINDER_COMPLEX,0725,587,541,37.01143662640081,-118.2409748229668,0.9499289989471436
CINDER_COMPLEX,0725,562,523,37.018180546072294,-118.24705726569998,0.7674278020858765
CINDER_COMPLEX,0725,507,483,37.03301716934956,-118.26057380510701,0.9672515392303467
CINDER_COMPLEX,0725,574,524,37.01494346462998,-118.2467193522148,0.8806315064430237
CINDER_COMPLEX,0725,462,529,37.045156224758244,-118.24502978478893,0.9388155937194824
CINDER_COMPLEX,0725,491,488,37.03733327793932,-118.25888423768114,0.623807430267334
CINDER_COMPLEX,0725,490,498,37.037603034726175,-118.25550510282937,0.7489789128303528
CINDER_COMPLEX,0725,537,454,37.02492446574378,-118.27037329617713,0.9536492824554443
CINDER_COMPLEX,0725,463,454,37.04488646797138,-118.27037329617713,0.9377782940864563
CINDER_COMPLEX,0725,579,531,37.01359468069568,-118.24435395781856,0.5757697224617004
CINDER_COMPLEX,0725,608,453,37.005771733876756,-118.27071120966231,0.991213858127594
CINDER_COMPLEX,0725,493,485,37.0367937643656,-118.25989797813666,0.8544096350669861
CINDER_COMPLEX,0725,553,452,37.02060835715403,-118.27104912314748,0.9508093595504761
CINDER_COMPLEX,0725,466,542,37.044077197610804,-118.24063690948162,0.8502487540245056
CINDER_COMPLEX,0725,543,459,37.023305925022626,-118.26868372875124,0.9726020693778992
CINDER_COMPLEX,0725,586,439,37.011706383187665,-118.27544199845477,0.9333999752998352
CINDER_COMPLEX,0725,440,536,37.05109087406915,-118.24266439039269,0.8544371128082275
CINDER_COMPLEX,0725,576,435,37.01440395105626,-118.27679365239547,0.8368326425552368
CINDER_COMPLEX,0725,576,448,37.01440395105626,-118.27240077708818,0.9755868911743164
CINDER_COMPLEX,0725,590,565,37.01062735604023,-118.23286489932258,0.6429601907730103
CINDER_COMPLEX,0725,528,471,37.02735227682552,-118.26462876692914,0.9722476005554199
CINDER_COMPLEX,0725,513,532,37.03139862862841,-118.24401604433339,0.9359183311462402
CINDER_COMPLEX,0725,514,529,37.031128871841545,-118.24502978478893,0.9515243172645569
CINDER_COMPLEX,0725,565,430,37.01737127571172,-118.27848321982135,0.8600770235061646
CINDER_COMPLEX,0725,536,551,37.025194222530644,-118.23759568811505,0.9225900173187256
CINDER_COMPLEX,0725,558,485,37.019259573219735,-118.25989797813666,0.9814375638961792
CINDER_COMPLEX,0725,573,563,37.01521322141684,-118.23354072629293,0.9249699711799622
CINDER_COMPLEX,0725,451,540,37.048123549413695,-118.24131273645199,0.606037437915802
CINDER_COMPLEX,0725,586,546,37.011706383187665,-118.23928525554092,0.9628223776817322
CINDER_COMPLEX,0725,496,533,37.03598449400502,-118.24367813084821,0.7363589406013489
CINDER_COMPLEX,0725,473,464,37.042188900102786,-118.26699416132537,0.8946986198425293
CINDER_COMPLEX,0725,544,486,37.02303616823576,-118.2595600646515,0.965124249458313
CINDER_COMPLEX,0725,441,523,37.05082111728229,-118.24705726569998,0.9075491428375244
CINDER_COMPLEX,0725,434,536,37.05270941479031,-118.24266439039269,0.8693081140518188
CINDER_COMPLEX,0725,496,476,37.03598449400502,-118.26293919950325,0.9553474187850952
CINDER_COMPLEX,0725,557,545,37.01952933000659,-118.2396231690261,0.9407092928886414
CINDER_COMPLEX,0725,483,482,37.03949133223419,-118.2609117185922,0.5669335126876831
CINDER_COMPLEX,0725,512,480,37.031668385415266,-118.26158754556255,0.9714439511299133
CINDER_COMPLEX,0725,533,455,37.02600349289122,-118.27003538269196,0.9546607136726379
CINDER_COMPLEX,0725,482,469,37.03976108902105,-118.26530459389949,0.9146256446838379
CINDER_COMPLEX,0725,520,483,37.02951033112039,-118.26057380510701,0.9723466634750366
CINDER_COMPLEX,0725,591,469,37.01035759925337,-118.26530459389949,0.9947037696838379
CINDER_COMPLEX,0725,495,542,37.03625425079188,-118.24063690948162,0.7464153170585632
CINDER_COMPLEX,0725,546,539,37.02249665466205,-118.24165064993716,0.8265835046768188
CINDER_COMPLEX,0725,594,452,37.00954832889279,-118.27104912314748,0.9930803775787354
CINDER_COMPLEX,0725,534,548,37.02573373610436,-118.23860942857057,0.8812995553016663
CINDER_COMPLEX,0725,562,548,37.018180546072294,-118.23860942857057,0.9456754326820374
CINDER_COMPLEX,0725,561,465,37.01845030285915,-118.26665624784019,0.9827970266342163
CINDER_COMPLEX,0725,579,468,37.01359468069568,-118.26564250738467,0.9923441410064697
CINDER_COMPLEX,0725,582,435,37.012785410335105,-118.27679365239547,0.8688089847564697
CINDER_COMPLEX,0725,520,526,37.02951033112039,-118.24604352524445,0.9813268780708313
CINDER_COMPLEX,0725,498,537,37.0354449804313,-118.24232647690751,0.7903623580932617
CINDER_COMPLEX,0725,542,436,37.02357568180948,-118.2764557389103,0.8804292678833008
CINDER_COMPLEX,0725,582,480,37.012785410335105,-118.26158754556255,0.9837071299552917
CINDER_COMPLEX,0725,491,529,37.03733327793932,-118.24502978478893,0.9281991720199585
CINDER_COMPLEX,0725,604,452,37.0068507610242,-118.27104912314748,0.9918664693832397
CINDER_COMPLEX,0725,532,545,37.02627324967808,-118.2396231690261,0.908471405506134
CINDER_COMPLEX,0725,551,548,37.021147870727745,-118.23860942857057,0.9218537211418152
CINDER_COMPLEX,0725,449,524,37.048663062987416,-118.2467193522148,0.9082521796226501
CINDER_COMPLEX,0725,592,455,37.01008784246651,-118.27003538269196,0.9939713478088379
CINDER_COMPLEX,0725,581,452,37.01305516712196,-118.27104912314748,0.9855765700340271
CINDER_COMPLEX,0725,549,456,37.021687384301465,-118.26969746920678,0.964322030544281
CINDER_COMPLEX,0725,526,472,37.02789179039924,-118.26429085344395,0.9724230766296387
CINDER_COMPLEX,0725,588,440,37.011166869613945,-118.2751040849696,0.9432649612426758
CINDER_COMPLEX,0725,580,486,37.013324923908826,-118.2595600646515,0.7357580065727234
CINDER_COMPLEX,0725,564,449,37.017641032498574,-118.27206286360301,0.9560529589653015
CINDER_COMPLEX,0725,579,486,37.01359468069568,-118.2595600646515,0.8233524560928345
CINDER_COMPLEX,0725,557,447,37.01952933000659,-118.27273869057336,0.9419510364532471
CINDER_COMPLEX,0725,573,478,37.01521322141684,-118.2622633725329,0.9760558009147644
CINDER_COMPLEX,0725,573,441,37.01521322141684,-118.27476617148442,0.926806628704071
CINDER_COMPLEX,0725,476,459,37.04137962974221,-118.26868372875124,0.965111255645752
CINDER_COMPLEX,0725,571,448,37.015752734990556,-118.27240077708818,0.9694145917892456
CINDER_COMPLEX,0725,579,564,37.01359468069568,-118.23320281280776,0.7466913461685181
CINDER_COMPLEX,0725,543,543,37.023305925022626,-118.24029899599645,0.9056424498558044
CINDER_COMPLEX,0725,493,539,37.0367937643656,-118.24165064993716,0.8540883660316467
CINDER_COMPLEX,0725,570,448,37.01602249177742,-118.27240077708818,0.9670811295509338
CINDER_COMPLEX,0725,552,555,37.02087811394089,-118.23624403417433,0.9026486277580261
CINDER_COMPLEX,0725,574,436,37.01494346462998,-118.2764557389103,0.8562476634979248
CINDER_COMPLEX,0725,594,547,37.00954832889279,-118.23894734205575,0.8760305047035217
CINDER_COMPLEX,0725,560,481,37.018720059646014,-118.26124963207738,0.9759849309921265
CINDER_COMPLEX,0725,571,574,37.015752734990556,-118.22982367795599,0.6324089765548706
CINDER_COMPLEX,0725,490,453,37.037603034726175,-118.27071120966231,0.9734218120574951
CINDER_COMPLEX,0725,456,513,37.0467747654794,-118.25043640055173,0.7430388927459717
CINDER_COMPLEX,0725,555,464,37.02006884358031,-118.26699416132537,0.9761995077133179
CINDER_COMPLEX,0725,595,452,37.009278572105934,-118.27104912314748,0.9930172562599182
CINDER_COMPLEX,0725,587,465,37.01143662640081,-118.26665624784019,0.994217574596405
CINDER_COMPLEX,0725,608,469,37.005771733876756,-118.26530459389949,0.9932332038879395
CINDER_COMPLEX,0725,484,448,37.039221575447336,-118.27240077708818,0.9726032614707947
CINDER_COMPLEX,0725,460,533,37.04569573833196,-118.24367813084821,0.9236228466033936
CINDER_COMPLEX,0725,489,469,37.03787279151304,-118.26530459389949,0.9423408508300781
CINDER_COMPLEX,0725,526,451,37.02789179039924,-118.27138703663266,0.9322302341461182
CINDER_COMPLEX,0725,566,556,37.017101518924854,-118.23590612068917,0.9614755511283875
CINDER_COMPLEX,0725,487,449,37.03841230508675,-118.27206286360301,0.9721399545669556
CINDER_COMPLEX,0725,439,536,37.05136063085601,-118.24266439039269,0.8722041845321655
CINDER_COMPLEX,0725,612,459,37.00469270672932,-118.26868372875124,0.9918049573898315
CINDER_COMPLEX,0725,525,480,37.028161547186095,-118.26158754556255,0.9721701145172119
CINDER_COMPLEX,0725,555,543,37.02006884358031,-118.24029899599645,0.9358309507369995
CINDER_COMPLEX,0725,524,552,37.02843130397295,-118.23725777462987,0.5835984945297241
CINDER_COMPLEX,0725,538,454,37.02465470895692,-118.27037329617713,0.9553315043449402
CINDER_COMPLEX,0725,517,548,37.03031960148097,-118.23860942857057,0.7925636768341064
CINDER_COMPLEX,0725,520,534,37.02951033112039,-118.24334021736304,0.9397069811820984
CINDER_COMPLEX,0725,477,522,37.041109872955346,-118.24739517918515,0.9708417654037476
CINDER_COMPLEX,0725,616,468,37.00361367958188,-118.26564250738467,0.9817043542861938
CINDER_COMPLEX,0725,501,525,37.034635710070724,-118.24638143872963,0.9407799243927002
CINDER_COMPLEX,0725,484,454,37.039221575447336,-118.27037329617713,0.9722996950149536
CINDER_COMPLEX,0725,470,518,37.04299817046336,-118.24874683312585,0.883594810962677
CINDER_COMPLEX,0725,494,496,37.03652400757874,-118.25618092979973,0.9181222915649414
CINDER_COMPLEX,0725,558,552,37.019259573219735,-118.23725777462987,0.9498030543327332
CINDER_COMPLEX,0725,608,472,37.005771733876756,-118.26429085344395,0.9897670745849609
CINDER_COMPLEX,0725,460,453,37.04569573833196,-118.27071120966231,0.9319791793823242
CINDER_COMPLEX,0725,552,434,37.02087811394089,-118.27713156588065,0.8522115349769592
CINDER_COMPLEX,0725,535,457,37.0254639793175,-118.2693595557216,0.9649000763893127
CINDER_COMPLEX,0725,480,517,37.04030060259477,-118.24908474661103,0.9515389800071716
CINDER_COMPLEX,0725,561,530,37.01845030285915,-118.24469187130374,0.9565093517303467
CINDER_COMPLEX,0725,518,482,37.03004984469411,-118.2609117185922,0.9723466634750366
CINDER_COMPLEX,0725,557,465,37.01952933000659,-118.26665624784019,0.9820541143417358
CINDER_COMPLEX,0725,592,542,37.01008784246651,-118.24063690948162,0.682945728302002
CINDER_COMPLEX,0725,525,481,37.028161547186095,-118.26124963207738,0.9722848534584045
CINDER_COMPLEX,0725,506,457,37.03328692613643,-118.2693595557216,0.9753345847129822
CINDER_COMPLEX,0725,582,463,37.012785410335105,-118.26733207481054,0.9930789470672607
CINDER_COMPLEX,0725,551,564,37.021147870727745,-118.23320281280776,0.7273238301277161
CINDER_COMPLEX,0725,539,470,37.02438495217006,-118.2649666804143,0.9741405248641968
CINDER_COMPLEX,0725,512,447,37.031668385415266,-118.27273869057336,0.9608498811721802
CINDER_COMPLEX,0725,456,517,37.0467747654794,-118.24908474661103,0.7587278485298157
CINDER_COMPLEX,0725,571,431,37.015752734990556,-118.27814530633619,0.8117090463638306
CINDER_COMPLEX,0725,513,455,37.03139862862841,-118.27003538269196,0.9745613932609558
CINDER_COMPLEX,0725,504,447,37.03382643971015,-118.27273869057336,0.971871018409729
CINDER_COMPLEX,0725,561,557,37.01845030285915,-118.23556820720398,0.9146398305892944
CINDER_COMPLEX,0725,574,441,37.01494346462998,-118.27476617148442,0.9253601431846619
CINDER_COMPLEX,0725,562,570,37.018180546072294,-118.2311753318967,0.5171204209327698
CINDER_COMPLEX,0725,531,446,37.02654300646494,-118.27307660405853,0.8737401962280273
CINDER_COMPLEX,0725,552,484,37.02087811394089,-118.26023589162185,0.977139413356781
CINDER_COMPLEX,0725,418,519,37.057025523380055,-118.24840891964068,0.65998375415802
CINDER_COMPLEX,0725,581,552,37.01305516712196,-118.23725777462987,0.8904202580451965
CINDER_COMPLEX,0725,525,545,37.028161547186095,-118.2396231690261,0.8677456974983215
CINDER_COMPLEX,0725,542,466,37.02357568180948,-118.26631833435502,0.9782082438468933
CINDER_COMPLEX,0725,539,483,37.02438495217006,-118.26057380510701,0.9741594195365906
CINDER_COMPLEX,0725,509,459,37.03247765577585,-118.26868372875124,0.975215494632721
CINDER_COMPLEX,0725,516,514,37.03058935826783,-118.25009848706657,0.9773335456848145
CINDER_COMPLEX,0725,463,523,37.04488646797138,-118.24705726569998,0.9209455251693726
CINDER_COMPLEX,0725,568,536,37.01656200535114,-118.24266439039269,0.9161892533302307
CINDER_COMPLEX,0725,470,541,37.04299817046336,-118.2409748229668,0.8590113520622253
CINDER_COMPLEX,0725,506,520,37.03328692613643,-118.2480710061555,0.9585767984390259
CINDER_COMPLEX,0725,444,533,37.05001184692171,-118.24367813084821,0.8639739155769348
CINDER_COMPLEX,0725,458,536,37.04623525190568,-118.24266439039269,0.6690166592597961
CINDER_COMPLEX,0725,548,479,37.02195714108833,-118.26192545904773,0.9688826203346252
CINDER_COMPLEX,0725,549,477,37.021687384301465,-118.26260128601808,0.9725692272186279
CINDER_COMPLEX,0725,521,535,37.029240574333535,-118.24300230387786,0.9404532313346863
CINDER_COMPLEX,0725,480,472,37.04030060259477,-118.26429085344395,0.661021888256073
CINDER_COMPLEX,0725,491,535,37.03733327793932,-118.24300230387786,0.7641196846961975
CINDER_COMPLEX,0725,540,437,37.0241151953832,-118.27611782542512,0.8795877695083618
CINDER_COMPLEX,0725,485,471,37.03895181866047,-118.26462876692914,0.7805939316749573
CINDER_COMPLEX,0725,538,487,37.02465470895692,-118.25922215116631,0.969818651676178
CINDER_COMPLEX,0725,547,555,37.022226897875186,-118.23624403417433,0.9429135918617249
CINDER_COMPLEX,0725,555,463,37.02006884358031,-118.26733207481054,0.9778717160224915
CINDER_COMPLEX,0725,528,555,37.02735227682552,-118.23624403417433,0.5692610144615173
CINDER_COMPLEX,0725,494,483,37.03652400757874,-118.26057380510701,0.9120821356773376
CINDER_COMPLEX,0725,531,464,37.02654300646494,-118.26699416132537,0.9734811782836914
CINDER_COMPLEX,0725,517,471,37.03031960148097,-118.26462876692914,0.9717026352882385
CINDER_COMPLEX,0725,572,568,37.0154829782037,-118.23185115886704,0.8380796909332275
CINDER_COMPLEX,0725,595,465,37.009278572105934,-118.26665624784019,0.9964942336082458
CINDER_COMPLEX,0725,487,535,37.03841230508675,-118.24300230387786,0.773303210735321
CINDER_COMPLEX,0725,475,538,37.041649386529066,-118.24198856342234,0.9380642771720886
CINDER_COMPLEX,0725,580,482,37.013324923908826,-118.2609117185922,0.866659939289093
CINDER_COMPLEX,0725,477,545,37.041109872955346,-118.2396231690261,0.573013424873352
CINDER_COMPLEX,0725,510,531,37.032207898988986,-118.24435395781856,0.921882688999176
CINDER_COMPLEX,0725,539,542,37.02438495217006,-118.24063690948162,0.9340357184410095
CINDER_COMPLEX,0725,514,543,37.031128871841545,-118.24029899599645,0.7810248732566833
CINDER_COMPLEX,0725,597,550,37.008739058532214,-118.23793360160022,0.9097204208374023
CINDER_COMPLEX,0725,533,461,37.02600349289122,-118.26800790178089,0.9740481972694397
CINDER_COMPLEX,0725,510,535,37.032207898988986,-118.24300230387786,0.9537917375564575
CINDER_COMPLEX,0725,570,545,37.01602249177742,-118.2396231690261,0.9670161008834839
CINDER_COMPLEX,0725,545,465,37.022766411448906,-118.26665624784019,0.9762176275253296
CINDER_COMPLEX,0725,508,447,37.032747412562706,-118.27273869057336,0.9688587784767151
CINDER_COMPLEX,0725,533,551,37.02600349289122,-118.23759568811505,0.9364912509918213
CINDER_COMPLEX,0725,592,447,37.01008784246651,-118.27273869057336,0.9826768636703491
CINDER_COMPLEX,0725,530,549,37.0268127632518,-118.2382715150854,0.877741813659668
CINDER_COMPLEX,0725,564,512,37.017641032498574,-118.25077431403692,0.7402726411819458
CINDER_COMPLEX,0725,523,452,37.028701060759815,-118.27104912314748,0.9454983472824097
CINDER_COMPLEX,0725,515,469,37.03085911505469,-118.26530459389949,0.9710444808006287
CINDER_COMPLEX,0725,530,477,37.0268127632518,-118.26260128601808,0.9724937081336975
CINDER_COMPLEX,0725,474,539,37.04191914331593,-118.24165064993716,0.8752898573875427
CINDER_COMPLEX,0725,505,500,37.03355668292328,-118.25482927585902,0.9748388528823853
CINDER_COMPLEX,0725,478,524,37.04084011616849,-118.2467193522148,0.9636723399162292
CINDER_COMPLEX,0725,577,531,37.0141341942694,-118.24435395781856,0.7652124762535095
CINDER_COMPLEX,0725,594,470,37.00954832889279,-118.2649666804143,0.9972001314163208
CINDER_COMPLEX,0725,456,542,37.0467747654794,-118.24063690948162,0.5796416401863098
CINDER_COMPLEX,0725,530,550,37.0268127632518,-118.23793360160022,0.8645562529563904
CINDER_COMPLEX,0725,480,473,37.04030060259477,-118.26395293995878,0.5504786968231201
CINDER_COMPLEX,0725,534,443,37.02573373610436,-118.27409034451406,0.8881081342697144
CINDER_COMPLEX,0725,546,457,37.02249665466205,-118.2693595557216,0.965764045715332
CINDER_COMPLEX,0725,559,547,37.01898981643287,-118.23894734205575,0.9492217302322388
CINDER_COMPLEX,0725,483,453,37.03949133223419,-118.27071120966231,0.9722061157226562
CINDER_COMPLEX,0725,463,527,37.04488646797138,-118.24570561175928,0.9176880121231079
CINDER_COMPLEX,0725,535,542,37.0254639793175,-118.24063690948162,0.7993283271789551
CINDER_COMPLEX,0725,546,445,37.02249665466205,-118.27341451754371,0.9266580939292908
CINDER_COMPLEX,0725,568,544,37.01656200535114,-118.23996108251127,0.9563518762588501
CINDER_COMPLEX,0725,473,449,37.042188900102786,-118.27206286360301,0.9658253192901611
CINDER_COMPLEX,0725,591,474,37.01035759925337,-118.2636150264736,0.9912725687026978
CINDER_COMPLEX,0725,539,551,37.02438495217006,-118.23759568811505,0.9442802667617798
CINDER_COMPLEX,0725,552,545,37.02087811394089,-118.2396231690261,0.9382272958755493
CINDER_COMPLEX,0725,598,449,37.00846930174535,-118.27206286360301,0.9903954863548279
CINDER_COMPLEX,0725,476,545,37.04137962974221,-118.2396231690261,0.64381343126297
CINDER_COMPLEX,0725,609,472,37.0055019770899,-118.26429085344395,0.9854522943496704
CINDER_COMPLEX,0725,572,505,37.0154829782037,-118.25313970843315,0.5239968299865723
CINDER_COMPLEX,0725,464,456,37.044616711184524,-118.26969746920678,0.9392678737640381
CINDER_COMPLEX,0725,539,562,37.02438495217006,-118.23387863977811,0.542359471321106
CINDER_COMPLEX,0725,563,449,37.01791078928544,-118.27206286360301,0.9490094780921936
CINDER_COMPLEX,0725,450,527,37.04839330620055,-118.24570561175928,0.9158767461776733
CINDER_COMPLEX,0725,496,492,37.03598449400502,-118.25753258374044,0.9229987263679504
CINDER_COMPLEX,0725,615,468,37.003883436368746,-118.26564250738467,0.9767451882362366
CINDER_COMPLEX,0725,532,558,37.02627324967808,-118.23523029371881,0.8979988098144531
CINDER_COMPLEX,0725,542,471,37.02357568180948,-118.26462876692914,0.9741629362106323
CINDER_COMPLEX,0725,585,435,37.01197613997453,-118.27679365239547,0.8947778344154358
CINDER_COMPLEX,0725,605,459,37.00658100423734,-118.26868372875124,0.9959781169891357
CINDER_COMPLEX,0725,572,475,37.0154829782037,-118.26327711298843,0.9688233137130737
CINDER_COMPLEX,0725,508,526,37.032747412562706,-118.24604352524445,0.9422382116317749
CINDER_COMPLEX,0725,575,574,37.01467370784312,-118.22982367795599,0.7880915403366089
CINDER_COMPLEX,0725,575,529,37.01467370784312,-118.24502978478893,0.6947360634803772
CINDER_COMPLEX,0725,506,453,37.03328692613643,-118.27071120966231,0.9747822880744934
CINDER_COMPLEX,0725,545,454,37.022766411448906,-118.27037329617713,0.9550744295120239
CINDER_COMPLEX,0725,595,472,37.009278572105934,-118.26429085344395,0.9929329752922058
CINDER_COMPLEX,0725,613,473,37.00442294994246,-118.26395293995878,0.9515621662139893
CINDER_COMPLEX,0725,569,462,37.01629224856428,-118.26766998829572,0.9824210405349731
CINDER_COMPLEX,0725,543,555,37.023305925022626,-118.23624403417433,0.9323082566261292
CINDER_COMPLEX,0725,545,453,37.022766411448906,-118.27071120966231,0.9515900611877441
CINDER_COMPLEX,0725,536,463,37.025194222530644,-118.26733207481054,0.975696325302124
CINDER_COMPLEX,0725,590,544,37.01062735604023,-118.23996108251127,0.8418028354644775
CINDER_COMPLEX,0725,588,539,37.011166869613945,-118.24165064993716,0.8755490779876709
CINDER_COMPLEX,0725,564,458,37.017641032498574,-118.26902164223642,0.9781068563461304
CINDER_COMPLEX,0725,577,570,37.0141341942694,-118.2311753318967,0.7338449358940125
CINDER_COMPLEX,0725,566,478,37.017101518924854,-118.2622633725329,0.9883658289909363
CINDER_COMPLEX,0725,446,534,37.04947233334799,-118.24334021736304,0.9162377715110779
CINDER_COMPLEX,0725,562,457,37.018180546072294,-118.2693595557216,0.9724213480949402
CINDER_COMPLEX,0725,485,454,37.03895181866047,-118.27037329617713,0.9713963270187378
CINDER_COMPLEX,0725,605,450,37.00658100423734,-118.27172495011783,0.9896379113197327
CINDER_COMPLEX,0725,537,481,37.02492446574378,-118.26124963207738,0.9739868640899658
CINDER_COMPLEX,0725,459,524,37.04596549511882,-118.2467193522148,0.9291020035743713
CINDER_COMPLEX,0725,588,482,37.011166869613945,-118.2609117185922,0.8835997581481934
CINDER_COMPLEX,0725,524,461,37.02843130397295,-118.26800790178089,0.9724665284156799
CINDER_COMPLEX,0725,454,454,37.04731427905312,-118.27037329617713,0.8824107646942139
CINDER_COMPLEX,0725,509,522,37.03247765577585,-118.24739517918515,0.9577698111534119
CINDER_COMPLEX,0725,483,461,37.03949133223419,-118.26800790178089,0.9666585922241211
CINDER_COMPLEX,0725,504,514,37.03382643971015,-118.25009848706657,0.9681469798088074
CINDER_COMPLEX,0725,562,454,37.018180546072294,-118.27037329617713,0.9625831842422485
CINDER_COMPLEX,0725,497,465,37.03571473721816,-118.26665624784019,0.9677637815475464
CINDER_COMPLEX,0725,526,485,37.02789179039924,-118.25989797813666,0.9722775816917419
CINDER_COMPLEX,0725,492,475,37.037063521152454,-118.26327711298843,0.8351371884346008
CINDER_COMPLEX,0725,467,467,37.04380744082395,-118.26598042086984,0.5336987376213074
CINDER_COMPLEX,0725,557,471,37.01952933000659,-118.26462876692914,0.9802703261375427
CINDER_COMPLEX,0725,474,525,37.04191914331593,-118.24638143872963,0.9366780519485474
CINDER_COMPLEX,0725,580,481,37.013324923908826,-118.26124963207738,0.9514611959457397
CINDER_COMPLEX,0725,568,571,37.01656200535114,-118.23083741841153,0.7610976099967957
CINDER_COMPLEX,0725,524,477,37.02843130397295,-118.26260128601808,0.9720057845115662
CINDER_COMPLEX,0725,564,464,37.017641032498574,-118.26699416132537,0.9835980534553528
CINDER_COMPLEX,0725,531,457,37.02654300646494,-118.2693595557216,0.9646876454353333
CINDER_COMPLEX,0725,497,548,37.03571473721816,-118.23860942857057,0.5580946803092957
CINDER_COMPLEX,0725,558,451,37.019259573219735,-118.27138703663266,0.9494045376777649
CINDER_COMPLEX,0725,558,561,37.019259573219735,-118.23421655326328,0.9254603385925293
CINDER_COMPLEX,0725,519,443,37.02978008790725,-118.27409034451406,0.9050666689872742
CINDER_COMPLEX,0725,531,482,37.02654300646494,-118.2609117185922,0.9727124571800232
CINDER_COMPLEX,0725,491,471,37.03733327793932,-118.26462876692914,0.8788591027259827
CINDER_COMPLEX,0725,492,539,37.037063521152454,-118.24165064993716,0.7681756615638733
CINDER_COMPLEX,0725,507,517,37.03301716934956,-118.24908474661103,0.9795921444892883
CINDER_COMPLEX,0725,593,464,37.00981808567965,-118.26699416132537,0.9969395399093628
CINDER_COMPLEX,0725,606,471,37.006311247450476,-118.26462876692914,0.9906671047210693
CINDER_COMPLEX,0725,539,478,37.02438495217006,-118.2622633725329,0.9723711609840393
CINDER_COMPLEX,0725,505,456,37.03355668292328,-118.26969746920678,0.9754109382629395
CINDER_COMPLEX,0725,461,539,37.0454259815451,-118.24165064993716,0.8705043196678162
CINDER_COMPLEX,0725,526,453,37.02789179039924,-118.27071120966231,0.9415969252586365
CINDER_COMPLEX,0725,503,485,37.034096196497,-118.25989797813666,0.9688743948936462
CINDER_COMPLEX,0725,606,474,37.006311247450476,-118.2636150264736,0.9724013805389404
CINDER_COMPLEX,0725,562,481,37.018180546072294,-118.26124963207738,0.980857253074646
CINDER_COMPLEX,0725,561,441,37.01845030285915,-118.27476617148442,0.9347584843635559
CINDER_COMPLEX,0725,488,469,37.038142548299895,-118.26530459389949,0.9348001480102539
CINDER_COMPLEX,0725,611,472,37.00496246351618,-118.26429085344395,0.9712850451469421
CINDER_COMPLEX,0725,583,474,37.01251565354824,-118.2636150264736,0.9881232976913452
CINDER_COMPLEX,0725,532,549,37.02627324967808,-118.2382715150854,0.9241942167282104
CINDER_COMPLEX,0725,520,446,37.02951033112039,-118.27307660405853,0.9198816418647766
CINDER_COMPLEX,0725,476,465,37.04137962974221,-118.26665624784019,0.9120134711265564
CINDER_COMPLEX,0725,511,547,37.03193814220213,-118.23894734205575,0.8612909317016602
CINDER_COMPLEX,0725,518,446,37.03004984469411,-118.27307660405853,0.9338386058807373
CINDER_COMPLEX,0725,575,542,37.01467370784312,-118.24063690948162,0.9618825912475586
CINDER_COMPLEX,0725,565,453,37.01737127571172,-118.27071120966231,0.9680798649787903
CINDER_COMPLEX,0725,510,447,37.032207898988986,-118.27273869057336,0.9659126400947571
CINDER_COMPLEX,0725,550,434,37.02141762751461,-118.27713156588065,0.8461775183677673
CINDER_COMPLEX,0725,449,529,37.048663062987416,-118.24502978478893,0.8988730311393738
CINDER_COMPLEX,0725,599,554,37.008199544958494,-118.23658194765952,0.7861323356628418
CINDER_COMPLEX,0725,461,458,37.0454259815451,-118.26902164223642,0.8308969140052795
CINDER_COMPLEX,0725,515,483,37.03085911505469,-118.26057380510701,0.9688889384269714
CINDER_COMPLEX,0725,580,553,37.013324923908826,-118.2369198611447,0.9078023433685303
CINDER_COMPLEX,0725,527,488,37.027622033612374,-118.25888423768114,0.9723255634307861
CINDER_COMPLEX,0725,595,466,37.009278572105934,-118.26631833435502,0.9963421821594238
CINDER_COMPLEX,0725,415,523,37.05783479374064,-118.24705726569998,0.8012406229972839
CINDER_COMPLEX,0725,612,474,37.00469270672932,-118.2636150264736,0.94468754529953
CINDER_COMPLEX,0725,482,450,37.03976108902105,-118.27172495011783,0.9707271456718445
CINDER_COMPLEX,0725,565,547,37.01737127571172,-118.23894734205575,0.9616923332214355
CINDER_COMPLEX,0725,562,527,37.018180546072294,-118.24570561175928,0.6759920120239258
CINDER_COMPLEX,0725,547,545,37.022226897875186,-118.2396231690261,0.9327155351638794
CINDER_COMPLEX,0725,576,536,37.01440395105626,-118.24266439039269,0.8008405566215515
CINDER_COMPLEX,0725,493,468,37.0367937643656,-118.26564250738467,0.9569761157035828
CINDER_COMPLEX,0725,505,548,37.03355668292328,-118.23860942857057,0.7673298120498657
CINDER_COMPLEX,0725,514,489,37.031128871841545,-118.25854632419596,0.9556649923324585
CINDER_COMPLEX,0725,517,547,37.03031960148097,-118.23894734205575,0.8619048595428467
CINDER_COMPLEX,0725,551,434,37.021147870727745,-118.27713156588065,0.8461282253265381
CINDER_COMPLEX,0725,590,541,37.01062735604023,-118.2409748229668,0.8212653994560242
CINDER_COMPLEX,0725,578,551,37.013864437482546,-118.23759568811505,0.900533139705658
CINDER_COMPLEX,0725,510,540,37.032207898988986,-118.24131273645199,0.93955397605896
CINDER_COMPLEX,0725,453,538,37.047584035839975,-118.24198856342234,0.8163403868675232
CINDER_COMPLEX,0725,593,486,37.00981808567965,-118.2595600646515,0.5725715756416321
CINDER_COMPLEX,0725,578,542,37.013864437482546,-118.24063690948162,0.9659488201141357
CINDER_COMPLEX,0725,528,482,37.02735227682552,-118.2609117185922,0.9722374081611633
CINDER_COMPLEX,0725,445,522,37.04974209013485,-118.24739517918515,0.882613480091095
CINDER_COMPLEX,0725,578,447,37.013864437482546,-118.27273869057336,0.9754239916801453
CINDER_COMPLEX,0725,496,463,37.03598449400502,-118.26733207481054,0.9685776829719543
CINDER_COMPLEX,0725,530,481,37.0268127632518,-118.26124963207738,0.9725610017776489
CINDER_COMPLEX,0725,544,477,37.02303616823576,-118.26260128601808,0.9722936153411865
CINDER_COMPLEX,0725,547,434,37.022226897875186,-118.27713156588065,0.851676881313324
CINDER_COMPLEX,0725,531,558,37.02654300646494,-118.23523029371881,0.8345193862915039
CINDER_COMPLEX,0725,512,454,37.031668385415266,-118.27037329617713,0.9734411239624023
CINDER_COMPLEX,0725,583,545,37.01251565354824,-118.2396231690261,0.9485448002815247
CINDER_COMPLEX,0725,548,465,37.02195714108833,-118.26665624784019,0.9737527370452881
CINDER_COMPLEX,0725,588,441,37.011166869613945,-118.27476617148442,0.9456861615180969
CINDER_COMPLEX,0725,519,530,37.02978008790725,-118.24469187130374,0.9744994640350342
CINDER_COMPLEX,0725,514,472,37.031128871841545,-118.26429085344395,0.9503759145736694
CINDER_COMPLEX,0725,576,564,37.01440395105626,-118.23320281280776,0.8669689297676086
CINDER_COMPLEX,0725,577,554,37.0141341942694,-118.23658194765952,0.943324863910675
CINDER_COMPLEX,0725,566,560,37.017101518924854,-118.23455446674846,0.9360999464988708
CINDER_COMPLEX,0725,462,542,37.045156224758244,-118.24063690948162,0.8574055433273315
CINDER_COMPLEX,0725,559,453,37.01898981643287,-118.27071120966231,0.9537836313247681
CINDER_COMPLEX,0725,589,472,37.01089711282709,-118.26429085344395,0.9948246479034424
CINDER_COMPLEX,0725,500,466,37.03490546685758,-118.26631833435502,0.9715034365653992
CINDER_COMPLEX,0725,538,549,37.02465470895692,-118.2382715150854,0.9403051137924194
CINDER_COMPLEX,0725,453,517,37.047584035839975,-118.24908474661103,0.6277697682380676
CINDER_COMPLEX,0725,507,521,37.03301716934956,-118.24773309267033,0.9584128260612488
CINDER_COMPLEX,0725,519,479,37.02978008790725,-118.26192545904773,0.9723466634750366
CINDER_COMPLEX,0725,582,456,37.012785410335105,-118.26969746920678,0.9911161065101624
CINDER_COMPLEX,0725,496,466,37.03598449400502,-118.26631833435502,0.9609079360961914
CINDER_COMPLEX,0725,581,451,37.01305516712196,-118.27138703663266,0.9841027855873108
CINDER_COMPLEX,0725,526,549,37.02789179039924,-118.2382715150854,0.7351433038711548
CINDER_COMPLEX,0725,530,545,37.0268127632518,-118.2396231690261,0.8559908270835876
CINDER_COMPLEX,0725,459,515,37.04596549511882,-118.24976057358138,0.8643832802772522
CINDER_COMPLEX,0725,551,473,37.021147870727745,-118.26395293995878,0.9754993915557861
CINDER_COMPLEX,0725,514,546,37.031128871841545,-118.23928525554092,0.8535248041152954
CINDER_COMPLEX,0725,540,465,37.0241151953832,-118.26665624784019,0.9763376116752625
CINDER_COMPLEX,0725,563,471,37.01791078928544,-118.26462876692914,0.9821866154670715
CINDER_COMPLEX,0725,461,517,37.0454259815451,-118.24908474661103,0.9179158806800842
CINDER_COMPLEX,0725,578,432,37.013864437482546,-118.277807392851,0.7987388372421265
CINDER_COMPLEX,0725,595,557,37.009278572105934,-118.23556820720398,0.6099853515625
CINDER_COMPLEX,0725,503,520,37.034096196497,-118.2480710061555,0.9338720440864563
CINDER_COMPLEX,0725,547,553,37.022226897875186,-118.2369198611447,0.9252115488052368
CINDER_COMPLEX,0725,592,451,37.01008784246651,-118.27138703663266,0.9892499446868896
CINDER_COMPLEX,0725,583,472,37.01251565354824,-118.26429085344395,0.9927031397819519
