burnName,date,y,x,lat,lon,predicted_prob
Fishhook,0714,494,531,40.40546656539059,-106.71126915476565,0.902349054813385
Fishhook,0714,543,503,40.392248482834475,-106.72118759699754,0.8226197957992554
Fishhook,0714,545,506,40.391708969260755,-106.72012490675841,0.7835403680801392
Fishhook,0714,514,467,40.400071429653394,-106.73393987986712,0.8770363330841064
Fishhook,0714,492,550,40.4060060789643,-106.70453878325114,0.5496771335601807
Fishhook,0714,490,483,40.40654559253802,-106.72827219859175,0.9563935399055481
Fishhook,0714,482,506,40.4087036468329,-106.72012490675841,0.8998992443084717
Fishhook,0714,530,558,40.395755321063646,-106.70170494261346,0.7766596078872681
Fishhook,0714,530,547,40.395755321063646,-106.70560147349028,0.940102219581604
Fishhook,0714,480,502,40.40924316040662,-106.72154182707725,0.7908300757408142
Fishhook,0714,531,508,40.39548556427679,-106.71941644659898,0.9244627356529236
Fishhook,0714,516,502,40.39953191607968,-106.72154182707725,0.9819172024726868
Fishhook,0714,550,518,40.39036018532646,-106.71587414580188,0.7650316953659058
Fishhook,0714,552,516,40.38982067175274,-106.7165826059613,0.5204236507415771
Fishhook,0714,536,540,40.39413678034249,-106.70808108404825,0.9445392489433289
Fishhook,0714,556,538,40.3887416446053,-106.70878954420766,0.9648534059524536
Fishhook,0714,541,558,40.392787996408195,-106.70170494261346,0.8152732253074646
Fishhook,0714,528,460,40.39629483463737,-106.73641949042509,0.5566743016242981
Fishhook,0714,527,555,40.39656459142422,-106.70276763285258,0.82417893409729
Fishhook,0714,494,530,40.40546656539059,-106.71162338484535,0.902349054813385
Fishhook,0714,542,541,40.39251823962133,-106.70772685396854,0.9498922824859619
Fishhook,0714,491,530,40.40627583575117,-106.71162338484535,0.887793779373169
Fishhook,0714,524,480,40.3973738617848,-106.72933488883089,0.9134218096733093
Fishhook,0714,560,546,40.38766261745786,-106.70595570356998,0.8440123200416565
Fishhook,0714,541,573,40.392787996408195,-106.6963914914178,0.6044701337814331
Fishhook,0714,482,472,40.4087036468329,-106.73216872946857,0.9134921431541443
Fishhook,0714,495,488,40.405196808603726,-106.7265010481932,0.9567006826400757
Fishhook,0714,560,552,40.38766261745786,-106.70383032309172,0.873504102230072
Fishhook,0714,545,575,40.391708969260755,-106.69568303125837,0.6412200331687927
Fishhook,0714,520,465,40.39845288893224,-106.73464834002654,0.8728073239326477
Fishhook,0714,480,526,40.40924316040662,-106.7130403051642,0.6887441873550415
Fishhook,0714,508,536,40.401689970374555,-106.70949800436709,0.8951829075813293
Fishhook,0714,553,534,40.38955091496588,-106.71020646452651,0.9609832763671875
Fishhook,0714,539,516,40.39332750998191,-106.7165826059613,0.9083064198493958
Fishhook,0714,486,553,40.407624619685464,-106.70347609301201,0.5521005988121033
Fishhook,0714,557,576,40.38847188781844,-106.69532880117866,0.7327989935874939
Fishhook,0714,528,494,40.39629483463737,-106.72437566771494,0.9226481318473816
Fishhook,0714,484,458,40.408164133259184,-106.73712795058452,0.7984623312950134
Fishhook,0714,528,561,40.39629483463737,-106.70064225237432,0.7049776315689087
Fishhook,0714,516,464,40.39953191607968,-106.73500257010626,0.9034503102302551
Fishhook,0714,473,463,40.411131457914635,-106.73535680018597,0.5645055770874023
Fishhook,0714,526,472,40.39683434821109,-106.73216872946857,0.8259042501449585
Fishhook,0714,505,493,40.40249924073513,-106.72472989779465,0.9844400882720947
Fishhook,0714,513,456,40.40034118644026,-106.73783641074394,0.5225569605827332
Fishhook,0714,541,542,40.392787996408195,-106.70737262388883,0.9489179849624634
Fishhook,0714,518,558,40.39899240250596,-106.70170494261346,0.6472384333610535
Fishhook,0714,504,459,40.402768997521996,-106.73677372050481,0.8596088886260986
Fishhook,0714,473,482,40.411131457914635,-106.72862642867146,0.5951628684997559
Fishhook,0714,565,535,40.386313833523566,-106.7098522344468,0.5345295667648315
Fishhook,0714,513,500,40.40034118644026,-106.72225028723668,0.9876052141189575
Fishhook,0714,570,534,40.38496504958927,-106.71020646452651,0.5071136355400085
Fishhook,0714,537,491,40.39386702355563,-106.72543835795406,0.8897206783294678
Fishhook,0714,517,459,40.39926215929282,-106.73677372050481,0.8511443734169006
Fishhook,0714,526,558,40.39683434821109,-106.70170494261346,0.7485886812210083
Fishhook,0714,520,547,40.39845288893224,-106.70560147349028,0.8394405841827393
Fishhook,0714,476,509,40.41032218755406,-106.71906221651928,0.5139734148979187
Fishhook,0714,531,468,40.39548556427679,-106.73358564978741,0.5273877382278442
Fishhook,0714,486,544,40.407624619685464,-106.7066641637294,0.6428256630897522
Fishhook,0714,512,530,40.400610943227115,-106.71162338484535,0.9357475638389587
Fishhook,0714,521,545,40.398183132145384,-106.70630993364969,0.8664599061012268
Fishhook,0714,552,568,40.38982067175274,-106.69816264181635,0.8065146803855896
Fishhook,0714,541,553,40.392787996408195,-106.70347609301201,0.9306828379631042
Fishhook,0714,528,465,40.39629483463737,-106.73464834002654,0.6237698793411255
Fishhook,0714,525,513,40.39710410499794,-106.71764529620043,0.9741608500480652
Fishhook,0714,481,483,40.40897340361976,-106.72827219859175,0.9154766201972961
Fishhook,0714,522,552,40.39791337535852,-106.70383032309172,0.7595457434654236
Fishhook,0714,511,473,40.40088070001398,-106.73181449938886,0.9429062008857727
Fishhook,0714,560,550,40.38766261745786,-106.70453878325114,0.87698894739151
Fishhook,0714,473,469,40.411131457914635,-106.7332314197077,0.6392331123352051
Fishhook,0714,546,507,40.3914392124739,-106.71977067667869,0.7771504521369934
Fishhook,0714,551,558,40.390090428539594,-106.70170494261346,0.9306690692901611
Fishhook,0714,469,555,40.412210485062076,-106.70276763285258,0.6114979982376099
Fishhook,0714,505,480,40.40249924073513,-106.72933488883089,0.975909411907196
Fishhook,0714,531,559,40.39548556427679,-106.70135071253374,0.6452834606170654
Fishhook,0714,498,541,40.40438753824315,-106.70772685396854,0.72618168592453
Fishhook,0714,548,542,40.39089969890018,-106.70737262388883,0.964373767375946
Fishhook,0714,539,552,40.39332750998191,-106.70383032309172,0.9389130473136902
Fishhook,0714,546,549,40.3914392124739,-106.70489301333085,0.9516727328300476
Fishhook,0714,539,498,40.39332750998191,-106.72295874739609,0.902349054813385
Fishhook,0714,549,518,40.390629942113314,-106.71587414580188,0.8381090760231018
Fishhook,0714,558,527,40.38820213103158,-106.71268607508449,0.6734305024147034
Fishhook,0714,518,474,40.39899240250596,-106.73146026930915,0.9261354207992554
Fishhook,0714,547,557,40.391169455687034,-106.70205917269317,0.9371514320373535
Fishhook,0714,524,493,40.3973738617848,-106.72472989779465,0.9552720785140991
Fishhook,0714,492,471,40.4060060789643,-106.73252295954828,0.9417567253112793
Fishhook,0714,535,483,40.39440653712935,-106.72827219859175,0.7661395072937012
Fishhook,0714,478,529,40.40978267398034,-106.71197761492506,0.7349358797073364
Fishhook,0714,474,492,40.41086170112778,-106.72508412787435,0.544876217842102
Fishhook,0714,513,477,40.40034118644026,-106.73039757907002,0.9444424510002136
Fishhook,0714,566,561,40.3860440767367,-106.70064225237432,0.5934995412826538
Fishhook,0714,476,552,40.41032218755406,-106.70383032309172,0.5863853096961975
Fishhook,0714,491,519,40.40627583575117,-106.71551991572217,0.9205946326255798
Fishhook,0714,524,553,40.3973738617848,-106.70347609301201,0.7832755446434021
Fishhook,0714,534,500,40.394676293916206,-106.72225028723668,0.902349054813385
Fishhook,0714,494,477,40.40546656539059,-106.73039757907002,0.9421648383140564
Fishhook,0714,526,504,40.39683434821109,-106.72083336691783,0.9626420736312866
Fishhook,0714,539,492,40.39332750998191,-106.72508412787435,0.8399177193641663
Fishhook,0714,494,518,40.40546656539059,-106.71587414580188,0.9418722987174988
Fishhook,0714,572,560,40.38442553601555,-106.70099648245403,0.5000618696212769
Fishhook,0714,500,542,40.40384802466943,-106.70737262388883,0.7434555292129517
Fishhook,0714,484,462,40.408164133259184,-106.73571103026568,0.9153891205787659
Fishhook,0714,573,538,40.38415577922869,-106.70878954420766,0.5524237751960754
Fishhook,0714,554,529,40.38928115817902,-106.71197761492506,0.9202516674995422
Fishhook,0714,573,537,40.38415577922869,-106.70914377428738,0.5421426296234131
Fishhook,0714,506,478,40.402229483948275,-106.7300433489903,0.9719753265380859
Fishhook,0714,485,517,40.40789437647232,-106.71622837588158,0.9229620695114136
Fishhook,0714,496,484,40.40492705181687,-106.72791796851205,0.957009494304657
Fishhook,0714,484,546,40.408164133259184,-106.70595570356998,0.5071964263916016
Fishhook,0714,485,487,40.40789437647232,-106.72685527827291,0.9498002529144287
Fishhook,0714,523,471,40.397643618571664,-106.73252295954828,0.8792859315872192
Fishhook,0714,499,527,40.40411778145629,-106.71268607508449,0.9144101738929749
Fishhook,0714,499,472,40.40411778145629,-106.73216872946857,0.9541817903518677
Fishhook,0714,508,553,40.401689970374555,-106.70347609301201,0.5577428936958313
Fishhook,0714,483,522,40.40843389004604,-106.71445722548303,0.807876706123352
Fishhook,0714,499,542,40.40411778145629,-106.70737262388883,0.74496990442276
Fishhook,0714,509,526,40.4014202135877,-106.7130403051642,0.9471381306648254
Fishhook,0714,539,564,40.39332750998191,-106.69957956213518,0.6431528925895691
Fishhook,0714,485,491,40.40789437647232,-106.72543835795406,0.9396113157272339
Fishhook,0714,556,556,40.3887416446053,-106.70241340277288,0.9360933303833008
Fishhook,0714,565,542,40.386313833523566,-106.70737262388883,0.5429345965385437
Fishhook,0714,535,542,40.39440653712935,-106.70737262388883,0.9446556568145752
Fishhook,0714,528,516,40.39629483463737,-106.7165826059613,0.9729036688804626
Fishhook,0714,512,469,40.400610943227115,-106.7332314197077,0.8535144329071045
Fishhook,0714,528,463,40.39629483463737,-106.73535680018597,0.5693997144699097
Fishhook,0714,486,497,40.407624619685464,-106.7233129774758,0.9294124841690063
Fishhook,0714,479,554,40.40951291719348,-106.70312186293229,0.5488556623458862
Fishhook,0714,523,493,40.397643618571664,-106.72472989779465,0.9627859592437744
Fishhook,0714,500,479,40.40384802466943,-106.7296891189106,0.9641438722610474
Fishhook,0714,509,478,40.4014202135877,-106.7300433489903,0.958467423915863
Fishhook,0714,525,482,40.39710410499794,-106.72862642867146,0.9095222353935242
Fishhook,0714,473,486,40.411131457914635,-106.72720950835262,0.5836465954780579
Fishhook,0714,510,524,40.401150456800835,-106.71374876532361,0.9615268111228943
Fishhook,0714,513,464,40.40034118644026,-106.73500257010626,0.9181570410728455
Fishhook,0714,529,466,40.3960250778505,-106.73429410994683,0.6393926739692688
Fishhook,0714,545,560,40.391708969260755,-106.70099648245403,0.7517560124397278
Fishhook,0714,543,519,40.392248482834475,-106.71551991572217,0.9004911780357361
Fishhook,0714,542,475,40.39251823962133,-106.73110603922943,0.5982088446617126
Fishhook,0714,468,550,40.41248024184893,-106.70453878325114,0.505484938621521
Fishhook,0714,495,475,40.405196808603726,-106.73110603922943,0.9537699818611145
Fishhook,0714,486,518,40.407624619685464,-106.71587414580188,0.9217430949211121
Fishhook,0714,527,546,40.39656459142422,-106.70595570356998,0.9273744225502014
Fishhook,0714,552,553,40.38982067175274,-106.70347609301201,0.959762692451477
Fishhook,0714,515,476,40.39980167286654,-106.73075180914972,0.9406701922416687
Fishhook,0714,525,495,40.39710410499794,-106.72402143763523,0.9461387395858765
Fishhook,0714,496,544,40.40492705181687,-106.7066641637294,0.7585784792900085
Fishhook,0714,535,495,40.39440653712935,-106.72402143763523,0.9037704467773438
Fishhook,0714,522,502,40.39791337535852,-106.72154182707725,0.9815515279769897
Fishhook,0714,481,552,40.40897340361976,-106.70383032309172,0.5698713660240173
Fishhook,0714,491,474,40.40627583575117,-106.73146026930915,0.943960428237915
Fishhook,0714,510,534,40.401150456800835,-106.71020646452651,0.9102106690406799
Fishhook,0714,542,566,40.39251823962133,-106.69887110197577,0.567132294178009
Fishhook,0714,511,562,40.40088070001398,-106.70028802229461,0.526900589466095
Fishhook,0714,537,553,40.39386702355563,-106.70347609301201,0.9296367764472961
Fishhook,0714,571,550,40.384695292802405,-106.70453878325114,0.5327823758125305
Fishhook,0714,498,527,40.40438753824315,-106.71268607508449,0.9080744981765747
Fishhook,0714,543,491,40.392248482834475,-106.72543835795406,0.7174110412597656
Fishhook,0714,558,529,40.38820213103158,-106.71197761492506,0.7801522612571716
Fishhook,0714,564,560,40.38658359031042,-106.70099648245403,0.8591499328613281
Fishhook,0714,491,521,40.40627583575117,-106.71481145556275,0.9091070890426636
Fishhook,0714,506,482,40.402229483948275,-106.72862642867146,0.9714973568916321
Fishhook,0714,489,470,40.40681534932489,-106.73287718962798,0.9392331838607788
Fishhook,0714,535,563,40.39440653712935,-106.6999337922149,0.5794528126716614
Fishhook,0714,511,483,40.40088070001398,-106.72827219859175,0.96390300989151
Fishhook,0714,511,551,40.40088070001398,-106.70418455317143,0.6044509410858154
Fishhook,0714,511,529,40.40088070001398,-106.71197761492506,0.9348638653755188
Fishhook,0714,494,483,40.40546656539059,-106.72827219859175,0.9615469574928284
Fishhook,0714,564,543,40.38658359031042,-106.70701839380911,0.778752326965332
Fishhook,0714,475,476,40.410591944340915,-106.73075180914972,0.772344708442688
Fishhook,0714,530,546,40.395755321063646,-106.70595570356998,0.9458874464035034
Fishhook,0714,540,520,40.39305775319505,-106.71516568564246,0.9183759093284607
Fishhook,0714,536,546,40.39413678034249,-106.70595570356998,0.9560633301734924
Fishhook,0714,486,461,40.407624619685464,-106.73606526034538,0.8596752882003784
Fishhook,0714,500,495,40.40384802466943,-106.72402143763523,0.9698806405067444
Fishhook,0714,511,561,40.40088070001398,-106.70064225237432,0.5447415113449097
Fishhook,0714,521,555,40.398183132145384,-106.70276763285258,0.6874460577964783
Fishhook,0714,527,505,40.39656459142422,-106.72047913683812,0.9577727913856506
Fishhook,0714,475,474,40.410591944340915,-106.73146026930915,0.8071171045303345
Fishhook,0714,486,539,40.407624619685464,-106.70843531412795,0.7849926352500916
Fishhook,0714,548,557,40.39089969890018,-106.70205917269317,0.9413543343544006
Fishhook,0714,476,457,40.41032218755406,-106.73748218066423,0.6435489058494568
Fishhook,0714,471,552,40.411670971488356,-106.70383032309172,0.6047061085700989
Fishhook,0714,495,533,40.405196808603726,-106.71056069460622,0.8948197364807129
Fishhook,0714,537,551,40.39386702355563,-106.70418455317143,0.9340871572494507
Fishhook,0714,541,562,40.392787996408195,-106.70028802229461,0.6470440030097961
Fishhook,0714,513,561,40.40034118644026,-106.70064225237432,0.573035478591919
Fishhook,0714,526,559,40.39683434821109,-106.70135071253374,0.7041704654693604
Fishhook,0714,481,518,40.40897340361976,-106.71587414580188,0.7918258905410767
Fishhook,0714,518,454,40.39899240250596,-106.73854487090335,0.5374512076377869
Fishhook,0714,527,557,40.39656459142422,-106.70205917269317,0.764152467250824
Fishhook,0714,493,536,40.40573632217745,-106.70949800436709,0.8493598103523254
Fishhook,0714,536,470,40.39413678034249,-106.73287718962798,0.525540292263031
Fishhook,0714,509,485,40.4014202135877,-106.72756373843234,0.975858211517334
Fishhook,0714,517,550,40.39926215929282,-106.70453878325114,0.6606728434562683
Fishhook,0714,546,475,40.3914392124739,-106.73110603922943,0.5799058675765991
Fishhook,0714,490,461,40.40654559253802,-106.73606526034538,0.8261795043945312
Fishhook,0714,534,527,40.394676293916206,-106.71268607508449,0.9552859663963318
Fishhook,0714,508,473,40.401689970374555,-106.73181449938886,0.9574101567268372
Fishhook,0714,547,533,40.391169455687034,-106.71056069460622,0.9543888568878174
Fishhook,0714,554,540,40.38928115817902,-106.70808108404825,0.9710814356803894
Fishhook,0714,486,537,40.407624619685464,-106.70914377428738,0.8052264451980591
Fishhook,0714,484,457,40.408164133259184,-106.73748218066423,0.765701413154602
Fishhook,0714,492,546,40.4060060789643,-106.70595570356998,0.6904135346412659
Fishhook,0714,522,474,40.39791337535852,-106.73146026930915,0.895038902759552
Fishhook,0714,556,564,40.3887416446053,-106.69957956213518,0.8815913796424866
Fishhook,0714,504,471,40.402768997521996,-106.73252295954828,0.9629315733909607
Fishhook,0714,487,517,40.4073548628986,-106.71622837588158,0.9260926246643066
Fishhook,0714,491,461,40.40627583575117,-106.73606526034538,0.8365353941917419
Fishhook,0714,555,529,40.38901140139216,-106.71197761492506,0.8768734931945801
Fishhook,0714,519,487,40.3987226457191,-106.72685527827291,0.9621339440345764
Fishhook,0714,540,555,40.39305775319505,-106.70276763285258,0.9185670018196106
Fishhook,0714,498,534,40.40438753824315,-106.71020646452651,0.8768922090530396
Fishhook,0714,483,485,40.40843389004604,-106.72756373843234,0.920107901096344
Fishhook,0714,533,527,40.39494605070307,-106.71268607508449,0.9618366360664368
Fishhook,0714,561,571,40.387392860671,-106.69709995157721,0.8436276316642761
Fishhook,0714,566,554,40.3860440767367,-106.70312186293229,0.623015284538269
Fishhook,0714,477,485,40.410052430767195,-106.72756373843234,0.8216652870178223
Fishhook,0714,518,456,40.39899240250596,-106.73783641074394,0.5706023573875427
Fishhook,0714,515,462,40.39980167286654,-106.73571103026568,0.8967786431312561
Fishhook,0714,555,546,40.38901140139216,-106.70595570356998,0.9575715661048889
Fishhook,0714,516,484,40.39953191607968,-106.72791796851205,0.9699262380599976
Fishhook,0714,526,492,40.39683434821109,-106.72508412787435,0.9346359372138977
Fishhook,0714,518,546,40.39899240250596,-106.70595570356998,0.825573205947876
Fishhook,0714,510,473,40.401150456800835,-106.73181449938886,0.9514658451080322
Fishhook,0714,492,465,40.4060060789643,-106.73464834002654,0.9289031028747559
Fishhook,0714,481,535,40.40897340361976,-106.7098522344468,0.6836925148963928
Fishhook,0714,533,547,40.39494605070307,-106.70560147349028,0.938359260559082
Fishhook,0714,514,476,40.400071429653394,-106.73075180914972,0.9390891194343567
Fishhook,0714,475,537,40.410591944340915,-106.70914377428738,0.5966585874557495
Fishhook,0714,518,541,40.39899240250596,-106.70772685396854,0.9275676608085632
Fishhook,0714,536,536,40.39413678034249,-106.70949800436709,0.9512808918952942
Fishhook,0714,532,543,40.395215807489926,-106.70701839380911,0.937648594379425
Fishhook,0714,491,538,40.40627583575117,-106.70878954420766,0.8422755599021912
Fishhook,0714,477,461,40.410052430767195,-106.73606526034538,0.8259297609329224
Fishhook,0714,506,479,40.402229483948275,-106.7296891189106,0.9757933616638184
Fishhook,0714,558,538,40.38820213103158,-106.70878954420766,0.9407696723937988
Fishhook,0714,539,526,40.39332750998191,-106.7130403051642,0.9302140474319458
Fishhook,0714,561,534,40.387392860671,-106.71020646452651,0.7701078057289124
Fishhook,0714,480,466,40.40924316040662,-106.73429410994683,0.8486358523368835
Fishhook,0714,531,493,40.39548556427679,-106.72472989779465,0.9095820188522339
Fishhook,0714,488,485,40.407085106111744,-106.72756373843234,0.9521798491477966
Fishhook,0714,494,492,40.40546656539059,-106.72508412787435,0.9556949138641357
Fishhook,0714,479,479,40.40951291719348,-106.7296891189106,0.9053030014038086
Fishhook,0714,509,471,40.4014202135877,-106.73252295954828,0.9439724683761597
Fishhook,0714,506,546,40.402229483948275,-106.70595570356998,0.5367031097412109
Fishhook,0714,504,456,40.402768997521996,-106.73783641074394,0.6786455512046814
Fishhook,0714,504,540,40.402768997521996,-106.70808108404825,0.7673227787017822
Fishhook,0714,492,520,40.4060060789643,-106.71516568564246,0.9251578450202942
Fishhook,0714,492,539,40.4060060789643,-106.70843531412795,0.8500909209251404
Fishhook,0714,555,557,40.38901140139216,-106.70205917269317,0.9429365396499634
Fishhook,0714,464,563,40.41355926899637,-106.6999337922149,0.6242920756340027
Fishhook,0714,528,470,40.39629483463737,-106.73287718962798,0.6872903108596802
Fishhook,0714,499,498,40.40411778145629,-106.72295874739609,0.9653756618499756
Fishhook,0714,485,488,40.40789437647232,-106.7265010481932,0.9450466632843018
Fishhook,0714,558,533,40.38820213103158,-106.71056069460622,0.8628811240196228
Fishhook,0714,556,532,40.3887416446053,-106.71091492468594,0.8284629583358765
Fishhook,0714,527,481,40.39656459142422,-106.72898065875117,0.9079826474189758
Fishhook,0714,526,475,40.39683434821109,-106.73110603922943,0.8548595309257507
Fishhook,0714,544,478,40.39197872604761,-106.7300433489903,0.6989263296127319
Fishhook,0714,509,475,40.4014202135877,-106.73110603922943,0.954258382320404
Fishhook,0714,476,496,40.41032218755406,-106.72366720755551,0.5530721545219421
Fishhook,0714,496,473,40.40492705181687,-106.73181449938886,0.9502381086349487
Fishhook,0714,495,485,40.405196808603726,-106.72756373843234,0.9565401077270508
Fishhook,0714,583,530,40.38145821136009,-106.71162338484535,0.5315738916397095
Fishhook,0714,472,552,40.4114012147015,-106.70383032309172,0.6074173450469971
Fishhook,0714,474,533,40.41086170112778,-106.71056069460622,0.5637354850769043
Fishhook,0714,488,484,40.407085106111744,-106.72791796851205,0.952446460723877
Fishhook,0714,540,484,40.39305775319505,-106.72791796851205,0.6624887585639954
Fishhook,0714,472,551,40.4114012147015,-106.70418455317143,0.5661391019821167
Fishhook,0714,481,454,40.40897340361976,-106.73854487090335,0.7397614121437073
Fishhook,0714,561,576,40.387392860671,-106.69532880117866,0.6793485879898071
Fishhook,0714,551,563,40.390090428539594,-106.6999337922149,0.7926482558250427
Fishhook,0714,464,554,40.41355926899637,-106.70312186293229,0.6416438221931458
Fishhook,0714,481,479,40.40897340361976,-106.7296891189106,0.9328591823577881
Fishhook,0714,506,528,40.402229483948275,-106.71233184500477,0.9214354753494263
Fishhook,0714,517,556,40.39926215929282,-106.70241340277288,0.628524124622345
Fishhook,0714,524,512,40.3973738617848,-106.71799952628014,0.9764426946640015
Fishhook,0714,487,487,40.4073548628986,-106.72685527827291,0.9530160427093506
Fishhook,0714,521,457,40.398183132145384,-106.73748218066423,0.6011348366737366
Fishhook,0714,495,543,40.405196808603726,-106.70701839380911,0.7794581055641174
Fishhook,0714,540,496,40.39305775319505,-106.72366720755551,0.8887999057769775
Fishhook,0714,550,534,40.39036018532646,-106.71020646452651,0.9587422013282776
Fishhook,0714,534,526,40.394676293916206,-106.7130403051642,0.9555479884147644
Fishhook,0714,492,532,40.4060060789643,-106.71091492468594,0.8817663788795471
Fishhook,0714,461,553,40.41436853935695,-106.70347609301201,0.5261185169219971
Fishhook,0714,559,553,40.38793237424472,-106.70347609301201,0.8883776664733887
Fishhook,0714,545,561,40.391708969260755,-106.70064225237432,0.6813361048698425
Fishhook,0714,569,536,40.385234806376126,-106.70949800436709,0.5278633236885071
Fishhook,0714,521,480,40.398183132145384,-106.72933488883089,0.9231016039848328
Fishhook,0714,535,475,40.39440653712935,-106.73110603922943,0.7084821462631226
Fishhook,0714,550,523,40.39036018532646,-106.71410299540332,0.8722240924835205
Fishhook,0714,487,494,40.4073548628986,-106.72437566771494,0.9391946196556091
Fishhook,0714,488,461,40.407085106111744,-106.73606526034538,0.78151935338974
Fishhook,0714,516,543,40.39953191607968,-106.70701839380911,0.8783555626869202
Fishhook,0714,500,485,40.40384802466943,-106.72756373843234,0.971832811832428
Fishhook,0714,490,477,40.40654559253802,-106.73039757907002,0.9452762007713318
Fishhook,0714,527,462,40.39656459142422,-106.73571103026568,0.5995338559150696
Fishhook,0714,485,475,40.40789437647232,-106.73110603922943,0.9391771554946899
Fishhook,0714,522,561,40.39791337535852,-106.70064225237432,0.5481008887290955
Fishhook,0714,487,514,40.4073548628986,-106.71729106612072,0.9381920695304871
Fishhook,0714,462,557,40.41409878257009,-106.70205917269317,0.5646121501922607
Fishhook,0714,523,496,40.397643618571664,-106.72366720755551,0.9673243165016174
Fishhook,0714,495,459,40.405196808603726,-106.73677372050481,0.5463537573814392
Fishhook,0714,559,544,40.38793237424472,-106.7066641637294,0.8631978631019592
Fishhook,0714,526,494,40.39683434821109,-106.72437566771494,0.9364420771598816
Fishhook,0714,486,467,40.407624619685464,-106.73393987986712,0.9204760193824768
Fishhook,0714,496,522,40.40492705181687,-106.71445722548303,0.9213480353355408
Fishhook,0714,478,510,40.40978267398034,-106.71870798643957,0.7112414836883545
Fishhook,0714,513,546,40.40034118644026,-106.70595570356998,0.704444408416748
Fishhook,0714,553,541,40.38955091496588,-106.70772685396854,0.9730311632156372
Fishhook,0714,488,467,40.407085106111744,-106.73393987986712,0.919053852558136
Fishhook,0714,571,538,40.384695292802405,-106.70878954420766,0.5037698745727539
Fishhook,0714,548,556,40.39089969890018,-106.70241340277288,0.9443350434303284
Fishhook,0714,541,493,40.392787996408195,-106.72472989779465,0.7814281582832336
Fishhook,0714,494,459,40.40546656539059,-106.73677372050481,0.6317636966705322
Fishhook,0714,526,493,40.39683434821109,-106.72472989779465,0.9403693079948425
Fishhook,0714,553,525,40.38955091496588,-106.7133945352439,0.8255077600479126
Fishhook,0714,537,479,40.39386702355563,-106.7296891189106,0.6869238615036011
Fishhook,0714,545,530,40.391708969260755,-106.71162338484535,0.936876654624939
Fishhook,0714,461,559,40.41436853935695,-106.70135071253374,0.5879225730895996
Fishhook,0714,546,536,40.3914392124739,-106.70949800436709,0.958985447883606
Fishhook,0714,563,534,40.386853347097286,-106.71020646452651,0.7608823180198669
Fishhook,0714,542,469,40.39251823962133,-106.7332314197077,0.510047197341919
Fishhook,0714,464,551,40.41355926899637,-106.70418455317143,0.5530492663383484
Fishhook,0714,545,520,40.391708969260755,-106.71516568564246,0.8898983001708984
Fishhook,0714,563,574,40.386853347097286,-106.69603726133809,0.781359076499939
Fishhook,0714,546,493,40.3914392124739,-106.72472989779465,0.5704734325408936
Fishhook,0714,549,572,40.390629942113314,-106.6967457214975,0.8379455804824829
Fishhook,0714,486,533,40.407624619685464,-106.71056069460622,0.7877749800682068
Fishhook,0714,555,549,40.38901140139216,-106.70489301333085,0.9582497477531433
Fishhook,0714,486,540,40.407624619685464,-106.70808108404825,0.7657421231269836
Fishhook,0714,483,479,40.40843389004604,-106.7296891189106,0.9453321695327759
Fishhook,0714,577,537,40.38307675208125,-106.70914377428738,0.5955305695533752
Fishhook,0714,524,484,40.3973738617848,-106.72791796851205,0.9237768650054932
Fishhook,0714,504,475,40.402768997521996,-106.73110603922943,0.980199933052063
Fishhook,0714,509,559,40.4014202135877,-106.70135071253374,0.5737193822860718
Fishhook,0714,546,478,40.3914392124739,-106.7300433489903,0.6988503932952881
Fishhook,0714,492,530,40.4060060789643,-106.71162338484535,0.902349054813385
Fishhook,0714,562,543,40.38712310388414,-106.70701839380911,0.8820319175720215
Fishhook,0714,516,555,40.39953191607968,-106.70276763285258,0.6111643314361572
Fishhook,0714,524,469,40.3973738617848,-106.7332314197077,0.7948458194732666
Fishhook,0714,518,561,40.39899240250596,-106.70064225237432,0.5884115099906921
Fishhook,0714,524,479,40.3973738617848,-106.7296891189106,0.9076038002967834
Fishhook,0714,540,504,40.39305775319505,-106.72083336691783,0.897870659828186
Fishhook,0714,487,536,40.4073548628986,-106.70949800436709,0.7924381494522095
Fishhook,0714,533,490,40.39494605070307,-106.72579258803378,0.9084569215774536
Fishhook,0714,474,528,40.41086170112778,-106.71233184500477,0.5779614448547363
Fishhook,0714,477,540,40.410052430767195,-106.70808108404825,0.5117312669754028
Fishhook,0714,477,504,40.410052430767195,-106.72083336691783,0.5519200563430786
Fishhook,0714,533,479,40.39494605070307,-106.7296891189106,0.7441237568855286
Fishhook,0714,493,528,40.40573632217745,-106.71233184500477,0.902349054813385
Fishhook,0714,546,504,40.3914392124739,-106.72083336691783,0.8035776019096375
Fishhook,0714,527,518,40.39656459142422,-106.71587414580188,0.9726749658584595
Fishhook,0714,480,517,40.40924316040662,-106.71622837588158,0.7650015950202942
Fishhook,0714,539,502,40.39332750998191,-106.72154182707725,0.902349054813385
Fishhook,0714,539,466,40.39332750998191,-106.73429410994683,0.5874482989311218
Fishhook,0714,542,542,40.39251823962133,-106.70737262388883,0.9530887603759766
Fishhook,0714,493,539,40.40573632217745,-106.70843531412795,0.8520940542221069
Fishhook,0714,491,525,40.40627583575117,-106.7133945352439,0.902349054813385
Fishhook,0714,517,542,40.39926215929282,-106.70737262388883,0.8997297883033752
Fishhook,0714,564,535,40.38658359031042,-106.7098522344468,0.784005880355835
Fishhook,0714,495,521,40.405196808603726,-106.71481145556275,0.9294518232345581
Fishhook,0714,526,561,40.39683434821109,-106.70064225237432,0.6932584047317505
Fishhook,0714,497,472,40.404657295030006,-106.73216872946857,0.9492374658584595
Fishhook,0714,537,476,40.39386702355563,-106.73075180914972,0.6325101256370544
Fishhook,0714,555,570,40.38901140139216,-106.69745418165692,0.8734263777732849
Fishhook,0714,479,545,40.40951291719348,-106.70630993364969,0.5081653594970703
Fishhook,0714,538,505,40.39359726676877,-106.72047913683812,0.902349054813385
Fishhook,0714,548,503,40.39089969890018,-106.72118759699754,0.6395317316055298
Fishhook,0714,503,461,40.40303875430885,-106.73606526034538,0.8891778588294983
Fishhook,0714,493,491,40.40573632217745,-106.72543835795406,0.9581599831581116
Fishhook,0714,557,542,40.38847188781844,-106.70737262388883,0.9616636037826538
Fishhook,0714,482,457,40.4087036468329,-106.73748218066423,0.7067104578018188
Fishhook,0714,551,550,40.390090428539594,-106.70453878325114,0.9651678204536438
Fishhook,0714,541,516,40.392787996408195,-106.7165826059613,0.9040341377258301
Fishhook,0714,543,488,40.392248482834475,-106.7265010481932,0.6205055713653564
Fishhook,0714,537,547,40.39386702355563,-106.70560147349028,0.9469289779663086
Fishhook,0714,498,484,40.40438753824315,-106.72791796851205,0.9664684534072876
Fishhook,0714,531,504,40.39548556427679,-106.72083336691783,0.9169185161590576
Fishhook,0714,533,561,40.39494605070307,-106.70064225237432,0.6390473246574402
Fishhook,0714,503,542,40.40303875430885,-106.70737262388883,0.7418566942214966
Fishhook,0714,494,548,40.40546656539059,-106.70524724341057,0.7044882774353027
Fishhook,0714,520,556,40.39845288893224,-106.70241340277288,0.6543346047401428
Fishhook,0714,520,452,40.39845288893224,-106.73925333106278,0.5127074122428894
Fishhook,0714,510,483,40.401150456800835,-106.72827219859175,0.9722555875778198
Fishhook,0714,563,538,40.386853347097286,-106.70878954420766,0.7350189685821533
Fishhook,0714,512,558,40.400610943227115,-106.70170494261346,0.732737123966217
Fishhook,0714,536,559,40.39413678034249,-106.70135071253374,0.8073219656944275
Fishhook,0714,530,467,40.395755321063646,-106.73393987986712,0.5772541165351868
Fishhook,0714,526,554,40.39683434821109,-106.70312186293229,0.8466042876243591
Fishhook,0714,538,556,40.39359726676877,-106.70241340277288,0.9057300686836243
Fishhook,0714,518,497,40.39899240250596,-106.7233129774758,0.9895695447921753
Fishhook,0714,482,463,40.4087036468329,-106.73535680018597,0.8936671614646912
Fishhook,0714,579,530,40.38253723850753,-106.71162338484535,0.6248607635498047
Fishhook,0714,538,495,40.39359726676877,-106.72402143763523,0.902349054813385
Fishhook,0714,550,515,40.39036018532646,-106.71693683604101,0.751610279083252
Fishhook,0714,547,535,40.391169455687034,-106.7098522344468,0.9536426663398743
Fishhook,0714,521,485,40.398183132145384,-106.72756373843234,0.9438979029655457
Fishhook,0714,485,483,40.40789437647232,-106.72827219859175,0.9514195919036865
Fishhook,0714,523,561,40.397643618571664,-106.70064225237432,0.5556473135948181
Fishhook,0714,514,496,40.400071429653394,-106.72366720755551,0.9836630821228027
Fishhook,0714,480,522,40.40924316040662,-106.71445722548303,0.7416993975639343
Fishhook,0714,526,501,40.39683434821109,-106.72189605715697,0.9644664525985718
Fishhook,0714,481,515,40.40897340361976,-106.71693683604101,0.8654708862304688
Fishhook,0714,553,556,40.38955091496588,-106.70241340277288,0.9501984715461731
Fishhook,0714,476,478,40.41032218755406,-106.7300433489903,0.830866813659668
Fishhook,0714,512,470,40.400610943227115,-106.73287718962798,0.8712504506111145
Fishhook,0714,521,463,40.398183132145384,-106.73535680018597,0.8444823026657104
Fishhook,0714,536,477,40.39413678034249,-106.73039757907002,0.6910011768341064
Fishhook,0714,578,533,40.382806995294395,-106.71056069460622,0.5733311176300049
Fishhook,0714,509,546,40.4014202135877,-106.70595570356998,0.69602370262146
Fishhook,0714,495,535,40.405196808603726,-106.7098522344468,0.8846150636672974
Fishhook,0714,551,574,40.390090428539594,-106.69603726133809,0.7151878476142883
Fishhook,0714,550,532,40.39036018532646,-106.71091492468594,0.9490311741828918
Fishhook,0714,578,529,40.382806995294395,-106.71197761492506,0.6279404759407043
Fishhook,0714,537,528,40.39386702355563,-106.71233184500477,0.9494042992591858
Fishhook,0714,519,480,40.3987226457191,-106.72933488883089,0.9394003748893738
Fishhook,0714,479,497,40.40951291719348,-106.7233129774758,0.7551203370094299
Fishhook,0714,504,542,40.402768997521996,-106.70737262388883,0.7234371304512024
Fishhook,0714,487,482,40.4073548628986,-106.72862642867146,0.9540683031082153
Fishhook,0714,520,508,40.39845288893224,-106.71941644659898,0.9836187362670898
Fishhook,0714,472,558,40.4114012147015,-106.70170494261346,0.5394598841667175
Fishhook,0714,486,535,40.407624619685464,-106.7098522344468,0.7854053378105164
Fishhook,0714,500,493,40.40384802466943,-106.72472989779465,0.9644858837127686
Fishhook,0714,539,554,40.39332750998191,-106.70312186293229,0.9147955179214478
Fishhook,0714,546,481,40.3914392124739,-106.72898065875117,0.6520443558692932
Fishhook,0714,518,551,40.39899240250596,-106.70418455317143,0.6460717916488647
Fishhook,0714,548,515,40.39089969890018,-106.71693683604101,0.8431587815284729
Fishhook,0714,490,521,40.40654559253802,-106.71481145556275,0.9085571765899658
Fishhook,0714,523,543,40.397643618571664,-106.70701839380911,0.9312413334846497
Fishhook,0714,528,517,40.39629483463737,-106.71622837588158,0.9733670949935913
Fishhook,0714,468,561,40.41248024184893,-106.70064225237432,0.5854546427726746
Fishhook,0714,530,500,40.395755321063646,-106.72225028723668,0.9096600413322449
Fishhook,0714,501,532,40.40357826788257,-106.71091492468594,0.9024286270141602
Fishhook,0714,540,562,40.39305775319505,-106.70028802229461,0.6617605090141296
Fishhook,0714,532,553,40.395215807489926,-106.70347609301201,0.877892017364502
Fishhook,0714,524,506,40.3973738617848,-106.72012490675841,0.9747636914253235
Fishhook,0714,481,481,40.40897340361976,-106.72898065875117,0.9302664399147034
Fishhook,0714,494,472,40.40546656539059,-106.73216872946857,0.9496371150016785
Fishhook,0714,513,478,40.40034118644026,-106.7300433489903,0.9405751824378967
Fishhook,0714,481,529,40.40897340361976,-106.71197761492506,0.7817362546920776
Fishhook,0714,498,460,40.40438753824315,-106.73641949042509,0.5532426834106445
Fishhook,0714,484,526,40.408164133259184,-106.7130403051642,0.8184540867805481
Fishhook,0714,550,537,40.39036018532646,-106.70914377428738,0.9624872803688049
Fishhook,0714,517,534,40.39926215929282,-106.71020646452651,0.9497948288917542
Fishhook,0714,476,490,40.41032218755406,-106.72579258803378,0.7641615271568298
Fishhook,0714,542,528,40.39251823962133,-106.71233184500477,0.9372619986534119
Fishhook,0714,545,510,40.391708969260755,-106.71870798643957,0.8520559668540955
Fishhook,0714,490,504,40.40654559253802,-106.72083336691783,0.9482467770576477
Fishhook,0714,473,472,40.411131457914635,-106.73216872946857,0.6219578385353088
Fishhook,0714,525,557,40.39710410499794,-106.70205917269317,0.7598415613174438
Fishhook,0714,502,531,40.40330851109571,-106.71126915476565,0.9056069850921631
Fishhook,0714,560,561,40.38766261745786,-106.70064225237432,0.902107834815979
Fishhook,0714,515,473,40.39980167286654,-106.73181449938886,0.9245346784591675
Fishhook,0714,546,497,40.3914392124739,-106.7233129774758,0.6287937760353088
Fishhook,0714,548,575,40.39089969890018,-106.69568303125837,0.7861626744270325
Fishhook,0714,524,562,40.3973738617848,-106.70028802229461,0.5317227840423584
Fishhook,0714,562,532,40.38712310388414,-106.71091492468594,0.6819636821746826
Fishhook,0714,536,500,40.39413678034249,-106.72225028723668,0.902349054813385
Fishhook,0714,488,490,40.407085106111744,-106.72579258803378,0.9485498070716858
Fishhook,0714,478,539,40.40978267398034,-106.70843531412795,0.5952433347702026
Fishhook,0714,532,547,40.395215807489926,-106.70560147349028,0.9375748634338379
Fishhook,0714,531,561,40.39548556427679,-106.70064225237432,0.5495336055755615
Fishhook,0714,494,482,40.40546656539059,-106.72862642867146,0.9577842354774475
Fishhook,0714,534,521,40.394676293916206,-106.71481145556275,0.9463015794754028
Fishhook,0714,494,547,40.40546656539059,-106.70560147349028,0.6779516935348511
Fishhook,0714,532,495,40.395215807489926,-106.72402143763523,0.9106337428092957
Fishhook,0714,525,498,40.39710410499794,-106.72295874739609,0.9618053436279297
Fishhook,0714,512,463,40.400610943227115,-106.73535680018597,0.9113325476646423
Fishhook,0714,475,533,40.410591944340915,-106.71056069460622,0.5802574157714844
Fishhook,0714,489,481,40.40681534932489,-106.72898065875117,0.9525401592254639
Fishhook,0714,515,467,40.39980167286654,-106.73393987986712,0.8709101676940918
Fishhook,0714,523,487,40.397643618571664,-106.72685527827291,0.9356185793876648
Fishhook,0714,536,554,40.39413678034249,-106.70312186293229,0.9169966578483582
Fishhook,0714,541,483,40.392787996408195,-106.72827219859175,0.6366618871688843
Fishhook,0714,547,520,40.391169455687034,-106.71516568564246,0.8905513882637024
Fishhook,0714,516,462,40.39953191607968,-106.73571103026568,0.8857774138450623
Fishhook,0714,554,537,40.38928115817902,-106.70914377428738,0.9727188348770142
Fishhook,0714,481,545,40.40897340361976,-106.70630993364969,0.5096240043640137
Fishhook,0714,488,496,40.407085106111744,-106.72366720755551,0.9336780309677124
Fishhook,0714,556,541,40.3887416446053,-106.70772685396854,0.9648350477218628
Fishhook,0714,550,547,40.39036018532646,-106.70560147349028,0.9682397842407227
Fishhook,0714,540,490,40.39305775319505,-106.72579258803378,0.7523288130760193
Fishhook,0714,474,536,40.41086170112778,-106.70949800436709,0.5658920407295227
Fishhook,0714,547,512,40.391169455687034,-106.71799952628014,0.8504723906517029
Fishhook,0714,481,495,40.40897340361976,-106.72402143763523,0.8773931264877319
Fishhook,0714,530,511,40.395755321063646,-106.71835375635986,0.9465520977973938
Fishhook,0714,482,475,40.4087036468329,-106.73110603922943,0.925631582736969
Fishhook,0714,477,473,40.410052430767195,-106.73181449938886,0.8662618398666382
Fishhook,0714,537,485,40.39386702355563,-106.72756373843234,0.7067202925682068
Fishhook,0714,536,544,40.39413678034249,-106.7066641637294,0.9514144062995911
Fishhook,0714,480,535,40.40924316040662,-106.7098522344468,0.619319498538971
Fishhook,0714,543,493,40.392248482834475,-106.72472989779465,0.7619282007217407
Fishhook,0714,565,537,40.386313833523566,-106.70914377428738,0.5590772032737732
Fishhook,0714,484,539,40.408164133259184,-106.70843531412795,0.7063785195350647
Fishhook,0714,484,459,40.408164133259184,-106.73677372050481,0.823334813117981
Fishhook,0714,533,534,40.39494605070307,-106.71020646452651,0.9527119398117065
Fishhook,0714,562,572,40.38712310388414,-106.6967457214975,0.8779374957084656
Fishhook,0714,556,537,40.3887416446053,-106.70914377428738,0.959810733795166
Fishhook,0714,488,475,40.407085106111744,-106.73110603922943,0.9423114061355591
Fishhook,0714,543,532,40.392248482834475,-106.71091492468594,0.9468004107475281
Fishhook,0714,482,454,40.4087036468329,-106.73854487090335,0.7692429423332214
Fishhook,0714,471,530,40.411670971488356,-106.71162338484535,0.5224862694740295
Fishhook,0714,507,459,40.40195972716141,-106.73677372050481,0.8625162243843079
Fishhook,0714,547,496,40.391169455687034,-106.72366720755551,0.6138113141059875
Fishhook,0714,564,577,40.38658359031042,-106.69497457109895,0.6259476542472839
Fishhook,0714,478,521,40.40978267398034,-106.71481145556275,0.6879974007606506
Fishhook,0714,470,561,40.41194072827521,-106.70064225237432,0.5146155953407288
Fishhook,0714,513,498,40.40034118644026,-106.72295874739609,0.9875003099441528
Fishhook,0714,571,560,40.384695292802405,-106.70099648245403,0.5626865029335022
Fishhook,0714,460,559,40.414638296143806,-106.70135071253374,0.5893051028251648
Fishhook,0714,545,476,40.391708969260755,-106.73075180914972,0.6778712272644043
Fishhook,0714,517,559,40.39926215929282,-106.70135071253374,0.6504950523376465
Fishhook,0714,545,529,40.391708969260755,-106.71197761492506,0.9366655349731445
Fishhook,0714,542,573,40.39251823962133,-106.6963914914178,0.643752932548523
Fishhook,0714,558,557,40.38820213103158,-106.70205917269317,0.9123984575271606
Fishhook,0714,531,519,40.39548556427679,-106.71551991572217,0.9660739898681641
Fishhook,0714,520,553,40.39845288893224,-106.70347609301201,0.6730304956436157
Fishhook,0714,519,483,40.3987226457191,-106.72827219859175,0.9581375122070312
Fishhook,0714,564,530,40.38658359031042,-106.71162338484535,0.5091593861579895
Fishhook,0714,478,531,40.40978267398034,-106.71126915476565,0.6967893242835999
Fishhook,0714,486,521,40.407624619685464,-106.71481145556275,0.9030155539512634
Fishhook,0714,511,542,40.40088070001398,-106.70737262388883,0.8295798897743225
Fishhook,0714,540,566,40.39305775319505,-106.69887110197577,0.5054668188095093
Fishhook,0714,507,558,40.40195972716141,-106.70170494261346,0.5046092867851257
Fishhook,0714,557,573,40.38847188781844,-106.6963914914178,0.8841525912284851
Fishhook,0714,543,527,40.392248482834475,-106.71268607508449,0.9320152997970581
Fishhook,0714,497,545,40.404657295030006,-106.70630993364969,0.6359996795654297
Fishhook,0714,530,520,40.395755321063646,-106.71516568564246,0.9680910706520081
Fishhook,0714,530,509,40.395755321063646,-106.71906221651928,0.942165195941925
Fishhook,0714,489,480,40.40681534932489,-106.72933488883089,0.951051652431488
Fishhook,0714,491,552,40.40627583575117,-106.70383032309172,0.5355055928230286
Fishhook,0714,491,533,40.40627583575117,-106.71056069460622,0.8586838841438293
Fishhook,0714,530,465,40.395755321063646,-106.73464834002654,0.5323110222816467
Fishhook,0714,551,517,40.390090428539594,-106.71622837588158,0.6426915526390076
Fishhook,0714,499,492,40.40411778145629,-106.72508412787435,0.964280903339386
Fishhook,0714,539,504,40.39332750998191,-106.72083336691783,0.902349054813385
Fishhook,0714,491,501,40.40627583575117,-106.72189605715697,0.9481669068336487
Fishhook,0714,495,518,40.405196808603726,-106.71587414580188,0.9449021220207214
Fishhook,0714,480,471,40.40924316040662,-106.73252295954828,0.8970761299133301
Fishhook,0714,540,494,40.39305775319505,-106.72437566771494,0.8151514530181885
Fishhook,0714,491,478,40.40627583575117,-106.7300433489903,0.9532213807106018
Fishhook,0714,557,544,40.38847188781844,-106.7066641637294,0.961581289768219
Fishhook,0714,547,526,40.391169455687034,-106.7130403051642,0.9155829548835754
Fishhook,0714,499,497,40.40411778145629,-106.7233129774758,0.9630418419837952
Fishhook,0714,508,560,40.401689970374555,-106.70099648245403,0.521856427192688
Fishhook,0714,541,476,40.392787996408195,-106.73075180914972,0.5384029150009155
Fishhook,0714,479,540,40.40951291719348,-106.70808108404825,0.5496708154678345
Fishhook,0714,501,461,40.40357826788257,-106.73606526034538,0.8541935086250305
Fishhook,0714,491,544,40.40627583575117,-106.7066641637294,0.7572377324104309
Fishhook,0714,523,475,40.397643618571664,-106.73110603922943,0.8947826623916626
Fishhook,0714,532,513,40.395215807489926,-106.71764529620043,0.9337153434753418
Fishhook,0714,553,570,40.38955091496588,-106.69745418165692,0.8327170014381409
Fishhook,0714,541,540,40.392787996408195,-106.70808108404825,0.9440993070602417
Fishhook,0714,500,486,40.40384802466943,-106.72720950835262,0.9734069108963013
Fishhook,0714,476,554,40.41032218755406,-106.70312186293229,0.6011871695518494
Fishhook,0714,487,531,40.4073548628986,-106.71126915476565,0.8234405517578125
Fishhook,0714,538,484,40.39359726676877,-106.72791796851205,0.6767725348472595
Fishhook,0714,546,492,40.3914392124739,-106.72508412787435,0.5413313508033752
Fishhook,0714,492,536,40.4060060789643,-106.70949800436709,0.8503350019454956
Fishhook,0714,536,518,40.39413678034249,-106.71587414580188,0.921491265296936
Fishhook,0714,520,461,40.39845288893224,-106.73606526034538,0.7686164975166321
Fishhook,0714,516,461,40.39953191607968,-106.73606526034538,0.8407101631164551
Fishhook,0714,480,527,40.40924316040662,-106.71268607508449,0.7291396260261536
Fishhook,0714,555,552,40.38901140139216,-106.70383032309172,0.952157199382782
Fishhook,0714,492,487,40.4060060789643,-106.72685527827291,0.9607862830162048
Fishhook,0714,491,482,40.40627583575117,-106.72862642867146,0.9553870558738708
Fishhook,0714,489,536,40.40681534932489,-106.70949800436709,0.822851300239563
Fishhook,0714,489,468,40.40681534932489,-106.73358564978741,0.9271287322044373
Fishhook,0714,546,537,40.3914392124739,-106.70914377428738,0.9583066701889038
Fishhook,0714,505,536,40.40249924073513,-106.70949800436709,0.8601475954055786
Fishhook,0714,479,489,40.40951291719348,-106.72614681811349,0.858552098274231
Fishhook,0714,496,482,40.40492705181687,-106.72862642867146,0.9544438719749451
Fishhook,0714,484,466,40.408164133259184,-106.73429410994683,0.9034949541091919
Fishhook,0714,562,558,40.38712310388414,-106.70170494261346,0.8961229920387268
Fishhook,0714,550,525,40.39036018532646,-106.7133945352439,0.890863299369812
Fishhook,0714,545,487,40.391708969260755,-106.72685527827291,0.6001318693161011
Fishhook,0714,543,508,40.392248482834475,-106.71941644659898,0.8514535427093506
Fishhook,0714,547,492,40.391169455687034,-106.72508412787435,0.5372747778892517
Fishhook,0714,513,556,40.40034118644026,-106.70241340277288,0.7132156491279602
Fishhook,0714,466,561,40.41301975542265,-106.70064225237432,0.6622742414474487
Fishhook,0714,526,466,40.39683434821109,-106.73429410994683,0.7639741897583008
Fishhook,0714,494,490,40.40546656539059,-106.72579258803378,0.9662816524505615
Fishhook,0714,558,534,40.38820213103158,-106.71020646452651,0.919348955154419
Fishhook,0714,502,467,40.40330851109571,-106.73393987986712,0.9719760417938232
Fishhook,0714,477,523,40.410052430767195,-106.71410299540332,0.6165053844451904
Fishhook,0714,493,550,40.40573632217745,-106.70453878325114,0.5400916934013367
Fishhook,0714,509,462,40.4014202135877,-106.73571103026568,0.908173143863678
Fishhook,0714,490,458,40.40654559253802,-106.73712795058452,0.5349162817001343
Fishhook,0714,476,474,40.41032218755406,-106.73146026930915,0.8478042483329773
Fishhook,0714,506,530,40.402229483948275,-106.71162338484535,0.9066343903541565
Fishhook,0714,547,553,40.391169455687034,-106.70347609301201,0.9432727098464966
Fishhook,0714,473,484,40.411131457914635,-106.72791796851205,0.5892905592918396
Fishhook,0714,519,561,40.3987226457191,-106.70064225237432,0.58845055103302
Fishhook,0714,508,457,40.401689970374555,-106.73748218066423,0.7203058004379272
Fishhook,0714,480,507,40.40924316040662,-106.71977067667869,0.8404108881950378
Fishhook,0714,468,559,40.41248024184893,-106.70135071253374,0.6121088266372681
Fishhook,0714,490,469,40.40654559253802,-106.7332314197077,0.932181179523468
Fishhook,0714,485,523,40.40789437647232,-106.71410299540332,0.8694290518760681
Fishhook,0714,466,557,40.41301975542265,-106.70205917269317,0.6397323608398438
Fishhook,0714,556,571,40.3887416446053,-106.69709995157721,0.898504912853241
Fishhook,0714,542,561,40.39251823962133,-106.70064225237432,0.6887754797935486
Fishhook,0714,482,502,40.4087036468329,-106.72154182707725,0.8854293823242188
Fishhook,0714,510,553,40.401150456800835,-106.70347609301201,0.6932768821716309
Fishhook,0714,499,481,40.40411778145629,-106.72898065875117,0.9615427851676941
Fishhook,0714,555,550,40.38901140139216,-106.70453878325114,0.9571337103843689
Fishhook,0714,539,477,40.39332750998191,-106.73039757907002,0.5548782348632812
Fishhook,0714,515,472,40.39980167286654,-106.73216872946857,0.9079428315162659
Fishhook,0714,499,458,40.40411778145629,-106.73712795058452,0.5852733850479126
Fishhook,0714,474,530,40.41086170112778,-106.71162338484535,0.6033274531364441
Fishhook,0714,478,509,40.40978267398034,-106.71906221651928,0.6870560646057129
Fishhook,0714,510,465,40.401150456800835,-106.73464834002654,0.919792890548706
Fishhook,0714,570,553,40.38496504958927,-106.70347609301201,0.5234570503234863
Fishhook,0714,523,461,40.397643618571664,-106.73606526034538,0.6607757210731506
Fishhook,0714,509,459,40.4014202135877,-106.73677372050481,0.8752583265304565
Fishhook,0714,525,543,40.39710410499794,-106.70701839380911,0.928598165512085
Fishhook,0714,480,498,40.40924316040662,-106.72295874739609,0.7910715937614441
Fishhook,0714,484,541,40.408164133259184,-106.70772685396854,0.5630553364753723
Fishhook,0714,538,476,40.39359726676877,-106.73075180914972,0.5647221803665161
Fishhook,0714,565,571,40.386313833523566,-106.69709995157721,0.6883075833320618
Fishhook,0714,543,553,40.392248482834475,-106.70347609301201,0.9366984963417053
Fishhook,0714,484,483,40.408164133259184,-106.72827219859175,0.9450405836105347
Fishhook,0714,574,528,40.38388602244183,-106.71233184500477,0.6198946237564087
Fishhook,0714,482,478,40.4087036468329,-106.7300433489903,0.9371123909950256
Fishhook,0714,566,567,40.3860440767367,-106.69851687189606,0.5377601385116577
Fishhook,0714,535,487,40.39440653712935,-106.72685527827291,0.83757084608078
Fishhook,0714,563,547,40.386853347097286,-106.70560147349028,0.6756319403648376
Fishhook,0714,480,460,40.40924316040662,-106.73641949042509,0.7587057948112488
Fishhook,0714,478,524,40.40978267398034,-106.71374876532361,0.6407128572463989
Fishhook,0714,541,507,40.392787996408195,-106.71977067667869,0.8872136473655701
Fishhook,0714,530,518,40.395755321063646,-106.71587414580188,0.9672538638114929
Fishhook,0714,470,552,40.41194072827521,-106.70383032309172,0.600094199180603
Fishhook,0714,499,459,40.40411778145629,-106.73677372050481,0.662250280380249
Fishhook,0714,555,547,40.38901140139216,-106.70560147349028,0.9514005780220032
Fishhook,0714,524,485,40.3973738617848,-106.72756373843234,0.925624430179596
Fishhook,0714,522,512,40.39791337535852,-106.71799952628014,0.978609025478363
Fishhook,0714,525,492,40.39710410499794,-106.72508412787435,0.94614177942276
Fishhook,0714,547,482,40.391169455687034,-106.72862642867146,0.7142114043235779
Fishhook,0714,482,464,40.4087036468329,-106.73500257010626,0.8764049410820007
Fishhook,0714,502,542,40.40330851109571,-106.70737262388883,0.7333093285560608
Fishhook,0714,556,569,40.3887416446053,-106.69780841173664,0.9122037887573242
Fishhook,0714,497,470,40.404657295030006,-106.73287718962798,0.9466552138328552
Fishhook,0714,497,490,40.404657295030006,-106.72579258803378,0.9637300372123718
Fishhook,0714,542,570,40.39251823962133,-106.69745418165692,0.6322499513626099
Fishhook,0714,484,508,40.408164133259184,-106.71941644659898,0.930695116519928
Fishhook,0714,508,465,40.401689970374555,-106.73464834002654,0.9251707792282104
Fishhook,0714,539,563,40.39332750998191,-106.6999337922149,0.649193286895752
Fishhook,0714,508,454,40.401689970374555,-106.73854487090335,0.5460792779922485
Fishhook,0714,488,526,40.407085106111744,-106.7130403051642,0.8899356722831726
Fishhook,0714,531,484,40.39548556427679,-106.72791796851205,0.8608020544052124
Fishhook,0714,512,471,40.400610943227115,-106.73252295954828,0.8949265480041504
Fishhook,0714,478,464,40.40978267398034,-106.73500257010626,0.8676109313964844
Fishhook,0714,483,497,40.40843389004604,-106.7233129774758,0.8935736417770386
Fishhook,0714,507,547,40.40195972716141,-106.70560147349028,0.5591846108436584
Fishhook,0714,529,483,40.3960250778505,-106.72827219859175,0.8823243379592896
Fishhook,0714,481,530,40.40897340361976,-106.71162338484535,0.7573164701461792
Fishhook,0714,489,535,40.40681534932489,-106.7098522344468,0.8150598406791687
Fishhook,0714,536,537,40.39413678034249,-106.70914377428738,0.9491223096847534
Fishhook,0714,539,514,40.39332750998191,-106.71729106612072,0.9030027985572815
Fishhook,0714,475,477,40.410591944340915,-106.73039757907002,0.7564073204994202
Fishhook,0714,498,536,40.40438753824315,-106.70949800436709,0.8558517098426819
Fishhook,0714,544,553,40.39197872604761,-106.70347609301201,0.9405796527862549
Fishhook,0714,529,465,40.3960250778505,-106.73464834002654,0.5919705033302307
Fishhook,0714,465,550,40.41328951220951,-106.70453878325114,0.5032507181167603
Fishhook,0714,497,473,40.404657295030006,-106.73181449938886,0.9513646960258484
Fishhook,0714,546,559,40.3914392124739,-106.70135071253374,0.9014146327972412
Fishhook,0714,557,554,40.38847188781844,-106.70312186293229,0.9270808696746826
Fishhook,0714,465,564,40.41328951220951,-106.69957956213518,0.5569899082183838
Fishhook,0714,548,504,40.39089969890018,-106.72083336691783,0.6967153549194336
Fishhook,0714,492,528,40.4060060789643,-106.71233184500477,0.902349054813385
Fishhook,0714,535,518,40.39440653712935,-106.71587414580188,0.9306797385215759
Fishhook,0714,507,466,40.40195972716141,-106.73429410994683,0.930202305316925
Fishhook,0714,534,517,40.394676293916206,-106.71622837588158,0.9338488578796387
Fishhook,0714,525,508,40.39710410499794,-106.71941644659898,0.9726999998092651
Fishhook,0714,544,572,40.39197872604761,-106.6967457214975,0.7194432616233826
Fishhook,0714,510,455,40.401150456800835,-106.73819064082365,0.5387871861457825
Fishhook,0714,517,471,40.39926215929282,-106.73252295954828,0.8954288363456726
Fishhook,0714,526,509,40.39683434821109,-106.71906221651928,0.9711757898330688
Fishhook,0714,575,534,40.38361626565497,-106.71020646452651,0.6166854500770569
Fishhook,0714,518,465,40.39899240250596,-106.73464834002654,0.9100736379623413
Fishhook,0714,579,527,40.38253723850753,-106.71268607508449,0.5237612128257751
Fishhook,0714,573,535,40.38415577922869,-106.7098522344468,0.5596678256988525
Fishhook,0714,484,473,40.408164133259184,-106.73181449938886,0.9184551239013672
Fishhook,0714,523,512,40.397643618571664,-106.71799952628014,0.9787983894348145
Fishhook,0714,504,479,40.402768997521996,-106.7296891189106,0.9780000448226929
Fishhook,0714,470,556,40.41194072827521,-106.70241340277288,0.519300639629364
Fishhook,0714,487,474,40.4073548628986,-106.73146026930915,0.9378889203071594
Fishhook,0714,492,463,40.4060060789643,-106.73535680018597,0.931262731552124
Fishhook,0714,515,547,40.39980167286654,-106.70560147349028,0.7124667763710022
Fishhook,0714,526,488,40.39683434821109,-106.7265010481932,0.9270888566970825
Fishhook,0714,494,549,40.40546656539059,-106.70489301333085,0.6212725639343262
Fishhook,0714,485,484,40.40789437647232,-106.72791796851205,0.9478467106819153
Fishhook,0714,491,534,40.40627583575117,-106.71020646452651,0.8558633327484131
Fishhook,0714,523,490,40.397643618571664,-106.72579258803378,0.9517049193382263
Fishhook,0714,489,539,40.40681534932489,-106.70843531412795,0.7893412709236145
Fishhook,0714,529,518,40.3960250778505,-106.71587414580188,0.9707659482955933
Fishhook,0714,542,568,40.39251823962133,-106.69816264181635,0.5766190886497498
Fishhook,0714,514,498,40.400071429653394,-106.72295874739609,0.9873119592666626
Fishhook,0714,491,518,40.40627583575117,-106.71587414580188,0.9253244996070862
Fishhook,0714,517,549,40.39926215929282,-106.70489301333085,0.7481440901756287
Fishhook,0714,565,552,40.386313833523566,-106.70383032309172,0.6018989086151123
Fishhook,0714,507,521,40.40195972716141,-106.71481145556275,0.9603551030158997
Fishhook,0714,555,560,40.38901140139216,-106.70099648245403,0.9160841703414917
Fishhook,0714,465,552,40.41328951220951,-106.70383032309172,0.6343122720718384
Fishhook,0714,538,486,40.39359726676877,-106.72720950835262,0.7074764370918274
Fishhook,0714,562,541,40.38712310388414,-106.70772685396854,0.8817150592803955
Fishhook,0714,515,544,40.39980167286654,-106.7066641637294,0.8034796714782715
Fishhook,0714,500,494,40.40384802466943,-106.72437566771494,0.9646036028862
Fishhook,0714,539,515,40.39332750998191,-106.71693683604101,0.905053436756134
Fishhook,0714,576,530,40.38334650886811,-106.71162338484535,0.6439965963363647
Fishhook,0714,483,524,40.40843389004604,-106.71374876532361,0.7563402056694031
Fishhook,0714,505,524,40.40249924073513,-106.71374876532361,0.9367021918296814
Fishhook,0714,547,543,40.391169455687034,-106.70701839380911,0.9597959518432617
Fishhook,0714,523,484,40.397643618571664,-106.72791796851205,0.9309234023094177
Fishhook,0714,529,498,40.3960250778505,-106.72295874739609,0.9134448170661926
Fishhook,0714,541,519,40.392787996408195,-106.71551991572217,0.9119169116020203
Fishhook,0714,537,474,40.39386702355563,-106.73146026930915,0.6440199017524719
Fishhook,0714,514,539,40.400071429653394,-106.70843531412795,0.9109381437301636
Fishhook,0714,479,468,40.40951291719348,-106.73358564978741,0.8841759562492371
Fishhook,0714,474,479,40.41086170112778,-106.7296891189106,0.723200798034668
Fishhook,0714,496,517,40.40492705181687,-106.71622837588158,0.9476791620254517
Fishhook,0714,492,461,40.4060060789643,-106.73606526034538,0.815310001373291
Fishhook,0714,523,544,40.397643618571664,-106.7066641637294,0.9292741417884827
Fishhook,0714,493,496,40.40573632217745,-106.72366720755551,0.9568238854408264
Fishhook,0714,523,470,40.397643618571664,-106.73287718962798,0.8491154313087463
Fishhook,0714,497,497,40.404657295030006,-106.7233129774758,0.9559170007705688
Fishhook,0714,536,493,40.39413678034249,-106.72472989779465,0.9054548144340515
Fishhook,0714,529,500,40.3960250778505,-106.72225028723668,0.9170713424682617
Fishhook,0714,534,520,40.394676293916206,-106.71516568564246,0.9412959218025208
Fishhook,0714,538,522,40.39359726676877,-106.71445722548303,0.9243065714836121
Fishhook,0714,548,577,40.39089969890018,-106.69497457109895,0.6476750373840332
Fishhook,0714,475,463,40.410591944340915,-106.73535680018597,0.7769180536270142
Fishhook,0714,528,462,40.39629483463737,-106.73571103026568,0.5528615713119507
Fishhook,0714,504,546,40.402768997521996,-106.70595570356998,0.5013295412063599
Fishhook,0714,481,533,40.40897340361976,-106.71056069460622,0.6984118819236755
Fishhook,0714,570,560,40.38496504958927,-106.70099648245403,0.6037107706069946
Fishhook,0714,530,552,40.395755321063646,-106.70383032309172,0.9109828472137451
Fishhook,0714,485,527,40.40789437647232,-106.71268607508449,0.8376368880271912
Fishhook,0714,492,529,40.4060060789643,-106.71197761492506,0.902349054813385
Fishhook,0714,477,469,40.410052430767195,-106.7332314197077,0.8760757446289062
Fishhook,0714,490,527,40.40654559253802,-106.71268607508449,0.902349054813385
Fishhook,0714,501,528,40.40357826788257,-106.71233184500477,0.9086242318153381
Fishhook,0714,532,558,40.395215807489926,-106.70170494261346,0.7605460286140442
Fishhook,0714,517,456,40.39926215929282,-106.73783641074394,0.5715091824531555
Fishhook,0714,566,572,40.3860440767367,-106.6967457214975,0.5493701696395874
Fishhook,0714,522,469,40.39791337535852,-106.7332314197077,0.8329220414161682
Fishhook,0714,488,520,40.407085106111744,-106.71516568564246,0.9112690687179565
Fishhook,0714,535,562,40.39440653712935,-106.70028802229461,0.5972327589988708
Fishhook,0714,572,552,40.38442553601555,-106.70383032309172,0.5006272792816162
Fishhook,0714,546,543,40.3914392124739,-106.70701839380911,0.9608054757118225
Fishhook,0714,542,513,40.39251823962133,-106.71764529620043,0.9004473090171814
Fishhook,0714,552,551,40.38982067175274,-106.70418455317143,0.9660159349441528
Fishhook,0714,511,457,40.40088070001398,-106.73748218066423,0.6446471810340881
Fishhook,0714,520,545,40.39845288893224,-106.70630993364969,0.8670570254325867
Fishhook,0714,525,483,40.39710410499794,-106.72827219859175,0.9171759486198425
Fishhook,0714,510,471,40.401150456800835,-106.73252295954828,0.9318668246269226
Fishhook,0714,548,529,40.39089969890018,-106.71197761492506,0.9453544020652771
Fishhook,0714,494,521,40.40546656539059,-106.71481145556275,0.9281694293022156
Fishhook,0714,475,536,40.410591944340915,-106.70949800436709,0.610485315322876
Fishhook,0714,486,526,40.407624619685464,-106.7130403051642,0.8574199676513672
Fishhook,0714,528,562,40.39629483463737,-106.70028802229461,0.5999976396560669
Fishhook,0714,476,485,40.41032218755406,-106.72756373843234,0.7968953251838684
Fishhook,0714,558,578,40.38820213103158,-106.69462034101925,0.5755681991577148
Fishhook,0714,508,552,40.401689970374555,-106.70383032309172,0.6096651554107666
Fishhook,0714,514,477,40.400071429653394,-106.73039757907002,0.9406777024269104
Fishhook,0714,514,497,40.400071429653394,-106.7233129774758,0.9847900867462158
Fishhook,0714,521,535,40.398183132145384,-106.7098522344468,0.9436463713645935
Fishhook,0714,533,559,40.39494605070307,-106.70135071253374,0.6920892596244812
Fishhook,0714,539,465,40.39332750998191,-106.73464834002654,0.5163647532463074
Fishhook,0714,482,494,40.4087036468329,-106.72437566771494,0.8975785374641418
Fishhook,0714,484,538,40.408164133259184,-106.70878954420766,0.7488569617271423
Fishhook,0714,494,466,40.40546656539059,-106.73429410994683,0.9614800214767456
Fishhook,0714,484,480,40.408164133259184,-106.72933488883089,0.9435634016990662
Fishhook,0714,486,483,40.407624619685464,-106.72827219859175,0.9559330940246582
Fishhook,0714,525,559,40.39710410499794,-106.70135071253374,0.6667184829711914
Fishhook,0714,559,563,40.38793237424472,-106.6999337922149,0.8914588093757629
Fishhook,0714,494,529,40.40546656539059,-106.71197761492506,0.902349054813385
Fishhook,0714,486,477,40.407624619685464,-106.73039757907002,0.9439789056777954
Fishhook,0714,563,548,40.386853347097286,-106.70524724341057,0.7009210586547852
Fishhook,0714,554,569,40.38928115817902,-106.69780841173664,0.8989522457122803
Fishhook,0714,491,467,40.40627583575117,-106.73393987986712,0.9374039769172668
Fishhook,0714,522,456,40.39791337535852,-106.73783641074394,0.5389973521232605
Fishhook,0714,524,514,40.3973738617848,-106.71729106612072,0.974452793598175
Fishhook,0714,560,567,40.38766261745786,-106.69851687189606,0.9049692153930664
Fishhook,0714,546,479,40.3914392124739,-106.7296891189106,0.6965669989585876
Fishhook,0714,535,560,40.39440653712935,-106.70099648245403,0.71422278881073
Fishhook,0714,481,510,40.40897340361976,-106.71870798643957,0.871458113193512
Fishhook,0714,526,512,40.39683434821109,-106.71799952628014,0.9722526669502258
Fishhook,0714,553,548,40.38955091496588,-106.70524724341057,0.9690008759498596
Fishhook,0714,556,568,40.3887416446053,-106.69816264181635,0.9037165641784668
Fishhook,0714,537,524,40.39386702355563,-106.71374876532361,0.9387242197990417
Fishhook,0714,564,573,40.38658359031042,-106.6963914914178,0.8420078158378601
Fishhook,0714,536,507,40.39413678034249,-106.71977067667869,0.9030466675758362
Fishhook,0714,526,562,40.39683434821109,-106.70028802229461,0.5809261798858643
Fishhook,0714,555,556,40.38901140139216,-106.70241340277288,0.9416073560714722
Fishhook,0714,534,509,40.394676293916206,-106.71906221651928,0.9129029512405396
Fishhook,0714,480,468,40.40924316040662,-106.73358564978741,0.8877817988395691
Fishhook,0714,500,538,40.40384802466943,-106.70878954420766,0.825534999370575
Fishhook,0714,529,491,40.3960250778505,-106.72543835795406,0.9145541787147522
Fishhook,0714,545,542,40.391708969260755,-106.70737262388883,0.9576200842857361
Fishhook,0714,520,541,40.39845288893224,-106.70772685396854,0.935597836971283
Fishhook,0714,474,472,40.41086170112778,-106.73216872946857,0.7673323750495911
Fishhook,0714,529,470,40.3960250778505,-106.73287718962798,0.6335039138793945
Fishhook,0714,544,565,40.39197872604761,-106.69922533205548,0.6166190505027771
Fishhook,0714,495,489,40.405196808603726,-106.72614681811349,0.957240104675293
Fishhook,0714,522,481,40.39791337535852,-106.72898065875117,0.9201139807701111
Fishhook,0714,503,468,40.40303875430885,-106.73358564978741,0.9659827947616577
Fishhook,0714,493,516,40.40573632217745,-106.7165826059613,0.944618821144104
Fishhook,0714,484,510,40.408164133259184,-106.71870798643957,0.9272686839103699
Fishhook,0714,544,469,40.39197872604761,-106.7332314197077,0.5722988247871399
Fishhook,0714,547,528,40.391169455687034,-106.71233184500477,0.9421067237854004
Fishhook,0714,527,486,40.39656459142422,-106.72720950835262,0.9199976921081543
Fishhook,0714,487,483,40.4073548628986,-106.72827219859175,0.9554731845855713
Fishhook,0714,519,479,40.3987226457191,-106.7296891189106,0.9339749813079834
Fishhook,0714,510,544,40.401150456800835,-106.7066641637294,0.7934861779212952
Fishhook,0714,511,477,40.40088070001398,-106.73039757907002,0.943803608417511
Fishhook,0714,558,548,40.38820213103158,-106.70524724341057,0.9300199151039124
Fishhook,0714,562,568,40.38712310388414,-106.69816264181635,0.9120187759399414
Fishhook,0714,478,508,40.40978267398034,-106.71941644659898,0.6620056629180908
Fishhook,0714,527,548,40.39656459142422,-106.70524724341057,0.9216156601905823
Fishhook,0714,563,561,40.386853347097286,-106.70064225237432,0.8789937496185303
Fishhook,0714,547,537,40.391169455687034,-106.70914377428738,0.9582725763320923
Fishhook,0714,557,535,40.38847188781844,-106.7098522344468,0.9287444353103638
Fishhook,0714,495,522,40.405196808603726,-106.71445722548303,0.9158766865730286
Fishhook,0714,516,550,40.39953191607968,-106.70453878325114,0.7001628279685974
Fishhook,0714,536,563,40.39413678034249,-106.6999337922149,0.6499738693237305
Fishhook,0714,483,465,40.40843389004604,-106.73464834002654,0.8857402205467224
Fishhook,0714,481,463,40.40897340361976,-106.73535680018597,0.8560329675674438
Fishhook,0714,466,562,40.41301975542265,-106.70028802229461,0.6247115135192871
Fishhook,0714,546,524,40.3914392124739,-106.71374876532361,0.9083631634712219
Fishhook,0714,522,495,40.39791337535852,-106.72402143763523,0.9690991640090942
Fishhook,0714,565,573,40.386313833523566,-106.6963914914178,0.671462893486023
Fishhook,0714,486,541,40.407624619685464,-106.70772685396854,0.7220645546913147
Fishhook,0714,526,482,40.39683434821109,-106.72862642867146,0.9125999808311462
Fishhook,0714,510,472,40.401150456800835,-106.73216872946857,0.9465126395225525
Fishhook,0714,504,493,40.402768997521996,-106.72472989779465,0.9832096695899963
Fishhook,0714,493,544,40.40573632217745,-106.7066641637294,0.7613396644592285
Fishhook,0714,544,534,40.39197872604761,-106.71020646452651,0.9527038335800171
Fishhook,0714,552,577,40.38982067175274,-106.69497457109895,0.6164329648017883
Fishhook,0714,549,530,40.390629942113314,-106.71162338484535,0.940263569355011
Fishhook,0714,476,553,40.41032218755406,-106.70347609301201,0.6594723463058472
Fishhook,0714,530,522,40.395755321063646,-106.71445722548303,0.9654735922813416
Fishhook,0714,488,466,40.407085106111744,-106.73429410994683,0.9201408624649048
Fishhook,0714,543,572,40.392248482834475,-106.6967457214975,0.6532179117202759
Fishhook,0714,488,502,40.407085106111744,-106.72154182707725,0.9381553530693054
Fishhook,0714,542,485,40.39251823962133,-106.72756373843234,0.6781997680664062
Fishhook,0714,519,465,40.3987226457191,-106.73464834002654,0.8864709138870239
Fishhook,0714,490,471,40.40654559253802,-106.73252295954828,0.9399040341377258
Fishhook,0714,568,558,40.38550456316299,-106.70170494261346,0.6027402877807617
Fishhook,0714,478,499,40.40978267398034,-106.72260451731638,0.5750536322593689
Fishhook,0714,560,579,40.38766261745786,-106.69426611093954,0.547650933265686
Fishhook,0714,496,477,40.40492705181687,-106.73039757907002,0.9473127722740173
Fishhook,0714,543,530,40.392248482834475,-106.71162338484535,0.9374374151229858
Fishhook,0714,505,479,40.40249924073513,-106.7296891189106,0.9791793823242188
Fishhook,0714,527,511,40.39656459142422,-106.71835375635986,0.9666505455970764
Fishhook,0714,488,513,40.407085106111744,-106.71764529620043,0.9406528472900391
Fishhook,0714,512,466,40.400610943227115,-106.73429410994683,0.8944408297538757
Fishhook,0714,483,529,40.40843389004604,-106.71197761492506,0.8097299337387085
Fishhook,0714,546,514,40.3914392124739,-106.71729106612072,0.8768465518951416
Fishhook,0714,477,475,40.410052430767195,-106.73110603922943,0.8567066788673401
Fishhook,0714,561,566,40.387392860671,-106.69887110197577,0.8819320797920227
Fishhook,0714,483,455,40.40843389004604,-106.73819064082365,0.7503605484962463
Fishhook,0714,518,543,40.39899240250596,-106.70701839380911,0.9000145196914673
Fishhook,0714,547,519,40.391169455687034,-106.71551991572217,0.8855987191200256
Fishhook,0714,479,551,40.40951291719348,-106.70418455317143,0.5092755556106567
Fishhook,0714,580,529,40.382267481720675,-106.71197761492506,0.5904145836830139
Fishhook,0714,519,467,40.3987226457191,-106.73393987986712,0.8707478642463684
Fishhook,0714,523,549,40.397643618571664,-106.70489301333085,0.856705904006958
Fishhook,0714,479,455,40.40951291719348,-106.73819064082365,0.6951103806495667
Fishhook,0714,507,543,40.40195972716141,-106.70701839380911,0.7748805284500122
Fishhook,0714,494,458,40.40546656539059,-106.73712795058452,0.5256306529045105
Fishhook,0714,474,491,40.41086170112778,-106.72543835795406,0.5461101531982422
Fishhook,0714,526,551,40.39683434821109,-106.70418455317143,0.8794466853141785
Fishhook,0714,533,555,40.39494605070307,-106.70276763285258,0.8368122577667236
Fishhook,0714,478,532,40.40978267398034,-106.71091492468594,0.6859261393547058
Fishhook,0714,574,536,40.38388602244183,-106.70949800436709,0.5613298416137695
Fishhook,0714,577,538,40.38307675208125,-106.70878954420766,0.6083295941352844
Fishhook,0714,549,575,40.390629942113314,-106.69568303125837,0.6703236699104309
Fishhook,0714,493,532,40.40573632217745,-106.71091492468594,0.8997632265090942
Fishhook,0714,509,481,40.4014202135877,-106.72898065875117,0.9657139182090759
Fishhook,0714,526,477,40.39683434821109,-106.73039757907002,0.8778274655342102
Fishhook,0714,548,574,40.39089969890018,-106.69603726133809,0.7945404648780823
Fishhook,0714,542,498,40.39251823962133,-106.72295874739609,0.8641823530197144
Fishhook,0714,535,526,40.39440653712935,-106.7130403051642,0.9536332488059998
Fishhook,0714,510,562,40.401150456800835,-106.70028802229461,0.5566911101341248
Fishhook,0714,547,574,40.391169455687034,-106.69603726133809,0.7509946823120117
Fishhook,0714,482,513,40.4087036468329,-106.71764529620043,0.9138764142990112
Fishhook,0714,522,551,40.39791337535852,-106.70418455317143,0.7879894971847534
Fishhook,0714,574,531,40.38388602244183,-106.71126915476565,0.6296449899673462
Fishhook,0714,537,496,40.39386702355563,-106.72366720755551,0.902349054813385
Fishhook,0714,546,552,40.3914392124739,-106.70383032309172,0.9451441764831543
Fishhook,0714,494,485,40.40546656539059,-106.72756373843234,0.9585080742835999
Fishhook,0714,505,466,40.40249924073513,-106.73429410994683,0.9497151374816895
Fishhook,0714,511,539,40.40088070001398,-106.70843531412795,0.8732879161834717
Fishhook,0714,557,549,40.38847188781844,-106.70489301333085,0.9406037330627441
Fishhook,0714,508,456,40.401689970374555,-106.73783641074394,0.5790246725082397
Fishhook,0714,493,493,40.40573632217745,-106.72472989779465,0.9529902338981628
Fishhook,0714,481,534,40.40897340361976,-106.71020646452651,0.6718937158584595
Fishhook,0714,483,482,40.40843389004604,-106.72862642867146,0.9395567178726196
Fishhook,0714,576,539,40.38334650886811,-106.70843531412795,0.5273674726486206
Fishhook,0714,488,544,40.407085106111744,-106.7066641637294,0.6681638956069946
Fishhook,0714,521,456,40.398183132145384,-106.73783641074394,0.5701440572738647
Fishhook,0714,542,468,40.39251823962133,-106.73358564978741,0.5468611717224121
Fishhook,0714,568,541,40.38550456316299,-106.70772685396854,0.5134533643722534
Fishhook,0714,542,497,40.39251823962133,-106.7233129774758,0.8668474555015564
Fishhook,0714,499,490,40.40411778145629,-106.72579258803378,0.9749301075935364
Fishhook,0714,482,532,40.4087036468329,-106.71091492468594,0.7272593379020691
Fishhook,0714,554,570,40.38928115817902,-106.69745418165692,0.8834874033927917
Fishhook,0714,519,482,40.3987226457191,-106.72862642867146,0.9469693303108215
Fishhook,0714,538,470,40.39359726676877,-106.73287718962798,0.5482170581817627
Fishhook,0714,513,481,40.40034118644026,-106.72898065875117,0.952336311340332
Fishhook,0714,537,473,40.39386702355563,-106.73181449938886,0.6015482544898987
Fishhook,0714,512,496,40.400610943227115,-106.72366720755551,0.9820936322212219
Fishhook,0714,528,502,40.39629483463737,-106.72154182707725,0.9392728805541992
Fishhook,0714,498,480,40.40438753824315,-106.72933488883089,0.9559257626533508
Fishhook,0714,564,544,40.38658359031042,-106.7066641637294,0.7965524196624756
Fishhook,0714,540,495,40.39305775319505,-106.72402143763523,0.8614242076873779
Fishhook,0714,490,473,40.40654559253802,-106.73181449938886,0.9307247996330261
Fishhook,0714,558,554,40.38820213103158,-106.70312186293229,0.9229568839073181
Fishhook,0714,524,492,40.3973738617848,-106.72508412787435,0.9541671276092529
Fishhook,0714,494,468,40.40546656539059,-106.73358564978741,0.9422695636749268
Fishhook,0714,564,569,40.38658359031042,-106.69780841173664,0.8671531677246094
Fishhook,0714,481,525,40.40897340361976,-106.7133945352439,0.7231408357620239
Fishhook,0714,564,563,40.38658359031042,-106.6999337922149,0.8558366894721985
Fishhook,0714,516,553,40.39953191607968,-106.70347609301201,0.6112462878227234
Fishhook,0714,511,472,40.40088070001398,-106.73216872946857,0.9366849660873413
Fishhook,0714,482,488,40.4087036468329,-106.7265010481932,0.923308789730072
Fishhook,0714,485,460,40.40789437647232,-106.73641949042509,0.8507903814315796
Fishhook,0714,487,491,40.4073548628986,-106.72543835795406,0.9425981640815735
Fishhook,0714,479,521,40.40951291719348,-106.71481145556275,0.7485895752906799
Fishhook,0714,518,478,40.39899240250596,-106.7300433489903,0.9332984089851379
Fishhook,0714,529,503,40.3960250778505,-106.72118759699754,0.9314349889755249
Fishhook,0714,472,537,40.4114012147015,-106.70914377428738,0.530735433101654
Fishhook,0714,514,482,40.400071429653394,-106.72862642867146,0.9490370154380798
Fishhook,0714,521,484,40.398183132145384,-106.72791796851205,0.9391006827354431
Fishhook,0714,524,462,40.3973738617848,-106.73571103026568,0.7093403339385986
Fishhook,0714,475,478,40.410591944340915,-106.7300433489903,0.7491545677185059
Fishhook,0714,505,478,40.40249924073513,-106.7300433489903,0.9780828356742859
Fishhook,0714,483,504,40.40843389004604,-106.72083336691783,0.9061765670776367
Fishhook,0714,483,481,40.40843389004604,-106.72898065875117,0.935880720615387
Fishhook,0714,508,488,40.401689970374555,-106.7265010481932,0.9805312752723694
Fishhook,0714,494,544,40.40546656539059,-106.7066641637294,0.7701114416122437
Fishhook,0714,568,562,40.38550456316299,-106.70028802229461,0.5944816470146179
Fishhook,0714,487,527,40.4073548628986,-106.71268607508449,0.8775137662887573
Fishhook,0714,520,557,40.39845288893224,-106.70205917269317,0.628389298915863
Fishhook,0714,533,562,40.39494605070307,-106.70028802229461,0.6059066653251648
Fishhook,0714,525,502,40.39710410499794,-106.72154182707725,0.96717369556427
Fishhook,0714,551,513,40.390090428539594,-106.71764529620043,0.5296711325645447
Fishhook,0714,525,547,40.39710410499794,-106.70560147349028,0.9053180813789368
Fishhook,0714,497,546,40.404657295030006,-106.70595570356998,0.5228254795074463
Fishhook,0714,542,559,40.39251823962133,-106.70135071253374,0.8088129758834839
Fishhook,0714,514,454,40.400071429653394,-106.73854487090335,0.5995492339134216
Fishhook,0714,567,534,40.385774319949846,-106.71020646452651,0.5173731446266174
Fishhook,0714,535,511,40.39440653712935,-106.71835375635986,0.9089887738227844
Fishhook,0714,534,493,40.394676293916206,-106.72472989779465,0.9078021049499512
Fishhook,0714,519,452,40.3987226457191,-106.73925333106278,0.5041940212249756
Fishhook,0714,517,541,40.39926215929282,-106.70772685396854,0.9240193367004395
Fishhook,0714,511,558,40.40088070001398,-106.70170494261346,0.7184121012687683
Fishhook,0714,490,502,40.40654559253802,-106.72154182707725,0.9519495368003845
Fishhook,0714,544,546,40.39197872604761,-106.70595570356998,0.9520248770713806
Fishhook,0714,501,472,40.40357826788257,-106.73216872946857,0.9669960737228394
Fishhook,0714,532,496,40.395215807489926,-106.72366720755551,0.9088922739028931
Fishhook,0714,512,462,40.400610943227115,-106.73571103026568,0.8913093209266663
Fishhook,0714,552,576,40.38982067175274,-106.69532880117866,0.6914318799972534
Fishhook,0714,534,476,40.394676293916206,-106.73075180914972,0.7267926335334778
Fishhook,0714,540,482,40.39305775319505,-106.72862642867146,0.6573470830917358
Fishhook,0714,555,526,40.38901140139216,-106.7130403051642,0.7291505932807922
Fishhook,0714,543,504,40.392248482834475,-106.72083336691783,0.8368504047393799
Fishhook,0714,491,492,40.40627583575117,-106.72508412787435,0.9475089311599731
Fishhook,0714,521,474,40.398183132145384,-106.73146026930915,0.9013239741325378
Fishhook,0714,505,519,40.40249924073513,-106.71551991572217,0.9550705552101135
Fishhook,0714,566,566,40.3860440767367,-106.69887110197577,0.5735048651695251
Fishhook,0714,505,542,40.40249924073513,-106.70737262388883,0.7334967851638794
Fishhook,0714,505,543,40.40249924073513,-106.70701839380911,0.6810684204101562
Fishhook,0714,485,533,40.40789437647232,-106.71056069460622,0.7865642309188843
Fishhook,0714,574,539,40.38388602244183,-106.70843531412795,0.5293924808502197
Fishhook,0714,518,457,40.39899240250596,-106.73748218066423,0.6200369000434875
Fishhook,0714,518,537,40.39899240250596,-106.70914377428738,0.9376856088638306
Fishhook,0714,474,493,40.41086170112778,-106.72472989779465,0.5497034788131714
Fishhook,0714,527,549,40.39656459142422,-106.70489301333085,0.913987398147583
Fishhook,0714,557,529,40.38847188781844,-106.71197761492506,0.8408551812171936
Fishhook,0714,536,525,40.39413678034249,-106.7133945352439,0.9429188966751099
Fishhook,0714,468,551,40.41248024184893,-106.70418455317143,0.6034979820251465
Fishhook,0714,483,534,40.40843389004604,-106.71020646452651,0.725989580154419
Fishhook,0714,488,462,40.407085106111744,-106.73571103026568,0.8512246608734131
Fishhook,0714,534,508,40.394676293916206,-106.71941644659898,0.9107698202133179
Fishhook,0714,543,566,40.392248482834475,-106.69887110197577,0.5723375082015991
Fishhook,0714,494,526,40.40546656539059,-106.7130403051642,0.902349054813385
Fishhook,0714,535,538,40.39440653712935,-106.70878954420766,0.9445529580116272
Fishhook,0714,551,576,40.390090428539594,-106.69532880117866,0.6220566034317017
Fishhook,0714,525,497,40.39710410499794,-106.7233129774758,0.9554917216300964
Fishhook,0714,495,541,40.405196808603726,-106.70772685396854,0.8171286582946777
Fishhook,0714,479,539,40.40951291719348,-106.70843531412795,0.5814642906188965
Fishhook,0714,498,482,40.40438753824315,-106.72862642867146,0.9611063003540039
Fishhook,0714,573,527,40.38415577922869,-106.71268607508449,0.6168854236602783
Fishhook,0714,500,498,40.40384802466943,-106.72295874739609,0.9695987105369568
Fishhook,0714,535,559,40.39440653712935,-106.70135071253374,0.7540908455848694
Fishhook,0714,534,499,40.394676293916206,-106.72260451731638,0.902349054813385
Fishhook,0714,557,551,40.38847188781844,-106.70418455317143,0.9403924942016602
Fishhook,0714,547,485,40.391169455687034,-106.72756373843234,0.7137048840522766
Fishhook,0714,549,490,40.390629942113314,-106.72579258803378,0.514478862285614
Fishhook,0714,478,459,40.40978267398034,-106.73677372050481,0.7530364990234375
Fishhook,0714,486,520,40.407624619685464,-106.71516568564246,0.91229248046875
Fishhook,0714,530,595,40.395755321063646,-106.68859842966417,0.5512240529060364
Fishhook,0714,541,524,40.392787996408195,-106.71374876532361,0.9273558855056763
Fishhook,0714,512,475,40.400610943227115,-106.73110603922943,0.9400777220726013
Fishhook,0714,534,496,40.394676293916206,-106.72366720755551,0.9036543369293213
Fishhook,0714,548,562,40.39089969890018,-106.70028802229461,0.7476049661636353
Fishhook,0714,483,467,40.40843389004604,-106.73393987986712,0.899215579032898
Fishhook,0714,494,476,40.40546656539059,-106.73075180914972,0.9418201446533203
Fishhook,0714,489,501,40.40681534932489,-106.72189605715697,0.9421871900558472
Fishhook,0714,546,547,40.3914392124739,-106.70560147349028,0.9555335640907288
Fishhook,0714,544,544,40.39197872604761,-106.7066641637294,0.9593083262443542
Fishhook,0714,562,559,40.38712310388414,-106.70135071253374,0.8939279317855835
Fishhook,0714,528,551,40.39629483463737,-106.70418455317143,0.8932983875274658
Fishhook,0714,543,475,40.392248482834475,-106.73110603922943,0.6219431757926941
Fishhook,0714,503,533,40.40303875430885,-106.71056069460622,0.8882068395614624
Fishhook,0714,573,525,40.38415577922869,-106.7133945352439,0.5263568162918091
Fishhook,0714,543,512,40.392248482834475,-106.71799952628014,0.8868227005004883
Fishhook,0714,511,475,40.40088070001398,-106.73110603922943,0.946671724319458
Fishhook,0714,506,477,40.402229483948275,-106.73039757907002,0.9733513593673706
Fishhook,0714,510,555,40.401150456800835,-106.70276763285258,0.6159743666648865
Fishhook,0714,476,489,40.41032218755406,-106.72614681811349,0.7973880171775818
Fishhook,0714,528,488,40.39629483463737,-106.7265010481932,0.9154977202415466
Fishhook,0714,525,545,40.39710410499794,-106.70630993364969,0.9218701720237732
Fishhook,0714,561,529,40.387392860671,-106.71197761492506,0.6130643486976624
Fishhook,0714,515,541,40.39980167286654,-106.70772685396854,0.9154878258705139
Fishhook,0714,529,547,40.3960250778505,-106.70560147349028,0.9269577264785767
Fishhook,0714,562,563,40.38712310388414,-106.6999337922149,0.8901538848876953
Fishhook,0714,502,471,40.40330851109571,-106.73252295954828,0.9654523730278015
Fishhook,0714,478,545,40.40978267398034,-106.70630993364969,0.5056438446044922
Fishhook,0714,547,505,40.391169455687034,-106.72047913683812,0.7872224450111389
Fishhook,0714,487,526,40.4073548628986,-106.7130403051642,0.8779582381248474
Fishhook,0714,578,531,40.382806995294395,-106.71126915476565,0.6093929409980774
Fishhook,0714,471,478,40.411670971488356,-106.7300433489903,0.5190331935882568
Fishhook,0714,473,461,40.411131457914635,-106.73606526034538,0.5471063256263733
Fishhook,0714,481,469,40.40897340361976,-106.7332314197077,0.9048558473587036
Fishhook,0714,486,519,40.407624619685464,-106.71551991572217,0.9142398834228516
Fishhook,0714,497,541,40.404657295030006,-106.70772685396854,0.7374605536460876
Fishhook,0714,503,493,40.40303875430885,-106.72472989779465,0.9807384610176086
Fishhook,0714,495,486,40.405196808603726,-106.72720950835262,0.9585339426994324
Fishhook,0714,519,540,40.3987226457191,-106.70808108404825,0.9337123036384583
Fishhook,0714,506,464,40.402229483948275,-106.73500257010626,0.9271565675735474
Fishhook,0714,535,513,40.39440653712935,-106.71764529620043,0.9148164391517639
Fishhook,0714,476,529,40.41032218755406,-106.71197761492506,0.7092272043228149
Fishhook,0714,505,540,40.40249924073513,-106.70808108404825,0.7984328269958496
Fishhook,0714,563,569,40.386853347097286,-106.69780841173664,0.8674409985542297
Fishhook,0714,484,519,40.408164133259184,-106.71551991572217,0.8902388215065002
Fishhook,0714,539,517,40.39332750998191,-106.71622837588158,0.9103668928146362
Fishhook,0714,554,530,40.38928115817902,-106.71162338484535,0.9211777448654175
Fishhook,0714,555,574,40.38901140139216,-106.69603726133809,0.8270798921585083
Fishhook,0714,516,458,40.39953191607968,-106.73712795058452,0.7745477557182312
Fishhook,0714,531,483,40.39548556427679,-106.72827219859175,0.8431175351142883
Fishhook,0714,553,560,40.38955091496588,-106.70099648245403,0.9038709998130798
Fishhook,0714,475,460,40.410591944340915,-106.73641949042509,0.6601009964942932
Fishhook,0714,471,554,40.411670971488356,-106.70312186293229,0.6240479350090027
Fishhook,0714,540,532,40.39305775319505,-106.71091492468594,0.9432331919670105
Fishhook,0714,537,482,40.39386702355563,-106.72862642867146,0.6750629544258118
Fishhook,0714,488,489,40.407085106111744,-106.72614681811349,0.9499922394752502
Fishhook,0714,495,547,40.405196808603726,-106.70560147349028,0.6382622122764587
Fishhook,0714,559,554,40.38793237424472,-106.70312186293229,0.888274073600769
Fishhook,0714,496,472,40.40492705181687,-106.73216872946857,0.9484785795211792
Fishhook,0714,569,559,40.385234806376126,-106.70135071253374,0.5936497449874878
Fishhook,0714,525,471,40.39710410499794,-106.73252295954828,0.8319321274757385
Fishhook,0714,490,475,40.40654559253802,-106.73110603922943,0.9450305104255676
Fishhook,0714,526,514,40.39683434821109,-106.71729106612072,0.9745741486549377
Fishhook,0714,488,460,40.407085106111744,-106.73641949042509,0.6897101402282715
Fishhook,0714,548,571,40.39089969890018,-106.69709995157721,0.8454758524894714
Fishhook,0714,485,530,40.40789437647232,-106.71162338484535,0.832115888595581
Fishhook,0714,515,558,40.39980167286654,-106.70170494261346,0.7194383144378662
Fishhook,0714,508,527,40.401689970374555,-106.71268607508449,0.9403979778289795
Fishhook,0714,540,522,40.39305775319505,-106.71445722548303,0.9209052324295044
Fishhook,0714,485,489,40.40789437647232,-106.72614681811349,0.943293571472168
Fishhook,0714,529,487,40.3960250778505,-106.72685527827291,0.910692036151886
Fishhook,0714,559,551,40.38793237424472,-106.70418455317143,0.8904963731765747
Fishhook,0714,483,541,40.40843389004604,-106.70772685396854,0.5029828548431396
Fishhook,0714,550,541,40.39036018532646,-106.70772685396854,0.9668870568275452
Fishhook,0714,530,529,40.395755321063646,-106.71197761492506,0.9719228744506836
Fishhook,0714,519,463,40.3987226457191,-106.73535680018597,0.8842126727104187
Fishhook,0714,474,555,40.41086170112778,-106.70276763285258,0.5520536303520203
Fishhook,0714,475,475,40.410591944340915,-106.73110603922943,0.7825829982757568
Fishhook,0714,547,518,40.391169455687034,-106.71587414580188,0.8836014270782471
Fishhook,0714,493,489,40.40573632217745,-106.72614681811349,0.9621529579162598
Fishhook,0714,464,552,40.41355926899637,-106.70383032309172,0.6014714241027832
Fishhook,0714,488,482,40.407085106111744,-106.72862642867146,0.9534452557563782
Fishhook,0714,538,507,40.39359726676877,-106.71977067667869,0.9023616909980774
Fishhook,0714,582,536,40.381727968146954,-106.70949800436709,0.5164120197296143
Fishhook,0714,524,500,40.3973738617848,-106.72225028723668,0.9746744632720947
Fishhook,0714,487,488,40.4073548628986,-106.7265010481932,0.95131915807724
Fishhook,0714,527,561,40.39656459142422,-106.70064225237432,0.6748145222663879
Fishhook,0714,487,490,40.4073548628986,-106.72579258803378,0.944787323474884
Fishhook,0714,564,549,40.38658359031042,-106.70489301333085,0.6890066862106323
Fishhook,0714,477,551,40.410052430767195,-106.70418455317143,0.5513058304786682
Fishhook,0714,513,534,40.40034118644026,-106.71020646452651,0.923194408416748
Fishhook,0714,504,533,40.402768997521996,-106.71056069460622,0.8859665393829346
Fishhook,0714,499,537,40.40411778145629,-106.70914377428738,0.8413741588592529
Fishhook,0714,560,571,40.38766261745786,-106.69709995157721,0.8619645833969116
Fishhook,0714,575,525,40.38361626565497,-106.7133945352439,0.5337516665458679
Fishhook,0714,491,493,40.40627583575117,-106.72472989779465,0.9452975392341614
Fishhook,0714,542,531,40.39251823962133,-106.71126915476565,0.9434852600097656
Fishhook,0714,543,568,40.392248482834475,-106.69816264181635,0.6483697891235352
Fishhook,0714,485,473,40.40789437647232,-106.73181449938886,0.9293815493583679
Fishhook,0714,532,490,40.395215807489926,-106.72579258803378,0.9109477400779724
Fishhook,0714,485,510,40.40789437647232,-106.71870798643957,0.9331997036933899
Fishhook,0714,493,502,40.40573632217745,-106.72154182707725,0.9631343483924866
Fishhook,0714,478,487,40.40978267398034,-106.72685527827291,0.8505392670631409
Fishhook,0714,490,540,40.40654559253802,-106.70808108404825,0.8058521747589111
Fishhook,0714,528,507,40.39629483463737,-106.71977067667869,0.9524632096290588
Fishhook,0714,474,483,40.41086170112778,-106.72827219859175,0.65586256980896
Fishhook,0714,532,554,40.395215807489926,-106.70312186293229,0.8417147397994995
Fishhook,0714,510,478,40.401150456800835,-106.7300433489903,0.948702335357666
Fishhook,0714,542,521,40.39251823962133,-106.71481145556275,0.9194998741149902
Fishhook,0714,525,562,40.39710410499794,-106.70028802229461,0.6288253664970398
Fishhook,0714,543,535,40.392248482834475,-106.7098522344468,0.9489347338676453
Fishhook,0714,539,525,40.39332750998191,-106.7133945352439,0.928057849407196
Fishhook,0714,530,480,40.395755321063646,-106.72933488883089,0.7888844609260559
Fishhook,0714,488,535,40.407085106111744,-106.7098522344468,0.787177324295044
Fishhook,0714,508,471,40.401689970374555,-106.73252295954828,0.9459621906280518
Fishhook,0714,502,529,40.40330851109571,-106.71197761492506,0.9063926339149475
Fishhook,0714,516,454,40.39953191607968,-106.73854487090335,0.5623918175697327
Fishhook,0714,485,480,40.40789437647232,-106.72933488883089,0.9500217437744141
Fishhook,0714,485,493,40.40789437647232,-106.72472989779465,0.9334765076637268
Fishhook,0714,482,467,40.4087036468329,-106.73393987986712,0.8931201696395874
Fishhook,0714,511,476,40.40088070001398,-106.73075180914972,0.9483327269554138
Fishhook,0714,529,556,40.3960250778505,-106.70241340277288,0.8169124126434326
Fishhook,0714,498,543,40.40438753824315,-106.70701839380911,0.6867534518241882
Fishhook,0714,532,530,40.395215807489926,-106.71162338484535,0.9693724513053894
Fishhook,0714,489,490,40.40681534932489,-106.72579258803378,0.9554176330566406
Fishhook,0714,572,527,40.38442553601555,-106.71268607508449,0.5955111980438232
Fishhook,0714,497,467,40.404657295030006,-106.73393987986712,0.9580022096633911
Fishhook,0714,554,574,40.38928115817902,-106.69603726133809,0.8638677000999451
Fishhook,0714,497,487,40.404657295030006,-106.72685527827291,0.9671610593795776
Fishhook,0714,543,514,40.392248482834475,-106.71729106612072,0.8956146836280823
Fishhook,0714,559,576,40.38793237424472,-106.69532880117866,0.6839981079101562
Fishhook,0714,548,548,40.39089969890018,-106.70524724341057,0.956168532371521
Fishhook,0714,517,482,40.39926215929282,-106.72862642867146,0.954375684261322
Fishhook,0714,485,463,40.40789437647232,-106.73535680018597,0.9264851808547974
Fishhook,0714,465,558,40.41328951220951,-106.70170494261346,0.6177988052368164
Fishhook,0714,519,496,40.3987226457191,-106.72366720755551,0.9857608675956726
Fishhook,0714,563,560,40.386853347097286,-106.70099648245403,0.8681168556213379
Fishhook,0714,526,459,40.39683434821109,-106.73677372050481,0.6200634837150574
Fishhook,0714,535,522,40.39440653712935,-106.71445722548303,0.9471832513809204
Fishhook,0714,538,473,40.39359726676877,-106.73181449938886,0.6123437881469727
Fishhook,0714,532,470,40.395215807489926,-106.73287718962798,0.5260968208312988
Fishhook,0714,476,491,40.41032218755406,-106.72543835795406,0.7329721450805664
Fishhook,0714,559,561,40.38793237424472,-106.70064225237432,0.8956896662712097
Fishhook,0714,493,464,40.40573632217745,-106.73500257010626,0.9399808049201965
Fishhook,0714,492,495,40.4060060789643,-106.72402143763523,0.9551993012428284
Fishhook,0714,480,488,40.40924316040662,-106.7265010481932,0.8798854351043701
Fishhook,0714,550,536,40.39036018532646,-106.70949800436709,0.9636588096618652
Fishhook,0714,505,538,40.40249924073513,-106.70878954420766,0.8041906952857971
Fishhook,0714,530,513,40.395755321063646,-106.71764529620043,0.9503914713859558
Fishhook,0714,512,559,40.400610943227115,-106.70135071253374,0.718625545501709
Fishhook,0714,546,515,40.3914392124739,-106.71693683604101,0.8814699649810791
Fishhook,0714,473,468,40.411131457914635,-106.73358564978741,0.5692220330238342
Fishhook,0714,571,557,40.384695292802405,-106.70205917269317,0.5479747653007507
Fishhook,0714,544,574,40.39197872604761,-106.69603726133809,0.6553015112876892
Fishhook,0714,553,557,40.38955091496588,-106.70205917269317,0.9500753879547119
Fishhook,0714,540,539,40.39305775319505,-106.70843531412795,0.9466512203216553
Fishhook,0714,556,543,40.3887416446053,-106.70701839380911,0.9649034142494202
Fishhook,0714,508,486,40.401689970374555,-106.72720950835262,0.9705081582069397
Fishhook,0714,523,466,40.397643618571664,-106.73429410994683,0.8310865759849548
Fishhook,0714,517,466,40.39926215929282,-106.73429410994683,0.8990582823753357
Fishhook,0714,472,556,40.4114012147015,-106.70241340277288,0.5410956144332886
Fishhook,0714,535,490,40.39440653712935,-106.72579258803378,0.9064450263977051
Fishhook,0714,551,521,40.390090428539594,-106.71481145556275,0.7617467641830444
Fishhook,0714,474,468,40.41086170112778,-106.73358564978741,0.6854747533798218
Fishhook,0714,553,563,40.38955091496588,-106.6999337922149,0.8313614726066589
Fishhook,0714,480,523,40.40924316040662,-106.71410299540332,0.7237809896469116
Fishhook,0714,544,475,40.39197872604761,-106.73110603922943,0.6554693579673767
Fishhook,0714,544,503,40.39197872604761,-106.72118759699754,0.808456301689148
Fishhook,0714,531,563,40.39548556427679,-106.6999337922149,0.5076900720596313
Fishhook,0714,541,517,40.392787996408195,-106.71622837588158,0.9053739309310913
Fishhook,0714,481,504,40.40897340361976,-106.72083336691783,0.8708235025405884
Fishhook,0714,559,577,40.38793237424472,-106.69497457109895,0.6160223484039307
Fishhook,0714,489,524,40.40681534932489,-106.71374876532361,0.902349054813385
Fishhook,0714,576,537,40.38334650886811,-106.70914377428738,0.6139726042747498
Fishhook,0714,487,489,40.4073548628986,-106.72614681811349,0.9468368887901306
Fishhook,0714,546,571,40.3914392124739,-106.69709995157721,0.816062331199646
Fishhook,0714,555,561,40.38901140139216,-106.70064225237432,0.912598729133606
Fishhook,0714,546,557,40.3914392124739,-106.70205917269317,0.9388816356658936
Fishhook,0714,532,477,40.395215807489926,-106.73039757907002,0.7555350065231323
Fishhook,0714,490,517,40.40654559253802,-106.71622837588158,0.924771249294281
Fishhook,0714,530,478,40.395755321063646,-106.7300433489903,0.7657252550125122
Fishhook,0714,535,471,40.39440653712935,-106.73252295954828,0.5555568933486938
Fishhook,0714,478,534,40.40978267398034,-106.71020646452651,0.6342194080352783
Fishhook,0714,521,546,40.398183132145384,-106.70595570356998,0.8362343907356262
Fishhook,0714,507,522,40.40195972716141,-106.71445722548303,0.9544674754142761
Fishhook,0714,507,538,40.40195972716141,-106.70878954420766,0.8548688888549805
Fishhook,0714,492,459,40.4060060789643,-106.73677372050481,0.7284890413284302
Fishhook,0714,530,487,40.395755321063646,-106.72685527827291,0.911697506904602
Fishhook,0714,541,467,40.392787996408195,-106.73393987986712,0.5237420797348022
Fishhook,0714,481,462,40.40897340361976,-106.73571103026568,0.8649274706840515
Fishhook,0714,508,545,40.401689970374555,-106.70630993364969,0.7070599794387817
Fishhook,0714,543,484,40.392248482834475,-106.72791796851205,0.6761543154716492
Fishhook,0714,568,551,40.38550456316299,-106.70418455317143,0.54819655418396
Fishhook,0714,564,562,40.38658359031042,-106.70028802229461,0.8704454302787781
Fishhook,0714,540,505,40.39305775319505,-106.72047913683812,0.8995354175567627
Fishhook,0714,500,487,40.40384802466943,-106.72685527827291,0.9796692132949829
Fishhook,0714,477,481,40.410052430767195,-106.72898065875117,0.8666716814041138
Fishhook,0714,489,525,40.40681534932489,-106.7133945352439,0.902349054813385
Fishhook,0714,506,522,40.402229483948275,-106.71445722548303,0.9459361433982849
Fishhook,0714,547,486,40.391169455687034,-106.72720950835262,0.6799372434616089
Fishhook,0714,545,533,40.391708969260755,-106.71056069460622,0.9444752335548401
Fishhook,0714,467,550,40.412749998635796,-106.70453878325114,0.5296306014060974
Fishhook,0714,528,475,40.39629483463737,-106.73110603922943,0.7927418351173401
Fishhook,0714,525,464,40.39710410499794,-106.73500257010626,0.7602484822273254
Fishhook,0714,577,527,40.38307675208125,-106.71268607508449,0.601067066192627
Fishhook,0714,532,516,40.395215807489926,-106.7165826059613,0.9449799656867981
Fishhook,0714,545,512,40.391708969260755,-106.71799952628014,0.8821737170219421
Fishhook,0714,510,529,40.401150456800835,-106.71197761492506,0.9314538240432739
Fishhook,0714,480,457,40.40924316040662,-106.73748218066423,0.6728008389472961
Fishhook,0714,510,525,40.401150456800835,-106.7133945352439,0.9595119953155518
Fishhook,0714,543,498,40.392248482834475,-106.72295874739609,0.8535131812095642
Fishhook,0714,519,472,40.3987226457191,-106.73216872946857,0.905505359172821
Fishhook,0714,536,552,40.39413678034249,-106.70383032309172,0.9451166391372681
Fishhook,0714,541,490,40.392787996408195,-106.72579258803378,0.7371693849563599
Fishhook,0714,539,468,40.39332750998191,-106.73358564978741,0.5697795152664185
Fishhook,0714,539,494,40.39332750998191,-106.72437566771494,0.8784759044647217
Fishhook,0714,496,534,40.40492705181687,-106.71020646452651,0.887289822101593
Fishhook,0714,531,479,40.39548556427679,-106.7296891189106,0.778014600276947
Fishhook,0714,538,563,40.39359726676877,-106.6999337922149,0.6506729125976562
Fishhook,0714,489,510,40.40681534932489,-106.71870798643957,0.942541778087616
Fishhook,0714,506,493,40.402229483948275,-106.72472989779465,0.9822863340377808
Fishhook,0714,555,551,40.38901140139216,-106.70418455317143,0.9506195783615112
Fishhook,0714,477,532,40.410052430767195,-106.71091492468594,0.6847269535064697
Fishhook,0714,479,487,40.40951291719348,-106.72685527827291,0.8700305819511414
Fishhook,0714,545,504,40.391708969260755,-106.72083336691783,0.7918698191642761
Fishhook,0714,558,577,40.38820213103158,-106.69497457109895,0.7050169110298157
Fishhook,0714,520,549,40.39845288893224,-106.70489301333085,0.8079681396484375
Fishhook,0714,472,536,40.4114012147015,-106.70949800436709,0.5253795385360718
Fishhook,0714,550,546,40.39036018532646,-106.70595570356998,0.9697810411453247
Fishhook,0714,537,516,40.39386702355563,-106.7165826059613,0.9159683585166931
Fishhook,0714,577,534,40.38307675208125,-106.71020646452651,0.6281982064247131
Fishhook,0714,478,461,40.40978267398034,-106.73606526034538,0.8174847364425659
Fishhook,0714,478,451,40.40978267398034,-106.73960756114249,0.5963683724403381
Fishhook,0714,478,536,40.40978267398034,-106.70949800436709,0.6716104745864868
Fishhook,0714,525,481,40.39710410499794,-106.72898065875117,0.9117135405540466
Fishhook,0714,565,540,40.386313833523566,-106.70808108404825,0.5186811685562134
Fishhook,0714,506,475,40.402229483948275,-106.73110603922943,0.9774730801582336
Fishhook,0714,528,555,40.39629483463737,-106.70276763285258,0.8320749998092651
Fishhook,0714,517,487,40.39926215929282,-106.72685527827291,0.9718543887138367
Fishhook,0714,492,496,40.4060060789643,-106.72366720755551,0.9521306157112122
Fishhook,0714,487,534,40.4073548628986,-106.71020646452651,0.7729058265686035
Fishhook,0714,535,505,40.39440653712935,-106.72047913683812,0.902349054813385
Fishhook,0714,513,462,40.40034118644026,-106.73571103026568,0.8944780230522156
Fishhook,0714,577,532,40.38307675208125,-106.71091492468594,0.5450702905654907
Fishhook,0714,544,504,40.39197872604761,-106.72083336691783,0.7936815619468689
Fishhook,0714,552,521,40.38982067175274,-106.71481145556275,0.6774078607559204
Fishhook,0714,539,478,40.39332750998191,-106.7300433489903,0.6089004874229431
Fishhook,0714,565,547,40.386313833523566,-106.70560147349028,0.5526370406150818
Fishhook,0714,498,472,40.40438753824315,-106.73216872946857,0.9522304534912109
Fishhook,0714,540,528,40.39305775319505,-106.71233184500477,0.9332450032234192
Fishhook,0714,542,489,40.39251823962133,-106.72614681811349,0.6961120367050171
Fishhook,0714,546,487,40.3914392124739,-106.72685527827291,0.5823343992233276
Fishhook,0714,471,537,40.411670971488356,-106.70914377428738,0.5134848356246948
Fishhook,0714,496,492,40.40492705181687,-106.72508412787435,0.9603553414344788
Fishhook,0714,473,556,40.411131457914635,-106.70241340277288,0.5396600365638733
Fishhook,0714,487,541,40.4073548628986,-106.70772685396854,0.6909652352333069
Fishhook,0714,563,542,40.386853347097286,-106.70737262388883,0.8113561272621155
Fishhook,0714,544,551,40.39197872604761,-106.70418455317143,0.9442593455314636
Fishhook,0714,555,565,40.38901140139216,-106.69922533205548,0.8661879301071167
Fishhook,0714,500,497,40.40384802466943,-106.7233129774758,0.9686339497566223
Fishhook,0714,507,524,40.40195972716141,-106.71374876532361,0.9509934782981873
Fishhook,0714,498,542,40.40438753824315,-106.70737262388883,0.7172750234603882
Fishhook,0714,508,543,40.401689970374555,-106.70701839380911,0.8098762631416321
Fishhook,0714,476,473,40.41032218755406,-106.73181449938886,0.8475490808486938
Fishhook,0714,544,538,40.39197872604761,-106.70878954420766,0.9556163549423218
Fishhook,0714,499,469,40.40411778145629,-106.7332314197077,0.9455521702766418
Fishhook,0714,459,557,40.41490805293067,-106.70205917269317,0.5024091601371765
Fishhook,0714,538,547,40.39359726676877,-106.70560147349028,0.9501360058784485
Fishhook,0714,531,513,40.39548556427679,-106.71764529620043,0.9420379996299744
Fishhook,0714,549,565,40.390629942113314,-106.69922533205548,0.7633342742919922
Fishhook,0714,466,560,40.41301975542265,-106.70099648245403,0.6736724972724915
Fishhook,0714,491,455,40.40627583575117,-106.73819064082365,0.5433614253997803
Fishhook,0714,548,561,40.39089969890018,-106.70064225237432,0.8298954367637634
Fishhook,0714,526,560,40.39683434821109,-106.70099648245403,0.6995629072189331
Fishhook,0714,491,462,40.40627583575117,-106.73571103026568,0.9070550203323364
Fishhook,0714,474,484,40.41086170112778,-106.72791796851205,0.6626253128051758
Fishhook,0714,502,537,40.40330851109571,-106.70914377428738,0.8223569393157959
Fishhook,0714,497,491,40.404657295030006,-106.72543835795406,0.961260974407196
Fishhook,0714,538,492,40.39359726676877,-106.72508412787435,0.8817874193191528
Fishhook,0714,518,535,40.39899240250596,-106.7098522344468,0.9501287937164307
Fishhook,0714,498,526,40.40438753824315,-106.7130403051642,0.9113427996635437
Fishhook,0714,539,540,40.39332750998191,-106.70808108404825,0.9471932649612427
Fishhook,0714,535,516,40.39440653712935,-106.7165826059613,0.9217374324798584
Fishhook,0714,512,473,40.400610943227115,-106.73181449938886,0.9366775155067444
Fishhook,0714,489,462,40.40681534932489,-106.73571103026568,0.8683843612670898
Fishhook,0714,542,533,40.39251823962133,-106.71056069460622,0.9467158317565918
Fishhook,0714,540,468,40.39305775319505,-106.73358564978741,0.5146726965904236
Fishhook,0714,567,549,40.385774319949846,-106.70489301333085,0.5200933218002319
Fishhook,0714,549,561,40.390629942113314,-106.70064225237432,0.8190898895263672
Fishhook,0714,548,496,40.39089969890018,-106.72366720755551,0.5111880898475647
Fishhook,0714,478,498,40.40978267398034,-106.72295874739609,0.6160871386528015
Fishhook,0714,545,518,40.391708969260755,-106.71587414580188,0.8860793709754944
Fishhook,0714,532,505,40.395215807489926,-106.72047913683812,0.9139137268066406
Fishhook,0714,512,453,40.400610943227115,-106.73889910098308,0.5666422843933105
Fishhook,0714,550,522,40.39036018532646,-106.71445722548303,0.8623569011688232
Fishhook,0714,501,463,40.40357826788257,-106.73535680018597,0.9335783123970032
Fishhook,0714,493,534,40.40573632217745,-106.71020646452651,0.8685982823371887
Fishhook,0714,496,463,40.40492705181687,-106.73535680018597,0.8549825549125671
Fishhook,0714,482,543,40.4087036468329,-106.70701839380911,0.5174970626831055
Fishhook,0714,500,472,40.40384802466943,-106.73216872946857,0.9604122042655945
Fishhook,0714,489,515,40.40681534932489,-106.71693683604101,0.9349650144577026
Fishhook,0714,531,498,40.39548556427679,-106.72295874739609,0.9061062335968018
Fishhook,0714,524,476,40.3973738617848,-106.73075180914972,0.9026267528533936
Fishhook,0714,550,538,40.39036018532646,-106.70878954420766,0.9631475806236267
Fishhook,0714,511,497,40.40088070001398,-106.7233129774758,0.9832206964492798
Fishhook,0714,492,544,40.4060060789643,-106.7066641637294,0.7736107110977173
Fishhook,0714,523,486,40.397643618571664,-106.72720950835262,0.9341726899147034
Fishhook,0714,551,537,40.390090428539594,-106.70914377428738,0.9679635167121887
Fishhook,0714,496,481,40.40492705181687,-106.72898065875117,0.9464151263237
Fishhook,0714,563,568,40.386853347097286,-106.69816264181635,0.8730924725532532
Fishhook,0714,522,468,40.39791337535852,-106.73358564978741,0.8247604370117188
Fishhook,0714,500,540,40.40384802466943,-106.70808108404825,0.804046094417572
Fishhook,0714,509,537,40.4014202135877,-106.70914377428738,0.8834095001220703
Fishhook,0714,547,530,40.391169455687034,-106.71162338484535,0.9406606554985046
Fishhook,0714,570,536,40.38496504958927,-106.70949800436709,0.522663414478302
Fishhook,0714,567,546,40.385774319949846,-106.70595570356998,0.5355761647224426
Fishhook,0714,556,545,40.3887416446053,-106.70630993364969,0.9652958512306213
Fishhook,0714,517,468,40.39926215929282,-106.73358564978741,0.870813250541687
Fishhook,0714,479,517,40.40951291719348,-106.71622837588158,0.6656530499458313
Fishhook,0714,535,509,40.39440653712935,-106.71906221651928,0.9090092182159424
Fishhook,0714,481,519,40.40897340361976,-106.71551991572217,0.7992922067642212
Fishhook,0714,531,473,40.39548556427679,-106.73181449938886,0.7019392848014832
Fishhook,0714,534,564,40.394676293916206,-106.69957956213518,0.5582899451255798
Fishhook,0714,556,533,40.3887416446053,-106.71056069460622,0.906134843826294
Fishhook,0714,499,479,40.40411778145629,-106.7296891189106,0.9625524878501892
Fishhook,0714,476,526,40.41032218755406,-106.7130403051642,0.5718823075294495
Fishhook,0714,521,554,40.398183132145384,-106.70312186293229,0.6879057288169861
Fishhook,0714,528,542,40.39629483463737,-106.70737262388883,0.9457914233207703
Fishhook,0714,552,523,40.38982067175274,-106.71410299540332,0.8081173300743103
Fishhook,0714,554,573,40.38928115817902,-106.6963914914178,0.8694987297058105
Fishhook,0714,478,477,40.40978267398034,-106.73039757907002,0.8739944696426392
Fishhook,0714,499,539,40.40411778145629,-106.70843531412795,0.8052219152450562
Fishhook,0714,559,556,40.38793237424472,-106.70241340277288,0.8845987319946289
Fishhook,0714,513,474,40.40034118644026,-106.73146026930915,0.9304438233375549
Fishhook,0714,491,527,40.40627583575117,-106.71268607508449,0.902349054813385
Fishhook,0714,537,535,40.39386702355563,-106.7098522344468,0.9461603760719299
Fishhook,0714,546,520,40.3914392124739,-106.71516568564246,0.888809084892273
Fishhook,0714,581,529,40.38199772493381,-106.71197761492506,0.5599411129951477
Fishhook,0714,531,549,40.39548556427679,-106.70489301333085,0.9318454265594482
Fishhook,0714,479,537,40.40951291719348,-106.70914377428738,0.6451535820960999
Fishhook,0714,542,484,40.39251823962133,-106.72791796851205,0.6670585870742798
Fishhook,0714,480,554,40.40924316040662,-106.70312186293229,0.5206876397132874
Fishhook,0714,542,552,40.39251823962133,-106.70383032309172,0.9341357946395874
Fishhook,0714,545,484,40.391708969260755,-106.72791796851205,0.663515031337738
Fishhook,0714,482,485,40.4087036468329,-106.72756373843234,0.9133870601654053
Fishhook,0714,489,472,40.40681534932489,-106.73216872946857,0.9322815537452698
Fishhook,0714,565,546,40.386313833523566,-106.70595570356998,0.5920118093490601
Fishhook,0714,521,543,40.398183132145384,-106.70701839380911,0.9182202816009521
Fishhook,0714,488,486,40.407085106111744,-106.72720950835262,0.9539715051651001
Fishhook,0714,513,552,40.40034118644026,-106.70383032309172,0.6483217477798462
Fishhook,0714,473,534,40.411131457914635,-106.71020646452651,0.5212605595588684
Fishhook,0714,482,534,40.4087036468329,-106.71020646452651,0.7115477919578552
Fishhook,0714,484,475,40.408164133259184,-106.73110603922943,0.9325450658798218
Fishhook,0714,563,537,40.386853347097286,-106.70914377428738,0.7973625659942627
Fishhook,0714,536,513,40.39413678034249,-106.71764529620043,0.9091558456420898
Fishhook,0714,540,544,40.39305775319505,-106.7066641637294,0.9518445730209351
Fishhook,0714,529,471,40.3960250778505,-106.73252295954828,0.6451084613800049
Fishhook,0714,502,473,40.40330851109571,-106.73181449938886,0.9741250276565552
Fishhook,0714,544,532,40.39197872604761,-106.71091492468594,0.9460567235946655
Fishhook,0714,471,479,40.411670971488356,-106.7296891189106,0.5921499133110046
Fishhook,0714,544,570,40.39197872604761,-106.69745418165692,0.6841204166412354
Fishhook,0714,526,498,40.39683434821109,-106.72295874739609,0.9533416032791138
Fishhook,0714,539,553,40.39332750998191,-106.70347609301201,0.9332830905914307
Fishhook,0714,527,469,40.39656459142422,-106.7332314197077,0.6958149075508118
Fishhook,0714,578,532,40.382806995294395,-106.71091492468594,0.5505995750427246
Fishhook,0714,581,531,40.38199772493381,-106.71126915476565,0.5559305548667908
Fishhook,0714,554,532,40.38928115817902,-106.71091492468594,0.9298874139785767
Fishhook,0714,505,530,40.40249924073513,-106.71162338484535,0.9033768773078918
Fishhook,0714,578,530,40.382806995294395,-106.71162338484535,0.635482132434845
Fishhook,0714,510,480,40.401150456800835,-106.72933488883089,0.9612399935722351
Fishhook,0714,501,466,40.40357826788257,-106.73429410994683,0.9661166667938232
Fishhook,0714,556,548,40.3887416446053,-106.70524724341057,0.9515683054924011
Fishhook,0714,489,509,40.40681534932489,-106.71906221651928,0.9421103000640869
Fishhook,0714,476,533,40.41032218755406,-106.71056069460622,0.6506488919258118
Fishhook,0714,490,495,40.40654559253802,-106.72402143763523,0.9505840539932251
Fishhook,0714,483,457,40.40843389004604,-106.73748218066423,0.7088852524757385
Fishhook,0714,503,544,40.40303875430885,-106.7066641637294,0.6217794418334961
Fishhook,0714,495,483,40.405196808603726,-106.72827219859175,0.958046019077301
Fishhook,0714,513,528,40.40034118644026,-106.71233184500477,0.9573034048080444
Fishhook,0714,534,472,40.394676293916206,-106.73216872946857,0.6212999820709229
Fishhook,0714,534,512,40.394676293916206,-106.71799952628014,0.9160684943199158
Fishhook,0714,530,545,40.395755321063646,-106.70630993364969,0.9508096575737
Fishhook,0714,482,509,40.4087036468329,-106.71906221651928,0.9037262797355652
Fishhook,0714,478,523,40.40978267398034,-106.71410299540332,0.6403188705444336
Fishhook,0714,501,539,40.40357826788257,-106.70843531412795,0.7841989398002625
Fishhook,0714,502,460,40.40330851109571,-106.73641949042509,0.8541615009307861
Fishhook,0714,547,570,40.391169455687034,-106.69745418165692,0.7962668538093567
Fishhook,0714,477,510,40.410052430767195,-106.71870798643957,0.5595976114273071
Fishhook,0714,480,500,40.40924316040662,-106.72225028723668,0.7685969471931458
Fishhook,0714,522,562,40.39791337535852,-106.70028802229461,0.5517390966415405
Fishhook,0714,545,482,40.391708969260755,-106.72862642867146,0.6952676177024841
Fishhook,0714,515,551,40.39980167286654,-106.70418455317143,0.6120659112930298
Fishhook,0714,511,480,40.40088070001398,-106.72933488883089,0.9540383219718933
Fishhook,0714,488,483,40.407085106111744,-106.72827219859175,0.9538131952285767
Fishhook,0714,510,462,40.401150456800835,-106.73571103026568,0.9097051620483398
Fishhook,0714,491,528,40.40627583575117,-106.71233184500477,0.902349054813385
Fishhook,0714,541,509,40.392787996408195,-106.71906221651928,0.8981548547744751
Fishhook,0714,561,544,40.387392860671,-106.7066641637294,0.851182758808136
Fishhook,0714,508,530,40.401689970374555,-106.71162338484535,0.9165459275245667
Fishhook,0714,482,518,40.4087036468329,-106.71587414580188,0.8381476998329163
Fishhook,0714,522,505,40.39791337535852,-106.72047913683812,0.9783391952514648
Fishhook,0714,534,561,40.394676293916206,-106.70064225237432,0.7150370478630066
Fishhook,0714,551,522,40.390090428539594,-106.71445722548303,0.8060086369514465
Fishhook,0714,481,487,40.40897340361976,-106.72685527827291,0.9127210974693298
Fishhook,0714,539,523,40.39332750998191,-106.71410299540332,0.9269059896469116
Fishhook,0714,530,560,40.395755321063646,-106.70099648245403,0.647485077381134
Fishhook,0714,480,532,40.40924316040662,-106.71091492468594,0.6945592761039734
Fishhook,0714,522,459,40.39791337535852,-106.73677372050481,0.6766537427902222
Fishhook,0714,546,501,40.3914392124739,-106.72189605715697,0.7770154476165771
Fishhook,0714,532,498,40.395215807489926,-106.72295874739609,0.9040861129760742
Fishhook,0714,512,539,40.400610943227115,-106.70843531412795,0.895432710647583
Fishhook,0714,488,537,40.407085106111744,-106.70914377428738,0.8042358160018921
Fishhook,0714,489,529,40.40681534932489,-106.71197761492506,0.8831036686897278
Fishhook,0714,477,519,40.410052430767195,-106.71551991572217,0.5713183283805847
Fishhook,0714,516,535,40.39953191607968,-106.7098522344468,0.9412057399749756
Fishhook,0714,547,493,40.391169455687034,-106.72472989779465,0.5730969905853271
Fishhook,0714,484,495,40.408164133259184,-106.72402143763523,0.9219411015510559
Fishhook,0714,506,487,40.402229483948275,-106.72685527827291,0.9822945594787598
Fishhook,0714,546,534,40.3914392124739,-106.71020646452651,0.954723596572876
Fishhook,0714,556,540,40.3887416446053,-106.70808108404825,0.9585016369819641
Fishhook,0714,496,495,40.40492705181687,-106.72402143763523,0.9601801633834839
Fishhook,0714,510,532,40.401150456800835,-106.71091492468594,0.9164085984230042
Fishhook,0714,519,454,40.3987226457191,-106.73854487090335,0.525486171245575
Fishhook,0714,545,486,40.391708969260755,-106.72720950835262,0.6364945769309998
Fishhook,0714,481,509,40.40897340361976,-106.71906221651928,0.8846080303192139
Fishhook,0714,512,474,40.400610943227115,-106.73146026930915,0.9340315461158752
Fishhook,0714,532,485,40.395215807489926,-106.72756373843234,0.8435209393501282
Fishhook,0714,564,565,40.38658359031042,-106.69922533205548,0.8518336415290833
Fishhook,0714,499,546,40.40411778145629,-106.70595570356998,0.5374810695648193
Fishhook,0714,497,465,40.404657295030006,-106.73464834002654,0.9065148234367371
Fishhook,0714,512,556,40.400610943227115,-106.70241340277288,0.7033731937408447
Fishhook,0714,486,457,40.407624619685464,-106.73748218066423,0.720517098903656
Fishhook,0714,559,530,40.38793237424472,-106.71162338484535,0.6054903864860535
Fishhook,0714,493,461,40.40573632217745,-106.73606526034538,0.7887609601020813
Fishhook,0714,559,538,40.38793237424472,-106.70878954420766,0.8654129505157471
Fishhook,0714,476,482,40.41032218755406,-106.72862642867146,0.809166669845581
Fishhook,0714,472,533,40.4114012147015,-106.71056069460622,0.5241566896438599
Fishhook,0714,495,463,40.405196808603726,-106.73535680018597,0.8966363072395325
Fishhook,0714,509,529,40.4014202135877,-106.71197761492506,0.9271788001060486
Fishhook,0714,526,499,40.39683434821109,-106.72260451731638,0.9590338468551636
Fishhook,0714,488,529,40.407085106111744,-106.71197761492506,0.8798729181289673
Fishhook,0714,485,505,40.40789437647232,-106.72047913683812,0.92862468957901
Fishhook,0714,549,570,40.390629942113314,-106.69745418165692,0.8127848505973816
Fishhook,0714,520,463,40.39845288893224,-106.73535680018597,0.875044047832489
Fishhook,0714,525,477,40.39710410499794,-106.73039757907002,0.8883430361747742
Fishhook,0714,492,534,40.4060060789643,-106.71020646452651,0.8563142418861389
Fishhook,0714,484,515,40.408164133259184,-106.71693683604101,0.9273773431777954
Fishhook,0714,520,476,40.39845288893224,-106.73075180914972,0.9288507103919983
Fishhook,0714,529,510,40.3960250778505,-106.71870798643957,0.9548898339271545
Fishhook,0714,531,516,40.39548556427679,-106.7165826059613,0.951323926448822
Fishhook,0714,569,550,40.385234806376126,-106.70453878325114,0.5497243404388428
Fishhook,0714,511,543,40.40088070001398,-106.70701839380911,0.8042551279067993
Fishhook,0714,539,534,40.39332750998191,-106.71020646452651,0.9439078569412231
Fishhook,0714,544,497,40.39197872604761,-106.7233129774758,0.8028731346130371
Fishhook,0714,490,544,40.40654559253802,-106.7066641637294,0.6973955631256104
Fishhook,0714,508,462,40.401689970374555,-106.73571103026568,0.9047452211380005
Fishhook,0714,497,484,40.404657295030006,-106.72791796851205,0.9617765545845032
Fishhook,0714,500,461,40.40384802466943,-106.73606526034538,0.8020015954971313
Fishhook,0714,490,487,40.40654559253802,-106.72685527827291,0.959701657295227
Fishhook,0714,478,535,40.40978267398034,-106.7098522344468,0.6482124924659729
Fishhook,0714,479,534,40.40951291719348,-106.71020646452651,0.6097779870033264
Fishhook,0714,479,491,40.40951291719348,-106.72543835795406,0.8422099351882935
Fishhook,0714,554,539,40.38928115817902,-106.70843531412795,0.9712012410163879
Fishhook,0714,505,541,40.40249924073513,-106.70772685396854,0.776045024394989
Fishhook,0714,477,457,40.410052430767195,-106.73748218066423,0.7403098940849304
Fishhook,0714,567,538,40.385774319949846,-106.70878954420766,0.5833267569541931
Fishhook,0714,546,527,40.3914392124739,-106.71268607508449,0.9292246103286743
Fishhook,0714,522,477,40.39791337535852,-106.73039757907002,0.9196116328239441
Fishhook,0714,539,562,40.39332750998191,-106.70028802229461,0.6645022630691528
Fishhook,0714,547,475,40.391169455687034,-106.73110603922943,0.5136837363243103
Fishhook,0714,526,481,40.39683434821109,-106.72898065875117,0.9118036031723022
Fishhook,0714,557,560,40.38847188781844,-106.70099648245403,0.913567066192627
Fishhook,0714,482,466,40.4087036468329,-106.73429410994683,0.8839505910873413
Fishhook,0714,544,539,40.39197872604761,-106.70843531412795,0.9587411284446716
Fishhook,0714,480,481,40.40924316040662,-106.72898065875117,0.9034233689308167
Fishhook,0714,540,549,40.39305775319505,-106.70489301333085,0.9487616419792175
Fishhook,0714,556,535,40.3887416446053,-106.7098522344468,0.942313551902771
Fishhook,0714,541,560,40.392787996408195,-106.70099648245403,0.7063281536102295
Fishhook,0714,542,553,40.39251823962133,-106.70347609301201,0.9305263757705688
Fishhook,0714,519,471,40.3987226457191,-106.73252295954828,0.8715376853942871
Fishhook,0714,558,566,40.38820213103158,-106.69887110197577,0.924571692943573
Fishhook,0714,523,507,40.397643618571664,-106.71977067667869,0.9776790142059326
Fishhook,0714,472,482,40.4114012147015,-106.72862642867146,0.5529793500900269
Fishhook,0714,493,551,40.40573632217745,-106.70418455317143,0.528600811958313
Fishhook,0714,496,547,40.40492705181687,-106.70560147349028,0.5585194826126099
Fishhook,0714,549,577,40.390629942113314,-106.69497457109895,0.5913131833076477
Fishhook,0714,520,470,40.39845288893224,-106.73287718962798,0.8339381814002991
Fishhook,0714,535,492,40.39440653712935,-106.72508412787435,0.9069884419441223
Fishhook,0714,544,480,40.39197872604761,-106.72933488883089,0.6717572212219238
Fishhook,0714,486,543,40.407624619685464,-106.70701839380911,0.6322770118713379
Fishhook,0714,522,462,40.39791337535852,-106.73571103026568,0.7342864871025085
Fishhook,0714,556,542,40.3887416446053,-106.70737262388883,0.968766987323761
Fishhook,0714,521,475,40.398183132145384,-106.73110603922943,0.9147337675094604
Fishhook,0714,487,470,40.4073548628986,-106.73287718962798,0.9369084239006042
Fishhook,0714,541,552,40.392787996408195,-106.70383032309172,0.9347116947174072
Fishhook,0714,567,553,40.385774319949846,-106.70347609301201,0.5711874961853027
Fishhook,0714,517,464,40.39926215929282,-106.73500257010626,0.9123899340629578
Fishhook,0714,560,558,40.38766261745786,-106.70170494261346,0.9020853638648987
Fishhook,0714,562,534,40.38712310388414,-106.71020646452651,0.8571873307228088
Fishhook,0714,515,536,40.39980167286654,-106.70949800436709,0.9316728711128235
Fishhook,0714,549,514,40.390629942113314,-106.71729106612072,0.8139598369598389
Fishhook,0714,500,492,40.40384802466943,-106.72508412787435,0.9666252136230469
Fishhook,0714,496,542,40.40492705181687,-106.70737262388883,0.7626004219055176
Fishhook,0714,558,526,40.38820213103158,-106.7130403051642,0.6090642809867859
Fishhook,0714,490,525,40.40654559253802,-106.7133945352439,0.902349054813385
Fishhook,0714,530,469,40.395755321063646,-106.7332314197077,0.5657919645309448
Fishhook,0714,554,525,40.38928115817902,-106.7133945352439,0.7556443810462952
Fishhook,0714,513,533,40.40034118644026,-106.71056069460622,0.9294471144676208
Fishhook,0714,528,508,40.39629483463737,-106.71941644659898,0.9566352367401123
Fishhook,0714,514,465,40.400071429653394,-106.73464834002654,0.9049386382102966
Fishhook,0714,501,497,40.40357826788257,-106.7233129774758,0.9745839834213257
Fishhook,0714,533,496,40.39494605070307,-106.72366720755551,0.9059178829193115
Fishhook,0714,484,491,40.408164133259184,-106.72543835795406,0.9299571514129639
Fishhook,0714,551,516,40.390090428539594,-106.7165826059613,0.6533496975898743
Fishhook,0714,561,535,40.387392860671,-106.7098522344468,0.8064250946044922
Fishhook,0714,563,572,40.386853347097286,-106.6967457214975,0.8467082381248474
Fishhook,0714,541,497,40.392787996408195,-106.7233129774758,0.8809500932693481
Fishhook,0714,539,561,40.39332750998191,-106.70064225237432,0.6878541111946106
Fishhook,0714,483,494,40.40843389004604,-106.72437566771494,0.9073774814605713
Fishhook,0714,555,545,40.38901140139216,-106.70630993364969,0.9645209908485413
Fishhook,0714,547,503,40.391169455687034,-106.72118759699754,0.7778942584991455
Fishhook,0714,532,559,40.395215807489926,-106.70135071253374,0.7130523920059204
Fishhook,0714,537,512,40.39386702355563,-106.71799952628014,0.906244695186615
Fishhook,0714,495,531,40.405196808603726,-106.71126915476565,0.902349054813385
Fishhook,0714,483,526,40.40843389004604,-106.7130403051642,0.7736591100692749
Fishhook,0714,547,489,40.391169455687034,-106.72614681811349,0.5894666314125061
Fishhook,0714,577,533,40.38307675208125,-106.71056069460622,0.5863474011421204
Fishhook,0714,475,456,40.410591944340915,-106.73783641074394,0.5595970153808594
Fishhook,0714,524,554,40.3973738617848,-106.70312186293229,0.7265666127204895
Fishhook,0714,511,540,40.40088070001398,-106.70808108404825,0.866049587726593
Fishhook,0714,536,481,40.39413678034249,-106.72898065875117,0.7001866698265076
Fishhook,0714,492,477,40.4060060789643,-106.73039757907002,0.9422867298126221
Fishhook,0714,527,515,40.39656459142422,-106.71693683604101,0.9733405709266663
Fishhook,0714,545,577,40.391708969260755,-106.69497457109895,0.5404310822486877
Fishhook,0714,578,536,40.382806995294395,-106.70949800436709,0.5846133232116699
Fishhook,0714,522,489,40.39791337535852,-106.72614681811349,0.946969211101532
Fishhook,0714,476,520,40.41032218755406,-106.71516568564246,0.5275146961212158
Fishhook,0714,528,474,40.39629483463737,-106.73146026930915,0.7804082632064819
Fishhook,0714,540,547,40.39305775319505,-106.70560147349028,0.9502073526382446
Fishhook,0714,506,483,40.402229483948275,-106.72827219859175,0.9786081910133362
Fishhook,0714,491,496,40.40627583575117,-106.72366720755551,0.9463790655136108
Fishhook,0714,557,574,40.38847188781844,-106.69603726133809,0.829182505607605
Fishhook,0714,510,545,40.401150456800835,-106.70630993364969,0.729729413986206
Fishhook,0714,532,507,40.395215807489926,-106.71977067667869,0.9148617386817932
Fishhook,0714,478,474,40.40978267398034,-106.73146026930915,0.8841487765312195
Fishhook,0714,545,567,40.391708969260755,-106.69851687189606,0.6652438044548035
Fishhook,0714,502,474,40.40330851109571,-106.73146026930915,0.9807161688804626
Fishhook,0714,530,514,40.395755321063646,-106.71729106612072,0.9507966041564941
Fishhook,0714,527,508,40.39656459142422,-106.71941644659898,0.9638446569442749
Fishhook,0714,535,541,40.39440653712935,-106.70772685396854,0.9406241774559021
Fishhook,0714,467,558,40.412749998635796,-106.70170494261346,0.6340399980545044
Fishhook,0714,540,477,40.39305775319505,-106.73039757907002,0.528939425945282
Fishhook,0714,477,524,40.410052430767195,-106.71374876532361,0.6201440691947937
Fishhook,0714,526,553,40.39683434821109,-106.70347609301201,0.8627117276191711
Fishhook,0714,556,527,40.3887416446053,-106.71268607508449,0.7203173041343689
Fishhook,0714,496,491,40.40492705181687,-106.72543835795406,0.9615122675895691
Fishhook,0714,536,489,40.39413678034249,-106.72614681811349,0.8829495906829834
Fishhook,0714,527,465,40.39656459142422,-106.73464834002654,0.6705443263053894
Fishhook,0714,525,484,40.39710410499794,-106.72791796851205,0.9216286540031433
Fishhook,0714,523,483,40.397643618571664,-106.72827219859175,0.9240959882736206
Fishhook,0714,487,507,40.4073548628986,-106.71977067667869,0.9415211081504822
Fishhook,0714,496,521,40.40492705181687,-106.71481145556275,0.9321959018707275
Fishhook,0714,513,545,40.40034118644026,-106.70630993364969,0.7408609986305237
Fishhook,0714,495,469,40.405196808603726,-106.7332314197077,0.9444360136985779
Fishhook,0714,552,564,40.38982067175274,-106.69957956213518,0.8091696500778198
Fishhook,0714,479,499,40.40951291719348,-106.72260451731638,0.6741567850112915
Fishhook,0714,565,570,40.386313833523566,-106.69745418165692,0.6985172629356384
Fishhook,0714,517,461,40.39926215929282,-106.73606526034538,0.8727017641067505
Fishhook,0714,575,530,40.38361626565497,-106.71162338484535,0.6619857549667358
Fishhook,0714,551,519,40.390090428539594,-106.71551991572217,0.6885843873023987
Fishhook,0714,473,551,40.411131457914635,-106.70418455317143,0.5412675738334656
Fishhook,0714,554,562,40.38928115817902,-106.70028802229461,0.9038720726966858
Fishhook,0714,523,472,40.397643618571664,-106.73216872946857,0.8926952481269836
Fishhook,0714,501,530,40.40357826788257,-106.71162338484535,0.9056901335716248
Fishhook,0714,494,542,40.40546656539059,-106.70737262388883,0.7824010252952576
Fishhook,0714,533,499,40.39494605070307,-106.72260451731638,0.9025261998176575
Fishhook,0714,531,497,40.39548556427679,-106.7233129774758,0.9081149697303772
Fishhook,0714,489,496,40.40681534932489,-106.72366720755551,0.9378384947776794
Fishhook,0714,496,479,40.40492705181687,-106.7296891189106,0.9454529881477356
Fishhook,0714,533,474,40.39494605070307,-106.73146026930915,0.7227064967155457
Fishhook,0714,482,531,40.4087036468329,-106.71126915476565,0.7512264251708984
Fishhook,0714,549,564,40.390629942113314,-106.69957956213518,0.7902249097824097
Fishhook,0714,482,508,40.4087036468329,-106.71941644659898,0.9062869548797607
Fishhook,0714,540,521,40.39305775319505,-106.71481145556275,0.9198049902915955
Fishhook,0714,514,534,40.400071429653394,-106.71020646452651,0.9321516752243042
Fishhook,0714,529,493,40.3960250778505,-106.72472989779465,0.9172641038894653
Fishhook,0714,520,561,40.39845288893224,-106.70064225237432,0.5723055005073547
Fishhook,0714,492,543,40.4060060789643,-106.70701839380911,0.7639846801757812
Fishhook,0714,533,482,40.39494605070307,-106.72862642867146,0.7646988034248352
Fishhook,0714,511,461,40.40088070001398,-106.73606526034538,0.8570395708084106
Fishhook,0714,476,463,40.41032218755406,-106.73535680018597,0.8196734189987183
Fishhook,0714,560,544,40.38766261745786,-106.7066641637294,0.8781270384788513
Fishhook,0714,560,556,40.38766261745786,-106.70241340277288,0.8801271915435791
Fishhook,0714,494,464,40.40546656539059,-106.73500257010626,0.9380335807800293
Fishhook,0714,463,562,40.41382902578323,-106.70028802229461,0.6221312284469604
Fishhook,0714,506,495,40.402229483948275,-106.72402143763523,0.9839410185813904
Fishhook,0714,520,475,40.39845288893224,-106.73110603922943,0.9258859157562256
Fishhook,0714,515,553,40.39980167286654,-106.70347609301201,0.5837234258651733
Fishhook,0714,485,525,40.40789437647232,-106.7133945352439,0.8294015526771545
Fishhook,0714,473,471,40.411131457914635,-106.73252295954828,0.6864506602287292
Fishhook,0714,559,562,40.38793237424472,-106.70028802229461,0.8931750059127808
Fishhook,0714,579,536,40.38253723850753,-106.70949800436709,0.5776376724243164
Fishhook,0714,470,554,40.41194072827521,-106.70312186293229,0.6259933710098267
Fishhook,0714,552,546,40.38982067175274,-106.70595570356998,0.9728556275367737
Fishhook,0714,526,471,40.39683434821109,-106.73252295954828,0.8099448084831238
Fishhook,0714,562,562,40.38712310388414,-106.70028802229461,0.9096289873123169
Fishhook,0714,503,537,40.40303875430885,-106.70914377428738,0.8172849416732788
Fishhook,0714,561,565,40.387392860671,-106.69922533205548,0.90244060754776
Fishhook,0714,529,554,40.3960250778505,-106.70312186293229,0.8288431167602539
Fishhook,0714,506,518,40.402229483948275,-106.71587414580188,0.9625520706176758
Fishhook,0714,544,520,40.39197872604761,-106.71516568564246,0.8976415395736694
Fishhook,0714,477,490,40.410052430767195,-106.72579258803378,0.8092519640922546
Fishhook,0714,483,517,40.40843389004604,-106.71622837588158,0.8777686953544617
Fishhook,0714,524,556,40.3973738617848,-106.70241340277288,0.6703518033027649
Fishhook,0714,527,543,40.39656459142422,-106.70701839380911,0.9294952154159546
Fishhook,0714,509,550,40.4014202135877,-106.70453878325114,0.6589312553405762
Fishhook,0714,553,537,40.38955091496588,-106.70914377428738,0.9731216430664062
Fishhook,0714,567,558,40.385774319949846,-106.70170494261346,0.602467954158783
Fishhook,0714,460,557,40.414638296143806,-106.70205917269317,0.5211477279663086
Fishhook,0714,475,525,40.410591944340915,-106.7133945352439,0.5154902935028076
Fishhook,0714,515,540,40.39980167286654,-106.70808108404825,0.9173850417137146
Fishhook,0714,535,500,40.39440653712935,-106.72225028723668,0.902349054813385
Fishhook,0714,521,553,40.398183132145384,-106.70347609301201,0.6801685690879822
Fishhook,0714,538,500,40.39359726676877,-106.72225028723668,0.902349054813385
Fishhook,0714,545,481,40.391708969260755,-106.72898065875117,0.6638365387916565
Fishhook,0714,482,539,40.4087036468329,-106.70843531412795,0.6372156143188477
Fishhook,0714,544,550,40.39197872604761,-106.70453878325114,0.9456252455711365
Fishhook,0714,544,543,40.39197872604761,-106.70701839380911,0.9591561555862427
Fishhook,0714,540,466,40.39305775319505,-106.73429410994683,0.5796544551849365
Fishhook,0714,496,488,40.40492705181687,-106.7265010481932,0.9539369940757751
Fishhook,0714,462,556,40.41409878257009,-106.70241340277288,0.550856351852417
Fishhook,0714,504,457,40.402768997521996,-106.73748218066423,0.7964450716972351
Fishhook,0714,520,540,40.39845288893224,-106.70808108404825,0.938873291015625
Fishhook,0714,495,478,40.405196808603726,-106.7300433489903,0.9431623816490173
Fishhook,0714,530,484,40.395755321063646,-106.72791796851205,0.8766204118728638
Fishhook,0714,503,454,40.40303875430885,-106.73854487090335,0.6015501618385315
Fishhook,0714,545,498,40.391708969260755,-106.72295874739609,0.7272707223892212
Fishhook,0714,504,481,40.402768997521996,-106.72898065875117,0.977942705154419
Fishhook,0714,537,521,40.39386702355563,-106.71481145556275,0.9327294230461121
Fishhook,0714,511,546,40.40088070001398,-106.70595570356998,0.7032718658447266
Fishhook,0714,480,521,40.40924316040662,-106.71481145556275,0.7878779768943787
Fishhook,0714,559,552,40.38793237424472,-106.70383032309172,0.8856307864189148
Fishhook,0714,525,494,40.39710410499794,-106.72437566771494,0.9443782567977905
Fishhook,0714,495,460,40.405196808603726,-106.73641949042509,0.6395120024681091
Fishhook,0714,560,538,40.38766261745786,-106.70878954420766,0.8842588067054749
Fishhook,0714,518,539,40.39899240250596,-106.70843531412795,0.9299852252006531
Fishhook,0714,559,537,40.38793237424472,-106.70914377428738,0.8504797220230103
Fishhook,0714,515,537,40.39980167286654,-106.70914377428738,0.9240530729293823
Fishhook,0714,543,474,40.392248482834475,-106.73146026930915,0.6658086776733398
Fishhook,0714,512,460,40.400610943227115,-106.73641949042509,0.8369691371917725
Fishhook,0714,513,558,40.40034118644026,-106.70170494261346,0.7272884249687195
Fishhook,0714,541,551,40.392787996408195,-106.70418455317143,0.9345030784606934
Fishhook,0714,535,528,40.39440653712935,-106.71233184500477,0.9551048874855042
Fishhook,0714,566,570,40.3860440767367,-106.69745418165692,0.5764492154121399
Fishhook,0714,507,519,40.40195972716141,-106.71551991572217,0.9673519134521484
Fishhook,0714,523,551,40.397643618571664,-106.70418455317143,0.7980027794837952
Fishhook,0714,555,554,40.38901140139216,-106.70312186293229,0.9436842799186707
Fishhook,0714,479,526,40.40951291719348,-106.7130403051642,0.6754130721092224
Fishhook,0714,504,472,40.402768997521996,-106.73216872946857,0.9679535627365112
Fishhook,0714,526,458,40.39683434821109,-106.73712795058452,0.5549090504646301
Fishhook,0714,491,497,40.40627583575117,-106.7233129774758,0.9451542496681213
Fishhook,0714,503,471,40.40303875430885,-106.73252295954828,0.9643786549568176
Fishhook,0714,495,540,40.405196808603726,-106.70808108404825,0.8519780039787292
Fishhook,0714,544,530,40.39197872604761,-106.71162338484535,0.9395557641983032
Fishhook,0714,506,521,40.402229483948275,-106.71481145556275,0.9539174437522888
Fishhook,0714,556,551,40.3887416446053,-106.70418455317143,0.9532982707023621
Fishhook,0714,483,508,40.40843389004604,-106.71941644659898,0.9166952967643738
Fishhook,0714,485,498,40.40789437647232,-106.72295874739609,0.921693742275238
Fishhook,0714,549,560,40.390629942113314,-106.70099648245403,0.8576844334602356
Fishhook,0714,496,539,40.40492705181687,-106.70843531412795,0.8380962610244751
Fishhook,0714,492,515,40.4060060789643,-106.71693683604101,0.9452468156814575
Fishhook,0714,494,519,40.40546656539059,-106.71551991572217,0.9401599168777466
Fishhook,0714,546,489,40.3914392124739,-106.72614681811349,0.5570569038391113
Fishhook,0714,557,571,40.38847188781844,-106.69709995157721,0.8874289393424988
Fishhook,0714,539,480,40.39332750998191,-106.72933488883089,0.6641756296157837
Fishhook,0714,483,502,40.40843389004604,-106.72154182707725,0.9009515047073364
Fishhook,0714,539,541,40.39332750998191,-106.70772685396854,0.9463309645652771
Fishhook,0714,480,518,40.40924316040662,-106.71587414580188,0.7096338868141174
Fishhook,0714,527,595,40.39656459142422,-106.68859842966417,0.5046590566635132
Fishhook,0714,572,553,40.38442553601555,-106.70347609301201,0.5120964050292969
Fishhook,0714,472,528,40.4114012147015,-106.71233184500477,0.5467983484268188
Fishhook,0714,482,461,40.4087036468329,-106.73606526034538,0.8342339396476746
Fishhook,0714,513,476,40.40034118644026,-106.73075180914972,0.9429492950439453
Fishhook,0714,496,475,40.40492705181687,-106.73110603922943,0.9564154148101807
Fishhook,0714,540,533,40.39305775319505,-106.71056069460622,0.9453595876693726
Fishhook,0714,471,551,40.411670971488356,-106.70418455317143,0.5810831785202026
Fishhook,0714,474,554,40.41086170112778,-106.70312186293229,0.5908570289611816
Fishhook,0714,508,537,40.401689970374555,-106.70914377428738,0.8821610808372498
Fishhook,0714,534,514,40.394676293916206,-106.71729106612072,0.9197328090667725
Fishhook,0714,538,536,40.39359726676877,-106.70949800436709,0.9486876130104065
Fishhook,0714,493,494,40.40573632217745,-106.72437566771494,0.9565131068229675
Fishhook,0714,488,521,40.407085106111744,-106.71481145556275,0.907294511795044
Fishhook,0714,545,556,40.391708969260755,-106.70241340277288,0.9403413534164429
Fishhook,0714,559,545,40.38793237424472,-106.70630993364969,0.8420860767364502
Fishhook,0714,487,460,40.4073548628986,-106.73641949042509,0.7592993378639221
Fishhook,0714,568,549,40.38550456316299,-106.70489301333085,0.5201535224914551
Fishhook,0714,501,542,40.40357826788257,-106.70737262388883,0.7174236178398132
Fishhook,0714,542,529,40.39251823962133,-106.71197761492506,0.938063383102417
Fishhook,0714,545,576,40.391708969260755,-106.69532880117866,0.5995287299156189
Fishhook,0714,522,480,40.39791337535852,-106.72933488883089,0.9178096652030945
Fishhook,0714,540,478,40.39305775319505,-106.7300433489903,0.5377001166343689
Fishhook,0714,488,532,40.407085106111744,-106.71091492468594,0.8286244869232178
Fishhook,0714,558,539,40.38820213103158,-106.70843531412795,0.9357574582099915
Fishhook,0714,535,472,40.39440653712935,-106.73216872946857,0.6211445331573486
Fishhook,0714,520,489,40.39845288893224,-106.72614681811349,0.9621691107749939
Fishhook,0714,534,540,40.394676293916206,-106.70808108404825,0.9441350698471069
Fishhook,0714,524,458,40.3973738617848,-106.73712795058452,0.6171984672546387
Fishhook,0714,532,484,40.395215807489926,-106.72791796851205,0.8449504971504211
Fishhook,0714,566,563,40.3860440767367,-106.6999337922149,0.6099938750267029
Fishhook,0714,502,470,40.40330851109571,-106.73287718962798,0.9614681601524353
Fishhook,0714,509,495,40.4014202135877,-106.72402143763523,0.9831812977790833
Fishhook,0714,527,550,40.39656459142422,-106.70453878325114,0.8960185647010803
Fishhook,0714,524,467,40.3973738617848,-106.73393987986712,0.8175641298294067
Fishhook,0714,477,476,40.410052430767195,-106.73075180914972,0.8601102828979492
Fishhook,0714,493,463,40.40573632217745,-106.73535680018597,0.9346069693565369
Fishhook,0714,495,477,40.405196808603726,-106.73039757907002,0.9423537850379944
Fishhook,0714,494,465,40.40546656539059,-106.73464834002654,0.9445698857307434
Fishhook,0714,543,497,40.392248482834475,-106.7233129774758,0.8502637147903442
Fishhook,0714,551,560,40.390090428539594,-106.70099648245403,0.8796875476837158
Fishhook,0714,541,574,40.392787996408195,-106.69603726133809,0.5968962907791138
Fishhook,0714,547,513,40.391169455687034,-106.71764529620043,0.8712211847305298
Fishhook,0714,509,483,40.4014202135877,-106.72827219859175,0.9717332124710083
Fishhook,0714,546,551,40.3914392124739,-106.70418455317143,0.947715699672699
Fishhook,0714,479,472,40.40951291719348,-106.73216872946857,0.8971927165985107
Fishhook,0714,504,462,40.402768997521996,-106.73571103026568,0.9111961722373962
Fishhook,0714,533,551,40.39494605070307,-106.70418455317143,0.9131917357444763
Fishhook,0714,481,517,40.40897340361976,-106.71622837588158,0.8211691975593567
Fishhook,0714,506,468,40.402229483948275,-106.73358564978741,0.9477810263633728
Fishhook,0714,484,482,40.408164133259184,-106.72862642867146,0.9429941773414612
Fishhook,0714,487,467,40.4073548628986,-106.73393987986712,0.9143599271774292
Fishhook,0714,485,474,40.40789437647232,-106.73146026930915,0.9342739582061768
Fishhook,0714,554,576,40.38928115817902,-106.69532880117866,0.7716882824897766
Fishhook,0714,543,564,40.392248482834475,-106.69957956213518,0.664126992225647
Fishhook,0714,542,567,40.39251823962133,-106.69851687189606,0.5749896764755249
Fishhook,0714,484,498,40.408164133259184,-106.72295874739609,0.9042339324951172
Fishhook,0714,521,466,40.398183132145384,-106.73429410994683,0.8744683265686035
Fishhook,0714,511,556,40.40088070001398,-106.70241340277288,0.6502717733383179
Fishhook,0714,536,523,40.39413678034249,-106.71410299540332,0.9413164258003235
Fishhook,0714,477,462,40.410052430767195,-106.73571103026568,0.8626314401626587
Fishhook,0714,539,483,40.39332750998191,-106.72827219859175,0.6814268827438354
Fishhook,0714,510,533,40.401150456800835,-106.71056069460622,0.9129891395568848
Fishhook,0714,536,528,40.39413678034249,-106.71233184500477,0.952009916305542
Fishhook,0714,512,537,40.400610943227115,-106.70914377428738,0.906707227230072
Fishhook,0714,485,470,40.40789437647232,-106.73287718962798,0.9346597194671631
Fishhook,0714,559,531,40.38793237424472,-106.71126915476565,0.5352962613105774
Fishhook,0714,526,556,40.39683434821109,-106.70241340277288,0.8053553104400635
Fishhook,0714,521,560,40.398183132145384,-106.70099648245403,0.6419938802719116
Fishhook,0714,531,518,40.39548556427679,-106.71587414580188,0.9602352380752563
Fishhook,0714,533,548,40.39494605070307,-106.70524724341057,0.9405156373977661
Fishhook,0714,483,538,40.40843389004604,-106.70878954420766,0.687251091003418
Fishhook,0714,561,579,40.387392860671,-106.69426611093954,0.5467039942741394
Fishhook,0714,492,516,40.4060060789643,-106.7165826059613,0.9423320889472961
Fishhook,0714,499,543,40.40411778145629,-106.70701839380911,0.7253608703613281
Fishhook,0714,517,561,40.39926215929282,-106.70064225237432,0.5924212336540222
Fishhook,0714,497,519,40.404657295030006,-106.71551991572217,0.9457541108131409
Fishhook,0714,522,513,40.39791337535852,-106.71764529620043,0.9761024713516235
Fishhook,0714,494,471,40.40546656539059,-106.73252295954828,0.9450500011444092
Fishhook,0714,548,518,40.39089969890018,-106.71587414580188,0.8649707436561584
Fishhook,0714,517,475,40.39926215929282,-106.73110603922943,0.9337357878684998
Fishhook,0714,577,539,40.38307675208125,-106.70843531412795,0.5094276666641235
Fishhook,0714,509,540,40.4014202135877,-106.70808108404825,0.8570659160614014
Fishhook,0714,523,458,40.397643618571664,-106.73712795058452,0.6301149725914001
Fishhook,0714,476,464,40.41032218755406,-106.73500257010626,0.8156424760818481
Fishhook,0714,554,559,40.38928115817902,-106.70135071253374,0.939574658870697
Fishhook,0714,518,470,40.39899240250596,-106.73287718962798,0.8424593806266785
Fishhook,0714,508,482,40.401689970374555,-106.72862642867146,0.9643471240997314
Fishhook,0714,523,454,40.397643618571664,-106.73854487090335,0.5227774381637573
Fishhook,0714,499,535,40.40411778145629,-106.7098522344468,0.8753789663314819
Fishhook,0714,521,548,40.398183132145384,-106.70524724341057,0.831852376461029
Fishhook,0714,501,478,40.40357826788257,-106.7300433489903,0.9658664464950562
Fishhook,0714,499,464,40.40411778145629,-106.73500257010626,0.9158563613891602
Fishhook,0714,525,541,40.39710410499794,-106.70772685396854,0.939863383769989
Fishhook,0714,539,560,40.39332750998191,-106.70099648245403,0.7169262170791626
Fishhook,0714,494,517,40.40546656539059,-106.71622837588158,0.9449709057807922
Fishhook,0714,527,478,40.39656459142422,-106.7300433489903,0.8689098954200745
Fishhook,0714,504,465,40.402768997521996,-106.73464834002654,0.9394660592079163
Fishhook,0714,573,532,40.38415577922869,-106.71091492468594,0.5183466672897339
Fishhook,0714,530,468,40.395755321063646,-106.73358564978741,0.5820683240890503
Fishhook,0714,575,532,40.38361626565497,-106.71091492468594,0.5878331661224365
Fishhook,0714,526,510,40.39683434821109,-106.71870798643957,0.9713638424873352
Fishhook,0714,502,538,40.40330851109571,-106.70878954420766,0.810807466506958
Fishhook,0714,471,559,40.411670971488356,-106.70135071253374,0.5331131219863892
Fishhook,0714,538,552,40.39359726676877,-106.70383032309172,0.9418767690658569
Fishhook,0714,480,516,40.40924316040662,-106.7165826059613,0.8056661486625671
Fishhook,0714,518,477,40.39899240250596,-106.73039757907002,0.9396326541900635
Fishhook,0714,512,482,40.400610943227115,-106.72862642867146,0.9492458701133728
Fishhook,0714,546,566,40.3914392124739,-106.69887110197577,0.6488354206085205
Fishhook,0714,533,550,40.39494605070307,-106.70453878325114,0.930657684803009
Fishhook,0714,528,595,40.39629483463737,-106.68859842966417,0.5395532250404358
Fishhook,0714,517,454,40.39926215929282,-106.73854487090335,0.5536282658576965
Fishhook,0714,548,568,40.39089969890018,-106.69816264181635,0.7622191309928894
Fishhook,0714,493,545,40.40573632217745,-106.70630993364969,0.747184693813324
Fishhook,0714,480,455,40.40924316040662,-106.73819064082365,0.6540471911430359
Fishhook,0714,558,558,40.38820213103158,-106.70170494261346,0.9221985936164856
Fishhook,0714,493,529,40.40573632217745,-106.71197761492506,0.902349054813385
Fishhook,0714,481,485,40.40897340361976,-106.72756373843234,0.9036675095558167
Fishhook,0714,490,489,40.40654559253802,-106.72614681811349,0.9525623917579651
Fishhook,0714,523,502,40.397643618571664,-106.72154182707725,0.9793906211853027
Fishhook,0714,547,480,40.391169455687034,-106.72933488883089,0.7099224925041199
Fishhook,0714,483,486,40.40843389004604,-106.72720950835262,0.9316734075546265
Fishhook,0714,556,560,40.3887416446053,-106.70099648245403,0.9356182217597961
Fishhook,0714,478,465,40.40978267398034,-106.73464834002654,0.8493902683258057
Fishhook,0714,522,544,40.39791337535852,-106.7066641637294,0.9190433621406555
Fishhook,0714,480,454,40.40924316040662,-106.73854487090335,0.6753051280975342
Fishhook,0714,481,472,40.40897340361976,-106.73216872946857,0.8967592120170593
Fishhook,0714,543,558,40.392248482834475,-106.70170494261346,0.8335874080657959
Fishhook,0714,520,469,40.39845288893224,-106.7332314197077,0.8125883936882019
Fishhook,0714,481,540,40.40897340361976,-106.70808108404825,0.5715545415878296
Fishhook,0714,525,460,40.39710410499794,-106.73641949042509,0.6476321816444397
Fishhook,0714,551,546,40.390090428539594,-106.70595570356998,0.9716225862503052
Fishhook,0714,509,533,40.4014202135877,-106.71056069460622,0.9104399681091309
Fishhook,0714,543,533,40.392248482834475,-106.71056069460622,0.9457120299339294
Fishhook,0714,571,553,40.384695292802405,-106.70347609301201,0.5437631607055664
Fishhook,0714,527,500,40.39656459142422,-106.72225028723668,0.9507662653923035
Fishhook,0714,499,531,40.40411778145629,-106.71126915476565,0.9025821685791016
Fishhook,0714,517,497,40.39926215929282,-106.7233129774758,0.988036036491394
Fishhook,0714,575,535,40.38361626565497,-106.7098522344468,0.5853768587112427
Fishhook,0714,564,536,40.38658359031042,-106.70949800436709,0.7990381717681885
Fishhook,0714,568,550,40.38550456316299,-106.70453878325114,0.5467087030410767
Fishhook,0714,489,531,40.40681534932489,-106.71126915476565,0.8660562634468079
Fishhook,0714,529,544,40.3960250778505,-106.7066641637294,0.9381688833236694
Fishhook,0714,494,537,40.40546656539059,-106.70914377428738,0.837515115737915
Fishhook,0714,547,544,40.391169455687034,-106.7066641637294,0.9650371670722961
Fishhook,0714,493,478,40.40573632217745,-106.7300433489903,0.9421690106391907
Fishhook,0714,519,473,40.3987226457191,-106.73181449938886,0.9182664155960083
Fishhook,0714,515,465,40.39980167286654,-106.73464834002654,0.8881958723068237
Fishhook,0714,525,501,40.39710410499794,-106.72189605715697,0.9678742289543152
Fishhook,0714,498,489,40.40438753824315,-106.72614681811349,0.9691959023475647
Fishhook,0714,506,544,40.402229483948275,-106.7066641637294,0.6728933453559875
Fishhook,0714,497,496,40.404657295030006,-106.72366720755551,0.9556593894958496
Fishhook,0714,523,506,40.397643618571664,-106.72012490675841,0.9779806137084961
Fishhook,0714,550,557,40.39036018532646,-106.70205917269317,0.9449450373649597
Fishhook,0714,531,510,40.39548556427679,-106.71870798643957,0.9316394925117493
Fishhook,0714,490,464,40.40654559253802,-106.73500257010626,0.905370831489563
Fishhook,0714,503,472,40.40303875430885,-106.73216872946857,0.9688653349876404
Fishhook,0714,479,498,40.40951291719348,-106.72295874739609,0.7088316082954407
Fishhook,0714,484,521,40.408164133259184,-106.71481145556275,0.8872033357620239
Fishhook,0714,479,467,40.40951291719348,-106.73393987986712,0.8637346029281616
Fishhook,0714,488,480,40.407085106111744,-106.72933488883089,0.9489699006080627
Fishhook,0714,564,555,40.38658359031042,-106.70276763285258,0.6948082447052002
Fishhook,0714,558,568,40.38820213103158,-106.69816264181635,0.9175251126289368
Fishhook,0714,513,543,40.40034118644026,-106.70701839380911,0.8043791055679321
Fishhook,0714,510,458,40.401150456800835,-106.73712795058452,0.8143110275268555
Fishhook,0714,486,516,40.407624619685464,-106.7165826059613,0.9366260170936584
Fishhook,0714,546,486,40.3914392124739,-106.72720950835262,0.6148701906204224
Fishhook,0714,523,540,40.397643618571664,-106.70808108404825,0.9443447589874268
Fishhook,0714,525,480,40.39710410499794,-106.72933488883089,0.9106652140617371
Fishhook,0714,531,485,40.39548556427679,-106.72756373843234,0.8620277643203735
Fishhook,0714,488,474,40.407085106111744,-106.73146026930915,0.9401236772537231
Fishhook,0714,500,546,40.40384802466943,-106.70595570356998,0.553078830242157
Fishhook,0714,544,491,40.39197872604761,-106.72543835795406,0.67943274974823
Fishhook,0714,528,483,40.39629483463737,-106.72827219859175,0.911202609539032
Fishhook,0714,572,538,40.38442553601555,-106.70878954420766,0.5110689997673035
Fishhook,0714,501,533,40.40357826788257,-106.71056069460622,0.888080358505249
Fishhook,0714,480,506,40.40924316040662,-106.72012490675841,0.8334248065948486
Fishhook,0714,505,494,40.40249924073513,-106.72437566771494,0.9839144349098206
Fishhook,0714,531,560,40.39548556427679,-106.70099648245403,0.5621947050094604
Fishhook,0714,524,543,40.3973738617848,-106.70701839380911,0.9329355955123901
Fishhook,0714,535,501,40.39440653712935,-106.72189605715697,0.902349054813385
Fishhook,0714,541,479,40.392787996408195,-106.7296891189106,0.5570213198661804
Fishhook,0714,514,500,40.400071429653394,-106.72225028723668,0.9853237271308899
Fishhook,0714,514,537,40.400071429653394,-106.70914377428738,0.9129123687744141
Fishhook,0714,545,480,40.391708969260755,-106.72933488883089,0.640720009803772
Fishhook,0714,531,467,40.39548556427679,-106.73393987986712,0.5034536123275757
Fishhook,0714,532,522,40.395215807489926,-106.71445722548303,0.9607135057449341
Fishhook,0714,496,460,40.40492705181687,-106.73641949042509,0.5275300741195679
Fishhook,0714,479,492,40.40951291719348,-106.72508412787435,0.8331582546234131
Fishhook,0714,491,502,40.40627583575117,-106.72154182707725,0.9539936780929565
Fishhook,0714,547,548,40.391169455687034,-106.70524724341057,0.9558264017105103
Fishhook,0714,507,484,40.40195972716141,-106.72791796851205,0.9746583700180054
Fishhook,0714,463,561,40.41382902578323,-106.70064225237432,0.6222404837608337
Fishhook,0714,569,551,40.385234806376126,-106.70418455317143,0.5441965460777283
Fishhook,0714,511,459,40.40088070001398,-106.73677372050481,0.8305443525314331
Fishhook,0714,485,535,40.40789437647232,-106.7098522344468,0.7891417145729065
Fishhook,0714,522,460,40.39791337535852,-106.73641949042509,0.6950516104698181
Fishhook,0714,528,515,40.39629483463737,-106.71693683604101,0.970075249671936
Fishhook,0714,528,549,40.39629483463737,-106.70489301333085,0.9208014607429504
Fishhook,0714,537,470,40.39386702355563,-106.73287718962798,0.5105876922607422
Fishhook,0714,559,568,40.38793237424472,-106.69816264181635,0.8846957683563232
Fishhook,0714,540,493,40.39305775319505,-106.72472989779465,0.8112703561782837
Fishhook,0714,478,454,40.40978267398034,-106.73854487090335,0.7535749673843384
Fishhook,0714,557,545,40.38847188781844,-106.70630993364969,0.954998791217804
Fishhook,0714,511,485,40.40088070001398,-106.72756373843234,0.9727481603622437
Fishhook,0714,508,484,40.401689970374555,-106.72791796851205,0.9728524088859558
Fishhook,0714,555,540,40.38901140139216,-106.70808108404825,0.959638237953186
Fishhook,0714,523,464,40.397643618571664,-106.73500257010626,0.7923519611358643
Fishhook,0714,522,557,40.39791337535852,-106.70205917269317,0.6293466091156006
Fishhook,0714,482,483,40.4087036468329,-106.72827219859175,0.9302135705947876
Fishhook,0714,538,519,40.39359726676877,-106.71551991572217,0.9171184301376343
Fishhook,0714,511,536,40.40088070001398,-106.70949800436709,0.9062773585319519
Fishhook,0714,515,459,40.39980167286654,-106.73677372050481,0.8137112855911255
Fishhook,0714,480,456,40.40924316040662,-106.73783641074394,0.6596487760543823
Fishhook,0714,498,492,40.40438753824315,-106.72508412787435,0.9605423212051392
Fishhook,0714,477,505,40.410052430767195,-106.72047913683812,0.5670003890991211
Fishhook,0714,529,553,40.3960250778505,-106.70347609301201,0.8612731099128723
Fishhook,0714,468,556,40.41248024184893,-106.70241340277288,0.6013714075088501
Fishhook,0714,519,495,40.3987226457191,-106.72402143763523,0.9831930994987488
Fishhook,0714,556,547,40.3887416446053,-106.70560147349028,0.9553585052490234
Fishhook,0714,560,570,40.38766261745786,-106.69745418165692,0.8621001839637756
Fishhook,0714,512,540,40.400610943227115,-106.70808108404825,0.8809359669685364
Fishhook,0714,481,527,40.40897340361976,-106.71268607508449,0.7391262054443359
Fishhook,0714,562,551,40.38712310388414,-106.70418455317143,0.8638842105865479
Fishhook,0714,548,578,40.39089969890018,-106.69462034101925,0.5128465294837952
Fishhook,0714,554,571,40.38928115817902,-106.69709995157721,0.888908326625824
Fishhook,0714,555,539,40.38901140139216,-106.70843531412795,0.9445197582244873
Fishhook,0714,553,576,40.38955091496588,-106.69532880117866,0.6577252149581909
Fishhook,0714,538,479,40.39359726676877,-106.7296891189106,0.6805763840675354
Fishhook,0714,547,546,40.391169455687034,-106.70595570356998,0.9551442265510559
Fishhook,0714,484,503,40.408164133259184,-106.72118759699754,0.9185137748718262
Fishhook,0714,524,504,40.3973738617848,-106.72083336691783,0.9762926697731018
Fishhook,0714,537,517,40.39386702355563,-106.71622837588158,0.9168193936347961
Fishhook,0714,551,532,40.390090428539594,-106.71091492468594,0.9490117430686951
Fishhook,0714,533,485,40.39494605070307,-106.72756373843234,0.8259676098823547
Fishhook,0714,508,550,40.401689970374555,-106.70453878325114,0.6385489106178284
Fishhook,0714,528,477,40.39629483463737,-106.73039757907002,0.8384549617767334
Fishhook,0714,524,498,40.3973738617848,-106.72295874739609,0.9684021472930908
Fishhook,0714,550,527,40.39036018532646,-106.71268607508449,0.9171335697174072
Fishhook,0714,512,553,40.400610943227115,-106.70347609301201,0.661558210849762
Fishhook,0714,507,464,40.40195972716141,-106.73500257010626,0.9292130470275879
Fishhook,0714,504,538,40.402768997521996,-106.70878954420766,0.7909058332443237
Fishhook,0714,548,526,40.39089969890018,-106.7130403051642,0.9079508185386658
Fishhook,0714,489,467,40.40681534932489,-106.73393987986712,0.9298456311225891
Fishhook,0714,512,544,40.400610943227115,-106.7066641637294,0.7927215099334717
Fishhook,0714,552,532,40.38982067175274,-106.71091492468594,0.9501792192459106
Fishhook,0714,495,528,40.405196808603726,-106.71233184500477,0.902349054813385
Fishhook,0714,557,566,40.38847188781844,-106.69887110197577,0.9002209901809692
Fishhook,0714,553,565,40.38955091496588,-106.69922533205548,0.8191331624984741
Fishhook,0714,527,484,40.39656459142422,-106.72791796851205,0.9200487732887268
Fishhook,0714,484,452,40.408164133259184,-106.73925333106278,0.5040478110313416
Fishhook,0714,521,476,40.398183132145384,-106.73075180914972,0.9262501001358032
Fishhook,0714,528,492,40.39629483463737,-106.72508412787435,0.9249307513237
Fishhook,0714,512,478,40.400610943227115,-106.7300433489903,0.9386900067329407
Fishhook,0714,573,536,40.38415577922869,-106.70949800436709,0.5256170034408569
Fishhook,0714,568,556,40.38550456316299,-106.70241340277288,0.5561379194259644
Fishhook,0714,558,541,40.38820213103158,-106.70772685396854,0.9506118297576904
Fishhook,0714,543,563,40.392248482834475,-106.6999337922149,0.6210581064224243
Fishhook,0714,483,503,40.40843389004604,-106.72118759699754,0.9061354398727417
Fishhook,0714,530,498,40.395755321063646,-106.72295874739609,0.9080985188484192
Fishhook,0714,492,469,40.4060060789643,-106.7332314197077,0.9301642179489136
Fishhook,0714,513,469,40.40034118644026,-106.7332314197077,0.8528230786323547
Fishhook,0714,499,533,40.40411778145629,-106.71056069460622,0.892130434513092
Fishhook,0714,563,558,40.386853347097286,-106.70170494261346,0.85621577501297
Fishhook,0714,495,523,40.405196808603726,-106.71410299540332,0.9100221395492554
Fishhook,0714,483,528,40.40843389004604,-106.71233184500477,0.8128741383552551
Fishhook,0714,537,559,40.39386702355563,-106.70135071253374,0.777748703956604
Fishhook,0714,477,459,40.410052430767195,-106.73677372050481,0.7399069666862488
Fishhook,0714,506,455,40.402229483948275,-106.73819064082365,0.6359819173812866
Fishhook,0714,528,514,40.39629483463737,-106.71729106612072,0.9662484526634216
Fishhook,0714,529,489,40.3960250778505,-106.72614681811349,0.9125716686248779
Fishhook,0714,539,528,40.39332750998191,-106.71233184500477,0.9394928216934204
Fishhook,0714,492,540,40.4060060789643,-106.70808108404825,0.8510541319847107
Fishhook,0714,576,532,40.38334650886811,-106.71091492468594,0.574161946773529
Fishhook,0714,517,543,40.39926215929282,-106.70701839380911,0.8751718401908875
Fishhook,0714,522,498,40.39791337535852,-106.72295874739609,0.9776765704154968
Fishhook,0714,490,467,40.40654559253802,-106.73393987986712,0.9371060729026794
Fishhook,0714,477,491,40.410052430767195,-106.72543835795406,0.7940664291381836
Fishhook,0714,546,499,40.3914392124739,-106.72260451731638,0.6912599802017212
Fishhook,0714,541,501,40.392787996408195,-106.72189605715697,0.8634176254272461
Fishhook,0714,507,549,40.40195972716141,-106.70489301333085,0.5666820406913757
Fishhook,0714,536,515,40.39413678034249,-106.71693683604101,0.9146742224693298
Fishhook,0714,507,532,40.40195972716141,-106.71091492468594,0.9068489670753479
Fishhook,0714,553,550,40.38955091496588,-106.70453878325114,0.9671247005462646
Fishhook,0714,503,460,40.40303875430885,-106.73641949042509,0.8579234480857849
Fishhook,0714,524,463,40.3973738617848,-106.73535680018597,0.7629740238189697
Fishhook,0714,488,500,40.407085106111744,-106.72225028723668,0.9366549253463745
Fishhook,0714,536,534,40.39413678034249,-106.71020646452651,0.9505032300949097
Fishhook,0714,552,573,40.38982067175274,-106.6963914914178,0.8036826848983765
Fishhook,0714,533,530,40.39494605070307,-106.71162338484535,0.9633711576461792
Fishhook,0714,515,549,40.39980167286654,-106.70489301333085,0.7243052124977112
Fishhook,0714,512,529,40.400610943227115,-106.71197761492506,0.9396910071372986
Fishhook,0714,540,545,40.39305775319505,-106.70630993364969,0.9553834795951843
Fishhook,0714,527,545,40.39656459142422,-106.70630993364969,0.9282129406929016
Fishhook,0714,489,475,40.40681534932489,-106.73110603922943,0.9432306885719299
Fishhook,0714,472,557,40.4114012147015,-106.70205917269317,0.5352872610092163
Fishhook,0714,510,484,40.401150456800835,-106.72791796851205,0.9745888113975525
Fishhook,0714,483,515,40.40843389004604,-106.71693683604101,0.9048189520835876
Fishhook,0714,562,544,40.38712310388414,-106.7066641637294,0.8859025835990906
Fishhook,0714,536,495,40.39413678034249,-106.72402143763523,0.9031699299812317
Fishhook,0714,528,472,40.39629483463737,-106.73216872946857,0.7470061779022217
Fishhook,0714,475,531,40.410591944340915,-106.71126915476565,0.6131564378738403
Fishhook,0714,536,504,40.39413678034249,-106.72083336691783,0.902349054813385
Fishhook,0714,530,515,40.395755321063646,-106.71693683604101,0.9543030858039856
Fishhook,0714,528,497,40.39629483463737,-106.7233129774758,0.9191523790359497
Fishhook,0714,533,507,40.39494605070307,-106.71977067667869,0.9092337489128113
Fishhook,0714,492,468,40.4060060789643,-106.73358564978741,0.9339866042137146
Fishhook,0714,491,490,40.40627583575117,-106.72579258803378,0.9557061791419983
Fishhook,0714,530,559,40.395755321063646,-106.70135071253374,0.7085309624671936
Fishhook,0714,475,555,40.410591944340915,-106.70276763285258,0.531436026096344
Fishhook,0714,579,533,40.38253723850753,-106.71056069460622,0.5660465955734253
Fishhook,0714,508,538,40.401689970374555,-106.70878954420766,0.8652829527854919
Fishhook,0714,491,475,40.40627583575117,-106.73110603922943,0.9471166133880615
Fishhook,0714,527,516,40.39656459142422,-106.7165826059613,0.975147545337677
Fishhook,0714,542,555,40.39251823962133,-106.70276763285258,0.9243376851081848
Fishhook,0714,504,458,40.402768997521996,-106.73712795058452,0.8497005105018616
Fishhook,0714,533,522,40.39494605070307,-106.71445722548303,0.954728364944458
Fishhook,0714,491,480,40.40627583575117,-106.72933488883089,0.9490529894828796
Fishhook,0714,490,511,40.40654559253802,-106.71835375635986,0.9505146145820618
Fishhook,0714,540,530,40.39305775319505,-106.71162338484535,0.9416791200637817
Fishhook,0714,482,471,40.4087036468329,-106.73252295954828,0.9222741723060608
Fishhook,0714,548,576,40.39089969890018,-106.69532880117866,0.7480272650718689
Fishhook,0714,495,467,40.405196808603726,-106.73393987986712,0.9571022987365723
Fishhook,0714,513,497,40.40034118644026,-106.7233129774758,0.9845078587532043
Fishhook,0714,494,496,40.40546656539059,-106.72366720755551,0.9576969742774963
Fishhook,0714,480,478,40.40924316040662,-106.7300433489903,0.9063248634338379
Fishhook,0714,513,538,40.40034118644026,-106.70878954420766,0.9088267087936401
Fishhook,0714,542,565,40.39251823962133,-106.69922533205548,0.6229612231254578
Fishhook,0714,522,485,40.39791337535852,-106.72756373843234,0.9368695020675659
Fishhook,0714,466,554,40.41301975542265,-106.70312186293229,0.6613202691078186
Fishhook,0714,533,512,40.39494605070307,-106.71799952628014,0.9214956164360046
Fishhook,0714,554,560,40.38928115817902,-106.70099648245403,0.9351950883865356
Fishhook,0714,505,477,40.40249924073513,-106.73039757907002,0.9809719920158386
Fishhook,0714,516,551,40.39953191607968,-106.70418455317143,0.6414183378219604
Fishhook,0714,546,511,40.3914392124739,-106.71835375635986,0.8686553239822388
Fishhook,0714,494,481,40.40546656539059,-106.72898065875117,0.9514279961585999
Fishhook,0714,532,542,40.395215807489926,-106.70737262388883,0.9405508041381836
Fishhook,0714,543,511,40.392248482834475,-106.71835375635986,0.8800271153450012
Fishhook,0714,568,536,40.38550456316299,-106.70949800436709,0.5210023522377014
Fishhook,0714,544,571,40.39197872604761,-106.69709995157721,0.7486448884010315
Fishhook,0714,533,484,40.39494605070307,-106.72791796851205,0.8239654898643494
Fishhook,0714,557,548,40.38847188781844,-106.70524724341057,0.9409241676330566
Fishhook,0714,515,542,40.39980167286654,-106.70737262388883,0.8798837065696716
Fishhook,0714,475,490,40.410591944340915,-106.72579258803378,0.6876431107521057
Fishhook,0714,491,469,40.40627583575117,-106.7332314197077,0.9312805533409119
Fishhook,0714,560,540,40.38766261745786,-106.70808108404825,0.8928287029266357
Fishhook,0714,465,562,40.41328951220951,-106.70028802229461,0.6370472311973572
Fishhook,0714,549,544,40.390629942113314,-106.7066641637294,0.9668965339660645
Fishhook,0714,485,524,40.40789437647232,-106.71374876532361,0.8515025973320007
Fishhook,0714,557,557,40.38847188781844,-106.70205917269317,0.9259541034698486
Fishhook,0714,557,541,40.38847188781844,-106.70772685396854,0.9617760181427002
Fishhook,0714,552,558,40.38982067175274,-106.70170494261346,0.9423328042030334
Fishhook,0714,540,473,40.39305775319505,-106.73181449938886,0.6209759712219238
Fishhook,0714,535,484,40.39440653712935,-106.72791796851205,0.802206814289093
Fishhook,0714,543,499,40.392248482834475,-106.72260451731638,0.8331888318061829
Fishhook,0714,566,546,40.3860440767367,-106.70595570356998,0.5426351428031921
Fishhook,0714,481,538,40.40897340361976,-106.70878954420766,0.6157394051551819
Fishhook,0714,502,461,40.40330851109571,-106.73606526034538,0.8760231733322144
Fishhook,0714,480,485,40.40924316040662,-106.72756373843234,0.878365159034729
Fishhook,0714,547,545,40.391169455687034,-106.70630993364969,0.9609813690185547
Fishhook,0714,537,505,40.39386702355563,-106.72047913683812,0.902349054813385
Fishhook,0714,533,491,40.39494605070307,-106.72543835795406,0.9076459407806396
Fishhook,0714,555,532,40.38901140139216,-106.71091492468594,0.8716719150543213
Fishhook,0714,544,558,40.39197872604761,-106.70170494261346,0.8878204822540283
Fishhook,0714,534,484,40.394676293916206,-106.72791796851205,0.8218428492546082
Fishhook,0714,500,469,40.40384802466943,-106.7332314197077,0.9491403698921204
Fishhook,0714,482,521,40.4087036468329,-106.71481145556275,0.8258493542671204
Fishhook,0714,543,507,40.392248482834475,-106.71977067667869,0.8403619527816772
Fishhook,0714,542,562,40.39251823962133,-106.70028802229461,0.6019111275672913
Fishhook,0714,557,575,40.38847188781844,-106.69568303125837,0.7611333131790161
Fishhook,0714,491,476,40.40627583575117,-106.73075180914972,0.9423544406890869
Fishhook,0714,549,526,40.390629942113314,-106.7130403051642,0.9068084359169006
Fishhook,0714,479,482,40.40951291719348,-106.72862642867146,0.8647353649139404
Fishhook,0714,565,557,40.386313833523566,-106.70205917269317,0.6361131072044373
Fishhook,0714,558,547,40.38820213103158,-106.70560147349028,0.9280153512954712
Fishhook,0714,512,546,40.400610943227115,-106.70595570356998,0.7103270292282104
Fishhook,0714,529,509,40.3960250778505,-106.71906221651928,0.9528330564498901
Fishhook,0714,554,548,40.38928115817902,-106.70524724341057,0.9662636518478394
Fishhook,0714,570,557,40.38496504958927,-106.70205917269317,0.5510771870613098
Fishhook,0714,501,480,40.40357826788257,-106.72933488883089,0.9696136713027954
Fishhook,0714,495,493,40.405196808603726,-106.72472989779465,0.9549213647842407
Fishhook,0714,547,522,40.391169455687034,-106.71445722548303,0.889271080493927
Fishhook,0714,521,556,40.398183132145384,-106.70241340277288,0.677291989326477
Fishhook,0714,548,502,40.39089969890018,-106.72154182707725,0.5522840023040771
Fishhook,0714,546,572,40.3914392124739,-106.6967457214975,0.8119372129440308
Fishhook,0714,550,577,40.39036018532646,-106.69497457109895,0.6231774687767029
Fishhook,0714,475,473,40.410591944340915,-106.73181449938886,0.8058966994285583
Fishhook,0714,526,461,40.39683434821109,-106.73606526034538,0.6341785192489624
Fishhook,0714,535,504,40.39440653712935,-106.72083336691783,0.902349054813385
Fishhook,0714,513,453,40.40034118644026,-106.73889910098308,0.5435801148414612
Fishhook,0714,540,561,40.39305775319505,-106.70064225237432,0.7015088200569153
Fishhook,0714,546,502,40.3914392124739,-106.72154182707725,0.798209011554718
Fishhook,0714,483,459,40.40843389004604,-106.73677372050481,0.7687105536460876
Fishhook,0714,494,462,40.40546656539059,-106.73571103026568,0.8694639205932617
Fishhook,0714,471,481,40.411670971488356,-106.72898065875117,0.5766989588737488
Fishhook,0714,560,569,40.38766261745786,-106.69780841173664,0.8891586661338806
Fishhook,0714,481,536,40.40897340361976,-106.70949800436709,0.6809659004211426
Fishhook,0714,497,461,40.404657295030006,-106.73606526034538,0.6274896860122681
Fishhook,0714,476,521,40.41032218755406,-106.71481145556275,0.5974007248878479
Fishhook,0714,488,517,40.407085106111744,-106.71622837588158,0.9236252903938293
Fishhook,0714,484,535,40.408164133259184,-106.7098522344468,0.7628337740898132
Fishhook,0714,512,545,40.400610943227115,-106.70630993364969,0.7329526543617249
Fishhook,0714,462,558,40.41409878257009,-106.70170494261346,0.5580573081970215
Fishhook,0714,478,554,40.40978267398034,-106.70312186293229,0.5842719674110413
Fishhook,0714,513,465,40.40034118644026,-106.73464834002654,0.9184888601303101
Fishhook,0714,494,520,40.40546656539059,-106.71516568564246,0.9361261129379272
Fishhook,0714,519,553,40.3987226457191,-106.70347609301201,0.6522223353385925
Fishhook,0714,500,532,40.40384802466943,-106.71091492468594,0.9028244614601135
Fishhook,0714,486,498,40.407624619685464,-106.72295874739609,0.930546224117279
Fishhook,0714,544,522,40.39197872604761,-106.71445722548303,0.9123101830482483
Fishhook,0714,482,479,40.4087036468329,-106.7296891189106,0.9417582750320435
Fishhook,0714,473,478,40.411131457914635,-106.7300433489903,0.6798778772354126
Fishhook,0714,523,492,40.397643618571664,-106.72508412787435,0.9608951807022095
Fishhook,0714,483,535,40.40843389004604,-106.7098522344468,0.7325788736343384
Fishhook,0714,541,533,40.392787996408195,-106.71056069460622,0.9414206743240356
Fishhook,0714,514,554,40.400071429653394,-106.70312186293229,0.5810352563858032
Fishhook,0714,481,521,40.40897340361976,-106.71481145556275,0.8029625415802002
Fishhook,0714,465,551,40.41328951220951,-106.70418455317143,0.5785757899284363
Fishhook,0714,577,536,40.38307675208125,-106.70949800436709,0.5784308314323425
Fishhook,0714,517,537,40.39926215929282,-106.70914377428738,0.932328999042511
Fishhook,0714,556,557,40.3887416446053,-106.70205917269317,0.9365168213844299
Fishhook,0714,554,538,40.38928115817902,-106.70878954420766,0.9706479907035828
Fishhook,0714,514,556,40.400071429653394,-106.70241340277288,0.6733708381652832
Fishhook,0714,566,559,40.3860440767367,-106.70135071253374,0.5514361262321472
Fishhook,0714,473,529,40.411131457914635,-106.71197761492506,0.5996614098548889
Fishhook,0714,545,537,40.391708969260755,-106.70914377428738,0.957054078578949
Fishhook,0714,481,494,40.40897340361976,-106.72437566771494,0.8885720372200012
Fishhook,0714,526,546,40.39683434821109,-106.70595570356998,0.9287999272346497
Fishhook,0714,525,499,40.39710410499794,-106.72260451731638,0.966541051864624
Fishhook,0714,503,492,40.40303875430885,-106.72508412787435,0.9834877848625183
Fishhook,0714,493,501,40.40573632217745,-106.72189605715697,0.9623144865036011
Fishhook,0714,549,486,40.390629942113314,-106.72720950835262,0.5000348091125488
Fishhook,0714,525,461,40.39710410499794,-106.73606526034538,0.6429471969604492
Fishhook,0714,529,513,40.3960250778505,-106.71764529620043,0.9567076563835144
Fishhook,0714,478,496,40.40978267398034,-106.72366720755551,0.7193793654441833
Fishhook,0714,532,501,40.395215807489926,-106.72189605715697,0.903175950050354
Fishhook,0714,541,561,40.392787996408195,-106.70064225237432,0.6469281911849976
Fishhook,0714,546,526,40.3914392124739,-106.7130403051642,0.9184021353721619
Fishhook,0714,484,460,40.408164133259184,-106.73641949042509,0.8439944386482239
Fishhook,0714,562,561,40.38712310388414,-106.70064225237432,0.8995187878608704
Fishhook,0714,475,485,40.410591944340915,-106.72756373843234,0.7319601774215698
Fishhook,0714,543,469,40.392248482834475,-106.7332314197077,0.5791346430778503
Fishhook,0714,479,462,40.40951291719348,-106.73571103026568,0.8332099914550781
Fishhook,0714,519,466,40.3987226457191,-106.73429410994683,0.8869898915290833
Fishhook,0714,566,568,40.3860440767367,-106.69816264181635,0.5849793553352356
Fishhook,0714,478,495,40.40978267398034,-106.72402143763523,0.7414789199829102
Fishhook,0714,475,487,40.410591944340915,-106.72685527827291,0.7412238121032715
Fishhook,0714,488,470,40.407085106111744,-106.73287718962798,0.9373189806938171
Fishhook,0714,524,491,40.3973738617848,-106.72543835795406,0.9546297192573547
Fishhook,0714,517,455,40.39926215929282,-106.73819064082365,0.5602820515632629
Fishhook,0714,484,500,40.408164133259184,-106.72225028723668,0.9035583734512329
Fishhook,0714,546,533,40.3914392124739,-106.71056069460622,0.9530855417251587
Fishhook,0714,534,479,40.394676293916206,-106.7296891189106,0.7323573231697083
Fishhook,0714,521,539,40.398183132145384,-106.70843531412795,0.9332314133644104
Fishhook,0714,531,593,40.39548556427679,-106.68930688982358,0.5039719939231873
Fishhook,0714,534,487,40.394676293916206,-106.72685527827291,0.8438328504562378
Fishhook,0714,542,517,40.39251823962133,-106.71622837588158,0.8997026681900024
Fishhook,0714,533,525,40.39494605070307,-106.7133945352439,0.9597210884094238
Fishhook,0714,514,531,40.400071429653394,-106.71126915476565,0.9463573694229126
Fishhook,0714,484,464,40.408164133259184,-106.73500257010626,0.9151415228843689
Fishhook,0714,570,558,40.38496504958927,-106.70170494261346,0.6018943786621094
Fishhook,0714,504,495,40.402768997521996,-106.72402143763523,0.9818986654281616
Fishhook,0714,537,546,40.39386702355563,-106.70595570356998,0.9489994049072266
Fishhook,0714,465,556,40.41328951220951,-106.70241340277288,0.6354381442070007
Fishhook,0714,559,546,40.38793237424472,-106.70595570356998,0.8682658672332764
Fishhook,0714,495,516,40.405196808603726,-106.7165826059613,0.9482812285423279
Fishhook,0714,511,499,40.40088070001398,-106.72260451731638,0.9894091486930847
Fishhook,0714,529,561,40.3960250778505,-106.70064225237432,0.6878730654716492
Fishhook,0714,539,548,40.39332750998191,-106.70524724341057,0.9491342306137085
Fishhook,0714,539,505,40.39332750998191,-106.72047913683812,0.902349054813385
Fishhook,0714,550,575,40.39036018532646,-106.69568303125837,0.7225245237350464
Fishhook,0714,523,480,40.397643618571664,-106.72933488883089,0.9159091711044312
Fishhook,0714,542,544,40.39251823962133,-106.7066641637294,0.9493110179901123
Fishhook,0714,461,556,40.41436853935695,-106.70241340277288,0.5292955636978149
Fishhook,0714,557,580,40.38847188781844,-106.69391188085982,0.5120535492897034
Fishhook,0714,539,500,40.39332750998191,-106.72225028723668,0.902349054813385
Fishhook,0714,498,535,40.40438753824315,-106.7098522344468,0.8701169490814209
Fishhook,0714,542,509,40.39251823962133,-106.71906221651928,0.8882584571838379
Fishhook,0714,479,459,40.40951291719348,-106.73677372050481,0.7278687357902527
Fishhook,0714,532,486,40.395215807489926,-106.72720950835262,0.849392294883728
Fishhook,0714,535,561,40.39440653712935,-106.70064225237432,0.6599907875061035
Fishhook,0714,485,519,40.40789437647232,-106.71551991572217,0.9142138361930847
Fishhook,0714,497,478,40.404657295030006,-106.7300433489903,0.9498502016067505
Fishhook,0714,493,538,40.40573632217745,-106.70878954420766,0.8375122547149658
Fishhook,0714,554,566,40.38928115817902,-106.69887110197577,0.8669775724411011
Fishhook,0714,537,541,40.39386702355563,-106.70772685396854,0.9431530237197876
Fishhook,0714,543,492,40.392248482834475,-106.72508412787435,0.7391906380653381
Fishhook,0714,471,482,40.411670971488356,-106.72862642867146,0.5151898860931396
Fishhook,0714,492,472,40.4060060789643,-106.73216872946857,0.9395465850830078
Fishhook,0714,500,536,40.40384802466943,-106.70949800436709,0.8581695556640625
Fishhook,0714,544,557,40.39197872604761,-106.70205917269317,0.9276862740516663
Fishhook,0714,519,562,40.3987226457191,-106.70028802229461,0.6032975316047668
Fishhook,0714,482,496,40.4087036468329,-106.72366720755551,0.8837411403656006
Fishhook,0714,555,567,40.38901140139216,-106.69851687189606,0.8679676055908203
Fishhook,0714,498,524,40.40438753824315,-106.71374876532361,0.9191375970840454
Fishhook,0714,561,549,40.387392860671,-106.70489301333085,0.8202379941940308
Fishhook,0714,534,557,40.394676293916206,-106.70205917269317,0.8485807776451111
Fishhook,0714,518,459,40.39899240250596,-106.73677372050481,0.8325472474098206
Fishhook,0714,580,535,40.382267481720675,-106.7098522344468,0.5857958793640137
Fishhook,0714,524,470,40.3973738617848,-106.73287718962798,0.8147796988487244
Fishhook,0714,486,534,40.407624619685464,-106.71020646452651,0.7780644297599792
Fishhook,0714,480,545,40.40924316040662,-106.70630993364969,0.5033829212188721
Fishhook,0714,535,470,40.39440653712935,-106.73287718962798,0.5219877362251282
Fishhook,0714,539,489,40.39332750998191,-106.72614681811349,0.7544238567352295
Fishhook,0714,519,457,40.3987226457191,-106.73748218066423,0.6231728196144104
Fishhook,0714,557,572,40.38847188781844,-106.6967457214975,0.8902708292007446
Fishhook,0714,566,565,40.3860440767367,-106.69922533205548,0.617737889289856
Fishhook,0714,516,460,40.39953191607968,-106.73641949042509,0.8516565561294556
Fishhook,0714,480,483,40.40924316040662,-106.72827219859175,0.8834428191184998
Fishhook,0714,524,497,40.3973738617848,-106.7233129774758,0.9649091362953186
Fishhook,0714,477,478,40.410052430767195,-106.7300433489903,0.8750824332237244
Fishhook,0714,488,511,40.407085106111744,-106.71835375635986,0.9393590688705444
Fishhook,0714,489,534,40.40681534932489,-106.71020646452651,0.8110509514808655
Fishhook,0714,548,481,40.39089969890018,-106.72898065875117,0.7412576675415039
Fishhook,0714,486,491,40.407624619685464,-106.72543835795406,0.9412206411361694
Fishhook,0714,484,531,40.408164133259184,-106.71126915476565,0.8049660325050354
Fishhook,0714,516,485,40.39953191607968,-106.72756373843234,0.9671218395233154
Fishhook,0714,546,521,40.3914392124739,-106.71481145556275,0.8884733319282532
Fishhook,0714,494,467,40.40546656539059,-106.73393987986712,0.9526804089546204
Fishhook,0714,527,468,40.39656459142422,-106.73358564978741,0.7142189741134644
Fishhook,0714,482,537,40.4087036468329,-106.70914377428738,0.6917431950569153
Fishhook,0714,493,533,40.40573632217745,-106.71056069460622,0.8819285035133362
Fishhook,0714,514,458,40.400071429653394,-106.73712795058452,0.7711730003356934
Fishhook,0714,490,531,40.40654559253802,-106.71126915476565,0.8753723502159119
Fishhook,0714,498,546,40.40438753824315,-106.70595570356998,0.5458261966705322
Fishhook,0714,500,463,40.40384802466943,-106.73535680018597,0.9207377433776855
Fishhook,0714,550,554,40.39036018532646,-106.70312186293229,0.9484454393386841
Fishhook,0714,502,469,40.40330851109571,-106.7332314197077,0.9606190919876099
Fishhook,0714,485,504,40.40789437647232,-106.72083336691783,0.9301073551177979
Fishhook,0714,537,538,40.39386702355563,-106.70878954420766,0.9483421444892883
Fishhook,0714,566,558,40.3860440767367,-106.70170494261346,0.5815486311912537
Fishhook,0714,495,524,40.405196808603726,-106.71374876532361,0.9049622416496277
Fishhook,0714,487,493,40.4073548628986,-106.72472989779465,0.9371500611305237
Fishhook,0714,507,493,40.40195972716141,-106.72472989779465,0.9818409085273743
Fishhook,0714,547,487,40.391169455687034,-106.72685527827291,0.617580771446228
Fishhook,0714,564,566,40.38658359031042,-106.69887110197577,0.8591282963752747
Fishhook,0714,545,555,40.391708969260755,-106.70276763285258,0.9368505477905273
Fishhook,0714,540,576,40.39305775319505,-106.69532880117866,0.5675405859947205
Fishhook,0714,570,562,40.38496504958927,-106.70028802229461,0.5394134521484375
Fishhook,0714,523,477,40.397643618571664,-106.73039757907002,0.9132733345031738
Fishhook,0714,551,512,40.390090428539594,-106.71799952628014,0.5195596814155579
Fishhook,0714,547,549,40.391169455687034,-106.70489301333085,0.9543472528457642
Fishhook,0714,537,484,40.39386702355563,-106.72791796851205,0.6997121572494507
Fishhook,0714,518,542,40.39899240250596,-106.70737262388883,0.9239823222160339
Fishhook,0714,476,528,40.41032218755406,-106.71233184500477,0.6700895428657532
Fishhook,0714,552,560,40.38982067175274,-106.70099648245403,0.9106901288032532
Fishhook,0714,495,527,40.405196808603726,-106.71268607508449,0.902397096157074
Fishhook,0714,515,496,40.39980167286654,-106.72366720755551,0.9843322038650513
Fishhook,0714,547,484,40.391169455687034,-106.72791796851205,0.7219266295433044
Fishhook,0714,533,494,40.39494605070307,-106.72437566771494,0.9047564268112183
Fishhook,0714,481,523,40.40897340361976,-106.71410299540332,0.7522647976875305
Fishhook,0714,479,503,40.40951291719348,-106.72118759699754,0.7169457077980042
Fishhook,0714,545,541,40.391708969260755,-106.70772685396854,0.9584881663322449
Fishhook,0714,521,542,40.398183132145384,-106.70737262388883,0.9275327324867249
Fishhook,0714,541,502,40.392787996408195,-106.72154182707725,0.879446268081665
Fishhook,0714,517,545,40.39926215929282,-106.70630993364969,0.8127453327178955
Fishhook,0714,482,514,40.4087036468329,-106.71729106612072,0.8971531987190247
Fishhook,0714,554,558,40.38928115817902,-106.70170494261346,0.9456142783164978
Fishhook,0714,513,457,40.40034118644026,-106.73748218066423,0.6442179083824158
Fishhook,0714,508,525,40.401689970374555,-106.7133945352439,0.95235276222229
Fishhook,0714,495,462,40.405196808603726,-106.73571103026568,0.8461580276489258
Fishhook,0714,515,470,40.39980167286654,-106.73287718962798,0.8559550642967224
Fishhook,0714,555,535,40.38901140139216,-106.7098522344468,0.9482546448707581
Fishhook,0714,537,563,40.39386702355563,-106.6999337922149,0.6579343676567078
Fishhook,0714,547,506,40.391169455687034,-106.72012490675841,0.7666631937026978
Fishhook,0714,489,489,40.40681534932489,-106.72614681811349,0.9560471773147583
Fishhook,0714,561,564,40.387392860671,-106.69957956213518,0.9008437395095825
Fishhook,0714,472,555,40.4114012147015,-106.70276763285258,0.5844553112983704
Fishhook,0714,563,552,40.386853347097286,-106.70383032309172,0.8043926954269409
Fishhook,0714,493,477,40.40573632217745,-106.73039757907002,0.9432463049888611
Fishhook,0714,528,473,40.39629483463737,-106.73181449938886,0.7637447714805603
Fishhook,0714,538,528,40.39359726676877,-106.71233184500477,0.941728413105011
Fishhook,0714,544,495,40.39197872604761,-106.72402143763523,0.7338579893112183
Fishhook,0714,486,466,40.407624619685464,-106.73429410994683,0.9217730760574341
Fishhook,0714,541,520,40.392787996408195,-106.71516568564246,0.9170405864715576
Fishhook,0714,553,526,40.38955091496588,-106.7130403051642,0.8469414114952087
Fishhook,0714,530,476,40.395755321063646,-106.73075180914972,0.7556873559951782
Fishhook,0714,536,535,40.39413678034249,-106.7098522344468,0.9503746628761292
Fishhook,0714,533,500,40.39494605070307,-106.72225028723668,0.902349054813385
Fishhook,0714,554,528,40.38928115817902,-106.71233184500477,0.8958561420440674
Fishhook,0714,476,555,40.41032218755406,-106.70276763285258,0.5428676605224609
Fishhook,0714,582,532,40.381727968146954,-106.71091492468594,0.5285704135894775
Fishhook,0714,506,476,40.402229483948275,-106.73075180914972,0.9767860174179077
Fishhook,0714,527,461,40.39656459142422,-106.73606526034538,0.5868786573410034
Fishhook,0714,545,532,40.391708969260755,-106.71091492468594,0.9425963163375854
Fishhook,0714,508,467,40.401689970374555,-106.73393987986712,0.9277145266532898
Fishhook,0714,564,553,40.38658359031042,-106.70347609301201,0.7526471018791199
Fishhook,0714,522,466,40.39791337535852,-106.73429410994683,0.8601806163787842
Fishhook,0714,545,545,40.391708969260755,-106.70630993364969,0.956910252571106
Fishhook,0714,527,474,40.39656459142422,-106.73146026930915,0.8167865872383118
Fishhook,0714,493,480,40.40573632217745,-106.72933488883089,0.9489606618881226
Fishhook,0714,487,468,40.4073548628986,-106.73358564978741,0.9218736290931702
Fishhook,0714,553,522,40.38955091496588,-106.71445722548303,0.6960064768791199
Fishhook,0714,542,519,40.39251823962133,-106.71551991572217,0.9078474044799805
Fishhook,0714,553,529,40.38955091496588,-106.71197761492506,0.9281264543533325
Fishhook,0714,534,511,40.394676293916206,-106.71835375635986,0.9140267372131348
Fishhook,0714,491,516,40.40627583575117,-106.7165826059613,0.936740517616272
Fishhook,0714,540,479,40.39305775319505,-106.7296891189106,0.6021323204040527
Fishhook,0714,557,543,40.38847188781844,-106.70701839380911,0.9587476849555969
Fishhook,0714,520,459,40.39845288893224,-106.73677372050481,0.7492798566818237
Fishhook,0714,541,513,40.392787996408195,-106.71764529620043,0.902349054813385
Fishhook,0714,540,507,40.39305775319505,-106.71977067667869,0.8981482982635498
Fishhook,0714,525,505,40.39710410499794,-106.72047913683812,0.9725634455680847
Fishhook,0714,508,535,40.401689970374555,-106.7098522344468,0.9061952829360962
Fishhook,0714,495,530,40.405196808603726,-106.71162338484535,0.902349054813385
Fishhook,0714,534,481,40.394676293916206,-106.72898065875117,0.7398943305015564
Fishhook,0714,475,454,40.410591944340915,-106.73854487090335,0.5094617605209351
Fishhook,0714,546,539,40.3914392124739,-106.70843531412795,0.959926187992096
Fishhook,0714,484,520,40.408164133259184,-106.71516568564246,0.891929030418396
Fishhook,0714,517,457,40.39926215929282,-106.73748218066423,0.6120187044143677
Fishhook,0714,491,491,40.40627583575117,-106.72543835795406,0.9539914131164551
Fishhook,0714,484,529,40.408164133259184,-106.71197761492506,0.841288149356842
Fishhook,0714,512,497,40.400610943227115,-106.7233129774758,0.983368992805481
Fishhook,0714,514,473,40.400071429653394,-106.73181449938886,0.9262139201164246
Fishhook,0714,532,534,40.395215807489926,-106.71020646452651,0.9584143757820129
Fishhook,0714,478,453,40.40978267398034,-106.73889910098308,0.6722599864006042
Fishhook,0714,541,510,40.392787996408195,-106.71870798643957,0.902349054813385
Fishhook,0714,544,559,40.39197872604761,-106.70135071253374,0.841454267501831
Fishhook,0714,532,511,40.395215807489926,-106.71835375635986,0.9271417856216431
Fishhook,0714,515,484,40.39980167286654,-106.72791796851205,0.9695996642112732
Fishhook,0714,485,538,40.40789437647232,-106.70878954420766,0.7888295650482178
Fishhook,0714,538,531,40.39359726676877,-106.71126915476565,0.9472139477729797
Fishhook,0714,518,550,40.39899240250596,-106.70453878325114,0.7310116291046143
Fishhook,0714,560,543,40.38766261745786,-106.70701839380911,0.8979601263999939
Fishhook,0714,544,496,40.39197872604761,-106.72366720755551,0.7517691254615784
Fishhook,0714,555,544,40.38901140139216,-106.7066641637294,0.964179277420044
Fishhook,0714,503,459,40.40303875430885,-106.73677372050481,0.8496284484863281
Fishhook,0714,491,486,40.40627583575117,-106.72720950835262,0.9560953378677368
Fishhook,0714,583,534,40.38145821136009,-106.71020646452651,0.5196635127067566
Fishhook,0714,465,561,40.41328951220951,-106.70064225237432,0.6803658604621887
Fishhook,0714,574,529,40.38388602244183,-106.71197761492506,0.6687418818473816
Fishhook,0714,513,557,40.40034118644026,-106.70205917269317,0.7128206491470337
Fishhook,0714,474,537,40.41086170112778,-106.70914377428738,0.5243735909461975
Fishhook,0714,501,457,40.40357826788257,-106.73748218066423,0.7316785454750061
Fishhook,0714,475,538,40.410591944340915,-106.70878954420766,0.5457343459129333
Fishhook,0714,515,457,40.39980167286654,-106.73748218066423,0.6218370199203491
Fishhook,0714,488,538,40.407085106111744,-106.70878954420766,0.7742217183113098
Fishhook,0714,576,527,40.38334650886811,-106.71268607508449,0.6151285171508789
Fishhook,0714,551,536,40.390090428539594,-106.70949800436709,0.9680524468421936
Fishhook,0714,564,575,40.38658359031042,-106.69568303125837,0.766785204410553
Fishhook,0714,544,484,40.39197872604761,-106.72791796851205,0.668058454990387
Fishhook,0714,496,518,40.40492705181687,-106.71587414580188,0.9446188807487488
Fishhook,0714,492,489,40.4060060789643,-106.72614681811349,0.9549537897109985
Fishhook,0714,558,567,40.38820213103158,-106.69851687189606,0.918463408946991
Fishhook,0714,580,530,40.382267481720675,-106.71162338484535,0.6035406589508057
Fishhook,0714,517,544,40.39926215929282,-106.7066641637294,0.8465847969055176
Fishhook,0714,525,469,40.39710410499794,-106.7332314197077,0.7721124291419983
Fishhook,0714,547,517,40.391169455687034,-106.71622837588158,0.8827700018882751
Fishhook,0714,527,493,40.39656459142422,-106.72472989779465,0.9293991327285767
Fishhook,0714,550,558,40.39036018532646,-106.70170494261346,0.9372556805610657
Fishhook,0714,533,503,40.39494605070307,-106.72118759699754,0.9037286639213562
Fishhook,0714,526,505,40.39683434821109,-106.72047913683812,0.9690206050872803
Fishhook,0714,488,527,40.407085106111744,-106.71268607508449,0.8844806551933289
Fishhook,0714,529,463,40.3960250778505,-106.73535680018597,0.5231934785842896
Fishhook,0714,516,557,40.39953191607968,-106.70205917269317,0.690911054611206
Fishhook,0714,503,535,40.40303875430885,-106.7098522344468,0.8675988912582397
Fishhook,0714,478,491,40.40978267398034,-106.72543835795406,0.8224205374717712
Fishhook,0714,492,488,40.4060060789643,-106.7265010481932,0.9590651392936707
Fishhook,0714,541,570,40.392787996408195,-106.69745418165692,0.6161306500434875
Fishhook,0714,476,534,40.41032218755406,-106.71020646452651,0.6428122520446777
Fishhook,0714,575,538,40.38361626565497,-106.70878954420766,0.6155443787574768
Fishhook,0714,530,561,40.395755321063646,-106.70064225237432,0.6284953355789185
Fishhook,0714,483,500,40.40843389004604,-106.72225028723668,0.8903788328170776
Fishhook,0714,511,547,40.40088070001398,-106.70560147349028,0.6672667264938354
Fishhook,0714,538,481,40.39359726676877,-106.72898065875117,0.65045565366745
Fishhook,0714,508,463,40.401689970374555,-106.73535680018597,0.9286587834358215
Fishhook,0714,549,550,40.390629942113314,-106.70453878325114,0.9578325748443604
Fishhook,0714,495,468,40.405196808603726,-106.73358564978741,0.9496333599090576
Fishhook,0714,567,551,40.385774319949846,-106.70418455317143,0.5840497016906738
Fishhook,0714,497,535,40.404657295030006,-106.7098522344468,0.8749791979789734
Fishhook,0714,484,504,40.408164133259184,-106.72083336691783,0.9219591617584229
Fishhook,0714,555,576,40.38901140139216,-106.69532880117866,0.716956615447998
Fishhook,0714,481,514,40.40897340361976,-106.71729106612072,0.8716611862182617
Fishhook,0714,492,493,40.4060060789643,-106.72472989779465,0.9449423551559448
Fishhook,0714,549,557,40.390629942113314,-106.70205917269317,0.9413211941719055
Fishhook,0714,513,532,40.40034118644026,-106.71091492468594,0.9333089590072632
Fishhook,0714,507,540,40.40195972716141,-106.70808108404825,0.8312997817993164
Fishhook,0714,467,560,40.412749998635796,-106.70099648245403,0.6478146910667419
Fishhook,0714,528,499,40.39629483463737,-106.72260451731638,0.9273234009742737
Fishhook,0714,547,554,40.391169455687034,-106.70312186293229,0.9393280148506165
Fishhook,0714,479,518,40.40951291719348,-106.71587414580188,0.6855599880218506
Fishhook,0714,543,555,40.392248482834475,-106.70276763285258,0.9301491975784302
Fishhook,0714,529,507,40.3960250778505,-106.71977067667869,0.9433388113975525
Fishhook,0714,557,533,40.38847188781844,-106.71056069460622,0.9024901390075684
Fishhook,0714,566,562,40.3860440767367,-106.70028802229461,0.6519138216972351
Fishhook,0714,520,450,40.39845288893224,-106.7399617912222,0.5356935858726501
Fishhook,0714,537,502,40.39386702355563,-106.72154182707725,0.902349054813385
Fishhook,0714,463,555,40.41382902578323,-106.70276763285258,0.583950936794281
Fishhook,0714,549,540,40.390629942113314,-106.70808108404825,0.9619390368461609
Fishhook,0714,484,467,40.408164133259184,-106.73393987986712,0.9134489893913269
Fishhook,0714,497,469,40.404657295030006,-106.7332314197077,0.9464872479438782
Fishhook,0714,515,464,40.39980167286654,-106.73500257010626,0.8952252268791199
Fishhook,0714,553,527,40.38955091496588,-106.71268607508449,0.8676120638847351
Fishhook,0714,560,566,40.38766261745786,-106.69887110197577,0.9077015519142151
Fishhook,0714,505,522,40.40249924073513,-106.71445722548303,0.941635251045227
Fishhook,0714,485,495,40.40789437647232,-106.72402143763523,0.932640016078949
Fishhook,0714,552,536,40.38982067175274,-106.70949800436709,0.9706888198852539
Fishhook,0714,545,493,40.391708969260755,-106.72472989779465,0.6190670728683472
Fishhook,0714,543,575,40.392248482834475,-106.69568303125837,0.6023363471031189
Fishhook,0714,506,494,40.402229483948275,-106.72437566771494,0.9839664101600647
Fishhook,0714,475,458,40.410591944340915,-106.73712795058452,0.5168729424476624
Fishhook,0714,543,540,40.392248482834475,-106.70808108404825,0.9581384062767029
Fishhook,0714,553,571,40.38955091496588,-106.69709995157721,0.8485535979270935
Fishhook,0714,531,487,40.39548556427679,-106.72685527827291,0.8974943161010742
Fishhook,0714,493,488,40.40573632217745,-106.7265010481932,0.9619556069374084
Fishhook,0714,509,473,40.4014202135877,-106.73181449938886,0.9548919796943665
Fishhook,0714,509,466,40.4014202135877,-106.73429410994683,0.9084146022796631
Fishhook,0714,489,528,40.40681534932489,-106.71233184500477,0.8873482346534729
Fishhook,0714,553,520,40.38955091496588,-106.71516568564246,0.5699535012245178
Fishhook,0714,501,471,40.40357826788257,-106.73252295954828,0.9626128077507019
Fishhook,0714,514,455,40.400071429653394,-106.73819064082365,0.5733140110969543
Fishhook,0714,503,480,40.40303875430885,-106.72933488883089,0.9750891923904419
Fishhook,0714,563,553,40.386853347097286,-106.70347609301201,0.7947369813919067
Fishhook,0714,509,557,40.4014202135877,-106.70205917269317,0.6513037085533142
Fishhook,0714,527,477,40.39656459142422,-106.73039757907002,0.8677759766578674
Fishhook,0714,509,482,40.4014202135877,-106.72862642867146,0.9678459763526917
Fishhook,0714,581,535,40.38199772493381,-106.7098522344468,0.570374608039856
Fishhook,0714,478,507,40.40978267398034,-106.71977067667869,0.6685138940811157
Fishhook,0714,493,542,40.40573632217745,-106.70737262388883,0.760549783706665
Fishhook,0714,561,570,40.387392860671,-106.69745418165692,0.8329867720603943
Fishhook,0714,513,554,40.40034118644026,-106.70312186293229,0.6048431396484375
Fishhook,0714,530,464,40.395755321063646,-106.73500257010626,0.5358790755271912
Fishhook,0714,545,505,40.391708969260755,-106.72047913683812,0.7737113237380981
Fishhook,0714,555,575,40.38901140139216,-106.69568303125837,0.7665444016456604
Fishhook,0714,549,509,40.390629942113314,-106.71906221651928,0.5979135632514954
Fishhook,0714,479,535,40.40951291719348,-106.7098522344468,0.6201322078704834
Fishhook,0714,536,511,40.39413678034249,-106.71835375635986,0.9077032208442688
Fishhook,0714,544,560,40.39197872604761,-106.70099648245403,0.7955297231674194
Fishhook,0714,530,485,40.395755321063646,-106.72756373843234,0.8916270732879639
Fishhook,0714,492,482,40.4060060789643,-106.72862642867146,0.9532124996185303
Fishhook,0714,530,596,40.395755321063646,-106.68824419958445,0.5438368320465088
Fishhook,0714,499,534,40.40411778145629,-106.71020646452651,0.8786510825157166
Fishhook,0714,492,491,40.4060060789643,-106.72543835795406,0.9556912779808044
Fishhook,0714,568,552,40.38550456316299,-106.70383032309172,0.5247450470924377
Fishhook,0714,484,514,40.408164133259184,-106.71729106612072,0.9338964819908142
Fishhook,0714,517,470,40.39926215929282,-106.73287718962798,0.8507212400436401
Fishhook,0714,468,558,40.41248024184893,-106.70170494261346,0.593752920627594
Fishhook,0714,551,570,40.390090428539594,-106.69745418165692,0.8040356040000916
Fishhook,0714,521,454,40.398183132145384,-106.73854487090335,0.5266299247741699
Fishhook,0714,548,506,40.39089969890018,-106.72012490675841,0.7161270380020142
Fishhook,0714,538,482,40.39359726676877,-106.72862642867146,0.6655915975570679
Fishhook,0714,532,541,40.395215807489926,-106.70772685396854,0.9399185180664062
Fishhook,0714,539,482,40.39332750998191,-106.72862642867146,0.6707839369773865
Fishhook,0714,483,507,40.40843389004604,-106.71977067667869,0.9183443188667297
Fishhook,0714,529,464,40.3960250778505,-106.73500257010626,0.5849470496177673
Fishhook,0714,487,529,40.4073548628986,-106.71197761492506,0.8688991069793701
Fishhook,0714,534,478,40.394676293916206,-106.7300433489903,0.7186259031295776
Fishhook,0714,538,557,40.39359726676877,-106.70205917269317,0.8955186009407043
Fishhook,0714,531,488,40.39548556427679,-106.7265010481932,0.9109246730804443
Fishhook,0714,472,484,40.4114012147015,-106.72791796851205,0.5336494445800781
Fishhook,0714,581,537,40.38199772493381,-106.70914377428738,0.5210466980934143
Fishhook,0714,536,505,40.39413678034249,-106.72047913683812,0.902349054813385
Fishhook,0714,558,576,40.38820213103158,-106.69532880117866,0.7801510095596313
Fishhook,0714,543,476,40.392248482834475,-106.73075180914972,0.6683257222175598
Fishhook,0714,493,483,40.40573632217745,-106.72827219859175,0.9595438241958618
Fishhook,0714,494,541,40.40546656539059,-106.70772685396854,0.8213688135147095
Fishhook,0714,512,550,40.400610943227115,-106.70453878325114,0.6636641025543213
Fishhook,0714,546,562,40.3914392124739,-106.70028802229461,0.7032691836357117
Fishhook,0714,493,460,40.40573632217745,-106.73641949042509,0.7370975017547607
Fishhook,0714,469,557,40.412210485062076,-106.70205917269317,0.5765652060508728
Fishhook,0714,482,529,40.4087036468329,-106.71197761492506,0.7914271950721741
Fishhook,0714,537,518,40.39386702355563,-106.71587414580188,0.9196644425392151
Fishhook,0714,484,522,40.408164133259184,-106.71445722548303,0.8596218824386597
Fishhook,0714,484,481,40.408164133259184,-106.72898065875117,0.9405069351196289
Fishhook,0714,541,546,40.392787996408195,-106.70595570356998,0.9457722306251526
Fishhook,0714,509,470,40.4014202135877,-106.73287718962798,0.9287851452827454
Fishhook,0714,481,544,40.40897340361976,-106.7066641637294,0.5105382204055786
Fishhook,0714,541,530,40.392787996408195,-106.71162338484535,0.9386278390884399
Fishhook,0714,542,550,40.39251823962133,-106.70453878325114,0.935863196849823
Fishhook,0714,503,475,40.40303875430885,-106.73110603922943,0.9830570220947266
Fishhook,0714,489,495,40.40681534932489,-106.72402143763523,0.9464677572250366
Fishhook,0714,505,457,40.40249924073513,-106.73748218066423,0.7917786836624146
Fishhook,0714,508,490,40.401689970374555,-106.72579258803378,0.9772270917892456
Fishhook,0714,500,544,40.40384802466943,-106.7066641637294,0.7200259566307068
Fishhook,0714,525,468,40.39710410499794,-106.73358564978741,0.7962769865989685
Fishhook,0714,491,500,40.40627583575117,-106.72225028723668,0.9496654272079468
Fishhook,0714,565,545,40.386313833523566,-106.70630993364969,0.5820661187171936
Fishhook,0714,555,566,40.38901140139216,-106.69887110197577,0.8566271066665649
Fishhook,0714,541,525,40.392787996408195,-106.7133945352439,0.9288517236709595
Fishhook,0714,480,462,40.40924316040662,-106.73571103026568,0.8260837197303772
Fishhook,0714,534,477,40.394676293916206,-106.73039757907002,0.7313454747200012
Fishhook,0714,560,545,40.38766261745786,-106.70630993364969,0.8165311217308044
Fishhook,0714,542,487,40.39251823962133,-106.72685527827291,0.607232928276062
Fishhook,0714,524,457,40.3973738617848,-106.73748218066423,0.5285938382148743
Fishhook,0714,513,530,40.40034118644026,-106.71162338484535,0.9387548565864563
Fishhook,0714,525,474,40.39710410499794,-106.73146026930915,0.8557559251785278
Fishhook,0714,559,578,40.38793237424472,-106.69462034101925,0.559326171875
Fishhook,0714,520,542,40.39845288893224,-106.70737262388883,0.9315884709358215
Fishhook,0714,510,461,40.401150456800835,-106.73606526034538,0.8830390572547913
Fishhook,0714,542,536,40.39251823962133,-106.70949800436709,0.9477120041847229
Fishhook,0714,522,558,40.39791337535852,-106.70170494261346,0.6389667391777039
Fishhook,0714,507,551,40.40195972716141,-106.70418455317143,0.5000420808792114
Fishhook,0714,520,462,40.39845288893224,-106.73571103026568,0.8255395293235779
Fishhook,0714,463,553,40.41382902578323,-106.70347609301201,0.6346677541732788
Fishhook,0714,499,484,40.40411778145629,-106.72791796851205,0.9698122143745422
Fishhook,0714,509,553,40.4014202135877,-106.70347609301201,0.6476935744285583
Fishhook,0714,548,569,40.39089969890018,-106.69780841173664,0.8179582953453064
Fishhook,0714,521,481,40.398183132145384,-106.72898065875117,0.9275586009025574
Fishhook,0714,556,567,40.3887416446053,-106.69851687189606,0.8987925052642822
Fishhook,0714,506,526,40.402229483948275,-106.7130403051642,0.9352562427520752
Fishhook,0714,546,544,40.3914392124739,-106.7066641637294,0.9638644456863403
Fishhook,0714,478,483,40.40978267398034,-106.72827219859175,0.8561426997184753
Fishhook,0714,474,474,40.41086170112778,-106.73146026930915,0.7517903447151184
Fishhook,0714,494,535,40.40546656539059,-106.7098522344468,0.8801915645599365
Fishhook,0714,569,552,40.385234806376126,-106.70383032309172,0.5331382155418396
Fishhook,0714,541,538,40.392787996408195,-106.70878954420766,0.9422822594642639
Fishhook,0714,497,466,40.404657295030006,-106.73429410994683,0.9542930722236633
Fishhook,0714,558,575,40.38820213103158,-106.69568303125837,0.8101758360862732
Fishhook,0714,551,575,40.390090428539594,-106.69568303125837,0.6613599061965942
Fishhook,0714,521,468,40.398183132145384,-106.73358564978741,0.8675222396850586
Fishhook,0714,482,468,40.4087036468329,-106.73358564978741,0.8975708484649658
Fishhook,0714,477,555,40.410052430767195,-106.70276763285258,0.5288985371589661
Fishhook,0714,530,549,40.395755321063646,-106.70489301333085,0.9375258088111877
Fishhook,0714,531,500,40.39548556427679,-106.72225028723668,0.905540406703949
Fishhook,0714,501,473,40.40357826788257,-106.73181449938886,0.9715825915336609
Fishhook,0714,507,537,40.40195972716141,-106.70914377428738,0.8706529140472412
Fishhook,0714,532,524,40.395215807489926,-106.71374876532361,0.9609752893447876
Fishhook,0714,576,538,40.38334650886811,-106.70878954420766,0.6049562692642212
Fishhook,0714,509,457,40.4014202135877,-106.73748218066423,0.6845572590827942
Fishhook,0714,492,456,40.4060060789643,-106.73783641074394,0.578493595123291
Fishhook,0714,542,525,40.39251823962133,-106.7133945352439,0.9249546527862549
Fishhook,0714,556,578,40.3887416446053,-106.69462034101925,0.5956090688705444
Fishhook,0714,489,493,40.40681534932489,-106.72472989779465,0.9463245868682861
Fishhook,0714,535,554,40.39440653712935,-106.70312186293229,0.8961266875267029
Fishhook,0714,563,575,40.386853347097286,-106.69568303125837,0.68202805519104
Fishhook,0714,534,556,40.394676293916206,-106.70241340277288,0.8673788905143738
Fishhook,0714,481,482,40.40897340361976,-106.72862642867146,0.9294489026069641
Fishhook,0714,516,554,40.39953191607968,-106.70312186293229,0.6197438836097717
Fishhook,0714,477,554,40.410052430767195,-106.70312186293229,0.6029262542724609
Fishhook,0714,554,545,40.38928115817902,-106.70630993364969,0.9747204780578613
Fishhook,0714,493,495,40.40573632217745,-106.72402143763523,0.9592461585998535
Fishhook,0714,474,465,40.41086170112778,-106.73464834002654,0.5918551087379456
Fishhook,0714,477,451,40.410052430767195,-106.73960756114249,0.5612685084342957
Fishhook,0714,550,565,40.39036018532646,-106.69922533205548,0.8147979378700256
Fishhook,0714,491,485,40.40627583575117,-106.72756373843234,0.947321891784668
Fishhook,0714,478,551,40.40978267398034,-106.70418455317143,0.5003616809844971
Fishhook,0714,491,488,40.40627583575117,-106.7265010481932,0.9558221697807312
Fishhook,0714,507,485,40.40195972716141,-106.72756373843234,0.9720353484153748
Fishhook,0714,583,535,40.38145821136009,-106.7098522344468,0.503680944442749
Fishhook,0714,536,556,40.39413678034249,-106.70241340277288,0.90081387758255
Fishhook,0714,520,472,40.39845288893224,-106.73216872946857,0.8833121061325073
Fishhook,0714,525,496,40.39710410499794,-106.72366720755551,0.946418285369873
Fishhook,0714,494,545,40.40546656539059,-106.70630993364969,0.7213621735572815
Fishhook,0714,485,467,40.40789437647232,-106.73393987986712,0.9158802628517151
Fishhook,0714,509,534,40.4014202135877,-106.71020646452651,0.908517599105835
Fishhook,0714,552,537,40.38982067175274,-106.70914377428738,0.9714967608451843
Fishhook,0714,499,460,40.40411778145629,-106.73641949042509,0.6890873908996582
Fishhook,0714,501,483,40.40357826788257,-106.72827219859175,0.9805213212966919
Fishhook,0714,535,498,40.39440653712935,-106.72295874739609,0.9029015302658081
Fishhook,0714,550,559,40.39036018532646,-106.70135071253374,0.9253969192504883
Fishhook,0714,500,462,40.40384802466943,-106.73571103026568,0.877056896686554
Fishhook,0714,495,474,40.405196808603726,-106.73146026930915,0.9539645314216614
Fishhook,0714,511,463,40.40088070001398,-106.73535680018597,0.9013898372650146
Fishhook,0714,487,484,40.4073548628986,-106.72791796851205,0.9522774815559387
Fishhook,0714,479,484,40.40951291719348,-106.72791796851205,0.8607158064842224
Fishhook,0714,496,471,40.40492705181687,-106.73252295954828,0.9486171007156372
Fishhook,0714,490,498,40.40654559253802,-106.72295874739609,0.9491826295852661
Fishhook,0714,536,539,40.39413678034249,-106.70843531412795,0.9468164443969727
Fishhook,0714,537,534,40.39386702355563,-106.71020646452651,0.948947548866272
Fishhook,0714,530,491,40.395755321063646,-106.72543835795406,0.9114415645599365
Fishhook,0714,494,523,40.40546656539059,-106.71410299540332,0.9107678532600403
Fishhook,0714,527,475,40.39656459142422,-106.73110603922943,0.828214168548584
Fishhook,0714,515,538,40.39980167286654,-106.70878954420766,0.9175102114677429
Fishhook,0714,466,551,40.41301975542265,-106.70418455317143,0.5924562811851501
Fishhook,0714,569,537,40.385234806376126,-106.70914377428738,0.5205990076065063
Fishhook,0714,542,495,40.39251823962133,-106.72402143763523,0.7763335704803467
Fishhook,0714,490,501,40.40654559253802,-106.72189605715697,0.9483588933944702
Fishhook,0714,507,548,40.40195972716141,-106.70524724341057,0.5718604326248169
Fishhook,0714,528,480,40.39629483463737,-106.72933488883089,0.8639111518859863
Fishhook,0714,485,497,40.40789437647232,-106.7233129774758,0.9253731966018677
Fishhook,0714,577,529,40.38307675208125,-106.71197761492506,0.6384373307228088
Fishhook,0714,539,544,40.39332750998191,-106.7066641637294,0.9522700309753418
Fishhook,0714,540,518,40.39305775319505,-106.71587414580188,0.9090436697006226
Fishhook,0714,530,519,40.395755321063646,-106.71551991572217,0.9681810140609741
Fishhook,0714,527,472,40.39656459142422,-106.73216872946857,0.8049870729446411
Fishhook,0714,554,555,40.38928115817902,-106.70276763285258,0.9503502249717712
Fishhook,0714,476,537,40.41032218755406,-106.70914377428738,0.6172625422477722
Fishhook,0714,572,558,40.38442553601555,-106.70170494261346,0.5201758146286011
Fishhook,0714,560,534,40.38766261745786,-106.71020646452651,0.8558714389801025
Fishhook,0714,508,494,40.401689970374555,-106.72437566771494,0.97954261302948
Fishhook,0714,488,533,40.407085106111744,-106.71056069460622,0.8041432499885559
Fishhook,0714,505,483,40.40249924073513,-106.72827219859175,0.983828067779541
Fishhook,0714,526,500,40.39683434821109,-106.72225028723668,0.961731493473053
Fishhook,0714,541,564,40.392787996408195,-106.69957956213518,0.6809192299842834
Fishhook,0714,562,538,40.38712310388414,-106.70878954420766,0.855524480342865
Fishhook,0714,465,554,40.41328951220951,-106.70312186293229,0.6545514464378357
Fishhook,0714,487,458,40.4073548628986,-106.73712795058452,0.6791397333145142
Fishhook,0714,564,529,40.38658359031042,-106.71197761492506,0.507880449295044
Fishhook,0714,509,460,40.4014202135877,-106.73641949042509,0.8807480335235596
Fishhook,0714,492,458,40.4060060789643,-106.73712795058452,0.6566570401191711
Fishhook,0714,503,541,40.40303875430885,-106.70772685396854,0.7570455074310303
Fishhook,0714,554,544,40.38928115817902,-106.7066641637294,0.9743099808692932
Fishhook,0714,578,537,40.382806995294395,-106.70914377428738,0.5775730609893799
Fishhook,0714,535,535,40.39440653712935,-106.7098522344468,0.9488400220870972
Fishhook,0714,541,528,40.392787996408195,-106.71233184500477,0.934879720211029
Fishhook,0714,545,563,40.391708969260755,-106.6999337922149,0.6661458611488342
Fishhook,0714,501,482,40.40357826788257,-106.72862642867146,0.9780692458152771
Fishhook,0714,538,490,40.39359726676877,-106.72579258803378,0.8172467947006226
Fishhook,0714,471,555,40.411670971488356,-106.70276763285258,0.558319628238678
Fishhook,0714,479,508,40.40951291719348,-106.71941644659898,0.7619008421897888
Fishhook,0714,479,509,40.40951291719348,-106.71906221651928,0.784269392490387
Fishhook,0714,478,493,40.40978267398034,-106.72472989779465,0.7982305288314819
Fishhook,0714,495,534,40.405196808603726,-106.71020646452651,0.8915370106697083
Fishhook,0714,467,553,40.412749998635796,-106.70347609301201,0.6652918457984924
Fishhook,0714,473,475,40.411131457914635,-106.73110603922943,0.6430596709251404
Fishhook,0714,504,467,40.402768997521996,-106.73393987986712,0.9621804356575012
Fishhook,0714,514,555,40.400071429653394,-106.70276763285258,0.5932419896125793
Fishhook,0714,510,556,40.401150456800835,-106.70241340277288,0.6468808054924011
Fishhook,0714,482,512,40.4087036468329,-106.71799952628014,0.9118059873580933
Fishhook,0714,531,521,40.39548556427679,-106.71481145556275,0.9650237560272217
Fishhook,0714,483,530,40.40843389004604,-106.71162338484535,0.7867927551269531
Fishhook,0714,541,577,40.392787996408195,-106.69497457109895,0.5395845174789429
Fishhook,0714,490,518,40.40654559253802,-106.71587414580188,0.9180334806442261
Fishhook,0714,524,456,40.3973738617848,-106.73783641074394,0.5194947123527527
Fishhook,0714,462,560,40.41409878257009,-106.70099648245403,0.6131919622421265
Fishhook,0714,536,497,40.39413678034249,-106.7233129774758,0.902349054813385
Fishhook,0714,549,559,40.390629942113314,-106.70135071253374,0.8888162970542908
Fishhook,0714,545,511,40.391708969260755,-106.71835375635986,0.8758477568626404
Fishhook,0714,544,521,40.39197872604761,-106.71481145556275,0.9046470522880554
Fishhook,0714,492,533,40.4060060789643,-106.71056069460622,0.8702084422111511
Fishhook,0714,519,477,40.3987226457191,-106.73039757907002,0.9337313175201416
Fishhook,0714,531,542,40.39548556427679,-106.70737262388883,0.9422012567520142
Fishhook,0714,560,573,40.38766261745786,-106.6963914914178,0.8495082259178162
Fishhook,0714,488,522,40.407085106111744,-106.71445722548303,0.903200089931488
Fishhook,0714,481,484,40.40897340361976,-106.72791796851205,0.9071358442306519
Fishhook,0714,517,535,40.39926215929282,-106.7098522344468,0.943923830986023
Fishhook,0714,550,551,40.39036018532646,-106.70418455317143,0.9626277685165405
Fishhook,0714,554,547,40.38928115817902,-106.70560147349028,0.9675887823104858
Fishhook,0714,565,576,40.386313833523566,-106.69532880117866,0.5053240060806274
Fishhook,0714,538,520,40.39359726676877,-106.71516568564246,0.9196855425834656
Fishhook,0714,561,532,40.387392860671,-106.71091492468594,0.6324371695518494
Fishhook,0714,551,571,40.390090428539594,-106.69709995157721,0.820642352104187
Fishhook,0714,480,493,40.40924316040662,-106.72472989779465,0.8568876385688782
Fishhook,0714,462,555,40.41409878257009,-106.70276763285258,0.5521389245986938
Fishhook,0714,498,532,40.40438753824315,-106.71091492468594,0.8999359011650085
Fishhook,0714,543,551,40.392248482834475,-106.70418455317143,0.9399910569190979
Fishhook,0714,551,540,40.390090428539594,-106.70808108404825,0.9708898067474365
Fishhook,0714,531,476,40.39548556427679,-106.73075180914972,0.771126925945282
Fishhook,0714,506,545,40.402229483948275,-106.70630993364969,0.5921416282653809
Fishhook,0714,545,565,40.391708969260755,-106.69922533205548,0.6230750679969788
Fishhook,0714,493,549,40.40573632217745,-106.70489301333085,0.5975910425186157
Fishhook,0714,524,460,40.3973738617848,-106.73641949042509,0.6584529280662537
Fishhook,0714,545,507,40.391708969260755,-106.71977067667869,0.7977445721626282
Fishhook,0714,571,552,40.384695292802405,-106.70383032309172,0.5193116664886475
Fishhook,0714,513,480,40.40034118644026,-106.72933488883089,0.9468438625335693
Fishhook,0714,494,532,40.40546656539059,-106.71091492468594,0.902349054813385
Fishhook,0714,568,563,40.38550456316299,-106.6999337922149,0.549538791179657
Fishhook,0714,476,453,40.41032218755406,-106.73889910098308,0.5702348947525024
Fishhook,0714,519,455,40.3987226457191,-106.73819064082365,0.532467782497406
Fishhook,0714,541,529,40.392787996408195,-106.71197761492506,0.9361684322357178
Fishhook,0714,542,500,40.39251823962133,-106.72225028723668,0.8237926363945007
Fishhook,0714,465,560,40.41328951220951,-106.70099648245403,0.683104395866394
Fishhook,0714,532,483,40.395215807489926,-106.72827219859175,0.8236201405525208
Fishhook,0714,493,523,40.40573632217745,-106.71410299540332,0.9074038863182068
Fishhook,0714,495,466,40.405196808603726,-106.73429410994683,0.9607999324798584
Fishhook,0714,538,511,40.39359726676877,-106.71835375635986,0.902349054813385
Fishhook,0714,543,570,40.392248482834475,-106.69745418165692,0.6536644101142883
Fishhook,0714,512,499,40.400610943227115,-106.72260451731638,0.9894953966140747
Fishhook,0714,536,488,40.39413678034249,-106.7265010481932,0.8421499729156494
Fishhook,0714,515,548,40.39980167286654,-106.70524724341057,0.7433911561965942
Fishhook,0714,560,554,40.38766261745786,-106.70312186293229,0.8829331994056702
Fishhook,0714,497,492,40.404657295030006,-106.72508412787435,0.9594652652740479
Fishhook,0714,574,526,40.38388602244183,-106.7130403051642,0.5978537201881409
Fishhook,0714,471,529,40.411670971488356,-106.71197761492506,0.5452527403831482
Fishhook,0714,495,491,40.405196808603726,-106.72543835795406,0.9619720578193665
Fishhook,0714,485,515,40.40789437647232,-106.71693683604101,0.9398864507675171
Fishhook,0714,545,522,40.391708969260755,-106.71445722548303,0.9037830829620361
Fishhook,0714,522,458,40.39791337535852,-106.73712795058452,0.6498347520828247
Fishhook,0714,549,521,40.390629942113314,-106.71481145556275,0.8839178085327148
Fishhook,0714,560,528,40.38766261745786,-106.71233184500477,0.5686641931533813
Fishhook,0714,479,502,40.40951291719348,-106.72154182707725,0.7082608938217163
Fishhook,0714,492,486,40.4060060789643,-106.72720950835262,0.953282356262207
Fishhook,0714,553,547,40.38955091496588,-106.70560147349028,0.9692551493644714
Fishhook,0714,522,482,40.39791337535852,-106.72862642867146,0.9188638925552368
Fishhook,0714,546,541,40.3914392124739,-106.70772685396854,0.9596143960952759
Fishhook,0714,519,488,40.3987226457191,-106.7265010481932,0.9647626876831055
Fishhook,0714,522,484,40.39791337535852,-106.72791796851205,0.9327263236045837
Fishhook,0714,542,569,40.39251823962133,-106.69780841173664,0.6323006749153137
Fishhook,0714,540,543,40.39305775319505,-106.70701839380911,0.9515108466148376
Fishhook,0714,486,542,40.407624619685464,-106.70737262388883,0.6302075386047363
Fishhook,0714,556,553,40.3887416446053,-106.70347609301201,0.9482826590538025
Fishhook,0714,537,467,40.39386702355563,-106.73393987986712,0.552112340927124
Fishhook,0714,549,504,40.390629942113314,-106.72083336691783,0.5803588032722473
Fishhook,0714,551,515,40.390090428539594,-106.71693683604101,0.6529708504676819
Fishhook,0714,479,524,40.40951291719348,-106.71374876532361,0.669217586517334
Fishhook,0714,517,552,40.39926215929282,-106.70383032309172,0.5650534629821777
Fishhook,0714,510,460,40.401150456800835,-106.73641949042509,0.863692581653595
Fishhook,0714,486,528,40.407624619685464,-106.71233184500477,0.8566400408744812
Fishhook,0714,511,458,40.40088070001398,-106.73712795058452,0.7561113238334656
Fishhook,0714,547,565,40.391169455687034,-106.69922533205548,0.6967697143554688
Fishhook,0714,553,533,40.38955091496588,-106.71056069460622,0.9597460031509399
Fishhook,0714,502,495,40.40330851109571,-106.72402143763523,0.9784600138664246
Fishhook,0714,561,568,40.387392860671,-106.69816264181635,0.8856707215309143
Fishhook,0714,487,508,40.4073548628986,-106.71941644659898,0.9381643533706665
Fishhook,0714,521,492,40.398183132145384,-106.72508412787435,0.9774689078330994
Fishhook,0714,542,493,40.39251823962133,-106.72472989779465,0.7722616791725159
Fishhook,0714,499,461,40.40411778145629,-106.73606526034538,0.7723336815834045
Fishhook,0714,544,552,40.39197872604761,-106.70383032309172,0.944320559501648
Fishhook,0714,486,496,40.407624619685464,-106.72366720755551,0.9302035570144653
Fishhook,0714,521,459,40.398183132145384,-106.73677372050481,0.7030896544456482
Fishhook,0714,499,544,40.40411778145629,-106.7066641637294,0.7103779911994934
Fishhook,0714,566,553,40.3860440767367,-106.70347609301201,0.5601731538772583
Fishhook,0714,579,532,40.38253723850753,-106.71091492468594,0.5684671401977539
Fishhook,0714,546,548,40.3914392124739,-106.70524724341057,0.9548196196556091
Fishhook,0714,487,524,40.4073548628986,-106.71374876532361,0.8810085654258728
Fishhook,0714,513,531,40.40034118644026,-106.71126915476565,0.9345981478691101
Fishhook,0714,543,543,40.392248482834475,-106.70701839380911,0.9554259181022644
Fishhook,0714,513,551,40.40034118644026,-106.70418455317143,0.6217135190963745
Fishhook,0714,532,512,40.395215807489926,-106.71799952628014,0.9312576055526733
Fishhook,0714,551,514,40.390090428539594,-106.71729106612072,0.5793193578720093
Fishhook,0714,506,529,40.402229483948275,-106.71197761492506,0.91165691614151
Fishhook,0714,560,553,40.38766261745786,-106.70347609301201,0.8613375425338745
Fishhook,0714,524,499,40.3973738617848,-106.72260451731638,0.9738187193870544
Fishhook,0714,515,555,40.39980167286654,-106.70276763285258,0.5990043878555298
Fishhook,0714,490,482,40.40654559253802,-106.72862642867146,0.955919086933136
Fishhook,0714,507,462,40.40195972716141,-106.73571103026568,0.91571444272995
Fishhook,0714,550,521,40.39036018532646,-106.71481145556275,0.8408710956573486
Fishhook,0714,473,553,40.411131457914635,-106.70347609301201,0.652839183807373
Fishhook,0714,572,534,40.38442553601555,-106.71020646452651,0.5382459163665771
Fishhook,0714,532,502,40.395215807489926,-106.72154182707725,0.904751181602478
Fishhook,0714,530,486,40.395755321063646,-106.72720950835262,0.9042192101478577
Fishhook,0714,492,500,40.4060060789643,-106.72225028723668,0.9536314606666565
Fishhook,0714,488,501,40.407085106111744,-106.72189605715697,0.9342195391654968
Fishhook,0714,562,556,40.38712310388414,-106.70241340277288,0.8424916863441467
Fishhook,0714,492,545,40.4060060789643,-106.70630993364969,0.7397988438606262
Fishhook,0714,579,528,40.38253723850753,-106.71233184500477,0.5924330353736877
Fishhook,0714,568,538,40.38550456316299,-106.70878954420766,0.5671207904815674
Fishhook,0714,509,525,40.4014202135877,-106.7133945352439,0.9535693526268005
Fishhook,0714,521,495,40.398183132145384,-106.72402143763523,0.9753773808479309
Fishhook,0714,549,579,40.390629942113314,-106.69426611093954,0.5211831331253052
Fishhook,0714,518,553,40.39899240250596,-106.70347609301201,0.5555756688117981
Fishhook,0714,527,504,40.39656459142422,-106.72083336691783,0.9557886123657227
Fishhook,0714,564,570,40.38658359031042,-106.69745418165692,0.8405332565307617
Fishhook,0714,530,472,40.395755321063646,-106.73216872946857,0.691865861415863
Fishhook,0714,536,519,40.39413678034249,-106.71551991572217,0.9279986023902893
Fishhook,0714,510,539,40.401150456800835,-106.70843531412795,0.8701578378677368
Fishhook,0714,472,532,40.4114012147015,-106.71091492468594,0.5273051857948303
Fishhook,0714,498,462,40.40438753824315,-106.73571103026568,0.825400173664093
Fishhook,0714,575,528,40.38361626565497,-106.71233184500477,0.6174585223197937
Fishhook,0714,489,498,40.40681534932489,-106.72295874739609,0.9454773664474487
Fishhook,0714,552,555,40.38982067175274,-106.70276763285258,0.9529550075531006
Fishhook,0714,519,549,40.3987226457191,-106.70489301333085,0.8073960542678833
Fishhook,0714,524,465,40.3973738617848,-106.73464834002654,0.7762739062309265
Fishhook,0714,515,557,40.39980167286654,-106.70205917269317,0.6869975328445435
Fishhook,0714,500,530,40.40384802466943,-106.71162338484535,0.905781626701355
Fishhook,0714,506,533,40.402229483948275,-106.71056069460622,0.9050308465957642
Fishhook,0714,549,512,40.390629942113314,-106.71799952628014,0.7667603492736816
Fishhook,0714,543,559,40.392248482834475,-106.70135071253374,0.7675728797912598
Fishhook,0714,544,481,40.39197872604761,-106.72898065875117,0.7209243178367615
Fishhook,0714,478,519,40.40978267398034,-106.71551991572217,0.6445791125297546
Fishhook,0714,513,560,40.40034118644026,-106.70099648245403,0.6882421374320984
Fishhook,0714,483,487,40.40843389004604,-106.72685527827291,0.9384453296661377
Fishhook,0714,489,487,40.40681534932489,-106.72685527827291,0.9581320881843567
Fishhook,0714,523,553,40.397643618571664,-106.70347609301201,0.754203200340271
Fishhook,0714,554,575,40.38928115817902,-106.69568303125837,0.8243228197097778
Fishhook,0714,487,475,40.4073548628986,-106.73110603922943,0.9442906379699707
Fishhook,0714,489,503,40.40681534932489,-106.72118759699754,0.9448537230491638
Fishhook,0714,503,539,40.40303875430885,-106.70843531412795,0.7861329317092896
Fishhook,0714,512,479,40.400610943227115,-106.7296891189106,0.9430885314941406
Fishhook,0714,531,509,40.39548556427679,-106.71906221651928,0.9287929534912109
Fishhook,0714,553,549,40.38955091496588,-106.70489301333085,0.9709751009941101
Fishhook,0714,558,550,40.38820213103158,-106.70453878325114,0.9394350051879883
Fishhook,0714,486,464,40.407624619685464,-106.73500257010626,0.9176501035690308
Fishhook,0714,558,560,40.38820213103158,-106.70099648245403,0.9152381420135498
Fishhook,0714,539,510,40.39332750998191,-106.71870798643957,0.902349054813385
Fishhook,0714,478,490,40.40978267398034,-106.72579258803378,0.8287360072135925
Fishhook,0714,486,455,40.407624619685464,-106.73819064082365,0.6952846646308899
Fishhook,0714,529,479,40.3960250778505,-106.7296891189106,0.8111978769302368
Fishhook,0714,462,554,40.41409878257009,-106.70312186293229,0.5767432451248169
Fishhook,0714,557,525,40.38847188781844,-106.7133945352439,0.5257803797721863
Fishhook,0714,516,477,40.39953191607968,-106.73039757907002,0.9448918700218201
Fishhook,0714,552,520,40.38982067175274,-106.71516568564246,0.5995094180107117
Fishhook,0714,486,470,40.407624619685464,-106.73287718962798,0.9370229840278625
Fishhook,0714,541,549,40.392787996408195,-106.70489301333085,0.9381316304206848
Fishhook,0714,510,527,40.401150456800835,-106.71268607508449,0.9495304822921753
Fishhook,0714,469,562,40.412210485062076,-106.70028802229461,0.515372097492218
Fishhook,0714,538,474,40.39359726676877,-106.73146026930915,0.6432121992111206
Fishhook,0714,464,562,40.41355926899637,-106.70028802229461,0.6247302889823914
Fishhook,0714,492,511,40.4060060789643,-106.71835375635986,0.9500002861022949
Fishhook,0714,535,466,40.39440653712935,-106.73429410994683,0.5717608332633972
Fishhook,0714,530,490,40.395755321063646,-106.72579258803378,0.9121479392051697
Fishhook,0714,486,507,40.407624619685464,-106.71977067667869,0.938943088054657
Fishhook,0714,494,487,40.40546656539059,-106.72685527827291,0.9593234658241272
Fishhook,0714,562,560,40.38712310388414,-106.70099648245403,0.8992040157318115
Fishhook,0714,497,536,40.404657295030006,-106.70949800436709,0.8661456108093262
Fishhook,0714,488,536,40.407085106111744,-106.70949800436709,0.7986430525779724
Fishhook,0714,537,550,40.39386702355563,-106.70453878325114,0.940528392791748
Fishhook,0714,490,462,40.40654559253802,-106.73571103026568,0.88712477684021
Fishhook,0714,477,507,40.410052430767195,-106.71977067667869,0.5893286466598511
Fishhook,0714,485,456,40.40789437647232,-106.73783641074394,0.7459840774536133
Fishhook,0714,582,533,40.381727968146954,-106.71056069460622,0.5266668200492859
Fishhook,0714,547,516,40.391169455687034,-106.7165826059613,0.8713849186897278
Fishhook,0714,529,472,40.3960250778505,-106.73216872946857,0.710379958152771
Fishhook,0714,512,457,40.400610943227115,-106.73748218066423,0.6573776006698608
Fishhook,0714,504,545,40.402768997521996,-106.70630993364969,0.5380010604858398
Fishhook,0714,539,474,40.39332750998191,-106.73146026930915,0.6319480538368225
Fishhook,0714,531,553,40.39548556427679,-106.70347609301201,0.8688703179359436
Fishhook,0714,537,529,40.39386702355563,-106.71197761492506,0.9500819444656372
Fishhook,0714,497,518,40.404657295030006,-106.71587414580188,0.9468349814414978
Fishhook,0714,562,537,40.38712310388414,-106.70914377428738,0.88884037733078
Fishhook,0714,517,481,40.39926215929282,-106.72898065875117,0.9498639702796936
Fishhook,0714,544,523,40.39197872604761,-106.71410299540332,0.9205771684646606
Fishhook,0714,501,536,40.40357826788257,-106.70949800436709,0.8449945449829102
Fishhook,0714,568,553,40.38550456316299,-106.70347609301201,0.521446704864502
Fishhook,0714,464,560,40.41355926899637,-106.70099648245403,0.660214900970459
Fishhook,0714,571,562,40.384695292802405,-106.70028802229461,0.5001112818717957
Fishhook,0714,511,545,40.40088070001398,-106.70630993364969,0.7171682119369507
Fishhook,0714,528,543,40.39629483463737,-106.70701839380911,0.9382907152175903
Fishhook,0714,550,543,40.39036018532646,-106.70701839380911,0.9712432622909546
Fishhook,0714,467,562,40.412749998635796,-106.70028802229461,0.5727444887161255
Fishhook,0714,491,495,40.40627583575117,-106.72402143763523,0.953674852848053
Fishhook,0714,546,494,40.3914392124739,-106.72437566771494,0.6192528009414673
Fishhook,0714,547,483,40.391169455687034,-106.72827219859175,0.7086549997329712
Fishhook,0714,528,479,40.39629483463737,-106.7296891189106,0.8565815687179565
Fishhook,0714,490,520,40.40654559253802,-106.71516568564246,0.912721574306488
Fishhook,0714,548,521,40.39089969890018,-106.71481145556275,0.8847090005874634
Fishhook,0714,519,461,40.3987226457191,-106.73606526034538,0.8378214240074158
Fishhook,0714,566,537,40.3860440767367,-106.70914377428738,0.50618577003479
Fishhook,0714,475,526,40.410591944340915,-106.7130403051642,0.5257498025894165
Fishhook,0714,558,542,40.38820213103158,-106.70737262388883,0.9660715460777283
Fishhook,0714,566,551,40.3860440767367,-106.70418455317143,0.5723093748092651
Fishhook,0714,513,471,40.40034118644026,-106.73252295954828,0.8884738087654114
Fishhook,0714,542,467,40.39251823962133,-106.73393987986712,0.5317957997322083
Fishhook,0714,494,495,40.40546656539059,-106.72402143763523,0.9592590928077698
Fishhook,0714,522,488,40.39791337535852,-106.7265010481932,0.9415449500083923
Fishhook,0714,523,465,40.397643618571664,-106.73464834002654,0.8086836338043213
Fishhook,0714,474,463,40.41086170112778,-106.73535680018597,0.703981876373291
Fishhook,0714,543,522,40.392248482834475,-106.71445722548303,0.9220560193061829
Fishhook,0714,518,496,40.39899240250596,-106.72366720755551,0.9875917434692383
Fishhook,0714,477,496,40.410052430767195,-106.72366720755551,0.6535248160362244
Fishhook,0714,521,562,40.398183132145384,-106.70028802229461,0.5680675506591797
Fishhook,0714,533,537,40.39494605070307,-106.70914377428738,0.9459167718887329
Fishhook,0714,467,554,40.412749998635796,-106.70312186293229,0.6600943207740784
Fishhook,0714,535,532,40.39440653712935,-106.71091492468594,0.9562597274780273
Fishhook,0714,484,528,40.408164133259184,-106.71233184500477,0.8325154781341553
Fishhook,0714,506,523,40.402229483948275,-106.71410299540332,0.9452744722366333
Fishhook,0714,561,567,40.387392860671,-106.69851687189606,0.8701525926589966
Fishhook,0714,571,529,40.384695292802405,-106.71197761492506,0.5542139410972595
Fishhook,0714,515,460,40.39980167286654,-106.73641949042509,0.7943370342254639
Fishhook,0714,526,506,40.39683434821109,-106.72012490675841,0.9698430299758911
Fishhook,0714,481,497,40.40897340361976,-106.7233129774758,0.8640373349189758
Fishhook,0714,576,528,40.38334650886811,-106.71233184500477,0.6161869764328003
Fishhook,0714,562,533,40.38712310388414,-106.71056069460622,0.7765797972679138
Fishhook,0714,491,483,40.40627583575117,-106.72827219859175,0.9560582041740417
Fishhook,0714,483,510,40.40843389004604,-106.71870798643957,0.9206419587135315
Fishhook,0714,543,539,40.392248482834475,-106.70843531412795,0.9559789299964905
Fishhook,0714,527,466,40.39656459142422,-106.73429410994683,0.7262088060379028
Fishhook,0714,512,552,40.400610943227115,-106.70383032309172,0.6714782118797302
Fishhook,0714,496,474,40.40492705181687,-106.73146026930915,0.9579705595970154
Fishhook,0714,549,538,40.390629942113314,-106.70878954420766,0.9583664536476135
Fishhook,0714,522,493,40.39791337535852,-106.72472989779465,0.9694735407829285
Fishhook,0714,549,548,40.390629942113314,-106.70524724341057,0.9602529406547546
Fishhook,0714,531,502,40.39548556427679,-106.72154182707725,0.9085431694984436
Fishhook,0714,542,478,40.39251823962133,-106.7300433489903,0.6105834245681763
Fishhook,0714,546,538,40.3914392124739,-106.70878954420766,0.9587539434432983
Fishhook,0714,549,529,40.390629942113314,-106.71197761492506,0.9389297366142273
Fishhook,0714,533,558,40.39494605070307,-106.70170494261346,0.7468976378440857
Fishhook,0714,504,532,40.402768997521996,-106.71091492468594,0.9036378860473633
Fishhook,0714,463,556,40.41382902578323,-106.70241340277288,0.5857787132263184
Fishhook,0714,559,570,40.38793237424472,-106.69745418165692,0.8582890033721924
Fishhook,0714,495,525,40.405196808603726,-106.7133945352439,0.9028002023696899
Fishhook,0714,581,536,40.38199772493381,-106.70949800436709,0.5234289765357971
Fishhook,0714,499,462,40.40411778145629,-106.73571103026568,0.8861437439918518
Fishhook,0714,474,477,40.41086170112778,-106.73039757907002,0.7049356698989868
Fishhook,0714,548,520,40.39089969890018,-106.71516568564246,0.8831852674484253
Fishhook,0714,548,484,40.39089969890018,-106.72791796851205,0.6994853615760803
Fishhook,0714,523,511,40.397643618571664,-106.71835375635986,0.9790025353431702
Fishhook,0714,507,455,40.40195972716141,-106.73819064082365,0.5667319893836975
Fishhook,0714,512,543,40.400610943227115,-106.70701839380911,0.8048995733261108
Fishhook,0714,551,518,40.390090428539594,-106.71587414580188,0.6651880145072937
Fishhook,0714,487,498,40.4073548628986,-106.72295874739609,0.9334947466850281
Fishhook,0714,551,564,40.390090428539594,-106.69957956213518,0.7987708449363708
Fishhook,0714,550,570,40.39036018532646,-106.69745418165692,0.8158286213874817
Fishhook,0714,546,561,40.3914392124739,-106.70064225237432,0.7961569428443909
Fishhook,0714,537,497,40.39386702355563,-106.7233129774758,0.902349054813385
Fishhook,0714,498,479,40.40438753824315,-106.7296891189106,0.9576051235198975
Fishhook,0714,484,494,40.408164133259184,-106.72437566771494,0.9184789061546326
Fishhook,0714,500,455,40.40384802466943,-106.73819064082365,0.5534449815750122
Fishhook,0714,505,468,40.40249924073513,-106.73358564978741,0.9591622352600098
Fishhook,0714,537,486,40.39386702355563,-106.72720950835262,0.7511819005012512
Fishhook,0714,504,473,40.402768997521996,-106.73181449938886,0.9722885489463806
Fishhook,0714,550,560,40.39036018532646,-106.70099648245403,0.9047218561172485
Fishhook,0714,474,482,40.41086170112778,-106.72862642867146,0.6504756212234497
Fishhook,0714,525,548,40.39710410499794,-106.70524724341057,0.8973643183708191
Fishhook,0714,482,530,40.4087036468329,-106.71162338484535,0.7607699036598206
Fishhook,0714,542,534,40.39251823962133,-106.71020646452651,0.9485650062561035
Fishhook,0714,565,554,40.386313833523566,-106.70312186293229,0.6441338658332825
Fishhook,0714,533,560,40.39494605070307,-106.70099648245403,0.6602451205253601
Fishhook,0714,489,519,40.40681534932489,-106.71551991572217,0.9125708341598511
Fishhook,0714,493,518,40.40573632217745,-106.71587414580188,0.9374823570251465
Fishhook,0714,490,509,40.40654559253802,-106.71906221651928,0.949609100818634
Fishhook,0714,496,478,40.40492705181687,-106.7300433489903,0.9449953436851501
Fishhook,0714,484,492,40.408164133259184,-106.72508412787435,0.9221645593643188
Fishhook,0714,496,468,40.40492705181687,-106.73358564978741,0.9520614743232727
Fishhook,0714,527,507,40.39656459142422,-106.71977067667869,0.960647702217102
Fishhook,0714,503,479,40.40303875430885,-106.7296891189106,0.9760086536407471
Fishhook,0714,540,558,40.39305775319505,-106.70170494261346,0.8768454194068909
Fishhook,0714,538,512,40.39359726676877,-106.71799952628014,0.9024118781089783
Fishhook,0714,546,485,40.3914392124739,-106.72756373843234,0.6463240385055542
Fishhook,0714,548,536,40.39089969890018,-106.70949800436709,0.9596511125564575
Fishhook,0714,537,532,40.39386702355563,-106.71091492468594,0.9532102346420288
Fishhook,0714,482,510,40.4087036468329,-106.71870798643957,0.8967233300209045
Fishhook,0714,482,473,40.4087036468329,-106.73181449938886,0.9041309952735901
Fishhook,0714,475,465,40.410591944340915,-106.73464834002654,0.7262908816337585
Fishhook,0714,505,548,40.40249924073513,-106.70524724341057,0.5132177472114563
Fishhook,0714,490,472,40.40654559253802,-106.73216872946857,0.9329491853713989
Fishhook,0714,505,460,40.40249924073513,-106.73641949042509,0.8633236289024353
Fishhook,0714,489,482,40.40681534932489,-106.72862642867146,0.9581562876701355
Fishhook,0714,559,541,40.38793237424472,-106.70772685396854,0.8918128609657288
Fishhook,0714,544,528,40.39197872604761,-106.71233184500477,0.9368209838867188
Fishhook,0714,481,470,40.40897340361976,-106.73287718962798,0.9164767861366272
Fishhook,0714,478,467,40.40978267398034,-106.73393987986712,0.8555006980895996
Fishhook,0714,481,491,40.40897340361976,-106.72543835795406,0.8816751837730408
Fishhook,0714,507,461,40.40195972716141,-106.73606526034538,0.8540800213813782
Fishhook,0714,549,563,40.390629942113314,-106.6999337922149,0.7854474782943726
Fishhook,0714,565,572,40.386313833523566,-106.6967457214975,0.694876492023468
Fishhook,0714,500,531,40.40384802466943,-106.71126915476565,0.9028975963592529
Fishhook,0714,500,464,40.40384802466943,-106.73500257010626,0.934337317943573
Fishhook,0714,497,486,40.404657295030006,-106.72720950835262,0.9652706980705261
Fishhook,0714,485,539,40.40789437647232,-106.70843531412795,0.7852237820625305
Fishhook,0714,504,494,40.402768997521996,-106.72437566771494,0.9828163385391235
Fishhook,0714,568,565,40.38550456316299,-106.69922533205548,0.560955822467804
Fishhook,0714,546,519,40.3914392124739,-106.71551991572217,0.8859755992889404
Fishhook,0714,536,509,40.39413678034249,-106.71906221651928,0.9075865149497986
Fishhook,0714,508,526,40.401689970374555,-106.7130403051642,0.9488644599914551
Fishhook,0714,492,485,40.4060060789643,-106.72756373843234,0.9497659802436829
Fishhook,0714,518,471,40.39899240250596,-106.73252295954828,0.8876474499702454
Fishhook,0714,542,492,40.39251823962133,-106.72508412787435,0.7617140412330627
Fishhook,0714,572,551,40.38442553601555,-106.70418455317143,0.5151067972183228
Fishhook,0714,484,537,40.408164133259184,-106.70914377428738,0.7750717401504517
Fishhook,0714,508,460,40.401689970374555,-106.73641949042509,0.8695915937423706
Fishhook,0714,545,570,40.391708969260755,-106.69745418165692,0.711471438407898
Fishhook,0714,530,475,40.395755321063646,-106.73110603922943,0.7487254738807678
Fishhook,0714,531,522,40.39548556427679,-106.71445722548303,0.9652993083000183
Fishhook,0714,525,504,40.39710410499794,-106.72083336691783,0.9698646664619446
Fishhook,0714,493,531,40.40573632217745,-106.71126915476565,0.902349054813385
Fishhook,0714,545,562,40.391708969260755,-106.70028802229461,0.6360862851142883
Fishhook,0714,511,554,40.40088070001398,-106.70312186293229,0.676468551158905
Fishhook,0714,538,564,40.39359726676877,-106.69957956213518,0.637211799621582
Fishhook,0714,474,475,40.41086170112778,-106.73110603922943,0.7206123471260071
Fishhook,0714,508,458,40.401689970374555,-106.73712795058452,0.8400720953941345
Fishhook,0714,536,514,40.39413678034249,-106.71729106612072,0.9136782288551331
Fishhook,0714,541,575,40.392787996408195,-106.69568303125837,0.5918436646461487
Fishhook,0714,548,511,40.39089969890018,-106.71835375635986,0.7617339491844177
Fishhook,0714,506,527,40.402229483948275,-106.71268607508449,0.9296057224273682
Fishhook,0714,515,468,40.39980167286654,-106.73358564978741,0.8626615405082703
Fishhook,0714,560,555,40.38766261745786,-106.70276763285258,0.866031289100647
Fishhook,0714,514,548,40.400071429653394,-106.70524724341057,0.7279434204101562
Fishhook,0714,516,544,40.39953191607968,-106.7066641637294,0.8529873490333557
Fishhook,0714,546,484,40.3914392124739,-106.72791796851205,0.6713621020317078
Fishhook,0714,543,471,40.392248482834475,-106.73252295954828,0.513875424861908
Fishhook,0714,518,460,40.39899240250596,-106.73641949042509,0.8610485196113586
Fishhook,0714,542,571,40.39251823962133,-106.69709995157721,0.7000408172607422
Fishhook,0714,541,489,40.392787996408195,-106.72614681811349,0.6997866034507751
Fishhook,0714,514,459,40.400071429653394,-106.73677372050481,0.7937609553337097
Fishhook,0714,548,508,40.39089969890018,-106.71941644659898,0.6403219699859619
Fishhook,0714,518,476,40.39899240250596,-106.73075180914972,0.934859037399292
Fishhook,0714,524,548,40.3973738617848,-106.70524724341057,0.8805193305015564
Fishhook,0714,536,490,40.39413678034249,-106.72579258803378,0.8974199891090393
Fishhook,0714,527,497,40.39656459142422,-106.7233129774758,0.9343096017837524
Fishhook,0714,476,506,40.41032218755406,-106.72012490675841,0.5036091208457947
Fishhook,0714,559,549,40.38793237424472,-106.70489301333085,0.8563586473464966
Fishhook,0714,489,492,40.40681534932489,-106.72508412787435,0.9474280476570129
Fishhook,0714,523,542,40.397643618571664,-106.70737262388883,0.9371917843818665
Fishhook,0714,479,515,40.40951291719348,-106.71693683604101,0.7260835766792297
Fishhook,0714,475,535,40.410591944340915,-106.7098522344468,0.5909551382064819
Fishhook,0714,491,548,40.40627583575117,-106.70524724341057,0.6108856797218323
Fishhook,0714,543,547,40.392248482834475,-106.70560147349028,0.9498028755187988
Fishhook,0714,548,487,40.39089969890018,-106.72685527827291,0.5968772768974304
Fishhook,0714,485,545,40.40789437647232,-106.70630993364969,0.6340392231941223
Fishhook,0714,545,490,40.391708969260755,-106.72579258803378,0.6233599185943604
Fishhook,0714,497,462,40.404657295030006,-106.73571103026568,0.7901068925857544
Fishhook,0714,463,559,40.41382902578323,-106.70135071253374,0.6052371859550476
Fishhook,0714,544,485,40.39197872604761,-106.72756373843234,0.6985045075416565
Fishhook,0714,537,477,40.39386702355563,-106.73039757907002,0.6591721773147583
Fishhook,0714,498,490,40.40438753824315,-106.72579258803378,0.9668315052986145
Fishhook,0714,501,544,40.40357826788257,-106.7066641637294,0.6763498187065125
Fishhook,0714,485,547,40.40789437647232,-106.70560147349028,0.5229148864746094
Fishhook,0714,510,468,40.401150456800835,-106.73358564978741,0.8852133750915527
Fishhook,0714,530,473,40.395755321063646,-106.73181449938886,0.7270202040672302
Fishhook,0714,538,469,40.39359726676877,-106.7332314197077,0.5680156350135803
Fishhook,0714,489,530,40.40681534932489,-106.71162338484535,0.8722578287124634
Fishhook,0714,572,554,40.38442553601555,-106.70312186293229,0.509157657623291
Fishhook,0714,562,564,40.38712310388414,-106.69957956213518,0.9057590365409851
Fishhook,0714,492,541,40.4060060789643,-106.70772685396854,0.8033275008201599
Fishhook,0714,511,484,40.40088070001398,-106.72791796851205,0.9720578789710999
Fishhook,0714,533,549,40.39494605070307,-106.70489301333085,0.9419642686843872
Fishhook,0714,497,525,40.404657295030006,-106.7133945352439,0.9093396663665771
Fishhook,0714,529,504,40.3960250778505,-106.72083336691783,0.9368708729743958
Fishhook,0714,524,509,40.3973738617848,-106.71906221651928,0.9760636687278748
Fishhook,0714,536,466,40.39413678034249,-106.73429410994683,0.5716765522956848
Fishhook,0714,516,482,40.39953191607968,-106.72862642867146,0.9493992924690247
Fishhook,0714,526,541,40.39683434821109,-106.70772685396854,0.9394615888595581
Fishhook,0714,531,490,40.39548556427679,-106.72579258803378,0.9135724306106567
Fishhook,0714,476,527,40.41032218755406,-106.71268607508449,0.6057888269424438
Fishhook,0714,541,531,40.392787996408195,-106.71126915476565,0.9405521750450134
Fishhook,0714,477,466,40.410052430767195,-106.73429410994683,0.8314648270606995
Fishhook,0714,484,527,40.408164133259184,-106.71268607508449,0.8218092918395996
Fishhook,0714,533,557,40.39494605070307,-106.70205917269317,0.8114966154098511
Fishhook,0714,498,471,40.40438753824315,-106.73252295954828,0.9502761363983154
Fishhook,0714,532,555,40.395215807489926,-106.70276763285258,0.8183178901672363
Fishhook,0714,472,478,40.4114012147015,-106.7300433489903,0.6187214851379395
Fishhook,0714,542,490,40.39251823962133,-106.72579258803378,0.7054635882377625
Fishhook,0714,489,537,40.40681534932489,-106.70914377428738,0.822139322757721
Fishhook,0714,484,484,40.408164133259184,-106.72791796851205,0.9399427175521851
Fishhook,0714,564,556,40.38658359031042,-106.70241340277288,0.7177035212516785
Fishhook,0714,530,505,40.395755321063646,-106.72047913683812,0.9258778095245361
Fishhook,0714,508,455,40.401689970374555,-106.73819064082365,0.5595906376838684
Fishhook,0714,524,557,40.3973738617848,-106.70205917269317,0.6453419327735901
Fishhook,0714,519,486,40.3987226457191,-106.72720950835262,0.9602639675140381
Fishhook,0714,532,550,40.395215807489926,-106.70453878325114,0.9323476552963257
Fishhook,0714,512,535,40.400610943227115,-106.7098522344468,0.9095752239227295
Fishhook,0714,483,523,40.40843389004604,-106.71410299540332,0.7799088954925537
Fishhook,0714,567,560,40.385774319949846,-106.70099648245403,0.5892621874809265
Fishhook,0714,488,534,40.407085106111744,-106.71020646452651,0.7884335517883301
Fishhook,0714,475,551,40.410591944340915,-106.70418455317143,0.5323559641838074
Fishhook,0714,513,548,40.40034118644026,-106.70524724341057,0.7439847588539124
Fishhook,0714,490,459,40.40654559253802,-106.73677372050481,0.6685720682144165
Fishhook,0714,537,494,40.39386702355563,-106.72437566771494,0.902349054813385
Fishhook,0714,490,481,40.40654559253802,-106.72898065875117,0.9495440721511841
Fishhook,0714,580,538,40.382267481720675,-106.70878954420766,0.5173234343528748
Fishhook,0714,570,564,40.38496504958927,-106.69957956213518,0.5054212808609009
Fishhook,0714,507,523,40.40195972716141,-106.71410299540332,0.9523488879203796
Fishhook,0714,494,470,40.40546656539059,-106.73287718962798,0.9453692436218262
Fishhook,0714,501,537,40.40357826788257,-106.70914377428738,0.8295665979385376
Fishhook,0714,521,541,40.398183132145384,-106.70772685396854,0.9329135417938232
Fishhook,0714,566,548,40.3860440767367,-106.70524724341057,0.5001375675201416
Fishhook,0714,541,565,40.392787996408195,-106.69922533205548,0.6293126940727234
Fishhook,0714,546,542,40.3914392124739,-106.70737262388883,0.9596770405769348
Fishhook,0714,525,560,40.39710410499794,-106.70099648245403,0.6639630198478699
Fishhook,0714,544,513,40.39197872604761,-106.71764529620043,0.8852407932281494
Fishhook,0714,492,551,40.4060060789643,-106.70418455317143,0.5410642623901367
Fishhook,0714,482,482,40.4087036468329,-106.72862642867146,0.9356085062026978
Fishhook,0714,481,476,40.40897340361976,-106.73075180914972,0.9118237495422363
Fishhook,0714,492,537,40.4060060789643,-106.70914377428738,0.8441892266273499
Fishhook,0714,511,555,40.40088070001398,-106.70276763285258,0.5995625853538513
Fishhook,0714,528,596,40.39629483463737,-106.68824419958445,0.519261360168457
Fishhook,0714,531,482,40.39548556427679,-106.72862642867146,0.8127790093421936
Fishhook,0714,502,481,40.40330851109571,-106.72898065875117,0.9748473167419434
Fishhook,0714,514,470,40.400071429653394,-106.73287718962798,0.8559372425079346
Fishhook,0714,485,457,40.40789437647232,-106.73748218066423,0.7816101908683777
Fishhook,0714,516,483,40.39953191607968,-106.72827219859175,0.9638546109199524
Fishhook,0714,484,454,40.408164133259184,-106.73854487090335,0.7729493975639343
Fishhook,0714,554,565,40.38928115817902,-106.69922533205548,0.8744603395462036
Fishhook,0714,463,551,40.41382902578323,-106.70418455317143,0.5370664596557617
Fishhook,0714,541,468,40.392787996408195,-106.73358564978741,0.5328540802001953
Fishhook,0714,538,467,40.39359726676877,-106.73393987986712,0.5953988432884216
Fishhook,0714,491,514,40.40627583575117,-106.71729106612072,0.947529137134552
Fishhook,0714,471,558,40.411670971488356,-106.70170494261346,0.5347862839698792
Fishhook,0714,551,542,40.390090428539594,-106.70737262388883,0.97121262550354
Fishhook,0714,520,486,40.39845288893224,-106.72720950835262,0.9515516757965088
Fishhook,0714,480,461,40.40924316040662,-106.73606526034538,0.8062182068824768
Fishhook,0714,530,554,40.395755321063646,-106.70312186293229,0.8378637433052063
Fishhook,0714,510,551,40.401150456800835,-106.70418455317143,0.6222238540649414
Fishhook,0714,515,533,40.39980167286654,-106.71056069460622,0.9473685622215271
Fishhook,0714,531,511,40.39548556427679,-106.71835375635986,0.9387246966362
Fishhook,0714,495,476,40.405196808603726,-106.73075180914972,0.9487806558609009
Fishhook,0714,545,514,40.391708969260755,-106.71729106612072,0.8822539448738098
Fishhook,0714,544,566,40.39197872604761,-106.69887110197577,0.5906456708908081
Fishhook,0714,525,459,40.39710410499794,-106.73677372050481,0.6261759996414185
Fishhook,0714,539,509,40.39332750998191,-106.71906221651928,0.902349054813385
Fishhook,0714,530,556,40.395755321063646,-106.70241340277288,0.8105913996696472
Fishhook,0714,492,552,40.4060060789643,-106.70383032309172,0.576930582523346
Fishhook,0714,572,559,40.38442553601555,-106.70135071253374,0.5446953773498535
Fishhook,0714,498,461,40.40438753824315,-106.73606526034538,0.6795781850814819
Fishhook,0714,508,476,40.401689970374555,-106.73075180914972,0.9684221744537354
Fishhook,0714,518,488,40.39899240250596,-106.7265010481932,0.9728901386260986
Fishhook,0714,539,499,40.39332750998191,-106.72260451731638,0.902349054813385
Fishhook,0714,542,482,40.39251823962133,-106.72862642867146,0.6546556353569031
Fishhook,0714,543,481,40.392248482834475,-106.72898065875117,0.6843389868736267
Fishhook,0714,543,545,40.392248482834475,-106.70630993364969,0.9491725564002991
Fishhook,0714,478,489,40.40978267398034,-106.72614681811349,0.8438250422477722
Fishhook,0714,556,572,40.3887416446053,-106.6967457214975,0.8867153525352478
Fishhook,0714,486,524,40.407624619685464,-106.71374876532361,0.8733909726142883
Fishhook,0714,539,472,40.39332750998191,-106.73216872946857,0.5903450846672058
Fishhook,0714,537,527,40.39386702355563,-106.71268607508449,0.9446262717247009
Fishhook,0714,499,465,40.40411778145629,-106.73464834002654,0.9291703701019287
Fishhook,0714,546,558,40.3914392124739,-106.70170494261346,0.9260992407798767
Fishhook,0714,494,552,40.40546656539059,-106.70383032309172,0.5661572217941284
Fishhook,0714,506,456,40.402229483948275,-106.73783641074394,0.6658449769020081
Fishhook,0714,551,567,40.390090428539594,-106.69851687189606,0.7818756699562073
Fishhook,0714,508,546,40.401689970374555,-106.70595570356998,0.6671701073646545
Fishhook,0714,519,559,40.3987226457191,-106.70135071253374,0.6255266666412354
Fishhook,0714,546,567,40.3914392124739,-106.69851687189606,0.6870619654655457
Fishhook,0714,482,535,40.4087036468329,-106.7098522344468,0.7241737842559814
Fishhook,0714,525,462,40.39710410499794,-106.73571103026568,0.6658101677894592
Fishhook,0714,481,492,40.40897340361976,-106.72508412787435,0.8787856698036194
Fishhook,0714,521,503,40.398183132145384,-106.72118759699754,0.9836586117744446
Fishhook,0714,570,551,40.38496504958927,-106.70418455317143,0.5359481573104858
Fishhook,0714,534,475,40.394676293916206,-106.73110603922943,0.7233516573905945
Fishhook,0714,484,469,40.408164133259184,-106.7332314197077,0.9240264296531677
Fishhook,0714,532,545,40.395215807489926,-106.70630993364969,0.9446523189544678
Fishhook,0714,483,518,40.40843389004604,-106.71587414580188,0.8743302226066589
Fishhook,0714,496,470,40.40492705181687,-106.73287718962798,0.9476946592330933
Fishhook,0714,478,494,40.40978267398034,-106.72437566771494,0.7798832058906555
Fishhook,0714,482,480,40.4087036468329,-106.72933488883089,0.9384070634841919
Fishhook,0714,479,454,40.40951291719348,-106.73854487090335,0.7111087441444397
Fishhook,0714,487,512,40.4073548628986,-106.71799952628014,0.9421374797821045
Fishhook,0714,487,533,40.4073548628986,-106.71056069460622,0.7787438631057739
Fishhook,0714,483,496,40.40843389004604,-106.72366720755551,0.8949655890464783
Fishhook,0714,549,542,40.390629942113314,-106.70737262388883,0.9630224108695984
Fishhook,0714,509,455,40.4014202135877,-106.73819064082365,0.5376739501953125
Fishhook,0714,507,530,40.40195972716141,-106.71162338484535,0.9103020429611206
Fishhook,0714,512,452,40.400610943227115,-106.73925333106278,0.5001932382583618
Fishhook,0714,494,540,40.40546656539059,-106.70808108404825,0.8594139814376831
Fishhook,0714,475,481,40.410591944340915,-106.72898065875117,0.7733858823776245
Fishhook,0714,540,560,40.39305775319505,-106.70099648245403,0.7861365079879761
Fishhook,0714,542,558,40.39251823962133,-106.70170494261346,0.848615825176239
Fishhook,0714,534,515,40.394676293916206,-106.71693683604101,0.9214566349983215
Fishhook,0714,478,511,40.40978267398034,-106.71835375635986,0.7124355435371399
Fishhook,0714,559,539,40.38793237424472,-106.70843531412795,0.8524878025054932
Fishhook,0714,485,458,40.40789437647232,-106.73712795058452,0.841502845287323
Fishhook,0714,561,563,40.387392860671,-106.6999337922149,0.8844742178916931
Fishhook,0714,575,539,40.38361626565497,-106.70843531412795,0.5266523361206055
Fishhook,0714,520,539,40.39845288893224,-106.70843531412795,0.9373697638511658
Fishhook,0714,463,560,40.41382902578323,-106.70099648245403,0.6279593110084534
Fishhook,0714,466,555,40.41301975542265,-106.70276763285258,0.634536862373352
Fishhook,0714,544,524,40.39197872604761,-106.71374876532361,0.924843430519104
Fishhook,0714,495,537,40.405196808603726,-106.70914377428738,0.8634292483329773
Fishhook,0714,548,522,40.39089969890018,-106.71445722548303,0.8851956129074097
Fishhook,0714,550,512,40.39036018532646,-106.71799952628014,0.6268887519836426
Fishhook,0714,528,556,40.39629483463737,-106.70241340277288,0.8073524236679077
Fishhook,0714,514,561,40.400071429653394,-106.70064225237432,0.5432508587837219
Fishhook,0714,482,497,40.4087036468329,-106.7233129774758,0.8829919695854187
Fishhook,0714,531,597,40.39548556427679,-106.68788996950474,0.522724449634552
Fishhook,0714,496,461,40.40492705181687,-106.73606526034538,0.6652889847755432
Fishhook,0714,483,492,40.40843389004604,-106.72508412787435,0.9037916660308838
Fishhook,0714,514,479,40.400071429653394,-106.7296891189106,0.9442678689956665
Fishhook,0714,550,576,40.39036018532646,-106.69532880117866,0.6877928972244263
Fishhook,0714,552,519,40.38982067175274,-106.71551991572217,0.5620712637901306
Fishhook,0714,560,572,40.38766261745786,-106.6967457214975,0.862958550453186
Fishhook,0714,537,514,40.39386702355563,-106.71729106612072,0.9103187918663025
Fishhook,0714,541,544,40.392787996408195,-106.7066641637294,0.9465988874435425
Fishhook,0714,549,574,40.390629942113314,-106.69603726133809,0.7291659712791443
Fishhook,0714,551,534,40.390090428539594,-106.71020646452651,0.9612693786621094
Fishhook,0714,526,467,40.39683434821109,-106.73393987986712,0.7590193152427673
Fishhook,0714,547,567,40.391169455687034,-106.69851687189606,0.7322286367416382
Fishhook,0714,486,480,40.407624619685464,-106.72933488883089,0.9510484933853149
Fishhook,0714,476,481,40.41032218755406,-106.72898065875117,0.8351463675498962
Fishhook,0714,497,527,40.404657295030006,-106.71268607508449,0.9031845331192017
Fishhook,0714,492,522,40.4060060789643,-106.71445722548303,0.9076868891716003
Fishhook,0714,489,521,40.40681534932489,-106.71481145556275,0.9080654978752136
Fishhook,0714,506,548,40.402229483948275,-106.70524724341057,0.5059743523597717
Fishhook,0714,481,458,40.40897340361976,-106.73712795058452,0.7404608726501465
Fishhook,0714,477,495,40.410052430767195,-106.72402143763523,0.7055515050888062
Fishhook,0714,473,555,40.411131457914635,-106.70276763285258,0.5673478841781616
Fishhook,0714,566,550,40.3860440767367,-106.70453878325114,0.5803716778755188
Fishhook,0714,506,461,40.402229483948275,-106.73606526034538,0.8705082535743713
Fishhook,0714,502,533,40.40330851109571,-106.71056069460622,0.8890587687492371
Fishhook,0714,541,474,40.392787996408195,-106.73146026930915,0.5956499576568604
Fishhook,0714,477,488,40.410052430767195,-106.7265010481932,0.8422259092330933
Fishhook,0714,564,559,40.38658359031042,-106.70135071253374,0.8416602611541748
Fishhook,0714,495,546,40.405196808603726,-106.70595570356998,0.653252899646759
Fishhook,0714,543,537,40.392248482834475,-106.70914377428738,0.9509766697883606
Fishhook,0714,517,555,40.39926215929282,-106.70276763285258,0.6011928915977478
Fishhook,0714,499,457,40.40411778145629,-106.73748218066423,0.5384262800216675
Fishhook,0714,497,483,40.404657295030006,-106.72827219859175,0.9634939432144165
Fishhook,0714,522,554,40.39791337535852,-106.70312186293229,0.6784175634384155
Fishhook,0714,490,519,40.40654559253802,-106.71551991572217,0.9157513976097107
Fishhook,0714,529,490,40.3960250778505,-106.72579258803378,0.9134340882301331
Fishhook,0714,507,541,40.40195972716141,-106.70772685396854,0.8293539881706238
Fishhook,0714,515,478,40.39980167286654,-106.7300433489903,0.9401532411575317
Fishhook,0714,483,471,40.40843389004604,-106.73252295954828,0.9278035759925842
Fishhook,0714,483,456,40.40843389004604,-106.73783641074394,0.7346954941749573
Fishhook,0714,557,552,40.38847188781844,-106.70383032309172,0.9448679089546204
Fishhook,0714,508,478,40.401689970374555,-106.7300433489903,0.9654240608215332
Fishhook,0714,482,519,40.4087036468329,-106.71551991572217,0.8338188529014587
Fishhook,0714,471,557,40.411670971488356,-106.70205917269317,0.5368868708610535
Fishhook,0714,552,517,40.38982067175274,-106.71622837588158,0.5288386940956116
Fishhook,0714,472,530,40.4114012147015,-106.71162338484535,0.586721658706665
Fishhook,0714,565,539,40.386313833523566,-106.70843531412795,0.511729896068573
Fishhook,0714,539,570,40.39332750998191,-106.69745418165692,0.5120875239372253
Fishhook,0714,477,534,40.410052430767195,-106.71020646452651,0.6677229404449463
Fishhook,0714,514,545,40.400071429653394,-106.70630993364969,0.7607349753379822
Fishhook,0714,552,543,40.38982067175274,-106.70701839380911,0.9745031595230103
Fishhook,0714,504,519,40.402768997521996,-106.71551991572217,0.9510272741317749
Fishhook,0714,552,545,40.38982067175274,-106.70630993364969,0.9752874374389648
Fishhook,0714,525,458,40.39710410499794,-106.73712795058452,0.5762854218482971
Fishhook,0714,483,511,40.40843389004604,-106.71835375635986,0.9264823198318481
Fishhook,0714,512,467,40.400610943227115,-106.73393987986712,0.8788159489631653
Fishhook,0714,552,544,40.38982067175274,-106.7066641637294,0.9758387804031372
Fishhook,0714,543,576,40.392248482834475,-106.69532880117866,0.574492871761322
Fishhook,0714,484,552,40.408164133259184,-106.70383032309172,0.5576050281524658
Fishhook,0714,511,466,40.40088070001398,-106.73429410994683,0.8938099145889282
Fishhook,0714,550,569,40.39036018532646,-106.69780841173664,0.8082878589630127
Fishhook,0714,554,534,40.38928115817902,-106.71020646452651,0.9673013687133789
Fishhook,0714,551,538,40.390090428539594,-106.70878954420766,0.9673969745635986
Fishhook,0714,546,563,40.3914392124739,-106.6999337922149,0.7111988067626953
Fishhook,0714,516,496,40.39953191607968,-106.72366720755551,0.9838773012161255
Fishhook,0714,563,539,40.386853347097286,-106.70843531412795,0.7032940983772278
Fishhook,0714,523,481,40.397643618571664,-106.72898065875117,0.9151766300201416
Fishhook,0714,496,532,40.40492705181687,-106.71091492468594,0.8994263410568237
Fishhook,0714,560,536,40.38766261745786,-106.70949800436709,0.8817100524902344
Fishhook,0714,505,484,40.40249924073513,-106.72791796851205,0.9842824935913086
Fishhook,0714,492,549,40.4060060789643,-106.70489301333085,0.5656909346580505
Fishhook,0714,507,474,40.40195972716141,-106.73146026930915,0.9650046825408936
Fishhook,0714,528,550,40.39629483463737,-106.70453878325114,0.9091343879699707
Fishhook,0714,505,456,40.40249924073513,-106.73783641074394,0.6884788274765015
Fishhook,0714,541,485,40.392787996408195,-106.72756373843234,0.6603076457977295
Fishhook,0714,498,497,40.40438753824315,-106.7233129774758,0.9576148390769958
Fishhook,0714,523,509,40.397643618571664,-106.71906221651928,0.9784731268882751
Fishhook,0714,535,479,40.39440653712935,-106.7296891189106,0.7192268967628479
Fishhook,0714,486,486,40.407624619685464,-106.72720950835262,0.9536873698234558
Fishhook,0714,520,552,40.39845288893224,-106.70383032309172,0.713980495929718
Fishhook,0714,561,577,40.387392860671,-106.69497457109895,0.602556049823761
Fishhook,0714,508,533,40.401689970374555,-106.71056069460622,0.9076105952262878
Fishhook,0714,486,538,40.407624619685464,-106.70878954420766,0.7926913499832153
Fishhook,0714,569,564,40.385234806376126,-106.69957956213518,0.5531303882598877
Fishhook,0714,517,536,40.39926215929282,-106.70949800436709,0.9376354217529297
Fishhook,0714,484,463,40.408164133259184,-106.73535680018597,0.9174866080284119
Fishhook,0714,510,552,40.401150456800835,-106.70383032309172,0.6784986853599548
Fishhook,0714,556,559,40.3887416446053,-106.70135071253374,0.9396721124649048
Fishhook,0714,549,555,40.390629942113314,-106.70276763285258,0.943710446357727
Fishhook,0714,483,539,40.40843389004604,-106.70843531412795,0.6411395072937012
Fishhook,0714,537,536,40.39386702355563,-106.70949800436709,0.948846697807312
Fishhook,0714,478,484,40.40978267398034,-106.72791796851205,0.8464166522026062
Fishhook,0714,512,465,40.400610943227115,-106.73464834002654,0.9102151393890381
Fishhook,0714,527,503,40.39656459142422,-106.72118759699754,0.9533950686454773
Fishhook,0714,486,473,40.407624619685464,-106.73181449938886,0.9302306771278381
Fishhook,0714,522,542,40.39791337535852,-106.70737262388883,0.9364514946937561
Fishhook,0714,535,540,40.39440653712935,-106.70808108404825,0.9431332945823669
Fishhook,0714,485,512,40.40789437647232,-106.71799952628014,0.9402644038200378
Fishhook,0714,473,558,40.411131457914635,-106.70170494261346,0.5042175054550171
Fishhook,0714,554,552,40.38928115817902,-106.70383032309172,0.9662998914718628
Fishhook,0714,492,460,40.4060060789643,-106.73641949042509,0.7712621092796326
Fishhook,0714,503,466,40.40303875430885,-106.73429410994683,0.9669541120529175
Fishhook,0714,480,513,40.40924316040662,-106.71764529620043,0.8425288796424866
Fishhook,0714,547,531,40.391169455687034,-106.71126915476565,0.9424070119857788
Fishhook,0714,525,552,40.39710410499794,-106.70383032309172,0.8331230878829956
Fishhook,0714,489,518,40.40681534932489,-106.71587414580188,0.9143341183662415
Fishhook,0714,554,521,40.38928115817902,-106.71481145556275,0.5635206699371338
Fishhook,0714,521,493,40.398183132145384,-106.72472989779465,0.9795354008674622
Fishhook,0714,515,475,40.39980167286654,-106.73110603922943,0.9387741088867188
Fishhook,0714,540,486,40.39305775319505,-106.72720950835262,0.6784427165985107
Fishhook,0714,506,541,40.402229483948275,-106.70772685396854,0.8046718835830688
Fishhook,0714,494,479,40.40546656539059,-106.7296891189106,0.9456910490989685
Fishhook,0714,546,480,40.3914392124739,-106.72933488883089,0.6670582294464111
Fishhook,0714,529,514,40.3960250778505,-106.71729106612072,0.9596281051635742
Fishhook,0714,506,470,40.402229483948275,-106.73287718962798,0.9482719302177429
Fishhook,0714,481,508,40.40897340361976,-106.71941644659898,0.8887239098548889
Fishhook,0714,518,536,40.39899240250596,-106.70949800436709,0.9448218941688538
Fishhook,0714,532,474,40.395215807489926,-106.73146026930915,0.7473012208938599
Fishhook,0714,525,511,40.39710410499794,-106.71835375635986,0.9736185073852539
Fishhook,0714,469,556,40.412210485062076,-106.70241340277288,0.5669970512390137
Fishhook,0714,546,568,40.3914392124739,-106.69816264181635,0.712393045425415
Fishhook,0714,538,558,40.39359726676877,-106.70170494261346,0.8686509728431702
Fishhook,0714,541,526,40.392787996408195,-106.7130403051642,0.9313079118728638
Fishhook,0714,526,543,40.39683434821109,-106.70701839380911,0.9353585839271545
Fishhook,0714,548,579,40.39089969890018,-106.69426611093954,0.514332115650177
Fishhook,0714,482,504,40.4087036468329,-106.72083336691783,0.8918973803520203
Fishhook,0714,505,545,40.40249924073513,-106.70630993364969,0.5627730488777161
Fishhook,0714,492,526,40.4060060789643,-106.7130403051642,0.902349054813385
Fishhook,0714,532,506,40.395215807489926,-106.72012490675841,0.9117212295532227
Fishhook,0714,560,542,40.38766261745786,-106.70737262388883,0.9186820983886719
Fishhook,0714,524,552,40.3973738617848,-106.70383032309172,0.8104938268661499
Fishhook,0714,508,540,40.401689970374555,-106.70808108404825,0.8469015955924988
Fishhook,0714,490,485,40.40654559253802,-106.72756373843234,0.9496386647224426
Fishhook,0714,486,513,40.407624619685464,-106.71764529620043,0.9424002170562744
Fishhook,0714,552,563,40.38982067175274,-106.6999337922149,0.8177343010902405
Fishhook,0714,555,541,40.38901140139216,-106.70772685396854,0.9655418395996094
Fishhook,0714,569,553,40.385234806376126,-106.70347609301201,0.5159177780151367
Fishhook,0714,553,544,40.38955091496588,-106.7066641637294,0.975166916847229
Fishhook,0714,490,512,40.40654559253802,-106.71799952628014,0.9491754770278931
Fishhook,0714,500,541,40.40384802466943,-106.70772685396854,0.7659937143325806
Fishhook,0714,487,465,40.4073548628986,-106.73464834002654,0.9102020859718323
Fishhook,0714,502,532,40.40330851109571,-106.71091492468594,0.9047239422798157
Fishhook,0714,482,552,40.4087036468329,-106.70383032309172,0.5398738980293274
Fishhook,0714,484,502,40.408164133259184,-106.72154182707725,0.9128526449203491
Fishhook,0714,485,481,40.40789437647232,-106.72898065875117,0.950390100479126
Fishhook,0714,532,475,40.395215807489926,-106.73110603922943,0.7573056221008301
Fishhook,0714,480,464,40.40924316040662,-106.73500257010626,0.8125678896903992
Fishhook,0714,522,506,40.39791337535852,-106.72012490675841,0.9776697158813477
Fishhook,0714,511,525,40.40088070001398,-106.7133945352439,0.9629921317100525
Fishhook,0714,544,525,40.39197872604761,-106.7133945352439,0.9257691502571106
Fishhook,0714,517,538,40.39926215929282,-106.70878954420766,0.9268891215324402
Fishhook,0714,548,480,40.39089969890018,-106.72933488883089,0.6864630579948425
Fishhook,0714,520,558,40.39845288893224,-106.70170494261346,0.6441982388496399
Fishhook,0714,544,555,40.39197872604761,-106.70276763285258,0.9408957958221436
Fishhook,0714,544,514,40.39197872604761,-106.71729106612072,0.8872542977333069
Fishhook,0714,483,458,40.40843389004604,-106.73712795058452,0.7557136416435242
Fishhook,0714,503,530,40.40303875430885,-106.71162338484535,0.9043310284614563
Fishhook,0714,485,501,40.40789437647232,-106.72189605715697,0.920371949672699
Fishhook,0714,525,488,40.39710410499794,-106.7265010481932,0.9303931593894958
Fishhook,0714,515,463,40.39980167286654,-106.73535680018597,0.901243269443512
Fishhook,0714,515,479,40.39980167286654,-106.7296891189106,0.9468922019004822
Fishhook,0714,488,471,40.407085106111744,-106.73252295954828,0.9352152943611145
Fishhook,0714,497,482,40.404657295030006,-106.72862642867146,0.9598947167396545
Fishhook,0714,561,530,40.387392860671,-106.71162338484535,0.5534438490867615
Fishhook,0714,536,545,40.39413678034249,-106.70630993364969,0.9529618620872498
Fishhook,0714,516,495,40.39953191607968,-106.72402143763523,0.9839729070663452
Fishhook,0714,479,529,40.40951291719348,-106.71197761492506,0.7423945069313049
Fishhook,0714,577,535,40.38307675208125,-106.7098522344468,0.5964532494544983
Fishhook,0714,529,549,40.3960250778505,-106.70489301333085,0.9287732839584351
Fishhook,0714,548,567,40.39089969890018,-106.69851687189606,0.7133903503417969
Fishhook,0714,485,552,40.40789437647232,-106.70383032309172,0.5643969178199768
Fishhook,0714,518,461,40.39899240250596,-106.73606526034538,0.876774251461029
Fishhook,0714,563,536,40.386853347097286,-106.70949800436709,0.811111330986023
Fishhook,0714,503,494,40.40303875430885,-106.72437566771494,0.9823098182678223
Fishhook,0714,485,486,40.40789437647232,-106.72720950835262,0.9496715664863586
Fishhook,0714,463,552,40.41382902578323,-106.70383032309172,0.5724794268608093
Fishhook,0714,542,572,40.39251823962133,-106.6967457214975,0.6821315884590149
Fishhook,0714,535,465,40.39440653712935,-106.73464834002654,0.524172306060791
Fishhook,0714,528,559,40.39629483463737,-106.70135071253374,0.6818141937255859
Fishhook,0714,525,556,40.39710410499794,-106.70241340277288,0.7652856707572937
Fishhook,0714,559,573,40.38793237424472,-106.6963914914178,0.8482072353363037
Fishhook,0714,514,457,40.400071429653394,-106.73748218066423,0.6241499185562134
Fishhook,0714,513,470,40.40034118644026,-106.73287718962798,0.8569508194923401
Fishhook,0714,507,531,40.40195972716141,-106.71126915476565,0.907133162021637
Fishhook,0714,553,567,40.38955091496588,-106.69851687189606,0.8146056532859802
Fishhook,0714,556,534,40.3887416446053,-106.71020646452651,0.9371582865715027
Fishhook,0714,486,458,40.407624619685464,-106.73712795058452,0.8103361129760742
Fishhook,0714,511,496,40.40088070001398,-106.72366720755551,0.9816552996635437
Fishhook,0714,545,573,40.391708969260755,-106.6963914914178,0.7200534343719482
Fishhook,0714,546,564,40.3914392124739,-106.69957956213518,0.7160364985466003
Fishhook,0714,484,476,40.408164133259184,-106.73075180914972,0.936637282371521
Fishhook,0714,475,468,40.410591944340915,-106.73358564978741,0.7859376668930054
Fishhook,0714,519,543,40.3987226457191,-106.70701839380911,0.9085734486579895
Fishhook,0714,463,554,40.41382902578323,-106.70312186293229,0.6370143890380859
Fishhook,0714,484,474,40.408164133259184,-106.73146026930915,0.9229370355606079
Fishhook,0714,529,480,40.3960250778505,-106.72933488883089,0.8235751986503601
Fishhook,0714,533,552,40.39494605070307,-106.70383032309172,0.9038524627685547
Fishhook,0714,534,492,40.394676293916206,-106.72508412787435,0.9069721698760986
Fishhook,0714,494,489,40.40546656539059,-106.72614681811349,0.961020827293396
Fishhook,0714,502,539,40.40330851109571,-106.70843531412795,0.7891570329666138
Fishhook,0714,552,561,40.38982067175274,-106.70064225237432,0.8820260167121887
Fishhook,0714,545,479,40.391708969260755,-106.7296891189106,0.645138144493103
Fishhook,0714,478,455,40.40978267398034,-106.73819064082365,0.7721226215362549
Fishhook,0714,532,519,40.395215807489926,-106.71551991572217,0.9566248059272766
Fishhook,0714,502,528,40.40330851109571,-106.71233184500477,0.9098924994468689
Fishhook,0714,507,478,40.40195972716141,-106.7300433489903,0.9714221954345703
Fishhook,0714,502,540,40.40330851109571,-106.70808108404825,0.7683514952659607
Fishhook,0714,520,483,40.39845288893224,-106.72827219859175,0.9457629919052124
Fishhook,0714,540,506,40.39305775319505,-106.72012490675841,0.8976243138313293
Fishhook,0714,552,565,40.38982067175274,-106.69922533205548,0.792564868927002
Fishhook,0714,514,471,40.400071429653394,-106.73252295954828,0.8840304017066956
Fishhook,0714,516,556,40.39953191607968,-106.70241340277288,0.6673218607902527
Fishhook,0714,553,559,40.38955091496588,-106.70135071253374,0.9130069613456726
Fishhook,0714,478,552,40.40978267398034,-106.70383032309172,0.5793886780738831
Fishhook,0714,474,476,40.41086170112778,-106.73075180914972,0.7069106698036194
Fishhook,0714,482,553,40.4087036468329,-106.70347609301201,0.5773820877075195
Fishhook,0714,510,559,40.401150456800835,-106.70135071253374,0.6478908658027649
Fishhook,0714,564,539,40.38658359031042,-106.70843531412795,0.6816772222518921
Fishhook,0714,530,493,40.395755321063646,-106.72472989779465,0.9115378856658936
Fishhook,0714,478,452,40.40978267398034,-106.73925333106278,0.634024977684021
Fishhook,0714,506,535,40.402229483948275,-106.7098522344468,0.8840667605400085
Fishhook,0714,556,550,40.3887416446053,-106.70453878325114,0.9570906162261963
Fishhook,0714,477,536,40.410052430767195,-106.70949800436709,0.6649841666221619
Fishhook,0714,485,546,40.40789437647232,-106.70595570356998,0.5492504835128784
Fishhook,0714,492,502,40.4060060789643,-106.72154182707725,0.9533413052558899
Fishhook,0714,537,554,40.39386702355563,-106.70312186293229,0.915349006652832
Fishhook,0714,479,481,40.40951291719348,-106.72898065875117,0.8882024884223938
Fishhook,0714,560,532,40.38766261745786,-106.71091492468594,0.6919443011283875
Fishhook,0714,523,555,40.397643618571664,-106.70276763285258,0.6717789173126221
Fishhook,0714,537,490,40.39386702355563,-106.72579258803378,0.8637930750846863
Fishhook,0714,480,474,40.40924316040662,-106.73146026930915,0.894404947757721
Fishhook,0714,511,479,40.40088070001398,-106.7296891189106,0.9498028755187988
Fishhook,0714,538,534,40.39359726676877,-106.71020646452651,0.9517449140548706
Fishhook,0714,472,531,40.4114012147015,-106.71126915476565,0.5294026136398315
Fishhook,0714,561,560,40.387392860671,-106.70099648245403,0.8830727934837341
Fishhook,0714,514,538,40.400071429653394,-106.70878954420766,0.9115746021270752
Fishhook,0714,548,550,40.39089969890018,-106.70453878325114,0.9561498761177063
Fishhook,0714,536,498,40.39413678034249,-106.72295874739609,0.902349054813385
Fishhook,0714,554,522,40.38928115817902,-106.71445722548303,0.602100133895874
Fishhook,0714,477,528,40.410052430767195,-106.71233184500477,0.7016896605491638
Fishhook,0714,503,485,40.40303875430885,-106.72756373843234,0.9872251749038696
Fishhook,0714,512,458,40.400610943227115,-106.73712795058452,0.7958317399024963
Fishhook,0714,509,477,40.4014202135877,-106.73039757907002,0.9632128477096558
Fishhook,0714,542,524,40.39251823962133,-106.71374876532361,0.9254965782165527
Fishhook,0714,543,500,40.392248482834475,-106.72225028723668,0.8295484185218811
Fishhook,0714,547,563,40.391169455687034,-106.6999337922149,0.7253672480583191
Fishhook,0714,493,459,40.40573632217745,-106.73677372050481,0.6605178713798523
Fishhook,0714,533,524,40.39494605070307,-106.71374876532361,0.9560306668281555
Fishhook,0714,520,543,40.39845288893224,-106.70701839380911,0.9193077087402344
Fishhook,0714,478,485,40.40978267398034,-106.72756373843234,0.8331034779548645
Fishhook,0714,507,528,40.40195972716141,-106.71233184500477,0.9300811886787415
Fishhook,0714,488,505,40.407085106111744,-106.72047913683812,0.9346044659614563
Fishhook,0714,520,456,40.39845288893224,-106.73783641074394,0.5362429022789001
Fishhook,0714,501,458,40.40357826788257,-106.73712795058452,0.7647451758384705
Fishhook,0714,502,536,40.40330851109571,-106.70949800436709,0.8507537841796875
Fishhook,0714,476,486,40.41032218755406,-106.72720950835262,0.7893885970115662
Fishhook,0714,548,478,40.39089969890018,-106.7300433489903,0.5016651153564453
Fishhook,0714,485,479,40.40789437647232,-106.7296891189106,0.9529147744178772
Fishhook,0714,507,483,40.40195972716141,-106.72827219859175,0.9746729731559753
Fishhook,0714,495,495,40.405196808603726,-106.72402143763523,0.959552526473999
Fishhook,0714,550,548,40.39036018532646,-106.70524724341057,0.9663981199264526
Fishhook,0714,546,556,40.3914392124739,-106.70241340277288,0.9417548775672913
Fishhook,0714,571,559,40.384695292802405,-106.70135071253374,0.5927959084510803
Fishhook,0714,545,526,40.391708969260755,-106.7130403051642,0.9238331913948059
Fishhook,0714,498,487,40.40438753824315,-106.72685527827291,0.9730674624443054
Fishhook,0714,520,464,40.39845288893224,-106.73500257010626,0.8775270581245422
Fishhook,0714,580,536,40.382267481720675,-106.70949800436709,0.5485438108444214
Fishhook,0714,545,475,40.391708969260755,-106.73110603922943,0.6021522283554077
Fishhook,0714,471,480,40.411670971488356,-106.72933488883089,0.5992534756660461
Fishhook,0714,511,527,40.40088070001398,-106.71268607508449,0.953694760799408
Fishhook,0714,494,493,40.40546656539059,-106.72472989779465,0.9559857845306396
Fishhook,0714,561,548,40.387392860671,-106.70524724341057,0.7920504212379456
Fishhook,0714,503,532,40.40303875430885,-106.71091492468594,0.9036509990692139
Fishhook,0714,521,550,40.398183132145384,-106.70453878325114,0.7860126495361328
Fishhook,0714,505,470,40.40249924073513,-106.73287718962798,0.9543449282646179
Fishhook,0714,542,512,40.39251823962133,-106.71799952628014,0.8938449621200562
Fishhook,0714,536,550,40.39413678034249,-106.70453878325114,0.9495931267738342
Fishhook,0714,501,454,40.40357826788257,-106.73854487090335,0.5084739923477173
Fishhook,0714,566,556,40.3860440767367,-106.70241340277288,0.583975076675415
Fishhook,0714,506,474,40.402229483948275,-106.73146026930915,0.9703536629676819
Fishhook,0714,515,469,40.39980167286654,-106.7332314197077,0.8338510990142822
Fishhook,0714,548,531,40.39089969890018,-106.71126915476565,0.9499077796936035
Fishhook,0714,536,484,40.39413678034249,-106.72791796851205,0.7533863186836243
Fishhook,0714,572,531,40.38442553601555,-106.71126915476565,0.5156012773513794
Fishhook,0714,475,479,40.410591944340915,-106.7296891189106,0.7732945680618286
Fishhook,0714,539,549,40.39332750998191,-106.70489301333085,0.9459091424942017
Fishhook,0714,479,532,40.40951291719348,-106.71091492468594,0.6801953315734863
Fishhook,0714,486,478,40.407624619685464,-106.7300433489903,0.949063777923584
Fishhook,0714,502,480,40.40330851109571,-106.72933488883089,0.9726480841636658
Fishhook,0714,503,464,40.40303875430885,-106.73500257010626,0.9363319277763367
Fishhook,0714,546,575,40.3914392124739,-106.69568303125837,0.7664506435394287
Fishhook,0714,553,524,40.38955091496588,-106.71374876532361,0.7859557271003723
Fishhook,0714,506,480,40.402229483948275,-106.72933488883089,0.9744470715522766
Fishhook,0714,556,563,40.3887416446053,-106.6999337922149,0.9006181359291077
Fishhook,0714,575,537,40.38361626565497,-106.70914377428738,0.6282073259353638
Fishhook,0714,474,473,40.41086170112778,-106.73181449938886,0.7376985549926758
Fishhook,0714,548,501,40.39089969890018,-106.72189605715697,0.5318964123725891
Fishhook,0714,479,522,40.40951291719348,-106.71445722548303,0.7039561867713928
Fishhook,0714,530,543,40.395755321063646,-106.70701839380911,0.9436737895011902
Fishhook,0714,548,532,40.39089969890018,-106.71091492468594,0.9544803500175476
Fishhook,0714,537,552,40.39386702355563,-106.70383032309172,0.9335228800773621
Fishhook,0714,534,483,40.394676293916206,-106.72827219859175,0.7902510166168213
Fishhook,0714,556,555,40.3887416446053,-106.70276763285258,0.9360230565071106
Fishhook,0714,549,532,40.390629942113314,-106.71091492468594,0.9494954943656921
Fishhook,0714,541,486,40.392787996408195,-106.72720950835262,0.6679239869117737
Fishhook,0714,546,491,40.3914392124739,-106.72543835795406,0.5625441074371338
Fishhook,0714,486,487,40.407624619685464,-106.72685527827291,0.9526839256286621
Fishhook,0714,540,476,40.39305775319505,-106.73075180914972,0.534089982509613
Fishhook,0714,562,569,40.38712310388414,-106.69780841173664,0.8985005021095276
Fishhook,0714,546,555,40.3914392124739,-106.70276763285258,0.9397010803222656
Fishhook,0714,479,471,40.40951291719348,-106.73252295954828,0.9000914692878723
Fishhook,0714,527,460,40.39656459142422,-106.73641949042509,0.5807486772537231
Fishhook,0714,544,494,40.39197872604761,-106.72437566771494,0.7277085185050964
Fishhook,0714,486,505,40.407624619685464,-106.72047913683812,0.9328440427780151
Fishhook,0714,485,466,40.40789437647232,-106.73429410994683,0.9190828204154968
Fishhook,0714,534,560,40.394676293916206,-106.70099648245403,0.7578479051589966
Fishhook,0714,520,485,40.39845288893224,-106.72756373843234,0.9530132412910461
Fishhook,0714,535,537,40.39440653712935,-106.70914377428738,0.9469006657600403
Fishhook,0714,536,508,40.39413678034249,-106.71941644659898,0.904960036277771
Fishhook,0714,514,544,40.400071429653394,-106.7066641637294,0.7880414128303528
Fishhook,0714,460,554,40.414638296143806,-106.70312186293229,0.5157198905944824
Fishhook,0714,474,487,40.41086170112778,-106.72685527827291,0.6630111932754517
Fishhook,0714,524,466,40.3973738617848,-106.73429410994683,0.800634503364563
Fishhook,0714,502,455,40.40330851109571,-106.73819064082365,0.6756622195243835
Fishhook,0714,496,541,40.40492705181687,-106.70772685396854,0.778654158115387
Fishhook,0714,493,487,40.40573632217745,-106.72685527827291,0.96085125207901
Fishhook,0714,555,530,40.38901140139216,-106.71162338484535,0.7880910038948059
Fishhook,0714,478,514,40.40978267398034,-106.71729106612072,0.6131037473678589
Fishhook,0714,521,486,40.398183132145384,-106.72720950835262,0.9436179995536804
Fishhook,0714,494,475,40.40546656539059,-106.73110603922943,0.9504490494728088
Fishhook,0714,516,478,40.39953191607968,-106.7300433489903,0.9382988214492798
Fishhook,0714,518,544,40.39899240250596,-106.7066641637294,0.8771269917488098
Fishhook,0714,552,522,40.38982067175274,-106.71445722548303,0.7683704495429993
Fishhook,0714,512,459,40.400610943227115,-106.73677372050481,0.8373161554336548
Fishhook,0714,557,558,40.38847188781844,-106.70170494261346,0.914936363697052
Fishhook,0714,467,551,40.412749998635796,-106.70418455317143,0.6043333411216736
Fishhook,0714,507,529,40.40195972716141,-106.71197761492506,0.9169148802757263
Fishhook,0714,511,469,40.40088070001398,-106.7332314197077,0.8585348725318909
Fishhook,0714,553,573,40.38955091496588,-106.6963914914178,0.8398615121841431
Fishhook,0714,548,564,40.39089969890018,-106.69957956213518,0.7564978003501892
Fishhook,0714,497,460,40.404657295030006,-106.73641949042509,0.5062504410743713
Fishhook,0714,472,485,40.4114012147015,-106.72756373843234,0.5219061374664307
Fishhook,0714,546,522,40.3914392124739,-106.71445722548303,0.8932592868804932
Fishhook,0714,553,535,40.38955091496588,-106.7098522344468,0.9638557434082031
Fishhook,0714,552,566,40.38982067175274,-106.69887110197577,0.8016786575317383
Fishhook,0714,529,552,40.3960250778505,-106.70383032309172,0.8725531697273254
Fishhook,0714,504,454,40.402768997521996,-106.73854487090335,0.5660386085510254
Fishhook,0714,545,495,40.391708969260755,-106.72402143763523,0.6587749123573303
Fishhook,0714,536,472,40.39413678034249,-106.73216872946857,0.5727010369300842
Fishhook,0714,505,461,40.40249924073513,-106.73606526034538,0.8823639750480652
Fishhook,0714,493,526,40.40573632217745,-106.7130403051642,0.902349054813385
Fishhook,0714,516,455,40.39953191607968,-106.73819064082365,0.5477761030197144
Fishhook,0714,487,532,40.4073548628986,-106.71091492468594,0.804749071598053
Fishhook,0714,537,495,40.39386702355563,-106.72402143763523,0.902349054813385
Fishhook,0714,505,467,40.40249924073513,-106.73393987986712,0.9570349454879761
Fishhook,0714,552,541,40.38982067175274,-106.70772685396854,0.9725546836853027
Fishhook,0714,473,557,40.411131457914635,-106.70205917269317,0.5215751528739929
Fishhook,0714,547,508,40.391169455687034,-106.71941644659898,0.7532715201377869
Fishhook,0714,535,485,40.39440653712935,-106.72756373843234,0.8241134881973267
Fishhook,0714,494,516,40.40546656539059,-106.7165826059613,0.9490343928337097
Fishhook,0714,476,472,40.41032218755406,-106.73216872946857,0.8579243421554565
Fishhook,0714,498,531,40.40438753824315,-106.71126915476565,0.902349054813385
Fishhook,0714,505,455,40.40249924073513,-106.73819064082365,0.6683072447776794
Fishhook,0714,540,467,40.39305775319505,-106.73393987986712,0.5676299333572388
Fishhook,0714,533,486,40.39494605070307,-106.72720950835262,0.8328462243080139
Fishhook,0714,484,532,40.408164133259184,-106.71091492468594,0.7654815316200256
Fishhook,0714,502,459,40.40330851109571,-106.73677372050481,0.8167570233345032
Fishhook,0714,544,489,40.39197872604761,-106.72614681811349,0.6736088395118713
Fishhook,0714,568,566,40.38550456316299,-106.69887110197577,0.5170741677284241
Fishhook,0714,473,533,40.411131457914635,-106.71056069460622,0.529585063457489
Fishhook,0714,503,496,40.40303875430885,-106.72366720755551,0.9781885743141174
Fishhook,0714,514,560,40.400071429653394,-106.70099648245403,0.6578634977340698
Fishhook,0714,472,483,40.4114012147015,-106.72827219859175,0.5220105051994324
Fishhook,0714,521,558,40.398183132145384,-106.70170494261346,0.662604570388794
Fishhook,0714,495,545,40.405196808603726,-106.70630993364969,0.6960923671722412
Fishhook,0714,577,526,40.38307675208125,-106.7130403051642,0.5283830761909485
Fishhook,0714,526,552,40.39683434821109,-106.70383032309172,0.876606285572052
Fishhook,0714,534,554,40.394676293916206,-106.70312186293229,0.8894881010055542
Fishhook,0714,514,466,40.400071429653394,-106.73429410994683,0.892740786075592
Fishhook,0714,524,487,40.3973738617848,-106.72685527827291,0.9328145980834961
Fishhook,0714,477,483,40.410052430767195,-106.72827219859175,0.8374408483505249
Fishhook,0714,472,559,40.4114012147015,-106.70135071253374,0.5400274991989136
Fishhook,0714,477,503,40.410052430767195,-106.72118759699754,0.5309290289878845
Fishhook,0714,574,530,40.38388602244183,-106.71162338484535,0.6633333563804626
Fishhook,0714,536,485,40.39413678034249,-106.72756373843234,0.781334638595581
Fishhook,0714,518,482,40.39899240250596,-106.72862642867146,0.9526455402374268
Fishhook,0714,528,484,40.39629483463737,-106.72791796851205,0.9130715727806091
Fishhook,0714,528,485,40.39629483463737,-106.72756373843234,0.9168369174003601
Fishhook,0714,541,477,40.392787996408195,-106.73039757907002,0.5110480189323425
Fishhook,0714,526,464,40.39683434821109,-106.73500257010626,0.7074640989303589
Fishhook,0714,482,516,40.4087036468329,-106.7165826059613,0.8762698769569397
Fishhook,0714,561,547,40.387392860671,-106.70560147349028,0.7390148639678955
Fishhook,0714,491,526,40.40627583575117,-106.7130403051642,0.902349054813385
Fishhook,0714,527,459,40.39656459142422,-106.73677372050481,0.581335186958313
Fishhook,0714,463,558,40.41382902578323,-106.70170494261346,0.5847229957580566
Fishhook,0714,537,488,40.39386702355563,-106.7265010481932,0.8027752041816711
Fishhook,0714,474,489,40.41086170112778,-106.72614681811349,0.6710658669471741
Fishhook,0714,537,468,40.39386702355563,-106.73358564978741,0.5810851454734802
Fishhook,0714,482,498,40.4087036468329,-106.72295874739609,0.8847981691360474
Fishhook,0714,471,536,40.411670971488356,-106.70949800436709,0.5118516087532043
Fishhook,0714,534,510,40.394676293916206,-106.71870798643957,0.9134321808815002
Fishhook,0714,481,477,40.40897340361976,-106.73039757907002,0.9177218675613403
Fishhook,0714,562,545,40.38712310388414,-106.70630993364969,0.8122586011886597
Fishhook,0714,514,549,40.400071429653394,-106.70489301333085,0.6899420022964478
Fishhook,0714,548,498,40.39089969890018,-106.72295874739609,0.532973051071167
Fishhook,0714,484,478,40.408164133259184,-106.7300433489903,0.944717288017273
Fishhook,0714,527,470,40.39656459142422,-106.73287718962798,0.727934718132019
Fishhook,0714,563,551,40.386853347097286,-106.70418455317143,0.8055875897407532
Fishhook,0714,496,496,40.40492705181687,-106.72366720755551,0.9534717202186584
Fishhook,0714,490,463,40.40654559253802,-106.73535680018597,0.9046048521995544
Fishhook,0714,542,538,40.39251823962133,-106.70878954420766,0.9474623799324036
Fishhook,0714,536,467,40.39413678034249,-106.73393987986712,0.5846083164215088
Fishhook,0714,541,503,40.392787996408195,-106.72118759699754,0.8886498212814331
Fishhook,0714,555,534,40.38901140139216,-106.71020646452651,0.9417405724525452
Fishhook,0714,532,492,40.395215807489926,-106.72508412787435,0.9079238176345825
Fishhook,0714,543,523,40.392248482834475,-106.71410299540332,0.9232414960861206
Fishhook,0714,480,484,40.40924316040662,-106.72791796851205,0.887301504611969
Fishhook,0714,554,578,40.38928115817902,-106.69462034101925,0.5199325680732727
Fishhook,0714,488,530,40.407085106111744,-106.71162338484535,0.8623070120811462
Fishhook,0714,503,543,40.40303875430885,-106.70701839380911,0.6760815382003784
Fishhook,0714,482,487,40.4087036468329,-106.72685527827291,0.9269831776618958
Fishhook,0714,514,546,40.400071429653394,-106.70595570356998,0.71653813123703
Fishhook,0714,514,472,40.400071429653394,-106.73216872946857,0.9100310802459717
Fishhook,0714,501,479,40.40357826788257,-106.7296891189106,0.9695255756378174
Fishhook,0714,521,482,40.398183132145384,-106.72862642867146,0.924788773059845
Fishhook,0714,549,547,40.390629942113314,-106.70560147349028,0.9614880084991455
Fishhook,0714,489,512,40.40681534932489,-106.71799952628014,0.9427547454833984
Fishhook,0714,491,487,40.40627583575117,-106.72685527827291,0.9616098999977112
Fishhook,0714,541,571,40.392787996408195,-106.69709995157721,0.6305637955665588
Fishhook,0714,557,547,40.38847188781844,-106.70560147349028,0.9416782855987549
Fishhook,0714,487,528,40.4073548628986,-106.71233184500477,0.8765415549278259
Fishhook,0714,516,459,40.39953191607968,-106.73677372050481,0.8529452085494995
Fishhook,0714,531,506,40.39548556427679,-106.72012490675841,0.9172713756561279
Fishhook,0714,529,477,40.3960250778505,-106.73039757907002,0.7933103442192078
Fishhook,0714,483,543,40.40843389004604,-106.70701839380911,0.5561503767967224
Fishhook,0714,502,485,40.40330851109571,-106.72756373843234,0.9847939610481262
Fishhook,0714,495,532,40.405196808603726,-106.71091492468594,0.902349054813385
Fishhook,0714,461,558,40.41436853935695,-106.70170494261346,0.5503221750259399
Fishhook,0714,538,529,40.39359726676877,-106.71197761492506,0.9458723664283752
Fishhook,0714,553,528,40.38955091496588,-106.71233184500477,0.9058754444122314
Fishhook,0714,544,533,40.39197872604761,-106.71056069460622,0.9478288292884827
Fishhook,0714,528,476,40.39629483463737,-106.73075180914972,0.8208428621292114
Fishhook,0714,501,468,40.40357826788257,-106.73358564978741,0.9647343754768372
Fishhook,0714,526,507,40.39683434821109,-106.71977067667869,0.9697010517120361
Fishhook,0714,505,454,40.40249924073513,-106.73854487090335,0.5871987342834473
Fishhook,0714,537,519,40.39386702355563,-106.71551991572217,0.9239139556884766
Fishhook,0714,527,506,40.39656459142422,-106.72012490675841,0.9590663909912109
Fishhook,0714,544,561,40.39197872604761,-106.70064225237432,0.7032335996627808
Fishhook,0714,486,531,40.407624619685464,-106.71126915476565,0.8236092925071716
Fishhook,0714,479,530,40.40951291719348,-106.71162338484535,0.7108484506607056
Fishhook,0714,544,556,40.39197872604761,-106.70241340277288,0.942200779914856
Fishhook,0714,516,470,40.39953191607968,-106.73287718962798,0.85005784034729
Fishhook,0714,542,549,40.39251823962133,-106.70489301333085,0.9337198138237
Fishhook,0714,523,467,40.397643618571664,-106.73393987986712,0.8134585618972778
Fishhook,0714,531,512,40.39548556427679,-106.71799952628014,0.9419264197349548
Fishhook,0714,491,517,40.40627583575117,-106.71622837588158,0.9300892949104309
Fishhook,0714,537,555,40.39386702355563,-106.70276763285258,0.902459979057312
Fishhook,0714,475,530,40.410591944340915,-106.71162338484535,0.643181324005127
Fishhook,0714,544,492,40.39197872604761,-106.72508412787435,0.6866451501846313
Fishhook,0714,484,490,40.408164133259184,-106.72579258803378,0.9306674003601074
Fishhook,0714,556,554,40.3887416446053,-106.70312186293229,0.9434890747070312
Fishhook,0714,519,458,40.3987226457191,-106.73712795058452,0.7291419506072998
Fishhook,0714,534,563,40.394676293916206,-106.6999337922149,0.6104617118835449
Fishhook,0714,516,480,40.39953191607968,-106.72933488883089,0.9477636218070984
Fishhook,0714,541,481,40.392787996408195,-106.72898065875117,0.6249599456787109
Fishhook,0714,528,510,40.39629483463737,-106.71870798643957,0.9621870517730713
Fishhook,0714,496,464,40.40492705181687,-106.73500257010626,0.882583498954773
Fishhook,0714,498,483,40.40438753824315,-106.72827219859175,0.9685701131820679
Fishhook,0714,478,517,40.40978267398034,-106.71622837588158,0.5657017827033997
Fishhook,0714,475,489,40.410591944340915,-106.72614681811349,0.7431328892707825
Fishhook,0714,508,466,40.401689970374555,-106.73429410994683,0.9138813614845276
Fishhook,0714,518,462,40.39899240250596,-106.73571103026568,0.8915874361991882
Fishhook,0714,531,501,40.39548556427679,-106.72189605715697,0.9064709544181824
Fishhook,0714,510,550,40.401150456800835,-106.70453878325114,0.7154688239097595
Fishhook,0714,476,488,40.41032218755406,-106.7265010481932,0.8137528896331787
Fishhook,0714,535,478,40.39440653712935,-106.7300433489903,0.7143452167510986
Fishhook,0714,480,508,40.40924316040662,-106.71941644659898,0.8542634844779968
Fishhook,0714,537,478,40.39386702355563,-106.7300433489903,0.6847305297851562
Fishhook,0714,487,521,40.4073548628986,-106.71481145556275,0.9004128575325012
Fishhook,0714,534,522,40.394676293916206,-106.71445722548303,0.9474047422409058
Fishhook,0714,533,483,40.39494605070307,-106.72827219859175,0.795300304889679
Fishhook,0714,536,506,40.39413678034249,-106.72012490675841,0.902349054813385
Fishhook,0714,482,500,40.4087036468329,-106.72225028723668,0.878180980682373
Fishhook,0714,475,493,40.410591944340915,-106.72472989779465,0.6362747550010681
Fishhook,0714,526,557,40.39683434821109,-106.70205917269317,0.8086156845092773
Fishhook,0714,493,468,40.40573632217745,-106.73358564978741,0.9408563375473022
Fishhook,0714,478,538,40.40978267398034,-106.70878954420766,0.6281737089157104
Fishhook,0714,549,551,40.390629942113314,-106.70418455317143,0.954818844795227
Fishhook,0714,522,546,40.39791337535852,-106.70595570356998,0.8729079365730286
Fishhook,0714,530,495,40.395755321063646,-106.72402143763523,0.9141471982002258
Fishhook,0714,493,479,40.40573632217745,-106.7296891189106,0.9484941959381104
Fishhook,0714,473,476,40.411131457914635,-106.73075180914972,0.6530249714851379
Fishhook,0714,488,518,40.407085106111744,-106.71587414580188,0.9179718494415283
Fishhook,0714,534,495,40.394676293916206,-106.72402143763523,0.9040930867195129
Fishhook,0714,499,541,40.40411778145629,-106.70772685396854,0.7626952528953552
Fishhook,0714,488,514,40.407085106111744,-106.71729106612072,0.9364514350891113
Fishhook,0714,482,499,40.4087036468329,-106.72260451731638,0.8832947015762329
Fishhook,0714,534,550,40.394676293916206,-106.70453878325114,0.9484531283378601
Fishhook,0714,548,519,40.39089969890018,-106.71551991572217,0.8776087164878845
Fishhook,0714,506,463,40.402229483948275,-106.73535680018597,0.9298528432846069
Fishhook,0714,567,541,40.385774319949846,-106.70772685396854,0.5001238584518433
Fishhook,0714,563,565,40.386853347097286,-106.69922533205548,0.8702473044395447
Fishhook,0714,489,517,40.40681534932489,-106.71622837588158,0.9206089377403259
Fishhook,0714,541,523,40.392787996408195,-106.71410299540332,0.9243584871292114
Fishhook,0714,514,553,40.400071429653394,-106.70347609301201,0.5623260140419006
Fishhook,0714,490,535,40.40654559253802,-106.7098522344468,0.8287313580513
Fishhook,0714,504,543,40.402768997521996,-106.70701839380911,0.6716603636741638
Fishhook,0714,534,552,40.394676293916206,-106.70383032309172,0.9355019330978394
Fishhook,0714,488,478,40.407085106111744,-106.7300433489903,0.9473022222518921
Fishhook,0714,529,519,40.3960250778505,-106.71551991572217,0.971552848815918
Fishhook,0714,564,545,40.38658359031042,-106.70630993364969,0.7630606889724731
Fishhook,0714,536,547,40.39413678034249,-106.70560147349028,0.9540461897850037
Fishhook,0714,511,471,40.40088070001398,-106.73252295954828,0.9054433703422546
Fishhook,0714,489,526,40.40681534932489,-106.7130403051642,0.9019094705581665
Fishhook,0714,558,544,40.38820213103158,-106.7066641637294,0.9566139578819275
Fishhook,0714,513,463,40.40034118644026,-106.73535680018597,0.9167385697364807
Fishhook,0714,476,470,40.41032218755406,-106.73287718962798,0.8731899857521057
Fishhook,0714,461,557,40.41436853935695,-106.70205917269317,0.5456029176712036
Fishhook,0714,530,502,40.395755321063646,-106.72154182707725,0.9185170531272888
Fishhook,0714,574,532,40.38388602244183,-106.71091492468594,0.5722007155418396
Fishhook,0714,545,524,40.391708969260755,-106.71374876532361,0.9161444902420044
Fishhook,0714,487,543,40.4073548628986,-106.70701839380911,0.629327654838562
Fishhook,0714,547,501,40.391169455687034,-106.72189605715697,0.6950060129165649
Fishhook,0714,545,536,40.391708969260755,-106.70949800436709,0.9535840153694153
Fishhook,0714,526,503,40.39683434821109,-106.72118759699754,0.9620553255081177
Fishhook,0714,545,491,40.391708969260755,-106.72543835795406,0.6026498079299927
Fishhook,0714,533,501,40.39494605070307,-106.72189605715697,0.902349054813385
Fishhook,0714,543,538,40.392248482834475,-106.70878954420766,0.9529166221618652
Fishhook,0714,555,577,40.38901140139216,-106.69497457109895,0.6654370427131653
Fishhook,0714,489,471,40.40681534932489,-106.73252295954828,0.9359540343284607
Fishhook,0714,524,559,40.3973738617848,-106.70135071253374,0.6087817549705505
Fishhook,0714,545,554,40.391708969260755,-106.70312186293229,0.9391720294952393
Fishhook,0714,477,455,40.410052430767195,-106.73819064082365,0.7835072875022888
Fishhook,0714,569,538,40.385234806376126,-106.70878954420766,0.5400288105010986
Fishhook,0714,494,522,40.40546656539059,-106.71445722548303,0.9148565530776978
Fishhook,0714,542,539,40.39251823962133,-106.70843531412795,0.9504740834236145
Fishhook,0714,533,506,40.39494605070307,-106.72012490675841,0.9074093103408813
Fishhook,0714,504,464,40.402768997521996,-106.73500257010626,0.9307737350463867
Fishhook,0714,480,476,40.40924316040662,-106.73075180914972,0.8990045189857483
Fishhook,0714,521,544,40.398183132145384,-106.7066641637294,0.8933667540550232
Fishhook,0714,503,546,40.40303875430885,-106.70595570356998,0.5119587779045105
Fishhook,0714,479,496,40.40951291719348,-106.72366720755551,0.7677997350692749
Fishhook,0714,475,528,40.410591944340915,-106.71233184500477,0.622381865978241
Fishhook,0714,499,528,40.40411778145629,-106.71233184500477,0.9108750820159912
Fishhook,0714,544,511,40.39197872604761,-106.71835375635986,0.8848636150360107
Fishhook,0714,512,461,40.400610943227115,-106.73606526034538,0.8504981994628906
Fishhook,0714,547,515,40.391169455687034,-106.71693683604101,0.8685453534126282
Fishhook,0714,508,521,40.401689970374555,-106.71481145556275,0.9639558792114258
Fishhook,0714,468,555,40.41248024184893,-106.70276763285258,0.6226296424865723
Fishhook,0714,563,554,40.386853347097286,-106.70312186293229,0.7972773909568787
Fishhook,0714,540,550,40.39305775319505,-106.70453878325114,0.9505088329315186
Fishhook,0714,575,527,40.38361626565497,-106.71268607508449,0.6012706160545349
Fishhook,0714,506,492,40.402229483948275,-106.72508412787435,0.9835090041160583
Fishhook,0714,510,479,40.401150456800835,-106.7296891189106,0.9579166769981384
Fishhook,0714,538,539,40.39359726676877,-106.70843531412795,0.949397087097168
Fishhook,0714,515,539,40.39980167286654,-106.70843531412795,0.914652407169342
Fishhook,0714,533,556,40.39494605070307,-106.70241340277288,0.8207023739814758
Fishhook,0714,492,538,40.4060060789643,-106.70878954420766,0.847704291343689
Fishhook,0714,508,491,40.401689970374555,-106.72543835795406,0.9787245988845825
Fishhook,0714,541,566,40.392787996408195,-106.69887110197577,0.5473259091377258
Fishhook,0714,532,480,40.395215807489926,-106.72933488883089,0.7777382731437683
Fishhook,0714,542,574,40.39251823962133,-106.69603726133809,0.6449998021125793
Fishhook,0714,495,550,40.405196808603726,-106.70453878325114,0.5041710138320923
Fishhook,0714,496,536,40.40492705181687,-106.70949800436709,0.8754104971885681
Fishhook,0714,482,460,40.4087036468329,-106.73641949042509,0.7994195818901062
Fishhook,0714,547,542,40.391169455687034,-106.70737262388883,0.9593808054924011
Fishhook,0714,535,550,40.39440653712935,-106.70453878325114,0.9420602321624756
Fishhook,0714,560,541,40.38766261745786,-106.70772685396854,0.899317741394043
Fishhook,0714,485,500,40.40789437647232,-106.72225028723668,0.9189722537994385
Fishhook,0714,491,531,40.40627583575117,-106.71126915476565,0.8813604712486267
Fishhook,0714,479,475,40.40951291719348,-106.73110603922943,0.8836677670478821
Fishhook,0714,481,480,40.40897340361976,-106.72933488883089,0.9303324818611145
Fishhook,0714,525,515,40.39710410499794,-106.71693683604101,0.9713468551635742
Fishhook,0714,527,554,40.39656459142422,-106.70312186293229,0.8340287208557129
Fishhook,0714,545,492,40.391708969260755,-106.72508412787435,0.6158133745193481
Fishhook,0714,547,527,40.391169455687034,-106.71268607508449,0.9273217916488647
Fishhook,0714,541,535,40.392787996408195,-106.7098522344468,0.9401604533195496
Fishhook,0714,560,548,40.38766261745786,-106.70524724341057,0.8292269706726074
Fishhook,0714,509,535,40.4014202135877,-106.7098522344468,0.906021773815155
Fishhook,0714,485,464,40.40789437647232,-106.73500257010626,0.9192981123924255
Fishhook,0714,498,481,40.40438753824315,-106.72898065875117,0.9554486274719238
Fishhook,0714,509,474,40.4014202135877,-106.73146026930915,0.953542172908783
Fishhook,0714,571,558,40.384695292802405,-106.70170494261346,0.5856138467788696
Fishhook,0714,480,469,40.40924316040662,-106.7332314197077,0.8975224494934082
Fishhook,0714,530,481,40.395755321063646,-106.72898065875117,0.8057839870452881
Fishhook,0714,519,478,40.3987226457191,-106.7300433489903,0.9297374486923218
Fishhook,0714,507,480,40.40195972716141,-106.72933488883089,0.9700441360473633
Fishhook,0714,499,463,40.40411778145629,-106.73535680018597,0.9176849722862244
Fishhook,0714,488,488,40.407085106111744,-106.7265010481932,0.9538297653198242
Fishhook,0714,534,501,40.394676293916206,-106.72189605715697,0.902349054813385
Fishhook,0714,552,549,40.38982067175274,-106.70489301333085,0.9692790508270264
Fishhook,0714,548,540,40.39089969890018,-106.70808108404825,0.9616715312004089
Fishhook,0714,483,527,40.40843389004604,-106.71268607508449,0.7966669797897339
Fishhook,0714,479,453,40.40951291719348,-106.73889910098308,0.6259052157402039
Fishhook,0714,526,540,40.39683434821109,-106.70808108404825,0.9374271631240845
Fishhook,0714,568,542,40.38550456316299,-106.70737262388883,0.5090850591659546
Fishhook,0714,524,475,40.3973738617848,-106.73110603922943,0.8918538689613342
Fishhook,0714,518,464,40.39899240250596,-106.73500257010626,0.8967106938362122
Fishhook,0714,508,542,40.401689970374555,-106.70737262388883,0.8341460824012756
Fishhook,0714,480,539,40.40924316040662,-106.70843531412795,0.5680691599845886
Fishhook,0714,563,541,40.386853347097286,-106.70772685396854,0.7872622609138489
Fishhook,0714,516,541,40.39953191607968,-106.70772685396854,0.918792724609375
Fishhook,0714,488,491,40.407085106111744,-106.72543835795406,0.9461403489112854
Fishhook,0714,476,471,40.41032218755406,-106.73252295954828,0.8649408221244812
Fishhook,0714,541,484,40.392787996408195,-106.72791796851205,0.6514161825180054
Fishhook,0714,543,571,40.392248482834475,-106.69709995157721,0.6778844594955444
Fishhook,0714,533,528,40.39494605070307,-106.71233184500477,0.9616950154304504
Fishhook,0714,552,569,40.38982067175274,-106.69780841173664,0.8264022469520569
Fishhook,0714,489,541,40.40681534932489,-106.70772685396854,0.719234824180603
Fishhook,0714,542,510,40.39251823962133,-106.71870798643957,0.8927438259124756
Fishhook,0714,495,526,40.405196808603726,-106.7130403051642,0.9030061960220337
Fishhook,0714,513,555,40.40034118644026,-106.70276763285258,0.6287956237792969
Fishhook,0714,527,490,40.39656459142422,-106.72579258803378,0.9264450669288635
Fishhook,0714,492,457,40.4060060789643,-106.73748218066423,0.5856660604476929
Fishhook,0714,562,536,40.38712310388414,-106.70949800436709,0.9008893966674805
Fishhook,0714,521,494,40.398183132145384,-106.72437566771494,0.9776787757873535
Fishhook,0714,550,555,40.39036018532646,-106.70276763285258,0.9475577473640442
Fishhook,0714,498,544,40.40438753824315,-106.7066641637294,0.6669960021972656
Fishhook,0714,510,476,40.401150456800835,-106.73075180914972,0.9524104595184326
Fishhook,0714,521,470,40.398183132145384,-106.73287718962798,0.8597663640975952
Fishhook,0714,514,550,40.400071429653394,-106.70453878325114,0.6547507047653198
Fishhook,0714,547,571,40.391169455687034,-106.69709995157721,0.8075405955314636
Fishhook,0714,491,458,40.40627583575117,-106.73712795058452,0.6442540884017944
Fishhook,0714,563,566,40.386853347097286,-106.69887110197577,0.8573765754699707
Fishhook,0714,547,538,40.391169455687034,-106.70878954420766,0.9559803605079651
Fishhook,0714,548,544,40.39089969890018,-106.7066641637294,0.966803252696991
Fishhook,0714,499,466,40.40411778145629,-106.73429410994683,0.9600573182106018
Fishhook,0714,526,513,40.39683434821109,-106.71764529620043,0.9737526774406433
Fishhook,0714,508,459,40.401689970374555,-106.73677372050481,0.8840652108192444
Fishhook,0714,539,521,40.39332750998191,-106.71481145556275,0.9205489754676819
Fishhook,0714,506,484,40.402229483948275,-106.72791796851205,0.9785049557685852
Fishhook,0714,530,551,40.395755321063646,-106.70418455317143,0.9245104789733887
Fishhook,0714,521,496,40.398183132145384,-106.72366720755551,0.9725764989852905
Fishhook,0714,560,547,40.38766261745786,-106.70560147349028,0.8137713074684143
Fishhook,0714,517,477,40.39926215929282,-106.73039757907002,0.9433085322380066
Fishhook,0714,578,534,40.382806995294395,-106.71020646452651,0.6230202913284302
Fishhook,0714,503,531,40.40303875430885,-106.71126915476565,0.9040781855583191
Fishhook,0714,555,527,40.38901140139216,-106.71268607508449,0.7838122248649597
Fishhook,0714,520,458,40.39845288893224,-106.73712795058452,0.7032936811447144
Fishhook,0714,519,485,40.3987226457191,-106.72756373843234,0.9618542790412903
Fishhook,0714,545,546,40.391708969260755,-106.70595570356998,0.9539305567741394
Fishhook,0714,535,520,40.39440653712935,-106.71516568564246,0.9405467510223389
Fishhook,0714,545,566,40.391708969260755,-106.69887110197577,0.6075575947761536
Fishhook,0714,543,472,40.392248482834475,-106.73216872946857,0.6457185745239258
Fishhook,0714,521,451,40.398183132145384,-106.73960756114249,0.5204845666885376
Fishhook,0714,479,533,40.40951291719348,-106.71056069460622,0.6345556974411011
Fishhook,0714,513,542,40.40034118644026,-106.70737262388883,0.8309472799301147
Fishhook,0714,539,512,40.39332750998191,-106.71799952628014,0.902349054813385
Fishhook,0714,563,556,40.386853347097286,-106.70241340277288,0.7868555784225464
Fishhook,0714,519,550,40.3987226457191,-106.70453878325114,0.7545603513717651
Fishhook,0714,573,526,40.38415577922869,-106.7130403051642,0.5941563248634338
Fishhook,0714,538,530,40.39359726676877,-106.71162338484535,0.9463297724723816
Fishhook,0714,490,499,40.40654559253802,-106.72260451731638,0.9525740146636963
Fishhook,0714,509,551,40.4014202135877,-106.70418455317143,0.6008334755897522
Fishhook,0714,565,556,40.386313833523566,-106.70241340277288,0.6269224286079407
Fishhook,0714,540,534,40.39305775319505,-106.71020646452651,0.9486420750617981
Fishhook,0714,520,466,40.39845288893224,-106.73429410994683,0.883518636226654
Fishhook,0714,548,523,40.39089969890018,-106.71410299540332,0.8932575583457947
Fishhook,0714,469,561,40.412210485062076,-106.70064225237432,0.5518057346343994
Fishhook,0714,550,566,40.39036018532646,-106.69887110197577,0.8009589910507202
Fishhook,0714,496,462,40.40492705181687,-106.73571103026568,0.7707504034042358
Fishhook,0714,492,475,40.4060060789643,-106.73110603922943,0.9473980069160461
Fishhook,0714,478,528,40.40978267398034,-106.71233184500477,0.7331869006156921
Fishhook,0714,504,530,40.402768997521996,-106.71162338484535,0.9027470946311951
Fishhook,0714,545,477,40.391708969260755,-106.73039757907002,0.6758862733840942
Fishhook,0714,544,482,40.39197872604761,-106.72862642867146,0.7118319869041443
Fishhook,0714,524,481,40.3973738617848,-106.72898065875117,0.9124374985694885
Fishhook,0714,529,505,40.3960250778505,-106.72047913683812,0.939559817314148
Fishhook,0714,524,459,40.3973738617848,-106.73677372050481,0.6445190906524658
Fishhook,0714,497,493,40.404657295030006,-106.72472989779465,0.9602885246276855
Fishhook,0714,523,499,40.397643618571664,-106.72260451731638,0.9776906967163086
Fishhook,0714,538,545,40.39359726676877,-106.70630993364969,0.9543144702911377
Fishhook,0714,543,528,40.392248482834475,-106.71233184500477,0.9380427002906799
Fishhook,0714,496,490,40.40492705181687,-106.72579258803378,0.9613874554634094
Fishhook,0714,581,538,40.38199772493381,-106.70878954420766,0.5098337531089783
Fishhook,0714,538,560,40.39359726676877,-106.70099648245403,0.7798015475273132
Fishhook,0714,486,510,40.407624619685464,-106.71870798643957,0.9372393488883972
Fishhook,0714,461,554,40.41436853935695,-106.70312186293229,0.5559527277946472
Fishhook,0714,482,511,40.4087036468329,-106.71835375635986,0.9024178981781006
Fishhook,0714,544,526,40.39197872604761,-106.7130403051642,0.9288721084594727
Fishhook,0714,552,556,40.38982067175274,-106.70241340277288,0.953494131565094
Fishhook,0714,520,482,40.39845288893224,-106.72862642867146,0.9325222373008728
Fishhook,0714,581,530,40.38199772493381,-106.71162338484535,0.59884113073349
Fishhook,0714,504,483,40.402768997521996,-106.72827219859175,0.9864060282707214
Fishhook,0714,534,519,40.394676293916206,-106.71551991572217,0.9383184313774109
Fishhook,0714,540,512,40.39305775319505,-106.71799952628014,0.902349054813385
Fishhook,0714,507,534,40.40195972716141,-106.71020646452651,0.9025712013244629
Fishhook,0714,530,506,40.395755321063646,-106.72012490675841,0.9259787201881409
Fishhook,0714,536,564,40.39413678034249,-106.69957956213518,0.6473638415336609
Fishhook,0714,535,477,40.39440653712935,-106.73039757907002,0.716127872467041
Fishhook,0714,547,510,40.391169455687034,-106.71870798643957,0.806157112121582
Fishhook,0714,525,510,40.39710410499794,-106.71870798643957,0.9728514552116394
Fishhook,0714,515,471,40.39980167286654,-106.73252295954828,0.8826434016227722
Fishhook,0714,535,488,40.39440653712935,-106.7265010481932,0.8669022917747498
Fishhook,0714,493,522,40.40573632217745,-106.71445722548303,0.9118943214416504
Fishhook,0714,569,557,40.385234806376126,-106.70205917269317,0.5544285178184509
Fishhook,0714,536,565,40.39413678034249,-106.69922533205548,0.5372523069381714
Fishhook,0714,541,576,40.392787996408195,-106.69532880117866,0.5983272790908813
Fishhook,0714,525,485,40.39710410499794,-106.72756373843234,0.9255307912826538
Fishhook,0714,567,565,40.385774319949846,-106.69922533205548,0.6322829723358154
Fishhook,0714,505,471,40.40249924073513,-106.73252295954828,0.9601032733917236
Fishhook,0714,498,540,40.40438753824315,-106.70808108404825,0.7879443168640137
Fishhook,0714,558,561,40.38820213103158,-106.70064225237432,0.9181668758392334
Fishhook,0714,509,458,40.4014202135877,-106.73712795058452,0.8292425870895386
Fishhook,0714,544,512,40.39197872604761,-106.71799952628014,0.8838799595832825
Fishhook,0714,542,576,40.39251823962133,-106.69532880117866,0.6434547305107117
Fishhook,0714,508,480,40.401689970374555,-106.72933488883089,0.9683263897895813
Fishhook,0714,537,493,40.39386702355563,-106.72472989779465,0.902349054813385
Fishhook,0714,474,553,40.41086170112778,-106.70347609301201,0.6405220031738281
Fishhook,0714,476,462,40.41032218755406,-106.73571103026568,0.8261746168136597
Fishhook,0714,533,473,40.39494605070307,-106.73181449938886,0.6607834696769714
Fishhook,0714,538,516,40.39359726676877,-106.7165826059613,0.9109747409820557
Fishhook,0714,524,486,40.3973738617848,-106.72720950835262,0.9269810318946838
Fishhook,0714,562,527,40.38712310388414,-106.71268607508449,0.5262104272842407
Fishhook,0714,538,525,40.39359726676877,-106.7133945352439,0.9282755255699158
Fishhook,0714,564,558,40.38658359031042,-106.70170494261346,0.8236736059188843
Fishhook,0714,529,486,40.3960250778505,-106.72720950835262,0.910984218120575
Fishhook,0714,509,463,40.4014202135877,-106.73535680018597,0.921044111251831
Fishhook,0714,479,500,40.40951291719348,-106.72225028723668,0.6531878709793091
Fishhook,0714,477,468,40.410052430767195,-106.73358564978741,0.8569364547729492
Fishhook,0714,511,474,40.40088070001398,-106.73146026930915,0.9436935782432556
Fishhook,0714,473,561,40.411131457914635,-106.70064225237432,0.507666826248169
Fishhook,0714,530,593,40.395755321063646,-106.68930688982358,0.504655122756958
Fishhook,0714,538,575,40.39359726676877,-106.69568303125837,0.5152621865272522
Fishhook,0714,518,547,40.39899240250596,-106.70560147349028,0.8274328708648682
Fishhook,0714,530,496,40.395755321063646,-106.72366720755551,0.909423291683197
Fishhook,0714,543,526,40.392248482834475,-106.7130403051642,0.9272916316986084
Fishhook,0714,557,540,40.38847188781844,-106.70808108404825,0.9556047320365906
Fishhook,0714,486,454,40.407624619685464,-106.73854487090335,0.6251556873321533
Fishhook,0714,543,548,40.392248482834475,-106.70524724341057,0.949120283126831
Fishhook,0714,488,507,40.407085106111744,-106.71977067667869,0.9401422739028931
Fishhook,0714,562,548,40.38712310388414,-106.70524724341057,0.7937955260276794
Fishhook,0714,487,472,40.4073548628986,-106.73216872946857,0.9343416690826416
Fishhook,0714,556,562,40.3887416446053,-106.70028802229461,0.911001980304718
Fishhook,0714,542,511,40.39251823962133,-106.71835375635986,0.8921288847923279
Fishhook,0714,490,513,40.40654559253802,-106.71764529620043,0.9441194534301758
Fishhook,0714,515,477,40.39980167286654,-106.73039757907002,0.941003143787384
Fishhook,0714,557,577,40.38847188781844,-106.69497457109895,0.6734064817428589
Fishhook,0714,473,479,40.411131457914635,-106.7296891189106,0.6624466776847839
Fishhook,0714,512,541,40.400610943227115,-106.70772685396854,0.8516249060630798
Fishhook,0714,526,478,40.39683434821109,-106.7300433489903,0.8767378330230713
Fishhook,0714,557,538,40.38847188781844,-106.70878954420766,0.942319929599762
Fishhook,0714,564,572,40.38658359031042,-106.6967457214975,0.8434311151504517
Fishhook,0714,562,539,40.38712310388414,-106.70843531412795,0.8210126161575317
Fishhook,0714,544,507,40.39197872604761,-106.71977067667869,0.8063822984695435
Fishhook,0714,554,568,40.38928115817902,-106.69816264181635,0.887412965297699
Fishhook,0714,509,542,40.4014202135877,-106.70737262388883,0.8255260586738586
Fishhook,0714,475,461,40.410591944340915,-106.73606526034538,0.7128004431724548
Fishhook,0714,521,549,40.398183132145384,-106.70489301333085,0.8079582452774048
Fishhook,0714,544,506,40.39197872604761,-106.72012490675841,0.8033567070960999
Fishhook,0714,483,520,40.40843389004604,-106.71516568564246,0.8588221669197083
Fishhook,0714,476,535,40.41032218755406,-106.7098522344468,0.6257274746894836
Fishhook,0714,535,491,40.39440653712935,-106.72543835795406,0.907133162021637
Fishhook,0714,542,522,40.39251823962133,-106.71445722548303,0.9222205281257629
Fishhook,0714,542,543,40.39251823962133,-106.70701839380911,0.9495596885681152
Fishhook,0714,504,484,40.402768997521996,-106.72791796851205,0.9876953959465027
Fishhook,0714,545,538,40.391708969260755,-106.70878954420766,0.9559279084205627
Fishhook,0714,490,470,40.40654559253802,-106.73287718962798,0.9389998912811279
Fishhook,0714,483,484,40.40843389004604,-106.72791796851205,0.9267203211784363
Fishhook,0714,532,481,40.395215807489926,-106.72898065875117,0.7876673340797424
Fishhook,0714,541,556,40.392787996408195,-106.70241340277288,0.9056419134140015
Fishhook,0714,495,496,40.405196808603726,-106.72366720755551,0.9562863707542419
Fishhook,0714,491,524,40.40627583575117,-106.71374876532361,0.902349054813385
Fishhook,0714,485,496,40.40789437647232,-106.72366720755551,0.9256291389465332
Fishhook,0714,522,549,40.39791337535852,-106.70489301333085,0.8405340313911438
Fishhook,0714,566,557,40.3860440767367,-106.70205917269317,0.5411809682846069
Fishhook,0714,524,505,40.3973738617848,-106.72047913683812,0.9761143922805786
Fishhook,0714,517,469,40.39926215929282,-106.7332314197077,0.8416275382041931
Fishhook,0714,538,521,40.39359726676877,-106.71481145556275,0.9221909642219543
Fishhook,0714,578,527,40.382806995294395,-106.71268607508449,0.5536966323852539
Fishhook,0714,507,471,40.40195972716141,-106.73252295954828,0.9497182369232178
Fishhook,0714,569,534,40.385234806376126,-106.71020646452651,0.5196626782417297
Fishhook,0714,504,466,40.402768997521996,-106.73429410994683,0.9601806998252869
Fishhook,0714,527,494,40.39656459142422,-106.72437566771494,0.9258962273597717
Fishhook,0714,563,532,40.386853347097286,-106.71091492468594,0.500152587890625
Fishhook,0714,525,470,40.39710410499794,-106.73287718962798,0.7876670360565186
Fishhook,0714,479,519,40.40951291719348,-106.71551991572217,0.7256438136100769
Fishhook,0714,489,514,40.40681534932489,-106.71729106612072,0.9373381733894348
Fishhook,0714,550,519,40.39036018532646,-106.71551991572217,0.7826550602912903
Fishhook,0714,503,540,40.40303875430885,-106.70808108404825,0.7732391953468323
Fishhook,0714,516,537,40.39953191607968,-106.70914377428738,0.9289741516113281
Fishhook,0714,537,503,40.39386702355563,-106.72118759699754,0.902349054813385
Fishhook,0714,464,559,40.41355926899637,-106.70135071253374,0.6342688202857971
Fishhook,0714,581,533,40.38199772493381,-106.71056069460622,0.547704815864563
Fishhook,0714,491,463,40.40627583575117,-106.73535680018597,0.9245065450668335
Fishhook,0714,476,487,40.41032218755406,-106.72685527827291,0.8043457865715027
Fishhook,0714,478,526,40.40978267398034,-106.7130403051642,0.6203251481056213
Fishhook,0714,559,550,40.38793237424472,-106.70453878325114,0.9033026099205017
Fishhook,0714,541,567,40.392787996408195,-106.69851687189606,0.5634878873825073
Fishhook,0714,475,482,40.410591944340915,-106.72862642867146,0.7349564433097839
Fishhook,0714,491,540,40.40627583575117,-106.70808108404825,0.8341041207313538
Fishhook,0714,544,575,40.39197872604761,-106.69568303125837,0.6533061861991882
Fishhook,0714,467,557,40.412749998635796,-106.70205917269317,0.6295149922370911
Fishhook,0714,491,543,40.40627583575117,-106.70701839380911,0.7499095797538757
Fishhook,0714,526,555,40.39683434821109,-106.70276763285258,0.8361385464668274
Fishhook,0714,485,507,40.40789437647232,-106.71977067667869,0.9338322281837463
Fishhook,0714,554,553,40.38928115817902,-106.70347609301201,0.9618460536003113
Fishhook,0714,533,563,40.39494605070307,-106.6999337922149,0.5888561606407166
Fishhook,0714,559,567,40.38793237424472,-106.69851687189606,0.8805690407752991
Fishhook,0714,501,498,40.40357826788257,-106.72295874739609,0.976839005947113
Fishhook,0714,538,496,40.39359726676877,-106.72366720755551,0.902349054813385
Fishhook,0714,485,469,40.40789437647232,-106.7332314197077,0.9338932633399963
Fishhook,0714,522,455,40.39791337535852,-106.73819064082365,0.5288463830947876
Fishhook,0714,477,482,40.410052430767195,-106.72862642867146,0.8510525822639465
Fishhook,0714,533,531,40.39494605070307,-106.71126915476565,0.9602522850036621
Fishhook,0714,489,473,40.40681534932489,-106.73181449938886,0.932174563407898
Fishhook,0714,513,479,40.40034118644026,-106.7296891189106,0.9445493221282959
Fishhook,0714,549,525,40.390629942113314,-106.7133945352439,0.8940129280090332
Fishhook,0714,543,485,40.392248482834475,-106.72756373843234,0.6961824297904968
Fishhook,0714,533,477,40.39494605070307,-106.73039757907002,0.7097200751304626
Fishhook,0714,528,459,40.39629483463737,-106.73677372050481,0.5164451003074646
Fishhook,0714,544,474,40.39197872604761,-106.73146026930915,0.6452422738075256
Fishhook,0714,547,525,40.391169455687034,-106.7133945352439,0.9071080088615417
Fishhook,0714,543,502,40.392248482834475,-106.72154182707725,0.8171958923339844
Fishhook,0714,522,548,40.39791337535852,-106.70524724341057,0.8573811650276184
Fishhook,0714,560,560,40.38766261745786,-106.70099648245403,0.9005899429321289
Fishhook,0714,531,472,40.39548556427679,-106.73216872946857,0.6431518197059631
Fishhook,0714,545,544,40.391708969260755,-106.7066641637294,0.9589098691940308
Fishhook,0714,568,555,40.38550456316299,-106.70276763285258,0.5211450457572937
Fishhook,0714,567,550,40.385774319949846,-106.70453878325114,0.5669213533401489
Fishhook,0714,469,554,40.412210485062076,-106.70312186293229,0.6378260254859924
Fishhook,0714,478,469,40.40978267398034,-106.7332314197077,0.8794928789138794
Fishhook,0714,532,517,40.395215807489926,-106.71622837588158,0.9489817023277283
Fishhook,0714,566,538,40.3860440767367,-106.70878954420766,0.5359255075454712
Fishhook,0714,528,461,40.39629483463737,-106.73606526034538,0.5237393975257874
Fishhook,0714,515,556,40.39980167286654,-106.70241340277288,0.6539250016212463
Fishhook,0714,489,461,40.40681534932489,-106.73606526034538,0.8044334053993225
Fishhook,0714,479,463,40.40951291719348,-106.73535680018597,0.8387258052825928
Fishhook,0714,480,503,40.40924316040662,-106.72118759699754,0.7975142002105713
Fishhook,0714,524,482,40.3973738617848,-106.72862642867146,0.9125471115112305
Fishhook,0714,522,490,40.39791337535852,-106.72579258803378,0.9519869685173035
Fishhook,0714,518,475,40.39899240250596,-106.73110603922943,0.932208240032196
Fishhook,0714,546,482,40.3914392124739,-106.72862642867146,0.6646906733512878
Fishhook,0714,541,496,40.392787996408195,-106.72366720755551,0.8669082522392273
Fishhook,0714,503,463,40.40303875430885,-106.73535680018597,0.9361597299575806
Fishhook,0714,496,476,40.40492705181687,-106.73075180914972,0.9542179107666016
Fishhook,0714,501,493,40.40357826788257,-106.72472989779465,0.9762016534805298
Fishhook,0714,470,557,40.41194072827521,-106.70205917269317,0.532674252986908
Fishhook,0714,557,578,40.38847188781844,-106.69462034101925,0.6076698899269104
Fishhook,0714,552,562,40.38982067175274,-106.70028802229461,0.8198003768920898
Fishhook,0714,563,557,40.386853347097286,-106.70205917269317,0.8186124563217163
Fishhook,0714,528,489,40.39629483463737,-106.72614681811349,0.91534423828125
Fishhook,0714,567,542,40.385774319949846,-106.70737262388883,0.5037174224853516
Fishhook,0714,532,473,40.395215807489926,-106.73181449938886,0.6943169236183167
Fishhook,0714,509,547,40.4014202135877,-106.70560147349028,0.6399009823799133
Fishhook,0714,498,465,40.40438753824315,-106.73464834002654,0.9064677953720093
Fishhook,0714,505,462,40.40249924073513,-106.73571103026568,0.9126336574554443
Fishhook,0714,526,479,40.39683434821109,-106.7296891189106,0.9004030823707581
Fishhook,0714,544,509,40.39197872604761,-106.71906221651928,0.8514816761016846
Fishhook,0714,487,497,40.4073548628986,-106.7233129774758,0.9319323301315308
Fishhook,0714,537,558,40.39386702355563,-106.70170494261346,0.8281040191650391
Fishhook,0714,556,529,40.3887416446053,-106.71197761492506,0.8571999669075012
Fishhook,0714,499,538,40.40411778145629,-106.70878954420766,0.8239829540252686
Fishhook,0714,476,531,40.41032218755406,-106.71126915476565,0.6840397119522095
Fishhook,0714,495,470,40.405196808603726,-106.73287718962798,0.948439359664917
Fishhook,0714,543,567,40.392248482834475,-106.69851687189606,0.6107452511787415
Fishhook,0714,535,508,40.39440653712935,-106.71941644659898,0.9076738357543945
Fishhook,0714,501,491,40.40357826788257,-106.72543835795406,0.9812101721763611
Fishhook,0714,543,477,40.392248482834475,-106.73039757907002,0.6943629384040833
Fishhook,0714,561,553,40.387392860671,-106.70347609301201,0.8166319131851196
Fishhook,0714,541,557,40.392787996408195,-106.70205917269317,0.8870180249214172
Fishhook,0714,510,535,40.401150456800835,-106.7098522344468,0.9066601395606995
Fishhook,0714,482,541,40.4087036468329,-106.70772685396854,0.5192074775695801
Fishhook,0714,482,477,40.4087036468329,-106.73039757907002,0.9225932955741882
Fishhook,0714,479,505,40.40951291719348,-106.72047913683812,0.7535861134529114
Fishhook,0714,497,498,40.404657295030006,-106.72295874739609,0.9597590565681458
Fishhook,0714,481,468,40.40897340361976,-106.73358564978741,0.8856534957885742
Fishhook,0714,505,529,40.40249924073513,-106.71197761492506,0.906114399433136
Fishhook,0714,499,536,40.40411778145629,-106.70949800436709,0.8611211776733398
Fishhook,0714,539,473,40.39332750998191,-106.73181449938886,0.6282919049263
Fishhook,0714,528,478,40.39629483463737,-106.7300433489903,0.8528663516044617
Fishhook,0714,486,525,40.407624619685464,-106.7133945352439,0.8622487187385559
Fishhook,0714,496,467,40.40492705181687,-106.73393987986712,0.9576844573020935
Fishhook,0714,571,536,40.384695292802405,-106.70949800436709,0.5256285071372986
Fishhook,0714,477,474,40.410052430767195,-106.73146026930915,0.8721795678138733
Fishhook,0714,506,465,40.402229483948275,-106.73464834002654,0.9250261783599854
Fishhook,0714,548,539,40.39089969890018,-106.70843531412795,0.9609150290489197
Fishhook,0714,479,495,40.40951291719348,-106.72402143763523,0.7929562926292419
Fishhook,0714,561,559,40.387392860671,-106.70135071253374,0.8687684535980225
Fishhook,0714,557,528,40.38847188781844,-106.71233184500477,0.8017122745513916
Fishhook,0714,528,545,40.39629483463737,-106.70630993364969,0.9324699640274048
Fishhook,0714,512,532,40.400610943227115,-106.71091492468594,0.9260111451148987
Fishhook,0714,496,489,40.40492705181687,-106.72614681811349,0.9567903280258179
Fishhook,0714,498,496,40.40438753824315,-106.72366720755551,0.9593511819839478
Fishhook,0714,515,532,40.39980167286654,-106.71091492468594,0.9524146914482117
Fishhook,0714,535,555,40.39440653712935,-106.70276763285258,0.8841232657432556
Fishhook,0714,517,484,40.39926215929282,-106.72791796851205,0.9701070189476013
Fishhook,0714,517,460,40.39926215929282,-106.73641949042509,0.8748713135719299
Fishhook,0714,571,561,40.384695292802405,-106.70064225237432,0.5107924938201904
Fishhook,0714,490,536,40.40654559253802,-106.70949800436709,0.8324777483940125
Fishhook,0714,531,477,40.39548556427679,-106.73039757907002,0.7661493420600891
Fishhook,0714,489,544,40.40681534932489,-106.7066641637294,0.6900418400764465
Fishhook,0714,533,497,40.39494605070307,-106.7233129774758,0.9054303169250488
Fishhook,0714,461,560,40.41436853935695,-106.70099648245403,0.6015976667404175
Fishhook,0714,511,454,40.40088070001398,-106.73854487090335,0.5686590075492859
Fishhook,0714,487,503,40.4073548628986,-106.72118759699754,0.9392213821411133
Fishhook,0714,531,548,40.39548556427679,-106.70524724341057,0.9320703744888306
Fishhook,0714,521,504,40.398183132145384,-106.72083336691783,0.9822263121604919
Fishhook,0714,496,493,40.40492705181687,-106.72472989779465,0.9569318890571594
Fishhook,0714,536,553,40.39413678034249,-106.70347609301201,0.9315115213394165
Fishhook,0714,548,572,40.39089969890018,-106.6967457214975,0.8364351391792297
Fishhook,0714,493,540,40.40573632217745,-106.70808108404825,0.8529148101806641
Fishhook,0714,487,477,40.4073548628986,-106.73039757907002,0.9447863101959229
Fishhook,0714,487,537,40.4073548628986,-106.70914377428738,0.7970645427703857
Fishhook,0714,544,531,40.39197872604761,-106.71126915476565,0.9424758553504944
Fishhook,0714,549,520,40.390629942113314,-106.71516568564246,0.8699145317077637
Fishhook,0714,546,477,40.3914392124739,-106.73039757907002,0.7014158964157104
Fishhook,0714,515,482,40.39980167286654,-106.72862642867146,0.9503288269042969
Fishhook,0714,547,575,40.391169455687034,-106.69568303125837,0.7091003656387329
Fishhook,0714,498,468,40.40438753824315,-106.73358564978741,0.9502522945404053
Fishhook,0714,550,514,40.39036018532646,-106.71729106612072,0.7369735240936279
Fishhook,0714,551,524,40.390090428539594,-106.71374876532361,0.8434346318244934
Fishhook,0714,525,555,40.39710410499794,-106.70276763285258,0.7628822326660156
Fishhook,0714,488,493,40.407085106111744,-106.72472989779465,0.9414633512496948
Fishhook,0714,511,538,40.40088070001398,-106.70878954420766,0.8933457136154175
Fishhook,0714,535,564,40.39440653712935,-106.69957956213518,0.5657423734664917
Fishhook,0714,477,539,40.410052430767195,-106.70843531412795,0.5923319458961487
Fishhook,0714,513,482,40.40034118644026,-106.72862642867146,0.9485649466514587
Fishhook,0714,568,537,40.38550456316299,-106.70914377428738,0.533857524394989
Fishhook,0714,512,472,40.400610943227115,-106.73216872946857,0.9207439422607422
Fishhook,0714,521,461,40.398183132145384,-106.73606526034538,0.7301410436630249
Fishhook,0714,558,555,40.38820213103158,-106.70276763285258,0.9134998917579651
Fishhook,0714,483,489,40.40843389004604,-106.72614681811349,0.9235945343971252
Fishhook,0714,509,480,40.4014202135877,-106.72933488883089,0.9656658172607422
Fishhook,0714,481,528,40.40897340361976,-106.71233184500477,0.7626301646232605
Fishhook,0714,471,556,40.411670971488356,-106.70241340277288,0.5148170590400696
Fishhook,0714,564,550,40.38658359031042,-106.70453878325114,0.7514389753341675
Fishhook,0714,522,547,40.39791337535852,-106.70560147349028,0.8656963109970093
Fishhook,0714,537,499,40.39386702355563,-106.72260451731638,0.902349054813385
Fishhook,0714,531,474,40.39548556427679,-106.73146026930915,0.7599940299987793
Fishhook,0714,537,511,40.39386702355563,-106.71835375635986,0.9050436019897461
Fishhook,0714,479,457,40.40951291719348,-106.73748218066423,0.6970074772834778
Fishhook,0714,533,523,40.39494605070307,-106.71410299540332,0.9547123908996582
Fishhook,0714,476,494,40.41032218755406,-106.72437566771494,0.6693550944328308
Fishhook,0714,538,559,40.39359726676877,-106.70135071253374,0.8325280547142029
Fishhook,0714,544,490,40.39197872604761,-106.72579258803378,0.6865819096565247
Fishhook,0714,512,498,40.400610943227115,-106.72295874739609,0.9883199334144592
Fishhook,0714,553,554,40.38955091496588,-106.70312186293229,0.9532473683357239
Fishhook,0714,486,532,40.407624619685464,-106.71091492468594,0.8137293457984924
Fishhook,0714,521,508,40.398183132145384,-106.71941644659898,0.9830531477928162
Fishhook,0714,549,554,40.390629942113314,-106.70312186293229,0.9452047348022461
Fishhook,0714,477,453,40.410052430767195,-106.73889910098308,0.694099485874176
Fishhook,0714,505,481,40.40249924073513,-106.72898065875117,0.9759042859077454
Fishhook,0714,477,552,40.410052430767195,-106.70383032309172,0.6069203019142151
Fishhook,0714,529,563,40.3960250778505,-106.6999337922149,0.5455589294433594
Fishhook,0714,499,482,40.40411778145629,-106.72862642867146,0.9701874256134033
Fishhook,0714,479,486,40.40951291719348,-106.72720950835262,0.8668618202209473
Fishhook,0714,533,544,40.39494605070307,-106.7066641637294,0.9452508687973022
Fishhook,0714,498,474,40.40438753824315,-106.73146026930915,0.9577611684799194
Fishhook,0714,507,456,40.40195972716141,-106.73783641074394,0.5947962403297424
Fishhook,0714,565,568,40.386313833523566,-106.69816264181635,0.6956214308738708
Fishhook,0714,564,574,40.38658359031042,-106.69603726133809,0.823906421661377
Fishhook,0714,483,512,40.40843389004604,-106.71799952628014,0.927687406539917
Fishhook,0714,519,470,40.3987226457191,-106.73287718962798,0.8231990933418274
Fishhook,0714,526,549,40.39683434821109,-106.70489301333085,0.9129362106323242
Fishhook,0714,482,523,40.4087036468329,-106.71410299540332,0.7469395399093628
Fishhook,0714,561,536,40.387392860671,-106.70949800436709,0.8693915605545044
Fishhook,0714,479,480,40.40951291719348,-106.72933488883089,0.9050692319869995
Fishhook,0714,534,539,40.394676293916206,-106.70843531412795,0.9448661804199219
Fishhook,0714,567,569,40.385774319949846,-106.69780841173664,0.5204278230667114
Fishhook,0714,522,457,40.39791337535852,-106.73748218066423,0.5698738694190979
Fishhook,0714,529,468,40.3960250778505,-106.73358564978741,0.6499472856521606
Fishhook,0714,560,563,40.38766261745786,-106.6999337922149,0.9009363651275635
Fishhook,0714,490,533,40.40654559253802,-106.71056069460622,0.8347538113594055
Fishhook,0714,484,505,40.408164133259184,-106.72047913683812,0.9235097765922546
Fishhook,0714,545,559,40.391708969260755,-106.70135071253374,0.8274571299552917
Fishhook,0714,491,522,40.40627583575117,-106.71445722548303,0.9032183885574341
Fishhook,0714,528,547,40.39629483463737,-106.70560147349028,0.9323628544807434
Fishhook,0714,517,551,40.39926215929282,-106.70418455317143,0.5759994983673096
Fishhook,0714,477,465,40.410052430767195,-106.73464834002654,0.8434308171272278
Fishhook,0714,529,473,40.3960250778505,-106.73181449938886,0.7362483739852905
Fishhook,0714,523,508,40.397643618571664,-106.71941644659898,0.9775553941726685
Fishhook,0714,492,514,40.4060060789643,-106.71729106612072,0.9490978717803955
Fishhook,0714,532,520,40.395215807489926,-106.71516568564246,0.961013913154602
Fishhook,0714,490,500,40.40654559253802,-106.72225028723668,0.949176013469696
Fishhook,0714,522,479,40.39791337535852,-106.7296891189106,0.9204546809196472
Fishhook,0714,470,555,40.41194072827521,-106.70276763285258,0.5548701286315918
Fishhook,0714,559,533,40.38793237424472,-106.71056069460622,0.7540739178657532
Fishhook,0714,506,520,40.402229483948275,-106.71516568564246,0.960723876953125
Fishhook,0714,544,576,40.39197872604761,-106.69532880117866,0.6281750202178955
Fishhook,0714,555,542,40.38901140139216,-106.70737262388883,0.9634768962860107
Fishhook,0714,466,559,40.41301975542265,-106.70135071253374,0.6656726598739624
Fishhook,0714,524,547,40.3973738617848,-106.70560147349028,0.9020767211914062
Fishhook,0714,554,563,40.38928115817902,-106.6999337922149,0.8956782221794128
Fishhook,0714,499,488,40.40411778145629,-106.7265010481932,0.9753007292747498
Fishhook,0714,547,573,40.391169455687034,-106.6963914914178,0.8074867129325867
Fishhook,0714,537,465,40.39386702355563,-106.73464834002654,0.5236216187477112
Fishhook,0714,494,533,40.40546656539059,-106.71056069460622,0.891864538192749
Fishhook,0714,525,479,40.39710410499794,-106.7296891189106,0.9003837704658508
Fishhook,0714,539,487,40.39332750998191,-106.72685527827291,0.7091655731201172
Fishhook,0714,552,525,40.38982067175274,-106.7133945352439,0.8333660364151001
Fishhook,0714,513,535,40.40034118644026,-106.7098522344468,0.9165323376655579
Fishhook,0714,495,490,40.405196808603726,-106.72579258803378,0.9633094072341919
Fishhook,0714,495,472,40.405196808603726,-106.73216872946857,0.946992814540863
Fishhook,0714,502,543,40.40330851109571,-106.70701839380911,0.6670536994934082
Fishhook,0714,541,506,40.392787996408195,-106.72012490675841,0.8873271346092224
Fishhook,0714,527,559,40.39656459142422,-106.70135071253374,0.6518172025680542
Fishhook,0714,520,467,40.39845288893224,-106.73393987986712,0.8701478242874146
Fishhook,0714,486,460,40.407624619685464,-106.73641949042509,0.8245325684547424
Fishhook,0714,524,472,40.3973738617848,-106.73216872946857,0.882922351360321
Fishhook,0714,473,559,40.411131457914635,-106.70135071253374,0.5200471878051758
Fishhook,0714,502,478,40.40330851109571,-106.7300433489903,0.969698965549469
Fishhook,0714,533,495,40.39494605070307,-106.72402143763523,0.905954897403717
Fishhook,0714,535,548,40.39440653712935,-106.70524724341057,0.9480336904525757
Fishhook,0714,545,525,40.391708969260755,-106.7133945352439,0.9196747541427612
Fishhook,0714,481,501,40.40897340361976,-106.72189605715697,0.8550058007240295
Fishhook,0714,520,481,40.39845288893224,-106.72898065875117,0.933901846408844
Fishhook,0714,539,481,40.39332750998191,-106.72898065875117,0.6631425619125366
Fishhook,0714,537,483,40.39386702355563,-106.72827219859175,0.6778930425643921
Fishhook,0714,552,527,40.38982067175274,-106.71268607508449,0.8815118074417114
Fishhook,0714,544,527,40.39197872604761,-106.71268607508449,0.93218994140625
Fishhook,0714,539,527,40.39332750998191,-106.71268607508449,0.933345377445221
Fishhook,0714,557,565,40.38847188781844,-106.69922533205548,0.9049085974693298
Fishhook,0714,485,521,40.40789437647232,-106.71481145556275,0.9002994894981384
Fishhook,0714,549,505,40.390629942113314,-106.72047913683812,0.6387153267860413
Fishhook,0714,530,550,40.395755321063646,-106.70453878325114,0.9356270432472229
Fishhook,0714,538,538,40.39359726676877,-106.70878954420766,0.9487642645835876
Fishhook,0714,561,539,40.387392860671,-106.70843531412795,0.7877368927001953
Fishhook,0714,557,567,40.38847188781844,-106.69851687189606,0.8937609195709229
Fishhook,0714,478,463,40.40978267398034,-106.73535680018597,0.8712189197540283
Fishhook,0714,474,527,40.41086170112778,-106.71268607508449,0.5328486561775208
Fishhook,0714,541,532,40.392787996408195,-106.71091492468594,0.9425283670425415
Fishhook,0714,536,475,40.39413678034249,-106.73110603922943,0.7027869820594788
Fishhook,0714,476,469,40.41032218755406,-106.7332314197077,0.8497654795646667
Fishhook,0714,549,571,40.390629942113314,-106.69709995157721,0.8298674821853638
Fishhook,0714,512,561,40.400610943227115,-106.70064225237432,0.6010457277297974
Fishhook,0714,527,553,40.39656459142422,-106.70347609301201,0.8554019331932068
Fishhook,0714,521,506,40.398183132145384,-106.72012490675841,0.9827908873558044
Fishhook,0714,510,561,40.401150456800835,-106.70064225237432,0.5614025592803955
Fishhook,0714,475,471,40.410591944340915,-106.73252295954828,0.8257011771202087
Fishhook,0714,464,561,40.41355926899637,-106.70064225237432,0.6506760120391846
Fishhook,0714,545,489,40.391708969260755,-106.72614681811349,0.5960469841957092
Fishhook,0714,489,459,40.40681534932489,-106.73677372050481,0.5728696584701538
Fishhook,0714,483,491,40.40843389004604,-106.72543835795406,0.9121018648147583
Fishhook,0714,542,556,40.39251823962133,-106.70241340277288,0.9171473383903503
Fishhook,0714,508,469,40.401689970374555,-106.7332314197077,0.9303430914878845
Fishhook,0714,532,533,40.395215807489926,-106.71056069460622,0.9605638384819031
Fishhook,0714,505,520,40.40249924073513,-106.71516568564246,0.9541846513748169
Fishhook,0714,518,549,40.39899240250596,-106.70489301333085,0.7896246314048767
Fishhook,0714,549,576,40.390629942113314,-106.69532880117866,0.6505739688873291
Fishhook,0714,548,479,40.39089969890018,-106.7296891189106,0.5705231428146362
Fishhook,0714,504,537,40.402768997521996,-106.70914377428738,0.8203025460243225
Fishhook,0714,562,554,40.38712310388414,-106.70312186293229,0.8537436723709106
Fishhook,0714,487,520,40.4073548628986,-106.71516568564246,0.9111130833625793
Fishhook,0714,497,547,40.404657295030006,-106.70560147349028,0.5074185729026794
Fishhook,0714,508,479,40.401689970374555,-106.7296891189106,0.9695361256599426
Fishhook,0714,509,469,40.4014202135877,-106.7332314197077,0.9149324893951416
Fishhook,0714,545,534,40.391708969260755,-106.71020646452651,0.9448977708816528
Fishhook,0714,557,532,40.38847188781844,-106.71091492468594,0.8516529202461243
Fishhook,0714,511,533,40.40088070001398,-106.71056069460622,0.9143825769424438
Fishhook,0714,480,489,40.40924316040662,-106.72614681811349,0.8721614480018616
Fishhook,0714,526,483,40.39683434821109,-106.72827219859175,0.9189021587371826
Fishhook,0714,480,458,40.40924316040662,-106.73712795058452,0.7061614990234375
Fishhook,0714,487,538,40.4073548628986,-106.70878954420766,0.7769337892532349
Fishhook,0714,533,481,40.39494605070307,-106.72898065875117,0.7503780722618103
Fishhook,0714,516,547,40.39953191607968,-106.70560147349028,0.7441919445991516
Fishhook,0714,488,463,40.407085106111744,-106.73535680018597,0.8657878041267395
Fishhook,0714,519,552,40.3987226457191,-106.70383032309172,0.6880463361740112
Fishhook,0714,512,526,40.400610943227115,-106.7130403051642,0.9639535546302795
Fishhook,0714,474,480,40.41086170112778,-106.72933488883089,0.7219834327697754
Fishhook,0714,548,573,40.39089969890018,-106.6963914914178,0.8136967420578003
Fishhook,0714,547,541,40.391169455687034,-106.70772685396854,0.9623235464096069
Fishhook,0714,540,472,40.39305775319505,-106.73216872946857,0.557196319103241
Fishhook,0714,522,464,40.39791337535852,-106.73500257010626,0.8125882148742676
Fishhook,0714,501,465,40.40357826788257,-106.73464834002654,0.9476205706596375
Fishhook,0714,544,562,40.39197872604761,-106.70028802229461,0.614722490310669
Fishhook,0714,499,530,40.40411778145629,-106.71162338484535,0.9033539891242981
Fishhook,0714,538,562,40.39359726676877,-106.70028802229461,0.6432312726974487
Fishhook,0714,558,565,40.38820213103158,-106.69922533205548,0.9175097346305847
Fishhook,0714,513,455,40.40034118644026,-106.73819064082365,0.5589404106140137
Fishhook,0714,494,538,40.40546656539059,-106.70878954420766,0.8355196118354797
Fishhook,0714,570,559,40.38496504958927,-106.70135071253374,0.6045380234718323
Fishhook,0714,476,524,40.41032218755406,-106.71374876532361,0.6019793748855591
Fishhook,0714,480,491,40.40924316040662,-106.72543835795406,0.8580631017684937
Fishhook,0714,559,572,40.38793237424472,-106.6967457214975,0.8634788990020752
Fishhook,0714,490,523,40.40654559253802,-106.71410299540332,0.902349054813385
Fishhook,0714,513,468,40.40034118644026,-106.73358564978741,0.8757473826408386
Fishhook,0714,514,559,40.400071429653394,-106.70135071253374,0.699842631816864
Fishhook,0714,552,528,40.38982067175274,-106.71233184500477,0.9024718403816223
Fishhook,0714,494,484,40.40546656539059,-106.72791796851205,0.9571928381919861
Fishhook,0714,477,472,40.410052430767195,-106.73216872946857,0.8657878637313843
Fishhook,0714,489,499,40.40681534932489,-106.72260451731638,0.9483680725097656
Fishhook,0714,573,533,40.38415577922869,-106.71056069460622,0.543157160282135
Fishhook,0714,522,540,40.39791337535852,-106.70808108404825,0.9424583911895752
Fishhook,0714,481,475,40.40897340361976,-106.73110603922943,0.9102474451065063
Fishhook,0714,508,532,40.401689970374555,-106.71091492468594,0.9100211262702942
Fishhook,0714,481,532,40.40897340361976,-106.71091492468594,0.7326652407646179
Fishhook,0714,470,560,40.41194072827521,-106.70099648245403,0.5308924317359924
Fishhook,0714,534,529,40.394676293916206,-106.71197761492506,0.9588305354118347
Fishhook,0714,495,536,40.405196808603726,-106.70949800436709,0.8842083215713501
Fishhook,0714,545,572,40.391708969260755,-106.6967457214975,0.7290706634521484
Fishhook,0714,500,545,40.40384802466943,-106.70630993364969,0.644778847694397
Fishhook,0714,493,519,40.40573632217745,-106.71551991572217,0.9346126317977905
Fishhook,0714,546,513,40.3914392124739,-106.71764529620043,0.8790537118911743
Fishhook,0714,504,469,40.402768997521996,-106.7332314197077,0.9598531723022461
Fishhook,0714,531,491,40.39548556427679,-106.72543835795406,0.9117641448974609
Fishhook,0714,551,572,40.390090428539594,-106.6967457214975,0.8158698081970215
Fishhook,0714,545,488,40.391708969260755,-106.7265010481932,0.5879172086715698
Fishhook,0714,528,506,40.39629483463737,-106.72012490675841,0.94880610704422
Fishhook,0714,536,510,40.39413678034249,-106.71870798643957,0.9082556962966919
Fishhook,0714,489,540,40.40681534932489,-106.70808108404825,0.7823881506919861
Fishhook,0714,506,532,40.402229483948275,-106.71091492468594,0.9039507508277893
Fishhook,0714,555,579,40.38901140139216,-106.69426611093954,0.5324039459228516
Fishhook,0714,478,481,40.40978267398034,-106.72898065875117,0.8750917911529541
Fishhook,0714,510,456,40.401150456800835,-106.73783641074394,0.5072848796844482
Fishhook,0714,529,494,40.3960250778505,-106.72437566771494,0.9179636240005493
Fishhook,0714,541,534,40.392787996408195,-106.71020646452651,0.9411792755126953
Fishhook,0714,535,469,40.39440653712935,-106.7332314197077,0.5035123825073242
Fishhook,0714,485,516,40.40789437647232,-106.7165826059613,0.9379862546920776
Fishhook,0714,513,537,40.40034118644026,-106.70914377428738,0.9093208909034729
