burnName,date,y,x,lat,lon,predicted_prob
Jackass_Butte,0725,497,665,43.04748323763341,-118.84765683761704,0.8326399326324463
Jackass_Butte,0725,654,593,43.005131422096476,-118.87423259360828,0.9282249808311462
Jackass_Butte,0725,325,502,43.09388140497324,-118.90782139631946,0.5501440167427063
Jackass_Butte,0725,380,629,43.07904478169597,-118.86094471561266,0.866299033164978
Jackass_Butte,0725,487,384,43.050180805502,-118.95137610752735,0.9019779562950134
Jackass_Butte,0725,358,582,43.08497943100688,-118.8782927785514,0.8787177801132202
Jackass_Butte,0725,466,671,43.055845698026054,-118.84544219128443,0.9080029726028442
Jackass_Butte,0725,458,399,43.05800375232093,-118.94583949169584,0.7797638177871704
Jackass_Butte,0725,535,634,43.03723247973275,-118.85909917700215,0.945631206035614
Jackass_Butte,0725,684,602,42.99703871849069,-118.87091062410938,0.8069940209388733
Jackass_Butte,0725,610,485,43.01700072071829,-118.91409622759518,0.6876277327537537
Jackass_Butte,0725,566,659,43.028870019340104,-118.84987148394964,0.9489446878433228
Jackass_Butte,0725,342,573,43.08929553959663,-118.88161474805031,0.9123188853263855
Jackass_Butte,0725,641,627,43.00863826032565,-118.86168293105686,0.7202168107032776
Jackass_Butte,0725,503,650,43.045864696912254,-118.85319345344854,0.6791287660598755
Jackass_Butte,0725,536,670,43.036962722945894,-118.84581129900653,0.8245574235916138
Jackass_Butte,0725,587,431,43.02320512681606,-118.93402804458862,0.8812681436538696
Jackass_Butte,0725,548,452,43.03372564150358,-118.9262767824245,0.9708423018455505
Jackass_Butte,0725,325,559,43.09388140497324,-118.88678225615972,0.9207632541656494
Jackass_Butte,0725,573,682,43.026981721832094,-118.84138200634132,0.9780223369598389
Jackass_Butte,0725,704,562,42.9916435827535,-118.88567493299341,0.7018005847930908
Jackass_Butte,0725,548,661,43.03372564150358,-118.84913326850544,0.9849565625190735
Jackass_Butte,0725,487,382,43.050180805502,-118.95211432297155,0.9089176058769226
Jackass_Butte,0725,354,604,43.08605845815431,-118.87017240866518,0.8239675760269165
Jackass_Butte,0725,626,509,43.01268461212854,-118.90523764226475,0.8535312414169312
Jackass_Butte,0725,653,626,43.00540117888333,-118.86205203877897,0.8097684383392334
Jackass_Butte,0725,557,671,43.03129783042184,-118.84544219128443,0.9438878893852234
Jackass_Butte,0725,680,588,42.998117745638126,-118.8760781322188,0.8762030601501465
Jackass_Butte,0725,670,521,43.00081531350672,-118.90080834959954,0.7655069231987
Jackass_Butte,0725,593,475,43.0215865860949,-118.91778730481619,0.8663725852966309
Jackass_Butte,0725,463,395,43.05665496838663,-118.94731592258424,0.7546782493591309
Jackass_Butte,0725,413,622,43.0701428077296,-118.86352846966737,0.7242641448974609
Jackass_Butte,0725,498,642,43.04721348084655,-118.85614631522535,0.773768961429596
Jackass_Butte,0725,486,674,43.050450562288866,-118.84433486811812,0.916748583316803
Jackass_Butte,0725,686,611,42.99649920491697,-118.86758865461047,0.6259604692459106
Jackass_Butte,0725,555,629,43.03183734399556,-118.86094471561266,0.9407913684844971
Jackass_Butte,0725,420,620,43.06825451022159,-118.86426668511157,0.8531444668769836
Jackass_Butte,0725,437,414,43.06366864484498,-118.94030287586433,0.614750862121582
Jackass_Butte,0725,417,624,43.06906378058217,-118.86279025422317,0.7739633917808533
Jackass_Butte,0725,382,563,43.07850526812225,-118.88530582527132,0.9799549579620361
Jackass_Butte,0725,507,644,43.04478566976481,-118.85540809978114,0.8693729043006897
Jackass_Butte,0725,538,674,43.036423209372174,-118.84433486811812,0.7827350497245789
Jackass_Butte,0725,588,430,43.022935370029195,-118.93439715231072,0.8755970001220703
Jackass_Butte,0725,425,623,43.066905726287295,-118.86315936194526,0.7706815004348755
Jackass_Butte,0725,339,560,43.090104809957204,-118.88641314843761,0.8469244837760925
Jackass_Butte,0725,366,557,43.082821376712005,-118.88752047160392,0.930371880531311
Jackass_Butte,0725,367,639,43.08255161992514,-118.85725363839165,0.9257918000221252
Jackass_Butte,0725,357,585,43.085249187793735,-118.87718545538509,0.7972463369369507
Jackass_Butte,0725,447,410,43.06097107697639,-118.94177930675274,0.7686543464660645
Jackass_Butte,0725,481,378,43.05179934622316,-118.95359075385996,0.8457979559898376
Jackass_Butte,0725,421,632,43.06798475343473,-118.85983739244637,0.7015644311904907
Jackass_Butte,0725,659,511,43.00378263816218,-118.90449942682055,0.6316235661506653
Jackass_Butte,0725,508,676,43.04451591297796,-118.84359665267392,0.9149966239929199
Jackass_Butte,0725,686,572,42.99649920491697,-118.8819838557724,0.8887524008750916
Jackass_Butte,0725,559,387,43.03075831684812,-118.95026878436106,0.8690192103385925
Jackass_Butte,0725,343,563,43.08902578280977,-118.88530582527132,0.8628682494163513
Jackass_Butte,0725,687,588,42.99622944813011,-118.8760781322188,0.9206799864768982
Jackass_Butte,0725,311,543,43.09765799998927,-118.89268797971333,0.5185478329658508
Jackass_Butte,0725,360,618,43.08443991743316,-118.86500490055577,0.8822399377822876
Jackass_Butte,0725,570,648,43.02779099219267,-118.85393166889274,0.8590251207351685
Jackass_Butte,0725,537,363,43.03669296615903,-118.95912736969147,0.9040338397026062
Jackass_Butte,0725,701,590,42.99245285311408,-118.87533991677459,0.8797194957733154
Jackass_Butte,0725,509,355,43.0442461561911,-118.96208023146828,0.7954700589179993
Jackass_Butte,0725,573,616,43.026981721832094,-118.86574311599998,0.9346257448196411
Jackass_Butte,0725,423,668,43.06744523986101,-118.84654951445073,0.7594881057739258
Jackass_Butte,0725,426,626,43.06663596950043,-118.86205203877897,0.7098325490951538
Jackass_Butte,0725,539,704,43.03615345258531,-118.8332616364551,0.5835462212562561
Jackass_Butte,0725,571,449,43.02752123540581,-118.9273841055908,0.9133866429328918
Jackass_Butte,0725,538,696,43.036423209372174,-118.83621449823191,0.8279361724853516
Jackass_Butte,0725,514,666,43.042897372256796,-118.84728772989493,0.7448064088821411
Jackass_Butte,0725,646,624,43.00728947639135,-118.86279025422317,0.877151370048523
Jackass_Butte,0725,463,657,43.05665496838663,-118.85060969939384,0.811669647693634
Jackass_Butte,0725,703,572,42.99191333954036,-118.8819838557724,0.7504681944847107
Jackass_Butte,0725,636,589,43.009987044259944,-118.87570902449669,0.9224671125411987
Jackass_Butte,0725,469,668,43.05503642766548,-118.84654951445073,0.9045275449752808
Jackass_Butte,0725,345,594,43.08848626923605,-118.87386348588619,0.9194160103797913
Jackass_Butte,0725,656,600,43.004591908522755,-118.87164883955359,0.8283074498176575
Jackass_Butte,0725,496,701,43.04775299442027,-118.8343689596214,0.7641624212265015
Jackass_Butte,0725,702,566,42.99218309632722,-118.88419850210501,0.8050495386123657
Jackass_Butte,0725,544,681,43.03480466865101,-118.84175111406343,0.9515892267227173
Jackass_Butte,0725,545,379,43.03453491186416,-118.95322164613786,0.9367618560791016
Jackass_Butte,0725,558,657,43.031028073634985,-118.85060969939384,0.9370735287666321
Jackass_Butte,0725,603,481,43.018889018226304,-118.91557265848358,0.7817397117614746
Jackass_Butte,0725,504,650,43.0455949401254,-118.85319345344854,0.6749471426010132
Jackass_Butte,0725,506,649,43.04505542655168,-118.85356256117065,0.78001868724823
Jackass_Butte,0725,379,582,43.079314538482826,-118.8782927785514,0.9966933727264404
Jackass_Butte,0725,461,620,43.05719448196035,-118.86426668511157,0.7392981648445129
Jackass_Butte,0725,509,700,43.0442461561911,-118.83473806734351,0.6633828282356262
Jackass_Butte,0725,513,688,43.04316712904366,-118.83916736000872,0.9136747121810913
Jackass_Butte,0725,548,456,43.03372564150358,-118.92480035153609,0.9741644859313965
Jackass_Butte,0725,333,594,43.091723350678365,-118.87386348588619,0.919462263584137
Jackass_Butte,0725,476,650,43.05314813015746,-118.85319345344854,0.8674953579902649
Jackass_Butte,0725,575,468,43.02644220825837,-118.92037105887088,0.9120315909385681
Jackass_Butte,0725,381,587,43.078775024909106,-118.87644723994089,0.9888871312141418
Jackass_Butte,0725,380,606,43.07904478169597,-118.86943419322098,0.9588978290557861
Jackass_Butte,0725,384,572,43.07796575454853,-118.8819838557724,0.9914528727531433
Jackass_Butte,0725,542,627,43.03534418222473,-118.86168293105686,0.9448161125183105
Jackass_Butte,0725,413,615,43.0701428077296,-118.86611222372207,0.9185677766799927
Jackass_Butte,0725,702,570,42.99218309632722,-118.8827220712166,0.7976391315460205
Jackass_Butte,0725,471,654,43.05449691409176,-118.85171702256014,0.9194701910018921
Jackass_Butte,0725,543,639,43.03507442543788,-118.85725363839165,0.9080168604850769
Jackass_Butte,0725,545,633,43.03453491186416,-118.85946828472426,0.8901822566986084
Jackass_Butte,0725,543,648,43.03507442543788,-118.85393166889274,0.9900554418563843
Jackass_Butte,0725,614,611,43.01592169357085,-118.86758865461047,0.8671256303787231
Jackass_Butte,0725,663,593,43.00270361101474,-118.87423259360828,0.904968798160553
Jackass_Butte,0725,298,532,43.101164838218445,-118.89674816465644,0.703889012336731
Jackass_Butte,0725,670,508,43.00081531350672,-118.90560674998686,0.7124094367027283
Jackass_Butte,0725,636,598,43.009987044259944,-118.87238705499779,0.9299203157424927
Jackass_Butte,0725,354,580,43.08605845815431,-118.8790309939956,0.8215453028678894
Jackass_Butte,0725,547,674,43.033995398290436,-118.84433486811812,0.8642248511314392
Jackass_Butte,0725,340,605,43.08983505317035,-118.86980330094308,0.9153986573219299
Jackass_Butte,0725,587,465,43.02320512681606,-118.9214783820372,0.797537088394165
Jackass_Butte,0725,364,639,43.08336089028572,-118.85725363839165,0.9229781031608582
Jackass_Butte,0725,474,636,43.05368764373118,-118.85836096155795,0.9144315123558044
Jackass_Butte,0725,486,366,43.050450562288866,-118.95802004652516,0.8282799124717712
Jackass_Butte,0725,424,631,43.06717548307415,-118.86020650016846,0.7029929161071777
Jackass_Butte,0725,547,668,43.033995398290436,-118.84654951445073,0.8802064061164856
Jackass_Butte,0725,520,695,43.04127883153564,-118.836583605954,0.5274416208267212
Jackass_Butte,0725,398,631,43.0741891595325,-118.86020650016846,0.5649611353874207
Jackass_Butte,0725,376,601,43.0801238088434,-118.87127973183148,0.9635551571846008
Jackass_Butte,0725,615,607,43.015651936783996,-118.86906508549887,0.8946806788444519
Jackass_Butte,0725,698,596,42.99326212347466,-118.87312527044199,0.8621982336044312
Jackass_Butte,0725,492,659,43.048832021567705,-118.84987148394964,0.7640504240989685
Jackass_Butte,0725,362,631,43.08390040385944,-118.86020650016846,0.9344660639762878
Jackass_Butte,0725,454,393,43.05908277946837,-118.94805413802844,0.5420511364936829
Jackass_Butte,0725,683,603,42.99730847527755,-118.87054151638728,0.8048635125160217
Jackass_Butte,0725,346,493,43.08821651244919,-118.91114336581836,0.6152108907699585
Jackass_Butte,0725,706,589,42.991104069179784,-118.87570902449669,0.5655941367149353
Jackass_Butte,0725,706,587,42.991104069179784,-118.87644723994089,0.7743555307388306
Jackass_Butte,0725,555,636,43.03183734399556,-118.85836096155795,0.8958724141120911
Jackass_Butte,0725,349,587,43.08740724208861,-118.87644723994089,0.8653289079666138
Jackass_Butte,0725,584,480,43.024014397176636,-118.91594176620568,0.9012047052383423
Jackass_Butte,0725,665,612,43.00216409744102,-118.86721954688838,0.93739914894104
Jackass_Butte,0725,628,502,43.01214509855482,-118.90782139631946,0.7926551103591919
Jackass_Butte,0725,547,633,43.033995398290436,-118.85946828472426,0.8841354846954346
Jackass_Butte,0725,330,578,43.09253262103894,-118.8797692094398,0.9098002314567566
Jackass_Butte,0725,551,713,43.032916371142996,-118.8299396669562,0.6611410975456238
Jackass_Butte,0725,320,553,43.095230188907536,-118.88899690249232,0.8309299349784851
Jackass_Butte,0725,455,656,43.058813022681505,-118.85097880711594,0.5846052169799805
Jackass_Butte,0725,627,510,43.01241485534168,-118.90486853454266,0.851813018321991
Jackass_Butte,0725,580,446,43.025093424324076,-118.9284914287571,0.9057623744010925
Jackass_Butte,0725,364,641,43.08336089028572,-118.85651542294745,0.9228180050849915
Jackass_Butte,0725,422,622,43.06771499664787,-118.86352846966737,0.7852756381034851
Jackass_Butte,0725,563,432,43.02967928970069,-118.93365893686652,0.9333327412605286
Jackass_Butte,0725,492,361,43.048832021567705,-118.95986558513567,0.8056546449661255
Jackass_Butte,0725,328,505,43.09307213461266,-118.90671407315315,0.5670392513275146
Jackass_Butte,0725,634,505,43.010526557833664,-118.90671407315315,0.7893320918083191
Jackass_Butte,0725,354,557,43.08605845815431,-118.88752047160392,0.807562530040741
Jackass_Butte,0725,434,626,43.06447791520556,-118.86205203877897,0.7950651049613953
Jackass_Butte,0725,687,600,42.99622944813011,-118.87164883955359,0.7877110838890076
Jackass_Butte,0725,547,634,43.033995398290436,-118.85909917700215,0.8769211173057556
Jackass_Butte,0725,667,594,43.0016245838673,-118.87386348588619,0.9434285163879395
Jackass_Butte,0725,682,599,42.997578232064406,-118.87201794727568,0.8818018436431885
Jackass_Butte,0725,507,354,43.04478566976481,-118.96244933919037,0.759968638420105
Jackass_Butte,0725,671,515,43.000545556719864,-118.90302299593215,0.5852487087249756
Jackass_Butte,0725,481,655,43.05179934622316,-118.85134791483804,0.8318421244621277
Jackass_Butte,0725,497,659,43.04748323763341,-118.84987148394964,0.7656233310699463
Jackass_Butte,0725,539,634,43.03615345258531,-118.85909917700215,0.9247676730155945
Jackass_Butte,0725,490,670,43.049371535141425,-118.84581129900653,0.8733813166618347
Jackass_Butte,0725,562,618,43.029949046487545,-118.86500490055577,0.957252025604248
Jackass_Butte,0725,359,641,43.084709674220015,-118.85651542294745,0.9208197593688965
Jackass_Butte,0725,559,624,43.03075831684812,-118.86279025422317,0.9415558576583862
Jackass_Butte,0725,402,584,43.07311013238506,-118.8775545631072,0.9821187257766724
Jackass_Butte,0725,521,671,43.041009074748786,-118.84544219128443,0.6703006029129028
Jackass_Butte,0725,506,701,43.04505542655168,-118.8343689596214,0.6599483489990234
Jackass_Butte,0725,530,672,43.03858126366705,-118.84507308356233,0.7868096828460693
Jackass_Butte,0725,339,624,43.090104809957204,-118.86279025422317,0.9162289500236511
Jackass_Butte,0725,366,639,43.082821376712005,-118.85725363839165,0.9262983798980713
Jackass_Butte,0725,517,675,43.04208810189622,-118.84396576039603,0.8302491307258606
Jackass_Butte,0725,370,574,43.081742349564564,-118.8812456403282,0.9837021231651306
Jackass_Butte,0725,563,695,43.02967928970069,-118.836583605954,0.9394574761390686
Jackass_Butte,0725,411,432,43.07068232130332,-118.93365893686652,0.5493144392967224
Jackass_Butte,0725,453,642,43.059352536255226,-118.85614631522535,0.5912633538246155
Jackass_Butte,0725,384,625,43.07796575454853,-118.86242114650106,0.7803651690483093
Jackass_Butte,0725,469,615,43.05503642766548,-118.86611222372207,0.8897953033447266
Jackass_Butte,0725,388,619,43.076886727401096,-118.86463579283367,0.6832166910171509
Jackass_Butte,0725,340,546,43.08983505317035,-118.89158065654702,0.8696146607398987
Jackass_Butte,0725,463,652,43.05665496838663,-118.85245523800434,0.830824077129364
Jackass_Butte,0725,617,604,43.015112423210276,-118.87017240866518,0.9025058150291443
Jackass_Butte,0725,529,359,43.038851020453905,-118.96060380057988,0.8953796625137329
Jackass_Butte,0725,692,593,42.99488066419581,-118.87423259360828,0.9403141140937805
Jackass_Butte,0725,572,620,43.02725147861895,-118.86426668511157,0.9227104783058167
Jackass_Butte,0725,495,676,43.04802275120713,-118.84359665267392,0.9158692955970764
Jackass_Butte,0725,338,580,43.09037456674407,-118.8790309939956,0.9082107543945312
Jackass_Butte,0725,457,639,43.05827350910779,-118.85725363839165,0.7393916249275208
Jackass_Butte,0725,598,620,43.0202378021606,-118.86426668511157,0.7037954330444336
Jackass_Butte,0725,555,669,43.03183734399556,-118.84618040672864,0.883477509021759
Jackass_Butte,0725,409,646,43.07122183487704,-118.85466988433694,0.502461850643158
Jackass_Butte,0725,562,687,43.029949046487545,-118.83953646773081,0.9883021116256714
Jackass_Butte,0725,355,579,43.085788701367456,-118.8794001017177,0.8092658519744873
Jackass_Butte,0725,350,491,43.08713748530175,-118.91188158126256,0.6483221054077148
Jackass_Butte,0725,361,552,43.0841701606463,-118.88936601021442,0.9285100102424622
Jackass_Butte,0725,658,590,43.004052394949035,-118.87533991677459,0.9594641923904419
Jackass_Butte,0725,468,668,43.055306184452334,-118.84654951445073,0.9073640704154968
Jackass_Butte,0725,581,452,43.02482366753721,-118.9262767824245,0.8913835287094116
Jackass_Butte,0725,416,628,43.069333537369026,-118.86131382333477,0.736650824546814
Jackass_Butte,0725,480,677,43.05206910301002,-118.84322754495183,0.8855404257774353
Jackass_Butte,0725,451,408,43.059892049828946,-118.94251752219694,0.7772998213768005
Jackass_Butte,0725,683,556,42.99730847527755,-118.88788957932601,0.9610771536827087
Jackass_Butte,0725,495,647,43.04802275120713,-118.85430077661485,0.5765480995178223
Jackass_Butte,0725,325,503,43.09388140497324,-118.90745228859736,0.5493854284286499
Jackass_Butte,0725,335,561,43.091183837104644,-118.88604404071552,0.9085641503334045
Jackass_Butte,0725,613,602,43.01619145035771,-118.87091062410938,0.9041113257408142
Jackass_Butte,0725,343,584,43.08902578280977,-118.8775545631072,0.8838075995445251
Jackass_Butte,0725,570,626,43.02779099219267,-118.86205203877897,0.8882887363433838
Jackass_Butte,0725,474,632,43.05368764373118,-118.85983739244637,0.8439736366271973
Jackass_Butte,0725,443,668,43.06205010412382,-118.84654951445073,0.63894122838974
Jackass_Butte,0725,548,371,43.03372564150358,-118.95617450791467,0.8777759671211243
Jackass_Butte,0725,478,634,43.05260861658374,-118.85909917700215,0.8247679471969604
Jackass_Butte,0725,357,494,43.085249187793735,-118.91077425809627,0.8078205585479736
Jackass_Butte,0725,487,684,43.050180805502,-118.84064379089712,0.919769287109375
Jackass_Butte,0725,479,632,43.05233885979688,-118.85983739244637,0.8577529191970825
Jackass_Butte,0725,345,610,43.08848626923605,-118.86795776233258,0.9214029908180237
Jackass_Butte,0725,672,605,43.000275799933,-118.86980330094308,0.9491880536079407
Jackass_Butte,0725,338,535,43.09037456674407,-118.89564084149013,0.9370244741439819
Jackass_Butte,0725,559,668,43.03075831684812,-118.84654951445073,0.9502508640289307
Jackass_Butte,0725,627,627,43.01241485534168,-118.86168293105686,0.556729793548584
Jackass_Butte,0725,552,380,43.03264661435614,-118.95285253841575,0.8890525102615356
Jackass_Butte,0725,586,462,43.023474883602915,-118.92258570520349,0.8467800617218018
Jackass_Butte,0725,700,594,42.99272260990094,-118.87386348588619,0.8961654305458069
Jackass_Butte,0725,536,628,43.036962722945894,-118.86131382333477,0.9634010195732117
Jackass_Butte,0725,591,426,43.02212609966862,-118.93587358319913,0.731641411781311
Jackass_Butte,0725,568,627,43.02833050576639,-118.86168293105686,0.8884299397468567
Jackass_Butte,0725,595,471,43.021047072521185,-118.91926373570459,0.7512481212615967
Jackass_Butte,0725,629,512,43.01187534176796,-118.90413031909846,0.8524200320243835
Jackass_Butte,0725,360,558,43.08443991743316,-118.88715136388181,0.7141139507293701
Jackass_Butte,0725,536,666,43.036962722945894,-118.84728772989493,0.6368666887283325
Jackass_Butte,0725,568,458,43.02833050576639,-118.92406213609189,0.9316754341125488
Jackass_Butte,0725,658,516,43.004052394949035,-118.90265388821005,0.6867868304252625
Jackass_Butte,0725,352,498,43.08659797172803,-118.90929782720787,0.8057937026023865
Jackass_Butte,0725,480,386,43.05206910301002,-118.95063789208315,0.8786768913269043
Jackass_Butte,0725,631,509,43.01133582819424,-118.90523764226475,0.8486112356185913
Jackass_Butte,0725,564,695,43.029409532913824,-118.836583605954,0.9372061491012573
Jackass_Butte,0725,587,684,43.02320512681606,-118.84064379089712,0.7136220335960388
Jackass_Butte,0725,599,483,43.019968045373744,-118.91483444303938,0.8578760027885437
Jackass_Butte,0725,500,663,43.04667396727283,-118.84839505306124,0.7896926999092102
Jackass_Butte,0725,486,634,43.050450562288866,-118.85909917700215,0.8470816016197205
Jackass_Butte,0725,623,606,43.013493882489115,-118.86943419322098,0.9106782674789429
Jackass_Butte,0725,543,637,43.03507442543788,-118.85799185383586,0.9021245241165161
Jackass_Butte,0725,694,594,42.99434115062209,-118.87386348588619,0.9107361435890198
Jackass_Butte,0725,492,641,43.048832021567705,-118.85651542294745,0.7209116816520691
Jackass_Butte,0725,642,588,43.00836850353879,-118.8760781322188,0.9445114731788635
Jackass_Butte,0725,461,653,43.05719448196035,-118.85208613028225,0.6708115339279175
Jackass_Butte,0725,354,559,43.08605845815431,-118.88678225615972,0.6464601755142212
Jackass_Butte,0725,360,553,43.08443991743316,-118.88899690249232,0.84392911195755
Jackass_Butte,0725,492,681,43.048832021567705,-118.84175111406343,0.9241538047790527
Jackass_Butte,0725,482,650,43.0515295894363,-118.85319345344854,0.7505450248718262
Jackass_Butte,0725,341,495,43.08956529638349,-118.91040515037416,0.5239946246147156
Jackass_Butte,0725,365,641,43.08309113349886,-118.85651542294745,0.9224184155464172
Jackass_Butte,0725,332,604,43.09199310746522,-118.87017240866518,0.919462263584137
Jackass_Butte,0725,674,623,42.99973628635929,-118.86315936194526,0.7004589438438416
Jackass_Butte,0725,548,658,43.03372564150358,-118.85024059167174,0.9843479990959167
Jackass_Butte,0725,536,674,43.036962722945894,-118.84433486811812,0.8619754910469055
Jackass_Butte,0725,653,520,43.00540117888333,-118.90117745732165,0.7770659923553467
Jackass_Butte,0725,684,608,42.99703871849069,-118.86869597777678,0.6929649710655212
Jackass_Butte,0725,372,602,43.081202835990844,-118.87091062410938,0.9462446570396423
Jackass_Butte,0725,438,625,43.06339888805812,-118.86242114650106,0.8054132461547852
Jackass_Butte,0725,336,569,43.09091408031779,-118.88309117893871,0.9030082821846008
Jackass_Butte,0725,365,561,43.08309113349886,-118.88604404071552,0.8177972435951233
Jackass_Butte,0725,637,590,43.00971728747309,-118.87533991677459,0.9259423613548279
Jackass_Butte,0725,414,627,43.069873050942746,-118.86168293105686,0.7242973446846008
Jackass_Butte,0725,328,594,43.09307213461266,-118.87386348588619,0.919462263584137
Jackass_Butte,0725,588,453,43.022935370029195,-118.9259076747024,0.8528982400894165
Jackass_Butte,0725,378,593,43.07958429526969,-118.87423259360828,0.9769665598869324
Jackass_Butte,0725,391,620,43.07607745704051,-118.86426668511157,0.6482764482498169
Jackass_Butte,0725,655,625,43.00486166530961,-118.86242114650106,0.7378618121147156
Jackass_Butte,0725,560,619,43.030488560061265,-118.86463579283367,0.9621278643608093
Jackass_Butte,0725,347,613,43.08794675566233,-118.86685043916627,0.9202350974082947
Jackass_Butte,0725,490,694,43.049371535141425,-118.83695271367611,0.9180408716201782
Jackass_Butte,0725,303,548,43.09981605428415,-118.89084244110282,0.8671282529830933
Jackass_Butte,0725,470,639,43.054766670878614,-118.85725363839165,0.9282782077789307
Jackass_Butte,0725,312,559,43.09738824320241,-118.88678225615972,0.8778318762779236
Jackass_Butte,0725,336,557,43.09091408031779,-118.88752047160392,0.847029447555542
Jackass_Butte,0725,444,415,43.06178034733696,-118.93993376814223,0.847649097442627
Jackass_Butte,0725,485,375,43.05072031907572,-118.95469807702626,0.892734944820404
Jackass_Butte,0725,527,667,43.039390534027625,-118.84691862217284,0.8792991638183594
Jackass_Butte,0725,598,608,43.0202378021606,-118.86869597777678,0.8872870206832886
Jackass_Butte,0725,546,631,43.0342651550773,-118.86020650016846,0.9103691577911377
Jackass_Butte,0725,474,396,43.05368764373118,-118.94694681486214,0.8821778297424316
Jackass_Butte,0725,599,482,43.019968045373744,-118.91520355076148,0.8635586500167847
Jackass_Butte,0725,660,582,43.003512881375315,-118.8782927785514,0.9601190686225891
Jackass_Butte,0725,434,665,43.06447791520556,-118.84765683761704,0.7793541550636292
Jackass_Butte,0725,380,634,43.07904478169597,-118.85909917700215,0.8654571175575256
Jackass_Butte,0725,418,581,43.068794023795306,-118.8786618862735,0.9457482695579529
Jackass_Butte,0725,571,457,43.02752123540581,-118.924431243814,0.9213579893112183
Jackass_Butte,0725,573,407,43.026981721832094,-118.94288662991903,0.8776418566703796
Jackass_Butte,0725,625,602,43.012954368915395,-118.87091062410938,0.9120317101478577
Jackass_Butte,0725,679,601,42.99838750242499,-118.87127973183148,0.799599826335907
Jackass_Butte,0725,652,609,43.005670935670196,-118.86832687005467,0.8778787851333618
Jackass_Butte,0725,489,626,43.04964129192829,-118.86205203877897,0.9002386331558228
Jackass_Butte,0725,555,649,43.03183734399556,-118.85356256117065,0.9318454265594482
Jackass_Butte,0725,443,416,43.06205010412382,-118.93956466042013,0.8490307927131653
Jackass_Butte,0725,575,398,43.02644220825837,-118.94620859941794,0.843281090259552
Jackass_Butte,0725,575,693,43.02644220825837,-118.8373218213982,0.9488747715950012
Jackass_Butte,0725,350,628,43.08713748530175,-118.86131382333477,0.9216597676277161
Jackass_Butte,0725,538,628,43.036423209372174,-118.86131382333477,0.9549354314804077
Jackass_Butte,0725,482,683,43.0515295894363,-118.84101289861921,0.9283237457275391
Jackass_Butte,0725,569,457,43.02806074897953,-118.924431243814,0.9334692358970642
Jackass_Butte,0725,386,616,43.07742624097481,-118.86574311599998,0.8116213083267212
Jackass_Butte,0725,380,573,43.07904478169597,-118.88161474805031,0.9905261397361755
Jackass_Butte,0725,326,522,43.09361164818638,-118.90043924187745,0.780963122844696
Jackass_Butte,0725,687,540,42.99622944813011,-118.89379530287962,0.8479391932487488
Jackass_Butte,0725,588,464,43.022935370029195,-118.92184748975929,0.8132836818695068
Jackass_Butte,0725,353,557,43.086328214941176,-118.88752047160392,0.7603650689125061
Jackass_Butte,0725,697,566,42.993531880261514,-118.88419850210501,0.8859888911247253
Jackass_Butte,0725,299,536,43.10089508143159,-118.89527173376803,0.8221270442008972
Jackass_Butte,0725,573,391,43.026981721832094,-118.94879235347264,0.7413251399993896
Jackass_Butte,0725,339,504,43.090104809957204,-118.90708318087526,0.7063928246498108
Jackass_Butte,0725,651,624,43.00594069245705,-118.86279025422317,0.8998839855194092
Jackass_Butte,0725,498,347,43.04721348084655,-118.96503309324508,0.5708715319633484
Jackass_Butte,0725,698,576,42.99326212347466,-118.880507424884,0.8574748039245605
Jackass_Butte,0725,652,516,43.005670935670196,-118.90265388821005,0.7695898413658142
Jackass_Butte,0725,470,666,43.054766670878614,-118.84728772989493,0.9128590226173401
Jackass_Butte,0725,332,621,43.09199310746522,-118.86389757738947,0.9159762263298035
Jackass_Butte,0725,329,528,43.092802377825805,-118.89822459554485,0.8786428570747375
Jackass_Butte,0725,668,510,43.00135482708044,-118.90486853454266,0.7713668346405029
Jackass_Butte,0725,562,452,43.029949046487545,-118.9262767824245,0.9405505657196045
Jackass_Butte,0725,456,407,43.05854326589465,-118.94288662991903,0.8139538168907166
Jackass_Butte,0725,503,345,43.045864696912254,-118.96577130868928,0.553739607334137
Jackass_Butte,0725,675,617,42.99946652957242,-118.86537400827787,0.5820678472518921
Jackass_Butte,0725,518,666,43.04181834510936,-118.84728772989493,0.7972902059555054
Jackass_Butte,0725,358,600,43.08497943100688,-118.87164883955359,0.8124099373817444
Jackass_Butte,0725,490,366,43.049371535141425,-118.95802004652516,0.881369411945343
Jackass_Butte,0725,684,562,42.99703871849069,-118.88567493299341,0.9359704256057739
Jackass_Butte,0725,411,629,43.07068232130332,-118.86094471561266,0.6049964427947998
Jackass_Butte,0725,666,521,43.00189434065416,-118.90080834959954,0.7323647737503052
Jackass_Butte,0725,576,438,43.02617245147151,-118.93144429053392,0.8909173011779785
Jackass_Butte,0725,508,661,43.04451591297796,-118.84913326850544,0.7396819591522217
Jackass_Butte,0725,470,676,43.054766670878614,-118.84359665267392,0.903954267501831
Jackass_Butte,0725,686,614,42.99649920491697,-118.86648133144418,0.6051222085952759
Jackass_Butte,0725,557,644,43.03129783042184,-118.85540809978114,0.9539588093757629
Jackass_Butte,0725,623,603,43.013493882489115,-118.87054151638728,0.9095155000686646
Jackass_Butte,0725,563,624,43.02967928970069,-118.86279025422317,0.9313363432884216
Jackass_Butte,0725,356,565,43.0855189445806,-118.88456760982712,0.6486817002296448
Jackass_Butte,0725,686,554,42.99649920491697,-118.88862779477022,0.9736866354942322
Jackass_Butte,0725,458,630,43.05800375232093,-118.86057560789057,0.6880297660827637
Jackass_Butte,0725,467,637,43.0555759412392,-118.85799185383586,0.9322007894515991
Jackass_Butte,0725,499,670,43.046943724059695,-118.84581129900653,0.8645318150520325
Jackass_Butte,0725,542,370,43.03534418222473,-118.95654361563676,0.9161591529846191
Jackass_Butte,0725,486,652,43.050450562288866,-118.85245523800434,0.770804762840271
Jackass_Butte,0725,680,579,42.998117745638126,-118.8794001017177,0.853694498538971
Jackass_Butte,0725,339,564,43.090104809957204,-118.88493671754921,0.8547220230102539
Jackass_Butte,0725,466,612,43.055845698026054,-118.86721954688838,0.9032655358314514
Jackass_Butte,0725,497,687,43.04748323763341,-118.83953646773081,0.912334144115448
Jackass_Butte,0725,557,684,43.03129783042184,-118.84064379089712,0.991259753704071
Jackass_Butte,0725,317,564,43.09603945926811,-118.88493671754921,0.8892228007316589
Jackass_Butte,0725,573,701,43.026981721832094,-118.8343689596214,0.8529519438743591
Jackass_Butte,0725,452,643,43.05962229304209,-118.85577720750325,0.6234461069107056
Jackass_Butte,0725,534,671,43.03750223651961,-118.84544219128443,0.6458191871643066
Jackass_Butte,0725,359,590,43.084709674220015,-118.87533991677459,0.8580492734909058
Jackass_Butte,0725,298,536,43.101164838218445,-118.89527173376803,0.8676498532295227
Jackass_Butte,0725,650,583,43.00621044924391,-118.8779236708293,0.977276086807251
Jackass_Butte,0725,447,646,43.06097107697639,-118.85466988433694,0.5040270090103149
Jackass_Butte,0725,552,452,43.03264661435614,-118.9262767824245,0.978451669216156
Jackass_Butte,0725,671,528,43.000545556719864,-118.89822459554485,0.8192864060401917
Jackass_Butte,0725,679,602,42.99838750242499,-118.87091062410938,0.7961061596870422
Jackass_Butte,0725,568,639,43.02833050576639,-118.85725363839165,0.7854503393173218
Jackass_Butte,0725,544,709,43.03480466865101,-118.8314160978446,0.5649605393409729
Jackass_Butte,0725,438,414,43.06339888805812,-118.94030287586433,0.6333947777748108
Jackass_Butte,0725,648,614,43.00674996281763,-118.86648133144418,0.8398424983024597
Jackass_Butte,0725,294,539,43.102243865365885,-118.89416441060173,0.8947302103042603
Jackass_Butte,0725,568,686,43.02833050576639,-118.83990557545292,0.986909031867981
Jackass_Butte,0725,297,535,43.10143459500531,-118.89564084149013,0.8233354091644287
Jackass_Butte,0725,477,634,43.052878373370596,-118.85909917700215,0.8292617797851562
Jackass_Butte,0725,647,581,43.00701971960449,-118.8786618862735,0.97005695104599
Jackass_Butte,0725,554,662,43.03210710078242,-118.84876416078333,0.9086251854896545
Jackass_Butte,0725,390,577,43.076347213827376,-118.88013831716191,0.9827271699905396
Jackass_Butte,0725,342,590,43.08929553959663,-118.87533991677459,0.8951811790466309
Jackass_Butte,0725,313,555,43.09711848641555,-118.88825868704812,0.7451277375221252
Jackass_Butte,0725,681,578,42.99784798885127,-118.8797692094398,0.861698567867279
Jackass_Butte,0725,555,662,43.03183734399556,-118.84876416078333,0.9208799600601196
Jackass_Butte,0725,697,545,42.993531880261514,-118.89194976426913,0.8420244455337524
Jackass_Butte,0725,620,503,43.01430315284969,-118.90745228859736,0.8558052778244019
Jackass_Butte,0725,615,491,43.015651936783996,-118.91188158126256,0.6844983696937561
Jackass_Butte,0725,493,363,43.04856226478085,-118.95912736969147,0.8629692792892456
Jackass_Butte,0725,648,588,43.00674996281763,-118.8760781322188,0.9559593200683594
Jackass_Butte,0725,387,634,43.07715648418795,-118.85909917700215,0.601923406124115
Jackass_Butte,0725,418,621,43.068794023795306,-118.86389757738947,0.8435864448547363
Jackass_Butte,0725,669,609,43.001085070293584,-118.86832687005467,0.9151787757873535
Jackass_Butte,0725,355,617,43.085788701367456,-118.86537400827787,0.9023104906082153
Jackass_Butte,0725,693,536,42.994610907408955,-118.89527173376803,0.5773352980613708
Jackass_Butte,0725,644,526,43.00782898996507,-118.89896281098905,0.8474573493003845
Jackass_Butte,0725,638,625,43.009447530686224,-118.86242114650106,0.6433441042900085
Jackass_Butte,0725,650,527,43.00621044924391,-118.89859370326694,0.8462236523628235
Jackass_Butte,0725,709,584,42.9902947988192,-118.8775545631072,0.6291192770004272
Jackass_Butte,0725,384,565,43.07796575454853,-118.88456760982712,0.9860122799873352
Jackass_Butte,0725,503,702,43.045864696912254,-118.8339998518993,0.5779140591621399
Jackass_Butte,0725,535,666,43.03723247973275,-118.84728772989493,0.653243362903595
Jackass_Butte,0725,565,666,43.02913977612697,-118.84728772989493,0.9862241744995117
Jackass_Butte,0725,321,570,43.09496043212068,-118.8827220712166,0.9044085741043091
Jackass_Butte,0725,700,564,42.99272260990094,-118.88493671754921,0.8538700938224792
Jackass_Butte,0725,548,627,43.03372564150358,-118.86168293105686,0.9474967122077942
Jackass_Butte,0725,368,572,43.082281863138284,-118.8819838557724,0.9528576135635376
Jackass_Butte,0725,663,627,43.00270361101474,-118.86168293105686,0.8193122744560242
Jackass_Butte,0725,596,616,43.02077731573432,-118.86574311599998,0.8628023266792297
Jackass_Butte,0725,580,458,43.025093424324076,-118.92406213609189,0.8819538950920105
Jackass_Butte,0725,348,598,43.08767699887547,-118.87238705499779,0.8903388381004333
Jackass_Butte,0725,595,618,43.021047072521185,-118.86500490055577,0.8486538529396057
Jackass_Butte,0725,700,554,42.99272260990094,-118.88862779477022,0.839875340461731
Jackass_Butte,0725,425,630,43.066905726287295,-118.86057560789057,0.6705283522605896
Jackass_Butte,0725,570,618,43.02779099219267,-118.86500490055577,0.9498456120491028
Jackass_Butte,0725,353,584,43.086328214941176,-118.8775545631072,0.8363996744155884
Jackass_Butte,0725,477,367,43.052878373370596,-118.95765093880307,0.5808131098747253
Jackass_Butte,0725,432,420,43.06501742877928,-118.93808822953173,0.6752286553382874
Jackass_Butte,0725,332,547,43.09199310746522,-118.89121154882493,0.8088881373405457
Jackass_Butte,0725,481,612,43.05179934622316,-118.86721954688838,0.9233777523040771
Jackass_Butte,0725,636,605,43.009987044259944,-118.86980330094308,0.9019856452941895
Jackass_Butte,0725,366,465,43.082821376712005,-118.9214783820372,0.5825115442276001
Jackass_Butte,0725,551,652,43.032916371142996,-118.85245523800434,0.9426017999649048
Jackass_Butte,0725,460,666,43.05746423874721,-118.84728772989493,0.9203580021858215
Jackass_Butte,0725,557,704,43.03129783042184,-118.8332616364551,0.7719727754592896
Jackass_Butte,0725,698,551,42.99326212347466,-118.88973511793652,0.8456910848617554
Jackass_Butte,0725,460,396,43.05746423874721,-118.94694681486214,0.7280728816986084
Jackass_Butte,0725,342,527,43.08929553959663,-118.89859370326694,0.9513076543807983
Jackass_Butte,0725,555,654,43.03183734399556,-118.85171702256014,0.9101638197898865
Jackass_Butte,0725,496,660,43.04775299442027,-118.84950237622753,0.7942805886268616
Jackass_Butte,0725,356,566,43.0855189445806,-118.88419850210501,0.7132249474525452
Jackass_Butte,0725,354,636,43.08605845815431,-118.85836096155795,0.9196240901947021
Jackass_Butte,0725,417,584,43.06906378058217,-118.8775545631072,0.9610347747802734
Jackass_Butte,0725,656,616,43.004591908522755,-118.86574311599998,0.8975716829299927
Jackass_Butte,0725,571,469,43.02752123540581,-118.92000195114879,0.9473004937171936
Jackass_Butte,0725,319,553,43.0954999456944,-118.88899690249232,0.7928836941719055
Jackass_Butte,0725,552,382,43.03264661435614,-118.95211432297155,0.8806059956550598
Jackass_Butte,0725,543,713,43.03507442543788,-118.8299396669562,0.5428547263145447
Jackass_Butte,0725,548,684,43.03372564150358,-118.84064379089712,0.9900450706481934
Jackass_Butte,0725,395,579,43.07499842989308,-118.8794001017177,0.9869452118873596
Jackass_Butte,0725,538,356,43.036423209372174,-118.96171112374617,0.8015077710151672
Jackass_Butte,0725,461,629,43.05719448196035,-118.86094471561266,0.7121704816818237
Jackass_Butte,0725,626,514,43.01268461212854,-118.90339210365426,0.8703863620758057
Jackass_Butte,0725,582,431,43.024553910750356,-118.93402804458862,0.9221694469451904
Jackass_Butte,0725,675,612,42.99946652957242,-118.86721954688838,0.7289852499961853
Jackass_Butte,0725,541,361,43.0356139390116,-118.95986558513567,0.8394700884819031
Jackass_Butte,0725,649,586,43.00648020603077,-118.876816347663,0.9728443026542664
Jackass_Butte,0725,562,453,43.029949046487545,-118.9259076747024,0.938595175743103
Jackass_Butte,0725,335,592,43.091183837104644,-118.87460170133039,0.9154379963874817
Jackass_Butte,0725,435,662,43.0642081584187,-118.84876416078333,0.5780554413795471
Jackass_Butte,0725,560,652,43.030488560061265,-118.85245523800434,0.9488714933395386
Jackass_Butte,0725,575,621,43.02644220825837,-118.86389757738947,0.8948159217834473
Jackass_Butte,0725,312,562,43.09738824320241,-118.88567493299341,0.896172046661377
Jackass_Butte,0725,382,584,43.07850526812225,-118.8775545631072,0.9784432649612427
Jackass_Butte,0725,649,576,43.00648020603077,-118.880507424884,0.9714099168777466
Jackass_Butte,0725,345,532,43.08848626923605,-118.89674816465644,0.9619283676147461
Jackass_Butte,0725,367,472,43.08255161992514,-118.91889462798248,0.7892606854438782
Jackass_Butte,0725,527,683,43.039390534027625,-118.84101289861921,0.9461981058120728
Jackass_Butte,0725,323,546,43.09442091854696,-118.89158065654702,0.5303390622138977
Jackass_Butte,0725,636,621,43.009987044259944,-118.86389757738947,0.5772478580474854
Jackass_Butte,0725,396,573,43.074728673106215,-118.88161474805031,0.9836379885673523
Jackass_Butte,0725,553,381,43.03237685756928,-118.95248343069366,0.8860131502151489
Jackass_Butte,0725,513,349,43.04316712904366,-118.96429487780088,0.7493004202842712
Jackass_Butte,0725,568,395,43.02833050576639,-118.94731592258424,0.8540881872177124
Jackass_Butte,0725,554,691,43.03210710078242,-118.8380600368424,0.9750744700431824
Jackass_Butte,0725,474,680,43.05368764373118,-118.84212022178552,0.9176716804504395
Jackass_Butte,0725,354,481,43.08605845815431,-118.91557265848358,0.5088874697685242
Jackass_Butte,0725,675,604,42.99946652957242,-118.87017240866518,0.8976315855979919
Jackass_Butte,0725,563,685,43.02967928970069,-118.84027468317501,0.994098961353302
Jackass_Butte,0725,329,591,43.092802377825805,-118.87497080905248,0.919462263584137
Jackass_Butte,0725,364,600,43.08336089028572,-118.87164883955359,0.9088127613067627
Jackass_Butte,0725,306,544,43.09900678392357,-118.89231887199122,0.7725509405136108
Jackass_Butte,0725,349,591,43.08740724208861,-118.87497080905248,0.8879953622817993
Jackass_Butte,0725,564,632,43.029409532913824,-118.85983739244637,0.8837820887565613
Jackass_Butte,0725,327,579,43.09334189139952,-118.8794001017177,0.9041761755943298
Jackass_Butte,0725,698,556,42.99326212347466,-118.88788957932601,0.8548310399055481
Jackass_Butte,0725,331,589,43.092262864252085,-118.87570902449669,0.9211050868034363
Jackass_Butte,0725,365,632,43.08309113349886,-118.85983739244637,0.9228283166885376
Jackass_Butte,0725,497,666,43.04748323763341,-118.84728772989493,0.8402029275894165
Jackass_Butte,0725,561,387,43.0302188032744,-118.95026878436106,0.862032413482666
Jackass_Butte,0725,666,623,43.00189434065416,-118.86315936194526,0.7644144892692566
Jackass_Butte,0725,466,644,43.055845698026054,-118.85540809978114,0.9570700526237488
Jackass_Butte,0725,498,345,43.04721348084655,-118.96577130868928,0.5739972591400146
Jackass_Butte,0725,334,543,43.09145359389151,-118.89268797971333,0.8721543550491333
Jackass_Butte,0725,361,622,43.0841701606463,-118.86352846966737,0.8978400826454163
Jackass_Butte,0725,449,412,43.060431563402666,-118.94104109130853,0.8322886824607849
Jackass_Butte,0725,630,595,43.0116055849811,-118.87349437816408,0.9189674258232117
Jackass_Butte,0725,674,530,42.99973628635929,-118.89748638010064,0.8477767705917358
Jackass_Butte,0725,542,680,43.03534418222473,-118.84212022178552,0.9712613224983215
Jackass_Butte,0725,306,545,43.09900678392357,-118.89194976426913,0.737132728099823
Jackass_Butte,0725,576,418,43.02617245147151,-118.93882644497593,0.8749254941940308
Jackass_Butte,0725,465,633,43.05611545481291,-118.85946828472426,0.8951379060745239
Jackass_Butte,0725,297,534,43.10143459500531,-118.89600994921224,0.79585200548172
Jackass_Butte,0725,391,587,43.07607745704051,-118.87644723994089,0.9902933239936829
Jackass_Butte,0725,398,581,43.0741891595325,-118.8786618862735,0.9782275557518005
Jackass_Butte,0725,343,590,43.08902578280977,-118.87533991677459,0.88365638256073
Jackass_Butte,0725,297,539,43.10143459500531,-118.89416441060173,0.8912469744682312
Jackass_Butte,0725,489,683,43.04964129192829,-118.84101289861921,0.9182214140892029
Jackass_Butte,0725,663,623,43.00270361101474,-118.86315936194526,0.7690618634223938
Jackass_Butte,0725,381,601,43.078775024909106,-118.87127973183148,0.9611161947250366
Jackass_Butte,0725,515,348,43.04262761546994,-118.96466398552298,0.5709947347640991
Jackass_Butte,0725,379,633,43.079314538482826,-118.85946828472426,0.8730224967002869
Jackass_Butte,0725,548,666,43.03372564150358,-118.84728772989493,0.9487680792808533
Jackass_Butte,0725,339,586,43.090104809957204,-118.876816347663,0.8928942680358887
Jackass_Butte,0725,322,557,43.094690675333815,-118.88752047160392,0.9039322137832642
Jackass_Butte,0725,351,608,43.086867728514896,-118.86869597777678,0.8925929069519043
Jackass_Butte,0725,479,374,43.05233885979688,-118.95506718474836,0.7388840317726135
Jackass_Butte,0725,560,664,43.030488560061265,-118.84802594533913,0.9441736340522766
Jackass_Butte,0725,333,522,43.091723350678365,-118.90043924187745,0.9179482460021973
Jackass_Butte,0725,497,362,43.04748323763341,-118.95949647741357,0.8693209886550903
Jackass_Butte,0725,407,616,43.071761348450764,-118.86574311599998,0.8923004865646362
Jackass_Butte,0725,676,582,42.99919677278557,-118.8782927785514,0.8219301700592041
Jackass_Butte,0725,650,593,43.00621044924391,-118.87423259360828,0.9466851353645325
Jackass_Butte,0725,421,616,43.06798475343473,-118.86574311599998,0.9089593291282654
Jackass_Butte,0725,462,405,43.056924725173495,-118.94362484536323,0.843381941318512
Jackass_Butte,0725,469,633,43.05503642766548,-118.85946828472426,0.8927947282791138
Jackass_Butte,0725,390,625,43.076347213827376,-118.86242114650106,0.7097242474555969
Jackass_Butte,0725,689,551,42.99568993455639,-118.88973511793652,0.9329410791397095
Jackass_Butte,0725,378,636,43.07958429526969,-118.85836096155795,0.9093067646026611
Jackass_Butte,0725,496,647,43.04775299442027,-118.85430077661485,0.5572166442871094
Jackass_Butte,0725,560,376,43.030488560061265,-118.95432896930416,0.7562825679779053
Jackass_Butte,0725,346,631,43.08821651244919,-118.86020650016846,0.9253177642822266
Jackass_Butte,0725,619,496,43.014572909636556,-118.91003604265207,0.7974714040756226
Jackass_Butte,0725,369,606,43.08201210635142,-118.86943419322098,0.8951032757759094
Jackass_Butte,0725,342,538,43.08929553959663,-118.89453351832383,0.9584050178527832
Jackass_Butte,0725,493,646,43.04856226478085,-118.85466988433694,0.5580342411994934
Jackass_Butte,0725,554,384,43.03210710078242,-118.95137610752735,0.8680545687675476
Jackass_Butte,0725,638,622,43.009447530686224,-118.86352846966737,0.6304953098297119
Jackass_Butte,0725,333,578,43.091723350678365,-118.8797692094398,0.8971444368362427
Jackass_Butte,0725,343,594,43.08902578280977,-118.87386348588619,0.9146177172660828
Jackass_Butte,0725,470,615,43.054766670878614,-118.86611222372207,0.8884580135345459
Jackass_Butte,0725,633,596,43.01079631462052,-118.87312527044199,0.9098542928695679
Jackass_Butte,0725,464,632,43.056385211599775,-118.85983739244637,0.8250359892845154
Jackass_Butte,0725,566,387,43.028870019340104,-118.95026878436106,0.7446112632751465
Jackass_Butte,0725,620,494,43.01430315284969,-118.91077425809627,0.6828383207321167
Jackass_Butte,0725,514,691,43.042897372256796,-118.8380600368424,0.8735501766204834
Jackass_Butte,0725,353,540,43.086328214941176,-118.89379530287962,0.959936261177063
Jackass_Butte,0725,635,615,43.0102568010468,-118.86611222372207,0.578177809715271
Jackass_Butte,0725,470,630,43.054766670878614,-118.86057560789057,0.8526099324226379
Jackass_Butte,0725,561,689,43.0302188032744,-118.83879825228661,0.9779655933380127
Jackass_Butte,0725,661,529,43.00324312458846,-118.89785548782274,0.8279865980148315
Jackass_Butte,0725,361,550,43.0841701606463,-118.89010422565862,0.946501612663269
Jackass_Butte,0725,661,599,43.00324312458846,-118.87201794727568,0.8452664613723755
Jackass_Butte,0725,640,517,43.0089080171125,-118.90228478048795,0.8448875546455383
Jackass_Butte,0725,698,555,42.99326212347466,-118.88825868704812,0.8535040616989136
Jackass_Butte,0725,521,353,43.041009074748786,-118.96281844691248,0.7926586270332336
Jackass_Butte,0725,581,464,43.02482366753721,-118.92184748975929,0.8678010702133179
Jackass_Butte,0725,356,630,43.0855189445806,-118.86057560789057,0.9226714372634888
Jackass_Butte,0725,385,633,43.07769599776167,-118.85946828472426,0.726616382598877
Jackass_Butte,0725,346,606,43.08821651244919,-118.86943419322098,0.9186940789222717
Jackass_Butte,0725,471,386,43.05449691409176,-118.95063789208315,0.8157036900520325
Jackass_Butte,0725,329,509,43.092802377825805,-118.90523764226475,0.689648449420929
Jackass_Butte,0725,403,620,43.072840375598204,-118.86426668511157,0.7146658301353455
Jackass_Butte,0725,508,667,43.04451591297796,-118.84691862217284,0.7906078696250916
Jackass_Butte,0725,488,658,43.049911048715146,-118.85024059167174,0.8130013346672058
Jackass_Butte,0725,359,586,43.084709674220015,-118.876816347663,0.8728541135787964
Jackass_Butte,0725,465,650,43.05611545481291,-118.85319345344854,0.9296388626098633
Jackass_Butte,0725,350,569,43.08713748530175,-118.88309117893871,0.8508379459381104
Jackass_Butte,0725,416,584,43.069333537369026,-118.8775545631072,0.9591184258460999
Jackass_Butte,0725,661,584,43.00324312458846,-118.8775545631072,0.9635491967201233
Jackass_Butte,0725,486,624,43.050450562288866,-118.86279025422317,0.8915420174598694
Jackass_Butte,0725,349,547,43.08740724208861,-118.89121154882493,0.9065303802490234
Jackass_Butte,0725,569,663,43.02806074897953,-118.84839505306124,0.9052629470825195
Jackass_Butte,0725,668,512,43.00135482708044,-118.90413031909846,0.7130475044250488
Jackass_Butte,0725,353,613,43.086328214941176,-118.86685043916627,0.9053103923797607
Jackass_Butte,0725,331,573,43.092262864252085,-118.88161474805031,0.8932133913040161
Jackass_Butte,0725,618,612,43.01484266642341,-118.86721954688838,0.8363403677940369
Jackass_Butte,0725,698,590,42.99326212347466,-118.87533991677459,0.9240463972091675
Jackass_Butte,0725,338,488,43.09037456674407,-118.91298890442887,0.5396556854248047
Jackass_Butte,0725,315,564,43.09657897284183,-118.88493671754921,0.8976812362670898
Jackass_Butte,0725,629,600,43.01187534176796,-118.87164883955359,0.9154079556465149
Jackass_Butte,0725,313,566,43.09711848641555,-118.88419850210501,0.9137657284736633
Jackass_Butte,0725,640,627,43.0089080171125,-118.86168293105686,0.6943238973617554
Jackass_Butte,0725,569,667,43.02806074897953,-118.84691862217284,0.9287907481193542
Jackass_Butte,0725,690,557,42.99542017776953,-118.88752047160392,0.9247554540634155
Jackass_Butte,0725,616,613,43.01538217999713,-118.86685043916627,0.7802708745002747
Jackass_Butte,0725,459,636,43.05773399553407,-118.85836096155795,0.6447034478187561
Jackass_Butte,0725,431,418,43.065287185566135,-118.93882644497593,0.5584930777549744
Jackass_Butte,0725,576,405,43.02617245147151,-118.94362484536323,0.8469865322113037
Jackass_Butte,0725,503,351,43.045864696912254,-118.96355666235668,0.6939550638198853
Jackass_Butte,0725,663,520,43.00270361101474,-118.90117745732165,0.7116059064865112
Jackass_Butte,0725,397,617,43.07445891631936,-118.86537400827787,0.7668741345405579
Jackass_Butte,0725,370,590,43.081742349564564,-118.87533991677459,0.9906439781188965
Jackass_Butte,0725,546,370,43.0342651550773,-118.95654361563676,0.8822752833366394
Jackass_Butte,0725,479,624,43.05233885979688,-118.86279025422317,0.8921501636505127
Jackass_Butte,0725,435,621,43.0642081584187,-118.86389757738947,0.8373174071311951
Jackass_Butte,0725,356,618,43.0855189445806,-118.86500490055577,0.8970332741737366
Jackass_Butte,0725,392,577,43.075807700253655,-118.88013831716191,0.9824961423873901
Jackass_Butte,0725,538,689,43.036423209372174,-118.83879825228661,0.9369837641716003
Jackass_Butte,0725,578,396,43.0256329378978,-118.94694681486214,0.645154595375061
Jackass_Butte,0725,398,617,43.0741891595325,-118.86537400827787,0.7838947772979736
Jackass_Butte,0725,701,564,42.99245285311408,-118.88493671754921,0.8317500352859497
Jackass_Butte,0725,537,683,43.03669296615903,-118.84101289861921,0.9478784203529358
Jackass_Butte,0725,541,671,43.0356139390116,-118.84544219128443,0.8627063632011414
Jackass_Butte,0725,609,485,43.01727047750515,-118.91409622759518,0.6920090913772583
Jackass_Butte,0725,687,579,42.99622944813011,-118.8794001017177,0.8570185303688049
Jackass_Butte,0725,379,455,43.079314538482826,-118.9251694592582,0.7620929479598999
Jackass_Butte,0725,472,620,43.0542271573049,-118.86426668511157,0.8814355731010437
Jackass_Butte,0725,619,504,43.014572909636556,-118.90708318087526,0.8578689098358154
Jackass_Butte,0725,397,586,43.07445891631936,-118.876816347663,0.9905936121940613
Jackass_Butte,0725,378,586,43.07958429526969,-118.876816347663,0.9942232966423035
Jackass_Butte,0725,450,663,43.0601618066158,-118.84839505306124,0.7872576117515564
Jackass_Butte,0725,611,602,43.01673096393143,-118.87091062410938,0.8998299837112427
Jackass_Butte,0725,672,521,43.000275799933,-118.90080834959954,0.7548187375068665
Jackass_Butte,0725,343,565,43.08902578280977,-118.88456760982712,0.8302835822105408
Jackass_Butte,0725,334,581,43.09145359389151,-118.8786618862735,0.9033432602882385
Jackass_Butte,0725,568,396,43.02833050576639,-118.94694681486214,0.8555631041526794
Jackass_Butte,0725,647,634,43.00701971960449,-118.85909917700215,0.5104964375495911
Jackass_Butte,0725,439,623,43.06312913127126,-118.86315936194526,0.8466764092445374
Jackass_Butte,0725,689,577,42.99568993455639,-118.88013831716191,0.8502131700515747
Jackass_Butte,0725,456,671,43.05854326589465,-118.84544219128443,0.9177689552307129
Jackass_Butte,0725,409,615,43.07122183487704,-118.86611222372207,0.911353349685669
Jackass_Butte,0725,330,574,43.09253262103894,-118.8812456403282,0.9004250168800354
Jackass_Butte,0725,555,372,43.03183734399556,-118.95580540019256,0.8453860282897949
Jackass_Butte,0725,336,576,43.09091408031779,-118.880507424884,0.8959670066833496
Jackass_Butte,0725,573,695,43.026981721832094,-118.836583605954,0.9430485367774963
Jackass_Butte,0725,609,491,43.01727047750515,-118.91188158126256,0.8481059670448303
Jackass_Butte,0725,386,656,43.07742624097481,-118.85097880711594,0.9208961129188538
Jackass_Butte,0725,394,566,43.075268186679935,-118.88419850210501,0.9919648766517639
Jackass_Butte,0725,379,589,43.079314538482826,-118.87570902449669,0.9880387783050537
Jackass_Butte,0725,658,579,43.004052394949035,-118.8794001017177,0.9570244550704956
Jackass_Butte,0725,330,550,43.09253262103894,-118.89010422565862,0.7934144735336304
Jackass_Butte,0725,324,521,43.0941511617601,-118.90080834959954,0.7055942416191101
Jackass_Butte,0725,487,367,43.050180805502,-118.95765093880307,0.873388409614563
Jackass_Butte,0725,473,632,43.05395740051804,-118.85983739244637,0.8474732041358948
Jackass_Butte,0725,485,619,43.05072031907572,-118.86463579283367,0.8946020603179932
Jackass_Butte,0725,578,687,43.0256329378978,-118.83953646773081,0.9013680219650269
Jackass_Butte,0725,563,660,43.02967928970069,-118.84950237622753,0.9398829340934753
Jackass_Butte,0725,654,516,43.005131422096476,-118.90265388821005,0.7319230437278748
Jackass_Butte,0725,708,573,42.99056455560606,-118.88161474805031,0.5868189930915833
Jackass_Butte,0725,568,428,43.02833050576639,-118.93513536775492,0.9299327731132507
Jackass_Butte,0725,684,611,42.99703871849069,-118.86758865461047,0.6142206192016602
Jackass_Butte,0725,292,526,43.102783378939606,-118.89896281098905,0.5986800789833069
Jackass_Butte,0725,494,693,43.04829250799399,-118.8373218213982,0.9070234894752502
Jackass_Butte,0725,513,655,43.04316712904366,-118.85134791483804,0.8271841406822205
Jackass_Butte,0725,357,642,43.085249187793735,-118.85614631522535,0.919462263584137
Jackass_Butte,0725,552,673,43.03264661435614,-118.84470397584023,0.8628281354904175
Jackass_Butte,0725,574,680,43.02671196504523,-118.84212022178552,0.9276440143585205
Jackass_Butte,0725,664,589,43.00243385422788,-118.87570902449669,0.9501585960388184
Jackass_Butte,0725,576,432,43.02617245147151,-118.93365893686652,0.9245880842208862
Jackass_Butte,0725,592,473,43.02185634288176,-118.91852552026039,0.8452431559562683
Jackass_Butte,0725,568,664,43.02833050576639,-118.84802594533913,0.9580565094947815
Jackass_Butte,0725,476,678,43.05314813015746,-118.84285843722972,0.8985849022865295
Jackass_Butte,0725,645,615,43.007559233178206,-118.86611222372207,0.7716702818870544
Jackass_Butte,0725,423,665,43.06744523986101,-118.84765683761704,0.8287365436553955
Jackass_Butte,0725,395,615,43.07499842989308,-118.86611222372207,0.8273735046386719
Jackass_Butte,0725,401,583,43.07337988917192,-118.8779236708293,0.9811339974403381
Jackass_Butte,0725,345,622,43.08848626923605,-118.86352846966737,0.9097565412521362
Jackass_Butte,0725,452,618,43.05962229304209,-118.86500490055577,0.7579930424690247
Jackass_Butte,0725,369,462,43.08201210635142,-118.92258570520349,0.5780782699584961
Jackass_Butte,0725,481,385,43.05179934622316,-118.95100699980526,0.8798043727874756
Jackass_Butte,0725,335,583,43.091183837104644,-118.8779236708293,0.9062752723693848
Jackass_Butte,0725,581,424,43.02482366753721,-118.93661179864333,0.9027281403541565
Jackass_Butte,0725,636,513,43.009987044259944,-118.90376121137635,0.846585750579834
Jackass_Butte,0725,497,650,43.04748323763341,-118.85319345344854,0.598349392414093
Jackass_Butte,0725,582,689,43.024553910750356,-118.83879825228661,0.8507895469665527
Jackass_Butte,0725,586,417,43.023474883602915,-118.93919555269802,0.8775938749313354
Jackass_Butte,0725,419,615,43.06852426700845,-118.86611222372207,0.9122410416603088
Jackass_Butte,0725,385,567,43.07769599776167,-118.88382939438291,0.9878209829330444
Jackass_Butte,0725,369,634,43.08201210635142,-118.85909917700215,0.9240958094596863
Jackass_Butte,0725,653,575,43.00540117888333,-118.88087653260611,0.9731631278991699
Jackass_Butte,0725,567,652,43.02860026255325,-118.85245523800434,0.9240409135818481
Jackass_Butte,0725,345,595,43.08848626923605,-118.87349437816408,0.9084364175796509
Jackass_Butte,0725,540,667,43.035883695798454,-118.84691862217284,0.6294517517089844
Jackass_Butte,0725,677,524,42.9989270159987,-118.89970102643325,0.8046532273292542
Jackass_Butte,0725,464,392,43.056385211599775,-118.94842324575055,0.7580680251121521
Jackass_Butte,0725,380,614,43.07904478169597,-118.86648133144418,0.7699248194694519
Jackass_Butte,0725,490,357,43.049371535141425,-118.96134201602408,0.5023139715194702
Jackass_Butte,0725,651,582,43.00594069245705,-118.8782927785514,0.9767358303070068
Jackass_Butte,0725,460,404,43.05746423874721,-118.94399395308534,0.8303121328353882
Jackass_Butte,0725,701,574,42.99245285311408,-118.8812456403282,0.791881799697876
Jackass_Butte,0725,459,657,43.05773399553407,-118.85060969939384,0.7461225986480713
Jackass_Butte,0725,455,626,43.058813022681505,-118.86205203877897,0.5684939622879028
Jackass_Butte,0725,391,586,43.07607745704051,-118.876816347663,0.9915030002593994
Jackass_Butte,0725,369,459,43.08201210635142,-118.9236930283698,0.6401663422584534
Jackass_Butte,0725,322,541,43.094690675333815,-118.89342619515753,0.6709775924682617
Jackass_Butte,0725,660,600,43.003512881375315,-118.87164883955359,0.8417927026748657
Jackass_Butte,0725,403,436,43.072840375598204,-118.93218250597812,0.539170503616333
Jackass_Butte,0725,385,619,43.07769599776167,-118.86463579283367,0.7520887851715088
Jackass_Butte,0725,417,588,43.06906378058217,-118.8760781322188,0.9637496471405029
Jackass_Butte,0725,586,427,43.023474883602915,-118.93550447547702,0.918628454208374
Jackass_Butte,0725,404,620,43.07257061881134,-118.86426668511157,0.707705020904541
Jackass_Butte,0725,327,549,43.09334189139952,-118.89047333338073,0.7473573088645935
Jackass_Butte,0725,475,378,43.05341788694432,-118.95359075385996,0.670863926410675
Jackass_Butte,0725,482,653,43.0515295894363,-118.85208613028225,0.7918210029602051
Jackass_Butte,0725,576,471,43.02617245147151,-118.91926373570459,0.9156123399734497
Jackass_Butte,0725,510,667,43.04397639940424,-118.84691862217284,0.7705286741256714
Jackass_Butte,0725,637,509,43.00971728747309,-118.90523764226475,0.8129125237464905
Jackass_Butte,0725,461,667,43.05719448196035,-118.84691862217284,0.9192781448364258
Jackass_Butte,0725,336,508,43.09091408031779,-118.90560674998686,0.7726547718048096
Jackass_Butte,0725,680,600,42.998117745638126,-118.87164883955359,0.8324491381645203
Jackass_Butte,0725,342,600,43.08929553959663,-118.87164883955359,0.9212818741798401
Jackass_Butte,0725,313,565,43.09711848641555,-118.88456760982712,0.9135543704032898
Jackass_Butte,0725,355,602,43.085788701367456,-118.87091062410938,0.813864529132843
Jackass_Butte,0725,481,363,43.05179934622316,-118.95912736969147,0.515868067741394
Jackass_Butte,0725,577,697,43.02590269468465,-118.8358453905098,0.9171927571296692
Jackass_Butte,0725,549,388,43.033455884716716,-118.94989967663895,0.8949787616729736
Jackass_Butte,0725,494,654,43.04829250799399,-118.85171702256014,0.7126269340515137
Jackass_Butte,0725,632,504,43.011066071407384,-118.90708318087526,0.7835522890090942
Jackass_Butte,0725,356,632,43.0855189445806,-118.85983739244637,0.9210479855537415
Jackass_Butte,0725,565,658,43.02913977612697,-118.85024059167174,0.951720118522644
Jackass_Butte,0725,424,663,43.06717548307415,-118.84839505306124,0.8324495553970337
Jackass_Butte,0725,351,602,43.086867728514896,-118.87091062410938,0.8435301780700684
Jackass_Butte,0725,374,633,43.080663322417124,-118.85946828472426,0.9101406335830688
Jackass_Butte,0725,669,620,43.001085070293584,-118.86426668511157,0.662436306476593
Jackass_Butte,0725,636,607,43.009987044259944,-118.86906508549887,0.8623476624488831
Jackass_Butte,0725,573,614,43.026981721832094,-118.86648133144418,0.9368996024131775
Jackass_Butte,0725,696,598,42.99380163704838,-118.87238705499779,0.7665851712226868
Jackass_Butte,0725,614,499,43.01592169357085,-118.90892871948576,0.8654215931892395
Jackass_Butte,0725,645,621,43.007559233178206,-118.86389757738947,0.835390567779541
Jackass_Butte,0725,336,609,43.09091408031779,-118.86832687005467,0.9179104566574097
Jackass_Butte,0725,407,653,43.071761348450764,-118.85208613028225,0.8552753329277039
Jackass_Butte,0725,572,659,43.02725147861895,-118.84987148394964,0.780134379863739
Jackass_Butte,0725,704,589,42.9916435827535,-118.87570902449669,0.8108615875244141
Jackass_Butte,0725,563,622,43.02967928970069,-118.86352846966737,0.947774350643158
Jackass_Butte,0725,463,644,43.05665496838663,-118.85540809978114,0.9388079047203064
Jackass_Butte,0725,401,620,43.07337988917192,-118.86426668511157,0.6538354754447937
Jackass_Butte,0725,385,612,43.07769599776167,-118.86721954688838,0.9059476852416992
Jackass_Butte,0725,653,593,43.00540117888333,-118.87423259360828,0.932659924030304
Jackass_Butte,0725,664,612,43.00243385422788,-118.86721954688838,0.9254586696624756
Jackass_Butte,0725,360,493,43.08443991743316,-118.91114336581836,0.8504914045333862
Jackass_Butte,0725,696,594,42.99380163704838,-118.87386348588619,0.9101043939590454
Jackass_Butte,0725,364,588,43.08336089028572,-118.8760781322188,0.9763988256454468
Jackass_Butte,0725,356,625,43.0855189445806,-118.86242114650106,0.9177674651145935
Jackass_Butte,0725,611,499,43.01673096393143,-118.90892871948576,0.8659295439720154
Jackass_Butte,0725,519,672,43.0415485883225,-118.84507308356233,0.7065525054931641
Jackass_Butte,0725,604,477,43.01861926143945,-118.91704908937199,0.5997740626335144
Jackass_Butte,0725,627,505,43.01241485534168,-118.90671407315315,0.8506701588630676
Jackass_Butte,0725,546,693,43.0342651550773,-118.8373218213982,0.9185367226600647
Jackass_Butte,0725,643,519,43.00809874675193,-118.90154656504374,0.843368649482727
Jackass_Butte,0725,545,372,43.03453491186416,-118.95580540019256,0.9094713926315308
Jackass_Butte,0725,461,641,43.05719448196035,-118.85651542294745,0.8907411694526672
Jackass_Butte,0725,339,581,43.090104809957204,-118.8786618862735,0.9031267762184143
Jackass_Butte,0725,475,628,43.05341788694432,-118.86131382333477,0.8687047362327576
Jackass_Butte,0725,300,536,43.100625324644724,-118.89527173376803,0.7865738272666931
Jackass_Butte,0725,646,525,43.00728947639135,-118.89933191871114,0.8456323742866516
Jackass_Butte,0725,453,650,43.059352536255226,-118.85319345344854,0.5974884629249573
Jackass_Butte,0725,447,661,43.06097107697639,-118.84913326850544,0.6739272475242615
Jackass_Butte,0725,375,648,43.08039356563027,-118.85393166889274,0.9260889887809753
Jackass_Butte,0725,532,692,43.03804175009333,-118.83769092912031,0.8854893445968628
Jackass_Butte,0725,667,577,43.0016245838673,-118.88013831716191,0.9603127241134644
Jackass_Butte,0725,367,468,43.08255161992514,-118.92037105887088,0.6596302390098572
Jackass_Butte,0725,573,445,43.026981721832094,-118.9288605364792,0.8749139308929443
Jackass_Butte,0725,363,584,43.08363064707258,-118.8775545631072,0.9427309036254883
Jackass_Butte,0725,460,615,43.05746423874721,-118.86611222372207,0.863538384437561
Jackass_Butte,0725,365,609,43.08309113349886,-118.86832687005467,0.8033648133277893
Jackass_Butte,0725,563,670,43.02967928970069,-118.84581129900653,0.9628557562828064
Jackass_Butte,0725,461,661,43.05719448196035,-118.84913326850544,0.8361064791679382
Jackass_Butte,0725,561,650,43.0302188032744,-118.85319345344854,0.9023289680480957
Jackass_Butte,0725,486,370,43.050450562288866,-118.95654361563676,0.8728124499320984
Jackass_Butte,0725,326,566,43.09361164818638,-118.88419850210501,0.9162141680717468
Jackass_Butte,0725,583,462,43.02428415396349,-118.92258570520349,0.831192672252655
Jackass_Butte,0725,496,360,43.04775299442027,-118.96023469285777,0.8495393395423889
Jackass_Butte,0725,534,670,43.03750223651961,-118.84581129900653,0.5966976284980774
Jackass_Butte,0725,359,494,43.084709674220015,-118.91077425809627,0.8507192730903625
Jackass_Butte,0725,560,670,43.030488560061265,-118.84581129900653,0.9270434975624084
Jackass_Butte,0725,375,644,43.08039356563027,-118.85540809978114,0.9293447136878967
Jackass_Butte,0725,322,593,43.094690675333815,-118.87423259360828,0.919462263584137
Jackass_Butte,0725,485,666,43.05072031907572,-118.84728772989493,0.8998884558677673
Jackass_Butte,0725,324,535,43.0941511617601,-118.89564084149013,0.801482617855072
Jackass_Butte,0725,464,659,43.056385211599775,-118.84987148394964,0.8092805743217468
Jackass_Butte,0725,314,568,43.0968487296287,-118.8834602866608,0.9119345545768738
Jackass_Butte,0725,437,671,43.06366864484498,-118.84544219128443,0.8349127769470215
Jackass_Butte,0725,327,512,43.09334189139952,-118.90413031909846,0.609941840171814
Jackass_Butte,0725,356,619,43.0855189445806,-118.86463579283367,0.8998953700065613
Jackass_Butte,0725,540,704,43.035883695798454,-118.8332616364551,0.6661661863327026
Jackass_Butte,0725,498,660,43.04721348084655,-118.84950237622753,0.7949876189231873
Jackass_Butte,0725,600,479,43.01969828858689,-118.91631087392778,0.824294924736023
Jackass_Butte,0725,613,491,43.01619145035771,-118.91188158126256,0.760250985622406
Jackass_Butte,0725,583,457,43.02428415396349,-118.924431243814,0.8758858442306519
Jackass_Butte,0725,689,563,42.99568993455639,-118.88530582527132,0.9480406045913696
Jackass_Butte,0725,428,630,43.06609645592671,-118.86057560789057,0.6392553448677063
Jackass_Butte,0725,389,656,43.07661697061423,-118.85097880711594,0.9105682969093323
Jackass_Butte,0725,406,627,43.07203110523762,-118.86168293105686,0.6806567907333374
Jackass_Butte,0725,482,663,43.0515295894363,-118.84839505306124,0.8853312730789185
Jackass_Butte,0725,336,602,43.09091408031779,-118.87091062410938,0.9177820682525635
Jackass_Butte,0725,487,649,43.050180805502,-118.85356256117065,0.7075009346008301
Jackass_Butte,0725,703,579,42.99191333954036,-118.8794001017177,0.8162558674812317
Jackass_Butte,0725,578,406,43.0256329378978,-118.94325573764114,0.8444275856018066
Jackass_Butte,0725,381,600,43.078775024909106,-118.87164883955359,0.967931866645813
Jackass_Butte,0725,572,619,43.02725147861895,-118.86463579283367,0.9388347268104553
Jackass_Butte,0725,541,668,43.0356139390116,-118.84654951445073,0.707449734210968
Jackass_Butte,0725,564,438,43.029409532913824,-118.93144429053392,0.9068928360939026
Jackass_Butte,0725,534,699,43.03750223651961,-118.8351071750656,0.6741642355918884
Jackass_Butte,0725,473,678,43.05395740051804,-118.84285843722972,0.9070085883140564
Jackass_Butte,0725,354,608,43.08605845815431,-118.86869597777678,0.8716904520988464
Jackass_Butte,0725,334,579,43.09145359389151,-118.8794001017177,0.8952078223228455
Jackass_Butte,0725,322,605,43.094690675333815,-118.86980330094308,0.919462263584137
Jackass_Butte,0725,641,593,43.00863826032565,-118.87423259360828,0.9228211045265198
Jackass_Butte,0725,532,363,43.03804175009333,-118.95912736969147,0.9063380360603333
Jackass_Butte,0725,507,678,43.04478566976481,-118.84285843722972,0.9134108424186707
Jackass_Butte,0725,612,607,43.01646120714457,-118.86906508549887,0.8853294253349304
Jackass_Butte,0725,656,524,43.004591908522755,-118.89970102643325,0.8050560355186462
Jackass_Butte,0725,491,632,43.04910177835457,-118.85983739244637,0.9003241658210754
Jackass_Butte,0725,591,461,43.02212609966862,-118.9229548129256,0.5236133933067322
Jackass_Butte,0725,571,405,43.02752123540581,-118.94362484536323,0.8619142770767212
Jackass_Butte,0725,479,375,43.05233885979688,-118.95469807702626,0.7441031336784363
Jackass_Butte,0725,392,619,43.075807700253655,-118.86463579283367,0.6947972774505615
Jackass_Butte,0725,685,528,42.99676896170383,-118.89822459554485,0.7791641354560852
Jackass_Butte,0725,623,506,43.013493882489115,-118.90634496543106,0.8561140894889832
Jackass_Butte,0725,689,574,42.99568993455639,-118.8812456403282,0.8732835054397583
Jackass_Butte,0725,562,385,43.029949046487545,-118.95100699980526,0.8444435596466064
Jackass_Butte,0725,695,577,42.994071393835235,-118.88013831716191,0.8717865347862244
Jackass_Butte,0725,522,688,43.04073931796192,-118.83916736000872,0.8783218264579773
Jackass_Butte,0725,387,582,43.07715648418795,-118.8782927785514,0.9963114261627197
Jackass_Butte,0725,649,595,43.00648020603077,-118.87349437816408,0.953636884689331
Jackass_Butte,0725,649,573,43.00648020603077,-118.88161474805031,0.9655553102493286
Jackass_Butte,0725,482,632,43.0515295894363,-118.85983739244637,0.8349926471710205
Jackass_Butte,0725,588,454,43.022935370029195,-118.9255385669803,0.8645353317260742
Jackass_Butte,0725,329,592,43.092802377825805,-118.87460170133039,0.919462263584137
Jackass_Butte,0725,625,603,43.012954368915395,-118.87054151638728,0.9098406434059143
Jackass_Butte,0725,359,621,43.084709674220015,-118.86389757738947,0.8944133520126343
Jackass_Butte,0725,351,601,43.086867728514896,-118.87127973183148,0.8570557832717896
Jackass_Butte,0725,324,540,43.0941511617601,-118.89379530287962,0.7617524266242981
Jackass_Butte,0725,486,630,43.050450562288866,-118.86057560789057,0.8866639733314514
Jackass_Butte,0725,531,679,43.03831150688019,-118.84248932950763,0.9366297125816345
Jackass_Butte,0725,566,678,43.028870019340104,-118.84285843722972,0.9970681071281433
Jackass_Butte,0725,515,658,43.04262761546994,-118.85024059167174,0.8379335999488831
Jackass_Butte,0725,544,673,43.03480466865101,-118.84470397584023,0.8458482623100281
Jackass_Butte,0725,350,541,43.08713748530175,-118.89342619515753,0.9417144060134888
Jackass_Butte,0725,681,599,42.99784798885127,-118.87201794727568,0.8810365200042725
Jackass_Butte,0725,625,497,43.012954368915395,-118.90966693492996,0.6593687534332275
Jackass_Butte,0725,522,681,43.04073931796192,-118.84175111406343,0.8586998581886292
Jackass_Butte,0725,684,605,42.99703871849069,-118.86980330094308,0.7638906240463257
Jackass_Butte,0725,340,531,43.08983505317035,-118.89711727237854,0.9495454430580139
Jackass_Butte,0725,663,600,43.00270361101474,-118.87164883955359,0.8564385175704956
Jackass_Butte,0725,547,384,43.033995398290436,-118.95137610752735,0.8990981578826904
Jackass_Butte,0725,585,433,43.02374464038978,-118.93328982914441,0.8665534257888794
Jackass_Butte,0725,342,549,43.08929553959663,-118.89047333338073,0.8737000226974487
Jackass_Butte,0725,629,509,43.01187534176796,-118.90523764226475,0.8499499559402466
Jackass_Butte,0725,542,626,43.03534418222473,-118.86205203877897,0.9508998990058899
Jackass_Butte,0725,677,535,42.9989270159987,-118.89564084149013,0.8799946904182434
Jackass_Butte,0725,371,476,43.0814725927777,-118.91741819709408,0.8432897329330444
Jackass_Butte,0725,571,695,43.02752123540581,-118.836583605954,0.9460414052009583
Jackass_Butte,0725,535,635,43.03723247973275,-118.85873006928006,0.9425646662712097
Jackass_Butte,0725,584,469,43.024014397176636,-118.92000195114879,0.8666092753410339
Jackass_Butte,0725,572,668,43.02725147861895,-118.84654951445073,0.9733949303627014
Jackass_Butte,0725,472,653,43.0542271573049,-118.85208613028225,0.9066126346588135
Jackass_Butte,0725,515,686,43.04262761546994,-118.83990557545292,0.9029288291931152
Jackass_Butte,0725,330,508,43.09253262103894,-118.90560674998686,0.6389377117156982
Jackass_Butte,0725,365,631,43.08309113349886,-118.86020650016846,0.9256293177604675
Jackass_Butte,0725,645,590,43.007559233178206,-118.87533991677459,0.947740912437439
Jackass_Butte,0725,549,694,43.033455884716716,-118.83695271367611,0.9230527281761169
Jackass_Butte,0725,555,380,43.03183734399556,-118.95285253841575,0.8684260845184326
Jackass_Butte,0725,580,478,43.025093424324076,-118.91667998164988,0.9194620847702026
Jackass_Butte,0725,645,511,43.007559233178206,-118.90449942682055,0.7606619596481323
Jackass_Butte,0725,483,662,43.05125983264944,-118.84876416078333,0.8649150133132935
Jackass_Butte,0725,657,594,43.00432215173589,-118.87386348588619,0.9277966618537903
Jackass_Butte,0725,348,622,43.08767699887547,-118.86352846966737,0.9235360622406006
Jackass_Butte,0725,547,699,43.033995398290436,-118.8351071750656,0.8860400319099426
Jackass_Butte,0725,367,633,43.08255161992514,-118.85946828472426,0.9190547466278076
Jackass_Butte,0725,606,619,43.01807974786573,-118.86463579283367,0.5382411479949951
Jackass_Butte,0725,352,559,43.08659797172803,-118.88678225615972,0.7037501335144043
Jackass_Butte,0725,677,565,42.9989270159987,-118.88456760982712,0.9428897500038147
Jackass_Butte,0725,470,395,43.054766670878614,-118.94731592258424,0.8703926205635071
Jackass_Butte,0725,459,400,43.05773399553407,-118.94547038397374,0.8125133514404297
Jackass_Butte,0725,581,480,43.02482366753721,-118.91594176620568,0.9242746233940125
Jackass_Butte,0725,343,569,43.08902578280977,-118.88309117893871,0.8918890357017517
Jackass_Butte,0725,485,663,43.05072031907572,-118.84839505306124,0.8558610677719116
Jackass_Butte,0725,323,533,43.09442091854696,-118.89637905693434,0.7902556657791138
Jackass_Butte,0725,541,362,43.0356139390116,-118.95949647741357,0.8794057369232178
Jackass_Butte,0725,610,495,43.01700072071829,-118.91040515037416,0.8582279682159424
Jackass_Butte,0725,668,611,43.00135482708044,-118.86758865461047,0.8977400660514832
Jackass_Butte,0725,459,650,43.05773399553407,-118.85319345344854,0.7490943670272827
Jackass_Butte,0725,439,666,43.06312913127126,-118.84728772989493,0.6902959942817688
Jackass_Butte,0725,386,632,43.07742624097481,-118.85983739244637,0.632819652557373
Jackass_Butte,0725,521,355,43.041009074748786,-118.96208023146828,0.8599621057510376
Jackass_Butte,0725,475,683,43.05341788694432,-118.84101289861921,0.9190719723701477
Jackass_Butte,0725,457,619,43.05827350910779,-118.86463579283367,0.7748194336891174
Jackass_Butte,0725,419,660,43.06852426700845,-118.84950237622753,0.5009266138076782
Jackass_Butte,0725,413,616,43.0701428077296,-118.86574311599998,0.912431538105011
Jackass_Butte,0725,514,351,43.042897372256796,-118.96355666235668,0.7449469566345215
Jackass_Butte,0725,353,618,43.086328214941176,-118.86500490055577,0.9138420224189758
Jackass_Butte,0725,545,685,43.03453491186416,-118.84027468317501,0.9649946093559265
Jackass_Butte,0725,307,545,43.09873702713671,-118.89194976426913,0.7282949090003967
Jackass_Butte,0725,393,591,43.0755379434668,-118.87497080905248,0.992041826248169
Jackass_Butte,0725,696,570,42.99380163704838,-118.8827220712166,0.8890715837478638
Jackass_Butte,0725,350,638,43.08713748530175,-118.85762274611375,0.919462263584137
Jackass_Butte,0725,698,568,42.99326212347466,-118.8834602866608,0.8640580773353577
Jackass_Butte,0725,475,654,43.05341788694432,-118.85171702256014,0.8908212184906006
Jackass_Butte,0725,628,514,43.01214509855482,-118.90339210365426,0.8636932373046875
Jackass_Butte,0725,498,641,43.04721348084655,-118.85651542294745,0.8010451793670654
Jackass_Butte,0725,384,639,43.07796575454853,-118.85725363839165,0.7545454502105713
Jackass_Butte,0725,356,570,43.0855189445806,-118.8827220712166,0.8095190525054932
Jackass_Butte,0725,465,392,43.05611545481291,-118.94842324575055,0.8214255571365356
Jackass_Butte,0725,421,634,43.06798475343473,-118.85909917700215,0.6076928973197937
Jackass_Butte,0725,582,621,43.024553910750356,-118.86389757738947,0.869625449180603
Jackass_Butte,0725,322,595,43.094690675333815,-118.87349437816408,0.919462263584137
Jackass_Butte,0725,453,632,43.059352536255226,-118.85983739244637,0.6357513070106506
Jackass_Butte,0725,676,588,42.99919677278557,-118.8760781322188,0.8168572783470154
Jackass_Butte,0725,378,559,43.07958429526969,-118.88678225615972,0.969672679901123
Jackass_Butte,0725,366,604,43.082821376712005,-118.87017240866518,0.885645866394043
Jackass_Butte,0725,498,355,43.04721348084655,-118.96208023146828,0.7904306650161743
Jackass_Butte,0725,462,617,43.056924725173495,-118.86537400827787,0.8390603065490723
Jackass_Butte,0725,556,676,43.0315675872087,-118.84359665267392,0.9083768129348755
Jackass_Butte,0725,357,603,43.085249187793735,-118.87054151638728,0.7891333699226379
Jackass_Butte,0725,621,599,43.014033396062835,-118.87201794727568,0.9385440349578857
Jackass_Butte,0725,555,680,43.03183734399556,-118.84212022178552,0.9660412669181824
Jackass_Butte,0725,552,707,43.03264661435614,-118.8321543132888,0.6441484093666077
Jackass_Butte,0725,602,611,43.01915877501317,-118.86758865461047,0.8631874322891235
Jackass_Butte,0725,540,371,43.035883695798454,-118.95617450791467,0.9467886686325073
Jackass_Butte,0725,377,561,43.07985405205655,-118.88604404071552,0.9720951318740845
Jackass_Butte,0725,686,606,42.99649920491697,-118.86943419322098,0.7545521855354309
Jackass_Butte,0725,540,368,43.035883695798454,-118.95728183108096,0.9086316823959351
Jackass_Butte,0725,476,625,43.05314813015746,-118.86242114650106,0.8911083340644836
Jackass_Butte,0725,658,627,43.004052394949035,-118.86168293105686,0.8259719610214233
Jackass_Butte,0725,433,663,43.064747671992414,-118.84839505306124,0.7597454190254211
Jackass_Butte,0725,690,573,42.99542017776953,-118.88161474805031,0.8800100684165955
Jackass_Butte,0725,529,683,43.038851020453905,-118.84101289861921,0.9205083847045898
Jackass_Butte,0725,359,550,43.084709674220015,-118.89010422565862,0.9130655527114868
Jackass_Butte,0725,473,373,43.05395740051804,-118.95543629247047,0.5748233199119568
Jackass_Butte,0725,348,627,43.08767699887547,-118.86168293105686,0.9205625057220459
Jackass_Butte,0725,661,574,43.00324312458846,-118.8812456403282,0.9692400693893433
Jackass_Butte,0725,567,694,43.02860026255325,-118.83695271367611,0.9479094743728638
Jackass_Butte,0725,689,584,42.99568993455639,-118.8775545631072,0.844658613204956
Jackass_Butte,0725,470,390,43.054766670878614,-118.94916146119475,0.8639147281646729
Jackass_Butte,0725,552,685,43.03264661435614,-118.84027468317501,0.9851942658424377
Jackass_Butte,0725,546,668,43.0342651550773,-118.84654951445073,0.7952930331230164
Jackass_Butte,0725,575,614,43.02644220825837,-118.86648133144418,0.9261761903762817
Jackass_Butte,0725,366,584,43.082821376712005,-118.8775545631072,0.9656875133514404
Jackass_Butte,0725,512,657,43.043436885830516,-118.85060969939384,0.8121526837348938
Jackass_Butte,0725,366,562,43.082821376712005,-118.88567493299341,0.7959970831871033
Jackass_Butte,0725,647,599,43.00701971960449,-118.87201794727568,0.9074562191963196
Jackass_Butte,0725,541,643,43.0356139390116,-118.85577720750325,0.9688910245895386
Jackass_Butte,0725,551,387,43.032916371142996,-118.95026878436106,0.8890506029129028
Jackass_Butte,0725,322,537,43.094690675333815,-118.89490262604593,0.7450161576271057
Jackass_Butte,0725,649,626,43.00648020603077,-118.86205203877897,0.8781582713127136
Jackass_Butte,0725,381,585,43.078775024909106,-118.87718545538509,0.9784414768218994
Jackass_Butte,0725,549,672,43.033455884716716,-118.84507308356233,0.857509195804596
Jackass_Butte,0725,649,519,43.00648020603077,-118.90154656504374,0.8026001453399658
Jackass_Butte,0725,566,701,43.028870019340104,-118.8343689596214,0.893260657787323
Jackass_Butte,0725,538,369,43.036423209372174,-118.95691272335887,0.9202013611793518
Jackass_Butte,0725,630,611,43.0116055849811,-118.86758865461047,0.6704119443893433
Jackass_Butte,0725,561,462,43.0302188032744,-118.92258570520349,0.9393602609634399
Jackass_Butte,0725,441,631,43.06258961769754,-118.86020650016846,0.664874255657196
Jackass_Butte,0725,353,580,43.086328214941176,-118.8790309939956,0.8667150735855103
Jackass_Butte,0725,323,552,43.09442091854696,-118.88936601021442,0.7395024299621582
Jackass_Butte,0725,330,538,43.09253262103894,-118.89453351832383,0.8554993867874146
Jackass_Butte,0725,346,634,43.08821651244919,-118.85909917700215,0.9267227649688721
Jackass_Butte,0725,461,616,43.05719448196035,-118.86574311599998,0.8558887839317322
Jackass_Butte,0725,617,507,43.015112423210276,-118.90597585770895,0.8792756199836731
Jackass_Butte,0725,342,541,43.08929553959663,-118.89342619515753,0.9276420474052429
Jackass_Butte,0725,359,585,43.084709674220015,-118.87718545538509,0.8503990769386292
Jackass_Butte,0725,383,621,43.07823551133539,-118.86389757738947,0.7980703711509705
Jackass_Butte,0725,584,614,43.024014397176636,-118.86648133144418,0.8896540403366089
Jackass_Butte,0725,617,499,43.015112423210276,-118.90892871948576,0.857979953289032
Jackass_Butte,0725,528,359,43.03912077724077,-118.96060380057988,0.8899819254875183
Jackass_Butte,0725,358,632,43.08497943100688,-118.85983739244637,0.9229245185852051
Jackass_Butte,0725,338,505,43.09037456674407,-118.90671407315315,0.7356019020080566
Jackass_Butte,0725,388,634,43.076886727401096,-118.85909917700215,0.545689582824707
Jackass_Butte,0725,625,511,43.012954368915395,-118.90449942682055,0.8652945756912231
Jackass_Butte,0725,354,599,43.08605845815431,-118.87201794727568,0.8014401793479919
Jackass_Butte,0725,564,458,43.029409532913824,-118.92406213609189,0.9322858452796936
Jackass_Butte,0725,405,579,43.072300862024484,-118.8794001017177,0.9764280915260315
Jackass_Butte,0725,410,661,43.07095207809019,-118.84913326850544,0.9097855091094971
Jackass_Butte,0725,584,691,43.024014397176636,-118.8380600368424,0.8132332563400269
Jackass_Butte,0725,670,507,43.00081531350672,-118.90597585770895,0.5393660068511963
Jackass_Butte,0725,675,625,42.99946652957242,-118.86242114650106,0.6607427597045898
Jackass_Butte,0725,393,578,43.0755379434668,-118.8797692094398,0.9878096580505371
Jackass_Butte,0725,677,573,42.9989270159987,-118.88161474805031,0.8735466599464417
Jackass_Butte,0725,351,613,43.086867728514896,-118.86685043916627,0.9128637313842773
Jackass_Butte,0725,464,403,43.056385211599775,-118.94436306080743,0.8608163595199585
Jackass_Butte,0725,405,583,43.072300862024484,-118.8779236708293,0.9729128479957581
Jackass_Butte,0725,588,419,43.022935370029195,-118.93845733725382,0.8757767677307129
Jackass_Butte,0725,379,608,43.079314538482826,-118.86869597777678,0.9376391768455505
Jackass_Butte,0725,406,587,43.07203110523762,-118.87644723994089,0.9777412414550781
Jackass_Butte,0725,360,626,43.08443991743316,-118.86205203877897,0.9140163660049438
Jackass_Butte,0725,596,610,43.02077731573432,-118.86795776233258,0.877672553062439
Jackass_Butte,0725,471,630,43.05449691409176,-118.86057560789057,0.8259937167167664
Jackass_Butte,0725,540,700,43.035883695798454,-118.83473806734351,0.7940152287483215
Jackass_Butte,0725,327,607,43.09334189139952,-118.86906508549887,0.919462263584137
Jackass_Butte,0725,347,497,43.08794675566233,-118.90966693492996,0.6977563500404358
Jackass_Butte,0725,577,394,43.02590269468465,-118.94768503030635,0.6385424137115479
Jackass_Butte,0725,373,600,43.08093307920399,-118.87164883955359,0.9516002535820007
Jackass_Butte,0725,467,673,43.0555759412392,-118.84470397584023,0.9012873768806458
Jackass_Butte,0725,335,622,43.091183837104644,-118.86352846966737,0.9141301512718201
Jackass_Butte,0725,603,488,43.018889018226304,-118.91298890442887,0.8552747964859009
Jackass_Butte,0725,578,398,43.0256329378978,-118.94620859941794,0.7695800065994263
Jackass_Butte,0725,688,573,42.99595969134325,-118.88161474805031,0.871985912322998
Jackass_Butte,0725,541,703,43.0356139390116,-118.8336307441772,0.7310023307800293
Jackass_Butte,0725,564,387,43.029409532913824,-118.95026878436106,0.8306071758270264
Jackass_Butte,0725,465,399,43.05611545481291,-118.94583949169584,0.8681453466415405
Jackass_Butte,0725,355,570,43.085788701367456,-118.8827220712166,0.81534343957901
Jackass_Butte,0725,682,597,42.997578232064406,-118.87275616271988,0.9056593775749207
Jackass_Butte,0725,487,361,43.050180805502,-118.95986558513567,0.6542741060256958
Jackass_Butte,0725,457,640,43.05827350910779,-118.85688453066955,0.7678189277648926
Jackass_Butte,0725,496,673,43.04775299442027,-118.84470397584023,0.9104242920875549
Jackass_Butte,0725,345,631,43.08848626923605,-118.86020650016846,0.9290231466293335
Jackass_Butte,0725,467,628,43.0555759412392,-118.86131382333477,0.8048837184906006
Jackass_Butte,0725,457,394,43.05827350910779,-118.94768503030635,0.5914287567138672
Jackass_Butte,0725,322,561,43.094690675333815,-118.88604404071552,0.8737818002700806
Jackass_Butte,0725,580,464,43.025093424324076,-118.92184748975929,0.8797109723091125
Jackass_Butte,0725,569,649,43.02806074897953,-118.85356256117065,0.8815450668334961
Jackass_Butte,0725,376,579,43.0801238088434,-118.8794001017177,0.9856588244438171
Jackass_Butte,0725,511,655,43.04370664261738,-118.85134791483804,0.8072651028633118
Jackass_Butte,0725,503,691,43.045864696912254,-118.8380600368424,0.7858869433403015
Jackass_Butte,0725,423,426,43.06744523986101,-118.93587358319913,0.6618323922157288
Jackass_Butte,0725,478,641,43.05260861658374,-118.85651542294745,0.8476735949516296
Jackass_Butte,0725,589,425,43.02266561324234,-118.93624269092122,0.8570590019226074
Jackass_Butte,0725,639,620,43.00917777389937,-118.86426668511157,0.6244425773620605
Jackass_Butte,0725,488,385,43.049911048715146,-118.95100699980526,0.9010775685310364
Jackass_Butte,0725,673,515,43.00000604314614,-118.90302299593215,0.5911968946456909
Jackass_Butte,0725,489,656,43.04964129192829,-118.85097880711594,0.792807400226593
Jackass_Butte,0725,574,675,43.02671196504523,-118.84396576039603,0.8524805903434753
Jackass_Butte,0725,550,647,43.03318612792986,-118.85430077661485,0.9662778973579407
Jackass_Butte,0725,633,609,43.01079631462052,-118.86832687005467,0.7691184878349304
Jackass_Butte,0725,377,590,43.07985405205655,-118.87533991677459,0.9926908016204834
Jackass_Butte,0725,561,702,43.0302188032744,-118.8339998518993,0.8379564881324768
Jackass_Butte,0725,480,389,43.05206910301002,-118.94953056891686,0.8975973725318909
Jackass_Butte,0725,642,606,43.00836850353879,-118.86943419322098,0.8534684777259827
Jackass_Butte,0725,678,605,42.998657259211846,-118.86980330094308,0.7616918683052063
Jackass_Butte,0725,566,656,43.028870019340104,-118.85097880711594,0.9417466521263123
Jackass_Butte,0725,586,419,43.023474883602915,-118.93845733725382,0.8880739808082581
Jackass_Butte,0725,472,658,43.0542271573049,-118.85024059167174,0.9103829860687256
Jackass_Butte,0725,549,705,43.033455884716716,-118.832892528733,0.6632894277572632
Jackass_Butte,0725,687,593,42.99622944813011,-118.87423259360828,0.8893002271652222
Jackass_Butte,0725,333,621,43.091723350678365,-118.86389757738947,0.9088141322135925
Jackass_Butte,0725,356,547,43.0855189445806,-118.89121154882493,0.9148274660110474
Jackass_Butte,0725,326,580,43.09361164818638,-118.8790309939956,0.9132279753684998
Jackass_Butte,0725,706,580,42.991104069179784,-118.8790309939956,0.7464635372161865
Jackass_Butte,0725,600,476,43.01969828858689,-118.91741819709408,0.6939625144004822
Jackass_Butte,0725,677,581,42.9989270159987,-118.8786618862735,0.8300231099128723
Jackass_Butte,0725,578,458,43.0256329378978,-118.92406213609189,0.8841303586959839
Jackass_Butte,0725,527,673,43.039390534027625,-118.84470397584023,0.8130195736885071
Jackass_Butte,0725,475,652,43.05341788694432,-118.85245523800434,0.8998793959617615
Jackass_Butte,0725,366,646,43.082821376712005,-118.85466988433694,0.9222537875175476
Jackass_Butte,0725,305,539,43.09927654071043,-118.89416441060173,0.6878864169120789
Jackass_Butte,0725,388,637,43.076886727401096,-118.85799185383586,0.5768824815750122
Jackass_Butte,0725,470,642,43.054766670878614,-118.85614631522535,0.9342750906944275
Jackass_Butte,0725,680,616,42.998117745638126,-118.86574311599998,0.5524839162826538
Jackass_Butte,0725,634,601,43.010526557833664,-118.87127973183148,0.9001611471176147
Jackass_Butte,0725,499,642,43.046943724059695,-118.85614631522535,0.8059877753257751
Jackass_Butte,0725,294,528,43.102243865365885,-118.89822459554485,0.6553887724876404
Jackass_Butte,0725,313,563,43.09711848641555,-118.88530582527132,0.8991882801055908
Jackass_Butte,0725,665,509,43.00216409744102,-118.90523764226475,0.7547591924667358
Jackass_Butte,0725,633,512,43.01079631462052,-118.90413031909846,0.8490855693817139
Jackass_Butte,0725,596,609,43.02077731573432,-118.86832687005467,0.8835341334342957
Jackass_Butte,0725,478,637,43.05260861658374,-118.85799185383586,0.8620978593826294
Jackass_Butte,0725,358,646,43.08497943100688,-118.85466988433694,0.919462263584137
Jackass_Butte,0725,578,464,43.0256329378978,-118.92184748975929,0.8724967837333679
Jackass_Butte,0725,517,655,43.04208810189622,-118.85134791483804,0.8727560043334961
Jackass_Butte,0725,579,401,43.02536318111093,-118.94510127625163,0.7604061365127563
Jackass_Butte,0725,340,615,43.08983505317035,-118.86611222372207,0.9158506989479065
Jackass_Butte,0725,349,556,43.08740724208861,-118.88788957932601,0.7561032772064209
Jackass_Butte,0725,571,687,43.02752123540581,-118.83953646773081,0.9887478351593018
Jackass_Butte,0725,601,479,43.019428531800024,-118.91631087392778,0.8083062767982483
Jackass_Butte,0725,699,596,42.992992366687794,-118.87312527044199,0.8419172167778015
Jackass_Butte,0725,547,390,43.033995398290436,-118.94916146119475,0.9028385877609253
Jackass_Butte,0725,573,623,43.026981721832094,-118.86315936194526,0.9013949632644653
Jackass_Butte,0725,588,434,43.022935370029195,-118.93292072142232,0.7313975691795349
Jackass_Butte,0725,578,411,43.0256329378978,-118.94141019903063,0.8783798813819885
Jackass_Butte,0725,506,682,43.04505542655168,-118.84138200634132,0.9391399025917053
Jackass_Butte,0725,490,685,43.049371535141425,-118.84027468317501,0.8945823907852173
Jackass_Butte,0725,663,577,43.00270361101474,-118.88013831716191,0.9513030648231506
Jackass_Butte,0725,562,643,43.029949046487545,-118.85577720750325,0.9066604971885681
Jackass_Butte,0725,494,359,43.04829250799399,-118.96060380057988,0.8229160904884338
Jackass_Butte,0725,375,574,43.08039356563027,-118.8812456403282,0.9928048253059387
Jackass_Butte,0725,693,570,42.994610907408955,-118.8827220712166,0.9009187817573547
Jackass_Butte,0725,489,659,43.04964129192829,-118.84987148394964,0.7941329479217529
Jackass_Butte,0725,386,588,43.07742624097481,-118.8760781322188,0.99473637342453
Jackass_Butte,0725,504,355,43.0455949401254,-118.96208023146828,0.7773557901382446
Jackass_Butte,0725,572,673,43.02725147861895,-118.84470397584023,0.9942806959152222
Jackass_Butte,0725,592,464,43.02185634288176,-118.92184748975929,0.6370382308959961
Jackass_Butte,0725,504,660,43.0455949401254,-118.84950237622753,0.7175219058990479
Jackass_Butte,0725,574,423,43.02671196504523,-118.93698090636542,0.916258692741394
Jackass_Butte,0725,601,477,43.019428531800024,-118.91704908937199,0.7038653492927551
Jackass_Butte,0725,414,625,43.069873050942746,-118.86242114650106,0.7448877692222595
Jackass_Butte,0725,547,670,43.033995398290436,-118.84581129900653,0.8581323027610779
Jackass_Butte,0725,674,616,42.99973628635929,-118.86574311599998,0.6579892039299011
Jackass_Butte,0725,544,634,43.03480466865101,-118.85909917700215,0.8842355608940125
Jackass_Butte,0725,395,650,43.07499842989308,-118.85319345344854,0.859017014503479
Jackass_Butte,0725,421,636,43.06798475343473,-118.85836096155795,0.5013616681098938
Jackass_Butte,0725,373,466,43.08093307920399,-118.92110927431509,0.7938718795776367
Jackass_Butte,0725,596,481,43.02077731573432,-118.91557265848358,0.8682544231414795
Jackass_Butte,0725,337,534,43.090644323530924,-118.89600994921224,0.9382861852645874
Jackass_Butte,0725,465,400,43.05611545481291,-118.94547038397374,0.8662206530570984
Jackass_Butte,0725,588,621,43.022935370029195,-118.86389757738947,0.8531937003135681
Jackass_Butte,0725,363,565,43.08363064707258,-118.88456760982712,0.9348963499069214
Jackass_Butte,0725,431,625,43.065287185566135,-118.86242114650106,0.7750911712646484
Jackass_Butte,0725,453,651,43.059352536255226,-118.85282434572645,0.579022228717804
Jackass_Butte,0725,516,656,43.04235785868308,-118.85097880711594,0.8647597432136536
Jackass_Butte,0725,584,481,43.024014397176636,-118.91557265848358,0.8941552639007568
Jackass_Butte,0725,536,678,43.036962722945894,-118.84285843722972,0.9441882371902466
Jackass_Butte,0725,424,626,43.06717548307415,-118.86205203877897,0.7169237732887268
Jackass_Butte,0725,448,386,43.06070132018952,-118.95063789208315,0.5107581615447998
Jackass_Butte,0725,298,529,43.101164838218445,-118.89785548782274,0.664263129234314
Jackass_Butte,0725,707,573,42.99083431239292,-118.88161474805031,0.621730387210846
Jackass_Butte,0725,529,663,43.038851020453905,-118.84839505306124,0.8275861740112305
Jackass_Butte,0725,579,476,43.02536318111093,-118.91741819709408,0.9134554862976074
Jackass_Butte,0725,492,646,43.048832021567705,-118.85466988433694,0.5469492077827454
Jackass_Butte,0725,476,393,43.05314813015746,-118.94805413802844,0.8807871341705322
Jackass_Butte,0725,380,597,43.07904478169597,-118.87275616271988,0.9775136113166809
Jackass_Butte,0725,469,391,43.05503642766548,-118.94879235347264,0.8627447485923767
Jackass_Butte,0725,557,707,43.03129783042184,-118.8321543132888,0.7350093722343445
Jackass_Butte,0725,482,634,43.0515295894363,-118.85909917700215,0.8504630923271179
Jackass_Butte,0725,493,666,43.04856226478085,-118.84728772989493,0.8952401280403137
Jackass_Butte,0725,670,584,43.00081531350672,-118.8775545631072,0.9532439708709717
Jackass_Butte,0725,486,665,43.050450562288866,-118.84765683761704,0.8975960612297058
Jackass_Butte,0725,571,620,43.02752123540581,-118.86426668511157,0.9327988028526306
Jackass_Butte,0725,499,698,43.046943724059695,-118.83547628278771,0.8246261477470398
Jackass_Butte,0725,374,615,43.080663322417124,-118.86611222372207,0.6737183928489685
Jackass_Butte,0725,540,633,43.035883695798454,-118.85946828472426,0.9249905943870544
Jackass_Butte,0725,558,390,43.031028073634985,-118.94916146119475,0.874223530292511
Jackass_Butte,0725,561,657,43.0302188032744,-118.85060969939384,0.8977695107460022
Jackass_Butte,0725,550,641,43.03318612792986,-118.85651542294745,0.9196944832801819
Jackass_Butte,0725,542,709,43.03534418222473,-118.8314160978446,0.5666866302490234
Jackass_Butte,0725,358,625,43.08497943100688,-118.86242114650106,0.9075002670288086
Jackass_Butte,0725,556,384,43.0315675872087,-118.95137610752735,0.8630648255348206
Jackass_Butte,0725,514,668,43.042897372256796,-118.84654951445073,0.714401364326477
Jackass_Butte,0725,647,616,43.00701971960449,-118.86574311599998,0.8234539031982422
Jackass_Butte,0725,395,616,43.07499842989308,-118.86574311599998,0.7987229824066162
Jackass_Butte,0725,465,643,43.05611545481291,-118.85577720750325,0.9531030654907227
Jackass_Butte,0725,532,351,43.03804175009333,-118.96355666235668,0.6336515545845032
Jackass_Butte,0725,486,387,43.050450562288866,-118.95026878436106,0.8962416648864746
Jackass_Butte,0725,586,446,43.023474883602915,-118.9284914287571,0.8145976066589355
Jackass_Butte,0725,635,592,43.0102568010468,-118.87460170133039,0.9179688096046448
Jackass_Butte,0725,521,673,43.041009074748786,-118.84470397584023,0.6587750911712646
Jackass_Butte,0725,507,680,43.04478566976481,-118.84212022178552,0.9472546577453613
Jackass_Butte,0725,343,596,43.08902578280977,-118.87312527044199,0.9165703654289246
Jackass_Butte,0725,668,622,43.00135482708044,-118.86352846966737,0.7018153071403503
Jackass_Butte,0725,517,349,43.04208810189622,-118.96429487780088,0.6479345560073853
Jackass_Butte,0725,657,629,43.00432215173589,-118.86094471561266,0.8147781491279602
Jackass_Butte,0725,544,676,43.03480466865101,-118.84359665267392,0.9004197716712952
Jackass_Butte,0725,376,574,43.0801238088434,-118.8812456403282,0.9952380657196045
Jackass_Butte,0725,536,684,43.036962722945894,-118.84064379089712,0.9667602181434631
Jackass_Butte,0725,366,633,43.082821376712005,-118.85946828472426,0.9276614189147949
Jackass_Butte,0725,578,440,43.0256329378978,-118.9307060750897,0.8829463720321655
Jackass_Butte,0725,323,582,43.09442091854696,-118.8782927785514,0.919462263584137
Jackass_Butte,0725,481,641,43.05179934622316,-118.85651542294745,0.6716275215148926
Jackass_Butte,0725,612,599,43.01646120714457,-118.87201794727568,0.9318988919258118
Jackass_Butte,0725,451,413,43.059892049828946,-118.94067198358643,0.8596594333648682
Jackass_Butte,0725,374,603,43.080663322417124,-118.87054151638728,0.918451189994812
Jackass_Butte,0725,402,647,43.07311013238506,-118.85430077661485,0.6292098760604858
Jackass_Butte,0725,588,460,43.022935370029195,-118.92332392064769,0.8302372097969055
Jackass_Butte,0725,685,596,42.99676896170383,-118.87312527044199,0.9036234617233276
Jackass_Butte,0725,649,589,43.00648020603077,-118.87570902449669,0.9450970888137817
Jackass_Butte,0725,679,582,42.99838750242499,-118.8782927785514,0.822706401348114
Jackass_Butte,0725,559,690,43.03075831684812,-118.83842914456451,0.978510320186615
Jackass_Butte,0725,575,432,43.02644220825837,-118.93365893686652,0.9174443483352661
Jackass_Butte,0725,433,419,43.064747671992414,-118.93845733725382,0.701846718788147
Jackass_Butte,0725,651,593,43.00594069245705,-118.87423259360828,0.9439038038253784
Jackass_Butte,0725,708,580,42.99056455560606,-118.8790309939956,0.6448686122894287
Jackass_Butte,0725,492,638,43.048832021567705,-118.85762274611375,0.8681605458259583
Jackass_Butte,0725,460,630,43.05746423874721,-118.86057560789057,0.7156773805618286
Jackass_Butte,0725,492,679,43.048832021567705,-118.84248932950763,0.9341411590576172
Jackass_Butte,0725,528,358,43.03912077724077,-118.96097290830197,0.8843831419944763
Jackass_Butte,0725,562,657,43.029949046487545,-118.85060969939384,0.8937337398529053
Jackass_Butte,0725,570,701,43.02779099219267,-118.8343689596214,0.8898774981498718
Jackass_Butte,0725,468,385,43.055306184452334,-118.95100699980526,0.7494505047798157
Jackass_Butte,0725,524,667,43.0401998043882,-118.84691862217284,0.7698726654052734
Jackass_Butte,0725,337,516,43.090644323530924,-118.90265388821005,0.9005435705184937
Jackass_Butte,0725,710,573,42.99002504203234,-118.88161474805031,0.5718984603881836
Jackass_Butte,0725,681,605,42.99784798885127,-118.86980330094308,0.7777477502822876
Jackass_Butte,0725,631,521,43.01133582819424,-118.90080834959954,0.8653104305267334
Jackass_Butte,0725,492,658,43.048832021567705,-118.85024059167174,0.7596725821495056
Jackass_Butte,0725,618,504,43.01484266642341,-118.90708318087526,0.8700663447380066
Jackass_Butte,0725,650,626,43.00621044924391,-118.86205203877897,0.8895530104637146
Jackass_Butte,0725,681,535,42.99784798885127,-118.89564084149013,0.8542612791061401
Jackass_Butte,0725,498,686,43.04721348084655,-118.83990557545292,0.879319429397583
Jackass_Butte,0725,647,522,43.00701971960449,-118.90043924187745,0.843281090259552
Jackass_Butte,0725,648,582,43.00674996281763,-118.8782927785514,0.9654392004013062
Jackass_Butte,0725,388,578,43.076886727401096,-118.8797692094398,0.9875780940055847
Jackass_Butte,0725,489,388,43.04964129192829,-118.94989967663895,0.8965162038803101
Jackass_Butte,0725,504,671,43.0455949401254,-118.84544219128443,0.8558976650238037
Jackass_Butte,0725,573,456,43.026981721832094,-118.92480035153609,0.9200378656387329
Jackass_Butte,0725,503,645,43.045864696912254,-118.85503899205905,0.7467318177223206
Jackass_Butte,0725,666,510,43.00189434065416,-118.90486853454266,0.7441691756248474
Jackass_Butte,0725,494,696,43.04829250799399,-118.83621449823191,0.890895426273346
Jackass_Butte,0725,339,582,43.090104809957204,-118.8782927785514,0.8998082876205444
Jackass_Butte,0725,560,379,43.030488560061265,-118.95322164613786,0.806613028049469
Jackass_Butte,0725,574,619,43.02671196504523,-118.86463579283367,0.9193816184997559
Jackass_Butte,0725,521,357,43.041009074748786,-118.96134201602408,0.8599761724472046
Jackass_Butte,0725,419,620,43.06852426700845,-118.86426668511157,0.8512275218963623
Jackass_Butte,0725,581,431,43.02482366753721,-118.93402804458862,0.9244930744171143
Jackass_Butte,0725,471,643,43.05449691409176,-118.85577720750325,0.9347697496414185
Jackass_Butte,0725,323,568,43.09442091854696,-118.8834602866608,0.9083543419837952
Jackass_Butte,0725,585,446,43.02374464038978,-118.9284914287571,0.7447417974472046
Jackass_Butte,0725,348,543,43.08767699887547,-118.89268797971333,0.9523389935493469
Jackass_Butte,0725,464,620,43.056385211599775,-118.86426668511157,0.8064692616462708
Jackass_Butte,0725,330,597,43.09253262103894,-118.87275616271988,0.919462263584137
Jackass_Butte,0725,357,623,43.085249187793735,-118.86315936194526,0.9116852283477783
Jackass_Butte,0725,572,647,43.02725147861895,-118.85430077661485,0.8757010698318481
Jackass_Butte,0725,655,614,43.00486166530961,-118.86648133144418,0.9256083965301514
Jackass_Butte,0725,405,634,43.072300862024484,-118.85909917700215,0.6422151923179626
Jackass_Butte,0725,384,623,43.07796575454853,-118.86315936194526,0.8043886423110962
Jackass_Butte,0725,329,617,43.092802377825805,-118.86537400827787,0.9153218865394592
Jackass_Butte,0725,314,548,43.0968487296287,-118.89084244110282,0.676295280456543
Jackass_Butte,0725,698,585,42.99326212347466,-118.87718545538509,0.926301121711731
Jackass_Butte,0725,569,440,43.02806074897953,-118.9307060750897,0.8738688826560974
Jackass_Butte,0725,502,693,43.04613445369911,-118.8373218213982,0.8381392359733582
Jackass_Butte,0725,486,659,43.050450562288866,-118.84987148394964,0.8414813280105591
Jackass_Butte,0725,682,610,42.997578232064406,-118.86795776233258,0.6193985342979431
Jackass_Butte,0725,601,488,43.019428531800024,-118.91298890442887,0.876824140548706
Jackass_Butte,0725,358,584,43.08497943100688,-118.8775545631072,0.8226243257522583
Jackass_Butte,0725,368,630,43.082281863138284,-118.86057560789057,0.9075779318809509
Jackass_Butte,0725,463,633,43.05665496838663,-118.85946828472426,0.7966632843017578
Jackass_Butte,0725,672,604,43.000275799933,-118.87017240866518,0.9406696557998657
Jackass_Butte,0725,611,501,43.01673096393143,-118.90819050404156,0.8932802677154541
Jackass_Butte,0725,646,614,43.00728947639135,-118.86648133144418,0.8293666243553162
Jackass_Butte,0725,391,582,43.07607745704051,-118.8782927785514,0.9862591624259949
Jackass_Butte,0725,636,622,43.009987044259944,-118.86352846966737,0.6031430959701538
Jackass_Butte,0725,357,558,43.085249187793735,-118.88715136388181,0.7477733492851257
Jackass_Butte,0725,422,631,43.06771499664787,-118.86020650016846,0.7142028212547302
Jackass_Butte,0725,380,581,43.07904478169597,-118.8786618862735,0.9888673424720764
Jackass_Butte,0725,690,548,42.99542017776953,-118.89084244110282,0.86189866065979
Jackass_Butte,0725,703,551,42.99191333954036,-118.88973511793652,0.7230117321014404
Jackass_Butte,0725,503,665,43.045864696912254,-118.84765683761704,0.8165463209152222
Jackass_Butte,0725,579,697,43.02536318111093,-118.8358453905098,0.9070412516593933
Jackass_Butte,0725,576,423,43.02617245147151,-118.93698090636542,0.8942207098007202
Jackass_Butte,0725,381,607,43.078775024909106,-118.86906508549887,0.9595392346382141
Jackass_Butte,0725,561,683,43.0302188032744,-118.84101289861921,0.9468521475791931
Jackass_Butte,0725,495,637,43.04802275120713,-118.85799185383586,0.8628144860267639
Jackass_Butte,0725,594,487,43.02131682930804,-118.91335801215098,0.8855445981025696
Jackass_Butte,0725,391,627,43.07607745704051,-118.86168293105686,0.6207247972488403
Jackass_Butte,0725,346,558,43.08821651244919,-118.88715136388181,0.7916749715805054
Jackass_Butte,0725,570,453,43.02779099219267,-118.9259076747024,0.9364465475082397
Jackass_Butte,0725,647,509,43.00701971960449,-118.90523764226475,0.7207829356193542
Jackass_Butte,0725,643,618,43.00809874675193,-118.86500490055577,0.7040466070175171
Jackass_Butte,0725,553,459,43.03237685756928,-118.9236930283698,0.9639168381690979
Jackass_Butte,0725,455,657,43.058813022681505,-118.85060969939384,0.6178735494613647
Jackass_Butte,0725,688,581,42.99595969134325,-118.8786618862735,0.8501975536346436
Jackass_Butte,0725,675,564,42.99946652957242,-118.88493671754921,0.9594599604606628
Jackass_Butte,0725,466,674,43.055845698026054,-118.84433486811812,0.9107649326324463
Jackass_Butte,0725,373,652,43.08093307920399,-118.85245523800434,0.9250301718711853
Jackass_Butte,0725,598,490,43.0202378021606,-118.91225068898467,0.8760001063346863
Jackass_Butte,0725,496,353,43.04775299442027,-118.96281844691248,0.57255619764328
Jackass_Butte,0725,678,538,42.998657259211846,-118.89453351832383,0.8781428933143616
Jackass_Butte,0725,333,570,43.091723350678365,-118.8827220712166,0.9395691752433777
Jackass_Butte,0725,538,667,43.036423209372174,-118.84691862217284,0.5173014998435974
Jackass_Butte,0725,484,661,43.050990075862586,-118.84913326850544,0.8175227642059326
Jackass_Butte,0725,576,628,43.02617245147151,-118.86131382333477,0.6226967573165894
Jackass_Butte,0725,547,456,43.033995398290436,-118.92480035153609,0.9756652116775513
Jackass_Butte,0725,575,428,43.02644220825837,-118.93513536775492,0.9160208702087402
Jackass_Butte,0725,666,627,43.00189434065416,-118.86168293105686,0.811752438545227
Jackass_Butte,0725,625,604,43.012954368915395,-118.87017240866518,0.9070987105369568
Jackass_Butte,0725,354,631,43.08605845815431,-118.86020650016846,0.9206879138946533
Jackass_Butte,0725,492,675,43.048832021567705,-118.84396576039603,0.9192883968353271
Jackass_Butte,0725,376,609,43.0801238088434,-118.86832687005467,0.8780620098114014
Jackass_Butte,0725,466,615,43.055845698026054,-118.86611222372207,0.8899797201156616
Jackass_Butte,0725,475,664,43.05341788694432,-118.84802594533913,0.8950147032737732
Jackass_Butte,0725,437,413,43.06366864484498,-118.94067198358643,0.5782553553581238
Jackass_Butte,0725,355,600,43.085788701367456,-118.87164883955359,0.8009520769119263
Jackass_Butte,0725,579,690,43.02536318111093,-118.83842914456451,0.900388777256012
Jackass_Butte,0725,682,560,42.997578232064406,-118.88641314843761,0.9461914896965027
Jackass_Butte,0725,560,700,43.030488560061265,-118.83473806734351,0.9022678732872009
Jackass_Butte,0725,376,575,43.0801238088434,-118.88087653260611,0.9931905269622803
Jackass_Butte,0725,551,381,43.032916371142996,-118.95248343069366,0.8813632130622864
Jackass_Butte,0725,377,606,43.07985405205655,-118.86943419322098,0.9536954760551453
Jackass_Butte,0725,486,661,43.050450562288866,-118.84913326850544,0.865996241569519
Jackass_Butte,0725,387,560,43.07715648418795,-118.88641314843761,0.9809965491294861
Jackass_Butte,0725,506,663,43.04505542655168,-118.84839505306124,0.7897807359695435
Jackass_Butte,0725,690,570,42.99542017776953,-118.8827220712166,0.9087693095207214
Jackass_Butte,0725,559,641,43.03075831684812,-118.85651542294745,0.9503217935562134
Jackass_Butte,0725,561,384,43.0302188032744,-118.95137610752735,0.8391270041465759
Jackass_Butte,0725,656,519,43.004591908522755,-118.90154656504374,0.7437270879745483
Jackass_Butte,0725,412,652,43.07041256451647,-118.85245523800434,0.5686056017875671
Jackass_Butte,0725,430,421,43.065556942353,-118.93771912180962,0.6678303480148315
Jackass_Butte,0725,690,543,42.99542017776953,-118.89268797971333,0.8482411503791809
Jackass_Butte,0725,560,625,43.030488560061265,-118.86242114650106,0.9339438676834106
Jackass_Butte,0725,565,436,43.02913977612697,-118.93218250597812,0.8955444693565369
Jackass_Butte,0725,345,501,43.08848626923605,-118.90819050404156,0.7508804202079773
Jackass_Butte,0725,366,617,43.082821376712005,-118.86537400827787,0.8490268588066101
Jackass_Butte,0725,633,611,43.01079631462052,-118.86758865461047,0.6450746655464172
Jackass_Butte,0725,335,618,43.091183837104644,-118.86500490055577,0.9158515930175781
Jackass_Butte,0725,606,492,43.01807974786573,-118.91151247354047,0.8702981472015381
Jackass_Butte,0725,354,553,43.08605845815431,-118.88899690249232,0.8039467334747314
Jackass_Butte,0725,379,563,43.079314538482826,-118.88530582527132,0.9798016548156738
Jackass_Butte,0725,470,677,43.054766670878614,-118.84322754495183,0.9056698083877563
Jackass_Butte,0725,591,618,43.02212609966862,-118.86500490055577,0.860236406326294
Jackass_Butte,0725,584,414,43.024014397176636,-118.94030287586433,0.8583589196205139
Jackass_Butte,0725,580,452,43.025093424324076,-118.9262767824245,0.9241943359375
Jackass_Butte,0725,453,635,43.059352536255226,-118.85873006928006,0.5444772839546204
Jackass_Butte,0725,377,609,43.07985405205655,-118.86832687005467,0.8846428394317627
Jackass_Butte,0725,659,586,43.00378263816218,-118.876816347663,0.9636760354042053
Jackass_Butte,0725,585,610,43.02374464038978,-118.86795776233258,0.9010823369026184
Jackass_Butte,0725,678,530,42.998657259211846,-118.89748638010064,0.8540886044502258
Jackass_Butte,0725,375,591,43.08039356563027,-118.87497080905248,0.9886594414710999
Jackass_Butte,0725,501,691,43.046404210485974,-118.8380600368424,0.8233697414398193
Jackass_Butte,0725,340,560,43.08983505317035,-118.88641314843761,0.8602185249328613
Jackass_Butte,0725,574,452,43.02671196504523,-118.9262767824245,0.9313437938690186
Jackass_Butte,0725,392,631,43.075807700253655,-118.86020650016846,0.5649067163467407
Jackass_Butte,0725,331,545,43.092262864252085,-118.89194976426913,0.7854773998260498
Jackass_Butte,0725,671,591,43.000545556719864,-118.87497080905248,0.9478018283843994
Jackass_Butte,0725,589,414,43.02266561324234,-118.94030287586433,0.6644982695579529
Jackass_Butte,0725,486,638,43.050450562288866,-118.85762274611375,0.7906509041786194
Jackass_Butte,0725,561,633,43.0302188032744,-118.85946828472426,0.8961432576179504
Jackass_Butte,0725,474,398,43.05368764373118,-118.94620859941794,0.8938119411468506
Jackass_Butte,0725,355,558,43.085788701367456,-118.88715136388181,0.7841544151306152
Jackass_Butte,0725,562,700,43.029949046487545,-118.83473806734351,0.8902477622032166
Jackass_Butte,0725,555,639,43.03183734399556,-118.85725363839165,0.917206346988678
Jackass_Butte,0725,664,512,43.00243385422788,-118.90413031909846,0.6529737114906311
Jackass_Butte,0725,346,618,43.08821651244919,-118.86500490055577,0.9136229753494263
Jackass_Butte,0725,456,615,43.05854326589465,-118.86611222372207,0.8600655198097229
Jackass_Butte,0725,345,488,43.08848626923605,-118.91298890442887,0.6269989013671875
Jackass_Butte,0725,327,546,43.09334189139952,-118.89158065654702,0.756833553314209
Jackass_Butte,0725,388,569,43.076886727401096,-118.88309117893871,0.9841120839118958
Jackass_Butte,0725,553,639,43.03237685756928,-118.85725363839165,0.9097145795822144
Jackass_Butte,0725,349,563,43.08740724208861,-118.88530582527132,0.7595133185386658
Jackass_Butte,0725,586,415,43.023474883602915,-118.93993376814223,0.858379602432251
Jackass_Butte,0725,669,515,43.001085070293584,-118.90302299593215,0.7348437309265137
Jackass_Butte,0725,659,530,43.00378263816218,-118.89748638010064,0.8556927442550659
Jackass_Butte,0725,453,667,43.059352536255226,-118.84691862217284,0.9333509802818298
Jackass_Butte,0725,292,529,43.102783378939606,-118.89785548782274,0.6623084545135498
Jackass_Butte,0725,424,630,43.06717548307415,-118.86057560789057,0.6792717576026917
Jackass_Butte,0725,479,668,43.05233885979688,-118.84654951445073,0.8817588090896606
Jackass_Butte,0725,349,492,43.08740724208861,-118.91151247354047,0.634299635887146
Jackass_Butte,0725,658,528,43.004052394949035,-118.89822459554485,0.8357620239257812
Jackass_Butte,0725,331,592,43.092262864252085,-118.87460170133039,0.919462263584137
Jackass_Butte,0725,431,634,43.065287185566135,-118.85909917700215,0.5807892084121704
Jackass_Butte,0725,354,488,43.08605845815431,-118.91298890442887,0.6958620548248291
Jackass_Butte,0725,623,598,43.013493882489115,-118.87238705499779,0.9340542554855347
Jackass_Butte,0725,562,701,43.029949046487545,-118.8343689596214,0.8757156729698181
Jackass_Butte,0725,565,439,43.02913977612697,-118.93107518281181,0.8866036534309387
Jackass_Butte,0725,651,594,43.00594069245705,-118.87386348588619,0.9590014219284058
Jackass_Butte,0725,467,620,43.0555759412392,-118.86426668511157,0.8573352098464966
Jackass_Butte,0725,480,624,43.05206910301002,-118.86279025422317,0.891683042049408
Jackass_Butte,0725,408,585,43.0714915916639,-118.87718545538509,0.9692162275314331
Jackass_Butte,0725,698,565,42.99326212347466,-118.88456760982712,0.8808913230895996
Jackass_Butte,0725,671,626,43.000545556719864,-118.86205203877897,0.7231546640396118
Jackass_Butte,0725,624,613,43.01322412570226,-118.86685043916627,0.5495268106460571
Jackass_Butte,0725,358,580,43.08497943100688,-118.8790309939956,0.7861236929893494
Jackass_Butte,0725,687,569,42.99622944813011,-118.88309117893871,0.878470242023468
Jackass_Butte,0725,637,600,43.00971728747309,-118.87164883955359,0.9353236556053162
Jackass_Butte,0725,656,572,43.004591908522755,-118.8819838557724,0.9691531658172607
Jackass_Butte,0725,333,563,43.091723350678365,-118.88530582527132,0.9329312443733215
Jackass_Butte,0725,554,694,43.03210710078242,-118.83695271367611,0.9298135042190552
Jackass_Butte,0725,476,670,43.05314813015746,-118.84581129900653,0.8624320030212402
Jackass_Butte,0725,392,653,43.075807700253655,-118.85208613028225,0.8797893524169922
Jackass_Butte,0725,507,661,43.04478566976481,-118.84913326850544,0.7472180724143982
Jackass_Butte,0725,369,587,43.08201210635142,-118.87644723994089,0.9874202609062195
Jackass_Butte,0725,392,586,43.075807700253655,-118.876816347663,0.9915919899940491
Jackass_Butte,0725,554,627,43.03210710078242,-118.86168293105686,0.9391528367996216
Jackass_Butte,0725,575,687,43.02644220825837,-118.83953646773081,0.926217794418335
Jackass_Butte,0725,455,647,43.058813022681505,-118.85430077661485,0.7331978678703308
Jackass_Butte,0725,499,702,43.046943724059695,-118.8339998518993,0.5686272978782654
Jackass_Butte,0725,692,523,42.99488066419581,-118.90007013415534,0.5247259736061096
Jackass_Butte,0725,576,417,43.02617245147151,-118.93919555269802,0.8817029595375061
Jackass_Butte,0725,433,418,43.064747671992414,-118.93882644497593,0.6646449565887451
Jackass_Butte,0725,465,670,43.05611545481291,-118.84581129900653,0.9088637828826904
Jackass_Butte,0725,448,667,43.06070132018952,-118.84691862217284,0.8307441473007202
Jackass_Butte,0725,561,439,43.0302188032744,-118.93107518281181,0.9234725832939148
Jackass_Butte,0725,671,509,43.000545556719864,-118.90523764226475,0.7355788350105286
Jackass_Butte,0725,494,663,43.04829250799399,-118.84839505306124,0.8281711339950562
Jackass_Butte,0725,486,660,43.050450562288866,-118.84950237622753,0.8618282079696655
Jackass_Butte,0725,398,438,43.0741891595325,-118.93144429053392,0.526840090751648
Jackass_Butte,0725,332,578,43.09199310746522,-118.8797692094398,0.9030002355575562
Jackass_Butte,0725,650,625,43.00621044924391,-118.86242114650106,0.9077165722846985
Jackass_Butte,0725,376,580,43.0801238088434,-118.8790309939956,0.9858210682868958
Jackass_Butte,0725,499,674,43.046943724059695,-118.84433486811812,0.9211226105690002
Jackass_Butte,0725,468,628,43.055306184452334,-118.86131382333477,0.8245174884796143
Jackass_Butte,0725,667,520,43.0016245838673,-118.90117745732165,0.7126278877258301
Jackass_Butte,0725,346,589,43.08821651244919,-118.87570902449669,0.908484935760498
Jackass_Butte,0725,344,583,43.08875602602291,-118.8779236708293,0.8778001070022583
Jackass_Butte,0725,699,571,42.992992366687794,-118.88235296349451,0.8321911692619324
Jackass_Butte,0725,556,709,43.0315675872087,-118.8314160978446,0.7178573608398438
Jackass_Butte,0725,471,388,43.05449691409176,-118.94989967663895,0.8357090950012207
Jackass_Butte,0725,483,363,43.05125983264944,-118.95912736969147,0.5486401915550232
Jackass_Butte,0725,581,414,43.02482366753721,-118.94030287586433,0.8824313282966614
Jackass_Butte,0725,659,509,43.00378263816218,-118.90523764226475,0.595898449420929
Jackass_Butte,0725,476,383,43.05314813015746,-118.95174521524946,0.8355546593666077
Jackass_Butte,0725,378,653,43.07958429526969,-118.85208613028225,0.9277823567390442
Jackass_Butte,0725,515,355,43.04262761546994,-118.96208023146828,0.837398111820221
Jackass_Butte,0725,409,622,43.07122183487704,-118.86352846966737,0.7127039432525635
Jackass_Butte,0725,464,615,43.056385211599775,-118.86611222372207,0.8781023025512695
Jackass_Butte,0725,490,642,43.049371535141425,-118.85614631522535,0.655239999294281
Jackass_Butte,0725,504,353,43.0455949401254,-118.96281844691248,0.7371270060539246
Jackass_Butte,0725,457,614,43.05827350910779,-118.86648133144418,0.8696315288543701
Jackass_Butte,0725,475,374,43.05341788694432,-118.95506718474836,0.6560049653053284
Jackass_Butte,0725,573,703,43.026981721832094,-118.8336307441772,0.7864362597465515
Jackass_Butte,0725,467,639,43.0555759412392,-118.85725363839165,0.9372374415397644
Jackass_Butte,0725,380,579,43.07904478169597,-118.8794001017177,0.9948518872261047
Jackass_Butte,0725,500,664,43.04667396727283,-118.84802594533913,0.8034088015556335
Jackass_Butte,0725,693,587,42.994610907408955,-118.87644723994089,0.9484964609146118
Jackass_Butte,0725,552,649,43.03264661435614,-118.85356256117065,0.9352467060089111
Jackass_Butte,0725,570,462,43.02779099219267,-118.92258570520349,0.9224279522895813
Jackass_Butte,0725,344,604,43.08875602602291,-118.87017240866518,0.9094776511192322
Jackass_Butte,0725,506,700,43.04505542655168,-118.83473806734351,0.6208552718162537
Jackass_Butte,0725,373,624,43.08093307920399,-118.86279025422317,0.8013885021209717
Jackass_Butte,0725,607,609,43.01780999107887,-118.86832687005467,0.8596430420875549
Jackass_Butte,0725,645,619,43.007559233178206,-118.86463579283367,0.8836036324501038
Jackass_Butte,0725,369,609,43.08201210635142,-118.86832687005467,0.7957320213317871
Jackass_Butte,0725,320,558,43.095230188907536,-118.88715136388181,0.8227448463439941
Jackass_Butte,0725,688,547,42.99595969134325,-118.89121154882493,0.8845639228820801
Jackass_Butte,0725,400,624,43.07364964595878,-118.86279025422317,0.6354292631149292
Jackass_Butte,0725,595,467,43.021047072521185,-118.92074016659299,0.5237831473350525
Jackass_Butte,0725,576,401,43.02617245147151,-118.94510127625163,0.843281090259552
Jackass_Butte,0725,694,542,42.99434115062209,-118.89305708743542,0.843281090259552
Jackass_Butte,0725,481,678,43.05179934622316,-118.84285843722972,0.9038777947425842
Jackass_Butte,0725,656,521,43.004591908522755,-118.90080834959954,0.7851453423500061
Jackass_Butte,0725,379,591,43.079314538482826,-118.87497080905248,0.9888153672218323
Jackass_Butte,0725,606,491,43.01807974786573,-118.91188158126256,0.8608041405677795
Jackass_Butte,0725,528,689,43.03912077724077,-118.83879825228661,0.8930473327636719
Jackass_Butte,0725,351,492,43.086867728514896,-118.91151247354047,0.6958094239234924
Jackass_Butte,0725,567,644,43.02860026255325,-118.85540809978114,0.9071579575538635
Jackass_Butte,0725,332,589,43.09199310746522,-118.87570902449669,0.9175010323524475
Jackass_Butte,0725,515,681,43.04262761546994,-118.84175111406343,0.9201664328575134
Jackass_Butte,0725,557,676,43.03129783042184,-118.84359665267392,0.9121337532997131
Jackass_Butte,0725,656,622,43.004591908522755,-118.86352846966737,0.6902211904525757
Jackass_Butte,0725,483,665,43.05125983264944,-118.84765683761704,0.8825521469116211
Jackass_Butte,0725,578,692,43.0256329378978,-118.83769092912031,0.9278510212898254
Jackass_Butte,0725,584,615,43.024014397176636,-118.86611222372207,0.8949851989746094
Jackass_Butte,0725,459,637,43.05773399553407,-118.85799185383586,0.6033914089202881
Jackass_Butte,0725,347,636,43.08794675566233,-118.85836096155795,0.9299309849739075
Jackass_Butte,0725,463,402,43.05665496838663,-118.94473216852954,0.8581247925758362
Jackass_Butte,0725,571,652,43.02752123540581,-118.85245523800434,0.7800407409667969
Jackass_Butte,0725,586,421,43.023474883602915,-118.93771912180962,0.8850235342979431
Jackass_Butte,0725,433,637,43.064747671992414,-118.85799185383586,0.5840820074081421
Jackass_Butte,0725,585,620,43.02374464038978,-118.86426668511157,0.8694506287574768
Jackass_Butte,0725,472,672,43.0542271573049,-118.84507308356233,0.8838715553283691
Jackass_Butte,0725,553,664,43.03237685756928,-118.84802594533913,0.8954122066497803
Jackass_Butte,0725,534,701,43.03750223651961,-118.8343689596214,0.652965784072876
Jackass_Butte,0725,570,431,43.02779099219267,-118.93402804458862,0.9091170430183411
Jackass_Butte,0725,527,686,43.039390534027625,-118.83990557545292,0.9311415553092957
Jackass_Butte,0725,477,617,43.052878373370596,-118.86537400827787,0.8996797800064087
Jackass_Butte,0725,489,374,43.04964129192829,-118.95506718474836,0.9130204319953918
Jackass_Butte,0725,597,474,43.020507558947465,-118.91815641253828,0.712131917476654
Jackass_Butte,0725,535,677,43.03723247973275,-118.84322754495183,0.9483186602592468
Jackass_Butte,0725,654,630,43.005131422096476,-118.86057560789057,0.8179305195808411
Jackass_Butte,0725,637,504,43.00971728747309,-118.90708318087526,0.5874424576759338
Jackass_Butte,0725,353,630,43.086328214941176,-118.86057560789057,0.9209322929382324
Jackass_Butte,0725,491,367,43.04910177835457,-118.95765093880307,0.9022291898727417
Jackass_Butte,0725,575,427,43.02644220825837,-118.93550447547702,0.9069594144821167
Jackass_Butte,0725,524,665,43.0401998043882,-118.84765683761704,0.8604102730751038
Jackass_Butte,0725,379,617,43.079314538482826,-118.86537400827787,0.7348474860191345
Jackass_Butte,0725,379,559,43.079314538482826,-118.88678225615972,0.9735354781150818
Jackass_Butte,0725,585,413,43.02374464038978,-118.94067198358643,0.8284566402435303
Jackass_Butte,0725,358,570,43.08497943100688,-118.8827220712166,0.8371841907501221
Jackass_Butte,0725,328,556,43.09307213461266,-118.88788957932601,0.8661209940910339
Jackass_Butte,0725,584,625,43.024014397176636,-118.86242114650106,0.6058343052864075
Jackass_Butte,0725,548,628,43.03372564150358,-118.86131382333477,0.9257994890213013
Jackass_Butte,0725,642,591,43.00836850353879,-118.87497080905248,0.9433865547180176
Jackass_Butte,0725,467,660,43.0555759412392,-118.84950237622753,0.9192044734954834
Jackass_Butte,0725,499,696,43.046943724059695,-118.83621449823191,0.8671270608901978
Jackass_Butte,0725,382,577,43.07850526812225,-118.88013831716191,0.987843930721283
Jackass_Butte,0725,536,704,43.036962722945894,-118.8332616364551,0.5102653503417969
Jackass_Butte,0725,466,409,43.055845698026054,-118.94214841447483,0.8812227249145508
Jackass_Butte,0725,361,558,43.0841701606463,-118.88715136388181,0.749746561050415
Jackass_Butte,0725,438,624,43.06339888805812,-118.86279025422317,0.8044853210449219
Jackass_Butte,0725,322,596,43.094690675333815,-118.87312527044199,0.919462263584137
Jackass_Butte,0725,371,630,43.0814725927777,-118.86057560789057,0.8963004350662231
Jackass_Butte,0725,321,551,43.09496043212068,-118.88973511793652,0.7375364899635315
Jackass_Butte,0725,369,629,43.08201210635142,-118.86094471561266,0.9076923727989197
Jackass_Butte,0725,445,410,43.0615105905501,-118.94177930675274,0.7572938203811646
Jackass_Butte,0725,571,398,43.02752123540581,-118.94620859941794,0.8453381657600403
Jackass_Butte,0725,331,533,43.092262864252085,-118.89637905693434,0.8711044192314148
Jackass_Butte,0725,676,576,42.99919677278557,-118.880507424884,0.8858538866043091
Jackass_Butte,0725,435,622,43.0642081584187,-118.86352846966737,0.8327638506889343
Jackass_Butte,0725,415,585,43.06960329415589,-118.87718545538509,0.9542756080627441
Jackass_Butte,0725,465,408,43.05611545481291,-118.94251752219694,0.8761827349662781
Jackass_Butte,0725,385,648,43.07769599776167,-118.85393166889274,0.8890113234519958
Jackass_Butte,0725,692,600,42.99488066419581,-118.87164883955359,0.573695182800293
Jackass_Butte,0725,665,573,43.00216409744102,-118.88161474805031,0.959669828414917
Jackass_Butte,0725,562,466,43.029949046487545,-118.92110927431509,0.9602086544036865
Jackass_Butte,0725,333,573,43.091723350678365,-118.88161474805031,0.922437310218811
Jackass_Butte,0725,339,590,43.090104809957204,-118.87533991677459,0.9023197889328003
Jackass_Butte,0725,687,584,42.99622944813011,-118.8775545631072,0.8795351982116699
Jackass_Butte,0725,487,369,43.050180805502,-118.95691272335887,0.8872264623641968
Jackass_Butte,0725,482,371,43.0515295894363,-118.95617450791467,0.7678256630897522
Jackass_Butte,0725,322,564,43.094690675333815,-118.88493671754921,0.8837594389915466
Jackass_Butte,0725,351,538,43.086867728514896,-118.89453351832383,0.9617175459861755
Jackass_Butte,0725,394,618,43.075268186679935,-118.86500490055577,0.6494032144546509
Jackass_Butte,0725,478,368,43.05260861658374,-118.95728183108096,0.6407520771026611
Jackass_Butte,0725,362,622,43.08390040385944,-118.86352846966737,0.8923425674438477
Jackass_Butte,0725,410,655,43.07095207809019,-118.85134791483804,0.7978903651237488
Jackass_Butte,0725,450,621,43.0601618066158,-118.86389757738947,0.7542595267295837
Jackass_Butte,0725,332,594,43.09199310746522,-118.87386348588619,0.919462263584137
Jackass_Butte,0725,498,353,43.04721348084655,-118.96281844691248,0.7392345070838928
Jackass_Butte,0725,392,441,43.075807700253655,-118.93033696736761,0.5145313739776611
Jackass_Butte,0725,572,663,43.02725147861895,-118.84839505306124,0.9479963183403015
Jackass_Butte,0725,662,595,43.002973367801594,-118.87349437816408,0.8805146217346191
Jackass_Butte,0725,529,695,43.038851020453905,-118.836583605954,0.617711067199707
Jackass_Butte,0725,574,703,43.02671196504523,-118.8336307441772,0.7801259160041809
Jackass_Butte,0725,570,687,43.02779099219267,-118.83953646773081,0.9889804720878601
Jackass_Butte,0725,584,449,43.024014397176636,-118.9273841055908,0.8630381226539612
Jackass_Butte,0725,577,686,43.02590269468465,-118.83990557545292,0.9120177626609802
Jackass_Butte,0725,385,559,43.07769599776167,-118.88678225615972,0.9794711470603943
Jackass_Butte,0725,539,631,43.03615345258531,-118.86020650016846,0.9354914426803589
Jackass_Butte,0725,552,676,43.03264661435614,-118.84359665267392,0.8778442144393921
Jackass_Butte,0725,585,463,43.02374464038978,-118.9222165974814,0.8161737322807312
Jackass_Butte,0725,485,669,43.05072031907572,-118.84618040672864,0.8817761540412903
Jackass_Butte,0725,644,515,43.00782898996507,-118.90302299593215,0.8248156905174255
Jackass_Butte,0725,460,649,43.05746423874721,-118.85356256117065,0.7296614050865173
Jackass_Butte,0725,634,515,43.010526557833664,-118.90302299593215,0.8493036031723022
Jackass_Butte,0725,624,502,43.01322412570226,-118.90782139631946,0.8506944179534912
Jackass_Butte,0725,374,645,43.080663322417124,-118.85503899205905,0.9286012053489685
Jackass_Butte,0725,406,613,43.07203110523762,-118.86685043916627,0.9361954927444458
Jackass_Butte,0725,423,628,43.06744523986101,-118.86131382333477,0.7123513221740723
Jackass_Butte,0725,449,622,43.060431563402666,-118.86352846966737,0.8015496134757996
Jackass_Butte,0725,556,627,43.0315675872087,-118.86168293105686,0.9456216096878052
Jackass_Butte,0725,612,496,43.01646120714457,-118.91003604265207,0.8536020517349243
Jackass_Butte,0725,679,578,42.99838750242499,-118.8797692094398,0.85367351770401
Jackass_Butte,0725,477,385,43.052878373370596,-118.95100699980526,0.8681190609931946
Jackass_Butte,0725,318,545,43.095769702481256,-118.89194976426913,0.5857725739479065
Jackass_Butte,0725,352,618,43.08659797172803,-118.86500490055577,0.9179410934448242
Jackass_Butte,0725,666,515,43.00189434065416,-118.90302299593215,0.7553280591964722
Jackass_Butte,0725,351,587,43.086867728514896,-118.87644723994089,0.8421871662139893
Jackass_Butte,0725,389,577,43.07661697061423,-118.88013831716191,0.9799169301986694
Jackass_Butte,0725,502,671,43.04613445369911,-118.84544219128443,0.8706945180892944
Jackass_Butte,0725,560,374,43.030488560061265,-118.95506718474836,0.7219423651695251
Jackass_Butte,0725,347,545,43.08794675566233,-118.89194976426913,0.9146354794502258
Jackass_Butte,0725,434,421,43.06447791520556,-118.93771912180962,0.7746604084968567
Jackass_Butte,0725,296,544,43.101704351792165,-118.89231887199122,0.8830727338790894
Jackass_Butte,0725,419,664,43.06852426700845,-118.84802594533913,0.7786967754364014
Jackass_Butte,0725,325,606,43.09388140497324,-118.86943419322098,0.919462263584137
Jackass_Butte,0725,465,624,43.05611545481291,-118.86279025422317,0.7737041115760803
Jackass_Butte,0725,515,655,43.04262761546994,-118.85134791483804,0.8462056517601013
Jackass_Butte,0725,376,585,43.0801238088434,-118.87718545538509,0.9774563312530518
Jackass_Butte,0725,358,578,43.08497943100688,-118.8797692094398,0.8540440797805786
Jackass_Butte,0725,517,671,43.04208810189622,-118.84544219128443,0.7419622540473938
Jackass_Butte,0725,397,650,43.07445891631936,-118.85319345344854,0.8267217874526978
Jackass_Butte,0725,372,456,43.081202835990844,-118.92480035153609,0.5075362920761108
Jackass_Butte,0725,569,414,43.02806074897953,-118.94030287586433,0.9352591633796692
Jackass_Butte,0725,503,666,43.045864696912254,-118.84728772989493,0.8202376365661621
Jackass_Butte,0725,600,613,43.01969828858689,-118.86685043916627,0.8560833930969238
Jackass_Butte,0725,579,624,43.02536318111093,-118.86279025422317,0.8580887317657471
Jackass_Butte,0725,523,662,43.040469561175065,-118.84876416078333,0.8507698774337769
Jackass_Butte,0725,331,511,43.092262864252085,-118.90449942682055,0.76920485496521
Jackass_Butte,0725,365,584,43.08309113349886,-118.8775545631072,0.9622247219085693
Jackass_Butte,0725,569,664,43.02806074897953,-118.84802594533913,0.9139587879180908
Jackass_Butte,0725,653,515,43.00540117888333,-118.90302299593215,0.7189909815788269
Jackass_Butte,0725,521,668,43.041009074748786,-118.84654951445073,0.7066984176635742
Jackass_Butte,0725,339,588,43.090104809957204,-118.8760781322188,0.9019578099250793
Jackass_Butte,0725,573,678,43.026981721832094,-118.84285843722972,0.9819056987762451
Jackass_Butte,0725,481,656,43.05179934622316,-118.85097880711594,0.8510998487472534
Jackass_Butte,0725,508,656,43.04451591297796,-118.85097880711594,0.7351407408714294
Jackass_Butte,0725,634,599,43.010526557833664,-118.87201794727568,0.9210067391395569
Jackass_Butte,0725,556,647,43.0315675872087,-118.85430077661485,0.9686071276664734
Jackass_Butte,0725,479,663,43.05233885979688,-118.84839505306124,0.879834771156311
Jackass_Butte,0725,532,680,43.03804175009333,-118.84212022178552,0.9367191195487976
Jackass_Butte,0725,605,616,43.01834950465259,-118.86574311599998,0.7938241958618164
Jackass_Butte,0725,346,490,43.08821651244919,-118.91225068898467,0.6379017233848572
Jackass_Butte,0725,329,581,43.092802377825805,-118.8786618862735,0.901395857334137
Jackass_Butte,0725,379,628,43.079314538482826,-118.86131382333477,0.8433037400245667
Jackass_Butte,0725,680,531,42.998117745638126,-118.89711727237854,0.8292369842529297
Jackass_Butte,0725,579,678,43.02536318111093,-118.84285843722972,0.5072103142738342
Jackass_Butte,0725,627,513,43.01241485534168,-118.90376121137635,0.8651910424232483
Jackass_Butte,0725,359,618,43.084709674220015,-118.86500490055577,0.8882745504379272
Jackass_Butte,0725,657,522,43.00432215173589,-118.90043924187745,0.7904638648033142
Jackass_Butte,0725,563,439,43.02967928970069,-118.93107518281181,0.9175896048545837
Jackass_Butte,0725,336,594,43.09091408031779,-118.87386348588619,0.9182488322257996
Jackass_Butte,0725,683,599,42.99730847527755,-118.87201794727568,0.8530175685882568
Jackass_Butte,0725,332,526,43.09199310746522,-118.89896281098905,0.9275531768798828
Jackass_Butte,0725,544,642,43.03480466865101,-118.85614631522535,0.9478892683982849
Jackass_Butte,0725,383,594,43.07823551133539,-118.87386348588619,0.9818693399429321
Jackass_Butte,0725,419,580,43.06852426700845,-118.8790309939956,0.9431127309799194
Jackass_Butte,0725,401,613,43.07337988917192,-118.86685043916627,0.9351804256439209
Jackass_Butte,0725,518,667,43.04181834510936,-118.84691862217284,0.7194104194641113
Jackass_Butte,0725,468,672,43.055306184452334,-118.84507308356233,0.9013768434524536
Jackass_Butte,0725,348,595,43.08767699887547,-118.87349437816408,0.9181600213050842
Jackass_Butte,0725,377,655,43.07985405205655,-118.85134791483804,0.925957441329956
Jackass_Butte,0725,376,616,43.0801238088434,-118.86574311599998,0.7180601954460144
Jackass_Butte,0725,372,564,43.081202835990844,-118.88493671754921,0.9350134134292603
Jackass_Butte,0725,344,487,43.08875602602291,-118.91335801215098,0.6103963255882263
Jackass_Butte,0725,565,465,43.02913977612697,-118.9214783820372,0.9520213603973389
Jackass_Butte,0725,551,674,43.032916371142996,-118.84433486811812,0.882874608039856
Jackass_Butte,0725,553,648,43.03237685756928,-118.85393166889274,0.9203049540519714
Jackass_Butte,0725,540,689,43.035883695798454,-118.83879825228661,0.9530218243598938
Jackass_Butte,0725,579,460,43.02536318111093,-118.92332392064769,0.8850260972976685
Jackass_Butte,0725,360,634,43.08443991743316,-118.85909917700215,0.9282864928245544
Jackass_Butte,0725,586,471,43.023474883602915,-118.91926373570459,0.8689765334129333
Jackass_Butte,0725,543,692,43.03507442543788,-118.83769092912031,0.9231871962547302
Jackass_Butte,0725,352,554,43.08659797172803,-118.88862779477022,0.8369198441505432
Jackass_Butte,0725,296,537,43.101704351792165,-118.89490262604593,0.8820480108261108
Jackass_Butte,0725,460,657,43.05746423874721,-118.85060969939384,0.7511107325553894
Jackass_Butte,0725,371,625,43.0814725927777,-118.86242114650106,0.8509852290153503
Jackass_Butte,0725,494,683,43.04829250799399,-118.84101289861921,0.9338406920433044
Jackass_Butte,0725,670,586,43.00081531350672,-118.876816347663,0.9287536144256592
Jackass_Butte,0725,351,630,43.086867728514896,-118.86057560789057,0.9199857711791992
Jackass_Butte,0725,511,652,43.04370664261738,-118.85245523800434,0.8518393039703369
Jackass_Butte,0725,367,594,43.08255161992514,-118.87386348588619,0.9555826187133789
Jackass_Butte,0725,545,634,43.03453491186416,-118.85909917700215,0.8772339224815369
Jackass_Butte,0725,340,608,43.08983505317035,-118.86869597777678,0.91721510887146
Jackass_Butte,0725,694,577,42.99434115062209,-118.88013831716191,0.8680399060249329
Jackass_Butte,0725,470,654,43.054766670878614,-118.85171702256014,0.9218531250953674
Jackass_Butte,0725,541,710,43.0356139390116,-118.8310469901225,0.6406727433204651
Jackass_Butte,0725,586,682,43.023474883602915,-118.84138200634132,0.6531660556793213
Jackass_Butte,0725,688,590,42.99595969134325,-118.87533991677459,0.9013524055480957
Jackass_Butte,0725,357,641,43.085249187793735,-118.85651542294745,0.919495165348053
Jackass_Butte,0725,663,595,43.00270361101474,-118.87349437816408,0.8877882361412048
Jackass_Butte,0725,539,637,43.03615345258531,-118.85799185383586,0.9252055287361145
Jackass_Butte,0725,576,697,43.02617245147151,-118.8358453905098,0.934560239315033
Jackass_Butte,0725,688,599,42.99595969134325,-118.87201794727568,0.7924267649650574
Jackass_Butte,0725,600,607,43.01969828858689,-118.86906508549887,0.8848192095756531
Jackass_Butte,0725,624,505,43.01322412570226,-118.90671407315315,0.853592038154602
Jackass_Butte,0725,464,612,43.056385211599775,-118.86721954688838,0.8990626335144043
Jackass_Butte,0725,543,380,43.03507442543788,-118.95285253841575,0.9441909193992615
Jackass_Butte,0725,401,437,43.07337988917192,-118.93181339825601,0.5001920461654663
Jackass_Butte,0725,330,584,43.09253262103894,-118.8775545631072,0.9116590023040771
Jackass_Butte,0725,397,630,43.07445891631936,-118.86057560789057,0.556646466255188
Jackass_Butte,0725,381,596,43.078775024909106,-118.87312527044199,0.9772647619247437
Jackass_Butte,0725,618,493,43.01484266642341,-118.91114336581836,0.6856288909912109
Jackass_Butte,0725,344,555,43.08875602602291,-118.88825868704812,0.8531452417373657
Jackass_Butte,0725,617,602,43.015112423210276,-118.87091062410938,0.911979615688324
Jackass_Butte,0725,652,527,43.005670935670196,-118.89859370326694,0.84539794921875
Jackass_Butte,0725,516,673,43.04235785868308,-118.84470397584023,0.7653156518936157
Jackass_Butte,0725,353,565,43.086328214941176,-118.88456760982712,0.6642706990242004
Jackass_Butte,0725,490,370,43.049371535141425,-118.95654361563676,0.9061596393585205
Jackass_Butte,0725,344,588,43.08875602602291,-118.8760781322188,0.8947082161903381
Jackass_Butte,0725,653,616,43.00540117888333,-118.86574311599998,0.9078294634819031
Jackass_Butte,0725,488,372,43.049911048715146,-118.95580540019256,0.9111502170562744
Jackass_Butte,0725,333,530,43.091723350678365,-118.89748638010064,0.9241825938224792
Jackass_Butte,0725,481,625,43.05179934622316,-118.86242114650106,0.8898692727088928
Jackass_Butte,0725,376,459,43.0801238088434,-118.9236930283698,0.8166735768318176
Jackass_Butte,0725,554,455,43.03210710078242,-118.9251694592582,0.9774584770202637
Jackass_Butte,0725,689,550,42.99568993455639,-118.89010422565862,0.9034343957901001
Jackass_Butte,0725,653,522,43.00540117888333,-118.90043924187745,0.8001712560653687
Jackass_Butte,0725,546,446,43.0342651550773,-118.9284914287571,0.9626438617706299
Jackass_Butte,0725,332,542,43.09199310746522,-118.89305708743542,0.820513904094696
Jackass_Butte,0725,547,647,43.033995398290436,-118.85430077661485,0.9739871025085449
Jackass_Butte,0725,467,615,43.0555759412392,-118.86611222372207,0.8889411091804504
Jackass_Butte,0725,675,530,42.99946652957242,-118.89748638010064,0.8518425822257996
Jackass_Butte,0725,375,609,43.08039356563027,-118.86832687005467,0.8426896929740906
Jackass_Butte,0725,580,692,43.025093424324076,-118.83769092912031,0.8889214396476746
Jackass_Butte,0725,483,616,43.05125983264944,-118.86574311599998,0.8941628336906433
Jackass_Butte,0725,686,613,42.99649920491697,-118.86685043916627,0.6704645156860352
Jackass_Butte,0725,562,677,43.029949046487545,-118.84322754495183,0.9055998921394348
Jackass_Butte,0725,650,586,43.00621044924391,-118.876816347663,0.9709519743919373
Jackass_Butte,0725,644,518,43.00782898996507,-118.90191567276585,0.843281090259552
Jackass_Butte,0725,709,571,42.9902947988192,-118.88235296349451,0.5447620749473572
Jackass_Butte,0725,548,380,43.03372564150358,-118.95285253841575,0.9064969420433044
Jackass_Butte,0725,496,698,43.04775299442027,-118.83547628278771,0.8148189783096313
Jackass_Butte,0725,514,673,43.042897372256796,-118.84470397584023,0.7991217374801636
Jackass_Butte,0725,699,583,42.992992366687794,-118.8779236708293,0.866571307182312
Jackass_Butte,0725,384,601,43.07796575454853,-118.87127973183148,0.9765423536300659
Jackass_Butte,0725,536,636,43.036962722945894,-118.85836096155795,0.9462506771087646
Jackass_Butte,0725,369,642,43.08201210635142,-118.85614631522535,0.922338604927063
Jackass_Butte,0725,698,592,42.99326212347466,-118.87460170133039,0.8958521485328674
Jackass_Butte,0725,572,421,43.02725147861895,-118.93771912180962,0.9355785846710205
Jackass_Butte,0725,640,609,43.0089080171125,-118.86832687005467,0.6981159448623657
Jackass_Butte,0725,423,615,43.06744523986101,-118.86611222372207,0.8955205082893372
Jackass_Butte,0725,487,637,43.050180805502,-118.85799185383586,0.8087047934532166
Jackass_Butte,0725,586,476,43.023474883602915,-118.91741819709408,0.8786466121673584
Jackass_Butte,0725,334,544,43.09145359389151,-118.89231887199122,0.857859194278717
Jackass_Butte,0725,535,686,43.03723247973275,-118.83990557545292,0.9571631550788879
Jackass_Butte,0725,564,394,43.029409532913824,-118.94768503030635,0.8617992401123047
Jackass_Butte,0725,550,625,43.03318612792986,-118.86242114650106,0.9479619860649109
Jackass_Butte,0725,649,603,43.00648020603077,-118.87054151638728,0.8806381225585938
Jackass_Butte,0725,605,618,43.01834950465259,-118.86500490055577,0.6473590731620789
Jackass_Butte,0725,664,608,43.00243385422788,-118.86869597777678,0.9462628364562988
Jackass_Butte,0725,554,685,43.03210710078242,-118.84027468317501,0.9862298369407654
Jackass_Butte,0725,327,540,43.09334189139952,-118.89379530287962,0.8119508624076843
Jackass_Butte,0725,656,513,43.004591908522755,-118.90376121137635,0.6434690952301025
Jackass_Butte,0725,658,611,43.004052394949035,-118.86758865461047,0.9398331642150879
Jackass_Butte,0725,335,584,43.091183837104644,-118.8775545631072,0.9093876481056213
Jackass_Butte,0725,554,712,43.03210710078242,-118.8303087746783,0.5852068662643433
Jackass_Butte,0725,565,680,43.02913977612697,-118.84212022178552,0.9947533011436462
Jackass_Butte,0725,363,573,43.08363064707258,-118.88161474805031,0.9458127021789551
Jackass_Butte,0725,496,679,43.04775299442027,-118.84248932950763,0.9332360029220581
Jackass_Butte,0725,548,623,43.03372564150358,-118.86315936194526,0.9553393125534058
Jackass_Butte,0725,592,418,43.02185634288176,-118.93882644497593,0.6457513570785522
Jackass_Butte,0725,544,358,43.03480466865101,-118.96097290830197,0.6635804772377014
Jackass_Butte,0725,339,506,43.090104809957204,-118.90634496543106,0.7652283906936646
Jackass_Butte,0725,487,672,43.050180805502,-118.84507308356233,0.9046965837478638
Jackass_Butte,0725,682,587,42.997578232064406,-118.87644723994089,0.9051162600517273
Jackass_Butte,0725,559,676,43.03075831684812,-118.84359665267392,0.9093953967094421
Jackass_Butte,0725,560,459,43.030488560061265,-118.9236930283698,0.9494738578796387
Jackass_Butte,0725,339,600,43.090104809957204,-118.87164883955359,0.9208322167396545
Jackass_Butte,0725,672,572,43.000275799933,-118.8819838557724,0.9470452666282654
Jackass_Butte,0725,432,629,43.06501742877928,-118.86094471561266,0.6802125573158264
Jackass_Butte,0725,628,599,43.01214509855482,-118.87201794727568,0.9346673488616943
Jackass_Butte,0725,559,692,43.03075831684812,-118.83769092912031,0.9690019488334656
Jackass_Butte,0725,341,552,43.08956529638349,-118.88936601021442,0.8496190309524536
Jackass_Butte,0725,564,680,43.029409532913824,-118.84212022178552,0.993759274482727
Jackass_Butte,0725,349,601,43.08740724208861,-118.87127973183148,0.886715292930603
Jackass_Butte,0725,557,634,43.03129783042184,-118.85909917700215,0.9230624437332153
Jackass_Butte,0725,401,631,43.07337988917192,-118.86020650016846,0.6745668053627014
Jackass_Butte,0725,328,615,43.09307213461266,-118.86611222372207,0.9169151186943054
Jackass_Butte,0725,364,565,43.08336089028572,-118.88456760982712,0.946756899356842
Jackass_Butte,0725,294,535,43.102243865365885,-118.89564084149013,0.8372941613197327
Jackass_Butte,0725,484,620,43.050990075862586,-118.86426668511157,0.8940529823303223
Jackass_Butte,0725,363,622,43.08363064707258,-118.86352846966737,0.8853898048400879
Jackass_Butte,0725,575,420,43.02644220825837,-118.93808822953173,0.8985702395439148
Jackass_Butte,0725,470,379,43.054766670878614,-118.95322164613786,0.6942116022109985
Jackass_Butte,0725,569,641,43.02806074897953,-118.85651542294745,0.8136377930641174
Jackass_Butte,0725,340,559,43.08983505317035,-118.88678225615972,0.8705838322639465
Jackass_Butte,0725,521,663,43.041009074748786,-118.84839505306124,0.7872552275657654
Jackass_Butte,0725,575,457,43.02644220825837,-118.924431243814,0.9075519442558289
Jackass_Butte,0725,369,458,43.08201210635142,-118.92406213609189,0.5627492070198059
Jackass_Butte,0725,705,564,42.99137382596664,-118.88493671754921,0.6142901182174683
Jackass_Butte,0725,666,581,43.00189434065416,-118.8786618862735,0.9569240808486938
Jackass_Butte,0725,487,363,43.050180805502,-118.95912736969147,0.7847440838813782
Jackass_Butte,0725,520,680,43.04127883153564,-118.84212022178552,0.8525977730751038
Jackass_Butte,0725,346,613,43.08821651244919,-118.86685043916627,0.9217923283576965
Jackass_Butte,0725,482,370,43.0515295894363,-118.95654361563676,0.7635443806648254
Jackass_Butte,0725,675,613,42.99946652957242,-118.86685043916627,0.691476583480835
Jackass_Butte,0725,334,547,43.09145359389151,-118.89121154882493,0.825171709060669
Jackass_Butte,0725,327,506,43.09334189139952,-118.90634496543106,0.5568715929985046
Jackass_Butte,0725,608,600,43.01754023429201,-118.87164883955359,0.9188642501831055
Jackass_Butte,0725,350,488,43.08713748530175,-118.91298890442887,0.6634359359741211
Jackass_Butte,0725,649,621,43.00648020603077,-118.86389757738947,0.8600248098373413
Jackass_Butte,0725,572,645,43.02725147861895,-118.85503899205905,0.8611845374107361
Jackass_Butte,0725,334,576,43.09145359389151,-118.880507424884,0.8990078568458557
Jackass_Butte,0725,451,652,43.059892049828946,-118.85245523800434,0.5538663864135742
Jackass_Butte,0725,323,589,43.09442091854696,-118.87570902449669,0.919462263584137
Jackass_Butte,0725,575,438,43.02644220825837,-118.93144429053392,0.8871156573295593
Jackass_Butte,0725,406,634,43.07203110523762,-118.85909917700215,0.5698296427726746
Jackass_Butte,0725,339,510,43.090104809957204,-118.90486853454266,0.8205400705337524
Jackass_Butte,0725,431,617,43.065287185566135,-118.86537400827787,0.9058936238288879
Jackass_Butte,0725,580,439,43.025093424324076,-118.93107518281181,0.8880248665809631
Jackass_Butte,0725,697,588,42.993531880261514,-118.8760781322188,0.9428529739379883
Jackass_Butte,0725,564,444,43.029409532913824,-118.9292296442013,0.9096885919570923
Jackass_Butte,0725,587,448,43.02320512681606,-118.9277532133129,0.8914810419082642
Jackass_Butte,0725,574,441,43.02671196504523,-118.93033696736761,0.8680842518806458
Jackass_Butte,0725,473,378,43.05395740051804,-118.95359075385996,0.7096890211105347
Jackass_Butte,0725,551,642,43.032916371142996,-118.85614631522535,0.9295321702957153
Jackass_Butte,0725,683,570,42.99730847527755,-118.8827220712166,0.8802098631858826
Jackass_Butte,0725,468,673,43.055306184452334,-118.84470397584023,0.9039386510848999
Jackass_Butte,0725,516,671,43.04235785868308,-118.84544219128443,0.7545809149742126
Jackass_Butte,0725,463,408,43.05665496838663,-118.94251752219694,0.8652905225753784
Jackass_Butte,0725,376,558,43.0801238088434,-118.88715136388181,0.9691503643989563
Jackass_Butte,0725,667,516,43.0016245838673,-118.90265388821005,0.6906150579452515
Jackass_Butte,0725,443,408,43.06205010412382,-118.94251752219694,0.6244283318519592
Jackass_Butte,0725,661,589,43.00324312458846,-118.87570902449669,0.9590719938278198
Jackass_Butte,0725,330,593,43.09253262103894,-118.87423259360828,0.919462263584137
Jackass_Butte,0725,687,548,42.99622944813011,-118.89084244110282,0.9048232436180115
Jackass_Butte,0725,354,619,43.08605845815431,-118.86463579283367,0.9076756238937378
Jackass_Butte,0725,708,576,42.99056455560606,-118.880507424884,0.5790312886238098
Jackass_Butte,0725,652,625,43.005670935670196,-118.86242114650106,0.8619710803031921
Jackass_Butte,0725,624,599,43.01322412570226,-118.87201794727568,0.9353965520858765
Jackass_Butte,0725,474,613,43.05368764373118,-118.86685043916627,0.9021192193031311
Jackass_Butte,0725,664,518,43.00243385422788,-118.90191567276585,0.6683297157287598
Jackass_Butte,0725,377,563,43.07985405205655,-118.88530582527132,0.9716926217079163
Jackass_Butte,0725,502,704,43.04613445369911,-118.8332616364551,0.6800711154937744
Jackass_Butte,0725,575,452,43.02644220825837,-118.9262767824245,0.9284810423851013
Jackass_Butte,0725,457,666,43.05827350910779,-118.84728772989493,0.9332090020179749
Jackass_Butte,0725,545,450,43.03453491186416,-118.9270149978687,0.9658359289169312
Jackass_Butte,0725,566,643,43.028870019340104,-118.85577720750325,0.8959505558013916
Jackass_Butte,0725,455,659,43.058813022681505,-118.84987148394964,0.6805146932601929
Jackass_Butte,0725,300,541,43.100625324644724,-118.89342619515753,0.8802162408828735
Jackass_Butte,0725,370,460,43.081742349564564,-118.92332392064769,0.5673868656158447
Jackass_Butte,0725,348,536,43.08767699887547,-118.89527173376803,0.9593485593795776
Jackass_Butte,0725,551,458,43.032916371142996,-118.92406213609189,0.9700197577476501
Jackass_Butte,0725,573,451,43.026981721832094,-118.9266458901466,0.9151994585990906
Jackass_Butte,0725,388,607,43.076886727401096,-118.86906508549887,0.9786114692687988
Jackass_Butte,0725,541,632,43.0356139390116,-118.85983739244637,0.9216465353965759
Jackass_Butte,0725,547,655,43.033995398290436,-118.85134791483804,0.9823426604270935
Jackass_Butte,0725,567,706,43.02860026255325,-118.8325234210109,0.7899983525276184
Jackass_Butte,0725,558,457,43.031028073634985,-118.924431243814,0.9530985355377197
Jackass_Butte,0725,587,428,43.02320512681606,-118.93513536775492,0.908462405204773
Jackass_Butte,0725,328,559,43.09307213461266,-118.88678225615972,0.9081917405128479
Jackass_Butte,0725,377,629,43.07985405205655,-118.86094471561266,0.8986043930053711
Jackass_Butte,0725,359,600,43.084709674220015,-118.87164883955359,0.8400073051452637
Jackass_Butte,0725,582,480,43.024553910750356,-118.91594176620568,0.9126778244972229
Jackass_Butte,0725,542,633,43.03534418222473,-118.85946828472426,0.9097007513046265
Jackass_Butte,0725,498,692,43.04721348084655,-118.83769092912031,0.8405711054801941
Jackass_Butte,0725,333,597,43.091723350678365,-118.87275616271988,0.919462263584137
Jackass_Butte,0725,560,446,43.030488560061265,-118.9284914287571,0.9452552795410156
Jackass_Butte,0725,557,655,43.03129783042184,-118.85134791483804,0.9291531443595886
Jackass_Butte,0725,331,528,43.092262864252085,-118.89822459554485,0.9124220609664917
Jackass_Butte,0725,423,660,43.06744523986101,-118.84950237622753,0.5876561999320984
Jackass_Butte,0725,502,657,43.04613445369911,-118.85060969939384,0.710948646068573
Jackass_Butte,0725,565,446,43.02913977612697,-118.9284914287571,0.9031538963317871
Jackass_Butte,0725,470,389,43.054766670878614,-118.94953056891686,0.8414757251739502
Jackass_Butte,0725,560,623,43.030488560061265,-118.86315936194526,0.9461876153945923
Jackass_Butte,0725,361,638,43.0841701606463,-118.85762274611375,0.9220767617225647
Jackass_Butte,0725,610,494,43.01700072071829,-118.91077425809627,0.8526859879493713
Jackass_Butte,0725,662,575,43.002973367801594,-118.88087653260611,0.9605482220649719
Jackass_Butte,0725,338,503,43.09037456674407,-118.90745228859736,0.6994211673736572
Jackass_Butte,0725,383,584,43.07823551133539,-118.8775545631072,0.9808570742607117
Jackass_Butte,0725,349,578,43.08740724208861,-118.8797692094398,0.9065200686454773
Jackass_Butte,0725,626,499,43.01268461212854,-118.90892871948576,0.753000020980835
Jackass_Butte,0725,340,490,43.08983505317035,-118.91225068898467,0.5127372145652771
Jackass_Butte,0725,363,601,43.08363064707258,-118.87127973183148,0.8778572678565979
Jackass_Butte,0725,572,415,43.02725147861895,-118.93993376814223,0.9246084690093994
Jackass_Butte,0725,487,640,43.050180805502,-118.85688453066955,0.7483092546463013
Jackass_Butte,0725,414,616,43.069873050942746,-118.86574311599998,0.9117525219917297
Jackass_Butte,0725,376,452,43.0801238088434,-118.9262767824245,0.6236674189567566
Jackass_Butte,0725,466,398,43.055845698026054,-118.94620859941794,0.8708152770996094
Jackass_Butte,0725,327,548,43.09334189139952,-118.89084244110282,0.743766725063324
Jackass_Butte,0725,365,557,43.08309113349886,-118.88752047160392,0.9203746318817139
Jackass_Butte,0725,678,579,42.998657259211846,-118.8794001017177,0.847344696521759
Jackass_Butte,0725,450,662,43.0601618066158,-118.84876416078333,0.7387057542800903
Jackass_Butte,0725,633,610,43.01079631462052,-118.86795776233258,0.7046922445297241
Jackass_Butte,0725,361,571,43.0841701606463,-118.88235296349451,0.909919261932373
Jackass_Butte,0725,544,668,43.03480466865101,-118.84654951445073,0.8921142816543579
Jackass_Butte,0725,512,690,43.043436885830516,-118.83842914456451,0.8735299110412598
Jackass_Butte,0725,693,557,42.994610907408955,-118.88752047160392,0.891033411026001
Jackass_Butte,0725,486,384,43.050450562288866,-118.95137610752735,0.9064406752586365
Jackass_Butte,0725,569,391,43.02806074897953,-118.94879235347264,0.8352342844009399
Jackass_Butte,0725,570,625,43.02779099219267,-118.86242114650106,0.9029873013496399
Jackass_Butte,0725,672,566,43.000275799933,-118.88419850210501,0.9573439955711365
Jackass_Butte,0725,469,622,43.05503642766548,-118.86352846966737,0.8553270697593689
Jackass_Butte,0725,488,359,43.049911048715146,-118.96060380057988,0.5762876868247986
Jackass_Butte,0725,317,526,43.09603945926811,-118.89896281098905,0.6464503407478333
Jackass_Butte,0725,551,705,43.032916371142996,-118.832892528733,0.7280763387680054
Jackass_Butte,0725,490,681,43.049371535141425,-118.84175111406343,0.9349708557128906
Jackass_Butte,0725,657,609,43.00432215173589,-118.86832687005467,0.9199159145355225
Jackass_Butte,0725,521,682,43.041009074748786,-118.84138200634132,0.8489285707473755
Jackass_Butte,0725,673,626,43.00000604314614,-118.86205203877897,0.6894588470458984
Jackass_Butte,0725,316,562,43.096309216054976,-118.88567493299341,0.8701210021972656
Jackass_Butte,0725,650,601,43.00621044924391,-118.87127973183148,0.8884021043777466
Jackass_Butte,0725,660,604,43.003512881375315,-118.87017240866518,0.8618304133415222
Jackass_Butte,0725,459,391,43.05773399553407,-118.94879235347264,0.5777509212493896
Jackass_Butte,0725,573,620,43.026981721832094,-118.86426668511157,0.9130685329437256
Jackass_Butte,0725,380,555,43.07904478169597,-118.88825868704812,0.978808581829071
Jackass_Butte,0725,670,595,43.00081531350672,-118.87349437816408,0.9137783050537109
Jackass_Butte,0725,492,636,43.048832021567705,-118.85836096155795,0.8884182572364807
Jackass_Butte,0725,573,395,43.026981721832094,-118.94731592258424,0.8492198586463928
Jackass_Butte,0725,348,562,43.08767699887547,-118.88567493299341,0.7833949327468872
Jackass_Butte,0725,466,402,43.055845698026054,-118.94473216852954,0.8694186210632324
Jackass_Butte,0725,553,691,43.03237685756928,-118.8380600368424,0.9678924083709717
Jackass_Butte,0725,486,657,43.050450562288866,-118.85060969939384,0.8224124908447266
Jackass_Butte,0725,687,546,42.99622944813011,-118.89158065654702,0.8852159976959229
Jackass_Butte,0725,467,670,43.0555759412392,-118.84581129900653,0.9065297245979309
Jackass_Butte,0725,631,627,43.01133582819424,-118.86168293105686,0.5012339353561401
Jackass_Butte,0725,566,438,43.028870019340104,-118.93144429053392,0.8903681039810181
Jackass_Butte,0725,336,624,43.09091408031779,-118.86279025422317,0.9166750907897949
Jackass_Butte,0725,646,520,43.00728947639135,-118.90117745732165,0.843281090259552
Jackass_Butte,0725,583,619,43.02428415396349,-118.86463579283367,0.8791318535804749
Jackass_Butte,0725,594,483,43.02131682930804,-118.91483444303938,0.884282648563385
Jackass_Butte,0725,474,637,43.05368764373118,-118.85799185383586,0.9139980673789978
Jackass_Butte,0725,321,546,43.09496043212068,-118.89158065654702,0.5930814743041992
Jackass_Butte,0725,651,637,43.00594069245705,-118.85799185383586,0.539412796497345
Jackass_Butte,0725,364,579,43.08336089028572,-118.8794001017177,0.9655405879020691
Jackass_Butte,0725,329,558,43.092802377825805,-118.88715136388181,0.9103937745094299
Jackass_Butte,0725,379,587,43.079314538482826,-118.87644723994089,0.9947977066040039
Jackass_Butte,0725,674,596,42.99973628635929,-118.87312527044199,0.9720485806465149
Jackass_Butte,0725,641,518,43.00863826032565,-118.90191567276585,0.8440884351730347
Jackass_Butte,0725,490,373,43.049371535141425,-118.95543629247047,0.9189081788063049
Jackass_Butte,0725,539,356,43.03615345258531,-118.96171112374617,0.7915195226669312
Jackass_Butte,0725,709,573,42.9902947988192,-118.88161474805031,0.5798500776290894
Jackass_Butte,0725,334,502,43.09145359389151,-118.90782139631946,0.6287615299224854
Jackass_Butte,0725,485,384,43.05072031907572,-118.95137610752735,0.9079427123069763
Jackass_Butte,0725,469,656,43.05503642766548,-118.85097880711594,0.9219479560852051
Jackass_Butte,0725,536,673,43.036962722945894,-118.84470397584023,0.8437917828559875
Jackass_Butte,0725,575,436,43.02644220825837,-118.93218250597812,0.9124156832695007
Jackass_Butte,0725,351,544,43.086867728514896,-118.89231887199122,0.9393017292022705
Jackass_Butte,0725,398,627,43.0741891595325,-118.86168293105686,0.6749719381332397
Jackass_Butte,0725,486,642,43.050450562288866,-118.85614631522535,0.6716248989105225
Jackass_Butte,0725,451,663,43.059892049828946,-118.84839505306124,0.807376503944397
Jackass_Butte,0725,667,519,43.0016245838673,-118.90154656504374,0.7166759371757507
Jackass_Butte,0725,571,459,43.02752123540581,-118.9236930283698,0.9237081408500671
Jackass_Butte,0725,574,667,43.02671196504523,-118.84691862217284,0.7521224021911621
Jackass_Butte,0725,480,627,43.05206910301002,-118.86168293105686,0.8894872665405273
Jackass_Butte,0725,383,558,43.07823551133539,-118.88715136388181,0.979404091835022
Jackass_Butte,0725,498,364,43.04721348084655,-118.95875826196936,0.9011853933334351
Jackass_Butte,0725,336,523,43.09091408031779,-118.90007013415534,0.9330707788467407
Jackass_Butte,0725,666,620,43.00189434065416,-118.86426668511157,0.724866509437561
Jackass_Butte,0725,513,686,43.04316712904366,-118.83990557545292,0.9233877658843994
Jackass_Butte,0725,480,675,43.05206910301002,-118.84396576039603,0.8547785878181458
Jackass_Butte,0725,368,474,43.082281863138284,-118.91815641253828,0.8172835111618042
Jackass_Butte,0725,469,644,43.05503642766548,-118.85540809978114,0.949228048324585
Jackass_Butte,0725,581,400,43.02482366753721,-118.94547038397374,0.6977534294128418
Jackass_Butte,0725,387,567,43.07715648418795,-118.88382939438291,0.9893227815628052
Jackass_Butte,0725,610,483,43.01700072071829,-118.91483444303938,0.5805066823959351
Jackass_Butte,0725,570,636,43.02779099219267,-118.85836096155795,0.6235682368278503
Jackass_Butte,0725,671,570,43.000545556719864,-118.8827220712166,0.9437544345855713
Jackass_Butte,0725,456,396,43.05854326589465,-118.94694681486214,0.5852036476135254
Jackass_Butte,0725,361,492,43.0841701606463,-118.91151247354047,0.8494082093238831
Jackass_Butte,0725,374,567,43.080663322417124,-118.88382939438291,0.9594586491584778
Jackass_Butte,0725,369,610,43.08201210635142,-118.86795776233258,0.7756584286689758
Jackass_Butte,0725,485,625,43.05072031907572,-118.86242114650106,0.9000967144966125
Jackass_Butte,0725,541,354,43.0356139390116,-118.96244933919037,0.5641765594482422
Jackass_Butte,0725,461,617,43.05719448196035,-118.86537400827787,0.8311703205108643
Jackass_Butte,0725,293,538,43.10251362215274,-118.89453351832383,0.8907575607299805
Jackass_Butte,0725,576,685,43.02617245147151,-118.84027468317501,0.9098720550537109
Jackass_Butte,0725,450,666,43.0601618066158,-118.84728772989493,0.7725145220756531
Jackass_Butte,0725,644,608,43.00782898996507,-118.86869597777678,0.74771648645401
Jackass_Butte,0725,583,407,43.02428415396349,-118.94288662991903,0.7784879207611084
Jackass_Butte,0725,544,661,43.03480466865101,-118.84913326850544,0.9672056436538696
Jackass_Butte,0725,656,578,43.004591908522755,-118.8797692094398,0.9606528878211975
Jackass_Butte,0725,330,506,43.09253262103894,-118.90634496543106,0.6235501766204834
Jackass_Butte,0725,463,641,43.05665496838663,-118.85651542294745,0.9286694526672363
Jackass_Butte,0725,566,627,43.028870019340104,-118.86168293105686,0.9035722017288208
Jackass_Butte,0725,350,564,43.08713748530175,-118.88493671754921,0.7394200563430786
Jackass_Butte,0725,309,562,43.098197513562994,-118.88567493299341,0.9095963835716248
Jackass_Butte,0725,310,557,43.09792775677613,-118.88752047160392,0.8875730633735657
Jackass_Butte,0725,404,588,43.07257061881134,-118.8760781322188,0.9865490198135376
Jackass_Butte,0725,487,654,43.050180805502,-118.85171702256014,0.787911057472229
Jackass_Butte,0725,610,608,43.01700072071829,-118.86869597777678,0.8679056763648987
Jackass_Butte,0725,658,593,43.004052394949035,-118.87423259360828,0.9266386032104492
Jackass_Butte,0725,569,657,43.02806074897953,-118.85060969939384,0.7368776798248291
Jackass_Butte,0725,483,676,43.05125983264944,-118.84359665267392,0.9000344276428223
Jackass_Butte,0725,547,448,43.033995398290436,-118.9277532133129,0.9682168960571289
Jackass_Butte,0725,316,567,43.096309216054976,-118.88382939438291,0.9118457436561584
Jackass_Butte,0725,475,406,43.05341788694432,-118.94325573764114,0.9022302031517029
Jackass_Butte,0725,499,661,43.046943724059695,-118.84913326850544,0.8056596517562866
Jackass_Butte,0725,407,631,43.071761348450764,-118.86020650016846,0.5974066853523254
Jackass_Butte,0725,671,581,43.000545556719864,-118.8786618862735,0.934353768825531
Jackass_Butte,0725,554,680,43.03210710078242,-118.84212022178552,0.9453402757644653
Jackass_Butte,0725,335,578,43.091183837104644,-118.8797692094398,0.8841359615325928
Jackass_Butte,0725,630,626,43.0116055849811,-118.86205203877897,0.533252477645874
Jackass_Butte,0725,511,663,43.04370664261738,-118.84839505306124,0.7430275678634644
Jackass_Butte,0725,483,686,43.05125983264944,-118.83990557545292,0.9302288293838501
Jackass_Butte,0725,660,625,43.003512881375315,-118.86242114650106,0.7839750647544861
Jackass_Butte,0725,573,412,43.026981721832094,-118.94104109130853,0.9251989126205444
Jackass_Butte,0725,662,613,43.002973367801594,-118.86685043916627,0.9294667840003967
Jackass_Butte,0725,550,645,43.03318612792986,-118.85503899205905,0.9693171381950378
Jackass_Butte,0725,327,591,43.09334189139952,-118.87497080905248,0.919462263584137
Jackass_Butte,0725,478,625,43.05260861658374,-118.86242114650106,0.8958364129066467
Jackass_Butte,0725,318,542,43.095769702481256,-118.89305708743542,0.5198540091514587
Jackass_Butte,0725,474,682,43.05368764373118,-118.84138200634132,0.919462263584137
Jackass_Butte,0725,564,448,43.029409532913824,-118.9277532133129,0.915541410446167
Jackass_Butte,0725,567,685,43.02860026255325,-118.84027468317501,0.9921236634254456
Jackass_Butte,0725,524,672,43.0401998043882,-118.84507308356233,0.8066662549972534
Jackass_Butte,0725,365,575,43.08309113349886,-118.88087653260611,0.9533812999725342
Jackass_Butte,0725,579,454,43.02536318111093,-118.9255385669803,0.9437769055366516
Jackass_Butte,0725,330,614,43.09253262103894,-118.86648133144418,0.9184014201164246
Jackass_Butte,0725,587,683,43.02320512681606,-118.84101289861921,0.659388542175293
Jackass_Butte,0725,355,577,43.085788701367456,-118.88013831716191,0.8289263248443604
Jackass_Butte,0725,609,480,43.01727047750515,-118.91594176620568,0.5374018549919128
Jackass_Butte,0725,568,678,43.02833050576639,-118.84285843722972,0.9918715357780457
Jackass_Butte,0725,484,659,43.050990075862586,-118.84987148394964,0.847977340221405
Jackass_Butte,0725,534,352,43.03750223651961,-118.96318755463457,0.6706627011299133
Jackass_Butte,0725,466,397,43.055845698026054,-118.94657770714004,0.8452132344245911
Jackass_Butte,0725,684,523,42.99703871849069,-118.90007013415534,0.802888035774231
Jackass_Butte,0725,355,604,43.085788701367456,-118.87017240866518,0.7993158102035522
Jackass_Butte,0725,507,692,43.04478566976481,-118.83769092912031,0.6012715697288513
Jackass_Butte,0725,670,533,43.00081531350672,-118.89637905693434,0.895965576171875
Jackass_Butte,0725,694,544,42.99434115062209,-118.89231887199122,0.8439444303512573
Jackass_Butte,0725,496,650,43.04775299442027,-118.85319345344854,0.5885190963745117
Jackass_Butte,0725,349,565,43.08740724208861,-118.88456760982712,0.7893444299697876
Jackass_Butte,0725,587,444,43.02320512681606,-118.9292296442013,0.6695414781570435
Jackass_Butte,0725,555,378,43.03183734399556,-118.95359075385996,0.8585464954376221
Jackass_Butte,0725,572,634,43.02725147861895,-118.85909917700215,0.5865699052810669
Jackass_Butte,0725,462,630,43.056924725173495,-118.86057560789057,0.7410153746604919
Jackass_Butte,0725,488,680,43.049911048715146,-118.84212022178552,0.9363363981246948
Jackass_Butte,0725,661,510,43.00324312458846,-118.90486853454266,0.6417332291603088
Jackass_Butte,0725,549,644,43.033455884716716,-118.85540809978114,0.9584628343582153
Jackass_Butte,0725,567,407,43.02860026255325,-118.94288662991903,0.9355887770652771
Jackass_Butte,0725,634,594,43.010526557833664,-118.87386348588619,0.9173648953437805
Jackass_Butte,0725,620,614,43.01430315284969,-118.86648133144418,0.5907776951789856
Jackass_Butte,0725,384,615,43.07796575454853,-118.86611222372207,0.8460997939109802
Jackass_Butte,0725,683,611,42.99730847527755,-118.86758865461047,0.606532871723175
Jackass_Butte,0725,342,565,43.08929553959663,-118.88456760982712,0.836988091468811
Jackass_Butte,0725,332,550,43.09199310746522,-118.89010422565862,0.7920699715614319
Jackass_Butte,0725,652,610,43.005670935670196,-118.86795776233258,0.9371322989463806
Jackass_Butte,0725,548,689,43.03372564150358,-118.83879825228661,0.9800785183906555
Jackass_Butte,0725,533,361,43.03777199330647,-118.95986558513567,0.8812281489372253
Jackass_Butte,0725,550,370,43.03318612792986,-118.95654361563676,0.8711500763893127
Jackass_Butte,0725,395,576,43.07499842989308,-118.880507424884,0.982717752456665
Jackass_Butte,0725,353,553,43.086328214941176,-118.88899690249232,0.8089369535446167
Jackass_Butte,0725,437,627,43.06366864484498,-118.86168293105686,0.7861831784248352
Jackass_Butte,0725,537,367,43.03669296615903,-118.95765093880307,0.9335853457450867
Jackass_Butte,0725,674,526,42.99973628635929,-118.89896281098905,0.8135457038879395
Jackass_Butte,0725,316,554,43.096309216054976,-118.88862779477022,0.633205771446228
Jackass_Butte,0725,484,634,43.050990075862586,-118.85909917700215,0.8492909669876099
Jackass_Butte,0725,474,662,43.05368764373118,-118.84876416078333,0.8985393047332764
Jackass_Butte,0725,326,568,43.09361164818638,-118.8834602866608,0.9079111814498901
Jackass_Butte,0725,475,637,43.05341788694432,-118.85799185383586,0.8825562000274658
Jackass_Butte,0725,636,514,43.009987044259944,-118.90339210365426,0.8455613255500793
Jackass_Butte,0725,670,516,43.00081531350672,-118.90265388821005,0.6791155338287354
Jackass_Butte,0725,503,669,43.045864696912254,-118.84618040672864,0.8374960422515869
Jackass_Butte,0725,380,585,43.07904478169597,-118.87718545538509,0.9851507544517517
Jackass_Butte,0725,691,605,42.995150420982675,-118.86980330094308,0.6046698689460754
Jackass_Butte,0725,491,358,43.04910177835457,-118.96097290830197,0.6379116177558899
Jackass_Butte,0725,409,635,43.07122183487704,-118.85873006928006,0.5944010019302368
Jackass_Butte,0725,676,533,42.99919677278557,-118.89637905693434,0.8722143173217773
Jackass_Butte,0725,589,458,43.02266561324234,-118.92406213609189,0.7369714975357056
Jackass_Butte,0725,554,668,43.03210710078242,-118.84654951445073,0.8432246446609497
Jackass_Butte,0725,331,505,43.092262864252085,-118.90671407315315,0.7010467648506165
Jackass_Butte,0725,594,484,43.02131682930804,-118.91446533531727,0.896054208278656
Jackass_Butte,0725,329,616,43.092802377825805,-118.86574311599998,0.9129995703697205
Jackass_Butte,0725,676,606,42.99919677278557,-118.86943419322098,0.7176195383071899
Jackass_Butte,0725,480,621,43.05206910301002,-118.86389757738947,0.889234185218811
Jackass_Butte,0725,552,691,43.03264661435614,-118.8380600368424,0.9707522392272949
Jackass_Butte,0725,561,706,43.0302188032744,-118.8325234210109,0.7818028926849365
Jackass_Butte,0725,525,682,43.039930047601345,-118.84138200634132,0.9477812051773071
Jackass_Butte,0725,397,568,43.07445891631936,-118.8834602866608,0.9824115037918091
Jackass_Butte,0725,630,519,43.0116055849811,-118.90154656504374,0.8628604412078857
Jackass_Butte,0725,592,452,43.02185634288176,-118.9262767824245,0.5895954370498657
Jackass_Butte,0725,572,440,43.02725147861895,-118.9307060750897,0.8655117154121399
Jackass_Butte,0725,438,626,43.06339888805812,-118.86205203877897,0.7908086776733398
Jackass_Butte,0725,665,607,43.00216409744102,-118.86906508549887,0.9474749565124512
Jackass_Butte,0725,468,669,43.055306184452334,-118.84618040672864,0.9014191627502441
Jackass_Butte,0725,608,618,43.01754023429201,-118.86500490055577,0.5779048800468445
Jackass_Butte,0725,507,667,43.04478566976481,-118.84691862217284,0.7868950366973877
Jackass_Butte,0725,485,381,43.05072031907572,-118.95248343069366,0.8983269333839417
Jackass_Butte,0725,658,594,43.004052394949035,-118.87386348588619,0.9355282783508301
Jackass_Butte,0725,363,591,43.08363064707258,-118.87497080905248,0.9614375233650208
Jackass_Butte,0725,565,671,43.02913977612697,-118.84544219128443,0.9883103370666504
Jackass_Butte,0725,371,557,43.0814725927777,-118.88752047160392,0.96800297498703
Jackass_Butte,0725,371,468,43.0814725927777,-118.92037105887088,0.7640381455421448
Jackass_Butte,0725,700,585,42.99272260990094,-118.87718545538509,0.9370836019515991
Jackass_Butte,0725,449,650,43.060431563402666,-118.85319345344854,0.5869579315185547
Jackass_Butte,0725,574,674,43.02671196504523,-118.84433486811812,0.8247095346450806
Jackass_Butte,0725,578,693,43.0256329378978,-118.8373218213982,0.9291509985923767
Jackass_Butte,0725,665,571,43.00216409744102,-118.88235296349451,0.961440920829773
Jackass_Butte,0725,340,502,43.08983505317035,-118.90782139631946,0.6581286787986755
Jackass_Butte,0725,526,686,43.03966029081449,-118.83990557545292,0.9492477178573608
Jackass_Butte,0725,584,454,43.024014397176636,-118.9255385669803,0.8947885632514954
Jackass_Butte,0725,352,636,43.08659797172803,-118.85836096155795,0.919462263584137
Jackass_Butte,0725,493,661,43.04856226478085,-118.84913326850544,0.7941606044769287
Jackass_Butte,0725,522,673,43.04073931796192,-118.84470397584023,0.6606353521347046
Jackass_Butte,0725,335,546,43.091183837104644,-118.89158065654702,0.857549250125885
Jackass_Butte,0725,510,351,43.04397639940424,-118.96355666235668,0.7225151658058167
Jackass_Butte,0725,602,478,43.01915877501317,-118.91667998164988,0.6972260475158691
Jackass_Butte,0725,661,617,43.00324312458846,-118.86537400827787,0.8511450886726379
Jackass_Butte,0725,468,652,43.055306184452334,-118.85245523800434,0.9221972227096558
Jackass_Butte,0725,563,656,43.02967928970069,-118.85097880711594,0.9311689734458923
Jackass_Butte,0725,552,683,43.03264661435614,-118.84101289861921,0.9880312085151672
Jackass_Butte,0725,498,656,43.04721348084655,-118.85097880711594,0.7339687943458557
Jackass_Butte,0725,468,394,43.055306184452334,-118.94768503030635,0.8558730483055115
Jackass_Butte,0725,369,558,43.08201210635142,-118.88715136388181,0.9418333172798157
Jackass_Butte,0725,629,515,43.01187534176796,-118.90302299593215,0.8645778894424438
Jackass_Butte,0725,351,554,43.086867728514896,-118.88862779477022,0.836479127407074
Jackass_Butte,0725,448,660,43.06070132018952,-118.84950237622753,0.6454058289527893
Jackass_Butte,0725,455,408,43.058813022681505,-118.94251752219694,0.8206021189689636
Jackass_Butte,0725,414,610,43.069873050942746,-118.86795776233258,0.9603604078292847
Jackass_Butte,0725,679,612,42.99838750242499,-118.86721954688838,0.6110180020332336
Jackass_Butte,0725,419,632,43.06852426700845,-118.85983739244637,0.6480162143707275
Jackass_Butte,0725,591,615,43.02212609966862,-118.86611222372207,0.868689239025116
Jackass_Butte,0725,332,575,43.09199310746522,-118.88087653260611,0.8865581154823303
Jackass_Butte,0725,576,394,43.02617245147151,-118.94768503030635,0.6971765756607056
Jackass_Butte,0725,423,669,43.06744523986101,-118.84618040672864,0.7818355560302734
Jackass_Butte,0725,479,394,43.05233885979688,-118.94768503030635,0.8898234963417053
Jackass_Butte,0725,564,634,43.029409532913824,-118.85909917700215,0.8583556413650513
Jackass_Butte,0725,664,532,43.00243385422788,-118.89674816465644,0.8597269654273987
Jackass_Butte,0725,549,666,43.033455884716716,-118.84728772989493,0.9355260133743286
Jackass_Butte,0725,571,411,43.02752123540581,-118.94141019903063,0.9378001689910889
Jackass_Butte,0725,368,554,43.082281863138284,-118.88862779477022,0.9656726121902466
Jackass_Butte,0725,662,602,43.002973367801594,-118.87091062410938,0.8129163980484009
Jackass_Butte,0725,653,521,43.00540117888333,-118.90080834959954,0.7867769002914429
Jackass_Butte,0725,506,694,43.04505542655168,-118.83695271367611,0.7787847518920898
Jackass_Butte,0725,548,364,43.03372564150358,-118.95875826196936,0.8424760699272156
Jackass_Butte,0725,601,613,43.019428531800024,-118.86685043916627,0.8548742532730103
Jackass_Butte,0725,586,459,43.023474883602915,-118.9236930283698,0.8531880378723145
Jackass_Butte,0725,327,500,43.09334189139952,-118.90855961176366,0.5273500084877014
Jackass_Butte,0725,356,611,43.0855189445806,-118.86758865461047,0.8951308727264404
Jackass_Butte,0725,546,371,43.0342651550773,-118.95617450791467,0.8972069621086121
Jackass_Butte,0725,545,692,43.03453491186416,-118.83769092912031,0.9306301474571228
Jackass_Butte,0725,574,409,43.02671196504523,-118.94214841447483,0.8843802809715271
Jackass_Butte,0725,456,636,43.05854326589465,-118.85836096155795,0.6003216505050659
Jackass_Butte,0725,390,626,43.076347213827376,-118.86205203877897,0.6283080577850342
Jackass_Butte,0725,358,609,43.08497943100688,-118.86832687005467,0.8584863543510437
Jackass_Butte,0725,336,488,43.09091408031779,-118.91298890442887,0.5425359010696411
Jackass_Butte,0725,619,611,43.014572909636556,-118.86758865461047,0.8704302906990051
Jackass_Butte,0725,585,443,43.02374464038978,-118.92959875192341,0.5030357837677002
Jackass_Butte,0725,342,591,43.08929553959663,-118.87497080905248,0.899062991142273
Jackass_Butte,0725,348,503,43.08767699887547,-118.90745228859736,0.7574889063835144
Jackass_Butte,0725,449,406,43.060431563402666,-118.94325573764114,0.613263726234436
Jackass_Butte,0725,644,525,43.00782898996507,-118.89933191871114,0.8468347787857056
Jackass_Butte,0725,567,442,43.02860026255325,-118.9299678596455,0.8809436559677124
Jackass_Butte,0725,631,510,43.01133582819424,-118.90486853454266,0.8486440181732178
Jackass_Butte,0725,449,648,43.060431563402666,-118.85393166889274,0.5245855450630188
Jackass_Butte,0725,491,348,43.04910177835457,-118.96466398552298,0.52483731508255
Jackass_Butte,0725,579,479,43.02536318111093,-118.91631087392778,0.9394039511680603
Jackass_Butte,0725,693,535,42.994610907408955,-118.89564084149013,0.5618017315864563
Jackass_Butte,0725,532,685,43.03804175009333,-118.84027468317501,0.9703139066696167
Jackass_Butte,0725,297,531,43.10143459500531,-118.89711727237854,0.6938313841819763
Jackass_Butte,0725,498,675,43.04721348084655,-118.84396576039603,0.9160636067390442
Jackass_Butte,0725,549,643,43.033455884716716,-118.85577720750325,0.94905024766922
Jackass_Butte,0725,590,614,43.02239585645548,-118.86648133144418,0.8670111298561096
Jackass_Butte,0725,503,656,43.045864696912254,-118.85097880711594,0.7163277864456177
Jackass_Butte,0725,425,669,43.066905726287295,-118.84618040672864,0.8104321360588074
Jackass_Butte,0725,358,640,43.08497943100688,-118.85688453066955,0.9205545783042908
Jackass_Butte,0725,349,598,43.08740724208861,-118.87238705499779,0.8917149901390076
Jackass_Butte,0725,329,566,43.092802377825805,-118.88419850210501,0.9500948786735535
Jackass_Butte,0725,546,451,43.0342651550773,-118.9266458901466,0.9706333875656128
Jackass_Butte,0725,488,693,43.049911048715146,-118.8373218213982,0.9200330972671509
Jackass_Butte,0725,666,598,43.00189434065416,-118.87238705499779,0.9272744655609131
Jackass_Butte,0725,537,628,43.03669296615903,-118.86131382333477,0.9660402536392212
Jackass_Butte,0725,514,664,43.042897372256796,-118.84802594533913,0.7714046835899353
Jackass_Butte,0725,594,479,43.02131682930804,-118.91631087392778,0.87736576795578
Jackass_Butte,0725,576,468,43.02617245147151,-118.92037105887088,0.9069935083389282
Jackass_Butte,0725,362,557,43.08390040385944,-118.88752047160392,0.8738221526145935
Jackass_Butte,0725,367,599,43.08255161992514,-118.87201794727568,0.96516352891922
Jackass_Butte,0725,635,596,43.0102568010468,-118.87312527044199,0.9137306213378906
Jackass_Butte,0725,529,664,43.038851020453905,-118.84802594533913,0.8150700330734253
Jackass_Butte,0725,366,605,43.082821376712005,-118.86980330094308,0.8520684242248535
Jackass_Butte,0725,345,557,43.08848626923605,-118.88752047160392,0.7884026765823364
Jackass_Butte,0725,328,548,43.09307213461266,-118.89084244110282,0.7577569484710693
Jackass_Butte,0725,556,646,43.0315675872087,-118.85466988433694,0.9675045013427734
Jackass_Butte,0725,357,561,43.085249187793735,-118.88604404071552,0.6511414647102356
Jackass_Butte,0725,524,693,43.0401998043882,-118.8373218213982,0.7968921661376953
Jackass_Butte,0725,479,659,43.05233885979688,-118.84987148394964,0.8699166774749756
Jackass_Butte,0725,549,457,43.033455884716716,-118.924431243814,0.9726951718330383
Jackass_Butte,0725,346,545,43.08821651244919,-118.89194976426913,0.9056385159492493
Jackass_Butte,0725,341,547,43.08956529638349,-118.89121154882493,0.8711405396461487
Jackass_Butte,0725,324,584,43.0941511617601,-118.8775545631072,0.919462263584137
Jackass_Butte,0725,557,371,43.03129783042184,-118.95617450791467,0.7544296979904175
Jackass_Butte,0725,501,685,43.046404210485974,-118.84027468317501,0.9189460873603821
Jackass_Butte,0725,481,383,43.05179934622316,-118.95174521524946,0.8848608732223511
Jackass_Butte,0725,334,591,43.09145359389151,-118.87497080905248,0.9158331155776978
Jackass_Butte,0725,360,625,43.08443991743316,-118.86242114650106,0.9137480854988098
Jackass_Butte,0725,647,618,43.00701971960449,-118.86500490055577,0.9020942449569702
Jackass_Butte,0725,405,589,43.072300862024484,-118.87570902449669,0.9816161394119263
Jackass_Butte,0725,370,638,43.081742349564564,-118.85762274611375,0.9244890809059143
Jackass_Butte,0725,394,587,43.075268186679935,-118.87644723994089,0.9928035736083984
Jackass_Butte,0725,343,542,43.08902578280977,-118.89305708743542,0.9250832796096802
Jackass_Butte,0725,608,606,43.01754023429201,-118.86943419322098,0.8685014247894287
Jackass_Butte,0725,572,446,43.02725147861895,-118.9284914287571,0.8927989602088928
Jackass_Butte,0725,597,481,43.020507558947465,-118.91557265848358,0.8606877326965332
Jackass_Butte,0725,420,662,43.06825451022159,-118.84876416078333,0.7597028017044067
Jackass_Butte,0725,572,698,43.02725147861895,-118.83547628278771,0.9229035973548889
Jackass_Butte,0725,386,648,43.07742624097481,-118.85393166889274,0.8694360256195068
Jackass_Butte,0725,303,536,43.09981605428415,-118.89527173376803,0.5967811346054077
Jackass_Butte,0725,563,647,43.02967928970069,-118.85430077661485,0.9457011818885803
Jackass_Butte,0725,382,630,43.07850526812225,-118.86057560789057,0.8235824704170227
Jackass_Butte,0725,482,626,43.0515295894363,-118.86205203877897,0.8975511193275452
Jackass_Butte,0725,549,627,43.033455884716716,-118.86168293105686,0.9525437355041504
Jackass_Butte,0725,387,643,43.07715648418795,-118.85577720750325,0.7363489270210266
Jackass_Butte,0725,691,598,42.995150420982675,-118.87238705499779,0.8268331289291382
Jackass_Butte,0725,589,478,43.02266561324234,-118.91667998164988,0.8892552256584167
Jackass_Butte,0725,544,647,43.03480466865101,-118.85430077661485,0.9841193556785583
Jackass_Butte,0725,669,574,43.001085070293584,-118.8812456403282,0.9602241516113281
Jackass_Butte,0725,498,662,43.04721348084655,-118.84876416078333,0.789253294467926
Jackass_Butte,0725,349,606,43.08740724208861,-118.86943419322098,0.905153214931488
Jackass_Butte,0725,593,468,43.0215865860949,-118.92037105887088,0.6591511964797974
Jackass_Butte,0725,433,661,43.064747671992414,-118.84913326850544,0.6044072508811951
Jackass_Butte,0725,578,456,43.0256329378978,-118.92480035153609,0.9247321486473083
Jackass_Butte,0725,551,446,43.032916371142996,-118.9284914287571,0.9746460914611816
Jackass_Butte,0725,568,437,43.02833050576639,-118.93181339825601,0.879560112953186
Jackass_Butte,0725,646,587,43.00728947639135,-118.87644723994089,0.9643799662590027
Jackass_Butte,0725,467,668,43.0555759412392,-118.84654951445073,0.9102218151092529
Jackass_Butte,0725,472,650,43.0542271573049,-118.85319345344854,0.9153881072998047
Jackass_Butte,0725,411,658,43.07068232130332,-118.85024059167174,0.8471328020095825
Jackass_Butte,0725,372,613,43.081202835990844,-118.86685043916627,0.7013729810714722
Jackass_Butte,0725,410,586,43.07095207809019,-118.876816347663,0.9676997661590576
Jackass_Butte,0725,337,544,43.090644323530924,-118.89231887199122,0.8777096271514893
Jackass_Butte,0725,510,670,43.04397639940424,-118.84581129900653,0.8078286647796631
Jackass_Butte,0725,552,703,43.03264661435614,-118.8336307441772,0.7365255951881409
Jackass_Butte,0725,595,609,43.021047072521185,-118.86832687005467,0.8862369060516357
Jackass_Butte,0725,559,651,43.03075831684812,-118.85282434572645,0.93442302942276
Jackass_Butte,0725,478,644,43.05260861658374,-118.85540809978114,0.8731465339660645
Jackass_Butte,0725,510,655,43.04397639940424,-118.85134791483804,0.7846426963806152
Jackass_Butte,0725,564,673,43.029409532913824,-118.84470397584023,0.9890332221984863
Jackass_Butte,0725,549,376,43.033455884716716,-118.95432896930416,0.8791972994804382
Jackass_Butte,0725,435,625,43.0642081584187,-118.86242114650106,0.8170716762542725
Jackass_Butte,0725,468,674,43.055306184452334,-118.84433486811812,0.9048150181770325
Jackass_Butte,0725,299,532,43.10089508143159,-118.89674816465644,0.6720770597457886
Jackass_Butte,0725,322,570,43.094690675333815,-118.8827220712166,0.9060266613960266
Jackass_Butte,0725,628,516,43.01214509855482,-118.90265388821005,0.871567964553833
Jackass_Butte,0725,513,700,43.04316712904366,-118.83473806734351,0.5664194822311401
Jackass_Butte,0725,337,510,43.090644323530924,-118.90486853454266,0.8353598117828369
Jackass_Butte,0725,572,430,43.02725147861895,-118.93439715231072,0.9155480861663818
Jackass_Butte,0725,327,544,43.09334189139952,-118.89231887199122,0.7963501811027527
Jackass_Butte,0725,426,622,43.06663596950043,-118.86352846966737,0.786407470703125
Jackass_Butte,0725,330,495,43.09253262103894,-118.91040515037416,0.542694091796875
Jackass_Butte,0725,487,364,43.050180805502,-118.95875826196936,0.8205307722091675
Jackass_Butte,0725,366,586,43.082821376712005,-118.876816347663,0.9762700200080872
Jackass_Butte,0725,508,351,43.04451591297796,-118.96355666235668,0.7235319018363953
Jackass_Butte,0725,348,499,43.08767699887547,-118.90892871948576,0.7565280795097351
Jackass_Butte,0725,471,638,43.05449691409176,-118.85762274611375,0.9181948304176331
Jackass_Butte,0725,548,702,43.03372564150358,-118.8339998518993,0.7400498986244202
Jackass_Butte,0725,328,612,43.09307213461266,-118.86721954688838,0.9178752303123474
Jackass_Butte,0725,558,387,43.031028073634985,-118.95026878436106,0.8823814392089844
Jackass_Butte,0725,647,615,43.00701971960449,-118.86611222372207,0.8344495892524719
Jackass_Butte,0725,362,563,43.08390040385944,-118.88530582527132,0.8240643739700317
Jackass_Butte,0725,423,613,43.06744523986101,-118.86685043916627,0.9018038511276245
Jackass_Butte,0725,419,626,43.06852426700845,-118.86205203877897,0.7596994638442993
Jackass_Butte,0725,633,597,43.01079631462052,-118.87275616271988,0.9090383052825928
Jackass_Butte,0725,468,406,43.055306184452334,-118.94325573764114,0.8724424839019775
Jackass_Butte,0725,556,635,43.0315675872087,-118.85873006928006,0.9269595742225647
Jackass_Butte,0725,690,577,42.99542017776953,-118.88013831716191,0.8558275699615479
Jackass_Butte,0725,335,506,43.091183837104644,-118.90634496543106,0.7307995557785034
Jackass_Butte,0725,559,385,43.03075831684812,-118.95100699980526,0.855301022529602
Jackass_Butte,0725,664,595,43.00243385422788,-118.87349437816408,0.8830199241638184
Jackass_Butte,0725,390,644,43.076347213827376,-118.85540809978114,0.6509268283843994
Jackass_Butte,0725,398,569,43.0741891595325,-118.88309117893871,0.9845696091651917
Jackass_Butte,0725,564,655,43.029409532913824,-118.85134791483804,0.9702277779579163
Jackass_Butte,0725,329,570,43.092802377825805,-118.8827220712166,0.8965957164764404
Jackass_Butte,0725,654,525,43.005131422096476,-118.89933191871114,0.8267876505851746
Jackass_Butte,0725,391,645,43.07607745704051,-118.85503899205905,0.5737029314041138
Jackass_Butte,0725,400,588,43.07364964595878,-118.8760781322188,0.9894259572029114
Jackass_Butte,0725,588,414,43.022935370029195,-118.94030287586433,0.7764305472373962
Jackass_Butte,0725,584,621,43.024014397176636,-118.86389757738947,0.8629419207572937
Jackass_Butte,0725,650,573,43.00621044924391,-118.88161474805031,0.9698565602302551
Jackass_Butte,0725,388,635,43.076886727401096,-118.85873006928006,0.5847814083099365
Jackass_Butte,0725,462,398,43.056924725173495,-118.94620859941794,0.8062703013420105
Jackass_Butte,0725,584,468,43.024014397176636,-118.92037105887088,0.8767464756965637
Jackass_Butte,0725,379,604,43.079314538482826,-118.87017240866518,0.9632502198219299
Jackass_Butte,0725,335,588,43.091183837104644,-118.8760781322188,0.9054166078567505
Jackass_Butte,0725,396,658,43.074728673106215,-118.85024059167174,0.9209848642349243
Jackass_Butte,0725,469,393,43.05503642766548,-118.94805413802844,0.8669660091400146
Jackass_Butte,0725,461,631,43.05719448196035,-118.86020650016846,0.7485774159431458
Jackass_Butte,0725,342,608,43.08929553959663,-118.86869597777678,0.9153099060058594
Jackass_Butte,0725,488,644,43.049911048715146,-118.85540809978114,0.6183704137802124
Jackass_Butte,0725,558,461,43.031028073634985,-118.9229548129256,0.9475095272064209
Jackass_Butte,0725,372,558,43.081202835990844,-118.88715136388181,0.966422975063324
Jackass_Butte,0725,376,586,43.0801238088434,-118.876816347663,0.9855949878692627
Jackass_Butte,0725,335,550,43.091183837104644,-118.89010422565862,0.7999893426895142
Jackass_Butte,0725,346,626,43.08821651244919,-118.86205203877897,0.9080378413200378
Jackass_Butte,0725,621,492,43.014033396062835,-118.91151247354047,0.5094115734100342
Jackass_Butte,0725,694,589,42.99434115062209,-118.87570902449669,0.9411658048629761
Jackass_Butte,0725,550,663,43.03318612792986,-118.84839505306124,0.9460588693618774
Jackass_Butte,0725,634,592,43.010526557833664,-118.87460170133039,0.9154375195503235
Jackass_Butte,0725,475,389,43.05341788694432,-118.94953056891686,0.8703386187553406
Jackass_Butte,0725,547,362,43.033995398290436,-118.95949647741357,0.7224022746086121
Jackass_Butte,0725,349,490,43.08740724208861,-118.91225068898467,0.6351851224899292
Jackass_Butte,0725,355,634,43.085788701367456,-118.85909917700215,0.9198434352874756
Jackass_Butte,0725,344,589,43.08875602602291,-118.87570902449669,0.8816274404525757
Jackass_Butte,0725,365,568,43.08309113349886,-118.8834602866608,0.9234604835510254
Jackass_Butte,0725,333,527,43.091723350678365,-118.89859370326694,0.9272683262825012
Jackass_Butte,0725,373,627,43.08093307920399,-118.86168293105686,0.8937586545944214
Jackass_Butte,0725,331,612,43.092262864252085,-118.86721954688838,0.9178892374038696
Jackass_Butte,0725,688,543,42.99595969134325,-118.89268797971333,0.8514884114265442
Jackass_Butte,0725,393,646,43.0755379434668,-118.85466988433694,0.5875719785690308
Jackass_Butte,0725,387,629,43.07715648418795,-118.86094471561266,0.6785203814506531
Jackass_Butte,0725,629,622,43.01187534176796,-118.86352846966737,0.5537324547767639
Jackass_Butte,0725,652,635,43.005670935670196,-118.85873006928006,0.7185853719711304
Jackass_Butte,0725,346,494,43.08821651244919,-118.91077425809627,0.6419872045516968
Jackass_Butte,0725,477,616,43.052878373370596,-118.86574311599998,0.9013046622276306
Jackass_Butte,0725,653,599,43.00540117888333,-118.87201794727568,0.8592076897621155
Jackass_Butte,0725,550,687,43.03318612792986,-118.83953646773081,0.9807384610176086
Jackass_Butte,0725,554,700,43.03210710078242,-118.83473806734351,0.8551959991455078
Jackass_Butte,0725,563,707,43.02967928970069,-118.8321543132888,0.7274289131164551
Jackass_Butte,0725,649,609,43.00648020603077,-118.86832687005467,0.8627808094024658
Jackass_Butte,0725,325,564,43.09388140497324,-118.88493671754921,0.9200283288955688
Jackass_Butte,0725,509,348,43.0442461561911,-118.96466398552298,0.574591875076294
Jackass_Butte,0725,679,593,42.99838750242499,-118.87423259360828,0.86335688829422
Jackass_Butte,0725,470,651,43.054766670878614,-118.85282434572645,0.9215564131736755
Jackass_Butte,0725,511,355,43.04370664261738,-118.96208023146828,0.7984463572502136
Jackass_Butte,0725,682,615,42.997578232064406,-118.86611222372207,0.567510724067688
Jackass_Butte,0725,567,658,43.02860026255325,-118.85024059167174,0.9646374583244324
Jackass_Butte,0725,690,529,42.99542017776953,-118.89785548782274,0.6789450645446777
Jackass_Butte,0725,514,665,43.042897372256796,-118.84765683761704,0.7673327326774597
Jackass_Butte,0725,465,636,43.05611545481291,-118.85836096155795,0.9243024587631226
Jackass_Butte,0725,383,571,43.07823551133539,-118.88235296349451,0.9910172820091248
Jackass_Butte,0725,578,462,43.0256329378978,-118.92258570520349,0.8829984068870544
Jackass_Butte,0725,337,613,43.090644323530924,-118.86685043916627,0.912445068359375
Jackass_Butte,0725,360,472,43.08443991743316,-118.91889462798248,0.641103982925415
Jackass_Butte,0725,659,628,43.00378263816218,-118.86131382333477,0.8387806415557861
Jackass_Butte,0725,428,625,43.06609645592671,-118.86242114650106,0.737629771232605
Jackass_Butte,0725,415,629,43.06960329415589,-118.86094471561266,0.7469316124916077
Jackass_Butte,0725,558,643,43.031028073634985,-118.85577720750325,0.9570154547691345
Jackass_Butte,0725,374,618,43.080663322417124,-118.86500490055577,0.6787411570549011
Jackass_Butte,0725,367,584,43.08255161992514,-118.8775545631072,0.9737951159477234
Jackass_Butte,0725,509,673,43.0442461561911,-118.84470397584023,0.8668497800827026
Jackass_Butte,0725,585,479,43.02374464038978,-118.91631087392778,0.9016563892364502
Jackass_Butte,0725,297,544,43.10143459500531,-118.89231887199122,0.8867520689964294
Jackass_Butte,0725,449,632,43.060431563402666,-118.85983739244637,0.6328136920928955
Jackass_Butte,0725,451,626,43.059892049828946,-118.86205203877897,0.5439176559448242
Jackass_Butte,0725,340,548,43.08983505317035,-118.89084244110282,0.8501558899879456
Jackass_Butte,0725,585,439,43.02374464038978,-118.93107518281181,0.5215808153152466
Jackass_Butte,0725,648,604,43.00674996281763,-118.87017240866518,0.8202512264251709
Jackass_Butte,0725,511,679,43.04370664261738,-118.84248932950763,0.9303240180015564
Jackass_Butte,0725,662,601,43.002973367801594,-118.87127973183148,0.8434759974479675
Jackass_Butte,0725,557,703,43.03129783042184,-118.8336307441772,0.8003908395767212
Jackass_Butte,0725,469,626,43.05503642766548,-118.86205203877897,0.8236882090568542
Jackass_Butte,0725,512,664,43.043436885830516,-118.84802594533913,0.7487483024597168
Jackass_Butte,0725,537,696,43.03669296615903,-118.83621449823191,0.8064896464347839
Jackass_Butte,0725,433,668,43.064747671992414,-118.84654951445073,0.7687351107597351
Jackass_Butte,0725,375,569,43.08039356563027,-118.88309117893871,0.9715093374252319
Jackass_Butte,0725,338,565,43.09037456674407,-118.88456760982712,0.9243721961975098
Jackass_Butte,0725,547,695,43.033995398290436,-118.836583605954,0.8794666528701782
Jackass_Butte,0725,673,524,43.00000604314614,-118.89970102643325,0.7779452204704285
Jackass_Butte,0725,622,623,43.01376363927598,-118.86315936194526,0.5024118423461914
Jackass_Butte,0725,455,671,43.058813022681505,-118.84544219128443,0.9063553810119629
Jackass_Butte,0725,341,626,43.08956529638349,-118.86205203877897,0.9128104448318481
Jackass_Butte,0725,467,649,43.0555759412392,-118.85356256117065,0.9292272925376892
Jackass_Butte,0725,692,592,42.99488066419581,-118.87460170133039,0.9376240968704224
Jackass_Butte,0725,493,358,43.04856226478085,-118.96097290830197,0.7087894678115845
Jackass_Butte,0725,325,583,43.09388140497324,-118.8779236708293,0.9193500280380249
Jackass_Butte,0725,570,662,43.02779099219267,-118.84876416078333,0.9439488053321838
Jackass_Butte,0725,700,545,42.99272260990094,-118.89194976426913,0.7328303456306458
Jackass_Butte,0725,604,490,43.01861926143945,-118.91225068898467,0.8683185577392578
Jackass_Butte,0725,346,623,43.08821651244919,-118.86315936194526,0.905862033367157
Jackass_Butte,0725,506,355,43.04505542655168,-118.96208023146828,0.8105381727218628
Jackass_Butte,0725,686,522,42.99649920491697,-118.90043924187745,0.6699824929237366
Jackass_Butte,0725,481,657,43.05179934622316,-118.85060969939384,0.866834819316864
Jackass_Butte,0725,380,648,43.07904478169597,-118.85393166889274,0.9271580576896667
Jackass_Butte,0725,447,415,43.06097107697639,-118.93993376814223,0.8496623635292053
Jackass_Butte,0725,335,564,43.091183837104644,-118.88493671754921,0.9241806864738464
Jackass_Butte,0725,373,463,43.08093307920399,-118.9222165974814,0.7750017642974854
Jackass_Butte,0725,595,472,43.021047072521185,-118.91889462798248,0.7688637375831604
Jackass_Butte,0725,639,603,43.00917777389937,-118.87054151638728,0.8976025581359863
Jackass_Butte,0725,382,555,43.07850526812225,-118.88825868704812,0.9803773760795593
Jackass_Butte,0725,657,517,43.00432215173589,-118.90228478048795,0.6988731026649475
Jackass_Butte,0725,572,420,43.02725147861895,-118.93808822953173,0.9333216547966003
Jackass_Butte,0725,561,461,43.0302188032744,-118.9229548129256,0.9410389065742493
Jackass_Butte,0725,663,527,43.00270361101474,-118.89859370326694,0.7801951766014099
Jackass_Butte,0725,647,578,43.00701971960449,-118.8797692094398,0.9642373323440552
Jackass_Butte,0725,486,378,43.050450562288866,-118.95359075385996,0.8911964893341064
Jackass_Butte,0725,525,676,43.039930047601345,-118.84359665267392,0.8468908667564392
Jackass_Butte,0725,565,648,43.02913977612697,-118.85393166889274,0.9624812006950378
Jackass_Butte,0725,490,625,43.049371535141425,-118.86242114650106,0.8934744000434875
Jackass_Butte,0725,527,680,43.039390534027625,-118.84212022178552,0.9222341775894165
Jackass_Butte,0725,568,641,43.02833050576639,-118.85651542294745,0.8471761345863342
Jackass_Butte,0725,470,660,43.054766670878614,-118.84950237622753,0.9223982095718384
Jackass_Butte,0725,342,484,43.08929553959663,-118.91446533531727,0.511867880821228
Jackass_Butte,0725,374,614,43.080663322417124,-118.86648133144418,0.690466582775116
Jackass_Butte,0725,555,646,43.03183734399556,-118.85466988433694,0.9532437324523926
Jackass_Butte,0725,397,607,43.07445891631936,-118.86906508549887,0.9841499328613281
Jackass_Butte,0725,600,484,43.01969828858689,-118.91446533531727,0.8583114147186279
Jackass_Butte,0725,482,369,43.0515295894363,-118.95691272335887,0.8107911348342896
Jackass_Butte,0725,345,529,43.08848626923605,-118.89785548782274,0.9475471377372742
Jackass_Butte,0725,703,583,42.99191333954036,-118.8779236708293,0.8583735227584839
Jackass_Butte,0725,377,600,43.07985405205655,-118.87164883955359,0.9722980260848999
Jackass_Butte,0725,513,675,43.04316712904366,-118.84396576039603,0.8635470867156982
Jackass_Butte,0725,374,635,43.080663322417124,-118.85873006928006,0.9239394664764404
Jackass_Butte,0725,629,517,43.01187534176796,-118.90228478048795,0.8634730577468872
Jackass_Butte,0725,392,574,43.075807700253655,-118.8812456403282,0.9881914854049683
Jackass_Butte,0725,381,576,43.078775024909106,-118.880507424884,0.9860242605209351
Jackass_Butte,0725,598,476,43.0202378021606,-118.91741819709408,0.7669154405593872
Jackass_Butte,0725,514,357,43.042897372256796,-118.96134201602408,0.8518829345703125
Jackass_Butte,0725,500,696,43.04667396727283,-118.83621449823191,0.7947925925254822
Jackass_Butte,0725,355,585,43.085788701367456,-118.87718545538509,0.8081130981445312
Jackass_Butte,0725,402,590,43.07311013238506,-118.87533991677459,0.9913077354431152
Jackass_Butte,0725,566,662,43.028870019340104,-118.84876416078333,0.9776669144630432
Jackass_Butte,0725,327,565,43.09334189139952,-118.88456760982712,0.9373173117637634
Jackass_Butte,0725,673,508,43.00000604314614,-118.90560674998686,0.5525124669075012
Jackass_Butte,0725,342,559,43.08929553959663,-118.88678225615972,0.8146497011184692
Jackass_Butte,0725,569,661,43.02806074897953,-118.84913326850544,0.9285374283790588
Jackass_Butte,0725,585,483,43.02374464038978,-118.91483444303938,0.9090032577514648
Jackass_Butte,0725,518,660,43.04181834510936,-118.84950237622753,0.8227160573005676
Jackass_Butte,0725,343,577,43.08902578280977,-118.88013831716191,0.8893263339996338
Jackass_Butte,0725,480,640,43.05206910301002,-118.85688453066955,0.7627825736999512
Jackass_Butte,0725,352,572,43.08659797172803,-118.8819838557724,0.8581546545028687
Jackass_Butte,0725,592,469,43.02185634288176,-118.92000195114879,0.7566389441490173
Jackass_Butte,0725,518,683,43.04181834510936,-118.84101289861921,0.9031043648719788
Jackass_Butte,0725,299,548,43.10089508143159,-118.89084244110282,0.9005680680274963
Jackass_Butte,0725,489,379,43.04964129192829,-118.95322164613786,0.9049281477928162
Jackass_Butte,0725,508,650,43.04451591297796,-118.85319345344854,0.8305936455726624
Jackass_Butte,0725,671,613,43.000545556719864,-118.86685043916627,0.8918622136116028
Jackass_Butte,0725,578,445,43.0256329378978,-118.9288605364792,0.881631076335907
Jackass_Butte,0725,328,513,43.09307213461266,-118.90376121137635,0.7089336514472961
Jackass_Butte,0725,657,616,43.00432215173589,-118.86574311599998,0.8813702464103699
Jackass_Butte,0725,392,656,43.075807700253655,-118.85097880711594,0.9090012311935425
Jackass_Butte,0725,340,503,43.08983505317035,-118.90745228859736,0.6855363845825195
Jackass_Butte,0725,373,633,43.08093307920399,-118.85946828472426,0.9130804538726807
Jackass_Butte,0725,598,604,43.0202378021606,-118.87017240866518,0.8954020738601685
Jackass_Butte,0725,370,640,43.081742349564564,-118.85688453066955,0.9243753552436829
Jackass_Butte,0725,463,621,43.05665496838663,-118.86389757738947,0.7514829635620117
Jackass_Butte,0725,399,633,43.07391940274564,-118.85946828472426,0.5079112648963928
Jackass_Butte,0725,485,681,43.05072031907572,-118.84175111406343,0.9313196539878845
Jackass_Butte,0725,313,562,43.09711848641555,-118.88567493299341,0.8967582583427429
Jackass_Butte,0725,680,582,42.998117745638126,-118.8782927785514,0.8360847234725952
Jackass_Butte,0725,496,671,43.04775299442027,-118.84544219128443,0.8749634623527527
Jackass_Butte,0725,704,592,42.9916435827535,-118.87460170133039,0.5049888491630554
Jackass_Butte,0725,577,397,43.02590269468465,-118.94657770714004,0.7930741310119629
Jackass_Butte,0725,500,650,43.04667396727283,-118.85319345344854,0.5606748461723328
Jackass_Butte,0725,336,613,43.09091408031779,-118.86685043916627,0.9141008257865906
Jackass_Butte,0725,685,563,42.99676896170383,-118.88530582527132,0.9418867230415344
Jackass_Butte,0725,560,372,43.030488560061265,-118.95580540019256,0.6736153364181519
Jackass_Butte,0725,459,629,43.05773399553407,-118.86094471561266,0.6702218651771545
Jackass_Butte,0725,560,705,43.030488560061265,-118.832892528733,0.8184681534767151
Jackass_Butte,0725,494,699,43.04829250799399,-118.8351071750656,0.8446766138076782
Jackass_Butte,0725,351,493,43.086867728514896,-118.91114336581836,0.6996654272079468
Jackass_Butte,0725,381,562,43.078775024909106,-118.88567493299341,0.9817272424697876
Jackass_Butte,0725,655,585,43.00486166530961,-118.87718545538509,0.9384374022483826
Jackass_Butte,0725,583,688,43.02428415396349,-118.83916736000872,0.8329980373382568
Jackass_Butte,0725,501,349,43.046404210485974,-118.96429487780088,0.5591098666191101
Jackass_Butte,0725,409,617,43.07122183487704,-118.86537400827787,0.8712862730026245
Jackass_Butte,0725,435,663,43.0642081584187,-118.84839505306124,0.610962986946106
Jackass_Butte,0725,542,671,43.03534418222473,-118.84544219128443,0.8842854499816895
Jackass_Butte,0725,698,548,42.99326212347466,-118.89084244110282,0.843690037727356
Jackass_Butte,0725,650,592,43.00621044924391,-118.87460170133039,0.9489145278930664
Jackass_Butte,0725,415,617,43.06960329415589,-118.86537400827787,0.907563328742981
Jackass_Butte,0725,537,350,43.03669296615903,-118.96392577007877,0.5362144708633423
Jackass_Butte,0725,348,498,43.08767699887547,-118.90929782720787,0.7521923780441284
Jackass_Butte,0725,574,412,43.02671196504523,-118.94104109130853,0.906371533870697
Jackass_Butte,0725,376,567,43.0801238088434,-118.88382939438291,0.9763352274894714
Jackass_Butte,0725,673,527,43.00000604314614,-118.89859370326694,0.7988746166229248
Jackass_Butte,0725,437,623,43.06366864484498,-118.86315936194526,0.8395606875419617
Jackass_Butte,0725,385,561,43.07769599776167,-118.88604404071552,0.9796419739723206
Jackass_Butte,0725,593,471,43.0215865860949,-118.91926373570459,0.7955458164215088
Jackass_Butte,0725,477,615,43.052878373370596,-118.86611222372207,0.9033558964729309
Jackass_Butte,0725,351,596,43.086867728514896,-118.87312527044199,0.9021245837211609
Jackass_Butte,0725,329,600,43.092802377825805,-118.87164883955359,0.919462263584137
Jackass_Butte,0725,465,654,43.05611545481291,-118.85171702256014,0.8766042590141296
Jackass_Butte,0725,687,607,42.99622944813011,-118.86906508549887,0.7218415141105652
Jackass_Butte,0725,523,688,43.040469561175065,-118.83916736000872,0.8882237672805786
Jackass_Butte,0725,384,621,43.07796575454853,-118.86389757738947,0.7889629006385803
Jackass_Butte,0725,585,444,43.02374464038978,-118.9292296442013,0.6575942635536194
Jackass_Butte,0725,631,621,43.01133582819424,-118.86389757738947,0.5228155255317688
Jackass_Butte,0725,337,596,43.090644323530924,-118.87312527044199,0.9196917414665222
Jackass_Butte,0725,678,535,42.998657259211846,-118.89564084149013,0.8798019886016846
Jackass_Butte,0725,670,627,43.00081531350672,-118.86168293105686,0.7768458724021912
Jackass_Butte,0725,472,661,43.0542271573049,-118.84913326850544,0.8866693377494812
Jackass_Butte,0725,570,640,43.02779099219267,-118.85688453066955,0.7550033926963806
Jackass_Butte,0725,484,369,43.050990075862586,-118.95691272335887,0.8386926651000977
Jackass_Butte,0725,591,473,43.02212609966862,-118.91852552026039,0.8555852770805359
Jackass_Butte,0725,492,656,43.048832021567705,-118.85097880711594,0.749954879283905
Jackass_Butte,0725,374,639,43.080663322417124,-118.85725363839165,0.9279628396034241
Jackass_Butte,0725,298,537,43.101164838218445,-118.89490262604593,0.870806872844696
Jackass_Butte,0725,660,512,43.003512881375315,-118.90413031909846,0.6764719486236572
Jackass_Butte,0725,563,620,43.02967928970069,-118.86426668511157,0.9491845965385437
Jackass_Butte,0725,495,656,43.04802275120713,-118.85097880711594,0.7622825503349304
Jackass_Butte,0725,589,610,43.02266561324234,-118.86795776233258,0.8963587284088135
Jackass_Butte,0725,566,697,43.028870019340104,-118.8358453905098,0.939106285572052
Jackass_Butte,0725,321,543,43.09496043212068,-118.89268797971333,0.5058653950691223
Jackass_Butte,0725,505,360,43.045325183338534,-118.96023469285777,0.8781400918960571
Jackass_Butte,0725,548,704,43.03372564150358,-118.8332616364551,0.5990926623344421
Jackass_Butte,0725,591,453,43.02212609966862,-118.9259076747024,0.625187337398529
Jackass_Butte,0725,481,615,43.05179934622316,-118.86611222372207,0.906237781047821
Jackass_Butte,0725,495,367,43.04802275120713,-118.95765093880307,0.9130379557609558
Jackass_Butte,0725,650,513,43.00621044924391,-118.90376121137635,0.7170546054840088
Jackass_Butte,0725,483,366,43.05125983264944,-118.95802004652516,0.7462688088417053
Jackass_Butte,0725,619,601,43.014572909636556,-118.87127973183148,0.9094153046607971
Jackass_Butte,0725,513,669,43.04316712904366,-118.84618040672864,0.7476880550384521
Jackass_Butte,0725,331,541,43.092262864252085,-118.89342619515753,0.8123682141304016
Jackass_Butte,0725,390,445,43.076347213827376,-118.9288605364792,0.6851392984390259
Jackass_Butte,0725,562,449,43.029949046487545,-118.9273841055908,0.931149423122406
Jackass_Butte,0725,435,623,43.0642081584187,-118.86315936194526,0.8345251083374023
Jackass_Butte,0725,408,635,43.0714915916639,-118.85873006928006,0.5854889154434204
Jackass_Butte,0725,663,570,43.00270361101474,-118.8827220712166,0.9515848159790039
Jackass_Butte,0725,460,648,43.05746423874721,-118.85393166889274,0.7505698204040527
Jackass_Butte,0725,633,606,43.01079631462052,-118.86943419322098,0.896819531917572
Jackass_Butte,0725,392,612,43.075807700253655,-118.86721954688838,0.9436058402061462
Jackass_Butte,0725,321,528,43.09496043212068,-118.89822459554485,0.8071771264076233
Jackass_Butte,0725,682,576,42.997578232064406,-118.880507424884,0.86266028881073
Jackass_Butte,0725,467,631,43.0555759412392,-118.86020650016846,0.8504395484924316
Jackass_Butte,0725,388,626,43.076886727401096,-118.86205203877897,0.6424769163131714
Jackass_Butte,0725,357,589,43.085249187793735,-118.87570902449669,0.747871458530426
Jackass_Butte,0725,663,523,43.00270361101474,-118.90007013415534,0.7459943294525146
Jackass_Butte,0725,646,526,43.00728947639135,-118.89896281098905,0.8461607098579407
Jackass_Butte,0725,341,612,43.08956529638349,-118.86721954688838,0.9095192551612854
Jackass_Butte,0725,374,602,43.080663322417124,-118.87091062410938,0.9496488571166992
Jackass_Butte,0725,332,570,43.09199310746522,-118.8827220712166,0.9318287968635559
Jackass_Butte,0725,559,450,43.03075831684812,-118.9270149978687,0.9597285389900208
Jackass_Butte,0725,587,410,43.02320512681606,-118.94177930675274,0.6764451861381531
Jackass_Butte,0725,487,674,43.050180805502,-118.84433486811812,0.9138653874397278
Jackass_Butte,0725,570,644,43.02779099219267,-118.85540809978114,0.8389657139778137
Jackass_Butte,0725,367,554,43.08255161992514,-118.88862779477022,0.9599694609642029
Jackass_Butte,0725,308,561,43.09846727034985,-118.88604404071552,0.9124042391777039
Jackass_Butte,0725,374,606,43.080663322417124,-118.86943419322098,0.9249864816665649
Jackass_Butte,0725,369,579,43.08201210635142,-118.8794001017177,0.9828479290008545
Jackass_Butte,0725,329,560,43.092802377825805,-118.88641314843761,0.9143862128257751
Jackass_Butte,0725,518,352,43.04181834510936,-118.96318755463457,0.7116404175758362
Jackass_Butte,0725,611,601,43.01673096393143,-118.87127973183148,0.9034117460250854
Jackass_Butte,0725,568,644,43.02833050576639,-118.85540809978114,0.9081894159317017
Jackass_Butte,0725,601,489,43.019428531800024,-118.91261979670676,0.8629611134529114
Jackass_Butte,0725,356,498,43.0855189445806,-118.90929782720787,0.843281090259552
Jackass_Butte,0725,668,575,43.00135482708044,-118.88087653260611,0.9623936414718628
Jackass_Butte,0725,342,532,43.08929553959663,-118.89674816465644,0.9554016590118408
Jackass_Butte,0725,499,648,43.046943724059695,-118.85393166889274,0.5831071138381958
Jackass_Butte,0725,358,555,43.08497943100688,-118.88825868704812,0.7109689712524414
Jackass_Butte,0725,668,581,43.00135482708044,-118.8786618862735,0.9568693041801453
Jackass_Butte,0725,668,521,43.00135482708044,-118.90080834959954,0.7580664753913879
Jackass_Butte,0725,695,592,42.994071393835235,-118.87460170133039,0.8997588753700256
Jackass_Butte,0725,539,628,43.03615345258531,-118.86131382333477,0.9400961995124817
Jackass_Butte,0725,324,604,43.0941511617601,-118.87017240866518,0.919462263584137
Jackass_Butte,0725,666,577,43.00189434065416,-118.88013831716191,0.9563279151916504
Jackass_Butte,0725,688,584,42.99595969134325,-118.8775545631072,0.8561042547225952
Jackass_Butte,0725,486,369,43.050450562288866,-118.95691272335887,0.8782186508178711
Jackass_Butte,0725,332,560,43.09199310746522,-118.88641314843761,0.9136673808097839
Jackass_Butte,0725,658,514,43.004052394949035,-118.90339210365426,0.6459561586380005
Jackass_Butte,0725,664,568,43.00243385422788,-118.8834602866608,0.9634303450584412
Jackass_Butte,0725,624,598,43.01322412570226,-118.87238705499779,0.9338393211364746
Jackass_Butte,0725,666,507,43.00189434065416,-118.90597585770895,0.6685790419578552
Jackass_Butte,0725,507,647,43.04478566976481,-118.85430077661485,0.8283749222755432
Jackass_Butte,0725,687,606,42.99622944813011,-118.86943419322098,0.7286111116409302
Jackass_Butte,0725,369,565,43.08201210635142,-118.88456760982712,0.9432711005210876
Jackass_Butte,0725,297,538,43.10143459500531,-118.89453351832383,0.8789685964584351
Jackass_Butte,0725,346,568,43.08821651244919,-118.8834602866608,0.855445921421051
Jackass_Butte,0725,502,352,43.04613445369911,-118.96318755463457,0.6926375031471252
Jackass_Butte,0725,515,666,43.04262761546994,-118.84728772989493,0.7510721683502197
Jackass_Butte,0725,384,611,43.07796575454853,-118.86758865461047,0.9337388277053833
Jackass_Butte,0725,532,362,43.03804175009333,-118.95949647741357,0.9022669792175293
Jackass_Butte,0725,380,593,43.07904478169597,-118.87423259360828,0.9744953513145447
Jackass_Butte,0725,457,665,43.05827350910779,-118.84765683761704,0.9175681471824646
Jackass_Butte,0725,327,594,43.09334189139952,-118.87386348588619,0.919462263584137
Jackass_Butte,0725,645,515,43.007559233178206,-118.90302299593215,0.8200255632400513
Jackass_Butte,0725,570,673,43.02779099219267,-118.84470397584023,0.9821005463600159
Jackass_Butte,0725,693,554,42.994610907408955,-118.88862779477022,0.9016133546829224
Jackass_Butte,0725,694,578,42.99434115062209,-118.8797692094398,0.8838481307029724
Jackass_Butte,0725,382,617,43.07850526812225,-118.86537400827787,0.7735201120376587
Jackass_Butte,0725,466,383,43.055845698026054,-118.95174521524946,0.6240151524543762
Jackass_Butte,0725,674,599,42.99973628635929,-118.87201794727568,0.9599555730819702
Jackass_Butte,0725,328,537,43.09307213461266,-118.89490262604593,0.8785748481750488
Jackass_Butte,0725,370,576,43.081742349564564,-118.880507424884,0.9676593542098999
Jackass_Butte,0725,306,539,43.09900678392357,-118.89416441060173,0.6098253726959229
Jackass_Butte,0725,371,595,43.0814725927777,-118.87349437816408,0.9827216267585754
Jackass_Butte,0725,471,675,43.05449691409176,-118.84396576039603,0.9010437726974487
Jackass_Butte,0725,351,569,43.086867728514896,-118.88309117893871,0.8248513340950012
Jackass_Butte,0725,483,622,43.05125983264944,-118.86352846966737,0.89397132396698
Jackass_Butte,0725,450,668,43.0601618066158,-118.84654951445073,0.6953914165496826
Jackass_Butte,0725,466,634,43.055845698026054,-118.85909917700215,0.9139028787612915
Jackass_Butte,0725,340,544,43.08983505317035,-118.89231887199122,0.8765984177589417
Jackass_Butte,0725,353,621,43.086328214941176,-118.86389757738947,0.9211495518684387
Jackass_Butte,0725,658,527,43.004052394949035,-118.89859370326694,0.8295862078666687
Jackass_Butte,0725,355,546,43.085788701367456,-118.89158065654702,0.9324240684509277
Jackass_Butte,0725,352,594,43.08659797172803,-118.87386348588619,0.8882186412811279
Jackass_Butte,0725,658,606,43.004052394949035,-118.86943419322098,0.9032079577445984
Jackass_Butte,0725,649,616,43.00648020603077,-118.86574311599998,0.8712553977966309
Jackass_Butte,0725,430,618,43.065556942353,-118.86500490055577,0.896995484828949
Jackass_Butte,0725,690,588,42.99542017776953,-118.8760781322188,0.9049811363220215
Jackass_Butte,0725,344,617,43.08875602602291,-118.86537400827787,0.9185276627540588
Jackass_Butte,0725,648,577,43.00674996281763,-118.88013831716191,0.9639189839363098
Jackass_Butte,0725,685,562,42.99676896170383,-118.88567493299341,0.9343757629394531
Jackass_Butte,0725,506,662,43.04505542655168,-118.84876416078333,0.7661256194114685
Jackass_Butte,0725,569,665,43.02806074897953,-118.84765683761704,0.9457842111587524
Jackass_Butte,0725,652,631,43.005670935670196,-118.86020650016846,0.8066030144691467
Jackass_Butte,0725,398,592,43.0741891595325,-118.87460170133039,0.9868403673171997
Jackass_Butte,0725,568,633,43.02833050576639,-118.85946828472426,0.818902313709259
Jackass_Butte,0725,537,359,43.03669296615903,-118.96060380057988,0.8755059838294983
Jackass_Butte,0725,547,391,43.033995398290436,-118.94879235347264,0.9147374033927917
Jackass_Butte,0725,367,597,43.08255161992514,-118.87275616271988,0.9487476944923401
Jackass_Butte,0725,359,589,43.084709674220015,-118.87570902449669,0.7715455889701843
Jackass_Butte,0725,344,627,43.08875602602291,-118.86168293105686,0.9215297102928162
Jackass_Butte,0725,449,627,43.060431563402666,-118.86168293105686,0.589655339717865
Jackass_Butte,0725,305,555,43.09927654071043,-118.88825868704812,0.9109370708465576
Jackass_Butte,0725,571,414,43.02752123540581,-118.94030287586433,0.9306236505508423
Jackass_Butte,0725,373,593,43.08093307920399,-118.87423259360828,0.9614935517311096
Jackass_Butte,0725,527,689,43.039390534027625,-118.83879825228661,0.9041403532028198
Jackass_Butte,0725,656,606,43.004591908522755,-118.86943419322098,0.8315668702125549
Jackass_Butte,0725,336,574,43.09091408031779,-118.8812456403282,0.9157441854476929
Jackass_Butte,0725,382,600,43.07850526812225,-118.87164883955359,0.9756421446800232
Jackass_Butte,0725,335,595,43.091183837104644,-118.87349437816408,0.9194155931472778
Jackass_Butte,0725,402,588,43.07311013238506,-118.8760781322188,0.990612804889679
Jackass_Butte,0725,475,634,43.05341788694432,-118.85909917700215,0.8201444745063782
Jackass_Butte,0725,329,618,43.092802377825805,-118.86500490055577,0.9120028614997864
Jackass_Butte,0725,684,582,42.99703871849069,-118.8782927785514,0.8439745903015137
Jackass_Butte,0725,328,506,43.09307213461266,-118.90634496543106,0.5792024731636047
Jackass_Butte,0725,647,619,43.00701971960449,-118.86463579283367,0.9009953737258911
Jackass_Butte,0725,503,677,43.045864696912254,-118.84322754495183,0.9079195857048035
Jackass_Butte,0725,512,658,43.043436885830516,-118.85024059167174,0.7871302962303162
Jackass_Butte,0725,497,686,43.04748323763341,-118.83990557545292,0.903340220451355
Jackass_Butte,0725,467,614,43.0555759412392,-118.86648133144418,0.8910203576087952
Jackass_Butte,0725,322,569,43.094690675333815,-118.88309117893871,0.9072521924972534
Jackass_Butte,0725,352,626,43.08659797172803,-118.86205203877897,0.9251621961593628
Jackass_Butte,0725,493,658,43.04856226478085,-118.85024059167174,0.787176787853241
Jackass_Butte,0725,321,541,43.09496043212068,-118.89342619515753,0.6628233194351196
Jackass_Butte,0725,638,606,43.009447530686224,-118.86943419322098,0.8487462401390076
Jackass_Butte,0725,578,393,43.0256329378978,-118.94805413802844,0.521788477897644
Jackass_Butte,0725,478,646,43.05260861658374,-118.85466988433694,0.8351394534111023
Jackass_Butte,0725,459,625,43.05773399553407,-118.86242114650106,0.6212836503982544
Jackass_Butte,0725,326,569,43.09361164818638,-118.88309117893871,0.9076836109161377
Jackass_Butte,0725,576,472,43.02617245147151,-118.91889462798248,0.921268880367279
Jackass_Butte,0725,657,585,43.00432215173589,-118.87718545538509,0.9407720565795898
Jackass_Butte,0725,375,608,43.08039356563027,-118.86869597777678,0.8980575203895569
Jackass_Butte,0725,295,533,43.10197410857902,-118.89637905693434,0.8032907843589783
Jackass_Butte,0725,644,599,43.00782898996507,-118.87201794727568,0.9159106612205505
Jackass_Butte,0725,391,652,43.07607745704051,-118.85245523800434,0.8868927359580994
Jackass_Butte,0725,548,643,43.03372564150358,-118.85577720750325,0.9476723074913025
Jackass_Butte,0725,576,684,43.02617245147151,-118.84064379089712,0.9056119322776794
Jackass_Butte,0725,345,484,43.08848626923605,-118.91446533531727,0.5019960403442383
Jackass_Butte,0725,588,448,43.022935370029195,-118.9277532133129,0.8744274973869324
Jackass_Butte,0725,426,633,43.06663596950043,-118.85946828472426,0.6053423285484314
Jackass_Butte,0725,676,589,42.99919677278557,-118.87570902449669,0.8228393197059631
Jackass_Butte,0725,343,585,43.08902578280977,-118.87718545538509,0.8752860426902771
Jackass_Butte,0725,358,607,43.08497943100688,-118.86906508549887,0.8345515131950378
Jackass_Butte,0725,679,575,42.99838750242499,-118.88087653260611,0.8804355263710022
Jackass_Butte,0725,534,683,43.03750223651961,-118.84101289861921,0.9778613448143005
Jackass_Butte,0725,656,587,43.004591908522755,-118.87644723994089,0.9525232315063477
Jackass_Butte,0725,693,545,42.994610907408955,-118.89194976426913,0.8453166484832764
Jackass_Butte,0725,591,428,43.02212609966862,-118.93513536775492,0.5336860418319702
Jackass_Butte,0725,507,686,43.04478566976481,-118.83990557545292,0.8538650274276733
Jackass_Butte,0725,561,634,43.0302188032744,-118.85909917700215,0.8973904848098755
Jackass_Butte,0725,335,525,43.091183837104644,-118.89933191871114,0.9258363842964172
Jackass_Butte,0725,451,641,43.059892049828946,-118.85651542294745,0.523817777633667
Jackass_Butte,0725,331,508,43.092262864252085,-118.90560674998686,0.6497388482093811
Jackass_Butte,0725,563,692,43.02967928970069,-118.83769092912031,0.9718473553657532
Jackass_Butte,0725,541,368,43.0356139390116,-118.95728183108096,0.8962103724479675
Jackass_Butte,0725,544,683,43.03480466865101,-118.84101289861921,0.9716436266899109
Jackass_Butte,0725,465,397,43.05611545481291,-118.94657770714004,0.8296520709991455
Jackass_Butte,0725,315,547,43.09657897284183,-118.89121154882493,0.5067321062088013
Jackass_Butte,0725,479,649,43.05233885979688,-118.85356256117065,0.7982026934623718
Jackass_Butte,0725,659,576,43.00378263816218,-118.880507424884,0.9600164890289307
Jackass_Butte,0725,399,584,43.07391940274564,-118.8775545631072,0.9800719022750854
Jackass_Butte,0725,408,582,43.0714915916639,-118.8782927785514,0.9699237942695618
Jackass_Butte,0725,573,461,43.026981721832094,-118.9229548129256,0.9008947610855103
Jackass_Butte,0725,574,701,43.02671196504523,-118.8343689596214,0.8891840577125549
Jackass_Butte,0725,387,591,43.07715648418795,-118.87497080905248,0.9927982687950134
Jackass_Butte,0725,642,600,43.00836850353879,-118.87164883955359,0.9168798923492432
Jackass_Butte,0725,427,422,43.066366212713575,-118.93735001408753,0.5805620551109314
Jackass_Butte,0725,582,471,43.024553910750356,-118.91926373570459,0.8839454054832458
Jackass_Butte,0725,701,561,42.99245285311408,-118.88604404071552,0.8559042811393738
Jackass_Butte,0725,354,545,43.08605845815431,-118.89194976426913,0.9326306581497192
Jackass_Butte,0725,649,579,43.00648020603077,-118.8794001017177,0.9743716716766357
Jackass_Butte,0725,321,567,43.09496043212068,-118.88382939438291,0.900320291519165
Jackass_Butte,0725,468,664,43.055306184452334,-118.84802594533913,0.9000569581985474
Jackass_Butte,0725,361,565,43.0841701606463,-118.88456760982712,0.8400385975837708
Jackass_Butte,0725,577,438,43.02590269468465,-118.93144429053392,0.8821249604225159
Jackass_Butte,0725,644,597,43.00782898996507,-118.87275616271988,0.9142283201217651
Jackass_Butte,0725,421,621,43.06798475343473,-118.86389757738947,0.8222132325172424
Jackass_Butte,0725,597,483,43.020507558947465,-118.91483444303938,0.8763929605484009
Jackass_Butte,0725,521,666,43.041009074748786,-118.84728772989493,0.8232051134109497
Jackass_Butte,0725,396,631,43.074728673106215,-118.86020650016846,0.5752037763595581
Jackass_Butte,0725,624,497,43.01322412570226,-118.90966693492996,0.7211407423019409
Jackass_Butte,0725,427,621,43.066366212713575,-118.86389757738947,0.7787285447120667
Jackass_Butte,0725,617,599,43.015112423210276,-118.87201794727568,0.9337907433509827
Jackass_Butte,0725,498,695,43.04721348084655,-118.836583605954,0.916164755821228
Jackass_Butte,0725,471,626,43.05449691409176,-118.86205203877897,0.8100793957710266
Jackass_Butte,0725,421,627,43.06798475343473,-118.86168293105686,0.7683660387992859
Jackass_Butte,0725,548,384,43.03372564150358,-118.95137610752735,0.88930344581604
Jackass_Butte,0725,492,346,43.048832021567705,-118.96540220096718,0.5663563013076782
Jackass_Butte,0725,369,468,43.08201210635142,-118.92037105887088,0.6947553157806396
Jackass_Butte,0725,669,608,43.001085070293584,-118.86869597777678,0.9428865313529968
Jackass_Butte,0725,352,596,43.08659797172803,-118.87312527044199,0.8952321410179138
Jackass_Butte,0725,507,673,43.04478566976481,-118.84470397584023,0.8650152683258057
Jackass_Butte,0725,435,632,43.0642081584187,-118.85983739244637,0.6106517910957336
Jackass_Butte,0725,570,425,43.02779099219267,-118.93624269092122,0.9319034218788147
Jackass_Butte,0725,433,620,43.064747671992414,-118.86426668511157,0.8403596878051758
Jackass_Butte,0725,534,633,43.03750223651961,-118.85946828472426,0.9624149799346924
Jackass_Butte,0725,368,589,43.082281863138284,-118.87570902449669,0.983162522315979
Jackass_Butte,0725,700,586,42.99272260990094,-118.876816347663,0.9396060705184937
Jackass_Butte,0725,303,541,43.09981605428415,-118.89342619515753,0.7991616129875183
Jackass_Butte,0725,578,454,43.0256329378978,-118.9255385669803,0.9415047764778137
Jackass_Butte,0725,681,618,42.99784798885127,-118.86500490055577,0.5450918078422546
Jackass_Butte,0725,351,489,43.086867728514896,-118.91261979670676,0.6694144606590271
Jackass_Butte,0725,701,544,42.99245285311408,-118.89231887199122,0.530916690826416
Jackass_Butte,0725,656,603,43.004591908522755,-118.87054151638728,0.8430211544036865
Jackass_Butte,0725,540,669,43.035883695798454,-118.84618040672864,0.7449345588684082
Jackass_Butte,0725,418,626,43.068794023795306,-118.86205203877897,0.7476159334182739
Jackass_Butte,0725,469,674,43.05503642766548,-118.84433486811812,0.9114734530448914
Jackass_Butte,0725,615,493,43.015651936783996,-118.91114336581836,0.7757636904716492
Jackass_Butte,0725,384,560,43.07796575454853,-118.88641314843761,0.9750868678092957
Jackass_Butte,0725,667,530,43.0016245838673,-118.89748638010064,0.8338086009025574
Jackass_Butte,0725,521,695,43.041009074748786,-118.836583605954,0.6526492238044739
Jackass_Butte,0725,367,601,43.08255161992514,-118.87127973183148,0.8780194520950317
Jackass_Butte,0725,650,581,43.00621044924391,-118.8786618862735,0.9716729521751404
Jackass_Butte,0725,376,632,43.0801238088434,-118.85983739244637,0.8856447339057922
Jackass_Butte,0725,348,602,43.08767699887547,-118.87091062410938,0.8916119933128357
Jackass_Butte,0725,587,460,43.02320512681606,-118.92332392064769,0.8600141406059265
Jackass_Butte,0725,639,509,43.00917777389937,-118.90523764226475,0.7945261001586914
Jackass_Butte,0725,592,467,43.02185634288176,-118.92074016659299,0.6366532444953918
Jackass_Butte,0725,322,559,43.094690675333815,-118.88678225615972,0.8883163332939148
Jackass_Butte,0725,496,684,43.04775299442027,-118.84064379089712,0.903835117816925
Jackass_Butte,0725,634,522,43.010526557833664,-118.90043924187745,0.8495354652404785
Jackass_Butte,0725,420,633,43.06825451022159,-118.85946828472426,0.5889255404472351
Jackass_Butte,0725,530,352,43.03858126366705,-118.96318755463457,0.6891549825668335
Jackass_Butte,0725,620,492,43.01430315284969,-118.91151247354047,0.584431529045105
Jackass_Butte,0725,469,672,43.05503642766548,-118.84507308356233,0.8992419242858887
Jackass_Butte,0725,487,677,43.050180805502,-118.84322754495183,0.9171252250671387
Jackass_Butte,0725,481,679,43.05179934622316,-118.84248932950763,0.9178195595741272
Jackass_Butte,0725,566,465,43.028870019340104,-118.9214783820372,0.9460460543632507
Jackass_Butte,0725,654,612,43.005131422096476,-118.86721954688838,0.9296753406524658
Jackass_Butte,0725,429,664,43.065826699139855,-118.84802594533913,0.8246027231216431
Jackass_Butte,0725,605,601,43.01834950465259,-118.87127973183148,0.9051264524459839
Jackass_Butte,0725,562,378,43.029949046487545,-118.95359075385996,0.713505744934082
Jackass_Butte,0725,573,454,43.026981721832094,-118.9255385669803,0.9349122643470764
Jackass_Butte,0725,657,631,43.00432215173589,-118.86020650016846,0.8311728835105896
Jackass_Butte,0725,538,666,43.036423209372174,-118.84728772989493,0.5941759943962097
Jackass_Butte,0725,567,705,43.02860026255325,-118.832892528733,0.8584078550338745
Jackass_Butte,0725,306,540,43.09900678392357,-118.89379530287962,0.6856428980827332
Jackass_Butte,0725,548,390,43.03372564150358,-118.94916146119475,0.9071078896522522
Jackass_Butte,0725,468,644,43.055306184452334,-118.85540809978114,0.9461415410041809
Jackass_Butte,0725,316,552,43.096309216054976,-118.88936601021442,0.5890065431594849
Jackass_Butte,0725,605,491,43.01834950465259,-118.91188158126256,0.8724202513694763
Jackass_Butte,0725,640,626,43.0089080171125,-118.86205203877897,0.6594980955123901
Jackass_Butte,0725,424,620,43.06717548307415,-118.86426668511157,0.8110560774803162
Jackass_Butte,0725,483,683,43.05125983264944,-118.84101289861921,0.9279419779777527
Jackass_Butte,0725,463,628,43.05665496838663,-118.86131382333477,0.7319520711898804
Jackass_Butte,0725,556,649,43.0315675872087,-118.85356256117065,0.9525246620178223
Jackass_Butte,0725,618,609,43.01484266642341,-118.86832687005467,0.8817294836044312
Jackass_Butte,0725,597,614,43.020507558947465,-118.86648133144418,0.8619574904441833
Jackass_Butte,0725,330,504,43.09253262103894,-118.90708318087526,0.655551552772522
Jackass_Butte,0725,336,550,43.09091408031779,-118.89010422565862,0.8375833630561829
Jackass_Butte,0725,695,555,42.994071393835235,-118.88825868704812,0.8930129408836365
Jackass_Butte,0725,551,384,43.032916371142996,-118.95137610752735,0.8757802844047546
Jackass_Butte,0725,418,618,43.068794023795306,-118.86500490055577,0.9013843536376953
Jackass_Butte,0725,647,524,43.00701971960449,-118.89970102643325,0.843281090259552
Jackass_Butte,0725,612,601,43.01646120714457,-118.87127973183148,0.9027974009513855
Jackass_Butte,0725,395,631,43.07499842989308,-118.86020650016846,0.5450029969215393
Jackass_Butte,0725,562,654,43.029949046487545,-118.85171702256014,0.9176234602928162
Jackass_Butte,0725,402,631,43.07311013238506,-118.86020650016846,0.6940545439720154
Jackass_Butte,0725,582,467,43.024553910750356,-118.92074016659299,0.8654245734214783
Jackass_Butte,0725,346,487,43.08821651244919,-118.91335801215098,0.5862874984741211
Jackass_Butte,0725,618,496,43.01484266642341,-118.91003604265207,0.8226726055145264
Jackass_Butte,0725,436,416,43.06393840163184,-118.93956466042013,0.7553711533546448
Jackass_Butte,0725,300,527,43.100625324644724,-118.89859370326694,0.5806095004081726
Jackass_Butte,0725,677,537,42.9989270159987,-118.89490262604593,0.8753232955932617
Jackass_Butte,0725,509,703,43.0442461561911,-118.8336307441772,0.6304221749305725
Jackass_Butte,0725,456,402,43.05854326589465,-118.94473216852954,0.803007960319519
Jackass_Butte,0725,427,661,43.066366212713575,-118.84913326850544,0.6364508271217346
Jackass_Butte,0725,686,541,42.99649920491697,-118.89342619515753,0.8547088503837585
Jackass_Butte,0725,387,624,43.07715648418795,-118.86279025422317,0.7146030068397522
Jackass_Butte,0725,574,418,43.02671196504523,-118.93882644497593,0.9091241359710693
Jackass_Butte,0725,646,598,43.00728947639135,-118.87238705499779,0.9233218431472778
Jackass_Butte,0725,431,621,43.065287185566135,-118.86389757738947,0.8334421515464783
Jackass_Butte,0725,498,691,43.04721348084655,-118.8380600368424,0.8691368699073792
Jackass_Butte,0725,541,707,43.0356139390116,-118.8321543132888,0.6617972254753113
Jackass_Butte,0725,580,437,43.025093424324076,-118.93181339825601,0.9199047088623047
Jackass_Butte,0725,432,418,43.06501742877928,-118.93882644497593,0.6364958882331848
Jackass_Butte,0725,558,697,43.031028073634985,-118.8358453905098,0.9312177896499634
Jackass_Butte,0725,657,606,43.00432215173589,-118.86943419322098,0.8712980151176453
Jackass_Butte,0725,395,577,43.07499842989308,-118.88013831716191,0.9830087423324585
Jackass_Butte,0725,376,649,43.0801238088434,-118.85356256117065,0.9262622594833374
Jackass_Butte,0725,391,656,43.07607745704051,-118.85097880711594,0.9041059017181396
Jackass_Butte,0725,592,622,43.02185634288176,-118.86352846966737,0.6529426574707031
Jackass_Butte,0725,334,583,43.09145359389151,-118.8779236708293,0.9096819162368774
Jackass_Butte,0725,703,570,42.99191333954036,-118.8827220712166,0.7866309285163879
Jackass_Butte,0725,463,643,43.05665496838663,-118.85577720750325,0.9075322151184082
Jackass_Butte,0725,692,543,42.99488066419581,-118.89268797971333,0.8459419012069702
Jackass_Butte,0725,558,669,43.031028073634985,-118.84618040672864,0.9637534618377686
Jackass_Butte,0725,354,541,43.08605845815431,-118.89342619515753,0.9580085277557373
Jackass_Butte,0725,515,672,43.04262761546994,-118.84507308356233,0.7671998739242554
Jackass_Butte,0725,502,357,43.04613445369911,-118.96134201602408,0.8339852094650269
Jackass_Butte,0725,521,676,43.041009074748786,-118.84359665267392,0.7317764759063721
Jackass_Butte,0725,445,414,43.0615105905501,-118.94030287586433,0.8423947095870972
Jackass_Butte,0725,444,670,43.06178034733696,-118.84581129900653,0.7839899659156799
Jackass_Butte,0725,578,678,43.0256329378978,-118.84285843722972,0.5499455332756042
Jackass_Butte,0725,372,645,43.081202835990844,-118.85503899205905,0.9246951937675476
Jackass_Butte,0725,471,623,43.05449691409176,-118.86315936194526,0.8444096446037292
Jackass_Butte,0725,556,620,43.0315675872087,-118.86426668511157,0.9506363272666931
Jackass_Butte,0725,528,664,43.03912077724077,-118.84802594533913,0.8707849383354187
Jackass_Butte,0725,355,607,43.085788701367456,-118.86906508549887,0.8375054001808167
Jackass_Butte,0725,506,658,43.04505542655168,-118.85024059167174,0.705057680606842
Jackass_Butte,0725,338,527,43.09037456674407,-118.89859370326694,0.9438225626945496
Jackass_Butte,0725,688,563,42.99595969134325,-118.88530582527132,0.9495152235031128
Jackass_Butte,0725,589,616,43.02266561324234,-118.86574311599998,0.8747937083244324
Jackass_Butte,0725,574,616,43.02671196504523,-118.86574311599998,0.931226909160614
Jackass_Butte,0725,519,666,43.0415485883225,-118.84728772989493,0.8104101419448853
Jackass_Butte,0725,628,504,43.01214509855482,-118.90708318087526,0.823614776134491
Jackass_Butte,0725,575,422,43.02644220825837,-118.93735001408753,0.9047874212265015
Jackass_Butte,0725,567,639,43.02860026255325,-118.85725363839165,0.8197713494300842
Jackass_Butte,0725,649,512,43.00648020603077,-118.90413031909846,0.7125889658927917
Jackass_Butte,0725,324,591,43.0941511617601,-118.87497080905248,0.919462263584137
Jackass_Butte,0725,454,630,43.05908277946837,-118.86057560789057,0.6075732111930847
Jackass_Butte,0725,678,519,42.998657259211846,-118.90154656504374,0.6044477224349976
Jackass_Butte,0725,385,650,43.07769599776167,-118.85319345344854,0.9118980169296265
Jackass_Butte,0725,470,664,43.054766670878614,-118.84802594533913,0.911008894443512
Jackass_Butte,0725,568,655,43.02833050576639,-118.85134791483804,0.7793342471122742
Jackass_Butte,0725,312,527,43.09738824320241,-118.89859370326694,0.523361086845398
Jackass_Butte,0725,564,461,43.029409532913824,-118.9229548129256,0.9452937841415405
Jackass_Butte,0725,681,532,42.99784798885127,-118.89674816465644,0.8295908570289612
Jackass_Butte,0725,549,664,43.033455884716716,-118.84802594533913,0.9539251923561096
Jackass_Butte,0725,640,518,43.0089080171125,-118.90191567276585,0.843281090259552
Jackass_Butte,0725,574,394,43.02671196504523,-118.94768503030635,0.8479222655296326
Jackass_Butte,0725,648,515,43.00674996281763,-118.90302299593215,0.7724074125289917
Jackass_Butte,0725,479,366,43.05233885979688,-118.95802004652516,0.6243749856948853
Jackass_Butte,0725,333,590,43.091723350678365,-118.87533991677459,0.9157360196113586
Jackass_Butte,0725,580,627,43.025093424324076,-118.86168293105686,0.593673586845398
Jackass_Butte,0725,698,543,42.99326212347466,-118.89268797971333,0.7193544507026672
Jackass_Butte,0725,378,624,43.07958429526969,-118.86279025422317,0.7698148488998413
Jackass_Butte,0725,355,612,43.085788701367456,-118.86721954688838,0.9005228281021118
Jackass_Butte,0725,485,638,43.05072031907572,-118.85762274611375,0.8015454411506653
Jackass_Butte,0725,608,605,43.01754023429201,-118.86980330094308,0.870270311832428
Jackass_Butte,0725,373,608,43.08093307920399,-118.86869597777678,0.861039936542511
Jackass_Butte,0725,567,683,43.02860026255325,-118.84101289861921,0.9960681200027466
Jackass_Butte,0725,555,644,43.03183734399556,-118.85540809978114,0.9238610863685608
Jackass_Butte,0725,389,641,43.07661697061423,-118.85651542294745,0.5376020073890686
Jackass_Butte,0725,520,689,43.04127883153564,-118.83879825228661,0.7769562602043152
Jackass_Butte,0725,396,572,43.074728673106215,-118.8819838557724,0.9883126616477966
Jackass_Butte,0725,560,387,43.030488560061265,-118.95026878436106,0.8622985482215881
Jackass_Butte,0725,372,639,43.081202835990844,-118.85725363839165,0.9297647476196289
Jackass_Butte,0725,541,695,43.0356139390116,-118.836583605954,0.8506174087524414
Jackass_Butte,0725,345,571,43.08848626923605,-118.88235296349451,0.9086917042732239
Jackass_Butte,0725,489,375,43.04964129192829,-118.95469807702626,0.9189557433128357
Jackass_Butte,0725,705,555,42.99137382596664,-118.88825868704812,0.5686535239219666
Jackass_Butte,0725,584,439,43.024014397176636,-118.93107518281181,0.6253409385681152
Jackass_Butte,0725,330,517,43.09253262103894,-118.90228478048795,0.8237870931625366
Jackass_Butte,0725,406,650,43.07203110523762,-118.85319345344854,0.7400726675987244
Jackass_Butte,0725,658,591,43.004052394949035,-118.87497080905248,0.950603187084198
Jackass_Butte,0725,675,528,42.99946652957242,-118.89822459554485,0.814350426197052
Jackass_Butte,0725,543,674,43.03507442543788,-118.84433486811812,0.884158194065094
Jackass_Butte,0725,371,560,43.0814725927777,-118.88641314843761,0.9299349784851074
Jackass_Butte,0725,683,601,42.99730847527755,-118.87127973183148,0.8229953050613403
Jackass_Butte,0725,509,687,43.0442461561911,-118.83953646773081,0.9309485554695129
Jackass_Butte,0725,482,639,43.0515295894363,-118.85725363839165,0.7596755027770996
Jackass_Butte,0725,668,606,43.00135482708044,-118.86943419322098,0.9415880441665649
Jackass_Butte,0725,605,606,43.01834950465259,-118.86943419322098,0.8746427893638611
Jackass_Butte,0725,349,561,43.08740724208861,-118.88604404071552,0.7725772261619568
Jackass_Butte,0725,588,411,43.022935370029195,-118.94141019903063,0.6367854475975037
Jackass_Butte,0725,675,540,42.99946652957242,-118.89379530287962,0.8661540150642395
Jackass_Butte,0725,556,664,43.0315675872087,-118.84802594533913,0.940287709236145
Jackass_Butte,0725,345,556,43.08848626923605,-118.88788957932601,0.8377271890640259
Jackass_Butte,0725,672,518,43.000275799933,-118.90191567276585,0.5433728098869324
Jackass_Butte,0725,315,541,43.09657897284183,-118.89342619515753,0.500084638595581
Jackass_Butte,0725,346,499,43.08821651244919,-118.90892871948576,0.6999605894088745
Jackass_Butte,0725,504,640,43.0455949401254,-118.85688453066955,0.8666664958000183
Jackass_Butte,0725,456,632,43.05854326589465,-118.85983739244637,0.6902326345443726
Jackass_Butte,0725,565,696,43.02913977612697,-118.83621449823191,0.9370850324630737
Jackass_Butte,0725,688,531,42.99595969134325,-118.89711727237854,0.7748410105705261
Jackass_Butte,0725,691,584,42.995150420982675,-118.8775545631072,0.860285222530365
Jackass_Butte,0725,488,684,43.049911048715146,-118.84064379089712,0.915717601776123
Jackass_Butte,0725,399,610,43.07391940274564,-118.86795776233258,0.9722633361816406
Jackass_Butte,0725,397,573,43.07445891631936,-118.88161474805031,0.9818201065063477
Jackass_Butte,0725,463,614,43.05665496838663,-118.86648133144418,0.8788645267486572
Jackass_Butte,0725,374,619,43.080663322417124,-118.86463579283367,0.7112186551094055
Jackass_Butte,0725,564,449,43.029409532913824,-118.9273841055908,0.9283491969108582
Jackass_Butte,0725,653,530,43.00540117888333,-118.89748638010064,0.8609657883644104
Jackass_Butte,0725,331,554,43.092262864252085,-118.88862779477022,0.7963634133338928
Jackass_Butte,0725,522,354,43.04073931796192,-118.96244933919037,0.8442306518554688
Jackass_Butte,0725,667,604,43.0016245838673,-118.87017240866518,0.9400612711906433
Jackass_Butte,0725,471,644,43.05449691409176,-118.85540809978114,0.9457473754882812
Jackass_Butte,0725,399,579,43.07391940274564,-118.8794001017177,0.9855100512504578
Jackass_Butte,0725,476,622,43.05314813015746,-118.86352846966737,0.8845617175102234
Jackass_Butte,0725,557,711,43.03129783042184,-118.8306778824004,0.7590497732162476
Jackass_Butte,0725,673,511,43.00000604314614,-118.90449942682055,0.6162239909172058
Jackass_Butte,0725,691,527,42.995150420982675,-118.89859370326694,0.6997878551483154
Jackass_Butte,0725,375,456,43.08039356563027,-118.92480035153609,0.6923899054527283
Jackass_Butte,0725,471,640,43.05449691409176,-118.85688453066955,0.9437688589096069
Jackass_Butte,0725,579,627,43.02536318111093,-118.86168293105686,0.6406500935554504
Jackass_Butte,0725,451,642,43.059892049828946,-118.85614631522535,0.5084651708602905
Jackass_Butte,0725,613,489,43.01619145035771,-118.91261979670676,0.6855665445327759
Jackass_Butte,0725,601,620,43.019428531800024,-118.86426668511157,0.5904755592346191
Jackass_Butte,0725,570,693,43.02779099219267,-118.8373218213982,0.9623074531555176
Jackass_Butte,0725,637,592,43.00971728747309,-118.87460170133039,0.929786741733551
Jackass_Butte,0725,355,601,43.085788701367456,-118.87127973183148,0.8152269721031189
Jackass_Butte,0725,398,651,43.0741891595325,-118.85282434572645,0.8496569991111755
Jackass_Butte,0725,309,553,43.098197513562994,-118.88899690249232,0.7926309108734131
Jackass_Butte,0725,373,469,43.08093307920399,-118.92000195114879,0.8045418858528137
Jackass_Butte,0725,333,619,43.091723350678365,-118.86463579283367,0.9017517566680908
Jackass_Butte,0725,600,610,43.01969828858689,-118.86795776233258,0.8700156211853027
Jackass_Butte,0725,362,562,43.08390040385944,-118.88567493299341,0.7511493563652039
Jackass_Butte,0725,325,517,43.09388140497324,-118.90228478048795,0.654473602771759
Jackass_Butte,0725,403,650,43.072840375598204,-118.85319345344854,0.7906695008277893
Jackass_Butte,0725,419,428,43.06852426700845,-118.93513536775492,0.6169627904891968
Jackass_Butte,0725,470,659,43.054766670878614,-118.84987148394964,0.9136541485786438
Jackass_Butte,0725,504,681,43.0455949401254,-118.84175111406343,0.897545576095581
Jackass_Butte,0725,567,432,43.02860026255325,-118.93365893686652,0.9044086337089539
Jackass_Butte,0725,475,660,43.05341788694432,-118.84950237622753,0.8887501955032349
Jackass_Butte,0725,333,606,43.091723350678365,-118.86943419322098,0.919462263584137
Jackass_Butte,0725,348,558,43.08767699887547,-118.88715136388181,0.798065185546875
Jackass_Butte,0725,402,612,43.07311013238506,-118.86721954688838,0.9609234929084778
Jackass_Butte,0725,425,624,43.066905726287295,-118.86279025422317,0.7298813462257385
Jackass_Butte,0725,516,670,43.04235785868308,-118.84581129900653,0.6995941996574402
Jackass_Butte,0725,466,400,43.055845698026054,-118.94547038397374,0.8708261847496033
Jackass_Butte,0725,453,406,43.059352536255226,-118.94325573764114,0.7912759184837341
Jackass_Butte,0725,450,628,43.0601618066158,-118.86131382333477,0.5317976474761963
Jackass_Butte,0725,380,590,43.07904478169597,-118.87533991677459,0.9856655597686768
Jackass_Butte,0725,516,653,43.04235785868308,-118.85208613028225,0.8981677293777466
Jackass_Butte,0725,607,618,43.01780999107887,-118.86500490055577,0.611879289150238
Jackass_Butte,0725,663,508,43.00270361101474,-118.90560674998686,0.6762867569923401
Jackass_Butte,0725,557,700,43.03129783042184,-118.83473806734351,0.8946854472160339
Jackass_Butte,0725,444,666,43.06178034733696,-118.84728772989493,0.7621418237686157
Jackass_Butte,0725,368,635,43.082281863138284,-118.85873006928006,0.924974799156189
Jackass_Butte,0725,575,429,43.02644220825837,-118.93476626003282,0.9166141152381897
Jackass_Butte,0725,331,563,43.092262864252085,-118.88530582527132,0.9297311305999756
Jackass_Butte,0725,359,567,43.084709674220015,-118.88382939438291,0.7838613986968994
Jackass_Butte,0725,686,580,42.99649920491697,-118.8790309939956,0.8562277555465698
Jackass_Butte,0725,372,604,43.081202835990844,-118.87017240866518,0.9173943400382996
Jackass_Butte,0725,490,645,43.049371535141425,-118.85503899205905,0.5980134606361389
Jackass_Butte,0725,582,681,43.024553910750356,-118.84175111406343,0.7014907598495483
Jackass_Butte,0725,571,669,43.02752123540581,-118.84618040672864,0.9822435975074768
Jackass_Butte,0725,370,606,43.081742349564564,-118.86943419322098,0.8940809965133667
Jackass_Butte,0725,365,554,43.08309113349886,-118.88862779477022,0.9414477944374084
Jackass_Butte,0725,360,641,43.08443991743316,-118.85651542294745,0.9214131832122803
Jackass_Butte,0725,473,374,43.05395740051804,-118.95506718474836,0.6136944890022278
Jackass_Butte,0725,581,613,43.02482366753721,-118.86685043916627,0.9118970036506653
Jackass_Butte,0725,686,566,42.99649920491697,-118.88419850210501,0.9237942099571228
Jackass_Butte,0725,386,608,43.07742624097481,-118.86869597777678,0.9658492803573608
Jackass_Butte,0725,425,625,43.066905726287295,-118.86242114650106,0.7095549702644348
Jackass_Butte,0725,354,578,43.08605845815431,-118.8797692094398,0.8447862267494202
Jackass_Butte,0725,372,591,43.081202835990844,-118.87497080905248,0.9853745102882385
Jackass_Butte,0725,340,598,43.08983505317035,-118.87238705499779,0.9234876036643982
Jackass_Butte,0725,665,530,43.00216409744102,-118.89748638010064,0.815524697303772
Jackass_Butte,0725,367,582,43.08255161992514,-118.8782927785514,0.988645076751709
Jackass_Butte,0725,570,395,43.02779099219267,-118.94731592258424,0.8489065170288086
Jackass_Butte,0725,544,713,43.03480466865101,-118.8299396669562,0.5071788430213928
Jackass_Butte,0725,353,591,43.086328214941176,-118.87497080905248,0.8327066898345947
Jackass_Butte,0725,335,587,43.091183837104644,-118.87644723994089,0.9093348383903503
Jackass_Butte,0725,553,454,43.03237685756928,-118.9255385669803,0.9769633412361145
Jackass_Butte,0725,662,514,43.002973367801594,-118.90339210365426,0.6550352573394775
Jackass_Butte,0725,556,390,43.0315675872087,-118.94916146119475,0.8685441017150879
Jackass_Butte,0725,373,455,43.08093307920399,-118.9251694592582,0.5711642503738403
Jackass_Butte,0725,566,629,43.028870019340104,-118.86094471561266,0.8880071043968201
Jackass_Butte,0725,578,394,43.0256329378978,-118.94768503030635,0.5965556502342224
Jackass_Butte,0725,473,639,43.05395740051804,-118.85725363839165,0.9414699673652649
Jackass_Butte,0725,629,500,43.01187534176796,-118.90855961176366,0.6477080583572388
Jackass_Butte,0725,414,663,43.069873050942746,-118.84839505306124,0.7930094003677368
Jackass_Butte,0725,588,455,43.022935370029195,-118.9251694592582,0.8786871433258057
Jackass_Butte,0725,345,600,43.08848626923605,-118.87164883955359,0.9127086997032166
Jackass_Butte,0725,691,594,42.995150420982675,-118.87386348588619,0.9319866299629211
Jackass_Butte,0725,520,691,43.04127883153564,-118.8380600368424,0.7923299074172974
Jackass_Butte,0725,305,543,43.09927654071043,-118.89268797971333,0.7311263680458069
Jackass_Butte,0725,632,596,43.011066071407384,-118.87312527044199,0.9006167650222778
Jackass_Butte,0725,561,637,43.0302188032744,-118.85799185383586,0.896139919757843
Jackass_Butte,0725,538,692,43.036423209372174,-118.83769092912031,0.9043309688568115
Jackass_Butte,0725,694,548,42.99434115062209,-118.89084244110282,0.8534898161888123
Jackass_Butte,0725,467,647,43.0555759412392,-118.85430077661485,0.9318287372589111
Jackass_Butte,0725,679,596,42.99838750242499,-118.87312527044199,0.9341456890106201
Jackass_Butte,0725,588,437,43.022935370029195,-118.93181339825601,0.6073083281517029
Jackass_Butte,0725,474,378,43.05368764373118,-118.95359075385996,0.677557647228241
Jackass_Butte,0725,495,694,43.04802275120713,-118.83695271367611,0.8076257705688477
Jackass_Butte,0725,390,615,43.076347213827376,-118.86611222372207,0.8752550482749939
Jackass_Butte,0725,548,650,43.03372564150358,-118.85319345344854,0.9857105016708374
Jackass_Butte,0725,576,695,43.02617245147151,-118.836583605954,0.9386000037193298
Jackass_Butte,0725,563,463,43.02967928970069,-118.9222165974814,0.953987181186676
Jackass_Butte,0725,337,487,43.090644323530924,-118.91335801215098,0.5134161114692688
Jackass_Butte,0725,387,605,43.07715648418795,-118.86980330094308,0.974982738494873
Jackass_Butte,0725,690,571,42.99542017776953,-118.88235296349451,0.8952853083610535
Jackass_Butte,0725,322,527,43.094690675333815,-118.89859370326694,0.8277967572212219
Jackass_Butte,0725,660,516,43.003512881375315,-118.90265388821005,0.6773173213005066
Jackass_Butte,0725,318,528,43.095769702481256,-118.89822459554485,0.6730230450630188
Jackass_Butte,0725,689,560,42.99568993455639,-118.88641314843761,0.9324905872344971
Jackass_Butte,0725,566,700,43.028870019340104,-118.83473806734351,0.9007192850112915
Jackass_Butte,0725,477,663,43.052878373370596,-118.84839505306124,0.8621009588241577
Jackass_Butte,0725,475,382,43.05341788694432,-118.95211432297155,0.7619538307189941
Jackass_Butte,0725,492,669,43.048832021567705,-118.84618040672864,0.8713799118995667
Jackass_Butte,0725,568,470,43.02833050576639,-118.91963284342668,0.9576953053474426
Jackass_Butte,0725,571,622,43.02752123540581,-118.86352846966737,0.9204674959182739
Jackass_Butte,0725,496,345,43.04775299442027,-118.96577130868928,0.5086056590080261
Jackass_Butte,0725,576,443,43.02617245147151,-118.92959875192341,0.8863429427146912
Jackass_Butte,0725,338,546,43.09037456674407,-118.89158065654702,0.8650789856910706
Jackass_Butte,0725,644,602,43.00782898996507,-118.87091062410938,0.9076500535011292
Jackass_Butte,0725,640,628,43.0089080171125,-118.86131382333477,0.5302162766456604
Jackass_Butte,0725,474,628,43.05368764373118,-118.86131382333477,0.8764491677284241
Jackass_Butte,0725,666,529,43.00189434065416,-118.89785548782274,0.8175081610679626
Jackass_Butte,0725,389,570,43.07661697061423,-118.8827220712166,0.9897544980049133
Jackass_Butte,0725,581,471,43.02482366753721,-118.91926373570459,0.8867400288581848
Jackass_Butte,0725,664,579,43.00243385422788,-118.8794001017177,0.9519469141960144
Jackass_Butte,0725,414,618,43.069873050942746,-118.86500490055577,0.8883533477783203
Jackass_Butte,0725,465,402,43.05611545481291,-118.94473216852954,0.8657035231590271
Jackass_Butte,0725,556,622,43.0315675872087,-118.86352846966737,0.9520025253295898
Jackass_Butte,0725,418,617,43.068794023795306,-118.86537400827787,0.9099653363227844
Jackass_Butte,0725,671,525,43.000545556719864,-118.89933191871114,0.7957520484924316
Jackass_Butte,0725,627,594,43.01241485534168,-118.87386348588619,0.9291046857833862
Jackass_Butte,0725,403,614,43.072840375598204,-118.86648133144418,0.9313912987709045
Jackass_Butte,0725,536,703,43.036962722945894,-118.8336307441772,0.6460161805152893
Jackass_Butte,0725,552,697,43.03264661435614,-118.8358453905098,0.9141722321510315
Jackass_Butte,0725,488,659,43.049911048715146,-118.84987148394964,0.804082989692688
Jackass_Butte,0725,391,565,43.07607745704051,-118.88456760982712,0.9894559979438782
Jackass_Butte,0725,449,645,43.060431563402666,-118.85503899205905,0.6593471765518188
Jackass_Butte,0725,431,638,43.065287185566135,-118.85762274611375,0.5434802174568176
Jackass_Butte,0725,524,662,43.0401998043882,-118.84876416078333,0.8717272281646729
Jackass_Butte,0725,393,648,43.0755379434668,-118.85393166889274,0.7369731068611145
Jackass_Butte,0725,475,644,43.05341788694432,-118.85540809978114,0.9075984358787537
Jackass_Butte,0725,615,503,43.015651936783996,-118.90745228859736,0.8708862066268921
Jackass_Butte,0725,322,604,43.094690675333815,-118.87017240866518,0.919462263584137
Jackass_Butte,0725,338,614,43.09037456674407,-118.86648133144418,0.9137403964996338
Jackass_Butte,0725,477,623,43.052878373370596,-118.86315936194526,0.8941043019294739
Jackass_Butte,0725,398,583,43.0741891595325,-118.8779236708293,0.9797829985618591
Jackass_Butte,0725,593,617,43.0215865860949,-118.86537400827787,0.8615745902061462
Jackass_Butte,0725,437,631,43.06366864484498,-118.86020650016846,0.6618494391441345
Jackass_Butte,0725,553,621,43.03237685756928,-118.86389757738947,0.9599756598472595
Jackass_Butte,0725,641,623,43.00863826032565,-118.86315936194526,0.6479824185371399
Jackass_Butte,0725,404,614,43.07257061881134,-118.86648133144418,0.926014244556427
Jackass_Butte,0725,359,473,43.084709674220015,-118.91852552026039,0.5598937273025513
Jackass_Butte,0725,464,649,43.056385211599775,-118.85356256117065,0.9081569910049438
Jackass_Butte,0725,333,605,43.091723350678365,-118.86980330094308,0.919462263584137
Jackass_Butte,0725,663,510,43.00270361101474,-118.90486853454266,0.6773124933242798
Jackass_Butte,0725,576,457,43.02617245147151,-118.924431243814,0.892575740814209
Jackass_Butte,0725,506,360,43.04505542655168,-118.96023469285777,0.8701353669166565
Jackass_Butte,0725,471,370,43.05449691409176,-118.95654361563676,0.5398657321929932
Jackass_Butte,0725,474,630,43.05368764373118,-118.86057560789057,0.828159749507904
Jackass_Butte,0725,371,578,43.0814725927777,-118.8797692094398,0.9799990057945251
Jackass_Butte,0725,563,430,43.02967928970069,-118.93439715231072,0.9359673857688904
Jackass_Butte,0725,655,606,43.00486166530961,-118.86943419322098,0.8235920071601868
Jackass_Butte,0725,653,587,43.00540117888333,-118.87644723994089,0.9355177879333496
Jackass_Butte,0725,660,596,43.003512881375315,-118.87312527044199,0.8947957158088684
Jackass_Butte,0725,420,665,43.06825451022159,-118.84765683761704,0.7893023490905762
Jackass_Butte,0725,583,693,43.02428415396349,-118.8373218213982,0.8543733358383179
Jackass_Butte,0725,643,617,43.00809874675193,-118.86537400827787,0.6241699457168579
Jackass_Butte,0725,686,569,42.99649920491697,-118.88309117893871,0.8747043013572693
Jackass_Butte,0725,396,582,43.074728673106215,-118.8782927785514,0.986817479133606
Jackass_Butte,0725,461,386,43.05719448196035,-118.95063789208315,0.5678635239601135
Jackass_Butte,0725,552,666,43.03264661435614,-118.84728772989493,0.9200272560119629
Jackass_Butte,0725,363,640,43.08363064707258,-118.85688453066955,0.9229739904403687
Jackass_Butte,0725,638,626,43.009447530686224,-118.86205203877897,0.650648832321167
Jackass_Butte,0725,344,634,43.08875602602291,-118.85909917700215,0.9326800107955933
Jackass_Butte,0725,352,627,43.08659797172803,-118.86168293105686,0.9248262047767639
Jackass_Butte,0725,558,463,43.031028073634985,-118.9222165974814,0.960167407989502
Jackass_Butte,0725,370,566,43.081742349564564,-118.88419850210501,0.9576566815376282
Jackass_Butte,0725,662,513,43.002973367801594,-118.90376121137635,0.6786810755729675
Jackass_Butte,0725,503,668,43.045864696912254,-118.84654951445073,0.8279274702072144
Jackass_Butte,0725,494,364,43.04829250799399,-118.95875826196936,0.8742525577545166
Jackass_Butte,0725,346,553,43.08821651244919,-118.88899690249232,0.8402231335639954
Jackass_Butte,0725,556,459,43.0315675872087,-118.9236930283698,0.9605124592781067
Jackass_Butte,0725,413,610,43.0701428077296,-118.86795776233258,0.9636368155479431
Jackass_Butte,0725,445,633,43.0615105905501,-118.85946828472426,0.5135332942008972
Jackass_Butte,0725,368,641,43.082281863138284,-118.85651542294745,0.9231700897216797
Jackass_Butte,0725,692,549,42.99488066419581,-118.89047333338073,0.8807657361030579
Jackass_Butte,0725,349,618,43.08740724208861,-118.86500490055577,0.9247555732727051
Jackass_Butte,0725,480,688,43.05206910301002,-118.83916736000872,0.928884744644165
Jackass_Butte,0725,315,551,43.09657897284183,-118.88973511793652,0.6050440669059753
Jackass_Butte,0725,487,639,43.050180805502,-118.85725363839165,0.7785726189613342
Jackass_Butte,0725,567,462,43.02860026255325,-118.92258570520349,0.934720516204834
Jackass_Butte,0725,512,685,43.043436885830516,-118.84027468317501,0.9318797588348389
Jackass_Butte,0725,342,569,43.08929553959663,-118.88309117893871,0.9154883623123169
Jackass_Butte,0725,361,626,43.0841701606463,-118.86205203877897,0.9167364835739136
Jackass_Butte,0725,631,596,43.01133582819424,-118.87312527044199,0.9138453602790833
Jackass_Butte,0725,424,634,43.06717548307415,-118.85909917700215,0.5838624238967896
Jackass_Butte,0725,656,571,43.004591908522755,-118.88235296349451,0.9692010283470154
Jackass_Butte,0725,661,573,43.00324312458846,-118.88161474805031,0.964666485786438
Jackass_Butte,0725,376,612,43.0801238088434,-118.86721954688838,0.7887353301048279
Jackass_Butte,0725,562,444,43.029949046487545,-118.9292296442013,0.9233424067497253
Jackass_Butte,0725,700,581,42.99272260990094,-118.8786618862735,0.8540608882904053
Jackass_Butte,0725,346,560,43.08821651244919,-118.88641314843761,0.8035580515861511
Jackass_Butte,0725,335,576,43.091183837104644,-118.880507424884,0.9046304821968079
Jackass_Butte,0725,350,619,43.08713748530175,-118.86463579283367,0.924871027469635
Jackass_Butte,0725,427,424,43.066366212713575,-118.93661179864333,0.7311546206474304
Jackass_Butte,0725,575,448,43.02644220825837,-118.9277532133129,0.9207318425178528
Jackass_Butte,0725,332,535,43.09199310746522,-118.89564084149013,0.8943115472793579
Jackass_Butte,0725,568,675,43.02833050576639,-118.84396576039603,0.9939132332801819
Jackass_Butte,0725,390,573,43.076347213827376,-118.88161474805031,0.9818398952484131
Jackass_Butte,0725,673,568,43.00000604314614,-118.8834602866608,0.9528818726539612
Jackass_Butte,0725,523,349,43.040469561175065,-118.96429487780088,0.5269116759300232
Jackass_Butte,0725,543,673,43.03507442543788,-118.84470397584023,0.8690167665481567
Jackass_Butte,0725,689,600,42.99568993455639,-118.87164883955359,0.7698256373405457
Jackass_Butte,0725,480,655,43.05206910301002,-118.85134791483804,0.8281489014625549
Jackass_Butte,0725,328,573,43.09307213461266,-118.88161474805031,0.908503532409668
Jackass_Butte,0725,480,392,43.05206910301002,-118.94842324575055,0.9030946493148804
Jackass_Butte,0725,453,403,43.059352536255226,-118.94436306080743,0.6648712754249573
Jackass_Butte,0725,528,684,43.03912077724077,-118.84064379089712,0.9401574730873108
Jackass_Butte,0725,481,365,43.05179934622316,-118.95838915424727,0.5873336791992188
Jackass_Butte,0725,576,677,43.02617245147151,-118.84322754495183,0.5557349920272827
Jackass_Butte,0725,334,501,43.09145359389151,-118.90819050404156,0.5782685279846191
Jackass_Butte,0725,302,534,43.100085811071004,-118.89600994921224,0.6027116775512695
Jackass_Butte,0725,359,569,43.084709674220015,-118.88309117893871,0.8492984175682068
Jackass_Butte,0725,423,666,43.06744523986101,-118.84728772989493,0.799214243888855
Jackass_Butte,0725,340,527,43.08983505317035,-118.89859370326694,0.9560534954071045
Jackass_Butte,0725,489,347,43.04964129192829,-118.96503309324508,0.516839861869812
Jackass_Butte,0725,577,446,43.02590269468465,-118.9284914287571,0.8939730525016785
Jackass_Butte,0725,475,370,43.05341788694432,-118.95654361563676,0.5692949891090393
Jackass_Butte,0725,416,579,43.069333537369026,-118.8794001017177,0.9584946632385254
Jackass_Butte,0725,588,474,43.022935370029195,-118.91815641253828,0.8646234273910522
Jackass_Butte,0725,557,369,43.03129783042184,-118.95691272335887,0.6703724265098572
Jackass_Butte,0725,534,690,43.03750223651961,-118.83842914456451,0.9217615127563477
Jackass_Butte,0725,691,574,42.995150420982675,-118.8812456403282,0.8721556663513184
Jackass_Butte,0725,663,608,43.00270361101474,-118.86869597777678,0.9243891835212708
Jackass_Butte,0725,484,642,43.050990075862586,-118.85614631522535,0.7075742483139038
Jackass_Butte,0725,487,657,43.050180805502,-118.85060969939384,0.8175085783004761
Jackass_Butte,0725,583,400,43.02428415396349,-118.94547038397374,0.5128315091133118
Jackass_Butte,0725,315,542,43.09657897284183,-118.89305708743542,0.531751275062561
Jackass_Butte,0725,558,634,43.031028073634985,-118.85909917700215,0.9216549396514893
Jackass_Butte,0725,683,595,42.99730847527755,-118.87349437816408,0.9360288381576538
Jackass_Butte,0725,580,430,43.025093424324076,-118.93439715231072,0.9423731565475464
Jackass_Butte,0725,553,708,43.03237685756928,-118.8317852055667,0.5958256721496582
Jackass_Butte,0725,569,670,43.02806074897953,-118.84581129900653,0.946018636226654
Jackass_Butte,0725,375,577,43.08039356563027,-118.88013831716191,0.9759034514427185
Jackass_Butte,0725,360,566,43.08443991743316,-118.88419850210501,0.8398967385292053
Jackass_Butte,0725,650,617,43.00621044924391,-118.86537400827787,0.9156327843666077
Jackass_Butte,0725,344,554,43.08875602602291,-118.88862779477022,0.864346981048584
Jackass_Butte,0725,582,436,43.024553910750356,-118.93218250597812,0.8180363178253174
Jackass_Butte,0725,525,358,43.039930047601345,-118.96097290830197,0.8839482665061951
Jackass_Butte,0725,671,609,43.000545556719864,-118.86832687005467,0.8897593021392822
Jackass_Butte,0725,328,590,43.09307213461266,-118.87533991677459,0.919462263584137
Jackass_Butte,0725,557,454,43.03129783042184,-118.9255385669803,0.962540864944458
Jackass_Butte,0725,376,571,43.0801238088434,-118.88235296349451,0.9831923842430115
Jackass_Butte,0725,494,361,43.04829250799399,-118.95986558513567,0.8451998233795166
Jackass_Butte,0725,344,545,43.08875602602291,-118.89194976426913,0.8944888710975647
Jackass_Butte,0725,382,574,43.07850526812225,-118.8812456403282,0.9930643439292908
Jackass_Butte,0725,607,607,43.01780999107887,-118.86906508549887,0.8689048290252686
Jackass_Butte,0725,695,603,42.994071393835235,-118.87054151638728,0.562008798122406
Jackass_Butte,0725,341,587,43.08956529638349,-118.87644723994089,0.8873336911201477
Jackass_Butte,0725,583,417,43.02428415396349,-118.93919555269802,0.8654298782348633
Jackass_Butte,0725,556,670,43.0315675872087,-118.84581129900653,0.9277043342590332
Jackass_Butte,0725,329,532,43.092802377825805,-118.89674816465644,0.8648020029067993
Jackass_Butte,0725,561,646,43.0302188032744,-118.85466988433694,0.9203651547431946
Jackass_Butte,0725,356,620,43.0855189445806,-118.86426668511157,0.901827335357666
Jackass_Butte,0725,503,703,43.045864696912254,-118.8336307441772,0.6897785067558289
Jackass_Butte,0725,425,615,43.066905726287295,-118.86611222372207,0.8994981646537781
Jackass_Butte,0725,653,596,43.00540117888333,-118.87312527044199,0.8995442986488342
Jackass_Butte,0725,370,582,43.081742349564564,-118.8782927785514,0.9919151067733765
Jackass_Butte,0725,537,370,43.03669296615903,-118.95654361563676,0.9554395079612732
Jackass_Butte,0725,346,551,43.08821651244919,-118.88973511793652,0.8431723713874817
Jackass_Butte,0725,496,659,43.04775299442027,-118.84987148394964,0.773201048374176
Jackass_Butte,0725,300,550,43.100625324644724,-118.89010422565862,0.8899093270301819
Jackass_Butte,0725,324,563,43.0941511617601,-118.88530582527132,0.9069808721542358
Jackass_Butte,0725,585,430,43.02374464038978,-118.93439715231072,0.8760848641395569
Jackass_Butte,0725,497,674,43.04748323763341,-118.84433486811812,0.9171286821365356
Jackass_Butte,0725,587,421,43.02320512681606,-118.93771912180962,0.8968987464904785
Jackass_Butte,0725,561,661,43.0302188032744,-118.84913326850544,0.9151840209960938
Jackass_Butte,0725,593,467,43.0215865860949,-118.92074016659299,0.5795153379440308
Jackass_Butte,0725,550,682,43.03318612792986,-118.84138200634132,0.9921238422393799
Jackass_Butte,0725,647,527,43.00701971960449,-118.89859370326694,0.8470560312271118
Jackass_Butte,0725,443,631,43.06205010412382,-118.86020650016846,0.6426251530647278
Jackass_Butte,0725,389,634,43.07661697061423,-118.85909917700215,0.5193668007850647
Jackass_Butte,0725,566,463,43.028870019340104,-118.9222165974814,0.9474416971206665
Jackass_Butte,0725,657,596,43.00432215173589,-118.87312527044199,0.8924002051353455
Jackass_Butte,0725,471,632,43.05449691409176,-118.85983739244637,0.8764854669570923
Jackass_Butte,0725,548,366,43.03372564150358,-118.95802004652516,0.8583213090896606
Jackass_Butte,0725,658,599,43.004052394949035,-118.87201794727568,0.8321902751922607
Jackass_Butte,0725,686,616,42.99649920491697,-118.86574311599998,0.5843464136123657
Jackass_Butte,0725,656,517,43.004591908522755,-118.90228478048795,0.7227978706359863
Jackass_Butte,0725,448,670,43.06070132018952,-118.84581129900653,0.8701049089431763
Jackass_Butte,0725,526,678,43.03966029081449,-118.84285843722972,0.9315642714500427
Jackass_Butte,0725,685,566,42.99676896170383,-118.88419850210501,0.9167190790176392
Jackass_Butte,0725,572,395,43.02725147861895,-118.94731592258424,0.8488322496414185
Jackass_Butte,0725,485,371,43.05072031907572,-118.95617450791467,0.8643991351127625
Jackass_Butte,0725,373,562,43.08093307920399,-118.88567493299341,0.9373372793197632
Jackass_Butte,0725,652,591,43.005670935670196,-118.87497080905248,0.942333459854126
Jackass_Butte,0725,676,564,42.99919677278557,-118.88493671754921,0.9531991481781006
Jackass_Butte,0725,548,710,43.03372564150358,-118.8310469901225,0.5874270796775818
Jackass_Butte,0725,574,691,43.02671196504523,-118.8380600368424,0.9423494338989258
Jackass_Butte,0725,502,702,43.04613445369911,-118.8339998518993,0.7879707217216492
Jackass_Butte,0725,489,644,43.04964129192829,-118.85540809978114,0.6148965954780579
Jackass_Butte,0725,616,492,43.01538217999713,-118.91151247354047,0.6802578568458557
Jackass_Butte,0725,563,681,43.02967928970069,-118.84175111406343,0.9900636076927185
Jackass_Butte,0725,339,556,43.090104809957204,-118.88788957932601,0.7945958971977234
Jackass_Butte,0725,542,670,43.03534418222473,-118.84581129900653,0.865105152130127
Jackass_Butte,0725,377,459,43.07985405205655,-118.9236930283698,0.82628333568573
Jackass_Butte,0725,614,599,43.01592169357085,-118.87201794727568,0.9328833818435669
Jackass_Butte,0725,672,575,43.000275799933,-118.88087653260611,0.9530158042907715
Jackass_Butte,0725,548,447,43.03372564150358,-118.928122321035,0.9678253531455994
Jackass_Butte,0725,690,567,42.99542017776953,-118.88382939438291,0.9196627140045166
Jackass_Butte,0725,571,412,43.02752123540581,-118.94104109130853,0.9308773279190063
Jackass_Butte,0725,458,618,43.05800375232093,-118.86500490055577,0.7857183814048767
Jackass_Butte,0725,444,627,43.06178034733696,-118.86168293105686,0.6727453470230103
Jackass_Butte,0725,583,625,43.02428415396349,-118.86242114650106,0.6470138430595398
Jackass_Butte,0725,576,419,43.02617245147151,-118.93845733725382,0.8817178606987
Jackass_Butte,0725,391,444,43.07607745704051,-118.9292296442013,0.671725869178772
Jackass_Butte,0725,679,594,42.99838750242499,-118.87386348588619,0.9114052057266235
Jackass_Butte,0725,480,687,43.05206910301002,-118.83953646773081,0.9222962856292725
Jackass_Butte,0725,512,661,43.043436885830516,-118.84913326850544,0.7361211776733398
Jackass_Butte,0725,356,571,43.0855189445806,-118.88235296349451,0.818810760974884
Jackass_Butte,0725,557,672,43.03129783042184,-118.84507308356233,0.9362433552742004
Jackass_Butte,0725,670,588,43.00081531350672,-118.8760781322188,0.9446318745613098
Jackass_Butte,0725,409,592,43.07122183487704,-118.87460170133039,0.9728145003318787
Jackass_Butte,0725,583,439,43.02428415396349,-118.93107518281181,0.7620389461517334
Jackass_Butte,0725,508,347,43.04451591297796,-118.96503309324508,0.5548906326293945
Jackass_Butte,0725,670,622,43.00081531350672,-118.86352846966737,0.6862865090370178
Jackass_Butte,0725,564,621,43.029409532913824,-118.86389757738947,0.9524361491203308
Jackass_Butte,0725,393,566,43.0755379434668,-118.88419850210501,0.9922614693641663
Jackass_Butte,0725,409,661,43.07122183487704,-118.84913326850544,0.919462263584137
Jackass_Butte,0725,383,624,43.07823551133539,-118.86279025422317,0.7919397354125977
Jackass_Butte,0725,403,612,43.072840375598204,-118.86721954688838,0.9636713266372681
Jackass_Butte,0725,397,591,43.07445891631936,-118.87497080905248,0.9884796142578125
Jackass_Butte,0725,374,585,43.080663322417124,-118.87718545538509,0.9720842838287354
Jackass_Butte,0725,681,534,42.99784798885127,-118.89600994921224,0.8512442111968994
Jackass_Butte,0725,651,605,43.00594069245705,-118.86980330094308,0.868969738483429
Jackass_Butte,0725,358,545,43.08497943100688,-118.89194976426913,0.9518800377845764
Jackass_Butte,0725,480,633,43.05206910301002,-118.85946828472426,0.839930534362793
Jackass_Butte,0725,592,610,43.02185634288176,-118.86795776233258,0.8850587606430054
Jackass_Butte,0725,530,669,43.03858126366705,-118.84618040672864,0.7672818303108215
Jackass_Butte,0725,349,534,43.08740724208861,-118.89600994921224,0.9636545181274414
Jackass_Butte,0725,401,625,43.07337988917192,-118.86242114650106,0.692172110080719
Jackass_Butte,0725,694,604,42.99434115062209,-118.87017240866518,0.5483314990997314
Jackass_Butte,0725,555,707,43.03183734399556,-118.8321543132888,0.6384832859039307
Jackass_Butte,0725,562,440,43.029949046487545,-118.9307060750897,0.9219162464141846
Jackass_Butte,0725,366,469,43.082821376712005,-118.92000195114879,0.5963494777679443
Jackass_Butte,0725,372,583,43.081202835990844,-118.8779236708293,0.9878966808319092
Jackass_Butte,0725,648,513,43.00674996281763,-118.90376121137635,0.7565672397613525
Jackass_Butte,0725,478,372,43.05260861658374,-118.95580540019256,0.7060335278511047
Jackass_Butte,0725,571,698,43.02752123540581,-118.83547628278771,0.9232177138328552
Jackass_Butte,0725,520,667,43.04127883153564,-118.84691862217284,0.7433142066001892
Jackass_Butte,0725,354,564,43.08605845815431,-118.88493671754921,0.6794837713241577
Jackass_Butte,0725,484,672,43.050990075862586,-118.84507308356233,0.888430118560791
Jackass_Butte,0725,584,408,43.024014397176636,-118.94251752219694,0.7693395614624023
Jackass_Butte,0725,338,620,43.09037456674407,-118.86426668511157,0.9051971435546875
Jackass_Butte,0725,371,629,43.0814725927777,-118.86094471561266,0.888684868812561
Jackass_Butte,0725,333,617,43.091723350678365,-118.86537400827787,0.912445068359375
Jackass_Butte,0725,361,579,43.0841701606463,-118.8794001017177,0.9222370982170105
Jackass_Butte,0725,322,571,43.094690675333815,-118.88235296349451,0.9065284729003906
Jackass_Butte,0725,344,593,43.08875602602291,-118.87423259360828,0.9058575630187988
Jackass_Butte,0725,561,639,43.0302188032744,-118.85725363839165,0.8978778719902039
Jackass_Butte,0725,563,700,43.02967928970069,-118.83473806734351,0.8945716619491577
Jackass_Butte,0725,652,600,43.005670935670196,-118.87164883955359,0.860116720199585
Jackass_Butte,0725,350,500,43.08713748530175,-118.90855961176366,0.7606890201568604
Jackass_Butte,0725,474,380,43.05368764373118,-118.95285253841575,0.6873306035995483
Jackass_Butte,0725,583,450,43.02428415396349,-118.9270149978687,0.8874716758728027
Jackass_Butte,0725,495,668,43.04802275120713,-118.84654951445073,0.8846798539161682
Jackass_Butte,0725,514,655,43.042897372256796,-118.85134791483804,0.8322410583496094
Jackass_Butte,0725,336,540,43.09091408031779,-118.89379530287962,0.8953907489776611
Jackass_Butte,0725,537,668,43.03669296615903,-118.84654951445073,0.5512006282806396
Jackass_Butte,0725,453,627,43.059352536255226,-118.86168293105686,0.5267667770385742
Jackass_Butte,0725,624,511,43.01322412570226,-118.90449942682055,0.8693455457687378
Jackass_Butte,0725,404,657,43.07257061881134,-118.85060969939384,0.908302903175354
Jackass_Butte,0725,361,564,43.0841701606463,-118.88493671754921,0.8026288747787476
Jackass_Butte,0725,659,615,43.00378263816218,-118.86611222372207,0.899874746799469
Jackass_Butte,0725,594,475,43.02131682930804,-118.91778730481619,0.8544386029243469
Jackass_Butte,0725,347,619,43.08794675566233,-118.86463579283367,0.9228363633155823
Jackass_Butte,0725,594,485,43.02131682930804,-118.91409622759518,0.8989667296409607
Jackass_Butte,0725,630,499,43.0116055849811,-118.90892871948576,0.57057785987854
Jackass_Butte,0725,566,671,43.028870019340104,-118.84544219128443,0.9896504878997803
Jackass_Butte,0725,610,602,43.01700072071829,-118.87091062410938,0.9023122787475586
Jackass_Butte,0725,486,676,43.050450562288866,-118.84359665267392,0.924673318862915
Jackass_Butte,0725,635,505,43.0102568010468,-118.90671407315315,0.7800365686416626
Jackass_Butte,0725,479,648,43.05233885979688,-118.85393166889274,0.7874694466590881
Jackass_Butte,0725,580,456,43.025093424324076,-118.92480035153609,0.9253694415092468
Jackass_Butte,0725,490,387,43.049371535141425,-118.95026878436106,0.8901224732398987
Jackass_Butte,0725,640,515,43.0089080171125,-118.90302299593215,0.8440960645675659
Jackass_Butte,0725,320,591,43.095230188907536,-118.87497080905248,0.919462263584137
Jackass_Butte,0725,577,443,43.02590269468465,-118.92959875192341,0.8716367483139038
Jackass_Butte,0725,386,567,43.07742624097481,-118.88382939438291,0.9889780282974243
Jackass_Butte,0725,343,495,43.08902578280977,-118.91040515037416,0.6397398114204407
Jackass_Butte,0725,517,689,43.04208810189622,-118.83879825228661,0.8433123230934143
Jackass_Butte,0725,338,628,43.09037456674407,-118.86131382333477,0.9155153632164001
Jackass_Butte,0725,637,596,43.00971728747309,-118.87312527044199,0.930012583732605
Jackass_Butte,0725,465,611,43.05611545481291,-118.86758865461047,0.9061995148658752
Jackass_Butte,0725,412,620,43.07041256451647,-118.86426668511157,0.8118728399276733
Jackass_Butte,0725,362,586,43.08390040385944,-118.876816347663,0.958949863910675
Jackass_Butte,0725,594,448,43.02131682930804,-118.9277532133129,0.5397893190383911
Jackass_Butte,0725,464,627,43.056385211599775,-118.86168293105686,0.7499501705169678
Jackass_Butte,0725,307,548,43.09873702713671,-118.89084244110282,0.7302826046943665
Jackass_Butte,0725,648,583,43.00674996281763,-118.8779236708293,0.9700485467910767
Jackass_Butte,0725,348,548,43.08767699887547,-118.89084244110282,0.8543899655342102
Jackass_Butte,0725,520,673,43.04127883153564,-118.84470397584023,0.702559232711792
Jackass_Butte,0725,335,498,43.091183837104644,-118.90929782720787,0.5015354156494141
Jackass_Butte,0725,498,645,43.04721348084655,-118.85503899205905,0.6558146476745605
Jackass_Butte,0725,677,608,42.9989270159987,-118.86869597777678,0.6138452291488647
Jackass_Butte,0725,325,599,43.09388140497324,-118.87201794727568,0.919462263584137
Jackass_Butte,0725,614,612,43.01592169357085,-118.86721954688838,0.8549429774284363
Jackass_Butte,0725,358,572,43.08497943100688,-118.8819838557724,0.8408874869346619
Jackass_Butte,0725,336,542,43.09091408031779,-118.89305708743542,0.9025635719299316
Jackass_Butte,0725,483,654,43.05125983264944,-118.85171702256014,0.788563072681427
Jackass_Butte,0725,707,579,42.99083431239292,-118.8794001017177,0.6789491176605225
Jackass_Butte,0725,662,527,43.002973367801594,-118.89859370326694,0.7941705584526062
Jackass_Butte,0725,665,508,43.00216409744102,-118.90560674998686,0.7291190028190613
Jackass_Butte,0725,396,580,43.074728673106215,-118.8790309939956,0.9825268387794495
Jackass_Butte,0725,683,607,42.99730847527755,-118.86906508549887,0.7203157544136047
Jackass_Butte,0725,580,407,43.025093424324076,-118.94288662991903,0.8476077318191528
Jackass_Butte,0725,631,592,43.01133582819424,-118.87460170133039,0.9181888103485107
Jackass_Butte,0725,531,672,43.03831150688019,-118.84507308356233,0.737791895866394
Jackass_Butte,0725,525,690,43.039930047601345,-118.83842914456451,0.896306574344635
Jackass_Butte,0725,474,675,43.05368764373118,-118.84396576039603,0.8955023884773254
Jackass_Butte,0725,591,419,43.02212609966862,-118.93845733725382,0.5993162393569946
Jackass_Butte,0725,707,572,42.99083431239292,-118.8819838557724,0.5902910828590393
Jackass_Butte,0725,575,685,43.02644220825837,-118.84027468317501,0.9252070188522339
Jackass_Butte,0725,389,623,43.07661697061423,-118.86315936194526,0.6817623376846313
Jackass_Butte,0725,482,388,43.0515295894363,-118.94989967663895,0.903006374835968
Jackass_Butte,0725,567,704,43.02860026255325,-118.8332616364551,0.8307250142097473
Jackass_Butte,0725,545,386,43.03453491186416,-118.95063789208315,0.897487461566925
Jackass_Butte,0725,419,661,43.06852426700845,-118.84913326850544,0.6324349045753479
Jackass_Butte,0725,541,631,43.0356139390116,-118.86020650016846,0.9243303537368774
Jackass_Butte,0725,495,657,43.04802275120713,-118.85060969939384,0.7698975801467896
Jackass_Butte,0725,569,408,43.02806074897953,-118.94251752219694,0.9225548505783081
Jackass_Butte,0725,449,405,43.060431563402666,-118.94362484536323,0.6119400262832642
Jackass_Butte,0725,465,664,43.05611545481291,-118.84802594533913,0.8762547969818115
Jackass_Butte,0725,543,681,43.03507442543788,-118.84175111406343,0.9675228595733643
Jackass_Butte,0725,359,555,43.084709674220015,-118.88825868704812,0.7510283589363098
Jackass_Butte,0725,342,610,43.08929553959663,-118.86795776233258,0.918962299823761
Jackass_Butte,0725,480,364,43.05206910301002,-118.95875826196936,0.5128684043884277
Jackass_Butte,0725,372,596,43.081202835990844,-118.87312527044199,0.9733601212501526
Jackass_Butte,0725,345,543,43.08848626923605,-118.89268797971333,0.9405484795570374
Jackass_Butte,0725,690,583,42.99542017776953,-118.8779236708293,0.8549627065658569
Jackass_Butte,0725,634,510,43.010526557833664,-118.90486853454266,0.8456188440322876
Jackass_Butte,0725,355,603,43.085788701367456,-118.87054151638728,0.7837129235267639
Jackass_Butte,0725,471,372,43.05449691409176,-118.95580540019256,0.5621966123580933
Jackass_Butte,0725,648,624,43.00674996281763,-118.86279025422317,0.8646274209022522
Jackass_Butte,0725,546,676,43.0342651550773,-118.84359665267392,0.8665308356285095
Jackass_Butte,0725,445,646,43.0615105905501,-118.85466988433694,0.518538773059845
Jackass_Butte,0725,567,668,43.02860026255325,-118.84654951445073,0.9875786304473877
Jackass_Butte,0725,400,658,43.07364964595878,-118.85024059167174,0.9114857912063599
Jackass_Butte,0725,355,630,43.085788701367456,-118.86057560789057,0.9217565059661865
Jackass_Butte,0725,701,553,42.99245285311408,-118.88899690249232,0.8338121175765991
Jackass_Butte,0725,648,516,43.00674996281763,-118.90265388821005,0.7942022681236267
Jackass_Butte,0725,546,380,43.0342651550773,-118.95285253841575,0.9245547652244568
Jackass_Butte,0725,693,548,42.994610907408955,-118.89084244110282,0.8558202385902405
Jackass_Butte,0725,677,520,42.9989270159987,-118.90117745732165,0.6536099910736084
Jackass_Butte,0725,600,490,43.01969828858689,-118.91225068898467,0.8766571879386902
Jackass_Butte,0725,346,554,43.08821651244919,-118.88862779477022,0.8035876154899597
Jackass_Butte,0725,546,657,43.0342651550773,-118.85060969939384,0.9749150276184082
Jackass_Butte,0725,556,657,43.0315675872087,-118.85060969939384,0.9286417961120605
Jackass_Butte,0725,551,690,43.032916371142996,-118.83842914456451,0.9759759902954102
Jackass_Butte,0725,700,575,42.99272260990094,-118.88087653260611,0.8173279762268066
Jackass_Butte,0725,364,624,43.08336089028572,-118.86279025422317,0.8825470209121704
Jackass_Butte,0725,323,540,43.09442091854696,-118.89379530287962,0.695797324180603
Jackass_Butte,0725,326,535,43.09361164818638,-118.89564084149013,0.8827289342880249
Jackass_Butte,0725,567,458,43.02860026255325,-118.92406213609189,0.9368181228637695
Jackass_Butte,0725,587,441,43.02320512681606,-118.93033696736761,0.5034351348876953
Jackass_Butte,0725,505,658,43.045325183338534,-118.85024059167174,0.7050063610076904
Jackass_Butte,0725,492,357,43.048832021567705,-118.96134201602408,0.5355704426765442
Jackass_Butte,0725,430,670,43.065556942353,-118.84581129900653,0.7767751216888428
Jackass_Butte,0725,388,643,43.076886727401096,-118.85577720750325,0.6804918646812439
Jackass_Butte,0725,327,558,43.09334189139952,-118.88715136388181,0.8957439661026001
Jackass_Butte,0725,466,637,43.055845698026054,-118.85799185383586,0.9348617196083069
Jackass_Butte,0725,563,701,43.02967928970069,-118.8343689596214,0.8815411925315857
Jackass_Butte,0725,354,642,43.08605845815431,-118.85614631522535,0.919462263584137
Jackass_Butte,0725,481,621,43.05179934622316,-118.86389757738947,0.8891111016273499
Jackass_Butte,0725,474,653,43.05368764373118,-118.85208613028225,0.8988505005836487
Jackass_Butte,0725,369,637,43.08201210635142,-118.85799185383586,0.9272482395172119
Jackass_Butte,0725,322,525,43.094690675333815,-118.89933191871114,0.7815576791763306
Jackass_Butte,0725,389,642,43.07661697061423,-118.85614631522535,0.5939089059829712
Jackass_Butte,0725,542,372,43.03534418222473,-118.95580540019256,0.9294571280479431
Jackass_Butte,0725,354,593,43.08605845815431,-118.87423259360828,0.8225733637809753
Jackass_Butte,0725,352,601,43.08659797172803,-118.87127973183148,0.8495059013366699
Jackass_Butte,0725,573,699,43.026981721832094,-118.8351071750656,0.9130074977874756
Jackass_Butte,0725,521,685,43.041009074748786,-118.84027468317501,0.8643115758895874
Jackass_Butte,0725,491,679,43.04910177835457,-118.84248932950763,0.932258665561676
Jackass_Butte,0725,650,635,43.00621044924391,-118.85873006928006,0.6355161070823669
Jackass_Butte,0725,463,619,43.05665496838663,-118.86463579283367,0.7928072214126587
Jackass_Butte,0725,328,567,43.09307213461266,-118.88382939438291,0.9284867644309998
Jackass_Butte,0725,555,374,43.03183734399556,-118.95506718474836,0.8433346152305603
Jackass_Butte,0725,555,703,43.03183734399556,-118.8336307441772,0.7116300463676453
Jackass_Butte,0725,379,585,43.079314538482826,-118.87718545538509,0.9906017184257507
Jackass_Butte,0725,543,686,43.03507442543788,-118.83990557545292,0.9650264978408813
Jackass_Butte,0725,550,679,43.03318612792986,-118.84248932950763,0.9786702990531921
Jackass_Butte,0725,678,570,42.998657259211846,-118.8827220712166,0.8859880566596985
Jackass_Butte,0725,680,564,42.998117745638126,-118.88493671754921,0.9361330270767212
Jackass_Butte,0725,444,630,43.06178034733696,-118.86057560789057,0.6664089560508728
Jackass_Butte,0725,693,538,42.994610907408955,-118.89453351832383,0.7588803768157959
Jackass_Butte,0725,393,442,43.0755379434668,-118.9299678596455,0.6215142607688904
Jackass_Butte,0725,512,653,43.043436885830516,-118.85208613028225,0.8501917123794556
Jackass_Butte,0725,408,632,43.0714915916639,-118.85983739244637,0.6510568857192993
Jackass_Butte,0725,636,599,43.009987044259944,-118.87201794727568,0.9355513453483582
Jackass_Butte,0725,546,373,43.0342651550773,-118.95543629247047,0.8890253305435181
Jackass_Butte,0725,505,358,43.045325183338534,-118.96097290830197,0.8521720767021179
Jackass_Butte,0725,686,545,42.99649920491697,-118.89194976426913,0.8804815411567688
Jackass_Butte,0725,369,617,43.08201210635142,-118.86537400827787,0.7918502688407898
Jackass_Butte,0725,418,660,43.068794023795306,-118.84950237622753,0.5538030862808228
Jackass_Butte,0725,551,693,43.032916371142996,-118.8373218213982,0.948149561882019
Jackass_Butte,0725,379,566,43.079314538482826,-118.88419850210501,0.9925753474235535
Jackass_Butte,0725,339,570,43.090104809957204,-118.8827220712166,0.9278078675270081
Jackass_Butte,0725,620,613,43.01430315284969,-118.86685043916627,0.6517707109451294
Jackass_Butte,0725,628,612,43.01214509855482,-118.86721954688838,0.6011163592338562
Jackass_Butte,0725,547,447,43.033995398290436,-118.928122321035,0.9660897254943848
Jackass_Butte,0725,637,618,43.00971728747309,-118.86500490055577,0.5663684010505676
Jackass_Butte,0725,540,630,43.035883695798454,-118.86057560789057,0.9461149573326111
Jackass_Butte,0725,499,672,43.046943724059695,-118.84507308356233,0.898841381072998
Jackass_Butte,0725,561,691,43.0302188032744,-118.8380600368424,0.9690731763839722
Jackass_Butte,0725,482,360,43.0515295894363,-118.96023469285777,0.5050314664840698
Jackass_Butte,0725,653,526,43.00540117888333,-118.89896281098905,0.843281090259552
Jackass_Butte,0725,530,355,43.03858126366705,-118.96208023146828,0.8820204138755798
Jackass_Butte,0725,688,574,42.99595969134325,-118.8812456403282,0.8696869015693665
Jackass_Butte,0725,547,389,43.033995398290436,-118.94953056891686,0.8974280953407288
Jackass_Butte,0725,433,420,43.064747671992414,-118.93808822953173,0.7049468755722046
Jackass_Butte,0725,298,538,43.101164838218445,-118.89453351832383,0.8674264550209045
Jackass_Butte,0725,673,593,43.00000604314614,-118.87423259360828,0.9510800838470459
Jackass_Butte,0725,539,689,43.03615345258531,-118.83879825228661,0.9468177556991577
Jackass_Butte,0725,665,519,43.00216409744102,-118.90154656504374,0.7189149856567383
Jackass_Butte,0725,560,447,43.030488560061265,-118.928122321035,0.9483954906463623
Jackass_Butte,0725,568,629,43.02833050576639,-118.86094471561266,0.8784742951393127
Jackass_Butte,0725,709,582,42.9902947988192,-118.8782927785514,0.5983627438545227
Jackass_Butte,0725,400,607,43.07364964595878,-118.86906508549887,0.9902113080024719
Jackass_Butte,0725,352,541,43.08659797172803,-118.89342619515753,0.9557529091835022
Jackass_Butte,0725,407,615,43.071761348450764,-118.86611222372207,0.9192835688591003
Jackass_Butte,0725,500,695,43.04667396727283,-118.836583605954,0.7615544199943542
Jackass_Butte,0725,695,543,42.994071393835235,-118.89268797971333,0.843281090259552
Jackass_Butte,0725,530,679,43.03858126366705,-118.84248932950763,0.9339340925216675
Jackass_Butte,0725,566,389,43.028870019340104,-118.94953056891686,0.8284253478050232
Jackass_Butte,0725,647,606,43.00701971960449,-118.86943419322098,0.8030838966369629
Jackass_Butte,0725,469,390,43.05503642766548,-118.94916146119475,0.8547682166099548
Jackass_Butte,0725,688,613,42.99595969134325,-118.86685043916627,0.6013107895851135
Jackass_Butte,0725,490,687,43.049371535141425,-118.83953646773081,0.9114540219306946
Jackass_Butte,0725,667,513,43.0016245838673,-118.90376121137635,0.7369362711906433
Jackass_Butte,0725,549,674,43.033455884716716,-118.84433486811812,0.8629873394966125
Jackass_Butte,0725,654,600,43.005131422096476,-118.87164883955359,0.8275092244148254
Jackass_Butte,0725,374,583,43.080663322417124,-118.8779236708293,0.9829273819923401
Jackass_Butte,0725,647,632,43.00701971960449,-118.85983739244637,0.5859849452972412
Jackass_Butte,0725,359,578,43.084709674220015,-118.8797692094398,0.8729540705680847
Jackass_Butte,0725,372,469,43.081202835990844,-118.92000195114879,0.7848659753799438
Jackass_Butte,0725,395,647,43.07499842989308,-118.85430077661485,0.5560757517814636
Jackass_Butte,0725,327,547,43.09334189139952,-118.89121154882493,0.7537014484405518
Jackass_Butte,0725,506,681,43.04505542655168,-118.84175111406343,0.9298821091651917
Jackass_Butte,0725,570,412,43.02779099219267,-118.94104109130853,0.9324468374252319
Jackass_Butte,0725,372,459,43.081202835990844,-118.9236930283698,0.6472371816635132
Jackass_Butte,0725,456,627,43.05854326589465,-118.86168293105686,0.5830795168876648
Jackass_Butte,0725,556,665,43.0315675872087,-118.84765683761704,0.940077543258667
Jackass_Butte,0725,403,631,43.072840375598204,-118.86020650016846,0.6448575258255005
Jackass_Butte,0725,346,539,43.08821651244919,-118.89416441060173,0.9449512958526611
Jackass_Butte,0725,367,641,43.08255161992514,-118.85651542294745,0.9228657484054565
Jackass_Butte,0725,544,360,43.03480466865101,-118.96023469285777,0.7171752452850342
Jackass_Butte,0725,344,612,43.08875602602291,-118.86721954688838,0.9155420660972595
Jackass_Butte,0725,348,590,43.08767699887547,-118.87533991677459,0.8900430798530579
Jackass_Butte,0725,355,560,43.085788701367456,-118.88641314843761,0.6551477313041687
Jackass_Butte,0725,355,589,43.085788701367456,-118.87570902449669,0.7795098423957825
Jackass_Butte,0725,558,701,43.031028073634985,-118.8343689596214,0.8854960799217224
Jackass_Butte,0725,695,539,42.994071393835235,-118.89416441060173,0.6833050847053528
Jackass_Butte,0725,495,685,43.04802275120713,-118.84027468317501,0.8897032141685486
Jackass_Butte,0725,380,637,43.07904478169597,-118.85799185383586,0.8935602307319641
Jackass_Butte,0725,504,687,43.0455949401254,-118.83953646773081,0.8652709722518921
Jackass_Butte,0725,545,710,43.03453491186416,-118.8310469901225,0.5527828335762024
Jackass_Butte,0725,481,389,43.05179934622316,-118.94953056891686,0.9062698483467102
Jackass_Butte,0725,550,631,43.03318612792986,-118.86020650016846,0.910323977470398
Jackass_Butte,0725,468,650,43.055306184452334,-118.85319345344854,0.9262545108795166
Jackass_Butte,0725,330,498,43.09253262103894,-118.90929782720787,0.5917079448699951
Jackass_Butte,0725,356,487,43.0855189445806,-118.91335801215098,0.7373101115226746
Jackass_Butte,0725,640,624,43.0089080171125,-118.86279025422317,0.59310382604599
Jackass_Butte,0725,383,595,43.07823551133539,-118.87349437816408,0.9871904253959656
Jackass_Butte,0725,544,626,43.03480466865101,-118.86205203877897,0.9430797100067139
Jackass_Butte,0725,654,585,43.005131422096476,-118.87718545538509,0.9378636479377747
Jackass_Butte,0725,405,625,43.072300862024484,-118.86242114650106,0.7318089008331299
Jackass_Butte,0725,387,445,43.07715648418795,-118.9288605364792,0.5092847943305969
Jackass_Butte,0725,401,619,43.07337988917192,-118.86463579283367,0.771784245967865
Jackass_Butte,0725,533,678,43.03777199330647,-118.84285843722972,0.9299371838569641
Jackass_Butte,0725,320,523,43.095230188907536,-118.90007013415534,0.6986472010612488
Jackass_Butte,0725,325,562,43.09388140497324,-118.88567493299341,0.9315547943115234
Jackass_Butte,0725,366,464,43.082821376712005,-118.92184748975929,0.5163096189498901
Jackass_Butte,0725,396,575,43.074728673106215,-118.88087653260611,0.9876159429550171
Jackass_Butte,0725,687,542,42.99622944813011,-118.89305708743542,0.8512564897537231
Jackass_Butte,0725,339,541,43.090104809957204,-118.89342619515753,0.8804791569709778
Jackass_Butte,0725,461,642,43.05719448196035,-118.85614631522535,0.8891614675521851
Jackass_Butte,0725,362,555,43.08390040385944,-118.88825868704812,0.8870106935501099
Jackass_Butte,0725,601,610,43.019428531800024,-118.86795776233258,0.8672512769699097
Jackass_Butte,0725,358,546,43.08497943100688,-118.89158065654702,0.9465510249137878
Jackass_Butte,0725,657,524,43.00432215173589,-118.89970102643325,0.7992619276046753
Jackass_Butte,0725,685,522,42.99676896170383,-118.90043924187745,0.7291051149368286
Jackass_Butte,0725,638,593,43.009447530686224,-118.87423259360828,0.9258765578269958
Jackass_Butte,0725,685,538,42.99676896170383,-118.89453351832383,0.8496215343475342
Jackass_Butte,0725,337,601,43.090644323530924,-118.87127973183148,0.919119656085968
Jackass_Butte,0725,312,529,43.09738824320241,-118.89785548782274,0.5233134031295776
Jackass_Butte,0725,347,537,43.08794675566233,-118.89490262604593,0.9499598741531372
Jackass_Butte,0725,417,582,43.06906378058217,-118.8782927785514,0.9528465270996094
Jackass_Butte,0725,553,456,43.03237685756928,-118.92480035153609,0.9734676480293274
Jackass_Butte,0725,364,587,43.08336089028572,-118.87644723994089,0.9739969968795776
Jackass_Butte,0725,612,605,43.01646120714457,-118.86980330094308,0.8788187503814697
Jackass_Butte,0725,347,566,43.08794675566233,-118.88419850210501,0.8644789457321167
Jackass_Butte,0725,371,609,43.0814725927777,-118.86832687005467,0.7785071134567261
Jackass_Butte,0725,475,622,43.05341788694432,-118.86352846966737,0.8791524767875671
Jackass_Butte,0725,593,476,43.0215865860949,-118.91741819709408,0.8721988201141357
Jackass_Butte,0725,364,567,43.08336089028572,-118.88382939438291,0.9402835369110107
Jackass_Butte,0725,411,619,43.07068232130332,-118.86463579283367,0.8189454078674316
Jackass_Butte,0725,384,571,43.07796575454853,-118.88235296349451,0.9917317032814026
Jackass_Butte,0725,447,639,43.06097107697639,-118.85725363839165,0.6302078366279602
Jackass_Butte,0725,389,625,43.07661697061423,-118.86242114650106,0.6986215710639954
Jackass_Butte,0725,342,524,43.08929553959663,-118.89970102643325,0.9397044777870178
Jackass_Butte,0725,576,469,43.02617245147151,-118.92000195114879,0.9062477946281433
Jackass_Butte,0725,327,576,43.09334189139952,-118.880507424884,0.9083558917045593
Jackass_Butte,0725,325,544,43.09388140497324,-118.89231887199122,0.7029309868812561
Jackass_Butte,0725,469,383,43.05503642766548,-118.95174521524946,0.6808937191963196
Jackass_Butte,0725,577,444,43.02590269468465,-118.9292296442013,0.8746297359466553
Jackass_Butte,0725,355,614,43.085788701367456,-118.86648133144418,0.9031809568405151
Jackass_Butte,0725,581,437,43.02482366753721,-118.93181339825601,0.8400610089302063
Jackass_Butte,0725,345,531,43.08848626923605,-118.89711727237854,0.9621893763542175
Jackass_Butte,0725,535,365,43.03723247973275,-118.95838915424727,0.9054347276687622
Jackass_Butte,0725,379,574,43.079314538482826,-118.8812456403282,0.9969750046730042
Jackass_Butte,0725,322,592,43.094690675333815,-118.87460170133039,0.919462263584137
Jackass_Butte,0725,295,529,43.10197410857902,-118.89785548782274,0.6640757322311401
Jackass_Butte,0725,566,392,43.028870019340104,-118.94842324575055,0.8436312675476074
Jackass_Butte,0725,459,630,43.05773399553407,-118.86057560789057,0.6823531985282898
Jackass_Butte,0725,393,623,43.0755379434668,-118.86315936194526,0.6412044763565063
Jackass_Butte,0725,543,644,43.03507442543788,-118.85540809978114,0.9734484553337097
Jackass_Butte,0725,482,636,43.0515295894363,-118.85836096155795,0.810565173625946
Jackass_Butte,0725,643,517,43.00809874675193,-118.90228478048795,0.8433465361595154
Jackass_Butte,0725,574,617,43.02671196504523,-118.86537400827787,0.9343233108520508
Jackass_Butte,0725,656,595,43.004591908522755,-118.87349437816408,0.9162838459014893
Jackass_Butte,0725,457,662,43.05827350910779,-118.84876416078333,0.8309608101844788
Jackass_Butte,0725,549,450,43.033455884716716,-118.9270149978687,0.9717882871627808
Jackass_Butte,0725,650,574,43.00621044924391,-118.8812456403282,0.9776074886322021
Jackass_Butte,0725,352,557,43.08659797172803,-118.88752047160392,0.7236307859420776
Jackass_Butte,0725,477,627,43.052878373370596,-118.86168293105686,0.8815464973449707
Jackass_Butte,0725,560,704,43.030488560061265,-118.8332616364551,0.8228491544723511
Jackass_Butte,0725,322,544,43.094690675333815,-118.89231887199122,0.6022739410400391
Jackass_Butte,0725,359,477,43.084709674220015,-118.91704908937199,0.7014771103858948
Jackass_Butte,0725,335,508,43.091183837104644,-118.90560674998686,0.7595200538635254
Jackass_Butte,0725,537,695,43.03669296615903,-118.836583605954,0.8519307971000671
Jackass_Butte,0725,405,619,43.072300862024484,-118.86463579283367,0.7633358240127563
Jackass_Butte,0725,646,515,43.00728947639135,-118.90302299593215,0.812071681022644
Jackass_Butte,0725,487,345,43.050180805502,-118.96577130868928,0.5010225772857666
Jackass_Butte,0725,566,395,43.028870019340104,-118.94731592258424,0.8591868281364441
Jackass_Butte,0725,570,454,43.02779099219267,-118.9255385669803,0.9455998539924622
Jackass_Butte,0725,481,683,43.05179934622316,-118.84101289861921,0.9272236227989197
Jackass_Butte,0725,658,522,43.004052394949035,-118.90043924187745,0.770159125328064
Jackass_Butte,0725,472,651,43.0542271573049,-118.85282434572645,0.911758542060852
Jackass_Butte,0725,397,618,43.07445891631936,-118.86500490055577,0.7036240100860596
Jackass_Butte,0725,605,489,43.01834950465259,-118.91261979670676,0.8546944856643677
Jackass_Butte,0725,653,637,43.00540117888333,-118.85799185383586,0.6530079245567322
Jackass_Butte,0725,477,371,43.052878373370596,-118.95617450791467,0.5822352170944214
Jackass_Butte,0725,348,549,43.08767699887547,-118.89047333338073,0.8692412972450256
Jackass_Butte,0725,443,669,43.06205010412382,-118.84618040672864,0.6867815256118774
Jackass_Butte,0725,449,668,43.060431563402666,-118.84654951445073,0.7784120440483093
Jackass_Butte,0725,693,529,42.994610907408955,-118.89785548782274,0.6080673336982727
Jackass_Butte,0725,499,657,43.046943724059695,-118.85060969939384,0.7251863479614258
Jackass_Butte,0725,337,494,43.090644323530924,-118.91077425809627,0.5069672465324402
Jackass_Butte,0725,550,690,43.03318612792986,-118.83842914456451,0.9774513244628906
Jackass_Butte,0725,327,564,43.09334189139952,-118.88493671754921,0.9455990791320801
Jackass_Butte,0725,508,653,43.04451591297796,-118.85208613028225,0.7795769572257996
Jackass_Butte,0725,319,559,43.0954999456944,-118.88678225615972,0.8412973284721375
Jackass_Butte,0725,379,644,43.079314538482826,-118.85540809978114,0.9258502721786499
Jackass_Butte,0725,527,676,43.039390534027625,-118.84359665267392,0.8823367357254028
Jackass_Butte,0725,474,391,43.05368764373118,-118.94879235347264,0.8791204690933228
Jackass_Butte,0725,345,611,43.08848626923605,-118.86758865461047,0.912021815776825
Jackass_Butte,0725,477,368,43.052878373370596,-118.95728183108096,0.6002612709999084
Jackass_Butte,0725,671,625,43.000545556719864,-118.86242114650106,0.6842644810676575
Jackass_Butte,0725,546,682,43.0342651550773,-118.84138200634132,0.9712309241294861
Jackass_Butte,0725,567,656,43.02860026255325,-118.85097880711594,0.9298665523529053
Jackass_Butte,0725,500,355,43.04667396727283,-118.96208023146828,0.8063088059425354
Jackass_Butte,0725,326,572,43.09361164818638,-118.8819838557724,0.9093154072761536
Jackass_Butte,0725,336,507,43.09091408031779,-118.90597585770895,0.7545069456100464
Jackass_Butte,0725,417,628,43.06906378058217,-118.86131382333477,0.7340883612632751
Jackass_Butte,0725,375,567,43.08039356563027,-118.88382939438291,0.966796338558197
Jackass_Butte,0725,361,562,43.0841701606463,-118.88567493299341,0.6923347115516663
Jackass_Butte,0725,561,677,43.0302188032744,-118.84322754495183,0.7871427536010742
Jackass_Butte,0725,693,525,42.994610907408955,-118.89933191871114,0.5252593755722046
Jackass_Butte,0725,497,651,43.04748323763341,-118.85282434572645,0.5922799110412598
Jackass_Butte,0725,547,700,43.033995398290436,-118.83473806734351,0.8151458501815796
Jackass_Butte,0725,560,641,43.030488560061265,-118.85651542294745,0.9343663454055786
Jackass_Butte,0725,392,620,43.075807700253655,-118.86426668511157,0.6471608281135559
Jackass_Butte,0725,582,418,43.024553910750356,-118.93882644497593,0.879772424697876
Jackass_Butte,0725,507,358,43.04478566976481,-118.96097290830197,0.8508060574531555
Jackass_Butte,0725,481,376,43.05179934622316,-118.95432896930416,0.8509745001792908
Jackass_Butte,0725,345,486,43.08848626923605,-118.91372711987307,0.5480329990386963
Jackass_Butte,0725,308,549,43.09846727034985,-118.89047333338073,0.5418729186058044
Jackass_Butte,0725,416,612,43.069333537369026,-118.86721954688838,0.9212834239006042
Jackass_Butte,0725,380,561,43.07904478169597,-118.88604404071552,0.9761839509010315
Jackass_Butte,0725,671,508,43.000545556719864,-118.90560674998686,0.6628134846687317
Jackass_Butte,0725,398,588,43.0741891595325,-118.8760781322188,0.987047553062439
Jackass_Butte,0725,538,695,43.036423209372174,-118.836583605954,0.8556514978408813
Jackass_Butte,0725,559,376,43.03075831684812,-118.95432896930416,0.7745160460472107
Jackass_Butte,0725,580,473,43.025093424324076,-118.91852552026039,0.8887243270874023
Jackass_Butte,0725,331,575,43.092262864252085,-118.88087653260611,0.8916912078857422
Jackass_Butte,0725,394,572,43.075268186679935,-118.8819838557724,0.9906387329101562
Jackass_Butte,0725,665,615,43.00216409744102,-118.86611222372207,0.8778294324874878
Jackass_Butte,0725,561,670,43.0302188032744,-118.84581129900653,0.880685567855835
Jackass_Butte,0725,695,593,42.994071393835235,-118.87423259360828,0.8966254591941833
Jackass_Butte,0725,623,607,43.013493882489115,-118.86906508549887,0.9137085676193237
Jackass_Butte,0725,675,577,42.99946652957242,-118.88013831716191,0.9108460545539856
Jackass_Butte,0725,461,657,43.05719448196035,-118.85060969939384,0.7725486755371094
Jackass_Butte,0725,372,619,43.081202835990844,-118.86463579283367,0.6916678547859192
Jackass_Butte,0725,310,560,43.09792775677613,-118.88641314843761,0.8925075531005859
Jackass_Butte,0725,331,516,43.092262864252085,-118.90265388821005,0.8155531287193298
Jackass_Butte,0725,615,487,43.015651936783996,-118.91335801215098,0.566676139831543
Jackass_Butte,0725,646,529,43.00728947639135,-118.89785548782274,0.8517246842384338
Jackass_Butte,0725,567,648,43.02860026255325,-118.85393166889274,0.9321722984313965
Jackass_Butte,0725,562,438,43.029949046487545,-118.93144429053392,0.9214996099472046
Jackass_Butte,0725,361,628,43.0841701606463,-118.86131382333477,0.9116960763931274
Jackass_Butte,0725,466,641,43.055845698026054,-118.85651542294745,0.9630608558654785
Jackass_Butte,0725,689,539,42.99568993455639,-118.89416441060173,0.8444686532020569
Jackass_Butte,0725,377,587,43.07985405205655,-118.87644723994089,0.9911209344863892
Jackass_Butte,0725,555,384,43.03183734399556,-118.95137610752735,0.8688639402389526
Jackass_Butte,0725,475,400,43.05341788694432,-118.94547038397374,0.8849277496337891
Jackass_Butte,0725,348,587,43.08767699887547,-118.87644723994089,0.8926507830619812
Jackass_Butte,0725,345,634,43.08848626923605,-118.85909917700215,0.9309076070785522
Jackass_Butte,0725,301,550,43.10035556785787,-118.89010422565862,0.8795894980430603
Jackass_Butte,0725,474,670,43.05368764373118,-118.84581129900653,0.885449230670929
Jackass_Butte,0725,344,533,43.08875602602291,-118.89637905693434,0.9613634347915649
Jackass_Butte,0725,678,532,42.998657259211846,-118.89674816465644,0.8661109209060669
Jackass_Butte,0725,555,693,43.03183734399556,-118.8373218213982,0.959929883480072
Jackass_Butte,0725,339,617,43.090104809957204,-118.86537400827787,0.9123601913452148
Jackass_Butte,0725,384,582,43.07796575454853,-118.8782927785514,0.9943834543228149
Jackass_Butte,0725,677,575,42.9989270159987,-118.88087653260611,0.8846186995506287
Jackass_Butte,0725,360,627,43.08443991743316,-118.86168293105686,0.9130083322525024
Jackass_Butte,0725,626,610,43.01268461212854,-118.86795776233258,0.8460661172866821
Jackass_Butte,0725,516,680,43.04235785868308,-118.84212022178552,0.9029334783554077
Jackass_Butte,0725,503,359,43.045864696912254,-118.96060380057988,0.859420657157898
Jackass_Butte,0725,582,456,43.024553910750356,-118.92480035153609,0.8917602896690369
Jackass_Butte,0725,360,614,43.08443991743316,-118.86648133144418,0.8933648467063904
Jackass_Butte,0725,432,422,43.06501742877928,-118.93735001408753,0.7708742022514343
Jackass_Butte,0725,529,676,43.038851020453905,-118.84359665267392,0.8106192946434021
Jackass_Butte,0725,334,508,43.09145359389151,-118.90560674998686,0.7641605734825134
Jackass_Butte,0725,392,648,43.075807700253655,-118.85393166889274,0.7569370269775391
Jackass_Butte,0725,325,586,43.09388140497324,-118.876816347663,0.919462263584137
Jackass_Butte,0725,539,696,43.03615345258531,-118.83621449823191,0.850532591342926
Jackass_Butte,0725,554,382,43.03210710078242,-118.95211432297155,0.8742790818214417
Jackass_Butte,0725,383,562,43.07823551133539,-118.88567493299341,0.9815411567687988
Jackass_Butte,0725,511,350,43.04370664261738,-118.96392577007877,0.7486032247543335
Jackass_Butte,0725,703,589,42.99191333954036,-118.87570902449669,0.8539451956748962
Jackass_Butte,0725,380,559,43.07904478169597,-118.88678225615972,0.9759942293167114
Jackass_Butte,0725,369,563,43.08201210635142,-118.88530582527132,0.8573687672615051
Jackass_Butte,0725,665,616,43.00216409744102,-118.86574311599998,0.8291674256324768
Jackass_Butte,0725,375,455,43.08039356563027,-118.9251694592582,0.6590936183929443
Jackass_Butte,0725,560,675,43.030488560061265,-118.84396576039603,0.8736865520477295
Jackass_Butte,0725,542,693,43.03534418222473,-118.8373218213982,0.8977004289627075
Jackass_Butte,0725,544,671,43.03480466865101,-118.84544219128443,0.8786336779594421
Jackass_Butte,0725,549,373,43.033455884716716,-118.95543629247047,0.8665329217910767
Jackass_Butte,0725,636,626,43.009987044259944,-118.86205203877897,0.6172170639038086
Jackass_Butte,0725,560,630,43.030488560061265,-118.86057560789057,0.9243963956832886
Jackass_Butte,0725,407,633,43.071761348450764,-118.85946828472426,0.6272283792495728
Jackass_Butte,0725,381,611,43.078775024909106,-118.86758865461047,0.9044281244277954
Jackass_Butte,0725,505,700,43.045325183338534,-118.83473806734351,0.7587646842002869
Jackass_Butte,0725,472,397,43.0542271573049,-118.94657770714004,0.8901364207267761
Jackass_Butte,0725,665,596,43.00216409744102,-118.87312527044199,0.8903002142906189
Jackass_Butte,0725,573,624,43.026981721832094,-118.86279025422317,0.8960019946098328
Jackass_Butte,0725,551,627,43.032916371142996,-118.86168293105686,0.9349433183670044
Jackass_Butte,0725,475,682,43.05341788694432,-118.84138200634132,0.9190822839736938
Jackass_Butte,0725,452,402,43.05962229304209,-118.94473216852954,0.6857465505599976
Jackass_Butte,0725,376,652,43.0801238088434,-118.85245523800434,0.9252473711967468
Jackass_Butte,0725,380,611,43.07904478169597,-118.86758865461047,0.8874325752258301
Jackass_Butte,0725,573,401,43.026981721832094,-118.94510127625163,0.8442582488059998
Jackass_Butte,0725,318,543,43.095769702481256,-118.89268797971333,0.5806127786636353
Jackass_Butte,0725,572,665,43.02725147861895,-118.84765683761704,0.9715111255645752
Jackass_Butte,0725,483,379,43.05125983264944,-118.95322164613786,0.8638409376144409
Jackass_Butte,0725,687,572,42.99622944813011,-118.8819838557724,0.88339763879776
Jackass_Butte,0725,387,652,43.07715648418795,-118.85245523800434,0.9126290082931519
Jackass_Butte,0725,594,612,43.02131682930804,-118.86721954688838,0.8703073263168335
Jackass_Butte,0725,437,633,43.06366864484498,-118.85946828472426,0.5150197744369507
Jackass_Butte,0725,571,696,43.02752123540581,-118.83621449823191,0.9511253833770752
Jackass_Butte,0725,565,688,43.02913977612697,-118.83916736000872,0.9910969138145447
Jackass_Butte,0725,561,709,43.0302188032744,-118.8314160978446,0.7671248912811279
Jackass_Butte,0725,560,707,43.030488560061265,-118.8321543132888,0.7613075971603394
Jackass_Butte,0725,392,583,43.075807700253655,-118.8779236708293,0.9819621443748474
Jackass_Butte,0725,566,449,43.028870019340104,-118.9273841055908,0.9279112815856934
Jackass_Butte,0725,573,646,43.026981721832094,-118.85466988433694,0.8093910217285156
Jackass_Butte,0725,415,582,43.06960329415589,-118.8782927785514,0.9535019993782043
Jackass_Butte,0725,337,610,43.090644323530924,-118.86795776233258,0.91737300157547
Jackass_Butte,0725,685,579,42.99676896170383,-118.8794001017177,0.8521106243133545
Jackass_Butte,0725,353,597,43.086328214941176,-118.87275616271988,0.8728467226028442
Jackass_Butte,0725,571,615,43.02752123540581,-118.86611222372207,0.9436728358268738
Jackass_Butte,0725,498,681,43.04721348084655,-118.84175111406343,0.9206451773643494
Jackass_Butte,0725,549,662,43.033455884716716,-118.84876416078333,0.9710713624954224
Jackass_Butte,0725,621,604,43.014033396062835,-118.87017240866518,0.9114434719085693
Jackass_Butte,0725,320,541,43.095230188907536,-118.89342619515753,0.5260979533195496
Jackass_Butte,0725,556,461,43.0315675872087,-118.9229548129256,0.9607152342796326
Jackass_Butte,0725,353,574,43.086328214941176,-118.8812456403282,0.8579349517822266
Jackass_Butte,0725,551,363,43.032916371142996,-118.95912736969147,0.5446431636810303
Jackass_Butte,0725,491,665,43.04910177835457,-118.84765683761704,0.8821591138839722
Jackass_Butte,0725,319,519,43.0954999456944,-118.90154656504374,0.5378029942512512
Jackass_Butte,0725,659,574,43.00378263816218,-118.8812456403282,0.9721825122833252
Jackass_Butte,0725,347,552,43.08794675566233,-118.88936601021442,0.837410032749176
Jackass_Butte,0725,530,353,43.03858126366705,-118.96281844691248,0.7752436995506287
Jackass_Butte,0725,533,675,43.03777199330647,-118.84396576039603,0.7573208808898926
Jackass_Butte,0725,575,690,43.02644220825837,-118.83842914456451,0.9346676468849182
Jackass_Butte,0725,572,402,43.02725147861895,-118.94473216852954,0.8495427370071411
Jackass_Butte,0725,642,524,43.00836850353879,-118.89970102643325,0.847402811050415
Jackass_Butte,0725,629,626,43.01187534176796,-118.86205203877897,0.515913188457489
Jackass_Butte,0725,320,563,43.095230188907536,-118.88530582527132,0.8782563805580139
Jackass_Butte,0725,492,359,43.048832021567705,-118.96060380057988,0.7455775737762451
Jackass_Butte,0725,584,411,43.024014397176636,-118.94141019903063,0.8398213982582092
Jackass_Butte,0725,400,644,43.07364964595878,-118.85540809978114,0.508764386177063
Jackass_Butte,0725,307,556,43.09873702713671,-118.88788957932601,0.899176836013794
Jackass_Butte,0725,539,667,43.03615345258531,-118.84691862217284,0.6013969779014587
Jackass_Butte,0725,659,507,43.00378263816218,-118.90597585770895,0.5343365669250488
Jackass_Butte,0725,575,453,43.02644220825837,-118.9259076747024,0.930530309677124
Jackass_Butte,0725,651,519,43.00594069245705,-118.90154656504374,0.7838383913040161
Jackass_Butte,0725,382,586,43.07850526812225,-118.876816347663,0.9905939698219299
Jackass_Butte,0725,370,635,43.081742349564564,-118.85873006928006,0.9265758991241455
Jackass_Butte,0725,568,446,43.02833050576639,-118.9284914287571,0.8883070945739746
Jackass_Butte,0725,330,554,43.09253262103894,-118.88862779477022,0.8663385510444641
Jackass_Butte,0725,511,684,43.04370664261738,-118.84064379089712,0.9412021040916443
Jackass_Butte,0725,384,630,43.07796575454853,-118.86057560789057,0.7695708274841309
Jackass_Butte,0725,386,633,43.07742624097481,-118.85946828472426,0.6709566712379456
Jackass_Butte,0725,362,635,43.08390040385944,-118.85873006928006,0.9325597286224365
Jackass_Butte,0725,597,477,43.020507558947465,-118.91704908937199,0.8377441167831421
Jackass_Butte,0725,312,552,43.09738824320241,-118.88936601021442,0.5786775946617126
Jackass_Butte,0725,460,401,43.05746423874721,-118.94510127625163,0.843281090259552
Jackass_Butte,0725,695,530,42.994071393835235,-118.89748638010064,0.5278734564781189
Jackass_Butte,0725,356,634,43.0855189445806,-118.85909917700215,0.9202962517738342
Jackass_Butte,0725,440,626,43.062859374484404,-118.86205203877897,0.7627052068710327
Jackass_Butte,0725,481,614,43.05179934622316,-118.86648133144418,0.9086146354675293
Jackass_Butte,0725,511,656,43.04370664261738,-118.85097880711594,0.8079366087913513
Jackass_Butte,0725,372,590,43.081202835990844,-118.87533991677459,0.9875061511993408
Jackass_Butte,0725,552,377,43.03264661435614,-118.95395986158206,0.8743466734886169
Jackass_Butte,0725,384,656,43.07796575454853,-118.85097880711594,0.9244153499603271
Jackass_Butte,0725,548,445,43.03372564150358,-118.9288605364792,0.9679722785949707
Jackass_Butte,0725,580,425,43.025093424324076,-118.93624269092122,0.9049767851829529
Jackass_Butte,0725,497,658,43.04748323763341,-118.85024059167174,0.7647021412849426
Jackass_Butte,0725,507,665,43.04478566976481,-118.84765683761704,0.791266918182373
Jackass_Butte,0725,352,595,43.08659797172803,-118.87349437816408,0.8982313871383667
Jackass_Butte,0725,351,574,43.086867728514896,-118.8812456403282,0.8903645873069763
Jackass_Butte,0725,463,664,43.05665496838663,-118.84802594533913,0.8864072561264038
Jackass_Butte,0725,464,618,43.056385211599775,-118.86500490055577,0.8362486362457275
Jackass_Butte,0725,569,435,43.02806074897953,-118.93255161370021,0.8805908560752869
Jackass_Butte,0725,560,678,43.030488560061265,-118.84285843722972,0.9152888655662537
Jackass_Butte,0725,703,578,42.99191333954036,-118.8797692094398,0.817376434803009
Jackass_Butte,0725,562,693,43.029949046487545,-118.8373218213982,0.9544239640235901
Jackass_Butte,0725,658,609,43.004052394949035,-118.86832687005467,0.9407378435134888
Jackass_Butte,0725,689,565,42.99568993455639,-118.88456760982712,0.9234417080879211
Jackass_Butte,0725,624,608,43.01322412570226,-118.86869597777678,0.9028013348579407
Jackass_Butte,0725,319,555,43.0954999456944,-118.88825868704812,0.797095537185669
Jackass_Butte,0725,569,452,43.02806074897953,-118.9262767824245,0.9311355948448181
Jackass_Butte,0725,400,619,43.07364964595878,-118.86463579283367,0.7265806794166565
Jackass_Butte,0725,313,553,43.09711848641555,-118.88899690249232,0.7625648975372314
Jackass_Butte,0725,470,674,43.054766670878614,-118.84433486811812,0.9076479077339172
Jackass_Butte,0725,368,636,43.082281863138284,-118.85836096155795,0.9300709366798401
Jackass_Butte,0725,470,402,43.054766670878614,-118.94473216852954,0.8775339126586914
Jackass_Butte,0725,652,517,43.005670935670196,-118.90228478048795,0.7717910408973694
Jackass_Butte,0725,629,511,43.01187534176796,-118.90449942682055,0.8528460264205933
Jackass_Butte,0725,376,465,43.0801238088434,-118.9214783820372,0.8355594873428345
Jackass_Butte,0725,365,472,43.08309113349886,-118.91889462798248,0.6718137860298157
Jackass_Butte,0725,685,560,42.99676896170383,-118.88641314843761,0.9488617777824402
Jackass_Butte,0725,643,597,43.00809874675193,-118.87275616271988,0.9284346699714661
Jackass_Butte,0725,584,427,43.024014397176636,-118.93550447547702,0.9061443209648132
Jackass_Butte,0725,566,681,43.028870019340104,-118.84175111406343,0.9963224530220032
Jackass_Butte,0725,590,476,43.02239585645548,-118.91741819709408,0.864886462688446
Jackass_Butte,0725,483,667,43.05125983264944,-118.84691862217284,0.8943442702293396
Jackass_Butte,0725,574,682,43.02671196504523,-118.84138200634132,0.9531036019325256
Jackass_Butte,0725,350,615,43.08713748530175,-118.86611222372207,0.9217802286148071
Jackass_Butte,0725,655,620,43.00486166530961,-118.86426668511157,0.8533631563186646
Jackass_Butte,0725,332,567,43.09199310746522,-118.88382939438291,0.9361007213592529
Jackass_Butte,0725,442,670,43.062319860910684,-118.84581129900653,0.7930173873901367
Jackass_Butte,0725,467,388,43.0555759412392,-118.94989967663895,0.798636794090271
Jackass_Butte,0725,698,546,42.99326212347466,-118.89158065654702,0.8396544456481934
Jackass_Butte,0725,484,372,43.050990075862586,-118.95580540019256,0.8630611896514893
Jackass_Butte,0725,577,462,43.02590269468465,-118.92258570520349,0.8761821985244751
Jackass_Butte,0725,485,676,43.05072031907572,-118.84359665267392,0.9072409868240356
Jackass_Butte,0725,314,540,43.0968487296287,-118.89379530287962,0.5229225754737854
Jackass_Butte,0725,559,691,43.03075831684812,-118.8380600368424,0.9764819741249084
Jackass_Butte,0725,573,688,43.026981721832094,-118.83916736000872,0.9691884517669678
Jackass_Butte,0725,365,634,43.08309113349886,-118.85909917700215,0.9346331357955933
Jackass_Butte,0725,316,570,43.096309216054976,-118.8827220712166,0.9159902334213257
Jackass_Butte,0725,588,683,43.022935370029195,-118.84101289861921,0.605656087398529
Jackass_Butte,0725,640,593,43.0089080171125,-118.87423259360828,0.9185910820960999
Jackass_Butte,0725,381,647,43.078775024909106,-118.85430077661485,0.9152494072914124
Jackass_Butte,0725,580,688,43.025093424324076,-118.83916736000872,0.8736720085144043
Jackass_Butte,0725,508,695,43.04451591297796,-118.836583605954,0.540810763835907
Jackass_Butte,0725,580,684,43.025093424324076,-118.84064379089712,0.8479288816452026
Jackass_Butte,0725,344,558,43.08875602602291,-118.88715136388181,0.7868608236312866
Jackass_Butte,0725,482,674,43.0515295894363,-118.84433486811812,0.8850271701812744
Jackass_Butte,0725,490,696,43.049371535141425,-118.83621449823191,0.9172893762588501
Jackass_Butte,0725,550,365,43.03318612792986,-118.95838915424727,0.7970333099365234
Jackass_Butte,0725,450,652,43.0601618066158,-118.85245523800434,0.5500860214233398
Jackass_Butte,0725,314,549,43.0968487296287,-118.89047333338073,0.6896706819534302
Jackass_Butte,0725,449,644,43.060431563402666,-118.85540809978114,0.6939252614974976
Jackass_Butte,0725,570,429,43.02779099219267,-118.93476626003282,0.9174718856811523
Jackass_Butte,0725,612,612,43.01646120714457,-118.86721954688838,0.8571207523345947
Jackass_Butte,0725,555,455,43.03183734399556,-118.9251694592582,0.9764718413352966
Jackass_Butte,0725,490,627,43.049371535141425,-118.86168293105686,0.9031304717063904
Jackass_Butte,0725,603,492,43.018889018226304,-118.91151247354047,0.8663091659545898
Jackass_Butte,0725,558,660,43.031028073634985,-118.84950237622753,0.9381049871444702
Jackass_Butte,0725,454,618,43.05908277946837,-118.86500490055577,0.7779198884963989
Jackass_Butte,0725,348,493,43.08767699887547,-118.91114336581836,0.6196916699409485
Jackass_Butte,0725,361,623,43.0841701606463,-118.86315936194526,0.896430492401123
Jackass_Butte,0725,455,632,43.058813022681505,-118.85983739244637,0.6565907001495361
Jackass_Butte,0725,533,631,43.03777199330647,-118.86020650016846,0.9700090885162354
Jackass_Butte,0725,551,632,43.032916371142996,-118.85983739244637,0.9105105996131897
Jackass_Butte,0725,667,585,43.0016245838673,-118.87718545538509,0.9687685966491699
Jackass_Butte,0725,572,465,43.02725147861895,-118.9214783820372,0.9154588580131531
Jackass_Butte,0725,474,660,43.05368764373118,-118.84950237622753,0.9002897143363953
Jackass_Butte,0725,560,437,43.030488560061265,-118.93181339825601,0.939856231212616
Jackass_Butte,0725,378,650,43.07958429526969,-118.85319345344854,0.9273285269737244
Jackass_Butte,0725,329,589,43.092802377825805,-118.87570902449669,0.919462263584137
Jackass_Butte,0725,547,667,43.033995398290436,-118.84691862217284,0.8998240232467651
Jackass_Butte,0725,551,711,43.032916371142996,-118.8306778824004,0.545038640499115
Jackass_Butte,0725,394,645,43.075268186679935,-118.85503899205905,0.5027905702590942
Jackass_Butte,0725,428,422,43.06609645592671,-118.93735001408753,0.6495760083198547
Jackass_Butte,0725,474,389,43.05368764373118,-118.94953056891686,0.8671350479125977
Jackass_Butte,0725,385,585,43.07769599776167,-118.87718545538509,0.9863594770431519
Jackass_Butte,0725,346,530,43.08821651244919,-118.89748638010064,0.9516148567199707
Jackass_Butte,0725,387,633,43.07715648418795,-118.85946828472426,0.5876402854919434
Jackass_Butte,0725,341,566,43.08956529638349,-118.88419850210501,0.8907772898674011
Jackass_Butte,0725,409,434,43.07122183487704,-118.93292072142232,0.606917142868042
Jackass_Butte,0725,529,691,43.038851020453905,-118.8380600368424,0.8742057085037231
Jackass_Butte,0725,350,556,43.08713748530175,-118.88788957932601,0.7712594270706177
Jackass_Butte,0725,665,515,43.00216409744102,-118.90302299593215,0.7381584644317627
Jackass_Butte,0725,373,579,43.08093307920399,-118.8794001017177,0.9824121594429016
Jackass_Butte,0725,596,621,43.02077731573432,-118.86389757738947,0.6350570917129517
Jackass_Butte,0725,368,467,43.082281863138284,-118.92074016659299,0.6899014711380005
Jackass_Butte,0725,506,666,43.04505542655168,-118.84728772989493,0.7907422780990601
Jackass_Butte,0725,662,510,43.002973367801594,-118.90486853454266,0.6586617231369019
Jackass_Butte,0725,411,578,43.07068232130332,-118.8797692094398,0.9709530472755432
Jackass_Butte,0725,649,606,43.00648020603077,-118.86943419322098,0.8491742610931396
Jackass_Butte,0725,493,346,43.04856226478085,-118.96540220096718,0.5130869150161743
Jackass_Butte,0725,654,584,43.005131422096476,-118.8775545631072,0.9506745338439941
Jackass_Butte,0725,333,499,43.091723350678365,-118.90892871948576,0.588768720626831
Jackass_Butte,0725,530,356,43.03858126366705,-118.96171112374617,0.8834622502326965
Jackass_Butte,0725,375,461,43.08039356563027,-118.9229548129256,0.7981487512588501
Jackass_Butte,0725,595,620,43.021047072521185,-118.86426668511157,0.7819132208824158
Jackass_Butte,0725,487,383,43.050180805502,-118.95174521524946,0.9036417007446289
Jackass_Butte,0725,375,470,43.08039356563027,-118.91963284342668,0.8354030847549438
Jackass_Butte,0725,550,366,43.03318612792986,-118.95802004652516,0.8416175246238708
Jackass_Butte,0725,659,630,43.00378263816218,-118.86057560789057,0.8407489657402039
Jackass_Butte,0725,536,630,43.036962722945894,-118.86057560789057,0.9626629948616028
Jackass_Butte,0725,357,599,43.085249187793735,-118.87201794727568,0.8123044967651367
Jackass_Butte,0725,397,627,43.07445891631936,-118.86168293105686,0.7039982080459595
Jackass_Butte,0725,395,575,43.07499842989308,-118.88087653260611,0.9886064529418945
Jackass_Butte,0725,610,609,43.01700072071829,-118.86832687005467,0.863617479801178
Jackass_Butte,0725,647,577,43.00701971960449,-118.88013831716191,0.9614189863204956
Jackass_Butte,0725,369,455,43.08201210635142,-118.9251694592582,0.5337161421775818
Jackass_Butte,0725,307,541,43.09873702713671,-118.89342619515753,0.5307852029800415
Jackass_Butte,0725,360,568,43.08443991743316,-118.8834602866608,0.8192850947380066
Jackass_Butte,0725,347,598,43.08794675566233,-118.87238705499779,0.8888428211212158
Jackass_Butte,0725,415,664,43.06960329415589,-118.84802594533913,0.850873589515686
Jackass_Butte,0725,567,657,43.02860026255325,-118.85060969939384,0.9649431705474854
Jackass_Butte,0725,667,526,43.0016245838673,-118.89896281098905,0.8055182099342346
Jackass_Butte,0725,585,432,43.02374464038978,-118.93365893686652,0.8930277228355408
Jackass_Butte,0725,449,631,43.060431563402666,-118.86020650016846,0.6271628737449646
Jackass_Butte,0725,471,407,43.05449691409176,-118.94288662991903,0.8884652256965637
Jackass_Butte,0725,579,467,43.02536318111093,-118.92074016659299,0.8840370774269104
Jackass_Butte,0725,569,444,43.02806074897953,-118.9292296442013,0.8768509030342102
Jackass_Butte,0725,314,527,43.0968487296287,-118.89859370326694,0.544391930103302
Jackass_Butte,0725,571,440,43.02752123540581,-118.9307060750897,0.8632926344871521
Jackass_Butte,0725,574,411,43.02671196504523,-118.94141019903063,0.9110221266746521
Jackass_Butte,0725,565,640,43.02913977612697,-118.85688453066955,0.885370671749115
Jackass_Butte,0725,495,691,43.04802275120713,-118.8380600368424,0.8874975442886353
Jackass_Butte,0725,691,542,42.995150420982675,-118.89305708743542,0.84563148021698
Jackass_Butte,0725,407,625,43.071761348450764,-118.86242114650106,0.7236719727516174
Jackass_Butte,0725,482,373,43.0515295894363,-118.95543629247047,0.818097710609436
Jackass_Butte,0725,489,381,43.04964129192829,-118.95248343069366,0.907444417476654
Jackass_Butte,0725,533,359,43.03777199330647,-118.96060380057988,0.881676971912384
Jackass_Butte,0725,483,660,43.05125983264944,-118.84950237622753,0.8587267398834229
Jackass_Butte,0725,699,579,42.992992366687794,-118.8794001017177,0.8708500862121582
Jackass_Butte,0725,487,627,43.050180805502,-118.86168293105686,0.8987859487533569
Jackass_Butte,0725,466,659,43.055845698026054,-118.84987148394964,0.9083158373832703
Jackass_Butte,0725,487,373,43.050180805502,-118.95543629247047,0.9035540819168091
Jackass_Butte,0725,630,521,43.0116055849811,-118.90080834959954,0.8631573915481567
Jackass_Butte,0725,326,557,43.09361164818638,-118.88752047160392,0.8941584825515747
Jackass_Butte,0725,486,365,43.050450562288866,-118.95838915424727,0.8113285899162292
Jackass_Butte,0725,350,623,43.08713748530175,-118.86315936194526,0.925307035446167
Jackass_Butte,0725,520,660,43.04127883153564,-118.84950237622753,0.8448890447616577
Jackass_Butte,0725,422,620,43.06771499664787,-118.86426668511157,0.830399751663208
Jackass_Butte,0725,553,382,43.03237685756928,-118.95211432297155,0.8816476464271545
Jackass_Butte,0725,680,540,42.998117745638126,-118.89379530287962,0.8583604693412781
Jackass_Butte,0725,635,609,43.0102568010468,-118.86832687005467,0.7133522033691406
Jackass_Butte,0725,471,620,43.05449691409176,-118.86426668511157,0.876244306564331
Jackass_Butte,0725,538,373,43.036423209372174,-118.95543629247047,0.9357696771621704
Jackass_Butte,0725,691,589,42.995150420982675,-118.87570902449669,0.914724588394165
Jackass_Butte,0725,345,491,43.08848626923605,-118.91188158126256,0.6346843838691711
Jackass_Butte,0725,328,541,43.09307213461266,-118.89342619515753,0.8376789689064026
Jackass_Butte,0725,326,567,43.09361164818638,-118.88382939438291,0.9085702300071716
Jackass_Butte,0725,490,375,43.049371535141425,-118.95469807702626,0.9239957332611084
Jackass_Butte,0725,514,652,43.042897372256796,-118.85245523800434,0.8706626296043396
Jackass_Butte,0725,479,669,43.05233885979688,-118.84618040672864,0.8519346714019775
Jackass_Butte,0725,574,696,43.02671196504523,-118.83621449823191,0.9451815485954285
Jackass_Butte,0725,550,680,43.03318612792986,-118.84212022178552,0.9828092455863953
Jackass_Butte,0725,348,582,43.08767699887547,-118.8782927785514,0.9144237041473389
Jackass_Butte,0725,610,489,43.01700072071829,-118.91261979670676,0.8000019192695618
Jackass_Butte,0725,474,634,43.05368764373118,-118.85909917700215,0.8363689184188843
Jackass_Butte,0725,592,621,43.02185634288176,-118.86389757738947,0.7770856022834778
Jackass_Butte,0725,573,664,43.026981721832094,-118.84802594533913,0.8049713373184204
Jackass_Butte,0725,684,599,42.99703871849069,-118.87201794727568,0.8259413838386536
Jackass_Butte,0725,627,609,43.01241485534168,-118.86832687005467,0.8513817191123962
Jackass_Butte,0725,475,373,43.05341788694432,-118.95543629247047,0.5729168653488159
Jackass_Butte,0725,537,631,43.03669296615903,-118.86020650016846,0.9602197408676147
Jackass_Butte,0725,394,443,43.075268186679935,-118.92959875192341,0.7556146383285522
Jackass_Butte,0725,546,649,43.0342651550773,-118.85356256117065,0.9758830666542053
Jackass_Butte,0725,649,632,43.00648020603077,-118.85983739244637,0.5863335728645325
Jackass_Butte,0725,676,537,42.99919677278557,-118.89490262604593,0.8702446222305298
Jackass_Butte,0725,571,627,43.02752123540581,-118.86168293105686,0.8805960416793823
Jackass_Butte,0725,472,385,43.0542271573049,-118.95100699980526,0.8098741173744202
Jackass_Butte,0725,565,452,43.02913977612697,-118.9262767824245,0.9349140524864197
Jackass_Butte,0725,566,654,43.028870019340104,-118.85171702256014,0.9442569613456726
Jackass_Butte,0725,354,490,43.08605845815431,-118.91225068898467,0.7203436493873596
Jackass_Butte,0725,682,609,42.997578232064406,-118.86832687005467,0.6730039119720459
Jackass_Butte,0725,580,444,43.025093424324076,-118.9292296442013,0.8923170566558838
Jackass_Butte,0725,374,596,43.080663322417124,-118.87312527044199,0.9697573184967041
Jackass_Butte,0725,328,585,43.09307213461266,-118.87718545538509,0.9177044034004211
Jackass_Butte,0725,627,606,43.01241485534168,-118.86943419322098,0.9193408489227295
Jackass_Butte,0725,338,568,43.09037456674407,-118.8834602866608,0.9283397793769836
Jackass_Butte,0725,327,509,43.09334189139952,-118.90523764226475,0.5409481525421143
Jackass_Butte,0725,341,523,43.08956529638349,-118.90007013415534,0.9377768039703369
Jackass_Butte,0725,418,630,43.068794023795306,-118.86057560789057,0.7572457194328308
Jackass_Butte,0725,384,614,43.07796575454853,-118.86648133144418,0.8663864135742188
Jackass_Butte,0725,643,590,43.00809874675193,-118.87533991677459,0.9469807744026184
Jackass_Butte,0725,693,591,42.994610907408955,-118.87497080905248,0.9363813400268555
Jackass_Butte,0725,659,591,43.00378263816218,-118.87497080905248,0.9484816789627075
Jackass_Butte,0725,488,368,43.049911048715146,-118.95728183108096,0.8967092633247375
Jackass_Butte,0725,673,601,43.00000604314614,-118.87127973183148,0.9556491374969482
Jackass_Butte,0725,390,446,43.076347213827376,-118.9284914287571,0.7467747926712036
Jackass_Butte,0725,327,589,43.09334189139952,-118.87570902449669,0.919462263584137
Jackass_Butte,0725,646,601,43.00728947639135,-118.87127973183148,0.8935790657997131
Jackass_Butte,0725,436,627,43.06393840163184,-118.86168293105686,0.7956678867340088
Jackass_Butte,0725,469,660,43.05503642766548,-118.84950237622753,0.9144458174705505
Jackass_Butte,0725,590,466,43.02239585645548,-118.92110927431509,0.7200478315353394
Jackass_Butte,0725,661,509,43.00324312458846,-118.90523764226475,0.6656719446182251
Jackass_Butte,0725,468,646,43.055306184452334,-118.85466988433694,0.9326611757278442
Jackass_Butte,0725,470,378,43.054766670878614,-118.95359075385996,0.6595572233200073
Jackass_Butte,0725,583,431,43.02428415396349,-118.93402804458862,0.9246695041656494
Jackass_Butte,0725,476,655,43.05314813015746,-118.85134791483804,0.8601037859916687
Jackass_Butte,0725,643,606,43.00809874675193,-118.86943419322098,0.8422553539276123
Jackass_Butte,0725,402,581,43.07311013238506,-118.8786618862735,0.9839285612106323
Jackass_Butte,0725,461,643,43.05719448196035,-118.85577720750325,0.8844847083091736
Jackass_Butte,0725,560,462,43.030488560061265,-118.92258570520349,0.9489395022392273
Jackass_Butte,0725,710,582,42.99002504203234,-118.8782927785514,0.5363795757293701
Jackass_Butte,0725,452,650,43.05962229304209,-118.85319345344854,0.536611795425415
Jackass_Butte,0725,670,585,43.00081531350672,-118.87718545538509,0.9335488677024841
Jackass_Butte,0725,636,593,43.009987044259944,-118.87423259360828,0.9253968596458435
Jackass_Butte,0725,553,676,43.03237685756928,-118.84359665267392,0.8267258405685425
Jackass_Butte,0725,333,515,43.091723350678365,-118.90302299593215,0.8692913055419922
Jackass_Butte,0725,655,516,43.00486166530961,-118.90265388821005,0.7284886837005615
Jackass_Butte,0725,345,620,43.08848626923605,-118.86426668511157,0.9130591154098511
Jackass_Butte,0725,342,500,43.08929553959663,-118.90855961176366,0.5820064544677734
Jackass_Butte,0725,559,628,43.03075831684812,-118.86131382333477,0.9431002736091614
Jackass_Butte,0725,350,585,43.08713748530175,-118.87718545538509,0.8488754034042358
Jackass_Butte,0725,483,655,43.05125983264944,-118.85134791483804,0.8091290593147278
Jackass_Butte,0725,334,506,43.09145359389151,-118.90634496543106,0.7228899002075195
Jackass_Butte,0725,566,459,43.028870019340104,-118.9236930283698,0.9462476372718811
Jackass_Butte,0725,486,625,43.050450562288866,-118.86242114650106,0.8986824154853821
Jackass_Butte,0725,689,598,42.99568993455639,-118.87238705499779,0.8460575342178345
Jackass_Butte,0725,550,698,43.03318612792986,-118.83547628278771,0.9101222157478333
Jackass_Butte,0725,532,682,43.03804175009333,-118.84138200634132,0.9540708065032959
Jackass_Butte,0725,521,659,43.041009074748786,-118.84987148394964,0.8692031502723694
Jackass_Butte,0725,686,553,42.99649920491697,-118.88899690249232,0.9785666465759277
Jackass_Butte,0725,333,503,43.091723350678365,-118.90745228859736,0.6799855828285217
Jackass_Butte,0725,603,494,43.018889018226304,-118.91077425809627,0.8878321051597595
Jackass_Butte,0725,328,553,43.09307213461266,-118.88899690249232,0.8604493737220764
Jackass_Butte,0725,654,613,43.005131422096476,-118.86685043916627,0.9417228102684021
Jackass_Butte,0725,371,631,43.0814725927777,-118.86020650016846,0.8981059789657593
Jackass_Butte,0725,332,598,43.09199310746522,-118.87238705499779,0.919462263584137
Jackass_Butte,0725,506,645,43.04505542655168,-118.85503899205905,0.8257021307945251
Jackass_Butte,0725,565,678,43.02913977612697,-118.84285843722972,0.995800256729126
Jackass_Butte,0725,578,395,43.0256329378978,-118.94731592258424,0.6008987426757812
Jackass_Butte,0725,507,349,43.04478566976481,-118.96429487780088,0.7442455887794495
Jackass_Butte,0725,465,406,43.05611545481291,-118.94325573764114,0.8621357083320618
Jackass_Butte,0725,338,595,43.09037456674407,-118.87349437816408,0.920059323310852
Jackass_Butte,0725,365,613,43.08309113349886,-118.86685043916627,0.8340198993682861
Jackass_Butte,0725,398,591,43.0741891595325,-118.87497080905248,0.987328290939331
Jackass_Butte,0725,350,592,43.08713748530175,-118.87460170133039,0.8668469190597534
Jackass_Butte,0725,687,563,42.99622944813011,-118.88530582527132,0.9470713138580322
Jackass_Butte,0725,402,583,43.07311013238506,-118.8779236708293,0.9816170930862427
Jackass_Butte,0725,393,622,43.0755379434668,-118.86352846966737,0.6371862292289734
Jackass_Butte,0725,357,632,43.085249187793735,-118.85983739244637,0.9217609763145447
Jackass_Butte,0725,347,490,43.08794675566233,-118.91225068898467,0.6418101191520691
Jackass_Butte,0725,569,442,43.02806074897953,-118.9299678596455,0.8685021996498108
Jackass_Butte,0725,332,581,43.09199310746522,-118.8786618862735,0.9102222323417664
Jackass_Butte,0725,654,601,43.005131422096476,-118.87127973183148,0.8214059472084045
Jackass_Butte,0725,319,557,43.0954999456944,-118.88752047160392,0.7708452343940735
Jackass_Butte,0725,375,600,43.08039356563027,-118.87164883955359,0.9672768712043762
Jackass_Butte,0725,309,556,43.098197513562994,-118.88788957932601,0.8798458576202393
Jackass_Butte,0725,415,660,43.06960329415589,-118.84950237622753,0.5931977033615112
Jackass_Butte,0725,383,607,43.07823551133539,-118.86906508549887,0.9658724069595337
Jackass_Butte,0725,463,649,43.05665496838663,-118.85356256117065,0.849938690662384
Jackass_Butte,0725,367,623,43.08255161992514,-118.86315936194526,0.9001948237419128
Jackass_Butte,0725,486,646,43.050450562288866,-118.85466988433694,0.6631921529769897
Jackass_Butte,0725,545,659,43.03453491186416,-118.84987148394964,0.9645614624023438
Jackass_Butte,0725,353,480,43.086328214941176,-118.91594176620568,0.5199568867683411
Jackass_Butte,0725,547,645,43.033995398290436,-118.85503899205905,0.9682220816612244
Jackass_Butte,0725,468,634,43.055306184452334,-118.85909917700215,0.9029890298843384
Jackass_Butte,0725,703,560,42.99191333954036,-118.88641314843761,0.7464905977249146
Jackass_Butte,0725,612,616,43.01646120714457,-118.86574311599998,0.6808762550354004
Jackass_Butte,0725,574,449,43.02671196504523,-118.9273841055908,0.9220262765884399
Jackass_Butte,0725,406,657,43.07203110523762,-118.85060969939384,0.8971887230873108
Jackass_Butte,0725,332,620,43.09199310746522,-118.86426668511157,0.9113480448722839
Jackass_Butte,0725,582,623,43.024553910750356,-118.86315936194526,0.8533975481987
Jackass_Butte,0725,314,526,43.0968487296287,-118.89896281098905,0.526057243347168
Jackass_Butte,0725,614,610,43.01592169357085,-118.86795776233258,0.8664509057998657
Jackass_Butte,0725,694,584,42.99434115062209,-118.8775545631072,0.9088029861450195
Jackass_Butte,0725,638,507,43.009447530686224,-118.90597585770895,0.7718098163604736
Jackass_Butte,0725,509,665,43.0442461561911,-118.84765683761704,0.7854090332984924
Jackass_Butte,0725,569,634,43.02806074897953,-118.85909917700215,0.7051799893379211
Jackass_Butte,0725,518,659,43.04181834510936,-118.84987148394964,0.8298452496528625
Jackass_Butte,0725,662,618,43.002973367801594,-118.86500490055577,0.8437318801879883
Jackass_Butte,0725,414,661,43.069873050942746,-118.84913326850544,0.6864981651306152
Jackass_Butte,0725,358,644,43.08497943100688,-118.85540809978114,0.919462263584137
Jackass_Butte,0725,541,677,43.0356139390116,-118.84322754495183,0.9470357298851013
Jackass_Butte,0725,575,629,43.02644220825837,-118.86094471561266,0.6167249083518982
Jackass_Butte,0725,670,625,43.00081531350672,-118.86242114650106,0.7184795141220093
Jackass_Butte,0725,667,615,43.0016245838673,-118.86611222372207,0.8581923246383667
Jackass_Butte,0725,559,644,43.03075831684812,-118.85540809978114,0.9538928270339966
Jackass_Butte,0725,391,575,43.07607745704051,-118.88087653260611,0.9828075766563416
Jackass_Butte,0725,629,599,43.01187534176796,-118.87201794727568,0.9290848970413208
Jackass_Butte,0725,584,424,43.024014397176636,-118.93661179864333,0.8854132890701294
Jackass_Butte,0725,447,405,43.06097107697639,-118.94362484536323,0.5853614807128906
Jackass_Butte,0725,616,505,43.01538217999713,-118.90671407315315,0.8789879679679871
Jackass_Butte,0725,352,485,43.08659797172803,-118.91409622759518,0.5733693838119507
Jackass_Butte,0725,330,567,43.09253262103894,-118.88382939438291,0.9473128914833069
Jackass_Butte,0725,520,657,43.04127883153564,-118.85060969939384,0.8914152383804321
Jackass_Butte,0725,682,616,42.997578232064406,-118.86574311599998,0.5803161263465881
Jackass_Butte,0725,705,568,42.99137382596664,-118.8834602866608,0.690041184425354
Jackass_Butte,0725,657,532,43.00432215173589,-118.89674816465644,0.8743984699249268
Jackass_Butte,0725,345,500,43.08848626923605,-118.90855961176366,0.703680694103241
Jackass_Butte,0725,694,593,42.99434115062209,-118.87423259360828,0.9097894430160522
Jackass_Butte,0725,587,609,43.02320512681606,-118.86832687005467,0.8984449505805969
Jackass_Butte,0725,575,688,43.02644220825837,-118.83916736000872,0.9403263926506042
Jackass_Butte,0725,553,659,43.03237685756928,-118.84987148394964,0.8927602767944336
Jackass_Butte,0725,677,588,42.9989270159987,-118.8760781322188,0.8366223573684692
Jackass_Butte,0725,472,678,43.0542271573049,-118.84285843722972,0.9098328351974487
Jackass_Butte,0725,366,629,43.082821376712005,-118.86094471561266,0.9079030752182007
Jackass_Butte,0725,640,622,43.0089080171125,-118.86352846966737,0.5974695086479187
Jackass_Butte,0725,360,582,43.08443991743316,-118.8782927785514,0.9392830729484558
Jackass_Butte,0725,543,670,43.03507442543788,-118.84581129900653,0.8790678977966309
Jackass_Butte,0725,582,448,43.024553910750356,-118.9277532133129,0.8837453126907349
Jackass_Butte,0725,396,440,43.074728673106215,-118.9307060750897,0.6217396259307861
Jackass_Butte,0725,567,436,43.02860026255325,-118.93218250597812,0.89007169008255
Jackass_Butte,0725,394,658,43.075268186679935,-118.85024059167174,0.9226717948913574
Jackass_Butte,0725,534,359,43.03750223651961,-118.96060380057988,0.8758355975151062
Jackass_Butte,0725,351,611,43.086867728514896,-118.86758865461047,0.9049614667892456
Jackass_Butte,0725,373,597,43.08093307920399,-118.87275616271988,0.9661031365394592
Jackass_Butte,0725,385,577,43.07769599776167,-118.88013831716191,0.9862236976623535
Jackass_Butte,0725,666,532,43.00189434065416,-118.89674816465644,0.8571707606315613
Jackass_Butte,0725,409,632,43.07122183487704,-118.85983739244637,0.6064549684524536
Jackass_Butte,0725,470,387,43.054766670878614,-118.95026878436106,0.816883385181427
Jackass_Butte,0725,355,582,43.085788701367456,-118.8782927785514,0.8596750497817993
Jackass_Butte,0725,469,401,43.05503642766548,-118.94510127625163,0.8799500465393066
Jackass_Butte,0725,595,468,43.021047072521185,-118.92037105887088,0.5538570880889893
Jackass_Butte,0725,568,455,43.02833050576639,-118.9251694592582,0.9442076086997986
Jackass_Butte,0725,584,438,43.024014397176636,-118.93144429053392,0.6747816801071167
Jackass_Butte,0725,323,520,43.09442091854696,-118.90117745732165,0.6212591528892517
Jackass_Butte,0725,477,685,43.052878373370596,-118.84027468317501,0.9192103743553162
Jackass_Butte,0725,581,450,43.02482366753721,-118.9270149978687,0.8913991451263428
Jackass_Butte,0725,388,589,43.076886727401096,-118.87570902449669,0.9872769117355347
Jackass_Butte,0725,329,590,43.092802377825805,-118.87533991677459,0.919462263584137
Jackass_Butte,0725,678,565,42.998657259211846,-118.88456760982712,0.9395885467529297
Jackass_Butte,0725,692,560,42.99488066419581,-118.88641314843761,0.9228742718696594
Jackass_Butte,0725,482,387,43.0515295894363,-118.95026878436106,0.8980184197425842
Jackass_Butte,0725,698,549,42.99326212347466,-118.89047333338073,0.843930184841156
Jackass_Butte,0725,555,655,43.03183734399556,-118.85134791483804,0.9039453268051147
Jackass_Butte,0725,386,446,43.07742624097481,-118.9284914287571,0.5301839113235474
Jackass_Butte,0725,614,607,43.01592169357085,-118.86906508549887,0.8976201415061951
Jackass_Butte,0725,587,445,43.02320512681606,-118.9288605364792,0.816835880279541
Jackass_Butte,0725,420,663,43.06825451022159,-118.84839505306124,0.7980620861053467
Jackass_Butte,0725,373,642,43.08093307920399,-118.85614631522535,0.9272264242172241
Jackass_Butte,0725,356,557,43.0855189445806,-118.88752047160392,0.7792819738388062
Jackass_Butte,0725,503,701,43.045864696912254,-118.8343689596214,0.5914022326469421
Jackass_Butte,0725,572,453,43.02725147861895,-118.9259076747024,0.9338206648826599
Jackass_Butte,0725,336,498,43.09091408031779,-118.90929782720787,0.5051784515380859
Jackass_Butte,0725,486,667,43.050450562288866,-118.84691862217284,0.8979528546333313
Jackass_Butte,0725,553,685,43.03237685756928,-118.84027468317501,0.9810423851013184
Jackass_Butte,0725,553,667,43.03237685756928,-118.84691862217284,0.8659884929656982
Jackass_Butte,0725,489,385,43.04964129192829,-118.95100699980526,0.9036329388618469
Jackass_Butte,0725,469,667,43.05503642766548,-118.84691862217284,0.9057470560073853
Jackass_Butte,0725,351,546,43.086867728514896,-118.89158065654702,0.9353041648864746
Jackass_Butte,0725,293,532,43.10251362215274,-118.89674816465644,0.7566659450531006
Jackass_Butte,0725,559,650,43.03075831684812,-118.85319345344854,0.9347265958786011
Jackass_Butte,0725,503,678,43.045864696912254,-118.84285843722972,0.9094041585922241
Jackass_Butte,0725,694,529,42.99434115062209,-118.89785548782274,0.5795482993125916
Jackass_Butte,0725,440,410,43.062859374484404,-118.94177930675274,0.6705849766731262
Jackass_Butte,0725,347,555,43.08794675566233,-118.88825868704812,0.7662984132766724
Jackass_Butte,0725,605,478,43.01834950465259,-118.91667998164988,0.636225163936615
Jackass_Butte,0725,643,625,43.00809874675193,-118.86242114650106,0.8193569779396057
Jackass_Butte,0725,660,590,43.003512881375315,-118.87533991677459,0.961536705493927
Jackass_Butte,0725,371,647,43.0814725927777,-118.85430077661485,0.9237969517707825
Jackass_Butte,0725,366,585,43.082821376712005,-118.87718545538509,0.9511362910270691
Jackass_Butte,0725,517,701,43.04208810189622,-118.8343689596214,0.5792509913444519
Jackass_Butte,0725,476,372,43.05314813015746,-118.95580540019256,0.6002770066261292
Jackass_Butte,0725,637,608,43.00971728747309,-118.86869597777678,0.7569910883903503
Jackass_Butte,0725,500,686,43.04667396727283,-118.83990557545292,0.8520975708961487
Jackass_Butte,0725,647,516,43.00701971960449,-118.90265388821005,0.8165552616119385
Jackass_Butte,0725,627,500,43.01241485534168,-118.90855961176366,0.773419201374054
Jackass_Butte,0725,560,373,43.030488560061265,-118.95543629247047,0.6936872601509094
Jackass_Butte,0725,624,506,43.01322412570226,-118.90634496543106,0.8551153540611267
Jackass_Butte,0725,451,627,43.059892049828946,-118.86168293105686,0.5142610669136047
Jackass_Butte,0725,425,666,43.066905726287295,-118.84728772989493,0.7937959432601929
Jackass_Butte,0725,313,559,43.09711848641555,-118.88678225615972,0.841214120388031
Jackass_Butte,0725,624,595,43.01322412570226,-118.87349437816408,0.929720401763916
Jackass_Butte,0725,615,505,43.015651936783996,-118.90671407315315,0.8842345476150513
Jackass_Butte,0725,463,654,43.05665496838663,-118.85171702256014,0.8071548938751221
Jackass_Butte,0725,679,526,42.99838750242499,-118.89896281098905,0.8071098923683167
Jackass_Butte,0725,455,402,43.058813022681505,-118.94473216852954,0.7637908458709717
Jackass_Butte,0725,664,521,43.00243385422788,-118.90080834959954,0.7382967472076416
Jackass_Butte,0725,403,618,43.072840375598204,-118.86500490055577,0.7878291606903076
Jackass_Butte,0725,569,411,43.02806074897953,-118.94141019903063,0.9403400421142578
Jackass_Butte,0725,399,573,43.07391940274564,-118.88161474805031,0.983805239200592
Jackass_Butte,0725,559,460,43.03075831684812,-118.92332392064769,0.9408917427062988
Jackass_Butte,0725,542,689,43.03534418222473,-118.83879825228661,0.9507522583007812
Jackass_Butte,0725,582,617,43.024553910750356,-118.86537400827787,0.8882184624671936
Jackass_Butte,0725,359,626,43.084709674220015,-118.86205203877897,0.9133383631706238
Jackass_Butte,0725,538,686,43.036423209372174,-118.83990557545292,0.9583451747894287
Jackass_Butte,0725,352,612,43.08659797172803,-118.86721954688838,0.9040486812591553
Jackass_Butte,0725,461,621,43.05719448196035,-118.86389757738947,0.6967709064483643
Jackass_Butte,0725,554,675,43.03210710078242,-118.84396576039603,0.8212358355522156
Jackass_Butte,0725,679,528,42.99838750242499,-118.89822459554485,0.8038697838783264
Jackass_Butte,0725,685,594,42.99676896170383,-118.87386348588619,0.9266145825386047
Jackass_Butte,0725,562,639,43.029949046487545,-118.85725363839165,0.9015288352966309
Jackass_Butte,0725,564,699,43.029409532913824,-118.8351071750656,0.9258221387863159
Jackass_Butte,0725,555,460,43.03183734399556,-118.92332392064769,0.9620756506919861
Jackass_Butte,0725,340,569,43.08983505317035,-118.88309117893871,0.9062779545783997
Jackass_Butte,0725,379,578,43.079314538482826,-118.8797692094398,0.9944056868553162
Jackass_Butte,0725,338,502,43.09037456674407,-118.90782139631946,0.6713617444038391
Jackass_Butte,0725,312,549,43.09738824320241,-118.89047333338073,0.5163078308105469
Jackass_Butte,0725,693,543,42.994610907408955,-118.89268797971333,0.8447772264480591
Jackass_Butte,0725,481,645,43.05179934622316,-118.85503899205905,0.6798456907272339
Jackass_Butte,0725,470,647,43.054766670878614,-118.85430077661485,0.9327811598777771
Jackass_Butte,0725,554,380,43.03210710078242,-118.95285253841575,0.8786630630493164
Jackass_Butte,0725,385,629,43.07769599776167,-118.86094471561266,0.7975003123283386
Jackass_Butte,0725,701,594,42.99245285311408,-118.87386348588619,0.7926321625709534
Jackass_Butte,0725,364,638,43.08336089028572,-118.85762274611375,0.9235095977783203
Jackass_Butte,0725,610,616,43.01700072071829,-118.86574311599998,0.7046994566917419
Jackass_Butte,0725,673,575,43.00000604314614,-118.88087653260611,0.9506657719612122
Jackass_Butte,0725,486,662,43.050450562288866,-118.84876416078333,0.8731144666671753
Jackass_Butte,0725,377,649,43.07985405205655,-118.85356256117065,0.9268574118614197
Jackass_Butte,0725,701,582,42.99245285311408,-118.8782927785514,0.8603422045707703
Jackass_Butte,0725,567,459,43.02860026255325,-118.9236930283698,0.9451746344566345
Jackass_Butte,0725,604,479,43.01861926143945,-118.91631087392778,0.7040923833847046
Jackass_Butte,0725,549,679,43.033455884716716,-118.84248932950763,0.9798135757446289
Jackass_Butte,0725,371,568,43.0814725927777,-118.8834602866608,0.9576109647750854
Jackass_Butte,0725,296,538,43.101704351792165,-118.89453351832383,0.8906064033508301
Jackass_Butte,0725,349,613,43.08740724208861,-118.86685043916627,0.9197002649307251
Jackass_Butte,0725,446,415,43.06124083376324,-118.93993376814223,0.8473829627037048
Jackass_Butte,0725,706,586,42.991104069179784,-118.876816347663,0.7458466291427612
Jackass_Butte,0725,602,483,43.01915877501317,-118.91483444303938,0.8524602651596069
Jackass_Butte,0725,465,389,43.05611545481291,-118.94953056891686,0.6769776344299316
Jackass_Butte,0725,541,669,43.0356139390116,-118.84618040672864,0.7646055817604065
Jackass_Butte,0725,574,645,43.02671196504523,-118.85503899205905,0.7130876183509827
Jackass_Butte,0725,327,513,43.09334189139952,-118.90376121137635,0.6404011249542236
Jackass_Butte,0725,591,620,43.02212609966862,-118.86426668511157,0.850169837474823
Jackass_Butte,0725,349,592,43.08740724208861,-118.87460170133039,0.8978590965270996
Jackass_Butte,0725,575,451,43.02644220825837,-118.9266458901466,0.9404422044754028
Jackass_Butte,0725,651,621,43.00594069245705,-118.86389757738947,0.8684956431388855
Jackass_Butte,0725,406,585,43.07203110523762,-118.87718545538509,0.9721968173980713
Jackass_Butte,0725,305,545,43.09927654071043,-118.89194976426913,0.8296082615852356
Jackass_Butte,0725,571,395,43.02752123540581,-118.94731592258424,0.8466359972953796
Jackass_Butte,0725,553,657,43.03237685756928,-118.85060969939384,0.8926772475242615
Jackass_Butte,0725,403,610,43.072840375598204,-118.86795776233258,0.9757480025291443
Jackass_Butte,0725,517,354,43.04208810189622,-118.96244933919037,0.8275588154792786
Jackass_Butte,0725,660,515,43.003512881375315,-118.90302299593215,0.68824702501297
Jackass_Butte,0725,397,621,43.07445891631936,-118.86389757738947,0.6886337399482727
Jackass_Butte,0725,675,616,42.99946652957242,-118.86574311599998,0.6117841601371765
Jackass_Butte,0725,576,679,43.02617245147151,-118.84248932950763,0.6793336868286133
Jackass_Butte,0725,453,665,43.059352536255226,-118.84765683761704,0.9199568629264832
Jackass_Butte,0725,491,693,43.04910177835457,-118.8373218213982,0.8176094889640808
Jackass_Butte,0725,578,416,43.0256329378978,-118.93956466042013,0.8849550485610962
Jackass_Butte,0725,341,561,43.08956529638349,-118.88604404071552,0.8552224040031433
Jackass_Butte,0725,466,405,43.055845698026054,-118.94362484536323,0.8544285297393799
Jackass_Butte,0725,577,434,43.02590269468465,-118.93292072142232,0.9165679812431335
Jackass_Butte,0725,704,567,42.9916435827535,-118.88382939438291,0.6995682716369629
Jackass_Butte,0725,386,647,43.07742624097481,-118.85430077661485,0.8154681921005249
Jackass_Butte,0725,368,588,43.082281863138284,-118.8760781322188,0.9851728677749634
Jackass_Butte,0725,374,632,43.080663322417124,-118.85983739244637,0.8953709602355957
Jackass_Butte,0725,564,640,43.029409532913824,-118.85688453066955,0.914683997631073
Jackass_Butte,0725,499,357,43.046943724059695,-118.96134201602408,0.8215932250022888
Jackass_Butte,0725,666,599,43.00189434065416,-118.87201794727568,0.9228916764259338
Jackass_Butte,0725,367,646,43.08255161992514,-118.85466988433694,0.92244952917099
Jackass_Butte,0725,398,621,43.0741891595325,-118.86389757738947,0.7170156836509705
Jackass_Butte,0725,551,641,43.032916371142996,-118.85651542294745,0.9262145161628723
Jackass_Butte,0725,474,644,43.05368764373118,-118.85540809978114,0.9360169768333435
Jackass_Butte,0725,697,546,42.993531880261514,-118.89158065654702,0.843281090259552
Jackass_Butte,0725,679,568,42.99838750242499,-118.8834602866608,0.900605320930481
Jackass_Butte,0725,663,581,43.00270361101474,-118.8786618862735,0.9569793939590454
Jackass_Butte,0725,378,587,43.07958429526969,-118.87644723994089,0.9929806590080261
Jackass_Butte,0725,550,380,43.03318612792986,-118.95285253841575,0.8925935626029968
Jackass_Butte,0725,666,573,43.00189434065416,-118.88161474805031,0.9597850441932678
Jackass_Butte,0725,557,462,43.03129783042184,-118.92258570520349,0.959733247756958
Jackass_Butte,0725,373,563,43.08093307920399,-118.88530582527132,0.9240627288818359
Jackass_Butte,0725,486,363,43.050450562288866,-118.95912736969147,0.713543713092804
Jackass_Butte,0725,532,684,43.03804175009333,-118.84064379089712,0.96419358253479
Jackass_Butte,0725,412,624,43.07041256451647,-118.86279025422317,0.7493461966514587
Jackass_Butte,0725,641,606,43.00863826032565,-118.86943419322098,0.8592055439949036
Jackass_Butte,0725,343,506,43.08902578280977,-118.90634496543106,0.7701894044876099
Jackass_Butte,0725,475,408,43.05341788694432,-118.94251752219694,0.9182965755462646
Jackass_Butte,0725,377,612,43.07985405205655,-118.86721954688838,0.7843961119651794
Jackass_Butte,0725,647,582,43.00701971960449,-118.8782927785514,0.970300555229187
Jackass_Butte,0725,617,607,43.015112423210276,-118.86906508549887,0.8959694504737854
Jackass_Butte,0725,406,649,43.07203110523762,-118.85356256117065,0.7130451798439026
Jackass_Butte,0725,489,349,43.04964129192829,-118.96429487780088,0.5183137655258179
Jackass_Butte,0725,485,378,43.05072031907572,-118.95359075385996,0.8858689665794373
Jackass_Butte,0725,410,635,43.07095207809019,-118.85873006928006,0.5696960091590881
Jackass_Butte,0725,566,441,43.028870019340104,-118.93033696736761,0.8846903443336487
Jackass_Butte,0725,363,620,43.08363064707258,-118.86426668511157,0.8807389736175537
Jackass_Butte,0725,395,443,43.07499842989308,-118.92959875192341,0.7513020634651184
Jackass_Butte,0725,394,657,43.075268186679935,-118.85060969939384,0.9186131954193115
Jackass_Butte,0725,703,585,42.99191333954036,-118.87718545538509,0.84224534034729
Jackass_Butte,0725,308,552,43.09846727034985,-118.88936601021442,0.8073647022247314
Jackass_Butte,0725,658,596,43.004052394949035,-118.87312527044199,0.8901427984237671
Jackass_Butte,0725,397,588,43.07445891631936,-118.8760781322188,0.9859976172447205
Jackass_Butte,0725,569,458,43.02806074897953,-118.92406213609189,0.9277037978172302
Jackass_Butte,0725,609,610,43.01727047750515,-118.86795776233258,0.8581292629241943
Jackass_Butte,0725,318,557,43.095769702481256,-118.88752047160392,0.7981736660003662
Jackass_Butte,0725,416,429,43.069333537369026,-118.93476626003282,0.5210052132606506
Jackass_Butte,0725,352,599,43.08659797172803,-118.87201794727568,0.8368698954582214
Jackass_Butte,0725,441,413,43.06258961769754,-118.94067198358643,0.7183605432510376
Jackass_Butte,0725,416,661,43.069333537369026,-118.84913326850544,0.7755852937698364
Jackass_Butte,0725,370,462,43.081742349564564,-118.92258570520349,0.6191006302833557
Jackass_Butte,0725,664,569,43.00243385422788,-118.88309117893871,0.9554215669631958
Jackass_Butte,0725,363,619,43.08363064707258,-118.86463579283367,0.8809219002723694
Jackass_Butte,0725,578,621,43.0256329378978,-118.86389757738947,0.8838306665420532
Jackass_Butte,0725,547,387,43.033995398290436,-118.95026878436106,0.8979067206382751
Jackass_Butte,0725,638,607,43.009447530686224,-118.86906508549887,0.8113363981246948
Jackass_Butte,0725,367,586,43.08255161992514,-118.876816347663,0.9751307964324951
Jackass_Butte,0725,419,614,43.06852426700845,-118.86648133144418,0.9087198376655579
Jackass_Butte,0725,497,354,43.04748323763341,-118.96244933919037,0.6877211332321167
Jackass_Butte,0725,667,590,43.0016245838673,-118.87533991677459,0.9685922861099243
Jackass_Butte,0725,324,551,43.0941511617601,-118.88973511793652,0.7175036668777466
Jackass_Butte,0725,691,606,42.995150420982675,-118.86943419322098,0.5570350289344788
Jackass_Butte,0725,377,574,43.07985405205655,-118.8812456403282,0.9967105984687805
Jackass_Butte,0725,512,689,43.043436885830516,-118.83879825228661,0.8931695222854614
Jackass_Butte,0725,703,577,42.99191333954036,-118.88013831716191,0.8144047856330872
Jackass_Butte,0725,588,610,43.022935370029195,-118.86795776233258,0.8952221870422363
Jackass_Butte,0725,359,559,43.084709674220015,-118.88678225615972,0.6648860573768616
Jackass_Butte,0725,359,554,43.084709674220015,-118.88862779477022,0.7915815114974976
Jackass_Butte,0725,650,589,43.00621044924391,-118.87570902449669,0.949114203453064
Jackass_Butte,0725,576,699,43.02617245147151,-118.8351071750656,0.8910549879074097
Jackass_Butte,0725,698,591,42.99326212347466,-118.87497080905248,0.911006510257721
Jackass_Butte,0725,320,551,43.095230188907536,-118.88973511793652,0.8155677318572998
Jackass_Butte,0725,691,550,42.995150420982675,-118.89010422565862,0.9061550498008728
Jackass_Butte,0725,343,602,43.08902578280977,-118.87091062410938,0.9166163206100464
Jackass_Butte,0725,558,636,43.031028073634985,-118.85836096155795,0.9383058547973633
Jackass_Butte,0725,480,673,43.05206910301002,-118.84470397584023,0.8725489974021912
Jackass_Butte,0725,541,372,43.0356139390116,-118.95580540019256,0.9327853918075562
Jackass_Butte,0725,461,659,43.05719448196035,-118.84987148394964,0.797890841960907
Jackass_Butte,0725,333,620,43.091723350678365,-118.86426668511157,0.902681827545166
Jackass_Butte,0725,671,601,43.000545556719864,-118.87127973183148,0.9157052040100098
Jackass_Butte,0725,657,574,43.00432215173589,-118.8812456403282,0.9733381867408752
Jackass_Butte,0725,367,616,43.08255161992514,-118.86574311599998,0.8108911514282227
Jackass_Butte,0725,561,438,43.0302188032744,-118.93144429053392,0.9239464402198792
Jackass_Butte,0725,483,689,43.05125983264944,-118.83879825228661,0.9341821074485779
Jackass_Butte,0725,574,646,43.02671196504523,-118.85466988433694,0.7271002531051636
Jackass_Butte,0725,540,666,43.035883695798454,-118.84728772989493,0.7249894142150879
Jackass_Butte,0725,582,442,43.024553910750356,-118.9299678596455,0.7816413640975952
Jackass_Butte,0725,668,525,43.00135482708044,-118.89933191871114,0.7853721976280212
Jackass_Butte,0725,457,627,43.05827350910779,-118.86168293105686,0.590887188911438
Jackass_Butte,0725,544,366,43.03480466865101,-118.95802004652516,0.8758249878883362
Jackass_Butte,0725,593,453,43.0215865860949,-118.9259076747024,0.5716730952262878
Jackass_Butte,0725,676,539,42.99919677278557,-118.89416441060173,0.874392032623291
Jackass_Butte,0725,356,497,43.0855189445806,-118.90966693492996,0.843281090259552
Jackass_Butte,0725,350,561,43.08713748530175,-118.88604404071552,0.7968120574951172
Jackass_Butte,0725,512,680,43.043436885830516,-118.84212022178552,0.9295395612716675
Jackass_Butte,0725,691,564,42.995150420982675,-118.88493671754921,0.9194394946098328
Jackass_Butte,0725,469,408,43.05503642766548,-118.94251752219694,0.88278728723526
Jackass_Butte,0725,381,573,43.078775024909106,-118.88161474805031,0.9896366596221924
Jackass_Butte,0725,298,546,43.101164838218445,-118.89158065654702,0.8948961496353149
Jackass_Butte,0725,640,597,43.0089080171125,-118.87275616271988,0.917923629283905
Jackass_Butte,0725,346,561,43.08821651244919,-118.88604404071552,0.8068323135375977
Jackass_Butte,0725,441,626,43.06258961769754,-118.86205203877897,0.7241640686988831
Jackass_Butte,0725,597,617,43.020507558947465,-118.86537400827787,0.8504466414451599
Jackass_Butte,0725,378,558,43.07958429526969,-118.88715136388181,0.9777863621711731
Jackass_Butte,0725,553,624,43.03237685756928,-118.86279025422317,0.9566559195518494
Jackass_Butte,0725,548,678,43.03372564150358,-118.84285843722972,0.9656589031219482
Jackass_Butte,0725,471,382,43.05449691409176,-118.95211432297155,0.6885466575622559
Jackass_Butte,0725,362,594,43.08390040385944,-118.87386348588619,0.9118934273719788
Jackass_Butte,0725,506,659,43.04505542655168,-118.84987148394964,0.7124554514884949
Jackass_Butte,0725,558,383,43.031028073634985,-118.95174521524946,0.8654267191886902
Jackass_Butte,0725,348,539,43.08767699887547,-118.89416441060173,0.9476527571678162
Jackass_Butte,0725,361,573,43.0841701606463,-118.88161474805031,0.8953656554222107
Jackass_Butte,0725,488,637,43.049911048715146,-118.85799185383586,0.8348824381828308
Jackass_Butte,0725,591,468,43.02212609966862,-118.92037105887088,0.7606921195983887
Jackass_Butte,0725,543,688,43.03507442543788,-118.83916736000872,0.9564635157585144
Jackass_Butte,0725,684,586,42.99703871849069,-118.876816347663,0.8779754042625427
Jackass_Butte,0725,523,690,43.040469561175065,-118.83842914456451,0.8650094270706177
Jackass_Butte,0725,484,637,43.050990075862586,-118.85799185383586,0.8208739757537842
Jackass_Butte,0725,357,550,43.085249187793735,-118.89010422565862,0.8831475377082825
Jackass_Butte,0725,508,357,43.04451591297796,-118.96134201602408,0.8375304341316223
Jackass_Butte,0725,576,465,43.02617245147151,-118.9214783820372,0.8842630982398987
Jackass_Butte,0725,469,621,43.05503642766548,-118.86389757738947,0.8730900883674622
Jackass_Butte,0725,449,404,43.060431563402666,-118.94399395308534,0.5511623620986938
Jackass_Butte,0725,381,565,43.078775024909106,-118.88456760982712,0.985039234161377
Jackass_Butte,0725,332,558,43.09199310746522,-118.88715136388181,0.9053168892860413
Jackass_Butte,0725,627,613,43.01241485534168,-118.86685043916627,0.5250833034515381
Jackass_Butte,0725,454,664,43.05908277946837,-118.84802594533913,0.9102579355239868
Jackass_Butte,0725,579,464,43.02536318111093,-118.92184748975929,0.8811485767364502
Jackass_Butte,0725,495,359,43.04802275120713,-118.96060380057988,0.8361015319824219
Jackass_Butte,0725,476,674,43.05314813015746,-118.84433486811812,0.8878509402275085
Jackass_Butte,0725,411,583,43.07068232130332,-118.8779236708293,0.9645333886146545
Jackass_Butte,0725,392,654,43.075807700253655,-118.85171702256014,0.8874762654304504
Jackass_Butte,0725,677,570,42.9989270159987,-118.8827220712166,0.8969645500183105
Jackass_Butte,0725,674,626,42.99973628635929,-118.86205203877897,0.7052544951438904
Jackass_Butte,0725,394,440,43.075268186679935,-118.9307060750897,0.5171903371810913
Jackass_Butte,0725,498,357,43.04721348084655,-118.96134201602408,0.8253025412559509
Jackass_Butte,0725,692,588,42.99488066419581,-118.8760781322188,0.9377610087394714
Jackass_Butte,0725,554,446,43.03210710078242,-118.9284914287571,0.9748549461364746
Jackass_Butte,0725,518,669,43.04181834510936,-118.84618040672864,0.6604423522949219
Jackass_Butte,0725,621,494,43.014033396062835,-118.91077425809627,0.670005202293396
Jackass_Butte,0725,616,605,43.01538217999713,-118.86980330094308,0.89329594373703
Jackass_Butte,0725,386,609,43.07742624097481,-118.86832687005467,0.9516909122467041
Jackass_Butte,0725,408,623,43.0714915916639,-118.86315936194526,0.7008968591690063
Jackass_Butte,0725,353,569,43.086328214941176,-118.88309117893871,0.7719409465789795
Jackass_Butte,0725,634,512,43.010526557833664,-118.90413031909846,0.8479759693145752
Jackass_Butte,0725,674,589,42.99973628635929,-118.87570902449669,0.9137091636657715
Jackass_Butte,0725,388,603,43.076886727401096,-118.87054151638728,0.9853488206863403
Jackass_Butte,0725,561,455,43.0302188032744,-118.9251694592582,0.9466645121574402
Jackass_Butte,0725,486,677,43.050450562288866,-118.84322754495183,0.915912926197052
Jackass_Butte,0725,689,548,42.99568993455639,-118.89084244110282,0.878795862197876
Jackass_Butte,0725,571,397,43.02752123540581,-118.94657770714004,0.84513920545578
Jackass_Butte,0725,405,610,43.072300862024484,-118.86795776233258,0.970369815826416
Jackass_Butte,0725,390,631,43.076347213827376,-118.86020650016846,0.5166727900505066
Jackass_Butte,0725,329,533,43.092802377825805,-118.89637905693434,0.8761844635009766
Jackass_Butte,0725,458,404,43.05800375232093,-118.94399395308534,0.7865738272666931
Jackass_Butte,0725,658,525,43.004052394949035,-118.89933191871114,0.7957906723022461
Jackass_Butte,0725,690,600,42.99542017776953,-118.87164883955359,0.7196804881095886
Jackass_Butte,0725,375,463,43.08039356563027,-118.9222165974814,0.8136980533599854
Jackass_Butte,0725,554,679,43.03210710078242,-118.84248932950763,0.9429978132247925
Jackass_Butte,0725,360,580,43.08443991743316,-118.8790309939956,0.8483405113220215
Jackass_Butte,0725,410,579,43.07095207809019,-118.8794001017177,0.9708566069602966
Jackass_Butte,0725,497,363,43.04748323763341,-118.95912736969147,0.8965762853622437
Jackass_Butte,0725,637,615,43.00971728747309,-118.86611222372207,0.5546085834503174
Jackass_Butte,0725,452,670,43.05962229304209,-118.84581129900653,0.8882983922958374
Jackass_Butte,0725,544,669,43.03480466865101,-118.84618040672864,0.8938982486724854
Jackass_Butte,0725,708,577,42.99056455560606,-118.88013831716191,0.5865208506584167
Jackass_Butte,0725,440,625,43.062859374484404,-118.86242114650106,0.7878013253211975
Jackass_Butte,0725,355,487,43.085788701367456,-118.91335801215098,0.7123449444770813
Jackass_Butte,0725,343,502,43.08902578280977,-118.90782139631946,0.7095991969108582
Jackass_Butte,0725,704,580,42.9916435827535,-118.8790309939956,0.8081393241882324
Jackass_Butte,0725,296,532,43.101704351792165,-118.89674816465644,0.685539960861206
Jackass_Butte,0725,359,476,43.084709674220015,-118.91741819709408,0.718866229057312
Jackass_Butte,0725,304,547,43.09954629749729,-118.89121154882493,0.8532049059867859
Jackass_Butte,0725,683,590,42.99730847527755,-118.87533991677459,0.9305666089057922
Jackass_Butte,0725,553,637,43.03237685756928,-118.85799185383586,0.8871198892593384
Jackass_Butte,0725,569,468,43.02806074897953,-118.92037105887088,0.9545716643333435
Jackass_Butte,0725,356,600,43.0855189445806,-118.87164883955359,0.8033459782600403
Jackass_Butte,0725,577,449,43.02590269468465,-118.9273841055908,0.922241747379303
Jackass_Butte,0725,489,635,43.04964129192829,-118.85873006928006,0.8701949119567871
Jackass_Butte,0725,672,573,43.000275799933,-118.88161474805031,0.9446792602539062
Jackass_Butte,0725,658,624,43.004052394949035,-118.86279025422317,0.7714080214500427
Jackass_Butte,0725,391,585,43.07607745704051,-118.87718545538509,0.9864547252655029
Jackass_Butte,0725,316,561,43.096309216054976,-118.88604404071552,0.8597589731216431
Jackass_Butte,0725,379,560,43.079314538482826,-118.88641314843761,0.9715536832809448
Jackass_Butte,0725,677,561,42.9989270159987,-118.88604404071552,0.9631816744804382
Jackass_Butte,0725,324,597,43.0941511617601,-118.87275616271988,0.919462263584137
Jackass_Butte,0725,576,694,43.02617245147151,-118.83695271367611,0.9337257146835327
Jackass_Butte,0725,565,637,43.02913977612697,-118.85799185383586,0.8188256025314331
Jackass_Butte,0725,541,689,43.0356139390116,-118.83879825228661,0.9512860774993896
Jackass_Butte,0725,576,687,43.02617245147151,-118.83953646773081,0.9265050292015076
Jackass_Butte,0725,359,606,43.084709674220015,-118.86943419322098,0.8119452595710754
Jackass_Butte,0725,629,608,43.01187534176796,-118.86869597777678,0.8597172498703003
Jackass_Butte,0725,487,374,43.050180805502,-118.95506718474836,0.9048449397087097
Jackass_Butte,0725,606,611,43.01807974786573,-118.86758865461047,0.8554548621177673
Jackass_Butte,0725,377,608,43.07985405205655,-118.86869597777678,0.920967161655426
Jackass_Butte,0725,557,374,43.03129783042184,-118.95506718474836,0.820483922958374
Jackass_Butte,0725,699,547,42.992992366687794,-118.89121154882493,0.8310806155204773
Jackass_Butte,0725,695,531,42.994071393835235,-118.89711727237854,0.5121868252754211
Jackass_Butte,0725,636,521,43.009987044259944,-118.90080834959954,0.8487385511398315
Jackass_Butte,0725,577,440,43.02590269468465,-118.9307060750897,0.8756500482559204
Jackass_Butte,0725,573,475,43.026981721832094,-118.91778730481619,0.9503240585327148
Jackass_Butte,0725,336,504,43.09091408031779,-118.90708318087526,0.6969015598297119
Jackass_Butte,0725,660,572,43.003512881375315,-118.8819838557724,0.9631012082099915
Jackass_Butte,0725,443,666,43.06205010412382,-118.84728772989493,0.6620524525642395
Jackass_Butte,0725,379,626,43.079314538482826,-118.86205203877897,0.7594209313392639
Jackass_Butte,0725,565,694,43.02913977612697,-118.83695271367611,0.9471650123596191
Jackass_Butte,0725,568,662,43.02833050576639,-118.84876416078333,0.9583848714828491
Jackass_Butte,0725,498,665,43.04721348084655,-118.84765683761704,0.8358482122421265
Jackass_Butte,0725,386,590,43.07742624097481,-118.87533991677459,0.9948751330375671
Jackass_Butte,0725,675,571,42.99946652957242,-118.88235296349451,0.9217972159385681
Jackass_Butte,0725,588,421,43.022935370029195,-118.93771912180962,0.8987109065055847
Jackass_Butte,0725,407,651,43.071761348450764,-118.85282434572645,0.7819606065750122
Jackass_Butte,0725,531,676,43.03831150688019,-118.84359665267392,0.8782922625541687
Jackass_Butte,0725,553,367,43.03237685756928,-118.95765093880307,0.7872909307479858
Jackass_Butte,0725,567,670,43.02860026255325,-118.84581129900653,0.9909798502922058
Jackass_Butte,0725,664,611,43.00243385422788,-118.86758865461047,0.9147382974624634
Jackass_Butte,0725,694,539,42.99434115062209,-118.89416441060173,0.7670950889587402
Jackass_Butte,0725,579,420,43.02536318111093,-118.93808822953173,0.8831129670143127
Jackass_Butte,0725,549,362,43.033455884716716,-118.95949647741357,0.5906654596328735
Jackass_Butte,0725,367,570,43.08255161992514,-118.8827220712166,0.9464075565338135
Jackass_Butte,0725,496,682,43.04775299442027,-118.84138200634132,0.9101540446281433
Jackass_Butte,0725,307,560,43.09873702713671,-118.88641314843761,0.9008198976516724
Jackass_Butte,0725,490,348,43.049371535141425,-118.96466398552298,0.5262550711631775
Jackass_Butte,0725,683,563,42.99730847527755,-118.88530582527132,0.9286499619483948
Jackass_Butte,0725,558,680,43.031028073634985,-118.84212022178552,0.9786481857299805
Jackass_Butte,0725,320,555,43.095230188907536,-118.88825868704812,0.8264778256416321
Jackass_Butte,0725,572,444,43.02725147861895,-118.9292296442013,0.8728804588317871
Jackass_Butte,0725,572,696,43.02725147861895,-118.83621449823191,0.9490296840667725
Jackass_Butte,0725,408,624,43.0714915916639,-118.86279025422317,0.7078455090522766
Jackass_Butte,0725,368,584,43.082281863138284,-118.8775545631072,0.9731687307357788
Jackass_Butte,0725,354,591,43.08605845815431,-118.87497080905248,0.8110910058021545
Jackass_Butte,0725,541,371,43.0356139390116,-118.95617450791467,0.9473234415054321
Jackass_Butte,0725,683,609,42.99730847527755,-118.86832687005467,0.650547206401825
Jackass_Butte,0725,553,700,43.03237685756928,-118.83473806734351,0.8504734635353088
Jackass_Butte,0725,591,429,43.02212609966862,-118.93476626003282,0.5516182780265808
Jackass_Butte,0725,375,652,43.08039356563027,-118.85245523800434,0.9248725771903992
Jackass_Butte,0725,343,526,43.08902578280977,-118.89896281098905,0.9459232091903687
Jackass_Butte,0725,654,610,43.005131422096476,-118.86795776233258,0.8786791563034058
Jackass_Butte,0725,342,629,43.08929553959663,-118.86094471561266,0.9167496562004089
Jackass_Butte,0725,511,354,43.04370664261738,-118.96244933919037,0.7491486072540283
Jackass_Butte,0725,660,615,43.003512881375315,-118.86611222372207,0.9027515053749084
Jackass_Butte,0725,392,444,43.075807700253655,-118.9292296442013,0.7610512375831604
Jackass_Butte,0725,458,390,43.05800375232093,-118.94916146119475,0.5060088038444519
Jackass_Butte,0725,555,633,43.03183734399556,-118.85946828472426,0.9217681288719177
Jackass_Butte,0725,563,655,43.02967928970069,-118.85134791483804,0.9433779716491699
Jackass_Butte,0725,351,550,43.086867728514896,-118.89010422565862,0.8587760925292969
Jackass_Butte,0725,693,560,42.994610907408955,-118.88641314843761,0.9225432872772217
Jackass_Butte,0725,546,629,43.0342651550773,-118.86094471561266,0.922463059425354
Jackass_Butte,0725,478,627,43.05260861658374,-118.86168293105686,0.8837016224861145
Jackass_Butte,0725,578,696,43.0256329378978,-118.83621449823191,0.9191768765449524
Jackass_Butte,0725,652,586,43.005670935670196,-118.876816347663,0.9513629674911499
Jackass_Butte,0725,355,555,43.085788701367456,-118.88825868704812,0.7631056308746338
Jackass_Butte,0725,513,657,43.04316712904366,-118.85060969939384,0.8254789113998413
Jackass_Butte,0725,356,561,43.0855189445806,-118.88604404071552,0.639950692653656
Jackass_Butte,0725,325,557,43.09388140497324,-118.88752047160392,0.8752136826515198
Jackass_Butte,0725,391,589,43.07607745704051,-118.87570902449669,0.9876918792724609
Jackass_Butte,0725,330,539,43.09253262103894,-118.89416441060173,0.858942449092865
Jackass_Butte,0725,549,637,43.033455884716716,-118.85799185383586,0.9000841975212097
Jackass_Butte,0725,335,568,43.091183837104644,-118.8834602866608,0.9205129742622375
Jackass_Butte,0725,532,665,43.03804175009333,-118.84765683761704,0.8266427516937256
Jackass_Butte,0725,572,427,43.02725147861895,-118.93550447547702,0.9338465332984924
Jackass_Butte,0725,480,635,43.05206910301002,-118.85873006928006,0.8369960188865662
Jackass_Butte,0725,341,570,43.08956529638349,-118.8827220712166,0.907120406627655
Jackass_Butte,0725,430,669,43.065556942353,-118.84618040672864,0.7320690155029297
Jackass_Butte,0725,329,561,43.092802377825805,-118.88604404071552,0.9060942530632019
Jackass_Butte,0725,580,615,43.025093424324076,-118.86611222372207,0.9153706431388855
Jackass_Butte,0725,366,622,43.082821376712005,-118.86352846966737,0.8973861932754517
Jackass_Butte,0725,473,633,43.05395740051804,-118.85946828472426,0.8444544672966003
Jackass_Butte,0725,535,702,43.03723247973275,-118.8339998518993,0.6228653192520142
Jackass_Butte,0725,348,556,43.08767699887547,-118.88788957932601,0.7527357935905457
Jackass_Butte,0725,373,650,43.08093307920399,-118.85319345344854,0.92377108335495
Jackass_Butte,0725,548,446,43.03372564150358,-118.9284914287571,0.967909038066864
Jackass_Butte,0725,491,668,43.04910177835457,-118.84654951445073,0.8836270570755005
Jackass_Butte,0725,629,596,43.01187534176796,-118.87312527044199,0.922294020652771
Jackass_Butte,0725,526,688,43.03966029081449,-118.83916736000872,0.9252593517303467
Jackass_Butte,0725,359,623,43.084709674220015,-118.86315936194526,0.90766441822052
Jackass_Butte,0725,676,600,42.99919677278557,-118.87164883955359,0.8469316363334656
Jackass_Butte,0725,299,527,43.10089508143159,-118.89859370326694,0.578198254108429
Jackass_Butte,0725,601,486,43.019428531800024,-118.91372711987307,0.8594267964363098
Jackass_Butte,0725,365,589,43.08309113349886,-118.87570902449669,0.9744682908058167
Jackass_Butte,0725,508,348,43.04451591297796,-118.96466398552298,0.600378692150116
Jackass_Butte,0725,396,623,43.074728673106215,-118.86315936194526,0.6032720804214478
Jackass_Butte,0725,343,527,43.08902578280977,-118.89859370326694,0.9434258341789246
Jackass_Butte,0725,329,504,43.092802377825805,-118.90708318087526,0.6128289103507996
Jackass_Butte,0725,597,609,43.020507558947465,-118.86832687005467,0.8757339715957642
Jackass_Butte,0725,553,697,43.03237685756928,-118.8358453905098,0.9151380658149719
Jackass_Butte,0725,372,598,43.081202835990844,-118.87238705499779,0.9720832705497742
Jackass_Butte,0725,493,674,43.04856226478085,-118.84433486811812,0.9280012845993042
Jackass_Butte,0725,493,631,43.04856226478085,-118.86020650016846,0.9104204773902893
Jackass_Butte,0725,490,652,43.049371535141425,-118.85245523800434,0.6961072683334351
Jackass_Butte,0725,351,593,43.086867728514896,-118.87423259360828,0.8755747079849243
Jackass_Butte,0725,390,444,43.076347213827376,-118.9292296442013,0.5932679176330566
Jackass_Butte,0725,478,651,43.05260861658374,-118.85282434572645,0.8220019340515137
Jackass_Butte,0725,542,684,43.03534418222473,-118.84064379089712,0.9768407940864563
Jackass_Butte,0725,630,604,43.0116055849811,-118.87017240866518,0.894214928150177
Jackass_Butte,0725,684,529,42.99703871849069,-118.89785548782274,0.7810672521591187
Jackass_Butte,0725,645,522,43.007559233178206,-118.90043924187745,0.843281090259552
Jackass_Butte,0725,478,381,43.05260861658374,-118.95248343069366,0.8425353765487671
Jackass_Butte,0725,547,386,43.033995398290436,-118.95063789208315,0.8960227966308594
Jackass_Butte,0725,494,695,43.04829250799399,-118.836583605954,0.9185817837715149
Jackass_Butte,0725,672,531,43.000275799933,-118.89711727237854,0.8617696166038513
Jackass_Butte,0725,392,617,43.075807700253655,-118.86537400827787,0.7587282657623291
Jackass_Butte,0725,332,610,43.09199310746522,-118.86795776233258,0.9189133048057556
Jackass_Butte,0725,353,590,43.086328214941176,-118.87533991677459,0.7974708080291748
Jackass_Butte,0725,509,698,43.0442461561911,-118.83547628278771,0.6396572589874268
Jackass_Butte,0725,399,622,43.07391940274564,-118.86352846966737,0.6753071546554565
Jackass_Butte,0725,659,626,43.00378263816218,-118.86205203877897,0.8134077191352844
Jackass_Butte,0725,448,405,43.06070132018952,-118.94362484536323,0.6016950011253357
Jackass_Butte,0725,393,574,43.0755379434668,-118.8812456403282,0.9908783435821533
Jackass_Butte,0725,637,511,43.00971728747309,-118.90449942682055,0.83498615026474
Jackass_Butte,0725,317,522,43.09603945926811,-118.90043924187745,0.5374035239219666
Jackass_Butte,0725,669,521,43.001085070293584,-118.90080834959954,0.7589209675788879
Jackass_Butte,0725,334,616,43.09145359389151,-118.86574311599998,0.9083694815635681
Jackass_Butte,0725,672,587,43.000275799933,-118.87644723994089,0.918211042881012
Jackass_Butte,0725,595,484,43.021047072521185,-118.91446533531727,0.8845699429512024
Jackass_Butte,0725,560,642,43.030488560061265,-118.85614631522535,0.9388728141784668
Jackass_Butte,0725,372,570,43.081202835990844,-118.8827220712166,0.9772419333457947
Jackass_Butte,0725,557,621,43.03129783042184,-118.86389757738947,0.9552408456802368
Jackass_Butte,0725,408,434,43.0714915916639,-118.93292072142232,0.5776271820068359
Jackass_Butte,0725,462,637,43.056924725173495,-118.85799185383586,0.8094839453697205
Jackass_Butte,0725,520,693,43.04127883153564,-118.8373218213982,0.7625527381896973
Jackass_Butte,0725,347,540,43.08794675566233,-118.89379530287962,0.9435861110687256
Jackass_Butte,0725,676,571,42.99919677278557,-118.88235296349451,0.8973560333251953
Jackass_Butte,0725,333,567,43.091723350678365,-118.88382939438291,0.9234112501144409
Jackass_Butte,0725,547,706,43.033995398290436,-118.8325234210109,0.547055184841156
Jackass_Butte,0725,364,627,43.08336089028572,-118.86168293105686,0.9040502309799194
Jackass_Butte,0725,620,493,43.01430315284969,-118.91114336581836,0.6654954552650452
Jackass_Butte,0725,593,480,43.0215865860949,-118.91594176620568,0.8885374665260315
Jackass_Butte,0725,625,598,43.012954368915395,-118.87238705499779,0.9379681348800659
Jackass_Butte,0725,334,585,43.09145359389151,-118.87718545538509,0.9093295335769653
Jackass_Butte,0725,381,580,43.078775024909106,-118.8790309939956,0.9874539971351624
Jackass_Butte,0725,313,539,43.09711848641555,-118.89416441060173,0.5004504919052124
Jackass_Butte,0725,573,640,43.026981721832094,-118.85688453066955,0.6776256561279297
Jackass_Butte,0725,562,450,43.029949046487545,-118.9270149978687,0.9370589256286621
Jackass_Butte,0725,522,692,43.04073931796192,-118.83769092912031,0.7254006862640381
Jackass_Butte,0725,660,509,43.003512881375315,-118.90523764226475,0.6351299285888672
Jackass_Butte,0725,542,701,43.03534418222473,-118.8343689596214,0.8030135035514832
Jackass_Butte,0725,688,605,42.99595969134325,-118.86980330094308,0.7667245268821716
Jackass_Butte,0725,697,597,42.993531880261514,-118.87275616271988,0.8238667249679565
Jackass_Butte,0725,364,590,43.08336089028572,-118.87533991677459,0.9760566353797913
Jackass_Butte,0725,401,575,43.07337988917192,-118.88087653260611,0.9835629463195801
Jackass_Butte,0725,564,436,43.029409532913824,-118.93218250597812,0.9262778759002686
Jackass_Butte,0725,649,585,43.00648020603077,-118.87718545538509,0.9670014977455139
Jackass_Butte,0725,590,455,43.02239585645548,-118.9251694592582,0.7797774076461792
Jackass_Butte,0725,405,624,43.072300862024484,-118.86279025422317,0.7249367833137512
Jackass_Butte,0725,683,585,42.99730847527755,-118.87718545538509,0.8486048579216003
Jackass_Butte,0725,632,613,43.011066071407384,-118.86685043916627,0.5378939509391785
Jackass_Butte,0725,562,652,43.029949046487545,-118.85245523800434,0.9025954008102417
Jackass_Butte,0725,340,508,43.08983505317035,-118.90560674998686,0.7802201509475708
Jackass_Butte,0725,669,512,43.001085070293584,-118.90413031909846,0.6936636567115784
Jackass_Butte,0725,388,445,43.076886727401096,-118.9288605364792,0.5368486046791077
Jackass_Butte,0725,435,671,43.0642081584187,-118.84544219128443,0.7510436773300171
Jackass_Butte,0725,426,627,43.06663596950043,-118.86168293105686,0.6907051205635071
Jackass_Butte,0725,503,688,43.045864696912254,-118.83916736000872,0.8026978373527527
Jackass_Butte,0725,386,640,43.07742624097481,-118.85688453066955,0.6623302698135376
Jackass_Butte,0725,368,591,43.082281863138284,-118.87497080905248,0.9881694316864014
Jackass_Butte,0725,490,640,43.049371535141425,-118.85688453066955,0.7222633957862854
Jackass_Butte,0725,519,674,43.0415485883225,-118.84433486811812,0.7330721616744995
Jackass_Butte,0725,429,667,43.065826699139855,-118.84691862217284,0.7721035480499268
Jackass_Butte,0725,415,614,43.06960329415589,-118.86648133144418,0.9121671915054321
Jackass_Butte,0725,354,611,43.08605845815431,-118.86758865461047,0.9031770825386047
Jackass_Butte,0725,630,621,43.0116055849811,-118.86389757738947,0.5149839520454407
Jackass_Butte,0725,298,540,43.101164838218445,-118.89379530287962,0.9023650884628296
Jackass_Butte,0725,341,605,43.08956529638349,-118.86980330094308,0.9206376075744629
Jackass_Butte,0725,371,585,43.0814725927777,-118.87718545538509,0.9785825610160828
Jackass_Butte,0725,613,609,43.01619145035771,-118.86832687005467,0.8645074367523193
Jackass_Butte,0725,673,615,43.00000604314614,-118.86611222372207,0.7364126443862915
Jackass_Butte,0725,689,609,42.99568993455639,-118.86832687005467,0.6739654541015625
Jackass_Butte,0725,599,611,43.019968045373744,-118.86758865461047,0.8699778914451599
Jackass_Butte,0725,425,637,43.066905726287295,-118.85799185383586,0.5150485634803772
Jackass_Butte,0725,359,480,43.084709674220015,-118.91594176620568,0.7926436066627502
Jackass_Butte,0725,500,647,43.04667396727283,-118.85430077661485,0.6034625172615051
Jackass_Butte,0725,463,409,43.05665496838663,-118.94214841447483,0.8763092756271362
Jackass_Butte,0725,529,352,43.038851020453905,-118.96318755463457,0.7111039757728577
Jackass_Butte,0725,570,619,43.02779099219267,-118.86463579283367,0.9523584842681885
Jackass_Butte,0725,357,630,43.085249187793735,-118.86057560789057,0.9247593879699707
Jackass_Butte,0725,577,404,43.02590269468465,-118.94399395308534,0.8434203267097473
Jackass_Butte,0725,299,533,43.10089508143159,-118.89637905693434,0.7479102611541748
Jackass_Butte,0725,462,661,43.056924725173495,-118.84913326850544,0.8441138863563538
Jackass_Butte,0725,591,416,43.02212609966862,-118.93956466042013,0.586336612701416
Jackass_Butte,0725,366,603,43.082821376712005,-118.87054151638728,0.8736703395843506
Jackass_Butte,0725,688,546,42.99595969134325,-118.89158065654702,0.8661623597145081
Jackass_Butte,0725,529,674,43.038851020453905,-118.84433486811812,0.7787778377532959
Jackass_Butte,0725,379,619,43.079314538482826,-118.86463579283367,0.6917352080345154
Jackass_Butte,0725,558,677,43.031028073634985,-118.84322754495183,0.971523106098175
Jackass_Butte,0725,483,661,43.05125983264944,-118.84913326850544,0.836925208568573
Jackass_Butte,0725,340,568,43.08983505317035,-118.8834602866608,0.9167927503585815
Jackass_Butte,0725,478,626,43.05260861658374,-118.86205203877897,0.8852345943450928
Jackass_Butte,0725,668,514,43.00135482708044,-118.90339210365426,0.7586202025413513
Jackass_Butte,0725,320,573,43.095230188907536,-118.88161474805031,0.9213804006576538
Jackass_Butte,0725,542,636,43.03534418222473,-118.85836096155795,0.9012659788131714
Jackass_Butte,0725,547,623,43.033995398290436,-118.86315936194526,0.9536902904510498
Jackass_Butte,0725,372,616,43.081202835990844,-118.86574311599998,0.5958281755447388
Jackass_Butte,0725,574,469,43.02671196504523,-118.92000195114879,0.9126023054122925
Jackass_Butte,0725,616,502,43.01538217999713,-118.90782139631946,0.8697221279144287
Jackass_Butte,0725,354,618,43.08605845815431,-118.86500490055577,0.907515823841095
Jackass_Butte,0725,486,692,43.050450562288866,-118.83769092912031,0.9135839939117432
Jackass_Butte,0725,560,624,43.030488560061265,-118.86279025422317,0.9445462226867676
Jackass_Butte,0725,493,632,43.04856226478085,-118.85983739244637,0.8998957276344299
Jackass_Butte,0725,684,587,42.99703871849069,-118.87644723994089,0.9093000292778015
Jackass_Butte,0725,563,698,43.02967928970069,-118.83547628278771,0.9347821474075317
Jackass_Butte,0725,333,615,43.091723350678365,-118.86611222372207,0.9098535180091858
Jackass_Butte,0725,648,514,43.00674996281763,-118.90339210365426,0.7649526000022888
Jackass_Butte,0725,655,527,43.00486166530961,-118.89859370326694,0.8442472815513611
Jackass_Butte,0725,509,696,43.0442461561911,-118.83621449823191,0.7052971720695496
Jackass_Butte,0725,510,665,43.04397639940424,-118.84765683761704,0.7798760533332825
Jackass_Butte,0725,377,616,43.07985405205655,-118.86574311599998,0.72492516040802
Jackass_Butte,0725,497,652,43.04748323763341,-118.85245523800434,0.6162031292915344
Jackass_Butte,0725,686,588,42.99649920491697,-118.8760781322188,0.9322464466094971
Jackass_Butte,0725,707,584,42.99083431239292,-118.8775545631072,0.729134202003479
Jackass_Butte,0725,647,586,43.00701971960449,-118.876816347663,0.9620375633239746
Jackass_Butte,0725,656,518,43.004591908522755,-118.90191567276585,0.7293384075164795
Jackass_Butte,0725,484,664,43.050990075862586,-118.84802594533913,0.8744989037513733
Jackass_Butte,0725,557,370,43.03129783042184,-118.95654361563676,0.7250187397003174
Jackass_Butte,0725,549,650,43.033455884716716,-118.85319345344854,0.9759026765823364
Jackass_Butte,0725,454,628,43.05908277946837,-118.86131382333477,0.5205623507499695
Jackass_Butte,0725,330,556,43.09253262103894,-118.88788957932601,0.8967385292053223
Jackass_Butte,0725,510,694,43.04397639940424,-118.83695271367611,0.7977580428123474
Jackass_Butte,0725,577,626,43.02590269468465,-118.86205203877897,0.7766990065574646
Jackass_Butte,0725,639,507,43.00917777389937,-118.90597585770895,0.7399264574050903
Jackass_Butte,0725,494,366,43.04829250799399,-118.95802004652516,0.9071272611618042
Jackass_Butte,0725,396,612,43.074728673106215,-118.86721954688838,0.9258173108100891
Jackass_Butte,0725,518,656,43.04181834510936,-118.85097880711594,0.8882328867912292
Jackass_Butte,0725,355,608,43.085788701367456,-118.86869597777678,0.8555161356925964
Jackass_Butte,0725,559,667,43.03075831684812,-118.84691862217284,0.9571911096572876
Jackass_Butte,0725,547,677,43.033995398290436,-118.84322754495183,0.9245151281356812
Jackass_Butte,0725,335,517,43.091183837104644,-118.90228478048795,0.8949065208435059
Jackass_Butte,0725,573,619,43.026981721832094,-118.86463579283367,0.929498553276062
Jackass_Butte,0725,706,569,42.991104069179784,-118.88309117893871,0.5724919438362122
Jackass_Butte,0725,493,689,43.04856226478085,-118.83879825228661,0.9095378518104553
Jackass_Butte,0725,690,542,42.99542017776953,-118.89305708743542,0.8457644581794739
Jackass_Butte,0725,515,654,43.04262761546994,-118.85171702256014,0.8586573600769043
Jackass_Butte,0725,457,409,43.05827350910779,-118.94214841447483,0.853601336479187
Jackass_Butte,0725,525,677,43.039930047601345,-118.84322754495183,0.8927664160728455
Jackass_Butte,0725,641,599,43.00863826032565,-118.87201794727568,0.9422813653945923
Jackass_Butte,0725,385,590,43.07769599776167,-118.87533991677459,0.9929382801055908
Jackass_Butte,0725,592,420,43.02185634288176,-118.93808822953173,0.541563093662262
Jackass_Butte,0725,441,632,43.06258961769754,-118.85983739244637,0.6231956481933594
Jackass_Butte,0725,495,684,43.04802275120713,-118.84064379089712,0.9022262692451477
Jackass_Butte,0725,334,524,43.09145359389151,-118.89970102643325,0.9245815277099609
Jackass_Butte,0725,560,706,43.030488560061265,-118.8325234210109,0.8250713348388672
Jackass_Butte,0725,318,553,43.095769702481256,-118.88899690249232,0.745894730091095
Jackass_Butte,0725,502,345,43.04613445369911,-118.96577130868928,0.5108206272125244
Jackass_Butte,0725,370,646,43.081742349564564,-118.85466988433694,0.9231337904930115
Jackass_Butte,0725,663,568,43.00270361101474,-118.8834602866608,0.957268238067627
Jackass_Butte,0725,545,670,43.03453491186416,-118.84581129900653,0.8215440511703491
Jackass_Butte,0725,512,655,43.043436885830516,-118.85134791483804,0.8167682886123657
Jackass_Butte,0725,583,476,43.02428415396349,-118.91741819709408,0.8832895755767822
Jackass_Butte,0725,333,575,43.091723350678365,-118.88087653260611,0.8949559926986694
Jackass_Butte,0725,688,611,42.99595969134325,-118.86758865461047,0.679867684841156
Jackass_Butte,0725,366,566,43.082821376712005,-118.88419850210501,0.9489350318908691
Jackass_Butte,0725,361,617,43.0841701606463,-118.86537400827787,0.8933888673782349
Jackass_Butte,0725,653,597,43.00540117888333,-118.87275616271988,0.8828617334365845
Jackass_Butte,0725,700,549,42.99272260990094,-118.89047333338073,0.8441318869590759
Jackass_Butte,0725,357,580,43.085249187793735,-118.8790309939956,0.7818161845207214
Jackass_Butte,0725,334,518,43.09145359389151,-118.90191567276585,0.9106206297874451
Jackass_Butte,0725,582,466,43.024553910750356,-118.92110927431509,0.8732727766036987
Jackass_Butte,0725,519,680,43.0415485883225,-118.84212022178552,0.8679010272026062
Jackass_Butte,0725,382,588,43.07850526812225,-118.8760781322188,0.9868410229682922
Jackass_Butte,0725,351,590,43.086867728514896,-118.87533991677459,0.8415119647979736
Jackass_Butte,0725,364,554,43.08336089028572,-118.88862779477022,0.9324436783790588
Jackass_Butte,0725,325,551,43.09388140497324,-118.88973511793652,0.693202018737793
Jackass_Butte,0725,590,420,43.02239585645548,-118.93808822953173,0.6810796856880188
Jackass_Butte,0725,325,610,43.09388140497324,-118.86795776233258,0.9190567135810852
Jackass_Butte,0725,584,478,43.024014397176636,-118.91667998164988,0.8958712220191956
Jackass_Butte,0725,387,612,43.07715648418795,-118.86721954688838,0.9372187852859497
Jackass_Butte,0725,385,564,43.07769599776167,-118.88493671754921,0.9893868565559387
Jackass_Butte,0725,608,615,43.01754023429201,-118.86611222372207,0.8158881068229675
Jackass_Butte,0725,703,590,42.99191333954036,-118.87533991677459,0.850502073764801
Jackass_Butte,0725,694,587,42.99434115062209,-118.87644723994089,0.9496315121650696
Jackass_Butte,0725,641,526,43.00863826032565,-118.89896281098905,0.8520121574401855
Jackass_Butte,0725,598,475,43.0202378021606,-118.91778730481619,0.7214434742927551
Jackass_Butte,0725,699,573,42.992992366687794,-118.88161474805031,0.8253743648529053
Jackass_Butte,0725,474,635,43.05368764373118,-118.85873006928006,0.8922723531723022
Jackass_Butte,0725,491,362,43.04910177835457,-118.95949647741357,0.8270811438560486
Jackass_Butte,0725,443,625,43.06205010412382,-118.86242114650106,0.7353709936141968
Jackass_Butte,0725,368,639,43.082281863138284,-118.85725363839165,0.9259182214736938
Jackass_Butte,0725,578,624,43.0256329378978,-118.86279025422317,0.8611288666725159
Jackass_Butte,0725,332,517,43.09199310746522,-118.90228478048795,0.8910117745399475
Jackass_Butte,0725,608,493,43.01754023429201,-118.91114336581836,0.8569362163543701
Jackass_Butte,0725,586,615,43.023474883602915,-118.86611222372207,0.884543776512146
Jackass_Butte,0725,400,441,43.07364964595878,-118.93033696736761,0.7481946349143982
Jackass_Butte,0725,692,526,42.99488066419581,-118.89896281098905,0.670585036277771
Jackass_Butte,0725,468,396,43.055306184452334,-118.94694681486214,0.8696101307868958
Jackass_Butte,0725,382,612,43.07850526812225,-118.86721954688838,0.8815470933914185
Jackass_Butte,0725,488,380,43.049911048715146,-118.95285253841575,0.9002538919448853
Jackass_Butte,0725,698,563,42.99326212347466,-118.88530582527132,0.8880605697631836
Jackass_Butte,0725,465,662,43.05611545481291,-118.84876416078333,0.8726726770401001
Jackass_Butte,0725,554,653,43.03210710078242,-118.85208613028225,0.9100986123085022
Jackass_Butte,0725,591,485,43.02212609966862,-118.91409622759518,0.889639675617218
Jackass_Butte,0725,498,685,43.04721348084655,-118.84027468317501,0.87633216381073
Jackass_Butte,0725,580,409,43.025093424324076,-118.94214841447483,0.8590613007545471
Jackass_Butte,0725,380,558,43.07904478169597,-118.88715136388181,0.9789908528327942
Jackass_Butte,0725,350,616,43.08713748530175,-118.86574311599998,0.9225611090660095
Jackass_Butte,0725,674,517,42.99973628635929,-118.90228478048795,0.5347023010253906
Jackass_Butte,0725,477,638,43.052878373370596,-118.85762274611375,0.8731405138969421
Jackass_Butte,0725,340,497,43.08983505317035,-118.90966693492996,0.512518048286438
Jackass_Butte,0725,663,610,43.00270361101474,-118.86795776233258,0.9118281006813049
Jackass_Butte,0725,686,558,42.99649920491697,-118.88715136388181,0.9443833827972412
Jackass_Butte,0725,479,372,43.05233885979688,-118.95580540019256,0.748724639415741
Jackass_Butte,0725,484,631,43.050990075862586,-118.86020650016846,0.8464319705963135
Jackass_Butte,0725,579,461,43.02536318111093,-118.9229548129256,0.8813057541847229
Jackass_Butte,0725,395,567,43.07499842989308,-118.88382939438291,0.9877356290817261
Jackass_Butte,0725,563,435,43.02967928970069,-118.93255161370021,0.9315350651741028
Jackass_Butte,0725,551,710,43.032916371142996,-118.8310469901225,0.665527880191803
Jackass_Butte,0725,428,665,43.06609645592671,-118.84765683761704,0.7858922481536865
Jackass_Butte,0725,401,645,43.07337988917192,-118.85503899205905,0.5782005786895752
Jackass_Butte,0725,364,577,43.08336089028572,-118.88013831716191,0.8886667490005493
Jackass_Butte,0725,372,597,43.081202835990844,-118.87275616271988,0.9665432572364807
Jackass_Butte,0725,553,641,43.03237685756928,-118.85651542294745,0.906152069568634
Jackass_Butte,0725,339,549,43.090104809957204,-118.89047333338073,0.8367026448249817
Jackass_Butte,0725,647,602,43.00701971960449,-118.87091062410938,0.8709095120429993
Jackass_Butte,0725,655,529,43.00486166530961,-118.89785548782274,0.8524566888809204
Jackass_Butte,0725,485,656,43.05072031907572,-118.85097880711594,0.7995311617851257
Jackass_Butte,0725,657,610,43.00432215173589,-118.86795776233258,0.9637041091918945
Jackass_Butte,0725,350,631,43.08713748530175,-118.86020650016846,0.919462263584137
Jackass_Butte,0725,595,487,43.021047072521185,-118.91335801215098,0.8876236081123352
Jackass_Butte,0725,609,482,43.01727047750515,-118.91520355076148,0.589347243309021
Jackass_Butte,0725,595,605,43.021047072521185,-118.86980330094308,0.8931899666786194
Jackass_Butte,0725,487,629,43.050180805502,-118.86094471561266,0.889649510383606
Jackass_Butte,0725,475,673,43.05341788694432,-118.84470397584023,0.872919499874115
Jackass_Butte,0725,572,675,43.02725147861895,-118.84396576039603,0.9953262805938721
Jackass_Butte,0725,484,628,43.050990075862586,-118.86131382333477,0.8915064930915833
Jackass_Butte,0725,566,393,43.028870019340104,-118.94805413802844,0.8490779995918274
Jackass_Butte,0725,574,397,43.02671196504523,-118.94657770714004,0.8443717360496521
Jackass_Butte,0725,408,583,43.0714915916639,-118.8779236708293,0.9638173580169678
Jackass_Butte,0725,539,706,43.03615345258531,-118.8325234210109,0.5993236899375916
Jackass_Butte,0725,648,626,43.00674996281763,-118.86205203877897,0.8461930751800537
Jackass_Butte,0725,543,357,43.03507442543788,-118.96134201602408,0.627516508102417
Jackass_Butte,0725,574,460,43.02671196504523,-118.92332392064769,0.896232545375824
Jackass_Butte,0725,313,541,43.09711848641555,-118.89342619515753,0.6601521968841553
Jackass_Butte,0725,560,691,43.030488560061265,-118.8380600368424,0.9743732810020447
Jackass_Butte,0725,367,625,43.08255161992514,-118.86242114650106,0.8657687902450562
Jackass_Butte,0725,399,626,43.07391940274564,-118.86205203877897,0.6271867156028748
Jackass_Butte,0725,570,628,43.02779099219267,-118.86131382333477,0.8720741271972656
Jackass_Butte,0725,554,375,43.03210710078242,-118.95469807702626,0.8528740406036377
Jackass_Butte,0725,562,622,43.029949046487545,-118.86352846966737,0.9517306089401245
Jackass_Butte,0725,476,668,43.05314813015746,-118.84654951445073,0.8790351748466492
Jackass_Butte,0725,387,651,43.07715648418795,-118.85282434572645,0.9014824628829956
Jackass_Butte,0725,571,630,43.02752123540581,-118.86057560789057,0.8001399636268616
Jackass_Butte,0725,696,580,42.99380163704838,-118.8790309939956,0.8864875435829163
Jackass_Butte,0725,342,506,43.08929553959663,-118.90634496543106,0.7523980736732483
Jackass_Butte,0725,552,386,43.03264661435614,-118.95063789208315,0.8869299292564392
Jackass_Butte,0725,590,467,43.02239585645548,-118.92074016659299,0.7704283595085144
Jackass_Butte,0725,350,542,43.08713748530175,-118.89305708743542,0.9364972710609436
Jackass_Butte,0725,338,602,43.09037456674407,-118.87091062410938,0.9180676937103271
Jackass_Butte,0725,705,570,42.99137382596664,-118.8827220712166,0.6641497611999512
Jackass_Butte,0725,392,571,43.075807700253655,-118.88235296349451,0.9883446097373962
Jackass_Butte,0725,337,592,43.090644323530924,-118.87460170133039,0.9058127403259277
Jackass_Butte,0725,360,615,43.08443991743316,-118.86611222372207,0.903363049030304
Jackass_Butte,0725,352,597,43.08659797172803,-118.87275616271988,0.8842378854751587
Jackass_Butte,0725,600,616,43.01969828858689,-118.86574311599998,0.851681649684906
Jackass_Butte,0725,656,532,43.004591908522755,-118.89674816465644,0.8789290189743042
Jackass_Butte,0725,464,640,43.056385211599775,-118.85688453066955,0.9423428773880005
Jackass_Butte,0725,405,629,43.072300862024484,-118.86094471561266,0.5360116362571716
Jackass_Butte,0725,662,628,43.002973367801594,-118.86131382333477,0.8290728330612183
Jackass_Butte,0725,647,510,43.00701971960449,-118.90486853454266,0.7359281182289124
Jackass_Butte,0725,401,652,43.07337988917192,-118.85245523800434,0.8798123002052307
Jackass_Butte,0725,592,615,43.02185634288176,-118.86611222372207,0.8672199845314026
Jackass_Butte,0725,355,636,43.085788701367456,-118.85836096155795,0.9197407364845276
Jackass_Butte,0725,332,561,43.09199310746522,-118.88604404071552,0.9130572080612183
Jackass_Butte,0725,402,628,43.07311013238506,-118.86131382333477,0.59271639585495
Jackass_Butte,0725,661,528,43.00324312458846,-118.89822459554485,0.8169533014297485
Jackass_Butte,0725,348,540,43.08767699887547,-118.89379530287962,0.9394320249557495
Jackass_Butte,0725,566,622,43.028870019340104,-118.86352846966737,0.9400795698165894
Jackass_Butte,0725,581,619,43.02482366753721,-118.86463579283367,0.8825584053993225
Jackass_Butte,0725,442,409,43.062319860910684,-118.94214841447483,0.7039245963096619
Jackass_Butte,0725,363,615,43.08363064707258,-118.86611222372207,0.8668190240859985
Jackass_Butte,0725,407,433,43.071761348450764,-118.93328982914441,0.5111606121063232
Jackass_Butte,0725,633,627,43.01079631462052,-118.86168293105686,0.5725067853927612
Jackass_Butte,0725,470,371,43.054766670878614,-118.95617450791467,0.5079933404922485
Jackass_Butte,0725,334,565,43.09145359389151,-118.88456760982712,0.9241142272949219
Jackass_Butte,0725,679,616,42.99838750242499,-118.86574311599998,0.5589523911476135
Jackass_Butte,0725,370,612,43.081742349564564,-118.86721954688838,0.6388189792633057
Jackass_Butte,0725,550,694,43.03318612792986,-118.83695271367611,0.9215514063835144
Jackass_Butte,0725,430,616,43.065556942353,-118.86574311599998,0.9047978520393372
Jackass_Butte,0725,673,514,43.00000604314614,-118.90339210365426,0.5893347263336182
Jackass_Butte,0725,629,613,43.01187534176796,-118.86685043916627,0.5150976181030273
Jackass_Butte,0725,560,638,43.030488560061265,-118.85762274611375,0.9158546924591064
Jackass_Butte,0725,573,411,43.026981721832094,-118.94141019903063,0.9203121662139893
Jackass_Butte,0725,671,599,43.000545556719864,-118.87201794727568,0.9263377785682678
Jackass_Butte,0725,412,618,43.07041256451647,-118.86500490055577,0.8725016117095947
Jackass_Butte,0725,590,451,43.02239585645548,-118.9266458901466,0.7142154574394226
Jackass_Butte,0725,326,526,43.09361164818638,-118.89896281098905,0.8676302433013916
Jackass_Butte,0725,391,657,43.07607745704051,-118.85060969939384,0.9195767641067505
Jackass_Butte,0725,474,677,43.05368764373118,-118.84322754495183,0.8901670575141907
Jackass_Butte,0725,580,679,43.025093424324076,-118.84248932950763,0.5582947134971619
Jackass_Butte,0725,583,692,43.02428415396349,-118.83769092912031,0.8500041365623474
Jackass_Butte,0725,318,548,43.095769702481256,-118.89084244110282,0.6640223860740662
Jackass_Butte,0725,332,533,43.09199310746522,-118.89637905693434,0.9020966291427612
Jackass_Butte,0725,563,661,43.02967928970069,-118.84913326850544,0.9579886794090271
Jackass_Butte,0725,493,664,43.04856226478085,-118.84802594533913,0.8654460906982422
Jackass_Butte,0725,367,630,43.08255161992514,-118.86057560789057,0.9095072150230408
Jackass_Butte,0725,649,514,43.00648020603077,-118.90339210365426,0.7623056173324585
Jackass_Butte,0725,347,597,43.08794675566233,-118.87275616271988,0.8961766958236694
Jackass_Butte,0725,573,432,43.026981721832094,-118.93365893686652,0.9008878469467163
Jackass_Butte,0725,349,599,43.08740724208861,-118.87201794727568,0.8748207688331604
Jackass_Butte,0725,682,546,42.997578232064406,-118.89158065654702,0.9228819608688354
Jackass_Butte,0725,683,535,42.99730847527755,-118.89564084149013,0.8519408106803894
Jackass_Butte,0725,559,688,43.03075831684812,-118.83916736000872,0.9799919724464417
Jackass_Butte,0725,567,665,43.02860026255325,-118.84765683761704,0.987643837928772
Jackass_Butte,0725,542,640,43.03534418222473,-118.85688453066955,0.9225026965141296
Jackass_Butte,0725,652,637,43.005670935670196,-118.85799185383586,0.5883187651634216
Jackass_Butte,0725,518,351,43.04181834510936,-118.96355666235668,0.7136710286140442
Jackass_Butte,0725,585,456,43.02374464038978,-118.92480035153609,0.887539267539978
Jackass_Butte,0725,574,444,43.02671196504523,-118.9292296442013,0.8743523955345154
Jackass_Butte,0725,575,698,43.02644220825837,-118.83547628278771,0.9115281105041504
Jackass_Butte,0725,630,510,43.0116055849811,-118.90486853454266,0.8493720889091492
Jackass_Butte,0725,377,607,43.07985405205655,-118.86906508549887,0.9445282220840454
Jackass_Butte,0725,527,349,43.039390534027625,-118.96429487780088,0.5116147398948669
Jackass_Butte,0725,505,353,43.045325183338534,-118.96281844691248,0.7409123182296753
Jackass_Butte,0725,710,571,42.99002504203234,-118.88235296349451,0.5355767011642456
Jackass_Butte,0725,552,365,43.03264661435614,-118.95838915424727,0.7226700782775879
Jackass_Butte,0725,455,646,43.058813022681505,-118.85466988433694,0.7247453331947327
Jackass_Butte,0725,651,599,43.00594069245705,-118.87201794727568,0.8914223909378052
Jackass_Butte,0725,363,610,43.08363064707258,-118.86795776233258,0.8986575603485107
Jackass_Butte,0725,676,595,42.99919677278557,-118.87349437816408,0.9257932901382446
Jackass_Butte,0725,403,628,43.072840375598204,-118.86131382333477,0.5874688625335693
Jackass_Butte,0725,479,373,43.05233885979688,-118.95543629247047,0.7540004253387451
Jackass_Butte,0725,653,574,43.00540117888333,-118.8812456403282,0.9781923294067383
Jackass_Butte,0725,326,565,43.09361164818638,-118.88456760982712,0.9286878108978271
Jackass_Butte,0725,409,657,43.07122183487704,-118.85060969939384,0.9076700210571289
Jackass_Butte,0725,349,570,43.08740724208861,-118.8827220712166,0.8509084582328796
Jackass_Butte,0725,464,636,43.056385211599775,-118.85836096155795,0.8850598335266113
Jackass_Butte,0725,545,357,43.03453491186416,-118.96134201602408,0.5001819133758545
Jackass_Butte,0725,336,525,43.09091408031779,-118.89933191871114,0.9365068674087524
Jackass_Butte,0725,444,410,43.06178034733696,-118.94177930675274,0.7647275328636169
Jackass_Butte,0725,495,356,43.04802275120713,-118.96171112374617,0.6559675335884094
Jackass_Butte,0725,652,514,43.005670935670196,-118.90339210365426,0.7150906324386597
Jackass_Butte,0725,540,706,43.035883695798454,-118.8325234210109,0.6671494245529175
Jackass_Butte,0725,660,528,43.003512881375315,-118.89822459554485,0.819368302822113
Jackass_Butte,0725,376,590,43.0801238088434,-118.87533991677459,0.990731954574585
Jackass_Butte,0725,646,608,43.00728947639135,-118.86869597777678,0.7973292469978333
Jackass_Butte,0725,368,581,43.082281863138284,-118.8786618862735,0.9805278778076172
Jackass_Butte,0725,326,615,43.09361164818638,-118.86611222372207,0.9147037267684937
Jackass_Butte,0725,509,677,43.0442461561911,-118.84322754495183,0.9223284721374512
Jackass_Butte,0725,625,499,43.012954368915395,-118.90892871948576,0.7701901793479919
Jackass_Butte,0725,335,502,43.091183837104644,-118.90782139631946,0.639079749584198
Jackass_Butte,0725,453,669,43.059352536255226,-118.84618040672864,0.928538978099823
Jackass_Butte,0725,334,515,43.09145359389151,-118.90302299593215,0.8739191293716431
Jackass_Butte,0725,515,357,43.04262761546994,-118.96134201602408,0.8496336936950684
Jackass_Butte,0725,626,507,43.01268461212854,-118.90597585770895,0.8534994125366211
Jackass_Butte,0725,326,556,43.09361164818638,-118.88788957932601,0.8512684106826782
Jackass_Butte,0725,674,578,42.99973628635929,-118.8797692094398,0.9236258864402771
Jackass_Butte,0725,369,632,43.08201210635142,-118.85983739244637,0.9085655212402344
Jackass_Butte,0725,476,612,43.05314813015746,-118.86721954688838,0.916778028011322
Jackass_Butte,0725,532,357,43.03804175009333,-118.96134201602408,0.8819988965988159
Jackass_Butte,0725,524,685,43.0401998043882,-118.84027468317501,0.9508554339408875
Jackass_Butte,0725,628,606,43.01214509855482,-118.86943419322098,0.912083625793457
Jackass_Butte,0725,521,670,43.041009074748786,-118.84581129900653,0.6581414341926575
Jackass_Butte,0725,647,515,43.00701971960449,-118.90302299593215,0.7843300104141235
Jackass_Butte,0725,643,613,43.00809874675193,-118.86685043916627,0.5893483757972717
Jackass_Butte,0725,553,655,43.03237685756928,-118.85134791483804,0.8861309289932251
Jackass_Butte,0725,316,560,43.096309216054976,-118.88641314843761,0.8400617241859436
Jackass_Butte,0725,411,580,43.07068232130332,-118.8790309939956,0.9642313718795776
Jackass_Butte,0725,439,626,43.06312913127126,-118.86205203877897,0.7758174538612366
Jackass_Butte,0725,526,350,43.03966029081449,-118.96392577007877,0.6487578749656677
Jackass_Butte,0725,564,644,43.029409532913824,-118.85540809978114,0.9125362038612366
Jackass_Butte,0725,567,660,43.02860026255325,-118.84950237622753,0.9615389704704285
Jackass_Butte,0725,554,459,43.03210710078242,-118.9236930283698,0.9601582884788513
Jackass_Butte,0725,560,380,43.030488560061265,-118.95285253841575,0.7960398197174072
Jackass_Butte,0725,624,508,43.01322412570226,-118.90560674998686,0.8569635152816772
Jackass_Butte,0725,482,671,43.0515295894363,-118.84544219128443,0.897017240524292
Jackass_Butte,0725,357,607,43.085249187793735,-118.86906508549887,0.8434563875198364
Jackass_Butte,0725,531,353,43.03831150688019,-118.96281844691248,0.7613043189048767
Jackass_Butte,0725,328,532,43.09307213461266,-118.89674816465644,0.8755655884742737
Jackass_Butte,0725,393,589,43.0755379434668,-118.87570902449669,0.9907103180885315
Jackass_Butte,0725,353,607,43.086328214941176,-118.86906508549887,0.8612362146377563
Jackass_Butte,0725,388,630,43.076886727401096,-118.86057560789057,0.6048909425735474
Jackass_Butte,0725,341,574,43.08956529638349,-118.8812456403282,0.8932164907455444
Jackass_Butte,0725,517,656,43.04208810189622,-118.85097880711594,0.8794788718223572
Jackass_Butte,0725,471,397,43.05449691409176,-118.94657770714004,0.8847189545631409
Jackass_Butte,0725,393,609,43.0755379434668,-118.86832687005467,0.9618806838989258
Jackass_Butte,0725,328,554,43.09307213461266,-118.88862779477022,0.8762202858924866
Jackass_Butte,0725,654,636,43.005131422096476,-118.85836096155795,0.7644516825675964
Jackass_Butte,0725,521,678,43.041009074748786,-118.84285843722972,0.8191046118736267
Jackass_Butte,0725,661,631,43.00324312458846,-118.86020650016846,0.840278685092926
Jackass_Butte,0725,342,611,43.08929553959663,-118.86758865461047,0.9156421422958374
Jackass_Butte,0725,565,625,43.02913977612697,-118.86242114650106,0.9297845959663391
Jackass_Butte,0725,340,558,43.08983505317035,-118.88715136388181,0.8369548916816711
Jackass_Butte,0725,499,350,43.046943724059695,-118.96392577007877,0.5839205384254456
Jackass_Butte,0725,644,596,43.00782898996507,-118.87312527044199,0.9162909388542175
Jackass_Butte,0725,462,642,43.056924725173495,-118.85614631522535,0.9043573141098022
Jackass_Butte,0725,550,700,43.03318612792986,-118.83473806734351,0.8423302173614502
Jackass_Butte,0725,689,527,42.99568993455639,-118.89859370326694,0.734484851360321
Jackass_Butte,0725,582,461,43.024553910750356,-118.9229548129256,0.8227894306182861
Jackass_Butte,0725,401,628,43.07337988917192,-118.86131382333477,0.5610855221748352
Jackass_Butte,0725,688,568,42.99595969134325,-118.8834602866608,0.9093803763389587
Jackass_Butte,0725,676,535,42.99919677278557,-118.89564084149013,0.8782120943069458
Jackass_Butte,0725,334,532,43.09145359389151,-118.89674816465644,0.925589919090271
Jackass_Butte,0725,558,646,43.031028073634985,-118.85466988433694,0.952970027923584
Jackass_Butte,0725,703,548,42.99191333954036,-118.89084244110282,0.6692671775817871
Jackass_Butte,0725,360,591,43.08443991743316,-118.87497080905248,0.9109798073768616
Jackass_Butte,0725,426,625,43.06663596950043,-118.86242114650106,0.7162949442863464
Jackass_Butte,0725,559,392,43.03075831684812,-118.94842324575055,0.8739028573036194
Jackass_Butte,0725,668,507,43.00135482708044,-118.90597585770895,0.6531663537025452
Jackass_Butte,0725,654,620,43.005131422096476,-118.86426668511157,0.8615214824676514
Jackass_Butte,0725,656,630,43.004591908522755,-118.86057560789057,0.8083398342132568
Jackass_Butte,0725,654,517,43.005131422096476,-118.90228478048795,0.7457163333892822
Jackass_Butte,0725,372,470,43.081202835990844,-118.91963284342668,0.7858073711395264
Jackass_Butte,0725,468,621,43.055306184452334,-118.86389757738947,0.8530693054199219
Jackass_Butte,0725,505,657,43.045325183338534,-118.85060969939384,0.6943433880805969
Jackass_Butte,0725,674,519,42.99973628635929,-118.90154656504374,0.6443074941635132
Jackass_Butte,0725,693,527,42.994610907408955,-118.89859370326694,0.5734524726867676
Jackass_Butte,0725,330,602,43.09253262103894,-118.87091062410938,0.919462263584137
Jackass_Butte,0725,556,634,43.0315675872087,-118.85909917700215,0.924675703048706
Jackass_Butte,0725,646,596,43.00728947639135,-118.87312527044199,0.9246241450309753
Jackass_Butte,0725,546,392,43.0342651550773,-118.94842324575055,0.9194762110710144
Jackass_Butte,0725,648,606,43.00674996281763,-118.86943419322098,0.8248595595359802
Jackass_Butte,0725,672,594,43.000275799933,-118.87386348588619,0.9378920197486877
Jackass_Butte,0725,372,579,43.081202835990844,-118.8794001017177,0.9882199168205261
Jackass_Butte,0725,534,675,43.03750223651961,-118.84396576039603,0.8261478543281555
Jackass_Butte,0725,488,624,43.049911048715146,-118.86279025422317,0.8895279765129089
Jackass_Butte,0725,387,564,43.07715648418795,-118.88493671754921,0.9890238046646118
Jackass_Butte,0725,418,662,43.068794023795306,-118.84876416078333,0.7354611754417419
Jackass_Butte,0725,455,616,43.058813022681505,-118.86574311599998,0.8360486626625061
Jackass_Butte,0725,394,649,43.075268186679935,-118.85356256117065,0.8221330046653748
Jackass_Butte,0725,329,537,43.092802377825805,-118.89490262604593,0.86476069688797
Jackass_Butte,0725,488,662,43.049911048715146,-118.84876416078333,0.853314995765686
Jackass_Butte,0725,696,530,42.99380163704838,-118.89748638010064,0.5084746479988098
Jackass_Butte,0725,369,592,43.08201210635142,-118.87460170133039,0.9768657684326172
Jackass_Butte,0725,649,524,43.00648020603077,-118.89970102643325,0.843281090259552
Jackass_Butte,0725,686,602,42.99649920491697,-118.87091062410938,0.8089846968650818
Jackass_Butte,0725,394,585,43.075268186679935,-118.87718545538509,0.9868899583816528
Jackass_Butte,0725,645,620,43.007559233178206,-118.86426668511157,0.8476506471633911
Jackass_Butte,0725,565,442,43.02913977612697,-118.9299678596455,0.8909125328063965
Jackass_Butte,0725,512,692,43.043436885830516,-118.83769092912031,0.8743747472763062
Jackass_Butte,0725,655,600,43.00486166530961,-118.87164883955359,0.8318738341331482
Jackass_Butte,0725,683,529,42.99730847527755,-118.89785548782274,0.7842893600463867
Jackass_Butte,0725,468,667,43.055306184452334,-118.84691862217284,0.9068205952644348
Jackass_Butte,0725,351,632,43.086867728514896,-118.85983739244637,0.919462263584137
Jackass_Butte,0725,377,611,43.07985405205655,-118.86758865461047,0.8273608684539795
Jackass_Butte,0725,437,664,43.06366864484498,-118.84802594533913,0.773795485496521
Jackass_Butte,0725,483,377,43.05125983264944,-118.95395986158206,0.8701927065849304
Jackass_Butte,0725,325,589,43.09388140497324,-118.87570902449669,0.919462263584137
Jackass_Butte,0725,578,400,43.0256329378978,-118.94547038397374,0.8087456822395325
Jackass_Butte,0725,540,680,43.035883695798454,-118.84212022178552,0.9693081378936768
Jackass_Butte,0725,350,593,43.08713748530175,-118.87423259360828,0.8989621996879578
Jackass_Butte,0725,682,523,42.997578232064406,-118.90007013415534,0.7854932546615601
Jackass_Butte,0725,332,580,43.09199310746522,-118.8790309939956,0.9080648422241211
Jackass_Butte,0725,540,641,43.035883695798454,-118.85651542294745,0.9537330865859985
Jackass_Butte,0725,323,565,43.09442091854696,-118.88456760982712,0.8825103640556335
Jackass_Butte,0725,464,621,43.056385211599775,-118.86389757738947,0.7739198803901672
Jackass_Butte,0725,443,665,43.06205010412382,-118.84765683761704,0.7174351215362549
Jackass_Butte,0725,628,499,43.01214509855482,-118.90892871948576,0.6285263895988464
Jackass_Butte,0725,330,521,43.09253262103894,-118.90080834959954,0.8685649037361145
Jackass_Butte,0725,369,645,43.08201210635142,-118.85503899205905,0.9227573275566101
Jackass_Butte,0725,462,627,43.056924725173495,-118.86168293105686,0.6819477081298828
Jackass_Butte,0725,700,589,42.99272260990094,-118.87570902449669,0.8867923617362976
Jackass_Butte,0725,367,565,43.08255161992514,-118.88456760982712,0.9347317218780518
Jackass_Butte,0725,490,359,43.049371535141425,-118.96060380057988,0.6807299852371216
Jackass_Butte,0725,345,616,43.08848626923605,-118.86574311599998,0.9174791574478149
Jackass_Butte,0725,563,635,43.02967928970069,-118.85873006928006,0.8799693584442139
Jackass_Butte,0725,414,624,43.069873050942746,-118.86279025422317,0.7256024479866028
Jackass_Butte,0725,510,666,43.04397639940424,-118.84728772989493,0.788216233253479
Jackass_Butte,0725,321,552,43.09496043212068,-118.88936601021442,0.8261740803718567
Jackass_Butte,0725,548,632,43.03372564150358,-118.85983739244637,0.9055798649787903
Jackass_Butte,0725,475,657,43.05341788694432,-118.85060969939384,0.8751594424247742
Jackass_Butte,0725,669,602,43.001085070293584,-118.87091062410938,0.9313016533851624
Jackass_Butte,0725,591,480,43.02212609966862,-118.91594176620568,0.8826804161071777
Jackass_Butte,0725,389,652,43.07661697061423,-118.85245523800434,0.9040994644165039
Jackass_Butte,0725,560,698,43.030488560061265,-118.83547628278771,0.9281885623931885
Jackass_Butte,0725,557,647,43.03129783042184,-118.85430077661485,0.9628890156745911
Jackass_Butte,0725,344,552,43.08875602602291,-118.88936601021442,0.8490692377090454
Jackass_Butte,0725,585,416,43.02374464038978,-118.93956466042013,0.8600265383720398
Jackass_Butte,0725,575,702,43.02644220825837,-118.8339998518993,0.7977403998374939
Jackass_Butte,0725,371,561,43.0814725927777,-118.88604404071552,0.9250229597091675
Jackass_Butte,0725,540,701,43.035883695798454,-118.8343689596214,0.8027827739715576
Jackass_Butte,0725,407,610,43.071761348450764,-118.86795776233258,0.9741026163101196
Jackass_Butte,0725,536,367,43.036962722945894,-118.95765093880307,0.9283726811408997
Jackass_Butte,0725,349,557,43.08740724208861,-118.88752047160392,0.7582643032073975
Jackass_Butte,0725,536,677,43.036962722945894,-118.84322754495183,0.9345602989196777
Jackass_Butte,0725,445,629,43.0615105905501,-118.86094471561266,0.6255942583084106
Jackass_Butte,0725,627,600,43.01241485534168,-118.87164883955359,0.9160563945770264
Jackass_Butte,0725,306,546,43.09900678392357,-118.89158065654702,0.818330705165863
Jackass_Butte,0725,637,591,43.00971728747309,-118.87497080905248,0.9287438988685608
Jackass_Butte,0725,488,655,43.049911048715146,-118.85134791483804,0.7674893736839294
Jackass_Butte,0725,314,566,43.0968487296287,-118.88419850210501,0.9167225956916809
Jackass_Butte,0725,549,670,43.033455884716716,-118.84581129900653,0.8801456093788147
Jackass_Butte,0725,372,589,43.081202835990844,-118.87570902449669,0.9845191836357117
Jackass_Butte,0725,339,614,43.090104809957204,-118.86648133144418,0.9173085689544678
Jackass_Butte,0725,300,544,43.100625324644724,-118.89231887199122,0.8754525780677795
Jackass_Butte,0725,538,677,43.036423209372174,-118.84322754495183,0.9109656810760498
Jackass_Butte,0725,451,637,43.059892049828946,-118.85799185383586,0.5886165499687195
Jackass_Butte,0725,600,608,43.01969828858689,-118.86869597777678,0.8781598210334778
Jackass_Butte,0725,317,568,43.09603945926811,-118.8834602866608,0.9129430055618286
Jackass_Butte,0725,427,625,43.066366212713575,-118.86242114650106,0.7232041358947754
Jackass_Butte,0725,417,623,43.06906378058217,-118.86315936194526,0.7909226417541504
Jackass_Butte,0725,558,645,43.031028073634985,-118.85503899205905,0.9610863327980042
Jackass_Butte,0725,391,608,43.07607745704051,-118.86869597777678,0.9741401672363281
Jackass_Butte,0725,504,673,43.0455949401254,-118.84470397584023,0.8960620164871216
Jackass_Butte,0725,693,539,42.994610907408955,-118.89416441060173,0.7994458079338074
Jackass_Butte,0725,328,555,43.09307213461266,-118.88825868704812,0.8649774789810181
Jackass_Butte,0725,362,597,43.08390040385944,-118.87275616271988,0.9019709229469299
Jackass_Butte,0725,576,696,43.02617245147151,-118.83621449823191,0.9436883330345154
Jackass_Butte,0725,483,643,43.05125983264944,-118.85577720750325,0.6772444844245911
Jackass_Butte,0725,616,603,43.01538217999713,-118.87054151638728,0.9018981456756592
Jackass_Butte,0725,379,624,43.079314538482826,-118.86279025422317,0.7655746340751648
Jackass_Butte,0725,492,694,43.048832021567705,-118.83695271367611,0.8449476361274719
Jackass_Butte,0725,492,695,43.048832021567705,-118.836583605954,0.8541982173919678
Jackass_Butte,0725,518,661,43.04181834510936,-118.84913326850544,0.8256742358207703
Jackass_Butte,0725,588,620,43.022935370029195,-118.86426668511157,0.8599348664283752
Jackass_Butte,0725,540,358,43.035883695798454,-118.96097290830197,0.8086063265800476
Jackass_Butte,0725,339,601,43.090104809957204,-118.87127973183148,0.9220667481422424
Jackass_Butte,0725,339,589,43.090104809957204,-118.87570902449669,0.9003573060035706
Jackass_Butte,0725,623,496,43.013493882489115,-118.91003604265207,0.7046671509742737
Jackass_Butte,0725,666,526,43.00189434065416,-118.89896281098905,0.8025729656219482
Jackass_Butte,0725,373,586,43.08093307920399,-118.876816347663,0.9828129410743713
Jackass_Butte,0725,572,431,43.02725147861895,-118.93402804458862,0.9080067276954651
Jackass_Butte,0725,360,635,43.08443991743316,-118.85873006928006,0.9225504994392395
Jackass_Butte,0725,389,569,43.07661697061423,-118.88309117893871,0.9828945994377136
Jackass_Butte,0725,575,472,43.02644220825837,-118.91889462798248,0.9312703013420105
Jackass_Butte,0725,392,623,43.075807700253655,-118.86315936194526,0.6776146292686462
Jackass_Butte,0725,557,663,43.03129783042184,-118.84839505306124,0.9453803896903992
Jackass_Butte,0725,398,656,43.0741891595325,-118.85097880711594,0.8922507166862488
Jackass_Butte,0725,572,635,43.02725147861895,-118.85873006928006,0.5522182583808899
Jackass_Butte,0725,454,400,43.05908277946837,-118.94547038397374,0.6775550842285156
Jackass_Butte,0725,346,574,43.08821651244919,-118.8812456403282,0.9196680784225464
Jackass_Butte,0725,465,632,43.05611545481291,-118.85983739244637,0.850292980670929
Jackass_Butte,0725,373,631,43.08093307920399,-118.86020650016846,0.8941429257392883
Jackass_Butte,0725,414,580,43.069873050942746,-118.8790309939956,0.9580073952674866
Jackass_Butte,0725,588,450,43.022935370029195,-118.9270149978687,0.8270610570907593
Jackass_Butte,0725,400,574,43.07364964595878,-118.8812456403282,0.9882833361625671
Jackass_Butte,0725,381,615,43.078775024909106,-118.86611222372207,0.7647706270217896
Jackass_Butte,0725,406,584,43.07203110523762,-118.8775545631072,0.9711076617240906
Jackass_Butte,0725,501,356,43.046404210485974,-118.96171112374617,0.8016224503517151
Jackass_Butte,0725,605,605,43.01834950465259,-118.86980330094308,0.8732178807258606
Jackass_Butte,0725,329,542,43.092802377825805,-118.89305708743542,0.8351488709449768
Jackass_Butte,0725,353,599,43.086328214941176,-118.87201794727568,0.8241252303123474
Jackass_Butte,0725,553,634,43.03237685756928,-118.85909917700215,0.9011580944061279
Jackass_Butte,0725,334,588,43.09145359389151,-118.8760781322188,0.9069867730140686
Jackass_Butte,0725,667,510,43.0016245838673,-118.90486853454266,0.7521715760231018
Jackass_Butte,0725,346,598,43.08821651244919,-118.87238705499779,0.896826446056366
Jackass_Butte,0725,342,589,43.08929553959663,-118.87570902449669,0.8907344341278076
Jackass_Butte,0725,342,566,43.08929553959663,-118.88419850210501,0.8452293872833252
Jackass_Butte,0725,709,579,42.9902947988192,-118.8794001017177,0.594444215297699
Jackass_Butte,0725,511,357,43.04370664261738,-118.96134201602408,0.8504840135574341
Jackass_Butte,0725,470,392,43.054766670878614,-118.94842324575055,0.8660598993301392
Jackass_Butte,0725,497,648,43.04748323763341,-118.85393166889274,0.5719166994094849
Jackass_Butte,0725,414,623,43.069873050942746,-118.86315936194526,0.7239917516708374
Jackass_Butte,0725,352,564,43.08659797172803,-118.88493671754921,0.6653417944908142
Jackass_Butte,0725,680,613,42.998117745638126,-118.86685043916627,0.5777686238288879
Jackass_Butte,0725,666,584,43.00189434065416,-118.8775545631072,0.9636255502700806
Jackass_Butte,0725,674,577,42.99973628635929,-118.88013831716191,0.9208204746246338
Jackass_Butte,0725,345,601,43.08848626923605,-118.87127973183148,0.9182775020599365
Jackass_Butte,0725,506,661,43.04505542655168,-118.84913326850544,0.7434176802635193
Jackass_Butte,0725,493,698,43.04856226478085,-118.83547628278771,0.8762106895446777
Jackass_Butte,0725,505,688,43.045325183338534,-118.83916736000872,0.9005124568939209
Jackass_Butte,0725,616,487,43.01538217999713,-118.91335801215098,0.5030274391174316
Jackass_Butte,0725,382,628,43.07850526812225,-118.86131382333477,0.7986330389976501
Jackass_Butte,0725,331,618,43.092262864252085,-118.86500490055577,0.9163992404937744
Jackass_Butte,0725,484,386,43.050990075862586,-118.95063789208315,0.905134916305542
Jackass_Butte,0725,638,627,43.009447530686224,-118.86168293105686,0.6708713173866272
Jackass_Butte,0725,646,522,43.00728947639135,-118.90043924187745,0.843281090259552
Jackass_Butte,0725,432,665,43.06501742877928,-118.84765683761704,0.835512638092041
Jackass_Butte,0725,682,540,42.997578232064406,-118.89379530287962,0.8530105948448181
Jackass_Butte,0725,460,410,43.05746423874721,-118.94177930675274,0.8809714317321777
Jackass_Butte,0725,541,357,43.0356139390116,-118.96134201602408,0.7208475470542908
Jackass_Butte,0725,547,629,43.033995398290436,-118.86094471561266,0.9162542223930359
Jackass_Butte,0725,642,627,43.00836850353879,-118.86168293105686,0.7404297590255737
Jackass_Butte,0725,549,636,43.033455884716716,-118.85836096155795,0.8976736664772034
Jackass_Butte,0725,473,385,43.05395740051804,-118.95100699980526,0.829624593257904
Jackass_Butte,0725,586,452,43.023474883602915,-118.9262767824245,0.8749926090240479
Jackass_Butte,0725,554,657,43.03210710078242,-118.85060969939384,0.886531412601471
Jackass_Butte,0725,662,604,43.002973367801594,-118.87017240866518,0.7902730703353882
Jackass_Butte,0725,692,595,42.99488066419581,-118.87349437816408,0.9217281341552734
Jackass_Butte,0725,347,544,43.08794675566233,-118.89231887199122,0.9303167462348938
Jackass_Butte,0725,415,622,43.06960329415589,-118.86352846966737,0.7847830653190613
Jackass_Butte,0725,542,369,43.03534418222473,-118.95691272335887,0.8951234221458435
Jackass_Butte,0725,680,608,42.998117745638126,-118.86869597777678,0.6654176115989685
Jackass_Butte,0725,589,615,43.02266561324234,-118.86611222372207,0.869327187538147
Jackass_Butte,0725,334,598,43.09145359389151,-118.87238705499779,0.919462263584137
Jackass_Butte,0725,385,618,43.07769599776167,-118.86500490055577,0.7661997079849243
Jackass_Butte,0725,570,459,43.02779099219267,-118.9236930283698,0.9190645217895508
Jackass_Butte,0725,644,514,43.00782898996507,-118.90339210365426,0.8203781843185425
Jackass_Butte,0725,410,623,43.07095207809019,-118.86315936194526,0.7288587689399719
Jackass_Butte,0725,408,650,43.0714915916639,-118.85319345344854,0.7428211569786072
Jackass_Butte,0725,551,648,43.032916371142996,-118.85393166889274,0.959805965423584
Jackass_Butte,0725,512,666,43.043436885830516,-118.84728772989493,0.7611364126205444
Jackass_Butte,0725,686,607,42.99649920491697,-118.86906508549887,0.7212309241294861
Jackass_Butte,0725,684,596,42.99703871849069,-118.87312527044199,0.9208731651306152
Jackass_Butte,0725,673,603,43.00000604314614,-118.87054151638728,0.9482291340827942
Jackass_Butte,0725,471,637,43.05449691409176,-118.85799185383586,0.92598557472229
Jackass_Butte,0725,574,436,43.02671196504523,-118.93218250597812,0.895085871219635
Jackass_Butte,0725,672,509,43.000275799933,-118.90523764226475,0.7178914546966553
Jackass_Butte,0725,661,586,43.00324312458846,-118.876816347663,0.9664326310157776
Jackass_Butte,0725,646,528,43.00728947639135,-118.89822459554485,0.8490146398544312
Jackass_Butte,0725,325,553,43.09388140497324,-118.88899690249232,0.8028388023376465
Jackass_Butte,0725,376,458,43.0801238088434,-118.92406213609189,0.7615789175033569
Jackass_Butte,0725,369,597,43.08201210635142,-118.87275616271988,0.9702178835868835
Jackass_Butte,0725,309,549,43.098197513562994,-118.89047333338073,0.5616096258163452
Jackass_Butte,0725,383,557,43.07823551133539,-118.88752047160392,0.9799622893333435
Jackass_Butte,0725,539,680,43.03615345258531,-118.84212022178552,0.9564889669418335
Jackass_Butte,0725,484,678,43.050990075862586,-118.84285843722972,0.9130016565322876
Jackass_Butte,0725,417,586,43.06906378058217,-118.876816347663,0.9612301588058472
Jackass_Butte,0725,540,703,43.035883695798454,-118.8336307441772,0.710983157157898
Jackass_Butte,0725,339,595,43.090104809957204,-118.87349437816408,0.9191615581512451
Jackass_Butte,0725,555,650,43.03183734399556,-118.85319345344854,0.9263660907745361
Jackass_Butte,0725,561,643,43.0302188032744,-118.85577720750325,0.9139739871025085
Jackass_Butte,0725,638,619,43.009447530686224,-118.86463579283367,0.6173530220985413
Jackass_Butte,0725,679,542,42.99838750242499,-118.89305708743542,0.8911787867546082
Jackass_Butte,0725,655,517,43.00486166530961,-118.90228478048795,0.7317404747009277
Jackass_Butte,0725,636,603,43.009987044259944,-118.87054151638728,0.9193196892738342
Jackass_Butte,0725,641,525,43.00863826032565,-118.89933191871114,0.8485697507858276
Jackass_Butte,0725,673,523,43.00000604314614,-118.90007013415534,0.7751542329788208
Jackass_Butte,0725,341,616,43.08956529638349,-118.86574311599998,0.911141037940979
Jackass_Butte,0725,547,697,43.033995398290436,-118.8358453905098,0.8949203491210938
Jackass_Butte,0725,387,571,43.07715648418795,-118.88235296349451,0.9905222654342651
Jackass_Butte,0725,648,576,43.00674996281763,-118.880507424884,0.9710556268692017
Jackass_Butte,0725,500,349,43.04667396727283,-118.96429487780088,0.5559161305427551
Jackass_Butte,0725,547,642,43.033995398290436,-118.85614631522535,0.9163675904273987
Jackass_Butte,0725,641,506,43.00863826032565,-118.90634496543106,0.6651456356048584
Jackass_Butte,0725,693,546,42.994610907408955,-118.89158065654702,0.8457467555999756
Jackass_Butte,0725,489,372,43.04964129192829,-118.95580540019256,0.9144253134727478
Jackass_Butte,0725,635,625,43.0102568010468,-118.86242114650106,0.6337969303131104
Jackass_Butte,0725,336,590,43.09091408031779,-118.87533991677459,0.8951881527900696
Jackass_Butte,0725,571,639,43.02752123540581,-118.85725363839165,0.7398573756217957
Jackass_Butte,0725,494,644,43.04829250799399,-118.85540809978114,0.6526745557785034
Jackass_Butte,0725,408,436,43.0714915916639,-118.93218250597812,0.7058230042457581
Jackass_Butte,0725,690,592,42.99542017776953,-118.87460170133039,0.9182805418968201
Jackass_Butte,0725,338,584,43.09037456674407,-118.8775545631072,0.8998512029647827
Jackass_Butte,0725,559,626,43.03075831684812,-118.86205203877897,0.9293652176856995
Jackass_Butte,0725,534,702,43.03750223651961,-118.8339998518993,0.6451495289802551
Jackass_Butte,0725,690,540,42.99542017776953,-118.89379530287962,0.843281090259552
Jackass_Butte,0725,695,599,42.994071393835235,-118.87201794727568,0.6021476984024048
Jackass_Butte,0725,564,650,43.029409532913824,-118.85319345344854,0.9526664614677429
Jackass_Butte,0725,632,625,43.011066071407384,-118.86242114650106,0.5210870504379272
Jackass_Butte,0725,550,457,43.03318612792986,-118.924431243814,0.9753718972206116
Jackass_Butte,0725,674,511,42.99973628635929,-118.90449942682055,0.6377165913581848
Jackass_Butte,0725,563,375,43.02967928970069,-118.95469807702626,0.6091688275337219
Jackass_Butte,0725,665,600,43.00216409744102,-118.87164883955359,0.9346854090690613
Jackass_Butte,0725,366,624,43.082821376712005,-118.86279025422317,0.8704797029495239
Jackass_Butte,0725,472,628,43.0542271573049,-118.86131382333477,0.8517682552337646
Jackass_Butte,0725,479,385,43.05233885979688,-118.95100699980526,0.8723220825195312
Jackass_Butte,0725,324,580,43.0941511617601,-118.8790309939956,0.9199684262275696
Jackass_Butte,0725,573,457,43.026981721832094,-118.924431243814,0.9180670976638794
Jackass_Butte,0725,690,555,42.99542017776953,-118.88825868704812,0.92584627866745
Jackass_Butte,0725,637,518,43.00971728747309,-118.90191567276585,0.8453333377838135
Jackass_Butte,0725,501,670,43.046404210485974,-118.84581129900653,0.8528568148612976
Jackass_Butte,0725,691,554,42.995150420982675,-118.88862779477022,0.926611065864563
Jackass_Butte,0725,437,621,43.06366864484498,-118.86389757738947,0.8601786494255066
Jackass_Butte,0725,562,689,43.029949046487545,-118.83879825228661,0.9841569662094116
Jackass_Butte,0725,478,652,43.05260861658374,-118.85245523800434,0.8467841148376465
Jackass_Butte,0725,366,642,43.082821376712005,-118.85614631522535,0.9229599833488464
Jackass_Butte,0725,589,419,43.02266561324234,-118.93845733725382,0.8153370022773743
Jackass_Butte,0725,484,377,43.050990075862586,-118.95395986158206,0.8746027946472168
Jackass_Butte,0725,398,616,43.0741891595325,-118.86574311599998,0.8345546126365662
Jackass_Butte,0725,361,592,43.0841701606463,-118.87460170133039,0.9150314331054688
Jackass_Butte,0725,512,349,43.043436885830516,-118.96429487780088,0.7156639099121094
Jackass_Butte,0725,579,396,43.02536318111093,-118.94694681486214,0.590620756149292
Jackass_Butte,0725,569,451,43.02806074897953,-118.9266458901466,0.9191890954971313
Jackass_Butte,0725,699,569,42.992992366687794,-118.88309117893871,0.8642582893371582
Jackass_Butte,0725,340,506,43.08983505317035,-118.90634496543106,0.7538658976554871
Jackass_Butte,0725,552,653,43.03264661435614,-118.85208613028225,0.9167762398719788
Jackass_Butte,0725,567,444,43.02860026255325,-118.9292296442013,0.8912362456321716
Jackass_Butte,0725,602,485,43.01915877501317,-118.91409622759518,0.8630958795547485
Jackass_Butte,0725,661,618,43.00324312458846,-118.86500490055577,0.8602308034896851
Jackass_Butte,0725,529,669,43.038851020453905,-118.84618040672864,0.7594587802886963
Jackass_Butte,0725,671,618,43.000545556719864,-118.86500490055577,0.6325007677078247
Jackass_Butte,0725,386,447,43.07742624097481,-118.928122321035,0.6061350107192993
Jackass_Butte,0725,566,633,43.028870019340104,-118.85946828472426,0.836270809173584
Jackass_Butte,0725,581,440,43.02482366753721,-118.9307060750897,0.7759100794792175
Jackass_Butte,0725,559,700,43.03075831684812,-118.83473806734351,0.9008617401123047
Jackass_Butte,0725,580,617,43.025093424324076,-118.86537400827787,0.9015575051307678
Jackass_Butte,0725,343,498,43.08902578280977,-118.90929782720787,0.6131641864776611
Jackass_Butte,0725,385,578,43.07769599776167,-118.8797692094398,0.9918110966682434
Jackass_Butte,0725,355,629,43.085788701367456,-118.86094471561266,0.9258840680122375
Jackass_Butte,0725,433,421,43.064747671992414,-118.93771912180962,0.7565094232559204
Jackass_Butte,0725,366,467,43.082821376712005,-118.92074016659299,0.6054466962814331
Jackass_Butte,0725,621,616,43.014033396062835,-118.86574311599998,0.5142963528633118
Jackass_Butte,0725,501,694,43.046404210485974,-118.83695271367611,0.8736245036125183
Jackass_Butte,0725,379,590,43.079314538482826,-118.87533991677459,0.9913883805274963
Jackass_Butte,0725,508,663,43.04451591297796,-118.84839505306124,0.7491737604141235
Jackass_Butte,0725,567,654,43.02860026255325,-118.85171702256014,0.9141917824745178
Jackass_Butte,0725,315,554,43.09657897284183,-118.88862779477022,0.5747173428535461
Jackass_Butte,0725,349,553,43.08740724208861,-118.88899690249232,0.810983419418335
Jackass_Butte,0725,569,462,43.02806074897953,-118.92258570520349,0.9188182950019836
Jackass_Butte,0725,670,621,43.00081531350672,-118.86389757738947,0.6626508235931396
Jackass_Butte,0725,496,675,43.04775299442027,-118.84396576039603,0.891899585723877
Jackass_Butte,0725,450,660,43.0601618066158,-118.84950237622753,0.7386670708656311
Jackass_Butte,0725,448,648,43.06070132018952,-118.85393166889274,0.6064378619194031
Jackass_Butte,0725,482,655,43.0515295894363,-118.85134791483804,0.8410112261772156
Jackass_Butte,0725,426,666,43.06663596950043,-118.84728772989493,0.7443469166755676
Jackass_Butte,0725,682,582,42.997578232064406,-118.8782927785514,0.8426445126533508
Jackass_Butte,0725,332,534,43.09199310746522,-118.89600994921224,0.8855152726173401
Jackass_Butte,0725,567,629,43.02860026255325,-118.86094471561266,0.8857740163803101
Jackass_Butte,0725,493,368,43.04856226478085,-118.95728183108096,0.9188435673713684
Jackass_Butte,0725,673,513,43.00000604314614,-118.90376121137635,0.5588764548301697
Jackass_Butte,0725,623,614,43.013493882489115,-118.86648133144418,0.5579673051834106
Jackass_Butte,0725,548,455,43.03372564150358,-118.9251694592582,0.9746338129043579
Jackass_Butte,0725,576,621,43.02617245147151,-118.86389757738947,0.8880765438079834
Jackass_Butte,0725,502,637,43.04613445369911,-118.85799185383586,0.8838148713111877
Jackass_Butte,0725,566,403,43.028870019340104,-118.94436306080743,0.9166477918624878
Jackass_Butte,0725,385,581,43.07769599776167,-118.8786618862735,0.9948546290397644
Jackass_Butte,0725,462,638,43.056924725173495,-118.85762274611375,0.8143046498298645
Jackass_Butte,0725,633,520,43.01079631462052,-118.90117745732165,0.853811502456665
Jackass_Butte,0725,330,528,43.09253262103894,-118.89822459554485,0.895280122756958
Jackass_Butte,0725,466,651,43.055845698026054,-118.85282434572645,0.9329454302787781
Jackass_Butte,0725,557,674,43.03129783042184,-118.84433486811812,0.9296208024024963
Jackass_Butte,0725,404,589,43.07257061881134,-118.87570902449669,0.9834082126617432
Jackass_Butte,0725,478,668,43.05260861658374,-118.84654951445073,0.8859902620315552
Jackass_Butte,0725,562,391,43.029949046487545,-118.94879235347264,0.8662983775138855
Jackass_Butte,0725,398,572,43.0741891595325,-118.8819838557724,0.9858810901641846
Jackass_Butte,0725,510,684,43.04397639940424,-118.84064379089712,0.9449983835220337
Jackass_Butte,0725,709,581,42.9902947988192,-118.8786618862735,0.5880764722824097
Jackass_Butte,0725,325,569,43.09388140497324,-118.88309117893871,0.9048954844474792
Jackass_Butte,0725,701,566,42.99245285311408,-118.88419850210501,0.8281220197677612
Jackass_Butte,0725,565,386,43.02913977612697,-118.95063789208315,0.7583191394805908
Jackass_Butte,0725,479,389,43.05233885979688,-118.94953056891686,0.887790858745575
Jackass_Butte,0725,344,502,43.08875602602291,-118.90782139631946,0.7369158267974854
Jackass_Butte,0725,627,615,43.01241485534168,-118.86611222372207,0.5944329500198364
Jackass_Butte,0725,339,536,43.090104809957204,-118.89527173376803,0.9328128099441528
Jackass_Butte,0725,337,617,43.090644323530924,-118.86537400827787,0.912445068359375
Jackass_Butte,0725,363,636,43.08363064707258,-118.85836096155795,0.9320111274719238
Jackass_Butte,0725,313,547,43.09711848641555,-118.89121154882493,0.582355797290802
Jackass_Butte,0725,375,580,43.08039356563027,-118.8790309939956,0.9841959476470947
Jackass_Butte,0725,345,552,43.08848626923605,-118.88936601021442,0.855201244354248
Jackass_Butte,0725,324,528,43.0941511617601,-118.89822459554485,0.8400496244430542
Jackass_Butte,0725,360,646,43.08443991743316,-118.85466988433694,0.919462263584137
Jackass_Butte,0725,580,691,43.025093424324076,-118.8380600368424,0.8812836408615112
Jackass_Butte,0725,387,614,43.07715648418795,-118.86648133144418,0.8816354274749756
Jackass_Butte,0725,594,613,43.02131682930804,-118.86685043916627,0.861869752407074
Jackass_Butte,0725,344,540,43.08875602602291,-118.89379530287962,0.952400267124176
Jackass_Butte,0725,609,498,43.01727047750515,-118.90929782720787,0.8751710057258606
Jackass_Butte,0725,333,600,43.091723350678365,-118.87164883955359,0.919030487537384
Jackass_Butte,0725,321,588,43.09496043212068,-118.8760781322188,0.919462263584137
Jackass_Butte,0725,575,408,43.02644220825837,-118.94251752219694,0.8655816316604614
Jackass_Butte,0725,691,571,42.995150420982675,-118.88235296349451,0.8913154602050781
Jackass_Butte,0725,386,653,43.07742624097481,-118.85208613028225,0.9116296768188477
Jackass_Butte,0725,322,548,43.094690675333815,-118.89084244110282,0.6902934312820435
Jackass_Butte,0725,543,638,43.03507442543788,-118.85762274611375,0.9017203450202942
Jackass_Butte,0725,341,569,43.08956529638349,-118.88309117893871,0.9082021713256836
Jackass_Butte,0725,609,483,43.01727047750515,-118.91483444303938,0.6479189991950989
Jackass_Butte,0725,299,545,43.10089508143159,-118.89194976426913,0.902258574962616
Jackass_Butte,0725,523,691,43.040469561175065,-118.8380600368424,0.8472778797149658
Jackass_Butte,0725,509,666,43.0442461561911,-118.84728772989493,0.7917963266372681
Jackass_Butte,0725,471,379,43.05449691409176,-118.95322164613786,0.6984061002731323
Jackass_Butte,0725,589,411,43.02266561324234,-118.94141019903063,0.5198605060577393
Jackass_Butte,0725,400,629,43.07364964595878,-118.86094471561266,0.553294837474823
Jackass_Butte,0725,501,688,43.046404210485974,-118.83916736000872,0.8936589360237122
Jackass_Butte,0725,594,464,43.02131682930804,-118.92184748975929,0.5301357507705688
Jackass_Butte,0725,655,588,43.00486166530961,-118.8760781322188,0.9533035159111023
Jackass_Butte,0725,682,531,42.997578232064406,-118.89711727237854,0.7993906736373901
Jackass_Butte,0725,475,624,43.05341788694432,-118.86279025422317,0.8907907009124756
Jackass_Butte,0725,697,592,42.993531880261514,-118.87460170133039,0.890820324420929
Jackass_Butte,0725,465,628,43.05611545481291,-118.86131382333477,0.7738548517227173
Jackass_Butte,0725,498,356,43.04721348084655,-118.96171112374617,0.8187195658683777
Jackass_Butte,0725,569,398,43.02806074897953,-118.94620859941794,0.8533743023872375
Jackass_Butte,0725,392,615,43.075807700253655,-118.86611222372207,0.8669458031654358
Jackass_Butte,0725,669,619,43.001085070293584,-118.86463579283367,0.6335200667381287
Jackass_Butte,0725,686,526,42.99649920491697,-118.89896281098905,0.7958521842956543
Jackass_Butte,0725,546,703,43.0342651550773,-118.8336307441772,0.6192445755004883
Jackass_Butte,0725,394,610,43.075268186679935,-118.86795776233258,0.9587529897689819
Jackass_Butte,0725,565,629,43.02913977612697,-118.86094471561266,0.8992986679077148
Jackass_Butte,0725,463,651,43.05665496838663,-118.85282434572645,0.8236486315727234
Jackass_Butte,0725,558,372,43.031028073634985,-118.95580540019256,0.7280188202857971
Jackass_Butte,0725,345,489,43.08848626923605,-118.91261979670676,0.6042726635932922
Jackass_Butte,0725,531,664,43.03831150688019,-118.84802594533913,0.8331190347671509
Jackass_Butte,0725,452,630,43.05962229304209,-118.86057560789057,0.6221111416816711
Jackass_Butte,0725,570,654,43.02779099219267,-118.85171702256014,0.7529690861701965
Jackass_Butte,0725,666,572,43.00189434065416,-118.8819838557724,0.9581483006477356
Jackass_Butte,0725,495,639,43.04802275120713,-118.85725363839165,0.8465166687965393
Jackass_Butte,0725,381,589,43.078775024909106,-118.87570902449669,0.9801187515258789
Jackass_Butte,0725,372,652,43.081202835990844,-118.85245523800434,0.9216318726539612
Jackass_Butte,0725,380,605,43.07904478169597,-118.86980330094308,0.9532691836357117
Jackass_Butte,0725,691,572,42.995150420982675,-118.8819838557724,0.8792868256568909
Jackass_Butte,0725,556,368,43.0315675872087,-118.95728183108096,0.6447427868843079
Jackass_Butte,0725,568,680,43.02833050576639,-118.84212022178552,0.9913659691810608
Jackass_Butte,0725,434,416,43.06447791520556,-118.93956466042013,0.6731400489807129
Jackass_Butte,0725,356,542,43.0855189445806,-118.89305708743542,0.9571510553359985
Jackass_Butte,0725,654,570,43.005131422096476,-118.8827220712166,0.9645133018493652
Jackass_Butte,0725,373,458,43.08093307920399,-118.92406213609189,0.5945048332214355
Jackass_Butte,0725,400,587,43.07364964595878,-118.87644723994089,0.9908708930015564
Jackass_Butte,0725,541,670,43.0356139390116,-118.84581129900653,0.8293127417564392
Jackass_Butte,0725,695,541,42.994071393835235,-118.89342619515753,0.7999637722969055
Jackass_Butte,0725,656,594,43.004591908522755,-118.87386348588619,0.9171513319015503
Jackass_Butte,0725,409,660,43.07122183487704,-118.84950237622753,0.9177883267402649
Jackass_Butte,0725,437,629,43.06366864484498,-118.86094471561266,0.6834739446640015
Jackass_Butte,0725,401,644,43.07337988917192,-118.85540809978114,0.5818964242935181
Jackass_Butte,0725,331,596,43.092262864252085,-118.87312527044199,0.919462263584137
Jackass_Butte,0725,411,628,43.07068232130332,-118.86131382333477,0.6846354007720947
Jackass_Butte,0725,528,672,43.03912077724077,-118.84507308356233,0.7795329689979553
Jackass_Butte,0725,553,710,43.03237685756928,-118.8310469901225,0.620931088924408
Jackass_Butte,0725,561,673,43.0302188032744,-118.84470397584023,0.8314884305000305
Jackass_Butte,0725,446,669,43.06124083376324,-118.84618040672864,0.7191852331161499
Jackass_Butte,0725,370,475,43.081742349564564,-118.91778730481619,0.8227294683456421
Jackass_Butte,0725,354,550,43.08605845815431,-118.89010422565862,0.8820478320121765
Jackass_Butte,0725,388,656,43.076886727401096,-118.85097880711594,0.9174425005912781
Jackass_Butte,0725,702,584,42.99218309632722,-118.8775545631072,0.8842503428459167
Jackass_Butte,0725,417,625,43.06906378058217,-118.86242114650106,0.7735797762870789
Jackass_Butte,0725,543,635,43.03507442543788,-118.85873006928006,0.8874262571334839
Jackass_Butte,0725,407,634,43.071761348450764,-118.85909917700215,0.578856348991394
Jackass_Butte,0725,487,669,43.050180805502,-118.84618040672864,0.8793301582336426
Jackass_Butte,0725,598,605,43.0202378021606,-118.86980330094308,0.8822505474090576
Jackass_Butte,0725,623,495,43.013493882489115,-118.91040515037416,0.6227788925170898
Jackass_Butte,0725,356,485,43.0855189445806,-118.91409622759518,0.6648014187812805
Jackass_Butte,0725,593,619,43.0215865860949,-118.86463579283367,0.8494016528129578
Jackass_Butte,0725,553,693,43.03237685756928,-118.8373218213982,0.9490837454795837
Jackass_Butte,0725,321,544,43.09496043212068,-118.89231887199122,0.502987265586853
Jackass_Butte,0725,490,358,43.049371535141425,-118.96097290830197,0.583844006061554
Jackass_Butte,0725,401,648,43.07337988917192,-118.85393166889274,0.6859020590782166
Jackass_Butte,0725,363,626,43.08363064707258,-118.86205203877897,0.9030845761299133
Jackass_Butte,0725,439,414,43.06312913127126,-118.94030287586433,0.7073888778686523
Jackass_Butte,0725,420,617,43.06825451022159,-118.86537400827787,0.9149937629699707
Jackass_Butte,0725,379,622,43.079314538482826,-118.86352846966737,0.7583490610122681
Jackass_Butte,0725,668,517,43.00135482708044,-118.90228478048795,0.6718602776527405
Jackass_Butte,0725,534,687,43.03750223651961,-118.83953646773081,0.952935516834259
Jackass_Butte,0725,570,430,43.02779099219267,-118.93439715231072,0.9155431389808655
Jackass_Butte,0725,341,610,43.08956529638349,-118.86795776233258,0.91590416431427
Jackass_Butte,0725,611,488,43.01673096393143,-118.91298890442887,0.7177077531814575
Jackass_Butte,0725,577,678,43.02590269468465,-118.84285843722972,0.5827054381370544
Jackass_Butte,0725,384,584,43.07796575454853,-118.8775545631072,0.9801878929138184
Jackass_Butte,0725,674,528,42.99973628635929,-118.89822459554485,0.8148109316825867
Jackass_Butte,0725,569,636,43.02806074897953,-118.85836096155795,0.7191913723945618
Jackass_Butte,0725,482,633,43.0515295894363,-118.85946828472426,0.8454558849334717
Jackass_Butte,0725,649,591,43.00648020603077,-118.87497080905248,0.9571817517280579
Jackass_Butte,0725,660,578,43.003512881375315,-118.8797692094398,0.9645789265632629
Jackass_Butte,0725,616,500,43.01538217999713,-118.90855961176366,0.8560270071029663
Jackass_Butte,0725,537,640,43.03669296615903,-118.85688453066955,0.9541058540344238
Jackass_Butte,0725,555,645,43.03183734399556,-118.85503899205905,0.9448958039283752
Jackass_Butte,0725,503,649,43.045864696912254,-118.85356256117065,0.6937832236289978
Jackass_Butte,0725,579,411,43.02536318111093,-118.94141019903063,0.8720501065254211
Jackass_Butte,0725,398,573,43.0741891595325,-118.88161474805031,0.9820610284805298
Jackass_Butte,0725,593,486,43.0215865860949,-118.91372711987307,0.8908931612968445
Jackass_Butte,0725,325,513,43.09388140497324,-118.90376121137635,0.5113730430603027
Jackass_Butte,0725,648,608,43.00674996281763,-118.86869597777678,0.8145649433135986
Jackass_Butte,0725,506,697,43.04505542655168,-118.8358453905098,0.6959078311920166
Jackass_Butte,0725,642,592,43.00836850353879,-118.87460170133039,0.9304087162017822
Jackass_Butte,0725,352,500,43.08659797172803,-118.90855961176366,0.8144938349723816
Jackass_Butte,0725,496,636,43.04775299442027,-118.85836096155795,0.8785263299942017
Jackass_Butte,0725,556,450,43.0315675872087,-118.9270149978687,0.9737409353256226
Jackass_Butte,0725,615,490,43.015651936783996,-118.91225068898467,0.6826019287109375
Jackass_Butte,0725,554,631,43.03210710078242,-118.86020650016846,0.9199255108833313
Jackass_Butte,0725,365,648,43.08309113349886,-118.85393166889274,0.919992208480835
Jackass_Butte,0725,481,384,43.05179934622316,-118.95137610752735,0.8818777203559875
Jackass_Butte,0725,319,547,43.0954999456944,-118.89121154882493,0.5913188457489014
Jackass_Butte,0725,703,592,42.99191333954036,-118.87460170133039,0.6895743012428284
Jackass_Butte,0725,363,581,43.08363064707258,-118.8786618862735,0.9708238840103149
Jackass_Butte,0725,332,532,43.09199310746522,-118.89674816465644,0.9073148965835571
Jackass_Butte,0725,571,657,43.02752123540581,-118.85060969939384,0.7089194059371948
Jackass_Butte,0725,376,564,43.0801238088434,-118.88493671754921,0.972557544708252
Jackass_Butte,0725,525,669,43.039930047601345,-118.84618040672864,0.8167638182640076
Jackass_Butte,0725,489,633,43.04964129192829,-118.85946828472426,0.8825329542160034
Jackass_Butte,0725,639,510,43.00917777389937,-118.90486853454266,0.8124318718910217
Jackass_Butte,0725,474,368,43.05368764373118,-118.95728183108096,0.5239587426185608
Jackass_Butte,0725,705,574,42.99137382596664,-118.8812456403282,0.7091163396835327
Jackass_Butte,0725,687,610,42.99622944813011,-118.86795776233258,0.6569602489471436
Jackass_Butte,0725,622,502,43.01376363927598,-118.90782139631946,0.850686252117157
Jackass_Butte,0725,325,518,43.09388140497324,-118.90191567276585,0.7048157453536987
Jackass_Butte,0725,495,643,43.04802275120713,-118.85577720750325,0.7287107706069946
Jackass_Butte,0725,349,544,43.08740724208861,-118.89231887199122,0.9488181471824646
Jackass_Butte,0725,444,412,43.06178034733696,-118.94104109130853,0.7511410713195801
Jackass_Butte,0725,668,626,43.00135482708044,-118.86205203877897,0.7397274971008301
Jackass_Butte,0725,584,461,43.024014397176636,-118.9229548129256,0.8461685180664062
Jackass_Butte,0725,676,566,42.99919677278557,-118.88419850210501,0.9398066401481628
Jackass_Butte,0725,490,666,43.049371535141425,-118.84728772989493,0.8942977786064148
Jackass_Butte,0725,367,464,43.08255161992514,-118.92184748975929,0.6246206164360046
Jackass_Butte,0725,382,595,43.07850526812225,-118.87349437816408,0.9810258746147156
Jackass_Butte,0725,570,671,43.02779099219267,-118.84544219128443,0.9657541513442993
Jackass_Butte,0725,553,646,43.03237685756928,-118.85466988433694,0.9222329258918762
Jackass_Butte,0725,578,427,43.0256329378978,-118.93550447547702,0.9102126359939575
Jackass_Butte,0725,594,465,43.02131682930804,-118.9214783820372,0.5895810127258301
Jackass_Butte,0725,327,514,43.09334189139952,-118.90339210365426,0.6183335185050964
Jackass_Butte,0725,541,696,43.0356139390116,-118.83621449823191,0.852715790271759
Jackass_Butte,0725,679,541,42.99838750242499,-118.89342619515753,0.8827847838401794
Jackass_Butte,0725,497,345,43.04748323763341,-118.96577130868928,0.5530892610549927
Jackass_Butte,0725,335,558,43.091183837104644,-118.88715136388181,0.8016776442527771
Jackass_Butte,0725,710,575,42.99002504203234,-118.88087653260611,0.5406324863433838
Jackass_Butte,0725,572,643,43.02725147861895,-118.85577720750325,0.8337420225143433
Jackass_Butte,0725,678,572,42.998657259211846,-118.8819838557724,0.8753117918968201
Jackass_Butte,0725,400,620,43.07364964595878,-118.86426668511157,0.6305423974990845
Jackass_Butte,0725,325,521,43.09388140497324,-118.90080834959954,0.7341915369033813
Jackass_Butte,0725,546,640,43.0342651550773,-118.85688453066955,0.8965582251548767
Jackass_Butte,0725,412,589,43.07041256451647,-118.87570902449669,0.9637450575828552
Jackass_Butte,0725,571,671,43.02752123540581,-118.84544219128443,0.9863594770431519
Jackass_Butte,0725,687,586,42.99622944813011,-118.876816347663,0.8966618180274963
Jackass_Butte,0725,575,450,43.02644220825837,-118.9270149978687,0.9331697225570679
Jackass_Butte,0725,463,668,43.05665496838663,-118.84654951445073,0.9174429178237915
Jackass_Butte,0725,341,579,43.08956529638349,-118.8794001017177,0.8901968598365784
Jackass_Butte,0725,544,664,43.03480466865101,-118.84802594533913,0.9360973238945007
Jackass_Butte,0725,346,573,43.08821651244919,-118.88161474805031,0.9274905920028687
Jackass_Butte,0725,580,403,43.025093424324076,-118.94436306080743,0.8278185129165649
Jackass_Butte,0725,661,522,43.00324312458846,-118.90043924187745,0.7548026442527771
Jackass_Butte,0725,665,625,43.00216409744102,-118.86242114650106,0.7534438967704773
Jackass_Butte,0725,326,603,43.09361164818638,-118.87054151638728,0.919462263584137
Jackass_Butte,0725,360,621,43.08443991743316,-118.86389757738947,0.9024310111999512
Jackass_Butte,0725,539,690,43.03615345258531,-118.83842914456451,0.9313977956771851
Jackass_Butte,0725,326,539,43.09361164818638,-118.89416441060173,0.8278936743736267
Jackass_Butte,0725,458,392,43.05800375232093,-118.94842324575055,0.5970792770385742
Jackass_Butte,0725,475,391,43.05341788694432,-118.94879235347264,0.8774487972259521
Jackass_Butte,0725,552,684,43.03264661435614,-118.84064379089712,0.9865642189979553
Jackass_Butte,0725,559,656,43.03075831684812,-118.85097880711594,0.9330131411552429
Jackass_Butte,0725,354,568,43.08605845815431,-118.8834602866608,0.7425569295883179
Jackass_Butte,0725,567,463,43.02860026255325,-118.9222165974814,0.948184609413147
Jackass_Butte,0725,512,656,43.043436885830516,-118.85097880711594,0.8188285231590271
Jackass_Butte,0725,375,607,43.08039356563027,-118.86906508549887,0.9292541742324829
Jackass_Butte,0725,652,588,43.005670935670196,-118.8760781322188,0.939282238483429
Jackass_Butte,0725,451,623,43.059892049828946,-118.86315936194526,0.7666241526603699
Jackass_Butte,0725,320,565,43.095230188907536,-118.88456760982712,0.8892456293106079
Jackass_Butte,0725,664,571,43.00243385422788,-118.88235296349451,0.9577478170394897
Jackass_Butte,0725,362,554,43.08390040385944,-118.88862779477022,0.8936502933502197
Jackass_Butte,0725,455,637,43.058813022681505,-118.85799185383586,0.5172005295753479
Jackass_Butte,0725,350,634,43.08713748530175,-118.85909917700215,0.919462263584137
Jackass_Butte,0725,544,696,43.03480466865101,-118.83621449823191,0.8784279227256775
Jackass_Butte,0725,483,387,43.05125983264944,-118.95026878436106,0.9013188481330872
Jackass_Butte,0725,606,482,43.01807974786573,-118.91520355076148,0.7210255265235901
Jackass_Butte,0725,656,583,43.004591908522755,-118.8779236708293,0.9527894258499146
Jackass_Butte,0725,629,595,43.01187534176796,-118.87349437816408,0.917696475982666
Jackass_Butte,0725,671,569,43.000545556719864,-118.88309117893871,0.9425127506256104
Jackass_Butte,0725,466,384,43.055845698026054,-118.95137610752735,0.6640377044677734
Jackass_Butte,0725,707,585,42.99083431239292,-118.87718545538509,0.7100861072540283
Jackass_Butte,0725,574,627,43.02671196504523,-118.86168293105686,0.8381369113922119
Jackass_Butte,0725,668,515,43.00135482708044,-118.90302299593215,0.7454375624656677
Jackass_Butte,0725,482,622,43.0515295894363,-118.86352846966737,0.8935832381248474
Jackass_Butte,0725,563,436,43.02967928970069,-118.93218250597812,0.9290465116500854
Jackass_Butte,0725,370,578,43.081742349564564,-118.8797692094398,0.9733468890190125
Jackass_Butte,0725,406,629,43.07203110523762,-118.86094471561266,0.5505870580673218
Jackass_Butte,0725,701,575,42.99245285311408,-118.88087653260611,0.8280325531959534
Jackass_Butte,0725,522,351,43.04073931796192,-118.96355666235668,0.7354170680046082
Jackass_Butte,0725,539,642,43.03615345258531,-118.85614631522535,0.953424870967865
Jackass_Butte,0725,326,609,43.09361164818638,-118.86832687005467,0.9236957430839539
Jackass_Butte,0725,445,416,43.0615105905501,-118.93956466042013,0.8524771928787231
Jackass_Butte,0725,313,557,43.09711848641555,-118.88752047160392,0.8283649682998657
Jackass_Butte,0725,377,567,43.07985405205655,-118.88382939438291,0.9827324151992798
Jackass_Butte,0725,564,687,43.029409532913824,-118.83953646773081,0.993198812007904
Jackass_Butte,0725,372,471,43.081202835990844,-118.91926373570459,0.8175581097602844
Jackass_Butte,0725,307,552,43.09873702713671,-118.88936601021442,0.8668801784515381
Jackass_Butte,0725,355,559,43.085788701367456,-118.88678225615972,0.6680456399917603
Jackass_Butte,0725,355,554,43.085788701367456,-118.88862779477022,0.7792069315910339
Jackass_Butte,0725,367,612,43.08255161992514,-118.86721954688838,0.8229421973228455
Jackass_Butte,0725,665,580,43.00216409744102,-118.8790309939956,0.9564115405082703
Jackass_Butte,0725,436,417,43.06393840163184,-118.93919555269802,0.7814038991928101
Jackass_Butte,0725,329,494,43.092802377825805,-118.91077425809627,0.5345406532287598
Jackass_Butte,0725,393,575,43.0755379434668,-118.88087653260611,0.9864107966423035
Jackass_Butte,0725,342,486,43.08929553959663,-118.91372711987307,0.5148822665214539
Jackass_Butte,0725,692,534,42.99488066419581,-118.89600994921224,0.6165047287940979
Jackass_Butte,0725,358,484,43.08497943100688,-118.91446533531727,0.7909519076347351
Jackass_Butte,0725,537,353,43.03669296615903,-118.96281844691248,0.6541476249694824
Jackass_Butte,0725,631,595,43.01133582819424,-118.87349437816408,0.9183605313301086
Jackass_Butte,0725,678,588,42.998657259211846,-118.8760781322188,0.8473532199859619
Jackass_Butte,0725,373,470,43.08093307920399,-118.91963284342668,0.8144424557685852
Jackass_Butte,0725,359,617,43.084709674220015,-118.86537400827787,0.8875468373298645
Jackass_Butte,0725,471,622,43.05449691409176,-118.86352846966737,0.8547869920730591
Jackass_Butte,0725,325,542,43.09388140497324,-118.89305708743542,0.7897074818611145
Jackass_Butte,0725,637,595,43.00971728747309,-118.87349437816408,0.9331019520759583
Jackass_Butte,0725,566,623,43.028870019340104,-118.86315936194526,0.9268800020217896
Jackass_Butte,0725,387,639,43.07715648418795,-118.85725363839165,0.6250414252281189
Jackass_Butte,0725,463,656,43.05665496838663,-118.85097880711594,0.8147087693214417
Jackass_Butte,0725,333,613,43.091723350678365,-118.86685043916627,0.912445068359375
Jackass_Butte,0725,430,619,43.065556942353,-118.86463579283367,0.8907896876335144
Jackass_Butte,0725,674,594,42.99973628635929,-118.87386348588619,0.9734764099121094
Jackass_Butte,0725,653,573,43.00540117888333,-118.88161474805031,0.9736871719360352
Jackass_Butte,0725,545,637,43.03453491186416,-118.85799185383586,0.8849925994873047
Jackass_Butte,0725,350,612,43.08713748530175,-118.86721954688838,0.9189053773880005
Jackass_Butte,0725,552,364,43.03264661435614,-118.95875826196936,0.5833026170730591
Jackass_Butte,0725,354,582,43.08605845815431,-118.8782927785514,0.840077817440033
Jackass_Butte,0725,558,661,43.031028073634985,-118.84913326850544,0.9495751857757568
Jackass_Butte,0725,401,630,43.07337988917192,-118.86057560789057,0.6373334527015686
Jackass_Butte,0725,409,588,43.07122183487704,-118.8760781322188,0.9746578931808472
Jackass_Butte,0725,669,571,43.001085070293584,-118.88235296349451,0.9519376158714294
Jackass_Butte,0725,513,687,43.04316712904366,-118.83953646773081,0.926305890083313
Jackass_Butte,0725,327,531,43.09334189139952,-118.89711727237854,0.8644397854804993
Jackass_Butte,0725,468,675,43.055306184452334,-118.84396576039603,0.8998799324035645
Jackass_Butte,0725,543,373,43.03507442543788,-118.95543629247047,0.9106037616729736
Jackass_Butte,0725,664,622,43.00243385422788,-118.86352846966737,0.735722005367279
Jackass_Butte,0725,687,611,42.99622944813011,-118.86758865461047,0.6444446444511414
Jackass_Butte,0725,575,423,43.02644220825837,-118.93698090636542,0.9069002270698547
Jackass_Butte,0725,688,565,42.99595969134325,-118.88456760982712,0.922662079334259
Jackass_Butte,0725,559,444,43.03075831684812,-118.9292296442013,0.9495649337768555
Jackass_Butte,0725,468,643,43.055306184452334,-118.85577720750325,0.9513635635375977
Jackass_Butte,0725,589,428,43.02266561324234,-118.93513536775492,0.8194377422332764
Jackass_Butte,0725,692,568,42.99488066419581,-118.8834602866608,0.9123632311820984
Jackass_Butte,0725,487,682,43.050180805502,-118.84138200634132,0.9457566142082214
Jackass_Butte,0725,356,638,43.0855189445806,-118.85762274611375,0.9200278520584106
Jackass_Butte,0725,689,526,42.99568993455639,-118.89896281098905,0.6986324191093445
Jackass_Butte,0725,439,667,43.06312913127126,-118.84691862217284,0.6384738087654114
Jackass_Butte,0725,561,388,43.0302188032744,-118.94989967663895,0.85964035987854
Jackass_Butte,0725,411,611,43.07068232130332,-118.86758865461047,0.9570372700691223
Jackass_Butte,0725,688,524,42.99595969134325,-118.89970102643325,0.7012956738471985
Jackass_Butte,0725,514,651,43.042897372256796,-118.85282434572645,0.8747140765190125
Jackass_Butte,0725,556,366,43.0315675872087,-118.95802004652516,0.5703389048576355
Jackass_Butte,0725,572,667,43.02725147861895,-118.84691862217284,0.9749829769134521
Jackass_Butte,0725,637,612,43.00971728747309,-118.86721954688838,0.5100898146629333
Jackass_Butte,0725,470,645,43.054766670878614,-118.85503899205905,0.950365424156189
Jackass_Butte,0725,582,433,43.024553910750356,-118.93328982914441,0.9054957628250122
Jackass_Butte,0725,585,435,43.02374464038978,-118.93255161370021,0.7545163631439209
Jackass_Butte,0725,542,681,43.03534418222473,-118.84175111406343,0.9736384153366089
Jackass_Butte,0725,476,397,43.05314813015746,-118.94657770714004,0.8870610594749451
Jackass_Butte,0725,546,626,43.0342651550773,-118.86205203877897,0.9392008781433105
Jackass_Butte,0725,505,359,43.045325183338534,-118.96060380057988,0.8699492812156677
Jackass_Butte,0725,361,584,43.0841701606463,-118.8775545631072,0.9442006349563599
Jackass_Butte,0725,296,528,43.101704351792165,-118.89822459554485,0.6028679609298706
Jackass_Butte,0725,357,545,43.085249187793735,-118.89194976426913,0.9509960412979126
Jackass_Butte,0725,650,604,43.00621044924391,-118.87017240866518,0.8604471683502197
Jackass_Butte,0725,604,615,43.01861926143945,-118.86611222372207,0.8465503454208374
Jackass_Butte,0725,587,417,43.02320512681606,-118.93919555269802,0.8752873539924622
Jackass_Butte,0725,304,550,43.09954629749729,-118.89010422565862,0.8702583312988281
Jackass_Butte,0725,630,608,43.0116055849811,-118.86869597777678,0.8430255651473999
Jackass_Butte,0725,584,415,43.024014397176636,-118.93993376814223,0.8604884147644043
Jackass_Butte,0725,699,591,42.992992366687794,-118.87497080905248,0.9018612504005432
Jackass_Butte,0725,408,631,43.0714915916639,-118.86020650016846,0.5799121856689453
Jackass_Butte,0725,575,431,43.02644220825837,-118.93402804458862,0.9260784387588501
Jackass_Butte,0725,490,365,43.049371535141425,-118.95838915424727,0.8735998272895813
Jackass_Butte,0725,581,690,43.02482366753721,-118.83842914456451,0.8543097972869873
Jackass_Butte,0725,551,707,43.032916371142996,-118.8321543132888,0.6449750661849976
Jackass_Butte,0725,565,685,43.02913977612697,-118.84027468317501,0.9959117770195007
Jackass_Butte,0725,352,621,43.08659797172803,-118.86389757738947,0.9241272807121277
Jackass_Butte,0725,456,631,43.05854326589465,-118.86020650016846,0.7083479166030884
Jackass_Butte,0725,646,511,43.00728947639135,-118.90449942682055,0.7533502578735352
Jackass_Butte,0725,519,679,43.0415485883225,-118.84248932950763,0.8726482391357422
Jackass_Butte,0725,693,598,42.994610907408955,-118.87238705499779,0.7755679488182068
Jackass_Butte,0725,374,629,43.080663322417124,-118.86094471561266,0.9003414511680603
Jackass_Butte,0725,362,550,43.08390040385944,-118.89010422565862,0.9585210084915161
Jackass_Butte,0725,688,585,42.99595969134325,-118.87718545538509,0.8416215181350708
Jackass_Butte,0725,651,586,43.00594069245705,-118.876816347663,0.9648987054824829
Jackass_Butte,0725,410,581,43.07095207809019,-118.8786618862735,0.9670769572257996
Jackass_Butte,0725,464,384,43.056385211599775,-118.95137610752735,0.5455769300460815
Jackass_Butte,0725,547,631,43.033995398290436,-118.86020650016846,0.9096447229385376
Jackass_Butte,0725,339,490,43.090104809957204,-118.91225068898467,0.5238890051841736
Jackass_Butte,0725,596,472,43.02077731573432,-118.91889462798248,0.7085147500038147
Jackass_Butte,0725,338,588,43.09037456674407,-118.8760781322188,0.908795952796936
