burnName,date,y,x,lat,lon,predicted_prob
Little_Giant,0720,499,554,48.01808000272099,-120.83457564335968,0.9978112578392029
Little_Giant,0720,446,543,48.03237711242454,-120.83901150527649,0.9963256120681763
Little_Giant,0720,498,545,48.01834975950785,-120.83820498492798,0.9978141784667969
Little_Giant,0720,533,576,48.00890827196777,-120.82570391952609,0.9950484037399292
Little_Giant,0720,505,587,48.01646146199983,-120.8212680576093,0.7357316017150879
Little_Giant,0720,449,516,48.031567842063964,-120.84989952998136,0.9815611839294434
Little_Giant,0720,466,540,48.02698197668735,-120.84022128579925,0.9981648921966553
Little_Giant,0720,490,483,48.02050781380272,-120.86320711573175,0.9837343692779541
Little_Giant,0720,503,481,48.01700097557355,-120.86401363608026,0.9980264902114868
Little_Giant,0720,448,554,48.03183759885082,-120.83457564335968,0.9209313988685608
Little_Giant,0720,455,545,48.0299493013428,-120.83820498492798,0.9971409440040588
Little_Giant,0720,511,550,48.01484292127868,-120.83618868405671,0.9978100657463074
Little_Giant,0720,465,561,48.02725173347421,-120.8317528221399,0.9504722356796265
Little_Giant,0720,541,567,48.006750217672895,-120.82933326109438,0.9977947473526001
Little_Giant,0720,499,460,48.01808000272099,-120.8724820997396,0.6205540299415588
Little_Giant,0720,546,498,48.0054014337386,-120.85715821311793,0.9982893466949463
Little_Giant,0720,482,489,48.0226658680976,-120.86078755468623,0.9958940148353577
Little_Giant,0720,535,503,48.00836875839405,-120.85514191224667,0.9986072182655334
Little_Giant,0720,489,562,48.02077757058959,-120.83134956196565,0.997201144695282
Little_Giant,0720,552,522,48.00378289301744,-120.84747996893583,0.998299241065979
Little_Giant,0720,456,535,48.02967954455595,-120.84223758667052,0.9977331757545471
Little_Giant,0720,516,469,48.01349413734438,-120.86885275817131,0.9867921471595764
Little_Giant,0720,467,553,48.026712219900496,-120.83497890353394,0.9971044063568115
Little_Giant,0720,449,508,48.031567842063964,-120.85312561137539,0.9108095765113831
Little_Giant,0720,540,499,48.00701997445975,-120.85675495294367,0.9983394145965576
Little_Giant,0720,530,489,48.009717542328346,-120.86078755468623,0.9991157650947571
Little_Giant,0720,501,485,48.01754048914727,-120.86240059538324,0.9980661273002625
Little_Giant,0720,484,582,48.022126354523884,-120.82328435848056,0.525282084941864
Little_Giant,0720,513,573,48.01430340770496,-120.82691370004886,0.9973185062408447
Little_Giant,0720,509,454,48.0153824348524,-120.87490166078513,0.7805774807929993
Little_Giant,0720,466,534,48.02698197668735,-120.84264084684477,0.99827641248703
Little_Giant,0720,457,535,48.02940978776909,-120.84223758667052,0.9977157711982727
Little_Giant,0720,479,472,48.02347513845818,-120.86764297764854,0.6548153758049011
Little_Giant,0720,501,570,48.01754048914727,-120.82812348057162,0.9956111311912537
Little_Giant,0720,491,539,48.02023805701587,-120.8406245459735,0.9973182082176208
Little_Giant,0720,481,479,48.02293562488446,-120.86482015642876,0.9214169979095459
Little_Giant,0720,556,527,48.00270386587,-120.84546366806455,0.9947912693023682
Little_Giant,0720,483,498,48.02239611131074,-120.85715821311793,0.9986093640327454
Little_Giant,0720,452,559,48.03075857170339,-120.83255934248842,0.6896816492080688
Little_Giant,0720,535,468,48.00836875839405,-120.86925601834557,0.77474445104599
Little_Giant,0720,467,535,48.026712219900496,-120.84223758667052,0.9983566999435425
Little_Giant,0720,529,541,48.0099872991152,-120.839818025625,0.9988962411880493
Little_Giant,0720,486,504,48.021586840950164,-120.85473865207241,0.998786985874176
Little_Giant,0720,562,528,48.00108532514884,-120.8450604078903,0.9286956191062927
Little_Giant,0720,512,577,48.014573164491814,-120.82530065935184,0.992581307888031
Little_Giant,0720,482,519,48.0226658680976,-120.84868974945859,0.9989575743675232
Little_Giant,0720,474,533,48.02482392239248,-120.84304410701903,0.9985826015472412
Little_Giant,0720,509,453,48.0153824348524,-120.87530492095938,0.6659845113754272
Little_Giant,0720,543,473,48.006210704099175,-120.86723971747429,0.9114556908607483
Little_Giant,0720,479,489,48.02347513845818,-120.86078755468623,0.9955804347991943
Little_Giant,0720,495,468,48.019159029868426,-120.86925601834557,0.6067404747009277
Little_Giant,0720,501,480,48.01754048914727,-120.86441689625451,0.9973416924476624
Little_Giant,0720,443,539,48.03318638278512,-120.8406245459735,0.9976795315742493
Little_Giant,0720,481,529,48.02293562488446,-120.84465714771605,0.9988381266593933
Little_Giant,0720,562,535,48.00108532514884,-120.84223758667052,0.9564442038536072
Little_Giant,0720,554,494,48.00324337944372,-120.85877125381495,0.9664041996002197
Little_Giant,0720,553,561,48.00351313623058,-120.8317528221399,0.9662606120109558
Little_Giant,0720,504,488,48.016731218786695,-120.86119081486048,0.9985024333000183
Little_Giant,0720,527,578,48.01052681268892,-120.82489739917759,0.9956222176551819
Little_Giant,0720,531,528,48.00944778554149,-120.8450604078903,0.9994833469390869
Little_Giant,0720,550,491,48.00432240659116,-120.85998103433771,0.9962127208709717
Little_Giant,0720,476,508,48.02428440881876,-120.85312561137539,0.9987391233444214
Little_Giant,0720,485,487,48.02185659773702,-120.86159407503473,0.9934836030006409
Little_Giant,0720,488,555,48.02104732737644,-120.83417238318543,0.9979322552680969
Little_Giant,0720,541,545,48.006750217672895,-120.83820498492798,0.9984127283096313
Little_Giant,0720,479,477,48.02347513845818,-120.86562667677728,0.8979811072349548
Little_Giant,0720,526,543,48.01079656947579,-120.83901150527649,0.9986963868141174
Little_Giant,0720,529,575,48.0099872991152,-120.82610717970034,0.9970166087150574
Little_Giant,0720,485,491,48.02185659773702,-120.85998103433771,0.9964696764945984
Little_Giant,0720,546,473,48.0054014337386,-120.86723971747429,0.8715063333511353
Little_Giant,0720,558,541,48.00216435229628,-120.839818025625,0.9593243598937988
Little_Giant,0720,563,541,48.000815568361986,-120.839818025625,0.8443769812583923
Little_Giant,0720,558,501,48.00216435229628,-120.85594843259517,0.9741783142089844
Little_Giant,0720,460,556,48.028600517408506,-120.83376912301118,0.98288893699646
Little_Giant,0720,537,556,48.00782924482033,-120.83376912301118,0.9980676770210266
Little_Giant,0720,513,458,48.01430340770496,-120.8732886200881,0.6597967147827148
Little_Giant,0720,515,585,48.01376389413124,-120.8220745779578,0.9313231706619263
Little_Giant,0720,537,554,48.00782924482033,-120.83457564335968,0.998360812664032
Little_Giant,0720,445,532,48.0326468692114,-120.84344736719329,0.9972854852676392
Little_Giant,0720,500,486,48.01781024593413,-120.86199733520898,0.9980745315551758
Little_Giant,0720,485,554,48.02185659773702,-120.83457564335968,0.9974703788757324
Little_Giant,0720,465,508,48.02725173347421,-120.85312561137539,0.9968798756599426
Little_Giant,0720,529,530,48.0099872991152,-120.8442538875418,0.9994938969612122
Little_Giant,0720,492,570,48.019968300229,-120.82812348057162,0.9919579029083252
Little_Giant,0720,454,537,48.03021905812967,-120.84143106632202,0.9978243708610535
Little_Giant,0720,522,474,48.01187559662322,-120.86683645730004,0.9964650869369507
Little_Giant,0720,523,583,48.01160583983636,-120.82288109830631,0.9770308136940002
Little_Giant,0720,538,580,48.00755948803347,-120.82409087882908,0.9924945831298828
Little_Giant,0720,509,463,48.0153824348524,-120.87127231921684,0.9557901620864868
Little_Giant,0720,543,547,48.006210704099175,-120.83739846457946,0.9974348545074463
Little_Giant,0720,524,536,48.0113360830495,-120.84183432649627,0.9993608593940735
Little_Giant,0720,534,543,48.008638515180905,-120.83901150527649,0.9984095692634583
Little_Giant,0720,486,532,48.021586840950164,-120.84344736719329,0.9986225366592407
Little_Giant,0720,479,570,48.02347513845818,-120.82812348057162,0.951137125492096
Little_Giant,0720,536,494,48.00809900160719,-120.85877125381495,0.9985749125480652
Little_Giant,0720,550,503,48.00432240659116,-120.85514191224667,0.9973148703575134
Little_Giant,0720,556,510,48.00270386587,-120.85231909102689,0.9933083653450012
Little_Giant,0720,508,456,48.015652191639255,-120.87409514043662,0.924326479434967
Little_Giant,0720,506,486,48.016191705212975,-120.86199733520898,0.9984944462776184
Little_Giant,0720,455,561,48.0299493013428,-120.8317528221399,0.5528934597969055
Little_Giant,0720,518,470,48.01295462377066,-120.86844949799706,0.9879068732261658
Little_Giant,0720,465,565,48.02725173347421,-120.8301397814429,0.797417163848877
Little_Giant,0720,441,514,48.03372589635884,-120.85070605032986,0.7642585039138794
Little_Giant,0720,537,470,48.00782924482033,-120.86844949799706,0.7921389937400818
Little_Giant,0720,487,489,48.0213170841633,-120.86078755468623,0.9951678514480591
Little_Giant,0720,490,474,48.02050781380272,-120.86683645730004,0.7875169515609741
Little_Giant,0720,545,574,48.005671190525455,-120.8265104398746,0.9955568909645081
Little_Giant,0720,566,516,48.0000062980014,-120.84989952998136,0.7950296998023987
Little_Giant,0720,483,497,48.02239611131074,-120.8575614732922,0.998567521572113
Little_Giant,0720,528,549,48.010257055902066,-120.83659194423096,0.9983791708946228
Little_Giant,0720,541,484,48.006750217672895,-120.8628038555575,0.9980167150497437
Little_Giant,0720,531,574,48.00944778554149,-120.8265104398746,0.9975870847702026
Little_Giant,0720,496,571,48.01888927308157,-120.82772022039737,0.9873762130737305
Little_Giant,0720,543,469,48.006210704099175,-120.86885275817131,0.6620507836341858
Little_Giant,0720,458,549,48.02914003098223,-120.83659194423096,0.997083306312561
Little_Giant,0720,557,544,48.00243410908314,-120.83860824510224,0.9385107159614563
Little_Giant,0720,459,538,48.02887027419537,-120.84102780614776,0.9977999329566956
Little_Giant,0720,480,527,48.02320538167132,-120.84546366806455,0.9988703727722168
Little_Giant,0720,493,546,48.019698543442146,-120.83780172475372,0.9955695867538452
Little_Giant,0720,488,554,48.02104732737644,-120.83457564335968,0.9978298544883728
Little_Giant,0720,548,525,48.00486192016488,-120.84627018841307,0.9983574151992798
Little_Giant,0720,514,462,48.014033650918094,-120.8716755793911,0.6914873123168945
Little_Giant,0720,522,584,48.01187559662322,-120.82247783813206,0.963545024394989
Little_Giant,0720,478,531,48.02374489524504,-120.84385062736754,0.9986720085144043
Little_Giant,0720,492,499,48.019968300229,-120.85675495294367,0.9986472129821777
Little_Giant,0720,473,502,48.025093679179335,-120.85554517242092,0.9984272718429565
Little_Giant,0720,540,532,48.00701997445975,-120.84344736719329,0.9990777373313904
Little_Giant,0720,499,541,48.01808000272099,-120.839818025625,0.9986811876296997
Little_Giant,0720,513,556,48.01430340770496,-120.83376912301118,0.9981655478477478
Little_Giant,0720,492,586,48.019968300229,-120.82167131778355,0.6370701193809509
Little_Giant,0720,513,474,48.01430340770496,-120.86683645730004,0.9980177879333496
Little_Giant,0720,450,512,48.0312980852771,-120.85151257067837,0.9700078964233398
Little_Giant,0720,542,554,48.00648046088603,-120.83457564335968,0.9968737363815308
Little_Giant,0720,542,543,48.00648046088603,-120.83901150527649,0.9984447956085205
Little_Giant,0720,510,570,48.015112678065535,-120.82812348057162,0.9985610842704773
Little_Giant,0720,536,489,48.00809900160719,-120.86078755468623,0.9983807802200317
Little_Giant,0720,527,533,48.01052681268892,-120.84304410701903,0.9994097948074341
Little_Giant,0720,477,504,48.024014652031894,-120.85473865207241,0.9986534714698792
Little_Giant,0720,483,551,48.02239611131074,-120.83578542388246,0.9980432987213135
Little_Giant,0720,496,495,48.01888927308157,-120.8583679936407,0.9985921382904053
Little_Giant,0720,546,566,48.0054014337386,-120.82973652126864,0.9942095875740051
Little_Giant,0720,482,527,48.0226658680976,-120.84546366806455,0.998776912689209
Little_Giant,0720,450,546,48.0312980852771,-120.83780172475372,0.9955559968948364
Little_Giant,0720,535,563,48.00836875839405,-120.8309463017914,0.9988611340522766
Little_Giant,0720,510,476,48.015112678065535,-120.86602993695153,0.9982412457466125
Little_Giant,0720,445,514,48.0326468692114,-120.85070605032986,0.9641335606575012
Little_Giant,0720,503,586,48.01700097557355,-120.82167131778355,0.7560003995895386
Little_Giant,0720,520,557,48.01241511019694,-120.83336586283693,0.9986129403114319
Little_Giant,0720,521,590,48.012145353410084,-120.82005827708653,0.6949632167816162
Little_Giant,0720,481,567,48.02293562488446,-120.82933326109438,0.9855393171310425
Little_Giant,0720,530,486,48.009717542328346,-120.86199733520898,0.9991703629493713
Little_Giant,0720,486,473,48.021586840950164,-120.86723971747429,0.8395416736602783
Little_Giant,0720,553,508,48.00351313623058,-120.85312561137539,0.9970197677612305
Little_Giant,0720,524,551,48.0113360830495,-120.83578542388246,0.998136579990387
Little_Giant,0720,535,587,48.00836875839405,-120.8212680576093,0.9021535515785217
Little_Giant,0720,440,523,48.0339956531457,-120.84707670876158,0.9762811660766602
Little_Giant,0720,503,582,48.01700097557355,-120.82328435848056,0.9189187288284302
Little_Giant,0720,543,557,48.006210704099175,-120.83336586283693,0.9974029064178467
Little_Giant,0720,493,492,48.019698543442146,-120.85957777416345,0.9981391429901123
Little_Giant,0720,483,530,48.02239611131074,-120.8442538875418,0.9986459612846375
Little_Giant,0720,477,557,48.024014652031894,-120.83336586283693,0.9973342418670654
Little_Giant,0720,477,545,48.024014652031894,-120.83820498492798,0.998201847076416
Little_Giant,0720,479,486,48.02347513845818,-120.86199733520898,0.9867698550224304
Little_Giant,0720,555,494,48.00297362265686,-120.85877125381495,0.9694362878799438
Little_Giant,0720,554,516,48.00324337944372,-120.84989952998136,0.9975396394729614
Little_Giant,0720,535,556,48.00836875839405,-120.83376912301118,0.998400092124939
Little_Giant,0720,476,512,48.02428440881876,-120.85151257067837,0.9988033771514893
Little_Giant,0720,537,499,48.00782924482033,-120.85675495294367,0.9985952973365784
Little_Giant,0720,529,475,48.0099872991152,-120.86643319712579,0.996267557144165
Little_Giant,0720,499,477,48.01808000272099,-120.86562667677728,0.9833492636680603
Little_Giant,0720,465,516,48.02725173347421,-120.84989952998136,0.9980825185775757
Little_Giant,0720,549,475,48.004592163378014,-120.86643319712579,0.9065880179405212
Little_Giant,0720,458,518,48.02914003098223,-120.84909300963285,0.9950302243232727
Little_Giant,0720,498,484,48.01834975950785,-120.8628038555575,0.9979949593544006
Little_Giant,0720,446,545,48.03237711242454,-120.83820498492798,0.9942194223403931
Little_Giant,0720,518,576,48.01295462377066,-120.82570391952609,0.995949387550354
Little_Giant,0720,467,537,48.026712219900496,-120.84143106632202,0.9982489347457886
Little_Giant,0720,529,508,48.0099872991152,-120.85312561137539,0.9993160367012024
Little_Giant,0720,481,488,48.02293562488446,-120.86119081486048,0.9937258362770081
Little_Giant,0720,544,562,48.00594094731231,-120.83134956196565,0.9979767799377441
Little_Giant,0720,530,540,48.009717542328346,-120.84022128579925,0.9989509582519531
Little_Giant,0720,539,545,48.00728973124661,-120.83820498492798,0.998461127281189
Little_Giant,0720,466,491,48.02698197668735,-120.85998103433771,0.8545835018157959
Little_Giant,0720,508,453,48.015652191639255,-120.87530492095938,0.6639677882194519
Little_Giant,0720,545,547,48.005671190525455,-120.83739846457946,0.9947726726531982
Little_Giant,0720,484,576,48.022126354523884,-120.82570391952609,0.8026108145713806
Little_Giant,0720,514,578,48.014033650918094,-120.82489739917759,0.9921907186508179
Little_Giant,0720,492,492,48.019968300229,-120.85957777416345,0.9981134533882141
Little_Giant,0720,549,472,48.004592163378014,-120.86764297764854,0.7041171789169312
Little_Giant,0720,467,517,48.026712219900496,-120.8494962698071,0.9983639717102051
Little_Giant,0720,502,581,48.01727073236041,-120.82368761865482,0.9325625896453857
Little_Giant,0720,520,584,48.01241511019694,-120.82247783813206,0.958257257938385
Little_Giant,0720,547,575,48.005131676951734,-120.82610717970034,0.994782030582428
Little_Giant,0720,463,557,48.02779124704793,-120.83336586283693,0.9857760667800903
Little_Giant,0720,490,564,48.02050781380272,-120.83054304161715,0.9974815845489502
Little_Giant,0720,499,465,48.01808000272099,-120.87046579886832,0.7881312966346741
Little_Giant,0720,550,500,48.00432240659116,-120.85635169276942,0.9977951645851135
Little_Giant,0720,553,566,48.00351313623058,-120.82973652126864,0.9070432186126709
Little_Giant,0720,451,530,48.031028328490244,-120.8442538875418,0.9971998333930969
Little_Giant,0720,541,489,48.006750217672895,-120.86078755468623,0.9981553554534912
Little_Giant,0720,559,506,48.00189459550942,-120.8539321317239,0.9262985587120056
Little_Giant,0720,554,555,48.00324337944372,-120.83417238318543,0.818670392036438
Little_Giant,0720,551,579,48.004052649804294,-120.82449413900333,0.9477164149284363
Little_Giant,0720,451,525,48.031028328490244,-120.84627018841307,0.9953822493553162
Little_Giant,0720,551,534,48.004052649804294,-120.84264084684477,0.9979855418205261
Little_Giant,0720,509,578,48.0153824348524,-120.82489739917759,0.9896995425224304
Little_Giant,0720,554,519,48.00324337944372,-120.84868974945859,0.9976158738136292
Little_Giant,0720,502,584,48.01727073236041,-120.82247783813206,0.8618358969688416
Little_Giant,0720,496,493,48.01888927308157,-120.8591745139892,0.9982573390007019
Little_Giant,0720,555,484,48.00297362265686,-120.8628038555575,0.7986695170402527
Little_Giant,0720,527,567,48.01052681268892,-120.82933326109438,0.9989675879478455
Little_Giant,0720,471,519,48.025633192753055,-120.84868974945859,0.9987673759460449
Little_Giant,0720,460,561,48.028600517408506,-120.8317528221399,0.8269822597503662
Little_Giant,0720,520,554,48.01241511019694,-120.83457564335968,0.9977537989616394
Little_Giant,0720,446,552,48.03237711242454,-120.8353821637082,0.9490106701850891
Little_Giant,0720,442,542,48.03345613957198,-120.83941476545074,0.9965042471885681
Little_Giant,0720,544,573,48.00594094731231,-120.82691370004886,0.9961243271827698
Little_Giant,0720,544,582,48.00594094731231,-120.82328435848056,0.9945335388183594
Little_Giant,0720,561,538,48.0013550819357,-120.84102780614776,0.9505266547203064
Little_Giant,0720,437,521,48.03480492350628,-120.84788322911008,0.954955518245697
Little_Giant,0720,489,569,48.02077757058959,-120.82852674074587,0.9915884733200073
Little_Giant,0720,523,589,48.01160583983636,-120.82046153726078,0.7786638140678406
Little_Giant,0720,545,543,48.005671190525455,-120.83901150527649,0.9976528882980347
Little_Giant,0720,447,516,48.032107355637685,-120.84989952998136,0.979097306728363
Little_Giant,0720,514,577,48.014033650918094,-120.82530065935184,0.9933027625083923
Little_Giant,0720,458,538,48.02914003098223,-120.84102780614776,0.9978498220443726
Little_Giant,0720,476,529,48.02428440881876,-120.84465714771605,0.9985359311103821
Little_Giant,0720,471,488,48.025633192753055,-120.86119081486048,0.961441159248352
Little_Giant,0720,459,534,48.02887027419537,-120.84264084684477,0.9974818229675293
Little_Giant,0720,533,498,48.00890827196777,-120.85715821311793,0.9991132616996765
Little_Giant,0720,449,555,48.031567842063964,-120.83417238318543,0.9061558246612549
Little_Giant,0720,474,560,48.02482392239248,-120.83215608231416,0.9927389621734619
Little_Giant,0720,511,458,48.01484292127868,-120.8732886200881,0.8619164228439331
Little_Giant,0720,533,496,48.00890827196777,-120.85796473346645,0.9992619752883911
Little_Giant,0720,492,501,48.019968300229,-120.85594843259517,0.9986963868141174
Little_Giant,0720,445,515,48.0326468692114,-120.85030279015561,0.9735109806060791
Little_Giant,0720,529,576,48.0099872991152,-120.82570391952609,0.9965269565582275
Little_Giant,0720,526,582,48.01079656947579,-120.82328435848056,0.9825678467750549
Little_Giant,0720,460,550,48.028600517408506,-120.83618868405671,0.9970055818557739
Little_Giant,0720,553,528,48.00351313623058,-120.8450604078903,0.9971773624420166
Little_Giant,0720,560,542,48.00162483872256,-120.83941476545074,0.8971487879753113
Little_Giant,0720,466,502,48.02698197668735,-120.85554517242092,0.9946954846382141
Little_Giant,0720,528,569,48.010257055902066,-120.82852674074587,0.999065101146698
Little_Giant,0720,545,528,48.005671190525455,-120.8450604078903,0.9986304044723511
Little_Giant,0720,501,557,48.01754048914727,-120.83336586283693,0.998351514339447
Little_Giant,0720,504,561,48.016731218786695,-120.8317528221399,0.9971067309379578
Little_Giant,0720,452,556,48.03075857170339,-120.83376912301118,0.91264808177948
Little_Giant,0720,551,512,48.004052649804294,-120.85151257067837,0.9978999495506287
Little_Giant,0720,473,483,48.025093679179335,-120.86320711573175,0.9229551553726196
Little_Giant,0720,482,524,48.0226658680976,-120.84667344858732,0.9987598061561584
Little_Giant,0720,476,517,48.02428440881876,-120.8494962698071,0.9987668991088867
Little_Giant,0720,461,560,48.02833076062165,-120.83215608231416,0.9232849478721619
Little_Giant,0720,471,566,48.025633192753055,-120.82973652126864,0.9432885050773621
Little_Giant,0720,557,541,48.00243410908314,-120.839818025625,0.9772019982337952
Little_Giant,0720,535,474,48.00836875839405,-120.86683645730004,0.9879679083824158
Little_Giant,0720,506,574,48.016191705212975,-120.8265104398746,0.9913808703422546
Little_Giant,0720,511,467,48.01484292127868,-120.86965927851982,0.969375491142273
Little_Giant,0720,481,526,48.02293562488446,-120.8458669282388,0.9988693594932556
Little_Giant,0720,529,486,48.0099872991152,-120.86199733520898,0.9992532134056091
Little_Giant,0720,561,514,48.0013550819357,-120.85070605032986,0.9034008383750916
Little_Giant,0720,534,470,48.008638515180905,-120.86844949799706,0.8943822383880615
Little_Giant,0720,458,548,48.02914003098223,-120.83699520440521,0.9973816871643066
Little_Giant,0720,517,558,48.01322438055752,-120.83296260266268,0.9988753199577332
Little_Giant,0720,490,554,48.02050781380272,-120.83457564335968,0.9976584315299988
Little_Giant,0720,532,562,48.009178028754626,-120.83134956196565,0.9987983107566833
Little_Giant,0720,506,550,48.016191705212975,-120.83618868405671,0.9966950416564941
Little_Giant,0720,477,546,48.024014652031894,-120.83780172475372,0.9980363845825195
Little_Giant,0720,528,558,48.010257055902066,-120.83296260266268,0.9985527992248535
Little_Giant,0720,544,475,48.00594094731231,-120.86643319712579,0.9585241079330444
Little_Giant,0720,567,534,47.999736541214546,-120.84264084684477,0.5037237405776978
Little_Giant,0720,520,576,48.01241511019694,-120.82570391952609,0.9954027533531189
Little_Giant,0720,540,572,48.00701997445975,-120.82731696022311,0.9956682324409485
Little_Giant,0720,459,521,48.02887027419537,-120.84788322911008,0.9960446357727051
Little_Giant,0720,539,506,48.00728973124661,-120.8539321317239,0.998356819152832
Little_Giant,0720,528,488,48.010257055902066,-120.86119081486048,0.9992994666099548
Little_Giant,0720,451,540,48.031028328490244,-120.84022128579925,0.9981400966644287
Little_Giant,0720,526,571,48.01079656947579,-120.82772022039737,0.998566746711731
Little_Giant,0720,509,556,48.0153824348524,-120.83376912301118,0.998290479183197
Little_Giant,0720,551,578,48.004052649804294,-120.82489739917759,0.9404765963554382
Little_Giant,0720,508,556,48.015652191639255,-120.83376912301118,0.9981271624565125
Little_Giant,0720,484,491,48.022126354523884,-120.85998103433771,0.9967602491378784
Little_Giant,0720,474,509,48.02482392239248,-120.85272235120114,0.9986778497695923
Little_Giant,0720,512,567,48.014573164491814,-120.82933326109438,0.9988520741462708
Little_Giant,0720,451,557,48.031028328490244,-120.83336586283693,0.8210152387619019
Little_Giant,0720,496,586,48.01888927308157,-120.82167131778355,0.658802330493927
Little_Giant,0720,468,532,48.02644246311363,-120.84344736719329,0.9984971880912781
Little_Giant,0720,470,568,48.02590294953991,-120.82893000092012,0.8206600546836853
Little_Giant,0720,482,482,48.0226658680976,-120.863610375906,0.9413915872573853
Little_Giant,0720,470,540,48.02590294953991,-120.84022128579925,0.9983134865760803
Little_Giant,0720,472,483,48.0253634359662,-120.86320711573175,0.915605902671814
Little_Giant,0720,508,570,48.015652191639255,-120.82812348057162,0.9983455538749695
Little_Giant,0720,522,574,48.01187559662322,-120.8265104398746,0.9972805380821228
Little_Giant,0720,544,477,48.00594094731231,-120.86562667677728,0.9700737595558167
Little_Giant,0720,468,522,48.02644246311363,-120.84747996893583,0.9985749125480652
Little_Giant,0720,545,541,48.005671190525455,-120.839818025625,0.9982181787490845
Little_Giant,0720,462,534,48.02806100383479,-120.84264084684477,0.9978193044662476
Little_Giant,0720,521,557,48.012145353410084,-120.83336586283693,0.9985723495483398
Little_Giant,0720,478,492,48.02374489524504,-120.85957777416345,0.9975149631500244
Little_Giant,0720,463,500,48.02779124704793,-120.85635169276942,0.9611994028091431
Little_Giant,0720,561,515,48.0013550819357,-120.85030279015561,0.924723744392395
Little_Giant,0720,528,544,48.010257055902066,-120.83860824510224,0.9985438585281372
Little_Giant,0720,493,489,48.019698543442146,-120.86078755468623,0.9977893829345703
Little_Giant,0720,508,548,48.015652191639255,-120.83699520440521,0.997767448425293
Little_Giant,0720,481,515,48.02293562488446,-120.85030279015561,0.9989853501319885
Little_Giant,0720,517,457,48.01322438055752,-120.87369188026236,0.5598761439323425
Little_Giant,0720,498,557,48.01834975950785,-120.83336586283693,0.9982823133468628
Little_Giant,0720,501,572,48.01754048914727,-120.82731696022311,0.9919741749763489
Little_Giant,0720,465,499,48.02725173347421,-120.85675495294367,0.9699081182479858
Little_Giant,0720,500,544,48.01781024593413,-120.83860824510224,0.9977855086326599
Little_Giant,0720,461,486,48.02833076062165,-120.86199733520898,0.5120258927345276
Little_Giant,0720,559,528,48.00189459550942,-120.8450604078903,0.826928973197937
Little_Giant,0720,463,515,48.02779124704793,-120.85030279015561,0.9972357153892517
Little_Giant,0720,500,548,48.01781024593413,-120.83699520440521,0.9968081712722778
Little_Giant,0720,557,517,48.00243410908314,-120.8494962698071,0.9909223914146423
Little_Giant,0720,506,578,48.016191705212975,-120.82489739917759,0.9821617007255554
Little_Giant,0720,525,536,48.01106632626264,-120.84183432649627,0.9993900656700134
Little_Giant,0720,506,587,48.016191705212975,-120.8212680576093,0.7422541379928589
Little_Giant,0720,451,531,48.031028328490244,-120.84385062736754,0.997397780418396
Little_Giant,0720,525,566,48.01106632626264,-120.82973652126864,0.9990204572677612
Little_Giant,0720,535,575,48.00836875839405,-120.82610717970034,0.9947561025619507
Little_Giant,0720,528,539,48.010257055902066,-120.8406245459735,0.9991997480392456
Little_Giant,0720,503,550,48.01700097557355,-120.83618868405671,0.9970602989196777
Little_Giant,0720,542,472,48.00648046088603,-120.86764297764854,0.909399151802063
Little_Giant,0720,549,533,48.004592163378014,-120.84304410701903,0.9984869360923767
Little_Giant,0720,498,542,48.01834975950785,-120.83941476545074,0.9983232021331787
Little_Giant,0720,441,533,48.03372589635884,-120.84304410701903,0.9971369504928589
Little_Giant,0720,460,542,48.028600517408506,-120.83941476545074,0.9979544281959534
Little_Giant,0720,498,546,48.01834975950785,-120.83780172475372,0.9968357086181641
Little_Giant,0720,524,478,48.0113360830495,-120.86522341660302,0.998732328414917
Little_Giant,0720,508,567,48.015652191639255,-120.82933326109438,0.9986595511436462
Little_Giant,0720,467,489,48.026712219900496,-120.86078755468623,0.859902024269104
Little_Giant,0720,483,486,48.02239611131074,-120.86199733520898,0.989541232585907
Little_Giant,0720,456,560,48.02967954455595,-120.83215608231416,0.7390566468238831
Little_Giant,0720,488,473,48.02104732737644,-120.86723971747429,0.8516970872879028
Little_Giant,0720,490,542,48.02050781380272,-120.83941476545074,0.9952406287193298
Little_Giant,0720,548,513,48.00486192016488,-120.85110931050411,0.9981622099876404
Little_Giant,0720,460,539,48.028600517408506,-120.8406245459735,0.997784435749054
Little_Giant,0720,480,573,48.02320538167132,-120.82691370004886,0.8518714904785156
Little_Giant,0720,517,471,48.01322438055752,-120.8680462378228,0.9941123723983765
Little_Giant,0720,486,563,48.021586840950164,-120.8309463017914,0.9965667724609375
Little_Giant,0720,518,581,48.01295462377066,-120.82368761865482,0.9862809181213379
Little_Giant,0720,485,506,48.02185659773702,-120.8539321317239,0.9988225698471069
Little_Giant,0720,452,512,48.03075857170339,-120.85151257067837,0.9786600470542908
Little_Giant,0720,540,542,48.00701997445975,-120.83941476545074,0.9985588192939758
Little_Giant,0720,542,557,48.00648046088603,-120.83336586283693,0.9974057674407959
Little_Giant,0720,558,522,48.00216435229628,-120.84747996893583,0.9407422542572021
Little_Giant,0720,508,460,48.015652191639255,-120.8724820997396,0.9181253910064697
Little_Giant,0720,552,514,48.00378289301744,-120.85070605032986,0.9981333613395691
Little_Giant,0720,548,499,48.00486192016488,-120.85675495294367,0.9982854723930359
Little_Giant,0720,463,517,48.02779124704793,-120.8494962698071,0.9977325201034546
Little_Giant,0720,540,574,48.00701997445975,-120.8265104398746,0.9957976937294006
Little_Giant,0720,562,523,48.00108532514884,-120.84707670876158,0.893388569355011
Little_Giant,0720,483,482,48.02239611131074,-120.863610375906,0.9397477507591248
Little_Giant,0720,537,583,48.00782924482033,-120.82288109830631,0.9829568266868591
Little_Giant,0720,541,480,48.006750217672895,-120.86441689625451,0.9952111840248108
Little_Giant,0720,487,576,48.0213170841633,-120.82570391952609,0.8754458427429199
Little_Giant,0720,502,486,48.01727073236041,-120.86199733520898,0.9981463551521301
Little_Giant,0720,554,522,48.00324337944372,-120.84747996893583,0.9972625970840454
Little_Giant,0720,565,522,48.000276054788266,-120.84747996893583,0.7982633113861084
Little_Giant,0720,457,539,48.02940978776909,-120.8406245459735,0.9980331063270569
Little_Giant,0720,549,580,48.004592163378014,-120.82409087882908,0.9867649078369141
Little_Giant,0720,501,556,48.01754048914727,-120.83376912301118,0.9983199238777161
Little_Giant,0720,535,492,48.00836875839405,-120.85957777416345,0.9986520409584045
Little_Giant,0720,477,525,48.024014652031894,-120.84627018841307,0.9986264705657959
Little_Giant,0720,541,498,48.006750217672895,-120.85715821311793,0.9984113574028015
Little_Giant,0720,518,467,48.01295462377066,-120.86965927851982,0.9569569230079651
Little_Giant,0720,544,523,48.00594094731231,-120.84707670876158,0.9983476400375366
Little_Giant,0720,491,547,48.02023805701587,-120.83739846457946,0.9956251978874207
Little_Giant,0720,525,589,48.01106632626264,-120.82046153726078,0.7559358477592468
Little_Giant,0720,517,468,48.01322438055752,-120.86925601834557,0.9718092679977417
Little_Giant,0720,471,520,48.025633192753055,-120.84828648928433,0.9987887740135193
Little_Giant,0720,494,475,48.01942878665529,-120.86643319712579,0.8157778382301331
Little_Giant,0720,525,578,48.01106632626264,-120.82489739917759,0.9953672885894775
Little_Giant,0720,467,534,48.026712219900496,-120.84264084684477,0.9984354972839355
Little_Giant,0720,484,572,48.022126354523884,-120.82731696022311,0.9685637950897217
Little_Giant,0720,549,514,48.004592163378014,-120.85070605032986,0.9981557726860046
Little_Giant,0720,488,553,48.02104732737644,-120.83497890353394,0.9975640177726746
Little_Giant,0720,494,565,48.01942878665529,-120.8301397814429,0.9970073103904724
Little_Giant,0720,458,546,48.02914003098223,-120.83780172475372,0.9974453449249268
Little_Giant,0720,505,488,48.01646146199983,-120.86119081486048,0.9987460374832153
Little_Giant,0720,536,482,48.00809900160719,-120.863610375906,0.99803227186203
Little_Giant,0720,528,565,48.010257055902066,-120.8301397814429,0.9992349743843079
Little_Giant,0720,510,569,48.015112678065535,-120.82852674074587,0.998801052570343
Little_Giant,0720,469,512,48.026172706326776,-120.85151257067837,0.9986117482185364
Little_Giant,0720,543,517,48.006210704099175,-120.8494962698071,0.9981976747512817
Little_Giant,0720,519,565,48.0126848669838,-120.8301397814429,0.9989541172981262
Little_Giant,0720,493,474,48.019698543442146,-120.86683645730004,0.7939882278442383
Little_Giant,0720,544,488,48.00594094731231,-120.86119081486048,0.9980477094650269
Little_Giant,0720,536,587,48.00809900160719,-120.8212680576093,0.9218996167182922
Little_Giant,0720,549,481,48.004592163378014,-120.86401363608026,0.9850584268569946
Little_Giant,0720,442,527,48.03345613957198,-120.84546366806455,0.9926528334617615
Little_Giant,0720,522,577,48.01187559662322,-120.82530065935184,0.995585024356842
Little_Giant,0720,455,543,48.0299493013428,-120.83901150527649,0.9977964162826538
Little_Giant,0720,512,463,48.014573164491814,-120.87127231921684,0.7106866240501404
Little_Giant,0720,530,478,48.009717542328346,-120.86522341660302,0.9981631636619568
Little_Giant,0720,505,493,48.01646146199983,-120.8591745139892,0.9989583492279053
Little_Giant,0720,547,533,48.005131676951734,-120.84304410701903,0.9987262487411499
Little_Giant,0720,539,523,48.00728973124661,-120.84707670876158,0.9992321729660034
Little_Giant,0720,454,556,48.03021905812967,-120.83376912301118,0.946664571762085
Little_Giant,0720,451,523,48.031028328490244,-120.84707670876158,0.9945284724235535
Little_Giant,0720,553,475,48.00351313623058,-120.86643319712579,0.5312986373901367
Little_Giant,0720,470,545,48.02590294953991,-120.83820498492798,0.9978016018867493
Little_Giant,0720,469,534,48.026172706326776,-120.84264084684477,0.9984145760536194
Little_Giant,0720,524,587,48.0113360830495,-120.8212680576093,0.8813141584396362
Little_Giant,0720,477,511,48.024014652031894,-120.85191583085263,0.998784601688385
Little_Giant,0720,553,527,48.00351313623058,-120.84546366806455,0.9976118206977844
Little_Giant,0720,472,572,48.0253634359662,-120.82731696022311,0.5510610342025757
Little_Giant,0720,491,469,48.02023805701587,-120.86885275817131,0.6918100714683533
Little_Giant,0720,495,542,48.019159029868426,-120.83941476545074,0.9975248575210571
Little_Giant,0720,552,476,48.00378289301744,-120.86602993695153,0.6693225502967834
Little_Giant,0720,466,523,48.02698197668735,-120.84707670876158,0.998419463634491
Little_Giant,0720,526,470,48.01079656947579,-120.86844949799706,0.7550771832466125
Little_Giant,0720,478,506,48.02374489524504,-120.8539321317239,0.9986402988433838
Little_Giant,0720,452,505,48.03075857170339,-120.85433539189815,0.9000598192214966
Little_Giant,0720,489,572,48.02077757058959,-120.82731696022311,0.9816702604293823
Little_Giant,0720,471,512,48.025633192753055,-120.85151257067837,0.9987834692001343
Little_Giant,0720,467,518,48.026712219900496,-120.84909300963285,0.9983940720558167
Little_Giant,0720,554,533,48.00324337944372,-120.84304410701903,0.9959364533424377
Little_Giant,0720,566,519,48.0000062980014,-120.84868974945859,0.741080105304718
Little_Giant,0720,506,473,48.016191705212975,-120.86723971747429,0.9948132038116455
Little_Giant,0720,482,550,48.0226658680976,-120.83618868405671,0.9983181953430176
Little_Giant,0720,537,471,48.00782924482033,-120.8680462378228,0.9006875157356262
Little_Giant,0720,540,555,48.00701997445975,-120.83417238318543,0.9978327751159668
Little_Giant,0720,540,533,48.00701997445975,-120.84304410701903,0.9990568161010742
Little_Giant,0720,533,556,48.00890827196777,-120.83376912301118,0.9983741641044617
Little_Giant,0720,478,483,48.02374489524504,-120.86320711573175,0.9664206504821777
Little_Giant,0720,478,567,48.02374489524504,-120.82933326109438,0.9791586399078369
Little_Giant,0720,466,518,48.02698197668735,-120.84909300963285,0.9982601404190063
Little_Giant,0720,492,574,48.019968300229,-120.8265104398746,0.9770270586013794
Little_Giant,0720,553,477,48.00351313623058,-120.86562667677728,0.7498086094856262
Little_Giant,0720,551,568,48.004052649804294,-120.82893000092012,0.9593304991722107
Little_Giant,0720,489,579,48.02077757058959,-120.82449413900333,0.7683904767036438
Little_Giant,0720,533,583,48.00890827196777,-120.82288109830631,0.9773357510566711
Little_Giant,0720,532,531,48.009178028754626,-120.84385062736754,0.9995166063308716
Little_Giant,0720,544,500,48.00594094731231,-120.85635169276942,0.9981221556663513
Little_Giant,0720,540,484,48.00701997445975,-120.8628038555575,0.9980139136314392
Little_Giant,0720,551,529,48.004052649804294,-120.84465714771605,0.9983646273612976
Little_Giant,0720,498,580,48.01834975950785,-120.82409087882908,0.9003918170928955
Little_Giant,0720,536,545,48.00809900160719,-120.83820498492798,0.9983990788459778
Little_Giant,0720,537,542,48.00782924482033,-120.83941476545074,0.9985116124153137
Little_Giant,0720,458,504,48.02914003098223,-120.85473865207241,0.9770260453224182
Little_Giant,0720,557,540,48.00243410908314,-120.84022128579925,0.9842839241027832
Little_Giant,0720,476,518,48.02428440881876,-120.84909300963285,0.9987865090370178
Little_Giant,0720,539,576,48.00728973124661,-120.82570391952609,0.9948007464408875
Little_Giant,0720,496,488,48.01888927308157,-120.86119081486048,0.9980077743530273
Little_Giant,0720,457,508,48.02940978776909,-120.85312561137539,0.9861890077590942
Little_Giant,0720,494,498,48.01942878665529,-120.85715821311793,0.9986331462860107
Little_Giant,0720,541,565,48.006750217672895,-120.8301397814429,0.9978143572807312
Little_Giant,0720,465,554,48.02725173347421,-120.83457564335968,0.9949595332145691
Little_Giant,0720,471,499,48.025633192753055,-120.85675495294367,0.9950117468833923
Little_Giant,0720,502,571,48.01727073236041,-120.82772022039737,0.9945332407951355
Little_Giant,0720,495,535,48.019159029868426,-120.84223758667052,0.9987654089927673
Little_Giant,0720,445,552,48.0326468692114,-120.8353821637082,0.9432991743087769
Little_Giant,0720,525,499,48.01106632626264,-120.85675495294367,0.9997377991676331
Little_Giant,0720,489,576,48.02077757058959,-120.82570391952609,0.9116055369377136
Little_Giant,0720,547,482,48.005131676951734,-120.863610375906,0.9873621463775635
Little_Giant,0720,488,499,48.02104732737644,-120.85675495294367,0.9986329674720764
Little_Giant,0720,533,486,48.00890827196777,-120.86199733520898,0.9989107251167297
Little_Giant,0720,498,492,48.01834975950785,-120.85957777416345,0.998266875743866
Little_Giant,0720,511,480,48.01484292127868,-120.86441689625451,0.9986468553543091
Little_Giant,0720,520,589,48.01241511019694,-120.82046153726078,0.7961195111274719
Little_Giant,0720,498,473,48.01834975950785,-120.86723971747429,0.8520020842552185
Little_Giant,0720,563,523,48.000815568361986,-120.84707670876158,0.8272408246994019
Little_Giant,0720,537,543,48.00782924482033,-120.83901150527649,0.9984434843063354
Little_Giant,0720,541,500,48.006750217672895,-120.85635169276942,0.9982855916023254
Little_Giant,0720,521,579,48.012145353410084,-120.82449413900333,0.9942929744720459
Little_Giant,0720,534,482,48.008638515180905,-120.863610375906,0.9982905983924866
Little_Giant,0720,559,540,48.00189459550942,-120.84022128579925,0.913044273853302
Little_Giant,0720,546,496,48.0054014337386,-120.85796473346645,0.9982650876045227
Little_Giant,0720,529,574,48.0099872991152,-120.8265104398746,0.9976243376731873
Little_Giant,0720,464,539,48.02752149026107,-120.8406245459735,0.9979557394981384
Little_Giant,0720,482,539,48.0226658680976,-120.8406245459735,0.9983649849891663
Little_Giant,0720,479,560,48.02347513845818,-120.83215608231416,0.9961271286010742
Little_Giant,0720,463,558,48.02779124704793,-120.83296260266268,0.9780080914497375
Little_Giant,0720,509,485,48.0153824348524,-120.86240059538324,0.9988849759101868
Little_Giant,0720,467,496,48.026712219900496,-120.85796473346645,0.9850635528564453
Little_Giant,0720,445,508,48.0326468692114,-120.85312561137539,0.7070755958557129
Little_Giant,0720,531,550,48.00944778554149,-120.83618868405671,0.9983416795730591
Little_Giant,0720,458,547,48.02914003098223,-120.83739846457946,0.9973222017288208
Little_Giant,0720,524,581,48.0113360830495,-120.82368761865482,0.9894254803657532
Little_Giant,0720,548,559,48.00486192016488,-120.83255934248842,0.9937801361083984
Little_Giant,0720,445,550,48.0326468692114,-120.83618868405671,0.968284547328949
Little_Giant,0720,472,515,48.0253634359662,-120.85030279015561,0.9987643361091614
Little_Giant,0720,502,456,48.01727073236041,-120.87409514043662,0.8607200384140015
Little_Giant,0720,526,551,48.01079656947579,-120.83578542388246,0.9983398914337158
Little_Giant,0720,559,525,48.00189459550942,-120.84627018841307,0.832505464553833
Little_Giant,0720,494,474,48.01942878665529,-120.86683645730004,0.7571585774421692
Little_Giant,0720,442,539,48.03345613957198,-120.8406245459735,0.9977312684059143
Little_Giant,0720,493,482,48.019698543442146,-120.863610375906,0.9914544820785522
Little_Giant,0720,467,556,48.026712219900496,-120.83376912301118,0.9943693280220032
Little_Giant,0720,535,493,48.00836875839405,-120.8591745139892,0.9987108707427979
Little_Giant,0720,560,506,48.00162483872256,-120.8539321317239,0.9050347805023193
Little_Giant,0720,558,508,48.00216435229628,-120.85312561137539,0.975314199924469
Little_Giant,0720,551,554,48.004052649804294,-120.83457564335968,0.9866080284118652
Little_Giant,0720,484,554,48.022126354523884,-120.83457564335968,0.9976253509521484
Little_Giant,0720,560,544,48.00162483872256,-120.83860824510224,0.6802741885185242
Little_Giant,0720,533,546,48.00890827196777,-120.83780172475372,0.9983356595039368
Little_Giant,0720,471,494,48.025633192753055,-120.85877125381495,0.9937878251075745
Little_Giant,0720,557,489,48.00243410908314,-120.86078755468623,0.7190853357315063
Little_Giant,0720,540,570,48.00701997445975,-120.82812348057162,0.9961902499198914
Little_Giant,0720,462,528,48.02806100383479,-120.8450604078903,0.9980869293212891
Little_Giant,0720,539,516,48.00728973124661,-120.84989952998136,0.9989962577819824
Little_Giant,0720,488,527,48.02104732737644,-120.84546366806455,0.9986764192581177
Little_Giant,0720,556,533,48.00270386587,-120.84304410701903,0.9918792247772217
Little_Giant,0720,474,501,48.02482392239248,-120.85594843259517,0.99835205078125
Little_Giant,0720,471,530,48.025633192753055,-120.8442538875418,0.9985829591751099
Little_Giant,0720,443,529,48.03318638278512,-120.84465714771605,0.9956391453742981
Little_Giant,0720,513,560,48.01430340770496,-120.83215608231416,0.9990027546882629
Little_Giant,0720,465,504,48.02725173347421,-120.85473865207241,0.9938405156135559
Little_Giant,0720,520,573,48.01241511019694,-120.82691370004886,0.9975203275680542
Little_Giant,0720,495,551,48.019159029868426,-120.83578542388246,0.9969856142997742
Little_Giant,0720,464,541,48.02752149026107,-120.839818025625,0.9980274438858032
Little_Giant,0720,455,555,48.0299493013428,-120.83417238318543,0.9699466228485107
Little_Giant,0720,553,545,48.00351313623058,-120.83820498492798,0.9739075899124146
Little_Giant,0720,553,496,48.00351313623058,-120.85796473346645,0.9907031655311584
Little_Giant,0720,468,487,48.02644246311363,-120.86159407503473,0.8540853261947632
Little_Giant,0720,496,551,48.01888927308157,-120.83578542388246,0.9972909688949585
Little_Giant,0720,548,554,48.00486192016488,-120.83457564335968,0.9927554130554199
Little_Giant,0720,547,538,48.005131676951734,-120.84102780614776,0.9983327984809875
Little_Giant,0720,464,533,48.02752149026107,-120.84304410701903,0.9980388879776001
Little_Giant,0720,476,497,48.02428440881876,-120.8575614732922,0.9982636570930481
Little_Giant,0720,488,549,48.02104732737644,-120.83659194423096,0.9970885515213013
Little_Giant,0720,471,540,48.025633192753055,-120.84022128579925,0.9983350038528442
Little_Giant,0720,505,585,48.01646146199983,-120.8220745779578,0.7906436324119568
Little_Giant,0720,474,529,48.02482392239248,-120.84465714771605,0.9985849857330322
Little_Giant,0720,508,551,48.015652191639255,-120.83578542388246,0.9975805878639221
Little_Giant,0720,449,527,48.031567842063964,-120.84546366806455,0.9952442049980164
Little_Giant,0720,537,586,48.00782924482033,-120.82167131778355,0.9416021108627319
Little_Giant,0720,500,559,48.01781024593413,-120.83255934248842,0.9979882836341858
Little_Giant,0720,517,546,48.01322438055752,-120.83780172475372,0.998202383518219
Little_Giant,0720,447,532,48.032107355637685,-120.84344736719329,0.9972105026245117
Little_Giant,0720,526,583,48.01079656947579,-120.82288109830631,0.9719651937484741
Little_Giant,0720,532,533,48.009178028754626,-120.84304410701903,0.9993862509727478
Little_Giant,0720,545,536,48.005671190525455,-120.84183432649627,0.9988150596618652
Little_Giant,0720,543,534,48.006210704099175,-120.84264084684477,0.9987589120864868
Little_Giant,0720,541,539,48.006750217672895,-120.8406245459735,0.9987232685089111
Little_Giant,0720,561,508,48.0013550819357,-120.85312561137539,0.8575786352157593
Little_Giant,0720,513,466,48.01430340770496,-120.87006253869407,0.9584097266197205
Little_Giant,0720,469,483,48.026172706326776,-120.86320711573175,0.7335588932037354
Little_Giant,0720,540,470,48.00701997445975,-120.86844949799706,0.7872588038444519
Little_Giant,0720,543,522,48.006210704099175,-120.84747996893583,0.9983589053153992
Little_Giant,0720,545,479,48.005671190525455,-120.86482015642876,0.9802559018135071
Little_Giant,0720,557,508,48.00243410908314,-120.85312561137539,0.9909422397613525
Little_Giant,0720,509,483,48.0153824348524,-120.86320711573175,0.9987947344779968
Little_Giant,0720,512,571,48.014573164491814,-120.82772022039737,0.9982849955558777
Little_Giant,0720,493,484,48.019698543442146,-120.8628038555575,0.9952571392059326
Little_Giant,0720,562,521,48.00108532514884,-120.84788322911008,0.9169360995292664
Little_Giant,0720,558,524,48.00216435229628,-120.84667344858732,0.9598106741905212
Little_Giant,0720,555,514,48.00297362265686,-120.85070605032986,0.9959734082221985
Little_Giant,0720,535,525,48.00836875839405,-120.84627018841307,0.9993699789047241
Little_Giant,0720,534,533,48.008638515180905,-120.84304410701903,0.9991541504859924
Little_Giant,0720,491,540,48.02023805701587,-120.84022128579925,0.9968133568763733
Little_Giant,0720,470,494,48.02590294953991,-120.85877125381495,0.993857741355896
Little_Giant,0720,549,566,48.004592163378014,-120.82973652126864,0.9926568865776062
Little_Giant,0720,536,488,48.00809900160719,-120.86119081486048,0.9984161257743835
Little_Giant,0720,504,459,48.016731218786695,-120.87288535991385,0.9203116297721863
Little_Giant,0720,488,480,48.02104732737644,-120.86441689625451,0.9584497809410095
Little_Giant,0720,532,503,48.009178028754626,-120.85514191224667,0.9989331960678101
Little_Giant,0720,553,526,48.00351313623058,-120.8458669282388,0.997512936592102
Little_Giant,0720,536,505,48.00809900160719,-120.85433539189815,0.9985733032226562
Little_Giant,0720,549,531,48.004592163378014,-120.84385062736754,0.9985651969909668
Little_Giant,0720,533,475,48.00890827196777,-120.86643319712579,0.9956585168838501
Little_Giant,0720,549,545,48.004592163378014,-120.83820498492798,0.9924699068069458
Little_Giant,0720,539,473,48.00728973124661,-120.86723971747429,0.9550812840461731
Little_Giant,0720,465,494,48.02725173347421,-120.85877125381495,0.9319630265235901
Little_Giant,0720,527,503,48.01052681268892,-120.85514191224667,0.9993111491203308
Little_Giant,0720,480,509,48.02320538167132,-120.85272235120114,0.9989234805107117
Little_Giant,0720,534,569,48.008638515180905,-120.82852674074587,0.9984104037284851
Little_Giant,0720,496,577,48.01888927308157,-120.82530065935184,0.9404473304748535
Little_Giant,0720,554,483,48.00324337944372,-120.86320711573175,0.9161893725395203
Little_Giant,0720,513,562,48.01430340770496,-120.83134956196565,0.9986151456832886
Little_Giant,0720,473,490,48.025093679179335,-120.86038429451197,0.9837923049926758
Little_Giant,0720,470,515,48.02590294953991,-120.85030279015561,0.9986891746520996
Little_Giant,0720,522,546,48.01187559662322,-120.83780172475372,0.9981002807617188
Little_Giant,0720,555,480,48.00297362265686,-120.86441689625451,0.6222252249717712
Little_Giant,0720,537,509,48.00782924482033,-120.85272235120114,0.9987740516662598
Little_Giant,0720,540,578,48.00701997445975,-120.82489739917759,0.9946929216384888
Little_Giant,0720,486,555,48.021586840950164,-120.83417238318543,0.9976637959480286
Little_Giant,0720,519,470,48.0126848669838,-120.86844949799706,0.9816291332244873
Little_Giant,0720,529,555,48.0099872991152,-120.83417238318543,0.9983077645301819
Little_Giant,0720,477,526,48.024014652031894,-120.8458669282388,0.9986090064048767
Little_Giant,0720,539,500,48.00728973124661,-120.85635169276942,0.9982842206954956
Little_Giant,0720,473,495,48.025093679179335,-120.8583679936407,0.9955174922943115
Little_Giant,0720,498,567,48.01834975950785,-120.82933326109438,0.9959415197372437
Little_Giant,0720,561,512,48.0013550819357,-120.85151257067837,0.8819799423217773
Little_Giant,0720,486,583,48.021586840950164,-120.82288109830631,0.5428339242935181
Little_Giant,0720,512,551,48.014573164491814,-120.83578542388246,0.9974650144577026
Little_Giant,0720,554,511,48.00324337944372,-120.85191583085263,0.9954640865325928
Little_Giant,0720,461,511,48.02833076062165,-120.85191583085263,0.9940571784973145
Little_Giant,0720,475,505,48.024554165605615,-120.85433539189815,0.9985547661781311
Little_Giant,0720,547,558,48.005131676951734,-120.83296260266268,0.9953255653381348
Little_Giant,0720,509,572,48.0153824348524,-120.82731696022311,0.9973093271255493
Little_Giant,0720,484,561,48.022126354523884,-120.8317528221399,0.9968046545982361
Little_Giant,0720,486,564,48.021586840950164,-120.83054304161715,0.9969978332519531
Little_Giant,0720,510,469,48.015112678065535,-120.86885275817131,0.9901624917984009
Little_Giant,0720,561,545,48.0013550819357,-120.83820498492798,0.5286891460418701
Little_Giant,0720,502,557,48.01727073236041,-120.83336586283693,0.9981198906898499
Little_Giant,0720,485,542,48.02185659773702,-120.83941476545074,0.9965397715568542
Little_Giant,0720,513,571,48.01430340770496,-120.82772022039737,0.9983273148536682
Little_Giant,0720,495,547,48.019159029868426,-120.83739846457946,0.9959104657173157
Little_Giant,0720,521,554,48.012145353410084,-120.83457564335968,0.9976087212562561
Little_Giant,0720,457,548,48.02940978776909,-120.83699520440521,0.9970142245292664
Little_Giant,0720,539,537,48.00728973124661,-120.84143106632202,0.9985632300376892
Little_Giant,0720,478,511,48.02374489524504,-120.85191583085263,0.9988221526145935
Little_Giant,0720,539,490,48.00728973124661,-120.86038429451197,0.9983507990837097
Little_Giant,0720,526,473,48.01079656947579,-120.86723971747429,0.9877336621284485
Little_Giant,0720,487,494,48.0213170841633,-120.85877125381495,0.9982856512069702
Little_Giant,0720,499,569,48.01808000272099,-120.82852674074587,0.9948899149894714
Little_Giant,0720,560,501,48.00162483872256,-120.85594843259517,0.8693491220474243
Little_Giant,0720,522,549,48.01187559662322,-120.83659194423096,0.9978203177452087
Little_Giant,0720,518,572,48.01295462377066,-120.82731696022311,0.9981538653373718
Little_Giant,0720,457,494,48.02940978776909,-120.85877125381495,0.7999152541160583
Little_Giant,0720,541,530,48.006750217672895,-120.8442538875418,0.9990602731704712
Little_Giant,0720,508,544,48.015652191639255,-120.83860824510224,0.9981472492218018
Little_Giant,0720,498,554,48.01834975950785,-120.83457564335968,0.9977507591247559
Little_Giant,0720,549,478,48.004592163378014,-120.86522341660302,0.9644778370857239
Little_Giant,0720,488,547,48.02104732737644,-120.83739846457946,0.9962936639785767
Little_Giant,0720,484,580,48.022126354523884,-120.82409087882908,0.5823057293891907
Little_Giant,0720,467,529,48.026712219900496,-120.84465714771605,0.9985929131507874
Little_Giant,0720,509,552,48.0153824348524,-120.8353821637082,0.9977033138275146
Little_Giant,0720,482,517,48.0226658680976,-120.8494962698071,0.9990188479423523
Little_Giant,0720,498,587,48.01834975950785,-120.8212680576093,0.5791221857070923
Little_Giant,0720,512,459,48.014573164491814,-120.87288535991385,0.7173177003860474
Little_Giant,0720,484,535,48.022126354523884,-120.84223758667052,0.9981578588485718
Little_Giant,0720,545,573,48.005671190525455,-120.82691370004886,0.9957536458969116
Little_Giant,0720,540,478,48.00701997445975,-120.86522341660302,0.9919017553329468
Little_Giant,0720,514,458,48.014033650918094,-120.8732886200881,0.5894775390625
Little_Giant,0720,481,566,48.02293562488446,-120.82973652126864,0.9891785383224487
Little_Giant,0720,479,515,48.02347513845818,-120.85030279015561,0.9989521503448486
Little_Giant,0720,504,453,48.016731218786695,-120.87530492095938,0.6423649191856384
Little_Giant,0720,449,531,48.031567842063964,-120.84385062736754,0.9972046613693237
Little_Giant,0720,544,535,48.00594094731231,-120.84223758667052,0.9989205598831177
Little_Giant,0720,555,496,48.00297362265686,-120.85796473346645,0.9825785160064697
Little_Giant,0720,477,503,48.024014652031894,-120.85514191224667,0.9986680150032043
Little_Giant,0720,472,513,48.0253634359662,-120.85110931050411,0.9987902045249939
Little_Giant,0720,564,506,48.00054581157512,-120.8539321317239,0.7991319298744202
Little_Giant,0720,538,551,48.00755948803347,-120.83578542388246,0.9982251524925232
Little_Giant,0720,470,500,48.02590294953991,-120.85635169276942,0.9962518215179443
Little_Giant,0720,567,529,47.999736541214546,-120.84465714771605,0.7209373712539673
Little_Giant,0720,518,575,48.01295462377066,-120.82610717970034,0.9967122077941895
Little_Giant,0720,539,532,48.00728973124661,-120.84344736719329,0.9989745020866394
Little_Giant,0720,496,472,48.01888927308157,-120.86764297764854,0.6581243872642517
Little_Giant,0720,548,473,48.00486192016488,-120.86723971747429,0.8359299898147583
Little_Giant,0720,464,518,48.02752149026107,-120.84909300963285,0.9980449080467224
Little_Giant,0720,503,581,48.01700097557355,-120.82368761865482,0.9323394894599915
Little_Giant,0720,530,587,48.009717542328346,-120.8212680576093,0.8598296046257019
Little_Giant,0720,483,567,48.02239611131074,-120.82933326109438,0.9898945093154907
Little_Giant,0720,450,553,48.0312980852771,-120.83497890353394,0.9650983810424805
Little_Giant,0720,549,504,48.004592163378014,-120.85473865207241,0.9979162216186523
Little_Giant,0720,543,568,48.006210704099175,-120.82893000092012,0.9963946342468262
Little_Giant,0720,466,551,48.02698197668735,-120.83578542388246,0.9977342486381531
Little_Giant,0720,491,476,48.02023805701587,-120.86602993695153,0.8830062747001648
Little_Giant,0720,539,508,48.00728973124661,-120.85312561137539,0.9983800053596497
Little_Giant,0720,539,502,48.00728973124661,-120.85554517242092,0.9982424378395081
Little_Giant,0720,504,481,48.016731218786695,-120.86401363608026,0.9980639219284058
Little_Giant,0720,461,555,48.02833076062165,-120.83417238318543,0.9891409277915955
Little_Giant,0720,555,482,48.00297362265686,-120.863610375906,0.8229251503944397
Little_Giant,0720,564,504,48.00054581157512,-120.85473865207241,0.8294010162353516
Little_Giant,0720,504,588,48.016731218786695,-120.82086479743504,0.6424505710601807
Little_Giant,0720,494,549,48.01942878665529,-120.83659194423096,0.9970260262489319
Little_Giant,0720,496,475,48.01888927308157,-120.86643319712579,0.8670519590377808
Little_Giant,0720,538,543,48.00755948803347,-120.83901150527649,0.9984692931175232
Little_Giant,0720,451,533,48.031028328490244,-120.84304410701903,0.9975479245185852
Little_Giant,0720,513,464,48.01430340770496,-120.87086905904258,0.7438270449638367
Little_Giant,0720,549,552,48.004592163378014,-120.8353821637082,0.987716019153595
Little_Giant,0720,519,581,48.0126848669838,-120.82368761865482,0.9859215021133423
Little_Giant,0720,490,484,48.02050781380272,-120.8628038555575,0.9898921251296997
Little_Giant,0720,539,552,48.00728973124661,-120.8353821637082,0.9979426860809326
Little_Giant,0720,491,575,48.02023805701587,-120.82610717970034,0.9540620446205139
Little_Giant,0720,549,491,48.004592163378014,-120.85998103433771,0.9978225231170654
Little_Giant,0720,443,541,48.03318638278512,-120.839818025625,0.9974914193153381
Little_Giant,0720,565,524,48.000276054788266,-120.84667344858732,0.8332293033599854
Little_Giant,0720,532,470,48.009178028754626,-120.86844949799706,0.9488693475723267
Little_Giant,0720,478,542,48.02374489524504,-120.83941476545074,0.9984018206596375
Little_Giant,0720,565,510,48.000276054788266,-120.85231909102689,0.7322269678115845
Little_Giant,0720,480,568,48.02320538167132,-120.82893000092012,0.9777573347091675
Little_Giant,0720,531,580,48.00944778554149,-120.82409087882908,0.9924787282943726
Little_Giant,0720,556,531,48.00270386587,-120.84385062736754,0.9932610392570496
Little_Giant,0720,481,514,48.02293562488446,-120.85070605032986,0.9989424347877502
Little_Giant,0720,437,515,48.03480492350628,-120.85030279015561,0.6100859045982361
Little_Giant,0720,532,558,48.009178028754626,-120.83296260266268,0.9985354542732239
Little_Giant,0720,548,572,48.00486192016488,-120.82731696022311,0.9919193983078003
Little_Giant,0720,485,481,48.02185659773702,-120.86401363608026,0.9603043794631958
Little_Giant,0720,477,480,48.024014652031894,-120.86441689625451,0.8988822102546692
Little_Giant,0720,483,492,48.02239611131074,-120.85957777416345,0.9979360103607178
Little_Giant,0720,482,558,48.0226658680976,-120.83296260266268,0.9973958134651184
Little_Giant,0720,546,557,48.0054014337386,-120.83336586283693,0.996446430683136
Little_Giant,0720,503,558,48.01700097557355,-120.83296260266268,0.9981889724731445
Little_Giant,0720,466,542,48.02698197668735,-120.83941476545074,0.9981414079666138
Little_Giant,0720,463,542,48.02779124704793,-120.83941476545074,0.9979119300842285
Little_Giant,0720,562,501,48.00108532514884,-120.85594843259517,0.5533013939857483
Little_Giant,0720,516,571,48.01349413734438,-120.82772022039737,0.9983446598052979
Little_Giant,0720,460,565,48.028600517408506,-120.8301397814429,0.5263047814369202
Little_Giant,0720,490,573,48.02050781380272,-120.82691370004886,0.9758314490318298
Little_Giant,0720,511,570,48.01484292127868,-120.82812348057162,0.9986599087715149
Little_Giant,0720,452,543,48.03075857170339,-120.83901150527649,0.997220516204834
Little_Giant,0720,502,469,48.01727073236041,-120.86885275817131,0.9704822301864624
Little_Giant,0720,466,562,48.02698197668735,-120.83134956196565,0.9414177536964417
Little_Giant,0720,466,546,48.02698197668735,-120.83780172475372,0.9978313446044922
Little_Giant,0720,531,485,48.00944778554149,-120.86240059538324,0.9989050626754761
Little_Giant,0720,544,512,48.00594094731231,-120.85151257067837,0.9982423186302185
Little_Giant,0720,521,559,48.012145353410084,-120.83255934248842,0.9988076090812683
Little_Giant,0720,529,571,48.0099872991152,-120.82772022039737,0.9986005425453186
Little_Giant,0720,502,457,48.01727073236041,-120.87369188026236,0.8714842796325684
Little_Giant,0720,451,504,48.031028328490244,-120.85473865207241,0.8501200079917908
Little_Giant,0720,484,584,48.022126354523884,-120.82247783813206,0.5082159042358398
Little_Giant,0720,459,513,48.02887027419537,-120.85110931050411,0.9930554032325745
Little_Giant,0720,546,520,48.0054014337386,-120.84828648928433,0.9982144832611084
Little_Giant,0720,491,542,48.02023805701587,-120.83941476545074,0.9958852529525757
Little_Giant,0720,472,485,48.0253634359662,-120.86240059538324,0.932783842086792
Little_Giant,0720,543,567,48.006210704099175,-120.82933326109438,0.99725341796875
Little_Giant,0720,486,507,48.021586840950164,-120.85352887154964,0.9986951351165771
Little_Giant,0720,443,542,48.03318638278512,-120.83941476545074,0.9966466426849365
Little_Giant,0720,482,571,48.0226658680976,-120.82772022039737,0.960150957107544
Little_Giant,0720,561,498,48.0013550819357,-120.85715821311793,0.5477772355079651
Little_Giant,0720,542,512,48.00648046088603,-120.85151257067837,0.9984369277954102
Little_Giant,0720,480,484,48.02320538167132,-120.8628038555575,0.9742138385772705
Little_Giant,0720,482,559,48.0226658680976,-120.83255934248842,0.9971254467964172
Little_Giant,0720,548,529,48.00486192016488,-120.84465714771605,0.9986656904220581
Little_Giant,0720,495,583,48.019159029868426,-120.82288109830631,0.763786792755127
Little_Giant,0720,456,556,48.02967954455595,-120.83376912301118,0.9664716124534607
Little_Giant,0720,558,523,48.00216435229628,-120.84707670876158,0.9570526480674744
Little_Giant,0720,540,522,48.00701997445975,-120.84747996893583,0.9990847110748291
Little_Giant,0720,527,575,48.01052681268892,-120.82610717970034,0.9972052574157715
Little_Giant,0720,531,576,48.00944778554149,-120.82570391952609,0.9962895512580872
Little_Giant,0720,524,577,48.0113360830495,-120.82530065935184,0.99631667137146
Little_Giant,0720,503,564,48.01700097557355,-120.83054304161715,0.9968701004981995
Little_Giant,0720,473,572,48.025093679179335,-120.82731696022311,0.6190164685249329
Little_Giant,0720,458,556,48.02914003098223,-120.83376912301118,0.9777834415435791
Little_Giant,0720,483,479,48.02239611131074,-120.86482015642876,0.9175661206245422
Little_Giant,0720,541,559,48.006750217672895,-120.83255934248842,0.9976039528846741
Little_Giant,0720,468,566,48.02644246311363,-120.82973652126864,0.8666383028030396
Little_Giant,0720,534,492,48.008638515180905,-120.85957777416345,0.998892068862915
Little_Giant,0720,544,554,48.00594094731231,-120.83457564335968,0.9967670440673828
Little_Giant,0720,480,531,48.02320538167132,-120.84385062736754,0.9987933039665222
Little_Giant,0720,542,586,48.00648046088603,-120.82167131778355,0.9760055541992188
Little_Giant,0720,485,530,48.02185659773702,-120.8442538875418,0.9986022710800171
Little_Giant,0720,486,560,48.021586840950164,-120.83215608231416,0.9975054860115051
Little_Giant,0720,454,497,48.03021905812967,-120.8575614732922,0.5179264545440674
Little_Giant,0720,490,469,48.02050781380272,-120.86885275817131,0.7001240849494934
Little_Giant,0720,455,552,48.0299493013428,-120.8353821637082,0.9871578812599182
Little_Giant,0720,546,561,48.0054014337386,-120.8317528221399,0.9968166947364807
Little_Giant,0720,469,546,48.026172706326776,-120.83780172475372,0.9978929162025452
Little_Giant,0720,486,523,48.021586840950164,-120.84707670876158,0.998823881149292
Little_Giant,0720,463,509,48.02779124704793,-120.85272235120114,0.9949169158935547
Little_Giant,0720,482,575,48.0226658680976,-120.82610717970034,0.7791731953620911
Little_Giant,0720,478,527,48.02374489524504,-120.84546366806455,0.9987921118736267
Little_Giant,0720,537,557,48.00782924482033,-120.83336586283693,0.99821537733078
Little_Giant,0720,535,488,48.00836875839405,-120.86119081486048,0.9984467625617981
Little_Giant,0720,542,494,48.00648046088603,-120.85877125381495,0.9982116222381592
Little_Giant,0720,518,563,48.01295462377066,-120.8309463017914,0.9989655017852783
Little_Giant,0720,545,540,48.005671190525455,-120.84022128579925,0.9984892010688782
Little_Giant,0720,562,513,48.00108532514884,-120.85110931050411,0.8170655369758606
Little_Giant,0720,548,530,48.00486192016488,-120.8442538875418,0.9985856413841248
Little_Giant,0720,472,498,48.0253634359662,-120.85715821311793,0.9966093897819519
Little_Giant,0720,485,548,48.02185659773702,-120.83699520440521,0.9973646402359009
Little_Giant,0720,475,537,48.024554165605615,-120.84143106632202,0.9984111189842224
Little_Giant,0720,528,590,48.010257055902066,-120.82005827708653,0.5918154716491699
Little_Giant,0720,444,532,48.03291662599826,-120.84344736719329,0.9972160458564758
Little_Giant,0720,461,513,48.02833076062165,-120.85110931050411,0.9954657554626465
Little_Giant,0720,544,556,48.00594094731231,-120.83376912301118,0.9970083832740784
Little_Giant,0720,558,529,48.00216435229628,-120.84465714771605,0.9539445638656616
Little_Giant,0720,447,542,48.032107355637685,-120.83941476545074,0.9969239234924316
Little_Giant,0720,525,538,48.01106632626264,-120.84102780614776,0.9991878271102905
Little_Giant,0720,532,549,48.009178028754626,-120.83659194423096,0.9983441233634949
Little_Giant,0720,505,483,48.01646146199983,-120.86320711573175,0.9982649087905884
Little_Giant,0720,539,478,48.00728973124661,-120.86522341660302,0.9918205738067627
Little_Giant,0720,564,514,48.00054581157512,-120.85070605032986,0.8163085579872131
Little_Giant,0720,538,494,48.00755948803347,-120.85877125381495,0.9985491633415222
Little_Giant,0720,554,517,48.00324337944372,-120.8494962698071,0.9979572296142578
Little_Giant,0720,518,587,48.01295462377066,-120.8212680576093,0.9034134149551392
Little_Giant,0720,515,469,48.01376389413124,-120.86885275817131,0.989629328250885
Little_Giant,0720,501,588,48.01754048914727,-120.82086479743504,0.6508278846740723
Little_Giant,0720,549,540,48.004592163378014,-120.84022128579925,0.9972484111785889
Little_Giant,0720,500,455,48.01781024593413,-120.87449840061088,0.6004289984703064
Little_Giant,0720,538,538,48.00755948803347,-120.84102780614776,0.9984683394432068
Little_Giant,0720,545,475,48.005671190525455,-120.86643319712579,0.9456889629364014
Little_Giant,0720,504,454,48.016731218786695,-120.87490166078513,0.6730169653892517
Little_Giant,0720,465,534,48.02725173347421,-120.84264084684477,0.9980558753013611
Little_Giant,0720,443,548,48.03318638278512,-120.83699520440521,0.9831661581993103
Little_Giant,0720,482,500,48.0226658680976,-120.85635169276942,0.9985488653182983
Little_Giant,0720,467,508,48.026712219900496,-120.85312561137539,0.9977890849113464
Little_Giant,0720,482,545,48.0226658680976,-120.83820498492798,0.9983263611793518
Little_Giant,0720,490,490,48.02050781380272,-120.86038429451197,0.9968869090080261
Little_Giant,0720,555,528,48.00297362265686,-120.8450604078903,0.9950073957443237
Little_Giant,0720,511,457,48.01484292127868,-120.87369188026236,0.9190425872802734
Little_Giant,0720,483,574,48.02239611131074,-120.8265104398746,0.88568115234375
Little_Giant,0720,460,510,48.028600517408506,-120.85231909102689,0.992419958114624
Little_Giant,0720,539,582,48.00728973124661,-120.82328435848056,0.9889152646064758
Little_Giant,0720,534,510,48.008638515180905,-120.85231909102689,0.9991547465324402
Little_Giant,0720,547,569,48.005131676951734,-120.82852674074587,0.9936246275901794
Little_Giant,0720,540,515,48.00701997445975,-120.85030279015561,0.9989711046218872
Little_Giant,0720,512,560,48.014573164491814,-120.83215608231416,0.9989736676216125
Little_Giant,0720,526,591,48.01079656947579,-120.81965501691228,0.5161899924278259
Little_Giant,0720,525,564,48.01106632626264,-120.83054304161715,0.9989697933197021
Little_Giant,0720,550,536,48.00432240659116,-120.84183432649627,0.9982147216796875
Little_Giant,0720,442,528,48.03345613957198,-120.8450604078903,0.9936352968215942
Little_Giant,0720,439,515,48.03426540993256,-120.85030279015561,0.6569852232933044
Little_Giant,0720,488,533,48.02104732737644,-120.84304410701903,0.9986163973808289
Little_Giant,0720,491,538,48.02023805701587,-120.84102780614776,0.9979088306427002
Little_Giant,0720,549,550,48.004592163378014,-120.83618868405671,0.989211916923523
Little_Giant,0720,455,508,48.0299493013428,-120.85312561137539,0.9755251407623291
Little_Giant,0720,488,471,48.02104732737644,-120.8680462378228,0.7736444473266602
Little_Giant,0720,503,587,48.01700097557355,-120.8212680576093,0.7183590531349182
Little_Giant,0720,530,491,48.009717542328346,-120.85998103433771,0.9994146823883057
Little_Giant,0720,477,530,48.024014652031894,-120.8442538875418,0.9985756278038025
Little_Giant,0720,487,530,48.0213170841633,-120.8442538875418,0.9987009167671204
Little_Giant,0720,466,516,48.02698197668735,-120.84989952998136,0.9981100559234619
Little_Giant,0720,443,523,48.03318638278512,-120.84707670876158,0.985260546207428
Little_Giant,0720,542,503,48.00648046088603,-120.85514191224667,0.9981634020805359
Little_Giant,0720,545,564,48.005671190525455,-120.83054304161715,0.9964737892150879
Little_Giant,0720,477,490,48.024014652031894,-120.86038429451197,0.994734525680542
Little_Giant,0720,534,557,48.008638515180905,-120.83336586283693,0.9984020590782166
Little_Giant,0720,439,534,48.03426540993256,-120.84264084684477,0.9968964457511902
Little_Giant,0720,496,561,48.01888927308157,-120.8317528221399,0.997162401676178
Little_Giant,0720,472,563,48.0253634359662,-120.8309463017914,0.976462185382843
Little_Giant,0720,480,516,48.02320538167132,-120.84989952998136,0.9990349411964417
Little_Giant,0720,458,507,48.02914003098223,-120.85352887154964,0.9752044677734375
Little_Giant,0720,474,528,48.02482392239248,-120.8450604078903,0.9985965490341187
Little_Giant,0720,502,454,48.01727073236041,-120.87490166078513,0.7023124694824219
Little_Giant,0720,511,552,48.01484292127868,-120.8353821637082,0.9977134466171265
Little_Giant,0720,471,491,48.025633192753055,-120.85998103433771,0.9809580445289612
Little_Giant,0720,451,547,48.031028328490244,-120.83739846457946,0.99563068151474
Little_Giant,0720,460,530,48.028600517408506,-120.8442538875418,0.9975546002388
Little_Giant,0720,537,567,48.00782924482033,-120.82933326109438,0.9980368614196777
Little_Giant,0720,492,478,48.019968300229,-120.86522341660302,0.9705291986465454
Little_Giant,0720,538,510,48.00755948803347,-120.85231909102689,0.9986923336982727
Little_Giant,0720,508,475,48.015652191639255,-120.86643319712579,0.9980217814445496
Little_Giant,0720,548,480,48.00486192016488,-120.86441689625451,0.978003203868866
Little_Giant,0720,481,501,48.02293562488446,-120.85594843259517,0.9985765814781189
Little_Giant,0720,459,500,48.02887027419537,-120.85635169276942,0.9669179320335388
Little_Giant,0720,525,586,48.01106632626264,-120.82167131778355,0.9014692306518555
Little_Giant,0720,515,558,48.01376389413124,-120.83296260266268,0.9990189671516418
Little_Giant,0720,552,503,48.00378289301744,-120.85514191224667,0.9954711198806763
Little_Giant,0720,512,470,48.014573164491814,-120.86844949799706,0.9924119710922241
Little_Giant,0720,507,460,48.01592194842611,-120.8724820997396,0.9280919432640076
Little_Giant,0720,545,499,48.005671190525455,-120.85675495294367,0.9983568787574768
Little_Giant,0720,502,488,48.01727073236041,-120.86119081486048,0.9984394311904907
Little_Giant,0720,564,528,48.00054581157512,-120.8450604078903,0.9644280672073364
Little_Giant,0720,503,574,48.01700097557355,-120.8265104398746,0.9903419017791748
Little_Giant,0720,451,513,48.031028328490244,-120.85110931050411,0.9812028408050537
Little_Giant,0720,488,529,48.02104732737644,-120.84465714771605,0.9986889958381653
Little_Giant,0720,483,476,48.02239611131074,-120.86602993695153,0.8531798720359802
Little_Giant,0720,490,538,48.02050781380272,-120.84102780614776,0.9976971745491028
Little_Giant,0720,500,545,48.01781024593413,-120.83820498492798,0.9974599480628967
Little_Giant,0720,441,523,48.03372589635884,-120.84707670876158,0.9818376302719116
Little_Giant,0720,485,569,48.02185659773702,-120.82852674074587,0.9876552224159241
Little_Giant,0720,445,513,48.0326468692114,-120.85110931050411,0.9452733993530273
Little_Giant,0720,522,556,48.01187559662322,-120.83376912301118,0.9984440803527832
Little_Giant,0720,475,569,48.024554165605615,-120.82852674074587,0.9353055953979492
Little_Giant,0720,542,564,48.00648046088603,-120.83054304161715,0.9980124235153198
Little_Giant,0720,454,532,48.03021905812967,-120.84344736719329,0.9976779818534851
Little_Giant,0720,502,574,48.01727073236041,-120.8265104398746,0.991330623626709
Little_Giant,0720,506,485,48.016191705212975,-120.86240059538324,0.9983370304107666
Little_Giant,0720,486,581,48.021586840950164,-120.82368761865482,0.6255432963371277
Little_Giant,0720,518,477,48.01295462377066,-120.86562667677728,0.9983668327331543
Little_Giant,0720,477,474,48.024014652031894,-120.86683645730004,0.515029788017273
Little_Giant,0720,530,565,48.009717542328346,-120.8301397814429,0.9991055130958557
Little_Giant,0720,455,517,48.0299493013428,-120.8494962698071,0.9938910007476807
Little_Giant,0720,531,566,48.00944778554149,-120.82973652126864,0.9988973736763
Little_Giant,0720,450,508,48.0312980852771,-120.85312561137539,0.9311777949333191
Little_Giant,0720,526,494,48.01079656947579,-120.85877125381495,0.9996176958084106
Little_Giant,0720,537,487,48.00782924482033,-120.86159407503473,0.9983354210853577
Little_Giant,0720,486,569,48.021586840950164,-120.82852674074587,0.9884316921234131
Little_Giant,0720,483,552,48.02239611131074,-120.8353821637082,0.9978448152542114
Little_Giant,0720,551,552,48.004052649804294,-120.8353821637082,0.9840564131736755
Little_Giant,0720,477,486,48.024014652031894,-120.86199733520898,0.9842467308044434
Little_Giant,0720,515,580,48.01376389413124,-120.82409087882908,0.9907565712928772
Little_Giant,0720,556,507,48.00270386587,-120.85352887154964,0.9932527542114258
Little_Giant,0720,560,528,48.00162483872256,-120.8450604078903,0.8982779383659363
Little_Giant,0720,465,538,48.02725173347421,-120.84102780614776,0.9980273246765137
Little_Giant,0720,521,472,48.012145353410084,-120.86764297764854,0.9838985800743103
Little_Giant,0720,548,534,48.00486192016488,-120.84264084684477,0.9986777305603027
Little_Giant,0720,539,477,48.00728973124661,-120.86562667677728,0.9886960387229919
Little_Giant,0720,454,551,48.03021905812967,-120.83578542388246,0.9904075264930725
Little_Giant,0720,485,485,48.02185659773702,-120.86240059538324,0.9905632138252258
Little_Giant,0720,512,480,48.014573164491814,-120.86441689625451,0.9987202882766724
Little_Giant,0720,464,564,48.02752149026107,-120.83054304161715,0.8165245652198792
Little_Giant,0720,527,502,48.01052681268892,-120.85554517242092,0.999250590801239
Little_Giant,0720,515,457,48.01376389413124,-120.87369188026236,0.7667959332466125
Little_Giant,0720,499,483,48.01808000272099,-120.86320711573175,0.9978615045547485
Little_Giant,0720,534,573,48.008638515180905,-120.82691370004886,0.997223436832428
Little_Giant,0720,465,506,48.02725173347421,-120.8539321317239,0.9948404431343079
Little_Giant,0720,550,509,48.00432240659116,-120.85272235120114,0.9982302188873291
Little_Giant,0720,484,480,48.022126354523884,-120.86441689625451,0.9303988218307495
Little_Giant,0720,552,572,48.00378289301744,-120.82731696022311,0.9379869103431702
Little_Giant,0720,466,514,48.02698197668735,-120.85070605032986,0.998235285282135
Little_Giant,0720,467,543,48.026712219900496,-120.83901150527649,0.9982096552848816
Little_Giant,0720,506,559,48.016191705212975,-120.83255934248842,0.9978101253509521
Little_Giant,0720,512,547,48.014573164491814,-120.83739846457946,0.9971820712089539
Little_Giant,0720,466,554,48.02698197668735,-120.83457564335968,0.9958691000938416
Little_Giant,0720,478,522,48.02374489524504,-120.84747996893583,0.9989343285560608
Little_Giant,0720,533,530,48.00890827196777,-120.8442538875418,0.9994179010391235
Little_Giant,0720,555,564,48.00297362265686,-120.83054304161715,0.5166762471199036
Little_Giant,0720,495,552,48.019159029868426,-120.8353821637082,0.9970959424972534
Little_Giant,0720,548,526,48.00486192016488,-120.8458669282388,0.9984394907951355
Little_Giant,0720,466,499,48.02698197668735,-120.85675495294367,0.9816285967826843
Little_Giant,0720,467,510,48.026712219900496,-120.85231909102689,0.9981985688209534
Little_Giant,0720,552,546,48.00378289301744,-120.83780172475372,0.9797823429107666
Little_Giant,0720,494,479,48.01942878665529,-120.86482015642876,0.9710462689399719
Little_Giant,0720,502,560,48.01727073236041,-120.83215608231416,0.9976961016654968
Little_Giant,0720,508,578,48.015652191639255,-120.82489739917759,0.9884642958641052
Little_Giant,0720,492,559,48.019968300229,-120.83255934248842,0.998124361038208
Little_Giant,0720,538,481,48.00755948803347,-120.86401363608026,0.9972285032272339
Little_Giant,0720,554,493,48.00324337944372,-120.8591745139892,0.9704967737197876
Little_Giant,0720,447,534,48.032107355637685,-120.84264084684477,0.99718177318573
Little_Giant,0720,470,546,48.02590294953991,-120.83780172475372,0.9977232217788696
Little_Giant,0720,524,578,48.0113360830495,-120.82489739917759,0.9953873753547668
Little_Giant,0720,473,519,48.025093679179335,-120.84868974945859,0.9988255500793457
Little_Giant,0720,530,470,48.009717542328346,-120.86844949799706,0.8886731863021851
Little_Giant,0720,482,562,48.0226658680976,-120.83134956196565,0.9950651526451111
Little_Giant,0720,502,477,48.01727073236041,-120.86562667677728,0.9965865015983582
Little_Giant,0720,473,554,48.025093679179335,-120.83457564335968,0.9972370862960815
Little_Giant,0720,463,547,48.02779124704793,-120.83739846457946,0.9978373646736145
Little_Giant,0720,486,529,48.021586840950164,-120.84465714771605,0.9986951351165771
Little_Giant,0720,510,562,48.015112678065535,-120.83134956196565,0.998472273349762
Little_Giant,0720,500,468,48.01781024593413,-120.86925601834557,0.8650931119918823
Little_Giant,0720,558,512,48.00216435229628,-120.85151257067837,0.9729403853416443
Little_Giant,0720,518,565,48.01295462377066,-120.8301397814429,0.9989157319068909
Little_Giant,0720,471,513,48.025633192753055,-120.85110931050411,0.9987698793411255
Little_Giant,0720,481,568,48.02293562488446,-120.82893000092012,0.9809303879737854
Little_Giant,0720,530,544,48.009717542328346,-120.83860824510224,0.9983833432197571
Little_Giant,0720,500,551,48.01781024593413,-120.83578542388246,0.9967652559280396
Little_Giant,0720,489,554,48.02077757058959,-120.83457564335968,0.9977695345878601
Little_Giant,0720,545,524,48.005671190525455,-120.84667344858732,0.9983188509941101
Little_Giant,0720,464,525,48.02752149026107,-120.84627018841307,0.9981843829154968
Little_Giant,0720,468,556,48.02644246311363,-120.83376912301118,0.9950622320175171
Little_Giant,0720,457,550,48.02940978776909,-120.83618868405671,0.9952453970909119
Little_Giant,0720,536,575,48.00809900160719,-120.82610717970034,0.9948148131370544
Little_Giant,0720,458,541,48.02914003098223,-120.839818025625,0.9981139302253723
Little_Giant,0720,475,522,48.024554165605615,-120.84747996893583,0.9987451434135437
Little_Giant,0720,468,488,48.02644246311363,-120.86119081486048,0.8593809604644775
Little_Giant,0720,499,553,48.01808000272099,-120.83497890353394,0.9974361658096313
Little_Giant,0720,501,560,48.01754048914727,-120.83215608231416,0.9976524114608765
Little_Giant,0720,541,504,48.006750217672895,-120.85473865207241,0.9982629418373108
Little_Giant,0720,527,537,48.01052681268892,-120.84143106632202,0.9992241263389587
Little_Giant,0720,546,575,48.0054014337386,-120.82610717970034,0.995107114315033
Little_Giant,0720,457,561,48.02940978776909,-120.8317528221399,0.6918589472770691
Little_Giant,0720,511,557,48.01484292127868,-120.83336586283693,0.9980193376541138
Little_Giant,0720,541,487,48.006750217672895,-120.86159407503473,0.9981592893600464
Little_Giant,0720,522,545,48.01187559662322,-120.83820498492798,0.9984873533248901
Little_Giant,0720,531,533,48.00944778554149,-120.84304410701903,0.9992841482162476
Little_Giant,0720,538,474,48.00755948803347,-120.86683645730004,0.9783356785774231
Little_Giant,0720,485,486,48.02185659773702,-120.86199733520898,0.9926259517669678
Little_Giant,0720,500,487,48.01781024593413,-120.86159407503473,0.9981151819229126
Little_Giant,0720,467,502,48.026712219900496,-120.85554517242092,0.9960331320762634
Little_Giant,0720,541,563,48.006750217672895,-120.8309463017914,0.9976891875267029
Little_Giant,0720,517,577,48.01322438055752,-120.82530065935184,0.9954620599746704
Little_Giant,0720,461,557,48.02833076062165,-120.83336586283693,0.9800965189933777
Little_Giant,0720,486,539,48.021586840950164,-120.8406245459735,0.9967021346092224
Little_Giant,0720,553,514,48.00351313623058,-120.85070605032986,0.9977833032608032
Little_Giant,0720,537,525,48.00782924482033,-120.84627018841307,0.9993558526039124
Little_Giant,0720,482,486,48.0226658680976,-120.86199733520898,0.9897183775901794
Little_Giant,0720,468,492,48.02644246311363,-120.85957777416345,0.970237672328949
Little_Giant,0720,514,585,48.014033650918094,-120.8220745779578,0.9169572591781616
Little_Giant,0720,552,482,48.00378289301744,-120.863610375906,0.9416248798370361
Little_Giant,0720,548,555,48.00486192016488,-120.83417238318543,0.9937596917152405
Little_Giant,0720,452,549,48.03075857170339,-120.83659194423096,0.9938337802886963
Little_Giant,0720,543,566,48.006210704099175,-120.82973652126864,0.9975293874740601
Little_Giant,0720,536,504,48.00809900160719,-120.85473865207241,0.9986071586608887
Little_Giant,0720,467,551,48.026712219900496,-120.83578542388246,0.9977431297302246
Little_Giant,0720,481,489,48.02293562488446,-120.86078755468623,0.9956563115119934
Little_Giant,0720,506,579,48.016191705212975,-120.82449413900333,0.9756152033805847
Little_Giant,0720,468,524,48.02644246311363,-120.84667344858732,0.9986176490783691
Little_Giant,0720,521,470,48.012145353410084,-120.86844949799706,0.9656273126602173
Little_Giant,0720,454,526,48.03021905812967,-120.8458669282388,0.9966473579406738
Little_Giant,0720,464,486,48.02752149026107,-120.86199733520898,0.5022094249725342
Little_Giant,0720,546,523,48.0054014337386,-120.84707670876158,0.9982852935791016
Little_Giant,0720,486,506,48.021586840950164,-120.8539321317239,0.9986931085586548
Little_Giant,0720,488,574,48.02104732737644,-120.8265104398746,0.9577364325523376
Little_Giant,0720,518,545,48.01295462377066,-120.83820498492798,0.9982701539993286
Little_Giant,0720,560,532,48.00162483872256,-120.84344736719329,0.9094662070274353
Little_Giant,0720,460,493,48.028600517408506,-120.8591745139892,0.9013349413871765
Little_Giant,0720,553,550,48.00351313623058,-120.83618868405671,0.9772099256515503
Little_Giant,0720,512,478,48.014573164491814,-120.86522341660302,0.9986176490783691
Little_Giant,0720,490,491,48.02050781380272,-120.85998103433771,0.9975922703742981
Little_Giant,0720,544,502,48.00594094731231,-120.85554517242092,0.9981560707092285
Little_Giant,0720,485,557,48.02185659773702,-120.83336586283693,0.9979206323623657
Little_Giant,0720,459,533,48.02887027419537,-120.84304410701903,0.9974905252456665
Little_Giant,0720,556,545,48.00270386587,-120.83820498492798,0.9380959272384644
Little_Giant,0720,526,479,48.01079656947579,-120.86482015642876,0.998687207698822
Little_Giant,0720,561,517,48.0013550819357,-120.8494962698071,0.9216999411582947
Little_Giant,0720,522,475,48.01187559662322,-120.86643319712579,0.9975626468658447
Little_Giant,0720,531,489,48.00944778554149,-120.86078755468623,0.999186098575592
Little_Giant,0720,459,554,48.02887027419537,-120.83457564335968,0.986727774143219
Little_Giant,0720,523,591,48.01160583983636,-120.81965501691228,0.5674945116043091
Little_Giant,0720,491,545,48.02023805701587,-120.83820498492798,0.9950295090675354
Little_Giant,0720,497,549,48.018619516294706,-120.83659194423096,0.9972994923591614
Little_Giant,0720,566,507,48.0000062980014,-120.85352887154964,0.6367326378822327
Little_Giant,0720,481,532,48.02293562488446,-120.84344736719329,0.9987891912460327
Little_Giant,0720,486,501,48.021586840950164,-120.85594843259517,0.9987467527389526
Little_Giant,0720,542,572,48.00648046088603,-120.82731696022311,0.9960176348686218
Little_Giant,0720,518,540,48.01295462377066,-120.84022128579925,0.9988523125648499
Little_Giant,0720,460,498,48.028600517408506,-120.85715821311793,0.9591978788375854
Little_Giant,0720,530,545,48.009717542328346,-120.83820498492798,0.9983109831809998
Little_Giant,0720,493,491,48.019698543442146,-120.85998103433771,0.9980549216270447
Little_Giant,0720,471,506,48.025633192753055,-120.8539321317239,0.9983221292495728
Little_Giant,0720,501,579,48.01754048914727,-120.82449413900333,0.9559994339942932
Little_Giant,0720,560,541,48.00162483872256,-120.839818025625,0.9241681694984436
Little_Giant,0720,466,488,48.02698197668735,-120.86119081486048,0.7621006369590759
Little_Giant,0720,526,554,48.01079656947579,-120.83457564335968,0.9982099533081055
Little_Giant,0720,463,498,48.02779124704793,-120.85715821311793,0.9424089789390564
Little_Giant,0720,501,460,48.01754048914727,-120.8724820997396,0.8468326926231384
Little_Giant,0720,495,558,48.019159029868426,-120.83296260266268,0.9981167912483215
Little_Giant,0720,500,456,48.01781024593413,-120.87409514043662,0.6723273992538452
Little_Giant,0720,549,513,48.004592163378014,-120.85110931050411,0.9981297254562378
Little_Giant,0720,539,472,48.00728973124661,-120.86764297764854,0.9301133155822754
Little_Giant,0720,546,509,48.0054014337386,-120.85272235120114,0.9981146454811096
Little_Giant,0720,499,552,48.01808000272099,-120.8353821637082,0.9971358180046082
Little_Giant,0720,486,536,48.021586840950164,-120.84183432649627,0.9980896711349487
Little_Giant,0720,548,563,48.00486192016488,-120.8309463017914,0.9937455654144287
Little_Giant,0720,515,562,48.01376389413124,-120.83134956196565,0.9989327192306519
Little_Giant,0720,475,541,48.024554165605615,-120.839818025625,0.9984632730484009
Little_Giant,0720,502,570,48.01727073236041,-120.82812348057162,0.9956377148628235
Little_Giant,0720,527,590,48.01052681268892,-120.82005827708653,0.5888229608535767
Little_Giant,0720,468,498,48.02644246311363,-120.85715821311793,0.994385302066803
Little_Giant,0720,536,531,48.00809900160719,-120.84385062736754,0.9990760087966919
Little_Giant,0720,563,511,48.000815568361986,-120.85191583085263,0.7221582531929016
Little_Giant,0720,506,549,48.016191705212975,-120.83659194423096,0.9975426197052002
Little_Giant,0720,512,465,48.014573164491814,-120.87046579886832,0.8279712200164795
Little_Giant,0720,496,536,48.01888927308157,-120.84183432649627,0.9987532496452332
Little_Giant,0720,522,550,48.01187559662322,-120.83618868405671,0.9978557229042053
Little_Giant,0720,477,528,48.024014652031894,-120.8450604078903,0.9985488057136536
Little_Giant,0720,462,497,48.02806100383479,-120.8575614732922,0.960879921913147
Little_Giant,0720,494,483,48.01942878665529,-120.86320711573175,0.9939000606536865
Little_Giant,0720,524,569,48.0113360830495,-120.82852674074587,0.9989420771598816
Little_Giant,0720,539,549,48.00728973124661,-120.83659194423096,0.998430073261261
Little_Giant,0720,494,550,48.01942878665529,-120.83618868405671,0.9974250793457031
Little_Giant,0720,551,516,48.004052649804294,-120.84989952998136,0.9982545971870422
Little_Giant,0720,538,530,48.00755948803347,-120.8442538875418,0.9990018010139465
Little_Giant,0720,548,537,48.00486192016488,-120.84143106632202,0.9985153079032898
Little_Giant,0720,545,474,48.005671190525455,-120.86683645730004,0.9173242449760437
Little_Giant,0720,485,577,48.02185659773702,-120.82530065935184,0.7407941818237305
Little_Giant,0720,549,569,48.004592163378014,-120.82852674074587,0.9859596490859985
Little_Giant,0720,563,522,48.000815568361986,-120.84747996893583,0.8243256211280823
Little_Giant,0720,543,581,48.006210704099175,-120.82368761865482,0.9951268434524536
Little_Giant,0720,553,538,48.00351313623058,-120.84102780614776,0.9937451481819153
Little_Giant,0720,547,522,48.005131676951734,-120.84747996893583,0.9982537031173706
Little_Giant,0720,493,552,48.019698543442146,-120.8353821637082,0.997105062007904
Little_Giant,0720,486,535,48.021586840950164,-120.84223758667052,0.9983980059623718
Little_Giant,0720,493,547,48.019698543442146,-120.83739846457946,0.996295690536499
Little_Giant,0720,485,553,48.02185659773702,-120.83497890353394,0.9975870251655579
Little_Giant,0720,490,494,48.02050781380272,-120.85877125381495,0.9982656240463257
Little_Giant,0720,522,588,48.01187559662322,-120.82086479743504,0.8644504547119141
Little_Giant,0720,561,511,48.0013550819357,-120.85191583085263,0.9047251343727112
Little_Giant,0720,560,504,48.00162483872256,-120.85473865207241,0.907196044921875
Little_Giant,0720,541,496,48.006750217672895,-120.85796473346645,0.9982877373695374
Little_Giant,0720,515,551,48.01376389413124,-120.83578542388246,0.9966386556625366
Little_Giant,0720,509,473,48.0153824348524,-120.86723971747429,0.9961616396903992
Little_Giant,0720,547,471,48.005131676951734,-120.8680462378228,0.7176627516746521
Little_Giant,0720,543,553,48.006210704099175,-120.83497890353394,0.9966883659362793
Little_Giant,0720,566,514,48.0000062980014,-120.85070605032986,0.7132455110549927
Little_Giant,0720,496,480,48.01888927308157,-120.86441689625451,0.9895113110542297
Little_Giant,0720,546,563,48.0054014337386,-120.8309463017914,0.9953365325927734
Little_Giant,0720,541,526,48.006750217672895,-120.8458669282388,0.9990361332893372
Little_Giant,0720,475,554,48.024554165605615,-120.83457564335968,0.9974111914634705
Little_Giant,0720,486,565,48.021586840950164,-120.8301397814429,0.9961442947387695
Little_Giant,0720,478,563,48.02374489524504,-120.8309463017914,0.9921457767486572
Little_Giant,0720,439,536,48.03426540993256,-120.84183432649627,0.9970837831497192
Little_Giant,0720,499,550,48.01808000272099,-120.83618868405671,0.99757981300354
Little_Giant,0720,467,499,48.026712219900496,-120.85675495294367,0.9904439449310303
Little_Giant,0720,517,579,48.01322438055752,-120.82449413900333,0.9937885403633118
Little_Giant,0720,539,507,48.00728973124661,-120.85352887154964,0.9984238743782043
Little_Giant,0720,539,517,48.00728973124661,-120.8494962698071,0.9990108609199524
Little_Giant,0720,531,546,48.00944778554149,-120.83780172475372,0.9983601570129395
Little_Giant,0720,505,490,48.01646146199983,-120.86038429451197,0.9988697171211243
Little_Giant,0720,470,480,48.02590294953991,-120.86441689625451,0.5315450429916382
Little_Giant,0720,510,460,48.015112678065535,-120.8724820997396,0.8711485266685486
Little_Giant,0720,556,498,48.00270386587,-120.85715821311793,0.990805447101593
Little_Giant,0720,512,581,48.014573164491814,-120.82368761865482,0.9780953526496887
Little_Giant,0720,489,560,48.02077757058959,-120.83215608231416,0.9976162314414978
Little_Giant,0720,485,490,48.02185659773702,-120.86038429451197,0.9956391453742981
Little_Giant,0720,495,488,48.019159029868426,-120.86119081486048,0.9979969263076782
Little_Giant,0720,561,504,48.0013550819357,-120.85473865207241,0.8473588228225708
Little_Giant,0720,474,482,48.02482392239248,-120.863610375906,0.8838862776756287
Little_Giant,0720,502,460,48.01727073236041,-120.8724820997396,0.8925154209136963
Little_Giant,0720,449,550,48.031567842063964,-120.83618868405671,0.9850066900253296
Little_Giant,0720,478,558,48.02374489524504,-120.83296260266268,0.9970917701721191
Little_Giant,0720,470,487,48.02590294953991,-120.86159407503473,0.9096970558166504
Little_Giant,0720,518,574,48.01295462377066,-120.8265104398746,0.9972358345985413
Little_Giant,0720,456,557,48.02967954455595,-120.83336586283693,0.9434694647789001
Little_Giant,0720,526,588,48.01079656947579,-120.82086479743504,0.8293970823287964
Little_Giant,0720,543,561,48.006210704099175,-120.8317528221399,0.997955858707428
Little_Giant,0720,549,480,48.004592163378014,-120.86441689625451,0.9777413606643677
Little_Giant,0720,559,537,48.00189459550942,-120.84143106632202,0.9248712062835693
Little_Giant,0720,477,483,48.024014652031894,-120.86320711573175,0.9570527672767639
Little_Giant,0720,507,553,48.01592194842611,-120.83497890353394,0.9975290894508362
Little_Giant,0720,531,569,48.00944778554149,-120.82852674074587,0.9988345503807068
Little_Giant,0720,553,482,48.00351313623058,-120.863610375906,0.9392117857933044
Little_Giant,0720,481,558,48.02293562488446,-120.83296260266268,0.9972402453422546
Little_Giant,0720,536,547,48.00809900160719,-120.83739846457946,0.9983184933662415
Little_Giant,0720,482,472,48.0226658680976,-120.86764297764854,0.5801041126251221
Little_Giant,0720,544,507,48.00594094731231,-120.85352887154964,0.9981632828712463
Little_Giant,0720,475,511,48.024554165605615,-120.85191583085263,0.9988282918930054
Little_Giant,0720,485,476,48.02185659773702,-120.86602993695153,0.9093626737594604
Little_Giant,0720,508,462,48.015652191639255,-120.8716755793911,0.9583531618118286
Little_Giant,0720,545,566,48.005671190525455,-120.82973652126864,0.9952405095100403
Little_Giant,0720,463,507,48.02779124704793,-120.85352887154964,0.989986002445221
Little_Giant,0720,538,582,48.00755948803347,-120.82328435848056,0.9889083504676819
Little_Giant,0720,523,587,48.01160583983636,-120.8212680576093,0.886490523815155
Little_Giant,0720,540,536,48.00701997445975,-120.84183432649627,0.9989058971405029
Little_Giant,0720,502,547,48.01727073236041,-120.83739846457946,0.9971823692321777
Little_Giant,0720,443,520,48.03318638278512,-120.84828648928433,0.9722322225570679
Little_Giant,0720,471,561,48.025633192753055,-120.8317528221399,0.9808570146560669
Little_Giant,0720,487,578,48.0213170841633,-120.82489739917759,0.7273849844932556
Little_Giant,0720,540,481,48.00701997445975,-120.86401363608026,0.996824324131012
Little_Giant,0720,508,470,48.015652191639255,-120.86844949799706,0.9906136989593506
Little_Giant,0720,544,526,48.00594094731231,-120.8458669282388,0.9984123706817627
Little_Giant,0720,563,515,48.000815568361986,-120.85030279015561,0.8237709999084473
Little_Giant,0720,542,568,48.00648046088603,-120.82893000092012,0.9969369173049927
Little_Giant,0720,474,522,48.02482392239248,-120.84747996893583,0.9987576603889465
Little_Giant,0720,486,534,48.021586840950164,-120.84264084684477,0.9984959959983826
Little_Giant,0720,531,544,48.00944778554149,-120.83860824510224,0.9984135031700134
Little_Giant,0720,479,538,48.02347513845818,-120.84102780614776,0.9983397126197815
Little_Giant,0720,552,550,48.00378289301744,-120.83618868405671,0.9848034381866455
Little_Giant,0720,531,476,48.00944778554149,-120.86602993695153,0.9964264035224915
Little_Giant,0720,505,454,48.01646146199983,-120.87490166078513,0.6539503931999207
Little_Giant,0720,463,551,48.02779124704793,-120.83578542388246,0.9974713325500488
Little_Giant,0720,543,565,48.006210704099175,-120.8301397814429,0.9978778958320618
Little_Giant,0720,549,486,48.004592163378014,-120.86199733520898,0.9943068623542786
Little_Giant,0720,540,569,48.00701997445975,-120.82852674074587,0.997035801410675
Little_Giant,0720,464,557,48.02752149026107,-120.83336586283693,0.9883219599723816
Little_Giant,0720,461,541,48.02833076062165,-120.839818025625,0.9979764223098755
Little_Giant,0720,491,492,48.02023805701587,-120.85957777416345,0.9980469942092896
Little_Giant,0720,547,498,48.005131676951734,-120.85715821311793,0.9982935190200806
Little_Giant,0720,452,558,48.03075857170339,-120.83296260266268,0.7857915163040161
Little_Giant,0720,495,587,48.019159029868426,-120.8212680576093,0.5827870965003967
Little_Giant,0720,510,558,48.015112678065535,-120.83296260266268,0.9985701441764832
Little_Giant,0720,551,557,48.004052649804294,-120.83336586283693,0.9897997379302979
Little_Giant,0720,519,564,48.0126848669838,-120.83054304161715,0.9989951848983765
Little_Giant,0720,513,558,48.01430340770496,-120.83296260266268,0.9987558126449585
Little_Giant,0720,450,510,48.0312980852771,-120.85231909102689,0.9573178887367249
Little_Giant,0720,477,479,48.024014652031894,-120.86482015642876,0.8840250968933105
Little_Giant,0720,554,510,48.00324337944372,-120.85231909102689,0.99466872215271
Little_Giant,0720,461,491,48.02833076062165,-120.85998103433771,0.6860207319259644
Little_Giant,0720,515,575,48.01376389413124,-120.82610717970034,0.9966406226158142
Little_Giant,0720,533,503,48.00890827196777,-120.85514191224667,0.9988642334938049
Little_Giant,0720,539,483,48.00728973124661,-120.86320711573175,0.9980307221412659
Little_Giant,0720,485,526,48.02185659773702,-120.8458669282388,0.998603343963623
Little_Giant,0720,477,552,48.024014652031894,-120.8353821637082,0.9974574446678162
Little_Giant,0720,486,495,48.021586840950164,-120.8583679936407,0.9984046220779419
Little_Giant,0720,543,554,48.006210704099175,-120.83457564335968,0.9968864917755127
Little_Giant,0720,524,584,48.0113360830495,-120.82247783813206,0.9663187861442566
Little_Giant,0720,540,565,48.00701997445975,-120.8301397814429,0.9976316094398499
Little_Giant,0720,525,475,48.01106632626264,-120.86643319712579,0.9975462555885315
Little_Giant,0720,545,578,48.005671190525455,-120.82489739917759,0.9957119822502136
Little_Giant,0720,464,487,48.02752149026107,-120.86159407503473,0.5029517412185669
Little_Giant,0720,479,488,48.02347513845818,-120.86119081486048,0.9942525625228882
Little_Giant,0720,550,548,48.00432240659116,-120.83699520440521,0.9870890974998474
Little_Giant,0720,463,533,48.02779124704793,-120.84304410701903,0.9979358315467834
Little_Giant,0720,510,566,48.015112678065535,-120.82973652126864,0.9988792538642883
Little_Giant,0720,553,517,48.00351313623058,-120.8494962698071,0.9981518983840942
Little_Giant,0720,505,476,48.01646146199983,-120.86602993695153,0.9978378415107727
Little_Giant,0720,558,519,48.00216435229628,-120.84868974945859,0.9687470197677612
Little_Giant,0720,486,549,48.021586840950164,-120.83659194423096,0.9972860217094421
Little_Giant,0720,504,466,48.016731218786695,-120.87006253869407,0.96712327003479
Little_Giant,0720,511,574,48.01484292127868,-120.8265104398746,0.995959460735321
Little_Giant,0720,542,567,48.00648046088603,-120.82933326109438,0.9976801872253418
Little_Giant,0720,555,493,48.00297362265686,-120.8591745139892,0.9556701183319092
Little_Giant,0720,541,583,48.006750217672895,-120.82288109830631,0.9903775453567505
Little_Giant,0720,500,491,48.01781024593413,-120.85998103433771,0.9984594583511353
Little_Giant,0720,457,510,48.02940978776909,-120.85231909102689,0.9906504154205322
Little_Giant,0720,466,547,48.02698197668735,-120.83739846457946,0.9979544281959534
Little_Giant,0720,528,505,48.010257055902066,-120.85433539189815,0.9992687702178955
Little_Giant,0720,470,534,48.02590294953991,-120.84264084684477,0.9984130859375
Little_Giant,0720,542,486,48.00648046088603,-120.86199733520898,0.9980860948562622
Little_Giant,0720,456,507,48.02967954455595,-120.85352887154964,0.9777001142501831
Little_Giant,0720,465,510,48.02725173347421,-120.85231909102689,0.9976133704185486
Little_Giant,0720,460,545,48.028600517408506,-120.83820498492798,0.9976502060890198
Little_Giant,0720,497,576,48.018619516294706,-120.82570391952609,0.9619600772857666
Little_Giant,0720,508,583,48.015652191639255,-120.82288109830631,0.9514549970626831
Little_Giant,0720,538,571,48.00755948803347,-120.82772022039737,0.9958524107933044
Little_Giant,0720,538,542,48.00755948803347,-120.83941476545074,0.9985108375549316
Little_Giant,0720,507,463,48.01592194842611,-120.87127231921684,0.9584116339683533
Little_Giant,0720,517,568,48.01322438055752,-120.82893000092012,0.9989133477210999
Little_Giant,0720,513,470,48.01430340770496,-120.86844949799706,0.9925479292869568
Little_Giant,0720,501,471,48.01754048914727,-120.8680462378228,0.9601424932479858
Little_Giant,0720,483,519,48.02239611131074,-120.84868974945859,0.9989148378372192
Little_Giant,0720,556,526,48.00270386587,-120.8458669282388,0.9943941831588745
Little_Giant,0720,476,559,48.02428440881876,-120.83255934248842,0.995974600315094
Little_Giant,0720,440,522,48.0339956531457,-120.84747996893583,0.9725418090820312
Little_Giant,0720,543,528,48.006210704099175,-120.8450604078903,0.9988031387329102
Little_Giant,0720,492,539,48.019968300229,-120.8406245459735,0.997524082660675
Little_Giant,0720,541,551,48.006750217672895,-120.83578542388246,0.9965223073959351
Little_Giant,0720,446,511,48.03237711242454,-120.85191583085263,0.91694575548172
Little_Giant,0720,493,588,48.019698543442146,-120.82086479743504,0.5244794487953186
Little_Giant,0720,456,528,48.02967954455595,-120.8450604078903,0.9971384406089783
Little_Giant,0720,442,530,48.03345613957198,-120.8442538875418,0.9964619278907776
Little_Giant,0720,547,561,48.005131676951734,-120.8317528221399,0.9957656264305115
Little_Giant,0720,495,492,48.019159029868426,-120.85957777416345,0.9981496334075928
Little_Giant,0720,560,496,48.00162483872256,-120.85796473346645,0.6988632082939148
Little_Giant,0720,455,533,48.0299493013428,-120.84304410701903,0.9976930022239685
Little_Giant,0720,552,495,48.00378289301744,-120.8583679936407,0.9932805299758911
Little_Giant,0720,530,471,48.009717542328346,-120.8680462378228,0.9643086194992065
Little_Giant,0720,503,563,48.01700097557355,-120.8309463017914,0.9967988133430481
Little_Giant,0720,478,554,48.02374489524504,-120.83457564335968,0.9969894289970398
Little_Giant,0720,548,523,48.00486192016488,-120.84707670876158,0.9983323812484741
Little_Giant,0720,542,535,48.00648046088603,-120.84223758667052,0.9988613128662109
Little_Giant,0720,513,587,48.01430340770496,-120.8212680576093,0.8759607672691345
Little_Giant,0720,554,534,48.00324337944372,-120.84264084684477,0.9947124719619751
Little_Giant,0720,520,579,48.01241511019694,-120.82449413900333,0.993462860584259
Little_Giant,0720,508,476,48.015652191639255,-120.86602993695153,0.998091459274292
Little_Giant,0720,564,543,48.00054581157512,-120.83901150527649,0.7787855267524719
Little_Giant,0720,552,533,48.00378289301744,-120.84304410701903,0.9978334307670593
Little_Giant,0720,509,478,48.0153824348524,-120.86522341660302,0.998525857925415
Little_Giant,0720,511,454,48.01484292127868,-120.87490166078513,0.5742754340171814
Little_Giant,0720,551,495,48.004052649804294,-120.8583679936407,0.994746208190918
Little_Giant,0720,443,512,48.03318638278512,-120.85151257067837,0.7398610711097717
Little_Giant,0720,528,506,48.010257055902066,-120.8539321317239,0.9992189407348633
Little_Giant,0720,500,463,48.01781024593413,-120.87127231921684,0.896813690662384
Little_Giant,0720,484,519,48.022126354523884,-120.84868974945859,0.9989488124847412
Little_Giant,0720,476,536,48.02428440881876,-120.84183432649627,0.9983838200569153
Little_Giant,0720,507,582,48.01592194842611,-120.82328435848056,0.9547455310821533
Little_Giant,0720,484,552,48.022126354523884,-120.8353821637082,0.9978156089782715
Little_Giant,0720,480,487,48.02320538167132,-120.86159407503473,0.9926818609237671
Little_Giant,0720,477,559,48.024014652031894,-120.83255934248842,0.9964889883995056
Little_Giant,0720,551,543,48.004052649804294,-120.83901150527649,0.9887146353721619
Little_Giant,0720,477,488,48.024014652031894,-120.86119081486048,0.9888986349105835
Little_Giant,0720,472,566,48.0253634359662,-120.82973652126864,0.9548793435096741
Little_Giant,0720,448,530,48.03183759885082,-120.8442538875418,0.996731162071228
Little_Giant,0720,553,492,48.00351313623058,-120.85957777416345,0.9787755012512207
Little_Giant,0720,480,566,48.02320538167132,-120.82973652126864,0.9869272708892822
Little_Giant,0720,548,485,48.00486192016488,-120.86240059538324,0.9942866563796997
Little_Giant,0720,531,532,48.00944778554149,-120.84344736719329,0.9994238018989563
Little_Giant,0720,464,567,48.02752149026107,-120.82933326109438,0.5411170721054077
Little_Giant,0720,555,500,48.00297362265686,-120.85635169276942,0.9875265955924988
Little_Giant,0720,482,566,48.0226658680976,-120.82973652126864,0.9908532500267029
Little_Giant,0720,522,477,48.01187559662322,-120.86562667677728,0.998404860496521
Little_Giant,0720,438,525,48.034535166719415,-120.84627018841307,0.9821587800979614
Little_Giant,0720,518,585,48.01295462377066,-120.8220745779578,0.943127453327179
Little_Giant,0720,508,577,48.015652191639255,-120.82530065935184,0.9911935925483704
Little_Giant,0720,519,572,48.0126848669838,-120.82731696022311,0.9981063604354858
Little_Giant,0720,482,506,48.0226658680976,-120.8539321317239,0.9988322854042053
Little_Giant,0720,475,509,48.024554165605615,-120.85272235120114,0.9987364411354065
Little_Giant,0720,501,578,48.01754048914727,-120.82489739917759,0.9696153402328491
Little_Giant,0720,464,503,48.02752149026107,-120.85514191224667,0.9901167750358582
Little_Giant,0720,476,498,48.02428440881876,-120.85715821311793,0.9983431696891785
Little_Giant,0720,477,482,48.024014652031894,-120.863610375906,0.9424555897712708
Little_Giant,0720,455,546,48.0299493013428,-120.83780172475372,0.996832549571991
Little_Giant,0720,466,517,48.02698197668735,-120.8494962698071,0.9982045888900757
Little_Giant,0720,453,525,48.030488814916524,-120.84627018841307,0.9964696168899536
Little_Giant,0720,444,521,48.03291662599826,-120.84788322911008,0.9864840507507324
Little_Giant,0720,527,473,48.01052681268892,-120.86723971747429,0.9770342707633972
Little_Giant,0720,465,483,48.02725173347421,-120.86320711573175,0.5077172517776489
Little_Giant,0720,532,480,48.009178028754626,-120.86441689625451,0.9984444975852966
Little_Giant,0720,548,475,48.00486192016488,-120.86643319712579,0.8921566009521484
Little_Giant,0720,506,553,48.016191705212975,-120.83497890353394,0.9973018765449524
Little_Giant,0720,546,540,48.0054014337386,-120.84022128579925,0.9982914328575134
Little_Giant,0720,517,571,48.01322438055752,-120.82772022039737,0.998450517654419
Little_Giant,0720,508,589,48.015652191639255,-120.82046153726078,0.6411594748497009
Little_Giant,0720,451,554,48.031028328490244,-120.83457564335968,0.9544335007667542
Little_Giant,0720,471,564,48.025633192753055,-120.83054304161715,0.965888261795044
Little_Giant,0720,529,584,48.0099872991152,-120.82247783813206,0.961439311504364
Little_Giant,0720,494,552,48.01942878665529,-120.8353821637082,0.9973030686378479
Little_Giant,0720,479,546,48.02347513845818,-120.83780172475372,0.9980471134185791
Little_Giant,0720,458,537,48.02914003098223,-120.84143106632202,0.997755765914917
Little_Giant,0720,508,455,48.015652191639255,-120.87449840061088,0.8680591583251953
Little_Giant,0720,516,474,48.01349413734438,-120.86683645730004,0.9976125955581665
Little_Giant,0720,528,502,48.010257055902066,-120.85554517242092,0.9992419481277466
Little_Giant,0720,546,549,48.0054014337386,-120.83659194423096,0.9947895407676697
Little_Giant,0720,531,583,48.00944778554149,-120.82288109830631,0.9777514934539795
Little_Giant,0720,557,495,48.00243410908314,-120.8583679936407,0.9731811881065369
Little_Giant,0720,552,509,48.00378289301744,-120.85272235120114,0.9973360896110535
Little_Giant,0720,505,547,48.01646146199983,-120.83739846457946,0.99737548828125
Little_Giant,0720,496,546,48.01888927308157,-120.83780172475372,0.9962347149848938
Little_Giant,0720,502,573,48.01727073236041,-120.82691370004886,0.991412878036499
Little_Giant,0720,478,562,48.02374489524504,-120.83134956196565,0.9923398494720459
Little_Giant,0720,543,499,48.006210704099175,-120.85675495294367,0.9981576800346375
Little_Giant,0720,498,563,48.01834975950785,-120.8309463017914,0.9960154891014099
Little_Giant,0720,466,552,48.02698197668735,-120.8353821637082,0.9974417090415955
Little_Giant,0720,455,507,48.0299493013428,-120.85352887154964,0.9687670469284058
Little_Giant,0720,533,485,48.00890827196777,-120.86240059538324,0.9987191557884216
Little_Giant,0720,482,483,48.0226658680976,-120.86320711573175,0.948864221572876
Little_Giant,0720,473,565,48.025093679179335,-120.8301397814429,0.9729632139205933
Little_Giant,0720,485,525,48.02185659773702,-120.84627018841307,0.998577892780304
Little_Giant,0720,443,534,48.03318638278512,-120.84264084684477,0.997383713722229
Little_Giant,0720,445,512,48.0326468692114,-120.85151257067837,0.9203118681907654
Little_Giant,0720,486,499,48.021586840950164,-120.85675495294367,0.9985829591751099
Little_Giant,0720,480,517,48.02320538167132,-120.8494962698071,0.9990507364273071
Little_Giant,0720,453,541,48.030488814916524,-120.839818025625,0.9980973601341248
Little_Giant,0720,448,544,48.03183759885082,-120.83860824510224,0.9957330226898193
Little_Giant,0720,463,537,48.02779124704793,-120.84143106632202,0.9977172613143921
Little_Giant,0720,566,538,48.0000062980014,-120.84102780614776,0.7308844327926636
Little_Giant,0720,498,576,48.01834975950785,-120.82570391952609,0.9666181206703186
Little_Giant,0720,549,578,48.004592163378014,-120.82489739917759,0.985542893409729
Little_Giant,0720,548,494,48.00486192016488,-120.85877125381495,0.9981706142425537
Little_Giant,0720,560,538,48.00162483872256,-120.84102780614776,0.9523627758026123
Little_Giant,0720,509,559,48.0153824348524,-120.83255934248842,0.9986253976821899
Little_Giant,0720,480,486,48.02320538167132,-120.86199733520898,0.9889677166938782
Little_Giant,0720,505,544,48.01646146199983,-120.83860824510224,0.9982989430427551
Little_Giant,0720,499,490,48.01808000272099,-120.86038429451197,0.9982818365097046
Little_Giant,0720,493,494,48.019698543442146,-120.85877125381495,0.9982786178588867
Little_Giant,0720,548,550,48.00486192016488,-120.83618868405671,0.9911162257194519
Little_Giant,0720,484,522,48.022126354523884,-120.84747996893583,0.9987661242485046
Little_Giant,0720,539,585,48.00728973124661,-120.8220745779578,0.9703688025474548
Little_Giant,0720,547,548,48.005131676951734,-120.83699520440521,0.9951173663139343
Little_Giant,0720,474,527,48.02482392239248,-120.84546366806455,0.9986035227775574
Little_Giant,0720,466,556,48.02698197668735,-120.83376912301118,0.9934234619140625
Little_Giant,0720,515,584,48.01376389413124,-120.82247783813206,0.9609025716781616
Little_Giant,0720,477,521,48.024014652031894,-120.84788322911008,0.9987759590148926
Little_Giant,0720,483,523,48.02239611131074,-120.84707670876158,0.9987046122550964
Little_Giant,0720,547,473,48.005131676951734,-120.86723971747429,0.857053816318512
Little_Giant,0720,447,526,48.032107355637685,-120.8458669282388,0.9938328862190247
Little_Giant,0720,559,534,48.00189459550942,-120.84264084684477,0.9289044737815857
Little_Giant,0720,508,466,48.015652191639255,-120.87006253869407,0.9743037819862366
Little_Giant,0720,528,500,48.010257055902066,-120.85635169276942,0.9992759227752686
Little_Giant,0720,465,524,48.02725173347421,-120.84667344858732,0.9982564449310303
Little_Giant,0720,443,513,48.03318638278512,-120.85110931050411,0.8101714253425598
Little_Giant,0720,493,572,48.019698543442146,-120.82731696022311,0.9871944189071655
Little_Giant,0720,536,478,48.00809900160719,-120.86522341660302,0.9958760738372803
Little_Giant,0720,471,570,48.025633192753055,-120.82812348057162,0.7048251032829285
Little_Giant,0720,490,568,48.02050781380272,-120.82893000092012,0.9922569990158081
Little_Giant,0720,565,515,48.000276054788266,-120.85030279015561,0.8113662004470825
Little_Giant,0720,459,506,48.02887027419537,-120.8539321317239,0.9766214489936829
Little_Giant,0720,516,547,48.01349413734438,-120.83739846457946,0.9973646402359009
Little_Giant,0720,538,559,48.00755948803347,-120.83255934248842,0.9982621669769287
Little_Giant,0720,514,467,48.014033650918094,-120.86965927851982,0.9813581705093384
Little_Giant,0720,454,511,48.03021905812967,-120.85191583085263,0.984696090221405
Little_Giant,0720,503,478,48.01700097557355,-120.86522341660302,0.9974715709686279
Little_Giant,0720,542,553,48.00648046088603,-120.83497890353394,0.9965162873268127
Little_Giant,0720,480,471,48.02320538167132,-120.8680462378228,0.5530567169189453
Little_Giant,0720,468,516,48.02644246311363,-120.84989952998136,0.99855637550354
Little_Giant,0720,524,566,48.0113360830495,-120.82973652126864,0.9989725947380066
Little_Giant,0720,454,502,48.03021905812967,-120.85554517242092,0.9052359461784363
Little_Giant,0720,457,520,48.02940978776909,-120.84828648928433,0.9958570599555969
Little_Giant,0720,438,519,48.034535166719415,-120.84868974945859,0.9286179542541504
Little_Giant,0720,454,512,48.03021905812967,-120.85151257067837,0.985378086566925
Little_Giant,0720,536,565,48.00809900160719,-120.8301397814429,0.9987586140632629
Little_Giant,0720,464,543,48.02752149026107,-120.83901150527649,0.997908890247345
Little_Giant,0720,536,474,48.00809900160719,-120.86683645730004,0.9845108985900879
Little_Giant,0720,511,561,48.01484292127868,-120.8317528221399,0.9987174272537231
Little_Giant,0720,499,581,48.01808000272099,-120.82368761865482,0.893001914024353
Little_Giant,0720,530,576,48.009717542328346,-120.82570391952609,0.9964720606803894
Little_Giant,0720,522,589,48.01187559662322,-120.82046153726078,0.8035550713539124
Little_Giant,0720,551,540,48.004052649804294,-120.84022128579925,0.9950963258743286
Little_Giant,0720,469,511,48.026172706326776,-120.85191583085263,0.9986364841461182
Little_Giant,0720,478,516,48.02374489524504,-120.84989952998136,0.9989417195320129
Little_Giant,0720,539,484,48.00728973124661,-120.8628038555575,0.9980362057685852
Little_Giant,0720,453,548,48.030488814916524,-120.83699520440521,0.9957537651062012
Little_Giant,0720,553,546,48.00351313623058,-120.83780172475372,0.9676002264022827
Little_Giant,0720,540,575,48.00701997445975,-120.82610717970034,0.9956021308898926
Little_Giant,0720,459,508,48.02887027419537,-120.85312561137539,0.9859687089920044
Little_Giant,0720,533,533,48.00890827196777,-120.84304410701903,0.9993471503257751
Little_Giant,0720,482,480,48.0226658680976,-120.86441689625451,0.9274487495422363
Little_Giant,0720,446,532,48.03237711242454,-120.84344736719329,0.9972137212753296
Little_Giant,0720,523,563,48.01160583983636,-120.8309463017914,0.9988816380500793
Little_Giant,0720,534,481,48.008638515180905,-120.86401363608026,0.9982076287269592
Little_Giant,0720,486,552,48.021586840950164,-120.8353821637082,0.9974238276481628
Little_Giant,0720,472,554,48.0253634359662,-120.83457564335968,0.9969661831855774
Little_Giant,0720,509,590,48.0153824348524,-120.82005827708653,0.6063665747642517
Little_Giant,0720,482,551,48.0226658680976,-120.83578542388246,0.9981542229652405
Little_Giant,0720,510,575,48.015112678065535,-120.82610717970034,0.9958850741386414
Little_Giant,0720,489,545,48.02077757058959,-120.83820498492798,0.9951906800270081
Little_Giant,0720,552,526,48.00378289301744,-120.8458669282388,0.9981727004051208
Little_Giant,0720,459,543,48.02887027419537,-120.83901150527649,0.9978014826774597
Little_Giant,0720,528,559,48.010257055902066,-120.83255934248842,0.998708963394165
Little_Giant,0720,457,499,48.02940978776909,-120.85675495294367,0.9202419519424438
Little_Giant,0720,464,507,48.02752149026107,-120.85352887154964,0.9941508173942566
Little_Giant,0720,541,506,48.006750217672895,-120.8539321317239,0.9982982277870178
Little_Giant,0720,549,477,48.004592163378014,-120.86562667677728,0.948488712310791
Little_Giant,0720,488,568,48.02104732737644,-120.82893000092012,0.9914246201515198
Little_Giant,0720,506,489,48.016191705212975,-120.86078755468623,0.9988164901733398
Little_Giant,0720,540,540,48.00701997445975,-120.84022128579925,0.9987595677375793
Little_Giant,0720,452,501,48.03075857170339,-120.85594843259517,0.7908802628517151
Little_Giant,0720,499,549,48.01808000272099,-120.83659194423096,0.9974750876426697
Little_Giant,0720,528,536,48.010257055902066,-120.84183432649627,0.9994167685508728
Little_Giant,0720,498,578,48.01834975950785,-120.82489739917759,0.9400912523269653
Little_Giant,0720,552,508,48.00378289301744,-120.85312561137539,0.9971289038658142
Little_Giant,0720,493,469,48.019698543442146,-120.86885275817131,0.7426126003265381
Little_Giant,0720,463,535,48.02779124704793,-120.84223758667052,0.9977384805679321
Little_Giant,0720,508,479,48.015652191639255,-120.86482015642876,0.998475968837738
Little_Giant,0720,507,471,48.01592194842611,-120.8680462378228,0.9900488257408142
Little_Giant,0720,555,549,48.00297362265686,-120.83659194423096,0.9405930042266846
Little_Giant,0720,498,570,48.01834975950785,-120.82812348057162,0.9923604726791382
Little_Giant,0720,494,463,48.01942878665529,-120.87127231921684,0.6138903498649597
Little_Giant,0720,529,581,48.0099872991152,-120.82368761865482,0.9906896352767944
Little_Giant,0720,498,487,48.01834975950785,-120.86159407503473,0.9980401992797852
Little_Giant,0720,469,494,48.026172706326776,-120.85877125381495,0.9888705015182495
Little_Giant,0720,515,589,48.01376389413124,-120.82046153726078,0.7440997958183289
Little_Giant,0720,491,556,48.02023805701587,-120.83376912301118,0.9983066320419312
Little_Giant,0720,534,479,48.008638515180905,-120.86482015642876,0.9978416562080383
Little_Giant,0720,547,562,48.005131676951734,-120.83134956196565,0.9948530197143555
Little_Giant,0720,476,488,48.02428440881876,-120.86119081486048,0.9879536628723145
Little_Giant,0720,525,553,48.01106632626264,-120.83497890353394,0.9982727766036987
Little_Giant,0720,526,575,48.01079656947579,-120.82610717970034,0.9972257018089294
Little_Giant,0720,470,538,48.02590294953991,-120.84102780614776,0.9983075261116028
Little_Giant,0720,534,547,48.008638515180905,-120.83739846457946,0.9983194470405579
Little_Giant,0720,492,566,48.019968300229,-120.82973652126864,0.9969910979270935
Little_Giant,0720,443,522,48.03318638278512,-120.84747996893583,0.9829856157302856
Little_Giant,0720,537,480,48.00782924482033,-120.86441689625451,0.997165322303772
Little_Giant,0720,512,586,48.014573164491814,-120.82167131778355,0.8790150284767151
Little_Giant,0720,496,569,48.01888927308157,-120.82852674074587,0.9920789003372192
Little_Giant,0720,542,508,48.00648046088603,-120.85312561137539,0.9983425140380859
Little_Giant,0720,486,481,48.021586840950164,-120.86401363608026,0.9652934670448303
Little_Giant,0720,475,523,48.024554165605615,-120.84707670876158,0.9987226128578186
Little_Giant,0720,452,541,48.03075857170339,-120.839818025625,0.9980695247650146
Little_Giant,0720,558,548,48.00216435229628,-120.83699520440521,0.6491760611534119
Little_Giant,0720,482,493,48.0226658680976,-120.8591745139892,0.9982706308364868
Little_Giant,0720,490,584,48.02050781380272,-120.82247783813206,0.61017245054245
Little_Giant,0720,542,548,48.00648046088603,-120.83699520440521,0.997501015663147
Little_Giant,0720,531,499,48.00944778554149,-120.85675495294367,0.9992281794548035
Little_Giant,0720,446,541,48.03237711242454,-120.839818025625,0.9975900053977966
Little_Giant,0720,445,527,48.0326468692114,-120.84546366806455,0.9953733682632446
Little_Giant,0720,549,528,48.004592163378014,-120.8450604078903,0.998543918132782
Little_Giant,0720,500,572,48.01781024593413,-120.82731696022311,0.9907844066619873
Little_Giant,0720,502,558,48.01727073236041,-120.83296260266268,0.9983786940574646
Little_Giant,0720,492,555,48.019968300229,-120.83417238318543,0.9982177019119263
Little_Giant,0720,457,507,48.02940978776909,-120.85352887154964,0.9794965386390686
Little_Giant,0720,542,514,48.00648046088603,-120.85070605032986,0.9983904361724854
Little_Giant,0720,468,485,48.02644246311363,-120.86240059538324,0.7915756702423096
Little_Giant,0720,527,480,48.01052681268892,-120.86441689625451,0.998589038848877
Little_Giant,0720,493,536,48.019698543442146,-120.84183432649627,0.9985625147819519
Little_Giant,0720,513,563,48.01430340770496,-120.8309463017914,0.9986745119094849
Little_Giant,0720,482,577,48.0226658680976,-120.82530065935184,0.5815434455871582
Little_Giant,0720,468,542,48.02644246311363,-120.83941476545074,0.9982684254646301
Little_Giant,0720,507,573,48.01592194842611,-120.82691370004886,0.9942083358764648
Little_Giant,0720,539,575,48.00728973124661,-120.82610717970034,0.9953702688217163
Little_Giant,0720,479,496,48.02347513845818,-120.85796473346645,0.998346209526062
Little_Giant,0720,496,564,48.01888927308157,-120.83054304161715,0.9965173602104187
Little_Giant,0720,490,582,48.02050781380272,-120.82328435848056,0.6770180463790894
Little_Giant,0720,469,560,48.026172706326776,-120.83215608231416,0.9805116057395935
Little_Giant,0720,450,532,48.0312980852771,-120.84344736719329,0.9974010586738586
Little_Giant,0720,554,575,48.00324337944372,-120.82610717970034,0.7753146290779114
Little_Giant,0720,503,546,48.01700097557355,-120.83780172475372,0.9973231554031372
Little_Giant,0720,533,548,48.00890827196777,-120.83699520440521,0.9984086155891418
Little_Giant,0720,449,549,48.031567842063964,-120.83659194423096,0.990520179271698
Little_Giant,0720,487,474,48.0213170841633,-120.86683645730004,0.8822883367538452
Little_Giant,0720,557,505,48.00243410908314,-120.85433539189815,0.9886369109153748
Little_Giant,0720,520,587,48.01241511019694,-120.8212680576093,0.8843177556991577
Little_Giant,0720,566,529,48.0000062980014,-120.84465714771605,0.9024974703788757
Little_Giant,0720,481,510,48.02293562488446,-120.85231909102689,0.9989004731178284
Little_Giant,0720,454,504,48.03021905812967,-120.85473865207241,0.9162390828132629
Little_Giant,0720,548,514,48.00486192016488,-120.85070605032986,0.9981467127799988
Little_Giant,0720,542,578,48.00648046088603,-120.82489739917759,0.9952090382575989
Little_Giant,0720,558,515,48.00216435229628,-120.85030279015561,0.972618043422699
Little_Giant,0720,481,530,48.02293562488446,-120.8442538875418,0.9988222122192383
Little_Giant,0720,494,574,48.01942878665529,-120.8265104398746,0.9809602499008179
Little_Giant,0720,470,527,48.02590294953991,-120.84546366806455,0.9985931515693665
Little_Giant,0720,496,544,48.01888927308157,-120.83860824510224,0.9967926144599915
Little_Giant,0720,510,551,48.015112678065535,-120.83578542388246,0.9978843331336975
Little_Giant,0720,525,576,48.01106632626264,-120.82570391952609,0.9967036247253418
Little_Giant,0720,543,572,48.006210704099175,-120.82731696022311,0.995864987373352
Little_Giant,0720,450,502,48.0312980852771,-120.85554517242092,0.6613131761550903
Little_Giant,0720,530,562,48.009717542328346,-120.83134956196565,0.9988787770271301
Little_Giant,0720,476,532,48.02428440881876,-120.84344736719329,0.9984608292579651
Little_Giant,0720,490,502,48.02050781380272,-120.85554517242092,0.9986885190010071
Little_Giant,0720,547,550,48.005131676951734,-120.83618868405671,0.9936856031417847
Little_Giant,0720,523,542,48.01160583983636,-120.83941476545074,0.9987202286720276
Little_Giant,0720,513,459,48.01430340770496,-120.87288535991385,0.653261661529541
Little_Giant,0720,460,495,48.028600517408506,-120.8583679936407,0.9408137798309326
Little_Giant,0720,519,558,48.0126848669838,-120.83296260266268,0.9988128542900085
Little_Giant,0720,505,475,48.01646146199983,-120.86643319712579,0.9976882934570312
Little_Giant,0720,500,494,48.01781024593413,-120.85877125381495,0.9986177086830139
Little_Giant,0720,493,553,48.019698543442146,-120.83497890353394,0.997270405292511
Little_Giant,0720,521,585,48.012145353410084,-120.8220745779578,0.9421991109848022
Little_Giant,0720,482,491,48.0226658680976,-120.85998103433771,0.9972200989723206
Little_Giant,0720,507,566,48.01592194842611,-120.82973652126864,0.9984487891197205
Little_Giant,0720,525,581,48.01106632626264,-120.82368761865482,0.9896085262298584
Little_Giant,0720,471,543,48.025633192753055,-120.83901150527649,0.9983307123184204
Little_Giant,0720,515,472,48.01376389413124,-120.86764297764854,0.9962038993835449
Little_Giant,0720,565,517,48.000276054788266,-120.8494962698071,0.8304603695869446
Little_Giant,0720,534,530,48.008638515180905,-120.8442538875418,0.9992746114730835
Little_Giant,0720,469,543,48.026172706326776,-120.83901150527649,0.998253583908081
Little_Giant,0720,465,509,48.02725173347421,-120.85272235120114,0.9974122643470764
Little_Giant,0720,439,519,48.03426540993256,-120.84868974945859,0.9247918725013733
Little_Giant,0720,483,548,48.02239611131074,-120.83699520440521,0.9985158443450928
Little_Giant,0720,518,560,48.01295462377066,-120.83215608231416,0.9989128708839417
Little_Giant,0720,484,577,48.022126354523884,-120.82530065935184,0.7038670182228088
Little_Giant,0720,522,578,48.01187559662322,-120.82489739917759,0.9950153827667236
Little_Giant,0720,553,493,48.00351313623058,-120.8591745139892,0.9778600931167603
Little_Giant,0720,532,493,48.009178028754626,-120.8591745139892,0.9993619918823242
Little_Giant,0720,545,533,48.005671190525455,-120.84304410701903,0.9987201690673828
Little_Giant,0720,512,591,48.014573164491814,-120.81965501691228,0.5330564379692078
Little_Giant,0720,517,576,48.01322438055752,-120.82570391952609,0.99616938829422
Little_Giant,0720,482,516,48.0226658680976,-120.84989952998136,0.9990031123161316
Little_Giant,0720,486,521,48.021586840950164,-120.84788322911008,0.9989916086196899
Little_Giant,0720,514,558,48.014033650918094,-120.83296260266268,0.9988663196563721
Little_Giant,0720,543,508,48.006210704099175,-120.85312561137539,0.9981105327606201
Little_Giant,0720,505,482,48.01646146199983,-120.863610375906,0.9982333779335022
Little_Giant,0720,539,538,48.00728973124661,-120.84102780614776,0.9985983371734619
Little_Giant,0720,527,543,48.01052681268892,-120.83901150527649,0.9986753463745117
Little_Giant,0720,504,562,48.016731218786695,-120.83134956196565,0.9966447353363037
Little_Giant,0720,528,541,48.010257055902066,-120.839818025625,0.998977780342102
Little_Giant,0720,513,565,48.01430340770496,-120.8301397814429,0.9988105893135071
Little_Giant,0720,495,548,48.019159029868426,-120.83699520440521,0.996160626411438
Little_Giant,0720,552,540,48.00378289301744,-120.84022128579925,0.9952202439308167
Little_Giant,0720,556,520,48.00270386587,-120.84828648928433,0.9967163801193237
Little_Giant,0720,456,561,48.02967954455595,-120.8317528221399,0.6307884454727173
Little_Giant,0720,511,590,48.01484292127868,-120.82005827708653,0.6059791445732117
Little_Giant,0720,510,472,48.015112678065535,-120.86764297764854,0.99345463514328
Little_Giant,0720,480,557,48.02320538167132,-120.83336586283693,0.9973751902580261
Little_Giant,0720,493,554,48.019698543442146,-120.83457564335968,0.9978779554367065
Little_Giant,0720,525,583,48.01106632626264,-120.82288109830631,0.9758901596069336
Little_Giant,0720,542,468,48.00648046088603,-120.86925601834557,0.5027142763137817
Little_Giant,0720,500,570,48.01781024593413,-120.82812348057162,0.9950101375579834
Little_Giant,0720,473,501,48.025093679179335,-120.85594843259517,0.998332679271698
Little_Giant,0720,455,516,48.0299493013428,-120.84989952998136,0.9931222200393677
Little_Giant,0720,546,474,48.0054014337386,-120.86683645730004,0.8914910554885864
Little_Giant,0720,547,497,48.005131676951734,-120.8575614732922,0.9982354640960693
Little_Giant,0720,475,486,48.024554165605615,-120.86199733520898,0.9753537178039551
Little_Giant,0720,475,506,48.024554165605615,-120.8539321317239,0.9985560774803162
Little_Giant,0720,507,579,48.01592194842611,-120.82449413900333,0.9823474884033203
Little_Giant,0720,544,511,48.00594094731231,-120.85191583085263,0.9982130527496338
Little_Giant,0720,531,496,48.00944778554149,-120.85796473346645,0.9994519352912903
Little_Giant,0720,454,554,48.03021905812967,-120.83457564335968,0.9736517667770386
Little_Giant,0720,556,541,48.00270386587,-120.839818025625,0.9830454587936401
Little_Giant,0720,543,471,48.006210704099175,-120.8680462378228,0.8356729745864868
Little_Giant,0720,566,517,48.0000062980014,-120.8494962698071,0.7921274304389954
Little_Giant,0720,456,533,48.02967954455595,-120.84304410701903,0.9976842403411865
Little_Giant,0720,511,476,48.01484292127868,-120.86602993695153,0.9983482360839844
Little_Giant,0720,467,495,48.026712219900496,-120.8583679936407,0.980842649936676
Little_Giant,0720,564,541,48.00054581157512,-120.839818025625,0.894027590751648
Little_Giant,0720,505,559,48.01646146199983,-120.83255934248842,0.9978104829788208
Little_Giant,0720,475,561,48.024554165605615,-120.8317528221399,0.9921278953552246
Little_Giant,0720,490,569,48.02050781380272,-120.82852674074587,0.991565465927124
Little_Giant,0720,531,549,48.00944778554149,-120.83659194423096,0.9984128475189209
Little_Giant,0720,491,501,48.02023805701587,-120.85594843259517,0.9986680746078491
Little_Giant,0720,476,490,48.02428440881876,-120.86038429451197,0.9940615296363831
Little_Giant,0720,521,466,48.012145353410084,-120.87006253869407,0.5910577774047852
Little_Giant,0720,544,533,48.00594094731231,-120.84304410701903,0.9988988637924194
Little_Giant,0720,553,480,48.00351313623058,-120.86441689625451,0.8770764470100403
Little_Giant,0720,538,558,48.00755948803347,-120.83296260266268,0.998234748840332
Little_Giant,0720,503,553,48.01700097557355,-120.83497890353394,0.9968273043632507
Little_Giant,0720,485,583,48.02185659773702,-120.82288109830631,0.5182808637619019
Little_Giant,0720,507,547,48.01592194842611,-120.83739846457946,0.9976756572723389
Little_Giant,0720,507,560,48.01592194842611,-120.83215608231416,0.9981343746185303
Little_Giant,0720,509,472,48.0153824348524,-120.86764297764854,0.9934134483337402
Little_Giant,0720,505,568,48.01646146199983,-120.82893000092012,0.9979917407035828
Little_Giant,0720,478,573,48.02374489524504,-120.82691370004886,0.8034344911575317
Little_Giant,0720,515,464,48.01376389413124,-120.87086905904258,0.7312106490135193
Little_Giant,0720,537,514,48.00782924482033,-120.85070605032986,0.9992222189903259
Little_Giant,0720,562,534,48.00108532514884,-120.84264084684477,0.9555349946022034
Little_Giant,0720,534,571,48.008638515180905,-120.82772022039737,0.998026430606842
Little_Giant,0720,511,571,48.01484292127868,-120.82772022039737,0.9983271956443787
Little_Giant,0720,445,533,48.0326468692114,-120.84304410701903,0.9973208904266357
Little_Giant,0720,462,540,48.02806100383479,-120.84022128579925,0.997871994972229
Little_Giant,0720,449,546,48.031567842063964,-120.83780172475372,0.9953227043151855
Little_Giant,0720,468,507,48.02644246311363,-120.85352887154964,0.9980257749557495
Little_Giant,0720,441,518,48.03372589635884,-120.84909300963285,0.9191845059394836
Little_Giant,0720,533,481,48.00890827196777,-120.86401363608026,0.9983185529708862
Little_Giant,0720,521,564,48.012145353410084,-120.83054304161715,0.9989510178565979
Little_Giant,0720,522,590,48.01187559662322,-120.82005827708653,0.6737366914749146
Little_Giant,0720,465,563,48.02725173347421,-120.8309463017914,0.8813025951385498
Little_Giant,0720,451,526,48.031028328490244,-120.8458669282388,0.9957168102264404
Little_Giant,0720,556,539,48.00270386587,-120.8406245459735,0.9910208582878113
Little_Giant,0720,486,469,48.021586840950164,-120.86885275817131,0.5738447308540344
Little_Giant,0720,541,543,48.006750217672895,-120.83901150527649,0.9984490871429443
Little_Giant,0720,543,491,48.006210704099175,-120.85998103433771,0.9981177449226379
Little_Giant,0720,456,534,48.02967954455595,-120.84264084684477,0.9977300763130188
Little_Giant,0720,482,555,48.0226658680976,-120.83417238318543,0.9978187084197998
Little_Giant,0720,449,509,48.031567842063964,-120.85272235120114,0.9222421646118164
Little_Giant,0720,540,577,48.00701997445975,-120.82530065935184,0.9956446886062622
Little_Giant,0720,456,520,48.02967954455595,-120.84828648928433,0.9955679774284363
Little_Giant,0720,518,571,48.01295462377066,-120.82772022039737,0.998512864112854
Little_Giant,0720,501,567,48.01754048914727,-120.82933326109438,0.9976919889450073
Little_Giant,0720,459,497,48.02887027419537,-120.8575614732922,0.9514243006706238
Little_Giant,0720,524,556,48.0113360830495,-120.83376912301118,0.9984486103057861
Little_Giant,0720,504,566,48.016731218786695,-120.82973652126864,0.9976463317871094
Little_Giant,0720,491,536,48.02023805701587,-120.84183432649627,0.99835205078125
Little_Giant,0720,457,563,48.02940978776909,-120.8309463017914,0.5163608193397522
Little_Giant,0720,542,470,48.00648046088603,-120.86844949799706,0.6530773043632507
Little_Giant,0720,516,543,48.01349413734438,-120.83901150527649,0.9981734752655029
Little_Giant,0720,529,566,48.0099872991152,-120.82973652126864,0.9989231824874878
Little_Giant,0720,488,541,48.02104732737644,-120.839818025625,0.9958797693252563
Little_Giant,0720,462,526,48.02806100383479,-120.8458669282388,0.9980928301811218
Little_Giant,0720,538,487,48.00755948803347,-120.86159407503473,0.9983587265014648
Little_Giant,0720,476,477,48.02428440881876,-120.86562667677728,0.653908371925354
Little_Giant,0720,531,591,48.00944778554149,-120.81965501691228,0.532643735408783
Little_Giant,0720,551,548,48.004052649804294,-120.83699520440521,0.984744668006897
Little_Giant,0720,537,481,48.00782924482033,-120.86401363608026,0.9977574348449707
Little_Giant,0720,503,485,48.01700097557355,-120.86240059538324,0.9981147646903992
Little_Giant,0720,495,474,48.019159029868426,-120.86683645730004,0.7524875998497009
Little_Giant,0720,498,588,48.01834975950785,-120.82086479743504,0.5082279443740845
Little_Giant,0720,462,566,48.02806100383479,-120.82973652126864,0.5369983911514282
Little_Giant,0720,516,583,48.01349413734438,-120.82288109830631,0.9775975346565247
Little_Giant,0720,486,519,48.021586840950164,-120.84868974945859,0.9990768432617188
Little_Giant,0720,517,553,48.01322438055752,-120.83497890353394,0.9980750679969788
Little_Giant,0720,443,532,48.03318638278512,-120.84344736719329,0.997025728225708
Little_Giant,0720,533,589,48.00890827196777,-120.82046153726078,0.8151772618293762
Little_Giant,0720,505,557,48.01646146199983,-120.83336586283693,0.9977167248725891
Little_Giant,0720,562,516,48.00108532514884,-120.84989952998136,0.8749270439147949
Little_Giant,0720,547,534,48.005131676951734,-120.84264084684477,0.9986602663993835
Little_Giant,0720,543,541,48.006210704099175,-120.839818025625,0.9986528158187866
Little_Giant,0720,557,519,48.00243410908314,-120.84868974945859,0.9927358031272888
Little_Giant,0720,531,564,48.00944778554149,-120.83054304161715,0.999159038066864
Little_Giant,0720,464,563,48.02752149026107,-120.8309463017914,0.8533682823181152
Little_Giant,0720,509,464,48.0153824348524,-120.87086905904258,0.9512899518013
Little_Giant,0720,559,516,48.00189459550942,-120.84989952998136,0.9179631471633911
Little_Giant,0720,493,473,48.019698543442146,-120.86723971747429,0.7878844738006592
Little_Giant,0720,533,551,48.00890827196777,-120.83578542388246,0.9982350468635559
Little_Giant,0720,522,472,48.01187559662322,-120.86764297764854,0.9786645770072937
Little_Giant,0720,541,468,48.006750217672895,-120.86925601834557,0.5634524822235107
Little_Giant,0720,507,544,48.01592194842611,-120.83860824510224,0.9982722401618958
Little_Giant,0720,457,524,48.02940978776909,-120.84667344858732,0.9968186020851135
Little_Giant,0720,463,549,48.02779124704793,-120.83659194423096,0.9977750182151794
Little_Giant,0720,550,506,48.00432240659116,-120.8539321317239,0.9977690577507019
Little_Giant,0720,489,570,48.02077757058959,-120.82812348057162,0.9894245266914368
Little_Giant,0720,462,553,48.02806100383479,-120.83497890353394,0.9937338829040527
Little_Giant,0720,498,481,48.01834975950785,-120.86401363608026,0.9964510798454285
Little_Giant,0720,541,584,48.006750217672895,-120.82247783813206,0.9884529709815979
Little_Giant,0720,473,518,48.025093679179335,-120.84909300963285,0.9988516569137573
Little_Giant,0720,530,481,48.009717542328346,-120.86401363608026,0.9985253810882568
Little_Giant,0720,551,490,48.004052649804294,-120.86038429451197,0.983414351940155
Little_Giant,0720,494,489,48.01942878665529,-120.86078755468623,0.9980296492576599
Little_Giant,0720,528,581,48.010257055902066,-120.82368761865482,0.989739716053009
Little_Giant,0720,516,546,48.01349413734438,-120.83780172475372,0.998018205165863
Little_Giant,0720,484,501,48.022126354523884,-120.85594843259517,0.9988130331039429
Little_Giant,0720,540,566,48.00701997445975,-120.82973652126864,0.9975796937942505
Little_Giant,0720,538,475,48.00755948803347,-120.86643319712579,0.9840036630630493
Little_Giant,0720,492,500,48.019968300229,-120.85635169276942,0.9986338019371033
Little_Giant,0720,495,554,48.019159029868426,-120.83457564335968,0.99758380651474
Little_Giant,0720,524,583,48.0113360830495,-120.82288109830631,0.9773992896080017
Little_Giant,0720,480,475,48.02320538167132,-120.86643319712579,0.8538445234298706
Little_Giant,0720,502,463,48.01727073236041,-120.87127231921684,0.9524374008178711
Little_Giant,0720,540,482,48.00701997445975,-120.863610375906,0.9979287981987
Little_Giant,0720,504,581,48.016731218786695,-120.82368761865482,0.9293038845062256
Little_Giant,0720,485,546,48.02185659773702,-120.83780172475372,0.9967372417449951
Little_Giant,0720,550,538,48.00432240659116,-120.84102780614776,0.9969460964202881
Little_Giant,0720,490,472,48.02050781380272,-120.86764297764854,0.7495901584625244
Little_Giant,0720,531,545,48.00944778554149,-120.83820498492798,0.9984097480773926
Little_Giant,0720,498,469,48.01834975950785,-120.86885275817131,0.7372804284095764
Little_Giant,0720,551,521,48.004052649804294,-120.84788322911008,0.9982495307922363
Little_Giant,0720,456,508,48.02967954455595,-120.85312561137539,0.984150230884552
Little_Giant,0720,519,585,48.0126848669838,-120.8220745779578,0.935699999332428
Little_Giant,0720,492,571,48.019968300229,-120.82772022039737,0.9893133640289307
Little_Giant,0720,498,478,48.01834975950785,-120.86522341660302,0.9865620732307434
Little_Giant,0720,554,486,48.00324337944372,-120.86199733520898,0.9066067337989807
Little_Giant,0720,498,466,48.01834975950785,-120.87006253869407,0.6645572781562805
Little_Giant,0720,479,498,48.02347513845818,-120.85715821311793,0.9983764290809631
Little_Giant,0720,531,570,48.00944778554149,-120.82812348057162,0.9987283945083618
Little_Giant,0720,545,546,48.005671190525455,-120.83780172475372,0.994573712348938
Little_Giant,0720,502,474,48.01727073236041,-120.86683645730004,0.9884978532791138
Little_Giant,0720,545,492,48.005671190525455,-120.85957777416345,0.9981135725975037
Little_Giant,0720,505,458,48.01646146199983,-120.8732886200881,0.880658745765686
Little_Giant,0720,541,497,48.006750217672895,-120.8575614732922,0.9983641505241394
Little_Giant,0720,461,493,48.02833076062165,-120.8591745139892,0.8839767575263977
Little_Giant,0720,470,495,48.02590294953991,-120.8583679936407,0.9941921830177307
Little_Giant,0720,563,538,48.000815568361986,-120.84102780614776,0.9350070953369141
Little_Giant,0720,558,518,48.00216435229628,-120.84909300963285,0.9671431183815002
Little_Giant,0720,541,476,48.006750217672895,-120.86602993695153,0.9836181402206421
Little_Giant,0720,503,585,48.01700097557355,-120.8220745779578,0.7798461318016052
Little_Giant,0720,455,532,48.0299493013428,-120.84344736719329,0.9976596236228943
Little_Giant,0720,487,549,48.0213170841633,-120.83659194423096,0.9969680309295654
Little_Giant,0720,453,533,48.030488814916524,-120.84304410701903,0.9977056384086609
Little_Giant,0720,471,515,48.025633192753055,-120.85030279015561,0.9987520575523376
Little_Giant,0720,547,537,48.005131676951734,-120.84143106632202,0.9985180497169495
Little_Giant,0720,480,502,48.02320538167132,-120.85554517242092,0.9986332654953003
Little_Giant,0720,518,577,48.01295462377066,-120.82530065935184,0.9955021142959595
Little_Giant,0720,501,552,48.01754048914727,-120.8353821637082,0.9965348839759827
Little_Giant,0720,555,546,48.00297362265686,-120.83780172475372,0.9445064663887024
Little_Giant,0720,459,525,48.02887027419537,-120.84627018841307,0.996573269367218
Little_Giant,0720,448,553,48.03183759885082,-120.83497890353394,0.9471067786216736
Little_Giant,0720,486,538,48.021586840950164,-120.84102780614776,0.9969520568847656
Little_Giant,0720,536,534,48.00809900160719,-120.84264084684477,0.9987865686416626
Little_Giant,0720,479,492,48.02347513845818,-120.85957777416345,0.9977359175682068
Little_Giant,0720,485,533,48.02185659773702,-120.84304410701903,0.9985011219978333
Little_Giant,0720,449,559,48.031567842063964,-120.83255934248842,0.5301623344421387
Little_Giant,0720,478,521,48.02374489524504,-120.84788322911008,0.9989595413208008
Little_Giant,0720,460,518,48.028600517408506,-120.84909300963285,0.9962319135665894
Little_Giant,0720,494,559,48.01942878665529,-120.83255934248842,0.9980725646018982
Little_Giant,0720,510,481,48.015112678065535,-120.86401363608026,0.9987003803253174
Little_Giant,0720,460,540,48.028600517408506,-120.84022128579925,0.9979320764541626
Little_Giant,0720,549,523,48.004592163378014,-120.84707670876158,0.998201847076416
Little_Giant,0720,563,542,48.000815568361986,-120.83941476545074,0.7749494314193726
Little_Giant,0720,549,496,48.004592163378014,-120.85796473346645,0.9981648325920105
Little_Giant,0720,484,543,48.022126354523884,-120.83901150527649,0.9970097541809082
Little_Giant,0720,548,486,48.00486192016488,-120.86199733520898,0.9954156875610352
Little_Giant,0720,490,537,48.02050781380272,-120.84143106632202,0.9980515837669373
Little_Giant,0720,506,462,48.016191705212975,-120.8716755793911,0.9430983066558838
Little_Giant,0720,444,523,48.03291662599826,-120.84707670876158,0.9896087050437927
Little_Giant,0720,510,588,48.015112678065535,-120.82086479743504,0.77830970287323
Little_Giant,0720,471,548,48.025633192753055,-120.83699520440521,0.997880220413208
Little_Giant,0720,541,467,48.006750217672895,-120.86965927851982,0.5081501007080078
Little_Giant,0720,534,495,48.008638515180905,-120.8583679936407,0.9991741180419922
Little_Giant,0720,536,577,48.00809900160719,-120.82530065935184,0.9946384429931641
Little_Giant,0720,547,540,48.005131676951734,-120.84022128579925,0.9980698823928833
Little_Giant,0720,495,539,48.019159029868426,-120.8406245459735,0.998614490032196
Little_Giant,0720,481,573,48.02293562488446,-120.82691370004886,0.8772100210189819
Little_Giant,0720,534,473,48.008638515180905,-120.86723971747429,0.9841592311859131
Little_Giant,0720,554,521,48.00324337944372,-120.84788322911008,0.9972198009490967
Little_Giant,0720,534,541,48.008638515180905,-120.839818025625,0.9985940456390381
Little_Giant,0720,563,513,48.000815568361986,-120.85110931050411,0.8035477995872498
Little_Giant,0720,487,524,48.0213170841633,-120.84667344858732,0.9988033771514893
Little_Giant,0720,562,537,48.00108532514884,-120.84143106632202,0.9299818873405457
Little_Giant,0720,494,544,48.01942878665529,-120.83860824510224,0.995826005935669
Little_Giant,0720,468,502,48.02644246311363,-120.85554517242092,0.9978095889091492
Little_Giant,0720,478,564,48.02374489524504,-120.83054304161715,0.9911150932312012
Little_Giant,0720,551,569,48.004052649804294,-120.82852674074587,0.9438488483428955
Little_Giant,0720,543,505,48.006210704099175,-120.85433539189815,0.9980601668357849
Little_Giant,0720,487,573,48.0213170841633,-120.82691370004886,0.9669026732444763
Little_Giant,0720,544,492,48.00594094731231,-120.85957777416345,0.9981043934822083
Little_Giant,0720,493,561,48.019698543442146,-120.8317528221399,0.997885525226593
Little_Giant,0720,551,562,48.004052649804294,-120.83134956196565,0.9888076186180115
Little_Giant,0720,551,551,48.004052649804294,-120.83578542388246,0.985066831111908
Little_Giant,0720,544,529,48.00594094731231,-120.84465714771605,0.9988023638725281
Little_Giant,0720,535,586,48.00836875839405,-120.82167131778355,0.9232842922210693
Little_Giant,0720,482,490,48.0226658680976,-120.86038429451197,0.9963281750679016
Little_Giant,0720,474,506,48.02482392239248,-120.8539321317239,0.9985131025314331
Little_Giant,0720,451,539,48.031028328490244,-120.8406245459735,0.9980354309082031
Little_Giant,0720,469,513,48.026172706326776,-120.85110931050411,0.9986457228660583
Little_Giant,0720,454,549,48.03021905812967,-120.83659194423096,0.9951468110084534
Little_Giant,0720,456,526,48.02967954455595,-120.8458669282388,0.9968085885047913
Little_Giant,0720,465,555,48.02725173347421,-120.83417238318543,0.9934517741203308
Little_Giant,0720,509,547,48.0153824348524,-120.83739846457946,0.9975290298461914
Little_Giant,0720,565,540,48.000276054788266,-120.84022128579925,0.864599347114563
Little_Giant,0720,501,574,48.01754048914727,-120.8265104398746,0.9912213087081909
Little_Giant,0720,546,482,48.0054014337386,-120.863610375906,0.9918824434280396
Little_Giant,0720,474,517,48.02482392239248,-120.8494962698071,0.998806893825531
Little_Giant,0720,529,578,48.0099872991152,-120.82489739917759,0.9956713914871216
Little_Giant,0720,494,583,48.01942878665529,-120.82288109830631,0.765006959438324
Little_Giant,0720,514,547,48.014033650918094,-120.83739846457946,0.997154712677002
Little_Giant,0720,463,531,48.02779124704793,-120.84385062736754,0.9979477524757385
Little_Giant,0720,464,498,48.02752149026107,-120.85715821311793,0.9591237902641296
Little_Giant,0720,485,488,48.02185659773702,-120.86119081486048,0.9943655729293823
Little_Giant,0720,486,513,48.021586840950164,-120.85110931050411,0.9990552067756653
Little_Giant,0720,468,550,48.02644246311363,-120.83618868405671,0.9979778528213501
Little_Giant,0720,485,563,48.02185659773702,-120.8309463017914,0.996407687664032
Little_Giant,0720,565,535,48.000276054788266,-120.84223758667052,0.9598059058189392
Little_Giant,0720,466,521,48.02698197668735,-120.84788322911008,0.99836266040802
Little_Giant,0720,552,515,48.00378289301744,-120.85030279015561,0.9982308149337769
Little_Giant,0720,527,491,48.01052681268892,-120.85998103433771,0.9993893504142761
Little_Giant,0720,482,532,48.0226658680976,-120.84344736719329,0.998671293258667
Little_Giant,0720,454,518,48.03021905812967,-120.84909300963285,0.9936455488204956
Little_Giant,0720,469,491,48.026172706326776,-120.85998103433771,0.9573602676391602
Little_Giant,0720,492,562,48.019968300229,-120.83134956196565,0.9976851940155029
Little_Giant,0720,564,500,48.00054581157512,-120.85635169276942,0.5967604517936707
Little_Giant,0720,470,518,48.02590294953991,-120.84909300963285,0.9987188577651978
Little_Giant,0720,481,483,48.02293562488446,-120.86320711573175,0.9597163200378418
Little_Giant,0720,541,522,48.006750217672895,-120.84747996893583,0.9989190101623535
Little_Giant,0720,509,486,48.0153824348524,-120.86199733520898,0.9989882111549377
Little_Giant,0720,484,485,48.022126354523884,-120.86240059538324,0.9915880560874939
Little_Giant,0720,507,578,48.01592194842611,-120.82489739917759,0.9866237640380859
Little_Giant,0720,554,488,48.00324337944372,-120.86119081486048,0.9370152354240417
Little_Giant,0720,479,484,48.02347513845818,-120.8628038555575,0.9756366610527039
Little_Giant,0720,505,564,48.01646146199983,-120.83054304161715,0.9973230957984924
Little_Giant,0720,500,582,48.01781024593413,-120.82328435848056,0.9090277552604675
Little_Giant,0720,493,577,48.019698543442146,-120.82530065935184,0.9253877997398376
Little_Giant,0720,482,512,48.0226658680976,-120.85151257067837,0.9989475011825562
Little_Giant,0720,557,512,48.00243410908314,-120.85151257067837,0.9896674156188965
Little_Giant,0720,461,523,48.02833076062165,-120.84707670876158,0.9975305199623108
Little_Giant,0720,501,575,48.01754048914727,-120.82610717970034,0.9891176223754883
Little_Giant,0720,472,535,48.0253634359662,-120.84223758667052,0.9984973073005676
Little_Giant,0720,514,583,48.014033650918094,-120.82288109830631,0.9717549085617065
Little_Giant,0720,501,587,48.01754048914727,-120.8212680576093,0.7439479231834412
Little_Giant,0720,499,479,48.01808000272099,-120.86482015642876,0.9936962723731995
Little_Giant,0720,449,539,48.031567842063964,-120.8406245459735,0.998026967048645
Little_Giant,0720,535,584,48.00836875839405,-120.82247783813206,0.9675023555755615
Little_Giant,0720,502,467,48.01727073236041,-120.86965927851982,0.9492624402046204
Little_Giant,0720,514,580,48.014033650918094,-120.82409087882908,0.9890968203544617
Little_Giant,0720,545,550,48.005671190525455,-120.83618868405671,0.9948470592498779
Little_Giant,0720,443,540,48.03318638278512,-120.84022128579925,0.9977738261222839
Little_Giant,0720,487,582,48.0213170841633,-120.82328435848056,0.6283871531486511
Little_Giant,0720,509,584,48.0153824348524,-120.82247783813206,0.9435491561889648
Little_Giant,0720,484,500,48.022126354523884,-120.85635169276942,0.9986785054206848
Little_Giant,0720,543,552,48.006210704099175,-120.8353821637082,0.9960340857505798
Little_Giant,0720,532,472,48.009178028754626,-120.86764297764854,0.9804710745811462
Little_Giant,0720,521,568,48.012145353410084,-120.82893000092012,0.9987021088600159
Little_Giant,0720,459,509,48.02887027419537,-120.85272235120114,0.9888810515403748
Little_Giant,0720,547,565,48.005131676951734,-120.8301397814429,0.9947652816772461
Little_Giant,0720,551,485,48.004052649804294,-120.86240059538324,0.9804106950759888
Little_Giant,0720,441,522,48.03372589635884,-120.84747996893583,0.9748726487159729
Little_Giant,0720,452,537,48.03075857170339,-120.84143106632202,0.9978718757629395
Little_Giant,0720,508,467,48.015652191639255,-120.86965927851982,0.976974606513977
Little_Giant,0720,541,540,48.006750217672895,-120.84022128579925,0.998715877532959
Little_Giant,0720,518,555,48.01295462377066,-120.83417238318543,0.9982523322105408
Little_Giant,0720,531,483,48.00944778554149,-120.86320711573175,0.9987365007400513
Little_Giant,0720,531,547,48.00944778554149,-120.83739846457946,0.9983733892440796
Little_Giant,0720,539,471,48.00728973124661,-120.8680462378228,0.8813961744308472
Little_Giant,0720,538,552,48.00755948803347,-120.8353821637082,0.9982408285140991
Little_Giant,0720,516,544,48.01349413734438,-120.83860824510224,0.9979305267333984
Little_Giant,0720,495,493,48.019159029868426,-120.8591745139892,0.9982168674468994
Little_Giant,0720,454,539,48.03021905812967,-120.8406245459735,0.9979944825172424
Little_Giant,0720,453,547,48.030488814916524,-120.83739846457946,0.9962140917778015
Little_Giant,0720,507,490,48.01592194842611,-120.86038429451197,0.9989153742790222
Little_Giant,0720,551,504,48.004052649804294,-120.85473865207241,0.995948076248169
Little_Giant,0720,450,524,48.0312980852771,-120.84667344858732,0.9935900568962097
Little_Giant,0720,552,578,48.00378289301744,-120.82489739917759,0.9165952801704407
Little_Giant,0720,559,497,48.00189459550942,-120.8575614732922,0.7834739089012146
Little_Giant,0720,538,572,48.00755948803347,-120.82731696022311,0.9957279562950134
Little_Giant,0720,493,573,48.019698543442146,-120.82691370004886,0.9847303032875061
Little_Giant,0720,469,529,48.026172706326776,-120.84465714771605,0.998609185218811
Little_Giant,0720,475,492,48.024554165605615,-120.85957777416345,0.9957157373428345
Little_Giant,0720,499,476,48.01808000272099,-120.86602993695153,0.9706745147705078
Little_Giant,0720,515,548,48.01376389413124,-120.83699520440521,0.9972174763679504
Little_Giant,0720,530,472,48.009717542328346,-120.86764297764854,0.9748774170875549
Little_Giant,0720,522,559,48.01187559662322,-120.83255934248842,0.9987544417381287
Little_Giant,0720,452,555,48.03075857170339,-120.83417238318543,0.9439356327056885
Little_Giant,0720,533,575,48.00890827196777,-120.82610717970034,0.9957913160324097
Little_Giant,0720,532,568,48.009178028754626,-120.82893000092012,0.9987500905990601
Little_Giant,0720,449,505,48.031567842063964,-120.85433539189815,0.7079881429672241
Little_Giant,0720,493,479,48.019698543442146,-120.86482015642876,0.9747284054756165
Little_Giant,0720,541,570,48.006750217672895,-120.82812348057162,0.9962427020072937
Little_Giant,0720,485,475,48.02185659773702,-120.86643319712579,0.8815193772315979
Little_Giant,0720,453,526,48.030488814916524,-120.8458669282388,0.996699869632721
Little_Giant,0720,499,551,48.01808000272099,-120.83578542388246,0.997277557849884
Little_Giant,0720,548,492,48.00486192016488,-120.85957777416345,0.9980694055557251
Little_Giant,0720,532,530,48.009178028754626,-120.8442538875418,0.9994787573814392
Little_Giant,0720,472,526,48.0253634359662,-120.8458669282388,0.9986704587936401
Little_Giant,0720,440,526,48.0339956531457,-120.8458669282388,0.9883459210395813
Little_Giant,0720,538,507,48.00755948803347,-120.85352887154964,0.9985061883926392
Little_Giant,0720,479,502,48.02347513845818,-120.85554517242092,0.998598039150238
Little_Giant,0720,497,485,48.018619516294706,-120.86240059538324,0.997992217540741
Little_Giant,0720,479,568,48.02347513845818,-120.82893000092012,0.9752357602119446
Little_Giant,0720,525,572,48.01106632626264,-120.82731696022311,0.9984155297279358
Little_Giant,0720,539,513,48.00728973124661,-120.85110931050411,0.9987509846687317
Little_Giant,0720,542,519,48.00648046088603,-120.84868974945859,0.9985116720199585
Little_Giant,0720,494,472,48.01942878665529,-120.86764297764854,0.737369179725647
Little_Giant,0720,553,563,48.00351313623058,-120.8309463017914,0.9604091048240662
Little_Giant,0720,467,516,48.026712219900496,-120.84989952998136,0.998358428478241
Little_Giant,0720,516,588,48.01349413734438,-120.82086479743504,0.846564769744873
Little_Giant,0720,550,543,48.00432240659116,-120.83901150527649,0.9926205277442932
Little_Giant,0720,529,498,48.0099872991152,-120.85715821311793,0.9994853734970093
Little_Giant,0720,451,541,48.031028328490244,-120.839818025625,0.9980015158653259
Little_Giant,0720,476,561,48.02428440881876,-120.8317528221399,0.9928733110427856
Little_Giant,0720,504,457,48.016731218786695,-120.87369188026236,0.8972600698471069
Little_Giant,0720,508,549,48.015652191639255,-120.83659194423096,0.9980326294898987
Little_Giant,0720,513,471,48.01430340770496,-120.8680462378228,0.9937899112701416
Little_Giant,0720,562,503,48.00108532514884,-120.85514191224667,0.6433433294296265
Little_Giant,0720,483,524,48.02239611131074,-120.84667344858732,0.9986655712127686
Little_Giant,0720,477,566,48.024014652031894,-120.82973652126864,0.9835056066513062
Little_Giant,0720,536,585,48.00809900160719,-120.8220745779578,0.960930585861206
Little_Giant,0720,506,487,48.016191705212975,-120.86159407503473,0.9987568855285645
Little_Giant,0720,465,564,48.02725173347421,-120.83054304161715,0.8565837740898132
Little_Giant,0720,502,459,48.01727073236041,-120.87288535991385,0.8572672009468079
Little_Giant,0720,529,468,48.0099872991152,-120.86925601834557,0.6199137568473816
Little_Giant,0720,482,504,48.0226658680976,-120.85473865207241,0.9988328218460083
Little_Giant,0720,484,575,48.022126354523884,-120.82610717970034,0.8555842638015747
Little_Giant,0720,457,542,48.02940978776909,-120.83941476545074,0.9980166554450989
Little_Giant,0720,544,517,48.00594094731231,-120.8494962698071,0.9982014894485474
Little_Giant,0720,507,563,48.01592194842611,-120.8309463017914,0.9978316426277161
Little_Giant,0720,476,496,48.02428440881876,-120.85796473346645,0.9981511235237122
Little_Giant,0720,471,498,48.025633192753055,-120.85715821311793,0.9948815703392029
Little_Giant,0720,508,472,48.015652191639255,-120.86764297764854,0.9917452335357666
Little_Giant,0720,544,564,48.00594094731231,-120.83054304161715,0.9978191256523132
Little_Giant,0720,559,502,48.00189459550942,-120.85554517242092,0.8829153776168823
Little_Giant,0720,530,551,48.009717542328346,-120.83578542388246,0.9983402490615845
Little_Giant,0720,555,488,48.00297362265686,-120.86119081486048,0.9041599035263062
Little_Giant,0720,526,557,48.01079656947579,-120.83336586283693,0.9985253810882568
Little_Giant,0720,465,486,48.02725173347421,-120.86199733520898,0.615724503993988
Little_Giant,0720,553,476,48.00351313623058,-120.86602993695153,0.6963611245155334
Little_Giant,0720,513,559,48.01430340770496,-120.83255934248842,0.9989290237426758
Little_Giant,0720,548,508,48.00486192016488,-120.85312561137539,0.9982172846794128
Little_Giant,0720,447,507,48.032107355637685,-120.85352887154964,0.7261565923690796
Little_Giant,0720,527,556,48.01052681268892,-120.83376912301118,0.9984406232833862
Little_Giant,0720,546,583,48.0054014337386,-120.82288109830631,0.9923846125602722
Little_Giant,0720,547,510,48.005131676951734,-120.85231909102689,0.997992217540741
Little_Giant,0720,461,527,48.02833076062165,-120.84546366806455,0.9977960586547852
Little_Giant,0720,488,563,48.02104732737644,-120.8309463017914,0.9969194531440735
Little_Giant,0720,512,474,48.014573164491814,-120.86683645730004,0.9981111884117126
Little_Giant,0720,456,551,48.02967954455595,-120.83578542388246,0.991915225982666
Little_Giant,0720,509,474,48.0153824348524,-120.86683645730004,0.9980254173278809
Little_Giant,0720,502,544,48.01727073236041,-120.83860824510224,0.9981717467308044
Little_Giant,0720,470,558,48.02590294953991,-120.83296260266268,0.9923875331878662
Little_Giant,0720,554,576,48.00324337944372,-120.82570391952609,0.8341368436813354
Little_Giant,0720,522,551,48.01187559662322,-120.83578542388246,0.9978790879249573
Little_Giant,0720,490,548,48.02050781380272,-120.83699520440521,0.9963772892951965
Little_Giant,0720,537,524,48.00782924482033,-120.84667344858732,0.999343991279602
Little_Giant,0720,479,521,48.02347513845818,-120.84788322911008,0.9990423917770386
Little_Giant,0720,486,559,48.021586840950164,-120.83255934248842,0.9977971315383911
Little_Giant,0720,563,521,48.000815568361986,-120.84788322911008,0.8655595779418945
Little_Giant,0720,443,525,48.03318638278512,-120.84627018841307,0.988462507724762
Little_Giant,0720,558,525,48.00216435229628,-120.84627018841307,0.9592599272727966
Little_Giant,0720,557,537,48.00243410908314,-120.84143106632202,0.9876655340194702
Little_Giant,0720,494,561,48.01942878665529,-120.8317528221399,0.9976673722267151
Little_Giant,0720,513,550,48.01430340770496,-120.83618868405671,0.9969697594642639
Little_Giant,0720,541,587,48.006750217672895,-120.8212680576093,0.9503983855247498
Little_Giant,0720,524,582,48.0113360830495,-120.82328435848056,0.9846001863479614
Little_Giant,0720,523,559,48.01160583983636,-120.83255934248842,0.9987772107124329
Little_Giant,0720,534,545,48.008638515180905,-120.83820498492798,0.9983696937561035
Little_Giant,0720,553,525,48.00351313623058,-120.84627018841307,0.9976716041564941
Little_Giant,0720,544,482,48.00594094731231,-120.863610375906,0.9927854537963867
Little_Giant,0720,542,562,48.00648046088603,-120.83134956196565,0.997835636138916
Little_Giant,0720,461,514,48.02833076062165,-120.85070605032986,0.9956998825073242
Little_Giant,0720,478,503,48.02374489524504,-120.85514191224667,0.998634397983551
Little_Giant,0720,473,537,48.025093679179335,-120.84143106632202,0.9984772205352783
Little_Giant,0720,500,574,48.01781024593413,-120.8265104398746,0.989216148853302
Little_Giant,0720,520,553,48.01241511019694,-120.83497890353394,0.997957706451416
Little_Giant,0720,504,557,48.016731218786695,-120.83336586283693,0.9976556897163391
Little_Giant,0720,487,469,48.0213170841633,-120.86885275817131,0.6337819695472717
Little_Giant,0720,562,525,48.00108532514884,-120.84627018841307,0.9280859231948853
Little_Giant,0720,541,573,48.006750217672895,-120.82691370004886,0.9963236451148987
Little_Giant,0720,550,480,48.00432240659116,-120.86441689625451,0.9762392044067383
Little_Giant,0720,494,564,48.01942878665529,-120.83054304161715,0.9971442222595215
Little_Giant,0720,539,480,48.00728973124661,-120.86441689625451,0.9959725141525269
Little_Giant,0720,480,496,48.02320538167132,-120.85796473346645,0.9984132051467896
Little_Giant,0720,450,531,48.0312980852771,-120.84385062736754,0.997314453125
Little_Giant,0720,458,552,48.02914003098223,-120.8353821637082,0.9914646148681641
Little_Giant,0720,450,534,48.0312980852771,-120.84264084684477,0.9974625110626221
Little_Giant,0720,453,550,48.030488814916524,-120.83618868405671,0.9925178289413452
Little_Giant,0720,482,478,48.0226658680976,-120.86522341660302,0.8746294975280762
Little_Giant,0720,549,500,48.004592163378014,-120.85635169276942,0.9982673525810242
Little_Giant,0720,536,503,48.00809900160719,-120.85514191224667,0.998541533946991
Little_Giant,0720,564,505,48.00054581157512,-120.85433539189815,0.8006553649902344
Little_Giant,0720,474,489,48.02482392239248,-120.86078755468623,0.9813604354858398
Little_Giant,0720,480,556,48.02320538167132,-120.83376912301118,0.9975667595863342
Little_Giant,0720,516,548,48.01349413734438,-120.83699520440521,0.997186005115509
Little_Giant,0720,557,539,48.00243410908314,-120.8406245459735,0.9873442649841309
Little_Giant,0720,506,470,48.016191705212975,-120.86844949799706,0.9862675666809082
Little_Giant,0720,482,548,48.0226658680976,-120.83699520440521,0.9985316395759583
Little_Giant,0720,511,468,48.01484292127868,-120.86925601834557,0.9802440404891968
Little_Giant,0720,498,540,48.01834975950785,-120.84022128579925,0.9987386465072632
Little_Giant,0720,509,550,48.0153824348524,-120.83618868405671,0.998287558555603
Little_Giant,0720,545,551,48.005671190525455,-120.83578542388246,0.9950106143951416
Little_Giant,0720,539,520,48.00728973124661,-120.84828648928433,0.9991877675056458
Little_Giant,0720,447,533,48.032107355637685,-120.84304410701903,0.9971633553504944
Little_Giant,0720,561,502,48.0013550819357,-120.85554517242092,0.814690887928009
Little_Giant,0720,451,538,48.031028328490244,-120.84102780614776,0.9979454874992371
Little_Giant,0720,520,565,48.01241511019694,-120.8301397814429,0.9990278482437134
Little_Giant,0720,516,570,48.01349413734438,-120.82812348057162,0.9985860586166382
Little_Giant,0720,452,520,48.03075857170339,-120.84828648928433,0.9934892058372498
Little_Giant,0720,474,498,48.02482392239248,-120.85715821311793,0.997655987739563
Little_Giant,0720,545,485,48.005671190525455,-120.86240059538324,0.9965245127677917
Little_Giant,0720,550,530,48.00432240659116,-120.8442538875418,0.9983252882957458
Little_Giant,0720,506,488,48.016191705212975,-120.86119081486048,0.9988508224487305
Little_Giant,0720,515,463,48.01376389413124,-120.87127231921684,0.6032043099403381
Little_Giant,0720,520,552,48.01241511019694,-120.8353821637082,0.9976645708084106
Little_Giant,0720,525,582,48.01106632626264,-120.82328435848056,0.9842364192008972
Little_Giant,0720,465,487,48.02725173347421,-120.86159407503473,0.6091519594192505
Little_Giant,0720,461,549,48.02833076062165,-120.83659194423096,0.997793436050415
Little_Giant,0720,517,588,48.01322438055752,-120.82086479743504,0.8650850057601929
Little_Giant,0720,499,559,48.01808000272099,-120.83255934248842,0.9979484677314758
Little_Giant,0720,544,534,48.00594094731231,-120.84264084684477,0.9988313913345337
Little_Giant,0720,509,557,48.0153824348524,-120.83336586283693,0.9982002377510071
Little_Giant,0720,480,554,48.02320538167132,-120.83457564335968,0.9973488450050354
Little_Giant,0720,546,477,48.0054014337386,-120.86562667677728,0.9594716429710388
Little_Giant,0720,496,573,48.01888927308157,-120.82691370004886,0.9818403124809265
Little_Giant,0720,494,567,48.01942878665529,-120.82933326109438,0.9950641989707947
Little_Giant,0720,469,527,48.026172706326776,-120.84546366806455,0.998651385307312
Little_Giant,0720,554,481,48.00324337944372,-120.86401363608026,0.8598974347114563
Little_Giant,0720,534,551,48.008638515180905,-120.83578542388246,0.9981915354728699
Little_Giant,0720,472,558,48.0253634359662,-120.83296260266268,0.9950258135795593
Little_Giant,0720,520,555,48.01241511019694,-120.83417238318543,0.9978733658790588
Little_Giant,0720,442,540,48.03345613957198,-120.84022128579925,0.9977842569351196
Little_Giant,0720,525,588,48.01106632626264,-120.82086479743504,0.8317340016365051
Little_Giant,0720,479,522,48.02347513845818,-120.84747996893583,0.9990512728691101
Little_Giant,0720,532,576,48.009178028754626,-120.82570391952609,0.995689332485199
Little_Giant,0720,505,462,48.01646146199983,-120.8716755793911,0.9442495703697205
Little_Giant,0720,481,518,48.02293562488446,-120.84909300963285,0.998976469039917
Little_Giant,0720,546,553,48.0054014337386,-120.83497890353394,0.9951878786087036
Little_Giant,0720,554,503,48.00324337944372,-120.85514191224667,0.9921921491622925
Little_Giant,0720,551,536,48.004052649804294,-120.84183432649627,0.9969055652618408
Little_Giant,0720,502,572,48.01727073236041,-120.82731696022311,0.9928003549575806
Little_Giant,0720,505,570,48.01646146199983,-120.82812348057162,0.9973865747451782
Little_Giant,0720,468,490,48.02644246311363,-120.86038429451197,0.9283963441848755
Little_Giant,0720,480,520,48.02320538167132,-120.84828648928433,0.9990425705909729
Little_Giant,0720,566,520,48.0000062980014,-120.84828648928433,0.7623400688171387
Little_Giant,0720,477,524,48.024014652031894,-120.84667344858732,0.9986722469329834
Little_Giant,0720,478,560,48.02374489524504,-120.83215608231416,0.9955614805221558
Little_Giant,0720,459,502,48.02887027419537,-120.85554517242092,0.9732003808021545
Little_Giant,0720,556,549,48.00270386587,-120.83659194423096,0.8952479958534241
Little_Giant,0720,442,515,48.03345613957198,-120.85030279015561,0.8671460747718811
Little_Giant,0720,489,482,48.02077757058959,-120.863610375906,0.9753656387329102
Little_Giant,0720,552,529,48.00378289301744,-120.84465714771605,0.9979444146156311
Little_Giant,0720,515,559,48.01376389413124,-120.83255934248842,0.9990578889846802
Little_Giant,0720,540,523,48.00701997445975,-120.84707670876158,0.9991947412490845
Little_Giant,0720,546,554,48.0054014337386,-120.83457564335968,0.9945904612541199
Little_Giant,0720,509,568,48.0153824348524,-120.82893000092012,0.9987919330596924
Little_Giant,0720,476,516,48.02428440881876,-120.84989952998136,0.9987788200378418
Little_Giant,0720,528,491,48.010257055902066,-120.85998103433771,0.999356210231781
Little_Giant,0720,541,474,48.006750217672895,-120.86683645730004,0.9794493317604065
Little_Giant,0720,548,517,48.00486192016488,-120.8494962698071,0.9981355667114258
Little_Giant,0720,465,530,48.02725173347421,-120.8442538875418,0.9982545375823975
Little_Giant,0720,535,551,48.00836875839405,-120.83578542388246,0.9982106685638428
Little_Giant,0720,492,542,48.019968300229,-120.83941476545074,0.9966111779212952
Little_Giant,0720,464,520,48.02752149026107,-120.84828648928433,0.9980772137641907
Little_Giant,0720,500,542,48.01781024593413,-120.83941476545074,0.9985640645027161
Little_Giant,0720,540,543,48.00701997445975,-120.83901150527649,0.9985058307647705
Little_Giant,0720,528,574,48.010257055902066,-120.8265104398746,0.9976456165313721
Little_Giant,0720,539,547,48.00728973124661,-120.83739846457946,0.9984918832778931
Little_Giant,0720,498,548,48.01834975950785,-120.83699520440521,0.9968013167381287
Little_Giant,0720,550,492,48.00432240659116,-120.85957777416345,0.9965773224830627
Little_Giant,0720,460,534,48.028600517408506,-120.84264084684477,0.9976540803909302
Little_Giant,0720,551,517,48.004052649804294,-120.8494962698071,0.9982131719589233
Little_Giant,0720,560,525,48.00162483872256,-120.84627018841307,0.9122258424758911
Little_Giant,0720,445,541,48.0326468692114,-120.839818025625,0.9975437521934509
Little_Giant,0720,555,504,48.00297362265686,-120.85473865207241,0.9927021861076355
Little_Giant,0720,503,554,48.01700097557355,-120.83457564335968,0.9974843263626099
Little_Giant,0720,554,561,48.00324337944372,-120.8317528221399,0.8928631544113159
Little_Giant,0720,521,545,48.012145353410084,-120.83820498492798,0.9984541535377502
Little_Giant,0720,479,549,48.02347513845818,-120.83659194423096,0.9980641603469849
Little_Giant,0720,481,485,48.02293562488446,-120.86240059538324,0.9814996719360352
Little_Giant,0720,524,474,48.0113360830495,-120.86683645730004,0.996972918510437
Little_Giant,0720,491,552,48.02023805701587,-120.8353821637082,0.996225118637085
Little_Giant,0720,542,539,48.00648046088603,-120.8406245459735,0.9986758828163147
Little_Giant,0720,447,519,48.032107355637685,-120.84868974945859,0.9858297109603882
Little_Giant,0720,535,557,48.00836875839405,-120.83336586283693,0.9984199404716492
Little_Giant,0720,538,488,48.00755948803347,-120.86119081486048,0.9983356595039368
Little_Giant,0720,546,526,48.0054014337386,-120.8458669282388,0.9984350800514221
Little_Giant,0720,455,529,48.0299493013428,-120.84465714771605,0.9972373247146606
Little_Giant,0720,489,548,48.02077757058959,-120.83699520440521,0.996483325958252
Little_Giant,0720,505,548,48.01646146199983,-120.83699520440521,0.9972152709960938
Little_Giant,0720,455,502,48.0299493013428,-120.85554517242092,0.9440615177154541
Little_Giant,0720,486,579,48.021586840950164,-120.82449413900333,0.6131265163421631
Little_Giant,0720,541,561,48.006750217672895,-120.8317528221399,0.9978423118591309
Little_Giant,0720,500,489,48.01781024593413,-120.86078755468623,0.9983169436454773
Little_Giant,0720,470,571,48.02590294953991,-120.82772022039737,0.5242887139320374
Little_Giant,0720,512,462,48.014573164491814,-120.8716755793911,0.6690324544906616
Little_Giant,0720,485,578,48.02185659773702,-120.82489739917759,0.6623136401176453
Little_Giant,0720,464,515,48.02752149026107,-120.85030279015561,0.9978005290031433
Little_Giant,0720,530,467,48.009717542328346,-120.86965927851982,0.5407185554504395
Little_Giant,0720,548,551,48.00486192016488,-120.83578542388246,0.9918519258499146
Little_Giant,0720,483,525,48.02239611131074,-120.84627018841307,0.9986546635627747
Little_Giant,0720,479,481,48.02347513845818,-120.86401363608026,0.9560391902923584
Little_Giant,0720,473,549,48.025093679179335,-120.83659194423096,0.9980552792549133
Little_Giant,0720,564,527,48.00054581157512,-120.84546366806455,0.9651068449020386
Little_Giant,0720,546,516,48.0054014337386,-120.84989952998136,0.9981704354286194
Little_Giant,0720,496,566,48.01888927308157,-120.82973652126864,0.9958141446113586
Little_Giant,0720,562,517,48.00108532514884,-120.8494962698071,0.8763357996940613
Little_Giant,0720,483,564,48.02239611131074,-120.83054304161715,0.9959139823913574
Little_Giant,0720,539,467,48.00728973124661,-120.86965927851982,0.5567504167556763
Little_Giant,0720,545,468,48.005671190525455,-120.86925601834557,0.5124380588531494
Little_Giant,0720,511,562,48.01484292127868,-120.83134956196565,0.9985848069190979
Little_Giant,0720,491,573,48.02023805701587,-120.82691370004886,0.978412926197052
Little_Giant,0720,477,549,48.024014652031894,-120.83659194423096,0.997998058795929
Little_Giant,0720,538,492,48.00755948803347,-120.85957777416345,0.9984567165374756
Little_Giant,0720,557,515,48.00243410908314,-120.85030279015561,0.9932373762130737
Little_Giant,0720,521,543,48.012145353410084,-120.83901150527649,0.9986314177513123
Little_Giant,0720,511,573,48.01484292127868,-120.82691370004886,0.9965662956237793
Little_Giant,0720,481,504,48.02293562488446,-120.85473865207241,0.9987803101539612
Little_Giant,0720,552,521,48.00378289301744,-120.84788322911008,0.9983919858932495
Little_Giant,0720,544,493,48.00594094731231,-120.8591745139892,0.9981512427330017
Little_Giant,0720,505,466,48.01646146199983,-120.87006253869407,0.9729129672050476
Little_Giant,0720,477,539,48.024014652031894,-120.8406245459735,0.9983769059181213
Little_Giant,0720,535,483,48.00836875839405,-120.86320711573175,0.9981713891029358
Little_Giant,0720,468,555,48.02644246311363,-120.83417238318543,0.9960172772407532
Little_Giant,0720,456,519,48.02967954455595,-120.84868974945859,0.9954429864883423
Little_Giant,0720,516,575,48.01349413734438,-120.82610717970034,0.9967507123947144
Little_Giant,0720,449,524,48.031567842063964,-120.84667344858732,0.9928168654441833
Little_Giant,0720,537,546,48.00782924482033,-120.83780172475372,0.9983268976211548
Little_Giant,0720,552,525,48.00378289301744,-120.84627018841307,0.9983416199684143
Little_Giant,0720,502,566,48.01727073236041,-120.82973652126864,0.9975917339324951
Little_Giant,0720,530,529,48.009717542328346,-120.84465714771605,0.9994917511940002
Little_Giant,0720,516,462,48.01349413734438,-120.8716755793911,0.5468099117279053
Little_Giant,0720,549,519,48.004592163378014,-120.84868974945859,0.9981672167778015
Little_Giant,0720,529,556,48.0099872991152,-120.83376912301118,0.9983745813369751
Little_Giant,0720,509,588,48.0153824348524,-120.82086479743504,0.7758764028549194
Little_Giant,0720,457,506,48.02940978776909,-120.8539321317239,0.978431761264801
Little_Giant,0720,488,576,48.02104732737644,-120.82570391952609,0.898499608039856
Little_Giant,0720,490,563,48.02050781380272,-120.8309463017914,0.9970385432243347
Little_Giant,0720,462,512,48.02806100383479,-120.85151257067837,0.9958935976028442
Little_Giant,0720,508,579,48.015652191639255,-120.82449413900333,0.9859057664871216
Little_Giant,0720,549,526,48.004592163378014,-120.8458669282388,0.9983255863189697
Little_Giant,0720,558,528,48.00216435229628,-120.8450604078903,0.9649049639701843
Little_Giant,0720,537,580,48.00782924482033,-120.82409087882908,0.9928463101387024
Little_Giant,0720,461,498,48.02833076062165,-120.85715821311793,0.948275089263916
Little_Giant,0720,468,504,48.02644246311363,-120.85473865207241,0.9977988600730896
Little_Giant,0720,497,551,48.018619516294706,-120.83578542388246,0.9976285696029663
Little_Giant,0720,490,553,48.02050781380272,-120.83497890353394,0.9974156618118286
Little_Giant,0720,524,470,48.0113360830495,-120.86844949799706,0.9117463827133179
Little_Giant,0720,456,527,48.02967954455595,-120.84546366806455,0.9969380497932434
Little_Giant,0720,462,505,48.02806100383479,-120.85433539189815,0.9863596558570862
Little_Giant,0720,461,545,48.02833076062165,-120.83820498492798,0.9975983500480652
Little_Giant,0720,457,522,48.02940978776909,-120.84747996893583,0.9964078068733215
Little_Giant,0720,540,535,48.00701997445975,-120.84223758667052,0.9989960193634033
Little_Giant,0720,458,529,48.02914003098223,-120.84465714771605,0.9973843097686768
Little_Giant,0720,468,534,48.02644246311363,-120.84264084684477,0.9984267354011536
Little_Giant,0720,475,557,48.024554165605615,-120.83336586283693,0.9971585869789124
Little_Giant,0720,460,509,48.028600517408506,-120.85272235120114,0.9924346208572388
Little_Giant,0720,513,591,48.01430340770496,-120.81965501691228,0.5563497543334961
Little_Giant,0720,529,536,48.0099872991152,-120.84183432649627,0.9993426203727722
Little_Giant,0720,538,568,48.00755948803347,-120.82893000092012,0.9978984594345093
Little_Giant,0720,463,520,48.02779124704793,-120.84828648928433,0.9980081915855408
Little_Giant,0720,511,460,48.01484292127868,-120.8724820997396,0.7610828876495361
Little_Giant,0720,535,526,48.00836875839405,-120.8458669282388,0.999358594417572
Little_Giant,0720,447,525,48.032107355637685,-120.84627018841307,0.9923478364944458
Little_Giant,0720,516,457,48.01349413734438,-120.87369188026236,0.6611272692680359
Little_Giant,0720,532,508,48.009178028754626,-120.85312561137539,0.9992119073867798
Little_Giant,0720,512,565,48.014573164491814,-120.8301397814429,0.9987319707870483
Little_Giant,0720,503,459,48.01700097557355,-120.87288535991385,0.8942186832427979
Little_Giant,0720,488,585,48.02104732737644,-120.8220745779578,0.5448105931282043
Little_Giant,0720,554,514,48.00324337944372,-120.85070605032986,0.9968713521957397
Little_Giant,0720,552,562,48.00378289301744,-120.83134956196565,0.9843798875808716
Little_Giant,0720,486,491,48.021586840950164,-120.85998103433771,0.9965609908103943
Little_Giant,0720,451,507,48.031028328490244,-120.85352887154964,0.9356551766395569
Little_Giant,0720,455,558,48.0299493013428,-120.83296260266268,0.8686909079551697
Little_Giant,0720,464,537,48.02752149026107,-120.84143106632202,0.9978815913200378
Little_Giant,0720,535,536,48.00836875839405,-120.84183432649627,0.9986922144889832
Little_Giant,0720,492,472,48.019968300229,-120.86764297764854,0.7985168099403381
Little_Giant,0720,505,486,48.01646146199983,-120.86199733520898,0.9983678460121155
Little_Giant,0720,498,477,48.01834975950785,-120.86562667677728,0.9787002205848694
Little_Giant,0720,512,553,48.014573164491814,-120.83497890353394,0.9977026581764221
Little_Giant,0720,465,533,48.02725173347421,-120.84304410701903,0.9981085658073425
Little_Giant,0720,494,467,48.01942878665529,-120.86965927851982,0.5655918717384338
Little_Giant,0720,537,511,48.00782924482033,-120.85191583085263,0.9989944100379944
Little_Giant,0720,464,540,48.02752149026107,-120.84022128579925,0.9979748725891113
Little_Giant,0720,447,535,48.032107355637685,-120.84223758667052,0.9973877668380737
Little_Giant,0720,543,543,48.006210704099175,-120.83901150527649,0.998400866985321
Little_Giant,0720,463,519,48.02779124704793,-120.84868974945859,0.9979469776153564
Little_Giant,0720,493,566,48.019698543442146,-120.82973652126864,0.9971610307693481
Little_Giant,0720,456,495,48.02967954455595,-120.8583679936407,0.710554301738739
Little_Giant,0720,490,477,48.02050781380272,-120.86562667677728,0.8837385773658752
Little_Giant,0720,532,491,48.009178028754626,-120.85998103433771,0.9993540048599243
Little_Giant,0720,559,535,48.00189459550942,-120.84223758667052,0.9310324192047119
Little_Giant,0720,484,526,48.022126354523884,-120.8458669282388,0.9986714124679565
Little_Giant,0720,518,573,48.01295462377066,-120.82691370004886,0.9978090524673462
Little_Giant,0720,498,559,48.01834975950785,-120.83255934248842,0.9978114366531372
Little_Giant,0720,452,544,48.03075857170339,-120.83860824510224,0.9967173337936401
Little_Giant,0720,508,480,48.015652191639255,-120.86441689625451,0.9986003637313843
Little_Giant,0720,516,562,48.01349413734438,-120.83134956196565,0.9988986253738403
Little_Giant,0720,530,584,48.009717542328346,-120.82247783813206,0.9648017287254333
Little_Giant,0720,526,563,48.01079656947579,-120.8309463017914,0.9988946914672852
Little_Giant,0720,489,558,48.02077757058959,-120.83296260266268,0.9980021119117737
Little_Giant,0720,449,547,48.031567842063964,-120.83739846457946,0.9947230815887451
Little_Giant,0720,462,558,48.02806100383479,-120.83296260266268,0.9735939502716064
Little_Giant,0720,492,561,48.019968300229,-120.8317528221399,0.9978349804878235
Little_Giant,0720,543,495,48.006210704099175,-120.8583679936407,0.9982176423072815
Little_Giant,0720,483,554,48.02239611131074,-120.83457564335968,0.997686505317688
Little_Giant,0720,507,561,48.01592194842611,-120.8317528221399,0.9982129335403442
Little_Giant,0720,450,530,48.0312980852771,-120.8442538875418,0.9969465732574463
Little_Giant,0720,462,486,48.02806100383479,-120.86199733520898,0.556475043296814
Little_Giant,0720,487,468,48.0213170841633,-120.86925601834557,0.5276106595993042
Little_Giant,0720,496,482,48.01888927308157,-120.863610375906,0.9958439469337463
Little_Giant,0720,537,498,48.00782924482033,-120.85715821311793,0.9986355304718018
Little_Giant,0720,535,495,48.00836875839405,-120.8583679936407,0.9989348649978638
Little_Giant,0720,553,518,48.00351313623058,-120.84909300963285,0.9981784224510193
Little_Giant,0720,536,513,48.00809900160719,-120.85110931050411,0.9992763996124268
Little_Giant,0720,499,459,48.01808000272099,-120.87288535991385,0.5344878435134888
Little_Giant,0720,481,543,48.02293562488446,-120.83901150527649,0.9984049797058105
Little_Giant,0720,504,491,48.016731218786695,-120.85998103433771,0.998782217502594
Little_Giant,0720,522,587,48.01187559662322,-120.8212680576093,0.8875435590744019
Little_Giant,0720,448,539,48.03183759885082,-120.8406245459735,0.997976541519165
Little_Giant,0720,472,568,48.0253634359662,-120.82893000092012,0.8960258960723877
Little_Giant,0720,482,537,48.0226658680976,-120.84143106632202,0.9984049797058105
Little_Giant,0720,489,472,48.02077757058959,-120.86764297764854,0.7770905494689941
Little_Giant,0720,521,556,48.012145353410084,-120.83376912301118,0.998354434967041
Little_Giant,0720,479,476,48.02347513845818,-120.86602993695153,0.8593119382858276
Little_Giant,0720,546,529,48.0054014337386,-120.84465714771605,0.9986489415168762
Little_Giant,0720,499,585,48.01808000272099,-120.8220745779578,0.7559651136398315
Little_Giant,0720,539,510,48.00728973124661,-120.85231909102689,0.9984943270683289
Little_Giant,0720,560,500,48.00162483872256,-120.85635169276942,0.8921826481819153
Little_Giant,0720,461,524,48.02833076062165,-120.84667344858732,0.9976272583007812
Little_Giant,0720,510,582,48.015112678065535,-120.82328435848056,0.9718781113624573
Little_Giant,0720,466,535,48.02698197668735,-120.84223758667052,0.998187243938446
Little_Giant,0720,477,568,48.024014652031894,-120.82893000092012,0.9723688960075378
Little_Giant,0720,521,563,48.012145353410084,-120.8309463017914,0.9988357424736023
Little_Giant,0720,473,513,48.025093679179335,-120.85110931050411,0.998783528804779
Little_Giant,0720,532,572,48.009178028754626,-120.82731696022311,0.9981755614280701
Little_Giant,0720,486,577,48.021586840950164,-120.82530065935184,0.771601676940918
Little_Giant,0720,487,555,48.0213170841633,-120.83417238318543,0.9977851510047913
Little_Giant,0720,450,509,48.0312980852771,-120.85272235120114,0.9420250058174133
Little_Giant,0720,542,538,48.00648046088603,-120.84102780614776,0.9986739754676819
Little_Giant,0720,449,512,48.031567842063964,-120.85151257067837,0.9615346789360046
Little_Giant,0720,537,510,48.00782924482033,-120.85231909102689,0.9988855719566345
Little_Giant,0720,483,502,48.02239611131074,-120.85554517242092,0.9987967014312744
Little_Giant,0720,487,473,48.0213170841633,-120.86723971747429,0.8537549376487732
Little_Giant,0720,484,483,48.022126354523884,-120.86320711573175,0.9719513058662415
Little_Giant,0720,485,502,48.02185659773702,-120.85554517242092,0.9988983273506165
Little_Giant,0720,466,559,48.02698197668735,-120.83255934248842,0.9787972569465637
Little_Giant,0720,553,572,48.00351313623058,-120.82731696022311,0.8784936666488647
Little_Giant,0720,519,570,48.0126848669838,-120.82812348057162,0.9987034201622009
Little_Giant,0720,499,560,48.01808000272099,-120.83215608231416,0.9973836541175842
Little_Giant,0720,458,563,48.02914003098223,-120.8309463017914,0.6004493236541748
Little_Giant,0720,506,490,48.016191705212975,-120.86038429451197,0.9988790154457092
Little_Giant,0720,506,556,48.016191705212975,-120.83376912301118,0.9976754784584045
Little_Giant,0720,489,573,48.02077757058959,-120.82691370004886,0.9747976064682007
Little_Giant,0720,493,533,48.019698543442146,-120.84304410701903,0.9987561106681824
Little_Giant,0720,531,468,48.00944778554149,-120.86925601834557,0.7066798210144043
Little_Giant,0720,478,557,48.02374489524504,-120.83336586283693,0.9972829222679138
Little_Giant,0720,465,544,48.02725173347421,-120.83860824510224,0.9978871941566467
Little_Giant,0720,477,481,48.024014652031894,-120.86401363608026,0.9276220798492432
Little_Giant,0720,469,540,48.026172706326776,-120.84022128579925,0.9983208775520325
Little_Giant,0720,542,534,48.00648046088603,-120.84264084684477,0.9988705515861511
Little_Giant,0720,451,537,48.031028328490244,-120.84143106632202,0.9978541135787964
Little_Giant,0720,555,506,48.00297362265686,-120.8539321317239,0.9931790828704834
Little_Giant,0720,553,497,48.00351313623058,-120.8575614732922,0.989426851272583
Little_Giant,0720,511,549,48.01484292127868,-120.83659194423096,0.9976013898849487
Little_Giant,0720,547,521,48.005131676951734,-120.84788322911008,0.9981815814971924
Little_Giant,0720,493,585,48.019698543442146,-120.8220745779578,0.688202977180481
Little_Giant,0720,457,560,48.02940978776909,-120.83215608231416,0.8003011345863342
Little_Giant,0720,500,464,48.01781024593413,-120.87086905904258,0.885564386844635
Little_Giant,0720,541,525,48.006750217672895,-120.84627018841307,0.9990465641021729
Little_Giant,0720,491,480,48.02023805701587,-120.86441689625451,0.9629567265510559
Little_Giant,0720,462,508,48.02806100383479,-120.85312561137539,0.9923003911972046
Little_Giant,0720,559,542,48.00189459550942,-120.83941476545074,0.8639262914657593
Little_Giant,0720,528,490,48.010257055902066,-120.86038429451197,0.9993336200714111
Little_Giant,0720,540,492,48.00701997445975,-120.85957777416345,0.9982383251190186
Little_Giant,0720,551,542,48.004052649804294,-120.83941476545074,0.9913167357444763
Little_Giant,0720,455,551,48.0299493013428,-120.83578542388246,0.991105318069458
Little_Giant,0720,452,523,48.03075857170339,-120.84707670876158,0.9955015182495117
Little_Giant,0720,497,561,48.018619516294706,-120.8317528221399,0.9969865679740906
Little_Giant,0720,475,573,48.024554165605615,-120.82691370004886,0.6436329483985901
Little_Giant,0720,458,564,48.02914003098223,-120.83054304161715,0.5182347297668457
Little_Giant,0720,507,568,48.01592194842611,-120.82893000092012,0.9985761046409607
Little_Giant,0720,543,580,48.006210704099175,-120.82409087882908,0.9947145581245422
Little_Giant,0720,566,533,48.0000062980014,-120.84304410701903,0.9105837941169739
Little_Giant,0720,463,539,48.02779124704793,-120.8406245459735,0.9978238344192505
Little_Giant,0720,473,527,48.025093679179335,-120.84546366806455,0.9986518621444702
Little_Giant,0720,478,548,48.02374489524504,-120.83699520440521,0.9981189370155334
Little_Giant,0720,545,481,48.005671190525455,-120.86401363608026,0.9888339042663574
Little_Giant,0720,449,538,48.031567842063964,-120.84102780614776,0.9978777766227722
Little_Giant,0720,564,521,48.00054581157512,-120.84788322911008,0.8798473477363586
Little_Giant,0720,549,555,48.004592163378014,-120.83417238318543,0.9889582991600037
Little_Giant,0720,466,560,48.02698197668735,-120.83215608231416,0.9690607786178589
Little_Giant,0720,521,576,48.012145353410084,-120.82570391952609,0.9957013726234436
Little_Giant,0720,558,493,48.00216435229628,-120.8591745139892,0.6964479088783264
Little_Giant,0720,557,548,48.00243410908314,-120.83699520440521,0.8153385519981384
Little_Giant,0720,523,543,48.01160583983636,-120.83901150527649,0.9986661672592163
Little_Giant,0720,530,477,48.009717542328346,-120.86562667677728,0.9974639415740967
Little_Giant,0720,496,466,48.01888927308157,-120.87006253869407,0.5178828239440918
Little_Giant,0720,455,497,48.0299493013428,-120.8575614732922,0.6322162747383118
Little_Giant,0720,485,576,48.02185659773702,-120.82570391952609,0.8317200541496277
Little_Giant,0720,458,519,48.02914003098223,-120.84868974945859,0.9956369400024414
Little_Giant,0720,508,572,48.015652191639255,-120.82731696022311,0.9965603947639465
Little_Giant,0720,466,564,48.02698197668735,-120.83054304161715,0.8836364150047302
Little_Giant,0720,488,570,48.02104732737644,-120.82812348057162,0.9865995645523071
Little_Giant,0720,482,574,48.0226658680976,-120.8265104398746,0.8364939093589783
Little_Giant,0720,464,502,48.02752149026107,-120.85554517242092,0.9891195297241211
Little_Giant,0720,451,505,48.031028328490244,-120.85433539189815,0.8736209273338318
Little_Giant,0720,527,551,48.01052681268892,-120.83578542388246,0.998333752155304
Little_Giant,0720,527,589,48.01052681268892,-120.82046153726078,0.72724848985672
Little_Giant,0720,484,555,48.022126354523884,-120.83417238318543,0.9977807402610779
Little_Giant,0720,466,532,48.02698197668735,-120.84344736719329,0.9983944892883301
Little_Giant,0720,490,478,48.02050781380272,-120.86522341660302,0.9077131748199463
Little_Giant,0720,527,548,48.01052681268892,-120.83699520440521,0.9982509016990662
Little_Giant,0720,451,546,48.031028328490244,-120.83780172475372,0.9957777261734009
Little_Giant,0720,483,566,48.02239611131074,-120.82973652126864,0.9929271340370178
Little_Giant,0720,486,487,48.021586840950164,-120.86159407503473,0.994472086429596
Little_Giant,0720,446,540,48.03237711242454,-120.84022128579925,0.9979395270347595
Little_Giant,0720,530,475,48.009717542328346,-120.86643319712579,0.9957065582275391
Little_Giant,0720,554,551,48.00324337944372,-120.83578542388246,0.9537231922149658
Little_Giant,0720,535,548,48.00836875839405,-120.83699520440521,0.9983580112457275
Little_Giant,0720,547,519,48.005131676951734,-120.84868974945859,0.9981461763381958
Little_Giant,0720,473,508,48.025093679179335,-120.85312561137539,0.9986010789871216
Little_Giant,0720,463,562,48.02779124704793,-120.83134956196565,0.8557702898979187
Little_Giant,0720,466,493,48.02698197668735,-120.8591745139892,0.9522542357444763
Little_Giant,0720,546,478,48.0054014337386,-120.86522341660302,0.9669901728630066
Little_Giant,0720,533,542,48.00890827196777,-120.83941476545074,0.9985802173614502
Little_Giant,0720,477,484,48.024014652031894,-120.8628038555575,0.9708162546157837
Little_Giant,0720,509,465,48.0153824348524,-120.87046579886832,0.9585962891578674
Little_Giant,0720,488,477,48.02104732737644,-120.86562667677728,0.9192818999290466
Little_Giant,0720,536,563,48.00809900160719,-120.8309463017914,0.9988043308258057
Little_Giant,0720,526,472,48.01079656947579,-120.86764297764854,0.96914142370224
Little_Giant,0720,499,556,48.01808000272099,-120.83376912301118,0.9983775615692139
Little_Giant,0720,481,499,48.02293562488446,-120.85675495294367,0.9985387325286865
Little_Giant,0720,558,502,48.00216435229628,-120.85554517242092,0.9752104878425598
Little_Giant,0720,561,543,48.0013550819357,-120.83901150527649,0.8617856502532959
Little_Giant,0720,462,487,48.02806100383479,-120.86159407503473,0.5231821537017822
Little_Giant,0720,552,566,48.00378289301744,-120.82973652126864,0.971251368522644
Little_Giant,0720,483,496,48.02239611131074,-120.85796473346645,0.9985009431838989
Little_Giant,0720,520,586,48.01241511019694,-120.82167131778355,0.9047361016273499
Little_Giant,0720,533,561,48.00890827196777,-120.8317528221399,0.9986362457275391
Little_Giant,0720,450,503,48.0312980852771,-120.85514191224667,0.7068906426429749
Little_Giant,0720,503,573,48.01700097557355,-120.82691370004886,0.9906913638114929
Little_Giant,0720,490,586,48.02050781380272,-120.82167131778355,0.5408522486686707
Little_Giant,0720,447,553,48.032107355637685,-120.83497890353394,0.9339793920516968
Little_Giant,0720,528,496,48.010257055902066,-120.85796473346645,0.9995936751365662
Little_Giant,0720,521,548,48.012145353410084,-120.83699520440521,0.9975430369377136
Little_Giant,0720,549,562,48.004592163378014,-120.83134956196565,0.9916704893112183
Little_Giant,0720,541,517,48.006750217672895,-120.8494962698071,0.9986777305603027
Little_Giant,0720,519,569,48.0126848669838,-120.82852674074587,0.9988547563552856
Little_Giant,0720,496,474,48.01888927308157,-120.86683645730004,0.8205335140228271
Little_Giant,0720,545,557,48.005671190525455,-120.83336586283693,0.9962214827537537
Little_Giant,0720,491,586,48.02023805701587,-120.82167131778355,0.5800068378448486
Little_Giant,0720,549,538,48.004592163378014,-120.84102780614776,0.9979041814804077
Little_Giant,0720,558,526,48.00216435229628,-120.8458669282388,0.951323926448822
Little_Giant,0720,467,491,48.026712219900496,-120.85998103433771,0.9144671559333801
Little_Giant,0720,551,511,48.004052649804294,-120.85191583085263,0.9975452423095703
Little_Giant,0720,559,530,48.00189459550942,-120.8442538875418,0.8129028677940369
Little_Giant,0720,543,537,48.006210704099175,-120.84143106632202,0.9986984133720398
Little_Giant,0720,522,570,48.01187559662322,-120.82812348057162,0.9985642433166504
Little_Giant,0720,440,520,48.0339956531457,-120.84828648928433,0.9441124796867371
Little_Giant,0720,501,482,48.01754048914727,-120.863610375906,0.9980193972587585
Little_Giant,0720,493,571,48.019698543442146,-120.82772022039737,0.9893875122070312
Little_Giant,0720,532,585,48.009178028754626,-120.8220745779578,0.9467467069625854
Little_Giant,0720,469,569,48.026172706326776,-120.82852674074587,0.6941553950309753
Little_Giant,0720,503,490,48.01700097557355,-120.86038429451197,0.9986152648925781
Little_Giant,0720,485,561,48.02185659773702,-120.8317528221399,0.9970380067825317
Little_Giant,0720,500,480,48.01781024593413,-120.86441689625451,0.9967522621154785
Little_Giant,0720,533,587,48.00890827196777,-120.8212680576093,0.8581058382987976
Little_Giant,0720,537,477,48.00782924482033,-120.86562667677728,0.9908125400543213
Little_Giant,0720,450,552,48.0312980852771,-120.8353821637082,0.9757240414619446
Little_Giant,0720,523,561,48.01160583983636,-120.8317528221399,0.9987525343894958
Little_Giant,0720,471,552,48.025633192753055,-120.8353821637082,0.9973697662353516
Little_Giant,0720,533,559,48.00890827196777,-120.83255934248842,0.9985473155975342
Little_Giant,0720,461,503,48.02833076062165,-120.85514191224667,0.9752172231674194
Little_Giant,0720,479,565,48.02347513845818,-120.8301397814429,0.9886152744293213
Little_Giant,0720,482,541,48.0226658680976,-120.839818025625,0.9984143376350403
Little_Giant,0720,462,510,48.02806100383479,-120.85231909102689,0.9950440526008606
Little_Giant,0720,539,567,48.00728973124661,-120.82933326109438,0.9978594779968262
Little_Giant,0720,482,495,48.0226658680976,-120.8583679936407,0.998346745967865
Little_Giant,0720,478,520,48.02374489524504,-120.84828648928433,0.998942494392395
Little_Giant,0720,447,521,48.032107355637685,-120.84788322911008,0.9885450005531311
Little_Giant,0720,544,542,48.00594094731231,-120.83941476545074,0.9983214735984802
Little_Giant,0720,446,510,48.03237711242454,-120.85231909102689,0.8908990621566772
Little_Giant,0720,553,488,48.00351313623058,-120.86119081486048,0.956709086894989
Little_Giant,0720,488,478,48.02104732737644,-120.86522341660302,0.9387269616127014
Little_Giant,0720,551,558,48.004052649804294,-120.83296260266268,0.9888240694999695
Little_Giant,0720,530,570,48.009717542328346,-120.82812348057162,0.9987072348594666
Little_Giant,0720,471,569,48.025633192753055,-120.82852674074587,0.7839004397392273
Little_Giant,0720,486,576,48.021586840950164,-120.82570391952609,0.8507570624351501
Little_Giant,0720,480,505,48.02320538167132,-120.85433539189815,0.9987356066703796
Little_Giant,0720,515,477,48.01376389413124,-120.86562667677728,0.9985383749008179
Little_Giant,0720,455,527,48.0299493013428,-120.84546366806455,0.9969250559806824
Little_Giant,0720,519,549,48.0126848669838,-120.83659194423096,0.9969759583473206
Little_Giant,0720,544,584,48.00594094731231,-120.82247783813206,0.9929996728897095
Little_Giant,0720,544,499,48.00594094731231,-120.85675495294367,0.9981709122657776
Little_Giant,0720,512,466,48.014573164491814,-120.87006253869407,0.9565366506576538
Little_Giant,0720,445,536,48.0326468692114,-120.84183432649627,0.9976738095283508
Little_Giant,0720,472,489,48.0253634359662,-120.86078755468623,0.9718355536460876
Little_Giant,0720,556,508,48.00270386587,-120.85312561137539,0.9930604100227356
Little_Giant,0720,548,565,48.00486192016488,-120.8301397814429,0.9940284490585327
Little_Giant,0720,491,532,48.02023805701587,-120.84344736719329,0.9986827373504639
Little_Giant,0720,470,496,48.02590294953991,-120.85796473346645,0.9945007562637329
Little_Giant,0720,476,556,48.02428440881876,-120.83376912301118,0.9975067377090454
Little_Giant,0720,518,469,48.01295462377066,-120.86885275817131,0.9835571050643921
Little_Giant,0720,475,494,48.024554165605615,-120.85877125381495,0.9970669746398926
Little_Giant,0720,528,564,48.010257055902066,-120.83054304161715,0.9991863369941711
Little_Giant,0720,457,543,48.02940978776909,-120.83901150527649,0.997732400894165
Little_Giant,0720,498,571,48.01834975950785,-120.82772022039737,0.9896296858787537
Little_Giant,0720,483,495,48.02239611131074,-120.8583679936407,0.9984127879142761
Little_Giant,0720,469,516,48.026172706326776,-120.84989952998136,0.9985973834991455
Little_Giant,0720,546,567,48.0054014337386,-120.82933326109438,0.9946954250335693
Little_Giant,0720,509,459,48.0153824348524,-120.87288535991385,0.884378969669342
Little_Giant,0720,491,500,48.02023805701587,-120.85635169276942,0.9986511468887329
Little_Giant,0720,440,531,48.0339956531457,-120.84385062736754,0.9969566464424133
Little_Giant,0720,541,483,48.006750217672895,-120.86320711573175,0.9978967308998108
Little_Giant,0720,446,534,48.03237711242454,-120.84264084684477,0.9973218441009521
Little_Giant,0720,473,512,48.025093679179335,-120.85151257067837,0.9987850189208984
Little_Giant,0720,502,550,48.01727073236041,-120.83618868405671,0.997406542301178
Little_Giant,0720,529,583,48.0099872991152,-120.82288109830631,0.9733717441558838
Little_Giant,0720,527,474,48.01052681268892,-120.86683645730004,0.9942685961723328
Little_Giant,0720,531,502,48.00944778554149,-120.85554517242092,0.9989300966262817
Little_Giant,0720,551,574,48.004052649804294,-120.8265104398746,0.9686269760131836
Little_Giant,0720,502,455,48.01727073236041,-120.87449840061088,0.8257032632827759
Little_Giant,0720,444,513,48.03291662599826,-120.85110931050411,0.8964874148368835
Little_Giant,0720,552,488,48.00378289301744,-120.86119081486048,0.9703949689865112
Little_Giant,0720,531,478,48.00944778554149,-120.86522341660302,0.9983263611793518
Little_Giant,0720,472,562,48.0253634359662,-120.83134956196565,0.980807363986969
Little_Giant,0720,457,556,48.02940978776909,-120.83376912301118,0.973553478717804
Little_Giant,0720,457,521,48.02940978776909,-120.84788322911008,0.9962621927261353
Little_Giant,0720,541,534,48.006750217672895,-120.84264084684477,0.9989610910415649
Little_Giant,0720,543,484,48.006210704099175,-120.8628038555575,0.9973505139350891
Little_Giant,0720,549,501,48.004592163378014,-120.85594843259517,0.9981411099433899
Little_Giant,0720,444,547,48.03291662599826,-120.83739846457946,0.9883910417556763
Little_Giant,0720,497,564,48.018619516294706,-120.83054304161715,0.9963533282279968
Little_Giant,0720,488,495,48.02104732737644,-120.8583679936407,0.9984560012817383
Little_Giant,0720,493,576,48.019698543442146,-120.82570391952609,0.9495156407356262
Little_Giant,0720,555,503,48.00297362265686,-120.85514191224667,0.9911941885948181
Little_Giant,0720,560,512,48.00162483872256,-120.85151257067837,0.9194537401199341
Little_Giant,0720,473,482,48.025093679179335,-120.863610375906,0.8740968704223633
Little_Giant,0720,544,527,48.00594094731231,-120.84546366806455,0.9985691905021667
Little_Giant,0720,464,527,48.02752149026107,-120.84546366806455,0.9982805252075195
Little_Giant,0720,556,486,48.00270386587,-120.86199733520898,0.7881486415863037
Little_Giant,0720,487,539,48.0213170841633,-120.8406245459735,0.996727466583252
Little_Giant,0720,526,534,48.01079656947579,-120.84264084684477,0.9993740916252136
Little_Giant,0720,543,490,48.006210704099175,-120.86038429451197,0.9980912804603577
Little_Giant,0720,481,556,48.02293562488446,-120.83376912301118,0.997758686542511
Little_Giant,0720,549,568,48.004592163378014,-120.82893000092012,0.9884803295135498
Little_Giant,0720,474,548,48.02482392239248,-120.83699520440521,0.9982568621635437
Little_Giant,0720,566,525,48.0000062980014,-120.84627018841307,0.8481400609016418
Little_Giant,0720,463,504,48.02779124704793,-120.85473865207241,0.9863829612731934
Little_Giant,0720,513,589,48.01430340770496,-120.82046153726078,0.7386505603790283
Little_Giant,0720,506,475,48.016191705212975,-120.86643319712579,0.997852087020874
Little_Giant,0720,481,533,48.02293562488446,-120.84304410701903,0.9987479448318481
Little_Giant,0720,553,564,48.00351313623058,-120.83054304161715,0.941375732421875
Little_Giant,0720,534,466,48.008638515180905,-120.87006253869407,0.5392011404037476
Little_Giant,0720,467,546,48.026712219900496,-120.83780172475372,0.9978474378585815
Little_Giant,0720,557,499,48.00243410908314,-120.85675495294367,0.9884534478187561
Little_Giant,0720,469,570,48.026172706326776,-120.82812348057162,0.5722850561141968
Little_Giant,0720,536,541,48.00809900160719,-120.839818025625,0.9985583424568176
Little_Giant,0720,547,531,48.005131676951734,-120.84385062736754,0.9987232685089111
Little_Giant,0720,460,552,48.028600517408506,-120.8353821637082,0.9942096471786499
Little_Giant,0720,535,513,48.00836875839405,-120.85110931050411,0.9992597103118896
Little_Giant,0720,470,564,48.02590294953991,-120.83054304161715,0.9581089615821838
Little_Giant,0720,528,474,48.010257055902066,-120.86683645730004,0.9953547120094299
Little_Giant,0720,556,487,48.00270386587,-120.86159407503473,0.8168495297431946
Little_Giant,0720,539,511,48.00728973124661,-120.85191583085263,0.9985886216163635
Little_Giant,0720,496,567,48.01888927308157,-120.82933326109438,0.9948614835739136
Little_Giant,0720,491,497,48.02023805701587,-120.8575614732922,0.998505711555481
Little_Giant,0720,493,476,48.019698543442146,-120.86602993695153,0.8952118158340454
Little_Giant,0720,507,462,48.01592194842611,-120.8716755793911,0.9439132213592529
Little_Giant,0720,487,551,48.0213170841633,-120.83578542388246,0.9969832301139832
Little_Giant,0720,536,568,48.00809900160719,-120.82893000092012,0.9981700778007507
Little_Giant,0720,438,524,48.034535166719415,-120.84667344858732,0.9756324291229248
Little_Giant,0720,491,473,48.02023805701587,-120.86723971747429,0.7782342433929443
Little_Giant,0720,544,509,48.00594094731231,-120.85272235120114,0.9981493353843689
Little_Giant,0720,521,567,48.012145353410084,-120.82933326109438,0.9987855553627014
Little_Giant,0720,510,478,48.015112678065535,-120.86522341660302,0.9985784292221069
Little_Giant,0720,516,568,48.01349413734438,-120.82893000092012,0.9989875555038452
Little_Giant,0720,482,511,48.0226658680976,-120.85191583085263,0.9989620447158813
Little_Giant,0720,485,549,48.02185659773702,-120.83659194423096,0.9977979063987732
Little_Giant,0720,493,556,48.019698543442146,-120.83376912301118,0.9985452890396118
Little_Giant,0720,505,572,48.01646146199983,-120.82731696022311,0.9941790103912354
Little_Giant,0720,516,553,48.01349413734438,-120.83497890353394,0.997923731803894
Little_Giant,0720,497,582,48.018619516294706,-120.82328435848056,0.8455023169517517
Little_Giant,0720,474,561,48.02482392239248,-120.8317528221399,0.9908885955810547
Little_Giant,0720,491,562,48.02023805701587,-120.83134956196565,0.9975537657737732
Little_Giant,0720,530,579,48.009717542328346,-120.82449413900333,0.9954202175140381
Little_Giant,0720,508,546,48.015652191639255,-120.83780172475372,0.9978219270706177
Little_Giant,0720,522,553,48.01187559662322,-120.83497890353394,0.9980033040046692
Little_Giant,0720,494,534,48.01942878665529,-120.84264084684477,0.9987726807594299
Little_Giant,0720,513,570,48.01430340770496,-120.82812348057162,0.9984470009803772
Little_Giant,0720,471,495,48.025633192753055,-120.8583679936407,0.994242250919342
Little_Giant,0720,493,560,48.019698543442146,-120.83215608231416,0.99797523021698
Little_Giant,0720,540,556,48.00701997445975,-120.83376912301118,0.9978711009025574
Little_Giant,0720,512,458,48.014573164491814,-120.8732886200881,0.775920569896698
Little_Giant,0720,543,468,48.006210704099175,-120.86925601834557,0.5850887894630432
Little_Giant,0720,512,563,48.014573164491814,-120.8309463017914,0.9985660314559937
Little_Giant,0720,493,541,48.019698543442146,-120.839818025625,0.9971837401390076
Little_Giant,0720,476,568,48.02428440881876,-120.82893000092012,0.9641478061676025
Little_Giant,0720,500,479,48.01781024593413,-120.86482015642876,0.9964434504508972
Little_Giant,0720,545,554,48.005671190525455,-120.83457564335968,0.9958254098892212
Little_Giant,0720,443,543,48.03318638278512,-120.83901150527649,0.9955706000328064
Little_Giant,0720,472,481,48.0253634359662,-120.86401363608026,0.7839358448982239
Little_Giant,0720,483,471,48.02239611131074,-120.8680462378228,0.5573509335517883
Little_Giant,0720,484,563,48.022126354523884,-120.8309463017914,0.9959906935691833
Little_Giant,0720,486,520,48.021586840950164,-120.84828648928433,0.9990264177322388
Little_Giant,0720,456,539,48.02967954455595,-120.8406245459735,0.9979700446128845
Little_Giant,0720,542,520,48.00648046088603,-120.84828648928433,0.9986183643341064
Little_Giant,0720,526,570,48.01079656947579,-120.82812348057162,0.9988018274307251
Little_Giant,0720,475,485,48.024554165605615,-120.86240059538324,0.9692716002464294
Little_Giant,0720,518,583,48.01295462377066,-120.82288109830631,0.9757618308067322
Little_Giant,0720,549,560,48.004592163378014,-120.83215608231416,0.9899181723594666
Little_Giant,0720,489,542,48.02077757058959,-120.83941476545074,0.9953969120979309
Little_Giant,0720,484,515,48.022126354523884,-120.85030279015561,0.9990392327308655
Little_Giant,0720,479,559,48.02347513845818,-120.83255934248842,0.9966735243797302
Little_Giant,0720,483,510,48.02239611131074,-120.85231909102689,0.998913049697876
Little_Giant,0720,483,508,48.02239611131074,-120.85312561137539,0.9987895488739014
Little_Giant,0720,460,528,48.028600517408506,-120.8450604078903,0.9975115656852722
Little_Giant,0720,535,505,48.00836875839405,-120.85433539189815,0.9986277222633362
Little_Giant,0720,538,581,48.00755948803347,-120.82368761865482,0.9914243817329407
Little_Giant,0720,441,527,48.03372589635884,-120.84546366806455,0.9919513463973999
Little_Giant,0720,554,550,48.00324337944372,-120.83618868405671,0.9615824818611145
Little_Giant,0720,450,550,48.0312980852771,-120.83618868405671,0.9880926609039307
Little_Giant,0720,508,488,48.015652191639255,-120.86119081486048,0.9989840388298035
Little_Giant,0720,531,474,48.00944778554149,-120.86683645730004,0.9937848448753357
Little_Giant,0720,470,492,48.02590294953991,-120.85957777416345,0.9854059815406799
Little_Giant,0720,567,533,47.999736541214546,-120.84304410701903,0.5077447891235352
Little_Giant,0720,450,536,48.0312980852771,-120.84183432649627,0.9976637363433838
Little_Giant,0720,441,531,48.03372589635884,-120.84385062736754,0.9972260594367981
Little_Giant,0720,474,563,48.02482392239248,-120.8309463017914,0.984935462474823
Little_Giant,0720,490,581,48.02050781380272,-120.82368761865482,0.7248975038528442
Little_Giant,0720,479,520,48.02347513845818,-120.84828648928433,0.9990282654762268
Little_Giant,0720,533,537,48.00890827196777,-120.84143106632202,0.9990839958190918
Little_Giant,0720,481,523,48.02293562488446,-120.84707670876158,0.9989218711853027
Little_Giant,0720,461,521,48.02833076062165,-120.84788322911008,0.9973867535591125
Little_Giant,0720,471,546,48.025633192753055,-120.83780172475372,0.9976267218589783
Little_Giant,0720,520,550,48.01241511019694,-120.83618868405671,0.9974625706672668
Little_Giant,0720,448,546,48.03183759885082,-120.83780172475372,0.9943425059318542
Little_Giant,0720,536,533,48.00809900160719,-120.84304410701903,0.9988841414451599
Little_Giant,0720,527,470,48.01052681268892,-120.86844949799706,0.7651557326316833
Little_Giant,0720,549,574,48.004592163378014,-120.8265104398746,0.9920422434806824
Little_Giant,0720,444,549,48.03291662599826,-120.83659194423096,0.9760969281196594
Little_Giant,0720,488,532,48.02104732737644,-120.84344736719329,0.9986639618873596
Little_Giant,0720,456,496,48.02967954455595,-120.85796473346645,0.8235236406326294
Little_Giant,0720,475,521,48.024554165605615,-120.84788322911008,0.9988130331039429
Little_Giant,0720,494,588,48.01942878665529,-120.82086479743504,0.5219435691833496
Little_Giant,0720,471,556,48.025633192753055,-120.83376912301118,0.9966895580291748
Little_Giant,0720,491,487,48.02023805701587,-120.86159407503473,0.9962619543075562
Little_Giant,0720,475,516,48.024554165605615,-120.84989952998136,0.998759388923645
Little_Giant,0720,476,567,48.02428440881876,-120.82933326109438,0.9718469381332397
Little_Giant,0720,512,554,48.014573164491814,-120.83457564335968,0.9976734519004822
Little_Giant,0720,520,564,48.01241511019694,-120.83054304161715,0.9989558458328247
Little_Giant,0720,499,558,48.01808000272099,-120.83296260266268,0.9983410239219666
Little_Giant,0720,512,585,48.014573164491814,-120.8220745779578,0.8944025635719299
Little_Giant,0720,502,563,48.01727073236041,-120.8309463017914,0.9970092177391052
Little_Giant,0720,485,558,48.02185659773702,-120.83296260266268,0.997951090335846
Little_Giant,0720,529,501,48.0099872991152,-120.85594843259517,0.9992421269416809
Little_Giant,0720,530,571,48.009717542328346,-120.82772022039737,0.9985787272453308
Little_Giant,0720,485,508,48.02185659773702,-120.85312561137539,0.9988083243370056
Little_Giant,0720,461,490,48.02833076062165,-120.86038429451197,0.6165778040885925
Little_Giant,0720,494,547,48.01942878665529,-120.83739846457946,0.9957808256149292
Little_Giant,0720,498,585,48.01834975950785,-120.8220745779578,0.7053210735321045
Little_Giant,0720,464,514,48.02752149026107,-120.85070605032986,0.997677743434906
Little_Giant,0720,502,578,48.01727073236041,-120.82489739917759,0.9690152406692505
Little_Giant,0720,512,574,48.014573164491814,-120.8265104398746,0.9960418343544006
Little_Giant,0720,541,557,48.006750217672895,-120.83336586283693,0.9972824454307556
Little_Giant,0720,546,571,48.0054014337386,-120.82772022039737,0.9937417507171631
Little_Giant,0720,560,521,48.00162483872256,-120.84788322911008,0.8797312378883362
Little_Giant,0720,485,579,48.02185659773702,-120.82449413900333,0.5920652151107788
Little_Giant,0720,540,519,48.00701997445975,-120.84868974945859,0.999109148979187
Little_Giant,0720,532,478,48.009178028754626,-120.86522341660302,0.9981532096862793
Little_Giant,0720,446,549,48.03237711242454,-120.83659194423096,0.9828125238418579
Little_Giant,0720,441,536,48.03372589635884,-120.84183432649627,0.9974433183670044
Little_Giant,0720,485,581,48.02185659773702,-120.82368761865482,0.6115429997444153
Little_Giant,0720,542,583,48.00648046088603,-120.82288109830631,0.992429792881012
Little_Giant,0720,529,567,48.0099872991152,-120.82933326109438,0.9988073110580444
Little_Giant,0720,469,504,48.026172706326776,-120.85473865207241,0.9978282451629639
Little_Giant,0720,553,516,48.00351313623058,-120.84989952998136,0.9982832074165344
Little_Giant,0720,505,577,48.01646146199983,-120.82530065935184,0.9833928346633911
Little_Giant,0720,557,538,48.00243410908314,-120.84102780614776,0.9882510900497437
Little_Giant,0720,509,575,48.0153824348524,-120.82610717970034,0.9956082701683044
Little_Giant,0720,519,579,48.0126848669838,-120.82449413900333,0.9939867258071899
Little_Giant,0720,547,495,48.005131676951734,-120.8583679936407,0.998209536075592
Little_Giant,0720,497,468,48.018619516294706,-120.86925601834557,0.7030991315841675
Little_Giant,0720,558,494,48.00216435229628,-120.85877125381495,0.8354417681694031
Little_Giant,0720,506,460,48.016191705212975,-120.8724820997396,0.9366525411605835
Little_Giant,0720,484,516,48.022126354523884,-120.84989952998136,0.9990392327308655
Little_Giant,0720,484,569,48.022126354523884,-120.82852674074587,0.9845165014266968
Little_Giant,0720,525,571,48.01106632626264,-120.82772022039737,0.9984588027000427
Little_Giant,0720,508,474,48.015652191639255,-120.86683645730004,0.9978886246681213
Little_Giant,0720,494,562,48.01942878665529,-120.83134956196565,0.9972461462020874
Little_Giant,0720,535,569,48.00836875839405,-120.82852674074587,0.9983911514282227
Little_Giant,0720,461,548,48.02833076062165,-120.83699520440521,0.9979038834571838
Little_Giant,0720,465,523,48.02725173347421,-120.84707670876158,0.9982203245162964
Little_Giant,0720,542,477,48.00648046088603,-120.86562667677728,0.9845905303955078
Little_Giant,0720,540,517,48.00701997445975,-120.8494962698071,0.9989661574363708
Little_Giant,0720,531,590,48.00944778554149,-120.82005827708653,0.6261093020439148
Little_Giant,0720,504,576,48.016731218786695,-120.82570391952609,0.987089991569519
Little_Giant,0720,443,528,48.03318638278512,-120.8450604078903,0.994687020778656
Little_Giant,0720,547,505,48.005131676951734,-120.85433539189815,0.9980098009109497
Little_Giant,0720,519,583,48.0126848669838,-120.82288109830631,0.9730157852172852
Little_Giant,0720,461,536,48.02833076062165,-120.84183432649627,0.9976229071617126
Little_Giant,0720,502,585,48.01727073236041,-120.8220745779578,0.7930702567100525
Little_Giant,0720,494,468,48.01942878665529,-120.86925601834557,0.6448232531547546
Little_Giant,0720,494,586,48.01942878665529,-120.82167131778355,0.663481593132019
Little_Giant,0720,499,582,48.01808000272099,-120.82328435848056,0.8865081667900085
Little_Giant,0720,539,550,48.00728973124661,-120.83618868405671,0.9981046915054321
Little_Giant,0720,547,551,48.005131676951734,-120.83578542388246,0.994016706943512
Little_Giant,0720,525,535,48.01106632626264,-120.84223758667052,0.999413251876831
Little_Giant,0720,469,568,48.026172706326776,-120.82893000092012,0.7835988998413086
Little_Giant,0720,458,508,48.02914003098223,-120.85312561137539,0.9830138683319092
Little_Giant,0720,484,493,48.022126354523884,-120.8591745139892,0.9983628392219543
Little_Giant,0720,552,487,48.00378289301744,-120.86159407503473,0.9659150242805481
Little_Giant,0720,557,516,48.00243410908314,-120.84989952998136,0.993293046951294
Little_Giant,0720,538,472,48.00755948803347,-120.86764297764854,0.9331383109092712
Little_Giant,0720,558,531,48.00216435229628,-120.84385062736754,0.9593132138252258
Little_Giant,0720,545,556,48.005671190525455,-120.83376912301118,0.9958441853523254
Little_Giant,0720,493,480,48.019698543442146,-120.86441689625451,0.9798265695571899
Little_Giant,0720,549,495,48.004592163378014,-120.8583679936407,0.9981870651245117
Little_Giant,0720,493,555,48.019698543442146,-120.83417238318543,0.9983338117599487
Little_Giant,0720,447,551,48.032107355637685,-120.83578542388246,0.9660260677337646
Little_Giant,0720,533,500,48.00890827196777,-120.85635169276942,0.9988400340080261
Little_Giant,0720,542,513,48.00648046088603,-120.85110931050411,0.9983848929405212
Little_Giant,0720,464,511,48.02752149026107,-120.85191583085263,0.9974862337112427
Little_Giant,0720,541,564,48.006750217672895,-120.83054304161715,0.9977262020111084
Little_Giant,0720,510,462,48.015112678065535,-120.8716755793911,0.9052440524101257
Little_Giant,0720,481,508,48.02293562488446,-120.85312561137539,0.9988865256309509
Little_Giant,0720,544,508,48.00594094731231,-120.85312561137539,0.9981689453125
Little_Giant,0720,480,532,48.02320538167132,-120.84344736719329,0.9987810850143433
Little_Giant,0720,514,584,48.014033650918094,-120.82247783813206,0.9529504776000977
Little_Giant,0720,533,509,48.00890827196777,-120.85272235120114,0.9992022514343262
Little_Giant,0720,516,558,48.01349413734438,-120.83296260266268,0.9989456534385681
Little_Giant,0720,455,547,48.0299493013428,-120.83739846457946,0.996687114238739
Little_Giant,0720,513,457,48.01430340770496,-120.87369188026236,0.8009961247444153
Little_Giant,0720,535,582,48.00836875839405,-120.82328435848056,0.9865943789482117
Little_Giant,0720,526,495,48.01079656947579,-120.8583679936407,0.9997198581695557
Little_Giant,0720,541,571,48.006750217672895,-120.82772022039737,0.995714008808136
Little_Giant,0720,530,528,48.009717542328346,-120.8450604078903,0.9995138645172119
Little_Giant,0720,475,497,48.024554165605615,-120.8575614732922,0.9978107810020447
Little_Giant,0720,488,584,48.02104732737644,-120.82247783813206,0.6055327653884888
Little_Giant,0720,561,542,48.0013550819357,-120.83941476545074,0.886908233165741
Little_Giant,0720,452,533,48.03075857170339,-120.84304410701903,0.997660219669342
Little_Giant,0720,552,492,48.00378289301744,-120.85957777416345,0.9845513701438904
Little_Giant,0720,547,529,48.005131676951734,-120.84465714771605,0.9986489415168762
Little_Giant,0720,472,511,48.0253634359662,-120.85191583085263,0.9987373948097229
Little_Giant,0720,547,514,48.005131676951734,-120.85070605032986,0.9980979561805725
Little_Giant,0720,483,535,48.02239611131074,-120.84223758667052,0.9983032941818237
Little_Giant,0720,509,553,48.0153824348524,-120.83497890353394,0.9979234933853149
Little_Giant,0720,551,545,48.004052649804294,-120.83820498492798,0.9842587113380432
Little_Giant,0720,490,555,48.02050781380272,-120.83417238318543,0.9980431199073792
Little_Giant,0720,487,563,48.0213170841633,-120.8309463017914,0.9967427849769592
Little_Giant,0720,470,483,48.02590294953991,-120.86320711573175,0.8157747387886047
Little_Giant,0720,484,531,48.022126354523884,-120.84385062736754,0.9985221028327942
Little_Giant,0720,465,485,48.02725173347421,-120.86240059538324,0.5566884279251099
Little_Giant,0720,532,557,48.009178028754626,-120.83336586283693,0.9984970688819885
Little_Giant,0720,458,498,48.02914003098223,-120.85715821311793,0.952645480632782
Little_Giant,0720,536,561,48.00809900160719,-120.8317528221399,0.9988630414009094
Little_Giant,0720,548,556,48.00486192016488,-120.83376912301118,0.9940268993377686
Little_Giant,0720,535,579,48.00836875839405,-120.82449413900333,0.9921972751617432
Little_Giant,0720,555,543,48.00297362265686,-120.83901150527649,0.9769048690795898
Little_Giant,0720,481,512,48.02293562488446,-120.85151257067837,0.9989821314811707
Little_Giant,0720,541,501,48.006750217672895,-120.85594843259517,0.9982081651687622
Little_Giant,0720,488,577,48.02104732737644,-120.82530065935184,0.8508909940719604
Little_Giant,0720,551,563,48.004052649804294,-120.8309463017914,0.9887921810150146
Little_Giant,0720,533,590,48.00890827196777,-120.82005827708653,0.739154577255249
Little_Giant,0720,474,572,48.02482392239248,-120.82731696022311,0.6879083514213562
Little_Giant,0720,459,530,48.02887027419537,-120.8442538875418,0.9973971247673035
Little_Giant,0720,489,568,48.02077757058959,-120.82893000092012,0.9918708801269531
Little_Giant,0720,530,469,48.009717542328346,-120.86885275817131,0.8181003928184509
Little_Giant,0720,460,559,48.028600517408506,-120.83255934248842,0.9400649070739746
Little_Giant,0720,533,585,48.00890827196777,-120.8220745779578,0.9470949172973633
Little_Giant,0720,479,544,48.02347513845818,-120.83860824510224,0.9983519315719604
Little_Giant,0720,508,482,48.015652191639255,-120.863610375906,0.9986448287963867
Little_Giant,0720,482,547,48.0226658680976,-120.83739846457946,0.9984670281410217
Little_Giant,0720,476,493,48.02428440881876,-120.8591745139892,0.9977278113365173
Little_Giant,0720,536,492,48.00809900160719,-120.85957777416345,0.9984719753265381
Little_Giant,0720,465,541,48.02725173347421,-120.839818025625,0.9980158805847168
Little_Giant,0720,538,520,48.00755948803347,-120.84828648928433,0.999342143535614
Little_Giant,0720,529,481,48.0099872991152,-120.86401363608026,0.9985218644142151
Little_Giant,0720,455,537,48.0299493013428,-120.84143106632202,0.9977546334266663
Little_Giant,0720,555,542,48.00297362265686,-120.83941476545074,0.9742968082427979
Little_Giant,0720,542,483,48.00648046088603,-120.86320711573175,0.997593879699707
Little_Giant,0720,472,543,48.0253634359662,-120.83901150527649,0.9983656406402588
Little_Giant,0720,515,468,48.01376389413124,-120.86925601834557,0.9823951721191406
Little_Giant,0720,510,576,48.015112678065535,-120.82570391952609,0.994461715221405
Little_Giant,0720,457,562,48.02940978776909,-120.83134956196565,0.5950976014137268
Little_Giant,0720,450,545,48.0312980852771,-120.83820498492798,0.9958993792533875
Little_Giant,0720,537,532,48.00782924482033,-120.84344736719329,0.9989169836044312
Little_Giant,0720,547,470,48.005131676951734,-120.86844949799706,0.5842838883399963
Little_Giant,0720,512,584,48.014573164491814,-120.82247783813206,0.9350655674934387
Little_Giant,0720,537,560,48.00782924482033,-120.83215608231416,0.9985738396644592
Little_Giant,0720,458,516,48.02914003098223,-120.84989952998136,0.993757963180542
Little_Giant,0720,520,562,48.01241511019694,-120.83134956196565,0.9989033341407776
Little_Giant,0720,446,524,48.03237711242454,-120.84667344858732,0.9909671545028687
Little_Giant,0720,492,482,48.019968300229,-120.863610375906,0.9914103150367737
Little_Giant,0720,566,503,48.0000062980014,-120.85514191224667,0.5212518572807312
Little_Giant,0720,478,550,48.02374489524504,-120.83618868405671,0.9977940917015076
Little_Giant,0720,545,472,48.005671190525455,-120.86764297764854,0.8448282480239868
Little_Giant,0720,454,543,48.03021905812967,-120.83901150527649,0.9977039694786072
Little_Giant,0720,499,572,48.01808000272099,-120.82731696022311,0.9904413819313049
Little_Giant,0720,497,569,48.018619516294706,-120.82852674074587,0.9931082129478455
Little_Giant,0720,510,477,48.015112678065535,-120.86562667677728,0.9984510540962219
Little_Giant,0720,558,546,48.00216435229628,-120.83780172475372,0.6892659664154053
Little_Giant,0720,499,568,48.01808000272099,-120.82893000092012,0.9956523776054382
Little_Giant,0720,544,470,48.00594094731231,-120.86844949799706,0.7412993311882019
Little_Giant,0720,526,564,48.01079656947579,-120.83054304161715,0.9990739226341248
Little_Giant,0720,523,551,48.01160583983636,-120.83578542388246,0.9980395436286926
Little_Giant,0720,527,565,48.01052681268892,-120.8301397814429,0.9992439150810242
Little_Giant,0720,532,575,48.009178028754626,-120.82610717970034,0.9965266585350037
Little_Giant,0720,485,474,48.02185659773702,-120.86683645730004,0.8355374336242676
Little_Giant,0720,515,590,48.01376389413124,-120.82005827708653,0.6344700455665588
Little_Giant,0720,550,495,48.00432240659116,-120.8583679936407,0.9977540373802185
Little_Giant,0720,477,508,48.024014652031894,-120.85312561137539,0.9987497329711914
Little_Giant,0720,551,572,48.004052649804294,-120.82731696022311,0.9539222121238708
Little_Giant,0720,523,579,48.01160583983636,-120.82449413900333,0.9955013990402222
Little_Giant,0720,523,558,48.01160583983636,-120.83296260266268,0.9987528920173645
Little_Giant,0720,501,477,48.01754048914727,-120.86562667677728,0.9955254793167114
Little_Giant,0720,502,543,48.01727073236041,-120.83901150527649,0.9984205961227417
Little_Giant,0720,514,471,48.014033650918094,-120.8680462378228,0.9951889514923096
Little_Giant,0720,517,587,48.01322438055752,-120.8212680576093,0.911200225353241
Little_Giant,0720,507,477,48.01592194842611,-120.86562667677728,0.9981188774108887
Little_Giant,0720,542,522,48.00648046088603,-120.84747996893583,0.9987080693244934
Little_Giant,0720,511,580,48.01484292127868,-120.82409087882908,0.9858505129814148
Little_Giant,0720,509,457,48.0153824348524,-120.87369188026236,0.9534580111503601
Little_Giant,0720,558,513,48.00216435229628,-120.85110931050411,0.9668923020362854
Little_Giant,0720,478,493,48.02374489524504,-120.8591745139892,0.9981499910354614
Little_Giant,0720,497,478,48.018619516294706,-120.86522341660302,0.974712073802948
Little_Giant,0720,477,574,48.024014652031894,-120.8265104398746,0.6748180985450745
Little_Giant,0720,548,495,48.00486192016488,-120.8583679936407,0.9982483983039856
Little_Giant,0720,556,542,48.00270386587,-120.83941476545074,0.9801399111747742
Little_Giant,0720,496,479,48.01888927308157,-120.86482015642876,0.9826633930206299
Little_Giant,0720,530,480,48.009717542328346,-120.86441689625451,0.998565137386322
Little_Giant,0720,489,555,48.02077757058959,-120.83417238318543,0.9980981945991516
Little_Giant,0720,532,569,48.009178028754626,-120.82852674074587,0.9986709952354431
Little_Giant,0720,529,502,48.0099872991152,-120.85554517242092,0.9992676377296448
Little_Giant,0720,458,543,48.02914003098223,-120.83901150527649,0.9978639483451843
Little_Giant,0720,557,491,48.00243410908314,-120.85998103433771,0.8002155423164368
Little_Giant,0720,456,536,48.02967954455595,-120.84183432649627,0.9977129697799683
Little_Giant,0720,533,591,48.00890827196777,-120.81965501691228,0.6354144811630249
Little_Giant,0720,491,553,48.02023805701587,-120.83497890353394,0.9972021579742432
Little_Giant,0720,489,551,48.02077757058959,-120.83578542388246,0.9966853857040405
Little_Giant,0720,511,585,48.01484292127868,-120.8220745779578,0.8920605182647705
Little_Giant,0720,562,539,48.00108532514884,-120.8406245459735,0.9418070316314697
Little_Giant,0720,513,555,48.01430340770496,-120.83417238318543,0.9975199699401855
Little_Giant,0720,502,482,48.01727073236041,-120.863610375906,0.9980307817459106
Little_Giant,0720,482,526,48.0226658680976,-120.8458669282388,0.9987773895263672
Little_Giant,0720,457,549,48.02940978776909,-120.83659194423096,0.9964829087257385
Little_Giant,0720,480,542,48.02320538167132,-120.83941476545074,0.9984199404716492
Little_Giant,0720,473,571,48.025093679179335,-120.82772022039737,0.7302740216255188
Little_Giant,0720,461,510,48.02833076062165,-120.85231909102689,0.9931212663650513
Little_Giant,0720,478,480,48.02374489524504,-120.86441689625451,0.9474394917488098
Little_Giant,0720,491,585,48.02023805701587,-120.8220745779578,0.6085086464881897
Little_Giant,0720,508,574,48.015652191639255,-120.8265104398746,0.9952037930488586
Little_Giant,0720,566,522,48.0000062980014,-120.84747996893583,0.7298267483711243
Little_Giant,0720,555,574,48.00297362265686,-120.8265104398746,0.6326970458030701
Little_Giant,0720,468,523,48.02644246311363,-120.84707670876158,0.9985925555229187
Little_Giant,0720,483,532,48.02239611131074,-120.84344736719329,0.998576283454895
Little_Giant,0720,456,497,48.02967954455595,-120.8575614732922,0.835270345211029
Little_Giant,0720,550,517,48.00432240659116,-120.8494962698071,0.9981400966644287
Little_Giant,0720,495,550,48.019159029868426,-120.83618868405671,0.9971674680709839
Little_Giant,0720,479,571,48.02347513845818,-120.82772022039737,0.9390624165534973
Little_Giant,0720,516,577,48.01349413734438,-120.82530065935184,0.9950811266899109
Little_Giant,0720,473,478,48.025093679179335,-120.86522341660302,0.5214890241622925
Little_Giant,0720,482,473,48.0226658680976,-120.86723971747429,0.6696828007698059
Little_Giant,0720,557,533,48.00243410908314,-120.84304410701903,0.9856906533241272
Little_Giant,0720,472,499,48.0253634359662,-120.85675495294367,0.9970241189002991
Little_Giant,0720,487,560,48.0213170841633,-120.83215608231416,0.9976887106895447
Little_Giant,0720,476,513,48.02428440881876,-120.85110931050411,0.9988139867782593
Little_Giant,0720,519,563,48.0126848669838,-120.8309463017914,0.9989802837371826
Little_Giant,0720,550,575,48.00432240659116,-120.82610717970034,0.9864946007728577
Little_Giant,0720,505,543,48.01646146199983,-120.83901150527649,0.9984796643257141
Little_Giant,0720,545,581,48.005671190525455,-120.82368761865482,0.9947733879089355
Little_Giant,0720,519,475,48.0126848669838,-120.86643319712579,0.9976440668106079
Little_Giant,0720,486,533,48.021586840950164,-120.84304410701903,0.9985408186912537
Little_Giant,0720,486,537,48.021586840950164,-120.84143106632202,0.9974486827850342
Little_Giant,0720,487,484,48.0213170841633,-120.8628038555575,0.9873450398445129
Little_Giant,0720,507,569,48.01592194842611,-120.82852674074587,0.9985507130622864
Little_Giant,0720,458,501,48.02914003098223,-120.85594843259517,0.968680202960968
Little_Giant,0720,566,530,48.0000062980014,-120.8442538875418,0.9026787877082825
Little_Giant,0720,536,571,48.00809900160719,-120.82772022039737,0.9979519844055176
Little_Giant,0720,480,476,48.02320538167132,-120.86602993695153,0.8871614933013916
Little_Giant,0720,520,541,48.01241511019694,-120.839818025625,0.9988305568695068
Little_Giant,0720,491,496,48.02023805701587,-120.85796473346645,0.9984406232833862
Little_Giant,0720,559,533,48.00189459550942,-120.84304410701903,0.8892478346824646
Little_Giant,0720,503,561,48.01700097557355,-120.8317528221399,0.9972737431526184
Little_Giant,0720,518,590,48.01295462377066,-120.82005827708653,0.6946267485618591
Little_Giant,0720,503,543,48.01700097557355,-120.83901150527649,0.9983314871788025
Little_Giant,0720,528,492,48.010257055902066,-120.85957777416345,0.9993777871131897
Little_Giant,0720,478,536,48.02374489524504,-120.84183432649627,0.9983799457550049
Little_Giant,0720,538,544,48.00755948803347,-120.83860824510224,0.9984723329544067
Little_Giant,0720,553,571,48.00351313623058,-120.82772022039737,0.8581393957138062
Little_Giant,0720,489,584,48.02077757058959,-120.82247783813206,0.607690691947937
Little_Giant,0720,542,478,48.00648046088603,-120.86522341660302,0.9892352223396301
Little_Giant,0720,530,487,48.009717542328346,-120.86159407503473,0.9992903470993042
Little_Giant,0720,486,497,48.021586840950164,-120.8575614732922,0.9986159801483154
Little_Giant,0720,554,553,48.00324337944372,-120.83497890353394,0.8864478468894958
Little_Giant,0720,476,563,48.02428440881876,-120.8309463017914,0.9882990717887878
Little_Giant,0720,524,537,48.0113360830495,-120.84143106632202,0.9993464350700378
Little_Giant,0720,466,500,48.02698197668735,-120.85635169276942,0.988908588886261
Little_Giant,0720,474,488,48.02482392239248,-120.86119081486048,0.9755755662918091
Little_Giant,0720,561,540,48.0013550819357,-120.84022128579925,0.9421581029891968
Little_Giant,0720,550,524,48.00432240659116,-120.84667344858732,0.9982456564903259
Little_Giant,0720,565,511,48.000276054788266,-120.85191583085263,0.7860255837440491
Little_Giant,0720,472,524,48.0253634359662,-120.84667344858732,0.998736560344696
Little_Giant,0720,484,506,48.022126354523884,-120.8539321317239,0.9988650679588318
Little_Giant,0720,484,532,48.022126354523884,-120.84344736719329,0.9985056519508362
Little_Giant,0720,477,562,48.024014652031894,-120.83134956196565,0.9917405247688293
Little_Giant,0720,490,492,48.02050781380272,-120.85957777416345,0.9980546236038208
Little_Giant,0720,549,492,48.004592163378014,-120.85957777416345,0.9978737831115723
Little_Giant,0720,460,526,48.028600517408506,-120.8458669282388,0.9971587061882019
Little_Giant,0720,561,527,48.0013550819357,-120.84546366806455,0.9492170214653015
Little_Giant,0720,548,507,48.00486192016488,-120.85352887154964,0.9982315897941589
Little_Giant,0720,463,506,48.02779124704793,-120.8539321317239,0.988884687423706
Little_Giant,0720,503,584,48.01700097557355,-120.82247783813206,0.8483636379241943
Little_Giant,0720,477,487,48.024014652031894,-120.86159407503473,0.9865447282791138
Little_Giant,0720,500,576,48.01781024593413,-120.82570391952609,0.9806970357894897
Little_Giant,0720,514,574,48.014033650918094,-120.8265104398746,0.9968329071998596
Little_Giant,0720,454,561,48.03021905812967,-120.8317528221399,0.5153276324272156
Little_Giant,0720,557,510,48.00243410908314,-120.85231909102689,0.987403392791748
Little_Giant,0720,470,570,48.02590294953991,-120.82812348057162,0.6404582262039185
Little_Giant,0720,555,522,48.00297362265686,-120.84747996893583,0.9969866275787354
Little_Giant,0720,510,459,48.015112678065535,-120.87288535991385,0.8558918833732605
Little_Giant,0720,469,514,48.026172706326776,-120.85070605032986,0.9986262917518616
Little_Giant,0720,465,545,48.02725173347421,-120.83820498492798,0.9978333115577698
Little_Giant,0720,502,485,48.01727073236041,-120.86240059538324,0.9980809092521667
Little_Giant,0720,548,524,48.00486192016488,-120.84667344858732,0.9983632564544678
Little_Giant,0720,554,528,48.00324337944372,-120.8450604078903,0.9964298605918884
Little_Giant,0720,528,551,48.010257055902066,-120.83578542388246,0.9982813596725464
Little_Giant,0720,562,533,48.00108532514884,-120.84304410701903,0.9599647521972656
Little_Giant,0720,552,564,48.00378289301744,-120.83054304161715,0.9841108322143555
Little_Giant,0720,530,561,48.009717542328346,-120.8317528221399,0.9988765120506287
Little_Giant,0720,539,519,48.00728973124661,-120.84868974945859,0.9991270303726196
Little_Giant,0720,555,548,48.00297362265686,-120.83699520440521,0.948081374168396
Little_Giant,0720,548,502,48.00486192016488,-120.85554517242092,0.9981873035430908
Little_Giant,0720,528,586,48.010257055902066,-120.82167131778355,0.8825382590293884
Little_Giant,0720,555,519,48.00297362265686,-120.84868974945859,0.9974933862686157
Little_Giant,0720,478,489,48.02374489524504,-120.86078755468623,0.995392918586731
Little_Giant,0720,566,505,48.0000062980014,-120.85433539189815,0.5378016829490662
Little_Giant,0720,556,525,48.00270386587,-120.84627018841307,0.9949193000793457
Little_Giant,0720,474,553,48.02482392239248,-120.83497890353394,0.9974812269210815
Little_Giant,0720,549,520,48.004592163378014,-120.84828648928433,0.9982200860977173
Little_Giant,0720,552,552,48.00378289301744,-120.8353821637082,0.9853742122650146
Little_Giant,0720,500,465,48.01781024593413,-120.87046579886832,0.8781827092170715
Little_Giant,0720,467,488,48.026712219900496,-120.86119081486048,0.8384737372398376
Little_Giant,0720,504,456,48.016731218786695,-120.87409514043662,0.8654208183288574
Little_Giant,0720,524,545,48.0113360830495,-120.83820498492798,0.9985145330429077
Little_Giant,0720,475,518,48.024554165605615,-120.84909300963285,0.9988259673118591
Little_Giant,0720,462,527,48.02806100383479,-120.84546366806455,0.9981405735015869
Little_Giant,0720,464,559,48.02752149026107,-120.83255934248842,0.9715588092803955
Little_Giant,0720,463,523,48.02779124704793,-120.84707670876158,0.9981505870819092
Little_Giant,0720,527,538,48.01052681268892,-120.84102780614776,0.9991179704666138
Little_Giant,0720,551,535,48.004052649804294,-120.84223758667052,0.997369110584259
Little_Giant,0720,506,561,48.016191705212975,-120.8317528221399,0.997811496257782
Little_Giant,0720,466,527,48.02698197668735,-120.84546366806455,0.998488187789917
Little_Giant,0720,530,566,48.009717542328346,-120.82973652126864,0.9988946914672852
Little_Giant,0720,540,508,48.00701997445975,-120.85312561137539,0.9984897971153259
Little_Giant,0720,480,571,48.02320538167132,-120.82772022039737,0.945597231388092
Little_Giant,0720,539,479,48.00728973124661,-120.86482015642876,0.994421660900116
Little_Giant,0720,510,461,48.015112678065535,-120.87207883956535,0.9016148447990417
Little_Giant,0720,524,561,48.0113360830495,-120.8317528221399,0.9987499117851257
Little_Giant,0720,537,493,48.00782924482033,-120.8591745139892,0.9985296130180359
Little_Giant,0720,463,522,48.02779124704793,-120.84747996893583,0.9980952143669128
Little_Giant,0720,546,546,48.0054014337386,-120.83780172475372,0.9925561547279358
Little_Giant,0720,552,541,48.00378289301744,-120.839818025625,0.9939405918121338
Little_Giant,0720,491,570,48.02023805701587,-120.82812348057162,0.9915417432785034
Little_Giant,0720,515,577,48.01376389413124,-120.82530065935184,0.9945335984230042
Little_Giant,0720,527,547,48.01052681268892,-120.83739846457946,0.9983433485031128
Little_Giant,0720,520,546,48.01241511019694,-120.83780172475372,0.9982377290725708
Little_Giant,0720,545,503,48.005671190525455,-120.85514191224667,0.9982352256774902
Little_Giant,0720,467,487,48.026712219900496,-120.86159407503473,0.8321373462677002
Little_Giant,0720,566,531,48.0000062980014,-120.84385062736754,0.9117083549499512
Little_Giant,0720,500,577,48.01781024593413,-120.82530065935184,0.9711194634437561
Little_Giant,0720,500,477,48.01781024593413,-120.86562667677728,0.9929347038269043
Little_Giant,0720,523,581,48.01160583983636,-120.82368761865482,0.989416241645813
Little_Giant,0720,455,511,48.0299493013428,-120.85191583085263,0.9888927936553955
Little_Giant,0720,501,568,48.01754048914727,-120.82893000092012,0.9970640540122986
Little_Giant,0720,545,542,48.005671190525455,-120.83941476545074,0.9979124665260315
Little_Giant,0720,532,553,48.009178028754626,-120.83497890353394,0.9983236789703369
Little_Giant,0720,483,577,48.02239611131074,-120.82530065935184,0.6391011476516724
Little_Giant,0720,552,535,48.00378289301744,-120.84223758667052,0.9972804188728333
Little_Giant,0720,510,455,48.015112678065535,-120.87449840061088,0.843029260635376
Little_Giant,0720,541,477,48.006750217672895,-120.86562667677728,0.9869880676269531
Little_Giant,0720,505,581,48.01646146199983,-120.82368761865482,0.9443674683570862
Little_Giant,0720,533,473,48.00890827196777,-120.86723971747429,0.9870970845222473
Little_Giant,0720,516,545,48.01349413734438,-120.83820498492798,0.99805748462677
Little_Giant,0720,510,586,48.015112678065535,-120.82167131778355,0.8654446005821228
Little_Giant,0720,481,555,48.02293562488446,-120.83417238318543,0.9976490139961243
Little_Giant,0720,498,460,48.01834975950785,-120.8724820997396,0.530766487121582
Little_Giant,0720,537,535,48.00782924482033,-120.84223758667052,0.9989010691642761
Little_Giant,0720,475,558,48.024554165605615,-120.83296260266268,0.9968954920768738
Little_Giant,0720,529,554,48.0099872991152,-120.83457564335968,0.998218297958374
Little_Giant,0720,552,528,48.00378289301744,-120.8450604078903,0.9982703328132629
Little_Giant,0720,520,580,48.01241511019694,-120.82409087882908,0.9903729557991028
Little_Giant,0720,510,564,48.015112678065535,-120.83054304161715,0.9985665082931519
Little_Giant,0720,558,500,48.00216435229628,-120.85635169276942,0.9793553948402405
Little_Giant,0720,542,493,48.00648046088603,-120.8591745139892,0.9981988072395325
Little_Giant,0720,451,545,48.031028328490244,-120.83820498492798,0.9960651397705078
Little_Giant,0720,458,558,48.02914003098223,-120.83296260266268,0.9432403445243835
Little_Giant,0720,528,504,48.010257055902066,-120.85473865207241,0.9992915987968445
Little_Giant,0720,516,582,48.01349413734438,-120.82328435848056,0.9833258390426636
Little_Giant,0720,480,480,48.02320538167132,-120.86441689625451,0.9461123943328857
Little_Giant,0720,512,558,48.014573164491814,-120.83296260266268,0.9986012578010559
Little_Giant,0720,510,463,48.015112678065535,-120.87127231921684,0.8896241784095764
Little_Giant,0720,535,502,48.00836875839405,-120.85554517242092,0.9985294938087463
Little_Giant,0720,486,485,48.021586840950164,-120.86240059538324,0.9921481013298035
Little_Giant,0720,491,491,48.02023805701587,-120.85998103433771,0.9977377653121948
Little_Giant,0720,552,497,48.00378289301744,-120.8575614732922,0.994415283203125
Little_Giant,0720,564,509,48.00054581157512,-120.85272235120114,0.7161818742752075
Little_Giant,0720,561,539,48.0013550819357,-120.8406245459735,0.9614495635032654
Little_Giant,0720,537,568,48.00782924482033,-120.82893000092012,0.9980647563934326
Little_Giant,0720,503,469,48.01700097557355,-120.86885275817131,0.9780217409133911
Little_Giant,0720,540,541,48.00701997445975,-120.839818025625,0.9986668825149536
Little_Giant,0720,499,467,48.01808000272099,-120.86965927851982,0.7155342698097229
Little_Giant,0720,558,510,48.00216435229628,-120.85231909102689,0.9687865376472473
Little_Giant,0720,539,486,48.00728973124661,-120.86199733520898,0.9982788562774658
Little_Giant,0720,515,544,48.01376389413124,-120.83860824510224,0.9976792931556702
Little_Giant,0720,465,537,48.02725173347421,-120.84143106632202,0.998054563999176
Little_Giant,0720,473,489,48.025093679179335,-120.86078755468623,0.9774873852729797
Little_Giant,0720,489,543,48.02077757058959,-120.83901150527649,0.9951921701431274
Little_Giant,0720,489,534,48.02077757058959,-120.84264084684477,0.9985539317131042
Little_Giant,0720,506,577,48.016191705212975,-120.82530065935184,0.9855197072029114
Little_Giant,0720,553,529,48.00351313623058,-120.84465714771605,0.9964532256126404
Little_Giant,0720,505,489,48.01646146199983,-120.86078755468623,0.9987737536430359
Little_Giant,0720,541,560,48.006750217672895,-120.83215608231416,0.9976149797439575
Little_Giant,0720,493,497,48.019698543442146,-120.8575614732922,0.9986208081245422
Little_Giant,0720,457,511,48.02940978776909,-120.85191583085263,0.9916132092475891
Little_Giant,0720,537,545,48.00782924482033,-120.83820498492798,0.998440682888031
Little_Giant,0720,521,544,48.012145353410084,-120.83860824510224,0.9986559748649597
Little_Giant,0720,507,478,48.01592194842611,-120.86522341660302,0.9982050061225891
Little_Giant,0720,478,533,48.02374489524504,-120.84304410701903,0.9985305070877075
Little_Giant,0720,519,469,48.0126848669838,-120.86885275817131,0.9710689783096313
Little_Giant,0720,510,466,48.015112678065535,-120.87006253869407,0.9656021595001221
Little_Giant,0720,500,564,48.01781024593413,-120.83054304161715,0.9969155192375183
Little_Giant,0720,484,568,48.022126354523884,-120.82893000092012,0.9890574812889099
Little_Giant,0720,483,549,48.02239611131074,-120.83659194423096,0.998536229133606
Little_Giant,0720,519,553,48.0126848669838,-120.83497890353394,0.9977512955665588
Little_Giant,0720,476,538,48.02428440881876,-120.84102780614776,0.9983751177787781
Little_Giant,0720,475,515,48.024554165605615,-120.85030279015561,0.9988018870353699
Little_Giant,0720,506,583,48.016191705212975,-120.82288109830631,0.918305516242981
Little_Giant,0720,559,519,48.00189459550942,-120.84868974945859,0.872387707233429
Little_Giant,0720,505,575,48.01646146199983,-120.82610717970034,0.9903780221939087
Little_Giant,0720,475,546,48.024554165605615,-120.83780172475372,0.9981850981712341
Little_Giant,0720,503,471,48.01700097557355,-120.8680462378228,0.9780935645103455
Little_Giant,0720,488,536,48.02104732737644,-120.84183432649627,0.9982119202613831
Little_Giant,0720,540,550,48.00701997445975,-120.83618868405671,0.9973759055137634
Little_Giant,0720,484,507,48.022126354523884,-120.85352887154964,0.9988409280776978
Little_Giant,0720,462,515,48.02806100383479,-120.85030279015561,0.9968181848526001
Little_Giant,0720,487,502,48.0213170841633,-120.85554517242092,0.9987862706184387
Little_Giant,0720,454,540,48.03021905812967,-120.84022128579925,0.9981309771537781
Little_Giant,0720,534,474,48.008638515180905,-120.86683645730004,0.9931133985519409
Little_Giant,0720,503,461,48.01700097557355,-120.87207883956535,0.9442326426506042
Little_Giant,0720,457,504,48.02940978776909,-120.85473865207241,0.9757739305496216
Little_Giant,0720,460,507,48.028600517408506,-120.85352887154964,0.982590913772583
Little_Giant,0720,545,552,48.005671190525455,-120.8353821637082,0.9958741068840027
Little_Giant,0720,484,541,48.022126354523884,-120.839818025625,0.997300386428833
Little_Giant,0720,548,578,48.00486192016488,-120.82489739917759,0.9909549951553345
Little_Giant,0720,476,558,48.02428440881876,-120.83296260266268,0.9971223473548889
Little_Giant,0720,455,536,48.0299493013428,-120.84183432649627,0.9976910352706909
Little_Giant,0720,538,480,48.00755948803347,-120.86441689625451,0.996505856513977
Little_Giant,0720,536,483,48.00809900160719,-120.86320711573175,0.9980770945549011
Little_Giant,0720,545,483,48.005671190525455,-120.86320711573175,0.9942232966423035
Little_Giant,0720,515,567,48.01376389413124,-120.82933326109438,0.9989766478538513
Little_Giant,0720,527,591,48.01052681268892,-120.81965501691228,0.5026963949203491
Little_Giant,0720,487,566,48.0213170841633,-120.82973652126864,0.9952922463417053
Little_Giant,0720,532,534,48.009178028754626,-120.84264084684477,0.999334454536438
Little_Giant,0720,455,521,48.0299493013428,-120.84788322911008,0.9955751895904541
Little_Giant,0720,452,539,48.03075857170339,-120.8406245459735,0.9980564713478088
Little_Giant,0720,448,506,48.03183759885082,-120.8539321317239,0.7190635800361633
Little_Giant,0720,457,514,48.02940978776909,-120.85070605032986,0.9943482279777527
Little_Giant,0720,442,532,48.03345613957198,-120.84344736719329,0.9971279501914978
Little_Giant,0720,560,497,48.00162483872256,-120.8575614732922,0.7211580276489258
Little_Giant,0720,504,554,48.016731218786695,-120.83457564335968,0.9972048997879028
Little_Giant,0720,540,539,48.00701997445975,-120.8406245459735,0.9987877011299133
Little_Giant,0720,533,499,48.00890827196777,-120.85675495294367,0.9990006685256958
Little_Giant,0720,525,575,48.01106632626264,-120.82610717970034,0.997331976890564
Little_Giant,0720,521,473,48.012145353410084,-120.86723971747429,0.9904358386993408
Little_Giant,0720,488,479,48.02104732737644,-120.86482015642876,0.9481241703033447
Little_Giant,0720,562,519,48.00108532514884,-120.84868974945859,0.8986799716949463
Little_Giant,0720,549,563,48.004592163378014,-120.8309463017914,0.9917488098144531
Little_Giant,0720,566,506,48.0000062980014,-120.8539321317239,0.5336140990257263
Little_Giant,0720,534,583,48.008638515180905,-120.82288109830631,0.976394772529602
Little_Giant,0720,521,476,48.012145353410084,-120.86602993695153,0.9979226589202881
Little_Giant,0720,547,528,48.005131676951734,-120.8450604078903,0.9986967444419861
Little_Giant,0720,484,503,48.022126354523884,-120.85514191224667,0.9989277124404907
Little_Giant,0720,553,498,48.00351313623058,-120.85715821311793,0.9895449876785278
Little_Giant,0720,547,476,48.005131676951734,-120.86602993695153,0.9318814277648926
Little_Giant,0720,461,518,48.02833076062165,-120.84909300963285,0.9969593286514282
Little_Giant,0720,522,547,48.01187559662322,-120.83739846457946,0.99779212474823
Little_Giant,0720,468,510,48.02644246311363,-120.85231909102689,0.9986006617546082
Little_Giant,0720,534,488,48.008638515180905,-120.86119081486048,0.9985697865486145
Little_Giant,0720,480,494,48.02320538167132,-120.85877125381495,0.9983373880386353
Little_Giant,0720,493,463,48.019698543442146,-120.87127231921684,0.6833962202072144
Little_Giant,0720,547,581,48.005131676951734,-120.82368761865482,0.9932997822761536
Little_Giant,0720,529,552,48.0099872991152,-120.8353821637082,0.9983853697776794
Little_Giant,0720,450,554,48.0312980852771,-120.83457564335968,0.9498851895332336
Little_Giant,0720,497,540,48.018619516294706,-120.84022128579925,0.9987196922302246
Little_Giant,0720,545,518,48.005671190525455,-120.84909300963285,0.9981464743614197
Little_Giant,0720,461,551,48.02833076062165,-120.83578542388246,0.9967480301856995
Little_Giant,0720,551,518,48.004052649804294,-120.84909300963285,0.9982144832611084
Little_Giant,0720,476,524,48.02428440881876,-120.84667344858732,0.998668909072876
Little_Giant,0720,544,525,48.00594094731231,-120.84627018841307,0.9984685182571411
Little_Giant,0720,553,531,48.00351313623058,-120.84385062736754,0.9972375631332397
Little_Giant,0720,462,517,48.02806100383479,-120.8494962698071,0.9974246025085449
Little_Giant,0720,488,559,48.02104732737644,-120.83255934248842,0.9976856112480164
Little_Giant,0720,496,490,48.01888927308157,-120.86038429451197,0.998074471950531
Little_Giant,0720,505,463,48.01646146199983,-120.87127231921684,0.9537423253059387
Little_Giant,0720,439,532,48.03426540993256,-120.84344736719329,0.9967530965805054
Little_Giant,0720,511,456,48.01484292127868,-120.87409514043662,0.8774230480194092
Little_Giant,0720,563,532,48.000815568361986,-120.84344736719329,0.942930281162262
Little_Giant,0720,497,482,48.018619516294706,-120.863610375906,0.9960196614265442
Little_Giant,0720,537,563,48.00782924482033,-120.8309463017914,0.9984980821609497
Little_Giant,0720,483,511,48.02239611131074,-120.85191583085263,0.9989449977874756
Little_Giant,0720,508,569,48.015652191639255,-120.82852674074587,0.9986538290977478
Little_Giant,0720,539,475,48.00728973124661,-120.86643319712579,0.9806930422782898
Little_Giant,0720,452,500,48.03075857170339,-120.85635169276942,0.7322483062744141
Little_Giant,0720,462,511,48.02806100383479,-120.85191583085263,0.9955311417579651
Little_Giant,0720,492,493,48.019968300229,-120.8591745139892,0.9981924295425415
Little_Giant,0720,458,559,48.02914003098223,-120.83255934248842,0.8969966769218445
Little_Giant,0720,519,476,48.0126848669838,-120.86602993695153,0.9979591369628906
Little_Giant,0720,492,575,48.019968300229,-120.82610717970034,0.9623986482620239
Little_Giant,0720,466,553,48.02698197668735,-120.83497890353394,0.9967479705810547
Little_Giant,0720,543,533,48.006210704099175,-120.84304410701903,0.9988559484481812
Little_Giant,0720,516,467,48.01349413734438,-120.86965927851982,0.9638658165931702
Little_Giant,0720,527,531,48.01052681268892,-120.84385062736754,0.999510645866394
Little_Giant,0720,561,535,48.0013550819357,-120.84223758667052,0.9737513065338135
Little_Giant,0720,490,482,48.02050781380272,-120.863610375906,0.9747748970985413
Little_Giant,0720,457,528,48.02940978776909,-120.8450604078903,0.9972299933433533
Little_Giant,0720,539,534,48.00728973124661,-120.84264084684477,0.9988241195678711
Little_Giant,0720,524,548,48.0113360830495,-120.83699520440521,0.9980202913284302
Little_Giant,0720,519,576,48.0126848669838,-120.82570391952609,0.9954679608345032
Little_Giant,0720,559,508,48.00189459550942,-120.85312561137539,0.9184992909431458
Little_Giant,0720,479,511,48.02347513845818,-120.85191583085263,0.9989218711853027
Little_Giant,0720,536,496,48.00809900160719,-120.85796473346645,0.9988370537757874
Little_Giant,0720,517,463,48.01322438055752,-120.87127231921684,0.6176243424415588
Little_Giant,0720,557,535,48.00243410908314,-120.84223758667052,0.9901612401008606
Little_Giant,0720,484,477,48.022126354523884,-120.86562667677728,0.913092851638794
Little_Giant,0720,538,532,48.00755948803347,-120.84344736719329,0.9990067481994629
Little_Giant,0720,489,468,48.02077757058959,-120.86925601834557,0.6261609196662903
Little_Giant,0720,481,481,48.02293562488446,-120.86401363608026,0.9524983167648315
Little_Giant,0720,477,506,48.024014652031894,-120.8539321317239,0.9986264705657959
Little_Giant,0720,456,552,48.02967954455595,-120.8353821637082,0.9888280630111694
Little_Giant,0720,563,533,48.000815568361986,-120.84304410701903,0.9411448240280151
Little_Giant,0720,458,562,48.02914003098223,-120.83134956196565,0.6620076298713684
Little_Giant,0720,485,541,48.02185659773702,-120.839818025625,0.9962694644927979
Little_Giant,0720,492,577,48.019968300229,-120.82530065935184,0.9190160632133484
Little_Giant,0720,495,536,48.019159029868426,-120.84183432649627,0.9987066388130188
Little_Giant,0720,534,580,48.008638515180905,-120.82409087882908,0.9892922043800354
Little_Giant,0720,473,497,48.025093679179335,-120.8575614732922,0.9961541891098022
Little_Giant,0720,547,559,48.005131676951734,-120.83255934248842,0.995371401309967
Little_Giant,0720,442,529,48.03345613957198,-120.84465714771605,0.9954702258110046
Little_Giant,0720,535,528,48.00836875839405,-120.8450604078903,0.9992795586585999
Little_Giant,0720,439,523,48.03426540993256,-120.84707670876158,0.9723244309425354
Little_Giant,0720,534,504,48.008638515180905,-120.85473865207241,0.9987761974334717
Little_Giant,0720,548,569,48.00486192016488,-120.82852674074587,0.9916538000106812
Little_Giant,0720,539,566,48.00728973124661,-120.82973652126864,0.997620701789856
Little_Giant,0720,447,512,48.032107355637685,-120.85151257067837,0.9423395991325378
Little_Giant,0720,495,483,48.019159029868426,-120.86320711573175,0.9945143461227417
Little_Giant,0720,446,514,48.03237711242454,-120.85070605032986,0.9677730798721313
Little_Giant,0720,555,511,48.00297362265686,-120.85191583085263,0.9935320615768433
Little_Giant,0720,474,486,48.02482392239248,-120.86199733520898,0.9623376727104187
Little_Giant,0720,505,464,48.01646146199983,-120.87086905904258,0.9647772908210754
Little_Giant,0720,488,470,48.02104732737644,-120.86844949799706,0.7437446713447571
Little_Giant,0720,505,571,48.01646146199983,-120.82772022039737,0.9963553547859192
Little_Giant,0720,491,490,48.02023805701587,-120.86038429451197,0.9974485635757446
Little_Giant,0720,467,557,48.026712219900496,-120.83336586283693,0.991339921951294
Little_Giant,0720,484,581,48.022126354523884,-120.82368761865482,0.5470596551895142
Little_Giant,0720,543,582,48.006210704099175,-120.82328435848056,0.9944359064102173
Little_Giant,0720,548,504,48.00486192016488,-120.85473865207241,0.998247504234314
Little_Giant,0720,549,539,48.004592163378014,-120.8406245459735,0.997644305229187
Little_Giant,0720,550,482,48.00432240659116,-120.863610375906,0.9859764575958252
Little_Giant,0720,472,522,48.0253634359662,-120.84747996893583,0.9988084435462952
Little_Giant,0720,545,471,48.005671190525455,-120.8680462378228,0.8034087419509888
Little_Giant,0720,476,494,48.02428440881876,-120.85877125381495,0.9979295134544373
Little_Giant,0720,502,475,48.01727073236041,-120.86643319712579,0.9939438104629517
Little_Giant,0720,500,485,48.01781024593413,-120.86240059538324,0.9980689287185669
Little_Giant,0720,555,489,48.00297362265686,-120.86078755468623,0.8669217228889465
Little_Giant,0720,567,531,47.999736541214546,-120.84385062736754,0.723548948764801
Little_Giant,0720,505,455,48.01646146199983,-120.87449840061088,0.7969287633895874
Little_Giant,0720,492,490,48.019968300229,-120.86038429451197,0.9978259801864624
Little_Giant,0720,484,534,48.022126354523884,-120.84264084684477,0.9984012246131897
Little_Giant,0720,467,511,48.026712219900496,-120.85191583085263,0.9983513355255127
Little_Giant,0720,508,580,48.015652191639255,-120.82409087882908,0.9806017279624939
Little_Giant,0720,551,577,48.004052649804294,-120.82530065935184,0.9590007662773132
Little_Giant,0720,500,563,48.01781024593413,-120.8309463017914,0.996931254863739
Little_Giant,0720,501,486,48.01754048914727,-120.86199733520898,0.9980780482292175
Little_Giant,0720,472,559,48.0253634359662,-120.83255934248842,0.9927288889884949
Little_Giant,0720,453,512,48.030488814916524,-120.85151257067837,0.9816732406616211
Little_Giant,0720,530,568,48.009717542328346,-120.82893000092012,0.9988211989402771
Little_Giant,0720,495,469,48.019159029868426,-120.86885275817131,0.6600341796875
Little_Giant,0720,546,511,48.0054014337386,-120.85191583085263,0.998109757900238
Little_Giant,0720,472,541,48.0253634359662,-120.839818025625,0.9984132647514343
Little_Giant,0720,524,550,48.0113360830495,-120.83618868405671,0.9982432723045349
Little_Giant,0720,482,479,48.0226658680976,-120.86482015642876,0.9023348689079285
Little_Giant,0720,511,564,48.01484292127868,-120.83054304161715,0.9986845254898071
Little_Giant,0720,549,511,48.004592163378014,-120.85191583085263,0.9982544779777527
Little_Giant,0720,474,532,48.02482392239248,-120.84344736719329,0.9986144304275513
Little_Giant,0720,443,511,48.03318638278512,-120.85191583085263,0.6624577045440674
Little_Giant,0720,545,495,48.005671190525455,-120.8583679936407,0.9982879757881165
Little_Giant,0720,506,555,48.016191705212975,-120.83417238318543,0.9975961446762085
Little_Giant,0720,547,549,48.005131676951734,-120.83659194423096,0.9950296878814697
Little_Giant,0720,458,517,48.02914003098223,-120.8494962698071,0.9944338798522949
Little_Giant,0720,555,553,48.00297362265686,-120.83497890353394,0.7444998025894165
Little_Giant,0720,536,554,48.00809900160719,-120.83457564335968,0.9984257221221924
Little_Giant,0720,517,469,48.01322438055752,-120.86885275817131,0.9871390461921692
Little_Giant,0720,543,481,48.006210704099175,-120.86401363608026,0.9917718172073364
Little_Giant,0720,545,563,48.005671190525455,-120.8309463017914,0.9971156716346741
Little_Giant,0720,469,498,48.026172706326776,-120.85715821311793,0.9940767884254456
Little_Giant,0720,463,494,48.02779124704793,-120.85877125381495,0.9113998413085938
Little_Giant,0720,476,481,48.02428440881876,-120.86401363608026,0.8801155090332031
Little_Giant,0720,461,504,48.02833076062165,-120.85473865207241,0.9792173504829407
Little_Giant,0720,517,591,48.01322438055752,-120.81965501691228,0.6374394297599792
Little_Giant,0720,529,577,48.0099872991152,-120.82530065935184,0.9961870312690735
Little_Giant,0720,530,582,48.009717542328346,-120.82328435848056,0.9847913384437561
Little_Giant,0720,538,534,48.00755948803347,-120.84264084684477,0.9988557696342468
Little_Giant,0720,472,484,48.0253634359662,-120.8628038555575,0.9327629804611206
Little_Giant,0720,519,551,48.0126848669838,-120.83578542388246,0.9976084232330322
Little_Giant,0720,567,523,47.999736541214546,-120.84707670876158,0.5034292936325073
Little_Giant,0720,559,524,48.00189459550942,-120.84667344858732,0.8647941946983337
Little_Giant,0720,543,516,48.006210704099175,-120.84989952998136,0.9982737898826599
Little_Giant,0720,551,533,48.004052649804294,-120.84304410701903,0.9981314539909363
Little_Giant,0720,491,581,48.02023805701587,-120.82368761865482,0.750597357749939
Little_Giant,0720,563,529,48.000815568361986,-120.84465714771605,0.9417077898979187
Little_Giant,0720,556,540,48.00270386587,-120.84022128579925,0.9882047176361084
Little_Giant,0720,543,571,48.006210704099175,-120.82772022039737,0.9958546757698059
Little_Giant,0720,484,510,48.022126354523884,-120.85231909102689,0.9989158511161804
Little_Giant,0720,473,551,48.025093679179335,-120.83578542388246,0.9977673888206482
Little_Giant,0720,443,518,48.03318638278512,-120.84909300963285,0.9585639238357544
Little_Giant,0720,529,562,48.0099872991152,-120.83134956196565,0.9989207983016968
Little_Giant,0720,533,550,48.00890827196777,-120.83618868405671,0.9982474446296692
Little_Giant,0720,455,544,48.0299493013428,-120.83860824510224,0.9974185824394226
Little_Giant,0720,537,564,48.00782924482033,-120.83054304161715,0.9984670281410217
Little_Giant,0720,542,500,48.00648046088603,-120.85635169276942,0.9983269572257996
Little_Giant,0720,467,558,48.026712219900496,-120.83296260266268,0.9875099062919617
Little_Giant,0720,537,550,48.00782924482033,-120.83618868405671,0.9983624815940857
Little_Giant,0720,484,549,48.022126354523884,-120.83659194423096,0.9984588623046875
Little_Giant,0720,553,573,48.00351313623058,-120.82691370004886,0.9001520872116089
Little_Giant,0720,545,509,48.005671190525455,-120.85272235120114,0.998166024684906
Little_Giant,0720,515,571,48.01376389413124,-120.82772022039737,0.9984250068664551
Little_Giant,0720,477,538,48.024014652031894,-120.84102780614776,0.9983767867088318
Little_Giant,0720,506,477,48.016191705212975,-120.86562667677728,0.998054563999176
Little_Giant,0720,466,545,48.02698197668735,-120.83820498492798,0.9977994561195374
Little_Giant,0720,474,534,48.02482392239248,-120.84264084684477,0.998537540435791
Little_Giant,0720,492,497,48.019968300229,-120.8575614732922,0.998522937297821
Little_Giant,0720,530,537,48.009717542328346,-120.84143106632202,0.9991493821144104
Little_Giant,0720,486,488,48.021586840950164,-120.86119081486048,0.9951841831207275
Little_Giant,0720,464,501,48.02752149026107,-120.85594843259517,0.9854053258895874
Little_Giant,0720,550,483,48.00432240659116,-120.86320711573175,0.9891307353973389
Little_Giant,0720,542,531,48.00648046088603,-120.84385062736754,0.9990295171737671
Little_Giant,0720,554,552,48.00324337944372,-120.8353821637082,0.9353604316711426
Little_Giant,0720,564,538,48.00054581157512,-120.84102780614776,0.9522927403450012
Little_Giant,0720,507,459,48.01592194842611,-120.87288535991385,0.904511034488678
Little_Giant,0720,551,500,48.004052649804294,-120.85635169276942,0.9955416321754456
Little_Giant,0720,507,562,48.01592194842611,-120.83134956196565,0.9979208111763
Little_Giant,0720,536,544,48.00809900160719,-120.83860824510224,0.9983590245246887
Little_Giant,0720,513,572,48.01430340770496,-120.82731696022311,0.9979299902915955
Little_Giant,0720,523,575,48.01160583983636,-120.82610717970034,0.997101902961731
Little_Giant,0720,443,516,48.03318638278512,-120.84989952998136,0.9384216666221619
Little_Giant,0720,462,530,48.02806100383479,-120.8442538875418,0.9979835748672485
Little_Giant,0720,549,530,48.004592163378014,-120.8442538875418,0.9984634518623352
Little_Giant,0720,467,559,48.026712219900496,-120.83255934248842,0.9812850952148438
Little_Giant,0720,487,525,48.0213170841633,-120.84627018841307,0.9987185001373291
Little_Giant,0720,452,542,48.03075857170339,-120.83941476545074,0.9977607131004333
Little_Giant,0720,542,532,48.00648046088603,-120.84344736719329,0.9990183711051941
Little_Giant,0720,504,565,48.016731218786695,-120.8301397814429,0.9971209764480591
Little_Giant,0720,551,550,48.004052649804294,-120.83618868405671,0.9871395826339722
Little_Giant,0720,541,492,48.006750217672895,-120.85957777416345,0.9982291460037231
Little_Giant,0720,551,555,48.004052649804294,-120.83417238318543,0.9875516295433044
Little_Giant,0720,498,480,48.01834975950785,-120.86441689625451,0.9941844940185547
Little_Giant,0720,551,483,48.004052649804294,-120.86320711573175,0.97278892993927
Little_Giant,0720,543,578,48.006210704099175,-120.82489739917759,0.9952055811882019
Little_Giant,0720,505,453,48.01646146199983,-120.87530492095938,0.641650915145874
Little_Giant,0720,452,550,48.03075857170339,-120.83618868405671,0.9913300275802612
Little_Giant,0720,459,558,48.02887027419537,-120.83296260266268,0.9541921615600586
Little_Giant,0720,473,506,48.025093679179335,-120.8539321317239,0.9985507726669312
Little_Giant,0720,504,564,48.016731218786695,-120.83054304161715,0.9968154430389404
Little_Giant,0720,477,485,48.024014652031894,-120.86240059538324,0.9807364344596863
Little_Giant,0720,562,508,48.00108532514884,-120.85312561137539,0.7753090858459473
Little_Giant,0720,509,576,48.0153824348524,-120.82570391952609,0.9943517446517944
Little_Giant,0720,530,557,48.009717542328346,-120.83336586283693,0.9985391497612
Little_Giant,0720,503,551,48.01700097557355,-120.83578542388246,0.9960399866104126
Little_Giant,0720,494,553,48.01942878665529,-120.83497890353394,0.9974573850631714
Little_Giant,0720,458,527,48.02914003098223,-120.84546366806455,0.996883749961853
Little_Giant,0720,538,509,48.00755948803347,-120.85272235120114,0.9986132979393005
Little_Giant,0720,488,560,48.02104732737644,-120.83215608231416,0.9976856708526611
Little_Giant,0720,519,591,48.0126848669838,-120.81965501691228,0.587409257888794
Little_Giant,0720,443,546,48.03318638278512,-120.83780172475372,0.9893919825553894
Little_Giant,0720,487,537,48.0213170841633,-120.84143106632202,0.9978998303413391
Little_Giant,0720,565,529,48.000276054788266,-120.84465714771605,0.940680205821991
Little_Giant,0720,512,472,48.014573164491814,-120.86764297764854,0.992434024810791
Little_Giant,0720,528,587,48.010257055902066,-120.8212680576093,0.858740508556366
Little_Giant,0720,540,491,48.00701997445975,-120.85998103433771,0.9982967376708984
Little_Giant,0720,547,577,48.005131676951734,-120.82530065935184,0.994517982006073
Little_Giant,0720,528,535,48.010257055902066,-120.84223758667052,0.9994736909866333
Little_Giant,0720,542,540,48.00648046088603,-120.84022128579925,0.9987632036209106
Little_Giant,0720,541,568,48.006750217672895,-120.82893000092012,0.9974077939987183
Little_Giant,0720,535,540,48.00836875839405,-120.84022128579925,0.9985296726226807
Little_Giant,0720,451,506,48.031028328490244,-120.8539321317239,0.9199560880661011
Little_Giant,0720,492,546,48.019968300229,-120.83780172475372,0.9956151247024536
Little_Giant,0720,450,526,48.0312980852771,-120.8458669282388,0.9947858452796936
Little_Giant,0720,468,546,48.02644246311363,-120.83780172475372,0.9979261755943298
Little_Giant,0720,460,536,48.028600517408506,-120.84183432649627,0.9975453019142151
Little_Giant,0720,539,488,48.00728973124661,-120.86119081486048,0.9982854127883911
Little_Giant,0720,492,587,48.019968300229,-120.8212680576093,0.5415204167366028
Little_Giant,0720,457,512,48.02940978776909,-120.85151257067837,0.9926498532295227
Little_Giant,0720,491,474,48.02023805701587,-120.86683645730004,0.784129798412323
Little_Giant,0720,561,525,48.0013550819357,-120.84627018841307,0.9444948434829712
Little_Giant,0720,483,573,48.02239611131074,-120.82691370004886,0.9382128119468689
Little_Giant,0720,550,485,48.00432240659116,-120.86240059538324,0.9888527989387512
Little_Giant,0720,498,586,48.01834975950785,-120.82167131778355,0.6724058389663696
Little_Giant,0720,523,570,48.01160583983636,-120.82812348057162,0.9985973834991455
Little_Giant,0720,468,525,48.02644246311363,-120.84627018841307,0.9985958933830261
Little_Giant,0720,484,559,48.022126354523884,-120.83255934248842,0.9973854422569275
Little_Giant,0720,454,550,48.03021905812967,-120.83618868405671,0.9930511713027954
Little_Giant,0720,498,561,48.01834975950785,-120.8317528221399,0.9969093203544617
Little_Giant,0720,477,533,48.024014652031894,-120.84304410701903,0.9984755516052246
Little_Giant,0720,455,503,48.0299493013428,-120.85514191224667,0.9417417049407959
Little_Giant,0720,531,497,48.00944778554149,-120.8575614732922,0.999380886554718
Little_Giant,0720,475,514,48.024554165605615,-120.85070605032986,0.9987999200820923
Little_Giant,0720,478,475,48.02374489524504,-120.86643319712579,0.7831429839134216
Little_Giant,0720,506,481,48.016191705212975,-120.86401363608026,0.9983181953430176
Little_Giant,0720,552,519,48.00378289301744,-120.84868974945859,0.9984362721443176
Little_Giant,0720,548,478,48.00486192016488,-120.86522341660302,0.9579788446426392
Little_Giant,0720,529,492,48.0099872991152,-120.85957777416345,0.9993724226951599
Little_Giant,0720,519,540,48.0126848669838,-120.84022128579925,0.9988568425178528
Little_Giant,0720,555,533,48.00297362265686,-120.84304410701903,0.9924855828285217
Little_Giant,0720,511,587,48.01484292127868,-120.8212680576093,0.8542819023132324
Little_Giant,0720,485,483,48.02185659773702,-120.86320711573175,0.9776567816734314
Little_Giant,0720,558,507,48.00216435229628,-120.85352887154964,0.9737242460250854
Little_Giant,0720,553,524,48.00351313623058,-120.84667344858732,0.9977620244026184
Little_Giant,0720,499,489,48.01808000272099,-120.86078755468623,0.9981358647346497
Little_Giant,0720,547,493,48.005131676951734,-120.8591745139892,0.9981210827827454
Little_Giant,0720,479,555,48.02347513845818,-120.83417238318543,0.9972785711288452
Little_Giant,0720,555,547,48.00297362265686,-120.83739846457946,0.9516788721084595
Little_Giant,0720,505,470,48.01646146199983,-120.86844949799706,0.98457270860672
Little_Giant,0720,482,561,48.0226658680976,-120.8317528221399,0.9961457252502441
Little_Giant,0720,540,489,48.00701997445975,-120.86078755468623,0.9982398748397827
Little_Giant,0720,551,528,48.004052649804294,-120.8450604078903,0.9983522891998291
Little_Giant,0720,474,564,48.02482392239248,-120.83054304161715,0.9837559461593628
Little_Giant,0720,513,467,48.01430340770496,-120.86965927851982,0.9813982248306274
Little_Giant,0720,470,533,48.02590294953991,-120.84304410701903,0.9984139800071716
Little_Giant,0720,448,524,48.03183759885082,-120.84667344858732,0.991870105266571
Little_Giant,0720,445,551,48.0326468692114,-120.83578542388246,0.9559192657470703
Little_Giant,0720,480,472,48.02320538167132,-120.86764297764854,0.7089279294013977
Little_Giant,0720,448,507,48.03183759885082,-120.85352887154964,0.799071192741394
Little_Giant,0720,555,572,48.00297362265686,-120.82731696022311,0.5438637137413025
Little_Giant,0720,475,568,48.024554165605615,-120.82893000092012,0.9513193964958191
Little_Giant,0720,561,532,48.0013550819357,-120.84344736719329,0.945772111415863
Little_Giant,0720,549,567,48.004592163378014,-120.82933326109438,0.9910271763801575
Little_Giant,0720,461,539,48.02833076062165,-120.8406245459735,0.9977160096168518
Little_Giant,0720,495,577,48.019159029868426,-120.82530065935184,0.930092990398407
Little_Giant,0720,474,499,48.02482392239248,-120.85675495294367,0.9980201125144958
Little_Giant,0720,544,487,48.00594094731231,-120.86159407503473,0.9980451464653015
Little_Giant,0720,524,564,48.0113360830495,-120.83054304161715,0.9990216493606567
Little_Giant,0720,464,497,48.02752149026107,-120.8575614732922,0.95355623960495
Little_Giant,0720,544,571,48.00594094731231,-120.82772022039737,0.9959256649017334
Little_Giant,0720,543,540,48.006210704099175,-120.84022128579925,0.9987359046936035
Little_Giant,0720,460,494,48.028600517408506,-120.85877125381495,0.9370836615562439
Little_Giant,0720,491,551,48.02023805701587,-120.83578542388246,0.9960927963256836
Little_Giant,0720,472,553,48.0253634359662,-120.83497890353394,0.9971962571144104
Little_Giant,0720,532,551,48.009178028754626,-120.83578542388246,0.9982725381851196
Little_Giant,0720,556,534,48.00270386587,-120.84264084684477,0.9917498230934143
Little_Giant,0720,477,498,48.024014652031894,-120.85715821311793,0.9983003735542297
Little_Giant,0720,506,457,48.016191705212975,-120.87369188026236,0.9006006717681885
Little_Giant,0720,528,573,48.010257055902066,-120.82691370004886,0.9982234835624695
Little_Giant,0720,563,524,48.000815568361986,-120.84667344858732,0.8380182385444641
Little_Giant,0720,532,536,48.009178028754626,-120.84183432649627,0.999295711517334
Little_Giant,0720,468,558,48.02644246311363,-120.83296260266268,0.989153265953064
Little_Giant,0720,560,545,48.00162483872256,-120.83820498492798,0.5434523820877075
Little_Giant,0720,463,490,48.02779124704793,-120.86038429451197,0.6693390607833862
Little_Giant,0720,552,536,48.00378289301744,-120.84183432649627,0.9962393045425415
Little_Giant,0720,537,475,48.00782924482033,-120.86643319712579,0.9858275055885315
Little_Giant,0720,524,553,48.0113360830495,-120.83497890353394,0.9982890486717224
Little_Giant,0720,503,466,48.01700097557355,-120.87006253869407,0.9490002393722534
Little_Giant,0720,460,499,48.028600517408506,-120.85675495294367,0.9571194052696228
Little_Giant,0720,493,563,48.019698543442146,-120.8309463017914,0.9973359107971191
Little_Giant,0720,486,509,48.021586840950164,-120.85272235120114,0.9988903999328613
Little_Giant,0720,457,493,48.02940978776909,-120.8591745139892,0.6565563082695007
Little_Giant,0720,474,537,48.02482392239248,-120.84143106632202,0.9984550476074219
Little_Giant,0720,465,566,48.02725173347421,-120.82973652126864,0.7260192036628723
Little_Giant,0720,480,497,48.02320538167132,-120.8575614732922,0.998430609703064
Little_Giant,0720,534,578,48.008638515180905,-120.82489739917759,0.9930789470672607
Little_Giant,0720,516,456,48.01349413734438,-120.87409514043662,0.5801963210105896
Little_Giant,0720,522,579,48.01187559662322,-120.82449413900333,0.9950966238975525
Little_Giant,0720,535,485,48.00836875839405,-120.86240059538324,0.9983193874359131
Little_Giant,0720,510,587,48.015112678065535,-120.8212680576093,0.8505336046218872
Little_Giant,0720,471,518,48.025633192753055,-120.84909300963285,0.9987686276435852
Little_Giant,0720,472,521,48.0253634359662,-120.84788322911008,0.9988418221473694
Little_Giant,0720,454,555,48.03021905812967,-120.83417238318543,0.9649509191513062
Little_Giant,0720,452,538,48.03075857170339,-120.84102780614776,0.9979671239852905
Little_Giant,0720,514,465,48.014033650918094,-120.87046579886832,0.8230518698692322
Little_Giant,0720,491,541,48.02023805701587,-120.839818025625,0.9968360066413879
Little_Giant,0720,488,488,48.02104732737644,-120.86119081486048,0.9956154823303223
Little_Giant,0720,540,584,48.00701997445975,-120.82247783813206,0.9846155047416687
Little_Giant,0720,502,551,48.01727073236041,-120.83578542388246,0.9963435530662537
Little_Giant,0720,458,540,48.02914003098223,-120.84022128579925,0.9980621337890625
Little_Giant,0720,526,552,48.01079656947579,-120.8353821637082,0.998306930065155
Little_Giant,0720,489,494,48.02077757058959,-120.85877125381495,0.9983562231063843
Little_Giant,0720,498,475,48.01834975950785,-120.86643319712579,0.9266069531440735
Little_Giant,0720,508,463,48.015652191639255,-120.87127231921684,0.960931658744812
Little_Giant,0720,513,567,48.01430340770496,-120.82933326109438,0.9988942742347717
Little_Giant,0720,448,555,48.03183759885082,-120.83417238318543,0.8825276494026184
Little_Giant,0720,561,534,48.0013550819357,-120.84264084684477,0.9700950980186462
Little_Giant,0720,442,531,48.03345613957198,-120.84385062736754,0.9970864057540894
Little_Giant,0720,462,563,48.02806100383479,-120.8309463017914,0.7898949384689331
Little_Giant,0720,492,565,48.019968300229,-120.8301397814429,0.9974880218505859
Little_Giant,0720,547,502,48.005131676951734,-120.85554517242092,0.9980871081352234
Little_Giant,0720,459,517,48.02887027419537,-120.8494962698071,0.9951483607292175
Little_Giant,0720,497,574,48.018619516294706,-120.8265104398746,0.9824276566505432
Little_Giant,0720,497,495,48.018619516294706,-120.8583679936407,0.9985970258712769
Little_Giant,0720,486,530,48.021586840950164,-120.8442538875418,0.998683750629425
Little_Giant,0720,516,556,48.01349413734438,-120.83376912301118,0.9987814426422119
Little_Giant,0720,490,576,48.02050781380272,-120.82570391952609,0.9194538593292236
Little_Giant,0720,518,474,48.01295462377066,-120.86683645730004,0.9970688819885254
Little_Giant,0720,500,550,48.01781024593413,-120.83618868405671,0.9974387288093567
Little_Giant,0720,475,519,48.024554165605615,-120.84868974945859,0.9988365769386292
Little_Giant,0720,536,512,48.00809900160719,-120.85151257067837,0.9992207288742065
Little_Giant,0720,510,577,48.015112678065535,-120.82530065935184,0.9923065900802612
Little_Giant,0720,551,522,48.004052649804294,-120.84747996893583,0.9982606172561646
Little_Giant,0720,474,480,48.02482392239248,-120.86441689625451,0.7441645860671997
Little_Giant,0720,452,504,48.03075857170339,-120.85473865207241,0.8659886717796326
Little_Giant,0720,500,493,48.01781024593413,-120.8591745139892,0.9985524415969849
Little_Giant,0720,530,501,48.009717542328346,-120.85594843259517,0.999184250831604
Little_Giant,0720,445,509,48.0326468692114,-120.85272235120114,0.7576844096183777
Little_Giant,0720,508,471,48.015652191639255,-120.8680462378228,0.9913890361785889
Little_Giant,0720,543,546,48.006210704099175,-120.83780172475372,0.9976270198822021
Little_Giant,0720,538,514,48.00755948803347,-120.85070605032986,0.9990245699882507
Little_Giant,0720,557,550,48.00243410908314,-120.83618868405671,0.7010664343833923
Little_Giant,0720,554,537,48.00324337944372,-120.84143106632202,0.9923611283302307
Little_Giant,0720,458,513,48.02914003098223,-120.85110931050411,0.9931248426437378
Little_Giant,0720,481,482,48.02293562488446,-120.863610375906,0.9542098045349121
Little_Giant,0720,471,560,48.025633192753055,-120.83215608231416,0.9866156578063965
Little_Giant,0720,566,518,48.0000062980014,-120.84909300963285,0.7497958540916443
Little_Giant,0720,462,499,48.02806100383479,-120.85675495294367,0.9572066068649292
Little_Giant,0720,538,502,48.00755948803347,-120.85554517242092,0.9983795285224915
Little_Giant,0720,565,521,48.000276054788266,-120.84788322911008,0.8176897764205933
Little_Giant,0720,492,583,48.019968300229,-120.82288109830631,0.6977744698524475
Little_Giant,0720,562,540,48.00108532514884,-120.84022128579925,0.9256962537765503
Little_Giant,0720,527,541,48.01052681268892,-120.839818025625,0.9988677501678467
Little_Giant,0720,449,535,48.031567842063964,-120.84223758667052,0.9974704384803772
Little_Giant,0720,532,573,48.009178028754626,-120.82691370004886,0.9980650544166565
Little_Giant,0720,482,556,48.0226658680976,-120.83376912301118,0.9979596734046936
Little_Giant,0720,463,502,48.02779124704793,-120.85554517242092,0.9804536700248718
Little_Giant,0720,494,494,48.01942878665529,-120.85877125381495,0.9982631206512451
Little_Giant,0720,536,529,48.00809900160719,-120.84465714771605,0.9992753863334656
Little_Giant,0720,451,532,48.031028328490244,-120.84344736719329,0.9975206255912781
Little_Giant,0720,482,552,48.0226658680976,-120.8353821637082,0.9979597330093384
Little_Giant,0720,542,479,48.00648046088603,-120.86482015642876,0.9927716851234436
Little_Giant,0720,471,528,48.025633192753055,-120.8450604078903,0.9985724687576294
Little_Giant,0720,543,506,48.006210704099175,-120.8539321317239,0.998075544834137
Little_Giant,0720,497,480,48.018619516294706,-120.86441689625451,0.9910765886306763
Little_Giant,0720,503,548,48.01700097557355,-120.83699520440521,0.9972532987594604
Little_Giant,0720,464,499,48.02752149026107,-120.85675495294367,0.95794278383255
Little_Giant,0720,547,570,48.005131676951734,-120.82812348057162,0.9919409155845642
Little_Giant,0720,463,524,48.02779124704793,-120.84667344858732,0.9981652498245239
Little_Giant,0720,536,502,48.00809900160719,-120.85554517242092,0.9984906315803528
Little_Giant,0720,499,574,48.01808000272099,-120.8265104398746,0.986086368560791
Little_Giant,0720,534,494,48.008638515180905,-120.85877125381495,0.9989861845970154
Little_Giant,0720,540,531,48.00701997445975,-120.84385062736754,0.9991295337677002
Little_Giant,0720,488,487,48.02104732737644,-120.86159407503473,0.9956153631210327
Little_Giant,0720,551,509,48.004052649804294,-120.85272235120114,0.9970377087593079
Little_Giant,0720,502,489,48.01727073236041,-120.86078755468623,0.9984822869300842
Little_Giant,0720,465,484,48.02725173347421,-120.8628038555575,0.5478422045707703
Little_Giant,0720,540,490,48.00701997445975,-120.86038429451197,0.9982755184173584
Little_Giant,0720,443,530,48.03318638278512,-120.8442538875418,0.996432363986969
Little_Giant,0720,543,477,48.006210704099175,-120.86562667677728,0.9796888828277588
Little_Giant,0720,464,488,48.02752149026107,-120.86119081486048,0.5985190272331238
Little_Giant,0720,475,533,48.024554165605615,-120.84304410701903,0.9985156059265137
Little_Giant,0720,468,537,48.02644246311363,-120.84143106632202,0.9983177185058594
Little_Giant,0720,556,547,48.00270386587,-120.83739846457946,0.9155763983726501
Little_Giant,0720,531,471,48.00944778554149,-120.8680462378228,0.9656742215156555
Little_Giant,0720,493,562,48.019698543442146,-120.83134956196565,0.9976929426193237
Little_Giant,0720,547,576,48.005131676951734,-120.82570391952609,0.9947375059127808
Little_Giant,0720,469,509,48.026172706326776,-120.85272235120114,0.9986857175827026
Little_Giant,0720,479,547,48.02347513845818,-120.83739846457946,0.9980661869049072
Little_Giant,0720,501,573,48.01754048914727,-120.82691370004886,0.9912782907485962
Little_Giant,0720,447,530,48.032107355637685,-120.8442538875418,0.9966904520988464
Little_Giant,0720,520,583,48.01241511019694,-120.82288109830631,0.9716594219207764
Little_Giant,0720,494,486,48.01942878665529,-120.86199733520898,0.997639536857605
Little_Giant,0720,532,584,48.009178028754626,-120.82247783813206,0.9657853245735168
Little_Giant,0720,468,513,48.02644246311363,-120.85110931050411,0.998599648475647
Little_Giant,0720,522,569,48.01187559662322,-120.82852674074587,0.9987974762916565
Little_Giant,0720,553,540,48.00351313623058,-120.84022128579925,0.9931992888450623
Little_Giant,0720,536,540,48.00809900160719,-120.84022128579925,0.9985224008560181
Little_Giant,0720,490,556,48.02050781380272,-120.83376912301118,0.9982903003692627
Little_Giant,0720,547,527,48.005131676951734,-120.84546366806455,0.9986210465431213
Little_Giant,0720,543,530,48.006210704099175,-120.8442538875418,0.9987912774085999
Little_Giant,0720,542,525,48.00648046088603,-120.84627018841307,0.9987927675247192
Little_Giant,0720,541,536,48.006750217672895,-120.84183432649627,0.9988675117492676
Little_Giant,0720,537,555,48.00782924482033,-120.83417238318543,0.9982706904411316
Little_Giant,0720,558,511,48.00216435229628,-120.85191583085263,0.973739743232727
Little_Giant,0720,460,508,48.028600517408506,-120.85312561137539,0.9901959896087646
Little_Giant,0720,512,559,48.014573164491814,-120.83255934248842,0.9989000558853149
Little_Giant,0720,458,497,48.02914003098223,-120.8575614732922,0.9437408447265625
Little_Giant,0720,472,560,48.0253634359662,-120.83215608231416,0.9897576570510864
Little_Giant,0720,464,524,48.02752149026107,-120.84667344858732,0.998171865940094
Little_Giant,0720,444,517,48.03291662599826,-120.8494962698071,0.9742138981819153
Little_Giant,0720,463,485,48.02779124704793,-120.86240059538324,0.5700562000274658
Little_Giant,0720,478,529,48.02374489524504,-120.84465714771605,0.9986736178398132
Little_Giant,0720,511,567,48.01484292127868,-120.82933326109438,0.9989470839500427
Little_Giant,0720,455,541,48.0299493013428,-120.839818025625,0.9980430603027344
Little_Giant,0720,492,494,48.019968300229,-120.85877125381495,0.9982814192771912
Little_Giant,0720,496,462,48.01888927308157,-120.8716755793911,0.5593036413192749
Little_Giant,0720,475,531,48.024554165605615,-120.84385062736754,0.9985502362251282
Little_Giant,0720,468,521,48.02644246311363,-120.84788322911008,0.9985947608947754
Little_Giant,0720,480,506,48.02320538167132,-120.8539321317239,0.9987561702728271
Little_Giant,0720,560,531,48.00162483872256,-120.84385062736754,0.9083937406539917
Little_Giant,0720,461,556,48.02833076062165,-120.83376912301118,0.986454963684082
Little_Giant,0720,477,497,48.024014652031894,-120.8575614732922,0.9982939958572388
Little_Giant,0720,468,496,48.02644246311363,-120.85796473346645,0.992722749710083
Little_Giant,0720,484,492,48.022126354523884,-120.85957777416345,0.9981124997138977
Little_Giant,0720,464,553,48.02752149026107,-120.83497890353394,0.996119499206543
Little_Giant,0720,464,523,48.02752149026107,-120.84707670876158,0.9981127381324768
Little_Giant,0720,555,552,48.00297362265686,-120.8353821637082,0.8627080321311951
Little_Giant,0720,468,499,48.02644246311363,-120.85675495294367,0.9944616556167603
Little_Giant,0720,540,494,48.00701997445975,-120.85877125381495,0.9983202815055847
Little_Giant,0720,474,557,48.02482392239248,-120.83336586283693,0.9969971179962158
Little_Giant,0720,533,554,48.00890827196777,-120.83457564335968,0.9983288049697876
Little_Giant,0720,457,554,48.02940978776909,-120.83457564335968,0.983810305595398
Little_Giant,0720,517,589,48.01322438055752,-120.82046153726078,0.8057460784912109
Little_Giant,0720,553,577,48.00351313623058,-120.82530065935184,0.9110695719718933
Little_Giant,0720,507,581,48.01592194842611,-120.82368761865482,0.962961733341217
Little_Giant,0720,502,583,48.01727073236041,-120.82288109830631,0.8968484401702881
Little_Giant,0720,519,468,48.0126848669838,-120.86925601834557,0.9516052007675171
Little_Giant,0720,501,489,48.01754048914727,-120.86078755468623,0.9984346628189087
Little_Giant,0720,494,543,48.01942878665529,-120.83901150527649,0.9967663288116455
Little_Giant,0720,474,505,48.02482392239248,-120.85433539189815,0.9985127449035645
Little_Giant,0720,481,571,48.02293562488446,-120.82772022039737,0.9517494440078735
Little_Giant,0720,510,480,48.015112678065535,-120.86441689625451,0.9987387657165527
Little_Giant,0720,475,479,48.024554165605615,-120.86482015642876,0.6965681910514832
Little_Giant,0720,450,558,48.0312980852771,-120.83296260266268,0.6962082982063293
Little_Giant,0720,544,483,48.00594094731231,-120.86320711573175,0.9951574802398682
Little_Giant,0720,481,522,48.02293562488446,-120.84747996893583,0.9989326596260071
Little_Giant,0720,540,553,48.00701997445975,-120.83497890353394,0.9970439672470093
Little_Giant,0720,488,503,48.02104732737644,-120.85514191224667,0.9987980723381042
Little_Giant,0720,565,533,48.000276054788266,-120.84304410701903,0.9490008354187012
Little_Giant,0720,483,505,48.02239611131074,-120.85433539189815,0.9988534450531006
Little_Giant,0720,544,560,48.00594094731231,-120.83215608231416,0.9978055357933044
Little_Giant,0720,545,527,48.005671190525455,-120.84546366806455,0.9985148310661316
Little_Giant,0720,547,543,48.005131676951734,-120.83901150527649,0.9948331117630005
Little_Giant,0720,478,496,48.02374489524504,-120.85796473346645,0.9982349276542664
Little_Giant,0720,456,499,48.02967954455595,-120.85675495294367,0.9070857763290405
Little_Giant,0720,472,496,48.0253634359662,-120.85796473346645,0.9962191581726074
Little_Giant,0720,547,547,48.005131676951734,-120.83739846457946,0.9952073097229004
Little_Giant,0720,493,498,48.019698543442146,-120.85715821311793,0.9986571669578552
Little_Giant,0720,504,493,48.016731218786695,-120.8591745139892,0.9988182783126831
Little_Giant,0720,452,536,48.03075857170339,-120.84183432649627,0.9977409839630127
Little_Giant,0720,443,510,48.03318638278512,-120.85231909102689,0.5469385981559753
Little_Giant,0720,551,487,48.004052649804294,-120.86159407503473,0.9832536578178406
Little_Giant,0720,550,561,48.00432240659116,-120.8317528221399,0.9905022382736206
Little_Giant,0720,482,572,48.0226658680976,-120.82731696022311,0.9528867602348328
Little_Giant,0720,545,488,48.005671190525455,-120.86119081486048,0.9980062246322632
Little_Giant,0720,547,509,48.005131676951734,-120.85272235120114,0.9980168342590332
Little_Giant,0720,550,457,48.00432240659116,-120.87369188026236,0.5108577609062195
Little_Giant,0720,549,556,48.004592163378014,-120.83376912301118,0.9890807271003723
Little_Giant,0720,492,469,48.019968300229,-120.86885275817131,0.7433676719665527
Little_Giant,0720,485,575,48.02185659773702,-120.82610717970034,0.8827221989631653
Little_Giant,0720,505,460,48.01646146199983,-120.8724820997396,0.9420099854469299
Little_Giant,0720,561,541,48.0013550819357,-120.839818025625,0.9203538298606873
Little_Giant,0720,566,523,48.0000062980014,-120.84707670876158,0.7563042640686035
Little_Giant,0720,518,559,48.01295462377066,-120.83255934248842,0.9989112019538879
Little_Giant,0720,498,489,48.01834975950785,-120.86078755468623,0.9981038570404053
Little_Giant,0720,450,506,48.0312980852771,-120.8539321317239,0.8867876529693604
Little_Giant,0720,547,555,48.005131676951734,-120.83417238318543,0.9949098229408264
Little_Giant,0720,548,579,48.00486192016488,-120.82449413900333,0.988673985004425
Little_Giant,0720,469,561,48.026172706326776,-120.8317528221399,0.9711443185806274
Little_Giant,0720,474,504,48.02482392239248,-120.85473865207241,0.9984881281852722
Little_Giant,0720,540,505,48.00701997445975,-120.85433539189815,0.9982781410217285
Little_Giant,0720,546,579,48.0054014337386,-120.82449413900333,0.9942532777786255
Little_Giant,0720,449,553,48.031567842063964,-120.83497890353394,0.9580226540565491
Little_Giant,0720,486,478,48.021586840950164,-120.86522341660302,0.9373948574066162
Little_Giant,0720,486,574,48.021586840950164,-120.8265104398746,0.9534721970558167
Little_Giant,0720,542,523,48.00648046088603,-120.84707670876158,0.9987850189208984
Little_Giant,0720,447,518,48.032107355637685,-120.84909300963285,0.9842729568481445
Little_Giant,0720,546,505,48.0054014337386,-120.85433539189815,0.9981058835983276
Little_Giant,0720,492,484,48.019968300229,-120.8628038555575,0.9950754642486572
Little_Giant,0720,466,544,48.02698197668735,-120.83860824510224,0.997969925403595
Little_Giant,0720,501,473,48.01754048914727,-120.86723971747429,0.9706102013587952
Little_Giant,0720,454,501,48.03021905812967,-120.85594843259517,0.8716827034950256
Little_Giant,0720,547,544,48.005131676951734,-120.83860824510224,0.9942637085914612
Little_Giant,0720,486,546,48.021586840950164,-120.83780172475372,0.9961418509483337
Little_Giant,0720,466,498,48.02698197668735,-120.85715821311793,0.9821982979774475
Little_Giant,0720,461,505,48.02833076062165,-120.85433539189815,0.9802823066711426
Little_Giant,0720,564,501,48.00054581157512,-120.85594843259517,0.5991266965866089
Little_Giant,0720,530,586,48.009717542328346,-120.82167131778355,0.8923795819282532
Little_Giant,0720,470,556,48.02590294953991,-120.83376912301118,0.9962096214294434
Little_Giant,0720,440,524,48.0339956531457,-120.84667344858732,0.9794446229934692
Little_Giant,0720,543,510,48.006210704099175,-120.85231909102689,0.9980738759040833
Little_Giant,0720,459,542,48.02887027419537,-120.83941476545074,0.9979625344276428
Little_Giant,0720,538,584,48.00755948803347,-120.82247783813206,0.9774736166000366
Little_Giant,0720,548,531,48.00486192016488,-120.84385062736754,0.9988177418708801
Little_Giant,0720,510,456,48.015112678065535,-120.87409514043662,0.9224171042442322
Little_Giant,0720,542,579,48.00648046088603,-120.82449413900333,0.9942970275878906
Little_Giant,0720,502,589,48.01727073236041,-120.82046153726078,0.5124990344047546
Little_Giant,0720,515,587,48.01376389413124,-120.8212680576093,0.8949668407440186
Little_Giant,0720,564,522,48.00054581157512,-120.84747996893583,0.8618839979171753
Little_Giant,0720,544,531,48.00594094731231,-120.84385062736754,0.9988712668418884
Little_Giant,0720,486,528,48.021586840950164,-120.8450604078903,0.9987146854400635
Little_Giant,0720,565,518,48.000276054788266,-120.84909300963285,0.8263163566589355
Little_Giant,0720,457,517,48.02940978776909,-120.8494962698071,0.9948557019233704
Little_Giant,0720,455,556,48.0299493013428,-120.83376912301118,0.9557979106903076
Little_Giant,0720,525,547,48.01106632626264,-120.83739846457946,0.9982092380523682
Little_Giant,0720,486,561,48.021586840950164,-120.8317528221399,0.9970964193344116
Little_Giant,0720,457,558,48.02940978776909,-120.83296260266268,0.922616183757782
Little_Giant,0720,454,552,48.03021905812967,-120.8353821637082,0.9863784313201904
Little_Giant,0720,543,497,48.006210704099175,-120.8575614732922,0.9982028007507324
Little_Giant,0720,483,517,48.02239611131074,-120.8494962698071,0.9989792108535767
Little_Giant,0720,553,537,48.00351313623058,-120.84143106632202,0.9942160844802856
Little_Giant,0720,545,480,48.005671190525455,-120.86441689625451,0.9855556488037109
Little_Giant,0720,479,562,48.02347513845818,-120.83134956196565,0.9930541515350342
Little_Giant,0720,540,528,48.00701997445975,-120.8450604078903,0.9992254972457886
Little_Giant,0720,478,509,48.02374489524504,-120.85272235120114,0.9988349080085754
Little_Giant,0720,507,575,48.01592194842611,-120.82610717970034,0.9927644729614258
Little_Giant,0720,538,489,48.00755948803347,-120.86078755468623,0.9983035326004028
Little_Giant,0720,484,512,48.022126354523884,-120.85151257067837,0.9989764094352722
Little_Giant,0720,553,478,48.00351313623058,-120.86522341660302,0.8231509923934937
Little_Giant,0720,554,527,48.00324337944372,-120.84546366806455,0.9963816404342651
Little_Giant,0720,511,466,48.01484292127868,-120.87006253869407,0.9478733539581299
Little_Giant,0720,477,492,48.024014652031894,-120.85957777416345,0.9969586133956909
Little_Giant,0720,528,547,48.010257055902066,-120.83739846457946,0.9983028769493103
Little_Giant,0720,554,509,48.00324337944372,-120.85272235120114,0.995064914226532
Little_Giant,0720,454,553,48.03021905812967,-120.83497890353394,0.9818192720413208
Little_Giant,0720,502,552,48.01727073236041,-120.8353821637082,0.9962748289108276
Little_Giant,0720,539,491,48.00728973124661,-120.85998103433771,0.9983615279197693
Little_Giant,0720,489,490,48.02077757058959,-120.86038429451197,0.9958996176719666
Little_Giant,0720,554,505,48.00324337944372,-120.85433539189815,0.9940651655197144
Little_Giant,0720,497,486,48.018619516294706,-120.86199733520898,0.9979934096336365
Little_Giant,0720,485,538,48.02185659773702,-120.84102780614776,0.9970279932022095
Little_Giant,0720,488,566,48.02104732737644,-120.82973652126864,0.9953068494796753
Little_Giant,0720,545,531,48.005671190525455,-120.84385062736754,0.9987954497337341
Little_Giant,0720,464,538,48.02752149026107,-120.84102780614776,0.9979062676429749
Little_Giant,0720,543,493,48.006210704099175,-120.8591745139892,0.9981127381324768
Little_Giant,0720,560,533,48.00162483872256,-120.84304410701903,0.9376500248908997
Little_Giant,0720,550,484,48.00432240659116,-120.8628038555575,0.9907010793685913
Little_Giant,0720,466,522,48.02698197668735,-120.84747996893583,0.9984252452850342
Little_Giant,0720,492,550,48.019968300229,-120.83618868405671,0.9973083138465881
Little_Giant,0720,474,521,48.02482392239248,-120.84788322911008,0.9987853765487671
Little_Giant,0720,512,556,48.014573164491814,-120.83376912301118,0.9979214072227478
Little_Giant,0720,470,561,48.02590294953991,-120.8317528221399,0.976368248462677
Little_Giant,0720,490,534,48.02050781380272,-120.84264084684477,0.9985425472259521
Little_Giant,0720,548,528,48.00486192016488,-120.8450604078903,0.9987497329711914
Little_Giant,0720,510,464,48.015112678065535,-120.87086905904258,0.9041210412979126
Little_Giant,0720,520,470,48.01241511019694,-120.86844949799706,0.9784942269325256
Little_Giant,0720,453,521,48.030488814916524,-120.84788322911008,0.9951238036155701
Little_Giant,0720,523,475,48.01160583983636,-120.86643319712579,0.9976524710655212
Little_Giant,0720,500,482,48.01781024593413,-120.863610375906,0.9978640675544739
Little_Giant,0720,520,575,48.01241511019694,-120.82610717970034,0.9963687062263489
Little_Giant,0720,494,585,48.01942878665529,-120.8220745779578,0.6800145506858826
Little_Giant,0720,452,545,48.03075857170339,-120.83820498492798,0.9963385462760925
Little_Giant,0720,553,511,48.00351313623058,-120.85191583085263,0.9974775314331055
Little_Giant,0720,512,583,48.014573164491814,-120.82288109830631,0.9609729051589966
Little_Giant,0720,541,579,48.006750217672895,-120.82449413900333,0.9931904673576355
Little_Giant,0720,488,476,48.02104732737644,-120.86602993695153,0.9045200347900391
Little_Giant,0720,540,520,48.00701997445975,-120.84828648928433,0.999127209186554
Little_Giant,0720,474,515,48.02482392239248,-120.85030279015561,0.9987545013427734
Little_Giant,0720,563,544,48.000815568361986,-120.83860824510224,0.5961988568305969
Little_Giant,0720,476,574,48.02428440881876,-120.8265104398746,0.6045389175415039
Little_Giant,0720,444,550,48.03291662599826,-120.83618868405671,0.9628176689147949
Little_Giant,0720,509,561,48.0153824348524,-120.8317528221399,0.998706042766571
Little_Giant,0720,457,547,48.02940978776909,-120.83739846457946,0.9970510005950928
Little_Giant,0720,544,541,48.00594094731231,-120.839818025625,0.9986467957496643
Little_Giant,0720,438,531,48.034535166719415,-120.84385062736754,0.9968760013580322
Little_Giant,0720,524,543,48.0113360830495,-120.83901150527649,0.9987277388572693
Little_Giant,0720,504,485,48.016731218786695,-120.86240059538324,0.9981730580329895
Little_Giant,0720,460,562,48.028600517408506,-120.83134956196565,0.7543870806694031
Little_Giant,0720,495,588,48.019159029868426,-120.82086479743504,0.5183732509613037
Little_Giant,0720,558,504,48.00216435229628,-120.85473865207241,0.9857255220413208
Little_Giant,0720,482,509,48.0226658680976,-120.85272235120114,0.9988830089569092
Little_Giant,0720,505,586,48.01646146199983,-120.82167131778355,0.7703236937522888
Little_Giant,0720,488,539,48.02104732737644,-120.8406245459735,0.9966855645179749
Little_Giant,0720,532,532,48.009178028754626,-120.84344736719329,0.9994460344314575
Little_Giant,0720,539,495,48.00728973124661,-120.8583679936407,0.9984444975852966
Little_Giant,0720,477,554,48.024014652031894,-120.83457564335968,0.9971559047698975
Little_Giant,0720,520,544,48.01241511019694,-120.83860824510224,0.9985772967338562
Little_Giant,0720,482,485,48.0226658680976,-120.86240059538324,0.9846951365470886
Little_Giant,0720,482,570,48.0226658680976,-120.82812348057162,0.9698813557624817
Little_Giant,0720,527,571,48.01052681268892,-120.82772022039737,0.9987403750419617
Little_Giant,0720,475,520,48.024554165605615,-120.84828648928433,0.9988380074501038
Little_Giant,0720,513,561,48.01430340770496,-120.8317528221399,0.998834490776062
Little_Giant,0720,551,497,48.004052649804294,-120.8575614732922,0.9950037598609924
Little_Giant,0720,517,544,48.01322438055752,-120.83860824510224,0.9984620213508606
Little_Giant,0720,474,523,48.02482392239248,-120.84707670876158,0.9987172484397888
Little_Giant,0720,475,495,48.024554165605615,-120.8583679936407,0.9974391460418701
Little_Giant,0720,533,469,48.00890827196777,-120.86885275817131,0.8942586183547974
Little_Giant,0720,486,584,48.021586840950164,-120.82247783813206,0.5639585852622986
Little_Giant,0720,514,588,48.014033650918094,-120.82086479743504,0.817687451839447
Little_Giant,0720,535,508,48.00836875839405,-120.85312561137539,0.9988628625869751
Little_Giant,0720,464,517,48.02752149026107,-120.8494962698071,0.997957706451416
Little_Giant,0720,551,524,48.004052649804294,-120.84667344858732,0.9983350038528442
Little_Giant,0720,483,493,48.02239611131074,-120.8591745139892,0.9983260035514832
Little_Giant,0720,537,574,48.00782924482033,-120.8265104398746,0.996071457862854
Little_Giant,0720,470,541,48.02590294953991,-120.839818025625,0.9983255863189697
Little_Giant,0720,509,586,48.0153824348524,-120.82167131778355,0.8791985511779785
Little_Giant,0720,488,504,48.02104732737644,-120.85473865207241,0.9988071322441101
Little_Giant,0720,538,477,48.00755948803347,-120.86562667677728,0.9899535179138184
Little_Giant,0720,452,518,48.03075857170339,-120.84909300963285,0.9926008582115173
Little_Giant,0720,468,531,48.02644246311363,-120.84385062736754,0.9985216856002808
Little_Giant,0720,522,580,48.01187559662322,-120.82409087882908,0.9931175708770752
Little_Giant,0720,554,495,48.00324337944372,-120.8583679936407,0.9819741249084473
Little_Giant,0720,525,570,48.01106632626264,-120.82812348057162,0.9986640810966492
Little_Giant,0720,453,532,48.030488814916524,-120.84344736719329,0.9976691603660583
Little_Giant,0720,451,543,48.031028328490244,-120.83901150527649,0.9971112608909607
Little_Giant,0720,486,522,48.021586840950164,-120.84747996893583,0.998916506767273
Little_Giant,0720,518,546,48.01295462377066,-120.83780172475372,0.998197615146637
Little_Giant,0720,528,567,48.010257055902066,-120.82933326109438,0.9989212155342102
Little_Giant,0720,455,520,48.0299493013428,-120.84828648928433,0.9951332211494446
Little_Giant,0720,482,538,48.0226658680976,-120.84102780614776,0.9983904957771301
Little_Giant,0720,507,572,48.01592194842611,-120.82731696022311,0.9962573647499084
Little_Giant,0720,486,562,48.021586840950164,-120.83134956196565,0.9964641332626343
Little_Giant,0720,464,565,48.02752149026107,-120.8301397814429,0.7523569464683533
Little_Giant,0720,467,533,48.026712219900496,-120.84304410701903,0.9984714388847351
Little_Giant,0720,491,576,48.02023805701587,-120.82570391952609,0.9291255474090576
Little_Giant,0720,484,567,48.022126354523884,-120.82933326109438,0.9913282990455627
Little_Giant,0720,458,524,48.02914003098223,-120.84667344858732,0.9964274168014526
Little_Giant,0720,527,560,48.01052681268892,-120.83215608231416,0.9988643527030945
Little_Giant,0720,504,473,48.016731218786695,-120.86723971747429,0.9899205565452576
Little_Giant,0720,546,483,48.0054014337386,-120.86320711573175,0.9934515357017517
Little_Giant,0720,509,566,48.0153824348524,-120.82973652126864,0.9988048672676086
Little_Giant,0720,480,477,48.02320538167132,-120.86562667677728,0.8981248140335083
Little_Giant,0720,473,561,48.025093679179335,-120.8317528221399,0.9885569214820862
Little_Giant,0720,487,584,48.0213170841633,-120.82247783813206,0.5746716856956482
Little_Giant,0720,529,545,48.0099872991152,-120.83820498492798,0.9983641505241394
Little_Giant,0720,514,579,48.014033650918094,-120.82449413900333,0.9917542934417725
Little_Giant,0720,536,485,48.00809900160719,-120.86240059538324,0.9982379674911499
Little_Giant,0720,526,545,48.01079656947579,-120.83820498492798,0.9983722567558289
Little_Giant,0720,556,484,48.00270386587,-120.8628038555575,0.657627284526825
Little_Giant,0720,551,560,48.004052649804294,-120.83215608231416,0.9873877167701721
Little_Giant,0720,552,559,48.00378289301744,-120.83255934248842,0.9835383296012878
Little_Giant,0720,478,473,48.02374489524504,-120.86723971747429,0.6450088620185852
Little_Giant,0720,509,461,48.0153824348524,-120.87207883956535,0.9493544697761536
Little_Giant,0720,542,524,48.00648046088603,-120.84667344858732,0.998796284198761
Little_Giant,0720,439,530,48.03426540993256,-120.8442538875418,0.9959521889686584
Little_Giant,0720,449,522,48.031567842063964,-120.84747996893583,0.9909630417823792
Little_Giant,0720,546,497,48.0054014337386,-120.8575614732922,0.9982518553733826
Little_Giant,0720,467,562,48.026712219900496,-120.83134956196565,0.9527736306190491
Little_Giant,0720,533,472,48.00890827196777,-120.86764297764854,0.9812801480293274
Little_Giant,0720,448,540,48.03183759885082,-120.84022128579925,0.9979961514472961
Little_Giant,0720,484,540,48.022126354523884,-120.84022128579925,0.9969369769096375
Little_Giant,0720,510,546,48.015112678065535,-120.83780172475372,0.9976118206977844
Little_Giant,0720,484,514,48.022126354523884,-120.85070605032986,0.9990145564079285
Little_Giant,0720,496,552,48.01888927308157,-120.8353821637082,0.9969261288642883
Little_Giant,0720,474,556,48.02482392239248,-120.83376912301118,0.9973519444465637
Little_Giant,0720,548,518,48.00486192016488,-120.84909300963285,0.9981181025505066
Little_Giant,0720,556,544,48.00270386587,-120.83860824510224,0.9612361788749695
Little_Giant,0720,555,561,48.00297362265686,-120.8317528221399,0.6842526793479919
Little_Giant,0720,541,470,48.006750217672895,-120.86844949799706,0.7273119688034058
Little_Giant,0720,531,538,48.00944778554149,-120.84102780614776,0.9988990426063538
Little_Giant,0720,521,468,48.012145353410084,-120.86925601834557,0.8851054906845093
Little_Giant,0720,535,506,48.00836875839405,-120.8539321317239,0.9986754059791565
Little_Giant,0720,532,492,48.009178028754626,-120.85957777416345,0.9992383718490601
Little_Giant,0720,484,546,48.022126354523884,-120.83780172475372,0.9976199865341187
Little_Giant,0720,541,509,48.006750217672895,-120.85272235120114,0.9984067678451538
Little_Giant,0720,540,486,48.00701997445975,-120.86199733520898,0.99818354845047
Little_Giant,0720,503,455,48.01700097557355,-120.87449840061088,0.843478262424469
Little_Giant,0720,468,526,48.02644246311363,-120.8458669282388,0.9986183643341064
Little_Giant,0720,545,567,48.005671190525455,-120.82933326109438,0.995061993598938
Little_Giant,0720,519,545,48.0126848669838,-120.83820498492798,0.998397707939148
Little_Giant,0720,535,542,48.00836875839405,-120.83941476545074,0.9984678030014038
Little_Giant,0720,483,488,48.02239611131074,-120.86119081486048,0.9932904243469238
Little_Giant,0720,531,540,48.00944778554149,-120.84022128579925,0.9988352656364441
Little_Giant,0720,485,493,48.02185659773702,-120.8591745139892,0.9983407855033875
Little_Giant,0720,502,553,48.01727073236041,-120.83497890353394,0.9970484972000122
Little_Giant,0720,540,502,48.00701997445975,-120.85554517242092,0.9982272982597351
Little_Giant,0720,552,481,48.00378289301744,-120.86401363608026,0.9314404726028442
Little_Giant,0720,514,591,48.014033650918094,-120.81965501691228,0.5220851302146912
Little_Giant,0720,536,495,48.00809900160719,-120.8583679936407,0.9987596273422241
Little_Giant,0720,562,524,48.00108532514884,-120.84667344858732,0.8904328942298889
Little_Giant,0720,546,515,48.0054014337386,-120.85030279015561,0.9981870651245117
Little_Giant,0720,510,578,48.015112678065535,-120.82489739917759,0.9899641871452332
Little_Giant,0720,500,549,48.01781024593413,-120.83659194423096,0.9971684813499451
Little_Giant,0720,514,459,48.014033650918094,-120.87288535991385,0.5414731502532959
Little_Giant,0720,456,537,48.02967954455595,-120.84143106632202,0.997763454914093
Little_Giant,0720,498,569,48.01834975950785,-120.82852674074587,0.9935324788093567
Little_Giant,0720,535,511,48.00836875839405,-120.85191583085263,0.9991034865379333
Little_Giant,0720,529,587,48.0099872991152,-120.8212680576093,0.857943058013916
Little_Giant,0720,479,543,48.02347513845818,-120.83901150527649,0.998396098613739
Little_Giant,0720,530,499,48.009717542328346,-120.85675495294367,0.9994064569473267
Little_Giant,0720,504,560,48.016731218786695,-120.83215608231416,0.9978618621826172
Little_Giant,0720,471,482,48.025633192753055,-120.863610375906,0.8183926343917847
Little_Giant,0720,530,479,48.009717542328346,-120.86482015642876,0.9984498023986816
Little_Giant,0720,542,502,48.00648046088603,-120.85554517242092,0.9980922341346741
Little_Giant,0720,483,516,48.02239611131074,-120.84989952998136,0.9989835619926453
Little_Giant,0720,555,509,48.00297362265686,-120.85272235120114,0.991777241230011
Little_Giant,0720,506,479,48.016191705212975,-120.86482015642876,0.9982240200042725
Little_Giant,0720,497,555,48.018619516294706,-120.83417238318543,0.9978604316711426
Little_Giant,0720,505,563,48.01646146199983,-120.8309463017914,0.9969390034675598
Little_Giant,0720,461,544,48.02833076062165,-120.83860824510224,0.9976495504379272
Little_Giant,0720,461,502,48.02833076062165,-120.85554517242092,0.9741800427436829
Little_Giant,0720,537,570,48.00782924482033,-120.82812348057162,0.9975484013557434
Little_Giant,0720,458,534,48.02914003098223,-120.84264084684477,0.9975017309188843
Little_Giant,0720,504,479,48.016731218786695,-120.86482015642876,0.9980309009552002
Little_Giant,0720,562,510,48.00108532514884,-120.85231909102689,0.7636064887046814
Little_Giant,0720,510,590,48.015112678065535,-120.82005827708653,0.5984883904457092
Little_Giant,0720,529,535,48.0099872991152,-120.84223758667052,0.9994029402732849
Little_Giant,0720,511,578,48.01484292127868,-120.82489739917759,0.990965723991394
Little_Giant,0720,553,556,48.00351313623058,-120.83376912301118,0.9381193518638611
Little_Giant,0720,468,520,48.02644246311363,-120.84828648928433,0.9986395835876465
Little_Giant,0720,460,544,48.028600517408506,-120.83860824510224,0.9976358413696289
Little_Giant,0720,445,543,48.0326468692114,-120.83901150527649,0.996151328086853
Little_Giant,0720,539,551,48.00728973124661,-120.83578542388246,0.9979439973831177
Little_Giant,0720,498,468,48.01834975950785,-120.86925601834557,0.7187250256538391
Little_Giant,0720,488,565,48.02104732737644,-120.8301397814429,0.9965111613273621
Little_Giant,0720,528,469,48.010257055902066,-120.86885275817131,0.6758456826210022
Little_Giant,0720,497,494,48.018619516294706,-120.85877125381495,0.9984453916549683
Little_Giant,0720,470,531,48.02590294953991,-120.84385062736754,0.9984655976295471
Little_Giant,0720,479,499,48.02347513845818,-120.85675495294367,0.9984042048454285
Little_Giant,0720,531,501,48.00944778554149,-120.85594843259517,0.9989798665046692
Little_Giant,0720,549,471,48.004592163378014,-120.8680462378228,0.5720413327217102
Little_Giant,0720,469,552,48.026172706326776,-120.8353821637082,0.997368335723877
Little_Giant,0720,506,585,48.016191705212975,-120.8220745779578,0.8126353025436401
Little_Giant,0720,468,554,48.02644246311363,-120.83457564335968,0.996671199798584
Little_Giant,0720,448,505,48.03183759885082,-120.85433539189815,0.5058468580245972
Little_Giant,0720,492,533,48.019968300229,-120.84304410701903,0.9987270832061768
Little_Giant,0720,541,585,48.006750217672895,-120.8220745779578,0.9846100211143494
Little_Giant,0720,482,569,48.0226658680976,-120.82852674074587,0.9777678847312927
Little_Giant,0720,459,503,48.02887027419537,-120.85514191224667,0.9705953598022461
Little_Giant,0720,454,545,48.03021905812967,-120.83820498492798,0.9970497488975525
Little_Giant,0720,494,462,48.01942878665529,-120.8716755793911,0.6060985326766968
Little_Giant,0720,476,550,48.02428440881876,-120.83618868405671,0.9979320168495178
Little_Giant,0720,474,541,48.02482392239248,-120.839818025625,0.9984744787216187
Little_Giant,0720,531,586,48.00944778554149,-120.82167131778355,0.8945758938789368
Little_Giant,0720,544,580,48.00594094731231,-120.82409087882908,0.9951729774475098
Little_Giant,0720,463,521,48.02779124704793,-120.84788322911008,0.9980257749557495
Little_Giant,0720,480,493,48.02320538167132,-120.8591745139892,0.9982591271400452
Little_Giant,0720,488,530,48.02104732737644,-120.8442538875418,0.99866783618927
Little_Giant,0720,539,561,48.00728973124661,-120.8317528221399,0.99835604429245
Little_Giant,0720,549,506,48.004592163378014,-120.8539321317239,0.9982061386108398
Little_Giant,0720,536,510,48.00809900160719,-120.85231909102689,0.9988859295845032
Little_Giant,0720,463,499,48.02779124704793,-120.85675495294367,0.9401244521141052
Little_Giant,0720,478,569,48.02374489524504,-120.82852674074587,0.9651159644126892
Little_Giant,0720,469,539,48.026172706326776,-120.8406245459735,0.9983054995536804
Little_Giant,0720,483,560,48.02239611131074,-120.83215608231416,0.9969679713249207
Little_Giant,0720,469,515,48.026172706326776,-120.85030279015561,0.9986072182655334
Little_Giant,0720,483,546,48.02239611131074,-120.83780172475372,0.9983356595039368
Little_Giant,0720,490,493,48.02050781380272,-120.8591745139892,0.9981807470321655
Little_Giant,0720,444,525,48.03291662599826,-120.84627018841307,0.9920851588249207
Little_Giant,0720,555,505,48.00297362265686,-120.85433539189815,0.9930979013442993
Little_Giant,0720,542,469,48.00648046088603,-120.86885275817131,0.5820065140724182
Little_Giant,0720,522,541,48.01187559662322,-120.839818025625,0.9988463521003723
Little_Giant,0720,520,588,48.01241511019694,-120.82086479743504,0.8572232723236084
Little_Giant,0720,502,562,48.01727073236041,-120.83134956196565,0.996749758720398
Little_Giant,0720,560,503,48.00162483872256,-120.85514191224667,0.9149289727210999
Little_Giant,0720,483,512,48.02239611131074,-120.85151257067837,0.9989521503448486
Little_Giant,0720,442,516,48.03345613957198,-120.84989952998136,0.9072839021682739
Little_Giant,0720,525,541,48.01106632626264,-120.839818025625,0.998809278011322
Little_Giant,0720,541,582,48.006750217672895,-120.82328435848056,0.9926772117614746
Little_Giant,0720,544,491,48.00594094731231,-120.85998103433771,0.9980829358100891
Little_Giant,0720,541,472,48.006750217672895,-120.86764297764854,0.9187979102134705
Little_Giant,0720,481,477,48.02293562488446,-120.86562667677728,0.8846763968467712
Little_Giant,0720,461,532,48.02833076062165,-120.84344736719329,0.9978021383285522
Little_Giant,0720,486,575,48.021586840950164,-120.82610717970034,0.9050180315971375
Little_Giant,0720,548,482,48.00486192016488,-120.863610375906,0.9849734306335449
Little_Giant,0720,531,529,48.00944778554149,-120.84465714771605,0.9994613528251648
Little_Giant,0720,485,562,48.02185659773702,-120.83134956196565,0.9964686632156372
Little_Giant,0720,542,527,48.00648046088603,-120.84546366806455,0.9989209771156311
Little_Giant,0720,473,563,48.025093679179335,-120.8309463017914,0.9813180565834045
Little_Giant,0720,499,575,48.01808000272099,-120.82610717970034,0.9814338088035583
Little_Giant,0720,558,487,48.00216435229628,-120.86159407503473,0.5584827661514282
Little_Giant,0720,542,485,48.00648046088603,-120.86240059538324,0.9980660676956177
Little_Giant,0720,467,542,48.026712219900496,-120.83941476545074,0.99826580286026
Little_Giant,0720,510,483,48.015112678065535,-120.86320711573175,0.9988160729408264
Little_Giant,0720,472,520,48.0253634359662,-120.84828648928433,0.9988406896591187
Little_Giant,0720,444,530,48.03291662599826,-120.8442538875418,0.996809184551239
Little_Giant,0720,542,511,48.00648046088603,-120.85191583085263,0.9983422756195068
Little_Giant,0720,478,571,48.02374489524504,-120.82772022039737,0.9336452484130859
Little_Giant,0720,460,503,48.028600517408506,-120.85514191224667,0.9755533337593079
Little_Giant,0720,527,505,48.01052681268892,-120.85433539189815,0.9993242025375366
Little_Giant,0720,476,541,48.02428440881876,-120.839818025625,0.9984128475189209
Little_Giant,0720,499,493,48.01808000272099,-120.8591745139892,0.9984729290008545
Little_Giant,0720,483,545,48.02239611131074,-120.83820498492798,0.9981101155281067
Little_Giant,0720,464,532,48.02752149026107,-120.84344736719329,0.9980611205101013
Little_Giant,0720,533,508,48.00890827196777,-120.85312561137539,0.999097466468811
Little_Giant,0720,516,555,48.01349413734438,-120.83417238318543,0.998320996761322
Little_Giant,0720,531,479,48.00944778554149,-120.86482015642876,0.9984407424926758
Little_Giant,0720,533,484,48.00890827196777,-120.8628038555575,0.9985323548316956
Little_Giant,0720,500,543,48.01781024593413,-120.83901150527649,0.9981363415718079
Little_Giant,0720,503,569,48.01700097557355,-120.82852674074587,0.9968608021736145
Little_Giant,0720,544,520,48.00594094731231,-120.84828648928433,0.998328685760498
Little_Giant,0720,474,492,48.02482392239248,-120.85957777416345,0.9935117959976196
Little_Giant,0720,474,491,48.02482392239248,-120.85998103433771,0.9899688959121704
Little_Giant,0720,556,524,48.00270386587,-120.84667344858732,0.9963880777359009
Little_Giant,0720,485,537,48.02185659773702,-120.84143106632202,0.9973890781402588
Little_Giant,0720,479,557,48.02347513845818,-120.83336586283693,0.9972708821296692
Little_Giant,0720,471,522,48.025633192753055,-120.84747996893583,0.9987478852272034
Little_Giant,0720,453,519,48.030488814916524,-120.84868974945859,0.9940061569213867
Little_Giant,0720,475,572,48.024554165605615,-120.82731696022311,0.7499322295188904
Little_Giant,0720,472,546,48.0253634359662,-120.83780172475372,0.9979100227355957
Little_Giant,0720,511,464,48.01484292127868,-120.87086905904258,0.8186755180358887
Little_Giant,0720,461,530,48.02833076062165,-120.8442538875418,0.9978693127632141
Little_Giant,0720,472,529,48.0253634359662,-120.84465714771605,0.9986192584037781
Little_Giant,0720,495,556,48.019159029868426,-120.83376912301118,0.9981406927108765
Little_Giant,0720,469,487,48.026172706326776,-120.86159407503473,0.8614827990531921
Little_Giant,0720,505,584,48.01646146199983,-120.82247783813206,0.8644067645072937
Little_Giant,0720,458,509,48.02914003098223,-120.85272235120114,0.9878295063972473
Little_Giant,0720,460,529,48.028600517408506,-120.84465714771605,0.9975646734237671
Little_Giant,0720,563,526,48.000815568361986,-120.8458669282388,0.8908541798591614
Little_Giant,0720,474,503,48.02482392239248,-120.85514191224667,0.9984692931175232
Little_Giant,0720,465,498,48.02725173347421,-120.85715821311793,0.9666544795036316
Little_Giant,0720,459,511,48.02887027419537,-120.85191583085263,0.9903781414031982
Little_Giant,0720,515,547,48.01376389413124,-120.83739846457946,0.9972845911979675
Little_Giant,0720,479,545,48.02347513845818,-120.83820498492798,0.9981777667999268
Little_Giant,0720,530,552,48.009717542328346,-120.8353821637082,0.9983483552932739
Little_Giant,0720,553,539,48.00351313623058,-120.8406245459735,0.9942101240158081
Little_Giant,0720,453,514,48.030488814916524,-120.85070605032986,0.9885709285736084
Little_Giant,0720,538,470,48.00755948803347,-120.86844949799706,0.7571038603782654
Little_Giant,0720,506,573,48.016191705212975,-120.82691370004886,0.9931574463844299
Little_Giant,0720,539,572,48.00728973124661,-120.82731696022311,0.9955233931541443
Little_Giant,0720,477,541,48.024014652031894,-120.839818025625,0.9984451532363892
Little_Giant,0720,532,484,48.009178028754626,-120.8628038555575,0.9986368417739868
Little_Giant,0720,449,541,48.031567842063964,-120.839818025625,0.9978581666946411
Little_Giant,0720,526,580,48.01079656947579,-120.82409087882908,0.9936349391937256
Little_Giant,0720,445,534,48.0326468692114,-120.84264084684477,0.9974817633628845
Little_Giant,0720,485,522,48.02185659773702,-120.84747996893583,0.9987262487411499
Little_Giant,0720,470,481,48.02590294953991,-120.86401363608026,0.6208341717720032
Little_Giant,0720,553,507,48.00351313623058,-120.85352887154964,0.9968512654304504
Little_Giant,0720,561,536,48.0013550819357,-120.84183432649627,0.9540766477584839
Little_Giant,0720,564,518,48.00054581157512,-120.84909300963285,0.8555889129638672
Little_Giant,0720,447,528,48.032107355637685,-120.8450604078903,0.9955897331237793
Little_Giant,0720,483,543,48.02239611131074,-120.83901150527649,0.9979242086410522
Little_Giant,0720,540,506,48.00701997445975,-120.8539321317239,0.9983015656471252
Little_Giant,0720,520,561,48.01241511019694,-120.8317528221399,0.9990118145942688
Little_Giant,0720,463,532,48.02779124704793,-120.84344736719329,0.9979574680328369
Little_Giant,0720,509,462,48.0153824348524,-120.8716755793911,0.9602367281913757
Little_Giant,0720,481,569,48.02293562488446,-120.82852674074587,0.9758608937263489
Little_Giant,0720,500,573,48.01781024593413,-120.82691370004886,0.9895113110542297
Little_Giant,0720,524,542,48.0113360830495,-120.83941476545074,0.9987572431564331
Little_Giant,0720,558,530,48.00216435229628,-120.8442538875418,0.9370467066764832
Little_Giant,0720,531,575,48.00944778554149,-120.82610717970034,0.9970271587371826
Little_Giant,0720,471,547,48.025633192753055,-120.83739846457946,0.9977614879608154
Little_Giant,0720,544,553,48.00594094731231,-120.83497890353394,0.9969987869262695
Little_Giant,0720,523,578,48.01160583983636,-120.82489739917759,0.9955017566680908
Little_Giant,0720,528,568,48.010257055902066,-120.82893000092012,0.998928964138031
Little_Giant,0720,561,524,48.0013550819357,-120.84667344858732,0.9057630896568298
Little_Giant,0720,482,513,48.0226658680976,-120.85110931050411,0.9989472031593323
Little_Giant,0720,506,469,48.016191705212975,-120.86885275817131,0.9867475032806396
Little_Giant,0720,559,498,48.00189459550942,-120.85715821311793,0.8136644959449768
Little_Giant,0720,503,545,48.01700097557355,-120.83820498492798,0.9979565739631653
Little_Giant,0720,528,533,48.010257055902066,-120.84304410701903,0.9995052814483643
Little_Giant,0720,536,542,48.00809900160719,-120.83941476545074,0.998460054397583
Little_Giant,0720,460,506,48.028600517408506,-120.8539321317239,0.9800655245780945
Little_Giant,0720,543,549,48.006210704099175,-120.83659194423096,0.9969095587730408
Little_Giant,0720,457,552,48.02940978776909,-120.8353821637082,0.9903766512870789
Little_Giant,0720,463,541,48.02779124704793,-120.839818025625,0.9979313015937805
Little_Giant,0720,472,555,48.0253634359662,-120.83417238318543,0.9970250725746155
Little_Giant,0720,491,572,48.02023805701587,-120.82731696022311,0.985209584236145
Little_Giant,0720,472,548,48.0253634359662,-120.83699520440521,0.9979550838470459
Little_Giant,0720,537,503,48.00782924482033,-120.85514191224667,0.9985833764076233
Little_Giant,0720,484,536,48.022126354523884,-120.84183432649627,0.9978067874908447
Little_Giant,0720,466,520,48.02698197668735,-120.84828648928433,0.9983558654785156
Little_Giant,0720,533,487,48.00890827196777,-120.86159407503473,0.9989191293716431
Little_Giant,0720,458,515,48.02914003098223,-120.85030279015561,0.9937089681625366
Little_Giant,0720,489,502,48.02077757058959,-120.85554517242092,0.99881911277771
Little_Giant,0720,549,571,48.004592163378014,-120.82772022039737,0.9819674491882324
Little_Giant,0720,560,510,48.00162483872256,-120.85231909102689,0.898102879524231
Little_Giant,0720,530,583,48.009717542328346,-120.82288109830631,0.9768214225769043
Little_Giant,0720,532,528,48.009178028754626,-120.8450604078903,0.9995405673980713
Little_Giant,0720,539,501,48.00728973124661,-120.85594843259517,0.9982429146766663
Little_Giant,0720,557,523,48.00243410908314,-120.84707670876158,0.9885697960853577
Little_Giant,0720,550,534,48.00432240659116,-120.84264084684477,0.9983619451522827
Little_Giant,0720,524,585,48.0113360830495,-120.8220745779578,0.9447964429855347
Little_Giant,0720,553,487,48.00351313623058,-120.86159407503473,0.956871747970581
Little_Giant,0720,492,489,48.019968300229,-120.86078755468623,0.9977006912231445
Little_Giant,0720,477,573,48.024014652031894,-120.82691370004886,0.7637319564819336
Little_Giant,0720,556,483,48.00270386587,-120.86320711573175,0.5680781602859497
Little_Giant,0720,505,579,48.01646146199983,-120.82449413900333,0.9709647297859192
Little_Giant,0720,471,504,48.025633192753055,-120.85473865207241,0.9981974363327026
Little_Giant,0720,473,568,48.025093679179335,-120.82893000092012,0.929624080657959
Little_Giant,0720,485,543,48.02185659773702,-120.83901150527649,0.9962472319602966
Little_Giant,0720,545,512,48.005671190525455,-120.85151257067837,0.9981801509857178
Little_Giant,0720,492,563,48.019968300229,-120.8309463017914,0.9975247383117676
Little_Giant,0720,500,571,48.01781024593413,-120.82772022039737,0.992890477180481
Little_Giant,0720,459,492,48.02887027419537,-120.85957777416345,0.7742810249328613
Little_Giant,0720,536,511,48.00809900160719,-120.85191583085263,0.9990463256835938
Little_Giant,0720,511,572,48.01484292127868,-120.82731696022311,0.9978369474411011
Little_Giant,0720,550,554,48.00432240659116,-120.83457564335968,0.985497236251831
Little_Giant,0720,501,457,48.01754048914727,-120.87369188026236,0.8283780217170715
Little_Giant,0720,508,459,48.015652191639255,-120.87288535991385,0.897569477558136
Little_Giant,0720,485,521,48.02185659773702,-120.84788322911008,0.9988253712654114
Little_Giant,0720,496,496,48.01888927308157,-120.85796473346645,0.9986026883125305
Little_Giant,0720,461,520,48.02833076062165,-120.84828648928433,0.9971200227737427
Little_Giant,0720,449,526,48.031567842063964,-120.8458669282388,0.9943462610244751
Little_Giant,0720,517,552,48.01322438055752,-120.8353821637082,0.9979441165924072
Little_Giant,0720,530,559,48.009717542328346,-120.83255934248842,0.998690128326416
Little_Giant,0720,439,531,48.03426540993256,-120.84385062736754,0.9966128468513489
Little_Giant,0720,535,530,48.00836875839405,-120.8442538875418,0.9991060495376587
Little_Giant,0720,540,474,48.00701997445975,-120.86683645730004,0.9792595505714417
Little_Giant,0720,534,484,48.008638515180905,-120.8628038555575,0.9983466267585754
Little_Giant,0720,511,461,48.01484292127868,-120.87207883956535,0.7385979294776917
Little_Giant,0720,563,517,48.000815568361986,-120.8494962698071,0.7683924436569214
Little_Giant,0720,538,524,48.00755948803347,-120.84667344858732,0.9993364810943604
Little_Giant,0720,499,461,48.01808000272099,-120.87207883956535,0.7071084380149841
Little_Giant,0720,539,468,48.00728973124661,-120.86925601834557,0.6388080716133118
Little_Giant,0720,534,508,48.008638515180905,-120.85312561137539,0.9990087747573853
Little_Giant,0720,534,528,48.008638515180905,-120.8450604078903,0.9993870854377747
Little_Giant,0720,476,528,48.02428440881876,-120.8450604078903,0.9985233545303345
Little_Giant,0720,558,489,48.00216435229628,-120.86078755468623,0.594754695892334
Little_Giant,0720,532,540,48.009178028754626,-120.84022128579925,0.9989312291145325
Little_Giant,0720,497,472,48.018619516294706,-120.86764297764854,0.7154592275619507
Little_Giant,0720,448,522,48.03183759885082,-120.84747996893583,0.989830732345581
Little_Giant,0720,542,490,48.00648046088603,-120.86038429451197,0.998137354850769
Little_Giant,0720,532,511,48.009178028754626,-120.85191583085263,0.9993664622306824
Little_Giant,0720,513,564,48.01430340770496,-120.83054304161715,0.9987869262695312
Little_Giant,0720,542,506,48.00648046088603,-120.8539321317239,0.9982210397720337
Little_Giant,0720,521,542,48.012145353410084,-120.83941476545074,0.9987680912017822
Little_Giant,0720,473,546,48.025093679179335,-120.83780172475372,0.9981510639190674
Little_Giant,0720,495,562,48.019159029868426,-120.83134956196565,0.9970754981040955
Little_Giant,0720,450,518,48.0312980852771,-120.84909300963285,0.9867486357688904
Little_Giant,0720,468,509,48.02644246311363,-120.85272235120114,0.9985554814338684
Little_Giant,0720,475,493,48.024554165605615,-120.8591745139892,0.9969086050987244
Little_Giant,0720,539,565,48.00728973124661,-120.8301397814429,0.9978902339935303
Little_Giant,0720,538,491,48.00755948803347,-120.85998103433771,0.9984238147735596
Little_Giant,0720,552,512,48.00378289301744,-120.85151257067837,0.9979904890060425
Little_Giant,0720,447,549,48.032107355637685,-120.83659194423096,0.9847875237464905
Little_Giant,0720,538,505,48.00755948803347,-120.85433539189815,0.998366117477417
Little_Giant,0720,456,554,48.02967954455595,-120.83457564335968,0.9801440834999084
Little_Giant,0720,512,562,48.014573164491814,-120.83134956196565,0.9986326098442078
Little_Giant,0720,548,562,48.00486192016488,-120.83134956196565,0.9937147498130798
Little_Giant,0720,489,501,48.02077757058959,-120.85594843259517,0.9987986087799072
Little_Giant,0720,510,554,48.015112678065535,-120.83457564335968,0.9978179931640625
Little_Giant,0720,480,485,48.02320538167132,-120.86240059538324,0.9816723465919495
Little_Giant,0720,507,545,48.01592194842611,-120.83820498492798,0.9981452822685242
Little_Giant,0720,545,559,48.005671190525455,-120.83255934248842,0.996869683265686
Little_Giant,0720,494,466,48.01942878665529,-120.87006253869407,0.5905032157897949
Little_Giant,0720,519,547,48.0126848669838,-120.83739846457946,0.9975957870483398
Little_Giant,0720,478,481,48.02374489524504,-120.86401363608026,0.948359489440918
Little_Giant,0720,494,535,48.01942878665529,-120.84223758667052,0.9987089037895203
Little_Giant,0720,453,527,48.030488814916524,-120.84546366806455,0.9968835115432739
Little_Giant,0720,538,554,48.00755948803347,-120.83457564335968,0.9979578256607056
Little_Giant,0720,493,500,48.019698543442146,-120.85635169276942,0.9986417293548584
Little_Giant,0720,557,498,48.00243410908314,-120.85715821311793,0.9877829551696777
Little_Giant,0720,460,535,48.028600517408506,-120.84223758667052,0.9975923299789429
Little_Giant,0720,472,516,48.0253634359662,-120.84989952998136,0.9987789988517761
Little_Giant,0720,529,572,48.0099872991152,-120.82731696022311,0.9984099268913269
Little_Giant,0720,467,493,48.026712219900496,-120.8591745139892,0.9695930480957031
Little_Giant,0720,539,503,48.00728973124661,-120.85514191224667,0.9982213377952576
Little_Giant,0720,491,548,48.02023805701587,-120.83699520440521,0.9962474703788757
Little_Giant,0720,447,541,48.032107355637685,-120.839818025625,0.9975438117980957
Little_Giant,0720,554,524,48.00324337944372,-120.84667344858732,0.9973896741867065
Little_Giant,0720,548,577,48.00486192016488,-120.82530065935184,0.9936220049858093
Little_Giant,0720,467,494,48.026712219900496,-120.85877125381495,0.9784680008888245
Little_Giant,0720,475,490,48.024554165605615,-120.86038429451197,0.9902445673942566
Little_Giant,0720,544,565,48.00594094731231,-120.8301397814429,0.9976850152015686
Little_Giant,0720,492,473,48.019968300229,-120.86723971747429,0.8189687132835388
Little_Giant,0720,464,505,48.02752149026107,-120.85433539189815,0.9924083352088928
Little_Giant,0720,492,582,48.019968300229,-120.82328435848056,0.7897486090660095
Little_Giant,0720,483,559,48.02239611131074,-120.83255934248842,0.9972932934761047
Little_Giant,0720,461,563,48.02833076062165,-120.8309463017914,0.7493442893028259
Little_Giant,0720,503,565,48.01700097557355,-120.8301397814429,0.9970422983169556
Little_Giant,0720,546,534,48.0054014337386,-120.84264084684477,0.9986725449562073
Little_Giant,0720,542,530,48.00648046088603,-120.8442538875418,0.998994767665863
Little_Giant,0720,501,551,48.01754048914727,-120.83578542388246,0.9967270493507385
Little_Giant,0720,473,558,48.025093679179335,-120.83296260266268,0.9958924651145935
Little_Giant,0720,565,519,48.000276054788266,-120.84868974945859,0.8361853361129761
Little_Giant,0720,465,513,48.02725173347421,-120.85110931050411,0.998032808303833
Little_Giant,0720,557,490,48.00243410908314,-120.86038429451197,0.7689082622528076
Little_Giant,0720,483,491,48.02239611131074,-120.85998103433771,0.9962558150291443
Little_Giant,0720,487,526,48.0213170841633,-120.8458669282388,0.9986650943756104
Little_Giant,0720,520,472,48.01241511019694,-120.86764297764854,0.9871794581413269
Little_Giant,0720,488,491,48.02104732737644,-120.85998103433771,0.9970532655715942
Little_Giant,0720,538,560,48.00755948803347,-120.83215608231416,0.9983398914337158
Little_Giant,0720,542,475,48.00648046088603,-120.86643319712579,0.9798145890235901
Little_Giant,0720,490,501,48.02050781380272,-120.85594843259517,0.9986802339553833
Little_Giant,0720,509,477,48.0153824348524,-120.86562667677728,0.9984208345413208
Little_Giant,0720,512,576,48.014573164491814,-120.82570391952609,0.9943221211433411
Little_Giant,0720,452,546,48.03075857170339,-120.83780172475372,0.9960351586341858
Little_Giant,0720,488,500,48.02104732737644,-120.85635169276942,0.9986631274223328
Little_Giant,0720,535,550,48.00836875839405,-120.83618868405671,0.9982578158378601
Little_Giant,0720,514,564,48.014033650918094,-120.83054304161715,0.9989429116249084
Little_Giant,0720,526,555,48.01079656947579,-120.83417238318543,0.9982703328132629
Little_Giant,0720,496,481,48.01888927308157,-120.86401363608026,0.9934359788894653
Little_Giant,0720,535,555,48.00836875839405,-120.83417238318543,0.9983966946601868
Little_Giant,0720,525,478,48.01106632626264,-120.86522341660302,0.9986186027526855
Little_Giant,0720,458,545,48.02914003098223,-120.83820498492798,0.9975171685218811
Little_Giant,0720,490,565,48.02050781380272,-120.8301397814429,0.9972063302993774
Little_Giant,0720,487,490,48.0213170841633,-120.86038429451197,0.9952946901321411
Little_Giant,0720,465,496,48.02725173347421,-120.85796473346645,0.9562798738479614
Little_Giant,0720,500,553,48.01781024593413,-120.83497890353394,0.997180700302124
Little_Giant,0720,481,528,48.02293562488446,-120.8450604078903,0.9988436102867126
Little_Giant,0720,514,550,48.014033650918094,-120.83618868405671,0.996804416179657
Little_Giant,0720,541,531,48.006750217672895,-120.84385062736754,0.9991172552108765
Little_Giant,0720,481,575,48.02293562488446,-120.82610717970034,0.7534658908843994
Little_Giant,0720,472,491,48.0253634359662,-120.85998103433771,0.9863876700401306
Little_Giant,0720,490,557,48.02050781380272,-120.83336586283693,0.998266875743866
Little_Giant,0720,549,532,48.004592163378014,-120.84344736719329,0.9985558986663818
Little_Giant,0720,446,535,48.03237711242454,-120.84223758667052,0.9975033402442932
Little_Giant,0720,474,535,48.02482392239248,-120.84223758667052,0.99849933385849
Little_Giant,0720,474,519,48.02482392239248,-120.84868974945859,0.9988356232643127
Little_Giant,0720,495,477,48.019159029868426,-120.86562667677728,0.9249889254570007
Little_Giant,0720,472,506,48.0253634359662,-120.8539321317239,0.9985406994819641
Little_Giant,0720,489,549,48.02077757058959,-120.83659194423096,0.9970092177391052
Little_Giant,0720,440,514,48.0339956531457,-120.85070605032986,0.680696964263916
Little_Giant,0720,469,482,48.026172706326776,-120.863610375906,0.6601845622062683
Little_Giant,0720,494,477,48.01942878665529,-120.86562667677728,0.941769003868103
Little_Giant,0720,509,555,48.0153824348524,-120.83417238318543,0.9978630542755127
Little_Giant,0720,533,476,48.00890827196777,-120.86602993695153,0.9959568977355957
Little_Giant,0720,463,555,48.02779124704793,-120.83417238318543,0.9918406009674072
Little_Giant,0720,545,521,48.005671190525455,-120.84788322911008,0.9982193112373352
Little_Giant,0720,466,524,48.02698197668735,-120.84667344858732,0.9984143376350403
Little_Giant,0720,492,568,48.019968300229,-120.82893000092012,0.993278443813324
Little_Giant,0720,557,486,48.00243410908314,-120.86199733520898,0.5625794529914856
Little_Giant,0720,463,530,48.02779124704793,-120.8442538875418,0.9979895949363708
Little_Giant,0720,539,518,48.00728973124661,-120.84909300963285,0.9991012811660767
Little_Giant,0720,475,560,48.024554165605615,-120.83215608231416,0.9935814738273621
Little_Giant,0720,547,507,48.005131676951734,-120.85352887154964,0.9980401992797852
Little_Giant,0720,506,568,48.016191705212975,-120.82893000092012,0.9981942772865295
Little_Giant,0720,477,534,48.024014652031894,-120.84264084684477,0.9984490871429443
Little_Giant,0720,487,488,48.0213170841633,-120.86119081486048,0.9947289824485779
Little_Giant,0720,506,492,48.016191705212975,-120.85957777416345,0.998991072177887
Little_Giant,0720,488,572,48.02104732737644,-120.82731696022311,0.977782666683197
Little_Giant,0720,550,539,48.00432240659116,-120.8406245459735,0.9968213438987732
Little_Giant,0720,483,526,48.02239611131074,-120.8458669282388,0.9986894130706787
Little_Giant,0720,534,535,48.008638515180905,-120.84223758667052,0.9990420341491699
Little_Giant,0720,540,538,48.00701997445975,-120.84102780614776,0.9987302422523499
Little_Giant,0720,487,472,48.0213170841633,-120.86764297764854,0.8048452734947205
Little_Giant,0720,474,546,48.02482392239248,-120.83780172475372,0.9981875419616699
Little_Giant,0720,536,583,48.00809900160719,-120.82288109830631,0.9813966155052185
Little_Giant,0720,526,536,48.01079656947579,-120.84183432649627,0.9993699193000793
Little_Giant,0720,545,526,48.005671190525455,-120.8458669282388,0.9983919858932495
Little_Giant,0720,531,481,48.00944778554149,-120.86401363608026,0.9986030459403992
Little_Giant,0720,528,560,48.010257055902066,-120.83215608231416,0.9988997578620911
Little_Giant,0720,504,573,48.016731218786695,-120.82691370004886,0.9901597499847412
Little_Giant,0720,531,537,48.00944778554149,-120.84143106632202,0.9990488886833191
Little_Giant,0720,564,537,48.00054581157512,-120.84143106632202,0.9557915925979614
Little_Giant,0720,490,497,48.02050781380272,-120.8575614732922,0.9984839558601379
Little_Giant,0720,538,537,48.00755948803347,-120.84143106632202,0.9986001253128052
Little_Giant,0720,480,518,48.02320538167132,-120.84909300963285,0.9990001916885376
Little_Giant,0720,502,548,48.01727073236041,-120.83699520440521,0.9969921112060547
Little_Giant,0720,555,518,48.00297362265686,-120.84909300963285,0.9974392652511597
Little_Giant,0720,512,564,48.014573164491814,-120.83054304161715,0.9986172318458557
Little_Giant,0720,537,541,48.00782924482033,-120.839818025625,0.9986581802368164
Little_Giant,0720,483,501,48.02239611131074,-120.85594843259517,0.9986952543258667
Little_Giant,0720,505,555,48.01646146199983,-120.83417238318543,0.9974344372749329
Little_Giant,0720,525,537,48.01106632626264,-120.84143106632202,0.9993191957473755
Little_Giant,0720,533,540,48.00890827196777,-120.84022128579925,0.9988052845001221
Little_Giant,0720,490,545,48.02050781380272,-120.83820498492798,0.9952378869056702
Little_Giant,0720,478,559,48.02374489524504,-120.83255934248842,0.9967089295387268
Little_Giant,0720,517,565,48.01322438055752,-120.8301397814429,0.9989238977432251
Little_Giant,0720,559,536,48.00189459550942,-120.84183432649627,0.9062130451202393
Little_Giant,0720,539,498,48.00728973124661,-120.85715821311793,0.9984064698219299
Little_Giant,0720,470,519,48.02590294953991,-120.84868974945859,0.9987257122993469
Little_Giant,0720,538,490,48.00755948803347,-120.86038429451197,0.9983801245689392
Little_Giant,0720,494,582,48.01942878665529,-120.82328435848056,0.8231001496315002
Little_Giant,0720,532,526,48.009178028754626,-120.8458669282388,0.9994928240776062
Little_Giant,0720,457,557,48.02940978776909,-120.83336586283693,0.9581959843635559
Little_Giant,0720,533,567,48.00890827196777,-120.82933326109438,0.9986028671264648
Little_Giant,0720,473,530,48.025093679179335,-120.8442538875418,0.9986577033996582
Little_Giant,0720,488,528,48.02104732737644,-120.8450604078903,0.9986758828163147
Little_Giant,0720,550,518,48.00432240659116,-120.84909300963285,0.9981118440628052
Little_Giant,0720,541,555,48.006750217672895,-120.83417238318543,0.9973010420799255
Little_Giant,0720,484,502,48.022126354523884,-120.85554517242092,0.9989011883735657
Little_Giant,0720,512,557,48.014573164491814,-120.83336586283693,0.9983372688293457
Little_Giant,0720,511,462,48.01484292127868,-120.8716755793911,0.7602138519287109
Little_Giant,0720,497,492,48.018619516294706,-120.85957777416345,0.9982343316078186
Little_Giant,0720,525,549,48.01106632626264,-120.83659194423096,0.9982675909996033
Little_Giant,0720,553,500,48.00351313623058,-120.85635169276942,0.9904478192329407
Little_Giant,0720,489,585,48.02077757058959,-120.8220745779578,0.5672348141670227
Little_Giant,0720,522,543,48.01187559662322,-120.83901150527649,0.9986174702644348
Little_Giant,0720,517,473,48.01322438055752,-120.86723971747429,0.9954731464385986
Little_Giant,0720,473,566,48.025093679179335,-120.82973652126864,0.9654523730278015
Little_Giant,0720,492,474,48.019968300229,-120.86683645730004,0.8248282670974731
Little_Giant,0720,503,479,48.01700097557355,-120.86482015642876,0.9977394342422485
Little_Giant,0720,518,552,48.01295462377066,-120.8353821637082,0.997868537902832
Little_Giant,0720,527,563,48.01052681268892,-120.8309463017914,0.9990660548210144
Little_Giant,0720,444,539,48.03291662599826,-120.8406245459735,0.9977431893348694
Little_Giant,0720,500,584,48.01781024593413,-120.82247783813206,0.8521750569343567
Little_Giant,0720,448,535,48.03183759885082,-120.84223758667052,0.9973722696304321
Little_Giant,0720,544,486,48.00594094731231,-120.86199733520898,0.9979216456413269
Little_Giant,0720,511,548,48.01484292127868,-120.83699520440521,0.9976643323898315
Little_Giant,0720,565,502,48.000276054788266,-120.85554517242092,0.677977979183197
Little_Giant,0720,558,499,48.00216435229628,-120.85675495294367,0.9771603941917419
Little_Giant,0720,468,535,48.02644246311363,-120.84223758667052,0.998394250869751
Little_Giant,0720,462,523,48.02806100383479,-120.84707670876158,0.9979652762413025
Little_Giant,0720,503,557,48.01700097557355,-120.83336586283693,0.9977787137031555
Little_Giant,0720,497,461,48.018619516294706,-120.87207883956535,0.5857431888580322
Little_Giant,0720,537,469,48.00782924482033,-120.86885275817131,0.6754739880561829
Little_Giant,0720,544,504,48.00594094731231,-120.85473865207241,0.9981875419616699
Little_Giant,0720,491,533,48.02023805701587,-120.84304410701903,0.9986721277236938
Little_Giant,0720,535,588,48.00836875839405,-120.82086479743504,0.8938398361206055
Little_Giant,0720,472,488,48.0253634359662,-120.86119081486048,0.9660913348197937
Little_Giant,0720,531,508,48.00944778554149,-120.85312561137539,0.999199390411377
Little_Giant,0720,473,496,48.025093679179335,-120.85796473346645,0.9958776831626892
Little_Giant,0720,523,567,48.01160583983636,-120.82933326109438,0.9988551139831543
Little_Giant,0720,489,550,48.02077757058959,-120.83618868405671,0.9969815015792847
Little_Giant,0720,546,535,48.0054014337386,-120.84223758667052,0.998728334903717
Little_Giant,0720,546,519,48.0054014337386,-120.84868974945859,0.9981443881988525
Little_Giant,0720,486,515,48.021586840950164,-120.85030279015561,0.9990801811218262
Little_Giant,0720,504,486,48.016731218786695,-120.86199733520898,0.9982624650001526
Little_Giant,0720,493,581,48.019698543442146,-120.82368761865482,0.8481671214103699
Little_Giant,0720,528,576,48.010257055902066,-120.82570391952609,0.996518075466156
Little_Giant,0720,472,494,48.0253634359662,-120.85877125381495,0.995472252368927
Little_Giant,0720,461,497,48.02833076062165,-120.8575614732922,0.9469161033630371
Little_Giant,0720,448,528,48.03183759885082,-120.8450604078903,0.9956033825874329
Little_Giant,0720,559,521,48.00189459550942,-120.84788322911008,0.8378698825836182
Little_Giant,0720,528,554,48.010257055902066,-120.83457564335968,0.9982511401176453
Little_Giant,0720,548,506,48.00486192016488,-120.8539321317239,0.998127281665802
Little_Giant,0720,556,513,48.00270386587,-120.85110931050411,0.9938816428184509
Little_Giant,0720,500,471,48.01781024593413,-120.8680462378228,0.9356288909912109
Little_Giant,0720,566,527,48.0000062980014,-120.84546366806455,0.8897241950035095
Little_Giant,0720,540,525,48.00701997445975,-120.84627018841307,0.9991686940193176
Little_Giant,0720,488,493,48.02104732737644,-120.8591745139892,0.9981786608695984
Little_Giant,0720,511,581,48.01484292127868,-120.82368761865482,0.9777510166168213
Little_Giant,0720,509,468,48.0153824348524,-120.86925601834557,0.9849966168403625
Little_Giant,0720,451,529,48.031028328490244,-120.84465714771605,0.9969344735145569
Little_Giant,0720,552,486,48.00378289301744,-120.86199733520898,0.9652882218360901
Little_Giant,0720,533,504,48.00890827196777,-120.85473865207241,0.9988080859184265
Little_Giant,0720,478,526,48.02374489524504,-120.8458669282388,0.998785138130188
Little_Giant,0720,457,500,48.02940978776909,-120.85635169276942,0.9540746808052063
Little_Giant,0720,541,490,48.006750217672895,-120.86038429451197,0.9982352256774902
Little_Giant,0720,496,584,48.01888927308157,-120.82247783813206,0.7397124171257019
Little_Giant,0720,501,484,48.01754048914727,-120.8628038555575,0.9980679750442505
Little_Giant,0720,533,525,48.00890827196777,-120.84627018841307,0.9994911551475525
Little_Giant,0720,481,540,48.02293562488446,-120.84022128579925,0.9985465407371521
Little_Giant,0720,501,455,48.01754048914727,-120.87449840061088,0.7623358368873596
Little_Giant,0720,530,490,48.009717542328346,-120.86038429451197,0.9992935061454773
Little_Giant,0720,532,510,48.009178028754626,-120.85231909102689,0.9992464184761047
Little_Giant,0720,545,572,48.005671190525455,-120.82731696022311,0.9953159689903259
Little_Giant,0720,490,500,48.02050781380272,-120.85635169276942,0.9986538887023926
Little_Giant,0720,481,561,48.02293562488446,-120.8317528221399,0.9958735704421997
Little_Giant,0720,531,491,48.00944778554149,-120.85998103433771,0.9994672536849976
Little_Giant,0720,486,472,48.021586840950164,-120.86764297764854,0.780751645565033
Little_Giant,0720,515,570,48.01376389413124,-120.82812348057162,0.9985434412956238
Little_Giant,0720,500,457,48.01781024593413,-120.87369188026236,0.7198426127433777
Little_Giant,0720,542,580,48.00648046088603,-120.82409087882908,0.9942998886108398
Little_Giant,0720,547,474,48.005131676951734,-120.86683645730004,0.862949013710022
Little_Giant,0720,480,544,48.02320538167132,-120.83860824510224,0.9983932971954346
Little_Giant,0720,442,521,48.03345613957198,-120.84788322911008,0.9722961783409119
Little_Giant,0720,539,528,48.00728973124661,-120.8450604078903,0.999159038066864
Little_Giant,0720,503,555,48.01700097557355,-120.83417238318543,0.9974613785743713
Little_Giant,0720,546,492,48.0054014337386,-120.85957777416345,0.9982282519340515
Little_Giant,0720,489,581,48.02077757058959,-120.82368761865482,0.6997671723365784
Little_Giant,0720,465,520,48.02725173347421,-120.84828648928433,0.9981479644775391
Little_Giant,0720,549,483,48.004592163378014,-120.86320711573175,0.9908527135848999
Little_Giant,0720,484,473,48.022126354523884,-120.86723971747429,0.7371535301208496
Little_Giant,0720,504,469,48.016731218786695,-120.86885275817131,0.9825067520141602
Little_Giant,0720,538,553,48.00755948803347,-120.83497890353394,0.9981735944747925
Little_Giant,0720,503,570,48.01700097557355,-120.82812348057162,0.996142566204071
Little_Giant,0720,487,542,48.0213170841633,-120.83941476545074,0.9957341551780701
Little_Giant,0720,533,555,48.00890827196777,-120.83417238318543,0.9983627200126648
Little_Giant,0720,526,539,48.01079656947579,-120.8406245459735,0.9990227222442627
Little_Giant,0720,458,506,48.02914003098223,-120.8539321317239,0.9761489629745483
Little_Giant,0720,560,524,48.00162483872256,-120.84667344858732,0.9187332987785339
Little_Giant,0720,526,578,48.01079656947579,-120.82489739917759,0.9954093098640442
Little_Giant,0720,484,538,48.022126354523884,-120.84102780614776,0.9973195791244507
Little_Giant,0720,563,540,48.000815568361986,-120.84022128579925,0.9016186594963074
Little_Giant,0720,527,534,48.01052681268892,-120.84264084684477,0.9993659257888794
Little_Giant,0720,501,544,48.01754048914727,-120.83860824510224,0.997795581817627
Little_Giant,0720,474,500,48.02482392239248,-120.85635169276942,0.9982035756111145
Little_Giant,0720,510,468,48.015112678065535,-120.86925601834557,0.9840289950370789
Little_Giant,0720,526,541,48.01079656947579,-120.839818025625,0.9988462328910828
Little_Giant,0720,515,561,48.01376389413124,-120.8317528221399,0.999002993106842
Little_Giant,0720,521,550,48.012145353410084,-120.83618868405671,0.9976482391357422
Little_Giant,0720,514,476,48.014033650918094,-120.86602993695153,0.9982694387435913
Little_Giant,0720,508,465,48.015652191639255,-120.87046579886832,0.9734038710594177
Little_Giant,0720,486,567,48.021586840950164,-120.82933326109438,0.9931190013885498
Little_Giant,0720,525,544,48.01106632626264,-120.83860824510224,0.9986404776573181
Little_Giant,0720,558,520,48.00216435229628,-120.84828648928433,0.9651854634284973
Little_Giant,0720,515,591,48.01376389413124,-120.81965501691228,0.545759379863739
Little_Giant,0720,453,501,48.030488814916524,-120.85594843259517,0.8436974883079529
Little_Giant,0720,542,492,48.00648046088603,-120.85957777416345,0.9981894493103027
Little_Giant,0720,490,544,48.02050781380272,-120.83860824510224,0.9949136972427368
Little_Giant,0720,485,566,48.02185659773702,-120.82973652126864,0.9953909516334534
Little_Giant,0720,564,533,48.00054581157512,-120.84304410701903,0.9659287333488464
Little_Giant,0720,505,478,48.01646146199983,-120.86522341660302,0.9980468153953552
Little_Giant,0720,537,490,48.00782924482033,-120.86038429451197,0.9984055757522583
Little_Giant,0720,535,583,48.00836875839405,-120.82288109830631,0.9800289273262024
Little_Giant,0720,461,552,48.02833076062165,-120.8353821637082,0.9953207969665527
Little_Giant,0720,483,540,48.02239611131074,-120.84022128579925,0.9978702068328857
Little_Giant,0720,448,556,48.03183759885082,-120.83376912301118,0.8142514228820801
Little_Giant,0720,492,557,48.019968300229,-120.83336586283693,0.9984580874443054
Little_Giant,0720,562,543,48.00108532514884,-120.83901150527649,0.7794620394706726
Little_Giant,0720,483,509,48.02239611131074,-120.85272235120114,0.9988632202148438
Little_Giant,0720,510,552,48.015112678065535,-120.8353821637082,0.9978299736976624
Little_Giant,0720,498,491,48.01834975950785,-120.85998103433771,0.998286783695221
Little_Giant,0720,519,582,48.0126848669838,-120.82328435848056,0.9802031517028809
Little_Giant,0720,479,551,48.02347513845818,-120.83578542388246,0.9976609349250793
Little_Giant,0720,503,476,48.01700097557355,-120.86602993695153,0.9965652823448181
Little_Giant,0720,546,491,48.0054014337386,-120.85998103433771,0.9981780648231506
Little_Giant,0720,546,470,48.0054014337386,-120.86844949799706,0.5095999240875244
Little_Giant,0720,534,555,48.008638515180905,-120.83417238318543,0.9983489513397217
Little_Giant,0720,538,536,48.00755948803347,-120.84183432649627,0.9987651705741882
Little_Giant,0720,537,552,48.00782924482033,-120.8353821637082,0.9983507394790649
Little_Giant,0720,566,540,48.0000062980014,-120.84022128579925,0.5774475932121277
Little_Giant,0720,463,486,48.02779124704793,-120.86199733520898,0.623670220375061
Little_Giant,0720,478,504,48.02374489524504,-120.85473865207241,0.998647153377533
Little_Giant,0720,544,514,48.00594094731231,-120.85070605032986,0.9981797337532043
Little_Giant,0720,556,523,48.00270386587,-120.84707670876158,0.9964973330497742
Little_Giant,0720,526,584,48.01079656947579,-120.82247783813206,0.9571912288665771
Little_Giant,0720,487,536,48.0213170841633,-120.84183432649627,0.9982759356498718
Little_Giant,0720,561,529,48.0013550819357,-120.84465714771605,0.8918859362602234
Little_Giant,0720,500,459,48.01781024593413,-120.87288535991385,0.7182932496070862
Little_Giant,0720,472,538,48.0253634359662,-120.84102780614776,0.9983917474746704
Little_Giant,0720,516,552,48.01349413734438,-120.8353821637082,0.9975593090057373
Little_Giant,0720,550,522,48.00432240659116,-120.84747996893583,0.9981665015220642
Little_Giant,0720,481,507,48.02293562488446,-120.85352887154964,0.9989020824432373
Little_Giant,0720,508,457,48.015652191639255,-120.87369188026236,0.9545684456825256
Little_Giant,0720,551,537,48.004052649804294,-120.84143106632202,0.995954692363739
Little_Giant,0720,451,520,48.031028328490244,-120.84828648928433,0.9923076033592224
Little_Giant,0720,539,578,48.00728973124661,-120.82489739917759,0.9941854476928711
Little_Giant,0720,547,512,48.005131676951734,-120.85151257067837,0.9980190396308899
Little_Giant,0720,448,511,48.03183759885082,-120.85191583085263,0.9427024722099304
Little_Giant,0720,538,476,48.00755948803347,-120.86602993695153,0.9864466190338135
Little_Giant,0720,562,502,48.00108532514884,-120.85554517242092,0.604112982749939
Little_Giant,0720,453,536,48.030488814916524,-120.84183432649627,0.9977095723152161
Little_Giant,0720,548,471,48.00486192016488,-120.8680462378228,0.6488121747970581
Little_Giant,0720,562,538,48.00108532514884,-120.84102780614776,0.9341710209846497
Little_Giant,0720,543,576,48.006210704099175,-120.82570391952609,0.9958024621009827
Little_Giant,0720,481,484,48.02293562488446,-120.8628038555575,0.9675186276435852
Little_Giant,0720,450,513,48.0312980852771,-120.85110931050411,0.9743024110794067
Little_Giant,0720,463,518,48.02779124704793,-120.84909300963285,0.9979004263877869
Little_Giant,0720,478,495,48.02374489524504,-120.8583679936407,0.9982023239135742
Little_Giant,0720,481,520,48.02293562488446,-120.84828648928433,0.9989708065986633
Little_Giant,0720,547,525,48.005131676951734,-120.84627018841307,0.9982580542564392
Little_Giant,0720,529,579,48.0099872991152,-120.82449413900333,0.9953961372375488
Little_Giant,0720,483,487,48.02239611131074,-120.86159407503473,0.9925457239151001
Little_Giant,0720,487,575,48.0213170841633,-120.82610717970034,0.9246454238891602
Little_Giant,0720,509,585,48.0153824348524,-120.8220745779578,0.902937650680542
Little_Giant,0720,554,489,48.00324337944372,-120.86078755468623,0.9241567254066467
Little_Giant,0720,560,519,48.00162483872256,-120.84868974945859,0.9319816827774048
Little_Giant,0720,499,561,48.01808000272099,-120.8317528221399,0.9970352053642273
Little_Giant,0720,546,573,48.0054014337386,-120.82691370004886,0.9954123497009277
Little_Giant,0720,507,557,48.01592194842611,-120.83336586283693,0.9980921149253845
Little_Giant,0720,527,532,48.01052681268892,-120.84344736719329,0.9994864463806152
Little_Giant,0720,541,521,48.006750217672895,-120.84788322911008,0.9989141225814819
Little_Giant,0720,482,471,48.0226658680976,-120.8680462378228,0.506493866443634
Little_Giant,0720,489,483,48.02077757058959,-120.86320711573175,0.9849338531494141
Little_Giant,0720,510,484,48.015112678065535,-120.8628038555575,0.9988518357276917
Little_Giant,0720,482,520,48.0226658680976,-120.84828648928433,0.9989349246025085
Little_Giant,0720,546,570,48.0054014337386,-120.82812348057162,0.9936336874961853
Little_Giant,0720,467,549,48.026712219900496,-120.83659194423096,0.9980674982070923
Little_Giant,0720,541,486,48.006750217672895,-120.86199733520898,0.9981344938278198
Little_Giant,0720,494,579,48.01942878665529,-120.82449413900333,0.8768281936645508
Little_Giant,0720,463,560,48.02779124704793,-120.83215608231416,0.9477142095565796
Little_Giant,0720,447,536,48.032107355637685,-120.84183432649627,0.9974824786186218
Little_Giant,0720,449,532,48.031567842063964,-120.84344736719329,0.9973538517951965
Little_Giant,0720,538,577,48.00755948803347,-120.82530065935184,0.994321882724762
Little_Giant,0720,547,491,48.005131676951734,-120.85998103433771,0.9980814456939697
Little_Giant,0720,526,503,48.01079656947579,-120.85514191224667,0.9994935393333435
Little_Giant,0720,532,500,48.009178028754626,-120.85635169276942,0.9989883899688721
Little_Giant,0720,504,461,48.016731218786695,-120.87207883956535,0.949982762336731
Little_Giant,0720,557,494,48.00243410908314,-120.85877125381495,0.9361186623573303
Little_Giant,0720,450,548,48.0312980852771,-120.83699520440521,0.9944802522659302
Little_Giant,0720,519,473,48.0126848669838,-120.86723971747429,0.9904600381851196
Little_Giant,0720,467,514,48.026712219900496,-120.85070605032986,0.9984583854675293
Little_Giant,0720,478,556,48.02374489524504,-120.83376912301118,0.9974311590194702
Little_Giant,0720,532,507,48.009178028754626,-120.85352887154964,0.999075174331665
Little_Giant,0720,486,514,48.021586840950164,-120.85070605032986,0.9990572929382324
Little_Giant,0720,494,569,48.01942878665529,-120.82852674074587,0.9911473989486694
Little_Giant,0720,538,525,48.00755948803347,-120.84627018841307,0.9993104338645935
Little_Giant,0720,459,540,48.02887027419537,-120.84022128579925,0.9979642033576965
Little_Giant,0720,553,542,48.00351313623058,-120.83941476545074,0.9901731014251709
Little_Giant,0720,536,536,48.00809900160719,-120.84183432649627,0.9987666010856628
Little_Giant,0720,488,485,48.02104732737644,-120.86240059538324,0.9944570660591125
Little_Giant,0720,543,529,48.006210704099175,-120.84465714771605,0.9987857937812805
Little_Giant,0720,492,491,48.019968300229,-120.85998103433771,0.9979348182678223
Little_Giant,0720,480,503,48.02320538167132,-120.85514191224667,0.9986925721168518
Little_Giant,0720,528,571,48.010257055902066,-120.82772022039737,0.998773992061615
Little_Giant,0720,539,584,48.00728973124661,-120.82247783813206,0.9789114594459534
Little_Giant,0720,487,503,48.0213170841633,-120.85514191224667,0.998788058757782
Little_Giant,0720,515,556,48.01376389413124,-120.83376912301118,0.9987359642982483
Little_Giant,0720,468,565,48.02644246311363,-120.8301397814429,0.9018169045448303
Little_Giant,0720,472,500,48.0253634359662,-120.85635169276942,0.9980983734130859
Little_Giant,0720,532,588,48.009178028754626,-120.82086479743504,0.8120366930961609
Little_Giant,0720,469,537,48.026172706326776,-120.84143106632202,0.9983665347099304
Little_Giant,0720,544,563,48.00594094731231,-120.8309463017914,0.9980555176734924
Little_Giant,0720,475,500,48.024554165605615,-120.85635169276942,0.9983016848564148
Little_Giant,0720,559,518,48.00189459550942,-120.84909300963285,0.8844394087791443
Little_Giant,0720,486,483,48.021586840950164,-120.86320711573175,0.9799795150756836
Little_Giant,0720,537,588,48.00782924482033,-120.82086479743504,0.920142412185669
Little_Giant,0720,492,564,48.019968300229,-120.83054304161715,0.9976580142974854
Little_Giant,0720,560,517,48.00162483872256,-120.8494962698071,0.9187830090522766
Little_Giant,0720,497,479,48.018619516294706,-120.86482015642876,0.9865472316741943
Little_Giant,0720,471,551,48.025633192753055,-120.83578542388246,0.997788667678833
Little_Giant,0720,483,544,48.02239611131074,-120.83860824510224,0.997997522354126
Little_Giant,0720,535,566,48.00836875839405,-120.82973652126864,0.9984890222549438
Little_Giant,0720,543,487,48.006210704099175,-120.86159407503473,0.9980912804603577
Little_Giant,0720,554,506,48.00324337944372,-120.8539321317239,0.994635283946991
Little_Giant,0720,481,534,48.02293562488446,-120.84264084684477,0.9986756443977356
Little_Giant,0720,481,509,48.02293562488446,-120.85272235120114,0.9988937377929688
Little_Giant,0720,550,545,48.00432240659116,-120.83820498492798,0.9893712997436523
Little_Giant,0720,504,484,48.016731218786695,-120.8628038555575,0.998189389705658
Little_Giant,0720,506,558,48.016191705212975,-120.83296260266268,0.9979214072227478
Little_Giant,0720,528,494,48.010257055902066,-120.85877125381495,0.9995768666267395
Little_Giant,0720,528,580,48.010257055902066,-120.82409087882908,0.9937260150909424
Little_Giant,0720,549,557,48.004592163378014,-120.83336586283693,0.9906766414642334
Little_Giant,0720,471,500,48.025633192753055,-120.85635169276942,0.9966399073600769
Little_Giant,0720,467,554,48.026712219900496,-120.83457564335968,0.9964561462402344
Little_Giant,0720,478,547,48.02374489524504,-120.83739846457946,0.998060405254364
Little_Giant,0720,540,485,48.00701997445975,-120.86240059538324,0.9981328248977661
Little_Giant,0720,540,558,48.00701997445975,-120.83296260266268,0.9977315664291382
Little_Giant,0720,455,528,48.0299493013428,-120.8450604078903,0.997080385684967
Little_Giant,0720,548,544,48.00486192016488,-120.83860824510224,0.9929895997047424
Little_Giant,0720,493,468,48.019698543442146,-120.86925601834557,0.7035777568817139
Little_Giant,0720,552,574,48.00378289301744,-120.8265104398746,0.9371441602706909
Little_Giant,0720,478,549,48.02374489524504,-120.83659194423096,0.9980053305625916
Little_Giant,0720,489,489,48.02077757058959,-120.86078755468623,0.9955388307571411
Little_Giant,0720,463,497,48.02779124704793,-120.8575614732922,0.9439514875411987
Little_Giant,0720,541,514,48.006750217672895,-120.85070605032986,0.9986841082572937
Little_Giant,0720,502,564,48.01727073236041,-120.83054304161715,0.9971513748168945
Little_Giant,0720,469,563,48.026172706326776,-120.8309463017914,0.9558061957359314
Little_Giant,0720,515,550,48.01376389413124,-120.83618868405671,0.9969756007194519
Little_Giant,0720,459,526,48.02887027419537,-120.8458669282388,0.9966115355491638
Little_Giant,0720,491,571,48.02023805701587,-120.82772022039737,0.9881643056869507
Little_Giant,0720,520,542,48.01241511019694,-120.83941476545074,0.998718798160553
Little_Giant,0720,476,549,48.02428440881876,-120.83659194423096,0.998067319393158
Little_Giant,0720,469,556,48.026172706326776,-120.83376912301118,0.9956106543540955
Little_Giant,0720,456,517,48.02967954455595,-120.8494962698071,0.9944717288017273
Little_Giant,0720,461,534,48.02833076062165,-120.84264084684477,0.9977099895477295
Little_Giant,0720,554,558,48.00324337944372,-120.83296260266268,0.8792098164558411
Little_Giant,0720,531,548,48.00944778554149,-120.83699520440521,0.99844890832901
Little_Giant,0720,462,504,48.02806100383479,-120.85473865207241,0.9841134548187256
Little_Giant,0720,561,523,48.0013550819357,-120.84707670876158,0.9151975512504578
Little_Giant,0720,483,472,48.02239611131074,-120.86764297764854,0.5788642764091492
Little_Giant,0720,550,488,48.00432240659116,-120.86119081486048,0.992855966091156
Little_Giant,0720,499,488,48.01808000272099,-120.86119081486048,0.998084306716919
Little_Giant,0720,497,538,48.018619516294706,-120.84102780614776,0.9987969398498535
Little_Giant,0720,485,550,48.02185659773702,-120.83618868405671,0.9979904294013977
Little_Giant,0720,471,538,48.025633192753055,-120.84102780614776,0.9983243346214294
Little_Giant,0720,453,504,48.030488814916524,-120.85473865207241,0.8919485807418823
Little_Giant,0720,468,514,48.02644246311363,-120.85070605032986,0.9985959529876709
Little_Giant,0720,550,477,48.00432240659116,-120.86562667677728,0.9255867004394531
Little_Giant,0720,491,471,48.02023805701587,-120.8680462378228,0.7711662650108337
Little_Giant,0720,446,553,48.03237711242454,-120.83497890353394,0.9249665141105652
Little_Giant,0720,514,559,48.014033650918094,-120.83255934248842,0.9989773631095886
Little_Giant,0720,479,576,48.02347513845818,-120.82570391952609,0.5588676929473877
Little_Giant,0720,512,555,48.014573164491814,-120.83417238318543,0.9976826906204224
Little_Giant,0720,529,539,48.0099872991152,-120.8406245459735,0.9990599751472473
Little_Giant,0720,538,548,48.00755948803347,-120.83699520440521,0.9985195398330688
Little_Giant,0720,538,527,48.00755948803347,-120.84546366806455,0.999268651008606
Little_Giant,0720,508,559,48.015652191639255,-120.83255934248842,0.9984391927719116
Little_Giant,0720,553,558,48.00351313623058,-120.83296260266268,0.9536072611808777
Little_Giant,0720,469,492,48.026172706326776,-120.85957777416345,0.9747626781463623
Little_Giant,0720,562,522,48.00108532514884,-120.84747996893583,0.8913641571998596
Little_Giant,0720,557,507,48.00243410908314,-120.85352887154964,0.9909541606903076
Little_Giant,0720,495,491,48.019159029868426,-120.85998103433771,0.9980750679969788
Little_Giant,0720,540,527,48.00701997445975,-120.84546366806455,0.9992023706436157
Little_Giant,0720,478,515,48.02374489524504,-120.85030279015561,0.9988871216773987
Little_Giant,0720,544,561,48.00594094731231,-120.8317528221399,0.9980881810188293
Little_Giant,0720,479,487,48.02347513845818,-120.86159407503473,0.991514265537262
Little_Giant,0720,540,544,48.00701997445975,-120.83860824510224,0.9984375834465027
Little_Giant,0720,463,505,48.02779124704793,-120.85433539189815,0.9878804087638855
Little_Giant,0720,487,535,48.0213170841633,-120.84223758667052,0.9984820485115051
Little_Giant,0720,497,463,48.018619516294706,-120.87127231921684,0.6561833024024963
Little_Giant,0720,550,550,48.00432240659116,-120.83618868405671,0.988065242767334
Little_Giant,0720,497,547,48.018619516294706,-120.83739846457946,0.9957758188247681
Little_Giant,0720,514,468,48.014033650918094,-120.86925601834557,0.984007716178894
Little_Giant,0720,556,488,48.00270386587,-120.86119081486048,0.8128524422645569
Little_Giant,0720,522,554,48.01187559662322,-120.83457564335968,0.9978126287460327
Little_Giant,0720,495,559,48.019159029868426,-120.83255934248842,0.9978339076042175
Little_Giant,0720,520,548,48.01241511019694,-120.83699520440521,0.9965594410896301
Little_Giant,0720,468,529,48.02644246311363,-120.84465714771605,0.998594343662262
Little_Giant,0720,499,470,48.01808000272099,-120.86844949799706,0.8204290866851807
Little_Giant,0720,543,500,48.006210704099175,-120.85635169276942,0.998120129108429
Little_Giant,0720,464,530,48.02752149026107,-120.8442538875418,0.9980695843696594
Little_Giant,0720,453,508,48.030488814916524,-120.85312561137539,0.9661340117454529
Little_Giant,0720,532,567,48.009178028754626,-120.82933326109438,0.998839259147644
Little_Giant,0720,554,556,48.00324337944372,-120.83376912301118,0.8494870662689209
Little_Giant,0720,479,509,48.02347513845818,-120.85272235120114,0.9989033937454224
Little_Giant,0720,470,555,48.02590294953991,-120.83417238318543,0.9967040419578552
Little_Giant,0720,541,479,48.006750217672895,-120.86482015642876,0.9939303398132324
Little_Giant,0720,546,539,48.0054014337386,-120.8406245459735,0.9983132481575012
Little_Giant,0720,523,569,48.01160583983636,-120.82852674074587,0.9989235997200012
Little_Giant,0720,536,487,48.00809900160719,-120.86159407503473,0.9983556270599365
Little_Giant,0720,519,567,48.0126848669838,-120.82933326109438,0.9989302754402161
Little_Giant,0720,536,471,48.00809900160719,-120.8680462378228,0.911397397518158
Little_Giant,0720,532,566,48.009178028754626,-120.82973652126864,0.9988099932670593
Little_Giant,0720,444,522,48.03291662599826,-120.84747996893583,0.988226056098938
Little_Giant,0720,562,530,48.00108532514884,-120.8442538875418,0.9268226027488708
Little_Giant,0720,501,566,48.01754048914727,-120.82973652126864,0.9974417090415955
Little_Giant,0720,499,557,48.01808000272099,-120.83336586283693,0.9983792304992676
Little_Giant,0720,498,483,48.01834975950785,-120.86320711573175,0.9978430271148682
Little_Giant,0720,482,487,48.0226658680976,-120.86159407503473,0.9926635026931763
Little_Giant,0720,438,515,48.034535166719415,-120.85030279015561,0.6215166449546814
Little_Giant,0720,477,477,48.024014652031894,-120.86562667677728,0.8154703378677368
Little_Giant,0720,519,589,48.0126848669838,-120.82046153726078,0.7939448952674866
Little_Giant,0720,460,523,48.028600517408506,-120.84707670876158,0.9969159960746765
Little_Giant,0720,553,503,48.00351313623058,-120.85514191224667,0.9947392344474792
Little_Giant,0720,544,544,48.00594094731231,-120.83860824510224,0.9980217218399048
Little_Giant,0720,537,561,48.00782924482033,-120.8317528221399,0.9986391067504883
Little_Giant,0720,551,523,48.004052649804294,-120.84707670876158,0.9983192682266235
Little_Giant,0720,512,456,48.014573164491814,-120.87409514043662,0.8065508008003235
Little_Giant,0720,485,507,48.02185659773702,-120.85352887154964,0.9988088607788086
Little_Giant,0720,453,502,48.030488814916524,-120.85554517242092,0.8827759623527527
Little_Giant,0720,453,500,48.030488814916524,-120.85635169276942,0.8152555227279663
Little_Giant,0720,439,525,48.03426540993256,-120.84627018841307,0.9804784059524536
Little_Giant,0720,482,568,48.0226658680976,-120.82893000092012,0.9843788743019104
Little_Giant,0720,548,532,48.00486192016488,-120.84344736719329,0.9988431930541992
Little_Giant,0720,549,579,48.004592163378014,-120.82449413900333,0.982744574546814
Little_Giant,0720,527,562,48.01052681268892,-120.83134956196565,0.9989237189292908
Little_Giant,0720,553,535,48.00351313623058,-120.84223758667052,0.9966976046562195
Little_Giant,0720,473,486,48.025093679179335,-120.86199733520898,0.9556297063827515
Little_Giant,0720,517,562,48.01322438055752,-120.83134956196565,0.9989315867424011
Little_Giant,0720,445,547,48.0326468692114,-120.83739846457946,0.9900715947151184
Little_Giant,0720,476,507,48.02428440881876,-120.85352887154964,0.9987156391143799
Little_Giant,0720,554,512,48.00324337944372,-120.85151257067837,0.9957809448242188
Little_Giant,0720,509,582,48.0153824348524,-120.82328435848056,0.9728255271911621
Little_Giant,0720,499,495,48.01808000272099,-120.8583679936407,0.9987078905105591
Little_Giant,0720,510,580,48.015112678065535,-120.82409087882908,0.9850267767906189
Little_Giant,0720,483,484,48.02239611131074,-120.8628038555575,0.9768613576889038
Little_Giant,0720,535,467,48.00836875839405,-120.86965927851982,0.725598156452179
Little_Giant,0720,466,487,48.02698197668735,-120.86159407503473,0.6885601878166199
Little_Giant,0720,543,519,48.006210704099175,-120.84868974945859,0.9983207583427429
Little_Giant,0720,491,544,48.02023805701587,-120.83860824510224,0.9945791959762573
Little_Giant,0720,507,556,48.01592194842611,-120.83376912301118,0.9979931712150574
Little_Giant,0720,515,581,48.01376389413124,-120.82368761865482,0.9864215850830078
Little_Giant,0720,452,511,48.03075857170339,-120.85191583085263,0.980468213558197
Little_Giant,0720,510,458,48.015112678065535,-120.8732886200881,0.9092225432395935
Little_Giant,0720,487,541,48.0213170841633,-120.839818025625,0.9958885908126831
Little_Giant,0720,541,569,48.006750217672895,-120.82852674074587,0.9969607591629028
Little_Giant,0720,471,516,48.025633192753055,-120.84989952998136,0.9987614154815674
Little_Giant,0720,468,539,48.02644246311363,-120.8406245459735,0.9982501864433289
Little_Giant,0720,559,501,48.00189459550942,-120.85594843259517,0.8480148315429688
Little_Giant,0720,450,514,48.0312980852771,-120.85070605032986,0.9781457185745239
Little_Giant,0720,565,504,48.000276054788266,-120.85473865207241,0.7388805150985718
Little_Giant,0720,456,502,48.02967954455595,-120.85554517242092,0.9648408889770508
Little_Giant,0720,546,560,48.0054014337386,-120.83215608231416,0.996184229850769
Little_Giant,0720,504,553,48.016731218786695,-120.83497890353394,0.9966811537742615
Little_Giant,0720,517,475,48.01322438055752,-120.86643319712579,0.9978734254837036
Little_Giant,0720,494,577,48.01942878665529,-120.82530065935184,0.9255409836769104
Little_Giant,0720,483,514,48.02239611131074,-120.85070605032986,0.9989722967147827
Little_Giant,0720,509,563,48.0153824348524,-120.8309463017914,0.9983493685722351
Little_Giant,0720,518,543,48.01295462377066,-120.83901150527649,0.9985924363136292
Little_Giant,0720,451,502,48.031028328490244,-120.85554517242092,0.7910187244415283
Little_Giant,0720,526,581,48.01079656947579,-120.82368761865482,0.9897260069847107
Little_Giant,0720,530,560,48.009717542328346,-120.83215608231416,0.9987651705741882
Little_Giant,0720,456,549,48.02967954455595,-120.83659194423096,0.9959437847137451
Little_Giant,0720,550,498,48.00432240659116,-120.85715821311793,0.9975835680961609
Little_Giant,0720,553,553,48.00351313623058,-120.83497890353394,0.957119882106781
Little_Giant,0720,550,481,48.00432240659116,-120.86401363608026,0.9831503033638
Little_Giant,0720,450,542,48.0312980852771,-120.83941476545074,0.9974683523178101
Little_Giant,0720,505,473,48.01646146199983,-120.86723971747429,0.9935426115989685
Little_Giant,0720,534,567,48.008638515180905,-120.82933326109438,0.9982857704162598
Little_Giant,0720,487,557,48.0213170841633,-120.83336586283693,0.9978915452957153
Little_Giant,0720,522,542,48.01187559662322,-120.83941476545074,0.9987290501594543
Little_Giant,0720,533,471,48.00890827196777,-120.8680462378228,0.9697522521018982
Little_Giant,0720,536,493,48.00809900160719,-120.8591745139892,0.9986013770103455
Little_Giant,0720,495,569,48.019159029868426,-120.82852674074587,0.9910235404968262
Little_Giant,0720,517,561,48.01322438055752,-120.8317528221399,0.9989484548568726
Little_Giant,0720,443,547,48.03318638278512,-120.83739846457946,0.9865350127220154
Little_Giant,0720,515,475,48.01376389413124,-120.86643319712579,0.9980656504631042
Little_Giant,0720,511,477,48.01484292127868,-120.86562667677728,0.9985454678535461
Little_Giant,0720,474,485,48.02482392239248,-120.86240059538324,0.9505172371864319
Little_Giant,0720,501,462,48.01754048914727,-120.8716755793911,0.9287682175636292
Little_Giant,0720,521,588,48.012145353410084,-120.82086479743504,0.8687607049942017
Little_Giant,0720,488,548,48.02104732737644,-120.83699520440521,0.996737539768219
Little_Giant,0720,526,576,48.01079656947579,-120.82570391952609,0.996630847454071
Little_Giant,0720,536,526,48.00809900160719,-120.8458669282388,0.9993353486061096
Little_Giant,0720,480,559,48.02320538167132,-120.83255934248842,0.996748685836792
Little_Giant,0720,455,525,48.0299493013428,-120.84627018841307,0.9966636896133423
Little_Giant,0720,512,454,48.014573164491814,-120.87490166078513,0.5096182823181152
Little_Giant,0720,546,472,48.0054014337386,-120.86764297764854,0.8158102035522461
Little_Giant,0720,479,473,48.02347513845818,-120.86723971747429,0.7364495396614075
Little_Giant,0720,472,547,48.0253634359662,-120.83739846457946,0.9978764057159424
Little_Giant,0720,552,478,48.00378289301744,-120.86522341660302,0.8009470105171204
Little_Giant,0720,551,547,48.004052649804294,-120.83739846457946,0.984611988067627
Little_Giant,0720,545,506,48.005671190525455,-120.8539321317239,0.998117983341217
Little_Giant,0720,515,560,48.01376389413124,-120.83215608231416,0.9991202354431152
Little_Giant,0720,515,552,48.01376389413124,-120.8353821637082,0.9971750974655151
Little_Giant,0720,504,586,48.016731218786695,-120.82167131778355,0.7539724707603455
Little_Giant,0720,475,538,48.024554165605615,-120.84102780614776,0.99839848279953
Little_Giant,0720,567,524,47.999736541214546,-120.84667344858732,0.5138614773750305
Little_Giant,0720,481,574,48.02293562488446,-120.8265104398746,0.8151738047599792
Little_Giant,0720,480,575,48.02320538167132,-120.82610717970034,0.7235590219497681
Little_Giant,0720,464,526,48.02752149026107,-120.8458669282388,0.9981990456581116
Little_Giant,0720,538,555,48.00755948803347,-120.83417238318543,0.9978312849998474
Little_Giant,0720,515,569,48.01376389413124,-120.82852674074587,0.9988540410995483
Little_Giant,0720,530,509,48.009717542328346,-120.85272235120114,0.9993038177490234
Little_Giant,0720,482,498,48.0226658680976,-120.85715821311793,0.998519241809845
Little_Giant,0720,467,513,48.026712219900496,-120.85110931050411,0.9984564781188965
Little_Giant,0720,474,569,48.02482392239248,-120.82852674074587,0.918249249458313
Little_Giant,0720,452,532,48.03075857170339,-120.84344736719329,0.9975979328155518
Little_Giant,0720,462,503,48.02806100383479,-120.85514191224667,0.981328547000885
Little_Giant,0720,528,538,48.010257055902066,-120.84102780614776,0.9992560148239136
Little_Giant,0720,491,584,48.02023805701587,-120.82247783813206,0.638701856136322
Little_Giant,0720,554,476,48.00324337944372,-120.86602993695153,0.5301362872123718
Little_Giant,0720,552,576,48.00378289301744,-120.82570391952609,0.9542672634124756
Little_Giant,0720,461,508,48.02833076062165,-120.85312561137539,0.9899465441703796
Little_Giant,0720,475,489,48.024554165605615,-120.86078755468623,0.9876410365104675
Little_Giant,0720,462,564,48.02806100383479,-120.83054304161715,0.7417645454406738
Little_Giant,0720,542,533,48.00648046088603,-120.84304410701903,0.9989346861839294
Little_Giant,0720,441,515,48.03372589635884,-120.85030279015561,0.8258704543113708
Little_Giant,0720,494,490,48.01942878665529,-120.86038429451197,0.9980528950691223
Little_Giant,0720,523,554,48.01160583983636,-120.83457564335968,0.9981992244720459
Little_Giant,0720,530,498,48.009717542328346,-120.85715821311793,0.9994096159934998
Little_Giant,0720,555,544,48.00297362265686,-120.83860824510224,0.9712936282157898
Little_Giant,0720,525,500,48.01106632626264,-120.85635169276942,0.999665379524231
Little_Giant,0720,512,460,48.014573164491814,-120.8724820997396,0.6495927572250366
Little_Giant,0720,473,552,48.025093679179335,-120.8353821637082,0.9975700378417969
Little_Giant,0720,506,474,48.016191705212975,-120.86683645730004,0.9974746108055115
Little_Giant,0720,522,471,48.01187559662322,-120.8680462378228,0.9699969291687012
Little_Giant,0720,473,553,48.025093679179335,-120.83497890353394,0.9973283410072327
Little_Giant,0720,564,515,48.00054581157512,-120.85030279015561,0.8405809998512268
Little_Giant,0720,561,519,48.0013550819357,-120.84868974945859,0.9346264004707336
Little_Giant,0720,490,539,48.02050781380272,-120.8406245459735,0.9971615672111511
Little_Giant,0720,548,546,48.00486192016488,-120.83780172475372,0.9939122200012207
Little_Giant,0720,443,519,48.03318638278512,-120.84868974945859,0.970670223236084
Little_Giant,0720,522,575,48.01187559662322,-120.82610717970034,0.9967893958091736
Little_Giant,0720,552,500,48.00378289301744,-120.85635169276942,0.9935410022735596
Little_Giant,0720,469,495,48.026172706326776,-120.8583679936407,0.9906275868415833
Little_Giant,0720,471,537,48.025633192753055,-120.84143106632202,0.9983555674552917
Little_Giant,0720,477,501,48.024014652031894,-120.85594843259517,0.998512327671051
Little_Giant,0720,545,562,48.005671190525455,-120.83134956196565,0.9975160956382751
Little_Giant,0720,480,482,48.02320538167132,-120.863610375906,0.964320719242096
Little_Giant,0720,488,538,48.02104732737644,-120.84102780614776,0.9972683191299438
Little_Giant,0720,510,547,48.015112678065535,-120.83739846457946,0.9975317716598511
Little_Giant,0720,535,484,48.00836875839405,-120.8628038555575,0.9981427788734436
Little_Giant,0720,465,488,48.02725173347421,-120.86119081486048,0.6275585889816284
Little_Giant,0720,503,456,48.01700097557355,-120.87409514043662,0.8804384469985962
Little_Giant,0720,540,473,48.00701997445975,-120.86723971747429,0.9601892828941345
Little_Giant,0720,518,468,48.01295462377066,-120.86925601834557,0.966697633266449
Little_Giant,0720,489,575,48.02077757058959,-120.82610717970034,0.9415785074234009
Little_Giant,0720,481,513,48.02293562488446,-120.85110931050411,0.9989673495292664
Little_Giant,0720,556,536,48.00270386587,-120.84183432649627,0.9919341206550598
Little_Giant,0720,511,453,48.01484292127868,-120.87530492095938,0.5047832727432251
Little_Giant,0720,446,530,48.03237711242454,-120.8442538875418,0.9968231320381165
Little_Giant,0720,452,522,48.03075857170339,-120.84747996893583,0.9949764609336853
Little_Giant,0720,513,552,48.01430340770496,-120.8353821637082,0.9974470734596252
Little_Giant,0720,555,555,48.00297362265686,-120.83417238318543,0.6687984466552734
Little_Giant,0720,477,558,48.024014652031894,-120.83296260266268,0.9971636533737183
Little_Giant,0720,540,549,48.00701997445975,-120.83659194423096,0.9977675676345825
Little_Giant,0720,507,588,48.01592194842611,-120.82086479743504,0.7185544371604919
Little_Giant,0720,450,551,48.0312980852771,-120.83578542388246,0.9831874370574951
Little_Giant,0720,476,519,48.02428440881876,-120.84868974945859,0.9988589286804199
Little_Giant,0720,501,564,48.01754048914727,-120.83054304161715,0.9971361756324768
Little_Giant,0720,477,542,48.024014652031894,-120.83941476545074,0.9984133839607239
Little_Giant,0720,479,526,48.02347513845818,-120.8458669282388,0.9988846182823181
Little_Giant,0720,449,520,48.031567842063964,-120.84828648928433,0.9871742725372314
Little_Giant,0720,521,574,48.012145353410084,-120.8265104398746,0.9972010254859924
Little_Giant,0720,538,498,48.00755948803347,-120.85715821311793,0.998607873916626
Little_Giant,0720,508,552,48.015652191639255,-120.8353821637082,0.9975152015686035
Little_Giant,0720,550,570,48.00432240659116,-120.82812348057162,0.9672845602035522
Little_Giant,0720,502,472,48.01727073236041,-120.86764297764854,0.974026083946228
Little_Giant,0720,503,463,48.01700097557355,-120.87127231921684,0.9541516304016113
Little_Giant,0720,440,532,48.0339956531457,-120.84344736719329,0.9969155192375183
Little_Giant,0720,544,521,48.00594094731231,-120.84788322911008,0.998330295085907
Little_Giant,0720,557,518,48.00243410908314,-120.84909300963285,0.9905815720558167
Little_Giant,0720,450,516,48.0312980852771,-120.84989952998136,0.9843913316726685
Little_Giant,0720,544,476,48.00594094731231,-120.86602993695153,0.9684534668922424
Little_Giant,0720,486,510,48.021586840950164,-120.85231909102689,0.9989606738090515
Little_Giant,0720,507,485,48.01592194842611,-120.86240059538324,0.9985325932502747
Little_Giant,0720,508,584,48.015652191639255,-120.82247783813206,0.9298241138458252
Little_Giant,0720,529,563,48.0099872991152,-120.8309463017914,0.9990333914756775
Little_Giant,0720,491,583,48.02023805701587,-120.82288109830631,0.6414430141448975
Little_Giant,0720,538,473,48.00755948803347,-120.86723971747429,0.9576098322868347
Little_Giant,0720,486,540,48.021586840950164,-120.84022128579925,0.9964981079101562
Little_Giant,0720,537,500,48.00782924482033,-120.85635169276942,0.9984679222106934
Little_Giant,0720,456,530,48.02967954455595,-120.8442538875418,0.9974551796913147
Little_Giant,0720,500,579,48.01781024593413,-120.82449413900333,0.9440808892250061
Little_Giant,0720,539,489,48.00728973124661,-120.86078755468623,0.998302161693573
Little_Giant,0720,518,589,48.01295462377066,-120.82046153726078,0.794208288192749
Little_Giant,0720,552,551,48.00378289301744,-120.83578542388246,0.9845899343490601
Little_Giant,0720,457,544,48.02940978776909,-120.83860824510224,0.9974623918533325
Little_Giant,0720,446,531,48.03237711242454,-120.84385062736754,0.9971327185630798
Little_Giant,0720,482,536,48.0226658680976,-120.84183432649627,0.9984448552131653
Little_Giant,0720,452,502,48.03075857170339,-120.85554517242092,0.857494592666626
Little_Giant,0720,464,548,48.02752149026107,-120.83699520440521,0.9979475140571594
Little_Giant,0720,489,484,48.02077757058959,-120.8628038555575,0.9898501634597778
Little_Giant,0720,562,542,48.00108532514884,-120.83941476545074,0.8297962546348572
Little_Giant,0720,472,567,48.0253634359662,-120.82933326109438,0.9328896999359131
Little_Giant,0720,470,566,48.02590294953991,-120.82973652126864,0.9298978447914124
Little_Giant,0720,472,557,48.0253634359662,-120.83336586283693,0.9964807033538818
Little_Giant,0720,445,545,48.0326468692114,-120.83820498492798,0.9932586550712585
Little_Giant,0720,557,521,48.00243410908314,-120.84788322911008,0.9868360757827759
Little_Giant,0720,518,549,48.01295462377066,-120.83659194423096,0.9968335628509521
Little_Giant,0720,536,484,48.00809900160719,-120.8628038555575,0.9980782866477966
Little_Giant,0720,538,576,48.00755948803347,-120.82570391952609,0.9946489334106445
Little_Giant,0720,472,503,48.0253634359662,-120.85514191224667,0.9984734654426575
Little_Giant,0720,444,535,48.03291662599826,-120.84223758667052,0.9976713061332703
Little_Giant,0720,535,553,48.00836875839405,-120.83497890353394,0.9983267784118652
Little_Giant,0720,504,589,48.016731218786695,-120.82046153726078,0.5100630521774292
Little_Giant,0720,549,544,48.004592163378014,-120.83860824510224,0.9924907088279724
Little_Giant,0720,532,578,48.009178028754626,-120.82489739917759,0.994503915309906
Little_Giant,0720,524,538,48.0113360830495,-120.84102780614776,0.9992026686668396
Little_Giant,0720,543,570,48.006210704099175,-120.82812348057162,0.995910108089447
Little_Giant,0720,544,501,48.00594094731231,-120.85594843259517,0.9981471300125122
Little_Giant,0720,502,559,48.01727073236041,-120.83255934248842,0.9981901049613953
Little_Giant,0720,488,562,48.02104732737644,-120.83134956196565,0.9967372417449951
Little_Giant,0720,505,467,48.01646146199983,-120.86965927851982,0.9813663363456726
Little_Giant,0720,468,486,48.02644246311363,-120.86199733520898,0.8581000566482544
Little_Giant,0720,453,551,48.030488814916524,-120.83578542388246,0.9893457889556885
Little_Giant,0720,517,559,48.01322438055752,-120.83255934248842,0.9989359974861145
Little_Giant,0720,548,477,48.00486192016488,-120.86562667677728,0.9588627815246582
Little_Giant,0720,523,550,48.01160583983636,-120.83618868405671,0.9980065822601318
Little_Giant,0720,451,524,48.031028328490244,-120.84667344858732,0.9947752356529236
Little_Giant,0720,469,567,48.026172706326776,-120.82933326109438,0.8446135520935059
Little_Giant,0720,492,481,48.019968300229,-120.86401363608026,0.9865941405296326
Little_Giant,0720,563,530,48.000815568361986,-120.8442538875418,0.9424049258232117
Little_Giant,0720,442,534,48.03345613957198,-120.84264084684477,0.9971239566802979
Little_Giant,0720,458,532,48.02914003098223,-120.84344736719329,0.9974873065948486
Little_Giant,0720,519,560,48.0126848669838,-120.83215608231416,0.9989272952079773
Little_Giant,0720,525,473,48.01106632626264,-120.86723971747429,0.9894737005233765
Little_Giant,0720,457,515,48.02940978776909,-120.85030279015561,0.994712233543396
Little_Giant,0720,475,503,48.024554165605615,-120.85514191224667,0.9985862970352173
Little_Giant,0720,554,523,48.00324337944372,-120.84707670876158,0.9972991347312927
Little_Giant,0720,543,551,48.006210704099175,-120.83578542388246,0.9950628280639648
Little_Giant,0720,531,542,48.00944778554149,-120.83941476545074,0.9984641075134277
Little_Giant,0720,561,516,48.0013550819357,-120.84989952998136,0.9154967665672302
Little_Giant,0720,488,469,48.02104732737644,-120.86885275817131,0.6751399040222168
Little_Giant,0720,506,471,48.016191705212975,-120.8680462378228,0.9892191290855408
Little_Giant,0720,474,483,48.02482392239248,-120.86320711573175,0.9243320822715759
Little_Giant,0720,447,543,48.032107355637685,-120.83901150527649,0.9964313507080078
Little_Giant,0720,523,580,48.01160583983636,-120.82409087882908,0.993485152721405
Little_Giant,0720,556,538,48.00270386587,-120.84102780614776,0.9917475581169128
Little_Giant,0720,546,580,48.0054014337386,-120.82409087882908,0.994395911693573
Little_Giant,0720,478,498,48.02374489524504,-120.85715821311793,0.9982597231864929
Little_Giant,0720,551,477,48.004052649804294,-120.86562667677728,0.8226365447044373
Little_Giant,0720,534,584,48.008638515180905,-120.82247783813206,0.9655725359916687
Little_Giant,0720,535,473,48.00836875839405,-120.86723971747429,0.9644290208816528
Little_Giant,0720,507,489,48.01592194842611,-120.86078755468623,0.9988992214202881
Little_Giant,0720,438,530,48.034535166719415,-120.8442538875418,0.9961851835250854
Little_Giant,0720,475,507,48.024554165605615,-120.85352887154964,0.9985939860343933
Little_Giant,0720,496,560,48.01888927308157,-120.83215608231416,0.9974095225334167
Little_Giant,0720,481,517,48.02293562488446,-120.8494962698071,0.9989976286888123
Little_Giant,0720,484,542,48.022126354523884,-120.83941476545074,0.997369647026062
Little_Giant,0720,565,531,48.000276054788266,-120.84385062736754,0.9584702849388123
Little_Giant,0720,559,512,48.00189459550942,-120.85151257067837,0.894289493560791
Little_Giant,0720,535,589,48.00836875839405,-120.82046153726078,0.8777099847793579
Little_Giant,0720,529,506,48.0099872991152,-120.8539321317239,0.9992507100105286
Little_Giant,0720,467,547,48.026712219900496,-120.83739846457946,0.9979645609855652
Little_Giant,0720,451,516,48.031028328490244,-120.84989952998136,0.988325297832489
Little_Giant,0720,536,524,48.00809900160719,-120.84667344858732,0.9994393587112427
Little_Giant,0720,555,485,48.00297362265686,-120.86240059538324,0.8538182973861694
Little_Giant,0720,468,540,48.02644246311363,-120.84022128579925,0.9982609748840332
Little_Giant,0720,471,481,48.025633192753055,-120.86401363608026,0.747642457485199
Little_Giant,0720,511,588,48.01484292127868,-120.82086479743504,0.7938379049301147
Little_Giant,0720,507,550,48.01592194842611,-120.83618868405671,0.9975205063819885
Little_Giant,0720,552,571,48.00378289301744,-120.82772022039737,0.9263623356819153
Little_Giant,0720,537,468,48.00782924482033,-120.86925601834557,0.6956026554107666
Little_Giant,0720,552,524,48.00378289301744,-120.84667344858732,0.9984443783760071
Little_Giant,0720,543,509,48.006210704099175,-120.85272235120114,0.998059868812561
Little_Giant,0720,459,516,48.02887027419537,-120.84989952998136,0.9941000938415527
Little_Giant,0720,546,499,48.0054014337386,-120.85675495294367,0.9983514547348022
Little_Giant,0720,487,579,48.0213170841633,-120.82449413900333,0.6576274037361145
Little_Giant,0720,474,525,48.02482392239248,-120.84627018841307,0.9986171722412109
Little_Giant,0720,452,509,48.03075857170339,-120.85272235120114,0.9694288969039917
Little_Giant,0720,544,546,48.00594094731231,-120.83780172475372,0.9968007206916809
Little_Giant,0720,491,579,48.02023805701587,-120.82449413900333,0.8197861909866333
Little_Giant,0720,446,542,48.03237711242454,-120.83941476545074,0.9968058466911316
Little_Giant,0720,497,570,48.018619516294706,-120.82812348057162,0.991736114025116
Little_Giant,0720,524,570,48.0113360830495,-120.82812348057162,0.9985644817352295
Little_Giant,0720,557,547,48.00243410908314,-120.83739846457946,0.8285384178161621
Little_Giant,0720,496,485,48.01888927308157,-120.86240059538324,0.997904360294342
Little_Giant,0720,511,472,48.01484292127868,-120.86764297764854,0.9919924139976501
Little_Giant,0720,523,541,48.01160583983636,-120.839818025625,0.9987984299659729
Little_Giant,0720,560,535,48.00162483872256,-120.84223758667052,0.97261643409729
Little_Giant,0720,519,541,48.0126848669838,-120.839818025625,0.9987031817436218
Little_Giant,0720,528,478,48.010257055902066,-120.86522341660302,0.9984269142150879
Little_Giant,0720,477,515,48.024014652031894,-120.85030279015561,0.9988278746604919
Little_Giant,0720,549,499,48.004592163378014,-120.85675495294367,0.9983888864517212
Little_Giant,0720,492,468,48.019968300229,-120.86925601834557,0.706771969795227
Little_Giant,0720,493,490,48.019698543442146,-120.86038429451197,0.9979283213615417
Little_Giant,0720,458,503,48.02914003098223,-120.85514191224667,0.9741693139076233
Little_Giant,0720,533,494,48.00890827196777,-120.85877125381495,0.9991999864578247
Little_Giant,0720,548,576,48.00486192016488,-120.82570391952609,0.9941437840461731
Little_Giant,0720,537,528,48.00782924482033,-120.8450604078903,0.9992228746414185
Little_Giant,0720,538,482,48.00755948803347,-120.863610375906,0.9979172945022583
Little_Giant,0720,468,552,48.02644246311363,-120.8353821637082,0.9974389672279358
Little_Giant,0720,462,557,48.02806100383479,-120.83336586283693,0.9831444025039673
Little_Giant,0720,472,517,48.0253634359662,-120.8494962698071,0.998798668384552
Little_Giant,0720,537,584,48.00782924482033,-120.82247783813206,0.9765900373458862
Little_Giant,0720,560,522,48.00162483872256,-120.84747996893583,0.8699244260787964
Little_Giant,0720,506,567,48.016191705212975,-120.82933326109438,0.9983307123184204
Little_Giant,0720,466,513,48.02698197668735,-120.85110931050411,0.9982483983039856
Little_Giant,0720,542,537,48.00648046088603,-120.84143106632202,0.9987545013427734
Little_Giant,0720,550,507,48.00432240659116,-120.85352887154964,0.9981398582458496
Little_Giant,0720,491,582,48.02023805701587,-120.82328435848056,0.723436176776886
Little_Giant,0720,556,509,48.00270386587,-120.85272235120114,0.9927142262458801
Little_Giant,0720,557,543,48.00243410908314,-120.83901150527649,0.9650927782058716
Little_Giant,0720,533,529,48.00890827196777,-120.84465714771605,0.9994467496871948
Little_Giant,0720,450,544,48.0312980852771,-120.83860824510224,0.996399462223053
Little_Giant,0720,541,523,48.006750217672895,-120.84707670876158,0.9989867806434631
Little_Giant,0720,466,495,48.02698197668735,-120.8583679936407,0.9630796909332275
Little_Giant,0720,460,522,48.028600517408506,-120.84747996893583,0.9967992305755615
Little_Giant,0720,484,471,48.022126354523884,-120.8680462378228,0.6461860537528992
Little_Giant,0720,504,490,48.016731218786695,-120.86038429451197,0.998763918876648
Little_Giant,0720,560,511,48.00162483872256,-120.85191583085263,0.9181621074676514
Little_Giant,0720,500,558,48.01781024593413,-120.83296260266268,0.9984577894210815
Little_Giant,0720,554,559,48.00324337944372,-120.83255934248842,0.8974751830101013
Little_Giant,0720,519,571,48.0126848669838,-120.82772022039737,0.9984375238418579
Little_Giant,0720,550,551,48.00432240659116,-120.83578542388246,0.9864317774772644
Little_Giant,0720,551,567,48.004052649804294,-120.82933326109438,0.9769172072410583
Little_Giant,0720,500,460,48.01781024593413,-120.8724820997396,0.780479371547699
Little_Giant,0720,536,579,48.00809900160719,-120.82449413900333,0.9931013584136963
Little_Giant,0720,476,543,48.02428440881876,-120.83901150527649,0.9984090924263
Little_Giant,0720,445,537,48.0326468692114,-120.84143106632202,0.9977302551269531
Little_Giant,0720,493,535,48.019698543442146,-120.84223758667052,0.9986384510993958
Little_Giant,0720,499,565,48.01808000272099,-120.8301397814429,0.9967696070671082
Little_Giant,0720,466,512,48.02698197668735,-120.85151257067837,0.9981593489646912
Little_Giant,0720,482,542,48.0226658680976,-120.83941476545074,0.9983238577842712
Little_Giant,0720,475,535,48.024554165605615,-120.84223758667052,0.9984357357025146
Little_Giant,0720,540,557,48.00701997445975,-120.83336586283693,0.9978420734405518
Little_Giant,0720,531,543,48.00944778554149,-120.83901150527649,0.9984046816825867
Little_Giant,0720,526,572,48.01079656947579,-120.82731696022311,0.9984810948371887
Little_Giant,0720,462,536,48.02806100383479,-120.84183432649627,0.9976956844329834
Little_Giant,0720,491,543,48.02023805701587,-120.83901150527649,0.9949103593826294
Little_Giant,0720,472,480,48.0253634359662,-120.86441689625451,0.7309637665748596
Little_Giant,0720,530,543,48.009717542328346,-120.83901150527649,0.9984485507011414
Little_Giant,0720,544,503,48.00594094731231,-120.85514191224667,0.9982051849365234
Little_Giant,0720,502,464,48.01727073236041,-120.87086905904258,0.9511066675186157
Little_Giant,0720,487,567,48.0213170841633,-120.82933326109438,0.993212878704071
Little_Giant,0720,530,567,48.009717542328346,-120.82933326109438,0.9988425970077515
Little_Giant,0720,532,537,48.009178028754626,-120.84143106632202,0.9991825819015503
Little_Giant,0720,563,534,48.000815568361986,-120.84264084684477,0.9405403137207031
Little_Giant,0720,493,583,48.019698543442146,-120.82288109830631,0.7586805820465088
Little_Giant,0720,549,479,48.004592163378014,-120.86482015642876,0.9706240892410278
Little_Giant,0720,487,552,48.0213170841633,-120.8353821637082,0.9972449541091919
Little_Giant,0720,496,541,48.01888927308157,-120.839818025625,0.998319685459137
Little_Giant,0720,547,553,48.005131676951734,-120.83497890353394,0.9942932724952698
Little_Giant,0720,532,506,48.009178028754626,-120.8539321317239,0.9988543391227722
Little_Giant,0720,454,528,48.03021905812967,-120.8450604078903,0.9969847202301025
Little_Giant,0720,466,558,48.02698197668735,-120.83296260266268,0.9863117337226868
Little_Giant,0720,563,535,48.000815568361986,-120.84223758667052,0.9491919875144958
Little_Giant,0720,468,553,48.02644246311363,-120.83497890353394,0.9970867037773132
Little_Giant,0720,544,481,48.00594094731231,-120.86401363608026,0.9888162612915039
Little_Giant,0720,503,583,48.01700097557355,-120.82288109830631,0.8956739902496338
Little_Giant,0720,477,560,48.024014652031894,-120.83215608231416,0.995021641254425
Little_Giant,0720,531,587,48.00944778554149,-120.8212680576093,0.8600857257843018
Little_Giant,0720,502,461,48.01727073236041,-120.87207883956535,0.9248467683792114
Little_Giant,0720,502,549,48.01727073236041,-120.83659194423096,0.9972187876701355
Little_Giant,0720,446,508,48.03237711242454,-120.85312561137539,0.7863655686378479
Little_Giant,0720,471,479,48.025633192753055,-120.86482015642876,0.5817891359329224
Little_Giant,0720,499,562,48.01808000272099,-120.83134956196565,0.9969860315322876
Little_Giant,0720,491,489,48.02023805701587,-120.86078755468623,0.9969347715377808
Little_Giant,0720,519,471,48.0126848669838,-120.8680462378228,0.9855814576148987
Little_Giant,0720,513,585,48.01430340770496,-120.8220745779578,0.910340428352356
Little_Giant,0720,541,562,48.006750217672895,-120.83134956196565,0.9976121783256531
Little_Giant,0720,447,524,48.032107355637685,-120.84667344858732,0.9910184741020203
Little_Giant,0720,540,537,48.00701997445975,-120.84143106632202,0.9988107681274414
Little_Giant,0720,541,572,48.006750217672895,-120.82731696022311,0.9960260391235352
Little_Giant,0720,550,558,48.00432240659116,-120.83296260266268,0.9908320307731628
Little_Giant,0720,478,518,48.02374489524504,-120.84909300963285,0.9990108013153076
Little_Giant,0720,481,491,48.02293562488446,-120.85998103433771,0.9973711967468262
Little_Giant,0720,486,471,48.021586840950164,-120.8680462378228,0.7346779108047485
Little_Giant,0720,499,588,48.01808000272099,-120.82086479743504,0.5573736429214478
Little_Giant,0720,537,494,48.00782924482033,-120.85877125381495,0.9986252188682556
Little_Giant,0720,532,489,48.009178028754626,-120.86078755468623,0.9991535544395447
Little_Giant,0720,531,498,48.00944778554149,-120.85715821311793,0.9992352724075317
Little_Giant,0720,540,467,48.00701997445975,-120.86965927851982,0.5140087604522705
Little_Giant,0720,495,574,48.019159029868426,-120.8265104398746,0.9791513085365295
Little_Giant,0720,516,565,48.01349413734438,-120.8301397814429,0.9989174604415894
Little_Giant,0720,466,533,48.02698197668735,-120.84304410701903,0.9983292818069458
Little_Giant,0720,541,537,48.006750217672895,-120.84143106632202,0.9987807869911194
Little_Giant,0720,446,529,48.03237711242454,-120.84465714771605,0.9964181184768677
Little_Giant,0720,448,515,48.03183759885082,-120.85030279015561,0.9758433699607849
Little_Giant,0720,560,499,48.00162483872256,-120.85675495294367,0.8280633091926575
Little_Giant,0720,541,580,48.006750217672895,-120.82409087882908,0.9931683540344238
Little_Giant,0720,473,498,48.025093679179335,-120.85715821311793,0.9965592622756958
Little_Giant,0720,553,549,48.00351313623058,-120.83659194423096,0.9757396578788757
Little_Giant,0720,470,493,48.02590294953991,-120.8591745139892,0.9913774132728577
Little_Giant,0720,538,546,48.00755948803347,-120.83780172475372,0.998375415802002
Little_Giant,0720,513,577,48.01430340770496,-120.82530065935184,0.9928781390190125
Little_Giant,0720,449,554,48.031567842063964,-120.83457564335968,0.9398439526557922
Little_Giant,0720,520,558,48.01241511019694,-120.83296260266268,0.9987255930900574
Little_Giant,0720,559,532,48.00189459550942,-120.84344736719329,0.8563706874847412
Little_Giant,0720,452,524,48.03075857170339,-120.84667344858732,0.9957287311553955
Little_Giant,0720,460,551,48.028600517408506,-120.83578542388246,0.9959338307380676
Little_Giant,0720,514,566,48.014033650918094,-120.82973652126864,0.9988542199134827
Little_Giant,0720,462,524,48.02806100383479,-120.84667344858732,0.9980607628822327
Little_Giant,0720,490,473,48.02050781380272,-120.86723971747429,0.7962217926979065
Little_Giant,0720,494,573,48.01942878665529,-120.82691370004886,0.9835357069969177
Little_Giant,0720,452,535,48.03075857170339,-120.84223758667052,0.9977269768714905
Little_Giant,0720,487,572,48.0213170841633,-120.82731696022311,0.9750434160232544
Little_Giant,0720,513,551,48.01430340770496,-120.83578542388246,0.9965282678604126
Little_Giant,0720,556,532,48.00270386587,-120.84344736719329,0.9928411841392517
Little_Giant,0720,504,455,48.016731218786695,-120.87449840061088,0.8283802270889282
Little_Giant,0720,494,471,48.01942878665529,-120.8680462378228,0.714978814125061
Little_Giant,0720,499,471,48.01808000272099,-120.8680462378228,0.8679298758506775
Little_Giant,0720,531,585,48.00944778554149,-120.8220745779578,0.9449448585510254
Little_Giant,0720,530,502,48.009717542328346,-120.85554517242092,0.9990697503089905
Little_Giant,0720,468,570,48.02644246311363,-120.82812348057162,0.5168027877807617
Little_Giant,0720,522,581,48.01187559662322,-120.82368761865482,0.9893443584442139
Little_Giant,0720,502,556,48.01727073236041,-120.83376912301118,0.9979466795921326
Little_Giant,0720,483,499,48.02239611131074,-120.85675495294367,0.9985769987106323
Little_Giant,0720,477,509,48.024014652031894,-120.85272235120114,0.9988167881965637
Little_Giant,0720,541,494,48.006750217672895,-120.85877125381495,0.998340368270874
Little_Giant,0720,536,567,48.00809900160719,-120.82933326109438,0.9981631636619568
Little_Giant,0720,494,555,48.01942878665529,-120.83417238318543,0.9981323480606079
Little_Giant,0720,497,577,48.018619516294706,-120.82530065935184,0.9467481970787048
Little_Giant,0720,506,554,48.016191705212975,-120.83457564335968,0.9973524212837219
Little_Giant,0720,504,567,48.016731218786695,-120.82933326109438,0.9977884888648987
Little_Giant,0720,533,536,48.00890827196777,-120.84183432649627,0.9992088675498962
Little_Giant,0720,562,544,48.00108532514884,-120.83860824510224,0.6274504661560059
Little_Giant,0720,539,546,48.00728973124661,-120.83780172475372,0.9984317421913147
Little_Giant,0720,446,533,48.03237711242454,-120.84304410701903,0.9972233176231384
Little_Giant,0720,462,559,48.02806100383479,-120.83255934248842,0.9608579277992249
Little_Giant,0720,510,471,48.015112678065535,-120.8680462378228,0.9926303625106812
Little_Giant,0720,536,472,48.00809900160719,-120.86764297764854,0.9443660378456116
Little_Giant,0720,458,520,48.02914003098223,-120.84828648928433,0.9958693385124207
Little_Giant,0720,552,532,48.00378289301744,-120.84344736719329,0.9981303215026855
Little_Giant,0720,487,558,48.0213170841633,-120.83296260266268,0.9978064894676208
Little_Giant,0720,501,481,48.01754048914727,-120.86401363608026,0.9977501034736633
Little_Giant,0720,450,528,48.0312980852771,-120.8450604078903,0.9961735010147095
Little_Giant,0720,464,491,48.02752149026107,-120.85998103433771,0.7086665630340576
Little_Giant,0720,504,549,48.016731218786695,-120.83659194423096,0.996453046798706
Little_Giant,0720,499,564,48.01808000272099,-120.83054304161715,0.9964435696601868
Little_Giant,0720,544,479,48.00594094731231,-120.86482015642876,0.9807676076889038
Little_Giant,0720,543,556,48.006210704099175,-120.83376912301118,0.9970678687095642
Little_Giant,0720,449,551,48.031567842063964,-120.83578542388246,0.9782389998435974
Little_Giant,0720,459,546,48.02887027419537,-120.83780172475372,0.9974893927574158
Little_Giant,0720,549,558,48.004592163378014,-120.83296260266268,0.99186772108078
Little_Giant,0720,444,516,48.03291662599826,-120.84989952998136,0.9677829742431641
Little_Giant,0720,518,476,48.01295462377066,-120.86602993695153,0.9979906678199768
Little_Giant,0720,459,510,48.02887027419537,-120.85231909102689,0.9896181225776672
Little_Giant,0720,469,559,48.026172706326776,-120.83255934248842,0.9860793352127075
Little_Giant,0720,460,516,48.028600517408506,-120.84989952998136,0.9956390261650085
Little_Giant,0720,473,523,48.025093679179335,-120.84707670876158,0.9987406730651855
Little_Giant,0720,486,545,48.021586840950164,-120.83820498492798,0.9958248138427734
Little_Giant,0720,532,563,48.009178028754626,-120.8309463017914,0.9989913702011108
Little_Giant,0720,468,511,48.02644246311363,-120.85191583085263,0.9986406564712524
Little_Giant,0720,465,567,48.02725173347421,-120.82933326109438,0.6105472445487976
Little_Giant,0720,522,473,48.01187559662322,-120.86723971747429,0.9897990226745605
Little_Giant,0720,508,461,48.015652191639255,-120.87207883956535,0.9510037899017334
Little_Giant,0720,535,481,48.00836875839405,-120.86401363608026,0.9979376196861267
Little_Giant,0720,530,572,48.009717542328346,-120.82731696022311,0.998439610004425
Little_Giant,0720,495,566,48.019159029868426,-120.82973652126864,0.9961066842079163
Little_Giant,0720,485,536,48.02185659773702,-120.84183432649627,0.9976422190666199
Little_Giant,0720,566,539,48.0000062980014,-120.8406245459735,0.7051381468772888
Little_Giant,0720,523,468,48.01160583983636,-120.86925601834557,0.7360818386077881
Little_Giant,0720,544,473,48.00594094731231,-120.86723971747429,0.8979352116584778
Little_Giant,0720,555,517,48.00297362265686,-120.8494962698071,0.9968386888504028
Little_Giant,0720,479,506,48.02347513845818,-120.8539321317239,0.9987114667892456
Little_Giant,0720,470,505,48.02590294953991,-120.85433539189815,0.9983721971511841
Little_Giant,0720,470,552,48.02590294953991,-120.8353821637082,0.9973207116127014
Little_Giant,0720,562,531,48.00108532514884,-120.84385062736754,0.9472726583480835
Little_Giant,0720,504,471,48.016731218786695,-120.8680462378228,0.9815189242362976
Little_Giant,0720,456,531,48.02967954455595,-120.84385062736754,0.9975963830947876
Little_Giant,0720,497,557,48.018619516294706,-120.83336586283693,0.9981926083564758
Little_Giant,0720,501,563,48.01754048914727,-120.8309463017914,0.9970492720603943
Little_Giant,0720,454,505,48.03021905812967,-120.85433539189815,0.9395279288291931
Little_Giant,0720,532,546,48.009178028754626,-120.83780172475372,0.9983857274055481
Little_Giant,0720,489,537,48.02077757058959,-120.84143106632202,0.9979565739631653
Little_Giant,0720,480,576,48.02320538167132,-120.82570391952609,0.6330394148826599
Little_Giant,0720,479,518,48.02347513845818,-120.84909300963285,0.9990384578704834
Little_Giant,0720,477,494,48.024014652031894,-120.85877125381495,0.997796356678009
Little_Giant,0720,464,496,48.02752149026107,-120.85796473346645,0.9570282697677612
Little_Giant,0720,444,545,48.03291662599826,-120.83820498492798,0.9925947189331055
Little_Giant,0720,518,472,48.01295462377066,-120.86764297764854,0.9918773770332336
Little_Giant,0720,456,514,48.02967954455595,-120.85070605032986,0.9936925172805786
Little_Giant,0720,533,507,48.00890827196777,-120.85352887154964,0.9990199208259583
Little_Giant,0720,504,585,48.016731218786695,-120.8220745779578,0.7695147395133972
Little_Giant,0720,535,567,48.00836875839405,-120.82933326109438,0.9982583522796631
Little_Giant,0720,536,490,48.00809900160719,-120.86038429451197,0.9984157681465149
Little_Giant,0720,516,475,48.01349413734438,-120.86643319712579,0.9979185461997986
Little_Giant,0720,542,487,48.00648046088603,-120.86159407503473,0.9981284141540527
Little_Giant,0720,480,537,48.02320538167132,-120.84143106632202,0.9985119700431824
Little_Giant,0720,546,489,48.0054014337386,-120.86078755468623,0.9980480670928955
Little_Giant,0720,471,544,48.025633192753055,-120.83860824510224,0.9982706308364868
Little_Giant,0720,454,536,48.03021905812967,-120.84183432649627,0.9976980686187744
Little_Giant,0720,542,549,48.00648046088603,-120.83659194423096,0.9971309900283813
Little_Giant,0720,459,518,48.02887027419537,-120.84909300963285,0.9955165982246399
Little_Giant,0720,508,553,48.015652191639255,-120.83497890353394,0.9977120757102966
Little_Giant,0720,483,578,48.02239611131074,-120.82489739917759,0.5513736605644226
Little_Giant,0720,551,541,48.004052649804294,-120.839818025625,0.9930900931358337
Little_Giant,0720,532,560,48.009178028754626,-120.83215608231416,0.9987255930900574
Little_Giant,0720,495,537,48.019159029868426,-120.84143106632202,0.9986751079559326
Little_Giant,0720,552,568,48.00378289301744,-120.82893000092012,0.9321621656417847
Little_Giant,0720,535,543,48.00836875839405,-120.83901150527649,0.998379647731781
Little_Giant,0720,522,585,48.01187559662322,-120.8220745779578,0.9429989457130432
Little_Giant,0720,554,557,48.00324337944372,-120.83336586283693,0.8782094717025757
Little_Giant,0720,478,485,48.02374489524504,-120.86240059538324,0.983116865158081
Little_Giant,0720,472,507,48.0253634359662,-120.85352887154964,0.9985737204551697
Little_Giant,0720,485,570,48.02185659773702,-120.82812348057162,0.9819324016571045
Little_Giant,0720,541,513,48.006750217672895,-120.85110931050411,0.9986293911933899
Little_Giant,0720,443,514,48.03318638278512,-120.85070605032986,0.8941260576248169
Little_Giant,0720,501,469,48.01754048914727,-120.86885275817131,0.9557580947875977
Little_Giant,0720,453,554,48.030488814916524,-120.83457564335968,0.9693719148635864
Little_Giant,0720,549,503,48.004592163378014,-120.85514191224667,0.9982082843780518
Little_Giant,0720,509,564,48.0153824348524,-120.83054304161715,0.9984029531478882
Little_Giant,0720,460,537,48.028600517408506,-120.84143106632202,0.9975599646568298
Little_Giant,0720,495,563,48.019159029868426,-120.8309463017914,0.9967384934425354
Little_Giant,0720,492,585,48.019968300229,-120.8220745779578,0.6567860841751099
Little_Giant,0720,550,567,48.00432240659116,-120.82933326109438,0.9861698150634766
Little_Giant,0720,459,507,48.02887027419537,-120.85352887154964,0.9774056077003479
Little_Giant,0720,532,486,48.009178028754626,-120.86199733520898,0.9989864230155945
Little_Giant,0720,479,572,48.02347513845818,-120.82731696022311,0.9041549563407898
Little_Giant,0720,530,548,48.009717542328346,-120.83699520440521,0.9984056949615479
Little_Giant,0720,534,501,48.008638515180905,-120.85594843259517,0.9987213611602783
Little_Giant,0720,459,541,48.02887027419537,-120.839818025625,0.9980521202087402
Little_Giant,0720,478,487,48.02374489524504,-120.86159407503473,0.9900664687156677
Little_Giant,0720,463,525,48.02779124704793,-120.84627018841307,0.9981920123100281
Little_Giant,0720,474,526,48.02482392239248,-120.8458669282388,0.9986194372177124
Little_Giant,0720,538,583,48.00755948803347,-120.82288109830631,0.9847198724746704
Little_Giant,0720,476,522,48.02428440881876,-120.84747996893583,0.998744010925293
Little_Giant,0720,478,543,48.02374489524504,-120.83901150527649,0.9983552694320679
Little_Giant,0720,498,575,48.01834975950785,-120.82610717970034,0.9780974984169006
Little_Giant,0720,551,498,48.004052649804294,-120.85715821311793,0.9943248629570007
Little_Giant,0720,500,578,48.01781024593413,-120.82489739917759,0.9630945324897766
Little_Giant,0720,466,490,48.02698197668735,-120.86038429451197,0.8297848105430603
Little_Giant,0720,547,490,48.005131676951734,-120.86038429451197,0.9980412721633911
Little_Giant,0720,533,506,48.00890827196777,-120.8539321317239,0.9988355040550232
Little_Giant,0720,511,577,48.01484292127868,-120.82530065935184,0.992554783821106
Little_Giant,0720,440,530,48.0339956531457,-120.8442538875418,0.9964049458503723
Little_Giant,0720,493,545,48.019698543442146,-120.83820498492798,0.9948250651359558
Little_Giant,0720,526,533,48.01079656947579,-120.84304410701903,0.9994185566902161
Little_Giant,0720,548,580,48.00486192016488,-120.82409087882908,0.9906156063079834
Little_Giant,0720,526,538,48.01079656947579,-120.84102780614776,0.9991424679756165
Little_Giant,0720,530,505,48.009717542328346,-120.85433539189815,0.9991928339004517
Little_Giant,0720,521,565,48.012145353410084,-120.8301397814429,0.9989898204803467
Little_Giant,0720,450,559,48.0312980852771,-120.83255934248842,0.5888867378234863
Little_Giant,0720,539,540,48.00728973124661,-120.84022128579925,0.9986925721168518
Little_Giant,0720,451,518,48.031028328490244,-120.84909300963285,0.98968505859375
Little_Giant,0720,539,557,48.00728973124661,-120.83336586283693,0.9981322884559631
Little_Giant,0720,536,576,48.00809900160719,-120.82570391952609,0.9946302175521851
Little_Giant,0720,486,526,48.021586840950164,-120.8458669282388,0.9986552000045776
Little_Giant,0720,439,520,48.03426540993256,-120.84828648928433,0.9438204169273376
Little_Giant,0720,445,516,48.0326468692114,-120.84989952998136,0.9795357584953308
Little_Giant,0720,490,495,48.02050781380272,-120.8583679936407,0.9983884692192078
Little_Giant,0720,497,578,48.018619516294706,-120.82489739917759,0.9343215823173523
Little_Giant,0720,479,548,48.02347513845818,-120.83699520440521,0.9981017112731934
Little_Giant,0720,484,495,48.022126354523884,-120.8583679936407,0.9984787106513977
Little_Giant,0720,483,494,48.02239611131074,-120.85877125381495,0.9983587861061096
Little_Giant,0720,511,563,48.01484292127868,-120.8309463017914,0.9984841346740723
Little_Giant,0720,441,542,48.03372589635884,-120.83941476545074,0.9958965182304382
Little_Giant,0720,540,476,48.00701997445975,-120.86602993695153,0.9828650951385498
Little_Giant,0720,454,513,48.03021905812967,-120.85110931050411,0.9886012077331543
Little_Giant,0720,527,477,48.01052681268892,-120.86562667677728,0.9980953335762024
Little_Giant,0720,554,526,48.00324337944372,-120.8458669282388,0.9964408874511719
Little_Giant,0720,538,563,48.00755948803347,-120.8309463017914,0.9982635378837585
Little_Giant,0720,520,585,48.01241511019694,-120.8220745779578,0.9351667165756226
Little_Giant,0720,545,502,48.005671190525455,-120.85554517242092,0.9982059001922607
Little_Giant,0720,506,580,48.016191705212975,-120.82409087882908,0.9680197834968567
Little_Giant,0720,479,525,48.02347513845818,-120.84627018841307,0.9989113211631775
Little_Giant,0720,443,521,48.03318638278512,-120.84788322911008,0.9796692728996277
Little_Giant,0720,564,511,48.00054581157512,-120.85191583085263,0.8219011425971985
Little_Giant,0720,518,471,48.01295462377066,-120.8680462378228,0.9917061924934387
Little_Giant,0720,480,545,48.02320538167132,-120.83820498492798,0.9983585476875305
Little_Giant,0720,492,535,48.019968300229,-120.84223758667052,0.9985561370849609
Little_Giant,0720,458,492,48.02914003098223,-120.85957777416345,0.6386358141899109
Little_Giant,0720,544,570,48.00594094731231,-120.82812348057162,0.9959882497787476
Little_Giant,0720,555,490,48.00297362265686,-120.86038429451197,0.8720659613609314
Little_Giant,0720,464,560,48.02752149026107,-120.83215608231416,0.9574807286262512
Little_Giant,0720,563,504,48.000815568361986,-120.85473865207241,0.640083372592926
Little_Giant,0720,519,556,48.0126848669838,-120.83376912301118,0.9983041882514954
Little_Giant,0720,532,555,48.009178028754626,-120.83417238318543,0.9984356760978699
Little_Giant,0720,522,573,48.01187559662322,-120.82691370004886,0.9980117082595825
Little_Giant,0720,458,512,48.02914003098223,-120.85151257067837,0.9918614029884338
Little_Giant,0720,457,513,48.02940978776909,-120.85110931050411,0.9939194917678833
Little_Giant,0720,498,574,48.01834975950785,-120.8265104398746,0.9837664365768433
Little_Giant,0720,465,514,48.02725173347421,-120.85070605032986,0.998058557510376
Little_Giant,0720,544,490,48.00594094731231,-120.86038429451197,0.9980558156967163
Little_Giant,0720,489,479,48.02077757058959,-120.86482015642876,0.9416314363479614
Little_Giant,0720,534,467,48.008638515180905,-120.86965927851982,0.7918355464935303
Little_Giant,0720,520,540,48.01241511019694,-120.84022128579925,0.9989115595817566
Little_Giant,0720,511,566,48.01484292127868,-120.82973652126864,0.9988555908203125
Little_Giant,0720,498,566,48.01834975950785,-120.82973652126864,0.9966464042663574
Little_Giant,0720,463,556,48.02779124704793,-120.83376912301118,0.990347146987915
Little_Giant,0720,546,582,48.0054014337386,-120.82328435848056,0.9930464029312134
Little_Giant,0720,511,591,48.01484292127868,-120.81965501691228,0.5214999914169312
Little_Giant,0720,501,547,48.01754048914727,-120.83739846457946,0.9969800114631653
Little_Giant,0720,462,525,48.02806100383479,-120.84627018841307,0.9980849027633667
Little_Giant,0720,476,511,48.02428440881876,-120.85191583085263,0.9988462328910828
Little_Giant,0720,456,504,48.02967954455595,-120.85473865207241,0.9704180359840393
Little_Giant,0720,545,523,48.005671190525455,-120.84707670876158,0.9982994198799133
Little_Giant,0720,498,565,48.01834975950785,-120.8301397814429,0.9964133501052856
Little_Giant,0720,512,455,48.014573164491814,-120.87449840061088,0.7208581566810608
Little_Giant,0720,472,486,48.0253634359662,-120.86199733520898,0.9517419338226318
Little_Giant,0720,556,495,48.00270386587,-120.8583679936407,0.9826752543449402
Little_Giant,0720,459,557,48.02887027419537,-120.83336586283693,0.9706425666809082
Little_Giant,0720,467,545,48.026712219900496,-120.83820498492798,0.9978142380714417
Little_Giant,0720,565,516,48.000276054788266,-120.84989952998136,0.8190155029296875
Little_Giant,0720,525,497,48.01106632626264,-120.8575614732922,0.9997352361679077
Little_Giant,0720,481,516,48.02293562488446,-120.84989952998136,0.9990113377571106
Little_Giant,0720,482,522,48.0226658680976,-120.84747996893583,0.9988400936126709
Little_Giant,0720,479,490,48.02347513845818,-120.86038429451197,0.9959257245063782
Little_Giant,0720,554,547,48.00324337944372,-120.83739846457946,0.9602880477905273
Little_Giant,0720,524,541,48.0113360830495,-120.839818025625,0.998841404914856
Little_Giant,0720,475,555,48.024554165605615,-120.83417238318543,0.9974281191825867
Little_Giant,0720,545,534,48.005671190525455,-120.84264084684477,0.9987879395484924
Little_Giant,0720,523,574,48.01160583983636,-120.8265104398746,0.9975686073303223
Little_Giant,0720,473,560,48.025093679179335,-120.83215608231416,0.9917261600494385
Little_Giant,0720,555,568,48.00297362265686,-120.82893000092012,0.5413611531257629
Little_Giant,0720,561,499,48.0013550819357,-120.85675495294367,0.6330882906913757
Little_Giant,0720,528,584,48.010257055902066,-120.82247783813206,0.9577339887619019
Little_Giant,0720,455,540,48.0299493013428,-120.84022128579925,0.9980724453926086
Little_Giant,0720,527,496,48.01052681268892,-120.85796473346645,0.9995933175086975
Little_Giant,0720,564,520,48.00054581157512,-120.84828648928433,0.883902907371521
Little_Giant,0720,475,570,48.024554165605615,-120.82812348057162,0.8991250991821289
Little_Giant,0720,457,540,48.02940978776909,-120.84022128579925,0.9981695413589478
Little_Giant,0720,460,496,48.028600517408506,-120.85796473346645,0.955546498298645
Little_Giant,0720,549,529,48.004592163378014,-120.84465714771605,0.9984477758407593
Little_Giant,0720,514,571,48.014033650918094,-120.82772022039737,0.99834144115448
Little_Giant,0720,527,552,48.01052681268892,-120.8353821637082,0.9982953667640686
Little_Giant,0720,481,545,48.02293562488446,-120.83820498492798,0.9983802437782288
Little_Giant,0720,455,535,48.0299493013428,-120.84223758667052,0.9977431297302246
Little_Giant,0720,499,464,48.01808000272099,-120.87086905904258,0.7791012525558472
Little_Giant,0720,508,576,48.015652191639255,-120.82570391952609,0.9933226704597473
Little_Giant,0720,484,529,48.022126354523884,-120.84465714771605,0.9986108541488647
Little_Giant,0720,493,567,48.019698543442146,-120.82933326109438,0.995128870010376
Little_Giant,0720,554,487,48.00324337944372,-120.86159407503473,0.9285194277763367
Little_Giant,0720,477,571,48.024014652031894,-120.82772022039737,0.9136568903923035
Little_Giant,0720,474,524,48.02482392239248,-120.84667344858732,0.9986752867698669
Little_Giant,0720,472,571,48.0253634359662,-120.82772022039737,0.6667298078536987
Little_Giant,0720,476,501,48.02428440881876,-120.85594843259517,0.9984921216964722
Little_Giant,0720,488,489,48.02104732737644,-120.86078755468623,0.9962000250816345
Little_Giant,0720,504,575,48.016731218786695,-120.82610717970034,0.9892514944076538
Little_Giant,0720,505,569,48.01646146199983,-120.82852674074587,0.9978412985801697
Little_Giant,0720,511,575,48.01484292127868,-120.82610717970034,0.9958178997039795
Little_Giant,0720,487,565,48.0213170841633,-120.8301397814429,0.9960657358169556
Little_Giant,0720,456,498,48.02967954455595,-120.85715821311793,0.9029971361160278
Little_Giant,0720,543,492,48.006210704099175,-120.85957777416345,0.9981000423431396
Little_Giant,0720,532,485,48.009178028754626,-120.86240059538324,0.9989230632781982
Little_Giant,0720,518,558,48.01295462377066,-120.83296260266268,0.9988952875137329
Little_Giant,0720,547,530,48.005131676951734,-120.8442538875418,0.9985959529876709
Little_Giant,0720,541,485,48.006750217672895,-120.86240059538324,0.9980508685112
Little_Giant,0720,542,484,48.00648046088603,-120.8628038555575,0.9978195428848267
Little_Giant,0720,487,545,48.0213170841633,-120.83820498492798,0.9953776001930237
Little_Giant,0720,524,574,48.0113360830495,-120.8265104398746,0.9977923035621643
Little_Giant,0720,481,472,48.02293562488446,-120.86764297764854,0.6146973967552185
Little_Giant,0720,501,463,48.01754048914727,-120.87127231921684,0.9422670602798462
Little_Giant,0720,515,554,48.01376389413124,-120.83457564335968,0.9979833960533142
Little_Giant,0720,536,589,48.00809900160719,-120.82046153726078,0.8970533609390259
Little_Giant,0720,542,536,48.00648046088603,-120.84183432649627,0.9988261461257935
Little_Giant,0720,525,567,48.01106632626264,-120.82933326109438,0.9988871812820435
Little_Giant,0720,467,530,48.026712219900496,-120.8442538875418,0.9985896348953247
Little_Giant,0720,526,544,48.01079656947579,-120.83860824510224,0.9985557794570923
Little_Giant,0720,528,589,48.010257055902066,-120.82046153726078,0.7345920205116272
Little_Giant,0720,483,571,48.02239611131074,-120.82772022039737,0.9672570824623108
Little_Giant,0720,546,530,48.0054014337386,-120.8442538875418,0.998626708984375
Little_Giant,0720,452,547,48.03075857170339,-120.83739846457946,0.9958446621894836
Little_Giant,0720,539,559,48.00728973124661,-120.83255934248842,0.9981737732887268
Little_Giant,0720,511,553,48.01484292127868,-120.83497890353394,0.9978906512260437
Little_Giant,0720,494,560,48.01942878665529,-120.83215608231416,0.9978224635124207
Little_Giant,0720,533,505,48.00890827196777,-120.85433539189815,0.9987915754318237
Little_Giant,0720,525,574,48.01106632626264,-120.8265104398746,0.9978827834129333
Little_Giant,0720,540,498,48.00701997445975,-120.85715821311793,0.9983956217765808
Little_Giant,0720,500,481,48.01781024593413,-120.86401363608026,0.9973159432411194
Little_Giant,0720,493,564,48.019698543442146,-120.83054304161715,0.9975488185882568
Little_Giant,0720,483,565,48.02239611131074,-120.8301397814429,0.9946170449256897
Little_Giant,0720,473,481,48.025093679179335,-120.86401363608026,0.7990200519561768
Little_Giant,0720,489,488,48.02077757058959,-120.86119081486048,0.9949769377708435
Little_Giant,0720,470,565,48.02590294953991,-120.8301397814429,0.9474203586578369
Little_Giant,0720,495,476,48.019159029868426,-120.86602993695153,0.8763374090194702
Little_Giant,0720,450,515,48.0312980852771,-120.85030279015561,0.9821500778198242
Little_Giant,0720,551,501,48.004052649804294,-120.85594843259517,0.9939252734184265
Little_Giant,0720,530,494,48.009717542328346,-120.85877125381495,0.9994361996650696
Little_Giant,0720,481,565,48.02293562488446,-120.8301397814429,0.9920077323913574
Little_Giant,0720,463,538,48.02779124704793,-120.84102780614776,0.9977237582206726
Little_Giant,0720,448,545,48.03183759885082,-120.83820498492798,0.9951552748680115
Little_Giant,0720,526,537,48.01079656947579,-120.84143106632202,0.999288022518158
Little_Giant,0720,523,584,48.01160583983636,-120.82247783813206,0.9648784399032593
Little_Giant,0720,560,509,48.00162483872256,-120.85272235120114,0.8909289240837097
Little_Giant,0720,519,580,48.0126848669838,-120.82409087882908,0.9909251928329468
Little_Giant,0720,533,467,48.00890827196777,-120.86965927851982,0.7908947467803955
Little_Giant,0720,514,460,48.014033650918094,-120.8724820997396,0.5472573637962341
Little_Giant,0720,445,523,48.0326468692114,-120.84707670876158,0.9919033050537109
Little_Giant,0720,479,554,48.02347513845818,-120.83457564335968,0.997078537940979
Little_Giant,0720,526,501,48.01079656947579,-120.85594843259517,0.9995148181915283
Little_Giant,0720,537,538,48.00782924482033,-120.84102780614776,0.9985198974609375
Little_Giant,0720,494,484,48.01942878665529,-120.8628038555575,0.995937705039978
Little_Giant,0720,497,489,48.018619516294706,-120.86078755468623,0.9980552196502686
Little_Giant,0720,501,493,48.01754048914727,-120.8591745139892,0.9986298680305481
Little_Giant,0720,539,579,48.00728973124661,-120.82449413900333,0.9925678968429565
Little_Giant,0720,480,553,48.02320538167132,-120.83497890353394,0.9973809123039246
Little_Giant,0720,499,571,48.01808000272099,-120.82772022039737,0.9914317727088928
Little_Giant,0720,532,564,48.009178028754626,-120.83054304161715,0.9990111589431763
Little_Giant,0720,483,562,48.02239611131074,-120.83134956196565,0.9956479668617249
Little_Giant,0720,539,573,48.00728973124661,-120.82691370004886,0.9955105185508728
Little_Giant,0720,479,533,48.02347513845818,-120.84304410701903,0.9986924529075623
Little_Giant,0720,490,543,48.02050781380272,-120.83901150527649,0.9947900176048279
Little_Giant,0720,544,569,48.00594094731231,-120.82852674074587,0.9962454438209534
Little_Giant,0720,543,584,48.006210704099175,-120.82247783813206,0.9914836883544922
Little_Giant,0720,441,537,48.03372589635884,-120.84143106632202,0.997571587562561
Little_Giant,0720,562,504,48.00108532514884,-120.85473865207241,0.6947721838951111
Little_Giant,0720,550,523,48.00432240659116,-120.84707670876158,0.998207688331604
Little_Giant,0720,559,509,48.00189459550942,-120.85272235120114,0.8860245943069458
Little_Giant,0720,543,482,48.006210704099175,-120.863610375906,0.9938302040100098
Little_Giant,0720,528,503,48.010257055902066,-120.85514191224667,0.9993008375167847
Little_Giant,0720,498,550,48.01834975950785,-120.83618868405671,0.997528612613678
Little_Giant,0720,547,496,48.005131676951734,-120.85796473346645,0.998225748538971
Little_Giant,0720,471,553,48.025633192753055,-120.83497890353394,0.9969701170921326
Little_Giant,0720,486,482,48.021586840950164,-120.863610375906,0.9714723825454712
Little_Giant,0720,496,585,48.01888927308157,-120.8220745779578,0.6697439551353455
Little_Giant,0720,534,553,48.008638515180905,-120.83497890353394,0.998299777507782
Little_Giant,0720,489,474,48.02077757058959,-120.86683645730004,0.8495595455169678
Little_Giant,0720,474,512,48.02482392239248,-120.85151257067837,0.9987516403198242
Little_Giant,0720,466,505,48.02698197668735,-120.85433539189815,0.9958413243293762
Little_Giant,0720,527,582,48.01052681268892,-120.82328435848056,0.982309877872467
Little_Giant,0720,537,467,48.00782924482033,-120.86965927851982,0.6569129824638367
Little_Giant,0720,484,478,48.022126354523884,-120.86522341660302,0.9241048693656921
Little_Giant,0720,461,526,48.02833076062165,-120.8458669282388,0.9977362751960754
Little_Giant,0720,508,558,48.015652191639255,-120.83296260266268,0.9984049201011658
Little_Giant,0720,486,511,48.021586840950164,-120.85191583085263,0.9989767670631409
Little_Giant,0720,507,453,48.01592194842611,-120.87530492095938,0.6455661654472351
Little_Giant,0720,458,531,48.02914003098223,-120.84385062736754,0.9974859356880188
Little_Giant,0720,470,525,48.02590294953991,-120.84627018841307,0.9986106753349304
Little_Giant,0720,455,504,48.0299493013428,-120.85473865207241,0.9510051012039185
Little_Giant,0720,510,555,48.015112678065535,-120.83417238318543,0.9978784918785095
Little_Giant,0720,542,575,48.00648046088603,-120.82610717970034,0.9957822561264038
Little_Giant,0720,473,550,48.025093679179335,-120.83618868405671,0.9980259537696838
Little_Giant,0720,478,497,48.02374489524504,-120.8575614732922,0.9982566237449646
Little_Giant,0720,446,517,48.03237711242454,-120.8494962698071,0.9831841588020325
Little_Giant,0720,527,566,48.01052681268892,-120.82973652126864,0.9990624189376831
Little_Giant,0720,559,505,48.00189459550942,-120.85433539189815,0.9089601635932922
Little_Giant,0720,488,540,48.02104732737644,-120.84022128579925,0.9963638186454773
Little_Giant,0720,527,494,48.01052681268892,-120.85877125381495,0.999547004699707
Little_Giant,0720,463,496,48.02779124704793,-120.85796473346645,0.9424064755439758
Little_Giant,0720,540,512,48.00701997445975,-120.85151257067837,0.9987586736679077
Little_Giant,0720,457,495,48.02940978776909,-120.8583679936407,0.7730838656425476
Little_Giant,0720,534,552,48.008638515180905,-120.8353821637082,0.998205840587616
Little_Giant,0720,549,505,48.004592163378014,-120.85433539189815,0.9980548620223999
Little_Giant,0720,486,585,48.021586840950164,-120.8220745779578,0.5198768973350525
Little_Giant,0720,446,551,48.03237711242454,-120.83578542388246,0.9615384936332703
Little_Giant,0720,549,512,48.004592163378014,-120.85151257067837,0.9980852603912354
Little_Giant,0720,526,540,48.01079656947579,-120.84022128579925,0.9989827275276184
Little_Giant,0720,487,475,48.0213170841633,-120.86643319712579,0.9082596898078918
Little_Giant,0720,551,488,48.004052649804294,-120.86119081486048,0.9828084707260132
Little_Giant,0720,557,483,48.00243410908314,-120.86320711573175,0.530083179473877
Little_Giant,0720,482,510,48.0226658680976,-120.85231909102689,0.998912513256073
Little_Giant,0720,547,481,48.005131676951734,-120.86401363608026,0.9836263060569763
Little_Giant,0720,485,540,48.02185659773702,-120.84022128579925,0.9961944818496704
Little_Giant,0720,532,542,48.009178028754626,-120.83941476545074,0.9985926151275635
Little_Giant,0720,538,578,48.00755948803347,-120.82489739917759,0.9940552711486816
Little_Giant,0720,445,542,48.0326468692114,-120.83941476545074,0.9968069195747375
Little_Giant,0720,489,577,48.02077757058959,-120.82530065935184,0.875102162361145
Little_Giant,0720,483,473,48.02239611131074,-120.86723971747429,0.6535546183586121
Little_Giant,0720,525,469,48.01106632626264,-120.86885275817131,0.7815679311752319
Little_Giant,0720,534,549,48.008638515180905,-120.83659194423096,0.9983028173446655
Little_Giant,0720,551,507,48.004052649804294,-120.85352887154964,0.9971151947975159
Little_Giant,0720,521,469,48.012145353410084,-120.86885275817131,0.9338248372077942
Little_Giant,0720,460,500,48.028600517408506,-120.85635169276942,0.9720296859741211
Little_Giant,0720,550,535,48.00432240659116,-120.84223758667052,0.9983516931533813
Little_Giant,0720,516,554,48.01349413734438,-120.83457564335968,0.9980614185333252
Little_Giant,0720,497,552,48.018619516294706,-120.8353821637082,0.9973552227020264
Little_Giant,0720,472,544,48.0253634359662,-120.83860824510224,0.9983329176902771
Little_Giant,0720,551,571,48.004052649804294,-120.82772022039737,0.9415335655212402
Little_Giant,0720,535,499,48.00836875839405,-120.85675495294367,0.9986293911933899
Little_Giant,0720,532,550,48.009178028754626,-120.83618868405671,0.9983152151107788
Little_Giant,0720,546,568,48.0054014337386,-120.82893000092012,0.9948965311050415
Little_Giant,0720,558,496,48.00216435229628,-120.85796473346645,0.9749810099601746
Little_Giant,0720,449,525,48.031567842063964,-120.84627018841307,0.9933398962020874
Little_Giant,0720,546,578,48.0054014337386,-120.82489739917759,0.9945557713508606
Little_Giant,0720,542,571,48.00648046088603,-120.82772022039737,0.9957015514373779
Little_Giant,0720,509,567,48.0153824348524,-120.82933326109438,0.9988702535629272
Little_Giant,0720,543,585,48.006210704099175,-120.8220745779578,0.9869412779808044
Little_Giant,0720,550,546,48.00432240659116,-120.83780172475372,0.9864551424980164
Little_Giant,0720,508,586,48.015652191639255,-120.82167131778355,0.8600022196769714
Little_Giant,0720,555,510,48.00297362265686,-120.85231909102689,0.9928793907165527
Little_Giant,0720,445,538,48.0326468692114,-120.84102780614776,0.9977453947067261
Little_Giant,0720,561,507,48.0013550819357,-120.85352887154964,0.8754026293754578
Little_Giant,0720,539,580,48.00728973124661,-120.82409087882908,0.9915938973426819
Little_Giant,0720,493,534,48.019698543442146,-120.84264084684477,0.9987186789512634
Little_Giant,0720,469,555,48.026172706326776,-120.83417238318543,0.9962906241416931
Little_Giant,0720,523,476,48.01160583983636,-120.86602993695153,0.9981050491333008
Little_Giant,0720,539,524,48.00728973124661,-120.84667344858732,0.9992448687553406
Little_Giant,0720,482,518,48.0226658680976,-120.84909300963285,0.9989956021308899
Little_Giant,0720,517,573,48.01322438055752,-120.82691370004886,0.9980420470237732
Little_Giant,0720,506,569,48.016191705212975,-120.82852674074587,0.9982203841209412
Little_Giant,0720,530,539,48.009717542328346,-120.8406245459735,0.9989516139030457
Little_Giant,0720,539,544,48.00728973124661,-120.83860824510224,0.9985398650169373
Little_Giant,0720,496,558,48.01888927308157,-120.83296260266268,0.9979261159896851
Little_Giant,0720,537,479,48.00782924482033,-120.86482015642876,0.9965848326683044
Little_Giant,0720,497,470,48.018619516294706,-120.86844949799706,0.6820254325866699
Little_Giant,0720,481,490,48.02293562488446,-120.86038429451197,0.9963949918746948
Little_Giant,0720,496,587,48.01888927308157,-120.8212680576093,0.5860109329223633
Little_Giant,0720,484,486,48.022126354523884,-120.86199733520898,0.9935717582702637
Little_Giant,0720,555,551,48.00297362265686,-120.83578542388246,0.910367488861084
Little_Giant,0720,542,516,48.00648046088603,-120.84989952998136,0.998530387878418
Little_Giant,0720,523,540,48.01160583983636,-120.84022128579925,0.9989264607429504
Little_Giant,0720,472,531,48.0253634359662,-120.84385062736754,0.9986238479614258
Little_Giant,0720,472,533,48.0253634359662,-120.84304410701903,0.9985759854316711
Little_Giant,0720,484,579,48.022126354523884,-120.82449413900333,0.5534922480583191
Little_Giant,0720,453,538,48.030488814916524,-120.84102780614776,0.9979144930839539
Little_Giant,0720,514,553,48.014033650918094,-120.83497890353394,0.9973558187484741
Little_Giant,0720,500,575,48.01781024593413,-120.82610717970034,0.9852310419082642
Little_Giant,0720,479,497,48.02347513845818,-120.8575614732922,0.9983610510826111
Little_Giant,0720,532,476,48.009178028754626,-120.86602993695153,0.9962032437324524
Little_Giant,0720,504,483,48.016731218786695,-120.86320711573175,0.9981939196586609
Little_Giant,0720,453,509,48.030488814916524,-120.85272235120114,0.972845196723938
Little_Giant,0720,522,571,48.01187559662322,-120.82772022039737,0.9984279274940491
Little_Giant,0720,544,478,48.00594094731231,-120.86522341660302,0.9746224284172058
Little_Giant,0720,538,471,48.00755948803347,-120.8680462378228,0.8945267200469971
Little_Giant,0720,562,515,48.00108532514884,-120.85030279015561,0.8817071914672852
Little_Giant,0720,514,466,48.014033650918094,-120.87006253869407,0.9571120142936707
Little_Giant,0720,546,544,48.0054014337386,-120.83860824510224,0.9955350160598755
Little_Giant,0720,473,544,48.025093679179335,-120.83860824510224,0.9984071850776672
Little_Giant,0720,545,582,48.005671190525455,-120.82328435848056,0.9941003322601318
Little_Giant,0720,555,565,48.00297362265686,-120.8301397814429,0.6071586608886719
Little_Giant,0720,508,485,48.015652191639255,-120.86240059538324,0.9988160133361816
Little_Giant,0720,550,574,48.00432240659116,-120.8265104398746,0.987237811088562
Little_Giant,0720,468,519,48.02644246311363,-120.84868974945859,0.9986060261726379
Little_Giant,0720,488,475,48.02104732737644,-120.86643319712579,0.8981268405914307
Little_Giant,0720,457,538,48.02940978776909,-120.84102780614776,0.997900128364563
Little_Giant,0720,510,591,48.015112678065535,-120.81965501691228,0.5130327343940735
Little_Giant,0720,539,526,48.00728973124661,-120.8458669282388,0.9991272687911987
Little_Giant,0720,492,466,48.019968300229,-120.87006253869407,0.6045961380004883
Little_Giant,0720,451,552,48.031028328490244,-120.8353821637082,0.9778065085411072
Little_Giant,0720,516,549,48.01349413734438,-120.83659194423096,0.9970870018005371
Little_Giant,0720,510,581,48.015112678065535,-120.82368761865482,0.9775490164756775
Little_Giant,0720,529,543,48.0099872991152,-120.83901150527649,0.9986204504966736
Little_Giant,0720,543,544,48.006210704099175,-120.83860824510224,0.9983835220336914
Little_Giant,0720,488,552,48.02104732737644,-120.8353821637082,0.9971234202384949
Little_Giant,0720,554,499,48.00324337944372,-120.85675495294367,0.9883773922920227
Little_Giant,0720,547,515,48.005131676951734,-120.85030279015561,0.9981299638748169
Little_Giant,0720,491,470,48.02023805701587,-120.86844949799706,0.7272692918777466
Little_Giant,0720,439,529,48.03426540993256,-120.84465714771605,0.994731068611145
Little_Giant,0720,470,543,48.02590294953991,-120.83901150527649,0.9982778429985046
Little_Giant,0720,462,552,48.02806100383479,-120.8353821637082,0.9962558746337891
Little_Giant,0720,478,532,48.02374489524504,-120.84344736719329,0.9986241459846497
Little_Giant,0720,514,567,48.014033650918094,-120.82933326109438,0.9989234209060669
Little_Giant,0720,497,567,48.018619516294706,-120.82933326109438,0.99550461769104
Little_Giant,0720,481,487,48.02293562488446,-120.86159407503473,0.9922508597373962
Little_Giant,0720,530,496,48.009717542328346,-120.85796473346645,0.9995597004890442
Little_Giant,0720,456,521,48.02967954455595,-120.84788322911008,0.9958536028862
Little_Giant,0720,462,518,48.02806100383479,-120.84909300963285,0.9975255131721497
Little_Giant,0720,464,493,48.02752149026107,-120.8591745139892,0.8806365728378296
Little_Giant,0720,543,583,48.006210704099175,-120.82288109830631,0.9931657314300537
Little_Giant,0720,506,557,48.016191705212975,-120.83336586283693,0.9978573322296143
Little_Giant,0720,456,506,48.02967954455595,-120.8539321317239,0.9753319025039673
Little_Giant,0720,498,568,48.01834975950785,-120.82893000092012,0.9944602847099304
Little_Giant,0720,548,484,48.00486192016488,-120.8628038555575,0.9911125302314758
Little_Giant,0720,488,505,48.02104732737644,-120.85433539189815,0.9988276362419128
Little_Giant,0720,531,560,48.00944778554149,-120.83215608231416,0.9988144636154175
Little_Giant,0720,534,566,48.008638515180905,-120.82973652126864,0.9985482692718506
Little_Giant,0720,509,565,48.0153824348524,-120.8301397814429,0.9985588788986206
Little_Giant,0720,564,499,48.00054581157512,-120.85675495294367,0.6168318390846252
Little_Giant,0720,498,584,48.01834975950785,-120.82247783813206,0.7738302946090698
Little_Giant,0720,457,545,48.02940978776909,-120.83820498492798,0.9973501563072205
Little_Giant,0720,546,490,48.0054014337386,-120.86038429451197,0.9981107115745544
Little_Giant,0720,542,529,48.00648046088603,-120.84465714771605,0.9989344477653503
Little_Giant,0720,451,553,48.031028328490244,-120.83497890353394,0.9686453938484192
Little_Giant,0720,447,514,48.032107355637685,-120.85070605032986,0.9682010412216187
Little_Giant,0720,556,548,48.00270386587,-120.83699520440521,0.9025506377220154
Little_Giant,0720,474,554,48.02482392239248,-120.83457564335968,0.9973976612091064
Little_Giant,0720,558,547,48.00216435229628,-120.83739846457946,0.6823521256446838
Little_Giant,0720,509,458,48.0153824348524,-120.8732886200881,0.9144877195358276
Little_Giant,0720,491,498,48.02023805701587,-120.85715821311793,0.9985806345939636
Little_Giant,0720,467,492,48.026712219900496,-120.85957777416345,0.9520272016525269
Little_Giant,0720,492,544,48.019968300229,-120.83860824510224,0.994835615158081
Little_Giant,0720,477,499,48.024014652031894,-120.85675495294367,0.9983575940132141
Little_Giant,0720,555,530,48.00297362265686,-120.8442538875418,0.9955989718437195
Little_Giant,0720,480,529,48.02320538167132,-120.84465714771605,0.9988595247268677
Little_Giant,0720,455,530,48.0299493013428,-120.8442538875418,0.9974039196968079
Little_Giant,0720,516,579,48.01349413734438,-120.82449413900333,0.993354856967926
Little_Giant,0720,468,518,48.02644246311363,-120.84909300963285,0.9984982013702393
Little_Giant,0720,559,511,48.00189459550942,-120.85191583085263,0.8882020711898804
Little_Giant,0720,514,464,48.014033650918094,-120.87086905904258,0.6982240676879883
Little_Giant,0720,550,493,48.00432240659116,-120.8591745139892,0.996152937412262
Little_Giant,0720,440,518,48.0339956531457,-120.84909300963285,0.9085270166397095
Little_Giant,0720,523,470,48.01160583983636,-120.86844949799706,0.9055424928665161
Little_Giant,0720,551,484,48.004052649804294,-120.8628038555575,0.9762968420982361
Little_Giant,0720,484,578,48.022126354523884,-120.82489739917759,0.6257869005203247
Little_Giant,0720,464,510,48.02752149026107,-120.85231909102689,0.9974374771118164
Little_Giant,0720,535,486,48.00836875839405,-120.86199733520898,0.9984451532363892
Little_Giant,0720,507,571,48.01592194842611,-120.82772022039737,0.9974932670593262
Little_Giant,0720,474,516,48.02482392239248,-120.84989952998136,0.9987412095069885
Little_Giant,0720,530,591,48.009717542328346,-120.81965501691228,0.5208385586738586
Little_Giant,0720,446,538,48.03237711242454,-120.84102780614776,0.9976842999458313
Little_Giant,0720,532,541,48.009178028754626,-120.839818025625,0.9987440705299377
Little_Giant,0720,490,567,48.02050781380272,-120.82933326109438,0.9942094683647156
Little_Giant,0720,525,477,48.01106632626264,-120.86562667677728,0.9981471300125122
Little_Giant,0720,462,543,48.02806100383479,-120.83901150527649,0.9978748559951782
Little_Giant,0720,543,521,48.006210704099175,-120.84788322911008,0.9984169006347656
Little_Giant,0720,522,548,48.01187559662322,-120.83699520440521,0.9978689551353455
Little_Giant,0720,538,483,48.00755948803347,-120.86320711573175,0.9980604648590088
Little_Giant,0720,549,517,48.004592163378014,-120.8494962698071,0.9981252551078796
Little_Giant,0720,486,525,48.021586840950164,-120.84627018841307,0.9986783266067505
Little_Giant,0720,449,533,48.031567842063964,-120.84304410701903,0.9973825216293335
Little_Giant,0720,527,583,48.01052681268892,-120.82288109830631,0.971990168094635
Little_Giant,0720,485,555,48.02185659773702,-120.83417238318543,0.9977980852127075
Little_Giant,0720,555,554,48.00297362265686,-120.83457564335968,0.6454351544380188
Little_Giant,0720,475,524,48.024554165605615,-120.84667344858732,0.9986445903778076
Little_Giant,0720,540,547,48.00701997445975,-120.83739846457946,0.9984280467033386
Little_Giant,0720,482,503,48.0226658680976,-120.85514191224667,0.9988120794296265
Little_Giant,0720,466,565,48.02698197668735,-120.8301397814429,0.8316983580589294
Little_Giant,0720,564,532,48.00054581157512,-120.84344736719329,0.9686087369918823
Little_Giant,0720,460,548,48.028600517408506,-120.83699520440521,0.9976297616958618
Little_Giant,0720,462,506,48.02806100383479,-120.8539321317239,0.9881486892700195
Little_Giant,0720,482,523,48.0226658680976,-120.84707670876158,0.9987927675247192
Little_Giant,0720,497,464,48.018619516294706,-120.87086905904258,0.6468021273612976
Little_Giant,0720,498,551,48.01834975950785,-120.83578542388246,0.9974707961082458
Little_Giant,0720,509,476,48.0153824348524,-120.86602993695153,0.9982430338859558
Little_Giant,0720,471,557,48.025633192753055,-120.83336586283693,0.9955591559410095
Little_Giant,0720,534,529,48.008638515180905,-120.84465714771605,0.9993194341659546
Little_Giant,0720,469,518,48.026172706326776,-120.84909300963285,0.9985759854316711
Little_Giant,0720,557,528,48.00243410908314,-120.8450604078903,0.9885132312774658
Little_Giant,0720,455,501,48.0299493013428,-120.85594843259517,0.9117968678474426
Little_Giant,0720,549,490,48.004592163378014,-120.86038429451197,0.9977214932441711
Little_Giant,0720,471,558,48.025633192753055,-120.83296260266268,0.9937639832496643
Little_Giant,0720,483,521,48.02239611131074,-120.84788322911008,0.9988667964935303
Little_Giant,0720,481,553,48.02293562488446,-120.83497890353394,0.9975714683532715
Little_Giant,0720,506,476,48.016191705212975,-120.86602993695153,0.997954249382019
Little_Giant,0720,542,505,48.00648046088603,-120.85433539189815,0.9981368184089661
Little_Giant,0720,477,491,48.024014652031894,-120.85998103433771,0.9956745505332947
Little_Giant,0720,552,513,48.00378289301744,-120.85110931050411,0.9980744123458862
Little_Giant,0720,531,467,48.00944778554149,-120.86965927851982,0.5534000992774963
Little_Giant,0720,524,589,48.0113360830495,-120.82046153726078,0.7738410234451294
Little_Giant,0720,547,489,48.005131676951734,-120.86078755468623,0.9979974627494812
Little_Giant,0720,535,475,48.00836875839405,-120.86643319712579,0.9922494888305664
Little_Giant,0720,539,504,48.00728973124661,-120.85473865207241,0.9982680678367615
Little_Giant,0720,520,577,48.01241511019694,-120.82530065935184,0.9951176047325134
Little_Giant,0720,446,544,48.03237711242454,-120.83860824510224,0.9952661991119385
Little_Giant,0720,447,529,48.032107355637685,-120.84465714771605,0.9961749315261841
Little_Giant,0720,520,570,48.01241511019694,-120.82812348057162,0.998677670955658
Little_Giant,0720,547,517,48.005131676951734,-120.8494962698071,0.9980654120445251
Little_Giant,0720,509,560,48.0153824348524,-120.83215608231416,0.9986402988433838
Little_Giant,0720,545,530,48.005671190525455,-120.8442538875418,0.9986594319343567
Little_Giant,0720,460,543,48.028600517408506,-120.83901150527649,0.9977556467056274
Little_Giant,0720,453,510,48.030488814916524,-120.85231909102689,0.9774546027183533
Little_Giant,0720,502,462,48.01727073236041,-120.8716755793911,0.9329870939254761
Little_Giant,0720,499,463,48.01808000272099,-120.87127231921684,0.7896894216537476
Little_Giant,0720,515,576,48.01376389413124,-120.82570391952609,0.9957805871963501
Little_Giant,0720,487,495,48.0213170841633,-120.8583679936407,0.9984439611434937
Little_Giant,0720,565,505,48.000276054788266,-120.85433539189815,0.716816782951355
Little_Giant,0720,487,574,48.0213170841633,-120.8265104398746,0.9572865962982178
Little_Giant,0720,487,501,48.0213170841633,-120.85594843259517,0.9987392425537109
Little_Giant,0720,476,502,48.02428440881876,-120.85554517242092,0.9986074566841125
Little_Giant,0720,464,500,48.02752149026107,-120.85635169276942,0.976983368396759
Little_Giant,0720,452,499,48.03075857170339,-120.85675495294367,0.54124516248703
Little_Giant,0720,497,587,48.018619516294706,-120.8212680576093,0.5977728366851807
Little_Giant,0720,549,524,48.004592163378014,-120.84667344858732,0.9982709884643555
Little_Giant,0720,497,537,48.018619516294706,-120.84143106632202,0.9988283514976501
Little_Giant,0720,545,560,48.005671190525455,-120.83215608231416,0.9973226189613342
Little_Giant,0720,539,522,48.00728973124661,-120.84747996893583,0.9992119073867798
Little_Giant,0720,470,516,48.02590294953991,-120.84989952998136,0.9987077713012695
Little_Giant,0720,481,564,48.02293562488446,-120.83054304161715,0.9942588210105896
Little_Giant,0720,480,549,48.02320538167132,-120.83659194423096,0.9981751441955566
Little_Giant,0720,480,546,48.02320538167132,-120.83780172475372,0.9981983304023743
Little_Giant,0720,457,553,48.02940978776909,-120.83497890353394,0.9866850972175598
Little_Giant,0720,523,590,48.01160583983636,-120.82005827708653,0.6624571681022644
Little_Giant,0720,544,539,48.00594094731231,-120.8406245459735,0.9988575577735901
Little_Giant,0720,550,566,48.00432240659116,-120.82973652126864,0.9894401431083679
Little_Giant,0720,480,479,48.02320538167132,-120.86482015642876,0.9351291656494141
Little_Giant,0720,533,580,48.00890827196777,-120.82409087882908,0.9877042174339294
Little_Giant,0720,502,569,48.01727073236041,-120.82852674074587,0.9965639710426331
Little_Giant,0720,492,479,48.019968300229,-120.86482015642876,0.9756157994270325
Little_Giant,0720,511,584,48.01484292127868,-120.82247783813206,0.9326802492141724
Little_Giant,0720,546,542,48.0054014337386,-120.83941476545074,0.996677815914154
Little_Giant,0720,458,550,48.02914003098223,-120.83618868405671,0.9959933161735535
Little_Giant,0720,557,487,48.00243410908314,-120.86159407503473,0.6241700649261475
Little_Giant,0720,542,551,48.00648046088603,-120.83578542388246,0.9955968856811523
Little_Giant,0720,453,535,48.030488814916524,-120.84223758667052,0.9977161288261414
Little_Giant,0720,545,498,48.005671190525455,-120.85715821311793,0.9982811212539673
Little_Giant,0720,542,482,48.00648046088603,-120.863610375906,0.9963606595993042
Little_Giant,0720,532,483,48.009178028754626,-120.86320711573175,0.9986057877540588
Little_Giant,0720,501,474,48.01754048914727,-120.86683645730004,0.9810954332351685
Little_Giant,0720,540,524,48.00701997445975,-120.84667344858732,0.999206006526947
Little_Giant,0720,452,540,48.03075857170339,-120.84022128579925,0.998150110244751
Little_Giant,0720,458,544,48.02914003098223,-120.83860824510224,0.9976918697357178
Little_Giant,0720,478,474,48.02374489524504,-120.86683645730004,0.7090942859649658
Little_Giant,0720,503,552,48.01700097557355,-120.8353821637082,0.9956862330436707
Little_Giant,0720,545,497,48.005671190525455,-120.8575614732922,0.998278021812439
Little_Giant,0720,531,500,48.00944778554149,-120.85635169276942,0.9991270899772644
Little_Giant,0720,545,522,48.005671190525455,-120.84747996893583,0.9982161521911621
Little_Giant,0720,483,504,48.02239611131074,-120.85473865207241,0.9988395571708679
Little_Giant,0720,504,563,48.016731218786695,-120.8309463017914,0.9965628385543823
Little_Giant,0720,499,584,48.01808000272099,-120.82247783813206,0.81391441822052
Little_Giant,0720,566,521,48.0000062980014,-120.84788322911008,0.7589641213417053
Little_Giant,0720,497,581,48.018619516294706,-120.82368761865482,0.8671199083328247
Little_Giant,0720,537,571,48.00782924482033,-120.82772022039737,0.9966452121734619
Little_Giant,0720,550,501,48.00432240659116,-120.85594843259517,0.9971885085105896
Little_Giant,0720,534,546,48.008638515180905,-120.83780172475372,0.9983581900596619
Little_Giant,0720,489,498,48.02077757058959,-120.85715821311793,0.9986250996589661
Little_Giant,0720,442,533,48.03345613957198,-120.84304410701903,0.9971412420272827
Little_Giant,0720,473,516,48.025093679179335,-120.84989952998136,0.9988006949424744
Little_Giant,0720,457,533,48.02940978776909,-120.84304410701903,0.9976912140846252
Little_Giant,0720,556,482,48.00270386587,-120.863610375906,0.5601924061775208
Little_Giant,0720,547,556,48.005131676951734,-120.83376912301118,0.9958162307739258
Little_Giant,0720,542,576,48.00648046088603,-120.82570391952609,0.9959166049957275
Little_Giant,0720,544,515,48.00594094731231,-120.85030279015561,0.9981697201728821
Little_Giant,0720,539,558,48.00728973124661,-120.83296260266268,0.9980442523956299
Little_Giant,0720,537,476,48.00782924482033,-120.86602993695153,0.9893175363540649
Little_Giant,0720,546,537,48.0054014337386,-120.84143106632202,0.9985972046852112
Little_Giant,0720,507,570,48.01592194842611,-120.82812348057162,0.9981850385665894
Little_Giant,0720,532,577,48.009178028754626,-120.82530065935184,0.9955737590789795
Little_Giant,0720,505,485,48.01646146199983,-120.86240059538324,0.9982658624649048
Little_Giant,0720,465,551,48.02725173347421,-120.83578542388246,0.9974828958511353
Little_Giant,0720,499,542,48.01808000272099,-120.83941476545074,0.9983850717544556
Little_Giant,0720,492,462,48.019968300229,-120.8716755793911,0.5847806930541992
Little_Giant,0720,519,559,48.0126848669838,-120.83255934248842,0.9988884925842285
Little_Giant,0720,505,545,48.01646146199983,-120.83820498492798,0.9981392621994019
Little_Giant,0720,551,482,48.004052649804294,-120.863610375906,0.9636421799659729
Little_Giant,0720,544,528,48.00594094731231,-120.8450604078903,0.9987664222717285
Little_Giant,0720,533,588,48.00890827196777,-120.82086479743504,0.827902615070343
Little_Giant,0720,556,515,48.00270386587,-120.85030279015561,0.9962471127510071
Little_Giant,0720,539,531,48.00728973124661,-120.84385062736754,0.9989461898803711
Little_Giant,0720,516,560,48.01349413734438,-120.83215608231416,0.9990283250808716
Little_Giant,0720,535,472,48.00836875839405,-120.86764297764854,0.9542879462242126
Little_Giant,0720,469,523,48.026172706326776,-120.84707670876158,0.9986729025840759
Little_Giant,0720,481,538,48.02293562488446,-120.84102780614776,0.998490571975708
Little_Giant,0720,446,509,48.03237711242454,-120.85272235120114,0.8302206993103027
Little_Giant,0720,541,519,48.006750217672895,-120.84868974945859,0.998777449131012
Little_Giant,0720,560,534,48.00162483872256,-120.84264084684477,0.9629898071289062
Little_Giant,0720,447,556,48.032107355637685,-120.83376912301118,0.7869142889976501
Little_Giant,0720,518,579,48.01295462377066,-120.82449413900333,0.9941684007644653
Little_Giant,0720,485,534,48.02185659773702,-120.84264084684477,0.9984719753265381
Little_Giant,0720,490,486,48.02050781380272,-120.86199733520898,0.9948827028274536
Little_Giant,0720,512,582,48.014573164491814,-120.82328435848056,0.9728274345397949
Little_Giant,0720,544,471,48.00594094731231,-120.8680462378228,0.8123233914375305
Little_Giant,0720,538,499,48.00755948803347,-120.85675495294367,0.9985449910163879
Little_Giant,0720,459,537,48.02887027419537,-120.84143106632202,0.9976919889450073
Little_Giant,0720,534,586,48.008638515180905,-120.82167131778355,0.9113340973854065
Little_Giant,0720,476,535,48.02428440881876,-120.84223758667052,0.998396098613739
Little_Giant,0720,497,585,48.018619516294706,-120.8220745779578,0.6925888061523438
Little_Giant,0720,468,482,48.02644246311363,-120.863610375906,0.5910886526107788
Little_Giant,0720,554,477,48.00324337944372,-120.86562667677728,0.6147128343582153
Little_Giant,0720,478,500,48.02374489524504,-120.85635169276942,0.9983903765678406
Little_Giant,0720,497,560,48.018619516294706,-120.83215608231416,0.9973287582397461
Little_Giant,0720,542,577,48.00648046088603,-120.82530065935184,0.9957937002182007
Little_Giant,0720,531,577,48.00944778554149,-120.82530065935184,0.996001660823822
Little_Giant,0720,545,505,48.005671190525455,-120.85433539189815,0.9981120228767395
Little_Giant,0720,451,555,48.031028328490244,-120.83417238318543,0.9323985576629639
Little_Giant,0720,511,583,48.01484292127868,-120.82288109830631,0.9602634310722351
Little_Giant,0720,489,540,48.02077757058959,-120.84022128579925,0.9964985847473145
Little_Giant,0720,509,455,48.0153824348524,-120.87449840061088,0.8794797658920288
Little_Giant,0720,546,508,48.0054014337386,-120.85312561137539,0.9981450438499451
Little_Giant,0720,473,528,48.025093679179335,-120.8450604078903,0.9986290335655212
Little_Giant,0720,540,573,48.00701997445975,-120.82691370004886,0.9957283139228821
Little_Giant,0720,521,546,48.012145353410084,-120.83780172475372,0.9982255101203918
Little_Giant,0720,474,520,48.02482392239248,-120.84828648928433,0.9987905025482178
Little_Giant,0720,514,563,48.014033650918094,-120.8309463017914,0.9988399744033813
Little_Giant,0720,543,536,48.006210704099175,-120.84183432649627,0.998769223690033
Little_Giant,0720,540,587,48.00701997445975,-120.8212680576093,0.9400657415390015
Little_Giant,0720,540,479,48.00701997445975,-120.86482015642876,0.9939848184585571
Little_Giant,0720,449,510,48.031567842063964,-120.85231909102689,0.945069432258606
Little_Giant,0720,532,581,48.009178028754626,-120.82368761865482,0.9887450337409973
Little_Giant,0720,474,484,48.02482392239248,-120.8628038555575,0.9393707513809204
Little_Giant,0720,442,544,48.03345613957198,-120.83860824510224,0.9940845966339111
Little_Giant,0720,454,524,48.03021905812967,-120.84667344858732,0.9961576461791992
Little_Giant,0720,473,510,48.025093679179335,-120.85231909102689,0.9987095594406128
Little_Giant,0720,504,577,48.016731218786695,-120.82530065935184,0.9809877872467041
Little_Giant,0720,473,485,48.025093679179335,-120.86240059538324,0.9439734220504761
Little_Giant,0720,443,538,48.03318638278512,-120.84102780614776,0.9976347088813782
Little_Giant,0720,491,560,48.02023805701587,-120.83215608231416,0.9978183507919312
Little_Giant,0720,557,511,48.00243410908314,-120.85191583085263,0.9892313480377197
Little_Giant,0720,481,527,48.02293562488446,-120.84546366806455,0.9988428354263306
Little_Giant,0720,513,584,48.01430340770496,-120.82247783813206,0.9473733305931091
Little_Giant,0720,475,487,48.024554165605615,-120.86159407503473,0.9797773361206055
Little_Giant,0720,493,558,48.019698543442146,-120.83296260266268,0.9985103607177734
Little_Giant,0720,552,575,48.00378289301744,-120.82610717970034,0.9402249455451965
Little_Giant,0720,517,466,48.01322438055752,-120.87006253869407,0.9173185229301453
Little_Giant,0720,501,467,48.01754048914727,-120.86965927851982,0.9195942878723145
Little_Giant,0720,470,521,48.02590294953991,-120.84788322911008,0.9987083077430725
Little_Giant,0720,474,552,48.02482392239248,-120.8353821637082,0.9976504445075989
Little_Giant,0720,491,558,48.02023805701587,-120.83296260266268,0.9982250332832336
Little_Giant,0720,525,557,48.01106632626264,-120.83336586283693,0.9984923601150513
Little_Giant,0720,510,553,48.015112678065535,-120.83497890353394,0.9980331659317017
Little_Giant,0720,545,576,48.005671190525455,-120.82570391952609,0.9961406588554382
Little_Giant,0720,441,540,48.03372589635884,-120.84022128579925,0.9975541830062866
Little_Giant,0720,460,560,48.028600517408506,-120.83215608231416,0.8961260318756104
Little_Giant,0720,474,571,48.02482392239248,-120.82772022039737,0.7847087979316711
Little_Giant,0720,503,454,48.01700097557355,-120.87490166078513,0.6871416568756104
Little_Giant,0720,448,510,48.03183759885082,-120.85231909102689,0.9319723844528198
Little_Giant,0720,545,571,48.005671190525455,-120.82772022039737,0.9949493408203125
Little_Giant,0720,483,506,48.02239611131074,-120.8539321317239,0.9988890886306763
Little_Giant,0720,513,574,48.01430340770496,-120.8265104398746,0.9966212511062622
Little_Giant,0720,488,484,48.02104732737644,-120.8628038555575,0.991088330745697
Little_Giant,0720,532,469,48.009178028754626,-120.86885275817131,0.9083601236343384
Little_Giant,0720,537,579,48.00782924482033,-120.82449413900333,0.9935804605484009
Little_Giant,0720,470,512,48.02590294953991,-120.85151257067837,0.998727023601532
Little_Giant,0720,499,478,48.01808000272099,-120.86522341660302,0.9892237782478333
Little_Giant,0720,484,537,48.022126354523884,-120.84143106632202,0.9976882338523865
Little_Giant,0720,489,471,48.02077757058959,-120.8680462378228,0.7661100029945374
Little_Giant,0720,482,549,48.0226658680976,-120.83659194423096,0.998444676399231
Little_Giant,0720,484,517,48.022126354523884,-120.8494962698071,0.9990284442901611
Little_Giant,0720,546,476,48.0054014337386,-120.86602993695153,0.9505960941314697
Little_Giant,0720,471,525,48.025633192753055,-120.84627018841307,0.9986481666564941
Little_Giant,0720,537,472,48.00782924482033,-120.86764297764854,0.9347504377365112
Little_Giant,0720,544,549,48.00594094731231,-120.83659194423096,0.9963501691818237
Little_Giant,0720,480,547,48.02320538167132,-120.83739846457946,0.9981979131698608
Little_Giant,0720,515,586,48.01376389413124,-120.82167131778355,0.903720498085022
Little_Giant,0720,495,489,48.019159029868426,-120.86078755468623,0.9980300664901733
Little_Giant,0720,491,499,48.02023805701587,-120.85675495294367,0.9986070990562439
Little_Giant,0720,537,526,48.00782924482033,-120.8458669282388,0.999345064163208
Little_Giant,0720,485,484,48.02185659773702,-120.8628038555575,0.9842959046363831
Little_Giant,0720,532,488,48.009178028754626,-120.86119081486048,0.9990743398666382
Little_Giant,0720,530,534,48.009717542328346,-120.84264084684477,0.9992700219154358
Little_Giant,0720,500,475,48.01781024593413,-120.86643319712579,0.976431667804718
Little_Giant,0720,549,534,48.004592163378014,-120.84264084684477,0.998482346534729
Little_Giant,0720,551,481,48.004052649804294,-120.86401363608026,0.9472225308418274
Little_Giant,0720,531,563,48.00944778554149,-120.8309463017914,0.999060869216919
Little_Giant,0720,508,481,48.015652191639255,-120.86401363608026,0.9986358284950256
Little_Giant,0720,497,493,48.018619516294706,-120.8591745139892,0.9983237981796265
Little_Giant,0720,471,514,48.025633192753055,-120.85070605032986,0.9987425208091736
Little_Giant,0720,456,513,48.02967954455595,-120.85110931050411,0.9932436943054199
Little_Giant,0720,455,531,48.0299493013428,-120.84385062736754,0.9975799918174744
Little_Giant,0720,513,478,48.01430340770496,-120.86522341660302,0.9986315369606018
Little_Giant,0720,482,528,48.0226658680976,-120.8450604078903,0.9987601041793823
Little_Giant,0720,545,486,48.005671190525455,-120.86199733520898,0.9976370334625244
Little_Giant,0720,438,521,48.034535166719415,-120.84788322911008,0.9607081413269043
Little_Giant,0720,465,550,48.02725173347421,-120.83618868405671,0.9978001713752747
Little_Giant,0720,469,500,48.026172706326776,-120.85635169276942,0.9957629442214966
Little_Giant,0720,442,518,48.03345613957198,-120.84909300963285,0.9361393451690674
Little_Giant,0720,472,497,48.0253634359662,-120.8575614732922,0.9962794780731201
Little_Giant,0720,507,466,48.01592194842611,-120.87006253869407,0.974749743938446
Little_Giant,0720,478,477,48.02374489524504,-120.86562667677728,0.8823280334472656
Little_Giant,0720,548,470,48.00486192016488,-120.86844949799706,0.580596387386322
Little_Giant,0720,555,537,48.00297362265686,-120.84143106632202,0.9905439615249634
Little_Giant,0720,544,540,48.00594094731231,-120.84022128579925,0.9988194108009338
Little_Giant,0720,502,554,48.01727073236041,-120.83457564335968,0.9975900650024414
Little_Giant,0720,520,559,48.01241511019694,-120.83255934248842,0.9988337755203247
Little_Giant,0720,444,515,48.03291662599826,-120.85030279015561,0.9558266401290894
Little_Giant,0720,455,557,48.0299493013428,-120.83336586283693,0.9225953817367554
Little_Giant,0720,455,499,48.0299493013428,-120.85675495294367,0.794731616973877
Little_Giant,0720,469,510,48.026172706326776,-120.85231909102689,0.9986703991889954
Little_Giant,0720,480,489,48.02320538167132,-120.86078755468623,0.9963441491127014
Little_Giant,0720,486,508,48.021586840950164,-120.85312561137539,0.9987766146659851
Little_Giant,0720,454,503,48.03021905812967,-120.85514191224667,0.8989570140838623
Little_Giant,0720,532,490,48.009178028754626,-120.86038429451197,0.9993647336959839
Little_Giant,0720,485,560,48.02185659773702,-120.83215608231416,0.9973214864730835
Little_Giant,0720,497,545,48.018619516294706,-120.83820498492798,0.9974234104156494
Little_Giant,0720,496,556,48.01888927308157,-120.83376912301118,0.9979907870292664
Little_Giant,0720,476,485,48.02428440881876,-120.86240059538324,0.9796619415283203
Little_Giant,0720,501,558,48.01754048914727,-120.83296260266268,0.9984474778175354
Little_Giant,0720,461,531,48.02833076062165,-120.84385062736754,0.9977989196777344
Little_Giant,0720,479,494,48.02347513845818,-120.85877125381495,0.9982616901397705
Little_Giant,0720,484,545,48.022126354523884,-120.83820498492798,0.9975284934043884
Little_Giant,0720,455,549,48.0299493013428,-120.83659194423096,0.9953820109367371
Little_Giant,0720,478,491,48.02374489524504,-120.85998103433771,0.9966381192207336
Little_Giant,0720,465,535,48.02725173347421,-120.84223758667052,0.9980508685112
Little_Giant,0720,476,492,48.02428440881876,-120.85957777416345,0.9968876242637634
Little_Giant,0720,491,559,48.02023805701587,-120.83255934248842,0.9980239272117615
Little_Giant,0720,468,548,48.02644246311363,-120.83699520440521,0.9980858564376831
Little_Giant,0720,542,552,48.00648046088603,-120.8353821637082,0.9955589771270752
Little_Giant,0720,472,550,48.0253634359662,-120.83618868405671,0.9979145526885986
Little_Giant,0720,552,494,48.00378289301744,-120.85877125381495,0.9904235005378723
Little_Giant,0720,530,476,48.009717542328346,-120.86602993695153,0.9963968396186829
Little_Giant,0720,521,586,48.012145353410084,-120.82167131778355,0.9082590937614441
Little_Giant,0720,499,480,48.01808000272099,-120.86441689625451,0.9958822131156921
Little_Giant,0720,462,514,48.02806100383479,-120.85070605032986,0.9966609477996826
Little_Giant,0720,545,478,48.005671190525455,-120.86522341660302,0.9728425145149231
Little_Giant,0720,479,504,48.02347513845818,-120.85473865207241,0.9986758232116699
Little_Giant,0720,525,573,48.01106632626264,-120.82691370004886,0.9982401728630066
Little_Giant,0720,496,497,48.01888927308157,-120.8575614732922,0.9986696839332581
Little_Giant,0720,466,496,48.02698197668735,-120.85796473346645,0.9738788604736328
Little_Giant,0720,507,548,48.01592194842611,-120.83699520440521,0.997643768787384
Little_Giant,0720,520,543,48.01241511019694,-120.83901150527649,0.9986312389373779
Little_Giant,0720,544,484,48.00594094731231,-120.8628038555575,0.9968109726905823
Little_Giant,0720,561,506,48.0013550819357,-120.8539321317239,0.8551811575889587
Little_Giant,0720,496,548,48.01888927308157,-120.83699520440521,0.9960305094718933
Little_Giant,0720,565,501,48.000276054788266,-120.85594843259517,0.53282630443573
Little_Giant,0720,505,487,48.01646146199983,-120.86159407503473,0.9985544085502625
Little_Giant,0720,469,522,48.026172706326776,-120.84747996893583,0.9986569881439209
Little_Giant,0720,508,545,48.015652191639255,-120.83820498492798,0.9980445504188538
Little_Giant,0720,481,480,48.02293562488446,-120.86441689625451,0.9297397136688232
Little_Giant,0720,554,497,48.00324337944372,-120.8575614732922,0.9854815006256104
Little_Giant,0720,470,501,48.02590294953991,-120.85594843259517,0.9976951479911804
Little_Giant,0720,543,504,48.006210704099175,-120.85473865207241,0.998131275177002
Little_Giant,0720,536,543,48.00809900160719,-120.83901150527649,0.9984291791915894
Little_Giant,0720,548,487,48.00486192016488,-120.86159407503473,0.9962136149406433
Little_Giant,0720,491,475,48.02023805701587,-120.86643319712579,0.8326443433761597
Little_Giant,0720,555,539,48.00297362265686,-120.8406245459735,0.9918996095657349
Little_Giant,0720,469,486,48.026172706326776,-120.86199733520898,0.8771384358406067
Little_Giant,0720,473,543,48.025093679179335,-120.83901150527649,0.9984181523323059
Little_Giant,0720,493,578,48.019698543442146,-120.82489739917759,0.9104300141334534
Little_Giant,0720,448,516,48.03183759885082,-120.84989952998136,0.9790207147598267
Little_Giant,0720,495,585,48.019159029868426,-120.8220745779578,0.669248104095459
Little_Giant,0720,483,489,48.02239611131074,-120.86078755468623,0.9945982098579407
Little_Giant,0720,475,563,48.024554165605615,-120.8309463017914,0.986667275428772
Little_Giant,0720,505,573,48.01646146199983,-120.82691370004886,0.9918718338012695
Little_Giant,0720,535,500,48.00836875839405,-120.85635169276942,0.9985616207122803
Little_Giant,0720,458,514,48.02914003098223,-120.85070605032986,0.9934861660003662
Little_Giant,0720,440,533,48.0339956531457,-120.84304410701903,0.9969131350517273
Little_Giant,0720,495,586,48.019159029868426,-120.82167131778355,0.6504846811294556
Little_Giant,0720,522,561,48.01187559662322,-120.8317528221399,0.9987480640411377
Little_Giant,0720,526,542,48.01079656947579,-120.83941476545074,0.9987226724624634
Little_Giant,0720,502,542,48.01727073236041,-120.83941476545074,0.9985154271125793
Little_Giant,0720,553,485,48.00351313623058,-120.86240059538324,0.9472217559814453
Little_Giant,0720,476,534,48.02428440881876,-120.84264084684477,0.9984377026557922
Little_Giant,0720,462,489,48.02806100383479,-120.86078755468623,0.6337797045707703
Little_Giant,0720,448,532,48.03183759885082,-120.84344736719329,0.9972297549247742
Little_Giant,0720,532,591,48.009178028754626,-120.81965501691228,0.5973712801933289
Little_Giant,0720,446,515,48.03237711242454,-120.85030279015561,0.974842369556427
Little_Giant,0720,464,489,48.02752149026107,-120.86078755468623,0.5681196451187134
Little_Giant,0720,519,554,48.0126848669838,-120.83457564335968,0.9978731274604797
Little_Giant,0720,523,562,48.01160583983636,-120.83134956196565,0.9987167716026306
Little_Giant,0720,452,557,48.03075857170339,-120.83336586283693,0.8569403886795044
Little_Giant,0720,456,525,48.02967954455595,-120.84627018841307,0.9967241883277893
Little_Giant,0720,444,546,48.03291662599826,-120.83780172475372,0.9902927279472351
Little_Giant,0720,474,490,48.02482392239248,-120.86038429451197,0.9873078465461731
Little_Giant,0720,474,518,48.02482392239248,-120.84909300963285,0.9988442659378052
Little_Giant,0720,550,572,48.00432240659116,-120.82731696022311,0.9795679450035095
Little_Giant,0720,478,544,48.02374489524504,-120.83860824510224,0.9982579350471497
Little_Giant,0720,555,570,48.00297362265686,-120.82812348057162,0.5059623718261719
Little_Giant,0720,545,513,48.005671190525455,-120.85110931050411,0.9981846809387207
Little_Giant,0720,438,527,48.034535166719415,-120.84546366806455,0.9920695424079895
Little_Giant,0720,516,550,48.01349413734438,-120.83618868405671,0.9970784187316895
Little_Giant,0720,496,470,48.01888927308157,-120.86844949799706,0.6952747702598572
Little_Giant,0720,556,546,48.00270386587,-120.83780172475372,0.9270831346511841
Little_Giant,0720,498,476,48.01834975950785,-120.86602993695153,0.9508445858955383
Little_Giant,0720,556,553,48.00270386587,-120.83497890353394,0.5771183371543884
Little_Giant,0720,471,545,48.025633192753055,-120.83820498492798,0.9979852437973022
Little_Giant,0720,524,473,48.0113360830495,-120.86723971747429,0.9911651611328125
Little_Giant,0720,446,537,48.03237711242454,-120.84143106632202,0.9977313280105591
Little_Giant,0720,481,493,48.02293562488446,-120.8591745139892,0.9982506632804871
Little_Giant,0720,504,574,48.016731218786695,-120.8265104398746,0.9897763729095459
Little_Giant,0720,448,549,48.03183759885082,-120.83659194423096,0.9879534840583801
Little_Giant,0720,555,536,48.00297362265686,-120.84183432649627,0.9908239245414734
Little_Giant,0720,533,527,48.00890827196777,-120.84546366806455,0.9995125532150269
Little_Giant,0720,446,539,48.03237711242454,-120.8406245459735,0.9978652000427246
Little_Giant,0720,464,519,48.02752149026107,-120.84868974945859,0.9980589747428894
Little_Giant,0720,493,582,48.019698543442146,-120.82328435848056,0.8220025897026062
Little_Giant,0720,550,502,48.00432240659116,-120.85554517242092,0.9965465664863586
Little_Giant,0720,503,559,48.01700097557355,-120.83255934248842,0.9982502460479736
Little_Giant,0720,513,586,48.01430340770496,-120.82167131778355,0.8905546069145203
Little_Giant,0720,529,476,48.0099872991152,-120.86602993695153,0.9968737363815308
Little_Giant,0720,485,568,48.02185659773702,-120.82893000092012,0.990536630153656
Little_Giant,0720,439,517,48.03426540993256,-120.8494962698071,0.8560276031494141
Little_Giant,0720,540,471,48.00701997445975,-120.8680462378228,0.8564645648002625
Little_Giant,0720,539,469,48.00728973124661,-120.86885275817131,0.7144290208816528
Little_Giant,0720,474,540,48.02482392239248,-120.84022128579925,0.9984728693962097
Little_Giant,0720,485,528,48.02185659773702,-120.8450604078903,0.9986284971237183
Little_Giant,0720,478,510,48.02374489524504,-120.85231909102689,0.9988802075386047
Little_Giant,0720,494,545,48.01942878665529,-120.83820498492798,0.9952220320701599
Little_Giant,0720,502,568,48.01727073236041,-120.82893000092012,0.9975472092628479
Little_Giant,0720,462,532,48.02806100383479,-120.84344736719329,0.9979429244995117
Little_Giant,0720,450,557,48.0312980852771,-120.83336586283693,0.7901714444160461
Little_Giant,0720,486,517,48.021586840950164,-120.8494962698071,0.9991269111633301
Little_Giant,0720,472,493,48.0253634359662,-120.8591745139892,0.9946291446685791
Little_Giant,0720,496,550,48.01888927308157,-120.83618868405671,0.9974061250686646
Little_Giant,0720,527,554,48.01052681268892,-120.83457564335968,0.998249351978302
Little_Giant,0720,516,576,48.01349413734438,-120.82570391952609,0.9960006475448608
Little_Giant,0720,507,470,48.01592194842611,-120.86844949799706,0.9881865978240967
Little_Giant,0720,514,573,48.014033650918094,-120.82691370004886,0.99764484167099
Little_Giant,0720,544,568,48.00594094731231,-120.82893000092012,0.996041476726532
Little_Giant,0720,493,478,48.019698543442146,-120.86522341660302,0.965323269367218
Little_Giant,0720,551,575,48.004052649804294,-120.82610717970034,0.9721472859382629
Little_Giant,0720,449,511,48.031567842063964,-120.85191583085263,0.9551822543144226
Little_Giant,0720,530,503,48.009717542328346,-120.85514191224667,0.9991235136985779
Little_Giant,0720,455,548,48.0299493013428,-120.83699520440521,0.9964011907577515
Little_Giant,0720,527,478,48.01052681268892,-120.86522341660302,0.9985679388046265
Little_Giant,0720,535,544,48.00836875839405,-120.83860824510224,0.9984083771705627
Little_Giant,0720,470,485,48.02590294953991,-120.86240059538324,0.8938270807266235
Little_Giant,0720,462,513,48.02806100383479,-120.85110931050411,0.9965640902519226
Little_Giant,0720,476,504,48.02428440881876,-120.85473865207241,0.9986593127250671
Little_Giant,0720,565,528,48.000276054788266,-120.8450604078903,0.9363560080528259
Little_Giant,0720,480,550,48.02320538167132,-120.83618868405671,0.9980379343032837
Little_Giant,0720,521,581,48.012145353410084,-120.82368761865482,0.9884524345397949
Little_Giant,0720,506,455,48.016191705212975,-120.87449840061088,0.8011371493339539
Little_Giant,0720,506,560,48.016191705212975,-120.83215608231416,0.997809886932373
Little_Giant,0720,536,501,48.00809900160719,-120.85594843259517,0.9984669089317322
Little_Giant,0720,467,538,48.026712219900496,-120.84102780614776,0.9982199668884277
Little_Giant,0720,494,469,48.01942878665529,-120.86885275817131,0.7003229260444641
Little_Giant,0720,482,488,48.0226658680976,-120.86119081486048,0.9944609999656677
Little_Giant,0720,489,544,48.02077757058959,-120.83860824510224,0.9953118562698364
Little_Giant,0720,507,474,48.01592194842611,-120.86683645730004,0.9974632263183594
Little_Giant,0720,544,524,48.00594094731231,-120.84667344858732,0.9984487295150757
Little_Giant,0720,537,501,48.00782924482033,-120.85594843259517,0.9984647631645203
Little_Giant,0720,468,564,48.02644246311363,-120.83054304161715,0.9362624287605286
Little_Giant,0720,531,492,48.00944778554149,-120.85957777416345,0.9993213415145874
Little_Giant,0720,458,557,48.02914003098223,-120.83336586283693,0.9657629132270813
Little_Giant,0720,500,467,48.01781024593413,-120.86965927851982,0.8139086961746216
Little_Giant,0720,490,558,48.02050781380272,-120.83296260266268,0.9980891942977905
Little_Giant,0720,456,541,48.02967954455595,-120.839818025625,0.9981124997138977
Little_Giant,0720,509,570,48.0153824348524,-120.82812348057162,0.9984530210494995
Little_Giant,0720,492,471,48.019968300229,-120.8680462378228,0.8148462176322937
Little_Giant,0720,489,478,48.02077757058959,-120.86522341660302,0.9081066250801086
Little_Giant,0720,518,551,48.01295462377066,-120.83578542388246,0.9977315068244934
Little_Giant,0720,551,556,48.004052649804294,-120.83376912301118,0.9870368242263794
Little_Giant,0720,495,568,48.019159029868426,-120.82893000092012,0.9926854372024536
Little_Giant,0720,474,566,48.02482392239248,-120.82973652126864,0.9720808863639832
Little_Giant,0720,475,571,48.024554165605615,-120.82772022039737,0.8366072773933411
Little_Giant,0720,532,502,48.009178028754626,-120.85554517242092,0.998916506767273
Little_Giant,0720,531,484,48.00944778554149,-120.8628038555575,0.998706579208374
Little_Giant,0720,440,538,48.0339956531457,-120.84102780614776,0.9974281787872314
Little_Giant,0720,533,571,48.00890827196777,-120.82772022039737,0.9980653524398804
Little_Giant,0720,501,454,48.01754048914727,-120.87490166078513,0.641548216342926
Little_Giant,0720,488,537,48.02104732737644,-120.84143106632202,0.9979555606842041
Little_Giant,0720,461,501,48.02833076062165,-120.85594843259517,0.9697168469429016
Little_Giant,0720,540,530,48.00701997445975,-120.8442538875418,0.9990313649177551
Little_Giant,0720,541,581,48.006750217672895,-120.82368761865482,0.9936486482620239
Little_Giant,0720,457,516,48.02940978776909,-120.84989952998136,0.9947456121444702
Little_Giant,0720,566,513,48.0000062980014,-120.85110931050411,0.7269166111946106
Little_Giant,0720,549,493,48.004592163378014,-120.8591745139892,0.9979678988456726
Little_Giant,0720,452,514,48.03075857170339,-120.85070605032986,0.9861823320388794
Little_Giant,0720,501,492,48.01754048914727,-120.85957777416345,0.998559296131134
Little_Giant,0720,559,522,48.00189459550942,-120.84747996893583,0.7974196076393127
Little_Giant,0720,544,543,48.00594094731231,-120.83901150527649,0.9982174038887024
Little_Giant,0720,554,565,48.00324337944372,-120.8301397814429,0.8055130243301392
Little_Giant,0720,492,569,48.019968300229,-120.82852674074587,0.9921829104423523
Little_Giant,0720,549,484,48.004592163378014,-120.8628038555575,0.9919649958610535
Little_Giant,0720,507,472,48.01592194842611,-120.86764297764854,0.9908234477043152
Little_Giant,0720,556,492,48.00270386587,-120.85957777416345,0.8416803479194641
Little_Giant,0720,490,585,48.02050781380272,-120.8220745779578,0.5704166889190674
Little_Giant,0720,510,579,48.015112678065535,-120.82449413900333,0.9888237714767456
Little_Giant,0720,480,508,48.02320538167132,-120.85312561137539,0.9989050626754761
Little_Giant,0720,498,581,48.01834975950785,-120.82368761865482,0.8839502930641174
Little_Giant,0720,532,467,48.009178028754626,-120.86965927851982,0.5956677198410034
Little_Giant,0720,534,544,48.008638515180905,-120.83860824510224,0.9983732104301453
Little_Giant,0720,514,581,48.014033650918094,-120.82368761865482,0.9841065406799316
Little_Giant,0720,489,504,48.02077757058959,-120.85473865207241,0.9988186955451965
Little_Giant,0720,514,561,48.014033650918094,-120.8317528221399,0.9988947510719299
Little_Giant,0720,548,539,48.00486192016488,-120.8406245459735,0.9980791807174683
Little_Giant,0720,551,544,48.004052649804294,-120.83860824510224,0.9872071146965027
Little_Giant,0720,550,497,48.00432240659116,-120.8575614732922,0.9977222084999084
Little_Giant,0720,486,571,48.021586840950164,-120.82772022039737,0.9783183932304382
Little_Giant,0720,448,509,48.03183759885082,-120.85272235120114,0.8876171112060547
Little_Giant,0720,513,581,48.01430340770496,-120.82368761865482,0.9824070334434509
Little_Giant,0720,456,522,48.02967954455595,-120.84747996893583,0.9960923790931702
Little_Giant,0720,489,586,48.02077757058959,-120.82167131778355,0.5398223400115967
Little_Giant,0720,451,515,48.031028328490244,-120.85030279015561,0.9868703484535217
Little_Giant,0720,443,526,48.03318638278512,-120.8458669282388,0.9917998909950256
Little_Giant,0720,453,560,48.030488814916524,-120.83215608231416,0.6239063143730164
Little_Giant,0720,544,505,48.00594094731231,-120.85433539189815,0.9981381297111511
Little_Giant,0720,527,546,48.01052681268892,-120.83780172475372,0.9983474612236023
Little_Giant,0720,493,471,48.019698543442146,-120.8680462378228,0.8072466850280762
Little_Giant,0720,540,504,48.00701997445975,-120.85473865207241,0.9982942342758179
Little_Giant,0720,507,484,48.01592194842611,-120.8628038555575,0.9985762238502502
Little_Giant,0720,485,516,48.02185659773702,-120.84989952998136,0.9989924430847168
Little_Giant,0720,463,489,48.02779124704793,-120.86078755468623,0.6309382319450378
Little_Giant,0720,556,552,48.00270386587,-120.8353821637082,0.6830651164054871
Little_Giant,0720,477,478,48.024014652031894,-120.86522341660302,0.8624484539031982
Little_Giant,0720,554,484,48.00324337944372,-120.8628038555575,0.9402087926864624
Little_Giant,0720,564,513,48.00054581157512,-120.85110931050411,0.8234245777130127
Little_Giant,0720,561,526,48.0013550819357,-120.8458669282388,0.9246708154678345
Little_Giant,0720,469,553,48.026172706326776,-120.83497890353394,0.9969798922538757
Little_Giant,0720,472,510,48.0253634359662,-120.85231909102689,0.9986792206764221
Little_Giant,0720,540,561,48.00701997445975,-120.8317528221399,0.9980340600013733
Little_Giant,0720,480,567,48.02320538167132,-120.82933326109438,0.9820927381515503
Little_Giant,0720,502,478,48.01727073236041,-120.86522341660302,0.9968929886817932
Little_Giant,0720,499,486,48.01808000272099,-120.86199733520898,0.998030424118042
Little_Giant,0720,555,478,48.00297362265686,-120.86522341660302,0.615771472454071
Little_Giant,0720,475,574,48.024554165605615,-120.8265104398746,0.5454811453819275
Little_Giant,0720,544,513,48.00594094731231,-120.85110931050411,0.9981997013092041
Little_Giant,0720,492,483,48.019968300229,-120.86320711573175,0.9932016730308533
Little_Giant,0720,541,576,48.006750217672895,-120.82570391952609,0.9956246018409729
Little_Giant,0720,472,519,48.0253634359662,-120.84868974945859,0.998812198638916
Little_Giant,0720,535,573,48.00836875839405,-120.82691370004886,0.9969709515571594
Little_Giant,0720,491,477,48.02023805701587,-120.86562667677728,0.902107834815979
Little_Giant,0720,502,490,48.01727073236041,-120.86038429451197,0.998568058013916
Little_Giant,0720,459,564,48.02887027419537,-120.83054304161715,0.5628299117088318
Little_Giant,0720,554,496,48.00324337944372,-120.85796473346645,0.9876452088356018
Little_Giant,0720,548,476,48.00486192016488,-120.86602993695153,0.9331530928611755
Little_Giant,0720,566,535,48.0000062980014,-120.84223758667052,0.8986674547195435
Little_Giant,0720,517,563,48.01322438055752,-120.8309463017914,0.9989111423492432
Little_Giant,0720,558,537,48.00216435229628,-120.84143106632202,0.9772918224334717
Little_Giant,0720,483,570,48.02239611131074,-120.82812348057162,0.9746519327163696
Little_Giant,0720,484,533,48.022126354523884,-120.84304410701903,0.9985052347183228
Little_Giant,0720,492,540,48.019968300229,-120.84022128579925,0.9970433115959167
Little_Giant,0720,529,497,48.0099872991152,-120.8575614732922,0.9995425343513489
Little_Giant,0720,470,514,48.02590294953991,-120.85070605032986,0.9986831545829773
Little_Giant,0720,461,499,48.02833076062165,-120.85675495294367,0.9469390511512756
Little_Giant,0720,471,511,48.025633192753055,-120.85191583085263,0.9988020658493042
Little_Giant,0720,541,503,48.006750217672895,-120.85514191224667,0.9983335733413696
Little_Giant,0720,456,532,48.02967954455595,-120.84344736719329,0.9976770281791687
Little_Giant,0720,459,550,48.02887027419537,-120.83618868405671,0.9965621829032898
Little_Giant,0720,517,586,48.01322438055752,-120.82167131778355,0.9272328615188599
Little_Giant,0720,555,566,48.00297362265686,-120.82973652126864,0.601380467414856
Little_Giant,0720,526,568,48.01079656947579,-120.82893000092012,0.9988328218460083
Little_Giant,0720,472,512,48.0253634359662,-120.85151257067837,0.9987917542457581
Little_Giant,0720,556,491,48.00270386587,-120.85998103433771,0.809515655040741
Little_Giant,0720,529,561,48.0099872991152,-120.8317528221399,0.9989475607872009
Little_Giant,0720,530,558,48.009717542328346,-120.83296260266268,0.9985830187797546
Little_Giant,0720,523,557,48.01160583983636,-120.83336586283693,0.9986345171928406
Little_Giant,0720,553,510,48.00351313623058,-120.85231909102689,0.996971607208252
Little_Giant,0720,542,582,48.00648046088603,-120.82328435848056,0.9938995242118835
Little_Giant,0720,485,479,48.02185659773702,-120.86482015642876,0.9383264183998108
Little_Giant,0720,495,473,48.019159029868426,-120.86723971747429,0.691563606262207
Little_Giant,0720,479,480,48.02347513845818,-120.86441689625451,0.9529905915260315
Little_Giant,0720,558,521,48.00216435229628,-120.84788322911008,0.9524250626564026
Little_Giant,0720,529,560,48.0099872991152,-120.83215608231416,0.9988340139389038
Little_Giant,0720,460,546,48.028600517408506,-120.83780172475372,0.9976142048835754
Little_Giant,0720,553,543,48.00351313623058,-120.83901150527649,0.989505410194397
Little_Giant,0720,540,567,48.00701997445975,-120.82933326109438,0.9978752136230469
Little_Giant,0720,464,513,48.02752149026107,-120.85110931050411,0.9976717829704285
Little_Giant,0720,485,515,48.02185659773702,-120.85030279015561,0.9990002512931824
Little_Giant,0720,493,565,48.019698543442146,-120.8301397814429,0.9975650310516357
Little_Giant,0720,518,542,48.01295462377066,-120.83941476545074,0.9987391829490662
Little_Giant,0720,468,500,48.02644246311363,-120.85635169276942,0.995968222618103
Little_Giant,0720,500,581,48.01781024593413,-120.82368761865482,0.9130938649177551
Little_Giant,0720,459,524,48.02887027419537,-120.84667344858732,0.9964236617088318
Little_Giant,0720,527,492,48.01052681268892,-120.85957777416345,0.9993563890457153
Little_Giant,0720,555,521,48.00297362265686,-120.84788322911008,0.9972002506256104
Little_Giant,0720,555,520,48.00297362265686,-120.84828648928433,0.9971985220909119
Little_Giant,0720,505,583,48.01646146199983,-120.82288109830631,0.9120951890945435
Little_Giant,0720,470,536,48.02590294953991,-120.84183432649627,0.9983640909194946
Little_Giant,0720,552,527,48.00378289301744,-120.84546366806455,0.9982567429542542
Little_Giant,0720,539,521,48.00728973124661,-120.84788322911008,0.9991844296455383
Little_Giant,0720,521,582,48.012145353410084,-120.82328435848056,0.9819002151489258
Little_Giant,0720,540,559,48.00701997445975,-120.83255934248842,0.9979607462882996
Little_Giant,0720,451,509,48.031028328490244,-120.85272235120114,0.9599232077598572
Little_Giant,0720,529,549,48.0099872991152,-120.83659194423096,0.998335599899292
Little_Giant,0720,536,537,48.00809900160719,-120.84143106632202,0.9987117648124695
Little_Giant,0720,538,467,48.00755948803347,-120.86965927851982,0.5919331312179565
Little_Giant,0720,505,552,48.01646146199983,-120.8353821637082,0.9964557886123657
Little_Giant,0720,467,504,48.026712219900496,-120.85473865207241,0.9961439371109009
Little_Giant,0720,513,465,48.01430340770496,-120.87046579886832,0.8711721897125244
Little_Giant,0720,544,474,48.00594094731231,-120.86683645730004,0.9378348588943481
Little_Giant,0720,531,473,48.00944778554149,-120.86723971747429,0.9850597381591797
Little_Giant,0720,552,490,48.00378289301744,-120.86038429451197,0.97491055727005
Little_Giant,0720,466,504,48.02698197668735,-120.85473865207241,0.9955739378929138
Little_Giant,0720,540,582,48.00701997445975,-120.82328435848056,0.9911515116691589
Little_Giant,0720,507,576,48.01592194842611,-120.82570391952609,0.9911829829216003
Little_Giant,0720,533,573,48.00890827196777,-120.82691370004886,0.9977920055389404
Little_Giant,0720,539,494,48.00728973124661,-120.85877125381495,0.9984467625617981
Little_Giant,0720,550,474,48.00432240659116,-120.86683645730004,0.7778093814849854
Little_Giant,0720,560,516,48.00162483872256,-120.84989952998136,0.9297352433204651
Little_Giant,0720,517,566,48.01322438055752,-120.82973652126864,0.9989614486694336
Little_Giant,0720,549,547,48.004592163378014,-120.83739846457946,0.9907718300819397
Little_Giant,0720,475,543,48.024554165605615,-120.83901150527649,0.9984673857688904
Little_Giant,0720,529,478,48.0099872991152,-120.86522341660302,0.9982946515083313
Little_Giant,0720,532,482,48.009178028754626,-120.863610375906,0.9986218214035034
Little_Giant,0720,463,488,48.02779124704793,-120.86119081486048,0.6210790276527405
Little_Giant,0720,447,523,48.032107355637685,-120.84707670876158,0.9905819892883301
Little_Giant,0720,447,546,48.032107355637685,-120.83780172475372,0.9928635954856873
Little_Giant,0720,533,543,48.00890827196777,-120.83901150527649,0.9985244274139404
Little_Giant,0720,442,526,48.03345613957198,-120.8458669282388,0.9897841215133667
Little_Giant,0720,496,549,48.01888927308157,-120.83659194423096,0.9966619610786438
Little_Giant,0720,441,520,48.03372589635884,-120.84828648928433,0.9484854936599731
Little_Giant,0720,527,544,48.01052681268892,-120.83860824510224,0.9985722899436951
Little_Giant,0720,492,549,48.019968300229,-120.83659194423096,0.9971545934677124
Little_Giant,0720,470,550,48.02590294953991,-120.83618868405671,0.9980226159095764
Little_Giant,0720,494,496,48.01942878665529,-120.85796473346645,0.9985416531562805
Little_Giant,0720,514,470,48.014033650918094,-120.86844949799706,0.99330073595047
Little_Giant,0720,458,526,48.02914003098223,-120.8458669282388,0.9966570734977722
Little_Giant,0720,496,483,48.01888927308157,-120.86320711573175,0.9966168403625488
Little_Giant,0720,490,488,48.02050781380272,-120.86119081486048,0.9958099126815796
Little_Giant,0720,509,583,48.0153824348524,-120.82288109830631,0.9640335440635681
Little_Giant,0720,541,482,48.006750217672895,-120.863610375906,0.9977119565010071
Little_Giant,0720,496,487,48.01888927308157,-120.86159407503473,0.9979947209358215
Little_Giant,0720,443,545,48.03318638278512,-120.83820498492798,0.9919547438621521
Little_Giant,0720,543,502,48.006210704099175,-120.85554517242092,0.9980819225311279
Little_Giant,0720,553,574,48.00351313623058,-120.8265104398746,0.8804788589477539
Little_Giant,0720,444,527,48.03291662599826,-120.84546366806455,0.9949503540992737
Little_Giant,0720,475,496,48.024554165605615,-120.85796473346645,0.9976019263267517
Little_Giant,0720,520,572,48.01241511019694,-120.82731696022311,0.9980342984199524
Little_Giant,0720,445,511,48.0326468692114,-120.85191583085263,0.8943800926208496
Little_Giant,0720,490,480,48.02050781380272,-120.86441689625451,0.9539008736610413
Little_Giant,0720,507,469,48.01592194842611,-120.86885275817131,0.9860225319862366
Little_Giant,0720,472,501,48.0253634359662,-120.85594843259517,0.9983059763908386
Little_Giant,0720,547,526,48.005131676951734,-120.8458669282388,0.9984544515609741
Little_Giant,0720,532,586,48.009178028754626,-120.82167131778355,0.904759407043457
Little_Giant,0720,495,564,48.019159029868426,-120.83054304161715,0.9967328310012817
Little_Giant,0720,452,531,48.03075857170339,-120.84385062736754,0.9974740147590637
Little_Giant,0720,518,584,48.01295462377066,-120.82247783813206,0.9647623300552368
Little_Giant,0720,556,481,48.00270386587,-120.86401363608026,0.5053132772445679
Little_Giant,0720,491,481,48.02023805701587,-120.86401363608026,0.9737421274185181
Little_Giant,0720,519,566,48.0126848669838,-120.82973652126864,0.9989349246025085
Little_Giant,0720,490,476,48.02050781380272,-120.86602993695153,0.8496496677398682
Little_Giant,0720,549,507,48.004592163378014,-120.85352887154964,0.9984179735183716
Little_Giant,0720,504,556,48.016731218786695,-120.83376912301118,0.997194230556488
Little_Giant,0720,557,526,48.00243410908314,-120.8458669282388,0.9865748286247253
Little_Giant,0720,447,547,48.032107355637685,-120.83739846457946,0.9919257760047913
Little_Giant,0720,472,528,48.0253634359662,-120.8450604078903,0.9986142516136169
Little_Giant,0720,475,550,48.024554165605615,-120.83618868405671,0.998079240322113
Little_Giant,0720,480,536,48.02320538167132,-120.84183432649627,0.9985647201538086
Little_Giant,0720,442,520,48.03345613957198,-120.84828648928433,0.9573659896850586
Little_Giant,0720,453,507,48.030488814916524,-120.85352887154964,0.9541077017784119
Little_Giant,0720,527,580,48.01052681268892,-120.82409087882908,0.9937049150466919
Little_Giant,0720,534,486,48.008638515180905,-120.86199733520898,0.9986159801483154
Little_Giant,0720,556,517,48.00270386587,-120.8494962698071,0.9960675835609436
Little_Giant,0720,548,483,48.00486192016488,-120.86320711573175,0.9869173169136047
Little_Giant,0720,543,501,48.006210704099175,-120.85594843259517,0.9980889558792114
Little_Giant,0720,486,531,48.021586840950164,-120.84385062736754,0.9986655116081238
Little_Giant,0720,555,526,48.00297362265686,-120.8458669282388,0.9945651888847351
Little_Giant,0720,472,552,48.0253634359662,-120.8353821637082,0.9974095225334167
Little_Giant,0720,520,591,48.01241511019694,-120.81965501691228,0.5834736227989197
Little_Giant,0720,483,515,48.02239611131074,-120.85030279015561,0.9989657998085022
Little_Giant,0720,530,553,48.009717542328346,-120.83497890353394,0.9982771873474121
Little_Giant,0720,505,554,48.01646146199983,-120.83457564335968,0.997122049331665
Little_Giant,0720,475,551,48.024554165605615,-120.83578542388246,0.9978668093681335
Little_Giant,0720,493,499,48.019698543442146,-120.85675495294367,0.9986600875854492
Little_Giant,0720,476,527,48.02428440881876,-120.84546366806455,0.9985611438751221
Little_Giant,0720,479,519,48.02347513845818,-120.84868974945859,0.9990280270576477
Little_Giant,0720,563,539,48.000815568361986,-120.8406245459735,0.9346119165420532
Little_Giant,0720,449,557,48.031567842063964,-120.83336586283693,0.7408230304718018
Little_Giant,0720,473,505,48.025093679179335,-120.85433539189815,0.9985331296920776
Little_Giant,0720,537,507,48.00782924482033,-120.85352887154964,0.9986480474472046
Little_Giant,0720,540,514,48.00701997445975,-120.85070605032986,0.9988494515419006
Little_Giant,0720,454,548,48.03021905812967,-120.83699520440521,0.9961105585098267
Little_Giant,0720,470,539,48.02590294953991,-120.8406245459735,0.9982978701591492
Little_Giant,0720,507,481,48.01592194842611,-120.86401363608026,0.9984830021858215
Little_Giant,0720,549,456,48.004592163378014,-120.87409514043662,0.5367864966392517
Little_Giant,0720,547,564,48.005131676951734,-120.83054304161715,0.994807243347168
Little_Giant,0720,464,556,48.02752149026107,-120.83376912301118,0.9913428425788879
Little_Giant,0720,526,546,48.01079656947579,-120.83780172475372,0.9982906579971313
Little_Giant,0720,526,573,48.01079656947579,-120.82691370004886,0.9982370734214783
Little_Giant,0720,513,462,48.01430340770496,-120.8716755793911,0.6325167417526245
Little_Giant,0720,468,483,48.02644246311363,-120.86320711573175,0.7120572328567505
Little_Giant,0720,529,470,48.0099872991152,-120.86844949799706,0.8808215260505676
Little_Giant,0720,487,581,48.0213170841633,-120.82368761865482,0.6356968879699707
Little_Giant,0720,549,474,48.004592163378014,-120.86683645730004,0.8853590488433838
Little_Giant,0720,537,559,48.00782924482033,-120.83255934248842,0.9984738230705261
Little_Giant,0720,477,567,48.024014652031894,-120.82933326109438,0.9772554636001587
Little_Giant,0720,552,539,48.00378289301744,-120.8406245459735,0.9957711696624756
Little_Giant,0720,547,536,48.005131676951734,-120.84183432649627,0.9986655712127686
Little_Giant,0720,450,522,48.0312980852771,-120.84747996893583,0.9925209283828735
Little_Giant,0720,528,532,48.010257055902066,-120.84344736719329,0.9995293617248535
Little_Giant,0720,556,518,48.00270386587,-120.84909300963285,0.9968830943107605
Little_Giant,0720,472,540,48.0253634359662,-120.84022128579925,0.9983848929405212
Little_Giant,0720,455,553,48.0299493013428,-120.83497890353394,0.9823744893074036
Little_Giant,0720,439,514,48.03426540993256,-120.85070605032986,0.5607844591140747
Little_Giant,0720,538,529,48.00755948803347,-120.84465714771605,0.9990726113319397
Little_Giant,0720,459,547,48.02887027419537,-120.83739846457946,0.9973905086517334
Little_Giant,0720,478,535,48.02374489524504,-120.84223758667052,0.9984244704246521
Little_Giant,0720,476,554,48.02428440881876,-120.83457564335968,0.9972975254058838
Little_Giant,0720,448,517,48.03183759885082,-120.8494962698071,0.9794353246688843
Little_Giant,0720,474,487,48.02482392239248,-120.86159407503473,0.9660014510154724
Little_Giant,0720,548,501,48.00486192016488,-120.85594843259517,0.9982271790504456
Little_Giant,0720,491,495,48.02023805701587,-120.8583679936407,0.9983481764793396
Little_Giant,0720,561,518,48.0013550819357,-120.84909300963285,0.9161438345909119
Little_Giant,0720,489,467,48.02077757058959,-120.86965927851982,0.5362624526023865
Little_Giant,0720,464,508,48.02752149026107,-120.85312561137539,0.9965077042579651
Little_Giant,0720,546,527,48.0054014337386,-120.84546366806455,0.9985355138778687
Little_Giant,0720,485,518,48.02185659773702,-120.84909300963285,0.9989429712295532
Little_Giant,0720,524,557,48.0113360830495,-120.83336586283693,0.998591423034668
Little_Giant,0720,455,515,48.0299493013428,-120.85030279015561,0.992646336555481
Little_Giant,0720,498,464,48.01834975950785,-120.87086905904258,0.6727237701416016
Little_Giant,0720,547,563,48.005131676951734,-120.8309463017914,0.9944246411323547
Little_Giant,0720,490,475,48.02050781380272,-120.86643319712579,0.7973120212554932
Little_Giant,0720,524,565,48.0113360830495,-120.8301397814429,0.9990567564964294
Little_Giant,0720,553,499,48.00351313623058,-120.85675495294367,0.9917512536048889
Little_Giant,0720,493,587,48.019698543442146,-120.8212680576093,0.5943566560745239
Little_Giant,0720,540,583,48.00701997445975,-120.82288109830631,0.9889585375785828
Little_Giant,0720,532,497,48.009178028754626,-120.8575614732922,0.9993309378623962
Little_Giant,0720,540,472,48.00701997445975,-120.86764297764854,0.9326592683792114
Little_Giant,0720,514,548,48.014033650918094,-120.83699520440521,0.997259795665741
Little_Giant,0720,551,561,48.004052649804294,-120.8317528221399,0.9890826940536499
Little_Giant,0720,533,532,48.00890827196777,-120.84344736719329,0.9994141459465027
Little_Giant,0720,547,566,48.005131676951734,-120.82973652126864,0.9940605759620667
Little_Giant,0720,548,549,48.00486192016488,-120.83659194423096,0.9921488761901855
Little_Giant,0720,524,469,48.0113360830495,-120.86885275817131,0.8112143874168396
Little_Giant,0720,485,573,48.02185659773702,-120.82691370004886,0.9635859727859497
Little_Giant,0720,545,514,48.005671190525455,-120.85070605032986,0.9981735348701477
Little_Giant,0720,534,565,48.008638515180905,-120.8301397814429,0.9988058805465698
Little_Giant,0720,538,539,48.00755948803347,-120.8406245459735,0.9986475110054016
Little_Giant,0720,565,527,48.000276054788266,-120.84546366806455,0.9375805854797363
Little_Giant,0720,558,490,48.00216435229628,-120.86038429451197,0.6589849591255188
Little_Giant,0720,525,470,48.01106632626264,-120.86844949799706,0.8868339657783508
Little_Giant,0720,484,509,48.022126354523884,-120.85272235120114,0.9988865256309509
Little_Giant,0720,535,535,48.00836875839405,-120.84223758667052,0.9987374544143677
Little_Giant,0720,505,546,48.01646146199983,-120.83780172475372,0.9979714751243591
Little_Giant,0720,501,549,48.01754048914727,-120.83659194423096,0.9974322319030762
Little_Giant,0720,484,521,48.022126354523884,-120.84788322911008,0.9988651871681213
Little_Giant,0720,459,539,48.02887027419537,-120.8406245459735,0.9978815317153931
Little_Giant,0720,507,586,48.01592194842611,-120.82167131778355,0.8173250555992126
Little_Giant,0720,555,516,48.00297362265686,-120.84989952998136,0.996258556842804
Little_Giant,0720,522,540,48.01187559662322,-120.84022128579925,0.998940646648407
Little_Giant,0720,499,545,48.01808000272099,-120.83820498492798,0.9977352619171143
Little_Giant,0720,506,468,48.016191705212975,-120.86925601834557,0.9844384789466858
Little_Giant,0720,448,513,48.03183759885082,-120.85110931050411,0.9587888121604919
Little_Giant,0720,537,508,48.00782924482033,-120.85312561137539,0.9987167119979858
Little_Giant,0720,536,584,48.00809900160719,-120.82247783813206,0.9739792346954346
Little_Giant,0720,507,487,48.01592194842611,-120.86159407503473,0.9988252520561218
Little_Giant,0720,549,521,48.004592163378014,-120.84788322911008,0.9981921911239624
Little_Giant,0720,513,590,48.01430340770496,-120.82005827708653,0.6480759978294373
Little_Giant,0720,439,524,48.03426540993256,-120.84667344858732,0.9755235910415649
Little_Giant,0720,479,510,48.02347513845818,-120.85231909102689,0.998964786529541
Little_Giant,0720,473,541,48.025093679179335,-120.839818025625,0.9984475374221802
Little_Giant,0720,464,494,48.02752149026107,-120.85877125381495,0.9189361929893494
Little_Giant,0720,554,491,48.00324337944372,-120.85998103433771,0.9601974487304688
Little_Giant,0720,487,500,48.0213170841633,-120.85635169276942,0.9986417889595032
Little_Giant,0720,481,474,48.02293562488446,-120.86683645730004,0.7700819969177246
Little_Giant,0720,453,555,48.030488814916524,-120.83417238318543,0.9572001695632935
Little_Giant,0720,537,585,48.00782924482033,-120.8220745779578,0.9619885087013245
Little_Giant,0720,534,536,48.008638515180905,-120.84183432649627,0.9989640116691589
Little_Giant,0720,530,550,48.009717542328346,-120.83618868405671,0.9983262419700623
Little_Giant,0720,532,587,48.009178028754626,-120.8212680576093,0.8603013157844543
Little_Giant,0720,514,457,48.014033650918094,-120.87369188026236,0.7484784722328186
Little_Giant,0720,465,543,48.02725173347421,-120.83901150527649,0.998022198677063
Little_Giant,0720,537,581,48.00782924482033,-120.82368761865482,0.9912580251693726
Little_Giant,0720,521,573,48.012145353410084,-120.82691370004886,0.9977686405181885
Little_Giant,0720,540,564,48.00701997445975,-120.83054304161715,0.9978012442588806
Little_Giant,0720,547,475,48.005131676951734,-120.86643319712579,0.895541787147522
Little_Giant,0720,465,490,48.02725173347421,-120.86038429451197,0.7294250130653381
Little_Giant,0720,503,562,48.01700097557355,-120.83134956196565,0.996803879737854
Little_Giant,0720,525,584,48.01106632626264,-120.82247783813206,0.9644409418106079
Little_Giant,0720,508,582,48.015652191639255,-120.82328435848056,0.9673978686332703
Little_Giant,0720,545,520,48.005671190525455,-120.84828648928433,0.9982517957687378
Little_Giant,0720,494,572,48.01942878665529,-120.82731696022311,0.9863504767417908
Little_Giant,0720,537,537,48.00782924482033,-120.84143106632202,0.9986981749534607
Little_Giant,0720,495,462,48.019159029868426,-120.8716755793911,0.5323211550712585
Little_Giant,0720,463,528,48.02779124704793,-120.8450604078903,0.9982096552848816
Little_Giant,0720,501,561,48.01754048914727,-120.8317528221399,0.9972538352012634
Little_Giant,0720,523,469,48.01160583983636,-120.86885275817131,0.8570927977561951
Little_Giant,0720,542,499,48.00648046088603,-120.85675495294367,0.9983587861061096
Little_Giant,0720,515,565,48.01376389413124,-120.8301397814429,0.9989714622497559
Little_Giant,0720,547,572,48.005131676951734,-120.82731696022311,0.9934739470481873
Little_Giant,0720,464,492,48.02752149026107,-120.85957777416345,0.8267173171043396
Little_Giant,0720,543,525,48.006210704099175,-120.84627018841307,0.9985183477401733
Little_Giant,0720,465,505,48.02725173347421,-120.85433539189815,0.9940171837806702
Little_Giant,0720,494,563,48.01942878665529,-120.8309463017914,0.9969617128372192
Little_Giant,0720,499,540,48.01808000272099,-120.84022128579925,0.9987398982048035
Little_Giant,0720,493,467,48.019698543442146,-120.86965927851982,0.6553179621696472
Little_Giant,0720,467,519,48.026712219900496,-120.84868974945859,0.998478889465332
Little_Giant,0720,546,541,48.0054014337386,-120.839818025625,0.997906506061554
Little_Giant,0720,535,541,48.00836875839405,-120.839818025625,0.9985051155090332
Little_Giant,0720,547,539,48.005131676951734,-120.8406245459735,0.9982956647872925
Little_Giant,0720,503,576,48.01700097557355,-120.82570391952609,0.9872305989265442
Little_Giant,0720,496,464,48.01888927308157,-120.87086905904258,0.5386481881141663
Little_Giant,0720,522,476,48.01187559662322,-120.86602993695153,0.9979408979415894
Little_Giant,0720,517,465,48.01322438055752,-120.87046579886832,0.7709699273109436
Little_Giant,0720,506,575,48.016191705212975,-120.82610717970034,0.9908626079559326
Little_Giant,0720,505,578,48.01646146199983,-120.82489739917759,0.9791417121887207
Little_Giant,0720,459,504,48.02887027419537,-120.85473865207241,0.9730873107910156
Little_Giant,0720,476,487,48.02428440881876,-120.86159407503473,0.9846242666244507
Little_Giant,0720,550,479,48.00432240659116,-120.86482015642876,0.9619587659835815
Little_Giant,0720,453,528,48.030488814916524,-120.8450604078903,0.9970266819000244
Little_Giant,0720,557,527,48.00243410908314,-120.84546366806455,0.9904869198799133
Little_Giant,0720,500,488,48.01781024593413,-120.86119081486048,0.998149573802948
Little_Giant,0720,474,514,48.02482392239248,-120.85070605032986,0.9987624287605286
Little_Giant,0720,559,507,48.00189459550942,-120.85352887154964,0.9194993376731873
Little_Giant,0720,528,553,48.010257055902066,-120.83497890353394,0.9983156323432922
Little_Giant,0720,525,559,48.01106632626264,-120.83255934248842,0.9986465573310852
Little_Giant,0720,531,557,48.00944778554149,-120.83336586283693,0.9985518455505371
Little_Giant,0720,529,540,48.0099872991152,-120.84022128579925,0.9990174770355225
Little_Giant,0720,535,590,48.00836875839405,-120.82005827708653,0.8162006139755249
Little_Giant,0720,516,465,48.01349413734438,-120.87046579886832,0.8059787154197693
Little_Giant,0720,439,521,48.03426540993256,-120.84788322911008,0.9610241055488586
Little_Giant,0720,544,574,48.00594094731231,-120.8265104398746,0.9957893490791321
Little_Giant,0720,475,534,48.024554165605615,-120.84264084684477,0.9984766840934753
Little_Giant,0720,520,556,48.01241511019694,-120.83376912301118,0.9981045126914978
Little_Giant,0720,539,514,48.00728973124661,-120.85070605032986,0.998907208442688
Little_Giant,0720,454,509,48.03021905812967,-120.85272235120114,0.9756214022636414
Little_Giant,0720,550,579,48.00432240659116,-120.82449413900333,0.970377504825592
Little_Giant,0720,545,535,48.005671190525455,-120.84223758667052,0.9988699555397034
Little_Giant,0720,524,468,48.0113360830495,-120.86925601834557,0.5900057554244995
Little_Giant,0720,551,570,48.004052649804294,-120.82812348057162,0.9339561462402344
Little_Giant,0720,497,471,48.018619516294706,-120.8680462378228,0.70155268907547
Little_Giant,0720,536,555,48.00809900160719,-120.83417238318543,0.9983980655670166
Little_Giant,0720,472,530,48.0253634359662,-120.8442538875418,0.9986374974250793
Little_Giant,0720,528,545,48.010257055902066,-120.83820498492798,0.9984514117240906
Little_Giant,0720,527,572,48.01052681268892,-120.82731696022311,0.9985310435295105
Little_Giant,0720,490,561,48.02050781380272,-120.8317528221399,0.9976574778556824
Little_Giant,0720,476,482,48.02428440881876,-120.863610375906,0.9144534468650818
Little_Giant,0720,496,562,48.01888927308157,-120.83134956196565,0.9968706369400024
Little_Giant,0720,534,538,48.008638515180905,-120.84102780614776,0.9987618923187256
Little_Giant,0720,546,528,48.0054014337386,-120.8450604078903,0.9986165761947632
Little_Giant,0720,444,510,48.03291662599826,-120.85231909102689,0.752805769443512
Little_Giant,0720,551,475,48.004052649804294,-120.86643319712579,0.6737896800041199
Little_Giant,0720,470,559,48.02590294953991,-120.83255934248842,0.9883935451507568
Little_Giant,0720,503,465,48.01700097557355,-120.87046579886832,0.9524591565132141
Little_Giant,0720,473,525,48.025093679179335,-120.84627018841307,0.9986756443977356
Little_Giant,0720,479,479,48.02347513845818,-120.86482015642876,0.9459466934204102
Little_Giant,0720,518,466,48.01295462377066,-120.87006253869407,0.8694632053375244
Little_Giant,0720,479,529,48.02347513845818,-120.84465714771605,0.9988279938697815
Little_Giant,0720,506,566,48.016191705212975,-120.82973652126864,0.9981578588485718
Little_Giant,0720,536,470,48.00809900160719,-120.86844949799706,0.8290905952453613
Little_Giant,0720,565,508,48.000276054788266,-120.85312561137539,0.736986517906189
Little_Giant,0720,529,557,48.0099872991152,-120.83336586283693,0.9984582662582397
Little_Giant,0720,491,566,48.02023805701587,-120.82973652126864,0.9966685175895691
Little_Giant,0720,465,501,48.02725173347421,-120.85594843259517,0.9883227348327637
Little_Giant,0720,529,491,48.0099872991152,-120.85998103433771,0.9994610548019409
Little_Giant,0720,552,506,48.00378289301744,-120.8539321317239,0.9965624213218689
Little_Giant,0720,549,551,48.004592163378014,-120.83578542388246,0.987758457660675
Little_Giant,0720,479,527,48.02347513845818,-120.84546366806455,0.9988864064216614
Little_Giant,0720,501,553,48.01754048914727,-120.83497890353394,0.9971999526023865
Little_Giant,0720,544,567,48.00594094731231,-120.82933326109438,0.9961174726486206
Little_Giant,0720,469,535,48.026172706326776,-120.84223758667052,0.9983897805213928
Little_Giant,0720,544,497,48.00594094731231,-120.8575614732922,0.9983171820640564
Little_Giant,0720,536,480,48.00809900160719,-120.86441689625451,0.9976001977920532
Little_Giant,0720,522,469,48.01187559662322,-120.86885275817131,0.9083293676376343
Little_Giant,0720,493,574,48.019698543442146,-120.8265104398746,0.9808272123336792
Little_Giant,0720,475,547,48.024554165605615,-120.83739846457946,0.9981676340103149
Little_Giant,0720,475,498,48.024554165605615,-120.85715821311793,0.9979720711708069
Little_Giant,0720,469,507,48.026172706326776,-120.85352887154964,0.9981587529182434
Little_Giant,0720,558,516,48.00216435229628,-120.84989952998136,0.9735994935035706
Little_Giant,0720,543,474,48.006210704099175,-120.86683645730004,0.9464053511619568
Little_Giant,0720,490,499,48.02050781380272,-120.85675495294367,0.9986632466316223
Little_Giant,0720,454,546,48.03021905812967,-120.83780172475372,0.9966063499450684
Little_Giant,0720,557,524,48.00243410908314,-120.84667344858732,0.9880617260932922
Little_Giant,0720,488,535,48.02104732737644,-120.84223758667052,0.9984213709831238
Little_Giant,0720,544,485,48.00594094731231,-120.86240059538324,0.9972631335258484
Little_Giant,0720,505,474,48.01646146199983,-120.86683645730004,0.9968650341033936
Little_Giant,0720,451,527,48.031028328490244,-120.84546366806455,0.9962166547775269
Little_Giant,0720,459,551,48.02887027419537,-120.83578542388246,0.995156466960907
Little_Giant,0720,528,555,48.010257055902066,-120.83417238318543,0.9983333349227905
Little_Giant,0720,485,478,48.02185659773702,-120.86522341660302,0.9343282580375671
Little_Giant,0720,548,548,48.00486192016488,-120.83699520440521,0.9941611289978027
Little_Giant,0720,460,514,48.028600517408506,-120.85070605032986,0.9945550560951233
Little_Giant,0720,447,537,48.032107355637685,-120.84143106632202,0.9976614117622375
Little_Giant,0720,561,521,48.0013550819357,-120.84788322911008,0.9106805920600891
Little_Giant,0720,516,591,48.01349413734438,-120.81965501691228,0.591450572013855
Little_Giant,0720,459,536,48.02887027419537,-120.84183432649627,0.9975722432136536
Little_Giant,0720,534,550,48.008638515180905,-120.83618868405671,0.9982728362083435
Little_Giant,0720,556,558,48.00270386587,-120.83296260266268,0.5407859086990356
Little_Giant,0720,445,549,48.0326468692114,-120.83659194423096,0.9792236685752869
Little_Giant,0720,462,496,48.02806100383479,-120.85796473346645,0.9536206126213074
Little_Giant,0720,439,533,48.03426540993256,-120.84304410701903,0.9966806769371033
Little_Giant,0720,483,563,48.02239611131074,-120.8309463017914,0.9953242540359497
Little_Giant,0720,536,580,48.00809900160719,-120.82409087882908,0.9923167824745178
Little_Giant,0720,449,552,48.031567842063964,-120.8353821637082,0.9706505537033081
Little_Giant,0720,471,492,48.025633192753055,-120.85957777416345,0.9883962869644165
Little_Giant,0720,479,569,48.02347513845818,-120.82852674074587,0.9679088592529297
Little_Giant,0720,516,573,48.01349413734438,-120.82691370004886,0.9978707432746887
Little_Giant,0720,542,558,48.00648046088603,-120.83296260266268,0.9973440170288086
Little_Giant,0720,552,523,48.00378289301744,-120.84707670876158,0.9983501434326172
Little_Giant,0720,544,522,48.00594094731231,-120.84747996893583,0.9982748031616211
Little_Giant,0720,479,523,48.02347513845818,-120.84707670876158,0.9990481734275818
Little_Giant,0720,526,497,48.01079656947579,-120.8575614732922,0.9996540546417236
Little_Giant,0720,498,493,48.01834975950785,-120.8591745139892,0.9984251260757446
Little_Giant,0720,487,562,48.0213170841633,-120.83134956196565,0.9965489506721497
Little_Giant,0720,521,578,48.012145353410084,-120.82489739917759,0.994656503200531
Little_Giant,0720,536,497,48.00809900160719,-120.8575614732922,0.9987754821777344
Little_Giant,0720,485,559,48.02185659773702,-120.83255934248842,0.9976043105125427
Little_Giant,0720,536,525,48.00809900160719,-120.84627018841307,0.9994294047355652
Little_Giant,0720,484,489,48.022126354523884,-120.86078755468623,0.9961076974868774
Little_Giant,0720,497,559,48.018619516294706,-120.83255934248842,0.9977321624755859
Little_Giant,0720,486,541,48.021586840950164,-120.839818025625,0.9959057569503784
Little_Giant,0720,480,560,48.02320538167132,-120.83215608231416,0.9962465167045593
Little_Giant,0720,559,539,48.00189459550942,-120.8406245459735,0.9383005499839783
Little_Giant,0720,536,582,48.00809900160719,-120.82328435848056,0.9880201816558838
Little_Giant,0720,478,514,48.02374489524504,-120.85070605032986,0.9988992214202881
Little_Giant,0720,465,526,48.02725173347421,-120.8458669282388,0.998220682144165
Little_Giant,0720,527,501,48.01052681268892,-120.85594843259517,0.9992106556892395
Little_Giant,0720,465,562,48.02725173347421,-120.83134956196565,0.9208377599716187
Little_Giant,0720,535,507,48.00836875839405,-120.85352887154964,0.9988230466842651
Little_Giant,0720,487,538,48.0213170841633,-120.84102780614776,0.9971407651901245
Little_Giant,0720,501,562,48.01754048914727,-120.83134956196565,0.9972463846206665
Little_Giant,0720,555,541,48.00297362265686,-120.839818025625,0.9821741580963135
Little_Giant,0720,471,523,48.025633192753055,-120.84707670876158,0.9987265467643738
Little_Giant,0720,545,545,48.005671190525455,-120.83820498492798,0.996225118637085
Little_Giant,0720,453,558,48.030488814916524,-120.83296260266268,0.8253750801086426
Little_Giant,0720,532,548,48.009178028754626,-120.83699520440521,0.9984080791473389
Little_Giant,0720,503,572,48.01700097557355,-120.82731696022311,0.992325484752655
Little_Giant,0720,469,502,48.026172706326776,-120.85554517242092,0.9975234270095825
Little_Giant,0720,506,576,48.016191705212975,-120.82570391952609,0.9886329770088196
Little_Giant,0720,517,476,48.01322438055752,-120.86602993695153,0.997916042804718
Little_Giant,0720,470,526,48.02590294953991,-120.8458669282388,0.9986287951469421
Little_Giant,0720,449,544,48.031567842063964,-120.83860824510224,0.9962319135665894
Little_Giant,0720,564,519,48.00054581157512,-120.84868974945859,0.8860766291618347
Little_Giant,0720,531,571,48.00944778554149,-120.82772022039737,0.9986050128936768
Little_Giant,0720,539,574,48.00728973124661,-120.8265104398746,0.995390772819519
Little_Giant,0720,538,528,48.00755948803347,-120.8450604078903,0.9992131590843201
Little_Giant,0720,555,501,48.00297362265686,-120.85594843259517,0.985788106918335
Little_Giant,0720,546,494,48.0054014337386,-120.85877125381495,0.998200535774231
Little_Giant,0720,550,511,48.00432240659116,-120.85191583085263,0.9981969594955444
Little_Giant,0720,525,476,48.01106632626264,-120.86602993695153,0.9976320266723633
Little_Giant,0720,491,561,48.02023805701587,-120.8317528221399,0.9977483153343201
Little_Giant,0720,483,500,48.02239611131074,-120.85635169276942,0.9985998868942261
Little_Giant,0720,539,563,48.00728973124661,-120.8309463017914,0.9982061982154846
Little_Giant,0720,469,533,48.026172706326776,-120.84304410701903,0.9984797239303589
Little_Giant,0720,552,491,48.00378289301744,-120.85998103433771,0.9790410399436951
Little_Giant,0720,504,465,48.016731218786695,-120.87046579886832,0.9603378176689148
Little_Giant,0720,534,499,48.008638515180905,-120.85675495294367,0.998807966709137
Little_Giant,0720,457,541,48.02940978776909,-120.839818025625,0.9981729388237
Little_Giant,0720,556,490,48.00270386587,-120.86038429451197,0.7762673497200012
Little_Giant,0720,532,539,48.009178028754626,-120.8406245459735,0.9989946484565735
Little_Giant,0720,490,535,48.02050781380272,-120.84223758667052,0.9984368681907654
Little_Giant,0720,474,565,48.02482392239248,-120.8301397814429,0.9784396290779114
Little_Giant,0720,472,514,48.0253634359662,-120.85070605032986,0.998778223991394
Little_Giant,0720,468,495,48.02644246311363,-120.8583679936407,0.9904288053512573
Little_Giant,0720,559,541,48.00189459550942,-120.839818025625,0.8823466300964355
Little_Giant,0720,537,504,48.00782924482033,-120.85473865207241,0.9985055327415466
Little_Giant,0720,477,505,48.024014652031894,-120.85433539189815,0.998647153377533
Little_Giant,0720,455,509,48.0299493013428,-120.85272235120114,0.9828053116798401
Little_Giant,0720,514,463,48.014033650918094,-120.87127231921684,0.661399245262146
Little_Giant,0720,491,555,48.02023805701587,-120.83417238318543,0.997937023639679
Little_Giant,0720,510,467,48.015112678065535,-120.86965927851982,0.9784740805625916
Little_Giant,0720,473,556,48.025093679179335,-120.83376912301118,0.9971449971199036
