burnName,date,y,x,lat,lon,predicted_prob
North_Fork_Lost_Horse,0726,547,491,46.15239001162894,-114.34882475565172,0.8459606766700745
North_Fork_Lost_Horse,0726,545,528,46.15292952520266,-114.3344142991876,0.7797731161117554
North_Fork_Lost_Horse,0726,527,526,46.15778514736613,-114.33519324278025,0.9707322120666504
North_Fork_Lost_Horse,0726,511,528,46.16210125595588,-114.3344142991876,0.94985032081604
North_Fork_Lost_Horse,0726,529,507,46.15724563379241,-114.34259320691048,0.9717422723770142
North_Fork_Lost_Horse,0726,532,507,46.15643636343183,-114.34259320691048,0.977854311466217
North_Fork_Lost_Horse,0726,483,530,46.169654445987945,-114.33363535559494,0.7182070016860962
North_Fork_Lost_Horse,0726,539,545,46.15454806592381,-114.32779327865002,0.5884232521057129
North_Fork_Lost_Horse,0726,542,525,46.153738795563235,-114.33558271457657,0.9302185773849487
North_Fork_Lost_Horse,0726,511,541,46.16210125595588,-114.32935116583533,0.8560581803321838
North_Fork_Lost_Horse,0726,539,499,46.15454806592381,-114.34570898128109,0.9705830812454224
North_Fork_Lost_Horse,0726,535,528,46.15562709307125,-114.3344142991876,0.9636377096176147
North_Fork_Lost_Horse,0726,532,549,46.15643636343183,-114.32623539146472,0.6000933051109314
North_Fork_Lost_Horse,0726,540,515,46.154278309136956,-114.33947743253985,0.9243910908699036
North_Fork_Lost_Horse,0726,514,538,46.1612919855953,-114.33051958122432,0.8928805589675903
North_Fork_Lost_Horse,0726,485,530,46.169114932414224,-114.33363535559494,0.7509540915489197
North_Fork_Lost_Horse,0726,549,513,46.15185049805522,-114.34025637613252,0.7005853056907654
North_Fork_Lost_Horse,0726,484,516,46.16938468920109,-114.33908796074353,0.6786991953849792
North_Fork_Lost_Horse,0726,545,516,46.15292952520266,-114.33908796074353,0.9017106294631958
North_Fork_Lost_Horse,0726,539,531,46.15454806592381,-114.33324588379861,0.9437299966812134
North_Fork_Lost_Horse,0726,495,501,46.16641736454563,-114.34493003768844,0.6529912352561951
North_Fork_Lost_Horse,0726,505,532,46.163719796677036,-114.33285641200229,0.871938943862915
North_Fork_Lost_Horse,0726,521,483,46.15940368808729,-114.35194053002235,0.7966470718383789
North_Fork_Lost_Horse,0726,545,540,46.15292952520266,-114.32974063763166,0.6760426163673401
North_Fork_Lost_Horse,0726,511,543,46.16210125595588,-114.32857222224268,0.6654564738273621
North_Fork_Lost_Horse,0726,531,536,46.15670612021869,-114.33129852481697,0.956807553768158
North_Fork_Lost_Horse,0726,526,479,46.15805490415299,-114.35349841720765,0.5998497605323792
North_Fork_Lost_Horse,0726,503,541,46.164259310250756,-114.32935116583533,0.5900972485542297
North_Fork_Lost_Horse,0726,524,537,46.158594417726704,-114.33090905302065,0.9140496253967285
North_Fork_Lost_Horse,0726,531,519,46.15670612021869,-114.33791954535455,0.9707285165786743
North_Fork_Lost_Horse,0726,482,530,46.1699242027748,-114.33363535559494,0.6901241540908813
North_Fork_Lost_Horse,0726,511,498,46.16210125595588,-114.34609845307743,0.861215353012085
North_Fork_Lost_Horse,0726,505,543,46.163719796677036,-114.32857222224268,0.7073675990104675
North_Fork_Lost_Horse,0726,535,502,46.15562709307125,-114.34454056589212,0.9759443402290344
North_Fork_Lost_Horse,0726,500,503,46.16506858061133,-114.34415109409579,0.8262278437614441
North_Fork_Lost_Horse,0726,480,527,46.17046371634852,-114.33480377098392,0.6180928349494934
North_Fork_Lost_Horse,0726,521,535,46.15940368808729,-114.3316879966133,0.9379282593727112
North_Fork_Lost_Horse,0726,546,502,46.1526597684158,-114.34454056589212,0.945384681224823
North_Fork_Lost_Horse,0726,548,494,46.15212025484208,-114.34765634026273,0.8723886013031006
North_Fork_Lost_Horse,0726,503,495,46.164259310250756,-114.3472668684664,0.809596061706543
North_Fork_Lost_Horse,0726,500,500,46.16506858061133,-114.34531950948477,0.8176199793815613
North_Fork_Lost_Horse,0726,508,493,46.16291052631646,-114.34804581205907,0.8246559500694275
North_Fork_Lost_Horse,0726,505,501,46.163719796677036,-114.34493003768844,0.8366697430610657
North_Fork_Lost_Horse,0726,485,523,46.169114932414224,-114.33636165816924,0.6504668593406677
North_Fork_Lost_Horse,0726,514,539,46.1612919855953,-114.330130109428,0.8902414441108704
North_Fork_Lost_Horse,0726,544,527,46.153199281989515,-114.33480377098392,0.8188464045524597
North_Fork_Lost_Horse,0726,485,531,46.169114932414224,-114.33324588379861,0.7439712882041931
North_Fork_Lost_Horse,0726,536,545,46.155357336284396,-114.32779327865002,0.6815744638442993
North_Fork_Lost_Horse,0726,537,510,46.15508757949753,-114.34142479152149,0.9455676674842834
North_Fork_Lost_Horse,0726,507,530,46.163180283103316,-114.33363535559494,0.9245222210884094
North_Fork_Lost_Horse,0726,525,480,46.15832466093985,-114.35310894541132,0.7102720737457275
North_Fork_Lost_Horse,0726,533,508,46.15616660664497,-114.34220373511415,0.9790672659873962
North_Fork_Lost_Horse,0726,502,497,46.16452906703761,-114.34648792487376,0.8180156350135803
North_Fork_Lost_Horse,0726,521,526,46.15940368808729,-114.33519324278025,0.9644740223884583
North_Fork_Lost_Horse,0726,513,527,46.16156174238216,-114.33480377098392,0.9612338542938232
North_Fork_Lost_Horse,0726,497,499,46.16587785097191,-114.34570898128109,0.6377599239349365
North_Fork_Lost_Horse,0726,537,502,46.15508757949753,-114.34454056589212,0.9770004749298096
North_Fork_Lost_Horse,0726,539,504,46.15454806592381,-114.34376162229945,0.9654530882835388
North_Fork_Lost_Horse,0726,515,492,46.16102222880844,-114.3484352838554,0.8434163331985474
North_Fork_Lost_Horse,0726,512,534,46.16183149916902,-114.33207746840964,0.9164873361587524
North_Fork_Lost_Horse,0726,530,533,46.15697587700555,-114.33246694020596,0.9596412181854248
North_Fork_Lost_Horse,0726,543,538,46.15346903877638,-114.33051958122432,0.8592164516448975
North_Fork_Lost_Horse,0726,541,540,46.1540085523501,-114.32974063763166,0.8604306578636169
North_Fork_Lost_Horse,0726,525,478,46.15832466093985,-114.35388788900399,0.6299134492874146
North_Fork_Lost_Horse,0726,509,536,46.1626407695296,-114.33129852481697,0.8804412484169006
North_Fork_Lost_Horse,0726,481,523,46.170193959561665,-114.33636165816924,0.5346072912216187
North_Fork_Lost_Horse,0726,541,537,46.1540085523501,-114.33090905302065,0.903412938117981
North_Fork_Lost_Horse,0726,485,522,46.169114932414224,-114.33675112996556,0.6326068639755249
North_Fork_Lost_Horse,0726,535,544,46.15562709307125,-114.32818275044636,0.7489954829216003
North_Fork_Lost_Horse,0726,511,530,46.16210125595588,-114.33363535559494,0.9398007988929749
North_Fork_Lost_Horse,0726,498,508,46.16560809418505,-114.34220373511415,0.8239460587501526
North_Fork_Lost_Horse,0726,487,513,46.168575418840504,-114.34025637613252,0.7053835988044739
North_Fork_Lost_Horse,0726,530,528,46.15697587700555,-114.3344142991876,0.9783120155334473
North_Fork_Lost_Horse,0726,510,543,46.16237101274274,-114.32857222224268,0.6629354357719421
North_Fork_Lost_Horse,0726,516,486,46.160752472021585,-114.35077211463336,0.8353254795074463
North_Fork_Lost_Horse,0726,528,525,46.15751539057927,-114.33558271457657,0.9742578864097595
North_Fork_Lost_Horse,0726,549,486,46.15185049805522,-114.35077211463336,0.5559545755386353
North_Fork_Lost_Horse,0726,503,543,46.164259310250756,-114.32857222224268,0.503688395023346
North_Fork_Lost_Horse,0726,498,537,46.16560809418505,-114.33090905302065,0.6857834458351135
North_Fork_Lost_Horse,0726,491,508,46.16749639169307,-114.34220373511415,0.7438024878501892
North_Fork_Lost_Horse,0726,533,525,46.15616660664497,-114.33558271457657,0.9771357178688049
North_Fork_Lost_Horse,0726,501,500,46.164798823824476,-114.34531950948477,0.8223171830177307
North_Fork_Lost_Horse,0726,518,537,46.160212958447865,-114.33090905302065,0.9015942215919495
North_Fork_Lost_Horse,0726,540,511,46.154278309136956,-114.34103531972517,0.9352853298187256
North_Fork_Lost_Horse,0726,505,499,46.163719796677036,-114.34570898128109,0.8348836302757263
North_Fork_Lost_Horse,0726,541,509,46.1540085523501,-114.34181426331781,0.9400527477264404
North_Fork_Lost_Horse,0726,496,511,46.166147607758774,-114.34103531972517,0.7993093729019165
North_Fork_Lost_Horse,0726,486,538,46.16884517562737,-114.33051958122432,0.571385383605957
North_Fork_Lost_Horse,0726,527,545,46.15778514736613,-114.32779327865002,0.5062258243560791
North_Fork_Lost_Horse,0726,543,492,46.15346903877638,-114.3484352838554,0.905319333076477
North_Fork_Lost_Horse,0726,483,536,46.169654445987945,-114.33129852481697,0.6489100456237793
North_Fork_Lost_Horse,0726,533,544,46.15616660664497,-114.32818275044636,0.7213712334632874
North_Fork_Lost_Horse,0726,522,481,46.159133931300424,-114.352719473615,0.7794123888015747
North_Fork_Lost_Horse,0726,520,488,46.159673444874144,-114.34999317104071,0.8561697602272034
North_Fork_Lost_Horse,0726,511,495,46.16210125595588,-114.3472668684664,0.8603825569152832
North_Fork_Lost_Horse,0726,508,494,46.16291052631646,-114.34765634026273,0.830438494682312
North_Fork_Lost_Horse,0726,531,537,46.15670612021869,-114.33090905302065,0.9511684775352478
North_Fork_Lost_Horse,0726,495,512,46.16641736454563,-114.34064584792884,0.7915205359458923
North_Fork_Lost_Horse,0726,537,499,46.15508757949753,-114.34570898128109,0.969445526599884
North_Fork_Lost_Horse,0726,513,528,46.16156174238216,-114.3344142991876,0.9559468626976013
North_Fork_Lost_Horse,0726,534,522,46.15589684985811,-114.33675112996556,0.974776029586792
North_Fork_Lost_Horse,0726,490,508,46.16776614847993,-114.34220373511415,0.6751803159713745
North_Fork_Lost_Horse,0726,553,495,46.150771470907785,-114.3472668684664,0.5419088006019592
North_Fork_Lost_Horse,0726,535,538,46.15562709307125,-114.33051958122432,0.9131505489349365
North_Fork_Lost_Horse,0726,531,548,46.15670612021869,-114.32662486326105,0.6305549144744873
North_Fork_Lost_Horse,0726,542,516,46.153738795563235,-114.33908796074353,0.9192543029785156
North_Fork_Lost_Horse,0726,506,502,46.16345003989018,-114.34454056589212,0.8382692337036133
North_Fork_Lost_Horse,0726,507,492,46.163180283103316,-114.3484352838554,0.8206202983856201
North_Fork_Lost_Horse,0726,537,509,46.15508757949753,-114.34181426331781,0.9488378763198853
North_Fork_Lost_Horse,0726,511,535,46.16210125595588,-114.3316879966133,0.9093417525291443
North_Fork_Lost_Horse,0726,514,494,46.1612919855953,-114.34765634026273,0.8457147479057312
North_Fork_Lost_Horse,0726,500,505,46.16506858061133,-114.34337215050313,0.8260204792022705
North_Fork_Lost_Horse,0726,531,545,46.15670612021869,-114.32779327865002,0.6786586046218872
North_Fork_Lost_Horse,0726,544,484,46.153199281989515,-114.35155105822601,0.7165409326553345
North_Fork_Lost_Horse,0726,493,515,46.16695687811935,-114.33947743253985,0.7661697864532471
North_Fork_Lost_Horse,0726,477,522,46.1712729867091,-114.33675112996556,0.5464211106300354
North_Fork_Lost_Horse,0726,531,539,46.15670612021869,-114.330130109428,0.9023142457008362
North_Fork_Lost_Horse,0726,545,483,46.15292952520266,-114.35194053002235,0.5109056830406189
North_Fork_Lost_Horse,0726,540,490,46.154278309136956,-114.34921422744804,0.9248820543289185
North_Fork_Lost_Horse,0726,487,518,46.168575418840504,-114.33830901715088,0.7360787987709045
North_Fork_Lost_Horse,0726,509,528,46.1626407695296,-114.3344142991876,0.9296958446502686
North_Fork_Lost_Horse,0726,511,542,46.16210125595588,-114.32896169403901,0.7783405184745789
North_Fork_Lost_Horse,0726,519,526,46.159943201661,-114.33519324278025,0.9585797190666199
North_Fork_Lost_Horse,0726,549,491,46.15185049805522,-114.34882475565172,0.8424680233001709
North_Fork_Lost_Horse,0726,537,512,46.15508757949753,-114.34064584792884,0.9474953413009644
North_Fork_Lost_Horse,0726,497,505,46.16587785097191,-114.34337215050313,0.836406409740448
North_Fork_Lost_Horse,0726,529,524,46.15724563379241,-114.33597218637291,0.9760088324546814
North_Fork_Lost_Horse,0726,481,529,46.170193959561665,-114.33402482739127,0.5078941583633423
North_Fork_Lost_Horse,0726,540,523,46.154278309136956,-114.33636165816924,0.9399167895317078
North_Fork_Lost_Horse,0726,522,525,46.159133931300424,-114.33558271457657,0.9695375561714172
North_Fork_Lost_Horse,0726,541,543,46.1540085523501,-114.32857222224268,0.6228121519088745
North_Fork_Lost_Horse,0726,522,540,46.159133931300424,-114.32974063763166,0.7959267497062683
North_Fork_Lost_Horse,0726,511,488,46.16210125595588,-114.34999317104071,0.8154842853546143
North_Fork_Lost_Horse,0726,536,542,46.155357336284396,-114.32896169403901,0.7849357724189758
North_Fork_Lost_Horse,0726,519,485,46.159943201661,-114.35116158642968,0.8363546133041382
North_Fork_Lost_Horse,0726,531,547,46.15670612021869,-114.32701433505737,0.5907203555107117
North_Fork_Lost_Horse,0726,485,517,46.169114932414224,-114.3386984889472,0.6696295738220215
North_Fork_Lost_Horse,0726,523,517,46.15886417451357,-114.3386984889472,0.976291835308075
North_Fork_Lost_Horse,0726,515,529,46.16102222880844,-114.33402482739127,0.9448148608207703
North_Fork_Lost_Horse,0726,515,541,46.16102222880844,-114.32935116583533,0.8336172699928284
North_Fork_Lost_Horse,0726,527,518,46.15778514736613,-114.33830901715088,0.9786859154701233
North_Fork_Lost_Horse,0726,541,497,46.1540085523501,-114.34648792487376,0.9524192214012146
North_Fork_Lost_Horse,0726,519,482,46.159943201661,-114.35233000181867,0.7906990647315979
North_Fork_Lost_Horse,0726,530,546,46.15697587700555,-114.3274038068537,0.6308988928794861
North_Fork_Lost_Horse,0726,536,503,46.155357336284396,-114.34415109409579,0.9774656295776367
North_Fork_Lost_Horse,0726,540,517,46.154278309136956,-114.3386984889472,0.9363876581192017
North_Fork_Lost_Horse,0726,519,487,46.159943201661,-114.35038264283703,0.8528026938438416
North_Fork_Lost_Horse,0726,522,538,46.159133931300424,-114.33051958122432,0.8955279588699341
North_Fork_Lost_Horse,0726,546,492,46.1526597684158,-114.3484352838554,0.8583102226257324
North_Fork_Lost_Horse,0726,530,478,46.15697587700555,-114.35388788900399,0.5920332074165344
North_Fork_Lost_Horse,0726,507,498,46.163180283103316,-114.34609845307743,0.8455583453178406
North_Fork_Lost_Horse,0726,539,527,46.15454806592381,-114.33480377098392,0.946877658367157
North_Fork_Lost_Horse,0726,532,520,46.15643636343183,-114.33753007355821,0.9720172882080078
North_Fork_Lost_Horse,0726,547,489,46.15239001162894,-114.34960369924437,0.8419431447982788
North_Fork_Lost_Horse,0726,538,518,46.154817822710676,-114.33830901715088,0.9426214694976807
North_Fork_Lost_Horse,0726,515,486,46.16102222880844,-114.35077211463336,0.8221575021743774
North_Fork_Lost_Horse,0726,500,496,46.16506858061133,-114.34687739667008,0.5086537599563599
North_Fork_Lost_Horse,0726,541,514,46.1540085523501,-114.33986690433619,0.921871542930603
North_Fork_Lost_Horse,0726,503,496,46.164259310250756,-114.34687739667008,0.8199523091316223
North_Fork_Lost_Horse,0726,533,512,46.15616660664497,-114.34064584792884,0.955852746963501
North_Fork_Lost_Horse,0726,505,534,46.163719796677036,-114.33207746840964,0.8607661128044128
North_Fork_Lost_Horse,0726,525,538,46.15832466093985,-114.33051958122432,0.9033529758453369
North_Fork_Lost_Horse,0726,541,517,46.1540085523501,-114.3386984889472,0.923945426940918
North_Fork_Lost_Horse,0726,540,484,46.154278309136956,-114.35155105822601,0.8870025873184204
North_Fork_Lost_Horse,0726,535,480,46.15562709307125,-114.35310894541132,0.7592285871505737
North_Fork_Lost_Horse,0726,520,535,46.159673444874144,-114.3316879966133,0.9334809184074402
North_Fork_Lost_Horse,0726,540,524,46.154278309136956,-114.33597218637291,0.9386374950408936
North_Fork_Lost_Horse,0726,487,514,46.168575418840504,-114.33986690433619,0.7272199988365173
North_Fork_Lost_Horse,0726,543,533,46.15346903877638,-114.33246694020596,0.8955369591712952
North_Fork_Lost_Horse,0726,519,519,46.159943201661,-114.33791954535455,0.9689960479736328
North_Fork_Lost_Horse,0726,485,529,46.169114932414224,-114.33402482739127,0.7332848906517029
North_Fork_Lost_Horse,0726,547,511,46.15239001162894,-114.34103531972517,0.9114174246788025
North_Fork_Lost_Horse,0726,523,541,46.15886417451357,-114.32935116583533,0.6233581304550171
North_Fork_Lost_Horse,0726,524,522,46.158594417726704,-114.33675112996556,0.9733637571334839
North_Fork_Lost_Horse,0726,530,519,46.15697587700555,-114.33791954535455,0.9750941395759583
North_Fork_Lost_Horse,0726,525,543,46.15832466093985,-114.32857222224268,0.5271164774894714
North_Fork_Lost_Horse,0726,545,525,46.15292952520266,-114.33558271457657,0.7925621867179871
North_Fork_Lost_Horse,0726,500,537,46.16506858061133,-114.33090905302065,0.6763256788253784
North_Fork_Lost_Horse,0726,541,507,46.1540085523501,-114.34259320691048,0.9483233094215393
North_Fork_Lost_Horse,0726,544,490,46.153199281989515,-114.34921422744804,0.8803919553756714
North_Fork_Lost_Horse,0726,546,539,46.1526597684158,-114.330130109428,0.704365611076355
North_Fork_Lost_Horse,0726,528,482,46.15751539057927,-114.35233000181867,0.7818358540534973
North_Fork_Lost_Horse,0726,552,496,46.15104122769464,-114.34687739667008,0.7242845892906189
North_Fork_Lost_Horse,0726,481,527,46.170193959561665,-114.33480377098392,0.6015729308128357
North_Fork_Lost_Horse,0726,537,517,46.15508757949753,-114.3386984889472,0.9348241686820984
North_Fork_Lost_Horse,0726,546,511,46.1526597684158,-114.34103531972517,0.9111961126327515
North_Fork_Lost_Horse,0726,539,491,46.15454806592381,-114.34882475565172,0.9352506995201111
North_Fork_Lost_Horse,0726,481,531,46.170193959561665,-114.33324588379861,0.5214385986328125
North_Fork_Lost_Horse,0726,546,484,46.1526597684158,-114.35155105822601,0.5784138441085815
North_Fork_Lost_Horse,0726,491,514,46.16749639169307,-114.33986690433619,0.7643759250640869
North_Fork_Lost_Horse,0726,545,517,46.15292952520266,-114.3386984889472,0.8849931955337524
North_Fork_Lost_Horse,0726,534,507,46.15589684985811,-114.34259320691048,0.9766555428504944
North_Fork_Lost_Horse,0726,536,482,46.155357336284396,-114.35233000181867,0.8816309571266174
North_Fork_Lost_Horse,0726,532,544,46.15643636343183,-114.32818275044636,0.7074374556541443
North_Fork_Lost_Horse,0726,537,477,46.15508757949753,-114.35427736080031,0.5860419273376465
North_Fork_Lost_Horse,0726,546,525,46.1526597684158,-114.33558271457657,0.7057533860206604
North_Fork_Lost_Horse,0726,543,490,46.15346903877638,-114.34921422744804,0.8966082334518433
North_Fork_Lost_Horse,0726,549,504,46.15185049805522,-114.34376162229945,0.8945585489273071
North_Fork_Lost_Horse,0726,541,513,46.1540085523501,-114.34025637613252,0.9214997887611389
North_Fork_Lost_Horse,0726,495,537,46.16641736454563,-114.33090905302065,0.5042989253997803
North_Fork_Lost_Horse,0726,510,545,46.16237101274274,-114.32779327865002,0.5728155374526978
North_Fork_Lost_Horse,0726,543,509,46.15346903877638,-114.34181426331781,0.9301943182945251
North_Fork_Lost_Horse,0726,534,536,46.15589684985811,-114.33129852481697,0.9472157955169678
North_Fork_Lost_Horse,0726,526,528,46.15805490415299,-114.3344142991876,0.9678577184677124
North_Fork_Lost_Horse,0726,506,546,46.16345003989018,-114.3274038068537,0.5408831238746643
North_Fork_Lost_Horse,0726,542,491,46.153738795563235,-114.34882475565172,0.9150435328483582
North_Fork_Lost_Horse,0726,521,521,46.15940368808729,-114.33714060176189,0.9758903980255127
North_Fork_Lost_Horse,0726,516,527,46.160752472021585,-114.33480377098392,0.9504467844963074
North_Fork_Lost_Horse,0726,505,537,46.163719796677036,-114.33090905302065,0.7992600798606873
North_Fork_Lost_Horse,0726,536,535,46.155357336284396,-114.3316879966133,0.943425714969635
North_Fork_Lost_Horse,0726,546,499,46.1526597684158,-114.34570898128109,0.9286044836044312
North_Fork_Lost_Horse,0726,518,530,46.160212958447865,-114.33363535559494,0.9480998516082764
North_Fork_Lost_Horse,0726,518,529,46.160212958447865,-114.33402482739127,0.9476892948150635
North_Fork_Lost_Horse,0726,546,521,46.1526597684158,-114.33714060176189,0.8035958409309387
North_Fork_Lost_Horse,0726,488,512,46.16830566205365,-114.34064584792884,0.7156821489334106
North_Fork_Lost_Horse,0726,545,489,46.15292952520266,-114.34960369924437,0.8424683213233948
North_Fork_Lost_Horse,0726,521,488,46.15940368808729,-114.34999317104071,0.8617779016494751
North_Fork_Lost_Horse,0726,528,536,46.15751539057927,-114.33129852481697,0.9393473863601685
North_Fork_Lost_Horse,0726,486,512,46.16884517562737,-114.34064584792884,0.6260913610458374
North_Fork_Lost_Horse,0726,522,537,46.159133931300424,-114.33090905302065,0.9204861521720886
North_Fork_Lost_Horse,0726,533,536,46.15616660664497,-114.33129852481697,0.9540761113166809
North_Fork_Lost_Horse,0726,496,502,46.166147607758774,-114.34454056589212,0.7982355952262878
North_Fork_Lost_Horse,0726,544,486,46.153199281989515,-114.35077211463336,0.8094297051429749
North_Fork_Lost_Horse,0726,512,526,46.16183149916902,-114.33519324278025,0.9505784511566162
North_Fork_Lost_Horse,0726,541,504,46.1540085523501,-114.34376162229945,0.9611097574234009
North_Fork_Lost_Horse,0726,548,538,46.15212025484208,-114.33051958122432,0.6023300886154175
North_Fork_Lost_Horse,0726,496,501,46.166147607758774,-114.34493003768844,0.7759730815887451
North_Fork_Lost_Horse,0726,504,534,46.1639895534639,-114.33207746840964,0.7970141172409058
North_Fork_Lost_Horse,0726,510,499,46.16237101274274,-114.34570898128109,0.8582701683044434
North_Fork_Lost_Horse,0726,531,479,46.15670612021869,-114.35349841720765,0.6835461854934692
North_Fork_Lost_Horse,0726,531,514,46.15670612021869,-114.33986690433619,0.968874454498291
North_Fork_Lost_Horse,0726,531,533,46.15670612021869,-114.33246694020596,0.9656780362129211
North_Fork_Lost_Horse,0726,500,502,46.16506858061133,-114.34454056589212,0.8236207365989685
North_Fork_Lost_Horse,0726,481,521,46.170193959561665,-114.33714060176189,0.5360785722732544
North_Fork_Lost_Horse,0726,519,489,46.159943201661,-114.34960369924437,0.8604934215545654
North_Fork_Lost_Horse,0726,539,539,46.15454806592381,-114.330130109428,0.8763704895973206
North_Fork_Lost_Horse,0726,504,497,46.1639895534639,-114.34648792487376,0.8344953656196594
North_Fork_Lost_Horse,0726,499,497,46.1653383373982,-114.34648792487376,0.5619801878929138
North_Fork_Lost_Horse,0726,484,522,46.16938468920109,-114.33675112996556,0.6161622405052185
North_Fork_Lost_Horse,0726,498,501,46.16560809418505,-114.34493003768844,0.7993829846382141
North_Fork_Lost_Horse,0726,514,491,46.1612919855953,-114.34882475565172,0.8392899036407471
North_Fork_Lost_Horse,0726,540,543,46.154278309136956,-114.32857222224268,0.6753110885620117
North_Fork_Lost_Horse,0726,545,531,46.15292952520266,-114.33324588379861,0.7350274324417114
North_Fork_Lost_Horse,0726,542,541,46.153738795563235,-114.32935116583533,0.7994336485862732
North_Fork_Lost_Horse,0726,489,520,46.16803590526679,-114.33753007355821,0.7261055707931519
North_Fork_Lost_Horse,0726,532,514,46.15643636343183,-114.33986690433619,0.9682096242904663
North_Fork_Lost_Horse,0726,507,540,46.163180283103316,-114.32974063763166,0.8939380645751953
North_Fork_Lost_Horse,0726,544,507,46.153199281989515,-114.34259320691048,0.9351513981819153
North_Fork_Lost_Horse,0726,493,507,46.16695687811935,-114.34259320691048,0.8011674880981445
North_Fork_Lost_Horse,0726,517,532,46.16048271523472,-114.33285641200229,0.9391798973083496
North_Fork_Lost_Horse,0726,543,535,46.15346903877638,-114.3316879966133,0.8660933375358582
North_Fork_Lost_Horse,0726,531,550,46.15670612021869,-114.32584591966838,0.5558354258537292
North_Fork_Lost_Horse,0726,529,545,46.15724563379241,-114.32779327865002,0.6203863620758057
North_Fork_Lost_Horse,0726,537,516,46.15508757949753,-114.33908796074353,0.9371718764305115
North_Fork_Lost_Horse,0726,518,486,46.160212958447865,-114.35077211463336,0.8482142686843872
North_Fork_Lost_Horse,0726,551,509,46.1513109844815,-114.34181426331781,0.5268159508705139
North_Fork_Lost_Horse,0726,506,536,46.16345003989018,-114.33129852481697,0.8769851326942444
North_Fork_Lost_Horse,0726,493,503,46.16695687811935,-114.34415109409579,0.5857859253883362
North_Fork_Lost_Horse,0726,505,542,46.163719796677036,-114.32896169403901,0.7819027304649353
North_Fork_Lost_Horse,0726,512,537,46.16183149916902,-114.33090905302065,0.8981313109397888
North_Fork_Lost_Horse,0726,519,537,46.159943201661,-114.33090905302065,0.9012491703033447
North_Fork_Lost_Horse,0726,534,510,46.15589684985811,-114.34142479152149,0.9532888531684875
North_Fork_Lost_Horse,0726,548,509,46.15212025484208,-114.34181426331781,0.8833757638931274
North_Fork_Lost_Horse,0726,548,492,46.15212025484208,-114.3484352838554,0.855608344078064
North_Fork_Lost_Horse,0726,533,535,46.15616660664497,-114.3316879966133,0.9616928100585938
North_Fork_Lost_Horse,0726,538,528,46.154817822710676,-114.3344142991876,0.9544224739074707
North_Fork_Lost_Horse,0726,532,525,46.15643636343183,-114.33558271457657,0.9801023602485657
North_Fork_Lost_Horse,0726,528,481,46.15751539057927,-114.352719473615,0.7516676187515259
North_Fork_Lost_Horse,0726,530,508,46.15697587700555,-114.34220373511415,0.9782933592796326
North_Fork_Lost_Horse,0726,536,547,46.155357336284396,-114.32701433505737,0.6300528645515442
North_Fork_Lost_Horse,0726,483,538,46.169654445987945,-114.33051958122432,0.5585180521011353
North_Fork_Lost_Horse,0726,513,529,46.16156174238216,-114.33402482739127,0.951339602470398
North_Fork_Lost_Horse,0726,504,499,46.1639895534639,-114.34570898128109,0.8293534517288208
North_Fork_Lost_Horse,0726,531,518,46.15670612021869,-114.33830901715088,0.9731044173240662
North_Fork_Lost_Horse,0726,549,510,46.15185049805522,-114.34142479152149,0.8123598098754883
North_Fork_Lost_Horse,0726,484,535,46.16938468920109,-114.3316879966133,0.6743904948234558
North_Fork_Lost_Horse,0726,535,550,46.15562709307125,-114.32584591966838,0.5946086645126343
North_Fork_Lost_Horse,0726,549,516,46.15185049805522,-114.33908796074353,0.5053490400314331
North_Fork_Lost_Horse,0726,505,539,46.163719796677036,-114.330130109428,0.7777960300445557
North_Fork_Lost_Horse,0726,547,485,46.15239001162894,-114.35116158642968,0.5715649724006653
North_Fork_Lost_Horse,0726,513,531,46.16156174238216,-114.33324588379861,0.935153603553772
North_Fork_Lost_Horse,0726,543,527,46.15346903877638,-114.33480377098392,0.8920527696609497
North_Fork_Lost_Horse,0726,543,520,46.15346903877638,-114.33753007355821,0.8979361653327942
North_Fork_Lost_Horse,0726,519,539,46.159943201661,-114.330130109428,0.8587889671325684
North_Fork_Lost_Horse,0726,535,516,46.15562709307125,-114.33908796074353,0.9545596241950989
North_Fork_Lost_Horse,0726,546,522,46.1526597684158,-114.33675112996556,0.7601222991943359
North_Fork_Lost_Horse,0726,486,515,46.16884517562737,-114.33947743253985,0.7124111652374268
North_Fork_Lost_Horse,0726,490,517,46.16776614847993,-114.3386984889472,0.7540158629417419
North_Fork_Lost_Horse,0726,544,503,46.153199281989515,-114.34415109409579,0.9543640613555908
North_Fork_Lost_Horse,0726,551,499,46.1513109844815,-114.34570898128109,0.8351825475692749
North_Fork_Lost_Horse,0726,499,504,46.1653383373982,-114.34376162229945,0.8311928510665894
North_Fork_Lost_Horse,0726,519,532,46.159943201661,-114.33285641200229,0.9410645365715027
North_Fork_Lost_Horse,0726,482,518,46.1699242027748,-114.33830901715088,0.6935280561447144
North_Fork_Lost_Horse,0726,514,544,46.1612919855953,-114.32818275044636,0.5467447638511658
North_Fork_Lost_Horse,0726,531,512,46.15670612021869,-114.34064584792884,0.9728866815567017
North_Fork_Lost_Horse,0726,502,538,46.16452906703761,-114.33051958122432,0.613570511341095
North_Fork_Lost_Horse,0726,510,529,46.16237101274274,-114.33402482739127,0.9426706433296204
North_Fork_Lost_Horse,0726,546,528,46.1526597684158,-114.3344142991876,0.6861798763275146
North_Fork_Lost_Horse,0726,550,488,46.15158074126836,-114.34999317104071,0.6090393662452698
North_Fork_Lost_Horse,0726,551,502,46.1513109844815,-114.34454056589212,0.7793667912483215
North_Fork_Lost_Horse,0726,518,482,46.160212958447865,-114.35233000181867,0.8176058530807495
North_Fork_Lost_Horse,0726,536,531,46.155357336284396,-114.33324588379861,0.9620619416236877
North_Fork_Lost_Horse,0726,545,509,46.15292952520266,-114.34181426331781,0.916796088218689
North_Fork_Lost_Horse,0726,523,486,46.15886417451357,-114.35077211463336,0.8665899634361267
North_Fork_Lost_Horse,0726,533,529,46.15616660664497,-114.33402482739127,0.9675258994102478
North_Fork_Lost_Horse,0726,547,521,46.15239001162894,-114.33714060176189,0.6684570908546448
North_Fork_Lost_Horse,0726,545,537,46.15292952520266,-114.33090905302065,0.7696506381034851
North_Fork_Lost_Horse,0726,524,479,46.158594417726704,-114.35349841720765,0.7164510488510132
North_Fork_Lost_Horse,0726,529,519,46.15724563379241,-114.33791954535455,0.973341703414917
North_Fork_Lost_Horse,0726,518,485,46.160212958447865,-114.35116158642968,0.8443677425384521
North_Fork_Lost_Horse,0726,523,530,46.15886417451357,-114.33363535559494,0.9521555304527283
North_Fork_Lost_Horse,0726,532,534,46.15643636343183,-114.33207746840964,0.9587808847427368
North_Fork_Lost_Horse,0726,530,541,46.15697587700555,-114.32935116583533,0.8506743907928467
North_Fork_Lost_Horse,0726,548,503,46.15212025484208,-114.34415109409579,0.9405355453491211
North_Fork_Lost_Horse,0726,510,497,46.16237101274274,-114.34648792487376,0.8560834527015686
North_Fork_Lost_Horse,0726,540,538,46.154278309136956,-114.33051958122432,0.8915550708770752
North_Fork_Lost_Horse,0726,550,507,46.15158074126836,-114.34259320691048,0.790012538433075
North_Fork_Lost_Horse,0726,517,529,46.16048271523472,-114.33402482739127,0.9423331618309021
North_Fork_Lost_Horse,0726,548,500,46.15212025484208,-114.34531950948477,0.9186251759529114
North_Fork_Lost_Horse,0726,489,522,46.16803590526679,-114.33675112996556,0.7267149090766907
North_Fork_Lost_Horse,0726,530,481,46.15697587700555,-114.352719473615,0.7860997319221497
North_Fork_Lost_Horse,0726,503,494,46.164259310250756,-114.34765634026273,0.7216746807098389
North_Fork_Lost_Horse,0726,542,514,46.153738795563235,-114.33986690433619,0.9193859696388245
North_Fork_Lost_Horse,0726,550,490,46.15158074126836,-114.34921422744804,0.7713831067085266
North_Fork_Lost_Horse,0726,532,527,46.15643636343183,-114.33480377098392,0.9769228100776672
North_Fork_Lost_Horse,0726,523,539,46.15886417451357,-114.330130109428,0.8710957169532776
North_Fork_Lost_Horse,0726,524,524,46.158594417726704,-114.33597218637291,0.9677413702011108
North_Fork_Lost_Horse,0726,530,543,46.15697587700555,-114.32857222224268,0.7213576436042786
North_Fork_Lost_Horse,0726,536,523,46.155357336284396,-114.33636165816924,0.9686156511306763
North_Fork_Lost_Horse,0726,529,525,46.15724563379241,-114.33558271457657,0.9787744283676147
North_Fork_Lost_Horse,0726,540,529,46.154278309136956,-114.33402482739127,0.9409645795822144
North_Fork_Lost_Horse,0726,513,524,46.16156174238216,-114.33597218637291,0.9609275460243225
North_Fork_Lost_Horse,0726,518,534,46.160212958447865,-114.33207746840964,0.9331018328666687
North_Fork_Lost_Horse,0726,543,512,46.15346903877638,-114.34064584792884,0.9145206809043884
North_Fork_Lost_Horse,0726,521,541,46.15940368808729,-114.32935116583533,0.6342719793319702
North_Fork_Lost_Horse,0726,543,531,46.15346903877638,-114.33324588379861,0.9028446674346924
North_Fork_Lost_Horse,0726,551,490,46.1513109844815,-114.34921422744804,0.7227707505226135
North_Fork_Lost_Horse,0726,537,503,46.15508757949753,-114.34415109409579,0.9781010150909424
North_Fork_Lost_Horse,0726,475,532,46.17181250028282,-114.33285641200229,0.5230258703231812
North_Fork_Lost_Horse,0726,489,515,46.16803590526679,-114.33947743253985,0.7552919983863831
North_Fork_Lost_Horse,0726,528,527,46.15751539057927,-114.33480377098392,0.9790603518486023
North_Fork_Lost_Horse,0726,526,480,46.15805490415299,-114.35310894541132,0.710502028465271
North_Fork_Lost_Horse,0726,542,536,46.153738795563235,-114.33129852481697,0.9073602557182312
North_Fork_Lost_Horse,0726,516,522,46.160752472021585,-114.33675112996556,0.9702329039573669
North_Fork_Lost_Horse,0726,545,532,46.15292952520266,-114.33285641200229,0.7616461515426636
North_Fork_Lost_Horse,0726,498,507,46.16560809418505,-114.34259320691048,0.8312311172485352
North_Fork_Lost_Horse,0726,517,486,46.16048271523472,-114.35077211463336,0.8376950621604919
North_Fork_Lost_Horse,0726,534,549,46.15589684985811,-114.32623539146472,0.6534758806228638
North_Fork_Lost_Horse,0726,512,487,46.16183149916902,-114.35038264283703,0.7743076682090759
North_Fork_Lost_Horse,0726,549,497,46.15185049805522,-114.34648792487376,0.8852589130401611
North_Fork_Lost_Horse,0726,508,541,46.16291052631646,-114.32935116583533,0.8277466297149658
North_Fork_Lost_Horse,0726,542,527,46.153738795563235,-114.33480377098392,0.9195160269737244
North_Fork_Lost_Horse,0726,498,539,46.16560809418505,-114.330130109428,0.6154274940490723
North_Fork_Lost_Horse,0726,543,488,46.15346903877638,-114.34999317104071,0.8689411878585815
North_Fork_Lost_Horse,0726,487,515,46.168575418840504,-114.33947743253985,0.743248701095581
North_Fork_Lost_Horse,0726,478,525,46.17100322992224,-114.33558271457657,0.5594398379325867
North_Fork_Lost_Horse,0726,488,508,46.16830566205365,-114.34220373511415,0.5789546966552734
North_Fork_Lost_Horse,0726,548,486,46.15212025484208,-114.35077211463336,0.5988262295722961
North_Fork_Lost_Horse,0726,546,509,46.1526597684158,-114.34181426331781,0.9157713055610657
North_Fork_Lost_Horse,0726,535,515,46.15562709307125,-114.33947743253985,0.9517109394073486
North_Fork_Lost_Horse,0726,545,504,46.15292952520266,-114.34376162229945,0.9495282769203186
North_Fork_Lost_Horse,0726,530,547,46.15697587700555,-114.32701433505737,0.5484838485717773
North_Fork_Lost_Horse,0726,493,511,46.16695687811935,-114.34103531972517,0.8036190867424011
North_Fork_Lost_Horse,0726,480,528,46.17046371634852,-114.3344142991876,0.5790679454803467
North_Fork_Lost_Horse,0726,548,498,46.15212025484208,-114.34609845307743,0.9114192128181458
North_Fork_Lost_Horse,0726,538,543,46.154817822710676,-114.32857222224268,0.7077114582061768
North_Fork_Lost_Horse,0726,545,507,46.15292952520266,-114.34259320691048,0.9286920428276062
North_Fork_Lost_Horse,0726,542,519,46.153738795563235,-114.33791954535455,0.9136176109313965
North_Fork_Lost_Horse,0726,513,537,46.16156174238216,-114.33090905302065,0.9069463014602661
North_Fork_Lost_Horse,0726,532,504,46.15643636343183,-114.34376162229945,0.9677245020866394
North_Fork_Lost_Horse,0726,510,488,46.16237101274274,-114.34999317104071,0.758698582649231
North_Fork_Lost_Horse,0726,509,533,46.1626407695296,-114.33246694020596,0.9267441034317017
North_Fork_Lost_Horse,0726,497,502,46.16587785097191,-114.34454056589212,0.8051064610481262
North_Fork_Lost_Horse,0726,544,489,46.153199281989515,-114.34960369924437,0.87166827917099
North_Fork_Lost_Horse,0726,497,501,46.16587785097191,-114.34493003768844,0.7745739221572876
North_Fork_Lost_Horse,0726,546,524,46.1526597684158,-114.33597218637291,0.764137864112854
North_Fork_Lost_Horse,0726,483,519,46.169654445987945,-114.33791954535455,0.6461793780326843
North_Fork_Lost_Horse,0726,524,523,46.158594417726704,-114.33636165816924,0.9722362756729126
North_Fork_Lost_Horse,0726,530,534,46.15697587700555,-114.33207746840964,0.9608516097068787
North_Fork_Lost_Horse,0726,515,543,46.16102222880844,-114.32857222224268,0.6535263061523438
North_Fork_Lost_Horse,0726,544,500,46.153199281989515,-114.34531950948477,0.9482583403587341
North_Fork_Lost_Horse,0726,498,502,46.16560809418505,-114.34454056589212,0.8109676241874695
North_Fork_Lost_Horse,0726,524,526,46.158594417726704,-114.33519324278025,0.9634500741958618
North_Fork_Lost_Horse,0726,497,503,46.16587785097191,-114.34415109409579,0.8070764541625977
North_Fork_Lost_Horse,0726,491,512,46.16749639169307,-114.34064584792884,0.7797991037368774
North_Fork_Lost_Horse,0726,501,498,46.164798823824476,-114.34609845307743,0.8186097741127014
North_Fork_Lost_Horse,0726,475,529,46.17181250028282,-114.33402482739127,0.5175155997276306
North_Fork_Lost_Horse,0726,502,496,46.16452906703761,-114.34687739667008,0.810210108757019
North_Fork_Lost_Horse,0726,540,510,46.154278309136956,-114.34142479152149,0.9420645236968994
North_Fork_Lost_Horse,0726,535,534,46.15562709307125,-114.33207746840964,0.9573236703872681
North_Fork_Lost_Horse,0726,549,490,46.15185049805522,-114.34921422744804,0.8331993222236633
North_Fork_Lost_Horse,0726,503,493,46.164259310250756,-114.34804581205907,0.5283499956130981
North_Fork_Lost_Horse,0726,481,526,46.170193959561665,-114.33519324278025,0.6308560967445374
North_Fork_Lost_Horse,0726,540,507,46.154278309136956,-114.34259320691048,0.9518641233444214
North_Fork_Lost_Horse,0726,510,534,46.16237101274274,-114.33207746840964,0.9412413835525513
North_Fork_Lost_Horse,0726,536,544,46.155357336284396,-114.32818275044636,0.7112702131271362
North_Fork_Lost_Horse,0726,515,495,46.16102222880844,-114.3472668684664,0.85330730676651
North_Fork_Lost_Horse,0726,532,546,46.15643636343183,-114.3274038068537,0.6461776494979858
North_Fork_Lost_Horse,0726,487,527,46.168575418840504,-114.33480377098392,0.7842881679534912
North_Fork_Lost_Horse,0726,530,479,46.15697587700555,-114.35349841720765,0.6481404900550842
North_Fork_Lost_Horse,0726,514,492,46.1612919855953,-114.3484352838554,0.8433594107627869
North_Fork_Lost_Horse,0726,472,535,46.1726217706434,-114.3316879966133,0.5177006125450134
North_Fork_Lost_Horse,0726,504,542,46.1639895534639,-114.32896169403901,0.663476824760437
North_Fork_Lost_Horse,0726,538,494,46.154817822710676,-114.34765634026273,0.950933039188385
North_Fork_Lost_Horse,0726,549,502,46.15185049805522,-114.34454056589212,0.9120912551879883
North_Fork_Lost_Horse,0726,542,535,46.153738795563235,-114.3316879966133,0.9038872122764587
North_Fork_Lost_Horse,0726,476,524,46.17154274349596,-114.33597218637291,0.5081290602684021
North_Fork_Lost_Horse,0726,504,541,46.1639895534639,-114.32935116583533,0.66049724817276
North_Fork_Lost_Horse,0726,521,518,46.15940368808729,-114.33830901715088,0.9684578776359558
North_Fork_Lost_Horse,0726,537,507,46.15508757949753,-114.34259320691048,0.956581175327301
North_Fork_Lost_Horse,0726,541,521,46.1540085523501,-114.33714060176189,0.9320423007011414
North_Fork_Lost_Horse,0726,519,525,46.159943201661,-114.33558271457657,0.9655795693397522
North_Fork_Lost_Horse,0726,512,543,46.16183149916902,-114.32857222224268,0.6918006539344788
North_Fork_Lost_Horse,0726,478,528,46.17100322992224,-114.3344142991876,0.551375150680542
North_Fork_Lost_Horse,0726,511,491,46.16210125595588,-114.34882475565172,0.8345235586166382
North_Fork_Lost_Horse,0726,525,537,46.15832466093985,-114.33090905302065,0.9114083647727966
North_Fork_Lost_Horse,0726,483,534,46.169654445987945,-114.33207746840964,0.7240827083587646
North_Fork_Lost_Horse,0726,485,512,46.169114932414224,-114.34064584792884,0.5992582440376282
North_Fork_Lost_Horse,0726,544,519,46.153199281989515,-114.33791954535455,0.8759661912918091
North_Fork_Lost_Horse,0726,540,534,46.154278309136956,-114.33207746840964,0.9355827569961548
North_Fork_Lost_Horse,0726,544,541,46.153199281989515,-114.32935116583533,0.6097875833511353
North_Fork_Lost_Horse,0726,480,525,46.17046371634852,-114.33558271457657,0.5222810506820679
North_Fork_Lost_Horse,0726,533,516,46.15616660664497,-114.33908796074353,0.964991569519043
North_Fork_Lost_Horse,0726,541,492,46.1540085523501,-114.3484352838554,0.9306134581565857
North_Fork_Lost_Horse,0726,535,539,46.15562709307125,-114.330130109428,0.8998546004295349
North_Fork_Lost_Horse,0726,542,507,46.153738795563235,-114.34259320691048,0.9428869485855103
North_Fork_Lost_Horse,0726,537,531,46.15508757949753,-114.33324588379861,0.9520059823989868
North_Fork_Lost_Horse,0726,507,535,46.163180283103316,-114.3316879966133,0.910693347454071
North_Fork_Lost_Horse,0726,525,528,46.15832466093985,-114.3344142991876,0.9639241099357605
North_Fork_Lost_Horse,0726,530,514,46.15697587700555,-114.33986690433619,0.9716375470161438
North_Fork_Lost_Horse,0726,526,478,46.15805490415299,-114.35388788900399,0.5548805594444275
North_Fork_Lost_Horse,0726,520,520,46.159673444874144,-114.33753007355821,0.9735401272773743
North_Fork_Lost_Horse,0726,538,545,46.154817822710676,-114.32779327865002,0.6686136722564697
North_Fork_Lost_Horse,0726,533,539,46.15616660664497,-114.330130109428,0.9139276742935181
North_Fork_Lost_Horse,0726,530,544,46.15697587700555,-114.32818275044636,0.7028359174728394
North_Fork_Lost_Horse,0726,550,497,46.15158074126836,-114.34648792487376,0.8481777310371399
North_Fork_Lost_Horse,0726,499,539,46.1653383373982,-114.330130109428,0.5677316784858704
North_Fork_Lost_Horse,0726,539,497,46.15454806592381,-114.34648792487376,0.9579769372940063
North_Fork_Lost_Horse,0726,525,514,46.15832466093985,-114.33986690433619,0.9784034490585327
North_Fork_Lost_Horse,0726,533,481,46.15616660664497,-114.352719473615,0.818156898021698
North_Fork_Lost_Horse,0726,512,495,46.16183149916902,-114.3472668684664,0.8566107153892517
North_Fork_Lost_Horse,0726,507,502,46.163180283103316,-114.34454056589212,0.8454611897468567
North_Fork_Lost_Horse,0726,511,545,46.16210125595588,-114.32779327865002,0.539058268070221
North_Fork_Lost_Horse,0726,505,540,46.163719796677036,-114.32974063763166,0.7735090851783752
North_Fork_Lost_Horse,0726,515,540,46.16102222880844,-114.32974063763166,0.8773947358131409
North_Fork_Lost_Horse,0726,520,537,46.159673444874144,-114.33090905302065,0.9130414724349976
North_Fork_Lost_Horse,0726,536,549,46.155357336284396,-114.32623539146472,0.5910215973854065
North_Fork_Lost_Horse,0726,486,510,46.16884517562737,-114.34142479152149,0.5134744048118591
North_Fork_Lost_Horse,0726,531,513,46.15670612021869,-114.34025637613252,0.9687495827674866
North_Fork_Lost_Horse,0726,524,530,46.158594417726704,-114.33363535559494,0.9556787014007568
North_Fork_Lost_Horse,0726,535,506,46.15562709307125,-114.3429826787068,0.97648686170578
North_Fork_Lost_Horse,0726,483,515,46.169654445987945,-114.33947743253985,0.5774794816970825
North_Fork_Lost_Horse,0726,518,538,46.160212958447865,-114.33051958122432,0.8799813985824585
North_Fork_Lost_Horse,0726,488,520,46.16830566205365,-114.33753007355821,0.7220362424850464
North_Fork_Lost_Horse,0726,488,519,46.16830566205365,-114.33791954535455,0.7354750037193298
North_Fork_Lost_Horse,0726,474,534,46.17208225706968,-114.33207746840964,0.5652995109558105
North_Fork_Lost_Horse,0726,540,532,46.154278309136956,-114.33285641200229,0.9415018558502197
North_Fork_Lost_Horse,0726,504,502,46.1639895534639,-114.34454056589212,0.833631157875061
North_Fork_Lost_Horse,0726,545,484,46.15292952520266,-114.35155105822601,0.625557541847229
North_Fork_Lost_Horse,0726,547,501,46.15239001162894,-114.34493003768844,0.9337100982666016
North_Fork_Lost_Horse,0726,539,487,46.15454806592381,-114.35038264283703,0.9100843071937561
North_Fork_Lost_Horse,0726,474,526,46.17208225706968,-114.33519324278025,0.5034847855567932
North_Fork_Lost_Horse,0726,494,508,46.166687121332494,-114.34220373511415,0.8118653893470764
North_Fork_Lost_Horse,0726,543,502,46.15346903877638,-114.34454056589212,0.9591395854949951
North_Fork_Lost_Horse,0726,526,520,46.15805490415299,-114.33753007355821,0.9742321372032166
North_Fork_Lost_Horse,0726,534,516,46.15589684985811,-114.33908796074353,0.9586400985717773
North_Fork_Lost_Horse,0726,530,540,46.15697587700555,-114.32974063763166,0.8577117323875427
North_Fork_Lost_Horse,0726,516,529,46.160752472021585,-114.33402482739127,0.9418063163757324
North_Fork_Lost_Horse,0726,521,485,46.15940368808729,-114.35116158642968,0.8302847146987915
North_Fork_Lost_Horse,0726,552,499,46.15104122769464,-114.34570898128109,0.5971831679344177
North_Fork_Lost_Horse,0726,536,526,46.155357336284396,-114.33519324278025,0.9564938545227051
North_Fork_Lost_Horse,0726,517,483,46.16048271523472,-114.35194053002235,0.8275478482246399
North_Fork_Lost_Horse,0726,544,521,46.153199281989515,-114.33714060176189,0.8901780247688293
North_Fork_Lost_Horse,0726,483,520,46.169654445987945,-114.33753007355821,0.6318405270576477
North_Fork_Lost_Horse,0726,543,514,46.15346903877638,-114.33986690433619,0.9193761348724365
North_Fork_Lost_Horse,0726,540,544,46.154278309136956,-114.32818275044636,0.5596304535865784
North_Fork_Lost_Horse,0726,480,524,46.17046371634852,-114.33597218637291,0.5320290327072144
North_Fork_Lost_Horse,0726,532,524,46.15643636343183,-114.33597218637291,0.9808070063591003
North_Fork_Lost_Horse,0726,549,503,46.15185049805522,-114.34415109409579,0.9081363677978516
North_Fork_Lost_Horse,0726,542,521,46.153738795563235,-114.33714060176189,0.9266195893287659
North_Fork_Lost_Horse,0726,532,552,46.15643636343183,-114.32506697607573,0.5237685441970825
North_Fork_Lost_Horse,0726,540,533,46.154278309136956,-114.33246694020596,0.9383752942085266
North_Fork_Lost_Horse,0726,516,521,46.160752472021585,-114.33714060176189,0.9732438325881958
North_Fork_Lost_Horse,0726,527,528,46.15778514736613,-114.3344142991876,0.9756143689155579
North_Fork_Lost_Horse,0726,507,494,46.163180283103316,-114.34765634026273,0.8238769769668579
North_Fork_Lost_Horse,0726,534,539,46.15589684985811,-114.330130109428,0.90114825963974
North_Fork_Lost_Horse,0726,519,536,46.159943201661,-114.33129852481697,0.9198557734489441
North_Fork_Lost_Horse,0726,519,533,46.159943201661,-114.33246694020596,0.9380820989608765
North_Fork_Lost_Horse,0726,541,532,46.1540085523501,-114.33285641200229,0.9369307160377502
North_Fork_Lost_Horse,0726,533,480,46.15616660664497,-114.35310894541132,0.7224088907241821
North_Fork_Lost_Horse,0726,542,487,46.153738795563235,-114.35038264283703,0.8637616634368896
North_Fork_Lost_Horse,0726,505,503,46.163719796677036,-114.34415109409579,0.8343746066093445
North_Fork_Lost_Horse,0726,528,478,46.15751539057927,-114.35388788900399,0.5403251051902771
North_Fork_Lost_Horse,0726,539,537,46.15454806592381,-114.33090905302065,0.9127591848373413
North_Fork_Lost_Horse,0726,522,535,46.159133931300424,-114.3316879966133,0.9453184604644775
North_Fork_Lost_Horse,0726,539,533,46.15454806592381,-114.33246694020596,0.9439893960952759
North_Fork_Lost_Horse,0726,498,504,46.16560809418505,-114.34376162229945,0.8312491178512573
North_Fork_Lost_Horse,0726,524,540,46.158594417726704,-114.32974063763166,0.7329109311103821
North_Fork_Lost_Horse,0726,533,504,46.15616660664497,-114.34376162229945,0.9744732975959778
North_Fork_Lost_Horse,0726,482,539,46.1699242027748,-114.330130109428,0.5119268298149109
North_Fork_Lost_Horse,0726,545,493,46.15292952520266,-114.34804581205907,0.88565993309021
North_Fork_Lost_Horse,0726,531,532,46.15670612021869,-114.33285641200229,0.9677593111991882
North_Fork_Lost_Horse,0726,534,519,46.15589684985811,-114.33791954535455,0.9548296332359314
North_Fork_Lost_Horse,0726,514,488,46.1612919855953,-114.34999317104071,0.829940676689148
North_Fork_Lost_Horse,0726,539,501,46.15454806592381,-114.34493003768844,0.9729788899421692
North_Fork_Lost_Horse,0726,516,533,46.160752472021585,-114.33246694020596,0.9323064088821411
North_Fork_Lost_Horse,0726,547,517,46.15239001162894,-114.3386984889472,0.8193236589431763
North_Fork_Lost_Horse,0726,535,478,46.15562709307125,-114.35388788900399,0.6231783628463745
North_Fork_Lost_Horse,0726,543,486,46.15346903877638,-114.35077211463336,0.825405478477478
North_Fork_Lost_Horse,0726,510,496,46.16237101274274,-114.34687739667008,0.8581108450889587
North_Fork_Lost_Horse,0726,515,544,46.16102222880844,-114.32818275044636,0.5261794328689575
North_Fork_Lost_Horse,0726,501,535,46.164798823824476,-114.3316879966133,0.6521608233451843
North_Fork_Lost_Horse,0726,534,518,46.15589684985811,-114.33830901715088,0.958668053150177
North_Fork_Lost_Horse,0726,491,509,46.16749639169307,-114.34181426331781,0.7697092890739441
North_Fork_Lost_Horse,0726,549,506,46.15185049805522,-114.3429826787068,0.8665347099304199
North_Fork_Lost_Horse,0726,535,551,46.15562709307125,-114.32545644787206,0.5000415444374084
North_Fork_Lost_Horse,0726,482,531,46.1699242027748,-114.33324588379861,0.6378030776977539
North_Fork_Lost_Horse,0726,547,534,46.15239001162894,-114.33207746840964,0.5030264854431152
North_Fork_Lost_Horse,0726,491,517,46.16749639169307,-114.3386984889472,0.7459908127784729
North_Fork_Lost_Horse,0726,497,510,46.16587785097191,-114.34142479152149,0.8086766004562378
North_Fork_Lost_Horse,0726,525,477,46.15832466093985,-114.35427736080031,0.5496734380722046
North_Fork_Lost_Horse,0726,477,525,46.1712729867091,-114.33558271457657,0.5118624567985535
North_Fork_Lost_Horse,0726,547,519,46.15239001162894,-114.33791954535455,0.7627959251403809
North_Fork_Lost_Horse,0726,535,527,46.15562709307125,-114.33480377098392,0.9583783745765686
North_Fork_Lost_Horse,0726,528,544,46.15751539057927,-114.32818275044636,0.6189661622047424
North_Fork_Lost_Horse,0726,534,529,46.15589684985811,-114.33402482739127,0.9695490598678589
North_Fork_Lost_Horse,0726,536,534,46.155357336284396,-114.33207746840964,0.9423801302909851
North_Fork_Lost_Horse,0726,495,502,46.16641736454563,-114.34454056589212,0.7616498470306396
North_Fork_Lost_Horse,0726,546,501,46.1526597684158,-114.34493003768844,0.9415425658226013
North_Fork_Lost_Horse,0726,543,489,46.15346903877638,-114.34960369924437,0.8917258381843567
North_Fork_Lost_Horse,0726,536,521,46.155357336284396,-114.33714060176189,0.966234028339386
North_Fork_Lost_Horse,0726,502,503,46.16452906703761,-114.34415109409579,0.8287506103515625
North_Fork_Lost_Horse,0726,530,550,46.15697587700555,-114.32584591966838,0.5311896800994873
North_Fork_Lost_Horse,0726,484,520,46.16938468920109,-114.33753007355821,0.6636328101158142
North_Fork_Lost_Horse,0726,538,517,46.154817822710676,-114.3386984889472,0.9372023344039917
North_Fork_Lost_Horse,0726,550,499,46.15158074126836,-114.34570898128109,0.8730950951576233
North_Fork_Lost_Horse,0726,534,545,46.15589684985811,-114.32779327865002,0.7260977625846863
North_Fork_Lost_Horse,0726,486,518,46.16884517562737,-114.33830901715088,0.7538681626319885
North_Fork_Lost_Horse,0726,517,539,46.16048271523472,-114.330130109428,0.8598742485046387
North_Fork_Lost_Horse,0726,543,539,46.15346903877638,-114.330130109428,0.8138372302055359
North_Fork_Lost_Horse,0726,536,508,46.155357336284396,-114.34220373511415,0.9531347155570984
North_Fork_Lost_Horse,0726,496,503,46.166147607758774,-114.34415109409579,0.8027043342590332
North_Fork_Lost_Horse,0726,488,513,46.16830566205365,-114.34025637613252,0.7252199649810791
North_Fork_Lost_Horse,0726,507,495,46.163180283103316,-114.3472668684664,0.8373335599899292
North_Fork_Lost_Horse,0726,536,507,46.155357336284396,-114.34259320691048,0.961050808429718
North_Fork_Lost_Horse,0726,548,517,46.15212025484208,-114.3386984889472,0.699834942817688
North_Fork_Lost_Horse,0726,523,534,46.15886417451357,-114.33207746840964,0.9535629153251648
North_Fork_Lost_Horse,0726,548,537,46.15212025484208,-114.33090905302065,0.6322545409202576
North_Fork_Lost_Horse,0726,536,532,46.155357336284396,-114.33285641200229,0.9574196934700012
North_Fork_Lost_Horse,0726,548,507,46.15212025484208,-114.34259320691048,0.8958501815795898
North_Fork_Lost_Horse,0726,529,482,46.15724563379241,-114.35233000181867,0.7867540121078491
North_Fork_Lost_Horse,0726,542,528,46.153738795563235,-114.3344142991876,0.9268538951873779
North_Fork_Lost_Horse,0726,507,493,46.163180283103316,-114.34804581205907,0.8219032883644104
North_Fork_Lost_Horse,0726,543,491,46.15346903877638,-114.34882475565172,0.9041755795478821
North_Fork_Lost_Horse,0726,482,517,46.1699242027748,-114.3386984889472,0.6393609046936035
North_Fork_Lost_Horse,0726,506,543,46.16345003989018,-114.32857222224268,0.7005863189697266
North_Fork_Lost_Horse,0726,512,533,46.16183149916902,-114.33246694020596,0.9254982471466064
North_Fork_Lost_Horse,0726,482,525,46.1699242027748,-114.33558271457657,0.6267320513725281
North_Fork_Lost_Horse,0726,502,505,46.16452906703761,-114.34337215050313,0.8298557996749878
North_Fork_Lost_Horse,0726,511,490,46.16210125595588,-114.34921422744804,0.83115553855896
North_Fork_Lost_Horse,0726,544,483,46.153199281989515,-114.35194053002235,0.6414506435394287
North_Fork_Lost_Horse,0726,526,541,46.15805490415299,-114.32935116583533,0.7508628964424133
North_Fork_Lost_Horse,0726,541,488,46.1540085523501,-114.34999317104071,0.8981981873512268
North_Fork_Lost_Horse,0726,529,480,46.15724563379241,-114.35310894541132,0.6892935633659363
North_Fork_Lost_Horse,0726,487,510,46.168575418840504,-114.34142479152149,0.645015299320221
North_Fork_Lost_Horse,0726,514,493,46.1612919855953,-114.34804581205907,0.8446621298789978
North_Fork_Lost_Horse,0726,539,520,46.15454806592381,-114.33753007355821,0.9423708915710449
North_Fork_Lost_Horse,0726,508,544,46.16291052631646,-114.32818275044636,0.624976634979248
North_Fork_Lost_Horse,0726,495,510,46.16641736454563,-114.34142479152149,0.8113170862197876
North_Fork_Lost_Horse,0726,544,537,46.153199281989515,-114.33090905302065,0.8217377066612244
North_Fork_Lost_Horse,0726,520,536,46.159673444874144,-114.33129852481697,0.9233750104904175
North_Fork_Lost_Horse,0726,514,484,46.1612919855953,-114.35155105822601,0.7126131653785706
North_Fork_Lost_Horse,0726,544,520,46.153199281989515,-114.33753007355821,0.8855993151664734
North_Fork_Lost_Horse,0726,528,530,46.15751539057927,-114.33363535559494,0.9699840545654297
North_Fork_Lost_Horse,0726,540,518,46.154278309136956,-114.33830901715088,0.9340054392814636
North_Fork_Lost_Horse,0726,502,495,46.16452906703761,-114.3472668684664,0.7338137030601501
North_Fork_Lost_Horse,0726,548,536,46.15212025484208,-114.33129852481697,0.5618522763252258
North_Fork_Lost_Horse,0726,544,529,46.153199281989515,-114.33402482739127,0.8581239581108093
North_Fork_Lost_Horse,0726,516,532,46.160752472021585,-114.33285641200229,0.9346948862075806
North_Fork_Lost_Horse,0726,538,523,46.154817822710676,-114.33636165816924,0.9539684653282166
North_Fork_Lost_Horse,0726,532,551,46.15643636343183,-114.32545644787206,0.5845627784729004
North_Fork_Lost_Horse,0726,525,517,46.15832466093985,-114.3386984889472,0.9765142798423767
North_Fork_Lost_Horse,0726,538,539,46.154817822710676,-114.330130109428,0.8707003593444824
North_Fork_Lost_Horse,0726,534,509,46.15589684985811,-114.34181426331781,0.9620776772499084
North_Fork_Lost_Horse,0726,483,521,46.169654445987945,-114.33714060176189,0.6045764088630676
North_Fork_Lost_Horse,0726,505,544,46.163719796677036,-114.32818275044636,0.5570555925369263
North_Fork_Lost_Horse,0726,486,522,46.16884517562737,-114.33675112996556,0.676662027835846
North_Fork_Lost_Horse,0726,541,536,46.1540085523501,-114.33129852481697,0.911770224571228
North_Fork_Lost_Horse,0726,528,540,46.15751539057927,-114.32974063763166,0.8532600998878479
North_Fork_Lost_Horse,0726,540,525,46.154278309136956,-114.33558271457657,0.938318133354187
North_Fork_Lost_Horse,0726,509,538,46.1626407695296,-114.33051958122432,0.8919844031333923
North_Fork_Lost_Horse,0726,482,515,46.1699242027748,-114.33947743253985,0.5057268142700195
North_Fork_Lost_Horse,0726,542,537,46.153738795563235,-114.33090905302065,0.9048349261283875
North_Fork_Lost_Horse,0726,503,539,46.164259310250756,-114.330130109428,0.6012803912162781
North_Fork_Lost_Horse,0726,513,485,46.16156174238216,-114.35116158642968,0.6879547834396362
North_Fork_Lost_Horse,0726,533,526,46.15616660664497,-114.33519324278025,0.9767956733703613
North_Fork_Lost_Horse,0726,513,495,46.16156174238216,-114.3472668684664,0.8521310091018677
North_Fork_Lost_Horse,0726,504,540,46.1639895534639,-114.32974063763166,0.7108973860740662
North_Fork_Lost_Horse,0726,496,507,46.166147607758774,-114.34259320691048,0.8278161287307739
North_Fork_Lost_Horse,0726,510,537,46.16237101274274,-114.33090905302065,0.9012859463691711
North_Fork_Lost_Horse,0726,528,528,46.15751539057927,-114.3344142991876,0.9776681065559387
North_Fork_Lost_Horse,0726,537,544,46.15508757949753,-114.32818275044636,0.6724113821983337
North_Fork_Lost_Horse,0726,546,497,46.1526597684158,-114.34648792487376,0.9211121797561646
North_Fork_Lost_Horse,0726,517,531,46.16048271523472,-114.33324588379861,0.9440535306930542
North_Fork_Lost_Horse,0726,499,537,46.1653383373982,-114.33090905302065,0.7170318961143494
North_Fork_Lost_Horse,0726,478,530,46.17100322992224,-114.33363535559494,0.5613358020782471
North_Fork_Lost_Horse,0726,508,530,46.16291052631646,-114.33363535559494,0.9254527688026428
North_Fork_Lost_Horse,0726,512,536,46.16183149916902,-114.33129852481697,0.9182896614074707
North_Fork_Lost_Horse,0726,492,515,46.16722663490621,-114.33947743253985,0.7141957879066467
North_Fork_Lost_Horse,0726,531,534,46.15670612021869,-114.33207746840964,0.9620044827461243
North_Fork_Lost_Horse,0726,543,522,46.15346903877638,-114.33675112996556,0.9126514196395874
North_Fork_Lost_Horse,0726,480,534,46.17046371634852,-114.33207746840964,0.5708374977111816
North_Fork_Lost_Horse,0726,499,506,46.1653383373982,-114.3429826787068,0.8299408555030823
North_Fork_Lost_Horse,0726,508,536,46.16291052631646,-114.33129852481697,0.9179812669754028
North_Fork_Lost_Horse,0726,537,504,46.15508757949753,-114.34376162229945,0.9775900840759277
North_Fork_Lost_Horse,0726,521,537,46.15940368808729,-114.33090905302065,0.9149141311645508
North_Fork_Lost_Horse,0726,496,500,46.166147607758774,-114.34531950948477,0.6643214225769043
North_Fork_Lost_Horse,0726,522,527,46.159133931300424,-114.33480377098392,0.9655050039291382
North_Fork_Lost_Horse,0726,547,536,46.15239001162894,-114.33129852481697,0.6575117707252502
North_Fork_Lost_Horse,0726,537,537,46.15508757949753,-114.33090905302065,0.9237042665481567
North_Fork_Lost_Horse,0726,534,517,46.15589684985811,-114.3386984889472,0.9612926840782166
North_Fork_Lost_Horse,0726,483,516,46.169654445987945,-114.33908796074353,0.6259355545043945
North_Fork_Lost_Horse,0726,510,495,46.16237101274274,-114.3472668684664,0.8543851971626282
North_Fork_Lost_Horse,0726,551,489,46.1513109844815,-114.34960369924437,0.6851441860198975
North_Fork_Lost_Horse,0726,503,536,46.164259310250756,-114.33129852481697,0.7115705013275146
North_Fork_Lost_Horse,0726,490,511,46.16776614847993,-114.34103531972517,0.7391234040260315
North_Fork_Lost_Horse,0726,531,507,46.15670612021869,-114.34259320691048,0.9780711531639099
North_Fork_Lost_Horse,0726,484,533,46.16938468920109,-114.33246694020596,0.7445704340934753
North_Fork_Lost_Horse,0726,540,541,46.154278309136956,-114.32935116583533,0.8135112524032593
North_Fork_Lost_Horse,0726,518,492,46.160212958447865,-114.3484352838554,0.8553876280784607
North_Fork_Lost_Horse,0726,507,499,46.163180283103316,-114.34570898128109,0.8467808961868286
North_Fork_Lost_Horse,0726,546,532,46.1526597684158,-114.33285641200229,0.6881261467933655
North_Fork_Lost_Horse,0726,541,489,46.1540085523501,-114.34960369924437,0.9103723168373108
North_Fork_Lost_Horse,0726,544,509,46.153199281989515,-114.34181426331781,0.9204012751579285
North_Fork_Lost_Horse,0726,504,493,46.1639895534639,-114.34804581205907,0.7042645215988159
North_Fork_Lost_Horse,0726,543,481,46.15346903877638,-114.352719473615,0.5359662771224976
North_Fork_Lost_Horse,0726,545,523,46.15292952520266,-114.33636165816924,0.8210082650184631
North_Fork_Lost_Horse,0726,542,533,46.153738795563235,-114.33246694020596,0.9274258613586426
North_Fork_Lost_Horse,0726,532,477,46.15643636343183,-114.35427736080031,0.6166176795959473
North_Fork_Lost_Horse,0726,522,520,46.159133931300424,-114.33753007355821,0.9770345091819763
North_Fork_Lost_Horse,0726,546,518,46.1526597684158,-114.33830901715088,0.8617472648620605
North_Fork_Lost_Horse,0726,524,532,46.158594417726704,-114.33285641200229,0.9590103030204773
North_Fork_Lost_Horse,0726,546,491,46.1526597684158,-114.34882475565172,0.8539355993270874
North_Fork_Lost_Horse,0726,510,532,46.16237101274274,-114.33285641200229,0.9333539605140686
North_Fork_Lost_Horse,0726,531,527,46.15670612021869,-114.33480377098392,0.9773361086845398
North_Fork_Lost_Horse,0726,546,534,46.1526597684158,-114.33207746840964,0.5984833240509033
North_Fork_Lost_Horse,0726,509,491,46.1626407695296,-114.34882475565172,0.8275939226150513
North_Fork_Lost_Horse,0726,506,538,46.16345003989018,-114.33051958122432,0.8705878853797913
North_Fork_Lost_Horse,0726,521,517,46.15940368808729,-114.3386984889472,0.969465970993042
North_Fork_Lost_Horse,0726,528,520,46.15751539057927,-114.33753007355821,0.9742487072944641
North_Fork_Lost_Horse,0726,508,497,46.16291052631646,-114.34648792487376,0.8454391360282898
North_Fork_Lost_Horse,0726,512,541,46.16183149916902,-114.32935116583533,0.8451994061470032
North_Fork_Lost_Horse,0726,544,499,46.153199281989515,-114.34570898128109,0.9478297829627991
North_Fork_Lost_Horse,0726,534,533,46.15589684985811,-114.33246694020596,0.9701693654060364
North_Fork_Lost_Horse,0726,540,505,46.154278309136956,-114.34337215050313,0.9587652087211609
North_Fork_Lost_Horse,0726,552,495,46.15104122769464,-114.3472668684664,0.6788462400436401
North_Fork_Lost_Horse,0726,542,530,46.153738795563235,-114.33363535559494,0.933938205242157
North_Fork_Lost_Horse,0726,479,518,46.170733473135385,-114.33830901715088,0.5043606162071228
North_Fork_Lost_Horse,0726,539,515,46.15454806592381,-114.33947743253985,0.9276324510574341
North_Fork_Lost_Horse,0726,535,542,46.15562709307125,-114.32896169403901,0.8103550672531128
North_Fork_Lost_Horse,0726,522,532,46.159133931300424,-114.33285641200229,0.9467244148254395
North_Fork_Lost_Horse,0726,530,509,46.15697587700555,-114.34181426331781,0.9773089289665222
North_Fork_Lost_Horse,0726,536,525,46.155357336284396,-114.33558271457657,0.9662840962409973
North_Fork_Lost_Horse,0726,493,506,46.16695687811935,-114.3429826787068,0.7860369086265564
North_Fork_Lost_Horse,0726,522,523,46.159133931300424,-114.33636165816924,0.9743403792381287
North_Fork_Lost_Horse,0726,548,508,46.15212025484208,-114.34220373511415,0.8858335614204407
North_Fork_Lost_Horse,0726,537,543,46.15508757949753,-114.32857222224268,0.7375622987747192
North_Fork_Lost_Horse,0726,548,496,46.15212025484208,-114.34687739667008,0.8954613208770752
North_Fork_Lost_Horse,0726,544,532,46.153199281989515,-114.33285641200229,0.8510200381278992
North_Fork_Lost_Horse,0726,545,530,46.15292952520266,-114.33363535559494,0.7584127187728882
North_Fork_Lost_Horse,0726,534,540,46.15589684985811,-114.32974063763166,0.8814849257469177
North_Fork_Lost_Horse,0726,522,480,46.159133931300424,-114.35310894541132,0.7302916646003723
North_Fork_Lost_Horse,0726,524,538,46.158594417726704,-114.33051958122432,0.9006373882293701
North_Fork_Lost_Horse,0726,546,513,46.1526597684158,-114.34025637613252,0.9143195152282715
North_Fork_Lost_Horse,0726,481,535,46.170193959561665,-114.3316879966133,0.5216869115829468
North_Fork_Lost_Horse,0726,483,525,46.169654445987945,-114.33558271457657,0.7053969502449036
North_Fork_Lost_Horse,0726,539,482,46.15454806592381,-114.35233000181867,0.8752691745758057
North_Fork_Lost_Horse,0726,511,489,46.16210125595588,-114.34960369924437,0.8285073637962341
North_Fork_Lost_Horse,0726,499,502,46.1653383373982,-114.34454056589212,0.8205739855766296
North_Fork_Lost_Horse,0726,525,521,46.15832466093985,-114.33714060176189,0.9739853739738464
North_Fork_Lost_Horse,0726,512,489,46.16183149916902,-114.34960369924437,0.8326705098152161
North_Fork_Lost_Horse,0726,514,543,46.1612919855953,-114.32857222224268,0.6572043895721436
North_Fork_Lost_Horse,0726,539,493,46.15454806592381,-114.34804581205907,0.9439194798469543
North_Fork_Lost_Horse,0726,487,524,46.168575418840504,-114.33597218637291,0.7625637054443359
North_Fork_Lost_Horse,0726,549,498,46.15185049805522,-114.34609845307743,0.8960972428321838
North_Fork_Lost_Horse,0726,503,500,46.164259310250756,-114.34531950948477,0.8258391618728638
North_Fork_Lost_Horse,0726,541,485,46.1540085523501,-114.35116158642968,0.884330689907074
North_Fork_Lost_Horse,0726,529,508,46.15724563379241,-114.34220373511415,0.9788030385971069
North_Fork_Lost_Horse,0726,478,526,46.17100322992224,-114.33519324278025,0.5896807909011841
North_Fork_Lost_Horse,0726,523,538,46.15886417451357,-114.33051958122432,0.8946864008903503
North_Fork_Lost_Horse,0726,538,498,46.154817822710676,-114.34609845307743,0.9653488397598267
North_Fork_Lost_Horse,0726,515,522,46.16102222880844,-114.33675112996556,0.9700092673301697
North_Fork_Lost_Horse,0726,528,539,46.15751539057927,-114.330130109428,0.9123284816741943
North_Fork_Lost_Horse,0726,517,520,46.16048271523472,-114.33753007355821,0.9726557731628418
North_Fork_Lost_Horse,0726,525,541,46.15832466093985,-114.32935116583533,0.7040224075317383
North_Fork_Lost_Horse,0726,505,535,46.163719796677036,-114.3316879966133,0.8354192972183228
North_Fork_Lost_Horse,0726,518,523,46.160212958447865,-114.33636165816924,0.9665946960449219
North_Fork_Lost_Horse,0726,540,521,46.154278309136956,-114.33714060176189,0.9387306571006775
North_Fork_Lost_Horse,0726,546,500,46.1526597684158,-114.34531950948477,0.9327991604804993
North_Fork_Lost_Horse,0726,533,482,46.15616660664497,-114.35233000181867,0.8760707974433899
North_Fork_Lost_Horse,0726,480,530,46.17046371634852,-114.33363535559494,0.5422829985618591
North_Fork_Lost_Horse,0726,522,516,46.159133931300424,-114.33908796074353,0.9724453091621399
North_Fork_Lost_Horse,0726,524,478,46.158594417726704,-114.35388788900399,0.6866594552993774
North_Fork_Lost_Horse,0726,539,528,46.15454806592381,-114.3344142991876,0.9491769671440125
North_Fork_Lost_Horse,0726,527,512,46.15778514736613,-114.34064584792884,0.9793955087661743
North_Fork_Lost_Horse,0726,488,516,46.16830566205365,-114.33908796074353,0.7559034824371338
North_Fork_Lost_Horse,0726,552,489,46.15104122769464,-114.34960369924437,0.5999488234519958
North_Fork_Lost_Horse,0726,478,522,46.17100322992224,-114.33675112996556,0.6241838932037354
North_Fork_Lost_Horse,0726,521,527,46.15940368808729,-114.33480377098392,0.963336169719696
North_Fork_Lost_Horse,0726,502,539,46.16452906703761,-114.330130109428,0.5009437799453735
North_Fork_Lost_Horse,0726,534,532,46.15589684985811,-114.33285641200229,0.9685181975364685
North_Fork_Lost_Horse,0726,533,517,46.15616660664497,-114.3386984889472,0.9644870162010193
North_Fork_Lost_Horse,0726,504,544,46.1639895534639,-114.32818275044636,0.5563840270042419
North_Fork_Lost_Horse,0726,527,519,46.15778514736613,-114.33791954535455,0.9746630787849426
North_Fork_Lost_Horse,0726,533,528,46.15616660664497,-114.3344142991876,0.9725501537322998
North_Fork_Lost_Horse,0726,540,501,46.154278309136956,-114.34493003768844,0.9706601500511169
North_Fork_Lost_Horse,0726,515,531,46.16102222880844,-114.33324588379861,0.9273656606674194
North_Fork_Lost_Horse,0726,548,516,46.15212025484208,-114.33908796074353,0.72376549243927
North_Fork_Lost_Horse,0726,543,526,46.15346903877638,-114.33519324278025,0.8954716324806213
North_Fork_Lost_Horse,0726,542,539,46.153738795563235,-114.330130109428,0.8759436011314392
North_Fork_Lost_Horse,0726,551,495,46.1513109844815,-114.3472668684664,0.7274695634841919
North_Fork_Lost_Horse,0726,552,497,46.15104122769464,-114.34648792487376,0.6839032173156738
North_Fork_Lost_Horse,0726,486,520,46.16884517562737,-114.33753007355821,0.6963515281677246
North_Fork_Lost_Horse,0726,547,514,46.15239001162894,-114.33986690433619,0.8860257863998413
North_Fork_Lost_Horse,0726,538,513,46.154817822710676,-114.34025637613252,0.9430164694786072
North_Fork_Lost_Horse,0726,508,501,46.16291052631646,-114.34493003768844,0.8524665236473083
North_Fork_Lost_Horse,0726,535,549,46.15562709307125,-114.32623539146472,0.6407860517501831
North_Fork_Lost_Horse,0726,550,496,46.15158074126836,-114.34687739667008,0.8184632062911987
North_Fork_Lost_Horse,0726,522,517,46.159133931300424,-114.3386984889472,0.9731438159942627
North_Fork_Lost_Horse,0726,502,540,46.16452906703761,-114.32974063763166,0.5019510984420776
North_Fork_Lost_Horse,0726,533,520,46.15616660664497,-114.33753007355821,0.9652359485626221
North_Fork_Lost_Horse,0726,508,498,46.16291052631646,-114.34609845307743,0.8491813540458679
North_Fork_Lost_Horse,0726,512,544,46.16183149916902,-114.32818275044636,0.5843183398246765
North_Fork_Lost_Horse,0726,511,526,46.16210125595588,-114.33519324278025,0.9405487179756165
North_Fork_Lost_Horse,0726,513,484,46.16156174238216,-114.35155105822601,0.5206418037414551
North_Fork_Lost_Horse,0726,530,477,46.15697587700555,-114.35427736080031,0.5580660104751587
North_Fork_Lost_Horse,0726,532,503,46.15643636343183,-114.34415109409579,0.9673258662223816
North_Fork_Lost_Horse,0726,482,535,46.1699242027748,-114.3316879966133,0.6315026879310608
North_Fork_Lost_Horse,0726,523,537,46.15886417451357,-114.33090905302065,0.9208186268806458
North_Fork_Lost_Horse,0726,539,479,46.15454806592381,-114.35349841720765,0.6180550456047058
North_Fork_Lost_Horse,0726,545,541,46.15292952520266,-114.32935116583533,0.5269760489463806
North_Fork_Lost_Horse,0726,526,544,46.15805490415299,-114.32818275044636,0.5191064476966858
North_Fork_Lost_Horse,0726,545,488,46.15292952520266,-114.34999317104071,0.829585075378418
North_Fork_Lost_Horse,0726,475,533,46.17181250028282,-114.33246694020596,0.5177234411239624
North_Fork_Lost_Horse,0726,544,482,46.153199281989515,-114.35233000181867,0.5663644075393677
North_Fork_Lost_Horse,0726,527,532,46.15778514736613,-114.33285641200229,0.9666970372200012
North_Fork_Lost_Horse,0726,516,494,46.160752472021585,-114.34765634026273,0.8551331758499146
North_Fork_Lost_Horse,0726,537,478,46.15508757949753,-114.35388788900399,0.6345478296279907
North_Fork_Lost_Horse,0726,501,502,46.164798823824476,-114.34454056589212,0.8241340517997742
North_Fork_Lost_Horse,0726,546,536,46.1526597684158,-114.33129852481697,0.7181184887886047
North_Fork_Lost_Horse,0726,538,506,46.154817822710676,-114.3429826787068,0.9557157158851624
North_Fork_Lost_Horse,0726,538,492,46.154817822710676,-114.3484352838554,0.9406625628471375
North_Fork_Lost_Horse,0726,523,483,46.15886417451357,-114.35194053002235,0.848347544670105
North_Fork_Lost_Horse,0726,517,522,46.16048271523472,-114.33675112996556,0.971225380897522
North_Fork_Lost_Horse,0726,544,493,46.153199281989515,-114.34804581205907,0.894709587097168
North_Fork_Lost_Horse,0726,537,498,46.15508757949753,-114.34609845307743,0.9634091854095459
North_Fork_Lost_Horse,0726,545,512,46.15292952520266,-114.34064584792884,0.9103103876113892
North_Fork_Lost_Horse,0726,531,481,46.15670612021869,-114.352719473615,0.8100025653839111
North_Fork_Lost_Horse,0726,494,514,46.166687121332494,-114.33986690433619,0.7822777628898621
North_Fork_Lost_Horse,0726,526,525,46.15805490415299,-114.33558271457657,0.9743622541427612
North_Fork_Lost_Horse,0726,501,501,46.164798823824476,-114.34493003768844,0.8223164677619934
North_Fork_Lost_Horse,0726,531,525,46.15670612021869,-114.33558271457657,0.9824931025505066
North_Fork_Lost_Horse,0726,515,485,46.16102222880844,-114.35116158642968,0.8104806542396545
North_Fork_Lost_Horse,0726,505,541,46.163719796677036,-114.32935116583533,0.7743425965309143
North_Fork_Lost_Horse,0726,541,515,46.1540085523501,-114.33947743253985,0.9238820672035217
North_Fork_Lost_Horse,0726,539,500,46.15454806592381,-114.34531950948477,0.9712156057357788
North_Fork_Lost_Horse,0726,540,498,46.154278309136956,-114.34609845307743,0.964103102684021
North_Fork_Lost_Horse,0726,552,500,46.15104122769464,-114.34531950948477,0.5835704207420349
North_Fork_Lost_Horse,0726,543,525,46.15346903877638,-114.33558271457657,0.9022797346115112
North_Fork_Lost_Horse,0726,522,518,46.159133931300424,-114.33830901715088,0.9712033867835999
North_Fork_Lost_Horse,0726,540,535,46.154278309136956,-114.3316879966133,0.9301082491874695
North_Fork_Lost_Horse,0726,535,517,46.15562709307125,-114.3386984889472,0.9517518877983093
North_Fork_Lost_Horse,0726,541,500,46.1540085523501,-114.34531950948477,0.967729926109314
North_Fork_Lost_Horse,0726,528,480,46.15751539057927,-114.35310894541132,0.6752654910087585
North_Fork_Lost_Horse,0726,537,534,46.15508757949753,-114.33207746840964,0.9436376094818115
North_Fork_Lost_Horse,0726,539,489,46.15454806592381,-114.34960369924437,0.9121279120445251
North_Fork_Lost_Horse,0726,541,508,46.1540085523501,-114.34220373511415,0.9434771537780762
North_Fork_Lost_Horse,0726,545,505,46.15292952520266,-114.34337215050313,0.9435157775878906
North_Fork_Lost_Horse,0726,546,537,46.1526597684158,-114.33090905302065,0.7209277749061584
North_Fork_Lost_Horse,0726,484,515,46.16938468920109,-114.33947743253985,0.6249139308929443
North_Fork_Lost_Horse,0726,518,489,46.160212958447865,-114.34960369924437,0.8580853343009949
North_Fork_Lost_Horse,0726,536,515,46.155357336284396,-114.33947743253985,0.9460757970809937
North_Fork_Lost_Horse,0726,539,523,46.15454806592381,-114.33636165816924,0.9472993612289429
North_Fork_Lost_Horse,0726,528,533,46.15751539057927,-114.33246694020596,0.9516288638114929
North_Fork_Lost_Horse,0726,540,528,46.154278309136956,-114.3344142991876,0.940761148929596
North_Fork_Lost_Horse,0726,550,494,46.15158074126836,-114.34765634026273,0.8214119672775269
North_Fork_Lost_Horse,0726,534,479,46.15589684985811,-114.35349841720765,0.6487866044044495
North_Fork_Lost_Horse,0726,551,508,46.1513109844815,-114.34220373511415,0.6119472980499268
North_Fork_Lost_Horse,0726,539,488,46.15454806592381,-114.34999317104071,0.9085820913314819
North_Fork_Lost_Horse,0726,535,508,46.15562709307125,-114.34220373511415,0.9606490135192871
North_Fork_Lost_Horse,0726,521,525,46.15940368808729,-114.33558271457657,0.9665150046348572
North_Fork_Lost_Horse,0726,535,477,46.15562709307125,-114.35427736080031,0.5591790676116943
North_Fork_Lost_Horse,0726,541,538,46.1540085523501,-114.33051958122432,0.893745481967926
North_Fork_Lost_Horse,0726,541,486,46.1540085523501,-114.35077211463336,0.8875440955162048
North_Fork_Lost_Horse,0726,497,506,46.16587785097191,-114.3429826787068,0.8407859802246094
North_Fork_Lost_Horse,0726,545,494,46.15292952520266,-114.34765634026273,0.9001728296279907
North_Fork_Lost_Horse,0726,530,482,46.15697587700555,-114.35233000181867,0.8195443153381348
North_Fork_Lost_Horse,0726,498,505,46.16560809418505,-114.34337215050313,0.8353455662727356
North_Fork_Lost_Horse,0726,492,511,46.16722663490621,-114.34103531972517,0.7875368595123291
North_Fork_Lost_Horse,0726,505,493,46.163719796677036,-114.34804581205907,0.7942011952400208
North_Fork_Lost_Horse,0726,541,494,46.1540085523501,-114.34765634026273,0.9251012802124023
North_Fork_Lost_Horse,0726,513,489,46.16156174238216,-114.34960369924437,0.8311489224433899
North_Fork_Lost_Horse,0726,526,516,46.15805490415299,-114.33908796074353,0.9799659848213196
North_Fork_Lost_Horse,0726,488,510,46.16830566205365,-114.34142479152149,0.6576237678527832
North_Fork_Lost_Horse,0726,518,481,46.160212958447865,-114.352719473615,0.7906365990638733
North_Fork_Lost_Horse,0726,536,514,46.155357336284396,-114.33986690433619,0.9494339227676392
North_Fork_Lost_Horse,0726,539,542,46.15454806592381,-114.32896169403901,0.7750886678695679
North_Fork_Lost_Horse,0726,537,522,46.15508757949753,-114.33675112996556,0.9619224667549133
North_Fork_Lost_Horse,0726,507,544,46.163180283103316,-114.32818275044636,0.6019032597541809
North_Fork_Lost_Horse,0726,489,524,46.16803590526679,-114.33597218637291,0.7506245374679565
North_Fork_Lost_Horse,0726,543,501,46.15346903877638,-114.34493003768844,0.9532104730606079
North_Fork_Lost_Horse,0726,547,487,46.15239001162894,-114.35038264283703,0.7090578079223633
North_Fork_Lost_Horse,0726,522,529,46.159133931300424,-114.33402482739127,0.9618411660194397
North_Fork_Lost_Horse,0726,533,534,46.15616660664497,-114.33207746840964,0.9659980535507202
North_Fork_Lost_Horse,0726,538,478,46.154817822710676,-114.35388788900399,0.6698784232139587
North_Fork_Lost_Horse,0726,542,543,46.153738795563235,-114.32857222224268,0.5697377324104309
North_Fork_Lost_Horse,0726,542,493,46.153738795563235,-114.34804581205907,0.9137587547302246
North_Fork_Lost_Horse,0726,532,483,46.15643636343183,-114.35194053002235,0.890861988067627
North_Fork_Lost_Horse,0726,494,502,46.166687121332494,-114.34454056589212,0.6065283417701721
North_Fork_Lost_Horse,0726,532,523,46.15643636343183,-114.33636165816924,0.9803707599639893
North_Fork_Lost_Horse,0726,541,531,46.1540085523501,-114.33324588379861,0.9371814727783203
North_Fork_Lost_Horse,0726,499,508,46.1653383373982,-114.34220373511415,0.8327784538269043
North_Fork_Lost_Horse,0726,535,500,46.15562709307125,-114.34531950948477,0.9674105644226074
North_Fork_Lost_Horse,0726,544,535,46.153199281989515,-114.3316879966133,0.7575781941413879
North_Fork_Lost_Horse,0726,547,503,46.15239001162894,-114.34415109409579,0.9427260160446167
North_Fork_Lost_Horse,0726,546,540,46.1526597684158,-114.32974063763166,0.5987900495529175
North_Fork_Lost_Horse,0726,495,507,46.16641736454563,-114.34259320691048,0.8192381858825684
North_Fork_Lost_Horse,0726,479,528,46.170733473135385,-114.3344142991876,0.5994168519973755
North_Fork_Lost_Horse,0726,516,528,46.160752472021585,-114.3344142991876,0.9478008151054382
North_Fork_Lost_Horse,0726,530,529,46.15697587700555,-114.33402482739127,0.9795584082603455
North_Fork_Lost_Horse,0726,513,496,46.16156174238216,-114.34687739667008,0.8598207831382751
North_Fork_Lost_Horse,0726,527,516,46.15778514736613,-114.33908796074353,0.9810220003128052
North_Fork_Lost_Horse,0726,523,482,46.15886417451357,-114.35233000181867,0.812752366065979
North_Fork_Lost_Horse,0726,544,516,46.153199281989515,-114.33908796074353,0.90907883644104
North_Fork_Lost_Horse,0726,546,508,46.1526597684158,-114.34220373511415,0.9202389121055603
North_Fork_Lost_Horse,0726,483,528,46.169654445987945,-114.3344142991876,0.7422193288803101
North_Fork_Lost_Horse,0726,517,533,46.16048271523472,-114.33246694020596,0.9320548176765442
North_Fork_Lost_Horse,0726,529,510,46.15724563379241,-114.34142479152149,0.9776158332824707
North_Fork_Lost_Horse,0726,524,482,46.158594417726704,-114.35233000181867,0.82610684633255
North_Fork_Lost_Horse,0726,478,524,46.17100322992224,-114.33597218637291,0.568507730960846
North_Fork_Lost_Horse,0726,528,515,46.15751539057927,-114.33947743253985,0.9775885343551636
North_Fork_Lost_Horse,0726,518,524,46.160212958447865,-114.33597218637291,0.9599456191062927
North_Fork_Lost_Horse,0726,527,524,46.15778514736613,-114.33597218637291,0.9761035442352295
North_Fork_Lost_Horse,0726,542,540,46.153738795563235,-114.32974063763166,0.829695999622345
North_Fork_Lost_Horse,0726,511,531,46.16210125595588,-114.33324588379861,0.9360661506652832
North_Fork_Lost_Horse,0726,540,492,46.154278309136956,-114.3484352838554,0.9327876567840576
North_Fork_Lost_Horse,0726,542,517,46.153738795563235,-114.3386984889472,0.9178241491317749
North_Fork_Lost_Horse,0726,482,527,46.1699242027748,-114.33480377098392,0.6568995118141174
North_Fork_Lost_Horse,0726,549,512,46.15185049805522,-114.34064584792884,0.7465655207633972
North_Fork_Lost_Horse,0726,545,515,46.15292952520266,-114.33947743253985,0.9080935120582581
North_Fork_Lost_Horse,0726,538,527,46.154817822710676,-114.33480377098392,0.9535332322120667
North_Fork_Lost_Horse,0726,479,531,46.170733473135385,-114.33324588379861,0.5030947923660278
North_Fork_Lost_Horse,0726,525,481,46.15832466093985,-114.352719473615,0.7950683236122131
North_Fork_Lost_Horse,0726,544,491,46.153199281989515,-114.34882475565172,0.8880677223205566
North_Fork_Lost_Horse,0726,521,519,46.15940368808729,-114.33791954535455,0.9705896377563477
North_Fork_Lost_Horse,0726,530,505,46.15697587700555,-114.34337215050313,0.9655478000640869
North_Fork_Lost_Horse,0726,520,489,46.159673444874144,-114.34960369924437,0.8629574179649353
North_Fork_Lost_Horse,0726,545,535,46.15292952520266,-114.3316879966133,0.6697424650192261
North_Fork_Lost_Horse,0726,536,536,46.155357336284396,-114.33129852481697,0.9362955093383789
North_Fork_Lost_Horse,0726,531,551,46.15670612021869,-114.32545644787206,0.5182838439941406
North_Fork_Lost_Horse,0726,537,506,46.15508757949753,-114.3429826787068,0.9623027443885803
North_Fork_Lost_Horse,0726,552,501,46.15104122769464,-114.34493003768844,0.5735452771186829
North_Fork_Lost_Horse,0726,545,485,46.15292952520266,-114.35116158642968,0.6899032592773438
North_Fork_Lost_Horse,0726,516,534,46.160752472021585,-114.33207746840964,0.9255211353302002
North_Fork_Lost_Horse,0726,514,533,46.1612919855953,-114.33246694020596,0.9298712611198425
North_Fork_Lost_Horse,0726,545,522,46.15292952520266,-114.33675112996556,0.8554477095603943
North_Fork_Lost_Horse,0726,528,535,46.15751539057927,-114.3316879966133,0.9457284808158875
North_Fork_Lost_Horse,0726,511,529,46.16210125595588,-114.33402482739127,0.9499490261077881
North_Fork_Lost_Horse,0726,551,504,46.1513109844815,-114.34376162229945,0.7268234491348267
North_Fork_Lost_Horse,0726,529,542,46.15724563379241,-114.32896169403901,0.7933688163757324
North_Fork_Lost_Horse,0726,541,511,46.1540085523501,-114.34103531972517,0.9246668219566345
North_Fork_Lost_Horse,0726,506,503,46.16345003989018,-114.34415109409579,0.8421732783317566
North_Fork_Lost_Horse,0726,507,501,46.163180283103316,-114.34493003768844,0.8442220091819763
North_Fork_Lost_Horse,0726,513,542,46.16156174238216,-114.32896169403901,0.8069661259651184
North_Fork_Lost_Horse,0726,542,532,46.153738795563235,-114.33285641200229,0.931369423866272
North_Fork_Lost_Horse,0726,537,484,46.15508757949753,-114.35155105822601,0.9004982113838196
North_Fork_Lost_Horse,0726,550,510,46.15158074126836,-114.34142479152149,0.6319460272789001
North_Fork_Lost_Horse,0726,482,532,46.1699242027748,-114.33285641200229,0.6229458451271057
North_Fork_Lost_Horse,0726,535,536,46.15562709307125,-114.33129852481697,0.9442785382270813
North_Fork_Lost_Horse,0726,543,540,46.15346903877638,-114.32974063763166,0.7971087694168091
North_Fork_Lost_Horse,0726,536,537,46.155357336284396,-114.33090905302065,0.921748697757721
North_Fork_Lost_Horse,0726,525,542,46.15832466093985,-114.32896169403901,0.6436390280723572
North_Fork_Lost_Horse,0726,507,497,46.163180283103316,-114.34648792487376,0.8373258709907532
North_Fork_Lost_Horse,0726,545,526,46.15292952520266,-114.33519324278025,0.7477614879608154
North_Fork_Lost_Horse,0726,473,534,46.17235201385654,-114.33207746840964,0.5887289047241211
North_Fork_Lost_Horse,0726,537,530,46.15508757949753,-114.33363535559494,0.9565844535827637
North_Fork_Lost_Horse,0726,515,537,46.16102222880844,-114.33090905302065,0.9085255265235901
North_Fork_Lost_Horse,0726,489,510,46.16803590526679,-114.34142479152149,0.6809510588645935
North_Fork_Lost_Horse,0726,548,512,46.15212025484208,-114.34064584792884,0.8578699827194214
North_Fork_Lost_Horse,0726,533,537,46.15616660664497,-114.33090905302065,0.9369871020317078
North_Fork_Lost_Horse,0726,521,520,46.15940368808729,-114.33753007355821,0.9764214754104614
North_Fork_Lost_Horse,0726,547,520,46.15239001162894,-114.33753007355821,0.7175345420837402
North_Fork_Lost_Horse,0726,507,532,46.163180283103316,-114.33285641200229,0.9167923331260681
North_Fork_Lost_Horse,0726,488,525,46.16830566205365,-114.33558271457657,0.7666780948638916
North_Fork_Lost_Horse,0726,529,512,46.15724563379241,-114.34064584792884,0.9808105826377869
North_Fork_Lost_Horse,0726,473,535,46.17235201385654,-114.3316879966133,0.5251963138580322
North_Fork_Lost_Horse,0726,533,522,46.15616660664497,-114.33675112996556,0.9762291312217712
North_Fork_Lost_Horse,0726,545,496,46.15292952520266,-114.34687739667008,0.9238097667694092
North_Fork_Lost_Horse,0726,546,505,46.1526597684158,-114.34337215050313,0.9371294975280762
North_Fork_Lost_Horse,0726,499,501,46.1653383373982,-114.34493003768844,0.8111825585365295
North_Fork_Lost_Horse,0726,525,526,46.15832466093985,-114.33519324278025,0.967972993850708
North_Fork_Lost_Horse,0726,525,533,46.15832466093985,-114.33246694020596,0.9569387435913086
North_Fork_Lost_Horse,0726,485,538,46.169114932414224,-114.33051958122432,0.5355224013328552
North_Fork_Lost_Horse,0726,526,531,46.15805490415299,-114.33324588379861,0.9671852588653564
North_Fork_Lost_Horse,0726,487,523,46.168575418840504,-114.33636165816924,0.7214300036430359
North_Fork_Lost_Horse,0726,519,486,46.159943201661,-114.35077211463336,0.8526536226272583
North_Fork_Lost_Horse,0726,538,532,46.154817822710676,-114.33285641200229,0.9455191493034363
North_Fork_Lost_Horse,0726,497,508,46.16587785097191,-114.34220373511415,0.8190719485282898
North_Fork_Lost_Horse,0726,483,518,46.169654445987945,-114.33830901715088,0.6946777105331421
North_Fork_Lost_Horse,0726,539,503,46.15454806592381,-114.34415109409579,0.9745045304298401
North_Fork_Lost_Horse,0726,542,531,46.153738795563235,-114.33324588379861,0.9337745904922485
North_Fork_Lost_Horse,0726,513,538,46.16156174238216,-114.33051958122432,0.8831322193145752
North_Fork_Lost_Horse,0726,538,495,46.154817822710676,-114.3472668684664,0.9553573131561279
North_Fork_Lost_Horse,0726,534,511,46.15589684985811,-114.34103531972517,0.9477006793022156
North_Fork_Lost_Horse,0726,490,510,46.16776614847993,-114.34142479152149,0.7479208707809448
North_Fork_Lost_Horse,0726,530,531,46.15697587700555,-114.33324588379861,0.9683803915977478
North_Fork_Lost_Horse,0726,537,482,46.15508757949753,-114.35233000181867,0.8801883459091187
North_Fork_Lost_Horse,0726,540,527,46.154278309136956,-114.33480377098392,0.9387566447257996
North_Fork_Lost_Horse,0726,517,535,46.16048271523472,-114.3316879966133,0.9249484539031982
North_Fork_Lost_Horse,0726,538,537,46.154817822710676,-114.33090905302065,0.930234432220459
North_Fork_Lost_Horse,0726,532,535,46.15643636343183,-114.3316879966133,0.9606828689575195
North_Fork_Lost_Horse,0726,520,525,46.159673444874144,-114.33558271457657,0.9648938179016113
North_Fork_Lost_Horse,0726,485,527,46.169114932414224,-114.33480377098392,0.737910270690918
North_Fork_Lost_Horse,0726,490,514,46.16776614847993,-114.33986690433619,0.7689855694770813
North_Fork_Lost_Horse,0726,549,507,46.15185049805522,-114.34259320691048,0.8489654660224915
North_Fork_Lost_Horse,0726,551,503,46.1513109844815,-114.34415109409579,0.7391242384910583
North_Fork_Lost_Horse,0726,528,545,46.15751539057927,-114.32779327865002,0.5371434092521667
North_Fork_Lost_Horse,0726,509,543,46.1626407695296,-114.32857222224268,0.6707082986831665
North_Fork_Lost_Horse,0726,537,546,46.15508757949753,-114.3274038068537,0.6548160910606384
North_Fork_Lost_Horse,0726,534,534,46.15589684985811,-114.33207746840964,0.9657557606697083
North_Fork_Lost_Horse,0726,537,529,46.15508757949753,-114.33402482739127,0.9575863480567932
North_Fork_Lost_Horse,0726,547,499,46.15239001162894,-114.34570898128109,0.9251172542572021
North_Fork_Lost_Horse,0726,486,511,46.16884517562737,-114.34103531972517,0.5651187300682068
North_Fork_Lost_Horse,0726,484,519,46.16938468920109,-114.33791954535455,0.6851418018341064
North_Fork_Lost_Horse,0726,513,544,46.16156174238216,-114.32818275044636,0.5208935737609863
North_Fork_Lost_Horse,0726,508,495,46.16291052631646,-114.3472668684664,0.8400858044624329
North_Fork_Lost_Horse,0726,504,494,46.1639895534639,-114.34765634026273,0.8064725995063782
North_Fork_Lost_Horse,0726,500,499,46.16506858061133,-114.34570898128109,0.8076748847961426
North_Fork_Lost_Horse,0726,537,508,46.15508757949753,-114.34220373511415,0.9562910795211792
North_Fork_Lost_Horse,0726,536,497,46.155357336284396,-114.34648792487376,0.9679228067398071
North_Fork_Lost_Horse,0726,494,512,46.166687121332494,-114.34064584792884,0.7824025750160217
North_Fork_Lost_Horse,0726,526,537,46.15805490415299,-114.33090905302065,0.9200226664543152
North_Fork_Lost_Horse,0726,500,506,46.16506858061133,-114.3429826787068,0.8304265141487122
North_Fork_Lost_Horse,0726,508,545,46.16291052631646,-114.32779327865002,0.5326654314994812
North_Fork_Lost_Horse,0726,539,521,46.15454806592381,-114.33714060176189,0.9466902613639832
North_Fork_Lost_Horse,0726,548,504,46.15212025484208,-114.34376162229945,0.9327670335769653
North_Fork_Lost_Horse,0726,489,517,46.16803590526679,-114.3386984889472,0.7154850959777832
North_Fork_Lost_Horse,0726,532,533,46.15643636343183,-114.33246694020596,0.9663246273994446
North_Fork_Lost_Horse,0726,533,476,46.15616660664497,-114.35466683259664,0.5712296962738037
North_Fork_Lost_Horse,0726,510,542,46.16237101274274,-114.32896169403901,0.7977402210235596
North_Fork_Lost_Horse,0726,518,542,46.160212958447865,-114.32896169403901,0.6700816750526428
North_Fork_Lost_Horse,0726,482,533,46.1699242027748,-114.33246694020596,0.6714090704917908
North_Fork_Lost_Horse,0726,513,535,46.16156174238216,-114.3316879966133,0.9253342151641846
North_Fork_Lost_Horse,0726,535,524,46.15562709307125,-114.33597218637291,0.9758133292198181
North_Fork_Lost_Horse,0726,543,487,46.15346903877638,-114.35038264283703,0.8450890779495239
North_Fork_Lost_Horse,0726,517,493,46.16048271523472,-114.34804581205907,0.8550196886062622
North_Fork_Lost_Horse,0726,541,530,46.1540085523501,-114.33363535559494,0.9368373155593872
North_Fork_Lost_Horse,0726,485,532,46.169114932414224,-114.33285641200229,0.7634689211845398
North_Fork_Lost_Horse,0726,487,522,46.168575418840504,-114.33675112996556,0.6990364789962769
North_Fork_Lost_Horse,0726,519,531,46.159943201661,-114.33324588379861,0.9367103576660156
North_Fork_Lost_Horse,0726,538,483,46.154817822710676,-114.35194053002235,0.8915992379188538
North_Fork_Lost_Horse,0726,527,533,46.15778514736613,-114.33246694020596,0.9609046578407288
North_Fork_Lost_Horse,0726,550,501,46.15158074126836,-114.34493003768844,0.8663880228996277
North_Fork_Lost_Horse,0726,482,528,46.1699242027748,-114.3344142991876,0.6389337182044983
North_Fork_Lost_Horse,0726,515,528,46.16102222880844,-114.3344142991876,0.9504594206809998
North_Fork_Lost_Horse,0726,486,523,46.16884517562737,-114.33636165816924,0.6935200095176697
North_Fork_Lost_Horse,0726,532,508,46.15643636343183,-114.34220373511415,0.9767467379570007
North_Fork_Lost_Horse,0726,479,530,46.170733473135385,-114.33363535559494,0.518540620803833
North_Fork_Lost_Horse,0726,509,498,46.1626407695296,-114.34609845307743,0.854157567024231
North_Fork_Lost_Horse,0726,521,529,46.15940368808729,-114.33402482739127,0.9573891758918762
North_Fork_Lost_Horse,0726,481,517,46.170193959561665,-114.3386984889472,0.5203992128372192
North_Fork_Lost_Horse,0726,531,523,46.15670612021869,-114.33636165816924,0.9770681262016296
North_Fork_Lost_Horse,0726,549,493,46.15185049805522,-114.34804581205907,0.8457075357437134
North_Fork_Lost_Horse,0726,528,509,46.15751539057927,-114.34181426331781,0.9794214367866516
North_Fork_Lost_Horse,0726,524,525,46.158594417726704,-114.33558271457657,0.9666248559951782
North_Fork_Lost_Horse,0726,538,503,46.154817822710676,-114.34415109409579,0.978663980960846
North_Fork_Lost_Horse,0726,530,527,46.15697587700555,-114.33480377098392,0.9798063039779663
North_Fork_Lost_Horse,0726,492,517,46.16722663490621,-114.3386984889472,0.7406988143920898
North_Fork_Lost_Horse,0726,534,501,46.15589684985811,-114.34493003768844,0.9652658104896545
North_Fork_Lost_Horse,0726,481,533,46.170193959561665,-114.33246694020596,0.5209301114082336
North_Fork_Lost_Horse,0726,505,536,46.163719796677036,-114.33129852481697,0.8036520481109619
North_Fork_Lost_Horse,0726,479,519,46.170733473135385,-114.33791954535455,0.5618610382080078
North_Fork_Lost_Horse,0726,536,510,46.155357336284396,-114.34142479152149,0.9476146697998047
North_Fork_Lost_Horse,0726,543,498,46.15346903877638,-114.34609845307743,0.9516091346740723
North_Fork_Lost_Horse,0726,494,507,46.166687121332494,-114.34259320691048,0.8057339787483215
North_Fork_Lost_Horse,0726,528,511,46.15751539057927,-114.34103531972517,0.9788715243339539
North_Fork_Lost_Horse,0726,517,485,46.16048271523472,-114.35116158642968,0.8404815196990967
North_Fork_Lost_Horse,0726,525,527,46.15832466093985,-114.33480377098392,0.9666047692298889
North_Fork_Lost_Horse,0726,516,535,46.160752472021585,-114.3316879966133,0.9233720898628235
North_Fork_Lost_Horse,0726,511,536,46.16210125595588,-114.33129852481697,0.9113301038742065
North_Fork_Lost_Horse,0726,503,542,46.164259310250756,-114.32896169403901,0.5247079133987427
North_Fork_Lost_Horse,0726,544,539,46.153199281989515,-114.330130109428,0.759659469127655
North_Fork_Lost_Horse,0726,548,515,46.15212025484208,-114.33947743253985,0.7429831624031067
North_Fork_Lost_Horse,0726,523,485,46.15886417451357,-114.35116158642968,0.8521891832351685
North_Fork_Lost_Horse,0726,530,516,46.15697587700555,-114.33908796074353,0.975006639957428
North_Fork_Lost_Horse,0726,480,522,46.17046371634852,-114.33675112996556,0.6275002956390381
North_Fork_Lost_Horse,0726,534,541,46.15589684985811,-114.32935116583533,0.8732705116271973
North_Fork_Lost_Horse,0726,517,541,46.16048271523472,-114.32935116583533,0.7993146181106567
North_Fork_Lost_Horse,0726,495,508,46.16641736454563,-114.34220373511415,0.8205511569976807
North_Fork_Lost_Horse,0726,516,542,46.160752472021585,-114.32896169403901,0.7719540596008301
North_Fork_Lost_Horse,0726,520,523,46.159673444874144,-114.33636165816924,0.9713990092277527
North_Fork_Lost_Horse,0726,518,532,46.160212958447865,-114.33285641200229,0.9349331259727478
North_Fork_Lost_Horse,0726,487,525,46.168575418840504,-114.33558271457657,0.7766705751419067
North_Fork_Lost_Horse,0726,526,523,46.15805490415299,-114.33636165816924,0.9713590145111084
North_Fork_Lost_Horse,0726,543,485,46.15346903877638,-114.35116158642968,0.8172553777694702
North_Fork_Lost_Horse,0726,508,540,46.16291052631646,-114.32974063763166,0.8617618680000305
North_Fork_Lost_Horse,0726,527,538,46.15778514736613,-114.33051958122432,0.8896443247795105
North_Fork_Lost_Horse,0726,526,521,46.15805490415299,-114.33714060176189,0.9744616746902466
North_Fork_Lost_Horse,0726,533,541,46.15616660664497,-114.32935116583533,0.8422198295593262
North_Fork_Lost_Horse,0726,534,543,46.15589684985811,-114.32857222224268,0.7705689072608948
North_Fork_Lost_Horse,0726,520,485,46.159673444874144,-114.35116158642968,0.8222749829292297
North_Fork_Lost_Horse,0726,537,545,46.15508757949753,-114.32779327865002,0.6545028686523438
North_Fork_Lost_Horse,0726,541,506,46.1540085523501,-114.3429826787068,0.9535324573516846
North_Fork_Lost_Horse,0726,496,506,46.166147607758774,-114.3429826787068,0.8263803124427795
North_Fork_Lost_Horse,0726,540,542,46.154278309136956,-114.32896169403901,0.7560153007507324
North_Fork_Lost_Horse,0726,540,513,46.154278309136956,-114.34025637613252,0.9262006282806396
North_Fork_Lost_Horse,0726,532,536,46.15643636343183,-114.33129852481697,0.9580106735229492
North_Fork_Lost_Horse,0726,534,504,46.15589684985811,-114.34376162229945,0.9785916805267334
North_Fork_Lost_Horse,0726,526,534,46.15805490415299,-114.33207746840964,0.9588831067085266
North_Fork_Lost_Horse,0726,528,542,46.15751539057927,-114.32896169403901,0.7484422922134399
North_Fork_Lost_Horse,0726,544,502,46.153199281989515,-114.34454056589212,0.954871416091919
North_Fork_Lost_Horse,0726,471,533,46.17289152743026,-114.33246694020596,0.5007684230804443
North_Fork_Lost_Horse,0726,550,511,46.15158074126836,-114.34103531972517,0.5408077239990234
North_Fork_Lost_Horse,0726,512,530,46.16183149916902,-114.33363535559494,0.9417683482170105
North_Fork_Lost_Horse,0726,545,487,46.15292952520266,-114.35038264283703,0.8049352169036865
North_Fork_Lost_Horse,0726,491,505,46.16749639169307,-114.34337215050313,0.5979925394058228
North_Fork_Lost_Horse,0726,520,524,46.159673444874144,-114.33597218637291,0.9696890115737915
North_Fork_Lost_Horse,0726,534,525,46.15589684985811,-114.33558271457657,0.9782229065895081
North_Fork_Lost_Horse,0726,515,539,46.16102222880844,-114.330130109428,0.9007108807563782
North_Fork_Lost_Horse,0726,515,483,46.16102222880844,-114.35194053002235,0.753840982913971
North_Fork_Lost_Horse,0726,547,512,46.15239001162894,-114.34064584792884,0.90152508020401
North_Fork_Lost_Horse,0726,514,540,46.1612919855953,-114.32974063763166,0.8819283246994019
North_Fork_Lost_Horse,0726,547,507,46.15239001162894,-114.34259320691048,0.9188743233680725
North_Fork_Lost_Horse,0726,486,525,46.16884517562737,-114.33558271457657,0.7543569803237915
North_Fork_Lost_Horse,0726,529,546,46.15724563379241,-114.3274038068537,0.6130065321922302
North_Fork_Lost_Horse,0726,532,530,46.15643636343183,-114.33363535559494,0.9666845798492432
North_Fork_Lost_Horse,0726,527,482,46.15778514736613,-114.35233000181867,0.7866954207420349
North_Fork_Lost_Horse,0726,532,482,46.15643636343183,-114.35233000181867,0.8685855865478516
North_Fork_Lost_Horse,0726,510,538,46.16237101274274,-114.33051958122432,0.8962502479553223
North_Fork_Lost_Horse,0726,530,530,46.15697587700555,-114.33363535559494,0.9761002063751221
North_Fork_Lost_Horse,0726,512,493,46.16183149916902,-114.34804581205907,0.8486539721488953
North_Fork_Lost_Horse,0726,546,527,46.1526597684158,-114.33480377098392,0.6365183591842651
North_Fork_Lost_Horse,0726,516,481,46.160752472021585,-114.352719473615,0.6083419919013977
North_Fork_Lost_Horse,0726,526,518,46.15805490415299,-114.33830901715088,0.9778590202331543
North_Fork_Lost_Horse,0726,501,505,46.164798823824476,-114.34337215050313,0.8289036750793457
North_Fork_Lost_Horse,0726,512,490,46.16183149916902,-114.34921422744804,0.8322964906692505
North_Fork_Lost_Horse,0726,533,511,46.15616660664497,-114.34103531972517,0.956906795501709
North_Fork_Lost_Horse,0726,552,503,46.15104122769464,-114.34415109409579,0.5072245597839355
North_Fork_Lost_Horse,0726,514,489,46.1612919855953,-114.34960369924437,0.8300368785858154
North_Fork_Lost_Horse,0726,490,507,46.16776614847993,-114.34259320691048,0.6462533473968506
North_Fork_Lost_Horse,0726,528,483,46.15751539057927,-114.35194053002235,0.8066027760505676
North_Fork_Lost_Horse,0726,540,514,46.154278309136956,-114.33986690433619,0.9235252737998962
North_Fork_Lost_Horse,0726,532,476,46.15643636343183,-114.35466683259664,0.571632981300354
North_Fork_Lost_Horse,0726,520,534,46.159673444874144,-114.33207746840964,0.9287465810775757
North_Fork_Lost_Horse,0726,527,537,46.15778514736613,-114.33090905302065,0.922593891620636
North_Fork_Lost_Horse,0726,520,530,46.159673444874144,-114.33363535559494,0.9433571100234985
North_Fork_Lost_Horse,0726,523,536,46.15886417451357,-114.33129852481697,0.9408735036849976
North_Fork_Lost_Horse,0726,482,529,46.1699242027748,-114.33402482739127,0.6678878664970398
North_Fork_Lost_Horse,0726,533,479,46.15616660664497,-114.35349841720765,0.6534871459007263
North_Fork_Lost_Horse,0726,521,523,46.15940368808729,-114.33636165816924,0.9722638130187988
North_Fork_Lost_Horse,0726,516,487,46.160752472021585,-114.35038264283703,0.8308169841766357
North_Fork_Lost_Horse,0726,541,526,46.1540085523501,-114.33519324278025,0.9314215183258057
North_Fork_Lost_Horse,0726,529,483,46.15724563379241,-114.35194053002235,0.8274513483047485
North_Fork_Lost_Horse,0726,520,518,46.159673444874144,-114.33830901715088,0.9676122665405273
North_Fork_Lost_Horse,0726,541,533,46.1540085523501,-114.33246694020596,0.9321532249450684
North_Fork_Lost_Horse,0726,505,533,46.163719796677036,-114.33246694020596,0.8600913286209106
North_Fork_Lost_Horse,0726,526,536,46.15805490415299,-114.33129852481697,0.9285616874694824
North_Fork_Lost_Horse,0726,479,527,46.170733473135385,-114.33480377098392,0.6268401145935059
North_Fork_Lost_Horse,0726,532,506,46.15643636343183,-114.3429826787068,0.9779022932052612
North_Fork_Lost_Horse,0726,520,526,46.159673444874144,-114.33519324278025,0.956258237361908
North_Fork_Lost_Horse,0726,525,535,46.15832466093985,-114.3316879966133,0.9504099488258362
North_Fork_Lost_Horse,0726,546,529,46.1526597684158,-114.33402482739127,0.6721877455711365
North_Fork_Lost_Horse,0726,526,524,46.15805490415299,-114.33597218637291,0.9721819758415222
North_Fork_Lost_Horse,0726,488,515,46.16830566205365,-114.33947743253985,0.7508780360221863
North_Fork_Lost_Horse,0726,525,479,46.15832466093985,-114.35349841720765,0.6587235927581787
North_Fork_Lost_Horse,0726,539,530,46.15454806592381,-114.33363535559494,0.9459030032157898
North_Fork_Lost_Horse,0726,516,493,46.160752472021585,-114.34804581205907,0.8498600125312805
North_Fork_Lost_Horse,0726,551,492,46.1513109844815,-114.3484352838554,0.7665953636169434
North_Fork_Lost_Horse,0726,519,488,46.159943201661,-114.34999317104071,0.8555800318717957
North_Fork_Lost_Horse,0726,480,526,46.17046371634852,-114.33519324278025,0.6240893006324768
North_Fork_Lost_Horse,0726,542,538,46.153738795563235,-114.33051958122432,0.8959328532218933
North_Fork_Lost_Horse,0726,507,541,46.163180283103316,-114.32935116583533,0.869281530380249
North_Fork_Lost_Horse,0726,528,524,46.15751539057927,-114.33597218637291,0.9728289842605591
North_Fork_Lost_Horse,0726,529,536,46.15724563379241,-114.33129852481697,0.9416075944900513
North_Fork_Lost_Horse,0726,538,484,46.154817822710676,-114.35155105822601,0.8946683406829834
North_Fork_Lost_Horse,0726,507,500,46.163180283103316,-114.34531950948477,0.8418936133384705
North_Fork_Lost_Horse,0726,550,508,46.15158074126836,-114.34220373511415,0.7528377175331116
North_Fork_Lost_Horse,0726,537,540,46.15508757949753,-114.32974063763166,0.8462169766426086
North_Fork_Lost_Horse,0726,544,525,46.153199281989515,-114.33558271457657,0.8603547811508179
North_Fork_Lost_Horse,0726,508,490,46.16291052631646,-114.34921422744804,0.770081639289856
North_Fork_Lost_Horse,0726,483,522,46.169654445987945,-114.33675112996556,0.566902756690979
North_Fork_Lost_Horse,0726,536,518,46.155357336284396,-114.33830901715088,0.9393590688705444
North_Fork_Lost_Horse,0726,541,519,46.1540085523501,-114.33791954535455,0.9188439846038818
North_Fork_Lost_Horse,0726,493,505,46.16695687811935,-114.34337215050313,0.766369104385376
North_Fork_Lost_Horse,0726,551,507,46.1513109844815,-114.34259320691048,0.6974256038665771
North_Fork_Lost_Horse,0726,524,534,46.158594417726704,-114.33207746840964,0.9488345384597778
North_Fork_Lost_Horse,0726,534,505,46.15589684985811,-114.34337215050313,0.9777132868766785
North_Fork_Lost_Horse,0726,526,483,46.15805490415299,-114.35194053002235,0.8255460262298584
North_Fork_Lost_Horse,0726,514,541,46.1612919855953,-114.32935116583533,0.8511216640472412
North_Fork_Lost_Horse,0726,490,519,46.16776614847993,-114.33791954535455,0.7312174439430237
North_Fork_Lost_Horse,0726,485,514,46.169114932414224,-114.33986690433619,0.642792820930481
North_Fork_Lost_Horse,0726,532,475,46.15643636343183,-114.35505630439296,0.5584017634391785
North_Fork_Lost_Horse,0726,480,535,46.17046371634852,-114.3316879966133,0.5268305540084839
North_Fork_Lost_Horse,0726,530,535,46.15697587700555,-114.3316879966133,0.9570602774620056
North_Fork_Lost_Horse,0726,507,539,46.163180283103316,-114.330130109428,0.8763465881347656
North_Fork_Lost_Horse,0726,484,512,46.16938468920109,-114.34064584792884,0.523152768611908
North_Fork_Lost_Horse,0726,538,490,46.154817822710676,-114.34921422744804,0.9226197004318237
North_Fork_Lost_Horse,0726,548,539,46.15212025484208,-114.330130109428,0.5431708097457886
North_Fork_Lost_Horse,0726,549,500,46.15185049805522,-114.34531950948477,0.9041454195976257
North_Fork_Lost_Horse,0726,483,537,46.169654445987945,-114.33090905302065,0.5758463740348816
North_Fork_Lost_Horse,0726,531,515,46.15670612021869,-114.33947743253985,0.9720554947853088
North_Fork_Lost_Horse,0726,515,524,46.16102222880844,-114.33597218637291,0.9663105010986328
North_Fork_Lost_Horse,0726,527,520,46.15778514736613,-114.33753007355821,0.9742215275764465
North_Fork_Lost_Horse,0726,506,534,46.16345003989018,-114.33207746840964,0.8877813816070557
North_Fork_Lost_Horse,0726,501,538,46.164798823824476,-114.33051958122432,0.5618429183959961
North_Fork_Lost_Horse,0726,510,535,46.16237101274274,-114.3316879966133,0.910028874874115
North_Fork_Lost_Horse,0726,525,536,46.15832466093985,-114.33129852481697,0.9315850138664246
North_Fork_Lost_Horse,0726,518,528,46.160212958447865,-114.3344142991876,0.9443749189376831
North_Fork_Lost_Horse,0726,546,512,46.1526597684158,-114.34064584792884,0.9131759405136108
North_Fork_Lost_Horse,0726,547,488,46.15239001162894,-114.34999317104071,0.8110395073890686
North_Fork_Lost_Horse,0726,524,539,46.158594417726704,-114.330130109428,0.8640358448028564
North_Fork_Lost_Horse,0726,530,518,46.15697587700555,-114.33830901715088,0.9736301302909851
North_Fork_Lost_Horse,0726,482,519,46.1699242027748,-114.33791954535455,0.6500533223152161
North_Fork_Lost_Horse,0726,519,481,46.159943201661,-114.352719473615,0.7553341388702393
North_Fork_Lost_Horse,0726,491,515,46.16749639169307,-114.33947743253985,0.7111731171607971
North_Fork_Lost_Horse,0726,522,526,46.159133931300424,-114.33519324278025,0.9650909304618835
North_Fork_Lost_Horse,0726,531,504,46.15670612021869,-114.34376162229945,0.9647443294525146
North_Fork_Lost_Horse,0726,526,527,46.15805490415299,-114.33480377098392,0.9684776663780212
North_Fork_Lost_Horse,0726,512,486,46.16183149916902,-114.35077211463336,0.6380339860916138
North_Fork_Lost_Horse,0726,534,513,46.15589684985811,-114.34025637613252,0.9543477296829224
North_Fork_Lost_Horse,0726,493,513,46.16695687811935,-114.34025637613252,0.7679468989372253
North_Fork_Lost_Horse,0726,519,530,46.159943201661,-114.33363535559494,0.9449051022529602
North_Fork_Lost_Horse,0726,520,479,46.159673444874144,-114.35349841720765,0.5068761110305786
North_Fork_Lost_Horse,0726,541,480,46.1540085523501,-114.35310894541132,0.578561007976532
North_Fork_Lost_Horse,0726,516,543,46.160752472021585,-114.32857222224268,0.6092278957366943
North_Fork_Lost_Horse,0726,526,484,46.15805490415299,-114.35155105822601,0.8515080213546753
North_Fork_Lost_Horse,0726,521,536,46.15940368808729,-114.33129852481697,0.929770827293396
North_Fork_Lost_Horse,0726,523,542,46.15886417451357,-114.32896169403901,0.5326343178749084
North_Fork_Lost_Horse,0726,522,534,46.159133931300424,-114.33207746840964,0.9478534460067749
North_Fork_Lost_Horse,0726,509,499,46.1626407695296,-114.34570898128109,0.8587731122970581
North_Fork_Lost_Horse,0726,542,513,46.153738795563235,-114.34025637613252,0.9218254089355469
North_Fork_Lost_Horse,0726,531,521,46.15670612021869,-114.33714060176189,0.9777692556381226
North_Fork_Lost_Horse,0726,525,515,46.15832466093985,-114.33947743253985,0.9787893891334534
North_Fork_Lost_Horse,0726,481,522,46.170193959561665,-114.33675112996556,0.5778754949569702
North_Fork_Lost_Horse,0726,524,528,46.158594417726704,-114.3344142991876,0.9624902606010437
North_Fork_Lost_Horse,0726,536,481,46.155357336284396,-114.352719473615,0.8415132761001587
North_Fork_Lost_Horse,0726,541,522,46.1540085523501,-114.33675112996556,0.9323140978813171
North_Fork_Lost_Horse,0726,543,505,46.15346903877638,-114.34337215050313,0.9532567262649536
North_Fork_Lost_Horse,0726,479,523,46.170733473135385,-114.33636165816924,0.629464328289032
North_Fork_Lost_Horse,0726,538,497,46.154817822710676,-114.34648792487376,0.9621557593345642
North_Fork_Lost_Horse,0726,501,499,46.164798823824476,-114.34570898128109,0.8199012279510498
North_Fork_Lost_Horse,0726,492,509,46.16722663490621,-114.34181426331781,0.7697532773017883
North_Fork_Lost_Horse,0726,546,530,46.1526597684158,-114.33363535559494,0.628269374370575
North_Fork_Lost_Horse,0726,519,528,46.159943201661,-114.3344142991876,0.9540656805038452
North_Fork_Lost_Horse,0726,523,518,46.15886417451357,-114.33830901715088,0.9759451150894165
North_Fork_Lost_Horse,0726,549,501,46.15185049805522,-114.34493003768844,0.9053964614868164
North_Fork_Lost_Horse,0726,529,532,46.15724563379241,-114.33285641200229,0.9583275318145752
North_Fork_Lost_Horse,0726,529,547,46.15724563379241,-114.32701433505737,0.5469382405281067
North_Fork_Lost_Horse,0726,510,531,46.16237101274274,-114.33324588379861,0.9341930150985718
North_Fork_Lost_Horse,0726,537,483,46.15508757949753,-114.35194053002235,0.894683837890625
North_Fork_Lost_Horse,0726,533,531,46.15616660664497,-114.33324588379861,0.9695556163787842
North_Fork_Lost_Horse,0726,504,543,46.1639895534639,-114.32857222224268,0.6377587914466858
North_Fork_Lost_Horse,0726,513,543,46.16156174238216,-114.32857222224268,0.6756199598312378
North_Fork_Lost_Horse,0726,506,544,46.16345003989018,-114.32818275044636,0.5819136500358582
North_Fork_Lost_Horse,0726,502,535,46.16452906703761,-114.3316879966133,0.6798824667930603
North_Fork_Lost_Horse,0726,540,539,46.154278309136956,-114.330130109428,0.8815494775772095
North_Fork_Lost_Horse,0726,508,533,46.16291052631646,-114.33246694020596,0.9090299010276794
North_Fork_Lost_Horse,0726,484,531,46.16938468920109,-114.33324588379861,0.7276687622070312
North_Fork_Lost_Horse,0726,477,530,46.1712729867091,-114.33363535559494,0.5025354623794556
North_Fork_Lost_Horse,0726,553,494,46.150771470907785,-114.34765634026273,0.5054464936256409
North_Fork_Lost_Horse,0726,539,524,46.15454806592381,-114.33597218637291,0.94879549741745
North_Fork_Lost_Horse,0726,491,506,46.16749639169307,-114.3429826787068,0.6673868298530579
North_Fork_Lost_Horse,0726,518,541,46.160212958447865,-114.32935116583533,0.7909781336784363
North_Fork_Lost_Horse,0726,496,508,46.166147607758774,-114.34220373511415,0.8243263363838196
North_Fork_Lost_Horse,0726,502,504,46.16452906703761,-114.34376162229945,0.8295958638191223
North_Fork_Lost_Horse,0726,546,485,46.1526597684158,-114.35116158642968,0.617590069770813
North_Fork_Lost_Horse,0726,539,544,46.15454806592381,-114.32818275044636,0.6404297947883606
North_Fork_Lost_Horse,0726,546,503,46.1526597684158,-114.34415109409579,0.947604775428772
North_Fork_Lost_Horse,0726,489,521,46.16803590526679,-114.33714060176189,0.7090826034545898
North_Fork_Lost_Horse,0726,549,492,46.15185049805522,-114.3484352838554,0.8466381430625916
North_Fork_Lost_Horse,0726,507,537,46.163180283103316,-114.33090905302065,0.8939017057418823
North_Fork_Lost_Horse,0726,536,528,46.155357336284396,-114.3344142991876,0.9603310823440552
North_Fork_Lost_Horse,0726,530,549,46.15697587700555,-114.32623539146472,0.5917060375213623
North_Fork_Lost_Horse,0726,474,533,46.17208225706968,-114.33246694020596,0.5668759346008301
North_Fork_Lost_Horse,0726,502,502,46.16452906703761,-114.34454056589212,0.8285524249076843
North_Fork_Lost_Horse,0726,522,482,46.159133931300424,-114.35233000181867,0.7834400534629822
North_Fork_Lost_Horse,0726,539,518,46.15454806592381,-114.33830901715088,0.9436419010162354
North_Fork_Lost_Horse,0726,525,530,46.15832466093985,-114.33363535559494,0.9672592878341675
North_Fork_Lost_Horse,0726,540,487,46.154278309136956,-114.35038264283703,0.8996561169624329
North_Fork_Lost_Horse,0726,538,534,46.154817822710676,-114.33207746840964,0.9435000419616699
North_Fork_Lost_Horse,0726,521,481,46.15940368808729,-114.352719473615,0.7671539187431335
North_Fork_Lost_Horse,0726,496,509,46.166147607758774,-114.34181426331781,0.8123982548713684
North_Fork_Lost_Horse,0726,530,553,46.15697587700555,-114.3246775042794,0.5093238949775696
North_Fork_Lost_Horse,0726,535,514,46.15562709307125,-114.33986690433619,0.9538408517837524
North_Fork_Lost_Horse,0726,524,486,46.158594417726704,-114.35077211463336,0.8698448538780212
North_Fork_Lost_Horse,0726,542,482,46.153738795563235,-114.35233000181867,0.7526944279670715
North_Fork_Lost_Horse,0726,526,529,46.15805490415299,-114.33402482739127,0.9717352390289307
North_Fork_Lost_Horse,0726,541,495,46.1540085523501,-114.3472668684664,0.9234246611595154
North_Fork_Lost_Horse,0726,519,523,46.159943201661,-114.33636165816924,0.9660629034042358
North_Fork_Lost_Horse,0726,540,531,46.154278309136956,-114.33324588379861,0.9405056238174438
North_Fork_Lost_Horse,0726,489,513,46.16803590526679,-114.34025637613252,0.73795485496521
North_Fork_Lost_Horse,0726,525,522,46.15832466093985,-114.33675112996556,0.9739542007446289
North_Fork_Lost_Horse,0726,526,522,46.15805490415299,-114.33675112996556,0.9734633564949036
North_Fork_Lost_Horse,0726,525,475,46.15832466093985,-114.35505630439296,0.5423268675804138
North_Fork_Lost_Horse,0726,542,494,46.153738795563235,-114.34765634026273,0.9079506993293762
North_Fork_Lost_Horse,0726,537,548,46.15508757949753,-114.32662486326105,0.5015603303909302
North_Fork_Lost_Horse,0726,512,532,46.16183149916902,-114.33285641200229,0.9342776536941528
North_Fork_Lost_Horse,0726,544,511,46.153199281989515,-114.34103531972517,0.9126406311988831
North_Fork_Lost_Horse,0726,517,526,46.16048271523472,-114.33519324278025,0.9566022157669067
North_Fork_Lost_Horse,0726,550,491,46.15158074126836,-114.34882475565172,0.8109387159347534
North_Fork_Lost_Horse,0726,516,489,46.160752472021585,-114.34960369924437,0.846789538860321
North_Fork_Lost_Horse,0726,523,532,46.15886417451357,-114.33285641200229,0.95529705286026
North_Fork_Lost_Horse,0726,519,524,46.159943201661,-114.33597218637291,0.9673376679420471
North_Fork_Lost_Horse,0726,501,537,46.164798823824476,-114.33090905302065,0.6203435063362122
North_Fork_Lost_Horse,0726,529,479,46.15724563379241,-114.35349841720765,0.6355350017547607
North_Fork_Lost_Horse,0726,540,488,46.154278309136956,-114.34999317104071,0.898490846157074
North_Fork_Lost_Horse,0726,536,519,46.155357336284396,-114.33791954535455,0.9483742117881775
North_Fork_Lost_Horse,0726,519,518,46.159943201661,-114.33830901715088,0.9698346853256226
North_Fork_Lost_Horse,0726,536,506,46.155357336284396,-114.3429826787068,0.9713537693023682
North_Fork_Lost_Horse,0726,492,512,46.16722663490621,-114.34064584792884,0.8019387722015381
North_Fork_Lost_Horse,0726,546,523,46.1526597684158,-114.33636165816924,0.7556423544883728
North_Fork_Lost_Horse,0726,511,534,46.16210125595588,-114.33207746840964,0.9264539480209351
North_Fork_Lost_Horse,0726,498,509,46.16560809418505,-114.34181426331781,0.8253574967384338
North_Fork_Lost_Horse,0726,532,543,46.15643636343183,-114.32857222224268,0.7621463537216187
North_Fork_Lost_Horse,0726,516,540,46.160752472021585,-114.32974063763166,0.8409308195114136
North_Fork_Lost_Horse,0726,537,539,46.15508757949753,-114.330130109428,0.8880545496940613
North_Fork_Lost_Horse,0726,542,500,46.153738795563235,-114.34531950948477,0.9628007411956787
North_Fork_Lost_Horse,0726,503,538,46.164259310250756,-114.33051958122432,0.6350539922714233
North_Fork_Lost_Horse,0726,483,526,46.169654445987945,-114.33519324278025,0.7249426245689392
North_Fork_Lost_Horse,0726,528,547,46.15751539057927,-114.32701433505737,0.5422284007072449
North_Fork_Lost_Horse,0726,549,508,46.15185049805522,-114.34220373511415,0.8285746574401855
North_Fork_Lost_Horse,0726,496,512,46.166147607758774,-114.34064584792884,0.8061391711235046
North_Fork_Lost_Horse,0726,540,493,46.154278309136956,-114.34804581205907,0.9396200776100159
North_Fork_Lost_Horse,0726,546,538,46.1526597684158,-114.33051958122432,0.7262107729911804
North_Fork_Lost_Horse,0726,481,534,46.170193959561665,-114.33207746840964,0.6013579368591309
North_Fork_Lost_Horse,0726,527,521,46.15778514736613,-114.33714060176189,0.9751170873641968
North_Fork_Lost_Horse,0726,542,523,46.153738795563235,-114.33636165816924,0.9274221062660217
North_Fork_Lost_Horse,0726,483,529,46.169654445987945,-114.33402482739127,0.7350345253944397
North_Fork_Lost_Horse,0726,524,543,46.158594417726704,-114.32857222224268,0.5248563885688782
North_Fork_Lost_Horse,0726,494,506,46.166687121332494,-114.3429826787068,0.803765058517456
North_Fork_Lost_Horse,0726,529,527,46.15724563379241,-114.33480377098392,0.978995144367218
North_Fork_Lost_Horse,0726,531,543,46.15670612021869,-114.32857222224268,0.7365683913230896
North_Fork_Lost_Horse,0726,517,528,46.16048271523472,-114.3344142991876,0.9511190056800842
North_Fork_Lost_Horse,0726,517,491,46.16048271523472,-114.34882475565172,0.8597888350486755
North_Fork_Lost_Horse,0726,536,477,46.155357336284396,-114.35427736080031,0.5660642981529236
North_Fork_Lost_Horse,0726,530,523,46.15697587700555,-114.33636165816924,0.9763556122779846
North_Fork_Lost_Horse,0726,545,486,46.15292952520266,-114.35077211463336,0.7710644602775574
North_Fork_Lost_Horse,0726,527,523,46.15778514736613,-114.33636165816924,0.9726040363311768
North_Fork_Lost_Horse,0726,508,538,46.16291052631646,-114.33051958122432,0.8861159086227417
North_Fork_Lost_Horse,0726,520,541,46.159673444874144,-114.32935116583533,0.6578187942504883
North_Fork_Lost_Horse,0726,474,530,46.17208225706968,-114.33363535559494,0.5594984889030457
North_Fork_Lost_Horse,0726,544,540,46.153199281989515,-114.32974063763166,0.7323020696640015
North_Fork_Lost_Horse,0726,550,509,46.15158074126836,-114.34181426331781,0.7042117118835449
North_Fork_Lost_Horse,0726,517,538,46.16048271523472,-114.33051958122432,0.8944613933563232
North_Fork_Lost_Horse,0726,537,519,46.15508757949753,-114.33791954535455,0.9481860399246216
North_Fork_Lost_Horse,0726,498,498,46.16560809418505,-114.34609845307743,0.6153295040130615
North_Fork_Lost_Horse,0726,514,526,46.1612919855953,-114.33519324278025,0.9624946117401123
North_Fork_Lost_Horse,0726,514,528,46.1612919855953,-114.3344142991876,0.9532337188720703
North_Fork_Lost_Horse,0726,548,499,46.15212025484208,-114.34570898128109,0.9167999625205994
North_Fork_Lost_Horse,0726,510,492,46.16237101274274,-114.3484352838554,0.8301432132720947
North_Fork_Lost_Horse,0726,538,511,46.154817822710676,-114.34103531972517,0.9454513788223267
North_Fork_Lost_Horse,0726,547,518,46.15239001162894,-114.33830901715088,0.8031872510910034
North_Fork_Lost_Horse,0726,492,510,46.16722663490621,-114.34142479152149,0.7702518105506897
North_Fork_Lost_Horse,0726,546,531,46.1526597684158,-114.33324588379861,0.6411982774734497
North_Fork_Lost_Horse,0726,485,516,46.169114932414224,-114.33908796074353,0.6851984858512878
North_Fork_Lost_Horse,0726,538,488,46.154817822710676,-114.34999317104071,0.9148600101470947
North_Fork_Lost_Horse,0726,534,535,46.15589684985811,-114.3316879966133,0.9580587148666382
North_Fork_Lost_Horse,0726,543,517,46.15346903877638,-114.3386984889472,0.9114813804626465
North_Fork_Lost_Horse,0726,529,511,46.15724563379241,-114.34103531972517,0.9786198735237122
North_Fork_Lost_Horse,0726,503,497,46.164259310250756,-114.34648792487376,0.8240838050842285
North_Fork_Lost_Horse,0726,519,522,46.159943201661,-114.33675112996556,0.9723017811775208
North_Fork_Lost_Horse,0726,548,520,46.15212025484208,-114.33753007355821,0.5443319082260132
North_Fork_Lost_Horse,0726,497,538,46.16587785097191,-114.33051958122432,0.5927240252494812
North_Fork_Lost_Horse,0726,519,542,46.159943201661,-114.32896169403901,0.5471629500389099
North_Fork_Lost_Horse,0726,550,489,46.15158074126836,-114.34960369924437,0.6919260025024414
North_Fork_Lost_Horse,0726,527,484,46.15778514736613,-114.35155105822601,0.8401790857315063
North_Fork_Lost_Horse,0726,482,538,46.1699242027748,-114.33051958122432,0.5651623606681824
North_Fork_Lost_Horse,0726,490,512,46.16776614847993,-114.34064584792884,0.7448415756225586
North_Fork_Lost_Horse,0726,530,548,46.15697587700555,-114.32662486326105,0.55754154920578
North_Fork_Lost_Horse,0726,537,501,46.15508757949753,-114.34493003768844,0.9759575724601746
North_Fork_Lost_Horse,0726,513,493,46.16156174238216,-114.34804581205907,0.8471294641494751
North_Fork_Lost_Horse,0726,518,491,46.160212958447865,-114.34882475565172,0.8589494228363037
North_Fork_Lost_Horse,0726,529,518,46.15724563379241,-114.33830901715088,0.9732532501220703
North_Fork_Lost_Horse,0726,509,494,46.1626407695296,-114.34765634026273,0.8394663333892822
North_Fork_Lost_Horse,0726,504,535,46.1639895534639,-114.3316879966133,0.7995608448982239
North_Fork_Lost_Horse,0726,540,522,46.154278309136956,-114.33675112996556,0.9420332312583923
North_Fork_Lost_Horse,0726,541,539,46.1540085523501,-114.330130109428,0.8833314776420593
North_Fork_Lost_Horse,0726,540,506,46.154278309136956,-114.3429826787068,0.9573397040367126
North_Fork_Lost_Horse,0726,500,498,46.16506858061133,-114.34609845307743,0.7871034145355225
North_Fork_Lost_Horse,0726,500,538,46.16506858061133,-114.33051958122432,0.5925781726837158
North_Fork_Lost_Horse,0726,538,507,46.154817822710676,-114.34259320691048,0.9552998542785645
North_Fork_Lost_Horse,0726,479,520,46.170733473135385,-114.33753007355821,0.6084500551223755
North_Fork_Lost_Horse,0726,523,535,46.15886417451357,-114.3316879966133,0.9455393552780151
North_Fork_Lost_Horse,0726,528,541,46.15751539057927,-114.32935116583533,0.7702978849411011
North_Fork_Lost_Horse,0726,543,493,46.15346903877638,-114.34804581205907,0.8997393846511841
North_Fork_Lost_Horse,0726,544,515,46.153199281989515,-114.33947743253985,0.9089580774307251
North_Fork_Lost_Horse,0726,538,531,46.154817822710676,-114.33324588379861,0.9484838843345642
North_Fork_Lost_Horse,0726,520,486,46.159673444874144,-114.35077211463336,0.8439037203788757
North_Fork_Lost_Horse,0726,524,487,46.158594417726704,-114.35038264283703,0.8581503033638
North_Fork_Lost_Horse,0726,530,545,46.15697587700555,-114.32779327865002,0.6993892192840576
North_Fork_Lost_Horse,0726,520,490,46.159673444874144,-114.34921422744804,0.8686996102333069
North_Fork_Lost_Horse,0726,546,489,46.1526597684158,-114.34960369924437,0.8266520500183105
North_Fork_Lost_Horse,0726,527,522,46.15778514736613,-114.33675112996556,0.9750171899795532
North_Fork_Lost_Horse,0726,544,528,46.153199281989515,-114.3344142991876,0.8412327170372009
North_Fork_Lost_Horse,0726,542,485,46.153738795563235,-114.35116158642968,0.8514761924743652
North_Fork_Lost_Horse,0726,533,533,46.15616660664497,-114.33246694020596,0.9647632241249084
North_Fork_Lost_Horse,0726,540,526,46.154278309136956,-114.33519324278025,0.9381803274154663
North_Fork_Lost_Horse,0726,509,490,46.1626407695296,-114.34921422744804,0.8121423721313477
North_Fork_Lost_Horse,0726,544,510,46.153199281989515,-114.34142479152149,0.9128926992416382
North_Fork_Lost_Horse,0726,551,501,46.1513109844815,-114.34493003768844,0.7691420912742615
North_Fork_Lost_Horse,0726,485,526,46.169114932414224,-114.33519324278025,0.7429888248443604
North_Fork_Lost_Horse,0726,475,530,46.17181250028282,-114.33363535559494,0.5329137444496155
North_Fork_Lost_Horse,0726,513,490,46.16156174238216,-114.34921422744804,0.8330700993537903
North_Fork_Lost_Horse,0726,533,538,46.15616660664497,-114.33051958122432,0.9373751282691956
North_Fork_Lost_Horse,0726,524,520,46.158594417726704,-114.33753007355821,0.9778608679771423
North_Fork_Lost_Horse,0726,531,530,46.15670612021869,-114.33363535559494,0.9708009958267212
North_Fork_Lost_Horse,0726,521,524,46.15940368808729,-114.33597218637291,0.9715455174446106
North_Fork_Lost_Horse,0726,543,499,46.15346903877638,-114.34570898128109,0.9571859240531921
North_Fork_Lost_Horse,0726,515,533,46.16102222880844,-114.33246694020596,0.9313793182373047
North_Fork_Lost_Horse,0726,545,518,46.15292952520266,-114.33830901715088,0.8711903095245361
North_Fork_Lost_Horse,0726,536,527,46.155357336284396,-114.33480377098392,0.958224892616272
North_Fork_Lost_Horse,0726,535,540,46.15562709307125,-114.32974063763166,0.8979631066322327
North_Fork_Lost_Horse,0726,540,483,46.154278309136956,-114.35194053002235,0.8807306885719299
North_Fork_Lost_Horse,0726,542,497,46.153738795563235,-114.34648792487376,0.9501964449882507
North_Fork_Lost_Horse,0726,523,528,46.15886417451357,-114.3344142991876,0.9652968645095825
North_Fork_Lost_Horse,0726,520,521,46.159673444874144,-114.33714060176189,0.9754654169082642
North_Fork_Lost_Horse,0726,487,509,46.168575418840504,-114.34181426331781,0.5787906646728516
North_Fork_Lost_Horse,0726,488,509,46.16830566205365,-114.34181426331781,0.6315876841545105
North_Fork_Lost_Horse,0726,536,500,46.155357336284396,-114.34531950948477,0.9676544070243835
North_Fork_Lost_Horse,0726,523,487,46.15886417451357,-114.35038264283703,0.8659277558326721
North_Fork_Lost_Horse,0726,526,526,46.15805490415299,-114.33519324278025,0.9714697599411011
North_Fork_Lost_Horse,0726,508,529,46.16291052631646,-114.33402482739127,0.9278788566589355
North_Fork_Lost_Horse,0726,506,533,46.16345003989018,-114.33246694020596,0.9019542336463928
North_Fork_Lost_Horse,0726,524,533,46.158594417726704,-114.33246694020596,0.9568013548851013
North_Fork_Lost_Horse,0726,506,541,46.16345003989018,-114.32935116583533,0.8668162226676941
North_Fork_Lost_Horse,0726,515,491,46.16102222880844,-114.34882475565172,0.8506876826286316
North_Fork_Lost_Horse,0726,531,516,46.15670612021869,-114.33908796074353,0.9753748774528503
North_Fork_Lost_Horse,0726,538,526,46.154817822710676,-114.33519324278025,0.9515274167060852
North_Fork_Lost_Horse,0726,484,529,46.16938468920109,-114.33402482739127,0.7061980366706848
North_Fork_Lost_Horse,0726,534,515,46.15589684985811,-114.33947743253985,0.9568700790405273
North_Fork_Lost_Horse,0726,528,513,46.15751539057927,-114.34025637613252,0.9817888736724854
North_Fork_Lost_Horse,0726,515,489,46.16102222880844,-114.34960369924437,0.8318248987197876
North_Fork_Lost_Horse,0726,542,518,46.153738795563235,-114.33830901715088,0.9152652025222778
North_Fork_Lost_Horse,0726,518,522,46.160212958447865,-114.33675112996556,0.9706330299377441
North_Fork_Lost_Horse,0726,547,532,46.15239001162894,-114.33285641200229,0.5060559511184692
North_Fork_Lost_Horse,0726,479,525,46.170733473135385,-114.33558271457657,0.5673934817314148
North_Fork_Lost_Horse,0726,508,489,46.16291052631646,-114.34960369924437,0.5947821736335754
North_Fork_Lost_Horse,0726,541,505,46.1540085523501,-114.34337215050313,0.9589536786079407
North_Fork_Lost_Horse,0726,506,494,46.16345003989018,-114.34765634026273,0.821414589881897
North_Fork_Lost_Horse,0726,516,536,46.160752472021585,-114.33129852481697,0.9162945747375488
North_Fork_Lost_Horse,0726,484,528,46.16938468920109,-114.3344142991876,0.745100736618042
North_Fork_Lost_Horse,0726,518,536,46.160212958447865,-114.33129852481697,0.9084340333938599
North_Fork_Lost_Horse,0726,531,526,46.15670612021869,-114.33519324278025,0.9799284934997559
North_Fork_Lost_Horse,0726,551,493,46.1513109844815,-114.34804581205907,0.7378844022750854
North_Fork_Lost_Horse,0726,525,539,46.15832466093985,-114.330130109428,0.8400121927261353
North_Fork_Lost_Horse,0726,516,484,46.160752472021585,-114.35155105822601,0.8114401698112488
North_Fork_Lost_Horse,0726,475,531,46.17181250028282,-114.33324588379861,0.5240055322647095
North_Fork_Lost_Horse,0726,531,531,46.15670612021869,-114.33324588379861,0.9631446599960327
North_Fork_Lost_Horse,0726,514,531,46.1612919855953,-114.33324588379861,0.9314302802085876
North_Fork_Lost_Horse,0726,481,528,46.170193959561665,-114.3344142991876,0.532210111618042
North_Fork_Lost_Horse,0726,523,531,46.15886417451357,-114.33324588379861,0.9517382979393005
North_Fork_Lost_Horse,0726,521,486,46.15940368808729,-114.35077211463336,0.8444567918777466
North_Fork_Lost_Horse,0726,540,509,46.154278309136956,-114.34181426331781,0.9440975785255432
North_Fork_Lost_Horse,0726,510,527,46.16237101274274,-114.33480377098392,0.9333443641662598
North_Fork_Lost_Horse,0726,530,512,46.15697587700555,-114.34064584792884,0.9787699580192566
North_Fork_Lost_Horse,0726,472,533,46.1726217706434,-114.33246694020596,0.5154193043708801
North_Fork_Lost_Horse,0726,521,539,46.15940368808729,-114.330130109428,0.8664694428443909
North_Fork_Lost_Horse,0726,485,519,46.169114932414224,-114.33791954535455,0.7228017449378967
North_Fork_Lost_Horse,0726,539,484,46.15454806592381,-114.35155105822601,0.8898124098777771
North_Fork_Lost_Horse,0726,539,495,46.15454806592381,-114.3472668684664,0.953982949256897
North_Fork_Lost_Horse,0726,480,531,46.17046371634852,-114.33324588379861,0.5267189741134644
North_Fork_Lost_Horse,0726,528,512,46.15751539057927,-114.34064584792884,0.9794666171073914
North_Fork_Lost_Horse,0726,541,529,46.1540085523501,-114.33402482739127,0.9356861710548401
North_Fork_Lost_Horse,0726,493,504,46.16695687811935,-114.34376162229945,0.7351453900337219
North_Fork_Lost_Horse,0726,550,492,46.15158074126836,-114.3484352838554,0.8288751840591431
North_Fork_Lost_Horse,0726,534,512,46.15589684985811,-114.34064584792884,0.9490522146224976
North_Fork_Lost_Horse,0726,541,516,46.1540085523501,-114.33908796074353,0.9286808967590332
North_Fork_Lost_Horse,0726,541,484,46.1540085523501,-114.35155105822601,0.8703694939613342
North_Fork_Lost_Horse,0726,480,519,46.17046371634852,-114.33791954535455,0.6046340465545654
North_Fork_Lost_Horse,0726,523,533,46.15886417451357,-114.33246694020596,0.9539033770561218
North_Fork_Lost_Horse,0726,521,531,46.15940368808729,-114.33324588379861,0.9481982588768005
North_Fork_Lost_Horse,0726,552,491,46.15104122769464,-114.34882475565172,0.5861790776252747
North_Fork_Lost_Horse,0726,494,503,46.166687121332494,-114.34415109409579,0.7327558398246765
North_Fork_Lost_Horse,0726,486,527,46.16884517562737,-114.33480377098392,0.768516480922699
North_Fork_Lost_Horse,0726,508,542,46.16291052631646,-114.32896169403901,0.7650043964385986
North_Fork_Lost_Horse,0726,527,531,46.15778514736613,-114.33324588379861,0.9643991589546204
North_Fork_Lost_Horse,0726,484,526,46.16938468920109,-114.33519324278025,0.7467365264892578
North_Fork_Lost_Horse,0726,546,506,46.1526597684158,-114.3429826787068,0.9284438490867615
North_Fork_Lost_Horse,0726,517,488,46.16048271523472,-114.34999317104071,0.8459601998329163
North_Fork_Lost_Horse,0726,508,534,46.16291052631646,-114.33207746840964,0.918752908706665
North_Fork_Lost_Horse,0726,495,506,46.16641736454563,-114.3429826787068,0.8091205358505249
North_Fork_Lost_Horse,0726,540,491,46.154278309136956,-114.34882475565172,0.9301619529724121
North_Fork_Lost_Horse,0726,516,482,46.160752472021585,-114.35233000181867,0.752838671207428
North_Fork_Lost_Horse,0726,532,532,46.15643636343183,-114.33285641200229,0.9695173501968384
North_Fork_Lost_Horse,0726,529,478,46.15724563379241,-114.35388788900399,0.5913248658180237
North_Fork_Lost_Horse,0726,506,498,46.16345003989018,-114.34609845307743,0.8380919098854065
North_Fork_Lost_Horse,0726,535,507,46.15562709307125,-114.34259320691048,0.9704127907752991
North_Fork_Lost_Horse,0726,491,516,46.16749639169307,-114.33908796074353,0.7248302102088928
North_Fork_Lost_Horse,0726,510,539,46.16237101274274,-114.330130109428,0.8438942432403564
North_Fork_Lost_Horse,0726,536,501,46.155357336284396,-114.34493003768844,0.9728462100028992
North_Fork_Lost_Horse,0726,525,531,46.15832466093985,-114.33324588379861,0.966368556022644
North_Fork_Lost_Horse,0726,482,523,46.1699242027748,-114.33636165816924,0.5127063989639282
North_Fork_Lost_Horse,0726,550,504,46.15158074126836,-114.34376162229945,0.8409610986709595
North_Fork_Lost_Horse,0726,530,532,46.15697587700555,-114.33285641200229,0.9569886922836304
North_Fork_Lost_Horse,0726,529,537,46.15724563379241,-114.33090905302065,0.9317348003387451
North_Fork_Lost_Horse,0726,538,535,46.154817822710676,-114.3316879966133,0.9387048482894897
North_Fork_Lost_Horse,0726,522,521,46.159133931300424,-114.33714060176189,0.9785264134407043
North_Fork_Lost_Horse,0726,536,539,46.155357336284396,-114.330130109428,0.905113160610199
North_Fork_Lost_Horse,0726,538,512,46.154817822710676,-114.34064584792884,0.9454281330108643
North_Fork_Lost_Horse,0726,531,510,46.15670612021869,-114.34142479152149,0.9812629818916321
North_Fork_Lost_Horse,0726,511,532,46.16210125595588,-114.33285641200229,0.9441185593605042
North_Fork_Lost_Horse,0726,529,509,46.15724563379241,-114.34181426331781,0.9797898530960083
North_Fork_Lost_Horse,0726,523,480,46.15886417451357,-114.35310894541132,0.7561511993408203
North_Fork_Lost_Horse,0726,493,514,46.16695687811935,-114.33986690433619,0.7618896961212158
North_Fork_Lost_Horse,0726,537,479,46.15508757949753,-114.35349841720765,0.6947015523910522
North_Fork_Lost_Horse,0726,532,478,46.15643636343183,-114.35388788900399,0.651637852191925
North_Fork_Lost_Horse,0726,527,480,46.15778514736613,-114.35310894541132,0.706193208694458
North_Fork_Lost_Horse,0726,533,551,46.15616660664497,-114.32545644787206,0.5826159715652466
North_Fork_Lost_Horse,0726,529,535,46.15724563379241,-114.3316879966133,0.9517950415611267
North_Fork_Lost_Horse,0726,474,531,46.17208225706968,-114.33324588379861,0.5446272492408752
North_Fork_Lost_Horse,0726,492,507,46.16722663490621,-114.34259320691048,0.7582851052284241
North_Fork_Lost_Horse,0726,540,497,46.154278309136956,-114.34648792487376,0.9564886093139648
North_Fork_Lost_Horse,0726,534,537,46.15589684985811,-114.33090905302065,0.9450881481170654
North_Fork_Lost_Horse,0726,524,481,46.158594417726704,-114.352719473615,0.8003786206245422
North_Fork_Lost_Horse,0726,539,538,46.15454806592381,-114.33051958122432,0.8877415657043457
North_Fork_Lost_Horse,0726,543,541,46.15346903877638,-114.32935116583533,0.7235446572303772
North_Fork_Lost_Horse,0726,522,479,46.159133931300424,-114.35349841720765,0.5902193784713745
North_Fork_Lost_Horse,0726,534,478,46.15589684985811,-114.35388788900399,0.6037406921386719
North_Fork_Lost_Horse,0726,546,486,46.1526597684158,-114.35077211463336,0.6893944144248962
North_Fork_Lost_Horse,0726,532,511,46.15643636343183,-114.34103531972517,0.9677680134773254
North_Fork_Lost_Horse,0726,509,544,46.1626407695296,-114.32818275044636,0.6058593392372131
North_Fork_Lost_Horse,0726,507,534,46.163180283103316,-114.33207746840964,0.900123655796051
North_Fork_Lost_Horse,0726,509,492,46.1626407695296,-114.3484352838554,0.8248312473297119
North_Fork_Lost_Horse,0726,535,482,46.15562709307125,-114.35233000181867,0.8851746320724487
North_Fork_Lost_Horse,0726,542,484,46.153738795563235,-114.35155105822601,0.8446868658065796
North_Fork_Lost_Horse,0726,545,490,46.15292952520266,-114.34921422744804,0.8565387725830078
North_Fork_Lost_Horse,0726,541,493,46.1540085523501,-114.34804581205907,0.9303377866744995
North_Fork_Lost_Horse,0726,530,536,46.15697587700555,-114.33129852481697,0.9498477578163147
North_Fork_Lost_Horse,0726,543,523,46.15346903877638,-114.33636165816924,0.9117305278778076
North_Fork_Lost_Horse,0726,509,488,46.1626407695296,-114.34999317104071,0.5149093270301819
North_Fork_Lost_Horse,0726,517,521,46.16048271523472,-114.33714060176189,0.9720845818519592
North_Fork_Lost_Horse,0726,507,531,46.163180283103316,-114.33324588379861,0.9141337275505066
North_Fork_Lost_Horse,0726,506,501,46.16345003989018,-114.34493003768844,0.8393036723136902
North_Fork_Lost_Horse,0726,489,508,46.16803590526679,-114.34220373511415,0.6168487071990967
North_Fork_Lost_Horse,0726,514,486,46.1612919855953,-114.35077211463336,0.8097755312919617
North_Fork_Lost_Horse,0726,494,504,46.166687121332494,-114.34376162229945,0.7759599685668945
North_Fork_Lost_Horse,0726,545,502,46.15292952520266,-114.34454056589212,0.9482698440551758
North_Fork_Lost_Horse,0726,471,534,46.17289152743026,-114.33207746840964,0.5177474617958069
North_Fork_Lost_Horse,0726,515,493,46.16102222880844,-114.34804581205907,0.8433429598808289
North_Fork_Lost_Horse,0726,544,496,46.153199281989515,-114.34687739667008,0.9270577430725098
North_Fork_Lost_Horse,0726,537,535,46.15508757949753,-114.3316879966133,0.9394323825836182
North_Fork_Lost_Horse,0726,530,515,46.15697587700555,-114.33947743253985,0.9728668928146362
North_Fork_Lost_Horse,0726,535,530,46.15562709307125,-114.33363535559494,0.9667385816574097
North_Fork_Lost_Horse,0726,505,500,46.163719796677036,-114.34531950948477,0.8383419513702393
North_Fork_Lost_Horse,0726,517,484,46.16048271523472,-114.35155105822601,0.8369212746620178
North_Fork_Lost_Horse,0726,535,509,46.15562709307125,-114.34181426331781,0.9528220295906067
North_Fork_Lost_Horse,0726,514,525,46.1612919855953,-114.33558271457657,0.9678137898445129
North_Fork_Lost_Horse,0726,536,533,46.155357336284396,-114.33246694020596,0.9529942870140076
North_Fork_Lost_Horse,0726,542,481,46.153738795563235,-114.352719473615,0.6170559525489807
North_Fork_Lost_Horse,0726,528,519,46.15751539057927,-114.33791954535455,0.9741747379302979
North_Fork_Lost_Horse,0726,478,529,46.17100322992224,-114.33402482739127,0.5475269556045532
North_Fork_Lost_Horse,0726,521,530,46.15940368808729,-114.33363535559494,0.953782320022583
North_Fork_Lost_Horse,0726,524,518,46.158594417726704,-114.33830901715088,0.9723740816116333
North_Fork_Lost_Horse,0726,531,524,46.15670612021869,-114.33597218637291,0.9827979803085327
North_Fork_Lost_Horse,0726,540,486,46.154278309136956,-114.35077211463336,0.9008826613426208
North_Fork_Lost_Horse,0726,533,521,46.15616660664497,-114.33714060176189,0.9702714085578918
North_Fork_Lost_Horse,0726,493,508,46.16695687811935,-114.34220373511415,0.7985963225364685
North_Fork_Lost_Horse,0726,533,542,46.15616660664497,-114.32896169403901,0.8238281011581421
North_Fork_Lost_Horse,0726,529,544,46.15724563379241,-114.32818275044636,0.647423505783081
North_Fork_Lost_Horse,0726,525,482,46.15832466093985,-114.35233000181867,0.8227513432502747
North_Fork_Lost_Horse,0726,539,513,46.15454806592381,-114.34025637613252,0.9340572357177734
North_Fork_Lost_Horse,0726,515,482,46.16102222880844,-114.35233000181867,0.6044263243675232
North_Fork_Lost_Horse,0726,537,525,46.15508757949753,-114.33558271457657,0.955207109451294
North_Fork_Lost_Horse,0726,531,549,46.15670612021869,-114.32623539146472,0.6063752174377441
North_Fork_Lost_Horse,0726,518,525,46.160212958447865,-114.33558271457657,0.9629701375961304
North_Fork_Lost_Horse,0726,517,490,46.16048271523472,-114.34921422744804,0.8580285906791687
North_Fork_Lost_Horse,0726,535,533,46.15562709307125,-114.33246694020596,0.9647064208984375
North_Fork_Lost_Horse,0726,528,534,46.15751539057927,-114.33207746840964,0.939243733882904
North_Fork_Lost_Horse,0726,524,521,46.158594417726704,-114.33714060176189,0.9766762852668762
North_Fork_Lost_Horse,0726,486,517,46.16884517562737,-114.3386984889472,0.7241884469985962
North_Fork_Lost_Horse,0726,532,545,46.15643636343183,-114.32779327865002,0.6624759435653687
North_Fork_Lost_Horse,0726,520,522,46.159673444874144,-114.33675112996556,0.9716750383377075
North_Fork_Lost_Horse,0726,543,484,46.15346903877638,-114.35155105822601,0.8210161924362183
North_Fork_Lost_Horse,0726,531,552,46.15670612021869,-114.32506697607573,0.541155993938446
North_Fork_Lost_Horse,0726,487,520,46.168575418840504,-114.33753007355821,0.703629195690155
North_Fork_Lost_Horse,0726,501,496,46.164798823824476,-114.34687739667008,0.7277555465698242
North_Fork_Lost_Horse,0726,529,516,46.15724563379241,-114.33908796074353,0.9768089056015015
North_Fork_Lost_Horse,0726,518,533,46.160212958447865,-114.33246694020596,0.9367988705635071
North_Fork_Lost_Horse,0726,521,522,46.15940368808729,-114.33675112996556,0.976256787776947
North_Fork_Lost_Horse,0726,512,497,46.16183149916902,-114.34648792487376,0.8609044551849365
North_Fork_Lost_Horse,0726,511,492,46.16210125595588,-114.3484352838554,0.8380463123321533
North_Fork_Lost_Horse,0726,505,495,46.163719796677036,-114.3472668684664,0.8225222229957581
North_Fork_Lost_Horse,0726,543,511,46.15346903877638,-114.34103531972517,0.9123048782348633
North_Fork_Lost_Horse,0726,522,483,46.159133931300424,-114.35194053002235,0.8170880079269409
North_Fork_Lost_Horse,0726,547,504,46.15239001162894,-114.34376162229945,0.937731921672821
North_Fork_Lost_Horse,0726,488,526,46.16830566205365,-114.33519324278025,0.8035950660705566
North_Fork_Lost_Horse,0726,542,520,46.153738795563235,-114.33753007355821,0.9211369156837463
North_Fork_Lost_Horse,0726,544,513,46.153199281989515,-114.34025637613252,0.9144017696380615
North_Fork_Lost_Horse,0726,506,492,46.16345003989018,-114.3484352838554,0.7912520170211792
North_Fork_Lost_Horse,0726,546,520,46.1526597684158,-114.33753007355821,0.8363669514656067
North_Fork_Lost_Horse,0726,487,519,46.168575418840504,-114.33791954535455,0.7186746597290039
North_Fork_Lost_Horse,0726,483,531,46.169654445987945,-114.33324588379861,0.7125312685966492
North_Fork_Lost_Horse,0726,507,533,46.163180283103316,-114.33246694020596,0.9040022492408752
North_Fork_Lost_Horse,0726,546,507,46.1526597684158,-114.34259320691048,0.9243946075439453
North_Fork_Lost_Horse,0726,514,490,46.1612919855953,-114.34921422744804,0.8356730937957764
North_Fork_Lost_Horse,0726,548,505,46.15212025484208,-114.34337215050313,0.9278408885002136
North_Fork_Lost_Horse,0726,537,524,46.15508757949753,-114.33597218637291,0.961801290512085
North_Fork_Lost_Horse,0726,523,519,46.15886417451357,-114.33791954535455,0.9748120903968811
North_Fork_Lost_Horse,0726,537,514,46.15508757949753,-114.33986690433619,0.94402015209198
North_Fork_Lost_Horse,0726,550,498,46.15158074126836,-114.34609845307743,0.8635449409484863
North_Fork_Lost_Horse,0726,508,539,46.16291052631646,-114.330130109428,0.8919706344604492
North_Fork_Lost_Horse,0726,542,505,46.153738795563235,-114.34337215050313,0.9563218355178833
North_Fork_Lost_Horse,0726,546,510,46.1526597684158,-114.34142479152149,0.912293016910553
North_Fork_Lost_Horse,0726,533,514,46.15616660664497,-114.33986690433619,0.9623460173606873
North_Fork_Lost_Horse,0726,546,526,46.1526597684158,-114.33519324278025,0.6345112919807434
North_Fork_Lost_Horse,0726,484,534,46.16938468920109,-114.33207746840964,0.71933913230896
North_Fork_Lost_Horse,0726,546,517,46.1526597684158,-114.3386984889472,0.8666725158691406
North_Fork_Lost_Horse,0726,535,518,46.15562709307125,-114.33830901715088,0.9494727849960327
North_Fork_Lost_Horse,0726,515,535,46.16102222880844,-114.3316879966133,0.921882688999176
North_Fork_Lost_Horse,0726,528,529,46.15751539057927,-114.33402482739127,0.9747293591499329
North_Fork_Lost_Horse,0726,501,504,46.164798823824476,-114.34376162229945,0.8260700106620789
North_Fork_Lost_Horse,0726,506,496,46.16345003989018,-114.34687739667008,0.8364660739898682
North_Fork_Lost_Horse,0726,537,526,46.15508757949753,-114.33519324278025,0.9531686902046204
North_Fork_Lost_Horse,0726,539,536,46.15454806592381,-114.33129852481697,0.9276328086853027
North_Fork_Lost_Horse,0726,472,534,46.1726217706434,-114.33207746840964,0.5970574617385864
North_Fork_Lost_Horse,0726,535,503,46.15562709307125,-114.34415109409579,0.978696346282959
North_Fork_Lost_Horse,0726,513,492,46.16156174238216,-114.3484352838554,0.8445043563842773
North_Fork_Lost_Horse,0726,535,523,46.15562709307125,-114.33636165816924,0.9703873991966248
North_Fork_Lost_Horse,0726,504,498,46.1639895534639,-114.34609845307743,0.8359797596931458
North_Fork_Lost_Horse,0726,503,503,46.164259310250756,-114.34415109409579,0.8320208787918091
North_Fork_Lost_Horse,0726,500,501,46.16506858061133,-114.34493003768844,0.8212289810180664
North_Fork_Lost_Horse,0726,538,477,46.154817822710676,-114.35427736080031,0.5947988033294678
North_Fork_Lost_Horse,0726,522,486,46.159133931300424,-114.35077211463336,0.8588007688522339
North_Fork_Lost_Horse,0726,537,480,46.15508757949753,-114.35310894541132,0.7923610210418701
North_Fork_Lost_Horse,0726,528,484,46.15751539057927,-114.35155105822601,0.8420537114143372
North_Fork_Lost_Horse,0726,536,541,46.155357336284396,-114.32935116583533,0.824146032333374
North_Fork_Lost_Horse,0726,516,525,46.160752472021585,-114.33558271457657,0.9573638439178467
North_Fork_Lost_Horse,0726,484,514,46.16938468920109,-114.33986690433619,0.621906578540802
North_Fork_Lost_Horse,0726,533,503,46.15616660664497,-114.34415109409579,0.9689157009124756
North_Fork_Lost_Horse,0726,534,527,46.15589684985811,-114.33480377098392,0.9697709083557129
North_Fork_Lost_Horse,0726,543,536,46.15346903877638,-114.33129852481697,0.8750395178794861
North_Fork_Lost_Horse,0726,527,515,46.15778514736613,-114.33947743253985,0.9792405962944031
North_Fork_Lost_Horse,0726,538,493,46.154817822710676,-114.34804581205907,0.9478259086608887
North_Fork_Lost_Horse,0726,503,502,46.164259310250756,-114.34454056589212,0.8319721221923828
North_Fork_Lost_Horse,0726,539,529,46.15454806592381,-114.33402482739127,0.9481415152549744
North_Fork_Lost_Horse,0726,505,502,46.163719796677036,-114.34454056589212,0.835078239440918
North_Fork_Lost_Horse,0726,537,523,46.15508757949753,-114.33636165816924,0.9609428644180298
North_Fork_Lost_Horse,0726,515,484,46.16102222880844,-114.35155105822601,0.7947278618812561
North_Fork_Lost_Horse,0726,526,482,46.15805490415299,-114.35233000181867,0.8071001172065735
North_Fork_Lost_Horse,0726,506,500,46.16345003989018,-114.34531950948477,0.8408269286155701
North_Fork_Lost_Horse,0726,533,547,46.15616660664497,-114.32701433505737,0.6310911178588867
North_Fork_Lost_Horse,0726,545,508,46.15292952520266,-114.34220373511415,0.9248988628387451
North_Fork_Lost_Horse,0726,533,483,46.15616660664497,-114.35194053002235,0.8910027146339417
North_Fork_Lost_Horse,0726,533,478,46.15616660664497,-114.35388788900399,0.6266666054725647
North_Fork_Lost_Horse,0726,502,536,46.16452906703761,-114.33129852481697,0.6690466403961182
North_Fork_Lost_Horse,0726,531,475,46.15670612021869,-114.35505630439296,0.5074197053909302
North_Fork_Lost_Horse,0726,536,516,46.155357336284396,-114.33908796074353,0.942593514919281
North_Fork_Lost_Horse,0726,488,517,46.16830566205365,-114.3386984889472,0.7311525940895081
North_Fork_Lost_Horse,0726,516,531,46.160752472021585,-114.33324588379861,0.9356023073196411
North_Fork_Lost_Horse,0726,546,494,46.1526597684158,-114.34765634026273,0.8941085338592529
North_Fork_Lost_Horse,0726,525,534,46.15832466093985,-114.33207746840964,0.9560518860816956
North_Fork_Lost_Horse,0726,550,500,46.15158074126836,-114.34531950948477,0.8786182999610901
North_Fork_Lost_Horse,0726,512,496,46.16183149916902,-114.34687739667008,0.8603406548500061
North_Fork_Lost_Horse,0726,545,491,46.15292952520266,-114.34882475565172,0.8678544163703918
North_Fork_Lost_Horse,0726,520,480,46.159673444874144,-114.35310894541132,0.6343035101890564
North_Fork_Lost_Horse,0726,523,527,46.15886417451357,-114.33480377098392,0.9628123641014099
North_Fork_Lost_Horse,0726,536,480,46.155357336284396,-114.35310894541132,0.7570197582244873
North_Fork_Lost_Horse,0726,505,496,46.163719796677036,-114.34687739667008,0.8348657488822937
North_Fork_Lost_Horse,0726,539,492,46.15454806592381,-114.3484352838554,0.9380722641944885
North_Fork_Lost_Horse,0726,544,492,46.153199281989515,-114.3484352838554,0.8881726264953613
North_Fork_Lost_Horse,0726,520,529,46.159673444874144,-114.33402482739127,0.9552924036979675
North_Fork_Lost_Horse,0726,521,540,46.15940368808729,-114.32974063763166,0.7705495357513428
North_Fork_Lost_Horse,0726,518,521,46.160212958447865,-114.33714060176189,0.9724354147911072
North_Fork_Lost_Horse,0726,525,540,46.15832466093985,-114.32974063763166,0.7436894774436951
North_Fork_Lost_Horse,0726,498,500,46.16560809418505,-114.34531950948477,0.798866868019104
North_Fork_Lost_Horse,0726,521,538,46.15940368808729,-114.33051958122432,0.8963027596473694
North_Fork_Lost_Horse,0726,532,542,46.15643636343183,-114.32896169403901,0.7961258888244629
North_Fork_Lost_Horse,0726,487,517,46.168575418840504,-114.3386984889472,0.7506182789802551
North_Fork_Lost_Horse,0726,515,526,46.16102222880844,-114.33519324278025,0.9571103453636169
North_Fork_Lost_Horse,0726,475,526,46.17181250028282,-114.33519324278025,0.5011519193649292
North_Fork_Lost_Horse,0726,533,502,46.15616660664497,-114.34454056589212,0.9653628468513489
North_Fork_Lost_Horse,0726,517,527,46.16048271523472,-114.33480377098392,0.9539718627929688
North_Fork_Lost_Horse,0726,538,521,46.154817822710676,-114.33714060176189,0.9544332027435303
North_Fork_Lost_Horse,0726,523,529,46.15886417451357,-114.33402482739127,0.958138108253479
North_Fork_Lost_Horse,0726,542,488,46.153738795563235,-114.34999317104071,0.8837267756462097
North_Fork_Lost_Horse,0726,534,546,46.15589684985811,-114.3274038068537,0.6738179922103882
North_Fork_Lost_Horse,0726,488,524,46.16830566205365,-114.33597218637291,0.7693372368812561
North_Fork_Lost_Horse,0726,520,482,46.159673444874144,-114.35233000181867,0.7853245735168457
North_Fork_Lost_Horse,0726,547,502,46.15239001162894,-114.34454056589212,0.9415510892868042
North_Fork_Lost_Horse,0726,512,542,46.16183149916902,-114.32896169403901,0.7755921483039856
North_Fork_Lost_Horse,0726,483,523,46.169654445987945,-114.33636165816924,0.5716807246208191
North_Fork_Lost_Horse,0726,489,523,46.16803590526679,-114.33636165816924,0.7478216290473938
North_Fork_Lost_Horse,0726,529,534,46.15724563379241,-114.33207746840964,0.9531402587890625
North_Fork_Lost_Horse,0726,510,487,46.16237101274274,-114.35038264283703,0.5018690824508667
North_Fork_Lost_Horse,0726,531,482,46.15670612021869,-114.35233000181867,0.8480931520462036
North_Fork_Lost_Horse,0726,521,528,46.15940368808729,-114.3344142991876,0.9614830613136292
North_Fork_Lost_Horse,0726,544,494,46.153199281989515,-114.34765634026273,0.908828616142273
North_Fork_Lost_Horse,0726,545,539,46.15292952520266,-114.330130109428,0.7419856786727905
North_Fork_Lost_Horse,0726,519,541,46.159943201661,-114.32935116583533,0.7182632684707642
North_Fork_Lost_Horse,0726,540,494,46.154278309136956,-114.34765634026273,0.9436231255531311
North_Fork_Lost_Horse,0726,529,549,46.15724563379241,-114.32623539146472,0.5175768733024597
North_Fork_Lost_Horse,0726,510,490,46.16237101274274,-114.34921422744804,0.8306660652160645
North_Fork_Lost_Horse,0726,496,510,46.166147607758774,-114.34142479152149,0.8040511012077332
North_Fork_Lost_Horse,0726,523,524,46.15886417451357,-114.33597218637291,0.9713867902755737
North_Fork_Lost_Horse,0726,540,502,46.154278309136956,-114.34454056589212,0.971914529800415
North_Fork_Lost_Horse,0726,524,531,46.158594417726704,-114.33324588379861,0.9608364105224609
North_Fork_Lost_Horse,0726,492,505,46.16722663490621,-114.34337215050313,0.6762150526046753
North_Fork_Lost_Horse,0726,543,494,46.15346903877638,-114.34765634026273,0.9094526171684265
North_Fork_Lost_Horse,0726,548,521,46.15212025484208,-114.33714060176189,0.5161912441253662
North_Fork_Lost_Horse,0726,535,505,46.15562709307125,-114.34337215050313,0.9767974615097046
North_Fork_Lost_Horse,0726,549,489,46.15185049805522,-114.34960369924437,0.8052253127098083
North_Fork_Lost_Horse,0726,541,483,46.1540085523501,-114.35194053002235,0.8450111150741577
North_Fork_Lost_Horse,0726,507,536,46.163180283103316,-114.33129852481697,0.9241854548454285
North_Fork_Lost_Horse,0726,538,482,46.154817822710676,-114.35233000181867,0.8781207799911499
North_Fork_Lost_Horse,0726,492,506,46.16722663490621,-114.3429826787068,0.7130139470100403
North_Fork_Lost_Horse,0726,536,511,46.155357336284396,-114.34103531972517,0.9449729323387146
North_Fork_Lost_Horse,0726,529,481,46.15724563379241,-114.352719473615,0.7565750479698181
North_Fork_Lost_Horse,0726,544,501,46.153199281989515,-114.34493003768844,0.9471277594566345
North_Fork_Lost_Horse,0726,529,528,46.15724563379241,-114.3344142991876,0.9775740504264832
North_Fork_Lost_Horse,0726,551,496,46.1513109844815,-114.34687739667008,0.7432641386985779
North_Fork_Lost_Horse,0726,513,533,46.16156174238216,-114.33246694020596,0.918749213218689
North_Fork_Lost_Horse,0726,508,500,46.16291052631646,-114.34531950948477,0.8483049273490906
North_Fork_Lost_Horse,0726,503,498,46.164259310250756,-114.34609845307743,0.8332216739654541
North_Fork_Lost_Horse,0726,537,527,46.15508757949753,-114.33480377098392,0.953705370426178
North_Fork_Lost_Horse,0726,506,547,46.16345003989018,-114.32701433505737,0.5008707046508789
North_Fork_Lost_Horse,0726,544,487,46.153199281989515,-114.35038264283703,0.8240343928337097
North_Fork_Lost_Horse,0726,517,542,46.16048271523472,-114.32896169403901,0.7435388565063477
North_Fork_Lost_Horse,0726,515,488,46.16102222880844,-114.34999317104071,0.8271034359931946
North_Fork_Lost_Horse,0726,545,536,46.15292952520266,-114.33129852481697,0.7532381415367126
North_Fork_Lost_Horse,0726,525,476,46.15832466093985,-114.35466683259664,0.5102590918540955
North_Fork_Lost_Horse,0726,544,534,46.153199281989515,-114.33207746840964,0.7810197472572327
North_Fork_Lost_Horse,0726,529,523,46.15724563379241,-114.33636165816924,0.9738608002662659
North_Fork_Lost_Horse,0726,548,490,46.15212025484208,-114.34921422744804,0.8433827757835388
North_Fork_Lost_Horse,0726,532,518,46.15643636343183,-114.33830901715088,0.966946542263031
North_Fork_Lost_Horse,0726,521,480,46.15940368808729,-114.35310894541132,0.6825120449066162
North_Fork_Lost_Horse,0726,483,533,46.169654445987945,-114.33246694020596,0.7440654635429382
North_Fork_Lost_Horse,0726,541,512,46.1540085523501,-114.34064584792884,0.9226826429367065
North_Fork_Lost_Horse,0726,504,501,46.1639895534639,-114.34493003768844,0.8334690928459167
North_Fork_Lost_Horse,0726,531,476,46.15670612021869,-114.35466683259664,0.5397975444793701
North_Fork_Lost_Horse,0726,514,535,46.1612919855953,-114.3316879966133,0.9266554117202759
North_Fork_Lost_Horse,0726,531,478,46.15670612021869,-114.35388788900399,0.6183559894561768
North_Fork_Lost_Horse,0726,475,528,46.17181250028282,-114.3344142991876,0.5125707983970642
North_Fork_Lost_Horse,0726,539,512,46.15454806592381,-114.34064584792884,0.9389968514442444
North_Fork_Lost_Horse,0726,524,485,46.158594417726704,-114.35116158642968,0.8633058667182922
North_Fork_Lost_Horse,0726,538,505,46.154817822710676,-114.34337215050313,0.9637613296508789
North_Fork_Lost_Horse,0726,491,507,46.16749639169307,-114.34259320691048,0.7069174647331238
North_Fork_Lost_Horse,0726,486,513,46.16884517562737,-114.34025637613252,0.6475840210914612
North_Fork_Lost_Horse,0726,539,498,46.15454806592381,-114.34609845307743,0.9654261469841003
North_Fork_Lost_Horse,0726,517,536,46.16048271523472,-114.33129852481697,0.9160911440849304
North_Fork_Lost_Horse,0726,532,519,46.15643636343183,-114.33791954535455,0.9686698913574219
North_Fork_Lost_Horse,0726,515,525,46.16102222880844,-114.33558271457657,0.9623529314994812
North_Fork_Lost_Horse,0726,548,491,46.15212025484208,-114.34882475565172,0.847881019115448
North_Fork_Lost_Horse,0726,542,510,46.153738795563235,-114.34142479152149,0.9257839918136597
North_Fork_Lost_Horse,0726,517,489,46.16048271523472,-114.34960369924437,0.8564065098762512
North_Fork_Lost_Horse,0726,519,534,46.159943201661,-114.33207746840964,0.9314850568771362
North_Fork_Lost_Horse,0726,531,529,46.15670612021869,-114.33402482739127,0.9771274924278259
North_Fork_Lost_Horse,0726,523,477,46.15886417451357,-114.35427736080031,0.5393956899642944
North_Fork_Lost_Horse,0726,536,520,46.155357336284396,-114.33753007355821,0.961042582988739
North_Fork_Lost_Horse,0726,526,540,46.15805490415299,-114.32974063763166,0.7952702045440674
North_Fork_Lost_Horse,0726,517,524,46.16048271523472,-114.33597218637291,0.9601393342018127
