burnName,date,y,x,lat,lon,predicted_prob
Stookey,0714,375,447,40.202821854906375,-112.54863881304283,0.9569886326789856
Stookey,0714,337,546,40.21307261280703,-112.51369160193059,0.9994625449180603
Stookey,0714,408,643,40.19391988094001,-112.47945039508323,0.9677882194519043
Stookey,0714,580,505,40.147521713600185,-112.5281646893609,0.9688640832901001
Stookey,0714,369,442,40.20444039562753,-112.55040382370507,0.7542152404785156
Stookey,0714,703,522,40.11434162881647,-112.52216365310932,0.7793354392051697
Stookey,0714,408,556,40.19391988094001,-112.51016158060612,0.9824186563491821
Stookey,0714,552,396,40.15507490363225,-112.56664192179761,0.9523094892501831
Stookey,0714,519,537,40.16397687759861,-112.51686862112261,0.9449837803840637
Stookey,0714,425,414,40.189334015563404,-112.56028788341358,0.9718177914619446
Stookey,0714,578,558,40.148061227173905,-112.50945557634122,0.6855795383453369
Stookey,0714,386,509,40.19985453025092,-112.52675268083112,0.9629454612731934
Stookey,0714,423,643,40.18987352913712,-112.47945039508323,0.9566349983215332
Stookey,0714,583,398,40.1467124432396,-112.56593591753273,0.6331095695495605
Stookey,0714,660,524,40.12594117065142,-112.52145764884442,0.6744005084037781
Stookey,0714,514,522,40.165325661532904,-112.52216365310932,0.9631378054618835
Stookey,0714,459,592,40.18016228481018,-112.49745350383803,0.9003374576568604
Stookey,0714,665,494,40.124592386717126,-112.53204771281783,0.9546146988868713
Stookey,0714,717,449,40.110565033800434,-112.54793280877793,0.9627231955528259
Stookey,0714,340,623,40.212263342446455,-112.48651043773218,0.9594313502311707
Stookey,0714,565,499,40.151568065403076,-112.53028270215559,0.9890612363815308
Stookey,0714,394,640,40.19769647595604,-112.48050940148057,0.9722736477851868
Stookey,0714,560,544,40.15291684933737,-112.51439760619547,0.9500807523727417
Stookey,0714,383,644,40.2006638006115,-112.47909739295079,0.9551634192466736
Stookey,0714,399,501,40.196347692021746,-112.52957669789069,0.9323540925979614
Stookey,0714,391,477,40.19850574631662,-112.53804874906942,0.9346245527267456
Stookey,0714,359,458,40.20713796349612,-112.5447557895859,0.8666324615478516
Stookey,0714,479,414,40.17476714907299,-112.56028788341358,0.9857080578804016
Stookey,0714,344,553,40.211184315299015,-112.51122058700346,0.9873061776161194
Stookey,0714,341,497,40.2119935856596,-112.53098870642049,0.5324008464813232
Stookey,0714,423,642,40.18987352913712,-112.47980339721569,0.9562507271766663
Stookey,0714,521,562,40.163437364024894,-112.50804356781144,0.8030253648757935
Stookey,0714,353,557,40.208756504217284,-112.50980857847367,0.9739549160003662
Stookey,0714,549,567,40.155884173992824,-112.5062785571492,0.8429999351501465
Stookey,0714,362,519,40.206328693135546,-112.52322265950666,0.9615005254745483
Stookey,0714,528,533,40.161549066516876,-112.5182806296524,0.9524983167648315
Stookey,0714,528,556,40.161549066516876,-112.51016158060612,0.949028491973877
Stookey,0714,482,568,40.17395787871241,-112.50592555501676,0.9643730521202087
Stookey,0714,486,577,40.172878851564974,-112.50274853582474,0.8268969655036926
Stookey,0714,349,485,40.20983553136472,-112.53522473200985,0.8229256272315979
Stookey,0714,727,482,40.10786746593184,-112.53628373840719,0.7413601875305176
Stookey,0714,603,523,40.14131730750241,-112.52181065097686,0.7197763323783875
Stookey,0714,313,614,40.21954677569166,-112.4896874569242,0.8794083595275879
Stookey,0714,504,557,40.168023229401506,-112.50980857847367,0.9583273530006409
Stookey,0714,547,405,40.156423687566544,-112.5634649026056,0.9650940299034119
Stookey,0714,564,582,40.15183782218993,-112.5009835251625,0.6678907871246338
Stookey,0714,430,494,40.187985231629106,-112.53204771281783,0.9523332118988037
Stookey,0714,395,460,40.19742671916919,-112.54404978532102,0.9743375182151794
Stookey,0714,314,641,40.219277018904805,-112.48015639934813,0.6541005969047546
Stookey,0714,324,625,40.21657945103621,-112.48580443346728,0.8772605657577515
Stookey,0714,426,643,40.18906425877654,-112.47945039508323,0.95415860414505
Stookey,0714,298,574,40.22359312749455,-112.50380754222208,0.7126757502555847
Stookey,0714,677,519,40.12135530527481,-112.52322265950666,0.7928178310394287
Stookey,0714,404,664,40.19499890808745,-112.47203735030186,0.6726912260055542
Stookey,0714,403,424,40.19526866487431,-112.5567578620891,0.9071075916290283
Stookey,0714,537,412,40.15912125543514,-112.56099388767846,0.9893602728843689
Stookey,0714,565,537,40.151568065403076,-112.51686862112261,0.95430988073349
Stookey,0714,405,536,40.19472915130059,-112.51722162325505,0.981099545955658
Stookey,0714,487,546,40.17260909477811,-112.51369160193059,0.9728891253471375
Stookey,0714,555,545,40.15426563327167,-112.51404460406303,0.9512296915054321
Stookey,0714,626,537,40.135112901404646,-112.51686862112261,0.625547468662262
Stookey,0714,557,552,40.15372611969795,-112.5115735891359,0.9224971532821655
Stookey,0714,341,509,40.2119935856596,-112.52675268083112,0.9440152645111084
Stookey,0714,335,515,40.21361212638075,-112.52463466803644,0.8790382742881775
Stookey,0714,486,561,40.172878851564974,-112.50839656994388,0.9696012735366821
Stookey,0714,691,502,40.11757871025878,-112.52922369575825,0.8544163107872009
Stookey,0714,411,459,40.19311061057943,-112.54440278745346,0.5356311202049255
Stookey,0714,413,477,40.19257109700571,-112.53804874906942,0.5290743112564087
Stookey,0714,677,502,40.12135530527481,-112.52922369575825,0.9399101734161377
Stookey,0714,367,510,40.20497990920125,-112.52639967869867,0.9557826519012451
Stookey,0714,397,505,40.196887205595466,-112.5281646893609,0.9579037427902222
Stookey,0714,586,561,40.145903172879024,-112.50839656994388,0.6802165508270264
Stookey,0714,408,418,40.19391988094001,-112.55887587488378,0.8078858256340027
Stookey,0714,646,505,40.12971776566746,-112.5281646893609,0.9546663761138916
Stookey,0714,519,524,40.16397687759861,-112.52145764884442,0.9594330191612244
Stookey,0714,301,588,40.222783857133976,-112.49886551236781,0.6773539781570435
Stookey,0714,701,524,40.11488114239019,-112.52145764884442,0.7346854209899902
Stookey,0714,716,464,40.1108347905873,-112.54263777679122,0.9629795551300049
Stookey,0714,443,616,40.18447839339993,-112.4889814526593,0.8451352715492249
Stookey,0714,667,495,40.124052873143405,-112.53169471068537,0.9555582404136658
Stookey,0714,463,571,40.17908325766274,-112.50486654861942,0.9542966485023499
Stookey,0714,461,612,40.17962277123646,-112.49039346118909,0.6941255331039429
Stookey,0714,389,508,40.19904525989034,-112.52710568296357,0.957892119884491
Stookey,0714,561,503,40.15264709255051,-112.5288706936258,0.978026807308197
Stookey,0714,410,654,40.193380367366295,-112.47556737162633,0.870364785194397
Stookey,0714,723,469,40.10894649307928,-112.540872766129,0.9560064673423767
Stookey,0714,462,574,40.1793530144496,-112.50380754222208,0.9369065165519714
Stookey,0714,386,654,40.19985453025092,-112.47556737162633,0.6800526976585388
Stookey,0714,709,468,40.11272308809531,-112.54122576826144,0.9602781534194946
Stookey,0714,682,509,40.120006521340514,-112.52675268083112,0.8801923990249634
Stookey,0714,514,533,40.165325661532904,-112.5182806296524,0.9501846432685852
Stookey,0714,579,400,40.14779147038704,-112.56522991326783,0.7679889798164368
Stookey,0714,406,414,40.19445939451373,-112.56028788341358,0.549991250038147
Stookey,0714,450,618,40.18259009589191,-112.4882754483944,0.8314545154571533
Stookey,0714,383,638,40.2006638006115,-112.48121540574547,0.9632053375244141
Stookey,0714,461,587,40.17962277123646,-112.49921851450026,0.7234370708465576
Stookey,0714,709,512,40.11272308809531,-112.52569367443378,0.5732877850532532
Stookey,0714,614,554,40.13834998284696,-112.51086758487101,0.5988366007804871
Stookey,0714,341,525,40.2119935856596,-112.52110464671198,0.965273916721344
Stookey,0714,436,482,40.186366690907946,-112.53628373840719,0.9587188959121704
Stookey,0714,449,402,40.182859852678774,-112.56452390900294,0.9643714427947998
Stookey,0714,413,585,40.19257109700571,-112.49992451876516,0.9969270825386047
Stookey,0714,324,649,40.21657945103621,-112.47733238228855,0.7649149894714355
Stookey,0714,496,582,40.17018128369638,-112.5009835251625,0.9001106023788452
Stookey,0714,530,387,40.161009552943156,-112.56981894098963,0.914261519908905
Stookey,0714,324,623,40.21657945103621,-112.48651043773218,0.899082362651825
Stookey,0714,690,527,40.11784846704564,-112.52039864244708,0.6203485131263733
Stookey,0714,399,530,40.196347692021746,-112.51933963604974,0.9658966660499573
Stookey,0714,525,392,40.16235833687745,-112.56805393032741,0.9544655084609985
Stookey,0714,376,466,40.20255209811951,-112.54193177252634,0.9686864018440247
Stookey,0714,407,559,40.19418963772687,-112.50910257420878,0.9830824136734009
Stookey,0714,349,482,40.20983553136472,-112.53628373840719,0.7100733518600464
Stookey,0714,379,533,40.201742827758935,-112.5182806296524,0.9640913009643555
Stookey,0714,623,523,40.13592217176522,-112.52181065097686,0.7065702080726624
Stookey,0714,394,659,40.19769647595604,-112.47380236096409,0.52293461561203
Stookey,0714,648,528,40.12917825209374,-112.52004564031463,0.5368196368217468
Stookey,0714,396,494,40.19715696238232,-112.53204771281783,0.8567284941673279
Stookey,0714,298,575,40.22359312749455,-112.50345454008962,0.7035360932350159
Stookey,0714,417,425,40.19149206985828,-112.55640485995666,0.973315417766571
Stookey,0714,651,499,40.12836898173316,-112.53028270215559,0.9569553136825562
Stookey,0714,342,542,40.211723828872735,-112.51510361046037,0.9823950529098511
Stookey,0714,439,488,40.18555742054737,-112.53416572561251,0.9590592980384827
Stookey,0714,353,482,40.208756504217284,-112.53628373840719,0.8290553689002991
Stookey,0714,359,493,40.20713796349612,-112.53240071495027,0.9339738488197327
Stookey,0714,556,516,40.15399587648481,-112.524281665904,0.9545552730560303
Stookey,0714,414,444,40.192301340218854,-112.54969781944017,0.9912218451499939
Stookey,0714,482,410,40.17395787871241,-112.56169989194336,0.9703753590583801
Stookey,0714,542,549,40.15777247150084,-112.51263259553325,0.960051417350769
Stookey,0714,702,496,40.114611385603325,-112.53134170855293,0.6014031171798706
Stookey,0714,677,396,40.12135530527481,-112.56664192179761,0.7993189692497253
Stookey,0714,354,530,40.20848674743042,-112.51933963604974,0.9737940430641174
Stookey,0714,374,467,40.20309161169323,-112.54157877039388,0.9736034870147705
Stookey,0714,405,421,40.19472915130059,-112.55781686848644,0.8414488434791565
Stookey,0714,429,448,40.18825498841596,-112.54828581091039,0.9976028203964233
Stookey,0714,692,394,40.11730895347192,-112.56734792606251,0.5568593144416809
Stookey,0714,487,559,40.17260909477811,-112.50910257420878,0.9666180610656738
Stookey,0714,459,595,40.18016228481018,-112.49639449744069,0.9162093997001648
Stookey,0714,442,618,40.18474815018679,-112.4882754483944,0.7731686234474182
Stookey,0714,545,499,40.156963201140265,-112.53028270215559,0.9793559908866882
Stookey,0714,451,572,40.182320339105054,-112.50451354648696,0.96591717004776
Stookey,0714,403,530,40.19526866487431,-112.51933963604974,0.967388927936554
Stookey,0714,301,582,40.222783857133976,-112.5009835251625,0.9045490622520447
Stookey,0714,564,521,40.15183782218993,-112.52251665524176,0.9521965384483337
Stookey,0714,477,555,40.175306662646705,-112.51051458273857,0.9820238351821899
Stookey,0714,430,485,40.187985231629106,-112.53522473200985,0.8084561824798584
Stookey,0714,551,552,40.155344660419104,-112.5115735891359,0.9418953061103821
Stookey,0714,505,536,40.16775347261464,-112.51722162325505,0.9533541202545166
Stookey,0714,407,416,40.19418963772687,-112.55958187914868,0.6285843253135681
Stookey,0714,735,415,40.105709411636965,-112.55993488128112,0.5213374495506287
Stookey,0714,375,437,40.202821854906375,-112.5521688343673,0.7865498065948486
Stookey,0714,443,394,40.18447839339993,-112.56734792606251,0.6547787189483643
Stookey,0714,553,568,40.15480514684539,-112.50592555501676,0.855838418006897
Stookey,0714,370,502,40.20417063884067,-112.52922369575825,0.9539389610290527
Stookey,0714,652,401,40.128099224946304,-112.56487691113539,0.9395034313201904
Stookey,0714,678,517,40.121085548487954,-112.52392866377154,0.7977725863456726
Stookey,0714,696,516,40.116229926324486,-112.524281665904,0.6800419092178345
Stookey,0714,561,538,40.15264709255051,-112.51651561899016,0.9535396099090576
Stookey,0714,382,524,40.20093355739836,-112.52145764884442,0.9671953320503235
Stookey,0714,724,478,40.108676736292416,-112.53769574693698,0.8688381910324097
Stookey,0714,498,585,40.16964177012266,-112.49992451876516,0.5171039700508118
Stookey,0714,375,534,40.202821854906375,-112.51792762751995,0.9606761932373047
Stookey,0714,320,644,40.217658478183644,-112.47909739295079,0.6495079398155212
Stookey,0714,438,498,40.185827177334225,-112.53063570428803,0.9635414481163025
Stookey,0714,560,551,40.15291684933737,-112.51192659126835,0.9268326163291931
Stookey,0714,422,646,40.19014328592398,-112.47839138868589,0.9564740061759949
Stookey,0714,350,505,40.20956577457786,-112.5281646893609,0.9474846124649048
Stookey,0714,741,442,40.104090870915805,-112.55040382370507,0.8022463321685791
Stookey,0714,507,571,40.16721395904092,-112.50486654861942,0.8501232862472534
Stookey,0714,496,559,40.17018128369638,-112.50910257420878,0.9556010365486145
Stookey,0714,687,500,40.11865773740622,-112.52992970002315,0.8647111654281616
Stookey,0714,572,505,40.14967976789506,-112.5281646893609,0.9652905464172363
Stookey,0714,738,474,40.10490014127639,-112.53910775546676,0.5411525368690491
Stookey,0714,330,645,40.21496091031505,-112.47874439081835,0.7972973585128784
Stookey,0714,514,555,40.165325661532904,-112.51051458273857,0.95186847448349
Stookey,0714,415,615,40.192031583432,-112.48933445479175,0.9875763654708862
Stookey,0714,349,563,40.20983553136472,-112.50769056567898,0.9728710651397705
Stookey,0714,345,564,40.21091455851216,-112.50733756354654,0.9887452125549316
Stookey,0714,375,470,40.202821854906375,-112.54051976399654,0.9686572551727295
Stookey,0714,577,555,40.14833098396076,-112.51051458273857,0.5339940190315247
Stookey,0714,713,470,40.111644060947874,-112.54051976399654,0.9585610628128052
Stookey,0714,365,467,40.20551942277497,-112.54157877039388,0.9584373235702515
Stookey,0714,321,600,40.21738872139679,-112.49462948677845,0.968163013458252
Stookey,0714,446,554,40.18366912303935,-112.51086758487101,0.9897742867469788
Stookey,0714,426,399,40.18906425877654,-112.56558291540028,0.5509912967681885
Stookey,0714,320,632,40.217658478183644,-112.48333341854016,0.6681536436080933
Stookey,0714,320,525,40.217658478183644,-112.52110464671198,0.9702072739601135
Stookey,0714,374,533,40.20309161169323,-112.5182806296524,0.9603192806243896
Stookey,0714,542,556,40.15777247150084,-112.51016158060612,0.9468388557434082
Stookey,0714,610,510,40.1394290099944,-112.52639967869867,0.9616923332214355
Stookey,0714,412,443,40.192840853792575,-112.55005082157261,0.9843906164169312
Stookey,0714,405,647,40.19472915130059,-112.47803838655345,0.9463428854942322
Stookey,0714,528,531,40.161549066516876,-112.5189866339173,0.9542292356491089
Stookey,0714,717,441,40.110565033800434,-112.55075682583751,0.9745156764984131
Stookey,0714,359,452,40.20713796349612,-112.54687380238059,0.533334493637085
Stookey,0714,407,513,40.19418963772687,-112.52534067230134,0.9567663073539734
Stookey,0714,692,524,40.11730895347192,-112.52145764884442,0.7795994281768799
Stookey,0714,731,482,40.1067884387844,-112.53628373840719,0.5600893497467041
Stookey,0714,384,525,40.20039404382464,-112.52110464671198,0.9669617414474487
Stookey,0714,437,495,40.18609693412109,-112.53169471068537,0.9588217735290527
Stookey,0714,676,504,40.121625062061675,-112.52851769149335,0.9198065400123596
Stookey,0714,561,404,40.15264709255051,-112.56381790473804,0.9555901288986206
Stookey,0714,673,524,40.12243433242225,-112.52145764884442,0.7190630435943604
Stookey,0714,346,491,40.2106448017253,-112.53310671921517,0.6653891801834106
Stookey,0714,308,559,40.22089555962596,-112.50910257420878,0.9539902210235596
Stookey,0714,414,635,40.192301340218854,-112.48227441214281,0.9743012189865112
Stookey,0714,425,627,40.189334015563404,-112.4850984292024,0.9659574031829834
Stookey,0714,653,511,40.12782946815944,-112.52604667656622,0.954292893409729
Stookey,0714,663,396,40.125131900290846,-112.56664192179761,0.8952719569206238
Stookey,0714,376,491,40.20255209811951,-112.53310671921517,0.9333605766296387
Stookey,0714,402,418,40.19553842166117,-112.55887587488378,0.6817971467971802
Stookey,0714,532,536,40.160470039369436,-112.51722162325505,0.9526626467704773
Stookey,0714,395,473,40.19742671916919,-112.5394607575992,0.9017475843429565
Stookey,0714,413,416,40.19257109700571,-112.55958187914868,0.6901388764381409
Stookey,0714,320,631,40.217658478183644,-112.4836864206726,0.562178909778595
Stookey,0714,595,510,40.14347536179729,-112.52639967869867,0.9701530337333679
Stookey,0714,383,516,40.2006638006115,-112.524281665904,0.9659930467605591
Stookey,0714,419,549,40.19095255628456,-112.51263259553325,0.9827219843864441
Stookey,0714,372,485,40.20363112526695,-112.53522473200985,0.882532000541687
Stookey,0714,399,476,40.196347692021746,-112.53840175120187,0.8205828070640564
Stookey,0714,360,458,40.20686820670927,-112.5447557895859,0.9323126673698425
Stookey,0714,661,397,40.125671413864566,-112.56628891966517,0.9029565453529358
Stookey,0714,562,580,40.15237733576365,-112.5016895294274,0.6197779774665833
Stookey,0714,357,480,40.20767747706984,-112.53698974267208,0.8308121562004089
Stookey,0714,656,519,40.12702019779886,-112.52322265950666,0.8276054263114929
Stookey,0714,305,544,40.221704829986535,-112.51439760619547,0.9089731574058533
Stookey,0714,368,527,40.20471015241439,-112.52039864244708,0.9588326215744019
Stookey,0714,410,412,40.193380367366295,-112.56099388767846,0.6479271054267883
Stookey,0714,740,436,40.10436062770267,-112.55252183649975,0.8790050745010376
Stookey,0714,414,482,40.192301340218854,-112.53628373840719,0.5620535016059875
Stookey,0714,531,555,40.1607397961563,-112.51051458273857,0.9529505968093872
Stookey,0714,736,478,40.1054396548501,-112.53769574693698,0.5355173349380493
Stookey,0714,539,568,40.15858174186142,-112.50592555501676,0.6633782982826233
Stookey,0714,499,542,40.1693720133358,-112.51510361046037,0.9580370783805847
Stookey,0714,351,525,40.209296017791004,-112.52110464671198,0.9695881009101868
Stookey,0714,352,523,40.20902626100414,-112.52181065097686,0.9665149450302124
Stookey,0714,658,516,40.12648068422514,-112.524281665904,0.8992575407028198
Stookey,0714,677,487,40.12135530527481,-112.53451872774495,0.9544455409049988
Stookey,0714,525,562,40.16235833687745,-112.50804356781144,0.8618378639221191
Stookey,0714,556,566,40.15399587648481,-112.50663155928164,0.8804171681404114
Stookey,0714,720,440,40.10975576343986,-112.55110982796995,0.9673152565956116
Stookey,0714,412,626,40.192840853792575,-112.48545143133484,0.9828866124153137
Stookey,0714,344,522,40.211184315299015,-112.52216365310932,0.9661076664924622
Stookey,0714,415,630,40.192031583432,-112.48403942280505,0.9762725830078125
Stookey,0714,474,581,40.17611593300729,-112.50133652729494,0.7230818271636963
Stookey,0714,518,401,40.16424663438547,-112.56487691113539,0.9581497311592102
Stookey,0714,304,551,40.2219745867734,-112.51192659126835,0.8647424578666687
Stookey,0714,431,557,40.18771547484224,-112.50980857847367,0.9845178723335266
Stookey,0714,715,410,40.111104547374154,-112.56169989194336,0.9498319625854492
Stookey,0714,542,548,40.15777247150084,-112.51298559766569,0.9587829113006592
Stookey,0714,428,639,40.18852474520282,-112.48086240361303,0.9553559422492981
Stookey,0714,504,540,40.168023229401506,-112.51580961472527,0.9560218453407288
Stookey,0714,381,649,40.201203314185214,-112.47733238228855,0.9318228960037231
Stookey,0714,584,565,40.146442686452744,-112.5069845614141,0.7310903668403625
Stookey,0714,736,416,40.1054396548501,-112.55958187914868,0.5052816867828369
Stookey,0714,402,525,40.19553842166117,-112.52110464671198,0.9626545906066895
Stookey,0714,500,524,40.16910225654894,-112.52145764884442,0.9695111513137817
Stookey,0714,438,585,40.185827177334225,-112.49992451876516,0.9670793414115906
Stookey,0714,305,588,40.221704829986535,-112.49886551236781,0.9260333180427551
Stookey,0714,717,460,40.110565033800434,-112.54404978532102,0.9662296772003174
Stookey,0714,437,499,40.18609693412109,-112.53028270215559,0.9644012451171875
Stookey,0714,616,525,40.13781046927324,-112.52110464671198,0.5119597315788269
Stookey,0714,351,641,40.209296017791004,-112.48015639934813,0.9185360074043274
Stookey,0714,741,446,40.104090870915805,-112.54899181517527,0.780729353427887
Stookey,0714,482,531,40.17395787871241,-112.5189866339173,0.9667436480522156
Stookey,0714,355,455,40.208216990643564,-112.54581479598325,0.5261456966400146
Stookey,0714,558,567,40.15345636291109,-112.5062785571492,0.8651278614997864
Stookey,0714,495,400,40.170451040483236,-112.56522991326783,0.7668502926826477
Stookey,0714,343,632,40.21145407208588,-112.48333341854016,0.9535173773765564
Stookey,0714,492,574,40.17126031084381,-112.50380754222208,0.9346144795417786
Stookey,0714,438,600,40.185827177334225,-112.49462948677845,0.9689646363258362
Stookey,0714,508,405,40.166944202254065,-112.5634649026056,0.9563774466514587
Stookey,0714,425,494,40.189334015563404,-112.53204771281783,0.9183769226074219
Stookey,0714,399,544,40.196347692021746,-112.51439760619547,0.9843008518218994
Stookey,0714,717,514,40.110565033800434,-112.52498767016888,0.5336915850639343
Stookey,0714,441,476,40.18501790697365,-112.53840175120187,0.9782524704933167
Stookey,0714,704,512,40.114071872029605,-112.52569367443378,0.5379448533058167
Stookey,0714,717,420,40.110565033800434,-112.5581698706189,0.9738904237747192
Stookey,0714,509,392,40.16667444546721,-112.56805393032741,0.8236995935440063
Stookey,0714,420,454,40.1906827994977,-112.5461677981157,0.9750545620918274
Stookey,0714,329,511,40.21523066710191,-112.52604667656622,0.7688397765159607
Stookey,0714,442,560,40.18474815018679,-112.50874957207633,0.9869624972343445
Stookey,0714,396,444,40.19715696238232,-112.54969781944017,0.9437879323959351
Stookey,0714,408,654,40.19391988094001,-112.47556737162633,0.8736400604248047
Stookey,0714,551,540,40.155344660419104,-112.51580961472527,0.9550250172615051
Stookey,0714,468,582,40.17773447372844,-112.5009835251625,0.5093135833740234
Stookey,0714,668,402,40.12378311635655,-112.56452390900294,0.9518516063690186
Stookey,0714,558,495,40.15345636291109,-112.53169471068537,0.9819898009300232
Stookey,0714,332,650,40.21442139674133,-112.47697938015611,0.8011997938156128
Stookey,0714,311,588,40.22008628926538,-112.49886551236781,0.9595230221748352
Stookey,0714,369,649,40.20444039562753,-112.47733238228855,0.8337423801422119
Stookey,0714,423,599,40.18987352913712,-112.4949824889109,0.993564248085022
Stookey,0714,364,465,40.205789179561826,-112.54228477465878,0.9557495713233948
Stookey,0714,430,417,40.187985231629106,-112.55922887701624,0.9807415008544922
Stookey,0714,302,555,40.22251410034711,-112.51051458273857,0.7571548819541931
Stookey,0714,404,613,40.19499890808745,-112.49004045905664,0.995424211025238
Stookey,0714,396,640,40.19715696238232,-112.48050940148057,0.9773657917976379
Stookey,0714,407,620,40.19418963772687,-112.48756944412952,0.9951887130737305
Stookey,0714,491,518,40.17153006763068,-112.5235756616391,0.9778226017951965
Stookey,0714,362,475,40.206328693135546,-112.53875475333432,0.9410857558250427
Stookey,0714,339,645,40.21253309923331,-112.47874439081835,0.7208606004714966
Stookey,0714,338,654,40.212802856020176,-112.47556737162633,0.6430776119232178
Stookey,0714,719,470,40.11002552022671,-112.54051976399654,0.9590060114860535
Stookey,0714,508,398,40.166944202254065,-112.56593591753273,0.9367931485176086
Stookey,0714,419,425,40.19095255628456,-112.55640485995666,0.9778090119361877
Stookey,0714,674,485,40.122164575635395,-112.53522473200985,0.9556490182876587
Stookey,0714,314,603,40.219277018904805,-112.49357048038111,0.9523429870605469
Stookey,0714,395,518,40.19742671916919,-112.5235756616391,0.9630327224731445
Stookey,0714,327,660,40.21577018067563,-112.47344935883164,0.6212549209594727
Stookey,0714,411,602,40.19311061057943,-112.49392348251357,0.9869599342346191
Stookey,0714,732,424,40.10651868199754,-112.5567578620891,0.9551368355751038
Stookey,0714,558,551,40.15345636291109,-112.51192659126835,0.9247530698776245
Stookey,0714,669,470,40.12351335956969,-112.54051976399654,0.9778854846954346
Stookey,0714,356,545,40.20794723385671,-112.51404460406303,0.9731112122535706
Stookey,0714,432,490,40.187445718055386,-112.53345972134761,0.9513075351715088
Stookey,0714,409,645,40.19365012415315,-112.47874439081835,0.9614324569702148
Stookey,0714,464,405,40.17881350087588,-112.5634649026056,0.980857253074646
Stookey,0714,417,494,40.19149206985828,-112.53204771281783,0.6086135506629944
Stookey,0714,559,405,40.15318660612423,-112.5634649026056,0.9548430442810059
Stookey,0714,324,646,40.21657945103621,-112.47839138868589,0.7498957514762878
Stookey,0714,417,643,40.19149206985828,-112.47945039508323,0.9617263078689575
Stookey,0714,392,492,40.19823598952976,-112.53275371708271,0.912907063961029
Stookey,0714,508,536,40.166944202254065,-112.51722162325505,0.9509643316268921
Stookey,0714,368,524,40.20471015241439,-112.52145764884442,0.9609565138816833
Stookey,0714,382,438,40.20093355739836,-112.55181583223485,0.5451211929321289
Stookey,0714,332,514,40.21442139674133,-112.52498767016888,0.7970771789550781
Stookey,0714,494,550,40.1707207972701,-112.5122795934008,0.9688213467597961
Stookey,0714,403,504,40.19526866487431,-112.52851769149335,0.9087859392166138
Stookey,0714,688,504,40.11838798061936,-112.52851769149335,0.879924476146698
Stookey,0714,392,643,40.19823598952976,-112.47945039508323,0.9663285613059998
Stookey,0714,501,570,40.16883249976208,-112.50521955075186,0.9193442463874817
Stookey,0714,316,607,40.218737505331084,-112.49215847185133,0.9523656964302063
Stookey,0714,645,516,40.129987522454314,-112.524281665904,0.9488569498062134
Stookey,0714,368,490,40.20471015241439,-112.53345972134761,0.9141623973846436
Stookey,0714,515,401,40.16505590474605,-112.56487691113539,0.9532260298728943
Stookey,0714,736,446,40.1054396548501,-112.54899181517527,0.9464560151100159
Stookey,0714,408,502,40.19391988094001,-112.52922369575825,0.8605133295059204
Stookey,0714,655,516,40.12728995458572,-112.524281665904,0.9185512661933899
Stookey,0714,613,516,40.13861973963382,-112.524281665904,0.9521965384483337
Stookey,0714,473,566,40.176385689794145,-112.50663155928164,0.9734596610069275
Stookey,0714,559,496,40.15318660612423,-112.53134170855293,0.9807051420211792
Stookey,0714,553,571,40.15480514684539,-112.50486654861942,0.823589026927948
Stookey,0714,438,489,40.185827177334225,-112.53381272348005,0.9572063684463501
Stookey,0714,691,483,40.11757871025878,-112.53593073627474,0.9368378520011902
Stookey,0714,388,437,40.199315016677204,-112.5521688343673,0.6932088732719421
Stookey,0714,662,522,40.1254016570777,-112.52216365310932,0.7495414614677429
Stookey,0714,535,528,40.15966076900886,-112.52004564031463,0.973574161529541
Stookey,0714,643,404,40.130527036028035,-112.56381790473804,0.9616135358810425
Stookey,0714,426,498,40.18906425877654,-112.53063570428803,0.9540469646453857
Stookey,0714,479,573,40.17476714907299,-112.50416054435452,0.9522355198860168
Stookey,0714,557,404,40.15372611969795,-112.56381790473804,0.9547430872917175
Stookey,0714,393,469,40.19796623274291,-112.540872766129,0.9596883654594421
Stookey,0714,317,639,40.21846774854422,-112.48086240361303,0.6650189757347107
Stookey,0714,309,605,40.2206258028391,-112.49286447611622,0.880874514579773
Stookey,0714,403,518,40.19526866487431,-112.5235756616391,0.9588571786880493
Stookey,0714,442,501,40.18474815018679,-112.52957669789069,0.9705271124839783
Stookey,0714,556,555,40.15399587648481,-112.51051458273857,0.922418475151062
Stookey,0714,318,624,40.218197991757364,-112.48615743559972,0.6401711106300354
Stookey,0714,428,619,40.18852474520282,-112.48792244626196,0.9812740087509155
Stookey,0714,549,503,40.155884173992824,-112.5288706936258,0.9795330166816711
Stookey,0714,314,638,40.219277018904805,-112.48121540574547,0.5584452152252197
Stookey,0714,648,506,40.12917825209374,-112.52781168722846,0.9556677341461182
Stookey,0714,437,623,40.18609693412109,-112.48651043773218,0.9128015637397766
Stookey,0714,478,561,40.17503690585985,-112.50839656994388,0.9728154540061951
Stookey,0714,712,401,40.11191381773473,-112.56487691113539,0.7377036809921265
Stookey,0714,735,455,40.105709411636965,-112.54581479598325,0.9518640041351318
Stookey,0714,492,532,40.17126031084381,-112.51863363178484,0.964514970779419
Stookey,0714,537,566,40.15912125543514,-112.50663155928164,0.6554731726646423
Stookey,0714,569,568,40.150489038255635,-112.50592555501676,0.8721134662628174
Stookey,0714,337,512,40.21307261280703,-112.52569367443378,0.8763774037361145
Stookey,0714,492,398,40.17126031084381,-112.56593591753273,0.5372663736343384
Stookey,0714,720,489,40.10975576343986,-112.53381272348005,0.5302208065986633
Stookey,0714,564,577,40.15183782218993,-112.50274853582474,0.6794022917747498
Stookey,0714,349,554,40.20983553136472,-112.51086758487101,0.9686601161956787
Stookey,0714,541,573,40.158042228287705,-112.50416054435452,0.6343697905540466
Stookey,0714,561,506,40.15264709255051,-112.52781168722846,0.9752260446548462
Stookey,0714,364,493,40.205789179561826,-112.53240071495027,0.9195242524147034
Stookey,0714,690,502,40.11784846704564,-112.52922369575825,0.8419840335845947
Stookey,0714,557,570,40.15372611969795,-112.50521955075186,0.8363752365112305
Stookey,0714,588,512,40.1453636593053,-112.52569367443378,0.9468182921409607
Stookey,0714,413,474,40.19257109700571,-112.53910775546676,0.547339677810669
Stookey,0714,439,494,40.18555742054737,-112.53204771281783,0.9593655467033386
Stookey,0714,565,543,40.151568065403076,-112.51475060832793,0.9543682932853699
Stookey,0714,690,482,40.11784846704564,-112.53628373840719,0.9406005144119263
Stookey,0714,524,405,40.16262809366431,-112.5634649026056,0.972352147102356
Stookey,0714,383,533,40.2006638006115,-112.5182806296524,0.9620189666748047
Stookey,0714,393,479,40.19796623274291,-112.53734274480453,0.9224879741668701
Stookey,0714,558,403,40.15345636291109,-112.56417090687049,0.9523643851280212
Stookey,0714,554,562,40.15453539005853,-112.50804356781144,0.8745285272598267
Stookey,0714,362,548,40.206328693135546,-112.51298559766569,0.9761788249015808
Stookey,0714,525,554,40.16235833687745,-112.51086758487101,0.9500733613967896
Stookey,0714,427,450,40.18879450198968,-112.54757980664549,0.99615877866745
Stookey,0714,434,592,40.186906204481666,-112.49745350383803,0.9971160292625427
Stookey,0714,430,642,40.187985231629106,-112.47980339721569,0.9512630105018616
Stookey,0714,436,453,40.186366690907946,-112.54652080024815,0.9888413548469543
Stookey,0714,394,518,40.19769647595604,-112.5235756616391,0.9621942043304443
Stookey,0714,423,607,40.18987352913712,-112.49215847185133,0.9885844588279724
Stookey,0714,434,622,40.186906204481666,-112.48686343986462,0.9541863799095154
Stookey,0714,719,437,40.11002552022671,-112.5521688343673,0.9746026396751404
Stookey,0714,399,641,40.196347692021746,-112.48015639934813,0.9791232943534851
Stookey,0714,359,517,40.20713796349612,-112.52392866377154,0.9567205905914307
Stookey,0714,357,499,40.20767747706984,-112.53028270215559,0.9347566366195679
Stookey,0714,390,507,40.198775503103484,-112.52745868509601,0.9553403854370117
Stookey,0714,667,526,40.124052873143405,-112.52075164457952,0.5627428889274597
Stookey,0714,556,403,40.15399587648481,-112.56417090687049,0.9525334239006042
Stookey,0714,355,644,40.208216990643564,-112.47909739295079,0.7802975177764893
Stookey,0714,323,519,40.21684920782307,-112.52322265950666,0.9296922087669373
Stookey,0714,509,566,40.16667444546721,-112.50663155928164,0.8995537757873535
Stookey,0714,567,561,40.151028551829356,-112.50839656994388,0.9183165431022644
Stookey,0714,386,439,40.19985453025092,-112.55146283010241,0.8535526990890503
Stookey,0714,714,436,40.11137430416101,-112.55252183649975,0.9832602143287659
Stookey,0714,707,401,40.11326260166903,-112.56487691113539,0.9374550580978394
Stookey,0714,459,583,40.18016228481018,-112.50063052303005,0.9006666541099548
Stookey,0714,389,512,40.19904525989034,-112.52569367443378,0.9623671174049377
Stookey,0714,721,444,40.109486006653,-112.54969781944017,0.9640944004058838
Stookey,0714,370,483,40.20417063884067,-112.53593073627474,0.885309100151062
Stookey,0714,688,509,40.11838798061936,-112.52675268083112,0.8543573617935181
Stookey,0714,358,652,40.20740772028299,-112.47627337589121,0.5856729745864868
Stookey,0714,553,521,40.15480514684539,-112.52251665524176,0.956160306930542
Stookey,0714,377,485,40.202282341332655,-112.53522473200985,0.8274362087249756
Stookey,0714,416,457,40.191761826645134,-112.54510879171836,0.9035825133323669
Stookey,0714,616,521,40.13781046927324,-112.52251665524176,0.9136801958084106
Stookey,0714,475,554,40.175846176220425,-112.51086758487101,0.9831265807151794
Stookey,0714,547,396,40.156423687566544,-112.56664192179761,0.9569587707519531
Stookey,0714,572,568,40.14967976789506,-112.50592555501676,0.7045949697494507
Stookey,0714,459,562,40.18016228481018,-112.50804356781144,0.9639847874641418
Stookey,0714,513,535,40.16559541831977,-112.5175746253875,0.93535977602005
Stookey,0714,405,505,40.19472915130059,-112.5281646893609,0.9344311356544495
Stookey,0714,381,494,40.201203314185214,-112.53204771281783,0.9329383969306946
Stookey,0714,521,555,40.163437364024894,-112.51051458273857,0.9430690407752991
Stookey,0714,427,651,40.18879450198968,-112.47662637802367,0.9127470254898071
Stookey,0714,574,512,40.14914025432134,-112.52569367443378,0.9189303517341614
Stookey,0714,528,538,40.161549066516876,-112.51651561899016,0.9521965384483337
Stookey,0714,617,514,40.137540712486384,-112.52498767016888,0.9545859694480896
Stookey,0714,615,550,40.138080226060104,-112.5122795934008,0.5502542853355408
Stookey,0714,396,498,40.19715696238232,-112.53063570428803,0.8989024758338928
Stookey,0714,408,621,40.19391988094001,-112.48721644199706,0.9951419234275818
Stookey,0714,735,418,40.105709411636965,-112.55887587488378,0.6772555112838745
Stookey,0714,464,399,40.17881350087588,-112.56558291540028,0.6663208603858948
Stookey,0714,335,660,40.21361212638075,-112.47344935883164,0.6540162563323975
Stookey,0714,473,590,40.176385689794145,-112.49815950810293,0.5673835873603821
Stookey,0714,433,645,40.18717596126852,-112.47874439081835,0.9461075663566589
Stookey,0714,572,540,40.14967976789506,-112.51580961472527,0.6247353553771973
Stookey,0714,740,447,40.10436062770267,-112.54863881304283,0.9200442433357239
Stookey,0714,565,540,40.151568065403076,-112.51580961472527,0.9542829990386963
Stookey,0714,308,521,40.22089555962596,-112.52251665524176,0.7174617648124695
Stookey,0714,504,405,40.168023229401506,-112.5634649026056,0.9656324982643127
Stookey,0714,487,537,40.17260909477811,-112.51686862112261,0.9611687660217285
Stookey,0714,407,659,40.19418963772687,-112.47380236096409,0.8591170310974121
Stookey,0714,489,584,40.1720695812044,-112.5002775208976,0.766348123550415
Stookey,0714,415,596,40.192031583432,-112.49604149530825,0.991298258304596
Stookey,0714,727,486,40.10786746593184,-112.5348717298774,0.515097439289093
Stookey,0714,599,516,40.14239633464985,-112.524281665904,0.9353065490722656
Stookey,0714,670,515,40.12324360278283,-112.52463466803644,0.785418689250946
Stookey,0714,415,459,40.192031583432,-112.54440278745346,0.7514557838439941
Stookey,0714,360,643,40.20686820670927,-112.47945039508323,0.8559929728507996
Stookey,0714,386,520,40.19985453025092,-112.5228696573742,0.965957522392273
Stookey,0714,565,399,40.151568065403076,-112.56558291540028,0.911766767501831
Stookey,0714,454,553,40.18151106874448,-112.51122058700346,0.98719722032547
Stookey,0714,406,500,40.19445939451373,-112.52992970002315,0.7476685047149658
Stookey,0714,410,417,40.193380367366295,-112.55922887701624,0.7685208916664124
Stookey,0714,428,455,40.18852474520282,-112.54581479598325,0.9835103154182434
Stookey,0714,604,511,40.141047550715555,-112.52604667656622,0.9620867371559143
Stookey,0714,419,423,40.19095255628456,-112.55711086422156,0.9721924662590027
Stookey,0714,361,542,40.20659844992241,-112.51510361046037,0.970853865146637
Stookey,0714,549,408,40.155884173992824,-112.56240589620826,0.9686638712882996
Stookey,0714,560,536,40.15291684933737,-112.51722162325505,0.952754557132721
Stookey,0714,384,511,40.20039404382464,-112.52604667656622,0.9644785523414612
Stookey,0714,492,403,40.17126031084381,-112.56417090687049,0.8785578608512878
Stookey,0714,723,466,40.10894649307928,-112.54193177252634,0.9582166075706482
Stookey,0714,710,493,40.11245333130845,-112.53240071495027,0.6533263325691223
Stookey,0714,483,572,40.17368812192555,-112.50451354648696,0.9393620491027832
Stookey,0714,409,441,40.19365012415315,-112.55075682583751,0.9775508046150208
Stookey,0714,521,551,40.163437364024894,-112.51192659126835,0.9637476801872253
Stookey,0714,452,403,40.1820505823182,-112.56417090687049,0.9684292674064636
Stookey,0714,305,540,40.221704829986535,-112.51580961472527,0.8800775408744812
Stookey,0714,318,602,40.218197991757364,-112.49392348251357,0.9562758803367615
Stookey,0714,502,397,40.16856274297522,-112.56628891966517,0.8925869464874268
Stookey,0714,539,412,40.15858174186142,-112.56099388767846,0.9857227206230164
Stookey,0714,623,512,40.13592217176522,-112.52569367443378,0.9501662254333496
Stookey,0714,711,482,40.112183574521595,-112.53628373840719,0.9472233057022095
Stookey,0714,405,628,40.19472915130059,-112.48474542706994,0.9898185729980469
Stookey,0714,437,631,40.18609693412109,-112.4836864206726,0.6187931895256042
Stookey,0714,417,459,40.19149206985828,-112.54440278745346,0.8217507004737854
Stookey,0714,488,569,40.172339337991254,-112.5055725528843,0.9532662034034729
Stookey,0714,531,537,40.1607397961563,-112.51686862112261,0.9521965384483337
Stookey,0714,396,435,40.19715696238232,-112.55287483863219,0.749917209148407
Stookey,0714,702,493,40.114611385603325,-112.53240071495027,0.7300753593444824
Stookey,0714,621,512,40.13646168533894,-112.52569367443378,0.9549449682235718
Stookey,0714,367,453,40.20497990920125,-112.54652080024815,0.9445654153823853
Stookey,0714,612,521,40.13888949642068,-112.52251665524176,0.8973212838172913
Stookey,0714,370,521,40.20417063884067,-112.52251665524176,0.9593517780303955
Stookey,0714,451,613,40.182320339105054,-112.49004045905664,0.9288153648376465
Stookey,0714,675,510,40.12189481884853,-112.52639967869867,0.766464114189148
Stookey,0714,575,502,40.14887049753448,-112.52922369575825,0.9753145575523376
Stookey,0714,666,519,40.12432262993027,-112.52322265950666,0.6930198073387146
Stookey,0714,419,649,40.19095255628456,-112.47733238228855,0.9502471685409546
Stookey,0714,398,645,40.19661744880861,-112.47874439081835,0.968152642250061
Stookey,0714,312,523,40.21981653247852,-112.52181065097686,0.7373103499412537
Stookey,0714,683,525,40.11973676455366,-112.52110464671198,0.5784238576889038
Stookey,0714,418,456,40.191222313071414,-112.5454617938508,0.9472944140434265
Stookey,0714,422,497,40.19014328592398,-112.53098870642049,0.9511035680770874
Stookey,0714,720,463,40.10975576343986,-112.54299077892368,0.9599940180778503
Stookey,0714,607,518,40.14023828035498,-112.5235756616391,0.926618218421936
Stookey,0714,678,518,40.121085548487954,-112.5235756616391,0.8136014938354492
Stookey,0714,486,531,40.172878851564974,-112.5189866339173,0.9661747217178345
Stookey,0714,572,503,40.14967976789506,-112.5288706936258,0.9738550186157227
Stookey,0714,398,482,40.19661744880861,-112.53628373840719,0.842621386051178
Stookey,0714,476,518,40.17557641943357,-112.5235756616391,0.9778881669044495
Stookey,0714,356,470,40.20794723385671,-112.54051976399654,0.6566663980484009
Stookey,0714,306,532,40.22143507319968,-112.51863363178484,0.7626116275787354
Stookey,0714,372,643,40.20363112526695,-112.47945039508323,0.932746946811676
Stookey,0714,407,557,40.19418963772687,-112.50980857847367,0.9832026958465576
Stookey,0714,439,581,40.18555742054737,-112.50133652729494,0.965888500213623
Stookey,0714,403,532,40.19526866487431,-112.51863363178484,0.9704912900924683
Stookey,0714,420,421,40.1906827994977,-112.55781686848644,0.9706857800483704
Stookey,0714,652,521,40.128099224946304,-112.52251665524176,0.7583827972412109
Stookey,0714,379,514,40.201742827758935,-112.52498767016888,0.964422881603241
Stookey,0714,439,404,40.18555742054737,-112.56381790473804,0.9785663485527039
Stookey,0714,464,579,40.17881350087588,-112.50204253155984,0.8738225698471069
Stookey,0714,538,530,40.15885149864828,-112.51933963604974,0.9633786678314209
Stookey,0714,367,647,40.20497990920125,-112.47803838655345,0.7904462218284607
Stookey,0714,518,534,40.16424663438547,-112.51792762751995,0.9452622532844543
Stookey,0714,378,639,40.2020125845458,-112.48086240361303,0.9492375254631042
Stookey,0714,389,633,40.19904525989034,-112.48298041640771,0.979988694190979
Stookey,0714,683,494,40.11973676455366,-112.53204771281783,0.9190447926521301
Stookey,0714,398,640,40.19661744880861,-112.48050940148057,0.9768467545509338
Stookey,0714,659,494,40.12621092743829,-112.53204771281783,0.9603308439254761
Stookey,0714,407,552,40.19418963772687,-112.5115735891359,0.9877181053161621
Stookey,0714,611,550,40.13915925320754,-112.5122795934008,0.5117916464805603
Stookey,0714,386,526,40.19985453025092,-112.52075164457952,0.9652964472770691
Stookey,0714,736,423,40.1054396548501,-112.55711086422156,0.7949754595756531
Stookey,0714,431,578,40.18771547484224,-112.50239553369228,0.9874085187911987
Stookey,0714,695,490,40.11649968311134,-112.53345972134761,0.7916406393051147
Stookey,0714,370,518,40.20417063884067,-112.5235756616391,0.9579517841339111
Stookey,0714,721,476,40.109486006653,-112.53840175120187,0.9498297572135925
Stookey,0714,538,563,40.15885149864828,-112.50769056567898,0.872998058795929
Stookey,0714,515,529,40.16505590474605,-112.51969263818218,0.9550808072090149
Stookey,0714,455,604,40.18124131195761,-112.49321747824867,0.9402939081192017
Stookey,0714,509,385,40.16667444546721,-112.57052494525453,0.5686604976654053
Stookey,0714,717,482,40.110565033800434,-112.53628373840719,0.8772494792938232
Stookey,0714,415,519,40.192031583432,-112.52322265950666,0.9677739143371582
Stookey,0714,421,504,40.19041304271084,-112.52851769149335,0.9672475457191467
Stookey,0714,389,451,40.19904525989034,-112.54722680451304,0.9646130800247192
Stookey,0714,491,543,40.17153006763068,-112.51475060832793,0.9615082144737244
Stookey,0714,354,505,40.20848674743042,-112.5281646893609,0.9531455636024475
Stookey,0714,323,527,40.21684920782307,-112.52039864244708,0.9805824756622314
Stookey,0714,515,522,40.16505590474605,-112.52216365310932,0.9619584083557129
Stookey,0714,575,406,40.14887049753448,-112.56311190047315,0.9617938995361328
Stookey,0714,499,585,40.1693720133358,-112.49992451876516,0.5322297811508179
Stookey,0714,339,630,40.21253309923331,-112.48403942280505,0.9511695504188538
Stookey,0714,545,408,40.156963201140265,-112.56240589620826,0.979820728302002
Stookey,0714,338,507,40.212802856020176,-112.52745868509601,0.9095457196235657
Stookey,0714,450,607,40.18259009589191,-112.49215847185133,0.9225566983222961
Stookey,0714,358,478,40.20740772028299,-112.53769574693698,0.8608328700065613
Stookey,0714,356,498,40.20794723385671,-112.53063570428803,0.9332760572433472
Stookey,0714,431,558,40.18771547484224,-112.50945557634122,0.9818475246429443
Stookey,0714,376,504,40.20255209811951,-112.52851769149335,0.9598584771156311
Stookey,0714,634,522,40.13295484710977,-112.52216365310932,0.6273624300956726
Stookey,0714,427,567,40.18879450198968,-112.5062785571492,0.9745779037475586
Stookey,0714,420,500,40.1906827994977,-112.52992970002315,0.9541804790496826
Stookey,0714,392,509,40.19823598952976,-112.52675268083112,0.9584682583808899
Stookey,0714,413,447,40.19257109700571,-112.54863881304283,0.9820700883865356
Stookey,0714,341,530,40.2119935856596,-112.51933963604974,0.9727265238761902
Stookey,0714,347,632,40.21037504493844,-112.48333341854016,0.9540864825248718
Stookey,0714,403,453,40.19526866487431,-112.54652080024815,0.9431120753288269
Stookey,0714,713,493,40.111644060947874,-112.53240071495027,0.5622072219848633
Stookey,0714,524,394,40.16262809366431,-112.56734792606251,0.9559550881385803
Stookey,0714,545,543,40.156963201140265,-112.51475060832793,0.9543083906173706
Stookey,0714,421,444,40.19041304271084,-112.54969781944017,0.9977084994316101
Stookey,0714,680,487,40.120546034914234,-112.53451872774495,0.9444897174835205
Stookey,0714,343,636,40.21145407208588,-112.48192141001037,0.9423250555992126
Stookey,0714,390,653,40.198775503103484,-112.47592037375877,0.7588756084442139
Stookey,0714,501,525,40.16883249976208,-112.52110464671198,0.9623920321464539
Stookey,0714,563,499,40.152107578976796,-112.53028270215559,0.9818365573883057
Stookey,0714,411,420,40.19311061057943,-112.5581698706189,0.8795390129089355
Stookey,0714,425,644,40.189334015563404,-112.47909739295079,0.9540605545043945
Stookey,0714,317,649,40.21846774854422,-112.47733238228855,0.6734700202941895
Stookey,0714,341,639,40.2119935856596,-112.48086240361303,0.8994016647338867
Stookey,0714,426,630,40.18906425877654,-112.48403942280505,0.9599533677101135
Stookey,0714,442,621,40.18474815018679,-112.48721644199706,0.7970011234283447
Stookey,0714,719,478,40.11002552022671,-112.53769574693698,0.9382207989692688
Stookey,0714,414,636,40.192301340218854,-112.48192141001037,0.974847137928009
Stookey,0714,346,643,40.2106448017253,-112.47945039508323,0.8506125211715698
Stookey,0714,550,567,40.15561441720597,-112.5062785571492,0.8302087783813477
Stookey,0714,362,494,40.206328693135546,-112.53204771281783,0.9306949377059937
Stookey,0714,393,447,40.19796623274291,-112.54863881304283,0.9539730548858643
Stookey,0714,309,545,40.2206258028391,-112.51404460406303,0.9443326592445374
Stookey,0714,312,540,40.21981653247852,-112.51580961472527,0.9568817615509033
Stookey,0714,378,526,40.2020125845458,-112.52075164457952,0.963598906993866
Stookey,0714,671,514,40.12297384599597,-112.52498767016888,0.7798357009887695
Stookey,0714,682,506,40.120006521340514,-112.52781168722846,0.88865065574646
Stookey,0714,376,492,40.20255209811951,-112.53275371708271,0.9325344562530518
Stookey,0714,506,553,40.167483715827785,-112.51122058700346,0.9539210200309753
Stookey,0714,427,620,40.18879450198968,-112.48756944412952,0.9819061756134033
Stookey,0714,626,395,40.135112901404646,-112.56699492393007,0.6972963809967041
Stookey,0714,675,512,40.12189481884853,-112.52569367443378,0.7543580532073975
Stookey,0714,359,554,40.20713796349612,-112.51086758487101,0.9747856855392456
Stookey,0714,430,611,40.187985231629106,-112.49074646332154,0.9868150353431702
Stookey,0714,714,489,40.11137430416101,-112.53381272348005,0.642882764339447
Stookey,0714,423,490,40.18987352913712,-112.53345972134761,0.6118255257606506
Stookey,0714,334,543,40.213881883167616,-112.51475060832793,0.9987760186195374
Stookey,0714,639,507,40.131606063175475,-112.52745868509601,0.9539542198181152
Stookey,0714,671,484,40.12297384599597,-112.5355777341423,0.9594094157218933
Stookey,0714,659,399,40.12621092743829,-112.56558291540028,0.9261801242828369
Stookey,0714,439,554,40.18555742054737,-112.51086758487101,0.9911925792694092
Stookey,0714,396,516,40.19715696238232,-112.524281665904,0.9643843770027161
Stookey,0714,670,481,40.12324360278283,-112.53663674053963,0.9615420699119568
Stookey,0714,634,514,40.13295484710977,-112.52498767016888,0.9530473351478577
Stookey,0714,420,453,40.1906827994977,-112.54652080024815,0.9769331216812134
Stookey,0714,510,544,40.166404688680345,-112.51439760619547,0.8761906623840332
Stookey,0714,311,606,40.22008628926538,-112.49251147398377,0.9239266514778137
Stookey,0714,419,592,40.19095255628456,-112.49745350383803,0.9917827248573303
Stookey,0714,477,566,40.175306662646705,-112.50663155928164,0.9718525409698486
Stookey,0714,410,614,40.193380367366295,-112.4896874569242,0.9890522956848145
Stookey,0714,505,397,40.16775347261464,-112.56628891966517,0.9088367819786072
Stookey,0714,404,565,40.19499890808745,-112.5069845614141,0.9862492680549622
Stookey,0714,556,525,40.15399587648481,-112.52110464671198,0.9539919495582581
Stookey,0714,514,388,40.165325661532904,-112.56946593885719,0.7883251905441284
Stookey,0714,378,485,40.2020125845458,-112.53522473200985,0.8132741451263428
Stookey,0714,327,650,40.21577018067563,-112.47697938015611,0.7673207521438599
Stookey,0714,443,402,40.18447839339993,-112.56452390900294,0.9719824194908142
Stookey,0714,475,520,40.175846176220425,-112.5228696573742,0.9791254997253418
Stookey,0714,575,399,40.14887049753448,-112.56558291540028,0.6627944111824036
Stookey,0714,719,481,40.11002552022671,-112.53663674053963,0.8820121884346008
Stookey,0714,694,503,40.1167694398982,-112.5288706936258,0.8226866722106934
Stookey,0714,315,510,40.21900726211794,-112.52639967869867,0.5069568157196045
Stookey,0714,392,456,40.19823598952976,-112.5454617938508,0.9748077392578125
Stookey,0714,555,542,40.15426563327167,-112.51510361046037,0.95309978723526
Stookey,0714,438,493,40.185827177334225,-112.53240071495027,0.9587252140045166
Stookey,0714,702,491,40.114611385603325,-112.53310671921517,0.7379358410835266
Stookey,0714,429,576,40.18825498841596,-112.50310153795718,0.9924039840698242
Stookey,0714,685,513,40.11919725097994,-112.52534067230134,0.8520669341087341
Stookey,0714,548,520,40.15615393077969,-112.5228696573742,0.9604628682136536
Stookey,0714,400,429,40.19607793523489,-112.55499285142687,0.7996244430541992
Stookey,0714,398,532,40.19661744880861,-112.51863363178484,0.9653352499008179
Stookey,0714,373,653,40.203361368480095,-112.47592037375877,0.540213942527771
Stookey,0714,561,495,40.15264709255051,-112.53169471068537,0.9835264086723328
Stookey,0714,343,633,40.21145407208588,-112.48298041640771,0.9532556533813477
Stookey,0714,634,521,40.13295484710977,-112.52251665524176,0.776310384273529
Stookey,0714,463,567,40.17908325766274,-112.5062785571492,0.9574692845344543
Stookey,0714,323,642,40.21684920782307,-112.47980339721569,0.7500195503234863
Stookey,0714,710,498,40.11245333130845,-112.53063570428803,0.6603751182556152
Stookey,0714,579,405,40.14779147038704,-112.5634649026056,0.9621206521987915
Stookey,0714,667,498,40.124052873143405,-112.53063570428803,0.9583603143692017
Stookey,0714,326,532,40.21603993746249,-112.51863363178484,0.9920951128005981
Stookey,0714,381,456,40.201203314185214,-112.5454617938508,0.9785965085029602
Stookey,0714,332,534,40.21442139674133,-112.51792762751995,0.9848939180374146
Stookey,0714,424,457,40.18960377235026,-112.54510879171836,0.963702380657196
Stookey,0714,412,616,40.192840853792575,-112.4889814526593,0.9875324964523315
Stookey,0714,543,569,40.157502714713985,-112.5055725528843,0.7101992964744568
Stookey,0714,363,639,40.20605893634869,-112.48086240361303,0.9315880537033081
Stookey,0714,493,567,40.17099055405696,-112.5062785571492,0.9591941237449646
Stookey,0714,436,487,40.186366690907946,-112.53451872774495,0.9544281363487244
Stookey,0714,499,566,40.1693720133358,-112.50663155928164,0.9520881772041321
Stookey,0714,396,509,40.19715696238232,-112.52675268083112,0.9619240760803223
Stookey,0714,316,526,40.218737505331084,-112.52075164457952,0.9076734781265259
Stookey,0714,541,399,40.158042228287705,-112.56558291540028,0.9727538824081421
Stookey,0714,416,602,40.191761826645134,-112.49392348251357,0.9832914471626282
Stookey,0714,704,465,40.114071872029605,-112.54228477465878,0.9768463373184204
Stookey,0714,406,448,40.19445939451373,-112.54828581091039,0.9626537561416626
Stookey,0714,492,534,40.17126031084381,-112.51792762751995,0.965286374092102
Stookey,0714,562,551,40.15237733576365,-112.51192659126835,0.9286611080169678
Stookey,0714,416,417,40.191761826645134,-112.55922887701624,0.9116065502166748
Stookey,0714,366,640,40.20524966598811,-112.48050940148057,0.9291327595710754
Stookey,0714,531,529,40.1607397961563,-112.51969263818218,0.954608678817749
Stookey,0714,320,529,40.217658478183644,-112.51969263818218,0.9785230159759521
Stookey,0714,401,614,40.195808178448026,-112.4896874569242,0.994824230670929
Stookey,0714,421,492,40.19041304271084,-112.53275371708271,0.5645178556442261
Stookey,0714,386,515,40.19985453025092,-112.52463466803644,0.968498170375824
Stookey,0714,397,536,40.196887205595466,-112.51722162325505,0.9692994356155396
Stookey,0714,325,652,40.21630969424935,-112.47627337589121,0.7331300377845764
Stookey,0714,337,622,40.21307261280703,-112.48686343986462,0.958121657371521
Stookey,0714,670,396,40.12324360278283,-112.56664192179761,0.8563494086265564
Stookey,0714,346,638,40.2106448017253,-112.48121540574547,0.9288139939308167
Stookey,0714,504,387,40.168023229401506,-112.56981894098963,0.559119462966919
Stookey,0714,562,514,40.15237733576365,-112.52498767016888,0.95356684923172
Stookey,0714,699,398,40.1154206559639,-112.56593591753273,0.7503356337547302
Stookey,0714,681,476,40.12027627812738,-112.53840175120187,0.9641732573509216
Stookey,0714,689,513,40.1181182238325,-112.52534067230134,0.5635961294174194
Stookey,0714,487,412,40.17260909477811,-112.56099388767846,0.9725462794303894
Stookey,0714,475,400,40.175846176220425,-112.56522991326783,0.8392133712768555
Stookey,0714,490,579,40.17179982441753,-112.50204253155984,0.8630046844482422
Stookey,0714,691,504,40.11757871025878,-112.52851769149335,0.8727487921714783
Stookey,0714,519,391,40.16397687759861,-112.56840693245985,0.9415426254272461
Stookey,0714,428,654,40.18852474520282,-112.47556737162633,0.8404136300086975
Stookey,0714,553,531,40.15480514684539,-112.5189866339173,0.9569414258003235
Stookey,0714,699,511,40.1154206559639,-112.52604667656622,0.6108330488204956
Stookey,0714,307,610,40.221165316412815,-112.49109946545398,0.6484882235527039
Stookey,0714,500,399,40.16910225654894,-112.56558291540028,0.858581006526947
Stookey,0714,446,497,40.18366912303935,-112.53098870642049,0.9765798449516296
Stookey,0714,301,579,40.222783857133976,-112.50204253155984,0.9076305031776428
Stookey,0714,374,537,40.20309161169323,-112.51686862112261,0.9629390239715576
Stookey,0714,551,524,40.155344660419104,-112.52145764884442,0.9631412029266357
Stookey,0714,413,652,40.19257109700571,-112.47627337589121,0.9001041650772095
Stookey,0714,316,643,40.218737505331084,-112.47945039508323,0.6190265417098999
Stookey,0714,343,510,40.21145407208588,-112.52639967869867,0.9474428296089172
Stookey,0714,547,570,40.156423687566544,-112.50521955075186,0.7849865555763245
Stookey,0714,680,485,40.120546034914234,-112.53522473200985,0.9425264000892639
Stookey,0714,725,480,40.10840697950556,-112.53698974267208,0.8234838843345642
Stookey,0714,685,523,40.11919725097994,-112.52181065097686,0.5814450979232788
Stookey,0714,415,602,40.192031583432,-112.49392348251357,0.9794875383377075
Stookey,0714,414,515,40.192301340218854,-112.52463466803644,0.9681742787361145
Stookey,0714,516,563,40.16478614795919,-112.50769056567898,0.6911312937736511
Stookey,0714,725,420,40.10840697950556,-112.5581698706189,0.952788233757019
Stookey,0714,473,411,40.176385689794145,-112.56134688981092,0.9870786666870117
Stookey,0714,689,497,40.1181182238325,-112.53098870642049,0.7988038063049316
Stookey,0714,667,401,40.124052873143405,-112.56487691113539,0.9466554522514343
Stookey,0714,534,512,40.159930525795716,-112.52569367443378,0.9746373295783997
Stookey,0714,463,580,40.17908325766274,-112.5016895294274,0.8319514393806458
Stookey,0714,463,572,40.17908325766274,-112.50451354648696,0.9528136253356934
Stookey,0714,519,397,40.16397687759861,-112.56628891966517,0.9550439715385437
Stookey,0714,544,573,40.15723295792712,-112.50416054435452,0.6927682161331177
Stookey,0714,399,498,40.196347692021746,-112.53063570428803,0.9073519110679626
Stookey,0714,583,510,40.1467124432396,-112.52639967869867,0.9559814929962158
Stookey,0714,371,537,40.20390088205381,-112.51686862112261,0.9575604796409607
Stookey,0714,474,564,40.17611593300729,-112.50733756354654,0.9716975092887878
Stookey,0714,673,499,40.12243433242225,-112.53028270215559,0.9521176218986511
Stookey,0714,305,556,40.221704829986535,-112.51016158060612,0.8821179270744324
Stookey,0714,487,572,40.17260909477811,-112.50451354648696,0.9359784722328186
Stookey,0714,688,527,40.11838798061936,-112.52039864244708,0.6208400130271912
Stookey,0714,686,504,40.11892749419308,-112.52851769149335,0.9104593992233276
Stookey,0714,483,534,40.17368812192555,-112.51792762751995,0.9631394743919373
Stookey,0714,620,549,40.1367314421258,-112.51263259553325,0.5949763655662537
Stookey,0714,639,514,40.131606063175475,-112.52498767016888,0.9549221396446228
Stookey,0714,726,454,40.108137222718696,-112.5461677981157,0.9600826501846313
Stookey,0714,416,426,40.191761826645134,-112.55605185782422,0.973355770111084
Stookey,0714,433,576,40.18717596126852,-112.50310153795718,0.984878659248352
Stookey,0714,492,547,40.17126031084381,-112.51333859979813,0.9646614789962769
Stookey,0714,684,499,40.1194670077668,-112.53028270215559,0.8970586061477661
Stookey,0714,418,450,40.191222313071414,-112.54757980664549,0.9887421131134033
Stookey,0714,536,544,40.159391012222,-112.51439760619547,0.9592933654785156
Stookey,0714,509,527,40.16667444546721,-112.52039864244708,0.96198570728302
Stookey,0714,719,464,40.11002552022671,-112.54263777679122,0.9618825912475586
Stookey,0714,344,505,40.211184315299015,-112.5281646893609,0.9341529011726379
Stookey,0714,422,605,40.19014328592398,-112.49286447611622,0.9883201122283936
Stookey,0714,540,417,40.15831198507456,-112.55922887701624,0.9898908734321594
Stookey,0714,655,403,40.12728995458572,-112.56417090687049,0.9536218643188477
Stookey,0714,429,401,40.18825498841596,-112.56487691113539,0.7794777750968933
Stookey,0714,659,397,40.12621092743829,-112.56628891966517,0.8900363445281982
Stookey,0714,575,563,40.14887049753448,-112.50769056567898,0.6678714156150818
Stookey,0714,356,541,40.20794723385671,-112.51545661259281,0.9687825441360474
Stookey,0714,407,438,40.19418963772687,-112.55181583223485,0.9607478976249695
Stookey,0714,664,502,40.12486214350399,-112.52922369575825,0.9564195871353149
Stookey,0714,574,576,40.14914025432134,-112.50310153795718,0.8366336822509766
Stookey,0714,441,395,40.18501790697365,-112.56699492393007,0.8465988636016846
Stookey,0714,427,459,40.18879450198968,-112.54440278745346,0.9609671235084534
Stookey,0714,313,619,40.21954677569166,-112.48792244626196,0.7547484040260315
Stookey,0714,738,441,40.10490014127639,-112.55075682583751,0.9531017541885376
Stookey,0714,324,611,40.21657945103621,-112.49074646332154,0.9530485272407532
Stookey,0714,386,636,40.19985453025092,-112.48192141001037,0.9683326482772827
Stookey,0714,376,508,40.20255209811951,-112.52710568296357,0.9613333940505981
Stookey,0714,558,560,40.15345636291109,-112.50874957207633,0.8926137089729309
Stookey,0714,707,494,40.11326260166903,-112.53204771281783,0.688075602054596
Stookey,0714,500,523,40.16910225654894,-112.52181065097686,0.9701108336448669
Stookey,0714,377,450,40.202282341332655,-112.54757980664549,0.9693187475204468
Stookey,0714,413,627,40.19257109700571,-112.4850984292024,0.9820964336395264
Stookey,0714,690,496,40.11784846704564,-112.53134170855293,0.6903861165046692
Stookey,0714,416,595,40.191761826645134,-112.49639449744069,0.9903286695480347
Stookey,0714,404,645,40.19499890808745,-112.47874439081835,0.9616376757621765
Stookey,0714,359,535,40.20713796349612,-112.5175746253875,0.9658815264701843
Stookey,0714,340,664,40.212263342446455,-112.47203735030186,0.5633761882781982
Stookey,0714,685,517,40.11919725097994,-112.52392866377154,0.8039603233337402
Stookey,0714,309,588,40.2206258028391,-112.49886551236781,0.958010196685791
Stookey,0714,399,647,40.196347692021746,-112.47803838655345,0.9575135111808777
Stookey,0714,638,402,40.13187581996233,-112.56452390900294,0.9561063051223755
Stookey,0714,505,398,40.16775347261464,-112.56593591753273,0.9281666278839111
Stookey,0714,368,666,40.20471015241439,-112.47133134603696,0.6072113513946533
Stookey,0714,491,570,40.17153006763068,-112.50521955075186,0.946673572063446
Stookey,0714,484,531,40.173418365138694,-112.5189866339173,0.9620529413223267
Stookey,0714,684,504,40.1194670077668,-112.52851769149335,0.9174282550811768
Stookey,0714,640,515,40.13133630638861,-112.52463466803644,0.9536178112030029
Stookey,0714,334,630,40.213881883167616,-112.48403942280505,0.9372310638427734
Stookey,0714,443,593,40.18447839339993,-112.49710050170559,0.964684784412384
Stookey,0714,508,538,40.166944202254065,-112.51651561899016,0.9507866501808167
Stookey,0714,571,508,40.149949524681915,-112.52710568296357,0.9697490930557251
Stookey,0714,732,425,40.10651868199754,-112.55640485995666,0.9630611538887024
Stookey,0714,500,396,40.16910225654894,-112.56664192179761,0.8359807729721069
Stookey,0714,585,400,40.14617292966589,-112.56522991326783,0.870815098285675
Stookey,0714,514,525,40.165325661532904,-112.52110464671198,0.9619983434677124
Stookey,0714,442,566,40.18474815018679,-112.50663155928164,0.9839135408401489
Stookey,0714,426,636,40.18906425877654,-112.48192141001037,0.9548977613449097
Stookey,0714,412,662,40.192840853792575,-112.47274335456675,0.7890142798423767
Stookey,0714,550,574,40.15561441720597,-112.50380754222208,0.7495932579040527
Stookey,0714,311,578,40.22008628926538,-112.50239553369228,0.96915602684021
Stookey,0714,731,459,40.1067884387844,-112.54440278745346,0.9539523124694824
Stookey,0714,461,596,40.17962277123646,-112.49604149530825,0.8603172898292542
Stookey,0714,737,438,40.105169898063245,-112.55181583223485,0.9535495638847351
Stookey,0714,577,403,40.14833098396076,-112.56417090687049,0.9063504338264465
Stookey,0714,446,578,40.18366912303935,-112.50239553369228,0.9729712009429932
Stookey,0714,395,643,40.19742671916919,-112.47945039508323,0.9760929346084595
Stookey,0714,399,536,40.196347692021746,-112.51722162325505,0.9738380908966064
Stookey,0714,431,485,40.18771547484224,-112.53522473200985,0.8818557262420654
Stookey,0714,491,565,40.17153006763068,-112.5069845614141,0.9616495966911316
Stookey,0714,455,575,40.18124131195761,-112.50345454008962,0.9334839582443237
Stookey,0714,345,648,40.21091455851216,-112.47768538442101,0.6584568023681641
Stookey,0714,327,608,40.21577018067563,-112.49180546971888,0.9628838300704956
Stookey,0714,498,414,40.16964177012266,-112.56028788341358,0.9789348840713501
Stookey,0714,348,563,40.21010528815158,-112.50769056567898,0.974264919757843
Stookey,0714,357,640,40.20767747706984,-112.48050940148057,0.9510778188705444
Stookey,0714,596,513,40.14320560501043,-112.52534067230134,0.9570581912994385
Stookey,0714,404,557,40.19499890808745,-112.50980857847367,0.9868522882461548
Stookey,0714,301,583,40.222783857133976,-112.50063052303005,0.8933718800544739
Stookey,0714,420,502,40.1906827994977,-112.52922369575825,0.9549835324287415
Stookey,0714,313,597,40.21954677569166,-112.49568849317579,0.9529794454574585
Stookey,0714,440,593,40.18528766376051,-112.49710050170559,0.967503547668457
Stookey,0714,356,638,40.20794723385671,-112.48121540574547,0.954643189907074
Stookey,0714,453,609,40.181780825531334,-112.49145246758643,0.9272729158401489
Stookey,0714,323,646,40.21684920782307,-112.47839138868589,0.7234238982200623
Stookey,0714,525,561,40.16235833687745,-112.50839656994388,0.8678752183914185
Stookey,0714,641,516,40.131066549601755,-112.524281665904,0.9521965384483337
Stookey,0714,577,520,40.14833098396076,-112.5228696573742,0.7275030016899109
Stookey,0714,403,439,40.19526866487431,-112.55146283010241,0.9254893064498901
Stookey,0714,690,523,40.11784846704564,-112.52181065097686,0.6955655217170715
Stookey,0714,460,569,40.179892528023316,-112.5055725528843,0.9595996737480164
Stookey,0714,649,520,40.12890849530688,-112.5228696573742,0.8330628871917725
Stookey,0714,736,451,40.1054396548501,-112.54722680451304,0.9501786231994629
Stookey,0714,564,536,40.15183782218993,-112.51722162325505,0.9530470371246338
Stookey,0714,406,416,40.19445939451373,-112.55958187914868,0.59329754114151
Stookey,0714,356,550,40.20794723385671,-112.5122795934008,0.9700385332107544
Stookey,0714,560,575,40.15291684933737,-112.50345454008962,0.5205327272415161
Stookey,0714,453,589,40.181780825531334,-112.49851251023537,0.9538426995277405
Stookey,0714,557,522,40.15372611969795,-112.52216365310932,0.962552011013031
Stookey,0714,397,637,40.196887205595466,-112.48156840787792,0.9770902991294861
Stookey,0714,345,540,40.21091455851216,-112.51580961472527,0.9820762276649475
Stookey,0714,434,564,40.186906204481666,-112.50733756354654,0.9755294919013977
Stookey,0714,326,513,40.21603993746249,-112.52534067230134,0.7421995997428894
Stookey,0714,451,614,40.182320339105054,-112.4896874569242,0.9180095791816711
Stookey,0714,554,556,40.15453539005853,-112.51016158060612,0.9190657138824463
Stookey,0714,297,565,40.22386288428142,-112.5069845614141,0.5703513026237488
Stookey,0714,546,410,40.15669344435341,-112.56169989194336,0.9738073945045471
Stookey,0714,522,383,40.16316760723803,-112.57123094951943,0.7052185535430908
Stookey,0714,424,599,40.18960377235026,-112.4949824889109,0.9931249618530273
Stookey,0714,303,554,40.222244343560256,-112.51086758487101,0.828806459903717
Stookey,0714,604,510,40.141047550715555,-112.52639967869867,0.9667871594429016
Stookey,0714,732,479,40.10651868199754,-112.53734274480453,0.5895757675170898
Stookey,0714,707,521,40.11326260166903,-112.52251665524176,0.7584685683250427
Stookey,0714,663,481,40.125131900290846,-112.53663674053963,0.9692403674125671
Stookey,0714,713,404,40.111644060947874,-112.56381790473804,0.9008784890174866
Stookey,0714,421,586,40.19041304271084,-112.49957151663271,0.9913104772567749
Stookey,0714,565,400,40.151568065403076,-112.56522991326783,0.9264170527458191
Stookey,0714,534,520,40.159930525795716,-112.5228696573742,0.9792341589927673
Stookey,0714,486,409,40.172878851564974,-112.5620528940758,0.9596970081329346
Stookey,0714,721,462,40.109486006653,-112.54334378105612,0.9619638919830322
Stookey,0714,384,524,40.20039404382464,-112.52145764884442,0.964728057384491
Stookey,0714,356,506,40.20794723385671,-112.52781168722846,0.9532755613327026
Stookey,0714,329,637,40.21523066710191,-112.48156840787792,0.8446875810623169
Stookey,0714,318,525,40.218197991757364,-112.52110464671198,0.9503315091133118
Stookey,0714,709,517,40.11272308809531,-112.52392866377154,0.6880627870559692
Stookey,0714,347,646,40.21037504493844,-112.47839138868589,0.724124550819397
Stookey,0714,670,524,40.12324360278283,-112.52145764884442,0.6674731373786926
Stookey,0714,455,614,40.18124131195761,-112.4896874569242,0.8913745880126953
Stookey,0714,418,424,40.191222313071414,-112.5567578620891,0.9726693630218506
Stookey,0714,700,518,40.115150899177046,-112.5235756616391,0.7669199705123901
Stookey,0714,708,500,40.11299284488217,-112.52992970002315,0.6432536244392395
Stookey,0714,429,460,40.18825498841596,-112.54404978532102,0.9645001888275146
Stookey,0714,374,649,40.20309161169323,-112.47733238228855,0.915323793888092
Stookey,0714,325,657,40.21630969424935,-112.47450836522898,0.6562181711196899
Stookey,0714,326,647,40.21603993746249,-112.47803838655345,0.7167191505432129
Stookey,0714,384,537,40.20039404382464,-112.51686862112261,0.9698035717010498
Stookey,0714,694,511,40.1167694398982,-112.52604667656622,0.5971616506576538
Stookey,0714,725,414,40.10840697950556,-112.56028788341358,0.8019262552261353
Stookey,0714,432,566,40.187445718055386,-112.50663155928164,0.9663273692131042
Stookey,0714,348,528,40.21010528815158,-112.52004564031463,0.9778530597686768
Stookey,0714,609,522,40.13969876678126,-112.52216365310932,0.8517729640007019
Stookey,0714,430,614,40.187985231629106,-112.4896874569242,0.9814905524253845
Stookey,0714,424,651,40.18960377235026,-112.47662637802367,0.9473262429237366
Stookey,0714,346,632,40.2106448017253,-112.48333341854016,0.9536882042884827
Stookey,0714,418,511,40.191222313071414,-112.52604667656622,0.9694437384605408
Stookey,0714,711,480,40.112183574521595,-112.53698974267208,0.9528383612632751
Stookey,0714,407,418,40.19418963772687,-112.55887587488378,0.7575266361236572
Stookey,0714,344,642,40.211184315299015,-112.47980339721569,0.8467602729797363
Stookey,0714,513,392,40.16559541831977,-112.56805393032741,0.8841843008995056
Stookey,0714,423,421,40.18987352913712,-112.55781686848644,0.9804434776306152
Stookey,0714,544,530,40.15723295792712,-112.51933963604974,0.9640766382217407
Stookey,0714,309,591,40.2206258028391,-112.49780650597047,0.9575755000114441
Stookey,0714,692,395,40.11730895347192,-112.56699492393007,0.5816113352775574
Stookey,0714,491,569,40.17153006763068,-112.5055725528843,0.9513052701950073
Stookey,0714,562,581,40.15237733576365,-112.50133652729494,0.6228989362716675
Stookey,0714,691,494,40.11757871025878,-112.53204771281783,0.74625164270401
Stookey,0714,304,534,40.2219745867734,-112.51792762751995,0.532990038394928
Stookey,0714,670,403,40.12324360278283,-112.56417090687049,0.9568343162536621
Stookey,0714,360,509,40.20686820670927,-112.52675268083112,0.9553900957107544
Stookey,0714,410,598,40.193380367366295,-112.49533549104335,0.9897218942642212
Stookey,0714,578,570,40.148061227173905,-112.50521955075186,0.8283540606498718
Stookey,0714,613,525,40.13861973963382,-112.52110464671198,0.5644840598106384
Stookey,0714,701,496,40.11488114239019,-112.53134170855293,0.5917830467224121
Stookey,0714,412,606,40.192840853792575,-112.49251147398377,0.9797530174255371
Stookey,0714,617,524,40.137540712486384,-112.52145764884442,0.673515796661377
Stookey,0714,385,635,40.20012428703778,-112.48227441214281,0.9715635776519775
Stookey,0714,731,439,40.1067884387844,-112.55146283010241,0.9712985754013062
Stookey,0714,665,468,40.124592386717126,-112.54122576826144,0.9796352982521057
Stookey,0714,375,448,40.202821854906375,-112.54828581091039,0.9594718217849731
Stookey,0714,399,440,40.196347692021746,-112.55110982796995,0.9170590043067932
Stookey,0714,728,436,40.10759770914498,-112.55252183649975,0.9727479815483093
Stookey,0714,708,488,40.11299284488217,-112.53416572561251,0.8371327519416809
Stookey,0714,334,617,40.213881883167616,-112.48862845052686,0.9617488980293274
Stookey,0714,530,520,40.161009552943156,-112.5228696573742,0.964275598526001
Stookey,0714,736,475,40.1054396548501,-112.53875475333432,0.7239811420440674
Stookey,0714,394,488,40.19769647595604,-112.53416572561251,0.9197084903717041
Stookey,0714,387,656,40.19958477346406,-112.47486136736143,0.5820702314376831
Stookey,0714,421,412,40.19041304271084,-112.56099388767846,0.9413005709648132
Stookey,0714,559,511,40.15318660612423,-112.52604667656622,0.9610821604728699
Stookey,0714,711,497,40.112183574521595,-112.53098870642049,0.6526368856430054
Stookey,0714,354,643,40.20848674743042,-112.47945039508323,0.8530896902084351
Stookey,0714,703,468,40.11434162881647,-112.54122576826144,0.9734385013580322
Stookey,0714,516,523,40.16478614795919,-112.52181065097686,0.9597558975219727
Stookey,0714,569,577,40.150489038255635,-112.50274853582474,0.7843038439750671
Stookey,0714,523,533,40.162897850451174,-112.5182806296524,0.9504538774490356
Stookey,0714,378,647,40.2020125845458,-112.47803838655345,0.9374417066574097
Stookey,0714,347,482,40.21037504493844,-112.53628373840719,0.5287084579467773
Stookey,0714,494,420,40.1707207972701,-112.5581698706189,0.9912505149841309
Stookey,0714,433,573,40.18717596126852,-112.50416054435452,0.9753699898719788
Stookey,0714,353,487,40.208756504217284,-112.53451872774495,0.9087441563606262
Stookey,0714,706,498,40.11353235845589,-112.53063570428803,0.7359120845794678
Stookey,0714,351,638,40.209296017791004,-112.48121540574547,0.9496071934700012
Stookey,0714,502,566,40.16856274297522,-112.50663155928164,0.9471526145935059
Stookey,0714,738,426,40.10490014127639,-112.55605185782422,0.9125809669494629
Stookey,0714,480,532,40.17449739228613,-112.51863363178484,0.9742835760116577
Stookey,0714,448,575,40.18312960946563,-112.50345454008962,0.975050687789917
Stookey,0714,737,433,40.105169898063245,-112.55358084289708,0.9510282278060913
Stookey,0714,347,644,40.21037504493844,-112.47909739295079,0.801302433013916
Stookey,0714,442,578,40.18474815018679,-112.50239553369228,0.9793400168418884
Stookey,0714,553,412,40.15480514684539,-112.56099388767846,0.9740706086158752
Stookey,0714,724,485,40.108676736292416,-112.53522473200985,0.6913955807685852
Stookey,0714,482,407,40.17395787871241,-112.5627588983407,0.9427767395973206
Stookey,0714,495,562,40.170451040483236,-112.50804356781144,0.9541527032852173
Stookey,0714,355,486,40.208216990643564,-112.5348717298774,0.8804528117179871
Stookey,0714,583,517,40.1467124432396,-112.52392866377154,0.8128365278244019
Stookey,0714,653,505,40.12782946815944,-112.5281646893609,0.9575852751731873
Stookey,0714,401,555,40.195808178448026,-112.51051458273857,0.9846262335777283
Stookey,0714,385,466,40.20012428703778,-112.54193177252634,0.9814707636833191
Stookey,0714,326,522,40.21603993746249,-112.52216365310932,0.9693804383277893
Stookey,0714,504,402,40.168023229401506,-112.56452390900294,0.9603731036186218
Stookey,0714,536,416,40.159391012222,-112.55958187914868,0.9895442128181458
Stookey,0714,363,468,40.20605893634869,-112.54122576826144,0.954757571220398
Stookey,0714,339,646,40.21253309923331,-112.47839138868589,0.6861313581466675
Stookey,0714,578,572,40.148061227173905,-112.50451354648696,0.8517194986343384
Stookey,0714,341,625,40.2119935856596,-112.48580443346728,0.9570758938789368
Stookey,0714,571,525,40.149949524681915,-112.52110464671198,0.9521965384483337
Stookey,0714,584,522,40.146442686452744,-112.52216365310932,0.5532546043395996
Stookey,0714,722,409,40.10921624986614,-112.5620528940758,0.6491891741752625
Stookey,0714,363,500,40.20605893634869,-112.52992970002315,0.9439947605133057
Stookey,0714,394,547,40.19769647595604,-112.51333859979813,0.9784533977508545
Stookey,0714,618,520,40.13727095569952,-112.5228696573742,0.9338617920875549
Stookey,0714,403,652,40.19526866487431,-112.47627337589121,0.8599795699119568
Stookey,0714,348,652,40.21010528815158,-112.47627337589121,0.5292141437530518
Stookey,0714,313,521,40.21954677569166,-112.52251665524176,0.7200343608856201
Stookey,0714,440,573,40.18528766376051,-112.50416054435452,0.9675388336181641
Stookey,0714,430,458,40.187985231629106,-112.5447557895859,0.9791920185089111
Stookey,0714,428,476,40.18852474520282,-112.53840175120187,0.9175346493721008
Stookey,0714,739,448,40.104630384489525,-112.54828581091039,0.9493998885154724
Stookey,0714,423,480,40.18987352913712,-112.53698974267208,0.7936195731163025
Stookey,0714,408,665,40.19391988094001,-112.4716843481694,0.5267190933227539
Stookey,0714,418,655,40.191222313071414,-112.47521436949387,0.9188587069511414
Stookey,0714,732,417,40.10651868199754,-112.55922887701624,0.7359997630119324
Stookey,0714,640,400,40.13133630638861,-112.56522991326783,0.9303157329559326
Stookey,0714,367,521,40.20497990920125,-112.52251665524176,0.9595523476600647
Stookey,0714,717,410,40.110565033800434,-112.56169989194336,0.9419425129890442
Stookey,0714,413,453,40.19257109700571,-112.54652080024815,0.9570465087890625
Stookey,0714,348,501,40.21010528815158,-112.52957669789069,0.9019108414649963
Stookey,0714,491,523,40.17153006763068,-112.52181065097686,0.9718274474143982
Stookey,0714,431,450,40.18771547484224,-112.54757980664549,0.9966503381729126
Stookey,0714,374,647,40.20309161169323,-112.47803838655345,0.9231514930725098
Stookey,0714,392,536,40.19823598952976,-112.51722162325505,0.969190239906311
Stookey,0714,551,412,40.155344660419104,-112.56099388767846,0.9763035774230957
Stookey,0714,313,587,40.21954677569166,-112.49921851450026,0.9672245383262634
Stookey,0714,649,401,40.12890849530688,-112.56487691113539,0.9394309520721436
Stookey,0714,302,581,40.22251410034711,-112.50133652729494,0.9340625405311584
Stookey,0714,694,490,40.1167694398982,-112.53345972134761,0.8116520643234253
Stookey,0714,577,560,40.14833098396076,-112.50874957207633,0.687809944152832
Stookey,0714,673,393,40.12243433242225,-112.56770092819495,0.5853524804115295
Stookey,0714,489,570,40.1720695812044,-112.50521955075186,0.9449985027313232
Stookey,0714,537,550,40.15912125543514,-112.5122795934008,0.9570593237876892
Stookey,0714,423,461,40.18987352913712,-112.54369678318857,0.9189518690109253
Stookey,0714,360,554,40.20686820670927,-112.51086758487101,0.9769278764724731
Stookey,0714,714,475,40.11137430416101,-112.53875475333432,0.9588353037834167
Stookey,0714,371,500,40.20390088205381,-112.52992970002315,0.954836905002594
Stookey,0714,366,645,40.20524966598811,-112.47874439081835,0.8539385795593262
Stookey,0714,404,422,40.19499890808745,-112.557463866354,0.8648256659507751
Stookey,0714,336,656,40.213342369593896,-112.47486136736143,0.7145795226097107
Stookey,0714,407,508,40.19418963772687,-112.52710568296357,0.9521965384483337
Stookey,0714,698,400,40.115690412750766,-112.56522991326783,0.8593027591705322
Stookey,0714,389,492,40.19904525989034,-112.53275371708271,0.9344842433929443
Stookey,0714,355,499,40.208216990643564,-112.53028270215559,0.9380272030830383
Stookey,0714,323,603,40.21684920782307,-112.49357048038111,0.9653892517089844
Stookey,0714,582,563,40.146982200026464,-112.50769056567898,0.7080425024032593
Stookey,0714,335,662,40.21361212638075,-112.47274335456675,0.6296743750572205
Stookey,0714,352,535,40.20902626100414,-112.5175746253875,0.9792173504829407
Stookey,0714,315,613,40.21900726211794,-112.49004045905664,0.917229413986206
Stookey,0714,401,535,40.195808178448026,-112.5175746253875,0.9737961292266846
Stookey,0714,441,566,40.18501790697365,-112.50663155928164,0.976980984210968
Stookey,0714,309,610,40.2206258028391,-112.49109946545398,0.8370745778083801
Stookey,0714,443,555,40.18447839339993,-112.51051458273857,0.9927914142608643
Stookey,0714,421,587,40.19041304271084,-112.49921851450026,0.9915733337402344
Stookey,0714,311,528,40.22008628926538,-112.52004564031463,0.8808488845825195
Stookey,0714,720,479,40.10975576343986,-112.53734274480453,0.9131984710693359
Stookey,0714,422,560,40.19014328592398,-112.50874957207633,0.9746109843254089
Stookey,0714,371,504,40.20390088205381,-112.52851769149335,0.9550247192382812
Stookey,0714,539,526,40.15858174186142,-112.52075164457952,0.9733536243438721
Stookey,0714,369,523,40.20444039562753,-112.52181065097686,0.9602483510971069
Stookey,0714,332,646,40.21442139674133,-112.47839138868589,0.8092093467712402
Stookey,0714,450,597,40.18259009589191,-112.49568849317579,0.9586827754974365
Stookey,0714,568,499,40.1507587950425,-112.53028270215559,0.982567310333252
Stookey,0714,456,581,40.18097155517076,-112.50133652729494,0.9490034580230713
Stookey,0714,416,411,40.191761826645134,-112.56134688981092,0.6389713883399963
Stookey,0714,331,625,40.21469115352819,-112.48580443346728,0.9493732452392578
Stookey,0714,372,543,40.20363112526695,-112.51475060832793,0.9608317017555237
Stookey,0714,435,553,40.18663644769481,-112.51122058700346,0.9916549921035767
Stookey,0714,383,443,40.2006638006115,-112.55005082157261,0.8905981779098511
Stookey,0714,301,555,40.222783857133976,-112.51051458273857,0.7277962565422058
Stookey,0714,563,549,40.152107578976796,-112.51263259553325,0.938948392868042
Stookey,0714,664,496,40.12486214350399,-112.53134170855293,0.9558327198028564
Stookey,0714,379,504,40.201742827758935,-112.52851769149335,0.9665616154670715
Stookey,0714,475,594,40.175846176220425,-112.49674749957313,0.5139109492301941
Stookey,0714,350,533,40.20956577457786,-112.5182806296524,0.9806198477745056
Stookey,0714,439,609,40.18555742054737,-112.49145246758643,0.7727426886558533
Stookey,0714,607,510,40.14023828035498,-112.52639967869867,0.9645683169364929
Stookey,0714,385,492,40.20012428703778,-112.53275371708271,0.942900538444519
Stookey,0714,337,522,40.21307261280703,-112.52216365310932,0.9618273377418518
Stookey,0714,644,513,40.13025727924118,-112.52534067230134,0.9552199244499207
Stookey,0714,559,546,40.15318660612423,-112.51369160193059,0.9488286375999451
Stookey,0714,575,506,40.14887049753448,-112.52781168722846,0.9617482423782349
Stookey,0714,648,522,40.12917825209374,-112.52216365310932,0.6909907460212708
Stookey,0714,508,562,40.166944202254065,-112.50804356781144,0.9533739686012268
Stookey,0714,381,513,40.201203314185214,-112.52534067230134,0.9651837348937988
Stookey,0714,668,514,40.12378311635655,-112.52498767016888,0.7467630505561829
Stookey,0714,419,447,40.19095255628456,-112.54863881304283,0.9952679872512817
Stookey,0714,709,475,40.11272308809531,-112.53875475333432,0.9579470753669739
Stookey,0714,523,540,40.162897850451174,-112.51580961472527,0.9439330697059631
Stookey,0714,726,442,40.108137222718696,-112.55040382370507,0.9723047614097595
Stookey,0714,548,416,40.15615393077969,-112.55958187914868,0.9835842847824097
Stookey,0714,368,499,40.20471015241439,-112.53028270215559,0.9511479139328003
Stookey,0714,721,439,40.109486006653,-112.55146283010241,0.9681969881057739
Stookey,0714,723,426,40.10894649307928,-112.55605185782422,0.9667134284973145
Stookey,0714,562,505,40.15237733576365,-112.5281646893609,0.9739195108413696
Stookey,0714,462,399,40.1793530144496,-112.56558291540028,0.6566669344902039
Stookey,0714,519,521,40.16397687759861,-112.52251665524176,0.961306095123291
Stookey,0714,404,451,40.19499890808745,-112.54722680451304,0.9567397236824036
Stookey,0714,551,399,40.155344660419104,-112.56558291540028,0.9531068801879883
Stookey,0714,433,398,40.18717596126852,-112.56593591753273,0.8951147198677063
Stookey,0714,446,594,40.18366912303935,-112.49674749957313,0.9602028727531433
Stookey,0714,447,498,40.183399366252495,-112.53063570428803,0.9783976078033447
Stookey,0714,573,517,40.1494100111082,-112.52392866377154,0.8013060092926025
Stookey,0714,340,510,40.212263342446455,-112.52639967869867,0.943206787109375
Stookey,0714,728,442,40.10759770914498,-112.55040382370507,0.9673569798469543
Stookey,0714,675,499,40.12189481884853,-112.53028270215559,0.9503266215324402
Stookey,0714,382,534,40.20093355739836,-112.51792762751995,0.9648079872131348
Stookey,0714,328,649,40.21550042388877,-112.47733238228855,0.7420786023139954
Stookey,0714,413,603,40.19257109700571,-112.49357048038111,0.9843198657035828
Stookey,0714,416,453,40.191761826645134,-112.54652080024815,0.9660463333129883
Stookey,0714,721,442,40.109486006653,-112.55040382370507,0.9652209877967834
Stookey,0714,354,472,40.20848674743042,-112.53981375973166,0.6441786885261536
Stookey,0714,514,390,40.165325661532904,-112.5687599345923,0.865844190120697
Stookey,0714,378,483,40.2020125845458,-112.53593073627474,0.7969830632209778
Stookey,0714,484,550,40.173418365138694,-112.5122795934008,0.9891879558563232
Stookey,0714,411,442,40.19311061057943,-112.55040382370507,0.9830707907676697
Stookey,0714,482,533,40.17395787871241,-112.5182806296524,0.9660873413085938
Stookey,0714,727,472,40.10786746593184,-112.53981375973166,0.9126507043838501
Stookey,0714,393,520,40.19796623274291,-112.5228696573742,0.9623536467552185
Stookey,0714,340,636,40.212263342446455,-112.48192141001037,0.9231882095336914
Stookey,0714,671,475,40.12297384599597,-112.53875475333432,0.971314549446106
Stookey,0714,394,637,40.19769647595604,-112.48156840787792,0.9792926907539368
Stookey,0714,741,441,40.104090870915805,-112.55075682583751,0.8273965716362
Stookey,0714,671,478,40.12297384599597,-112.53769574693698,0.9652843475341797
Stookey,0714,566,400,40.15129830861621,-112.56522991326783,0.8838197588920593
Stookey,0714,561,575,40.15264709255051,-112.50345454008962,0.5642154216766357
Stookey,0714,627,520,40.13484314461779,-112.5228696573742,0.8882315754890442
Stookey,0714,651,399,40.12836898173316,-112.56558291540028,0.9186201691627502
Stookey,0714,713,465,40.111644060947874,-112.54228477465878,0.9625320434570312
Stookey,0714,394,438,40.19769647595604,-112.55181583223485,0.8703960180282593
Stookey,0714,647,526,40.1294480088806,-112.52075164457952,0.529498279094696
Stookey,0714,496,552,40.17018128369638,-112.5115735891359,0.9657094478607178
Stookey,0714,530,538,40.161009552943156,-112.51651561899016,0.9521965384483337
Stookey,0714,393,443,40.19796623274291,-112.55005082157261,0.9187729954719543
Stookey,0714,730,417,40.10705819557126,-112.55922887701624,0.8404935598373413
Stookey,0714,423,561,40.18987352913712,-112.50839656994388,0.977939784526825
Stookey,0714,430,591,40.187985231629106,-112.49780650597047,0.9979705810546875
Stookey,0714,369,488,40.20444039562753,-112.53416572561251,0.9194857478141785
Stookey,0714,732,469,40.10651868199754,-112.540872766129,0.9375309944152832
Stookey,0714,668,473,40.12378311635655,-112.5394607575992,0.9759979248046875
Stookey,0714,356,643,40.20794723385671,-112.47945039508323,0.8522635698318481
Stookey,0714,429,449,40.18825498841596,-112.54793280877793,0.9969538450241089
Stookey,0714,506,527,40.167483715827785,-112.52039864244708,0.960647463798523
Stookey,0714,432,486,40.187445718055386,-112.5348717298774,0.9395760893821716
Stookey,0714,481,529,40.17422763549927,-112.51969263818218,0.967510461807251
Stookey,0714,671,509,40.12297384599597,-112.52675268083112,0.8747484683990479
Stookey,0714,354,552,40.20848674743042,-112.5115735891359,0.9731369018554688
Stookey,0714,651,525,40.12836898173316,-112.52110464671198,0.5890160799026489
Stookey,0714,424,632,40.18960377235026,-112.48333341854016,0.9561718702316284
Stookey,0714,485,572,40.17314860835183,-112.50451354648696,0.9347974061965942
Stookey,0714,367,475,40.20497990920125,-112.53875475333432,0.9574088454246521
Stookey,0714,508,386,40.166944202254065,-112.57017194312209,0.6183527708053589
Stookey,0714,511,546,40.16613493189349,-112.51369160193059,0.9464593529701233
Stookey,0714,321,604,40.21738872139679,-112.49321747824867,0.9584938287734985
Stookey,0714,561,504,40.15264709255051,-112.52851769149335,0.9757835865020752
Stookey,0714,548,511,40.15615393077969,-112.52604667656622,0.9614856839179993
Stookey,0714,569,541,40.150489038255635,-112.51545661259281,0.9542050361633301
Stookey,0714,575,404,40.14887049753448,-112.56381790473804,0.9382065534591675
Stookey,0714,557,499,40.15372611969795,-112.53028270215559,0.980432391166687
Stookey,0714,562,538,40.15237733576365,-112.51651561899016,0.9529291391372681
Stookey,0714,722,440,40.10921624986614,-112.55110982796995,0.9656568169593811
Stookey,0714,529,526,40.16127930973001,-112.52075164457952,0.9600433707237244
Stookey,0714,627,517,40.13484314461779,-112.52392866377154,0.9387588500976562
Stookey,0714,483,588,40.17368812192555,-112.49886551236781,0.5392681956291199
Stookey,0714,425,457,40.189334015563404,-112.54510879171836,0.9689127802848816
Stookey,0714,491,585,40.17153006763068,-112.49992451876516,0.7279178500175476
Stookey,0714,390,465,40.198775503103484,-112.54228477465878,0.9760280847549438
Stookey,0714,558,533,40.15345636291109,-112.5182806296524,0.9542343616485596
Stookey,0714,721,459,40.109486006653,-112.54440278745346,0.9611771702766418
Stookey,0714,394,492,40.19769647595604,-112.53275371708271,0.9218205213546753
Stookey,0714,501,575,40.16883249976208,-112.50345454008962,0.8807032704353333
Stookey,0714,416,624,40.191761826645134,-112.48615743559972,0.980156421661377
Stookey,0714,506,541,40.167483715827785,-112.51545661259281,0.9436168670654297
Stookey,0714,583,404,40.1467124432396,-112.56381790473804,0.9480497241020203
Stookey,0714,357,494,40.20767747706984,-112.53204771281783,0.9321819543838501
Stookey,0714,652,497,40.128099224946304,-112.53098870642049,0.958815336227417
Stookey,0714,704,481,40.114071872029605,-112.53663674053963,0.9553143978118896
Stookey,0714,411,630,40.19311061057943,-112.48403942280505,0.98297119140625
Stookey,0714,324,518,40.21657945103621,-112.5235756616391,0.90542072057724
Stookey,0714,546,408,40.15669344435341,-112.56240589620826,0.9775934219360352
Stookey,0714,330,534,40.21496091031505,-112.51792762751995,0.9929720163345337
Stookey,0714,353,546,40.208756504217284,-112.51369160193059,0.9777646064758301
Stookey,0714,488,568,40.172339337991254,-112.50592555501676,0.9589343667030334
Stookey,0714,440,486,40.18528766376051,-112.5348717298774,0.9611095190048218
Stookey,0714,310,524,40.22035604605224,-112.52145764884442,0.6208732724189758
Stookey,0714,463,570,40.17908325766274,-112.50521955075186,0.954778254032135
Stookey,0714,411,648,40.19311061057943,-112.47768538442101,0.9455227255821228
Stookey,0714,425,646,40.189334015563404,-112.47839138868589,0.9534158706665039
Stookey,0714,425,410,40.189334015563404,-112.56169989194336,0.9664212465286255
Stookey,0714,405,420,40.19472915130059,-112.5581698706189,0.8382368087768555
Stookey,0714,307,542,40.221165316412815,-112.51510361046037,0.9194010496139526
Stookey,0714,483,568,40.17368812192555,-112.50592555501676,0.963028073310852
Stookey,0714,411,661,40.19311061057943,-112.47309635669919,0.8034664392471313
Stookey,0714,326,639,40.21603993746249,-112.48086240361303,0.7939348220825195
Stookey,0714,360,503,40.20686820670927,-112.5288706936258,0.9523393511772156
Stookey,0714,474,559,40.17611593300729,-112.50910257420878,0.9782500863075256
Stookey,0714,567,537,40.151028551829356,-112.51686862112261,0.9538434147834778
Stookey,0714,402,437,40.19553842166117,-112.5521688343673,0.8975831270217896
Stookey,0714,500,410,40.16910225654894,-112.56169989194336,0.9752566814422607
Stookey,0714,716,482,40.1108347905873,-112.53628373840719,0.8960930109024048
Stookey,0714,404,527,40.19499890808745,-112.52039864244708,0.9670799374580383
Stookey,0714,336,513,40.213342369593896,-112.52534067230134,0.8303824663162231
Stookey,0714,486,545,40.172878851564974,-112.51404460406303,0.9737752079963684
Stookey,0714,586,559,40.145903172879024,-112.50910257420878,0.6304262280464172
Stookey,0714,321,626,40.21738872139679,-112.48545143133484,0.7538570761680603
Stookey,0714,395,646,40.19742671916919,-112.47839138868589,0.9598627686500549
Stookey,0714,351,495,40.209296017791004,-112.53169471068537,0.9106870889663696
Stookey,0714,646,501,40.12971776566746,-112.52957669789069,0.9554000496864319
Stookey,0714,374,482,40.20309161169323,-112.53628373840719,0.9140037298202515
Stookey,0714,426,613,40.18906425877654,-112.49004045905664,0.9868118166923523
Stookey,0714,562,519,40.15237733576365,-112.52322265950666,0.9521965384483337
Stookey,0714,452,623,40.1820505823182,-112.48651043773218,0.5943419933319092
Stookey,0714,353,647,40.208756504217284,-112.47803838655345,0.7876277565956116
Stookey,0714,477,576,40.175306662646705,-112.50310153795718,0.9233459234237671
Stookey,0714,710,472,40.11245333130845,-112.53981375973166,0.9576684236526489
Stookey,0714,718,436,40.11029527701358,-112.55252183649975,0.9780884385108948
Stookey,0714,380,524,40.20147307097208,-112.52145764884442,0.9701281785964966
Stookey,0714,300,582,40.22305361392083,-112.5009835251625,0.8043070435523987
Stookey,0714,723,457,40.10894649307928,-112.54510879171836,0.9619836211204529
Stookey,0714,731,447,40.1067884387844,-112.54863881304283,0.961153507232666
Stookey,0714,706,457,40.11353235845589,-112.54510879171836,0.9836165904998779
Stookey,0714,370,448,40.20417063884067,-112.54828581091039,0.9475237727165222
Stookey,0714,369,489,40.20444039562753,-112.53381272348005,0.9194779396057129
Stookey,0714,339,658,40.21253309923331,-112.47415536309653,0.5628835558891296
Stookey,0714,368,638,40.20471015241439,-112.48121540574547,0.946770429611206
Stookey,0714,549,404,40.155884173992824,-112.56381790473804,0.9587033987045288
Stookey,0714,323,626,40.21684920782307,-112.48545143133484,0.8131983280181885
Stookey,0714,340,537,40.212263342446455,-112.51686862112261,0.9874840974807739
Stookey,0714,695,495,40.11649968311134,-112.53169471068537,0.5775492787361145
Stookey,0714,508,552,40.166944202254065,-112.5115735891359,0.9548169374465942
Stookey,0714,403,612,40.19526866487431,-112.49039346118909,0.9944897294044495
Stookey,0714,442,591,40.18474815018679,-112.49780650597047,0.9664309024810791
Stookey,0714,486,515,40.172878851564974,-112.52463466803644,0.9836364388465881
Stookey,0714,550,532,40.15561441720597,-112.51863363178484,0.9597182273864746
Stookey,0714,423,476,40.18987352913712,-112.53840175120187,0.8862207531929016
Stookey,0714,358,645,40.20740772028299,-112.47874439081835,0.729150116443634
Stookey,0714,465,568,40.17854374408902,-112.50592555501676,0.9560148119926453
Stookey,0714,348,500,40.21010528815158,-112.52992970002315,0.8857082724571228
Stookey,0714,355,503,40.208216990643564,-112.5288706936258,0.9495655298233032
Stookey,0714,404,656,40.19499890808745,-112.47486136736143,0.7906736731529236
Stookey,0714,692,501,40.11730895347192,-112.52957669789069,0.7953143119812012
Stookey,0714,360,507,40.20686820670927,-112.52745868509601,0.9544727206230164
Stookey,0714,558,521,40.15345636291109,-112.52251665524176,0.9617546200752258
Stookey,0714,373,544,40.203361368480095,-112.51439760619547,0.9623361825942993
Stookey,0714,325,630,40.21630969424935,-112.48403942280505,0.8131501078605652
Stookey,0714,467,573,40.178004230515306,-112.50416054435452,0.9538133144378662
Stookey,0714,537,414,40.15912125543514,-112.56028788341358,0.9897685050964355
Stookey,0714,723,450,40.10894649307928,-112.54757980664549,0.9618841409683228
Stookey,0714,363,538,40.20605893634869,-112.51651561899016,0.9607002139091492
Stookey,0714,424,567,40.18960377235026,-112.5062785571492,0.979496955871582
Stookey,0714,546,556,40.15669344435341,-112.51016158060612,0.9396902322769165
Stookey,0714,582,560,40.146982200026464,-112.50874957207633,0.6513041853904724
Stookey,0714,386,445,40.19985453025092,-112.54934481730773,0.9452676773071289
Stookey,0714,512,530,40.165865175106624,-112.51933963604974,0.954491913318634
Stookey,0714,720,419,40.10975576343986,-112.55852287275134,0.9610512852668762
Stookey,0714,337,533,40.21307261280703,-112.5182806296524,0.9818188548088074
Stookey,0714,617,536,40.137540712486384,-112.51722162325505,0.5892910361289978
Stookey,0714,706,462,40.11353235845589,-112.54334378105612,0.9828775525093079
Stookey,0714,369,501,40.20444039562753,-112.52957669789069,0.9545761942863464
Stookey,0714,543,391,40.157502714713985,-112.56840693245985,0.9541245698928833
Stookey,0714,441,617,40.18501790697365,-112.48862845052686,0.7878771424293518
Stookey,0714,735,456,40.105709411636965,-112.5454617938508,0.9510403275489807
Stookey,0714,400,425,40.19607793523489,-112.55640485995666,0.7580724358558655
Stookey,0714,730,463,40.10705819557126,-112.54299077892368,0.9542264342308044
Stookey,0714,353,494,40.208756504217284,-112.53204771281783,0.931419849395752
Stookey,0714,562,584,40.15237733576365,-112.5002775208976,0.5146635174751282
Stookey,0714,319,646,40.21792823497051,-112.47839138868589,0.5918170213699341
Stookey,0714,676,487,40.121625062061675,-112.53451872774495,0.9550049304962158
Stookey,0714,520,397,40.16370712081175,-112.56628891966517,0.956659734249115
Stookey,0714,330,635,40.21496091031505,-112.48227441214281,0.8795775771141052
Stookey,0714,568,507,40.1507587950425,-112.52745868509601,0.9691135287284851
Stookey,0714,329,609,40.21523066710191,-112.49145246758643,0.9615653157234192
Stookey,0714,408,634,40.19391988094001,-112.48262741427526,0.9844955205917358
Stookey,0714,583,513,40.1467124432396,-112.52534067230134,0.9041934013366699
Stookey,0714,546,509,40.15669344435341,-112.52675268083112,0.9716410636901855
Stookey,0714,613,537,40.13861973963382,-112.51686862112261,0.6251112222671509
Stookey,0714,717,442,40.110565033800434,-112.55040382370507,0.9724981188774109
Stookey,0714,432,485,40.187445718055386,-112.53522473200985,0.9182693362236023
Stookey,0714,409,432,40.19365012415315,-112.55393384502953,0.9692131280899048
Stookey,0714,418,641,40.191222313071414,-112.48015639934813,0.9608925580978394
Stookey,0714,717,443,40.110565033800434,-112.55005082157261,0.970711886882782
Stookey,0714,384,530,40.20039404382464,-112.51933963604974,0.9645830392837524
Stookey,0714,681,506,40.12027627812738,-112.52781168722846,0.8733840584754944
Stookey,0714,727,427,40.10786746593184,-112.55569885569176,0.9724367260932922
Stookey,0714,498,570,40.16964177012266,-112.50521955075186,0.9434363842010498
Stookey,0714,377,641,40.202282341332655,-112.48015639934813,0.9449052810668945
Stookey,0714,417,599,40.19149206985828,-112.4949824889109,0.9846648573875427
Stookey,0714,656,521,40.12702019779886,-112.52251665524176,0.7274132370948792
Stookey,0714,394,544,40.19769647595604,-112.51439760619547,0.9783532619476318
Stookey,0714,440,594,40.18528766376051,-112.49674749957313,0.967525064945221
Stookey,0714,587,397,40.14563341609217,-112.56628891966517,0.6039146184921265
Stookey,0714,678,404,40.121085548487954,-112.56381790473804,0.9700637459754944
Stookey,0714,407,619,40.19418963772687,-112.48792244626196,0.9953360557556152
Stookey,0714,640,500,40.13133630638861,-112.52992970002315,0.9636762738227844
Stookey,0714,572,517,40.14967976789506,-112.52392866377154,0.8815494179725647
Stookey,0714,585,514,40.14617292966589,-112.52498767016888,0.8868290185928345
Stookey,0714,735,421,40.105709411636965,-112.55781686848644,0.8053017258644104
Stookey,0714,335,527,40.21361212638075,-112.52039864244708,0.9673014879226685
Stookey,0714,733,423,40.106248925210686,-112.55711086422156,0.9418739676475525
Stookey,0714,452,399,40.1820505823182,-112.56558291540028,0.8894203901290894
Stookey,0714,434,583,40.186906204481666,-112.50063052303005,0.9879275560379028
Stookey,0714,337,524,40.21307261280703,-112.52145764884442,0.9631484150886536
Stookey,0714,417,520,40.19149206985828,-112.5228696573742,0.9671759009361267
Stookey,0714,513,399,40.16559541831977,-112.56558291540028,0.9539268016815186
Stookey,0714,406,618,40.19445939451373,-112.4882754483944,0.9958076477050781
Stookey,0714,433,637,40.18717596126852,-112.48156840787792,0.9529740810394287
Stookey,0714,557,393,40.15372611969795,-112.56770092819495,0.703374445438385
Stookey,0714,657,491,40.126750441012,-112.53310671921517,0.9674218893051147
Stookey,0714,440,582,40.18528766376051,-112.5009835251625,0.9574276208877563
Stookey,0714,421,648,40.19041304271084,-112.47768538442101,0.9530328512191772
Stookey,0714,545,563,40.156963201140265,-112.50769056567898,0.8545099496841431
Stookey,0714,672,482,40.12270408920911,-112.53628373840719,0.9568399786949158
Stookey,0714,690,488,40.11784846704564,-112.53416572561251,0.8730884194374084
Stookey,0714,420,603,40.1906827994977,-112.49357048038111,0.9819620847702026
Stookey,0714,519,403,40.16397687759861,-112.56417090687049,0.9670107364654541
Stookey,0714,456,588,40.18097155517076,-112.49886551236781,0.9224956035614014
Stookey,0714,414,480,40.192301340218854,-112.53698974267208,0.6384700536727905
Stookey,0714,689,507,40.1181182238325,-112.52745868509601,0.8007369637489319
Stookey,0714,670,500,40.12324360278283,-112.52992970002315,0.9577019810676575
Stookey,0714,728,456,40.10759770914498,-112.5454617938508,0.9570842385292053
Stookey,0714,362,469,40.206328693135546,-112.540872766129,0.9540321826934814
Stookey,0714,424,497,40.18960377235026,-112.53098870642049,0.953848123550415
Stookey,0714,707,505,40.11326260166903,-112.5281646893609,0.7306172251701355
Stookey,0714,726,462,40.108137222718696,-112.54334378105612,0.9549978971481323
Stookey,0714,433,555,40.18717596126852,-112.51051458273857,0.9893003702163696
Stookey,0714,305,555,40.221704829986535,-112.51051458273857,0.8766749501228333
Stookey,0714,380,518,40.20147307097208,-112.5235756616391,0.9643142819404602
Stookey,0714,405,626,40.19472915130059,-112.48545143133484,0.9945799112319946
Stookey,0714,464,410,40.17881350087588,-112.56169989194336,0.9887248873710632
Stookey,0714,490,420,40.17179982441753,-112.5581698706189,0.9898255467414856
Stookey,0714,617,549,40.137540712486384,-112.51263259553325,0.6051409840583801
Stookey,0714,312,592,40.21981653247852,-112.49745350383803,0.9578074216842651
Stookey,0714,690,506,40.11784846704564,-112.52781168722846,0.8289721608161926
Stookey,0714,399,531,40.196347692021746,-112.5189866339173,0.9668585062026978
Stookey,0714,351,524,40.209296017791004,-112.52145764884442,0.9718522429466248
Stookey,0714,620,520,40.1367314421258,-112.5228696573742,0.9292846918106079
Stookey,0714,554,529,40.15453539005853,-112.51969263818218,0.9557979702949524
Stookey,0714,508,554,40.166944202254065,-112.51086758487101,0.9531520009040833
Stookey,0714,559,548,40.15318660612423,-112.51298559766569,0.9420535564422607
Stookey,0714,699,490,40.1154206559639,-112.53345972134761,0.7469698190689087
Stookey,0714,663,502,40.125131900290846,-112.52922369575825,0.9570363759994507
Stookey,0714,541,406,40.158042228287705,-112.56311190047315,0.9815419912338257
Stookey,0714,727,451,40.10786746593184,-112.54722680451304,0.9610821604728699
Stookey,0714,495,582,40.170451040483236,-112.5009835251625,0.902037501335144
Stookey,0714,719,418,40.11002552022671,-112.55887587488378,0.9609153866767883
Stookey,0714,518,521,40.16424663438547,-112.52251665524176,0.9620755910873413
Stookey,0714,704,518,40.114071872029605,-112.5235756616391,0.7102004885673523
Stookey,0714,507,406,40.16721395904092,-112.56311190047315,0.9560352563858032
Stookey,0714,431,614,40.18771547484224,-112.4896874569242,0.9756543040275574
Stookey,0714,408,523,40.19391988094001,-112.52181065097686,0.9668967127799988
Stookey,0714,343,492,40.21145407208588,-112.53275371708271,0.5524144768714905
Stookey,0714,548,527,40.15615393077969,-112.52039864244708,0.962569534778595
Stookey,0714,692,396,40.11730895347192,-112.56664192179761,0.5871025919914246
Stookey,0714,325,526,40.21630969424935,-112.52075164457952,0.9781858325004578
Stookey,0714,531,528,40.1607397961563,-112.52004564031463,0.9574598670005798
Stookey,0714,715,456,40.111104547374154,-112.5454617938508,0.9697450995445251
Stookey,0714,625,518,40.1353826581915,-112.5235756616391,0.9376373887062073
Stookey,0714,353,511,40.208756504217284,-112.52604667656622,0.9555385708808899
Stookey,0714,374,529,40.20309161169323,-112.51969263818218,0.9628689885139465
Stookey,0714,546,555,40.15669344435341,-112.51051458273857,0.944463312625885
Stookey,0714,360,514,40.20686820670927,-112.52498767016888,0.9588179588317871
Stookey,0714,376,457,40.20255209811951,-112.54510879171836,0.976761519908905
Stookey,0714,693,398,40.11703919668506,-112.56593591753273,0.7776650190353394
Stookey,0714,540,416,40.15831198507456,-112.55958187914868,0.9882949590682983
Stookey,0714,555,519,40.15426563327167,-112.52322265950666,0.9557464122772217
Stookey,0714,574,569,40.14914025432134,-112.5055725528843,0.7385192513465881
Stookey,0714,409,618,40.19365012415315,-112.4882754483944,0.9943851232528687
Stookey,0714,481,575,40.17422763549927,-112.50345454008962,0.9297402501106262
Stookey,0714,387,530,40.19958477346406,-112.51933963604974,0.9674565196037292
Stookey,0714,651,514,40.12836898173316,-112.52498767016888,0.944316029548645
Stookey,0714,711,490,40.112183574521595,-112.53345972134761,0.6943991780281067
Stookey,0714,698,394,40.115690412750766,-112.56734792606251,0.5780466198921204
Stookey,0714,672,470,40.12270408920911,-112.54051976399654,0.9758800864219666
Stookey,0714,734,436,40.10597916842382,-112.55252183649975,0.9683743119239807
Stookey,0714,363,461,40.20605893634869,-112.54369678318857,0.956443727016449
Stookey,0714,384,455,40.20039404382464,-112.54581479598325,0.9746388792991638
Stookey,0714,727,420,40.10786746593184,-112.5581698706189,0.9399759769439697
Stookey,0714,718,484,40.11029527701358,-112.5355777341423,0.7505689859390259
Stookey,0714,373,537,40.203361368480095,-112.51686862112261,0.9618729948997498
Stookey,0714,485,522,40.17314860835183,-112.52216365310932,0.9744595885276794
Stookey,0714,643,514,40.130527036028035,-112.52498767016888,0.9546443819999695
Stookey,0714,421,558,40.19041304271084,-112.50945557634122,0.9766606688499451
Stookey,0714,347,568,40.21037504493844,-112.50592555501676,0.9875865578651428
Stookey,0714,413,591,40.19257109700571,-112.49780650597047,0.9951143264770508
Stookey,0714,398,514,40.19661744880861,-112.52498767016888,0.9593052268028259
Stookey,0714,521,398,40.163437364024894,-112.56593591753273,0.9560695290565491
Stookey,0714,665,511,40.124592386717126,-112.52604667656622,0.8901997804641724
Stookey,0714,450,605,40.18259009589191,-112.49286447611622,0.9307239055633545
Stookey,0714,565,524,40.151568065403076,-112.52145764884442,0.9526587128639221
Stookey,0714,552,506,40.15507490363225,-112.52781168722846,0.968428909778595
Stookey,0714,396,643,40.19715696238232,-112.47945039508323,0.9758223295211792
Stookey,0714,406,498,40.19445939451373,-112.53063570428803,0.519553542137146
Stookey,0714,347,651,40.21037504493844,-112.47662637802367,0.6575247645378113
Stookey,0714,372,497,40.20363112526695,-112.53098870642049,0.9383023381233215
Stookey,0714,654,396,40.127559711372584,-112.56664192179761,0.8302320241928101
Stookey,0714,360,541,40.20686820670927,-112.51545661259281,0.9659419059753418
Stookey,0714,426,491,40.18906425877654,-112.53310671921517,0.8083363175392151
Stookey,0714,434,641,40.186906204481666,-112.48015639934813,0.9227780103683472
Stookey,0714,548,393,40.15615393077969,-112.56770092819495,0.9555237889289856
Stookey,0714,732,439,40.10651868199754,-112.55146283010241,0.9663882851600647
Stookey,0714,545,559,40.156963201140265,-112.50910257420878,0.9202303290367126
Stookey,0714,409,558,40.19365012415315,-112.50945557634122,0.9781165719032288
Stookey,0714,466,571,40.17827398730216,-112.50486654861942,0.9543823003768921
Stookey,0714,371,492,40.20390088205381,-112.53275371708271,0.926949679851532
Stookey,0714,392,482,40.19823598952976,-112.53628373840719,0.9264422655105591
Stookey,0714,511,530,40.16613493189349,-112.51933963604974,0.9557701945304871
Stookey,0714,420,490,40.1906827994977,-112.53345972134761,0.5106267333030701
Stookey,0714,350,573,40.20956577457786,-112.50416054435452,0.9892269968986511
Stookey,0714,326,608,40.21603993746249,-112.49180546971888,0.9605697989463806
Stookey,0714,435,495,40.18663644769481,-112.53169471068537,0.9586906433105469
Stookey,0714,657,392,40.126750441012,-112.56805393032741,0.5029398798942566
Stookey,0714,365,637,40.20551942277497,-112.48156840787792,0.958797037601471
Stookey,0714,642,504,40.1307967928149,-112.52851769149335,0.9550142288208008
Stookey,0714,446,499,40.18366912303935,-112.53028270215559,0.9783831834793091
Stookey,0714,687,399,40.11865773740622,-112.56558291540028,0.847122311592102
Stookey,0714,439,619,40.18555742054737,-112.48792244626196,0.7755082845687866
Stookey,0714,479,525,40.17476714907299,-112.52110464671198,0.9669169187545776
Stookey,0714,703,399,40.11434162881647,-112.56558291540028,0.8668782711029053
Stookey,0714,434,608,40.186906204481666,-112.49180546971888,0.976525068283081
Stookey,0714,411,647,40.19311061057943,-112.47803838655345,0.9498531818389893
Stookey,0714,735,461,40.105709411636965,-112.54369678318857,0.9469785690307617
Stookey,0714,515,392,40.16505590474605,-112.56805393032741,0.9378416538238525
Stookey,0714,651,504,40.12836898173316,-112.52851769149335,0.9566559791564941
Stookey,0714,693,495,40.11703919668506,-112.53169471068537,0.5982843637466431
Stookey,0714,421,451,40.19041304271084,-112.54722680451304,0.9873232841491699
Stookey,0714,361,522,40.20659844992241,-112.52216365310932,0.9599384069442749
Stookey,0714,576,510,40.14860074074762,-112.52639967869867,0.9457907676696777
Stookey,0714,319,525,40.21792823497051,-112.52110464671198,0.9560636281967163
Stookey,0714,491,417,40.17153006763068,-112.55922887701624,0.9820824861526489
Stookey,0714,343,653,40.21145407208588,-112.47592037375877,0.6342150568962097
Stookey,0714,474,404,40.17611593300729,-112.56381790473804,0.9402496218681335
Stookey,0714,571,558,40.149949524681915,-112.50945557634122,0.8300482034683228
Stookey,0714,381,638,40.201203314185214,-112.48121540574547,0.9621625542640686
Stookey,0714,727,430,40.10786746593184,-112.55463984929442,0.9764516949653625
Stookey,0714,552,406,40.15507490363225,-112.56311190047315,0.9593960642814636
Stookey,0714,559,527,40.15318660612423,-112.52039864244708,0.9531634449958801
Stookey,0714,522,555,40.16316760723803,-112.51051458273857,0.9366732239723206
Stookey,0714,704,521,40.114071872029605,-112.52251665524176,0.7374734282493591
Stookey,0714,425,497,40.189334015563404,-112.53098870642049,0.9531686902046204
Stookey,0714,533,514,40.16020028258258,-112.52498767016888,0.9739023447036743
Stookey,0714,309,603,40.2206258028391,-112.49357048038111,0.8989658355712891
Stookey,0714,343,497,40.21145407208588,-112.53098870642049,0.6008618474006653
Stookey,0714,557,392,40.15372611969795,-112.56805393032741,0.707560122013092
Stookey,0714,477,592,40.175306662646705,-112.49745350383803,0.5156984329223633
Stookey,0714,413,413,40.19257109700571,-112.56064088554602,0.618375837802887
Stookey,0714,311,614,40.22008628926538,-112.4896874569242,0.7835331559181213
Stookey,0714,559,397,40.15318660612423,-112.56628891966517,0.9046569466590881
Stookey,0714,414,513,40.192301340218854,-112.52534067230134,0.9684417843818665
Stookey,0714,361,474,40.20659844992241,-112.53910775546676,0.9439429640769958
Stookey,0714,721,417,40.109486006653,-112.55922887701624,0.9549741148948669
Stookey,0714,376,469,40.20255209811951,-112.540872766129,0.9663224220275879
Stookey,0714,444,480,40.18420863661307,-112.53698974267208,0.9761621952056885
Stookey,0714,376,651,40.20255209811951,-112.47662637802367,0.8361769914627075
Stookey,0714,406,536,40.19445939451373,-112.51722162325505,0.97816401720047
Stookey,0714,551,545,40.155344660419104,-112.51404460406303,0.9528387188911438
Stookey,0714,506,556,40.167483715827785,-112.51016158060612,0.9557685256004333
Stookey,0714,340,647,40.212263342446455,-112.47803838655345,0.6732451319694519
Stookey,0714,391,661,40.19850574631662,-112.47309635669919,0.5228886604309082
Stookey,0714,428,642,40.18852474520282,-112.47980339721569,0.9537268877029419
Stookey,0714,551,409,40.155344660419104,-112.5620528940758,0.9663195610046387
Stookey,0714,558,536,40.15345636291109,-112.51722162325505,0.9548882246017456
Stookey,0714,731,453,40.1067884387844,-112.54652080024815,0.9548423290252686
Stookey,0714,529,552,40.16127930973001,-112.5115735891359,0.954367995262146
Stookey,0714,443,571,40.18447839339993,-112.50486654861942,0.9796966314315796
Stookey,0714,710,410,40.11245333130845,-112.56169989194336,0.9571532607078552
Stookey,0714,432,397,40.187445718055386,-112.56628891966517,0.853948175907135
Stookey,0714,726,472,40.108137222718696,-112.53981375973166,0.9320910573005676
Stookey,0714,315,530,40.21900726211794,-112.51933963604974,0.9521965384483337
Stookey,0714,440,557,40.18528766376051,-112.50980857847367,0.9890522360801697
Stookey,0714,408,627,40.19391988094001,-112.4850984292024,0.9907713532447815
Stookey,0714,421,619,40.19041304271084,-112.48792244626196,0.9907518029212952
Stookey,0714,367,443,40.20497990920125,-112.55005082157261,0.500144362449646
Stookey,0714,315,526,40.21900726211794,-112.52075164457952,0.8807197213172913
Stookey,0714,426,482,40.18906425877654,-112.53628373840719,0.7090401649475098
Stookey,0714,356,644,40.20794723385671,-112.47909739295079,0.7655997276306152
Stookey,0714,719,479,40.11002552022671,-112.53734274480453,0.9246267080307007
Stookey,0714,648,403,40.12917825209374,-112.56417090687049,0.9541432857513428
Stookey,0714,504,393,40.168023229401506,-112.56770092819495,0.8676494359970093
Stookey,0714,430,397,40.187985231629106,-112.56628891966517,0.7208279967308044
Stookey,0714,326,512,40.21603993746249,-112.52569367443378,0.7189419865608215
Stookey,0714,387,482,40.19958477346406,-112.53628373840719,0.9382930994033813
Stookey,0714,304,558,40.2219745867734,-112.50945557634122,0.8828906416893005
Stookey,0714,713,466,40.111644060947874,-112.54193177252634,0.9600549340248108
Stookey,0714,662,521,40.1254016570777,-112.52251665524176,0.7341918349266052
Stookey,0714,666,472,40.12432262993027,-112.53981375973166,0.9781731367111206
Stookey,0714,610,555,40.1394290099944,-112.51051458273857,0.526168942451477
Stookey,0714,414,426,40.192301340218854,-112.55605185782422,0.9713541269302368
Stookey,0714,688,506,40.11838798061936,-112.52781168722846,0.8387247323989868
Stookey,0714,549,500,40.155884173992824,-112.52992970002315,0.9836317300796509
Stookey,0714,518,384,40.16424663438547,-112.57087794738698,0.8018007278442383
Stookey,0714,414,512,40.192301340218854,-112.52569367443378,0.9681460857391357
Stookey,0714,547,562,40.156423687566544,-112.50804356781144,0.8679100275039673
Stookey,0714,526,554,40.1620885800906,-112.51086758487101,0.9545733332633972
Stookey,0714,456,589,40.18097155517076,-112.49851251023537,0.923908531665802
Stookey,0714,691,499,40.11757871025878,-112.53028270215559,0.7411935329437256
Stookey,0714,533,547,40.16020028258258,-112.51333859979813,0.958502471446991
Stookey,0714,626,511,40.135112901404646,-112.52604667656622,0.9518243670463562
Stookey,0714,429,452,40.18825498841596,-112.54687380238059,0.9926707744598389
Stookey,0714,688,477,40.11838798061936,-112.53804874906942,0.9611823558807373
Stookey,0714,705,460,40.11380211524275,-112.54404978532102,0.9856687188148499
Stookey,0714,452,577,40.1820505823182,-112.50274853582474,0.9577868580818176
Stookey,0714,312,531,40.21981653247852,-112.5189866339173,0.8933982849121094
Stookey,0714,563,505,40.152107578976796,-112.5281646893609,0.9740512371063232
Stookey,0714,409,511,40.19365012415315,-112.52604667656622,0.9586125612258911
Stookey,0714,401,425,40.195808178448026,-112.55640485995666,0.8362451195716858
Stookey,0714,688,480,40.11838798061936,-112.53698974267208,0.9551587104797363
Stookey,0714,642,400,40.1307967928149,-112.56522991326783,0.9322569966316223
Stookey,0714,687,514,40.11865773740622,-112.52498767016888,0.8043642044067383
Stookey,0714,449,596,40.182859852678774,-112.49604149530825,0.9617220163345337
Stookey,0714,343,666,40.21145407208588,-112.47133134603696,0.5558094382286072
Stookey,0714,417,659,40.19149206985828,-112.47380236096409,0.8891303539276123
Stookey,0714,523,562,40.162897850451174,-112.50804356781144,0.8096104860305786
Stookey,0714,347,666,40.21037504493844,-112.47133134603696,0.5068221092224121
Stookey,0714,492,565,40.17126031084381,-112.5069845614141,0.96292644739151
Stookey,0714,523,384,40.162897850451174,-112.57087794738698,0.7769297361373901
Stookey,0714,395,448,40.19742671916919,-112.54828581091039,0.9578810334205627
Stookey,0714,547,550,40.156423687566544,-112.5122795934008,0.9558208584785461
Stookey,0714,481,562,40.17422763549927,-112.50804356781144,0.9700162410736084
Stookey,0714,446,394,40.18366912303935,-112.56734792606251,0.5008296966552734
Stookey,0714,457,585,40.1807017983839,-112.49992451876516,0.8922744989395142
Stookey,0714,409,452,40.19365012415315,-112.54687380238059,0.9582261443138123
Stookey,0714,434,457,40.186906204481666,-112.54510879171836,0.9874314069747925
Stookey,0714,416,509,40.191761826645134,-112.52675268083112,0.9634162187576294
Stookey,0714,346,566,40.2106448017253,-112.50663155928164,0.9881247878074646
Stookey,0714,423,510,40.18987352913712,-112.52639967869867,0.9764413237571716
Stookey,0714,575,521,40.14887049753448,-112.52251665524176,0.5891410708427429
Stookey,0714,503,550,40.16829298618836,-112.5122795934008,0.9552655816078186
Stookey,0714,526,536,40.1620885800906,-112.51722162325505,0.9454681873321533
Stookey,0714,695,484,40.11649968311134,-112.5355777341423,0.9178473353385925
Stookey,0714,494,585,40.1707207972701,-112.49992451876516,0.7440366744995117
Stookey,0714,494,569,40.1707207972701,-112.5055725528843,0.9494005441665649
Stookey,0714,315,536,40.21900726211794,-112.51722162325505,0.9599157571792603
Stookey,0714,704,475,40.114071872029605,-112.53875475333432,0.9592370986938477
Stookey,0714,499,403,40.1693720133358,-112.56417090687049,0.9589163064956665
Stookey,0714,494,403,40.1707207972701,-112.56417090687049,0.8915924429893494
Stookey,0714,353,485,40.208756504217284,-112.53522473200985,0.9028624296188354
Stookey,0714,596,516,40.14320560501043,-112.524281665904,0.9249585270881653
Stookey,0714,324,629,40.21657945103621,-112.4843924249375,0.8037663698196411
Stookey,0714,374,504,40.20309161169323,-112.52851769149335,0.9556035995483398
Stookey,0714,337,526,40.21307261280703,-112.52075164457952,0.9639399647712708
Stookey,0714,521,391,40.163437364024894,-112.56840693245985,0.9445087313652039
Stookey,0714,396,446,40.19715696238232,-112.54899181517527,0.9537891745567322
Stookey,0714,413,592,40.19257109700571,-112.49745350383803,0.995861291885376
Stookey,0714,334,620,40.213881883167616,-112.48756944412952,0.9547655582427979
Stookey,0714,610,511,40.1394290099944,-112.52604667656622,0.9586465358734131
Stookey,0714,443,618,40.18447839339993,-112.4882754483944,0.7795400023460388
Stookey,0714,497,528,40.169911526909516,-112.52004564031463,0.9595884084701538
Stookey,0714,539,397,40.15858174186142,-112.56628891966517,0.9626460075378418
Stookey,0714,724,429,40.108676736292416,-112.55499285142687,0.965542733669281
Stookey,0714,515,400,40.16505590474605,-112.56522991326783,0.9539803862571716
Stookey,0714,401,456,40.195808178448026,-112.5454617938508,0.9353389143943787
Stookey,0714,360,510,40.20686820670927,-112.52639967869867,0.9560051560401917
Stookey,0714,488,546,40.172339337991254,-112.51369160193059,0.9694738388061523
Stookey,0714,414,629,40.192301340218854,-112.4843924249375,0.9793523550033569
Stookey,0714,570,540,40.15021928146878,-112.51580961472527,0.9481863975524902
Stookey,0714,704,399,40.114071872029605,-112.56558291540028,0.847229540348053
Stookey,0714,382,505,40.20093355739836,-112.5281646893609,0.9623005390167236
Stookey,0714,407,622,40.19418963772687,-112.48686343986462,0.9950228929519653
Stookey,0714,350,491,40.20956577457786,-112.53310671921517,0.845905601978302
Stookey,0714,431,600,40.18771547484224,-112.49462948677845,0.9962747693061829
Stookey,0714,443,579,40.18447839339993,-112.50204253155984,0.981218159198761
Stookey,0714,718,421,40.11029527701358,-112.55781686848644,0.9708299040794373
Stookey,0714,400,432,40.19607793523489,-112.55393384502953,0.770614504814148
Stookey,0714,652,506,40.128099224946304,-112.52781168722846,0.9567139744758606
Stookey,0714,530,540,40.161009552943156,-112.51580961472527,0.9536027908325195
Stookey,0714,520,555,40.16370712081175,-112.51051458273857,0.9460844397544861
Stookey,0714,400,535,40.19607793523489,-112.5175746253875,0.9740571975708008
Stookey,0714,447,619,40.183399366252495,-112.48792244626196,0.8301187753677368
Stookey,0714,390,446,40.198775503103484,-112.54899181517527,0.9379006624221802
Stookey,0714,416,449,40.191761826645134,-112.54793280877793,0.9822571873664856
Stookey,0714,496,397,40.17018128369638,-112.56628891966517,0.6124147772789001
Stookey,0714,732,464,40.10651868199754,-112.54263777679122,0.9525286555290222
Stookey,0714,413,429,40.19257109700571,-112.55499285142687,0.9710460901260376
Stookey,0714,549,411,40.155884173992824,-112.56134688981092,0.9740411639213562
Stookey,0714,325,518,40.21630969424935,-112.5235756616391,0.9137554168701172
Stookey,0714,715,417,40.111104547374154,-112.55922887701624,0.9647321701049805
Stookey,0714,420,445,40.1906827994977,-112.54934481730773,0.9966244697570801
Stookey,0714,690,487,40.11784846704564,-112.53451872774495,0.8913131356239319
Stookey,0714,399,484,40.196347692021746,-112.5355777341423,0.5866865515708923
Stookey,0714,661,493,40.125671413864566,-112.53240071495027,0.959889829158783
Stookey,0714,417,419,40.19149206985828,-112.55852287275134,0.9638833403587341
Stookey,0714,304,537,40.2219745867734,-112.51686862112261,0.7577741146087646
Stookey,0714,543,395,40.157502714713985,-112.56699492393007,0.9579768776893616
Stookey,0714,652,502,40.128099224946304,-112.52922369575825,0.9550033807754517
Stookey,0714,341,547,40.2119935856596,-112.51333859979813,0.9959183931350708
Stookey,0714,418,478,40.191222313071414,-112.53769574693698,0.7571515440940857
Stookey,0714,374,530,40.20309161169323,-112.51933963604974,0.9638241529464722
Stookey,0714,416,618,40.191761826645134,-112.4882754483944,0.9897409677505493
Stookey,0714,416,661,40.191761826645134,-112.47309635669919,0.8501700758934021
Stookey,0714,413,614,40.19257109700571,-112.4896874569242,0.984394371509552
Stookey,0714,643,402,40.130527036028035,-112.56452390900294,0.9535133242607117
Stookey,0714,538,542,40.15885149864828,-112.51510361046037,0.9601519703865051
Stookey,0714,380,648,40.20147307097208,-112.47768538442101,0.9392253756523132
Stookey,0714,443,581,40.18447839339993,-112.50133652729494,0.9772037863731384
Stookey,0714,670,513,40.12324360278283,-112.52534067230134,0.7784798741340637
Stookey,0714,382,510,40.20093355739836,-112.52639967869867,0.9658926129341125
Stookey,0714,658,396,40.12648068422514,-112.56664192179761,0.8711374998092651
Stookey,0714,553,558,40.15480514684539,-112.50945557634122,0.9179871082305908
Stookey,0714,701,480,40.11488114239019,-112.53698974267208,0.9539102911949158
Stookey,0714,415,660,40.192031583432,-112.47344935883164,0.8783576488494873
Stookey,0714,362,513,40.206328693135546,-112.52534067230134,0.9583116769790649
Stookey,0714,382,527,40.20093355739836,-112.52039864244708,0.9675613641738892
Stookey,0714,390,486,40.198775503103484,-112.5348717298774,0.9033899903297424
Stookey,0714,381,526,40.201203314185214,-112.52075164457952,0.9722175598144531
Stookey,0714,649,496,40.12890849530688,-112.53134170855293,0.9650437831878662
Stookey,0714,376,642,40.20255209811951,-112.47980339721569,0.9375554323196411
Stookey,0714,416,644,40.191761826645134,-112.47909739295079,0.9616674780845642
Stookey,0714,380,526,40.20147307097208,-112.52075164457952,0.9701486229896545
Stookey,0714,427,410,40.18879450198968,-112.56169989194336,0.9683084487915039
Stookey,0714,532,384,40.160470039369436,-112.57087794738698,0.8765206933021545
Stookey,0714,314,587,40.219277018904805,-112.49921851450026,0.9661934971809387
Stookey,0714,443,568,40.18447839339993,-112.50592555501676,0.9855290055274963
Stookey,0714,737,441,40.105169898063245,-112.55075682583751,0.946578860282898
Stookey,0714,389,506,40.19904525989034,-112.52781168722846,0.9549856185913086
Stookey,0714,734,457,40.10597916842382,-112.54510879171836,0.9548179507255554
Stookey,0714,373,492,40.203361368480095,-112.53275371708271,0.9273187518119812
Stookey,0714,652,512,40.128099224946304,-112.52569367443378,0.9537610411643982
Stookey,0714,401,499,40.195808178448026,-112.53028270215559,0.7385266423225403
Stookey,0714,428,622,40.18852474520282,-112.48686343986462,0.9786268472671509
Stookey,0714,300,550,40.22305361392083,-112.5122795934008,0.6843536496162415
Stookey,0714,483,414,40.17368812192555,-112.56028788341358,0.9771912097930908
Stookey,0714,443,500,40.18447839339993,-112.52992970002315,0.9748191833496094
Stookey,0714,412,648,40.192840853792575,-112.47768538442101,0.9407092928886414
Stookey,0714,368,523,40.20471015241439,-112.52181065097686,0.9608704447746277
Stookey,0714,379,502,40.201742827758935,-112.52922369575825,0.964540958404541
Stookey,0714,321,649,40.21738872139679,-112.47733238228855,0.6316349506378174
Stookey,0714,325,625,40.21630969424935,-112.48580443346728,0.8820541501045227
Stookey,0714,723,445,40.10894649307928,-112.54934481730773,0.963137149810791
Stookey,0714,476,520,40.17557641943357,-112.5228696573742,0.976925253868103
Stookey,0714,354,526,40.20848674743042,-112.52075164457952,0.965759813785553
Stookey,0714,331,648,40.21469115352819,-112.47768538442101,0.7869546413421631
Stookey,0714,407,412,40.19418963772687,-112.56099388767846,0.5355005860328674
Stookey,0714,550,540,40.15561441720597,-112.51580961472527,0.9553715586662292
Stookey,0714,703,482,40.11434162881647,-112.53628373840719,0.9436052441596985
Stookey,0714,520,400,40.16370712081175,-112.56522991326783,0.9632393717765808
Stookey,0714,392,471,40.19823598952976,-112.5401667618641,0.9491572380065918
Stookey,0714,435,571,40.18663644769481,-112.50486654861942,0.9804865717887878
Stookey,0714,458,588,40.18043204159704,-112.49886551236781,0.8825851082801819
Stookey,0714,405,524,40.19472915130059,-112.52145764884442,0.9645506739616394
Stookey,0714,344,625,40.211184315299015,-112.48580443346728,0.9615284204483032
Stookey,0714,367,452,40.20497990920125,-112.54687380238059,0.9412909746170044
Stookey,0714,374,526,40.20309161169323,-112.52075164457952,0.9627436995506287
Stookey,0714,718,473,40.11029527701358,-112.5394607575992,0.9587767124176025
Stookey,0714,425,460,40.189334015563404,-112.54404978532102,0.9491424560546875
Stookey,0714,363,647,40.20605893634869,-112.47803838655345,0.701070249080658
Stookey,0714,338,664,40.212802856020176,-112.47203735030186,0.5879784226417542
Stookey,0714,640,518,40.13133630638861,-112.5235756616391,0.9324766397476196
Stookey,0714,370,495,40.20417063884067,-112.53169471068537,0.9348491430282593
Stookey,0714,559,573,40.15318660612423,-112.50416054435452,0.628876805305481
Stookey,0714,343,499,40.21145407208588,-112.53028270215559,0.6926531791687012
Stookey,0714,578,514,40.148061227173905,-112.52498767016888,0.8973900675773621
Stookey,0714,654,502,40.127559711372584,-112.52922369575825,0.9549344182014465
Stookey,0714,361,646,40.20659844992241,-112.47839138868589,0.7073599696159363
Stookey,0714,420,409,40.1906827994977,-112.5620528940758,0.8043091297149658
Stookey,0714,391,510,40.19850574631662,-112.52639967869867,0.9592446684837341
Stookey,0714,492,517,40.17126031084381,-112.52392866377154,0.979519248008728
Stookey,0714,551,509,40.155344660419104,-112.52675268083112,0.9678910970687866
Stookey,0714,411,506,40.19311061057943,-112.52781168722846,0.9527022242546082
Stookey,0714,581,522,40.14725195681332,-112.52216365310932,0.5556192398071289
Stookey,0714,323,618,40.21684920782307,-112.4882754483944,0.9407729506492615
Stookey,0714,468,407,40.17773447372844,-112.5627588983407,0.981410026550293
Stookey,0714,506,558,40.167483715827785,-112.50945557634122,0.956471860408783
Stookey,0714,497,520,40.169911526909516,-112.5228696573742,0.9772546291351318
Stookey,0714,493,541,40.17099055405696,-112.51545661259281,0.9610241651535034
Stookey,0714,572,571,40.14967976789506,-112.50486654861942,0.7094250321388245
Stookey,0714,574,510,40.14914025432134,-112.52639967869867,0.9492323994636536
Stookey,0714,361,639,40.20659844992241,-112.48086240361303,0.9387781023979187
Stookey,0714,366,448,40.20524966598811,-112.54828581091039,0.8031284809112549
Stookey,0714,565,542,40.151568065403076,-112.51510361046037,0.9542979001998901
Stookey,0714,395,454,40.19742671916919,-112.5461677981157,0.9734421372413635
Stookey,0714,737,472,40.105169898063245,-112.53981375973166,0.8416607975959778
Stookey,0714,424,597,40.18960377235026,-112.49568849317579,0.9952706694602966
Stookey,0714,558,513,40.15345636291109,-112.52534067230134,0.95952308177948
Stookey,0714,374,445,40.20309161169323,-112.54934481730773,0.9414259195327759
Stookey,0714,534,513,40.159930525795716,-112.52534067230134,0.9756504893302917
Stookey,0714,640,501,40.13133630638861,-112.52957669789069,0.9624662399291992
Stookey,0714,379,528,40.201742827758935,-112.52004564031463,0.9661969542503357
Stookey,0714,564,403,40.15183782218993,-112.56417090687049,0.9522557854652405
Stookey,0714,740,448,40.10436062770267,-112.54828581091039,0.9207574725151062
Stookey,0714,528,392,40.161549066516876,-112.56805393032741,0.9615294337272644
Stookey,0714,530,534,40.161009552943156,-112.51792762751995,0.9506110548973083
Stookey,0714,644,394,40.13025727924118,-112.56734792606251,0.5500584840774536
Stookey,0714,318,510,40.218197991757364,-112.52639967869867,0.5023034811019897
Stookey,0714,523,406,40.162897850451174,-112.56311190047315,0.9745664596557617
Stookey,0714,430,579,40.187985231629106,-112.50204253155984,0.9942273497581482
Stookey,0714,420,451,40.1906827994977,-112.54722680451304,0.9858705401420593
Stookey,0714,715,420,40.111104547374154,-112.5581698706189,0.9722391366958618
Stookey,0714,566,395,40.15129830861621,-112.56699492393007,0.6822142004966736
Stookey,0714,491,572,40.17153006763068,-112.50451354648696,0.9375412464141846
Stookey,0714,397,500,40.196887205595466,-112.52992970002315,0.9279422163963318
Stookey,0714,476,415,40.17557641943357,-112.55993488128112,0.9890577793121338
Stookey,0714,457,619,40.1807017983839,-112.48792244626196,0.7233136892318726
Stookey,0714,388,484,40.199315016677204,-112.5355777341423,0.9182927012443542
Stookey,0714,382,525,40.20093355739836,-112.52110464671198,0.9691022038459778
Stookey,0714,524,560,40.16262809366431,-112.50874957207633,0.8690798282623291
Stookey,0714,418,479,40.191222313071414,-112.53734274480453,0.7298094034194946
Stookey,0714,642,519,40.1307967928149,-112.52322265950666,0.9151482582092285
Stookey,0714,525,531,40.16235833687745,-112.5189866339173,0.9567359089851379
Stookey,0714,539,408,40.15858174186142,-112.56240589620826,0.9832937717437744
Stookey,0714,329,525,40.21523066710191,-112.52110464671198,0.9707733392715454
Stookey,0714,660,400,40.12594117065142,-112.56522991326783,0.941645622253418
Stookey,0714,341,631,40.2119935856596,-112.4836864206726,0.9527966976165771
Stookey,0714,685,496,40.11919725097994,-112.53134170855293,0.8684437870979309
Stookey,0714,405,650,40.19472915130059,-112.47697938015611,0.90217125415802
Stookey,0714,330,650,40.21496091031505,-112.47697938015611,0.779603898525238
Stookey,0714,363,519,40.20605893634869,-112.52322265950666,0.9597562551498413
Stookey,0714,613,554,40.13861973963382,-112.51086758487101,0.60490483045578
Stookey,0714,672,476,40.12270408920911,-112.53840175120187,0.9669146537780762
Stookey,0714,545,562,40.156963201140265,-112.50804356781144,0.8901454210281372
Stookey,0714,427,500,40.18879450198968,-112.52992970002315,0.9554963111877441
Stookey,0714,336,613,40.213342369593896,-112.49004045905664,0.965343713760376
Stookey,0714,369,638,40.20444039562753,-112.48121540574547,0.9439992904663086
Stookey,0714,447,404,40.183399366252495,-112.56381790473804,0.9759771227836609
Stookey,0714,444,553,40.18420863661307,-112.51122058700346,0.9941987991333008
Stookey,0714,539,549,40.15858174186142,-112.51263259553325,0.9579528570175171
Stookey,0714,382,530,40.20093355739836,-112.51933963604974,0.9668539762496948
Stookey,0714,488,576,40.172339337991254,-112.50310153795718,0.8910185694694519
Stookey,0714,298,583,40.22359312749455,-112.50063052303005,0.627753734588623
Stookey,0714,681,493,40.12027627812738,-112.53240071495027,0.9373545050621033
Stookey,0714,428,399,40.18852474520282,-112.56558291540028,0.6921823024749756
Stookey,0714,352,505,40.20902626100414,-112.5281646893609,0.9534258842468262
Stookey,0714,537,542,40.15912125543514,-112.51510361046037,0.9573889374732971
Stookey,0714,724,437,40.108676736292416,-112.5521688343673,0.9674254059791565
Stookey,0714,421,405,40.19041304271084,-112.5634649026056,0.6158628463745117
Stookey,0714,723,476,40.10894649307928,-112.53840175120187,0.9194013476371765
Stookey,0714,400,650,40.19607793523489,-112.47697938015611,0.922700047492981
Stookey,0714,730,427,40.10705819557126,-112.55569885569176,0.9706788063049316
Stookey,0714,561,401,40.15264709255051,-112.56487691113539,0.9474829435348511
Stookey,0714,444,586,40.18420863661307,-112.49957151663271,0.9581228494644165
Stookey,0714,313,612,40.21954677569166,-112.49039346118909,0.9143842458724976
Stookey,0714,682,491,40.120006521340514,-112.53310671921517,0.9408876895904541
Stookey,0714,697,477,40.11596016953762,-112.53804874906942,0.9575881958007812
Stookey,0714,609,512,40.13969876678126,-112.52569367443378,0.9552311301231384
Stookey,0714,544,516,40.15723295792712,-112.524281665904,0.9630784392356873
Stookey,0714,457,586,40.1807017983839,-112.49957151663271,0.9020758867263794
Stookey,0714,406,628,40.19445939451373,-112.48474542706994,0.9877219200134277
Stookey,0714,713,485,40.111644060947874,-112.53522473200985,0.8973210453987122
Stookey,0714,379,440,40.201742827758935,-112.55110982796995,0.9317701458930969
Stookey,0714,357,458,40.20767747706984,-112.5447557895859,0.8219372630119324
Stookey,0714,397,642,40.196887205595466,-112.47980339721569,0.9767060875892639
Stookey,0714,532,514,40.160470039369436,-112.52498767016888,0.9683522582054138
Stookey,0714,709,502,40.11272308809531,-112.52922369575825,0.6758805513381958
Stookey,0714,547,397,40.156423687566544,-112.56628891966517,0.9541090130805969
Stookey,0714,554,496,40.15453539005853,-112.53134170855293,0.9832470417022705
Stookey,0714,578,508,40.148061227173905,-112.52710568296357,0.9600645303726196
Stookey,0714,726,446,40.108137222718696,-112.54899181517527,0.9677413105964661
Stookey,0714,722,435,40.10921624986614,-112.55287483863219,0.9721789360046387
Stookey,0714,369,653,40.20444039562753,-112.47592037375877,0.5349681377410889
Stookey,0714,524,562,40.16262809366431,-112.50804356781144,0.8392341136932373
Stookey,0714,340,656,40.212263342446455,-112.47486136736143,0.5520461797714233
Stookey,0714,416,638,40.191761826645134,-112.48121540574547,0.9688745141029358
Stookey,0714,450,615,40.18259009589191,-112.48933445479175,0.9029918313026428
Stookey,0714,570,555,40.15021928146878,-112.51051458273857,0.9115257859230042
Stookey,0714,548,519,40.15615393077969,-112.52322265950666,0.959699273109436
Stookey,0714,739,452,40.104630384489525,-112.54687380238059,0.9476295709609985
Stookey,0714,479,520,40.17476714907299,-112.5228696573742,0.9704725742340088
Stookey,0714,553,496,40.15480514684539,-112.53134170855293,0.9831250905990601
Stookey,0714,422,644,40.19014328592398,-112.47909739295079,0.9571083188056946
Stookey,0714,688,478,40.11838798061936,-112.53769574693698,0.9581803679466248
Stookey,0714,552,398,40.15507490363225,-112.56593591753273,0.9523835778236389
Stookey,0714,614,511,40.13834998284696,-112.52604667656622,0.957539439201355
Stookey,0714,485,413,40.17314860835183,-112.56064088554602,0.97577303647995
Stookey,0714,568,558,40.1507587950425,-112.50945557634122,0.9357513189315796
Stookey,0714,676,489,40.121625062061675,-112.53381272348005,0.9560579061508179
Stookey,0714,387,632,40.19958477346406,-112.48333341854016,0.9832325577735901
Stookey,0714,484,560,40.173418365138694,-112.50874957207633,0.9726659059524536
Stookey,0714,543,549,40.157502714713985,-112.51263259553325,0.9577872157096863
Stookey,0714,483,580,40.17368812192555,-112.5016895294274,0.7053452730178833
Stookey,0714,491,579,40.17153006763068,-112.50204253155984,0.8631278276443481
Stookey,0714,514,384,40.165325661532904,-112.57087794738698,0.6531393527984619
Stookey,0714,376,460,40.20255209811951,-112.54404978532102,0.9752452969551086
Stookey,0714,562,518,40.15237733576365,-112.5235756616391,0.9521965384483337
Stookey,0714,423,470,40.18987352913712,-112.54051976399654,0.8293280601501465
Stookey,0714,326,636,40.21603993746249,-112.48192141001037,0.8454909920692444
Stookey,0714,657,502,40.126750441012,-112.52922369575825,0.9544751048088074
Stookey,0714,674,512,40.122164575635395,-112.52569367443378,0.7764149308204651
Stookey,0714,598,515,40.14266609143671,-112.52463466803644,0.946241021156311
Stookey,0714,429,559,40.18825498841596,-112.50910257420878,0.979515016078949
Stookey,0714,417,506,40.19149206985828,-112.52781168722846,0.9631847739219666
Stookey,0714,417,481,40.19149206985828,-112.53663674053963,0.6419700384140015
Stookey,0714,397,495,40.196887205595466,-112.53169471068537,0.8912010788917542
Stookey,0714,435,603,40.18663644769481,-112.49357048038111,0.9848427176475525
Stookey,0714,405,531,40.19472915130059,-112.5189866339173,0.97093665599823
Stookey,0714,688,490,40.11838798061936,-112.53345972134761,0.8824396133422852
Stookey,0714,417,648,40.19149206985828,-112.47768538442101,0.9564026594161987
Stookey,0714,433,574,40.18717596126852,-112.50380754222208,0.9760591983795166
Stookey,0714,489,399,40.1720695812044,-112.56558291540028,0.6097856760025024
Stookey,0714,423,653,40.18987352913712,-112.47592037375877,0.9346573352813721
Stookey,0714,411,636,40.19311061057943,-112.48192141001037,0.9745721817016602
Stookey,0714,356,543,40.20794723385671,-112.51475060832793,0.9706889986991882
Stookey,0714,328,658,40.21550042388877,-112.47415536309653,0.6720821857452393
Stookey,0714,594,519,40.14374511858415,-112.52322265950666,0.8551502227783203
Stookey,0714,620,514,40.1367314421258,-112.52498767016888,0.9535468816757202
Stookey,0714,723,483,40.10894649307928,-112.53593073627474,0.7293188571929932
Stookey,0714,550,526,40.15561441720597,-112.52075164457952,0.9603942036628723
Stookey,0714,372,464,40.20363112526695,-112.54263777679122,0.9680646061897278
Stookey,0714,640,521,40.13133630638861,-112.52251665524176,0.7471446990966797
Stookey,0714,342,511,40.211723828872735,-112.52604667656622,0.9437848329544067
Stookey,0714,432,488,40.187445718055386,-112.53416572561251,0.9522064924240112
Stookey,0714,396,418,40.19715696238232,-112.55887587488378,0.5472794771194458
Stookey,0714,385,640,40.20012428703778,-112.48050940148057,0.9579366445541382
Stookey,0714,491,541,40.17153006763068,-112.51545661259281,0.9581833481788635
Stookey,0714,485,579,40.17314860835183,-112.50204253155984,0.6849381923675537
Stookey,0714,343,641,40.21145407208588,-112.48015639934813,0.8738839626312256
Stookey,0714,657,397,40.126750441012,-112.56628891966517,0.8753433227539062
Stookey,0714,443,482,40.18447839339993,-112.53628373840719,0.9715050458908081
Stookey,0714,403,515,40.19526866487431,-112.52463466803644,0.9598765969276428
Stookey,0714,424,453,40.18960377235026,-112.54652080024815,0.9876976013183594
Stookey,0714,458,578,40.18043204159704,-112.50239553369228,0.9073143005371094
Stookey,0714,388,512,40.199315016677204,-112.52569367443378,0.9651967883110046
Stookey,0714,719,436,40.11002552022671,-112.55252183649975,0.974349856376648
Stookey,0714,710,511,40.11245333130845,-112.52604667656622,0.5992456078529358
Stookey,0714,397,443,40.196887205595466,-112.55005082157261,0.9377028942108154
Stookey,0714,477,403,40.175306662646705,-112.56417090687049,0.9135274291038513
Stookey,0714,415,422,40.192031583432,-112.557463866354,0.9619696736335754
Stookey,0714,720,480,40.10975576343986,-112.53698974267208,0.9005411863327026
Stookey,0714,382,639,40.20093355739836,-112.48086240361303,0.958778977394104
Stookey,0714,327,633,40.21577018067563,-112.48298041640771,0.8517342805862427
Stookey,0714,553,514,40.15480514684539,-112.52498767016888,0.9557896256446838
Stookey,0714,604,517,40.141047550715555,-112.52392866377154,0.9296865463256836
Stookey,0714,489,421,40.1720695812044,-112.55781686848644,0.990485429763794
Stookey,0714,668,403,40.12378311635655,-112.56417090687049,0.9570977687835693
Stookey,0714,698,520,40.115690412750766,-112.5228696573742,0.7680149078369141
Stookey,0714,366,508,40.20524966598811,-112.52710568296357,0.9549733996391296
Stookey,0714,347,512,40.21037504493844,-112.52569367443378,0.9541188478469849
Stookey,0714,319,629,40.21792823497051,-112.4843924249375,0.5347688794136047
Stookey,0714,312,605,40.21981653247852,-112.49286447611622,0.934830904006958
Stookey,0714,376,645,40.20255209811951,-112.47874439081835,0.9390032887458801
Stookey,0714,556,537,40.15399587648481,-112.51686862112261,0.9539653062820435
Stookey,0714,449,606,40.182859852678774,-112.49251147398377,0.9129791855812073
Stookey,0714,416,510,40.191761826645134,-112.52639967869867,0.9678206443786621
Stookey,0714,690,397,40.11784846704564,-112.56628891966517,0.5550801157951355
Stookey,0714,570,556,40.15021928146878,-112.51016158060612,0.9175095558166504
Stookey,0714,423,489,40.18987352913712,-112.53381272348005,0.5972760915756226
Stookey,0714,352,504,40.20902626100414,-112.52851769149335,0.9528239965438843
Stookey,0714,360,464,40.20686820670927,-112.54263777679122,0.9409872889518738
Stookey,0714,419,644,40.19095255628456,-112.47909739295079,0.959314227104187
Stookey,0714,696,521,40.116229926324486,-112.52251665524176,0.7423322796821594
Stookey,0714,346,501,40.2106448017253,-112.52957669789069,0.8904198408126831
Stookey,0714,552,521,40.15507490363225,-112.52251665524176,0.9573898315429688
Stookey,0714,437,555,40.18609693412109,-112.51051458273857,0.9900590777397156
Stookey,0714,359,475,40.20713796349612,-112.53875475333432,0.9045565128326416
Stookey,0714,596,509,40.14320560501043,-112.52675268083112,0.9702677130699158
Stookey,0714,486,557,40.172878851564974,-112.50980857847367,0.9678952693939209
Stookey,0714,432,608,40.187445718055386,-112.49180546971888,0.9853320717811584
Stookey,0714,687,506,40.11865773740622,-112.52781168722846,0.8710710406303406
Stookey,0714,360,536,40.20686820670927,-112.51722162325505,0.9613065719604492
Stookey,0714,587,519,40.14563341609217,-112.52322265950666,0.799564003944397
Stookey,0714,679,493,40.1208157917011,-112.53240071495027,0.9504799246788025
Stookey,0714,401,506,40.195808178448026,-112.52781168722846,0.9365934729576111
Stookey,0714,563,578,40.152107578976796,-112.50239553369228,0.634767472743988
Stookey,0714,485,517,40.17314860835183,-112.52392866377154,0.9836185574531555
Stookey,0714,369,525,40.20444039562753,-112.52110464671198,0.9605975151062012
Stookey,0714,342,503,40.211723828872735,-112.5288706936258,0.8802130818367004
Stookey,0714,501,543,40.16883249976208,-112.51475060832793,0.9582889080047607
Stookey,0714,325,622,40.21630969424935,-112.48686343986462,0.9363581538200378
Stookey,0714,391,646,40.19850574631662,-112.47839138868589,0.946718156337738
Stookey,0714,427,616,40.18879450198968,-112.4889814526593,0.9914496541023254
Stookey,0714,407,457,40.19418963772687,-112.54510879171836,0.5671504735946655
Stookey,0714,381,533,40.201203314185214,-112.5182806296524,0.9654009938240051
Stookey,0714,443,592,40.18447839339993,-112.49745350383803,0.9671857357025146
Stookey,0714,538,568,40.15885149864828,-112.50592555501676,0.5901798009872437
Stookey,0714,320,652,40.217658478183644,-112.47627337589121,0.5968984365463257
Stookey,0714,314,639,40.219277018904805,-112.48086240361303,0.6101768612861633
Stookey,0714,402,541,40.19553842166117,-112.51545661259281,0.9828703999519348
Stookey,0714,715,457,40.111104547374154,-112.54510879171836,0.9688625335693359
Stookey,0714,299,567,40.223323370707696,-112.5062785571492,0.7041423916816711
Stookey,0714,701,520,40.11488114239019,-112.5228696573742,0.7596886157989502
Stookey,0714,658,505,40.12648068422514,-112.5281646893609,0.9581423401832581
Stookey,0714,538,405,40.15885149864828,-112.5634649026056,0.9834418892860413
Stookey,0714,318,526,40.218197991757364,-112.52075164457952,0.9557219743728638
Stookey,0714,683,515,40.11973676455366,-112.52463466803644,0.866726279258728
Stookey,0714,564,552,40.15183782218993,-112.5115735891359,0.9446488618850708
Stookey,0714,374,473,40.20309161169323,-112.5394607575992,0.964857280254364
Stookey,0714,304,601,40.2219745867734,-112.49427648464601,0.5538527369499207
Stookey,0714,377,532,40.202282341332655,-112.51863363178484,0.9643778800964355
Stookey,0714,699,520,40.1154206559639,-112.5228696573742,0.7537611126899719
Stookey,0714,432,638,40.187445718055386,-112.48121540574547,0.955962061882019
Stookey,0714,494,571,40.1707207972701,-112.50486654861942,0.94495689868927
Stookey,0714,315,621,40.21900726211794,-112.48721644199706,0.7092394828796387
Stookey,0714,394,522,40.19769647595604,-112.52216365310932,0.9606273174285889
Stookey,0714,507,570,40.16721395904092,-112.50521955075186,0.8913717269897461
Stookey,0714,390,537,40.198775503103484,-112.51686862112261,0.9678932428359985
Stookey,0714,439,562,40.18555742054737,-112.50804356781144,0.9809732437133789
Stookey,0714,675,486,40.12189481884853,-112.5348717298774,0.9555867910385132
Stookey,0714,472,397,40.17665544658101,-112.56628891966517,0.5588089227676392
Stookey,0714,427,562,40.18879450198968,-112.50804356781144,0.9755751490592957
Stookey,0714,411,662,40.19311061057943,-112.47274335456675,0.7738106846809387
Stookey,0714,399,491,40.196347692021746,-112.53310671921517,0.7524242401123047
Stookey,0714,657,512,40.126750441012,-112.52569367443378,0.9406638145446777
Stookey,0714,526,547,40.1620885800906,-112.51333859979813,0.9598013162612915
Stookey,0714,572,575,40.14967976789506,-112.50345454008962,0.8054542541503906
Stookey,0714,315,519,40.21900726211794,-112.52322265950666,0.5768511891365051
Stookey,0714,438,562,40.185827177334225,-112.50804356781144,0.9786103963851929
Stookey,0714,540,392,40.15831198507456,-112.56805393032741,0.9572283029556274
Stookey,0714,432,417,40.187445718055386,-112.55922887701624,0.9829556345939636
Stookey,0714,591,510,40.14455438894473,-112.52639967869867,0.9578759670257568
Stookey,0714,577,568,40.14833098396076,-112.50592555501676,0.7761867046356201
Stookey,0714,640,507,40.13133630638861,-112.52745868509601,0.9535784125328064
Stookey,0714,345,548,40.21091455851216,-112.51298559766569,0.9858434796333313
Stookey,0714,708,474,40.11299284488217,-112.53910775546676,0.9577752351760864
Stookey,0714,459,409,40.18016228481018,-112.5620528940758,0.9866935014724731
Stookey,0714,398,476,40.19661744880861,-112.53840175120187,0.8627335429191589
Stookey,0714,557,505,40.15372611969795,-112.5281646893609,0.9765266180038452
Stookey,0714,486,565,40.172878851564974,-112.5069845614141,0.9658070206642151
Stookey,0714,366,642,40.20524966598811,-112.47980339721569,0.9384698867797852
Stookey,0714,507,533,40.16721395904092,-112.5182806296524,0.9527754187583923
Stookey,0714,370,652,40.20417063884067,-112.47627337589121,0.65533846616745
Stookey,0714,729,477,40.10732795235812,-112.53804874906942,0.852864682674408
Stookey,0714,432,556,40.187445718055386,-112.51016158060612,0.9873751997947693
Stookey,0714,366,513,40.20524966598811,-112.52534067230134,0.9595066905021667
Stookey,0714,661,518,40.125671413864566,-112.5235756616391,0.7772347927093506
Stookey,0714,373,441,40.203361368480095,-112.55075682583751,0.8864851593971252
Stookey,0714,357,528,40.20767747706984,-112.52004564031463,0.9682022333145142
Stookey,0714,606,513,40.140508037141835,-112.52534067230134,0.952964186668396
Stookey,0714,505,404,40.16775347261464,-112.56381790473804,0.9615523219108582
Stookey,0714,365,540,40.20551942277497,-112.51580961472527,0.9613654613494873
Stookey,0714,499,554,40.1693720133358,-112.51086758487101,0.9567907452583313
Stookey,0714,496,551,40.17018128369638,-112.51192659126835,0.967832088470459
Stookey,0714,381,436,40.201203314185214,-112.55252183649975,0.6162590980529785
Stookey,0714,403,547,40.19526866487431,-112.51333859979813,0.9899568557739258
Stookey,0714,719,442,40.11002552022671,-112.55040382370507,0.9657275080680847
Stookey,0714,387,478,40.19958477346406,-112.53769574693698,0.956396758556366
Stookey,0714,741,420,40.104090870915805,-112.5581698706189,0.537741482257843
Stookey,0714,678,499,40.121085548487954,-112.53028270215559,0.9421910643577576
Stookey,0714,685,504,40.11919725097994,-112.52851769149335,0.9125495553016663
Stookey,0714,315,597,40.21900726211794,-112.49568849317579,0.9562788009643555
Stookey,0714,670,483,40.12324360278283,-112.53593073627474,0.961573600769043
Stookey,0714,344,527,40.211184315299015,-112.52039864244708,0.9748321771621704
Stookey,0714,670,522,40.12324360278283,-112.52216365310932,0.743563711643219
Stookey,0714,412,650,40.192840853792575,-112.47697938015611,0.9091821908950806
Stookey,0714,405,423,40.19472915130059,-112.55711086422156,0.8840043544769287
Stookey,0714,712,482,40.11191381773473,-112.53628373840719,0.9447283148765564
Stookey,0714,534,535,40.159930525795716,-112.5175746253875,0.9573851227760315
Stookey,0714,393,543,40.19796623274291,-112.51475060832793,0.9780398607254028
Stookey,0714,399,648,40.196347692021746,-112.47768538442101,0.9507009387016296
Stookey,0714,731,454,40.1067884387844,-112.5461677981157,0.9549790620803833
Stookey,0714,330,608,40.21496091031505,-112.49180546971888,0.9653259515762329
Stookey,0714,442,617,40.18474815018679,-112.48862845052686,0.8036696314811707
Stookey,0714,419,645,40.19095255628456,-112.47874439081835,0.9588980078697205
Stookey,0714,549,392,40.155884173992824,-112.56805393032741,0.9515041708946228
Stookey,0714,401,615,40.195808178448026,-112.48933445479175,0.9946024417877197
Stookey,0714,691,479,40.11757871025878,-112.53734274480453,0.9582009315490723
Stookey,0714,718,424,40.11029527701358,-112.5567578620891,0.977092444896698
Stookey,0714,375,502,40.202821854906375,-112.52922369575825,0.9577623605728149
Stookey,0714,656,514,40.12702019779886,-112.52498767016888,0.9281548857688904
Stookey,0714,380,644,40.20147307097208,-112.47909739295079,0.9491739273071289
Stookey,0714,378,484,40.2020125845458,-112.5355777341423,0.8121187686920166
Stookey,0714,662,488,40.1254016570777,-112.53416572561251,0.9625424146652222
Stookey,0714,403,511,40.19526866487431,-112.52604667656622,0.9560947418212891
Stookey,0714,394,463,40.19769647595604,-112.54299077892368,0.9721959233283997
Stookey,0714,450,586,40.18259009589191,-112.49957151663271,0.9590194225311279
Stookey,0714,528,526,40.161549066516876,-112.52075164457952,0.9601730704307556
Stookey,0714,714,422,40.11137430416101,-112.557463866354,0.9774825572967529
Stookey,0714,739,458,40.104630384489525,-112.5447557895859,0.9422919750213623
Stookey,0714,373,449,40.203361368480095,-112.54793280877793,0.9551362991333008
Stookey,0714,427,579,40.18879450198968,-112.50204253155984,0.9951198101043701
Stookey,0714,480,560,40.17449739228613,-112.50874957207633,0.9748452305793762
Stookey,0714,308,598,40.22089555962596,-112.49533549104335,0.9133584499359131
Stookey,0714,687,495,40.11865773740622,-112.53169471068537,0.7840176820755005
Stookey,0714,724,424,40.108676736292416,-112.5567578620891,0.9641283750534058
Stookey,0714,562,400,40.15237733576365,-112.56522991326783,0.945244312286377
Stookey,0714,720,428,40.10975576343986,-112.55534585355932,0.9679080247879028
Stookey,0714,652,503,40.128099224946304,-112.5288706936258,0.9563500285148621
Stookey,0714,360,527,40.20686820670927,-112.52039864244708,0.9604601263999939
Stookey,0714,457,563,40.1807017983839,-112.50769056567898,0.9675410389900208
Stookey,0714,443,605,40.18447839339993,-112.49286447611622,0.9293513298034668
Stookey,0714,545,536,40.156963201140265,-112.51722162325505,0.9593474268913269
Stookey,0714,345,633,40.21091455851216,-112.48298041640771,0.953905463218689
Stookey,0714,717,478,40.110565033800434,-112.53769574693698,0.9493390917778015
Stookey,0714,352,651,40.20902626100414,-112.47662637802367,0.6217702031135559
Stookey,0714,530,420,40.161009552943156,-112.5581698706189,0.9925842881202698
Stookey,0714,704,487,40.114071872029605,-112.53451872774495,0.8957682251930237
Stookey,0714,467,565,40.178004230515306,-112.5069845614141,0.9616233706474304
Stookey,0714,684,493,40.1194670077668,-112.53240071495027,0.926986038684845
Stookey,0714,720,468,40.10975576343986,-112.54122576826144,0.9584113359451294
Stookey,0714,437,596,40.18609693412109,-112.49604149530825,0.993465006351471
Stookey,0714,349,520,40.20983553136472,-112.5228696573742,0.9635298252105713
Stookey,0714,409,417,40.19365012415315,-112.55922887701624,0.7688429355621338
Stookey,0714,402,414,40.19553842166117,-112.56028788341358,0.56162428855896
Stookey,0714,421,625,40.19041304271084,-112.48580443346728,0.9819140434265137
Stookey,0714,591,518,40.14455438894473,-112.5235756616391,0.8522519469261169
Stookey,0714,630,510,40.134033874257206,-112.52639967869867,0.9523442983627319
Stookey,0714,406,657,40.19445939451373,-112.47450836522898,0.8625993728637695
Stookey,0714,324,608,40.21657945103621,-112.49180546971888,0.9560149312019348
Stookey,0714,411,588,40.19311061057943,-112.49886551236781,0.9957929849624634
Stookey,0714,391,467,40.19850574631662,-112.54157877039388,0.9726461172103882
Stookey,0714,442,616,40.18474815018679,-112.4889814526593,0.8282526731491089
Stookey,0714,551,501,40.155344660419104,-112.52957669789069,0.9823231101036072
Stookey,0714,433,636,40.18717596126852,-112.48192141001037,0.9528998732566833
Stookey,0714,523,382,40.162897850451174,-112.57158395165187,0.7101803421974182
Stookey,0714,308,607,40.22089555962596,-112.49215847185133,0.8183541893959045
Stookey,0714,666,394,40.12432262993027,-112.56734792606251,0.8113622665405273
Stookey,0714,715,429,40.111104547374154,-112.55499285142687,0.9821822643280029
Stookey,0714,309,531,40.2206258028391,-112.5189866339173,0.8461933135986328
Stookey,0714,401,512,40.195808178448026,-112.52569367443378,0.9609013795852661
Stookey,0714,549,506,40.155884173992824,-112.52781168722846,0.9728888273239136
Stookey,0714,485,520,40.17314860835183,-112.5228696573742,0.9794191122055054
Stookey,0714,670,400,40.12324360278283,-112.56522991326783,0.9416508078575134
Stookey,0714,729,433,40.10732795235812,-112.55358084289708,0.9732675552368164
Stookey,0714,719,463,40.11002552022671,-112.54299077892368,0.963215708732605
Stookey,0714,702,469,40.114611385603325,-112.540872766129,0.9750117659568787
Stookey,0714,416,635,40.191761826645134,-112.48227441214281,0.9727276563644409
Stookey,0714,700,393,40.115150899177046,-112.56770092819495,0.5056209564208984
Stookey,0714,547,521,40.156423687566544,-112.52251665524176,0.9734741449356079
Stookey,0714,411,434,40.19311061057943,-112.55322784076463,0.9756515026092529
Stookey,0714,631,507,40.13376411747035,-112.52745868509601,0.9571235775947571
Stookey,0714,551,411,40.155344660419104,-112.56134688981092,0.9728537201881409
Stookey,0714,540,555,40.15831198507456,-112.51051458273857,0.9531978964805603
Stookey,0714,356,478,40.20794723385671,-112.53769574693698,0.7746957540512085
Stookey,0714,353,507,40.208756504217284,-112.52745868509601,0.9544607996940613
Stookey,0714,613,553,40.13861973963382,-112.51122058700346,0.5444027781486511
Stookey,0714,349,555,40.20983553136472,-112.51051458273857,0.9651914238929749
Stookey,0714,679,492,40.1208157917011,-112.53275371708271,0.949592113494873
Stookey,0714,682,503,40.120006521340514,-112.5288706936258,0.9270645380020142
Stookey,0714,730,466,40.10705819557126,-112.54193177252634,0.9485375285148621
Stookey,0714,724,444,40.108676736292416,-112.54969781944017,0.9704118371009827
Stookey,0714,706,501,40.11353235845589,-112.52957669789069,0.6844574809074402
Stookey,0714,686,399,40.11892749419308,-112.56558291540028,0.8646201491355896
Stookey,0714,498,408,40.16964177012266,-112.56240589620826,0.9718642830848694
Stookey,0714,330,616,40.21496091031505,-112.4889814526593,0.9538686871528625
Stookey,0714,376,510,40.20255209811951,-112.52639967869867,0.961641252040863
Stookey,0714,500,412,40.16910225654894,-112.56099388767846,0.9825683832168579
Stookey,0714,408,604,40.19391988094001,-112.49321747824867,0.9870228171348572
Stookey,0714,427,648,40.18879450198968,-112.47768538442101,0.9421523809432983
Stookey,0714,498,533,40.16964177012266,-112.5182806296524,0.9569237232208252
Stookey,0714,300,578,40.22305361392083,-112.50239553369228,0.8384973406791687
Stookey,0714,485,541,40.17314860835183,-112.51545661259281,0.9697977304458618
Stookey,0714,431,621,40.18771547484224,-112.48721644199706,0.9684005379676819
Stookey,0714,519,399,40.16397687759861,-112.56558291540028,0.9574120044708252
Stookey,0714,320,651,40.217658478183644,-112.47662637802367,0.6365471482276917
Stookey,0714,379,453,40.201742827758935,-112.54652080024815,0.9737755060195923
Stookey,0714,316,606,40.218737505331084,-112.49251147398377,0.9527639746665955
Stookey,0714,461,563,40.17962277123646,-112.50769056567898,0.9626155495643616
Stookey,0714,484,567,40.173418365138694,-112.5062785571492,0.9659485816955566
Stookey,0714,536,381,40.159391012222,-112.57193695378432,0.5479478240013123
Stookey,0714,741,424,40.104090870915805,-112.5567578620891,0.6737952828407288
Stookey,0714,577,404,40.14833098396076,-112.56381790473804,0.93836909532547
Stookey,0714,667,479,40.124052873143405,-112.53734274480453,0.9712178707122803
Stookey,0714,399,475,40.196347692021746,-112.53875475333432,0.8186780214309692
Stookey,0714,487,407,40.17260909477811,-112.5627588983407,0.943610668182373
Stookey,0714,652,510,40.128099224946304,-112.52639967869867,0.9537560343742371
Stookey,0714,450,600,40.18259009589191,-112.49462948677845,0.9481593370437622
Stookey,0714,733,429,40.106248925210686,-112.55499285142687,0.9648611545562744
Stookey,0714,691,395,40.11757871025878,-112.56699492393007,0.521734356880188
Stookey,0714,445,602,40.18393887982621,-112.49392348251357,0.9368628263473511
Stookey,0714,419,453,40.19095255628456,-112.54652080024815,0.9776090383529663
Stookey,0714,330,623,40.21496091031505,-112.48651043773218,0.9521965384483337
Stookey,0714,692,497,40.11730895347192,-112.53098870642049,0.7783859372138977
Stookey,0714,480,521,40.17449739228613,-112.52251665524176,0.9700008630752563
Stookey,0714,379,442,40.201742827758935,-112.55040382370507,0.9304654598236084
Stookey,0714,534,549,40.159930525795716,-112.51263259553325,0.9561899900436401
Stookey,0714,395,658,40.19742671916919,-112.47415536309653,0.5622185468673706
Stookey,0714,524,390,40.16262809366431,-112.5687599345923,0.9466073513031006
Stookey,0714,709,496,40.11272308809531,-112.53134170855293,0.5955141186714172
Stookey,0714,704,464,40.114071872029605,-112.54263777679122,0.9772508144378662
Stookey,0714,328,628,40.21550042388877,-112.48474542706994,0.8878310322761536
Stookey,0714,558,394,40.15345636291109,-112.56734792606251,0.8378379344940186
Stookey,0714,534,536,40.159930525795716,-112.51722162325505,0.9563291072845459
Stookey,0714,359,507,40.20713796349612,-112.52745868509601,0.9546546339988708
Stookey,0714,475,573,40.175846176220425,-112.50416054435452,0.9578149914741516
Stookey,0714,435,580,40.18663644769481,-112.5016895294274,0.9893373250961304
Stookey,0714,623,515,40.13592217176522,-112.52463466803644,0.9463185667991638
Stookey,0714,397,488,40.196887205595466,-112.53416572561251,0.8844146132469177
Stookey,0714,672,475,40.12270408920911,-112.53875475333432,0.9690977931022644
Stookey,0714,445,564,40.18393887982621,-112.50733756354654,0.9842553734779358
Stookey,0714,325,514,40.21630969424935,-112.52498767016888,0.7961099743843079
Stookey,0714,500,574,40.16910225654894,-112.50380754222208,0.8616782426834106
Stookey,0714,461,585,40.17962277123646,-112.49992451876516,0.7542213797569275
Stookey,0714,306,530,40.22143507319968,-112.51933963604974,0.7119896411895752
Stookey,0714,419,443,40.19095255628456,-112.55005082157261,0.9968366622924805
Stookey,0714,494,402,40.1707207972701,-112.56452390900294,0.8466904163360596
Stookey,0714,493,529,40.17099055405696,-112.51969263818218,0.964482843875885
Stookey,0714,530,423,40.161009552943156,-112.55711086422156,0.9932107329368591
Stookey,0714,449,575,40.182859852678774,-112.50345454008962,0.9769529104232788
Stookey,0714,420,605,40.1906827994977,-112.49286447611622,0.9822968244552612
Stookey,0714,634,398,40.13295484710977,-112.56593591753273,0.8342010974884033
Stookey,0714,540,572,40.15831198507456,-112.50451354648696,0.6395306587219238
Stookey,0714,527,423,40.16181882330373,-112.55711086422156,0.9935646653175354
Stookey,0714,382,444,40.20093355739836,-112.54969781944017,0.8952986598014832
Stookey,0714,562,543,40.15237733576365,-112.51475060832793,0.951237142086029
Stookey,0714,719,449,40.11002552022671,-112.54793280877793,0.9623608589172363
Stookey,0714,329,639,40.21523066710191,-112.48086240361303,0.8591983318328857
Stookey,0714,353,558,40.208756504217284,-112.50945557634122,0.9729999899864197
Stookey,0714,433,480,40.18717596126852,-112.53698974267208,0.9244147539138794
Stookey,0714,332,539,40.21442139674133,-112.51616261685771,0.9977155923843384
Stookey,0714,655,497,40.12728995458572,-112.53098870642049,0.9581142067909241
Stookey,0714,650,517,40.12863873852002,-112.52392866377154,0.9210036993026733
Stookey,0714,376,649,40.20255209811951,-112.47733238228855,0.923961877822876
Stookey,0714,331,662,40.21469115352819,-112.47274335456675,0.6357160806655884
Stookey,0714,381,538,40.201203314185214,-112.51651561899016,0.9693973064422607
Stookey,0714,326,643,40.21603993746249,-112.47945039508323,0.7251014709472656
Stookey,0714,307,615,40.221165316412815,-112.48933445479175,0.5034995675086975
Stookey,0714,423,553,40.18987352913712,-112.51122058700346,0.9834009408950806
Stookey,0714,544,561,40.15723295792712,-112.50839656994388,0.9091945290565491
Stookey,0714,548,391,40.15615393077969,-112.56840693245985,0.9388118386268616
Stookey,0714,388,656,40.199315016677204,-112.47486136736143,0.5807014107704163
Stookey,0714,701,470,40.11488114239019,-112.54051976399654,0.9742782115936279
Stookey,0714,672,483,40.12270408920911,-112.53593073627474,0.9576351642608643
Stookey,0714,692,520,40.11730895347192,-112.5228696573742,0.7615368366241455
Stookey,0714,526,535,40.1620885800906,-112.5175746253875,0.9497065544128418
Stookey,0714,549,517,40.155884173992824,-112.52392866377154,0.9620150327682495
Stookey,0714,501,553,40.16883249976208,-112.51122058700346,0.957917332649231
Stookey,0714,664,510,40.12486214350399,-112.52639967869867,0.9133012294769287
Stookey,0714,307,575,40.221165316412815,-112.50345454008962,0.9657924175262451
Stookey,0714,330,664,40.21496091031505,-112.47203735030186,0.5423735976219177
Stookey,0714,689,399,40.1181182238325,-112.56558291540028,0.7833157777786255
Stookey,0714,460,406,40.179892528023316,-112.56311190047315,0.9825958609580994
Stookey,0714,738,464,40.10490014127639,-112.54263777679122,0.9364352226257324
Stookey,0714,310,526,40.22035604605224,-112.52075164457952,0.6288172602653503
Stookey,0714,304,539,40.2219745867734,-112.51616261685771,0.807074785232544
Stookey,0714,303,575,40.222244343560256,-112.50345454008962,0.9592225551605225
Stookey,0714,709,453,40.11272308809531,-112.54652080024815,0.9791319966316223
Stookey,0714,577,559,40.14833098396076,-112.50910257420878,0.6717232465744019
Stookey,0714,542,410,40.15777247150084,-112.56169989194336,0.9837424755096436
Stookey,0714,365,495,40.20551942277497,-112.53169471068537,0.9107194542884827
Stookey,0714,395,478,40.19742671916919,-112.53769574693698,0.913182258605957
Stookey,0714,396,424,40.19715696238232,-112.5567578620891,0.6007352471351624
Stookey,0714,622,514,40.13619192855209,-112.52498767016888,0.9531668424606323
Stookey,0714,480,587,40.17449739228613,-112.49921851450026,0.7816250920295715
Stookey,0714,395,663,40.19742671916919,-112.4723903524343,0.6438544392585754
Stookey,0714,328,646,40.21550042388877,-112.47839138868589,0.7676934599876404
Stookey,0714,379,640,40.201742827758935,-112.48050940148057,0.9518031477928162
Stookey,0714,352,642,40.20902626100414,-112.47980339721569,0.8804094791412354
Stookey,0714,711,402,40.112183574521595,-112.56452390900294,0.8584883213043213
Stookey,0714,653,400,40.12782946815944,-112.56522991326783,0.9337786436080933
Stookey,0714,725,466,40.10840697950556,-112.54193177252634,0.9543859362602234
Stookey,0714,380,503,40.20147307097208,-112.5288706936258,0.9627441167831421
Stookey,0714,565,553,40.151568065403076,-112.51122058700346,0.9363141059875488
Stookey,0714,516,401,40.16478614795919,-112.56487691113539,0.9523646831512451
Stookey,0714,391,641,40.19850574631662,-112.48015639934813,0.9647446870803833
Stookey,0714,307,604,40.221165316412815,-112.49321747824867,0.7823253273963928
Stookey,0714,515,393,40.16505590474605,-112.56770092819495,0.9520502686500549
Stookey,0714,621,536,40.13646168533894,-112.51722162325505,0.5630478858947754
Stookey,0714,418,498,40.191222313071414,-112.53063570428803,0.9218719005584717
Stookey,0714,548,570,40.15615393077969,-112.50521955075186,0.802473247051239
Stookey,0714,631,512,40.13376411747035,-112.52569367443378,0.9500431418418884
Stookey,0714,408,510,40.19391988094001,-112.52639967869867,0.9548670649528503
Stookey,0714,391,512,40.19850574631662,-112.52569367443378,0.9610106945037842
Stookey,0714,569,570,40.150489038255635,-112.50521955075186,0.7201066613197327
Stookey,0714,405,572,40.19472915130059,-112.50451354648696,0.9892587661743164
Stookey,0714,723,474,40.10894649307928,-112.53910775546676,0.9503089785575867
Stookey,0714,598,524,40.14266609143671,-112.52145764884442,0.5896294116973877
Stookey,0714,524,561,40.16262809366431,-112.50839656994388,0.8590573072433472
Stookey,0714,708,482,40.11299284488217,-112.53628373840719,0.9505744576454163
Stookey,0714,579,553,40.14779147038704,-112.51122058700346,0.5098994970321655
Stookey,0714,734,426,40.10597916842382,-112.55605185782422,0.954109787940979
Stookey,0714,666,482,40.12432262993027,-112.53628373840719,0.9654713869094849
Stookey,0714,521,535,40.163437364024894,-112.5175746253875,0.9456735849380493
Stookey,0714,563,557,40.152107578976796,-112.50980857847367,0.9136297702789307
Stookey,0714,401,438,40.195808178448026,-112.55181583223485,0.8952940702438354
Stookey,0714,399,470,40.196347692021746,-112.54051976399654,0.7705926299095154
Stookey,0714,732,461,40.10651868199754,-112.54369678318857,0.9540225863456726
Stookey,0714,385,458,40.20012428703778,-112.5447557895859,0.9778718948364258
Stookey,0714,479,513,40.17476714907299,-112.52534067230134,0.9837810397148132
Stookey,0714,412,621,40.192840853792575,-112.48721644199706,0.9912251234054565
Stookey,0714,345,568,40.21091455851216,-112.50592555501676,0.9898942112922668
Stookey,0714,465,403,40.17854374408902,-112.56417090687049,0.9623178839683533
Stookey,0714,428,649,40.18852474520282,-112.47733238228855,0.9283198714256287
Stookey,0714,684,404,40.1194670077668,-112.56381790473804,0.9686096906661987
Stookey,0714,340,547,40.212263342446455,-112.51333859979813,0.9966928362846375
Stookey,0714,678,395,40.121085548487954,-112.56699492393007,0.6921564936637878
Stookey,0714,366,484,40.20524966598811,-112.5355777341423,0.9158902764320374
Stookey,0714,631,536,40.13376411747035,-112.51722162325505,0.553934633731842
Stookey,0714,425,602,40.189334015563404,-112.49392348251357,0.9922431111335754
Stookey,0714,645,523,40.129987522454314,-112.52181065097686,0.6388295292854309
Stookey,0714,317,597,40.21846774854422,-112.49568849317579,0.9611417651176453
Stookey,0714,448,576,40.18312960946563,-112.50310153795718,0.9726163744926453
Stookey,0714,312,597,40.21981653247852,-112.49568849317579,0.9499930739402771
Stookey,0714,427,606,40.18879450198968,-112.49251147398377,0.9916410446166992
Stookey,0714,422,416,40.19014328592398,-112.55958187914868,0.9660038948059082
Stookey,0714,364,548,40.205789179561826,-112.51298559766569,0.9742019772529602
Stookey,0714,426,414,40.18906425877654,-112.56028788341358,0.9729480743408203
Stookey,0714,422,420,40.19014328592398,-112.5581698706189,0.9758043885231018
Stookey,0714,429,580,40.18825498841596,-112.5016895294274,0.9962162375450134
Stookey,0714,669,501,40.12351335956969,-112.52957669789069,0.9567394852638245
Stookey,0714,439,565,40.18555742054737,-112.5069845614141,0.9786144495010376
Stookey,0714,729,437,40.10732795235812,-112.5521688343673,0.9749013185501099
Stookey,0714,721,445,40.109486006653,-112.54934481730773,0.9624769687652588
Stookey,0714,419,508,40.19095255628456,-112.52710568296357,0.9677243828773499
Stookey,0714,361,486,40.20659844992241,-112.5348717298774,0.7945126891136169
Stookey,0714,494,530,40.1707207972701,-112.51933963604974,0.964341402053833
Stookey,0714,568,520,40.1507587950425,-112.5228696573742,0.9433731436729431
Stookey,0714,408,449,40.19391988094001,-112.54793280877793,0.9604616165161133
Stookey,0714,578,560,40.148061227173905,-112.50874957207633,0.7307361364364624
Stookey,0714,423,482,40.18987352913712,-112.53628373840719,0.67484450340271
Stookey,0714,666,516,40.12432262993027,-112.524281665904,0.7092649936676025
Stookey,0714,638,515,40.13187581996233,-112.52463466803644,0.9528793692588806
Stookey,0714,437,622,40.18609693412109,-112.48686343986462,0.905850887298584
Stookey,0714,681,404,40.12027627812738,-112.56381790473804,0.9663971662521362
Stookey,0714,412,629,40.192840853792575,-112.4843924249375,0.9821828603744507
Stookey,0714,545,576,40.156963201140265,-112.50310153795718,0.5790300369262695
Stookey,0714,506,574,40.167483715827785,-112.50380754222208,0.7660766243934631
Stookey,0714,376,666,40.20255209811951,-112.47133134603696,0.5299292206764221
Stookey,0714,446,600,40.18366912303935,-112.49462948677845,0.9501067996025085
Stookey,0714,492,537,40.17126031084381,-112.51686862112261,0.9612029194831848
Stookey,0714,586,408,40.145903172879024,-112.56240589620826,0.9740417003631592
Stookey,0714,646,509,40.12971776566746,-112.52675268083112,0.9542773365974426
Stookey,0714,482,519,40.17395787871241,-112.52322265950666,0.9736847877502441
Stookey,0714,720,467,40.10975576343986,-112.54157877039388,0.9583972692489624
Stookey,0714,313,523,40.21954677569166,-112.52181065097686,0.7709240317344666
Stookey,0714,307,537,40.221165316412815,-112.51686862112261,0.8733869791030884
Stookey,0714,715,519,40.111104547374154,-112.52322265950666,0.6970627307891846
Stookey,0714,358,456,40.20740772028299,-112.5454617938508,0.7637912631034851
Stookey,0714,410,458,40.193380367366295,-112.5447557895859,0.6364631652832031
Stookey,0714,420,632,40.1906827994977,-112.48333341854016,0.9674906730651855
Stookey,0714,414,420,40.192301340218854,-112.5581698706189,0.9503821730613708
Stookey,0714,442,481,40.18474815018679,-112.53663674053963,0.972899854183197
Stookey,0714,516,541,40.16478614795919,-112.51545661259281,0.8261110186576843
Stookey,0714,663,513,40.125131900290846,-112.52534067230134,0.8833619356155396
Stookey,0714,739,440,40.104630384489525,-112.55110982796995,0.9462091326713562
Stookey,0714,616,509,40.13781046927324,-112.52675268083112,0.9600446820259094
Stookey,0714,420,508,40.1906827994977,-112.52710568296357,0.9705715775489807
Stookey,0714,427,560,40.18879450198968,-112.50874957207633,0.9779905676841736
Stookey,0714,563,502,40.152107578976796,-112.52922369575825,0.9806193709373474
Stookey,0714,583,405,40.1467124432396,-112.5634649026056,0.9617273211479187
Stookey,0714,369,528,40.20444039562753,-112.52004564031463,0.9585878849029541
Stookey,0714,645,502,40.129987522454314,-112.52922369575825,0.9548980593681335
Stookey,0714,404,539,40.19499890808745,-112.51616261685771,0.9844175577163696
Stookey,0714,378,515,40.2020125845458,-112.52463466803644,0.9618943929672241
Stookey,0714,408,661,40.19391988094001,-112.47309635669919,0.8406082391738892
Stookey,0714,553,517,40.15480514684539,-112.52392866377154,0.9542461633682251
Stookey,0714,331,509,40.21469115352819,-112.52675268083112,0.7530531287193298
Stookey,0714,741,429,40.104090870915805,-112.55499285142687,0.6552965641021729
Stookey,0714,349,551,40.20983553136472,-112.51192659126835,0.9648246765136719
Stookey,0714,511,528,40.16613493189349,-112.52004564031463,0.9621569514274597
Stookey,0714,552,399,40.15507490363225,-112.56558291540028,0.9525254964828491
Stookey,0714,426,638,40.18906425877654,-112.48121540574547,0.9549048542976379
Stookey,0714,664,403,40.12486214350399,-112.56417090687049,0.9563850164413452
Stookey,0714,437,567,40.18609693412109,-112.5062785571492,0.977759599685669
Stookey,0714,423,481,40.18987352913712,-112.53663674053963,0.7492337822914124
Stookey,0714,550,520,40.15561441720597,-112.5228696573742,0.9611181616783142
Stookey,0714,564,518,40.15183782218993,-112.5235756616391,0.9522851705551147
Stookey,0714,524,402,40.16262809366431,-112.56452390900294,0.965752363204956
Stookey,0714,412,647,40.192840853792575,-112.47803838655345,0.9498054385185242
Stookey,0714,737,456,40.105169898063245,-112.5454617938508,0.9517797231674194
Stookey,0714,361,512,40.20659844992241,-112.52569367443378,0.9577767252922058
Stookey,0714,376,468,40.20255209811951,-112.54122576826144,0.9680503606796265
Stookey,0714,573,570,40.1494100111082,-112.50521955075186,0.7450745105743408
Stookey,0714,327,520,40.21577018067563,-112.5228696573742,0.9553086161613464
Stookey,0714,340,548,40.212263342446455,-112.51298559766569,0.9971217513084412
Stookey,0714,715,465,40.111104547374154,-112.54228477465878,0.9617781639099121
Stookey,0714,535,381,40.15966076900886,-112.57193695378432,0.6177182197570801
Stookey,0714,494,560,40.1707207972701,-112.50874957207633,0.9610084891319275
Stookey,0714,393,541,40.19796623274291,-112.51545661259281,0.9754200577735901
Stookey,0714,624,519,40.13565241497837,-112.52322265950666,0.9352391958236694
Stookey,0714,735,447,40.105709411636965,-112.54863881304283,0.9571950435638428
Stookey,0714,320,636,40.217658478183644,-112.48192141001037,0.7118822932243347
Stookey,0714,689,397,40.1181182238325,-112.56628891966517,0.5426266193389893
Stookey,0714,731,435,40.1067884387844,-112.55287483863219,0.9748109579086304
Stookey,0714,740,442,40.10436062770267,-112.55040382370507,0.9147124886512756
Stookey,0714,662,494,40.1254016570777,-112.53204771281783,0.9575099349021912
Stookey,0714,505,545,40.16775347261464,-112.51404460406303,0.9500196576118469
Stookey,0714,351,491,40.209296017791004,-112.53310671921517,0.8836947679519653
Stookey,0714,308,555,40.22089555962596,-112.51051458273857,0.9274707436561584
Stookey,0714,430,415,40.187985231629106,-112.55993488128112,0.9804943799972534
Stookey,0714,505,566,40.16775347261464,-112.50663155928164,0.9468104243278503
Stookey,0714,543,565,40.157502714713985,-112.5069845614141,0.7771034240722656
Stookey,0714,334,511,40.213881883167616,-112.52604667656622,0.8516570925712585
Stookey,0714,508,575,40.166944202254065,-112.50345454008962,0.6296811103820801
Stookey,0714,374,479,40.20309161169323,-112.53734274480453,0.9163241386413574
Stookey,0714,430,490,40.187985231629106,-112.53345972134761,0.9318990111351013
Stookey,0714,584,561,40.146442686452744,-112.50839656994388,0.6713695526123047
Stookey,0714,329,613,40.21523066710191,-112.49004045905664,0.9555290341377258
Stookey,0714,414,518,40.192301340218854,-112.5235756616391,0.9651530981063843
Stookey,0714,535,514,40.15966076900886,-112.52498767016888,0.9731703400611877
Stookey,0714,408,444,40.19391988094001,-112.54969781944017,0.9666416645050049
Stookey,0714,348,632,40.21010528815158,-112.48333341854016,0.9540963768959045
Stookey,0714,538,521,40.15885149864828,-112.52251665524176,0.9767503142356873
Stookey,0714,404,521,40.19499890808745,-112.52251665524176,0.9649940729141235
Stookey,0714,675,504,40.12189481884853,-112.52851769149335,0.9222967028617859
Stookey,0714,313,582,40.21954677569166,-112.5009835251625,0.9696663022041321
Stookey,0714,566,534,40.15129830861621,-112.51792762751995,0.9536831378936768
Stookey,0714,315,617,40.21900726211794,-112.48862845052686,0.8732969760894775
Stookey,0714,396,651,40.19715696238232,-112.47662637802367,0.8330585360527039
Stookey,0714,703,501,40.11434162881647,-112.52957669789069,0.7181615233421326
Stookey,0714,402,511,40.19553842166117,-112.52604667656622,0.9590480327606201
Stookey,0714,436,484,40.186366690907946,-112.5355777341423,0.9572544693946838
Stookey,0714,435,398,40.18663644769481,-112.56593591753273,0.8978008031845093
Stookey,0714,433,647,40.18717596126852,-112.47803838655345,0.9196192622184753
Stookey,0714,396,434,40.19715696238232,-112.55322784076463,0.7308966517448425
Stookey,0714,412,643,40.192840853792575,-112.47945039508323,0.9619782567024231
Stookey,0714,551,548,40.155344660419104,-112.51298559766569,0.9531622529029846
Stookey,0714,669,507,40.12351335956969,-112.52745868509601,0.9182295799255371
Stookey,0714,517,389,40.16451639117233,-112.56911293672475,0.885028064250946
Stookey,0714,500,517,40.16910225654894,-112.52392866377154,0.9815534353256226
Stookey,0714,397,546,40.196887205595466,-112.51369160193059,0.9801405668258667
Stookey,0714,577,562,40.14833098396076,-112.50804356781144,0.6959308385848999
Stookey,0714,541,420,40.158042228287705,-112.5581698706189,0.9896426796913147
Stookey,0714,352,519,40.20902626100414,-112.52322265950666,0.9611422419548035
Stookey,0714,403,506,40.19526866487431,-112.52781168722846,0.9385546445846558
Stookey,0714,323,645,40.21684920782307,-112.47874439081835,0.718512773513794
Stookey,0714,368,533,40.20471015241439,-112.5182806296524,0.9570873379707336
Stookey,0714,432,605,40.187445718055386,-112.49286447611622,0.9872925281524658
Stookey,0714,437,595,40.18609693412109,-112.49639449744069,0.9938456416130066
Stookey,0714,388,651,40.199315016677204,-112.47662637802367,0.8298634886741638
Stookey,0714,660,392,40.12594117065142,-112.56805393032741,0.5263705849647522
Stookey,0714,390,456,40.198775503103484,-112.5454617938508,0.9761243462562561
Stookey,0714,714,457,40.11137430416101,-112.54510879171836,0.9687728881835938
Stookey,0714,556,407,40.15399587648481,-112.5627588983407,0.9576486945152283
Stookey,0714,733,428,40.106248925210686,-112.55534585355932,0.9634770750999451
Stookey,0714,712,519,40.11191381773473,-112.52322265950666,0.7111609578132629
Stookey,0714,322,637,40.217118964609924,-112.48156840787792,0.7585594058036804
Stookey,0714,565,501,40.151568065403076,-112.52957669789069,0.9886271953582764
Stookey,0714,527,394,40.16181882330373,-112.56734792606251,0.9603189826011658
Stookey,0714,494,540,40.1707207972701,-112.51580961472527,0.963204026222229
Stookey,0714,580,402,40.147521713600185,-112.56452390900294,0.8810307383537292
Stookey,0714,476,584,40.17557641943357,-112.5002775208976,0.7116995453834534
Stookey,0714,362,531,40.206328693135546,-112.5189866339173,0.9580121636390686
Stookey,0714,528,423,40.161549066516876,-112.55711086422156,0.9933586120605469
Stookey,0714,740,421,40.10436062770267,-112.55781686848644,0.8233979344367981
Stookey,0714,347,637,40.21037504493844,-112.48156840787792,0.9447665810585022
Stookey,0714,352,529,40.20902626100414,-112.51969263818218,0.9729347825050354
Stookey,0714,547,567,40.156423687566544,-112.5062785571492,0.8161719441413879
Stookey,0714,416,502,40.191761826645134,-112.52922369575825,0.9544389247894287
Stookey,0714,480,543,40.17449739228613,-112.51475060832793,0.9884902238845825
Stookey,0714,345,486,40.21091455851216,-112.5348717298774,0.598912239074707
Stookey,0714,474,412,40.17611593300729,-112.56099388767846,0.987705647945404
Stookey,0714,405,559,40.19472915130059,-112.50910257420878,0.9833467602729797
Stookey,0714,651,529,40.12836898173316,-112.51969263818218,0.5189144015312195
Stookey,0714,539,523,40.15858174186142,-112.52181065097686,0.97362220287323
Stookey,0714,337,539,40.21307261280703,-112.51616261685771,0.9958373308181763
Stookey,0714,357,533,40.20767747706984,-112.5182806296524,0.9658486843109131
Stookey,0714,414,514,40.192301340218854,-112.52498767016888,0.9677548408508301
Stookey,0714,553,398,40.15480514684539,-112.56593591753273,0.9521965384483337
Stookey,0714,669,498,40.12351335956969,-112.53063570428803,0.9590495824813843
Stookey,0714,543,503,40.157502714713985,-112.5288706936258,0.9795387387275696
Stookey,0714,340,525,40.212263342446455,-112.52110464671198,0.9617141485214233
Stookey,0714,344,543,40.211184315299015,-112.51475060832793,0.9855595231056213
Stookey,0714,685,501,40.11919725097994,-112.52957669789069,0.8882667422294617
Stookey,0714,484,529,40.173418365138694,-112.51969263818218,0.9633626937866211
Stookey,0714,423,630,40.18987352913712,-112.48403942280505,0.9597090482711792
Stookey,0714,327,525,40.21577018067563,-112.52110464671198,0.9716010689735413
Stookey,0714,367,514,40.20497990920125,-112.52498767016888,0.9584178328514099
Stookey,0714,645,393,40.129987522454314,-112.56770092819495,0.5032109618186951
Stookey,0714,700,513,40.115150899177046,-112.52534067230134,0.6576791405677795
Stookey,0714,718,480,40.11029527701358,-112.53698974267208,0.9042643904685974
Stookey,0714,392,489,40.19823598952976,-112.53381272348005,0.92238849401474
Stookey,0714,417,505,40.19149206985828,-112.5281646893609,0.9623149037361145
Stookey,0714,357,507,40.20767747706984,-112.52745868509601,0.9545864462852478
Stookey,0714,350,528,40.20956577457786,-112.52004564031463,0.974616527557373
Stookey,0714,693,512,40.11703919668506,-112.52569367443378,0.6425299644470215
Stookey,0714,346,505,40.2106448017253,-112.5281646893609,0.9431596994400024
Stookey,0714,711,519,40.112183574521595,-112.52322265950666,0.728028416633606
Stookey,0714,552,517,40.15507490363225,-112.52392866377154,0.9567846059799194
Stookey,0714,327,515,40.21577018067563,-112.52463466803644,0.879609227180481
Stookey,0714,719,487,40.11002552022671,-112.53451872774495,0.5435400009155273
Stookey,0714,534,528,40.159930525795716,-112.52004564031463,0.9752799272537231
Stookey,0714,712,409,40.11191381773473,-112.5620528940758,0.9544115662574768
Stookey,0714,478,571,40.17503690585985,-112.50486654861942,0.9620077013969421
Stookey,0714,628,509,40.134573387830926,-112.52675268083112,0.9573073387145996
Stookey,0714,360,474,40.20686820670927,-112.53910775546676,0.9126672744750977
Stookey,0714,535,561,40.15966076900886,-112.50839656994388,0.9254682064056396
Stookey,0714,506,396,40.167483715827785,-112.56664192179761,0.881630003452301
Stookey,0714,440,595,40.18528766376051,-112.49639449744069,0.9691185355186462
Stookey,0714,308,520,40.22089555962596,-112.5228696573742,0.7267205715179443
Stookey,0714,357,454,40.20767747706984,-112.5461677981157,0.6186322569847107
Stookey,0714,352,555,40.20902626100414,-112.51051458273857,0.9647120237350464
Stookey,0714,407,637,40.19418963772687,-112.48156840787792,0.9787507653236389
Stookey,0714,302,560,40.22251410034711,-112.50874957207633,0.8054783344268799
Stookey,0714,344,561,40.211184315299015,-112.50839656994388,0.9873940348625183
Stookey,0714,651,400,40.12836898173316,-112.56522991326783,0.9326070547103882
Stookey,0714,361,475,40.20659844992241,-112.53875475333432,0.9386917352676392
Stookey,0714,555,522,40.15426563327167,-112.52216365310932,0.9589878916740417
Stookey,0714,353,651,40.208756504217284,-112.47662637802367,0.5956739783287048
Stookey,0714,648,512,40.12917825209374,-112.52569367443378,0.9534677863121033
Stookey,0714,390,454,40.198775503103484,-112.5461677981157,0.9723331332206726
Stookey,0714,428,491,40.18852474520282,-112.53310671921517,0.9293543100357056
Stookey,0714,705,512,40.11380211524275,-112.52569367443378,0.6315603852272034
Stookey,0714,373,513,40.203361368480095,-112.52534067230134,0.9579563736915588
Stookey,0714,334,504,40.213881883167616,-112.52851769149335,0.5765853524208069
Stookey,0714,509,397,40.16667444546721,-112.56628891966517,0.9253991842269897
Stookey,0714,349,532,40.20983553136472,-112.51863363178484,0.9807777404785156
Stookey,0714,655,402,40.12728995458572,-112.56452390900294,0.9443299770355225
Stookey,0714,425,615,40.189334015563404,-112.48933445479175,0.9896060228347778
Stookey,0714,437,397,40.18609693412109,-112.56628891966517,0.9080702662467957
Stookey,0714,687,517,40.11865773740622,-112.52392866377154,0.7733821868896484
Stookey,0714,449,408,40.182859852678774,-112.56240589620826,0.9817620515823364
Stookey,0714,728,465,40.10759770914498,-112.54228477465878,0.9510256052017212
Stookey,0714,395,544,40.19742671916919,-112.51439760619547,0.9797618985176086
Stookey,0714,383,666,40.2006638006115,-112.47133134603696,0.5529698729515076
Stookey,0714,592,516,40.14428463215787,-112.524281665904,0.896992564201355
Stookey,0714,497,407,40.169911526909516,-112.5627588983407,0.9682563543319702
Stookey,0714,635,509,40.13268509032291,-112.52675268083112,0.9536796808242798
Stookey,0714,584,558,40.146442686452744,-112.50945557634122,0.6197966933250427
Stookey,0714,507,392,40.16721395904092,-112.56805393032741,0.8345485925674438
Stookey,0714,306,589,40.22143507319968,-112.49851251023537,0.9336625933647156
Stookey,0714,523,554,40.162897850451174,-112.51086758487101,0.9483038187026978
Stookey,0714,387,512,40.19958477346406,-112.52569367443378,0.9665406942367554
Stookey,0714,495,534,40.170451040483236,-112.51792762751995,0.9613703489303589
Stookey,0714,503,392,40.16829298618836,-112.56805393032741,0.8482629060745239
Stookey,0714,731,455,40.1067884387844,-112.54581479598325,0.9541894197463989
Stookey,0714,703,477,40.11434162881647,-112.53804874906942,0.9558589458465576
Stookey,0714,526,563,40.1620885800906,-112.50769056567898,0.8759526014328003
Stookey,0714,320,518,40.217658478183644,-112.5235756616391,0.5932691693305969
Stookey,0714,387,529,40.19958477346406,-112.51969263818218,0.9686821103096008
Stookey,0714,363,466,40.20605893634869,-112.54193177252634,0.9557808637619019
Stookey,0714,619,520,40.137001198912664,-112.5228696573742,0.9337571859359741
Stookey,0714,503,549,40.16829298618836,-112.51263259553325,0.9577950239181519
Stookey,0714,440,495,40.18528766376051,-112.53169471068537,0.9608461260795593
Stookey,0714,450,606,40.18259009589191,-112.49251147398377,0.9241048693656921
Stookey,0714,703,462,40.11434162881647,-112.54334378105612,0.9866604208946228
Stookey,0714,727,466,40.10786746593184,-112.54193177252634,0.9507023692131042
Stookey,0714,394,500,40.19769647595604,-112.52992970002315,0.9268340468406677
Stookey,0714,488,527,40.172339337991254,-112.52039864244708,0.9722890257835388
Stookey,0714,457,410,40.1807017983839,-112.56169989194336,0.9860498905181885
Stookey,0714,536,530,40.159391012222,-112.51933963604974,0.9648386836051941
Stookey,0714,362,459,40.206328693135546,-112.54440278745346,0.9546530842781067
Stookey,0714,385,503,40.20012428703778,-112.5288706936258,0.9574356079101562
Stookey,0714,513,397,40.16559541831977,-112.56628891966517,0.9538078904151917
Stookey,0714,392,453,40.19823598952976,-112.54652080024815,0.9702308177947998
Stookey,0714,404,625,40.19499890808745,-112.48580443346728,0.9965825080871582
Stookey,0714,733,430,40.106248925210686,-112.55463984929442,0.9657681584358215
Stookey,0714,528,552,40.161549066516876,-112.5115735891359,0.9546908140182495
Stookey,0714,571,552,40.149949524681915,-112.5115735891359,0.8432794809341431
Stookey,0714,415,426,40.192031583432,-112.55605185782422,0.9721625447273254
Stookey,0714,572,401,40.14967976789506,-112.56487691113539,0.7391859889030457
Stookey,0714,435,593,40.18663644769481,-112.49710050170559,0.9964331388473511
Stookey,0714,551,518,40.155344660419104,-112.5235756616391,0.960152804851532
Stookey,0714,720,423,40.10975576343986,-112.55711086422156,0.9665472507476807
Stookey,0714,709,521,40.11272308809531,-112.52251665524176,0.745823323726654
Stookey,0714,364,518,40.205789179561826,-112.5235756616391,0.9597976207733154
Stookey,0714,430,478,40.187985231629106,-112.53769574693698,0.8752198815345764
Stookey,0714,390,471,40.198775503103484,-112.5401667618641,0.9572737812995911
Stookey,0714,519,522,40.16397687759861,-112.52216365310932,0.9621341228485107
Stookey,0714,727,413,40.10786746593184,-112.56064088554602,0.6898267865180969
Stookey,0714,483,584,40.17368812192555,-112.5002775208976,0.5998069643974304
Stookey,0714,722,466,40.10921624986614,-112.54193177252634,0.9586055874824524
Stookey,0714,697,490,40.11596016953762,-112.53345972134761,0.7209305763244629
Stookey,0714,397,665,40.196887205595466,-112.4716843481694,0.6239461302757263
Stookey,0714,588,513,40.1453636593053,-112.52534067230134,0.9414556622505188
Stookey,0714,412,505,40.192840853792575,-112.5281646893609,0.9544338583946228
Stookey,0714,390,489,40.198775503103484,-112.53381272348005,0.9172230362892151
Stookey,0714,407,617,40.19418963772687,-112.48862845052686,0.9936016201972961
Stookey,0714,559,556,40.15318660612423,-112.51016158060612,0.9075414538383484
Stookey,0714,722,473,40.10921624986614,-112.5394607575992,0.9518279433250427
Stookey,0714,539,405,40.15858174186142,-112.5634649026056,0.9789509177207947
Stookey,0714,729,430,40.10732795235812,-112.55463984929442,0.9721126556396484
Stookey,0714,516,562,40.16478614795919,-112.50804356781144,0.760536789894104
Stookey,0714,414,655,40.192301340218854,-112.47521436949387,0.8887810111045837
Stookey,0714,735,439,40.105709411636965,-112.55146283010241,0.9624720215797424
Stookey,0714,654,504,40.127559711372584,-112.52851769149335,0.9565995335578918
Stookey,0714,326,527,40.21603993746249,-112.52039864244708,0.9816728830337524
Stookey,0714,434,557,40.186906204481666,-112.50980857847367,0.9884411692619324
Stookey,0714,718,410,40.11029527701358,-112.56169989194336,0.9140479564666748
Stookey,0714,355,460,40.208216990643564,-112.54404978532102,0.7514067888259888
Stookey,0714,705,497,40.11380211524275,-112.53098870642049,0.6411011219024658
Stookey,0714,373,510,40.203361368480095,-112.52639967869867,0.9567578434944153
Stookey,0714,491,548,40.17153006763068,-112.51298559766569,0.9701336026191711
Stookey,0714,540,553,40.15831198507456,-112.51122058700346,0.9579895734786987
Stookey,0714,427,566,40.18879450198968,-112.50663155928164,0.9712534546852112
Stookey,0714,416,662,40.191761826645134,-112.47274335456675,0.7734715938568115
Stookey,0714,538,554,40.15885149864828,-112.51086758487101,0.9564812183380127
Stookey,0714,675,399,40.12189481884853,-112.56558291540028,0.9139264822006226
Stookey,0714,536,547,40.159391012222,-112.51333859979813,0.9555990099906921
Stookey,0714,341,529,40.2119935856596,-112.51969263818218,0.9731127619743347
Stookey,0714,452,570,40.1820505823182,-112.50521955075186,0.9626705050468445
Stookey,0714,502,578,40.16856274297522,-112.50239553369228,0.7298879027366638
Stookey,0714,463,407,40.17908325766274,-112.5627588983407,0.9854775071144104
Stookey,0714,735,471,40.105709411636965,-112.5401667618641,0.8537659645080566
Stookey,0714,366,512,40.20524966598811,-112.52569367443378,0.9591311812400818
Stookey,0714,493,402,40.17099055405696,-112.56452390900294,0.8489586114883423
Stookey,0714,302,556,40.22251410034711,-112.51016158060612,0.7646149396896362
Stookey,0714,440,577,40.18528766376051,-112.50274853582474,0.9720556735992432
Stookey,0714,380,457,40.20147307097208,-112.54510879171836,0.9783102869987488
Stookey,0714,486,530,40.172878851564974,-112.51933963604974,0.966488778591156
Stookey,0714,516,525,40.16478614795919,-112.52110464671198,0.9590601325035095
Stookey,0714,414,650,40.192301340218854,-112.47697938015611,0.9250370860099792
Stookey,0714,390,531,40.198775503103484,-112.5189866339173,0.9628801345825195
Stookey,0714,418,600,40.191222313071414,-112.49462948677845,0.9806337356567383
Stookey,0714,434,566,40.186906204481666,-112.50663155928164,0.9718325734138489
Stookey,0714,349,652,40.20983553136472,-112.47627337589121,0.5494059324264526
Stookey,0714,342,514,40.211723828872735,-112.52498767016888,0.9483716487884521
Stookey,0714,738,416,40.10490014127639,-112.55958187914868,0.5543156862258911
Stookey,0714,492,401,40.17126031084381,-112.56487691113539,0.7968409061431885
Stookey,0714,326,514,40.21603993746249,-112.52498767016888,0.8189442753791809
Stookey,0714,379,665,40.201742827758935,-112.4716843481694,0.5167813301086426
Stookey,0714,412,587,40.192840853792575,-112.49921851450026,0.9959779381752014
Stookey,0714,458,619,40.18043204159704,-112.48792244626196,0.604712963104248
Stookey,0714,451,624,40.182320339105054,-112.48615743559972,0.5179329514503479
Stookey,0714,406,558,40.19445939451373,-112.50945557634122,0.9849432706832886
Stookey,0714,488,408,40.172339337991254,-112.56240589620826,0.9592723250389099
Stookey,0714,651,523,40.12836898173316,-112.52181065097686,0.6779247522354126
Stookey,0714,366,473,40.20524966598811,-112.5394607575992,0.956409752368927
Stookey,0714,416,479,40.191761826645134,-112.53734274480453,0.6899102330207825
Stookey,0714,404,511,40.19499890808745,-112.52604667656622,0.9548086524009705
Stookey,0714,526,525,40.1620885800906,-112.52110464671198,0.965323805809021
Stookey,0714,353,472,40.208756504217284,-112.53981375973166,0.5331911444664001
Stookey,0714,335,657,40.21361212638075,-112.47450836522898,0.7132121324539185
Stookey,0714,663,509,40.125131900290846,-112.52675268083112,0.940204381942749
Stookey,0714,467,406,40.178004230515306,-112.56311190047315,0.9737562537193298
Stookey,0714,684,397,40.1194670077668,-112.56628891966517,0.7565302848815918
Stookey,0714,381,454,40.201203314185214,-112.5461677981157,0.9756023287773132
Stookey,0714,352,634,40.20902626100414,-112.48262741427526,0.9567233324050903
Stookey,0714,399,438,40.196347692021746,-112.55181583223485,0.8940963745117188
Stookey,0714,356,645,40.20794723385671,-112.47874439081835,0.7429844737052917
Stookey,0714,445,394,40.18393887982621,-112.56734792606251,0.5976535081863403
Stookey,0714,382,529,40.20093355739836,-112.51969263818218,0.9665344953536987
Stookey,0714,703,508,40.11434162881647,-112.52710568296357,0.5342045426368713
Stookey,0714,521,563,40.163437364024894,-112.50769056567898,0.7683432102203369
Stookey,0714,421,567,40.19041304271084,-112.5062785571492,0.9818536639213562
Stookey,0714,628,395,40.134573387830926,-112.56699492393007,0.6839920282363892
Stookey,0714,550,527,40.15561441720597,-112.52039864244708,0.961534857749939
Stookey,0714,419,599,40.19095255628456,-112.4949824889109,0.9851605892181396
Stookey,0714,494,408,40.1707207972701,-112.56240589620826,0.9657334685325623
Stookey,0714,396,653,40.19715696238232,-112.47592037375877,0.7359603643417358
Stookey,0714,403,538,40.19526866487431,-112.51651561899016,0.9827010035514832
Stookey,0714,502,568,40.16856274297522,-112.50592555501676,0.9378400444984436
Stookey,0714,397,496,40.196887205595466,-112.53134170855293,0.8854661583900452
Stookey,0714,724,432,40.108676736292416,-112.55393384502953,0.9674075245857239
Stookey,0714,339,661,40.21253309923331,-112.47309635669919,0.5047673583030701
Stookey,0714,577,558,40.14833098396076,-112.50945557634122,0.6558904647827148
Stookey,0714,621,547,40.13646168533894,-112.51333859979813,0.5343489050865173
Stookey,0714,717,486,40.110565033800434,-112.5348717298774,0.6455672383308411
Stookey,0714,582,564,40.146982200026464,-112.50733756354654,0.7363367080688477
Stookey,0714,445,401,40.18393887982621,-112.56487691113539,0.9614444375038147
Stookey,0714,395,491,40.19742671916919,-112.53310671921517,0.9159148931503296
Stookey,0714,552,541,40.15507490363225,-112.51545661259281,0.9527281522750854
Stookey,0714,650,522,40.12863873852002,-112.52216365310932,0.7022311687469482
Stookey,0714,368,477,40.20471015241439,-112.53804874906942,0.9346482753753662
Stookey,0714,369,644,40.20444039562753,-112.47909739295079,0.9199529886245728
Stookey,0714,565,532,40.151568065403076,-112.51863363178484,0.9542088508605957
Stookey,0714,329,649,40.21523066710191,-112.47733238228855,0.7721338272094727
Stookey,0714,637,518,40.132145576749195,-112.5235756616391,0.9326855540275574
Stookey,0714,381,435,40.201203314185214,-112.55287483863219,0.5439662933349609
Stookey,0714,392,499,40.19823598952976,-112.53028270215559,0.9356213212013245
Stookey,0714,401,630,40.195808178448026,-112.48403942280505,0.9933091998100281
Stookey,0714,731,476,40.1067884387844,-112.53840175120187,0.7739126682281494
Stookey,0714,335,514,40.21361212638075,-112.52498767016888,0.8592828512191772
Stookey,0714,404,441,40.19499890808745,-112.55075682583751,0.9530852437019348
Stookey,0714,664,520,40.12486214350399,-112.5228696573742,0.7000769376754761
Stookey,0714,601,513,40.14185682107613,-112.52534067230134,0.9559638500213623
Stookey,0714,614,524,40.13834998284696,-112.52145764884442,0.7187663912773132
Stookey,0714,526,392,40.1620885800906,-112.56805393032741,0.9620112776756287
Stookey,0714,316,528,40.218737505331084,-112.52004564031463,0.9593431353569031
Stookey,0714,669,494,40.12351335956969,-112.53204771281783,0.9551408290863037
Stookey,0714,571,554,40.149949524681915,-112.51086758487101,0.7864336967468262
Stookey,0714,421,409,40.19041304271084,-112.5620528940758,0.8556825518608093
Stookey,0714,381,491,40.201203314185214,-112.53310671921517,0.9264940619468689
Stookey,0714,398,519,40.19661744880861,-112.52322265950666,0.9599546790122986
Stookey,0714,397,467,40.196887205595466,-112.54157877039388,0.9063710570335388
Stookey,0714,738,430,40.10490014127639,-112.55463984929442,0.9484215974807739
Stookey,0714,338,508,40.212802856020176,-112.52710568296357,0.9130949378013611
Stookey,0714,417,621,40.19149206985828,-112.48721644199706,0.9875662326812744
Stookey,0714,724,455,40.108676736292416,-112.54581479598325,0.961915135383606
Stookey,0714,706,405,40.11353235845589,-112.5634649026056,0.9524157643318176
Stookey,0714,375,651,40.202821854906375,-112.47662637802367,0.8333266377449036
Stookey,0714,436,607,40.186366690907946,-112.49215847185133,0.957282543182373
Stookey,0714,380,531,40.20147307097208,-112.5189866339173,0.9672148823738098
Stookey,0714,418,606,40.191222313071414,-112.49251147398377,0.9793277382850647
Stookey,0714,427,402,40.18879450198968,-112.56452390900294,0.7378043532371521
Stookey,0714,533,561,40.16020028258258,-112.50839656994388,0.9343248009681702
Stookey,0714,329,661,40.21523066710191,-112.47309635669919,0.6465981602668762
Stookey,0714,645,398,40.129987522454314,-112.56593591753273,0.8767701983451843
Stookey,0714,347,571,40.21037504493844,-112.50486654861942,0.9898449182510376
Stookey,0714,564,558,40.15183782218993,-112.50945557634122,0.9394428133964539
Stookey,0714,321,645,40.21738872139679,-112.47874439081835,0.6772974729537964
Stookey,0714,326,618,40.21603993746249,-112.4882754483944,0.9522427916526794
Stookey,0714,318,605,40.218197991757364,-112.49286447611622,0.954551637172699
Stookey,0714,406,639,40.19445939451373,-112.48086240361303,0.9720577597618103
Stookey,0714,313,543,40.21954677569166,-112.51475060832793,0.9607251882553101
Stookey,0714,450,584,40.18259009589191,-112.5002775208976,0.9586860537528992
Stookey,0714,459,565,40.18016228481018,-112.5069845614141,0.9658469557762146
Stookey,0714,728,453,40.10759770914498,-112.54652080024815,0.9588948488235474
Stookey,0714,713,498,40.111644060947874,-112.53063570428803,0.5682284235954285
Stookey,0714,371,539,40.20390088205381,-112.51616261685771,0.9584749937057495
Stookey,0714,413,410,40.19257109700571,-112.56169989194336,0.5600757002830505
Stookey,0714,370,470,40.20417063884067,-112.54051976399654,0.9699245691299438
Stookey,0714,490,573,40.17179982441753,-112.50416054435452,0.9366134405136108
Stookey,0714,478,412,40.17503690585985,-112.56099388767846,0.9837377071380615
Stookey,0714,396,512,40.19715696238232,-112.52569367443378,0.9629021286964417
Stookey,0714,393,515,40.19796623274291,-112.52463466803644,0.9630206823348999
Stookey,0714,332,531,40.21442139674133,-112.5189866339173,0.9765926599502563
Stookey,0714,679,512,40.1208157917011,-112.52569367443378,0.8297680020332336
Stookey,0714,314,528,40.219277018904805,-112.52004564031463,0.9352955222129822
Stookey,0714,524,388,40.16262809366431,-112.56946593885719,0.9013581871986389
Stookey,0714,425,573,40.189334015563404,-112.50416054435452,0.9884830713272095
Stookey,0714,508,563,40.166944202254065,-112.50769056567898,0.9511401057243347
Stookey,0714,339,623,40.21253309923331,-112.48651043773218,0.9595324397087097
Stookey,0714,401,643,40.195808178448026,-112.47945039508323,0.973313570022583
Stookey,0714,417,604,40.19149206985828,-112.49321747824867,0.9793415069580078
Stookey,0714,471,568,40.176925203367865,-112.50592555501676,0.967786431312561
Stookey,0714,701,468,40.11488114239019,-112.54122576826144,0.9799761176109314
Stookey,0714,715,500,40.111104547374154,-112.52992970002315,0.5360470414161682
Stookey,0714,309,587,40.2206258028391,-112.49921851450026,0.9594658017158508
Stookey,0714,704,483,40.114071872029605,-112.53593073627474,0.9506497979164124
Stookey,0714,586,398,40.145903172879024,-112.56593591753273,0.680902361869812
Stookey,0714,647,528,40.1294480088806,-112.52004564031463,0.5258157253265381
Stookey,0714,670,406,40.12324360278283,-112.56311190047315,0.9697890877723694
Stookey,0714,557,530,40.15372611969795,-112.51933963604974,0.9549286961555481
Stookey,0714,412,514,40.192840853792575,-112.52498767016888,0.9639358520507812
Stookey,0714,411,587,40.19311061057943,-112.49921851450026,0.9959616661071777
Stookey,0714,363,510,40.20605893634869,-112.52639967869867,0.9557082653045654
Stookey,0714,696,490,40.116229926324486,-112.53345972134761,0.7379764914512634
Stookey,0714,503,526,40.16829298618836,-112.52075164457952,0.9587286710739136
Stookey,0714,721,409,40.109486006653,-112.5620528940758,0.7376466989517212
Stookey,0714,432,648,40.187445718055386,-112.47768538442101,0.9300202131271362
Stookey,0714,387,503,40.19958477346406,-112.5288706936258,0.9555792808532715
Stookey,0714,354,571,40.20848674743042,-112.50486654861942,0.9811018109321594
Stookey,0714,346,641,40.2106448017253,-112.48015639934813,0.9154055714607239
Stookey,0714,507,561,40.16721395904092,-112.50839656994388,0.9525717496871948
Stookey,0714,572,509,40.14967976789506,-112.52675268083112,0.9593176245689392
Stookey,0714,358,537,40.20740772028299,-112.51686862112261,0.9703837037086487
Stookey,0714,492,563,40.17126031084381,-112.50769056567898,0.9586266875267029
Stookey,0714,340,665,40.212263342446455,-112.4716843481694,0.5039488077163696
Stookey,0714,380,464,40.20147307097208,-112.54263777679122,0.974734902381897
Stookey,0714,373,516,40.203361368480095,-112.524281665904,0.9583982825279236
Stookey,0714,714,429,40.11137430416101,-112.55499285142687,0.9791975617408752
Stookey,0714,714,468,40.11137430416101,-112.54122576826144,0.9599225521087646
Stookey,0714,354,529,40.20848674743042,-112.51969263818218,0.969110906124115
Stookey,0714,419,518,40.19095255628456,-112.5235756616391,0.9686698913574219
Stookey,0714,519,408,40.16397687759861,-112.56240589620826,0.9787153005599976
Stookey,0714,318,652,40.218197991757364,-112.47627337589121,0.5261306762695312
Stookey,0714,704,514,40.114071872029605,-112.52498767016888,0.6497763395309448
Stookey,0714,731,437,40.1067884387844,-112.5521688343673,0.9729880690574646
Stookey,0714,386,534,40.19985453025092,-112.51792762751995,0.9665125608444214
Stookey,0714,456,557,40.18097155517076,-112.50980857847367,0.9779847264289856
Stookey,0714,381,506,40.201203314185214,-112.52781168722846,0.9672586917877197
Stookey,0714,694,518,40.1167694398982,-112.5235756616391,0.728983461856842
Stookey,0714,557,500,40.15372611969795,-112.52992970002315,0.9790749549865723
Stookey,0714,339,538,40.21253309923331,-112.51651561899016,0.9847005009651184
Stookey,0714,313,643,40.21954677569166,-112.47945039508323,0.5770853757858276
Stookey,0714,689,487,40.1181182238325,-112.53451872774495,0.9038722515106201
Stookey,0714,538,411,40.15885149864828,-112.56134688981092,0.9843409061431885
Stookey,0714,638,505,40.13187581996233,-112.5281646893609,0.9565140008926392
Stookey,0714,354,475,40.20848674743042,-112.53875475333432,0.7356462478637695
Stookey,0714,515,386,40.16505590474605,-112.57017194312209,0.8679096102714539
Stookey,0714,440,559,40.18528766376051,-112.50910257420878,0.9858107566833496
Stookey,0714,522,522,40.16316760723803,-112.52216365310932,0.96222984790802
Stookey,0714,426,656,40.18906425877654,-112.47486136736143,0.7935426235198975
Stookey,0714,381,532,40.201203314185214,-112.51863363178484,0.9651690721511841
Stookey,0714,400,504,40.19607793523489,-112.52851769149335,0.9208167791366577
Stookey,0714,374,464,40.20309161169323,-112.54263777679122,0.9732699990272522
Stookey,0714,527,522,40.16181882330373,-112.52216365310932,0.963293731212616
Stookey,0714,491,400,40.17153006763068,-112.56522991326783,0.7174853086471558
Stookey,0714,381,444,40.201203314185214,-112.54969781944017,0.9265168309211731
Stookey,0714,330,513,40.21496091031505,-112.52534067230134,0.7471777200698853
Stookey,0714,360,481,40.20686820670927,-112.53663674053963,0.7998402714729309
Stookey,0714,344,649,40.211184315299015,-112.47733238228855,0.6111057996749878
Stookey,0714,409,661,40.19365012415315,-112.47309635669919,0.8298501372337341
Stookey,0714,418,474,40.191222313071414,-112.53910775546676,0.8222144842147827
Stookey,0714,533,416,40.16020028258258,-112.55958187914868,0.9923853874206543
Stookey,0714,357,540,40.20767747706984,-112.51580961472527,0.9682767391204834
Stookey,0714,705,514,40.11380211524275,-112.52498767016888,0.692817747592926
Stookey,0714,578,504,40.148061227173905,-112.52851769149335,0.9713728427886963
Stookey,0714,638,397,40.13187581996233,-112.56628891966517,0.765241801738739
Stookey,0714,542,551,40.15777247150084,-112.51192659126835,0.9589889645576477
Stookey,0714,373,542,40.203361368480095,-112.51510361046037,0.9590147137641907
Stookey,0714,687,402,40.11865773740622,-112.56452390900294,0.9467774033546448
Stookey,0714,429,650,40.18825498841596,-112.47697938015611,0.9101337790489197
Stookey,0714,329,644,40.21523066710191,-112.47909739295079,0.7940344214439392
Stookey,0714,408,426,40.19391988094001,-112.55605185782422,0.9484920501708984
Stookey,0714,400,437,40.19607793523489,-112.5521688343673,0.8751673102378845
Stookey,0714,326,616,40.21603993746249,-112.4889814526593,0.9530893564224243
Stookey,0714,406,651,40.19445939451373,-112.47662637802367,0.9008684754371643
Stookey,0714,513,529,40.16559541831977,-112.51969263818218,0.9543997049331665
Stookey,0714,529,384,40.16127930973001,-112.57087794738698,0.8241997957229614
Stookey,0714,489,524,40.1720695812044,-112.52145764884442,0.9718043208122253
Stookey,0714,393,454,40.19796623274291,-112.5461677981157,0.9738514423370361
Stookey,0714,422,643,40.19014328592398,-112.47945039508323,0.9565286040306091
Stookey,0714,670,525,40.12324360278283,-112.52110464671198,0.6447482705116272
Stookey,0714,465,581,40.17854374408902,-112.50133652729494,0.8098835349082947
Stookey,0714,391,492,40.19850574631662,-112.53275371708271,0.9389605522155762
Stookey,0714,675,489,40.12189481884853,-112.53381272348005,0.9564042687416077
Stookey,0714,503,556,40.16829298618836,-112.51016158060612,0.9548065662384033
Stookey,0714,708,476,40.11299284488217,-112.53840175120187,0.955826997756958
Stookey,0714,417,428,40.19149206985828,-112.55534585355932,0.9759857654571533
Stookey,0714,429,561,40.18825498841596,-112.50839656994388,0.9773932099342346
Stookey,0714,413,659,40.19257109700571,-112.47380236096409,0.823974609375
Stookey,0714,418,596,40.191222313071414,-112.49604149530825,0.9886813163757324
Stookey,0714,678,498,40.121085548487954,-112.53063570428803,0.9470022916793823
Stookey,0714,526,408,40.1620885800906,-112.56240589620826,0.9830858707427979
Stookey,0714,402,432,40.19553842166117,-112.55393384502953,0.8782345652580261
Stookey,0714,380,458,40.20147307097208,-112.5447557895859,0.9769049882888794
Stookey,0714,503,398,40.16829298618836,-112.56593591753273,0.921558141708374
Stookey,0714,551,554,40.155344660419104,-112.51086758487101,0.9361096024513245
Stookey,0714,550,517,40.15561441720597,-112.52392866377154,0.9607285857200623
Stookey,0714,419,418,40.19095255628456,-112.55887587488378,0.9630700349807739
Stookey,0714,429,410,40.18825498841596,-112.56169989194336,0.9727213382720947
Stookey,0714,430,643,40.187985231629106,-112.47945039508323,0.950393795967102
Stookey,0714,482,408,40.17395787871241,-112.56240589620826,0.9534295201301575
Stookey,0714,487,544,40.17260909477811,-112.51439760619547,0.968911349773407
Stookey,0714,324,630,40.21657945103621,-112.48403942280505,0.7685393691062927
Stookey,0714,558,550,40.15345636291109,-112.5122795934008,0.9274688363075256
Stookey,0714,414,421,40.192301340218854,-112.55781686848644,0.9571232795715332
Stookey,0714,399,437,40.196347692021746,-112.5521688343673,0.877596914768219
Stookey,0714,327,619,40.21577018067563,-112.48792244626196,0.9524242281913757
Stookey,0714,432,630,40.187445718055386,-112.48403942280505,0.9576684832572937
Stookey,0714,415,412,40.192031583432,-112.56099388767846,0.6257973909378052
Stookey,0714,459,606,40.18016228481018,-112.49251147398377,0.8943997025489807
Stookey,0714,656,403,40.12702019779886,-112.56417090687049,0.9535897374153137
Stookey,0714,473,576,40.176385689794145,-112.50310153795718,0.9264711141586304
Stookey,0714,421,628,40.19041304271084,-112.48474542706994,0.9714516997337341
Stookey,0714,668,405,40.12378311635655,-112.5634649026056,0.9671008586883545
Stookey,0714,342,636,40.211723828872735,-112.48192141001037,0.9411118030548096
Stookey,0714,632,522,40.13349436068349,-112.52216365310932,0.6537744998931885
Stookey,0714,544,549,40.15723295792712,-112.51263259553325,0.9574658870697021
Stookey,0714,393,491,40.19796623274291,-112.53310671921517,0.9232596158981323
Stookey,0714,423,616,40.18987352913712,-112.4889814526593,0.9890795350074768
Stookey,0714,497,409,40.169911526909516,-112.5620528940758,0.973686158657074
Stookey,0714,426,575,40.18906425877654,-112.50345454008962,0.9921611547470093
Stookey,0714,453,400,40.181780825531334,-112.56522991326783,0.9180737137794495
Stookey,0714,312,614,40.21981653247852,-112.4896874569242,0.8534968495368958
Stookey,0714,736,457,40.1054396548501,-112.54510879171836,0.9496455192565918
Stookey,0714,505,390,40.16775347261464,-112.5687599345923,0.8287485837936401
Stookey,0714,393,462,40.19796623274291,-112.54334378105612,0.9800992012023926
Stookey,0714,418,411,40.191222313071414,-112.56134688981092,0.7581443786621094
Stookey,0714,402,557,40.19553842166117,-112.50980857847367,0.9857691526412964
Stookey,0714,565,556,40.151568065403076,-112.51016158060612,0.9204967021942139
Stookey,0714,389,441,40.19904525989034,-112.55075682583751,0.8636015057563782
Stookey,0714,402,442,40.19553842166117,-112.55040382370507,0.928814172744751
Stookey,0714,707,474,40.11326260166903,-112.53910775546676,0.960376501083374
Stookey,0714,443,477,40.18447839339993,-112.53804874906942,0.9804806709289551
Stookey,0714,630,398,40.134033874257206,-112.56593591753273,0.8303689956665039
Stookey,0714,430,559,40.187985231629106,-112.50910257420878,0.9787969589233398
Stookey,0714,712,472,40.11191381773473,-112.53981375973166,0.9574244022369385
Stookey,0714,479,585,40.17476714907299,-112.49992451876516,0.7705018520355225
Stookey,0714,664,505,40.12486214350399,-112.5281646893609,0.9565833806991577
Stookey,0714,343,663,40.21145407208588,-112.4723903524343,0.5408229827880859
Stookey,0714,662,523,40.1254016570777,-112.52181065097686,0.6989132165908813
Stookey,0714,377,644,40.202282341332655,-112.47909739295079,0.9348868131637573
Stookey,0714,453,572,40.181780825531334,-112.50451354648696,0.9630147814750671
Stookey,0714,571,543,40.149949524681915,-112.51475060832793,0.940152108669281
Stookey,0714,522,400,40.16316760723803,-112.56522991326783,0.9623563289642334
Stookey,0714,642,397,40.1307967928149,-112.56628891966517,0.7988539338111877
Stookey,0714,471,561,40.176925203367865,-112.50839656994388,0.9742565155029297
Stookey,0714,717,415,40.110565033800434,-112.55993488128112,0.9573556184768677
Stookey,0714,372,430,40.20363112526695,-112.55463984929442,0.5508822202682495
Stookey,0714,545,511,40.156963201140265,-112.52604667656622,0.9719812273979187
Stookey,0714,447,570,40.183399366252495,-112.50521955075186,0.9753260612487793
Stookey,0714,308,531,40.22089555962596,-112.5189866339173,0.8133009076118469
Stookey,0714,525,426,40.16235833687745,-112.55605185782422,0.9925133585929871
Stookey,0714,322,622,40.217118964609924,-112.48686343986462,0.8860032558441162
Stookey,0714,424,405,40.18960377235026,-112.5634649026056,0.8625005483627319
Stookey,0714,459,561,40.18016228481018,-112.50839656994388,0.9645717740058899
Stookey,0714,411,499,40.19311061057943,-112.53028270215559,0.693872332572937
Stookey,0714,667,523,40.124052873143405,-112.52181065097686,0.6451988816261292
Stookey,0714,533,548,40.16020028258258,-112.51298559766569,0.9569879770278931
Stookey,0714,494,582,40.1707207972701,-112.5009835251625,0.9000541567802429
Stookey,0714,479,574,40.17476714907299,-112.50380754222208,0.9483226537704468
Stookey,0714,707,409,40.11326260166903,-112.5620528940758,0.9561424851417542
Stookey,0714,387,470,40.19958477346406,-112.54051976399654,0.9757067561149597
Stookey,0714,485,584,40.17314860835183,-112.5002775208976,0.667333722114563
Stookey,0714,398,518,40.19661744880861,-112.5235756616391,0.9595868587493896
Stookey,0714,416,483,40.191761826645134,-112.53593073627474,0.5633204579353333
Stookey,0714,569,515,40.150489038255635,-112.52463466803644,0.9557462334632874
Stookey,0714,360,542,40.20686820670927,-112.51510361046037,0.9656224250793457
Stookey,0714,309,612,40.2206258028391,-112.49039346118909,0.8122736811637878
Stookey,0714,613,511,40.13861973963382,-112.52604667656622,0.956740140914917
Stookey,0714,312,587,40.21981653247852,-112.49921851450026,0.9652344584465027
Stookey,0714,397,483,40.196887205595466,-112.53593073627474,0.8991795778274536
Stookey,0714,334,536,40.213881883167616,-112.51722162325505,0.9942819476127625
Stookey,0714,716,478,40.1108347905873,-112.53769574693698,0.9531071186065674
Stookey,0714,475,526,40.175846176220425,-112.52075164457952,0.9778542518615723
Stookey,0714,376,473,40.20255209811951,-112.5394607575992,0.9592089653015137
Stookey,0714,734,429,40.10597916842382,-112.55499285142687,0.9620808959007263
Stookey,0714,673,467,40.12243433242225,-112.54157877039388,0.98306804895401
Stookey,0714,569,565,40.150489038255635,-112.5069845614141,0.8924452066421509
Stookey,0714,705,398,40.11380211524275,-112.56593591753273,0.8216970562934875
Stookey,0714,658,508,40.12648068422514,-112.52710568296357,0.9562571048736572
Stookey,0714,364,484,40.205789179561826,-112.5355777341423,0.9100192189216614
Stookey,0714,320,603,40.217658478183644,-112.49357048038111,0.9570797085762024
Stookey,0714,457,398,40.1807017983839,-112.56593591753273,0.6721517443656921
Stookey,0714,661,402,40.125671413864566,-112.56452390900294,0.9495025873184204
Stookey,0714,412,612,40.192840853792575,-112.49039346118909,0.9836143851280212
Stookey,0714,549,560,40.155884173992824,-112.50874957207633,0.902235746383667
Stookey,0714,427,447,40.18879450198968,-112.54863881304283,0.9975823760032654
Stookey,0714,410,641,40.193380367366295,-112.48015639934813,0.973226010799408
Stookey,0714,333,618,40.21415163995447,-112.4882754483944,0.9567820429801941
Stookey,0714,377,469,40.202282341332655,-112.540872766129,0.9661809206008911
Stookey,0714,310,582,40.22035604605224,-112.5009835251625,0.9681341648101807
Stookey,0714,336,631,40.213342369593896,-112.4836864206726,0.9454013705253601
Stookey,0714,684,396,40.1194670077668,-112.56664192179761,0.6094130277633667
Stookey,0714,718,442,40.11029527701358,-112.55040382370507,0.9685035347938538
Stookey,0714,494,559,40.1707207972701,-112.50910257420878,0.961256206035614
Stookey,0714,431,559,40.18771547484224,-112.50910257420878,0.9804309606552124
Stookey,0714,716,442,40.1108347905873,-112.55040382370507,0.9782852530479431
Stookey,0714,381,645,40.201203314185214,-112.47874439081835,0.9521830677986145
Stookey,0714,398,649,40.19661744880861,-112.47733238228855,0.9360500574111938
Stookey,0714,422,626,40.19014328592398,-112.48545143133484,0.9724735021591187
Stookey,0714,364,453,40.205789179561826,-112.54652080024815,0.9191194176673889
Stookey,0714,403,514,40.19526866487431,-112.52498767016888,0.9575983285903931
Stookey,0714,393,521,40.19796623274291,-112.52251665524176,0.9620509147644043
Stookey,0714,388,466,40.199315016677204,-112.54193177252634,0.9754359722137451
Stookey,0714,638,503,40.13187581996233,-112.5288706936258,0.9616320729255676
Stookey,0714,715,455,40.111104547374154,-112.54581479598325,0.9695869088172913
Stookey,0714,394,474,40.19769647595604,-112.53910775546676,0.9105737805366516
Stookey,0714,435,484,40.18663644769481,-112.5355777341423,0.9535276889801025
Stookey,0714,447,611,40.183399366252495,-112.49074646332154,0.8773710131645203
Stookey,0714,619,523,40.137001198912664,-112.52181065097686,0.7903546690940857
Stookey,0714,414,641,40.192301340218854,-112.48015639934813,0.9667128920555115
Stookey,0714,427,568,40.18879450198968,-112.50592555501676,0.9742069840431213
Stookey,0714,642,395,40.1307967928149,-112.56699492393007,0.7209773659706116
Stookey,0714,431,569,40.18771547484224,-112.5055725528843,0.9669063091278076
Stookey,0714,614,516,40.13834998284696,-112.524281665904,0.9510688185691833
Stookey,0714,563,398,40.152107578976796,-112.56593591753273,0.9081315398216248
Stookey,0714,315,615,40.21900726211794,-112.48933445479175,0.8946481943130493
Stookey,0714,346,553,40.2106448017253,-112.51122058700346,0.9789327383041382
Stookey,0714,364,530,40.205789179561826,-112.51933963604974,0.9574151635169983
Stookey,0714,366,651,40.20524966598811,-112.47662637802367,0.732585608959198
Stookey,0714,713,503,40.111644060947874,-112.5288706936258,0.618827760219574
Stookey,0714,695,508,40.11649968311134,-112.52710568296357,0.7024006843566895
Stookey,0714,501,550,40.16883249976208,-112.5122795934008,0.9603078961372375
Stookey,0714,433,554,40.18717596126852,-112.51086758487101,0.9908241033554077
Stookey,0714,378,500,40.2020125845458,-112.52992970002315,0.9561880826950073
Stookey,0714,379,530,40.201742827758935,-112.51933963604974,0.9663273096084595
Stookey,0714,477,415,40.175306662646705,-112.55993488128112,0.9888381958007812
Stookey,0714,667,395,40.124052873143405,-112.56699492393007,0.8639144897460938
Stookey,0714,333,631,40.21415163995447,-112.4836864206726,0.9303067922592163
Stookey,0714,394,445,40.19769647595604,-112.54934481730773,0.9386011958122253
Stookey,0714,421,609,40.19041304271084,-112.49145246758643,0.9847687482833862
Stookey,0714,379,484,40.201742827758935,-112.5355777341423,0.842880129814148
Stookey,0714,305,594,40.221704829986535,-112.49674749957313,0.8600329756736755
Stookey,0714,706,398,40.11353235845589,-112.56593591753273,0.780290961265564
Stookey,0714,493,552,40.17099055405696,-112.5115735891359,0.9678035974502563
Stookey,0714,481,536,40.17422763549927,-112.51722162325505,0.9752928018569946
Stookey,0714,502,530,40.16856274297522,-112.51933963604974,0.956883430480957
Stookey,0714,365,468,40.20551942277497,-112.54122576826144,0.9587323069572449
Stookey,0714,369,526,40.20444039562753,-112.52075164457952,0.9599682688713074
Stookey,0714,416,429,40.191761826645134,-112.55499285142687,0.9769681096076965
Stookey,0714,714,433,40.11137430416101,-112.55358084289708,0.9818683862686157
Stookey,0714,718,408,40.11029527701358,-112.56240589620826,0.8443744778633118
Stookey,0714,437,557,40.18609693412109,-112.50980857847367,0.986956775188446
Stookey,0714,566,396,40.15129830861621,-112.56664192179761,0.7301185727119446
Stookey,0714,453,608,40.181780825531334,-112.49180546971888,0.9306893348693848
Stookey,0714,718,459,40.11029527701358,-112.54440278745346,0.966011643409729
Stookey,0714,352,545,40.20902626100414,-112.51404460406303,0.9724268317222595
Stookey,0714,460,614,40.179892528023316,-112.4896874569242,0.6039071083068848
Stookey,0714,410,596,40.193380367366295,-112.49604149530825,0.9906544089317322
Stookey,0714,431,594,40.18771547484224,-112.49674749957313,0.9979957342147827
Stookey,0714,351,493,40.209296017791004,-112.53240071495027,0.9024928212165833
Stookey,0714,487,405,40.17260909477811,-112.5634649026056,0.8989678621292114
Stookey,0714,400,540,40.19607793523489,-112.51580961472527,0.9808799028396606
Stookey,0714,567,571,40.151028551829356,-112.50486654861942,0.6624414920806885
Stookey,0714,477,520,40.175306662646705,-112.5228696573742,0.97378009557724
Stookey,0714,344,555,40.211184315299015,-112.51051458273857,0.9906200170516968
Stookey,0714,706,499,40.11353235845589,-112.53028270215559,0.6928472518920898
Stookey,0714,425,558,40.189334015563404,-112.50945557634122,0.9794309735298157
Stookey,0714,415,411,40.192031583432,-112.56134688981092,0.6060783863067627
Stookey,0714,445,567,40.18393887982621,-112.5062785571492,0.9831418991088867
Stookey,0714,544,499,40.15723295792712,-112.53028270215559,0.9785794615745544
Stookey,0714,386,656,40.19985453025092,-112.47486136736143,0.5747525691986084
Stookey,0714,332,607,40.21442139674133,-112.49215847185133,0.9661579132080078
Stookey,0714,413,600,40.19257109700571,-112.49462948677845,0.985522449016571
Stookey,0714,383,643,40.2006638006115,-112.47945039508323,0.9568958878517151
Stookey,0714,481,416,40.17422763549927,-112.55958187914868,0.9812004566192627
Stookey,0714,699,524,40.1154206559639,-112.52145764884442,0.742682695388794
Stookey,0714,437,597,40.18609693412109,-112.49568849317579,0.9913098216056824
Stookey,0714,430,599,40.187985231629106,-112.4949824889109,0.9967116117477417
Stookey,0714,431,459,40.18771547484224,-112.54440278745346,0.9777520895004272
Stookey,0714,440,397,40.18528766376051,-112.56628891966517,0.9459554553031921
Stookey,0714,508,570,40.166944202254065,-112.50521955075186,0.9040147662162781
Stookey,0714,455,576,40.18124131195761,-112.50310153795718,0.9112293124198914
Stookey,0714,505,391,40.16775347261464,-112.56840693245985,0.842352032661438
Stookey,0714,533,424,40.16020028258258,-112.5567578620891,0.991690993309021
Stookey,0714,562,579,40.15237733576365,-112.50204253155984,0.6162253022193909
Stookey,0714,409,602,40.19365012415315,-112.49392348251357,0.988531231880188
Stookey,0714,341,506,40.2119935856596,-112.52781168722846,0.9255079030990601
Stookey,0714,351,482,40.209296017791004,-112.53628373840719,0.7923688292503357
Stookey,0714,735,425,40.105709411636965,-112.55640485995666,0.9156584143638611
Stookey,0714,559,507,40.15318660612423,-112.52745868509601,0.9691579937934875
Stookey,0714,401,642,40.195808178448026,-112.47980339721569,0.9768766760826111
Stookey,0714,557,514,40.15372611969795,-112.52498767016888,0.960176408290863
Stookey,0714,712,512,40.11191381773473,-112.52569367443378,0.5296353697776794
Stookey,0714,513,386,40.16559541831977,-112.57017194312209,0.7060462236404419
Stookey,0714,361,487,40.20659844992241,-112.53451872774495,0.8401938080787659
Stookey,0714,409,616,40.19365012415315,-112.4889814526593,0.9896992444992065
Stookey,0714,509,568,40.16667444546721,-112.50592555501676,0.8693463802337646
Stookey,0714,568,523,40.1507587950425,-112.52181065097686,0.9486420154571533
Stookey,0714,339,633,40.21253309923331,-112.48298041640771,0.9521965384483337
Stookey,0714,720,412,40.10975576343986,-112.56099388767846,0.9129986763000488
Stookey,0714,392,651,40.19823598952976,-112.47662637802367,0.820941686630249
Stookey,0714,679,472,40.1208157917011,-112.53981375973166,0.9762619733810425
Stookey,0714,386,440,40.19985453025092,-112.55110982796995,0.8837904930114746
Stookey,0714,549,402,40.155884173992824,-112.56452390900294,0.9542181491851807
Stookey,0714,696,508,40.116229926324486,-112.52710568296357,0.5285828113555908
Stookey,0714,414,622,40.192301340218854,-112.48686343986462,0.9848772883415222
Stookey,0714,566,561,40.15129830861621,-112.50839656994388,0.9308916330337524
Stookey,0714,325,654,40.21630969424935,-112.47556737162633,0.7058857083320618
Stookey,0714,729,456,40.10732795235812,-112.5454617938508,0.9566567540168762
Stookey,0714,441,482,40.18501790697365,-112.53628373840719,0.9682421684265137
Stookey,0714,675,485,40.12189481884853,-112.53522473200985,0.9559204578399658
Stookey,0714,721,411,40.109486006653,-112.56134688981092,0.8603035807609558
Stookey,0714,426,398,40.18906425877654,-112.56593591753273,0.567456841468811
Stookey,0714,571,570,40.149949524681915,-112.50521955075186,0.7351312637329102
Stookey,0714,510,557,40.166404688680345,-112.50980857847367,0.9583579897880554
Stookey,0714,490,572,40.17179982441753,-112.50451354648696,0.9397407174110413
Stookey,0714,518,522,40.16424663438547,-112.52216365310932,0.9617720246315002
Stookey,0714,545,556,40.156963201140265,-112.51016158060612,0.9404584765434265
Stookey,0714,722,462,40.10921624986614,-112.54334378105612,0.9616909623146057
Stookey,0714,421,632,40.19041304271084,-112.48333341854016,0.9642209410667419
Stookey,0714,427,453,40.18879450198968,-112.54652080024815,0.9921380877494812
Stookey,0714,354,504,40.20848674743042,-112.52851769149335,0.9525816440582275
Stookey,0714,304,596,40.2219745867734,-112.49604149530825,0.6472567915916443
Stookey,0714,417,501,40.19149206985828,-112.52957669789069,0.9534682631492615
Stookey,0714,734,459,40.10597916842382,-112.54440278745346,0.9531240463256836
Stookey,0714,441,598,40.18501790697365,-112.49533549104335,0.9658252596855164
Stookey,0714,398,531,40.19661744880861,-112.5189866339173,0.9648239016532898
Stookey,0714,380,641,40.20147307097208,-112.48015639934813,0.9516094326972961
Stookey,0714,668,467,40.12378311635655,-112.54157877039388,0.9804868102073669
Stookey,0714,489,554,40.1720695812044,-112.51086758487101,0.9690208435058594
Stookey,0714,402,628,40.19553842166117,-112.48474542706994,0.9933457374572754
Stookey,0714,422,415,40.19014328592398,-112.55993488128112,0.9655489921569824
Stookey,0714,389,487,40.19904525989034,-112.53451872774495,0.9087281227111816
Stookey,0714,470,572,40.17719496015472,-112.50451354648696,0.9610857367515564
Stookey,0714,577,523,40.14833098396076,-112.52181065097686,0.5083730816841125
Stookey,0714,540,409,40.15831198507456,-112.5620528940758,0.985710620880127
Stookey,0714,378,448,40.2020125845458,-112.54828581091039,0.9691567420959473
Stookey,0714,462,579,40.1793530144496,-112.50204253155984,0.8994877934455872
Stookey,0714,320,601,40.217658478183644,-112.49427648464601,0.9643548727035522
Stookey,0714,740,458,40.10436062770267,-112.5447557895859,0.8742503523826599
Stookey,0714,722,487,40.10921624986614,-112.53451872774495,0.5062755942344666
Stookey,0714,348,530,40.21010528815158,-112.51933963604974,0.9789260029792786
Stookey,0714,438,496,40.185827177334225,-112.53134170855293,0.9604362845420837
Stookey,0714,612,518,40.13888949642068,-112.5235756616391,0.936275064945221
Stookey,0714,431,604,40.18771547484224,-112.49321747824867,0.9918233156204224
Stookey,0714,387,442,40.19958477346406,-112.55040382370507,0.8854476809501648
Stookey,0714,341,559,40.2119935856596,-112.50910257420878,0.9923080205917358
Stookey,0714,342,517,40.211723828872735,-112.52392866377154,0.9532031416893005
Stookey,0714,471,563,40.176925203367865,-112.50769056567898,0.973249614238739
Stookey,0714,567,525,40.151028551829356,-112.52110464671198,0.9521965384483337
Stookey,0714,398,548,40.19661744880861,-112.51298559766569,0.9822009801864624
Stookey,0714,570,530,40.15021928146878,-112.51933963604974,0.9510196447372437
Stookey,0714,376,646,40.20255209811951,-112.47839138868589,0.942028284072876
Stookey,0714,430,577,40.187985231629106,-112.50274853582474,0.9907587170600891
Stookey,0714,559,570,40.15318660612423,-112.50521955075186,0.8375471830368042
Stookey,0714,317,615,40.21846774854422,-112.48933445479175,0.9217272996902466
Stookey,0714,341,508,40.2119935856596,-112.52710568296357,0.940577507019043
Stookey,0714,336,615,40.213342369593896,-112.48933445479175,0.9630109071731567
Stookey,0714,529,547,40.16127930973001,-112.51333859979813,0.9574658274650574
Stookey,0714,502,405,40.16856274297522,-112.5634649026056,0.96490478515625
Stookey,0714,370,444,40.20417063884067,-112.54969781944017,0.8592197895050049
Stookey,0714,715,406,40.111104547374154,-112.56311190047315,0.9090929627418518
Stookey,0714,490,534,40.17179982441753,-112.51792762751995,0.9584868550300598
Stookey,0714,427,493,40.18879450198968,-112.53240071495027,0.9323998093605042
Stookey,0714,405,635,40.19472915130059,-112.48227441214281,0.9795405864715576
Stookey,0714,409,426,40.19365012415315,-112.55605185782422,0.9491487741470337
Stookey,0714,556,498,40.15399587648481,-112.53063570428803,0.9796122312545776
Stookey,0714,535,382,40.15966076900886,-112.57158395165187,0.7858534455299377
Stookey,0714,629,521,40.13430363104407,-112.52251665524176,0.8386354446411133
Stookey,0714,561,557,40.15264709255051,-112.50980857847367,0.9147787094116211
Stookey,0714,566,563,40.15129830861621,-112.50769056567898,0.9145416617393494
Stookey,0714,392,529,40.19823598952976,-112.51969263818218,0.9627944231033325
Stookey,0714,445,406,40.18393887982621,-112.56311190047315,0.973782479763031
Stookey,0714,444,498,40.18420863661307,-112.53063570428803,0.9756489992141724
Stookey,0714,382,454,40.20093355739836,-112.5461677981157,0.9692527651786804
Stookey,0714,421,452,40.19041304271084,-112.54687380238059,0.9846329092979431
Stookey,0714,461,581,40.17962277123646,-112.50133652729494,0.8935665488243103
Stookey,0714,353,467,40.208756504217284,-112.54157877039388,0.6034001708030701
Stookey,0714,340,635,40.212263342446455,-112.48227441214281,0.9431967735290527
Stookey,0714,504,398,40.168023229401506,-112.56593591753273,0.9306012392044067
Stookey,0714,321,628,40.21738872139679,-112.48474542706994,0.6296908259391785
Stookey,0714,451,609,40.182320339105054,-112.49145246758643,0.9300125241279602
Stookey,0714,370,509,40.20417063884067,-112.52675268083112,0.9537317156791687
Stookey,0714,486,400,40.172878851564974,-112.56522991326783,0.685971736907959
Stookey,0714,546,552,40.15669344435341,-112.5115735891359,0.952383816242218
Stookey,0714,403,445,40.19526866487431,-112.54934481730773,0.9563131332397461
Stookey,0714,518,563,40.16424663438547,-112.50769056567898,0.7494428753852844
Stookey,0714,601,522,40.14185682107613,-112.52216365310932,0.8103141188621521
Stookey,0714,717,413,40.110565033800434,-112.56064088554602,0.9537202715873718
Stookey,0714,402,551,40.19553842166117,-112.51192659126835,0.9868097901344299
Stookey,0714,565,515,40.151568065403076,-112.52463466803644,0.9585084319114685
Stookey,0714,701,522,40.11488114239019,-112.52216365310932,0.7912240624427795
Stookey,0714,524,554,40.16262809366431,-112.51086758487101,0.948818027973175
Stookey,0714,397,515,40.196887205595466,-112.52463466803644,0.9603738188743591
Stookey,0714,306,605,40.22143507319968,-112.49286447611622,0.6718266010284424
Stookey,0714,326,531,40.21603993746249,-112.5189866339173,0.9914481043815613
Stookey,0714,428,605,40.18852474520282,-112.49286447611622,0.9923816323280334
Stookey,0714,685,495,40.11919725097994,-112.53169471068537,0.8724765777587891
Stookey,0714,490,542,40.17179982441753,-112.51510361046037,0.9613775014877319
Stookey,0714,566,531,40.15129830861621,-112.5189866339173,0.9523634910583496
Stookey,0714,350,481,40.20956577457786,-112.53663674053963,0.690108060836792
Stookey,0714,550,511,40.15561441720597,-112.52604667656622,0.9613572359085083
Stookey,0714,387,641,40.19958477346406,-112.48015639934813,0.9590259790420532
Stookey,0714,363,536,40.20605893634869,-112.51722162325505,0.9570690989494324
Stookey,0714,673,515,40.12243433242225,-112.52463466803644,0.8372664451599121
Stookey,0714,576,509,40.14860074074762,-112.52675268083112,0.9588003158569336
Stookey,0714,639,519,40.131606063175475,-112.52322265950666,0.9187020659446716
Stookey,0714,553,535,40.15480514684539,-112.5175746253875,0.9562461376190186
Stookey,0714,386,465,40.19985453025092,-112.54228477465878,0.9803916811943054
Stookey,0714,405,560,40.19472915130059,-112.50874957207633,0.9836505055427551
Stookey,0714,664,493,40.12486214350399,-112.53240071495027,0.9554052948951721
Stookey,0714,524,566,40.16262809366431,-112.50663155928164,0.6452954411506653
Stookey,0714,413,430,40.19257109700571,-112.55463984929442,0.9705156087875366
Stookey,0714,422,422,40.19014328592398,-112.557463866354,0.9763733148574829
Stookey,0714,332,637,40.21442139674133,-112.48156840787792,0.8829858899116516
Stookey,0714,543,529,40.157502714713985,-112.51969263818218,0.9717345237731934
Stookey,0714,659,501,40.12621092743829,-112.52957669789069,0.9550871849060059
Stookey,0714,540,406,40.15831198507456,-112.56311190047315,0.9818974137306213
Stookey,0714,364,490,40.205789179561826,-112.53345972134761,0.8730981349945068
Stookey,0714,355,497,40.208216990643564,-112.53098870642049,0.9329071044921875
Stookey,0714,344,656,40.211184315299015,-112.47486136736143,0.5039383172988892
Stookey,0714,554,510,40.15453539005853,-112.52639967869867,0.9591839909553528
Stookey,0714,451,586,40.182320339105054,-112.49957151663271,0.9556642770767212
Stookey,0714,303,552,40.222244343560256,-112.5115735891359,0.8261362314224243
Stookey,0714,600,512,40.142126577862996,-112.52569367443378,0.9593918919563293
Stookey,0714,384,464,40.20039404382464,-112.54263777679122,0.9805628061294556
Stookey,0714,713,403,40.111644060947874,-112.56417090687049,0.859662652015686
Stookey,0714,426,471,40.18906425877654,-112.5401667618641,0.9203180074691772
Stookey,0714,401,508,40.195808178448026,-112.52710568296357,0.9536048173904419
Stookey,0714,404,509,40.19499890808745,-112.52675268083112,0.9546182155609131
Stookey,0714,336,537,40.213342369593896,-112.51686862112261,0.9938168525695801
Stookey,0714,437,492,40.18609693412109,-112.53275371708271,0.9576770067214966
Stookey,0714,495,575,40.170451040483236,-112.50345454008962,0.9292958974838257
Stookey,0714,413,502,40.19257109700571,-112.52922369575825,0.9490222930908203
Stookey,0714,697,474,40.11596016953762,-112.53910775546676,0.9616356492042542
Stookey,0714,377,460,40.202282341332655,-112.54404978532102,0.9742540121078491
Stookey,0714,735,426,40.105709411636965,-112.55605185782422,0.9297935366630554
Stookey,0714,410,413,40.193380367366295,-112.56064088554602,0.644506573677063
Stookey,0714,374,463,40.20309161169323,-112.54299077892368,0.9740813374519348
Stookey,0714,414,620,40.192301340218854,-112.48756944412952,0.9910100698471069
Stookey,0714,711,409,40.112183574521595,-112.5620528940758,0.9537793397903442
Stookey,0714,526,519,40.1620885800906,-112.52322265950666,0.9645225405693054
Stookey,0714,348,524,40.21010528815158,-112.52145764884442,0.9686302542686462
Stookey,0714,635,522,40.13268509032291,-112.52216365310932,0.6108207106590271
Stookey,0714,421,627,40.19041304271084,-112.4850984292024,0.9768319725990295
Stookey,0714,441,585,40.18501790697365,-112.49992451876516,0.9532529711723328
Stookey,0714,416,456,40.191761826645134,-112.5454617938508,0.9451937079429626
Stookey,0714,488,403,40.172339337991254,-112.56417090687049,0.8351894617080688
Stookey,0714,543,506,40.157502714713985,-112.52781168722846,0.9804286360740662
Stookey,0714,387,494,40.19958477346406,-112.53204771281783,0.9397361278533936
Stookey,0714,331,608,40.21469115352819,-112.49180546971888,0.9656401872634888
Stookey,0714,405,617,40.19472915130059,-112.48862845052686,0.9969872236251831
Stookey,0714,311,533,40.22008628926538,-112.5182806296524,0.8870320916175842
Stookey,0714,540,411,40.15831198507456,-112.56134688981092,0.9836248755455017
Stookey,0714,367,651,40.20497990920125,-112.47662637802367,0.7143603563308716
Stookey,0714,400,427,40.19607793523489,-112.55569885569176,0.8392371535301208
Stookey,0714,389,450,40.19904525989034,-112.54757980664549,0.960752010345459
Stookey,0714,363,530,40.20605893634869,-112.51933963604974,0.9578225612640381
Stookey,0714,436,571,40.186366690907946,-112.50486654861942,0.9815516471862793
Stookey,0714,415,628,40.192031583432,-112.48474542706994,0.9773693680763245
Stookey,0714,373,446,40.203361368480095,-112.54899181517527,0.9417826533317566
Stookey,0714,339,512,40.21253309923331,-112.52569367443378,0.9224348068237305
Stookey,0714,456,406,40.18097155517076,-112.56311190047315,0.9806333780288696
Stookey,0714,389,534,40.19904525989034,-112.51792762751995,0.9679495692253113
Stookey,0714,416,637,40.191761826645134,-112.48156840787792,0.9708974361419678
Stookey,0714,419,493,40.19095255628456,-112.53240071495027,0.5757511258125305
Stookey,0714,544,555,40.15723295792712,-112.51051458273857,0.9459622502326965
Stookey,0714,707,514,40.11326260166903,-112.52498767016888,0.7061886787414551
Stookey,0714,452,588,40.1820505823182,-112.49886551236781,0.9548002481460571
Stookey,0714,723,480,40.10894649307928,-112.53698974267208,0.7802174687385559
Stookey,0714,368,517,40.20471015241439,-112.52392866377154,0.9598065614700317
Stookey,0714,423,606,40.18987352913712,-112.49251147398377,0.9878397583961487
Stookey,0714,428,446,40.18852474520282,-112.54899181517527,0.9981033205986023
Stookey,0714,380,541,40.20147307097208,-112.51545661259281,0.9732735753059387
Stookey,0714,378,653,40.2020125845458,-112.47592037375877,0.6461594700813293
Stookey,0714,554,409,40.15453539005853,-112.5620528940758,0.9633354544639587
Stookey,0714,430,640,40.187985231629106,-112.48050940148057,0.9520054459571838
Stookey,0714,623,510,40.13592217176522,-112.52639967869867,0.9537253379821777
Stookey,0714,305,571,40.221704829986535,-112.50486654861942,0.9670639038085938
Stookey,0714,375,439,40.202821854906375,-112.55146283010241,0.9023811221122742
Stookey,0714,586,400,40.145903172879024,-112.56522991326783,0.887832522392273
Stookey,0714,431,641,40.18771547484224,-112.48015639934813,0.9536575675010681
Stookey,0714,452,605,40.1820505823182,-112.49286447611622,0.9390352368354797
Stookey,0714,367,649,40.20497990920125,-112.47733238228855,0.778857946395874
Stookey,0714,654,507,40.127559711372584,-112.52745868509601,0.956558883190155
Stookey,0714,416,590,40.191761826645134,-112.49815950810293,0.9942760467529297
Stookey,0714,407,417,40.19418963772687,-112.55922887701624,0.6948690414428711
Stookey,0714,666,504,40.12432262993027,-112.52851769149335,0.9551619291305542
Stookey,0714,376,495,40.20255209811951,-112.53169471068537,0.9346964359283447
Stookey,0714,419,653,40.19095255628456,-112.47592037375877,0.94149249792099
Stookey,0714,566,580,40.15129830861621,-112.5016895294274,0.7384704351425171
Stookey,0714,521,520,40.163437364024894,-112.5228696573742,0.9645624160766602
Stookey,0714,635,507,40.13268509032291,-112.52745868509601,0.954876720905304
Stookey,0714,485,563,40.17314860835183,-112.50769056567898,0.9663949608802795
Stookey,0714,527,547,40.16181882330373,-112.51333859979813,0.9597739577293396
Stookey,0714,529,518,40.16127930973001,-112.5235756616391,0.9632266759872437
Stookey,0714,395,664,40.19742671916919,-112.47203735030186,0.6297543048858643
Stookey,0714,362,484,40.206328693135546,-112.5355777341423,0.8484827280044556
Stookey,0714,455,401,40.18124131195761,-112.56487691113539,0.9278761148452759
Stookey,0714,332,632,40.21442139674133,-112.48333341854016,0.9186320900917053
Stookey,0714,369,478,40.20444039562753,-112.53769574693698,0.920868992805481
Stookey,0714,406,428,40.19445939451373,-112.55534585355932,0.9455384016036987
Stookey,0714,387,474,40.19958477346406,-112.53910775546676,0.965240478515625
Stookey,0714,572,521,40.14967976789506,-112.52251665524176,0.8179461359977722
Stookey,0714,319,609,40.21792823497051,-112.49145246758643,0.9528279900550842
Stookey,0714,397,492,40.196887205595466,-112.53275371708271,0.8771411180496216
Stookey,0714,439,600,40.18555742054737,-112.49462948677845,0.958758533000946
Stookey,0714,701,398,40.11488114239019,-112.56593591753273,0.8329649567604065
Stookey,0714,714,509,40.11137430416101,-112.52675268083112,0.5198631286621094
Stookey,0714,522,532,40.16316760723803,-112.51863363178484,0.952360212802887
Stookey,0714,465,400,40.17854374408902,-112.56522991326783,0.8239233493804932
Stookey,0714,418,598,40.191222313071414,-112.49533549104335,0.9843546152114868
Stookey,0714,388,476,40.199315016677204,-112.53840175120187,0.9546012282371521
Stookey,0714,714,495,40.11137430416101,-112.53169471068537,0.5253325700759888
Stookey,0714,442,403,40.18474815018679,-112.56417090687049,0.9777354001998901
Stookey,0714,710,474,40.11245333130845,-112.53910775546676,0.9584532380104065
Stookey,0714,548,564,40.15615393077969,-112.50733756354654,0.8245596289634705
Stookey,0714,360,534,40.20686820670927,-112.51792762751995,0.9611111879348755
Stookey,0714,305,600,40.221704829986535,-112.49462948677845,0.6781458258628845
Stookey,0714,489,568,40.1720695812044,-112.50592555501676,0.956668496131897
Stookey,0714,714,425,40.11137430416101,-112.55640485995666,0.9762663841247559
Stookey,0714,304,576,40.2219745867734,-112.50310153795718,0.9629161357879639
Stookey,0714,662,520,40.1254016570777,-112.5228696573742,0.703157901763916
Stookey,0714,512,390,40.165865175106624,-112.5687599345923,0.7896353006362915
Stookey,0714,494,533,40.1707207972701,-112.5182806296524,0.9595662951469421
Stookey,0714,509,553,40.16667444546721,-112.51122058700346,0.9530720114707947
Stookey,0714,311,584,40.22008628926538,-112.5002775208976,0.966772735118866
Stookey,0714,471,574,40.176925203367865,-112.50380754222208,0.9595605731010437
Stookey,0714,645,503,40.129987522454314,-112.5288706936258,0.9540794491767883
Stookey,0714,509,572,40.16667444546721,-112.50451354648696,0.7038307785987854
Stookey,0714,483,583,40.17368812192555,-112.50063052303005,0.6296532154083252
Stookey,0714,316,597,40.218737505331084,-112.49568849317579,0.9584840536117554
Stookey,0714,665,393,40.124592386717126,-112.56770092819495,0.7271212339401245
Stookey,0714,492,577,40.17126031084381,-112.50274853582474,0.9164727330207825
Stookey,0714,540,565,40.15831198507456,-112.5069845614141,0.8074696660041809
Stookey,0714,341,636,40.2119935856596,-112.48192141001037,0.9371058344841003
Stookey,0714,374,532,40.20309161169323,-112.51863363178484,0.9603585004806519
Stookey,0714,515,405,40.16505590474605,-112.5634649026056,0.9615446329116821
Stookey,0714,464,582,40.17881350087588,-112.5009835251625,0.6658018231391907
Stookey,0714,566,562,40.15129830861621,-112.50804356781144,0.9310250878334045
Stookey,0714,543,559,40.157502714713985,-112.50910257420878,0.9219640493392944
Stookey,0714,728,474,40.10759770914498,-112.53910775546676,0.9147738814353943
Stookey,0714,402,443,40.19553842166117,-112.55005082157261,0.9374152421951294
Stookey,0714,590,521,40.14482414573159,-112.52251665524176,0.7083796262741089
Stookey,0714,715,467,40.111104547374154,-112.54157877039388,0.9612860083580017
Stookey,0714,359,527,40.20713796349612,-112.52039864244708,0.9618891477584839
Stookey,0714,546,522,40.15669344435341,-112.52216365310932,0.9742081761360168
Stookey,0714,581,554,40.14725195681332,-112.51086758487101,0.5038930177688599
Stookey,0714,530,539,40.161009552943156,-112.51616261685771,0.9521965384483337
Stookey,0714,718,441,40.11029527701358,-112.55075682583751,0.9702861309051514
Stookey,0714,594,509,40.14374511858415,-112.52675268083112,0.9723971486091614
Stookey,0714,375,527,40.202821854906375,-112.52039864244708,0.9654345512390137
Stookey,0714,345,654,40.21091455851216,-112.47556737162633,0.5911012887954712
Stookey,0714,716,471,40.1108347905873,-112.5401667618641,0.9588525891304016
Stookey,0714,544,395,40.15723295792712,-112.56699492393007,0.9578150510787964
Stookey,0714,384,501,40.20039404382464,-112.52957669789069,0.9561218023300171
Stookey,0714,708,512,40.11299284488217,-112.52569367443378,0.5776872038841248
Stookey,0714,544,408,40.15723295792712,-112.56240589620826,0.9830979108810425
Stookey,0714,556,538,40.15399587648481,-112.51651561899016,0.9541335701942444
Stookey,0714,726,466,40.108137222718696,-112.54193177252634,0.952972948551178
Stookey,0714,394,655,40.19769647595604,-112.47521436949387,0.5803205370903015
Stookey,0714,387,471,40.19958477346406,-112.5401667618641,0.9727129340171814
Stookey,0714,339,522,40.21253309923331,-112.52216365310932,0.9520760178565979
Stookey,0714,537,409,40.15912125543514,-112.5620528940758,0.9859728217124939
Stookey,0714,333,607,40.21415163995447,-112.49215847185133,0.9694783687591553
Stookey,0714,420,459,40.1906827994977,-112.54440278745346,0.8943989276885986
Stookey,0714,413,612,40.19257109700571,-112.49039346118909,0.9813844561576843
Stookey,0714,690,497,40.11784846704564,-112.53098870642049,0.7891250848770142
Stookey,0714,343,649,40.21145407208588,-112.47733238228855,0.6853360533714294
Stookey,0714,680,516,40.120546034914234,-112.524281665904,0.8101502656936646
Stookey,0714,353,474,40.208756504217284,-112.53910775546676,0.6691458225250244
Stookey,0714,522,405,40.16316760723803,-112.5634649026056,0.9764990210533142
Stookey,0714,374,648,40.20309161169323,-112.47768538442101,0.9093056917190552
Stookey,0714,546,405,40.15669344435341,-112.5634649026056,0.9710513353347778
Stookey,0714,407,516,40.19418963772687,-112.524281665904,0.9609115123748779
Stookey,0714,566,533,40.15129830861621,-112.5182806296524,0.9531773924827576
Stookey,0714,644,508,40.13025727924118,-112.52710568296357,0.9541398286819458
Stookey,0714,677,400,40.12135530527481,-112.56522991326783,0.9318590760231018
Stookey,0714,374,472,40.20309161169323,-112.53981375973166,0.9670138359069824
Stookey,0714,530,514,40.161009552943156,-112.52498767016888,0.9756346940994263
Stookey,0714,547,395,40.156423687566544,-112.56699492393007,0.9569622278213501
Stookey,0714,653,401,40.12782946815944,-112.56487691113539,0.9393550157546997
Stookey,0714,548,528,40.15615393077969,-112.52004564031463,0.9631605744361877
Stookey,0714,335,625,40.21361212638075,-112.48580443346728,0.9521965384483337
Stookey,0714,375,449,40.202821854906375,-112.54793280877793,0.9612069725990295
Stookey,0714,378,447,40.2020125845458,-112.54863881304283,0.9680476784706116
Stookey,0714,411,637,40.19311061057943,-112.48156840787792,0.9754465222358704
Stookey,0714,394,644,40.19769647595604,-112.47909739295079,0.9698837995529175
Stookey,0714,335,648,40.21361212638075,-112.47768538442101,0.6878097057342529
Stookey,0714,457,569,40.1807017983839,-112.5055725528843,0.9615751504898071
Stookey,0714,403,552,40.19526866487431,-112.5115735891359,0.9898274540901184
Stookey,0714,388,491,40.199315016677204,-112.53310671921517,0.9248957633972168
Stookey,0714,656,510,40.12702019779886,-112.52639967869867,0.9540077447891235
Stookey,0714,483,398,40.17368812192555,-112.56593591753273,0.5249322056770325
Stookey,0714,419,616,40.19095255628456,-112.4889814526593,0.9931698441505432
Stookey,0714,375,640,40.202821854906375,-112.48050940148057,0.9419145584106445
Stookey,0714,558,562,40.15345636291109,-112.50804356781144,0.8948665857315063
Stookey,0714,646,402,40.12971776566746,-112.56452390900294,0.9502798318862915
Stookey,0714,419,643,40.19095255628456,-112.47945039508323,0.9578554630279541
Stookey,0714,304,599,40.2219745867734,-112.4949824889109,0.6102879047393799
Stookey,0714,537,420,40.15912125543514,-112.5581698706189,0.9912710785865784
Stookey,0714,307,579,40.221165316412815,-112.50204253155984,0.9641752243041992
Stookey,0714,318,638,40.218197991757364,-112.48121540574547,0.6259591579437256
Stookey,0714,402,642,40.19553842166117,-112.47980339721569,0.9719002842903137
Stookey,0714,509,540,40.16667444546721,-112.51580961472527,0.9111864566802979
Stookey,0714,425,655,40.189334015563404,-112.47521436949387,0.8535014986991882
Stookey,0714,705,479,40.11380211524275,-112.53734274480453,0.9561740756034851
Stookey,0714,434,599,40.186906204481666,-112.4949824889109,0.9953722953796387
Stookey,0714,329,638,40.21523066710191,-112.48121540574547,0.8465005159378052
Stookey,0714,343,543,40.21145407208588,-112.51475060832793,0.9852333664894104
Stookey,0714,688,486,40.11838798061936,-112.5348717298774,0.9043542742729187
Stookey,0714,410,659,40.193380367366295,-112.47380236096409,0.8239700198173523
Stookey,0714,724,476,40.108676736292416,-112.53840175120187,0.9243646264076233
Stookey,0714,395,439,40.19742671916919,-112.55146283010241,0.8786182403564453
Stookey,0714,428,416,40.18852474520282,-112.55958187914868,0.9805589914321899
Stookey,0714,322,604,40.217118964609924,-112.49321747824867,0.959348201751709
Stookey,0714,472,404,40.17665544658101,-112.56381790473804,0.9584494829177856
Stookey,0714,480,400,40.17449739228613,-112.56522991326783,0.7810166478157043
Stookey,0714,405,435,40.19472915130059,-112.55287483863219,0.9247807860374451
Stookey,0714,424,454,40.18960377235026,-112.5461677981157,0.9813655018806458
Stookey,0714,507,404,40.16721395904092,-112.56381790473804,0.9566251635551453
Stookey,0714,311,603,40.22008628926538,-112.49357048038111,0.9350016117095947
Stookey,0714,384,508,40.20039404382464,-112.52710568296357,0.9634508490562439
Stookey,0714,643,512,40.130527036028035,-112.52569367443378,0.9551184177398682
Stookey,0714,331,525,40.21469115352819,-112.52110464671198,0.966607928276062
Stookey,0714,736,439,40.1054396548501,-112.55146283010241,0.951426088809967
Stookey,0714,532,557,40.160470039369436,-112.50980857847367,0.9528287649154663
Stookey,0714,398,510,40.19661744880861,-112.52639967869867,0.9602462649345398
Stookey,0714,553,525,40.15480514684539,-112.52110464671198,0.9544084668159485
Stookey,0714,414,652,40.192301340218854,-112.47627337589121,0.9249098300933838
Stookey,0714,713,460,40.111644060947874,-112.54404978532102,0.9686704277992249
Stookey,0714,381,651,40.201203314185214,-112.47662637802367,0.8535446524620056
Stookey,0714,550,397,40.15561441720597,-112.56628891966517,0.9527990818023682
Stookey,0714,639,398,40.131606063175475,-112.56593591753273,0.8488534688949585
Stookey,0714,545,412,40.156963201140265,-112.56099388767846,0.9809475541114807
Stookey,0714,394,442,40.19769647595604,-112.55040382370507,0.8991181254386902
Stookey,0714,405,498,40.19472915130059,-112.53063570428803,0.5971716046333313
Stookey,0714,465,407,40.17854374408902,-112.5627588983407,0.9826461672782898
Stookey,0714,333,543,40.21415163995447,-112.51475060832793,0.9991124272346497
Stookey,0714,719,474,40.11002552022671,-112.53910775546676,0.9570719003677368
Stookey,0714,478,538,40.17503690585985,-112.51651561899016,0.9826603531837463
Stookey,0714,438,597,40.185827177334225,-112.49568849317579,0.9793655872344971
Stookey,0714,372,463,40.20363112526695,-112.54299077892368,0.9695823788642883
Stookey,0714,354,641,40.20848674743042,-112.48015639934813,0.9281837344169617
Stookey,0714,500,546,40.16910225654894,-112.51369160193059,0.9598260521888733
Stookey,0714,358,553,40.20740772028299,-112.51122058700346,0.9737533926963806
Stookey,0714,346,639,40.2106448017253,-112.48086240361303,0.9178007245063782
Stookey,0714,637,402,40.132145576749195,-112.56452390900294,0.9571127891540527
Stookey,0714,420,629,40.1906827994977,-112.4843924249375,0.9758797287940979
Stookey,0714,708,496,40.11299284488217,-112.53134170855293,0.589817464351654
Stookey,0714,432,451,40.187445718055386,-112.54722680451304,0.9946772456169128
Stookey,0714,589,515,40.14509390251845,-112.52463466803644,0.899433970451355
Stookey,0714,568,398,40.1507587950425,-112.56593591753273,0.7026941776275635
Stookey,0714,454,573,40.18151106874448,-112.50416054435452,0.9573942422866821
Stookey,0714,676,491,40.121625062061675,-112.53310671921517,0.9549294114112854
Stookey,0714,321,651,40.21738872139679,-112.47662637802367,0.6482354402542114
Stookey,0714,404,649,40.19499890808745,-112.47733238228855,0.9232351183891296
Stookey,0714,491,516,40.17153006763068,-112.524281665904,0.9806120991706848
Stookey,0714,314,540,40.219277018904805,-112.51580961472527,0.9598458409309387
Stookey,0714,425,478,40.189334015563404,-112.53769574693698,0.9073063135147095
Stookey,0714,376,446,40.20255209811951,-112.54899181517527,0.9587017297744751
Stookey,0714,394,525,40.19769647595604,-112.52110464671198,0.9599227905273438
Stookey,0714,403,443,40.19526866487431,-112.55005082157261,0.9442464709281921
Stookey,0714,390,478,40.198775503103484,-112.53769574693698,0.9308167695999146
Stookey,0714,502,387,40.16856274297522,-112.56981894098963,0.5347775220870972
Stookey,0714,537,384,40.15912125543514,-112.57087794738698,0.8844323754310608
Stookey,0714,384,515,40.20039404382464,-112.52463466803644,0.9674023985862732
Stookey,0714,549,507,40.155884173992824,-112.52745868509601,0.9706842303276062
Stookey,0714,441,600,40.18501790697365,-112.49462948677845,0.9583294987678528
Stookey,0714,658,497,40.12648068422514,-112.53098870642049,0.9571220278739929
Stookey,0714,545,542,40.156963201140265,-112.51510361046037,0.954249382019043
Stookey,0714,420,639,40.1906827994977,-112.48086240361303,0.9611985087394714
Stookey,0714,392,515,40.19823598952976,-112.52463466803644,0.9633787274360657
Stookey,0714,383,542,40.2006638006115,-112.51510361046037,0.9757223129272461
Stookey,0714,308,585,40.22089555962596,-112.49992451876516,0.9592264294624329
Stookey,0714,673,519,40.12243433242225,-112.52322265950666,0.8066114783287048
Stookey,0714,493,540,40.17099055405696,-112.51580961472527,0.9636368155479431
Stookey,0714,553,534,40.15480514684539,-112.51792762751995,0.9561986923217773
Stookey,0714,342,547,40.211723828872735,-112.51333859979813,0.9945470094680786
Stookey,0714,490,555,40.17179982441753,-112.51051458273857,0.9675776362419128
Stookey,0714,331,619,40.21469115352819,-112.48792244626196,0.952592670917511
Stookey,0714,714,514,40.11137430416101,-112.52498767016888,0.6930438280105591
Stookey,0714,736,454,40.1054396548501,-112.5461677981157,0.9496177434921265
Stookey,0714,370,643,40.20417063884067,-112.47945039508323,0.9313248991966248
Stookey,0714,637,511,40.132145576749195,-112.52604667656622,0.9552581906318665
Stookey,0714,358,466,40.20740772028299,-112.54193177252634,0.8215534687042236
Stookey,0714,479,590,40.17476714907299,-112.49815950810293,0.7664812803268433
Stookey,0714,343,634,40.21145407208588,-112.48262741427526,0.9477400779724121
Stookey,0714,485,546,40.17314860835183,-112.51369160193059,0.9800748825073242
Stookey,0714,538,558,40.15885149864828,-112.50945557634122,0.9458276629447937
Stookey,0714,487,583,40.17260909477811,-112.50063052303005,0.6250040531158447
Stookey,0714,559,508,40.15318660612423,-112.52710568296357,0.969234824180603
Stookey,0714,708,409,40.11299284488217,-112.5620528940758,0.9571294784545898
Stookey,0714,681,497,40.12027627812738,-112.53098870642049,0.9236747622489929
Stookey,0714,332,610,40.21442139674133,-112.49109946545398,0.9637423753738403
Stookey,0714,397,497,40.196887205595466,-112.53098870642049,0.8911316990852356
Stookey,0714,404,535,40.19499890808745,-112.5175746253875,0.9768005013465881
Stookey,0714,377,649,40.202282341332655,-112.47733238228855,0.9271613359451294
Stookey,0714,382,528,40.20093355739836,-112.52004564031463,0.9660651683807373
Stookey,0714,637,504,40.132145576749195,-112.52851769149335,0.9605724215507507
Stookey,0714,483,549,40.17368812192555,-112.51263259553325,0.9853043556213379
Stookey,0714,381,644,40.201203314185214,-112.47909739295079,0.9485633969306946
Stookey,0714,348,549,40.21010528815158,-112.51263259553325,0.9765483140945435
Stookey,0714,352,542,40.20902626100414,-112.51510361046037,0.978037416934967
Stookey,0714,413,620,40.19257109700571,-112.48756944412952,0.9909272789955139
Stookey,0714,662,402,40.1254016570777,-112.56452390900294,0.9492241144180298
Stookey,0714,718,419,40.11029527701358,-112.55852287275134,0.9677363038063049
Stookey,0714,456,404,40.18097155517076,-112.56381790473804,0.9795312881469727
Stookey,0714,399,504,40.196347692021746,-112.52851769149335,0.947083592414856
Stookey,0714,348,540,40.21010528815158,-112.51580961472527,0.9796930551528931
Stookey,0714,551,393,40.155344660419104,-112.56770092819495,0.8829646110534668
Stookey,0714,667,486,40.124052873143405,-112.5348717298774,0.9590975642204285
Stookey,0714,673,401,40.12243433242225,-112.56487691113539,0.9429756999015808
Stookey,0714,500,567,40.16910225654894,-112.5062785571492,0.9425978660583496
Stookey,0714,422,658,40.19014328592398,-112.47415536309653,0.8668838143348694
Stookey,0714,374,500,40.20309161169323,-112.52992970002315,0.9549256563186646
Stookey,0714,676,398,40.121625062061675,-112.56593591753273,0.8871560096740723
Stookey,0714,376,505,40.20255209811951,-112.5281646893609,0.9595409631729126
Stookey,0714,588,406,40.1453636593053,-112.56311190047315,0.9668928980827332
Stookey,0714,324,643,40.21657945103621,-112.47945039508323,0.7225731015205383
Stookey,0714,376,458,40.20255209811951,-112.5447557895859,0.9762465953826904
Stookey,0714,713,410,40.111644060947874,-112.56169989194336,0.9550201296806335
Stookey,0714,311,601,40.22008628926538,-112.49427648464601,0.9329666495323181
Stookey,0714,321,653,40.21738872139679,-112.47592037375877,0.5970546007156372
Stookey,0714,394,441,40.19769647595604,-112.55075682583751,0.9036350846290588
Stookey,0714,721,467,40.109486006653,-112.54157877039388,0.9586381912231445
Stookey,0714,381,531,40.201203314185214,-112.5189866339173,0.9688966274261475
Stookey,0714,508,577,40.166944202254065,-112.50274853582474,0.5423035621643066
Stookey,0714,590,508,40.14482414573159,-112.52710568296357,0.9684877991676331
Stookey,0714,566,521,40.15129830861621,-112.52251665524176,0.9521965384483337
Stookey,0714,427,625,40.18879450198968,-112.48580443346728,0.9700316786766052
Stookey,0714,451,579,40.182320339105054,-112.50204253155984,0.9616243243217468
Stookey,0714,398,455,40.19661744880861,-112.54581479598325,0.9668181538581848
Stookey,0714,496,575,40.17018128369638,-112.50345454008962,0.9138935208320618
Stookey,0714,714,490,40.11137430416101,-112.53345972134761,0.6191034317016602
Stookey,0714,528,528,40.161549066516876,-112.52004564031463,0.9607229828834534
Stookey,0714,379,524,40.201742827758935,-112.52145764884442,0.9660826921463013
Stookey,0714,321,650,40.21738872139679,-112.47697938015611,0.6428872346878052
Stookey,0714,584,511,40.146442686452744,-112.52604667656622,0.9529793858528137
Stookey,0714,335,623,40.21361212638075,-112.48651043773218,0.9527382254600525
Stookey,0714,338,639,40.212802856020176,-112.48086240361303,0.8795521855354309
Stookey,0714,491,401,40.17153006763068,-112.56487691113539,0.7707576155662537
Stookey,0714,504,580,40.168023229401506,-112.5016895294274,0.647787868976593
Stookey,0714,363,640,40.20605893634869,-112.48050940148057,0.9341050386428833
Stookey,0714,493,546,40.17099055405696,-112.51369160193059,0.9625959396362305
Stookey,0714,381,486,40.201203314185214,-112.5348717298774,0.8916259407997131
Stookey,0714,477,413,40.175306662646705,-112.56064088554602,0.9881201386451721
Stookey,0714,358,489,40.20740772028299,-112.53381272348005,0.9130666851997375
Stookey,0714,526,526,40.1620885800906,-112.52075164457952,0.9627464413642883
Stookey,0714,494,548,40.1707207972701,-112.51298559766569,0.9696827530860901
Stookey,0714,408,517,40.19391988094001,-112.52392866377154,0.9636363387107849
Stookey,0714,383,502,40.2006638006115,-112.52922369575825,0.9603334665298462
Stookey,0714,671,520,40.12297384599597,-112.5228696573742,0.7637048363685608
Stookey,0714,553,400,40.15480514684539,-112.56522991326783,0.9521965384483337
Stookey,0714,490,547,40.17179982441753,-112.51333859979813,0.9689668416976929
Stookey,0714,548,400,40.15615393077969,-112.56522991326783,0.9551864266395569
Stookey,0714,676,483,40.121625062061675,-112.53593073627474,0.9542396068572998
Stookey,0714,385,652,40.20012428703778,-112.47627337589121,0.754404604434967
Stookey,0714,392,445,40.19823598952976,-112.54934481730773,0.9314727783203125
Stookey,0714,687,485,40.11865773740622,-112.53522473200985,0.9351709485054016
Stookey,0714,542,567,40.15777247150084,-112.5062785571492,0.703404426574707
Stookey,0714,689,484,40.1181182238325,-112.5355777341423,0.9279842376708984
Stookey,0714,387,645,40.19958477346406,-112.47874439081835,0.9549096822738647
Stookey,0714,474,560,40.17611593300729,-112.50874957207633,0.9768718481063843
Stookey,0714,481,580,40.17422763549927,-112.5016895294274,0.8116353750228882
Stookey,0714,304,552,40.2219745867734,-112.5115735891359,0.8628244400024414
Stookey,0714,553,413,40.15480514684539,-112.56064088554602,0.9748460650444031
Stookey,0714,677,506,40.12135530527481,-112.52781168722846,0.8079757690429688
Stookey,0714,407,431,40.19418963772687,-112.55428684716198,0.940852165222168
Stookey,0714,573,401,40.1494100111082,-112.56487691113539,0.7289078831672668
Stookey,0714,398,445,40.19661744880861,-112.54934481730773,0.9489269852638245
Stookey,0714,518,393,40.16424663438547,-112.56770092819495,0.9412878155708313
Stookey,0714,364,467,40.205789179561826,-112.54157877039388,0.9558046460151672
Stookey,0714,373,491,40.203361368480095,-112.53310671921517,0.9245355725288391
Stookey,0714,523,550,40.162897850451174,-112.5122795934008,0.962104856967926
Stookey,0714,568,519,40.1507587950425,-112.52322265950666,0.942403256893158
Stookey,0714,303,565,40.222244343560256,-112.5069845614141,0.9375778436660767
Stookey,0714,620,538,40.1367314421258,-112.51651561899016,0.6135515570640564
Stookey,0714,436,493,40.186366690907946,-112.53240071495027,0.9574594497680664
Stookey,0714,567,581,40.151028551829356,-112.50133652729494,0.7168248295783997
Stookey,0714,498,397,40.16964177012266,-112.56628891966517,0.7846457958221436
Stookey,0714,459,408,40.18016228481018,-112.56240589620826,0.9870575070381165
Stookey,0714,325,616,40.21630969424935,-112.4889814526593,0.9524025917053223
Stookey,0714,465,569,40.17854374408902,-112.5055725528843,0.9535314440727234
Stookey,0714,517,545,40.16451639117233,-112.51404460406303,0.9343761801719666
Stookey,0714,726,440,40.108137222718696,-112.55110982796995,0.9724253416061401
Stookey,0714,377,514,40.202282341332655,-112.52498767016888,0.9607524275779724
Stookey,0714,550,503,40.15561441720597,-112.5288706936258,0.9781544804573059
Stookey,0714,380,505,40.20147307097208,-112.5281646893609,0.9656269550323486
Stookey,0714,540,386,40.15831198507456,-112.57017194312209,0.8666389584541321
Stookey,0714,302,570,40.22251410034711,-112.50521955075186,0.9324755072593689
Stookey,0714,481,514,40.17422763549927,-112.52498767016888,0.9830308556556702
Stookey,0714,344,541,40.211184315299015,-112.51545661259281,0.9804785847663879
Stookey,0714,517,403,40.16451639117233,-112.56417090687049,0.9599370956420898
Stookey,0714,300,540,40.22305361392083,-112.51580961472527,0.624156653881073
Stookey,0714,544,396,40.15723295792712,-112.56664192179761,0.9594311118125916
Stookey,0714,356,528,40.20794723385671,-112.52004564031463,0.9647048711776733
Stookey,0714,677,393,40.12135530527481,-112.56770092819495,0.5416468381881714
Stookey,0714,492,535,40.17126031084381,-112.5175746253875,0.9655227065086365
Stookey,0714,352,640,40.20902626100414,-112.48050940148057,0.9294885993003845
Stookey,0714,398,534,40.19661744880861,-112.51792762751995,0.9679934978485107
Stookey,0714,439,406,40.18555742054737,-112.56311190047315,0.9783496260643005
Stookey,0714,335,517,40.21361212638075,-112.52392866377154,0.8963475227355957
Stookey,0714,530,528,40.161009552943156,-112.52004564031463,0.9574872851371765
Stookey,0714,440,597,40.18528766376051,-112.49568849317579,0.9672826528549194
Stookey,0714,342,635,40.211723828872735,-112.48227441214281,0.9460436105728149
Stookey,0714,605,517,40.1407777939287,-112.52392866377154,0.9300991892814636
Stookey,0714,340,526,40.212263342446455,-112.52075164457952,0.9594829678535461
Stookey,0714,349,637,40.20983553136472,-112.48156840787792,0.9461711049079895
Stookey,0714,399,656,40.196347692021746,-112.47486136736143,0.6968545317649841
Stookey,0714,447,557,40.183399366252495,-112.50980857847367,0.9911341071128845
Stookey,0714,392,438,40.19823598952976,-112.55181583223485,0.804772138595581
Stookey,0714,484,538,40.173418365138694,-112.51651561899016,0.9656648635864258
Stookey,0714,327,617,40.21577018067563,-112.48862845052686,0.9530741572380066
Stookey,0714,375,433,40.202821854906375,-112.55358084289708,0.6769055724143982
Stookey,0714,386,446,40.19985453025092,-112.54899181517527,0.9578489661216736
Stookey,0714,588,400,40.1453636593053,-112.56522991326783,0.9071967005729675
Stookey,0714,675,519,40.12189481884853,-112.52322265950666,0.8030763864517212
Stookey,0714,581,557,40.14725195681332,-112.50980857847367,0.582073986530304
Stookey,0714,482,397,40.17395787871241,-112.56628891966517,0.5480670928955078
Stookey,0714,349,635,40.20983553136472,-112.48227441214281,0.9527456164360046
Stookey,0714,380,469,40.20147307097208,-112.540872766129,0.9674453139305115
Stookey,0714,418,613,40.191222313071414,-112.49004045905664,0.987048864364624
Stookey,0714,673,507,40.12243433242225,-112.52745868509601,0.855372428894043
Stookey,0714,422,418,40.19014328592398,-112.55887587488378,0.9727129936218262
Stookey,0714,511,552,40.16613493189349,-112.5115735891359,0.9530842900276184
Stookey,0714,638,403,40.13187581996233,-112.56417090687049,0.9610967040061951
Stookey,0714,711,475,40.112183574521595,-112.53875475333432,0.9582933187484741
Stookey,0714,359,513,40.20713796349612,-112.52534067230134,0.9560782313346863
Stookey,0714,412,515,40.192840853792575,-112.52463466803644,0.9618757367134094
Stookey,0714,306,592,40.22143507319968,-112.49745350383803,0.9139131307601929
Stookey,0714,444,555,40.18420863661307,-112.51051458273857,0.9911003708839417
Stookey,0714,568,503,40.1507587950425,-112.5288706936258,0.9778450727462769
Stookey,0714,724,411,40.108676736292416,-112.56134688981092,0.6233782172203064
Stookey,0714,367,646,40.20497990920125,-112.47839138868589,0.8346258401870728
Stookey,0714,566,569,40.15129830861621,-112.5055725528843,0.8642574548721313
Stookey,0714,710,481,40.11245333130845,-112.53663674053963,0.9514369368553162
Stookey,0714,481,414,40.17422763549927,-112.56028788341358,0.9830375909805298
Stookey,0714,706,476,40.11353235845589,-112.53840175120187,0.9590613842010498
Stookey,0714,514,541,40.165325661532904,-112.51545661259281,0.749951183795929
Stookey,0714,443,498,40.18447839339993,-112.53063570428803,0.9725168943405151
Stookey,0714,448,611,40.18312960946563,-112.49074646332154,0.8823138475418091
Stookey,0714,704,519,40.114071872029605,-112.52322265950666,0.7024437785148621
Stookey,0714,500,572,40.16910225654894,-112.50451354648696,0.8876476287841797
Stookey,0714,679,504,40.1208157917011,-112.52851769149335,0.9121522903442383
Stookey,0714,355,484,40.208216990643564,-112.5355777341423,0.8681532740592957
Stookey,0714,448,570,40.18312960946563,-112.50521955075186,0.9738245606422424
Stookey,0714,506,399,40.167483715827785,-112.56558291540028,0.9332541823387146
Stookey,0714,432,569,40.187445718055386,-112.5055725528843,0.9685089588165283
Stookey,0714,411,633,40.19311061057943,-112.48298041640771,0.9804539680480957
Stookey,0714,554,511,40.15453539005853,-112.52604667656622,0.9580679535865784
Stookey,0714,390,540,40.198775503103484,-112.51580961472527,0.9712305665016174
Stookey,0714,551,392,40.155344660419104,-112.56805393032741,0.8664795160293579
Stookey,0714,626,400,40.135112901404646,-112.56522991326783,0.9381400942802429
Stookey,0714,374,483,40.20309161169323,-112.53593073627474,0.9052271246910095
Stookey,0714,710,484,40.11245333130845,-112.5355777341423,0.9468826651573181
Stookey,0714,686,492,40.11892749419308,-112.53275371708271,0.9103618264198303
Stookey,0714,425,574,40.189334015563404,-112.50380754222208,0.9892264008522034
Stookey,0714,502,551,40.16856274297522,-112.51192659126835,0.95465087890625
Stookey,0714,416,418,40.191761826645134,-112.55887587488378,0.9437623023986816
Stookey,0714,570,546,40.15021928146878,-112.51369160193059,0.930583119392395
Stookey,0714,393,501,40.19796623274291,-112.52957669789069,0.948391854763031
Stookey,0714,305,541,40.221704829986535,-112.51545661259281,0.8838707804679871
Stookey,0714,403,545,40.19526866487431,-112.51404460406303,0.9899896383285522
Stookey,0714,474,587,40.17611593300729,-112.49921851450026,0.5572422742843628
Stookey,0714,623,517,40.13592217176522,-112.52392866377154,0.9387387037277222
Stookey,0714,567,565,40.151028551829356,-112.5069845614141,0.8903782963752747
Stookey,0714,427,476,40.18879450198968,-112.53840175120187,0.9131568670272827
Stookey,0714,386,537,40.19985453025092,-112.51686862112261,0.9677898287773132
Stookey,0714,545,540,40.156963201140265,-112.51580961472527,0.954731285572052
Stookey,0714,648,517,40.12917825209374,-112.52392866377154,0.9316446185112
Stookey,0714,406,552,40.19445939451373,-112.5115735891359,0.987021803855896
Stookey,0714,548,388,40.15615393077969,-112.56946593885719,0.613124668598175
Stookey,0714,393,643,40.19796623274291,-112.47945039508323,0.9670903086662292
Stookey,0714,668,509,40.12378311635655,-112.52675268083112,0.8901111483573914
Stookey,0714,443,588,40.18447839339993,-112.49886551236781,0.96200031042099
Stookey,0714,329,659,40.21523066710191,-112.47380236096409,0.6602048873901367
Stookey,0714,697,396,40.11596016953762,-112.56664192179761,0.5937870144844055
Stookey,0714,438,629,40.185827177334225,-112.4843924249375,0.5505956411361694
Stookey,0714,629,509,40.13430363104407,-112.52675268083112,0.9561612010002136
Stookey,0714,605,508,40.1407777939287,-112.52710568296357,0.9669380187988281
Stookey,0714,578,562,40.148061227173905,-112.50804356781144,0.7036906480789185
Stookey,0714,334,662,40.213881883167616,-112.47274335456675,0.648518979549408
Stookey,0714,648,523,40.12917825209374,-112.52181065097686,0.6713117957115173
Stookey,0714,669,399,40.12351335956969,-112.56558291540028,0.930158793926239
Stookey,0714,390,645,40.198775503103484,-112.47874439081835,0.9547744989395142
Stookey,0714,434,630,40.186906204481666,-112.48403942280505,0.948513388633728
Stookey,0714,553,537,40.15480514684539,-112.51686862112261,0.954667866230011
Stookey,0714,377,642,40.202282341332655,-112.47980339721569,0.9384320974349976
Stookey,0714,713,452,40.111644060947874,-112.54687380238059,0.9736776947975159
Stookey,0714,405,431,40.19472915130059,-112.55428684716198,0.9191015362739563
Stookey,0714,414,506,40.192301340218854,-112.52781168722846,0.9605594277381897
Stookey,0714,564,498,40.15183782218993,-112.53063570428803,0.9819336533546448
Stookey,0714,334,510,40.213881883167616,-112.52639967869867,0.880113422870636
Stookey,0714,599,511,40.14239633464985,-112.52604667656622,0.9669482111930847
Stookey,0714,548,398,40.15615393077969,-112.56593591753273,0.953084409236908
Stookey,0714,630,523,40.134033874257206,-112.52181065097686,0.6223499178886414
Stookey,0714,359,460,40.20713796349612,-112.54404978532102,0.8741236329078674
Stookey,0714,681,398,40.12027627812738,-112.56593591753273,0.8406210541725159
Stookey,0714,700,469,40.115150899177046,-112.540872766129,0.9783926606178284
Stookey,0714,349,576,40.20983553136472,-112.50310153795718,0.9908428192138672
Stookey,0714,304,544,40.2219745867734,-112.51439760619547,0.8905072808265686
Stookey,0714,376,520,40.20255209811951,-112.5228696573742,0.9568602442741394
Stookey,0714,373,488,40.203361368480095,-112.53416572561251,0.9037209153175354
Stookey,0714,682,512,40.120006521340514,-112.52569367443378,0.865433394908905
Stookey,0714,720,410,40.10975576343986,-112.56169989194336,0.8425294756889343
Stookey,0714,305,564,40.221704829986535,-112.50733756354654,0.9495145678520203
Stookey,0714,715,496,40.111104547374154,-112.53134170855293,0.5422641038894653
Stookey,0714,436,555,40.186366690907946,-112.51051458273857,0.9898544549942017
Stookey,0714,403,646,40.19526866487431,-112.47839138868589,0.9582222700119019
Stookey,0714,309,529,40.2206258028391,-112.51969263818218,0.8335522413253784
Stookey,0714,333,626,40.21415163995447,-112.48545143133484,0.9521965384483337
Stookey,0714,556,560,40.15399587648481,-112.50874957207633,0.8921155333518982
Stookey,0714,413,417,40.19257109700571,-112.55922887701624,0.7625192403793335
Stookey,0714,677,401,40.12135530527481,-112.56487691113539,0.9467912316322327
Stookey,0714,708,503,40.11299284488217,-112.5288706936258,0.738204300403595
Stookey,0714,409,610,40.19365012415315,-112.49109946545398,0.9832130670547485
Stookey,0714,544,503,40.15723295792712,-112.5288706936258,0.9769980311393738
Stookey,0714,593,518,40.144014875371006,-112.5235756616391,0.8665568828582764
Stookey,0714,546,540,40.15669344435341,-112.51580961472527,0.9544958472251892
Stookey,0714,512,398,40.165865175106624,-112.56593591753273,0.9523124694824219
Stookey,0714,645,506,40.129987522454314,-112.52781168722846,0.9545835256576538
Stookey,0714,369,467,40.20444039562753,-112.54157877039388,0.9667773246765137
Stookey,0714,337,516,40.21307261280703,-112.524281665904,0.9158300161361694
Stookey,0714,418,501,40.191222313071414,-112.52957669789069,0.9533334970474243
Stookey,0714,481,408,40.17422763549927,-112.56240589620826,0.9565287828445435
Stookey,0714,740,457,40.10436062770267,-112.54510879171836,0.8834218978881836
Stookey,0714,433,652,40.18717596126852,-112.47627337589121,0.7912843227386475
Stookey,0714,423,465,40.18987352913712,-112.54228477465878,0.8226550817489624
Stookey,0714,398,639,40.19661744880861,-112.48086240361303,0.9761279821395874
Stookey,0714,339,636,40.21253309923331,-112.48192141001037,0.9220240712165833
Stookey,0714,525,391,40.16235833687745,-112.56840693245985,0.9538994431495667
Stookey,0714,417,615,40.19149206985828,-112.48933445479175,0.9889837503433228
Stookey,0714,542,561,40.15777247150084,-112.50839656994388,0.9078406095504761
Stookey,0714,462,410,40.1793530144496,-112.56169989194336,0.9879119396209717
Stookey,0714,409,555,40.19365012415315,-112.51051458273857,0.9802541732788086
Stookey,0714,614,515,40.13834998284696,-112.52463466803644,0.9530063271522522
Stookey,0714,546,518,40.15669344435341,-112.5235756616391,0.968367338180542
Stookey,0714,323,516,40.21684920782307,-112.524281665904,0.7691676616668701
Stookey,0714,338,523,40.212802856020176,-112.52181065097686,0.9602894186973572
Stookey,0714,523,392,40.162897850451174,-112.56805393032741,0.9489015340805054
Stookey,0714,342,541,40.211723828872735,-112.51545661259281,0.9792223572731018
Stookey,0714,726,463,40.108137222718696,-112.54299077892368,0.954083263874054
Stookey,0714,564,496,40.15183782218993,-112.53134170855293,0.9821785092353821
Stookey,0714,347,500,40.21037504493844,-112.52992970002315,0.8853159546852112
Stookey,0714,418,645,40.191222313071414,-112.47874439081835,0.9609277844429016
Stookey,0714,421,455,40.19041304271084,-112.54581479598325,0.9715067744255066
Stookey,0714,387,637,40.19958477346406,-112.48156840787792,0.9664478302001953
Stookey,0714,508,581,40.166944202254065,-112.50133652729494,0.5120749473571777
Stookey,0714,349,649,40.20983553136472,-112.47733238228855,0.6608649492263794
Stookey,0714,500,406,40.16910225654894,-112.56311190047315,0.964171290397644
Stookey,0714,602,515,40.141587064289276,-112.52463466803644,0.9536342620849609
Stookey,0714,666,499,40.12432262993027,-112.53028270215559,0.9592096209526062
Stookey,0714,324,523,40.21657945103621,-112.52181065097686,0.96978360414505
Stookey,0714,422,613,40.19014328592398,-112.49004045905664,0.9885441064834595
Stookey,0714,325,524,40.21630969424935,-112.52145764884442,0.9753492474555969
Stookey,0714,691,476,40.11757871025878,-112.53840175120187,0.9624122381210327
Stookey,0714,370,439,40.20417063884067,-112.55146283010241,0.6790174841880798
Stookey,0714,740,438,40.10436062770267,-112.55181583223485,0.90378338098526
Stookey,0714,658,499,40.12648068422514,-112.53028270215559,0.9547180533409119
Stookey,0714,367,545,40.20497990920125,-112.51404460406303,0.9643524885177612
Stookey,0714,403,664,40.19526866487431,-112.47203735030186,0.6569297909736633
Stookey,0714,392,523,40.19823598952976,-112.52181065097686,0.9624521136283875
Stookey,0714,475,523,40.175846176220425,-112.52181065097686,0.9776046276092529
Stookey,0714,405,507,40.19472915130059,-112.52745868509601,0.9525532722473145
Stookey,0714,691,484,40.11757871025878,-112.5355777341423,0.9232833981513977
Stookey,0714,507,389,40.16721395904092,-112.56911293672475,0.7243820428848267
Stookey,0714,370,467,40.20417063884067,-112.54157877039388,0.9678468704223633
Stookey,0714,675,402,40.12189481884853,-112.56452390900294,0.9517636299133301
Stookey,0714,456,598,40.18097155517076,-112.49533549104335,0.9420943856239319
Stookey,0714,376,535,40.20255209811951,-112.5175746253875,0.9629209041595459
Stookey,0714,711,463,40.112183574521595,-112.54299077892368,0.9649395942687988
Stookey,0714,358,536,40.20740772028299,-112.51722162325505,0.9687414169311523
Stookey,0714,487,578,40.17260909477811,-112.50239553369228,0.770245373249054
Stookey,0714,511,517,40.16613493189349,-112.52392866377154,0.9696706533432007
Stookey,0714,382,457,40.20093355739836,-112.54510879171836,0.9779770374298096
Stookey,0714,392,457,40.19823598952976,-112.54510879171836,0.974737823009491
Stookey,0714,351,483,40.209296017791004,-112.53593073627474,0.8196932077407837
Stookey,0714,594,514,40.14374511858415,-112.52498767016888,0.9537087082862854
Stookey,0714,528,562,40.161549066516876,-112.50804356781144,0.926619291305542
Stookey,0714,732,458,40.10651868199754,-112.5447557895859,0.9545778632164001
Stookey,0714,340,550,40.212263342446455,-112.5122795934008,0.997077226638794
Stookey,0714,647,516,40.1294480088806,-112.524281665904,0.9465150237083435
Stookey,0714,406,502,40.19445939451373,-112.52922369575825,0.8724405169487
Stookey,0714,429,633,40.18825498841596,-112.48298041640771,0.9571987986564636
Stookey,0714,519,398,40.16397687759861,-112.56593591753273,0.9549227356910706
Stookey,0714,331,646,40.21469115352819,-112.47839138868589,0.7923402190208435
Stookey,0714,335,509,40.21361212638075,-112.52675268083112,0.8698688745498657
Stookey,0714,738,420,40.10490014127639,-112.5581698706189,0.8060728907585144
Stookey,0714,386,508,40.19985453025092,-112.52710568296357,0.9613796472549438
Stookey,0714,578,553,40.148061227173905,-112.51122058700346,0.5146844387054443
Stookey,0714,547,537,40.156423687566544,-112.51686862112261,0.9570090174674988
Stookey,0714,473,400,40.176385689794145,-112.56522991326783,0.8470927476882935
Stookey,0714,408,437,40.19391988094001,-112.5521688343673,0.9725143909454346
Stookey,0714,719,426,40.11002552022671,-112.55605185782422,0.9719482064247131
Stookey,0714,739,430,40.104630384489525,-112.55463984929442,0.9393407106399536
Stookey,0714,667,481,40.124052873143405,-112.53663674053963,0.9681876301765442
Stookey,0714,413,434,40.19257109700571,-112.55322784076463,0.9774014949798584
Stookey,0714,348,491,40.21010528815158,-112.53310671921517,0.7917914390563965
Stookey,0714,393,468,40.19796623274291,-112.54122576826144,0.9629442691802979
Stookey,0714,563,581,40.152107578976796,-112.50133652729494,0.6505041122436523
Stookey,0714,402,660,40.19553842166117,-112.47344935883164,0.7282171845436096
Stookey,0714,436,631,40.186366690907946,-112.4836864206726,0.8507646322250366
Stookey,0714,547,499,40.156423687566544,-112.53028270215559,0.9784975647926331
Stookey,0714,571,518,40.149949524681915,-112.5235756616391,0.9489149451255798
Stookey,0714,419,642,40.19095255628456,-112.47980339721569,0.9572158455848694
Stookey,0714,420,604,40.1906827994977,-112.49321747824867,0.9827262163162231
Stookey,0714,549,563,40.155884173992824,-112.50769056567898,0.8639693260192871
Stookey,0714,369,493,40.20444039562753,-112.53240071495027,0.9269212484359741
Stookey,0714,502,403,40.16856274297522,-112.56417090687049,0.965118944644928
Stookey,0714,539,422,40.15858174186142,-112.557463866354,0.9909380078315735
Stookey,0714,666,490,40.12432262993027,-112.53345972134761,0.9546430706977844
Stookey,0714,352,550,40.20902626100414,-112.5122795934008,0.972675621509552
Stookey,0714,428,578,40.18852474520282,-112.50239553369228,0.9919022917747498
Stookey,0714,493,577,40.17099055405696,-112.50274853582474,0.9175993204116821
Stookey,0714,314,648,40.219277018904805,-112.47768538442101,0.579649806022644
Stookey,0714,509,561,40.16667444546721,-112.50839656994388,0.9544028043746948
Stookey,0714,416,421,40.191761826645134,-112.55781686848644,0.9687151312828064
Stookey,0714,429,648,40.18825498841596,-112.47768538442101,0.9301977157592773
Stookey,0714,498,402,40.16964177012266,-112.56452390900294,0.9187621474266052
Stookey,0714,560,540,40.15291684933737,-112.51580961472527,0.9521965384483337
Stookey,0714,690,489,40.11784846704564,-112.53381272348005,0.8908810615539551
Stookey,0714,537,530,40.15912125543514,-112.51933963604974,0.9693613648414612
Stookey,0714,414,496,40.192301340218854,-112.53134170855293,0.6309956908226013
Stookey,0714,653,397,40.12782946815944,-112.56628891966517,0.8407657742500305
Stookey,0714,401,531,40.195808178448026,-112.5189866339173,0.9685630798339844
Stookey,0714,317,631,40.21846774854422,-112.4836864206726,0.521040678024292
Stookey,0714,437,476,40.18609693412109,-112.53840175120187,0.9655425548553467
Stookey,0714,725,487,40.10840697950556,-112.53451872774495,0.5423115491867065
Stookey,0714,727,484,40.10786746593184,-112.5355777341423,0.6700799465179443
Stookey,0714,652,509,40.128099224946304,-112.52675268083112,0.9548901319503784
Stookey,0714,729,449,40.10732795235812,-112.54793280877793,0.961614727973938
Stookey,0714,687,479,40.11865773740622,-112.53734274480453,0.9590936303138733
Stookey,0714,377,510,40.202282341332655,-112.52639967869867,0.9666261076927185
Stookey,0714,672,403,40.12270408920911,-112.56417090687049,0.9572118520736694
Stookey,0714,347,511,40.21037504493844,-112.52604667656622,0.9537428617477417
Stookey,0714,479,530,40.17476714907299,-112.51933963604974,0.9740396738052368
Stookey,0714,392,535,40.19823598952976,-112.5175746253875,0.969045877456665
Stookey,0714,426,476,40.18906425877654,-112.53840175120187,0.9121479988098145
Stookey,0714,393,635,40.19796623274291,-112.48227441214281,0.9851804375648499
Stookey,0714,645,517,40.129987522454314,-112.52392866377154,0.9412813782691956
Stookey,0714,541,561,40.158042228287705,-112.50839656994388,0.9141871929168701
Stookey,0714,371,545,40.20390088205381,-112.51404460406303,0.9625743627548218
Stookey,0714,698,493,40.115690412750766,-112.53240071495027,0.697955846786499
Stookey,0714,397,481,40.196887205595466,-112.53663674053963,0.9084627628326416
Stookey,0714,709,399,40.11272308809531,-112.56558291540028,0.8054571747779846
Stookey,0714,483,399,40.17368812192555,-112.56558291540028,0.6605998873710632
Stookey,0714,563,576,40.152107578976796,-112.50310153795718,0.6708141565322876
Stookey,0714,387,655,40.19958477346406,-112.47521436949387,0.6288788914680481
Stookey,0714,540,557,40.15831198507456,-112.50980857847367,0.9474107623100281
Stookey,0714,422,493,40.19014328592398,-112.53240071495027,0.7496501207351685
Stookey,0714,441,610,40.18501790697365,-112.49109946545398,0.7384023070335388
Stookey,0714,453,408,40.181780825531334,-112.56240589620826,0.9861791729927063
Stookey,0714,379,652,40.201742827758935,-112.47627337589121,0.7234665751457214
Stookey,0714,705,489,40.11380211524275,-112.53381272348005,0.7890210747718811
Stookey,0714,326,603,40.21603993746249,-112.49357048038111,0.967978835105896
Stookey,0714,616,545,40.13781046927324,-112.51404460406303,0.5030319690704346
Stookey,0714,555,525,40.15426563327167,-112.52110464671198,0.9536097645759583
Stookey,0714,696,400,40.116229926324486,-112.56522991326783,0.8619484305381775
Stookey,0714,317,602,40.21846774854422,-112.49392348251357,0.9547657370567322
Stookey,0714,650,395,40.12863873852002,-112.56699492393007,0.7319268584251404
Stookey,0714,398,450,40.19661744880861,-112.54757980664549,0.9601964354515076
Stookey,0714,500,416,40.16910225654894,-112.55958187914868,0.9894996881484985
Stookey,0714,438,492,40.185827177334225,-112.53275371708271,0.9589061141014099
Stookey,0714,549,415,40.155884173992824,-112.55993488128112,0.9827457070350647
Stookey,0714,711,443,40.112183574521595,-112.55005082157261,0.9826119542121887
Stookey,0714,521,383,40.163437364024894,-112.57123094951943,0.7603654861450195
Stookey,0714,437,553,40.18609693412109,-112.51122058700346,0.9925466179847717
Stookey,0714,639,518,40.131606063175475,-112.5235756616391,0.9321950674057007
Stookey,0714,359,464,40.20713796349612,-112.54263777679122,0.8406035304069519
Stookey,0714,404,513,40.19499890808745,-112.52534067230134,0.9571189284324646
Stookey,0714,726,426,40.108137222718696,-112.55605185782422,0.9699802994728088
Stookey,0714,340,539,40.212263342446455,-112.51616261685771,0.9882920384407043
Stookey,0714,409,608,40.19365012415315,-112.49180546971888,0.983744204044342
Stookey,0714,377,524,40.202282341332655,-112.52145764884442,0.9662742614746094
Stookey,0714,564,402,40.15183782218993,-112.56452390900294,0.9422430396080017
Stookey,0714,567,499,40.151028551829356,-112.53028270215559,0.9860683083534241
Stookey,0714,662,396,40.1254016570777,-112.56664192179761,0.896058976650238
Stookey,0714,419,662,40.19095255628456,-112.47274335456675,0.6814061403274536
Stookey,0714,320,633,40.217658478183644,-112.48298041640771,0.6916157007217407
Stookey,0714,371,528,40.20390088205381,-112.52004564031463,0.9593142867088318
Stookey,0714,384,446,40.20039404382464,-112.54899181517527,0.9345417022705078
Stookey,0714,372,482,40.20363112526695,-112.53628373840719,0.8973894715309143
Stookey,0714,717,473,40.110565033800434,-112.5394607575992,0.9585850238800049
Stookey,0714,399,550,40.196347692021746,-112.5122795934008,0.9838430285453796
Stookey,0714,323,523,40.21684920782307,-112.52181065097686,0.9698128700256348
Stookey,0714,534,560,40.159930525795716,-112.50874957207633,0.9376669526100159
Stookey,0714,393,523,40.19796623274291,-112.52181065097686,0.9621219038963318
Stookey,0714,330,662,40.21496091031505,-112.47274335456675,0.6287370324134827
Stookey,0714,549,554,40.155884173992824,-112.51086758487101,0.945195198059082
Stookey,0714,400,515,40.19607793523489,-112.52463466803644,0.9609248042106628
Stookey,0714,667,493,40.124052873143405,-112.53240071495027,0.9544610977172852
Stookey,0714,560,497,40.15291684933737,-112.53098870642049,0.9785072207450867
Stookey,0714,499,412,40.1693720133358,-112.56099388767846,0.9824836254119873
Stookey,0714,383,641,40.2006638006115,-112.48015639934813,0.9559866189956665
Stookey,0714,436,626,40.186366690907946,-112.48545143133484,0.924985408782959
Stookey,0714,339,544,40.21253309923331,-112.51439760619547,0.9975551962852478
Stookey,0714,390,447,40.198775503103484,-112.54863881304283,0.9496736526489258
Stookey,0714,422,632,40.19014328592398,-112.48333341854016,0.9612340927124023
Stookey,0714,705,484,40.11380211524275,-112.5355777341423,0.9472840428352356
Stookey,0714,498,574,40.16964177012266,-112.50380754222208,0.8813465237617493
Stookey,0714,358,531,40.20740772028299,-112.5189866339173,0.9709034562110901
Stookey,0714,401,513,40.195808178448026,-112.52534067230134,0.9601854681968689
Stookey,0714,300,551,40.22305361392083,-112.51192659126835,0.6817383766174316
Stookey,0714,404,617,40.19499890808745,-112.48862845052686,0.997428297996521
Stookey,0714,335,540,40.21361212638075,-112.51580961472527,0.9983550310134888
Stookey,0714,514,395,40.165325661532904,-112.56699492393007,0.953748345375061
Stookey,0714,588,520,40.1453636593053,-112.5228696573742,0.743701696395874
Stookey,0714,565,562,40.151568065403076,-112.50804356781144,0.9321497678756714
Stookey,0714,308,551,40.22089555962596,-112.51192659126835,0.9421840906143188
Stookey,0714,498,572,40.16964177012266,-112.50451354648696,0.9284005761146545
Stookey,0714,646,522,40.12971776566746,-112.52216365310932,0.6913914680480957
Stookey,0714,329,535,40.21523066710191,-112.5175746253875,0.9943370819091797
Stookey,0714,415,584,40.192031583432,-112.5002775208976,0.9966195225715637
Stookey,0714,455,597,40.18124131195761,-112.49568849317579,0.9524562358856201
Stookey,0714,659,497,40.12621092743829,-112.53098870642049,0.9572222828865051
Stookey,0714,341,644,40.2119935856596,-112.47909739295079,0.697260856628418
Stookey,0714,429,405,40.18825498841596,-112.5634649026056,0.9581971168518066
Stookey,0714,391,638,40.19850574631662,-112.48121540574547,0.9660983681678772
Stookey,0714,470,579,40.17719496015472,-112.50204253155984,0.8570230007171631
Stookey,0714,398,497,40.19661744880861,-112.53098870642049,0.8692574501037598
Stookey,0714,449,410,40.182859852678774,-112.56169989194336,0.9880305528640747
Stookey,0714,389,484,40.19904525989034,-112.5355777341423,0.9173792004585266
Stookey,0714,413,651,40.19257109700571,-112.47662637802367,0.893239438533783
Stookey,0714,324,525,40.21657945103621,-112.52110464671198,0.9749158620834351
Stookey,0714,478,563,40.17503690585985,-112.50769056567898,0.9725133180618286
Stookey,0714,669,488,40.12351335956969,-112.53416572561251,0.9539691805839539
Stookey,0714,732,437,40.10651868199754,-112.5521688343673,0.9682043790817261
Stookey,0714,375,499,40.202821854906375,-112.53028270215559,0.9560815691947937
Stookey,0714,496,524,40.17018128369638,-112.52145764884442,0.9675185084342957
Stookey,0714,423,505,40.18987352913712,-112.5281646893609,0.9692679047584534
Stookey,0714,733,439,40.106248925210686,-112.55146283010241,0.9671939611434937
Stookey,0714,382,531,40.20093355739836,-112.5189866339173,0.9640361666679382
Stookey,0714,543,502,40.157502714713985,-112.52922369575825,0.9806095361709595
Stookey,0714,463,575,40.17908325766274,-112.50345454008962,0.9243646264076233
Stookey,0714,423,660,40.18987352913712,-112.47344935883164,0.7276952266693115
Stookey,0714,730,484,40.10705819557126,-112.5355777341423,0.5364991426467896
Stookey,0714,365,507,40.20551942277497,-112.52745868509601,0.9543616771697998
Stookey,0714,433,644,40.18717596126852,-112.47909739295079,0.9479179978370667
Stookey,0714,480,513,40.17449739228613,-112.52534067230134,0.9843267202377319
Stookey,0714,367,513,40.20497990920125,-112.52534067230134,0.957979679107666
Stookey,0714,546,409,40.15669344435341,-112.5620528940758,0.9776093363761902
Stookey,0714,409,554,40.19365012415315,-112.51086758487101,0.9813783168792725
Stookey,0714,375,528,40.202821854906375,-112.52004564031463,0.9635084867477417
Stookey,0714,490,528,40.17179982441753,-112.52004564031463,0.9618558287620544
Stookey,0714,476,571,40.17557641943357,-112.50486654861942,0.9687072038650513
Stookey,0714,574,503,40.14914025432134,-112.5288706936258,0.9724336862564087
Stookey,0714,704,503,40.114071872029605,-112.5288706936258,0.7663201689720154
Stookey,0714,356,492,40.20794723385671,-112.53275371708271,0.9196850657463074
Stookey,0714,437,584,40.18609693412109,-112.5002775208976,0.9833914041519165
Stookey,0714,532,545,40.160470039369436,-112.51404460406303,0.9637644290924072
Stookey,0714,571,516,40.149949524681915,-112.524281665904,0.9542436599731445
Stookey,0714,359,647,40.20713796349612,-112.47803838655345,0.6767292022705078
Stookey,0714,427,397,40.18879450198968,-112.56628891966517,0.6767193675041199
Stookey,0714,353,501,40.208756504217284,-112.52957669789069,0.9431649446487427
Stookey,0714,508,573,40.166944202254065,-112.50416054435452,0.8549418449401855
Stookey,0714,536,388,40.159391012222,-112.56946593885719,0.9475996494293213
Stookey,0714,549,399,40.155884173992824,-112.56558291540028,0.9535955786705017
Stookey,0714,418,659,40.191222313071414,-112.47380236096409,0.8604222536087036
Stookey,0714,562,397,40.15237733576365,-112.56628891966517,0.8617001175880432
Stookey,0714,492,412,40.17126031084381,-112.56099388767846,0.976285994052887
Stookey,0714,478,568,40.17503690585985,-112.50592555501676,0.9687818884849548
Stookey,0714,640,511,40.13133630638861,-112.52604667656622,0.9556094408035278
Stookey,0714,426,486,40.18906425877654,-112.5348717298774,0.5667417645454407
Stookey,0714,413,449,40.19257109700571,-112.54793280877793,0.9729980826377869
Stookey,0714,416,652,40.191761826645134,-112.47627337589121,0.9430775046348572
Stookey,0714,528,532,40.161549066516876,-112.51863363178484,0.953678548336029
Stookey,0714,421,498,40.19041304271084,-112.53063570428803,0.9495870471000671
Stookey,0714,717,457,40.110565033800434,-112.54510879171836,0.964385449886322
Stookey,0714,330,618,40.21496091031505,-112.4882754483944,0.9527791738510132
Stookey,0714,673,505,40.12243433242225,-112.5281646893609,0.9091103076934814
Stookey,0714,382,484,40.20093355739836,-112.5355777341423,0.9174084067344666
Stookey,0714,506,529,40.167483715827785,-112.51969263818218,0.9543585181236267
Stookey,0714,359,471,40.20713796349612,-112.5401667618641,0.8273475766181946
Stookey,0714,601,523,40.14185682107613,-112.52181065097686,0.7061188817024231
Stookey,0714,712,413,40.11191381773473,-112.56064088554602,0.9567216634750366
Stookey,0714,627,395,40.13484314461779,-112.56699492393007,0.6809318661689758
Stookey,0714,566,524,40.15129830861621,-112.52145764884442,0.9521965384483337
Stookey,0714,545,531,40.156963201140265,-112.5189866339173,0.9672605991363525
Stookey,0714,724,471,40.108676736292416,-112.5401667618641,0.9476794004440308
Stookey,0714,362,647,40.206328693135546,-112.47803838655345,0.6907179355621338
Stookey,0714,546,559,40.15669344435341,-112.50910257420878,0.9132333993911743
Stookey,0714,695,503,40.11649968311134,-112.5288706936258,0.8235132098197937
Stookey,0714,326,609,40.21603993746249,-112.49145246758643,0.9583320617675781
Stookey,0714,448,619,40.18312960946563,-112.48792244626196,0.8431744575500488
Stookey,0714,629,401,40.13430363104407,-112.56487691113539,0.9432259202003479
Stookey,0714,714,519,40.11137430416101,-112.52322265950666,0.6853277087211609
Stookey,0714,304,597,40.2219745867734,-112.49568849317579,0.6469679474830627
Stookey,0714,459,608,40.18016228481018,-112.49180546971888,0.9023131728172302
Stookey,0714,362,483,40.206328693135546,-112.53593073627474,0.8222090005874634
Stookey,0714,398,432,40.19661744880861,-112.55393384502953,0.7384125590324402
Stookey,0714,388,664,40.199315016677204,-112.47203735030186,0.5845755934715271
Stookey,0714,545,395,40.156963201140265,-112.56699492393007,0.9575586915016174
Stookey,0714,329,634,40.21523066710191,-112.48262741427526,0.8792101740837097
Stookey,0714,387,489,40.19958477346406,-112.53381272348005,0.932619035243988
Stookey,0714,340,533,40.212263342446455,-112.5182806296524,0.9710070490837097
Stookey,0714,386,482,40.19985453025092,-112.53628373840719,0.9363714456558228
Stookey,0714,430,492,40.187985231629106,-112.53275371708271,0.9434730410575867
Stookey,0714,554,535,40.15453539005853,-112.5175746253875,0.9560497403144836
Stookey,0714,689,523,40.1181182238325,-112.52181065097686,0.6615152955055237
Stookey,0714,543,571,40.157502714713985,-112.50486654861942,0.7022225856781006
Stookey,0714,375,493,40.202821854906375,-112.53240071495027,0.9340224862098694
Stookey,0714,714,408,40.11137430416101,-112.56240589620826,0.9500033259391785
Stookey,0714,386,543,40.19985453025092,-112.51475060832793,0.9774993062019348
Stookey,0714,576,507,40.14860074074762,-112.52745868509601,0.9605218768119812
Stookey,0714,433,584,40.18717596126852,-112.5002775208976,0.9913927912712097
Stookey,0714,679,505,40.1208157917011,-112.5281646893609,0.8804938197135925
Stookey,0714,442,493,40.18474815018679,-112.53240071495027,0.9635728597640991
Stookey,0714,423,457,40.18987352913712,-112.54510879171836,0.960868239402771
Stookey,0714,428,489,40.18852474520282,-112.53381272348005,0.9127500653266907
Stookey,0714,712,473,40.11191381773473,-112.5394607575992,0.9587168097496033
Stookey,0714,355,529,40.208216990643564,-112.51969263818218,0.9647131562232971
Stookey,0714,355,532,40.208216990643564,-112.51863363178484,0.9673086404800415
Stookey,0714,405,456,40.19472915130059,-112.5454617938508,0.9188014268875122
Stookey,0714,557,531,40.15372611969795,-112.5189866339173,0.9553048014640808
Stookey,0714,454,570,40.18151106874448,-112.50521955075186,0.9639304280281067
Stookey,0714,503,574,40.16829298618836,-112.50380754222208,0.8292638063430786
Stookey,0714,349,512,40.20983553136472,-112.52569367443378,0.9549907445907593
Stookey,0714,671,483,40.12297384599597,-112.53593073627474,0.96028733253479
Stookey,0714,739,414,40.104630384489525,-112.56028788341358,0.5967791676521301
Stookey,0714,726,479,40.108137222718696,-112.53734274480453,0.8038673400878906
Stookey,0714,485,565,40.17314860835183,-112.5069845614141,0.9667630195617676
Stookey,0714,367,539,40.20497990920125,-112.51616261685771,0.9630756378173828
Stookey,0714,508,539,40.166944202254065,-112.51616261685771,0.9503077864646912
Stookey,0714,398,478,40.19661744880861,-112.53769574693698,0.8774995803833008
Stookey,0714,546,512,40.15669344435341,-112.52569367443378,0.968521237373352
Stookey,0714,735,427,40.105709411636965,-112.55569885569176,0.9350089430809021
Stookey,0714,308,615,40.22089555962596,-112.48933445479175,0.5666192173957825
Stookey,0714,328,538,40.21550042388877,-112.51651561899016,0.997367799282074
Stookey,0714,362,641,40.206328693135546,-112.48015639934813,0.9375049471855164
Stookey,0714,544,556,40.15723295792712,-112.51016158060612,0.9431452751159668
Stookey,0714,339,540,40.21253309923331,-112.51580961472527,0.9915638566017151
Stookey,0714,536,564,40.159391012222,-112.50733756354654,0.8377904891967773
Stookey,0714,457,399,40.1807017983839,-112.56558291540028,0.8257190585136414
Stookey,0714,540,395,40.15831198507456,-112.56699492393007,0.9566941261291504
Stookey,0714,520,536,40.16370712081175,-112.51722162325505,0.9416707754135132
Stookey,0714,718,428,40.11029527701358,-112.55534585355932,0.9792850613594055
Stookey,0714,367,523,40.20497990920125,-112.52181065097686,0.9607304930686951
Stookey,0714,672,472,40.12270408920911,-112.53981375973166,0.9762944579124451
Stookey,0714,398,644,40.19661744880861,-112.47909739295079,0.9738914966583252
Stookey,0714,542,532,40.15777247150084,-112.51863363178484,0.9654003977775574
Stookey,0714,717,423,40.110565033800434,-112.55711086422156,0.9797992706298828
Stookey,0714,730,485,40.10705819557126,-112.53522473200985,0.5150413513183594
Stookey,0714,503,406,40.16829298618836,-112.56311190047315,0.9668759107589722
Stookey,0714,444,595,40.18420863661307,-112.49639449744069,0.9625859260559082
Stookey,0714,312,617,40.21981653247852,-112.48862845052686,0.7914802432060242
Stookey,0714,533,535,40.16020028258258,-112.5175746253875,0.9562879204750061
Stookey,0714,570,522,40.15021928146878,-112.52216365310932,0.9494814276695251
Stookey,0714,342,516,40.211723828872735,-112.524281665904,0.9523563981056213
Stookey,0714,549,520,40.155884173992824,-112.5228696573742,0.9615545272827148
Stookey,0714,708,506,40.11299284488217,-112.52781168722846,0.5087829828262329
Stookey,0714,439,604,40.18555742054737,-112.49321747824867,0.9442310929298401
Stookey,0714,345,544,40.21091455851216,-112.51439760619547,0.984528124332428
Stookey,0714,461,398,40.17962277123646,-112.56593591753273,0.5202769041061401
Stookey,0714,493,522,40.17099055405696,-112.52216365310932,0.9737135171890259
Stookey,0714,354,467,40.20848674743042,-112.54157877039388,0.6247928142547607
Stookey,0714,516,386,40.16478614795919,-112.57017194312209,0.84103924036026
Stookey,0714,682,501,40.120006521340514,-112.52957669789069,0.9173717498779297
Stookey,0714,355,483,40.208216990643564,-112.53593073627474,0.8136412501335144
Stookey,0714,483,546,40.17368812192555,-112.51369160193059,0.9811459183692932
Stookey,0714,308,550,40.22089555962596,-112.5122795934008,0.9453474283218384
Stookey,0714,725,468,40.10840697950556,-112.54122576826144,0.9539505839347839
Stookey,0714,441,492,40.18501790697365,-112.53275371708271,0.9631282687187195
Stookey,0714,721,426,40.109486006653,-112.55605185782422,0.9689052104949951
Stookey,0714,403,456,40.19526866487431,-112.5454617938508,0.9105269908905029
Stookey,0714,665,501,40.124592386717126,-112.52957669789069,0.9579492807388306
Stookey,0714,311,525,40.22008628926538,-112.52110464671198,0.6522915959358215
Stookey,0714,564,532,40.15183782218993,-112.51863363178484,0.9518052339553833
Stookey,0714,651,528,40.12836898173316,-112.52004564031463,0.5410236716270447
Stookey,0714,331,640,40.21469115352819,-112.48050940148057,0.8424074053764343
Stookey,0714,475,516,40.175846176220425,-112.524281665904,0.984082043170929
Stookey,0714,394,650,40.19769647595604,-112.47697938015611,0.8868337869644165
Stookey,0714,573,559,40.1494100111082,-112.50910257420878,0.5247395634651184
Stookey,0714,630,509,40.134033874257206,-112.52675268083112,0.9550819993019104
Stookey,0714,427,612,40.18879450198968,-112.49039346118909,0.9885719418525696
Stookey,0714,483,543,40.17368812192555,-112.51475060832793,0.9812744855880737
Stookey,0714,546,571,40.15669344435341,-112.50486654861942,0.7504899501800537
Stookey,0714,569,555,40.150489038255635,-112.51051458273857,0.9037699103355408
Stookey,0714,404,433,40.19499890808745,-112.55358084289708,0.9237793684005737
Stookey,0714,584,515,40.146442686452744,-112.52463466803644,0.8685104846954346
Stookey,0714,555,400,40.15426563327167,-112.56522991326783,0.9521965384483337
Stookey,0714,542,569,40.15777247150084,-112.5055725528843,0.6844174861907959
Stookey,0714,600,519,40.142126577862996,-112.52322265950666,0.8864493370056152
Stookey,0714,379,518,40.201742827758935,-112.5235756616391,0.9617090821266174
Stookey,0714,709,470,40.11272308809531,-112.54051976399654,0.9589843153953552
Stookey,0714,406,615,40.19445939451373,-112.48933445479175,0.9930108189582825
Stookey,0714,357,550,40.20767747706984,-112.5122795934008,0.9706199765205383
Stookey,0714,641,508,40.131066549601755,-112.52710568296357,0.9539411067962646
Stookey,0714,561,523,40.15264709255051,-112.52181065097686,0.9527138471603394
Stookey,0714,403,656,40.19526866487431,-112.47486136736143,0.7932257056236267
Stookey,0714,671,485,40.12297384599597,-112.53522473200985,0.9592198133468628
Stookey,0714,341,663,40.2119935856596,-112.4723903524343,0.547146737575531
Stookey,0714,452,568,40.1820505823182,-112.50592555501676,0.9635851383209229
Stookey,0714,701,397,40.11488114239019,-112.56628891966517,0.7518119215965271
Stookey,0714,565,546,40.151568065403076,-112.51369160193059,0.9521055817604065
Stookey,0714,446,602,40.18366912303935,-112.49392348251357,0.9408197999000549
Stookey,0714,483,576,40.17368812192555,-112.50310153795718,0.8717593550682068
Stookey,0714,536,532,40.159391012222,-112.51863363178484,0.9652028679847717
Stookey,0714,400,482,40.19607793523489,-112.53628373840719,0.5434456467628479
Stookey,0714,428,596,40.18852474520282,-112.49604149530825,0.9973219633102417
Stookey,0714,308,527,40.22089555962596,-112.52039864244708,0.5652928948402405
Stookey,0714,673,473,40.12243433242225,-112.5394607575992,0.9733780026435852
Stookey,0714,489,567,40.1720695812044,-112.5062785571492,0.9594695568084717
Stookey,0714,550,538,40.15561441720597,-112.51651561899016,0.9554486870765686
Stookey,0714,710,515,40.11245333130845,-112.52463466803644,0.6808937788009644
Stookey,0714,373,434,40.203361368480095,-112.55322784076463,0.6702697277069092
Stookey,0714,545,415,40.156963201140265,-112.55993488128112,0.9829229116439819
Stookey,0714,408,635,40.19391988094001,-112.48227441214281,0.9809798002243042
Stookey,0714,445,611,40.18393887982621,-112.49074646332154,0.7379862070083618
Stookey,0714,303,577,40.222244343560256,-112.50274853582474,0.9600247740745544
Stookey,0714,355,521,40.208216990643564,-112.52251665524176,0.9607974886894226
Stookey,0714,422,409,40.19014328592398,-112.5620528940758,0.8994565010070801
Stookey,0714,393,654,40.19796623274291,-112.47556737162633,0.6173943281173706
Stookey,0714,303,562,40.222244343560256,-112.50804356781144,0.907900333404541
Stookey,0714,480,571,40.17449739228613,-112.50486654861942,0.9596773982048035
Stookey,0714,541,553,40.158042228287705,-112.51122058700346,0.9574577808380127
Stookey,0714,517,401,40.16451639117233,-112.56487691113539,0.953539252281189
Stookey,0714,420,611,40.1906827994977,-112.49074646332154,0.9859617948532104
Stookey,0714,447,398,40.183399366252495,-112.56593591753273,0.927351713180542
Stookey,0714,478,518,40.17503690585985,-112.5235756616391,0.9744313359260559
Stookey,0714,457,575,40.1807017983839,-112.50345454008962,0.9335426688194275
Stookey,0714,708,514,40.11299284488217,-112.52498767016888,0.6700794696807861
Stookey,0714,365,648,40.20551942277497,-112.47768538442101,0.7257326245307922
Stookey,0714,405,568,40.19472915130059,-112.50592555501676,0.9865107536315918
Stookey,0714,298,571,40.22359312749455,-112.50486654861942,0.7370323538780212
Stookey,0714,367,515,40.20497990920125,-112.52463466803644,0.9589731097221375
Stookey,0714,651,517,40.12836898173316,-112.52392866377154,0.9191505312919617
Stookey,0714,578,565,40.148061227173905,-112.5069845614141,0.7657178044319153
Stookey,0714,343,531,40.21145407208588,-112.5189866339173,0.9763582348823547
Stookey,0714,702,505,40.114611385603325,-112.5281646893609,0.7443460822105408
Stookey,0714,491,416,40.17153006763068,-112.55958187914868,0.9798222780227661
Stookey,0714,724,430,40.108676736292416,-112.55463984929442,0.9660828709602356
Stookey,0714,413,594,40.19257109700571,-112.49674749957313,0.9942895174026489
Stookey,0714,592,509,40.14428463215787,-112.52675268083112,0.9686437845230103
Stookey,0714,401,659,40.195808178448026,-112.47380236096409,0.7353264093399048
Stookey,0714,400,640,40.19607793523489,-112.48050940148057,0.9791654348373413
Stookey,0714,352,493,40.20902626100414,-112.53240071495027,0.9269746541976929
Stookey,0714,322,609,40.217118964609924,-112.49145246758643,0.9535386562347412
Stookey,0714,552,498,40.15507490363225,-112.53063570428803,0.9789956212043762
Stookey,0714,569,537,40.150489038255635,-112.51686862112261,0.9543436765670776
Stookey,0714,562,396,40.15237733576365,-112.56664192179761,0.8289578557014465
Stookey,0714,647,522,40.1294480088806,-112.52216365310932,0.6838314533233643
Stookey,0714,335,519,40.21361212638075,-112.52322265950666,0.9372586011886597
Stookey,0714,672,511,40.12270408920911,-112.52604667656622,0.8221698999404907
Stookey,0714,472,560,40.17665544658101,-112.50874957207633,0.9823942184448242
Stookey,0714,380,528,40.20147307097208,-112.52004564031463,0.9690826535224915
Stookey,0714,369,639,40.20444039562753,-112.48086240361303,0.9306740760803223
Stookey,0714,739,469,40.104630384489525,-112.540872766129,0.7545474171638489
Stookey,0714,360,484,40.20686820670927,-112.5355777341423,0.8112331032752991
Stookey,0714,453,613,40.181780825531334,-112.49004045905664,0.9245041608810425
Stookey,0714,451,623,40.182320339105054,-112.48651043773218,0.6358309388160706
Stookey,0714,361,492,40.20659844992241,-112.53275371708271,0.9057307243347168
Stookey,0714,571,500,40.149949524681915,-112.52992970002315,0.9855250120162964
Stookey,0714,706,463,40.11353235845589,-112.54299077892368,0.9802178144454956
Stookey,0714,378,499,40.2020125845458,-112.53028270215559,0.9538137912750244
Stookey,0714,325,640,40.21630969424935,-112.48050940148057,0.803601861000061
Stookey,0714,567,534,40.151028551829356,-112.51792762751995,0.9535534977912903
Stookey,0714,368,444,40.20471015241439,-112.54969781944017,0.7051142454147339
Stookey,0714,691,489,40.11757871025878,-112.53381272348005,0.8824931383132935
Stookey,0714,550,396,40.15561441720597,-112.56664192179761,0.9530202746391296
Stookey,0714,704,395,40.114071872029605,-112.56699492393007,0.5725948810577393
Stookey,0714,357,506,40.20767747706984,-112.52781168722846,0.9543846249580383
Stookey,0714,311,535,40.22008628926538,-112.5175746253875,0.9075673818588257
Stookey,0714,675,492,40.12189481884853,-112.53275371708271,0.9544158577919006
Stookey,0714,485,560,40.17314860835183,-112.50874957207633,0.9723132252693176
Stookey,0714,619,547,40.137001198912664,-112.51333859979813,0.580350399017334
Stookey,0714,358,526,40.20740772028299,-112.52075164457952,0.9615814685821533
Stookey,0714,580,568,40.147521713600185,-112.50592555501676,0.7860926985740662
Stookey,0714,538,523,40.15885149864828,-112.52181065097686,0.9749320149421692
Stookey,0714,536,535,40.159391012222,-112.5175746253875,0.9572494029998779
Stookey,0714,488,522,40.172339337991254,-112.52216365310932,0.977285623550415
Stookey,0714,549,530,40.155884173992824,-112.51933963604974,0.9603322148323059
Stookey,0714,410,499,40.193380367366295,-112.53028270215559,0.6585751175880432
Stookey,0714,552,540,40.15507490363225,-112.51580961472527,0.9527950286865234
Stookey,0714,425,641,40.189334015563404,-112.48015639934813,0.9553587436676025
Stookey,0714,356,464,40.20794723385671,-112.54263777679122,0.6644411087036133
Stookey,0714,509,559,40.16667444546721,-112.50910257420878,0.9571893811225891
Stookey,0714,391,494,40.19850574631662,-112.53204771281783,0.9370613694190979
Stookey,0714,651,502,40.12836898173316,-112.52922369575825,0.9556703567504883
Stookey,0714,633,521,40.13322460389663,-112.52251665524176,0.7891388535499573
Stookey,0714,581,518,40.14725195681332,-112.5235756616391,0.7766136527061462
Stookey,0714,515,560,40.16505590474605,-112.50874957207633,0.8411219120025635
Stookey,0714,730,473,40.10705819557126,-112.5394607575992,0.8867254257202148
Stookey,0714,392,504,40.19823598952976,-112.52851769149335,0.9502416253089905
Stookey,0714,414,605,40.192301340218854,-112.49286447611622,0.9785500168800354
Stookey,0714,441,402,40.18501790697365,-112.56452390900294,0.9768646955490112
Stookey,0714,710,459,40.11245333130845,-112.54440278745346,0.9733855724334717
Stookey,0714,711,510,40.112183574521595,-112.52639967869867,0.6198763847351074
Stookey,0714,500,555,40.16910225654894,-112.51051458273857,0.9560012817382812
Stookey,0714,431,562,40.18771547484224,-112.50804356781144,0.9707505106925964
Stookey,0714,573,502,40.1494100111082,-112.52922369575825,0.9751539826393127
Stookey,0714,361,472,40.20659844992241,-112.53981375973166,0.9279854893684387
Stookey,0714,531,422,40.1607397961563,-112.557463866354,0.9937784075737
Stookey,0714,389,637,40.19904525989034,-112.48156840787792,0.9654223322868347
Stookey,0714,390,449,40.198775503103484,-112.54793280877793,0.9551653265953064
Stookey,0714,685,403,40.11919725097994,-112.56417090687049,0.9666878581047058
Stookey,0714,708,497,40.11299284488217,-112.53098870642049,0.6245027780532837
Stookey,0714,417,590,40.19149206985828,-112.49815950810293,0.9943073987960815
Stookey,0714,514,532,40.165325661532904,-112.51863363178484,0.9513283967971802
Stookey,0714,436,553,40.186366690907946,-112.51122058700346,0.992167055606842
Stookey,0714,545,549,40.156963201140265,-112.51263259553325,0.9573662281036377
Stookey,0714,621,538,40.13646168533894,-112.51651561899016,0.6176547408103943
Stookey,0714,427,404,40.18879450198968,-112.56381790473804,0.8901157975196838
Stookey,0714,414,619,40.192301340218854,-112.48792244626196,0.990199863910675
Stookey,0714,391,514,40.19850574631662,-112.52498767016888,0.9613927006721497
Stookey,0714,490,529,40.17179982441753,-112.51969263818218,0.9616891145706177
Stookey,0714,399,495,40.196347692021746,-112.53169471068537,0.7968448400497437
Stookey,0714,423,409,40.18987352913712,-112.5620528940758,0.9280306100845337
Stookey,0714,682,511,40.120006521340514,-112.52604667656622,0.8870435357093811
Stookey,0714,514,544,40.165325661532904,-112.51439760619547,0.8382654190063477
Stookey,0714,433,592,40.18717596126852,-112.49745350383803,0.9981321096420288
Stookey,0714,739,461,40.104630384489525,-112.54369678318857,0.9323682188987732
Stookey,0714,406,456,40.19445939451373,-112.5454617938508,0.839103102684021
Stookey,0714,421,565,40.19041304271084,-112.5069845614141,0.983152449131012
Stookey,0714,698,524,40.115690412750766,-112.52145764884442,0.735925555229187
Stookey,0714,355,496,40.208216990643564,-112.53134170855293,0.933228611946106
Stookey,0714,431,599,40.18771547484224,-112.4949824889109,0.9972327947616577
Stookey,0714,448,589,40.18312960946563,-112.49851251023537,0.9588626623153687
Stookey,0714,435,572,40.18663644769481,-112.50451354648696,0.9805195331573486
Stookey,0714,377,647,40.202282341332655,-112.47803838655345,0.9363684058189392
Stookey,0714,531,522,40.1607397961563,-112.52216365310932,0.9639540910720825
Stookey,0714,414,412,40.192301340218854,-112.56099388767846,0.6400009393692017
Stookey,0714,340,660,40.212263342446455,-112.47344935883164,0.5431744456291199
Stookey,0714,408,558,40.19391988094001,-112.50945557634122,0.9806387424468994
Stookey,0714,346,509,40.2106448017253,-112.52675268083112,0.9517064690589905
Stookey,0714,518,525,40.16424663438547,-112.52110464671198,0.9562193155288696
Stookey,0714,390,474,40.198775503103484,-112.53910775546676,0.946441113948822
Stookey,0714,457,591,40.1807017983839,-112.49780650597047,0.9183790683746338
Stookey,0714,541,407,40.158042228287705,-112.5627588983407,0.9845902323722839
Stookey,0714,481,571,40.17422763549927,-112.50486654861942,0.9574139714241028
Stookey,0714,553,556,40.15480514684539,-112.51016158060612,0.9159825444221497
Stookey,0714,378,649,40.2020125845458,-112.47733238228855,0.9389458894729614
Stookey,0714,563,518,40.152107578976796,-112.5235756616391,0.9521965384483337
Stookey,0714,734,441,40.10597916842382,-112.55075682583751,0.9668677449226379
Stookey,0714,301,589,40.222783857133976,-112.49851251023537,0.6137294173240662
Stookey,0714,409,646,40.19365012415315,-112.47839138868589,0.958107590675354
Stookey,0714,669,499,40.12351335956969,-112.53028270215559,0.9584906101226807
Stookey,0714,310,610,40.22035604605224,-112.49109946545398,0.9076303839683533
Stookey,0714,360,532,40.20686820670927,-112.51863363178484,0.9595398306846619
Stookey,0714,667,485,40.124052873143405,-112.53522473200985,0.9618702530860901
Stookey,0714,338,525,40.212802856020176,-112.52110464671198,0.9608175754547119
Stookey,0714,350,575,40.20956577457786,-112.50345454008962,0.9905499219894409
Stookey,0714,689,501,40.1181182238325,-112.52957669789069,0.8183003067970276
Stookey,0714,316,639,40.218737505331084,-112.48086240361303,0.6584420800209045
Stookey,0714,461,574,40.17962277123646,-112.50380754222208,0.9369924068450928
Stookey,0714,679,521,40.1208157917011,-112.52251665524176,0.6703732013702393
Stookey,0714,521,523,40.163437364024894,-112.52181065097686,0.9616782069206238
Stookey,0714,637,399,40.132145576749195,-112.56558291540028,0.9095566868782043
Stookey,0714,569,510,40.150489038255635,-112.52639967869867,0.9691224098205566
Stookey,0714,369,643,40.20444039562753,-112.47945039508323,0.9311435222625732
Stookey,0714,500,535,40.16910225654894,-112.5175746253875,0.9607690572738647
Stookey,0714,372,512,40.20363112526695,-112.52569367443378,0.9559991955757141
Stookey,0714,454,583,40.18151106874448,-112.50063052303005,0.9525082111358643
Stookey,0714,561,555,40.15264709255051,-112.51051458273857,0.9184886813163757
Stookey,0714,501,542,40.16883249976208,-112.51510361046037,0.9590721726417542
Stookey,0714,501,562,40.16883249976208,-112.50804356781144,0.9542800784111023
Stookey,0714,355,552,40.208216990643564,-112.5115735891359,0.9714612364768982
Stookey,0714,654,511,40.127559711372584,-112.52604667656622,0.9539000988006592
Stookey,0714,680,496,40.120546034914234,-112.53134170855293,0.9383813142776489
Stookey,0714,479,401,40.17476714907299,-112.56487691113539,0.8417508602142334
Stookey,0714,687,486,40.11865773740622,-112.5348717298774,0.9233455657958984
Stookey,0714,482,418,40.17395787871241,-112.55887587488378,0.9850717186927795
Stookey,0714,724,461,40.108676736292416,-112.54369678318857,0.9612001180648804
Stookey,0714,672,479,40.12270408920911,-112.53734274480453,0.9595968723297119
Stookey,0714,537,557,40.15912125543514,-112.50980857847367,0.9461041688919067
Stookey,0714,412,609,40.192840853792575,-112.49145246758643,0.9801092743873596
Stookey,0714,368,529,40.20471015241439,-112.51969263818218,0.9586306214332581
Stookey,0714,510,569,40.166404688680345,-112.5055725528843,0.6875197887420654
Stookey,0714,372,520,40.20363112526695,-112.5228696573742,0.9578773975372314
Stookey,0714,502,399,40.16856274297522,-112.56558291540028,0.9296915531158447
Stookey,0714,403,510,40.19526866487431,-112.52639967869867,0.9555314183235168
Stookey,0714,565,552,40.151568065403076,-112.5115735891359,0.9348241686820984
Stookey,0714,355,560,40.208216990643564,-112.50874957207633,0.9734503626823425
Stookey,0714,388,475,40.199315016677204,-112.53875475333432,0.9560152292251587
Stookey,0714,695,478,40.11649968311134,-112.53769574693698,0.957868754863739
Stookey,0714,336,511,40.213342369593896,-112.52604667656622,0.8682389259338379
Stookey,0714,424,624,40.18960377235026,-112.48615743559972,0.9771276712417603
Stookey,0714,438,569,40.185827177334225,-112.5055725528843,0.972912073135376
Stookey,0714,427,573,40.18879450198968,-112.50416054435452,0.9869363903999329
Stookey,0714,541,412,40.158042228287705,-112.56099388767846,0.9841568470001221
Stookey,0714,446,403,40.18366912303935,-112.56417090687049,0.9741235971450806
Stookey,0714,647,509,40.1294480088806,-112.52675268083112,0.9540983438491821
Stookey,0714,550,410,40.15561441720597,-112.56169989194336,0.9691454172134399
Stookey,0714,517,564,40.16451639117233,-112.50733756354654,0.6456516981124878
Stookey,0714,698,476,40.115690412750766,-112.53840175120187,0.957770586013794
Stookey,0714,406,512,40.19445939451373,-112.52569367443378,0.9556998610496521
Stookey,0714,691,512,40.11757871025878,-112.52569367443378,0.6149885654449463
Stookey,0714,542,552,40.15777247150084,-112.5115735891359,0.9583962559700012
Stookey,0714,699,485,40.1154206559639,-112.53522473200985,0.9254991412162781
Stookey,0714,700,398,40.115150899177046,-112.56593591753273,0.8052659630775452
Stookey,0714,435,405,40.18663644769481,-112.5634649026056,0.9720974564552307
Stookey,0714,411,516,40.19311061057943,-112.524281665904,0.9630205631256104
Stookey,0714,429,415,40.18825498841596,-112.55993488128112,0.9796141386032104
Stookey,0714,321,616,40.21738872139679,-112.4889814526593,0.9390323162078857
Stookey,0714,672,493,40.12270408920911,-112.53240071495027,0.954056441783905
Stookey,0714,676,480,40.121625062061675,-112.53698974267208,0.9559192061424255
Stookey,0714,606,523,40.140508037141835,-112.52181065097686,0.7386173009872437
Stookey,0714,371,649,40.20390088205381,-112.47733238228855,0.8866609334945679
Stookey,0714,519,536,40.16397687759861,-112.51722162325505,0.9409100413322449
Stookey,0714,404,514,40.19499890808745,-112.52498767016888,0.9573833346366882
Stookey,0714,472,409,40.17665544658101,-112.5620528940758,0.9883679747581482
Stookey,0714,393,545,40.19796623274291,-112.51404460406303,0.9805846214294434
Stookey,0714,383,642,40.2006638006115,-112.47980339721569,0.9540446400642395
Stookey,0714,357,457,40.20767747706984,-112.54510879171836,0.8021889925003052
Stookey,0714,384,520,40.20039404382464,-112.5228696573742,0.9630975723266602
Stookey,0714,548,397,40.15615393077969,-112.56628891966517,0.9533387422561646
Stookey,0714,542,405,40.15777247150084,-112.5634649026056,0.9780053496360779
Stookey,0714,456,620,40.18097155517076,-112.48756944412952,0.7410405874252319
Stookey,0714,446,610,40.18366912303935,-112.49109946545398,0.8123820424079895
Stookey,0714,394,651,40.19769647595604,-112.47662637802367,0.8266303539276123
Stookey,0714,361,651,40.20659844992241,-112.47662637802367,0.6372213959693909
Stookey,0714,327,526,40.21577018067563,-112.52075164457952,0.9742639660835266
Stookey,0714,336,507,40.213342369593896,-112.52745868509601,0.8514716625213623
Stookey,0714,673,502,40.12243433242225,-112.52922369575825,0.9451600313186646
Stookey,0714,349,571,40.20983553136472,-112.50486654861942,0.9857063889503479
Stookey,0714,630,521,40.134033874257206,-112.52251665524176,0.8202086091041565
Stookey,0714,702,395,40.114611385603325,-112.56699492393007,0.6303324699401855
Stookey,0714,315,534,40.21900726211794,-112.51792762751995,0.9542674422264099
Stookey,0714,395,462,40.19742671916919,-112.54334378105612,0.9741188883781433
Stookey,0714,358,486,40.20740772028299,-112.5348717298774,0.8942214250564575
Stookey,0714,394,521,40.19769647595604,-112.52251665524176,0.9600091576576233
Stookey,0714,401,544,40.195808178448026,-112.51439760619547,0.9856343865394592
Stookey,0714,424,492,40.18960377235026,-112.53275371708271,0.7412524223327637
Stookey,0714,400,442,40.19607793523489,-112.55040382370507,0.9208846688270569
Stookey,0714,415,638,40.192031583432,-112.48121540574547,0.9704843163490295
Stookey,0714,533,523,40.16020028258258,-112.52181065097686,0.9828752875328064
Stookey,0714,328,645,40.21550042388877,-112.47874439081835,0.7644468545913696
Stookey,0714,739,466,40.104630384489525,-112.54193177252634,0.8903964161872864
Stookey,0714,349,511,40.20983553136472,-112.52604667656622,0.9542450308799744
Stookey,0714,388,494,40.199315016677204,-112.53204771281783,0.922937273979187
Stookey,0714,350,549,40.20956577457786,-112.51263259553325,0.9676171541213989
Stookey,0714,360,648,40.20686820670927,-112.47768538442101,0.6805754899978638
Stookey,0714,540,534,40.15831198507456,-112.51792762751995,0.9583415389060974
Stookey,0714,356,533,40.20794723385671,-112.5182806296524,0.9643227458000183
Stookey,0714,499,417,40.1693720133358,-112.55922887701624,0.9905098080635071
Stookey,0714,486,522,40.172878851564974,-112.52216365310932,0.9756529331207275
Stookey,0714,364,643,40.205789179561826,-112.47945039508323,0.8918715119361877
Stookey,0714,732,418,40.10651868199754,-112.55887587488378,0.7837446928024292
Stookey,0714,579,561,40.14779147038704,-112.50839656994388,0.6922196745872498
Stookey,0714,369,451,40.20444039562753,-112.54722680451304,0.9573676586151123
Stookey,0714,522,566,40.16316760723803,-112.50663155928164,0.5671156644821167
Stookey,0714,408,451,40.19391988094001,-112.54722680451304,0.9590375423431396
Stookey,0714,368,491,40.20471015241439,-112.53310671921517,0.9173517227172852
Stookey,0714,423,423,40.18987352913712,-112.55711086422156,0.9800852537155151
Stookey,0714,362,547,40.206328693135546,-112.51333859979813,0.976352870464325
Stookey,0714,385,527,40.20012428703778,-112.52039864244708,0.9639825820922852
Stookey,0714,384,439,40.20039404382464,-112.55146283010241,0.8339187502861023
Stookey,0714,723,449,40.10894649307928,-112.54793280877793,0.9616253972053528
Stookey,0714,528,393,40.161549066516876,-112.56770092819495,0.9588000178337097
Stookey,0714,380,516,40.20147307097208,-112.524281665904,0.9659954905509949
Stookey,0714,406,625,40.19445939451373,-112.48580443346728,0.9911248087882996
Stookey,0714,398,658,40.19661744880861,-112.47415536309653,0.6445299983024597
Stookey,0714,412,634,40.192840853792575,-112.48262741427526,0.9765598177909851
Stookey,0714,610,507,40.1394290099944,-112.52745868509601,0.9680874943733215
Stookey,0714,446,409,40.18366912303935,-112.5620528940758,0.9837751388549805
Stookey,0714,704,398,40.114071872029605,-112.56593591753273,0.8277552127838135
Stookey,0714,715,511,40.111104547374154,-112.52604667656622,0.5222607254981995
Stookey,0714,362,451,40.206328693135546,-112.54722680451304,0.8314580321311951
Stookey,0714,379,488,40.201742827758935,-112.53416572561251,0.8677518367767334
Stookey,0714,326,523,40.21603993746249,-112.52181065097686,0.9703062176704407
Stookey,0714,646,399,40.12971776566746,-112.56558291540028,0.9136458039283752
Stookey,0714,312,534,40.21981653247852,-112.51792762751995,0.9057487845420837
Stookey,0714,354,476,40.20848674743042,-112.53840175120187,0.7169227004051208
Stookey,0714,628,518,40.134573387830926,-112.5235756616391,0.9334985017776489
Stookey,0714,579,566,40.14779147038704,-112.50663155928164,0.7695019245147705
Stookey,0714,539,390,40.15858174186142,-112.5687599345923,0.9545131921768188
Stookey,0714,426,622,40.18906425877654,-112.48686343986462,0.9753326177597046
Stookey,0714,529,556,40.16127930973001,-112.51016158060612,0.9464254975318909
Stookey,0714,352,518,40.20902626100414,-112.5235756616391,0.9590511322021484
Stookey,0714,363,476,40.20605893634869,-112.53840175120187,0.9443717002868652
Stookey,0714,705,486,40.11380211524275,-112.5348717298774,0.9266911149024963
Stookey,0714,500,531,40.16910225654894,-112.5189866339173,0.9583395719528198
Stookey,0714,451,597,40.182320339105054,-112.49568849317579,0.9587687253952026
Stookey,0714,344,646,40.211184315299015,-112.47839138868589,0.6646140813827515
Stookey,0714,318,649,40.218197991757364,-112.47733238228855,0.6850229501724243
Stookey,0714,432,559,40.187445718055386,-112.50910257420878,0.982132077217102
Stookey,0714,399,500,40.196347692021746,-112.52992970002315,0.9264753460884094
Stookey,0714,556,558,40.15399587648481,-112.50945557634122,0.910952091217041
Stookey,0714,421,597,40.19041304271084,-112.49568849317579,0.9893336892127991
Stookey,0714,415,501,40.192031583432,-112.52957669789069,0.9533087611198425
Stookey,0714,333,508,40.21415163995447,-112.52710568296357,0.8094838261604309
Stookey,0714,582,506,40.146982200026464,-112.52781168722846,0.9666429162025452
Stookey,0714,726,456,40.108137222718696,-112.5454617938508,0.958838939666748
Stookey,0714,356,534,40.20794723385671,-112.51792762751995,0.9667485952377319
Stookey,0714,702,515,40.114611385603325,-112.52463466803644,0.6745997071266174
Stookey,0714,517,556,40.16451639117233,-112.51016158060612,0.9294854998588562
Stookey,0714,720,430,40.10975576343986,-112.55463984929442,0.9707511067390442
Stookey,0714,444,603,40.18420863661307,-112.49357048038111,0.9346546530723572
Stookey,0714,545,530,40.156963201140265,-112.51933963604974,0.9692205190658569
Stookey,0714,475,403,40.175846176220425,-112.56417090687049,0.9133879542350769
Stookey,0714,312,595,40.21981653247852,-112.49639449744069,0.9535735845565796
Stookey,0714,354,562,40.20848674743042,-112.50804356781144,0.9763137102127075
Stookey,0714,413,480,40.19257109700571,-112.53698974267208,0.5207391977310181
Stookey,0714,394,509,40.19769647595604,-112.52675268083112,0.9590315222740173
Stookey,0714,354,520,40.20848674743042,-112.5228696573742,0.9590111970901489
Stookey,0714,449,608,40.182859852678774,-112.49180546971888,0.9087550640106201
Stookey,0714,548,523,40.15615393077969,-112.52181065097686,0.9587888121604919
Stookey,0714,394,648,40.19769647595604,-112.47768538442101,0.9391952753067017
Stookey,0714,299,569,40.223323370707696,-112.5055725528843,0.758436381816864
Stookey,0714,356,471,40.20794723385671,-112.5401667618641,0.6521894931793213
Stookey,0714,692,525,40.11730895347192,-112.52110464671198,0.7345247268676758
Stookey,0714,438,557,40.185827177334225,-112.50980857847367,0.9860617518424988
Stookey,0714,542,421,40.15777247150084,-112.55781686848644,0.9879549741744995
Stookey,0714,720,433,40.10975576343986,-112.55358084289708,0.9721324443817139
Stookey,0714,506,398,40.167483715827785,-112.56593591753273,0.924068808555603
Stookey,0714,735,446,40.105709411636965,-112.54899181517527,0.9571664333343506
Stookey,0714,709,494,40.11272308809531,-112.53204771281783,0.6301981210708618
Stookey,0714,391,487,40.19850574631662,-112.53451872774495,0.9164305329322815
Stookey,0714,351,562,40.209296017791004,-112.50804356781144,0.9663236737251282
Stookey,0714,532,424,40.160470039369436,-112.5567578620891,0.9931398630142212
Stookey,0714,376,472,40.20255209811951,-112.53981375973166,0.9616283774375916
Stookey,0714,317,593,40.21846774854422,-112.49710050170559,0.9645097851753235
Stookey,0714,384,655,40.20039404382464,-112.47521436949387,0.5553714036941528
Stookey,0714,416,498,40.191761826645134,-112.53063570428803,0.9007806181907654
Stookey,0714,643,516,40.130527036028035,-112.524281665904,0.9499434232711792
Stookey,0714,408,427,40.19391988094001,-112.55569885569176,0.9540890455245972
Stookey,0714,379,480,40.201742827758935,-112.53698974267208,0.8978530168533325
Stookey,0714,596,520,40.14320560501043,-112.5228696573742,0.8443357348442078
Stookey,0714,409,609,40.19365012415315,-112.49145246758643,0.9837899804115295
Stookey,0714,405,528,40.19472915130059,-112.52004564031463,0.968668520450592
Stookey,0714,515,536,40.16505590474605,-112.51722162325505,0.9368756413459778
Stookey,0714,347,489,40.21037504493844,-112.53381272348005,0.727195680141449
Stookey,0714,488,583,40.172339337991254,-112.50063052303005,0.6194592714309692
Stookey,0714,432,596,40.187445718055386,-112.49604149530825,0.9986974000930786
Stookey,0714,379,496,40.201742827758935,-112.53134170855293,0.9439195990562439
Stookey,0714,585,510,40.14617292966589,-112.52639967869867,0.9528980255126953
Stookey,0714,394,517,40.19769647595604,-112.52392866377154,0.9638028144836426
Stookey,0714,726,476,40.108137222718696,-112.53840175120187,0.874435544013977
Stookey,0714,557,516,40.15372611969795,-112.524281665904,0.9581348299980164
Stookey,0714,403,574,40.19526866487431,-112.50380754222208,0.9897607564926147
Stookey,0714,503,402,40.16829298618836,-112.56452390900294,0.9613395929336548
Stookey,0714,530,419,40.161009552943156,-112.55852287275134,0.992200493812561
Stookey,0714,317,594,40.21846774854422,-112.49674749957313,0.9627151489257812
Stookey,0714,355,471,40.208216990643564,-112.5401667618641,0.6149412989616394
Stookey,0714,667,466,40.124052873143405,-112.54193177252634,0.9806966185569763
Stookey,0714,379,495,40.201742827758935,-112.53169471068537,0.9377478957176208
Stookey,0714,332,521,40.21442139674133,-112.52251665524176,0.9641557931900024
Stookey,0714,424,452,40.18960377235026,-112.54687380238059,0.991005003452301
Stookey,0714,442,614,40.18474815018679,-112.4896874569242,0.8059619665145874
Stookey,0714,434,602,40.186906204481666,-112.49392348251357,0.9919248819351196
Stookey,0714,416,413,40.191761826645134,-112.56064088554602,0.7534651160240173
Stookey,0714,495,574,40.170451040483236,-112.50380754222208,0.9298778772354126
Stookey,0714,554,534,40.15453539005853,-112.51792762751995,0.9562117457389832
Stookey,0714,542,572,40.15777247150084,-112.50451354648696,0.6640979051589966
Stookey,0714,334,642,40.213881883167616,-112.47980339721569,0.7727838158607483
Stookey,0714,481,564,40.17422763549927,-112.50733756354654,0.9678680300712585
Stookey,0714,706,515,40.11353235845589,-112.52463466803644,0.6751141548156738
Stookey,0714,421,456,40.19041304271084,-112.5454617938508,0.9638484716415405
Stookey,0714,440,580,40.18528766376051,-112.5016895294274,0.968984067440033
Stookey,0714,584,564,40.146442686452744,-112.50733756354654,0.7465524077415466
Stookey,0714,411,663,40.19311061057943,-112.4723903524343,0.6953238844871521
Stookey,0714,457,603,40.1807017983839,-112.49357048038111,0.9359639286994934
Stookey,0714,702,464,40.114611385603325,-112.54263777679122,0.9833120107650757
Stookey,0714,322,644,40.217118964609924,-112.47909739295079,0.6895437240600586
Stookey,0714,352,463,40.20902626100414,-112.54299077892368,0.6268467903137207
Stookey,0714,516,400,40.16478614795919,-112.56522991326783,0.9536876082420349
Stookey,0714,669,469,40.12351335956969,-112.540872766129,0.9783316850662231
Stookey,0714,569,557,40.150489038255635,-112.50980857847367,0.9223085641860962
Stookey,0714,529,545,40.16127930973001,-112.51404460406303,0.9581689238548279
Stookey,0714,475,515,40.175846176220425,-112.52463466803644,0.9844350814819336
Stookey,0714,380,499,40.20147307097208,-112.53028270215559,0.9488982558250427
Stookey,0714,397,661,40.196887205595466,-112.47309635669919,0.5832547545433044
Stookey,0714,418,646,40.191222313071414,-112.47839138868589,0.9597011804580688
Stookey,0714,705,400,40.11380211524275,-112.56522991326783,0.8987900614738464
Stookey,0714,695,506,40.11649968311134,-112.52781168722846,0.7065944075584412
Stookey,0714,455,591,40.18124131195761,-112.49780650597047,0.9289125204086304
Stookey,0714,526,566,40.1620885800906,-112.50663155928164,0.6585080623626709
Stookey,0714,376,435,40.20255209811951,-112.55287483863219,0.7874495387077332
Stookey,0714,438,619,40.185827177334225,-112.48792244626196,0.8510028123855591
Stookey,0714,584,562,40.146442686452744,-112.50804356781144,0.704490065574646
Stookey,0714,364,641,40.205789179561826,-112.48015639934813,0.9434381723403931
Stookey,0714,325,649,40.21630969424935,-112.47733238228855,0.7602853775024414
Stookey,0714,433,451,40.18717596126852,-112.54722680451304,0.9947443008422852
Stookey,0714,381,524,40.201203314185214,-112.52145764884442,0.9701959490776062
Stookey,0714,441,555,40.18501790697365,-112.51051458273857,0.9893315434455872
Stookey,0714,379,462,40.201742827758935,-112.54334378105612,0.9751231670379639
Stookey,0714,491,535,40.17153006763068,-112.5175746253875,0.9576078057289124
Stookey,0714,669,526,40.12351335956969,-112.52075164457952,0.5473730564117432
Stookey,0714,480,541,40.17449739228613,-112.51545661259281,0.9849888682365417
Stookey,0714,551,390,40.155344660419104,-112.5687599345923,0.6799976229667664
Stookey,0714,426,474,40.18906425877654,-112.53910775546676,0.905135989189148
Stookey,0714,335,645,40.21361212638075,-112.47874439081835,0.7194434404373169
Stookey,0714,397,518,40.196887205595466,-112.5235756616391,0.9601016640663147
Stookey,0714,548,403,40.15615393077969,-112.56417090687049,0.9567897319793701
Stookey,0714,402,421,40.19553842166117,-112.55781686848644,0.7200973629951477
Stookey,0714,540,388,40.15831198507456,-112.56946593885719,0.9267359375953674
Stookey,0714,717,434,40.110565033800434,-112.55322784076463,0.9832723140716553
Stookey,0714,410,593,40.193380367366295,-112.49710050170559,0.99281245470047
Stookey,0714,559,398,40.15318660612423,-112.56593591753273,0.9382680654525757
Stookey,0714,360,530,40.20686820670927,-112.51933963604974,0.9599451422691345
Stookey,0714,398,501,40.19661744880861,-112.52957669789069,0.9272801280021667
Stookey,0714,314,530,40.219277018904805,-112.51933963604974,0.9494606852531433
Stookey,0714,352,643,40.20902626100414,-112.47945039508323,0.8464552164077759
Stookey,0714,495,558,40.170451040483236,-112.50945557634122,0.9599460363388062
Stookey,0714,432,617,40.187445718055386,-112.48862845052686,0.9750826954841614
Stookey,0714,377,455,40.202282341332655,-112.54581479598325,0.976195216178894
Stookey,0714,558,499,40.15345636291109,-112.53028270215559,0.9799866676330566
Stookey,0714,360,531,40.20686820670927,-112.5189866339173,0.961487352848053
Stookey,0714,546,557,40.15669344435341,-112.50980857847367,0.9319401383399963
Stookey,0714,437,614,40.18609693412109,-112.4896874569242,0.9192822575569153
Stookey,0714,421,472,40.19041304271084,-112.53981375973166,0.775050938129425
Stookey,0714,489,563,40.1720695812044,-112.50769056567898,0.9667248129844666
Stookey,0714,323,622,40.21684920782307,-112.48686343986462,0.9027706980705261
Stookey,0714,663,515,40.125131900290846,-112.52463466803644,0.8542396426200867
Stookey,0714,355,557,40.208216990643564,-112.50980857847367,0.9714791178703308
Stookey,0714,562,496,40.15237733576365,-112.53134170855293,0.982873260974884
Stookey,0714,507,401,40.16721395904092,-112.56487691113539,0.951835036277771
Stookey,0714,428,404,40.18852474520282,-112.56381790473804,0.9246799945831299
Stookey,0714,333,647,40.21415163995447,-112.47803838655345,0.7969517707824707
Stookey,0714,308,605,40.22089555962596,-112.49286447611622,0.811159610748291
Stookey,0714,676,490,40.121625062061675,-112.53345972134761,0.9555747509002686
Stookey,0714,483,570,40.17368812192555,-112.50521955075186,0.9588257074356079
Stookey,0714,309,563,40.2206258028391,-112.50769056567898,0.9645905494689941
Stookey,0714,494,545,40.1707207972701,-112.51404460406303,0.9612758159637451
Stookey,0714,406,531,40.19445939451373,-112.5189866339173,0.9719254374504089
Stookey,0714,330,634,40.21496091031505,-112.48262741427526,0.8615553975105286
Stookey,0714,622,557,40.13619192855209,-112.50980857847367,0.528215229511261
Stookey,0714,530,390,40.161009552943156,-112.5687599345923,0.9557594060897827
Stookey,0714,317,598,40.21846774854422,-112.49533549104335,0.9597756266593933
Stookey,0714,533,421,40.16020028258258,-112.55781686848644,0.9912376403808594
Stookey,0714,522,552,40.16316760723803,-112.5115735891359,0.9629309177398682
Stookey,0714,728,418,40.10759770914498,-112.55887587488378,0.9042912125587463
Stookey,0714,739,460,40.104630384489525,-112.54404978532102,0.9383783340454102
Stookey,0714,480,586,40.17449739228613,-112.49957151663271,0.8038417100906372
Stookey,0714,434,553,40.186906204481666,-112.51122058700346,0.992767870426178
Stookey,0714,378,471,40.2020125845458,-112.5401667618641,0.9620171785354614
Stookey,0714,419,517,40.19095255628456,-112.52392866377154,0.9674169421195984
Stookey,0714,660,401,40.12594117065142,-112.56487691113539,0.943259596824646
Stookey,0714,695,521,40.11649968311134,-112.52251665524176,0.7402562499046326
Stookey,0714,567,403,40.151028551829356,-112.56417090687049,0.9311383366584778
Stookey,0714,546,387,40.15669344435341,-112.56981894098963,0.5719708204269409
Stookey,0714,341,630,40.2119935856596,-112.48403942280505,0.9528970122337341
Stookey,0714,567,539,40.151028551829356,-112.51616261685771,0.953098475933075
Stookey,0714,739,434,40.104630384489525,-112.55322784076463,0.9398839473724365
Stookey,0714,733,461,40.106248925210686,-112.54369678318857,0.9536367654800415
Stookey,0714,709,519,40.11272308809531,-112.52322265950666,0.7345802783966064
Stookey,0714,515,408,40.16505590474605,-112.56240589620826,0.9684861898422241
Stookey,0714,339,634,40.21253309923331,-112.48262741427526,0.9481337070465088
Stookey,0714,391,538,40.19850574631662,-112.51651561899016,0.9698683023452759
Stookey,0714,416,621,40.191761826645134,-112.48721644199706,0.9870803356170654
Stookey,0714,670,494,40.12324360278283,-112.53204771281783,0.9549515247344971
Stookey,0714,619,514,40.137001198912664,-112.52498767016888,0.9538403749465942
Stookey,0714,456,585,40.18097155517076,-112.49992451876516,0.9121756553649902
Stookey,0714,575,561,40.14887049753448,-112.50839656994388,0.6010512709617615
Stookey,0714,445,588,40.18393887982621,-112.49886551236781,0.9602139592170715
Stookey,0714,306,539,40.22143507319968,-112.51616261685771,0.8950803875923157
Stookey,0714,396,534,40.19715696238232,-112.51792762751995,0.9682316184043884
Stookey,0714,407,510,40.19418963772687,-112.52639967869867,0.953388512134552
Stookey,0714,353,518,40.208756504217284,-112.5235756616391,0.9592859148979187
Stookey,0714,552,556,40.15507490363225,-112.51016158060612,0.9179764986038208
Stookey,0714,357,551,40.20767747706984,-112.51192659126835,0.9694388508796692
Stookey,0714,553,396,40.15480514684539,-112.56664192179761,0.9513946771621704
Stookey,0714,421,596,40.19041304271084,-112.49604149530825,0.9901350736618042
Stookey,0714,304,542,40.2219745867734,-112.51510361046037,0.8609285950660706
Stookey,0714,701,518,40.11488114239019,-112.5235756616391,0.7212252020835876
Stookey,0714,717,435,40.110565033800434,-112.55287483863219,0.9826715588569641
Stookey,0714,334,658,40.213881883167616,-112.47415536309653,0.7153158187866211
Stookey,0714,491,421,40.17153006763068,-112.55781686848644,0.9921860694885254
Stookey,0714,366,529,40.20524966598811,-112.51969263818218,0.9621414542198181
Stookey,0714,686,507,40.11892749419308,-112.52745868509601,0.9041149020195007
Stookey,0714,377,638,40.202282341332655,-112.48121540574547,0.9558819532394409
Stookey,0714,410,416,40.193380367366295,-112.55958187914868,0.7343384623527527
Stookey,0714,444,570,40.18420863661307,-112.50521955075186,0.9772024154663086
Stookey,0714,351,637,40.209296017791004,-112.48156840787792,0.9525114297866821
Stookey,0714,551,394,40.155344660419104,-112.56734792606251,0.9389386177062988
Stookey,0714,335,523,40.21361212638075,-112.52181065097686,0.9618250131607056
Stookey,0714,406,423,40.19445939451373,-112.55711086422156,0.9122292399406433
Stookey,0714,426,606,40.18906425877654,-112.49251147398377,0.9912716150283813
Stookey,0714,326,518,40.21603993746249,-112.5235756616391,0.9209026098251343
Stookey,0714,665,399,40.124592386717126,-112.56558291540028,0.9264911413192749
Stookey,0714,589,514,40.14509390251845,-112.52498767016888,0.9315189719200134
Stookey,0714,599,520,40.14239633464985,-112.5228696573742,0.8523235321044922
Stookey,0714,339,628,40.21253309923331,-112.48474542706994,0.9521965384483337
Stookey,0714,306,573,40.22143507319968,-112.50416054435452,0.9669010639190674
Stookey,0714,415,417,40.192031583432,-112.55922887701624,0.830694854259491
Stookey,0714,548,542,40.15615393077969,-112.51510361046037,0.9532004594802856
Stookey,0714,547,528,40.156423687566544,-112.52004564031463,0.9721564650535583
Stookey,0714,575,552,40.14887049753448,-112.5115735891359,0.5145529508590698
Stookey,0714,511,403,40.16613493189349,-112.56417090687049,0.956953227519989
Stookey,0714,712,478,40.11191381773473,-112.53769574693698,0.9569418430328369
Stookey,0714,432,585,40.187445718055386,-112.49992451876516,0.9923025369644165
Stookey,0714,300,562,40.22305361392083,-112.50804356781144,0.7171134948730469
Stookey,0714,428,601,40.18852474520282,-112.49427648464601,0.9950576424598694
Stookey,0714,715,418,40.111104547374154,-112.55887587488378,0.9666575789451599
Stookey,0714,482,528,40.17395787871241,-112.52004564031463,0.9665015935897827
Stookey,0714,672,393,40.12270408920911,-112.56770092819495,0.6297734379768372
Stookey,0714,537,524,40.15912125543514,-112.52145764884442,0.9826637506484985
Stookey,0714,430,500,40.187985231629106,-112.52992970002315,0.9548035860061646
Stookey,0714,545,513,40.156963201140265,-112.52534067230134,0.9718981981277466
Stookey,0714,329,614,40.21523066710191,-112.4896874569242,0.9550862908363342
Stookey,0714,318,635,40.218197991757364,-112.48227441214281,0.6207892298698425
Stookey,0714,521,395,40.163437364024894,-112.56699492393007,0.9558958411216736
Stookey,0714,696,480,40.116229926324486,-112.53698974267208,0.9503610134124756
Stookey,0714,567,548,40.151028551829356,-112.51298559766569,0.9352959990501404
Stookey,0714,354,548,40.20848674743042,-112.51298559766569,0.9720848798751831
Stookey,0714,567,562,40.151028551829356,-112.50804356781144,0.9087997674942017
Stookey,0714,725,467,40.10840697950556,-112.54157877039388,0.9538978934288025
Stookey,0714,691,501,40.11757871025878,-112.52957669789069,0.8175057172775269
Stookey,0714,696,498,40.116229926324486,-112.53063570428803,0.6651653051376343
Stookey,0714,442,584,40.18474815018679,-112.5002775208976,0.9571642279624939
Stookey,0714,708,464,40.11299284488217,-112.54263777679122,0.9675781726837158
Stookey,0714,481,515,40.17422763549927,-112.52463466803644,0.9811689257621765
Stookey,0714,667,472,40.124052873143405,-112.53981375973166,0.9777185320854187
Stookey,0714,529,383,40.16127930973001,-112.57123094951943,0.8039417266845703
Stookey,0714,422,421,40.19014328592398,-112.55781686848644,0.9754883646965027
Stookey,0714,480,581,40.17449739228613,-112.50133652729494,0.8099926114082336
Stookey,0714,395,523,40.19742671916919,-112.52181065097686,0.9626848697662354
Stookey,0714,649,393,40.12890849530688,-112.56770092819495,0.5425394773483276
Stookey,0714,514,399,40.165325661532904,-112.56558291540028,0.9531392455101013
Stookey,0714,400,475,40.19607793523489,-112.53875475333432,0.7267604470252991
Stookey,0714,552,532,40.15507490363225,-112.51863363178484,0.9570950269699097
Stookey,0714,378,637,40.2020125845458,-112.48156840787792,0.9661973714828491
Stookey,0714,462,569,40.1793530144496,-112.5055725528843,0.9559370279312134
Stookey,0714,338,647,40.212802856020176,-112.47803838655345,0.6451041102409363
Stookey,0714,358,499,40.20740772028299,-112.53028270215559,0.9357165694236755
Stookey,0714,525,408,40.16235833687745,-112.56240589620826,0.9820873737335205
Stookey,0714,404,454,40.19499890808745,-112.5461677981157,0.9403812289237976
Stookey,0714,548,558,40.15615393077969,-112.50945557634122,0.9303657412528992
Stookey,0714,418,649,40.191222313071414,-112.47733238228855,0.9568197727203369
Stookey,0714,682,505,40.120006521340514,-112.5281646893609,0.9212771654129028
Stookey,0714,447,572,40.183399366252495,-112.50451354648696,0.9777798056602478
Stookey,0714,474,565,40.17611593300729,-112.5069845614141,0.97130286693573
Stookey,0714,316,537,40.218737505331084,-112.51686862112261,0.9659198522567749
Stookey,0714,459,406,40.18016228481018,-112.56311190047315,0.9785833954811096
Stookey,0714,434,645,40.186906204481666,-112.47874439081835,0.7859645485877991
Stookey,0714,299,570,40.223323370707696,-112.50521955075186,0.7589453458786011
Stookey,0714,342,524,40.211723828872735,-112.52145764884442,0.9690737724304199
Stookey,0714,609,518,40.13969876678126,-112.5235756616391,0.933562695980072
Stookey,0714,459,596,40.18016228481018,-112.49604149530825,0.9132214784622192
Stookey,0714,676,484,40.121625062061675,-112.5355777341423,0.9546160101890564
Stookey,0714,713,439,40.111644060947874,-112.55146283010241,0.9836121797561646
Stookey,0714,518,523,40.16424663438547,-112.52181065097686,0.9607754945755005
Stookey,0714,643,403,40.130527036028035,-112.56417090687049,0.9576537013053894
Stookey,0714,407,439,40.19418963772687,-112.55146283010241,0.9651491045951843
Stookey,0714,507,549,40.16721395904092,-112.51263259553325,0.9530792832374573
Stookey,0714,710,480,40.11245333130845,-112.53698974267208,0.9544193744659424
Stookey,0714,420,443,40.1906827994977,-112.55005082157261,0.9966141581535339
Stookey,0714,503,570,40.16829298618836,-112.50521955075186,0.8933130502700806
Stookey,0714,430,621,40.187985231629106,-112.48721644199706,0.9719522595405579
Stookey,0714,407,654,40.19418963772687,-112.47556737162633,0.8649783134460449
Stookey,0714,345,549,40.21091455851216,-112.51263259553325,0.9881775379180908
Stookey,0714,717,487,40.110565033800434,-112.53451872774495,0.6273595094680786
Stookey,0714,516,533,40.16478614795919,-112.5182806296524,0.9501257538795471
Stookey,0714,317,519,40.21846774854422,-112.52322265950666,0.7389330267906189
Stookey,0714,669,491,40.12351335956969,-112.53310671921517,0.9531687498092651
Stookey,0714,532,388,40.160470039369436,-112.56946593885719,0.9520110487937927
Stookey,0714,427,475,40.18879450198968,-112.53875475333432,0.9070143103599548
Stookey,0714,585,401,40.14617292966589,-112.56487691113539,0.8880542516708374
Stookey,0714,550,575,40.15561441720597,-112.50345454008962,0.6483426690101624
Stookey,0714,456,582,40.18097155517076,-112.5009835251625,0.9453667998313904
Stookey,0714,329,520,40.21523066710191,-112.5228696573742,0.9547696709632874
Stookey,0714,336,543,40.213342369593896,-112.51475060832793,0.9981909394264221
Stookey,0714,586,404,40.145903172879024,-112.56381790473804,0.9537512063980103
Stookey,0714,373,498,40.203361368480095,-112.53063570428803,0.9522607326507568
Stookey,0714,643,506,40.130527036028035,-112.52781168722846,0.9543797969818115
Stookey,0714,723,412,40.10894649307928,-112.56099388767846,0.8278995156288147
Stookey,0714,429,654,40.18825498841596,-112.47556737162633,0.7994775176048279
Stookey,0714,331,612,40.21469115352819,-112.49039346118909,0.9588751196861267
Stookey,0714,504,550,40.168023229401506,-112.5122795934008,0.9545643329620361
Stookey,0714,436,567,40.186366690907946,-112.5062785571492,0.9802725911140442
Stookey,0714,479,523,40.17476714907299,-112.52181065097686,0.9678531885147095
Stookey,0714,731,424,40.1067884387844,-112.5567578620891,0.960921585559845
Stookey,0714,561,558,40.15264709255051,-112.50945557634122,0.9125592112541199
Stookey,0714,583,505,40.1467124432396,-112.5281646893609,0.9706708192825317
Stookey,0714,644,507,40.13025727924118,-112.52745868509601,0.9541618824005127
Stookey,0714,429,630,40.18825498841596,-112.48403942280505,0.9583801627159119
Stookey,0714,383,464,40.2006638006115,-112.54263777679122,0.9815229177474976
Stookey,0714,441,573,40.18501790697365,-112.50416054435452,0.9690337181091309
Stookey,0714,409,428,40.19365012415315,-112.55534585355932,0.9586163759231567
Stookey,0714,488,570,40.172339337991254,-112.50521955075186,0.9462840557098389
Stookey,0714,411,441,40.19311061057943,-112.55075682583751,0.9844475984573364
Stookey,0714,629,395,40.13430363104407,-112.56699492393007,0.6642454862594604
Stookey,0714,543,563,40.157502714713985,-112.50769056567898,0.8514842987060547
Stookey,0714,547,391,40.156423687566544,-112.56840693245985,0.9520389437675476
Stookey,0714,390,493,40.198775503103484,-112.53240071495027,0.926857054233551
Stookey,0714,357,459,40.20767747706984,-112.54440278745346,0.8683281540870667
Stookey,0714,372,434,40.20363112526695,-112.55322784076463,0.6660356521606445
Stookey,0714,461,409,40.17962277123646,-112.5620528940758,0.9869919419288635
Stookey,0714,547,417,40.156423687566544,-112.55922887701624,0.9853755831718445
Stookey,0714,495,561,40.170451040483236,-112.50839656994388,0.9557852745056152
Stookey,0714,406,623,40.19445939451373,-112.48651043773218,0.9919472932815552
Stookey,0714,415,595,40.192031583432,-112.49639449744069,0.9911807179450989
Stookey,0714,659,514,40.12621092743829,-112.52498767016888,0.9042567014694214
Stookey,0714,395,545,40.19742671916919,-112.51404460406303,0.9802333116531372
Stookey,0714,453,604,40.181780825531334,-112.49321747824867,0.9401359558105469
Stookey,0714,670,404,40.12324360278283,-112.56381790473804,0.9641750454902649
Stookey,0714,731,436,40.1067884387844,-112.55252183649975,0.9733599424362183
Stookey,0714,430,480,40.187985231629106,-112.53698974267208,0.846257209777832
Stookey,0714,393,664,40.19796623274291,-112.47203735030186,0.6108002662658691
Stookey,0714,714,448,40.11137430416101,-112.54828581091039,0.9763023257255554
Stookey,0714,493,561,40.17099055405696,-112.50839656994388,0.961799144744873
Stookey,0714,331,611,40.21469115352819,-112.49074646332154,0.96138995885849
Stookey,0714,737,423,40.105169898063245,-112.55711086422156,0.8303222060203552
Stookey,0714,536,560,40.159391012222,-112.50874957207633,0.9318341612815857
Stookey,0714,361,521,40.20659844992241,-112.52251665524176,0.9609318375587463
Stookey,0714,380,476,40.20147307097208,-112.53840175120187,0.9579892754554749
Stookey,0714,364,539,40.205789179561826,-112.51616261685771,0.9604870080947876
Stookey,0714,442,487,40.18474815018679,-112.53451872774495,0.964243471622467
Stookey,0714,505,403,40.16775347261464,-112.56417090687049,0.9571720361709595
Stookey,0714,559,407,40.15318660612423,-112.5627588983407,0.957892119884491
Stookey,0714,346,494,40.2106448017253,-112.53204771281783,0.8001009225845337
Stookey,0714,580,519,40.147521713600185,-112.52322265950666,0.7318311929702759
Stookey,0714,382,666,40.20093355739836,-112.47133134603696,0.570979118347168
Stookey,0714,572,405,40.14967976789506,-112.5634649026056,0.9594295620918274
Stookey,0714,410,597,40.193380367366295,-112.49568849317579,0.9899499416351318
Stookey,0714,384,453,40.20039404382464,-112.54652080024815,0.9608635306358337
Stookey,0714,329,612,40.21523066710191,-112.49039346118909,0.9575809836387634
Stookey,0714,477,410,40.175306662646705,-112.56169989194336,0.9840269088745117
Stookey,0714,665,514,40.124592386717126,-112.52498767016888,0.7863558530807495
Stookey,0714,451,621,40.182320339105054,-112.48721644199706,0.820620596408844
Stookey,0714,359,548,40.20713796349612,-112.51298559766569,0.9765661954879761
Stookey,0714,343,507,40.21145407208588,-112.52745868509601,0.9392969012260437
Stookey,0714,474,576,40.17611593300729,-112.50310153795718,0.9261120557785034
Stookey,0714,718,461,40.11029527701358,-112.54369678318857,0.9651774764060974
Stookey,0714,315,587,40.21900726211794,-112.49921851450026,0.9655447006225586
Stookey,0714,491,551,40.17153006763068,-112.51192659126835,0.9686728715896606
Stookey,0714,377,637,40.202282341332655,-112.48156840787792,0.9661404490470886
Stookey,0714,524,404,40.16262809366431,-112.56381790473804,0.9738962054252625
Stookey,0714,434,587,40.186906204481666,-112.49921851450026,0.9935299158096313
Stookey,0714,500,527,40.16910225654894,-112.52039864244708,0.9631733894348145
Stookey,0714,405,547,40.19472915130059,-112.51333859979813,0.9870031476020813
Stookey,0714,437,479,40.18609693412109,-112.53734274480453,0.9593502283096313
Stookey,0714,483,523,40.17368812192555,-112.52181065097686,0.968987226486206
Stookey,0714,629,510,40.13430363104407,-112.52639967869867,0.9533864855766296
Stookey,0714,368,492,40.20471015241439,-112.53275371708271,0.9219580888748169
Stookey,0714,357,470,40.20767747706984,-112.54051976399654,0.6880138516426086
Stookey,0714,426,413,40.18906425877654,-112.56064088554602,0.9709224700927734
Stookey,0714,336,641,40.213342369593896,-112.48015639934813,0.8567518591880798
Stookey,0714,662,491,40.1254016570777,-112.53310671921517,0.958575963973999
Stookey,0714,461,411,40.17962277123646,-112.56134688981092,0.9897451996803284
Stookey,0714,494,570,40.1707207972701,-112.50521955075186,0.9473555684089661
Stookey,0714,340,551,40.212263342446455,-112.51192659126835,0.9976756572723389
Stookey,0714,739,455,40.104630384489525,-112.54581479598325,0.9435241222381592
Stookey,0714,727,461,40.10786746593184,-112.54369678318857,0.9547929763793945
Stookey,0714,560,510,40.15291684933737,-112.52639967869867,0.9609299898147583
Stookey,0714,540,401,40.15831198507456,-112.56487691113539,0.9728541374206543
Stookey,0714,680,521,40.120546034914234,-112.52251665524176,0.5899181962013245
Stookey,0714,449,609,40.182859852678774,-112.49145246758643,0.8920158743858337
Stookey,0714,528,555,40.161549066516876,-112.51051458273857,0.9525271654129028
Stookey,0714,524,559,40.16262809366431,-112.50910257420878,0.8611171245574951
Stookey,0714,456,607,40.18097155517076,-112.49215847185133,0.9212647676467896
Stookey,0714,439,569,40.18555742054737,-112.5055725528843,0.9731349945068359
Stookey,0714,425,447,40.189334015563404,-112.54863881304283,0.9973894953727722
Stookey,0714,419,633,40.19095255628456,-112.48298041640771,0.9681688547134399
Stookey,0714,379,536,40.201742827758935,-112.51722162325505,0.9648361206054688
Stookey,0714,706,502,40.11353235845589,-112.52922369575825,0.7021300792694092
Stookey,0714,721,486,40.109486006653,-112.5348717298774,0.5686247944831848
Stookey,0714,590,513,40.14482414573159,-112.52534067230134,0.950533926486969
Stookey,0714,391,479,40.19850574631662,-112.53734274480453,0.9316583275794983
Stookey,0714,390,641,40.198775503103484,-112.48015639934813,0.9601793885231018
Stookey,0714,419,480,40.19095255628456,-112.53698974267208,0.7721161246299744
Stookey,0714,448,498,40.18312960946563,-112.53063570428803,0.9790744781494141
Stookey,0714,701,395,40.11488114239019,-112.56699492393007,0.6430306434631348
Stookey,0714,406,646,40.19445939451373,-112.47839138868589,0.9598671793937683
Stookey,0714,462,580,40.1793530144496,-112.5016895294274,0.8788610100746155
Stookey,0714,353,552,40.208756504217284,-112.5115735891359,0.9717817902565002
Stookey,0714,536,558,40.159391012222,-112.50945557634122,0.9441229104995728
Stookey,0714,711,452,40.112183574521595,-112.54687380238059,0.9754194021224976
Stookey,0714,523,530,40.162897850451174,-112.51933963604974,0.9527741074562073
Stookey,0714,496,401,40.17018128369638,-112.56487691113539,0.860893726348877
Stookey,0714,412,658,40.192840853792575,-112.47415536309653,0.8497364521026611
Stookey,0714,398,511,40.19661744880861,-112.52604667656622,0.9600644707679749
Stookey,0714,425,606,40.189334015563404,-112.49251147398377,0.9880027770996094
Stookey,0714,355,463,40.208216990643564,-112.54299077892368,0.6254504919052124
Stookey,0714,425,572,40.189334015563404,-112.50451354648696,0.9875447750091553
Stookey,0714,525,566,40.16235833687745,-112.50663155928164,0.5748892426490784
Stookey,0714,730,471,40.10705819557126,-112.5401667618641,0.9094446897506714
Stookey,0714,438,398,40.185827177334225,-112.56593591753273,0.9432384371757507
Stookey,0714,383,480,40.2006638006115,-112.53698974267208,0.9525408148765564
Stookey,0714,547,389,40.156423687566544,-112.56911293672475,0.8473689556121826
Stookey,0714,416,477,40.191761826645134,-112.53804874906942,0.7117689847946167
Stookey,0714,514,397,40.165325661532904,-112.56628891966517,0.9554265737533569
Stookey,0714,338,619,40.212802856020176,-112.48792244626196,0.9631596803665161
Stookey,0714,690,528,40.11784846704564,-112.52004564031463,0.610990583896637
Stookey,0714,481,403,40.17422763549927,-112.56417090687049,0.8881101608276367
Stookey,0714,559,513,40.15318660612423,-112.52534067230134,0.9568197727203369
Stookey,0714,375,442,40.202821854906375,-112.55040382370507,0.9407901167869568
Stookey,0714,549,546,40.155884173992824,-112.51369160193059,0.9525525569915771
Stookey,0714,325,631,40.21630969424935,-112.4836864206726,0.8175476789474487
Stookey,0714,649,529,40.12890849530688,-112.51969263818218,0.5262592434883118
Stookey,0714,417,472,40.19149206985828,-112.53981375973166,0.6738709211349487
Stookey,0714,401,561,40.195808178448026,-112.50839656994388,0.9856324195861816
Stookey,0714,409,436,40.19365012415315,-112.55252183649975,0.9746133685112
Stookey,0714,738,443,40.10490014127639,-112.55005082157261,0.9516984820365906
Stookey,0714,690,501,40.11784846704564,-112.52957669789069,0.8332381844520569
Stookey,0714,556,402,40.15399587648481,-112.56452390900294,0.9521965384483337
Stookey,0714,422,554,40.19014328592398,-112.51086758487101,0.9774307012557983
Stookey,0714,502,574,40.16856274297522,-112.50380754222208,0.8641613721847534
Stookey,0714,550,505,40.15561441720597,-112.5281646893609,0.9744401574134827
Stookey,0714,536,389,40.159391012222,-112.56911293672475,0.952404260635376
Stookey,0714,387,454,40.19958477346406,-112.5461677981157,0.9756197333335876
Stookey,0714,550,573,40.15561441720597,-112.50416054435452,0.7768482565879822
Stookey,0714,383,650,40.2006638006115,-112.47697938015611,0.8987097144126892
Stookey,0714,433,571,40.18717596126852,-112.50486654861942,0.972995936870575
Stookey,0714,357,649,40.20767747706984,-112.47733238228855,0.7163599729537964
Stookey,0714,617,519,40.137540712486384,-112.52322265950666,0.9366874098777771
Stookey,0714,402,635,40.19553842166117,-112.48227441214281,0.9810417890548706
Stookey,0714,513,394,40.16559541831977,-112.56734792606251,0.9362089037895203
Stookey,0714,632,515,40.13349436068349,-112.52463466803644,0.9502917528152466
Stookey,0714,523,388,40.162897850451174,-112.56946593885719,0.9074591398239136
Stookey,0714,737,436,40.105169898063245,-112.55252183649975,0.9488307237625122
Stookey,0714,732,445,40.10651868199754,-112.54934481730773,0.9626864790916443
Stookey,0714,697,492,40.11596016953762,-112.53275371708271,0.6719688773155212
Stookey,0714,385,657,40.20012428703778,-112.47450836522898,0.5057456493377686
Stookey,0714,317,650,40.21846774854422,-112.47697938015611,0.6199347972869873
Stookey,0714,683,500,40.11973676455366,-112.52992970002315,0.9062740802764893
Stookey,0714,418,604,40.191222313071414,-112.49321747824867,0.9810649156570435
Stookey,0714,375,539,40.202821854906375,-112.51616261685771,0.9612014889717102
Stookey,0714,482,544,40.17395787871241,-112.51439760619547,0.9809425473213196
Stookey,0714,654,400,40.127559711372584,-112.56522991326783,0.9324347376823425
Stookey,0714,501,539,40.16883249976208,-112.51616261685771,0.9592078328132629
Stookey,0714,415,582,40.192031583432,-112.5009835251625,0.9978979229927063
Stookey,0714,551,514,40.155344660419104,-112.52498767016888,0.9599387049674988
Stookey,0714,334,507,40.213881883167616,-112.52745868509601,0.8223924040794373
Stookey,0714,462,409,40.1793530144496,-112.5620528940758,0.9881678223609924
Stookey,0714,347,518,40.21037504493844,-112.5235756616391,0.9567925333976746
Stookey,0714,406,521,40.19445939451373,-112.52251665524176,0.9638801217079163
Stookey,0714,560,557,40.15291684933737,-112.50980857847367,0.9144020080566406
Stookey,0714,441,570,40.18501790697365,-112.50521955075186,0.9694268107414246
Stookey,0714,411,452,40.19311061057943,-112.54687380238059,0.9564107656478882
Stookey,0714,499,531,40.1693720133358,-112.5189866339173,0.9575537443161011
Stookey,0714,390,472,40.198775503103484,-112.53981375973166,0.9559702277183533
Stookey,0714,414,458,40.192301340218854,-112.5447557895859,0.8017935156822205
Stookey,0714,713,461,40.111644060947874,-112.54369678318857,0.9684965014457703
Stookey,0714,345,514,40.21091455851216,-112.52498767016888,0.9524742364883423
Stookey,0714,411,598,40.19311061057943,-112.49533549104335,0.9893370866775513
Stookey,0714,492,408,40.17126031084381,-112.56240589620826,0.962348997592926
Stookey,0714,360,486,40.20686820670927,-112.5348717298774,0.850579559803009
Stookey,0714,419,622,40.19095255628456,-112.48686343986462,0.9913154244422913
Stookey,0714,714,455,40.11137430416101,-112.54581479598325,0.971429705619812
Stookey,0714,621,513,40.13646168533894,-112.52534067230134,0.9535757899284363
Stookey,0714,715,473,40.111104547374154,-112.5394607575992,0.9596744179725647
Stookey,0714,534,381,40.159930525795716,-112.57193695378432,0.5188533663749695
Stookey,0714,411,644,40.19311061057943,-112.47909739295079,0.9617279767990112
Stookey,0714,403,539,40.19526866487431,-112.51616261685771,0.9844891428947449
Stookey,0714,701,523,40.11488114239019,-112.52181065097686,0.759498655796051
Stookey,0714,411,616,40.19311061057943,-112.4889814526593,0.9883744120597839
Stookey,0714,392,477,40.19823598952976,-112.53804874906942,0.9257544875144958
Stookey,0714,338,510,40.212802856020176,-112.52639967869867,0.9314140677452087
Stookey,0714,638,513,40.13187581996233,-112.52534067230134,0.9568869471549988
Stookey,0714,422,627,40.19014328592398,-112.4850984292024,0.9664891958236694
Stookey,0714,446,491,40.18366912303935,-112.53310671921517,0.968318521976471
Stookey,0714,384,485,40.20039404382464,-112.53522473200985,0.9244779348373413
Stookey,0714,316,527,40.218737505331084,-112.52039864244708,0.9401668310165405
Stookey,0714,698,494,40.115690412750766,-112.53204771281783,0.5800460577011108
Stookey,0714,412,591,40.192840853792575,-112.49780650597047,0.9950925707817078
Stookey,0714,333,507,40.21415163995447,-112.52745868509601,0.7728012204170227
Stookey,0714,509,546,40.16667444546721,-112.51369160193059,0.9374147653579712
Stookey,0714,674,488,40.122164575635395,-112.53416572561251,0.9545642137527466
Stookey,0714,382,455,40.20093355739836,-112.54581479598325,0.9768258929252625
Stookey,0714,414,516,40.192301340218854,-112.524281665904,0.966638445854187
Stookey,0714,365,503,40.20551942277497,-112.5288706936258,0.9529081583023071
Stookey,0714,503,523,40.16829298618836,-112.52181065097686,0.9641719460487366
Stookey,0714,534,514,40.159930525795716,-112.52498767016888,0.9743095636367798
Stookey,0714,726,424,40.108137222718696,-112.5567578620891,0.9643276929855347
Stookey,0714,355,530,40.208216990643564,-112.51933963604974,0.9662031531333923
Stookey,0714,307,552,40.221165316412815,-112.5115735891359,0.9168464541435242
Stookey,0714,448,613,40.18312960946563,-112.49004045905664,0.8729338049888611
Stookey,0714,360,456,40.20686820670927,-112.5454617938508,0.9192137718200684
Stookey,0714,361,517,40.20659844992241,-112.52392866377154,0.9610435962677002
Stookey,0714,659,523,40.12621092743829,-112.52181065097686,0.7170138359069824
Stookey,0714,351,476,40.209296017791004,-112.53840175120187,0.5461820363998413
Stookey,0714,430,644,40.187985231629106,-112.47909739295079,0.9506093859672546
Stookey,0714,422,649,40.19014328592398,-112.47733238228855,0.9536270499229431
Stookey,0714,453,580,40.181780825531334,-112.5016895294274,0.956180214881897
Stookey,0714,363,650,40.20605893634869,-112.47697938015611,0.714770495891571
Stookey,0714,648,524,40.12917825209374,-112.52145764884442,0.6097780466079712
Stookey,0714,415,605,40.192031583432,-112.49286447611622,0.9793381690979004
Stookey,0714,345,504,40.21091455851216,-112.52851769149335,0.9401265978813171
Stookey,0714,732,446,40.10651868199754,-112.54899181517527,0.9612458348274231
Stookey,0714,431,484,40.18771547484224,-112.5355777341423,0.8683810234069824
Stookey,0714,720,482,40.10975576343986,-112.53628373840719,0.8207292556762695
Stookey,0714,447,402,40.183399366252495,-112.56452390900294,0.9645960927009583
Stookey,0714,516,553,40.16478614795919,-112.51122058700346,0.960560142993927
Stookey,0714,413,647,40.19257109700571,-112.47803838655345,0.9471566677093506
Stookey,0714,503,543,40.16829298618836,-112.51475060832793,0.9538908004760742
Stookey,0714,310,587,40.22035604605224,-112.49921851450026,0.9603903889656067
Stookey,0714,417,445,40.19149206985828,-112.54934481730773,0.9948459267616272
Stookey,0714,400,446,40.19607793523489,-112.54899181517527,0.9461925029754639
Stookey,0714,404,630,40.19499890808745,-112.48403942280505,0.9924760460853577
Stookey,0714,531,535,40.1607397961563,-112.5175746253875,0.9521965384483337
Stookey,0714,414,502,40.192301340218854,-112.52922369575825,0.9541966319084167
Stookey,0714,401,655,40.195808178448026,-112.47521436949387,0.7585136890411377
Stookey,0714,323,525,40.21684920782307,-112.52110464671198,0.9736143946647644
Stookey,0714,351,551,40.209296017791004,-112.51192659126835,0.9650588631629944
Stookey,0714,344,635,40.211184315299015,-112.48227441214281,0.9434000849723816
Stookey,0714,387,458,40.19958477346406,-112.5447557895859,0.9772894978523254
Stookey,0714,736,468,40.1054396548501,-112.54122576826144,0.9150868654251099
Stookey,0714,424,645,40.18960377235026,-112.47874439081835,0.9540245532989502
Stookey,0714,478,590,40.17503690585985,-112.49815950810293,0.7420935034751892
Stookey,0714,368,495,40.20471015241439,-112.53169471068537,0.9323435425758362
Stookey,0714,477,512,40.175306662646705,-112.52569367443378,0.9838915467262268
Stookey,0714,701,507,40.11488114239019,-112.52745868509601,0.5293678641319275
Stookey,0714,718,409,40.11029527701358,-112.5620528940758,0.875602126121521
Stookey,0714,545,522,40.156963201140265,-112.52216365310932,0.9790093898773193
Stookey,0714,392,512,40.19823598952976,-112.52569367443378,0.9609614014625549
Stookey,0714,709,491,40.11272308809531,-112.53310671921517,0.7038097381591797
Stookey,0714,668,506,40.12378311635655,-112.52781168722846,0.940306544303894
Stookey,0714,671,513,40.12297384599597,-112.52534067230134,0.7613800168037415
Stookey,0714,373,646,40.203361368480095,-112.47839138868589,0.9275277256965637
Stookey,0714,485,558,40.17314860835183,-112.50945557634122,0.9729915857315063
Stookey,0714,577,406,40.14833098396076,-112.56311190047315,0.9628187417984009
Stookey,0714,369,531,40.20444039562753,-112.5189866339173,0.9584259390830994
Stookey,0714,702,475,40.114611385603325,-112.53875475333432,0.959453284740448
Stookey,0714,416,448,40.191761826645134,-112.54828581091039,0.9847508072853088
Stookey,0714,427,492,40.18879450198968,-112.53275371708271,0.9225581884384155
Stookey,0714,504,541,40.168023229401506,-112.51545661259281,0.9564862847328186
Stookey,0714,631,522,40.13376411747035,-112.52216365310932,0.6825953125953674
Stookey,0714,664,483,40.12486214350399,-112.53593073627474,0.9657620787620544
Stookey,0714,398,463,40.19661744880861,-112.54299077892368,0.8824799656867981
Stookey,0714,504,560,40.168023229401506,-112.50874957207633,0.9566636681556702
Stookey,0714,430,604,40.187985231629106,-112.49321747824867,0.9933534860610962
Stookey,0714,457,618,40.1807017983839,-112.4882754483944,0.7341015338897705
Stookey,0714,438,611,40.185827177334225,-112.49074646332154,0.8615999817848206
Stookey,0714,541,544,40.158042228287705,-112.51439760619547,0.9581877589225769
Stookey,0714,425,452,40.189334015563404,-112.54687380238059,0.9929315447807312
Stookey,0714,530,547,40.161009552943156,-112.51333859979813,0.9579413533210754
Stookey,0714,419,660,40.19095255628456,-112.47344935883164,0.8209410309791565
Stookey,0714,661,498,40.125671413864566,-112.53063570428803,0.9569000005722046
Stookey,0714,369,480,40.20444039562753,-112.53698974267208,0.9108667373657227
Stookey,0714,727,454,40.10786746593184,-112.5461677981157,0.9590883255004883
Stookey,0714,358,480,40.20740772028299,-112.53698974267208,0.8381916284561157
Stookey,0714,360,497,40.20686820670927,-112.53098870642049,0.9365948438644409
Stookey,0714,510,537,40.166404688680345,-112.51686862112261,0.9477964043617249
Stookey,0714,522,389,40.16316760723803,-112.56911293672475,0.9108288884162903
Stookey,0714,423,497,40.18987352913712,-112.53098870642049,0.956267237663269
Stookey,0714,392,638,40.19823598952976,-112.48121540574547,0.9667854905128479
Stookey,0714,440,572,40.18528766376051,-112.50451354648696,0.9670182466506958
Stookey,0714,379,486,40.201742827758935,-112.5348717298774,0.84255051612854
Stookey,0714,409,430,40.19365012415315,-112.55463984929442,0.9621354341506958
Stookey,0714,613,522,40.13861973963382,-112.52216365310932,0.8771728873252869
Stookey,0714,373,443,40.203361368480095,-112.55005082157261,0.9379313588142395
Stookey,0714,520,401,40.16370712081175,-112.56487691113539,0.9629132747650146
Stookey,0714,388,500,40.199315016677204,-112.52992970002315,0.9294703602790833
Stookey,0714,394,475,40.19769647595604,-112.53875475333432,0.9088420271873474
Stookey,0714,561,406,40.15264709255051,-112.56311190047315,0.956572949886322
Stookey,0714,572,514,40.14967976789506,-112.52498767016888,0.8993512988090515
Stookey,0714,691,478,40.11757871025878,-112.53769574693698,0.9604200124740601
Stookey,0714,373,533,40.203361368480095,-112.5182806296524,0.9593483805656433
Stookey,0714,415,633,40.192031583432,-112.48298041640771,0.9761211276054382
Stookey,0714,383,507,40.2006638006115,-112.52745868509601,0.963800847530365
Stookey,0714,647,524,40.1294480088806,-112.52145764884442,0.5870034098625183
Stookey,0714,535,547,40.15966076900886,-112.51333859979813,0.9573703408241272
Stookey,0714,688,525,40.11838798061936,-112.52110464671198,0.6610245704650879
Stookey,0714,490,548,40.17179982441753,-112.51298559766569,0.9717775583267212
Stookey,0714,359,501,40.20713796349612,-112.52957669789069,0.9450891017913818
Stookey,0714,489,545,40.1720695812044,-112.51404460406303,0.9644354581832886
Stookey,0714,348,547,40.21010528815158,-112.51333859979813,0.9750188589096069
Stookey,0714,441,400,40.18501790697365,-112.56522991326783,0.9618619084358215
Stookey,0714,350,479,40.20956577457786,-112.53734274480453,0.5868256092071533
Stookey,0714,416,639,40.191761826645134,-112.48086240361303,0.9675348401069641
Stookey,0714,440,399,40.18528766376051,-112.56558291540028,0.9661871194839478
Stookey,0714,526,562,40.1620885800906,-112.50804356781144,0.8960912823677063
Stookey,0714,716,436,40.1108347905873,-112.55252183649975,0.9815724492073059
Stookey,0714,398,633,40.19661744880861,-112.48298041640771,0.9902019500732422
Stookey,0714,338,627,40.212802856020176,-112.4850984292024,0.9522385001182556
Stookey,0714,577,553,40.14833098396076,-112.51122058700346,0.524798572063446
Stookey,0714,345,547,40.21091455851216,-112.51333859979813,0.9832788109779358
Stookey,0714,538,408,40.15885149864828,-112.56240589620826,0.9870594143867493
Stookey,0714,420,625,40.1906827994977,-112.48580443346728,0.9841757416725159
Stookey,0714,459,403,40.18016228481018,-112.56417090687049,0.9678564667701721
Stookey,0714,561,515,40.15264709255051,-112.52463466803644,0.9524389505386353
Stookey,0714,339,546,40.21253309923331,-112.51369160193059,0.9971437454223633
Stookey,0714,711,492,40.112183574521595,-112.53275371708271,0.6771413683891296
Stookey,0714,734,449,40.10597916842382,-112.54793280877793,0.9579908847808838
Stookey,0714,363,548,40.20605893634869,-112.51298559766569,0.9779697060585022
Stookey,0714,641,504,40.131066549601755,-112.52851769149335,0.9559621214866638
Stookey,0714,408,554,40.19391988094001,-112.51086758487101,0.9818846583366394
Stookey,0714,402,615,40.19553842166117,-112.48933445479175,0.9950271844863892
Stookey,0714,510,519,40.166404688680345,-112.52322265950666,0.9676958918571472
Stookey,0714,542,565,40.15777247150084,-112.5069845614141,0.8015205264091492
Stookey,0714,379,460,40.201742827758935,-112.54404978532102,0.9769221544265747
Stookey,0714,733,425,40.106248925210686,-112.55640485995666,0.9562292098999023
Stookey,0714,315,582,40.21900726211794,-112.5009835251625,0.9690287113189697
Stookey,0714,306,590,40.22143507319968,-112.49815950810293,0.9269605278968811
Stookey,0714,561,531,40.15264709255051,-112.5189866339173,0.9521965384483337
Stookey,0714,445,623,40.18393887982621,-112.48651043773218,0.7185328006744385
Stookey,0714,389,443,40.19904525989034,-112.55005082157261,0.8959736824035645
Stookey,0714,402,636,40.19553842166117,-112.48192141001037,0.9759224653244019
Stookey,0714,384,463,40.20039404382464,-112.54299077892368,0.9809505343437195
Stookey,0714,445,589,40.18393887982621,-112.49851251023537,0.9601802229881287
Stookey,0714,737,443,40.105169898063245,-112.55005082157261,0.9461691975593567
Stookey,0714,549,512,40.155884173992824,-112.52569367443378,0.9620300531387329
Stookey,0714,540,408,40.15831198507456,-112.56240589620826,0.9844802021980286
Stookey,0714,705,401,40.11380211524275,-112.56487691113539,0.9432891607284546
Stookey,0714,423,496,40.18987352913712,-112.53134170855293,0.9540107250213623
Stookey,0714,559,549,40.15318660612423,-112.51263259553325,0.9369069933891296
Stookey,0714,702,503,40.114611385603325,-112.5288706936258,0.7354916334152222
Stookey,0714,375,522,40.202821854906375,-112.52216365310932,0.9589138627052307
Stookey,0714,393,467,40.19796623274291,-112.54157877039388,0.9660107493400574
Stookey,0714,510,393,40.166404688680345,-112.56770092819495,0.8623914122581482
Stookey,0714,478,580,40.17503690585985,-112.5016895294274,0.8215908408164978
Stookey,0714,431,480,40.18771547484224,-112.53698974267208,0.8798251152038574
Stookey,0714,513,519,40.16559541831977,-112.52322265950666,0.968036413192749
Stookey,0714,736,460,40.1054396548501,-112.54404978532102,0.9454079866409302
Stookey,0714,515,398,40.16505590474605,-112.56593591753273,0.9521965384483337
Stookey,0714,614,551,40.13834998284696,-112.51192659126835,0.5802525877952576
Stookey,0714,425,612,40.189334015563404,-112.49039346118909,0.9869766235351562
Stookey,0714,389,439,40.19904525989034,-112.55146283010241,0.7537572383880615
Stookey,0714,506,526,40.167483715827785,-112.52075164457952,0.9631312489509583
Stookey,0714,555,393,40.15426563327167,-112.56770092819495,0.7210812568664551
Stookey,0714,360,470,40.20686820670927,-112.54051976399654,0.8978343605995178
Stookey,0714,402,528,40.19553842166117,-112.52004564031463,0.964003324508667
Stookey,0714,486,542,40.172878851564974,-112.51510361046037,0.9718866348266602
Stookey,0714,302,575,40.22251410034711,-112.50345454008962,0.9534382224082947
Stookey,0714,413,431,40.19257109700571,-112.55428684716198,0.9694201350212097
Stookey,0714,730,438,40.10705819557126,-112.55181583223485,0.9757011532783508
Stookey,0714,314,613,40.219277018904805,-112.49004045905664,0.9042638540267944
Stookey,0714,398,452,40.19661744880861,-112.54687380238059,0.9624454975128174
Stookey,0714,375,501,40.202821854906375,-112.52957669789069,0.9564713835716248
Stookey,0714,633,519,40.13322460389663,-112.52322265950666,0.8977127075195312
Stookey,0714,557,494,40.15372611969795,-112.53204771281783,0.9838600754737854
Stookey,0714,452,603,40.1820505823182,-112.49357048038111,0.9406027793884277
Stookey,0714,432,626,40.187445718055386,-112.48545143133484,0.9596824645996094
Stookey,0714,651,511,40.12836898173316,-112.52604667656622,0.9535576701164246
Stookey,0714,389,436,40.19904525989034,-112.55252183649975,0.574264645576477
Stookey,0714,521,403,40.163437364024894,-112.56417090687049,0.9677273035049438
Stookey,0714,543,396,40.157502714713985,-112.56664192179761,0.9599904417991638
Stookey,0714,330,510,40.21496091031505,-112.52639967869867,0.8163692355155945
Stookey,0714,329,640,40.21523066710191,-112.48050940148057,0.841869592666626
Stookey,0714,675,508,40.12189481884853,-112.52710568296357,0.7823259234428406
Stookey,0714,344,498,40.211184315299015,-112.53063570428803,0.7119129300117493
Stookey,0714,397,517,40.196887205595466,-112.52392866377154,0.9601086974143982
Stookey,0714,673,508,40.12243433242225,-112.52710568296357,0.824349582195282
Stookey,0714,670,518,40.12324360278283,-112.5235756616391,0.8047671914100647
Stookey,0714,445,614,40.18393887982621,-112.4896874569242,0.777558445930481
Stookey,0714,715,470,40.111104547374154,-112.54051976399654,0.961759626865387
Stookey,0714,462,413,40.1793530144496,-112.56064088554602,0.9922277331352234
Stookey,0714,679,487,40.1208157917011,-112.53451872774495,0.9490231871604919
Stookey,0714,407,526,40.19418963772687,-112.52075164457952,0.9666233062744141
Stookey,0714,374,474,40.20309161169323,-112.53910775546676,0.9646291732788086
Stookey,0714,348,481,40.21010528815158,-112.53663674053963,0.5107662677764893
Stookey,0714,685,500,40.11919725097994,-112.52992970002315,0.8898431658744812
Stookey,0714,689,525,40.1181182238325,-112.52110464671198,0.6693212985992432
Stookey,0714,560,503,40.15291684933737,-112.5288706936258,0.9701078534126282
Stookey,0714,414,582,40.192301340218854,-112.5009835251625,0.9973044991493225
Stookey,0714,504,546,40.168023229401506,-112.51369160193059,0.95304274559021
Stookey,0714,728,419,40.10759770914498,-112.55852287275134,0.9089619517326355
Stookey,0714,433,562,40.18717596126852,-112.50804356781144,0.9735134840011597
Stookey,0714,709,407,40.11272308809531,-112.5627588983407,0.9540989398956299
Stookey,0714,416,501,40.191761826645134,-112.52957669789069,0.9530826807022095
Stookey,0714,377,432,40.202282341332655,-112.55393384502953,0.6573845744132996
Stookey,0714,307,588,40.221165316412815,-112.49886551236781,0.9536347389221191
Stookey,0714,310,522,40.22035604605224,-112.52216365310932,0.6896716952323914
Stookey,0714,400,649,40.19607793523489,-112.47733238228855,0.942563533782959
Stookey,0714,409,604,40.19365012415315,-112.49321747824867,0.9864652752876282
Stookey,0714,404,415,40.19499890808745,-112.55993488128112,0.5361181497573853
Stookey,0714,705,404,40.11380211524275,-112.56381790473804,0.9499636888504028
Stookey,0714,659,520,40.12621092743829,-112.5228696573742,0.751462459564209
Stookey,0714,707,405,40.11326260166903,-112.5634649026056,0.9522010684013367
Stookey,0714,541,384,40.158042228287705,-112.57087794738698,0.8009323477745056
Stookey,0714,488,551,40.172339337991254,-112.51192659126835,0.9715080261230469
Stookey,0714,342,538,40.211723828872735,-112.51651561899016,0.978046178817749
Stookey,0714,321,625,40.21738872139679,-112.48580443346728,0.7508252859115601
Stookey,0714,659,515,40.12621092743829,-112.52463466803644,0.9072834253311157
Stookey,0714,382,471,40.20093355739836,-112.5401667618641,0.971612811088562
Stookey,0714,712,449,40.11191381773473,-112.54793280877793,0.9764609932899475
Stookey,0714,372,507,40.20363112526695,-112.52745868509601,0.9544075727462769
Stookey,0714,422,558,40.19014328592398,-112.50945557634122,0.9751608371734619
Stookey,0714,416,446,40.191761826645134,-112.54899181517527,0.9922138452529907
Stookey,0714,402,553,40.19553842166117,-112.51122058700346,0.9866564869880676
Stookey,0714,427,565,40.18879450198968,-112.5069845614141,0.9703798890113831
Stookey,0714,707,513,40.11326260166903,-112.52534067230134,0.7002776265144348
Stookey,0714,299,545,40.223323370707696,-112.51404460406303,0.6282321810722351
Stookey,0714,438,394,40.185827177334225,-112.56734792606251,0.66756272315979
Stookey,0714,675,398,40.12189481884853,-112.56593591753273,0.8852086663246155
Stookey,0714,719,466,40.11002552022671,-112.54193177252634,0.9606130719184875
Stookey,0714,370,468,40.20417063884067,-112.54122576826144,0.9690380692481995
Stookey,0714,567,560,40.151028551829356,-112.50874957207633,0.9257925748825073
Stookey,0714,520,559,40.16370712081175,-112.50910257420878,0.8615534901618958
Stookey,0714,413,581,40.19257109700571,-112.50133652729494,0.997822642326355
Stookey,0714,545,538,40.156963201140265,-112.51651561899016,0.9565672278404236
Stookey,0714,382,653,40.20093355739836,-112.47592037375877,0.7102547883987427
Stookey,0714,417,661,40.19149206985828,-112.47309635669919,0.8344219326972961
Stookey,0714,482,522,40.17395787871241,-112.52216365310932,0.9696657657623291
Stookey,0714,714,435,40.11137430416101,-112.55287483863219,0.9831130504608154
Stookey,0714,607,506,40.14023828035498,-112.52781168722846,0.9733400940895081
Stookey,0714,651,495,40.12836898173316,-112.53169471068537,0.9655985236167908
Stookey,0714,433,604,40.18717596126852,-112.49321747824867,0.9878411889076233
Stookey,0714,313,585,40.21954677569166,-112.49992451876516,0.96829754114151
Stookey,0714,682,476,40.120006521340514,-112.53840175120187,0.9630545973777771
Stookey,0714,426,503,40.18906425877654,-112.5288706936258,0.9639679193496704
Stookey,0714,421,513,40.19041304271084,-112.52534067230134,0.9729716777801514
Stookey,0714,734,455,40.10597916842382,-112.54581479598325,0.9556593298912048
Stookey,0714,392,530,40.19823598952976,-112.51933963604974,0.9621877670288086
Stookey,0714,348,568,40.21010528815158,-112.50592555501676,0.9856738448143005
Stookey,0714,487,564,40.17260909477811,-112.50733756354654,0.9656691551208496
Stookey,0714,405,526,40.19472915130059,-112.52075164457952,0.9661839604377747
Stookey,0714,391,478,40.19850574631662,-112.53769574693698,0.9364732503890991
