burnName,date,y,x,lat,lon,predicted_prob
Taylor_Hollow,0714,504,496,37.859985952662804,-79.21818643116288,0.7160284519195557
Taylor_Hollow,0714,554,506,37.846498113319825,-79.21476977534496,0.670785129070282
Taylor_Hollow,0714,527,513,37.85378154656503,-79.21237811627242,0.9849681854248047
Taylor_Hollow,0714,544,523,37.84919568118842,-79.20896146045449,0.6803514957427979
Taylor_Hollow,0714,563,512,37.844070302238094,-79.2127197818542,0.8004947900772095
Taylor_Hollow,0714,540,523,37.85027470833586,-79.20896146045449,0.6550271511077881
Taylor_Hollow,0714,533,507,37.85216300584388,-79.21442810976316,0.9552183747291565
Taylor_Hollow,0714,552,522,37.847037626893545,-79.20930312603629,0.5598531365394592
Taylor_Hollow,0714,563,533,37.844070302238094,-79.20554480463657,0.5219326019287109
Taylor_Hollow,0714,554,486,37.846498113319825,-79.2216030869808,0.866202712059021
Taylor_Hollow,0714,528,519,37.853511789778175,-79.21032812278166,0.9509985446929932
Taylor_Hollow,0714,545,461,37.84892592440156,-79.23014472652561,0.8856285214424133
Taylor_Hollow,0714,535,467,37.85162349227016,-79.22809473303485,0.6630052328109741
Taylor_Hollow,0714,540,507,37.85027470833586,-79.21442810976316,0.9343312382698059
Taylor_Hollow,0714,522,497,37.85513033049933,-79.21784476558109,0.886315643787384
Taylor_Hollow,0714,517,492,37.856479114433625,-79.21955309349005,0.5967937707901001
Taylor_Hollow,0714,548,477,37.848116654040986,-79.22467807721694,0.9044145941734314
Taylor_Hollow,0714,539,459,37.85054446512272,-79.2308280576892,0.7986214756965637
Taylor_Hollow,0714,541,499,37.850004951549,-79.2171614344175,0.865898847579956
Taylor_Hollow,0714,550,507,37.847577140467266,-79.21442810976316,0.8821502923965454
Taylor_Hollow,0714,551,478,37.8473073836804,-79.22433641163514,0.8647889494895935
Taylor_Hollow,0714,568,534,37.8427215183038,-79.20520313905479,0.7349693179130554
Taylor_Hollow,0714,502,499,37.86052546623652,-79.2171614344175,0.6625327467918396
Taylor_Hollow,0714,531,530,37.8527025194176,-79.20656980138195,0.5309561491012573
Taylor_Hollow,0714,550,503,37.847577140467266,-79.21579477209033,0.8928017616271973
Taylor_Hollow,0714,553,469,37.84676787010669,-79.22741140187127,0.8503010272979736
Taylor_Hollow,0714,518,494,37.85620935764677,-79.21886976232646,0.86796635389328
Taylor_Hollow,0714,529,526,37.85324203299131,-79.20793646370912,0.8519778847694397
Taylor_Hollow,0714,512,493,37.85782789836792,-79.21921142790826,0.8072490692138672
Taylor_Hollow,0714,523,528,37.85486057371247,-79.20725313254553,0.8674753904342651
Taylor_Hollow,0714,564,477,37.84380054545123,-79.22467807721694,0.6831468343734741
Taylor_Hollow,0714,549,475,37.84784689725412,-79.22536140838052,0.8934068083763123
Taylor_Hollow,0714,513,526,37.857558141581066,-79.20793646370912,0.9758034944534302
Taylor_Hollow,0714,550,462,37.847577140467266,-79.22980306094381,0.9361174702644348
Taylor_Hollow,0714,542,494,37.84973519476214,-79.21886976232646,0.796543538570404
Taylor_Hollow,0714,527,517,37.85378154656503,-79.21101145394525,0.966116189956665
Taylor_Hollow,0714,525,516,37.85432106013875,-79.21135311952705,0.9882887601852417
Taylor_Hollow,0714,499,513,37.8613347365971,-79.21237811627242,0.8518498539924622
Taylor_Hollow,0714,532,496,37.852432762630734,-79.21818643116288,0.6357961893081665
Taylor_Hollow,0714,544,498,37.84919568118842,-79.21750309999929,0.8645673394203186
Taylor_Hollow,0714,508,495,37.85890692551536,-79.21852809674468,0.8687787055969238
Taylor_Hollow,0714,541,521,37.850004951549,-79.20964479161808,0.7654328942298889
Taylor_Hollow,0714,550,526,37.847577140467266,-79.20793646370912,0.6671847105026245
Taylor_Hollow,0714,544,454,37.84919568118842,-79.23253638559815,0.9281599521636963
Taylor_Hollow,0714,525,496,37.85432106013875,-79.21818643116288,0.8177860975265503
Taylor_Hollow,0714,555,499,37.84622835653297,-79.2171614344175,0.8363174200057983
Taylor_Hollow,0714,557,492,37.84568884295925,-79.21955309349005,0.8521280288696289
Taylor_Hollow,0714,542,459,37.84973519476214,-79.2308280576892,0.8787059783935547
Taylor_Hollow,0714,511,497,37.858097655154786,-79.21784476558109,0.9201768636703491
Taylor_Hollow,0714,545,512,37.84892592440156,-79.2127197818542,0.9089709520339966
Taylor_Hollow,0714,497,501,37.861874250170814,-79.21647810325392,0.6396462321281433
Taylor_Hollow,0714,539,520,37.85054446512272,-79.20998645719988,0.7991533279418945
Taylor_Hollow,0714,547,479,37.84838641082784,-79.22399474605335,0.8789622783660889
Taylor_Hollow,0714,530,455,37.852972276204454,-79.23219472001637,0.792631983757019
Taylor_Hollow,0714,536,524,37.8513537354833,-79.2086197948727,0.6961612701416016
Taylor_Hollow,0714,555,496,37.84622835653297,-79.21818643116288,0.8622645735740662
Taylor_Hollow,0714,524,525,37.85459081692561,-79.20827812929092,0.9410420060157776
Taylor_Hollow,0714,530,499,37.852972276204454,-79.2171614344175,0.8374795317649841
Taylor_Hollow,0714,529,448,37.85324203299131,-79.23458637908891,0.826713502407074
Taylor_Hollow,0714,519,517,37.855939600859905,-79.21101145394525,0.985580563545227
Taylor_Hollow,0714,541,452,37.850004951549,-79.23321971676174,0.9331691265106201
Taylor_Hollow,0714,550,491,37.847577140467266,-79.21989475907185,0.8446369171142578
Taylor_Hollow,0714,553,498,37.84676787010669,-79.21750309999929,0.8043712973594666
Taylor_Hollow,0714,536,453,37.8513537354833,-79.23287805117994,0.8626542687416077
Taylor_Hollow,0714,536,508,37.8513537354833,-79.21408644418138,0.9413741827011108
Taylor_Hollow,0714,549,464,37.84784689725412,-79.22911972978024,0.9316317439079285
Taylor_Hollow,0714,541,524,37.850004951549,-79.2086197948727,0.6964014768600464
Taylor_Hollow,0714,533,469,37.85216300584388,-79.22741140187127,0.6027732491493225
Taylor_Hollow,0714,536,516,37.8513537354833,-79.21135311952705,0.918997585773468
Taylor_Hollow,0714,541,462,37.850004951549,-79.22980306094381,0.8468610048294067
Taylor_Hollow,0714,548,507,37.848116654040986,-79.21442810976316,0.8936600685119629
Taylor_Hollow,0714,524,517,37.85459081692561,-79.21101145394525,0.9866431951522827
Taylor_Hollow,0714,499,523,37.8613347365971,-79.20896146045449,0.8080865740776062
Taylor_Hollow,0714,527,510,37.85378154656503,-79.21340311301779,0.9847210049629211
Taylor_Hollow,0714,530,516,37.852972276204454,-79.21135311952705,0.9524345397949219
Taylor_Hollow,0714,526,514,37.854051303351895,-79.21203645069062,0.9887455105781555
Taylor_Hollow,0714,534,519,37.851893249057014,-79.21032812278166,0.909062385559082
Taylor_Hollow,0714,526,521,37.854051303351895,-79.20964479161808,0.9591392874717712
Taylor_Hollow,0714,530,451,37.852972276204454,-79.23356138234352,0.8196210265159607
Taylor_Hollow,0714,543,473,37.84946543797528,-79.22604473954411,0.8774572014808655
Taylor_Hollow,0714,569,529,37.842451761516934,-79.20691146696375,0.638662576675415
Taylor_Hollow,0714,540,460,37.85027470833586,-79.2304863921074,0.7885675430297852
Taylor_Hollow,0714,529,528,37.85324203299131,-79.20725313254553,0.7973611950874329
Taylor_Hollow,0714,522,517,37.85513033049933,-79.21101145394525,0.9900676012039185
Taylor_Hollow,0714,546,471,37.848656167614706,-79.22672807070768,0.9009919166564941
Taylor_Hollow,0714,544,525,37.84919568118842,-79.20827812929092,0.6275160312652588
Taylor_Hollow,0714,562,511,37.84434005902495,-79.213061447436,0.7999794483184814
Taylor_Hollow,0714,552,520,37.847037626893545,-79.20998645719988,0.5210927128791809
Taylor_Hollow,0714,502,518,37.86052546623652,-79.21066978836346,0.8642058968544006
Taylor_Hollow,0714,504,525,37.859985952662804,-79.20827812929092,0.8972945213317871
Taylor_Hollow,0714,539,457,37.85054446512272,-79.23151138885278,0.8349876403808594
Taylor_Hollow,0714,504,523,37.859985952662804,-79.20896146045449,0.882064938545227
Taylor_Hollow,0714,538,489,37.85081422190958,-79.22057809023542,0.5731828212738037
Taylor_Hollow,0714,549,487,37.84784689725412,-79.221261421399,0.8638004660606384
Taylor_Hollow,0714,549,511,37.84784689725412,-79.213061447436,0.8859549760818481
Taylor_Hollow,0714,550,506,37.847577140467266,-79.21476977534496,0.876067042350769
Taylor_Hollow,0714,557,498,37.84568884295925,-79.21750309999929,0.8403530716896057
Taylor_Hollow,0714,550,488,37.847577140467266,-79.22091975581722,0.8687690496444702
Taylor_Hollow,0714,527,450,37.85378154656503,-79.23390304792532,0.6698614954948425
Taylor_Hollow,0714,543,460,37.84946543797528,-79.2304863921074,0.8662198185920715
Taylor_Hollow,0714,569,531,37.842451761516934,-79.20622813580016,0.6703124642372131
Taylor_Hollow,0714,522,514,37.85513033049933,-79.21203645069062,0.9941097497940063
Taylor_Hollow,0714,520,493,37.85566984407305,-79.21921142790826,0.7549528479576111
Taylor_Hollow,0714,556,493,37.845958599746105,-79.21921142790826,0.8664673566818237
Taylor_Hollow,0714,507,499,37.85917668230222,-79.2171614344175,0.8933783769607544
Taylor_Hollow,0714,547,514,37.84838641082784,-79.21203645069062,0.876889169216156
Taylor_Hollow,0714,562,508,37.84434005902495,-79.21408644418138,0.8208098411560059
Taylor_Hollow,0714,518,523,37.85620935764677,-79.20896146045449,0.9807459115982056
Taylor_Hollow,0714,507,495,37.85917668230222,-79.21852809674468,0.857397198677063
Taylor_Hollow,0714,530,518,37.852972276204454,-79.21066978836346,0.9540802836418152
Taylor_Hollow,0714,561,480,37.84460981581181,-79.22365308047155,0.553676962852478
Taylor_Hollow,0714,497,523,37.861874250170814,-79.20896146045449,0.6746406555175781
Taylor_Hollow,0714,552,462,37.847037626893545,-79.22980306094381,0.905265212059021
Taylor_Hollow,0714,531,501,37.8527025194176,-79.21647810325392,0.9175288677215576
Taylor_Hollow,0714,552,502,37.847037626893545,-79.21613643767213,0.840369701385498
Taylor_Hollow,0714,559,510,37.84514932938553,-79.21340311301779,0.6864716410636902
Taylor_Hollow,0714,562,514,37.84434005902495,-79.21203645069062,0.7409231662750244
Taylor_Hollow,0714,497,502,37.861874250170814,-79.21613643767213,0.6672570705413818
Taylor_Hollow,0714,546,484,37.848656167614706,-79.22228641814439,0.8416777849197388
Taylor_Hollow,0714,526,451,37.854051303351895,-79.23356138234352,0.5639699697494507
Taylor_Hollow,0714,530,449,37.852972276204454,-79.23424471350711,0.8408300280570984
Taylor_Hollow,0714,537,466,37.85108397869644,-79.22843639861665,0.7650516629219055
Taylor_Hollow,0714,560,500,37.84487957259867,-79.21681976883572,0.8282126188278198
Taylor_Hollow,0714,562,521,37.84434005902495,-79.20964479161808,0.5365523099899292
Taylor_Hollow,0714,497,517,37.861874250170814,-79.21101145394525,0.7593631744384766
Taylor_Hollow,0714,524,492,37.85459081692561,-79.21955309349005,0.5752036571502686
Taylor_Hollow,0714,568,523,37.8427215183038,-79.20896146045449,0.6406729221343994
Taylor_Hollow,0714,548,456,37.848116654040986,-79.23185305443457,0.9537928700447083
Taylor_Hollow,0714,533,528,37.85216300584388,-79.20725313254553,0.673900306224823
Taylor_Hollow,0714,536,450,37.8513537354833,-79.23390304792532,0.872601330280304
Taylor_Hollow,0714,530,515,37.852972276204454,-79.21169478510883,0.9616467952728271
Taylor_Hollow,0714,520,516,37.85566984407305,-79.21135311952705,0.9868587851524353
Taylor_Hollow,0714,498,499,37.86160449338396,-79.2171614344175,0.6138337850570679
Taylor_Hollow,0714,552,501,37.847037626893545,-79.21647810325392,0.848542332649231
Taylor_Hollow,0714,570,532,37.84218200473008,-79.20588647021836,0.7525225281715393
Taylor_Hollow,0714,529,521,37.85324203299131,-79.20964479161808,0.9492833018302917
Taylor_Hollow,0714,507,528,37.85917668230222,-79.20725313254553,0.8960891366004944
Taylor_Hollow,0714,564,506,37.84380054545123,-79.21476977534496,0.7389059066772461
Taylor_Hollow,0714,519,520,37.855939600859905,-79.20998645719988,0.9810444712638855
Taylor_Hollow,0714,544,477,37.84919568118842,-79.22467807721694,0.8739692568778992
Taylor_Hollow,0714,532,510,37.852432762630734,-79.21340311301779,0.9689075946807861
Taylor_Hollow,0714,542,487,37.84973519476214,-79.221261421399,0.7382680773735046
Taylor_Hollow,0714,549,514,37.84784689725412,-79.21203645069062,0.8608203530311584
Taylor_Hollow,0714,551,472,37.8473073836804,-79.2263864051259,0.9020642042160034
Taylor_Hollow,0714,559,481,37.84514932938553,-79.22331141488976,0.7120834589004517
Taylor_Hollow,0714,520,496,37.85566984407305,-79.21818643116288,0.884848415851593
Taylor_Hollow,0714,500,516,37.86106497981024,-79.21135311952705,0.8389352560043335
Taylor_Hollow,0714,528,446,37.853511789778175,-79.2352697102525,0.7807391881942749
Taylor_Hollow,0714,527,448,37.85378154656503,-79.23458637908891,0.7102913856506348
Taylor_Hollow,0714,543,466,37.84946543797528,-79.22843639861665,0.8800826668739319
Taylor_Hollow,0714,517,524,37.856479114433625,-79.2086197948727,0.9782547950744629
Taylor_Hollow,0714,526,508,37.854051303351895,-79.21408644418138,0.9757384061813354
Taylor_Hollow,0714,535,496,37.85162349227016,-79.21818643116288,0.7081887722015381
Taylor_Hollow,0714,526,455,37.854051303351895,-79.23219472001637,0.621522843837738
Taylor_Hollow,0714,535,529,37.85162349227016,-79.20691146696375,0.5920171141624451
Taylor_Hollow,0714,549,498,37.84784689725412,-79.21750309999929,0.875526487827301
Taylor_Hollow,0714,507,497,37.85917668230222,-79.21784476558109,0.8868669271469116
Taylor_Hollow,0714,540,454,37.85027470833586,-79.23253638559815,0.8992815613746643
Taylor_Hollow,0714,563,509,37.844070302238094,-79.21374477859959,0.813885509967804
Taylor_Hollow,0714,548,506,37.848116654040986,-79.21476977534496,0.8945226669311523
Taylor_Hollow,0714,505,494,37.85971619587594,-79.21886976232646,0.6716870665550232
Taylor_Hollow,0714,527,523,37.85378154656503,-79.20896146045449,0.9505196809768677
Taylor_Hollow,0714,536,462,37.8513537354833,-79.22980306094381,0.7817387580871582
Taylor_Hollow,0714,544,483,37.84919568118842,-79.22262808372618,0.8269587755203247
Taylor_Hollow,0714,562,499,37.84434005902495,-79.2171614344175,0.831929087638855
Taylor_Hollow,0714,572,522,37.84164249115636,-79.20930312603629,0.592682421207428
Taylor_Hollow,0714,532,502,37.852432762630734,-79.21613643767213,0.9183821678161621
Taylor_Hollow,0714,560,512,37.84487957259867,-79.2127197818542,0.6173980832099915
Taylor_Hollow,0714,523,521,37.85486057371247,-79.20964479161808,0.9736807346343994
Taylor_Hollow,0714,539,512,37.85054446512272,-79.2127197818542,0.9426147937774658
Taylor_Hollow,0714,538,507,37.85081422190958,-79.21442810976316,0.9561740756034851
Taylor_Hollow,0714,561,473,37.84460981581181,-79.22604473954411,0.7546973824501038
Taylor_Hollow,0714,528,510,37.853511789778175,-79.21340311301779,0.9766190052032471
Taylor_Hollow,0714,551,495,37.8473073836804,-79.21852809674468,0.8626295924186707
Taylor_Hollow,0714,502,498,37.86052546623652,-79.21750309999929,0.6457381844520569
Taylor_Hollow,0714,537,462,37.85108397869644,-79.22980306094381,0.8018240928649902
Taylor_Hollow,0714,554,494,37.846498113319825,-79.21886976232646,0.8568878769874573
Taylor_Hollow,0714,552,465,37.847037626893545,-79.22877806419844,0.910679280757904
Taylor_Hollow,0714,521,523,37.85540008728619,-79.20896146045449,0.9689950942993164
Taylor_Hollow,0714,546,485,37.848656167614706,-79.22194475256259,0.8426599502563477
Taylor_Hollow,0714,540,479,37.85027470833586,-79.22399474605335,0.7578395009040833
Taylor_Hollow,0714,543,509,37.84946543797528,-79.21374477859959,0.9152782559394836
Taylor_Hollow,0714,535,470,37.85162349227016,-79.22706973628948,0.7335519194602966
Taylor_Hollow,0714,535,521,37.85162349227016,-79.20964479161808,0.9105509519577026
Taylor_Hollow,0714,544,474,37.84919568118842,-79.22570307396231,0.8788996338844299
Taylor_Hollow,0714,562,496,37.84434005902495,-79.21818643116288,0.7958155870437622
Taylor_Hollow,0714,555,500,37.84622835653297,-79.21681976883572,0.8309581279754639
Taylor_Hollow,0714,524,507,37.85459081692561,-79.21442810976316,0.9782781600952148
Taylor_Hollow,0714,522,524,37.85513033049933,-79.2086197948727,0.9524610638618469
Taylor_Hollow,0714,529,510,37.85324203299131,-79.21340311301779,0.9684218168258667
Taylor_Hollow,0714,521,525,37.85540008728619,-79.20827812929092,0.9578143358230591
Taylor_Hollow,0714,535,515,37.85162349227016,-79.21169478510883,0.9573274850845337
Taylor_Hollow,0714,565,502,37.843530788664374,-79.21613643767213,0.5704967379570007
Taylor_Hollow,0714,532,526,37.852432762630734,-79.20793646370912,0.84430992603302
Taylor_Hollow,0714,572,526,37.84164249115636,-79.20793646370912,0.6911548376083374
Taylor_Hollow,0714,502,502,37.86052546623652,-79.21613643767213,0.8597718477249146
Taylor_Hollow,0714,525,519,37.85432106013875,-79.21032812278166,0.9709329605102539
Taylor_Hollow,0714,561,476,37.84460981581181,-79.22501974279872,0.6096888184547424
Taylor_Hollow,0714,528,527,37.853511789778175,-79.20759479812733,0.8024373650550842
Taylor_Hollow,0714,538,511,37.85081422190958,-79.213061447436,0.957982063293457
Taylor_Hollow,0714,520,524,37.85566984407305,-79.2086197948727,0.954822838306427
Taylor_Hollow,0714,570,526,37.84218200473008,-79.20793646370912,0.764284074306488
Taylor_Hollow,0714,536,455,37.8513537354833,-79.23219472001637,0.8510406613349915
Taylor_Hollow,0714,541,505,37.850004951549,-79.21511144092675,0.9465845823287964
Taylor_Hollow,0714,534,521,37.851893249057014,-79.20964479161808,0.8914135098457336
Taylor_Hollow,0714,527,494,37.85378154656503,-79.21886976232646,0.7313304543495178
Taylor_Hollow,0714,498,521,37.86160449338396,-79.20964479161808,0.7971346974372864
Taylor_Hollow,0714,546,494,37.848656167614706,-79.21886976232646,0.8578770160675049
Taylor_Hollow,0714,522,531,37.85513033049933,-79.20622813580016,0.5844563245773315
Taylor_Hollow,0714,537,503,37.85108397869644,-79.21579477209033,0.9459580779075623
Taylor_Hollow,0714,531,453,37.8527025194176,-79.23287805117994,0.8145381808280945
Taylor_Hollow,0714,546,467,37.848656167614706,-79.22809473303485,0.9018111228942871
Taylor_Hollow,0714,564,485,37.84380054545123,-79.22194475256259,0.5350056886672974
Taylor_Hollow,0714,526,500,37.854051303351895,-79.21681976883572,0.8922282457351685
Taylor_Hollow,0714,500,496,37.86106497981024,-79.21818643116288,0.5629319548606873
Taylor_Hollow,0714,542,524,37.84973519476214,-79.2086197948727,0.6890402436256409
Taylor_Hollow,0714,524,502,37.85459081692561,-79.21613643767213,0.9399809837341309
Taylor_Hollow,0714,516,520,37.85674887122049,-79.20998645719988,0.9736761450767517
Taylor_Hollow,0714,533,525,37.85216300584388,-79.20827812929092,0.8465786576271057
Taylor_Hollow,0714,529,455,37.85324203299131,-79.23219472001637,0.7275704145431519
Taylor_Hollow,0714,548,471,37.848116654040986,-79.22672807070768,0.9112665057182312
Taylor_Hollow,0714,536,518,37.8513537354833,-79.21066978836346,0.9028191566467285
Taylor_Hollow,0714,495,503,37.862413763744534,-79.21579477209033,0.633512556552887
Taylor_Hollow,0714,527,499,37.85378154656503,-79.2171614344175,0.8241768479347229
Taylor_Hollow,0714,545,455,37.84892592440156,-79.23219472001637,0.9318193793296814
Taylor_Hollow,0714,548,463,37.848116654040986,-79.22946139536202,0.9055179953575134
Taylor_Hollow,0714,538,502,37.85081422190958,-79.21613643767213,0.9379287958145142
Taylor_Hollow,0714,557,493,37.84568884295925,-79.21921142790826,0.8533572554588318
Taylor_Hollow,0714,529,447,37.85324203299131,-79.2349280446707,0.8267582654953003
Taylor_Hollow,0714,555,504,37.84622835653297,-79.21545310650855,0.796972393989563
Taylor_Hollow,0714,532,505,37.852432762630734,-79.21511144092675,0.953298032283783
Taylor_Hollow,0714,562,481,37.84434005902495,-79.22331141488976,0.5241841077804565
Taylor_Hollow,0714,538,526,37.85081422190958,-79.20793646370912,0.6432993412017822
Taylor_Hollow,0714,519,519,37.855939600859905,-79.21032812278166,0.9843780994415283
Taylor_Hollow,0714,563,496,37.844070302238094,-79.21818643116288,0.7475193738937378
Taylor_Hollow,0714,556,492,37.845958599746105,-79.21955309349005,0.8677660226821899
Taylor_Hollow,0714,531,497,37.8527025194176,-79.21784476558109,0.7948379516601562
Taylor_Hollow,0714,546,492,37.848656167614706,-79.21955309349005,0.8323642611503601
Taylor_Hollow,0714,559,508,37.84514932938553,-79.21408644418138,0.7268785238265991
Taylor_Hollow,0714,540,477,37.85027470833586,-79.22467807721694,0.8213998675346375
Taylor_Hollow,0714,534,496,37.851893249057014,-79.21818643116288,0.6424188613891602
Taylor_Hollow,0714,505,503,37.85971619587594,-79.21579477209033,0.8898175954818726
Taylor_Hollow,0714,526,517,37.854051303351895,-79.21101145394525,0.9769812822341919
Taylor_Hollow,0714,534,466,37.851893249057014,-79.22843639861665,0.6750645041465759
Taylor_Hollow,0714,565,535,37.843530788664374,-79.20486147347299,0.5065914392471313
Taylor_Hollow,0714,552,506,37.847037626893545,-79.21476977534496,0.8619657158851624
Taylor_Hollow,0714,558,484,37.84541908617239,-79.22228641814439,0.7464033961296082
Taylor_Hollow,0714,507,531,37.85917668230222,-79.20622813580016,0.8058542013168335
Taylor_Hollow,0714,533,529,37.85216300584388,-79.20691146696375,0.6120561361312866
Taylor_Hollow,0714,545,490,37.84892592440156,-79.22023642465363,0.8314282298088074
Taylor_Hollow,0714,548,519,37.848116654040986,-79.21032812278166,0.8219882845878601
Taylor_Hollow,0714,523,530,37.85486057371247,-79.20656980138195,0.6999240517616272
Taylor_Hollow,0714,530,508,37.852972276204454,-79.21408644418138,0.9488286972045898
Taylor_Hollow,0714,550,486,37.847577140467266,-79.2216030869808,0.8675621151924133
Taylor_Hollow,0714,540,493,37.85027470833586,-79.21921142790826,0.6628565788269043
Taylor_Hollow,0714,567,538,37.842991275090654,-79.20383647672762,0.6593580842018127
Taylor_Hollow,0714,560,507,37.84487957259867,-79.21442810976316,0.7848578691482544
Taylor_Hollow,0714,536,469,37.8513537354833,-79.22741140187127,0.772201418876648
Taylor_Hollow,0714,550,515,37.847577140467266,-79.21169478510883,0.8538001775741577
Taylor_Hollow,0714,526,494,37.854051303351895,-79.21886976232646,0.763219952583313
Taylor_Hollow,0714,538,462,37.85081422190958,-79.22980306094381,0.7822502255439758
Taylor_Hollow,0714,563,477,37.844070302238094,-79.22467807721694,0.6276714205741882
Taylor_Hollow,0714,561,475,37.84460981581181,-79.22536140838052,0.6617368459701538
Taylor_Hollow,0714,530,512,37.852972276204454,-79.2127197818542,0.9660730361938477
Taylor_Hollow,0714,537,514,37.85108397869644,-79.21203645069062,0.9565467834472656
Taylor_Hollow,0714,526,505,37.854051303351895,-79.21511144092675,0.9719641208648682
Taylor_Hollow,0714,540,475,37.85027470833586,-79.22536140838052,0.8279528617858887
Taylor_Hollow,0714,499,529,37.8613347365971,-79.20691146696375,0.5945183038711548
Taylor_Hollow,0714,537,490,37.85108397869644,-79.22023642465363,0.5133461356163025
Taylor_Hollow,0714,544,469,37.84919568118842,-79.22741140187127,0.8942071199417114
Taylor_Hollow,0714,545,454,37.84892592440156,-79.23253638559815,0.9357495307922363
Taylor_Hollow,0714,534,524,37.851893249057014,-79.2086197948727,0.8544265031814575
Taylor_Hollow,0714,540,503,37.85027470833586,-79.21579477209033,0.9151585102081299
Taylor_Hollow,0714,523,502,37.85486057371247,-79.21613643767213,0.954297661781311
Taylor_Hollow,0714,543,464,37.84946543797528,-79.22911972978024,0.8839252591133118
Taylor_Hollow,0714,501,502,37.86079522302338,-79.21613643767213,0.8122005462646484
Taylor_Hollow,0714,541,468,37.850004951549,-79.22775306745307,0.8327136635780334
Taylor_Hollow,0714,557,464,37.84568884295925,-79.22911972978024,0.8313000202178955
Taylor_Hollow,0714,510,493,37.85836741194164,-79.21921142790826,0.8464565277099609
Taylor_Hollow,0714,541,470,37.850004951549,-79.22706973628948,0.8740301132202148
Taylor_Hollow,0714,539,504,37.85054446512272,-79.21545310650855,0.9403056502342224
Taylor_Hollow,0714,514,530,37.8572883847942,-79.20656980138195,0.9187614321708679
Taylor_Hollow,0714,516,492,37.85674887122049,-79.21955309349005,0.572620153427124
Taylor_Hollow,0714,548,457,37.848116654040986,-79.23151138885278,0.9513459801673889
Taylor_Hollow,0714,553,482,37.84676787010669,-79.22296974930798,0.8685072660446167
Taylor_Hollow,0714,560,491,37.84487957259867,-79.21989475907185,0.6810547113418579
Taylor_Hollow,0714,557,509,37.84568884295925,-79.21374477859959,0.5378215909004211
Taylor_Hollow,0714,541,469,37.850004951549,-79.22741140187127,0.8714917302131653
Taylor_Hollow,0714,552,476,37.847037626893545,-79.22501974279872,0.8588789105415344
Taylor_Hollow,0714,497,505,37.861874250170814,-79.21511144092675,0.7175914645195007
Taylor_Hollow,0714,563,500,37.844070302238094,-79.21681976883572,0.8085498213768005
Taylor_Hollow,0714,543,508,37.84946543797528,-79.21408644418138,0.9233208894729614
Taylor_Hollow,0714,537,469,37.85108397869644,-79.22741140187127,0.7843497395515442
Taylor_Hollow,0714,528,504,37.853511789778175,-79.21545310650855,0.9499624371528625
Taylor_Hollow,0714,511,529,37.858097655154786,-79.20691146696375,0.934333086013794
Taylor_Hollow,0714,535,456,37.85162349227016,-79.23185305443457,0.841556191444397
Taylor_Hollow,0714,543,491,37.84946543797528,-79.21989475907185,0.7662866711616516
Taylor_Hollow,0714,517,532,37.856479114433625,-79.20588647021836,0.502570629119873
Taylor_Hollow,0714,519,531,37.855939600859905,-79.20622813580016,0.8029366135597229
Taylor_Hollow,0714,561,507,37.84460981581181,-79.21442810976316,0.8063697814941406
Taylor_Hollow,0714,498,513,37.86160449338396,-79.21237811627242,0.8117215633392334
Taylor_Hollow,0714,535,461,37.85162349227016,-79.23014472652561,0.7744246125221252
Taylor_Hollow,0714,550,504,37.847577140467266,-79.21545310650855,0.8963249325752258
Taylor_Hollow,0714,554,498,37.846498113319825,-79.21750309999929,0.8269118666648865
Taylor_Hollow,0714,553,505,37.84676787010669,-79.21511144092675,0.5839144587516785
Taylor_Hollow,0714,521,527,37.85540008728619,-79.20759479812733,0.9412968754768372
Taylor_Hollow,0714,537,456,37.85108397869644,-79.23185305443457,0.8470668196678162
Taylor_Hollow,0714,503,518,37.86025570944966,-79.21066978836346,0.8684965372085571
Taylor_Hollow,0714,544,519,37.84919568118842,-79.21032812278166,0.8377858400344849
Taylor_Hollow,0714,497,518,37.861874250170814,-79.21066978836346,0.7374652624130249
Taylor_Hollow,0714,545,520,37.84892592440156,-79.20998645719988,0.8375721573829651
Taylor_Hollow,0714,561,495,37.84460981581181,-79.21852809674468,0.777533769607544
Taylor_Hollow,0714,551,496,37.8473073836804,-79.21818643116288,0.8698015213012695
Taylor_Hollow,0714,498,501,37.86160449338396,-79.21647810325392,0.6485760807991028
Taylor_Hollow,0714,525,512,37.85432106013875,-79.2127197818542,0.9905751943588257
Taylor_Hollow,0714,564,533,37.84380054545123,-79.20554480463657,0.5849273800849915
Taylor_Hollow,0714,531,516,37.8527025194176,-79.21135311952705,0.9568783044815063
Taylor_Hollow,0714,555,474,37.84622835653297,-79.22570307396231,0.8745872974395752
Taylor_Hollow,0714,548,469,37.848116654040986,-79.22741140187127,0.9159891605377197
Taylor_Hollow,0714,524,509,37.85459081692561,-79.21374477859959,0.9873744249343872
Taylor_Hollow,0714,546,502,37.848656167614706,-79.21613643767213,0.9154080152511597
Taylor_Hollow,0714,544,471,37.84919568118842,-79.22672807070768,0.8849937915802002
Taylor_Hollow,0714,542,455,37.84973519476214,-79.23219472001637,0.9339281916618347
Taylor_Hollow,0714,554,484,37.846498113319825,-79.22228641814439,0.8424458503723145
Taylor_Hollow,0714,531,496,37.8527025194176,-79.21818643116288,0.6942712664604187
Taylor_Hollow,0714,545,466,37.84892592440156,-79.22843639861665,0.899225652217865
Taylor_Hollow,0714,499,511,37.8613347365971,-79.213061447436,0.8550917506217957
Taylor_Hollow,0714,538,457,37.85081422190958,-79.23151138885278,0.8436375260353088
Taylor_Hollow,0714,499,514,37.8613347365971,-79.21203645069062,0.8512328863143921
Taylor_Hollow,0714,519,496,37.855939600859905,-79.21818643116288,0.9094992876052856
Taylor_Hollow,0714,510,494,37.85836741194164,-79.21886976232646,0.898487389087677
Taylor_Hollow,0714,551,461,37.8473073836804,-79.23014472652561,0.8961796164512634
Taylor_Hollow,0714,537,455,37.85108397869644,-79.23219472001637,0.8543758988380432
Taylor_Hollow,0714,547,494,37.84838641082784,-79.21886976232646,0.8631356358528137
Taylor_Hollow,0714,529,494,37.85324203299131,-79.21886976232646,0.6533384919166565
Taylor_Hollow,0714,536,497,37.8513537354833,-79.21784476558109,0.7331291437149048
Taylor_Hollow,0714,570,533,37.84218200473008,-79.20554480463657,0.7676154971122742
Taylor_Hollow,0714,543,518,37.84946543797528,-79.21066978836346,0.8581513166427612
Taylor_Hollow,0714,572,527,37.84164249115636,-79.20759479812733,0.6867729425430298
Taylor_Hollow,0714,551,510,37.8473073836804,-79.21340311301779,0.8333455920219421
Taylor_Hollow,0714,537,470,37.85108397869644,-79.22706973628948,0.7859441637992859
Taylor_Hollow,0714,549,529,37.84784689725412,-79.20691146696375,0.5179538130760193
Taylor_Hollow,0714,507,529,37.85917668230222,-79.20691146696375,0.887536883354187
Taylor_Hollow,0714,558,507,37.84541908617239,-79.21442810976316,0.6964333057403564
Taylor_Hollow,0714,527,446,37.85378154656503,-79.2352697102525,0.6968657374382019
Taylor_Hollow,0714,540,497,37.85027470833586,-79.21784476558109,0.7918853163719177
Taylor_Hollow,0714,543,457,37.84946543797528,-79.23151138885278,0.9053282141685486
Taylor_Hollow,0714,526,453,37.854051303351895,-79.23287805117994,0.5728655457496643
Taylor_Hollow,0714,548,484,37.848116654040986,-79.22228641814439,0.8682926893234253
Taylor_Hollow,0714,526,450,37.854051303351895,-79.23390304792532,0.6136783361434937
Taylor_Hollow,0714,565,507,37.843530788664374,-79.21442810976316,0.5121521949768066
Taylor_Hollow,0714,506,532,37.85944643908908,-79.20588647021836,0.5891116261482239
Taylor_Hollow,0714,526,503,37.854051303351895,-79.21579477209033,0.9551011919975281
Taylor_Hollow,0714,552,473,37.847037626893545,-79.22604473954411,0.9036652445793152
Taylor_Hollow,0714,499,519,37.8613347365971,-79.21032812278166,0.8333662748336792
Taylor_Hollow,0714,525,498,37.85432106013875,-79.21750309999929,0.8784331679344177
Taylor_Hollow,0714,523,498,37.85486057371247,-79.21750309999929,0.9093174934387207
Taylor_Hollow,0714,526,510,37.854051303351895,-79.21340311301779,0.9905574917793274
Taylor_Hollow,0714,543,485,37.84946543797528,-79.22194475256259,0.8101332783699036
Taylor_Hollow,0714,550,473,37.847577140467266,-79.22604473954411,0.9073169827461243
Taylor_Hollow,0714,497,525,37.861874250170814,-79.20827812929092,0.7064158916473389
Taylor_Hollow,0714,537,491,37.85108397869644,-79.21989475907185,0.5157997012138367
Taylor_Hollow,0714,531,515,37.8527025194176,-79.21169478510883,0.9651311635971069
Taylor_Hollow,0714,514,494,37.8572883847942,-79.21886976232646,0.8527875542640686
Taylor_Hollow,0714,552,479,37.847037626893545,-79.22399474605335,0.8670716285705566
Taylor_Hollow,0714,539,491,37.85054446512272,-79.21989475907185,0.5491171479225159
Taylor_Hollow,0714,531,449,37.8527025194176,-79.23424471350711,0.8516122102737427
Taylor_Hollow,0714,540,465,37.85027470833586,-79.22877806419844,0.8163595199584961
Taylor_Hollow,0714,537,461,37.85108397869644,-79.23014472652561,0.7899311184883118
Taylor_Hollow,0714,535,469,37.85162349227016,-79.22741140187127,0.7578346729278564
Taylor_Hollow,0714,542,454,37.84973519476214,-79.23253638559815,0.9352196455001831
Taylor_Hollow,0714,497,513,37.861874250170814,-79.21237811627242,0.7729622721672058
Taylor_Hollow,0714,546,524,37.848656167614706,-79.2086197948727,0.7009543180465698
Taylor_Hollow,0714,497,508,37.861874250170814,-79.21408644418138,0.8301388025283813
Taylor_Hollow,0714,547,506,37.84838641082784,-79.21476977534496,0.9100925922393799
Taylor_Hollow,0714,496,524,37.86214400695768,-79.2086197948727,0.5121209025382996
Taylor_Hollow,0714,526,525,37.854051303351895,-79.20827812929092,0.9287035465240479
Taylor_Hollow,0714,556,471,37.845958599746105,-79.22672807070768,0.8762742877006531
Taylor_Hollow,0714,500,501,37.86106497981024,-79.21647810325392,0.6997504234313965
Taylor_Hollow,0714,545,483,37.84892592440156,-79.22262808372618,0.8497178554534912
Taylor_Hollow,0714,569,532,37.842451761516934,-79.20588647021836,0.6897370219230652
Taylor_Hollow,0714,543,492,37.84946543797528,-79.21955309349005,0.7779083847999573
Taylor_Hollow,0714,503,522,37.86025570944966,-79.20930312603629,0.8837103843688965
Taylor_Hollow,0714,536,503,37.8513537354833,-79.21579477209033,0.927107036113739
Taylor_Hollow,0714,531,446,37.8527025194176,-79.2352697102525,0.8666685819625854
Taylor_Hollow,0714,520,498,37.85566984407305,-79.21750309999929,0.8974606990814209
Taylor_Hollow,0714,562,510,37.84434005902495,-79.21340311301779,0.8134558200836182
Taylor_Hollow,0714,536,495,37.8513537354833,-79.21852809674468,0.5420687794685364
Taylor_Hollow,0714,563,527,37.844070302238094,-79.20759479812733,0.546164870262146
Taylor_Hollow,0714,519,525,37.855939600859905,-79.20827812929092,0.9499492049217224
Taylor_Hollow,0714,536,474,37.8513537354833,-79.22570307396231,0.6458200812339783
Taylor_Hollow,0714,564,502,37.84380054545123,-79.21613643767213,0.7584824562072754
Taylor_Hollow,0714,523,531,37.85486057371247,-79.20622813580016,0.5464764833450317
Taylor_Hollow,0714,541,526,37.850004951549,-79.20793646370912,0.5918501615524292
Taylor_Hollow,0714,552,493,37.847037626893545,-79.21921142790826,0.8565062284469604
Taylor_Hollow,0714,548,494,37.848116654040986,-79.21886976232646,0.8504833579063416
Taylor_Hollow,0714,558,470,37.84541908617239,-79.22706973628948,0.8132705688476562
Taylor_Hollow,0714,560,510,37.84487957259867,-79.21340311301779,0.7488815784454346
Taylor_Hollow,0714,568,536,37.8427215183038,-79.2045198078912,0.7277324795722961
Taylor_Hollow,0714,562,485,37.84434005902495,-79.22194475256259,0.5038114786148071
Taylor_Hollow,0714,541,500,37.850004951549,-79.21681976883572,0.8852185010910034
Taylor_Hollow,0714,558,479,37.84541908617239,-79.22399474605335,0.7833219766616821
Taylor_Hollow,0714,499,502,37.8613347365971,-79.21613643767213,0.7053499817848206
Taylor_Hollow,0714,547,526,37.84838641082784,-79.20793646370912,0.6755015254020691
Taylor_Hollow,0714,534,500,37.851893249057014,-79.21681976883572,0.8706596493721008
Taylor_Hollow,0714,542,509,37.84973519476214,-79.21374477859959,0.9298762679100037
Taylor_Hollow,0714,523,504,37.85486057371247,-79.21545310650855,0.9676442742347717
Taylor_Hollow,0714,542,463,37.84973519476214,-79.22946139536202,0.8820183873176575
Taylor_Hollow,0714,544,480,37.84919568118842,-79.22365308047155,0.8666200041770935
Taylor_Hollow,0714,509,496,37.85863716872851,-79.21818643116288,0.8923523426055908
Taylor_Hollow,0714,524,513,37.85459081692561,-79.21237811627242,0.9922580122947693
Taylor_Hollow,0714,519,492,37.855939600859905,-79.21955309349005,0.599946141242981
Taylor_Hollow,0714,564,526,37.84380054545123,-79.20793646370912,0.510011613368988
Taylor_Hollow,0714,545,517,37.84892592440156,-79.21101145394525,0.8748981356620789
Taylor_Hollow,0714,530,447,37.852972276204454,-79.2349280446707,0.8482792377471924
Taylor_Hollow,0714,527,452,37.85378154656503,-79.23321971676174,0.6228715181350708
Taylor_Hollow,0714,550,457,37.847577140467266,-79.23151138885278,0.9740654230117798
Taylor_Hollow,0714,539,480,37.85054446512272,-79.22365308047155,0.5732165575027466
Taylor_Hollow,0714,552,488,37.847037626893545,-79.22091975581722,0.868468165397644
Taylor_Hollow,0714,537,449,37.85108397869644,-79.23424471350711,0.8930473327636719
Taylor_Hollow,0714,505,501,37.85971619587594,-79.21647810325392,0.8867552876472473
Taylor_Hollow,0714,525,528,37.85432106013875,-79.20725313254553,0.8195294737815857
Taylor_Hollow,0714,555,501,37.84622835653297,-79.21647810325392,0.8189738392829895
Taylor_Hollow,0714,549,504,37.84784689725412,-79.21545310650855,0.8839259147644043
Taylor_Hollow,0714,552,464,37.847037626893545,-79.22911972978024,0.9080249667167664
Taylor_Hollow,0714,496,520,37.86214400695768,-79.20998645719988,0.5586313009262085
Taylor_Hollow,0714,561,491,37.84460981581181,-79.21989475907185,0.6984646320343018
Taylor_Hollow,0714,542,471,37.84973519476214,-79.22672807070768,0.8768582940101624
Taylor_Hollow,0714,564,529,37.84380054545123,-79.20691146696375,0.5414343476295471
Taylor_Hollow,0714,531,508,37.8527025194176,-79.21408644418138,0.953716516494751
Taylor_Hollow,0714,498,527,37.86160449338396,-79.20759479812733,0.6720274686813354
Taylor_Hollow,0714,537,477,37.85108397869644,-79.22467807721694,0.5144455432891846
Taylor_Hollow,0714,553,475,37.84676787010669,-79.22536140838052,0.8389319777488708
Taylor_Hollow,0714,544,455,37.84919568118842,-79.23219472001637,0.9240428805351257
Taylor_Hollow,0714,548,522,37.848116654040986,-79.20930312603629,0.7627978920936584
Taylor_Hollow,0714,555,463,37.84622835653297,-79.22946139536202,0.7993247509002686
Taylor_Hollow,0714,503,526,37.86025570944966,-79.20793646370912,0.8701810240745544
Taylor_Hollow,0714,533,511,37.85216300584388,-79.213061447436,0.9469505548477173
Taylor_Hollow,0714,535,494,37.85162349227016,-79.21886976232646,0.5913809537887573
Taylor_Hollow,0714,534,452,37.851893249057014,-79.23321971676174,0.8714063167572021
Taylor_Hollow,0714,552,461,37.847037626893545,-79.23014472652561,0.9124557375907898
Taylor_Hollow,0714,549,465,37.84784689725412,-79.22877806419844,0.9309574961662292
Taylor_Hollow,0714,539,478,37.85054446512272,-79.22433641163514,0.7006943821907043
Taylor_Hollow,0714,526,447,37.854051303351895,-79.2349280446707,0.6981982588768005
Taylor_Hollow,0714,544,522,37.84919568118842,-79.20930312603629,0.7945535778999329
Taylor_Hollow,0714,548,527,37.848116654040986,-79.20759479812733,0.5855557322502136
Taylor_Hollow,0714,534,517,37.851893249057014,-79.21101145394525,0.9231066703796387
Taylor_Hollow,0714,542,520,37.84973519476214,-79.20998645719988,0.7838489413261414
Taylor_Hollow,0714,548,517,37.848116654040986,-79.21101145394525,0.8580018877983093
Taylor_Hollow,0714,530,457,37.852972276204454,-79.23151138885278,0.7226917147636414
Taylor_Hollow,0714,552,507,37.847037626893545,-79.21442810976316,0.8386363983154297
Taylor_Hollow,0714,558,472,37.84541908617239,-79.2263864051259,0.8175128102302551
Taylor_Hollow,0714,506,502,37.85944643908908,-79.21613643767213,0.9036659598350525
Taylor_Hollow,0714,550,478,37.847577140467266,-79.22433641163514,0.8758755326271057
Taylor_Hollow,0714,537,464,37.85108397869644,-79.22911972978024,0.8202058672904968
Taylor_Hollow,0714,533,458,37.85216300584388,-79.23116972327098,0.7957252860069275
Taylor_Hollow,0714,535,516,37.85162349227016,-79.21135311952705,0.9314345717430115
Taylor_Hollow,0714,544,515,37.84919568118842,-79.21169478510883,0.8802875280380249
Taylor_Hollow,0714,546,481,37.848656167614706,-79.22331141488976,0.8612285852432251
Taylor_Hollow,0714,547,474,37.84838641082784,-79.22570307396231,0.8989955186843872
Taylor_Hollow,0714,542,489,37.84973519476214,-79.22057809023542,0.7554891109466553
Taylor_Hollow,0714,537,516,37.85108397869644,-79.21135311952705,0.928882896900177
Taylor_Hollow,0714,547,500,37.84838641082784,-79.21681976883572,0.8917773962020874
Taylor_Hollow,0714,535,451,37.85162349227016,-79.23356138234352,0.8837363123893738
Taylor_Hollow,0714,559,470,37.84514932938553,-79.22706973628948,0.7085676789283752
Taylor_Hollow,0714,519,527,37.855939600859905,-79.20759479812733,0.9427696466445923
Taylor_Hollow,0714,555,495,37.84622835653297,-79.21852809674468,0.8612014055252075
Taylor_Hollow,0714,504,521,37.859985952662804,-79.20964479161808,0.8931717872619629
Taylor_Hollow,0714,543,520,37.84946543797528,-79.20998645719988,0.7996744513511658
Taylor_Hollow,0714,503,503,37.86025570944966,-79.21579477209033,0.8707104325294495
Taylor_Hollow,0714,552,504,37.847037626893545,-79.21545310650855,0.8405649065971375
Taylor_Hollow,0714,549,519,37.84784689725412,-79.21032812278166,0.8331493139266968
Taylor_Hollow,0714,555,493,37.84622835653297,-79.21921142790826,0.862044632434845
Taylor_Hollow,0714,500,508,37.86106497981024,-79.21408644418138,0.8418583273887634
Taylor_Hollow,0714,559,493,37.84514932938553,-79.21921142790826,0.7769783735275269
Taylor_Hollow,0714,547,507,37.84838641082784,-79.21442810976316,0.9100469350814819
Taylor_Hollow,0714,494,505,37.8626835205314,-79.21511144092675,0.5277478098869324
Taylor_Hollow,0714,545,502,37.84892592440156,-79.21613643767213,0.8980178833007812
Taylor_Hollow,0714,551,519,37.8473073836804,-79.21032812278166,0.8060707449913025
Taylor_Hollow,0714,497,527,37.861874250170814,-79.20759479812733,0.5380443334579468
Taylor_Hollow,0714,524,514,37.85459081692561,-79.21203645069062,0.9895672798156738
Taylor_Hollow,0714,519,526,37.855939600859905,-79.20793646370912,0.9481919407844543
Taylor_Hollow,0714,525,510,37.85432106013875,-79.21340311301779,0.988789975643158
Taylor_Hollow,0714,538,471,37.85081422190958,-79.22672807070768,0.8181291818618774
Taylor_Hollow,0714,514,495,37.8572883847942,-79.21852809674468,0.8812835812568665
Taylor_Hollow,0714,541,519,37.850004951549,-79.21032812278166,0.8269072771072388
Taylor_Hollow,0714,534,526,37.851893249057014,-79.20793646370912,0.759907066822052
Taylor_Hollow,0714,548,478,37.848116654040986,-79.22433641163514,0.8955910205841064
Taylor_Hollow,0714,545,509,37.84892592440156,-79.21374477859959,0.9349972605705261
Taylor_Hollow,0714,548,459,37.848116654040986,-79.2308280576892,0.9271380305290222
Taylor_Hollow,0714,539,514,37.85054446512272,-79.21203645069062,0.9265037178993225
Taylor_Hollow,0714,529,516,37.85324203299131,-79.21135311952705,0.954772412776947
Taylor_Hollow,0714,509,492,37.85863716872851,-79.21955309349005,0.729519784450531
Taylor_Hollow,0714,509,494,37.85863716872851,-79.21886976232646,0.8560591340065002
Taylor_Hollow,0714,542,523,37.84973519476214,-79.20896146045449,0.7210090756416321
Taylor_Hollow,0714,551,488,37.8473073836804,-79.22091975581722,0.8694839477539062
Taylor_Hollow,0714,501,531,37.86079522302338,-79.20622813580016,0.5266830921173096
Taylor_Hollow,0714,525,515,37.85432106013875,-79.21169478510883,0.990003228187561
Taylor_Hollow,0714,499,525,37.8613347365971,-79.20827812929092,0.7736151218414307
Taylor_Hollow,0714,531,448,37.8527025194176,-79.23458637908891,0.8582566380500793
Taylor_Hollow,0714,558,476,37.84541908617239,-79.22501974279872,0.6706804633140564
Taylor_Hollow,0714,518,492,37.85620935764677,-79.21955309349005,0.5398499369621277
Taylor_Hollow,0714,549,503,37.84784689725412,-79.21579477209033,0.887359082698822
Taylor_Hollow,0714,558,481,37.84541908617239,-79.22331141488976,0.7717764377593994
Taylor_Hollow,0714,555,471,37.84622835653297,-79.22672807070768,0.866757333278656
Taylor_Hollow,0714,510,498,37.85836741194164,-79.21750309999929,0.9152930378913879
Taylor_Hollow,0714,544,460,37.84919568118842,-79.2304863921074,0.8811531662940979
Taylor_Hollow,0714,498,520,37.86160449338396,-79.20998645719988,0.8085725903511047
Taylor_Hollow,0714,568,524,37.8427215183038,-79.2086197948727,0.6851134896278381
Taylor_Hollow,0714,563,514,37.844070302238094,-79.21203645069062,0.7872381806373596
Taylor_Hollow,0714,535,453,37.85162349227016,-79.23287805117994,0.8679671883583069
Taylor_Hollow,0714,554,476,37.846498113319825,-79.22501974279872,0.813784658908844
Taylor_Hollow,0714,563,517,37.844070302238094,-79.21101145394525,0.7000696659088135
Taylor_Hollow,0714,542,499,37.84973519476214,-79.2171614344175,0.8648025989532471
Taylor_Hollow,0714,559,498,37.84514932938553,-79.21750309999929,0.8438571095466614
Taylor_Hollow,0714,538,525,37.85081422190958,-79.20827812929092,0.6274492740631104
Taylor_Hollow,0714,532,517,37.852432762630734,-79.21101145394525,0.9472134709358215
Taylor_Hollow,0714,550,501,37.847577140467266,-79.21647810325392,0.8885660767555237
Taylor_Hollow,0714,549,461,37.84784689725412,-79.23014472652561,0.9348008036613464
Taylor_Hollow,0714,543,475,37.84946543797528,-79.22536140838052,0.8639765381813049
Taylor_Hollow,0714,549,527,37.84784689725412,-79.20759479812733,0.6431477665901184
Taylor_Hollow,0714,533,495,37.85216300584388,-79.21852809674468,0.570110559463501
Taylor_Hollow,0714,561,484,37.84460981581181,-79.22228641814439,0.626711368560791
Taylor_Hollow,0714,558,473,37.84541908617239,-79.22604473954411,0.7994607090950012
Taylor_Hollow,0714,536,460,37.8513537354833,-79.2304863921074,0.7894158959388733
Taylor_Hollow,0714,552,495,37.847037626893545,-79.21852809674468,0.8424999117851257
Taylor_Hollow,0714,546,515,37.848656167614706,-79.21169478510883,0.8708437085151672
Taylor_Hollow,0714,546,455,37.848656167614706,-79.23219472001637,0.9405873417854309
Taylor_Hollow,0714,503,496,37.86025570944966,-79.21818643116288,0.6543493866920471
Taylor_Hollow,0714,523,526,37.85486057371247,-79.20793646370912,0.9414861798286438
Taylor_Hollow,0714,525,497,37.85432106013875,-79.21784476558109,0.8529633283615112
Taylor_Hollow,0714,563,480,37.844070302238094,-79.22365308047155,0.5283676981925964
Taylor_Hollow,0714,555,476,37.84622835653297,-79.22501974279872,0.8448949456214905
Taylor_Hollow,0714,569,530,37.842451761516934,-79.20656980138195,0.6474924087524414
Taylor_Hollow,0714,542,484,37.84973519476214,-79.22228641814439,0.7207055687904358
Taylor_Hollow,0714,534,529,37.851893249057014,-79.20691146696375,0.5320627093315125
Taylor_Hollow,0714,522,492,37.85513033049933,-79.21955309349005,0.5823144912719727
Taylor_Hollow,0714,499,526,37.8613347365971,-79.20793646370912,0.7567898631095886
Taylor_Hollow,0714,529,529,37.85324203299131,-79.20691146696375,0.7575711607933044
Taylor_Hollow,0714,502,525,37.86052546623652,-79.20827812929092,0.8431631326675415
Taylor_Hollow,0714,541,487,37.850004951549,-79.221261421399,0.6846917271614075
Taylor_Hollow,0714,532,447,37.852432762630734,-79.2349280446707,0.8939803838729858
Taylor_Hollow,0714,536,454,37.8513537354833,-79.23253638559815,0.8512459993362427
Taylor_Hollow,0714,551,463,37.8473073836804,-79.22946139536202,0.9183685183525085
Taylor_Hollow,0714,545,504,37.84892592440156,-79.21545310650855,0.9186898469924927
Taylor_Hollow,0714,503,524,37.86025570944966,-79.2086197948727,0.8738017678260803
Taylor_Hollow,0714,506,529,37.85944643908908,-79.20691146696375,0.8749468326568604
Taylor_Hollow,0714,556,486,37.845958599746105,-79.2216030869808,0.8945010900497437
Taylor_Hollow,0714,495,507,37.862413763744534,-79.21442810976316,0.5034985542297363
Taylor_Hollow,0714,521,519,37.85540008728619,-79.21032812278166,0.9894238114356995
Taylor_Hollow,0714,559,507,37.84514932938553,-79.21442810976316,0.7386464476585388
Taylor_Hollow,0714,540,516,37.85027470833586,-79.21135311952705,0.8924494981765747
Taylor_Hollow,0714,561,502,37.84460981581181,-79.21613643767213,0.8192607164382935
Taylor_Hollow,0714,512,528,37.85782789836792,-79.20725313254553,0.9556030631065369
Taylor_Hollow,0714,538,500,37.85081422190958,-79.21681976883572,0.8689047694206238
Taylor_Hollow,0714,546,480,37.848656167614706,-79.22365308047155,0.8567361831665039
Taylor_Hollow,0714,536,463,37.8513537354833,-79.22946139536202,0.7948967814445496
Taylor_Hollow,0714,541,492,37.850004951549,-79.21955309349005,0.7098991274833679
Taylor_Hollow,0714,558,498,37.84541908617239,-79.21750309999929,0.8293159604072571
Taylor_Hollow,0714,496,513,37.86214400695768,-79.21237811627242,0.5768565535545349
Taylor_Hollow,0714,546,458,37.848656167614706,-79.23116972327098,0.9020985960960388
Taylor_Hollow,0714,546,466,37.848656167614706,-79.22843639861665,0.9039047360420227
Taylor_Hollow,0714,540,490,37.85027470833586,-79.22023642465363,0.5864142775535583
Taylor_Hollow,0714,548,495,37.848116654040986,-79.21852809674468,0.8598533868789673
Taylor_Hollow,0714,564,479,37.84380054545123,-79.22399474605335,0.610644519329071
Taylor_Hollow,0714,545,514,37.84892592440156,-79.21203645069062,0.8930238485336304
Taylor_Hollow,0714,555,469,37.84622835653297,-79.22741140187127,0.8428065776824951
Taylor_Hollow,0714,528,457,37.853511789778175,-79.23151138885278,0.5673816204071045
Taylor_Hollow,0714,547,498,37.84838641082784,-79.21750309999929,0.8822444081306458
Taylor_Hollow,0714,554,487,37.846498113319825,-79.221261421399,0.8561642169952393
Taylor_Hollow,0714,536,514,37.8513537354833,-79.21203645069062,0.9622316956520081
Taylor_Hollow,0714,536,457,37.8513537354833,-79.23151138885278,0.8293145895004272
Taylor_Hollow,0714,545,507,37.84892592440156,-79.21442810976316,0.9303338527679443
Taylor_Hollow,0714,535,504,37.85162349227016,-79.21545310650855,0.9387083649635315
Taylor_Hollow,0714,535,517,37.85162349227016,-79.21101145394525,0.9145130515098572
Taylor_Hollow,0714,541,457,37.850004951549,-79.23151138885278,0.8950785994529724
Taylor_Hollow,0714,549,510,37.84784689725412,-79.21340311301779,0.8934320211410522
Taylor_Hollow,0714,555,509,37.84622835653297,-79.21374477859959,0.5450934767723083
Taylor_Hollow,0714,522,523,37.85513033049933,-79.20896146045449,0.9644454717636108
Taylor_Hollow,0714,542,453,37.84973519476214,-79.23287805117994,0.9334946274757385
Taylor_Hollow,0714,549,509,37.84784689725412,-79.21374477859959,0.9045200347900391
Taylor_Hollow,0714,549,516,37.84784689725412,-79.21135311952705,0.8801657557487488
Taylor_Hollow,0714,552,482,37.847037626893545,-79.22296974930798,0.8736633062362671
Taylor_Hollow,0714,542,467,37.84973519476214,-79.22809473303485,0.842401921749115
Taylor_Hollow,0714,529,497,37.85324203299131,-79.21784476558109,0.7551360726356506
Taylor_Hollow,0714,550,498,37.847577140467266,-79.21750309999929,0.8689883947372437
Taylor_Hollow,0714,554,478,37.846498113319825,-79.22433641163514,0.8503542542457581
Taylor_Hollow,0714,497,516,37.861874250170814,-79.21135311952705,0.7420608401298523
Taylor_Hollow,0714,518,518,37.85620935764677,-79.21066978836346,0.9864578247070312
Taylor_Hollow,0714,544,512,37.84919568118842,-79.2127197818542,0.8927575349807739
Taylor_Hollow,0714,542,500,37.84973519476214,-79.21681976883572,0.8815819025039673
Taylor_Hollow,0714,546,477,37.848656167614706,-79.22467807721694,0.8703550696372986
Taylor_Hollow,0714,537,519,37.85108397869644,-79.21032812278166,0.8786326050758362
Taylor_Hollow,0714,528,495,37.853511789778175,-79.21852809674468,0.6685973405838013
Taylor_Hollow,0714,544,505,37.84919568118842,-79.21511144092675,0.9310540556907654
Taylor_Hollow,0714,537,515,37.85108397869644,-79.21169478510883,0.9446014761924744
Taylor_Hollow,0714,536,519,37.8513537354833,-79.21032812278166,0.8885628581047058
Taylor_Hollow,0714,563,526,37.844070302238094,-79.20793646370912,0.539241373538971
Taylor_Hollow,0714,537,512,37.85108397869644,-79.2127197818542,0.9643895030021667
Taylor_Hollow,0714,554,475,37.846498113319825,-79.22536140838052,0.8456674218177795
Taylor_Hollow,0714,543,462,37.84946543797528,-79.22980306094381,0.8693624138832092
Taylor_Hollow,0714,538,515,37.85081422190958,-79.21169478510883,0.9270495176315308
Taylor_Hollow,0714,539,486,37.85054446512272,-79.2216030869808,0.5896815657615662
Taylor_Hollow,0714,542,470,37.84973519476214,-79.22706973628948,0.8727937340736389
Taylor_Hollow,0714,541,475,37.850004951549,-79.22536140838052,0.8435808420181274
Taylor_Hollow,0714,545,457,37.84892592440156,-79.23151138885278,0.9095158576965332
Taylor_Hollow,0714,555,492,37.84622835653297,-79.21955309349005,0.85861736536026
Taylor_Hollow,0714,531,525,37.8527025194176,-79.20827812929092,0.8585882186889648
Taylor_Hollow,0714,539,507,37.85054446512272,-79.21442810976316,0.949360191822052
Taylor_Hollow,0714,557,506,37.84568884295925,-79.21476977534496,0.7272127866744995
Taylor_Hollow,0714,508,531,37.85890692551536,-79.20622813580016,0.8108647465705872
Taylor_Hollow,0714,542,482,37.84973519476214,-79.22296974930798,0.8007788062095642
Taylor_Hollow,0714,537,499,37.85108397869644,-79.2171614344175,0.8123449087142944
Taylor_Hollow,0714,552,459,37.847037626893545,-79.2308280576892,0.9259395003318787
Taylor_Hollow,0714,556,469,37.845958599746105,-79.22741140187127,0.8778213262557983
Taylor_Hollow,0714,532,515,37.852432762630734,-79.21169478510883,0.9550004601478577
Taylor_Hollow,0714,545,465,37.84892592440156,-79.22877806419844,0.9097608327865601
Taylor_Hollow,0714,528,521,37.853511789778175,-79.20964479161808,0.9590350985527039
Taylor_Hollow,0714,500,504,37.86106497981024,-79.21545310650855,0.8474283814430237
Taylor_Hollow,0714,543,469,37.84946543797528,-79.22741140187127,0.8652132153511047
Taylor_Hollow,0714,539,492,37.85054446512272,-79.21955309349005,0.5705933570861816
Taylor_Hollow,0714,538,474,37.85081422190958,-79.22570307396231,0.7307935953140259
Taylor_Hollow,0714,558,467,37.84541908617239,-79.22809473303485,0.635830283164978
Taylor_Hollow,0714,543,484,37.84946543797528,-79.22228641814439,0.7938947081565857
Taylor_Hollow,0714,538,516,37.85081422190958,-79.21135311952705,0.9041126370429993
Taylor_Hollow,0714,547,461,37.84838641082784,-79.23014472652561,0.8790666460990906
Taylor_Hollow,0714,548,467,37.848116654040986,-79.22809473303485,0.9133226871490479
Taylor_Hollow,0714,534,525,37.851893249057014,-79.20827812929092,0.8133748769760132
Taylor_Hollow,0714,501,527,37.86079522302338,-79.20759479812733,0.8138344287872314
Taylor_Hollow,0714,532,497,37.852432762630734,-79.21784476558109,0.7444233894348145
Taylor_Hollow,0714,553,493,37.84676787010669,-79.21921142790826,0.8437379598617554
Taylor_Hollow,0714,497,524,37.861874250170814,-79.2086197948727,0.6976739764213562
Taylor_Hollow,0714,530,458,37.852972276204454,-79.23116972327098,0.6335855722427368
Taylor_Hollow,0714,525,449,37.85432106013875,-79.23424471350711,0.5477501749992371
Taylor_Hollow,0714,541,467,37.850004951549,-79.22809473303485,0.8190588355064392
Taylor_Hollow,0714,541,525,37.850004951549,-79.20827812929092,0.6883187890052795
Taylor_Hollow,0714,540,499,37.85027470833586,-79.2171614344175,0.8335392475128174
Taylor_Hollow,0714,545,495,37.84892592440156,-79.21852809674468,0.8468009233474731
Taylor_Hollow,0714,529,500,37.85324203299131,-79.21681976883572,0.8909107446670532
Taylor_Hollow,0714,506,499,37.85944643908908,-79.2171614344175,0.8972401022911072
Taylor_Hollow,0714,560,485,37.84487957259867,-79.22194475256259,0.7012510895729065
Taylor_Hollow,0714,553,473,37.84676787010669,-79.22604473954411,0.8841858506202698
Taylor_Hollow,0714,501,504,37.86079522302338,-79.21545310650855,0.8517976403236389
Taylor_Hollow,0714,500,511,37.86106497981024,-79.213061447436,0.8727866411209106
Taylor_Hollow,0714,559,488,37.84514932938553,-79.22091975581722,0.7971699237823486
Taylor_Hollow,0714,535,466,37.85162349227016,-79.22843639861665,0.7095859050750732
Taylor_Hollow,0714,556,481,37.845958599746105,-79.22331141488976,0.895039439201355
Taylor_Hollow,0714,528,502,37.853511789778175,-79.21613643767213,0.9171192049980164
Taylor_Hollow,0714,541,478,37.850004951549,-79.22433641163514,0.8266821503639221
Taylor_Hollow,0714,530,502,37.852972276204454,-79.21613643767213,0.934043824672699
Taylor_Hollow,0714,548,462,37.848116654040986,-79.22980306094381,0.9061186909675598
Taylor_Hollow,0714,556,463,37.845958599746105,-79.22946139536202,0.8071079850196838
Taylor_Hollow,0714,550,459,37.847577140467266,-79.2308280576892,0.9494688510894775
Taylor_Hollow,0714,553,462,37.84676787010669,-79.22980306094381,0.904933512210846
Taylor_Hollow,0714,535,514,37.85162349227016,-79.21203645069062,0.9677274823188782
Taylor_Hollow,0714,548,479,37.848116654040986,-79.22399474605335,0.8956454992294312
Taylor_Hollow,0714,527,511,37.85378154656503,-79.213061447436,0.985481321811676
Taylor_Hollow,0714,543,453,37.84946543797528,-79.23287805117994,0.9330098628997803
Taylor_Hollow,0714,547,523,37.84838641082784,-79.20896146045449,0.7262218594551086
Taylor_Hollow,0714,531,503,37.8527025194176,-79.21579477209033,0.9302916526794434
Taylor_Hollow,0714,555,494,37.84622835653297,-79.21886976232646,0.862698495388031
Taylor_Hollow,0714,549,486,37.84784689725412,-79.2216030869808,0.864403247833252
Taylor_Hollow,0714,569,533,37.842451761516934,-79.20554480463657,0.7352338433265686
Taylor_Hollow,0714,567,529,37.842991275090654,-79.20691146696375,0.5921987295150757
Taylor_Hollow,0714,542,468,37.84973519476214,-79.22775306745307,0.8321099877357483
Taylor_Hollow,0714,538,508,37.85081422190958,-79.21408644418138,0.9599304795265198
Taylor_Hollow,0714,530,494,37.852972276204454,-79.21886976232646,0.6807095408439636
Taylor_Hollow,0714,546,513,37.848656167614706,-79.21237811627242,0.898857593536377
Taylor_Hollow,0714,546,514,37.848656167614706,-79.21203645069062,0.8718189597129822
Taylor_Hollow,0714,549,512,37.84784689725412,-79.2127197818542,0.8573012948036194
Taylor_Hollow,0714,533,513,37.85216300584388,-79.21237811627242,0.9553738236427307
Taylor_Hollow,0714,561,513,37.84460981581181,-79.21237811627242,0.6327638030052185
Taylor_Hollow,0714,562,516,37.84434005902495,-79.21135311952705,0.6573224663734436
Taylor_Hollow,0714,551,516,37.8473073836804,-79.21135311952705,0.8216984272003174
Taylor_Hollow,0714,558,488,37.84541908617239,-79.22091975581722,0.8397554755210876
Taylor_Hollow,0714,538,461,37.85081422190958,-79.23014472652561,0.7643278241157532
Taylor_Hollow,0714,543,483,37.84946543797528,-79.22262808372618,0.7901467680931091
Taylor_Hollow,0714,498,525,37.86160449338396,-79.20827812929092,0.7385222315788269
Taylor_Hollow,0714,540,463,37.85027470833586,-79.22946139536202,0.7858896255493164
Taylor_Hollow,0714,568,532,37.8427215183038,-79.20588647021836,0.7190518379211426
Taylor_Hollow,0714,568,527,37.8427215183038,-79.20759479812733,0.6277565956115723
Taylor_Hollow,0714,504,495,37.859985952662804,-79.21852809674468,0.6750420928001404
Taylor_Hollow,0714,555,466,37.84622835653297,-79.22843639861665,0.8700803518295288
Taylor_Hollow,0714,542,510,37.84973519476214,-79.21340311301779,0.9263251423835754
Taylor_Hollow,0714,543,511,37.84946543797528,-79.213061447436,0.9070119857788086
Taylor_Hollow,0714,536,493,37.8513537354833,-79.21921142790826,0.5834087133407593
Taylor_Hollow,0714,500,523,37.86106497981024,-79.20896146045449,0.8192577958106995
Taylor_Hollow,0714,548,472,37.848116654040986,-79.2263864051259,0.9093349575996399
Taylor_Hollow,0714,520,523,37.85566984407305,-79.20896146045449,0.9699616432189941
Taylor_Hollow,0714,541,481,37.850004951549,-79.22331141488976,0.800634503364563
Taylor_Hollow,0714,532,499,37.852432762630734,-79.2171614344175,0.8131289482116699
Taylor_Hollow,0714,547,480,37.84838641082784,-79.22365308047155,0.8747574687004089
Taylor_Hollow,0714,537,521,37.85108397869644,-79.20964479161808,0.863556444644928
Taylor_Hollow,0714,506,495,37.85944643908908,-79.21852809674468,0.835574746131897
Taylor_Hollow,0714,549,478,37.84784689725412,-79.22433641163514,0.8921516537666321
Taylor_Hollow,0714,550,511,37.847577140467266,-79.213061447436,0.8907056450843811
Taylor_Hollow,0714,498,522,37.86160449338396,-79.20930312603629,0.7926466464996338
Taylor_Hollow,0714,528,500,37.853511789778175,-79.21681976883572,0.8824315071105957
Taylor_Hollow,0714,534,510,37.851893249057014,-79.21340311301779,0.9452475905418396
Taylor_Hollow,0714,535,512,37.85162349227016,-79.2127197818542,0.9518898725509644
Taylor_Hollow,0714,551,468,37.8473073836804,-79.22775306745307,0.8655106425285339
Taylor_Hollow,0714,519,493,37.855939600859905,-79.21921142790826,0.8093321323394775
Taylor_Hollow,0714,553,479,37.84676787010669,-79.22399474605335,0.860203206539154
Taylor_Hollow,0714,497,520,37.861874250170814,-79.20998645719988,0.7240888476371765
Taylor_Hollow,0714,558,508,37.84541908617239,-79.21408644418138,0.6427801251411438
Taylor_Hollow,0714,555,479,37.84622835653297,-79.22399474605335,0.850288987159729
Taylor_Hollow,0714,558,471,37.84541908617239,-79.22672807070768,0.8081223964691162
Taylor_Hollow,0714,536,499,37.8513537354833,-79.2171614344175,0.7742082476615906
Taylor_Hollow,0714,558,490,37.84541908617239,-79.22023642465363,0.7899542450904846
Taylor_Hollow,0714,566,536,37.84326103187751,-79.2045198078912,0.5602437257766724
Taylor_Hollow,0714,540,527,37.85027470833586,-79.20759479812733,0.5202956199645996
Taylor_Hollow,0714,529,515,37.85324203299131,-79.21169478510883,0.961572527885437
Taylor_Hollow,0714,543,503,37.84946543797528,-79.21579477209033,0.9241239428520203
Taylor_Hollow,0714,564,516,37.84380054545123,-79.21135311952705,0.6479457020759583
Taylor_Hollow,0714,530,448,37.852972276204454,-79.23458637908891,0.8414710164070129
Taylor_Hollow,0714,538,488,37.85081422190958,-79.22091975581722,0.5319080352783203
Taylor_Hollow,0714,534,472,37.851893249057014,-79.2263864051259,0.5873633027076721
Taylor_Hollow,0714,531,507,37.8527025194176,-79.21442810976316,0.9492621421813965
Taylor_Hollow,0714,529,520,37.85324203299131,-79.20998645719988,0.948082447052002
Taylor_Hollow,0714,510,531,37.85836741194164,-79.20622813580016,0.847805917263031
Taylor_Hollow,0714,540,521,37.85027470833586,-79.20964479161808,0.7789532542228699
Taylor_Hollow,0714,542,513,37.84973519476214,-79.21237811627242,0.8911448121070862
Taylor_Hollow,0714,509,532,37.85863716872851,-79.20588647021836,0.6283266544342041
Taylor_Hollow,0714,528,453,37.853511789778175,-79.23287805117994,0.700638473033905
Taylor_Hollow,0714,562,520,37.84434005902495,-79.20998645719988,0.5422438979148865
Taylor_Hollow,0714,553,502,37.84676787010669,-79.21613643767213,0.770656943321228
Taylor_Hollow,0714,513,493,37.857558141581066,-79.21921142790826,0.7991966605186462
Taylor_Hollow,0714,505,527,37.85971619587594,-79.20759479812733,0.8953856825828552
Taylor_Hollow,0714,514,528,37.8572883847942,-79.20725313254553,0.9679028987884521
Taylor_Hollow,0714,534,463,37.851893249057014,-79.22946139536202,0.767791748046875
Taylor_Hollow,0714,564,483,37.84380054545123,-79.22262808372618,0.6330747604370117
Taylor_Hollow,0714,521,518,37.85540008728619,-79.21066978836346,0.9893047213554382
Taylor_Hollow,0714,539,458,37.85054446512272,-79.23116972327098,0.8092040419578552
Taylor_Hollow,0714,559,502,37.84514932938553,-79.21613643767213,0.8349385261535645
Taylor_Hollow,0714,539,461,37.85054446512272,-79.23014472652561,0.7536628246307373
Taylor_Hollow,0714,544,508,37.84919568118842,-79.21408644418138,0.9048395752906799
Taylor_Hollow,0714,539,513,37.85054446512272,-79.21237811627242,0.9338430166244507
Taylor_Hollow,0714,562,474,37.84434005902495,-79.22570307396231,0.6713953614234924
Taylor_Hollow,0714,525,507,37.85432106013875,-79.21442810976316,0.9849323034286499
Taylor_Hollow,0714,558,477,37.84541908617239,-79.22467807721694,0.788283109664917
Taylor_Hollow,0714,546,523,37.848656167614706,-79.20896146045449,0.6999134421348572
Taylor_Hollow,0714,538,498,37.85081422190958,-79.21750309999929,0.7877734303474426
Taylor_Hollow,0714,539,500,37.85054446512272,-79.21681976883572,0.8873809576034546
Taylor_Hollow,0714,544,500,37.84919568118842,-79.21681976883572,0.8596550822257996
Taylor_Hollow,0714,551,459,37.8473073836804,-79.2308280576892,0.9426737427711487
Taylor_Hollow,0714,559,474,37.84514932938553,-79.22570307396231,0.6839928030967712
Taylor_Hollow,0714,497,512,37.861874250170814,-79.2127197818542,0.7947492599487305
Taylor_Hollow,0714,554,493,37.846498113319825,-79.21921142790826,0.8493749499320984
Taylor_Hollow,0714,503,502,37.86025570944966,-79.21613643767213,0.8739966154098511
Taylor_Hollow,0714,499,509,37.8613347365971,-79.21374477859959,0.8462319374084473
Taylor_Hollow,0714,545,481,37.84892592440156,-79.22331141488976,0.8668458461761475
Taylor_Hollow,0714,551,517,37.8473073836804,-79.21101145394525,0.7537720203399658
Taylor_Hollow,0714,540,464,37.85027470833586,-79.22911972978024,0.7824309468269348
Taylor_Hollow,0714,529,454,37.85324203299131,-79.23253638559815,0.7269837260246277
Taylor_Hollow,0714,564,497,37.84380054545123,-79.21784476558109,0.7009164094924927
Taylor_Hollow,0714,554,490,37.846498113319825,-79.22023642465363,0.8601921796798706
Taylor_Hollow,0714,565,503,37.843530788664374,-79.21579477209033,0.5842046737670898
Taylor_Hollow,0714,550,485,37.847577140467266,-79.22194475256259,0.8675877451896667
Taylor_Hollow,0714,524,527,37.85459081692561,-79.20759479812733,0.8906943202018738
Taylor_Hollow,0714,546,472,37.848656167614706,-79.2263864051259,0.8924260139465332
Taylor_Hollow,0714,546,496,37.848656167614706,-79.21818643116288,0.8603464365005493
Taylor_Hollow,0714,559,499,37.84514932938553,-79.2171614344175,0.8119450807571411
Taylor_Hollow,0714,530,523,37.852972276204454,-79.20896146045449,0.9041335582733154
Taylor_Hollow,0714,540,509,37.85027470833586,-79.21374477859959,0.9402287602424622
Taylor_Hollow,0714,499,510,37.8613347365971,-79.21340311301779,0.8588529229164124
Taylor_Hollow,0714,544,506,37.84919568118842,-79.21476977534496,0.9350254535675049
Taylor_Hollow,0714,557,471,37.84568884295925,-79.22672807070768,0.877393364906311
Taylor_Hollow,0714,550,522,37.847577140467266,-79.20930312603629,0.767127275466919
Taylor_Hollow,0714,556,468,37.845958599746105,-79.22775306745307,0.8441562652587891
Taylor_Hollow,0714,532,520,37.852432762630734,-79.20998645719988,0.9220867156982422
Taylor_Hollow,0714,559,505,37.84514932938553,-79.21511144092675,0.823589563369751
Taylor_Hollow,0714,559,480,37.84514932938553,-79.22365308047155,0.683224618434906
Taylor_Hollow,0714,547,515,37.84838641082784,-79.21169478510883,0.8731361031532288
Taylor_Hollow,0714,553,490,37.84676787010669,-79.22023642465363,0.8659087419509888
Taylor_Hollow,0714,549,473,37.84784689725412,-79.22604473954411,0.9111011624336243
Taylor_Hollow,0714,529,451,37.85324203299131,-79.23356138234352,0.7801426649093628
Taylor_Hollow,0714,565,485,37.843530788664374,-79.22194475256259,0.5103134512901306
Taylor_Hollow,0714,554,489,37.846498113319825,-79.22057809023542,0.8663476705551147
Taylor_Hollow,0714,498,512,37.86160449338396,-79.2127197818542,0.8243535161018372
Taylor_Hollow,0714,536,496,37.8513537354833,-79.21818643116288,0.6298699975013733
Taylor_Hollow,0714,552,480,37.847037626893545,-79.22365308047155,0.8707299828529358
Taylor_Hollow,0714,532,454,37.852432762630734,-79.23253638559815,0.8415011763572693
Taylor_Hollow,0714,531,504,37.8527025194176,-79.21545310650855,0.9314813613891602
Taylor_Hollow,0714,541,493,37.850004951549,-79.21921142790826,0.7327283620834351
Taylor_Hollow,0714,534,453,37.851893249057014,-79.23287805117994,0.8695698976516724
Taylor_Hollow,0714,552,508,37.847037626893545,-79.21408644418138,0.7887433767318726
Taylor_Hollow,0714,515,528,37.857018628007346,-79.20725313254553,0.9548500180244446
Taylor_Hollow,0714,547,527,37.84838641082784,-79.20759479812733,0.677834689617157
Taylor_Hollow,0714,515,522,37.857018628007346,-79.20930312603629,0.9757389426231384
Taylor_Hollow,0714,528,505,37.853511789778175,-79.21511144092675,0.9667551517486572
Taylor_Hollow,0714,556,474,37.845958599746105,-79.22570307396231,0.894729733467102
Taylor_Hollow,0714,538,513,37.85081422190958,-79.21237811627242,0.9458139538764954
Taylor_Hollow,0714,542,495,37.84973519476214,-79.21852809674468,0.8121916055679321
Taylor_Hollow,0714,525,453,37.85432106013875,-79.23287805117994,0.5326002240180969
Taylor_Hollow,0714,548,468,37.848116654040986,-79.22775306745307,0.9088709354400635
Taylor_Hollow,0714,553,499,37.84676787010669,-79.2171614344175,0.7907066345214844
Taylor_Hollow,0714,556,489,37.845958599746105,-79.22057809023542,0.9032618403434753
Taylor_Hollow,0714,529,457,37.85324203299131,-79.23151138885278,0.6467176079750061
Taylor_Hollow,0714,532,450,37.852432762630734,-79.23390304792532,0.8709097504615784
Taylor_Hollow,0714,541,482,37.850004951549,-79.22296974930798,0.7430006861686707
Taylor_Hollow,0714,562,517,37.84434005902495,-79.21101145394525,0.6245759129524231
Taylor_Hollow,0714,528,448,37.853511789778175,-79.23458637908891,0.7811102271080017
Taylor_Hollow,0714,515,530,37.857018628007346,-79.20656980138195,0.8911551237106323
Taylor_Hollow,0714,543,482,37.84946543797528,-79.22296974930798,0.8210982084274292
Taylor_Hollow,0714,524,523,37.85459081692561,-79.20896146045449,0.9511640667915344
Taylor_Hollow,0714,523,501,37.85486057371247,-79.21647810325392,0.9475627541542053
Taylor_Hollow,0714,533,501,37.85216300584388,-79.21647810325392,0.9028115272521973
Taylor_Hollow,0714,540,484,37.85027470833586,-79.22228641814439,0.6060386300086975
Taylor_Hollow,0714,521,501,37.85540008728619,-79.21647810325392,0.9582906365394592
Taylor_Hollow,0714,560,505,37.84487957259867,-79.21511144092675,0.8144210577011108
Taylor_Hollow,0714,545,521,37.84892592440156,-79.20964479161808,0.8360041379928589
Taylor_Hollow,0714,542,498,37.84973519476214,-79.21750309999929,0.8531782627105713
Taylor_Hollow,0714,548,521,37.848116654040986,-79.20964479161808,0.7795082926750183
Taylor_Hollow,0714,557,475,37.84568884295925,-79.22536140838052,0.8529105186462402
Taylor_Hollow,0714,531,499,37.8527025194176,-79.2171614344175,0.8316571712493896
Taylor_Hollow,0714,560,478,37.84487957259867,-79.22433641163514,0.5767589807510376
Taylor_Hollow,0714,561,486,37.84460981581181,-79.2216030869808,0.598969578742981
Taylor_Hollow,0714,538,479,37.85081422190958,-79.22399474605335,0.5194968581199646
Taylor_Hollow,0714,526,504,37.854051303351895,-79.21545310650855,0.961786687374115
Taylor_Hollow,0714,503,520,37.86025570944966,-79.20998645719988,0.871429979801178
Taylor_Hollow,0714,550,490,37.847577140467266,-79.22023642465363,0.8544949293136597
Taylor_Hollow,0714,531,451,37.8527025194176,-79.23356138234352,0.8399001955986023
Taylor_Hollow,0714,542,496,37.84973519476214,-79.21818643116288,0.8233819007873535
Taylor_Hollow,0714,556,487,37.845958599746105,-79.221261421399,0.8947198390960693
Taylor_Hollow,0714,506,527,37.85944643908908,-79.20759479812733,0.9089857339859009
Taylor_Hollow,0714,559,476,37.84514932938553,-79.22501974279872,0.5870177149772644
Taylor_Hollow,0714,544,462,37.84919568118842,-79.22980306094381,0.8816996812820435
Taylor_Hollow,0714,547,473,37.84838641082784,-79.22604473954411,0.904072642326355
Taylor_Hollow,0714,526,524,37.854051303351895,-79.2086197948727,0.9450667500495911
Taylor_Hollow,0714,562,482,37.84434005902495,-79.22296974930798,0.5306154489517212
Taylor_Hollow,0714,552,492,37.847037626893545,-79.21955309349005,0.858529806137085
Taylor_Hollow,0714,553,496,37.84676787010669,-79.21818643116288,0.8238174915313721
Taylor_Hollow,0714,563,528,37.844070302238094,-79.20725313254553,0.5668190121650696
Taylor_Hollow,0714,507,501,37.85917668230222,-79.21647810325392,0.9017670154571533
Taylor_Hollow,0714,538,472,37.85081422190958,-79.2263864051259,0.795520544052124
Taylor_Hollow,0714,501,517,37.86079522302338,-79.21101145394525,0.8427590131759644
Taylor_Hollow,0714,530,505,37.852972276204454,-79.21511144092675,0.9492378234863281
Taylor_Hollow,0714,538,512,37.85081422190958,-79.2127197818542,0.9520487189292908
Taylor_Hollow,0714,551,502,37.8473073836804,-79.21613643767213,0.8809229135513306
Taylor_Hollow,0714,548,514,37.848116654040986,-79.21203645069062,0.8653449416160583
Taylor_Hollow,0714,547,510,37.84838641082784,-79.21340311301779,0.9185411930084229
Taylor_Hollow,0714,561,487,37.84460981581181,-79.221261421399,0.5627577900886536
Taylor_Hollow,0714,544,486,37.84919568118842,-79.2216030869808,0.822961151599884
Taylor_Hollow,0714,549,476,37.84784689725412,-79.22501974279872,0.8832147121429443
Taylor_Hollow,0714,516,525,37.85674887122049,-79.20827812929092,0.9714892506599426
Taylor_Hollow,0714,508,499,37.85890692551536,-79.2171614344175,0.8934046626091003
Taylor_Hollow,0714,533,447,37.85216300584388,-79.2349280446707,0.9086863994598389
Taylor_Hollow,0714,531,454,37.8527025194176,-79.23253638559815,0.8097991347312927
Taylor_Hollow,0714,541,511,37.850004951549,-79.213061447436,0.9332436323165894
Taylor_Hollow,0714,547,455,37.84838641082784,-79.23219472001637,0.9442414045333862
Taylor_Hollow,0714,535,464,37.85162349227016,-79.22911972978024,0.7635166049003601
Taylor_Hollow,0714,545,506,37.84892592440156,-79.21476977534496,0.934958279132843
Taylor_Hollow,0714,541,496,37.850004951549,-79.21818643116288,0.7675032615661621
Taylor_Hollow,0714,516,494,37.85674887122049,-79.21886976232646,0.793498158454895
Taylor_Hollow,0714,562,486,37.84434005902495,-79.2216030869808,0.5268279314041138
Taylor_Hollow,0714,499,497,37.8613347365971,-79.21784476558109,0.5812065601348877
Taylor_Hollow,0714,528,513,37.853511789778175,-79.21237811627242,0.9831129312515259
Taylor_Hollow,0714,557,486,37.84568884295925,-79.2216030869808,0.87648606300354
Taylor_Hollow,0714,527,449,37.85378154656503,-79.23424471350711,0.7039886116981506
Taylor_Hollow,0714,526,528,37.854051303351895,-79.20725313254553,0.7811440229415894
Taylor_Hollow,0714,541,476,37.850004951549,-79.22501974279872,0.8274562358856201
Taylor_Hollow,0714,534,528,37.851893249057014,-79.20725313254553,0.569511890411377
Taylor_Hollow,0714,534,451,37.851893249057014,-79.23356138234352,0.8867038488388062
Taylor_Hollow,0714,547,485,37.84838641082784,-79.22194475256259,0.8530855774879456
Taylor_Hollow,0714,559,500,37.84514932938553,-79.21681976883572,0.8199388384819031
Taylor_Hollow,0714,529,507,37.85324203299131,-79.21442810976316,0.9557788968086243
Taylor_Hollow,0714,557,483,37.84568884295925,-79.22262808372618,0.8761082291603088
Taylor_Hollow,0714,555,470,37.84622835653297,-79.22706973628948,0.8439475297927856
Taylor_Hollow,0714,549,491,37.84784689725412,-79.21989475907185,0.8468006253242493
Taylor_Hollow,0714,550,500,37.847577140467266,-79.21681976883572,0.8779764175415039
Taylor_Hollow,0714,538,496,37.85081422190958,-79.21818643116288,0.7226489186286926
Taylor_Hollow,0714,506,492,37.85944643908908,-79.21955309349005,0.5620467066764832
Taylor_Hollow,0714,545,479,37.84892592440156,-79.22399474605335,0.8686630129814148
Taylor_Hollow,0714,555,498,37.84622835653297,-79.21750309999929,0.8630726337432861
Taylor_Hollow,0714,536,515,37.8513537354833,-79.21169478510883,0.9450523257255554
Taylor_Hollow,0714,535,457,37.85162349227016,-79.23151138885278,0.82427579164505
Taylor_Hollow,0714,535,525,37.85162349227016,-79.20827812929092,0.7150006890296936
Taylor_Hollow,0714,536,458,37.8513537354833,-79.23116972327098,0.8006278872489929
Taylor_Hollow,0714,535,498,37.85162349227016,-79.21750309999929,0.8107583522796631
Taylor_Hollow,0714,536,468,37.8513537354833,-79.22775306745307,0.7410743236541748
Taylor_Hollow,0714,518,519,37.85620935764677,-79.21032812278166,0.9839133620262146
Taylor_Hollow,0714,539,510,37.85054446512272,-79.21340311301779,0.9542355537414551
Taylor_Hollow,0714,524,497,37.85459081692561,-79.21784476558109,0.880902111530304
Taylor_Hollow,0714,524,495,37.85459081692561,-79.21852809674468,0.7896247506141663
Taylor_Hollow,0714,548,473,37.848116654040986,-79.22604473954411,0.9114466309547424
Taylor_Hollow,0714,496,509,37.86214400695768,-79.21374477859959,0.7740333080291748
Taylor_Hollow,0714,563,521,37.844070302238094,-79.20964479161808,0.6367669701576233
Taylor_Hollow,0714,543,493,37.84946543797528,-79.21921142790826,0.8177886605262756
Taylor_Hollow,0714,553,465,37.84676787010669,-79.22877806419844,0.9097782969474792
Taylor_Hollow,0714,556,491,37.845958599746105,-79.21989475907185,0.880787193775177
Taylor_Hollow,0714,524,521,37.85459081692561,-79.20964479161808,0.9679787158966064
Taylor_Hollow,0714,550,528,37.847577140467266,-79.20725313254553,0.507796049118042
Taylor_Hollow,0714,536,517,37.8513537354833,-79.21101145394525,0.9126322269439697
Taylor_Hollow,0714,500,503,37.86106497981024,-79.21579477209033,0.8290069103240967
Taylor_Hollow,0714,551,501,37.8473073836804,-79.21647810325392,0.8746300935745239
Taylor_Hollow,0714,528,529,37.853511789778175,-79.20691146696375,0.7654565572738647
Taylor_Hollow,0714,524,512,37.85459081692561,-79.2127197818542,0.991152286529541
Taylor_Hollow,0714,544,459,37.84919568118842,-79.2308280576892,0.8866256475448608
Taylor_Hollow,0714,546,520,37.848656167614706,-79.20998645719988,0.8354459404945374
Taylor_Hollow,0714,550,472,37.847577140467266,-79.2263864051259,0.9133535027503967
Taylor_Hollow,0714,543,479,37.84946543797528,-79.22399474605335,0.8523328304290771
Taylor_Hollow,0714,538,469,37.85081422190958,-79.22741140187127,0.8195759654045105
Taylor_Hollow,0714,563,519,37.844070302238094,-79.21032812278166,0.6564798355102539
Taylor_Hollow,0714,523,506,37.85486057371247,-79.21476977534496,0.9811628460884094
Taylor_Hollow,0714,554,468,37.846498113319825,-79.22775306745307,0.7811427712440491
Taylor_Hollow,0714,498,506,37.86160449338396,-79.21476977534496,0.8301912546157837
Taylor_Hollow,0714,529,527,37.85324203299131,-79.20759479812733,0.813133955001831
Taylor_Hollow,0714,533,463,37.85216300584388,-79.22946139536202,0.7219547033309937
Taylor_Hollow,0714,497,499,37.861874250170814,-79.2171614344175,0.5629256367683411
Taylor_Hollow,0714,499,500,37.8613347365971,-79.21681976883572,0.630842387676239
Taylor_Hollow,0714,529,502,37.85324203299131,-79.21613643767213,0.9273105263710022
Taylor_Hollow,0714,550,494,37.847577140467266,-79.21886976232646,0.8539851903915405
Taylor_Hollow,0714,526,520,37.854051303351895,-79.20998645719988,0.9577747583389282
Taylor_Hollow,0714,535,513,37.85162349227016,-79.21237811627242,0.9617112278938293
Taylor_Hollow,0714,557,472,37.84568884295925,-79.2263864051259,0.8647346496582031
Taylor_Hollow,0714,552,510,37.847037626893545,-79.21340311301779,0.6633066534996033
Taylor_Hollow,0714,495,506,37.862413763744534,-79.21476977534496,0.5283371210098267
Taylor_Hollow,0714,559,467,37.84514932938553,-79.22809473303485,0.6135081052780151
Taylor_Hollow,0714,541,474,37.850004951549,-79.22570307396231,0.8572665452957153
Taylor_Hollow,0714,516,523,37.85674887122049,-79.20896146045449,0.9683114290237427
Taylor_Hollow,0714,537,472,37.85108397869644,-79.2263864051259,0.7493650913238525
Taylor_Hollow,0714,553,486,37.84676787010669,-79.2216030869808,0.8567195534706116
Taylor_Hollow,0714,533,510,37.85216300584388,-79.21340311301779,0.9476410150527954
Taylor_Hollow,0714,559,482,37.84514932938553,-79.22296974930798,0.6958997249603271
Taylor_Hollow,0714,497,510,37.861874250170814,-79.21340311301779,0.8262447714805603
Taylor_Hollow,0714,543,510,37.84946543797528,-79.21340311301779,0.9090487957000732
Taylor_Hollow,0714,567,532,37.842991275090654,-79.20588647021836,0.6534495949745178
Taylor_Hollow,0714,540,488,37.85027470833586,-79.22091975581722,0.5842967629432678
Taylor_Hollow,0714,528,493,37.853511789778175,-79.21921142790826,0.6670027375221252
Taylor_Hollow,0714,563,501,37.844070302238094,-79.21647810325392,0.8094971179962158
Taylor_Hollow,0714,542,460,37.84973519476214,-79.2304863921074,0.8459345698356628
Taylor_Hollow,0714,499,503,37.8613347365971,-79.21579477209033,0.7171488404273987
Taylor_Hollow,0714,545,453,37.84892592440156,-79.23287805117994,0.9330591559410095
Taylor_Hollow,0714,549,468,37.84784689725412,-79.22775306745307,0.9068319201469421
Taylor_Hollow,0714,547,525,37.84838641082784,-79.20827812929092,0.6673105359077454
Taylor_Hollow,0714,531,456,37.8527025194176,-79.23185305443457,0.7919977903366089
Taylor_Hollow,0714,536,505,37.8513537354833,-79.21511144092675,0.9603403806686401
Taylor_Hollow,0714,519,529,37.855939600859905,-79.20691146696375,0.8990272879600525
Taylor_Hollow,0714,521,522,37.85540008728619,-79.20930312603629,0.9817025661468506
Taylor_Hollow,0714,532,448,37.852432762630734,-79.23458637908891,0.8847063779830933
Taylor_Hollow,0714,564,523,37.84380054545123,-79.20896146045449,0.5804809331893921
Taylor_Hollow,0714,555,480,37.84622835653297,-79.22365308047155,0.8460404276847839
Taylor_Hollow,0714,536,512,37.8513537354833,-79.2127197818542,0.9529938101768494
Taylor_Hollow,0714,559,483,37.84514932938553,-79.22262808372618,0.655880331993103
Taylor_Hollow,0714,523,517,37.85486057371247,-79.21101145394525,0.9890187382698059
Taylor_Hollow,0714,560,490,37.84487957259867,-79.22023642465363,0.6992719173431396
Taylor_Hollow,0714,542,506,37.84973519476214,-79.21476977534496,0.9287123680114746
Taylor_Hollow,0714,525,493,37.85432106013875,-79.21921142790826,0.6661601662635803
Taylor_Hollow,0714,564,503,37.84380054545123,-79.21579477209033,0.7605559825897217
Taylor_Hollow,0714,551,524,37.8473073836804,-79.2086197948727,0.7016640305519104
Taylor_Hollow,0714,533,456,37.85216300584388,-79.23185305443457,0.842644453048706
Taylor_Hollow,0714,523,497,37.85486057371247,-79.21784476558109,0.9129602313041687
Taylor_Hollow,0714,523,494,37.85486057371247,-79.21886976232646,0.8082279562950134
Taylor_Hollow,0714,498,526,37.86160449338396,-79.20793646370912,0.7274513244628906
Taylor_Hollow,0714,567,520,37.842991275090654,-79.20998645719988,0.5031995177268982
Taylor_Hollow,0714,532,501,37.852432762630734,-79.21647810325392,0.9136794209480286
Taylor_Hollow,0714,565,498,37.843530788664374,-79.21750309999929,0.5351084470748901
Taylor_Hollow,0714,526,495,37.854051303351895,-79.21852809674468,0.7905809879302979
Taylor_Hollow,0714,546,510,37.848656167614706,-79.21340311301779,0.9276570677757263
Taylor_Hollow,0714,551,477,37.8473073836804,-79.22467807721694,0.8628608584403992
Taylor_Hollow,0714,548,510,37.848116654040986,-79.21340311301779,0.9024300575256348
Taylor_Hollow,0714,551,466,37.8473073836804,-79.22843639861665,0.9110791087150574
Taylor_Hollow,0714,519,494,37.855939600859905,-79.21886976232646,0.8617674708366394
Taylor_Hollow,0714,537,524,37.85108397869644,-79.2086197948727,0.6840345859527588
Taylor_Hollow,0714,532,500,37.852432762630734,-79.21681976883572,0.8706743121147156
Taylor_Hollow,0714,532,524,37.852432762630734,-79.2086197948727,0.8738868832588196
Taylor_Hollow,0714,499,506,37.8613347365971,-79.21476977534496,0.8427693247795105
Taylor_Hollow,0714,560,483,37.84487957259867,-79.22262808372618,0.6745290160179138
Taylor_Hollow,0714,569,521,37.842451761516934,-79.20964479161808,0.5134556293487549
Taylor_Hollow,0714,530,493,37.852972276204454,-79.21921142790826,0.6122723817825317
Taylor_Hollow,0714,553,466,37.84676787010669,-79.22843639861665,0.8723700046539307
Taylor_Hollow,0714,531,459,37.8527025194176,-79.2308280576892,0.6963162422180176
Taylor_Hollow,0714,538,518,37.85081422190958,-79.21066978836346,0.8770210146903992
Taylor_Hollow,0714,539,460,37.85054446512272,-79.2304863921074,0.7619366645812988
Taylor_Hollow,0714,549,494,37.84784689725412,-79.21886976232646,0.8501987457275391
Taylor_Hollow,0714,529,512,37.85324203299131,-79.2127197818542,0.9725162982940674
Taylor_Hollow,0714,540,524,37.85027470833586,-79.2086197948727,0.6525129675865173
Taylor_Hollow,0714,542,501,37.84973519476214,-79.21647810325392,0.8997331261634827
Taylor_Hollow,0714,540,489,37.85027470833586,-79.22057809023542,0.6189723014831543
Taylor_Hollow,0714,534,450,37.851893249057014,-79.23390304792532,0.8937835693359375
Taylor_Hollow,0714,569,523,37.842451761516934,-79.20896146045449,0.6155698895454407
Taylor_Hollow,0714,552,490,37.847037626893545,-79.22023642465363,0.8752901554107666
Taylor_Hollow,0714,563,523,37.844070302238094,-79.20896146045449,0.5895787477493286
Taylor_Hollow,0714,543,477,37.84946543797528,-79.22467807721694,0.866040050983429
Taylor_Hollow,0714,524,503,37.85459081692561,-79.21579477209033,0.9489157795906067
Taylor_Hollow,0714,561,509,37.84460981581181,-79.21374477859959,0.7898842692375183
Taylor_Hollow,0714,509,497,37.85863716872851,-79.21784476558109,0.9054107666015625
Taylor_Hollow,0714,546,474,37.848656167614706,-79.22570307396231,0.8890343904495239
Taylor_Hollow,0714,544,491,37.84919568118842,-79.21989475907185,0.8131209015846252
Taylor_Hollow,0714,554,488,37.846498113319825,-79.22091975581722,0.8520458936691284
Taylor_Hollow,0714,525,506,37.85432106013875,-79.21476977534496,0.9826706051826477
Taylor_Hollow,0714,544,510,37.84919568118842,-79.21340311301779,0.9096603989601135
Taylor_Hollow,0714,538,521,37.85081422190958,-79.20964479161808,0.7786617875099182
Taylor_Hollow,0714,547,491,37.84838641082784,-79.21989475907185,0.8345573544502258
Taylor_Hollow,0714,527,498,37.85378154656503,-79.21750309999929,0.8147724866867065
Taylor_Hollow,0714,563,502,37.844070302238094,-79.21613643767213,0.8207719326019287
Taylor_Hollow,0714,522,518,37.85513033049933,-79.21066978836346,0.9914756417274475
Taylor_Hollow,0714,537,523,37.85108397869644,-79.20896146045449,0.7194647192955017
Taylor_Hollow,0714,550,471,37.847577140467266,-79.22672807070768,0.9148563742637634
Taylor_Hollow,0714,530,511,37.852972276204454,-79.213061447436,0.9709014892578125
Taylor_Hollow,0714,502,500,37.86052546623652,-79.21681976883572,0.7099336981773376
Taylor_Hollow,0714,544,475,37.84919568118842,-79.22536140838052,0.8751867413520813
Taylor_Hollow,0714,555,483,37.84622835653297,-79.22262808372618,0.8721471428871155
Taylor_Hollow,0714,533,453,37.85216300584388,-79.23287805117994,0.877066969871521
Taylor_Hollow,0714,526,516,37.854051303351895,-79.21135311952705,0.9806351065635681
Taylor_Hollow,0714,544,509,37.84919568118842,-79.21374477859959,0.9066024422645569
Taylor_Hollow,0714,501,520,37.86079522302338,-79.20998645719988,0.8558486104011536
Taylor_Hollow,0714,553,494,37.84676787010669,-79.21886976232646,0.8386460542678833
Taylor_Hollow,0714,560,472,37.84487957259867,-79.2263864051259,0.7535181641578674
Taylor_Hollow,0714,498,500,37.86160449338396,-79.21681976883572,0.6206604242324829
Taylor_Hollow,0714,525,530,37.85432106013875,-79.20656980138195,0.696287989616394
Taylor_Hollow,0714,533,504,37.85216300584388,-79.21545310650855,0.9215087890625
Taylor_Hollow,0714,540,492,37.85027470833586,-79.21955309349005,0.6127323508262634
Taylor_Hollow,0714,541,516,37.850004951549,-79.21135311952705,0.9020561575889587
Taylor_Hollow,0714,541,472,37.850004951549,-79.2263864051259,0.8749515414237976
Taylor_Hollow,0714,500,495,37.86106497981024,-79.21852809674468,0.5067855715751648
Taylor_Hollow,0714,534,527,37.851893249057014,-79.20759479812733,0.6781360507011414
Taylor_Hollow,0714,543,498,37.84946543797528,-79.21750309999929,0.8756544589996338
Taylor_Hollow,0714,547,513,37.84838641082784,-79.21237811627242,0.8933524489402771
Taylor_Hollow,0714,559,511,37.84514932938553,-79.213061447436,0.6289770007133484
Taylor_Hollow,0714,551,520,37.8473073836804,-79.20998645719988,0.8046514987945557
Taylor_Hollow,0714,547,478,37.84838641082784,-79.22433641163514,0.8807224035263062
Taylor_Hollow,0714,518,526,37.85620935764677,-79.20793646370912,0.9616203904151917
Taylor_Hollow,0714,564,536,37.84380054545123,-79.2045198078912,0.5090839266777039
Taylor_Hollow,0714,545,503,37.84892592440156,-79.21579477209033,0.9097007513046265
Taylor_Hollow,0714,550,474,37.847577140467266,-79.22570307396231,0.8957310318946838
Taylor_Hollow,0714,567,523,37.842991275090654,-79.20896146045449,0.5657508969306946
Taylor_Hollow,0714,544,479,37.84919568118842,-79.22399474605335,0.8720198273658752
Taylor_Hollow,0714,528,511,37.853511789778175,-79.213061447436,0.9762417674064636
Taylor_Hollow,0714,542,497,37.84973519476214,-79.21784476558109,0.8455269932746887
Taylor_Hollow,0714,555,472,37.84622835653297,-79.2263864051259,0.8648971915245056
Taylor_Hollow,0714,550,467,37.847577140467266,-79.22809473303485,0.90447998046875
Taylor_Hollow,0714,538,463,37.85081422190958,-79.22946139536202,0.8179839253425598
Taylor_Hollow,0714,544,530,37.84919568118842,-79.20656980138195,0.5084987282752991
Taylor_Hollow,0714,548,523,37.848116654040986,-79.20896146045449,0.7236183285713196
Taylor_Hollow,0714,543,488,37.84946543797528,-79.22091975581722,0.7971673011779785
Taylor_Hollow,0714,537,496,37.85108397869644,-79.21818643116288,0.7068300843238831
Taylor_Hollow,0714,540,501,37.85027470833586,-79.21647810325392,0.8954954743385315
Taylor_Hollow,0714,512,532,37.85782789836792,-79.20588647021836,0.6733396649360657
Taylor_Hollow,0714,532,451,37.852432762630734,-79.23356138234352,0.8663433194160461
Taylor_Hollow,0714,551,509,37.8473073836804,-79.21374477859959,0.8344271779060364
Taylor_Hollow,0714,531,523,37.8527025194176,-79.20896146045449,0.9027283787727356
Taylor_Hollow,0714,560,482,37.84487957259867,-79.22296974930798,0.6805591583251953
Taylor_Hollow,0714,542,505,37.84973519476214,-79.21511144092675,0.930810809135437
Taylor_Hollow,0714,525,499,37.85432106013875,-79.2171614344175,0.9112059473991394
Taylor_Hollow,0714,557,477,37.84568884295925,-79.22467807721694,0.8851615190505981
Taylor_Hollow,0714,538,468,37.85081422190958,-79.22775306745307,0.8003362417221069
Taylor_Hollow,0714,546,522,37.848656167614706,-79.20930312603629,0.6990180611610413
Taylor_Hollow,0714,546,478,37.848656167614706,-79.22433641163514,0.8710002899169922
Taylor_Hollow,0714,540,451,37.85027470833586,-79.23356138234352,0.935617983341217
Taylor_Hollow,0714,559,492,37.84514932938553,-79.21955309349005,0.7253270149230957
Taylor_Hollow,0714,513,528,37.857558141581066,-79.20725313254553,0.972783625125885
Taylor_Hollow,0714,502,521,37.86052546623652,-79.20964479161808,0.8627282381057739
Taylor_Hollow,0714,546,511,37.848656167614706,-79.213061447436,0.9265359044075012
Taylor_Hollow,0714,539,505,37.85054446512272,-79.21511144092675,0.9456184506416321
Taylor_Hollow,0714,527,530,37.85378154656503,-79.20656980138195,0.7004305124282837
Taylor_Hollow,0714,523,527,37.85486057371247,-79.20759479812733,0.9261967539787292
Taylor_Hollow,0714,502,504,37.86052546623652,-79.21545310650855,0.8538028597831726
Taylor_Hollow,0714,528,528,37.853511789778175,-79.20725313254553,0.7771337032318115
Taylor_Hollow,0714,503,528,37.86025570944966,-79.20725313254553,0.8501472473144531
Taylor_Hollow,0714,571,523,37.84191224794321,-79.20896146045449,0.7250138521194458
Taylor_Hollow,0714,540,482,37.85027470833586,-79.22296974930798,0.6718059778213501
Taylor_Hollow,0714,534,512,37.851893249057014,-79.2127197818542,0.9505088925361633
Taylor_Hollow,0714,566,538,37.84326103187751,-79.20383647672762,0.5138508081436157
Taylor_Hollow,0714,563,475,37.844070302238094,-79.22536140838052,0.6177647113800049
Taylor_Hollow,0714,535,471,37.85162349227016,-79.22672807070768,0.7093149423599243
Taylor_Hollow,0714,543,522,37.84946543797528,-79.20930312603629,0.789771556854248
Taylor_Hollow,0714,539,527,37.85054446512272,-79.20759479812733,0.6120102405548096
Taylor_Hollow,0714,498,518,37.86160449338396,-79.21066978836346,0.8316518068313599
Taylor_Hollow,0714,528,507,37.853511789778175,-79.21442810976316,0.9600759744644165
Taylor_Hollow,0714,540,474,37.85027470833586,-79.22570307396231,0.8464002013206482
Taylor_Hollow,0714,561,474,37.84460981581181,-79.22570307396231,0.7208598852157593
Taylor_Hollow,0714,525,520,37.85432106013875,-79.20998645719988,0.9634971022605896
Taylor_Hollow,0714,562,506,37.84434005902495,-79.21476977534496,0.8346481919288635
Taylor_Hollow,0714,560,503,37.84487957259867,-79.21579477209033,0.8108724355697632
Taylor_Hollow,0714,532,525,37.852432762630734,-79.20827812929092,0.8596853017807007
Taylor_Hollow,0714,540,466,37.85027470833586,-79.22843639861665,0.7965331673622131
Taylor_Hollow,0714,538,465,37.85081422190958,-79.22877806419844,0.8340942859649658
Taylor_Hollow,0714,533,512,37.85216300584388,-79.2127197818542,0.954149067401886
Taylor_Hollow,0714,530,509,37.852972276204454,-79.21374477859959,0.9620071649551392
Taylor_Hollow,0714,555,465,37.84622835653297,-79.22877806419844,0.8808412551879883
Taylor_Hollow,0714,497,511,37.861874250170814,-79.213061447436,0.8031625151634216
Taylor_Hollow,0714,565,482,37.843530788664374,-79.22296974930798,0.606819748878479
Taylor_Hollow,0714,557,497,37.84568884295925,-79.21784476558109,0.8486823439598083
Taylor_Hollow,0714,517,529,37.856479114433625,-79.20691146696375,0.9336618185043335
Taylor_Hollow,0714,557,503,37.84568884295925,-79.21579477209033,0.8077158331871033
Taylor_Hollow,0714,559,494,37.84514932938553,-79.21886976232646,0.8126015663146973
Taylor_Hollow,0714,540,456,37.85027470833586,-79.23185305443457,0.8688449859619141
Taylor_Hollow,0714,505,493,37.85971619587594,-79.21921142790826,0.586275041103363
Taylor_Hollow,0714,545,501,37.84892592440156,-79.21647810325392,0.8925443291664124
Taylor_Hollow,0714,546,500,37.848656167614706,-79.21681976883572,0.8813467621803284
Taylor_Hollow,0714,524,522,37.85459081692561,-79.20930312603629,0.961763322353363
Taylor_Hollow,0714,536,501,37.8513537354833,-79.21647810325392,0.8866541385650635
Taylor_Hollow,0714,562,498,37.84434005902495,-79.21750309999929,0.8258466124534607
Taylor_Hollow,0714,559,485,37.84514932938553,-79.22194475256259,0.7259012460708618
Taylor_Hollow,0714,537,510,37.85108397869644,-79.21340311301779,0.9594143033027649
Taylor_Hollow,0714,561,500,37.84460981581181,-79.21681976883572,0.828537106513977
Taylor_Hollow,0714,548,461,37.848116654040986,-79.23014472652561,0.9194337725639343
Taylor_Hollow,0714,547,482,37.84838641082784,-79.22296974930798,0.8734614849090576
Taylor_Hollow,0714,558,489,37.84541908617239,-79.22057809023542,0.8268013596534729
Taylor_Hollow,0714,529,449,37.85324203299131,-79.23424471350711,0.8200767040252686
Taylor_Hollow,0714,520,525,37.85566984407305,-79.20827812929092,0.9499680995941162
Taylor_Hollow,0714,541,495,37.850004951549,-79.21852809674468,0.7470077276229858
Taylor_Hollow,0714,548,481,37.848116654040986,-79.22331141488976,0.8965516686439514
Taylor_Hollow,0714,549,458,37.84784689725412,-79.23116972327098,0.959907054901123
Taylor_Hollow,0714,549,508,37.84784689725412,-79.21408644418138,0.9006035327911377
Taylor_Hollow,0714,527,502,37.85378154656503,-79.21613643767213,0.9297375679016113
Taylor_Hollow,0714,554,481,37.846498113319825,-79.22331141488976,0.8680425882339478
Taylor_Hollow,0714,499,498,37.8613347365971,-79.21750309999929,0.5875707864761353
Taylor_Hollow,0714,545,482,37.84892592440156,-79.22296974930798,0.8571988940238953
Taylor_Hollow,0714,557,467,37.84568884295925,-79.22809473303485,0.8166390657424927
Taylor_Hollow,0714,563,530,37.844070302238094,-79.20656980138195,0.550649106502533
Taylor_Hollow,0714,526,501,37.854051303351895,-79.21647810325392,0.9254622459411621
Taylor_Hollow,0714,524,504,37.85459081692561,-79.21545310650855,0.9668588042259216
Taylor_Hollow,0714,534,449,37.851893249057014,-79.23424471350711,0.9004697203636169
Taylor_Hollow,0714,551,467,37.8473073836804,-79.22809473303485,0.8942025303840637
Taylor_Hollow,0714,549,483,37.84784689725412,-79.22262808372618,0.8791062235832214
Taylor_Hollow,0714,526,519,37.854051303351895,-79.21032812278166,0.9669840931892395
Taylor_Hollow,0714,534,515,37.851893249057014,-79.21169478510883,0.9530467391014099
Taylor_Hollow,0714,552,460,37.847037626893545,-79.2304863921074,0.889267086982727
Taylor_Hollow,0714,550,527,37.847577140467266,-79.20759479812733,0.5735194087028503
Taylor_Hollow,0714,570,529,37.84218200473008,-79.20691146696375,0.7309892177581787
Taylor_Hollow,0714,537,471,37.85108397869644,-79.22672807070768,0.7703176736831665
Taylor_Hollow,0714,554,483,37.846498113319825,-79.22262808372618,0.8578901886940002
Taylor_Hollow,0714,537,453,37.85108397869644,-79.23287805117994,0.8652676343917847
Taylor_Hollow,0714,526,446,37.854051303351895,-79.2352697102525,0.6478906869888306
Taylor_Hollow,0714,551,528,37.8473073836804,-79.20725313254553,0.515045702457428
Taylor_Hollow,0714,520,517,37.85566984407305,-79.21101145394525,0.9873975515365601
Taylor_Hollow,0714,511,496,37.858097655154786,-79.21818643116288,0.9143347144126892
Taylor_Hollow,0714,537,506,37.85108397869644,-79.21476977534496,0.963113009929657
Taylor_Hollow,0714,539,489,37.85054446512272,-79.22057809023542,0.6319236755371094
Taylor_Hollow,0714,540,525,37.85027470833586,-79.20827812929092,0.6635149121284485
Taylor_Hollow,0714,556,484,37.845958599746105,-79.22228641814439,0.8889762163162231
Taylor_Hollow,0714,553,460,37.84676787010669,-79.2304863921074,0.7473674416542053
Taylor_Hollow,0714,497,526,37.861874250170814,-79.20793646370912,0.6575983762741089
Taylor_Hollow,0714,561,506,37.84460981581181,-79.21476977534496,0.8114583492279053
Taylor_Hollow,0714,563,478,37.844070302238094,-79.22433641163514,0.6203598380088806
Taylor_Hollow,0714,536,466,37.8513537354833,-79.22843639861665,0.7304258346557617
Taylor_Hollow,0714,564,535,37.84380054545123,-79.20486147347299,0.5182950496673584
Taylor_Hollow,0714,539,464,37.85054446512272,-79.22911972978024,0.7912695407867432
Taylor_Hollow,0714,544,503,37.84919568118842,-79.21579477209033,0.9065110683441162
Taylor_Hollow,0714,559,469,37.84514932938553,-79.22741140187127,0.6637702584266663
Taylor_Hollow,0714,538,519,37.85081422190958,-79.21032812278166,0.8688614368438721
Taylor_Hollow,0714,514,529,37.8572883847942,-79.20691146696375,0.9540016055107117
Taylor_Hollow,0714,558,494,37.84541908617239,-79.21886976232646,0.8347694873809814
Taylor_Hollow,0714,557,478,37.84568884295925,-79.22433641163514,0.8727229237556458
Taylor_Hollow,0714,530,454,37.852972276204454,-79.23253638559815,0.7916682362556458
Taylor_Hollow,0714,498,497,37.86160449338396,-79.21784476558109,0.5034281015396118
Taylor_Hollow,0714,521,495,37.85540008728619,-79.21852809674468,0.8614993691444397
Taylor_Hollow,0714,546,463,37.848656167614706,-79.22946139536202,0.8999603986740112
Taylor_Hollow,0714,550,520,37.847577140467266,-79.20998645719988,0.8107473850250244
Taylor_Hollow,0714,534,506,37.851893249057014,-79.21476977534496,0.9454858899116516
Taylor_Hollow,0714,530,456,37.852972276204454,-79.23185305443457,0.7581185698509216
Taylor_Hollow,0714,543,490,37.84946543797528,-79.22023642465363,0.792638897895813
Taylor_Hollow,0714,566,527,37.84326103187751,-79.20759479812733,0.5171253085136414
Taylor_Hollow,0714,542,517,37.84973519476214,-79.21101145394525,0.8813657164573669
Taylor_Hollow,0714,522,516,37.85513033049933,-79.21135311952705,0.9862253069877625
Taylor_Hollow,0714,543,523,37.84946543797528,-79.20896146045449,0.7422524690628052
Taylor_Hollow,0714,509,529,37.85863716872851,-79.20691146696375,0.9048570990562439
Taylor_Hollow,0714,533,530,37.85216300584388,-79.20656980138195,0.5115626454353333
Taylor_Hollow,0714,554,477,37.846498113319825,-79.22467807721694,0.8360142707824707
Taylor_Hollow,0714,552,481,37.847037626893545,-79.22331141488976,0.8808677196502686
Taylor_Hollow,0714,501,501,37.86079522302338,-79.21647810325392,0.7350956797599792
Taylor_Hollow,0714,545,497,37.84892592440156,-79.21784476558109,0.8656864166259766
Taylor_Hollow,0714,535,492,37.85162349227016,-79.21955309349005,0.5085064172744751
Taylor_Hollow,0714,530,453,37.852972276204454,-79.23287805117994,0.7901322245597839
Taylor_Hollow,0714,533,452,37.85216300584388,-79.23321971676174,0.8673659563064575
Taylor_Hollow,0714,527,456,37.85378154656503,-79.23185305443457,0.5868579745292664
Taylor_Hollow,0714,501,521,37.86079522302338,-79.20964479161808,0.8579155206680298
Taylor_Hollow,0714,551,522,37.8473073836804,-79.20930312603629,0.7262277007102966
Taylor_Hollow,0714,530,520,37.852972276204454,-79.20998645719988,0.939613401889801
Taylor_Hollow,0714,558,506,37.84541908617239,-79.21476977534496,0.7313129305839539
Taylor_Hollow,0714,551,498,37.8473073836804,-79.21750309999929,0.8760395050048828
Taylor_Hollow,0714,544,494,37.84919568118842,-79.21886976232646,0.8293634653091431
Taylor_Hollow,0714,553,487,37.84676787010669,-79.221261421399,0.8466611504554749
Taylor_Hollow,0714,569,528,37.842451761516934,-79.20725313254553,0.6024125814437866
Taylor_Hollow,0714,546,508,37.848656167614706,-79.21408644418138,0.9172338843345642
Taylor_Hollow,0714,537,508,37.85108397869644,-79.21408644418138,0.9670215249061584
Taylor_Hollow,0714,520,518,37.85566984407305,-79.21066978836346,0.986061692237854
Taylor_Hollow,0714,554,466,37.846498113319825,-79.22843639861665,0.86752849817276
Taylor_Hollow,0714,550,521,37.847577140467266,-79.20964479161808,0.7870867252349854
Taylor_Hollow,0714,540,480,37.85027470833586,-79.22365308047155,0.7039986252784729
Taylor_Hollow,0714,542,486,37.84973519476214,-79.2216030869808,0.7538631558418274
Taylor_Hollow,0714,527,531,37.85378154656503,-79.20622813580016,0.5314472317695618
Taylor_Hollow,0714,554,491,37.846498113319825,-79.21989475907185,0.8560378551483154
Taylor_Hollow,0714,533,493,37.85216300584388,-79.21921142790826,0.583419680595398
Taylor_Hollow,0714,543,480,37.84946543797528,-79.22365308047155,0.8445003032684326
Taylor_Hollow,0714,559,477,37.84514932938553,-79.22467807721694,0.6321812272071838
Taylor_Hollow,0714,571,525,37.84191224794321,-79.20827812929092,0.7685476541519165
Taylor_Hollow,0714,550,510,37.847577140467266,-79.21340311301779,0.8928868770599365
Taylor_Hollow,0714,524,510,37.85459081692561,-79.21340311301779,0.9869668483734131
Taylor_Hollow,0714,547,524,37.84838641082784,-79.2086197948727,0.7136572003364563
Taylor_Hollow,0714,522,519,37.85513033049933,-79.21032812278166,0.9883509874343872
Taylor_Hollow,0714,558,509,37.84541908617239,-79.21374477859959,0.5974554419517517
Taylor_Hollow,0714,554,461,37.846498113319825,-79.23014472652561,0.6895104050636292
Taylor_Hollow,0714,501,526,37.86079522302338,-79.20793646370912,0.8289936184883118
Taylor_Hollow,0714,564,511,37.84380054545123,-79.213061447436,0.7188957929611206
Taylor_Hollow,0714,559,472,37.84514932938553,-79.2263864051259,0.7246776223182678
Taylor_Hollow,0714,558,504,37.84541908617239,-79.21545310650855,0.8170496225357056
Taylor_Hollow,0714,522,515,37.85513033049933,-79.21169478510883,0.9900411367416382
Taylor_Hollow,0714,518,525,37.85620935764677,-79.20827812929092,0.9675007462501526
Taylor_Hollow,0714,526,529,37.854051303351895,-79.20691146696375,0.738132119178772
Taylor_Hollow,0714,549,459,37.84784689725412,-79.2308280576892,0.9410567879676819
Taylor_Hollow,0714,502,519,37.86052546623652,-79.21032812278166,0.8632655739784241
Taylor_Hollow,0714,545,522,37.84892592440156,-79.20930312603629,0.7469345331192017
Taylor_Hollow,0714,545,475,37.84892592440156,-79.22536140838052,0.8746955990791321
Taylor_Hollow,0714,533,517,37.85216300584388,-79.21101145394525,0.9320473074913025
Taylor_Hollow,0714,536,492,37.8513537354833,-79.21955309349005,0.5247489213943481
Taylor_Hollow,0714,502,524,37.86052546623652,-79.2086197948727,0.8431240916252136
Taylor_Hollow,0714,504,528,37.859985952662804,-79.20725313254553,0.8738830089569092
Taylor_Hollow,0714,534,494,37.851893249057014,-79.21886976232646,0.6249241828918457
Taylor_Hollow,0714,527,497,37.85378154656503,-79.21784476558109,0.8018813729286194
Taylor_Hollow,0714,500,517,37.86106497981024,-79.21101145394525,0.8390737175941467
Taylor_Hollow,0714,548,488,37.848116654040986,-79.22091975581722,0.8584444522857666
Taylor_Hollow,0714,533,450,37.85216300584388,-79.23390304792532,0.888279378414154
Taylor_Hollow,0714,507,492,37.85917668230222,-79.21955309349005,0.6613205075263977
Taylor_Hollow,0714,515,524,37.857018628007346,-79.2086197948727,0.9686535000801086
Taylor_Hollow,0714,541,463,37.850004951549,-79.22946139536202,0.8529005646705627
Taylor_Hollow,0714,528,449,37.853511789778175,-79.23424471350711,0.7652693390846252
Taylor_Hollow,0714,550,495,37.847577140467266,-79.21852809674468,0.8609158396720886
Taylor_Hollow,0714,562,494,37.84434005902495,-79.21886976232646,0.7891077995300293
Taylor_Hollow,0714,550,483,37.847577140467266,-79.22262808372618,0.8615618944168091
Taylor_Hollow,0714,569,535,37.842451761516934,-79.20486147347299,0.7092294692993164
Taylor_Hollow,0714,498,507,37.86160449338396,-79.21442810976316,0.8313172459602356
Taylor_Hollow,0714,540,457,37.85027470833586,-79.23151138885278,0.8566688895225525
Taylor_Hollow,0714,528,526,37.853511789778175,-79.20793646370912,0.8490234017372131
Taylor_Hollow,0714,528,518,37.853511789778175,-79.21066978836346,0.9555442929267883
Taylor_Hollow,0714,561,489,37.84460981581181,-79.22057809023542,0.6714903116226196
Taylor_Hollow,0714,523,523,37.85486057371247,-79.20896146045449,0.9554535746574402
Taylor_Hollow,0714,560,470,37.84487957259867,-79.22706973628948,0.6635979413986206
Taylor_Hollow,0714,564,518,37.84380054545123,-79.21066978836346,0.6189267039299011
Taylor_Hollow,0714,554,505,37.846498113319825,-79.21511144092675,0.7245246767997742
Taylor_Hollow,0714,518,530,37.85620935764677,-79.20656980138195,0.8875477313995361
Taylor_Hollow,0714,554,464,37.846498113319825,-79.22911972978024,0.8604238033294678
Taylor_Hollow,0714,545,513,37.84892592440156,-79.21237811627242,0.9187385439872742
Taylor_Hollow,0714,547,460,37.84838641082784,-79.2304863921074,0.8855810165405273
Taylor_Hollow,0714,525,494,37.85432106013875,-79.21886976232646,0.7225403785705566
Taylor_Hollow,0714,531,460,37.8527025194176,-79.2304863921074,0.6111252903938293
Taylor_Hollow,0714,556,475,37.845958599746105,-79.22536140838052,0.9001537561416626
Taylor_Hollow,0714,548,525,37.848116654040986,-79.20827812929092,0.7210960984230042
Taylor_Hollow,0714,516,528,37.85674887122049,-79.20725313254553,0.9396886825561523
Taylor_Hollow,0714,548,487,37.848116654040986,-79.221261421399,0.8583505749702454
Taylor_Hollow,0714,538,475,37.85081422190958,-79.22536140838052,0.7219492793083191
Taylor_Hollow,0714,511,495,37.858097655154786,-79.21852809674468,0.8962008953094482
Taylor_Hollow,0714,527,512,37.85378154656503,-79.2127197818542,0.9852178692817688
Taylor_Hollow,0714,550,464,37.847577140467266,-79.22911972978024,0.9323005676269531
Taylor_Hollow,0714,498,502,37.86160449338396,-79.21613643767213,0.6860210299491882
Taylor_Hollow,0714,552,485,37.847037626893545,-79.22194475256259,0.8605284094810486
Taylor_Hollow,0714,551,513,37.8473073836804,-79.21237811627242,0.8287882804870605
Taylor_Hollow,0714,536,465,37.8513537354833,-79.22877806419844,0.7903502583503723
Taylor_Hollow,0714,529,519,37.85324203299131,-79.21032812278166,0.9477217197418213
Taylor_Hollow,0714,512,496,37.85782789836792,-79.21818643116288,0.8953710198402405
Taylor_Hollow,0714,550,525,37.847577140467266,-79.20827812929092,0.7493115663528442
Taylor_Hollow,0714,498,516,37.86160449338396,-79.21135311952705,0.8190792798995972
Taylor_Hollow,0714,563,476,37.844070302238094,-79.22501974279872,0.6043441295623779
Taylor_Hollow,0714,551,493,37.8473073836804,-79.21921142790826,0.8538996577262878
Taylor_Hollow,0714,536,449,37.8513537354833,-79.23424471350711,0.8810698986053467
Taylor_Hollow,0714,525,500,37.85432106013875,-79.21681976883572,0.928470253944397
Taylor_Hollow,0714,536,456,37.8513537354833,-79.23185305443457,0.8415886163711548
Taylor_Hollow,0714,540,470,37.85027470833586,-79.22706973628948,0.8614498376846313
Taylor_Hollow,0714,541,509,37.850004951549,-79.21374477859959,0.9478848576545715
Taylor_Hollow,0714,534,495,37.851893249057014,-79.21852809674468,0.6237680912017822
Taylor_Hollow,0714,536,473,37.8513537354833,-79.22604473954411,0.7177292704582214
Taylor_Hollow,0714,557,507,37.84568884295925,-79.21442810976316,0.6708494424819946
Taylor_Hollow,0714,497,509,37.861874250170814,-79.21374477859959,0.8329471349716187
Taylor_Hollow,0714,535,502,37.85162349227016,-79.21613643767213,0.903195858001709
Taylor_Hollow,0714,538,470,37.85081422190958,-79.22706973628948,0.8202222585678101
Taylor_Hollow,0714,499,517,37.8613347365971,-79.21101145394525,0.832673192024231
Taylor_Hollow,0714,538,523,37.85081422190958,-79.20896146045449,0.6850818395614624
Taylor_Hollow,0714,514,493,37.8572883847942,-79.21921142790826,0.7958658933639526
Taylor_Hollow,0714,537,454,37.85108397869644,-79.23253638559815,0.8583852648735046
Taylor_Hollow,0714,556,478,37.845958599746105,-79.22433641163514,0.8709489107131958
Taylor_Hollow,0714,547,463,37.84838641082784,-79.22946139536202,0.8835242390632629
Taylor_Hollow,0714,526,518,37.854051303351895,-79.21066978836346,0.975513219833374
Taylor_Hollow,0714,504,520,37.859985952662804,-79.20998645719988,0.8928964138031006
Taylor_Hollow,0714,564,522,37.84380054545123,-79.20930312603629,0.583795964717865
Taylor_Hollow,0714,533,518,37.85216300584388,-79.21066978836346,0.9218632578849792
Taylor_Hollow,0714,565,534,37.843530788664374,-79.20520313905479,0.5247384905815125
Taylor_Hollow,0714,550,492,37.847577140467266,-79.21955309349005,0.843227207660675
Taylor_Hollow,0714,501,529,37.86079522302338,-79.20691146696375,0.7137622833251953
Taylor_Hollow,0714,543,517,37.84946543797528,-79.21101145394525,0.8611763715744019
Taylor_Hollow,0714,500,521,37.86106497981024,-79.20964479161808,0.8412712216377258
Taylor_Hollow,0714,540,476,37.85027470833586,-79.22501974279872,0.7986355423927307
Taylor_Hollow,0714,543,527,37.84946543797528,-79.20759479812733,0.5267945528030396
Taylor_Hollow,0714,540,504,37.85027470833586,-79.21545310650855,0.9260100722312927
Taylor_Hollow,0714,498,517,37.86160449338396,-79.21101145394525,0.8234367370605469
Taylor_Hollow,0714,540,514,37.85027470833586,-79.21203645069062,0.9138792753219604
Taylor_Hollow,0714,542,483,37.84973519476214,-79.22262808372618,0.750671923160553
Taylor_Hollow,0714,548,496,37.848116654040986,-79.21818643116288,0.8679633736610413
Taylor_Hollow,0714,565,533,37.843530788664374,-79.20554480463657,0.5316240787506104
Taylor_Hollow,0714,535,459,37.85162349227016,-79.2308280576892,0.795267641544342
Taylor_Hollow,0714,548,489,37.848116654040986,-79.22057809023542,0.8590387105941772
Taylor_Hollow,0714,537,509,37.85108397869644,-79.21374477859959,0.9688736796379089
Taylor_Hollow,0714,533,471,37.85216300584388,-79.22672807070768,0.5166682600975037
Taylor_Hollow,0714,554,504,37.846498113319825,-79.21545310650855,0.7622726559638977
Taylor_Hollow,0714,515,523,37.857018628007346,-79.20896146045449,0.9702379107475281
Taylor_Hollow,0714,533,503,37.85216300584388,-79.21579477209033,0.9103460907936096
Taylor_Hollow,0714,562,497,37.84434005902495,-79.21784476558109,0.8185002207756042
Taylor_Hollow,0714,564,476,37.84380054545123,-79.22501974279872,0.6678650975227356
Taylor_Hollow,0714,538,494,37.85081422190958,-79.21886976232646,0.664412796497345
Taylor_Hollow,0714,530,517,37.852972276204454,-79.21101145394525,0.9507810473442078
Taylor_Hollow,0714,504,503,37.859985952662804,-79.21579477209033,0.8845236897468567
Taylor_Hollow,0714,525,514,37.85432106013875,-79.21203645069062,0.9910174608230591
Taylor_Hollow,0714,534,513,37.851893249057014,-79.21237811627242,0.9534633755683899
Taylor_Hollow,0714,556,488,37.845958599746105,-79.22091975581722,0.8994176983833313
Taylor_Hollow,0714,549,506,37.84784689725412,-79.21476977534496,0.8904319405555725
Taylor_Hollow,0714,528,497,37.853511789778175,-79.21784476558109,0.7894775867462158
Taylor_Hollow,0714,543,496,37.84946543797528,-79.21818643116288,0.8577868938446045
Taylor_Hollow,0714,526,509,37.854051303351895,-79.21374477859959,0.9829351902008057
Taylor_Hollow,0714,542,476,37.84973519476214,-79.22501974279872,0.8365651965141296
Taylor_Hollow,0714,501,503,37.86079522302338,-79.21579477209033,0.8490835428237915
Taylor_Hollow,0714,572,529,37.84164249115636,-79.20691146696375,0.7533133029937744
Taylor_Hollow,0714,503,531,37.86025570944966,-79.20622813580016,0.7033274173736572
Taylor_Hollow,0714,542,452,37.84973519476214,-79.23321971676174,0.9347008466720581
Taylor_Hollow,0714,522,499,37.85513033049933,-79.2171614344175,0.9225929379463196
Taylor_Hollow,0714,501,505,37.86079522302338,-79.21511144092675,0.8537660837173462
Taylor_Hollow,0714,496,505,37.86214400695768,-79.21511144092675,0.640874981880188
Taylor_Hollow,0714,547,471,37.84838641082784,-79.22672807070768,0.9050981998443604
Taylor_Hollow,0714,552,511,37.847037626893545,-79.213061447436,0.5853851437568665
Taylor_Hollow,0714,532,521,37.852432762630734,-79.20964479161808,0.9284923672676086
Taylor_Hollow,0714,527,521,37.85378154656503,-79.20964479161808,0.9614855051040649
Taylor_Hollow,0714,564,534,37.84380054545123,-79.20520313905479,0.5280892848968506
Taylor_Hollow,0714,526,512,37.854051303351895,-79.2127197818542,0.9865639805793762
Taylor_Hollow,0714,522,522,37.85513033049933,-79.20930312603629,0.9723066687583923
Taylor_Hollow,0714,533,522,37.85216300584388,-79.20930312603629,0.8972009420394897
Taylor_Hollow,0714,544,513,37.84919568118842,-79.21237811627242,0.8974464535713196
Taylor_Hollow,0714,551,465,37.8473073836804,-79.22877806419844,0.9211047291755676
Taylor_Hollow,0714,555,489,37.84622835653297,-79.22057809023542,0.8918130993843079
Taylor_Hollow,0714,544,524,37.84919568118842,-79.2086197948727,0.596034586429596
Taylor_Hollow,0714,533,459,37.85216300584388,-79.2308280576892,0.7737399339675903
Taylor_Hollow,0714,548,509,37.848116654040986,-79.21374477859959,0.8972989320755005
Taylor_Hollow,0714,562,495,37.84434005902495,-79.21852809674468,0.7700827121734619
Taylor_Hollow,0714,525,454,37.85432106013875,-79.23253638559815,0.5345540642738342
Taylor_Hollow,0714,539,521,37.85054446512272,-79.20964479161808,0.7382550239562988
Taylor_Hollow,0714,531,512,37.8527025194176,-79.2127197818542,0.9663424491882324
Taylor_Hollow,0714,543,525,37.84946543797528,-79.20827812929092,0.584475040435791
Taylor_Hollow,0714,567,534,37.842991275090654,-79.20520313905479,0.6968863010406494
Taylor_Hollow,0714,536,511,37.8513537354833,-79.213061447436,0.9479319453239441
Taylor_Hollow,0714,524,500,37.85459081692561,-79.21681976883572,0.9234165549278259
Taylor_Hollow,0714,528,451,37.853511789778175,-79.23356138234352,0.7290607690811157
Taylor_Hollow,0714,554,482,37.846498113319825,-79.22296974930798,0.8620229959487915
Taylor_Hollow,0714,531,495,37.8527025194176,-79.21852809674468,0.6429073214530945
Taylor_Hollow,0714,541,460,37.850004951549,-79.2304863921074,0.8159098625183105
Taylor_Hollow,0714,536,507,37.8513537354833,-79.21442810976316,0.952143132686615
Taylor_Hollow,0714,528,525,37.853511789778175,-79.20827812929092,0.8712472319602966
Taylor_Hollow,0714,526,530,37.854051303351895,-79.20656980138195,0.6999167203903198
Taylor_Hollow,0714,560,481,37.84487957259867,-79.22331141488976,0.7086343765258789
Taylor_Hollow,0714,560,484,37.84487957259867,-79.22228641814439,0.6876155138015747
Taylor_Hollow,0714,549,477,37.84784689725412,-79.22467807721694,0.8956318497657776
Taylor_Hollow,0714,561,485,37.84460981581181,-79.22194475256259,0.6412104964256287
Taylor_Hollow,0714,546,497,37.848656167614706,-79.21784476558109,0.8688459992408752
Taylor_Hollow,0714,496,507,37.86214400695768,-79.21442810976316,0.6644081473350525
Taylor_Hollow,0714,546,461,37.848656167614706,-79.23014472652561,0.8655608892440796
Taylor_Hollow,0714,524,524,37.85459081692561,-79.2086197948727,0.9439889788627625
Taylor_Hollow,0714,509,495,37.85863716872851,-79.21852809674468,0.8873011469841003
Taylor_Hollow,0714,552,486,37.847037626893545,-79.2216030869808,0.8577379584312439
Taylor_Hollow,0714,542,504,37.84973519476214,-79.21545310650855,0.9330357313156128
Taylor_Hollow,0714,497,504,37.861874250170814,-79.21545310650855,0.7123793363571167
Taylor_Hollow,0714,541,501,37.850004951549,-79.21647810325392,0.9148945808410645
Taylor_Hollow,0714,555,503,37.84622835653297,-79.21579477209033,0.7993677854537964
Taylor_Hollow,0714,568,521,37.8427215183038,-79.20964479161808,0.5911418795585632
Taylor_Hollow,0714,541,471,37.850004951549,-79.22672807070768,0.8780203461647034
Taylor_Hollow,0714,496,502,37.86214400695768,-79.21613643767213,0.653685450553894
Taylor_Hollow,0714,524,508,37.85459081692561,-79.21408644418138,0.9819585084915161
Taylor_Hollow,0714,543,467,37.84946543797528,-79.22809473303485,0.8644488453865051
Taylor_Hollow,0714,546,521,37.848656167614706,-79.20964479161808,0.7805212736129761
Taylor_Hollow,0714,567,528,37.842991275090654,-79.20725313254553,0.586296558380127
Taylor_Hollow,0714,524,520,37.85459081692561,-79.20998645719988,0.9692957997322083
Taylor_Hollow,0714,540,486,37.85027470833586,-79.2216030869808,0.6329050660133362
Taylor_Hollow,0714,523,505,37.85486057371247,-79.21511144092675,0.978301465511322
Taylor_Hollow,0714,563,497,37.844070302238094,-79.21784476558109,0.7796716094017029
Taylor_Hollow,0714,548,508,37.848116654040986,-79.21408644418138,0.8944895267486572
Taylor_Hollow,0714,517,527,37.856479114433625,-79.20759479812733,0.958706259727478
Taylor_Hollow,0714,541,461,37.850004951549,-79.23014472652561,0.8394514918327332
Taylor_Hollow,0714,526,452,37.854051303351895,-79.23321971676174,0.5193203091621399
Taylor_Hollow,0714,566,505,37.84326103187751,-79.21511144092675,0.5018458366394043
Taylor_Hollow,0714,544,516,37.84919568118842,-79.21135311952705,0.8551520109176636
Taylor_Hollow,0714,539,519,37.85054446512272,-79.21032812278166,0.8602326512336731
Taylor_Hollow,0714,547,481,37.84838641082784,-79.22331141488976,0.8788295388221741
Taylor_Hollow,0714,566,531,37.84326103187751,-79.20622813580016,0.5115225911140442
Taylor_Hollow,0714,534,498,37.851893249057014,-79.21750309999929,0.7387225031852722
Taylor_Hollow,0714,562,484,37.84434005902495,-79.22228641814439,0.5123063921928406
Taylor_Hollow,0714,501,524,37.86079522302338,-79.2086197948727,0.8311002254486084
Taylor_Hollow,0714,548,520,37.848116654040986,-79.20998645719988,0.7721109986305237
Taylor_Hollow,0714,500,520,37.86106497981024,-79.20998645719988,0.8444232940673828
Taylor_Hollow,0714,519,530,37.855939600859905,-79.20656980138195,0.8940093517303467
Taylor_Hollow,0714,552,491,37.847037626893545,-79.21989475907185,0.8668822646141052
Taylor_Hollow,0714,530,446,37.852972276204454,-79.2352697102525,0.8462320566177368
Taylor_Hollow,0714,541,497,37.850004951549,-79.21784476558109,0.8255980014801025
Taylor_Hollow,0714,535,530,37.85162349227016,-79.20656980138195,0.5863232612609863
Taylor_Hollow,0714,536,500,37.8513537354833,-79.21681976883572,0.8646612167358398
Taylor_Hollow,0714,539,517,37.85054446512272,-79.21101145394525,0.8845569491386414
Taylor_Hollow,0714,538,509,37.85081422190958,-79.21374477859959,0.9646340608596802
Taylor_Hollow,0714,549,492,37.84784689725412,-79.21955309349005,0.8421183824539185
Taylor_Hollow,0714,549,496,37.84784689725412,-79.21818643116288,0.8645074963569641
Taylor_Hollow,0714,562,473,37.84434005902495,-79.22604473954411,0.6877386569976807
Taylor_Hollow,0714,532,527,37.852432762630734,-79.20759479812733,0.7698013782501221
Taylor_Hollow,0714,564,501,37.84380054545123,-79.21647810325392,0.7523272633552551
Taylor_Hollow,0714,502,501,37.86052546623652,-79.21647810325392,0.8214904069900513
Taylor_Hollow,0714,528,520,37.853511789778175,-79.20998645719988,0.9532133340835571
Taylor_Hollow,0714,547,488,37.84838641082784,-79.22091975581722,0.8527858853340149
Taylor_Hollow,0714,525,513,37.85432106013875,-79.21237811627242,0.9914466142654419
Taylor_Hollow,0714,553,470,37.84676787010669,-79.22706973628948,0.8619004487991333
Taylor_Hollow,0714,517,520,37.856479114433625,-79.20998645719988,0.9815265536308289
Taylor_Hollow,0714,532,495,37.852432762630734,-79.21852809674468,0.517081081867218
Taylor_Hollow,0714,548,476,37.848116654040986,-79.22501974279872,0.8967111110687256
Taylor_Hollow,0714,564,494,37.84380054545123,-79.21886976232646,0.6277421116828918
Taylor_Hollow,0714,544,499,37.84919568118842,-79.2171614344175,0.8627613186836243
Taylor_Hollow,0714,498,504,37.86160449338396,-79.21545310650855,0.742186963558197
Taylor_Hollow,0714,503,519,37.86025570944966,-79.21032812278166,0.8727599382400513
Taylor_Hollow,0714,553,501,37.84676787010669,-79.21647810325392,0.7808603644371033
Taylor_Hollow,0714,539,493,37.85054446512272,-79.21921142790826,0.6430726051330566
Taylor_Hollow,0714,526,497,37.854051303351895,-79.21784476558109,0.8206108212471008
Taylor_Hollow,0714,508,493,37.85890692551536,-79.21921142790826,0.7832898497581482
Taylor_Hollow,0714,540,506,37.85027470833586,-79.21476977534496,0.9418516159057617
Taylor_Hollow,0714,546,486,37.848656167614706,-79.2216030869808,0.8440126180648804
Taylor_Hollow,0714,531,529,37.8527025194176,-79.20691146696375,0.6408090591430664
Taylor_Hollow,0714,551,523,37.8473073836804,-79.20896146045449,0.7250880002975464
Taylor_Hollow,0714,528,509,37.853511789778175,-79.21374477859959,0.9726517796516418
Taylor_Hollow,0714,527,527,37.85378154656503,-79.20759479812733,0.8291173577308655
Taylor_Hollow,0714,535,519,37.85162349227016,-79.21032812278166,0.9047472476959229
Taylor_Hollow,0714,560,509,37.84487957259867,-79.21374477859959,0.764864444732666
Taylor_Hollow,0714,525,503,37.85432106013875,-79.21579477209033,0.9598826766014099
Taylor_Hollow,0714,498,511,37.86160449338396,-79.213061447436,0.8346573114395142
Taylor_Hollow,0714,551,490,37.8473073836804,-79.22023642465363,0.8654032945632935
Taylor_Hollow,0714,532,498,37.852432762630734,-79.21750309999929,0.7762200832366943
Taylor_Hollow,0714,501,525,37.86079522302338,-79.20827812929092,0.8292737603187561
Taylor_Hollow,0714,504,500,37.859985952662804,-79.21681976883572,0.8675665259361267
Taylor_Hollow,0714,564,500,37.84380054545123,-79.21681976883572,0.7785400748252869
Taylor_Hollow,0714,532,514,37.852432762630734,-79.21203645069062,0.9655139446258545
Taylor_Hollow,0714,560,502,37.84487957259867,-79.21613643767213,0.8205575346946716
Taylor_Hollow,0714,544,497,37.84919568118842,-79.21784476558109,0.8599323034286499
Taylor_Hollow,0714,563,513,37.844070302238094,-79.21237811627242,0.79908686876297
Taylor_Hollow,0714,549,520,37.84784689725412,-79.20998645719988,0.7991424798965454
Taylor_Hollow,0714,528,496,37.853511789778175,-79.21818643116288,0.7237150073051453
Taylor_Hollow,0714,536,498,37.8513537354833,-79.21750309999929,0.7646706104278564
Taylor_Hollow,0714,502,523,37.86052546623652,-79.20896146045449,0.8618353605270386
Taylor_Hollow,0714,524,498,37.85459081692561,-79.21750309999929,0.8868598341941833
Taylor_Hollow,0714,544,514,37.84919568118842,-79.21203645069062,0.8953427076339722
Taylor_Hollow,0714,545,487,37.84892592440156,-79.221261421399,0.8384079933166504
Taylor_Hollow,0714,532,519,37.852432762630734,-79.21032812278166,0.9217089414596558
Taylor_Hollow,0714,546,505,37.848656167614706,-79.21511144092675,0.9200968742370605
Taylor_Hollow,0714,545,484,37.84892592440156,-79.22228641814439,0.8461241126060486
Taylor_Hollow,0714,544,502,37.84919568118842,-79.21613643767213,0.8942946195602417
Taylor_Hollow,0714,548,516,37.848116654040986,-79.21135311952705,0.8515111804008484
Taylor_Hollow,0714,548,501,37.848116654040986,-79.21647810325392,0.8908663988113403
Taylor_Hollow,0714,499,507,37.8613347365971,-79.21442810976316,0.8380029797554016
Taylor_Hollow,0714,557,494,37.84568884295925,-79.21886976232646,0.8439311981201172
Taylor_Hollow,0714,546,464,37.848656167614706,-79.22911972978024,0.900131344795227
Taylor_Hollow,0714,503,500,37.86025570944966,-79.21681976883572,0.8285494446754456
Taylor_Hollow,0714,557,484,37.84568884295925,-79.22228641814439,0.8706907033920288
Taylor_Hollow,0714,495,511,37.862413763744534,-79.213061447436,0.6384782195091248
Taylor_Hollow,0714,541,454,37.850004951549,-79.23253638559815,0.935165286064148
Taylor_Hollow,0714,546,460,37.848656167614706,-79.2304863921074,0.8547501564025879
Taylor_Hollow,0714,533,498,37.85216300584388,-79.21750309999929,0.744046688079834
Taylor_Hollow,0714,525,529,37.85432106013875,-79.20691146696375,0.7610257267951965
Taylor_Hollow,0714,562,476,37.84434005902495,-79.22501974279872,0.5993652939796448
Taylor_Hollow,0714,531,528,37.8527025194176,-79.20725313254553,0.7477623820304871
Taylor_Hollow,0714,514,492,37.8572883847942,-79.21955309349005,0.663596510887146
Taylor_Hollow,0714,547,489,37.84838641082784,-79.22057809023542,0.8513780236244202
Taylor_Hollow,0714,550,508,37.847577140467266,-79.21408644418138,0.8931463360786438
Taylor_Hollow,0714,549,528,37.84784689725412,-79.20725313254553,0.5175780653953552
Taylor_Hollow,0714,529,493,37.85324203299131,-79.21921142790826,0.6611330509185791
Taylor_Hollow,0714,547,509,37.84838641082784,-79.21374477859959,0.919834554195404
Taylor_Hollow,0714,557,505,37.84568884295925,-79.21511144092675,0.7617644667625427
Taylor_Hollow,0714,559,491,37.84514932938553,-79.21989475907185,0.6689872741699219
Taylor_Hollow,0714,539,450,37.85054446512272,-79.23390304792532,0.9165381789207458
Taylor_Hollow,0714,546,503,37.848656167614706,-79.21579477209033,0.9175623655319214
Taylor_Hollow,0714,518,495,37.85620935764677,-79.21852809674468,0.880917489528656
Taylor_Hollow,0714,516,529,37.85674887122049,-79.20691146696375,0.9197272658348083
Taylor_Hollow,0714,540,462,37.85027470833586,-79.22980306094381,0.7748073935508728
Taylor_Hollow,0714,570,531,37.84218200473008,-79.20622813580016,0.7537813782691956
Taylor_Hollow,0714,558,491,37.84541908617239,-79.21989475907185,0.7801604866981506
Taylor_Hollow,0714,551,504,37.8473073836804,-79.21545310650855,0.8994720578193665
Taylor_Hollow,0714,540,495,37.85027470833586,-79.21852809674468,0.6278998255729675
Taylor_Hollow,0714,545,500,37.84892592440156,-79.21681976883572,0.8730384111404419
Taylor_Hollow,0714,553,500,37.84676787010669,-79.21681976883572,0.7824733853340149
Taylor_Hollow,0714,552,463,37.847037626893545,-79.22946139536202,0.9100694060325623
Taylor_Hollow,0714,527,509,37.85378154656503,-79.21374477859959,0.9759495258331299
Taylor_Hollow,0714,552,503,37.847037626893545,-79.21579477209033,0.8183366656303406
Taylor_Hollow,0714,523,492,37.85486057371247,-79.21955309349005,0.5557883381843567
Taylor_Hollow,0714,532,529,37.852432762630734,-79.20691146696375,0.6658055186271667
Taylor_Hollow,0714,499,516,37.8613347365971,-79.21135311952705,0.8291139006614685
Taylor_Hollow,0714,560,489,37.84487957259867,-79.22057809023542,0.7431727051734924
Taylor_Hollow,0714,524,511,37.85459081692561,-79.213061447436,0.9869047403335571
Taylor_Hollow,0714,552,471,37.847037626893545,-79.22672807070768,0.8810278177261353
Taylor_Hollow,0714,538,510,37.85081422190958,-79.21340311301779,0.9618561267852783
Taylor_Hollow,0714,537,457,37.85108397869644,-79.23151138885278,0.8386286497116089
Taylor_Hollow,0714,501,498,37.86079522302338,-79.21750309999929,0.6117358207702637
Taylor_Hollow,0714,561,504,37.84460981581181,-79.21545310650855,0.8067501187324524
Taylor_Hollow,0714,557,476,37.84568884295925,-79.22501974279872,0.8397120833396912
Taylor_Hollow,0714,525,521,37.85432106013875,-79.20964479161808,0.9645833373069763
Taylor_Hollow,0714,545,493,37.84892592440156,-79.21921142790826,0.8414333462715149
Taylor_Hollow,0714,551,475,37.8473073836804,-79.22536140838052,0.8675671815872192
Taylor_Hollow,0714,541,458,37.850004951549,-79.23116972327098,0.8655787706375122
Taylor_Hollow,0714,531,498,37.8527025194176,-79.21750309999929,0.8155251741409302
Taylor_Hollow,0714,555,490,37.84622835653297,-79.22023642465363,0.8809571266174316
Taylor_Hollow,0714,550,524,37.847577140467266,-79.2086197948727,0.7787228226661682
Taylor_Hollow,0714,546,528,37.848656167614706,-79.20725313254553,0.6525075435638428
Taylor_Hollow,0714,500,500,37.86106497981024,-79.21681976883572,0.6461746692657471
Taylor_Hollow,0714,541,451,37.850004951549,-79.23356138234352,0.9425919055938721
Taylor_Hollow,0714,556,499,37.845958599746105,-79.2171614344175,0.8550060391426086
Taylor_Hollow,0714,546,512,37.848656167614706,-79.2127197818542,0.9156721830368042
Taylor_Hollow,0714,547,522,37.84838641082784,-79.20930312603629,0.728567361831665
Taylor_Hollow,0714,525,455,37.85432106013875,-79.23219472001637,0.5400549173355103
Taylor_Hollow,0714,532,528,37.852432762630734,-79.20725313254553,0.6935319304466248
Taylor_Hollow,0714,549,466,37.84784689725412,-79.22843639861665,0.9217463731765747
Taylor_Hollow,0714,560,479,37.84487957259867,-79.22399474605335,0.5972095131874084
Taylor_Hollow,0714,512,531,37.85782789836792,-79.20622813580016,0.8349083065986633
Taylor_Hollow,0714,542,493,37.84973519476214,-79.21921142790826,0.7567920684814453
Taylor_Hollow,0714,529,523,37.85324203299131,-79.20896146045449,0.9096029996871948
Taylor_Hollow,0714,554,463,37.846498113319825,-79.22946139536202,0.8731139898300171
Taylor_Hollow,0714,526,513,37.854051303351895,-79.21237811627242,0.9871230721473694
Taylor_Hollow,0714,544,492,37.84919568118842,-79.21955309349005,0.8185836672782898
Taylor_Hollow,0714,535,524,37.85162349227016,-79.2086197948727,0.8107662796974182
Taylor_Hollow,0714,532,460,37.852432762630734,-79.2304863921074,0.700789749622345
Taylor_Hollow,0714,572,521,37.84164249115636,-79.20964479161808,0.5684390664100647
Taylor_Hollow,0714,542,490,37.84973519476214,-79.22023642465363,0.7503834962844849
Taylor_Hollow,0714,555,468,37.84622835653297,-79.22775306745307,0.8311080932617188
Taylor_Hollow,0714,525,492,37.85432106013875,-79.21955309349005,0.5957140922546387
Taylor_Hollow,0714,502,507,37.86052546623652,-79.21442810976316,0.8519465923309326
Taylor_Hollow,0714,562,507,37.84434005902495,-79.21442810976316,0.8330186009407043
Taylor_Hollow,0714,538,524,37.85081422190958,-79.2086197948727,0.6464931964874268
Taylor_Hollow,0714,539,496,37.85054446512272,-79.21818643116288,0.7309101223945618
Taylor_Hollow,0714,545,515,37.84892592440156,-79.21169478510883,0.8874982595443726
Taylor_Hollow,0714,534,504,37.851893249057014,-79.21545310650855,0.9270869493484497
Taylor_Hollow,0714,529,513,37.85324203299131,-79.21237811627242,0.9748988151550293
Taylor_Hollow,0714,527,504,37.85378154656503,-79.21545310650855,0.9561318159103394
Taylor_Hollow,0714,494,509,37.8626835205314,-79.21374477859959,0.5253891944885254
Taylor_Hollow,0714,559,512,37.84514932938553,-79.2127197818542,0.53117835521698
Taylor_Hollow,0714,523,524,37.85486057371247,-79.2086197948727,0.947020947933197
Taylor_Hollow,0714,537,502,37.85108397869644,-79.21613643767213,0.9200212359428406
Taylor_Hollow,0714,538,453,37.85081422190958,-79.23287805117994,0.8771619200706482
Taylor_Hollow,0714,567,522,37.842991275090654,-79.20930312603629,0.5412275195121765
Taylor_Hollow,0714,506,531,37.85944643908908,-79.20622813580016,0.7862048745155334
Taylor_Hollow,0714,535,450,37.85162349227016,-79.23390304792532,0.8809741735458374
Taylor_Hollow,0714,546,457,37.848656167614706,-79.23151138885278,0.921487033367157
Taylor_Hollow,0714,498,523,37.86160449338396,-79.20896146045449,0.7769371867179871
Taylor_Hollow,0714,522,500,37.85513033049933,-79.21681976883572,0.9237185716629028
Taylor_Hollow,0714,561,501,37.84460981581181,-79.21647810325392,0.8318110704421997
Taylor_Hollow,0714,523,519,37.85486057371247,-79.21032812278166,0.9851601123809814
Taylor_Hollow,0714,555,487,37.84622835653297,-79.221261421399,0.8805925846099854
Taylor_Hollow,0714,543,474,37.84946543797528,-79.22570307396231,0.8707305192947388
Taylor_Hollow,0714,552,505,37.847037626893545,-79.21511144092675,0.8586876392364502
Taylor_Hollow,0714,544,529,37.84919568118842,-79.20691146696375,0.5827641487121582
Taylor_Hollow,0714,526,498,37.854051303351895,-79.21750309999929,0.8322112560272217
Taylor_Hollow,0714,564,508,37.84380054545123,-79.21408644418138,0.7439224123954773
Taylor_Hollow,0714,543,463,37.84946543797528,-79.22946139536202,0.8833416104316711
Taylor_Hollow,0714,559,486,37.84514932938553,-79.2216030869808,0.7711048126220703
Taylor_Hollow,0714,555,506,37.84622835653297,-79.21476977534496,0.7760500311851501
Taylor_Hollow,0714,544,489,37.84919568118842,-79.22057809023542,0.8268822431564331
Taylor_Hollow,0714,550,482,37.847577140467266,-79.22296974930798,0.8725689053535461
Taylor_Hollow,0714,527,526,37.85378154656503,-79.20793646370912,0.8616054654121399
Taylor_Hollow,0714,498,514,37.86160449338396,-79.21203645069062,0.8346253037452698
Taylor_Hollow,0714,547,476,37.84838641082784,-79.22501974279872,0.889700174331665
Taylor_Hollow,0714,521,526,37.85540008728619,-79.20793646370912,0.9536169767379761
Taylor_Hollow,0714,548,513,37.848116654040986,-79.21237811627242,0.8667539954185486
Taylor_Hollow,0714,532,503,37.852432762630734,-79.21579477209033,0.9129995107650757
Taylor_Hollow,0714,551,500,37.8473073836804,-79.21681976883572,0.8752127289772034
Taylor_Hollow,0714,557,474,37.84568884295925,-79.22570307396231,0.8646482825279236
Taylor_Hollow,0714,553,472,37.84676787010669,-79.2263864051259,0.8737265467643738
Taylor_Hollow,0714,554,503,37.846498113319825,-79.21579477209033,0.7775093913078308
Taylor_Hollow,0714,564,510,37.84380054545123,-79.21340311301779,0.720508873462677
Taylor_Hollow,0714,503,499,37.86025570944966,-79.2171614344175,0.7144899964332581
Taylor_Hollow,0714,549,471,37.84784689725412,-79.22672807070768,0.92088782787323
Taylor_Hollow,0714,547,466,37.84838641082784,-79.22843639861665,0.9011468291282654
Taylor_Hollow,0714,557,488,37.84568884295925,-79.22091975581722,0.877810001373291
Taylor_Hollow,0714,560,499,37.84487957259867,-79.2171614344175,0.834676206111908
Taylor_Hollow,0714,543,521,37.84946543797528,-79.20964479161808,0.7914409041404724
Taylor_Hollow,0714,551,489,37.8473073836804,-79.22057809023542,0.8748937845230103
Taylor_Hollow,0714,546,518,37.848656167614706,-79.21066978836346,0.8693301677703857
Taylor_Hollow,0714,563,494,37.844070302238094,-79.21886976232646,0.7056555151939392
Taylor_Hollow,0714,547,484,37.84838641082784,-79.22228641814439,0.855515718460083
Taylor_Hollow,0714,534,457,37.851893249057014,-79.23151138885278,0.8262966275215149
Taylor_Hollow,0714,536,464,37.8513537354833,-79.22911972978024,0.7921440005302429
Taylor_Hollow,0714,537,460,37.85108397869644,-79.2304863921074,0.7828398942947388
Taylor_Hollow,0714,519,523,37.855939600859905,-79.20896146045449,0.9797281622886658
Taylor_Hollow,0714,533,526,37.85216300584388,-79.20793646370912,0.804451048374176
Taylor_Hollow,0714,537,527,37.85108397869644,-79.20759479812733,0.6237999200820923
Taylor_Hollow,0714,517,518,37.856479114433625,-79.21066978836346,0.9780897498130798
Taylor_Hollow,0714,520,528,37.85566984407305,-79.20725313254553,0.9097334742546082
Taylor_Hollow,0714,515,525,37.857018628007346,-79.20827812929092,0.9707614183425903
Taylor_Hollow,0714,532,463,37.852432762630734,-79.22946139536202,0.6036021113395691
Taylor_Hollow,0714,541,506,37.850004951549,-79.21476977534496,0.9377731680870056
Taylor_Hollow,0714,523,515,37.85486057371247,-79.21169478510883,0.9894391894340515
Taylor_Hollow,0714,542,472,37.84973519476214,-79.2263864051259,0.8779109120368958
Taylor_Hollow,0714,551,499,37.8473073836804,-79.2171614344175,0.8706706166267395
Taylor_Hollow,0714,527,528,37.85378154656503,-79.20725313254553,0.7764354944229126
Taylor_Hollow,0714,567,526,37.842991275090654,-79.20793646370912,0.5856702327728271
Taylor_Hollow,0714,538,449,37.85081422190958,-79.23424471350711,0.9096539616584778
Taylor_Hollow,0714,530,503,37.852972276204454,-79.21579477209033,0.9407997131347656
Taylor_Hollow,0714,540,471,37.85027470833586,-79.22672807070768,0.8665627837181091
Taylor_Hollow,0714,534,493,37.851893249057014,-79.21921142790826,0.5452144742012024
Taylor_Hollow,0714,551,484,37.8473073836804,-79.22228641814439,0.8473576903343201
Taylor_Hollow,0714,529,495,37.85324203299131,-79.21852809674468,0.6851679086685181
Taylor_Hollow,0714,531,527,37.8527025194176,-79.20759479812733,0.8234991431236267
Taylor_Hollow,0714,525,448,37.85432106013875,-79.23458637908891,0.5895839929580688
Taylor_Hollow,0714,548,458,37.848116654040986,-79.23116972327098,0.9337208271026611
Taylor_Hollow,0714,545,456,37.84892592440156,-79.23185305443457,0.9193450212478638
Taylor_Hollow,0714,552,474,37.847037626893545,-79.22570307396231,0.8903712034225464
Taylor_Hollow,0714,542,461,37.84973519476214,-79.23014472652561,0.851573646068573
Taylor_Hollow,0714,534,509,37.851893249057014,-79.21374477859959,0.9363573789596558
Taylor_Hollow,0714,501,497,37.86079522302338,-79.21784476558109,0.6181691884994507
Taylor_Hollow,0714,570,528,37.84218200473008,-79.20725313254553,0.7415114045143127
Taylor_Hollow,0714,503,504,37.86025570944966,-79.21545310650855,0.8627171516418457
Taylor_Hollow,0714,539,488,37.85054446512272,-79.22091975581722,0.5866199731826782
Taylor_Hollow,0714,563,474,37.844070302238094,-79.22570307396231,0.6684735417366028
Taylor_Hollow,0714,526,511,37.854051303351895,-79.213061447436,0.9890814423561096
Taylor_Hollow,0714,545,505,37.84892592440156,-79.21511144092675,0.9455835223197937
Taylor_Hollow,0714,568,531,37.8427215183038,-79.20622813580016,0.6642364859580994
Taylor_Hollow,0714,547,517,37.84838641082784,-79.21101145394525,0.8627830743789673
Taylor_Hollow,0714,553,488,37.84676787010669,-79.22091975581722,0.854840874671936
Taylor_Hollow,0714,551,458,37.8473073836804,-79.23116972327098,0.9530049562454224
Taylor_Hollow,0714,548,499,37.848116654040986,-79.2171614344175,0.8824055790901184
Taylor_Hollow,0714,515,494,37.857018628007346,-79.21886976232646,0.8411005139350891
Taylor_Hollow,0714,513,529,37.857558141581066,-79.20691146696375,0.968808114528656
Taylor_Hollow,0714,542,462,37.84973519476214,-79.22980306094381,0.8700380325317383
Taylor_Hollow,0714,539,468,37.85054446512272,-79.22775306745307,0.8274416923522949
Taylor_Hollow,0714,531,457,37.8527025194176,-79.23151138885278,0.7742096185684204
Taylor_Hollow,0714,542,488,37.84973519476214,-79.22091975581722,0.7306248545646667
Taylor_Hollow,0714,522,498,37.85513033049933,-79.21750309999929,0.9235029816627502
Taylor_Hollow,0714,550,505,37.847577140467266,-79.21511144092675,0.8931583762168884
Taylor_Hollow,0714,541,523,37.850004951549,-79.20896146045449,0.6731100678443909
Taylor_Hollow,0714,518,522,37.85620935764677,-79.20930312603629,0.9827712774276733
Taylor_Hollow,0714,552,498,37.847037626893545,-79.21750309999929,0.8589285612106323
Taylor_Hollow,0714,540,483,37.85027470833586,-79.22262808372618,0.6186845898628235
Taylor_Hollow,0714,541,456,37.850004951549,-79.23185305443457,0.9142608642578125
Taylor_Hollow,0714,524,506,37.85459081692561,-79.21476977534496,0.9792488217353821
Taylor_Hollow,0714,554,500,37.846498113319825,-79.21681976883572,0.8010910153388977
Taylor_Hollow,0714,542,464,37.84973519476214,-79.22911972978024,0.8744218349456787
Taylor_Hollow,0714,548,524,37.848116654040986,-79.2086197948727,0.7075145244598389
Taylor_Hollow,0714,541,515,37.850004951549,-79.21169478510883,0.9024668335914612
Taylor_Hollow,0714,543,514,37.84946543797528,-79.21203645069062,0.9004366397857666
Taylor_Hollow,0714,520,492,37.85566984407305,-79.21955309349005,0.6043536067008972
Taylor_Hollow,0714,503,523,37.86025570944966,-79.20896146045449,0.8783758282661438
Taylor_Hollow,0714,542,525,37.84973519476214,-79.20827812929092,0.6084272861480713
Taylor_Hollow,0714,500,510,37.86106497981024,-79.21340311301779,0.8598192930221558
Taylor_Hollow,0714,547,469,37.84838641082784,-79.22741140187127,0.9027504324913025
Taylor_Hollow,0714,549,522,37.84784689725412,-79.20930312603629,0.7835820317268372
Taylor_Hollow,0714,546,504,37.848656167614706,-79.21545310650855,0.9181406497955322
Taylor_Hollow,0714,546,493,37.848656167614706,-79.21921142790826,0.844968318939209
Taylor_Hollow,0714,541,502,37.850004951549,-79.21613643767213,0.9083088636398315
Taylor_Hollow,0714,564,517,37.84380054545123,-79.21101145394525,0.648889422416687
Taylor_Hollow,0714,537,468,37.85108397869644,-79.22775306745307,0.7583207488059998
Taylor_Hollow,0714,533,455,37.85216300584388,-79.23219472001637,0.8688620924949646
Taylor_Hollow,0714,550,516,37.847577140467266,-79.21135311952705,0.871728777885437
Taylor_Hollow,0714,553,467,37.84676787010669,-79.22809473303485,0.8342194557189941
Taylor_Hollow,0714,510,496,37.85836741194164,-79.21818643116288,0.8960041403770447
Taylor_Hollow,0714,501,522,37.86079522302338,-79.20930312603629,0.853704571723938
Taylor_Hollow,0714,506,497,37.85944643908908,-79.21784476558109,0.8801990151405334
Taylor_Hollow,0714,533,462,37.85216300584388,-79.22980306094381,0.7412132620811462
Taylor_Hollow,0714,500,529,37.86106497981024,-79.20691146696375,0.6228421330451965
Taylor_Hollow,0714,527,514,37.85378154656503,-79.21203645069062,0.9859532713890076
Taylor_Hollow,0714,566,535,37.84326103187751,-79.20486147347299,0.602977991104126
Taylor_Hollow,0714,562,515,37.84434005902495,-79.21169478510883,0.7105104923248291
Taylor_Hollow,0714,514,524,37.8572883847942,-79.2086197948727,0.9701274633407593
Taylor_Hollow,0714,517,521,37.856479114433625,-79.20964479161808,0.9848082065582275
Taylor_Hollow,0714,545,524,37.84892592440156,-79.2086197948727,0.7014999389648438
Taylor_Hollow,0714,563,505,37.844070302238094,-79.21511144092675,0.8238109350204468
Taylor_Hollow,0714,542,451,37.84973519476214,-79.23356138234352,0.9498565196990967
Taylor_Hollow,0714,532,452,37.852432762630734,-79.23321971676174,0.857351541519165
Taylor_Hollow,0714,541,503,37.850004951549,-79.21579477209033,0.9270627498626709
Taylor_Hollow,0714,546,459,37.848656167614706,-79.2308280576892,0.883094310760498
Taylor_Hollow,0714,534,507,37.851893249057014,-79.21442810976316,0.9496352076530457
Taylor_Hollow,0714,499,505,37.8613347365971,-79.21511144092675,0.8353842496871948
Taylor_Hollow,0714,528,447,37.853511789778175,-79.2349280446707,0.7928904294967651
Taylor_Hollow,0714,536,526,37.8513537354833,-79.20793646370912,0.6275686621665955
Taylor_Hollow,0714,553,495,37.84676787010669,-79.21852809674468,0.830455482006073
Taylor_Hollow,0714,530,519,37.852972276204454,-79.21032812278166,0.946405827999115
Taylor_Hollow,0714,525,527,37.85432106013875,-79.20759479812733,0.8827753067016602
Taylor_Hollow,0714,534,462,37.851893249057014,-79.22980306094381,0.7571377754211426
Taylor_Hollow,0714,564,495,37.84380054545123,-79.21852809674468,0.6095856428146362
Taylor_Hollow,0714,572,525,37.84164249115636,-79.20827812929092,0.6981625556945801
Taylor_Hollow,0714,537,463,37.85108397869644,-79.22946139536202,0.8188856244087219
Taylor_Hollow,0714,551,508,37.8473073836804,-79.21408644418138,0.8718607425689697
Taylor_Hollow,0714,511,493,37.858097655154786,-79.21921142790826,0.8342103958129883
Taylor_Hollow,0714,562,502,37.84434005902495,-79.21613643767213,0.833265483379364
Taylor_Hollow,0714,502,530,37.86052546623652,-79.20656980138195,0.7505112290382385
Taylor_Hollow,0714,562,472,37.84434005902495,-79.2263864051259,0.6341307163238525
Taylor_Hollow,0714,563,516,37.844070302238094,-79.21135311952705,0.7304210066795349
Taylor_Hollow,0714,547,505,37.84838641082784,-79.21511144092675,0.9142601490020752
Taylor_Hollow,0714,507,496,37.85917668230222,-79.21818643116288,0.88124018907547
Taylor_Hollow,0714,525,526,37.85432106013875,-79.20793646370912,0.9285526275634766
Taylor_Hollow,0714,504,531,37.859985952662804,-79.20622813580016,0.7569248080253601
Taylor_Hollow,0714,539,479,37.85054446512272,-79.22399474605335,0.6308141946792603
Taylor_Hollow,0714,521,524,37.85540008728619,-79.2086197948727,0.9595548510551453
Taylor_Hollow,0714,533,506,37.85216300584388,-79.21476977534496,0.9448790550231934
Taylor_Hollow,0714,533,499,37.85216300584388,-79.2171614344175,0.8276693224906921
Taylor_Hollow,0714,553,485,37.84676787010669,-79.22194475256259,0.8566679954528809
Taylor_Hollow,0714,540,505,37.85027470833586,-79.21511144092675,0.9462525844573975
Taylor_Hollow,0714,518,520,37.85620935764677,-79.20998645719988,0.979145884513855
Taylor_Hollow,0714,570,523,37.84218200473008,-79.20896146045449,0.6857766509056091
Taylor_Hollow,0714,554,465,37.846498113319825,-79.22877806419844,0.8909636735916138
Taylor_Hollow,0714,529,456,37.85324203299131,-79.23185305443457,0.7027680277824402
Taylor_Hollow,0714,540,481,37.85027470833586,-79.22331141488976,0.7275862693786621
Taylor_Hollow,0714,559,504,37.84514932938553,-79.21545310650855,0.835473358631134
Taylor_Hollow,0714,549,480,37.84784689725412,-79.22365308047155,0.8870001435279846
Taylor_Hollow,0714,537,500,37.85108397869644,-79.21681976883572,0.8751445412635803
Taylor_Hollow,0714,501,509,37.86079522302338,-79.21374477859959,0.8507466316223145
Taylor_Hollow,0714,541,489,37.850004951549,-79.22057809023542,0.7047154307365417
Taylor_Hollow,0714,561,479,37.84460981581181,-79.22399474605335,0.5172407031059265
Taylor_Hollow,0714,514,531,37.8572883847942,-79.20622813580016,0.8295997381210327
Taylor_Hollow,0714,522,526,37.85513033049933,-79.20793646370912,0.9477573037147522
Taylor_Hollow,0714,564,530,37.84380054545123,-79.20656980138195,0.5307350158691406
Taylor_Hollow,0714,563,507,37.844070302238094,-79.21442810976316,0.8306779861450195
Taylor_Hollow,0714,564,513,37.84380054545123,-79.21237811627242,0.6898100972175598
Taylor_Hollow,0714,542,457,37.84973519476214,-79.23151138885278,0.9107995629310608
Taylor_Hollow,0714,528,523,37.853511789778175,-79.20896146045449,0.92939293384552
Taylor_Hollow,0714,526,448,37.854051303351895,-79.23458637908891,0.6898336410522461
Taylor_Hollow,0714,530,506,37.852972276204454,-79.21476977534496,0.9523406028747559
Taylor_Hollow,0714,565,499,37.843530788664374,-79.2171614344175,0.5685691237449646
Taylor_Hollow,0714,543,456,37.84946543797528,-79.23185305443457,0.9121067523956299
Taylor_Hollow,0714,533,527,37.85216300584388,-79.20759479812733,0.7202088236808777
Taylor_Hollow,0714,518,493,37.85620935764677,-79.21921142790826,0.777384340763092
Taylor_Hollow,0714,540,511,37.85027470833586,-79.213061447436,0.9380379915237427
Taylor_Hollow,0714,540,472,37.85027470833586,-79.2263864051259,0.8622093796730042
Taylor_Hollow,0714,525,525,37.85432106013875,-79.20827812929092,0.9478347301483154
Taylor_Hollow,0714,522,529,37.85513033049933,-79.20691146696375,0.866856038570404
Taylor_Hollow,0714,555,502,37.84622835653297,-79.21613643767213,0.8111652135848999
Taylor_Hollow,0714,539,465,37.85054446512272,-79.22877806419844,0.817849338054657
Taylor_Hollow,0714,546,483,37.848656167614706,-79.22262808372618,0.8446622490882874
Taylor_Hollow,0714,521,528,37.85540008728619,-79.20725313254553,0.9343952536582947
Taylor_Hollow,0714,537,505,37.85108397869644,-79.21511144092675,0.9684030413627625
Taylor_Hollow,0714,535,526,37.85162349227016,-79.20793646370912,0.6589789390563965
Taylor_Hollow,0714,563,504,37.844070302238094,-79.21545310650855,0.8352014422416687
Taylor_Hollow,0714,538,506,37.85081422190958,-79.21476977534496,0.9496433138847351
Taylor_Hollow,0714,563,520,37.844070302238094,-79.20998645719988,0.638368546962738
Taylor_Hollow,0714,534,456,37.851893249057014,-79.23185305443457,0.8438602685928345
Taylor_Hollow,0714,547,457,37.84838641082784,-79.23151138885278,0.9277992844581604
Taylor_Hollow,0714,558,492,37.84541908617239,-79.21955309349005,0.7929089665412903
Taylor_Hollow,0714,561,493,37.84460981581181,-79.21921142790826,0.7682669162750244
Taylor_Hollow,0714,544,452,37.84919568118842,-79.23321971676174,0.9355548620223999
Taylor_Hollow,0714,522,495,37.85513033049933,-79.21852809674468,0.849310576915741
Taylor_Hollow,0714,561,477,37.84460981581181,-79.22467807721694,0.6712597012519836
Taylor_Hollow,0714,550,460,37.847577140467266,-79.2304863921074,0.9163150787353516
Taylor_Hollow,0714,548,497,37.848116654040986,-79.21784476558109,0.8778407573699951
Taylor_Hollow,0714,554,470,37.846498113319825,-79.22706973628948,0.8536547422409058
Taylor_Hollow,0714,535,501,37.85162349227016,-79.21647810325392,0.8899701833724976
Taylor_Hollow,0714,530,522,37.852972276204454,-79.20930312603629,0.9231240153312683
Taylor_Hollow,0714,553,489,37.84676787010669,-79.22057809023542,0.8662775158882141
Taylor_Hollow,0714,530,514,37.852972276204454,-79.21203645069062,0.9707605838775635
Taylor_Hollow,0714,539,490,37.85054446512272,-79.22023642465363,0.58692866563797
Taylor_Hollow,0714,537,518,37.85108397869644,-79.21066978836346,0.8922620415687561
Taylor_Hollow,0714,558,499,37.84541908617239,-79.2171614344175,0.8162383437156677
Taylor_Hollow,0714,498,509,37.86160449338396,-79.21374477859959,0.8316842913627625
Taylor_Hollow,0714,562,489,37.84434005902495,-79.22057809023542,0.57225102186203
Taylor_Hollow,0714,538,486,37.85081422190958,-79.2216030869808,0.5412235260009766
Taylor_Hollow,0714,552,487,37.847037626893545,-79.221261421399,0.8621814250946045
Taylor_Hollow,0714,532,522,37.852432762630734,-79.20930312603629,0.9213706851005554
Taylor_Hollow,0714,518,528,37.85620935764677,-79.20725313254553,0.9317376017570496
Taylor_Hollow,0714,572,523,37.84164249115636,-79.20896146045449,0.6171560883522034
Taylor_Hollow,0714,531,519,37.8527025194176,-79.21032812278166,0.941046953201294
Taylor_Hollow,0714,534,468,37.851893249057014,-79.22775306745307,0.6069203615188599
Taylor_Hollow,0714,534,464,37.851893249057014,-79.22911972978024,0.7489610314369202
Taylor_Hollow,0714,542,465,37.84973519476214,-79.22877806419844,0.8768060207366943
Taylor_Hollow,0714,514,525,37.8572883847942,-79.20827812929092,0.9747100472450256
Taylor_Hollow,0714,561,490,37.84460981581181,-79.22023642465363,0.7020361423492432
Taylor_Hollow,0714,540,478,37.85027470833586,-79.22433641163514,0.7849550247192383
Taylor_Hollow,0714,563,532,37.844070302238094,-79.20588647021836,0.5142768621444702
Taylor_Hollow,0714,532,464,37.852432762630734,-79.22911972978024,0.5525680780410767
Taylor_Hollow,0714,546,509,37.848656167614706,-79.21374477859959,0.9301716089248657
Taylor_Hollow,0714,502,494,37.86052546623652,-79.21886976232646,0.5489885210990906
Taylor_Hollow,0714,508,494,37.85890692551536,-79.21886976232646,0.8300543427467346
Taylor_Hollow,0714,548,475,37.848116654040986,-79.22536140838052,0.9054365754127502
Taylor_Hollow,0714,533,508,37.85216300584388,-79.21408644418138,0.9573548436164856
Taylor_Hollow,0714,544,464,37.84919568118842,-79.22911972978024,0.8944764733314514
Taylor_Hollow,0714,515,492,37.857018628007346,-79.21955309349005,0.6270429491996765
Taylor_Hollow,0714,557,479,37.84568884295925,-79.22399474605335,0.8596897125244141
Taylor_Hollow,0714,534,523,37.851893249057014,-79.20896146045449,0.8793660402297974
Taylor_Hollow,0714,556,505,37.845958599746105,-79.21511144092675,0.7822767496109009
Taylor_Hollow,0714,562,513,37.84434005902495,-79.21237811627242,0.780616044998169
Taylor_Hollow,0714,522,503,37.85513033049933,-79.21579477209033,0.9666904807090759
Taylor_Hollow,0714,560,494,37.84487957259867,-79.21886976232646,0.7847214937210083
Taylor_Hollow,0714,549,526,37.84784689725412,-79.20793646370912,0.7436338663101196
Taylor_Hollow,0714,544,526,37.84919568118842,-79.20793646370912,0.6241052746772766
Taylor_Hollow,0714,494,510,37.8626835205314,-79.21340311301779,0.5938605070114136
Taylor_Hollow,0714,551,480,37.8473073836804,-79.22365308047155,0.8643810153007507
Taylor_Hollow,0714,519,521,37.855939600859905,-79.20964479161808,0.9829877614974976
Taylor_Hollow,0714,552,500,37.847037626893545,-79.21681976883572,0.85444575548172
Taylor_Hollow,0714,531,526,37.8527025194176,-79.20793646370912,0.8537793159484863
Taylor_Hollow,0714,539,477,37.85054446512272,-79.22467807721694,0.7543196082115173
Taylor_Hollow,0714,556,495,37.845958599746105,-79.21852809674468,0.8619243502616882
Taylor_Hollow,0714,504,497,37.859985952662804,-79.21784476558109,0.7245430946350098
Taylor_Hollow,0714,548,470,37.848116654040986,-79.22706973628948,0.9102612137794495
Taylor_Hollow,0714,548,485,37.848116654040986,-79.22194475256259,0.8689384460449219
Taylor_Hollow,0714,544,504,37.84919568118842,-79.21545310650855,0.9149212837219238
Taylor_Hollow,0714,557,473,37.84568884295925,-79.22604473954411,0.8812848925590515
Taylor_Hollow,0714,563,503,37.844070302238094,-79.21579477209033,0.8275784254074097
Taylor_Hollow,0714,522,521,37.85513033049933,-79.20964479161808,0.9782942533493042
Taylor_Hollow,0714,507,494,37.85917668230222,-79.21886976232646,0.8365998864173889
Taylor_Hollow,0714,547,504,37.84838641082784,-79.21545310650855,0.9191113114356995
Taylor_Hollow,0714,538,487,37.85081422190958,-79.221261421399,0.54039067029953
Taylor_Hollow,0714,501,500,37.86079522302338,-79.21681976883572,0.6753499507904053
Taylor_Hollow,0714,528,456,37.853511789778175,-79.23185305443457,0.6424116492271423
Taylor_Hollow,0714,516,531,37.85674887122049,-79.20622813580016,0.7025247812271118
Taylor_Hollow,0714,550,487,37.847577140467266,-79.221261421399,0.8663063645362854
Taylor_Hollow,0714,520,529,37.85566984407305,-79.20691146696375,0.9112131595611572
Taylor_Hollow,0714,533,451,37.85216300584388,-79.23356138234352,0.8771409392356873
Taylor_Hollow,0714,548,492,37.848116654040986,-79.21955309349005,0.836633563041687
Taylor_Hollow,0714,534,520,37.851893249057014,-79.20998645719988,0.9010348320007324
Taylor_Hollow,0714,532,449,37.852432762630734,-79.23424471350711,0.8829585313796997
Taylor_Hollow,0714,539,498,37.85054446512272,-79.21750309999929,0.801564633846283
Taylor_Hollow,0714,538,492,37.85081422190958,-79.21955309349005,0.5519610047340393
Taylor_Hollow,0714,562,501,37.84434005902495,-79.21647810325392,0.8230445981025696
Taylor_Hollow,0714,505,498,37.85971619587594,-79.21750309999929,0.8741738796234131
Taylor_Hollow,0714,568,522,37.8427215183038,-79.20930312603629,0.6020064353942871
Taylor_Hollow,0714,553,463,37.84676787010669,-79.22946139536202,0.9114887118339539
Taylor_Hollow,0714,513,530,37.857558141581066,-79.20656980138195,0.9321584105491638
Taylor_Hollow,0714,563,518,37.844070302238094,-79.21066978836346,0.6776473522186279
Taylor_Hollow,0714,544,487,37.84919568118842,-79.221261421399,0.812053382396698
Taylor_Hollow,0714,510,532,37.85836741194164,-79.20588647021836,0.659161388874054
Taylor_Hollow,0714,547,512,37.84838641082784,-79.2127197818542,0.9124658107757568
Taylor_Hollow,0714,541,455,37.850004951549,-79.23219472001637,0.9320986866950989
Taylor_Hollow,0714,571,519,37.84191224794321,-79.21032812278166,0.5284997820854187
Taylor_Hollow,0714,553,492,37.84676787010669,-79.21955309349005,0.8444169759750366
Taylor_Hollow,0714,560,513,37.84487957259867,-79.21237811627242,0.5520610213279724
Taylor_Hollow,0714,552,469,37.847037626893545,-79.22741140187127,0.8780083060264587
Taylor_Hollow,0714,565,501,37.843530788664374,-79.21647810325392,0.5698341727256775
Taylor_Hollow,0714,535,528,37.85162349227016,-79.20725313254553,0.5665034651756287
Taylor_Hollow,0714,558,483,37.84541908617239,-79.22262808372618,0.7271456718444824
Taylor_Hollow,0714,557,500,37.84568884295925,-79.21681976883572,0.8309397101402283
Taylor_Hollow,0714,544,481,37.84919568118842,-79.22331141488976,0.8614485859870911
Taylor_Hollow,0714,540,515,37.85027470833586,-79.21169478510883,0.8961756825447083
Taylor_Hollow,0714,501,518,37.86079522302338,-79.21066978836346,0.8490216732025146
Taylor_Hollow,0714,501,530,37.86079522302338,-79.20656980138195,0.6734622716903687
Taylor_Hollow,0714,528,522,37.853511789778175,-79.20930312603629,0.9583403468132019
Taylor_Hollow,0714,520,530,37.85566984407305,-79.20656980138195,0.8863170742988586
Taylor_Hollow,0714,521,498,37.85540008728619,-79.21750309999929,0.9088179469108582
Taylor_Hollow,0714,537,504,37.85108397869644,-79.21545310650855,0.9568041563034058
Taylor_Hollow,0714,529,511,37.85324203299131,-79.213061447436,0.9735429286956787
Taylor_Hollow,0714,526,449,37.854051303351895,-79.23424471350711,0.6599180102348328
Taylor_Hollow,0714,524,505,37.85459081692561,-79.21511144092675,0.9790688753128052
Taylor_Hollow,0714,536,467,37.8513537354833,-79.22809473303485,0.7142305970191956
Taylor_Hollow,0714,496,504,37.86214400695768,-79.21545310650855,0.6761037707328796
Taylor_Hollow,0714,499,522,37.8613347365971,-79.20930312603629,0.8179721236228943
Taylor_Hollow,0714,554,502,37.846498113319825,-79.21613643767213,0.7896696329116821
Taylor_Hollow,0714,544,473,37.84919568118842,-79.22604473954411,0.884903073310852
Taylor_Hollow,0714,563,490,37.844070302238094,-79.22023642465363,0.5234642624855042
Taylor_Hollow,0714,536,521,37.8513537354833,-79.20964479161808,0.9043577313423157
Taylor_Hollow,0714,496,501,37.86214400695768,-79.21647810325392,0.630301833152771
Taylor_Hollow,0714,529,453,37.85324203299131,-79.23287805117994,0.7287115454673767
Taylor_Hollow,0714,559,490,37.84514932938553,-79.22023642465363,0.7248300313949585
Taylor_Hollow,0714,566,533,37.84326103187751,-79.20554480463657,0.5787826776504517
Taylor_Hollow,0714,547,487,37.84838641082784,-79.221261421399,0.8519926071166992
Taylor_Hollow,0714,537,522,37.85108397869644,-79.20930312603629,0.789639413356781
Taylor_Hollow,0714,565,478,37.843530788664374,-79.22433641163514,0.5296282172203064
Taylor_Hollow,0714,571,520,37.84191224794321,-79.20998645719988,0.6250823140144348
Taylor_Hollow,0714,532,457,37.852432762630734,-79.23151138885278,0.811241090297699
Taylor_Hollow,0714,560,475,37.84487957259867,-79.22536140838052,0.6962444186210632
Taylor_Hollow,0714,556,498,37.845958599746105,-79.21750309999929,0.8612388372421265
Taylor_Hollow,0714,548,465,37.848116654040986,-79.22877806419844,0.9166392087936401
Taylor_Hollow,0714,501,506,37.86079522302338,-79.21476977534496,0.8467462658882141
Taylor_Hollow,0714,527,500,37.85378154656503,-79.21681976883572,0.8714681267738342
Taylor_Hollow,0714,496,500,37.86214400695768,-79.21681976883572,0.5909321308135986
Taylor_Hollow,0714,533,494,37.85216300584388,-79.21886976232646,0.5277027487754822
Taylor_Hollow,0714,550,497,37.847577140467266,-79.21784476558109,0.8738704323768616
Taylor_Hollow,0714,519,495,37.855939600859905,-79.21852809674468,0.8776179552078247
Taylor_Hollow,0714,537,529,37.85108397869644,-79.20691146696375,0.5734597444534302
Taylor_Hollow,0714,534,447,37.851893249057014,-79.2349280446707,0.9018025994300842
Taylor_Hollow,0714,554,480,37.846498113319825,-79.22365308047155,0.8396449089050293
Taylor_Hollow,0714,532,458,37.852432762630734,-79.23116972327098,0.7689653038978577
Taylor_Hollow,0714,532,516,37.852432762630734,-79.21135311952705,0.9521551728248596
Taylor_Hollow,0714,530,525,37.852972276204454,-79.20827812929092,0.8563424348831177
Taylor_Hollow,0714,564,514,37.84380054545123,-79.21203645069062,0.6607625484466553
Taylor_Hollow,0714,531,458,37.8527025194176,-79.23116972327098,0.7178654074668884
Taylor_Hollow,0714,520,497,37.85566984407305,-79.21784476558109,0.8992408514022827
Taylor_Hollow,0714,544,484,37.84919568118842,-79.22228641814439,0.8240845203399658
Taylor_Hollow,0714,534,471,37.851893249057014,-79.22672807070768,0.6765661239624023
Taylor_Hollow,0714,526,454,37.854051303351895,-79.23253638559815,0.605323314666748
Taylor_Hollow,0714,532,512,37.852432762630734,-79.2127197818542,0.9656195044517517
Taylor_Hollow,0714,561,510,37.84460981581181,-79.21340311301779,0.7771002054214478
Taylor_Hollow,0714,537,467,37.85108397869644,-79.22809473303485,0.7532593607902527
Taylor_Hollow,0714,554,471,37.846498113319825,-79.22672807070768,0.8562992811203003
Taylor_Hollow,0714,500,519,37.86106497981024,-79.21032812278166,0.8425658345222473
Taylor_Hollow,0714,545,473,37.84892592440156,-79.22604473954411,0.8907649517059326
Taylor_Hollow,0714,546,469,37.848656167614706,-79.22741140187127,0.9022247791290283
Taylor_Hollow,0714,542,492,37.84973519476214,-79.21955309349005,0.7275617122650146
Taylor_Hollow,0714,535,454,37.85162349227016,-79.23253638559815,0.8589455485343933
Taylor_Hollow,0714,537,492,37.85108397869644,-79.21955309349005,0.5628610849380493
Taylor_Hollow,0714,501,495,37.86079522302338,-79.21852809674468,0.5786481499671936
Taylor_Hollow,0714,549,500,37.84784689725412,-79.21681976883572,0.8800883889198303
Taylor_Hollow,0714,568,535,37.8427215183038,-79.20486147347299,0.7267184257507324
Taylor_Hollow,0714,518,527,37.85620935764677,-79.20759479812733,0.9511762857437134
Taylor_Hollow,0714,497,522,37.861874250170814,-79.20930312603629,0.7087430357933044
Taylor_Hollow,0714,538,476,37.85081422190958,-79.22501974279872,0.6686908602714539
Taylor_Hollow,0714,536,504,37.8513537354833,-79.21545310650855,0.9405322670936584
Taylor_Hollow,0714,503,527,37.86025570944966,-79.20759479812733,0.865871012210846
Taylor_Hollow,0714,530,501,37.852972276204454,-79.21647810325392,0.9173626899719238
Taylor_Hollow,0714,504,494,37.859985952662804,-79.21886976232646,0.5845550894737244
Taylor_Hollow,0714,539,476,37.85054446512272,-79.22501974279872,0.7412540912628174
Taylor_Hollow,0714,527,455,37.85378154656503,-79.23219472001637,0.620945930480957
Taylor_Hollow,0714,562,490,37.84434005902495,-79.22023642465363,0.6099958419799805
Taylor_Hollow,0714,559,487,37.84514932938553,-79.221261421399,0.7593534588813782
Taylor_Hollow,0714,522,527,37.85513033049933,-79.20759479812733,0.9368047118186951
Taylor_Hollow,0714,541,485,37.850004951549,-79.22194475256259,0.7088053226470947
Taylor_Hollow,0714,524,531,37.85459081692561,-79.20622813580016,0.5426512360572815
Taylor_Hollow,0714,543,526,37.84946543797528,-79.20793646370912,0.5505688786506653
Taylor_Hollow,0714,545,529,37.84892592440156,-79.20691146696375,0.6286293864250183
Taylor_Hollow,0714,550,502,37.847577140467266,-79.21613643767213,0.8915243148803711
Taylor_Hollow,0714,551,514,37.8473073836804,-79.21203645069062,0.8185479640960693
Taylor_Hollow,0714,560,477,37.84487957259867,-79.22467807721694,0.6549517512321472
Taylor_Hollow,0714,521,517,37.85540008728619,-79.21101145394525,0.9901891946792603
Taylor_Hollow,0714,533,516,37.85216300584388,-79.21135311952705,0.9421309232711792
Taylor_Hollow,0714,561,471,37.84460981581181,-79.22672807070768,0.6642398238182068
Taylor_Hollow,0714,531,447,37.8527025194176,-79.2349280446707,0.8659259676933289
Taylor_Hollow,0714,521,497,37.85540008728619,-79.21784476558109,0.8859562873840332
Taylor_Hollow,0714,549,497,37.84784689725412,-79.21784476558109,0.8747105598449707
Taylor_Hollow,0714,560,474,37.84487957259867,-79.22570307396231,0.7271363735198975
Taylor_Hollow,0714,511,531,37.858097655154786,-79.20622813580016,0.8735694885253906
Taylor_Hollow,0714,519,522,37.855939600859905,-79.20930312603629,0.9857906699180603
Taylor_Hollow,0714,542,507,37.84973519476214,-79.21442810976316,0.9327564835548401
Taylor_Hollow,0714,546,527,37.848656167614706,-79.20759479812733,0.7040201425552368
Taylor_Hollow,0714,543,499,37.84946543797528,-79.2171614344175,0.8679576516151428
Taylor_Hollow,0714,558,466,37.84541908617239,-79.22843639861665,0.7111229300498962
Taylor_Hollow,0714,557,466,37.84568884295925,-79.22843639861665,0.8462317585945129
Taylor_Hollow,0714,531,506,37.8527025194176,-79.21476977534496,0.9523341059684753
Taylor_Hollow,0714,525,501,37.85432106013875,-79.21647810325392,0.9403722286224365
Taylor_Hollow,0714,546,462,37.848656167614706,-79.22980306094381,0.8885175585746765
Taylor_Hollow,0714,548,455,37.848116654040986,-79.23219472001637,0.9691312313079834
Taylor_Hollow,0714,557,482,37.84568884295925,-79.22296974930798,0.8708227276802063
Taylor_Hollow,0714,550,468,37.847577140467266,-79.22775306745307,0.8844675421714783
Taylor_Hollow,0714,529,446,37.85324203299131,-79.2352697102525,0.8212718963623047
Taylor_Hollow,0714,552,472,37.847037626893545,-79.2263864051259,0.8936551809310913
Taylor_Hollow,0714,539,487,37.85054446512272,-79.221261421399,0.572722852230072
Taylor_Hollow,0714,533,461,37.85216300584388,-79.23014472652561,0.7557677626609802
Taylor_Hollow,0714,532,455,37.852432762630734,-79.23219472001637,0.8388859033584595
Taylor_Hollow,0714,526,492,37.854051303351895,-79.21955309349005,0.5196780562400818
Taylor_Hollow,0714,510,492,37.85836741194164,-79.21955309349005,0.6862602233886719
Taylor_Hollow,0714,550,469,37.847577140467266,-79.22741140187127,0.9087079763412476
Taylor_Hollow,0714,563,493,37.844070302238094,-79.21921142790826,0.6625603437423706
Taylor_Hollow,0714,550,514,37.847577140467266,-79.21203645069062,0.8289649486541748
Taylor_Hollow,0714,515,531,37.857018628007346,-79.20622813580016,0.7801274061203003
Taylor_Hollow,0714,539,494,37.85054446512272,-79.21886976232646,0.6617602109909058
Taylor_Hollow,0714,559,503,37.84514932938553,-79.21579477209033,0.8246904611587524
Taylor_Hollow,0714,547,503,37.84838641082784,-79.21579477209033,0.9176157712936401
Taylor_Hollow,0714,562,504,37.84434005902495,-79.21545310650855,0.8311213850975037
Taylor_Hollow,0714,560,496,37.84487957259867,-79.21818643116288,0.8235344290733337
Taylor_Hollow,0714,552,512,37.847037626893545,-79.2127197818542,0.5808513760566711
Taylor_Hollow,0714,549,502,37.84784689725412,-79.21613643767213,0.888849139213562
Taylor_Hollow,0714,565,484,37.843530788664374,-79.22228641814439,0.5765264630317688
Taylor_Hollow,0714,518,521,37.85620935764677,-79.20964479161808,0.9810406565666199
Taylor_Hollow,0714,537,528,37.85108397869644,-79.20725313254553,0.6190404891967773
Taylor_Hollow,0714,500,525,37.86106497981024,-79.20827812929092,0.8101639747619629
Taylor_Hollow,0714,539,452,37.85054446512272,-79.23321971676174,0.8966391682624817
Taylor_Hollow,0714,517,530,37.856479114433625,-79.20656980138195,0.8807542324066162
Taylor_Hollow,0714,543,501,37.84946543797528,-79.21647810325392,0.8980569243431091
Taylor_Hollow,0714,508,528,37.85890692551536,-79.20725313254553,0.9108060002326965
Taylor_Hollow,0714,561,481,37.84460981581181,-79.22331141488976,0.6149644255638123
Taylor_Hollow,0714,552,489,37.847037626893545,-79.22057809023542,0.8813291788101196
Taylor_Hollow,0714,500,507,37.86106497981024,-79.21442810976316,0.8386449813842773
Taylor_Hollow,0714,535,503,37.85162349227016,-79.21579477209033,0.9196673631668091
Taylor_Hollow,0714,561,515,37.84460981581181,-79.21169478510883,0.5611074566841125
Taylor_Hollow,0714,513,492,37.857558141581066,-79.21955309349005,0.7206233143806458
Taylor_Hollow,0714,559,468,37.84514932938553,-79.22775306745307,0.5559437870979309
Taylor_Hollow,0714,507,530,37.85917668230222,-79.20656980138195,0.8578236699104309
Taylor_Hollow,0714,496,518,37.86214400695768,-79.21066978836346,0.5015305280685425
Taylor_Hollow,0714,560,486,37.84487957259867,-79.2216030869808,0.670105516910553
Taylor_Hollow,0714,498,528,37.86160449338396,-79.20725313254553,0.5648323893547058
Taylor_Hollow,0714,528,506,37.853511789778175,-79.21476977534496,0.9683910012245178
Taylor_Hollow,0714,500,502,37.86106497981024,-79.21613643767213,0.7285897731781006
Taylor_Hollow,0714,569,524,37.842451761516934,-79.2086197948727,0.6244900822639465
Taylor_Hollow,0714,570,521,37.84218200473008,-79.20964479161808,0.6267467141151428
Taylor_Hollow,0714,533,514,37.85216300584388,-79.21203645069062,0.9531792998313904
Taylor_Hollow,0714,563,535,37.844070302238094,-79.20486147347299,0.5038836598396301
Taylor_Hollow,0714,521,516,37.85540008728619,-79.21135311952705,0.9900218844413757
Taylor_Hollow,0714,538,450,37.85081422190958,-79.23390304792532,0.9032604098320007
Taylor_Hollow,0714,563,506,37.844070302238094,-79.21476977534496,0.8344467282295227
Taylor_Hollow,0714,535,473,37.85162349227016,-79.22604473954411,0.6527630686759949
Taylor_Hollow,0714,566,526,37.84326103187751,-79.20793646370912,0.5113921761512756
Taylor_Hollow,0714,535,449,37.85162349227016,-79.23424471350711,0.8861647844314575
Taylor_Hollow,0714,556,508,37.845958599746105,-79.21408644418138,0.6540468335151672
Taylor_Hollow,0714,517,528,37.856479114433625,-79.20725313254553,0.9454934000968933
Taylor_Hollow,0714,558,468,37.84541908617239,-79.22775306745307,0.6033324003219604
Taylor_Hollow,0714,505,499,37.85971619587594,-79.2171614344175,0.8916173577308655
Taylor_Hollow,0714,560,508,37.84487957259867,-79.21408644418138,0.777408242225647
Taylor_Hollow,0714,531,518,37.8527025194176,-79.21066978836346,0.9488486051559448
Taylor_Hollow,0714,531,520,37.8527025194176,-79.20998645719988,0.9322848916053772
Taylor_Hollow,0714,548,505,37.848116654040986,-79.21511144092675,0.8976147174835205
Taylor_Hollow,0714,543,515,37.84946543797528,-79.21169478510883,0.8984516263008118
Taylor_Hollow,0714,563,529,37.844070302238094,-79.20691146696375,0.5796540379524231
Taylor_Hollow,0714,497,507,37.861874250170814,-79.21442810976316,0.8065749406814575
Taylor_Hollow,0714,535,507,37.85162349227016,-79.21442810976316,0.9575013518333435
Taylor_Hollow,0714,528,498,37.853511789778175,-79.21750309999929,0.8024312853813171
Taylor_Hollow,0714,523,520,37.85486057371247,-79.20998645719988,0.977307140827179
Taylor_Hollow,0714,504,526,37.859985952662804,-79.20793646370912,0.8953056931495667
Taylor_Hollow,0714,519,518,37.855939600859905,-79.21066978836346,0.9857175946235657
Taylor_Hollow,0714,536,471,37.8513537354833,-79.22672807070768,0.7376431226730347
Taylor_Hollow,0714,520,495,37.85566984407305,-79.21852809674468,0.8532018065452576
Taylor_Hollow,0714,537,459,37.85108397869644,-79.2308280576892,0.8073585629463196
Taylor_Hollow,0714,563,515,37.844070302238094,-79.21169478510883,0.7668325304985046
Taylor_Hollow,0714,534,448,37.851893249057014,-79.23458637908891,0.8973737955093384
Taylor_Hollow,0714,496,511,37.86214400695768,-79.213061447436,0.7453692555427551
Taylor_Hollow,0714,551,481,37.8473073836804,-79.22331141488976,0.8748924136161804
Taylor_Hollow,0714,556,464,37.845958599746105,-79.22911972978024,0.7930289506912231
Taylor_Hollow,0714,523,518,37.85486057371247,-79.21066978836346,0.9891034960746765
Taylor_Hollow,0714,524,518,37.85459081692561,-79.21066978836346,0.9825774431228638
Taylor_Hollow,0714,526,506,37.854051303351895,-79.21476977534496,0.9786795377731323
Taylor_Hollow,0714,555,497,37.84622835653297,-79.21784476558109,0.8665187954902649
Taylor_Hollow,0714,548,518,37.848116654040986,-79.21066978836346,0.8495723605155945
Taylor_Hollow,0714,541,466,37.850004951549,-79.22843639861665,0.8222626447677612
Taylor_Hollow,0714,558,474,37.84541908617239,-79.22570307396231,0.7373735904693604
Taylor_Hollow,0714,544,478,37.84919568118842,-79.22433641163514,0.8715457320213318
Taylor_Hollow,0714,527,525,37.85378154656503,-79.20827812929092,0.8861439228057861
Taylor_Hollow,0714,545,523,37.84892592440156,-79.20896146045449,0.7067930698394775
Taylor_Hollow,0714,542,491,37.84973519476214,-79.21989475907185,0.7210132479667664
Taylor_Hollow,0714,567,524,37.842991275090654,-79.2086197948727,0.6111090779304504
Taylor_Hollow,0714,527,508,37.85378154656503,-79.21408644418138,0.9693921208381653
Taylor_Hollow,0714,533,519,37.85216300584388,-79.21032812278166,0.9057854413986206
Taylor_Hollow,0714,497,506,37.861874250170814,-79.21476977534496,0.7571797370910645
Taylor_Hollow,0714,550,475,37.847577140467266,-79.22536140838052,0.879909098148346
Taylor_Hollow,0714,534,503,37.851893249057014,-79.21579477209033,0.910697877407074
Taylor_Hollow,0714,554,474,37.846498113319825,-79.22570307396231,0.8583650588989258
Taylor_Hollow,0714,497,519,37.861874250170814,-79.21032812278166,0.7083382606506348
Taylor_Hollow,0714,559,496,37.84514932938553,-79.21818643116288,0.853757381439209
Taylor_Hollow,0714,547,470,37.84838641082784,-79.22706973628948,0.9017200469970703
Taylor_Hollow,0714,541,473,37.850004951549,-79.22604473954411,0.8718543648719788
Taylor_Hollow,0714,550,523,37.847577140467266,-79.20896146045449,0.7814514636993408
Taylor_Hollow,0714,570,527,37.84218200473008,-79.20759479812733,0.7648720145225525
Taylor_Hollow,0714,559,473,37.84514932938553,-79.22604473954411,0.7647554874420166
Taylor_Hollow,0714,561,516,37.84460981581181,-79.21135311952705,0.5171684622764587
Taylor_Hollow,0714,562,479,37.84434005902495,-79.22399474605335,0.5378738045692444
Taylor_Hollow,0714,543,472,37.84946543797528,-79.2263864051259,0.8752310872077942
Taylor_Hollow,0714,549,456,37.84784689725412,-79.23185305443457,0.9801716208457947
Taylor_Hollow,0714,563,479,37.844070302238094,-79.22399474605335,0.5657045841217041
Taylor_Hollow,0714,550,509,37.847577140467266,-79.21374477859959,0.9000428318977356
Taylor_Hollow,0714,549,469,37.84784689725412,-79.22741140187127,0.9208731651306152
Taylor_Hollow,0714,548,486,37.848116654040986,-79.2216030869808,0.8594850897789001
Taylor_Hollow,0714,529,517,37.85324203299131,-79.21101145394525,0.9526315331459045
Taylor_Hollow,0714,555,478,37.84622835653297,-79.22433641163514,0.8450877070426941
Taylor_Hollow,0714,516,526,37.85674887122049,-79.20793646370912,0.9717630743980408
Taylor_Hollow,0714,544,482,37.84919568118842,-79.22296974930798,0.8464987277984619
Taylor_Hollow,0714,559,509,37.84514932938553,-79.21374477859959,0.7053740620613098
Taylor_Hollow,0714,552,496,37.847037626893545,-79.21818643116288,0.8450453281402588
Taylor_Hollow,0714,524,530,37.85459081692561,-79.20656980138195,0.6828523278236389
Taylor_Hollow,0714,564,505,37.84380054545123,-79.21511144092675,0.7564483880996704
Taylor_Hollow,0714,559,475,37.84514932938553,-79.22536140838052,0.6157275438308716
Taylor_Hollow,0714,494,502,37.8626835205314,-79.21613643767213,0.5190762877464294
Taylor_Hollow,0714,568,530,37.8427215183038,-79.20656980138195,0.6178866624832153
Taylor_Hollow,0714,538,497,37.85081422190958,-79.21784476558109,0.7620862126350403
Taylor_Hollow,0714,538,451,37.85081422190958,-79.23356138234352,0.8994487524032593
Taylor_Hollow,0714,537,495,37.85108397869644,-79.21852809674468,0.6708642840385437
Taylor_Hollow,0714,568,528,37.8427215183038,-79.20725313254553,0.6250067353248596
Taylor_Hollow,0714,536,448,37.8513537354833,-79.23458637908891,0.8819265961647034
Taylor_Hollow,0714,540,453,37.85027470833586,-79.23287805117994,0.9203030467033386
Taylor_Hollow,0714,562,503,37.84434005902495,-79.21579477209033,0.8252771496772766
Taylor_Hollow,0714,537,494,37.85108397869644,-79.21886976232646,0.6266469359397888
Taylor_Hollow,0714,555,482,37.84622835653297,-79.22296974930798,0.8804098963737488
Taylor_Hollow,0714,520,522,37.85566984407305,-79.20930312603629,0.9826270937919617
Taylor_Hollow,0714,502,506,37.86052546623652,-79.21476977534496,0.8561556935310364
Taylor_Hollow,0714,534,514,37.851893249057014,-79.21203645069062,0.9566066861152649
Taylor_Hollow,0714,521,492,37.85540008728619,-79.21955309349005,0.6201176047325134
Taylor_Hollow,0714,531,517,37.8527025194176,-79.21101145394525,0.9530423879623413
Taylor_Hollow,0714,561,482,37.84460981581181,-79.22296974930798,0.6695597171783447
Taylor_Hollow,0714,500,499,37.86106497981024,-79.2171614344175,0.6092907786369324
Taylor_Hollow,0714,502,495,37.86052546623652,-79.21852809674468,0.6431193947792053
Taylor_Hollow,0714,511,494,37.858097655154786,-79.21886976232646,0.8739922046661377
Taylor_Hollow,0714,545,463,37.84892592440156,-79.22946139536202,0.9100235104560852
Taylor_Hollow,0714,534,511,37.851893249057014,-79.213061447436,0.9463891386985779
Taylor_Hollow,0714,520,531,37.85566984407305,-79.20622813580016,0.720780611038208
Taylor_Hollow,0714,505,529,37.85971619587594,-79.20691146696375,0.8781981468200684
Taylor_Hollow,0714,505,530,37.85971619587594,-79.20656980138195,0.8515278697013855
Taylor_Hollow,0714,501,528,37.86079522302338,-79.20725313254553,0.7434628009796143
Taylor_Hollow,0714,526,523,37.854051303351895,-79.20896146045449,0.9545314311981201
Taylor_Hollow,0714,498,508,37.86160449338396,-79.21408644418138,0.8244553208351135
Taylor_Hollow,0714,545,489,37.84892592440156,-79.22057809023542,0.8379222750663757
Taylor_Hollow,0714,552,514,37.847037626893545,-79.21203645069062,0.6433876752853394
Taylor_Hollow,0714,547,521,37.84838641082784,-79.20964479161808,0.7585541009902954
Taylor_Hollow,0714,531,511,37.8527025194176,-79.213061447436,0.9704965353012085
Taylor_Hollow,0714,567,527,37.842991275090654,-79.20759479812733,0.5896643400192261
Taylor_Hollow,0714,530,528,37.852972276204454,-79.20725313254553,0.770211935043335
Taylor_Hollow,0714,541,465,37.850004951549,-79.22877806419844,0.8470789194107056
Taylor_Hollow,0714,559,484,37.84514932938553,-79.22228641814439,0.6996610760688782
Taylor_Hollow,0714,545,471,37.84892592440156,-79.22672807070768,0.8964939117431641
Taylor_Hollow,0714,543,516,37.84946543797528,-79.21135311952705,0.878203272819519
Taylor_Hollow,0714,542,478,37.84973519476214,-79.22433641163514,0.8461654186248779
Taylor_Hollow,0714,551,507,37.8473073836804,-79.21442810976316,0.8783841133117676
Taylor_Hollow,0714,502,528,37.86052546623652,-79.20725313254553,0.8101258873939514
Taylor_Hollow,0714,518,529,37.85620935764677,-79.20691146696375,0.9047238230705261
Taylor_Hollow,0714,547,462,37.84838641082784,-79.22980306094381,0.8728569149971008
Taylor_Hollow,0714,532,523,37.852432762630734,-79.20896146045449,0.8929877877235413
Taylor_Hollow,0714,546,526,37.848656167614706,-79.20793646370912,0.6815583109855652
Taylor_Hollow,0714,541,498,37.850004951549,-79.21750309999929,0.8412415981292725
Taylor_Hollow,0714,558,485,37.84541908617239,-79.22194475256259,0.8218820691108704
Taylor_Hollow,0714,528,454,37.853511789778175,-79.23253638559815,0.6722091436386108
Taylor_Hollow,0714,558,496,37.84541908617239,-79.21818643116288,0.8535385727882385
Taylor_Hollow,0714,512,529,37.85782789836792,-79.20691146696375,0.9551721215248108
Taylor_Hollow,0714,558,503,37.84541908617239,-79.21579477209033,0.816035270690918
Taylor_Hollow,0714,537,476,37.85108397869644,-79.22501974279872,0.6001954674720764
Taylor_Hollow,0714,535,499,37.85162349227016,-79.2171614344175,0.8335710763931274
Taylor_Hollow,0714,537,474,37.85108397869644,-79.22570307396231,0.6801471710205078
Taylor_Hollow,0714,562,518,37.84434005902495,-79.21066978836346,0.6075348854064941
Taylor_Hollow,0714,549,482,37.84784689725412,-79.22296974930798,0.8885273933410645
Taylor_Hollow,0714,543,487,37.84946543797528,-79.221261421399,0.7813343405723572
Taylor_Hollow,0714,546,488,37.848656167614706,-79.22091975581722,0.8357276916503906
Taylor_Hollow,0714,530,513,37.852972276204454,-79.21237811627242,0.9699021577835083
Taylor_Hollow,0714,516,524,37.85674887122049,-79.2086197948727,0.9694437980651855
Taylor_Hollow,0714,552,516,37.847037626893545,-79.21135311952705,0.5765500664710999
Taylor_Hollow,0714,571,531,37.84191224794321,-79.20622813580016,0.8122445344924927
Taylor_Hollow,0714,527,524,37.85378154656503,-79.2086197948727,0.9234631657600403
Taylor_Hollow,0714,521,500,37.85540008728619,-79.21681976883572,0.9446373581886292
Taylor_Hollow,0714,545,459,37.84892592440156,-79.2308280576892,0.8751497864723206
Taylor_Hollow,0714,553,483,37.84676787010669,-79.22262808372618,0.8588946461677551
Taylor_Hollow,0714,498,498,37.86160449338396,-79.21750309999929,0.576069712638855
Taylor_Hollow,0714,504,504,37.859985952662804,-79.21545310650855,0.8814986348152161
Taylor_Hollow,0714,508,532,37.85890692551536,-79.20588647021836,0.6225511431694031
Taylor_Hollow,0714,551,491,37.8473073836804,-79.21989475907185,0.8537042737007141
Taylor_Hollow,0714,555,505,37.84622835653297,-79.21511144092675,0.7898677587509155
Taylor_Hollow,0714,506,496,37.85944643908908,-79.21818643116288,0.8429517149925232
Taylor_Hollow,0714,550,461,37.847577140467266,-79.23014472652561,0.9214974641799927
Taylor_Hollow,0714,547,477,37.84838641082784,-79.22467807721694,0.8887664675712585
Taylor_Hollow,0714,538,473,37.85081422190958,-79.22604473954411,0.7821691632270813
Taylor_Hollow,0714,546,479,37.848656167614706,-79.22399474605335,0.866104006767273
Taylor_Hollow,0714,541,527,37.850004951549,-79.20759479812733,0.523156464099884
Taylor_Hollow,0714,550,458,37.847577140467266,-79.23116972327098,0.9675906300544739
Taylor_Hollow,0714,495,505,37.862413763744534,-79.21511144092675,0.5695204734802246
Taylor_Hollow,0714,556,466,37.845958599746105,-79.22843639861665,0.8689814805984497
Taylor_Hollow,0714,553,504,37.84676787010669,-79.21545310650855,0.6633682250976562
Taylor_Hollow,0714,528,503,37.853511789778175,-79.21579477209033,0.9337521195411682
Taylor_Hollow,0714,547,496,37.84838641082784,-79.21818643116288,0.8761157989501953
Taylor_Hollow,0714,531,455,37.8527025194176,-79.23219472001637,0.8146528601646423
Taylor_Hollow,0714,567,535,37.842991275090654,-79.20486147347299,0.7011876702308655
Taylor_Hollow,0714,531,514,37.8527025194176,-79.21203645069062,0.9723594784736633
Taylor_Hollow,0714,560,488,37.84487957259867,-79.22091975581722,0.7324672937393188
Taylor_Hollow,0714,544,495,37.84919568118842,-79.21852809674468,0.8345562219619751
Taylor_Hollow,0714,557,481,37.84568884295925,-79.22331141488976,0.8607872724533081
Taylor_Hollow,0714,543,459,37.84946543797528,-79.2308280576892,0.8833398222923279
Taylor_Hollow,0714,556,482,37.845958599746105,-79.22296974930798,0.8954901695251465
Taylor_Hollow,0714,563,498,37.844070302238094,-79.21750309999929,0.8122411966323853
Taylor_Hollow,0714,535,448,37.85162349227016,-79.23458637908891,0.8795753717422485
Taylor_Hollow,0714,552,513,37.847037626893545,-79.21237811627242,0.6420481204986572
Taylor_Hollow,0714,531,510,37.8527025194176,-79.21340311301779,0.9741401672363281
Taylor_Hollow,0714,536,472,37.8513537354833,-79.2263864051259,0.7036459445953369
Taylor_Hollow,0714,538,528,37.85081422190958,-79.20725313254553,0.5575196743011475
Taylor_Hollow,0714,545,492,37.84892592440156,-79.21955309349005,0.8288958072662354
Taylor_Hollow,0714,537,452,37.85108397869644,-79.23321971676174,0.8729501366615295
Taylor_Hollow,0714,504,502,37.859985952662804,-79.21613643767213,0.8812134861946106
Taylor_Hollow,0714,530,459,37.852972276204454,-79.2308280576892,0.5936325788497925
Taylor_Hollow,0714,522,501,37.85513033049933,-79.21647810325392,0.9488869905471802
Taylor_Hollow,0714,524,528,37.85459081692561,-79.20725313254553,0.8182573914527893
Taylor_Hollow,0714,493,505,37.862953277318255,-79.21511144092675,0.5559383630752563
Taylor_Hollow,0714,562,475,37.84434005902495,-79.22536140838052,0.6456235647201538
Taylor_Hollow,0714,569,536,37.842451761516934,-79.2045198078912,0.6871671676635742
Taylor_Hollow,0714,542,480,37.84973519476214,-79.22365308047155,0.8312539458274841
Taylor_Hollow,0714,531,452,37.8527025194176,-79.23321971676174,0.8224294185638428
Taylor_Hollow,0714,520,519,37.85566984407305,-79.21032812278166,0.9833404421806335
Taylor_Hollow,0714,523,503,37.85486057371247,-79.21579477209033,0.9581904411315918
Taylor_Hollow,0714,558,510,37.84541908617239,-79.21340311301779,0.5629095435142517
Taylor_Hollow,0714,545,470,37.84892592440156,-79.22706973628948,0.8998976349830627
Taylor_Hollow,0714,532,509,37.852432762630734,-79.21374477859959,0.9663394689559937
Taylor_Hollow,0714,507,498,37.85917668230222,-79.21750309999929,0.8951384425163269
Taylor_Hollow,0714,547,493,37.84838641082784,-79.21921142790826,0.8500733375549316
Taylor_Hollow,0714,536,459,37.8513537354833,-79.2308280576892,0.8026070594787598
Taylor_Hollow,0714,525,502,37.85432106013875,-79.21613643767213,0.9487980008125305
Taylor_Hollow,0714,541,522,37.850004951549,-79.20930312603629,0.6738470792770386
Taylor_Hollow,0714,542,466,37.84973519476214,-79.22843639861665,0.8609009981155396
Taylor_Hollow,0714,548,500,37.848116654040986,-79.21681976883572,0.8827799558639526
Taylor_Hollow,0714,510,497,37.85836741194164,-79.21784476558109,0.9048399329185486
Taylor_Hollow,0714,540,452,37.85027470833586,-79.23321971676174,0.9258444905281067
Taylor_Hollow,0714,544,465,37.84919568118842,-79.22877806419844,0.9002477526664734
Taylor_Hollow,0714,561,499,37.84460981581181,-79.2171614344175,0.8379012942314148
Taylor_Hollow,0714,533,470,37.85216300584388,-79.22706973628948,0.5939817428588867
Taylor_Hollow,0714,533,460,37.85216300584388,-79.2304863921074,0.7325826287269592
Taylor_Hollow,0714,522,525,37.85513033049933,-79.20827812929092,0.951032280921936
Taylor_Hollow,0714,554,462,37.846498113319825,-79.22980306094381,0.8107383251190186
Taylor_Hollow,0714,547,501,37.84838641082784,-79.21647810325392,0.9049373269081116
Taylor_Hollow,0714,506,528,37.85944643908908,-79.20725313254553,0.8865286111831665
Taylor_Hollow,0714,524,496,37.85459081692561,-79.21818643116288,0.8520682454109192
Taylor_Hollow,0714,534,455,37.851893249057014,-79.23219472001637,0.8614664077758789
Taylor_Hollow,0714,528,517,37.853511789778175,-79.21101145394525,0.9577708840370178
Taylor_Hollow,0714,499,524,37.8613347365971,-79.2086197948727,0.7954711318016052
Taylor_Hollow,0714,539,469,37.85054446512272,-79.22741140187127,0.8376889824867249
Taylor_Hollow,0714,529,524,37.85324203299131,-79.2086197948727,0.887520968914032
Taylor_Hollow,0714,545,474,37.84892592440156,-79.22570307396231,0.8812322020530701
Taylor_Hollow,0714,498,510,37.86160449338396,-79.21340311301779,0.8446961641311646
Taylor_Hollow,0714,545,480,37.84892592440156,-79.22365308047155,0.8642308712005615
Taylor_Hollow,0714,561,494,37.84460981581181,-79.21886976232646,0.7875741124153137
Taylor_Hollow,0714,556,509,37.845958599746105,-79.21374477859959,0.5814157724380493
Taylor_Hollow,0714,527,496,37.85378154656503,-79.21818643116288,0.7857828140258789
Taylor_Hollow,0714,568,538,37.8427215183038,-79.20383647672762,0.7193127274513245
Taylor_Hollow,0714,569,525,37.842451761516934,-79.20827812929092,0.6735585927963257
Taylor_Hollow,0714,528,515,37.853511789778175,-79.21169478510883,0.9689530730247498
Taylor_Hollow,0714,541,453,37.850004951549,-79.23287805117994,0.938470721244812
Taylor_Hollow,0714,501,519,37.86079522302338,-79.21032812278166,0.8533756136894226
Taylor_Hollow,0714,557,490,37.84568884295925,-79.22023642465363,0.8706735372543335
Taylor_Hollow,0714,539,451,37.85054446512272,-79.23356138234352,0.913702130317688
Taylor_Hollow,0714,541,484,37.850004951549,-79.22228641814439,0.6954348683357239
Taylor_Hollow,0714,527,522,37.85378154656503,-79.20930312603629,0.9629694819450378
Taylor_Hollow,0714,500,498,37.86106497981024,-79.21750309999929,0.5946256518363953
Taylor_Hollow,0714,541,507,37.850004951549,-79.21442810976316,0.943938672542572
Taylor_Hollow,0714,535,523,37.85162349227016,-79.20896146045449,0.8784326314926147
Taylor_Hollow,0714,554,496,37.846498113319825,-79.21818643116288,0.8440790176391602
Taylor_Hollow,0714,496,510,37.86214400695768,-79.21340311301779,0.7782692313194275
Taylor_Hollow,0714,549,460,37.84784689725412,-79.2304863921074,0.91728675365448
Taylor_Hollow,0714,551,479,37.8473073836804,-79.22399474605335,0.8667792081832886
Taylor_Hollow,0714,497,521,37.861874250170814,-79.20964479161808,0.7207067012786865
Taylor_Hollow,0714,570,534,37.84218200473008,-79.20520313905479,0.7663643956184387
Taylor_Hollow,0714,549,472,37.84784689725412,-79.2263864051259,0.9153907895088196
Taylor_Hollow,0714,551,487,37.8473073836804,-79.221261421399,0.8662116527557373
Taylor_Hollow,0714,565,481,37.843530788664374,-79.22331141488976,0.5485439896583557
Taylor_Hollow,0714,540,513,37.85027470833586,-79.21237811627242,0.9311334490776062
Taylor_Hollow,0714,533,464,37.85216300584388,-79.22911972978024,0.6917411684989929
Taylor_Hollow,0714,541,512,37.850004951549,-79.2127197818542,0.9255520701408386
Taylor_Hollow,0714,537,511,37.85108397869644,-79.213061447436,0.9613704085350037
Taylor_Hollow,0714,551,494,37.8473073836804,-79.21886976232646,0.8587799668312073
Taylor_Hollow,0714,557,491,37.84568884295925,-79.21989475907185,0.8549670577049255
Taylor_Hollow,0714,544,453,37.84919568118842,-79.23287805117994,0.9385126233100891
Taylor_Hollow,0714,542,474,37.84973519476214,-79.22570307396231,0.8669513463973999
Taylor_Hollow,0714,536,513,37.8513537354833,-79.21237811627242,0.9642740488052368
Taylor_Hollow,0714,501,507,37.86079522302338,-79.21442810976316,0.8437909483909607
Taylor_Hollow,0714,513,491,37.857558141581066,-79.21989475907185,0.553925633430481
Taylor_Hollow,0714,556,483,37.845958599746105,-79.22262808372618,0.9001622796058655
Taylor_Hollow,0714,538,499,37.85081422190958,-79.2171614344175,0.8022339940071106
Taylor_Hollow,0714,529,530,37.85324203299131,-79.20656980138195,0.6211104393005371
Taylor_Hollow,0714,546,499,37.848656167614706,-79.2171614344175,0.8755468726158142
Taylor_Hollow,0714,554,501,37.846498113319825,-79.21647810325392,0.7835771441459656
Taylor_Hollow,0714,556,496,37.845958599746105,-79.21818643116288,0.8706984519958496
Taylor_Hollow,0714,530,498,37.852972276204454,-79.21750309999929,0.8323133587837219
Taylor_Hollow,0714,559,479,37.84514932938553,-79.22399474605335,0.6644419431686401
Taylor_Hollow,0714,551,497,37.8473073836804,-79.21784476558109,0.8731747269630432
Taylor_Hollow,0714,539,499,37.85054446512272,-79.2171614344175,0.8260343074798584
Taylor_Hollow,0714,530,452,37.852972276204454,-79.23321971676174,0.7927855253219604
Taylor_Hollow,0714,538,495,37.85081422190958,-79.21852809674468,0.6932166218757629
Taylor_Hollow,0714,517,526,37.856479114433625,-79.20793646370912,0.9691184759140015
Taylor_Hollow,0714,539,467,37.85054446512272,-79.22809473303485,0.8188086152076721
Taylor_Hollow,0714,503,498,37.86025570944966,-79.21750309999929,0.6771968007087708
Taylor_Hollow,0714,571,532,37.84191224794321,-79.20588647021836,0.8152816295623779
Taylor_Hollow,0714,539,508,37.85054446512272,-79.21408644418138,0.9567275047302246
Taylor_Hollow,0714,543,497,37.84946543797528,-79.21784476558109,0.8710649013519287
Taylor_Hollow,0714,522,530,37.85513033049933,-79.20656980138195,0.7600547671318054
Taylor_Hollow,0714,508,497,37.85890692551536,-79.21784476558109,0.8956469893455505
Taylor_Hollow,0714,536,461,37.8513537354833,-79.23014472652561,0.79328852891922
Taylor_Hollow,0714,536,520,37.8513537354833,-79.20998645719988,0.8918437957763672
Taylor_Hollow,0714,564,498,37.84380054545123,-79.21750309999929,0.7179271578788757
Taylor_Hollow,0714,537,473,37.85108397869644,-79.22604473954411,0.7381855249404907
Taylor_Hollow,0714,564,525,37.84380054545123,-79.20827812929092,0.5576236844062805
Taylor_Hollow,0714,516,521,37.85674887122049,-79.20964479161808,0.9760305881500244
Taylor_Hollow,0714,519,524,37.855939600859905,-79.2086197948727,0.9661897420883179
Taylor_Hollow,0714,534,508,37.851893249057014,-79.21408644418138,0.9469168782234192
Taylor_Hollow,0714,545,519,37.84892592440156,-79.21032812278166,0.8538874983787537
Taylor_Hollow,0714,495,502,37.862413763744534,-79.21613643767213,0.6109366416931152
Taylor_Hollow,0714,527,516,37.85378154656503,-79.21135311952705,0.9726207852363586
Taylor_Hollow,0714,552,478,37.847037626893545,-79.22433641163514,0.8709960579872131
Taylor_Hollow,0714,543,470,37.84946543797528,-79.22706973628948,0.870059072971344
Taylor_Hollow,0714,505,532,37.85971619587594,-79.20588647021836,0.6383230686187744
Taylor_Hollow,0714,498,519,37.86160449338396,-79.21032812278166,0.8233809471130371
Taylor_Hollow,0714,557,495,37.84568884295925,-79.21852809674468,0.8394860625267029
Taylor_Hollow,0714,523,499,37.85486057371247,-79.2171614344175,0.9094753861427307
Taylor_Hollow,0714,533,449,37.85216300584388,-79.23424471350711,0.8989974856376648
Taylor_Hollow,0714,542,515,37.84973519476214,-79.21169478510883,0.9020088911056519
Taylor_Hollow,0714,552,466,37.847037626893545,-79.22843639861665,0.8896353244781494
Taylor_Hollow,0714,555,485,37.84622835653297,-79.22194475256259,0.8796225190162659
Taylor_Hollow,0714,538,454,37.85081422190958,-79.23253638559815,0.8741384148597717
Taylor_Hollow,0714,520,527,37.85566984407305,-79.20759479812733,0.9279208779335022
Taylor_Hollow,0714,548,498,37.848116654040986,-79.21750309999929,0.8811436295509338
Taylor_Hollow,0714,529,508,37.85324203299131,-79.21408644418138,0.9552320837974548
Taylor_Hollow,0714,533,509,37.85216300584388,-79.21374477859959,0.9523354172706604
Taylor_Hollow,0714,500,505,37.86106497981024,-79.21511144092675,0.8470080494880676
Taylor_Hollow,0714,563,534,37.844070302238094,-79.20520313905479,0.5009814500808716
Taylor_Hollow,0714,551,470,37.8473073836804,-79.22706973628948,0.8930655121803284
Taylor_Hollow,0714,526,499,37.854051303351895,-79.2171614344175,0.8522551655769348
Taylor_Hollow,0714,545,464,37.84892592440156,-79.22911972978024,0.9096957445144653
Taylor_Hollow,0714,559,497,37.84514932938553,-79.21784476558109,0.8604440093040466
Taylor_Hollow,0714,554,495,37.846498113319825,-79.21852809674468,0.8505694270133972
Taylor_Hollow,0714,540,469,37.85027470833586,-79.22741140187127,0.8650505542755127
Taylor_Hollow,0714,535,500,37.85162349227016,-79.21681976883572,0.8767438530921936
Taylor_Hollow,0714,527,447,37.85378154656503,-79.2349280446707,0.7212803959846497
Taylor_Hollow,0714,508,492,37.85890692551536,-79.21955309349005,0.6887565851211548
Taylor_Hollow,0714,513,531,37.857558141581066,-79.20622813580016,0.8256707787513733
Taylor_Hollow,0714,570,522,37.84218200473008,-79.20930312603629,0.6360738277435303
Taylor_Hollow,0714,546,529,37.848656167614706,-79.20691146696375,0.509596049785614
Taylor_Hollow,0714,554,485,37.846498113319825,-79.22194475256259,0.8608207106590271
Taylor_Hollow,0714,546,475,37.848656167614706,-79.22536140838052,0.8852941393852234
Taylor_Hollow,0714,546,495,37.848656167614706,-79.21852809674468,0.8582748174667358
Taylor_Hollow,0714,529,514,37.85324203299131,-79.21203645069062,0.9694117307662964
Taylor_Hollow,0714,536,506,37.8513537354833,-79.21476977534496,0.9650779962539673
Taylor_Hollow,0714,567,525,37.842991275090654,-79.20827812929092,0.6113866567611694
Taylor_Hollow,0714,503,530,37.86025570944966,-79.20656980138195,0.7940031886100769
Taylor_Hollow,0714,553,484,37.84676787010669,-79.22228641814439,0.8450027108192444
Taylor_Hollow,0714,550,484,37.847577140467266,-79.22228641814439,0.8531045317649841
Taylor_Hollow,0714,565,483,37.843530788664374,-79.22262808372618,0.5978775024414062
Taylor_Hollow,0714,547,468,37.84838641082784,-79.22775306745307,0.8996188044548035
Taylor_Hollow,0714,537,450,37.85108397869644,-79.23390304792532,0.8858683705329895
Taylor_Hollow,0714,508,530,37.85890692551536,-79.20656980138195,0.8648914694786072
Taylor_Hollow,0714,540,485,37.85027470833586,-79.22194475256259,0.647835373878479
Taylor_Hollow,0714,539,516,37.85054446512272,-79.21135311952705,0.8995606899261475
Taylor_Hollow,0714,540,467,37.85027470833586,-79.22809473303485,0.8168972730636597
Taylor_Hollow,0714,543,454,37.84946543797528,-79.23253638559815,0.9273654222488403
Taylor_Hollow,0714,560,469,37.84487957259867,-79.22741140187127,0.6992767453193665
Taylor_Hollow,0714,562,500,37.84434005902495,-79.21681976883572,0.83185875415802
Taylor_Hollow,0714,545,510,37.84892592440156,-79.21340311301779,0.9166350364685059
Taylor_Hollow,0714,564,484,37.84380054545123,-79.22228641814439,0.5796657800674438
Taylor_Hollow,0714,551,503,37.8473073836804,-79.21579477209033,0.8900551199913025
Taylor_Hollow,0714,561,505,37.84460981581181,-79.21511144092675,0.8150963187217712
Taylor_Hollow,0714,551,474,37.8473073836804,-79.22570307396231,0.8926652073860168
Taylor_Hollow,0714,551,486,37.8473073836804,-79.2216030869808,0.8651336431503296
Taylor_Hollow,0714,520,520,37.85566984407305,-79.20998645719988,0.9822045564651489
Taylor_Hollow,0714,556,465,37.845958599746105,-79.22877806419844,0.8782130479812622
Taylor_Hollow,0714,525,447,37.85432106013875,-79.2349280446707,0.607661247253418
Taylor_Hollow,0714,549,470,37.84784689725412,-79.22706973628948,0.920464813709259
Taylor_Hollow,0714,546,501,37.848656167614706,-79.21647810325392,0.8976431488990784
Taylor_Hollow,0714,511,532,37.858097655154786,-79.20588647021836,0.7076072692871094
Taylor_Hollow,0714,564,509,37.84380054545123,-79.21374477859959,0.7205933928489685
Taylor_Hollow,0714,563,524,37.844070302238094,-79.2086197948727,0.5892593264579773
Taylor_Hollow,0714,499,521,37.8613347365971,-79.20964479161808,0.8206973075866699
Taylor_Hollow,0714,539,522,37.85054446512272,-79.20930312603629,0.721403181552887
Taylor_Hollow,0714,557,465,37.84568884295925,-79.22877806419844,0.8598676323890686
Taylor_Hollow,0714,503,495,37.86025570944966,-79.21852809674468,0.6131726503372192
Taylor_Hollow,0714,533,468,37.85216300584388,-79.22775306745307,0.5082367658615112
Taylor_Hollow,0714,543,505,37.84946543797528,-79.21511144092675,0.9429294466972351
Taylor_Hollow,0714,526,522,37.854051303351895,-79.20930312603629,0.9601060152053833
Taylor_Hollow,0714,555,507,37.84622835653297,-79.21442810976316,0.6826319098472595
Taylor_Hollow,0714,535,452,37.85162349227016,-79.23321971676174,0.875460684299469
Taylor_Hollow,0714,537,513,37.85108397869644,-79.21237811627242,0.9675278663635254
Taylor_Hollow,0714,549,513,37.84784689725412,-79.21237811627242,0.8731923699378967
Taylor_Hollow,0714,559,506,37.84514932938553,-79.21476977534496,0.7876013517379761
Taylor_Hollow,0714,571,528,37.84191224794321,-79.20725313254553,0.7771057486534119
Taylor_Hollow,0714,567,539,37.842991275090654,-79.20349481114582,0.6182851791381836
Taylor_Hollow,0714,524,516,37.85459081692561,-79.21135311952705,0.9870233535766602
Taylor_Hollow,0714,495,504,37.862413763744534,-79.21545310650855,0.6142469644546509
Taylor_Hollow,0714,530,496,37.852972276204454,-79.21818643116288,0.7102900147438049
Taylor_Hollow,0714,551,521,37.8473073836804,-79.20964479161808,0.7584626078605652
Taylor_Hollow,0714,500,506,37.86106497981024,-79.21476977534496,0.843338131904602
Taylor_Hollow,0714,547,456,37.84838641082784,-79.23185305443457,0.931084930896759
Taylor_Hollow,0714,534,530,37.851893249057014,-79.20656980138195,0.511900007724762
Taylor_Hollow,0714,568,533,37.8427215183038,-79.20554480463657,0.7432187795639038
Taylor_Hollow,0714,532,493,37.852432762630734,-79.21921142790826,0.5419521331787109
Taylor_Hollow,0714,507,526,37.85917668230222,-79.20793646370912,0.9445297718048096
Taylor_Hollow,0714,564,521,37.84380054545123,-79.20964479161808,0.6157436370849609
Taylor_Hollow,0714,527,495,37.85378154656503,-79.21852809674468,0.761925458908081
Taylor_Hollow,0714,526,515,37.854051303351895,-79.21169478510883,0.9862899780273438
Taylor_Hollow,0714,553,471,37.84676787010669,-79.22672807070768,0.8608799576759338
Taylor_Hollow,0714,522,502,37.85513033049933,-79.21613643767213,0.9660008549690247
Taylor_Hollow,0714,525,523,37.85432106013875,-79.20896146045449,0.957131028175354
Taylor_Hollow,0714,547,475,37.84838641082784,-79.22536140838052,0.8964506983757019
Taylor_Hollow,0714,562,491,37.84434005902495,-79.21989475907185,0.6333004832267761
Taylor_Hollow,0714,532,494,37.852432762630734,-79.21886976232646,0.5208081007003784
Taylor_Hollow,0714,564,504,37.84380054545123,-79.21545310650855,0.763039767742157
Taylor_Hollow,0714,498,524,37.86160449338396,-79.2086197948727,0.7508065700531006
Taylor_Hollow,0714,527,505,37.85378154656503,-79.21511144092675,0.9687621593475342
Taylor_Hollow,0714,523,493,37.85486057371247,-79.21921142790826,0.7577944993972778
Taylor_Hollow,0714,560,471,37.84487957259867,-79.22672807070768,0.7067379951477051
Taylor_Hollow,0714,503,532,37.86025570944966,-79.20588647021836,0.5489221811294556
Taylor_Hollow,0714,524,501,37.85459081692561,-79.21647810325392,0.936552107334137
Taylor_Hollow,0714,535,462,37.85162349227016,-79.22980306094381,0.7553859353065491
Taylor_Hollow,0714,566,537,37.84326103187751,-79.2041781423094,0.5472635626792908
Taylor_Hollow,0714,562,488,37.84434005902495,-79.22091975581722,0.5124042630195618
Taylor_Hollow,0714,503,529,37.86025570944966,-79.20691146696375,0.836950957775116
Taylor_Hollow,0714,541,528,37.850004951549,-79.20725313254553,0.5106896162033081
Taylor_Hollow,0714,540,459,37.85027470833586,-79.2308280576892,0.8187928795814514
Taylor_Hollow,0714,563,481,37.844070302238094,-79.22331141488976,0.5789031982421875
Taylor_Hollow,0714,541,494,37.850004951549,-79.21886976232646,0.7051593661308289
Taylor_Hollow,0714,535,493,37.85162349227016,-79.21921142790826,0.5825930833816528
Taylor_Hollow,0714,516,527,37.85674887122049,-79.20759479812733,0.9582229256629944
Taylor_Hollow,0714,532,511,37.852432762630734,-79.213061447436,0.9613627791404724
Taylor_Hollow,0714,553,461,37.84676787010669,-79.23014472652561,0.8600918650627136
Taylor_Hollow,0714,571,522,37.84191224794321,-79.20930312603629,0.7002758383750916
Taylor_Hollow,0714,548,511,37.848116654040986,-79.213061447436,0.8977644443511963
Taylor_Hollow,0714,503,505,37.86025570944966,-79.21511144092675,0.8689652681350708
Taylor_Hollow,0714,534,518,37.851893249057014,-79.21066978836346,0.9166144728660583
Taylor_Hollow,0714,508,500,37.85890692551536,-79.21681976883572,0.8910212516784668
Taylor_Hollow,0714,557,480,37.84568884295925,-79.22365308047155,0.8443179130554199
Taylor_Hollow,0714,567,540,37.842991275090654,-79.20315314556403,0.5473589301109314
Taylor_Hollow,0714,572,528,37.84164249115636,-79.20725313254553,0.7178561687469482
Taylor_Hollow,0714,526,507,37.854051303351895,-79.21442810976316,0.9764289855957031
Taylor_Hollow,0714,537,458,37.85108397869644,-79.23116972327098,0.8134905099868774
Taylor_Hollow,0714,529,525,37.85324203299131,-79.20827812929092,0.8712093830108643
Taylor_Hollow,0714,544,472,37.84919568118842,-79.2263864051259,0.8849836587905884
Taylor_Hollow,0714,548,474,37.848116654040986,-79.22570307396231,0.9055287837982178
Taylor_Hollow,0714,564,538,37.84380054545123,-79.20383647672762,0.5024488568305969
Taylor_Hollow,0714,565,504,37.843530788664374,-79.21545310650855,0.5791943073272705
Taylor_Hollow,0714,540,455,37.85027470833586,-79.23219472001637,0.8922088146209717
Taylor_Hollow,0714,547,472,37.84838641082784,-79.2263864051259,0.9031291604042053
Taylor_Hollow,0714,494,511,37.8626835205314,-79.213061447436,0.5904481410980225
Taylor_Hollow,0714,545,499,37.84892592440156,-79.2171614344175,0.8696402907371521
Taylor_Hollow,0714,544,521,37.84919568118842,-79.20964479161808,0.8317786455154419
Taylor_Hollow,0714,556,502,37.845958599746105,-79.21613643767213,0.8300383687019348
Taylor_Hollow,0714,547,454,37.84838641082784,-79.23253638559815,0.9364813566207886
Taylor_Hollow,0714,514,527,37.8572883847942,-79.20759479812733,0.9738700985908508
Taylor_Hollow,0714,538,505,37.85081422190958,-79.21511144092675,0.9498222470283508
Taylor_Hollow,0714,509,498,37.85863716872851,-79.21750309999929,0.9083812236785889
Taylor_Hollow,0714,534,467,37.851893249057014,-79.22809473303485,0.629779040813446
Taylor_Hollow,0714,534,470,37.851893249057014,-79.22706973628948,0.7215049266815186
Taylor_Hollow,0714,562,512,37.84434005902495,-79.2127197818542,0.7848654389381409
Taylor_Hollow,0714,549,488,37.84784689725412,-79.22091975581722,0.8652881383895874
Taylor_Hollow,0714,558,495,37.84541908617239,-79.21852809674468,0.8330292105674744
Taylor_Hollow,0714,500,497,37.86106497981024,-79.21784476558109,0.5780832171440125
Taylor_Hollow,0714,536,475,37.8513537354833,-79.22536140838052,0.552549421787262
Taylor_Hollow,0714,534,522,37.851893249057014,-79.20930312603629,0.8928105235099792
Taylor_Hollow,0714,543,504,37.84946543797528,-79.21545310650855,0.9322742819786072
Taylor_Hollow,0714,503,494,37.86025570944966,-79.21886976232646,0.5694378018379211
Taylor_Hollow,0714,555,488,37.84622835653297,-79.22091975581722,0.883289635181427
Taylor_Hollow,0714,544,496,37.84919568118842,-79.21818643116288,0.8466962575912476
Taylor_Hollow,0714,497,515,37.861874250170814,-79.21169478510883,0.6872173547744751
Taylor_Hollow,0714,550,512,37.847577140467266,-79.2127197818542,0.8651712536811829
Taylor_Hollow,0714,544,467,37.84919568118842,-79.22809473303485,0.8928456902503967
Taylor_Hollow,0714,550,480,37.847577140467266,-79.22365308047155,0.8767058253288269
Taylor_Hollow,0714,525,495,37.85432106013875,-79.21852809674468,0.8000038862228394
Taylor_Hollow,0714,547,486,37.84838641082784,-79.2216030869808,0.8497475981712341
Taylor_Hollow,0714,533,515,37.85216300584388,-79.21169478510883,0.9468538165092468
Taylor_Hollow,0714,539,497,37.85054446512272,-79.21784476558109,0.780069887638092
Taylor_Hollow,0714,550,513,37.847577140467266,-79.21237811627242,0.8437787294387817
Taylor_Hollow,0714,564,478,37.84380054545123,-79.22433641163514,0.6314552426338196
Taylor_Hollow,0714,540,517,37.85027470833586,-79.21101145394525,0.8886997699737549
Taylor_Hollow,0714,533,520,37.85216300584388,-79.20998645719988,0.9069170355796814
Taylor_Hollow,0714,546,468,37.848656167614706,-79.22775306745307,0.8937429785728455
Taylor_Hollow,0714,525,508,37.85432106013875,-79.21408644418138,0.9861523509025574
Taylor_Hollow,0714,548,460,37.848116654040986,-79.2304863921074,0.909540057182312
Taylor_Hollow,0714,504,522,37.859985952662804,-79.20930312603629,0.8844765424728394
Taylor_Hollow,0714,534,499,37.851893249057014,-79.2171614344175,0.8018923997879028
Taylor_Hollow,0714,559,471,37.84514932938553,-79.22672807070768,0.7008181214332581
Taylor_Hollow,0714,544,466,37.84919568118842,-79.22843639861665,0.8953761458396912
Taylor_Hollow,0714,531,494,37.8527025194176,-79.21886976232646,0.6152026057243347
Taylor_Hollow,0714,571,524,37.84191224794321,-79.2086197948727,0.7544704675674438
Taylor_Hollow,0714,532,462,37.852432762630734,-79.22980306094381,0.6427373290061951
Taylor_Hollow,0714,544,488,37.84919568118842,-79.22091975581722,0.817466139793396
Taylor_Hollow,0714,563,531,37.844070302238094,-79.20622813580016,0.5268983244895935
Taylor_Hollow,0714,558,487,37.84541908617239,-79.221261421399,0.8199585676193237
Taylor_Hollow,0714,552,497,37.847037626893545,-79.21784476558109,0.8543069958686829
Taylor_Hollow,0714,539,472,37.85054446512272,-79.2263864051259,0.8371292948722839
Taylor_Hollow,0714,539,482,37.85054446512272,-79.22296974930798,0.5426188111305237
Taylor_Hollow,0714,530,450,37.852972276204454,-79.23390304792532,0.8287186026573181
Taylor_Hollow,0714,540,526,37.85027470833586,-79.20793646370912,0.6318456530570984
Taylor_Hollow,0714,549,495,37.84784689725412,-79.21852809674468,0.8571730256080627
Taylor_Hollow,0714,534,497,37.851893249057014,-79.21784476558109,0.7164681553840637
Taylor_Hollow,0714,524,494,37.85459081692561,-79.21886976232646,0.7351019382476807
Taylor_Hollow,0714,551,460,37.8473073836804,-79.2304863921074,0.9066035151481628
Taylor_Hollow,0714,547,519,37.84838641082784,-79.21032812278166,0.8614259958267212
Taylor_Hollow,0714,547,502,37.84838641082784,-79.21613643767213,0.9108595848083496
Taylor_Hollow,0714,540,487,37.85027470833586,-79.221261421399,0.6123682260513306
Taylor_Hollow,0714,536,523,37.8513537354833,-79.20896146045449,0.8121700286865234
Taylor_Hollow,0714,559,478,37.84514932938553,-79.22433641163514,0.6831235885620117
Taylor_Hollow,0714,529,496,37.85324203299131,-79.21818643116288,0.704120397567749
Taylor_Hollow,0714,552,483,37.847037626893545,-79.22262808372618,0.8667826056480408
Taylor_Hollow,0714,531,521,37.8527025194176,-79.20964479161808,0.93074631690979
Taylor_Hollow,0714,541,514,37.850004951549,-79.21203645069062,0.903696596622467
Taylor_Hollow,0714,526,456,37.854051303351895,-79.23185305443457,0.547997236251831
Taylor_Hollow,0714,541,490,37.850004951549,-79.22023642465363,0.6736263632774353
Taylor_Hollow,0714,499,520,37.8613347365971,-79.20998645719988,0.8238981366157532
Taylor_Hollow,0714,524,519,37.85459081692561,-79.21032812278166,0.9736407995223999
Taylor_Hollow,0714,553,497,37.84676787010669,-79.21784476558109,0.8054942488670349
Taylor_Hollow,0714,564,480,37.84380054545123,-79.22365308047155,0.6211290955543518
Taylor_Hollow,0714,561,514,37.84460981581181,-79.21203645069062,0.5756856203079224
Taylor_Hollow,0714,527,453,37.85378154656503,-79.23287805117994,0.6102799773216248
Taylor_Hollow,0714,542,514,37.84973519476214,-79.21203645069062,0.8942710757255554
Taylor_Hollow,0714,544,476,37.84919568118842,-79.22501974279872,0.8709481358528137
Taylor_Hollow,0714,521,493,37.85540008728619,-79.21921142790826,0.7598801851272583
Taylor_Hollow,0714,526,527,37.854051303351895,-79.20759479812733,0.8578916788101196
Taylor_Hollow,0714,571,526,37.84191224794321,-79.20793646370912,0.7539401054382324
Taylor_Hollow,0714,521,496,37.85540008728619,-79.21818643116288,0.8761069774627686
Taylor_Hollow,0714,547,518,37.84838641082784,-79.21066978836346,0.8644619584083557
Taylor_Hollow,0714,561,511,37.84460981581181,-79.213061447436,0.7415984272956848
Taylor_Hollow,0714,517,519,37.856479114433625,-79.21032812278166,0.979977548122406
Taylor_Hollow,0714,571,521,37.84191224794321,-79.20964479161808,0.694606602191925
Taylor_Hollow,0714,511,492,37.858097655154786,-79.21955309349005,0.7268404960632324
Taylor_Hollow,0714,545,508,37.84892592440156,-79.21408644418138,0.9240465760231018
Taylor_Hollow,0714,504,499,37.859985952662804,-79.2171614344175,0.8454463481903076
Taylor_Hollow,0714,539,455,37.85054446512272,-79.23219472001637,0.8672739267349243
Taylor_Hollow,0714,558,475,37.84541908617239,-79.22536140838052,0.7020800113677979
Taylor_Hollow,0714,541,510,37.850004951549,-79.21340311301779,0.9348530769348145
Taylor_Hollow,0714,532,518,37.852432762630734,-79.21066978836346,0.9397189021110535
Taylor_Hollow,0714,536,470,37.8513537354833,-79.22706973628948,0.7607170343399048
Taylor_Hollow,0714,547,511,37.84838641082784,-79.213061447436,0.9236024618148804
Taylor_Hollow,0714,569,534,37.842451761516934,-79.20520313905479,0.7344065308570862
Taylor_Hollow,0714,500,526,37.86106497981024,-79.20793646370912,0.7939461469650269
Taylor_Hollow,0714,544,461,37.84919568118842,-79.23014472652561,0.8852660655975342
Taylor_Hollow,0714,553,491,37.84676787010669,-79.21989475907185,0.8569480180740356
Taylor_Hollow,0714,517,523,37.856479114433625,-79.20896146045449,0.9763803482055664
Taylor_Hollow,0714,542,477,37.84973519476214,-79.22467807721694,0.8474295735359192
Taylor_Hollow,0714,555,464,37.84622835653297,-79.22911972978024,0.8227508068084717
Taylor_Hollow,0714,551,505,37.8473073836804,-79.21511144092675,0.896503746509552
Taylor_Hollow,0714,541,517,37.850004951549,-79.21101145394525,0.8916532397270203
Taylor_Hollow,0714,570,524,37.84218200473008,-79.2086197948727,0.7128310799598694
Taylor_Hollow,0714,496,506,37.86214400695768,-79.21476977534496,0.6061595678329468
Taylor_Hollow,0714,541,477,37.850004951549,-79.22467807721694,0.8437777757644653
Taylor_Hollow,0714,543,452,37.84946543797528,-79.23321971676174,0.9356613755226135
Taylor_Hollow,0714,551,518,37.8473073836804,-79.21066978836346,0.7479217052459717
Taylor_Hollow,0714,523,507,37.85486057371247,-79.21442810976316,0.9779424071311951
Taylor_Hollow,0714,542,527,37.84973519476214,-79.20759479812733,0.5282158255577087
Taylor_Hollow,0714,548,490,37.848116654040986,-79.22023642465363,0.8505425453186035
Taylor_Hollow,0714,548,483,37.848116654040986,-79.22262808372618,0.8808690309524536
Taylor_Hollow,0714,550,481,37.847577140467266,-79.22331141488976,0.8817929625511169
Taylor_Hollow,0714,545,488,37.84892592440156,-79.22091975581722,0.8368203639984131
Taylor_Hollow,0714,520,526,37.85566984407305,-79.20793646370912,0.9453908801078796
Taylor_Hollow,0714,552,470,37.847037626893545,-79.22706973628948,0.868317723274231
Taylor_Hollow,0714,535,505,37.85162349227016,-79.21511144092675,0.9574123620986938
Taylor_Hollow,0714,543,465,37.84946543797528,-79.22877806419844,0.8942739963531494
Taylor_Hollow,0714,535,458,37.85162349227016,-79.23116972327098,0.796727180480957
Taylor_Hollow,0714,534,501,37.851893249057014,-79.21647810325392,0.8843927979469299
Taylor_Hollow,0714,529,452,37.85324203299131,-79.23321971676174,0.7450950741767883
Taylor_Hollow,0714,507,532,37.85917668230222,-79.20588647021836,0.584502637386322
Taylor_Hollow,0714,536,452,37.8513537354833,-79.23321971676174,0.8687349557876587
Taylor_Hollow,0714,527,520,37.85378154656503,-79.20998645719988,0.9607194066047668
Taylor_Hollow,0714,521,529,37.85540008728619,-79.20691146696375,0.9190395474433899
Taylor_Hollow,0714,532,507,37.852432762630734,-79.21442810976316,0.9493871927261353
Taylor_Hollow,0714,538,452,37.85081422190958,-79.23321971676174,0.8833009004592896
Taylor_Hollow,0714,549,485,37.84784689725412,-79.22194475256259,0.8725565671920776
Taylor_Hollow,0714,545,496,37.84892592440156,-79.21818643116288,0.8504362106323242
Taylor_Hollow,0714,552,521,37.847037626893545,-79.20964479161808,0.5688322186470032
Taylor_Hollow,0714,506,498,37.85944643908908,-79.21750309999929,0.8975904583930969
Taylor_Hollow,0714,533,502,37.85216300584388,-79.21613643767213,0.8956040143966675
Taylor_Hollow,0714,535,506,37.85162349227016,-79.21476977534496,0.9650923609733582
Taylor_Hollow,0714,557,485,37.84568884295925,-79.22194475256259,0.8885786533355713
Taylor_Hollow,0714,542,519,37.84973519476214,-79.21032812278166,0.8475981950759888
Taylor_Hollow,0714,542,503,37.84973519476214,-79.21579477209033,0.9338719844818115
Taylor_Hollow,0714,525,446,37.85432106013875,-79.2352697102525,0.5432174205780029
Taylor_Hollow,0714,509,531,37.85863716872851,-79.20622813580016,0.812481164932251
Taylor_Hollow,0714,546,470,37.848656167614706,-79.22706973628948,0.9029708504676819
Taylor_Hollow,0714,545,491,37.84892592440156,-79.21989475907185,0.8284379839897156
Taylor_Hollow,0714,537,526,37.85108397869644,-79.20793646370912,0.6222519278526306
Taylor_Hollow,0714,546,476,37.848656167614706,-79.22501974279872,0.8713555932044983
Taylor_Hollow,0714,540,518,37.85027470833586,-79.21066978836346,0.8707833290100098
Taylor_Hollow,0714,498,515,37.86160449338396,-79.21169478510883,0.8308960199356079
Taylor_Hollow,0714,524,526,37.85459081692561,-79.20793646370912,0.934705376625061
Taylor_Hollow,0714,523,500,37.85486057371247,-79.21681976883572,0.9253805875778198
Taylor_Hollow,0714,518,524,37.85620935764677,-79.2086197948727,0.9732609391212463
Taylor_Hollow,0714,542,469,37.84973519476214,-79.22741140187127,0.8626184463500977
Taylor_Hollow,0714,533,500,37.85216300584388,-79.21681976883572,0.8790377974510193
Taylor_Hollow,0714,527,493,37.85378154656503,-79.21921142790826,0.6778022050857544
Taylor_Hollow,0714,556,479,37.845958599746105,-79.22399474605335,0.8647998571395874
Taylor_Hollow,0714,506,500,37.85944643908908,-79.21681976883572,0.8855375647544861
Taylor_Hollow,0714,540,500,37.85027470833586,-79.21681976883572,0.857912003993988
Taylor_Hollow,0714,546,525,37.848656167614706,-79.20827812929092,0.7125584483146667
Taylor_Hollow,0714,549,499,37.84784689725412,-79.2171614344175,0.8769103288650513
Taylor_Hollow,0714,551,525,37.8473073836804,-79.20827812929092,0.5720910429954529
Taylor_Hollow,0714,544,527,37.84919568118842,-79.20759479812733,0.5859009623527527
Taylor_Hollow,0714,531,502,37.8527025194176,-79.21613643767213,0.9341291785240173
Taylor_Hollow,0714,547,508,37.84838641082784,-79.21408644418138,0.9169582724571228
Taylor_Hollow,0714,571,530,37.84191224794321,-79.20656980138195,0.8019025325775146
Taylor_Hollow,0714,494,504,37.8626835205314,-79.21545310650855,0.57940274477005
Taylor_Hollow,0714,535,460,37.85162349227016,-79.2304863921074,0.7782758474349976
Taylor_Hollow,0714,562,478,37.84434005902495,-79.22433641163514,0.6371535062789917
Taylor_Hollow,0714,549,484,37.84784689725412,-79.22228641814439,0.8652949929237366
Taylor_Hollow,0714,566,534,37.84326103187751,-79.20520313905479,0.5934910774230957
Taylor_Hollow,0714,540,468,37.85027470833586,-79.22775306745307,0.8370579481124878
Taylor_Hollow,0714,536,502,37.8513537354833,-79.21613643767213,0.9014896750450134
Taylor_Hollow,0714,550,466,37.847577140467266,-79.22843639861665,0.9215389490127563
Taylor_Hollow,0714,535,468,37.85162349227016,-79.22775306745307,0.6958488821983337
Taylor_Hollow,0714,564,512,37.84380054545123,-79.2127197818542,0.7036316394805908
Taylor_Hollow,0714,550,463,37.847577140467266,-79.22946139536202,0.9410800337791443
Taylor_Hollow,0714,539,501,37.85054446512272,-79.21647810325392,0.9197975397109985
Taylor_Hollow,0714,536,527,37.8513537354833,-79.20759479812733,0.5737513899803162
Taylor_Hollow,0714,523,529,37.85486057371247,-79.20691146696375,0.7755040526390076
Taylor_Hollow,0714,535,465,37.85162349227016,-79.22877806419844,0.7689964771270752
Taylor_Hollow,0714,509,530,37.85863716872851,-79.20656980138195,0.8790255188941956
Taylor_Hollow,0714,547,483,37.84838641082784,-79.22262808372618,0.8608386516571045
Taylor_Hollow,0714,523,516,37.85486057371247,-79.21135311952705,0.9885255098342896
Taylor_Hollow,0714,534,458,37.851893249057014,-79.23116972327098,0.8072142004966736
Taylor_Hollow,0714,535,511,37.85162349227016,-79.213061447436,0.9449094533920288
Taylor_Hollow,0714,545,486,37.84892592440156,-79.2216030869808,0.8412208557128906
Taylor_Hollow,0714,519,528,37.855939600859905,-79.20725313254553,0.9146403074264526
Taylor_Hollow,0714,531,450,37.8527025194176,-79.23390304792532,0.8436859846115112
Taylor_Hollow,0714,528,508,37.853511789778175,-79.21408644418138,0.9619242548942566
Taylor_Hollow,0714,543,524,37.84946543797528,-79.2086197948727,0.6472737193107605
Taylor_Hollow,0714,541,508,37.850004951549,-79.21408644418138,0.9451438784599304
Taylor_Hollow,0714,540,510,37.85027470833586,-79.21340311301779,0.9437683820724487
Taylor_Hollow,0714,534,454,37.851893249057014,-79.23253638559815,0.8645010590553284
Taylor_Hollow,0714,558,478,37.84541908617239,-79.22433641163514,0.8006926774978638
Taylor_Hollow,0714,523,525,37.85486057371247,-79.20827812929092,0.9409499764442444
Taylor_Hollow,0714,545,462,37.84892592440156,-79.22980306094381,0.9030280709266663
Taylor_Hollow,0714,537,493,37.85108397869644,-79.21921142790826,0.648059070110321
Taylor_Hollow,0714,501,499,37.86079522302338,-79.2171614344175,0.6372231841087341
Taylor_Hollow,0714,558,502,37.84541908617239,-79.21613643767213,0.8246774673461914
Taylor_Hollow,0714,548,493,37.848116654040986,-79.21921142790826,0.8417546153068542
Taylor_Hollow,0714,552,494,37.847037626893545,-79.21886976232646,0.8567407131195068
Taylor_Hollow,0714,560,487,37.84487957259867,-79.221261421399,0.6825712323188782
Taylor_Hollow,0714,543,519,37.84946543797528,-79.21032812278166,0.8456372618675232
Taylor_Hollow,0714,525,445,37.85432106013875,-79.23561137583428,0.5206043720245361
Taylor_Hollow,0714,544,458,37.84919568118842,-79.23116972327098,0.8879474997520447
Taylor_Hollow,0714,535,455,37.85162349227016,-79.23219472001637,0.8570352792739868
Taylor_Hollow,0714,536,525,37.8513537354833,-79.20827812929092,0.6662495732307434
Taylor_Hollow,0714,569,527,37.842451761516934,-79.20759479812733,0.6336845755577087
Taylor_Hollow,0714,564,482,37.84380054545123,-79.22296974930798,0.6507226824760437
Taylor_Hollow,0714,512,533,37.85782789836792,-79.20554480463657,0.5272565484046936
Taylor_Hollow,0714,523,522,37.85486057371247,-79.20930312603629,0.9677394032478333
Taylor_Hollow,0714,539,525,37.85054446512272,-79.20827812929092,0.6651816964149475
Taylor_Hollow,0714,499,508,37.8613347365971,-79.21408644418138,0.8315656185150146
Taylor_Hollow,0714,526,493,37.854051303351895,-79.21921142790826,0.6548177599906921
Taylor_Hollow,0714,541,491,37.850004951549,-79.21989475907185,0.6926625967025757
Taylor_Hollow,0714,527,507,37.85378154656503,-79.21442810976316,0.971910297870636
Taylor_Hollow,0714,540,494,37.85027470833586,-79.21886976232646,0.6437467932701111
Taylor_Hollow,0714,556,506,37.845958599746105,-79.21476977534496,0.7601741552352905
Taylor_Hollow,0714,551,471,37.8473073836804,-79.22672807070768,0.8994184732437134
Taylor_Hollow,0714,555,508,37.84622835653297,-79.21408644418138,0.5901731848716736
Taylor_Hollow,0714,532,530,37.852432762630734,-79.20656980138195,0.5441415309906006
Taylor_Hollow,0714,516,522,37.85674887122049,-79.20930312603629,0.9735379219055176
Taylor_Hollow,0714,568,529,37.8427215183038,-79.20691146696375,0.631276547908783
Taylor_Hollow,0714,559,495,37.84514932938553,-79.21852809674468,0.8077311515808105
Taylor_Hollow,0714,561,503,37.84460981581181,-79.21579477209033,0.803310751914978
Taylor_Hollow,0714,545,477,37.84892592440156,-79.22467807721694,0.8701851963996887
Taylor_Hollow,0714,515,493,37.857018628007346,-79.21921142790826,0.7838731408119202
Taylor_Hollow,0714,504,532,37.859985952662804,-79.20588647021836,0.6280235052108765
Taylor_Hollow,0714,502,522,37.86052546623652,-79.20930312603629,0.8715900778770447
Taylor_Hollow,0714,553,474,37.84676787010669,-79.22570307396231,0.86519855260849
Taylor_Hollow,0714,528,450,37.853511789778175,-79.23390304792532,0.7370113730430603
Taylor_Hollow,0714,502,526,37.86052546623652,-79.20793646370912,0.8603163957595825
Taylor_Hollow,0714,505,526,37.85971619587594,-79.20793646370912,0.9053908586502075
Taylor_Hollow,0714,545,516,37.84892592440156,-79.21135311952705,0.8725160360336304
Taylor_Hollow,0714,543,507,37.84946543797528,-79.21442810976316,0.9312232732772827
Taylor_Hollow,0714,534,516,37.851893249057014,-79.21135311952705,0.9376612901687622
Taylor_Hollow,0714,553,477,37.84676787010669,-79.22467807721694,0.8603566288948059
Taylor_Hollow,0714,539,509,37.85054446512272,-79.21374477859959,0.9623156785964966
Taylor_Hollow,0714,529,498,37.85324203299131,-79.21750309999929,0.8050920367240906
Taylor_Hollow,0714,512,530,37.85782789836792,-79.20656980138195,0.9182562232017517
Taylor_Hollow,0714,509,493,37.85863716872851,-79.21921142790826,0.8080040216445923
Taylor_Hollow,0714,539,475,37.85054446512272,-79.22536140838052,0.7629921436309814
Taylor_Hollow,0714,547,528,37.84838641082784,-79.20725313254553,0.5346781015396118
Taylor_Hollow,0714,527,518,37.85378154656503,-79.21066978836346,0.9644045233726501
Taylor_Hollow,0714,530,527,37.852972276204454,-79.20759479812733,0.8164217472076416
Taylor_Hollow,0714,533,496,37.85216300584388,-79.21818643116288,0.5664618611335754
Taylor_Hollow,0714,552,509,37.847037626893545,-79.21374477859959,0.6939557790756226
Taylor_Hollow,0714,519,497,37.855939600859905,-79.21784476558109,0.9131261110305786
Taylor_Hollow,0714,554,469,37.846498113319825,-79.22741140187127,0.8305400013923645
Taylor_Hollow,0714,530,521,37.852972276204454,-79.20964479161808,0.9311090707778931
Taylor_Hollow,0714,539,473,37.85054446512272,-79.22604473954411,0.8377501964569092
Taylor_Hollow,0714,538,477,37.85081422190958,-79.22467807721694,0.6237760782241821
Taylor_Hollow,0714,514,532,37.8572883847942,-79.20588647021836,0.5717672109603882
Taylor_Hollow,0714,564,481,37.84380054545123,-79.22331141488976,0.6742966175079346
Taylor_Hollow,0714,502,520,37.86052546623652,-79.20998645719988,0.8554275631904602
Taylor_Hollow,0714,561,498,37.84460981581181,-79.21750309999929,0.8458930253982544
Taylor_Hollow,0714,504,529,37.859985952662804,-79.20691146696375,0.8644620180130005
Taylor_Hollow,0714,538,455,37.85081422190958,-79.23219472001637,0.8699911236763
Taylor_Hollow,0714,564,492,37.84380054545123,-79.21955309349005,0.5335907936096191
Taylor_Hollow,0714,532,459,37.852432762630734,-79.2308280576892,0.7512957453727722
Taylor_Hollow,0714,550,493,37.847577140467266,-79.21921142790826,0.84941565990448
Taylor_Hollow,0714,514,523,37.8572883847942,-79.20896146045449,0.9720551371574402
Taylor_Hollow,0714,526,502,37.854051303351895,-79.21613643767213,0.9442364573478699
Taylor_Hollow,0714,546,482,37.848656167614706,-79.22296974930798,0.8521386981010437
Taylor_Hollow,0714,553,478,37.84676787010669,-79.22433641163514,0.8685604929924011
Taylor_Hollow,0714,531,524,37.8527025194176,-79.2086197948727,0.8723110556602478
Taylor_Hollow,0714,556,504,37.845958599746105,-79.21545310650855,0.806236207485199
Taylor_Hollow,0714,555,481,37.84622835653297,-79.22331141488976,0.8805727362632751
Taylor_Hollow,0714,562,477,37.84434005902495,-79.22467807721694,0.6128250956535339
Taylor_Hollow,0714,560,504,37.84487957259867,-79.21545310650855,0.8113999962806702
Taylor_Hollow,0714,523,496,37.85486057371247,-79.21818643116288,0.8665233254432678
Taylor_Hollow,0714,564,520,37.84380054545123,-79.20998645719988,0.6156690716743469
Taylor_Hollow,0714,550,479,37.847577140467266,-79.22399474605335,0.8794896006584167
Taylor_Hollow,0714,547,520,37.84838641082784,-79.20998645719988,0.8213136792182922
