burnName,date,y,x,lat,lon,predicted_prob
Turner,0720,555,535,48.79567719250061,-116.36514900170359,0.9879462718963623
Turner,0720,468,522,48.819146032957384,-116.37047375142203,0.5279275178909302
Turner,0720,459,512,48.82157384403912,-116.3745697127439,0.9605576992034912
Turner,0720,525,535,48.803769896106395,-116.36514900170359,0.989001452922821
Turner,0720,576,515,48.79001229997656,-116.37334092434735,0.5416884422302246
Turner,0720,506,535,48.80889527505673,-116.36514900170359,0.9831565022468567
Turner,0720,532,545,48.80188159859838,-116.3610530403817,0.8673357963562012
Turner,0720,567,534,48.7924401110583,-116.36555859783577,0.9990662932395935
Turner,0720,482,524,48.81536943794135,-116.36965455915765,0.9783511161804199
Turner,0720,499,535,48.810783572564745,-116.36514900170359,0.9478486180305481
Turner,0720,539,501,48.79999330109036,-116.37907527019797,0.7838504910469055
Turner,0720,532,535,48.80188159859838,-116.36514900170359,0.9910815954208374
Turner,0720,554,526,48.79594694928747,-116.36883536689328,0.9970945119857788
Turner,0720,537,540,48.80053281466408,-116.36310102104264,0.9526277780532837
Turner,0720,560,532,48.794328408566315,-116.36637779010015,0.9976595044136047
Turner,0720,527,524,48.803230382532675,-116.36965455915765,0.9969534277915955
Turner,0720,519,535,48.80538843682755,-116.36514900170359,0.9885683059692383
Turner,0720,494,531,48.81213235649904,-116.36678738623233,0.9747437238693237
Turner,0720,488,524,48.813750897220196,-116.36965455915765,0.9838795065879822
Turner,0720,521,540,48.804848923253836,-116.36310102104264,0.9716870188713074
Turner,0720,567,546,48.7924401110583,-116.36064344424952,0.7739095091819763
Turner,0720,587,542,48.78704497532111,-116.36228182877826,0.8047648668289185
Turner,0720,591,531,48.78596594817367,-116.36678738623233,0.9181364178657532
Turner,0720,580,537,48.78893327282913,-116.36432980943921,0.9897580146789551
Turner,0720,488,528,48.813750897220196,-116.3680161746289,0.9826769232749939
Turner,0720,595,532,48.784886921026235,-116.36637779010015,0.6887955069541931
Turner,0720,518,538,48.80565819361441,-116.36392021330703,0.9702507257461548
Turner,0720,528,531,48.80296062574582,-116.36678738623233,0.9914922118186951
Turner,0720,542,549,48.79918403072978,-116.35941465585296,0.9358413815498352
Turner,0720,558,549,48.794867922140035,-116.35941465585296,0.7943666577339172
Turner,0720,560,534,48.794328408566315,-116.36555859783577,0.9975181818008423
Turner,0720,543,528,48.79891427394293,-116.3680161746289,0.997402012348175
Turner,0720,531,551,48.80215135538524,-116.35859546358859,0.7431555986404419
Turner,0720,536,541,48.800802571450944,-116.36269142491045,0.9663899540901184
Turner,0720,457,514,48.82211335761284,-116.37375052047953,0.8898218274116516
Turner,0720,542,538,48.79918403072978,-116.36392021330703,0.9617371559143066
Turner,0720,543,548,48.79891427394293,-116.35982425198515,0.9394908547401428
Turner,0720,506,528,48.80889527505673,-116.3680161746289,0.9934110641479492
Turner,0720,573,539,48.790821570337144,-116.36351061717484,0.9904879331588745
Turner,0720,529,538,48.802690868958955,-116.36392021330703,0.9867017269134521
Turner,0720,537,528,48.80053281466408,-116.3680161746289,0.99689120054245
Turner,0720,474,527,48.81752749223623,-116.36842577076109,0.9283792972564697
Turner,0720,533,541,48.80161184181152,-116.36269142491045,0.9751833081245422
Turner,0720,450,507,48.82400165512085,-116.37661769340484,0.9330107569694519
Turner,0720,528,541,48.80296062574582,-116.36269142491045,0.9779963493347168
Turner,0720,532,542,48.80188159859838,-116.36228182877826,0.9721440076828003
Turner,0720,582,527,48.788393759255406,-116.36842577076109,0.992525577545166
Turner,0720,539,523,48.79999330109036,-116.37006415528984,0.9993259310722351
Turner,0720,592,518,48.78569619138681,-116.37211213595077,0.9907796382904053
Turner,0720,571,515,48.79136108391086,-116.37334092434735,0.9672914743423462
Turner,0720,489,524,48.81348114043334,-116.36965455915765,0.984962522983551
Turner,0720,545,523,48.79837476036921,-116.37006415528984,0.9995208978652954
Turner,0720,526,523,48.80350013931954,-116.37006415528984,0.9980804324150085
Turner,0720,539,532,48.79999330109036,-116.36637779010015,0.9951333403587341
Turner,0720,480,524,48.81590895151507,-116.36965455915765,0.9701760411262512
Turner,0720,509,539,48.80808600469615,-116.36351061717484,0.6975409984588623
Turner,0720,533,531,48.80161184181152,-116.36678738623233,0.9944897890090942
Turner,0720,536,527,48.800802571450944,-116.36842577076109,0.9970070123672485
Turner,0720,515,539,48.80646746397499,-116.36351061717484,0.9576393365859985
Turner,0720,530,544,48.8024211121721,-116.36146263651389,0.886445939540863
Turner,0720,554,532,48.79594694928747,-116.36637779010015,0.9898707866668701
Turner,0720,550,501,48.79702597643491,-116.37907527019797,0.9209684133529663
Turner,0720,532,532,48.80188159859838,-116.36637779010015,0.991497278213501
Turner,0720,469,522,48.81887627617053,-116.37047375142203,0.6090936660766602
Turner,0720,572,507,48.791091327124,-116.37661769340484,0.6023409366607666
Turner,0720,524,526,48.80403965289325,-116.36883536689328,0.9956350326538086
Turner,0720,497,527,48.81132308613846,-116.36842577076109,0.9904735684394836
Turner,0720,555,553,48.79567719250061,-116.3577762713242,0.5389189124107361
Turner,0720,555,541,48.79567719250061,-116.36269142491045,0.7731796503067017
Turner,0720,594,535,48.78515667781309,-116.36514900170359,0.5687023997306824
Turner,0720,582,532,48.788393759255406,-116.36637779010015,0.987790048122406
Turner,0720,566,542,48.792709867845154,-116.36228182877826,0.9830374717712402
Turner,0720,575,544,48.790282056763424,-116.36146263651389,0.9327373504638672
Turner,0720,500,538,48.81051381577788,-116.36392021330703,0.5587025880813599
Turner,0720,543,555,48.79891427394293,-116.35695707905982,0.8485299944877625
Turner,0720,475,523,48.81725773544937,-116.37006415528984,0.9148616790771484
Turner,0720,494,534,48.81213235649904,-116.36555859783577,0.9278204441070557
Turner,0720,559,549,48.79459816535317,-116.35941465585296,0.783868134021759
Turner,0720,541,548,48.79945378751665,-116.35982425198515,0.8902007341384888
Turner,0720,541,525,48.79945378751665,-116.36924496302547,0.9976738095283508
Turner,0720,501,528,48.810244058991024,-116.3680161746289,0.9916328191757202
Turner,0720,539,540,48.79999330109036,-116.36310102104264,0.9383086562156677
Turner,0720,547,528,48.797835246795486,-116.3680161746289,0.9975631237030029
Turner,0720,594,524,48.78515667781309,-116.36965455915765,0.984947144985199
Turner,0720,568,538,48.79217035427144,-116.36392021330703,0.9963433742523193
Turner,0720,551,529,48.796756219648046,-116.3676065784967,0.9959288835525513
Turner,0720,580,543,48.78893327282913,-116.36187223264608,0.870596706867218
Turner,0720,581,534,48.78866351604226,-116.36555859783577,0.9824962615966797
Turner,0720,556,551,48.79540743571375,-116.35859546358859,0.7626011967658997
Turner,0720,593,532,48.78542643459995,-116.36637779010015,0.9743041396141052
Turner,0720,485,533,48.81456016758077,-116.36596819396796,0.6206129193305969
Turner,0720,547,547,48.797835246795486,-116.36023384811733,0.940626859664917
Turner,0720,569,546,48.79190059748458,-116.36064344424952,0.8046769499778748
Turner,0720,534,553,48.80134208502466,-116.3577762713242,0.8219239711761475
Turner,0720,507,529,48.808625518269864,-116.3676065784967,0.993306040763855
Turner,0720,446,510,48.82508068226829,-116.37538890500828,0.7150833606719971
Turner,0720,596,517,48.78461716423937,-116.37252173208297,0.9224653244018555
Turner,0720,453,514,48.823192384760276,-116.37375052047953,0.5632919669151306
Turner,0720,561,536,48.79405865177945,-116.3647394055714,0.9969462752342224
Turner,0720,520,536,48.80511868004069,-116.3647394055714,0.9837867021560669
Turner,0720,567,538,48.7924401110583,-116.36392021330703,0.9961201548576355
Turner,0720,500,524,48.81051381577788,-116.36965455915765,0.9914299845695496
Turner,0720,556,532,48.79540743571375,-116.36637779010015,0.9934438467025757
Turner,0720,529,542,48.802690868958955,-116.36228182877826,0.9705492854118347
Turner,0720,593,524,48.78542643459995,-116.36965455915765,0.9859634637832642
Turner,0720,520,540,48.80511868004069,-116.36310102104264,0.9556633234024048
Turner,0720,550,543,48.79702597643491,-116.36187223264608,0.9033288955688477
Turner,0720,509,532,48.80808600469615,-116.36637779010015,0.9935838580131531
Turner,0720,550,527,48.79702597643491,-116.36842577076109,0.9978599548339844
Turner,0720,514,530,48.806737220761846,-116.36719698236452,0.9946724772453308
Turner,0720,562,527,48.793788894992595,-116.36842577076109,0.9991270899772644
Turner,0720,498,532,48.8110533293516,-116.36637779010015,0.9781714081764221
Turner,0720,469,517,48.81887627617053,-116.37252173208297,0.9635845422744751
Turner,0720,554,537,48.79594694928747,-116.36432980943921,0.9574035406112671
Turner,0720,563,550,48.79351913820574,-116.35900505972077,0.6756855249404907
Turner,0720,561,547,48.79405865177945,-116.36023384811733,0.7642446756362915
Turner,0720,457,515,48.82211335761284,-116.37334092434735,0.6563577055931091
Turner,0720,585,539,48.78758448889483,-116.36351061717484,0.9244242310523987
Turner,0720,593,536,48.78542643459995,-116.3647394055714,0.9112990498542786
Turner,0720,551,557,48.796756219648046,-116.35613788679545,0.5106862187385559
Turner,0720,514,543,48.806737220761846,-116.36187223264608,0.5037764310836792
Turner,0720,551,523,48.796756219648046,-116.37006415528984,0.9992360472679138
Turner,0720,594,530,48.78515667781309,-116.36719698236452,0.8446308374404907
Turner,0720,549,548,48.797295733221766,-116.35982425198515,0.9532992243766785
Turner,0720,529,547,48.802690868958955,-116.36023384811733,0.582576334476471
Turner,0720,555,530,48.79567719250061,-116.36719698236452,0.9951050281524658
Turner,0720,525,533,48.803769896106395,-116.36596819396796,0.989376425743103
Turner,0720,502,538,48.80997430220416,-116.36392021330703,0.552716851234436
Turner,0720,541,536,48.79945378751665,-116.3647394055714,0.9811378717422485
Turner,0720,580,522,48.78893327282913,-116.37047375142203,0.9782118797302246
Turner,0720,493,525,48.8124021132859,-116.36924496302547,0.9873698949813843
Turner,0720,595,533,48.784886921026235,-116.36596819396796,0.9364808201789856
Turner,0720,530,533,48.8024211121721,-116.36596819396796,0.991037905216217
Turner,0720,567,542,48.7924401110583,-116.36228182877826,0.9885764122009277
Turner,0720,467,512,48.81941578974425,-116.3745697127439,0.9823784232139587
Turner,0720,547,542,48.797835246795486,-116.36228182877826,0.8938758969306946
Turner,0720,583,518,48.78812400246854,-116.37211213595077,0.9132333397865295
Turner,0720,598,517,48.78407765066565,-116.37252173208297,0.5785394310951233
Turner,0720,541,545,48.79945378751665,-116.3610530403817,0.9396724104881287
Turner,0720,546,523,48.79810500358235,-116.37006415528984,0.9993374347686768
Turner,0720,564,546,48.793249381418875,-116.36064344424952,0.8428002595901489
Turner,0720,521,534,48.804848923253836,-116.36555859783577,0.9931354522705078
Turner,0720,479,523,48.81617870830193,-116.37006415528984,0.9674142003059387
Turner,0720,500,526,48.81051381577788,-116.36883536689328,0.9921088218688965
Turner,0720,484,527,48.814829924367636,-116.36842577076109,0.9786966443061829
Turner,0720,494,535,48.81213235649904,-116.36514900170359,0.874472975730896
Turner,0720,544,538,48.79864451715606,-116.36392021330703,0.9713920950889587
Turner,0720,465,514,48.81995530331796,-116.37375052047953,0.9740259647369385
Turner,0720,523,525,48.804309409680116,-116.36924496302547,0.9961392879486084
Turner,0720,500,531,48.81051381577788,-116.36678738623233,0.9880369305610657
Turner,0720,520,526,48.80511868004069,-116.36883536689328,0.9961072206497192
Turner,0720,587,527,48.78704497532111,-116.36842577076109,0.9891798496246338
Turner,0720,498,526,48.8110533293516,-116.36883536689328,0.9902880191802979
Turner,0720,593,530,48.78542643459995,-116.36719698236452,0.9310080409049988
Turner,0720,556,553,48.79540743571375,-116.3577762713242,0.5256251096725464
Turner,0720,550,503,48.79702597643491,-116.3782560779336,0.9961496591567993
Turner,0720,578,541,48.78947278640285,-116.36269142491045,0.95086270570755
Turner,0720,545,522,48.79837476036921,-116.37047375142203,0.999856173992157
Turner,0720,535,553,48.8010723282378,-116.3577762713242,0.8307614922523499
Turner,0720,541,553,48.79945378751665,-116.3577762713242,0.9263253211975098
Turner,0720,544,543,48.79864451715606,-116.36187223264608,0.9488449096679688
Turner,0720,556,530,48.79540743571375,-116.36719698236452,0.9959992170333862
Turner,0720,566,505,48.792709867845154,-116.37743688566923,0.9674943089485168
Turner,0720,479,530,48.81617870830193,-116.36719698236452,0.5166547894477844
Turner,0720,563,552,48.79351913820574,-116.35818586745638,0.5944437980651855
Turner,0720,544,547,48.79864451715606,-116.36023384811733,0.9595571756362915
Turner,0720,553,539,48.79621670607433,-116.36351061717484,0.8370186686515808
Turner,0720,539,529,48.79999330109036,-116.3676065784967,0.9962857961654663
Turner,0720,482,526,48.81536943794135,-116.36883536689328,0.9750444889068604
Turner,0720,525,522,48.803769896106395,-116.37047375142203,0.9984686374664307
Turner,0720,566,501,48.792709867845154,-116.37907527019797,0.6231538653373718
Turner,0720,457,512,48.82211335761284,-116.3745697127439,0.9692205190658569
Turner,0720,590,525,48.78623570496053,-116.36924496302547,0.9572514295578003
Turner,0720,468,513,48.819146032957384,-116.37416011661172,0.9788285493850708
Turner,0720,445,509,48.82535043905515,-116.37579850114047,0.6694878935813904
Turner,0720,596,534,48.78461716423937,-116.36555859783577,0.7085385322570801
Turner,0720,586,533,48.787314732107966,-116.36596819396796,0.9925348162651062
Turner,0720,481,522,48.81563919472821,-116.37047375142203,0.9688411355018616
Turner,0720,549,522,48.797295733221766,-116.37047375142203,0.9997962117195129
Turner,0720,558,543,48.794867922140035,-116.36187223264608,0.9020354747772217
Turner,0720,492,525,48.812671870072755,-116.36924496302547,0.9865816235542297
Turner,0720,562,502,48.793788894992595,-116.37866567406579,0.9711279273033142
Turner,0720,502,529,48.80997430220416,-116.3676065784967,0.9905582070350647
Turner,0720,508,531,48.80835576148301,-116.36678738623233,0.9935004711151123
Turner,0720,528,522,48.80296062574582,-116.37047375142203,0.9990030527114868
Turner,0720,528,526,48.80296062574582,-116.36883536689328,0.996157169342041
Turner,0720,484,532,48.814829924367636,-116.36637779010015,0.725857675075531
Turner,0720,478,519,48.81644846508879,-116.37170253981859,0.9800630807876587
Turner,0720,538,551,48.800263057877224,-116.35859546358859,0.896512508392334
Turner,0720,568,503,48.79217035427144,-116.3782560779336,0.9655596613883972
Turner,0720,539,537,48.79999330109036,-116.36432980943921,0.9771564602851868
Turner,0720,494,522,48.81213235649904,-116.37047375142203,0.9859786629676819
Turner,0720,555,539,48.79567719250061,-116.36351061717484,0.9172695875167847
Turner,0720,547,552,48.797835246795486,-116.35818586745638,0.9672344923019409
Turner,0720,504,529,48.80943478863045,-116.3676065784967,0.9920496940612793
Turner,0720,498,531,48.8110533293516,-116.36678738623233,0.9826546311378479
Turner,0720,506,537,48.80889527505673,-116.36432980943921,0.8728606700897217
Turner,0720,519,536,48.80538843682755,-116.3647394055714,0.98448246717453
Turner,0720,514,539,48.806737220761846,-116.36351061717484,0.9434701800346375
Turner,0720,459,516,48.82157384403912,-116.37293132821516,0.6659296751022339
Turner,0720,596,522,48.78461716423937,-116.37047375142203,0.9875875115394592
Turner,0720,563,551,48.79351913820574,-116.35859546358859,0.7346411347389221
Turner,0720,517,537,48.80592795040127,-116.36432980943921,0.9715614318847656
Turner,0720,549,504,48.797295733221766,-116.37784648180141,0.9917835593223572
Turner,0720,545,501,48.79837476036921,-116.37907527019797,0.6430397629737854
Turner,0720,528,525,48.80296062574582,-116.36924496302547,0.996165931224823
Turner,0720,591,517,48.78596594817367,-116.37252173208297,0.9666550755500793
Turner,0720,580,542,48.78893327282913,-116.36228182877826,0.8706821203231812
Turner,0720,538,542,48.800263057877224,-116.36228182877826,0.9482042193412781
Turner,0720,542,553,48.79918403072978,-116.3577762713242,0.938775897026062
Turner,0720,572,545,48.791091327124,-116.3610530403817,0.9334883093833923
Turner,0720,510,540,48.80781624790929,-116.36310102104264,0.5000276565551758
Turner,0720,596,520,48.78461716423937,-116.3712929436864,0.989260733127594
Turner,0720,486,525,48.814290410793916,-116.36924496302547,0.9850696921348572
Turner,0720,550,540,48.79702597643491,-116.36310102104264,0.8781558275222778
Turner,0720,591,533,48.78596594817367,-116.36596819396796,0.9696823954582214
Turner,0720,584,526,48.787854245681686,-116.36883536689328,0.9868183732032776
Turner,0720,577,538,48.7897425431897,-116.36392021330703,0.9844745993614197
Turner,0720,477,527,48.81671822187565,-116.36842577076109,0.9381877183914185
Turner,0720,516,537,48.80619770718813,-116.36432980943921,0.9763997793197632
Turner,0720,595,526,48.784886921026235,-116.36883536689328,0.9630072712898254
Turner,0720,491,528,48.81294162685962,-116.3680161746289,0.9887400269508362
Turner,0720,458,512,48.82184360082598,-116.3745697127439,0.9587750434875488
Turner,0720,542,542,48.79918403072978,-116.36228182877826,0.9335695505142212
Turner,0720,581,540,48.78866351604226,-116.36310102104264,0.8253418207168579
Turner,0720,570,510,48.79163084069772,-116.37538890500828,0.8267385959625244
Turner,0720,524,535,48.80403965289325,-116.36514900170359,0.9894300103187561
Turner,0720,569,507,48.79190059748458,-116.37661769340484,0.9671706557273865
Turner,0720,532,540,48.80188159859838,-116.36310102104264,0.9751914739608765
Turner,0720,510,527,48.80781624790929,-116.36842577076109,0.9948750734329224
Turner,0720,562,537,48.793788894992595,-116.36432980943921,0.9962472915649414
Turner,0720,504,526,48.80943478863045,-116.36883536689328,0.9938016533851624
Turner,0720,547,541,48.797835246795486,-116.36269142491045,0.8896142244338989
Turner,0720,586,528,48.787314732107966,-116.3680161746289,0.9782362580299377
Turner,0720,549,501,48.797295733221766,-116.37907527019797,0.86829674243927
Turner,0720,546,533,48.79810500358235,-116.36596819396796,0.9916268587112427
Turner,0720,547,549,48.797835246795486,-116.35941465585296,0.940345287322998
Turner,0720,555,537,48.79567719250061,-116.36432980943921,0.9742948412895203
Turner,0720,558,535,48.794867922140035,-116.36514900170359,0.9945330619812012
Turner,0720,508,538,48.80835576148301,-116.36392021330703,0.8519656658172607
Turner,0720,538,502,48.800263057877224,-116.37866567406579,0.9272761344909668
Turner,0720,559,532,48.79459816535317,-116.36637779010015,0.9964253306388855
Turner,0720,592,522,48.78569619138681,-116.37047375142203,0.9972037076950073
Turner,0720,507,541,48.808625518269864,-116.36269142491045,0.6351935267448425
Turner,0720,481,523,48.81563919472821,-116.37006415528984,0.9676728844642639
Turner,0720,588,545,48.786775218534245,-116.3610530403817,0.5497522354125977
Turner,0720,535,528,48.8010723282378,-116.3680161746289,0.995377242565155
Turner,0720,533,540,48.80161184181152,-116.36310102104264,0.9764079451560974
Turner,0720,581,523,48.78866351604226,-116.37006415528984,0.9812964797019958
Turner,0720,573,520,48.790821570337144,-116.3712929436864,0.9978458285331726
Turner,0720,537,529,48.80053281466408,-116.3676065784967,0.9954546689987183
Turner,0720,595,522,48.784886921026235,-116.37047375142203,0.9941056966781616
Turner,0720,495,535,48.81186259971218,-116.36514900170359,0.8983542323112488
Turner,0720,472,521,48.81806700580995,-116.37088334755421,0.8963732123374939
Turner,0720,501,532,48.810244058991024,-116.36637779010015,0.987115740776062
Turner,0720,595,523,48.784886921026235,-116.37006415528984,0.9920495748519897
Turner,0720,545,543,48.79837476036921,-116.36187223264608,0.9429590702056885
Turner,0720,501,534,48.810244058991024,-116.36555859783577,0.9723583459854126
Turner,0720,503,526,48.809704545417304,-116.36883536689328,0.9932436943054199
Turner,0720,530,522,48.8024211121721,-116.37047375142203,0.9989783763885498
Turner,0720,529,526,48.802690868958955,-116.36883536689328,0.9962106943130493
Turner,0720,534,554,48.80134208502466,-116.35736667519201,0.6431761980056763
Turner,0720,586,542,48.787314732107966,-116.36228182877826,0.7285556197166443
Turner,0720,590,516,48.78623570496053,-116.37293132821516,0.5393847227096558
Turner,0720,583,540,48.78812400246854,-116.36310102104264,0.6619305610656738
Turner,0720,533,553,48.80161184181152,-116.3577762713242,0.778971791267395
Turner,0720,472,524,48.81806700580995,-116.36965455915765,0.8529694080352783
Turner,0720,511,534,48.80754649112243,-116.36555859783577,0.9916111826896667
Turner,0720,522,527,48.80457916646697,-116.36842577076109,0.9951480031013489
Turner,0720,547,529,48.797835246795486,-116.3676065784967,0.9963781237602234
Turner,0720,553,537,48.79621670607433,-116.36432980943921,0.9316582679748535
Turner,0720,515,540,48.80646746397499,-116.36310102104264,0.9153194427490234
Turner,0720,467,514,48.81941578974425,-116.37375052047953,0.9760296940803528
Turner,0720,497,536,48.81132308613846,-116.3647394055714,0.7440102100372314
Turner,0720,528,530,48.80296062574582,-116.36719698236452,0.9927065968513489
Turner,0720,547,555,48.797835246795486,-116.35695707905982,0.8384201526641846
Turner,0720,571,506,48.79136108391086,-116.37702728953703,0.7697849869728088
Turner,0720,579,536,48.78920302961598,-116.3647394055714,0.9924424886703491
Turner,0720,495,523,48.81186259971218,-116.37006415528984,0.9869562387466431
Turner,0720,571,516,48.79136108391086,-116.37293132821516,0.992178738117218
Turner,0720,596,528,48.78461716423937,-116.3680161746289,0.9617296457290649
Turner,0720,553,552,48.79621670607433,-116.35818586745638,0.7082126140594482
Turner,0720,447,510,48.82481092548144,-116.37538890500828,0.8868564963340759
Turner,0720,510,532,48.80781624790929,-116.36637779010015,0.992813229560852
Turner,0720,473,527,48.81779724902309,-116.36842577076109,0.8668837547302246
Turner,0720,486,528,48.814290410793916,-116.3680161746289,0.9720394611358643
Turner,0720,526,540,48.80350013931954,-116.36310102104264,0.9708666801452637
Turner,0720,532,528,48.80188159859838,-116.3680161746289,0.9957987070083618
Turner,0720,574,519,48.79055181355028,-116.37170253981859,0.9913447499275208
Turner,0720,507,528,48.808625518269864,-116.3680161746289,0.9943845868110657
Turner,0720,490,528,48.813211383646475,-116.3680161746289,0.9877066016197205
Turner,0720,493,524,48.8124021132859,-116.36965455915765,0.9853565096855164
Turner,0720,536,535,48.800802571450944,-116.36514900170359,0.9891371726989746
Turner,0720,557,547,48.79513767892689,-116.36023384811733,0.8040968775749207
Turner,0720,447,512,48.82481092548144,-116.3745697127439,0.5097770094871521
Turner,0720,507,534,48.808625518269864,-116.36555859783577,0.9901330471038818
Turner,0720,589,532,48.78650546174739,-116.36637779010015,0.9551644921302795
Turner,0720,544,531,48.79864451715606,-116.36678738623233,0.9961259961128235
Turner,0720,591,519,48.78596594817367,-116.37170253981859,0.996266782283783
Turner,0720,587,539,48.78704497532111,-116.36351061717484,0.9346768260002136
Turner,0720,568,539,48.79217035427144,-116.36351061717484,0.9963123798370361
Turner,0720,589,533,48.78650546174739,-116.36596819396796,0.9668954610824585
Turner,0720,451,512,48.823731898333996,-116.3745697127439,0.8549206256866455
Turner,0720,535,541,48.8010723282378,-116.36269142491045,0.9725810885429382
Turner,0720,535,552,48.8010723282378,-116.35818586745638,0.8030154705047607
Turner,0720,530,551,48.8024211121721,-116.35859546358859,0.7082930207252502
Turner,0720,526,528,48.80350013931954,-116.3680161746289,0.9916350245475769
Turner,0720,475,518,48.81725773544937,-116.37211213595077,0.976832389831543
Turner,0720,566,502,48.792709867845154,-116.37866567406579,0.9062304496765137
Turner,0720,472,517,48.81806700580995,-116.37252173208297,0.973712682723999
Turner,0720,480,521,48.81590895151507,-116.37088334755421,0.9662856459617615
Turner,0720,540,543,48.799723544303504,-116.36187223264608,0.9359466433525085
Turner,0720,489,532,48.81348114043334,-116.36637779010015,0.9280591607093811
Turner,0720,490,525,48.813211383646475,-116.36924496302547,0.9868865609169006
Turner,0720,534,548,48.80134208502466,-116.35982425198515,0.5845832228660583
Turner,0720,537,547,48.80053281466408,-116.36023384811733,0.8689433336257935
Turner,0720,563,544,48.79351913820574,-116.36146263651389,0.9790120720863342
Turner,0720,562,541,48.793788894992595,-116.36269142491045,0.9566857218742371
Turner,0720,535,544,48.8010723282378,-116.36146263651389,0.8849296569824219
Turner,0720,546,541,48.79810500358235,-116.36269142491045,0.9024477005004883
Turner,0720,528,503,48.80296062574582,-116.3782560779336,0.9818148016929626
Turner,0720,456,513,48.8223831143997,-116.37416011661172,0.9181709885597229
Turner,0720,542,536,48.79918403072978,-116.3647394055714,0.9729987382888794
Turner,0720,574,516,48.79055181355028,-116.37293132821516,0.9061816334724426
Turner,0720,583,524,48.78812400246854,-116.36965455915765,0.9399542212486267
Turner,0720,545,544,48.79837476036921,-116.36146263651389,0.9547156691551208
Turner,0720,453,512,48.823192384760276,-116.3745697127439,0.937930703163147
Turner,0720,553,502,48.79621670607433,-116.37866567406579,0.9943921566009521
Turner,0720,505,535,48.809165031843584,-116.36514900170359,0.9761826992034912
Turner,0720,537,544,48.80053281466408,-116.36146263651389,0.904721200466156
Turner,0720,593,525,48.78542643459995,-116.36924496302547,0.9613884687423706
Turner,0720,450,511,48.82400165512085,-116.37497930887609,0.9292105436325073
Turner,0720,590,520,48.78623570496053,-116.3712929436864,0.9447475671768188
Turner,0720,530,534,48.8024211121721,-116.36555859783577,0.990867018699646
Turner,0720,551,547,48.796756219648046,-116.36023384811733,0.9348723888397217
Turner,0720,536,532,48.800802571450944,-116.36637779010015,0.9930146336555481
Turner,0720,475,520,48.81725773544937,-116.3712929436864,0.9684225916862488
Turner,0720,533,551,48.80161184181152,-116.35859546358859,0.7988788485527039
Turner,0720,552,554,48.79648646286119,-116.35736667519201,0.5545674562454224
Turner,0720,473,517,48.81779724902309,-116.37252173208297,0.9749613404273987
Turner,0720,511,542,48.80754649112243,-116.36228182877826,0.5067833662033081
Turner,0720,448,511,48.82454116869457,-116.37497930887609,0.8601424098014832
Turner,0720,528,502,48.80296062574582,-116.37866567406579,0.9581593871116638
Turner,0720,597,517,48.784347407452515,-116.37252173208297,0.6819862723350525
Turner,0720,517,533,48.80592795040127,-116.36596819396796,0.9922428131103516
Turner,0720,483,521,48.81509968115449,-116.37088334755421,0.9767812490463257
Turner,0720,570,517,48.79163084069772,-116.37252173208297,0.9989838004112244
Turner,0720,555,532,48.79567719250061,-116.36637779010015,0.9918063879013062
Turner,0720,588,531,48.786775218534245,-116.36678738623233,0.9921719431877136
Turner,0720,572,518,48.791091327124,-116.37211213595077,0.9967660903930664
Turner,0720,508,528,48.80835576148301,-116.3680161746289,0.9940664172172546
Turner,0720,596,537,48.78461716423937,-116.36432980943921,0.8234466910362244
Turner,0720,536,533,48.800802571450944,-116.36596819396796,0.9930511713027954
Turner,0720,494,530,48.81213235649904,-116.36719698236452,0.9789431691169739
Turner,0720,529,548,48.802690868958955,-116.35982425198515,0.5501143336296082
Turner,0720,544,552,48.79864451715606,-116.35818586745638,0.9653522968292236
Turner,0720,526,536,48.80350013931954,-116.3647394055714,0.9880720973014832
Turner,0720,527,534,48.803230382532675,-116.36555859783577,0.9890063405036926
Turner,0720,474,521,48.81752749223623,-116.37088334755421,0.93863844871521
Turner,0720,493,531,48.8124021132859,-116.36678738623233,0.9716035723686218
Turner,0720,528,534,48.80296062574582,-116.36555859783577,0.9886869192123413
Turner,0720,577,516,48.7897425431897,-116.37293132821516,0.7462269067764282
Turner,0720,546,555,48.79810500358235,-116.35695707905982,0.8503288626670837
Turner,0720,535,524,48.8010723282378,-116.36965455915765,0.9978641271591187
Turner,0720,554,549,48.79594694928747,-116.35941465585296,0.7962933778762817
Turner,0720,542,522,48.79918403072978,-116.37047375142203,0.9997694492340088
Turner,0720,556,543,48.79540743571375,-116.36187223264608,0.8438378572463989
Turner,0720,460,517,48.82130408725226,-116.37252173208297,0.7284625768661499
Turner,0720,513,530,48.80700697754871,-116.36719698236452,0.9946234226226807
Turner,0720,468,519,48.819146032957384,-116.37170253981859,0.9269717931747437
Turner,0720,531,541,48.80215135538524,-116.36269142491045,0.979039192199707
Turner,0720,495,536,48.81186259971218,-116.3647394055714,0.6707254648208618
Turner,0720,465,518,48.81995530331796,-116.37211213595077,0.8476454019546509
Turner,0720,540,546,48.799723544303504,-116.36064344424952,0.912735104560852
Turner,0720,554,536,48.79594694928747,-116.3647394055714,0.96848464012146
Turner,0720,549,526,48.797295733221766,-116.36883536689328,0.9980977773666382
Turner,0720,577,524,48.7897425431897,-116.36965455915765,0.9957460761070251
Turner,0720,556,548,48.79540743571375,-116.35982425198515,0.7657450437545776
Turner,0720,548,529,48.79756549000863,-116.3676065784967,0.997497022151947
Turner,0720,538,533,48.800263057877224,-116.36596819396796,0.9939391016960144
Turner,0720,545,528,48.79837476036921,-116.3680161746289,0.9976186156272888
Turner,0720,544,536,48.79864451715606,-116.3647394055714,0.9752496480941772
Turner,0720,581,522,48.78866351604226,-116.37047375142203,0.9550819993019104
Turner,0720,550,549,48.79702597643491,-116.35941465585296,0.9527304172515869
Turner,0720,445,510,48.82535043905515,-116.37538890500828,0.575616180896759
Turner,0720,532,536,48.80188159859838,-116.3647394055714,0.9888215065002441
Turner,0720,492,524,48.812671870072755,-116.36965455915765,0.9852726459503174
Turner,0720,528,546,48.80296062574582,-116.36064344424952,0.5606811046600342
Turner,0720,585,526,48.78758448889483,-116.36883536689328,0.975490152835846
Turner,0720,574,521,48.79055181355028,-116.37088334755421,0.9973577857017517
Turner,0720,503,524,48.809704545417304,-116.36965455915765,0.992116391658783
Turner,0720,584,525,48.787854245681686,-116.36924496302547,0.9801619052886963
Turner,0720,513,542,48.80700697754871,-116.36228182877826,0.6081119179725647
Turner,0720,583,529,48.78812400246854,-116.3676065784967,0.9939345717430115
Turner,0720,527,525,48.803230382532675,-116.36924496302547,0.9954345226287842
Turner,0720,515,530,48.80646746397499,-116.36719698236452,0.9945773482322693
Turner,0720,582,542,48.788393759255406,-116.36228182877826,0.6441928148269653
Turner,0720,571,510,48.79136108391086,-116.37538890500828,0.9055977463722229
Turner,0720,575,518,48.790282056763424,-116.37211213595077,0.9901841282844543
Turner,0720,572,538,48.791091327124,-116.36392021330703,0.9931865930557251
Turner,0720,543,550,48.79891427394293,-116.35900505972077,0.9529579281806946
Turner,0720,580,545,48.78893327282913,-116.3610530403817,0.8604719638824463
Turner,0720,476,525,48.81698797866251,-116.36924496302547,0.9480900764465332
Turner,0720,509,531,48.80808600469615,-116.36678738623233,0.9930354952812195
Turner,0720,451,508,48.823731898333996,-116.37620809727265,0.9251749515533447
Turner,0720,528,527,48.80296062574582,-116.36842577076109,0.9946277141571045
Turner,0720,551,554,48.796756219648046,-116.35736667519201,0.7886831164360046
Turner,0720,527,503,48.803230382532675,-116.3782560779336,0.9905183911323547
Turner,0720,598,525,48.78407765066565,-116.36924496302547,0.55330890417099
Turner,0720,561,502,48.79405865177945,-116.37866567406579,0.985332727432251
Turner,0720,573,543,48.790821570337144,-116.36187223264608,0.9566282629966736
Turner,0720,470,518,48.818606519383664,-116.37211213595077,0.9633588194847107
Turner,0720,589,520,48.78650546174739,-116.3712929436864,0.9794896245002747
Turner,0720,543,544,48.79891427394293,-116.36146263651389,0.9515590071678162
Turner,0720,524,531,48.80403965289325,-116.36678738623233,0.9926925897598267
Turner,0720,545,550,48.79837476036921,-116.35900505972077,0.972096860408783
Turner,0720,546,501,48.79810500358235,-116.37907527019797,0.7304692268371582
Turner,0720,455,511,48.822652871186556,-116.37497930887609,0.9742593169212341
Turner,0720,532,552,48.80188159859838,-116.35818586745638,0.7807214856147766
Turner,0720,561,541,48.79405865177945,-116.36269142491045,0.9178920388221741
Turner,0720,507,532,48.808625518269864,-116.36637779010015,0.9934027791023254
Turner,0720,591,537,48.78596594817367,-116.36432980943921,0.792759358882904
Turner,0720,522,500,48.80457916646697,-116.37948486633016,0.6367581486701965
Turner,0720,547,502,48.797835246795486,-116.37866567406579,0.9650119543075562
Turner,0720,536,543,48.800802571450944,-116.36187223264608,0.9393600225448608
Turner,0720,543,557,48.79891427394293,-116.35613788679545,0.7299102544784546
Turner,0720,479,520,48.81617870830193,-116.3712929436864,0.9754826426506042
Turner,0720,560,551,48.794328408566315,-116.35859546358859,0.7545118927955627
Turner,0720,546,556,48.79810500358235,-116.35654748292764,0.7042286992073059
Turner,0720,584,519,48.787854245681686,-116.37170253981859,0.9824772477149963
Turner,0720,581,518,48.78866351604226,-116.37211213595077,0.7079594731330872
Turner,0720,510,539,48.80781624790929,-116.36351061717484,0.7265751957893372
Turner,0720,590,522,48.78623570496053,-116.37047375142203,0.9803897142410278
Turner,0720,526,542,48.80350013931954,-116.36228182877826,0.9539411067962646
Turner,0720,555,534,48.79567719250061,-116.36555859783577,0.9851081967353821
Turner,0720,548,542,48.79756549000863,-116.36228182877826,0.9024073481559753
Turner,0720,544,557,48.79864451715606,-116.35613788679545,0.7246517539024353
Turner,0720,540,553,48.799723544303504,-116.3577762713242,0.9239593148231506
Turner,0720,497,531,48.81132308613846,-116.36678738623233,0.9823971390724182
Turner,0720,531,539,48.80215135538524,-116.36351061717484,0.9870169758796692
Turner,0720,497,535,48.81132308613846,-116.36514900170359,0.926075279712677
Turner,0720,528,539,48.80296062574582,-116.36351061717484,0.9866060018539429
Turner,0720,461,516,48.8210343304654,-116.37293132821516,0.863105833530426
Turner,0720,589,521,48.78650546174739,-116.37088334755421,0.9869353175163269
Turner,0720,554,531,48.79594694928747,-116.36678738623233,0.993951141834259
Turner,0720,591,526,48.78596594817367,-116.36883536689328,0.9147853255271912
Turner,0720,566,503,48.792709867845154,-116.3782560779336,0.9418127536773682
Turner,0720,448,510,48.82454116869457,-116.37538890500828,0.9070256948471069
Turner,0720,503,536,48.809704545417304,-116.3647394055714,0.9029742479324341
Turner,0720,534,540,48.80134208502466,-116.36310102104264,0.9694139361381531
Turner,0720,565,543,48.79297962463202,-116.36187223264608,0.97480309009552
Turner,0720,444,508,48.82562019584201,-116.37620809727265,0.5612089037895203
Turner,0720,496,535,48.81159284292532,-116.36514900170359,0.9123913645744324
Turner,0720,472,527,48.81806700580995,-116.36842577076109,0.8048564195632935
Turner,0720,595,520,48.784886921026235,-116.3712929436864,0.9843092560768127
Turner,0720,546,522,48.79810500358235,-116.37047375142203,0.9998496770858765
Turner,0720,585,517,48.78758448889483,-116.37252173208297,0.7968615889549255
Turner,0720,557,534,48.79513767892689,-116.36555859783577,0.9925011396408081
Turner,0720,550,529,48.79702597643491,-116.3676065784967,0.9964640736579895
Turner,0720,556,552,48.79540743571375,-116.35818586745638,0.6878513097763062
Turner,0720,532,526,48.80188159859838,-116.36883536689328,0.9966439604759216
Turner,0720,567,537,48.7924401110583,-116.36432980943921,0.9973147511482239
Turner,0720,548,504,48.79756549000863,-116.37784648180141,0.9887385964393616
Turner,0720,571,505,48.79136108391086,-116.37743688566923,0.6283465027809143
Turner,0720,559,547,48.79459816535317,-116.36023384811733,0.8183749318122864
Turner,0720,560,529,48.794328408566315,-116.3676065784967,0.9985530972480774
Turner,0720,550,528,48.79702597643491,-116.3680161746289,0.9976415634155273
Turner,0720,580,536,48.78893327282913,-116.3647394055714,0.9909625053405762
Turner,0720,562,531,48.793788894992595,-116.36678738623233,0.9988206028938293
Turner,0720,501,533,48.810244058991024,-116.36596819396796,0.9796174168586731
Turner,0720,573,510,48.790821570337144,-116.37538890500828,0.785136878490448
Turner,0720,569,516,48.79190059748458,-116.37293132821516,0.998956561088562
Turner,0720,586,520,48.787314732107966,-116.3712929436864,0.9445807933807373
Turner,0720,579,540,48.78920302961598,-116.36310102104264,0.9260101914405823
Turner,0720,516,543,48.80619770718813,-116.36187223264608,0.639000654220581
Turner,0720,532,548,48.80188159859838,-116.35982425198515,0.5636159181594849
Turner,0720,550,538,48.79702597643491,-116.36392021330703,0.9184319972991943
Turner,0720,504,528,48.80943478863045,-116.3680161746289,0.992125391960144
Turner,0720,587,541,48.78704497532111,-116.36269142491045,0.8495112657546997
Turner,0720,536,521,48.800802571450944,-116.37088334755421,0.9991471171379089
Turner,0720,583,537,48.78812400246854,-116.36432980943921,0.9588157534599304
Turner,0720,579,523,48.78920302961598,-116.37006415528984,0.9876198172569275
Turner,0720,569,506,48.79190059748458,-116.37702728953703,0.9652833938598633
Turner,0720,553,553,48.79621670607433,-116.3577762713242,0.519867479801178
Turner,0720,558,550,48.794867922140035,-116.35900505972077,0.7830908894538879
Turner,0720,536,553,48.800802571450944,-116.3577762713242,0.8011268377304077
Turner,0720,475,519,48.81725773544937,-116.37170253981859,0.9765383005142212
Turner,0720,508,527,48.80835576148301,-116.36842577076109,0.9951822757720947
Turner,0720,576,541,48.79001229997656,-116.36269142491045,0.943422257900238
Turner,0720,560,545,48.794328408566315,-116.3610530403817,0.7824642062187195
Turner,0720,514,535,48.806737220761846,-116.36514900170359,0.9908964037895203
Turner,0720,518,539,48.80565819361441,-116.36351061717484,0.9589102268218994
Turner,0720,451,513,48.823731898333996,-116.37416011661172,0.5933093428611755
Turner,0720,554,545,48.79594694928747,-116.3610530403817,0.73453688621521
Turner,0720,586,519,48.787314732107966,-116.37170253981859,0.8685963153839111
Turner,0720,497,524,48.81132308613846,-116.36965455915765,0.9898510575294495
Turner,0720,483,530,48.81509968115449,-116.36719698236452,0.814985990524292
Turner,0720,558,529,48.794867922140035,-116.3676065784967,0.9977327585220337
Turner,0720,594,541,48.78515667781309,-116.36269142491045,0.5945669412612915
Turner,0720,584,530,48.787854245681686,-116.36719698236452,0.9929725527763367
Turner,0720,579,517,48.78920302961598,-116.37252173208297,0.866115927696228
Turner,0720,543,541,48.79891427394293,-116.36269142491045,0.940284013748169
Turner,0720,462,519,48.820764573678545,-116.37170253981859,0.6252941489219666
Turner,0720,487,530,48.81402065400705,-116.36719698236452,0.9326921701431274
Turner,0720,503,530,48.809704545417304,-116.36719698236452,0.9909926652908325
Turner,0720,544,528,48.79864451715606,-116.3680161746289,0.9976127743721008
Turner,0720,547,553,48.797835246795486,-116.3577762713242,0.9439259171485901
Turner,0720,535,550,48.8010723282378,-116.35900505972077,0.7237616181373596
Turner,0720,562,532,48.793788894992595,-116.36637779010015,0.9980324506759644
Turner,0720,567,502,48.7924401110583,-116.37866567406579,0.9561903476715088
Turner,0720,538,555,48.800263057877224,-116.35695707905982,0.7521169185638428
Turner,0720,459,514,48.82157384403912,-116.37375052047953,0.9282572269439697
Turner,0720,585,529,48.78758448889483,-116.3676065784967,0.9834928512573242
Turner,0720,513,529,48.80700697754871,-116.3676065784967,0.9949753284454346
Turner,0720,538,556,48.800263057877224,-116.35654748292764,0.5243388414382935
Turner,0720,507,538,48.808625518269864,-116.36392021330703,0.8145561218261719
Turner,0720,543,523,48.79891427394293,-116.37006415528984,0.9994261860847473
Turner,0720,561,530,48.79405865177945,-116.36719698236452,0.9986467957496643
Turner,0720,453,508,48.823192384760276,-116.37620809727265,0.9563704133033752
Turner,0720,557,539,48.79513767892689,-116.36351061717484,0.9557375311851501
Turner,0720,451,511,48.823731898333996,-116.37497930887609,0.9568480253219604
Turner,0720,492,527,48.812671870072755,-116.36842577076109,0.989080011844635
Turner,0720,563,545,48.79351913820574,-116.3610530403817,0.9371516108512878
Turner,0720,482,529,48.81536943794135,-116.3676065784967,0.8255656361579895
Turner,0720,547,526,48.797835246795486,-116.36883536689328,0.9977156519889832
Turner,0720,516,542,48.80619770718813,-116.36228182877826,0.7716500759124756
Turner,0720,581,519,48.78866351604226,-116.37170253981859,0.9004021286964417
Turner,0720,476,524,48.81698797866251,-116.36965455915765,0.9421254992485046
Turner,0720,562,500,48.793788894992595,-116.37948486633016,0.6832648515701294
Turner,0720,497,525,48.81132308613846,-116.36924496302547,0.9908631443977356
Turner,0720,524,530,48.80403965289325,-116.36719698236452,0.9939050674438477
Turner,0720,587,521,48.78704497532111,-116.37088334755421,0.9760345220565796
Turner,0720,555,547,48.79567719250061,-116.36023384811733,0.7856009602546692
Turner,0720,527,528,48.803230382532675,-116.3680161746289,0.9928073287010193
Turner,0720,593,531,48.78542643459995,-116.36678738623233,0.9870983362197876
Turner,0720,534,541,48.80134208502466,-116.36269142491045,0.9720662832260132
Turner,0720,596,525,48.78461716423937,-116.36924496302547,0.9689750671386719
Turner,0720,594,514,48.78515667781309,-116.37375052047953,0.7082851529121399
Turner,0720,564,501,48.793249381418875,-116.37907527019797,0.9457347989082336
Turner,0720,497,534,48.81132308613846,-116.36555859783577,0.9557660818099976
Turner,0720,578,545,48.78947278640285,-116.3610530403817,0.782523512840271
Turner,0720,551,503,48.796756219648046,-116.3782560779336,0.9970734119415283
Turner,0720,533,548,48.80161184181152,-116.35982425198515,0.6182363629341125
Turner,0720,525,543,48.803769896106395,-116.36187223264608,0.9218520522117615
Turner,0720,568,540,48.79217035427144,-116.36310102104264,0.9871253371238708
Turner,0720,581,536,48.78866351604226,-116.3647394055714,0.9849397540092468
Turner,0720,538,553,48.800263057877224,-116.3577762713242,0.8586593270301819
Turner,0720,534,534,48.80134208502466,-116.36555859783577,0.9923166036605835
Turner,0720,550,534,48.79702597643491,-116.36555859783577,0.9884840846061707
Turner,0720,530,527,48.8024211121721,-116.36842577076109,0.9959650039672852
Turner,0720,573,513,48.790821570337144,-116.37416011661172,0.8342894911766052
Turner,0720,463,520,48.82049481689168,-116.3712929436864,0.5600420236587524
Turner,0720,538,532,48.800263057877224,-116.36637779010015,0.9940500259399414
Turner,0720,545,530,48.79837476036921,-116.36719698236452,0.9971581697463989
Turner,0720,549,542,48.797295733221766,-116.36228182877826,0.9097985029220581
Turner,0720,538,501,48.800263057877224,-116.37907527019797,0.600240170955658
Turner,0720,484,526,48.814829924367636,-116.36883536689328,0.9839571118354797
Turner,0720,494,532,48.81213235649904,-116.36637779010015,0.9622297883033752
Turner,0720,553,551,48.79621670607433,-116.35859546358859,0.8757497072219849
Turner,0720,524,529,48.80403965289325,-116.3676065784967,0.9929784536361694
Turner,0720,551,528,48.796756219648046,-116.3680161746289,0.9977109432220459
Turner,0720,592,536,48.78569619138681,-116.3647394055714,0.9554747939109802
Turner,0720,554,553,48.79594694928747,-116.3577762713242,0.5033172965049744
Turner,0720,563,529,48.79351913820574,-116.3676065784967,0.999001145362854
Turner,0720,524,532,48.80403965289325,-116.36637779010015,0.9910874366760254
Turner,0720,502,527,48.80997430220416,-116.36842577076109,0.9924683570861816
Turner,0720,576,546,48.79001229997656,-116.36064344424952,0.7707656621932983
Turner,0720,480,531,48.81590895151507,-116.36678738623233,0.523007333278656
Turner,0720,504,535,48.80943478863045,-116.36514900170359,0.9713354110717773
Turner,0720,491,525,48.81294162685962,-116.36924496302547,0.9860875010490417
Turner,0720,531,530,48.80215135538524,-116.36719698236452,0.9943583607673645
Turner,0720,533,554,48.80161184181152,-116.35736667519201,0.6743525862693787
Turner,0720,534,543,48.80134208502466,-116.36187223264608,0.9428451657295227
Turner,0720,529,530,48.802690868958955,-116.36719698236452,0.9933494329452515
Turner,0720,561,549,48.79405865177945,-116.35941465585296,0.6729085445404053
Turner,0720,546,527,48.79810500358235,-116.36842577076109,0.9976186156272888
Turner,0720,561,534,48.79405865177945,-116.36555859783577,0.9977829456329346
Turner,0720,580,544,48.78893327282913,-116.36146263651389,0.8553073406219482
Turner,0720,549,546,48.797295733221766,-116.36064344424952,0.9428083896636963
Turner,0720,545,527,48.79837476036921,-116.36842577076109,0.9977118968963623
Turner,0720,496,530,48.81159284292532,-116.36719698236452,0.9837372303009033
Turner,0720,553,550,48.79621670607433,-116.35900505972077,0.8778975605964661
Turner,0720,596,530,48.78461716423937,-116.36719698236452,0.9406353235244751
Turner,0720,509,533,48.80808600469615,-116.36596819396796,0.9918400049209595
Turner,0720,500,534,48.81051381577788,-116.36555859783577,0.9703766107559204
Turner,0720,540,528,48.799723544303504,-116.3680161746289,0.9973620176315308
Turner,0720,593,535,48.78542643459995,-116.36514900170359,0.9736384749412537
Turner,0720,538,545,48.800263057877224,-116.3610530403817,0.892602264881134
Turner,0720,542,529,48.79918403072978,-116.3676065784967,0.9967573881149292
Turner,0720,592,530,48.78569619138681,-116.36719698236452,0.9859981536865234
Turner,0720,552,543,48.79648646286119,-116.36187223264608,0.7544833421707153
Turner,0720,535,535,48.8010723282378,-116.36514900170359,0.9882091283798218
Turner,0720,583,542,48.78812400246854,-116.36228182877826,0.652971088886261
Turner,0720,455,513,48.822652871186556,-116.37416011661172,0.8399503231048584
Turner,0720,597,521,48.784347407452515,-116.37088334755421,0.9817045331001282
Turner,0720,540,529,48.799723544303504,-116.3676065784967,0.9968386292457581
Turner,0720,589,536,48.78650546174739,-116.3647394055714,0.9109808206558228
Turner,0720,564,541,48.793249381418875,-116.36269142491045,0.9791445136070251
Turner,0720,534,530,48.80134208502466,-116.36719698236452,0.9941017627716064
Turner,0720,460,514,48.82130408725226,-116.37375052047953,0.9523975253105164
Turner,0720,549,521,48.797295733221766,-116.37088334755421,0.9996156096458435
Turner,0720,552,501,48.79648646286119,-116.37907527019797,0.948550820350647
Turner,0720,588,532,48.786775218534245,-116.36637779010015,0.9702997207641602
Turner,0720,587,538,48.78704497532111,-116.36392021330703,0.9643084406852722
Turner,0720,535,546,48.8010723282378,-116.36064344424952,0.7847671508789062
Turner,0720,549,503,48.797295733221766,-116.3782560779336,0.9924691915512085
Turner,0720,578,534,48.78947278640285,-116.36555859783577,0.9953562617301941
Turner,0720,591,513,48.78596594817367,-116.37416011661172,0.7815058827400208
Turner,0720,555,544,48.79567719250061,-116.36146263651389,0.8656021356582642
Turner,0720,542,533,48.79918403072978,-116.36596819396796,0.9940733313560486
Turner,0720,527,533,48.803230382532675,-116.36596819396796,0.9894371628761292
Turner,0720,554,539,48.79594694928747,-116.36351061717484,0.8746094107627869
Turner,0720,478,524,48.81644846508879,-116.36965455915765,0.9636097550392151
Turner,0720,540,558,48.799723544303504,-116.35572829066327,0.6073628664016724
Turner,0720,568,504,48.79217035427144,-116.37784648180141,0.9263927340507507
Turner,0720,463,516,48.82049481689168,-116.37293132821516,0.9235799312591553
Turner,0720,561,540,48.79405865177945,-116.36310102104264,0.9586989879608154
Turner,0720,552,502,48.79648646286119,-116.37866567406579,0.9943199157714844
Turner,0720,457,511,48.82211335761284,-116.37497930887609,0.9640161395072937
Turner,0720,573,508,48.790821570337144,-116.37620809727265,0.5259494185447693
Turner,0720,587,536,48.78704497532111,-116.3647394055714,0.980851948261261
Turner,0720,514,538,48.806737220761846,-116.36392021330703,0.959837794303894
Turner,0720,570,509,48.79163084069772,-116.37579850114047,0.9572966694831848
Turner,0720,555,500,48.79567719250061,-116.37948486633016,0.7862696051597595
Turner,0720,535,537,48.8010723282378,-116.36432980943921,0.9860029816627502
Turner,0720,540,538,48.799723544303504,-116.36392021330703,0.9679697155952454
Turner,0720,527,537,48.803230382532675,-116.36432980943921,0.9869188070297241
Turner,0720,549,551,48.797295733221766,-116.35859546358859,0.966011106967926
Turner,0720,586,539,48.787314732107966,-116.36351061717484,0.9214748740196228
Turner,0720,528,553,48.80296062574582,-116.3577762713242,0.6332910656929016
Turner,0720,586,516,48.787314732107966,-116.37293132821516,0.5625176429748535
Turner,0720,539,551,48.79999330109036,-116.35859546358859,0.9040377140045166
Turner,0720,530,530,48.8024211121721,-116.36719698236452,0.9937717914581299
Turner,0720,557,540,48.79513767892689,-116.36310102104264,0.9132293462753296
Turner,0720,547,538,48.797835246795486,-116.36392021330703,0.9389490485191345
Turner,0720,562,533,48.793788894992595,-116.36596819396796,0.9982496500015259
Turner,0720,549,537,48.797295733221766,-116.36432980943921,0.9451671242713928
Turner,0720,545,538,48.79837476036921,-116.36392021330703,0.968745231628418
Turner,0720,520,541,48.80511868004069,-116.36269142491045,0.9311240911483765
Turner,0720,474,524,48.81752749223623,-116.36965455915765,0.9099921584129333
Turner,0720,554,548,48.79594694928747,-116.35982425198515,0.7118562459945679
Turner,0720,465,520,48.81995530331796,-116.3712929436864,0.6613532900810242
Turner,0720,506,534,48.80889527505673,-116.36555859783577,0.9900825619697571
Turner,0720,539,547,48.79999330109036,-116.36023384811733,0.8804993629455566
Turner,0720,574,540,48.79055181355028,-116.36310102104264,0.956998348236084
Turner,0720,538,549,48.800263057877224,-116.35941465585296,0.8032472729682922
Turner,0720,572,543,48.791091327124,-116.36187223264608,0.9743832945823669
Turner,0720,456,514,48.8223831143997,-116.37375052047953,0.8708645105361938
Turner,0720,564,503,48.793249381418875,-116.3782560779336,0.9734511971473694
Turner,0720,564,535,48.793249381418875,-116.36514900170359,0.9993684887886047
Turner,0720,578,538,48.78947278640285,-116.36392021330703,0.9832170009613037
Turner,0720,546,534,48.79810500358235,-116.36555859783577,0.9929865002632141
Turner,0720,539,528,48.79999330109036,-116.3680161746289,0.9972105622291565
Turner,0720,580,534,48.78893327282913,-116.36555859783577,0.9926813244819641
Turner,0720,557,528,48.79513767892689,-116.3680161746289,0.9981435537338257
Turner,0720,449,511,48.824271411907716,-116.37497930887609,0.8479239344596863
Turner,0720,489,527,48.81348114043334,-116.36842577076109,0.9896562099456787
Turner,0720,456,509,48.8223831143997,-116.37579850114047,0.9625205397605896
Turner,0720,477,526,48.81671822187565,-116.36883536689328,0.9488422870635986
Turner,0720,534,547,48.80134208502466,-116.36023384811733,0.6879814267158508
Turner,0720,493,534,48.8124021132859,-116.36555859783577,0.9046231508255005
Turner,0720,580,530,48.78893327282913,-116.36719698236452,0.9959797263145447
Turner,0720,545,547,48.79837476036921,-116.36023384811733,0.9479279518127441
Turner,0720,527,552,48.803230382532675,-116.35818586745638,0.5639499425888062
Turner,0720,552,546,48.79648646286119,-116.36064344424952,0.754790723323822
Turner,0720,589,522,48.78650546174739,-116.37047375142203,0.9711155891418457
Turner,0720,554,535,48.79594694928747,-116.36514900170359,0.9836025238037109
Turner,0720,546,547,48.79810500358235,-116.36023384811733,0.9383817911148071
Turner,0720,562,536,48.793788894992595,-116.3647394055714,0.9973611235618591
Turner,0720,549,531,48.797295733221766,-116.36678738623233,0.9951767921447754
Turner,0720,487,529,48.81402065400705,-116.3676065784967,0.9701817631721497
Turner,0720,548,524,48.79756549000863,-116.36965455915765,0.9986207485198975
Turner,0720,590,523,48.78623570496053,-116.37006415528984,0.9342721104621887
Turner,0720,575,517,48.790282056763424,-116.37252173208297,0.9715802073478699
Turner,0720,577,543,48.7897425431897,-116.36187223264608,0.9189229607582092
Turner,0720,490,534,48.813211383646475,-116.36555859783577,0.8731258511543274
Turner,0720,595,527,48.784886921026235,-116.36842577076109,0.9662979245185852
Turner,0720,467,519,48.81941578974425,-116.37170253981859,0.9061711430549622
Turner,0720,571,542,48.79136108391086,-116.36228182877826,0.9863650798797607
Turner,0720,576,534,48.79001229997656,-116.36555859783577,0.9971656799316406
Turner,0720,537,502,48.80053281466408,-116.37866567406579,0.9326950907707214
Turner,0720,480,530,48.81590895151507,-116.36719698236452,0.558243989944458
Turner,0720,537,535,48.80053281466408,-116.36514900170359,0.9913429021835327
Turner,0720,585,520,48.78758448889483,-116.3712929436864,0.9507466554641724
Turner,0720,544,551,48.79864451715606,-116.35859546358859,0.9721031188964844
Turner,0720,456,511,48.8223831143997,-116.37497930887609,0.9720883369445801
Turner,0720,585,531,48.78758448889483,-116.36678738623233,0.9950469136238098
Turner,0720,535,532,48.8010723282378,-116.36637779010015,0.9927420616149902
Turner,0720,593,515,48.78542643459995,-116.37334092434735,0.9800356030464172
Turner,0720,561,539,48.79405865177945,-116.36351061717484,0.9873659610748291
Turner,0720,550,524,48.79702597643491,-116.36965455915765,0.9983628392219543
Turner,0720,572,510,48.791091327124,-116.37538890500828,0.8917530179023743
Turner,0720,525,523,48.803769896106395,-116.37006415528984,0.9979413151741028
Turner,0720,591,515,48.78596594817367,-116.37334092434735,0.9659431576728821
Turner,0720,470,523,48.818606519383664,-116.37006415528984,0.669255793094635
Turner,0720,552,539,48.79648646286119,-116.36351061717484,0.8297432661056519
Turner,0720,536,548,48.800802571450944,-116.35982425198515,0.6647185683250427
Turner,0720,492,528,48.812671870072755,-116.3680161746289,0.9890021085739136
Turner,0720,554,550,48.79594694928747,-116.35900505972077,0.8541716933250427
Turner,0720,527,502,48.803230382532675,-116.37866567406579,0.9687643647193909
Turner,0720,450,510,48.82400165512085,-116.37538890500828,0.9540098309516907
Turner,0720,484,531,48.814829924367636,-116.36678738623233,0.8415411710739136
Turner,0720,588,515,48.786775218534245,-116.37334092434735,0.9395145773887634
Turner,0720,499,538,48.810783572564745,-116.36392021330703,0.5051234364509583
Turner,0720,571,538,48.79136108391086,-116.36392021330703,0.9958626627922058
Turner,0720,566,541,48.792709867845154,-116.36269142491045,0.979975700378418
Turner,0720,572,546,48.791091327124,-116.36064344424952,0.7607762813568115
Turner,0720,595,515,48.784886921026235,-116.37334092434735,0.9489806294441223
Turner,0720,536,524,48.800802571450944,-116.36965455915765,0.9978432655334473
Turner,0720,565,547,48.79297962463202,-116.36023384811733,0.794680655002594
Turner,0720,542,502,48.79918403072978,-116.37866567406579,0.9583728909492493
Turner,0720,539,545,48.79999330109036,-116.3610530403817,0.9109616875648499
Turner,0720,582,534,48.788393759255406,-116.36555859783577,0.9831348657608032
Turner,0720,590,527,48.78623570496053,-116.36842577076109,0.9560142755508423
Turner,0720,567,543,48.7924401110583,-116.36187223264608,0.9875921010971069
Turner,0720,511,538,48.80754649112243,-116.36392021330703,0.8790262341499329
Turner,0720,548,531,48.79756549000863,-116.36678738623233,0.9949718713760376
Turner,0720,559,543,48.79459816535317,-116.36187223264608,0.9200262427330017
Turner,0720,525,524,48.803769896106395,-116.36965455915765,0.9966294169425964
Turner,0720,532,534,48.80188159859838,-116.36555859783577,0.9917942881584167
Turner,0720,548,554,48.79756549000863,-116.35736667519201,0.95413738489151
Turner,0720,487,525,48.81402065400705,-116.36924496302547,0.985246479511261
Turner,0720,491,524,48.81294162685962,-116.36965455915765,0.9858080744743347
Turner,0720,546,537,48.79810500358235,-116.36432980943921,0.9568637609481812
Turner,0720,568,506,48.79217035427144,-116.37702728953703,0.9828635454177856
Turner,0720,552,526,48.79648646286119,-116.36883536689328,0.9973101615905762
Turner,0720,577,542,48.7897425431897,-116.36228182877826,0.9294945001602173
Turner,0720,552,527,48.79648646286119,-116.36842577076109,0.9974350929260254
Turner,0720,591,530,48.78596594817367,-116.36719698236452,0.9199771285057068
Turner,0720,560,550,48.794328408566315,-116.35900505972077,0.7346863746643066
Turner,0720,539,531,48.79999330109036,-116.36678738623233,0.9964269399642944
Turner,0720,507,525,48.808625518269864,-116.36924496302547,0.9955984354019165
Turner,0720,519,543,48.80538843682755,-116.36187223264608,0.7051981091499329
Turner,0720,543,530,48.79891427394293,-116.36719698236452,0.9968505501747131
Turner,0720,563,537,48.79351913820574,-116.36432980943921,0.995952308177948
Turner,0720,521,541,48.804848923253836,-116.36269142491045,0.9548800587654114
Turner,0720,541,543,48.79945378751665,-116.36187223264608,0.9424316883087158
Turner,0720,583,531,48.78812400246854,-116.36678738623233,0.9875268340110779
Turner,0720,586,523,48.787314732107966,-116.37006415528984,0.9337859153747559
Turner,0720,477,523,48.81671822187565,-116.37006415528984,0.9513693451881409
Turner,0720,561,543,48.79405865177945,-116.36187223264608,0.9270601272583008
Turner,0720,504,530,48.80943478863045,-116.36719698236452,0.9917917251586914
Turner,0720,571,540,48.79136108391086,-116.36310102104264,0.9782518148422241
Turner,0720,534,542,48.80134208502466,-116.36228182877826,0.9614641070365906
Turner,0720,466,519,48.819685546531105,-116.37170253981859,0.8382271528244019
Turner,0720,454,511,48.82292262797342,-116.37497930887609,0.9706099629402161
Turner,0720,535,533,48.8010723282378,-116.36596819396796,0.9929673671722412
Turner,0720,498,533,48.8110533293516,-116.36596819396796,0.9739867448806763
Turner,0720,579,520,48.78920302961598,-116.3712929436864,0.9294005632400513
Turner,0720,483,524,48.81509968115449,-116.36965455915765,0.9810044765472412
Turner,0720,545,531,48.79837476036921,-116.36678738623233,0.9969497323036194
Turner,0720,587,528,48.78704497532111,-116.3680161746289,0.9817796349525452
Turner,0720,480,526,48.81590895151507,-116.36883536689328,0.9657314419746399
Turner,0720,539,538,48.79999330109036,-116.36392021330703,0.9727270603179932
Turner,0720,537,551,48.80053281466408,-116.35859546358859,0.8812528848648071
Turner,0720,503,533,48.809704545417304,-116.36596819396796,0.988784909248352
Turner,0720,521,543,48.804848923253836,-116.36187223264608,0.8266369104385376
Turner,0720,515,534,48.80646746397499,-116.36555859783577,0.9930581450462341
Turner,0720,536,502,48.800802571450944,-116.37866567406579,0.9124765396118164
Turner,0720,504,523,48.80943478863045,-116.37006415528984,0.993664026260376
Turner,0720,592,532,48.78569619138681,-116.36637779010015,0.9579121470451355
Turner,0720,548,527,48.79756549000863,-116.36842577076109,0.9977377653121948
Turner,0720,458,515,48.82184360082598,-116.37334092434735,0.8221318125724792
Turner,0720,475,528,48.81725773544937,-116.3680161746289,0.8364183902740479
Turner,0720,547,531,48.797835246795486,-116.36678738623233,0.9951121211051941
Turner,0720,495,526,48.81186259971218,-116.36883536689328,0.9892470240592957
Turner,0720,559,529,48.79459816535317,-116.3676065784967,0.9981615543365479
Turner,0720,581,544,48.78866351604226,-116.36146263651389,0.7221966981887817
Turner,0720,576,544,48.79001229997656,-116.36146263651389,0.9094271063804626
Turner,0720,468,523,48.819146032957384,-116.37006415528984,0.5967751145362854
Turner,0720,463,518,48.82049481689168,-116.37211213595077,0.7103888988494873
Turner,0720,508,533,48.80835576148301,-116.36596819396796,0.9921348094940186
Turner,0720,495,531,48.81186259971218,-116.36678738623233,0.9780167937278748
Turner,0720,521,535,48.804848923253836,-116.36514900170359,0.9906064867973328
Turner,0720,589,525,48.78650546174739,-116.36924496302547,0.9525527358055115
Turner,0720,523,537,48.804309409680116,-116.36432980943921,0.9851474761962891
Turner,0720,510,538,48.80781624790929,-116.36392021330703,0.8515949845314026
Turner,0720,591,521,48.78596594817367,-116.37088334755421,0.9953896403312683
Turner,0720,446,506,48.82508068226829,-116.37702728953703,0.7572045922279358
Turner,0720,566,540,48.792709867845154,-116.36310102104264,0.9871255159378052
Turner,0720,531,537,48.80215135538524,-116.36432980943921,0.9891259670257568
Turner,0720,499,537,48.810783572564745,-116.36432980943921,0.6084010004997253
Turner,0720,560,549,48.794328408566315,-116.35941465585296,0.6964285373687744
Turner,0720,527,501,48.803230382532675,-116.37907527019797,0.7111626267433167
Turner,0720,540,550,48.799723544303504,-116.35900505972077,0.8543270230293274
Turner,0720,545,541,48.79837476036921,-116.36269142491045,0.9217032194137573
Turner,0720,494,527,48.81213235649904,-116.36842577076109,0.9896472096443176
Turner,0720,548,535,48.79756549000863,-116.36514900170359,0.9838171005249023
Turner,0720,541,558,48.79945378751665,-116.35572829066327,0.6587257981300354
Turner,0720,591,525,48.78596594817367,-116.36924496302547,0.8825452923774719
Turner,0720,583,519,48.78812400246854,-116.37170253981859,0.9313560128211975
Turner,0720,472,525,48.81806700580995,-116.36924496302547,0.9139087200164795
Turner,0720,546,550,48.79810500358235,-116.35900505972077,0.9671738743782043
Turner,0720,594,521,48.78515667781309,-116.37088334755421,0.9945206642150879
Turner,0720,525,537,48.803769896106395,-116.36432980943921,0.9822533130645752
Turner,0720,523,535,48.804309409680116,-116.36514900170359,0.9906410574913025
Turner,0720,486,524,48.814290410793916,-116.36965455915765,0.9827527403831482
Turner,0720,580,524,48.78893327282913,-116.36965455915765,0.9927791357040405
Turner,0720,516,539,48.80619770718813,-116.36351061717484,0.9603526592254639
Turner,0720,528,540,48.80296062574582,-116.36310102104264,0.9779435992240906
Turner,0720,544,533,48.79864451715606,-116.36596819396796,0.9941099882125854
Turner,0720,542,525,48.79918403072978,-116.36924496302547,0.9976387023925781
Turner,0720,506,525,48.80889527505673,-116.36924496302547,0.9955583214759827
Turner,0720,564,548,48.793249381418875,-116.35982425198515,0.6381918787956238
Turner,0720,593,514,48.78542643459995,-116.37375052047953,0.9078899025917053
Turner,0720,539,535,48.79999330109036,-116.36514900170359,0.9930973649024963
Turner,0720,580,526,48.78893327282913,-116.36883536689328,0.9970650672912598
Turner,0720,530,523,48.8024211121721,-116.37006415528984,0.9984822273254395
Turner,0720,576,533,48.79001229997656,-116.36596819396796,0.9968593120574951
Turner,0720,540,554,48.799723544303504,-116.35736667519201,0.9319757223129272
Turner,0720,573,545,48.790821570337144,-116.3610530403817,0.876129150390625
Turner,0720,501,536,48.810244058991024,-116.3647394055714,0.8635896444320679
Turner,0720,590,538,48.78623570496053,-116.36392021330703,0.793550431728363
Turner,0720,465,513,48.81995530331796,-116.37416011661172,0.975833535194397
Turner,0720,591,516,48.78596594817367,-116.37293132821516,0.7643657922744751
Turner,0720,593,513,48.78542643459995,-116.37416011661172,0.6778649687767029
Turner,0720,573,540,48.790821570337144,-116.36310102104264,0.973609983921051
Turner,0720,533,549,48.80161184181152,-116.35941465585296,0.6462057828903198
Turner,0720,522,541,48.80457916646697,-116.36269142491045,0.9566243886947632
Turner,0720,480,522,48.81590895151507,-116.37047375142203,0.9634013175964355
Turner,0720,556,542,48.79540743571375,-116.36228182877826,0.8070618510246277
Turner,0720,559,548,48.79459816535317,-116.35982425198515,0.7625288963317871
Turner,0720,527,543,48.803230382532675,-116.36187223264608,0.9112809896469116
Turner,0720,589,526,48.78650546174739,-116.36883536689328,0.9488927721977234
Turner,0720,549,555,48.797295733221766,-116.35695707905982,0.8623844981193542
Turner,0720,594,518,48.78515667781309,-116.37211213595077,0.9356096982955933
Turner,0720,561,501,48.79405865177945,-116.37907527019797,0.9456233382225037
Turner,0720,560,552,48.794328408566315,-116.35818586745638,0.5084304809570312
Turner,0720,540,556,48.799723544303504,-116.35654748292764,0.6839251518249512
Turner,0720,581,533,48.78866351604226,-116.36596819396796,0.9901857972145081
Turner,0720,501,523,48.810244058991024,-116.37006415528984,0.9912837743759155
Turner,0720,512,533,48.80727673433557,-116.36596819396796,0.9938405752182007
Turner,0720,529,524,48.802690868958955,-116.36965455915765,0.9972330331802368
Turner,0720,544,546,48.79864451715606,-116.36064344424952,0.9595459699630737
Turner,0720,453,511,48.823192384760276,-116.37497930887609,0.9690294861793518
Turner,0720,546,535,48.79810500358235,-116.36514900170359,0.9887542128562927
Turner,0720,540,542,48.799723544303504,-116.36228182877826,0.9380720853805542
Turner,0720,523,522,48.804309409680116,-116.37047375142203,0.9981184005737305
Turner,0720,528,533,48.80296062574582,-116.36596819396796,0.9885329008102417
Turner,0720,528,545,48.80296062574582,-116.3610530403817,0.732737123966217
Turner,0720,537,550,48.80053281466408,-116.35900505972077,0.8400399684906006
Turner,0720,495,530,48.81186259971218,-116.36719698236452,0.9823198318481445
Turner,0720,565,541,48.79297962463202,-116.36269142491045,0.9790380597114563
Turner,0720,588,539,48.786775218534245,-116.36351061717484,0.9220595359802246
Turner,0720,469,511,48.81887627617053,-116.37497930887609,0.9868035316467285
Turner,0720,586,543,48.787314732107966,-116.36187223264608,0.5688962340354919
Turner,0720,473,528,48.81779724902309,-116.3680161746289,0.593341588973999
Turner,0720,533,550,48.80161184181152,-116.35900505972077,0.7088770866394043
Turner,0720,462,514,48.820764573678545,-116.37375052047953,0.9509430527687073
Turner,0720,593,528,48.78542643459995,-116.3680161746289,0.9177258610725403
Turner,0720,593,518,48.78542643459995,-116.37211213595077,0.9397056698799133
Turner,0720,579,543,48.78920302961598,-116.36187223264608,0.9484524130821228
Turner,0720,461,515,48.8210343304654,-116.37334092434735,0.9119005799293518
Turner,0720,597,535,48.784347407452515,-116.36514900170359,0.7301238775253296
Turner,0720,597,526,48.784347407452515,-116.36883536689328,0.6849086284637451
Turner,0720,595,530,48.784886921026235,-116.36719698236452,0.9217056035995483
Turner,0720,476,526,48.81698797866251,-116.36883536689328,0.9453775882720947
Turner,0720,527,530,48.803230382532675,-116.36719698236452,0.9918708205223083
Turner,0720,482,527,48.81536943794135,-116.36842577076109,0.9665957093238831
Turner,0720,578,536,48.78947278640285,-116.3647394055714,0.990899384021759
Turner,0720,468,525,48.819146032957384,-116.36924496302547,0.6442651152610779
Turner,0720,588,519,48.786775218534245,-116.37170253981859,0.9934699535369873
Turner,0720,541,557,48.79945378751665,-116.35613788679545,0.7156208157539368
Turner,0720,538,557,48.800263057877224,-116.35613788679545,0.557278573513031
Turner,0720,585,538,48.78758448889483,-116.36392021330703,0.9370413422584534
Turner,0720,550,531,48.79702597643491,-116.36678738623233,0.994071364402771
Turner,0720,488,532,48.813750897220196,-116.36637779010015,0.900927722454071
Turner,0720,523,521,48.804309409680116,-116.37088334755421,0.9978477954864502
Turner,0720,537,527,48.80053281466408,-116.36842577076109,0.9976101517677307
Turner,0720,542,541,48.79918403072978,-116.36269142491045,0.9323949217796326
Turner,0720,540,532,48.799723544303504,-116.36637779010015,0.9944723844528198
Turner,0720,543,547,48.79891427394293,-116.36023384811733,0.9361367225646973
Turner,0720,571,546,48.79136108391086,-116.36064344424952,0.7559914588928223
Turner,0720,597,533,48.784347407452515,-116.36596819396796,0.7644016742706299
Turner,0720,462,518,48.820764573678545,-116.37211213595077,0.6823906898498535
Turner,0720,577,521,48.7897425431897,-116.37088334755421,0.9865480065345764
Turner,0720,531,533,48.80215135538524,-116.36596819396796,0.9920804500579834
Turner,0720,541,529,48.79945378751665,-116.3676065784967,0.996950626373291
Turner,0720,558,530,48.794867922140035,-116.36719698236452,0.9967811703681946
Turner,0720,526,544,48.80350013931954,-116.36146263651389,0.7360650897026062
Turner,0720,559,501,48.79459816535317,-116.37907527019797,0.987247884273529
Turner,0720,543,543,48.79891427394293,-116.36187223264608,0.9381054639816284
Turner,0720,563,536,48.79351913820574,-116.3647394055714,0.9978225827217102
Turner,0720,461,517,48.8210343304654,-116.37252173208297,0.6853430867195129
Turner,0720,579,545,48.78920302961598,-116.3610530403817,0.8183509707450867
Turner,0720,584,523,48.787854245681686,-116.37006415528984,0.9883977770805359
Turner,0720,580,540,48.78893327282913,-116.36310102104264,0.9223886132240295
Turner,0720,553,528,48.79621670607433,-116.3680161746289,0.9964789152145386
Turner,0720,516,533,48.80619770718813,-116.36596819396796,0.9929876923561096
Turner,0720,485,522,48.81456016758077,-116.37047375142203,0.9754944443702698
Turner,0720,522,545,48.80457916646697,-116.3610530403817,0.6327326893806458
Turner,0720,495,525,48.81186259971218,-116.36924496302547,0.9886999726295471
Turner,0720,503,523,48.809704545417304,-116.37006415528984,0.9932184219360352
Turner,0720,587,518,48.78704497532111,-116.37211213595077,0.9709672927856445
Turner,0720,563,502,48.79351913820574,-116.37866567406579,0.989509642124176
Turner,0720,526,501,48.80350013931954,-116.37907527019797,0.8765571117401123
Turner,0720,539,556,48.79999330109036,-116.35654748292764,0.6913668513298035
Turner,0720,575,541,48.790282056763424,-116.36269142491045,0.9481239914894104
Turner,0720,564,504,48.793249381418875,-116.37784648180141,0.9689635634422302
Turner,0720,514,542,48.806737220761846,-116.36228182877826,0.6728331446647644
Turner,0720,512,535,48.80727673433557,-116.36514900170359,0.9880829453468323
Turner,0720,588,541,48.786775218534245,-116.36269142491045,0.8286787271499634
Turner,0720,541,550,48.79945378751665,-116.35900505972077,0.8825687766075134
Turner,0720,557,548,48.79513767892689,-116.35982425198515,0.779541552066803
Turner,0720,558,538,48.794867922140035,-116.36392021330703,0.9742200374603271
Turner,0720,517,542,48.80592795040127,-116.36228182877826,0.7778360247612
Turner,0720,528,524,48.80296062574582,-116.36965455915765,0.9969890117645264
Turner,0720,558,533,48.794867922140035,-116.36596819396796,0.9953804016113281
Turner,0720,592,514,48.78569619138681,-116.37375052047953,0.976539134979248
Turner,0720,476,519,48.81698797866251,-116.37170253981859,0.9765231013298035
Turner,0720,561,551,48.79405865177945,-116.35859546358859,0.6678441762924194
Turner,0720,538,524,48.800263057877224,-116.36965455915765,0.9976974129676819
Turner,0720,564,547,48.793249381418875,-116.36023384811733,0.8669286966323853
Turner,0720,478,522,48.81644846508879,-116.37047375142203,0.9511504173278809
Turner,0720,558,526,48.794867922140035,-116.36883536689328,0.9984737038612366
Turner,0720,576,543,48.79001229997656,-116.36187223264608,0.931486964225769
Turner,0720,481,525,48.81563919472821,-116.36924496302547,0.9736090302467346
Turner,0720,489,525,48.81348114043334,-116.36924496302547,0.9866369962692261
Turner,0720,544,532,48.79864451715606,-116.36637779010015,0.9940056800842285
Turner,0720,475,526,48.81725773544937,-116.36883536689328,0.9430286288261414
Turner,0720,527,531,48.803230382532675,-116.36678738623233,0.9914901852607727
Turner,0720,585,528,48.78758448889483,-116.3680161746289,0.9749903678894043
Turner,0720,561,550,48.79405865177945,-116.35900505972077,0.6631266474723816
Turner,0720,543,525,48.79891427394293,-116.36924496302547,0.9977396726608276
Turner,0720,579,534,48.78920302961598,-116.36555859783577,0.9956284761428833
Turner,0720,487,524,48.81402065400705,-116.36965455915765,0.9835575819015503
Turner,0720,553,533,48.79621670607433,-116.36596819396796,0.986886203289032
Turner,0720,569,503,48.79190059748458,-116.3782560779336,0.6918174624443054
Turner,0720,478,528,48.81644846508879,-116.3680161746289,0.8522515892982483
Turner,0720,523,534,48.804309409680116,-116.36555859783577,0.9918635487556458
Turner,0720,587,522,48.78704497532111,-116.37047375142203,0.9735448956489563
Turner,0720,505,527,48.809165031843584,-116.36842577076109,0.9937247037887573
Turner,0720,557,529,48.79513767892689,-116.3676065784967,0.9976210594177246
Turner,0720,564,540,48.793249381418875,-116.36310102104264,0.9919331073760986
Turner,0720,496,522,48.81159284292532,-116.37047375142203,0.9881356954574585
Turner,0720,570,508,48.79163084069772,-116.37620809727265,0.9148755669593811
Turner,0720,552,533,48.79648646286119,-116.36596819396796,0.9852380156517029
Turner,0720,531,532,48.80215135538524,-116.36637779010015,0.9922184944152832
Turner,0720,583,517,48.78812400246854,-116.37252173208297,0.805942952632904
Turner,0720,579,546,48.78920302961598,-116.36064344424952,0.6330502033233643
Turner,0720,550,554,48.79702597643491,-116.35736667519201,0.8632031083106995
Turner,0720,525,546,48.803769896106395,-116.36064344424952,0.5417223572731018
Turner,0720,575,538,48.790282056763424,-116.36392021330703,0.9873338937759399
Turner,0720,548,502,48.79756549000863,-116.37866567406579,0.9786279797554016
Turner,0720,586,534,48.787314732107966,-116.36555859783577,0.9876309633255005
Turner,0720,523,545,48.804309409680116,-116.3610530403817,0.7144613862037659
Turner,0720,543,535,48.79891427394293,-116.36514900170359,0.9891915917396545
Turner,0720,489,535,48.81348114043334,-116.36514900170359,0.6399455666542053
Turner,0720,591,520,48.78596594817367,-116.3712929436864,0.9911603331565857
Turner,0720,583,527,48.78812400246854,-116.36842577076109,0.9915704727172852
Turner,0720,595,525,48.784886921026235,-116.36924496302547,0.9632137417793274
Turner,0720,568,544,48.79217035427144,-116.36146263651389,0.9718949794769287
Turner,0720,541,533,48.79945378751665,-116.36596819396796,0.9938985705375671
Turner,0720,535,530,48.8010723282378,-116.36719698236452,0.9944120645523071
Turner,0720,589,516,48.78650546174739,-116.37293132821516,0.757255494594574
Turner,0720,561,503,48.79405865177945,-116.3782560779336,0.993478000164032
Turner,0720,541,541,48.79945378751665,-116.36269142491045,0.938873827457428
Turner,0720,561,546,48.79405865177945,-116.36064344424952,0.6373629570007324
Turner,0720,529,549,48.802690868958955,-116.35941465585296,0.6237229108810425
Turner,0720,554,500,48.79594694928747,-116.37948486633016,0.8230480551719666
Turner,0720,540,557,48.799723544303504,-116.35613788679545,0.718316376209259
Turner,0720,573,517,48.790821570337144,-116.37252173208297,0.9931538105010986
Turner,0720,525,538,48.803769896106395,-116.36392021330703,0.9845737814903259
Turner,0720,524,534,48.80403965289325,-116.36555859783577,0.9913734793663025
Turner,0720,511,535,48.80754649112243,-116.36514900170359,0.9860113263130188
Turner,0720,584,521,48.787854245681686,-116.37088334755421,0.9412229061126709
Turner,0720,578,518,48.78947278640285,-116.37211213595077,0.845708429813385
Turner,0720,585,521,48.78758448889483,-116.37088334755421,0.9329554438591003
Turner,0720,577,539,48.7897425431897,-116.36351061717484,0.9827108383178711
Turner,0720,504,532,48.80943478863045,-116.36637779010015,0.9906088709831238
Turner,0720,467,518,48.81941578974425,-116.37211213595077,0.932563066482544
Turner,0720,541,524,48.79945378751665,-116.36965455915765,0.9982451796531677
Turner,0720,563,546,48.79351913820574,-116.36064344424952,0.8745175004005432
Turner,0720,495,524,48.81186259971218,-116.36965455915765,0.9871454238891602
Turner,0720,552,538,48.79648646286119,-116.36392021330703,0.8603401780128479
Turner,0720,568,537,48.79217035427144,-116.36432980943921,0.9979697465896606
Turner,0720,572,520,48.791091327124,-116.3712929436864,0.998157262802124
Turner,0720,475,524,48.81725773544937,-116.36965455915765,0.9253035187721252
Turner,0720,485,532,48.81456016758077,-116.36637779010015,0.8062145709991455
Turner,0720,581,527,48.78866351604226,-116.36842577076109,0.9964564442634583
Turner,0720,550,557,48.79702597643491,-116.35613788679545,0.6893070936203003
Turner,0720,586,522,48.787314732107966,-116.37047375142203,0.9109245538711548
Turner,0720,583,544,48.78812400246854,-116.36146263651389,0.5335670709609985
Turner,0720,547,554,48.797835246795486,-116.35736667519201,0.9305064082145691
Turner,0720,530,541,48.8024211121721,-116.36269142491045,0.9789098501205444
Turner,0720,498,534,48.8110533293516,-116.36555859783577,0.9629334211349487
Turner,0720,507,530,48.808625518269864,-116.36719698236452,0.9933375120162964
Turner,0720,568,535,48.79217035427144,-116.36514900170359,0.9991796016693115
Turner,0720,585,525,48.78758448889483,-116.36924496302547,0.9799138903617859
Turner,0720,560,542,48.794328408566315,-116.36228182877826,0.9094990491867065
Turner,0720,501,529,48.810244058991024,-116.3676065784967,0.9897449612617493
Turner,0720,567,536,48.7924401110583,-116.3647394055714,0.9983089566230774
Turner,0720,454,512,48.82292262797342,-116.3745697127439,0.96006840467453
Turner,0720,555,527,48.79567719250061,-116.36842577076109,0.9978497624397278
Turner,0720,581,528,48.78866351604226,-116.3680161746289,0.9960839152336121
Turner,0720,499,532,48.810783572564745,-116.36637779010015,0.9811088442802429
Turner,0720,583,536,48.78812400246854,-116.3647394055714,0.9500805139541626
Turner,0720,564,529,48.793249381418875,-116.3676065784967,0.9992756843566895
Turner,0720,543,546,48.79891427394293,-116.36064344424952,0.9469639658927917
Turner,0720,558,534,48.794867922140035,-116.36555859783577,0.9948760271072388
Turner,0720,463,513,48.82049481689168,-116.37416011661172,0.9719658493995667
Turner,0720,514,541,48.806737220761846,-116.36269142491045,0.7805838584899902
Turner,0720,538,552,48.800263057877224,-116.35818586745638,0.8910256624221802
Turner,0720,522,534,48.80457916646697,-116.36555859783577,0.9926406145095825
Turner,0720,528,547,48.80296062574582,-116.36023384811733,0.5372352600097656
Turner,0720,553,530,48.79621670607433,-116.36719698236452,0.9939661622047424
Turner,0720,554,538,48.79594694928747,-116.36392021330703,0.9142102003097534
Turner,0720,559,539,48.79459816535317,-116.36351061717484,0.9692457914352417
Turner,0720,577,522,48.7897425431897,-116.37047375142203,0.9810357093811035
Turner,0720,527,541,48.803230382532675,-116.36269142491045,0.9734506607055664
Turner,0720,521,542,48.804848923253836,-116.36228182877826,0.9062728881835938
Turner,0720,476,518,48.81698797866251,-116.37211213595077,0.977527379989624
Turner,0720,548,538,48.79756549000863,-116.36392021330703,0.9470218420028687
Turner,0720,558,540,48.794867922140035,-116.36310102104264,0.9272631406784058
Turner,0720,545,532,48.79837476036921,-116.36637779010015,0.9950758814811707
Turner,0720,450,512,48.82400165512085,-116.3745697127439,0.7661462426185608
Turner,0720,550,551,48.79702597643491,-116.35859546358859,0.9526883959770203
Turner,0720,543,556,48.79891427394293,-116.35654748292764,0.7085728049278259
Turner,0720,492,526,48.812671870072755,-116.36883536689328,0.98857182264328
Turner,0720,512,530,48.80727673433557,-116.36719698236452,0.9939751029014587
Turner,0720,592,531,48.78569619138681,-116.36678738623233,0.9920492172241211
Turner,0720,457,509,48.82211335761284,-116.37579850114047,0.9564856886863708
Turner,0720,551,556,48.796756219648046,-116.35654748292764,0.5430241227149963
Turner,0720,507,524,48.808625518269864,-116.36965455915765,0.9949507713317871
Turner,0720,533,536,48.80161184181152,-116.3647394055714,0.9867904782295227
Turner,0720,554,534,48.79594694928747,-116.36555859783577,0.9844017028808594
Turner,0720,535,548,48.8010723282378,-116.35982425198515,0.6477936506271362
Turner,0720,579,541,48.78920302961598,-116.36269142491045,0.9324297308921814
Turner,0720,533,523,48.80161184181152,-116.37006415528984,0.9988627433776855
Turner,0720,511,541,48.80754649112243,-116.36269142491045,0.6473714709281921
Turner,0720,517,536,48.80592795040127,-116.3647394055714,0.9842504858970642
Turner,0720,584,520,48.787854245681686,-116.3712929436864,0.9559059739112854
Turner,0720,588,536,48.786775218534245,-116.3647394055714,0.9784330725669861
Turner,0720,592,539,48.78569619138681,-116.36351061717484,0.852753758430481
Turner,0720,591,535,48.78596594817367,-116.36514900170359,0.9698461890220642
Turner,0720,591,532,48.78596594817367,-116.36637779010015,0.8103507161140442
Turner,0720,446,507,48.82508068226829,-116.37661769340484,0.844986081123352
Turner,0720,546,552,48.79810500358235,-116.35818586745638,0.9697713255882263
Turner,0720,569,543,48.79190059748458,-116.36187223264608,0.983940839767456
Turner,0720,548,526,48.79756549000863,-116.36883536689328,0.9980614185333252
Turner,0720,467,521,48.81941578974425,-116.37088334755421,0.673728883266449
Turner,0720,545,525,48.79837476036921,-116.36924496302547,0.9978676438331604
Turner,0720,586,524,48.787314732107966,-116.36965455915765,0.962833046913147
Turner,0720,557,542,48.79513767892689,-116.36228182877826,0.9010325074195862
Turner,0720,547,525,48.797835246795486,-116.36924496302547,0.9977923631668091
Turner,0720,497,530,48.81132308613846,-116.36719698236452,0.9851338863372803
Turner,0720,473,521,48.81779724902309,-116.37088334755421,0.9135696291923523
Turner,0720,572,544,48.791091327124,-116.36146263651389,0.9660505056381226
Turner,0720,543,502,48.79891427394293,-116.37866567406579,0.955941915512085
Turner,0720,568,546,48.79217035427144,-116.36064344424952,0.8266218900680542
Turner,0720,541,535,48.79945378751665,-116.36514900170359,0.9909166097640991
Turner,0720,492,529,48.812671870072755,-116.3676065784967,0.9843961596488953
Turner,0720,566,544,48.792709867845154,-116.36146263651389,0.9289814233779907
Turner,0720,538,539,48.800263057877224,-116.36351061717484,0.9659414887428284
Turner,0720,586,537,48.787314732107966,-116.36432980943921,0.9714183211326599
Turner,0720,491,527,48.81294162685962,-116.36842577076109,0.9890377521514893
Turner,0720,471,522,48.81833676259681,-116.37047375142203,0.7852230072021484
Turner,0720,532,533,48.80188159859838,-116.36596819396796,0.991161584854126
Turner,0720,571,541,48.79136108391086,-116.36269142491045,0.9765639901161194
Turner,0720,480,529,48.81590895151507,-116.3676065784967,0.6837819218635559
Turner,0720,545,551,48.79837476036921,-116.35859546358859,0.9764733910560608
Turner,0720,595,514,48.784886921026235,-116.37375052047953,0.8980159163475037
Turner,0720,496,536,48.81159284292532,-116.3647394055714,0.6755667924880981
Turner,0720,537,553,48.80053281466408,-116.3577762713242,0.8168498277664185
Turner,0720,488,523,48.813750897220196,-116.37006415528984,0.9825316667556763
Turner,0720,476,523,48.81698797866251,-116.37006415528984,0.9318684935569763
Turner,0720,534,524,48.80134208502466,-116.36965455915765,0.9977099299430847
Turner,0720,501,537,48.810244058991024,-116.36432980943921,0.6322996616363525
Turner,0720,533,525,48.80161184181152,-116.36924496302547,0.9969862103462219
Turner,0720,545,554,48.79837476036921,-116.35736667519201,0.9476011991500854
Turner,0720,548,530,48.79756549000863,-116.36719698236452,0.9967579245567322
Turner,0720,588,543,48.786775218534245,-116.36187223264608,0.6325905323028564
Turner,0720,551,534,48.796756219648046,-116.36555859783577,0.9865496158599854
Turner,0720,554,533,48.79594694928747,-116.36596819396796,0.986116349697113
Turner,0720,524,533,48.80403965289325,-116.36596819396796,0.9909027218818665
Turner,0720,527,536,48.803230382532675,-116.3647394055714,0.9878793954849243
Turner,0720,564,539,48.793249381418875,-116.36351061717484,0.996928334236145
Turner,0720,460,518,48.82130408725226,-116.37211213595077,0.6069096326828003
Turner,0720,548,523,48.79756549000863,-116.37006415528984,0.9994023442268372
Turner,0720,572,540,48.791091327124,-116.36310102104264,0.9803832173347473
Turner,0720,551,501,48.796756219648046,-116.37907527019797,0.9140305519104004
Turner,0720,508,539,48.80835576148301,-116.36351061717484,0.7412347793579102
Turner,0720,538,554,48.800263057877224,-116.35736667519201,0.8527684211730957
Turner,0720,529,535,48.802690868958955,-116.36514900170359,0.9893478155136108
Turner,0720,557,537,48.79513767892689,-116.36432980943921,0.9845958948135376
Turner,0720,537,531,48.80053281466408,-116.36678738623233,0.9961071014404297
Turner,0720,454,508,48.82292262797342,-116.37620809727265,0.9515974521636963
Turner,0720,590,526,48.78623570496053,-116.36883536689328,0.9225863814353943
Turner,0720,580,539,48.78893327282913,-116.36351061717484,0.970431923866272
Turner,0720,473,525,48.81779724902309,-116.36924496302547,0.9233594536781311
Turner,0720,532,537,48.80188159859838,-116.36432980943921,0.987464189529419
Turner,0720,555,548,48.79567719250061,-116.35982425198515,0.7027645111083984
Turner,0720,571,544,48.79136108391086,-116.36146263651389,0.9757209420204163
Turner,0720,447,509,48.82481092548144,-116.37579850114047,0.8829873204231262
Turner,0720,548,551,48.79756549000863,-116.35859546358859,0.967602014541626
Turner,0720,576,538,48.79001229997656,-116.36392021330703,0.9884416460990906
Turner,0720,506,527,48.80889527505673,-116.36842577076109,0.994554340839386
Turner,0720,573,519,48.790821570337144,-116.37170253981859,0.9932150840759277
Turner,0720,561,545,48.79405865177945,-116.3610530403817,0.6990687251091003
Turner,0720,542,527,48.79918403072978,-116.36842577076109,0.9970514178276062
Turner,0720,509,527,48.80808600469615,-116.36842577076109,0.9946569800376892
Turner,0720,514,531,48.806737220761846,-116.36678738623233,0.9946472644805908
Turner,0720,545,542,48.79837476036921,-116.36228182877826,0.9358024001121521
Turner,0720,544,525,48.79864451715606,-116.36924496302547,0.9979233741760254
Turner,0720,502,526,48.80997430220416,-116.36883536689328,0.9928010702133179
Turner,0720,492,535,48.812671870072755,-116.36514900170359,0.8518546223640442
Turner,0720,522,526,48.80457916646697,-116.36883536689328,0.9958330392837524
Turner,0720,577,545,48.7897425431897,-116.3610530403817,0.7901681065559387
Turner,0720,491,523,48.81294162685962,-116.37006415528984,0.98252934217453
Turner,0720,556,534,48.79540743571375,-116.36555859783577,0.9883305430412292
Turner,0720,526,541,48.80350013931954,-116.36269142491045,0.9703134298324585
Turner,0720,587,530,48.78704497532111,-116.36719698236452,0.9897571802139282
Turner,0720,535,525,48.8010723282378,-116.36924496302547,0.9972830414772034
Turner,0720,558,532,48.794867922140035,-116.36637779010015,0.996279239654541
Turner,0720,581,516,48.78866351604226,-116.37293132821516,0.6571865677833557
Turner,0720,540,501,48.799723544303504,-116.37907527019797,0.7786341309547424
Turner,0720,561,535,48.79405865177945,-116.36514900170359,0.9985636472702026
Turner,0720,542,552,48.79918403072978,-116.35818586745638,0.933002769947052
Turner,0720,558,528,48.794867922140035,-116.3680161746289,0.9983841776847839
Turner,0720,524,543,48.80403965289325,-116.36187223264608,0.9070494174957275
Turner,0720,522,536,48.80457916646697,-116.3647394055714,0.9879230856895447
Turner,0720,455,510,48.822652871186556,-116.37538890500828,0.9685050845146179
Turner,0720,570,547,48.79163084069772,-116.36023384811733,0.5729171633720398
Turner,0720,535,540,48.8010723282378,-116.36310102104264,0.970620334148407
Turner,0720,561,529,48.79405865177945,-116.3676065784967,0.9986878633499146
Turner,0720,533,545,48.80161184181152,-116.3610530403817,0.8426098823547363
Turner,0720,466,521,48.819685546531105,-116.37088334755421,0.5693454146385193
Turner,0720,493,535,48.8124021132859,-116.36514900170359,0.8467930555343628
Turner,0720,490,529,48.813211383646475,-116.3676065784967,0.9784733653068542
Turner,0720,559,536,48.79459816535317,-116.3647394055714,0.9942904710769653
Turner,0720,543,553,48.79891427394293,-116.3577762713242,0.9480090737342834
Turner,0720,553,543,48.79621670607433,-116.36187223264608,0.6882386207580566
Turner,0720,541,549,48.79945378751665,-116.35941465585296,0.88995361328125
Turner,0720,536,530,48.800802571450944,-116.36719698236452,0.9957829117774963
Turner,0720,528,536,48.80296062574582,-116.3647394055714,0.988685131072998
Turner,0720,526,545,48.80350013931954,-116.3610530403817,0.6254926919937134
Turner,0720,568,545,48.79217035427144,-116.3610530403817,0.9456151127815247
Turner,0720,548,533,48.79756549000863,-116.36596819396796,0.991105318069458
Turner,0720,562,551,48.793788894992595,-116.35859546358859,0.6311928629875183
Turner,0720,575,534,48.790282056763424,-116.36555859783577,0.9974373579025269
Turner,0720,552,535,48.79648646286119,-116.36514900170359,0.9792315363883972
Turner,0720,581,542,48.78866351604226,-116.36228182877826,0.7045668959617615
Turner,0720,510,531,48.80781624790929,-116.36678738623233,0.9925633668899536
Turner,0720,576,522,48.79001229997656,-116.37047375142203,0.9919677376747131
Turner,0720,542,532,48.79918403072978,-116.36637779010015,0.9940052032470703
Turner,0720,588,518,48.786775218534245,-116.37211213595077,0.9648088812828064
Turner,0720,477,528,48.81671822187565,-116.3680161746289,0.8170250058174133
Turner,0720,481,531,48.81563919472821,-116.36678738623233,0.5284297466278076
Turner,0720,588,517,48.786775218534245,-116.37252173208297,0.8981691002845764
Turner,0720,531,531,48.80215135538524,-116.36678738623233,0.9937010407447815
Turner,0720,592,535,48.78569619138681,-116.36514900170359,0.9964917302131653
Turner,0720,463,519,48.82049481689168,-116.37170253981859,0.7174051403999329
Turner,0720,530,549,48.8024211121721,-116.35941465585296,0.609478771686554
Turner,0720,547,533,48.797835246795486,-116.36596819396796,0.9891842603683472
Turner,0720,539,522,48.79999330109036,-116.37047375142203,0.9996472597122192
Turner,0720,520,537,48.80511868004069,-116.36432980943921,0.979534924030304
Turner,0720,578,520,48.78947278640285,-116.3712929436864,0.9643270969390869
Turner,0720,570,515,48.79163084069772,-116.37334092434735,0.9733136892318726
Turner,0720,545,534,48.79837476036921,-116.36555859783577,0.9948476552963257
Turner,0720,499,526,48.810783572564745,-116.36883536689328,0.9910615682601929
Turner,0720,587,544,48.78704497532111,-116.36146263651389,0.5185307264328003
Turner,0720,597,532,48.784347407452515,-116.36637779010015,0.853236973285675
Turner,0720,535,542,48.8010723282378,-116.36228182877826,0.9592739343643188
Turner,0720,567,506,48.7924401110583,-116.37702728953703,0.9872711300849915
Turner,0720,561,548,48.79405865177945,-116.35982425198515,0.6878567337989807
Turner,0720,584,533,48.787854245681686,-116.36596819396796,0.9906789660453796
Turner,0720,459,517,48.82157384403912,-116.37252173208297,0.6341855525970459
Turner,0720,576,518,48.79001229997656,-116.37211213595077,0.9701704978942871
Turner,0720,456,515,48.8223831143997,-116.37334092434735,0.6609470844268799
Turner,0720,574,536,48.79055181355028,-116.3647394055714,0.9947216510772705
Turner,0720,510,536,48.80781624790929,-116.3647394055714,0.9659732580184937
Turner,0720,531,542,48.80215135538524,-116.36228182877826,0.9720885753631592
Turner,0720,534,549,48.80134208502466,-116.35941465585296,0.6895965933799744
Turner,0720,526,531,48.80350013931954,-116.36678738623233,0.9909095764160156
Turner,0720,588,526,48.786775218534245,-116.36883536689328,0.9782212972640991
Turner,0720,512,536,48.80727673433557,-116.3647394055714,0.9764625430107117
Turner,0720,596,514,48.78461716423937,-116.37375052047953,0.736556887626648
Turner,0720,548,501,48.79756549000863,-116.37907527019797,0.8666278719902039
Turner,0720,546,543,48.79810500358235,-116.36187223264608,0.9351457357406616
Turner,0720,526,525,48.80350013931954,-116.36924496302547,0.9958338141441345
Turner,0720,504,533,48.80943478863045,-116.36596819396796,0.9894703030586243
Turner,0720,473,519,48.81779724902309,-116.37170253981859,0.9709987044334412
Turner,0720,495,534,48.81186259971218,-116.36555859783577,0.9403293132781982
Turner,0720,557,543,48.79513767892689,-116.36187223264608,0.8659311532974243
Turner,0720,554,543,48.79594694928747,-116.36187223264608,0.7971436381340027
Turner,0720,548,541,48.79756549000863,-116.36269142491045,0.9040712714195251
Turner,0720,544,535,48.79864451715606,-116.36514900170359,0.9891245365142822
Turner,0720,537,537,48.80053281466408,-116.36432980943921,0.9805792570114136
Turner,0720,562,549,48.793788894992595,-116.35941465585296,0.7200819253921509
Turner,0720,577,525,48.7897425431897,-116.36924496302547,0.9971706867218018
Turner,0720,586,525,48.787314732107966,-116.36924496302547,0.9873946905136108
Turner,0720,470,521,48.818606519383664,-116.37088334755421,0.8381544947624207
Turner,0720,505,530,48.809165031843584,-116.36719698236452,0.9924773573875427
Turner,0720,576,540,48.79001229997656,-116.36310102104264,0.9540170431137085
Turner,0720,519,525,48.80538843682755,-116.36924496302547,0.9964704513549805
Turner,0720,578,543,48.78947278640285,-116.36187223264608,0.940956175327301
Turner,0720,563,503,48.79351913820574,-116.3782560779336,0.9773032069206238
Turner,0720,591,522,48.78596594817367,-116.37047375142203,0.9911501407623291
Turner,0720,567,547,48.7924401110583,-116.36023384811733,0.7036134004592896
Turner,0720,479,521,48.81617870830193,-116.37088334755421,0.9676511883735657
Turner,0720,543,501,48.79891427394293,-116.37907527019797,0.665374755859375
Turner,0720,478,523,48.81644846508879,-116.37006415528984,0.9592406749725342
Turner,0720,532,541,48.80188159859838,-116.36269142491045,0.9759181141853333
Turner,0720,583,541,48.78812400246854,-116.36269142491045,0.7135311961174011
Turner,0720,587,543,48.78704497532111,-116.36187223264608,0.7557513117790222
Turner,0720,567,501,48.7924401110583,-116.37907527019797,0.5446410775184631
Turner,0720,580,520,48.78893327282913,-116.3712929436864,0.9547511339187622
Turner,0720,552,553,48.79648646286119,-116.3577762713242,0.5949633717536926
Turner,0720,596,535,48.78461716423937,-116.36514900170359,0.9228572845458984
Turner,0720,543,527,48.79891427394293,-116.36842577076109,0.9973878264427185
Turner,0720,513,533,48.80700697754871,-116.36596819396796,0.9943416118621826
Turner,0720,574,539,48.79055181355028,-116.36351061717484,0.9801774621009827
Turner,0720,574,517,48.79055181355028,-116.37252173208297,0.9934221506118774
Turner,0720,531,502,48.80215135538524,-116.37866567406579,0.9160865545272827
Turner,0720,560,543,48.794328408566315,-116.36187223264608,0.9279627203941345
Turner,0720,492,536,48.812671870072755,-116.3647394055714,0.501022219657898
Turner,0720,588,522,48.786775218534245,-116.37047375142203,0.9737560749053955
Turner,0720,541,523,48.79945378751665,-116.37006415528984,0.999265193939209
Turner,0720,527,535,48.803230382532675,-116.36514900170359,0.9872763156890869
Turner,0720,544,534,48.79864451715606,-116.36555859783577,0.9947472214698792
Turner,0720,582,520,48.788393759255406,-116.3712929436864,0.8060503602027893
Turner,0720,565,538,48.79297962463202,-116.36392021330703,0.9953370094299316
Turner,0720,536,551,48.800802571450944,-116.35859546358859,0.8663222193717957
Turner,0720,597,516,48.784347407452515,-116.37293132821516,0.8202120065689087
Turner,0720,581,545,48.78866351604226,-116.3610530403817,0.6904551982879639
Turner,0720,480,520,48.81590895151507,-116.3712929436864,0.9764059782028198
Turner,0720,560,535,48.794328408566315,-116.36514900170359,0.9985338449478149
Turner,0720,592,525,48.78569619138681,-116.36924496302547,0.9334721565246582
Turner,0720,477,522,48.81671822187565,-116.37047375142203,0.9446520805358887
Turner,0720,529,552,48.802690868958955,-116.35818586745638,0.7412930727005005
Turner,0720,566,538,48.792709867845154,-116.36392021330703,0.9958760142326355
Turner,0720,563,534,48.79351913820574,-116.36555859783577,0.9983789324760437
Turner,0720,570,546,48.79163084069772,-116.36064344424952,0.7052344679832458
Turner,0720,597,519,48.784347407452515,-116.37170253981859,0.9460024237632751
Turner,0720,553,535,48.79621670607433,-116.36514900170359,0.980578601360321
Turner,0720,585,541,48.78758448889483,-116.36269142491045,0.680664598941803
Turner,0720,546,559,48.79810500358235,-116.35531869453108,0.5449756383895874
Turner,0720,584,542,48.787854245681686,-116.36228182877826,0.5504939556121826
Turner,0720,584,539,48.787854245681686,-116.36351061717484,0.9186840057373047
Turner,0720,513,536,48.80700697754871,-116.3647394055714,0.97994065284729
Turner,0720,566,545,48.792709867845154,-116.3610530403817,0.8295416235923767
Turner,0720,534,503,48.80134208502466,-116.3782560779336,0.9645248651504517
Turner,0720,578,517,48.78947278640285,-116.37252173208297,0.9248412251472473
Turner,0720,452,513,48.82346214154714,-116.37416011661172,0.7321372628211975
Turner,0720,488,529,48.813750897220196,-116.3676065784967,0.9741339683532715
Turner,0720,582,533,48.788393759255406,-116.36596819396796,0.992734968662262
Turner,0720,578,521,48.78947278640285,-116.37088334755421,0.9846568703651428
Turner,0720,467,523,48.81941578974425,-116.37006415528984,0.613922119140625
Turner,0720,569,536,48.79190059748458,-116.3647394055714,0.9979833960533142
Turner,0720,482,528,48.81536943794135,-116.3680161746289,0.9306989312171936
Turner,0720,542,547,48.79918403072978,-116.36023384811733,0.9157649874687195
Turner,0720,543,534,48.79891427394293,-116.36555859783577,0.9940196871757507
Turner,0720,466,517,48.819685546531105,-116.37252173208297,0.9475291967391968
Turner,0720,573,546,48.790821570337144,-116.36064344424952,0.6070853471755981
Turner,0720,591,538,48.78596594817367,-116.36392021330703,0.7509494423866272
Turner,0720,481,528,48.81563919472821,-116.3680161746289,0.896788477897644
Turner,0720,588,525,48.786775218534245,-116.36924496302547,0.9726005792617798
Turner,0720,581,537,48.78866351604226,-116.36432980943921,0.983942449092865
Turner,0720,556,527,48.79540743571375,-116.36842577076109,0.998097836971283
Turner,0720,551,551,48.796756219648046,-116.35859546358859,0.9521887302398682
Turner,0720,537,501,48.80053281466408,-116.37907527019797,0.5411004424095154
Turner,0720,560,541,48.794328408566315,-116.36269142491045,0.8860540986061096
Turner,0720,583,526,48.78812400246854,-116.36883536689328,0.9907459616661072
Turner,0720,596,515,48.78461716423937,-116.37334092434735,0.9847787618637085
Turner,0720,542,550,48.79918403072978,-116.35900505972077,0.9081354737281799
Turner,0720,595,538,48.784886921026235,-116.36392021330703,0.8089154958724976
Turner,0720,546,542,48.79810500358235,-116.36228182877826,0.9075199365615845
Turner,0720,494,536,48.81213235649904,-116.3647394055714,0.6216632723808289
Turner,0720,554,544,48.79594694928747,-116.36146263651389,0.7766580581665039
Turner,0720,550,520,48.79702597643491,-116.3712929436864,0.9992046356201172
Turner,0720,527,523,48.803230382532675,-116.37006415528984,0.9981732368469238
Turner,0720,592,523,48.78569619138681,-116.37006415528984,0.9982951879501343
Turner,0720,542,523,48.79918403072978,-116.37006415528984,0.9992688298225403
Turner,0720,556,529,48.79540743571375,-116.3676065784967,0.9971140623092651
Turner,0720,481,521,48.81563919472821,-116.37088334755421,0.9648500084877014
Turner,0720,531,528,48.80215135538524,-116.3680161746289,0.9955174922943115
Turner,0720,500,523,48.81051381577788,-116.37006415528984,0.9909566640853882
Turner,0720,535,502,48.8010723282378,-116.37866567406579,0.9207748174667358
Turner,0720,532,551,48.80188159859838,-116.35859546358859,0.763286292552948
Turner,0720,475,527,48.81725773544937,-116.36842577076109,0.9460594058036804
Turner,0720,580,518,48.78893327282913,-116.37211213595077,0.8847700357437134
Turner,0720,521,539,48.804848923253836,-116.36351061717484,0.9799233078956604
Turner,0720,527,522,48.803230382532675,-116.37047375142203,0.9987487196922302
Turner,0720,468,521,48.819146032957384,-116.37088334755421,0.6932374238967896
Turner,0720,448,507,48.82454116869457,-116.37661769340484,0.7700217962265015
Turner,0720,584,541,48.787854245681686,-116.36269142491045,0.6871400475502014
Turner,0720,458,517,48.82184360082598,-116.37252173208297,0.5395165085792542
Turner,0720,573,514,48.790821570337144,-116.37375052047953,0.8567436337471008
Turner,0720,540,522,48.799723544303504,-116.37047375142203,0.9997444152832031
Turner,0720,525,526,48.803769896106395,-116.36883536689328,0.9954622983932495
Turner,0720,486,530,48.814290410793916,-116.36719698236452,0.8889771103858948
Turner,0720,524,542,48.80403965289325,-116.36228182877826,0.9499646425247192
Turner,0720,550,544,48.79702597643491,-116.36146263651389,0.926703691482544
Turner,0720,544,553,48.79864451715606,-116.3577762713242,0.9547269940376282
Turner,0720,496,527,48.81159284292532,-116.36842577076109,0.9898248910903931
Turner,0720,592,537,48.78569619138681,-116.36432980943921,0.966137170791626
Turner,0720,586,538,48.787314732107966,-116.36392021330703,0.953864574432373
Turner,0720,564,537,48.793249381418875,-116.36432980943921,0.9970765709877014
Turner,0720,552,504,48.79648646286119,-116.37784648180141,0.996790885925293
Turner,0720,584,522,48.787854245681686,-116.37047375142203,0.971785843372345
Turner,0720,559,552,48.79459816535317,-116.35818586745638,0.6375055909156799
Turner,0720,500,529,48.81051381577788,-116.3676065784967,0.9901123642921448
